dataset,scope,position,finite_count,missing_count,nonfinite_count,min,max,mean,std_population
test2,测试集,0,80,0,0,-0.262161371,0.03213,-0.03989107516249999,0.04509948044244549
test2,测试集,1,80,0,0,-0.25937378,0.03198,-0.03931687114999999,0.04462785510892457
test2,测试集,2,80,0,0,-0.25662163,0.03183,-0.03874652426250001,0.04416402992452849
test2,测试集,3,80,0,0,-0.253878513,0.03168,-0.03817903277500001,0.043706559168124444
test2,测试集,4,80,0,0,-0.251148661,0.03153,-0.037613874374999995,0.04325490222108798
test2,测试集,5,80,0,0,-0.248417114,0.03137,-0.03705021999999998,0.042807716448275586
test2,测试集,6,80,0,0,-0.24568465,0.03122,-0.03648753734999998,0.04236579252814956
test2,测试集,7,80,0,0,-0.242961057,0.03106,-0.03592607156250001,0.04192918796720292
test2,测试集,8,80,0,0,-0.240237899,0.03091,-0.035364961625,0.04149734082336208
test2,测试集,9,80,0,0,-0.237512573,0.03075,-0.03480419535000001,0.04107001757423732
test2,测试集,10,80,0,0,-0.234795269,0.03059,-0.0342435067,0.04064832629813703
test2,测试集,11,80,0,0,-0.232082821,0.03043,-0.033683099037500004,0.040231910593987535
test2,测试集,12,80,0,0,-0.229368819,0.03027,-0.033122896750000005,0.03982061627952062
test2,测试集,13,80,0,0,-0.226656135,0.0301,-0.0325629720375,0.039414427914713474
test2,测试集,14,80,0,0,-0.22394838,0.02994,-0.032003224262500005,0.03901440322221157
test2,测试集,15,80,0,0,-0.221244328,0.02977,-0.031444003125,0.03862038529774964
test2,测试集,16,80,0,0,-0.218535639,0.02961,-0.030884473975,0.038231892191339864
test2,测试集,17,80,0,0,-0.215824839,0.02944,-0.030324766250000006,0.037849077796853536
test2,测试集,18,80,0,0,-0.213115026,0.02927,-0.029765317750000003,0.037472539791492475
test2,测试集,19,80,0,0,-0.210399616,0.0291,-0.029205841325000016,0.03710203676581155
test2,测试集,20,80,0,0,-0.207679177,0.02893,-0.02864626538749999,0.03673779814864085
test2,测试集,21,80,0,0,-0.2049614,0.02876,-0.028086665712499997,0.0363804236515125
test2,测试集,22,80,0,0,-0.202249389,0.02859,-0.027527383837500013,0.03603049292639743
test2,测试集,23,80,0,0,-0.199542789,0.02841,-0.026968561224999993,0.035687973481708386
test2,测试集,24,80,0,0,-0.196838313,0.02824,-0.026409765925000002,0.03535307085792273
test2,测试集,25,80,0,0,-0.194132347,0.02806,-0.025851294762499998,0.03502525925528471
test2,测试集,26,80,0,0,-0.191427904,0.02788,-0.025292816112499998,0.0347054943226522
test2,测试集,27,80,0,0,-0.188720012,0.02771,-0.024734246999999994,0.03439365411949969
test2,测试集,28,80,0,0,-0.186008632,0.02753,-0.024175804125,0.034089440817012755
test2,测试集,29,80,0,0,-0.183298976,0.02735,-0.023617698750000003,0.033793554596421596
test2,测试集,30,80,0,0,-0.18058894,0.02717,-0.0230596439875,0.033506281224460005
test2,测试集,31,80,0,0,-0.177881279,0.02698,-0.0225016639875,0.03322766638690904
test2,测试集,32,80,0,0,-0.175175839,0.0268,-0.0219436522125,0.032958195165192064
test2,测试集,33,80,0,0,-0.172471109,0.02662,-0.0213854911,0.03269809213236712
test2,测试集,34,80,0,0,-0.169764579,0.02643,-0.0208273238875,0.03244718127051534
test2,测试集,35,80,0,0,-0.167064012,0.02624,-0.0202695419875,0.03220627320668302
test2,测试集,36,80,0,0,-0.164358814,0.02606,-0.019711676737500003,0.03197529337288784
test2,测试集,37,80,0,0,-0.161641563,0.02587,-0.019153907087499998,0.03175354508013591
test2,测试集,38,80,0,0,-0.158924784,0.02568,-0.018596303887500002,0.031542125101904364
test2,测试集,39,80,0,0,-0.156213166,0.02549,-0.018038685475,0.03134151627490817
test2,测试集,40,80,0,0,-0.153504543,0.0253,-0.017481368662500003,0.031151471714271316
test2,测试集,41,80,0,0,-0.150792269,0.02511,-0.016923873175,0.030972345011465473
test2,测试集,42,80,0,0,-0.148082966,0.02492,-0.016366650437500005,0.0308043255229825
test2,测试集,43,80,0,0,-0.145376362,0.02473,-0.015809322749999993,0.030647647220403484
test2,测试集,44,80,0,0,-0.142674204,0.024585426,-0.01525206517499999,0.03050272273873705
test2,测试集,45,80,0,0,-0.139979149,0.025045335,-0.014695354325000007,0.030369429441308906
test2,测试集,46,80,0,0,-0.137278545,0.02550388,-0.014138384274999995,0.030247646529828077
test2,测试集,47,80,0,0,-0.134575615,0.025960518,-0.013581651625000002,0.030137331035462074
test2,测试集,48,80,0,0,-0.131881381,0.026416672,-0.013025172712499995,0.03003942891892401
test2,测试集,49,80,0,0,-0.129193626,0.026871963,-0.012469024362500001,0.029953701858448648
test2,测试集,50,80,0,0,-0.126500878,0.027325442,-0.011912686375,0.02987988915789429
test2,测试集,51,80,0,0,-0.123802433,0.027777435,-0.011356132437499998,0.029818108638674568
test2,测试集,52,80,0,0,-0.12110894,0.028228366,-0.010799906212499997,0.02976890193267701
test2,测试集,53,80,0,0,-0.118411596,0.028678859,-0.010243612849999998,0.02973195180294931
test2,测试集,54,80,0,0,-0.115711697,0.029129607,-0.009687455199999995,0.029707101529492692
test2,测试集,55,80,0,0,-0.113010012,0.029578912,-0.0091313553875,0.0296945255342682
test2,测试集,56,80,0,0,-0.110305214,0.030025975,-0.00857511695,0.029694444781029807
test2,测试集,57,80,0,0,-0.109267234,0.030471573,-0.0080190205625,0.029706980302003527
test2,测试集,58,80,0,0,-0.108498108,0.030915204,-0.007463148912499999,0.029732094212568956
test2,测试集,59,80,0,0,-0.10772927,0.033523874,-0.0069072138625,0.02976957535058078
test2,测试集,60,80,0,0,-0.10696064,0.036536896,-0.006351420699999997,0.029819250240249034
test2,测试集,61,80,0,0,-0.106192339,0.039552526,-0.0057957630125000026,0.029881108430108556
test2,测试集,62,80,0,0,-0.105424398,0.042571785,-0.0052402287875000005,0.02995494745853476
test2,测试集,63,80,0,0,-0.104656332,0.045590608,-0.004684881487500002,0.03004078268251517
test2,测试集,64,80,0,0,-0.103888223,0.048601722,-0.004129712924999999,0.03013843337234149
test2,测试集,65,80,0,0,-0.103120514,0.051611996,-0.0035747938125,0.030247989234322342
test2,测试集,66,80,0,0,-0.102352415,0.054630235,-0.003019805987500001,0.030369569167439218
test2,测试集,67,80,0,0,-0.10158396,0.057648253,-0.0024646151749999996,0.030502867435379406
test2,测试集,68,80,0,0,-0.100815906,0.060663456,-0.0019096129124999996,0.030647546431504965
test2,测试集,69,80,0,0,-0.100049433,0.063679021,-0.0013545546875,0.030803288037987014
test2,测试集,70,80,0,0,-0.09928346,0.0666947,-0.0007998658125000016,0.030970034573822317
test2,测试集,71,80,0,0,-0.098516327,0.0697105,-0.00024531610000000034,0.031148030023247533
test2,测试集,72,80,0,0,-0.097750261,0.072726076,0.0003091907124999978,0.03133664251217483
test2,测试集,73,80,0,0,-0.097618157,0.075741044,0.0008635586375000005,0.0315357710040804
test2,测试集,74,80,0,0,-0.097685042,0.078755494,0.0014178955374999995,0.0317451087970872
test2,测试集,75,80,0,0,-0.097751861,0.081769785,0.001972048312500001,0.031964382285674726
test2,测试集,76,80,0,0,-0.097814165,0.084782003,0.0025259452124999993,0.03219354428370595
test2,测试集,77,80,0,0,-0.097869031,0.087793526,0.003079736450000001,0.03243251136905071
test2,测试集,78,80,0,0,-0.097919462,0.090804591,0.0036332993874999982,0.03268072673003422
test2,测试集,79,80,0,0,-0.097966678,0.093816182,0.004186517625000002,0.03293794604600501
test2,测试集,80,80,0,0,-0.098008954,0.09682747,0.004739464187499999,0.03320391749041018
test2,测试集,81,80,0,0,-0.098048084,0.099840996,0.0052920989875,0.03347850176482581
test2,测试集,82,80,0,0,-0.098085228,0.102860093,0.005844477512500001,0.03376216290137301
test2,测试集,83,80,0,0,-0.098118913,0.105879901,0.0063964127375,0.03405413249263366
test2,测试集,84,80,0,0,-0.098148889,0.108895924,0.006947405712500003,0.03435338007838329
test2,测试集,85,80,0,0,-0.098175341,0.111904838,0.007497550887500003,0.034659568873535676
test2,测试集,86,80,0,0,-0.098198829,0.114911601,0.008046764724999995,0.03497242779380721
test2,测试集,87,80,0,0,-0.098220891,0.117920577,0.0085945694,0.035291595757347895
test2,测试集,88,80,0,0,-0.098240612,0.120928116,0.009140904487499999,0.03561656956071434
test2,测试集,89,80,0,0,-0.09825619,0.123935408,0.009685273412499994,0.03594700214013889
test2,测试集,90,80,0,0,-0.098269128,0.126946309,0.010227504262500001,0.03628263522391882
test2,测试集,91,80,0,0,-0.098280115,0.129959061,0.010766942387500006,0.03662267185894068
test2,测试集,92,80,0,0,-0.098288159,0.132970234,0.011302605225000002,0.03696537441768529
test2,测试集,93,80,0,0,-0.098293968,0.135977023,0.011832913375,0.0373084318652383
test2,测试集,94,80,0,0,-0.098297002,0.138983594,0.012356030300000003,0.03764905489578596
test2,测试集,95,80,0,0,-0.098294897,0.141985753,0.012868205475,0.037981608956803796
test2,测试集,96,80,0,0,-0.098286828,0.144942311,0.013363450975,0.03829672344503924
test2,测试集,97,80,0,0,-0.098276931,0.147793555,0.013831561062500006,0.038579368416752205
test2,测试集,98,80,0,0,-0.098266158,0.150488518,0.014259859774999998,0.03880796799713425
test2,测试集,99,80,0,0,-0.098255198,0.152937617,0.014638478999999987,0.03896405325334924
test2,测试集,100,80,0,0,-0.098243422,0.15477749,0.014962001737499998,0.03902965948178665
test2,测试集,101,80,0,0,-0.098228081,0.155664796,0.015230251537499993,0.03899356362813967
test2,测试集,102,80,0,0,-0.098207788,0.155685978,0.0154546911375,0.03887231046284551
test2,测试集,103,80,0,0,-0.098181335,0.155305587,0.0156572566875,0.03871257808690451
test2,测试集,104,80,0,0,-0.098152847,0.154900543,0.015854143149999993,0.038550505343898256
test2,测试集,105,80,0,0,-0.098124175,0.154515192,0.0160495282125,0.0383934904218323
test2,测试集,106,80,0,0,-0.098089828,0.154140333,0.01624583609999999,0.03824230245235702
test2,测试集,107,80,0,0,-0.098049628,0.153764589,0.016443391137500006,0.03809605821411786
test2,测试集,108,80,0,0,-0.098007235,0.153386732,0.016642103275,0.037954090648944463
test2,测试集,109,80,0,0,-0.097960314,0.153016367,0.016840303350000006,0.03781594518936513
test2,测试集,110,80,0,0,-0.097907481,0.152651799,0.0170386922875,0.037681681562154054
test2,测试集,111,80,0,0,-0.097852658,0.152285197,0.017237795162500003,0.037551348620590605
test2,测试集,112,80,0,0,-0.097796957,0.151920095,0.017437461825,0.037425126185210496
test2,测试集,113,80,0,0,-0.097736286,0.151553584,0.017636198412499998,0.037302415121748235
test2,测试集,114,80,0,0,-0.097670517,0.151185658,0.0178340679625,0.03718300063840991
test2,测试集,115,80,0,0,-0.097603006,0.150824163,0.0180323571125,0.03706776681146817
test2,测试集,116,80,0,0,-0.097531211,0.150465696,0.018231345375000003,0.036956975801659665
test2,测试集,117,80,0,0,-0.097451896,0.150106679,0.018430414675,0.03685031649412681
test2,测试集,118,80,0,0,-0.097369109,0.149754111,0.018629365862500004,0.03674772405675164
test2,测试集,119,80,0,0,-0.09728489,0.149400267,0.018828197312500006,0.03664904438694198
test2,测试集,120,80,0,0,-0.097197579,0.149040795,0.0190271171375,0.036554344093220656
test2,测试集,121,80,0,0,-0.097106312,0.148681107,0.019225798762500003,0.03646357312785396
test2,测试集,122,80,0,0,-0.097010828,0.148325689,0.0194244288,0.03637668250017944
test2,测试集,123,80,0,0,-0.096913194,0.147971653,0.019622720674999997,0.03629388131447396
test2,测试集,124,80,0,0,-0.09681213,0.147616791,0.0198210219125,0.036215142223550996
test2,测试集,125,80,0,0,-0.096704362,0.14726283,0.020019343437499993,0.03614040991405381
test2,测试集,126,80,0,0,-0.096592174,0.146905207,0.020217497550000005,0.036069656873309514
test2,测试集,127,80,0,0,-0.096476987,0.14655154,0.0204156791,0.036003284157216583
test2,测试集,128,80,0,0,-0.096357036,0.146202109,0.0206142526625,0.0359413854539855
test2,测试集,129,80,0,0,-0.096232444,0.145850367,0.020812453575,0.03588337430215655
test2,测试集,130,80,0,0,-0.096106207,0.14549601,0.02101041484999999,0.03582921846134615
test2,测试集,131,80,0,0,-0.095977233,0.145138639,0.021208282275000004,0.035779337660927064
test2,测试集,132,80,0,0,-0.095844219,0.144777567,0.021406361262500007,0.03573349487101408
test2,测试集,133,80,0,0,-0.095708397,0.144419137,0.021604453712500006,0.035692142830849094
test2,测试集,134,80,0,0,-0.095568079,0.144068284,0.021802183149999998,0.03565546530695843
test2,测试集,135,80,0,0,-0.09542332,0.143720581,0.021999887674999996,0.03562272625067525
test2,测试集,136,80,0,0,-0.09527347,0.143372411,0.022197463074999996,0.03559398843185753
test2,测试集,137,80,0,0,-0.095118366,0.143020725,0.02239478093749999,0.03556954233399614
test2,测试集,138,80,0,0,-0.094961524,0.142664665,0.0225920626375,0.03554903678690398
test2,测试集,139,80,0,0,-0.094801404,0.142310297,0.02278910553750001,0.03553273608768928
test2,测试集,140,80,0,0,-0.094637068,0.141957771,0.0229863220625,0.03552089235664786
test2,测试集,141,80,0,0,-0.094468942,0.141607365,0.023183479287499996,0.035513441743258
test2,测试集,142,80,0,0,-0.094296956,0.141257177,0.023380170850000003,0.03551010502276983
test2,测试集,143,80,0,0,-0.09412213,0.140899196,0.023576865012500007,0.035510789258603945
test2,测试集,144,80,0,0,-0.093941956,0.140542431,0.023773500687499994,0.035516085916144136
test2,测试集,145,80,0,0,-0.093757312,0.140191991,0.023970210512499996,0.03552580639783932
test2,测试集,146,80,0,0,-0.093568943,0.139843627,0.024166680900000008,0.035539737420883455
test2,测试集,147,80,0,0,-0.093377095,0.139497076,0.024363100399999997,0.0355574237375641
test2,测试集,148,80,0,0,-0.093181381,0.139148826,0.024559146250000004,0.03557881484788387
test2,测试集,149,80,0,0,-0.092981971,0.139077842,0.024755170212500004,0.035604187520827606
test2,测试集,150,80,0,0,-0.092780752,0.141737846,0.024950879812500014,0.03563417300972141
test2,测试集,151,80,0,0,-0.092576381,0.144399434,0.0251466257125,0.03566839534541667
test2,测试集,152,80,0,0,-0.092368224,0.147060484,0.025342124750000007,0.03570689900486663
test2,测试集,153,80,0,0,-0.092158078,0.149720753,0.025537624175000006,0.03574941230309914
test2,测试集,154,80,0,0,-0.09194603,0.15237762,0.025732804625,0.035796144719351074
test2,测试集,155,80,0,0,-0.091727952,0.155029676,0.025927680187500003,0.03584632191601444
test2,测试集,156,80,0,0,-0.09150315,0.157685424,0.026122586425000004,0.035900653468178625
test2,测试集,157,80,0,0,-0.091276903,0.160347924,0.026317685649999995,0.0359596035607645
test2,测试集,158,80,0,0,-0.091050073,0.163011702,0.026512302687499996,0.03602281161209454
test2,测试集,159,80,0,0,-0.090818952,0.165674986,0.026706802699999994,0.03608966907054232
test2,测试集,160,80,0,0,-0.090584237,0.168335754,0.026900995574999982,0.03616039611469272
test2,测试集,161,80,0,0,-0.090346148,0.170994228,0.027095114712499997,0.03623522340196076
test2,测试集,162,80,0,0,-0.090104528,0.173650944,0.027289465324999995,0.03631414690635049
test2,测试集,163,80,0,0,-0.089857823,0.176314848,0.027483608587499993,0.03639745170921194
test2,测试集,164,80,0,0,-0.089606829,0.178980423,0.027677570937499996,0.03648474399011529
test2,测试集,165,80,0,0,-0.089355225,0.181640868,0.027871472374999994,0.03657573648843225
test2,测试集,166,80,0,0,-0.089099494,0.184296248,0.02806503242499999,0.03667007678301071
test2,测试集,167,80,0,0,-0.088837681,0.186944499,0.0282586165,0.03676770575287262
test2,测试集,168,80,0,0,-0.088571183,0.189597084,0.028451632787499993,0.03686933205154705
test2,测试集,169,80,0,0,-0.088302372,0.192251467,0.02864451052500001,0.03697448769977561
test2,测试集,170,80,0,0,-0.088031275,0.194906188,0.02883709022499999,0.037083532316182694
test2,测试集,171,80,0,0,-0.087755259,0.197563769,0.029029730799999997,0.03719650002807973
test2,测试集,172,80,0,0,-0.087477056,0.200217754,0.0292220804,0.03731304623827863
test2,测试集,173,80,0,0,-0.087195154,0.202869979,0.029414119787500005,0.03743293044046786
test2,测试集,174,80,0,0,-0.086907389,0.20552352,0.029605808487500003,0.037556275247046626
test2,测试集,175,80,0,0,-0.086617426,0.208175783,0.029797410312500015,0.03768309066930351
test2,测试集,176,80,0,0,-0.086325507,0.210819316,0.02998850403750001,0.03781312456738885
test2,测试集,177,80,0,0,-0.086029639,0.213459284,0.030179515687499985,0.03794611728643641
test2,测试集,178,80,0,0,-0.085728934,0.216101893,0.030369827649999993,0.038082485772250096
test2,测试集,179,80,0,0,-0.085424962,0.218739471,0.030560203525000003,0.03822173751820333
test2,测试集,180,80,0,0,-0.08511965,0.221379033,0.030750039200000016,0.038364605645297846
test2,测试集,181,80,0,0,-0.084810698,0.224021506,0.030939430799999983,0.038510555010720746
test2,测试集,182,80,0,0,-0.084496953,0.226663852,0.031128370987500004,0.03865924864811433
test2,测试集,183,80,0,0,-0.084179826,0.229306883,0.03131692362500001,0.03881080453497563
test2,测试集,184,80,0,0,-0.083859593,0.231951159,0.031505091750000006,0.038965302515336225
test2,测试集,185,80,0,0,-0.083536695,0.234596015,0.03169290979999999,0.039122740601573516
test2,测试集,186,80,0,0,-0.083210664,0.237225629,0.031880025575000005,0.039281710958128546
test2,测试集,187,80,0,0,-0.082882106,0.239845169,0.032066244050000005,0.03944230233401985
test2,测试集,188,80,0,0,-0.082553296,0.242466613,0.0322517674875,0.03960573316295628
test2,测试集,189,80,0,0,-0.082221419,0.245094068,0.03243661658750001,0.039771968350104756
test2,测试集,190,80,0,0,-0.081885116,0.247716982,0.032620481112500016,0.03993978922179278
test2,测试集,191,80,0,0,-0.081545476,0.250330296,0.032803028225,0.04010931350058165
test2,测试集,192,80,0,0,-0.081202498,0.252957877,0.03298455086249998,0.04028221203570795
test2,测试集,193,80,0,0,-0.080855757,0.25558974,0.033164138387500014,0.04045732613907562
test2,测试集,194,80,0,0,-0.080504744,0.258207736,0.033341147512499995,0.040632751751076085
test2,测试集,195,80,0,0,-0.080151772,0.260819769,0.0335150725,0.04080927973859944
test2,测试集,196,80,0,0,-0.079795633,0.263432154,0.033685658362499996,0.04098627872723295
test2,测试集,197,80,0,0,-0.079436152,0.266040583,0.03385140774999999,0.041162383199719974
test2,测试集,198,80,0,0,-0.07907449,0.268597707,0.034009814075,0.041331808009674835
test2,测试集,199,80,0,0,-0.078708107,0.270949713,0.0341557754,0.04148096198611337
test2,测试集,200,80,0,0,-0.078338136,0.272869388,0.03428348961250001,0.041589803766478466
test2,测试集,201,80,0,0,-0.077966392,0.274241976,0.034386913199999994,0.04164719616240853
test2,测试集,202,80,0,0,-0.077591209,0.275041342,0.03446504326250001,0.04164981026070807
test2,测试集,203,80,0,0,-0.077211852,0.27517111,0.03451785787500001,0.041591590674230974
test2,测试集,204,80,0,0,-0.076829277,0.274679525,0.034548075649999996,0.041478137687186854
test2,测试集,205,80,0,0,-0.076442339,0.273905451,0.034564199862500006,0.0413377836235316
test2,测试集,206,80,0,0,-0.076052211,0.273125831,0.03457515976249999,0.04119510392056881
test2,测试集,207,80,0,0,-0.075661104,0.27238087,0.03458496006250001,0.04105547422599558
test2,测试集,208,80,0,0,-0.075266059,0.271639505,0.034594856950000016,0.04091737010955389
test2,测试集,209,80,0,0,-0.074867642,0.270891197,0.03460472020000001,0.040780017027165376
test2,测试集,210,80,0,0,-0.074469078,0.27015314,0.034614793925,0.04064437662692197
test2,测试集,211,80,0,0,-0.074067958,0.269430972,0.03462551204999998,0.04051073826474953
test2,测试集,212,80,0,0,-0.073662831,0.26870836,0.034636223100000016,0.04037787528140969
test2,测试集,213,80,0,0,-0.073256345,0.267979757,0.034646878699999994,0.04024571161363244
test2,测试集,214,80,0,0,-0.072847457,0.267257499,0.034657797812499974,0.0401151099137173
test2,测试集,215,80,0,0,-0.072434009,0.266547821,0.03466875170000001,0.039986425566046424
test2,测试集,216,80,0,0,-0.072017472,0.265840526,0.03467963125000002,0.039859022064332165
test2,测试集,217,80,0,0,-0.071598551,0.265129168,0.034690126137499985,0.03973252261970904
test2,测试集,218,80,0,0,-0.07117781,0.264409065,0.0347002510125,0.03960608483649549
test2,测试集,219,80,0,0,-0.070755255,0.263689337,0.034710606062499996,0.03948036061235135
test2,测试集,220,80,0,0,-0.070328195,0.262969612,0.0347209484,0.039355400389972275
test2,测试集,221,80,0,0,-0.069899585,0.262245835,0.03473107893750001,0.03923123004953474
test2,测试集,222,80,0,0,-0.069471247,0.261525103,0.03474150737500001,0.039108333805471004
test2,测试集,223,80,0,0,-0.06903847,0.26080733,0.034751728375,0.03898668019385168
test2,测试集,224,80,0,0,-0.068601556,0.260087789,0.03476144191250001,0.03886595174339668
test2,测试集,225,80,0,0,-0.068162221,0.259365954,0.0347706861875,0.038745629710127245
test2,测试集,226,80,0,0,-0.067720113,0.258650905,0.0347795778,0.03862675079073699
test2,测试集,227,80,0,0,-0.067275264,0.257948506,0.034788489125,0.038509652306877765
test2,测试集,228,80,0,0,-0.066827511,0.257242787,0.034797304725000006,0.038393181685395295
test2,测试集,229,80,0,0,-0.066379117,0.256520933,0.034806135275,0.0382769050312884
test2,测试集,230,80,0,0,-0.065927813,0.255796975,0.034815149787500006,0.038161715607852094
test2,测试集,231,80,0,0,-0.065474198,0.255078243,0.034824161312499984,0.03804766097006619
test2,测试集,232,80,0,0,-0.065018326,0.254363421,0.034832579399999994,0.03793490633306571
test2,测试集,233,80,0,0,-0.064558484,0.253648819,0.0348409681625,0.03782306152538994
test2,测试集,234,80,0,0,-0.064097019,0.252932006,0.0348490893625,0.03771252874849537
test2,测试集,235,80,0,0,-0.06363281,0.252217818,0.034857091524999995,0.03760316353724359
test2,测试集,236,80,0,0,-0.063166702,0.251506205,0.03486517838750001,0.03749524562206652
test2,测试集,237,80,0,0,-0.062699802,0.250793151,0.03487299781250001,0.03738822823178154
test2,测试集,238,80,0,0,-0.062230605,0.250077434,0.034880699612499996,0.037282013025556095
test2,测试集,239,80,0,0,-0.061759941,0.249370379,0.0348883109,0.03717731578152434
test2,测试集,240,80,0,0,-0.061286684,0.248670969,0.0348958005625,0.03707416297505918
test2,测试集,241,80,0,0,-0.060809843,0.247962223,0.0349029672375,0.03697150467777551
test2,测试集,242,80,0,0,-0.060329731,0.247251075,0.034909796925000014,0.03686984206781495
test2,测试集,243,80,0,0,-0.059847211,0.246541811,0.034916697575,0.03676943132802485
test2,测试集,244,80,0,0,-0.059364127,0.245829744,0.034923123275,0.03666998373683765
test2,测试集,245,80,0,0,-0.05887819,0.24512094,0.0349299620375,0.03657176166583755
test2,测试集,246,80,0,0,-0.058389156,0.244410093,0.034936250724999986,0.03647481373798255
test2,测试集,247,80,0,0,-0.057897378,0.243692183,0.03494240011250001,0.03637822713445374
test2,测试集,248,80,0,0,-0.05740388,0.242978114,0.034948502437500015,0.036283621211422284
test2,测试集,249,80,0,0,-0.056909172,0.242269871,0.03495458505,0.03619051624289053
test2,测试集,250,80,0,0,-0.056409672,0.241564175,0.03496060226250002,0.0360986305016751
test2,测试集,251,80,0,0,-0.055907746,0.240863651,0.034966535450000016,0.036008403290103165
test2,测试集,252,80,0,0,-0.055405224,0.240162867,0.034972056999999994,0.03591959851422976
test2,测试集,253,80,0,0,-0.054898944,0.239457341,0.03497742293750001,0.03583142342911179
test2,测试集,254,80,0,0,-0.054390609,0.23875008,0.03498278808750001,0.035744123514651886
test2,测试集,255,80,0,0,-0.053881591,0.238043557,0.0349879471125,0.035658201292922645
test2,测试集,256,80,0,0,-0.053371531,0.237344122,0.034992694837500005,0.03557405658400312
test2,测试集,257,80,0,0,-0.052857537,0.236639678,0.03499760003750001,0.035490898238229256
test2,测试集,258,80,0,0,-0.052340861,0.235929945,0.03500231066249998,0.03540866416185603
test2,测试集,259,80,0,0,-0.051823549,0.235229729,0.03500685872500001,0.03532861913136623
test2,测试集,260,80,0,0,-0.051303046,0.234533346,0.0350115219125,0.03524971627926093
test2,测试集,261,80,0,0,-0.050779076,0.233839315,0.035015946787499995,0.035172137677571796
test2,测试集,262,80,0,0,-0.050255209,0.233144524,0.035020441675000014,0.03509597273291791
test2,测试集,263,80,0,0,-0.049732965,0.232446992,0.0350246305,0.03502135708880602
test2,测试集,264,80,0,0,-0.049208672,0.231753147,0.0350286682625,0.034948297278676314
test2,测试集,265,80,0,0,-0.048680239,0.231059179,0.035032657512499996,0.03487646205543974
test2,测试集,266,80,0,0,-0.048150396,0.230362187,0.035036388587499995,0.034805806664494975
test2,测试集,267,80,0,0,-0.047620059,0.229667772,0.03503985675000001,0.0347367717255241
test2,测试集,268,80,0,0,-0.047085245,0.228970519,0.035043424000000004,0.034668736838923596
test2,测试集,269,80,0,0,-0.046546967,0.228265369,0.035046608374999996,0.03460170619059114
test2,测试集,270,80,0,0,-0.046010397,0.22756201,0.035049375574999986,0.03453620830467196
test2,测试集,271,80,0,0,-0.045471506,0.226867449,0.035052256000000004,0.03447237158722965
test2,测试集,272,80,0,0,-0.044927828,0.226169866,0.0350548093,0.034409733053878115
test2,测试集,273,80,0,0,-0.044382723,0.225465477,0.0350569011125,0.034348309242009926
test2,测试集,274,80,0,0,-0.043836212,0.224759437,0.03505891031249998,0.03428801882278404
test2,测试集,275,80,0,0,-0.0436147,0.224054761,0.03506073191249999,0.03422933729745357
test2,测试集,276,80,0,0,-0.043473008,0.223347008,0.0350623861875,0.0341717744765317
test2,测试集,277,80,0,0,-0.043329649,0.222640181,0.035063875225000006,0.03411561831347575
test2,测试集,278,80,0,0,-0.043184647,0.221943186,0.03506501934999999,0.03406222590473425
test2,测试集,279,80,0,0,-0.043038068,0.221247531,0.03506628255,0.03401030758775725
test2,测试集,280,80,0,0,-0.042889582,0.220550774,0.035067133499999986,0.033959562805305675
test2,测试集,281,80,0,0,-0.042739374,0.219850947,0.035067481850000005,0.033910376331120186
test2,测试集,282,80,0,0,-0.04258761,0.219154028,0.03506808576249999,0.03386260096212523
test2,测试集,283,80,0,0,-0.042434363,0.21845671,0.035068442937499986,0.03381648543621272
test2,测试集,284,80,0,0,-0.042279751,0.217761774,0.035068654837500025,0.03377219817959387
test2,测试集,285,80,0,0,-0.042123469,0.217073451,0.03506842183750001,0.03372991315006569
test2,测试集,286,80,0,0,-0.041965341,0.216377476,0.03506772628749999,0.03368847223408361
test2,测试集,287,80,0,0,-0.041805529,0.215683835,0.0350667389,0.03364888358681887
test2,测试集,288,80,0,0,-0.041644074,0.21499847,0.03506590297499999,0.03361126285019135
test2,测试集,289,80,0,0,-0.041480845,0.214309502,0.03506434777499999,0.03357522987921648
test2,测试集,290,80,0,0,-0.041316022,0.213620719,0.035062582675,0.033540456079089065
test2,测试集,291,80,0,0,-0.041149737,0.212935058,0.035060425162500006,0.033507731684771884
test2,测试集,292,80,0,0,-0.040981901,0.212247925,0.03505784544999999,0.03347631263725835
test2,测试集,293,80,0,0,-0.040812664,0.211561495,0.035054766587500015,0.03344642964421501
test2,测试集,294,80,0,0,-0.040641869,0.210877984,0.03505122207500001,0.033418012549441066
test2,测试集,295,80,0,0,-0.040469521,0.210187151,0.035046827425,0.033390132430465125
test2,测试集,296,80,0,0,-0.040295924,0.209496117,0.03504104677500001,0.0333636811084823
test2,测试集,297,80,0,0,-0.040120892,0.208808537,0.03503376317500002,0.033338003844355264
test2,测试集,298,80,0,0,-0.039944081,0.208114626,0.03502457588750002,0.03331191120562293
test2,测试集,299,80,0,0,-0.039765486,0.207419425,0.03501322366249999,0.0332858061315875
test2,测试集,300,80,0,0,-0.039585293,0.206722768,0.03499935687500001,0.033260045616790426
test2,测试集,301,80,0,0,-0.039403751,0.206029802,0.0349835522875,0.033233871975063244
test2,测试集,302,80,0,0,-0.03922105,0.205337385,0.03496388584999999,0.033204688593898864
test2,测试集,303,80,0,0,-0.039036925,0.204648155,0.03493870260000002,0.03316802030349072
test2,测试集,304,80,0,0,-0.038851163,0.203965209,0.0349062913375,0.033121827005223356
test2,测试集,305,80,0,0,-0.038663945,0.203275135,0.03486508448750002,0.033064564698805275
test2,测试集,306,80,0,0,-0.038475189,0.202583806,0.03481493231249999,0.03299482533013943
test2,测试集,307,80,0,0,-0.038284586,0.201893342,0.034755293425000014,0.0329094189977952
test2,测试集,308,80,0,0,-0.038092086,0.201201371,0.034689355625,0.03281412557834657
test2,测试集,309,80,0,0,-0.037897945,0.200513309,0.03462209126250002,0.032718476279785164
test2,测试集,310,80,0,0,-0.037702286,0.1998264,0.034555135387500005,0.032624176849909085
test2,测试集,311,80,0,0,-0.037505145,0.199143096,0.034488047074999986,0.03253118691309522
test2,测试集,312,80,0,0,-0.03730647,0.198456933,0.03442051431250001,0.032439017189745255
test2,测试集,313,80,0,0,-0.037106245,0.197764107,0.0343529883375,0.03234692491677268
test2,测试集,314,80,0,0,-0.03690465,0.197077609,0.034285301124999994,0.032256291857112714
test2,测试集,315,80,0,0,-0.036701553,0.196389301,0.034217683250000006,0.03216644034570843
test2,测试集,316,80,0,0,-0.036497049,0.195688971,0.034149886962499994,0.03207680461666038
test2,测试集,317,80,0,0,-0.036291427,0.194989434,0.034081977712499996,0.03198838627361185
test2,测试集,318,80,0,0,-0.036084746,0.194294731,0.034014312350000006,0.031900706806650574
test2,测试集,319,80,0,0,-0.035877031,0.193604827,0.03394659257500002,0.03181469211735549
test2,测试集,320,80,0,0,-0.035668067,0.192920395,0.0338787201625,0.03172988863282745
test2,测试集,321,80,0,0,-0.035457658,0.192235794,0.03381046368750002,0.031645764277860325
test2,测试集,322,80,0,0,-0.035245695,0.191548918,0.03374183735000001,0.03156221213228307
test2,测试集,323,80,0,0,-0.035032186,0.19085593,0.033673179525000006,0.03147923450064287
test2,测试集,324,80,0,0,-0.03482,0.190158524,0.03360406628749999,0.031397084279120024
test2,测试集,325,80,0,0,-0.03494,0.189467969,0.033535235675,0.031316278426730314
test2,测试集,326,80,0,0,-0.03506,0.188782447,0.03346617226249999,0.03123690011312963
test2,测试集,327,80,0,0,-0.03518,0.188096364,0.03339691843750001,0.03115849416466092
test2,测试集,328,80,0,0,-0.0353,0.187411273,0.033327543225,0.031081091108948786
test2,测试集,329,80,0,0,-0.03541,0.186728881,0.03325814908750001,0.031004488420381768
test2,测试集,330,80,0,0,-0.03552,0.186045789,0.0331885345875,0.030928778483692913
test2,测试集,331,80,0,0,-0.03564,0.185360777,0.033118669125,0.030854262711295596
test2,测试集,332,80,0,0,-0.03575,0.184677242,0.033048828737499994,0.03078063399896607
test2,测试集,333,80,0,0,-0.03586,0.183992876,0.03297880406250001,0.03070806412524705
test2,测试集,334,80,0,0,-0.03596,0.183308966,0.03290863896249999,0.030636454284812372
test2,测试集,335,80,0,0,-0.03607,0.182628835,0.032838258775,0.030566292796946785
test2,测试集,336,80,0,0,-0.03618,0.181945194,0.0327676893375,0.03049678623607159
test2,测试集,337,80,0,0,-0.03628,0.181251839,0.03269688484999999,0.030427500976959388
test2,测试集,338,80,0,0,-0.03638,0.180561386,0.032626179525,0.030359381656612464
test2,测试集,339,80,0,0,-0.03648,0.179880601,0.032555099125,0.030293058868975726
test2,测试集,340,80,0,0,-0.03658,0.179200979,0.03248401498750001,0.030228060791503236
test2,测试集,341,80,0,0,-0.03668,0.178521872,0.03241283025,0.030164199192505698
test2,测试集,342,80,0,0,-0.03678,0.177843506,0.0323413868125,0.030101412722255437
test2,测试集,343,80,0,0,-0.03687,0.177165973,0.0322698074125,0.030039509003133815
test2,测试集,344,80,0,0,-0.03697,0.17649115,0.0321982288625,0.029979280935026643
test2,测试集,345,80,0,0,-0.03706,0.175810589,0.032126455812499996,0.02991972526120038
test2,测试集,346,80,0,0,-0.03715,0.175125571,0.0320540241125,0.029861000904712935
test2,测试集,347,80,0,0,-0.03724,0.174447225,0.0319814821375,0.02980363551493253
test2,测试集,348,80,0,0,-0.03733,0.173769789,0.03190888530000001,0.029747321875283297
test2,测试集,349,80,0,0,-0.03742,0.173089242,0.03183610206249998,0.02969200313170532
test2,测试集,350,80,0,0,-0.0375,0.17240837,0.031763290237500005,0.029637443456361656
test2,测试集,351,80,0,0,-0.03759,0.171725261,0.03169003658749999,0.02958421506812246
test2,测试集,352,80,0,0,-0.03767,0.171040035,0.03161680036249999,0.029531902726813847
test2,测试集,353,80,0,0,-0.03775,0.17035126,0.031543641987499996,0.029480659019484108
test2,测试集,354,80,0,0,-0.03783,0.169666671,0.03147023218749999,0.029430929480662976
test2,测试集,355,80,0,0,-0.03791,0.168989563,0.031396722,0.029382807636310845
test2,测试集,356,80,0,0,-0.03799,0.1683106,0.0313230327125,0.029335776982275973
test2,测试集,357,80,0,0,-0.03806,0.16763242,0.0312492040875,0.02928983818225362
test2,测试集,358,80,0,0,-0.03814,0.1669563,0.0311750734625,0.02924549900923395
test2,测试集,359,80,0,0,-0.03821,0.166280227,0.031101051087499998,0.029202106532947275
test2,测试集,360,80,0,0,-0.03828,0.165607611,0.031026866062500002,0.029160336155728096
test2,测试集,361,80,0,0,-0.03835,0.164936522,0.030952568037499982,0.02911993848576806
test2,测试集,362,80,0,0,-0.03842,0.164258658,0.030878057900000005,0.029080471194229268
test2,测试集,363,80,0,0,-0.03848,0.163576236,0.03080337042500001,0.02904174329386275
test2,测试集,364,80,0,0,-0.03855,0.162898574,0.030728738425000006,0.029004740659740305
test2,测试集,365,80,0,0,-0.03861,0.162220898,0.030653853487500004,0.028968826530172378
test2,测试集,366,80,0,0,-0.03868,0.161541813,0.0305786749875,0.02893439558857223
test2,测试集,367,80,0,0,-0.03874,0.160868371,0.030503450862499996,0.028901241081334003
test2,测试集,368,80,0,0,-0.0388,0.160199166,0.030427997837500005,0.02886954651921471
test2,测试集,369,80,0,0,-0.03885,0.159530496,0.030352580112500006,0.028838861507565233
test2,测试集,370,80,0,0,-0.03891,0.158859033,0.030276446762500003,0.02880990348698226
test2,测试集,371,80,0,0,-0.03896,0.158179947,0.030200466174999996,0.028781499217571973
test2,测试集,372,80,0,0,-0.03902,0.157497841,0.03012423367499999,0.0287545705886251
test2,测试集,373,80,0,0,-0.03907,0.156815174,0.030047767000000003,0.02872859699820554
test2,测试集,374,80,0,0,-0.03912,0.156138198,0.029971240274999995,0.028704225966769012
test2,测试集,375,80,0,0,-0.03917,0.155466104,0.029894448575000003,0.028681600258337034
test2,测试集,376,80,0,0,-0.03922,0.154790466,0.02981780172500001,0.028660202426502433
test2,测试集,377,80,0,0,-0.03926,0.154112167,0.029740963999999998,0.028639834104063108
test2,测试集,378,80,0,0,-0.03931,0.15343111,0.029663919224999995,0.028620731208736958
test2,测试集,379,80,0,0,-0.03935,0.152745042,0.0295864270125,0.028602481831663563
test2,测试集,380,80,0,0,-0.03939,0.15205769,0.02950874729999999,0.028585600037847658
test2,测试集,381,80,0,0,-0.03943,0.151373856,0.029430967900000014,0.028570134254313515
test2,测试集,382,80,0,0,-0.03947,0.150692575,0.029352672312500012,0.028556120981211804
test2,测试集,383,80,0,0,-0.0395,0.150016803,0.029274490012500015,0.028543336429720574
test2,测试集,384,80,0,0,-0.03954,0.149341152,0.02919595540000001,0.02853214180587202
test2,测试集,385,80,0,0,-0.03957,0.148661973,0.029117268587499995,0.028521665783222714
test2,测试集,386,80,0,0,-0.0396,0.147989518,0.029038194375,0.02851263733854621
test2,测试集,387,80,0,0,-0.03964,0.147317642,0.0289588097625,0.028505029384797105
test2,测试集,388,80,0,0,-0.03966,0.146642591,0.028879121887500005,0.028497921142095036
test2,测试集,389,80,0,0,-0.03969,0.145973439,0.028799188987499995,0.02849240101297848
test2,测试集,390,80,0,0,-0.03972,0.145304179,0.028719034962500008,0.028487902532263173
test2,测试集,391,80,0,0,-0.03974,0.144626482,0.02863831042499999,0.02848385046191937
test2,测试集,392,80,0,0,-0.03976,0.144295561,0.028557267162499993,0.02848067870537504
test2,测试集,393,80,0,0,-0.03979,0.145047681,0.02847523551250002,0.028478460705285747
test2,测试集,394,80,0,0,-0.03981,0.145799329,0.02839279118749999,0.028476411495818657
test2,测试集,395,80,0,0,-0.03982,0.146549632,0.0283096976375,0.028475171386706407
test2,测试集,396,80,0,0,-0.03984,0.147300613,0.02822568753750001,0.02847506438936108
test2,测试集,397,80,0,0,-0.03985,0.148052584,0.0281407054875,0.02847553149906996
test2,测试集,398,80,0,0,-0.03987,0.148803591,0.02805431145,0.02847650995241338
test2,测试集,399,80,0,0,-0.03988,0.1495538,0.027966491862499998,0.028477330918692676
test2,测试集,400,80,0,0,-0.03989,0.150304876,0.0278767149625,0.028477939969907256
test2,测试集,401,80,0,0,-0.0399,0.151056474,0.027784902675000007,0.02847692239238954
test2,测试集,402,80,0,0,-0.03991,0.151808275,0.027690393887499987,0.02847342194804833
test2,测试集,403,80,0,0,-0.03991,0.152556321,0.02759327757499999,0.028466289240673615
test2,测试集,404,80,0,0,-0.03992,0.153279573,0.027492535275,0.028454611869149556
test2,测试集,405,80,0,0,-0.03992,0.15393962,0.02738787874999999,0.02843529175070182
test2,测试集,406,80,0,0,-0.03992,0.154502501,0.02727852325000001,0.02840697206794006
test2,测试集,407,80,0,0,-0.03992,0.154955514,0.027164944412499996,0.02836825164703058
test2,测试集,408,80,0,0,-0.03992,0.155239464,0.027046791912500014,0.02831562242276992
test2,测试集,409,80,0,0,-0.03992,0.155214319,0.02692223025,0.02824179332444715
test2,测试集,410,80,0,0,-0.03992,0.154844571,0.02679140476250001,0.028145542249572605
test2,测试集,411,80,0,0,-0.03991,0.154306351,0.02665725850000001,0.028038159882874326
test2,测试集,412,80,0,0,-0.03991,0.153756168,0.026522579387499995,0.02793029205359437
test2,测试集,413,80,0,0,-0.0399,0.153215475,0.02638836422500001,0.027823248982418607
test2,测试集,414,80,0,0,-0.03989,0.152677146,0.026254161950000004,0.027717188228138314
test2,测试集,415,80,0,0,-0.03988,0.152137846,0.026119733225000014,0.027611712175252122
test2,测试集,416,80,0,0,-0.03987,0.151599496,0.025985596112500002,0.027506887032936307
test2,测试集,417,80,0,0,-0.03985,0.151065478,0.02585159743749999,0.0274026452104121
test2,测试集,418,80,0,0,-0.03984,0.150533563,0.025717404425,0.027299494910995592
test2,测试集,419,80,0,0,-0.03982,0.150000476,0.025583135200000006,0.02719650931344868
test2,测试集,420,80,0,0,-0.0398,0.149468703,0.025448928850000004,0.02709373377356484
test2,测试集,421,80,0,0,-0.03978,0.148939412,0.025314492162500007,0.026991667356070736
test2,测试集,422,80,0,0,-0.03976,0.148410342,0.02518014942500001,0.026890220675214974
test2,测试集,423,80,0,0,-0.03974,0.14788071,0.02504561285,0.026789354067115276
test2,测试集,424,80,0,0,-0.03972,0.147350985,0.024910971062500002,0.02668903507288712
test2,测试集,425,80,0,0,-0.03969,0.146821361,0.02477619577499999,0.026588962665959635
test2,测试集,426,80,0,0,-0.03966,0.146292043,0.024641384725000003,0.026489029540635985
test2,测试集,427,80,0,0,-0.03964,0.145763561,0.024506078012500005,0.02638984250350503
test2,测试集,428,80,0,0,-0.03961,0.145236461,0.024370486900000005,0.026290689067609594
test2,测试集,429,80,0,0,-0.03957,0.144710689,0.024235119,0.02619185975823519
test2,测试集,430,80,0,0,-0.03954,0.144184482,0.024099477000000005,0.026094088893448514
test2,测试集,431,80,0,0,-0.03951,0.143659269,0.023963867425,0.025996966162639596
test2,测试集,432,80,0,0,-0.03947,0.143134764,0.023828334975000004,0.025900450057506075
test2,测试集,433,80,0,0,-0.03943,0.142610041,0.023692824937499992,0.025804490666830104
test2,测试集,434,80,0,0,-0.03939,0.142085948,0.0235570670125,0.02570909886743878
test2,测试集,435,80,0,0,-0.03935,0.141561471,0.023421176875000005,0.025613884216089886
test2,测试集,436,80,0,0,-0.03931,0.141036287,0.023285174037499995,0.0255190983783508
test2,测试集,437,80,0,0,-0.03927,0.140511302,0.023149241962500004,0.025425463335226297
test2,测试集,438,80,0,0,-0.03922,0.139987206,0.023013454587500003,0.025332347222929714
test2,测试集,439,80,0,0,-0.03917,0.139463295,0.02287710713750001,0.02523947335152114
test2,测试集,440,80,0,0,-0.03913,0.138939448,0.022740568574999995,0.02514714865318764
test2,测试集,441,80,0,0,-0.03908,0.138416031,0.022604063262499995,0.025055214164050495
test2,测试集,442,80,0,0,-0.03903,0.137892924,0.0224678479,0.024963956665158982
test2,测试集,443,80,0,0,-0.03897,0.137370538,0.022331571449999997,0.024872974071354234
test2,测试集,444,80,0,0,-0.03892,0.136847622,0.022195086174999996,0.024782660035308574
test2,测试集,445,80,0,0,-0.03886,0.13632503,0.022058390075000007,0.024692692385430252
test2,测试集,446,80,0,0,-0.03881,0.135803381,0.021921381262499998,0.024603630692736456
test2,测试集,447,80,0,0,-0.03875,0.135281266,0.021784493549999995,0.02451483861331714
test2,测试集,448,80,0,0,-0.03869,0.134758772,0.02164736922499999,0.024426649009488502
test2,测试集,449,80,0,0,-0.03863,0.134235114,0.021510254937499994,0.02433910868089
test2,测试集,450,80,0,0,-0.03856,0.133711378,0.021373234550000002,0.024252101035264144
test2,测试集,451,80,0,0,-0.0385,0.13318889,0.021236043862499998,0.024166048650626253
test2,测试集,452,80,0,0,-0.03843,0.132666979,0.021098772549999992,0.024080393402318195
test2,测试集,453,80,0,0,-0.03837,0.132145033,0.0209613488625,0.02399544882141386
test2,测试集,454,80,0,0,-0.0383,0.131624037,0.020823891199999996,0.02391076700955919
test2,测试集,455,80,0,0,-0.03823,0.131103948,0.020686397362499997,0.023826913196594697
test2,测试集,456,80,0,0,-0.03815,0.130583763,0.020548818749999996,0.023743484242150188
test2,测试集,457,80,0,0,-0.03808,0.130063787,0.020411072124999995,0.023660881229013036
test2,测试集,458,80,0,0,-0.038,0.129543814,0.020273292900000003,0.023578519119026534
test2,测试集,459,80,0,0,-0.03793,0.129023326,0.020135069850000003,0.023496939915673167
test2,测试集,460,80,0,0,-0.03785,0.128503194,0.019997183775,0.023415670053119536
test2,测试集,461,80,0,0,-0.03777,0.127984119,0.019859236987500004,0.023335374289714925
test2,测试集,462,80,0,0,-0.03769,0.127464851,0.01972110040000001,0.02325566628522422
test2,测试集,463,80,0,0,-0.03761,0.126945567,0.019582813650000006,0.023176529215738133
test2,测试集,464,80,0,0,-0.03752,0.126426249,0.019444537775,0.023098022286551917
test2,测试集,465,80,0,0,-0.03744,0.125907449,0.0193062109375,0.023020736511119
test2,测试集,466,80,0,0,-0.03735,0.125389121,0.019167810949999996,0.022943765687785986
test2,测试集,467,80,0,0,-0.03726,0.124869974,0.0190293894625,0.022867719385616703
test2,测试集,468,80,0,0,-0.03717,0.12435072,0.0188912774125,0.022792426548472397
test2,测试集,469,80,0,0,-0.03708,0.123832351,0.018752824662500004,0.022717604452654507
test2,测试集,470,80,0,0,-0.03699,0.123314495,0.0186141944375,0.022643120815836942
test2,测试集,471,80,0,0,-0.0369,0.122797114,0.018475473025,0.02256953756444043
test2,测试集,472,80,0,0,-0.03681,0.122279744,0.018336670500000006,0.022496771135587342
test2,测试集,473,80,0,0,-0.03671,0.121761188,0.018197744475000003,0.02242423015903699
test2,测试集,474,80,0,0,-0.03661,0.121243442,0.018058933987499994,0.022352533723800097
test2,测试集,475,80,0,0,-0.03651,0.120727195,0.017919815274999994,0.022281253554474228
test2,测试集,476,80,0,0,-0.03641,0.120210778,0.017781012462500002,0.022210864252800677
test2,测试集,477,80,0,0,-0.03631,0.119693402,0.017642067837500004,0.02214158385315493
test2,测试集,478,80,0,0,-0.03621,0.119175974,0.017503018037500002,0.02207282118201518
test2,测试集,479,80,0,0,-0.03611,0.118658889,0.017363976875,0.02200518184356278
test2,测试集,480,80,0,0,-0.036,0.118142847,0.01722523165,0.02193777534224628
test2,测试集,481,80,0,0,-0.03589,0.11762859,0.017086049487499998,0.021871215605013778
test2,测试集,482,80,0,0,-0.03579,0.117113784,0.016946562475,0.02180552394720511
test2,测试集,483,80,0,0,-0.03568,0.116597252,0.016807031412500003,0.021739945553292214
test2,测试集,484,80,0,0,-0.03557,0.116081448,0.016667496587500004,0.021675106749257794
test2,测试集,485,80,0,0,-0.03545,0.115566577,0.016528153737499995,0.021611066381937143
test2,测试集,486,80,0,0,-0.03534,0.115051359,0.0163885535125,0.021548103887528387
test2,测试集,487,80,0,0,-0.03523,0.114535901,0.016248797900000004,0.021485707663724568
test2,测试集,488,80,0,0,-0.03511,0.114021155,0.016109113725000002,0.021424074411527817
test2,测试集,489,80,0,0,-0.03499,0.113506706,0.0159693394375,0.021363296760916275
test2,测试集,490,80,0,0,-0.03488,0.112991456,0.015829334974999998,0.021303501572901107
test2,测试集,491,80,0,0,-0.03476,0.112476955,0.015689495175,0.02124412062162482
test2,测试集,492,80,0,0,-0.03463,0.111962343,0.015549534137500001,0.021185027837184994
test2,测试集,493,80,0,0,-0.03451,0.111447112,0.015409389137499997,0.02112693729177209
test2,测试集,494,80,0,0,-0.03439,0.110932096,0.015269240750000005,0.021069669657917223
test2,测试集,495,80,0,0,-0.03426,0.110417141,0.015129216249999997,0.021012891446763327
test2,测试集,496,80,0,0,-0.03413,0.109902793,0.014989098162499997,0.02095713932343411
test2,测试集,497,80,0,0,-0.034,0.109388194,0.01484900578749999,0.020902090249404617
test2,测试集,498,80,0,0,-0.03388,0.108873392,0.014708933325000001,0.020847795503739042
test2,测试集,499,80,0,0,-0.03374,0.108359248,0.014568763500000002,0.020793905246352554
test2,测试集,500,80,0,0,-0.03361,0.107845583,0.0144284002875,0.02074133338838199
test2,测试集,501,80,0,0,-0.03348,0.107332197,0.014288110625,0.02068957525819069
test2,测试集,502,80,0,0,-0.03334,0.106819255,0.014147951362499998,0.02063816854978621
test2,测试集,503,80,0,0,-0.03321,0.106305996,0.014007769012499999,0.020587971209683184
test2,测试集,504,80,0,0,-0.03307,0.105792644,0.013867624549999995,0.02053838371903018
test2,测试集,505,80,0,0,-0.03293,0.105279745,0.013727345662500001,0.020489632323533624
test2,测试集,506,80,0,0,-0.03279,0.104766708,0.013587106550000005,0.020441776674729552
test2,测试集,507,80,0,0,-0.03265,0.104253912,0.013446685225000005,0.020394505245065354
test2,测试集,508,80,0,0,-0.03251,0.103741608,0.013306050449999999,0.020347841223559447
test2,测试集,509,80,0,0,-0.03237,0.103228033,0.013165637549999994,0.020301948716506202
test2,测试集,510,80,0,0,-0.03222,0.10271438,0.013025379537499996,0.02025678538572201
test2,测试集,511,80,0,0,-0.03208,0.102202527,0.012884717462499995,0.020212759012868925
test2,测试集,512,80,0,0,-0.03193,0.101691583,0.012744095737500006,0.020169126052314933
test2,测试集,513,80,0,0,-0.03179,0.101180171,0.012603385699999994,0.020126574323437684
test2,测试集,514,80,0,0,-0.03164,0.100668475,0.012462833912499999,0.02008459907241484
test2,测试集,515,80,0,0,-0.03149,0.100156926,0.0123221152,0.02004334821271563
test2,测试集,516,80,0,0,-0.03134,0.099644761,0.012181396237499996,0.020002847005428856
test2,测试集,517,80,0,0,-0.03118,0.099132616,0.012040855450000006,0.019962926665972932
test2,测试集,518,80,0,0,-0.03103,0.098620207,0.011900054749999998,0.019923858892786448
test2,测试集,519,80,0,0,-0.03087,0.098108735,0.011759334575,0.019885398274524204
test2,测试集,520,80,0,0,-0.03072,0.097598093,0.0116185701875,0.0198483910682073
test2,测试集,521,80,0,0,-0.03056,0.097086423,0.011477709324999998,0.019811815975108987
test2,测试集,522,80,0,0,-0.0304,0.096574792,0.011336963699999997,0.019775622388487193
test2,测试集,523,80,0,0,-0.03024,0.096063546,0.011196243537500001,0.019740433920859415
test2,测试集,524,80,0,0,-0.03008,0.095552049,0.011055430437499998,0.019706294220785014
test2,测试集,525,80,0,0,-0.02992,0.095041092,0.01091478545,0.01967297731059273
test2,测试集,526,80,0,0,-0.02976,0.094530511,0.010773997499999998,0.019640604928067386
test2,测试集,527,80,0,0,-0.0296,0.094019425,0.010633181424999999,0.019608971896920582
test2,测试集,528,80,0,0,-0.02943,0.093508455,0.010492520574999999,0.0195781102687176
test2,测试集,529,80,0,0,-0.02926,0.092997772,0.010351676762499994,0.019547856572681124
test2,测试集,530,80,0,0,-0.0291,0.092487175,0.010210556037499995,0.019518358654849653
test2,测试集,531,80,0,0,-0.02893,0.091975928,0.010069637287500004,0.019489637385645506
test2,测试集,532,80,0,0,-0.02876,0.091465506,0.009928833425,0.01946165604857241
test2,测试集,533,80,0,0,-0.02859,0.090956395,0.009787841887499999,0.01943430274615002
test2,测试集,534,80,0,0,-0.02842,0.090446092,0.00964689215,0.01940762050017374
test2,测试集,535,80,0,0,-0.02825,0.089935548,0.009505966437499996,0.019381895643038532
test2,测试集,536,80,0,0,-0.02807,0.089907579,0.009365366312499998,0.019357064550808427
test2,测试集,537,80,0,0,-0.0279,0.090142672,0.009224905212499999,0.019333383176469918
test2,测试集,538,80,0,0,-0.02772,0.090373235,0.009084253799999997,0.01931013589288915
test2,测试集,539,80,0,0,-0.02755,0.090598481,0.008943300312499996,0.01928773095493246
test2,测试集,540,80,0,0,-0.02737,0.090820114,0.0088023871,0.01926595474083981
test2,测试集,541,80,0,0,-0.02719,0.091039475,0.008661573624999998,0.019244999297048246
test2,测试集,542,80,0,0,-0.02701,0.091253503,0.00852062885,0.019224730622396765
test2,测试集,543,80,0,0,-0.02684,0.091464762,0.008379756662500005,0.01920533847419894
test2,测试集,544,80,0,0,-0.02665,0.091674824,0.008239001675,0.019186592487655127
test2,测试集,545,80,0,0,-0.02647,0.091880075,0.008098118249999998,0.01916869108590474
test2,测试集,546,80,0,0,-0.02629,0.092081837,0.007957217050000003,0.019151276120234786
test2,测试集,547,80,0,0,-0.02611,0.092281506,0.007816418700000001,0.019134878581596744
test2,测试集,548,80,0,0,-0.02592,0.092476385,0.007675917412499995,0.0191189562663627
test2,测试集,549,80,0,0,-0.02574,0.092666299,0.007535064087500001,0.019103941043351086
test2,测试集,550,80,0,0,-0.02555,0.092853352,0.007394429587499999,0.019089451721108555
test2,测试集,551,80,0,0,-0.02536,0.093036411,0.007253686212500002,0.01907597894507841
test2,测试集,552,80,0,0,-0.02517,0.093214256,0.007113166724999997,0.019062994195571795
test2,测试集,553,80,0,0,-0.02498,0.093389831,0.006972345725000004,0.019050707176274877
test2,测试集,554,80,0,0,-0.02479,0.09356284,0.006831646512500002,0.0190391275024062
test2,测试集,555,80,0,0,-0.0246,0.093732017,0.006690856299999997,0.019028508622226152
test2,测试集,556,80,0,0,-0.02441,0.093898885,0.006550210837500001,0.019018713753062185
test2,测试集,557,80,0,0,-0.024457183,0.094062079,0.0064095434,0.019009607948031842
test2,测试集,558,80,0,0,-0.024913367,0.094222442,0.006268820012499998,0.019001146815715127
test2,测试集,559,80,0,0,-0.025368488,0.094378231,0.006128245599999998,0.018993308180795632
test2,测试集,560,80,0,0,-0.025823176,0.094527887,0.005987841400000001,0.018985933879038384
test2,测试集,561,80,0,0,-0.026277341,0.094674233,0.005847446825,0.018979338211161833
test2,测试集,562,80,0,0,-0.026729657,0.094817816,0.005707242175,0.018973512211245297
test2,测试集,563,80,0,0,-0.027180955,0.094957749,0.005567039625,0.018968578244183465
test2,测试集,564,80,0,0,-0.02763097,0.095092499,0.005426781499999998,0.018964105185740814
test2,测试集,565,80,0,0,-0.028078634,0.095225317,0.0052865052125000015,0.018960190636008584
test2,测试集,566,80,0,0,-0.028525635,0.095355811,0.005146217074999999,0.01895701244328287
test2,测试集,567,80,0,0,-0.028972103,0.095480991,0.005005827462500003,0.01895466055506135
test2,测试集,568,80,0,0,-0.02941779,0.095602595,0.004865518162500002,0.018952918291528946
test2,测试集,569,80,0,0,-0.029862688,0.095720143,0.004725361775000001,0.01895160563304133
test2,测试集,570,80,0,0,-0.030307157,0.095835306,0.004585303899999999,0.01895080284669237
test2,测试集,571,80,0,0,-0.030750958,0.095946984,0.0044452704000000004,0.0189507763749002
test2,测试集,572,80,0,0,-0.03119283,0.096053613,0.0043053179749999995,0.018951329092868553
test2,测试集,573,80,0,0,-0.031632511,0.096157391,0.0041654164875,0.018952568455676475
test2,测试集,574,80,0,0,-0.032071251,0.096257677,0.004025645499999998,0.018954386121283494
test2,测试集,575,80,0,0,-0.032509737,0.096352219,0.0038858073499999993,0.018957087803150065
test2,测试集,576,80,0,0,-0.032945983,0.096442275,0.0037460864875000005,0.018960038875554416
test2,测试集,577,80,0,0,-0.033379933,0.096531624,0.0036063844499999997,0.0189637152326064
test2,测试集,578,80,0,0,-0.03381309,0.096618425,0.003466890175000001,0.01896805334743156
test2,测试集,579,80,0,0,-0.03424486,0.096700883,0.003327084675,0.01897302847718703
test2,测试集,580,80,0,0,-0.034675261,0.096780526,0.0031870671749999998,0.01897872754531764
test2,测试集,581,80,0,0,-0.035104554,0.096856964,0.003047263087500001,0.018985108722012537
test2,测试集,582,80,0,0,-0.035532986,0.096927962,0.0029073143999999995,0.01899215331390834
test2,测试集,583,80,0,0,-0.035960475,0.096993771,0.0027672928125000015,0.018999539996065535
test2,测试集,584,80,0,0,-0.036385628,0.097057285,0.002627431787499999,0.01900753944585326
test2,测试集,585,80,0,0,-0.036808955,0.097118228,0.0024879516999999998,0.01901593778224615
test2,测试集,586,80,0,0,-0.037231096,0.097174172,0.0023485098375,0.01902492525834209
test2,测试集,587,80,0,0,-0.037652527,0.097224951,0.0022091495624999994,0.019034370094197114
test2,测试集,588,80,0,0,-0.038073418,0.097273659,0.002069711,0.019044520771671854
test2,测试集,589,80,0,0,-0.038493245,0.097321328,0.001930417812500001,0.01905525179864539
test2,测试集,590,80,0,0,-0.038911597,0.097364257,0.00179121855,0.01906657289199259
test2,测试集,591,80,0,0,-0.039328015,0.097400675,0.0016518644249999999,0.01907830283746541
test2,测试集,592,80,0,0,-0.03974308,0.097433666,0.0015126245625,0.019090348032465853
test2,测试集,593,80,0,0,-0.040156624,0.097463183,0.0013733896999999996,0.019103023717612053
test2,测试集,594,80,0,0,-0.040568767,0.097488607,0.0012343309375000015,0.019116093772413502
test2,测试集,595,80,0,0,-0.040979587,0.097510857,0.0010951917874999998,0.01912970612929669
test2,测试集,596,80,0,0,-0.041388697,0.097528937,0.0009562193875,0.01914369951344997
test2,测试集,597,80,0,0,-0.041795521,0.097544895,0.0008175130625000006,0.019158292054179876
test2,测试集,598,80,0,0,-0.042200555,0.097557394,0.0006789182874999999,0.01917337516200515
test2,测试集,599,80,0,0,-0.042605451,0.097565885,0.0005399833250000002,0.019188999509362682
test2,测试集,600,80,0,0,-0.043009619,0.097573195,0.00040117801250000003,0.019205191528120398
test2,测试集,601,80,0,0,-0.043411573,0.097578442,0.00026255707500000015,0.019221931093546016
test2,测试集,602,80,0,0,-0.043811708,0.09757888,0.00012429083749999998,0.019238803307999396
test2,测试集,603,80,0,0,-0.044210062,0.09757518,-1.4319799999999424e-05,0.019256290669985632
test2,测试集,604,80,0,0,-0.044605915,0.097569316,-0.00015253971250000006,0.019274053070164963
test2,测试集,605,80,0,0,-0.045000064,0.097560464,-0.00029090039999999967,0.01929244658934499
test2,测试集,606,80,0,0,-0.045393329,0.097549612,-0.00042890150000000053,0.0193111773990066
test2,测试集,607,80,0,0,-0.045785023,0.097538394,-0.0005671474499999994,0.019330493571382636
test2,测试集,608,80,0,0,-0.04617482,0.097524332,-0.0007055127374999993,0.01934928413604069
test2,测试集,609,80,0,0,-0.04656318,0.09750586,-0.0008444544374999995,0.019366522778210403
test2,测试集,610,80,0,0,-0.046950635,0.09748308,-0.0009843042874999996,0.019381328741899483
test2,测试集,611,80,0,0,-0.047336387,0.09745687,-0.0011254296000000005,0.01939289335289282
test2,测试集,612,80,0,0,-0.047719286,0.097429358,-0.0012678887999999998,0.019400529932021123
test2,测试集,613,80,0,0,-0.048100079,0.097397697,-0.0014116274500000007,0.01940429296947368
test2,测试集,614,80,0,0,-0.048479072,0.097362638,-0.0015564437999999999,0.019405179694400563
test2,测试集,615,80,0,0,-0.04885577,0.097327105,-0.0017018889000000013,0.019405013123662603
test2,测试集,616,80,0,0,-0.049230943,0.097287662,-0.0018474746000000004,0.019404819679905476
test2,测试集,617,80,0,0,-0.049605257,0.097242763,-0.0019931394500000013,0.01940491619053121
test2,测试集,618,80,0,0,-0.049977483,0.097193377,-0.0021390007625000013,0.019405512160676805
test2,测试集,619,80,0,0,-0.050347714,0.097139764,-0.0022848071749999995,0.019406435098434677
test2,测试集,620,80,0,0,-0.050716454,0.097084333,-0.002430451499999999,0.019407790468260834
test2,测试集,621,80,0,0,-0.051082427,0.097024942,-0.002575755899999998,0.01940931459681512
test2,测试集,622,80,0,0,-0.051445776,0.09696085,-0.00272073065,0.019410967675481425
test2,测试集,623,80,0,0,-0.051807673,0.09689414,-0.0028658757,0.019413239528246893
test2,测试集,624,80,0,0,-0.05216825,0.096823221,-0.003010635312499998,0.019415737392443604
test2,测试集,625,80,0,0,-0.052526821,0.096746887,-0.0031554590749999977,0.01941855361213329
test2,测试集,626,80,0,0,-0.052883133,0.096665961,-0.0033001463500000002,0.01942170061130556
test2,测试集,627,80,0,0,-0.053237886,0.096583197,-0.0034446978249999998,0.019425235296082307
test2,测试集,628,80,0,0,-0.053590365,0.096498021,-0.0035891238500000006,0.01942907871650755
test2,测试集,629,80,0,0,-0.053939937,0.096408048,-0.0037335389499999995,0.019433142972341118
test2,测试集,630,80,0,0,-0.054287164,0.096316093,-0.003877855300000001,0.019437562024319312
test2,测试集,631,80,0,0,-0.054632198,0.096222713,-0.0040217916875,0.019442307857561607
test2,测试集,632,80,0,0,-0.0549757,0.096125071,-0.0041656216,0.01944738293777027
test2,测试集,633,80,0,0,-0.055317567,0.096023795,-0.0043096115749999995,0.019452902386073324
test2,测试集,634,80,0,0,-0.055657216,0.095917673,-0.004453195825,0.01945844749935084
test2,测试集,635,80,0,0,-0.055994664,0.095806505,-0.004596813349999999,0.01946419569897281
test2,测试集,636,80,0,0,-0.056329663,0.095691384,-0.0047404356125,0.019470196140525548
test2,测试集,637,80,0,0,-0.056662948,0.095573714,-0.0048837892125000015,0.019476417707934974
test2,测试集,638,80,0,0,-0.056993666,0.095453068,-0.0050269328875,0.019482926499150066
test2,测试集,639,80,0,0,-0.057321618,0.095328494,-0.005170025375000003,0.01948965573268359
test2,测试集,640,80,0,0,-0.057647771,0.095201176,-0.005313169825,0.019496871844927564
test2,测试集,641,80,0,0,-0.05797166,0.095070418,-0.005456083925,0.019504111172531834
test2,测试集,642,80,0,0,-0.058293307,0.094935012,-0.005598894449999999,0.019511482548155573
test2,测试集,643,80,0,0,-0.058612703,0.094794836,-0.005741633737500003,0.019519144385276934
test2,测试集,644,80,0,0,-0.058929194,0.094651995,-0.005884314725000001,0.019527147043473175
test2,测试集,645,80,0,0,-0.059243461,0.094506599,-0.006026841537499999,0.01953536116201518
test2,测试集,646,80,0,0,-0.059555789,0.094356859,-0.006169362762499999,0.01954381884246996
test2,测试集,647,80,0,0,-0.059865392,0.094204097,-0.0063116448625,0.019552520728675648
test2,测试集,648,80,0,0,-0.060173339,0.094046495,-0.0064536421250000016,0.019561326675411408
test2,测试集,649,80,0,0,-0.060479435,0.093885294,-0.006595843137499999,0.019570424739590298
test2,测试集,650,80,0,0,-0.060783081,0.093719868,-0.006738020050000003,0.01957986392343382
test2,测试集,651,80,0,0,-0.061084635,0.093549379,-0.0068799134874999975,0.019589454889118826
test2,测试集,652,80,0,0,-0.061384406,0.093377598,-0.007021817625000003,0.019599487462158494
test2,测试集,653,80,0,0,-0.061681938,0.093204258,-0.0071633695999999995,0.01960961860145881
test2,测试集,654,80,0,0,-0.061976954,0.093025776,-0.007304445675,0.01961963629279892
test2,测试集,655,80,0,0,-0.062269403,0.092841616,-0.007445407287500002,0.01962961372311639
test2,测试集,656,80,0,0,-0.062559527,0.092654292,-0.0075864250249999985,0.019639994562769363
test2,测试集,657,80,0,0,-0.06284709,0.092464328,-0.007727349699999997,0.01965066513112507
test2,测试集,658,80,0,0,-0.063131775,0.092271773,-0.007867992125000002,0.019661437241081943
test2,测试集,659,80,0,0,-0.063414478,0.092075556,-0.008008458112499997,0.019672423693540986
test2,测试集,660,80,0,0,-0.063695372,0.091876749,-0.008149086550000002,0.019683750587603407
test2,测试集,661,80,0,0,-0.063974124,0.091674473,-0.0082896249875,0.019695333607788378
test2,测试集,662,80,0,0,-0.064249937,0.091466252,-0.008430097875000002,0.01970697890151353
test2,测试集,663,80,0,0,-0.064523109,0.091256207,-0.008570071525,0.019718667118426562
test2,测试集,664,80,0,0,-0.064793997,0.091045288,-0.008710028100000001,0.019731032603646975
test2,测试集,665,80,0,0,-0.065062612,0.090828966,-0.00885001575,0.019743570222920982
test2,测试集,666,80,0,0,-0.065329417,0.090608484,-0.008989794937500002,0.0197561572181674
test2,测试集,667,80,0,0,-0.065594,0.090386549,-0.009129221274999998,0.01976887897491606
test2,测试集,668,80,0,0,-0.065856469,0.090162577,-0.00926848785,0.019781994486111114
test2,测试集,669,80,0,0,-0.066117154,0.089934153,-0.00940762115,0.019795113230074206
test2,测试集,670,80,0,0,-0.066374966,0.089698784,-0.0095467302375,0.019808158983848405
test2,测试集,671,80,0,0,-0.066630261,0.089459681,-0.009685635399999998,0.019821310367316578
test2,测试集,672,80,0,0,-0.066883472,0.08922067,-0.009824209824999996,0.019834960293875672
test2,测试集,673,80,0,0,-0.067134133,0.088977662,-0.009962772324999999,0.01984862637449279
test2,测试集,674,80,0,0,-0.067381989,0.088731172,-0.010101112650000002,0.019862428602287225
test2,测试集,675,80,0,0,-0.06762729,0.088483289,-0.0102394959375,0.019876688151715335
test2,测试集,676,80,0,0,-0.067871025,0.088231758,-0.0103776853125,0.019891212745848305
test2,测试集,677,80,0,0,-0.068112758,0.087975924,-0.010515871150000008,0.019905753544266797
test2,测试集,678,80,0,0,-0.068351297,0.087716689,-0.010654106862499997,0.01992063665365553
test2,测试集,679,80,0,0,-0.068586324,0.08745589,-0.010792013474999999,0.019935819966983685
test2,测试集,680,80,0,0,-0.068818563,0.08719323,-0.010929656375000001,0.019951334370222826
test2,测试集,681,80,0,0,-0.069048277,0.086926955,-0.011067367999999998,0.01996686278045453
test2,测试集,682,80,0,0,-0.069275157,0.08665624,-0.011204519387500007,0.019982236898543008
test2,测试集,683,80,0,0,-0.06949914,0.086382706,-0.011341638750000002,0.019998038253206132
test2,测试集,684,80,0,0,-0.069720787,0.086104628,-0.011478660974999996,0.02001389431324148
test2,测试集,685,80,0,0,-0.06993958,0.085822151,-0.0116155790625,0.020029785881580046
test2,测试集,686,80,0,0,-0.07015651,0.085538403,-0.011752543299999998,0.020046246478083583
test2,测试集,687,80,0,0,-0.070371511,0.085251907,-0.011889206174999993,0.02006266545688569
test2,测试集,688,80,0,0,-0.07058267,0.084961903,-0.012025535825,0.02007916696688638
test2,测试集,689,80,0,0,-0.070791219,0.084668422,-0.012162071049999997,0.020096002973250572
test2,测试集,690,80,0,0,-0.070996853,0.084373158,-0.01229833125,0.020113133830289034
test2,测试集,691,80,0,0,-0.07119939,0.084074935,-0.012434336112499998,0.020130246561162364
test2,测试集,692,80,0,0,-0.071399034,0.083772478,-0.012570172912499997,0.020147515154397815
test2,测试集,693,80,0,0,-0.071595441,0.083467248,-0.012706058749999999,0.020165192348154455
test2,测试集,694,80,0,0,-0.071789863,0.083159361,-0.012841596287499998,0.02018286815998296
test2,测试集,695,80,0,0,-0.071981414,0.082849221,-0.012976677687499993,0.020200494591964182
test2,测试集,696,80,0,0,-0.072169439,0.082535092,-0.013111705400000001,0.02021805853952407
test2,测试集,697,80,0,0,-0.07235504,0.082217497,-0.013246547625000002,0.020236074974753496
test2,测试集,698,80,0,0,-0.072539403,0.081898407,-0.013381255312499998,0.020254389028251895
test2,测试集,699,80,0,0,-0.072721151,0.081575198,-0.013515814474999999,0.020272750017986944
test2,测试集,700,80,0,0,-0.072899048,0.081247547,-0.013650216099999996,0.020291066198666243
test2,测试集,701,80,0,0,-0.07307417,0.080917678,-0.013784422650000003,0.02030964970492073
test2,测试集,702,80,0,0,-0.073246773,0.080584678,-0.013918489599999997,0.02032825918327687
test2,测试集,703,80,0,0,-0.073416329,0.080247471,-0.01405231965,0.020347104976132322
test2,测试集,704,80,0,0,-0.07358334,0.079905562,-0.014185990237500001,0.020366275830750548
test2,测试集,705,80,0,0,-0.073747992,0.079562225,-0.0143200317125,0.020385947575689883
test2,测试集,706,80,0,0,-0.073909232,0.07921734,-0.014453430675,0.020405645320879785
test2,测试集,707,80,0,0,-0.074066828,0.078867482,-0.014586725387500003,0.020425005331139737
test2,测试集,708,80,0,0,-0.074221442,0.078513332,-0.0147198421,0.02044492354984692
test2,测试集,709,80,0,0,-0.074373219,0.078157453,-0.014852710762499999,0.02046504073788053
test2,测试集,710,80,0,0,-0.074522692,0.077801495,-0.014985461062500005,0.020485278522914065
test2,测试集,711,80,0,0,-0.074668603,0.077442587,-0.015117842987500001,0.020505718746629355
test2,测试集,712,80,0,0,-0.074810865,0.077080579,-0.0152498526125,0.020526223426688996
test2,测试集,713,80,0,0,-0.074951189,0.07671741,-0.0153816491625,0.020546885900609553
test2,测试集,714,80,0,0,-0.075088775,0.076349664,-0.015513527437499999,0.020568053313010384
test2,测试集,715,80,0,0,-0.075224058,0.075976639,-0.0156451142375,0.020588955432228384
test2,测试集,716,80,0,0,-0.075357071,0.075602119,-0.015776699174999995,0.02061025391564902
test2,测试集,717,80,0,0,-0.075487084,0.07522583,-0.015907964537500003,0.02063150967235739
test2,测试集,718,80,0,0,-0.075613497,0.074845424,-0.016039020024999996,0.020652966150264653
test2,测试集,719,80,0,0,-0.075737455,0.074462254,-0.016170078400000003,0.02067522275181699
test2,测试集,720,80,0,0,-0.075859251,0.074076494,-0.01630114972499999,0.02069756150432105
test2,测试集,721,80,0,0,-0.075978297,0.073685996,-0.016432011737499995,0.02071999333470325
test2,测试集,722,80,0,0,-0.076314813,0.073293215,-0.016562614587500003,0.020742561050488148
test2,测试集,723,80,0,0,-0.076971044,0.072899575,-0.016693038025,0.02076513640792567
test2,测试集,724,80,0,0,-0.077629365,0.072503105,-0.016823065462500012,0.020787664884045355
test2,测试集,725,80,0,0,-0.078288695,0.072103101,-0.016953015800000006,0.02081072404938028
test2,测试集,726,80,0,0,-0.07893858,0.071700648,-0.017082416975000007,0.02083363338391661
test2,测试集,727,80,0,0,-0.079584088,0.071296503,-0.017211889825,0.020856779490498186
test2,测试集,728,80,0,0,-0.080233498,0.070891759,-0.017340853162499992,0.020880156565522664
test2,测试集,729,80,0,0,-0.080888789,0.070484168,-0.017469816512500007,0.02090371280848269
test2,测试集,730,80,0,0,-0.081556784,0.070072528,-0.017598718,0.020928183541645592
test2,测试集,731,80,0,0,-0.082223523,0.069657927,-0.017727739024999998,0.020952813240592973
test2,测试集,732,80,0,0,-0.082878915,0.069239654,-0.017856545287499994,0.020977509504320327
test2,测试集,733,80,0,0,-0.08353473,0.068818619,-0.017985014612500003,0.021002018870255032
test2,测试集,734,80,0,0,-0.084189011,0.068394315,-0.018113199975,0.021026527869875602
test2,测试集,735,80,0,0,-0.084845075,0.067967741,-0.018241032974999995,0.021051566899699607
test2,测试集,736,80,0,0,-0.085501421,0.067539854,-0.018368672637499996,0.021076771637700564
test2,测试集,737,80,0,0,-0.086151184,0.067110715,-0.018496663449999996,0.02110247734998336
test2,测试集,738,80,0,0,-0.086798808,0.066681185,-0.018624314849999993,0.021128629552276155
test2,测试集,739,80,0,0,-0.087451108,0.066250099,-0.018751675200000005,0.02115511220063686
test2,测试集,740,80,0,0,-0.088113535,0.065814748,-0.018878979849999998,0.02118202637419157
test2,测试集,741,80,0,0,-0.088779877,0.065374559,-0.019006055837499994,0.02120916105069058
test2,测试集,742,80,0,0,-0.089442713,0.064930692,-0.019133091799999998,0.021236456366814028
test2,测试集,743,80,0,0,-0.090097731,0.064487747,-0.019259839024999996,0.02126400283279309
test2,测试集,744,80,0,0,-0.090750968,0.064044371,-0.019386311637500004,0.02129161841216824
test2,测试集,745,80,0,0,-0.091413321,0.063595527,-0.019512592337500002,0.021319850130785446
test2,测试集,746,80,0,0,-0.092077509,0.063143748,-0.01963878603750001,0.02134832263365184
test2,测试集,747,80,0,0,-0.092738697,0.062692508,-0.019764401962500004,0.021376689516457086
test2,测试集,748,80,0,0,-0.093397006,0.062238568,-0.019889889550000005,0.021405389037716615
test2,测试集,749,80,0,0,-0.094050433,0.061780397,-0.02001519269999999,0.02143445409494629
test2,测试集,750,80,0,0,-0.094701974,0.061322885,-0.02014026328749999,0.021463493628006425
test2,测试集,751,80,0,0,-0.095357559,0.060864146,-0.020265411799999997,0.02149315251206416
test2,测试集,752,80,0,0,-0.096016105,0.060402561,-0.020390414987499998,0.02152330633396065
test2,测试集,753,80,0,0,-0.096678058,0.059937171,-0.0205151684875,0.021554043385746343
test2,测试集,754,80,0,0,-0.09733652,0.059468809,-0.020639810562500003,0.021584329643622842
test2,测试集,755,80,0,0,-0.09798614,0.059001095,-0.020763778725,0.02161504221419219
test2,测试集,756,80,0,0,-0.098638519,0.058530375,-0.0208878389125,0.02164617731691049
test2,测试集,757,80,0,0,-0.099294084,0.058057035,-0.021011489262500002,0.02167747577562409
test2,测试集,758,80,0,0,-0.099949413,0.057583975,-0.021135006550000005,0.021709285969964125
test2,测试集,759,80,0,0,-0.10061167,0.05710711,-0.021258731887499997,0.021741578170980658
test2,测试集,760,80,0,0,-0.101272696,0.056625833,-0.021382095237500006,0.02177433146809472
test2,测试集,761,80,0,0,-0.101925662,0.056142819,-0.021505402312499998,0.021806868204392645
test2,测试集,762,80,0,0,-0.102581271,0.055660841,-0.021628613824999997,0.021840101890149496
test2,测试集,763,80,0,0,-0.103240925,0.05517606,-0.021751511162500008,0.021874096838180472
test2,测试集,764,80,0,0,-0.103898391,0.054686422,-0.021874300275,0.021907853693827042
test2,测试集,765,80,0,0,-0.104547681,0.054195855,-0.02199655475,0.021941485927921958
test2,测试集,766,80,0,0,-0.105197916,0.053705032,-0.022118947125000003,0.02197592801760813
test2,测试集,767,80,0,0,-0.105855566,0.053211941,-0.022241288449999994,0.022011192671803844
test2,测试集,768,80,0,0,-0.106510873,0.052716637,-0.022363440225000007,0.02204655783386286
test2,测试集,769,80,0,0,-0.107166704,0.0522212,-0.022485302662499998,0.022082280425902302
test2,测试集,770,80,0,0,-0.107822093,0.051723602,-0.022606953325,0.022118619824688043
test2,测试集,771,80,0,0,-0.108474777,0.051222561,-0.0227284352875,0.02215520599685756
test2,测试集,772,80,0,0,-0.109136177,0.050720385,-0.022849991474999998,0.02219239986208082
test2,测试集,773,80,0,0,-0.109802547,0.050216255,-0.0229712116375,0.022230039705054144
test2,测试集,774,80,0,0,-0.110463961,0.049708929,-0.023092104712500002,0.02226801264796534
test2,测试集,775,80,0,0,-0.111133407,0.049199174,-0.023213299562499998,0.02230674382165003
test2,测试集,776,80,0,0,-0.111803108,0.0486865,-0.023334292187499998,0.022345828990374544
test2,测试集,777,80,0,0,-0.112460603,0.048173122,-0.023454663400000002,0.022384564604514382
test2,测试集,778,80,0,0,-0.113113891,0.047658456,-0.023574864924999998,0.022423406206814607
test2,测试集,779,80,0,0,-0.113770913,0.047141198,-0.0236949072375,0.022462876385648423
test2,测试集,780,80,0,0,-0.114428608,0.04662277,-0.023814690675000007,0.022503153994193347
test2,测试集,781,80,0,0,-0.115081322,0.046104056,-0.023934532587499995,0.022543736788954327
test2,测试集,782,80,0,0,-0.115731269,0.045582856,-0.024053838125000008,0.022583928538841412
test2,测试集,783,80,0,0,-0.116386729,0.045059724,-0.024172914849999994,0.022624863108365433
test2,测试集,784,80,0,0,-0.117044829,0.044536522,-0.024292017825,0.02266621037113215
test2,测试集,785,80,0,0,-0.117698514,0.044010518,-0.02441058777500001,0.02270784497013316
test2,测试集,786,80,0,0,-0.118349061,0.0435091,-0.024529050987500002,0.02274936946500415
test2,测试集,787,80,0,0,-0.119002395,0.043368685,-0.024647497587500004,0.02279183039095762
test2,测试集,788,80,0,0,-0.119659633,0.043226584,-0.0247657498625,0.022835214431997704
test2,测试集,789,80,0,0,-0.120319213,0.043082959,-0.024884010887499995,0.022879230096646632
test2,测试集,790,80,0,0,-0.120979855,0.04293821,-0.02500203045,0.02292379247014036
test2,测试集,791,80,0,0,-0.121636549,0.042792127,-0.025119816125,0.02296855354806971
test2,测试集,792,80,0,0,-0.122294874,0.042644246,-0.025237444087499995,0.023013764658000126
test2,测试集,793,80,0,0,-0.122949529,0.042494499,-0.02535491562500001,0.02305897399726241
test2,测试集,794,80,0,0,-0.123599201,0.042342931,-0.025471770887500005,0.023104568597362346
test2,测试集,795,80,0,0,-0.124251978,0.04218968,-0.0255886055875,0.0231504548751396
test2,测试集,796,80,0,0,-0.124906237,0.042034896,-0.025705400150000002,0.02319692175778137
test2,测试集,797,80,0,0,-0.12556019,0.041878465,-0.0258217713,0.023243859224958897
test2,测试集,798,80,0,0,-0.12621791,0.041720233,-0.025938121624999994,0.023291963459906286
test2,测试集,799,80,0,0,-0.126879394,0.04156055,-0.026054501312500006,0.023340195689279055
test2,测试集,800,80,0,0,-0.127537701,0.041399446,-0.026170546425000003,0.023388974606139645
test2,测试集,801,80,0,0,-0.128189944,0.041236732,-0.026286256975,0.023437855830002248
test2,测试集,802,80,0,0,-0.128846232,0.041072661,-0.026401820449999995,0.023487020208094237
test2,测试集,803,80,0,0,-0.129502834,0.040907073,-0.026517082187499996,0.02353709319966766
test2,测试集,804,80,0,0,-0.130153169,0.040739977,-0.0266321908875,0.023586952821709174
test2,测试集,805,80,0,0,-0.130807433,0.040571254,-0.02674685097500002,0.023637753252436958
test2,测试集,806,80,0,0,-0.131462388,0.040400654,-0.026861670800000008,0.023688932807345447
test2,测试集,807,80,0,0,-0.132120039,0.040228573,-0.026976339912499987,0.023740989241050937
test2,测试集,808,80,0,0,-0.132777681,0.040055174,-0.0270909772875,0.023793793632968973
test2,测试集,809,80,0,0,-0.13342964,0.039880263,-0.027205381262499988,0.023846320215835912
test2,测试集,810,80,0,0,-0.134083062,0.039703712,-0.027319224337499996,0.02389973533001465
test2,测试集,811,80,0,0,-0.134734139,0.039525594,-0.027432859012500005,0.02395364028826924
test2,测试集,812,80,0,0,-0.13538577,0.039346045,-0.027546582025,0.024007763428512748
test2,测试集,813,80,0,0,-0.136044203,0.039165113,-0.027660201074999995,0.02406302995119694
test2,测试集,814,80,0,0,-0.136701085,0.038982747,-0.027773453662499992,0.024119035915941937
test2,测试集,815,80,0,0,-0.137354476,0.038798994,-0.027886496437499998,0.024175065956234826
test2,测试集,816,80,0,0,-0.138003655,0.038613964,-0.0279995484375,0.0242313424578042
test2,测试集,817,80,0,0,-0.138649792,0.038427402,-0.028112150125000006,0.02428763011875624
test2,测试集,818,80,0,0,-0.139301428,0.038239255,-0.02822456834999999,0.024345166033844567
test2,测试集,819,80,0,0,-0.139955844,0.038049755,-0.028336822812500002,0.024403235347526808
test2,测试集,820,80,0,0,-0.140617993,0.037858666,-0.02844907725,0.02446183614510768
test2,测试集,821,80,0,0,-0.141281481,0.037665923,-0.028561188462499998,0.024521269827757212
test2,测试集,822,80,0,0,-0.1419354,0.037471718,-0.02867263343750001,0.024581349806159995
test2,测试集,823,80,0,0,-0.142589778,0.037275936,-0.028784250375000008,0.024641722744044272
test2,测试集,824,80,0,0,-0.143249549,0.037078789,-0.028895643624999995,0.024702925856552097
test2,测试集,825,80,0,0,-0.14390641,0.036880487,-0.029007019699999987,0.02476469610391779
test2,测试集,826,80,0,0,-0.144558945,0.036680517,-0.029118239762499998,0.024826347883805302
test2,测试集,827,80,0,0,-0.145212728,0.036478818,-0.029228875687500017,0.024888542076675298
test2,测试集,828,80,0,0,-0.145868363,0.036276058,-0.029339288599999996,0.024951488720507956
test2,测试集,829,80,0,0,-0.146528032,0.03607227,-0.02944970253749999,0.025014986355749627
test2,测试集,830,80,0,0,-0.147181354,0.035867166,-0.029559759387499995,0.02507881587112462
test2,测试集,831,80,0,0,-0.147833104,0.03566063,-0.029669688375000003,0.025143230003320964
test2,测试集,832,80,0,0,-0.148486769,0.035452579,-0.029779550424999995,0.025208401189296306
test2,测试集,833,80,0,0,-0.149128276,0.035243272,-0.0298888616125,0.025273461798684158
test2,测试集,834,80,0,0,-0.149773734,0.035032624,-0.0299979906375,0.02533932372279585
test2,测试集,835,80,0,0,-0.150425718,0.034820469,-0.030107347350000008,0.02540590908219647
test2,测试集,836,80,0,0,-0.151077383,0.03477,-0.03021605701250001,0.02547318992953355
test2,测试集,837,80,0,0,-0.151733191,0.03489,-0.030324896387500005,0.025540885551268776
test2,测试集,838,80,0,0,-0.152390217,0.03501,-0.030433663450000002,0.025609368256525756
test2,测试集,839,80,0,0,-0.153046706,0.03513,-0.0305421409875,0.025678512521837407
test2,测试集,840,80,0,0,-0.15370597,0.03525,-0.03065054038749998,0.025748667888958455
test2,测试集,841,80,0,0,-0.154362484,0.03537,-0.030758645587499994,0.025819203358530517
test2,测试集,842,80,0,0,-0.155013389,0.03548,-0.03086643918749999,0.025889350178968658
test2,测试集,843,80,0,0,-0.155671141,0.0356,-0.030973950287500003,0.025960788591736467
test2,测试集,844,80,0,0,-0.156331177,0.03571,-0.031081486462499995,0.026032896702179065
test2,测试集,845,80,0,0,-0.156988599,0.03582,-0.03118888927500002,0.026105572440873137
test2,测试集,846,80,0,0,-0.157642642,0.03593,-0.031295872975000014,0.026178659042060768
test2,测试集,847,80,0,0,-0.158294955,0.03604,-0.03140295623749999,0.02625226261833665
test2,测试集,848,80,0,0,-0.158952377,0.03615,-0.031509735575,0.026326914774717238
test2,测试集,849,80,0,0,-0.159614062,0.03626,-0.03161632003749999,0.02640242404254501
test2,测试集,850,80,0,0,-0.16027134,0.03636,-0.03172261486250001,0.026477872563084218
test2,测试集,851,80,0,0,-0.16091835,0.03647,-0.031828691075,0.02655359252981263
test2,测试集,852,80,0,0,-0.161567897,0.03657,-0.0319347222375,0.026629972949325474
test2,测试集,853,80,0,0,-0.16222088,0.03667,-0.0320403834125,0.026706921401818524
test2,测试集,854,80,0,0,-0.162870712,0.03677,-0.032145834875000015,0.026784249708166175
test2,测试集,855,80,0,0,-0.163524536,0.03686,-0.032251448287500005,0.026862282838039184
test2,测试集,856,80,0,0,-0.164181932,0.03696,-0.032356763312499995,0.02694136106932629
test2,测试集,857,80,0,0,-0.164833518,0.03706,-0.03246179630000001,0.027020951682016764
test2,测试集,858,80,0,0,-0.165486542,0.03715,-0.032566743700000005,0.027100825435002755
test2,测试集,859,80,0,0,-0.166140957,0.03724,-0.032671690875000006,0.027181488464252574
test2,测试集,860,80,0,0,-0.16678903,0.03734,-0.0327761827,0.027263112703554256
test2,测试集,861,80,0,0,-0.167434531,0.03743,-0.0328804216625,0.02734485676963547
test2,测试集,862,80,0,0,-0.168082552,0.03751,-0.03298472295,0.02742691918432272
test2,测试集,863,80,0,0,-0.168728736,0.0376,-0.033088459625,0.027509349340287533
test2,测试集,864,80,0,0,-0.169372724,0.03768,-0.03319198375,0.02759192170517299
test2,测试集,865,80,0,0,-0.170023067,0.03777,-0.03329557467499999,0.027676437652474
test2,测试集,866,80,0,0,-0.170676618,0.03785,-0.0333992098,0.027761654947268333
test2,测试集,867,80,0,0,-0.171331557,0.03793,-0.033502645112499986,0.027847477749202158
test2,测试集,868,80,0,0,-0.171988976,0.03801,-0.0336061119,0.027934271481747108
test2,测试集,869,80,0,0,-0.172641555,0.03809,-0.0337092998375,0.02802123778488131
test2,测试集,870,80,0,0,-0.17329174,0.03817,-0.03381207601250001,0.028108605984281818
test2,测试集,871,80,0,0,-0.173943418,0.03824,-0.033914935975,0.02819635651568797
test2,测试集,872,80,0,0,-0.174595628,0.03832,-0.034017184024999994,0.028285059233103774
test2,测试集,873,80,0,0,-0.175248405,0.03839,-0.03411965980000001,0.02837403091973031
test2,测试集,874,80,0,0,-0.175899527,0.03846,-0.03422190753750001,0.028463824139093537
test2,测试集,875,80,0,0,-0.176555878,0.03853,-0.03432393828749999,0.028554697833525336
test2,测试集,876,80,0,0,-0.177213914,0.0386,-0.0344258286625,0.028645995600147706
test2,测试集,877,80,0,0,-0.177862622,0.03866,-0.034527511062500016,0.028736967429195157
test2,测试集,878,80,0,0,-0.178509742,0.03873,-0.03462870276250002,0.028828773396054153
test2,测试集,879,80,0,0,-0.179166123,0.03879,-0.0347300953125,0.028921614231253726
test2,测试集,880,80,0,0,-0.179821137,0.03885,-0.034831266400000005,0.029015300412277834
test2,测试集,881,80,0,0,-0.180465471,0.03891,-0.03493210718749999,0.02910870899082678
test2,测试集,882,80,0,0,-0.181106153,0.03897,-0.0350325303875,0.02920223174015764
test2,测试集,883,80,0,0,-0.181755723,0.03903,-0.03513293203750001,0.029297042798532336
test2,测试集,884,80,0,0,-0.182406809,0.03908,-0.035233433674999995,0.02939270470027511
test2,测试集,885,80,0,0,-0.1830613,0.03914,-0.03533356324999999,0.029489227900902398
test2,测试集,886,80,0,0,-0.183721501,0.03919,-0.035433706324999995,0.02958638172448027
test2,测试集,887,80,0,0,-0.184373236,0.03924,-0.035533523962499994,0.029683903585403345
test2,测试集,888,80,0,0,-0.185015023,0.03929,-0.035633349324999994,0.029781406873282033
test2,测试集,889,80,0,0,-0.185657598,0.03934,-0.03573277885000001,0.0298797205231739
test2,测试集,890,80,0,0,-0.186305504,0.03938,-0.03583223641250001,0.029978399576715983
test2,测试集,891,80,0,0,-0.18695234,0.03943,-0.03593117729999999,0.0300777940478532
test2,测试集,892,80,0,0,-0.187599639,0.03947,-0.03603014308750002,0.030177473649506806
test2,测试集,893,80,0,0,-0.188247113,0.03951,-0.036129081325000006,0.030278174882193618
test2,测试集,894,80,0,0,-0.188894156,0.03955,-0.036227979087500015,0.03037951726500496
test2,测试集,895,80,0,0,-0.189542692,0.03959,-0.03632641177500001,0.03048134397605982
test2,测试集,896,80,0,0,-0.190192913,0.03963,-0.036424463437500006,0.030583880258600257
test2,测试集,897,80,0,0,-0.190846994,0.03966,-0.03652269968750001,0.030687122222341656
test2,测试集,898,80,0,0,-0.191500778,0.0397,-0.03662041877499999,0.030791389115636083
test2,测试集,899,80,0,0,-0.192155362,0.03973,-0.036718496612500005,0.030895951563980253
test2,测试集,900,80,0,0,-0.192814877,0.03976,-0.0368162811125,0.031001761698698106
test2,测试集,901,80,0,0,-0.193473068,0.03979,-0.03691374444999999,0.031107923294546154
test2,测试集,902,80,0,0,-0.194130317,0.03982,-0.037010682675,0.031214773520272455
test2,测试集,903,80,0,0,-0.19478838,0.03984,-0.0371077973,0.03132228327116971
test2,测试集,904,80,0,0,-0.195442725,0.03987,-0.037204333137500004,0.031430687225409544
test2,测试集,905,80,0,0,-0.196094977,0.03989,-0.037300589487499994,0.03153896307052095
test2,测试集,906,80,0,0,-0.196746455,0.03991,-0.0373962785125,0.03164774097468943
test2,测试集,907,80,0,0,-0.197395605,0.03993,-0.03749156967500001,0.03175693454581896
test2,测试集,908,80,0,0,-0.198046244,0.03995,-0.03758680742500002,0.03186701648277339
test2,测试集,909,80,0,0,-0.198697709,0.03997,-0.037681545099999984,0.03197802894344387
test2,测试集,910,80,0,0,-0.199348105,0.03998,-0.03777563785,0.03208908809307221
test2,测试集,911,80,0,0,-0.199997621,0.03999,-0.037868709625000004,0.032200568458287004
test2,测试集,912,80,0,0,-0.200648103,0.04001,-0.03796053492499999,0.03231274212541971
test2,测试集,913,80,0,0,-0.20129996,0.04002,-0.038050750425,0.032424915897138314
test2,测试集,914,80,0,0,-0.201945796,0.04003,-0.03813853995000001,0.032536753899146065
test2,测试集,915,80,0,0,-0.202593758,0.04003,-0.038223765725000004,0.03264806578999395
test2,测试集,916,80,0,0,-0.203245308,0.04004,-0.03830491872500001,0.03275928597471966
test2,测试集,917,80,0,0,-0.203893211,0.04004,-0.038381912224999995,0.03286900923869599
test2,测试集,918,80,0,0,-0.204537793,0.04005,-0.0384542230125,0.032978043517588054
test2,测试集,919,80,0,0,-0.205184796,0.04005,-0.03852132746249999,0.03308641399655736
test2,测试集,920,80,0,0,-0.205838418,0.04005,-0.038582164412499995,0.03319394305815687
test2,测试集,921,80,0,0,-0.206488445,0.04005,-0.03863533583749999,0.03330007727849764
test2,测试集,922,80,0,0,-0.207130882,0.04005,-0.03868235168749999,0.033405294272590674
test2,测试集,923,80,0,0,-0.207771328,0.04005,-0.0387259639375,0.033510996389337085
test2,测试集,924,80,0,0,-0.208418294,0.04004,-0.0387694754,0.03361772002350096
test2,测试集,925,80,0,0,-0.209059609,0.04004,-0.038813235325,0.0337254951954584
test2,测试集,926,80,0,0,-0.209704127,0.04003,-0.03885736012499999,0.03383415169162607
test2,测试集,927,80,0,0,-0.210359186,0.04002,-0.038901392312500005,0.03394415874461942
test2,测试集,928,80,0,0,-0.211004569,0.04001,-0.0389455428125,0.03405394360797049
test2,测试集,929,80,0,0,-0.211651883,0.04,-0.038990003100000004,0.034164633880375
test2,测试集,930,80,0,0,-0.212301052,0.03999,-0.03903410493750001,0.03427631962335603
test2,测试集,931,80,0,0,-0.212941522,0.03997,-0.039077857049999984,0.03438820052339052
test2,测试集,932,80,0,0,-0.213591228,0.03996,-0.0391213307625,0.03450230416645104
test2,测试集,933,80,0,0,-0.214244223,0.03994,-0.03916500827499999,0.03461715259034998
test2,测试集,934,80,0,0,-0.214890987,0.03992,-0.0392083392125,0.0347322854705186
test2,测试集,935,80,0,0,-0.215538332,0.0399,-0.039251781850000014,0.03484820804531311
test2,测试集,936,80,0,0,-0.216190034,0.03988,-0.039295586537499996,0.03496506538341244
test2,测试集,937,80,0,0,-0.21683311,0.03985,-0.039339222924999986,0.035082077580033
test2,测试集,938,80,0,0,-0.217467768,0.03983,-0.0393825377375,0.03519974648542792
test2,测试集,939,80,0,0,-0.21810651,0.0398,-0.039425478250000014,0.03531829273344243
test2,测试集,940,80,0,0,-0.218742246,0.03977,-0.039468331937500004,0.03543729163016355
test2,测试集,941,80,0,0,-0.219386507,0.03974,-0.0395112841125,0.035557440339673604
test2,测试集,942,80,0,0,-0.220031862,0.03971,-0.03955402275000001,0.03567847568897719
test2,测试集,943,80,0,0,-0.220674577,0.03968,-0.03959674565000001,0.03580005018532117
test2,测试集,944,80,0,0,-0.221323504,0.03964,-0.039639587725,0.03592278578792632
test2,测试集,945,80,0,0,-0.221968811,0.03961,-0.039682007849999985,0.03604641865824538
test2,测试集,946,80,0,0,-0.222612671,0.03957,-0.03972463459999999,0.03617018597159559
test2,测试集,947,80,0,0,-0.223260311,0.03953,-0.03976713182500001,0.03629522453952804
test2,测试集,948,80,0,0,-0.2239099,0.03949,-0.039809423524999984,0.03642086446865084
test2,测试集,949,80,0,0,-0.224558558,0.03945,-0.0398514698875,0.036547189227494226
test2,测试集,950,80,0,0,-0.22520671,0.03941,-0.039893817850000006,0.03667417055115326
test2,测试集,951,80,0,0,-0.225856034,0.03936,-0.039935960775000015,0.03680182049641066
test2,测试集,952,80,0,0,-0.226502635,0.03931,-0.039977880062500006,0.036929705119710346
test2,测试集,953,80,0,0,-0.227144986,0.03926,-0.04001943927499999,0.037058101515212896
test2,测试集,954,80,0,0,-0.227784929,0.03921,-0.0400609612625,0.03718729420174497
test2,测试集,955,80,0,0,-0.228422241,0.03916,-0.04010236695,0.03731682876002204
test2,测试集,956,80,0,0,-0.229059153,0.03911,-0.040143456837499994,0.03744702644681104
test2,测试集,957,80,0,0,-0.229702428,0.03906,-0.04018473497499999,0.0375784882720901
test2,测试集,958,80,0,0,-0.230351098,0.039,-0.040226273037499996,0.03771052257755579
test2,测试集,959,80,0,0,-0.23099134,0.03894,-0.040267313775,0.037842566225027824
test2,测试集,960,80,0,0,-0.231623958,0.03888,-0.040308041150000015,0.03797496275121146
test2,测试集,961,80,0,0,-0.232267937,0.03882,-0.04034894180000001,0.03810864912500794
test2,测试集,962,80,0,0,-0.232911469,0.03876,-0.04038962592500001,0.03824285382172381
test2,测试集,963,80,0,0,-0.233545499,0.0387,-0.04043005837499998,0.038377126118596123
test2,测试集,964,80,0,0,-0.234180278,0.03863,-0.0404706400625,0.03851196384799125
test2,测试集,965,80,0,0,-0.234819882,0.03857,-0.040510993875,0.038648092498849165
test2,测试集,966,80,0,0,-0.235465095,0.0385,-0.0405517143625,0.03878490845106313
test2,测试集,967,80,0,0,-0.236107982,0.03843,-0.04059242537500001,0.038922347261768776
test2,测试集,968,80,0,0,-0.236748498,0.03836,-0.04063273832499999,0.03906006004122785
test2,测试集,969,80,0,0,-0.237389288,0.03828,-0.0406730143875,0.039197990436246256
test2,测试集,970,80,0,0,-0.238032913,0.03821,-0.0407131473625,0.03933700242777268
test2,测试集,971,80,0,0,-0.238679851,0.03813,-0.0407535029,0.039476500933538196
test2,测试集,972,80,0,0,-0.239326532,0.03806,-0.040793588575,0.03961690772970817
test2,测试集,973,80,0,0,-0.23997045,0.03798,-0.040833246950000006,0.03975762338762537
test2,测试集,974,80,0,0,-0.240610207,0.0379,-0.0408727607625,0.039898457048773525
test2,测试集,975,80,0,0,-0.241247149,0.03782,-0.0409122309125,0.040039573261347446
test2,测试集,976,80,0,0,-0.241893501,0.03773,-0.040951901912500005,0.040181435379482384
test2,测试集,977,80,0,0,-0.242540953,0.03765,-0.040991509075000016,0.04032386248342798
test2,测试集,978,80,0,0,-0.243183265,0.03756,-0.0410309725375,0.040466649597330255
test2,测试集,979,80,0,0,-0.243826691,0.03747,-0.041070446525,0.04061005746692242
test2,测试集,980,80,0,0,-0.244469388,0.03739,-0.04110960100000001,0.0407541583294886
test2,测试集,981,80,0,0,-0.245110112,0.0373,-0.04114880057499999,0.040898407585485366
test2,测试集,982,80,0,0,-0.245746601,0.0372,-0.0411878487,0.04104272375397185
test2,测试集,983,80,0,0,-0.246382899,0.03711,-0.041226819474999996,0.0411878290912463
test2,测试集,984,80,0,0,-0.247024687,0.03702,-0.04126557133749999,0.04133353158299427
test2,测试集,985,80,0,0,-0.247662048,0.03692,-0.04130415552499998,0.041479309664166304
test2,测试集,986,80,0,0,-0.248292278,0.03683,-0.04134266787500001,0.0416257141772726
test2,测试集,987,80,0,0,-0.248924601,0.03673,-0.04138143208750002,0.0417722282967456
test2,测试集,988,80,0,0,-0.249555101,0.03663,-0.04141957535000001,0.04191911310684406
test2,测试集,989,80,0,0,-0.250182767,0.03653,-0.04145750105,0.04206630141369098
test2,测试集,990,80,0,0,-0.250804637,0.03642,-0.04149561402500001,0.04221346338241947
test2,测试集,991,80,0,0,-0.251430906,0.03632,-0.041533507224999995,0.04236179412379989
test2,测试集,992,80,0,0,-0.252076041,0.03621,-0.04157172502500002,0.0425116810308732
test2,测试集,993,80,0,0,-0.252719352,0.03611,-0.041609471275000004,0.04266196125205625
test2,测试集,994,80,0,0,-0.253352995,0.036,-0.041646841049999994,0.042811602965529647
test2,测试集,995,80,0,0,-0.253990555,0.03589,-0.04168432940000001,0.04296177412008947
test2,测试集,996,80,0,0,-0.254628807,0.03578,-0.04172138096250001,0.043112633769663435
test2,测试集,997,80,0,0,-0.255262631,0.03567,-0.041758030075,0.04326338541240445
test2,测试集,998,80,0,0,-0.255903927,0.03555,-0.041794400975,0.04341445333028962
test2,测试集,999,80,0,0,-0.256546494,0.03544,-0.04183004237500001,0.04356596131571767
test2,测试集,1000,80,0,0,-0.2571794,0.03532,-0.041864995325,0.04371670873598038
test2,测试集,1001,80,0,0,-0.25781769,0.0352,-0.04189930705,0.04386774892470362
test2,测试集,1002,80,0,0,-0.25845846,0.03508,-0.041932895699999986,0.04401902290043473
test2,测试集,1003,80,0,0,-0.2590978,0.03496,-0.041965536312500024,0.04417008076134657
test2,测试集,1004,80,0,0,-0.259738011,0.03484,-0.041997194875,0.04432092323698746
test2,测试集,1005,80,0,0,-0.260378623,0.03472,-0.042027663899999984,0.04447148596821833
test2,测试集,1006,80,0,0,-0.261014812,0.03459,-0.04205678408750001,0.044621059079193746
test2,测试集,1007,80,0,0,-0.261644524,0.03447,-0.042084276237499996,0.044769998000681335
test2,测试集,1008,80,0,0,-0.262274756,0.03434,-0.04211021222500001,0.04491843857578461
test2,测试集,1009,80,0,0,-0.262906826,0.03421,-0.042133950074999996,0.04506645478307067
test2,测试集,1010,80,0,0,-0.263541762,0.03408,-0.04215484935000001,0.045214099951219534
test2,测试集,1011,80,0,0,-0.264183395,0.03395,-0.04217257106250001,0.04536139262919987
test2,测试集,1012,80,0,0,-0.264820846,0.03382,-0.04218598707500001,0.045507557352861536
test2,测试集,1013,80,0,0,-0.265458605,0.03368,-0.0421941569375,0.04565234503134715
test2,测试集,1014,80,0,0,-0.266107269,0.03355,-0.04219497743750002,0.045795812885597566
test2,测试集,1015,80,0,0,-0.266750693,0.03341,-0.04218553451250002,0.04593479760019421
test2,测试集,1016,80,0,0,-0.267390634,0.03327,-0.042161349512499995,0.04606691240150373
test2,测试集,1017,80,0,0,-0.268014934,0.03313,-0.04211513810000002,0.046186720452828345
test2,测试集,1018,80,0,0,-0.268537424,0.03299,-0.042034950812500006,0.0462809956035755
test2,测试集,1019,80,0,0,-0.268811148,0.03285,-0.0419008898375,0.04632750691502135
test2,测试集,1020,80,0,0,-0.268736418,0.03271,-0.04168836925000001,0.04630260700861937
test2,测试集,1021,80,0,0,-0.268244288,0.03257,-0.04137872520000001,0.046182949702845456
test2,测试集,1022,80,0,0,-0.267026622,0.03242,-0.04096382702500001,0.04593809284348557
test2,测试集,1023,80,0,0,-0.264873166,0.03227,-0.04045463821250001,0.04555873866739715
test3,测试集,0,400,0,0,-0.30069829,0.141965634,-0.04303355687499999,0.06159560777198902
test3,测试集,1,400,0,0,-0.29912323,0.14238508,-0.0423826532075,0.0610960229007855
test3,测试集,2,400,0,0,-0.297562477,0.142799155,-0.04173536334499998,0.060603861561719076
test3,测试集,3,400,0,0,-0.296010595,0.143208144,-0.041090939244999986,0.06011829794131626
test3,测试集,4,400,0,0,-0.294461674,0.143611486,-0.040448493877500005,0.059638265817662274
test3,测试集,5,400,0,0,-0.292913613,0.144008514,-0.039807306175000015,0.059163424506500036
test3,测试集,6,400,0,0,-0.291365376,0.144400002,-0.039167184540000004,0.05869411510120632
test3,测试集,7,400,0,0,-0.289816838,0.144786496,-0.038527967380000014,0.058229957814198
test3,测试集,8,400,0,0,-0.288270197,0.14516589,-0.03788926313249997,0.05777087033688954
test3,测试集,9,400,0,0,-0.286725445,0.145537705,-0.03725100512750003,0.05731683806930619
test3,测试集,10,400,0,0,-0.285182373,0.145903293,-0.03661300009999997,0.056867629653911074
test3,测试集,11,400,0,0,-0.283641236,0.14626295,-0.03597515218000001,0.056423528018658756
test3,测试集,12,400,0,0,-0.282101053,0.146616966,-0.03533763104749998,0.0559848072765663
test3,测试集,13,400,0,0,-0.280561171,0.14696653,-0.034700365442500006,0.05555145890870757
test3,测试集,14,400,0,0,-0.279021592,0.147311447,-0.034063334185000016,0.05512365343996274
test3,测试集,15,400,0,0,-0.277481479,0.147650009,-0.033426433587500026,0.05470134761024552
test3,测试集,16,400,0,0,-0.27594186,0.147983065,-0.032789809122499985,0.05428477427389448
test3,测试集,17,400,0,0,-0.274405917,0.148310794,-0.03215338325249996,0.0538742296837058
test3,测试集,18,400,0,0,-0.272871349,0.148631656,-0.03151722906500003,0.05346949807505318
test3,测试集,19,400,0,0,-0.271334017,0.148944417,-0.030881195202500017,0.05307082714952797
test3,测试集,20,400,0,0,-0.269795201,0.149251842,-0.0302451915275,0.05267824917854987
test3,测试集,21,400,0,0,-0.268256977,0.149555155,-0.029609322729999984,0.05229187540622861
test3,测试集,22,400,0,0,-0.266720415,0.14985406,-0.028973619450000005,0.05191212392698488
test3,测试集,23,400,0,0,-0.265184425,0.15014719,-0.028338229110000005,0.051539030196193596
test3,测试集,24,400,0,0,-0.263647903,0.150434038,-0.02770306995250002,0.051172696433315255
test3,测试集,25,400,0,0,-0.262112987,0.150715465,-0.02706815445000001,0.05081324955804838
test3,测试集,26,400,0,0,-0.260579441,0.150991627,-0.0264333867075,0.05046075360705175
test3,测试集,27,400,0,0,-0.259045181,0.151263104,-0.025798764645,0.05011543934376998
test3,测试集,28,400,0,0,-0.257510551,0.151527674,-0.025164362602500007,0.049777393677141804
test3,测试集,29,400,0,0,-0.25597663,0.151785895,-0.024530264610000005,0.04944693887356337
test3,测试集,30,400,0,0,-0.25444275,0.152039084,-0.023896359160000002,0.04912402770364977
test3,测试集,31,400,0,0,-0.252907283,0.15228612,-0.023262631959999985,0.04880876923550096
test3,测试集,32,400,0,0,-0.251370331,0.152527762,-0.022629221367500004,0.048501436699470275
test3,测试集,33,400,0,0,-0.249833499,0.152762402,-0.021996160095000016,0.048202070099604435
test3,测试集,34,400,0,0,-0.248296315,0.152988791,-0.02136316774749999,0.0479107882071908
test3,测试集,35,400,0,0,-0.246759069,0.153209705,-0.020730425129999987,0.0476277256214229
test3,测试集,36,400,0,0,-0.245223575,0.153425155,-0.020097954107499993,0.047353130367144405
test3,测试集,37,400,0,0,-0.243689762,0.153632063,-0.019465646702499995,0.04708717432028503
test3,测试集,38,400,0,0,-0.242156918,0.153833474,-0.018833721802499995,0.04682988795454731
test3,测试集,39,400,0,0,-0.24062557,0.154030164,-0.018201879174999994,0.04658145911716761
test3,测试集,40,400,0,0,-0.239093082,0.154218856,-0.01757030788000001,0.046342118395891856
test3,测试集,41,400,0,0,-0.237557268,0.154400376,-0.0169389465725,0.04611186427044955
test3,测试集,42,400,0,0,-0.23602172,0.154577634,-0.016307909782499998,0.045890816239105695
test3,测试集,43,400,0,0,-0.234487419,0.154751822,-0.015677090539999994,0.045679218485474946
test3,测试集,44,400,0,0,-0.232952524,0.154919954,-0.015046365465000006,0.045477087466902086
test3,测试集,45,400,0,0,-0.231417967,0.155082217,-0.014415990229999993,0.04528474393632957
test3,测试集,46,400,0,0,-0.229884259,0.155238298,-0.013785916512499994,0.04510207082376786
test3,测试集,47,400,0,0,-0.228351531,0.155388717,-0.013155945439999999,0.04492943799594226
test3,测试集,48,400,0,0,-0.226819657,0.155531721,-0.012526418757500008,0.044766788505034925
test3,测试集,49,400,0,0,-0.225287158,0.155667825,-0.011897050999999992,0.04461430487589675
test3,测试集,50,400,0,0,-0.223753756,0.155798548,-0.011268013924999994,0.044471956326752465
test3,测试集,51,400,0,0,-0.222220683,0.155922974,-0.0106392474675,0.04433984756440873
test3,测试集,52,400,0,0,-0.220689269,0.15604313,-0.01001076809,0.044218237637546016
test3,测试集,53,400,0,0,-0.219158761,0.156159161,-0.009382709255,0.04410708333643235
test3,测试集,54,400,0,0,-0.217626639,0.156321309,-0.008754691607500004,0.04400652325155007
test3,测试集,55,400,0,0,-0.216093855,0.157486868,-0.00812693415,0.0439163676944254
test3,测试集,56,400,0,0,-0.214561616,0.158648719,-0.007499536940000003,0.043836958085499915
test3,测试集,57,400,0,0,-0.21302894,0.159806669,-0.006872539617500006,0.04376828880157531
test3,测试集,58,400,0,0,-0.211497216,0.16095891,-0.006245655392500001,0.043710315776070645
test3,测试集,59,400,0,0,-0.209967588,0.162102919,-0.0056188682825000025,0.04366313541447216
test3,测试集,60,400,0,0,-0.208438326,0.163239909,-0.004992483410000003,0.043626743882668455
test3,测试集,61,400,0,0,-0.20690815,0.164373095,-0.004366420237499998,0.04360126284095802
test3,测试集,62,400,0,0,-0.205378191,0.165500831,-0.003740742755000001,0.0435866414984279
test3,测试集,63,400,0,0,-0.203848692,0.166621714,-0.003115356577499998,0.04358318028011
test3,测试集,64,400,0,0,-0.202319788,0.167737349,-0.002490179077499997,0.043590410372797594
test3,测试集,65,400,0,0,-0.200793159,0.168847588,-0.0018654016625,0.04360840467538982
test3,测试集,66,400,0,0,-0.199267055,0.169948031,-0.0012410153749999983,0.04363714315494679
test3,测试集,67,400,0,0,-0.197738181,0.171039252,-0.000616872584999996,0.04367663992753864
test3,测试集,68,400,0,0,-0.19620745,0.17212466,7.019644999997504e-06,0.043726953079406966
test3,测试集,69,400,0,0,-0.194677401,0.173205053,0.0006305261225000021,0.04378814832851687
test3,测试集,70,400,0,0,-0.193147471,0.174281776,0.0012535436125000001,0.043859979260158916
test3,测试集,71,400,0,0,-0.191616522,0.175350958,0.0018761435374999925,0.04394242732809397
test3,测试集,72,400,0,0,-0.190085763,0.176409612,0.002498369762500003,0.04403550956689385
test3,测试集,73,400,0,0,-0.188556751,0.177458888,0.00312024213,0.04413897763753104
test3,测试集,74,400,0,0,-0.187028206,0.178499475,0.0037416791300000003,0.044252928966268215
test3,测试集,75,400,0,0,-0.185499567,0.179533816,0.004362702977499997,0.04437722389752056
test3,测试集,76,400,0,0,-0.183971915,0.180562812,0.004983221065000005,0.04451176100139156
test3,测试集,77,400,0,0,-0.18244283,0.181583505,0.005603336832500001,0.0446562208428062
test3,测试集,78,400,0,0,-0.180910726,0.182597688,0.006223087574999995,0.04481055887662034
test3,测试集,79,400,0,0,-0.179377564,0.183605057,0.006842256852499996,0.044974878291440645
test3,测试集,80,400,0,0,-0.177843951,0.184604201,0.0074608402700000066,0.045148866209538334
test3,测试集,81,400,0,0,-0.176310959,0.18559747,0.0080787807325,0.04533232428284356
test3,测试集,82,400,0,0,-0.174780321,0.186584509,0.0086960111575,0.04552519661582474
test3,测试集,83,400,0,0,-0.173252252,0.18907265,0.009312405732499992,0.04572722440617833
test3,测试集,84,400,0,0,-0.171726176,0.194439492,0.009928027840000003,0.04593838287010211
test3,测试集,85,400,0,0,-0.170201298,0.199798597,0.010542766567500004,0.04615831586148545
test3,测试集,86,400,0,0,-0.168677554,0.205148168,0.011156502387499998,0.04638670030263557
test3,测试集,87,400,0,0,-0.167152292,0.21049997,0.0117690304525,0.04662379789369714
test3,测试集,88,400,0,0,-0.165626178,0.215874946,0.012380329382500006,0.04686958954758268
test3,测试集,89,400,0,0,-0.164102746,0.221244004,0.012990225079999997,0.04712305332909099
test3,测试集,90,400,0,0,-0.162579906,0.226609883,0.013597967359999998,0.047383769970101075
test3,测试集,91,400,0,0,-0.161055987,0.231981744,0.014203092467500004,0.04765036950866245
test3,测试集,92,400,0,0,-0.1595331,0.237351178,0.014804463215000018,0.047921222909224855
test3,测试集,93,400,0,0,-0.158010756,0.242715122,0.01540027800500001,0.04819416110234641
test3,测试集,94,400,0,0,-0.156486124,0.24807776,0.015988324732500003,0.048465994460184944
test3,测试集,95,400,0,0,-0.154958768,0.253447851,0.01656529208499998,0.04873274484986401
test3,测试集,96,400,0,0,-0.153431556,0.258762693,0.01712608712750001,0.04898810295115644
test3,测试集,97,400,0,0,-0.151906177,0.263882227,0.017665510112500015,0.049223361759028444
test3,测试集,98,400,0,0,-0.150381771,0.268651953,0.0181774746075,0.04942879290307804
test3,测试集,99,400,0,0,-0.149918108,0.272980556,0.018657250789999996,0.049595942499160696
test3,测试集,100,400,0,0,-0.150168061,0.276585966,0.019100559062500015,0.0497155034265556
test3,测试集,101,400,0,0,-0.150413273,0.278660421,0.01950510468249999,0.0497745047305383
test3,测试集,102,400,0,0,-0.15065265,0.278893964,0.019874840300000002,0.049773930452379274
test3,测试集,103,400,0,0,-0.150884484,0.278216499,0.02022431686999999,0.04974150816951283
test3,测试集,104,400,0,0,-0.151110576,0.277469451,0.020568057755000008,0.04970511836780886
test3,测试集,105,400,0,0,-0.151332034,0.276770223,0.02091147807500001,0.049673712375566864
test3,测试集,106,400,0,0,-0.151547108,0.276074467,0.021255744017499995,0.049647770846208035
test3,测试集,107,400,0,0,-0.151757203,0.275378482,0.02160028768750001,0.04962711726117723
test3,测试集,108,400,0,0,-0.151962982,0.274687555,0.021944959425000014,0.04961118780039957
test3,测试集,109,400,0,0,-0.152160921,0.27399975,0.022289533225000005,0.04960006024758378
test3,测试集,110,400,0,0,-0.152350577,0.273309313,0.02263409780750003,0.04959343314336948
test3,测试集,111,400,0,0,-0.152534938,0.272624709,0.022978429139999985,0.04959153421973195
test3,测试集,112,400,0,0,-0.152712199,0.271952471,0.023322701695000014,0.049594042994354194
test3,测试集,113,400,0,0,-0.152882698,0.271286924,0.02366640013500001,0.04960111526830809
test3,测试集,114,400,0,0,-0.153049366,0.270623282,0.024009655782500007,0.049612661645672664
test3,测试集,115,400,0,0,-0.153210771,0.2699545,0.024352676202500013,0.049628407013233324
test3,测试集,116,400,0,0,-0.153364082,0.269292407,0.024695230927500006,0.049648500167836104
test3,测试集,117,400,0,0,-0.153510812,0.268640403,0.025037620945000026,0.049672883773432125
test3,测试集,118,400,0,0,-0.153651894,0.267988609,0.025379656582499993,0.04970192253805603
test3,测试集,119,400,0,0,-0.153788018,0.267329658,0.02572133099499998,0.049735376957081356
test3,测试集,120,400,0,0,-0.153918042,0.266670704,0.026062467004999992,0.04977304694241944
test3,测试集,121,400,0,0,-0.154041558,0.266009428,0.026403176344999984,0.04981472624394882
test3,测试集,122,400,0,0,-0.154161017,0.265344475,0.026743420285000014,0.049860648954254086
test3,测试集,123,400,0,0,-0.154274165,0.264692213,0.027083247077499983,0.04991091532000995
test3,测试集,124,400,0,0,-0.154381053,0.26404497,0.027422662665000014,0.04996517043711878
test3,测试集,125,400,0,0,-0.154480651,0.26340199,0.02776160585250001,0.05002372640914583
test3,测试集,126,400,0,0,-0.154573384,0.2627607,0.028099958854999982,0.05008663021343092
test3,测试集,127,400,0,0,-0.154659668,0.262101508,0.02843812542000002,0.05015342352346951
test3,测试集,128,400,0,0,-0.154738671,0.261442626,0.028775813030000014,0.050224451374494716
test3,测试集,129,400,0,0,-0.154812248,0.260789641,0.029113006330000014,0.05029961716394302
test3,测试集,130,400,0,0,-0.154879817,0.260133251,0.029449860297500005,0.05037853531437538
test3,测试集,131,400,0,0,-0.154941214,0.259485143,0.029786078204999965,0.05046174647729373
test3,测试集,132,400,0,0,-0.154996479,0.258838914,0.03012186439500002,0.050549019597243595
test3,测试集,133,400,0,0,-0.155046881,0.2581876,0.030457100017500013,0.050640078241945205
test3,测试集,134,400,0,0,-0.155091313,0.257548142,0.030792065897499984,0.05073513484690985
test3,测试集,135,400,0,0,-0.155128538,0.256910126,0.031126507025000017,0.050834157555870646
test3,测试集,136,400,0,0,-0.155160047,0.256254365,0.03146054963750002,0.05093678819609038
test3,测试集,137,400,0,0,-0.155186623,0.255590023,0.03179400439500001,0.05104345963739285
test3,测试集,138,400,0,0,-0.155209535,0.254925036,0.03212691032249998,0.05115385700582572
test3,测试集,139,400,0,0,-0.155227681,0.254268551,0.0324593914925,0.05126814586790263
test3,测试集,140,400,0,0,-0.155240195,0.253626201,0.032791401995000025,0.05138629118409313
test3,测试集,141,400,0,0,-0.155248031,0.252990581,0.03312297643749999,0.05150821225336699
test3,测试集,142,400,0,0,-0.155251138,0.252344905,0.03345399664,0.05163375535069049
test3,测试集,143,400,0,0,-0.155250424,0.251699214,0.033784431250000024,0.051763030053336156
test3,测试集,144,400,0,0,-0.155244734,0.251056569,0.034114528802499995,0.05189613428129336
test3,测试集,145,400,0,0,-0.155233626,0.250414687,0.034444067264999996,0.052032936533781854
test3,测试集,146,400,0,0,-0.155221124,0.249783407,0.03477321490000002,0.05217350570589802
test3,测试集,147,400,0,0,-0.155206621,0.249144511,0.035101949750000014,0.05231754314043094
test3,测试集,148,400,0,0,-0.15518755,0.248507126,0.035430071517499974,0.05246526292317805
test3,测试集,149,400,0,0,-0.155164978,0.247880787,0.03575772193250002,0.05261647217601861
test3,测试集,150,400,0,0,-0.155136082,0.247239879,0.03608484730999999,0.05277113706714648
test3,测试集,151,400,0,0,-0.155097742,0.246870615,0.03641137555999999,0.052929274882757116
test3,测试集,152,400,0,0,-0.155053656,0.248127866,0.03673759850500004,0.05309068861567119
test3,测试集,153,400,0,0,-0.155003684,0.249385264,0.03706318149500003,0.0532554361771776
test3,测试集,154,400,0,0,-0.154947171,0.250645465,0.03738821334749998,0.0534236489420096
test3,测试集,155,400,0,0,-0.154886262,0.251906268,0.037712773562499975,0.05359510993004657
test3,测试集,156,400,0,0,-0.154820513,0.253164291,0.0380367014225,0.053769877336411566
test3,测试集,157,400,0,0,-0.154749411,0.25442274,0.038360291742500024,0.053947954567676475
test3,测试集,158,400,0,0,-0.1546718,0.255679002,0.03868335195000003,0.05412922449367945
test3,测试集,159,400,0,0,-0.154586261,0.256931543,0.03900574867750001,0.05431369801333086
test3,测试集,160,400,0,0,-0.154496717,0.258182688,0.03932767083999996,0.05450115391360219
test3,测试集,161,400,0,0,-0.154401862,0.259434707,0.03964896385500001,0.05469166087160922
test3,测试集,162,400,0,0,-0.154299553,0.260686927,0.03996987907999998,0.05488514575838889
test3,测试集,163,400,0,0,-0.154192741,0.2619402,0.04029022034750002,0.055081874775336055
test3,测试集,164,400,0,0,-0.154079226,0.263193428,0.04061018140000001,0.05528151034541746
test3,测试集,165,400,0,0,-0.153958377,0.264448705,0.04092940034999998,0.05548415406828596
test3,测试集,166,400,0,0,-0.153831201,0.265706722,0.04124805070749999,0.05568961656755893
test3,测试集,167,400,0,0,-0.153697201,0.266962583,0.04156614534249997,0.05589788052776121
test3,测试集,168,400,0,0,-0.153557424,0.268216658,0.04188376607249995,0.05610916768860226
test3,测试集,169,400,0,0,-0.153411752,0.269469636,0.04220086688499999,0.05632333719465378
test3,测试集,170,400,0,0,-0.153259957,0.270724395,0.04251725208000004,0.05654034025409131
test3,测试集,171,400,0,0,-0.15310386,0.271980619,0.042833354347500005,0.05676012338786995
test3,测试集,172,400,0,0,-0.152941189,0.273236002,0.04314868576750002,0.056982618474156255
test3,测试集,173,400,0,0,-0.15277059,0.274491406,0.04346333654749995,0.057207750636016796
test3,测试集,174,400,0,0,-0.152594319,0.275745836,0.04377748832499998,0.05743542308951154
test3,测试集,175,400,0,0,-0.152413394,0.276997553,0.044091237257500006,0.057665923832977604
test3,测试集,176,400,0,0,-0.152226495,0.278248132,0.044404275612499954,0.05789927903486147
test3,测试集,177,400,0,0,-0.152032909,0.279499805,0.04471668425999997,0.05813495864575609
test3,测试集,178,400,0,0,-0.151833773,0.280751564,0.04502838849000005,0.05837272069695925
test3,测试集,179,400,0,0,-0.151628882,0.282003663,0.04533938958499997,0.058612835010410536
test3,测试集,180,400,0,0,-0.151416736,0.283254239,0.04564984275750003,0.05885553107604063
test3,测试集,181,400,0,0,-0.151198736,0.284503802,0.04595983480750003,0.05910078233304395
test3,测试集,182,400,0,0,-0.150977305,0.285754936,0.04626909085999999,0.059348509547674205
test3,测试集,183,400,0,0,-0.150749662,0.28700593,0.04657786638249997,0.059598643815476235
test3,测试集,184,400,0,0,-0.15051421,0.288256289,0.046885775557499974,0.05985101372050637
test3,测试集,185,400,0,0,-0.150274087,0.289509589,0.047193072637500014,0.06010552007994243
test3,测试集,186,400,0,0,-0.150030517,0.290763758,0.04749962153999996,0.06036206009818125
test3,测试集,187,400,0,0,-0.149780638,0.292014466,0.04780499968250003,0.06062043325632788
test3,测试集,188,400,0,0,-0.14952292,0.29326295,0.04810927577000006,0.06087992548619613
test3,测试集,189,400,0,0,-0.149258607,0.294511716,0.048412105495000024,0.0611404094637152
test3,测试集,190,400,0,0,-0.148990174,0.295760806,0.048713217177500025,0.0614015456752948
test3,测试集,191,400,0,0,-0.14871694,0.297008472,0.04901252345500001,0.06166308999284961
test3,测试集,192,400,0,0,-0.148435861,0.298256082,0.04930977028000001,0.06192490483887651
test3,测试集,193,400,0,0,-0.148147261,0.299505248,0.04960430168749994,0.06218596827738831
test3,测试集,194,400,0,0,-0.147852938,0.300752393,0.04989531963000002,0.06244504882370373
test3,测试集,195,400,0,0,-0.147551576,0.301994578,0.05018216416249999,0.06270026524621856
test3,测试集,196,400,0,0,-0.14724576,0.303209611,0.050463477495,0.06294911241267157
test3,测试集,197,400,0,0,-0.146937373,0.304348273,0.050736663827500014,0.06318668077730308
test3,测试集,198,400,0,0,-0.146622947,0.305382828,0.050997154960000006,0.06340299681637553
test3,测试集,199,400,0,0,-0.146302256,0.306309767,0.05123831287249999,0.06358525846974467
test3,测试集,200,400,0,0,-0.145975089,0.307133869,0.05145386240000004,0.06372292942642854
test3,测试集,201,400,0,0,-0.145643447,0.307833265,0.051638215505000015,0.06381052329426093
test3,测试集,202,400,0,0,-0.145306603,0.308217419,0.05178689269749999,0.06384308438914288
test3,测试集,203,400,0,0,-0.144962742,0.308003882,0.051897300405,0.06381638028020414
test3,测试集,204,400,0,0,-0.144613554,0.307253054,0.05197506491000001,0.06373842447341625
test3,测试集,205,400,0,0,-0.144258185,0.306303451,0.052036175102500005,0.06363537329114773
test3,测试集,206,400,0,0,-0.143895594,0.305346726,0.05209363821500001,0.0635289181434485
test3,测试集,207,400,0,0,-0.14352582,0.304413776,0.052151155475,0.06342481372641537
test3,测试集,208,400,0,0,-0.143151131,0.303502261,0.05220887825999997,0.06332315429914327
test3,测试集,209,400,0,0,-0.142772446,0.302599562,0.052266260442499976,0.06322359848750052
test3,测试集,210,400,0,0,-0.142387828,0.301692176,0.05232362898500001,0.06312576665957209
test3,测试集,211,400,0,0,-0.141996602,0.300781973,0.05238051816499996,0.06302967890827828
test3,测试集,212,400,0,0,-0.141990874,0.299870538,0.05243728684749991,0.0629348339492026
test3,测试集,213,400,0,0,-0.142435442,0.298961624,0.052493571690000004,0.06284159543603242
test3,测试集,214,400,0,0,-0.142875442,0.298061118,0.052549354047499976,0.0627497382317065
test3,测试集,215,400,0,0,-0.143309359,0.297166972,0.052604473917499964,0.06265942967401004
test3,测试集,216,400,0,0,-0.143736551,0.296277455,0.05265933725499998,0.06257056091367105
test3,测试集,217,400,0,0,-0.144159274,0.295388855,0.052713690564999964,0.0624830469871523
test3,测试集,218,400,0,0,-0.144575703,0.294495094,0.05276756362999999,0.062397065144560365
test3,测试集,219,400,0,0,-0.144985123,0.293600863,0.05282090669750006,0.062312689199686085
test3,测试集,220,400,0,0,-0.145389169,0.292706891,0.05287373162750003,0.062229862868002216
test3,测试集,221,400,0,0,-0.1457886,0.291813657,0.05292601608249999,0.062148397232088634
test3,测试集,222,400,0,0,-0.14618334,0.290924905,0.05297767124500008,0.06206827210073312
test3,测试集,223,400,0,0,-0.146571838,0.290032906,0.053028711464999975,0.06198932149029848
test3,测试集,224,400,0,0,-0.146953559,0.289137981,0.053079226619999996,0.06191161598113825
test3,测试集,225,400,0,0,-0.14732913,0.288245583,0.053129092600000004,0.061835398713321735
test3,测试集,226,400,0,0,-0.147699519,0.287357014,0.05317850307749993,0.06176062018166664
test3,测试集,227,400,0,0,-0.14806411,0.286469873,0.05322724916000003,0.061687199604388135
test3,测试集,228,400,0,0,-0.148422768,0.28557995,0.05327543615250002,0.06161519862125046
test3,测试集,229,400,0,0,-0.148775939,0.284691124,0.05332324858499996,0.06154463298590612
test3,测试集,230,400,0,0,-0.149123972,0.283802813,0.05337047280250002,0.061475595877772224
test3,测试集,231,400,0,0,-0.149466275,0.282914439,0.05341715014000003,0.061407831597695514
test3,测试集,232,400,0,0,-0.149802904,0.282026572,0.05346313645,0.06134159806956499
test3,测试集,233,400,0,0,-0.150133966,0.281139424,0.053508766219999976,0.06127685709151008
test3,测试集,234,400,0,0,-0.15045736,0.280252138,0.053553783337500035,0.061213603393094757
test3,测试集,235,400,0,0,-0.15077355,0.279359564,0.05359819609249999,0.06115155583974877
test3,测试集,236,400,0,0,-0.151083468,0.278467983,0.05364216205249999,0.06109086649529631
test3,测试集,237,400,0,0,-0.1513884,0.277583535,0.05368567281500002,0.06103200725093173
test3,测试集,238,400,0,0,-0.151688652,0.276698971,0.05372852728750002,0.06097439464076286
test3,测试集,239,400,0,0,-0.151982525,0.275813176,0.053770787642499984,0.06091804190451468
test3,测试集,240,400,0,0,-0.152269671,0.274930479,0.053812450112500014,0.0608630743910625
test3,测试集,241,400,0,0,-0.15255183,0.274048314,0.05385367384749999,0.06080965642957093
test3,测试集,242,400,0,0,-0.152827538,0.273162768,0.053894227185,0.06075772728953364
test3,测试集,243,400,0,0,-0.153096264,0.272278031,0.05393427015000003,0.06070712585547986
test3,测试集,244,400,0,0,-0.153359279,0.271395876,0.05397370407000006,0.060658022825679454
test3,测试集,245,400,0,0,-0.153615719,0.271901571,0.05401258602500005,0.060610210571037125
test3,测试集,246,400,0,0,-0.153866155,0.2725429,0.0540508149875,0.06056389278761634
test3,测试集,247,400,0,0,-0.154110771,0.273186467,0.054088513224999996,0.060518962753126085
test3,测试集,248,400,0,0,-0.154349016,0.273829964,0.05412583132749999,0.060475451065324905
test3,测试集,249,400,0,0,-0.154580743,0.27447264,0.054162598634999996,0.060433471697585735
test3,测试集,250,400,0,0,-0.154806005,0.275115143,0.0541987759125,0.060392932967154395
test3,测试集,251,400,0,0,-0.155023643,0.275757409,0.05423447946999998,0.060353880888474924
test3,测试集,252,400,0,0,-0.155233947,0.276401891,0.05426960615499999,0.06031642746085388
test3,测试集,253,400,0,0,-0.155439132,0.277045382,0.05430423298749996,0.060280443975817666
test3,测试集,254,400,0,0,-0.15563967,0.277686196,0.0543384858174999,0.06024607854306106
test3,测试集,255,400,0,0,-0.15583461,0.278327736,0.05437206177250005,0.06021334220229521
test3,测试集,256,400,0,0,-0.156022848,0.278969225,0.054405449472499964,0.06018222457125582
test3,测试集,257,400,0,0,-0.156204606,0.279610213,0.054438423379999955,0.06015265029385239
test3,测试集,258,400,0,0,-0.156381729,0.280249602,0.054470950667499955,0.06012478004336755
test3,测试集,259,400,0,0,-0.156553439,0.280888286,0.05450279171749999,0.06009831478045452
test3,测试集,260,400,0,0,-0.156718514,0.281530403,0.054534059337500045,0.06007297182390567
test3,测试集,261,400,0,0,-0.15687659,0.282174363,0.05456474884749995,0.06004938390079298
test3,测试集,262,400,0,0,-0.157028723,0.282816382,0.05459506871999998,0.060027155477262256
test3,测试集,263,400,0,0,-0.157174492,0.283456574,0.05462489394000002,0.06000647585281616
test3,测试集,264,400,0,0,-0.157312979,0.284095637,0.054654056557499976,0.059987444261468494
test3,测试集,265,400,0,0,-0.157444968,0.284734127,0.054682744912500025,0.05996962482709466
test3,测试集,266,400,0,0,-0.157571337,0.285373333,0.05471082700000001,0.059953550798762724
test3,测试集,267,400,0,0,-0.157692678,0.286012604,0.05473847061749999,0.059939215287202925
test3,测试集,268,400,0,0,-0.157807183,0.286651406,0.05476552733000003,0.05992643994360605
test3,测试集,269,400,0,0,-0.157914638,0.287291468,0.05479185324499999,0.05991490289634023
test3,测试集,270,400,0,0,-0.158015552,0.287932248,0.05481748076750001,0.05990478630311965
test3,测试集,271,400,0,0,-0.158110861,0.288574847,0.054842562295000036,0.059896295014622514
test3,测试集,272,400,0,0,-0.158200543,0.289217376,0.054867060625000005,0.05988933048216646
test3,测试集,273,400,0,0,-0.158281831,0.289859098,0.054891124107500015,0.05988422249703542
test3,测试集,274,400,0,0,-0.158355809,0.290499571,0.05491455747500004,0.059880525648238966
test3,测试集,275,400,0,0,-0.158425055,0.29113689,0.05493737345999996,0.05987814650315569
test3,测试集,276,400,0,0,-0.158488309,0.291775315,0.054959463789999975,0.0598773730581345
test3,测试集,277,400,0,0,-0.158544046,0.292415776,0.05498088425249998,0.05987799107517187
test3,测试集,278,400,0,0,-0.158593338,0.293056679,0.05500170719249999,0.05988028199868254
test3,测试集,279,400,0,0,-0.158637116,0.293697169,0.05502186172250001,0.05988413089463501
test3,测试集,280,400,0,0,-0.15867458,0.294339734,0.055041322414999996,0.05988964177838551
test3,测试集,281,400,0,0,-0.158706297,0.294982626,0.055060242862500004,0.05989677262017975
test3,测试集,282,400,0,0,-0.15873279,0.295620878,0.0550785065325,0.05990541885032091
test3,测试集,283,400,0,0,-0.158753376,0.296257751,0.055095939930000004,0.059915690047645194
test3,测试集,284,400,0,0,-0.15876859,0.296896099,0.055112722062499966,0.05992740798784786
test3,测试集,285,400,0,0,-0.158779122,0.297534944,0.055128712075000044,0.059940595067282804
test3,测试集,286,400,0,0,-0.158784586,0.298172644,0.05514401454750004,0.059955014405968156
test3,测试集,287,400,0,0,-0.158785087,0.298811729,0.05515850321499995,0.05997109003100349
test3,测试集,288,400,0,0,-0.158780656,0.299452926,0.05517222106,0.059988713553882675
test3,测试集,289,400,0,0,-0.158770772,0.300093031,0.055185254185,0.06000787986398619
test3,测试集,290,400,0,0,-0.158754882,0.300732567,0.05519747638250003,0.06002855101679027
test3,测试集,291,400,0,0,-0.158732777,0.301372143,0.05520851202750002,0.060050393229330354
test3,测试集,292,400,0,0,-0.158705745,0.302011995,0.055218466892500005,0.06007309905100143
test3,测试集,293,400,0,0,-0.158673477,0.302649101,0.05522682584999993,0.06009655861815806
test3,测试集,294,400,0,0,-0.158634985,0.30328586,0.05523356833000001,0.060120724614388575
test3,测试集,295,400,0,0,-0.158590558,0.303926036,0.05523820148000003,0.06014539398277576
test3,测试集,296,400,0,0,-0.158538272,0.304565516,0.05524041874249999,0.060170136110012234
test3,测试集,297,400,0,0,-0.158478955,0.305204033,0.05523965404500006,0.06019448016442572
test3,测试集,298,400,0,0,-0.158415683,0.305840279,0.055235322374999944,0.06021795891786385
test3,测试集,299,400,0,0,-0.158346928,0.306467129,0.055226970462500004,0.060239581333685656
test3,测试集,300,400,0,0,-0.158272684,0.307054634,0.05521361259249996,0.06025738781827839
test3,测试集,301,400,0,0,-0.158192768,0.307556288,0.05519333681000009,0.06026714445849886
test3,测试集,302,400,0,0,-0.158106742,0.307946076,0.05516329233249999,0.060262771072781336
test3,测试集,303,400,0,0,-0.15801477,0.308216541,0.05511991516749999,0.06023770871017954
test3,测试集,304,400,0,0,-0.15791545,0.30828125,0.05506058424999998,0.06018664778938598
test3,测试集,305,400,0,0,-0.157809562,0.307929392,0.054984400837499975,0.060106924866664094
test3,测试集,306,400,0,0,-0.15769706,0.307105583,0.0548928694975,0.060000866281743226
test3,测试集,307,400,0,0,-0.157578321,0.306052864,0.054790275937500035,0.059874279041650644
test3,测试集,308,400,0,0,-0.157454325,0.304982881,0.0546821892,0.059738599333288775
test3,测试集,309,400,0,0,-0.157324266,0.30393332,0.05457297593750005,0.05960294997740545
test3,测试集,310,400,0,0,-0.15718799,0.302897625,0.05446362219500003,0.059468723986396764
test3,测试集,311,400,0,0,-0.157045793,0.301864781,0.05435407103499995,0.059335564075310376
test3,测试集,312,400,0,0,-0.156897091,0.300827025,0.054244091570000014,0.059203288010050106
test3,测试集,313,400,0,0,-0.156743342,0.299786097,0.054134064632500006,0.05907205978693828
test3,测试集,314,400,0,0,-0.15658415,0.298748552,0.0540237058675,0.05894224889915287
test3,测试集,315,400,0,0,-0.156418063,0.297715695,0.053913025804999994,0.05881333503772333
test3,测试集,316,400,0,0,-0.156246481,0.296682959,0.05380186562999996,0.05868495978078775
test3,测试集,317,400,0,0,-0.156068009,0.295647725,0.05368999834250002,0.05855737451973369
test3,测试集,318,400,0,0,-0.155882247,0.294609057,0.053577845355000014,0.058430437921282455
test3,测试集,319,400,0,0,-0.155691642,0.293572141,0.05346514591999998,0.058304408191496175
test3,测试集,320,400,0,0,-0.155495758,0.292542101,0.053351974367499964,0.05817952307596233
test3,测试集,321,400,0,0,-0.155293423,0.291514307,0.053238453792499946,0.0580552256361479
test3,测试集,322,400,0,0,-0.155084975,0.290486352,0.05312441971500008,0.05793201027909091
test3,测试集,323,400,0,0,-0.154870983,0.289456109,0.05300980438250005,0.057809560507397814
test3,测试集,324,400,0,0,-0.154651712,0.288421367,0.05289467201499997,0.05768789675154106
test3,测试集,325,400,0,0,-0.154426176,0.287388547,0.05277914739250006,0.05756728264814484
test3,测试集,326,400,0,0,-0.154193882,0.286360659,0.0526632390025,0.05744754005898209
test3,测试集,327,400,0,0,-0.153956269,0.285333008,0.05254668979,0.05732850636417666
test3,测试集,328,400,0,0,-0.153714043,0.284304066,0.05242968688750002,0.05721060785937382
test3,测试集,329,400,0,0,-0.153465641,0.283275493,0.05231230791750001,0.05709341768008312
test3,测试集,330,400,0,0,-0.15321147,0.282246467,0.052194377427499994,0.056977374363036064
test3,测试集,331,400,0,0,-0.152952269,0.281217588,0.052075970425000014,0.05686204243900731
test3,测试集,332,400,0,0,-0.152686082,0.280189993,0.05195712912749994,0.05674771979314658
test3,测试集,333,400,0,0,-0.152413522,0.279163283,0.05183788250500003,0.05663423541594935
test3,测试集,334,400,0,0,-0.152135581,0.278137969,0.05171802110249999,0.0565218599603931
test3,测试集,335,400,0,0,-0.151850628,0.277111842,0.05159774108499998,0.05641031874397542
test3,测试集,336,400,0,0,-0.151560055,0.276083693,0.051476988372500025,0.05629961696349375
test3,测试集,337,400,0,0,-0.15126442,0.275057685,0.051355806415,0.056190174916600104
test3,测试集,338,400,0,0,-0.150963375,0.274033219,0.05123417963000002,0.056081700029965445
test3,测试集,339,400,0,0,-0.1506572,0.273007587,0.051112056544999944,0.05597408810901445
test3,测试集,340,400,0,0,-0.15034517,0.271982815,0.05098956245999999,0.05586765140671911
test3,测试集,341,400,0,0,-0.150026969,0.270960128,0.0508665411375,0.055762336761278085
test3,测试集,342,400,0,0,-0.149702509,0.269937126,0.050743015222499965,0.05565804729615219
test3,测试集,343,400,0,0,-0.149371477,0.2689138,0.050619087955,0.05555472148548176
test3,测试集,344,400,0,0,-0.149033578,0.267890248,0.050494933647500025,0.055452584775187184
test3,测试集,345,400,0,0,-0.148691425,0.266866186,0.050370115924999966,0.055351596867857934
test3,测试集,346,400,0,0,-0.148345456,0.265843328,0.05024491870749999,0.05525147128153163
test3,测试集,347,400,0,0,-0.147994968,0.264817931,0.05011927475250005,0.05515261410690299
test3,测试集,348,400,0,0,-0.147638078,0.26379082,0.04999308782500003,0.055054789881867246
test3,测试集,349,400,0,0,-0.147274852,0.262765759,0.049866570524999966,0.054958067351824486
test3,测试集,350,400,0,0,-0.14690715,0.261744489,0.04973958805499998,0.054862359014285995
test3,测试集,351,400,0,0,-0.146534787,0.260723993,0.0496121762425,0.05476799502490607
test3,测试集,352,400,0,0,-0.1461577,0.259703242,0.04948436121249999,0.054674622406128394
test3,测试集,353,400,0,0,-0.14577471,0.258683785,0.04935589339750004,0.054582519199675904
test3,测试集,354,400,0,0,-0.14538711,0.257660958,0.04922721413499996,0.05449160989779031
test3,测试集,355,400,0,0,-0.144995375,0.256637124,0.049097964887500026,0.05440173315039393
test3,测试集,356,400,0,0,-0.144597886,0.255614515,0.04896835212749995,0.054313242777071426
test3,测试集,357,400,0,0,-0.14419384699999999,0.254592029,0.048838267000000074,0.05422584107588075
test3,测试集,358,400,0,0,-0.143784157,0.253571107,0.04870776888249998,0.054139541705635494
test3,测试集,359,400,0,0,-0.143369863,0.252549464,0.04857684081499995,0.05405472204178559
test3,测试集,360,400,0,0,-0.142950327,0.251524939,0.04844553975250003,0.05397109723217089
test3,测试集,361,400,0,0,-0.142525111,0.250499057,0.04831396855499995,0.053888890277201285
test3,测试集,362,400,0,0,-0.142094353,0.250632607,0.048181867544999965,0.05380785285221779
test3,测试集,363,400,0,0,-0.141658047,0.252129306,0.048049272677500005,0.05372814137032077
test3,测试集,364,400,0,0,-0.141215967,0.253627304,0.04791630401249995,0.05364940917458417
test3,测试集,365,400,0,0,-0.140769242,0.25512493,0.047782838197500045,0.053572180091762775
test3,测试集,366,400,0,0,-0.140319036,0.25662072,0.047649066294999945,0.05349622284444617
test3,测试集,367,400,0,0,-0.139863068,0.258116674,0.04751479306999999,0.05342179502187756
test3,测试集,368,400,0,0,-0.139400875,0.259609853,0.04738023148750001,0.053348535634344045
test3,测试集,369,400,0,0,-0.138935224,0.261102875,0.047245210102500004,0.053276725647480615
test3,测试集,370,400,0,0,-0.138464638,0.262597448,0.047109897385000016,0.053206209462968064
test3,测试集,371,400,0,0,-0.137988312,0.264089803,0.04697402998999996,0.05313706010204971
test3,测试集,372,400,0,0,-0.137507948,0.265582457,0.046837705235000054,0.05306918264871781
test3,测试集,373,400,0,0,-0.13702208,0.267077119,0.04670097798250002,0.053002965723812155
test3,测试集,374,400,0,0,-0.136531186,0.268571385,0.046563879527500004,0.05293793208816286
test3,测试集,375,400,0,0,-0.136035762,0.270066469,0.046426372242500034,0.0528744721567245
test3,测试集,376,400,0,0,-0.13553418,0.271562307,0.04628840524250002,0.052812093124033045
test3,测试集,377,400,0,0,-0.135027538,0.273058354,0.04614982346749996,0.05275126412511518
test3,测试集,378,400,0,0,-0.134515635,0.274554566,0.0460108130075,0.05269172519040742
test3,测试集,379,400,0,0,-0.13399797,0.276050875,0.04587111775000004,0.05263336034450871
test3,测试集,380,400,0,0,-0.133476868,0.277544756,0.0457309977775,0.05257615852692439
test3,测试集,381,400,0,0,-0.132951279,0.279034845,0.04559026126000001,0.05252036395320605
test3,测试集,382,400,0,0,-0.132419356,0.280524521,0.04544894873000003,0.05246545342905803
test3,测试集,383,400,0,0,-0.131883383,0.282016193,0.04530682996249996,0.05241185242777877
test3,测试集,384,400,0,0,-0.131342319,0.283506826,0.045164277932500003,0.05235915082662398
test3,测试集,385,400,0,0,-0.130796909,0.2849952,0.045021012895000004,0.05230756734820741
test3,测试集,386,400,0,0,-0.130248306,0.286483379,0.044877058097500006,0.05225671082295621
test3,测试集,387,400,0,0,-0.129693578,0.287970016,0.04473216983999999,0.05220692006814786
test3,测试集,388,400,0,0,-0.129134544,0.289460874,0.0445867075475,0.05215801011406225
test3,测试集,389,400,0,0,-0.128571359,0.290956891,0.044440468239999975,0.05211018316067025
test3,测试集,390,400,0,0,-0.128001776,0.292453816,0.04429378110249999,0.05206319885859412
test3,测试集,391,400,0,0,-0.127428322,0.293947483,0.04414620102249994,0.05201721128467543
test3,测试集,392,400,0,0,-0.126851966,0.295439436,0.04399800468250003,0.05197206715780416
test3,测试集,393,400,0,0,-0.126270663,0.296931939,0.04384896342750001,0.05192784486357749
test3,测试集,394,400,0,0,-0.125684158,0.298419739,0.04369901823499998,0.05188434787148689
test3,测试集,395,400,0,0,-0.125093787,0.299904285,0.043547830445000005,0.051841423502600084
test3,测试集,396,400,0,0,-0.124499926,0.301382637,0.043395263919999996,0.05179849294531668
test3,测试集,397,400,0,0,-0.123901342,0.302829394,0.043240546747499976,0.05175413800324463
test3,测试集,398,400,0,0,-0.12329672,0.304214033,0.04308302834500002,0.05170680318943991
test3,测试集,399,400,0,0,-0.122687338,0.305504986,0.04292186772249998,0.05165374074182954
test3,测试集,400,400,0,0,-0.122072954,0.306670229,0.04275612765750001,0.05159330776226328
test3,测试集,401,400,0,0,-0.12145417,0.307680216,0.04258488353499997,0.051522824737096524
test3,测试集,402,400,0,0,-0.12083218,0.308469397,0.04240702494250003,0.05143943915633512
test3,测试集,403,400,0,0,-0.12020665,0.308944743,0.04222202483749997,0.051341117408337966
test3,测试集,404,400,0,0,-0.119576807,0.309066044,0.04202955747249999,0.051226948438984524
test3,测试集,405,400,0,0,-0.118942296,0.308859111,0.04182973667250003,0.05109650926636066
test3,测试集,406,400,0,0,-0.11830379,0.308367472,0.04162219105000002,0.05094867560985567
test3,测试集,407,400,0,0,-0.11766048,0.307786094,0.04140621756749998,0.05078267568721823
test3,测试集,408,400,0,0,-0.117012277,0.306904853,0.0411828573925,0.05060068367297344
test3,测试集,409,400,0,0,-0.116360078,0.305865014,0.04095464745000002,0.05040785075388236
test3,测试集,410,400,0,0,-0.115703344,0.304787112,0.04072440599750001,0.05021144262568719
test3,测试集,411,400,0,0,-0.115041415,0.30371706,0.04049384508750003,0.05001566053109216
test3,测试集,412,400,0,0,-0.114375852,0.302658679,0.04026330806000001,0.04982092322173826
test3,测试集,413,400,0,0,-0.113706058,0.301607004,0.04003269953,0.04962680148329369
test3,测试集,414,400,0,0,-0.113032803,0.300557634,0.03980182393249998,0.04943364780712448
test3,测试集,415,400,0,0,-0.11235683,0.299510553,0.03957098255250005,0.049241301251419074
test3,测试集,416,400,0,0,-0.111676358,0.298463912,0.03934010759749997,0.049049761022449415
test3,测试集,417,400,0,0,-0.11099025,0.297417121,0.03910923724750002,0.04885885814868305
test3,测试集,418,400,0,0,-0.110299303,0.296372264,0.038878094384999964,0.048668538372240173
test3,测试集,419,400,0,0,-0.109604924,0.295329714,0.038646604432500016,0.04847863874000901
test3,测试集,420,400,0,0,-0.108907246,0.294289292,0.0384148752225,0.04828932443301975
test3,测试集,421,400,0,0,-0.108205408,0.293251416,0.038183013684999996,0.04810052660990592
test3,测试集,422,400,0,0,-0.107498653,0.29221349,0.03795082087249998,0.047912224036542085
test3,测试集,423,400,0,0,-0.106788604,0.291172736,0.037718360647499984,0.047724348220503435
test3,测试集,424,400,0,0,-0.106076129,0.290131589,0.03748570818250002,0.04753690838934637
test3,测试集,425,400,0,0,-0.105360225,0.28909115,0.037252796284999994,0.047349997061192244
test3,测试集,426,400,0,0,-0.104641049,0.288051403,0.03701957376500001,0.047163651926199354
test3,测试集,427,400,0,0,-0.103917978,0.287012901,0.036786076677499994,0.04697771046523592
test3,测试集,428,400,0,0,-0.103190339,0.28597704,0.0365522226425,0.046792489005768864
test3,测试集,429,400,0,0,-0.102459413,0.284942681,0.03631821132500001,0.04660795123952362
test3,测试集,430,400,0,0,-0.101725456,0.283908236,0.03608412442750001,0.04642391812354994
test3,测试集,431,400,0,0,-0.10098857,0.282875397,0.035849611142500015,0.046240616543484214
test3,测试集,432,400,0,0,-0.100248883,0.28184359,0.035614978602499986,0.046057987186590175
test3,测试集,433,400,0,0,-0.099504728,0.280811191,0.035380339525000006,0.045876047778323784
test3,测试集,434,400,0,0,-0.098756228,0.27977729,0.035145192862500015,0.04569453708586103
test3,测试集,435,400,0,0,-0.09800485,0.278742736,0.034909947882500035,0.045513504318919124
test3,测试集,436,400,0,0,-0.097888216,0.277709365,0.034674556500000016,0.04533344716647826
test3,测试集,437,400,0,0,-0.098632529,0.276676228,0.03443887513750002,0.04515402029924547
test3,测试集,438,400,0,0,-0.099372004,0.275640773,0.0342031252925,0.04497532176292652
test3,测试集,439,400,0,0,-0.100106442,0.274605183,0.03396727472750001,0.04479756398728154
test3,测试集,440,400,0,0,-0.100836159,0.273571023,0.033731097405,0.04462047224143201
test3,测试集,441,400,0,0,-0.101561294,0.272536298,0.033494702725,0.04444389240139925
test3,测试集,442,400,0,0,-0.10228342,0.271501926,0.03325806458000002,0.044268116784297006
test3,测试集,443,400,0,0,-0.103002213,0.270468208,0.0330213077,0.044092991299108604
test3,测试集,444,400,0,0,-0.10371612,0.26943428,0.03278424327750001,0.04391868678375059
test3,测试集,445,400,0,0,-0.104425882,0.268398168,0.03254707243499997,0.04374500832810939
test3,测试集,446,400,0,0,-0.105130654,0.267360928,0.032309609962500006,0.04357210504210164
test3,测试集,447,400,0,0,-0.105831054,0.266325082,0.03207190929999998,0.043400039724154744
test3,测试集,448,400,0,0,-0.106528087,0.26529032,0.03183420483750001,0.04322885608803196
test3,测试集,449,400,0,0,-0.107221813,0.264257617,0.03159635926500001,0.04305857439292297
test3,测试集,450,400,0,0,-0.107911262,0.26322493,0.03135831837,0.04288918067192708
test3,测试集,451,400,0,0,-0.108595799,0.262191773,0.03112000835750001,0.04272062953043935
test3,测试集,452,400,0,0,-0.109276597,0.261159644,0.030881568580000008,0.04255298941319542
test3,测试集,453,400,0,0,-0.10995275,0.260126758,0.03064295082000001,0.04238622963821876
test3,测试集,454,400,0,0,-0.110624462,0.259093177,0.03040422506250002,0.04222024336913723
test3,测试集,455,400,0,0,-0.111292075,0.258060157,0.030165289425000012,0.0420553291737115
test3,测试集,456,400,0,0,-0.111956448,0.25702777,0.029926159285000035,0.041891463555782965
test3,测试集,457,400,0,0,-0.112616715,0.255995132,0.029687063912500006,0.041728525172327315
test3,测试集,458,400,0,0,-0.11327201,0.254963115,0.029447779647500002,0.04156663080968253
test3,测试集,459,400,0,0,-0.113925415,0.253931411,0.029208424385000008,0.04140571274731945
test3,测试集,460,400,0,0,-0.114573594,0.25289815,0.028969020860000014,0.041245594263373875
test3,测试集,461,400,0,0,-0.115214267,0.251865521,0.02872920102000001,0.041086581104368164
test3,测试集,462,400,0,0,-0.115852288,0.250833664,0.02848945253749997,0.040928660124656346
test3,测试集,463,400,0,0,-0.116485608,0.249801286,0.028249538757499984,0.040772030814567095
test3,测试集,464,400,0,0,-0.117111665,0.248769263,0.02800946994500001,0.04061651546636367
test3,测试集,465,400,0,0,-0.117733537,0.24773752,0.027769153070000004,0.04046195100077201
test3,测试集,466,400,0,0,-0.118352212,0.246706261,0.027528791514999998,0.04030837847527047
test3,测试集,467,400,0,0,-0.118967698,0.24567628,0.027288246167499978,0.04015578405525633
test3,测试集,468,400,0,0,-0.119578829,0.244646645,0.027047566149999994,0.040004485952049224
test3,测试集,469,400,0,0,-0.120183957,0.243615711,0.026806804132500014,0.03985427930103258
test3,测试集,470,400,0,0,-0.12078109,0.242583761,0.026566016975000002,0.03970524630660407
test3,测试集,471,400,0,0,-0.121373674,0.241552529,0.026324911547500007,0.03955712696067931
test3,测试集,472,400,0,0,-0.121963514,0.240521389,0.026083641442499975,0.039410296180761806
test3,测试集,473,400,0,0,-0.122547,0.239489768,0.025842351570000005,0.03926468418044657
test3,测试集,474,400,0,0,-0.123125792,0.2384586,0.025601048142500017,0.03912048609598764
test3,测试集,475,400,0,0,-0.123701541,0.23742692,0.02535978883999998,0.03897742609208965
test3,测试集,476,400,0,0,-0.124273554,0.236394627,0.02511844868249999,0.03883573535679526
test3,测试集,477,400,0,0,-0.124841079,0.235362597,0.02487705473500003,0.038695394968335066
test3,测试集,478,400,0,0,-0.125404413,0.234332593,0.024635549377499982,0.0385561408089167
test3,测试集,479,400,0,0,-0.125962247,0.233305525,0.024393858625000008,0.03841817470229942
test3,测试集,480,400,0,0,-0.126515678,0.232278652,0.024152119032500013,0.03828159824680941
test3,测试集,481,400,0,0,-0.12706545,0.23125108,0.023910212337499997,0.038146244297409655
test3,测试集,482,400,0,0,-0.127608871,0.230224308,0.023668325947499996,0.03801233609946058
test3,测试集,483,400,0,0,-0.128147348,0.229196387,0.02342631685499999,0.037879822963983456
test3,测试集,484,400,0,0,-0.128681927,0.228166171,0.02318418171750001,0.03774863172677992
test3,测试集,485,400,0,0,-0.129211688,0.227135071,0.022942022372500002,0.03761871176360537
test3,测试集,486,400,0,0,-0.129737954,0.226103944,0.022699743207499998,0.037490285909118626
test3,测试集,487,400,0,0,-0.130259325,0.225073492,0.02245750450499999,0.03736340026448867
test3,测试集,488,400,0,0,-0.130774886,0.224043031,0.022215133754999995,0.03723770881506218
test3,测试集,489,400,0,0,-0.131285677,0.223011803,0.021972681740000003,0.03711348316080621
test3,测试集,490,400,0,0,-0.131792058,0.221981304,0.021730185962500002,0.03699096119966452
test3,测试集,491,400,0,0,-0.132294005,0.22095199,0.021487763002500007,0.036870038978444555
test3,测试集,492,400,0,0,-0.132790443,0.219922724,0.021245281780000017,0.03675059159804841
test3,测试集,493,400,0,0,-0.133282323,0.218893375,0.021002720300000007,0.03663267300447121
test3,测试集,494,400,0,0,-0.133770438,0.217865938,0.020760120189999988,0.036516373480971254
test3,测试集,495,400,0,0,-0.134253664,0.216839233,0.020517504467500003,0.036401448978601716
test3,测试集,496,400,0,0,-0.134729846,0.215812085,0.020274895094999978,0.03628810542462786
test3,测试集,497,400,0,0,-0.135199704,0.214786141,0.02003227239,0.036176493805962905
test3,测试集,498,400,0,0,-0.135664743,0.213760857,0.019789540230000003,0.036066545087185244
test3,测试集,499,400,0,0,-0.136121869,0.212734512,0.01954692781,0.03595821918462197
test3,测试集,500,400,0,0,-0.136573064,0.211706822,0.019304287250000007,0.03585149395991866
test3,测试集,501,400,0,0,-0.137021678,0.210679743,0.019061593440000003,0.03574618802070531
test3,测试集,502,400,0,0,-0.137465411,0.209654984,0.018818822575,0.035642798447738294
test3,测试集,503,400,0,0,-0.13790272,0.208630568,0.018576024954999996,0.03554103466684286
test3,测试集,504,400,0,0,-0.138334712,0.207604829,0.01833334660250001,0.03544080894525711
test3,测试集,505,400,0,0,-0.138761327,0.206578113,0.018090674702500004,0.035342464871063635
test3,测试集,506,400,0,0,-0.139184348,0.205553371,0.017847878282499997,0.03524549223975485
test3,测试集,507,400,0,0,-0.139603502,0.204531386,0.01760482888499999,0.035150312100034255
test3,测试集,508,400,0,0,-0.140015167,0.20350866,0.01736171158750001,0.035056084130628315
test3,测试集,509,400,0,0,-0.140421735,0.202485457,0.01711815183500001,0.03496313577377713
test3,测试集,510,400,0,0,-0.140822898,0.201461176,0.016874176262500006,0.034871043333718876
test3,测试集,511,400,0,0,-0.141217092,0.200435959,0.016629973169999996,0.03478014002730813
test3,测试集,512,400,0,0,-0.141605865,0.199408812,0.016385503819999998,0.034690574330809604
test3,测试集,513,400,0,0,-0.141990772,0.198380403,0.016140980875,0.034602379615343314
test3,测试集,514,400,0,0,-0.142370546,0.197354591,0.015896304797500007,0.03451597677955008
test3,测试集,515,400,0,0,-0.14274296,0.196329906,0.0156517499925,0.0344313864629522
test3,测试集,516,400,0,0,-0.143110646,0.195306061,0.015407177235000007,0.03434858660377389
test3,测试集,517,400,0,0,-0.143473874,0.194287305,0.015162790242500009,0.03426782943105799
test3,测试集,518,400,0,0,-0.143829285,0.193268741,0.014918393437500005,0.03418867845679757
test3,测试集,519,400,0,0,-0.144177669,0.192245198,0.014674041635,0.03411147005195257
test3,测试集,520,400,0,0,-0.144519334,0.191219526,0.014429910670000008,0.03403613624643435
test3,测试集,521,400,0,0,-0.14485511,0.190192113,0.014185946522500003,0.033962459159229935
test3,测试集,522,400,0,0,-0.145185991,0.189165013,0.013941724549999987,0.033890680198799226
test3,测试集,523,400,0,0,-0.145512436,0.188138426,0.013697657022499997,0.03382090130162617
test3,测试集,524,400,0,0,-0.145834013,0.187111371,0.013453764314999995,0.03375309483982208
test3,测试集,525,400,0,0,-0.146148708,0.186085294,0.013209834419999988,0.033687059118008865
test3,测试集,526,400,0,0,-0.146457896,0.185060507,0.0129660094975,0.03362292466144753
test3,测试集,527,400,0,0,-0.146764937,0.184036213,0.0127224037825,0.03356097024281859
test3,测试集,528,400,0,0,-0.147067985,0.183013677,0.012478853809999997,0.03350077201435296
test3,测试集,529,400,0,0,-0.147364091,0.181993601,0.012235357009999998,0.033442533937841835
test3,测试集,530,400,0,0,-0.147654418,0.180972023,0.011992043067499996,0.03338623457549811
test3,测试集,531,400,0,0,-0.147938243,0.179949601,0.011748739609999998,0.03333187321287573
test3,测试集,532,400,0,0,-0.148215408,0.178929,0.011505541587499996,0.03327937742788425
test3,测试集,533,400,0,0,-0.148487094,0.177909113,0.011262231262500002,0.033228989998974306
test3,测试集,534,400,0,0,-0.148755021,0.176888872,0.011019238022500006,0.03318045502475968
test3,测试集,535,400,0,0,-0.149017602,0.175866963,0.010776304744999998,0.03313386839151151
test3,测试集,536,400,0,0,-0.149273206,0.174842988,0.010533462095000001,0.033089129515184536
test3,测试集,537,400,0,0,-0.149523029,0.173818701,0.010290604910000003,0.03304625080572806
test3,测试集,538,400,0,0,-0.149766774,0.172794084,0.010047812409999999,0.03300543689750448
test3,测试集,539,400,0,0,-0.15000551,0.171769543,0.009805324132500005,0.032966565536053975
test3,测试集,540,400,0,0,-0.1502384,0.170745584,0.0095628393325,0.0329295546298292
test3,测试集,541,400,0,0,-0.150466392,0.169722132,0.009320644777500001,0.03289458126538469
test3,测试集,542,400,0,0,-0.150690047,0.168699365,0.009078650192500003,0.032861504254203235
test3,测试集,543,400,0,0,-0.150906488,0.167678656,0.008836679407500004,0.03283061534294962
test3,测试集,544,400,0,0,-0.151115881,0.166660588,0.008594960254999999,0.03280164555017368
test3,测试集,545,400,0,0,-0.151320555,0.165641428,0.008353451557500006,0.03277451248467758
test3,测试集,546,400,0,0,-0.151520962,0.164619474,0.0081118561225,0.032749342310148956
test3,测试集,547,400,0,0,-0.151714819,0.163596536,0.007870506892500002,0.032726138959017784
test3,测试集,548,400,0,0,-0.151900795,0.162574787,0.0076293139499999975,0.03270490146882618
test3,测试集,549,400,0,0,-0.152080762,0.16155374,0.007388122052499998,0.03268567586178544
test3,测试集,550,400,0,0,-0.15225506,0.160533095,0.0071472793774999994,0.032668404870453305
test3,测试集,551,400,0,0,-0.152422589,0.16105655,0.006906608460000003,0.032653015821508896
test3,测试集,552,400,0,0,-0.152584521,0.161690807,0.006666082942499996,0.03263962406469377
test3,测试集,553,400,0,0,-0.152742906,0.162325885,0.006425633012499998,0.03262807909500922
test3,测试集,554,400,0,0,-0.152897344,0.162961276,0.006185421255000001,0.03261860773072864
test3,测试集,555,400,0,0,-0.153044503,0.163596329,0.005945178879999996,0.0326110348252594
test3,测试集,556,400,0,0,-0.153186325,0.164230634,0.0057052964625,0.03260536516865684
test3,测试集,557,400,0,0,-0.153322734,0.164864263,0.005465699120000001,0.03260156008742795
test3,测试集,558,400,0,0,-0.153450963,0.165497659,0.00522630377,0.032599713228611826
test3,测试集,559,400,0,0,-0.153572717,0.166131221,0.004986865579999999,0.032599667410381984
test3,测试集,560,400,0,0,-0.153690082,0.166764941,0.0047475855575,0.03260152433350468
test3,测试集,561,400,0,0,-0.15380391,0.16739847,0.004508547235000003,0.03260522028349005
test3,测试集,562,400,0,0,-0.154948719,0.168031576,0.0042697045100000015,0.03261069182558218
test3,测试集,563,400,0,0,-0.156102865,0.168664462,0.004031098842499998,0.03261820396109097
test3,测试集,564,400,0,0,-0.1572459,0.169297569,0.003792645497500002,0.032627495658378775
test3,测试集,565,400,0,0,-0.158382583,0.169931073,0.0035543875775,0.03263848822679504
test3,测试集,566,400,0,0,-0.159517808,0.170564662,0.0033164470799999994,0.03265139161525094
test3,测试集,567,400,0,0,-0.160646755,0.171197841,0.0030787781624999986,0.03266609118195414
test3,测试集,568,400,0,0,-0.161767201,0.171830396,0.0028413710625,0.032682520402007184
test3,测试集,569,400,0,0,-0.162880418,0.172462533,0.0026040790525,0.032700775911559024
test3,测试集,570,400,0,0,-0.163987576,0.173094622,0.002367112635,0.03272085985973433
test3,测试集,571,400,0,0,-0.165090773,0.17372693,0.0021302700050000005,0.03274268743580584
test3,测试集,572,400,0,0,-0.166185079,0.174359566,0.0018938089100000001,0.03276625214485129
test3,测试集,573,400,0,0,-0.167269939,0.174992526,0.0016574940274999997,0.032791587248971195
test3,测试集,574,400,0,0,-0.168348328,0.175625704,0.0014212730099999996,0.03281858757020236
test3,测试集,575,400,0,0,-0.16942136,0.176258899,0.001185367747499999,0.03284738656259194
test3,测试集,576,400,0,0,-0.17048733,0.176891945,0.0009498074899999988,0.032877798643310474
test3,测试集,577,400,0,0,-0.171545702,0.177524856,0.000714424505000002,0.032910001594942985
test3,测试集,578,400,0,0,-0.172598797,0.178157828,0.00047922821249999926,0.032943835005534085
test3,测试集,579,400,0,0,-0.173643802,0.178791074,0.0002444100724999996,0.032979423114077214
test3,测试集,580,400,0,0,-0.174679609,0.179424688,9.820505000000565e-06,0.033016584706690395
test3,测试集,581,400,0,0,-0.175708714,0.180058656,-0.00022447688499999994,0.033055308394799435
test3,测试集,582,400,0,0,-0.176730505,0.180692905,-0.0004586579349999978,0.03309571938697804
test3,测试集,583,400,0,0,-0.177745324,0.181327261,-0.0006926257699999971,0.03313783162822352
test3,测试集,584,400,0,0,-0.178754531,0.1819613,-0.0009262977550000043,0.033181475674446695
test3,测试集,585,400,0,0,-0.179753583,0.182594196,-0.0011595969100000015,0.03322663223230667
test3,测试集,586,400,0,0,-0.180743057,0.183224604,-0.00139257776,0.03327325738425201
test3,测试集,587,400,0,0,-0.181726467,0.183850549,-0.0016253892024999947,0.033321254113462706
test3,测试集,588,400,0,0,-0.182703507,0.184469426,-0.0018580205649999964,0.033370602359626675
test3,测试集,589,400,0,0,-0.183675273,0.185078214,-0.0020903710824999996,0.0334210086856947
test3,测试集,590,400,0,0,-0.184638598,0.185673962,-0.0023225336975000004,0.03347269001182376
test3,测试集,591,400,0,0,-0.185591402,0.186254381,-0.002554621142499996,0.03352536102361299
test3,测试集,592,400,0,0,-0.186535419,0.186818239,-0.002786544417499996,0.03357878510990346
test3,测试集,593,400,0,0,-0.187470581,0.187365324,-0.0030183869025000045,0.03363319380354054
test3,测试集,594,400,0,0,-0.188398516,0.187895982,-0.003250063665000007,0.03368845440102334
test3,测试集,595,400,0,0,-0.18931844,0.188410567,-0.003481595470000005,0.03374467607873528
test3,测试集,596,400,0,0,-0.19023156,0.188909187,-0.003712756320000002,0.033801682903136045
test3,测试集,597,400,0,0,-0.191137306,0.189391909,-0.003943897715000001,0.03385953213902068
test3,测试集,598,400,0,0,-0.192033071,0.189859015,-0.004175029554999997,0.033918033382503675
test3,测试集,599,400,0,0,-0.192918612,0.190310887,-0.004405936274999991,0.03397747716885279
test3,测试集,600,400,0,0,-0.193793676,0.190747582,-0.004636787839999998,0.03403785769503623
test3,测试集,601,400,0,0,-0.194662567,0.191168675,-0.004867324517499993,0.034098877898739534
test3,测试集,602,400,0,0,-0.195526779,0.191573767,-0.005097751677499995,0.03416084847102777
test3,测试集,603,400,0,0,-0.19638291,0.191963312,-0.005328009720000001,0.034223475181835175
test3,测试集,604,400,0,0,-0.197229,0.192338777,-0.005558157407500002,0.03428675518084912
test3,测试集,605,400,0,0,-0.198065216,0.192701082,-0.005788162747500001,0.03435053786732143
test3,测试集,606,400,0,0,-0.198894494,0.1930463,-0.006017902983499993,0.034414781108332994
test3,测试集,607,400,0,0,-0.199717112,0.193358906,-0.0062479719724999995,0.03447918810637589
test3,测试集,608,400,0,0,-0.200531845,0.193606054,-0.006478317292500005,0.03454269863725695
test3,测试集,609,400,0,0,-0.201334894,0.193737318,-0.006709589355,0.03460421925449921
test3,测试集,610,400,0,0,-0.202125432,0.193695398,-0.00694200682,0.03466204664967817
test3,测试集,611,400,0,0,-0.202909743,0.193434678,-0.007175998819999996,0.034714975788072616
test3,测试集,612,400,0,0,-0.203686812,0.192940279,-0.007411890677500004,0.03476240219891787
test3,测试集,613,400,0,0,-0.204454617,0.19223588,-0.007649320105000005,0.0348046745969201
test3,测试集,614,400,0,0,-0.205214305,0.191374328,-0.007888346012500002,0.03484281761709573
test3,测试集,615,400,0,0,-0.205964604,0.190417399,-0.00812838823249999,0.034878535068840026
test3,测试集,616,400,0,0,-0.206707184,0.18941529,-0.008368821577499994,0.03491354542619468
test3,测试集,617,400,0,0,-0.207442176,0.18839788699999999,-0.008609042100000002,0.03494892726040855
test3,测试集,618,400,0,0,-0.208168786,0.187377729,-0.008848891917500008,0.03498549093835048
test3,测试集,619,400,0,0,-0.208885918,0.186358629,-0.009088146630000002,0.035023391022748714
test3,测试集,620,400,0,0,-0.209595051,0.185342288,-0.009326747609999995,0.03506246767922973
test3,测试集,621,400,0,0,-0.210295116,0.184330074,-0.009564961614999992,0.03510295249573012
test3,测试集,622,400,0,0,-0.210988007,0.183322573,-0.009802509242499993,0.03514463489366009
test3,测试集,623,400,0,0,-0.211674284,0.182319592,-0.01003962369,0.03518749917033885
test3,测试集,624,400,0,0,-0.212351883,0.181321248,-0.010276298027499998,0.035231264070339184
test3,测试集,625,400,0,0,-0.213020132,0.180328413,-0.010512538487499995,0.0352759115076164
test3,测试集,626,400,0,0,-0.21367538,0.179341637,-0.010748319132500003,0.03532142852612084
test3,测试集,627,400,0,0,-0.214321685,0.178359783,-0.010983871364999986,0.035367878788675144
test3,测试集,628,400,0,0,-0.214963824,0.177380269,-0.011218844282500003,0.03541514087484241
test3,测试集,629,400,0,0,-0.215596068,0.176400901,-0.011453375105000002,0.035463354693348666
test3,测试集,630,400,0,0,-0.216215969,0.175421343,-0.011687491212500019,0.0355122721068087
test3,测试集,631,400,0,0,-0.216827094,0.174442602,-0.011921119977499992,0.035562106122203126
test3,测试集,632,400,0,0,-0.217428247,0.173465178,-0.012154262742500003,0.03561283474496187
test3,测试集,633,400,0,0,-0.218021,0.172488002,-0.012387170749999996,0.0356642755494051
test3,测试集,634,400,0,0,-0.218605428,0.171509245,-0.012619530695000023,0.035716510341950274
test3,测试集,635,400,0,0,-0.219180498,0.170527958,-0.012851629267500012,0.03576931833955229
test3,测试集,636,400,0,0,-0.219747223,0.169544746,-0.013083206804999995,0.03582295289554886
test3,测试集,637,400,0,0,-0.220303994,0.168560975,-0.0133143465825,0.03587713435733227
test3,测试集,638,400,0,0,-0.22084967,0.167577673,-0.01354509576999998,0.035932088667646404
test3,测试集,639,400,0,0,-0.221388848,0.166595205,-0.013775303429999995,0.03598770857750448
test3,测试集,640,400,0,0,-0.221917421,0.165613713,-0.014005256592499982,0.03604409270350311
test3,测试集,641,400,0,0,-0.222431973,0.164633406,-0.0142348665975,0.0361009967756738
test3,测试集,642,400,0,0,-0.222939232,0.163654302,-0.014463973062500008,0.03615852594686183
test3,测试集,643,400,0,0,-0.22344304,0.162675826,-0.014692575015000008,0.0362166523776486
test3,测试集,644,400,0,0,-0.223939629,0.161696958,-0.014920693960000017,0.03627555131879103
test3,测试集,645,400,0,0,-0.224424158,0.160717057,-0.015148454257500001,0.03633491305071863
test3,测试集,646,400,0,0,-0.224897118,0.159736601,-0.015375626655000012,0.03639495276794399
test3,测试集,647,400,0,0,-0.225360523,0.15875703,-0.015602337795000006,0.03645553837172742
test3,测试集,648,400,0,0,-0.225813981,0.157779637,-0.01582849956999998,0.036516662218151405
test3,测试集,649,400,0,0,-0.226255831,0.156804451,-0.01605415117249998,0.03657851059319107
test3,测试集,650,400,0,0,-0.226688414,0.155830121,-0.016279503722500005,0.03664098650087355
test3,测试集,651,400,0,0,-0.227114658,0.154854936,-0.0165042352675,0.03670386536954306
test3,测试集,652,400,0,0,-0.227531178,0.153878069,-0.016728375850000005,0.036767168122785805
test3,测试集,653,400,0,0,-0.227937933,0.153363026,-0.01695216855,0.036831175440411784
test3,测试集,654,400,0,0,-0.228336217,0.1533505,-0.017175553097499994,0.03689554228051251
test3,测试集,655,400,0,0,-0.228724428,0.153334693,-0.01739841609750001,0.03696025592782917
test3,测试集,656,400,0,0,-0.229102945,0.153313592,-0.017620726757499997,0.037025568198100364
test3,测试集,657,400,0,0,-0.229469983,0.153285418,-0.017842683449999994,0.03709117322205559
test3,测试集,658,400,0,0,-0.229829079,0.153251985,-0.018064122972500003,0.037157347451858606
test3,测试集,659,400,0,0,-0.230182709,0.153214758,-0.018285118374999992,0.03722413933350138
test3,测试集,660,400,0,0,-0.230527435,0.153171023,-0.01850554523499999,0.037291351009223185
test3,测试集,661,400,0,0,-0.23086243,0.153119291,-0.0187255262125,0.037358969969239465
test3,测试集,662,400,0,0,-0.231188467,0.153064894,-0.018944997842500016,0.03742717449354782
test3,测试集,663,400,0,0,-0.231506462,0.153006998,-0.019164036190000008,0.037495764422066674
test3,测试集,664,400,0,0,-0.23181593,0.152942201,-0.019382497215000013,0.03756463503342131
test3,测试集,665,400,0,0,-0.232115348,0.152871023,-0.019600510130000016,0.03763397308428092
test3,测试集,666,400,0,0,-0.232405692,0.152794515,-0.0198178898725,0.03770360869976265
test3,测试集,667,400,0,0,-0.232686749,0.152712759,-0.020034931062499973,0.037773546789735254
test3,测试集,668,400,0,0,-0.232960513,0.1526231,-0.020251386517500004,0.03784397749644282
test3,测试集,669,400,0,0,-0.233225657,0.152527403,-0.020467537584999987,0.037914685199215696
test3,测试集,670,400,0,0,-0.233479252,0.152429038,-0.020683014337500014,0.03798584078290979
test3,测试集,671,400,0,0,-0.233725154,0.15232573,-0.02089809433500002,0.03805728240366613
test3,测试集,672,400,0,0,-0.233962358,0.15221423,-0.021112677189999984,0.03812888507099718
test3,测试集,673,400,0,0,-0.234188574,0.152094534,-0.021326408582499977,0.038200587140393205
test3,测试集,674,400,0,0,-0.234403563,0.151969956,-0.021539840850000005,0.03827263663849421
test3,测试集,675,400,0,0,-0.234609566,0.151841574,-0.021752829965000005,0.038345090037217325
test3,测试集,676,400,0,0,-0.234807048,0.151707199,-0.021965320722499973,0.038417910997817835
test3,测试集,677,400,0,0,-0.23499621,0.151567713,-0.022177270989999987,0.03849081598510826
test3,测试集,678,400,0,0,-0.235176854,0.15142436,-0.022388570162500034,0.0385641140991435
test3,测试集,679,400,0,0,-0.235346561,0.151274402,-0.022599394752499995,0.03863738811530255
test3,测试集,680,400,0,0,-0.235506048,0.151116132,-0.022809793627499998,0.038711009497200556
test3,测试集,681,400,0,0,-0.23565614,0.150953557,-0.02301958001,0.03878487612366409
test3,测试集,682,400,0,0,-0.235800056,0.150787833,-0.023228925572500017,0.038859014444116755
test3,测试集,683,400,0,0,-0.235937846,0.150613262,-0.023437867672499987,0.03893337093828776
test3,测试集,684,400,0,0,-0.236065646,0.150432171,-0.023646075939999994,0.039007972318745775
test3,测试集,685,400,0,0,-0.236181105,0.150247051,-0.023853915937499998,0.039082857794333355
test3,测试集,686,400,0,0,-0.236285559,0.150055238,-0.024061028024999997,0.0391577949790532
test3,测试集,687,400,0,0,-0.236387087,0.149858656,-0.024267726767500008,0.03923297512040424
test3,测试集,688,400,0,0,-0.236486335,0.149657769,-0.024473885877500018,0.039308476139291136
test3,测试集,689,400,0,0,-0.23657524,0.149451964,-0.024679333612499996,0.039384240457066934
test3,测试集,690,400,0,0,-0.236654422,0.149240174,-0.02488419418749999,0.03946009721954316
test3,测试集,691,400,0,0,-0.236723633,0.1490218,-0.025088566667500017,0.0395360373043252
test3,测试集,692,400,0,0,-0.236783808,0.148798662,-0.025292371062499975,0.039612083375998974
test3,测试集,693,400,0,0,-0.23683664,0.148571645,-0.02549563901500005,0.03968827132372082
test3,测试集,694,400,0,0,-0.236882257,0.148339536,-0.025698352192500006,0.039764589464985206
test3,测试集,695,400,0,0,-0.236923149,0.14810051,-0.025900664932500032,0.03984097805699208
test3,测试集,696,400,0,0,-0.236952828,0.14785771,-0.02610234188249997,0.03991766489706995
test3,测试集,697,400,0,0,-0.23697328,0.1476089,-0.02630344451749998,0.03999433503916787
test3,测试集,698,400,0,0,-0.236988206,0.147351563,-0.026504029519999976,0.040071113471076815
test3,测试集,699,400,0,0,-0.236993637,0.147089578,-0.026703995362500038,0.040148083743103406
test3,测试集,700,400,0,0,-0.236991519,0.146824845,-0.026903503544999992,0.04022519982472248
test3,测试集,701,400,0,0,-0.236982986,0.146556601,-0.02710229796500001,0.040302447589011026
test3,测试集,702,400,0,0,-0.236967009,0.146281832,-0.02730055342424997,0.04037981594368299
test3,测试集,703,400,0,0,-0.236942658,0.146000243,-0.027498306237500013,0.040457241689253055
test3,测试集,704,400,0,0,-0.23691134,0.145713751,-0.02769536765750001,0.0405347292084776
test3,测试集,705,400,0,0,-0.236874738,0.145421054,-0.027891903890000003,0.04061229087077748
test3,测试集,706,400,0,0,-0.236831332,0.14512202,-0.02808795168000001,0.0406900515803605
test3,测试集,707,400,0,0,-0.2367786,0.144820295,-0.028283398045000005,0.040767784944190505
test3,测试集,708,400,0,0,-0.236715463,0.144513624,-0.02847833584500002,0.04084568835321166
test3,测试集,709,400,0,0,-0.236647107,0.144200315,-0.028672548067500015,0.040923763083214285
test3,测试集,710,400,0,0,-0.236573562,0.143881311,-0.02886626064750004,0.04100170753097912
test3,测试集,711,400,0,0,-0.236490117,0.143555934,-0.029059181372499996,0.04107982434121268
test3,测试集,712,400,0,0,-0.236395993,0.143226677,-0.029251781589999987,0.04115800605107053
test3,测试集,713,400,0,0,-0.236296643,0.142893708,-0.02944371838499997,0.04123638325579965
test3,测试集,714,400,0,0,-0.23619192,0.142554251,-0.02963510322750001,0.04131492045870321
test3,测试集,715,400,0,0,-0.236076987,0.142208641,-0.029825996320000048,0.04139345215253428
test3,测试集,716,400,0,0,-0.235950888,0.141860121,-0.030016352339999983,0.04147184593173698
test3,测试集,717,400,0,0,-0.235816635,0.141507108,-0.030205968559999984,0.04155051254153466
test3,测试集,718,400,0,0,-0.235678113,0.141146029,-0.030395108930000015,0.04162897016213049
test3,测试集,719,400,0,0,-0.235530757,0.140779259,-0.030583573875000002,0.041707632464011525
test3,测试集,720,400,0,0,-0.235373452,0.140408272,-0.030771460432499995,0.04178643992507459
test3,测试集,721,400,0,0,-0.235208744,0.140472725,-0.030958796740000037,0.041865063749075206
test3,测试集,722,400,0,0,-0.235036088,0.140906011,-0.031145557130000015,0.041943946400279916
test3,测试集,723,400,0,0,-0.23485472,0.141334456,-0.03133175297999996,0.0420227661756828
test3,测试集,724,400,0,0,-0.234666073,0.141757481,-0.03151742768750002,0.04210166111029668
test3,测试集,725,400,0,0,-0.234468648,0.14217451,-0.03170242781500002,0.04218056123141934
test3,测试集,726,400,0,0,-0.234259605,0.142585872,-0.03188670677249998,0.04225950038059367
test3,测试集,727,400,0,0,-0.234044142,0.142991768,-0.03207042599000001,0.04233845595684403
test3,测试集,728,400,0,0,-0.233820761,0.143390926,-0.03225368507750002,0.04241747695564989
test3,测试集,729,400,0,0,-0.233586872,0.143783519,-0.032436271615000005,0.04249662273079553
test3,测试集,730,400,0,0,-0.233348376,0.144170212,-0.03261836966250002,0.04257594325521011
test3,测试集,731,400,0,0,-0.233100945,0.144551625,-0.032799871864999997,0.04265540471453654
test3,测试集,732,400,0,0,-0.232844577,0.144927511,-0.03298076617249997,0.042734747423079596
test3,测试集,733,400,0,0,-0.232582188,0.145297475,-0.033161027215,0.04281423422970193
test3,测试集,734,400,0,0,-0.23231282,0.145660969,-0.03334070754249997,0.04289361725893609
test3,测试集,735,400,0,0,-0.232034851,0.14601917,-0.03351952679250002,0.04297303859495215
test3,测试集,736,400,0,0,-0.231747022,0.146372188,-0.033697827702499975,0.04305252375893781
test3,测试集,737,400,0,0,-0.231450535,0.146719666,-0.03387576528250001,0.04313215441923666
test3,测试集,738,400,0,0,-0.231144538,0.147062927,-0.03405309251,0.04321205269849925
test3,测试集,739,400,0,0,-0.230832092,0.147399835,-0.034229784392500025,0.04329200150942922
test3,测试集,740,400,0,0,-0.230513211,0.147729983,-0.034405847185000005,0.043371825300955465
test3,测试集,741,400,0,0,-0.230188019,0.148055151,-0.03458128175,0.04345167522431186
test3,测试集,742,400,0,0,-0.229854582,0.148375259,-0.03475603401749998,0.043531747578048355
test3,测试集,743,400,0,0,-0.229508869,0.148690177,-0.03493032808249999,0.043611797989565465
test3,测试集,744,400,0,0,-0.229156875,0.148997468,-0.03510384917249999,0.04369188824227129
test3,测试集,745,400,0,0,-0.228799725,0.149297086,-0.03527685729499996,0.04377198690971727
test3,测试集,746,400,0,0,-0.228433646,0.149591649,-0.03544926205749998,0.043852128938253375
test3,测试集,747,400,0,0,-0.228059696,0.149881338,-0.035621122295,0.04393243363102543
test3,测试集,748,400,0,0,-0.227680897,0.150164702,-0.03579230467749998,0.04401296103520882
test3,测试集,749,400,0,0,-0.227293893,0.15044165,-0.035963027937499996,0.04409365497938009
test3,测试集,750,400,0,0,-0.226896595,0.150713343,-0.03613310083,0.044174603119912836
test3,测试集,751,400,0,0,-0.226495126,0.150979074,-0.03630257951,0.04425531649639417
test3,测试集,752,400,0,0,-0.226087319,0.151237483,-0.03647144181499999,0.04433609951881863
test3,测试集,753,400,0,0,-0.225671148,0.151489604,-0.03663954057500004,0.044417128014882054
test3,测试集,754,400,0,0,-0.225248385,0.151736764,-0.03680722175749997,0.04449836459460564
test3,测试集,755,400,0,0,-0.224816435,0.151978926,-0.036974371274999994,0.044579789852944
test3,测试集,756,400,0,0,-0.224375486,0.152214295,-0.03714078565249998,0.04466099469402011
test3,测试集,757,400,0,0,-0.2239298,0.152443069,-0.03730654905250002,0.044742290701769875
test3,测试集,758,400,0,0,-0.223478029,0.152666142,-0.03747164194499999,0.04482377114804037
test3,测试集,759,400,0,0,-0.223016191,0.15288173,-0.03763634329000001,0.044905622758823496
test3,测试集,760,400,0,0,-0.222544192,0.15309183,-0.037800560430000026,0.04498777405076993
test3,测试集,761,400,0,0,-0.222063345,0.153298378,-0.03796418347249998,0.045070079572995664
test3,测试集,762,400,0,0,-0.221578841,0.153498804,-0.03812716410250003,0.04515252629406613
test3,测试集,763,400,0,0,-0.221088041,0.153690617,-0.03828954606499998,0.04523508283757357
test3,测试集,764,400,0,0,-0.220586474,0.153876726,-0.03845149367249998,0.04531781561899861
test3,测试集,765,400,0,0,-0.220079533,0.154058578,-0.038612858619999996,0.04540089689271906
test3,测试集,766,400,0,0,-0.219566437,0.154233911,-0.03877373397750003,0.04548413465150988
test3,测试集,767,400,0,0,-0.219042797,0.154402119,-0.038934058855,0.045567553723256854
test3,测试集,768,400,0,0,-0.218660172,0.15456527,-0.039093857885000007,0.04565128929146202
test3,测试集,769,400,0,0,-0.218680643,0.154723286,-0.039252957899999996,0.04573526452828687
test3,测试集,770,400,0,0,-0.218696683,0.154874138,-0.0394117900075,0.04581957032835038
test3,测试集,771,400,0,0,-0.218705979,0.155018479,-0.039570148615,0.045904176822532845
test3,测试集,772,400,0,0,-0.218706189,0.1551572,-0.03972785968250004,0.045989257046807605
test3,测试集,773,400,0,0,-0.218703151,0.155290539,-0.03988515346499999,0.04607461908402205
test3,测试集,774,400,0,0,-0.218693846,0.155417355,-0.04004188002249997,0.04616016192570827
test3,测试集,775,400,0,0,-0.218672947,0.155537767,-0.04019800111999998,0.04624605538466949
test3,测试集,776,400,0,0,-0.218644769,0.155652763,-0.04035357478749999,0.04633226513369002
test3,测试集,777,400,0,0,-0.218610966,0.155761656,-0.04050865563250003,0.04641862200158507
test3,测试集,778,400,0,0,-0.218568434,0.15586372,-0.040663197837500026,0.04650538334715732
test3,测试集,779,400,0,0,-0.218518415,0.155959026,-0.04081711414749999,0.04659263603868013
test3,测试集,780,400,0,0,-0.218459604,0.156048526,-0.040970545522500006,0.04667963251785074
test3,测试集,781,400,0,0,-0.21839007,0.156132125,-0.04112321096,0.04676710905135367
test3,测试集,782,400,0,0,-0.218313911,0.156212563,-0.041275483667499994,0.04685484310876594
test3,测试集,783,400,0,0,-0.21822908,0.156290691,-0.04142702281000001,0.04694303643897654
test3,测试集,784,400,0,0,-0.218135556,0.156364679,-0.041577963495,0.0470313745741525
test3,测试集,785,400,0,0,-0.218034542,0.156433247,-0.0417282094725,0.047119832476517146
test3,测试集,786,400,0,0,-0.217922002,0.156495751,-0.041877908889999975,0.04720859348795517
test3,测试集,787,400,0,0,-0.217802141,0.156552545,-0.04202690743000003,0.04729769330803197
test3,测试集,788,400,0,0,-0.21767722,0.156602521,-0.04217543203499998,0.04738719523449308
test3,测试集,789,400,0,0,-0.217543036,0.156646351,-0.04232335308750002,0.04747687679714361
test3,测试集,790,400,0,0,-0.217400832,0.156684816,-0.042470734289999985,0.04756705234874096
test3,测试集,791,400,0,0,-0.217250808,0.156716623,-0.04261757483250001,0.047657327161109264
test3,测试集,792,400,0,0,-0.217090557,0.156741724,-0.04276362209750007,0.04774789363571863
test3,测试集,793,400,0,0,-0.216919414,0.156761912,-0.04290917195000001,0.047839070180970465
test3,测试集,794,400,0,0,-0.216740791,0.156777371,-0.043054228467499955,0.04793042537120689
test3,测试集,795,400,0,0,-0.216554965,0.156787617,-0.04319856882250003,0.048022176316992564
test3,测试集,796,400,0,0,-0.216359952,0.156792735,-0.043342355887500024,0.04811421568104684
test3,测试集,797,400,0,0,-0.216156873,0.156793811,-0.043485678685000036,0.048206624866369494
test3,测试集,798,400,0,0,-0.215947122,0.156790582,-0.04362830664500003,0.04829942144060256
test3,测试集,799,400,0,0,-0.215728716,0.156781685,-0.043770146667499975,0.04839267469408734
test3,测试集,800,400,0,0,-0.215501405,0.156768643,-0.0439115870825,0.048486424152800314
test3,测试集,801,400,0,0,-0.21526342,0.156750188,-0.04405244481499998,0.04858067777519276
test3,测试集,802,400,0,0,-0.215016047,0.156725791,-0.044192705484999976,0.048675322731986694
test3,测试集,803,400,0,0,-0.214760965,0.156695648,-0.04433227361000003,0.04877009230703237
test3,测试集,804,400,0,0,-0.214496044,0.156658955,-0.0444715613175,0.048865352897489805
test3,测试集,805,400,0,0,-0.214224029,0.156616681,-0.04461009358750001,0.04896099237037739
test3,测试集,806,400,0,0,-0.213947276,0.156568764,-0.04474798927499997,0.049057265446589636
test3,测试集,807,400,0,0,-0.213662748,0.156514615,-0.044885263377500005,0.049153779849100646
test3,测试集,808,400,0,0,-0.214211853,0.156454518,-0.04502197330750001,0.049250710824549876
test3,测试集,809,400,0,0,-0.215062706,0.156388933,-0.045157984035000015,0.04934793578244697
test3,测试集,810,400,0,0,-0.21591155,0.156318241,-0.04529352304499998,0.04944597962374455
test3,测试集,811,400,0,0,-0.216759699,0.156242629,-0.04542863128749997,0.04954433224029493
test3,测试集,812,400,0,0,-0.217609062,0.156159449,-0.045563086097499976,0.04964326849044296
test3,测试集,813,400,0,0,-0.21845828,0.156069291,-0.04569703845000001,0.04974266174962717
test3,测试集,814,400,0,0,-0.2193086,0.155973468,-0.04583039500000002,0.0498426936407484
test3,测试集,815,400,0,0,-0.220161423,0.155871519,-0.04596315350249999,0.04994323918517627
test3,测试集,816,400,0,0,-0.221013779,0.155763916,-0.0460954619,0.05004421125920016
test3,测试集,817,400,0,0,-0.221866617,0.155651363,-0.04622728983499999,0.05014583770196693
test3,测试集,818,400,0,0,-0.222718566,0.155535321,-0.04635850730749999,0.05024785118918785
test3,测试集,819,400,0,0,-0.223566486,0.155412211,-0.04648910199499997,0.050350578955413325
test3,测试集,820,400,0,0,-0.224409651,0.155281454,-0.046619241524999994,0.050453689552163936
test3,测试集,821,400,0,0,-0.225251834,0.155146201,-0.04674861644249998,0.05055737429076615
test3,测试集,822,400,0,0,-0.22610083,0.155005472,-0.04687744052250003,0.050661680588102734
test3,测试集,823,400,0,0,-0.226954224,0.154858823,-0.047005882949999966,0.0507666845164942
test3,测试集,824,400,0,0,-0.22780518,0.154706379,-0.04713366247750006,0.05087232760911542
test3,测试集,825,400,0,0,-0.228655144,0.154547957,-0.047260903195,0.050978540301668214
test3,测试集,826,400,0,0,-0.229504707,0.154383821,-0.04738757037500005,0.0510851358659676
test3,测试集,827,400,0,0,-0.230354162,0.154214803,-0.04751375535,0.0511926231594664
test3,测试集,828,400,0,0,-0.231203255,0.154041377,-0.04763932560000002,0.051300715674810794
test3,测试集,829,400,0,0,-0.232052493,0.153862578,-0.04776437645249998,0.051409276111709167
test3,测试集,830,400,0,0,-0.232901163,0.153676245,-0.04788883657250005,0.05151835631348731
test3,测试集,831,400,0,0,-0.233750641,0.153483132,-0.04801260754999997,0.05162819489127281
test3,测试集,832,400,0,0,-0.23460378,0.153284132,-0.048135986727499996,0.051738712828229366
test3,测试集,833,400,0,0,-0.235453727,0.153080642,-0.04825881725999995,0.051849764764409834
test3,测试集,834,400,0,0,-0.236299113,0.152872967,-0.04838106913500001,0.05196141118413769
test3,测试集,835,400,0,0,-0.237145738,0.152659783,-0.04850274467750006,0.0520739620903298
test3,测试集,836,400,0,0,-0.237993968,0.152441005,-0.048624084224999996,0.052187172548221576
test3,测试集,837,400,0,0,-0.238845801,0.152216825,-0.04874481938000003,0.05230122107098688
test3,测试集,838,400,0,0,-0.239699743,0.15198728,-0.04886506706999999,0.05241593877719035
test3,测试集,839,400,0,0,-0.240554231,0.151751438,-0.048984799692499977,0.052531487469037484
test3,测试集,840,400,0,0,-0.241408369,0.151509575,-0.049104010829999926,0.05264772472634351
test3,测试集,841,400,0,0,-0.24225496,0.151262012,-0.049222598377499996,0.05276459451445728
test3,测试集,842,400,0,0,-0.243096782,0.151008672,-0.049340766769999975,0.0528817885480722
test3,测试集,843,400,0,0,-0.243938957,0.150750231,-0.04945818999500001,0.052999895311849246
test3,测试集,844,400,0,0,-0.244779772,0.150486853,-0.04957505514999998,0.053118655557638124
test3,测试集,845,400,0,0,-0.245620024,0.150218972,-0.04969141416750006,0.05323807178645211
test3,测试集,846,400,0,0,-0.246465185,0.149945487,-0.04980717565249997,0.053358495438507146
test3,测试集,847,400,0,0,-0.247314307,0.149665485,-0.04992257584,0.053479615256574346
test3,测试集,848,400,0,0,-0.248161712,0.149380624,-0.050037438385000084,0.0536015682089703
test3,测试集,849,400,0,0,-0.249007428,0.14909006,-0.0501517715475,0.053724307756990705
test3,测试集,850,400,0,0,-0.249850293,0.14879385,-0.05026570252250004,0.053847659239894846
test3,测试集,851,400,0,0,-0.250691828,0.148491261,-0.05037906373999996,0.05397207382425658
test3,测试集,852,400,0,0,-0.251538245,0.148181637,-0.05049190353999999,0.05409742332893458
test3,测试集,853,400,0,0,-0.252387044,0.147866825,-0.05060428388999999,0.054223393519326604
test3,测试集,854,400,0,0,-0.253238815,0.147547301,-0.05071624428750002,0.05435016090827777
test3,测试集,855,400,0,0,-0.254093387,0.147223049,-0.050827615175,0.05447803490277947
test3,测试集,856,400,0,0,-0.254939261,0.146894211,-0.0509384581725,0.05460634281550258
test3,测试集,857,400,0,0,-0.255778525,0.146560456,-0.05104861947999999,0.05473533517257289
test3,测试集,858,400,0,0,-0.256621444,0.146220315,-0.05115851648500001,0.054865249881085335
test3,测试集,859,400,0,0,-0.25746809,0.145873986,-0.051267800787500005,0.05499609904703337
test3,测试集,860,400,0,0,-0.258317654,0.145522758,-0.05137663791499993,0.055127926173531475
test3,测试集,861,400,0,0,-0.259167882,0.145167274,-0.05148500800749998,0.0552608225109351
test3,测试集,862,400,0,0,-0.260015753,0.144807051,-0.05159291103000001,0.055394469820985455
test3,测试集,863,400,0,0,-0.260861541,0.144440956,-0.05170029894249997,0.05552883514463729
test3,测试集,864,400,0,0,-0.261705623,0.144070672,-0.051807104435000015,0.05566409615740764
test3,测试集,865,400,0,0,-0.262551569,0.143696385,-0.05191352383,0.05580009811868743
test3,测试集,866,400,0,0,-0.263398462,0.143316663,-0.052019406152499975,0.05593712374611676
test3,测试集,867,400,0,0,-0.264242835,0.142932333,-0.05212484305000003,0.05607487177557416
test3,测试集,868,400,0,0,-0.265087639,0.142544128,-0.052229676714999965,0.05621360597193778
test3,测试集,869,400,0,0,-0.265933024,0.142150706,-0.05233421584750004,0.05635315565790078
test3,测试集,870,400,0,0,-0.266780126,0.14175113,-0.052438260237500006,0.05649395066777006
test3,测试集,871,400,0,0,-0.267628139,0.141346894,-0.05254185580249999,0.05663558035389811
test3,测试集,872,400,0,0,-0.268476859,0.140937344,-0.05264498166499997,0.056778133954759086
test3,测试集,873,400,0,0,-0.269327174,0.140521931,-0.052747758275,0.05692160587808916
test3,测试集,874,400,0,0,-0.270176806,0.140102507,-0.05284994634750003,0.05706616594886754
test3,测试集,875,400,0,0,-0.27102593,0.139679903,-0.052951741204999986,0.057211555549401105
test3,测试集,876,400,0,0,-0.271875534,0.139252966,-0.05305307421249996,0.057357980150579496
test3,测试集,877,400,0,0,-0.272723348,0.138819272,-0.053153823940000004,0.05750533094779332
test3,测试集,878,400,0,0,-0.273568007,0.138379393,-0.05325405944500001,0.057653463894121994
test3,测试集,879,400,0,0,-0.274413351,0.137935504,-0.05335403757499997,0.057802513161618316
test3,测试集,880,400,0,0,-0.275260166,0.137487031,-0.05345363108500001,0.0579529063697417
test3,测试集,881,400,0,0,-0.2761052,0.137033959,-0.05355283216500004,0.05810432980433303
test3,测试集,882,400,0,0,-0.276944656,0.136575723,-0.05365142858500003,0.05825637658918308
test3,测试集,883,400,0,0,-0.277786435,0.136112771,-0.053749540544999974,0.05840952297545772
test3,测试集,884,400,0,0,-0.278632106,0.135647634,-0.0538470867925,0.058563414509766154
test3,测试集,885,400,0,0,-0.279475196,0.135177691,-0.05394424419250001,0.05871832352789051
test3,测试集,886,400,0,0,-0.280322344,0.134700486,-0.05404108118750003,0.058874303621244045
test3,测试集,887,400,0,0,-0.281171878,0.134218467,-0.05413736138750005,0.05903131632721099
test3,测试集,888,400,0,0,-0.282019014,0.133732901,-0.05423315459000005,0.059189319719200974
test3,测试集,889,400,0,0,-0.282864766,0.133241598,-0.05432854825749999,0.05934822938665981
test3,测试集,890,400,0,0,-0.28371098,0.132745162,-0.054423559182500025,0.059508235423727615
test3,测试集,891,400,0,0,-0.284561589,0.132244961,-0.05451812828499998,0.059669205848547666
test3,测试集,892,400,0,0,-0.285412003,0.131739618,-0.05461212024250004,0.059831124644510146
test3,测试集,893,400,0,0,-0.286258878,0.131229472,-0.05470575449249997,0.05999417582781226
test3,测试集,894,400,0,0,-0.287106409,0.130714111,-0.05479906171000007,0.06015829636007257
test3,测试集,895,400,0,0,-0.287955396,0.130194209,-0.05489183678749998,0.060323536579525855
test3,测试集,896,400,0,0,-0.288800594,0.129671326,-0.054984210515000055,0.06048972777640881
test3,测试集,897,400,0,0,-0.289645294,0.129143969,-0.05507599283499997,0.06065696872960913
test3,测试集,898,400,0,0,-0.29048995,0.12861174,-0.05516737221499997,0.060824976270559585
test3,测试集,899,400,0,0,-0.291332875,0.128074775,-0.055258155209999965,0.06099403923996534
test3,测试集,900,400,0,0,-0.292179095,0.127532373,-0.055348598732499955,0.06116406844842488
test3,测试集,901,400,0,0,-0.293023507,0.126985148,-0.055438380962500006,0.061335105306358696
test3,测试集,902,400,0,0,-0.293948864,0.12643415,-0.05552774745500002,0.06150673583005407
test3,测试集,903,400,0,0,-0.294935271,0.125878708,-0.055616343780000015,0.06167919326336119
test3,测试集,904,400,0,0,-0.295922657,0.125318813,-0.05570439797499998,0.06185223704551702
test3,测试集,905,400,0,0,-0.296911441,0.124754868,-0.055791498847499996,0.06202587425650352
test3,测试集,906,400,0,0,-0.297900998,0.124186797,-0.05587758234749999,0.062199758078216524
test3,测试集,907,400,0,0,-0.298891592,0.123614615,-0.055962588869999996,0.06237371191557909
test3,测试集,908,400,0,0,-0.299882304,0.123038605,-0.05604621636250001,0.06254739087949564
test3,测试集,909,400,0,0,-0.300874763,0.122458722,-0.056128156299999975,0.06272004698451149
test3,测试集,910,400,0,0,-0.301867777,0.121874232,-0.05620783717500005,0.06289115557708184
test3,测试集,911,400,0,0,-0.302858636,0.121285617,-0.05628427619249998,0.06305893302904632
test3,测试集,912,400,0,0,-0.303843003,0.120693664,-0.05635644820500004,0.06322126563781039
test3,测试集,913,400,0,0,-0.304783856,0.120097457,-0.056422538242500014,0.06337474175473354
test3,测试集,914,400,0,0,-0.305609624,0.119496537,-0.05647989643249999,0.06351400732070811
test3,测试集,915,400,0,0,-0.306257994,0.118891866,-0.056525074170000085,0.06363197990088264
test3,测试集,916,400,0,0,-0.306708419,0.118282608,-0.056554691317499975,0.06372259145686351
test3,测试集,917,400,0,0,-0.306973086,0.117668564,-0.056565511124999975,0.06378114868256551
test3,测试集,918,400,0,0,-0.30705781,0.117050437,-0.056554050969999985,0.06380426115027035
test3,测试集,919,400,0,0,-0.306921438,0.116427838,-0.05651806269000001,0.06378987574380325
test3,测试集,920,400,0,0,-0.306510541,0.115800166,-0.056456447005,0.0637387553299703
test3,测试集,921,400,0,0,-0.30588037,0.115168067,-0.05637364192999996,0.06365863866108452
test3,测试集,922,400,0,0,-0.305175889,0.11453407,-0.05628022746750005,0.06356664937680953
test3,测试集,923,400,0,0,-0.304476595,0.11389659,-0.056184988597500006,0.06347444338970956
test3,测试集,924,400,0,0,-0.303785099,0.113253826,-0.056090208335000016,0.06338476623413286
test3,测试集,925,400,0,0,-0.303097494,0.112607332,-0.05599583425000003,0.06329750401956423
test3,测试集,926,400,0,0,-0.302412074,0.111956942,-0.055901451137499995,0.06321270685531037
test3,测试集,927,400,0,0,-0.30172562,0.111302137,-0.05580692995999996,0.06312982866614039
test3,测试集,928,400,0,0,-0.301040395,0.110642889,-0.05571232413999997,0.06304869798805693
test3,测试集,929,400,0,0,-0.300359248,0.109980195,-0.05561736669000005,0.06296932562567123
test3,测试集,930,400,0,0,-0.299676921,0.109314157,-0.05552236380000001,0.0628919340688337
test3,测试集,931,400,0,0,-0.298993277,0.108643591,-0.05542717956000004,0.06281643338921433
test3,测试集,932,400,0,0,-0.2983111,0.107969001,-0.055331632949999994,0.06274288945848114
test3,测试集,933,400,0,0,-0.297630418,0.107291169,-0.05523609015500003,0.06267132854530948
test3,测试集,934,400,0,0,-0.296950335,0.106609401,-0.05514015504500002,0.06260152708455502
test3,测试集,935,400,0,0,-0.296268617,0.105923128,-0.05504382895,0.06253332185307935
test3,测试集,936,400,0,0,-0.295585689,0.105232886,-0.05494747338749997,0.06246698947869622
test3,测试集,937,400,0,0,-0.294903535,0.10453852,-0.05485098056000002,0.062402646706151386
test3,测试集,938,400,0,0,-0.294223418,0.10384033,-0.054754226704999985,0.06234033276990573
test3,测试集,939,400,0,0,-0.293544509,0.103138635,-0.05465716799000002,0.062280060044717055
test3,测试集,940,400,0,0,-0.29286494,0.102432997,-0.05455979785500001,0.06222146214212287
test3,测试集,941,400,0,0,-0.29218478,0.101723413,-0.054462274519999986,0.06216463784808634
test3,测试集,942,400,0,0,-0.291505701,0.101010527,-0.05436439076250009,0.062109881694397025
test3,测试集,943,400,0,0,-0.290825666,0.100295404,-0.05426652119999998,0.06205703790285795
test3,测试集,944,400,0,0,-0.290146574,0.099577041,-0.05416824476000001,0.062006314892177505
test3,测试集,945,400,0,0,-0.289468764,0.098855175,-0.05406985020499998,0.061957269666495236
test3,测试集,946,400,0,0,-0.288787217,0.098129355,-0.05397124564750002,0.06191002962066314
test3,测试集,947,400,0,0,-0.28810493,0.097399564,-0.05387224726250001,0.06186502771160663
test3,测试集,948,400,0,0,-0.287424115,0.096666007,-0.05377314222000004,0.06182179366085401
test3,测试集,949,400,0,0,-0.286742534,0.096569209,-0.05367383840499995,0.06178070404940801
test3,测试集,950,400,0,0,-0.286062697,0.097331732,-0.05357424360999998,0.061741753750095815
test3,测试集,951,400,0,0,-0.285384614,0.098090594,-0.05347455093500005,0.061704319565506704
test3,测试集,952,400,0,0,-0.284704257,0.098846884,-0.05337447454499999,0.06166882356943651
test3,测试集,953,400,0,0,-0.284022117,0.099599397,-0.053274220685000005,0.06163544159734549
test3,测试集,954,400,0,0,-0.283340809,0.100346948,-0.05317373036999995,0.0616042780977162
test3,测试集,955,400,0,0,-0.282659949,0.101090924,-0.053073174657500034,0.06157505428801178
test3,测试集,956,400,0,0,-0.281978707,0.101832539,-0.052972365795000045,0.061547811115234476
test3,测试集,957,400,0,0,-0.281299055,0.102571344,-0.05287142094249998,0.06152263839471694
test3,测试集,958,400,0,0,-0.280619056,0.103307564,-0.05277023867250005,0.06149963857871242
test3,测试集,959,400,0,0,-0.279938618,0.104039596,-0.05266882877250002,0.0614784094137926
test3,测试集,960,400,0,0,-0.27926133,0.104765659,-0.05256713741000005,0.061459248246835727
test3,测试集,961,400,0,0,-0.278583815,0.105487566,-0.05246538207750001,0.06144216177463275
test3,测试集,962,400,0,0,-0.277902283,0.106205177,-0.052363537684999975,0.061427384432869735
test3,测试集,963,400,0,0,-0.277220489,0.10691807,-0.052261514662499904,0.06141465801284318
test3,测试集,964,400,0,0,-0.276540336,0.107628147,-0.052159404522499946,0.06140393077008692
test3,测试集,965,400,0,0,-0.27586146,0.108333161,-0.05205697958749998,0.061395110854648556
test3,测试集,966,400,0,0,-0.275186488,0.109034806,-0.0519542625775,0.061388122234236134
test3,测试集,967,400,0,0,-0.274511011,0.109733244,-0.05185141978750005,0.0613833853031272
test3,测试集,968,400,0,0,-0.273834739,0.110426816,-0.051748486657499974,0.061380579385854395
test3,测试集,969,400,0,0,-0.273157173,0.11111614,-0.05164525025499997,0.06137987938820122
test3,测试集,970,400,0,0,-0.272476261,0.111801176,-0.051541971604999966,0.061381487605222024
test3,测试集,971,400,0,0,-0.271797731,0.112482614,-0.05143864717749999,0.061385213482001814
test3,测试集,972,400,0,0,-0.271123233,0.113159269,-0.051335120917500025,0.06139082825644298
test3,测试集,973,400,0,0,-0.270450057,0.113831318,-0.051231481767500045,0.06139886049651738
test3,测试集,974,400,0,0,-0.269777229,0.11449904,-0.05112776669000002,0.06140867943885719
test3,测试集,975,400,0,0,-0.269103207,0.115161783,-0.05102372695249996,0.06142048844017263
test3,测试集,976,400,0,0,-0.269703509,0.115821804,-0.05091954188499998,0.0614343555764101
test3,测试集,977,400,0,0,-0.270697356,0.116477749,-0.050815262024999995,0.06145038462010325
test3,测试集,978,400,0,0,-0.271691482,0.117129219,-0.05071089852,0.06146836353633962
test3,测试集,979,400,0,0,-0.272683489,0.117776612,-0.05060630683500004,0.06148840850998615
test3,测试集,980,400,0,0,-0.273675085,0.118419223,-0.050501696069999984,0.0615106800737322
test3,测试集,981,400,0,0,-0.274666581,0.119055953,-0.05039689446999999,0.06153514352628161
test3,测试集,982,400,0,0,-0.27565811,0.119685995,-0.0502920626525,0.06156182766398984
test3,测试集,983,400,0,0,-0.27665158,0.12031371,-0.050187070445,0.0615905162157086
test3,测试集,984,400,0,0,-0.277645945,0.120937112,-0.050081900694999994,0.061620949719175346
test3,测试集,985,400,0,0,-0.278638338,0.121556281,-0.04997666754999999,0.06165358589359312
test3,测试集,986,400,0,0,-0.279630806,0.122172656,-0.04987144086249996,0.06168864950744662
test3,测试集,987,400,0,0,-0.280623476,0.122783823,-0.04976604410499998,0.06172564710818075
test3,测试集,988,400,0,0,-0.281616074,0.123390174,-0.04966036467749999,0.061764763244059495
test3,测试集,989,400,0,0,-0.282610056,0.123991599,-0.04955454964249996,0.06180593907298937
test3,测试集,990,400,0,0,-0.283602418,0.124586979,-0.04944858095999998,0.06184913627252558
test3,测试集,991,400,0,0,-0.284592301,0.12517775,-0.049342349554999984,0.061894079848742976
test3,测试集,992,400,0,0,-0.285581966,0.125764579,-0.04923584526499997,0.06194117411953323
test3,测试集,993,400,0,0,-0.286572582,0.12634795,-0.049129203222500015,0.06199051380731349
test3,测试集,994,400,0,0,-0.28756455,0.12692751,-0.04902227698249999,0.06204194205252193
test3,测试集,995,400,0,0,-0.288553896,0.127500877,-0.048915001762499966,0.06209490755728319
test3,测试集,996,400,0,0,-0.289541778,0.128067457,-0.04880723549250005,0.06214967326396683
test3,测试集,997,400,0,0,-0.29053317,0.128629642,-0.04869892549500004,0.06220615605358882
test3,测试集,998,400,0,0,-0.291524733,0.129189209,-0.04858980545499996,0.06226434948956047
test3,测试集,999,400,0,0,-0.292514484,0.129745344,-0.04848012343750002,0.062323986827063575
test3,测试集,1000,400,0,0,-0.293501705,0.130296392,-0.048369645547500034,0.06238534556010853
test3,测试集,1001,400,0,0,-0.294489341,0.130841098,-0.04825840290750003,0.06244807009623156
test3,测试集,1002,400,0,0,-0.295479472,0.131380941,-0.048146098819999976,0.06251203568490943
test3,测试集,1003,400,0,0,-0.296469394,0.131916639,-0.04803274911000004,0.0625772637845372
test3,测试集,1004,400,0,0,-0.297458287,0.132447835,-0.04791853196749998,0.06264377158504457
test3,测试集,1005,400,0,0,-0.298447984,0.132974991,-0.04780298811749999,0.06271163198944692
test3,测试集,1006,400,0,0,-0.299437679,0.133497229,-0.047686348857500054,0.06278040154319536
test3,测试集,1007,400,0,0,-0.300424656,0.134013789,-0.047568243362499985,0.06285030970374983
test3,测试集,1008,400,0,0,-0.301409694,0.134524995,-0.04744859080749997,0.06292082804232751
test3,测试集,1009,400,0,0,-0.302395714,0.13502994,-0.047327151567499996,0.06299198278985717
test3,测试集,1010,400,0,0,-0.303375135,0.135530588,-0.0472033621725,0.06306319750990376
test3,测试集,1011,400,0,0,-0.304326396,0.136027992,-0.047076584744999976,0.06313341037005515
test3,测试集,1012,400,0,0,-0.305221103,0.136519987,-0.04694535613249997,0.06320169889162093
test3,测试集,1013,400,0,0,-0.306027478,0.137004879,-0.04680781822500002,0.06326574896702143
test3,测试集,1014,400,0,0,-0.306714536,0.137481808,-0.04666136139250005,0.0633228264458112
test3,测试集,1015,400,0,0,-0.30724936,0.137952035,-0.04650279611000001,0.06336974740281111
test3,测试集,1016,400,0,0,-0.307564125,0.138417776,-0.04632685017000002,0.06340048573863855
test3,测试集,1017,400,0,0,-0.307558532,0.138878828,-0.04612563791749995,0.06340640749832671
test3,测试集,1018,400,0,0,-0.307195042,0.139334615,-0.04588871866,0.06337528062816276
test3,测试集,1019,400,0,0,-0.30672627,0.139786376,-0.045602037345000034,0.06329101142238097
test3,测试集,1020,400,0,0,-0.30614197,0.140232506,-0.04524817394000001,0.06313399638877198
test3,测试集,1021,400,0,0,-0.305143768,0.140673293,-0.044810869652499974,0.06288552733219854
test3,测试集,1022,400,0,0,-0.303807534,0.141109059,-0.04428280465749995,0.06253428402501206
test3,测试集,1023,400,0,0,-0.302279767,0.141539876,-0.043677903137500015,0.062089657644926896
train,all,0,12400,0,0,-0.305786247,0.238833758,-0.04509540050185509,0.06212087814882654
train,all,1,12400,0,0,-0.304212292,0.238646449,-0.04441498259129045,0.06160960799011922
train,all,2,12400,0,0,-0.302651781,0.238450787,-0.0437383808267742,0.061106085418237956
train,all,3,12400,0,0,-0.301100625,0.238245098,-0.04306470887637093,0.060609365459803055
train,all,4,12400,0,0,-0.299551939,0.238027861,-0.042392942544112786,0.06011862679004322
train,all,5,12400,0,0,-0.298004064,0.237801142,-0.041722542279032236,0.05963346317925033
train,all,6,12400,0,0,-0.296458577,0.237568599,-0.041053073158548434,0.05915369976305133
train,all,7,12400,0,0,-0.294914152,0.237326813,-0.040384254834758104,0.05867917589909704
train,all,8,12400,0,0,-0.293369039,0.237076015,-0.03971594631814517,0.058209953350032394
train,all,9,12400,0,0,-0.291826069,0.236816791,-0.039048037947499975,0.05774612641086039
train,all,10,12400,0,0,-0.29028537,0.236548114,-0.03838043982806451,0.05728775292791557
train,all,11,12400,0,0,-0.288746122,0.236268884,-0.037713133511693475,0.05683493465484874
train,all,12,12400,0,0,-0.287206302,0.235978728,-0.03704605770451609,0.056387811852591334
train,all,13,12400,0,0,-0.285667322,0.23567723,-0.03637923683088701,0.055946411883929764
train,all,14,12400,0,0,-0.284132041,0.235366969,-0.03571263191266144,0.05551095476685377
train,all,15,12400,0,0,-0.282596598,0.235051867,-0.035046252301290264,0.055081580227911923
train,all,16,12400,0,0,-0.281059381,0.234728625,-0.03438005921991939,0.05465829536277803
train,all,17,12400,0,0,-0.279523333,0.234395481,-0.03371400506943551,0.054241223397665406
train,all,18,12400,0,0,-0.27798836,0.234051665,-0.03304816273604838,0.05383054794977261
train,all,19,12400,0,0,-0.276452205,0.233699371,-0.032382462412338706,0.05342640218584336
train,all,20,12400,0,0,-0.274914547,0.233337156,-0.03171690027290313,0.05302888623977173
train,all,21,12400,0,0,-0.27337745,0.232963765,-0.03105152065120958,0.052638149792388365
train,all,22,12400,0,0,-0.271842462,0.232582201,-0.030386312391693735,0.05225441982819393
train,all,23,12400,0,0,-0.270309069,0.232192332,-0.029721305549274164,0.051877777209988124
train,all,24,12400,0,0,-0.268774604,0.231795571,-0.02905646804169352,0.051508328225737074
train,all,25,12400,0,0,-0.267240659,0.231391547,-0.028391778988387094,0.051146208702033014
train,all,26,12400,0,0,-0.265708424,0.230978972,-0.027727225429919386,0.05079157350402502
train,all,27,12400,0,0,-0.264174296,0.23055966,-0.02706284911387096,0.05044459915319953
train,all,28,12400,0,0,-0.262639102,0.230136045,-0.02639869413096788,0.050105493595333735
train,all,29,12400,0,0,-0.261104145,0.230331272,-0.025734783708709602,0.04977439906368902
train,all,30,12400,0,0,-0.259572283,0.230901095,-0.02507103630879025,0.04945144910935613
train,all,31,12400,0,0,-0.258042427,0.231461875,-0.024407442424999964,0.04913676690328368
train,all,32,12400,0,0,-0.256511185,0.232013509,-0.023744038357499903,0.04883048668737471
train,all,33,12400,0,0,-0.254979678,0.232555685,-0.02308084270717736,0.0485327978022521
train,all,34,12400,0,0,-0.253445452,0.233088581,-0.022417835898709673,0.048243870265041684
train,all,35,12400,0,0,-0.251909796,0.233612393,-0.02175508004854846,0.047963866914431184
train,all,36,12400,0,0,-0.250375295,0.234124369,-0.02109256253500009,0.047692914275833276
train,all,37,12400,0,0,-0.248843177,0.234627326,-0.02043023110120965,0.04743117984452334
train,all,38,12400,0,0,-0.247311427,0.235120212,-0.0197680815275,0.04717876735173138
train,all,39,12400,0,0,-0.245779109,0.235600974,-0.019106103441451604,0.04693577773030256
train,all,40,12400,0,0,-0.24564,0.236074046,-0.0184442818143548,0.046702356601660125
train,all,41,12400,0,0,-0.24577,0.236538965,-0.017782644660322543,0.04647871510857966
train,all,42,12400,0,0,-0.24589,0.23699614,-0.017121229433951612,0.046264955321829594
train,all,43,12400,0,0,-0.246,0.237443012,-0.016460000471935462,0.04606126096225053
train,all,44,12400,0,0,-0.2461,0.237876922,-0.015799031835080628,0.045867664283027645
train,all,45,12400,0,0,-0.24619,0.238299568,-0.015138324842983853,0.045684333116896805
train,all,46,12400,0,0,-0.24628,0.238714486,-0.014477862283870956,0.045511408470537404
train,all,47,12400,0,0,-0.24635,0.239120818,-0.013817619739435488,0.045349004846138255
train,all,48,12400,0,0,-0.24641,0.239515913,-0.013157579336612957,0.04519724050599277
train,all,49,12400,0,0,-0.24647,0.239899277,-0.012497758462741988,0.04505618077701792
train,all,50,12400,0,0,-0.24651,0.240270919,-0.011838171770887076,0.0449259039539566
train,all,51,12400,0,0,-0.24654,0.240632413,-0.011178826100161287,0.044806519698617854
train,all,52,12400,0,0,-0.24657,0.240984537,-0.010519733677822551,0.044698102334033964
train,all,53,12400,0,0,-0.24659,0.241328043,-0.00986087616354838,0.04460072706197887
train,all,54,12400,0,0,-0.24661,0.241662074,-0.009202257745887132,0.04451445695073825
train,all,55,12400,0,0,-0.24662,0.241986287,-0.008543907364758073,0.04443935183771231
train,all,56,12400,0,0,-0.24662,0.242301151,-0.007885811048870933,0.04437545450521553
train,all,57,12400,0,0,-0.24661,0.242607499,-0.007227974003387093,0.044322841793367915
train,all,58,12400,0,0,-0.24659,0.242904245,-0.006570416795806466,0.044281493312154925
train,all,59,12400,0,0,-0.24656,0.24319071,-0.005913114560725827,0.044251447461950234
train,all,60,12400,0,0,-0.24652,0.243467017,-0.005256106071935484,0.04423270136676464
train,all,61,12400,0,0,-0.24647,0.243733817,-0.004599367827903204,0.04422530591066343
train,all,62,12400,0,0,-0.24641,0.243990633,-0.003942930385483866,0.04422927267981629
train,all,63,12400,0,0,-0.24635,0.244236369,-0.0032867851294354654,0.04424454413778522
train,all,64,12400,0,0,-0.24627,0.244472992,-0.002630958758709657,0.04427108066714427
train,all,65,12400,0,0,-0.24619,0.244699407,-0.001975457717580646,0.04430885456416864
train,all,66,12400,0,0,-0.2461,0.244915285,-0.0013202821923387147,0.044357791938077554
train,all,67,12400,0,0,-0.24599,0.245121536,-0.0006654568621774291,0.044417856144234186
train,all,68,12400,0,0,-0.24588,0.245319029,-1.0964575967758835e-05,0.04448902256815087
train,all,69,12400,0,0,-0.24576,0.245507042,0.0006431317845967553,0.04457116782692063
train,all,70,12400,0,0,-0.24563,0.245683231,0.0012968734087903187,0.04466426293194321
train,all,71,12400,0,0,-0.24549,0.24585009,0.0019501814541128865,0.044768186446420354
train,all,72,12400,0,0,-0.24534,0.246008843,0.002603072683548406,0.04488280584300155
train,all,73,12400,0,0,-0.24519,0.246157067,0.003255482170000011,0.04500800615379495
train,all,74,12400,0,0,-0.245070217,0.246293188,0.003907426299919339,0.04514371351309236
train,all,75,12400,0,0,-0.245333819,0.246417565,0.004558893616129051,0.04528981284151311
train,all,76,12400,0,0,-0.245586057,0.246533348,0.005209881706451621,0.045446149440763486
train,all,77,12400,0,0,-0.245829514,0.246640734,0.005860328875564522,0.045612650970140535
train,all,78,12400,0,0,-0.246062773,0.246738618,0.006510213119596793,0.04578915785022902
train,all,79,12400,0,0,-0.246286915,0.246827092,0.007159509944274244,0.04597557253483411
train,all,80,12400,0,0,-0.246501493,0.246904805,0.0078081643090323226,0.046171783380039716
train,all,81,12400,0,0,-0.246704931,0.246972725,0.008456123527903254,0.04637760101271437
train,all,82,12400,0,0,-0.246899531,0.247031979,0.009103304642741882,0.04659281754762976
train,all,83,12400,0,0,-0.247082795,0.247082288,0.009749586292177445,0.04681718866041848
train,all,84,12400,0,0,-0.247254076,0.247122056,0.010394797567822607,0.047050373563101405
train,all,85,12400,0,0,-0.247415652,0.247153388,0.01103876127064511,0.047292093744934934
train,all,86,12400,0,0,-0.2475692,0.247178529,0.011681235994112926,0.04754193414695359
train,all,87,12400,0,0,-0.24771068,0.252880281,0.012321915538548346,0.047799451311153374
train,all,88,12400,0,0,-0.247839278,0.258860199,0.012960466888467772,0.048064136929608675
train,all,89,12400,0,0,-0.247961396,0.264830457,0.013596469251935514,0.048335351244741954
train,all,90,12400,0,0,-0.248075276,0.270791163,0.014229361838225738,0.04861225618779204
train,all,91,12400,0,0,-0.248178831,0.276731306,0.01485828707129038,0.04889367328948081
train,all,92,12400,0,0,-0.248272477,0.28259195,0.015482200547741904,0.04917791425263909
train,all,93,12400,0,0,-0.248355496,0.28827667,0.016099730383870966,0.049462987151830604
train,all,94,12400,0,0,-0.2484296,0.293674714,0.016708895402983877,0.04974611938038207
train,all,95,12400,0,0,-0.248493702,0.298670753,0.017306500508387092,0.050022761653886534
train,all,96,12400,0,0,-0.24854698,0.303007749,0.017887266935161284,0.050284811376855094
train,all,97,12400,0,0,-0.24859224,0.306326642,0.01844394264979029,0.05052059977322623
train,all,98,12400,0,0,-0.248629508,0.308512745,0.018968337905080714,0.05071605534574389
train,all,99,12400,0,0,-0.248658559,0.309670833,0.019453742966935448,0.050857702780466196
train,all,100,12400,0,0,-0.248680556,0.309932147,0.01989722551314514,0.05093766606215598
train,all,101,12400,0,0,-0.248694123,0.309489753,0.02029952262701611,0.050955170447963556
train,all,102,12400,0,0,-0.248698344,0.308719083,0.020667393897741904,0.0509209029114949
train,all,103,12400,0,0,-0.248695061,0.30791687,0.02101617393403224,0.05086253256647999
train,all,104,12400,0,0,-0.248685237,0.307133261,0.021359610528306476,0.05080352525485389
train,all,105,12400,0,0,-0.248667158,0.306359598,0.02170269826088711,0.050749855234522974
train,all,106,12400,0,0,-0.248639765,0.305590754,0.022046603011693516,0.050701952928052935
train,all,107,12400,0,0,-0.248603476,0.304833439,0.022391002634112877,0.05065931197013036
train,all,108,12400,0,0,-0.248555442,0.304077578,0.02273555517862898,0.050621744348985816
train,all,109,12400,0,0,-0.248495943,0.30332902,0.023080217302016294,0.05058916455083222
train,all,110,12400,0,0,-0.248429249,0.302589377,0.02342480947403233,0.050561284895972475
train,all,111,12400,0,0,-0.248353413,0.301848736,0.023769334780806447,0.050538042463617865
train,all,112,12400,0,0,-0.248268333,0.301106302,0.024113582490403317,0.05051937061019286
train,all,113,12400,0,0,-0.248174817,0.300371242,0.024457345084354928,0.050505206794619804
train,all,114,12400,0,0,-0.248070838,0.299640901,0.024800740165967696,0.05049558249773474
train,all,115,12400,0,0,-0.24795718,0.298904601,0.025143917208548416,0.05049047538606998
train,all,116,12400,0,0,-0.247834839,0.298165905,0.025486868107016135,0.050489842931065995
train,all,117,12400,0,0,-0.24770458,0.297427739,0.025829456799113033,0.05049368647665489
train,all,118,12400,0,0,-0.247564139,0.296696818,0.026171681603709782,0.050501954171454026
train,all,119,12400,0,0,-0.24741235,0.295964645,0.026513576643709773,0.05051470055314294
train,all,120,12400,0,0,-0.247251555,0.295229183,0.026855095108064643,0.05053194133951528
train,all,121,12400,0,0,-0.247083824,0.294503796,0.027196210271129076,0.05055364984074684
train,all,122,12400,0,0,-0.24690627,0.293780592,0.02753693312322592,0.050579730795694215
train,all,123,12400,0,0,-0.246717601,0.293054185,0.0278772528695162,0.05061013782215597
train,all,124,12400,0,0,-0.246518964,0.29231486,0.028217183211935427,0.050644802149049525
train,all,125,12400,0,0,-0.246309875,0.291572612,0.028556719360241865,0.05068381850677113
train,all,126,12400,0,0,-0.246091739,0.290842318,0.028895878954274132,0.05072720381462166
train,all,127,12400,0,0,-0.245865419,0.290114422,0.029234646470725795,0.05077487073095022
train,all,128,12400,0,0,-0.245628965,0.28938291,0.029572963309999985,0.05082681019018081
train,all,129,12400,0,0,-0.245383949,0.288651508,0.029910853765241927,0.050882971060699805
train,all,130,12400,0,0,-0.245130919,0.287925291,0.030248306561209724,0.0509433199892637
train,all,131,12400,0,0,-0.244868703,0.287199219,0.03058533414580629,0.051007827414070006
train,all,132,12400,0,0,-0.244599057,0.286477299,0.0309220033687903,0.05107650590066844
train,all,133,12400,0,0,-0.24432138,0.285757871,0.031258250326693514,0.05114929875884412
train,all,134,12400,0,0,-0.244035385,0.285032741,0.03159403271024202,0.05122620518037696
train,all,135,12400,0,0,-0.243740001,0.284312766,0.03192936118556427,0.051307181401153
train,all,136,12400,0,0,-0.243435348,0.283593985,0.03226425250112917,0.05139220451345842
train,all,137,12400,0,0,-0.243121341,0.282870725,0.032598678253112814,0.05148124679916516
train,all,138,12400,0,0,-0.242797416,0.282148849,0.032932666662338704,0.05157426595198555
train,all,139,12400,0,0,-0.242464662,0.281433071,0.033266208154758115,0.05167129291793027
train,all,140,12400,0,0,-0.242122884,0.280714286,0.033599320428225846,0.05177223022212646
train,all,141,12400,0,0,-0.241842633,0.27999066,0.03393196265774205,0.05187703000019812
train,all,142,12400,0,0,-0.241898552,0.279275598,0.03426417958612905,0.05198579893142175
train,all,143,12400,0,0,-0.241946963,0.278555996,0.03459589191548404,0.05209839770879375
train,all,144,12400,0,0,-0.241987837,0.277833721,0.03492712519037106,0.05221475274577144
train,all,145,12400,0,0,-0.24202152,0.277117016,0.035257865731451635,0.05233488299721058
train,all,146,12400,0,0,-0.24204913,0.27639791,0.03558814228475798,0.05245879048715048
train,all,147,12400,0,0,-0.24206926,0.275684269,0.035917929769032485,0.052586394214314276
train,all,148,12400,0,0,-0.242080784,0.274971631,0.036247210877419465,0.052717643822158586
train,all,149,12400,0,0,-0.24208232,0.275225398,0.03657603019298375,0.05285256823795486
train,all,150,12400,0,0,-0.24207453,0.276454556,0.03690438176782244,0.05299111226964066
train,all,151,12400,0,0,-0.242059348,0.27768051,0.03723223087104837,0.05313320451482413
train,all,152,12400,0,0,-0.24203619,0.278904792,0.03755957998266141,0.053278829215049645
train,all,153,12400,0,0,-0.24200458,0.280126385,0.03788640953959683,0.05342792238159203
train,all,154,12400,0,0,-0.241964485,0.281344385,0.03821277219000011,0.05358050857850978
train,all,155,12400,0,0,-0.241917901,0.282569369,0.03853861969540303,0.053736528849868966
train,all,156,12400,0,0,-0.241862574,0.283794816,0.03886396170709679,0.05389593753678762
train,all,157,12400,0,0,-0.241795989,0.285014988,0.03918881151209689,0.054058724298684864
train,all,158,12400,0,0,-0.242036508,0.286234017,0.039513159094193485,0.05422483333023472
train,all,159,12400,0,0,-0.242278568,0.28745792,0.039837004027580454,0.0543942403037049
train,all,160,12400,0,0,-0.242510117,0.288680433,0.040160316293629116,0.05456688166673747
train,all,161,12400,0,0,-0.242730542,0.28990789,0.04048312103306444,0.0547427489984708
train,all,162,12400,0,0,-0.242938894,0.291143038,0.04080541539185502,0.05492178283063188
train,all,163,12400,0,0,-0.243136645,0.292359997,0.04112716903435495,0.05510390485027368
train,all,164,12400,0,0,-0.243325069,0.293569725,0.04144837208580658,0.05528908378002764
train,all,165,12400,0,0,-0.243506885,0.294785345,0.04176901343169369,0.05547728970577172
train,all,166,12400,0,0,-0.243681478,0.295994046,0.0420890999720971,0.055668403049560354
train,all,167,12400,0,0,-0.243845633,0.29720582,0.042408551227661295,0.05586236433525807
train,all,168,12400,0,0,-0.244000664,0.298420666,0.04272740622032248,0.05605910056831665
train,all,169,12400,0,0,-0.244144915,0.299623376,0.04304561411999986,0.0562585793219911
train,all,170,12400,0,0,-0.244277033,0.30080034,0.04336323486951596,0.05646080229429247
train,all,171,12400,0,0,-0.244401422,0.301919564,0.04368023628685478,0.05666577981557795
train,all,172,12400,0,0,-0.244517693,0.302947048,0.043996595528064585,0.05687344931662073
train,all,173,12400,0,0,-0.244625359,0.303793521,0.044312346670403055,0.05708376979755182
train,all,174,12400,0,0,-0.244722152,0.304332604,0.04462742461266104,0.0572966663057724
train,all,175,12400,0,0,-0.244808215,0.304516055,0.04494186609685496,0.05751211391767358
train,all,176,12400,0,0,-0.244884903,0.304366252,0.04525569161403235,0.05773012192260976
train,all,177,12400,0,0,-0.244951773,0.303933853,0.04556884396201605,0.057950645283061035
train,all,178,12400,0,0,-0.245009237,0.303260943,0.04588135691838716,0.05817357253135591
train,all,179,12400,0,0,-0.245056782,0.302405336,0.046193135693306346,0.05839890022105132
train,all,180,12400,0,0,-0.245221702,0.301486771,0.04650422999500009,0.0586266147672289
train,all,181,12400,0,0,-0.245448215,0.30057297,0.04681466205016093,0.058856755658526154
train,all,182,12400,0,0,-0.245667107,0.299660199,0.047124402487338825,0.05908927339309181
train,all,183,12400,0,0,-0.245875494,0.298750655,0.047433421169596715,0.05932413403772426
train,all,184,12400,0,0,-0.246072089,0.298562127,0.047741729812419274,0.05956132710157335
train,all,185,12400,0,0,-0.246258725,0.299717114,0.04804924381846792,0.0598007514345192
train,all,186,12400,0,0,-0.246437147,0.300797709,0.048355929843064464,0.06004231508771764
train,all,187,12400,0,0,-0.246604363,0.301776492,0.04866173427024182,0.06028596857158994
train,all,188,12400,0,0,-0.246759974,0.302578257,0.04896654093346739,0.06053157756537086
train,all,189,12400,0,0,-0.246906847,0.303085339,0.04927022075653229,0.06077895653181919
train,all,190,12400,0,0,-0.247045058,0.30324602,0.049572617440806224,0.06102786993269898
train,all,191,12400,0,0,-0.247174707,0.303088759,0.04987348447895156,0.06127799214263158
train,all,192,12400,0,0,-0.247295102,0.302646752,0.05017240118741927,0.0615285781503219
train,all,193,12400,0,0,-0.247404239,0.302171019,0.05046864983217748,0.06177845246566518
train,all,194,12400,0,0,-0.247502141,0.303336289,0.0507613361322578,0.06202614680786005
train,all,195,12400,0,0,-0.247589921,0.30441813,0.05104942287669332,0.06226987485208866
train,all,196,12400,0,0,-0.247670546,0.305317319,0.051331508730322564,0.06250730889134333
train,all,197,12400,0,0,-0.247742262,0.306885064,0.05160514871959692,0.06273424407815767
train,all,198,12400,0,0,-0.247802359,0.308309778,0.051865624706209805,0.06294273035692426
train,all,199,12400,0,0,-0.247851263,0.309157878,0.052106401142419406,0.06312236829940274
train,all,200,12400,0,0,-0.247890497,0.309836691,0.05232037281451602,0.06326238778340183
train,all,201,12400,0,0,-0.247921364,0.310609906,0.05250064814491924,0.06335249024250236
train,all,202,12400,0,0,-0.247945545,0.310757108,0.052641993666693816,0.06338432448491303
train,all,203,12400,0,0,-0.247964084,0.310766224,0.052742906582096676,0.06335522162443154
train,all,204,12400,0,0,-0.247975405,0.310466179,0.052810624560564484,0.0632772131564515
train,all,205,12400,0,0,-0.247979405,0.309742511,0.052861542167338765,0.06317719281695063
train,all,206,12400,0,0,-0.247972923,0.308894127,0.05290878893508051,0.06307538375904144
train,all,207,12400,0,0,-0.247956515,0.308061681,0.05295616462991941,0.06297645232553695
train,all,208,12400,0,0,-0.247932517,0.307241702,0.0530037647540321,0.06288010458622274
train,all,209,12400,0,0,-0.247898603,0.306426555,0.053051308158064484,0.06278581514254471
train,all,210,12400,0,0,-0.247856192,0.30561182,0.05309867609629029,0.06269338478102116
train,all,211,12400,0,0,-0.247804956,0.304797221,0.05314583262733884,0.06260271195459961
train,all,212,12400,0,0,-0.247744466,0.30398824,0.05319269213064526,0.06251367824609406
train,all,213,12400,0,0,-0.247673917,0.303183717,0.053239172084032366,0.062426235698661375
train,all,214,12400,0,0,-0.247593276,0.302377511,0.053285225302419435,0.06234036666355727
train,all,215,12400,0,0,-0.247503895,0.301569908,0.05333076752935501,0.06225603707650568
train,all,216,12400,0,0,-0.247404619,0.300768093,0.05337581432411284,0.062173256200386065
train,all,217,12400,0,0,-0.247295533,0.299969205,0.0534204121052417,0.06209199320794891
train,all,218,12400,0,0,-0.247176361,0.299168776,0.05346456750870946,0.06201226383777333
train,all,219,12400,0,0,-0.2470481,0.29836987,0.05350822975685503,0.06193408834524775
train,all,220,12400,0,0,-0.246909971,0.29757186,0.053551375260887275,0.061857442300780996
train,all,221,12400,0,0,-0.246762945,0.296772123,0.0535939831857261,0.06178223775247035
train,all,222,12400,0,0,-0.246608955,0.295972791,0.0536360895747579,0.061708521338507016
train,all,223,12400,0,0,-0.246446174,0.295174162,0.05367767594620973,0.061636315643654446
train,all,224,12400,0,0,-0.246272644,0.294373399,0.05371872876072558,0.061565609180349395
train,all,225,12400,0,0,-0.246089819,0.293572913,0.05375920873193531,0.0614963920628436
train,all,226,12400,0,0,-0.245898735,0.292775171,0.05379912216290374,0.06142859666213878
train,all,227,12400,0,0,-0.245697931,0.291979478,0.05383848203838712,0.06136233942534555
train,all,228,12400,0,0,-0.245487568,0.291186228,0.05387738105169321,0.06129761039000306
train,all,229,12400,0,0,-0.245268732,0.290396264,0.053915757152257805,0.06123437639821907
train,all,230,12400,0,0,-0.245040568,0.28960334,0.053953582204919436,0.06117259095168858
train,all,231,12400,0,0,-0.244804162,0.288809393,0.05399086468201601,0.06111230772792674
train,all,232,12400,0,0,-0.244558291,0.288016298,0.0540275628554842,0.061053512451154104
train,all,233,12400,0,0,-0.244302334,0.287222936,0.054063718199919154,0.06099622097149879
train,all,234,12400,0,0,-0.244039525,0.286429428,0.0540993016408063,0.06094037660642916
train,all,235,12400,0,0,-0.243767767,0.285633789,0.05413434080419364,0.06088603522680817
train,all,236,12400,0,0,-0.243484561,0.285494978,0.054168883288145495,0.060833252093944946
train,all,237,12400,0,0,-0.243192048,0.286121901,0.05420287492693541,0.060781968040426314
train,all,238,12400,0,0,-0.242891976,0.286753538,0.054236308482499926,0.060732179265232854
train,all,239,12400,0,0,-0.242584099,0.287383584,0.054269255585484094,0.06068393215499335
train,all,240,12400,0,0,-0.242266705,0.288012682,0.054301633072499966,0.060637236251125305
train,all,241,12400,0,0,-0.241940571,0.288639515,0.05433348661451618,0.060592018849600915
train,all,242,12400,0,0,-0.241604634,0.289259662,0.05436477802241916,0.06054834028103683
train,all,243,12400,0,0,-0.241256237,0.289879322,0.05439553983032251,0.060506163154950714
train,all,244,12400,0,0,-0.240898587,0.290503414,0.05442575157354839,0.060465557396461866
train,all,245,12400,0,0,-0.240534255,0.291130808,0.054455450584355025,0.06042651907099347
train,all,246,12400,0,0,-0.240295897,0.291756409,0.05448462483967719,0.06038903180979568
train,all,247,12400,0,0,-0.240640383,0.292383312,0.05451327490564524,0.06035307250302953
train,all,248,12400,0,0,-0.240975606,0.293011638,0.05454141103959679,0.060318661050299045
train,all,249,12400,0,0,-0.241300769,0.29363906,0.05456903545032272,0.06028585650862208
train,all,250,12400,0,0,-0.241616721,0.294268518,0.05459618914330677,0.06025468031985473
train,all,251,12400,0,0,-0.241921296,0.294897421,0.05462285172830632,0.06022507066132938
train,all,252,12400,0,0,-0.242215642,0.295522208,0.05464900323080655,0.06019707718882405
train,all,253,12400,0,0,-0.242501557,0.296146594,0.05467467384080655,0.06017067239644504
train,all,254,12400,0,0,-0.242777892,0.29677412,0.05469987666056425,0.06014587271313463
train,all,255,12400,0,0,-0.243045447,0.297403885,0.05472459664766115,0.06012268835592343
train,all,256,12400,0,0,-0.243305408,0.298032891,0.05474882897024208,0.06010107638792333
train,all,257,12400,0,0,-0.243555719,0.298658792,0.05477256719080628,0.06008102810124224
train,all,258,12400,0,0,-0.24379351,0.299282818,0.05479583756040341,0.06006259291643183
train,all,259,12400,0,0,-0.244021137,0.299903191,0.0548186063083065,0.06004571476916162
train,all,260,12400,0,0,-0.244241674,0.300523645,0.054840886325645474,0.06003038459991406
train,all,261,12400,0,0,-0.244452028,0.301144653,0.05486266805943534,0.060016611013958325
train,all,262,12400,0,0,-0.244650714,0.301763366,0.054883924298951614,0.06000443350769737
train,all,263,12400,0,0,-0.244840349,0.302386699,0.05490468268596769,0.059993793613856754
train,all,264,12400,0,0,-0.245021391,0.303015203,0.054924917330161395,0.059984718340519855
train,all,265,12400,0,0,-0.245190696,0.303649254,0.05494460268120937,0.059977187851134296
train,all,266,12400,0,0,-0.24535014,0.3042844,0.05496369944975822,0.05997119996400302
train,all,267,12400,0,0,-0.245500874,0.304895059,0.054982262247903195,0.059966758261940104
train,all,268,12400,0,0,-0.245641486,0.305451539,0.05500026050685479,0.05996384218979025
train,all,269,12400,0,0,-0.245771442,0.305917502,0.05501766690685493,0.059962377990071446
train,all,270,12400,0,0,-0.245890974,0.306198523,0.0550344675397583,0.05996231131380271
train,all,271,12400,0,0,-0.2460019,0.306222058,0.055050638048467576,0.059963647805349914
train,all,272,12400,0,0,-0.246103106,0.305997628,0.05506622171556444,0.059966365803499795
train,all,273,12400,0,0,-0.246194256,0.305529772,0.0550812183805646,0.0599704543364433
train,all,274,12400,0,0,-0.246275962,0.304824678,0.05509556828983884,0.05997595340924133
train,all,275,12400,0,0,-0.246349814,0.303925564,0.05510931768830665,0.059982909834837235
train,all,276,12400,0,0,-0.246414416,0.302910428,0.05512241996620968,0.05999136400059167
train,all,277,12400,0,0,-0.246466812,0.301914839,0.055134920857419306,0.060001336696046674
train,all,278,12400,0,0,-0.246509273,0.30251614,0.05514678517419364,0.060012864180296055
train,all,279,12400,0,0,-0.246543083,0.303119243,0.055158000202741767,0.060025954467237345
train,all,280,12400,0,0,-0.24656985,0.303706122,0.05516857835895166,0.0600405737273843
train,all,281,12400,0,0,-0.246593335,0.304231109,0.05517847965548382,0.06005670422910579
train,all,282,12400,0,0,-0.246610992,0.304658409,0.055187714455402916,0.060074346674623455
train,all,283,12400,0,0,-0.246619369,0.304900816,0.05519625419258052,0.06009342391994431
train,all,284,12400,0,0,-0.246618094,0.304886059,0.05520408576766129,0.060113905864056065
train,all,285,12400,0,0,-0.246608316,0.304619012,0.055211201878467744,0.06013580306475594
train,all,286,12400,0,0,-0.246588195,0.304100535,0.05521758432935488,0.06015908858052304
train,all,287,12400,0,0,-0.246557643,0.303352004,0.05522321202508044,0.06018371736437947
train,all,288,12400,0,0,-0.246517778,0.302430483,0.055228098800645095,0.06020977386384457
train,all,289,12400,0,0,-0.246468127,0.302637048,0.05523221347983874,0.06023720020894238
train,all,290,12400,0,0,-0.246412745,0.303255648,0.05523541889387086,0.06026590364933604
train,all,291,12400,0,0,-0.246348717,0.303878062,0.055237666514193325,0.060295742579745105
train,all,292,12400,0,0,-0.246272991,0.304504067,0.0552388522871772,0.06032666506152142
train,all,293,12400,0,0,-0.24618848,0.305125729,0.05523889662104869,0.060358596066263356
train,all,294,12400,0,0,-0.246095418,0.305744704,0.055237633620564365,0.060391408436947125
train,all,295,12400,0,0,-0.24599316,0.306368703,0.055234772049435645,0.06042467973685212
train,all,296,12400,0,0,-0.24588324,0.306994063,0.055229895865564274,0.06045772150184817
train,all,297,12400,0,0,-0.245764504,0.307617169,0.05522241696011297,0.06048953943351295
train,all,298,12400,0,0,-0.245634623,0.308235845,0.05521152576251619,0.06051886070673521
train,all,299,12400,0,0,-0.245493271,0.308852946,0.05519642935016133,0.06054419607081328
train,all,300,12400,0,0,-0.245344026,0.309447684,0.05517605953911316,0.060563614659551325
train,all,301,12400,0,0,-0.24518613,0.309950997,0.05514898162548413,0.06057433556786182
train,all,302,12400,0,0,-0.245017467,0.310257903,0.05511345467435475,0.06057257646798852
train,all,303,12400,0,0,-0.244839545,0.310257187,0.05506737078177428,0.06055403900966988
train,all,304,12400,0,0,-0.244653025,0.310173838,0.05500863159346784,0.060514026748127676
train,all,305,12400,0,0,-0.244456466,0.310563612,0.05493591077330642,0.06044933816262671
train,all,306,12400,0,0,-0.244250593,0.310868457,0.054850149739274094,0.06036139879673202
train,all,307,12400,0,0,-0.244035869,0.310535768,0.05475466553354847,0.06025614941587039
train,all,308,12400,0,0,-0.243810195,0.309745525,0.0546541318337902,0.06014276307117412
train,all,309,12400,0,0,-0.243576207,0.308784665,0.05455204604225798,0.06002839430061903
train,all,310,12400,0,0,-0.243333654,0.307804975,0.05444945134653233,0.05991493765185939
train,all,311,12400,0,0,-0.243082552,0.306838047,0.05434661115056438,0.05980256691054538
train,all,312,12400,0,0,-0.242823993,0.305887383,0.05424356759241942,0.05969107944406914
train,all,313,12400,0,0,-0.242554595,0.304965181,0.05414015174435467,0.05958026562808133
train,all,314,12400,0,0,-0.242274658,0.304046056,0.054036384045161014,0.05947020838954457
train,all,315,12400,0,0,-0.241985074,0.303131113,0.05393225080572581,0.059360896681729884
train,all,316,12400,0,0,-0.241685471,0.302220938,0.05382770023193567,0.05925219619193992
train,all,317,12400,0,0,-0.241377377,0.301306815,0.05372265595056445,0.05914414530950243
train,all,318,12400,0,0,-0.241061061,0.300396029,0.053617161317177676,0.059036760449141745
train,all,319,12400,0,0,-0.240735866,0.299488122,0.053511217447903554,0.058930014970318016
train,all,320,12400,0,0,-0.240400721,0.298580171,0.05340480370854844,0.05882387510141402
train,all,321,12400,0,0,-0.240054909,0.297674174,0.05329788721733859,0.05871840207035819
train,all,322,12400,0,0,-0.23977754,0.296769419,0.05319046233411288,0.05861362418232968
train,all,323,12400,0,0,-0.240112416,0.295867063,0.053082546413306564,0.05850952537571274
train,all,324,12400,0,0,-0.240437245,0.294961976,0.05297419323048386,0.05840610496079532
train,all,325,12400,0,0,-0.240755598,0.294055988,0.05286538338040338,0.05830334917803996
train,all,326,12400,0,0,-0.241064661,0.293154013,0.05275609027830626,0.05820121745905226
train,all,327,12400,0,0,-0.241364173,0.292253737,0.052646317647177504,0.05809974667843036
train,all,328,12400,0,0,-0.24165422,0.291348201,0.0525360576365323,0.05799902729365053
train,all,329,12400,0,0,-0.241933143,0.290823881,0.05242530868169351,0.057898980502620656
train,all,330,12400,0,0,-0.242202735,0.291079666,0.05231407943919369,0.05779968516803295
train,all,331,12400,0,0,-0.242462957,0.291335655,0.05220236899580672,0.057701160637369395
train,all,332,12400,0,0,-0.242712478,0.291587853,0.052090219658790335,0.05760333267934779
train,all,333,12400,0,0,-0.242951872,0.291841435,0.05197759980104846,0.05750626440220677
train,all,334,12400,0,0,-0.243182549,0.292097754,0.05186450805862876,0.05740994284028803
train,all,335,12400,0,0,-0.243404209,0.292351391,0.0517509129414514,0.05731435599006
train,all,336,12400,0,0,-0.243614455,0.292608611,0.05163683521677409,0.05721949998742802
train,all,337,12400,0,0,-0.24381321,0.292867353,0.051522299883064435,0.05712540113198891
train,all,338,12400,0,0,-0.24400366,0.293121445,0.051407296499435345,0.05703209374541229
train,all,339,12400,0,0,-0.244185667,0.293374713,0.05129181893596786,0.05693959203255788
train,all,340,12400,0,0,-0.244357073,0.293631426,0.05117589786451631,0.0568479190781696
train,all,341,12400,0,0,-0.244517639,0.293889519,0.05105949832387132,0.056757010946366156
train,all,342,12400,0,0,-0.24466981,0.294142959,0.050942631902096795,0.05666693635640737
train,all,343,12400,0,0,-0.244813586,0.294395986,0.050825344771128905,0.05657765774728331
train,all,344,12400,0,0,-0.244946524,0.294650192,0.05070760284201586,0.05648929051425371
train,all,345,12400,0,0,-0.245070854,0.294900965,0.0505894051564517,0.05640174430309202
train,all,346,12400,0,0,-0.245185782,0.295148948,0.05047074707564487,0.05631507600108748
train,all,347,12400,0,0,-0.245289014,0.295396456,0.05035164858701587,0.05622928302721511
train,all,348,12400,0,0,-0.245381429,0.295644921,0.05023207641322592,0.05614433098574955
train,all,349,12400,0,0,-0.245463377,0.295896934,0.05011204529798393,0.05606028285726354
train,all,350,12400,0,0,-0.245536546,0.296153423,0.04999155289588688,0.055977122731095175
train,all,351,12400,0,0,-0.245602171,0.29640767,0.04987059150951632,0.05589488463900283
train,all,352,12400,0,0,-0.245657639,0.296660026,0.049749202968024174,0.05581354151911631
train,all,353,12400,0,0,-0.245702816,0.296914781,0.04962737653854842,0.05573314002704368
train,all,354,12400,0,0,-0.245740917,0.297168927,0.049505104451209495,0.05565371621092889
train,all,355,12400,0,0,-0.245771792,0.297422303,0.049382396747096734,0.05557522051664033
train,all,356,12400,0,0,-0.24579553,0.297675484,0.049259203695725666,0.05549767380128814
train,all,357,12400,0,0,-0.245812282,0.297927528,0.04913560213387096,0.05542110743917734
train,all,358,12400,0,0,-0.245819974,0.298180738,0.049011570169758115,0.0553455376681052
train,all,359,12400,0,0,-0.245819186,0.298433862,0.04888710561314502,0.055271036380379564
train,all,360,12400,0,0,-0.245810057,0.298683118,0.04876223162241953,0.05519752585193787
train,all,361,12400,0,0,-0.245792853,0.298932861,0.04863687613903237,0.055125003520911105
train,all,362,12400,0,0,-0.245767471,0.29918683,0.048511111690887204,0.05505353266699257
train,all,363,12400,0,0,-0.2457322,0.299439796,0.04838496807209662,0.054983135173290544
train,all,364,12400,0,0,-0.245688672,0.299688762,0.04825836018588719,0.05491379126033981
train,all,365,12400,0,0,-0.24563721,0.29993755,0.04813132055758056,0.05484548082581303
train,all,366,12400,0,0,-0.24557703,0.300189754,0.04800386120072581,0.05477824753964682
train,all,367,12400,0,0,-0.245506362,0.300440232,0.04787598309193542,0.05471209702660915
train,all,368,12400,0,0,-0.245424562,0.300690921,0.04774769689193524,0.05464706699449066
train,all,369,12400,0,0,-0.245332479,0.300944867,0.04761899476250015,0.0545831427217959
train,all,370,12400,0,0,-0.245230677,0.301194859,0.0474898586870966,0.05452035753451161
train,all,371,12400,0,0,-0.245120706,0.301441715,0.04736028281701609,0.054458701492104696
train,all,372,12400,0,0,-0.245002982,0.301691385,0.04723025643088703,0.05439815719303234
train,all,373,12400,0,0,-0.244876144,0.301941212,0.04709981196959681,0.054338753289450877
train,all,374,12400,0,0,-0.244737875,0.302191209,0.0469689010316937,0.054280480251945304
train,all,375,12400,0,0,-0.244590543,0.302443059,0.04683750862145176,0.054223300249106904
train,all,376,12400,0,0,-0.244435698,0.302692012,0.046705646836935906,0.05416724172483919
train,all,377,12400,0,0,-0.244270513,0.302942225,0.04657330274983887,0.05411234172645883
train,all,378,12400,0,0,-0.244094204,0.303194965,0.04644048623274193,0.054058591957866504
train,all,379,12400,0,0,-0.243909399,0.303450026,0.04630715966516166,0.05400596089822178
train,all,380,12400,0,0,-0.243718316,0.303708409,0.04617332332161298,0.05395446264742743
train,all,381,12400,0,0,-0.243517412,0.303964564,0.04603895310354836,0.053904058075818495
train,all,382,12400,0,0,-0.24330565,0.304217989,0.04590405844499982,0.05385476501425657
train,all,383,12400,0,0,-0.243614252,0.304468288,0.045768636117983985,0.05380657517085419
train,all,384,12400,0,0,-0.2439233,0.304716754,0.045632647865967796,0.05375946225107797
train,all,385,12400,0,0,-0.244224081,0.304967566,0.04549613305903211,0.0537134344279059
train,all,386,12400,0,0,-0.244514738,0.305220225,0.04535905616427397,0.05366856951277371
train,all,387,12400,0,0,-0.244796361,0.305473369,0.04522143045564498,0.053624797184380006
train,all,388,12400,0,0,-0.245070217,0.30572426,0.04508325103774182,0.05358213271753454
train,all,389,12400,0,0,-0.245333819,0.305974459,0.04494447601266107,0.05354054749208868
train,all,390,12400,0,0,-0.245586057,0.306227922,0.04480512160161312,0.053500021639991874
train,all,391,12400,0,0,-0.245829514,0.306478994,0.04466517205943559,0.053460501865626765
train,all,392,12400,0,0,-0.246062773,0.306728611,0.04452457929661287,0.05342187136215506
train,all,393,12400,0,0,-0.246286915,0.306983371,0.044383223578870895,0.053384050391551245
train,all,394,12400,0,0,-0.246501493,0.307235912,0.04424101496637092,0.05334689634812824
train,all,395,12400,0,0,-0.246704931,0.30748443,0.04409771993088752,0.05331012534069447
train,all,396,12400,0,0,-0.246899531,0.307732826,0.04395305545064523,0.053273287186927504
train,all,397,12400,0,0,-0.247082795,0.307981931,0.04380657634806459,0.05323574066949647
train,all,398,12400,0,0,-0.247254076,0.308233843,0.04365782464217726,0.053196736906116655
train,all,399,12400,0,0,-0.247415652,0.3086834,0.04350638373459685,0.05315548788215615
train,all,400,12400,0,0,-0.2475692,0.30987223,0.04335181633685469,0.053111233849425996
train,all,401,12400,0,0,-0.24771068,0.310858504,0.04319347666717764,0.05306243342125737
train,all,402,12400,0,0,-0.247839278,0.311659872,0.04303048523685475,0.05300688355643575
train,all,403,12400,0,0,-0.247961396,0.312270839,0.04286192663524217,0.05294211334977693
train,all,404,12400,0,0,-0.248075276,0.312693925,0.042687091370887005,0.05286599619723169
train,all,405,12400,0,0,-0.248178831,0.312944672,0.04250508154766122,0.05277555056256199
train,all,406,12400,0,0,-0.248272477,0.313219533,0.04231451135040315,0.05266643236495828
train,all,407,12400,0,0,-0.248355496,0.313284469,0.04211404928951589,0.05253420057721656
train,all,408,12400,0,0,-0.2484296,0.313278313,0.041902821743386984,0.05237528429533646
train,all,409,12400,0,0,-0.248493702,0.313231012,0.04168200273629018,0.05219149858636656
train,all,410,12400,0,0,-0.24854698,0.313194179,0.04145576957814499,0.05199416351379886
train,all,411,12400,0,0,-0.24859224,0.313158557,0.04122816798717742,0.05179447728177577
train,all,412,12400,0,0,-0.248629508,0.313124538,0.04100049147395168,0.05159568096226129
train,all,413,12400,0,0,-0.248658559,0.313094273,0.04077278560241942,0.05139783648775269
train,all,414,12400,0,0,-0.248680556,0.313060588,0.040544996367983886,0.05120074258034071
train,all,415,12400,0,0,-0.248694123,0.313027464,0.04031707469209662,0.051004258213325784
train,all,416,12400,0,0,-0.248698344,0.312994045,0.04008895438169365,0.05080830670493517
train,all,417,12400,0,0,-0.248695061,0.312959142,0.03986061808322578,0.050612789033368334
train,all,418,12400,0,0,-0.248685237,0.312927551,0.039632038272661214,0.05041772799951631
train,all,419,12400,0,0,-0.248667158,0.312897816,0.03940324179846763,0.05022310942784989
train,all,420,12400,0,0,-0.248639765,0.312867961,0.03917419601225805,0.05002888312767962
train,all,421,12400,0,0,-0.248603476,0.312836777,0.038944892941048484,0.04983513525137164
train,all,422,12400,0,0,-0.248555442,0.312806978,0.038715305848951706,0.04964185231487057
train,all,423,12400,0,0,-0.248495943,0.312775852,0.03848546064088713,0.04944897786150562
train,all,424,12400,0,0,-0.248429249,0.312742552,0.03825534684008065,0.049256514515826584
train,all,425,12400,0,0,-0.248353413,0.31271043,0.03802497102677417,0.04906453636487429
train,all,426,12400,0,0,-0.248268333,0.312678777,0.03779431222314518,0.04887299296459571
train,all,427,12400,0,0,-0.248174817,0.312647415,0.03756336383612901,0.04868190638543653
train,all,428,12400,0,0,-0.248070838,0.312617939,0.037332108750241615,0.04849129976044737
train,all,429,12400,0,0,-0.24795718,0.312588537,0.03710062854798376,0.04830117485685746
train,all,430,12400,0,0,-0.247834839,0.312555731,0.03686891901548379,0.04811159548106164
train,all,431,12400,0,0,-0.24770458,0.312522007,0.036636924576854836,0.047922525602787626
train,all,432,12400,0,0,-0.247564139,0.312491091,0.03640470061387099,0.04773404354433346
train,all,433,12400,0,0,-0.24741235,0.312462776,0.036172221133709666,0.047546112018454115
train,all,434,12400,0,0,-0.247251555,0.312433923,0.03593949444024193,0.04735878674755841
train,all,435,12400,0,0,-0.247083824,0.31240371,0.03570650356887095,0.047172003039789766
train,all,436,12400,0,0,-0.24690627,0.312375104,0.03547328169782271,0.04698577692156791
train,all,437,12400,0,0,-0.246717601,0.312346604,0.03523980815443546,0.04680016126400011
train,all,438,12400,0,0,-0.246518964,0.312317118,0.03500608219733881,0.0466151286742245
train,all,439,12400,0,0,-0.246309875,0.312288527,0.03477214752040336,0.046430761855830935
train,all,440,12400,0,0,-0.246091739,0.312258862,0.03453797317314504,0.04624704443591149
train,all,441,12400,0,0,-0.245865419,0.312229817,0.03430360016040318,0.04606398387745521
train,all,442,12400,0,0,-0.245628965,0.312202538,0.03406897082443549,0.04588158989709571
train,all,443,12400,0,0,-0.245383949,0.312173918,0.03383413421233872,0.04569989531077149
train,all,444,12400,0,0,-0.245130919,0.312144872,0.0335990645488709,0.045518921013078265
train,all,445,12400,0,0,-0.244868703,0.312114558,0.03336376594209674,0.04533866327284306
train,all,446,12400,0,0,-0.244599057,0.31208688,0.03312823800403241,0.04515910917228308
train,all,447,12400,0,0,-0.24432138,0.312062302,0.03289250717145138,0.044980325449984114
train,all,448,12400,0,0,-0.244035385,0.312037117,0.03265654773524203,0.044802285000332065
train,all,449,12400,0,0,-0.243740001,0.312012697,0.032420397754354756,0.04462505892180641
train,all,450,12400,0,0,-0.243435348,0.311986028,0.03218404693870961,0.044448609419857614
train,all,451,12400,0,0,-0.243121341,0.311959149,0.0319474982267338,0.044272974838705716
train,all,452,12400,0,0,-0.242797416,0.311933973,0.03171071722830648,0.04409816775087036
train,all,453,12400,0,0,-0.242464662,0.311907722,0.031473739449435566,0.043924189716675874
train,all,454,12400,0,0,-0.242122884,0.311879555,0.03123657744508091,0.043751087424863645
train,all,455,12400,0,0,-0.241772747,0.311852882,0.03099919303145161,0.04357888740005237
train,all,456,12400,0,0,-0.241413685,0.311827672,0.03076163989104825,0.04340753654291053
train,all,457,12400,0,0,-0.241045744,0.311802444,0.030523910714354903,0.04323710077981598
train,all,458,12400,0,0,-0.240672191,0.311776719,0.030286024800080573,0.043067637446868125
train,all,459,12400,0,0,-0.24028975,0.311749779,0.030047966076532373,0.04289913769354296
train,all,460,12400,0,0,-0.239895566,0.311720346,0.02980967174620961,0.042731558717587076
train,all,461,12400,0,0,-0.239490484,0.311689321,0.029571190709435424,0.042564965132058666
train,all,462,12400,0,0,-0.239077707,0.311660647,0.029332550750403228,0.04239938202231018
train,all,463,12400,0,0,-0.238658988,0.311631227,0.029093774211854988,0.04223481284829462
train,all,464,12400,0,0,-0.238229852,0.311599007,0.0288548121229031,0.04207127830672129
train,all,465,12400,0,0,-0.237791967,0.311567639,0.028615695506451613,0.0419087847771474
train,all,466,12400,0,0,-0.237346887,0.311540057,0.02837640701653238,0.04174739802383226
train,all,467,12400,0,0,-0.236893269,0.311511786,0.028136963983145254,0.04158712248356848
train,all,468,12400,0,0,-0.236935233,0.311481242,0.027897371090564508,0.04142793622102399
train,all,469,12400,0,0,-0.2370461,0.311451931,0.027657616295645088,0.04126987601175947
train,all,470,12400,0,0,-0.237144066,0.311424927,0.027417708369435623,0.041112984068405675
train,all,471,12400,0,0,-0.237231004,0.311397765,0.027177671015161442,0.0409572554678708
train,all,472,12400,0,0,-0.23731188,0.311368009,0.02693745825250012,0.04080268281287771
train,all,473,12400,0,0,-0.237387882,0.31133982,0.026697119070080755,0.04064933056905578
train,all,474,12400,0,0,-0.237457141,0.311314849,0.026456675847419404,0.04049721431488478
train,all,475,12400,0,0,-0.237518682,0.311289223,0.026216043092499954,0.04034635329726397
train,all,476,12400,0,0,-0.237570646,0.311263457,0.02597531970483886,0.040196742590752864
train,all,477,12400,0,0,-0.237613607,0.311237206,0.025734491406693597,0.04004841887177223
train,all,478,12400,0,0,-0.23764718,0.311209104,0.025493515779032177,0.03990140540269337
train,all,479,12400,0,0,-0.237670781,0.311183013,0.025252443562016075,0.03975568776848672
train,all,480,12400,0,0,-0.237684875,0.311158418,0.025011233283387033,0.03961132909368023
train,all,481,12400,0,0,-0.237689608,0.311130617,0.02476992244806449,0.03946835108516294
train,all,482,12400,0,0,-0.237689507,0.31110247,0.024528491003709733,0.03932674085386472
train,all,483,12400,0,0,-0.237685083,0.311074551,0.024286981574113006,0.03918650594443408
train,all,484,12400,0,0,-0.237675595,0.311045408,0.024045346819516165,0.03904771636352011
train,all,485,12400,0,0,-0.237658631,0.311015321,0.023803614395161182,0.03891037379886406
train,all,486,12400,0,0,-0.237634266,0.310983806,0.023561804201370884,0.03877450014549486
train,all,487,12400,0,0,-0.2376048,0.310954118,0.023319897688306477,0.03864008071498665
train,all,488,12400,0,0,-0.237567984,0.310924777,0.023077880601532277,0.038507112041908015
train,all,489,12400,0,0,-0.237521124,0.310895354,0.02283577114830645,0.038375681749793215
train,all,490,12400,0,0,-0.237466798,0.310868036,0.022593569469919236,0.03824581107344242
train,all,491,12400,0,0,-0.237404646,0.310842026,0.022351261912903275,0.03811746490445218
train,all,492,12400,0,0,-0.237334129,0.310818165,0.0221089025200807,0.03799068720339309
train,all,493,12400,0,0,-0.237256968,0.310795701,0.021866464030242005,0.03786552138200667
train,all,494,12400,0,0,-0.237171421,0.310768417,0.021623989263871015,0.037741940032505875
train,all,495,12400,0,0,-0.237078113,0.310736841,0.021381425124758113,0.03762002013754071
train,all,496,12400,0,0,-0.236975347,0.310708303,0.021138791003548527,0.037499702388220243
train,all,497,12400,0,0,-0.23686267,0.310683032,0.0208961007620967,0.037381050312975075
train,all,498,12400,0,0,-0.236740417,0.310657206,0.020653330976209656,0.037264115185312245
train,all,499,12400,0,0,-0.2366085,0.310629224,0.020410525791693494,0.03714886071052259
train,all,500,12400,0,0,-0.236470297,0.310601892,0.020167663945645245,0.0370353145136204
train,all,501,12400,0,0,-0.236324413,0.310578133,0.019924751248306432,0.036923499823419664
train,all,502,12400,0,0,-0.236166957,0.310555577,0.019681778812903162,0.03681337729605097
train,all,503,12400,0,0,-0.23600012,0.310526467,0.019438742896290266,0.03670491019719745
train,all,504,12400,0,0,-0.235829397,0.310442015,0.019195529999088717,0.03659758438367731
train,all,505,12400,0,0,-0.235652676,0.310251214,0.018952011007903155,0.03649077065480298
train,all,506,12400,0,0,-0.235465547,0.309823466,0.01870800258919358,0.0363833927098453
train,all,507,12400,0,0,-0.235268935,0.30914804,0.01846342594943554,0.036275053156865425
train,all,508,12400,0,0,-0.235066078,0.308266946,0.018218170319274203,0.03616557633089963
train,all,509,12400,0,0,-0.234854284,0.307140945,0.017972179724838694,0.036054478817287086
train,all,510,12400,0,0,-0.234631849,0.305825287,0.017725540954596813,0.03594230274488876
train,all,511,12400,0,0,-0.234401185,0.304340157,0.017478335368225798,0.03582935567866829
train,all,512,12400,0,0,-0.234161991,0.302771342,0.017230763453709642,0.03571672345827573
train,all,513,12400,0,0,-0.233914298,0.301207566,0.016983092486741964,0.035605523402611534
train,all,514,12400,0,0,-0.233657478,0.29964728,0.016735401529516133,0.03549612912959313
train,all,515,12400,0,0,-0.233393556,0.298088258,0.016487717947258,0.035388682614892225
train,all,516,12400,0,0,-0.233122788,0.296532151,0.016240041193145198,0.03528317432110643
train,all,517,12400,0,0,-0.232845617,0.294977362,0.01599236731354846,0.035179677417858005
train,all,518,12400,0,0,-0.232559346,0.293421007,0.015744696284733933,0.035078127093492784
train,all,519,12400,0,0,-0.232261986,0.29186731,0.01549704218862903,0.03497855827856236
train,all,520,12400,0,0,-0.231955542,0.290315619,0.015249408058145172,0.034881013082899336
train,all,521,12400,0,0,-0.231641039,0.288765108,0.015001800464435494,0.03478547302520915
train,all,522,12400,0,0,-0.23131917,0.287214062,0.014754188532741961,0.03469195641087691
train,all,523,12400,0,0,-0.23098977,0.285661431,0.014506617169193499,0.034600479868101164
train,all,524,12400,0,0,-0.230654686,0.284109929,0.014259100017016172,0.034511060389826625
train,all,525,12400,0,0,-0.230312296,0.282558997,0.014011601721935468,0.03442372306651808
train,all,526,12400,0,0,-0.229959128,0.281008658,0.013764154028145188,0.03433843167827751
train,all,527,12400,0,0,-0.229595583,0.279485737,0.013516736210806434,0.03425522682697509
train,all,528,12400,0,0,-0.229223507,0.277962516,0.013269350428628972,0.03417411428549422
train,all,529,12400,0,0,-0.228844343,0.276435445,0.013022027443306508,0.03409516099521579
train,all,530,12400,0,0,-0.228455652,0.27490591,0.012774746803467693,0.03401827377283338
train,all,531,12400,0,0,-0.228059474,0.273377929,0.01252753592266135,0.033943558158358
train,all,532,12400,0,0,-0.227658168,0.271853527,0.012280355118629,0.03387096463554144
train,all,533,12400,0,0,-0.227246698,0.270329728,0.012033277145161269,0.033800545640931774
train,all,534,12400,0,0,-0.226826895,0.268804724,0.011786232769838735,0.03373228902376499
train,all,535,12400,0,0,-0.226402681,0.267279926,0.011539266412499976,0.03366621940027298
train,all,536,12400,0,0,-0.225971052,0.265755918,0.011292376330161242,0.03360233960755837
train,all,537,12400,0,0,-0.226232803,0.264231673,0.011045559493145164,0.033540648691906594
train,all,538,12400,0,0,-0.226771741,0.262707192,0.010798826560161299,0.03348113524863998
train,all,539,12400,0,0,-0.227302558,0.261185138,0.010552180767983876,0.03342380101087267
train,all,540,12400,0,0,-0.227824682,0.259661903,0.010305592223548384,0.03336871018956216
train,all,541,12400,0,0,-0.228336777,0.258133586,0.010059081272338696,0.03331582825476391
train,all,542,12400,0,0,-0.228838373,0.256607461,0.009812665998145216,0.0332651709914655
train,all,543,12400,0,0,-0.229330429,0.255084703,0.009566357316774205,0.033216741258606595
train,all,544,12400,0,0,-0.229813349,0.253559599,0.00932015733314517,0.03317053279054675
train,all,545,12400,0,0,-0.230287247,0.252031921,0.00907405355112903,0.03312657828071461
train,all,546,12400,0,0,-0.230752295,0.250507682,0.008828039701048354,0.033084885163383156
train,all,547,12400,0,0,-0.231206223,0.24898625,0.008582146874838718,0.03304539089042118
train,all,548,12400,0,0,-0.231650904,0.247463702,0.008336387610725828,0.0330081039277873
train,all,549,12400,0,0,-0.232087715,0.245940632,0.008090755002016154,0.032973039427876404
train,all,550,12400,0,0,-0.232514935,0.244417531,0.007845191165403196,0.03294022625028458
train,all,551,12400,0,0,-0.232933705,0.242894087,0.0075997602932742015,0.032909646503061774
train,all,552,12400,0,0,-0.233342295,0.24136996,0.00735443889217742,0.032881327697713195
train,all,553,12400,0,0,-0.233741885,0.24102,0.007109258427032269,0.03285525161550266
train,all,554,12400,0,0,-0.234134707,0.24109,0.006864236935787093,0.03283136965657892
train,all,555,12400,0,0,-0.234518557,0.24116,0.00661932931524191,0.03280974292836962
train,all,556,12400,0,0,-0.234892068,0.24121,0.006374576732983845,0.03279033004862103
train,all,557,12400,0,0,-0.235255191,0.24126,0.006129964095737922,0.03277316916635994
train,all,558,12400,0,0,-0.235607808,0.2413,0.005885528979919341,0.032758204042059376
train,all,559,12400,0,0,-0.235950054,0.24133,0.005641232186854827,0.032745455294433935
train,all,560,12400,0,0,-0.236284063,0.24135,0.0053970956320967805,0.03273489918765786
train,all,561,12400,0,0,-0.236610002,0.24136,0.005153070071774186,0.03272657559407509
train,all,562,12400,0,0,-0.236927163,0.24136,0.004909222291612892,0.03272043508980424
train,all,563,12400,0,0,-0.237235293,0.24136,0.00466554741766129,0.03271646762057556
train,all,564,12400,0,0,-0.237532135,0.24135,0.00442202123491934,0.03271468486020334
train,all,565,12400,0,0,-0.237818825,0.24134,0.004178680764032268,0.03271503972517309
train,all,566,12400,0,0,-0.238095122,0.24132,0.003935522561290327,0.03271753502243019
train,all,567,12400,0,0,-0.238361073,0.24129,0.00369251587749999,0.03272218596141461
train,all,568,12400,0,0,-0.238618583,0.24125,0.0034496874021774236,0.03272895034869161
train,all,569,12400,0,0,-0.238867881,0.24121,0.003207060815645145,0.032737814103055596
train,all,570,12400,0,0,-0.239109515,0.24116,0.0029646070608870985,0.03274879168642725
train,all,571,12400,0,0,-0.239343523,0.2411,0.002722359936854827,0.03276184025262611
train,all,572,12400,0,0,-0.23957038,0.24103,0.002480277124112916,0.03277697411658772
train,all,573,12400,0,0,-0.239788334,0.24095,0.002238423265322601,0.03279417077244555
train,all,574,12400,0,0,-0.239997551,0.24086,0.0019967470739516327,0.032813426111529834
train,all,575,12400,0,0,-0.240197637,0.24076,0.0017552955292742065,0.032834690459959695
train,all,576,12400,0,0,-0.240385602,0.24066,0.0015140452730645114,0.0328579320873215
train,all,577,12400,0,0,-0.240563159,0.24055,0.0012729885418548404,0.03288320065512816
train,all,578,12400,0,0,-0.24073045,0.24043,0.0010321830682257992,0.03291042385176211
train,all,579,12400,0,0,-0.240888987,0.2403,0.0007916085142742113,0.0329396173090469
train,all,580,12400,0,0,-0.241040028,0.24030677,0.0005512478431451519,0.03297076601905086
train,all,581,12400,0,0,-0.241182107,0.24057848,0.000311103205241936,0.03300379377855896
train,all,582,12400,0,0,-0.241315931,0.240840764,7.117769008065953e-05,0.033038692029018386
train,all,583,12400,0,0,-0.241440316,0.241094256,-0.0001685194713709645,0.03307541079563987
train,all,584,12400,0,0,-0.241556314,0.241337329,-0.0004079847024193531,0.033113906287479504
train,all,585,12400,0,0,-0.241664415,0.241569115,-0.0006472603116129201,0.033154153628707814
train,all,586,12400,0,0,-0.241762796,0.241789363,-0.0008863510681451854,0.033196060494298865
train,all,587,12400,0,0,-0.241851394,0.241999721,-0.0011252328288709375,0.03323957802537464
train,all,588,12400,0,0,-0.241930305,0.24220186,-0.001363948462983878,0.03328466398107978
train,all,589,12400,0,0,-0.242000251,0.24239451,-0.0016025056280645296,0.03333126194267872
train,all,590,12400,0,0,-0.242060609,0.242577581,-0.0018409146083870943,0.03337934145532161
train,all,591,12400,0,0,-0.242110773,0.24275221,-0.0020791223545161015,0.03342882875129881
train,all,592,12400,0,0,-0.242151834,0.242916839,-0.00231715028508064,0.03347971711498706
train,all,593,12400,0,0,-0.242182999,0.243071844,-0.0025550241343548444,0.03353197109850316
train,all,594,12400,0,0,-0.242204673,0.24321847,-0.0027927290741935487,0.03358559928296688
train,all,595,12400,0,0,-0.242220165,0.243357293,-0.003030248882903225,0.03364055401872045
train,all,596,12400,0,0,-0.242228003,0.243486905,-0.0032675838039515977,0.03369680229534194
train,all,597,12400,0,0,-0.242227135,0.2436061,-0.0035047527692742115,0.033754330698786354
train,all,598,12400,0,0,-0.242220378,0.243716258,-0.003741731217903224,0.03381313648788402
train,all,599,12400,0,0,-0.242207783,0.24381776,-0.003978499962983833,0.03387317171633455
train,all,600,12400,0,0,-0.242224867,0.243909671,-0.004215104914919369,0.03393444986352663
train,all,601,12400,0,0,-0.242325305,0.243990549,-0.0044514703137419525,0.033996829680212996
train,all,602,12400,0,0,-0.242415457,0.244062557,-0.004687655311854824,0.034060298974460945
train,all,603,12400,0,0,-0.24249875,0.24412869,-0.00492369365838711,0.03412484707274387
train,all,604,12400,0,0,-0.24257554,0.244185499,-0.005159595360564526,0.034190322110780665
train,all,605,12400,0,0,-0.242642795,0.244230666,-0.0053954397946451675,0.034256536130963515
train,all,606,12400,0,0,-0.242701739,0.244268485,-0.005631321775887071,0.034323053342515876
train,all,607,12400,0,0,-0.242749487,0.24429921,-0.0058674562707258324,0.03438912258511716
train,all,608,12400,0,0,-0.242782553,0.244319204,-0.006104155127903253,0.03445385903233397
train,all,609,12400,0,0,-0.242806871,0.244330072,-0.006341642555725777,0.03451636170845089
train,all,610,12400,0,0,-0.242824222,0.244334479,-0.006580136742500007,0.034576026254357316
train,all,611,12400,0,0,-0.242834171,0.244332477,-0.006819677529677381,0.03463271168225921
train,all,612,12400,0,0,-0.242838758,0.244324678,-0.007060242450080677,0.034686660100770074
train,all,613,12400,0,0,-0.24283568,0.244310332,-0.007301718232661277,0.034738465196628855
train,all,614,12400,0,0,-0.24282233,0.244288089,-0.007543889714112896,0.034788934819334934
train,all,615,12400,0,0,-0.242803747,0.244258396,-0.007786409007741999,0.03483897581779573
train,all,616,12400,0,0,-0.242781434,0.244221276,-0.00802892360935479,0.034889514904605845
train,all,617,12400,0,0,-0.242750979,0.244174935,-0.008271210679677503,0.03494099892794765
train,all,618,12400,0,0,-0.242711302,0.2441164,-0.008513158998951612,0.03499369428073338
train,all,619,12400,0,0,-0.242664199,0.244049244,-0.008754721889758076,0.035047635721167245
train,all,620,12400,0,0,-0.24261208,0.243976303,-0.008995855687500045,0.035102856709032175
train,all,621,12400,0,0,-0.242552199,0.243893153,-0.009236582475403208,0.035159368906668945
train,all,622,12400,0,0,-0.242486552,0.243799531,-0.009476867802177456,0.035217106707721685
train,all,623,12400,0,0,-0.242414057,0.243697311,-0.009716728677903195,0.035275981741818195
train,all,624,12400,0,0,-0.242333485,0.243586502,-0.009956197713225779,0.0353360025043876
train,all,625,12400,0,0,-0.242243423,0.243467273,-0.010195288792822612,0.03539709762741716
train,all,626,12400,0,0,-0.242140229,0.243340842,-0.010433980751612962,0.03545928914550255
train,all,627,12400,0,0,-0.242033279,0.243207895,-0.010672298784193544,0.035522487812206585
train,all,628,12400,0,0,-0.241922264,0.243065947,-0.010910237769274128,0.03558670935620952
train,all,629,12400,0,0,-0.24180322,0.242914619,-0.011147782465967766,0.035651856982324
train,all,630,12400,0,0,-0.241674327,0.242754892,-0.011384935752258055,0.03571797212289754
train,all,631,12400,0,0,-0.241534543,0.242587533,-0.011621720891209657,0.03578496366422301
train,all,632,12400,0,0,-0.241385918,0.242413466,-0.011858083539919389,0.03585281096038865
train,all,633,12400,0,0,-0.241232472,0.242230302,-0.01209407367395162,0.03592157871726122
train,all,634,12400,0,0,-0.241073192,0.242038598,-0.0123296571304032,0.03599116103555725
train,all,635,12400,0,0,-0.24090417,0.241838509,-0.012564862365282325,0.03606157767831202
train,all,636,12400,0,0,-0.240726073,0.241628989,-0.01279966312604841,0.03613276568708039
train,all,637,12400,0,0,-0.240535777,0.241410764,-0.013034061491290293,0.03620469867632835
train,all,638,12400,0,0,-0.240335852,0.241182785,-0.013268059246209647,0.03627733852805136
train,all,639,12400,0,0,-0.240129801,0.240946593,-0.013501630989677401,0.03635070426548446
train,all,640,12400,0,0,-0.239918064,0.240702039,-0.013734769299838813,0.03642477952298735
train,all,641,12400,0,0,-0.239696951,0.240448316,-0.01396752002403217,0.03649953759864279
train,all,642,12400,0,0,-0.239469697,0.240186799,-0.014199861502903173,0.036574995508930765
train,all,643,12400,0,0,-0.239237364,0.239917045,-0.014431784010080663,0.03665115221826654
train,all,644,12400,0,0,-0.238997129,0.239637132,-0.01466326482209679,0.03672791762222933
train,all,645,12400,0,0,-0.238750542,0.239349083,-0.01489431081951612,0.036805330149127125
train,all,646,12400,0,0,-0.238493872,0.239054954,-0.015124935414516026,0.03688337847863006
train,all,647,12400,0,0,-0.23837849,0.23875316,-0.015355106984838631,0.03696202666736258
train,all,648,12400,0,0,-0.238306206,0.238442443,-0.015584857768387136,0.03704120148638201
train,all,649,12400,0,0,-0.238223977,0.238124369,-0.015814148589274216,0.03712094791374528
train,all,650,12400,0,0,-0.238131152,0.237799002,-0.016042982386693515,0.037201235313042216
train,all,651,12400,0,0,-0.238030497,0.237465209,-0.01627137715483857,0.03728203175513027
train,all,652,12400,0,0,-0.237924595,0.237423678,-0.016499319462983785,0.03736336154753802
train,all,653,12400,0,0,-0.237811789,0.237452633,-0.01672680425887096,0.03744518749873481
train,all,654,12400,0,0,-0.237692849,0.237473947,-0.01695383991459682,0.03752743722828669
train,all,655,12400,0,0,-0.237565818,0.23748826,-0.017180412855403268,0.03761013896911871
train,all,656,12400,0,0,-0.237428169,0.237495702,-0.01740654855804839,0.03769322693303604
train,all,657,12400,0,0,-0.23727873,0.237493899,-0.017632224206451608,0.037776727307175496
train,all,658,12400,0,0,-0.237117841,0.237483496,-0.017857419748790355,0.03786061303952924
train,all,659,12400,0,0,-0.236951269,0.237467572,-0.01808215366403218,0.03794486193888915
train,all,660,12400,0,0,-0.236778865,0.237445792,-0.01830645055822577,0.038029510432407106
train,all,661,12400,0,0,-0.236596348,0.237420481,-0.018530301083628988,0.03811453704718541
train,all,662,12400,0,0,-0.236405839,0.237387696,-0.018753670986612937,0.03819986262509687
train,all,663,12400,0,0,-0.236209981,0.23734552,-0.018976586088064597,0.03828554331756584
train,all,664,12400,0,0,-0.236265663,0.237296589,-0.01919902315403227,0.03837152852212165
train,all,665,12400,0,0,-0.237168667,0.23723991,-0.01942098915443547,0.038457790585109855
train,all,666,12400,0,0,-0.238063925,0.237177022,-0.019642444525161357,0.03854434191572885
train,all,667,12400,0,0,-0.238953714,0.237335557,-0.019863419369113008,0.03863115751608951
train,all,668,12400,0,0,-0.239833644,0.237547262,-0.02008387449806447,0.038718213129981784
train,all,669,12400,0,0,-0.240700108,0.237749161,-0.020303863000161276,0.03880551769239734
train,all,670,12400,0,0,-0.241558201,0.237941328,-0.020523346559112896,0.03889304332701055
train,all,671,12400,0,0,-0.242406293,0.238124927,-0.020742334644193568,0.03898080318035509
train,all,672,12400,0,0,-0.243241605,0.238299363,-0.020960827603064423,0.039068722884264113
train,all,673,12400,0,0,-0.244068742,0.238464002,-0.021178858049354883,0.03915683002203276
train,all,674,12400,0,0,-0.244887028,0.238623222,-0.021396347617499926,0.039245116572814494
train,all,675,12400,0,0,-0.245695329,0.238773302,-0.021613327879596772,0.039333557310776215
train,all,676,12400,0,0,-0.246493305,0.238910219,-0.02182982878411293,0.039422103634498606
train,all,677,12400,0,0,-0.247278862,0.239037113,-0.02204581494032263,0.03951081514415855
train,all,678,12400,0,0,-0.248052227,0.239155954,-0.022261282219596723,0.03959957851822664
train,all,679,12400,0,0,-0.248816195,0.239273278,-0.022476241570887307,0.03968848659572032
train,all,680,12400,0,0,-0.249567621,0.239386852,-0.02269070044798385,0.039777471755907415
train,all,681,12400,0,0,-0.250309416,0.239490881,-0.0229046560788709,0.039866583293675574
train,all,682,12400,0,0,-0.251043289,0.239588537,-0.0231181134736291,0.0399557695962206
train,all,683,12400,0,0,-0.251765493,0.23967558,-0.023331015823387126,0.04004494538383655
train,all,684,12400,0,0,-0.252475106,0.239750927,-0.02354340834403237,0.040134169398983316
train,all,685,12400,0,0,-0.253172929,0.23981831,-0.02375525638709682,0.040223440989840126
train,all,686,12400,0,0,-0.253863327,0.239877293,-0.02396661886177424,0.04031277173879804
train,all,687,12400,0,0,-0.254547263,0.240102439,-0.02417742727717746,0.04040215640684946
train,all,688,12400,0,0,-0.255222162,0.240323641,-0.02438769606274198,0.04049153063389509
train,all,689,12400,0,0,-0.255886881,0.240534512,-0.024597444232822684,0.04058091116205867
train,all,690,12400,0,0,-0.256539406,0.240735973,-0.02480668456959685,0.04067029434213762
train,all,691,12400,0,0,-0.257178927,0.240927426,-0.025015350524354923,0.04075961689402554
train,all,692,12400,0,0,-0.257805769,0.241111624,-0.025223460186693553,0.040848885587205806
train,all,693,12400,0,0,-0.258420588,0.241287917,-0.025431030472741978,0.040938126101066195
train,all,694,12400,0,0,-0.259026689,0.241453097,-0.025638083116290483,0.041027333344684454
train,all,695,12400,0,0,-0.259625213,0.241609256,-0.025844603924516065,0.04111649627599114
train,all,696,12400,0,0,-0.260215045,0.241756641,-0.026050534374112855,0.04120554818001151
train,all,697,12400,0,0,-0.260790644,0.241894945,-0.026255909523387053,0.04129453584649381
train,all,698,12400,0,0,-0.26135188,0.24202348,-0.026460738891451476,0.04138347067562444
train,all,699,12400,0,0,-0.261902677,0.24214179,-0.026665033419516104,0.04147230488494123
train,all,700,12400,0,0,-0.262440996,0.242253344,-0.02686879792156462,0.04156105108853847
train,all,701,12400,0,0,-0.262968536,0.242357562,-0.02707198871790329,0.041649752287389354
train,all,702,12400,0,0,-0.26348885,0.242451141,-0.02727465752306447,0.04173832264621085
train,all,703,12400,0,0,-0.264000309,0.24253442,-0.02747674572088703,0.04182676563550085
train,all,704,12400,0,0,-0.264502724,0.242609642,-0.02767828548153222,0.041915107347623715
train,all,705,12400,0,0,-0.264989909,0.242675599,-0.027879283488467698,0.042003341838457456
train,all,706,12400,0,0,-0.265459631,0.242731029,-0.028079711045967695,0.04209142686144006
train,all,707,12400,0,0,-0.265921953,0.242777946,-0.028279585677096902,0.04217942638423233
train,all,708,12400,0,0,-0.26637776,0.242817235,-0.028478907953709724,0.04226731895701796
train,all,709,12400,0,0,-0.266822472,0.242848089,-0.02867763832758057,0.04235504343548089
train,all,710,12400,0,0,-0.26725736,0.242869898,-0.028875787478387118,0.042442587907162904
train,all,711,12400,0,0,-0.267680439,0.242883914,-0.029073375541451483,0.042529996476275596
train,all,712,12400,0,0,-0.268092795,0.242890495,-0.029270408472500085,0.04261728645634915
train,all,713,12400,0,0,-0.2684963,0.242889709,-0.029466871128709847,0.04270444227053523
train,all,714,12400,0,0,-0.268890766,0.242883075,-0.029662783049113066,0.042791398653614775
train,all,715,12400,0,0,-0.269272256,0.242870092,-0.029858133498628963,0.04287822085630389
train,all,716,12400,0,0,-0.26964125,0.242850329,-0.030052876418387227,0.04296487797434394
train,all,717,12400,0,0,-0.270000177,0.24282356,-0.03024705819330647,0.04305134077770708
train,all,718,12400,0,0,-0.270343526,0.242788299,-0.03044063897096781,0.04313763472688033
train,all,719,12400,0,0,-0.270674295,0.242743586,-0.03063364650120973,0.043223759291063306
train,all,720,12400,0,0,-0.270994089,0.242690835,-0.030826086690967962,0.04330966716677365
train,all,721,12400,0,0,-0.271303774,0.242630714,-0.031017934329112946,0.043395400424969796
train,all,722,12400,0,0,-0.271602917,0.242562871,-0.031209178504354694,0.04348095767201689
train,all,723,12400,0,0,-0.271892131,0.242485358,-0.03139984100717753,0.04356634493943785
train,all,724,12400,0,0,-0.272171502,0.242398071,-0.03158990546000019,0.0436515116557409
train,all,725,12400,0,0,-0.272440048,0.242303196,-0.03177939072766149,0.04373649098484079
train,all,726,12400,0,0,-0.272698397,0.242200955,-0.031968278447661175,0.04382130026899566
train,all,727,12400,0,0,-0.272946637,0.24208993,-0.03215661506991942,0.0439059478649602
train,all,728,12400,0,0,-0.273185097,0.241970343,-0.03234435020129034,0.04399041057056614
train,all,729,12400,0,0,-0.273410139,0.241842716,-0.03253150592483865,0.04407472161205914
train,all,730,12400,0,0,-0.27364014,0.24170638,-0.03271808487379027,0.04415882604569289
train,all,731,12400,0,0,-0.273955634,0.241559512,-0.032904053173145265,0.04424273661235888
train,all,732,12400,0,0,-0.274255372,0.241403174,-0.03308941957427411,0.04432642765489783
train,all,733,12400,0,0,-0.274537984,0.241238802,-0.0332741886571772,0.044409953473789836
train,all,734,12400,0,0,-0.274810695,0.241065272,-0.03345836292362899,0.044493310100223005
train,all,735,12400,0,0,-0.275072384,0.240883139,-0.03364199014282277,0.044576462045851695
train,all,736,12400,0,0,-0.275323643,0.24069167,-0.03382500105669363,0.04465944534376573
train,all,737,12400,0,0,-0.27556598,0.240491783,-0.03400739547064532,0.04474222253316082
train,all,738,12400,0,0,-0.275796627,0.240284042,-0.03418918421040322,0.04482479089491046
train,all,739,12400,0,0,-0.276017449,0.240067553,-0.03437039159185475,0.0449071966966887
train,all,740,12400,0,0,-0.276229026,0.239843379,-0.034550998365483775,0.044989435368118294
train,all,741,12400,0,0,-0.276429536,0.239613355,-0.034731018594999975,0.04507150263191264
train,all,742,12400,0,0,-0.276619835,0.239376044,-0.034910421834838924,0.04515338792336138
train,all,743,12400,0,0,-0.276796827,0.239130248,-0.035089224908629,0.045235117482088395
train,all,744,12400,0,0,-0.276962153,0.238876524,-0.035267434243467975,0.04531665280669489
train,all,745,12400,0,0,-0.277117416,0.238614595,-0.03544505236040324,0.04539808401211963
train,all,746,12400,0,0,-0.277261321,0.238343958,-0.03562209318282252,0.04547931267359815
train,all,747,12400,0,0,-0.277395995,0.238063871,-0.03579850185774187,0.04556038421464129
train,all,748,12400,0,0,-0.277515962,0.237776335,-0.03597430372096756,0.045641281140758744
train,all,749,12400,0,0,-0.277623815,0.23748147,-0.03614950217854843,0.045721999768519705
train,all,750,12400,0,0,-0.277724242,0.237178233,-0.036324097468548255,0.04580260394135596
train,all,751,12400,0,0,-0.277815336,0.236866883,-0.03649809850193546,0.04588309100132169
train,all,752,12400,0,0,-0.277929923,0.236546309,-0.03667148346798395,0.04596343850887675
train,all,753,12400,0,0,-0.27805547,0.236216263,-0.03684432578080647,0.046043674181560065
train,all,754,12400,0,0,-0.278168691,0.235880452,-0.03701655901411291,0.046123841929457364
train,all,755,12400,0,0,-0.278271105,0.235960118,-0.037188209044757975,0.04620391198905279
train,all,756,12400,0,0,-0.278365935,0.236264124,-0.0373592877161292,0.046283898153080275
train,all,757,12400,0,0,-0.278454298,0.236559317,-0.03752978873104851,0.04636383442033352
train,all,758,12400,0,0,-0.278530094,0.236848095,-0.03769969969040325,0.046443721140501236
train,all,759,12400,0,0,-0.278594367,0.237129524,-0.03786906378637105,0.046523568629597264
train,all,760,12400,0,0,-0.278648795,0.237401868,-0.038037833072015914,0.04660339608297116
train,all,761,12400,0,0,-0.278689995,0.23766326,-0.03820603634975792,0.046683184093730096
train,all,762,12400,0,0,-0.27872122,0.237914319,-0.03837371204758075,0.04676299695990243
train,all,763,12400,0,0,-0.278745339,0.238158367,-0.03854084594362911,0.0468428765536724
train,all,764,12400,0,0,-0.278761396,0.238394807,-0.03870746326491934,0.046922787470333564
train,all,765,12400,0,0,-0.278770457,0.238621305,-0.03887357513137094,0.04700275194329417
train,all,766,12400,0,0,-0.278771812,0.23883776,-0.039039154989999866,0.047082763019527824
train,all,767,12400,0,0,-0.278762666,0.239045894,-0.03920421639620971,0.04716283250900733
train,all,768,12400,0,0,-0.278741063,0.239245206,-0.03936874238225804,0.04724296342844169
train,all,769,12400,0,0,-0.278711309,0.239435234,-0.03953276948435479,0.047323080027842294
train,all,770,12400,0,0,-0.278673393,0.239618301,-0.03969626541266141,0.047403350085113025
train,all,771,12400,0,0,-0.278623204,0.239792604,-0.03985926182846787,0.047483665892479
train,all,772,12400,0,0,-0.278563661,0.239956951,-0.04002171890790325,0.04756405763502038
train,all,773,12400,0,0,-0.278513563,0.240112002,-0.04018364226419347,0.04764446484180599
train,all,774,12400,0,0,-0.27850141,0.240258195,-0.04034501414677412,0.047724891055361894
train,all,775,12400,0,0,-0.278479384,0.24039511,-0.040505817416854786,0.047805371759341256
train,all,776,12400,0,0,-0.278448247,0.24052093,-0.040666082919838954,0.047885894516828426
train,all,777,12400,0,0,-0.27840806,0.240636849,-0.04082578407169356,0.047966477587810974
train,all,778,12400,0,0,-0.278357271,0.240745568,-0.04098487086822582,0.0480470314950434
train,all,779,12400,0,0,-0.27829484,0.240846124,-0.04114339004249996,0.04812761240315692
train,all,780,12400,0,0,-0.278221749,0.240935368,-0.041301308238145096,0.048208218387120014
train,all,781,12400,0,0,-0.278137951,0.241015843,-0.041458631189838786,0.04828884366820958
train,all,782,12400,0,0,-0.278044723,0.241090796,-0.04161538164693566,0.048369515118007106
train,all,783,12400,0,0,-0.277942257,0.241156309,-0.04177153546322575,0.048450250937428545
train,all,784,12400,0,0,-0.277830369,0.241211075,-0.041927092005806264,0.04853099759047436
train,all,785,12400,0,0,-0.277707115,0.241257348,-0.04208209591991926,0.04861181782908236
train,all,786,12400,0,0,-0.277572744,0.241296654,-0.04223650371758062,0.04869272714565621
train,all,787,12400,0,0,-0.277426929,0.241326837,-0.0423903025050002,0.048773695346218116
train,all,788,12400,0,0,-0.27727019,0.24134598,-0.04254350683112898,0.0488547013799286
train,all,789,12400,0,0,-0.277106914,0.241356227,-0.04269611044451598,0.04893580849296413
train,all,790,12400,0,0,-0.276934911,0.241360049,-0.042848120704274247,0.049016979625624714
train,all,791,12400,0,0,-0.276751666,0.24135916,-0.0429995192208064,0.049098245456194615
train,all,792,12400,0,0,-0.276557492,0.241352808,-0.04315034012564525,0.04917961598616572
train,all,793,12400,0,0,-0.276352235,0.241339456,-0.04330055719661282,0.04926108916551707
train,all,794,12400,0,0,-0.276135413,0.241318222,-0.043450145794919216,0.049342673666216266
train,all,795,12400,0,0,-0.275908006,0.241290357,-0.043599170561048235,0.04942438999809614
train,all,796,12400,0,0,-0.275669427,0.241254391,-0.043747592490886944,0.049506257786949025
train,all,797,12400,0,0,-0.275419089,0.241208895,-0.04389545071983879,0.0495882712716021
train,all,798,12400,0,0,-0.275159875,0.2411569,-0.04404271373806441,0.04967046772784709
train,all,799,12400,0,0,-0.274889906,0.241097588,-0.044189384168548174,0.04975280557773163
train,all,800,12400,0,0,-0.274608872,0.241028623,-0.04433544982120975,0.04983529383618473
train,all,801,12400,0,0,-0.274317488,0.240950094,-0.04448092520338727,0.04991798975088454
train,all,802,12400,0,0,-0.274014543,0.240860741,-0.04462581722596766,0.05000090680564655
train,all,803,12400,0,0,-0.273703343,0.240763448,-0.0447701124316933,0.05008401530697289
train,all,804,12400,0,0,-0.273383721,0.240661061,-0.04491384169419329,0.05016736442234087
train,all,805,12400,0,0,-0.273054382,0.240550052,-0.045056976893064586,0.050250930577547606
train,all,806,12400,0,0,-0.272715599,0.240431274,-0.04519951787008092,0.050334736981503654
train,all,807,12400,0,0,-0.272364429,0.240303966,-0.045341491014354966,0.050418790850975365
train,all,808,12400,0,0,-0.272003333,0.240166628,-0.04548288837193553,0.050503105595402616
train,all,809,12400,0,0,-0.271635088,0.240021742,-0.04562369302290313,0.050587705240515195
train,all,810,12400,0,0,-0.271254002,0.239868754,-0.0457639061015324,0.050672525500859565
train,all,811,12400,0,0,-0.270861575,0.239705899,-0.04590354018674748,0.05075764610750565
train,all,812,12400,0,0,-0.270460432,0.239534287,-0.04604261603177436,0.05084304402210999
train,all,813,12400,0,0,-0.27004748,0.239356475,-0.04618109864193564,0.05092877287797471
train,all,814,12400,0,0,-0.269624636,0.239171488,-0.04631899443911303,0.051014813227792374
train,all,815,12400,0,0,-0.26919093,0.238977725,-0.04645633584749976,0.051101164064538754
train,all,816,12400,0,0,-0.268746248,0.238773782,-0.04659307753129029,0.05118785539430952
train,all,817,12400,0,0,-0.268293322,0.238561091,-0.04672926620879009,0.051274916049420693
train,all,818,12400,0,0,-0.267829696,0.238339764,-0.04686486885830677,0.05136234905909666
train,all,819,12400,0,0,-0.267355224,0.238109081,-0.046999920005080915,0.05145011807940005
train,all,820,12400,0,0,-0.266872415,0.237870816,-0.047134386256774186,0.051538234565420664
train,all,821,12400,0,0,-0.266380472,0.237625161,-0.04726825059427418,0.05162675415072399
train,all,822,12400,0,0,-0.265879118,0.237372244,-0.04740155991637089,0.05171565116525998
train,all,823,12400,0,0,-0.265366513,0.237109835,-0.04753431029451596,0.05180498693526754
train,all,824,12400,0,0,-0.264842349,0.236837369,-0.04766648039282215,0.05189477144917935
train,all,825,12400,0,0,-0.264309556,0.236555796,-0.04779810876612883,0.05198500667177518
train,all,826,12400,0,0,-0.26376629,0.236267057,-0.04792918763911275,0.05207564015752326
train,all,827,12400,0,0,-0.26321505,0.235971657,-0.04805966757870963,0.05216674135276799
train,all,828,12400,0,0,-0.262655291,0.235667627,-0.04818960964499999,0.05225830386468339
train,all,829,12400,0,0,-0.262083799,0.235726999,-0.04831898799282271,0.052350351137881994
train,all,830,12400,0,0,-0.261500904,0.236053494,-0.048447803558790366,0.052442868232692195
train,all,831,12400,0,0,-0.260909047,0.236371425,-0.04857606166072566,0.052535890063657074
train,all,832,12400,0,0,-0.260309225,0.23668088,-0.04870377889290315,0.05262940209550732
train,all,833,12400,0,0,-0.259700199,0.236984289,-0.04883096049000014,0.052723416971548503
train,all,834,12400,0,0,-0.259081245,0.237276898,-0.04895758987266142,0.05281797857769665
train,all,835,12400,0,0,-0.258451576,0.237556766,-0.04908368533870973,0.052913109170131166
train,all,836,12400,0,0,-0.259394625,0.237828835,-0.0492092185689519,0.05300881122027159
train,all,837,12400,0,0,-0.260378686,0.238092576,-0.04933419356250025,0.05310506136340806
train,all,838,12400,0,0,-0.261359248,0.238348048,-0.04945861811862886,0.05320185545865753
train,all,839,12400,0,0,-0.262341261,0.238595753,-0.049582478689677335,0.053299180408097675
train,all,840,12400,0,0,-0.26332913,0.238832969,-0.04970582318427403,0.05339709262044749
train,all,841,12400,0,0,-0.264314931,0.239057659,-0.04982862195427437,0.0534956042501068
train,all,842,12400,0,0,-0.265297137,0.239272669,-0.04995088415298381,0.05359475493781981
train,all,843,12400,0,0,-0.266282942,0.239479251,-0.0500725986287097,0.05369450185576382
train,all,844,12400,0,0,-0.267274652,0.239678095,-0.0501937704512905,0.05379487925911856
train,all,845,12400,0,0,-0.26826946,0.239869665,-0.050314448078145314,0.05389591978142985
train,all,846,12400,0,0,-0.269255236,0.240051261,-0.05043458706290351,0.0539976117451503
train,all,847,12400,0,0,-0.270237353,0.240223694,-0.05055418346919366,0.054099942903999
train,all,848,12400,0,0,-0.271223371,0.2403878,-0.050673289052258076,0.0542029807514692
train,all,849,12400,0,0,-0.272209349,0.240542894,-0.05079183947604804,0.05430668765592447
train,all,850,12400,0,0,-0.273193775,0.240687907,-0.050909875940645256,0.05441111575388052
train,all,851,12400,0,0,-0.274182171,0.24082489,-0.051027367586774224,0.05451623303605438
train,all,852,12400,0,0,-0.275175369,0.240953069,-0.051144353669354686,0.05462207805939963
train,all,853,12400,0,0,-0.276164042,0.241070771,-0.05126085040758069,0.05472861607400875
train,all,854,12400,0,0,-0.277144652,0.241177146,-0.0513768082877417,0.05483589737227485
train,all,855,12400,0,0,-0.278126358,0.241273007,-0.05149225077693551,0.054943886790565874
train,all,856,12400,0,0,-0.279114928,0.241362373,-0.05160717188258057,0.055052653726264
train,all,857,12400,0,0,-0.280104206,0.241444191,-0.051721600371290186,0.05516218748553675
train,all,858,12400,0,0,-0.281097,0.241516806,-0.05183549056451637,0.05527246016695752
train,all,859,12400,0,0,-0.282087986,0.241580337,-0.051948898962741984,0.055383501285441845
train,all,860,12400,0,0,-0.28307681,0.241635682,-0.05206177033016104,0.05549532108514247
train,all,861,12400,0,0,-0.284062916,0.241681366,-0.0521741535813708,0.055607939437288555
train,all,862,12400,0,0,-0.285042598,0.241716332,-0.052286021509112914,0.05572138801386174
train,all,863,12400,0,0,-0.286025297,0.241743114,-0.05239739709725808,0.05583567538784429
train,all,864,12400,0,0,-0.287011964,0.241760388,-0.05250829191580638,0.055950744115688684
train,all,865,12400,0,0,-0.287993622,0.24176821,-0.05261867764209695,0.05606665555440996
train,all,866,12400,0,0,-0.288971895,0.241769376,-0.052728584417177427,0.05618342235111052
train,all,867,12400,0,0,-0.289956881,0.241764707,-0.05283799849282264,0.05630103605574747
train,all,868,12400,0,0,-0.290939817,0.241754438,-0.05294692459314524,0.056419514859930485
train,all,869,12400,0,0,-0.291919996,0.241736824,-0.05305535898250029,0.05653888612689988
train,all,870,12400,0,0,-0.292902808,0.241711988,-0.05316332205830638,0.056659145988118616
train,all,871,12400,0,0,-0.293888324,0.241676986,-0.05327080151370944,0.05678030216667912
train,all,872,12400,0,0,-0.294871322,0.241634213,-0.0533778123357257,0.05690233117768892
train,all,873,12400,0,0,-0.295844891,0.241587922,-0.05348433715750002,0.05702528842482603
train,all,874,12400,0,0,-0.296814394,0.241535465,-0.05359037643975787,0.05714911294249763
train,all,875,12400,0,0,-0.297783736,0.241474716,-0.05369594404774165,0.05727387627018224
train,all,876,12400,0,0,-0.298761009,0.241403246,-0.05380103887088732,0.05739957434355373
train,all,877,12400,0,0,-0.299745561,0.24132149,-0.053905701112096284,0.05752621377000921
train,all,878,12400,0,0,-0.300730641,0.241231265,-0.05400986903169345,0.05765380901731478
train,all,879,12400,0,0,-0.301713706,0.24127,-0.05411357746387116,0.05778231606509769
train,all,880,12400,0,0,-0.302671347,0.24136,-0.054216771005160966,0.05791174034919804
train,all,881,12400,0,0,-0.303558213,0.24143,-0.05431949032250013,0.0580420343159945
train,all,882,12400,0,0,-0.304318991,0.2415,-0.05442169982701587,0.05817319998054326
train,all,883,12400,0,0,-0.304898236,0.24156,-0.0545233889603229,0.05830516072461012
train,all,884,12400,0,0,-0.305235182,0.24161,-0.05462455308524207,0.058437891207940545
train,all,885,12400,0,0,-0.305315291,0.24166,-0.054725149831048515,0.058571366776398306
train,all,886,12400,0,0,-0.305153658,0.24169,-0.05482525843330609,0.05870568448715458
train,all,887,12400,0,0,-0.30477162,0.24173,-0.054924833869596595,0.05884090286285734
train,all,888,12400,0,0,-0.304234861,0.24176,-0.055023887998790356,0.058976954648751787
train,all,889,12400,0,0,-0.303603961,0.24178,-0.05512242553201622,0.0591139068683653
train,all,890,12400,0,0,-0.302926434,0.24179,-0.05522045146209703,0.05925175911250217
train,all,891,12400,0,0,-0.302239093,0.2418,-0.05531793114508073,0.05939048216074851
train,all,892,12400,0,0,-0.30155542,0.2418,-0.05541486359451654,0.059530066660686005
train,all,893,12400,0,0,-0.301080811,0.24179,-0.05551121100008068,0.0596705567529836
train,all,894,12400,0,0,-0.301933067,0.24177,-0.05560703208298367,0.05981191201715322
train,all,895,12400,0,0,-0.302640443,0.24174,-0.05570229028362901,0.059954206876935014
train,all,896,12400,0,0,-0.303141104,0.24171,-0.05579695028572582,0.06009738086035106
train,all,897,12400,0,0,-0.303388536,0.24166,-0.05589103185411277,0.06024140947549811
train,all,898,12400,0,0,-0.303372999,0.24161,-0.05598448188733877,0.060386430341968514
train,all,899,12400,0,0,-0.303117461,0.241569115,-0.05607733116750005,0.060532298158983706
train,all,900,12400,0,0,-0.30266463,0.241789363,-0.05616950060161312,0.06067906903346553
train,all,901,12400,0,0,-0.302064838,0.241999721,-0.05626095059951636,0.060826662916067066
train,all,902,12400,0,0,-0.301381218,0.24220186,-0.05635160002395199,0.06097501681868455
train,all,903,12400,0,0,-0.300687185,0.24239451,-0.056441377583790385,0.061124151236613355
train,all,904,12400,0,0,-0.299998559,0.242577581,-0.05653022276653235,0.061273888501535166
train,all,905,12400,0,0,-0.29995216,0.24275221,-0.05661804924806413,0.06142409754281216
train,all,906,12400,0,0,-0.301443434,0.242916839,-0.056704676112015955,0.06157467329163618
train,all,907,12400,0,0,-0.302931723,0.243071844,-0.05678999382459649,0.06172535993082258
train,all,908,12400,0,0,-0.30441843,0.24321847,-0.05687384129814519,0.06187580971260402
train,all,909,12400,0,0,-0.305885012,0.243357293,-0.05695582506193519,0.062025381324146506
train,all,910,12400,0,0,-0.307262596,0.243486905,-0.057035360306289924,0.06217290380621249
train,all,911,12400,0,0,-0.308486046,0.2436061,-0.05711145533403204,0.06231667475576258
train,all,912,12400,0,0,-0.30949421,0.243716258,-0.05718280749338714,0.062454132475525434
train,all,913,12400,0,0,-0.310309506,0.24381776,-0.05724776076709713,0.06258222401661635
train,all,914,12400,0,0,-0.310941252,0.243909671,-0.05730422727766094,0.0626971961955761
train,all,915,12400,0,0,-0.311512886,0.243990549,-0.05734974453096778,0.06279495713553673
train,all,916,12400,0,0,-0.312048971,0.244062557,-0.05738178227620949,0.06287141553632707
train,all,917,12400,0,0,-0.312331452,0.24412869,-0.057397427196048234,0.06292219265681454
train,all,918,12400,0,0,-0.312418839,0.244185499,-0.05739352400298354,0.06294270001551354
train,all,919,12400,0,0,-0.31238658,0.244230666,-0.05736712522129019,0.06292920102711642
train,all,920,12400,0,0,-0.31233026,0.244268485,-0.05731720549717747,0.0628820602781011
train,all,921,12400,0,0,-0.312304932,0.24429921,-0.05724820095919373,0.06281063583668411
train,all,922,12400,0,0,-0.312269822,0.244319204,-0.05716961160427451,0.06273044847475423
train,all,923,12400,0,0,-0.312229308,0.244330072,-0.057088976307741596,0.06265129725970237
train,all,924,12400,0,0,-0.312196638,0.244334479,-0.057008708808548136,0.06257477456156313
train,all,925,12400,0,0,-0.312165289,0.244332477,-0.05692874855943541,0.0625004408804879
train,all,926,12400,0,0,-0.312132603,0.244324678,-0.05684864272588705,0.06242807664203123
train,all,927,12400,0,0,-0.312100542,0.244310332,-0.05676842127830633,0.06235768380731545
train,all,928,12400,0,0,-0.312068718,0.244288089,-0.05668820799362868,0.06228923034359069
train,all,929,12400,0,0,-0.312037355,0.244258396,-0.056607864220725876,0.06222263422037223
train,all,930,12400,0,0,-0.312007317,0.244221276,-0.056527314685241865,0.06215783311222437
train,all,931,12400,0,0,-0.311977935,0.244174935,-0.056446474974838665,0.062094815780911174
train,all,932,12400,0,0,-0.3119465,0.2441164,-0.056365328360886834,0.06203367230789211
train,all,933,12400,0,0,-0.311915363,0.244049244,-0.05628389834758065,0.06197440978813397
train,all,934,12400,0,0,-0.3118867,0.243976303,-0.05620214424000016,0.061917039800821284
train,all,935,12400,0,0,-0.311858772,0.243893153,-0.05612020678024197,0.061861504976421525
train,all,936,12400,0,0,-0.311828415,0.243799531,-0.05603812177983845,0.06180779021946232
train,all,937,12400,0,0,-0.311795479,0.243697311,-0.05595581773217726,0.06175594276295147
train,all,938,12400,0,0,-0.311765129,0.243586502,-0.05587323365701625,0.061705942641135755
train,all,939,12400,0,0,-0.311737316,0.243467273,-0.05579031861411306,0.061657845737629266
train,all,940,12400,0,0,-0.311709213,0.243340842,-0.055707121966048434,0.06161165480315169
train,all,941,12400,0,0,-0.311679801,0.243207895,-0.0556237083761291,0.06156734713107489
train,all,942,12400,0,0,-0.31164537,0.243065947,-0.055540028050403166,0.06152495482437871
train,all,943,12400,0,0,-0.31161416,0.242914619,-0.05545605629830676,0.06148450161390623
train,all,944,12400,0,0,-0.311586488,0.242754892,-0.05537185180250027,0.06144593788000914
train,all,945,12400,0,0,-0.311558082,0.242587533,-0.05528737876274197,0.06140929561145813
train,all,946,12400,0,0,-0.311528158,0.242413466,-0.05520263311830635,0.06137456625844829
train,all,947,12400,0,0,-0.311494477,0.242230302,-0.055117612033387206,0.06134181728412547
train,all,948,12400,0,0,-0.311464286,0.242038598,-0.05503235385879007,0.06131107092286953
train,all,949,12400,0,0,-0.311437709,0.24205,-0.05494683328749994,0.0612823268773235
train,all,950,12400,0,0,-0.31141019,0.24207,-0.054861096071693705,0.06125554954455543
train,all,951,12400,0,0,-0.311381153,0.24208,-0.05477511145016129,0.06123075728026168
train,all,952,12400,0,0,-0.311354777,0.24208,-0.05468889766008042,0.06120794013773216
train,all,953,12400,0,0,-0.311329993,0.24207,-0.054602436285886805,0.06118711738061115
train,all,954,12400,0,0,-0.311303546,0.24206,-0.05451571966169373,0.06116831387002474
train,all,955,12400,0,0,-0.311279557,0.24204,-0.05442876872620984,0.06115151564270846
train,all,956,12400,0,0,-0.311255737,0.242,-0.05434157919895164,0.06113675162449801
train,all,957,12400,0,0,-0.311227142,0.24196,-0.054254153995806284,0.061124001711869144
train,all,958,12400,0,0,-0.311199027,0.24192,-0.054166541802499905,0.06111330894915509
train,all,959,12400,0,0,-0.31117604,0.24186,-0.05407871747588715,0.061104656296064506
train,all,960,12400,0,0,-0.311153717,0.2418,-0.0539906387997578,0.06109808052113683
train,all,961,12400,0,0,-0.311131193,0.24172,-0.05390234455532214,0.06109355258628102
train,all,962,12400,0,0,-0.311112183,0.24163,-0.05381384569693535,0.061091095451330235
train,all,963,12400,0,0,-0.31109213,0.24154,-0.05372513212580678,0.06109073122379077
train,all,964,12400,0,0,-0.311069761,0.24144,-0.05363622708919346,0.06109247807402154
train,all,965,12400,0,0,-0.311045686,0.24133,-0.05354713734032253,0.06109636413064959
train,all,966,12400,0,0,-0.311019366,0.24121,-0.053457845566935384,0.061102279285339955
train,all,967,12400,0,0,-0.310995216,0.24108,-0.05336833467346759,0.06111027873491909
train,all,968,12400,0,0,-0.310976562,0.24094,-0.05327866139637122,0.06112038759482692
train,all,969,12400,0,0,-0.310954783,0.24079,-0.0531887971068551,0.06113260326335658
train,all,970,12400,0,0,-0.310931274,0.24063,-0.05309874087169357,0.06114693422661622
train,all,971,12400,0,0,-0.310910477,0.24047,-0.053008506153629176,0.061163367683784796
train,all,972,12400,0,0,-0.310885488,0.24029,-0.052918058997177234,0.06118188341101843
train,all,973,12400,0,0,-0.310861187,0.2401,-0.05282745068346757,0.06120253490524943
train,all,974,12400,0,0,-0.310842476,0.23991,-0.05273664593725811,0.061225349484973844
train,all,975,12400,0,0,-0.31082466,0.2397,-0.05264565351258083,0.06125025794449662
train,all,976,12400,0,0,-0.31080536,0.23949,-0.05255451375790325,0.06127725835625967
train,all,977,12400,0,0,-0.310784575,0.23927,-0.052463189229113104,0.06130636229643666
train,all,978,12400,0,0,-0.310764668,0.23904,-0.05237171111983858,0.06133754228347925
train,all,979,12400,0,0,-0.310742727,0.2388,-0.052280047684193656,0.06137086877433013
train,all,980,12400,0,0,-0.310715196,0.23855055,-0.052188261020645235,0.0614063023990966
train,all,981,12400,0,0,-0.310686433,0.238743929,-0.0520962938615323,0.061443866446995364
train,all,982,12400,0,0,-0.310661085,0.238931407,-0.05200415981903196,0.06148355582642605
train,all,983,12400,0,0,-0.310640854,0.2391093,-0.05191184820225809,0.061525341635263096
train,all,984,12400,0,0,-0.310621616,0.23927614,-0.05181938319548399,0.061569265277316064
train,all,985,12400,0,0,-0.310596342,0.23943025,-0.05172669568604849,0.0616152741957013
train,all,986,12400,0,0,-0.310567514,0.239571149,-0.05163380207637079,0.06166329368310958
train,all,987,12400,0,0,-0.310543091,0.239704207,-0.05154066223258056,0.0617132895368726
train,all,988,12400,0,0,-0.310519538,0.239831004,-0.05144724241967748,0.061765251912707576
train,all,989,12400,0,0,-0.310495323,0.239950193,-0.05135355360548404,0.06181919291744428
train,all,990,12400,0,0,-0.310474345,0.240058081,-0.0512596134201613,0.06187506031348973
train,all,991,12400,0,0,-0.310454946,0.240154968,-0.051165335282258195,0.06193294094399094
train,all,992,12400,0,0,-0.310435409,0.240244696,-0.05107070961330647,0.06199269242410265
train,all,993,12400,0,0,-0.310412643,0.240325438,-0.05097567505798374,0.062054357137479525
train,all,994,12400,0,0,-0.310390691,0.240398782,-0.05088021251677412,0.06211797999631225
train,all,995,12400,0,0,-0.310372758,0.240465429,-0.050784336977742095,0.06218355258154548
train,all,996,12400,0,0,-0.310352489,0.24052074,-0.05068796959588733,0.06225101964450938
train,all,997,12400,0,0,-0.310329155,0.240565922,-0.05059105226040326,0.062320349604573874
train,all,998,12400,0,0,-0.310305839,0.240604512,-0.050493566677499914,0.06239148601220864
train,all,999,12400,0,0,-0.310282048,0.240637934,-0.05039545980935513,0.0624644482185499
train,all,1000,12400,0,0,-0.310256026,0.240667976,-0.050296677773951276,0.06253918393490547
train,all,1001,12400,0,0,-0.310232585,0.240692224,-0.050197220215564664,0.062615649238708
train,all,1002,12400,0,0,-0.310207963,0.240708646,-0.0500970291945971,0.06269383912264044
train,all,1003,12400,0,0,-0.310182196,0.240714888,-0.04999606062435494,0.06277368715085734
train,all,1004,12400,0,0,-0.31016062,0.240713675,-0.04989422372451606,0.06285514130554525
train,all,1005,12400,0,0,-0.310141416,0.240704752,-0.049791428576048555,0.06293816078877143
train,all,1006,12400,0,0,-0.310121227,0.240686166,-0.049687596455967716,0.06302270658669319
train,all,1007,12400,0,0,-0.310102062,0.240658353,-0.049582557895887225,0.06310858222720653
train,all,1008,12400,0,0,-0.310084418,0.240619045,-0.049475994568790614,0.06319565907605922
train,all,1009,12400,0,0,-0.310063672,0.240569434,-0.049367607169596844,0.06328364756299294
train,all,1010,12400,0,0,-0.310040438,0.240513705,-0.04925680300185469,0.06337217356713186
train,all,1011,12400,0,0,-0.310020489,0.240452683,-0.049142593962257994,0.06346024095497321
train,all,1012,12400,0,0,-0.31000298,0.240381281,-0.04902347827766109,0.06354636409467383
train,all,1013,12400,0,0,-0.309988678,0.240300873,-0.04889741368629044,0.06362871483355215
train,all,1014,12400,0,0,-0.309966772,0.240214718,-0.04876182937895173,0.06370512124573854
train,all,1015,12400,0,0,-0.309873545,0.24012392,-0.04861328958233886,0.06377231468719838
train,all,1016,12400,0,0,-0.309653019,0.240023134,-0.04844657216395151,0.06382477342953502
train,all,1017,12400,0,0,-0.309187234,0.239909039,-0.048253730331774145,0.0638535729576674
train,all,1018,12400,0,0,-0.308667338,0.239783706,-0.048023995560000206,0.06384738147903661
train,all,1019,12400,0,0,-0.308743253,0.239647632,-0.04774305984750016,0.06379171611375373
train,all,1020,12400,0,0,-0.309009501,0.239503071,-0.04739011652915327,0.0636612164652463
train,all,1021,12400,0,0,-0.308972176,0.239349081,-0.046944231615160974,0.06342709195928202
train,all,1022,12400,0,0,-0.308401369,0.239185137,-0.04639796835370961,0.06307659175681045
train,all,1023,12400,0,0,-0.307270619,0.239013441,-0.045768342738790324,0.0626252720333038
train,材料1,0,3400,0,0,-0.268044017,0.024421049,-0.04259283774647063,0.052927893391902965
train,材料1,1,3400,0,0,-0.265284812,0.02614626,-0.04167716923205878,0.05227171453969715
train,材料1,2,3400,0,0,-0.262545463,0.027867313,-0.04076532672088242,0.05162401025947523
train,材料1,3,3400,0,0,-0.259824626,0.029583737,-0.039856495792647106,0.050983872569512964
train,材料1,4,3400,0,0,-0.257110249,0.031298718,-0.038949641791764675,0.050350516475249255
train,材料1,5,3400,0,0,-0.254394471,0.033016224,-0.038044220365294125,0.04972377760424959
train,材料1,6,3400,0,0,-0.251678131,0.034733818,-0.037139800460294116,0.04910350175835537
train,材料1,7,3400,0,0,-0.248962787,0.036449357,-0.036236026797941155,0.04848958750161526
train,材料1,8,3400,0,0,-0.246249752,0.038162475,-0.03533281772794116,0.0478823688451496
train,材料1,9,3400,0,0,-0.243543017,0.039871558,-0.03443007697735285,0.047282063274113724
train,材料1,10,3400,0,0,-0.240832002,0.041580138,-0.03352763713911765,0.046688684418739426
train,材料1,11,3400,0,0,-0.238116937,0.043290162,-0.03262545602852945,0.04610247631573102
train,材料1,12,3400,0,0,-0.235405053,0.044996723,-0.031723550413823576,0.04552372355656297
train,材料1,13,3400,0,0,-0.23269572,0.046700368,-0.030821907786470534,0.04495263282823502
train,材料1,14,3400,0,0,-0.229987896,0.04840624,-0.029920467802941227,0.04438946961855537
train,材料1,15,3400,0,0,-0.227277477,0.050108195,-0.029019235686470652,0.043834562865909595
train,材料1,16,3400,0,0,-0.224567243,0.05180056,-0.02811824336705883,0.0432881167795256
train,材料1,17,3400,0,0,-0.221856479,0.053493138,-0.0272175058411765,0.042750422049054486
train,材料1,18,3400,0,0,-0.219146032,0.055189064,-0.026317028474117637,0.042221852890016336
train,材料1,19,3400,0,0,-0.21644032,0.056885235,-0.025416743984705885,0.04170265322769353
train,材料1,20,3400,0,0,-0.213732368,0.058581203,-0.02451664885352934,0.04119317342098659
train,材料1,21,3400,0,0,-0.211020122,0.060268652,-0.023616800844117703,0.040693820628379535
train,材料1,22,3400,0,0,-0.208311662,0.061950771,-0.022717176820882312,0.040204903467443834
train,材料1,23,3400,0,0,-0.20560396,0.063631344,-0.021817805229705885,0.03972680941277249
train,材料1,24,3400,0,0,-0.202894738,0.065310544,-0.020918702036176486,0.0392599669920936
train,材料1,25,3400,0,0,-0.200191294,0.066990378,-0.020019829344999976,0.03880471833602038
train,材料1,26,3400,0,0,-0.197488443,0.068667687,-0.01912116655999997,0.038361434925567914
train,材料1,27,3400,0,0,-0.195149605,0.070342484,-0.018222742166764703,0.03793053096872425
train,材料1,28,3400,0,0,-0.194418786,0.07201095,-0.017324573100588214,0.0375124431970284
train,材料1,29,3400,0,0,-0.193689375,0.073677211,-0.016426669411470588,0.03710764743713965
train,材料1,30,3400,0,0,-0.192961735,0.075345602,-0.015529065437941159,0.03671657520224193
train,材料1,31,3400,0,0,-0.192235727,0.077011245,-0.01463176432941175,0.03633969707408926
train,材料1,32,3400,0,0,-0.191510886,0.078672603,-0.013734713168823524,0.03597734918145575
train,材料1,33,3400,0,0,-0.190786645,0.080333174,-0.012837921121176488,0.03562992876008819
train,材料1,34,3400,0,0,-0.190062365,0.081989247,-0.011941430584117623,0.03529797931628457
train,材料1,35,3400,0,0,-0.189337369,0.083640935,-0.01104524257735291,0.034981939014369565
train,材料1,36,3400,0,0,-0.188611187,0.085290993,-0.010149351693235305,0.034682132850238113
train,材料1,37,3400,0,0,-0.187883907,0.08693798,-0.009253716871470601,0.034398948399501444
train,材料1,38,3400,0,0,-0.187156111,0.088579854,-0.008358334613823525,0.03413278389898346
train,材料1,39,3400,0,0,-0.186428347,0.090216333,-0.0074632096052941336,0.03388399906338019
train,材料1,40,3400,0,0,-0.185700657,0.09184852,-0.006568314210294109,0.033652975062195084
train,材料1,41,3400,0,0,-0.184972745,0.093479652,-0.005673717515588242,0.03344015777971931
train,材料1,42,3400,0,0,-0.184244573,0.095110538,-0.004779514720588244,0.03324597835121914
train,材料1,43,3400,0,0,-0.183516665,0.096735317,-0.0038856672879411685,0.03307070462254683
train,材料1,44,3400,0,0,-0.182789722,0.098353979,-0.0029921178558823297,0.03291450082565336
train,材料1,45,3400,0,0,-0.182063995,0.099969047,-0.002098919642941164,0.03277762976568029
train,材料1,46,3400,0,0,-0.18133912,0.101580721,-0.001206076228823538,0.03266041492186935
train,材料1,47,3400,0,0,-0.180614526,0.103190688,-0.00031353932323528933,0.032563058788890833
train,材料1,48,3400,0,0,-0.179889934,0.104798237,0.0005786677094117602,0.032485764841325766
train,材料1,49,3400,0,0,-0.179165469,0.106401808,0.0014705157617647046,0.03242866874653249
train,材料1,50,3400,0,0,-0.178441446,0.107999763,0.002361968325882349,0.03239184884310435
train,材料1,51,3400,0,0,-0.177718115,0.109591657,0.003253047933823552,0.032375287534181556
train,材料1,52,3400,0,0,-0.176995556,0.111182561,0.004143757731764725,0.032378993048249115
train,材料1,53,3400,0,0,-0.176273657,0.112770152,0.00503409327529411,0.03240303131920161
train,材料1,54,3400,0,0,-0.175552081,0.114351864,0.005924040036470597,0.03244734964902475
train,材料1,55,3400,0,0,-0.17483031,0.115927545,0.0068135860858823645,0.03251182773786915
train,材料1,56,3400,0,0,-0.17410783,0.11749864,0.007702781207647066,0.03259632233828667
train,材料1,57,3400,0,0,-0.173384383,0.11906344,0.008591628045882347,0.032700682249752075
train,材料1,58,3400,0,0,-0.172660056,0.120622433,0.00948005797411761,0.03282465594221991
train,材料1,59,3400,0,0,-0.171935131,0.122175394,0.01036803844264706,0.0329679929088706
train,材料1,60,3400,0,0,-0.171209889,0.12372386,0.011255619648529414,0.0331304976500253
train,材料1,61,3400,0,0,-0.170484589,0.12526965,0.012142781432647076,0.033311919459628414
train,材料1,62,3400,0,0,-0.169759604,0.126807513,0.013029470877941176,0.03351189334334045
train,材料1,63,3400,0,0,-0.169035439,0.128337222,0.013915693170882358,0.03373001491059697
train,材料1,64,3400,0,0,-0.168312498,0.129858029,0.014801443010882346,0.03396596320073538
train,材料1,65,3400,0,0,-0.167590786,0.131374874,0.01568664658352945,0.03421927347697797
train,材料1,66,3400,0,0,-0.166869845,0.132889257,0.0165712635497059,0.03448946742755059
train,材料1,67,3400,0,0,-0.166149011,0.13440151,0.01745535558235293,0.034776271933652354
train,材料1,68,3400,0,0,-0.165427807,0.13591325,0.018338908723529355,0.03507935928268122
train,材料1,69,3400,0,0,-0.164706217,0.13741779,0.019221874073529387,0.035398241907621426
train,材料1,70,3400,0,0,-0.163984652,0.138917171,0.020104322817941153,0.03573255119793705
train,材料1,71,3400,0,0,-0.163263585,0.14040859,0.020986231254705872,0.036081922329161964
train,材料1,72,3400,0,0,-0.162543102,0.141890327,0.021867478041176447,0.03644577408675538
train,材料1,73,3400,0,0,-0.161822763,0.14336882,0.02274803982500002,0.036823626969588186
train,材料1,74,3400,0,0,-0.161101953,0.144841832,0.023627922682352916,0.03721517467068184
train,材料1,75,3400,0,0,-0.160380385,0.148352735,0.02450707982147058,0.03761993220991575
train,材料1,76,3400,0,0,-0.159658216,0.153737285,0.02538546335264708,0.038037315955522184
train,材料1,77,3400,0,0,-0.158935739,0.159115912,0.02626298280470587,0.03846684389871172
train,材料1,78,3400,0,0,-0.158213097,0.164492337,0.02713954545411768,0.03890809441048845
train,材料1,79,3400,0,0,-0.157490371,0.169863704,0.02801513714352944,0.039360690194271145
train,材料1,80,3400,0,0,-0.156767821,0.175227363,0.02888973168176479,0.03982426809308039
train,材料1,81,3400,0,0,-0.156045842,0.180605085,0.029763202802941188,0.040298474432520784
train,材料1,82,3400,0,0,-0.155324611,0.185996124,0.030635367564999988,0.04078286113349738
train,材料1,83,3400,0,0,-0.154603933,0.191377399,0.03150600983852944,0.04127696866539289
train,材料1,84,3400,0,0,-0.153883506,0.196755509,0.03237478426000014,0.041780167659151136
train,材料1,85,3400,0,0,-0.153163281,0.202139656,0.0332412755858824,0.04229187360895443
train,材料1,86,3400,0,0,-0.152443464,0.207515264,0.034104990704117634,0.042811505384635094
train,材料1,87,3400,0,0,-0.15172414,0.212888087,0.03496526442411757,0.04333818603343676
train,材料1,88,3400,0,0,-0.151004984,0.218272086,0.03582125501617645,0.04387088247269242
train,材料1,89,3400,0,0,-0.150285418,0.223650419,0.036671936993823595,0.04440844992726305
train,材料1,90,3400,0,0,-0.149565043,0.229031147,0.037516063070294106,0.044949529525993355
train,材料1,91,3400,0,0,-0.1488439,0.234419473,0.038352015158529464,0.04549232806511512
train,材料1,92,3400,0,0,-0.14812232,0.239803219,0.039177914496176365,0.04603485134336756
train,材料1,93,3400,0,0,-0.147400603,0.245165196,0.0399914543635294,0.0465750126003364
train,材料1,94,3400,0,0,-0.14667889,0.250529427,0.04078920998411752,0.04711037252008619
train,材料1,95,3400,0,0,-0.145957261,0.255880794,0.041565105200294175,0.047635962138475776
train,材料1,96,3400,0,0,-0.145235777,0.261112564,0.042308500765294195,0.04814050179579932
train,材料1,97,3400,0,0,-0.144514408,0.266094418,0.04300525591617653,0.04860682087359366
train,材料1,98,3400,0,0,-0.143792977,0.270697989,0.043640931089117506,0.04901381061739462
train,材料1,99,3400,0,0,-0.14307127,0.274743957,0.04420462079794112,0.04933940432841182
train,材料1,100,3400,0,0,-0.142349209,0.27765403,0.044692033354411694,0.04956950496028256
train,材料1,101,3400,0,0,-0.141626898,0.278951118,0.04510554996323536,0.049702354317093744
train,材料1,102,3400,0,0,-0.140904574,0.278841877,0.04545847828794116,0.049754302780092616
train,材料1,103,3400,0,0,-0.14018248,0.278109848,0.045778580309117474,0.049768654152869386
train,材料1,104,3400,0,0,-0.139460769,0.277365097,0.04608949009205882,0.049781390753264314
train,材料1,105,3400,0,0,-0.138739461,0.276662668,0.046399659844411766,0.049800125680952295
train,材料1,106,3400,0,0,-0.138018491,0.275985046,0.04671122009529406,0.04982479693809167
train,材料1,107,3400,0,0,-0.137297783,0.275296592,0.04702339090176465,0.0498546110325001
train,材料1,108,3400,0,0,-0.136577224,0.274599784,0.04733572394176472,0.04988948452461667
train,材料1,109,3400,0,0,-0.135856603,0.273906502,0.04764841559470579,0.04992922917400065
train,材料1,110,3400,0,0,-0.135135658,0.273226867,0.04796107568882357,0.04997330149467865
train,材料1,111,3400,0,0,-0.134414289,0.272572157,0.0482737055688234,0.05002169327654871
train,材料1,112,3400,0,0,-0.133692704,0.271915441,0.04858583792705882,0.05007440795266697
train,材料1,113,3400,0,0,-0.132971318,0.271249139,0.048896938613235165,0.05013156845407248
train,材料1,114,3400,0,0,-0.132250462,0.270579889,0.04920743196176452,0.050193128690332954
train,材料1,115,3400,0,0,-0.131530161,0.269915853,0.04951773407617648,0.050258720824081206
train,材料1,116,3400,0,0,-0.130810161,0.26926205,0.049827688562941216,0.05032820947708952
train,材料1,117,3400,0,0,-0.130090108,0.268591928,0.05013714374823527,0.0504017115528722
train,材料1,118,3400,0,0,-0.129369721,0.267912504,0.05044610091735299,0.0504792688708273
train,材料1,119,3400,0,0,-0.128648896,0.267239376,0.05075445170529421,0.050560942567221545
train,材料1,120,3400,0,0,-0.12792772,0.266586865,0.051062074807941185,0.05064677195677444
train,材料1,121,3400,0,0,-0.12720641,0.265946827,0.051369014140294156,0.05073659344973168
train,材料1,122,3400,0,0,-0.12648515,0.26530298,0.05167539567500003,0.050830268313525905
train,材料1,123,3400,0,0,-0.125763931,0.264662913,0.05198122599117639,0.05092763935999749
train,材料1,124,3400,0,0,-0.125042589,0.264016119,0.052286448778529414,0.05102860022533841
train,材料1,125,3400,0,0,-0.124321041,0.263357076,0.05259107708999996,0.05113330701950416
train,材料1,126,3400,0,0,-0.123599462,0.262705021,0.05289508783882339,0.051241743766771694
train,材料1,127,3400,0,0,-0.122878152,0.262066233,0.053198482103235314,0.05135382759129047
train,材料1,128,3400,0,0,-0.122157222,0.261412808,0.05350121768235288,0.051469488493336824
train,材料1,129,3400,0,0,-0.121436491,0.260756413,0.05380326130735294,0.051588723397368225
train,材料1,130,3400,0,0,-0.120715733,0.260110654,0.05410464494264712,0.051711538435902746
train,材料1,131,3400,0,0,-0.119994921,0.259464233,0.0544054084064707,0.0518377701505156
train,材料1,132,3400,0,0,-0.119274186,0.258815553,0.05470553118323533,0.05196724278425614
train,材料1,133,3400,0,0,-0.118553594,0.258163961,0.05500497520529402,0.05210003434555942
train,材料1,134,3400,0,0,-0.117833129,0.257513774,0.055303717500882435,0.05223624164142964
train,材料1,135,3400,0,0,-0.117112892,0.256864093,0.055601705750293995,0.052375766939313353
train,材料1,136,3400,0,0,-0.116393169,0.256214802,0.05589895802323537,0.05251859808205453
train,材料1,137,3400,0,0,-0.115674136,0.255568081,0.05619547736558818,0.05266458052922496
train,材料1,138,3400,0,0,-0.114955595,0.254923349,0.056491305544411875,0.05281364239241241
train,材料1,139,3400,0,0,-0.114237155,0.254278997,0.05678649456088246,0.05296586939830747
train,材料1,140,3400,0,0,-0.113518716,0.253633379,0.05708101018794112,0.053121140261877704
train,材料1,141,3400,0,0,-0.112800602,0.253000537,0.057374770096764664,0.05327937756114114
train,材料1,142,3400,0,0,-0.11208311,0.252375524,0.057667787948529406,0.05344071764520895
train,材料1,143,3400,0,0,-0.111366014,0.251729475,0.057960059032647095,0.05360503633007427
train,材料1,144,3400,0,0,-0.110648636,0.251060512,0.058251545289117544,0.0537721920141702
train,材料1,145,3400,0,0,-0.109930417,0.250393706,0.0585422834394118,0.0539421982272619
train,材料1,146,3400,0,0,-0.109211339,0.249750752,0.058832302911764764,0.05411508485376802
train,材料1,147,3400,0,0,-0.108491806,0.249111137,0.0591215588088237,0.0542906946136751
train,材料1,148,3400,0,0,-0.107772168,0.248473688,0.05941000889000005,0.05446895146965469
train,材料1,149,3400,0,0,-0.107052478,0.247839722,0.05969770314352938,0.05464998619055869
train,材料1,150,3400,0,0,-0.106332613,0.247185906,0.059984602482646955,0.05483361638804281
train,材料1,151,3400,0,0,-0.105612491,0.246552284,0.06027072266911764,0.05501984561208744
train,材料1,152,3400,0,0,-0.104892085,0.245936429,0.060556081563235414,0.055208705164251616
train,材料1,153,3400,0,0,-0.104171338,0.245314365,0.06084064793911774,0.05540008147886396
train,材料1,154,3400,0,0,-0.10345017,0.244682219,0.061124461835000164,0.05559400059524541
train,材料1,155,3400,0,0,-0.102728578,0.244046612,0.06140745232764708,0.05579031594300567
train,材料1,156,3400,0,0,-0.102006704,0.24341757,0.06168960490088228,0.055989007546375674
train,材料1,157,3400,0,0,-0.101284891,0.24278179,0.061970978915882345,0.05619010813793669
train,材料1,158,3400,0,0,-0.100563609,0.242139209,0.062251584333235195,0.056393559642546956
train,材料1,159,3400,0,0,-0.099843203,0.242458045,0.06253139981823527,0.05659933296562858
train,材料1,160,3400,0,0,-0.099123586,0.243217674,0.0628103822947058,0.05680736898692872
train,材料1,161,3400,0,0,-0.098404347,0.243972779,0.06308854240382362,0.05701765946362864
train,材料1,162,3400,0,0,-0.097685262,0.244715573,0.06336586763705887,0.05723012577758494
train,材料1,163,3400,0,0,-0.096966573,0.245446153,0.06364236065088232,0.057444736432616585
train,材料1,164,3400,0,0,-0.09624857,0.246165637,0.06391802645117638,0.05766148820612671
train,材料1,165,3400,0,0,-0.095530942,0.246875799,0.06419282650941184,0.057880299398173254
train,材料1,166,3400,0,0,-0.094812818,0.247579364,0.06446676387764713,0.05810112372240706
train,材料1,167,3400,0,0,-0.094093534,0.248270641,0.06473978394441193,0.05832383765784424
train,材料1,168,3400,0,0,-0.093373232,0.248951365,0.06501187720088224,0.058548460978530406
train,材料1,169,3400,0,0,-0.092652593,0.249618231,0.0652830759926471,0.05877503697418663
train,材料1,170,3400,0,0,-0.091932141,0.25027667,0.06555338962176474,0.05900351428517144
train,材料1,171,3400,0,0,-0.091211979,0.250925486,0.06582284823000009,0.059233890239500736
train,材料1,172,3400,0,0,-0.090492128,0.251560531,0.06609147264264692,0.05946615135133583
train,材料1,173,3400,0,0,-0.089772798,0.252333009,0.06635927095176469,0.05970030734157584
train,材料1,174,3400,0,0,-0.089054178,0.253444093,0.06662621593235285,0.05993627826387238
train,材料1,175,3400,0,0,-0.088336065,0.254553162,0.06689229227411767,0.0601740323348748
train,材料1,176,3400,0,0,-0.087617892,0.255663238,0.06715749395941177,0.060413553061716904
train,材料1,177,3400,0,0,-0.08689916,0.256773537,0.06742178821294112,0.060654722130097004
train,材料1,178,3400,0,0,-0.08617977,0.257871671,0.06768517230294108,0.06089751954249093
train,材料1,179,3400,0,0,-0.085459972,0.258967784,0.06794755294205888,0.06114176392129688
train,材料1,180,3400,0,0,-0.084740095,0.260077554,0.06820892967705874,0.061387425676374154
train,材料1,181,3400,0,0,-0.084020382,0.261193414,0.06846939673264704,0.0616346298762586
train,材料1,182,3400,0,0,-0.083300976,0.262305756,0.06872893132970566,0.061883305558730194
train,材料1,183,3400,0,0,-0.082581968,0.263410004,0.06898758762088243,0.062133563865587105
train,材料1,184,3400,0,0,-0.081863418,0.264513487,0.06924536509735306,0.06238541359977632
train,材料1,185,3400,0,0,-0.081145364,0.265623967,0.0695021908529414,0.06263870117098229
train,材料1,186,3400,0,0,-0.080427762,0.266738157,0.0697580976394118,0.06289346859634946
train,材料1,187,3400,0,0,-0.079710416,0.267844603,0.07001307711117649,0.06314972342099924
train,材料1,188,3400,0,0,-0.078993012,0.268942791,0.07026704491264696,0.06340737962957028
train,材料1,189,3400,0,0,-0.078275322,0.270023438,0.07051988757882335,0.06366629648436982
train,材料1,190,3400,0,0,-0.077557393,0.271044342,0.07077145811294097,0.06392622289988405
train,材料1,191,3400,0,0,-0.07683949,0.271931447,0.07102159765499991,0.06418690341348839
train,材料1,192,3400,0,0,-0.076121771,0.272540125,0.07126990415852942,0.06444774724555355
train,材料1,193,3400,0,0,-0.075404006,0.272783588,0.07151571423117643,0.06470778889650533
train,材料1,194,3400,0,0,-0.07468567,0.272729115,0.07175827115823519,0.06496599929805001
train,材料1,195,3400,0,0,-0.073966354,0.272401902,0.07199655013705873,0.06522101083906993
train,材料1,196,3400,0,0,-0.073246074,0.271781358,0.07222915939500017,0.06547095300801802
train,材料1,197,3400,0,0,-0.072525195,0.273589152,0.07245314052558814,0.06571196720502302
train,材料1,198,3400,0,0,-0.071804129,0.275125565,0.07266216725999998,0.0659359301399015
train,材料1,199,3400,0,0,-0.07108318,0.276200647,0.07284732085794134,0.0661316791605111
train,材料1,200,3400,0,0,-0.070362613,0.276839796,0.07299759724588212,0.06628589691332708
train,材料1,201,3400,0,0,-0.069642628,0.277074279,0.0731017069423529,0.06638545360939892
train,材料1,202,3400,0,0,-0.068923178,0.276931774,0.07315239602058822,0.06642219030450004
train,材料1,203,3400,0,0,-0.068203888,0.27648126,0.07314714788176449,0.06639248382985326
train,材料1,204,3400,0,0,-0.067484319,0.276202143,0.07309409938764706,0.06630545177049349
train,材料1,205,3400,0,0,-0.066764381,0.275647076,0.07301620311764707,0.06618998991669854
train,材料1,206,3400,0,0,-0.066044426,0.274845572,0.07293295549617643,0.06607026673316647
train,材料1,207,3400,0,0,-0.065324923,0.273999081,0.0728497322408825,0.06595192736988625
train,材料1,208,3400,0,0,-0.064606041,0.273158139,0.07276661526147074,0.06583467913168133
train,材料1,209,3400,0,0,-0.063887521,0.272381821,0.07268318048352931,0.06571801434854632
train,材料1,210,3400,0,0,-0.063168891,0.271669024,0.07259931221294111,0.06560179188214779
train,材料1,211,3400,0,0,-0.062449765,0.270961152,0.07251488156823535,0.06548589408402232
train,材料1,212,3400,0,0,-0.061730057,0.270247616,0.07242973827205866,0.0653701195913956
train,材料1,213,3400,0,0,-0.061009993,0.269531082,0.07234397844058815,0.06525447597557976
train,材料1,214,3400,0,0,-0.06028998,0.269005236,0.0722575014614707,0.06513892535444665
train,材料1,215,3400,0,0,-0.05957036,0.269286716,0.07217013685000008,0.065023428099424
train,材料1,216,3400,0,0,-0.058851184,0.269556656,0.0720818954147058,0.06490794511520123
train,材料1,217,3400,0,0,-0.058132137,0.26981655,0.07199282440558823,0.06479239602375583
train,材料1,218,3400,0,0,-0.05741273,0.270068749,0.07190297564588236,0.06467684328534673
train,材料1,219,3400,0,0,-0.056692638,0.27030938,0.0718122839547059,0.06456132388111405
train,材料1,220,3400,0,0,-0.055971927,0.270539544,0.07172069194647065,0.06444577584733996
train,材料1,221,3400,0,0,-0.055250986,0.270760418,0.07162822350823536,0.06433011941652736
train,材料1,222,3400,0,0,-0.054530224,0.270972674,0.07153491816794101,0.0642143654601755
train,材料1,223,3400,0,0,-0.053809856,0.271173337,0.0714407906102942,0.06409855979668085
train,材料1,224,3400,0,0,-0.053089884,0.271359697,0.07134578998205886,0.06398264054229216
train,材料1,225,3400,0,0,-0.052370239,0.271536343,0.07124988622323528,0.06386655089225816
train,材料1,226,3400,0,0,-0.05165088,0.271705822,0.07115306032235286,0.06375031425985589
train,材料1,227,3400,0,0,-0.050931765,0.271866428,0.07105533923588232,0.06363389483479177
train,材料1,228,3400,0,0,-0.050212807,0.272017416,0.07095677264117642,0.06351730458176552
train,材料1,229,3400,0,0,-0.049493925,0.272156692,0.07085730940558813,0.06340049024438718
train,材料1,230,3400,0,0,-0.048775199,0.27228067,0.07075694358852945,0.06328340965678929
train,材料1,231,3400,0,0,-0.048056896,0.272398738,0.07065571813823529,0.06316613123012445
train,材料1,232,3400,0,0,-0.047339268,0.272514107,0.0705535903952942,0.06304862441273633
train,材料1,233,3400,0,0,-0.046622306,0.272618216,0.07045053349852942,0.06293085468078574
train,材料1,234,3400,0,0,-0.045905729,0.272744615,0.07034655007852925,0.0628127986288678
train,材料1,235,3400,0,0,-0.045189211,0.272880958,0.07024169481617634,0.0626945468202389
train,材料1,236,3400,0,0,-0.044472605,0.273007606,0.0701359941761763,0.06257613877843725
train,材料1,237,3400,0,0,-0.043755945,0.273123673,0.070029358677353,0.06245742100248838
train,材料1,238,3400,0,0,-0.043039276,0.273228335,0.06992179879294134,0.062338417059498996
train,材料1,239,3400,0,0,-0.042322514,0.273322191,0.06981338089705881,0.062219232828380676
train,材料1,240,3400,0,0,-0.041605433,0.27340982,0.06970405777911783,0.062099729476182364
train,材料1,241,3400,0,0,-0.040887764,0.27348813,0.06959381557676465,0.06197987220649213
train,材料1,242,3400,0,0,-0.040169331,0.273555889,0.0694826952623528,0.06185972404668436
train,材料1,243,3400,0,0,-0.039450211,0.273614866,0.0693707019811765,0.06173926436092344
train,材料1,244,3400,0,0,-0.038730749,0.273660954,0.06925784406294117,0.061618556170482244
train,材料1,245,3400,0,0,-0.03801135,0.273693632,0.06914413044764695,0.06149757583139131
train,材料1,246,3400,0,0,-0.037292186,0.273718295,0.06902958157705907,0.06137630427599423
train,材料1,247,3400,0,0,-0.036573163,0.27373634,0.06891417132735288,0.06125472679555534
train,材料1,248,3400,0,0,-0.035854143,0.273748213,0.06879788547647062,0.06113281615520547
train,材料1,249,3400,0,0,-0.035135111,0.273755665,0.0686807857135293,0.06101066639994337
train,材料1,250,3400,0,0,-0.034416092,0.273756637,0.06856289446470584,0.06088831154615778
train,材料1,251,3400,0,0,-0.033697013,0.273749177,0.06844416975205883,0.06076567028071632
train,材料1,252,3400,0,0,-0.032977754,0.273733539,0.06832463052470583,0.06064275540278308
train,材料1,253,3400,0,0,-0.032258299,0.273707579,0.06820431477117632,0.06051953228725481
train,材料1,254,3400,0,0,-0.031538782,0.273668942,0.06808322311970588,0.06039597471983178
train,材料1,255,3400,0,0,-0.030819363,0.273617989,0.06796137207441187,0.060272188008300184
train,材料1,256,3400,0,0,-0.030100116,0.27356015,0.06783875847705892,0.06014812043806181
train,材料1,257,3400,0,0,-0.029381043,0.273495494,0.06771537802794134,0.06002370830553588
train,材料1,258,3400,0,0,-0.028662164,0.273427588,0.06759119953029413,0.05989888091022781
train,材料1,259,3400,0,0,-0.027943525,0.273406573,0.06746623241529409,0.059773655396259624
train,材料1,260,3400,0,0,-0.027225124,0.273375112,0.06734048131852924,0.0596480739053972
train,材料1,261,3400,0,0,-0.026506873,0.273333487,0.0672139296723532,0.059522112428907065
train,材料1,262,3400,0,0,-0.025788663,0.273281587,0.06708653015911764,0.05939571067092047
train,材料1,263,3400,0,0,-0.025070491,0.27322281,0.06695825875470587,0.05926882946330874
train,材料1,264,3400,0,0,-0.024352492,0.27315622,0.06682918742941174,0.05914155765409479
train,材料1,265,3400,0,0,-0.023634827,0.273081257,0.06669924714970588,0.05901381059798465
train,材料1,266,3400,0,0,-0.0229175,0.272998438,0.06656840771617624,0.05888555324247599
train,材料1,267,3400,0,0,-0.022200275,0.272904235,0.06643668870352933,0.05875681513669853
train,材料1,268,3400,0,0,-0.021482802,0.272796587,0.06630403817029419,0.05862753915551597
train,材料1,269,3400,0,0,-0.02076485,0.272679604,0.06617049042647057,0.05849772781448317
train,材料1,270,3400,0,0,-0.020046474,0.272556875,0.0660360796838235,0.058367432159094845
train,材料1,271,3400,0,0,-0.019327969,0.272423155,0.06590076128205868,0.058236602329695686
train,材料1,272,3400,0,0,-0.018609683,0.272279029,0.06576454711617635,0.058105222236963606
train,材料1,273,3400,0,0,-0.017891804,0.272126448,0.06562747094558835,0.05797333370864023
train,材料1,274,3400,0,0,-0.017174297,0.271962427,0.06548949430382349,0.05784087365609975
train,材料1,275,3400,0,0,-0.016456991,0.271788571,0.06535060230499996,0.05770787201156605
train,材料1,276,3400,0,0,-0.015739791,0.271607637,0.06521079324470565,0.057574314298635236
train,材料1,277,3400,0,0,-0.015022797,0.27141756,0.06507008946235297,0.057440194588980115
train,材料1,278,3400,0,0,-0.014306233,0.271215272,0.064928501117647,0.05730554525671245
train,材料1,279,3400,0,0,-0.01359017,0.271000624,0.06478600114441183,0.057170307024026486
train,材料1,280,3400,0,0,-0.01287434,0.270778075,0.06464262188647048,0.05703450450500108
train,材料1,281,3400,0,0,-0.012158252,0.270546994,0.0644983667035295,0.05689813447315457
train,材料1,282,3400,0,0,-0.01144154,0.270305027,0.06435322876588237,0.05676118863598226
train,材料1,283,3400,0,0,-0.010724215,0.270052189,0.06420719871029411,0.05662364266930476
train,材料1,284,3400,0,0,-0.0100066,0.26979046,0.06406029901735284,0.05648552049133377
train,材料1,285,3400,0,0,-0.009289109,0.269523254,0.06391253015470577,0.05634683717984996
train,材料1,286,3400,0,0,-0.008572049,0.269246729,0.0637637984788235,0.056207456035853136
train,材料1,287,3400,0,0,-0.007855513,0.268961276,0.0636141457547059,0.05606746990137865
train,材料1,288,3400,0,0,-0.007139301,0.268665873,0.06346363841058818,0.05592694281640365
train,材料1,289,3400,0,0,-0.006422953,0.268358363,0.06331225944529412,0.05578582496442713
train,材料1,290,3400,0,0,-0.005705976,0.268042968,0.06315999895823529,0.0556441411590278
train,材料1,291,3400,0,0,-0.004988136,0.267720094,0.06300682371970591,0.05550180309109216
train,材料1,292,3400,0,0,-0.004269579,0.267385775,0.06285274420852931,0.05535881523033927
train,材料1,293,3400,0,0,-0.003550732,0.267042617,0.06269781881617639,0.055215291439196804
train,材料1,294,3400,0,0,-0.002832129,0.266693249,0.06254203718088239,0.05507124394994249
train,材料1,295,3400,0,0,-0.00211425,0.266333866,0.06238530578676467,0.05492649802537215
train,材料1,296,3400,0,0,-0.001397347,0.265962373,0.062227685807058834,0.05478104060871794
train,材料1,297,3400,0,0,-0.000681277,0.265581138,0.06206923007882362,0.05463499577194584
train,材料1,298,3400,0,0,-0.000168483,0.265193907,0.06190990181323518,0.054488383523316225
train,材料1,299,3400,0,0,-0.000104844,0.264797753,0.06174969988294115,0.05434115399011789
train,材料1,300,3400,0,0,-4.12e-05,0.26439051,0.06158863510382347,0.05419333343691542
train,材料1,301,3400,0,0,2.25e-05,0.263973992,0.061426737643823615,0.054044988432997834
train,材料1,302,3400,0,0,8.11e-05,0.263548483,0.06126393629147061,0.053895969013712755
train,材料1,303,3400,0,0,0.000131133,0.26311405,0.06110022959882341,0.05374627179196883
train,材料1,304,3400,0,0,0.00018105,0.262671204,0.06093568999735292,0.05359601803298244
train,材料1,305,3400,0,0,0.00023094,0.262219793,0.06077029025058826,0.05344516148317393
train,材料1,306,3400,0,0,0.000280873,0.261759274,0.06060405211352936,0.05329372800815226
train,材料1,307,3400,0,0,0.00033088,0.26129037,0.060436982061764774,0.05314170922985555
train,材料1,308,3400,0,0,0.000380934,0.260812765,0.06026905363382355,0.0529890540061025
train,材料1,309,3400,0,0,0.000430967,0.260323704,0.06010025224176461,0.05283575907441159
train,材料1,310,3400,0,0,0.000480925,0.259824929,0.05993053441235312,0.05268179598578955
train,材料1,311,3400,0,0,0.000530803,0.259318136,0.05975998333735304,0.05252726375098473
train,材料1,312,3400,0,0,0.00058064,0.258801643,0.05958862928441187,0.05237220286495508
train,材料1,313,3400,0,0,0.000630487,0.258276861,0.059416392384705786,0.05221649755073382
train,材料1,314,3400,0,0,0.00068037,0.257741737,0.0592432901214707,0.052060135193992475
train,材料1,315,3400,0,0,0.000730288,0.25719765,0.059069353069411815,0.051903156074200985
train,材料1,316,3400,0,0,0.000780223,0.256644913,0.05889457237470602,0.05174559318713669
train,材料1,317,3400,0,0,0.000830157,0.256081635,0.05871896758147042,0.0515874747523819
train,材料1,318,3400,0,0,0.000880084,0.255511251,0.05854255630647064,0.051428798402056164
train,材料1,319,3400,0,0,0.000930007,0.254933398,0.05836528403970583,0.051269479421828856
train,材料1,320,3400,0,0,0.00097994,0.254348104,0.05818716673205884,0.05110954207501786
train,材料1,321,3400,0,0,0.001029905,0.253752091,0.058008248892058786,0.05094907977469306
train,材料1,322,3400,0,0,0.001079916,0.253143648,0.057828490585588345,0.05078808854768177
train,材料1,323,3400,0,0,0.001129976,0.252525319,0.05764785899588229,0.05062645876217151
train,材料1,324,3400,0,0,0.001180078,0.251898297,0.057466391687058783,0.050464208468228765
train,材料1,325,3400,0,0,0.001230202,0.251265698,0.057284142266176376,0.05030147255193355
train,材料1,326,3400,0,0,0.001280335,0.250626613,0.05710105921823531,0.05013813527329201
train,材料1,327,3400,0,0,0.00133046,0.249979717,0.05691715843676471,0.049974209393531324
train,材料1,328,3400,0,0,0.001380564,0.249325037,0.0567324730294117,0.04980977448386539
train,材料1,329,3400,0,0,0.001430637,0.248661419,0.056546922139705774,0.049644716221243904
train,材料1,330,3400,0,0,0.001480598,0.247990027,0.056360540438529325,0.04947905269043704
train,材料1,331,3400,0,0,0.001530454,0.247311922,0.05617340607382377,0.04931291063238132
train,材料1,332,3400,0,0,0.001580268,0.246625906,0.055985470592058696,0.04914624386691367
train,材料1,333,3400,0,0,0.001630017,0.245930815,0.05579672642500009,0.04897904375289822
train,材料1,334,3400,0,0,0.001679724,0.245228085,0.05560717961558827,0.04881136327605343
train,材料1,335,3400,0,0,0.001729441,0.244516475,0.05541683109205896,0.048643180346050446
train,材料1,336,3400,0,0,0.001779212,0.24379365,0.05522571105735295,0.048474464875896885
train,材料1,337,3400,0,0,0.001829054,0.24306452,0.055033776894705844,0.04830520566355044
train,材料1,338,3400,0,0,0.001878957,0.242331028,0.054840987925588294,0.048135410369633695
train,材料1,339,3400,0,0,0.001928903,0.241588574,0.05464740235705878,0.04796514229032914
train,材料1,340,3400,0,0,0.001978875,0.240835271,0.054453075112647166,0.047794432659535126
train,材料1,341,3400,0,0,0.002028859,0.240073031,0.05425797329970587,0.047623191994525964
train,材料1,342,3400,0,0,0.002078838,0.23930295,0.05406205480264701,0.047451446882678154
train,材料1,343,3400,0,0,0.002128791,0.238525362,0.05386539211617644,0.04727930775813259
train,材料1,344,3400,0,0,0.002178688,0.237740018,0.05366800967676477,0.04710673655951056
train,材料1,345,3400,0,0,0.002228512,0.236945357,0.05346985530441173,0.04693374388735714
train,材料1,346,3400,0,0,0.002278272,0.236140904,0.05327091158147071,0.046760330100297225
train,材料1,347,3400,0,0,0.002328014,0.235329075,0.05307120575147059,0.04658647553378093
train,材料1,348,3400,0,0,0.0023778,0.234510661,0.052870746313823665,0.04641220625150468
train,材料1,349,3400,0,0,0.002427676,0.233684839,0.05266950031617646,0.04623751697241588
train,材料1,350,3400,0,0,0.002477651,0.232848242,0.05246747856058811,0.04606242578489882
train,材料1,351,3400,0,0,0.002527702,0.232001454,0.05226468194470601,0.04588692854341148
train,材料1,352,3400,0,0,0.002577601,0.231151723,0.052061126541764854,0.04571105174612764
train,材料1,353,3400,0,0,0.002622463,0.23029328,0.05185684169411767,0.0455348442349213
train,材料1,354,3400,0,0,0.002667315,0.229423777,0.05165182920764698,0.045358325414879226
train,材料1,355,3400,0,0,0.00271216,0.228547066,0.05144603239529391,0.04518141240351904
train,材料1,356,3400,0,0,0.002756999,0.227662719,0.05123948378647064,0.04500410214678694
train,材料1,357,3400,0,0,0.002801834,0.226772045,0.05103221379500004,0.04482645686605845
train,材料1,358,3400,0,0,0.002846662,0.225874544,0.05082418039176468,0.04464847738000786
train,材料1,359,3400,0,0,0.00289148,0.224969203,0.050615450129999844,0.04447027495468283
train,材料1,360,3400,0,0,0.002936287,0.224052863,0.050405996789117766,0.044291781419259976
train,材料1,361,3400,0,0,0.002981087,0.223127509,0.05019577474999999,0.04411294493011228
train,材料1,362,3400,0,0,0.003025881,0.222195172,0.049984851297646966,0.04393389912792043
train,材料1,363,3400,0,0,0.003070665,0.221253137,0.04977323527911755,0.04375467371042342
train,材料1,364,3400,0,0,0.003115428,0.220303123,0.049560893117058843,0.04357522405353873
train,材料1,365,3400,0,0,0.003160163,0.219346667,0.04934783387352942,0.043395526339266875
train,材料1,366,3400,0,0,0.003204873,0.218381431,0.049134058151764665,0.04321560959683662
train,材料1,367,3400,0,0,0.003249581,0.217408467,0.048919580277647125,0.043035518039110626
train,材料1,368,3400,0,0,0.003294313,0.216428806,0.04870443066058819,0.042855287950792735
train,材料1,369,3400,0,0,0.003339086,0.21544304,0.04848859010147059,0.04267489429067568
train,材料1,370,3400,0,0,0.003383893,0.214450593,0.04827202977088233,0.04249432241089256
train,材料1,371,3400,0,0,0.003428711,0.213447419,0.04805475821705887,0.04231361158943043
train,材料1,372,3400,0,0,0.003473518,0.212436229,0.047836794921764604,0.042132788726552496
train,材料1,373,3400,0,0,0.003518309,0.211420959,0.047618138549705785,0.041951846826961424
train,材料1,374,3400,0,0,0.003563091,0.210395877,0.04739872616529414,0.04177071273300253
train,材料1,375,3400,0,0,0.003607874,0.209362335,0.047178488396764896,0.041589291880289855
train,材料1,376,3400,0,0,0.003652664,0.208323863,0.04695744399882361,0.041407584889123134
train,材料1,377,3400,0,0,0.003697462,0.207279257,0.046735654407353035,0.04122568329382805
train,材料1,378,3400,0,0,0.003742263,0.206227309,0.04651311060088232,0.04104356829358754
train,材料1,379,3400,0,0,0.003787069,0.205168767,0.04628974675382355,0.04086112270088218
train,材料1,380,3400,0,0,0.003831879,0.20429361,0.046065552287353,0.04067827924354355
train,材料1,381,3400,0,0,0.003865614,0.205281081,0.04584054027941176,0.040495070947483475
train,材料1,382,3400,0,0,0.003842154,0.206248547,0.0456147026217646,0.04031157406515987
train,材料1,383,3400,0,0,0.003818781,0.207196271,0.045388033882058976,0.04012771621110358
train,材料1,384,3400,0,0,0.003795464,0.208124461,0.045160572342647115,0.03994350994694591
train,材料1,385,3400,0,0,0.00377215,0.209033396,0.04493236221147067,0.039759059156692846
train,材料1,386,3400,0,0,0.003748797,0.209923579,0.044703340884705796,0.039574289311845624
train,材料1,387,3400,0,0,0.003725401,0.210795578,0.04447348422911768,0.039389178682915714
train,材料1,388,3400,0,0,0.003701986,0.211649663,0.044242842035000014,0.03920381688518369
train,材料1,389,3400,0,0,0.003678494,0.212485639,0.04401140369470582,0.03901819171870941
train,材料1,390,3400,0,0,0.003655129,0.213303207,0.043779197775294196,0.03883229482172857
train,材料1,391,3400,0,0,0.003631838,0.214102717,0.04354624068558838,0.03864614634431065
train,材料1,392,3400,0,0,0.003608534,0.214885591,0.04331246340911772,0.03845970654138118
train,材料1,393,3400,0,0,0.003585144,0.215653421,0.04307781463117657,0.038272929440132976
train,材料1,394,3400,0,0,0.003561642,0.216403999,0.042842154276764695,0.03808559581454636
train,材料1,395,3400,0,0,0.00353805,0.21712459,0.04260520181735291,0.03789717106040521
train,材料1,396,3400,0,0,0.003514425,0.217784545,0.04236652865176469,0.037706662477659025
train,材料1,397,3400,0,0,0.003490831,0.21833339,0.042125596990588376,0.03751277067163842
train,材料1,398,3400,0,0,0.003467317,0.218709315,0.04188196870264704,0.03731422642196959
train,材料1,399,3400,0,0,0.003443909,0.218857279,0.04163540002852942,0.03711000028986202
train,材料1,400,3400,0,0,0.003420597,0.21875016,0.04138591509558826,0.03689969197455181
train,材料1,401,3400,0,0,0.003397347,0.218400369,0.04113380938205887,0.03668364649120585
train,材料1,402,3400,0,0,0.003374119,0.217856103,0.04087963509411758,0.036462961842027575
train,材料1,403,3400,0,0,0.003350787,0.217183014,0.04062396614441177,0.0362391195957909
train,材料1,404,3400,0,0,0.003327129,0.216442022,0.040367193499999975,0.03601343412620171
train,材料1,405,3400,0,0,0.003303457,0.215677624,0.040109580268529364,0.03578685481066554
train,材料1,406,3400,0,0,0.003279806,0.214908656,0.03985127647470592,0.035559864680217844
train,材料1,407,3400,0,0,0.003256199,0.214137347,0.0395923719111766,0.03533263565490594
train,材料1,408,3400,0,0,0.00323263,0.213368911,0.03933295164617652,0.03510522917079602
train,材料1,409,3400,0,0,0.003209081,0.212604619,0.039073038003529466,0.034877655809354625
train,材料1,410,3400,0,0,0.003185531,0.211844859,0.03881266656382355,0.034650042342128415
train,材料1,411,3400,0,0,0.003161971,0.211089396,0.038551836639705836,0.03442244448781716
train,材料1,412,3400,0,0,0.003138419,0.210338442,0.038290495421470616,0.03419484271339688
train,材料1,413,3400,0,0,0.00311491,0.209595056,0.03802864662588244,0.03396724768655332
train,材料1,414,3400,0,0,0.00309149,0.208857887,0.03776631095176459,0.033739663217151036
train,材料1,415,3400,0,0,0.003068191,0.208125914,0.03750347323294115,0.03351210305740587
train,材料1,416,3400,0,0,0.003045015,0.20739671,0.03724012069058829,0.03328450981879133
train,材料1,417,3400,0,0,0.003021924,0.206667876,0.03697628669029406,0.03305690762654034
train,材料1,418,3400,0,0,0.002998852,0.205938443,0.036711960590588164,0.032829344662315504
train,材料1,419,3400,0,0,0.002975461,0.205208917,0.03644712404264697,0.03260182546956929
train,材料1,420,3400,0,0,0.002951913,0.204480021,0.036181785775000044,0.032374328766602824
train,材料1,421,3400,0,0,0.002928409,0.203751572,0.03591595302205884,0.03214688711225933
train,材料1,422,3400,0,0,0.002904997,0.20302252,0.035649612258823495,0.03191955508043661
train,材料1,423,3400,0,0,0.002881711,0.20229193,0.03538276089794112,0.03169232150954947
train,材料1,424,3400,0,0,0.002858559,0.201559747,0.03511544350323529,0.0314651646941202
train,材料1,425,3400,0,0,0.002835506,0.20082667,0.034847664207352975,0.031238121131273125
train,材料1,426,3400,0,0,0.002812492,0.200093444,0.03457937867588235,0.031011226882509693
train,材料1,427,3400,0,0,0.002789148,0.199360466,0.03431057620352935,0.03078450285326579
train,材料1,428,3400,0,0,0.002765764,0.198627962,0.034041300228235205,0.03055804749614567
train,材料1,429,3400,0,0,0.002742388,0.197897928,0.033771605179999956,0.030331934498298525
train,材料1,430,3400,0,0,0.002719027,0.19716844,0.03350148171999999,0.03010619442068623
train,材料1,431,3400,0,0,0.002695681,0.196438639,0.03323090591235297,0.029880806580618643
train,材料1,432,3400,0,0,0.002672347,0.195708244,0.032959911527647046,0.029655809354571436
train,材料1,433,3400,0,0,0.002649026,0.194977591,0.03268846469470586,0.02943122056735233
train,材料1,434,3400,0,0,0.002625725,0.194247672,0.03241652995205884,0.02920703617065483
train,材料1,435,3400,0,0,0.002602452,0.193519681,0.03214413256382354,0.028983309523914265
train,材料1,436,3400,0,0,0.00257921,0.192794176,0.031871317233823485,0.028760110680092092
train,材料1,437,3400,0,0,0.002555992,0.192070631,0.0315981331002941,0.028537545246400196
train,材料1,438,3400,0,0,0.002532543,0.191347828,0.031324529996176395,0.028315598770263482
train,材料1,439,3400,0,0,0.002509098,0.190624722,0.03105050058411771,0.028094277320436005
train,材料1,440,3400,0,0,0.002485709,0.189900908,0.030776104926470586,0.027873652226016978
train,材料1,441,3400,0,0,0.002462392,0.189176324,0.030501304600882344,0.027653742452084764
train,材料1,442,3400,0,0,0.002439121,0.188450799,0.030226109106176575,0.02743462339096207
train,材料1,443,3400,0,0,0.002415847,0.187724111,0.029950538799411668,0.027216306645868996
train,材料1,444,3400,0,0,0.002392537,0.186996462,0.029674541858823487,0.02699877906330849
train,材料1,445,3400,0,0,0.002369191,0.186268675,0.02939813516088241,0.026782130612812694
train,材料1,446,3400,0,0,0.002345835,0.185541726,0.02912135963000011,0.026566443145481247
train,材料1,447,3400,0,0,0.002322499,0.184816043,0.02884418709735298,0.026351694278413485
train,材料1,448,3400,0,0,0.002299189,0.184091264,0.02856658509911769,0.026137904628714268
train,材料1,449,3400,0,0,0.002275891,0.183366703,0.02828863886647058,0.025925222515390475
train,材料1,450,3400,0,0,0.002252577,0.182642095,0.028010368081764735,0.02571374868804316
train,材料1,451,3400,0,0,0.002229174,0.181917897,0.027731724862941166,0.025503531424477074
train,材料1,452,3400,0,0,0.002205471,0.181194849,0.027452722703823575,0.02529458417570425
train,材料1,453,3400,0,0,0.002181787,0.180473244,0.027173389003529357,0.025086964328569435
train,材料1,454,3400,0,0,0.002158132,0.179752671,0.026893717057647138,0.024880722796462963
train,材料1,455,3400,0,0,0.002134508,0.179032443,0.026613659402647025,0.024675830522799654
train,材料1,456,3400,0,0,0.002110922,0.178312197,0.026333254955882384,0.024472360772110333
train,材料1,457,3400,0,0,0.002087377,0.177591971,0.026052569807352904,0.024270459525151975
train,材料1,458,3400,0,0,0.00206387,0.176871777,0.02577158366058823,0.02407024652284339
train,材料1,459,3400,0,0,0.002040389,0.176151232,0.025490248042941175,0.0238717118939372
train,材料1,460,3400,0,0,0.002016923,0.175429708,0.02520857105794121,0.023674844926050362
train,材料1,461,3400,0,0,0.001993469,0.174706872,0.0249265803305882,0.023479750769740647
train,材料1,462,3400,0,0,0.001970035,0.173983077,0.024644289545882308,0.02328650164487675
train,材料1,463,3400,0,0,0.001946634,0.173259195,0.024361715703235278,0.023095145494092858
train,材料1,464,3400,0,0,0.00192327,0.172536056,0.02407887579029413,0.022905814617132758
train,材料1,465,3400,0,0,0.001899931,0.171813944,0.023795762652352923,0.022718624068876293
train,材料1,466,3400,0,0,0.001876593,0.171092597,0.02351236263764699,0.022533609490966063
train,材料1,467,3400,0,0,0.001853241,0.170371623,0.02322865513323524,0.022350811146752983
train,材料1,468,3400,0,0,0.001829884,0.169650871,0.022944666670882425,0.022170355133753067
train,材料1,469,3400,0,0,0.001806559,0.168930414,0.022660421815588225,0.02199234834580655
train,材料1,470,3400,0,0,0.0017833,0.168210252,0.022375891799411723,0.02181677720629387
train,材料1,471,3400,0,0,0.00176011,0.167490179,0.022091082897647062,0.02164371930500762
train,材料1,472,3400,0,0,0.001736893,0.166769968,0.021806025511470612,0.021473329808996935
train,材料1,473,3400,0,0,0.001713442,0.166049633,0.021520761083529398,0.021305720218880685
train,材料1,474,3400,0,0,0.001690086,0.165329454,0.021235272734705813,0.02114091779859376
train,材料1,475,3400,0,0,0.001666806,0.164609785,0.020949538735588198,0.02097902419549511
train,材料1,476,3400,0,0,0.001643285,0.163890838,0.020663581774411834,0.020820162594951456
train,材料1,477,3400,0,0,0.001619573,0.163172548,0.020377421373529436,0.020664397722763655
train,材料1,478,3400,0,0,0.001595848,0.162454503,0.020091056352058812,0.0205117871074009
train,材料1,479,3400,0,0,0.001572181,0.16173602,0.019804459018235243,0.02036240340070031
train,材料1,480,3400,0,0,0.001548621,0.161016449,0.01951759919676473,0.02021632513256194
train,材料1,481,3400,0,0,0.001525189,0.160295605,0.019230543902647036,0.0200737169318197
train,材料1,482,3400,0,0,0.001501878,0.159573969,0.018943349329705834,0.019934712611939315
train,材料1,483,3400,0,0,0.00147865,0.158852445,0.018655973939117627,0.019799332694557064
train,材料1,484,3400,0,0,0.00145363,0.158131763,0.01836841625647057,0.01966769481340475
train,材料1,485,3400,0,0,0.001377945,0.157412003,0.018080699745588204,0.019539924715149416
train,材料1,486,3400,0,0,0.001302186,0.156692648,0.01779279739647059,0.019416054786946715
train,材料1,487,3400,0,0,0.00122634,0.155973062,0.017504712811764692,0.019296156337622515
train,材料1,488,3400,0,0,0.001150472,0.155252968,0.01721647174411768,0.019180345128668053
train,材料1,489,3400,0,0,0.001074629,0.154532504,0.0169280414564706,0.01906869301304226
train,材料1,490,3400,0,0,0.000998772,0.153811949,0.01663942413176469,0.01896130856181023
train,材料1,491,3400,0,0,0.000922837,0.153091445,0.016350657573235304,0.018858301193522962
train,材料1,492,3400,0,0,0.000846795,0.152370976,0.01606173614294123,0.01875969492952774
train,材料1,493,3400,0,0,0.000770647,0.151650524,0.015772701285882373,0.018665612861547953
train,材料1,494,3400,0,0,0.000694398,0.150930169,0.015483589406176461,0.018576217476862028
train,材料1,495,3400,0,0,0.000527531,0.150210034,0.015194372541764714,0.018491535075952924
train,材料1,496,3400,0,0,0.000337241,0.149490147,0.01490504173000002,0.01841164872451336
train,材料1,497,3400,0,0,0.000146467,0.148770403,0.014615575824117657,0.01833661189054577
train,材料1,498,3400,0,0,-0.000374126,0.148050656,0.014325960537058823,0.01826647529738629
train,材料1,499,3400,0,0,-0.001337873,0.147330836,0.014036221888529416,0.018201298992841643
train,材料1,500,3400,0,0,-0.002301263,0.146610977,0.013746401926470584,0.018141118366602194
train,材料1,501,3400,0,0,-0.003265512,0.146205394,0.013456519242941174,0.018086045699813758
train,材料1,502,3400,0,0,-0.004231291,0.146919382,0.01316654478176469,0.018036142544253092
train,材料1,503,3400,0,0,-0.005197206,0.147632861,0.012876486320588226,0.01799146707681697
train,材料1,504,3400,0,0,-0.006164423,0.148346256,0.012586357226382348,0.01795204985986412
train,材料1,505,3400,0,0,-0.007722141,0.14906019,0.012296134337941174,0.01791784847623992
train,材料1,506,3400,0,0,-0.009408175,0.149774887,0.012005832359999998,0.01788894785108396
train,材料1,507,3400,0,0,-0.011090465,0.150490002,0.011715504067352936,0.0178654772386935
train,材料1,508,3400,0,0,-0.012776174,0.151205007,0.01142512761794116,0.01784740735838141
train,材料1,509,3400,0,0,-0.014465758,0.151919647,0.011134677738823533,0.017834724592351487
train,材料1,510,3400,0,0,-0.016152986,0.152634063,0.010844229085882348,0.017827472110700307
train,材料1,511,3400,0,0,-0.017841503,0.153348609,0.01055375768588235,0.017825648534020695
train,材料1,512,3400,0,0,-0.019536802,0.154063604,0.01026322146852943,0.01782927903053934
train,材料1,513,3400,0,0,-0.021224202,0.154779191,0.009972693240882366,0.017838353997798814
train,材料1,514,3400,0,0,-0.022908242,0.155495254,0.009682162136176472,0.017852804061973614
train,材料1,515,3400,0,0,-0.024598822,0.156211393,0.009391566277941184,0.01787261576548685
train,材料1,516,3400,0,0,-0.026284834,0.156927068,0.009100958530294113,0.01789781921818988
train,材料1,517,3400,0,0,-0.027965511,0.157641869,0.00881038824676472,0.017928424040039723
train,材料1,518,3400,0,0,-0.029647091,0.158355745,0.008519822750294111,0.017964358463908137
train,材料1,519,3400,0,0,-0.031331287,0.159068929,0.008229271177058826,0.018005602524816654
train,材料1,520,3400,0,0,-0.033015877,0.159781665,0.007938737509999995,0.01805213736133735
train,材料1,521,3400,0,0,-0.034696396,0.160494069,0.007648186419411768,0.018103854385094535
train,材料1,522,3400,0,0,-0.036376803,0.161206292,0.0073576506373529355,0.018160704836864196
train,材料1,523,3400,0,0,-0.038060955,0.161918699,0.007067181422941185,0.01822266967266593
train,材料1,524,3400,0,0,-0.039744922,0.162631758,0.006776764682058822,0.01828970508862668
train,材料1,525,3400,0,0,-0.041425826,0.163345652,0.006486372658235299,0.018361733626477878
train,材料1,526,3400,0,0,-0.043107245,0.164060084,0.0061960341276470505,0.0184386865360247
train,材料1,527,3400,0,0,-0.044790491,0.164774566,0.005905783797058827,0.018520491358051103
train,材料1,528,3400,0,0,-0.046467691,0.165488957,0.005615582091176464,0.018607054262225795
train,材料1,529,3400,0,0,-0.04813905,0.166203628,0.00532544440117647,0.01869830110846983
train,材料1,530,3400,0,0,-0.049812284,0.166919056,0.005035395220882364,0.018794166068024778
train,材料1,531,3400,0,0,-0.051487055,0.167635283,0.0047454250655882295,0.018894598346869417
train,材料1,532,3400,0,0,-0.053158956,0.168351781,0.004455563149705883,0.01899949415414804
train,材料1,533,3400,0,0,-0.054828066,0.169067812,0.0041657832779411885,0.019108762236097785
train,材料1,534,3400,0,0,-0.05649594,0.169782905,0.003876103841176465,0.01922232366377809
train,材料1,535,3400,0,0,-0.058164956,0.170497125,0.003586519926176468,0.019340074799584682
train,材料1,536,3400,0,0,-0.059831566,0.171210965,0.003297041029705887,0.019461932660772095
train,材料1,537,3400,0,0,-0.061493192,0.171924954,0.0030076694855882256,0.019587775793095345
train,材料1,538,3400,0,0,-0.06315549,0.172639241,0.0027184143914705874,0.019717522657626954
train,材料1,539,3400,0,0,-0.064820071,0.173353523,0.0024293041691176415,0.01985111273209602
train,材料1,540,3400,0,0,-0.066482516,0.174067367,0.002140312929117656,0.019988441552936526
train,材料1,541,3400,0,0,-0.068139007,0.174780608,0.0018514490341176417,0.020129409996587536
train,材料1,542,3400,0,0,-0.069792187,0.175493414,0.0015627158114705898,0.020273944182724768
train,材料1,543,3400,0,0,-0.071441893,0.176206023,0.0012741367550000136,0.020421949131353652
train,材料1,544,3400,0,0,-0.073093411,0.176918508,0.0009857543252941112,0.02057333965729629
train,材料1,545,3400,0,0,-0.074750691,0.177630801,0.0006975323950000066,0.020728034477235216
train,材料1,546,3400,0,0,-0.076399065,0.178342871,0.00040945101176469335,0.02088589640535858
train,材料1,547,3400,0,0,-0.078051109,0.179054844,0.0001215774247058914,0.021046810088048765
train,材料1,548,3400,0,0,-0.079701175,0.179766984,-0.00016607158088235145,0.021210731955358327
train,材料1,549,3400,0,0,-0.081348168,0.180479535,-0.00045353777941178154,0.021377558358874435
train,材料1,550,3400,0,0,-0.082997616,0.181192533,-0.0007408567697058867,0.021547202557778297
train,材料1,551,3400,0,0,-0.084646486,0.1819057,-0.001028001338058836,0.02171962729811244
train,材料1,552,3400,0,0,-0.086290387,0.182618548,-0.0013149682067647096,0.021894704966689542
train,材料1,553,3400,0,0,-0.0879306,0.183330645,-0.0016017127629411798,0.022072316800730168
train,材料1,554,3400,0,0,-0.089572127,0.184041827,-0.0018882202285294128,0.022252389639492772
train,材料1,555,3400,0,0,-0.091211409,0.184752253,-0.0021745305191176656,0.02243489465477649
train,材料1,556,3400,0,0,-0.092838423,0.185462384,-0.0024606061505882473,0.022619761686602628
train,材料1,557,3400,0,0,-0.094458366,0.18617289,-0.0027464226531911788,0.022806870343659042
train,材料1,558,3400,0,0,-0.096078691,0.186884401,-0.0030319787047058742,0.02299615119272794
train,材料1,559,3400,0,0,-0.097698261,0.187597107,-0.003317289305882358,0.023187534612128285
train,材料1,560,3400,0,0,-0.099312475,0.188310519,-0.003602390696176466,0.023380935823122975
train,材料1,561,3400,0,0,-0.10092282,0.189023743,-0.003887274445294122,0.023576285733035655
train,材料1,562,3400,0,0,-0.10253349,0.189736139,-0.004171900636764717,0.02377350955318455
train,材料1,563,3400,0,0,-0.104140545,0.190447899,-0.004456228131764712,0.023972530904646336
train,材料1,564,3400,0,0,-0.105741175,0.191159968,-0.004740263197941182,0.02417327056900652
train,材料1,565,3400,0,0,-0.107343395,0.19187333,-0.005024046449411759,0.02437567242696162
train,材料1,566,3400,0,0,-0.108943977,0.192588166,-0.005307565416470584,0.02457967615518032
train,材料1,567,3400,0,0,-0.110537215,0.193303578,-0.005590799211176466,0.024785201015591566
train,材料1,568,3400,0,0,-0.112123962,0.194018229,-0.005873722037352937,0.02499216461213718
train,材料1,569,3400,0,0,-0.113703891,0.194731406,-0.006156332525588235,0.025200492845272877
train,材料1,570,3400,0,0,-0.115279561,0.195443613,-0.006438621779705885,0.025410152457200894
train,材料1,571,3400,0,0,-0.116852861,0.196156047,-0.006720596508529425,0.02562105599600731
train,材料1,572,3400,0,0,-0.118422334,0.196869478,-0.0070022831970588135,0.025833201292675564
train,材料1,573,3400,0,0,-0.119987132,0.19758366,-0.007283647617352947,0.02604655180902457
train,材料1,574,3400,0,0,-0.121545129,0.198297861,-0.007564676102941148,0.026260992426898173
train,材料1,575,3400,0,0,-0.123099093,0.19901175,-0.007845397655294128,0.02647648951746182
train,材料1,576,3400,0,0,-0.124652467,0.19972559,-0.008125786188823534,0.026693010978554515
train,材料1,577,3400,0,0,-0.126203386,0.200439678,-0.008405813064705945,0.026910510327988295
train,材料1,578,3400,0,0,-0.127750703,0.201153882,-0.008685491202352949,0.027128880548808985
train,材料1,579,3400,0,0,-0.129290827,0.201867848,-0.008964795787058798,0.027348060276216255
train,材料1,580,3400,0,0,-0.130823846,0.202581458,-0.00924372464911765,0.02756803467007645
train,材料1,581,3400,0,0,-0.132353555,0.203294882,-0.009522294915294122,0.027788717799682845
train,材料1,582,3400,0,0,-0.133879262,0.204008138,-0.009800509142058834,0.028010022608593397
train,材料1,583,3400,0,0,-0.135398924,0.204720627,-0.010078339382941157,0.02823189356527663
train,材料1,584,3400,0,0,-0.13691338,0.205430998,-0.01035578518205883,0.028454181162828284
train,材料1,585,3400,0,0,-0.138421125,0.206137246,-0.010632933849117647,0.028676720215494483
train,材料1,586,3400,0,0,-0.139923506,0.206836816,-0.010909786199117658,0.028899429273424048
train,材料1,587,3400,0,0,-0.141424707,0.207526729,-0.011186319349117586,0.029122229918803883
train,材料1,588,3400,0,0,-0.142922607,0.208203833,-0.011462582984705897,0.029344953669461157
train,材料1,589,3400,0,0,-0.144410935,0.208865255,-0.011738614492352946,0.029567493374357587
train,材料1,590,3400,0,0,-0.1458945,0.209508849,-0.012014353167058777,0.029789835161303416
train,材料1,591,3400,0,0,-0.147373409,0.210133396,-0.012289763632058762,0.030011878533831485
train,材料1,592,3400,0,0,-0.148850525,0.210738457,-0.012564887877352942,0.030233562027771926
train,材料1,593,3400,0,0,-0.150321801,0.211324045,-0.012839730237941126,0.030454871084018963
train,材料1,594,3400,0,0,-0.151778375,0.211890391,-0.013114265042058827,0.030675795458012703
train,材料1,595,3400,0,0,-0.153231379,0.212437845,-0.013388514332058798,0.030896339883524436
train,材料1,596,3400,0,0,-0.154680678,0.212966808,-0.013662480319411762,0.03111645794488859
train,材料1,597,3400,0,0,-0.156122629,0.213477611,-0.013936102018529413,0.03133612083148601
train,材料1,598,3400,0,0,-0.157559369,0.213970422,-0.014209376160294046,0.03155534546215281
train,材料1,599,3400,0,0,-0.158990213,0.214445285,-0.014482341089117596,0.03177412548273768
train,材料1,600,3400,0,0,-0.160414244,0.214902314,-0.014754996188529395,0.03199240569095187
train,材料1,601,3400,0,0,-0.161833671,0.215341881,-0.015027254732058785,0.032210133592999735
train,材料1,602,3400,0,0,-0.163248613,0.21576479,-0.01529912747676468,0.032427312135402696
train,材料1,603,3400,0,0,-0.164658028,0.21617181,-0.015570673847941157,0.03264388456298558
train,材料1,604,3400,0,0,-0.166064697,0.216561633,-0.015841914409705893,0.03285967167300276
train,材料1,605,3400,0,0,-0.167461924,0.216925718,-0.016112995739705895,0.033074154740152295
train,材料1,606,3400,0,0,-0.168849504,0.217240928,-0.016384186092647066,0.03328625341750923
train,材料1,607,3400,0,0,-0.170233322,0.217464823,-0.01665588148117651,0.033494261292156546
train,材料1,608,3400,0,0,-0.171611936,0.217539073,-0.016928569800000015,0.03369610185989194
train,材料1,609,3400,0,0,-0.172987136,0.217405009,-0.017202585119117653,0.03388993423386121
train,材料1,610,3400,0,0,-0.174356318,0.217195368,-0.017478082274999984,0.034074700005099184
train,材料1,611,3400,0,0,-0.175714934,0.216855511,-0.01775501944529412,0.034250516426648045
train,材料1,612,3400,0,0,-0.177064954,0.216259681,-0.018033088518529403,0.03441865400180889
train,材料1,613,3400,0,0,-0.178407591,0.21543877,-0.018311817638529414,0.0345810886712414
train,材料1,614,3400,0,0,-0.179746308,0.214452705,-0.01859073592705883,0.03474003437216121
train,材料1,615,3400,0,0,-0.181082119,0.213368385,-0.018869457192058844,0.034897376872165056
train,材料1,616,3400,0,0,-0.182409592,0.212238857,-0.019147727581470632,0.03505424982331743
train,材料1,617,3400,0,0,-0.183724427,0.211095325,-0.01942552632852944,0.03521115262482773
train,材料1,618,3400,0,0,-0.185026924,0.209950786,-0.019702859612647054,0.03536820913023609
train,材料1,619,3400,0,0,-0.186325189,0.208808934,-0.01997962658735293,0.035525447222759805
train,材料1,620,3400,0,0,-0.187621425,0.20767094,-0.020255781372352948,0.035682995900390556
train,材料1,621,3400,0,0,-0.188908785,0.206537624,-0.02053131342882347,0.0358409335151115
train,材料1,622,3400,0,0,-0.190188983,0.205409398,-0.02080617024852945,0.035999170151863324
train,材料1,623,3400,0,0,-0.191460001,0.204286206,-0.02108034643764702,0.03615760931579669
train,材料1,624,3400,0,0,-0.192719945,0.203168184,-0.021353904270588316,0.036316208310734954
train,材料1,625,3400,0,0,-0.193973996,0.20205589,-0.021626869793235345,0.03647498326354608
train,材料1,626,3400,0,0,-0.195224658,0.200949541,-0.021899222808823535,0.03663388885610796
train,材料1,627,3400,0,0,-0.196467698,0.199848106,-0.022170932151176433,0.03679285905625932
train,材料1,628,3400,0,0,-0.197697474,0.198749524,-0.022441991160882396,0.03695182202797649
train,材料1,629,3400,0,0,-0.198918093,0.197651975,-0.02271241327411776,0.03711069484337598
train,材料1,630,3400,0,0,-0.200130777,0.196554872,-0.022982234646470524,0.03726946749509466
train,材料1,631,3400,0,0,-0.201335078,0.195458564,-0.02325144637441174,0.03742808046174223
train,材料1,632,3400,0,0,-0.202530706,0.194363185,-0.023519988026176428,0.03758645833911918
train,材料1,633,3400,0,0,-0.20371978,0.193267954,-0.023787883016470567,0.037744609958148656
train,材料1,634,3400,0,0,-0.204904535,0.192171588,-0.02405516274558824,0.03790250005689351
train,材料1,635,3400,0,0,-0.206081415,0.191073293,-0.024321812925882383,0.03806006743371605
train,材料1,636,3400,0,0,-0.207248197,0.189973284,-0.024587792060882352,0.038217324606029
train,材料1,637,3400,0,0,-0.208406578,0.188872385,-0.02485312508941178,0.03837424445429102
train,材料1,638,3400,0,0,-0.209554366,0.187771237,-0.02511782095735291,0.0385308032237395
train,材料1,639,3400,0,0,-0.210693302,0.186669954,-0.02538180519764707,0.038686993814601424
train,材料1,640,3400,0,0,-0.211823165,0.185568508,-0.025645105002647092,0.03884281361362616
train,材料1,641,3400,0,0,-0.212945705,0.184467206,-0.025907726307647077,0.03899823100482277
train,材料1,642,3400,0,0,-0.214059572,0.183366597,-0.0261696780661765,0.039153270746481644
train,材料1,643,3400,0,0,-0.215162484,0.182266905,-0.02643098761323527,0.039307946264436046
train,材料1,644,3400,0,0,-0.216257021,0.181167804,-0.02669158317647059,0.039462120957664666
train,材料1,645,3400,0,0,-0.217341577,0.180068937,-0.026951457573823515,0.03961582667638244
train,材料1,646,3400,0,0,-0.218415751,0.178970607,-0.027210638584411768,0.039769101974699496
train,材料1,647,3400,0,0,-0.219483735,0.177873798,-0.02746914177970586,0.03992186491342006
train,材料1,648,3400,0,0,-0.220546003,0.176779413,-0.027726942814705904,0.040074079862845585
train,材料1,649,3400,0,0,-0.221598281,0.17568743,-0.02798402056470593,0.040225751980913924
train,材料1,650,3400,0,0,-0.222640064,0.17459669,-0.02824036758676464,0.04037689165507897
train,材料1,651,3400,0,0,-0.223668886,0.173505389,-0.028495963033529338,0.040527492835368044
train,材料1,652,3400,0,0,-0.224690337,0.17241195,-0.02875082900794121,0.04067753960311414
train,材料1,653,3400,0,0,-0.225705839,0.171315744,-0.029004975232058725,0.040826946805179544
train,材料1,654,3400,0,0,-0.226707846,0.170217335,-0.029258385484117706,0.040975660429147305
train,材料1,655,3400,0,0,-0.227696811,0.169118018,-0.029511060008235356,0.04112369671393235
train,材料1,656,3400,0,0,-0.228678231,0.168018969,-0.029763012104705847,0.041271029225961986
train,材料1,657,3400,0,0,-0.229652108,0.166920557,-0.03001423660352948,0.04141762768785033
train,材料1,658,3400,0,0,-0.230619951,0.165822398,-0.030264676699999982,0.04156350888754448
train,材料1,659,3400,0,0,-0.231583623,0.16472406,-0.030514364349705874,0.04170866823981073
train,材料1,660,3400,0,0,-0.232541312,0.163625784,-0.030763321294705843,0.04185310062516492
train,材料1,661,3400,0,0,-0.233491513,0.162528493,-0.031011517104117658,0.04199680346053031
train,材料1,662,3400,0,0,-0.234428093,0.161433076,-0.031258978244411637,0.042139754349447556
train,材料1,663,3400,0,0,-0.235351462,0.160339617,-0.03150570007794116,0.042281938372947865
train,材料1,664,3400,0,0,-0.236265663,0.159247293,-0.031751647138235285,0.04242331415670039
train,材料1,665,3400,0,0,-0.237168667,0.15815505,-0.03199678272794114,0.042563893192695955
train,材料1,666,3400,0,0,-0.238063925,0.157062411,-0.03224112256647066,0.04270368255671263
train,材料1,667,3400,0,0,-0.238953714,0.155969746,-0.03248463613205881,0.042842632322455415
train,材料1,668,3400,0,0,-0.239833644,0.154877799,-0.03272730892294112,0.04298075837443932
train,材料1,669,3400,0,0,-0.240700108,0.153786977,-0.032969200744411724,0.043118028548818896
train,材料1,670,3400,0,0,-0.241558201,0.152696954,-0.033210321949999975,0.043254428012115605
train,材料1,671,3400,0,0,-0.242406293,0.151606933,-0.0334506299932354,0.04338997179457033
train,材料1,672,3400,0,0,-0.243241605,0.15051627,-0.03369011959794118,0.043524580312319594
train,材料1,673,3400,0,0,-0.244068742,0.149424962,-0.0339288384797059,0.04365829797700051
train,材料1,674,3400,0,0,-0.244887028,0.148333503,-0.034166759526470525,0.04379112245434924
train,材料1,675,3400,0,0,-0.245695329,0.147242282,-0.03440383772294122,0.04392300297275447
train,材料1,676,3400,0,0,-0.246493305,0.146151166,-0.0346401010117647,0.04405397113296185
train,材料1,677,3400,0,0,-0.247278862,0.145059713,-0.034875535031176456,0.04418396381382684
train,材料1,678,3400,0,0,-0.248052227,0.143967748,-0.035110122218529376,0.044312956998691116
train,材料1,679,3400,0,0,-0.248816195,0.142875599,-0.03534389859205885,0.04444096923579255
train,材料1,680,3400,0,0,-0.249567621,0.141783771,-0.03557687922441188,0.04456798621298224
train,材料1,681,3400,0,0,-0.250309416,0.14069245,-0.03580904249823521,0.044694041505334764
train,材料1,682,3400,0,0,-0.251043289,0.139601338,-0.03604035954176467,0.04481912247175093
train,材料1,683,3400,0,0,-0.251765493,0.138509927,-0.03627079987058833,0.044943141734285694
train,材料1,684,3400,0,0,-0.252475106,0.137417971,-0.03650035552676473,0.04506608367775397
train,材料1,685,3400,0,0,-0.253172929,0.136325708,-0.036729059551764656,0.045187992290743016
train,材料1,686,3400,0,0,-0.253863327,0.135233669,-0.036956937597058835,0.045308926923340466
train,材料1,687,3400,0,0,-0.254547263,0.134142252,-0.037183966015588356,0.04542886625359675
train,材料1,688,3400,0,0,-0.255222162,0.133051494,-0.03741011676823532,0.04554770598378619
train,材料1,689,3400,0,0,-0.255886881,0.1319612,-0.03763541654147054,0.045665468443361744
train,材料1,690,3400,0,0,-0.256539406,0.130871211,-0.03785986324735303,0.045782186236853775
train,材料1,691,3400,0,0,-0.257178927,0.129781495,-0.03808339493323523,0.045897810058542925
train,材料1,692,3400,0,0,-0.257805769,0.128692005,-0.03830602234294125,0.046012338449492415
train,材料1,693,3400,0,0,-0.258420588,0.12760253,-0.038527783982058916,0.04612580276467904
train,材料1,694,3400,0,0,-0.259026689,0.126512731,-0.0387486585241177,0.046238135791064346
train,材料1,695,3400,0,0,-0.259625213,0.12542237,-0.03896863914088238,0.04634932674015557
train,材料1,696,3400,0,0,-0.260215045,0.124331474,-0.03918773467676463,0.04645942635615798
train,材料1,697,3400,0,0,-0.260790644,0.123240271,-0.039405928992941264,0.046568384582336225
train,材料1,698,3400,0,0,-0.26135188,0.122149008,-0.03962322658205883,0.046676194168268466
train,材料1,699,3400,0,0,-0.261902677,0.121057923,-0.03983966986058819,0.04678289017746517
train,材料1,700,3400,0,0,-0.262440996,0.119967315,-0.04005520567470598,0.04688844805127395
train,材料1,701,3400,0,0,-0.262968536,0.118877497,-0.04026984788352947,0.046992886017699215
train,材料1,702,3400,0,0,-0.26348885,0.117788533,-0.040483634237941137,0.04709622519272951
train,材料1,703,3400,0,0,-0.264000309,0.116700085,-0.04069651276411764,0.04719841907858075
train,材料1,704,3400,0,0,-0.264502724,0.115611608,-0.04090844942676482,0.04729946122666005
train,材料1,705,3400,0,0,-0.264989909,0.114522692,-0.04111947251147055,0.04739932963382828
train,材料1,706,3400,0,0,-0.265459631,0.113433219,-0.04132965100970588,0.04749802772458429
train,材料1,707,3400,0,0,-0.265921953,0.112343238,-0.0415389441758823,0.04759557843205077
train,材料1,708,3400,0,0,-0.26637776,0.111252806,-0.04174728953323529,0.04769200473262873
train,材料1,709,3400,0,0,-0.266822472,0.110161963,-0.04195469438294123,0.0477873344330332
train,材料1,710,3400,0,0,-0.26725736,0.109070833,-0.04216115004264692,0.04788148723629667
train,材料1,711,3400,0,0,-0.267680439,0.107979669,-0.04236666958558822,0.04797444489607111
train,材料1,712,3400,0,0,-0.268092795,0.106888725,-0.04257127388941177,0.048066275967345175
train,材料1,713,3400,0,0,-0.2684963,0.105798049,-0.042774965405882326,0.0481569948261346
train,材料1,714,3400,0,0,-0.268890766,0.104707431,-0.04297776242147065,0.04824657175986782
train,材料1,715,3400,0,0,-0.269272256,0.103616623,-0.043179682182352776,0.04833499195509937
train,材料1,716,3400,0,0,-0.26964125,0.102525595,-0.0433806587467647,0.048422190335794334
train,材料1,717,3400,0,0,-0.270000177,0.101434572,-0.043580628521764656,0.04850815043306213
train,材料1,718,3400,0,0,-0.270343526,0.100343897,-0.04377963724382362,0.04859295695495879
train,材料1,719,3400,0,0,-0.270674295,0.099253853,-0.043977705402352955,0.04867657518701995
train,材料1,720,3400,0,0,-0.270994089,0.098164555,-0.044174826200588324,0.04875899806114633
train,材料1,721,3400,0,0,-0.271303774,0.097075843,-0.04437098029382356,0.04884025387304995
train,材料1,722,3400,0,0,-0.271602917,0.095987292,-0.044566178316764585,0.04892032494754787
train,材料1,723,3400,0,0,-0.271892131,0.094898411,-0.04476045204705879,0.04899926176160555
train,材料1,724,3400,0,0,-0.272171502,0.093808929,-0.04495376475647065,0.04907704618850214
train,材料1,725,3400,0,0,-0.272440048,0.092718974,-0.045146117391176514,0.049153659085730154
train,材料1,726,3400,0,0,-0.272698397,0.091628991,-0.04533753117176457,0.04922911977284018
train,材料1,727,3400,0,0,-0.272946637,0.090539468,-0.0455279965905883,0.049303395134614736
train,材料1,728,3400,0,0,-0.273185097,0.089450652,-0.04571752442529405,0.04937651871213692
train,材料1,729,3400,0,0,-0.273410139,0.08836244,-0.04590611663294118,0.0494485141573386
train,材料1,730,3400,0,0,-0.27364014,0.087274451,-0.04609378025235303,0.04951935407265141
train,材料1,731,3400,0,0,-0.273955634,0.086186204,-0.04628046860676475,0.049589008589771236
train,材料1,732,3400,0,0,-0.274255372,0.085097351,-0.0464661716694117,0.04965751051549253
train,材料1,733,3400,0,0,-0.274537984,0.084007882,-0.046650901432352794,0.04972487033280198
train,材料1,734,3400,0,0,-0.274810695,0.08291819,-0.04683468007029406,0.049791076403941106
train,材料1,735,3400,0,0,-0.275072384,0.081828816,-0.04701749254911767,0.04985612569732703
train,材料1,736,3400,0,0,-0.275323643,0.08074003,-0.04719932718058827,0.0499200609014869
train,材料1,737,3400,0,0,-0.27556598,0.079651578,-0.047380167690882546,0.049982836258685916
train,材料1,738,3400,0,0,-0.275796627,0.078562936,-0.04756003070588239,0.05004443989200423
train,材料1,739,3400,0,0,-0.276017449,0.077473808,-0.04773895144411752,0.050104943832704425
train,材料1,740,3400,0,0,-0.276229026,0.076384335,-0.04791688600411757,0.050164307706648745
train,材料1,741,3400,0,0,-0.276429536,0.075294881,-0.04809381586147062,0.05022252080205451
train,材料1,742,3400,0,0,-0.276619835,0.074205747,-0.04826979002705897,0.050279642748145434
train,材料1,743,3400,0,0,-0.276796827,0.073117134,-0.04844481417941186,0.05033568040085246
train,材料1,744,3400,0,0,-0.276962153,0.072029172,-0.04861883569176477,0.05039059035038564
train,材料1,745,3400,0,0,-0.277117416,0.070941778,-0.04879188192029418,0.0504444225519691
train,材料1,746,3400,0,0,-0.277261321,0.069854446,-0.04896396935264688,0.050497189118067186
train,材料1,747,3400,0,0,-0.277395995,0.068766374,-0.04913509731235295,0.05054886775187798
train,材料1,748,3400,0,0,-0.277515962,0.067676988,-0.04930522963235298,0.05059947595621674
train,材料1,749,3400,0,0,-0.277623815,0.06658641,-0.049474379980294095,0.05064902183333118
train,材料1,750,3400,0,0,-0.277724242,0.065495322,-0.04964252210352934,0.05069745635811848
train,材料1,751,3400,0,0,-0.277815336,0.064404306,-0.049809654455000046,0.05074482883573231
train,材料1,752,3400,0,0,-0.277929923,0.063313384,-0.04997586309470582,0.05079122221083251
train,材料1,753,3400,0,0,-0.27805547,0.062222294,-0.050141153771764806,0.05083666928834025
train,材料1,754,3400,0,0,-0.278168691,0.0611311,-0.05030550225911756,0.0508811697657513
train,材料1,755,3400,0,0,-0.278271105,0.060040353,-0.05046887533970581,0.05092466406729387
train,材料1,756,3400,0,0,-0.278365935,0.058950554,-0.05063132150941181,0.05096722879030835
train,材料1,757,3400,0,0,-0.278454298,0.05786161,-0.0507928246032354,0.05100886205091011
train,材料1,758,3400,0,0,-0.278530094,0.05677291,-0.050953345652941254,0.05104956992960331
train,材料1,759,3400,0,0,-0.278594367,0.055683899,-0.051112927937647046,0.05108943779502187
train,材料1,760,3400,0,0,-0.278648795,0.054594517,-0.051271579780294,0.05112843242082033
train,材料1,761,3400,0,0,-0.278689995,0.053505139,-0.05142932423676469,0.051166563648246344
train,材料1,762,3400,0,0,-0.27872122,0.052416167,-0.05158619141058816,0.05120392830929556
train,材料1,763,3400,0,0,-0.278745339,0.051327699,-0.051742208089411726,0.05124053236187839
train,材料1,764,3400,0,0,-0.278761396,0.050239511,-0.051897386818529394,0.05127642011834106
train,材料1,765,3400,0,0,-0.278770457,0.049151279,-0.05205172905117655,0.05131166586720499
train,材料1,766,3400,0,0,-0.278771812,0.048062817,-0.05220522605000002,0.051346214919060655
train,材料1,767,3400,0,0,-0.278762666,0.046974182,-0.05235787241088232,0.05138004731433347
train,材料1,768,3400,0,0,-0.278741063,0.045885575,-0.05250965712852945,0.051413143431951185
train,材料1,769,3400,0,0,-0.278711309,0.044797124,-0.05266061657647056,0.0514455542545274
train,材料1,770,3400,0,0,-0.278673393,0.043708753,-0.05281081343117642,0.051477378870565534
train,材料1,771,3400,0,0,-0.278623204,0.042620313,-0.052960239160588236,0.05150861647293298
train,材料1,772,3400,0,0,-0.278563661,0.041531847,-0.05310880612823531,0.05153915116184824
train,材料1,773,3400,0,0,-0.278513563,0.040443586,-0.053256463504411995,0.051568922586639726
train,材料1,774,3400,0,0,-0.27850141,0.039355625,-0.0534032342550001,0.05159800492234331
train,材料1,775,3400,0,0,-0.278479384,0.038267666,-0.053549144897352956,0.051626404998429264
train,材料1,776,3400,0,0,-0.278448247,0.037179272,-0.05369417816147065,0.051654068691610676
train,材料1,777,3400,0,0,-0.27840806,0.03609037,-0.053838277483823575,0.051681014694634875
train,材料1,778,3400,0,0,-0.278357271,0.03500138,-0.053981377767058705,0.05170719556270222
train,材料1,779,3400,0,0,-0.27829484,0.033912784,-0.05412352429323531,0.05173265859720149
train,材料1,780,3400,0,0,-0.278221749,0.032824681,-0.054264744862058824,0.05175742330152507
train,材料1,781,3400,0,0,-0.278137951,0.031736773,-0.05440496015647058,0.05178136694247223
train,材料1,782,3400,0,0,-0.278044723,0.030648673,-0.054544199156470664,0.05180458756405228
train,材料1,783,3400,0,0,-0.277942257,0.02956012,-0.054682510423823445,0.05182712805882806
train,材料1,784,3400,0,0,-0.277830369,0.028471025,-0.054819889141470526,0.05184894807364265
train,材料1,785,3400,0,0,-0.277707115,0.027381526,-0.05495634911823521,0.05187013373743465
train,材料1,786,3400,0,0,-0.277572744,0.026292049,-0.055091860357353015,0.05189066407330296
train,材料1,787,3400,0,0,-0.277426929,0.025203144,-0.05522638548294124,0.05191050773230597
train,材料1,788,3400,0,0,-0.27727019,0.024115097,-0.05535994495941172,0.0519297341134203
train,材料1,789,3400,0,0,-0.277106914,0.023027682,-0.05549252528705882,0.05194830214358686
train,材料1,790,3400,0,0,-0.276934911,0.021940375,-0.05562412018529419,0.051966202314398
train,材料1,791,3400,0,0,-0.276751666,0.020852827,-0.05575474809499998,0.051983498786841977
train,材料1,792,3400,0,0,-0.276557492,0.01976514,-0.05588441015323551,0.0520002114725376
train,材料1,793,3400,0,0,-0.276352235,0.018677692,-0.05601310609088232,0.05201631969376812
train,材料1,794,3400,0,0,-0.276135413,0.017590715,-0.056140811904705934,0.05203181535136767
train,材料1,795,3400,0,0,-0.275908006,0.016504047,-0.056267538309411676,0.05204674004127678
train,材料1,796,3400,0,0,-0.275669427,0.015417244,-0.05639332795,0.05206113973379553
train,材料1,797,3400,0,0,-0.275419089,0.014329909,-0.056518163169999955,0.05207502843633736
train,材料1,798,3400,0,0,-0.275159875,0.01324192,-0.056642047747941154,0.05208843761373386
train,材料1,799,3400,0,0,-0.274889906,0.012153419,-0.05676499588176463,0.05210141140655119
train,材料1,800,3400,0,0,-0.274608872,0.011064652,-0.05688695681000016,0.052113924242268496
train,材料1,801,3400,0,0,-0.274317488,0.009975855,-0.057007959290294105,0.05212603991517762
train,材料1,802,3400,0,0,-0.274014543,0.00888718,-0.05712801627176478,0.052137712423477416
train,材料1,803,3400,0,0,-0.273703343,0.00779864,-0.05724709489558808,0.052148921526361365
train,材料1,804,3400,0,0,-0.273383721,0.006710128,-0.057365221954117626,0.05215979742535801
train,材料1,805,3400,0,0,-0.273054382,0.005621632,-0.0574824148897059,0.05217032831485356
train,材料1,806,3400,0,0,-0.272715599,0.004533452,-0.05759864891058829,0.05218047600964574
train,材料1,807,3400,0,0,-0.272364429,0.003446099,-0.057713928554411695,0.05219028782703648
train,材料1,808,3400,0,0,-0.272003333,0.002359806,-0.05782830049323537,0.05219980154098449
train,材料1,809,3400,0,0,-0.271635088,0.001274142,-0.05794174051235288,0.05220899223880527
train,材料1,810,3400,0,0,-0.271254002,0.000300895,-0.05805421518882358,0.05221790323481962
train,材料1,811,3400,0,0,-0.270861575,0.000191669,-0.05816572369264713,0.05222654533166695
train,材料1,812,3400,0,0,-0.270460432,9.12e-05,-0.058276275377646965,0.05223491979890154
train,材料1,813,3400,0,0,-0.27004748,-5.75e-06,-0.05838590971058823,0.05224312277207215
train,材料1,814,3400,0,0,-0.269624636,-8.81e-05,-0.058494646163235395,0.05225115982983282
train,材料1,815,3400,0,0,-0.26919093,-0.000164294,-0.058602459487941246,0.05225899589912543
train,材料1,816,3400,0,0,-0.268746248,-0.000240446,-0.05870935285470596,0.05226670513535546
train,材料1,817,3400,0,0,-0.268293322,-0.000316564,-0.05881531517499998,0.05227433129385681
train,材料1,818,3400,0,0,-0.267829696,-0.000392641,-0.05892033236205882,0.05228183981206561
train,材料1,819,3400,0,0,-0.267355224,-0.000468693,-0.05902442402058835,0.05228923618622686
train,材料1,820,3400,0,0,-0.266872415,-0.00054474,-0.05912757199911765,0.052296550294921265
train,材料1,821,3400,0,0,-0.266380472,-0.000620798,-0.05922977231323553,0.05230380951721088
train,材料1,822,3400,0,0,-0.265879118,-0.000696876,-0.05933103529441183,0.0523110006610924
train,材料1,823,3400,0,0,-0.265366513,-0.000772971,-0.05943136722970607,0.052318174898338475
train,材料1,824,3400,0,0,-0.264842349,-0.000849079,-0.05953080143794115,0.052325465405713825
train,材料1,825,3400,0,0,-0.264309556,-0.000925195,-0.05962935093764699,0.052332858533565334
train,材料1,826,3400,0,0,-0.26376629,-0.001001311,-0.059726956110882426,0.05234024930733852
train,材料1,827,3400,0,0,-0.26321505,-0.001077415,-0.05982363287647063,0.05234767930286353
train,材料1,828,3400,0,0,-0.262655291,-0.001153486,-0.059919424633235234,0.052355211044771484
train,材料1,829,3400,0,0,-0.262083799,-0.001229505,-0.06001428900176474,0.05236288423229985
train,材料1,830,3400,0,0,-0.261500904,-0.001305461,-0.06010823434294107,0.05237074688481762
train,材料1,831,3400,0,0,-0.260909047,-0.001381372,-0.06020131227911776,0.05237880623187753
train,材料1,832,3400,0,0,-0.260309225,-0.001457277,-0.06029352816147065,0.05238708993914929
train,材料1,833,3400,0,0,-0.259700199,-0.001533212,-0.06038484488823539,0.05239556056368938
train,材料1,834,3400,0,0,-0.259081245,-0.001609199,-0.06047526246823514,0.052404257253561834
train,材料1,835,3400,0,0,-0.258451576,-0.001685239,-0.060564792264117664,0.052413242985450796
train,材料1,836,3400,0,0,-0.257814198,-0.00176132,-0.060653444898235306,0.05242252730736844
train,材料1,837,3400,0,0,-0.257170301,-0.001837428,-0.06074122389617642,0.05243212424688075
train,材料1,838,3400,0,0,-0.25651838,-0.001913547,-0.06082808124558816,0.05244197990786559
train,材料1,839,3400,0,0,-0.255857024,-0.001989655,-0.06091402412882351,0.05245214548724777
train,材料1,840,3400,0,0,-0.255186655,-0.002065734,-0.06099908710911778,0.05246271828510958
train,材料1,841,3400,0,0,-0.254506784,-0.002141768,-0.06108326521941172,0.05247369995231522
train,材料1,842,3400,0,0,-0.253817218,-0.002217749,-0.06116657870029413,0.05248513113669861
train,材料1,843,3400,0,0,-0.253120187,-0.002293683,-0.061249017283235535,0.0524970144563444
train,材料1,844,3400,0,0,-0.252413744,-0.002369588,-0.06133059933000005,0.052509378938461644
train,材料1,845,3400,0,0,-0.251698226,-0.002445497,-0.061411329465,0.052522252649867034
train,材料1,846,3400,0,0,-0.250972928,-0.002521433,-0.061491197935882536,0.05253567609569598
train,材料1,847,3400,0,0,-0.250236379,-0.002597403,-0.061570212198823554,0.05254969251883654
train,材料1,848,3400,0,0,-0.249489435,-0.002673389,-0.06164836871911773,0.052564330871170815
train,材料1,849,3400,0,0,-0.248733103,-0.002749366,-0.061725664371764584,0.05257959889614773
train,材料1,850,3400,0,0,-0.247968891,-0.002825314,-0.06180209280323502,0.05259547057274388
train,材料1,851,3400,0,0,-0.247197135,-0.002901228,-0.06187767193029415,0.05261196681328144
train,材料1,852,3400,0,0,-0.246417476,-0.002976985,-0.061952419655882246,0.05262916486964373
train,材料1,853,3400,0,0,-0.245626383,-0.003052738,-0.062026365626764744,0.05264715153992758
train,材料1,854,3400,0,0,-0.244825023,-0.00312854,-0.06209948191617652,0.052665874250477224
train,材料1,855,3400,0,0,-0.244016524,-0.003204324,-0.06217172809735287,0.05268530524077994
train,材料1,856,3400,0,0,-0.243199664,-0.003280038,-0.062243129266176526,0.05270551685942668
train,材料1,857,3400,0,0,-0.242369892,-0.003355701,-0.0623136828149999,0.052726494117951404
train,材料1,858,3400,0,0,-0.24152851,-0.003431385,-0.06238337795705898,0.05274826326228931
train,材料1,859,3400,0,0,-0.240678311,-0.003507157,-0.06245227170794123,0.052770939127796464
train,材料1,860,3400,0,0,-0.239820849,-0.003583019,-0.06252034998617649,0.05279449543751832
train,材料1,861,3400,0,0,-0.238956049,-0.003658911,-0.06258756747382348,0.052818942784672036
train,材料1,862,3400,0,0,-0.238081494,-0.003734753,-0.06265395193647066,0.052844334339184146
train,材料1,863,3400,0,0,-0.237856133,-0.003810503,-0.06271954610911759,0.05287071981672917
train,材料1,864,3400,0,0,-0.238604,-0.003886176,-0.06278433934117639,0.05289804912618203
train,材料1,865,3400,0,0,-0.239343965,-0.003957933,-0.06284832643764697,0.05292634508503169
train,材料1,866,3400,0,0,-0.240084049,-0.004026031,-0.06291154655705891,0.05295574749397507
train,材料1,867,3400,0,0,-0.240826274,-0.004094127,-0.06297397546147057,0.05298621595321818
train,材料1,868,3400,0,0,-0.241572948,-0.004162224,-0.06303559337000011,0.05301778161676266
train,材料1,869,3400,0,0,-0.242320462,-0.004230323,-0.0630964082714705,0.05305045465448307
train,材料1,870,3400,0,0,-0.2430662,-0.004298427,-0.0631564648570589,0.05308428806203686
train,材料1,871,3400,0,0,-0.243812209,-0.004366536,-0.0632157284267648,0.05311928309371215
train,材料1,872,3400,0,0,-0.244555178,-0.004434652,-0.0632741741091176,0.05315539855447125
train,材料1,873,3400,0,0,-0.245299526,-0.004502769,-0.0633318649664705,0.053192742888281415
train,材料1,874,3400,0,0,-0.246044485,-0.004570874,-0.06338879420441179,0.05323132868007416
train,材料1,875,3400,0,0,-0.246786241,-0.004638952,-0.06344492692941167,0.05327111949338783
train,材料1,876,3400,0,0,-0.247535322,-0.004706993,-0.06350029711911771,0.053312184902157
train,材料1,877,3400,0,0,-0.248290996,-0.004775002,-0.06355493445294111,0.05335457341969758
train,材料1,878,3400,0,0,-0.24903802,-0.004842994,-0.0636087919320589,0.05339825442337846
train,材料1,879,3400,0,0,-0.24978487,-0.004910987,-0.06366189344264694,0.05344331716265966
train,材料1,880,3400,0,0,-0.250540567,-0.004978992,-0.06371423965441185,0.05348978062507781
train,材料1,881,3400,0,0,-0.25129229,-0.005047009,-0.06376580484323531,0.05353762160685698
train,材料1,882,3400,0,0,-0.252038942,-0.005115038,-0.06381659432205891,0.0535867814028866
train,材料1,883,3400,0,0,-0.25278347,-0.005183078,-0.06386658080470599,0.053637235181897926
train,材料1,884,3400,0,0,-0.253530795,-0.005251129,-0.06391577961088238,0.05368911030742418
train,材料1,885,3400,0,0,-0.254281186,-0.005319194,-0.0639641689726472,0.053742338405455115
train,材料1,886,3400,0,0,-0.255027576,-0.00538727,-0.0640117968767647,0.053797013144446675
train,材料1,887,3400,0,0,-0.255782214,-0.005455354,-0.06405871895176465,0.05385328644801184
train,材料1,888,3400,0,0,-0.256538884,-0.00552344,-0.06410491848529419,0.05391111682373484
train,材料1,889,3400,0,0,-0.257289469,-0.005591523,-0.06415041888588241,0.05397052046730804
train,材料1,890,3400,0,0,-0.258042633,-0.005659598,-0.06419524586029414,0.054031578478460573
train,材料1,891,3400,0,0,-0.258793711,-0.005727666,-0.06423936704000001,0.054094234593945974
train,材料1,892,3400,0,0,-0.259545958,-0.005795724,-0.06428273007882354,0.05415843082940267
train,材料1,893,3400,0,0,-0.260300635,-0.005863776,-0.06432533468529411,0.05422416667232713
train,材料1,894,3400,0,0,-0.261049402,-0.005931827,-0.0643671921958824,0.05429142536401128
train,材料1,895,3400,0,0,-0.261803277,-0.005999881,-0.06440832346764697,0.05436029993558787
train,材料1,896,3400,0,0,-0.262546695,-0.006067937,-0.06444865178558826,0.054430643750721146
train,材料1,897,3400,0,0,-0.263283892,-0.006135989,-0.0644882116588235,0.05450257174390415
train,材料1,898,3400,0,0,-0.26403511,-0.006204027,-0.06452704159794102,0.05457621820838842
train,材料1,899,3400,0,0,-0.264783835,-0.006272044,-0.06456511953705889,0.054651545501954266
train,材料1,900,3400,0,0,-0.265526572,-0.006340046,-0.06460243438470589,0.05472859465091731
train,材料1,901,3400,0,0,-0.266266977,-0.006408044,-0.06463887235323533,0.05480721582930888
train,材料1,902,3400,0,0,-0.266998372,-0.006476046,-0.06467437490147075,0.05488739539088905
train,材料1,903,3400,0,0,-0.267726913,-0.00654405,-0.06470885749382359,0.0549691158752082
train,材料1,904,3400,0,0,-0.268469514,-0.00661205,-0.06474218516470588,0.0550522533347167
train,材料1,905,3400,0,0,-0.269206367,-0.006680037,-0.06477423623941185,0.05513670552890389
train,材料1,906,3400,0,0,-0.269881491,-0.006748013,-0.06480482893823528,0.055222179118303544
train,材料1,907,3400,0,0,-0.270426238,-0.006815989,-0.06483370295,0.055308176111455186
train,材料1,908,3400,0,0,-0.27077956,-0.006883979,-0.06486053279294109,0.05539410327077078
train,材料1,909,3400,0,0,-0.270858175,-0.006951988,-0.06488477488470577,0.05547889858045338
train,材料1,910,3400,0,0,-0.270718688,-0.007020011,-0.06490565896058818,0.05556112121716246
train,材料1,911,3400,0,0,-0.271207479,-0.007088037,-0.06492224619500006,0.05563913569615538
train,材料1,912,3400,0,0,-0.271614469,-0.007156059,-0.06493355613735305,0.05571123512952643
train,材料1,913,3400,0,0,-0.271946457,-0.007224072,-0.06493841946205905,0.05577538510572444
train,材料1,914,3400,0,0,-0.272193638,-0.007220911,-0.06493505754294125,0.055828733740559494
train,材料1,915,3400,0,0,-0.272356896,-0.007158793,-0.06492113578794119,0.055867664894244023
train,材料1,916,3400,0,0,-0.272441677,-0.007096434,-0.06489398665588227,0.0558880060594674
train,材料1,917,3400,0,0,-0.272599867,-0.007033831,-0.06485026183117651,0.055884678626709414
train,材料1,918,3400,0,0,-0.272623966,-0.006970972,-0.0647858611958824,0.05585146523709175
train,材料1,919,3400,0,0,-0.272293944,-0.006907844,-0.06469615824411762,0.05578210921603327
train,材料1,920,3400,0,0,-0.271611525,-0.006844435,-0.06457764685911772,0.05567390633020043
train,材料1,921,3400,0,0,-0.270643773,-0.006780734,-0.06443380815352925,0.055535268299793196
train,材料1,922,3400,0,0,-0.269503264,-0.006716724,-0.06427623420441171,0.05538459096448408
train,材料1,923,3400,0,0,-0.268321384,-0.006652418,-0.06411542854294114,0.05523516539183113
train,材料1,924,3400,0,0,-0.267149338,-0.006587845,-0.06395504716323537,0.05508918864337291
train,材料1,925,3400,0,0,-0.265983476,-0.006523015,-0.06379478109617649,0.05494591760156751
train,材料1,926,3400,0,0,-0.264821526,-0.006457947,-0.06363396239352938,0.05480539165489496
train,材料1,927,3400,0,0,-0.263664884,-0.006392695,-0.0634728482629411,0.05466764994979256
train,材料1,928,3400,0,0,-0.262509454,-0.006327301,-0.06331163340764696,0.05453272609494294
train,材料1,929,3400,0,0,-0.26135759,-0.006261741,-0.0631501069255882,0.05440040869343364
train,材料1,930,3400,0,0,-0.260208572,-0.006195959,-0.06298826388058813,0.05427063488456751
train,材料1,931,3400,0,0,-0.259063124,-0.006129918,-0.06282588938029406,0.05414342591387579
train,材料1,932,3400,0,0,-0.257918739,-0.006063609,-0.06266284892176474,0.054018955353646245
train,材料1,933,3400,0,0,-0.25677348,-0.005997048,-0.0624992516167646,0.05389730014363471
train,材料1,934,3400,0,0,-0.255623735,-0.005930255,-0.06233521171205887,0.05377836886324039
train,材料1,935,3400,0,0,-0.2544636,-0.005863241,-0.06217085569117635,0.05366214222564128
train,材料1,936,3400,0,0,-0.253303026,-0.005796013,-0.062006196224705906,0.05354857569576593
train,材料1,937,3400,0,0,-0.252147455,-0.005728573,-0.06184116454999996,0.05343779448439532
train,材料1,938,3400,0,0,-0.250991962,-0.005660904,-0.061675555839411776,0.05332992400156001
train,材料1,939,3400,0,0,-0.249831787,-0.005592971,-0.06150927265764706,0.053225013131126285
train,材料1,940,3400,0,0,-0.248676325,-0.005524772,-0.06134251352735294,0.05312306619640348
train,材料1,941,3400,0,0,-0.247520499,-0.005456353,-0.061175435324117636,0.053024051491852284
train,材料1,942,3400,0,0,-0.246363714,-0.005387747,-0.06100798523088234,0.052927963032478986
train,材料1,943,3400,0,0,-0.245212727,-0.005318954,-0.06084007631058824,0.05283478036031007
train,材料1,944,3400,0,0,-0.244061079,-0.005249976,-0.060671711872353,0.05274457340076049
train,材料1,945,3400,0,0,-0.242909461,-0.005180818,-0.060502907355588144,0.052657414567307964
train,材料1,946,3400,0,0,-0.241756161,-0.005111468,-0.06033361236264729,0.05257323244196304
train,材料1,947,3400,0,0,-0.240600641,-0.005041917,-0.06016387007941171,0.05249215801248487
train,材料1,948,3400,0,0,-0.239447773,-0.004972168,-0.05999370267676471,0.052414217243583444
train,材料1,949,3400,0,0,-0.238298333,-0.004902212,-0.05982310682205882,0.05233939949301127
train,材料1,950,3400,0,0,-0.237146661,-0.004832018,-0.059652127980294165,0.0522678337669791
train,材料1,951,3400,0,0,-0.23598921,-0.004761586,-0.05948073519264703,0.052199452499940874
train,材料1,952,3400,0,0,-0.234833988,-0.004690971,-0.05930891428882344,0.05213420577087606
train,材料1,953,3400,0,0,-0.234417477,-0.004620232,-0.059136689229411774,0.0520721923489433
train,材料1,954,3400,0,0,-0.234999115,-0.004549368,-0.05896404372764705,0.052013475339854634
train,材料1,955,3400,0,0,-0.235573326,-0.004478335,-0.058790973333823666,0.0519580737167945
train,材料1,956,3400,0,0,-0.236147068,-0.004407104,-0.058617507277647064,0.05190600992400446
train,材料1,957,3400,0,0,-0.236735849,-0.004335677,-0.05844364893941185,0.051857241512017246
train,材料1,958,3400,0,0,-0.237322538,-0.004264074,-0.0582694430526471,0.05181189370884954
train,材料1,959,3400,0,0,-0.237907043,-0.004192327,-0.05809488046852944,0.05176997559216473
train,材料1,960,3400,0,0,-0.238485004,-0.00412045,-0.057919907807352865,0.0517314396674194
train,材料1,961,3400,0,0,-0.239057692,-0.004048427,-0.0577445451300001,0.051696368483606
train,材料1,962,3400,0,0,-0.239717658,-0.003976264,-0.05756881201735293,0.05166474875896471
train,材料1,963,3400,0,0,-0.240386636,-0.003903973,-0.05739273942205888,0.05163659207429146
train,材料1,964,3400,0,0,-0.241054506,-0.003831506,-0.05721636538088235,0.05161197484329916
train,材料1,965,3400,0,0,-0.241722454,-0.003758809,-0.05703966883441181,0.051590878108144396
train,材料1,966,3400,0,0,-0.24239011,-0.003685916,-0.0568626281764706,0.05157331032211905
train,材料1,967,3400,0,0,-0.243061849,-0.003612892,-0.056685219428823604,0.05155921362340005
train,材料1,968,3400,0,0,-0.243736007,-0.003539747,-0.05650743973647073,0.05154858166206033
train,材料1,969,3400,0,0,-0.244407059,-0.00346646,-0.056329315445293994,0.05154151738410768
train,材料1,970,3400,0,0,-0.245078539,-0.003393047,-0.05615088687147049,0.05153804966830761
train,材料1,971,3400,0,0,-0.245750234,-0.003319543,-0.05597216911323529,0.051538185586823396
train,材料1,972,3400,0,0,-0.24642096,-0.003245953,-0.055793134216470544,0.051541887150050696
train,材料1,973,3400,0,0,-0.247090163,-0.003172242,-0.05561381072088224,0.051549259674822705
train,材料1,974,3400,0,0,-0.24775829,-0.0030984,-0.05543417472970587,0.05156026683370984
train,材料1,975,3400,0,0,-0.248426282,-0.003024444,-0.055254214365588215,0.05157483354302803
train,材料1,976,3400,0,0,-0.249095855,-0.002950373,-0.05507395217382344,0.05159296305971442
train,材料1,977,3400,0,0,-0.249765004,-0.002876172,-0.054893377433529414,0.05161461350663467
train,材料1,978,3400,0,0,-0.250433774,-0.002801858,-0.0547125264435294,0.05163983221641456
train,材料1,979,3400,0,0,-0.25110634,-0.002727454,-0.05453144206058813,0.05166874205928645
train,材料1,980,3400,0,0,-0.251780116,-0.002652939,-0.054350136449411834,0.051701386771199336
train,材料1,981,3400,0,0,-0.252452632,-0.002578277,-0.05416858302352946,0.05173769736579461
train,材料1,982,3400,0,0,-0.253124803,-0.002503498,-0.053986742574117716,0.05177759429985007
train,材料1,983,3400,0,0,-0.253798134,-0.002428677,-0.05380462871411765,0.051821083307794356
train,材料1,984,3400,0,0,-0.254466566,-0.002353848,-0.053622285171764664,0.051868250788208704
train,材料1,985,3400,0,0,-0.255131445,-0.002278976,-0.053439678708529524,0.05191904279324265
train,材料1,986,3400,0,0,-0.255797579,-0.002204021,-0.053256774653235237,0.051973418486516855
train,材料1,987,3400,0,0,-0.256462848,-0.002128967,-0.05307354132823532,0.05203135357729446
train,材料1,988,3400,0,0,-0.257126788,-0.002053812,-0.0528899431158822,0.052092833446846364
train,材料1,989,3400,0,0,-0.257791835,-0.001978558,-0.05270598436411768,0.05215786459094683
train,材料1,990,3400,0,0,-0.258461017,-0.001903187,-0.052521693772647135,0.05222646671965061
train,材料1,991,3400,0,0,-0.259132126,-0.001827674,-0.05233706156676484,0.052298614088606137
train,材料1,992,3400,0,0,-0.259806492,-0.00175204,-0.05215197987176471,0.05237409953115633
train,材料1,993,3400,0,0,-0.260480582,-0.001676342,-0.051966386754705926,0.05245287755998938
train,材料1,994,3400,0,0,-0.261149665,-0.001600618,-0.0517802770117647,0.052534987647387774
train,材料1,995,3400,0,0,-0.261816447,-0.001524875,-0.05159361890588242,0.05262033046405518
train,材料1,996,3400,0,0,-0.26248423,-0.001449133,-0.05140635655470586,0.0527088412519437
train,材料1,997,3400,0,0,-0.263153566,-0.001373389,-0.0512183997241177,0.05280040036392139
train,材料1,998,3400,0,0,-0.263824353,-0.001297589,-0.05102965288323534,0.05289489913837717
train,材料1,999,3400,0,0,-0.264493424,-0.001221689,-0.05084007840999996,0.05299239059296221
train,材料1,1000,3400,0,0,-0.265156176,-0.001145699,-0.05064965935647055,0.05309284603820246
train,材料1,1001,3400,0,0,-0.265820727,-0.001069654,-0.050458392188235224,0.053196218662260146
train,材料1,1002,3400,0,0,-0.26648938,-0.00099357,-0.05026626383147068,0.053302440772639084
train,材料1,1003,3400,0,0,-0.267156291,-0.000917446,-0.05007325077500001,0.05341155684975746
train,材料1,1004,3400,0,0,-0.267820882,-0.000841284,-0.04987930158970576,0.05352351981720238
train,材料1,1005,3400,0,0,-0.268486105,-0.000765116,-0.049684303671764844,0.05363812975506238
train,材料1,1006,3400,0,0,-0.269151534,-0.00066068,-0.04948815358264705,0.05375538110829212
train,材料1,1007,3400,0,0,-0.269816075,-0.00047102,-0.04929069384470602,0.0538751453392277
train,材料1,1008,3400,0,0,-0.270482258,0.000268286,-0.04909169471441186,0.053997237843961585
train,材料1,1009,3400,0,0,-0.271144201,0.001246687,-0.04889086060117649,0.054121486890693536
train,材料1,1010,3400,0,0,-0.271788684,0.002227055,-0.04868759592205888,0.05424755507313107
train,材料1,1011,3400,0,0,-0.27239529,0.003207928,-0.04848069392941178,0.054374541071089175
train,材料1,1012,3400,0,0,-0.272940973,0.004187327,-0.04826826793529417,0.05450078527957353
train,材料1,1013,3400,0,0,-0.273403002,0.005463656,-0.04804771440382349,0.05462421285743511
train,材料1,1014,3400,0,0,-0.273754776,0.007189214,-0.047815701441470564,0.054742241245399705
train,材料1,1015,3400,0,0,-0.273906282,0.008913953,-0.0475681689185295,0.05485147728509598
train,材料1,1016,3400,0,0,-0.273688251,0.010639209,-0.04729931928882356,0.05494627882987065
train,材料1,1017,3400,0,0,-0.273006666,0.012362566,-0.04699959546882362,0.05501612476919553
train,材料1,1018,3400,0,0,-0.272493089,0.014084564,-0.04665440726029404,0.055044454258662744
train,材料1,1019,3400,0,0,-0.272450868,0.015808146,-0.04624222875441173,0.055006651603581896
train,材料1,1020,3400,0,0,-0.272690636,0.017529403,-0.04573460915911769,0.054865544073204355
train,材料1,1021,3400,0,0,-0.272710376,0.019252043,-0.045106801059117525,0.054583558751352027
train,材料1,1022,3400,0,0,-0.272229463,0.020974618,-0.04435394297588248,0.05414661143834976
train,材料1,1023,3400,0,0,-0.270612268,0.022695453,-0.04349950291235289,0.05357393532020274
train,材料2,0,3000,0,0,-0.305786247,0.238833758,-0.0495985894026666,0.07219976203422565
train,材料2,1,3000,0,0,-0.304212292,0.238646449,-0.049047149999333364,0.07174404959556827
train,材料2,2,3000,0,0,-0.302651781,0.238450787,-0.0484989812473332,0.07129440191807514
train,材料2,3,3000,0,0,-0.301100625,0.238245098,-0.04795367625966666,0.07085024019210899
train,材料2,4,3000,0,0,-0.299551939,0.238027861,-0.04741027482333327,0.07041051944957419
train,材料2,5,3000,0,0,-0.298004064,0.237801142,-0.04686830876233324,0.069974554250134
train,材料2,6,3000,0,0,-0.296458577,0.237568599,-0.04632729518766664,0.06954203368945078
train,材料2,7,3000,0,0,-0.294914152,0.237326813,-0.04578684949666671,0.0691126772369172
train,材料2,8,3000,0,0,-0.293369039,0.237076015,-0.045246856567666756,0.06868637676635857
train,材料2,9,3000,0,0,-0.291826069,0.236816791,-0.044707209766,0.06826324792285898
train,材料2,10,3000,0,0,-0.29028537,0.236548114,-0.044167893589333346,0.067843300510476
train,材料2,11,3000,0,0,-0.288746122,0.236268884,-0.04362887296933344,0.0674266672152352
train,材料2,12,3000,0,0,-0.287206302,0.235978728,-0.043090046168000024,0.06701329926913882
train,材料2,13,3000,0,0,-0.285667322,0.23567723,-0.04255140463233327,0.06660319567393934
train,材料2,14,3000,0,0,-0.284132041,0.235366969,-0.04201295851400004,0.06619659203147998
train,材料2,15,3000,0,0,-0.282596598,0.235051867,-0.04147473505299994,0.06579342413260945
train,材料2,16,3000,0,0,-0.281059381,0.234728625,-0.0409365241443334,0.06539366078188369
train,材料2,17,3000,0,0,-0.279523333,0.234395481,-0.04039835279266677,0.06499734893829089
train,材料2,18,3000,0,0,-0.27798836,0.234051665,-0.03986037296233332,0.064604590212056
train,材料2,19,3000,0,0,-0.276452205,0.233699371,-0.03932242211433332,0.06421547548620948
train,材料2,20,3000,0,0,-0.274914547,0.233337156,-0.03878456799733338,0.06383002452337427
train,材料2,21,3000,0,0,-0.27337745,0.232963765,-0.03824694489766662,0.06344830666998406
train,材料2,22,3000,0,0,-0.271842462,0.232582201,-0.03770951066766669,0.06307058169438802
train,材料2,23,3000,0,0,-0.270309069,0.232192332,-0.03717223939500003,0.06269670821491034
train,材料2,24,3000,0,0,-0.268774604,0.231795571,-0.03663503277800003,0.062326674652652625
train,材料2,25,3000,0,0,-0.267240659,0.231391547,-0.03609787108633329,0.061960481391507685
train,材料2,26,3000,0,0,-0.265708424,0.230978972,-0.035560833577333244,0.06159826073503629
train,材料2,27,3000,0,0,-0.264174296,0.23055966,-0.03502394128766672,0.06124017354847633
train,材料2,28,3000,0,0,-0.262639102,0.230136045,-0.034487276790333324,0.06088636486395906
train,材料2,29,3000,0,0,-0.261104145,0.230331272,-0.03395080864099999,0.060536841320257065
train,材料2,30,3000,0,0,-0.259572283,0.230901095,-0.033414470978999966,0.060191634215304525
train,材料2,31,3000,0,0,-0.258042427,0.231461875,-0.032878154177999976,0.059850802070266274
train,材料2,32,3000,0,0,-0.256511185,0.232013509,-0.032341984939000035,0.05951432389221564
train,材料2,33,3000,0,0,-0.254979678,0.232555685,-0.03180598378033334,0.05918239332929401
train,材料2,34,3000,0,0,-0.253445452,0.233088581,-0.03127010393566664,0.05885508410829333
train,材料2,35,3000,0,0,-0.251909796,0.233612393,-0.030734488373666678,0.05853239589064034
train,材料2,36,3000,0,0,-0.250375295,0.234124369,-0.030199069515000038,0.0582144783209647
train,材料2,37,3000,0,0,-0.248843177,0.234627326,-0.029663815654333386,0.05790142646083821
train,材料2,38,3000,0,0,-0.247311427,0.235120212,-0.029128612008666673,0.05759329752890639
train,材料2,39,3000,0,0,-0.245779109,0.235600974,-0.028593502056666678,0.057289984750529904
train,材料2,40,3000,0,0,-0.24564,0.236074046,-0.02805844828266666,0.05699159257801335
train,材料2,41,3000,0,0,-0.24577,0.236538965,-0.02752354177933324,0.05669838387826184
train,材料2,42,3000,0,0,-0.24589,0.23699614,-0.026988808437666673,0.05641033207493607
train,材料2,43,3000,0,0,-0.246,0.237443012,-0.026454200632333346,0.056127558125661975
train,材料2,44,3000,0,0,-0.2461,0.237876922,-0.025919869096666673,0.055849990331276834
train,材料2,45,3000,0,0,-0.24619,0.238299568,-0.025385723950666635,0.05557791393946781
train,材料2,46,3000,0,0,-0.24628,0.238714486,-0.024851779097666712,0.055311324137168875
train,材料2,47,3000,0,0,-0.24635,0.239120818,-0.024317970397666623,0.055050303392963885
train,材料2,48,3000,0,0,-0.24641,0.239515913,-0.023784267829999966,0.054794951640679095
train,材料2,49,3000,0,0,-0.24647,0.239899277,-0.023250661916000004,0.05454524786614787
train,材料2,50,3000,0,0,-0.24651,0.240270919,-0.02271719779433326,0.05430125568338733
train,材料2,51,3000,0,0,-0.24654,0.240632413,-0.022183902187000015,0.054063148445709475
train,材料2,52,3000,0,0,-0.24657,0.240984537,-0.02165078752733333,0.05383097216994294
train,材料2,53,3000,0,0,-0.24659,0.241328043,-0.021117853802666658,0.05360479562427209
train,材料2,54,3000,0,0,-0.24661,0.241662074,-0.02058504205666669,0.053384739783211684
train,材料2,55,3000,0,0,-0.24662,0.241986287,-0.020052428427333343,0.05317080134653954
train,材料2,56,3000,0,0,-0.24662,0.242301151,-0.019520024415000007,0.05296302478532349
train,材料2,57,3000,0,0,-0.24661,0.242607499,-0.018987822216000025,0.05276163112033891
train,材料2,58,3000,0,0,-0.24659,0.242904245,-0.018455856250333396,0.05256655307989466
train,材料2,59,3000,0,0,-0.24656,0.24319071,-0.017924005669000008,0.05237797685736705
train,材料2,60,3000,0,0,-0.24652,0.243467017,-0.017392385784333338,0.052195787848499445
train,材料2,61,3000,0,0,-0.24647,0.243733817,-0.01686088218799999,0.05202010984804567
train,材料2,62,3000,0,0,-0.24641,0.243990633,-0.016329593081333308,0.05185109089667452
train,材料2,63,3000,0,0,-0.24635,0.244236369,-0.015798507628333337,0.051688725233710764
train,材料2,64,3000,0,0,-0.24627,0.244472992,-0.015267618842333318,0.05153306471778014
train,材料2,65,3000,0,0,-0.24619,0.244699407,-0.014736892136666653,0.05138418875804941
train,材料2,66,3000,0,0,-0.2461,0.244915285,-0.014206361143999972,0.051242118170592314
train,材料2,67,3000,0,0,-0.24599,0.245121536,-0.013676043252,0.05110691609969792
train,材料2,68,3000,0,0,-0.24588,0.245319029,-0.013145926191333354,0.05097867657374203
train,材料2,69,3000,0,0,-0.24576,0.245507042,-0.012616125834000007,0.050857303801237874
train,材料2,70,3000,0,0,-0.24563,0.245683231,-0.012086498014333334,0.050743074237233884
train,材料2,71,3000,0,0,-0.24549,0.24585009,-0.011557210531666655,0.05063581869281311
train,材料2,72,3000,0,0,-0.24534,0.246008843,-0.011028145866666662,0.050535638038954125
train,材料2,73,3000,0,0,-0.24519,0.246157067,-0.010499419380000008,0.05044262794991179
train,材料2,74,3000,0,0,-0.24502,0.246293188,-0.009970921139999998,0.05035670398257177
train,材料2,75,3000,0,0,-0.24484,0.246417565,-0.009442741253666684,0.05027790976679802
train,材料2,76,3000,0,0,-0.24465,0.246533348,-0.00891485783933333,0.05020625262806237
train,材料2,77,3000,0,0,-0.24446,0.246640734,-0.008387291305,0.05014175827448207
train,材料2,78,3000,0,0,-0.24425,0.246738618,-0.007860093603333333,0.05008438023821747
train,材料2,79,3000,0,0,-0.24404,0.246827092,-0.007333266822999998,0.05003411753898608
train,材料2,80,3000,0,0,-0.24381,0.246904805,-0.00680690546566667,0.04999103839396376
train,材料2,81,3000,0,0,-0.24358,0.246972725,-0.006280980600333332,0.04995510555480551
train,材料2,82,3000,0,0,-0.24333,0.247031979,-0.005755532507666671,0.049926269519076326
train,材料2,83,3000,0,0,-0.24308,0.247082288,-0.0052306301840000105,0.04990448083740123
train,材料2,84,3000,0,0,-0.24282,0.247122056,-0.004706324319000007,0.04988953669158341
train,材料2,85,3000,0,0,-0.24255,0.247153388,-0.004182734936666662,0.04988153296548978
train,材料2,86,3000,0,0,-0.24227,0.247178529,-0.003659970005333326,0.049880235167461505
train,材料2,87,3000,0,0,-0.24199,0.247195973,-0.003138135690000001,0.04988547962513964
train,材料2,88,3000,0,0,-0.24169,0.247204753,-0.002617314166999989,0.049897268863462386
train,材料2,89,3000,0,0,-0.24138,0.247204553,-0.002097627786666677,0.04991535133557761
train,材料2,90,3000,0,0,-0.24106,0.247197339,-0.0015792353030000053,0.04993939601631606
train,材料2,91,3000,0,0,-0.24074,0.247183105,-0.0010624087936666623,0.04996910794622257
train,材料2,92,3000,0,0,-0.2404,0.247160833,-0.0005476660836666611,0.050003307012321176
train,材料2,93,3000,0,0,-0.24005,0.247128566,-3.569237633331807e-05,0.050040829004756024
train,材料2,94,3000,0,0,-0.2397,0.247085424,0.0004726693640000215,0.05007999296579849
train,材料2,95,3000,0,0,-0.23934,0.247031999,0.0009762064986666641,0.050118634989156814
train,材料2,96,3000,0,0,-0.23897,0.246967867,0.0014732065013333285,0.05015404339102473
train,材料2,97,3000,0,0,-0.23859,0.246895649,0.0019614732423333344,0.05018216409125836
train,材料2,98,3000,0,0,-0.2382,0.246814334,0.0024383132913333334,0.05019748237638339
train,材料2,99,3000,0,0,-0.2378,0.24748403,0.0029012952666666834,0.05019507377213359
train,材料2,100,3000,0,0,-0.2374,0.247950445,0.003348834357333326,0.05017063883327897
train,材料2,101,3000,0,0,-0.23698,0.247673795,0.0037792432736667016,0.05012014397882573
train,材料2,102,3000,0,0,-0.23656,0.247050471,0.004193238510999967,0.05004505384162796
train,材料2,103,3000,0,0,-0.23612,0.246402535,0.004596394989999982,0.04995709455748182
train,材料2,104,3000,0,0,-0.23568,0.246119106,0.0049953336143333015,0.04986868271367156
train,材料2,105,3000,0,0,-0.23523,0.245973709,0.0053932266256666445,0.04978480780846969
train,材料2,106,3000,0,0,-0.23477,0.245819444,0.005791460710666683,0.04970666172645076
train,材料2,107,3000,0,0,-0.2343,0.245654926,0.006190095533666676,0.049634259507802196
train,材料2,108,3000,0,0,-0.23381,0.245480975,0.006588843308666695,0.04956723931493003
train,材料2,109,3000,0,0,-0.23333,0.245295819,0.006987538341999974,0.049505525031831615
train,材料2,110,3000,0,0,-0.23283,0.24510057,0.007386136736666673,0.049448965625208355
train,材料2,111,3000,0,0,-0.23232,0.244896736,0.007784662531333322,0.049397440007563326
train,材料2,112,3000,0,0,-0.23181,0.24468552,0.00818292015066666,0.04935081056503664
train,材料2,113,3000,0,0,-0.23129,0.244464144,0.00858084836000001,0.04930913375846414
train,材料2,114,3000,0,0,-0.23076,0.244231347,0.008978496425333337,0.04927251246159827
train,材料2,115,3000,0,0,-0.23022,0.243991391,0.00937602884633336,0.04924105987900821
train,材料2,116,3000,0,0,-0.22967,0.243743879,0.009773401977666648,0.04921467215268223
train,材料2,117,3000,0,0,-0.22912,0.243487895,0.010170433147333314,0.0491932728364771
train,材料2,118,3000,0,0,-0.22856,0.243222344,0.010567117715333323,0.04917674012844951
train,材料2,119,3000,0,0,-0.22799,0.242948667,0.01096356068800001,0.04916525434562701
train,材料2,120,3000,0,0,-0.22742,0.242666849,0.011359820689000035,0.04915874446861773
train,材料2,121,3000,0,0,-0.22683,0.242374366,0.01175575866400001,0.0491572745425021
train,材料2,122,3000,0,0,-0.226795194,0.242073206,0.012151380405333347,0.04916074861915917
train,材料2,123,3000,0,0,-0.22738899,0.241762795,0.012546756559333325,0.04916920137144065
train,材料2,124,3000,0,0,-0.227970897,0.241443047,0.012941906895333323,0.04918262932338378
train,材料2,125,3000,0,0,-0.228541763,0.241115943,0.013336766309000022,0.049201069524604325
train,材料2,126,3000,0,0,-0.229105622,0.240779568,0.01373139089433335,0.04922454386068488
train,材料2,127,3000,0,0,-0.229661146,0.240433884,0.014125705768333364,0.0492528744769574
train,材料2,128,3000,0,0,-0.230205828,0.240080269,0.014519600040333366,0.049286092346226135
train,材料2,129,3000,0,0,-0.230742629,0.239716053,0.014913167440999986,0.04932415559111126
train,材料2,130,3000,0,0,-0.231271002,0.239340766,0.015306373493666712,0.04936695509725293
train,材料2,131,3000,0,0,-0.231787649,0.238960086,0.015699337787000008,0.04941466581835174
train,材料2,132,3000,0,0,-0.232294717,0.238573824,0.016092106365666672,0.04946724186490609
train,材料2,133,3000,0,0,-0.232790905,0.238177922,0.016484570148333284,0.04952455833289254
train,材料2,134,3000,0,0,-0.233271859,0.237772648,0.016876693393999987,0.04958671315768205
train,材料2,135,3000,0,0,-0.233743653,0.237358054,0.01726848377766664,0.04965366547913531
train,材料2,136,3000,0,0,-0.234210198,0.236935639,0.017659946806333357,0.0497252662867518
train,材料2,137,3000,0,0,-0.234669302,0.236506585,0.018051070997666667,0.04980158648434589
train,材料2,138,3000,0,0,-0.235119447,0.236070331,0.018441909996333328,0.04988261545792602
train,材料2,139,3000,0,0,-0.235558331,0.235625999,0.018832376061999966,0.049968244869011885
train,材料2,140,3000,0,0,-0.235984882,0.235171668,0.0192225865363333,0.050058540275784526
train,材料2,141,3000,0,0,-0.236398842,0.234707237,0.01961246590333334,0.05015342288140224
train,材料2,142,3000,0,0,-0.236805354,0.23576543,0.020002099165666705,0.050252953600204944
train,材料2,143,3000,0,0,-0.237206061,0.237005347,0.02039132310233334,0.05035697594528733
train,材料2,144,3000,0,0,-0.237595511,0.238252363,0.020780188847199985,0.05046542344628716
train,材料2,145,3000,0,0,-0.237972697,0.23949877,0.021168669871666664,0.05057833625878336
train,材料2,146,3000,0,0,-0.238342292,0.240742093,0.021556782298000007,0.05069565785572834
train,材料2,147,3000,0,0,-0.238703597,0.241991267,0.021944532059666656,0.05081728567270238
train,材料2,148,3000,0,0,-0.239054776,0.243234964,0.02233195905033329,0.050943338514319154
train,材料2,149,3000,0,0,-0.239395362,0.244473265,0.022719089102000014,0.051073811157121125
train,材料2,150,3000,0,0,-0.239727907,0.245710588,0.02310592013533337,0.05120859874043011
train,材料2,151,3000,0,0,-0.240052141,0.246948912,0.023492355594000026,0.051347490078501555
train,材料2,152,3000,0,0,-0.240366443,0.248196291,0.023878420165666672,0.05149064811571488
train,材料2,153,3000,0,0,-0.240670151,0.249446146,0.0242641192183333,0.05163794949850403
train,材料2,154,3000,0,0,-0.240963035,0.250696223,0.02464951658233336,0.05178938647348209
train,材料2,155,3000,0,0,-0.241246803,0.251945446,0.025034511870666597,0.0519449185880248
train,材料2,156,3000,0,0,-0.241518768,0.253189719,0.02541912523899996,0.05210452390994352
train,材料2,157,3000,0,0,-0.241781946,0.254430955,0.02580339663866665,0.052268186347998305
train,材料2,158,3000,0,0,-0.242036508,0.255676222,0.026187353575000044,0.05243579912407695
train,材料2,159,3000,0,0,-0.242278568,0.256919195,0.026570916740666667,0.05260730794984069
train,材料2,160,3000,0,0,-0.242510117,0.258160288,0.026954090104666668,0.052782683680135514
train,材料2,161,3000,0,0,-0.242730542,0.259404218,0.027336957287666688,0.052961972578686
train,材料2,162,3000,0,0,-0.242938894,0.260645763,0.027719446318333396,0.0531450463075737
train,材料2,163,3000,0,0,-0.243136645,0.261889798,0.028101556806666702,0.05333177657936998
train,材料2,164,3000,0,0,-0.243325069,0.263135483,0.028483198635333266,0.05352216461535569
train,材料2,165,3000,0,0,-0.243506885,0.26437636,0.028864435536666715,0.05371605127101209
train,材料2,166,3000,0,0,-0.243681478,0.265619788,0.029245243969666605,0.05391337243343728
train,材料2,167,3000,0,0,-0.243845633,0.26687003,0.029625533811999952,0.05411402350406178
train,材料2,168,3000,0,0,-0.244000664,0.26810919,0.030005380611666684,0.05431796706028467
train,材料2,169,3000,0,0,-0.244144915,0.269345777,0.030384602602000026,0.054524984304474104
train,材料2,170,3000,0,0,-0.244277033,0.270587087,0.03076332532733334,0.05473508331264846
train,材料2,171,3000,0,0,-0.244401422,0.271826809,0.031141509773333284,0.05494842358502442
train,材料2,172,3000,0,0,-0.244517693,0.273068549,0.03151914138533338,0.05516493047873268
train,材料2,173,3000,0,0,-0.244625359,0.274313603,0.03189634745333338,0.055384629877361036
train,材料2,174,3000,0,0,-0.244722152,0.275558118,0.03227299569933335,0.055607453367041676
train,材料2,175,3000,0,0,-0.244808215,0.276799916,0.03264913285466671,0.055833551690980913
train,材料2,176,3000,0,0,-0.244884903,0.278045081,0.03302482340600005,0.056062801407069845
train,材料2,177,3000,0,0,-0.244951773,0.279283989,0.033399981147999955,0.05629523320340763
train,材料2,178,3000,0,0,-0.245009237,0.280519407,0.033774703011666685,0.05653059983912643
train,材料2,179,3000,0,0,-0.245056782,0.28175857,0.034148733282999964,0.056769048027050614
train,材料2,180,3000,0,0,-0.245221702,0.28299982,0.034522332639000015,0.05701047847911808
train,材料2,181,3000,0,0,-0.245448215,0.284236641,0.03489530715666662,0.05725482562200759
train,材料2,182,3000,0,0,-0.245667107,0.285467952,0.035267697575666654,0.05750210017786653
train,材料2,183,3000,0,0,-0.245875494,0.286696314,0.03563939354866661,0.05775210627774238
train,材料2,184,3000,0,0,-0.246072089,0.28792617,0.03601039975566658,0.05800480096051915
train,材料2,185,3000,0,0,-0.246258725,0.289164375,0.03638063390599993,0.05826017358424222
train,材料2,186,3000,0,0,-0.246437147,0.290406846,0.03675007659733336,0.05851800699461264
train,材料2,187,3000,0,0,-0.246604363,0.291651602,0.037118563067666664,0.05877818659298547
train,材料2,188,3000,0,0,-0.246759974,0.292893538,0.03748595526000005,0.059040420863843035
train,材料2,189,3000,0,0,-0.246906847,0.294128836,0.037852071460666624,0.05930453637569471
train,材料2,190,3000,0,0,-0.247045058,0.295362562,0.038216705206666673,0.05957040665223253
train,材料2,191,3000,0,0,-0.247174707,0.296594746,0.03857954615166666,0.05983748017051582
train,材料2,192,3000,0,0,-0.247295102,0.297828136,0.03893999649033331,0.060104759370567924
train,材料2,193,3000,0,0,-0.247404239,0.299059996,0.03929725658200003,0.060370935071625005
train,材料2,194,3000,0,0,-0.247502141,0.300284561,0.039650510102333364,0.06063426007459477
train,材料2,195,3000,0,0,-0.247589921,0.301513427,0.03999890869966671,0.06089310519200333
train,材料2,196,3000,0,0,-0.247670546,0.303471197,0.04034130641600003,0.06114557466260502
train,材料2,197,3000,0,0,-0.247742262,0.305596267,0.040676150140333246,0.06138852688356645
train,材料2,198,3000,0,0,-0.247802359,0.30729808,0.04100022676533336,0.06161597989298526
train,材料2,199,3000,0,0,-0.247851263,0.308466319,0.041308867373000005,0.06181949293421619
train,材料2,200,3000,0,0,-0.247890497,0.309115821,0.041596844117999944,0.06199025738801068
train,材料2,201,3000,0,0,-0.247921364,0.309982264,0.041859329583000045,0.0621194893668121
train,材料2,202,3000,0,0,-0.247945545,0.310374731,0.04209181224966656,0.062197876891590204
train,材料2,203,3000,0,0,-0.247964084,0.310101195,0.04229344785233351,0.06222323810313391
train,材料2,204,3000,0,0,-0.247975405,0.309397909,0.04247120646799998,0.06221007978318881
train,材料2,205,3000,0,0,-0.247979405,0.308561785,0.04263709705099999,0.06218222385981032
train,材料2,206,3000,0,0,-0.247972923,0.30772621,0.04279970005,0.06215461840176016
train,材料2,207,3000,0,0,-0.247956515,0.306907583,0.042962214662333416,0.06213075604561502
train,材料2,208,3000,0,0,-0.247932517,0.306099116,0.043125015247999936,0.06211050667529383
train,材料2,209,3000,0,0,-0.247898603,0.305292743,0.043287942682333325,0.06209327302021978
train,材料2,210,3000,0,0,-0.247856192,0.304487927,0.04345081169733324,0.06207871907894212
train,材料2,211,3000,0,0,-0.247804956,0.303685768,0.04361384856833328,0.062066913446613955
train,材料2,212,3000,0,0,-0.247744466,0.302885356,0.04377686839966661,0.06205770477143521
train,材料2,213,3000,0,0,-0.247673917,0.302083974,0.04393961669499997,0.06205093186905959
train,材料2,214,3000,0,0,-0.247593276,0.301286227,0.04410194558466672,0.06204666104151405
train,材料2,215,3000,0,0,-0.247503895,0.300496167,0.044263918460333236,0.06204490852535756
train,材料2,216,3000,0,0,-0.247404619,0.299710473,0.04442559820766661,0.06204572217735728
train,材料2,217,3000,0,0,-0.247295533,0.298917402,0.04458699969833333,0.06204905017568634
train,材料2,218,3000,0,0,-0.247176361,0.298116045,0.044748118452666706,0.06205485097849962
train,材料2,219,3000,0,0,-0.2470481,0.297317827,0.04490895815633326,0.0620632259954746
train,材料2,220,3000,0,0,-0.246909971,0.296522863,0.04506941527499986,0.06207403315871227
train,材料2,221,3000,0,0,-0.246762945,0.295727582,0.0452294846183334,0.06208711795734876
train,材料2,222,3000,0,0,-0.246608955,0.29493389,0.04538919333299998,0.062102595497077834
train,材料2,223,3000,0,0,-0.246446174,0.294143835,0.045548521258999934,0.06212039593659883
train,材料2,224,3000,0,0,-0.246272644,0.293353582,0.04570745874200001,0.06214066218502261
train,材料2,225,3000,0,0,-0.246089819,0.292561923,0.04586593909799996,0.06216335569334634
train,材料2,226,3000,0,0,-0.245898735,0.291768259,0.046024020482666565,0.06218841120760261
train,材料2,227,3000,0,0,-0.245697931,0.290969839,0.04618174236,0.062215973808015246
train,材料2,228,3000,0,0,-0.245487568,0.290176546,0.046339162862,0.06224593148048844
train,材料2,229,3000,0,0,-0.245268732,0.289387991,0.04649635315433333,0.06227826718484308
train,材料2,230,3000,0,0,-0.245040568,0.288601284,0.04665308158800006,0.06231293174201468
train,材料2,231,3000,0,0,-0.244804162,0.287817102,0.0468094151533334,0.06234989998772991
train,材料2,232,3000,0,0,-0.244558291,0.287032595,0.0469652170070001,0.062389326561827906
train,材料2,233,3000,0,0,-0.244302334,0.286251551,0.047120668017333445,0.062431137343242626
train,材料2,234,3000,0,0,-0.244039525,0.285465093,0.04727571086400004,0.06247529495032764
train,材料2,235,3000,0,0,-0.243767767,0.284868611,0.047430353404999966,0.06252174568096064
train,材料2,236,3000,0,0,-0.243484561,0.285494978,0.047584640634666574,0.06257058747225618
train,材料2,237,3000,0,0,-0.243192048,0.286121901,0.047738548077666684,0.06262167246587586
train,材料2,238,3000,0,0,-0.242891976,0.286753538,0.04789211609500001,0.06267507430358062
train,材料2,239,3000,0,0,-0.242584099,0.287383584,0.04804535161600008,0.06273082292664528
train,材料2,240,3000,0,0,-0.242266705,0.288012682,0.04819817562166665,0.06278897291956509
train,材料2,241,3000,0,0,-0.241940571,0.288639515,0.04835061128066667,0.0628493833705226
train,材料2,242,3000,0,0,-0.241604634,0.289259662,0.048502633945666625,0.06291219572185418
train,材料2,243,3000,0,0,-0.241256237,0.289879322,0.0486542798486667,0.06297722346309471
train,材料2,244,3000,0,0,-0.240898587,0.290503414,0.04880547922633345,0.06304461726089429
train,材料2,245,3000,0,0,-0.240534255,0.291130808,0.04895636145566658,0.06311439353450787
train,材料2,246,3000,0,0,-0.240295897,0.291756409,0.04910679119199992,0.0631864010000191
train,材料2,247,3000,0,0,-0.240640383,0.292383312,0.04925683855766667,0.06326063586576612
train,材料2,248,3000,0,0,-0.240975606,0.293011638,0.049406535627666594,0.0633372180227192
train,材料2,249,3000,0,0,-0.241300769,0.29363906,0.049555857929666776,0.0634161035521685
train,材料2,250,3000,0,0,-0.241616721,0.294268518,0.04970486430466664,0.06349734505320828
train,材料2,251,3000,0,0,-0.241921296,0.294897421,0.049853518835666695,0.06358074801746809
train,材料2,252,3000,0,0,-0.242215642,0.295522208,0.05000180348200001,0.06366646947962547
train,材料2,253,3000,0,0,-0.242501557,0.296146594,0.05014975214233333,0.06375449782661599
train,材料2,254,3000,0,0,-0.242777892,0.29677412,0.050297291483666795,0.06384482080138029
train,材料2,255,3000,0,0,-0.243045447,0.297403885,0.05044447134066656,0.06393740355317894
train,材料2,256,3000,0,0,-0.243305408,0.298032891,0.05059124670199996,0.06403221210514877
train,材料2,257,3000,0,0,-0.243555719,0.298658792,0.050737704697666614,0.06412912564554642
train,材料2,258,3000,0,0,-0.24379351,0.299282818,0.050883799392333465,0.06422842977026641
train,材料2,259,3000,0,0,-0.244021137,0.299903191,0.05102955185599989,0.06432989741027159
train,材料2,260,3000,0,0,-0.244241674,0.300523645,0.051175016661,0.06443352252698753
train,材料2,261,3000,0,0,-0.244452028,0.301144653,0.051320046289666625,0.0645392402996104
train,材料2,262,3000,0,0,-0.244650714,0.301763366,0.051464699893333354,0.06464718781424364
train,材料2,263,3000,0,0,-0.244840349,0.302386699,0.05160904279733329,0.06475721884029544
train,材料2,264,3000,0,0,-0.245021391,0.303015203,0.051752967205333365,0.0648693387736456
train,材料2,265,3000,0,0,-0.245190696,0.303649254,0.051896448502333395,0.06498362867651145
train,材料2,266,3000,0,0,-0.24535014,0.3042844,0.05203945464033334,0.06510002582505867
train,材料2,267,3000,0,0,-0.245500874,0.304895059,0.05218209394733332,0.06521854305092882
train,材料2,268,3000,0,0,-0.245641486,0.305451539,0.0523243320673334,0.06533914967427237
train,材料2,269,3000,0,0,-0.245771442,0.305917502,0.05246613950466667,0.06546171018062008
train,材料2,270,3000,0,0,-0.245890974,0.306198523,0.05260740943499995,0.06558609885723594
train,材料2,271,3000,0,0,-0.2460019,0.306222058,0.05274812491833332,0.06571223205541464
train,材料2,272,3000,0,0,-0.246103106,0.305997628,0.05288827765433317,0.0658400788247494
train,材料2,273,3000,0,0,-0.246194256,0.305529772,0.053027984322333285,0.06596952182680882
train,材料2,274,3000,0,0,-0.246275962,0.304824678,0.053167036544333336,0.06610071449993296
train,材料2,275,3000,0,0,-0.246349814,0.303925564,0.05330558028466662,0.06623368091848277
train,材料2,276,3000,0,0,-0.246414416,0.302910428,0.05344356086733331,0.06636854697239608
train,材料2,277,3000,0,0,-0.246466812,0.30186545,0.05358102785,0.0665052959575936
train,材料2,278,3000,0,0,-0.246509273,0.300828695,0.05371792303266658,0.06664405934375951
train,材料2,279,3000,0,0,-0.246543083,0.29979461,0.053854219984666725,0.06678471451009658
train,材料2,280,3000,0,0,-0.24656985,0.298764048,0.05399000734833344,0.06692737513286474
train,材料2,281,3000,0,0,-0.246593335,0.297738832,0.054125123339666674,0.06707200135152186
train,材料2,282,3000,0,0,-0.246610992,0.297186494,0.054259698659000086,0.06721847908800813
train,材料2,283,3000,0,0,-0.246619369,0.297823282,0.05439360258866654,0.06736683020424984
train,材料2,284,3000,0,0,-0.246618094,0.298455576,0.054526801032333254,0.0675169830912048
train,材料2,285,3000,0,0,-0.246608316,0.299087956,0.05465939698833319,0.06766898522736331
train,材料2,286,3000,0,0,-0.246588195,0.299720387,0.05479124478766675,0.06782281448188769
train,材料2,287,3000,0,0,-0.246557643,0.300357325,0.05492244134166668,0.06797827316929499
train,材料2,288,3000,0,0,-0.246517778,0.300994696,0.05505286989,0.06813547505329026
train,材料2,289,3000,0,0,-0.246468127,0.301626929,0.055182453895000025,0.06829428426246373
train,材料2,290,3000,0,0,-0.246412745,0.302260596,0.055310944737999926,0.06845448780940709
train,材料2,291,3000,0,0,-0.246348717,0.302896421,0.055438284057000096,0.06861577925265798
train,材料2,292,3000,0,0,-0.246272991,0.303532652,0.055564191446000014,0.06877810471652251
train,材料2,293,3000,0,0,-0.24618848,0.304169403,0.05568851339,0.06894117507982309
train,材料2,294,3000,0,0,-0.246095418,0.304803527,0.05581083473266656,0.06910478398148977
train,材料2,295,3000,0,0,-0.24599316,0.305439494,0.055930697447000126,0.06926823976795973
train,材料2,296,3000,0,0,-0.24588324,0.306075438,0.05604716060866674,0.06943044620018181
train,材料2,297,3000,0,0,-0.245764504,0.306704532,0.056159127368666455,0.0695896461287847
train,材料2,298,3000,0,0,-0.245634623,0.307330556,0.05626507737666676,0.06974370136652729
train,材料2,299,3000,0,0,-0.245493271,0.307959418,0.05636351792299995,0.06989036836362547
train,材料2,300,3000,0,0,-0.245344026,0.308572152,0.05645256508599997,0.07002656567372983
train,材料2,301,3000,0,0,-0.24518613,0.309103666,0.05652950590833336,0.07014770652214888
train,材料2,302,3000,0,0,-0.245017467,0.309450639,0.056590748615000026,0.0702472446528767
train,材料2,303,3000,0,0,-0.244839545,0.30949655,0.05663193034599989,0.07031727024554116
train,材料2,304,3000,0,0,-0.244653025,0.309180604,0.05664881207533343,0.07034990180684852
train,材料2,305,3000,0,0,-0.244456466,0.309934906,0.056639102066666655,0.07034056217476208
train,材料2,306,3000,0,0,-0.244250593,0.310265896,0.05660473819566661,0.07029252290093566
train,材料2,307,3000,0,0,-0.244035869,0.310013771,0.05655167315766659,0.0702150278933616
train,材料2,308,3000,0,0,-0.243810195,0.309129879,0.056488796486333294,0.07012276754244706
train,材料2,309,3000,0,0,-0.243576207,0.308158494,0.05642316683066658,0.0700286402231448
train,材料2,310,3000,0,0,-0.243333654,0.307224207,0.056357074378333295,0.06993613090051658
train,材料2,311,3000,0,0,-0.243082552,0.306310633,0.05629118989433328,0.0698456299830334
train,材料2,312,3000,0,0,-0.242823993,0.305399378,0.05622573478533325,0.06975668671384697
train,材料2,313,3000,0,0,-0.242554595,0.304486281,0.05616022071033332,0.0696688956080016
train,材料2,314,3000,0,0,-0.242274658,0.303576812,0.056094706504333215,0.06958237731543722
train,材料2,315,3000,0,0,-0.241985074,0.302671987,0.056029221585,0.06949717930229993
train,材料2,316,3000,0,0,-0.241685471,0.301771385,0.055963460878,0.06941312887187369
train,材料2,317,3000,0,0,-0.241377377,0.300866487,0.05589744468999994,0.0693300729429621
train,材料2,318,3000,0,0,-0.241061061,0.299961873,0.05583111778166673,0.06924817530954892
train,材料2,319,3000,0,0,-0.240735866,0.299065101,0.055764555450999835,0.0691672910690341
train,材料2,320,3000,0,0,-0.240400721,0.298169766,0.05569774845466674,0.06908743799595052
train,材料2,321,3000,0,0,-0.240054909,0.297269217,0.05563047070800016,0.06900873411606308
train,材料2,322,3000,0,0,-0.239699229,0.296369479,0.05556284817966663,0.0689311341503188
train,材料2,323,3000,0,0,-0.239336663,0.295473835,0.055494843068999954,0.06885468077328687
train,材料2,324,3000,0,0,-0.238967534,0.29458245,0.05542660100699994,0.06877939634418322
train,材料2,325,3000,0,0,-0.238588958,0.293688379,0.05535808951866667,0.06870503858947008
train,材料2,326,3000,0,0,-0.238200605,0.29279047,0.05528929733266682,0.06863165132767643
train,材料2,327,3000,0,0,-0.237802624,0.291897763,0.055220199,0.06855924453012649
train,材料2,328,3000,0,0,-0.237395452,0.291005696,0.05515072012266655,0.06848812370080372
train,材料2,329,3000,0,0,-0.236980266,0.290109642,0.055080984923333486,0.06841807864976918
train,材料2,330,3000,0,0,-0.23696,0.289516437,0.055010867181,0.06834926375452167
train,材料2,331,3000,0,0,-0.23708,0.28978248,0.05494037127166661,0.06828162753434613
train,材料2,332,3000,0,0,-0.23718,0.290047215,0.05486960864133321,0.06821500440813463
train,材料2,333,3000,0,0,-0.23727,0.290312336,0.05479847945566665,0.06814953927852875
train,材料2,334,3000,0,0,-0.23736,0.290574289,0.05472711254566672,0.06808516232827648
train,材料2,335,3000,0,0,-0.23744,0.290832755,0.05465532250866687,0.0680219096540611
train,材料2,336,3000,0,0,-0.2375,0.291093233,0.0545831560290001,0.06795978933142985
train,材料2,337,3000,0,0,-0.23756,0.291357006,0.05451073785633337,0.06789879518416397
train,材料2,338,3000,0,0,-0.23761,0.291623233,0.054438052638000056,0.06783893677518767
train,材料2,339,3000,0,0,-0.23766,0.291888298,0.054364994584000015,0.06778022191922553
train,材料2,340,3000,0,0,-0.23769,0.292154643,0.05429159633200003,0.06772269071573166
train,材料2,341,3000,0,0,-0.23771,0.292420517,0.05421794652433319,0.06766627266745805
train,材料2,342,3000,0,0,-0.23773,0.292684397,0.05414394643166662,0.06761112399283445
train,材料2,343,3000,0,0,-0.23774,0.292947384,0.05406971424533332,0.0675570269836235
train,材料2,344,3000,0,0,-0.23775,0.293208439,0.05399510093566667,0.06750421122606295
train,材料2,345,3000,0,0,-0.23775,0.293471582,0.05392021119466666,0.06745254167936182
train,材料2,346,3000,0,0,-0.23774,0.293738379,0.05384500503466667,0.06740206170834413
train,材料2,347,3000,0,0,-0.23773,0.294008579,0.053769447680333496,0.06735279048708084
train,材料2,348,3000,0,0,-0.2377,0.294274909,0.053693537693333335,0.0673046369504847
train,材料2,349,3000,0,0,-0.23768,0.294535434,0.05361730947299992,0.06725777230458749
train,材料2,350,3000,0,0,-0.23765,0.294796122,0.05354074100466672,0.06721210875191319
train,材料2,351,3000,0,0,-0.2376,0.295060312,0.05346384935100003,0.06716770447798673
train,材料2,352,3000,0,0,-0.23755,0.295325667,0.05338669619833327,0.06712444135620976
train,材料2,353,3000,0,0,-0.23749,0.295589957,0.0533092285263333,0.06708242336951416
train,材料2,354,3000,0,0,-0.23742,0.295854583,0.05323145386333336,0.06704167226764376
train,材料2,355,3000,0,0,-0.23735,0.296120466,0.053153405128333255,0.06700215664098473
train,材料2,356,3000,0,0,-0.23744,0.29638716,0.05307498201633337,0.06696389379818751
train,材料2,357,3000,0,0,-0.23756,0.296652928,0.05299624717366672,0.06692689136400727
train,材料2,358,3000,0,0,-0.23767,0.29691874,0.052917297274666576,0.06689108217292711
train,材料2,359,3000,0,0,-0.23778,0.297183799,0.052837911791,0.06685666839759163
train,材料2,360,3000,0,0,-0.23787,0.297448159,0.0527583016103335,0.06682345507766267
train,材料2,361,3000,0,0,-0.23795,0.297712778,0.052678356694999935,0.06679156993921362
train,材料2,362,3000,0,0,-0.23803,0.297973272,0.052598122978666756,0.06676097411310504
train,材料2,363,3000,0,0,-0.2381,0.298237049,0.05251761363433331,0.0667317313283414
train,材料2,364,3000,0,0,-0.23816,0.298503484,0.05243677555899999,0.06670375698729007
train,材料2,365,3000,0,0,-0.23821,0.298764544,0.05235565274333326,0.06667704598583797
train,材料2,366,3000,0,0,-0.23825,0.299027793,0.052274238807333236,0.06665165176897758
train,材料2,367,3000,0,0,-0.23828,0.299298501,0.05219251395366658,0.06662758909758129
train,材料2,368,3000,0,0,-0.23831,0.299570271,0.05211048227533332,0.06660485260573537
train,材料2,369,3000,0,0,-0.23832,0.299843416,0.05202814405766668,0.06658342402203796
train,材料2,370,3000,0,0,-0.23834,0.300113751,0.05194551256833342,0.06656336478706934
train,材料2,371,3000,0,0,-0.23834,0.300383281,0.051862549339999994,0.06654465948455768
train,材料2,372,3000,0,0,-0.23834,0.300656694,0.051779202003666674,0.06652727848483433
train,材料2,373,3000,0,0,-0.23833,0.300931297,0.051695609220999944,0.06651121117169917
train,材料2,374,3000,0,0,-0.23832,0.301204222,0.051611594087666635,0.06649647779877871
train,材料2,375,3000,0,0,-0.2383,0.301475951,0.05152728742633343,0.0664829710109147
train,材料2,376,3000,0,0,-0.23827,0.30174937,0.05144263870400001,0.06647086931800292
train,材料2,377,3000,0,0,-0.23823,0.302023149,0.051357648136000064,0.06646010710045519
train,材料2,378,3000,0,0,-0.23819,0.302301608,0.051272259028666584,0.06645076839717728
train,材料2,379,3000,0,0,-0.23813,0.302577471,0.051186555232666686,0.06644275963643066
train,材料2,380,3000,0,0,-0.23808,0.302852918,0.05110054360799999,0.06643613687756951
train,材料2,381,3000,0,0,-0.23801,0.303125329,0.05101408778333343,0.06643085221050903
train,材料2,382,3000,0,0,-0.23794,0.303399123,0.05092731076699996,0.06642688318032158
train,材料2,383,3000,0,0,-0.23786,0.30367712,0.05084016340866677,0.0664242998659743
train,材料2,384,3000,0,0,-0.23777,0.303956063,0.050752548146333294,0.06642299338552142
train,材料2,385,3000,0,0,-0.23767,0.304230258,0.050664625336333216,0.0664229927408398
train,材料2,386,3000,0,0,-0.23756,0.304503116,0.05057620585533335,0.06642437904525186
train,材料2,387,3000,0,0,-0.23744,0.304780648,0.050487357386999984,0.06642695710952681
train,材料2,388,3000,0,0,-0.23732,0.305056063,0.05039807860166663,0.06643083305898109
train,材料2,389,3000,0,0,-0.23718,0.305328365,0.05030831814800002,0.06643598623830778
train,材料2,390,3000,0,0,-0.23704,0.305598921,0.050218099516999966,0.06644235848729171
train,材料2,391,3000,0,0,-0.23689,0.305867738,0.05012734658266666,0.06644984136111858
train,材料2,392,3000,0,0,-0.23673,0.306136886,0.05003598962733331,0.06645826818726731
train,材料2,393,3000,0,0,-0.23656,0.306405922,0.04994388284833342,0.06646758932777946
train,材料2,394,3000,0,0,-0.23638,0.306677454,0.04985086416066666,0.06647774054384127
train,材料2,395,3000,0,0,-0.2362,0.306953532,0.04975684653566674,0.06648850718806892
train,材料2,396,3000,0,0,-0.236,0.307224973,0.04966143822699992,0.06649960648267139
train,材料2,397,3000,0,0,-0.2358,0.307497518,0.04956412163199994,0.06651040238513378
train,材料2,398,3000,0,0,-0.2356,0.307775146,0.04946445197333335,0.06652028611659035
train,材料2,399,3000,0,0,-0.23538,0.308049737,0.04936188095166663,0.06652852857588182
train,材料2,400,3000,0,0,-0.23516,0.308319873,0.04925581552633336,0.06653428600731122
train,材料2,401,3000,0,0,-0.23493,0.309264861,0.0491451403686666,0.0665353836078058
train,材料2,402,3000,0,0,-0.23469,0.31049605,0.049028199700666665,0.06652862166696219
train,材料2,403,3000,0,0,-0.23443,0.311501912,0.048903135506333455,0.06651023368508381
train,材料2,404,3000,0,0,-0.23417,0.312277633,0.04876849712133339,0.06647725750716271
train,材料2,405,3000,0,0,-0.2339,0.312839107,0.048622545681999974,0.06642545939481073
train,材料2,406,3000,0,0,-0.23363,0.313161428,0.04846227988299994,0.06634799758292041
train,材料2,407,3000,0,0,-0.23335,0.313283973,0.04828458130233333,0.0662367368867584
train,材料2,408,3000,0,0,-0.23306,0.313278313,0.04808699172000003,0.06608464237182243
train,材料2,409,3000,0,0,-0.23277,0.313231012,0.04787088748099988,0.06589367231188598
train,材料2,410,3000,0,0,-0.23246,0.313194179,0.04764372318200012,0.0656809305648851
train,材料2,411,3000,0,0,-0.23214,0.313158557,0.0474135410486667,0.06546413579920465
train,材料2,412,3000,0,0,-0.23181,0.313124538,0.04718346552366665,0.06524854572377525
train,材料2,413,3000,0,0,-0.23148,0.313094273,0.046953722169666645,0.06503427168635294
train,材料2,414,3000,0,0,-0.23113,0.313060588,0.046724220646000014,0.06482091931397495
train,材料2,415,3000,0,0,-0.23078,0.313027464,0.04649481701999999,0.06460834675022188
train,材料2,416,3000,0,0,-0.23042,0.312994045,0.046265426919,0.06439634117470623
train,材料2,417,3000,0,0,-0.23006,0.312959142,0.04603595648500002,0.0641848185105262
train,材料2,418,3000,0,0,-0.22969,0.312927551,0.045806336915000044,0.06397374500458194
train,材料2,419,3000,0,0,-0.2293,0.312897816,0.045576774622333345,0.06376303626320205
train,材料2,420,3000,0,0,-0.22891,0.312867961,0.04534697219533332,0.06355270832432558
train,材料2,421,3000,0,0,-0.22851,0.312836777,0.04511704118366664,0.0633429298222999
train,材料2,422,3000,0,0,-0.2281,0.312806978,0.04488697706999997,0.06313349444805151
train,材料2,423,3000,0,0,-0.22769,0.312775852,0.04465672506199996,0.06292447365695811
train,材料2,424,3000,0,0,-0.22726,0.312742552,0.044426274201666616,0.06271575972504233
train,材料2,425,3000,0,0,-0.22683,0.31271043,0.0441956491526666,0.06250748311931466
train,材料2,426,3000,0,0,-0.22639,0.312678777,0.043964811608666624,0.06229951913414202
train,材料2,427,3000,0,0,-0.22595,0.312647415,0.043733854087999985,0.06209198766507403
train,材料2,428,3000,0,0,-0.22551,0.312617939,0.043502598511333354,0.06188483655913701
train,材料2,429,3000,0,0,-0.225557302,0.312588537,0.04327119208033337,0.061678063770222814
train,材料2,430,3000,0,0,-0.226018772,0.312555731,0.04303967864166675,0.06147180481064985
train,材料2,431,3000,0,0,-0.226472326,0.312522007,0.04280797004733328,0.061265986764313926
train,材料2,432,3000,0,0,-0.226915957,0.312491091,0.04257607496299998,0.06106071357101017
train,材料2,433,3000,0,0,-0.227349565,0.312462776,0.04234412317966665,0.060855865665723916
train,材料2,434,3000,0,0,-0.227778505,0.312433923,0.04211193846766665,0.0606515245386427
train,材料2,435,3000,0,0,-0.228198543,0.31240371,0.04187958843466677,0.060447543925264385
train,材料2,436,3000,0,0,-0.228606954,0.312375104,0.04164711254566663,0.06024400968727713
train,材料2,437,3000,0,0,-0.229003959,0.312346604,0.041414376773666696,0.06004092886150838
train,材料2,438,3000,0,0,-0.229390299,0.312317118,0.04118140987333327,0.059838221767539626
train,材料2,439,3000,0,0,-0.229769112,0.312288527,0.04094839874866666,0.05963601573042669
train,材料2,440,3000,0,0,-0.230143218,0.312258862,0.04071512505766666,0.05943441362258939
train,材料2,441,3000,0,0,-0.230510543,0.312229817,0.04048180060700001,0.05923322297241327
train,材料2,442,3000,0,0,-0.230867999,0.312202538,0.04024828847900005,0.05903259408574501
train,材料2,443,3000,0,0,-0.231218444,0.312173918,0.04001465167833331,0.05883249533274813
train,材料2,444,3000,0,0,-0.231560532,0.312144872,0.039780835437333274,0.05863294239472519
train,材料2,445,3000,0,0,-0.231890798,0.312114558,0.03954689138833341,0.05843391162883455
train,材料2,446,3000,0,0,-0.232210511,0.31208688,0.03931279355566667,0.058235426421915905
train,材料2,447,3000,0,0,-0.232522007,0.312062302,0.03907856571566664,0.058037590338329136
train,材料2,448,3000,0,0,-0.232822414,0.312037117,0.038844215910666745,0.05784026481888754
train,材料2,449,3000,0,0,-0.233110007,0.312012697,0.03860976498833335,0.05764350832228105
train,材料2,450,3000,0,0,-0.233388899,0.311986028,0.03837516210099999,0.05744729306509087
train,材料2,451,3000,0,0,-0.233661238,0.311959149,0.03814040324399998,0.057251592321869126
train,材料2,452,3000,0,0,-0.233927317,0.311933973,0.03790548119633334,0.05705653617031497
train,材料2,453,3000,0,0,-0.234185383,0.311907722,0.03767042634799991,0.056862061321172115
train,材料2,454,3000,0,0,-0.234433018,0.311879555,0.03743521573899993,0.0566682475117043
train,材料2,455,3000,0,0,-0.234667673,0.311852882,0.037199876359,0.056475124036967826
train,材料2,456,3000,0,0,-0.234893169,0.311827672,0.036964408165666714,0.05628258154279774
train,材料2,457,3000,0,0,-0.235112911,0.311802444,0.03672878463433334,0.05609068449769696
train,材料2,458,3000,0,0,-0.235323351,0.311776719,0.03649315692533335,0.05589943524668374
train,材料2,459,3000,0,0,-0.235525743,0.311749779,0.0362573931156666,0.05570889432185743
train,材料2,460,3000,0,0,-0.23571951,0.311720346,0.03602143108733337,0.05551904304075538
train,材料2,461,3000,0,0,-0.235903689,0.311689321,0.03578533337133332,0.055329899569970746
train,材料2,462,3000,0,0,-0.236077427,0.311660647,0.03554911093366664,0.055141439713387724
train,材料2,463,3000,0,0,-0.236239527,0.311631227,0.035312843386666695,0.05495370019391983
train,材料2,464,3000,0,0,-0.236395684,0.311599007,0.03507640230900005,0.05476668309795636
train,材料2,465,3000,0,0,-0.236544314,0.311567639,0.034839874663000044,0.05458037731711233
train,材料2,466,3000,0,0,-0.236683045,0.311540057,0.03460326480600003,0.054394789578645554
train,材料2,467,3000,0,0,-0.236813748,0.311511786,0.034366513569999986,0.05421003287632658
train,材料2,468,3000,0,0,-0.236935233,0.311481242,0.03412967235299989,0.054026020800659554
train,材料2,469,3000,0,0,-0.2370461,0.311451931,0.033892701486333374,0.05384275491026419
train,材料2,470,3000,0,0,-0.237144066,0.311424927,0.033655692752000047,0.05366030179605388
train,材料2,471,3000,0,0,-0.237231004,0.311397765,0.033418598784999996,0.05347867411341636
train,材料2,472,3000,0,0,-0.23731188,0.311368009,0.03318138079866672,0.05329776247118574
train,材料2,473,3000,0,0,-0.237387882,0.31133982,0.03294405456166663,0.053117750987524255
train,材料2,474,3000,0,0,-0.237457141,0.311314849,0.032706661922999994,0.05293858291595993
train,材料2,475,3000,0,0,-0.237518682,0.311289223,0.03246909209833329,0.052760246133146615
train,材料2,476,3000,0,0,-0.237570646,0.311263457,0.032231533652999994,0.05258271206601924
train,材料2,477,3000,0,0,-0.237613607,0.311237206,0.031993881865666644,0.05240603196118627
train,材料2,478,3000,0,0,-0.23764718,0.311209104,0.03175606091999995,0.052230296761267905
train,材料2,479,3000,0,0,-0.237670781,0.311183013,0.031518277079333364,0.05205541727561682
train,材料2,480,3000,0,0,-0.237684875,0.311158418,0.031280418840999955,0.051881489073890154
train,材料2,481,3000,0,0,-0.237689608,0.311130617,0.03104246688866665,0.051708505736728104
train,材料2,482,3000,0,0,-0.237689507,0.31110247,0.03080440373200002,0.05153640330899131
train,材料2,483,3000,0,0,-0.237685083,0.311074551,0.030566364362333388,0.051365234611134424
train,材料2,484,3000,0,0,-0.237675595,0.311045408,0.030328164808333332,0.05119504091526523
train,材料2,485,3000,0,0,-0.237658631,0.311015321,0.030089894095666727,0.05102581953274633
train,材料2,486,3000,0,0,-0.237634266,0.310983806,0.029851576531333412,0.05085756560553734
train,材料2,487,3000,0,0,-0.2376048,0.310954118,0.029613193087999985,0.050690261681390666
train,材料2,488,3000,0,0,-0.237567984,0.310924777,0.029374740877333362,0.05052389466114363
train,材料2,489,3000,0,0,-0.237521124,0.310895354,0.02913621530633334,0.05035862177432035
train,材料2,490,3000,0,0,-0.237466798,0.310868036,0.028897641879333292,0.05019441145723866
train,材料2,491,3000,0,0,-0.237404646,0.310842026,0.028658952707333308,0.0500311658332365
train,材料2,492,3000,0,0,-0.237334129,0.310818165,0.028420262678000005,0.04986897105440831
train,材料2,493,3000,0,0,-0.237256968,0.310795701,0.028181411466000013,0.04970792530083121
train,材料2,494,3000,0,0,-0.237171421,0.310768417,0.02794262232633332,0.04954788304826911
train,材料2,495,3000,0,0,-0.237078113,0.310736841,0.027703697086666684,0.049388962652358794
train,材料2,496,3000,0,0,-0.236975347,0.310708303,0.027464753007666674,0.049231039440872676
train,材料2,497,3000,0,0,-0.23686267,0.310683032,0.027225870281999985,0.04907425695629248
train,材料2,498,3000,0,0,-0.236740417,0.310657206,0.02698685562433333,0.04891861115296906
train,材料2,499,3000,0,0,-0.2366085,0.310629224,0.02674783326666667,0.04876410419833357
train,材料2,500,3000,0,0,-0.236470297,0.310601892,0.026508732789999948,0.04861071329917772
train,材料2,501,3000,0,0,-0.236324413,0.310578133,0.026269653196333332,0.048458469018967866
train,材料2,502,3000,0,0,-0.236166957,0.310555577,0.026030499574000002,0.048307409423505344
train,材料2,503,3000,0,0,-0.23600012,0.310526467,0.025791262945,0.04815754930348329
train,材料2,504,3000,0,0,-0.235829397,0.310442015,0.02555182083966659,0.048008240976033845
train,材料2,505,3000,0,0,-0.235652676,0.310251214,0.025311926198666658,0.047858696611118044
train,材料2,506,3000,0,0,-0.235465547,0.309823466,0.025071287668333282,0.047707467008986294
train,材料2,507,3000,0,0,-0.235268935,0.30914804,0.02482974118033332,0.0475543191227694
train,材料2,508,3000,0,0,-0.235066078,0.308266946,0.024587213648999982,0.04739950379565348
train,材料2,509,3000,0,0,-0.234854284,0.307140945,0.024343696023666657,0.04724246879756421
train,材料2,510,3000,0,0,-0.234631849,0.305825287,0.02409920898899999,0.04708404003487762
train,材料2,511,3000,0,0,-0.234401185,0.304340157,0.02385397671433335,0.04692439243466095
train,材料2,512,3000,0,0,-0.234161991,0.302771342,0.023608298972333325,0.0467647224269259
train,材料2,513,3000,0,0,-0.233914298,0.301207566,0.023362565653333344,0.046606260906641446
train,材料2,514,3000,0,0,-0.233657478,0.29964728,0.02311679705999997,0.04644897447943096
train,材料2,515,3000,0,0,-0.233393556,0.298088258,0.02287104891266668,0.04629299443360008
train,材料2,516,3000,0,0,-0.233122788,0.296532151,0.02262533678866666,0.04613824506566904
train,材料2,517,3000,0,0,-0.232845617,0.294977362,0.022379623274333342,0.04598492507123679
train,材料2,518,3000,0,0,-0.232559346,0.293421007,0.022133907575666672,0.045832861879763556
train,材料2,519,3000,0,0,-0.232261986,0.29186731,0.021888206357999988,0.04568210305859817
train,材料2,520,3000,0,0,-0.231955542,0.290315619,0.02164248503999999,0.04553270117430639
train,材料2,521,3000,0,0,-0.231641039,0.288765108,0.021396828779333337,0.04538454207267858
train,材料2,522,3000,0,0,-0.23131917,0.287214062,0.021151156859333334,0.04523774147164569
train,材料2,523,3000,0,0,-0.23098977,0.285661431,0.020905492858666646,0.045092367472746
train,材料2,524,3000,0,0,-0.230654686,0.284109929,0.020659937052999996,0.04494831008178142
train,材料2,525,3000,0,0,-0.230312296,0.282558997,0.020414350543000004,0.044805743559796316
train,材料2,526,3000,0,0,-0.229959128,0.28100727,0.020168818434000004,0.044664522261536846
train,材料2,527,3000,0,0,-0.229595583,0.279456202,0.019923276588333334,0.04452461330201801
train,材料2,528,3000,0,0,-0.229223507,0.277906467,0.019677716443666643,0.044386147134598486
train,材料2,529,3000,0,0,-0.228844343,0.276357164,0.01943226053299999,0.044249168312676924
train,材料2,530,3000,0,0,-0.228455652,0.274807091,0.019186794841000016,0.044113508990424245
train,材料2,531,3000,0,0,-0.228059474,0.273257195,0.018941402659666685,0.04397939807582835
train,材料2,532,3000,0,0,-0.227658168,0.271705573,0.01869597179599998,0.04384665151375724
train,材料2,533,3000,0,0,-0.227246698,0.27015506,0.018450681295000004,0.04371543083545369
train,材料2,534,3000,0,0,-0.226826895,0.26860732,0.018205329399999977,0.0435857118588181
train,材料2,535,3000,0,0,-0.226402681,0.267057266,0.017960092527333306,0.04345749177610443
train,材料2,536,3000,0,0,-0.225971052,0.265510887,0.017714897251666688,0.043330749231761514
train,材料2,537,3000,0,0,-0.226232803,0.263963772,0.017469804864666687,0.04320551928524703
train,材料2,538,3000,0,0,-0.226771741,0.262413101,0.017224704828666663,0.043081843692907386
train,材料2,539,3000,0,0,-0.227302558,0.260862161,0.01697971645066668,0.0429596563480865
train,材料2,540,3000,0,0,-0.227824682,0.259311395,0.01673470160000002,0.04283911779684675
train,材料2,541,3000,0,0,-0.228336777,0.257762712,0.016489806426999987,0.04272012185511805
train,材料2,542,3000,0,0,-0.228838373,0.256215869,0.016244970869666666,0.04260275209026112
train,材料2,543,3000,0,0,-0.229330429,0.254671315,0.01600021161666668,0.042486929757994694
train,材料2,544,3000,0,0,-0.229813349,0.25312743,0.015755534268000002,0.04237269617209017
train,材料2,545,3000,0,0,-0.230287247,0.251581999,0.01551090241933334,0.042260099149358375
train,材料2,546,3000,0,0,-0.230752295,0.250035542,0.015266345947333324,0.042149153139834965
train,材料2,547,3000,0,0,-0.231206223,0.248495443,0.015021839575666694,0.04203977343939237
train,材料2,548,3000,0,0,-0.231650904,0.246959325,0.014777398518666692,0.041931972998868604
train,材料2,549,3000,0,0,-0.232087715,0.245416812,0.014533069750666662,0.041825724577086325
train,材料2,550,3000,0,0,-0.232514935,0.243870121,0.01428872670333334,0.04172118828946812
train,材料2,551,3000,0,0,-0.232933705,0.24232461,0.01404453630399999,0.041618286208372324
train,材料2,552,3000,0,0,-0.233342295,0.24094,0.013800386323333339,0.041517120819677275
train,材料2,553,3000,0,0,-0.233741885,0.24102,0.013556375598333347,0.041417639479374796
train,材料2,554,3000,0,0,-0.234134707,0.24109,0.013312441907333354,0.041319744549784834
train,材料2,555,3000,0,0,-0.234518557,0.24116,0.013068587149333344,0.04122360191595641
train,材料2,556,3000,0,0,-0.234892068,0.24121,0.012824848976666635,0.04112914635908253
train,材料2,557,3000,0,0,-0.235255191,0.24126,0.012581138563333337,0.04103652305269666
train,材料2,558,3000,0,0,-0.235607808,0.2413,0.012337602995999985,0.04094555019539347
train,材料2,559,3000,0,0,-0.235950054,0.24133,0.012094168847333338,0.0408562878931969
train,材料2,560,3000,0,0,-0.236284063,0.24135,0.011850883450000009,0.04076873881565748
train,材料2,561,3000,0,0,-0.236610002,0.24136,0.011607604800333356,0.040683000341608475
train,材料2,562,3000,0,0,-0.236927163,0.24136,0.011364433382666668,0.04059901786992892
train,材料2,563,3000,0,0,-0.237235293,0.24136,0.011121369463666677,0.04051674176948478
train,材料2,564,3000,0,0,-0.237532135,0.24135,0.010878410427000027,0.04043628944993839
train,材料2,565,3000,0,0,-0.237818825,0.24134,0.010635560730666672,0.04035757348765155
train,材料2,566,3000,0,0,-0.238095122,0.24132,0.010392870306666666,0.04028060209376428
train,材料2,567,3000,0,0,-0.238361073,0.24129,0.010150251691333333,0.04020545002479067
train,材料2,568,3000,0,0,-0.238618583,0.24125,0.009907704246666671,0.04013208781089834
train,材料2,569,3000,0,0,-0.238867881,0.24121,0.009665355306666668,0.04006047047923796
train,材料2,570,3000,0,0,-0.239109515,0.24116,0.009423095337999997,0.03999067210948163
train,材料2,571,3000,0,0,-0.239343523,0.2411,0.009181021366666667,0.03992262034522713
train,材料2,572,3000,0,0,-0.23957038,0.24103,0.008938970664333343,0.03985639160889934
train,材料2,573,3000,0,0,-0.239788334,0.24095,0.008697154763666662,0.039791897457621135
train,材料2,574,3000,0,0,-0.239997551,0.24086,0.008455365788333327,0.03972929838521226
train,材料2,575,3000,0,0,-0.240197637,0.24076,0.00821378472566666,0.03966845348295598
train,材料2,576,3000,0,0,-0.240385602,0.24066,0.007972353415333346,0.03960928372020713
train,材料2,577,3000,0,0,-0.240563159,0.24055,0.007730947575999996,0.03955200431303264
train,材料2,578,3000,0,0,-0.24073045,0.24043,0.007489812872999994,0.03949643147936844
train,材料2,579,3000,0,0,-0.240888987,0.2403,0.007248761272666674,0.03944271927484501
train,材料2,580,3000,0,0,-0.241040028,0.24017,0.007007853424666666,0.039390864593771495
train,材料2,581,3000,0,0,-0.241182107,0.24002,0.006767103048333316,0.03934070441194859
train,材料2,582,3000,0,0,-0.241315931,0.23987,0.006526528834333343,0.0392923332488665
train,材料2,583,3000,0,0,-0.241440316,0.23971,0.006286113167666679,0.03924570078484114
train,材料2,584,3000,0,0,-0.241556314,0.23953,0.0060458828876666735,0.03920076626008007
train,材料2,585,3000,0,0,-0.241664415,0.23936,0.005805754083666661,0.0391576738615225
train,材料2,586,3000,0,0,-0.241762796,0.23917,0.005565761661666669,0.039116212786945846
train,材料2,587,3000,0,0,-0.241851394,0.23898,0.0053258599060000055,0.03907646474479549
train,材料2,588,3000,0,0,-0.241930305,0.23877,0.00508612324933334,0.03903841250819109
train,材料2,589,3000,0,0,-0.242000251,0.23856,0.004846476848000005,0.03900203610383721
train,材料2,590,3000,0,0,-0.242060609,0.23834,0.004606970837000004,0.038967250719433966
train,材料2,591,3000,0,0,-0.242110773,0.23811,0.004367592349666669,0.03893413351948272
train,材料2,592,3000,0,0,-0.242151834,0.23787,0.004128396303666669,0.038902656879912886
train,材料2,593,3000,0,0,-0.242182999,0.23763,0.0038892982646666504,0.038872854702868186
train,材料2,594,3000,0,0,-0.242204673,0.23737,0.0036503782846666636,0.0388446807372609
train,材料2,595,3000,0,0,-0.242220165,0.23711,0.003411571124666673,0.0388181138527732
train,材料2,596,3000,0,0,-0.242228003,0.23684,0.0031729715789999987,0.03879317726421906
train,材料2,597,3000,0,0,-0.242227135,0.23656,0.002934475077000003,0.03876986393833729
train,材料2,598,3000,0,0,-0.242220378,0.23627,0.002696147829333327,0.03874813605631415
train,材料2,599,3000,0,0,-0.242207783,0.23597,0.002457996023666666,0.03872799582767283
train,材料2,600,3000,0,0,-0.24218707,0.23567,0.0022199778686666765,0.03870946673668614
train,材料2,601,3000,0,0,-0.242158717,0.23535,0.001982139693999993,0.03869248895362226
train,材料2,602,3000,0,0,-0.242123434,0.23503,0.0017444291626666551,0.038676993165561835
train,材料2,603,3000,0,0,-0.242079566,0.2347,0.0015068239069999899,0.03866303106238562
train,材料2,604,3000,0,0,-0.242027512,0.23437,0.001269365290999999,0.03865042824284076
train,材料2,605,3000,0,0,-0.241968658,0.23402,0.0010319834766666612,0.03863926112483607
train,材料2,606,3000,0,0,-0.241902202,0.23367,0.000794682653,0.038629239262576824
train,材料2,607,3000,0,0,-0.24182582,0.23331,0.0005573413780000136,0.038620046677477954
train,材料2,608,3000,0,0,-0.241741859,0.23294,0.00031968024566665616,0.03861132565288744
train,材料2,609,3000,0,0,-0.241649747,0.23256,8.17702613333502e-05,0.03860260259757412
train,材料2,610,3000,0,0,-0.241547177,0.23218,-0.0001566785866666693,0.03859381436521986
train,材料2,611,3000,0,0,-0.241434716,0.23179,-0.00039552351033332936,0.038584934946242946
train,材料2,612,3000,0,0,-0.241314029,0.23139,-0.0006347408023333504,0.038576119562580884
train,材料2,613,3000,0,0,-0.241187774,0.23098,-0.0008741266970000014,0.038567644709620694
train,材料2,614,3000,0,0,-0.241052851,0.23056,-0.001113574829666683,0.038559873732021424
train,材料2,615,3000,0,0,-0.240907635,0.23013,-0.0013528949896666725,0.03855315466102019
train,材料2,616,3000,0,0,-0.240754837,0.2297,-0.0015920394646666853,0.038547916084739724
train,材料2,617,3000,0,0,-0.240594227,0.22925,-0.0018309802683333326,0.03854403902403952
train,材料2,618,3000,0,0,-0.240424458,0.2288,-0.0020697153626666725,0.03854177705497437
train,材料2,619,3000,0,0,-0.240247561,0.22834,-0.0023081868863333295,0.03854103301830277
train,材料2,620,3000,0,0,-0.240061279,0.22787,-0.0025463692289999684,0.038541829708966836
train,材料2,621,3000,0,0,-0.239864776,0.2274,-0.002784259620333351,0.03854421770499193
train,材料2,622,3000,0,0,-0.239660866,0.22692,-0.0030219040743333413,0.038548202059298445
train,材料2,623,3000,0,0,-0.239448398,0.22643,-0.0032592098959999937,0.03855359276501589
train,材料2,624,3000,0,0,-0.239228031,0.22593,-0.003496266841666676,0.03856051434842786
train,材料2,625,3000,0,0,-0.238998978,0.22542,-0.0037330935296666754,0.03856898607266421
train,材料2,626,3000,0,0,-0.238760181,0.22491,-0.003969610692333323,0.038579027652116384
train,材料2,627,3000,0,0,-0.238513909,0.2244,-0.00420585092766665,0.03859041259071912
train,材料2,628,3000,0,0,-0.238259669,0.22387,-0.004441861315333314,0.038603344197192045
train,材料2,629,3000,0,0,-0.237997052,0.22333,-0.004677595274333337,0.038617669570456946
train,材料2,630,3000,0,0,-0.237727141,0.222998066,-0.004913037210666657,0.03863345259277583
train,材料2,631,3000,0,0,-0.237448918,0.223549971,-0.0051482715566666575,0.038650610352269264
train,材料2,632,3000,0,0,-0.237163212,0.224092971,-0.005383215094333314,0.03866906229820191
train,材料2,633,3000,0,0,-0.236871559,0.224629916,-0.005617934600999991,0.03868903264157972
train,材料2,634,3000,0,0,-0.236570483,0.225157231,-0.005852341003999997,0.03871030856482074
train,材料2,635,3000,0,0,-0.236261249,0.225675193,-0.0060865497543333156,0.03873303383714651
train,材料2,636,3000,0,0,-0.235946295,0.226183252,-0.006320426370333343,0.038757015837486544
train,材料2,637,3000,0,0,-0.2356221,0.226680536,-0.0065541155846666815,0.03878236343890236
train,材料2,638,3000,0,0,-0.235289383,0.227168368,-0.006787452239333345,0.03880890214377718
train,材料2,639,3000,0,0,-0.234948367,0.227647129,-0.007020502831999994,0.03883678296240162
train,材料2,640,3000,0,0,-0.234599321,0.22812156,-0.007253234472999991,0.03886590114001059
train,材料2,641,3000,0,0,-0.234244061,0.22858595,-0.007485777885333328,0.03889633721497441
train,材料2,642,3000,0,0,-0.233880492,0.229037465,-0.007717979186333345,0.03892798598036799
train,材料2,643,3000,0,0,-0.233509842,0.229481713,-0.007949875145666654,0.038960935930500845
train,材料2,644,3000,0,0,-0.233133441,0.229915417,-0.008181489460333364,0.03899507026591452
train,材料2,645,3000,0,0,-0.232746745,0.230338367,-0.008412777672666703,0.03903048681991639
train,材料2,646,3000,0,0,-0.232349496,0.230752449,-0.008643780739666668,0.039067093157571835
train,材料2,647,3000,0,0,-0.231946154,0.231157603,-0.008874480757999993,0.039104932795805444
train,材料2,648,3000,0,0,-0.231535493,0.231555451,-0.009104844077333347,0.03914384694360064
train,材料2,649,3000,0,0,-0.231116771,0.231943361,-0.009334937560333344,0.039184000385036666
train,材料2,650,3000,0,0,-0.230691594,0.232319764,-0.009564731766333325,0.03922531976604235
train,材料2,651,3000,0,0,-0.230257961,0.232686447,-0.009794238649333327,0.03926768485498562
train,材料2,652,3000,0,0,-0.229815948,0.23304319,-0.010023410564333328,0.03931122532127652
train,材料2,653,3000,0,0,-0.229365202,0.233390011,-0.010252270914333336,0.039355885312303704
train,材料2,654,3000,0,0,-0.228907689,0.233726197,-0.010480798567666663,0.03940158393497028
train,材料2,655,3000,0,0,-0.22844496,0.234055219,-0.010708958217666677,0.03944839985539969
train,材料2,656,3000,0,0,-0.227973677,0.234374869,-0.01093685233166667,0.03949614697273007
train,材料2,657,3000,0,0,-0.227495404,0.234685915,-0.011164401723333354,0.03954501915702376
train,材料2,658,3000,0,0,-0.227011495,0.234991347,-0.011391689394666659,0.03959492557034052
train,材料2,659,3000,0,0,-0.226520658,0.235287955,-0.011618615130333345,0.03964580693014565
train,材料2,660,3000,0,0,-0.226021705,0.235577082,-0.011845185066666625,0.03969767624142009
train,材料2,661,3000,0,0,-0.225513148,0.235859145,-0.012071429682000019,0.039750659652201245
train,材料2,662,3000,0,0,-0.224997696,0.236131696,-0.01229735609600001,0.03980455636302071
train,材料2,663,3000,0,0,-0.224474355,0.236392357,-0.012523007285333357,0.03985949237389621
train,材料2,664,3000,0,0,-0.223942891,0.23664376,-0.012748291907666671,0.039915290915264336
train,材料2,665,3000,0,0,-0.223403778,0.236882764,-0.012973281941666682,0.039972083582122155
train,材料2,666,3000,0,0,-0.222858279,0.237112385,-0.013197873573666662,0.04002982004748394
train,材料2,667,3000,0,0,-0.223180753,0.237335557,-0.013422184085666655,0.0400885364993946
train,材料2,668,3000,0,0,-0.223745489,0.237547262,-0.01364610880799998,0.04014813498652679
train,材料2,669,3000,0,0,-0.224302012,0.237749161,-0.013869774618666657,0.04020863955126354
train,材料2,670,3000,0,0,-0.224850581,0.237941328,-0.014093055067333328,0.040270065920760115
train,材料2,671,3000,0,0,-0.22538849,0.238124927,-0.014315955136,0.04033240183321077
train,材料2,672,3000,0,0,-0.225915103,0.238299363,-0.014538551948333311,0.04039556612735977
train,材料2,673,3000,0,0,-0.226433904,0.238464002,-0.014760826226000006,0.04045954031135562
train,材料2,674,3000,0,0,-0.226944748,0.238623222,-0.014982683723666585,0.040524378241352056
train,材料2,675,3000,0,0,-0.227444529,0.238773302,-0.01520422318,0.04059008059212448
train,材料2,676,3000,0,0,-0.227935227,0.238910219,-0.015425460194333327,0.040656502829588874
train,材料2,677,3000,0,0,-0.228417767,0.239037113,-0.015646311637,0.04072385149131558
train,材料2,678,3000,0,0,-0.228890261,0.239155954,-0.01586682007133337,0.0407918490864298
train,材料2,679,3000,0,0,-0.229353204,0.239273278,-0.016086953619333356,0.04086074277845771
train,材料2,680,3000,0,0,-0.229807987,0.239386852,-0.016306761108666686,0.040930329523558705
train,材料2,681,3000,0,0,-0.23025487,0.239490881,-0.016526189701999927,0.04100079709569015
train,材料2,682,3000,0,0,-0.230691406,0.239588537,-0.016745318548999955,0.041072002603560614
train,材料2,683,3000,0,0,-0.231116529,0.23967558,-0.016964006330333292,0.04114381011882331
train,材料2,684,3000,0,0,-0.231532101,0.239750927,-0.01718233880866666,0.04121630975145011
train,材料2,685,3000,0,0,-0.231936448,0.23981831,-0.01740024889466668,0.04128953502668884
train,材料2,686,3000,0,0,-0.232330747,0.239877293,-0.017617873369999985,0.04136349109317916
train,材料2,687,3000,0,0,-0.2327161,0.240102439,-0.01783511402333334,0.04143818480679095
train,材料2,688,3000,0,0,-0.233094156,0.240323641,-0.018051972266666685,0.041513580312642274
train,材料2,689,3000,0,0,-0.233463788,0.240534512,-0.018268464882666695,0.0415896540460001
train,材料2,690,3000,0,0,-0.233822681,0.240735973,-0.018484654174333367,0.04166635709067592
train,材料2,691,3000,0,0,-0.234174042,0.240927426,-0.01870035573766664,0.04174368641893511
train,材料2,692,3000,0,0,-0.234516711,0.241111624,-0.018915704085000002,0.04182165252849971
train,材料2,693,3000,0,0,-0.234849791,0.241287917,-0.019130712369999962,0.04190021760416434
train,材料2,694,3000,0,0,-0.23517503,0.241453097,-0.01934531007733333,0.041979440971350986
train,材料2,695,3000,0,0,-0.235491894,0.241609256,-0.019559580078333322,0.0420592647330036
train,材料2,696,3000,0,0,-0.235799353,0.241756641,-0.01977339337033332,0.04213960518749984
train,材料2,697,3000,0,0,-0.236098949,0.241894945,-0.019986845403000022,0.04222058348101768
train,材料2,698,3000,0,0,-0.23639161,0.24202348,-0.02019988875366673,0.04230217950180111
train,材料2,699,3000,0,0,-0.236673869,0.24214179,-0.0204125680416666,0.04238424300097227
train,材料2,700,3000,0,0,-0.236942977,0.242253344,-0.020624919321799978,0.04246692165528792
train,材料2,701,3000,0,0,-0.237201104,0.242357562,-0.020836826214,0.042550272982204804
train,材料2,702,3000,0,0,-0.237450436,0.242451141,-0.02104837323000005,0.042634020519208074
train,材料2,703,3000,0,0,-0.237690635,0.24253442,-0.02125946481900002,0.0427182583720846
train,材料2,704,3000,0,0,-0.237920327,0.242609642,-0.021470161665666666,0.042803069756174636
train,材料2,705,3000,0,0,-0.238142135,0.242675599,-0.021680527454333305,0.04288840443758424
train,材料2,706,3000,0,0,-0.238356281,0.242731029,-0.02189047921266664,0.04297422479540876
train,材料2,707,3000,0,0,-0.238560923,0.242777946,-0.022099987556666693,0.04306062458404673
train,材料2,708,3000,0,0,-0.238758705,0.242817235,-0.022309189300333362,0.043147541082296494
train,材料2,709,3000,0,0,-0.238947335,0.242848089,-0.02251791952466661,0.043234867220307366
train,材料2,710,3000,0,0,-0.239125558,0.242869898,-0.02272630956033332,0.04332264025679133
train,材料2,711,3000,0,0,-0.239294506,0.242883914,-0.02293428603333332,0.04341099402650897
train,材料2,712,3000,0,0,-0.239454564,0.242890495,-0.023141904099666686,0.04349985196370066
train,材料2,713,3000,0,0,-0.239606118,0.242889709,-0.0233491083616667,0.04358915626637348
train,材料2,714,3000,0,0,-0.239746723,0.242883075,-0.023555929969333297,0.04367883164583992
train,材料2,715,3000,0,0,-0.239994805,0.242870092,-0.023762318389666665,0.04376892965482991
train,材料2,716,3000,0,0,-0.24037236,0.242850329,-0.023968290900999993,0.0438595857259112
train,材料2,717,3000,0,0,-0.240738702,0.24282356,-0.024173894487999958,0.043950610341457794
train,材料2,718,3000,0,0,-0.241092455,0.242788299,-0.024379079966999957,0.04404215790021518
train,材料2,719,3000,0,0,-0.241439016,0.242743586,-0.024583854795333294,0.044134092116208064
train,材料2,720,3000,0,0,-0.241776663,0.242690835,-0.024788231841666602,0.044226462661377856
train,材料2,721,3000,0,0,-0.242103612,0.242630714,-0.024992211354333306,0.04431926131048981
train,材料2,722,3000,0,0,-0.242421744,0.242562871,-0.02519575115699995,0.044412412033199455
train,材料2,723,3000,0,0,-0.242729285,0.242485358,-0.025398829552666684,0.04450604313614048
train,材料2,724,3000,0,0,-0.243022249,0.242398071,-0.02560155893866668,0.04460000723369397
train,材料2,725,3000,0,0,-0.243304959,0.242303196,-0.02580383210666666,0.04469437840868359
train,材料2,726,3000,0,0,-0.243580464,0.242200955,-0.026005723141999903,0.044789152860187025
train,材料2,727,3000,0,0,-0.243845678,0.24208993,-0.026207237765333305,0.04488435929148825
train,材料2,728,3000,0,0,-0.244097626,0.241970343,-0.02640829946633338,0.044979944961778186
train,材料2,729,3000,0,0,-0.244340459,0.241842716,-0.02660891992800004,0.0450760110171726
train,材料2,730,3000,0,0,-0.24457568,0.24170638,-0.0268091075003333,0.04517228474663905
train,材料2,731,3000,0,0,-0.244796561,0.241559512,-0.02700888327966671,0.04526898051211398
train,材料2,732,3000,0,0,-0.245011103,0.241403174,-0.02720823717166665,0.04536604595114637
train,材料2,733,3000,0,0,-0.245219244,0.241238802,-0.02740719315133325,0.045463444637712874
train,材料2,734,3000,0,0,-0.245417849,0.241065272,-0.027605681897666618,0.04556128715086256
train,材料2,735,3000,0,0,-0.245603875,0.240883139,-0.027803848413333342,0.045659461595734065
train,材料2,736,3000,0,0,-0.245778165,0.24069167,-0.02800158242433333,0.045758040391147996
train,材料2,737,3000,0,0,-0.245944252,0.240491783,-0.028198848421000035,0.04585693931266886
train,材料2,738,3000,0,0,-0.246103472,0.240284042,-0.028395639468333386,0.04595613306399344
train,材料2,739,3000,0,0,-0.246255372,0.240067553,-0.028592084078000027,0.0460557478613599
train,材料2,740,3000,0,0,-0.246392769,0.239843379,-0.02878811341466666,0.0461557334204418
train,材料2,741,3000,0,0,-0.246520891,0.239613355,-0.02898373363033337,0.04625610220515954
train,材料2,742,3000,0,0,-0.246639088,0.239376044,-0.02917890250299997,0.046356766241424166
train,材料2,743,3000,0,0,-0.246743528,0.239130248,-0.02937363979400001,0.046457841149942086
train,材料2,744,3000,0,0,-0.246841014,0.238876524,-0.029567973273000002,0.04655911850696499
train,材料2,745,3000,0,0,-0.246929241,0.238614595,-0.029761904448333282,0.046660880280187264
train,材料2,746,3000,0,0,-0.247005415,0.238343958,-0.02995542091433325,0.046762996625281016
train,材料2,747,3000,0,0,-0.247072671,0.238063871,-0.030148466991333393,0.046865403700038936
train,材料2,748,3000,0,0,-0.24712893,0.237776335,-0.03034109249000001,0.04696816395679688
train,材料2,749,3000,0,0,-0.247178352,0.23748147,-0.030533325163666736,0.04707124083522609
train,材料2,750,3000,0,0,-0.247222631,0.237178233,-0.03072515981899998,0.04717475304614157
train,材料2,751,3000,0,0,-0.247295102,0.236866883,-0.030916528346999983,0.0472786627517589
train,材料2,752,3000,0,0,-0.247404239,0.236546309,-0.031107468412333413,0.04738285615186841
train,材料2,753,3000,0,0,-0.247502141,0.236216263,-0.03129807615200004,0.04748745377977261
train,材料2,754,3000,0,0,-0.247589921,0.235880452,-0.031488212709000034,0.04759242574228005
train,材料2,755,3000,0,0,-0.247670546,0.235960118,-0.03167791276733331,0.04769774006810574
train,材料2,756,3000,0,0,-0.247742262,0.236264124,-0.0318671696406666,0.04780342627905505
train,材料2,757,3000,0,0,-0.247802359,0.236559317,-0.0320560473753334,0.047909526860189594
train,材料2,758,3000,0,0,-0.247851263,0.236848095,-0.03224453945799995,0.04801600944453985
train,材料2,759,3000,0,0,-0.247890497,0.237129524,-0.03243266083600003,0.04812285670871238
train,材料2,760,3000,0,0,-0.247921364,0.237401868,-0.03262034245066662,0.048230194338809325
train,材料2,761,3000,0,0,-0.247945545,0.23766326,-0.03280760724766677,0.04833788565621096
train,材料2,762,3000,0,0,-0.247964084,0.237914319,-0.03299451403966669,0.04844601478170235
train,材料2,763,3000,0,0,-0.247975405,0.238158367,-0.033180993200666656,0.04855466136670228
train,材料2,764,3000,0,0,-0.247979405,0.238394807,-0.03336712355933325,0.048663689958361164
train,材料2,765,3000,0,0,-0.247972923,0.238621305,-0.033552916263,0.04877313719073561
train,材料2,766,3000,0,0,-0.247956515,0.23883776,-0.03373829578199999,0.048883031659391805
train,材料2,767,3000,0,0,-0.247932517,0.239045894,-0.03392337954166662,0.04899341142838735
train,材料2,768,3000,0,0,-0.247898603,0.239245206,-0.034108015957666646,0.04910429801851387
train,材料2,769,3000,0,0,-0.247856192,0.239435234,-0.03429237108299998,0.04921552191551104
train,材料2,770,3000,0,0,-0.247804956,0.239618301,-0.034476269931333306,0.049327315023645096
train,材料2,771,3000,0,0,-0.247744466,0.239792604,-0.03465984264066661,0.04943938158140322
train,材料2,772,3000,0,0,-0.247673917,0.239956951,-0.03484296175033331,0.04955192867012853
train,材料2,773,3000,0,0,-0.247593276,0.240112002,-0.035025802464999936,0.04966488322406901
train,材料2,774,3000,0,0,-0.247503895,0.240258195,-0.03520821132633332,0.04977823041876985
train,材料2,775,3000,0,0,-0.247404619,0.24039511,-0.03539016917100002,0.04989183214463401
train,材料2,776,3000,0,0,-0.247295533,0.24052093,-0.03557168158166666,0.05000593822067827
train,材料2,777,3000,0,0,-0.247176361,0.240636849,-0.03575287553499993,0.05012044508700589
train,材料2,778,3000,0,0,-0.2470481,0.240745568,-0.0359336065466667,0.05023535162101915
train,材料2,779,3000,0,0,-0.246909971,0.240846124,-0.036113936813000035,0.05035067007559503
train,材料2,780,3000,0,0,-0.246762945,0.240935368,-0.036293838100999995,0.05046629164275606
train,材料2,781,3000,0,0,-0.246608955,0.241015843,-0.036473282391999984,0.05058229815349144
train,材料2,782,3000,0,0,-0.246446174,0.241090796,-0.03665237764366668,0.05069877432405606
train,材料2,783,3000,0,0,-0.246272644,0.241156309,-0.036831070937666674,0.05081560824186594
train,材料2,784,3000,0,0,-0.24619,0.241211075,-0.03700926625366658,0.050932768181905765
train,材料2,785,3000,0,0,-0.2461,0.241257348,-0.037187088237999974,0.05105028895592444
train,材料2,786,3000,0,0,-0.24599,0.241296654,-0.03736445880766658,0.051168233295754637
train,材料2,787,3000,0,0,-0.24588,0.241326837,-0.037541408182666686,0.0512865856360496
train,材料2,788,3000,0,0,-0.24576,0.24134598,-0.037717909300666624,0.051405232691711045
train,材料2,789,3000,0,0,-0.24563,0.241356227,-0.03789399732666669,0.05152427427547966
train,材料2,790,3000,0,0,-0.24549,0.241360049,-0.03806973165700007,0.0516436956838692
train,材料2,791,3000,0,0,-0.24534,0.24135916,-0.038244930989666734,0.051763559450476886
train,材料2,792,3000,0,0,-0.24519,0.241352808,-0.03841976476266673,0.051883798969102564
train,材料2,793,3000,0,0,-0.24502,0.241339456,-0.038594176343666735,0.052004383718330244
train,材料2,794,3000,0,0,-0.24484,0.241318222,-0.03876808142200003,0.05212543320470715
train,材料2,795,3000,0,0,-0.24465,0.241290357,-0.038941608943333365,0.052246983084395016
train,材料2,796,3000,0,0,-0.24446,0.241254391,-0.03911475175033339,0.05236891108423033
train,材料2,797,3000,0,0,-0.24425,0.241208895,-0.03928752571199999,0.052491273218288094
train,材料2,798,3000,0,0,-0.24404,0.2411569,-0.03945985949433335,0.05261411369920871
train,材料2,799,3000,0,0,-0.24381,0.241097588,-0.03963174194900006,0.052737300919871145
train,材料2,800,3000,0,0,-0.24358,0.241028623,-0.03980316153300002,0.052860825874773656
train,材料2,801,3000,0,0,-0.24333,0.240950094,-0.03997421950866661,0.05298482107714496
train,材料2,802,3000,0,0,-0.24308,0.240860741,-0.04014481222533329,0.053109339816551
train,材料2,803,3000,0,0,-0.24282,0.240763448,-0.040315006154999965,0.05323421298394565
train,材料2,804,3000,0,0,-0.24255,0.240661061,-0.04048479168533332,0.05335948817677879
train,材料2,805,3000,0,0,-0.24227,0.240550052,-0.040654154018000106,0.053485262745515176
train,材料2,806,3000,0,0,-0.24199,0.240431274,-0.04082310668433333,0.0536114890783521
train,材料2,807,3000,0,0,-0.24169,0.240303966,-0.040991664842333325,0.053738287337145293
train,材料2,808,3000,0,0,-0.24138,0.240166628,-0.04115983283233333,0.0538654805860781
train,材料2,809,3000,0,0,-0.24106,0.240021742,-0.041327530902333376,0.053993180151797986
train,材料2,810,3000,0,0,-0.24074,0.239868754,-0.04149483743100004,0.05412123278671745
train,材料2,811,3000,0,0,-0.2404,0.239705899,-0.041661687437999965,0.05424974146731941
train,材料2,812,3000,0,0,-0.24005,0.239534287,-0.0418281907836667,0.05437877715955506
train,材料2,813,3000,0,0,-0.2397,0.239356475,-0.04199425353100005,0.054508271995900824
train,材料2,814,3000,0,0,-0.23934,0.239171488,-0.042159869764333356,0.054638269479656
train,材料2,815,3000,0,0,-0.23897,0.238977725,-0.042325116766000016,0.05476871162977793
train,材料2,816,3000,0,0,-0.239630423,0.238773782,-0.04248988581733323,0.054899641519057386
train,材料2,817,3000,0,0,-0.240619867,0.238561091,-0.042654259169666704,0.0550310943713914
train,材料2,818,3000,0,0,-0.24160785,0.238339764,-0.04281822801400003,0.0551631027943014
train,材料2,819,3000,0,0,-0.242594852,0.238109081,-0.042981810049999986,0.055295550236797775
train,材料2,820,3000,0,0,-0.243577486,0.237870816,-0.04314502228133329,0.055428506585980065
train,材料2,821,3000,0,0,-0.244561502,0.237625161,-0.04330775018533335,0.055562132798228685
train,材料2,822,3000,0,0,-0.245544986,0.237372244,-0.04347011857633329,0.05569614788333204
train,材料2,823,3000,0,0,-0.246532313,0.237109835,-0.0436320975476667,0.05583068887051836
train,材料2,824,3000,0,0,-0.247520325,0.236837369,-0.04379359277866664,0.05596581013108541
train,材料2,825,3000,0,0,-0.248508551,0.236555796,-0.04395475286799991,0.05610147349097492
train,材料2,826,3000,0,0,-0.249501819,0.236267057,-0.04411550987199998,0.05623758905911389
train,材料2,827,3000,0,0,-0.250494859,0.235971657,-0.044275850344333255,0.056374252782875486
train,材料2,828,3000,0,0,-0.251486177,0.235667627,-0.04443577632633335,0.056511458473799
train,材料2,829,3000,0,0,-0.252479688,0.23551,-0.044595327181000004,0.05664928373727397
train,材料2,830,3000,0,0,-0.253470249,0.23582,-0.04475447716166673,0.05678757449082961
train,材料2,831,3000,0,0,-0.254450781,0.23611,-0.04491316918666671,0.05692644929502923
train,材料2,832,3000,0,0,-0.255431701,0.23641,-0.04507152072133341,0.05706593140979132
train,材料2,833,3000,0,0,-0.25642286,0.23669,-0.045229534176333394,0.057205977215257955
train,材料2,834,3000,0,0,-0.257415578,0.23696,-0.04538715039100002,0.05734662128885974
train,材料2,835,3000,0,0,-0.258405437,0.23723,-0.04554437357166669,0.0574878967141851
train,材料2,836,3000,0,0,-0.259394625,0.23749,-0.045701197413333346,0.057629767160369064
train,材料2,837,3000,0,0,-0.260378686,0.23773,-0.04585762413599998,0.057772195433599044
train,材料2,838,3000,0,0,-0.261359248,0.23797,-0.046013677429333266,0.0579152818550544
train,材料2,839,3000,0,0,-0.262341261,0.2382,-0.04616930804233331,0.058058887807951806
train,材料2,840,3000,0,0,-0.26332913,0.23841,-0.04632458804066671,0.05820309450674093
train,材料2,841,3000,0,0,-0.264314931,0.23862,-0.04647944391500006,0.058347855416893336
train,材料2,842,3000,0,0,-0.265297137,0.23882,-0.04663388475599993,0.05849320941577308
train,材料2,843,3000,0,0,-0.266282942,0.23901,-0.04678796709366672,0.05863916981188451
train,材料2,844,3000,0,0,-0.267274652,0.23919,-0.046941688959000034,0.058785783648923486
train,材料2,845,3000,0,0,-0.26826946,0.23936,-0.04709505300133335,0.058933072878046396
train,材料2,846,3000,0,0,-0.269255236,0.23952,-0.04724800551266668,0.059081000303423475
train,材料2,847,3000,0,0,-0.270237353,0.23967,-0.04740056767133336,0.05922942030059384
train,材料2,848,3000,0,0,-0.271223371,0.23982,-0.0475528325656667,0.05937856671018155
train,材料2,849,3000,0,0,-0.272209349,0.23995,-0.04770465202966668,0.05952824848884789
train,材料2,850,3000,0,0,-0.273193775,0.24007,-0.04785609298466669,0.05967865826611823
train,材料2,851,3000,0,0,-0.274182171,0.24018,-0.048007189024999945,0.05982967211322064
train,材料2,852,3000,0,0,-0.275175369,0.24028,-0.04815794240433338,0.05998135477755661
train,材料2,853,3000,0,0,-0.276164042,0.24038,-0.04830829264566658,0.060133666396129416
train,材料2,854,3000,0,0,-0.277144652,0.24046,-0.04845829632666665,0.06028654642902347
train,材料2,855,3000,0,0,-0.278126358,0.24054,-0.04860787540733324,0.0604400732761648
train,材料2,856,3000,0,0,-0.279114928,0.24061,-0.048757109663999966,0.0605943600377899
train,材料2,857,3000,0,0,-0.280104206,0.24067,-0.04890601402733338,0.06074936420598102
train,材料2,858,3000,0,0,-0.281097,0.24072,-0.049054490178000065,0.06090492070121958
train,材料2,859,3000,0,0,-0.282087986,0.24076,-0.04920267276233338,0.061061033547485585
train,材料2,860,3000,0,0,-0.28307681,0.2408,-0.04935042643966667,0.06121798189733998
train,材料2,861,3000,0,0,-0.284062916,0.24083,-0.049497876880333344,0.06137562298167643
train,材料2,862,3000,0,0,-0.285042598,0.24086,-0.049644950469666584,0.061533954456155504
train,材料2,863,3000,0,0,-0.286025297,0.24088,-0.04979165338633337,0.06169301467610061
train,材料2,864,3000,0,0,-0.287011964,0.2409,-0.04993800408766664,0.06185271173112285
train,材料2,865,3000,0,0,-0.287993622,0.2409,-0.05008401570800011,0.062013134999166754
train,材料2,866,3000,0,0,-0.288971895,0.2409,-0.05022964347799986,0.062174226327717644
train,材料2,867,3000,0,0,-0.289956881,0.24089,-0.050374934874666745,0.06233599208611182
train,材料2,868,3000,0,0,-0.290939817,0.24086,-0.050519878107666734,0.0624984835941873
train,材料2,869,3000,0,0,-0.291919996,0.24083,-0.0506644620296666,0.06266174689735211
train,材料2,870,3000,0,0,-0.292902808,0.24079,-0.050808743773999986,0.0628257368260509
train,材料2,871,3000,0,0,-0.293888324,0.24075,-0.05095265632700004,0.06299048200324148
train,材料2,872,3000,0,0,-0.294871322,0.24069,-0.051096260155000135,0.06315591122678717
train,材料2,873,3000,0,0,-0.295844891,0.24062,-0.051239498346666634,0.06332211338069069
train,材料2,874,3000,0,0,-0.296814394,0.24068,-0.051382352985333286,0.06348894960284059
train,材料2,875,3000,0,0,-0.297783736,0.24081,-0.05152485835433338,0.06365654733100047
train,材料2,876,3000,0,0,-0.298761009,0.24094,-0.051667073607333226,0.06382499830204519
train,材料2,877,3000,0,0,-0.299745561,0.24106,-0.05180896618633342,0.06399413527794902
train,材料2,878,3000,0,0,-0.300730641,0.24117,-0.05195050331133326,0.0641640955776985
train,材料2,879,3000,0,0,-0.301713706,0.24127,-0.05209173270100001,0.06433471016488862
train,材料2,880,3000,0,0,-0.302671347,0.24136,-0.052232547901333276,0.06450604620165622
train,材料2,881,3000,0,0,-0.303558213,0.24143,-0.0523730609743333,0.06467790130546541
train,材料2,882,3000,0,0,-0.304318991,0.2415,-0.05251307813233334,0.06485043362353474
train,材料2,883,3000,0,0,-0.304898236,0.24156,-0.05265271296999998,0.06502346001855465
train,材料2,884,3000,0,0,-0.305235182,0.24161,-0.05279195041033338,0.06519693526305705
train,材料2,885,3000,0,0,-0.305315291,0.24166,-0.052930649353333296,0.06537088026735303
train,材料2,886,3000,0,0,-0.305153658,0.24169,-0.053068983905999845,0.06554527835137243
train,材料2,887,3000,0,0,-0.30477162,0.24173,-0.05320677097766667,0.06572020100609707
train,材料2,888,3000,0,0,-0.304234861,0.24176,-0.053344120584000045,0.0658956525358965
train,材料2,889,3000,0,0,-0.303603961,0.24178,-0.053481078832000026,0.0660717057927812
train,材料2,890,3000,0,0,-0.302926434,0.24179,-0.05361765010666673,0.06624848602895132
train,材料2,891,3000,0,0,-0.302239093,0.2418,-0.053753783946999985,0.06642598852177178
train,材料2,892,3000,0,0,-0.30155542,0.2418,-0.053889471059333297,0.06660425940908189
train,材料2,893,3000,0,0,-0.300874166,0.24179,-0.05402468500866677,0.06678330959441577
train,材料2,894,3000,0,0,-0.30019507,0.24177,-0.054159485383333296,0.06696304961638573
train,材料2,895,3000,0,0,-0.29952071,0.24174,-0.05429381351200004,0.06714358877692578
train,材料2,896,3000,0,0,-0.298844525,0.24171,-0.05442765149299998,0.06732494830318134
train,材料2,897,3000,0,0,-0.298166127,0.24166,-0.05456104664433334,0.06750693070168863
train,材料2,898,3000,0,0,-0.297490944,0.24161,-0.05469375509800007,0.06768974383661122
train,材料2,899,3000,0,0,-0.29682,0.24155,-0.05482601332166667,0.0678731144832001
train,材料2,900,3000,0,0,-0.29704,0.24148,-0.05495754291033336,0.06805714790988186
train,材料2,901,3000,0,0,-0.29726,0.24141,-0.05508839151333331,0.0682417387947491
train,材料2,902,3000,0,0,-0.29746,0.24132,-0.055218437384666696,0.06842684247019194
train,材料2,903,3000,0,0,-0.29765,0.24123,-0.05534754354633337,0.06861238976412269
train,材料2,904,3000,0,0,-0.29782,0.24112,-0.055475751612000065,0.06879824266200336
train,材料2,905,3000,0,0,-0.298284604,0.24101,-0.05560294109966653,0.06898425382470588
train,材料2,906,3000,0,0,-0.299664516,0.24089,-0.055728849101666575,0.06917041868907114
train,材料2,907,3000,0,0,-0.301161259,0.24076,-0.055853461286333325,0.06935646522254536
train,材料2,908,3000,0,0,-0.302656913,0.24062,-0.055976630147666594,0.06954219706433958
train,材料2,909,3000,0,0,-0.304149306,0.24047,-0.05609805127199992,0.06972711938544139
train,材料2,910,3000,0,0,-0.305642366,0.24031,-0.05621724182233342,0.06991032152510136
train,材料2,911,3000,0,0,-0.307128791,0.24014,-0.05633317511966668,0.07009023048832093
train,材料2,912,3000,0,0,-0.30853012,0.23997,-0.05644451483200002,0.07026402548888096
train,材料2,913,3000,0,0,-0.309762382,0.23978,-0.05654940522499997,0.07042863876600934
train,材料2,914,3000,0,0,-0.31075766,0.23958,-0.05664589948333339,0.07058065537864923
train,材料2,915,3000,0,0,-0.311512886,0.23938,-0.05673178065966654,0.0707165747282275
train,材料2,916,3000,0,0,-0.312048971,0.23916,-0.05680476739233337,0.07083253521102519
train,材料2,917,3000,0,0,-0.312331452,0.23894,-0.05686186840000003,0.07092421256960182
train,材料2,918,3000,0,0,-0.312418839,0.23871,-0.056899824366666685,0.07098674756410284
train,材料2,919,3000,0,0,-0.31238658,0.23847,-0.05691496617999996,0.07101570278116474
train,材料2,920,3000,0,0,-0.31233026,0.23822,-0.05690598044466681,0.07101071522193116
train,材料2,921,3000,0,0,-0.312304932,0.23796,-0.05687729680133331,0.07098110916679143
train,材料2,922,3000,0,0,-0.312269822,0.23769,-0.056838702860000104,0.07094282373934474
train,材料2,923,3000,0,0,-0.312229308,0.23741,-0.05679827651166667,0.07090582231579519
train,材料2,924,3000,0,0,-0.312196638,0.23712,-0.05675866298566661,0.07087132412310267
train,材料2,925,3000,0,0,-0.312165289,0.23682,-0.05671976406099993,0.07083870937669663
train,材料2,926,3000,0,0,-0.312132603,0.23651,-0.05668095730299995,0.07080750282605837
train,材料2,927,3000,0,0,-0.312100542,0.23619,-0.05664216831633321,0.07077785514513141
train,材料2,928,3000,0,0,-0.312068718,0.23586,-0.05660369413733334,0.07074970019492981
train,材料2,929,3000,0,0,-0.312037355,0.23553,-0.05656517222599991,0.07072302186961019
train,材料2,930,3000,0,0,-0.312007317,0.23518,-0.056526447907333466,0.07069763091857649
train,材料2,931,3000,0,0,-0.311977935,0.23483,-0.05648749110266669,0.07067363525397614
train,材料2,932,3000,0,0,-0.3119465,0.23447,-0.056448374048000044,0.07065117766718795
train,材料2,933,3000,0,0,-0.311915363,0.2341,-0.05640899312566655,0.07063014708540191
train,材料2,934,3000,0,0,-0.3118867,0.23372,-0.05636922170233339,0.07061065344819487
train,材料2,935,3000,0,0,-0.311858772,0.23334,-0.05632940949466657,0.07059257378211335
train,材料2,936,3000,0,0,-0.311828415,0.23294,-0.05628960937233332,0.0705758332843133
train,材料2,937,3000,0,0,-0.311795479,0.23253,-0.05624975572400018,0.07056053939393586
train,材料2,938,3000,0,0,-0.311765129,0.23212,-0.056209827620000076,0.07054655344958843
train,材料2,939,3000,0,0,-0.311737316,0.2317,-0.0561697433723334,0.07053400199960269
train,材料2,940,3000,0,0,-0.311709213,0.23128,-0.05612943590599994,0.07052282036088453
train,材料2,941,3000,0,0,-0.311679801,0.23084,-0.05608889370833336,0.07051302559918024
train,材料2,942,3000,0,0,-0.31164537,0.23039,-0.05604803433033347,0.07050460338846888
train,材料2,943,3000,0,0,-0.31161416,0.22994,-0.05600698448766661,0.07049765658107544
train,材料2,944,3000,0,0,-0.311586488,0.22948,-0.05596586067533324,0.0704922166713005
train,材料2,945,3000,0,0,-0.311558082,0.22901,-0.0559246244533333,0.07048824342081383
train,材料2,946,3000,0,0,-0.311528158,0.22853,-0.05588316048900001,0.07048567854954466
train,材料2,947,3000,0,0,-0.311494477,0.22804,-0.05584138977333337,0.0704845007564493
train,材料2,948,3000,0,0,-0.311464286,0.22754,-0.05579945984999987,0.07048478273686333
train,材料2,949,3000,0,0,-0.311437709,0.227961462,-0.055757344464000096,0.07048654306667691
train,材料2,950,3000,0,0,-0.31141019,0.228437716,-0.05571509126799999,0.07048972428374485
train,材料2,951,3000,0,0,-0.311381153,0.228905428,-0.0556727756506666,0.07049430258972206
train,材料2,952,3000,0,0,-0.311354777,0.229365072,-0.05563028009266653,0.0705003966404216
train,材料2,953,3000,0,0,-0.311329993,0.229815532,-0.05558761046066677,0.07050795070704184
train,材料2,954,3000,0,0,-0.311303546,0.230255184,-0.0555447550263334,0.07051696666721954
train,材料2,955,3000,0,0,-0.311279557,0.230687094,-0.05550173079866666,0.07052745437811611
train,材料2,956,3000,0,0,-0.311255737,0.231110907,-0.055458560334333364,0.0705394079458943
train,材料2,957,3000,0,0,-0.311227142,0.231525372,-0.055415234389666654,0.07055281932329059
train,材料2,958,3000,0,0,-0.311199027,0.231934037,-0.05537186993933328,0.07056771902948607
train,材料2,959,3000,0,0,-0.31117604,0.232332111,-0.05532832804366664,0.07058411219171133
train,材料2,960,3000,0,0,-0.311153717,0.232720942,-0.0552845698913334,0.07060200930004697
train,材料2,961,3000,0,0,-0.311131193,0.233102624,-0.05524068967966672,0.07062132275559874
train,材料2,962,3000,0,0,-0.311112183,0.233474675,-0.05519662342266663,0.07064217648802262
train,材料2,963,3000,0,0,-0.31109213,0.233837619,-0.055152396818,0.0706645088730622
train,材料2,964,3000,0,0,-0.311069761,0.234189069,-0.05510803222033332,0.07068832075005058
train,材料2,965,3000,0,0,-0.311045686,0.234531805,-0.05506354620033335,0.07071376775717846
train,材料2,966,3000,0,0,-0.311019366,0.234868285,-0.05501897347866667,0.0707406036683798
train,材料2,967,3000,0,0,-0.310995216,0.2351939,-0.05497424099299991,0.0707689265576183
train,材料2,968,3000,0,0,-0.310976562,0.235507445,-0.054929443995999964,0.07079876042319211
train,材料2,969,3000,0,0,-0.310954783,0.235809781,-0.05488453707433333,0.07083010564801832
train,材料2,970,3000,0,0,-0.310931274,0.23610403,-0.054839493823666645,0.07086296177393488
train,材料2,971,3000,0,0,-0.310910477,0.236391036,-0.054794285947333224,0.07089725172179344
train,材料2,972,3000,0,0,-0.310885488,0.236670846,-0.054748851254333326,0.07093303542651885
train,材料2,973,3000,0,0,-0.310861187,0.236940948,-0.054703299457333286,0.07097037654575754
train,材料2,974,3000,0,0,-0.310842476,0.237198105,-0.05465758315166656,0.07100925499345702
train,材料2,975,3000,0,0,-0.31082466,0.237445043,-0.05461171295133334,0.07104955603981658
train,材料2,976,3000,0,0,-0.31080536,0.237681761,-0.054565806752333336,0.07109133398601741
train,材料2,977,3000,0,0,-0.310784575,0.237909431,-0.05451976158099983,0.07113464215432444
train,材料2,978,3000,0,0,-0.310764668,0.238132305,-0.05447364251233336,0.07117945734653945
train,材料2,979,3000,0,0,-0.310742727,0.238347853,-0.054427356937666586,0.07122583758955008
train,材料2,980,3000,0,0,-0.310715196,0.23855055,-0.05438102542700002,0.07127364200021029
train,材料2,981,3000,0,0,-0.310686433,0.238743929,-0.05433448329433329,0.07132297177531831
train,材料2,982,3000,0,0,-0.310661085,0.238931407,-0.05428785603499996,0.07137377788819983
train,材料2,983,3000,0,0,-0.310640854,0.2391093,-0.0542410292666667,0.07142605632483946
train,材料2,984,3000,0,0,-0.310621616,0.23927614,-0.05419408531933324,0.07147987465146768
train,材料2,985,3000,0,0,-0.310596342,0.23943025,-0.054146883569666654,0.07153515185071843
train,材料2,986,3000,0,0,-0.310567514,0.239571149,-0.054099468203666706,0.07159181534747124
train,材料2,987,3000,0,0,-0.310543091,0.239704207,-0.05405180119666659,0.07164979723951465
train,材料2,988,3000,0,0,-0.310519538,0.239831004,-0.05400387301966675,0.0717090203106155
train,材料2,989,3000,0,0,-0.310495323,0.239950193,-0.05395561340266669,0.07176952033141443
train,材料2,990,3000,0,0,-0.310474345,0.240058081,-0.053907144320999946,0.07183127080413464
train,材料2,991,3000,0,0,-0.310454946,0.240154968,-0.05385827808000005,0.07189438328284978
train,材料2,992,3000,0,0,-0.310435409,0.240244696,-0.05380909268299998,0.07195863416902949
train,材料2,993,3000,0,0,-0.310412643,0.240325438,-0.053759546137999964,0.07202421892593272
train,材料2,994,3000,0,0,-0.310390691,0.240398782,-0.05370961119899989,0.07209133666383329
train,材料2,995,3000,0,0,-0.310372758,0.240465429,-0.05365938522366666,0.07215990042164523
train,材料2,996,3000,0,0,-0.310352489,0.24052074,-0.05360879747966652,0.07222988602902043
train,材料2,997,3000,0,0,-0.310329155,0.240565922,-0.053557753941333254,0.07230132132853843
train,材料2,998,3000,0,0,-0.310305839,0.240604512,-0.053506344825666685,0.07237408170890847
train,材料2,999,3000,0,0,-0.310282048,0.240637934,-0.053454416053000046,0.07244823055306225
train,材料2,1000,3000,0,0,-0.310256026,0.240667976,-0.05340191963833346,0.07252363551671567
train,材料2,1001,3000,0,0,-0.310232585,0.240692224,-0.0533488756593332,0.0726003663902109
train,材料2,1002,3000,0,0,-0.310207963,0.240708646,-0.05329520875800004,0.0726783734192092
train,材料2,1003,3000,0,0,-0.310182196,0.240714888,-0.05324085645000003,0.0727575311358103
train,材料2,1004,3000,0,0,-0.31016062,0.240713675,-0.05318567458433327,0.07283772676057416
train,材料2,1005,3000,0,0,-0.310141416,0.240704752,-0.053129566400333415,0.07291894079249535
train,材料2,1006,3000,0,0,-0.310121227,0.240686166,-0.05307244308933331,0.07300113276359016
train,材料2,1007,3000,0,0,-0.310102062,0.240658353,-0.05301411212233339,0.0730840210698448
train,材料2,1008,3000,0,0,-0.310084418,0.240619045,-0.05295410071666667,0.07316752372946736
train,材料2,1009,3000,0,0,-0.310063672,0.240569434,-0.05289216861533322,0.07325118512021601
train,材料2,1010,3000,0,0,-0.310040438,0.240513705,-0.05282745340499999,0.07333466621825929
train,材料2,1011,3000,0,0,-0.310020489,0.240452683,-0.052758950400999996,0.07341684104206836
train,材料2,1012,3000,0,0,-0.31000298,0.240381281,-0.05268504490333333,0.07349619064259456
train,材料2,1013,3000,0,0,-0.309988678,0.240300873,-0.052603690457333374,0.07357091922344297
train,材料2,1014,3000,0,0,-0.309966772,0.240214718,-0.05251245829599989,0.07363903338248103
train,材料2,1015,3000,0,0,-0.309873545,0.24012392,-0.05240801094266655,0.07369721230399733
train,材料2,1016,3000,0,0,-0.309653019,0.240023134,-0.05228517664333333,0.07373995358761652
train,材料2,1017,3000,0,0,-0.309187234,0.239909039,-0.05213707782233318,0.07375927322964504
train,材料2,1018,3000,0,0,-0.308483523,0.239783706,-0.05195613219766663,0.07374697518612756
train,材料2,1019,3000,0,0,-0.308743253,0.239647632,-0.05173325059866667,0.07369313738304623
train,材料2,1020,3000,0,0,-0.309009501,0.239503071,-0.05145251579366661,0.07357556427493196
train,材料2,1021,3000,0,0,-0.308972176,0.239349081,-0.05109523440099998,0.07336621192635914
train,材料2,1022,3000,0,0,-0.308401369,0.239185137,-0.05065392496933322,0.07305204002002845
train,材料2,1023,3000,0,0,-0.307270619,0.239013441,-0.050143743635666656,0.07264878820439516
train,材料3,0,3200,0,0,-0.305606117,0.21923,-0.05162983805593742,0.07058501569217543
train,材料3,1,3200,0,0,-0.304022545,0.2186,-0.05105189302718746,0.07011439200787854
train,材料3,2,3200,0,0,-0.302451847,0.21797,-0.05047629430031254,0.06964930736877228
train,材料3,3,3200,0,0,-0.300892097,0.21733,-0.049902839023437603,0.06918936882172572
train,材料3,4,3200,0,0,-0.299335726,0.21668,-0.04933092145968748,0.0687338474924109
train,材料3,5,3200,0,0,-0.297778078,0.21602,-0.04876015662718749,0.06828218583626663
train,材料3,6,3200,0,0,-0.296220977,0.21535,-0.04819017045062509,0.06783421968040983
train,材料3,7,3200,0,0,-0.294668118,0.21468,-0.04762090708718758,0.06738980685322402
train,材料3,8,3200,0,0,-0.29311505,0.214,-0.047052134335312516,0.06694892137623443
train,材料3,9,3200,0,0,-0.291561161,0.21331,-0.04648372593281245,0.06651156066250248
train,材料3,10,3200,0,0,-0.290009745,0.21262,-0.045915621753749976,0.0660778180683712
train,材料3,11,3200,0,0,-0.288459451,0.212988696,-0.04534782657718759,0.0656476550106573
train,材料3,12,3200,0,0,-0.286909798,0.213752782,-0.044780211555937574,0.06522130886106164
train,材料3,13,3200,0,0,-0.285363144,0.214506868,-0.044212844338749946,0.06479857905289135
train,材料3,14,3200,0,0,-0.283826383,0.21525035,-0.04364561564281256,0.06437971741873857
train,材料3,15,3200,0,0,-0.282290254,0.215981517,-0.043078591685312605,0.06396487284890276
train,材料3,16,3200,0,0,-0.280755525,0.216702834,-0.04251181049124992,0.06355387680017295
train,材料3,17,3200,0,0,-0.279221943,0.217416449,-0.041945040964062444,0.06314681664212778
train,材料3,18,3200,0,0,-0.277688513,0.218123246,-0.04137843229093747,0.06274380998064938
train,材料3,19,3200,0,0,-0.276153328,0.218821925,-0.040811961432187516,0.06234502491601269
train,材料3,20,3200,0,0,-0.274617884,0.219512184,-0.0402456100746875,0.06195044925165529
train,材料3,21,3200,0,0,-0.273083509,0.220191402,-0.03967935281562505,0.06156015702355597
train,材料3,22,3200,0,0,-0.271548627,0.220861447,-0.03911321063187503,0.06117426887386089
train,材料3,23,3200,0,0,-0.270014541,0.22152443,-0.03854727978062499,0.06079284126175905
train,材料3,24,3200,0,0,-0.268481227,0.222177091,-0.03798150028812504,0.060415913726591566
train,材料3,25,3200,0,0,-0.266947042,0.222820125,-0.037415865585625,0.06004358107861187
train,材料3,26,3200,0,0,-0.265412219,0.223457782,-0.036850277517499974,0.059675854226916784
train,材料3,27,3200,0,0,-0.263876858,0.224088059,-0.036284795412812584,0.05931281403066826
train,材料3,28,3200,0,0,-0.262341825,0.224709462,-0.03571949868593752,0.05895465819078418
train,材料3,29,3200,0,0,-0.260807561,0.225317602,-0.03515450060562495,0.058601432119549345
train,材料3,30,3200,0,0,-0.259273806,0.225915558,-0.03458954630281245,0.058253254931295566
train,材料3,31,3200,0,0,-0.257740347,0.226506948,-0.03402471742750006,0.057910090067164584
train,材料3,32,3200,0,0,-0.256207196,0.22708527,-0.03346002182000003,0.05757208525381022
train,材料3,33,3200,0,0,-0.254673381,0.227653889,-0.03289545513625004,0.05723937993361988
train,材料3,34,3200,0,0,-0.253140792,0.228215167,-0.032331000905937525,0.05691202750085122
train,材料3,35,3200,0,0,-0.25160912,0.228767932,-0.031766750398750015,0.056590137620003256
train,材料3,36,3200,0,0,-0.250076591,0.229309179,-0.03120269885562505,0.05627373451293201
train,材料3,37,3200,0,0,-0.248542788,0.229838912,-0.030638787681250043,0.055963000018847714
train,材料3,38,3200,0,0,-0.247009902,0.230360749,-0.0300750749953125,0.05565793968655366
train,材料3,39,3200,0,0,-0.245478183,0.230875401,-0.029511501278750015,0.055358696907135935
train,材料3,40,3200,0,0,-0.243945449,0.23138414,-0.028948073832812463,0.055065350223848536
train,材料3,41,3200,0,0,-0.242412417,0.231884988,-0.02838470570250002,0.05477800092620438
train,材料3,42,3200,0,0,-0.240881298,0.232374472,-0.027821467616874967,0.05449663512852072
train,材料3,43,3200,0,0,-0.23935108,0.232851489,-0.027258276701562497,0.05422151869856449
train,材料3,44,3200,0,0,-0.237820516,0.233317145,-0.02669535076562505,0.053952604404516415
train,材料3,45,3200,0,0,-0.236287315,0.233775299,-0.02613265081749998,0.05368998849376538
train,材料3,46,3200,0,0,-0.234752022,0.234228437,-0.02557010072250001,0.0534338235660171
train,材料3,47,3200,0,0,-0.234243386,0.234671693,-0.025007755585937444,0.05318416457034296
train,材料3,48,3200,0,0,-0.234772869,0.235104227,-0.024445565096562497,0.05294111804218594
train,材料3,49,3200,0,0,-0.235293476,0.235528254,-0.023883569262812467,0.05270473643333893
train,材料3,50,3200,0,0,-0.235804296,0.235945938,-0.023321682968749993,0.05247514260032998
train,材料3,51,3200,0,0,-0.236303685,0.236356223,-0.02275994996624996,0.05225241142852167
train,材料3,52,3200,0,0,-0.236792313,0.236756595,-0.022198376349375028,0.052036645525498575
train,材料3,53,3200,0,0,-0.237272801,0.237147453,-0.021636960670624986,0.051827871899325896
train,材料3,54,3200,0,0,-0.237744913,0.23752673,-0.02107571263843748,0.051626136888979095
train,材料3,55,3200,0,0,-0.238207158,0.237895448,-0.020514640734062457,0.05143157987616772
train,材料3,56,3200,0,0,-0.238658871,0.238252718,-0.01995376290968751,0.05124429306987311
train,材料3,57,3200,0,0,-0.239101598,0.238598864,-0.01939307630718748,0.051064303165458604
train,材料3,58,3200,0,0,-0.23953457,0.238937604,-0.018832588890624988,0.050891639433511986
train,材料3,59,3200,0,0,-0.239957054,0.239268319,-0.018272290595625004,0.05072640743057529
train,材料3,60,3200,0,0,-0.240368427,0.239588439,-0.01771223954343749,0.050568690294686254
train,材料3,61,3200,0,0,-0.240767706,0.239896349,-0.017152423715624972,0.050418625356736475
train,材料3,62,3200,0,0,-0.24115731,0.240193384,-0.016592795739687482,0.05027628623391406
train,材料3,63,3200,0,0,-0.241537117,0.240482171,-0.016033398638124977,0.05014167344757141
train,材料3,64,3200,0,0,-0.241906611,0.240762436,-0.015474251324062443,0.05001475780077268
train,材料3,65,3200,0,0,-0.242266478,0.241031939,-0.014915333395000015,0.04989564065843171
train,材料3,66,3200,0,0,-0.24261776,0.241288494,-0.014356579282187507,0.04978434613966411
train,材料3,67,3200,0,0,-0.242960252,0.241536054,-0.013798098829375008,0.0496808154958105
train,材料3,68,3200,0,0,-0.243293666,0.241773994,-0.013239880680937526,0.04958509022863576
train,材料3,69,3200,0,0,-0.243614252,0.241997965,-0.012681997145312507,0.049497149066990855
train,材料3,70,3200,0,0,-0.2439233,0.242211249,-0.012124479248437476,0.04941690060955693
train,材料3,71,3200,0,0,-0.244224081,0.242417429,-0.011567412082812496,0.04934429221539747
train,材料3,72,3200,0,0,-0.244514738,0.242615478,-0.011010756644374991,0.049279272927315224
train,材料3,73,3200,0,0,-0.244796361,0.242802629,-0.010454581061874985,0.04922173166728323
train,材料3,74,3200,0,0,-0.245070217,0.242983008,-0.009898879088125015,0.0491719025899717
train,材料3,75,3200,0,0,-0.245333819,0.243156115,-0.009343579359062488,0.049129754283899124
train,材料3,76,3200,0,0,-0.245586057,0.243318419,-0.008788649195625005,0.049095264971430116
train,材料3,77,3200,0,0,-0.245829514,0.243471209,-0.008234204278125016,0.04906865079723975
train,材料3,78,3200,0,0,-0.246062773,0.243614071,-0.007680168021562492,0.049049917070114295
train,材料3,79,3200,0,0,-0.246286915,0.243746026,-0.007126582763437497,0.049039148277021986
train,材料3,80,3200,0,0,-0.246501493,0.243869236,-0.006573480168124991,0.0490363567229898
train,材料3,81,3200,0,0,-0.246704931,0.243987001,-0.0060209165912500015,0.04904144990144089
train,材料3,82,3200,0,0,-0.246899531,0.244195876,-0.005468945086249989,0.04905424962028623
train,材料3,83,3200,0,0,-0.247082795,0.244394526,-0.004917632565625004,0.049074603651798054
train,材料3,84,3200,0,0,-0.247254076,0.244584693,-0.00436710517593748,0.0491024268336962
train,材料3,85,3200,0,0,-0.247415652,0.244763388,-0.0038173995046875096,0.049137583229862496
train,材料3,86,3200,0,0,-0.2475692,0.246901988,-0.0032687035184374973,0.04917971127333651
train,材料3,87,3200,0,0,-0.24771068,0.252880281,-0.0027212360621874996,0.04922858182569541
train,材料3,88,3200,0,0,-0.247839278,0.258860199,-0.002175086922499995,0.04928405657955423
train,材料3,89,3200,0,0,-0.247961396,0.264830457,-0.0016303653362500076,0.04934590732478922
train,材料3,90,3200,0,0,-0.248075276,0.270791163,-0.0010872420099999993,0.04941385905297277
train,材料3,91,3200,0,0,-0.248178831,0.276731306,-0.0005461147943750026,0.04948730714624556
train,材料3,92,3200,0,0,-0.248272477,0.28259195,-7.407670624995854e-06,0.049565053337428715
train,材料3,93,3200,0,0,-0.248355496,0.28827667,0.0005280499550000085,0.049645232579442436
train,材料3,94,3200,0,0,-0.2484296,0.293674714,0.0010590527653125247,0.04972503883474335
train,材料3,95,3200,0,0,-0.248493702,0.298670753,0.0015841651781249696,0.049801329849413864
train,材料3,96,3200,0,0,-0.24854698,0.303007749,0.002101528549999991,0.04987009650047235
train,材料3,97,3200,0,0,-0.24859224,0.306326642,0.0026087626426250093,0.04992613617873292
train,材料3,98,3200,0,0,-0.248629508,0.308512745,0.0031029921353125343,0.04996376844283834
train,材料3,99,3200,0,0,-0.248658559,0.309670833,0.0035818018159375063,0.04997825264780567
train,材料3,100,3200,0,0,-0.248680556,0.309932147,0.004043452299375007,0.04996622188866808
train,材料3,101,3200,0,0,-0.248694123,0.309489753,0.004486745059375032,0.04992515849073832
train,材料3,102,3200,0,0,-0.248698344,0.308719083,0.004913460510000013,0.0498592374106819
train,材料3,103,3200,0,0,-0.248695061,0.30791687,0.005330331204999994,0.049781745413312546
train,材料3,104,3200,0,0,-0.248685237,0.307133261,0.00574367516093752,0.049704481109839126
train,材料3,105,3200,0,0,-0.248667158,0.306359598,0.0061562348875000205,0.0496319231318478
train,材料3,106,3200,0,0,-0.248639765,0.305590754,0.0065687490059375235,0.04956492119764861
train,材料3,107,3200,0,0,-0.248603476,0.304833439,0.0069813760437499916,0.04950337200940099
train,材料3,108,3200,0,0,-0.248555442,0.304077578,0.007394027244687509,0.049447223612582865
train,材料3,109,3200,0,0,-0.248495943,0.30332902,0.007806653233437503,0.04939642931780067
train,材料3,110,3200,0,0,-0.248429249,0.302589377,0.008219153886874995,0.049350878939196235
train,材料3,111,3200,0,0,-0.248353413,0.301848736,0.008631546989374985,0.049310423940354106
train,材料3,112,3200,0,0,-0.248268333,0.301106302,0.009043751703125016,0.04927515864003671
train,材料3,113,3200,0,0,-0.248174817,0.300371242,0.00945571294000001,0.049244936748596736
train,材料3,114,3200,0,0,-0.248070838,0.299640901,0.009867437995,0.04921972573122167
train,材料3,115,3200,0,0,-0.24795718,0.298904601,0.010278909347812518,0.04919958211461501
train,材料3,116,3200,0,0,-0.247834839,0.298165905,0.010690242340312508,0.049184543567635165
train,材料3,117,3200,0,0,-0.24770458,0.297427739,0.011101300411250006,0.04917459953174211
train,材料3,118,3200,0,0,-0.247564139,0.296696818,0.011512056650624991,0.04916964774162431
train,材料3,119,3200,0,0,-0.24741235,0.295964645,0.011922589347500004,0.04916969569068903
train,材料3,120,3200,0,0,-0.247251555,0.295229183,0.012332836655624964,0.04917485281856219
train,材料3,121,3200,0,0,-0.247083824,0.294503796,0.012742869805937496,0.049185165240956175
train,材料3,122,3200,0,0,-0.24690627,0.293780592,0.01315260373124999,0.04920041170889205
train,材料3,123,3200,0,0,-0.246717601,0.293054185,0.013561983281562504,0.0492205985301959
train,材料3,124,3200,0,0,-0.246518964,0.29231486,0.013971129695624997,0.0492457853535348
train,材料3,125,3200,0,0,-0.246309875,0.291572612,0.014380019585000006,0.04927601432868263
train,材料3,126,3200,0,0,-0.246091739,0.290842318,0.01478859998156251,0.04931124168766455
train,材料3,127,3200,0,0,-0.245865419,0.290114422,0.01519688363968751,0.04935139360838563
train,材料3,128,3200,0,0,-0.245628965,0.28938291,0.015604844793437506,0.04939646159033133
train,材料3,129,3200,0,0,-0.245383949,0.288651508,0.016012555322187504,0.0494464022262834
train,材料3,130,3200,0,0,-0.245130919,0.287925291,0.01641997813656252,0.04950123552874115
train,材料3,131,3200,0,0,-0.244868703,0.287199219,0.01682698131750003,0.04956079990960193
train,材料3,132,3200,0,0,-0.244599057,0.286477299,0.0172337818734375,0.04962531964799664
train,材料3,133,3200,0,0,-0.24432138,0.285757871,0.017640319774687493,0.0496946889529538
train,材料3,134,3200,0,0,-0.244035385,0.285032741,0.018046513299062476,0.04976878080528286
train,材料3,135,3200,0,0,-0.243740001,0.284312766,0.018452424852500003,0.04984753001779217
train,材料3,136,3200,0,0,-0.243435348,0.283593985,0.018858050942187517,0.04993100883857995
train,材料3,137,3200,0,0,-0.243121341,0.282870725,0.01926335583987497,0.050019258207981664
train,材料3,138,3200,0,0,-0.242797416,0.282148849,0.01966837107374998,0.05011220929770046
train,材料3,139,3200,0,0,-0.242464662,0.281433071,0.020073030334062495,0.05020985794623534
train,材料3,140,3200,0,0,-0.242122884,0.280714286,0.020477408713749985,0.050312092862031456
train,材料3,141,3200,0,0,-0.241842633,0.27999066,0.020881437011875056,0.05041878448612148
train,材料3,142,3200,0,0,-0.241898552,0.279275598,0.02128517888031255,0.05053010723976192
train,材料3,143,3200,0,0,-0.241946963,0.278555996,0.021688550430625057,0.0506458562933589
train,材料3,144,3200,0,0,-0.241987837,0.277833721,0.022091615409374977,0.05076602275385201
train,材料3,145,3200,0,0,-0.24202152,0.277117016,0.022494305963125037,0.05089060969028964
train,材料3,146,3200,0,0,-0.24204913,0.27639791,0.022896719280312543,0.051019674881273396
train,材料3,147,3200,0,0,-0.24206926,0.275684269,0.023298781000625032,0.051153158004859055
train,材料3,148,3200,0,0,-0.242080784,0.274971631,0.023700510356875006,0.0512909859866273
train,材料3,149,3200,0,0,-0.24208232,0.275225398,0.024101953192500022,0.05143309555989216
train,材料3,150,3200,0,0,-0.24207453,0.276454556,0.02450307722093752,0.051579462043373166
train,材料3,151,3200,0,0,-0.242059348,0.27768051,0.024903839047812504,0.051730012564447966
train,材料3,152,3200,0,0,-0.24203619,0.278904792,0.025304260122187498,0.051884649717313706
train,材料3,153,3200,0,0,-0.24200458,0.280126385,0.025704314200312554,0.052043362973819556
train,材料3,154,3200,0,0,-0.241964485,0.281344385,0.026104001784999914,0.052206188918132966
train,材料3,155,3200,0,0,-0.241917901,0.282569369,0.026503380409687458,0.0523731029418456
train,材料3,156,3200,0,0,-0.241862574,0.283794816,0.026902450977499992,0.05254398575920607
train,材料3,157,3200,0,0,-0.241795989,0.285014988,0.027301179098749993,0.0527188102666952
train,材料3,158,3200,0,0,-0.241720123,0.286234017,0.02769953365875005,0.05289754273875068
train,材料3,159,3200,0,0,-0.241633757,0.28745792,0.02809754441437498,0.05308018705678154
train,材料3,160,3200,0,0,-0.241540209,0.288680433,0.028495192221562538,0.05326662076060202
train,材料3,161,3200,0,0,-0.241440127,0.28990789,0.028892484115937513,0.053456831111553416
train,材料3,162,3200,0,0,-0.241330705,0.291143038,0.029289443048749964,0.05365075908889749
train,材料3,163,3200,0,0,-0.241209988,0.292359997,0.029685960745937434,0.053848298156866904
train,材料3,164,3200,0,0,-0.241078039,0.293569725,0.030082133190937492,0.0540493026596873
train,材料3,165,3200,0,0,-0.240937324,0.294785345,0.030477823106562458,0.05425384301936882
train,材料3,166,3200,0,0,-0.240787477,0.295994046,0.030873111439999993,0.05446161798557352
train,材料3,167,3200,0,0,-0.240629813,0.29720582,0.031267865976249996,0.054672720863605764
train,材料3,168,3200,0,0,-0.240465653,0.298420666,0.03166216618781255,0.05488694978939927
train,材料3,169,3200,0,0,-0.240290545,0.299623376,0.03205591315749998,0.05510416115250408
train,材料3,170,3200,0,0,-0.240103581,0.30080034,0.03244920190312514,0.055324522239763016
train,材料3,171,3200,0,0,-0.239906669,0.301919564,0.03284195413718745,0.05554793477566389
train,材料3,172,3200,0,0,-0.239701642,0.302947048,0.03323410356593748,0.05577424935781967
train,材料3,173,3200,0,0,-0.239488747,0.303793521,0.03362564906250002,0.056003268236411455
train,材料3,174,3200,0,0,-0.239266904,0.304332604,0.0340165002153126,0.05623491593790638
train,材料3,175,3200,0,0,-0.239038195,0.304516055,0.03440673628593748,0.05646904536022527
train,材料3,176,3200,0,0,-0.238798381,0.304366252,0.0347963462921876,0.056705707396228926
train,材料3,177,3200,0,0,-0.238548406,0.303933853,0.03518528747843748,0.05694496112026344
train,材料3,178,3200,0,0,-0.238292073,0.303260943,0.035573584309999975,0.057186658954825116
train,材料3,179,3200,0,0,-0.238027679,0.302405336,0.03596121625000004,0.057430842411143844
train,材料3,180,3200,0,0,-0.237751936,0.301486771,0.036348177341250114,0.05767772485339113
train,材料3,181,3200,0,0,-0.23746801,0.30057297,0.03673459948375001,0.057927270468739044
train,材料3,182,3200,0,0,-0.237175571,0.299660199,0.037120296640624925,0.05817934814493524
train,材料3,183,3200,0,0,-0.236870116,0.298750655,0.037505252738124904,0.05843387249583982
train,材料3,184,3200,0,0,-0.236556018,0.298562127,0.03788944433250001,0.058690832511482424
train,材料3,185,3200,0,0,-0.236236085,0.299717114,0.0382727554262499,0.058950125712938645
train,材料3,186,3200,0,0,-0.235909055,0.300797709,0.03865511332968746,0.059211571837161296
train,材料3,187,3200,0,0,-0.235573514,0.301776492,0.03903639069343756,0.059474970890240286
train,材料3,188,3200,0,0,-0.23523087,0.302578257,0.03941640492937497,0.05974019251760571
train,材料3,189,3200,0,0,-0.234883563,0.303085339,0.03979491593468747,0.06000681023534542
train,材料3,190,3200,0,0,-0.234527575,0.30324602,0.04017167579093751,0.060274366297576196
train,材料3,191,3200,0,0,-0.234164425,0.303088759,0.04054629674125005,0.060542459417429584
train,材料3,192,3200,0,0,-0.233793583,0.302646752,0.04091826740031255,0.060810071139223744
train,材料3,193,3200,0,0,-0.233407598,0.302171019,0.0412868576509376,0.06107600613016377
train,材料3,194,3200,0,0,-0.233010562,0.303336289,0.04165119500812502,0.06133901243439008
train,材料3,195,3200,0,0,-0.232606327,0.30441813,0.04201037929562511,0.06159744682636899
train,材料3,196,3200,0,0,-0.232195774,0.305317319,0.04236315717031253,0.06184895116589447
train,材料3,197,3200,0,0,-0.231777218,0.306885064,0.04270733903093744,0.062089440179166844
train,材料3,198,3200,0,0,-0.231350064,0.308309778,0.04303926699656252,0.06231190384009467
train,材料3,199,3200,0,0,-0.230914522,0.309157878,0.043354135299687575,0.06250806037521336
train,材料3,200,3200,0,0,-0.230470092,0.309836691,0.043647397748437455,0.06267060774532869
train,材料3,201,3200,0,0,-0.230018632,0.310609906,0.043914507153437504,0.06279257535550123
train,材料3,202,3200,0,0,-0.229557642,0.310757108,0.04415066396500003,0.06286466168109744
train,材料3,203,3200,0,0,-0.229085966,0.310766224,0.04435405808406252,0.06288236626552872
train,材料3,204,3200,0,0,-0.228605563,0.310466179,0.04453219498937507,0.06285905692330734
train,材料3,205,3200,0,0,-0.228118214,0.309742511,0.04469830097343757,0.06281939350205008
train,材料3,206,3200,0,0,-0.227625075,0.308894127,0.04486130673718753,0.06277920705399481
train,材料3,207,3200,0,0,-0.227122144,0.308061681,0.045023965025000015,0.06274227087210199
train,材料3,208,3200,0,0,-0.226610758,0.307241702,0.04518679822374993,0.06270881506686526
train,材料3,209,3200,0,0,-0.226093021,0.306426555,0.04534969686249993,0.06267840277490756
train,材料3,210,3200,0,0,-0.225567279,0.30561182,0.04551257720999995,0.06265080504709056
train,材料3,211,3200,0,0,-0.22503274,0.304797221,0.045675337743124905,0.0626258861457935
train,材料3,212,3200,0,0,-0.224489316,0.30398824,0.04583801573625006,0.06260359779268657
train,材料3,213,3200,0,0,-0.223938781,0.303183717,0.04600045311093754,0.06258382775682782
train,材料3,214,3200,0,0,-0.223378622,0.302377511,0.04616269847687504,0.06256652036710408
train,材料3,215,3200,0,0,-0.22281087,0.301569908,0.046324601897499915,0.06255163270973953
train,材料3,216,3200,0,0,-0.222235543,0.300768093,0.046486213593749964,0.06253930825165316
train,材料3,217,3200,0,0,-0.221649879,0.299969205,0.046647589264062476,0.0625294536617402
train,材料3,218,3200,0,0,-0.221054913,0.299168776,0.04680872051187495,0.06252199945482222
train,材料3,219,3200,0,0,-0.220453272,0.29836987,0.04696949162437509,0.06251702938117319
train,材料3,220,3200,0,0,-0.219844798,0.29757186,0.047129996205625045,0.0625145670360634
train,材料3,221,3200,0,0,-0.219227831,0.296772123,0.04729012392750001,0.06251451348192766
train,材料3,222,3200,0,0,-0.218602413,0.295972791,0.04744992879281253,0.06251688348569667
train,材料3,223,3200,0,0,-0.217970181,0.295174162,0.047609379043437504,0.06252171337111455
train,材料3,224,3200,0,0,-0.21732867,0.294373399,0.0477684755803126,0.06252889972429117
train,材料3,225,3200,0,0,-0.216679091,0.293572913,0.04792718822593737,0.06253854624452677
train,材料3,226,3200,0,0,-0.216022385,0.292775171,0.04808555689656244,0.062550447151868
train,材料3,227,3200,0,0,-0.215354278,0.291979478,0.04824353603500005,0.0625648012926859
train,材料3,228,3200,0,0,-0.214680261,0.291186228,0.048401289482187554,0.06258169947944595
train,材料3,229,3200,0,0,-0.213998302,0.290396264,0.048558666354375016,0.06260106322706993
train,材料3,230,3200,0,0,-0.213308539,0.28960334,0.04871568876749986,0.06262273052100037
train,材料3,231,3200,0,0,-0.212618169,0.288809393,0.048872315891875004,0.06264681927078336
train,材料3,232,3200,0,0,-0.211921021,0.288016298,0.04902858029781248,0.06267322725450356
train,材料3,233,3200,0,0,-0.211213445,0.287222936,0.04918453629375004,0.06270211143332298
train,材料3,234,3200,0,0,-0.210501647,0.286429428,0.04934009484437508,0.06273328443148667
train,材料3,235,3200,0,0,-0.209783125,0.285633789,0.04949525916187494,0.06276676876994991
train,材料3,236,3200,0,0,-0.20905671,0.284840027,0.04965016429343746,0.06280265877175219
train,材料3,237,3200,0,0,-0.208324329,0.285071193,0.049804719508124824,0.06284105811891662
train,材料3,238,3200,0,0,-0.207581813,0.285693623,0.049958904685000034,0.06288186678561927
train,材料3,239,3200,0,0,-0.206830561,0.286321998,0.050112834552187444,0.06292504714558533
train,材料3,240,3200,0,0,-0.206076241,0.286948583,0.05026634414187501,0.06297062233584516
train,材料3,241,3200,0,0,-0.205316219,0.287575876,0.05041957877625006,0.0630185027492395
train,材料3,242,3200,0,0,-0.204545273,0.288206077,0.05057237874500007,0.06306866752960663
train,材料3,243,3200,0,0,-0.203765943,0.2888347,0.05072487628531244,0.06312120953355109
train,材料3,244,3200,0,0,-0.202981569,0.289461642,0.050877019680000135,0.0631761392815314
train,材料3,245,3200,0,0,-0.202189277,0.290085321,0.05102881584343749,0.06323338313962028
train,材料3,246,3200,0,0,-0.201384985,0.290707115,0.051180291290937374,0.06329298651851524
train,材料3,247,3200,0,0,-0.200571752,0.291333926,0.051331400075624894,0.06335488613156968
train,材料3,248,3200,0,0,-0.199754288,0.291964633,0.051482201306874906,0.06341906493172512
train,材料3,249,3200,0,0,-0.198930643,0.292597638,0.051632614505312494,0.06348559174438337
train,材料3,250,3200,0,0,-0.19943,0.293230233,0.05178273859749995,0.06355445372138478
train,材料3,251,3200,0,0,-0.20021,0.293857467,0.05193256904468745,0.06362570707022547
train,材料3,252,3200,0,0,-0.20099,0.294481122,0.05208208939031253,0.0636993647599472
train,材料3,253,3200,0,0,-0.20175,0.295099865,0.05223126284937489,0.06377529986114666
train,材料3,254,3200,0,0,-0.2025,0.295716762,0.05238016345406253,0.06385351832271759
train,材料3,255,3200,0,0,-0.20324,0.296341416,0.05252871606562505,0.06393399349903876
train,材料3,256,3200,0,0,-0.20397,0.296968034,0.05267693992812499,0.06401665225080187
train,材料3,257,3200,0,0,-0.2047,0.29758901,0.05282477969500014,0.06410162397711536
train,材料3,258,3200,0,0,-0.20541,0.298210317,0.05297236283499997,0.06418881282664331
train,材料3,259,3200,0,0,-0.20613,0.298834374,0.05311954325500002,0.06427819635598449
train,材料3,260,3200,0,0,-0.20683,0.299460709,0.05326632198999999,0.06436971899706335
train,材料3,261,3200,0,0,-0.20752,0.300086946,0.053412853775000046,0.06446348026245369
train,材料3,262,3200,0,0,-0.20821,0.300710104,0.0535590355893748,0.06455952624731996
train,材料3,263,3200,0,0,-0.20888,0.301335392,0.053704873096562494,0.06465777514307806
train,材料3,264,3200,0,0,-0.20956,0.301961566,0.05385033063281257,0.06475816666198342
train,材料3,265,3200,0,0,-0.21022,0.302583326,0.05399545268218757,0.06486064959472838
train,材料3,266,3200,0,0,-0.21087,0.303185623,0.05414013275999994,0.06496532636015548
train,材料3,267,3200,0,0,-0.21151,0.303727421,0.05428451194281239,0.06507214313093224
train,材料3,268,3200,0,0,-0.21215,0.3041709,0.05442848560531245,0.06518102365409971
train,材料3,269,3200,0,0,-0.21277,0.304425844,0.054571947750312495,0.06529179753514587
train,材料3,270,3200,0,0,-0.21339,0.304424309,0.05471494669624999,0.06540437696155048
train,材料3,271,3200,0,0,-0.214,0.304173029,0.05485742212593748,0.06551879721150976
train,材料3,272,3200,0,0,-0.2146,0.303673989,0.05499951757156248,0.06563502315406126
train,材料3,273,3200,0,0,-0.21518,0.302945599,0.055141103366249944,0.06575306424787265
train,材料3,274,3200,0,0,-0.21576,0.302039912,0.05528216973906247,0.06587297009854598
train,材料3,275,3200,0,0,-0.21633,0.301033271,0.055422807115000056,0.0659948343875409
train,材料3,276,3200,0,0,-0.21689,0.301303459,0.055562909584687466,0.06611866436569916
train,材料3,277,3200,0,0,-0.21744,0.301914839,0.05570256595375,0.06624453265571696
train,材料3,278,3200,0,0,-0.21798,0.30251614,0.05584166044656251,0.06637240571529902
train,材料3,279,3200,0,0,-0.21852,0.303119243,0.05598024424968759,0.06650245917411045
train,材料3,280,3200,0,0,-0.21904,0.303706122,0.056118215395937476,0.06663443048828177
train,材料3,281,3200,0,0,-0.21955,0.304231109,0.056255561243125,0.06676822711847324
train,材料3,282,3200,0,0,-0.22006,0.304658409,0.05639220217781245,0.06690389957533578
train,材料3,283,3200,0,0,-0.22055,0.304900816,0.056528159075312556,0.06704117242497654
train,材料3,284,3200,0,0,-0.22104,0.304886059,0.05666338728625008,0.06718002079580662
train,材料3,285,3200,0,0,-0.22152,0.304619012,0.0567978091706251,0.06732042886402467
train,材料3,286,3200,0,0,-0.22198,0.304100535,0.056931553092500024,0.06746241629842195
train,材料3,287,3200,0,0,-0.22244,0.303352004,0.0570644058465625,0.06760591424848669
train,材料3,288,3200,0,0,-0.2229,0.302430483,0.057196425359999914,0.06775096520998389
train,材料3,289,3200,0,0,-0.22334,0.302637048,0.0573275783253127,0.06789752342170638
train,材料3,290,3200,0,0,-0.223918866,0.303255648,0.05745763994031229,0.06804550384077877
train,材料3,291,3200,0,0,-0.224559719,0.303878062,0.05758648262531262,0.06819477536569589
train,材料3,292,3200,0,0,-0.225189949,0.304504067,0.05771394651531269,0.06834517360188856
train,材料3,293,3200,0,0,-0.225810305,0.305125729,0.057839811016562444,0.06849663507061951
train,材料3,294,3200,0,0,-0.226423736,0.305744704,0.05796386712750005,0.06864894838839004
train,材料3,295,3200,0,0,-0.227029753,0.306368703,0.05808548610124998,0.06880149181214434
train,材料3,296,3200,0,0,-0.227625344,0.306994063,0.058203818332812546,0.06895298247498305
train,材料3,297,3200,0,0,-0.228211039,0.307617169,0.05831758754343747,0.0691017767037233
train,材料3,298,3200,0,0,-0.228788383,0.308235845,0.0584251669319063,0.06924571191388507
train,材料3,299,3200,0,0,-0.229358236,0.308852946,0.05852484107999983,0.06938205480435813
train,材料3,300,3200,0,0,-0.229918994,0.309447684,0.058614242588125025,0.06950751170411912
train,材料3,301,3200,0,0,-0.230467787,0.309950997,0.05869034037562519,0.0696173474420277
train,材料3,302,3200,0,0,-0.231005877,0.310257903,0.05874977031499993,0.06970562348582737
train,材料3,303,3200,0,0,-0.231534304,0.310257187,0.05878849327437491,0.06976596819801449
train,材料3,304,3200,0,0,-0.232055235,0.310173838,0.05880223782218748,0.0697906175817861
train,材料3,305,3200,0,0,-0.232567924,0.310563612,0.058788101429375086,0.06977377915995663
train,材料3,306,3200,0,0,-0.233070964,0.310868457,0.05874789207625003,0.06971731179518677
train,材料3,307,3200,0,0,-0.233565172,0.310535768,0.05868881945437506,0.06963212650763127
train,材料3,308,3200,0,0,-0.234049274,0.309745525,0.05862069637906257,0.06953446924464121
train,材料3,309,3200,0,0,-0.234520955,0.308784665,0.05855046722687506,0.06943562248372509
train,材料3,310,3200,0,0,-0.234983231,0.307804975,0.058480144861562444,0.06933854364754137
train,材料3,311,3200,0,0,-0.23543749,0.306838047,0.058409970433437354,0.06924326390752576
train,材料3,312,3200,0,0,-0.235880361,0.305887383,0.05833984181031253,0.06914949269885377
train,材料3,313,3200,0,0,-0.236314072,0.304965181,0.05826967641218748,0.06905704167415243
train,材料3,314,3200,0,0,-0.236739209,0.304046056,0.0581994807559375,0.06896599609772147
train,材料3,315,3200,0,0,-0.237152103,0.303131113,0.058129112677500074,0.06887626706131438
train,材料3,316,3200,0,0,-0.23755608,0.302220938,0.058058704210625006,0.06878756373606217
train,材料3,317,3200,0,0,-0.237952658,0.301306815,0.057987972036249905,0.06870016295188329
train,材料3,318,3200,0,0,-0.238337931,0.300396029,0.05791706109906239,0.06861388336849167
train,材料3,319,3200,0,0,-0.238711701,0.299488122,0.057845913656562546,0.06852887098685755
train,材料3,320,3200,0,0,-0.239075299,0.298580171,0.057774512816250026,0.06844499758820756
train,材料3,321,3200,0,0,-0.239430766,0.297674174,0.05770290654718761,0.06836224696157568
train,材料3,322,3200,0,0,-0.23977754,0.296769419,0.05763097512437494,0.06828073051402964
train,材料3,323,3200,0,0,-0.240112416,0.295867063,0.05755876901124992,0.06820044720283543
train,材料3,324,3200,0,0,-0.240437245,0.294961976,0.05748634650031261,0.06812129181700353
train,材料3,325,3200,0,0,-0.240755598,0.294055988,0.05741367053093763,0.06804338853936813
train,材料3,326,3200,0,0,-0.241064661,0.293154013,0.057340669728437474,0.06796662287774699
train,材料3,327,3200,0,0,-0.241364173,0.292253737,0.057267364819062284,0.06789106885166683
train,材料3,328,3200,0,0,-0.24165422,0.291348201,0.057193753670000035,0.06781670069395442
train,材料3,329,3200,0,0,-0.241933143,0.290823881,0.05711987001999992,0.06774356965452415
train,材料3,330,3200,0,0,-0.242202735,0.291079666,0.05704575999374995,0.067671712045971
train,材料3,331,3200,0,0,-0.242462957,0.291335655,0.056971331496249916,0.06760110775767518
train,材料3,332,3200,0,0,-0.242712478,0.291587853,0.056896678572187456,0.06753173594426824
train,材料3,333,3200,0,0,-0.242951872,0.291841435,0.05682176889624992,0.06746360021315918
train,材料3,334,3200,0,0,-0.243182549,0.292097754,0.05674650005281249,0.06739667207694443
train,材料3,335,3200,0,0,-0.243404209,0.292351391,0.05667094598250008,0.06733093404334999
train,材料3,336,3200,0,0,-0.243614455,0.292608611,0.056595094434062465,0.06726639205610857
train,材料3,337,3200,0,0,-0.24381321,0.292867353,0.056518972708124976,0.06720311055742914
train,材料3,338,3200,0,0,-0.24400366,0.293121445,0.05644257965093742,0.06714116612957202
train,材料3,339,3200,0,0,-0.244185667,0.293374713,0.05636590563093742,0.06708051483275784
train,材料3,340,3200,0,0,-0.244357073,0.293631426,0.05628902256281236,0.06702118164835287
train,材料3,341,3200,0,0,-0.244517639,0.293889519,0.056211759077500006,0.06696310229454622
train,材料3,342,3200,0,0,-0.24466981,0.294142959,0.056134276699374916,0.0669062856992871
train,材料3,343,3200,0,0,-0.244813586,0.294395986,0.05605653487406258,0.0668506875279519
train,材料3,344,3200,0,0,-0.244946524,0.294650192,0.055978518511562526,0.06679650866920189
train,材料3,345,3200,0,0,-0.245070854,0.294900965,0.05590020910843755,0.06674357998288444
train,材料3,346,3200,0,0,-0.245185782,0.295148948,0.055821609692187565,0.06669201324182915
train,材料3,347,3200,0,0,-0.245289014,0.295396456,0.05574281013812497,0.06664176396838722
train,材料3,348,3200,0,0,-0.245381429,0.295644921,0.055663679123124934,0.06659282128718151
train,材料3,349,3200,0,0,-0.245463377,0.295896934,0.05558428164125005,0.06654520505901293
train,材料3,350,3200,0,0,-0.245536546,0.296153423,0.05550460510906267,0.06649888726446569
train,材料3,351,3200,0,0,-0.245602171,0.29640767,0.055424598911562505,0.06645392833725272
train,材料3,352,3200,0,0,-0.245657639,0.296660026,0.05534438683078128,0.06641031381254701
train,材料3,353,3200,0,0,-0.245702816,0.296914781,0.05526389275843742,0.06636806034077675
train,材料3,354,3200,0,0,-0.245740917,0.297168927,0.05518310032906262,0.06632720430488091
train,材料3,355,3200,0,0,-0.245771792,0.297422303,0.0551021002915625,0.06628769082995126
train,材料3,356,3200,0,0,-0.24579553,0.297675484,0.05502077091625007,0.0662495716961083
train,材料3,357,3200,0,0,-0.245812282,0.297927528,0.054939277105,0.06621286228345588
train,材料3,358,3200,0,0,-0.245819974,0.298180738,0.05485747205718756,0.06617764847542992
train,材料3,359,3200,0,0,-0.245819186,0.298433862,0.05477546520968755,0.06614385145687735
train,材料3,360,3200,0,0,-0.245810057,0.298683118,0.05469317812843763,0.06611147914500055
train,材料3,361,3200,0,0,-0.245792853,0.298932861,0.05461054689593754,0.06608044108435389
train,材料3,362,3200,0,0,-0.245767471,0.29918683,0.0545276819215625,0.06605082502549338
train,材料3,363,3200,0,0,-0.2457322,0.299439796,0.05444466927468747,0.06602261117137448
train,材料3,364,3200,0,0,-0.245688672,0.299688762,0.054361325837812426,0.06599586863337267
train,材料3,365,3200,0,0,-0.24563721,0.29993755,0.05427767617968758,0.0659705056734144
train,材料3,366,3200,0,0,-0.24557703,0.300189754,0.05419377366281251,0.06594659332538066
train,材料3,367,3200,0,0,-0.245506362,0.300440232,0.05410962888718749,0.06592408890019912
train,材料3,368,3200,0,0,-0.245424562,0.300690921,0.05402525149968742,0.06590306038346376
train,材料3,369,3200,0,0,-0.245332479,0.300944867,0.05394059829312506,0.06588347996794833
train,材料3,370,3200,0,0,-0.245230677,0.301194859,0.05385567589624994,0.06586541220668372
train,材料3,371,3200,0,0,-0.245120706,0.301441715,0.05377044508656253,0.06584880489284974
train,材料3,372,3200,0,0,-0.245002982,0.301691385,0.05368494269843759,0.06583357479252472
train,材料3,373,3200,0,0,-0.244876144,0.301941212,0.05359915500562491,0.06581983697422245
train,材料3,374,3200,0,0,-0.244737875,0.302191209,0.05351307937937503,0.06580756209709408
train,材料3,375,3200,0,0,-0.244590543,0.302443059,0.053426635773750085,0.06579678407549928
train,材料3,376,3200,0,0,-0.244435698,0.302692012,0.05333995255906252,0.06578741898967518
train,材料3,377,3200,0,0,-0.244270513,0.302942225,0.05325289420031253,0.0657795822863979
train,材料3,378,3200,0,0,-0.244094204,0.303194965,0.05316558697937501,0.06577315321209483
train,材料3,379,3200,0,0,-0.243909399,0.303450026,0.05307792745812501,0.06576822704325073
train,材料3,380,3200,0,0,-0.243718316,0.303708409,0.052989911826874916,0.06576481993599381
train,材料3,381,3200,0,0,-0.243517412,0.303964564,0.05290158487125007,0.06576281789846682
train,材料3,382,3200,0,0,-0.24330565,0.304217989,0.05281291584968747,0.06576226929795657
train,材料3,383,3200,0,0,-0.243614252,0.304468288,0.05272387808031256,0.0657631120247097
train,材料3,384,3200,0,0,-0.2439233,0.304716754,0.052634436603750015,0.06576535191953072
train,材料3,385,3200,0,0,-0.244224081,0.304967566,0.05254458395874991,0.06576893243422116
train,材料3,386,3200,0,0,-0.244514738,0.305220225,0.05245437319250002,0.06577406609778004
train,材料3,387,3200,0,0,-0.244796361,0.305473369,0.05236377252718749,0.06578066529476635
train,材料3,388,3200,0,0,-0.245070217,0.30572426,0.05227279487593749,0.06578863660202272
train,材料3,389,3200,0,0,-0.245333819,0.305974459,0.05218133050968745,0.0657979361106998
train,材料3,390,3200,0,0,-0.245586057,0.306227922,0.052089382470000015,0.06580857007692334
train,材料3,391,3200,0,0,-0.245829514,0.306478994,0.05199692193625006,0.06582046955512266
train,材料3,392,3200,0,0,-0.246062773,0.306728611,0.051903926241875,0.06583351335939112
train,材料3,393,3200,0,0,-0.246286915,0.306983371,0.05181024602874999,0.06584764257056229
train,材料3,394,3200,0,0,-0.246501493,0.307235912,0.05171582710406249,0.06586277180428524
train,材料3,395,3200,0,0,-0.246704931,0.30748443,0.05162034878750001,0.06587872109612682
train,材料3,396,3200,0,0,-0.246899531,0.307732826,0.05152360886812504,0.06589507370941435
train,材料3,397,3200,0,0,-0.247082795,0.307981931,0.05142507958812498,0.06591137345550278
train,材料3,398,3200,0,0,-0.247254076,0.308233843,0.05132423347343743,0.06592681331336976
train,材料3,399,3200,0,0,-0.247415652,0.3086834,0.05122054675406263,0.06594041929793719
train,材料3,400,3200,0,0,-0.2475692,0.30987223,0.05111321412531246,0.06595114224816565
train,材料3,401,3200,0,0,-0.24771068,0.310858504,0.051000906573749984,0.0659564556528104
train,材料3,402,3200,0,0,-0.247839278,0.311659872,0.050881577924062525,0.06595249236243231
train,材料3,403,3200,0,0,-0.247961396,0.312270839,0.05075313788156248,0.06593512708208318
train,材料3,404,3200,0,0,-0.248075276,0.312693925,0.05061396768687497,0.06590096362596402
train,材料3,405,3200,0,0,-0.248178831,0.312944672,0.05046206941906247,0.0658453951670235
train,材料3,406,3200,0,0,-0.248272477,0.313219533,0.05029450883531252,0.06576177329569458
train,材料3,407,3200,0,0,-0.248355496,0.313284469,0.05010835531843731,0.06564358008726642
train,材料3,408,3200,0,0,-0.2484296,0.313217201,0.04990155503687512,0.06548569298727375
train,材料3,409,3200,0,0,-0.248493702,0.313120277,0.04967625150343746,0.06529090815545797
train,材料3,410,3200,0,0,-0.24854698,0.313068132,0.04944081199312512,0.06507625923469035
train,材料3,411,3200,0,0,-0.24859224,0.313017716,0.049203297777812516,0.06485802971851846
train,材料3,412,3200,0,0,-0.248629508,0.312961495,0.048965991630312636,0.0646408658362787
train,材料3,413,3200,0,0,-0.248658559,0.312904184,0.04872893945687498,0.06442486759306489
train,材料3,414,3200,0,0,-0.248680556,0.312849959,0.04849203955156245,0.0642098058749699
train,材料3,415,3200,0,0,-0.248694123,0.312797446,0.04825528652562494,0.06399538244896555
train,材料3,416,3200,0,0,-0.248698344,0.312750554,0.04801853777531242,0.063781630919994
train,材料3,417,3200,0,0,-0.248695061,0.312703306,0.047781787330937436,0.06356829032323111
train,材料3,418,3200,0,0,-0.248685237,0.312648884,0.04754497759374999,0.0633554546654769
train,材料3,419,3200,0,0,-0.248667158,0.312592415,0.047308007584375,0.06314313536311081
train,材料3,420,3200,0,0,-0.248639765,0.312538815,0.04707100716031245,0.06293119489285008
train,材料3,421,3200,0,0,-0.248603476,0.312485752,0.04683396593812507,0.06271973373175206
train,材料3,422,3200,0,0,-0.248555442,0.31243332,0.04659674906562501,0.06250886112613122
train,材料3,423,3200,0,0,-0.248495943,0.312381629,0.04635939490656257,0.0622983260817553
train,材料3,424,3200,0,0,-0.248429249,0.312326874,0.046121863513749986,0.062088219880144416
train,材料3,425,3200,0,0,-0.248353413,0.312273536,0.04588421836593752,0.0618786199868289
train,材料3,426,3200,0,0,-0.248268333,0.312221174,0.04564646168531253,0.061669481106973636
train,材料3,427,3200,0,0,-0.248174817,0.312168029,0.045408443980000046,0.06146076197128145
train,材料3,428,3200,0,0,-0.248070838,0.312122265,0.04517028980343766,0.06125252601143075
train,材料3,429,3200,0,0,-0.24795718,0.31208559,0.044932075300000006,0.06104470316530048
train,材料3,430,3200,0,0,-0.247834839,0.312047872,0.04469373296531248,0.060837361340636976
train,材料3,431,3200,0,0,-0.24770458,0.312007691,0.04445519452937492,0.06063047538684199
train,材料3,432,3200,0,0,-0.247564139,0.31196875,0.044216620815,0.06042412143764507
train,材料3,433,3200,0,0,-0.24741235,0.311932301,0.04397780882062507,0.060218274953097777
train,材料3,434,3200,0,0,-0.247251555,0.311896187,0.043738935485624936,0.060013013781519124
train,材料3,435,3200,0,0,-0.247083824,0.311858351,0.04349992230156247,0.05980825894328533
train,材料3,436,3200,0,0,-0.24690627,0.311820036,0.04326077219812503,0.05960393189853844
train,材料3,437,3200,0,0,-0.246717601,0.311779991,0.043021500233749996,0.05940014887001552
train,材料3,438,3200,0,0,-0.246518964,0.311741353,0.042782079140937554,0.05919692234404768
train,材料3,439,3200,0,0,-0.246309875,0.311706574,0.042542518253749995,0.05899431789956731
train,材料3,440,3200,0,0,-0.246091739,0.311674123,0.04230284964125004,0.05879217786438238
train,材料3,441,3200,0,0,-0.245865419,0.311642384,0.04206308897187504,0.05859069099025387
train,材料3,442,3200,0,0,-0.245628965,0.311607918,0.041823122194375,0.05838972153654255
train,材料3,443,3200,0,0,-0.245383949,0.311569483,0.0415830511275,0.05818932291668552
train,材料3,444,3200,0,0,-0.245130919,0.311531593,0.041342854408750046,0.05798955995093492
train,材料3,445,3200,0,0,-0.244868703,0.311492576,0.04110253611624998,0.05779043028380421
train,材料3,446,3200,0,0,-0.244599057,0.311453969,0.04086210540031244,0.057591826716153746
train,材料3,447,3200,0,0,-0.24432138,0.31141704,0.04062161721687506,0.05739383300670691
train,材料3,448,3200,0,0,-0.244035385,0.311379052,0.04038100420843743,0.057196467403360554
train,材料3,449,3200,0,0,-0.243740001,0.311341613,0.040140261436874984,0.05699982629534423
train,材料3,450,3200,0,0,-0.243435348,0.311304534,0.039899410480625085,0.05680379854478469
train,材料3,451,3200,0,0,-0.243121341,0.311266901,0.03965848544328131,0.05660847979060674
train,材料3,452,3200,0,0,-0.242797416,0.311229925,0.03941741530937507,0.05641379337819192
train,材料3,453,3200,0,0,-0.242464662,0.311191309,0.03917624103562498,0.05621975535557661
train,材料3,454,3200,0,0,-0.242122884,0.311149914,0.03893501671406248,0.05602638187522479
train,材料3,455,3200,0,0,-0.241772747,0.311109967,0.03869362864468746,0.05583374867093191
train,材料3,456,3200,0,0,-0.241413685,0.311071314,0.03845218586437506,0.055641757407279564
train,材料3,457,3200,0,0,-0.241045744,0.311032716,0.038210689791874974,0.05545047597609675
train,材料3,458,3200,0,0,-0.240672191,0.310994861,0.037969045945937495,0.05526000615736975
train,材料3,459,3200,0,0,-0.24028975,0.310955988,0.03772736470562499,0.05507025825025746
train,材料3,460,3200,0,0,-0.239895566,0.310915047,0.03748550722187498,0.05488118513040436
train,材料3,461,3200,0,0,-0.239490484,0.310876215,0.03724356865375004,0.05469289467755168
train,材料3,462,3200,0,0,-0.239077707,0.310838132,0.037001584058124995,0.05450541213184447
train,材料3,463,3200,0,0,-0.238658988,0.310796996,0.03675950180999999,0.0543186939567678
train,材料3,464,3200,0,0,-0.238229852,0.31075738,0.03651732004625005,0.054132758731466925
train,材料3,465,3200,0,0,-0.237791967,0.310720633,0.036275068557500026,0.05394760072625793
train,材料3,466,3200,0,0,-0.237346887,0.310683139,0.03603268468281249,0.053763365459494034
train,材料3,467,3200,0,0,-0.236893269,0.310644911,0.03579025640937498,0.05357994470827498
train,材料3,468,3200,0,0,-0.236430436,0.310606852,0.03554778503687495,0.05339729204243906
train,材料3,469,3200,0,0,-0.235957837,0.310572473,0.035305228541250074,0.05321549812915939
train,材料3,470,3200,0,0,-0.235478874,0.310538009,0.03506254192312498,0.05303460414012653
train,材料3,471,3200,0,0,-0.234993207,0.310501677,0.03481984849093744,0.052854556157472476
train,材料3,472,3200,0,0,-0.234498041,0.310466375,0.034577045996875035,0.0526753906703452
train,材料3,473,3200,0,0,-0.233993279,0.310430783,0.034334194542500016,0.05249707882223248
train,材料3,474,3200,0,0,-0.233481437,0.310393801,0.03409129960687499,0.05231969563512203
train,材料3,475,3200,0,0,-0.232962899,0.31035873,0.03384822489562503,0.052143301528761725
train,材料3,476,3200,0,0,-0.232435788,0.31032691,0.03360517791000004,0.051967811814238235
train,材料3,477,3200,0,0,-0.231899805,0.310291282,0.033362104792187486,0.05179327335672847
train,材料3,478,3200,0,0,-0.231355625,0.310254373,0.03311897097031246,0.05161968432404586
train,材料3,479,3200,0,0,-0.230803868,0.31022181,0.03287577537406247,0.05144704898885359
train,材料3,480,3200,0,0,-0.230244374,0.310189392,0.03263246844406256,0.051275413879052656
train,材料3,481,3200,0,0,-0.229677986,0.31015372,0.03238916121687499,0.05110477771292318
train,材料3,482,3200,0,0,-0.22910542,0.310115386,0.03214580102062495,0.050935155976151565
train,材料3,483,3200,0,0,-0.22858,0.310078308,0.03190242006468747,0.050766474933717325
train,材料3,484,3200,0,0,-0.2282,0.310042506,0.031658968131874986,0.05059889050164755
train,材料3,485,3200,0,0,-0.22781,0.310007902,0.031415479685000004,0.05043234769161369
train,材料3,486,3200,0,0,-0.22742,0.309977639,0.031172009349687495,0.050266901887830624
train,材料3,487,3200,0,0,-0.22702,0.309944984,0.030928487375625,0.05010251760880608
train,材料3,488,3200,0,0,-0.22661,0.309912221,0.03068487316687495,0.049939138501717634
train,材料3,489,3200,0,0,-0.22619,0.30988263,0.03044120569249999,0.04977683431090264
train,材料3,490,3200,0,0,-0.22577,0.309847762,0.030197513629375044,0.04961566244764843
train,材料3,491,3200,0,0,-0.22533,0.309811488,0.02995377463687503,0.04945561242494923
train,材料3,492,3200,0,0,-0.22489,0.309778595,0.02971003907406254,0.049296689253843826
train,材料3,493,3200,0,0,-0.22444,0.309743516,0.029466307784062482,0.049138888570652545
train,材料3,494,3200,0,0,-0.22399,0.3097064,0.029222545690937473,0.048982188729315174
train,材料3,495,3200,0,0,-0.22353,0.309671207,0.028978780031249957,0.04882672929295013
train,材料3,496,3200,0,0,-0.22306,0.309636775,0.02873498677875,0.048672414101304955
train,材料3,497,3200,0,0,-0.22257,0.309603327,0.028491136028437527,0.048519244600559924
train,材料3,498,3200,0,0,-0.22209,0.309569382,0.02824729187343749,0.0483673586098876
train,材料3,499,3200,0,0,-0.22159,0.309532599,0.028003466293437532,0.04821661657269447
train,材料3,500,3200,0,0,-0.22109,0.309498857,0.027759666167812523,0.048067130383053706
train,材料3,501,3200,0,0,-0.22058,0.309454978,0.027515797700312542,0.04791888863919145
train,材料3,502,3200,0,0,-0.22006,0.309404607,0.027271865689687484,0.04777169324541008
train,材料3,503,3200,0,0,-0.21953,0.309374884,0.027027882701562575,0.04762539439317616
train,材料3,504,3200,0,0,-0.219,0.309292238,0.02678357282156253,0.04747910604174868
train,材料3,505,3200,0,0,-0.21846,0.309100241,0.026538633695625053,0.04733179978141351
train,材料3,506,3200,0,0,-0.21791,0.308678644,0.026292593930937525,0.047181678799993534
train,材料3,507,3200,0,0,-0.21735,0.308019463,0.02604524250062498,0.04702778720896731
train,材料3,508,3200,0,0,-0.21679,0.307145855,0.02579626137562504,0.04686941230776613
train,材料3,509,3200,0,0,-0.21622,0.306039522,0.025545476303437505,0.04670561592525379
train,材料3,510,3200,0,0,-0.21565,0.305057754,0.02529309966468748,0.04653718443142971
train,材料3,511,3200,0,0,-0.21506,0.30384298,0.025039303445625036,0.0463647878692195
train,材料3,512,3200,0,0,-0.21447,0.302434841,0.024784610259374992,0.04619035977083536
train,材料3,513,3200,0,0,-0.21387,0.300912395,0.024529575413937504,0.046015928268278376
train,材料3,514,3200,0,0,-0.21326,0.299371035,0.024274524762499933,0.04584258071663567
train,材料3,515,3200,0,0,-0.21265,0.297836056,0.024019514204375033,0.04567055040013092
train,材料3,516,3200,0,0,-0.21203,0.296302424,0.023764508424062507,0.04549984332255704
train,材料3,517,3200,0,0,-0.2114,0.294771338,0.023509523949687514,0.04533049396736506
train,材料3,518,3200,0,0,-0.211275553,0.293239864,0.023254567070312454,0.04516245431362556
train,材料3,519,3200,0,0,-0.212010086,0.291709089,0.0229996378209375,0.04499572614624109
train,材料3,520,3200,0,0,-0.21273579,0.290180205,0.022744744518124964,0.044830385907205554
train,材料3,521,3200,0,0,-0.213453209,0.288651891,0.022489923761874992,0.044666455644323845
train,材料3,522,3200,0,0,-0.214161475,0.287124784,0.022235076022812515,0.04450390664789473
train,材料3,523,3200,0,0,-0.214862469,0.285597581,0.021980298685624976,0.04434267990137489
train,材料3,524,3200,0,0,-0.215555238,0.284067472,0.02172555958843745,0.04418289059492224
train,材料3,525,3200,0,0,-0.216238392,0.282536204,0.02147088501593752,0.04402446357200011
train,材料3,526,3200,0,0,-0.216909969,0.281008658,0.02121629813281247,0.043867397946924284
train,材料3,527,3200,0,0,-0.217566523,0.279485737,0.020961744586250015,0.04371183558793138
train,材料3,528,3200,0,0,-0.218212177,0.277962516,0.020707218718437476,0.04355769185771326
train,材料3,529,3200,0,0,-0.218851146,0.276435445,0.020452729050312507,0.04340509313879578
train,材料3,530,3200,0,0,-0.219484351,0.27490591,0.020198309570624993,0.04325389582016529
train,材料3,531,3200,0,0,-0.220110318,0.273377929,0.019943968877812523,0.043104189855289375
train,材料3,532,3200,0,0,-0.220727032,0.271853527,0.019689624061874994,0.04295602725738374
train,材料3,533,3200,0,0,-0.221336492,0.270329728,0.019435367820937494,0.042809367467329364
train,材料3,534,3200,0,0,-0.221937026,0.268804724,0.019181187180000014,0.04266419920394879
train,材料3,535,3200,0,0,-0.222527215,0.267279926,0.018927069082499994,0.042520596597080976
train,材料3,536,3200,0,0,-0.223105769,0.265755918,0.01867303860625003,0.042378600620934015
train,材料3,537,3200,0,0,-0.223673874,0.264231673,0.018419010662500027,0.04223818129332402
train,材料3,538,3200,0,0,-0.224234456,0.262707192,0.01816512391187498,0.04209925838730554
train,材料3,539,3200,0,0,-0.224785331,0.261185138,0.017911275313749978,0.0419618970035935
train,材料3,540,3200,0,0,-0.225326003,0.259661903,0.017657483164062494,0.04182616857919367
train,材料3,541,3200,0,0,-0.225855191,0.258133586,0.01740374022,0.04169203844528224
train,材料3,542,3200,0,0,-0.22637393,0.256607461,0.017150094683437506,0.041559483088087136
train,材料3,543,3200,0,0,-0.226887069,0.255084703,0.01689651536156251,0.0414286195896731
train,材料3,544,3200,0,0,-0.227391968,0.253559599,0.01664301854187499,0.04129938114048635
train,材料3,545,3200,0,0,-0.227886382,0.252031921,0.016389624636249992,0.04117181390561437
train,材料3,546,3200,0,0,-0.228372071,0.250507682,0.016136279364375002,0.04104597995920604
train,材料3,547,3200,0,0,-0.228847948,0.24898625,0.015883036455624996,0.04092180684964304
train,材料3,548,3200,0,0,-0.229313309,0.247463702,0.01562991628749999,0.04079930586292487
train,材料3,549,3200,0,0,-0.22976853,0.245940632,0.01537690843250001,0.040678532886154334
train,材料3,550,3200,0,0,-0.230215984,0.244417531,0.015123960658125045,0.040559474262522585
train,材料3,551,3200,0,0,-0.230655342,0.242894087,0.01487109639312499,0.04044213580211597
train,材料3,552,3200,0,0,-0.231083466,0.24136996,0.014618320421562499,0.04032656532722334
train,材料3,553,3200,0,0,-0.231501312,0.239845645,0.014365651690312495,0.04021276648351344
train,材料3,554,3200,0,0,-0.231910301,0.238320775,0.01411313082926873,0.040100721832497854
train,材料3,555,3200,0,0,-0.232310836,0.236798062,0.01386069109937498,0.03999046362503902
train,材料3,556,3200,0,0,-0.232704387,0.23527854,0.013608357305937478,0.03988195765197498
train,材料3,557,3200,0,0,-0.23309006,0.233757911,0.013356145479062515,0.03977525801571807
train,材料3,558,3200,0,0,-0.2334698,0.23223443,0.013104084758750007,0.03967033993397781
train,材料3,559,3200,0,0,-0.233841682,0.232475244,0.012852092966562494,0.03956728120468523
train,材料3,560,3200,0,0,-0.234202708,0.232941711,0.012600248126562479,0.039466017094263436
train,材料3,561,3200,0,0,-0.234554263,0.233399971,0.012348465906562515,0.03936664730103269
train,材料3,562,3200,0,0,-0.234893309,0.233851034,0.012096875280937504,0.039269068263207293
train,材料3,563,3200,0,0,-0.235220382,0.234292478,0.011845390299687534,0.03917336106885062
train,材料3,564,3200,0,0,-0.235537679,0.234721947,0.011593993961562491,0.03907950522250676
train,材料3,565,3200,0,0,-0.235842856,0.235141919,0.011342816543749983,0.038987456281294824
train,材料3,566,3200,0,0,-0.236137935,0.235553702,0.011091755029374994,0.03889725303669437
train,材料3,567,3200,0,0,-0.236427667,0.235955293,0.01084075535843752,0.03880895662313615
train,材料3,568,3200,0,0,-0.236707646,0.236348249,0.010589920913749988,0.03872250861145297
train,材料3,569,3200,0,0,-0.236975189,0.236730784,0.010339204798749996,0.03863796601465494
train,材料3,570,3200,0,0,-0.237233776,0.237102011,0.010088612340937482,0.03855534728133971
train,材料3,571,3200,0,0,-0.23748682,0.237464781,0.009838167344999987,0.03847460492157458
train,材料3,572,3200,0,0,-0.237734362,0.237819046,0.009587868307187502,0.038395753755561327
train,材料3,573,3200,0,0,-0.237972822,0.23816262,0.009337701285312505,0.038318855471140424
train,材料3,574,3200,0,0,-0.238201851,0.238495896,0.0090876856325,0.038243841834550006
train,材料3,575,3200,0,0,-0.238423162,0.23881887,0.00883786087875001,0.03817070198361861
train,材料3,576,3200,0,0,-0.238634735,0.239133923,0.008588134080624994,0.03809948122209976
train,材料3,577,3200,0,0,-0.238837682,0.239441666,0.008338570720312513,0.03803018766771545
train,材料3,578,3200,0,0,-0.239033399,0.239739409,0.008089156407187494,0.03796284167943116
train,材料3,579,3200,0,0,-0.239218941,0.240026806,0.007839999303125006,0.03789741882519911
train,材料3,580,3200,0,0,-0.239392926,0.24030677,0.007590938011250008,0.03783395048889837
train,材料3,581,3200,0,0,-0.239556718,0.24057848,0.007342028560312496,0.03777237675503303
train,材料3,582,3200,0,0,-0.239711065,0.240840764,0.007093275889687478,0.03771268224254681
train,材料3,583,3200,0,0,-0.239855073,0.241094256,0.006844653637812493,0.03765484318493498
train,材料3,584,3200,0,0,-0.239990995,0.241337329,0.0065961861034374855,0.037598918062933515
train,材料3,585,3200,0,0,-0.240117331,0.241569115,0.006347852066875008,0.037544858478282574
train,材料3,586,3200,0,0,-0.240232685,0.241789363,0.006099626937499989,0.03749267218697338
train,材料3,587,3200,0,0,-0.240338729,0.241999721,0.005851625443125008,0.03744224015257509
train,材料3,588,3200,0,0,-0.240433649,0.24220186,0.005603690186562502,0.037393621788409784
train,材料3,589,3200,0,0,-0.240525359,0.24239451,0.0053559116006250025,0.03734681379291969
train,材料3,590,3200,0,0,-0.240729858,0.242577581,0.005108210540625007,0.03730188391537282
train,材料3,591,3200,0,0,-0.240922313,0.24275221,0.004860727140624998,0.03725865785650967
train,材料3,592,3200,0,0,-0.241103865,0.242916839,0.004613358642500015,0.03721726551540524
train,材料3,593,3200,0,0,-0.241278099,0.243071844,0.004366104943124995,0.037177623803942135
train,材料3,594,3200,0,0,-0.241442589,0.24321847,0.0041189834078125,0.03713982626144169
train,材料3,595,3200,0,0,-0.241592715,0.243357293,0.003872049809687504,0.037103806196224186
train,材料3,596,3200,0,0,-0.241732561,0.243486905,0.0036252226059374977,0.03706951746074639
train,材料3,597,3200,0,0,-0.241867772,0.2436061,0.0033785144403125117,0.03703698760717112
train,材料3,598,3200,0,0,-0.241993857,0.243716258,0.0031319165315625086,0.03700626956025749
train,材料3,599,3200,0,0,-0.242112957,0.24381776,0.0028855214212500087,0.03697723719865454
train,材料3,600,3200,0,0,-0.242224867,0.243909671,0.0026391968431250007,0.03695002113289138
train,材料3,601,3200,0,0,-0.242325305,0.243990549,0.0023931033879999943,0.03692431175225423
train,材料3,602,3200,0,0,-0.242415457,0.244062557,0.0021471081550000076,0.036900259768684586
train,材料3,603,3200,0,0,-0.24249875,0.24412869,0.001901218041562501,0.03687789590795072
train,材料3,604,3200,0,0,-0.24257554,0.244185499,0.0016554407103125234,0.03685710481762228
train,材料3,605,3200,0,0,-0.242642795,0.244230666,0.0014096848575000042,0.036837731499422294
train,材料3,606,3200,0,0,-0.242701739,0.244268485,0.0011639649306249842,0.036819614046963434
train,材料3,607,3200,0,0,-0.242749487,0.24429921,0.0009181459087500243,0.03680229612661994
train,材料3,608,3200,0,0,-0.242782553,0.244319204,0.0006720216487499886,0.03678551122967321
train,材料3,609,3200,0,0,-0.242806871,0.244330072,0.0004254175562499877,0.03676894379221556
train,材料3,610,3200,0,0,-0.242824222,0.244334479,0.00017833466343749875,0.03675236410416187
train,材料3,611,3200,0,0,-0.242834171,0.244332477,-6.921563093749369e-05,0.03673591489433228
train,材料3,612,3200,0,0,-0.242838758,0.244324678,-0.00031716397218749985,0.0367197165150089
train,材料3,613,3200,0,0,-0.24283568,0.244310332,-0.0005654587515624721,0.03670410257288682
train,材料3,614,3200,0,0,-0.24282233,0.244288089,-0.0008138883181249895,0.0366893919052262
train,材料3,615,3200,0,0,-0.242803747,0.244258396,-0.0010622607678125058,0.036675859869907165
train,材料3,616,3200,0,0,-0.242781434,0.244221276,-0.001310522482187494,0.03666394638062813
train,材料3,617,3200,0,0,-0.242750979,0.244174935,-0.0015586142681249912,0.036653665731478574
train,材料3,618,3200,0,0,-0.242711302,0.2441164,-0.0018064304431250056,0.03664513524702358
train,材料3,619,3200,0,0,-0.242664199,0.244049244,-0.002054024259062487,0.03663840610928732
train,材料3,620,3200,0,0,-0.24261208,0.243976303,-0.0023013528887499816,0.036633441153612584
train,材料3,621,3200,0,0,-0.242552199,0.243893153,-0.0025484683774999995,0.03663022680362725
train,材料3,622,3200,0,0,-0.242486552,0.243799531,-0.0027953289537499997,0.03662879495402981
train,材料3,623,3200,0,0,-0.242414057,0.243697311,-0.003041937250312504,0.036629127144895975
train,材料3,624,3200,0,0,-0.242333485,0.243586502,-0.003288254241875005,0.036631231610406136
train,材料3,625,3200,0,0,-0.242243423,0.243467273,-0.003534303414687483,0.036634940838207834
train,材料3,626,3200,0,0,-0.242140229,0.243340842,-0.003780056392187495,0.036640360349152724
train,材料3,627,3200,0,0,-0.242033279,0.243207895,-0.004025608903437486,0.036647514301465504
train,材料3,628,3200,0,0,-0.241922264,0.243065947,-0.004270884269687509,0.03665636132555287
train,材料3,629,3200,0,0,-0.24180322,0.242914619,-0.004515890771562471,0.03666681513184418
train,材料3,630,3200,0,0,-0.241674327,0.242754892,-0.0047606183534374714,0.03667895760811553
train,材料3,631,3200,0,0,-0.241534543,0.242587533,-0.005005128819375014,0.0366926505672088
train,材料3,632,3200,0,0,-0.241385918,0.242413466,-0.005249298527187474,0.03670794697264794
train,材料3,633,3200,0,0,-0.241232472,0.242230302,-0.00549325750562501,0.03672490609276404
train,材料3,634,3200,0,0,-0.241073192,0.242038598,-0.0057369541246875015,0.03674341598895538
train,材料3,635,3200,0,0,-0.24090417,0.241838509,-0.005980365564531277,0.036763503486353516
train,材料3,636,3200,0,0,-0.240726073,0.241628989,-0.0062235737731250315,0.03678515447409286
train,材料3,637,3200,0,0,-0.240535777,0.241410764,-0.006466434234062488,0.03680823782899735
train,材料3,638,3200,0,0,-0.240335852,0.241182785,-0.006709065076562521,0.03683281326603729
train,材料3,639,3200,0,0,-0.240129801,0.240946593,-0.006951408107499998,0.036858854137413445
train,材料3,640,3200,0,0,-0.239918064,0.240702039,-0.00719342472093752,0.036886391366250534
train,材料3,641,3200,0,0,-0.239696951,0.240448316,-0.007435141595000011,0.036915319385054886
train,材料3,642,3200,0,0,-0.239469697,0.240186799,-0.007676658806562504,0.03694583493209676
train,材料3,643,3200,0,0,-0.239237364,0.239917045,-0.007917864804687489,0.03697780484913941
train,材料3,644,3200,0,0,-0.238997129,0.239637132,-0.008158799169062491,0.037011224051690154
train,材料3,645,3200,0,0,-0.238750542,0.239349083,-0.008399417056250004,0.03704605785662894
train,材料3,646,3200,0,0,-0.238493872,0.239054954,-0.008639758335625011,0.03708232716094886
train,材料3,647,3200,0,0,-0.23837849,0.23875316,-0.008879740110937485,0.037119969844689085
train,材料3,648,3200,0,0,-0.238306206,0.238442443,-0.00911953047249999,0.037158944425426166
train,材料3,649,3200,0,0,-0.238223977,0.238124369,-0.009358988279062504,0.03719928425608206
train,材料3,650,3200,0,0,-0.238131152,0.237799002,-0.009598096681562484,0.0372409352026632
train,材料3,651,3200,0,0,-0.238030497,0.237465209,-0.009836935583437496,0.037283961376981284
train,材料3,652,3200,0,0,-0.237924595,0.237423678,-0.010075469498749998,0.03732830337977249
train,材料3,653,3200,0,0,-0.237811789,0.237452633,-0.01031367641843748,0.03737399865778581
train,材料3,654,3200,0,0,-0.237692849,0.237473947,-0.010551600583749977,0.037420955750505865
train,材料3,655,3200,0,0,-0.237565818,0.23748826,-0.01078922556250002,0.037469210635829336
train,材料3,656,3200,0,0,-0.237428169,0.237495702,-0.011026560490562496,0.03751875886901088
train,材料3,657,3200,0,0,-0.23727873,0.237493899,-0.011263580563124966,0.03756952883848951
train,材料3,658,3200,0,0,-0.237117841,0.237483496,-0.011500207696249987,0.037621544273519776
train,材料3,659,3200,0,0,-0.236951269,0.237467572,-0.011736562745625023,0.03767479339989676
train,材料3,660,3200,0,0,-0.236778865,0.237445792,-0.011972698881249992,0.037729377996509945
train,材料3,661,3200,0,0,-0.236596348,0.237420481,-0.012208574471250011,0.037785128906469206
train,材料3,662,3200,0,0,-0.236405839,0.237387696,-0.01244406169999998,0.03784196968514035
train,材料3,663,3200,0,0,-0.236209981,0.23734552,-0.01267926423718751,0.037900074973797035
train,材料3,664,3200,0,0,-0.236005004,0.237296589,-0.012914162995624963,0.03795942305353957
train,材料3,665,3200,0,0,-0.235787545,0.23723991,-0.013148768966562491,0.03801984519839532
train,材料3,666,3200,0,0,-0.235562245,0.237177022,-0.013382990068749998,0.038081374970537506
train,材料3,667,3200,0,0,-0.23532985,0.237105426,-0.013616896736249981,0.038144016052852295
train,材料3,668,3200,0,0,-0.235089192,0.237024267,-0.013850448234062498,0.0382077182522002
train,材料3,669,3200,0,0,-0.234840526,0.236932669,-0.014083675239999944,0.03827257127525486
train,材料3,670,3200,0,0,-0.234579409,0.23683487,-0.014316549462812498,0.03833843229708876
train,材料3,671,3200,0,0,-0.234311099,0.236733667,-0.014549132390625013,0.03840542624116519
train,材料3,672,3200,0,0,-0.234037392,0.236620476,-0.014781381605937546,0.038473427951985543
train,材料3,673,3200,0,0,-0.233753373,0.236494908,-0.015013369624687477,0.03854249443012999
train,材料3,674,3200,0,0,-0.233460752,0.236358623,-0.015244922884375019,0.03861254650763258
train,材料3,675,3200,0,0,-0.233159718,0.236213416,-0.015476138495937526,0.03868361229532322
train,材料3,676,3200,0,0,-0.23284939,0.236063694,-0.01570704650125,0.038755590909482475
train,材料3,677,3200,0,0,-0.232530509,0.23590707,-0.01593762050281249,0.038828595277576004
train,材料3,678,3200,0,0,-0.232203452,0.235741077,-0.01616785545718749,0.03890253262611325
train,材料3,679,3200,0,0,-0.231867741,0.235568045,-0.016397734107812516,0.03897741698390147
train,材料3,680,3200,0,0,-0.231521568,0.235387517,-0.016627240185937503,0.03905321183580958
train,材料3,681,3200,0,0,-0.231167944,0.235199285,-0.016856435778437526,0.03912993396318158
train,材料3,682,3200,0,0,-0.230808501,0.235002925,-0.0170853131859375,0.03920759088725328
train,材料3,683,3200,0,0,-0.230440713,0.234798246,-0.017313797149687515,0.039286044075503714
train,材料3,684,3200,0,0,-0.23006794,0.234583926,-0.01754202090374999,0.03936549970340909
train,材料3,685,3200,0,0,-0.229687067,0.234360072,-0.01776988333937498,0.0394458293511847
train,材料3,686,3200,0,0,-0.229297096,0.23413019,-0.01799744975343748,0.039527041316153415
train,材料3,687,3200,0,0,-0.22890082,0.233893923,-0.0182245966078125,0.03960912488164307
train,材料3,688,3200,0,0,-0.228496607,0.233650276,-0.018451388024374994,0.03969201142223537
train,材料3,689,3200,0,0,-0.228081134,0.233396911,-0.018677857704375016,0.03977574873402695
train,材料3,690,3200,0,0,-0.227656803,0.233133151,-0.018903994791562503,0.039860351050290524
train,材料3,691,3200,0,0,-0.227225343,0.232862464,-0.019129783705937528,0.039945626192272175
train,材料3,692,3200,0,0,-0.226786088,0.232583975,-0.019355173530000023,0.04003165219239232
train,材料3,693,3200,0,0,-0.227199866,0.232295404,-0.019580178175000015,0.040118474073234475
train,材料3,694,3200,0,0,-0.227815336,0.23199853,-0.019804917565937517,0.04020609245753876
train,材料3,695,3200,0,0,-0.228424089,0.231691744,-0.020029295325312533,0.040294540362416996
train,材料3,696,3200,0,0,-0.229020386,0.231375356,-0.020253246123124936,0.04038361365767414
train,材料3,697,3200,0,0,-0.229602819,0.231052091,-0.02047681826062504,0.040473429776723344
train,材料3,698,3200,0,0,-0.230172132,0.230723696,-0.020700084133124984,0.04056407252332261
train,材料3,699,3200,0,0,-0.2307321,0.230385384,-0.02092294519437503,0.04065541674967913
train,材料3,700,3200,0,0,-0.231286809,0.230039373,-0.02114549069156248,0.04074741483352153
train,材料3,701,3200,0,0,-0.231834929,0.229688248,-0.021367630619062473,0.04084015579327976
train,材料3,702,3200,0,0,-0.23237385,0.22932656,-0.021589429459999993,0.04093354296524639
train,材料3,703,3200,0,0,-0.232900105,0.228957929,-0.0218108496915625,0.04102760514212372
train,材料3,704,3200,0,0,-0.233416693,0.228581461,-0.022031978839687452,0.041122359097156606
train,材料3,705,3200,0,0,-0.233926651,0.228200775,-0.022252756139374982,0.04121781981658871
train,材料3,706,3200,0,0,-0.234424795,0.227814742,-0.022473088273437514,0.041313844605059255
train,材料3,707,3200,0,0,-0.234911191,0.227419158,-0.022693080557187537,0.04141056532346577
train,材料3,708,3200,0,0,-0.235390224,0.227017073,-0.022912679560624937,0.04150794443478743
train,材料3,709,3200,0,0,-0.235858183,0.226608274,-0.023131916596249972,0.04160582836246583
train,材料3,710,3200,0,0,-0.236313533,0.226192647,-0.023350747379999932,0.04170429722316709
train,材料3,711,3200,0,0,-0.236759087,0.225767342,-0.023569257723750035,0.04180341346114058
train,材料3,712,3200,0,0,-0.237197554,0.225331586,-0.023787423801250082,0.041903193117546436
train,材料3,713,3200,0,0,-0.237627548,0.224890801,-0.02400523204718752,0.042003606144398964
train,材料3,714,3200,0,0,-0.23804568,0.224444673,-0.02422266240218748,0.0421044644311047
train,材料3,715,3200,0,0,-0.238452595,0.223990546,-0.024439733820937497,0.04220597802787985
train,材料3,716,3200,0,0,-0.238845324,0.223528942,-0.02465635399968753,0.042308005947935115
train,材料3,717,3200,0,0,-0.239222614,0.223056055,-0.024872712657500018,0.04241069205679649
train,材料3,718,3200,0,0,-0.239592415,0.22257397,-0.0250886329525,0.04251386122198467
train,材料3,719,3200,0,0,-0.239958207,0.222086392,-0.025304140601250077,0.042617590201282356
train,材料3,720,3200,0,0,-0.240314917,0.22159035,-0.02551929917874999,0.042721719914887414
train,材料3,721,3200,0,0,-0.24066172,0.221087139,-0.02573408172687505,0.04282641644368001
train,材料3,722,3200,0,0,-0.24099924,0.220576391,-0.025948434974999962,0.04293171057874416
train,材料3,723,3200,0,0,-0.241322559,0.220057296,-0.026162481364062528,0.043037467055998535
train,材料3,724,3200,0,0,-0.241629993,0.219532236,-0.026376049414062484,0.04314365975895622
train,材料3,725,3200,0,0,-0.241931883,0.219000087,-0.026589308623437474,0.043250355244049965
train,材料3,726,3200,0,0,-0.242228481,0.218458635,-0.026802110298437515,0.043357558144631526
train,材料3,727,3200,0,0,-0.242515279,0.217908571,-0.02701462355781256,0.04346535481595009
train,材料3,728,3200,0,0,-0.242790542,0.21735325,-0.027226738909374975,0.04357365939394634
train,材料3,729,3200,0,0,-0.24305371,0.216792678,-0.027438468957187493,0.04368241440505387
train,材料3,730,3200,0,0,-0.243303592,0.216223923,-0.02764984225343742,0.043791720790337316
train,材料3,731,3200,0,0,-0.243537599,0.215645859,-0.02786079156531251,0.04390151137552434
train,材料3,732,3200,0,0,-0.243764559,0.215059971,-0.028071357529062566,0.04401168963902859
train,材料3,733,3200,0,0,-0.243987001,0.214468851,-0.028281496489687502,0.04412240842419856
train,材料3,734,3200,0,0,-0.244195876,0.213868847,-0.028491301927187483,0.044233616180730365
train,材料3,735,3200,0,0,-0.244394526,0.213260402,-0.02870077467906251,0.04434525706534699
train,材料3,736,3200,0,0,-0.244584693,0.212646403,-0.02890981692999994,0.044457346344947475
train,材料3,737,3200,0,0,-0.244763388,0.212025016,-0.02911846589468754,0.04456987482388697
train,材料3,738,3200,0,0,-0.244932654,0.211398911,-0.02932674678749994,0.044682872184860584
train,材料3,739,3200,0,0,-0.245092694,0.210768607,-0.029534609171562518,0.044796294955083714
train,材料3,740,3200,0,0,-0.245244537,0.210129876,-0.02974209532531251,0.044910215532160846
train,材料3,741,3200,0,0,-0.245383278,0.2094844,-0.02994924956281248,0.045024632281451676
train,材料3,742,3200,0,0,-0.245513736,0.208832223,-0.030155995998437456,0.045139463160379846
train,材料3,743,3200,0,0,-0.245637565,0.208171128,-0.030362333816249924,0.045254712805161905
train,材料3,744,3200,0,0,-0.245751854,0.20750426,-0.030568335542499995,0.04537049306965908
train,材料3,745,3200,0,0,-0.245856976,0.206827764,-0.03077390224156257,0.045486758695642594
train,材料3,746,3200,0,0,-0.245950107,0.206143034,-0.030979146461249968,0.04560328726092276
train,材料3,747,3200,0,0,-0.246035374,0.205451826,-0.03118393531031252,0.04572034030703585
train,材料3,748,3200,0,0,-0.246112513,0.204751477,-0.031388362673124975,0.045837756415973624
train,材料3,749,3200,0,0,-0.246179851,0.204043803,-0.03159242154562492,0.0459555817399392
train,材料3,750,3200,0,0,-0.246239725,0.20333147,-0.03179607988187497,0.04607392885457356
train,材料3,751,3200,0,0,-0.246292648,0.202615278,-0.031999391981249944,0.04619273958377957
train,材料3,752,3200,0,0,-0.24633705,0.2018932,-0.03220225457468752,0.046311963657627145
train,材料3,753,3200,0,0,-0.246373272,0.201164514,-0.03240482791749993,0.04643155806050352
train,材料3,754,3200,0,0,-0.246403072,0.200429165,-0.032606988970312493,0.04655166748014156
train,材料3,755,3200,0,0,-0.246424536,0.199687347,-0.032808787619374995,0.04667227602111288
train,材料3,756,3200,0,0,-0.24643887,0.198940436,-0.03301024379125005,0.04679329547223422
train,材料3,757,3200,0,0,-0.246446719,0.198186285,-0.03321133300031253,0.04691482119004459
train,材料3,758,3200,0,0,-0.246445384,0.197425049,-0.033412055739999946,0.0470369079469123
train,材料3,759,3200,0,0,-0.24643394,0.196656517,-0.03361246383250002,0.04715945113185166
train,材料3,760,3200,0,0,-0.246417083,0.197,-0.03381249950843751,0.047282486373564525
train,材料3,761,3200,0,0,-0.246402385,0.19785,-0.034012163551250085,0.04740599659727076
train,材料3,762,3200,0,0,-0.246385255,0.19869,-0.03421152121,0.04753003530060995
train,材料3,763,3200,0,0,-0.246359919,0.19953,-0.034410568938749914,0.04765464049740194
train,材料3,764,3200,0,0,-0.246321515,0.20036,-0.03460924858750003,0.04777972506000323
train,材料3,765,3200,0,0,-0.246269369,0.20119,-0.034807599851562517,0.04790525601693502
train,材料3,766,3200,0,0,-0.246212224,0.202,-0.03500562587999992,0.04803126433716076
train,材料3,767,3200,0,0,-0.246150754,0.2028,-0.03520325869531263,0.04815773441048901
train,材料3,768,3200,0,0,-0.246078996,0.2036,-0.0354005704840625,0.04828466984443751
train,材料3,769,3200,0,0,-0.245998539,0.20438,-0.03559755098812497,0.048411909539313035
train,材料3,770,3200,0,0,-0.245909572,0.20516,-0.03579418157781242,0.04853971298300886
train,材料3,771,3200,0,0,-0.245807663,0.20593,-0.03599041479593746,0.048667939663216996
train,材料3,772,3200,0,0,-0.245699961,0.20669,-0.03618634617187499,0.048796663297726264
train,材料3,773,3200,0,0,-0.245586024,0.20745,-0.0363818662471876,0.04892576692833765
train,材料3,774,3200,0,0,-0.245459822,0.2082,-0.03657706808999996,0.04905520038288961
train,材料3,775,3200,0,0,-0.245319816,0.20893,-0.03677185396531251,0.049185224674720765
train,材料3,776,3200,0,0,-0.245208075,0.20966,-0.03696633436906251,0.049315583428377115
train,材料3,777,3200,0,0,-0.245099833,0.21038,-0.03716040593843754,0.04944649715830791
train,材料3,778,3200,0,0,-0.244985201,0.2111,-0.0373541102971875,0.04957768127766125
train,材料3,779,3200,0,0,-0.244860319,0.2118,-0.03754747959437499,0.04970925378673732
train,材料3,780,3200,0,0,-0.244726363,0.2125,-0.03774038002656245,0.049841221182013146
train,材料3,781,3200,0,0,-0.244582748,0.21319,-0.03793293954468749,0.049973689751797085
train,材料3,782,3200,0,0,-0.244429539,0.21386,-0.03812515566937498,0.05010654010838908
train,材料3,783,3200,0,0,-0.244266612,0.21454,-0.03831694335874988,0.05023989767682062
train,材料3,784,3200,0,0,-0.244092336,0.2152,-0.03850835921125002,0.05037362156125193
train,材料3,785,3200,0,0,-0.243908813,0.21584,-0.03869946823906251,0.05050779384329095
train,材料3,786,3200,0,0,-0.243715523,0.21648,-0.03889021731093751,0.05064245808479782
train,材料3,787,3200,0,0,-0.243512754,0.21711,-0.039080564714375,0.05077755800914948
train,材料3,788,3200,0,0,-0.24330273,0.21774,-0.03927056196499994,0.0509130158537626
train,材料3,789,3200,0,0,-0.243083985,0.21835,-0.039460165225937434,0.05104897394978293
train,材料3,790,3200,0,0,-0.24285643,0.21895,-0.03964935381031252,0.051185336023004346
train,材料3,791,3200,0,0,-0.242620426,0.21955,-0.039838192185937565,0.051322068628953464
train,材料3,792,3200,0,0,-0.242375855,0.22013,-0.04002666145687498,0.05145928917025824
train,材料3,793,3200,0,0,-0.242122144,0.22071,-0.040214726299687566,0.0515970305615086
train,材料3,794,3200,0,0,-0.241858819,0.22127,-0.040402394862812455,0.051735165044121546
train,材料3,795,3200,0,0,-0.241587697,0.22182,-0.04058976882687507,0.05187370433317161
train,材料3,796,3200,0,0,-0.241306928,0.22237,-0.040776683287500094,0.052012758628633006
train,材料3,797,3200,0,0,-0.241018959,0.22291,-0.04096327466999998,0.0521522123783901
train,材料3,798,3200,0,0,-0.240723395,0.22344,-0.04114953213687499,0.05229217376800989
train,材料3,799,3200,0,0,-0.240418947,0.22396,-0.04133539258531256,0.05243253230622733
train,材料3,800,3200,0,0,-0.24010512,0.22446,-0.04152088183593752,0.052573319964311145
train,材料3,801,3200,0,0,-0.239780906,0.22496,-0.041705908937499904,0.052714512628026476
train,材料3,802,3200,0,0,-0.239446487,0.22545,-0.041890621734687564,0.05285618899026118
train,材料3,803,3200,0,0,-0.239101681,0.22594,-0.04207496102374995,0.05299843578053177
train,材料3,804,3200,0,0,-0.238747353,0.22641,-0.04225897061187507,0.05314120393790312
train,材料3,805,3200,0,0,-0.238383499,0.22687,-0.04244257465499996,0.05328434105740941
train,材料3,806,3200,0,0,-0.238012577,0.22733,-0.04262581290031244,0.05342803859206231
train,材料3,807,3200,0,0,-0.237632455,0.22778,-0.042808729324062496,0.05357215306449354
train,材料3,808,3200,0,0,-0.237242363,0.22821,-0.042991194161249996,0.05371678551025235
train,材料3,809,3200,0,0,-0.23684481,0.22864,-0.04317331922562502,0.053861963673220443
train,材料3,810,3200,0,0,-0.236438154,0.22906,-0.04335502892687509,0.05400750217479247
train,材料3,811,3200,0,0,-0.237051545,0.22947,-0.04353643323427179,0.05415361034541244
train,材料3,812,3200,0,0,-0.237884537,0.22987,-0.04371750099531251,0.054300162756797284
train,材料3,813,3200,0,0,-0.238714913,0.23026,-0.04389816035656247,0.05444729511680975
train,材料3,814,3200,0,0,-0.239545546,0.23064,-0.04407845594687496,0.054594920821864616
train,材料3,815,3200,0,0,-0.240385337,0.23101,-0.044258438957812535,0.05474306505286054
train,材料3,816,3200,0,0,-0.241220673,0.23137,-0.044438008583437466,0.054891697062716925
train,材料3,817,3200,0,0,-0.242056394,0.23173,-0.044617250318437496,0.055040864795491036
train,材料3,818,3200,0,0,-0.242896772,0.23207,-0.044796091379999986,0.05519055036476643
train,材料3,819,3200,0,0,-0.24373961,0.2324,-0.04497461535031247,0.05534071107172496
train,材料3,820,3200,0,0,-0.244579773,0.23272,-0.04515273516562494,0.05549131089934727
train,材料3,821,3200,0,0,-0.245420972,0.23303,-0.04533044558999997,0.05564236803429724
train,材料3,822,3200,0,0,-0.246255439,0.23333,-0.04550782553218738,0.05579404124064766
train,材料3,823,3200,0,0,-0.247080996,0.23363,-0.04568489497687505,0.05594636367863938
train,材料3,824,3200,0,0,-0.247912889,0.233940896,-0.045861601785937574,0.05609921952038379
train,材料3,825,3200,0,0,-0.248752699,0.23431725,-0.046037936466874985,0.05625259727743702
train,材料3,826,3200,0,0,-0.249584111,0.234684091,-0.04621398747749993,0.05640650271504853
train,材料3,827,3200,0,0,-0.250418929,0.235042674,-0.04638960368499996,0.05656105321175416
train,材料3,828,3200,0,0,-0.251263632,0.235391229,-0.04656491211281248,0.056716173570035555
train,材料3,829,3200,0,0,-0.252098419,0.235726999,-0.04673988940968735,0.05687181314706465
train,材料3,830,3200,0,0,-0.253077458,0.236053494,-0.04691451102468747,0.05702798799552526
train,材料3,831,3200,0,0,-0.254057734,0.236371425,-0.047088770075624904,0.05718471644338607
train,材料3,832,3200,0,0,-0.255040043,0.23668088,-0.047262647962187564,0.057341944619191204
train,材料3,833,3200,0,0,-0.256019693,0.236984289,-0.0474361993321875,0.057499763311931705
train,材料3,834,3200,0,0,-0.256997146,0.237276898,-0.04760939758062502,0.05765819219781828
train,材料3,835,3200,0,0,-0.257978828,0.237556766,-0.04778227411031257,0.05781723524373532
train,材料3,836,3200,0,0,-0.258966423,0.237828835,-0.04795478582249995,0.057976921101918814
train,材料3,837,3200,0,0,-0.259950585,0.238092576,-0.048126916335937485,0.05813715484620591
train,材料3,838,3200,0,0,-0.26093108,0.238348048,-0.0482987115575001,0.05829793651670944
train,材料3,839,3200,0,0,-0.261910333,0.238595753,-0.04847019102375007,0.05845929885734128
train,材料3,840,3200,0,0,-0.262890141,0.238832969,-0.04864132962343758,0.058621251218238746
train,材料3,841,3200,0,0,-0.263875667,0.239057659,-0.04881212797968751,0.058783811789313876
train,材料3,842,3200,0,0,-0.264862009,0.239272669,-0.04898259949218751,0.05894702918900662
train,材料3,843,3200,0,0,-0.265844648,0.239479251,-0.04915268484187492,0.059110824700078515
train,材料3,844,3200,0,0,-0.266825083,0.239678095,-0.049322392493124916,0.059275227295826634
train,材料3,845,3200,0,0,-0.267800382,0.239869665,-0.049491854631875096,0.059440268682070946
train,材料3,846,3200,0,0,-0.268777199,0.240051261,-0.04966100725875,0.05960591740265337
train,材料3,847,3200,0,0,-0.269755171,0.240223694,-0.049829796654062494,0.05977219725060832
train,材料3,848,3200,0,0,-0.270731996,0.2403878,-0.04999826459125013,0.059939106972298824
train,材料3,849,3200,0,0,-0.271711032,0.240542894,-0.05016638257750016,0.06010665965606934
train,材料3,850,3200,0,0,-0.272692529,0.240687907,-0.0503342212337499,0.06027488439262981
train,材料3,851,3200,0,0,-0.273678388,0.24082489,-0.05050165259625,0.06044378420089278
train,材料3,852,3200,0,0,-0.274664688,0.240953069,-0.050668776502812596,0.0606133384640781
train,材料3,853,3200,0,0,-0.275646568,0.241070771,-0.0508356705684374,0.060783395795737404
train,材料3,854,3200,0,0,-0.27662954,0.241177146,-0.05100210039874993,0.06095423160458976
train,材料3,855,3200,0,0,-0.277610223,0.241273007,-0.05116829538843746,0.06112565828165196
train,材料3,856,3200,0,0,-0.278591609,0.241362373,-0.05133412891937503,0.06129774823354286
train,材料3,857,3200,0,0,-0.279579265,0.241444191,-0.05149971602906247,0.061470508927868886
train,材料3,858,3200,0,0,-0.280565493,0.241516806,-0.051664926081875034,0.061643905579258376
train,材料3,859,3200,0,0,-0.281547336,0.241580337,-0.05182983103531249,0.06181804466169495
train,材料3,860,3200,0,0,-0.282520709,0.241635682,-0.051994403528124976,0.06199275487443315
train,材料3,861,3200,0,0,-0.283490112,0.241681366,-0.05215868362062502,0.062168128195167954
train,材料3,862,3200,0,0,-0.284459808,0.241716332,-0.05232263631406254,0.06234424405224326
train,材料3,863,3200,0,0,-0.285435293,0.241743114,-0.05248630283125007,0.0625210674104848
train,材料3,864,3200,0,0,-0.286419507,0.241760388,-0.05264971861374994,0.06269852459193384
train,材料3,865,3200,0,0,-0.287403477,0.24176821,-0.052812737753124964,0.06287666753326872
train,材料3,866,3200,0,0,-0.288386454,0.241769376,-0.05297548105031249,0.06305546063772965
train,材料3,867,3200,0,0,-0.289368747,0.241764707,-0.053137903457187635,0.06323498397395838
train,材料3,868,3200,0,0,-0.290355095,0.241754438,-0.05330001679843759,0.0634151328294901
train,材料3,869,3200,0,0,-0.291347473,0.241736824,-0.053461828302812445,0.06359600355602393
train,材料3,870,3200,0,0,-0.292334557,0.241711988,-0.053623338950937516,0.06377759629017032
train,材料3,871,3200,0,0,-0.293316404,0.241676986,-0.05378455575218747,0.06395987746740592
train,材料3,872,3200,0,0,-0.294301385,0.241634213,-0.05394548251406259,0.064142833525976
train,材料3,873,3200,0,0,-0.295283735,0.241587922,-0.05410607590656246,0.06432652766809362
train,材料3,874,3200,0,0,-0.296261789,0.241535465,-0.054266397480312624,0.0645108509043872
train,材料3,875,3200,0,0,-0.297245998,0.241474716,-0.054426411169062563,0.06469594014324437
train,材料3,876,3200,0,0,-0.298230723,0.241403246,-0.054586078573749884,0.06488168240567942
train,材料3,877,3200,0,0,-0.299213162,0.24132149,-0.054745542665312466,0.06506819462109184
train,材料3,878,3200,0,0,-0.300197346,0.241231265,-0.0549046752815625,0.06525542097892341
train,材料3,879,3200,0,0,-0.301157564,0.24113212,-0.05506352945968745,0.06544332890453886
train,材料3,880,3200,0,0,-0.302038645,0.241024397,-0.05522200288156263,0.06563184057999805
train,材料3,881,3200,0,0,-0.302788322,0.240908495,-0.055380158355937556,0.06582098797152432
train,材料3,882,3200,0,0,-0.30335642,0.240785174,-0.05553797200468746,0.06601063285795337
train,材料3,883,3200,0,0,-0.303687308,0.240653952,-0.05569536581937513,0.06620074223023831
train,材料3,884,3200,0,0,-0.303759199,0.240511732,-0.05585230936718735,0.06639118092693626
train,材料3,885,3200,0,0,-0.30358229,0.24036144,-0.05600878974593765,0.06658191383640691
train,材料3,886,3200,0,0,-0.30319907,0.240204562,-0.05616490323156258,0.06677317450283866
train,材料3,887,3200,0,0,-0.302672773,0.240039584,-0.05632059610750004,0.06696493097973857
train,材料3,888,3200,0,0,-0.302044676,0.239864036,-0.056475800420000014,0.06715703409832083
train,材料3,889,3200,0,0,-0.301376077,0.239678699,-0.05663049316156246,0.06734962124792603
train,材料3,890,3200,0,0,-0.300769734,0.239486664,-0.05678468135593742,0.06754257850634195
train,材料3,891,3200,0,0,-0.300540009,0.239441666,-0.05693828294875008,0.06773578828937242
train,材料3,892,3200,0,0,-0.300147579,0.239739409,-0.05709132382843753,0.06792925588839208
train,材料3,893,3200,0,0,-0.301080811,0.240026806,-0.057243725150937445,0.06812309940361945
train,材料3,894,3200,0,0,-0.301933067,0.24030677,-0.057395637083124985,0.06831733269008142
train,材料3,895,3200,0,0,-0.302640443,0.24057848,-0.057546955289999986,0.06851204405246239
train,材料3,896,3200,0,0,-0.303141104,0.240840764,-0.0576976288909375,0.0687071088610383
train,材料3,897,3200,0,0,-0.303388536,0.241094256,-0.057847636616562594,0.0689025018968811
train,材料3,898,3200,0,0,-0.303372999,0.241337329,-0.057996969059374875,0.06909834241558137
train,材料3,899,3200,0,0,-0.303117461,0.241569115,-0.058145550584687504,0.06929446587902116
train,材料3,900,3200,0,0,-0.30266463,0.241789363,-0.05829333906499994,0.06949098010716716
train,材料3,901,3200,0,0,-0.302064838,0.241999721,-0.05844023153781249,0.06968778205467738
train,材料3,902,3200,0,0,-0.301381218,0.24220186,-0.058586109308124905,0.06988475963845675
train,材料3,903,3200,0,0,-0.300687185,0.24239451,-0.058730960560312434,0.0700820950956288
train,材料3,904,3200,0,0,-0.299998559,0.242577581,-0.05887458259406242,0.07027945099928146
train,材料3,905,3200,0,0,-0.29995216,0.24275221,-0.05901687299031257,0.07047659208840776
train,材料3,906,3200,0,0,-0.301443434,0.242916839,-0.05915764635937497,0.07067344687208148
train,材料3,907,3200,0,0,-0.302931723,0.243071844,-0.05929676851718758,0.07086987815661898
train,材料3,908,3200,0,0,-0.30441843,0.24321847,-0.05943407054593746,0.07106542333748318
train,材料3,909,3200,0,0,-0.305885012,0.243357293,-0.05956906792593737,0.07125943402039313
train,材料3,910,3200,0,0,-0.307262596,0.243486905,-0.05970108329531245,0.0714505354168881
train,材料3,911,3200,0,0,-0.308486046,0.2436061,-0.05982899087218754,0.07163669245029103
train,材料3,912,3200,0,0,-0.30949421,0.243716258,-0.059950893098124965,0.0718145730119461
train,材料3,913,3200,0,0,-0.310309506,0.24381776,-0.06006454261656252,0.07198001670231619
train,材料3,914,3200,0,0,-0.310941252,0.243909671,-0.06016736147687502,0.07212841966633725
train,材料3,915,3200,0,0,-0.311388385,0.243990549,-0.06025652573468739,0.07225523232468006
train,材料3,916,3200,0,0,-0.311644407,0.244062557,-0.060329270971875036,0.07235649842467282
train,材料3,917,3200,0,0,-0.311828084,0.24412869,-0.06038252403437509,0.07242831615588756
train,材料3,918,3200,0,0,-0.311900053,0.244185499,-0.06041284519437498,0.07246680214951824
train,材料3,919,3200,0,0,-0.31183264,0.244230666,-0.06041704788500005,0.07246829958241433
train,材料3,920,3200,0,0,-0.311735901,0.244268485,-0.06039482659843749,0.07243389929138241
train,材料3,921,3200,0,0,-0.311687438,0.24429921,-0.060352812390312656,0.07237457702588664
train,材料3,922,3200,0,0,-0.311639501,0.244319204,-0.06030183774718746,0.07230629201700053
train,材料3,923,3200,0,0,-0.311594596,0.244330072,-0.060248816830937316,0.07223822867794595
train,材料3,924,3200,0,0,-0.311553738,0.244334479,-0.06019566717624995,0.07217221426765723
train,材料3,925,3200,0,0,-0.311511,0.244332477,-0.06014268267312489,0.07210810772964005
train,材料3,926,3200,0,0,-0.311467512,0.244324678,-0.06008982750593761,0.0720457084563336
train,材料3,927,3200,0,0,-0.311440471,0.244310332,-0.060037057926874936,0.07198493349267725
train,材料3,928,3200,0,0,-0.311416229,0.244288089,-0.059984330688125025,0.07192574250541268
train,材料3,929,3200,0,0,-0.31138937,0.244258396,-0.05993166771687499,0.0718679802698092
train,材料3,930,3200,0,0,-0.311363889,0.244221276,-0.059878917588125066,0.07181162876425075
train,材料3,931,3200,0,0,-0.311340319,0.244174935,-0.05982607122781253,0.07175666785751243
train,材料3,932,3200,0,0,-0.311314838,0.2441164,-0.05977316022562498,0.07170312418094926
train,材料3,933,3200,0,0,-0.311290703,0.244049244,-0.05972019005500007,0.07165100943149287
train,材料3,934,3200,0,0,-0.311269036,0.243976303,-0.05966708192437519,0.07160038564163668
train,材料3,935,3200,0,0,-0.311244939,0.243893153,-0.059613810726250015,0.07155113484337483
train,材料3,936,3200,0,0,-0.311221441,0.243799531,-0.059560494183749986,0.0715032540504935
train,材料3,937,3200,0,0,-0.311197202,0.243697311,-0.05950704169781251,0.07145683145069658
train,材料3,938,3200,0,0,-0.311172185,0.243586502,-0.05945342816656247,0.07141184032872888
train,材料3,939,3200,0,0,-0.311149519,0.243467273,-0.059399678814999995,0.07136826963299371
train,材料3,940,3200,0,0,-0.311121332,0.243340842,-0.05934576112843759,0.07132618369066245
train,材料3,941,3200,0,0,-0.311091338,0.243207895,-0.05929175098218753,0.07128545415600689
train,材料3,942,3200,0,0,-0.3110642,0.243065947,-0.05923760709875001,0.07124621055519649
train,材料3,943,3200,0,0,-0.311039241,0.242914619,-0.05918326690156255,0.07120850173968646
train,材料3,944,3200,0,0,-0.311017366,0.242754892,-0.059128803590000036,0.0711721170411346
train,材料3,945,3200,0,0,-0.310994131,0.242587533,-0.05907410752625009,0.07113716159442728
train,材料3,946,3200,0,0,-0.310969855,0.242413466,-0.05901931521562496,0.07110365886858887
train,材料3,947,3200,0,0,-0.310946788,0.242230302,-0.058964437216562436,0.07107170220672585
train,材料3,948,3200,0,0,-0.310928602,0.242038598,-0.058909415133437386,0.07104129042053561
train,材料3,949,3200,0,0,-0.310909704,0.24205,-0.05885421550312504,0.07101243971768445
train,材料3,950,3200,0,0,-0.310888937,0.24207,-0.0587989191768749,0.07098500442521113
train,材料3,951,3200,0,0,-0.310870716,0.24208,-0.05874341064156274,0.07095907716756489
train,材料3,952,3200,0,0,-0.310850059,0.24208,-0.058687786909062595,0.07093460091846358
train,材料3,953,3200,0,0,-0.310829674,0.24207,-0.05863205186249999,0.07091160533918375
train,材料3,954,3200,0,0,-0.310808853,0.24206,-0.058576206977187455,0.07089016730783222
train,材料3,955,3200,0,0,-0.310780429,0.24204,-0.058520260328749914,0.07087020378610388
train,材料3,956,3200,0,0,-0.310752777,0.242,-0.05846414533562509,0.07085174995685983
train,材料3,957,3200,0,0,-0.310733068,0.24196,-0.05840789532250004,0.07083479211000351
train,材料3,958,3200,0,0,-0.310711754,0.24192,-0.05835149058093754,0.07081929786212413
train,材料3,959,3200,0,0,-0.310692336,0.24186,-0.05829498836249989,0.07080525617327717
train,材料3,960,3200,0,0,-0.310676737,0.2418,-0.05823835448187495,0.07079285569692807
train,材料3,961,3200,0,0,-0.310657174,0.24172,-0.05818159016000002,0.07078193496893276
train,材料3,962,3200,0,0,-0.31063296,0.24163,-0.05812478047031244,0.07077248452489601
train,材料3,963,3200,0,0,-0.310612097,0.24154,-0.05806782557687495,0.07076464478810514
train,材料3,964,3200,0,0,-0.31059482,0.24144,-0.058010743258437546,0.07075834202381502
train,材料3,965,3200,0,0,-0.310575461,0.24133,-0.05795356905406244,0.07075360325539352
train,材料3,966,3200,0,0,-0.310555637,0.24121,-0.0578962728193749,0.07075035878853914
train,材料3,967,3200,0,0,-0.310534718,0.24108,-0.05783882969999997,0.07074867509185348
train,材料3,968,3200,0,0,-0.310516685,0.24094,-0.057781333058125064,0.07074861937662044
train,材料3,969,3200,0,0,-0.310499519,0.24079,-0.05772376591531238,0.07075014671307875
train,材料3,970,3200,0,0,-0.310481129,0.24063,-0.057666089750000114,0.07075321960756382
train,材料3,971,3200,0,0,-0.310462,0.24047,-0.05760830570187489,0.07075785854389643
train,材料3,972,3200,0,0,-0.310443138,0.24029,-0.05755039031187494,0.07076394989720364
train,材料3,973,3200,0,0,-0.310425805,0.2401,-0.0574924179265625,0.07077155080724078
train,材料3,974,3200,0,0,-0.310404878,0.23991,-0.05743430540531245,0.07078081911928723
train,材料3,975,3200,0,0,-0.310381534,0.2397,-0.057376108101249865,0.07079165436230563
train,材料3,976,3200,0,0,-0.310363515,0.23949,-0.0573178442421875,0.07080403797866744
train,材料3,977,3200,0,0,-0.31034558,0.23927,-0.057259474386875,0.07081804563963133
train,材料3,978,3200,0,0,-0.310324413,0.23904,-0.05720104742218759,0.0708335784098677
train,材料3,979,3200,0,0,-0.310303234,0.2388,-0.05714247642750008,0.07085066997144349
train,材料3,980,3200,0,0,-0.310281353,0.23855,-0.057083818121875046,0.07086927274931294
train,材料3,981,3200,0,0,-0.310257828,0.23829,-0.0570250240312501,0.07088945692546945
train,材料3,982,3200,0,0,-0.310235391,0.23803,-0.05696612504062502,0.07091129318283215
train,材料3,983,3200,0,0,-0.310218373,0.23775,-0.05690715134437497,0.07093470332449985
train,材料3,984,3200,0,0,-0.310201921,0.23747,-0.05684804430874998,0.07095963969369291
train,材料3,985,3200,0,0,-0.310187628,0.23718,-0.056788710013750014,0.07098605722365205
train,材料3,986,3200,0,0,-0.310174587,0.23687,-0.056729212974375026,0.07101388062641269
train,材料3,987,3200,0,0,-0.310154529,0.23656,-0.05666949410281253,0.07104308955436472
train,材料3,988,3200,0,0,-0.310134274,0.23624,-0.05660947216687502,0.0710736566216402
train,材料3,989,3200,0,0,-0.310116112,0.23591,-0.05654919282687488,0.0711056131587363
train,材料3,990,3200,0,0,-0.310098224,0.23557,-0.056488664719999894,0.07113887875322984
train,材料3,991,3200,0,0,-0.310084945,0.23523,-0.056427717295625,0.07117359765825527
train,材料3,992,3200,0,0,-0.310069185,0.23488,-0.056366332489062476,0.07120960479697819
train,材料3,993,3200,0,0,-0.310051124,0.23453,-0.05630447747062504,0.07124701024068898
train,材料3,994,3200,0,0,-0.310034075,0.23416,-0.05624217677437516,0.07128575881467254
train,材料3,995,3200,0,0,-0.310017167,0.23379,-0.056179370814375046,0.07132594096155834
train,材料3,996,3200,0,0,-0.310002796,0.23341,-0.056115993059062584,0.0713674452781148
train,材料3,997,3200,0,0,-0.309990355,0.23301,-0.056052018161875085,0.07141029793615201
train,材料3,998,3200,0,0,-0.309973622,0.23261,-0.05598743965781257,0.07145446068669885
train,材料3,999,3200,0,0,-0.309955717,0.2322,-0.05592232006031246,0.07149995661803732
train,材料3,1000,3200,0,0,-0.309938305,0.23178,-0.05585654005968747,0.07154683109401577
train,材料3,1001,3200,0,0,-0.309920788,0.23135,-0.055790132455625044,0.07159485932869346
train,材料3,1002,3200,0,0,-0.309905004,0.23091,-0.05572295586343759,0.07164413741996581
train,材料3,1003,3200,0,0,-0.309892967,0.23047,-0.05565496621281249,0.07169455291295615
train,材料3,1004,3200,0,0,-0.309884395,0.23002,-0.05558605122281255,0.07174611687784617
train,材料3,1005,3200,0,0,-0.309874093,0.22956,-0.055516074187812396,0.07179874567436792
train,材料3,1006,3200,0,0,-0.309861874,0.22909,-0.055444916466249994,0.07185244870746348
train,材料3,1007,3200,0,0,-0.309850145,0.22861,-0.055372442314062326,0.07190703863285772
train,材料3,1008,3200,0,0,-0.30983969,0.22812,-0.05529824356750002,0.07196236958286911
train,材料3,1009,3200,0,0,-0.309824715,0.22763,-0.055221822858437505,0.07201817712159017
train,材料3,1010,3200,0,0,-0.309806826,0.22712,-0.05514264687781258,0.07207404273963086
train,材料3,1011,3200,0,0,-0.309789698,0.22661,-0.05505956602906247,0.0721289642537601
train,材料3,1012,3200,0,0,-0.309754201,0.22609,-0.05497105457218752,0.07218140247173696
train,材料3,1013,3200,0,0,-0.309653329,0.22557,-0.05487507601531254,0.07222954056277667
train,材料3,1014,3200,0,0,-0.309539188,0.22503,-0.05476910231000006,0.07227121550391952
train,材料3,1015,3200,0,0,-0.309453104,0.22449,-0.054649464106874976,0.07230286027277984
train,材料3,1016,3200,0,0,-0.309246406,0.22394,-0.05451053870531257,0.07231875657265091
train,材料3,1017,3200,0,0,-0.308833895,0.22338,-0.054345003209062555,0.07231076965051865
train,材料3,1018,3200,0,0,-0.308667338,0.22281,-0.0541445424075,0.07227032354622766
train,材料3,1019,3200,0,0,-0.308663982,0.22224,-0.05389983033218747,0.0721873087762191
train,材料3,1020,3200,0,0,-0.308955699,0.22165,-0.05359485716390627,0.07204135796003286
train,材料3,1021,3200,0,0,-0.308864368,0.22105,-0.05321126007343745,0.07180717378782878
train,材料3,1022,3200,0,0,-0.308244883,0.22045,-0.05274121195468763,0.07147134188960373
train,材料3,1023,3200,0,0,-0.307096444,0.21984,-0.05220206127906247,0.07104947899283781
train,材料4,0,2800,0,0,-0.263472598,0.010600915,-0.03584145282071432,0.04738470290857913
train,材料4,1,2800,0,0,-0.260676091,0.011300465,-0.035191393234999924,0.04681024755008306
train,材料4,2,2800,0,0,-0.257928295,0.011997488,-0.03454740210642858,0.04624503023654474
train,材料4,3,2800,0,0,-0.255205601,0.012693069,-0.03390721097071426,0.045685971386494204
train,材料4,4,2800,0,0,-0.252474655,0.013388809,-0.033269261540714294,0.04513209925552717
train,材料4,5,2800,0,0,-0.2497368,0.014084408,-0.03263276697285725,0.04458323962899505
train,材料4,6,2800,0,0,-0.247017782,0.014780786,-0.031997269498571373,0.044039338518167825
train,材料4,7,2800,0,0,-0.244315725,0.015476866,-0.03136243488178567,0.04350022737890086
train,材料4,8,2800,0,0,-0.241606807,0.016171301,-0.030728126605000027,0.042966049139334384
train,材料4,9,2800,0,0,-0.238888429,0.017200384,-0.030094234479642858,0.04243687028927355
train,材料4,10,2800,0,0,-0.236175702,0.018278165,-0.029460649005357165,0.04191279310105177
train,材料4,11,2800,0,0,-0.233464805,0.019354617,-0.028827371818928527,0.0413939296060909
train,材料4,12,2800,0,0,-0.230748195,0.020430841,-0.028194367373571474,0.04088043591229405
train,材料4,13,2800,0,0,-0.228039154,0.021507509,-0.027561690874285685,0.040372570035411864
train,材料4,14,2800,0,0,-0.225332622,0.022583103,-0.02692935699571423,0.03987047480116687
train,材料4,15,2800,0,0,-0.222625906,0.023657446,-0.02629729594642856,0.039374393093336735
train,材料4,16,2800,0,0,-0.219926763,0.024731697,-0.02566547888357141,0.038884520889740336
train,材料4,17,2800,0,0,-0.218252439,0.025804349,-0.02503391197785714,0.03840108470600469
train,材料4,18,2800,0,0,-0.217023761,0.026874594,-0.024402578177499953,0.03792431127581855
train,材料4,19,2800,0,0,-0.215790156,0.02794433,-0.02377145051392859,0.0374543049044824
train,材料4,20,2800,0,0,-0.21456331,0.029013659,-0.023140464661071402,0.03699126030347407
train,材料4,21,2800,0,0,-0.213334235,0.030081019,-0.022509631964999995,0.03653538770529142
train,材料4,22,2800,0,0,-0.212103832,0.031147665,-0.021878952300357156,0.03608709705776443
train,材料4,23,2800,0,0,-0.210877013,0.032212507,-0.021248441981071415,0.03564663816579884
train,材料4,24,2800,0,0,-0.20965295,0.033275043,-0.02061811340642855,0.03521423214427725
train,材料4,25,2800,0,0,-0.208429137,0.034335838,-0.019987948767857148,0.034790241039376474
train,材料4,26,2800,0,0,-0.207206198,0.03539627,-0.019357942942499987,0.03437505237553312
train,材料4,27,2800,0,0,-0.205982765,0.03645764,-0.018728155878928548,0.03396895676785095
train,材料4,28,2800,0,0,-0.204756966,0.037517738,-0.018098583041428563,0.033572190308028334
train,材料4,29,2800,0,0,-0.203529804,0.038575452,-0.017469219331428563,0.03318510390037452
train,材料4,30,2800,0,0,-0.202303106,0.039631632,-0.016840023797857137,0.03280799906855757
train,材料4,31,2800,0,0,-0.201077711,0.040685026,-0.016210974660000006,0.03244123168375569
train,材料4,32,2800,0,0,-0.199853273,0.041734643,-0.015582152220714275,0.03208517263534618
train,材料4,33,2800,0,0,-0.198629503,0.042781952,-0.014953610707142845,0.03174012819756861
train,材料4,34,2800,0,0,-0.19740557,0.043826736,-0.014325280875714273,0.031406506157787256
train,材料4,35,2800,0,0,-0.196181066,0.044869817,-0.013697179086428604,0.031084761928390478
train,材料4,36,2800,0,0,-0.19495646,0.045915566,-0.013069333855000012,0.030775235959324253
train,材料4,37,2800,0,0,-0.193732335,0.046961721,-0.012441664553214295,0.03047821248130308
train,材料4,38,2800,0,0,-0.192509362,0.048005311,-0.011814213301071422,0.030193999154298084
train,材料4,39,2800,0,0,-0.191286453,0.049044916,-0.011186949912142845,0.02992295802562807
train,材料4,40,2800,0,0,-0.190062627,0.050079078,-0.010559873239285703,0.029665423895239733
train,材料4,41,2800,0,0,-0.188838614,0.051110355,-0.009933025231785724,0.02942176911912202
train,材料4,42,2800,0,0,-0.187615242,0.05214003,-0.009306347587142839,0.029192403320345135
train,材料4,43,2800,0,0,-0.186393377,0.053167827,-0.00867987490392855,0.028977667664020754
train,材料4,44,2800,0,0,-0.185172627,0.054193414,-0.008053594394642831,0.028777805875730193
train,材料4,45,2800,0,0,-0.183950579,0.055215154,-0.007427588142500017,0.028593088920617286
train,材料4,46,2800,0,0,-0.182727454,0.056235191,-0.006801847691785709,0.02842390308888797
train,材料4,47,2800,0,0,-0.181505351,0.05725426,-0.006176329286428567,0.028270550864280337
train,材料4,48,2800,0,0,-0.18028367,0.058270515,-0.005551015066785726,0.028133265310530894
train,材料4,49,2800,0,0,-0.179062307,0.059285057,-0.004925911121071427,0.028012297384267144
train,材料4,50,2800,0,0,-0.1778411,0.060295638,-0.004301086922857131,0.027907766923108975
train,材料4,51,2800,0,0,-0.176618488,0.06130207,-0.0036765214871428515,0.027819880121319605
train,材料4,52,2800,0,0,-0.175395081,0.062308721,-0.003052252497499999,0.027748776620328933
train,材料4,53,2800,0,0,-0.1741716,0.063314734,-0.002428195003571435,0.027694579973347625
train,材料4,54,2800,0,0,-0.172947584,0.064318722,-0.001804401985714278,0.02765737404210779
train,材料4,55,2800,0,0,-0.171724087,0.065318504,-0.0011808958514285884,0.02763727243320782
train,材料4,56,2800,0,0,-0.170502333,0.066314578,-0.0005576423414285827,0.02763423492052372
train,材料4,57,2800,0,0,-0.169281608,0.067309664,6.53206546428442e-05,0.027648289752921645
train,材料4,58,2800,0,0,-0.168060844,0.068301924,0.0006880313646428596,0.02767948083347551
train,材料4,59,2800,0,0,-0.166840144,0.069289483,0.0013104984482142938,0.02772763050770886
train,材料4,60,2800,0,0,-0.165619225,0.074652436,0.0019326792124999938,0.027792638082307138
train,材料4,61,2800,0,0,-0.164397187,0.080043675,0.0025545658989285782,0.027874428945616266
train,材料4,62,2800,0,0,-0.163173655,0.085433486,0.003176138516428549,0.027972837113557494
train,材料4,63,2800,0,0,-0.161949123,0.090821645,0.0037974664789285663,0.02808765886570486
train,材料4,64,2800,0,0,-0.160725094,0.096200903,0.004418452113928562,0.02821869431628544
train,材料4,65,2800,0,0,-0.1595022,0.101573662,0.005039096139999998,0.028365776116990184
train,材料4,66,2800,0,0,-0.158280697,0.10695048,0.005659407814642868,0.02852867908149952
train,材料4,67,2800,0,0,-0.157060775,0.112330701,0.006279347121071432,0.02870707425526329
train,材料4,68,2800,0,0,-0.1558403,0.11771072,0.006898980839642879,0.02890065071485028
train,材料4,69,2800,0,0,-0.154618469,0.123088076,0.007518296659285726,0.029109094206371918
train,材料4,70,2800,0,0,-0.153397031,0.128469182,0.008137271545000005,0.029332067133244197
train,材料4,71,2800,0,0,-0.152176156,0.133849919,0.008755862151785703,0.02956926977661891
train,材料4,72,2800,0,0,-0.150955831,0.139225656,0.00937411957071431,0.029820423513410483
train,材料4,73,2800,0,0,-0.149736206,0.144596229,0.009991986086071417,0.030085150109332385
train,材料4,74,2800,0,0,-0.148516844,0.149965814,0.010609401964642853,0.03036291812531262
train,材料4,75,2800,0,0,-0.147298018,0.155340521,0.01122638827035711,0.03065344535705771
train,材料4,76,2800,0,0,-0.14607813,0.16071589,0.011842931680357166,0.030956458937315297
train,材料4,77,2800,0,0,-0.144855747,0.166089521,0.012459022902142866,0.03127157986600518
train,材料4,78,2800,0,0,-0.143632734,0.171456976,0.013074645220714274,0.031598404821275516
train,材料4,79,2800,0,0,-0.14240909,0.176818789,0.013689757976071472,0.03193658357614817
train,材料4,80,2800,0,0,-0.141184509,0.182179884,0.014304286660357142,0.032285674938795694
train,材料4,81,2800,0,0,-0.1399626,0.18754601,0.014918184681785726,0.03264524196481694
train,材料4,82,2800,0,0,-0.138743304,0.192910162,0.015531410588571399,0.03301508065521529
train,材料4,83,2800,0,0,-0.137522696,0.198270885,0.016143839762142856,0.03339478051063562
train,材料4,84,2800,0,0,-0.136300918,0.203631374,0.016755333170357146,0.03378383705646408
train,材料4,85,2800,0,0,-0.135080095,0.208977871,0.017365780710357145,0.03418177590231152
train,材料4,86,2800,0,0,-0.133861092,0.214317214,0.017975042574285713,0.03458820511297021
train,材料4,87,2800,0,0,-0.132643063,0.219663611,0.018582934323214253,0.035002837198394546
train,材料4,88,2800,0,0,-0.131423207,0.225004295,0.01918919393392857,0.03542510007676198
train,材料4,89,2800,0,0,-0.130200779,0.230343692,0.0197934590646429,0.03585451763365701
train,材料4,90,2800,0,0,-0.128978299,0.235692825,0.020395125962857127,0.03629016528633485
train,材料4,91,2800,0,0,-0.127756851,0.241035015,0.02099310780999995,0.03673048784416286
train,材料4,92,2800,0,0,-0.126535023,0.246351615,0.021586100107857168,0.03717361665042994
train,材料4,93,2800,0,0,-0.125312471,0.251651902,0.02217251042750003,0.03761719221981013
train,材料4,94,2800,0,0,-0.124090828,0.256950002,0.022750004324999955,0.038057769749280955
train,材料4,95,2800,0,0,-0.122870606,0.26212938,0.023314750198928563,0.03848867771812935
train,材料4,96,2800,0,0,-0.121650534,0.266961107,0.023860248760714266,0.03889804638427287
train,材料4,97,2800,0,0,-0.12042993,0.271219428,0.0243766280567857,0.03926923112922715
train,材料4,98,2800,0,0,-0.119209254,0.274539096,0.024851324861785682,0.03958122666614529
train,材料4,99,2800,0,0,-0.117989365,0.276620863,0.025273232309285697,0.039813572585824526
train,材料4,100,2800,0,0,-0.116770192,0.277549939,0.025638261617142836,0.03995749142760864
train,材料4,101,2800,0,0,-0.115551006,0.277599808,0.025949963103214232,0.04001793655850008
train,材料4,102,2800,0,0,-0.114331282,0.277064115,0.02621931035285711,0.0400129288547591
train,材料4,103,2800,0,0,-0.113110011,0.276325864,0.02646683532321429,0.03998050656970498
train,材料4,104,2800,0,0,-0.111887949,0.275613061,0.026710408171428533,0.03995070678790307
train,材料4,105,2800,0,0,-0.110667626,0.274906922,0.026955351231071453,0.03992816158945307
train,材料4,106,2800,0,0,-0.10944818,0.27420665,0.027201910739285778,0.0399118758567961
train,材料4,107,2800,0,0,-0.108228631,0.273520784,0.027449362019999982,0.03990109032887077
train,材料4,108,2800,0,0,-0.107010379,0.272845283,0.027697144894285677,0.03989565601525764
train,材料4,109,2800,0,0,-0.105792797,0.27217076,0.027945062910714337,0.039895309911714916
train,材料4,110,2800,0,0,-0.10457529,0.27149293,0.028192956245714267,0.03989984889316569
train,材料4,111,2800,0,0,-0.103358347,0.27082077,0.02844079085285715,0.039909306111781735
train,材料4,112,2800,0,0,-0.102141804,0.270145544,0.028688502866785735,0.039923569332536185
train,材料4,113,2800,0,0,-0.100924935,0.269469714,0.028935950454642763,0.03994257516771901
train,材料4,114,2800,0,0,-0.099706361,0.268798484,0.029183078045714343,0.039966171798043716
train,材料4,115,2800,0,0,-0.098485859,0.268118813,0.029429886098214238,0.03999429779756578
train,材料4,116,2800,0,0,-0.097265055,0.2674332,0.02967644356821426,0.040027124479324626
train,材料4,117,2800,0,0,-0.096044871,0.266750511,0.029922683859642838,0.040064559654452755
train,材料4,118,2800,0,0,-0.094825814,0.266074052,0.030168633692500082,0.04010651498000128
train,材料4,119,2800,0,0,-0.093608779,0.265405104,0.030414373788571578,0.040153079098918264
train,材料4,120,2800,0,0,-0.092392295,0.26474343,0.03065985200999998,0.04020428773580951
train,材料4,121,2800,0,0,-0.091174073,0.264074553,0.030904964255000007,0.04026001857704164
train,材料4,122,2800,0,0,-0.08995552,0.263408469,0.031149697241785634,0.040320240781754384
train,材料4,123,2800,0,0,-0.088738959,0.262746693,0.031393982511785774,0.04038486701593496
train,材料4,124,2800,0,0,-0.087522911,0.262078981,0.031637789381785755,0.04045367666580967
train,材料4,125,2800,0,0,-0.08630619,0.261413581,0.031881177272142756,0.040526774230933996
train,材料4,126,2800,0,0,-0.085090057,0.260756393,0.03212425277035719,0.040604294593446284
train,材料4,127,2800,0,0,-0.08387329,0.260098148,0.03236701147642858,0.04068616479414473
train,材料4,128,2800,0,0,-0.082654824,0.259439961,0.03260939338,0.04077236953813478
train,材料4,129,2800,0,0,-0.081436742,0.258778315,0.032851363889285695,0.04086281212642303
train,材料4,130,2800,0,0,-0.080219881,0.258108976,0.033092913584285656,0.0409573368448584
train,材料4,131,2800,0,0,-0.079002889,0.257455638,0.03333407187464284,0.04105596938309657
train,材料4,132,2800,0,0,-0.077784638,0.256812294,0.03357486237785715,0.04115888732835181
train,材料4,133,2800,0,0,-0.076566754,0.256159377,0.03381523379607138,0.04126590544495162
train,材料4,134,2800,0,0,-0.075351242,0.255495901,0.03405515834464288,0.04137686750678917
train,材料4,135,2800,0,0,-0.074136006,0.254840655,0.034294667246071504,0.04149186079942744
train,材料4,136,2800,0,0,-0.07291925,0.254193891,0.03453381082178567,0.04161082994140587
train,材料4,137,2800,0,0,-0.071702441,0.253550879,0.03477251271964288,0.041733672536511175
train,材料4,138,2800,0,0,-0.070486426,0.2528996,0.03501075369178571,0.04186035453251687
train,材料4,139,2800,0,0,-0.069270115,0.252243982,0.03524859798464286,0.04199093761759081
train,材料4,140,2800,0,0,-0.068052122,0.251596318,0.035485953992142896,0.04212521849180399
train,材料4,141,2800,0,0,-0.066833205,0.250948043,0.03572290088535718,0.04226330775995338
train,材料4,142,2800,0,0,-0.065615718,0.250296481,0.035959456403214234,0.04240528011681529
train,材料4,143,2800,0,0,-0.064399977,0.249636363,0.036195545841428665,0.042550939882945095
train,材料4,144,2800,0,0,-0.063184162,0.248983426,0.036431200902142906,0.04270024215564526
train,材料4,145,2800,0,0,-0.061967312,0.248333838,0.036666422385357174,0.04285313353248002
train,材料4,146,2800,0,0,-0.061046315,0.247674921,0.03690117351428577,0.04300957013927762
train,材料4,147,2800,0,0,-0.060641409,0.247016846,0.037135476358928554,0.043169548803229305
train,材料4,148,2800,0,0,-0.060236175,0.246367292,0.03736924084321427,0.043332890993582326
train,材料4,149,2800,0,0,-0.059830795,0.245725495,0.037602523636785776,0.04349961248053382
train,材料4,150,2800,0,0,-0.059425522,0.245088304,0.03783538498821432,0.04366984956801703
train,材料4,151,2800,0,0,-0.059020506,0.244454329,0.03806780499678577,0.043843498504721114
train,材料4,152,2800,0,0,-0.058615715,0.243819038,0.038299721993571456,0.04402033814925055
train,材料4,153,2800,0,0,-0.058210989,0.243181478,0.038531111500714386,0.04420036049962092
train,材料4,154,2800,0,0,-0.057806093,0.24253241,0.03876208909214295,0.04438359216091898
train,材料4,155,2800,0,0,-0.057400776,0.241892039,0.038992569066428645,0.04457003532233208
train,材料4,156,2800,0,0,-0.056994891,0.241262888,0.03922258916428581,0.04475965969207386
train,材料4,157,2800,0,0,-0.05658856,0.24062013,0.03945213264428574,0.04495236320948161
train,材料4,158,2800,0,0,-0.05618216,0.239967266,0.0396811491435714,0.04514808997594953
train,材料4,159,2800,0,0,-0.055776086,0.239322202,0.03990971364714284,0.045346795696895
train,材料4,160,2800,0,0,-0.055370446,0.238690798,0.04013776314857147,0.04554843698977141
train,材料4,161,2800,0,0,-0.05496503,0.238061006,0.04036529842964294,0.045752945511125805
train,材料4,162,2800,0,0,-0.054559579,0.237417847,0.04059237292214289,0.04596033813515746
train,材料4,163,2800,0,0,-0.054154113,0.236773405,0.04081897321642849,0.04617050048863134
train,材料4,164,2800,0,0,-0.053748976,0.236208497,0.04104503636178571,0.04638344659973804
train,材料4,165,2800,0,0,-0.053344551,0.23730087,0.04127064852499992,0.04659923444304344
train,材料4,166,2800,0,0,-0.052940889,0.238397528,0.04149576926892866,0.0468177829373393
train,材料4,167,2800,0,0,-0.052537586,0.239496128,0.041720356161428565,0.04703892573052606
train,材料4,168,2800,0,0,-0.052134,0.240595765,0.04194442179035709,0.047262600941869
train,材料4,169,2800,0,0,-0.051729632,0.241692842,0.04216800957249996,0.04748892542965065
train,材料4,170,2800,0,0,-0.0513244,0.242787241,0.042391130570000074,0.047717799903389084
train,材料4,171,2800,0,0,-0.050918603,0.243879345,0.04261373693428575,0.04794915738582921
train,材料4,172,2800,0,0,-0.050512662,0.244974201,0.04283579357000014,0.04818293802419577
train,材料4,173,2800,0,0,-0.050106828,0.246075488,0.04305730647035723,0.04841916585914161
train,材料4,174,2800,0,0,-0.049701121,0.247174646,0.043278265442857136,0.0486577014388183
train,材料4,175,2800,0,0,-0.049295528,0.248271261,0.043498711139285766,0.04889850837566041
train,材料4,176,2800,0,0,-0.04889022,0.249366645,0.04371868507107144,0.04914175653303887
train,材料4,177,2800,0,0,-0.048485501,0.250460165,0.043938114939285795,0.04938724869835942
train,材料4,178,2800,0,0,-0.04808152,0.251554032,0.04415702183250008,0.04963496003203452
train,材料4,179,2800,0,0,-0.047678041,0.252646712,0.044375396694642896,0.049884881790244445
train,材料4,180,2800,0,0,-0.04727456,0.253733861,0.04459318772392849,0.05013688731079413
train,材料4,181,2800,0,0,-0.046870686,0.254817875,0.04481043596892862,0.050391049378759156
train,材料4,182,2800,0,0,-0.046466407,0.255901813,0.04502720798035703,0.05064735473268943
train,材料4,183,2800,0,0,-0.046061999,0.256989796,0.04524344113714293,0.05090574915186498
train,材料4,184,2800,0,0,-0.045657716,0.258080834,0.0454592097185714,0.05116623052552984
train,材料4,185,2800,0,0,-0.045253619,0.259168649,0.045674448345357194,0.051428640553287684
train,材料4,186,2800,0,0,-0.044849661,0.260257515,0.04588907344035716,0.05169290365550109
train,材料4,187,2800,0,0,-0.044445815,0.261349288,0.04610317976821439,0.051959099922298
train,材料4,188,2800,0,0,-0.044042019,0.262436596,0.046316711899285865,0.05222716358001046
train,材料4,189,2800,0,0,-0.043638077,0.263523355,0.046529705085714336,0.05249709054375483
train,材料4,190,2800,0,0,-0.043233719,0.264611161,0.04674215018964284,0.05276877756811459
train,材料4,191,2800,0,0,-0.042828823,0.265700358,0.04695392410178565,0.053042058444684445
train,材料4,192,2800,0,0,-0.042423513,0.266787139,0.04716487694035711,0.05331649088115643
train,材料4,193,2800,0,0,-0.042018029,0.267857632,0.04737432689428575,0.053590605925302036
train,材料4,194,2800,0,0,-0.041612545,0.269873883,0.04758110420321431,0.05386213206779974
train,材料4,195,2800,0,0,-0.041207122,0.271965422,0.0477837976285714,0.05412815108270527
train,材料4,196,2800,0,0,-0.040801775,0.273795775,0.04798055147142854,0.054384997873297654
train,材料4,197,2800,0,0,-0.040396503,0.275275494,0.04816829679142868,0.05462650800964703
train,材料4,198,2800,0,0,-0.039991247,0.276318423,0.04834144392428581,0.05484169940476833
train,材料4,199,2800,0,0,-0.039585873,0.276923442,0.04849237434678558,0.0550167308190658
train,材料4,200,2800,0,0,-0.039180262,0.277145742,0.04861378111249995,0.05513907513008059
train,材料4,201,2800,0,0,-0.038774427,0.277037971,0.04869922205464282,0.05519808583318035
train,材料4,202,2800,0,0,-0.038368528,0.276650311,0.04874464770000008,0.055187728762922
train,材料4,203,2800,0,0,-0.037962767,0.276284197,0.04874943192642857,0.055108759919673324
train,材料4,204,2800,0,0,-0.037557258,0.275719446,0.04871970116535711,0.05497353054939153
train,材料4,205,2800,0,0,-0.037152022,0.274984529,0.04867220643107148,0.054811223700595546
train,材料4,206,2800,0,0,-0.03674706,0.274234976,0.048622018713928475,0.054646309549515694
train,材料4,207,2800,0,0,-0.036342394,0.273499686,0.04857286418749995,0.05448411617540468
train,材料4,208,2800,0,0,-0.035938018,0.27276816,0.04852406821464288,0.05432347789023371
train,材料4,209,2800,0,0,-0.03553385,0.272040348,0.048475196253214364,0.0541638310018023
train,材料4,210,2800,0,0,-0.035129736,0.271316595,0.048426157109285654,0.0540050408741316
train,材料4,211,2800,0,0,-0.034725518,0.270590367,0.04837682170142853,0.05384689752416216
train,材料4,212,2800,0,0,-0.034321121,0.2698629,0.048327148835714255,0.05368934070696777
train,材料4,213,2800,0,0,-0.033916595,0.269140386,0.04827710967999988,0.05353231318501468
train,材料4,214,2800,0,0,-0.033512089,0.268417344,0.04822672032178561,0.053375768323205
train,材料4,215,2800,0,0,-0.033107784,0.267693684,0.04817591807892856,0.05321965266044013
train,材料4,216,2800,0,0,-0.032703803,0.266969556,0.04812463395928578,0.05306379553385037
train,材料4,217,2800,0,0,-0.032300148,0.26624823,0.048072936566428554,0.052908310757033034
train,材料4,218,2800,0,0,-0.031896673,0.265531724,0.048020806755714386,0.052753274398797144
train,材料4,219,2800,0,0,-0.031493148,0.264817106,0.047968227097142824,0.05259847254197041
train,材料4,220,2800,0,0,-0.031089371,0.264103104,0.04791516676214288,0.05244399952261555
train,材料4,221,2800,0,0,-0.030685253,0.263387332,0.047861636125714244,0.052289786479249235
train,材料4,222,2800,0,0,-0.030280818,0.262672471,0.047807656007142874,0.052135859072174585
train,材料4,223,2800,0,0,-0.029876172,0.261958509,0.047753184622142786,0.051982254049066846
train,材料4,224,2800,0,0,-0.029471422,0.261245468,0.04769823307535723,0.05182894966633941
train,材料4,225,2800,0,0,-0.029066603,0.260529228,0.04764276982142864,0.051675843993310155
train,材料4,226,2800,0,0,-0.028661655,0.259808889,0.04758673793107142,0.05152289363804332
train,材料4,227,2800,0,0,-0.028256529,0.25909255,0.0475301719578571,0.05137026063115658
train,材料4,228,2800,0,0,-0.027851328,0.258383592,0.04747317254714292,0.05121787708108339
train,材料4,229,2800,0,0,-0.027446306,0.257673507,0.04741562318285709,0.05106573916604026
train,材料4,230,2800,0,0,-0.027041642,0.256960769,0.04735762940000002,0.05091389879376436
train,材料4,231,2800,0,0,-0.02663721,0.256251181,0.04729915145464273,0.05076235207042853
train,材料4,232,2800,0,0,-0.026232622,0.255539635,0.04724016574642859,0.05061096903547536
train,材料4,233,2800,0,0,-0.025827575,0.254830371,0.04718063271142857,0.050459761250464516
train,材料4,234,2800,0,0,-0.025422159,0.254124931,0.047120583566071454,0.050308720285824435
train,材料4,235,2800,0,0,-0.025016805,0.253416033,0.04706006216571417,0.050157995044331355
train,材料4,236,2800,0,0,-0.024611946,0.252707866,0.04699904461821425,0.05000752516217325
train,材料4,237,2800,0,0,-0.024207742,0.252000767,0.04693752961857144,0.04985725502751212
train,材料4,238,2800,0,0,-0.023804066,0.251291603,0.0468754521464285,0.04970712107629001
train,材料4,239,2800,0,0,-0.023400646,0.250582763,0.046812910283928644,0.04955718569374149
train,材料4,240,2800,0,0,-0.02299722,0.249878352,0.04674986626107141,0.049407548560427006
train,材料4,241,2800,0,0,-0.02259365,0.2491764,0.04668634826178567,0.049258174260726505
train,材料4,242,2800,0,0,-0.022189959,0.248473295,0.04662234634464286,0.049109055612070324
train,材料4,243,2800,0,0,-0.021786232,0.247766148,0.046557808393214314,0.048960103842558333
train,材料4,244,2800,0,0,-0.021382483,0.247055529,0.04649276751535718,0.04881132766900432
train,材料4,245,2800,0,0,-0.02097864,0.246346286,0.04642723166357141,0.048662799096194205
train,材料4,246,2800,0,0,-0.020574678,0.245642608,0.04636123747964289,0.048514541351001715
train,材料4,247,2800,0,0,-0.020170673,0.244938757,0.046294796572142964,0.048366523421494355
train,材料4,248,2800,0,0,-0.019766687,0.2442316,0.04622786971642867,0.048218718059670485
train,材料4,249,2800,0,0,-0.019362641,0.243528689,0.04616050998285713,0.04807120024183375
train,材料4,250,2800,0,0,-0.018958393,0.242823498,0.046092695632499986,0.04792394035807501
train,材料4,251,2800,0,0,-0.01855395,0.242114453,0.04602443100857144,0.04777687766946353
train,材料4,252,2800,0,0,-0.018149536,0.241404764,0.045955642779642876,0.047629958011942815
train,材料4,253,2800,0,0,-0.017745412,0.240698148,0.04588642423535709,0.04748325099850453
train,材料4,254,2800,0,0,-0.017341643,0.239999003,0.04581682659999986,0.047336860010802964
train,材料4,255,2800,0,0,-0.016938075,0.239301548,0.0457467956950001,0.04719071240782837
train,材料4,256,2800,0,0,-0.01653448,0.238602906,0.04567634019035708,0.047044765170319365
train,材料4,257,2800,0,0,-0.016130702,0.237899805,0.04560540669785729,0.046898996162290214
train,材料4,258,2800,0,0,-0.01572667,0.237194677,0.04553405289178577,0.04675350538381662
train,材料4,259,2800,0,0,-0.01532239,0.236489507,0.045462262152500106,0.0466082598940843
train,材料4,260,2800,0,0,-0.014917941,0.235785124,0.045390026287142816,0.046463196611556276
train,材料4,261,2800,0,0,-0.014513475,0.235086217,0.045317304322142905,0.04631828692915492
train,材料4,262,2800,0,0,-0.014109149,0.234386148,0.04524408757142856,0.04617354190500604
train,材料4,263,2800,0,0,-0.013705045,0.23368111,0.04517045115678568,0.0460290176237692
train,材料4,264,2800,0,0,-0.013301116,0.232981081,0.0450963492832143,0.0458847323258982
train,材料4,265,2800,0,0,-0.01289721,0.232281211,0.04502172816000002,0.04574062860864123
train,材料4,266,2800,0,0,-0.012493189,0.231578085,0.04494660649607148,0.045596640259153914
train,材料4,267,2800,0,0,-0.012089076,0.230880185,0.044870925079642826,0.04545275355041667
train,材料4,268,2800,0,0,-0.011685081,0.230184496,0.044794767988214294,0.045309092355758813
train,材料4,269,2800,0,0,-0.011281427,0.229486739,0.044718125314285775,0.04516564886871309
train,材料4,270,2800,0,0,-0.010878125,0.228788169,0.0446409531553571,0.04502229560976372
train,材料4,271,2800,0,0,-0.010474949,0.228092921,0.04456328495857138,0.04487919584541099
train,材料4,272,2800,0,0,-0.010071665,0.227398192,0.044485142816428534,0.04473631671569814
train,材料4,273,2800,0,0,-0.009668252,0.226699299,0.04440650820178571,0.04459364877657398
train,材料4,274,2800,0,0,-0.009264868,0.226001392,0.04432739762964292,0.04445116944617489
train,材料4,275,2800,0,0,-0.008861659,0.225306239,0.044247774241428554,0.04430887548649127
train,材料4,276,2800,0,0,-0.008458653,0.224609149,0.04416761331285723,0.044166768260911815
train,材料4,277,2800,0,0,-0.008055829,0.223913395,0.04408693566357145,0.04402484168699907
train,材料4,278,2800,0,0,-0.007653193,0.223218107,0.04400576779749993,0.043883067767592245
train,材料4,279,2800,0,0,-0.007250713,0.222520352,0.04392405609642848,0.04374143300984558
train,材料4,280,2800,0,0,-0.006848233,0.221823134,0.04384183783035712,0.043599924337751825
train,材料4,281,2800,0,0,-0.006445525,0.221129068,0.04375911962107141,0.04345862058091881
train,材料4,282,2800,0,0,-0.006042458,0.220434066,0.043675906606071464,0.04331760893753587
train,材料4,283,2800,0,0,-0.005639111,0.219740877,0.04359219984500005,0.04317686570841378
train,材料4,284,2800,0,0,-0.005235705,0.219050439,0.043508001588214155,0.043036291679592165
train,材料4,285,2800,0,0,-0.004832445,0.218354801,0.04342325730571431,0.0428958315984281
train,材料4,286,2800,0,0,-0.004429407,0.217661243,0.043338009498928555,0.04275552940514196
train,材料4,287,2800,0,0,-0.004026525,0.216970495,0.043252253861071406,0.04261537989474508
train,材料4,288,2800,0,0,-0.003623625,0.216279126,0.0431660298964285,0.042475497534667415
train,材料4,289,2800,0,0,-0.003220517,0.21558665,0.04307934025357144,0.04233589276870597
train,材料4,290,2800,0,0,-0.002817114,0.214893761,0.0429921127867857,0.0421964337918211
train,材料4,291,2800,0,0,-0.002413525,0.214201977,0.04290438127035719,0.042057145736521945
train,材料4,292,2800,0,0,-0.002009988,0.213507311,0.04281615530892855,0.04191808830079833
train,材料4,293,2800,0,0,-0.00161185,0.212814061,0.042727428108214435,0.04177922225633496
train,材料4,294,2800,0,0,-0.001389401,0.212128668,0.042638161240714297,0.04164048873276312
train,材料4,295,2800,0,0,-0.001166434,0.211443758,0.042548387811785715,0.041501956110294495
train,材料4,296,2800,0,0,-0.000943264,0.210754237,0.04245817017785713,0.04136373062634158
train,材料4,297,2800,0,0,-0.000720159,0.210062457,0.04236747349728577,0.041225664754061274
train,材料4,298,2800,0,0,-0.000496575,0.209370023,0.04227624534932136,0.04108778215676387
train,材料4,299,2800,0,0,-0.000272755,0.208678268,0.042184535398214415,0.04095022186216632
train,材料4,300,2800,0,0,-8.05e-05,0.207991307,0.042092324068571434,0.04081287470879339
train,材料4,301,2800,0,0,6.11e-05,0.207303008,0.04199959187142851,0.04067576634091799
train,材料4,302,2800,0,0,0.000133727,0.206609925,0.04190640847071428,0.040538913838576225
train,材料4,303,2800,0,0,0.000169075,0.205918306,0.04181273126499997,0.04040228590726105
train,材料4,304,2800,0,0,0.000204421,0.205229642,0.04171860303964296,0.04026589108465005
train,材料4,305,2800,0,0,0.000239782,0.20454084,0.041623955701071545,0.040129703157274814
train,材料4,306,2800,0,0,0.000275169,0.203847673,0.04152878941071434,0.03999374764014923
train,材料4,307,2800,0,0,0.000310576,0.20315844,0.04143316852821428,0.039858031613389126
train,材料4,308,2800,0,0,0.00034597,0.202471973,0.04133708375428572,0.039722628736623744
train,材料4,309,2800,0,0,0.000381319,0.201781265,0.04124054202999999,0.039587511837618675
train,材料4,310,2800,0,0,0.000416622,0.201092656,0.04114346178678562,0.03945255193157312
train,材料4,311,2800,0,0,0.000451911,0.200411518,0.04104591423214275,0.03931787983155216
train,材料4,312,2800,0,0,0.000487229,0.199731121,0.040947928725,0.03918349096322269
train,材料4,313,2800,0,0,0.000522588,0.199043837,0.04084947174000003,0.03904933060107493
train,材料4,314,2800,0,0,0.000557953,0.198355869,0.040750542076785745,0.03891555062958515
train,材料4,315,2800,0,0,0.00059328,0.197669796,0.04065117294000017,0.038782103195611095
train,材料4,316,2800,0,0,0.000628551,0.1969843,0.04055132167642845,0.03864891617031682
train,材料4,317,2800,0,0,0.000663782,0.196302089,0.040450928365714255,0.038515929365180654
train,材料4,318,2800,0,0,0.000699006,0.195617818,0.040350057153214304,0.038383299627704336
train,材料4,319,2800,0,0,0.000734241,0.194931949,0.040248764487500116,0.03825097895967345
train,材料4,320,2800,0,0,0.00076949,0.194249518,0.04014696882892855,0.038118879734591785
train,材料4,321,2800,0,0,0.000804748,0.193565146,0.0400446579239286,0.03798705203548884
train,材料4,322,2800,0,0,0.0008400149999999999,0.192878555,0.039941857148214306,0.03785556054582693
train,材料4,323,2800,0,0,0.000875289,0.192190072,0.03983866603428568,0.037724410424219
train,材料4,324,2800,0,0,0.000910557,0.191497979,0.039735054464285706,0.03759368863182964
train,材料4,325,2800,0,0,0.000945805,0.190808844,0.039630948556071466,0.037463253657124995
train,材料4,326,2800,0,0,0.000981027,0.190124532,0.039526386778571364,0.03733318005778769
train,材料4,327,2800,0,0,0.001016231,0.189437732,0.039421369899642976,0.03720350681783909
train,材料4,328,2800,0,0,0.00105143,0.188746866,0.03931590510035717,0.037074165581028995
train,材料4,329,2800,0,0,0.001086633,0.188060654,0.03920991198000002,0.03694505432647381
train,材料4,330,2800,0,0,0.001121844,0.187374129,0.039103469297142965,0.03681631386808576
train,材料4,331,2800,0,0,0.001157077,0.186687046,0.038996578676428556,0.036687999789029854
train,材料4,332,2800,0,0,0.001192344,0.186002645,0.03888925942892861,0.03656001585165653
train,材料4,333,2800,0,0,0.001227645,0.18531779,0.038781524590357205,0.03643251788740451
train,材料4,334,2800,0,0,0.001262958,0.184633788,0.03867333979571427,0.03630550103568319
train,材料4,335,2800,0,0,0.001298245,0.183947671,0.03856467860392858,0.036178856943235665
train,材料4,336,2800,0,0,0.001333477,0.18326479,0.038455560291785686,0.03605255970074318
train,材料4,337,2800,0,0,0.001368645,0.182585892,0.03834598245464279,0.0359266554826857
train,材料4,338,2800,0,0,0.001403773,0.181903468,0.03823596601750006,0.03580118224849683
train,材料4,339,2800,0,0,0.001438905,0.181220361,0.03812553750749999,0.035676207304729424
train,材料4,340,2800,0,0,0.001474084,0.180541352,0.03801464890714294,0.035551647734345465
train,材料4,341,2800,0,0,0.001509323,0.179858767,0.037903286205714266,0.035427475735289655
train,材料4,342,2800,0,0,0.001544592,0.179171262,0.037791473044285734,0.03530376995440535
train,材料4,343,2800,0,0,0.001579841,0.178487997,0.037679245583571476,0.0351806046926177
train,材料4,344,2800,0,0,0.001615038,0.178626893,0.037566600105714276,0.03505794759669381
train,材料4,345,2800,0,0,0.001650192,0.179827556,0.03745350470499995,0.03493574728470934
train,材料4,346,2800,0,0,0.001685338,0.181026692,0.037339999372142864,0.03481407416709729
train,材料4,347,2800,0,0,0.001720505,0.182224251,0.0372260740860714,0.03469295806207436
train,材料4,348,2800,0,0,0.001755688,0.18342131,0.03711172277964288,0.03457232060429251
train,材料4,349,2800,0,0,0.001790867,0.184619191,0.03699693962464291,0.03445218524679452
train,材料4,350,2800,0,0,0.001826037,0.185818174,0.036881739085714224,0.03433263899879126
train,材料4,351,2800,0,0,0.001861206,0.18701762,0.0367661255485714,0.03421366455660064
train,材料4,352,2800,0,0,0.001896383,0.188217069,0.03665005718142859,0.03409523266585535
train,材料4,353,2800,0,0,0.001931553,0.189415738,0.036533594611428445,0.03397736335802361
train,材料4,354,2800,0,0,0.001966692,0.190612914,0.036416711873571386,0.03386012885477587
train,材料4,355,2800,0,0,0.002001792,0.191809305,0.03629938328642859,0.0337434423185561
train,材料4,356,2800,0,0,0.002036865,0.19300638,0.0361815957042857,0.033627310878849195
train,材料4,357,2800,0,0,0.002071933,0.194204808,0.03606339689285712,0.033511763783873195
train,材料4,358,2800,0,0,0.002107021,0.195404384,0.0359448051307143,0.03339687087958308
train,材料4,359,2800,0,0,0.002142155,0.196604804,0.03582584111321434,0.033282709310785245
train,材料4,360,2800,0,0,0.002177358,0.197805375,0.03570650292607146,0.0331691866690395
train,材料4,361,2800,0,0,0.002212639,0.199004998,0.03558671779357137,0.033056275606548384
train,材料4,362,2800,0,0,0.002247971,0.200204164,0.03546654981071425,0.03294407899734396
train,材料4,363,2800,0,0,0.002283292,0.201404198,0.03534600770107148,0.03283257779058783
train,材料4,364,2800,0,0,0.002318544,0.202604209,0.03522502155321428,0.032721719070420825
train,材料4,365,2800,0,0,0.002353711,0.203802907,0.03510364919250001,0.032611602356545824
train,材料4,366,2800,0,0,0.002388831,0.205000912,0.03498188893928575,0.03250218986418304
train,材料4,367,2800,0,0,0.002423957,0.20619855,0.034859736820000056,0.0323934931750096
train,材料4,368,2800,0,0,0.00245911,0.207395423,0.0347371877103571,0.032285560480242746
train,材料4,369,2800,0,0,0.002494279,0.208591688,0.03461427928535717,0.032178429815712534
train,材料4,370,2800,0,0,0.002529452,0.209787765,0.03449094497357146,0.03207203521979063
train,材料4,371,2800,0,0,0.002564639,0.210984089,0.03436723453428574,0.03196640600660371
train,材料4,372,2800,0,0,0.002599844,0.212180303,0.03424309084392858,0.03186158297729111
train,材料4,373,2800,0,0,0.002635049,0.213376185,0.034118526311785705,0.03175751101688938
train,材料4,374,2800,0,0,0.002670213,0.214572875,0.03399359555500003,0.03165428756282796
train,材料4,375,2800,0,0,0.002705314,0.215770282,0.03386826771499998,0.03155190050319528
train,材料4,376,2800,0,0,0.002740371,0.216966008,0.03374248102892852,0.03145028788868165
train,材料4,377,2800,0,0,0.002775433,0.218159729,0.03361625830857141,0.03134947374978329
train,材料4,378,2800,0,0,0.002810541,0.219354024,0.03348957065107145,0.031249465265721085
train,材料4,379,2800,0,0,0.0028457,0.220550025,0.03336235975749995,0.031150153150979812
train,材料4,380,2800,0,0,0.002880887,0.22174673,0.03323463669321423,0.03105156096703409
train,材料4,381,2800,0,0,0.002916068,0.222943357,0.03310637378428578,0.030953691711360372
train,材料4,382,2800,0,0,0.002951217,0.224139407,0.03297752599428576,0.030856435360803906
train,材料4,383,2800,0,0,0.002986323,0.22533412,0.03284816877892856,0.030759850495516383
train,材料4,384,2800,0,0,0.003021395,0.226527915,0.03271823071500003,0.030663919441165605
train,材料4,385,2800,0,0,0.003056458,0.22772197,0.03258766919142856,0.03056854163599874
train,材料4,386,2800,0,0,0.003091544,0.228916278,0.032456544873928565,0.03047374580861015
train,材料4,387,2800,0,0,0.003126679,0.230110346,0.03232490965107144,0.030379678125103643
train,材料4,388,2800,0,0,0.003161868,0.231304492,0.03219266805035714,0.030286229844701248
train,材料4,389,2800,0,0,0.003197091,0.232499504,0.03205982782857138,0.030193369566940704
train,材料4,390,2800,0,0,0.003232309,0.233694876,0.03192639748892855,0.030101049552823167
train,材料4,391,2800,0,0,0.003267488,0.234887671,0.03179240187928574,0.0300092563490462
train,材料4,392,2800,0,0,0.00330262,0.236073914,0.03165781243964286,0.029917810553402126
train,材料4,393,2800,0,0,0.003337734,0.237243226,0.031522488141071454,0.029826402878875606
train,材料4,394,2800,0,0,0.003372865,0.238371669,0.03138643636678576,0.029734629321041647
train,材料4,395,2800,0,0,0.003408023,0.239432202,0.03124942329892865,0.02964199182167964
train,材料4,396,2800,0,0,0.003443186,0.240410538,0.031111366826071372,0.029548209742004915
train,材料4,397,2800,0,0,0.003478323,0.241304872,0.03097210620357136,0.029452957892971973
train,材料4,398,2800,0,0,0.003505913,0.24211737,0.030831224621071483,0.02935568361650793
train,材料4,399,2800,0,0,0.003482863,0.242849954,0.030688359194285718,0.029255903029648065
train,材料4,400,2800,0,0,0.003459825,0.243502833,0.03054309981142852,0.02915294722545412
train,材料4,401,2800,0,0,0.003436734,0.244074611,0.030394941654285787,0.029046045891085098
train,材料4,402,2800,0,0,0.003413562,0.244564568,0.030243431842142798,0.028934383999546218
train,材料4,403,2800,0,0,0.003390325,0.244946679,0.030088199159285768,0.02881668505672224
train,材料4,404,2800,0,0,0.003367077,0.245117795,0.02992903112035713,0.028690778531779915
train,材料4,405,2800,0,0,0.003343874,0.24493662,0.02976577824678575,0.02855470574650519
train,材料4,406,2800,0,0,0.003320735,0.244373276,0.029598690288928597,0.02840881460515863
train,材料4,407,2800,0,0,0.003297634,0.243561223,0.02942845205928572,0.02825639088731114
train,材料4,408,2800,0,0,0.003274517,0.24266634,0.02925607240821418,0.02810143384891281
train,材料4,409,2800,0,0,0.003251342,0.241775619,0.029082799094285718,0.02794659749645184
train,材料4,410,2800,0,0,0.003228103,0.240907597,0.02890953876000002,0.027792914858128882
train,材料4,411,2800,0,0,0.003204829,0.240054905,0.028736379439642863,0.027640277145729916
train,材料4,412,2800,0,0,0.003181569,0.23921075,0.02856315716285707,0.027488246026786612
train,材料4,413,2800,0,0,0.003158358,0.238373247,0.02838977506107136,0.027336636525727775
train,材料4,414,2800,0,0,0.003135211,0.237540527,0.028216181865714274,0.027185404700435987
train,材料4,415,2800,0,0,0.003112129,0.236711515,0.028042339017142887,0.027034521350148756
train,材料4,416,2800,0,0,0.0030891,0.235884247,0.027868222266785675,0.02688392622127707
train,材料4,417,2800,0,0,0.003066104,0.235056548,0.027693821632500008,0.02673368742321149
train,材料4,418,2800,0,0,0.003043111,0.234228143,0.0275191676885714,0.026583790821201415
train,材料4,419,2800,0,0,0.003020095,0.233397176,0.027344295863928607,0.02643428060981586
train,材料4,420,2800,0,0,0.002997045,0.232563329,0.027169221220714225,0.026285125414967348
train,材料4,421,2800,0,0,0.002973979,0.23173106,0.02699379201464283,0.0261361847398314
train,材料4,422,2800,0,0,0.002950944,0.230903883,0.026818065223928548,0.02598755715283386
train,材料4,423,2800,0,0,0.002927985,0.230082055,0.02664217357392857,0.02583933424091083
train,材料4,424,2800,0,0,0.002905123,0.22926373,0.026466073948928553,0.02569159180492931
train,材料4,425,2800,0,0,0.002882342,0.228445883,0.02628969149928564,0.025544275349268626
train,材料4,426,2800,0,0,0.002859603,0.227625854,0.02611302566071428,0.025397344516776617
train,材料4,427,2800,0,0,0.002836862,0.226802788,0.025936131955714297,0.0252507965924802
train,材料4,428,2800,0,0,0.002814076,0.225978143,0.025758930293571417,0.025104605201918043
train,材料4,429,2800,0,0,0.002791202,0.225152658,0.025581471136428547,0.024958833476632025
train,材料4,430,2800,0,0,0.002768199,0.224326258,0.02540377733214287,0.02481344696373569
train,材料4,431,2800,0,0,0.002745053,0.223501606,0.0252258042910715,0.024668444707373033
train,材料4,432,2800,0,0,0.002721794,0.222681945,0.025047563186071427,0.024523894457769282
train,材料4,433,2800,0,0,0.002698497,0.221866515,0.024869072975357124,0.024379869391879198
train,材料4,434,2800,0,0,0.002675258,0.221051864,0.024690400094642885,0.02423641799724165
train,材料4,435,2800,0,0,0.002652132,0.220236444,0.024511456024285734,0.0240934830589544
train,材料4,436,2800,0,0,0.002629118,0.219420002,0.024332287781071427,0.0239511040697997
train,材料4,437,2800,0,0,0.002606167,0.21860219,0.024152870537500003,0.023809260154501185
train,材料4,438,2800,0,0,0.002583222,0.217783465,0.023973262281785722,0.0236679289382695
train,材料4,439,2800,0,0,0.002560251,0.216964192,0.023793454503214285,0.023527224284663254
train,材料4,440,2800,0,0,0.002537252,0.216145517,0.023613434489999956,0.023387122023663196
train,材料4,441,2800,0,0,0.002514241,0.215328878,0.02343318564821426,0.023247556922942076
train,材料4,442,2800,0,0,0.002491225,0.214514128,0.023252718143928534,0.023108571364526646
train,材料4,443,2800,0,0,0.002468203,0.213700144,0.023072040597142858,0.0229703185852598
train,材料4,444,2800,0,0,0.002445166,0.21288518,0.022891184880714264,0.022832797375818354
train,材料4,445,2800,0,0,0.002422119,0.2120688,0.02271008871357145,0.022695873131414534
train,材料4,446,2800,0,0,0.002399083,0.211251743,0.02252871805714289,0.022559557725584368
train,材料4,447,2800,0,0,0.002376092,0.210434229,0.022347135912142883,0.022423939420338424
train,材料4,448,2800,0,0,0.002353172,0.209617334,0.022165336207499976,0.0222890929992698
train,材料4,449,2800,0,0,0.002330322,0.208802609,0.02198336730178575,0.022155034201430376
train,材料4,450,2800,0,0,0.002307505,0.207989447,0.021801189543214316,0.022021683739244
train,材料4,451,2800,0,0,0.002284665,0.20717532,0.021618839402500017,0.021889108465397638
train,材料4,452,2800,0,0,0.002261748,0.20635959,0.02143623709249998,0.021757266737781673
train,材料4,453,2800,0,0,0.00223873,0.205542998,0.021253427215357133,0.02162623080922737
train,材料4,454,2800,0,0,0.002215619,0.204725617,0.021070436293214305,0.021496080893789748
train,材料4,455,2800,0,0,0.002192441,0.203907745,0.020887253886071416,0.021366819045395505
train,材料4,456,2800,0,0,0.002169221,0.203089452,0.020703945905714297,0.02123847123363029
train,材料4,457,2800,0,0,0.002145978,0.202270868,0.020520426527142862,0.021111038896483882
train,材料4,458,2800,0,0,0.002122733,0.201452776,0.020336751882857117,0.020984589942570415
train,材料4,459,2800,0,0,0.002099508,0.200635718,0.020152924856428577,0.020859154371656037
train,材料4,460,2800,0,0,0.002076314,0.199818999,0.019968882744285706,0.02073461868189517
train,材料4,461,2800,0,0,0.002053132,0.199001844,0.019784632809642877,0.020611014827708714
train,材料4,462,2800,0,0,0.002029915,0.198185111,0.019600229665000007,0.020488494052154593
train,材料4,463,2800,0,0,0.002006613,0.197369387,0.019415725315714293,0.020367093229717616
train,材料4,464,2800,0,0,0.001983216,0.196553413,0.01923102198642857,0.02024677974071776
train,材料4,465,2800,0,0,0.001959768,0.195736753,0.01904613853178574,0.02012749275740184
train,材料4,466,2800,0,0,0.001936355,0.194920114,0.018861081654999983,0.0200093740524053
train,材料4,467,2800,0,0,0.001913053,0.194104194,0.018675915970714285,0.019892443849230147
train,材料4,468,2800,0,0,0.001889892,0.193288909,0.018490573451785702,0.019776706315506876
train,材料4,469,2800,0,0,0.001866848,0.192473499,0.01830506146500002,0.01966214457884008
train,材料4,470,2800,0,0,0.001843862,0.191658415,0.01811940687607139,0.019548869319800852
train,材料4,471,2800,0,0,0.001820875,0.190843181,0.017933616860714287,0.01943685558953262
train,材料4,472,2800,0,0,0.001797851,0.190027202,0.017747609287857125,0.019326094965105695
train,材料4,473,2800,0,0,0.001774775,0.18921167,0.017561465201428584,0.019216639288183138
train,材料4,474,2800,0,0,0.001751655,0.188396954,0.017375253106785723,0.019108576735851736
train,材料4,475,2800,0,0,0.001728504,0.187582851,0.01718889524464288,0.01900189092048323
train,材料4,476,2800,0,0,0.001705342,0.186768646,0.01700236287,0.018896590422122956
train,材料4,477,2800,0,0,0.001682185,0.185954005,0.016815742800357115,0.018792781840519367
train,材料4,478,2800,0,0,0.001659041,0.185139671,0.016628969356428575,0.01869039230064978
train,材料4,479,2800,0,0,0.001635907,0.184325324,0.016442081097142843,0.018589415971568362
train,材料4,480,2800,0,0,0.001612777,0.183511618,0.01625510710750003,0.018490017312787353
train,材料4,481,2800,0,0,0.001589646,0.182699541,0.01606802590250001,0.018392215479274818
train,材料4,482,2800,0,0,0.001566524,0.181888257,0.015880759379642864,0.018295910566495304
train,材料4,483,2800,0,0,0.001543426,0.18107616,0.015693365297142832,0.018201211351914083
train,材料4,484,2800,0,0,0.001520362,0.180261531,0.015505890301071452,0.01810816252230824
train,材料4,485,2800,0,0,0.001497324,0.17944548,0.015318293602142865,0.018016779543429402
train,材料4,486,2800,0,0,0.001435568,0.178630023,0.015130607655714291,0.01792707684166227
train,材料4,487,2800,0,0,0.001365552,0.177813949,0.014942846038928568,0.017839074543107205
train,材料4,488,2800,0,0,0.001295439,0.176997741,0.014754963843928536,0.01775285702648798
train,材料4,489,2800,0,0,0.001225239,0.176184248,0.014567041840000017,0.017668513874233564
train,材料4,490,2800,0,0,0.001155006,0.175371906,0.014379017902500018,0.01758600284086379
train,材料4,491,2800,0,0,0.001084698,0.174557854,0.01419088393249998,0.01750525957201457
train,材料4,492,2800,0,0,0.001014321,0.173742869,0.014002705461428552,0.01742638882436515
train,材料4,493,2800,0,0,0.000924723,0.17292732,0.01381448224857144,0.01734947204891926
train,材料4,494,2800,0,0,0.000829359,0.172110164,0.013626160607499993,0.01727449994136429
train,材料4,495,2800,0,0,0.00059823,0.171292935,0.013437720551785735,0.01720143721430744
train,材料4,496,2800,0,0,0.000256944,0.170478048,0.013249160659642868,0.017130282216508266
train,材料4,497,2800,0,0,-8.35e-05,0.169664876,0.013060516253928569,0.017061145349938724
train,材料4,498,2800,0,0,-0.000424835,0.168851826,0.012871834789642862,0.01699409898227853
train,材料4,499,2800,0,0,-0.000767722,0.16803835,0.012683133377500006,0.016929136568076878
train,材料4,500,2800,0,0,-0.001109006,0.167224259,0.012494334381785719,0.01686620427364215
train,材料4,501,2800,0,0,-0.001450282,0.16640995,0.012305442079642839,0.016805348970271965
train,材料4,502,2800,0,0,-0.00179284,0.165596559,0.012116548604642847,0.016746701022376773
train,材料4,503,2800,0,0,-0.002134608,0.164784813,0.0119276231942857,0.016690252792742836
train,材料4,504,2800,0,0,-0.002477501,0.163973462,0.011738593525357131,0.016636007230071373
train,材料4,505,2800,0,0,-0.00282165,0.163161119,0.011549526188214294,0.016583942869543022
train,材料4,506,2800,0,0,-0.003165341,0.16234887,0.01136044232071427,0.016534161015504617
train,材料4,507,2800,0,0,-0.003702872,0.16153778,0.011171345857500027,0.016486627715048854
train,材料4,508,2800,0,0,-0.004379461,0.160726332,0.010982214538928567,0.016441347706986298
train,材料4,509,2800,0,0,-0.005055309,0.159913252,0.010793040012142867,0.01639841097229146
train,材料4,510,2800,0,0,-0.005733668,0.159100047,0.010603851089642867,0.016357785253183765
train,材料4,511,2800,0,0,-0.006413258,0.158287696,0.010414600451785707,0.01631944628054833
train,材料4,512,2800,0,0,-0.00709199,0.15747504,0.01022530860214284,0.01628344841235642
train,材料4,513,2800,0,0,-0.00777118,0.156662029,0.01003601840428572,0.016249803318908417
train,材料4,514,2800,0,0,-0.008450152,0.155849173,0.009846699029642865,0.01621852491753988
train,材料4,515,2800,0,0,-0.009128697,0.15503654,0.009657423217499989,0.016189706688648116
train,材料4,516,2800,0,0,-0.00980771,0.15422513,0.009468148024642837,0.016163355462886813
train,材料4,517,2800,0,0,-0.010487695,0.153415153,0.009278817209642855,0.016139356521201714
train,材料4,518,2800,0,0,-0.011168437,0.152604883,0.009089464009892844,0.01611774997618804
train,材料4,519,2800,0,0,-0.011847148,0.151793711,0.008900121798571423,0.01609864883131547
train,材料4,520,2800,0,0,-0.012524914,0.150983282,0.008710826717499997,0.016081989777404042
train,材料4,521,2800,0,0,-0.013407088,0.150174215,0.008521517698928569,0.0160677973496405
train,材料4,522,2800,0,0,-0.014410459,0.14936529,0.008332218495714295,0.016056044067363957
train,材料4,523,2800,0,0,-0.015414658,0.14855641,0.008142929174999989,0.0160467336562174
train,材料4,524,2800,0,0,-0.016417706,0.147747647,0.007953656589285714,0.016039890733927517
train,材料4,525,2800,0,0,-0.017421212,0.146937952,0.00776439665499999,0.01603546471320787
train,材料4,526,2800,0,0,-0.018425711,0.146127551,0.00757513735285714,0.016033467249664486
train,材料4,527,2800,0,0,-0.019429076,0.145316669,0.0073858755939285765,0.01603396972850447
train,材料4,528,2800,0,0,-0.020431702,0.144505276,0.00719668463392858,0.01603689968190215
train,材料4,529,2800,0,0,-0.021433245,0.143694511,0.007007540990357145,0.016042263937890374
train,材料4,530,2800,0,0,-0.022434577,0.142884029,0.006818407665357141,0.01605010020296661
train,材料4,531,2800,0,0,-0.023435872,0.142071811,0.006629318510714297,0.016060334490686414
train,材料4,532,2800,0,0,-0.024436725,0.141257536,0.0064402772771428715,0.01607298993547699
train,材料4,533,2800,0,0,-0.025437068,0.140443534,0.006251340193928572,0.016088065000512894
train,材料4,534,2800,0,0,-0.026435094,0.139631279,0.0060624093249999995,0.016105580228834248
train,材料4,535,2800,0,0,-0.027433197,0.138819305,0.005873513257142853,0.016125483743362562
train,材料4,536,2800,0,0,-0.028434285,0.138007261,0.005684682749285712,0.016147743801246277
train,材料4,537,2800,0,0,-0.029435352,0.137197318,0.005495933125000004,0.016172392958069316
train,材料4,538,2800,0,0,-0.030433504,0.136389231,0.005307260503928575,0.016199395891874965
train,材料4,539,2800,0,0,-0.03142864,0.135579474,0.00511863464,0.016228714308001473
train,材料4,540,2800,0,0,-0.032423583,0.134767509,0.004930081674285716,0.01626031886250799
train,材料4,541,2800,0,0,-0.033419034,0.133956332,0.004741533241428573,0.01629422740308191
train,材料4,542,2800,0,0,-0.034412829,0.133146277,0.004553074650714291,0.016330417117903805
train,材料4,543,2800,0,0,-0.035404158,0.132336317,0.004364743483571429,0.01636883356180442
train,材料4,544,2800,0,0,-0.036393385,0.131526083,0.004176472888214273,0.016409487290883297
train,材料4,545,2800,0,0,-0.037382495,0.130714977,0.003988267070357147,0.016452381968128742
train,材料4,546,2800,0,0,-0.038371452,0.129904617,0.0038001525160714263,0.016497460180935886
train,材料4,547,2800,0,0,-0.039358721,0.129095533,0.0036121509353571417,0.01654469152724557
train,材料4,548,2800,0,0,-0.040344272,0.128284984,0.0034242578828571446,0.016594024952000918
train,材料4,549,2800,0,0,-0.041328053,0.127473747,0.003236455085357142,0.01664551050466719
train,材料4,550,2800,0,0,-0.042310938,0.126664768,0.0030487247328571552,0.016699084358845512
train,材料4,551,2800,0,0,-0.043293828,0.125857057,0.002861112434285722,0.016754684631622666
train,材料4,552,2800,0,0,-0.044275031,0.125049196,0.0026736249453571392,0.016812292634638088
train,材料4,553,2800,0,0,-0.045253955,0.124241604,0.0024862198875714205,0.0168719391895797
train,材料4,554,2800,0,0,-0.046232089,0.123434228,0.0022989794303928616,0.01693357278803017
train,材料4,555,2800,0,0,-0.047211069,0.122625287,0.0021118265385714325,0.016997142548486124
train,材料4,556,2800,0,0,-0.04818953,0.121813249,0.0019248293185714384,0.017062600993905875
train,材料4,557,2800,0,0,-0.049165928,0.121001206,0.001737968066071426,0.017129908997030947
train,材料4,558,2800,0,0,-0.050139341,0.120192167,0.0015512166896428567,0.017199085934620096
train,材料4,559,2800,0,0,-0.051110751,0.119383504,0.0013645924007142944,0.01727005776259141
train,材料4,560,2800,0,0,-0.052080842,0.118573749,0.0011780963750000091,0.01734278694665673
train,材料4,561,2800,0,0,-0.053046474,0.117764288,0.0009917488221428538,0.017417266828516798
train,材料4,562,2800,0,0,-0.05400809,0.116954983,0.000805541976428562,0.01749348608062622
train,材料4,563,2800,0,0,-0.054969793,0.11614568,0.0006195022417857157,0.01757142914214027
train,材料4,564,2800,0,0,-0.055930283,0.115336526,0.0004335522242857216,0.01765103295260351
train,材料4,565,2800,0,0,-0.056888478,0.114527517,0.00024775152499999253,0.017732222807869572
train,材料4,566,2800,0,0,-0.057846292,0.113719675,6.21339864285796e-05,0.017815016742082808
train,材料4,567,2800,0,0,-0.058801323,0.112912788,-0.0001233064364285654,0.01789938436474756
train,材料4,568,2800,0,0,-0.059754483,0.112105182,-0.00030860033928571445,0.017985281263138482
train,材料4,569,2800,0,0,-0.060707663,0.111296678,-0.0004937273482142836,0.01807264859272008
train,材料4,570,2800,0,0,-0.061660408,0.110488059,-0.0006787156782142839,0.018161467077434754
train,材料4,571,2800,0,0,-0.06261082,0.109893143,-0.0008635386635714139,0.018251776442405374
train,材料4,572,2800,0,0,-0.063557362,0.110291239,-0.0010481754882142834,0.018343525491549495
train,材料4,573,2800,0,0,-0.064500884,0.110689298,-0.0012325921482142818,0.018436610935041464
train,材料4,574,2800,0,0,-0.065442389,0.111087308,-0.0014168317578571346,0.01853106329742605
train,材料4,575,2800,0,0,-0.066381822,0.111485206,-0.0016008901421428628,0.018626807425414435
train,材料4,576,2800,0,0,-0.067319948,0.111882936,-0.0017847338842857147,0.018723820486066703
train,材料4,577,2800,0,0,-0.068255893,0.112280551,-0.0019683738192857116,0.018822110151434823
train,材料4,578,2800,0,0,-0.069189933,0.112678227,-0.0021517853528571357,0.018921601298502597
train,材料4,579,2800,0,0,-0.070120868,0.113076163,-0.0023350108339285545,0.01902228772291296
train,材料4,580,2800,0,0,-0.071048428,0.113474399,-0.0025180088742857345,0.019124098784404013
train,材料4,581,2800,0,0,-0.071975231,0.11387276,-0.00270082788607142,0.019227081548331436
train,材料4,582,2800,0,0,-0.072899894,0.114270982,-0.0028834767535714325,0.019331171709904206
train,材料4,583,2800,0,0,-0.073822661,0.114668887,-0.0030658995310714403,0.019436331313337343
train,材料4,584,2800,0,0,-0.074744136,0.115067508,-0.003248137458928575,0.019542467828425183
train,材料4,585,2800,0,0,-0.075662968,0.115465761,-0.0034301577292857243,0.01964952062484916
train,材料4,586,2800,0,0,-0.076578732,0.115861655,-0.0036119897689285856,0.019757423923361602
train,材料4,587,2800,0,0,-0.077491007,0.11625354,-0.0037936365810714206,0.019866077146190573
train,材料4,588,2800,0,0,-0.078400326,0.116639628,-0.0039751275492856996,0.01997543851613206
train,材料4,589,2800,0,0,-0.079307052,0.117018057,-0.004156474349999986,0.02008536338682557
train,材料4,590,2800,0,0,-0.08021078,0.117386879,-0.004337759506071406,0.020195796146181298
train,材料4,591,2800,0,0,-0.081111198,0.117744155,-0.0045189374092857145,0.020306633864505843
train,材料4,592,2800,0,0,-0.08200866,0.118088288,-0.004699993328214267,0.020417794762386154
train,材料4,593,2800,0,0,-0.082904308,0.118418425,-0.004880945381785699,0.020529252476395837
train,材料4,594,2800,0,0,-0.083796114,0.11873452,-0.005061864691428577,0.020641038809290788
train,材料4,595,2800,0,0,-0.084684314,0.119036959,-0.0052426464942857244,0.020753057431011426
train,材料4,596,2800,0,0,-0.085570845,0.11932608,-0.005423297556785731,0.020865276583141464
train,材料4,597,2800,0,0,-0.08645657,0.119602036,-0.00560387818428569,0.02097774775073049
train,材料4,598,2800,0,0,-0.087339812,0.119865039,-0.005784344480714308,0.021090453389999066
train,材料4,599,2800,0,0,-0.088220744,0.12011557,-0.0059646773060714215,0.021203330890091084
train,材料4,600,2800,0,0,-0.089098902,0.120354233,-0.006144884788571436,0.0213164069978776
train,材料4,601,2800,0,0,-0.089971977,0.120581374,-0.006324969901785713,0.02142956482574389
train,材料4,602,2800,0,0,-0.090841056,0.120796911,-0.0065049735821429006,0.021542680334263264
train,材料4,603,2800,0,0,-0.091708206,0.121000673,-0.006684957048214297,0.02165566316472428
train,材料4,604,2800,0,0,-0.092573024,0.121192863,-0.0068649927228571364,0.02176838430685237
train,材料4,605,2800,0,0,-0.093432286,0.121373732,-0.00704507496878571,0.021880693165769932
train,材料4,606,2800,0,0,-0.094285336,0.12154152,-0.00722531894392854,0.021992335818150483
train,材料4,607,2800,0,0,-0.095135494,0.12168875,-0.007405911343928562,0.02210268539777762
train,材料4,608,2800,0,0,-0.09598389,0.121798933,-0.007587105813928567,0.02221065621843333
train,材料4,609,2800,0,0,-0.09682835,0.12184594,-0.00776936616071429,0.02231494153168249
train,材料4,610,2800,0,0,-0.097668873,0.121798681,-0.007953161083928576,0.02241410286817095
train,材料4,611,2800,0,0,-0.098507026,0.121629863,-0.008138883822857131,0.022506938901110992
train,材料4,612,2800,0,0,-0.099343213,0.12132583,-0.008326913678571456,0.022592604729532575
train,材料4,613,2800,0,0,-0.100175238,0.120892362,-0.00851759929214285,0.022670739908384027
train,材料4,614,2800,0,0,-0.101001618,0.120352804,-0.008710915427142894,0.022741814408451532
train,材料4,615,2800,0,0,-0.101823782,0.119740146,-0.008906213506071445,0.02280759422233956
train,材料4,616,2800,0,0,-0.102643716,0.119086731,-0.009102353086428571,0.02287091154387855
train,材料4,617,2800,0,0,-0.103461352,0.118417365,-0.009298470160000008,0.02293411958945257
train,材料4,618,2800,0,0,-0.10427394,0.117747347,-0.009494187642142861,0.022998123876324477
train,材料4,619,2800,0,0,-0.105080049,0.117084136,-0.009689422409999992,0.023063279932038914
train,材料4,620,2800,0,0,-0.105882116,0.116430097,-0.009884113188571433,0.023129631874865605
train,材料4,621,2800,0,0,-0.106680571,0.115784538,-0.010078314059999987,0.02319708990669514
train,材料4,622,2800,0,0,-0.107477596,0.115145333,-0.010271934652499998,0.023265374194056672
train,材料4,623,2800,0,0,-0.10827324,0.114510336,-0.010465153153214274,0.02333444046115502
train,材料4,624,2800,0,0,-0.109063796,0.113878366,-0.010657986794642882,0.023404194227640673
train,材料4,625,2800,0,0,-0.10984939,0.113249285,-0.010850418649285693,0.02347441957049116
train,材料4,626,2800,0,0,-0.110631286,0.112623245,-0.011042496870714262,0.023545131759338655
train,材料4,627,2800,0,0,-0.111407058,0.111999958,-0.011234226548571447,0.023616302172969904
train,材料4,628,2800,0,0,-0.112177066,0.111378676,-0.011425630279642857,0.02368790985913186
train,材料4,629,2800,0,0,-0.112945041,0.110758689,-0.011616664697857123,0.023759899012165242
train,材料4,630,2800,0,0,-0.11370803,0.110139707,-0.01180732684535714,0.023832308116073803
train,材料4,631,2800,0,0,-0.114463352,0.109521711,-0.011997569459285727,0.023905111572488605
train,材料4,632,2800,0,0,-0.115212995,0.10890454,-0.01218745572714283,0.02397836185805963
train,材料4,633,2800,0,0,-0.115960649,0.108287691,-0.012376958385714286,0.024052055281130615
train,材料4,634,2800,0,0,-0.11670696,0.107670479,-0.01256604245392857,0.024126089491013133
train,材料4,635,2800,0,0,-0.117447892,0.107052335,-0.012754753682857107,0.02420047998186412
train,材料4,636,2800,0,0,-0.118184062,0.106432922,-0.012943076632500024,0.024275182032399745
train,材料4,637,2800,0,0,-0.118917234,0.105812038,-0.013131000316071442,0.02435012335888066
train,材料4,638,2800,0,0,-0.119646781,0.105189527,-0.01331856372678567,0.02442530358673986
train,材料4,639,2800,0,0,-0.120433297,0.104565366,-0.013505740057142912,0.024500721463116788
train,材料4,640,2800,0,0,-0.12122,0.10393982,-0.013692542779642868,0.024576388279270344
train,材料4,641,2800,0,0,-0.122,0.10331346,-0.013878997175714279,0.024652301177895602
train,材料4,642,2800,0,0,-0.122774173,0.102687022,-0.014065046953928538,0.02472837189981966
train,材料4,643,2800,0,0,-0.12355,0.102061247,-0.014250703938571427,0.02480463127277593
train,材料4,644,2800,0,0,-0.124311646,0.101436802,-0.014435884025714269,0.02488104187750904
train,材料4,645,2800,0,0,-0.125073617,0.100814257,-0.014620725290357081,0.024957691856304604
train,材料4,646,2800,0,0,-0.12583,0.100194004,-0.014805163950000002,0.025034582089989984
train,材料4,647,2800,0,0,-0.12658,0.099576116,-0.014989154975714283,0.025111651607542345
train,材料4,648,2800,0,0,-0.127323719,0.098960224,-0.015172714647857138,0.025188903603641056
train,材料4,649,2800,0,0,-0.128063193,0.098345579,-0.015355784790357142,0.025266299960096272
train,材料4,650,2800,0,0,-0.1288,0.097731313,-0.015538438257142911,0.025343848161807677
train,材料4,651,2800,0,0,-0.12953,0.097116756,-0.01572067592535712,0.025421503155881636
train,材料4,652,2800,0,0,-0.13025,0.096501542,-0.01590250308035712,0.02549932232995624
train,材料4,653,2800,0,0,-0.13097,0.095885476,-0.0160838856210714,0.025577272355775997
train,材料4,654,2800,0,0,-0.131682663,0.09526835,-0.016264852401428567,0.02565531153270435
train,材料4,655,2800,0,0,-0.13239007,0.094649973,-0.016445399616428564,0.025733406532668115
train,材料4,656,2800,0,0,-0.133092803,0.094030395,-0.016625503713928548,0.025811536393702282
train,材料4,657,2800,0,0,-0.13379254,0.093410049,-0.016805183119999994,0.025889723544697336
train,材料4,658,2800,0,0,-0.13449,0.092789567,-0.016984418318928614,0.025967920500785464
train,材料4,659,2800,0,0,-0.135172768,0.092169415,-0.017163221595714248,0.026046115284648428
train,材料4,660,2800,0,0,-0.135854825,0.09154975,-0.017341608178571447,0.026124384178263925
train,材料4,661,2800,0,0,-0.136532539,0.090930629,-0.01751958854607144,0.02620269820892884
train,材料4,662,2800,0,0,-0.13721,0.090312257,-0.0176971173125,0.026281008400812766
train,材料4,663,2800,0,0,-0.137870941,0.089694932,-0.01787414993285715,0.02635926875822585
train,材料4,664,2800,0,0,-0.138532033,0.089078801,-0.018050746261071463,0.026437564891067987
train,材料4,665,2800,0,0,-0.13919,0.088463769,-0.01822689204357149,0.026515816923583676
train,材料4,666,2800,0,0,-0.13984,0.087849639,-0.018402609444642865,0.026594070518648934
train,材料4,667,2800,0,0,-0.140483942,0.087236239,-0.018577862683928574,0.026672276702699834
train,材料4,668,2800,0,0,-0.141122203,0.08662336,-0.0187526545232143,0.026750471722691606
train,材料4,669,2800,0,0,-0.141754192,0.086010633,-0.018926976445357162,0.026828608624965174
train,材料4,670,2800,0,0,-0.142380403,0.085397539,-0.019100814007142794,0.02690671041864634
train,材料4,671,2800,0,0,-0.143000533,0.084783585,-0.01927418519750003,0.026984702262763966
train,材料4,672,2800,0,0,-0.143614992,0.084168489,-0.019447063807499932,0.0270626183140614
train,材料4,673,2800,0,0,-0.14423,0.083552259,-0.01961947410857145,0.027140483330280116
train,材料4,674,2800,0,0,-0.14483224,0.082935158,-0.01979140130928577,0.027218248508663945
train,材料4,675,2800,0,0,-0.145432782,0.0823176,-0.01996282311499996,0.027295889395901655
train,材料4,676,2800,0,0,-0.146023592,0.081700019,-0.020133787177142863,0.02737343522272573
train,材料4,677,2800,0,0,-0.14661,0.081082739,-0.020304273440714254,0.02745086578383023
train,材料4,678,2800,0,0,-0.14718068,0.080465934,-0.02047424510821429,0.027528122190041217
train,材料4,679,2800,0,0,-0.147751703,0.07984967,-0.02064376080821428,0.027605323333673812
train,材料4,680,2800,0,0,-0.14832,0.079233971,-0.02081280152535713,0.027682453459156077
train,材料4,681,2800,0,0,-0.14888,0.078618843,-0.020981366888214323,0.027759457739762853
train,材料4,682,2800,0,0,-0.149432454,0.07800426,-0.021149438138928542,0.027836285844349305
train,材料4,683,2800,0,0,-0.149980599,0.07739023,-0.02131703813571432,0.027912975953053327
train,材料4,684,2800,0,0,-0.150521681,0.076776871,-0.021484132627500013,0.027989519502548313
train,材料4,685,2800,0,0,-0.15106,0.076164357,-0.021650715483571413,0.028065925078669257
train,材料4,686,2800,0,0,-0.15159,0.07555272,-0.02181679526249997,0.02814216906682943
train,材料4,687,2800,0,0,-0.15211,0.074941685,-0.02198234377464283,0.028218228209465974
train,材料4,688,2800,0,0,-0.152621628,0.074330712,-0.02214738417428577,0.028294102623521257
train,材料4,689,2800,0,0,-0.153131911,0.073719218,-0.02231191176571433,0.02836981606777838
train,材料4,690,2800,0,0,-0.15364,0.073106821,-0.022475931344999926,0.028445353062480274
train,材料4,691,2800,0,0,-0.154133614,0.072493428,-0.022639438806071395,0.028520711530256992
train,材料4,692,2800,0,0,-0.154624613,0.071879133,-0.02280241528500001,0.0285958112297696
train,材料4,693,2800,0,0,-0.15511,0.07126406,-0.022964858947499982,0.028670728054298805
train,材料4,694,2800,0,0,-0.15559,0.070648333,-0.023126830434642868,0.028745497863788192
train,材料4,695,2800,0,0,-0.15606,0.070032191,-0.023288296538928555,0.028820109660154324
train,材料4,696,2800,0,0,-0.156524888,0.069416074,-0.023449200226071422,0.02889444643424074
train,材料4,697,2800,0,0,-0.156984593,0.068800486,-0.023609558882500003,0.02896856986364027
train,材料4,698,2800,0,0,-0.15744,0.068185741,-0.023769377281428573,0.0290424681567937
train,材料4,699,2800,0,0,-0.157883097,0.067571822,-0.023928717188928524,0.029116176702039025
train,材料4,700,2800,0,0,-0.158324158,0.066958481,-0.024087523841071434,0.029189721672739796
train,材料4,701,2800,0,0,-0.15876,0.066345484,-0.024245814526785738,0.029263054317782464
train,材料4,702,2800,0,0,-0.15919,0.065732753,-0.024403608183928546,0.029336192319221924
train,材料4,703,2800,0,0,-0.159610279,0.065120284,-0.024560853596785687,0.029409048807289086
train,材料4,704,2800,0,0,-0.16003,0.064507956,-0.024717569512857206,0.02948169731564657
train,材料4,705,2800,0,0,-0.16044,0.063895511,-0.024873752396071442,0.029554181659210723
train,材料4,706,2800,0,0,-0.160841258,0.063282773,-0.02502938693714285,0.029626436020335607
train,材料4,707,2800,0,0,-0.16124,0.062669835,-0.025184511337499958,0.029698503665244614
train,材料4,708,2800,0,0,-0.161630364,0.062056883,-0.025339118470714312,0.029770412770773986
train,材料4,709,2800,0,0,-0.16202,0.061443857,-0.025493165242142842,0.02984209544069697
train,材料4,710,2800,0,0,-0.162393692,0.060830413,-0.02564661938928576,0.029913466348012615
train,材料4,711,2800,0,0,-0.162762275,0.060216283,-0.02579953475250003,0.029984529188700523
train,材料4,712,2800,0,0,-0.163123817,0.059601584,-0.02595188049000001,0.03005534249696044
train,材料4,713,2800,0,0,-0.16348,0.058986685,-0.026103661421428562,0.030125899355507087
train,材料4,714,2800,0,0,-0.163823528,0.058371833,-0.026254931421785643,0.03019626016899545
train,材料4,715,2800,0,0,-0.164164464,0.057756968,-0.026405654488214195,0.030266425349639497
train,材料4,716,2800,0,0,-0.164500779,0.057141913,-0.02655579369535715,0.030336354636767135
train,材料4,717,2800,0,0,-0.164831471,0.056526656,-0.026705364519642876,0.030406041489745274
train,材料4,718,2800,0,0,-0.165154129,0.055911452,-0.026854389736428518,0.030475449262263
train,材料4,719,2800,0,0,-0.16547,0.055296636,-0.027002929977499975,0.030544729887272987
train,材料4,720,2800,0,0,-0.16578,0.05468237,-0.027150933210357178,0.0306137862846613
train,材料4,721,2800,0,0,-0.16608,0.054068543,-0.027298341818928568,0.03068256889978118
train,材料4,722,2800,0,0,-0.166373915,0.053454937,-0.02744520063785713,0.030751147513795776
train,材料4,723,2800,0,0,-0.166663714,0.052841458,-0.02759145089499998,0.030819470452131827
train,材料4,724,2800,0,0,-0.16695,0.052228193,-0.027737140211071473,0.030887536458686957
train,材料4,725,2800,0,0,-0.167220839,0.051615244,-0.02788227213499993,0.030955374790453898
train,材料4,726,2800,0,0,-0.16749,0.051002533,-0.028026830137857145,0.03102302359080692
train,材料4,727,2800,0,0,-0.16775,0.050389801,-0.028170832063571394,0.031090451766172193
train,材料4,728,2800,0,0,-0.168001459,0.049776732,-0.028314248764642856,0.0311576166982681
train,材料4,729,2800,0,0,-0.16825,0.049163114,-0.02845714873892861,0.031224623194056316
train,材料4,730,2800,0,0,-0.16849,0.048548909,-0.028599493523214222,0.0312914336904798
train,材料4,731,2800,0,0,-0.16872,0.047934268,-0.028741244012857037,0.03135796604760415
train,材料4,732,2800,0,0,-0.168944837,0.047319491,-0.028882415513214292,0.03142423894800274
train,材料4,733,2800,0,0,-0.16917,0.046704921,-0.029023037949285794,0.03149037171395692
train,材料4,734,2800,0,0,-0.169380066,0.046090813,-0.02916306291214291,0.03155625201013836
train,材料4,735,2800,0,0,-0.16959,0.045477266,-0.02930256388964284,0.03162196654294352
train,材料4,736,2800,0,0,-0.16979,0.044864266,-0.02944147829999996,0.03168747344078667
train,材料4,737,2800,0,0,-0.169980197,0.044251753,-0.029579820557500004,0.031752774818140005
train,材料4,738,2800,0,0,-0.17017,0.04363966,-0.029717597030000032,0.03181785657913031
train,材料4,739,2800,0,0,-0.17035,0.043027887,-0.0298547925878571,0.03188273343772728
train,材料4,740,2800,0,0,-0.17052,0.042416312,-0.029991400726071395,0.031947423688487755
train,材料4,741,2800,0,0,-0.170682424,0.041804818,-0.030127448984642754,0.03201191883451078
train,材料4,742,2800,0,0,-0.17084,0.041193312,-0.030262874984285884,0.03207624490794045
train,材料4,743,2800,0,0,-0.17099,0.040581718,-0.03039772609392864,0.0321403664227044
train,材料4,744,2800,0,0,-0.171133412,0.039969977,-0.0305319820400001,0.032204302242203796
train,材料4,745,2800,0,0,-0.171273471,0.039358092,-0.03066573222214282,0.03226813021536035
train,材料4,746,2800,0,0,-0.17141,0.038746126,-0.030798902946071505,0.032331763069105665
train,材料4,747,2800,0,0,-0.17153,0.038134148,-0.03093146364535712,0.03239515941585399
train,材料4,748,2800,0,0,-0.17165,0.037522165,-0.031063409773571478,0.0324583747955791
train,材料4,749,2800,0,0,-0.17176,0.036910146,-0.031194718087142956,0.03252133873064573
train,材料4,750,2800,0,0,-0.17186469,0.036298081,-0.031325463706785676,0.0325841854389316
train,材料4,751,2800,0,0,-0.171962265,0.035685974,-0.0314556988914286,0.03264695392560442
train,材料4,752,2800,0,0,-0.172052932,0.035073799,-0.031585300216071525,0.032709526594657
train,材料4,753,2800,0,0,-0.17214,0.034461498,-0.031714299666428705,0.032771933467219724
train,材料4,754,2800,0,0,-0.17222,0.033849054,-0.03184272187928571,0.03283422373596704
train,材料4,755,2800,0,0,-0.17229,0.03323654,-0.03197062761285713,0.03289643125696569
train,材料4,756,2800,0,0,-0.172350589,0.032624097,-0.03209799481928576,0.03295856113710381
train,材料4,757,2800,0,0,-0.17241,0.032011853,-0.03222477460249995,0.03302060714085778
train,材料4,758,2800,0,0,-0.172454567,0.031399855,-0.032350965785357046,0.033082530139631076
train,材料4,759,2800,0,0,-0.1725,0.03078804,-0.032476631853928524,0.033144421827526395
train,材料4,760,2800,0,0,-0.17253,0.030176284,-0.03260169037892846,0.03320616371650965
train,材料4,761,2800,0,0,-0.17256,0.02956447,-0.03272621543749996,0.033267853763832775
train,材料4,762,2800,0,0,-0.17258,0.028952521,-0.032850203072499966,0.033329488742630364
train,材料4,763,2800,0,0,-0.1726,0.028340369,-0.032973636425357104,0.033391094890126656
train,材料4,764,2800,0,0,-0.17261,0.02772794,-0.033096593980000005,0.0334527269186266
train,材料4,765,2800,0,0,-0.17262,0.027115208,-0.03321906590749997,0.03351437906956728
train,材料4,766,2800,0,0,-0.17262,0.02650227,-0.03334102255142864,0.03357599395293701
train,材料4,767,2800,0,0,-0.172613103,0.025889311,-0.03346248238071427,0.03363765649399739
train,材料4,768,2800,0,0,-0.17261,0.025276481,-0.03358346352892864,0.033699366900943876
train,材料4,769,2800,0,0,-0.172591932,0.024663798,-0.03370391744107148,0.03376108192540395
train,材料4,770,2800,0,0,-0.172587667,0.024051194,-0.033823833788571345,0.0338228020139062
train,材料4,771,2800,0,0,-0.172578553,0.02343867,-0.03394327794928577,0.033884576230246745
train,材料4,772,2800,0,0,-0.172564321,0.022826374,-0.034062207364642924,0.03394637938593818
train,材料4,773,2800,0,0,-0.172545951,0.022214498,-0.03418064599107141,0.03400828810659086
train,材料4,774,2800,0,0,-0.172521355,0.02160307,-0.03429854538785707,0.034070253148782655
train,材料4,775,2800,0,0,-0.172489649,0.020991894,-0.03441592968428566,0.03413223764905654
train,材料4,776,2800,0,0,-0.172451076,0.020380697,-0.03453282418964286,0.03419431420788312
train,材料4,777,2800,0,0,-0.172406329,0.019769356,-0.034649161941428655,0.03425637377843406
train,材料4,778,2800,0,0,-0.172355727,0.019157941,-0.03476490777392858,0.03431841667537138
train,材料4,779,2800,0,0,-0.172296884,0.018546579,-0.034880110281785615,0.034380483877883485
train,材料4,780,2800,0,0,-0.172229205,0.017935325,-0.03499477115499998,0.03444264673230227
train,材料4,781,2800,0,0,-0.172155122,0.017324154,-0.03510889589392864,0.03450482885742579
train,材料4,782,2800,0,0,-0.172135414,0.01671302,-0.03522243722035727,0.034567067559099135
train,材料4,783,2800,0,0,-0.172880612,0.016101863,-0.03533538312214287,0.034629314389497345
train,材料4,784,2800,0,0,-0.173629524,0.015490578,-0.03544777484071433,0.03469158768295281
train,材料4,785,2800,0,0,-0.174382674,0.014879066,-0.03555958547357141,0.034753935713812426
train,材料4,786,2800,0,0,-0.17512898,0.014267305,-0.03567080323749998,0.03481630625540973
train,材料4,787,2800,0,0,-0.175872408,0.013655367,-0.035781431709285744,0.034878695570722464
train,材料4,788,2800,0,0,-0.176616468,0.013043325,-0.03589148059071426,0.034941141463863554
train,材料4,789,2800,0,0,-0.177362204,0.012431221,-0.0360009510117857,0.03500371386601945
train,材料4,790,2800,0,0,-0.178111656,0.011819106,-0.036109843192499984,0.035066384501470385
train,材料4,791,2800,0,0,-0.178859556,0.011207059,-0.03621817387535712,0.03512915173198711
train,材料4,792,2800,0,0,-0.179607181,0.010595106,-0.03632593288821431,0.0351919627496706
train,材料4,793,2800,0,0,-0.180353248,0.009983164,-0.03643310547821426,0.035254812009280365
train,材料4,794,2800,0,0,-0.181097233,0.009371115,-0.036539692697857146,0.035317783386695674
train,材料4,795,2800,0,0,-0.181848396,0.008758906,-0.03664571343892856,0.03538087212254184
train,材料4,796,2800,0,0,-0.182603915,0.008146543,-0.03675113931642857,0.035444076465265074
train,材料4,797,2800,0,0,-0.183353195,0.007534027,-0.036855992167142845,0.0355074600569161
train,材料4,798,2800,0,0,-0.184096815,0.006921414,-0.036960216674285624,0.03557091390785152
train,材料4,799,2800,0,0,-0.184844301,0.006308905,-0.03706389127571431,0.03563449080296918
train,材料4,800,2800,0,0,-0.18559022,0.005696771,-0.03716700648392859,0.03569826612476303
train,材料4,801,2800,0,0,-0.186334818,0.005085096,-0.03726958707464286,0.03576230209390612
train,材料4,802,2800,0,0,-0.187084135,0.00447365,-0.037371590018214294,0.03582652385801807
train,材料4,803,2800,0,0,-0.187831701,0.00386205,-0.0374729920596429,0.035890910650425926
train,材料4,804,2800,0,0,-0.188578315,0.00325006,-0.03757385762500002,0.0359555399488578
train,材料4,805,2800,0,0,-0.189321833,0.002718826,-0.03767414353535723,0.03602035797962164
train,材料4,806,2800,0,0,-0.190063735,0.00238142,-0.03777381927107146,0.03608532950286326
train,材料4,807,2800,0,0,-0.190810849,0.002043971,-0.03787292968892857,0.03615047253303582
train,材料4,808,2800,0,0,-0.191559086,0.00170671,-0.03797152654357152,0.036215888751607084
train,材料4,809,2800,0,0,-0.19230506,0.001369686,-0.03806952196892855,0.03628152939531488
train,材料4,810,2800,0,0,-0.193051048,0.001032693,-0.03816696398500008,0.03634750165091044
train,材料4,811,2800,0,0,-0.193793012,0.0006957,-0.03826385324892852,0.03641375354394989
train,材料4,812,2800,0,0,-0.194536191,0.000358556,-0.038360188205,0.03648024056180553
train,材料4,813,2800,0,0,-0.195280513,3.43e-05,-0.03845594871785714,0.036546960250138226
train,材料4,814,2800,0,0,-0.196021431,-0.000116055,-0.038551094916785704,0.036613841038328904
train,材料4,815,2800,0,0,-0.196764345,-0.000220565,-0.03864565974535705,0.03668101139758686
train,材料4,816,2800,0,0,-0.197506609,-0.000274067,-0.03873967027250004,0.03674849008634276
train,材料4,817,2800,0,0,-0.198252986,-0.000327595,-0.038833161023571434,0.036816263249905404
train,材料4,818,2800,0,0,-0.199001165,-0.000381138,-0.03892609548357128,0.03688437372723006
train,材料4,819,2800,0,0,-0.199747254,-0.0004347,-0.03901848825785711,0.03695284481192396
train,材料4,820,2800,0,0,-0.200497768,-0.000488288,-0.0391102947903572,0.03702163413580524
train,材料4,821,2800,0,0,-0.201248765,-0.000541899,-0.03920157323571422,0.037090743932876036
train,材料4,822,2800,0,0,-0.201997249,-0.00059552,-0.03929229483214283,0.03716022078938096
train,材料4,823,2800,0,0,-0.202745666,-0.00064914,-0.03938244375071429,0.037230064303107616
train,材料4,824,2800,0,0,-0.203495991,-0.000702756,-0.03947204568964279,0.037300194306874035
train,材料4,825,2800,0,0,-0.204247445,-0.000756368,-0.03956110721928579,0.03737073595840419
train,材料4,826,2800,0,0,-0.204997728,-0.000809973,-0.0396496380014286,0.037441697380438295
train,材料4,827,2800,0,0,-0.205744929,-0.000863563,-0.03973758691821432,0.037513047535967195
train,材料4,828,2800,0,0,-0.206489729,-0.000917127,-0.03982502432321427,0.037584781816097396
train,材料4,829,2800,0,0,-0.207234011,-0.000970659,-0.03991187173249999,0.03765693727825917
train,材料4,830,2800,0,0,-0.207977214,-0.00102415,-0.03999817878535718,0.03772956173459042
train,材料4,831,2800,0,0,-0.208715885,-0.001077591,-0.040083975372142915,0.03780261310553905
train,材料4,832,2800,0,0,-0.209452135,-0.001130964,-0.04016922388571438,0.037876009092636415
train,材料4,833,2800,0,0,-0.210189071,-0.001184402,-0.04025392752285721,0.03794981776904234
train,材料4,834,2800,0,0,-0.210928782,-0.001237946,-0.04033810664214291,0.03802414741482826
train,材料4,835,2800,0,0,-0.211671707,-0.001291494,-0.040421788083571476,0.03809896958237446
train,材料4,836,2800,0,0,-0.212418882,-0.001345035,-0.0405048895460714,0.03817426474527481
train,材料4,837,2800,0,0,-0.21316482,-0.00139856,-0.04058744080178567,0.038250093354421075
train,材料4,838,2800,0,0,-0.213907904,-0.001452052,-0.04066945684428561,0.03832637967026161
train,材料4,839,2800,0,0,-0.214652229,-0.0015055,-0.04075089939678566,0.03840310727463378
train,材料4,840,2800,0,0,-0.215392736,-0.001558909,-0.040831890141785766,0.03848033317710115
train,材料4,841,2800,0,0,-0.216131657,-0.001612307,-0.04091238185964282,0.038558155506716006
train,材料4,842,2800,0,0,-0.216870389,-0.001665723,-0.04099236545464291,0.038636593420999
train,材料4,843,2800,0,0,-0.217605128,-0.001719171,-0.04107181123500001,0.038715494082378
train,材料4,844,2800,0,0,-0.218343062,-0.001772643,-0.041150711792499885,0.03879488404771571
train,材料4,845,2800,0,0,-0.219081449,-0.001826122,-0.041229122200714244,0.038874840255169296
train,材料4,846,2800,0,0,-0.219815838,-0.001879596,-0.041306988154285657,0.03895532312142019
train,材料4,847,2800,0,0,-0.220552766,-0.001933067,-0.041384321869642846,0.0390363823359794
train,材料4,848,2800,0,0,-0.221293776,-0.00198655,-0.04146120936214293,0.039118037273166005
train,材料4,849,2800,0,0,-0.222032775,-0.002040056,-0.041537560822142924,0.03920029869936025
train,材料4,850,2800,0,0,-0.222773428,-0.002093589,-0.04161341401107135,0.03928318251241784
train,材料4,851,2800,0,0,-0.223520151,-0.002147137,-0.04168872076071426,0.03936663747235612
train,材料4,852,2800,0,0,-0.224261146,-0.002200674,-0.041763516660000014,0.03945070979916099
train,材料4,853,2800,0,0,-0.224998167,-0.002254164,-0.04183781363107149,0.03953536659229138
train,材料4,854,2800,0,0,-0.225737576,-0.002307576,-0.04191163357035717,0.03962063368382255
train,材料4,855,2800,0,0,-0.22647789,-0.002360908,-0.041984950942142954,0.039706546846895015
train,材料4,856,2800,0,0,-0.227216934,-0.002414199,-0.04205776796607141,0.039793100929829114
train,材料4,857,2800,0,0,-0.2279554,-0.002467513,-0.042130067735000006,0.03988031023566183
train,材料4,858,2800,0,0,-0.22869377,-0.002520893,-0.0422019156964286,0.039968304182977775
train,材料4,859,2800,0,0,-0.229429048,-0.002574343,-0.0422732663325,0.0400568683414621
train,材料4,860,2800,0,0,-0.230164201,-0.002627832,-0.04234406840428572,0.04014593778154337
train,材料4,861,2800,0,0,-0.230903226,-0.002681324,-0.04241441313250007,0.040235735673926576
train,材料4,862,2800,0,0,-0.231646011,-0.002734805,-0.042484265183928525,0.04032621372917255
train,材料4,863,2800,0,0,-0.232391918,-0.002788286,-0.04255362072000003,0.04041733276831079
train,材料4,864,2800,0,0,-0.233142304,-0.002841783,-0.04262248363178563,0.04050910936263013
train,材料4,865,2800,0,0,-0.233889136,-0.0028953,-0.04269088747857147,0.0406016582605412
train,材料4,866,2800,0,0,-0.23462981,-0.002948829,-0.04275882810142853,0.04069498003376154
train,材料4,867,2800,0,0,-0.235369563,-0.003002355,-0.04282627466250009,0.04078894140627781
train,材料4,868,2800,0,0,-0.236111013,-0.003055864,-0.04289327122107148,0.04088372499573851
train,材料4,869,2800,0,0,-0.236853247,-0.003109346,-0.042959795214999964,0.04097923029997545
train,材料4,870,2800,0,0,-0.237595378,-0.003162805,-0.043025820372857154,0.04107541109143965
train,材料4,871,2800,0,0,-0.238338488,-0.003216255,-0.04309139811821432,0.04117234750789339
train,材料4,872,2800,0,0,-0.239080015,-0.003269703,-0.0431565558864285,0.04127012252229249
train,材料4,873,2800,0,0,-0.239822546,-0.003323141,-0.04322125068785712,0.04136861856188432
train,材料4,874,2800,0,0,-0.240564111,-0.003376552,-0.043285441666071546,0.04146785923503016
train,材料4,875,2800,0,0,-0.241305153,-0.00342993,-0.04334923708142863,0.04156792923145416
train,材料4,876,2800,0,0,-0.242044519,-0.003483285,-0.04341257126285708,0.04166872767103782
train,材料4,877,2800,0,0,-0.242785251,-0.003536631,-0.04347545770071419,0.0417702801691001
train,材料4,878,2800,0,0,-0.243529009,-0.00358998,-0.04353786163892865,0.0418726062060769
train,材料4,879,2800,0,0,-0.244270767,-0.003643348,-0.04359979659749999,0.04197563701334311
train,材料4,880,2800,0,0,-0.245013808,-0.003696749,-0.04366124739785711,0.042079403129237726
train,材料4,881,2800,0,0,-0.24575937,-0.003750188,-0.04372223352500007,0.04218394745366605
train,材料4,882,2800,0,0,-0.246504855,-0.003803645,-0.043782825838571515,0.04228937217064596
train,材料4,883,2800,0,0,-0.247250197,-0.003857083,-0.04384297815714281,0.042395617719046215
train,材料4,884,2800,0,0,-0.24799528,-0.003910477,-0.04390270227642849,0.042502654874994404
train,材料4,885,2800,0,0,-0.248739076,-0.003963833,-0.04396200291107145,0.04261047468538658
train,材料4,886,2800,0,0,-0.249480999,-0.004017177,-0.04402087611892866,0.04271913250607556
train,材料4,887,2800,0,0,-0.250219477,-0.004070539,-0.04407931252499997,0.04282867536788528
train,材料4,888,2800,0,0,-0.250956502,-0.004123926,-0.04413734472821431,0.0429390446463353
train,材料4,889,2800,0,0,-0.251693085,-0.004177319,-0.04419494206142863,0.04305025471265038
train,材料4,890,2800,0,0,-0.252429758,-0.004230686,-0.044252082695,0.04316217272072759
train,材料4,891,2800,0,0,-0.253167285,-0.004284008,-0.04430880035214284,0.043274950756918874
train,材料4,892,2800,0,0,-0.253907186,-0.004337285,-0.04436513459821434,0.043388564128197984
train,材料4,893,2800,0,0,-0.254647382,-0.004390535,-0.04442103677214287,0.04350304986565774
train,材料4,894,2800,0,0,-0.255381042,-0.004443773,-0.044476517695357126,0.04361831225358865
train,材料4,895,2800,0,0,-0.256109903,-0.004497013,-0.044531572236785666,0.04373432771432826
train,材料4,896,2800,0,0,-0.256840705,-0.00455026,-0.04458621447928575,0.043851169342418964
train,材料4,897,2800,0,0,-0.257577052,-0.004603507,-0.044640463658928535,0.04396889103024839
train,材料4,898,2800,0,0,-0.258315539,-0.004656746,-0.044694309887857026,0.04408755839651889
train,材料4,899,2800,0,0,-0.259053171,-0.004709974,-0.04474774936249994,0.04420711432811303
train,材料4,900,2800,0,0,-0.259793344,-0.004763209,-0.044800791718928513,0.04432747807753523
train,材料4,901,2800,0,0,-0.260533223,-0.00481648,-0.044853466418571436,0.044448795888308974
train,材料4,902,2800,0,0,-0.261274514,-0.004869804,-0.044905751318571455,0.044570999338818244
train,材料4,903,2800,0,0,-0.2620151,-0.004923173,-0.04495759361714275,0.0446940363081602
train,材料4,904,2800,0,0,-0.262748392,-0.004976554,-0.045009076288571384,0.0448179195566947
train,材料4,905,2800,0,0,-0.26348498,-0.005029903,-0.045060210926428604,0.04494271247544053
train,材料4,906,2800,0,0,-0.264224896,-0.005083195,-0.04511091062285715,0.0450683814188646
train,材料4,907,2800,0,0,-0.264964398,-0.005136436,-0.04516117510035716,0.045194882969639236
train,材料4,908,2800,0,0,-0.265704366,-0.005189656,-0.0452110372896428,0.04532223645785352
train,材料4,909,2800,0,0,-0.26643674,-0.005242888,-0.04526029463607147,0.045450205284255835
train,材料4,910,2800,0,0,-0.267137101,-0.005296142,-0.04530858404285713,0.04557791017608861
train,材料4,911,2800,0,0,-0.267755884,-0.005349405,-0.04535504033178575,0.04570374465222826
train,材料4,912,2800,0,0,-0.268255316,-0.005402654,-0.045398685586071484,0.04582542360292035
train,材料4,913,2800,0,0,-0.268604829,-0.005455884,-0.04543816260464281,0.04594003856569911
train,材料4,914,2800,0,0,-0.268756408,-0.005509111,-0.045471416936071415,0.04604300587469502
train,材料4,915,2800,0,0,-0.269347832,-0.005562356,-0.045495980776785655,0.04612889532116297
train,材料4,916,2800,0,0,-0.26998348,-0.005615625,-0.04550949153857141,0.04619271751529279
train,材料4,917,2800,0,0,-0.27031784,-0.0056689,-0.04550983031964291,0.04622994567852087
train,材料4,918,2800,0,0,-0.270083405,-0.005722153,-0.04549542566035711,0.04623760165234145
train,材料4,919,2800,0,0,-0.269217552,-0.005775365,-0.04546641533642862,0.04621729607013315
train,材料4,920,2800,0,0,-0.267977526,-0.005828544,-0.045424272283928604,0.046174855320378065
train,材料4,921,2800,0,0,-0.266701449,-0.00588171,-0.04537209075678559,0.0461189613048483
train,材料4,922,2800,0,0,-0.265493644,-0.005934873,-0.045314999366785826,0.04605972537393486
train,材料4,923,2800,0,0,-0.264309806,-0.00598802,-0.045257073491428636,0.046002491031379676
train,材料4,924,2800,0,0,-0.263125705,-0.006041123,-0.04519953748214281,0.04594786844821927
train,材料4,925,2800,0,0,-0.261937064,-0.006094173,-0.045142267740357074,0.04589557327942985
train,材料4,926,2800,0,0,-0.260751656,-0.006147188,-0.04508477776250003,0.04584536964009152
train,材料4,927,2800,0,0,-0.259573706,-0.00611471,-0.04502701765785718,0.045797060499698
train,材料4,928,2800,0,0,-0.258395408,-0.006057633,-0.044969030328928475,0.04575057218739144
train,材料4,929,2800,0,0,-0.257217615,-0.006000333,-0.04491082122071433,0.04570606311347994
train,材料4,930,2800,0,0,-0.256045172,-0.005942772,-0.044852401749642806,0.045663615666162685
train,材料4,931,2800,0,0,-0.25486987,-0.005884985,-0.044793701627857174,0.04562301345045355
train,材料4,932,2800,0,0,-0.253691609,-0.005827013,-0.04473469659821428,0.045584282316877264
train,材料4,933,2800,0,0,-0.252520985,-0.005768849,-0.04467546302142853,0.04554752265226045
train,材料4,934,2800,0,0,-0.251350992,-0.005710486,-0.044615907675000066,0.04551261100225531
train,材料4,935,2800,0,0,-0.250175151,-0.005651928,-0.044556154256071435,0.04547966284476604
train,材料4,936,2800,0,0,-0.248999755,-0.005593167,-0.04449615478607145,0.045448761121139776
train,材料4,937,2800,0,0,-0.247834814,-0.005534158,-0.044435849930000056,0.04541968304580344
train,材料4,938,2800,0,0,-0.246669959,-0.005474861,-0.044375269464285695,0.04539245524119528
train,材料4,939,2800,0,0,-0.245504785,-0.005415334,-0.04431436480500003,0.045367159338407
train,材料4,940,2800,0,0,-0.24433789,-0.005353475,-0.044253222520357204,0.045343797484396854
train,材料4,941,2800,0,0,-0.243171368,-0.005290023,-0.044191864105,0.04532246106192137
train,材料4,942,2800,0,0,-0.24200538,-0.005226338,-0.044130268690357105,0.0453031560240299
train,材料4,943,2800,0,0,-0.240838326,-0.005162456,-0.04406836824821422,0.04528580011435533
train,材料4,944,2800,0,0,-0.239676872,-0.005098392,-0.04400621016821421,0.04527032945420619
train,材料4,945,2800,0,0,-0.238515933,-0.005034126,-0.04394378364464289,0.04525672261461447
train,材料4,946,2800,0,0,-0.237349204,-0.004969659,-0.04388109945607152,0.04524508733721241
train,材料4,947,2800,0,0,-0.236183882,-0.004905002,-0.04381816518964292,0.04523551261161725
train,材料4,948,2800,0,0,-0.235019046,-0.004840155,-0.04375503241821427,0.04522799394252658
train,材料4,949,2800,0,0,-0.233852675,-0.004775133,-0.04369165948857149,0.04522248261953302
train,材料4,950,2800,0,0,-0.23268638,-0.004709916,-0.04362805035214289,0.045218931702268046
train,材料4,951,2800,0,0,-0.231521387,-0.004644505,-0.04356415761499996,0.04521742648450061
train,材料4,952,2800,0,0,-0.232024147,-0.004578916,-0.04350009429142847,0.04521790784338779
train,材料4,953,2800,0,0,-0.232678593,-0.004513105,-0.043435739008214284,0.04522036295783264
train,材料4,954,2800,0,0,-0.233335404,-0.004447089,-0.043371088473214296,0.045224716884170416
train,材料4,955,2800,0,0,-0.233989951,-0.004380954,-0.043306213365000026,0.045231012256836935
train,材料4,956,2800,0,0,-0.234644708,-0.004314738,-0.043241111159285694,0.045239343527590875
train,材料4,957,2800,0,0,-0.235300946,-0.004248406,-0.043175762483214274,0.04524968246470181
train,材料4,958,2800,0,0,-0.235956696,-0.004181942,-0.043110225819642856,0.04526213040958398
train,材料4,959,2800,0,0,-0.236613811,-0.004115342,-0.04304448436321425,0.045276581755288564
train,材料4,960,2800,0,0,-0.237273505,-0.004048603,-0.04297849662714281,0.045292970778830044
train,材料4,961,2800,0,0,-0.237932217,-0.00398179,-0.042912307676071404,0.0453114525131001
train,材料4,962,2800,0,0,-0.238585059,-0.00391488,-0.04284591357500002,0.04533198428982978
train,材料4,963,2800,0,0,-0.239238563,-0.003847751,-0.042779318580357224,0.04535454415922554
train,材料4,964,2800,0,0,-0.239898022,-0.003780432,-0.04271253518678571,0.04537926350700717
train,材料4,965,2800,0,0,-0.2405572,-0.003713011,-0.042645560503214296,0.04540602670134114
train,材料4,966,2800,0,0,-0.24121549,-0.003645472,-0.04257834134714293,0.04543469342633015
train,材料4,967,2800,0,0,-0.241873546,-0.003577807,-0.04251093781214286,0.045465413291907925
train,材料4,968,2800,0,0,-0.242527991,-0.00351005,-0.04244339587035717,0.045498182317942025
train,材料4,969,2800,0,0,-0.243180877,-0.003442154,-0.04237562480678566,0.04553290216735303
train,材料4,970,2800,0,0,-0.243836177,-0.003374088,-0.04230764384821437,0.0455696576266966
train,材料4,971,2800,0,0,-0.244490929,-0.003305895,-0.04223952329714287,0.04560847139431936
train,材料4,972,2800,0,0,-0.245146632,-0.003237587,-0.04217124016714292,0.045649378858596754
train,材料4,973,2800,0,0,-0.245802879,-0.003169183,-0.04210278438821424,0.0456923271644717
train,材料4,974,2800,0,0,-0.246456103,-0.003100723,-0.042034174567500054,0.04573729887232191
train,材料4,975,2800,0,0,-0.247107322,-0.003032176,-0.04196538926249994,0.04578434246945409
train,材料4,976,2800,0,0,-0.247759197,-0.002963541,-0.04189643263392856,0.04583337435081873
train,材料4,977,2800,0,0,-0.248417121,-0.002894818,-0.041827307280714224,0.04588430660516861
train,材料4,978,2800,0,0,-0.249075211,-0.002825912,-0.04175798167499993,0.04593710412276739
train,材料4,979,2800,0,0,-0.249730618,-0.002756853,-0.04168846174892856,0.04599187138923369
train,材料4,980,2800,0,0,-0.250388725,-0.002687724,-0.04161881373464289,0.04604863268458725
train,材料4,981,2800,0,0,-0.251050535,-0.002618488,-0.04154904815000009,0.04610734341656042
train,材料4,982,2800,0,0,-0.251712296,-0.002549124,-0.04147910313178573,0.04616801340927388
train,材料4,983,2800,0,0,-0.252370267,-0.002479663,-0.04140900284928573,0.046230611664768426
train,材料4,984,2800,0,0,-0.253030766,-0.002410172,-0.04133878010500002,0.046295240375086935
train,材料4,985,2800,0,0,-0.253691872,-0.002340677,-0.04126842719464286,0.046361891184361945
train,材料4,986,2800,0,0,-0.254345063,-0.002271118,-0.04119793778464279,0.04643041668323053
train,材料4,987,2800,0,0,-0.254996063,-0.002201476,-0.041127280874642874,0.04650079534304397
train,材料4,988,2800,0,0,-0.255652483,-0.002131786,-0.04105645336321428,0.04657317050513184
train,材料4,989,2800,0,0,-0.256311429,-0.002062018,-0.04098552164857149,0.04664749776643058
train,材料4,990,2800,0,0,-0.256967989,-0.001992148,-0.040914388398571304,0.04672359032077632
train,材料4,991,2800,0,0,-0.257621669,-0.001922152,-0.04084307806678574,0.046801590499142655
train,材料4,992,2800,0,0,-0.258274084,-0.001852035,-0.040771616295357145,0.046881600069711725
train,材料4,993,2800,0,0,-0.258923907,-0.001781846,-0.04069988908321426,0.04696339282385268
train,材料4,994,2800,0,0,-0.259571908,-0.001711569,-0.04062781931892862,0.04704692158864455
train,材料4,995,2800,0,0,-0.260220714,-0.001641238,-0.04055547570250009,0.04713226817317225
train,材料4,996,2800,0,0,-0.260870076,-0.001570926,-0.04048272874107144,0.047219408894960894
train,材料4,997,2800,0,0,-0.261523446,-0.001500602,-0.0404095603660714,0.04730823067286311
train,材料4,998,2800,0,0,-0.262178956,-0.001430211,-0.040335916291428645,0.04739879855256821
train,材料4,999,2800,0,0,-0.262831016,-0.001359716,-0.04026170096071427,0.047490984156828044
train,材料4,1000,2800,0,0,-0.263478302,-0.00128914,-0.04018688409964283,0.04758466528961829
train,材料4,1001,2800,0,0,-0.264124281,-0.001218557,-0.04011140942750001,0.04767989678755381
train,材料4,1002,2800,0,0,-0.264772745,-0.001147956,-0.04003527855321425,0.047776674429467064
train,材料4,1003,2800,0,0,-0.26541922,-0.000928009,-0.039958442098571495,0.04787494177438245
train,材料4,1004,2800,0,0,-0.266062974,-0.000580867,-0.03988084325464289,0.047974631533722924
train,材料4,1005,2800,0,0,-0.26670738,-0.000234929,-0.039802480448928534,0.048075970385662845
train,材料4,1006,2800,0,0,-0.267352401,0.000112177,-0.039723361397500025,0.0481788056820289
train,材料4,1007,2800,0,0,-0.267999189,0.000459723,-0.03964328823749996,0.048282933431627865
train,材料4,1008,2800,0,0,-0.268649326,0.000806515,-0.03956210323500004,0.04838829077687776
train,材料4,1009,2800,0,0,-0.269296141,0.001154367,-0.03947966566642851,0.04849467145335482
train,材料4,1010,2800,0,0,-0.269917186,0.001502506,-0.039395607451428574,0.04860168091816103
train,材料4,1011,2800,0,0,-0.270475025,0.001849326,-0.039309408312857105,0.048708415395201037
train,材料4,1012,2800,0,0,-0.270939835,0.002210981,-0.03922018225785709,0.048813731643735744
train,材料4,1013,2800,0,0,-0.271284676,0.002909584,-0.03912656647000003,0.04891598454201576
train,材料4,1014,2800,0,0,-0.271475127,0.003609011,-0.03902671325642856,0.049013124126319314
train,材料4,1015,2800,0,0,-0.271433674,0.004308603,-0.038918106617142866,0.049102470071855725
train,材料4,1016,2800,0,0,-0.271123875,0.005008013,-0.03879662695142864,0.049178622860566644
train,材料4,1017,2800,0,0,-0.270520782,0.005707556,-0.03865442420857143,0.04923083872583438
train,材料4,1018,2800,0,0,-0.270458734,0.0064065,-0.03847915284357141,0.04924299311012148
train,材料4,1019,2800,0,0,-0.270575034,0.007105829,-0.038253984101785765,0.04919625825929963
train,材料4,1020,2800,0,0,-0.270151366,0.007804865,-0.03795667268392862,0.049063302306167185
train,材料4,1021,2800,0,0,-0.269010362,0.008503659,-0.03756557606749996,0.048815625212354254
train,材料4,1022,2800,0,0,-0.267811097,0.009203639,-0.03707062439464278,0.04844083284116822
train,材料4,1023,2800,0,0,-0.266072551,0.009902144,-0.036482611806785664,0.04794807115692569
