row_id,regression_outer_fold,core_loss_W_per_m3,y_pred_condition_only,y_pred_amplitude_and_condition,y_pred_full_wave_v1
附件一（训练集）.xlsx|材料1|10,4,125047.8122,121023.660162,124867.820153,127392.162723
附件一（训练集）.xlsx|材料1|100,1,147631.7533,154817.421044,133891.923881,130247.147359
附件一（训练集）.xlsx|材料1|1000,2,8108.043319,7517.03212365,8059.88358789,7770.43966616
附件一（训练集）.xlsx|材料1|1001,4,13719.96348,15023.1964774,13830.2138108,15001.9132767
附件一（训练集）.xlsx|材料1|1002,4,31727.36904,33849.7563132,32026.3217024,30516.9220491
附件一（训练集）.xlsx|材料1|1003,4,57465.73659,62478.6592297,57592.6672035,59505.0330131
附件一（训练集）.xlsx|材料1|1004,4,75945.32592,83082.5573456,85526.4211542,89308.2882015
附件一（训练集）.xlsx|材料1|1005,1,142631.1487,169087.960648,153817.692249,169735.528061
附件一（训练集）.xlsx|材料1|1006,3,192691.119,193248.192074,189915.967174,205474.076332
附件一（训练集）.xlsx|材料1|1007,3,265651.7073,279232.81541,269953.247477,288165.541406
附件一（训练集）.xlsx|材料1|1008,4,349933.416,340588.42319,333008.780011,359015.878486
附件一（训练集）.xlsx|材料1|1009,4,476622.4578,521838.031064,532178.643857,573842.789126
附件一（训练集）.xlsx|材料1|101,1,193355.8322,212443.653541,196366.086875,199186.349607
附件一（训练集）.xlsx|材料1|1010,2,1754.697826,1635.33187441,1761.56824467,1813.10067095
附件一（训练集）.xlsx|材料1|1011,2,1561.922846,1477.1786427,1581.09969909,1623.08906873
附件一（训练集）.xlsx|材料1|1012,2,1962.661101,1901.06350687,1871.74233897,1917.84712154
附件一（训练集）.xlsx|材料1|1013,2,6478.939528,5392.02092489,6488.35973136,6145.69753366
附件一（训练集）.xlsx|材料1|1014,1,8387.554956,7732.74090726,7472.96291831,7063.00959913
附件一（训练集）.xlsx|材料1|1015,1,10845.05856,9928.05445615,10122.7533221,10272.9791024
附件一（训练集）.xlsx|材料1|1016,4,14182.30884,13919.5841083,13623.8998997,13556.1035023
附件一（训练集）.xlsx|材料1|1017,4,18041.45511,19351.7235317,18146.3231102,18744.014764
附件一（训练集）.xlsx|材料1|1018,4,24046.93982,24620.9592041,23186.276844,24484.2955385
附件一（训练集）.xlsx|材料1|1019,2,43466.30167,49114.9544022,46439.0973257,46924.4227148
附件一（训练集）.xlsx|材料1|102,1,245886.8962,251021.195822,225611.937146,223023.595345
附件一（训练集）.xlsx|材料1|1020,2,55689.07224,60880.6313643,64034.4481686,64679.4106474
附件一（训练集）.xlsx|材料1|1021,2,134332.1282,158979.874146,169027.327935,167307.696838
附件一（训练集）.xlsx|材料1|1022,2,181216.4179,197139.564517,175834.670134,178460.040135
附件一（训练集）.xlsx|材料1|1023,3,249437.8193,234604.491835,236162.854348,253349.266639
附件一（训练集）.xlsx|材料1|1024,1,439975.7728,402345.261555,416370.020391,408455.099451
附件一（训练集）.xlsx|材料1|1025,2,2077.915827,1868.36892484,1970.42732541,2097.46774425
附件一（训练集）.xlsx|材料1|1026,2,2638.247268,2536.16904722,2355.66908644,2498.90941143
附件一（训练集）.xlsx|材料1|1027,2,3386.191619,3331.63475735,3176.80695396,3251.46179661
附件一（训练集）.xlsx|材料1|1028,3,4332.108647,4022.12029694,4283.10375942,4187.46345995
附件一（训练集）.xlsx|材料1|1029,2,6837.211727,6239.22583068,5683.58137018,5755.45504825
附件一（训练集）.xlsx|材料1|103,3,321281.5746,284159.051295,324081.380896,324405.409702
附件一（训练集）.xlsx|材料1|1030,2,8721.534736,8172.42261531,8335.76912695,8399.34178405
附件一（训练集）.xlsx|材料1|1031,1,14470.24183,14750.8428836,14319.6676416,14298.5239806
附件一（训练集）.xlsx|材料1|1032,4,18547.17624,17567.6960681,16873.0263557,17308.9535117
附件一（训练集）.xlsx|材料1|1033,4,31919.17006,37548.2072983,31632.1878551,33496.2435541
附件一（训练集）.xlsx|材料1|1034,2,55098.6931,52148.7321087,54221.0985675,56998.3063598
附件一（训练集）.xlsx|材料1|1035,2,73174.08745,86946.7144161,78627.9396382,80224.0369384
附件一（训练集）.xlsx|材料1|1036,1,96402.16713,103225.220686,103108.141328,100472.954687
附件一（训练集）.xlsx|材料1|1037,1,128133.6345,140592.787082,134804.904205,133208.232702
附件一（训练集）.xlsx|材料1|1038,2,171863.9905,181237.108054,181376.806764,176210.227247
附件一（训练集）.xlsx|材料1|1039,2,234430.3556,257192.550501,233602.556695,244363.966628
附件一（训练集）.xlsx|材料1|104,3,415631.7819,387294.782849,423680.134236,407779.948115
附件一（训练集）.xlsx|材料1|1040,1,3243.681288,3136.26179922,3333.90894404,3194.86388531
附件一（训练集）.xlsx|材料1|1041,4,2854.831757,2954.61490342,2821.21410592,2831.04794667
附件一（训练集）.xlsx|材料1|1042,1,4527.587523,4888.11868342,4998.39661264,4527.27825633
附件一（训练集）.xlsx|材料1|1043,3,5672.472447,4870.26006739,6029.64000968,6071.59825466
附件一（训练集）.xlsx|材料1|1044,3,7177.279865,6776.31177011,7039.36279689,7187.81036196
附件一（训练集）.xlsx|材料1|1045,3,9120.733192,8790.09291344,8795.51042346,9441.61972159
附件一（训练集）.xlsx|材料1|1046,4,15000.41993,16098.4285475,16679.0589363,17377.4609562
附件一（训练集）.xlsx|材料1|1047,3,25046.69085,26355.1364058,23135.2586496,23994.618286
附件一（训练集）.xlsx|材料1|1048,3,32107.62901,31306.5563719,31791.0388085,33191.4628393
附件一（训练集）.xlsx|材料1|1049,4,42962.83211,43480.0848746,46626.3441363,44804.9094719
附件一（训练集）.xlsx|材料1|105,1,542772.7158,507167.05491,479861.164291,482768.624678
附件一（训练集）.xlsx|材料1|1050,4,54683.97476,52575.067614,58703.7166478,58700.0261158
附件一（训练集）.xlsx|材料1|1051,4,72754.56115,70626.9602232,77362.5702539,73553.2086082
附件一（训练集）.xlsx|材料1|1052,0,127074.9846,106043.510141,107359.991539,99145.1364241
附件一（训练集）.xlsx|材料1|1053,0,163416.7829,143261.457566,151934.51444,156039.880961
附件一（训练集）.xlsx|材料1|1054,0,224289,210448.242416,193090.099137,186270.324894
附件一（训练集）.xlsx|材料1|1055,0,287415.678,281697.837565,283130.716694,292495.69059
附件一（训练集）.xlsx|材料1|1056,1,4806.866695,4972.60371945,5717.7071327,5198.32598863
附件一（训练集）.xlsx|材料1|1057,1,9438.850999,8953.50115973,9619.12246192,9532.08073938
附件一（训练集）.xlsx|材料1|1058,2,12093.85559,14098.8548239,12614.6559101,13733.3684604
附件一（训练集）.xlsx|材料1|1059,2,15557.23073,16099.9895979,14854.7582946,15497.96787
附件一（训练集）.xlsx|材料1|106,1,711545.3171,890229.250588,772975.713375,770614.419748
附件一（训练集）.xlsx|材料1|1060,4,19778.73104,22979.5194931,23322.3547226,25180.338038
附件一（训练集）.xlsx|材料1|1061,4,25667.99566,28579.8366876,28031.8364715,27369.3514804
附件一（训练集）.xlsx|材料1|1062,3,33066.84625,35758.7152183,35667.5836441,36294.9882554
附件一（训练集）.xlsx|材料1|1063,3,43155.12273,43673.2378688,42823.4025601,44671.4598024
附件一（训练集）.xlsx|材料1|1064,4,54682.60835,56223.9567071,57317.5434862,59985.1737641
附件一（训练集）.xlsx|材料1|1065,4,71443.96818,72573.3693573,75173.0025016,73697.8283703
附件一（训练集）.xlsx|材料1|1066,0,94691.42506,93423.9718577,95667.6899684,97620.8230739
附件一（训练集）.xlsx|材料1|1067,0,123821.8119,115284.579324,113269.546017,117227.852369
附件一（训练集）.xlsx|材料1|1068,2,163722.3468,147903.838619,155815.042961,156717.018766
附件一（训练集）.xlsx|材料1|1069,1,35065.13841,39920.0177966,42022.9216003,38192.0741573
附件一（训练集）.xlsx|材料1|107,3,896343.4213,798883.037368,874097.406833,829625.471414
附件一（训练集）.xlsx|材料1|1070,3,61898.58731,55271.6908227,67661.4848933,69094.0407398
附件一（训练集）.xlsx|材料1|1071,0,104974.692,83350.9744065,100083.617421,102336.112751
附件一（训练集）.xlsx|材料1|1072,0,177473.1197,162980.703466,159982.987258,160183.473375
附件一（训练集）.xlsx|材料1|1073,2,234721.2625,196092.597865,224859.745634,256036.117233
附件一（训练集）.xlsx|材料1|1074,2,304408.3904,290259.03264,301644.254959,304408.047561
附件一（训练集）.xlsx|材料1|1075,2,394656.5984,330702.842312,363668.160322,407139.447526
附件一（训练集）.xlsx|材料1|1076,2,518367.5256,459148.602214,480436.826388,512030.128835
附件一（训练集）.xlsx|材料1|1077,2,656397.8982,620466.111998,565308.047403,603380.268654
附件一（训练集）.xlsx|材料1|1078,2,3699.34622,3913.08368748,3969.76904287,4117.41041086
附件一（训练集）.xlsx|材料1|1079,4,6982.319282,8074.61701631,7033.0572283,6910.28020089
附件一（训练集）.xlsx|材料1|108,4,1299.233133,1314.73805402,1327.0164812,1392.76544001
附件一（训练集）.xlsx|材料1|1080,4,9331.461697,11449.3351249,10392.1973284,9839.4242195
附件一（训练集）.xlsx|材料1|1081,2,11962.2772,11297.1619954,10106.2265477,10116.2857264
附件一（训练集）.xlsx|材料1|1082,2,15710.22338,16542.6017833,13925.1176881,13457.4655358
附件一（训练集）.xlsx|材料1|1083,3,20998.22969,19813.7253239,19077.8506203,21584.1160808
附件一（训练集）.xlsx|材料1|1084,3,27783.97515,29854.7579017,27276.0677175,30775.5497034
附件一（训练集）.xlsx|材料1|1085,1,37362.04701,41087.5086373,45387.4361716,40983.2924682
附件一（训练集）.xlsx|材料1|1086,1,49464.76554,51021.9378752,56824.7737068,48457.1327957
附件一（训练集）.xlsx|材料1|1087,0,64214.28606,77726.3611378,66252.3461293,65970.0375001
附件一（训练集）.xlsx|材料1|1088,0,84971.33827,98108.205367,92336.9440894,89925.6119468
附件一（训练集）.xlsx|材料1|1089,3,111441.1992,109351.768171,106579.750543,104208.405431
附件一（训练集）.xlsx|材料1|109,4,1755.831126,1893.02658364,1785.8230345,1927.78206676
附件一（训练集）.xlsx|材料1|1090,3,144049.3876,131525.037818,142242.682279,138966.327237
附件一（训练集）.xlsx|材料1|1091,1,248915.461,241548.939265,245345.437366,251792.235866
附件一（训练集）.xlsx|材料1|1092,4,325087.1044,319841.304926,331298.379972,310362.377265
附件一（训练集）.xlsx|材料1|1093,4,424127.0948,405586.754474,440389.09312,419137.173654
附件一（训练集）.xlsx|材料1|1094,2,543356.5831,514109.940222,529589.155932,547139.490451
附件一（训练集）.xlsx|材料1|1095,2,710924.8042,651399.48246,665957.396432,693646.11269
附件一（训练集）.xlsx|材料1|1096,3,926553.0718,937775.317697,831592.895151,805353.831021
附件一（训练集）.xlsx|材料1|1097,1,43754.37661,36126.3307772,46984.0260269,44043.2974302
附件一（训练集）.xlsx|材料1|1098,4,491943.8922,368038.869079,442547.026591,441296.576141
附件一（训练集）.xlsx|材料1|1099,4,172539.3805,134910.278749,150358.280672,159751.916116
附件一（训练集）.xlsx|材料1|11,0,161776.6059,154432.889214,153912.412625,149190.245889
附件一（训练集）.xlsx|材料1|110,1,2390.408185,2174.25756668,2385.66135253,2230.57738156
附件一（训练集）.xlsx|材料1|1100,4,1147399.96,1275631.78615,1191801.28164,1203038.78915
附件一（训练集）.xlsx|材料1|1101,0,2439.866947,2753.63669284,2927.05512705,2957.79656716
附件一（训练集）.xlsx|材料1|1102,3,4474.67601,5414.78272324,4844.75001864,4689.80944592
附件一（训练集）.xlsx|材料1|1103,3,5857.80254,6673.7891273,6309.98981842,6232.92912606
附件一（训练集）.xlsx|材料1|1104,3,7444.952317,8875.13127861,8247.37075707,8474.85470112
附件一（训练集）.xlsx|材料1|1105,2,9680.020954,10527.7324305,10074.6939997,10016.6979018
附件一（训练集）.xlsx|材料1|1106,2,13174.97273,13730.8526416,13696.9563981,15279.7423363
附件一（训练集）.xlsx|材料1|1107,3,23258.38531,25771.5329365,28040.2216351,24627.3575124
附件一（训练集）.xlsx|材料1|1108,4,31116.24969,35591.8220306,31279.3221083,31274.117078
附件一（训练集）.xlsx|材料1|1109,2,40058.70201,43523.7399225,45616.6462449,44259.1588935
附件一（训练集）.xlsx|材料1|111,1,3242.978165,3020.78491561,3395.3439103,3531.19528277
附件一（训练集）.xlsx|材料1|1110,0,52649.18974,68058.6051351,60003.033885,57756.9005682
附件一（训练集）.xlsx|材料1|1111,0,69198.91492,71302.9952225,65898.8498468,60631.2324918
附件一（训练集）.xlsx|材料1|1112,3,90195.38276,89500.4894694,94168.0642113,96457.3892266
附件一（训练集）.xlsx|材料1|1113,4,158471.3949,155807.022406,141314.282649,137953.656334
附件一（训练集）.xlsx|材料1|1114,4,206449.5572,218869.898657,199163.228186,207695.165422
附件一（训练集）.xlsx|材料1|1115,3,800032.2333,908464.995848,813563.507875,779268.816784
附件一（训练集）.xlsx|材料1|1116,3,1038206.085,1107773.27391,1016527.60354,1006897.27743
附件一（训练集）.xlsx|材料1|1117,4,1346868.704,1389892.4764,1365310.83599,1369603.25544
附件一（训练集）.xlsx|材料1|1118,0,2331.578403,2725.53514291,2788.82111166,2908.13308304
附件一（训练集）.xlsx|材料1|1119,4,4166.859871,4928.09017517,5272.72750188,5274.63025957
附件一（训练集）.xlsx|材料1|112,4,5892.742949,6658.0451522,6768.31742261,6911.92670824
附件一（训练集）.xlsx|材料1|1120,4,5479.735964,6289.77662855,6489.46807886,6229.61975655
附件一（训练集）.xlsx|材料1|1121,4,6975.395903,7056.28351683,8258.47858644,7369.75157641
附件一（训练集）.xlsx|材料1|1122,4,9107.658573,8410.09899076,9938.0044915,9367.60220019
附件一（训练集）.xlsx|材料1|1123,3,12051.11065,13421.4284438,12261.6218767,12248.7229681
附件一（训练集）.xlsx|材料1|1124,3,16103.91471,16254.8416048,15806.9174496,15440.9160632
附件一（训练集）.xlsx|材料1|1125,4,21465.66097,24474.9071059,21170.3465903,21578.7257121
附件一（训练集）.xlsx|材料1|1126,4,36612.41794,38740.55174,34782.6820252,35263.1080704
附件一（训练集）.xlsx|材料1|1127,4,48330.72123,51827.3220973,48658.9162726,45492.3116289
附件一（训练集）.xlsx|材料1|1128,4,62678.69104,65614.7692561,62892.0201765,58076.6468303
附件一（训练集）.xlsx|材料1|1129,4,82018.01712,75504.8343134,70711.9266043,71222.8915747
附件一（训练集）.xlsx|材料1|113,2,7874.71143,7155.2908025,7949.77479488,7912.09562892
附件一（训练集）.xlsx|材料1|1130,0,109103.4681,118748.011421,114847.875907,109345.538413
附件一（训练集）.xlsx|材料1|1131,0,142320.2905,142505.946728,128081.758184,125575.244727
附件一（训练集）.xlsx|材料1|1132,4,186834.6675,210537.552146,183289.214999,180873.682732
附件一（训练集）.xlsx|材料1|1133,4,247067.484,274629.437922,240422.365808,252265.551147
附件一（训练集）.xlsx|材料1|1134,0,318768.4448,294681.690829,328729.938688,326741.271691
附件一（训练集）.xlsx|材料1|1135,0,419259.4654,428697.54667,443527.201612,425446.275794
附件一（训练集）.xlsx|材料1|1136,4,549428.1197,511847.502492,551859.401054,572592.772064
附件一（训练集）.xlsx|材料1|1137,4,722509.6372,643458.708285,681652.405427,697717.231372
附件一（训练集）.xlsx|材料1|1138,1,938273.5554,869900.075561,931428.767541,908888.129021
附件一（训练集）.xlsx|材料1|1139,1,1220196.99,1018707.97857,971526.67622,1007959.82838
附件一（训练集）.xlsx|材料1|114,2,10735.42591,11969.5089602,10554.7070618,11011.1534027
附件一（训练集）.xlsx|材料1|1140,0,2363.484595,2546.23362549,2903.63607395,2651.39253023
附件一（训练集）.xlsx|材料1|1141,3,3118.634672,3589.88919639,3189.47226293,3047.84480661
附件一（训练集）.xlsx|材料1|1142,3,4221.497255,4785.85868768,4548.0386175,4539.15230433
附件一（训练集）.xlsx|材料1|1143,3,5526.347609,5693.1301975,5312.61278243,5522.62950911
附件一（训练集）.xlsx|材料1|1144,2,6947.590361,7405.26624545,6965.9848146,6853.53382521
附件一（训练集）.xlsx|材料1|1145,2,12053.37084,12195.6558196,13072.4209167,13160.5853892
附件一（训练集）.xlsx|材料1|1146,2,15821.10504,17733.6221962,16382.4542946,16860.1693723
附件一（训练集）.xlsx|材料1|1147,4,21126.60539,22470.5027151,21786.4017169,22047.1013647
附件一（训练集）.xlsx|材料1|1148,4,27797.8886,28275.6920668,26283.7898212,26201.4019626
附件一（训练集）.xlsx|材料1|1149,3,35763.30342,44453.4547042,36305.7873792,36424.1605578
附件一（训练集）.xlsx|材料1|115,4,14477.24774,16237.7340538,15115.8260664,15680.1344924
附件一（训练集）.xlsx|材料1|1150,3,47536.0583,45213.1759563,48348.9836702,45089.3346891
附件一（训练集）.xlsx|材料1|1151,3,62046.49427,68034.073283,64814.3240689,61249.2022614
附件一（训练集）.xlsx|材料1|1152,3,106074.2276,131692.779187,115027.576694,121318.235252
附件一（训练集）.xlsx|材料1|1153,2,239077.4196,272403.159958,267008.983589,270819.892519
附件一（训练集）.xlsx|材料1|1154,2,308285.3462,335520.706347,321105.836501,306391.446694
附件一（训练集）.xlsx|材料1|1155,1,405974.4477,376160.174327,370986.040008,358256.943959
附件一（训练集）.xlsx|材料1|1156,1,1183718.214,1047827.92717,1125436.03955,1088176.10832
附件一（训练集）.xlsx|材料1|1157,0,3049.209039,3519.44929613,3375.9634544,3115.10787515
附件一（训练集）.xlsx|材料1|1158,3,4143.605824,4217.86127633,4501.37482339,4349.88675588
附件一（训练集）.xlsx|材料1|1159,3,5328.770452,6067.95313831,6072.09852297,5989.45036485
附件一（训练集）.xlsx|材料1|116,4,18907.91771,17833.442327,17995.4254538,19588.9032121
附件一（训练集）.xlsx|材料1|1160,3,6676.46732,7078.80404895,7032.78528921,6535.39782635
附件一（训练集）.xlsx|材料1|1161,3,8681.967295,8274.82712802,9076.23444955,8504.33903737
附件一（训练集）.xlsx|材料1|1162,2,11390.89328,10382.2572038,10674.0837367,10998.5707731
附件一（训练集）.xlsx|材料1|1163,2,14998.68302,15742.633823,15368.765612,15853.6377201
附件一（训练集）.xlsx|材料1|1164,2,19830.68222,20970.2007503,19910.1396098,19593.9216025
附件一（训练集）.xlsx|材料1|1165,2,25908.87594,24676.7763682,24699.9339747,26861.5545975
附件一（训练集）.xlsx|材料1|1166,4,33429.21557,35739.3014428,31728.9187745,29387.8626188
附件一（训练集）.xlsx|材料1|1167,4,43892.81251,47719.792391,43241.190564,44843.5290121
附件一（训练集）.xlsx|材料1|1168,3,57418.88126,62561.4629723,57759.7148123,55231.4705077
附件一（训练集）.xlsx|材料1|1169,3,73880.76961,81651.3503793,72397.8601617,66627.1433714
附件一（训练集）.xlsx|材料1|117,1,42837.66482,42093.3570355,50834.3722621,43639.3664953
附件一（训练集）.xlsx|材料1|1170,3,97242.38734,104333.179661,98237.2747487,93781.243816
附件一（训练集）.xlsx|材料1|1171,3,126337.0035,141567.304571,134487.39432,123405.972166
附件一（训练集）.xlsx|材料1|1172,3,165526.4381,188072.993972,167963.182096,167917.687581
附件一（训练集）.xlsx|材料1|1173,3,218872.0092,238367.435205,247908.929022,235665.444635
附件一（训练集）.xlsx|材料1|1174,2,279926.8377,295009.452513,300098.534786,305931.019769
附件一（训练集）.xlsx|材料1|1175,2,368376.3932,360945.620408,343090.308605,354718.914841
附件一（训练集）.xlsx|材料1|1176,1,485012.2785,466874.759793,435229.623652,428085.245389
附件一（训练集）.xlsx|材料1|1177,1,636338.7881,637148.130198,612679.983701,592630.652038
附件一（训练集）.xlsx|材料1|1178,1,826784.6874,743838.762095,743238.696295,713974.434174
附件一（训练集）.xlsx|材料1|1179,1,1081934.644,920466.058716,992165.695617,934360.703825
附件一（训练集）.xlsx|材料1|118,2,74230.01899,72557.9818759,77150.8312037,79291.1101431
附件一（训练集）.xlsx|材料1|1180,3,4122.392061,4909.4892189,3836.51284626,3949.38753593
附件一（训练集）.xlsx|材料1|1181,3,5402.12844,6007.43527296,5055.38803198,4709.55395271
附件一（训练集）.xlsx|材料1|1182,3,8662.200851,9322.18515524,8088.5129794,7579.61324607
附件一（训练集）.xlsx|材料1|1183,3,11357.32209,9327.51860061,9971.10538652,9917.92898545
附件一（训练集）.xlsx|材料1|1184,2,14895.03522,13458.6229536,13398.5748394,13214.4579847
附件一（训练集）.xlsx|材料1|1185,2,19347.3988,16445.8218772,19307.5387443,20023.7433483
附件一（训练集）.xlsx|材料1|1186,2,25348.51763,22117.0685353,23945.1540266,24889.6604221
附件一（训练集）.xlsx|材料1|1187,2,32519.81662,26893.9673743,32437.0849975,34570.7933127
附件一（训练集）.xlsx|材料1|1188,4,42328.56367,45987.9151761,47118.2918656,49332.3827891
附件一（训练集）.xlsx|材料1|1189,4,54839.26998,60843.3563991,55838.6803917,57068.7841569
附件一（训练集）.xlsx|材料1|119,0,99316.153,103976.576523,100289.947113,105338.20369
附件一（训练集）.xlsx|材料1|1190,3,70785.82317,89207.3809814,76385.3695223,67942.131143
附件一（训练集）.xlsx|材料1|1191,3,94434.53346,92780.7143486,106960.095135,97453.3814728
附件一（训练集）.xlsx|材料1|1192,3,120244.6019,120999.006141,128711.893809,120987.466566
附件一（训练集）.xlsx|材料1|1193,3,156230.5105,201796.911468,173508.408435,153767.415435
附件一（训练集）.xlsx|材料1|1194,3,206771.5998,231289.960756,237736.584915,222631.47895
附件一（训练集）.xlsx|材料1|1195,2,349784.8148,357217.643518,407047.12149,426218.985848
附件一（训练集）.xlsx|材料1|1196,2,457801.7445,452818.951241,526423.993401,509045.592389
附件一（训练集）.xlsx|材料1|1197,1,778993.6378,763004.357984,744823.984725,749301.618382
附件一（训练集）.xlsx|材料1|1198,1,1017906.078,931918.91022,884365.463063,905220.634814
附件一（训练集）.xlsx|材料1|1199,3,5385.119702,5327.42619755,5152.78465005,5415.03561527
附件一（训练集）.xlsx|材料1|12,3,352985.6272,363263.30097,374072.036192,348044.951905
附件一（训练集）.xlsx|材料1|120,1,281919.8367,288927.373985,289936.244725,292043.804192
附件一（训练集）.xlsx|材料1|1200,2,6701.86956,6125.41682822,6791.6070198,6632.87350336
附件一（训练集）.xlsx|材料1|1201,2,8647.374921,7713.26316406,8308.52377753,8612.50155094
附件一（训练集）.xlsx|材料1|1202,2,11245.26047,9416.17508266,10525.4988622,10430.9712493
附件一（训练集）.xlsx|材料1|1203,2,14643.25542,11667.5324141,14196.4016527,13907.4748064
附件一（训练集）.xlsx|材料1|1204,2,24490.69373,20649.4336888,24064.3496243,24416.408529
附件一（训练集）.xlsx|材料1|1205,2,31358.21746,31801.0717154,29768.0074541,30771.353044
附件一（训练集）.xlsx|材料1|1206,2,40739.82173,35754.1112387,38175.9017252,40272.2766304
附件一（训练集）.xlsx|材料1|1207,2,52971.41544,50479.1069093,48644.7189694,50661.1751402
附件一（训练集）.xlsx|材料1|1208,2,67690.99198,64980.6006262,61174.4040385,59338.0960754
附件一（训练集）.xlsx|材料1|1209,1,115482.3455,109828.97824,109104.031686,112256.755007
附件一（训练集）.xlsx|材料1|121,3,371891.5855,353302.034903,354853.719098,361744.165492
附件一（训练集）.xlsx|材料1|1210,3,148187.0021,165753.254166,156683.073856,151961.288684
附件一（训练集）.xlsx|材料1|1211,3,193713.7486,210024.770762,191736.798447,182005.037531
附件一（训练集）.xlsx|材料1|1212,2,250268.7669,252313.012652,245095.232846,251346.41645
附件一（训练集）.xlsx|材料1|1213,2,427617.4581,431194.129033,421745.658073,423463.487834
附件一（训练集）.xlsx|材料1|1214,2,559054.7473,580845.383647,529278.047798,516083.976502
附件一（训练集）.xlsx|材料1|1215,1,726569.9821,658458.396669,668271.328708,663242.934862
附件一（训练集）.xlsx|材料1|1216,1,949514.6279,887035.942915,778897.864811,733954.136237
附件一（训练集）.xlsx|材料1|1217,3,6957.920732,6990.01373731,6759.17728558,6668.08412276
附件一（训练集）.xlsx|材料1|1218,3,8808.786164,9083.37216144,8188.55272139,8358.50597099
附件一（训练集）.xlsx|材料1|1219,3,11483.23475,11238.6475699,10238.8736581,10158.8011113
附件一（训练集）.xlsx|材料1|122,3,486551.2281,536010.077433,514915.295073,514466.344375
附件一（训练集）.xlsx|材料1|1220,3,24949.1459,27146.7990312,22208.6771765,22572.3690213
附件一（训练集）.xlsx|材料1|1221,3,31478.24411,30684.2060629,28897.0364103,28748.1029924
附件一（训练集）.xlsx|材料1|1222,2,41091.95488,42056.1976585,39473.7594866,38477.5780953
附件一（训练集）.xlsx|材料1|1223,2,53193.74075,45195.2612444,50031.0084679,52415.0660117
附件一（训练集）.xlsx|材料1|1224,0,67880.20188,55846.8715423,66138.9868642,66320.5871055
附件一（训练集）.xlsx|材料1|1225,0,89039.52533,88212.2013409,101309.203637,96351.3611925
附件一（训练集）.xlsx|材料1|1226,3,113820.4748,129193.64118,122962.46713,113225.540771
附件一（训练集）.xlsx|材料1|1227,1,191506.8692,195548.450199,211965.411168,209154.442806
附件一（训练集）.xlsx|材料1|1228,0,318524.1857,278019.735932,307826.979808,306900.197299
附件一（训练集）.xlsx|材料1|1229,0,416754.3963,408892.413113,413396.697651,399129.526065
附件一（训练集）.xlsx|材料1|123,1,642255.3272,707021.639636,648878.65171,683314.463209
附件一（训练集）.xlsx|材料1|1230,1,922254.6302,795084.111717,819636.932368,752864.601572
附件一（训练集）.xlsx|材料1|1231,3,7131.340313,6459.10950448,7162.32114321,6920.7980748
附件一（训练集）.xlsx|材料1|1232,3,9116.476111,8635.31162319,8928.36345004,8484.34883211
附件一（训练集）.xlsx|材料1|1233,3,11764.41442,10109.6987901,11403.6248953,11138.2131868
附件一（训练集）.xlsx|材料1|1234,3,15132.66005,14713.2406212,14655.6532126,14548.5000428
附件一（训练集）.xlsx|材料1|1235,1,19578.40683,19827.6972483,21361.2647175,22156.1529948
附件一（训练集）.xlsx|材料1|1236,3,32105.32575,31337.0711495,31653.0073032,30557.5206508
附件一（训练集）.xlsx|材料1|1237,2,40917.79776,42656.527589,46619.1428687,46602.2533699
附件一（训练集）.xlsx|材料1|1238,2,67650.58058,60146.6392504,64296.3714288,66168.0455708
附件一（训练集）.xlsx|材料1|1239,0,88626.6167,83468.947153,80228.403024,81964.1306263
附件一（训练集）.xlsx|材料1|124,1,808495.9048,841397.872379,803450.87289,850064.580402
附件一（训练集）.xlsx|材料1|1240,0,112581.5935,96108.0849247,106261.705755,108862.674271
附件一（训练集）.xlsx|材料1|1241,3,146015.977,151674.442115,151523.464784,140881.728402
附件一（训练集）.xlsx|材料1|1242,3,186883.1826,217465.988959,187988.387637,191404.047401
附件一（训练集）.xlsx|材料1|1243,1,238615.2562,224289.272206,255169.172753,243151.787289
附件一（训练集）.xlsx|材料1|1244,1,310849.4628,316141.978174,290498.387883,288945.321738
附件一（训练集）.xlsx|材料1|1245,0,406710.7636,404737.031949,399355.064401,414171.772426
附件一（训练集）.xlsx|材料1|1246,0,528596.2207,569759.308687,448276.076987,459746.435056
附件一（训练集）.xlsx|材料1|1247,4,894881.522,777687.930687,748692.88427,686001.180575
附件一（训练集）.xlsx|材料1|1248,0,11797.23176,12011.4983856,11114.0562683,12592.1138859
附件一（训练集）.xlsx|材料1|1249,1,15246.84977,15438.984964,15580.8551557,15601.7311987
附件一（训练集）.xlsx|材料1|125,3,1026883.575,998203.954992,1003247.71431,1059591.87231
附件一（训练集）.xlsx|材料1|1250,1,19653.60795,19058.3756977,18286.8802324,19062.7808505
附件一（训练集）.xlsx|材料1|1251,1,25351.60694,28477.8725967,25844.748597,27926.077152
附件一（训练集）.xlsx|材料1|1252,1,32051.45453,32444.9509447,31164.4861154,33752.9693845
附件一（训练集）.xlsx|材料1|1253,1,41017.71535,43742.5584827,42124.0305503,42761.2794019
附件一（训练集）.xlsx|材料1|1254,1,51862.1504,45410.1248167,50273.8702665,47757.9424636
附件一（训练集）.xlsx|材料1|1255,4,86357.0592,84479.7135291,84558.985674,83510.6041537
附件一（训练集）.xlsx|材料1|1256,4,110223.7877,113278.669264,125302.406433,131632.043197
附件一（训练集）.xlsx|材料1|1257,4,142256.6896,119468.141811,126385.110507,122131.583743
附件一（训练集）.xlsx|材料1|1258,3,185012.5713,171375.805101,200167.463942,190455.077736
附件一（训练集）.xlsx|材料1|1259,3,231347.2223,218946.277086,247119.461109,233602.281304
附件一（训练集）.xlsx|材料1|126,2,1114.703914,1280.57834936,1304.09243297,1373.17383917
附件一（训练集）.xlsx|材料1|1260,4,300655.2357,328191.624084,293702.912624,296438.562248
附件一（训练集）.xlsx|材料1|1261,4,390932.5662,406513.100933,440238.270346,434244.743192
附件一（训练集）.xlsx|材料1|1262,0,507061.6237,534674.530468,477112.594597,485714.491587
附件一（训练集）.xlsx|材料1|1263,0,656005.4367,679490.517637,633367.214919,624897.09025
附件一（训练集）.xlsx|材料1|1264,3,853420.7731,785978.962529,826357.146926,712379.375268
附件一（训练集）.xlsx|材料1|1265,0,11979.42965,11980.8975523,10980.2785755,12176.5316918
附件一（训练集）.xlsx|材料1|1266,0,15422.80272,15585.6448424,14898.4705935,17133.4355769
附件一（训练集）.xlsx|材料1|1267,1,19791.73715,18788.9729878,22243.3765761,19006.2053588
附件一（训练集）.xlsx|材料1|1268,1,25299.31928,24448.1155319,26469.8462782,25203.4661429
附件一（训练集）.xlsx|材料1|1269,1,31850.47355,32436.2546531,31626.5702224,31321.0710328
附件一（训练集）.xlsx|材料1|127,2,1964.803519,1916.46730235,2050.3954108,2146.02368769
附件一（训练集）.xlsx|材料1|1270,1,40620.83611,39659.5622218,38330.8531881,36890.2900267
附件一（训练集）.xlsx|材料1|1271,1,51709.13352,53103.2722151,46968.2802384,47940.4841082
附件一（训练集）.xlsx|材料1|1272,1,65261.65609,63313.8146392,63426.6831749,63248.3799448
附件一（训练集）.xlsx|材料1|1273,4,84492.53484,84360.99838,80097.9083669,82748.6032532
附件一（训练集）.xlsx|材料1|1274,4,107426.4295,100490.9414,100194.439472,106907.471686
附件一（训练集）.xlsx|材料1|1275,4,137756.4553,138396.861652,137605.953345,145846.795773
附件一（训练集）.xlsx|材料1|1276,4,178332.4496,160501.397951,178291.225415,180114.040013
附件一（训练集）.xlsx|材料1|1277,3,226139.984,219259.746143,227465.143205,202000.547309
附件一（训练集）.xlsx|材料1|1278,3,287804.4944,290820.912321,289269.966926,279979.195369
附件一（训练集）.xlsx|材料1|1279,4,374001.5855,348339.413649,323838.610462,333168.699598
附件一（训练集）.xlsx|材料1|128,2,3628.229323,3253.0156102,3411.43009986,3959.40664839
附件一（训练集）.xlsx|材料1|1280,4,482916.0795,478506.031937,485028.31513,486213.409802
附件一（训练集）.xlsx|材料1|1281,0,622421.6696,622972.820557,561249.591268,557542.11771
附件一（训练集）.xlsx|材料1|1282,0,808512.7607,763192.66332,749004.532427,757020.771719
附件一（训练集）.xlsx|材料1|1283,1,20823.73168,20094.3985797,20287.9478803,21777.817518
附件一（训练集）.xlsx|材料1|1284,1,26430.84279,24945.633454,24386.0561718,24125.1258807
附件一（训练集）.xlsx|材料1|1285,1,33106.50351,32980.4748048,32674.1638945,32397.1595354
附件一（训练集）.xlsx|材料1|1286,1,42765.9572,40018.4824291,44529.2004524,43636.6565111
附件一（训练集）.xlsx|材料1|1287,1,54157.24339,57029.3286661,54807.9802731,56322.6150073
附件一（训练集）.xlsx|材料1|1288,1,67913.24024,66145.5121328,61789.8485298,61044.4962513
附件一（训练集）.xlsx|材料1|1289,4,87832.67968,87663.470272,88430.367185,87378.5127292
附件一（训练集）.xlsx|材料1|129,0,4949.221631,4209.45323638,5056.98329643,4966.7282116
附件一（训练集）.xlsx|材料1|1290,4,111566.6792,101984.420441,103384.859416,103292.362021
附件一（训练集）.xlsx|材料1|1291,4,183078.6761,161593.212688,180595.065895,187158.993266
附件一（训练集）.xlsx|材料1|1292,3,232622.2601,237973.304738,235567.768118,238060.703767
附件一（训练集）.xlsx|材料1|1293,3,297754.7291,274995.727581,295169.905623,298225.735308
附件一（训练集）.xlsx|材料1|1294,4,382391.3582,351874.257075,384597.777288,354289.244457
附件一（训练集）.xlsx|材料1|1295,4,492775.9921,411334.49758,440588.964459,424704.633249
附件一（训练集）.xlsx|材料1|1296,0,633806.2778,642811.097662,646902.799458,661165.089018
附件一（训练集）.xlsx|材料1|1297,2,20175.60805,14140.297205,16811.2842083,16658.5806244
附件一（训练集）.xlsx|材料1|1298,2,25735.80589,22554.4853897,25246.3604181,25517.9541987
附件一（训练集）.xlsx|材料1|1299,2,31984.25798,26795.0224206,30192.5213379,30535.2011049
附件一（训练集）.xlsx|材料1|13,4,441717.9624,422574.24654,437880.829076,420484.05428
附件一（训练集）.xlsx|材料1|130,0,6603.373697,6202.31269381,6549.72549599,6755.61577776
附件一（训练集）.xlsx|材料1|1300,2,40756.62715,41085.7573359,43886.4556353,41072.7556965
附件一（训练集）.xlsx|材料1|1301,0,51314.63064,47665.5082892,50683.0009622,46439.8135317
附件一（训练集）.xlsx|材料1|1302,0,65316.5271,59005.527727,60614.4104969,60571.8386221
附件一（训练集）.xlsx|材料1|1303,3,85181.4251,83998.0212765,84430.7938788,81616.657785
附件一（训练集）.xlsx|材料1|1304,3,107135.0688,106389.806174,104368.702005,100919.963008
附件一（训练集）.xlsx|材料1|1305,0,136699.7343,133203.691645,136942.178804,145436.509439
附件一（训练集）.xlsx|材料1|1306,0,175226.174,160377.377184,159501.859025,170399.577326
附件一（训练集）.xlsx|材料1|1307,1,220469.0579,239804.760549,254660.688757,230925.90824
附件一（训练集）.xlsx|材料1|1308,1,282815.6327,269622.684728,319360.541123,297486.136737
附件一（训练集）.xlsx|材料1|1309,4,361585.1559,346542.874851,358898.091426,341799.021234
附件一（训练集）.xlsx|材料1|131,0,9111.892514,8914.80021612,8306.98595558,8231.01864709
附件一（训练集）.xlsx|材料1|1310,4,462955.5988,427579.31389,453723.023134,455533.625153
附件一（训练集）.xlsx|材料1|1311,4,762006.7051,624308.894949,625399.697,618087.338414
附件一（训练集）.xlsx|材料1|1312,4,15191.42341,15935.7603322,12445.4918528,12464.9684047
附件一（训练集）.xlsx|材料1|1313,1,20265.75617,21502.6932213,19705.9630612,19139.8239764
附件一（训练集）.xlsx|材料1|1314,1,27863.55581,31320.7167967,28947.5601944,26436.5644663
附件一（训练集）.xlsx|材料1|1315,0,60186.66077,57350.9620364,58916.6962639,58321.6814878
附件一（训练集）.xlsx|材料1|1316,0,104361.2985,109171.232478,100091.624796,98713.0945144
附件一（训练集）.xlsx|材料1|1317,0,138577.1111,145263.116028,128499.547929,125733.071043
附件一（训练集）.xlsx|材料1|1318,2,182400.2888,211835.351587,186254.955914,181766.997556
附件一（训练集）.xlsx|材料1|1319,2,234166.756,249089.640654,220338.545408,228693.64118
附件一（训练集）.xlsx|材料1|132,3,21305.04772,21164.0252685,21903.121752,22719.3588543
附件一（训练集）.xlsx|材料1|1320,2,307399.1091,330702.842312,288773.429386,297451.228219
附件一（训练集）.xlsx|材料1|1321,2,399958.8578,459148.602214,388715.290989,378502.42149
附件一（训练集）.xlsx|材料1|1322,2,516526.3052,547188.543944,476559.755191,474172.251859
附件一（训练集）.xlsx|材料1|1323,2,11757.52839,10899.0772799,10239.6973718,9550.81386564
附件一（训练集）.xlsx|材料1|1324,3,15756.9192,14808.250845,17234.4089491,18263.0777553
附件一（训练集）.xlsx|材料1|1325,3,21192.92817,21668.8170578,22490.5501137,23174.5592285
附件一（训练集）.xlsx|材料1|1326,1,28363.3543,30453.5097381,29860.0343142,28661.828307
附件一（训练集）.xlsx|材料1|1327,1,36201.93771,38149.0323749,36626.3976759,34177.4045921
附件一（训练集）.xlsx|材料1|1328,0,47042.41627,49296.0904588,52658.3559825,48477.4390688
附件一（训练集）.xlsx|材料1|1329,0,62195.87017,66711.2804692,68929.9592399,67345.7190631
附件一（训练集）.xlsx|材料1|133,2,28708.38837,28831.7413677,27807.3636407,27793.6640383
附件一（训练集）.xlsx|材料1|1330,3,82415.34885,79967.9583461,82148.7343472,76727.8219483
附件一（训练集）.xlsx|材料1|1331,3,108854.8593,109897.796794,108365.196515,101513.421259
附件一（训练集）.xlsx|材料1|1332,1,143589.4744,153171.665004,157222.174017,151765.617748
附件一（训练集）.xlsx|材料1|1333,1,183563.7669,183814.856996,198001.75623,187794.318215
附件一（训练集）.xlsx|材料1|1334,4,240938.2972,241858.095526,236414.689836,229698.126322
附件一（训练集）.xlsx|材料1|1335,4,316780.7102,317193.308142,323517.915022,310972.090013
附件一（训练集）.xlsx|材料1|1336,2,408291.5973,499470.203623,399583.410308,408120.23891
附件一（训练集）.xlsx|材料1|1337,2,535420.6482,517112.283263,546225.066473,569575.107945
附件一（训练集）.xlsx|材料1|1338,3,696924.3541,712415.385295,665825.373653,659003.246585
附件一（训练集）.xlsx|材料1|1339,1,10118.78421,10352.2014494,11291.0962178,10584.0573279
附件一（训练集）.xlsx|材料1|134,2,36731.5784,40877.6196395,37384.3044152,38964.6167527
附件一（训练集）.xlsx|材料1|1340,2,13582.25892,14448.9403931,12883.8297122,12694.7408492
附件一（训练集）.xlsx|材料1|1341,4,24610.27416,27179.9927851,26081.9852178,26052.792734
附件一（训练集）.xlsx|材料1|1342,1,31707.8056,31257.6146527,29582.6050014,27938.0878308
附件一（训练集）.xlsx|材料1|1343,1,41217.53777,45156.4738093,42665.8166361,36536.3628274
附件一（训练集）.xlsx|材料1|1344,0,54633.15761,57570.00054,57977.0394205,56528.0831259
附件一（训练集）.xlsx|材料1|1345,3,96096.13124,96780.147534,95600.0953991,86712.8549402
附件一（训练集）.xlsx|材料1|1346,3,127269.7524,136662.366058,119784.286867,113839.614628
附件一（训练集）.xlsx|材料1|1347,3,163617.4116,173372.144134,181169.130271,170179.567781
附件一（训练集）.xlsx|材料1|1348,1,215056.7581,218516.919689,219091.679589,219208.669387
附件一（训练集）.xlsx|材料1|1349,2,363848.8841,376001.49308,336679.993806,323752.702631
附件一（训练集）.xlsx|材料1|135,1,49122.63239,46482.8515224,54823.9193689,47232.5206183
附件一（训练集）.xlsx|材料1|1350,2,813158.4767,792367.406046,797705.903483,781843.070937
附件一（训练集）.xlsx|材料1|1351,3,8772.376872,9852.4673413,7733.58470472,7581.51387208
附件一（训练集）.xlsx|材料1|1352,1,11782.02911,12599.2047293,13575.9573401,12723.678069
附件一（训练集）.xlsx|材料1|1353,1,16286.27466,17305.9455804,16222.3990944,17788.1757001
附件一（训练集）.xlsx|材料1|1354,4,21906.14285,22391.4105624,20993.8398458,21591.3657748
附件一（训练集）.xlsx|材料1|1355,4,27636.9186,30148.4353069,28061.7566326,27694.5683146
附件一（训练集）.xlsx|材料1|1356,2,64281.12555,68933.2007187,66143.7493044,68262.7240782
附件一（训练集）.xlsx|材料1|1357,2,85521.19308,99568.5579562,88749.1896123,91977.0607314
附件一（训练集）.xlsx|材料1|1358,3,112450.8247,114103.299166,115222.55524,106544.884147
附件一（训练集）.xlsx|材料1|1359,3,191022.8157,191252.988956,192380.893911,196933.963994
附件一（训练集）.xlsx|材料1|136,1,64903.79723,62035.129178,59932.9235418,59399.0025135
附件一（训练集）.xlsx|材料1|1360,3,250757.2812,256259.190117,254233.327941,257612.531969
附件一（训练集）.xlsx|材料1|1361,2,324463.449,314747.935684,335103.16815,344895.05802
附件一（训练集）.xlsx|材料1|1362,2,430278.0275,420901.186146,444022.976512,416533.433692
附件一（训练集）.xlsx|材料1|1363,0,559790.7124,565037.376616,537689.879583,554063.614034
附件一（训练集）.xlsx|材料1|1364,0,729330.2761,735076.737396,697536.26208,700945.203189
附件一（训练集）.xlsx|材料1|1365,2,954619.323,894009.018642,896813.384611,925447.120804
附件一（训练集）.xlsx|材料1|1366,3,7316.289881,7783.31967,7196.89498406,7529.55542009
附件一（训练集）.xlsx|材料1|1367,3,9882.490085,10333.3143774,10112.3411961,9724.1349134
附件一（训练集）.xlsx|材料1|1368,1,13983.80105,14371.7104854,15944.2358032,14102.5104896
附件一（训练集）.xlsx|材料1|1369,1,18666.30499,19710.1175996,19767.5466307,19933.6992564
附件一（训练集）.xlsx|材料1|137,1,114103.3322,122439.708996,121804.211113,115783.990065
附件一（训练集）.xlsx|材料1|1370,4,31183.97667,34241.6398387,30773.405677,31591.3891602
附件一（训练集）.xlsx|材料1|1371,4,41613.78546,41770.7351844,43091.3578575,43327.9755106
附件一（训练集）.xlsx|材料1|1372,4,56241.75009,56734.9669987,59764.9948334,57394.4595259
附件一（训练集）.xlsx|材料1|1373,2,75101.69765,86213.7001925,83324.9336916,83869.2755795
附件一（训练集）.xlsx|材料1|1374,2,99839.97516,119225.391327,107093.610726,110209.50692
附件一（训练集）.xlsx|材料1|1375,3,128623.6056,139339.680444,124778.297558,121690.617599
附件一（训练集）.xlsx|材料1|1376,3,169092.4384,182403.520177,174479.299649,174838.985496
附件一（训练集）.xlsx|材料1|1377,3,223473.8888,230677.700708,218779.048797,224583.88844
附件一（训练集）.xlsx|材料1|1378,3,287916.8537,301043.377475,294118.443627,288628.659224
附件一（训练集）.xlsx|材料1|1379,2,501697.5029,501004.160665,517832.774469,507574.357812
附件一（训练集）.xlsx|材料1|138,1,194634.2954,188255.658266,186086.138986,184231.687473
附件一（训练集）.xlsx|材料1|1380,0,656709.3948,654534.769259,625494.169485,645273.452578
附件一（训练集）.xlsx|材料1|1381,2,6681.516782,7281.07131671,5646.59457916,6153.71062167
附件一（训练集）.xlsx|材料1|1382,3,8979.696481,9304.84474357,9219.23171784,9552.21232117
附件一（训练集）.xlsx|材料1|1383,3,12635.3852,15159.9629565,12473.0385437,12732.8092904
附件一（训练集）.xlsx|材料1|1384,4,9516.315257,8840.8915894,10119.3909273,10177.1454327
附件一（训练集）.xlsx|材料1|1385,0,22278.13433,22718.3993205,23026.8393109,23860.1943199
附件一（训练集）.xlsx|材料1|1386,4,70114.93951,66708.1533007,75092.83509,70056.2936358
附件一（训练集）.xlsx|材料1|1387,1,167677.2239,154195.378981,183711.426374,201321.10252
附件一（训练集）.xlsx|材料1|1388,1,222761.2851,166118.385985,215155.707289,222703.702036
附件一（训练集）.xlsx|材料1|1389,4,296344.7597,245993.778659,289623.493675,284543.399741
附件一（训练集）.xlsx|材料1|139,3,329555.1343,369461.289173,356393.100161,354930.07381
附件一（训练集）.xlsx|材料1|1390,4,518131.1192,505684.376282,536425.798883,510672.837106
附件一（训练集）.xlsx|材料1|1391,0,2580.532563,2946.27835345,2780.62115849,2828.26458304
附件一（训练集）.xlsx|材料1|1392,0,3401.706415,3631.93678955,3413.78670301,3810.22989758
附件一（训练集）.xlsx|材料1|1393,2,7910.743154,8282.76563727,8186.15252644,7980.92183588
附件一（训练集）.xlsx|材料1|1394,2,10472.36675,10973.2830267,10590.6613967,10526.0859227
附件一（训练集）.xlsx|材料1|1395,1,14170.43986,14101.3350846,12418.7463601,13231.3963596
附件一（训练集）.xlsx|材料1|1396,0,33113.75162,35147.3323956,33748.9449738,32566.5383785
附件一（训练集）.xlsx|材料1|1397,1,43224.38235,41417.5326454,42148.9927343,41503.6970657
附件一（训练集）.xlsx|材料1|1398,0,76722.17917,75425.0514151,75093.561446,78622.1104663
附件一（训练集）.xlsx|材料1|1399,0,101065.1484,90029.2516767,102894.189343,102869.691866
附件一（训练集）.xlsx|材料1|14,1,1759.006565,2122.63284525,1831.56274504,1974.72934268
附件一（训练集）.xlsx|材料1|140,0,432205.1043,415535.921768,393121.644397,431014.057455
附件一（训练集）.xlsx|材料1|1400,4,240633.0513,231097.335264,243014.856225,234393.623175
附件一（训练集）.xlsx|材料1|1401,4,323483.1756,266839.24901,290318.085448,283471.44578
附件一（训练集）.xlsx|材料1|1402,2,422517.9095,390573.62183,399276.365997,401675.46382
附件一（训练集）.xlsx|材料1|1403,2,563605.2942,547757.840267,542916.910383,563293.457195
附件一（训练集）.xlsx|材料1|1404,1,73213.00475,55260.8018601,75660.5788264,70051.0513323
附件一（训练集）.xlsx|材料1|1405,2,295410.3812,225580.820155,263123.640584,235925.994268
附件一（训练集）.xlsx|材料1|1406,4,694108.3896,609129.841633,687714.696846,660721.84106
附件一（训练集）.xlsx|材料1|1407,4,915842.334,847891.898284,901845.664179,915915.673654
附件一（训练集）.xlsx|材料1|1408,0,2213.649822,2242.87572878,2443.64722511,2429.69057016
附件一（训练集）.xlsx|材料1|1409,0,2889.326587,3136.72981823,2788.47114327,2964.25005425
附件一（训练集）.xlsx|材料1|141,0,579176.7738,640617.286741,627283.87852,628527.21394
附件一（训练集）.xlsx|材料1|1410,4,8213.393135,8053.47772336,7838.67297193,8352.59616304
附件一（训练集）.xlsx|材料1|1411,4,10878.81082,10368.5377445,11226.1553847,11505.5805337
附件一（训练集）.xlsx|材料1|1412,1,14300.77801,14077.470932,14391.1081023,15183.4911773
附件一（训练集）.xlsx|材料1|1413,0,18663.8668,20208.170806,19553.1076197,19644.2810778
附件一（训练集）.xlsx|材料1|1414,2,31608.18827,31757.2213264,32484.2771721,33273.5087229
附件一（训练集）.xlsx|材料1|1415,2,41487.09042,42827.8544423,43161.0540815,41799.2586711
附件一（训练集）.xlsx|材料1|1416,2,53830.04687,48809.8003992,55266.2188947,54751.4260027
附件一（训练集）.xlsx|材料1|1417,2,120281.503,108060.439963,111479.718259,110184.966557
附件一（训练集）.xlsx|材料1|1418,2,159097.5765,150722.29099,155785.039009,152412.026426
附件一（训练集）.xlsx|材料1|1419,2,210718.8163,194519.674152,212011.043682,214742.334817
附件一（训练集）.xlsx|材料1|142,4,737413.5818,657628.315152,651543.66159,616438.722114
附件一（训练集）.xlsx|材料1|1420,2,274881.8635,247756.058795,278702.041097,274258.485454
附件一（训练集）.xlsx|材料1|1421,2,482113.3297,475579.04309,537321.733354,535110.986051
附件一（训练集）.xlsx|材料1|1422,4,638557.241,612596.957596,646218.950341,585230.802378
附件一（训练集）.xlsx|材料1|1423,4,1103821.537,1070969.15827,1091256.75136,1134750.54549
附件一（训练集）.xlsx|材料1|1424,2,2284.67955,2240.57739526,2380.67367268,2397.38537718
附件一（训练集）.xlsx|材料1|1425,2,2952.023645,2749.82323121,2989.69188989,2856.49126168
附件一（训练集）.xlsx|材料1|1426,4,3947.76671,4386.27079709,4249.42925647,4198.64732431
附件一（训练集）.xlsx|材料1|1427,4,5113.612355,5715.97002377,5196.91992372,5398.84075825
附件一（训练集）.xlsx|材料1|1428,2,6403.582468,6387.52408584,5508.02701788,5349.48293127
附件一（训练集）.xlsx|材料1|1429,2,8260.233491,9098.37978951,8054.81155155,7613.39940338
附件一（训练集）.xlsx|材料1|143,4,1223675.078,1117871.24264,1232123.41562,1141435.49741
附件一（训练集）.xlsx|材料1|1430,1,10799.47252,10791.8869377,8655.822052,8843.47908543
附件一（训练集）.xlsx|材料1|1431,1,18357.80903,20655.7610214,19113.5448098,17916.4636526
附件一（训练集）.xlsx|材料1|1432,1,23862.97993,23964.1587066,25539.0892495,25255.2383116
附件一（训练集）.xlsx|材料1|1433,2,30258.89324,31554.7827978,30703.9973346,30501.507326
附件一（训练集）.xlsx|材料1|1434,3,51521.3483,49706.2814608,50091.1245532,49930.1497
附件一（训练集）.xlsx|材料1|1435,3,66588.93385,57853.1548475,58716.0095323,61528.5166045
附件一（训练集）.xlsx|材料1|1436,2,86444.14327,85525.8659801,85750.3474895,85809.9368081
附件一（训练集）.xlsx|材料1|1437,2,112306.4409,122489.059755,118495.334331,119412.343225
附件一（训练集）.xlsx|材料1|1438,4,146730.6163,168544.986914,146616.262233,162194.296943
附件一（训练集）.xlsx|材料1|1439,3,251506.6181,217540.492206,216025.371333,233048.851262
附件一（训练集）.xlsx|材料1|144,2,1472.545902,1375.30253707,1503.45336292,1542.4555301
附件一（训练集）.xlsx|材料1|1440,1,440298.7405,456970.349641,467031.29346,505903.298461
附件一（训练集）.xlsx|材料1|1441,1,582475.1561,504431.428556,591807.226231,587697.13218
附件一（训练集）.xlsx|材料1|1442,0,766288.0935,716974.453436,738187.968305,736279.56399
附件一（训练集）.xlsx|材料1|1443,0,1006393.041,885090.879625,898429.797064,868164.596372
附件一（训练集）.xlsx|材料1|1444,4,2336.789405,2389.20093345,2500.41544642,2546.27292885
附件一（训练集）.xlsx|材料1|1445,0,3015.177693,3131.70275491,2767.97277774,2857.67322621
附件一（训练集）.xlsx|材料1|1446,1,4040.968549,4252.31916791,4052.41253017,3981.34140008
附件一（训练集）.xlsx|材料1|1447,1,5200.054082,4774.9740979,4621.26680137,4934.97449547
附件一（训练集）.xlsx|材料1|1448,3,6493.928229,7796.66930111,5931.81562493,6546.06723608
附件一（训练集）.xlsx|材料1|1449,3,8333.920115,9508.81331985,7135.93881321,7746.06763698
附件一（训练集）.xlsx|材料1|145,2,2256.015194,1763.26764786,1925.87785897,1907.30002042
附件一（训练集）.xlsx|材料1|1450,3,10895.90781,13015.4411731,10073.8912258,10263.8524649
附件一（训练集）.xlsx|材料1|1451,2,14231.14734,14888.1533142,12953.9249695,12765.2566643
附件一（训练集）.xlsx|材料1|1452,3,18641.17256,19900.3839869,17351.325045,17567.0856417
附件一（训练集）.xlsx|材料1|1453,3,23793.35841,24072.9359242,22441.694337,23427.116031
附件一（训练集）.xlsx|材料1|1454,3,30363.30039,34594.0384259,28251.1060118,31772.9488692
附件一（训练集）.xlsx|材料1|1455,0,40052.43482,40198.0099766,36356.0476971,36280.1006305
附件一（训练集）.xlsx|材料1|1456,0,51447.2233,55051.5904907,47374.9787431,47226.6881095
附件一（训练集）.xlsx|材料1|1457,4,87134.19316,103078.504053,92006.7016515,100144.544573
附件一（训练集）.xlsx|材料1|1458,4,111176.7538,112465.448798,110835.175549,101505.081782
附件一（训练集）.xlsx|材料1|1459,4,145469.3109,152754.537459,153059.031875,153892.16024
附件一（训练集）.xlsx|材料1|146,2,3084.707485,3136.56598328,3111.92269619,3147.79303787
附件一（训练集）.xlsx|材料1|1460,2,191931.6736,194631.406381,210200.70727,218551.042767
附件一（训练集）.xlsx|材料1|1461,2,247291.4544,244288.716236,257359.701927,253858.811271
附件一（训练集）.xlsx|材料1|1462,3,325325.1454,337173.204061,308853.104468,299255.896193
附件一（训练集）.xlsx|材料1|1463,4,568804.2949,519935.478322,520698.36994,565424.46145
附件一（训练集）.xlsx|材料1|1464,4,743696.7334,790049.310894,756407.507199,764338.610568
附件一（训练集）.xlsx|材料1|1465,3,980580.8869,952692.956182,897671.143846,912011.901778
附件一（训练集）.xlsx|材料1|1466,4,2334.197958,2596.66649057,2768.39267462,2943.93204953
附件一（训练集）.xlsx|材料1|1467,4,2996.517998,2909.63139543,3145.02424069,3073.58974898
附件一（训练集）.xlsx|材料1|1468,0,4030.433254,4036.40921415,3982.70863254,3732.36953991
附件一（训练集）.xlsx|材料1|1469,0,5122.099321,5528.0733925,5002.40796696,5016.18706664
附件一（训练集）.xlsx|材料1|147,2,4200.974078,4016.33349118,4395.07546674,4209.59511079
附件一（训练集）.xlsx|材料1|1470,1,6376.520543,6263.42696844,6216.74703082,6522.5347705
附件一（训练集）.xlsx|材料1|1471,1,8206.778719,8782.76571859,8137.48959054,8234.64238556
附件一（训练集）.xlsx|材料1|1472,3,10614.11261,10319.7664117,10274.1933238,11121.3593908
附件一（训练集）.xlsx|材料1|1473,3,13825.0254,14303.7037125,12531.3733607,12439.1061924
附件一（训练集）.xlsx|材料1|1474,2,23163.76514,22371.7524239,21446.7759802,22045.5617938
附件一（训练集）.xlsx|材料1|1475,3,29105.78267,29731.6373486,28230.6312479,29320.5687593
附件一（训练集）.xlsx|材料1|1476,3,37592.402,37423.6825699,33230.2137591,39196.7303251
附件一（训练集）.xlsx|材料1|1477,0,48951.26666,50892.2006573,46860.425224,46172.8215312
附件一（训练集）.xlsx|材料1|1478,0,62672.29244,64689.3693788,57565.5795636,58290.1481975
附件一（训练集）.xlsx|材料1|1479,4,82234.76286,79911.8073076,80489.0773052,78475.1255566
附件一（训练集）.xlsx|材料1|148,0,5525.178254,5389.32967769,4872.0516472,4884.57243891
附件一（训练集）.xlsx|材料1|1480,4,106453.6487,109637.442959,103377.531379,104778.420032
附件一（训练集）.xlsx|材料1|1481,4,136690.5966,143509.114569,134172.547048,138362.366387
附件一（训练集）.xlsx|材料1|1482,4,179294.5044,180823.507407,180296.331302,188392.742865
附件一（训练集）.xlsx|材料1|1483,2,230345.0887,234555.67378,227864.629971,239750.126891
附件一（训练集）.xlsx|材料1|1484,2,303443.187,264425.343195,287666.511125,287227.900802
附件一（训练集）.xlsx|材料1|1485,3,398881.2407,351449.727421,376811.52042,383888.334575
附件一（训练集）.xlsx|材料1|1486,3,522433.7839,462444.418653,540681.724995,554450.54506
附件一（训练集）.xlsx|材料1|1487,4,684784.4513,642889.630401,642454.731312,686367.70631
附件一（训练集）.xlsx|材料1|1488,0,5376.10783,5452.006708,5696.51462475,5164.57726984
附件一（训练集）.xlsx|材料1|1489,0,6609.858898,6839.43448421,6971.54540496,6722.37578174
附件一（训练集）.xlsx|材料1|149,0,13775.45003,14685.4784833,14408.6931134,14168.4483809
附件一（训练集）.xlsx|材料1|1490,1,8440.515031,8447.11149495,7747.40235727,8403.54575187
附件一（训练集）.xlsx|材料1|1491,1,10949.07363,10274.0624668,10401.0853084,10475.0320592
附件一（训练集）.xlsx|材料1|1492,3,18290.84345,21316.0384444,17604.2583692,18864.8519854
附件一（训练集）.xlsx|材料1|1493,2,29393.82202,24849.5648717,30093.6334365,30379.6732353
附件一（训练集）.xlsx|材料1|1494,3,49183.594,55490.1929233,44517.5519895,46086.6862621
附件一（训练集）.xlsx|材料1|1495,0,62753.40913,59008.8551505,63859.2368286,60397.1107059
附件一（训练集）.xlsx|材料1|1496,0,81960.67278,76015.00221,80144.9028766,76197.5787555
附件一（训练集）.xlsx|材料1|1497,4,104993.9408,105656.073993,101244.327743,106917.703499
附件一（训练集）.xlsx|材料1|1498,4,135408.7723,134888.564729,141132.385744,152619.353509
附件一（训练集）.xlsx|材料1|1499,4,174250.4518,186307.397835,181039.216689,204794.890227
附件一（训练集）.xlsx|材料1|15,3,2364.873224,2308.96557997,2535.57789763,2777.99174199
附件一（训练集）.xlsx|材料1|150,3,18310.96022,16380.4505679,16314.62501,16471.1395988
附件一（训练集）.xlsx|材料1|1500,4,223902.5348,213871.217165,215714.784258,236015.542098
附件一（训练集）.xlsx|材料1|1501,2,382916.3038,334273.402613,427261.915986,413215.029709
附件一（训练集）.xlsx|材料1|1502,3,500515.302,457946.502934,506215.447115,512535.235045
附件一（训练集）.xlsx|材料1|1503,3,652474.8366,715609.20685,629007.741275,631462.713942
附件一（训练集）.xlsx|材料1|1504,4,853678.2686,832729.734678,804173.105357,855585.871945
附件一（训练集）.xlsx|材料1|1505,4,5445.498952,5508.82324339,5558.30916675,5565.2082142
附件一（训练集）.xlsx|材料1|1506,0,6781.972841,6136.4500304,6147.6318517,5910.66051581
附件一（训练集）.xlsx|材料1|1507,0,8618.337947,8113.03754973,8250.6498111,8275.02921211
附件一（训练集）.xlsx|材料1|1508,3,11044.81825,9965.65563357,11457.5313998,11472.8468374
附件一（训练集）.xlsx|材料1|1509,3,14214.93495,12410.1267438,13371.5434915,13848.879968
附件一（训练集）.xlsx|材料1|151,3,24421.93184,22680.594494,23985.5574184,24441.6054362
附件一（训练集）.xlsx|材料1|1510,3,18311.14894,17810.0733973,16766.7586195,17446.0867135
附件一（训练集）.xlsx|材料1|1511,3,23479.70312,22713.3914891,23236.3397819,23487.8770603
附件一（训练集）.xlsx|材料1|1512,3,29626.10676,27766.4082539,28665.6134531,28978.9390939
附件一（训练集）.xlsx|材料1|1513,2,48572.69674,49049.6320928,47597.2641677,49791.4869342
附件一（训练集）.xlsx|材料1|1514,2,61424.92549,62602.6308888,57235.2868536,56564.7259338
附件一（训练集）.xlsx|材料1|1515,0,79804.00585,83239.0449937,80459.7595971,76870.613767
附件一（训练集）.xlsx|材料1|1516,0,102511.2245,99891.5293439,92205.3533059,88647.2043249
附件一（训练集）.xlsx|材料1|1517,4,132255.4075,135786.052571,124108.031985,134995.267674
附件一（训练集）.xlsx|材料1|1518,4,168355.224,170649.380985,172293.218803,181109.714887
附件一（训练集）.xlsx|材料1|1519,1,214432.0757,233075.544558,219381.872514,228122.48106
附件一（训练集）.xlsx|材料1|152,2,32684.68129,30425.8252553,30073.354405,29489.2748092
附件一（训练集）.xlsx|材料1|1520,1,279271.9287,257868.367904,279922.70049,259778.082718
附件一（训练集）.xlsx|材料1|1521,4,365372.7955,348088.676782,338767.726118,339590.733395
附件一（训练集）.xlsx|材料1|1522,4,476756.5012,430812.451938,491598.682436,518341.533577
附件一（训练集）.xlsx|材料1|1523,3,617817.7698,556356.345804,607049.832739,640563.80644
附件一（训练集）.xlsx|材料1|1524,4,5665.710497,6633.66693336,5872.56657564,5945.39913437
附件一（训练集）.xlsx|材料1|1525,4,7003.802864,7720.41883074,7422.62200911,7436.67090611
附件一（训练集）.xlsx|材料1|1526,0,11504.05435,10002.5829756,10311.8208571,9988.59640097
附件一（训练集）.xlsx|材料1|1527,3,14678.35837,13115.7066198,14361.2726697,14671.3159948
附件一（训练集）.xlsx|材料1|1528,2,30615.44806,29543.5864825,31643.9356918,31304.1132856
附件一（训练集）.xlsx|材料1|1529,0,39021.27045,50169.6217307,41225.0293995,42333.1980266
附件一（训练集）.xlsx|材料1|153,1,56884.91087,52712.3137154,55319.8721512,57865.4003639
附件一（训练集）.xlsx|材料1|1530,3,62369.33304,63363.2173117,61964.9738491,62001.6546609
附件一（训练集）.xlsx|材料1|1531,3,81449.88479,77504.8671842,84116.4151384,83522.7450739
附件一（训练集）.xlsx|材料1|1532,3,103346.7947,105242.907131,103794.550349,105247.708431
附件一（训练集）.xlsx|材料1|1533,3,132806.1478,142735.955286,127772.932201,132029.858691
附件一（训练集）.xlsx|材料1|1534,1,171287.9024,174652.950259,187877.101538,188841.339388
附件一（训练集）.xlsx|材料1|1535,1,214854.9578,193448.021518,214618.171868,206941.264375
附件一（训练集）.xlsx|材料1|1536,2,277787.332,273761.82665,279682.106058,275769.333538
附件一（训练集）.xlsx|材料1|1537,2,362507.7538,336218.882932,330023.967971,337241.19243
附件一（训练集）.xlsx|材料1|1538,3,470873.158,458764.589239,453456.140597,410250.869424
附件一（训练集）.xlsx|材料1|1539,3,611376.2645,599556.842373,651875.564003,641866.407903
附件一（训练集）.xlsx|材料1|154,1,76878.8708,76846.4021969,72584.4909114,76466.2010444
附件一（训练集）.xlsx|材料1|1540,0,794088.3646,685624.241903,789233.836089,765154.024923
附件一（训练集）.xlsx|材料1|1541,4,7243.035783,6774.48479113,6728.44178879,6730.79466447
附件一（训练集）.xlsx|材料1|1542,4,9164.466149,8418.01308587,8781.23568615,9087.89058135
附件一（训练集）.xlsx|材料1|1543,0,11769.56167,10807.7080398,11319.4084862,9641.56378196
附件一（训练集）.xlsx|材料1|1544,0,15176.68396,14503.4002571,15961.1948721,15959.2225545
附件一（训练集）.xlsx|材料1|1545,3,19472.87176,19505.4982612,21060.3534938,20571.0689764
附件一（训练集）.xlsx|材料1|1546,2,24811.04197,27287.1736417,26861.1668025,25332.9281115
附件一（训练集）.xlsx|材料1|1547,2,31363.70142,30416.0032251,32586.1994697,29828.066985
附件一（训练集）.xlsx|材料1|1548,0,39911.71726,43337.8959285,41218.7703573,39896.984375
附件一（训练集）.xlsx|材料1|1549,0,50483.32101,45415.7899864,46633.5205112,46943.0084981
附件一（训练集）.xlsx|材料1|155,1,172790.731,181647.680869,173560.001985,168308.4281
附件一（训练集）.xlsx|材料1|1550,0,63670.83576,53697.8850184,67522.0693362,72424.1328749
附件一（训练集）.xlsx|材料1|1551,3,82346.3993,85520.0851749,76418.4335177,75436.4002922
附件一（训练集）.xlsx|材料1|1552,3,104468.5421,97895.6948254,94636.6405487,98942.6001417
附件一（训练集）.xlsx|材料1|1553,3,134072.0196,136263.152039,126389.199776,128973.038633
附件一（训练集）.xlsx|材料1|1554,3,172326.4758,193094.600475,162361.328413,176051.402968
附件一（训练集）.xlsx|材料1|1555,1,217854.9792,191474.968185,213948.308805,222508.724023
附件一（训练集）.xlsx|材料1|1556,2,360047.3546,313939.953586,332751.631399,340951.500486
附件一（训练集）.xlsx|材料1|1557,2,465636.1346,479252.510849,435703.22225,465019.046821
附件一（训练集）.xlsx|材料1|1558,3,778910.1631,693721.577149,685174.350647,764137.533895
附件一（训练集）.xlsx|材料1|1559,1,9317.710241,7848.57484432,8120.72370563,7795.1191554
附件一（训练集）.xlsx|材料1|156,0,516365.5506,505964.254341,493084.121878,527159.413429
附件一（训练集）.xlsx|材料1|1560,1,11872.78343,11416.4712922,12100.355126,12107.7785588
附件一（训练集）.xlsx|材料1|1561,1,15318.14013,15093.4647267,15704.5817533,15572.8483686
附件一（训练集）.xlsx|材料1|1562,1,19686.531,23385.1211802,20466.3201424,22044.6353553
附件一（训练集）.xlsx|材料1|1563,3,25014.14259,22082.6248069,22299.1234936,22719.5051295
附件一（训练集）.xlsx|材料1|1564,3,31274.39774,25446.5795259,35111.9945281,33288.5424255
附件一（训练集）.xlsx|材料1|1565,2,39927.37568,38829.6393685,37352.3088527,36667.0771332
附件一（训练集）.xlsx|材料1|1566,1,63713.45884,58823.2135538,62300.0112961,63821.1857254
附件一（训练集）.xlsx|材料1|1567,1,82588.65685,82061.7740731,78751.5624631,79149.9230239
附件一（训练集）.xlsx|材料1|1568,1,104552.2982,110442.935546,109343.683232,106997.138499
附件一（训练集）.xlsx|材料1|1569,1,133492.8437,136868.492381,137068.087348,136943.829246
附件一（训练集）.xlsx|材料1|157,0,679260.437,701369.457217,717296.83009,713525.170677
附件一（训练集）.xlsx|材料1|1570,3,171237.6128,149439.063957,172392.560327,173911.480617
附件一（训练集）.xlsx|材料1|1571,3,215458.3108,188658.83731,218088.048002,216091.952039
附件一（训练集）.xlsx|材料1|1572,4,277049.4631,275266.550945,258923.085631,259567.712913
附件一（训练集）.xlsx|材料1|1573,4,353949.0195,347438.650619,410417.51481,389492.706685
附件一（训练集）.xlsx|材料1|1574,1,585756.7931,590880.587254,614920.745661,617771.790792
附件一（训练集）.xlsx|材料1|1575,4,755913.5208,700796.087523,696631.403558,727063.328018
附件一（训练集）.xlsx|材料1|1576,1,12207.45893,10824.1649154,11768.9093721,10666.1234207
附件一（训练集）.xlsx|材料1|1577,1,15599.88959,15890.826147,16401.6811906,15689.5474221
附件一（训练集）.xlsx|材料1|1578,1,19959.2349,19530.4039165,20876.7148364,18396.4931228
附件一（训练集）.xlsx|材料1|1579,1,25416.58055,23722.2437472,26024.4943737,25234.1892648
附件一（训练集）.xlsx|材料1|158,4,1402.690272,1467.67424341,1335.9629572,1345.06928624
附件一（训练集）.xlsx|材料1|1580,3,31855.27053,29703.6023887,29218.6681504,30482.6945094
附件一（训练集）.xlsx|材料1|1581,3,40294.43645,33518.2111904,41851.2431337,42491.9111941
附件一（训练集）.xlsx|材料1|1582,2,50652.25786,51769.0352647,51760.9169527,49548.9468153
附件一（训练集）.xlsx|材料1|1583,2,63524.94169,58433.6927755,53539.7279079,54533.5417416
附件一（训练集）.xlsx|材料1|1584,1,81844.93576,86311.3578836,81256.0455945,83277.5926006
附件一（训练集）.xlsx|材料1|1585,1,103562.277,101559.308438,98928.236709,97510.4354274
附件一（训练集）.xlsx|材料1|1586,1,131492.2547,131246.821107,129638.668296,127080.852455
附件一（训练集）.xlsx|材料1|1587,1,168385.787,166078.192139,167499.763623,157754.967772
附件一（训练集）.xlsx|材料1|1588,3,211755.6806,210146.897473,206036.099667,189123.071483
附件一（训练集）.xlsx|材料1|1589,3,270071.1319,278119.965549,259743.038283,265329.861705
附件一（训练集）.xlsx|材料1|159,0,3564.3754,3006.0162226,3394.11503993,2974.17551803
附件一（训练集）.xlsx|材料1|1590,4,441293.2025,445266.815994,464851.026128,439027.007865
附件一（训练集）.xlsx|材料1|1591,1,565061.1877,556851.398186,574503.407998,573996.774243
附件一（训练集）.xlsx|材料1|1592,1,16454.36582,14884.7684478,13997.326499,13607.6180027
附件一（训练集）.xlsx|材料1|1593,1,20944.55946,21054.9478785,21649.9558981,22309.2532663
附件一（训练集）.xlsx|材料1|1594,1,26591.67818,25142.3628223,24752.5606146,24744.9758015
附件一（训练集）.xlsx|材料1|1595,3,33134.67284,31196.1037073,35156.1266994,35007.5981673
附件一（训练集）.xlsx|材料1|1596,3,42345.01674,39375.9297118,45854.2601052,45574.9611732
附件一（训练集）.xlsx|材料1|1597,2,52522.5773,54424.9033877,56602.1251939,54930.3673958
附件一（训练集）.xlsx|材料1|1598,2,66918.03918,62527.8279252,64248.1440338,62446.4273904
附件一（训练集）.xlsx|材料1|1599,1,85400.23642,92995.1343175,90056.5269391,88721.422268
附件一（训练集）.xlsx|材料1|16,3,3132.233226,3006.80360322,3285.78786341,3408.13988485
附件一（训练集）.xlsx|材料1|160,0,4792.365224,5175.63264346,5144.54743361,4948.58524513
附件一（训练集）.xlsx|材料1|1600,1,108091.7376,109945.40702,100742.778346,100871.33667
附件一（训练集）.xlsx|材料1|1601,1,174474.8608,160403.149912,166499.774011,170374.403162
附件一（训练集）.xlsx|材料1|1602,1,218755.4475,241312.335968,196958.879579,212513.826249
附件一（训练集）.xlsx|材料1|1603,3,280460.1738,209246.403207,280318.399053,266297.230558
附件一（训练集）.xlsx|材料1|1604,4,355438.988,330311.112923,355659.276322,339812.298042
附件一（训练集）.xlsx|材料1|1605,4,454618.767,387100.975488,423788.430972,418096.909849
附件一（训练集）.xlsx|材料1|1606,1,744973.3929,635443.558398,768084.623599,726162.786049
附件一（训练集）.xlsx|材料1|1607,2,20265.00594,14134.9979152,17867.6117401,18350.5118829
附件一（训练集）.xlsx|材料1|1608,2,25708.48733,20132.1057863,24257.3350575,25210.2739659
附件一（训练集）.xlsx|材料1|1609,0,31962.01515,32755.2612599,30880.0503803,29165.9661768
附件一（训练集）.xlsx|材料1|161,0,8888.402923,10545.0565298,10069.9078137,9900.75115281
附件一（训练集）.xlsx|材料1|1610,0,40885.14909,46636.1112229,36713.846306,39303.458546
附件一（训练集）.xlsx|材料1|1611,4,51482.36715,50282.7326716,47220.1543706,43644.0636488
附件一（训练集）.xlsx|材料1|1612,1,83587.52629,85417.7470201,80548.9246009,75523.4765012
附件一（训练集）.xlsx|材料1|1613,1,104593.9256,96222.6768424,106739.795927,101437.305149
附件一（训练集）.xlsx|材料1|1614,1,168827.8561,173373.964807,177343.963137,177857.55533
附件一（训练集）.xlsx|材料1|1615,0,210969.3702,225924.148152,198309.762713,203442.237995
附件一（训练集）.xlsx|材料1|1616,0,266481.8919,274170.030519,295086.376667,275886.982228
附件一（训练集）.xlsx|材料1|1617,0,340353.1094,362601.013026,364163.500064,366852.259815
附件一（训练集）.xlsx|材料1|1618,0,432682.4785,386216.205378,405577.054447,386972.620517
附件一（训练集）.xlsx|材料1|1619,1,549898.074,516922.335169,533925.228211,513769.520612
附件一（训练集）.xlsx|材料1|162,3,20972.82318,19074.8611228,20545.8350539,21266.0828941
附件一（训练集）.xlsx|材料1|1620,1,703319.9742,596578.13415,664934.385329,641056.219795
附件一（训练集）.xlsx|材料1|1621,4,8916.816367,9283.03637499,8215.87721749,8104.59805315
附件一（训练集）.xlsx|材料1|1622,0,11893.80298,12343.2390866,11793.1784209,11603.3622946
附件一（训练集）.xlsx|材料1|1623,0,16362.31651,18840.8738688,16113.3350153,16094.9300069
附件一（训练集）.xlsx|材料1|1624,4,21880.19557,23255.939947,22343.8439217,21754.3983549
附件一（训练集）.xlsx|材料1|1625,4,28178.84995,29679.2586076,26129.5621796,24594.8643916
附件一（训练集）.xlsx|材料1|1626,4,36903.63576,37298.1468836,36271.96655,35384.2827798
附件一（训练集）.xlsx|材料1|1627,4,49585.58219,54965.9656872,50468.1648911,48127.6163026
附件一（训练集）.xlsx|材料1|1628,4,66624.21623,73291.3372039,70548.1904212,63860.9470481
附件一（训练集）.xlsx|材料1|1629,4,90089.73627,104993.808924,94687.5776795,87580.389937
附件一（训练集）.xlsx|材料1|163,3,37837.05515,36747.5410175,41238.228006,44348.6612617
附件一（训练集）.xlsx|材料1|1630,1,121815.3515,154195.378981,139723.459043,141063.103582
附件一（训练集）.xlsx|材料1|1631,1,160936.1449,166118.385985,163299.700261,175153.38367
附件一（训练集）.xlsx|材料1|1632,4,217225.9353,245993.778659,213660.334118,209150.336125
附件一（训练集）.xlsx|材料1|1633,4,292214.9625,351795.846991,303527.848148,297223.772979
附件一（训练集）.xlsx|材料1|1634,4,386695.3893,445684.770804,401874.23195,368467.187357
附件一（训练集）.xlsx|材料1|1635,2,6846.479793,7194.85066248,6955.409135,6611.80159586
附件一（训练集）.xlsx|材料1|1636,1,9230.411456,9494.61689523,9351.7700739,9538.62798729
附件一（训练集）.xlsx|材料1|1637,1,12784.91529,14274.4789919,13326.2099906,13455.9015962
附件一（训练集）.xlsx|材料1|1638,0,17155.30198,17926.1958435,16798.8373448,15396.9844832
附件一（训练集）.xlsx|材料1|1639,0,21764.36248,24865.0035116,22899.4535655,21154.0813652
附件一（训练集）.xlsx|材料1|164,3,49742.16541,48087.6621972,49759.7358994,51305.1621573
附件一（训练集）.xlsx|材料1|1640,0,51666.79161,51214.5919176,54555.8957863,54515.1249135
附件一（训练集）.xlsx|材料1|1641,0,70315.49386,92331.1104223,72688.7380795,71599.1888122
附件一（训练集）.xlsx|材料1|1642,2,94032.44386,134680.380988,96775.3559917,92424.5704963
附件一（训练集）.xlsx|材料1|1643,2,123275.7685,126143.046027,125247.9642,124928.728849
附件一（训练集）.xlsx|材料1|1644,4,166119.8262,165485.113564,168640.150125,168395.573649
附件一（训练集）.xlsx|材料1|1645,4,223381.2228,222201.178154,225859.389119,223870.032253
附件一（训练集）.xlsx|材料1|1646,2,296162.1611,294239.132609,295832.289445,308717.437314
附件一（训练集）.xlsx|材料1|1647,2,403706.7778,401868.713762,406280.158501,431817.83121
附件一（训练集）.xlsx|材料1|1648,0,536852.7893,525561.386432,518782.680333,542815.121014
附件一（训练集）.xlsx|材料1|1649,2,6045.353415,6546.05419059,6232.89244119,5896.87211909
附件一（训练集）.xlsx|材料1|165,3,67223.83993,60771.5627546,73794.715769,75949.8521446
附件一（训练集）.xlsx|材料1|1650,2,8145.742745,8651.93634493,8970.64562684,8210.13717449
附件一（训练集）.xlsx|材料1|1651,4,11252.62658,12410.6599742,10952.7868712,11247.6512672
附件一（训练集）.xlsx|材料1|1652,1,15063.35288,16675.3838993,14648.0327471,15127.1108498
附件一（训练集）.xlsx|材料1|1653,3,19499.72449,19480.9104126,20033.2339885,18389.5125315
附件一（训练集）.xlsx|材料1|1654,3,25172.74846,27410.690334,25527.2888969,26074.932486
附件一（训练集）.xlsx|材料1|1655,1,33586.32068,34713.6609745,33428.0779435,33478.2219881
附件一（训练集）.xlsx|材料1|1656,2,45729.16769,45833.4473709,46030.7798223,45237.6314617
附件一（训练集）.xlsx|材料1|1657,0,61702.80507,63806.201302,60342.6088577,61276.0618834
附件一（训练集）.xlsx|材料1|1658,0,83045.25566,86855.03463,86163.9323259,88253.5453924
附件一（训练集）.xlsx|材料1|1659,2,108798.387,110603.269968,109091.577942,105925.850718
附件一（训练集）.xlsx|材料1|166,3,89782.66539,122598.467508,100629.778671,98243.3246709
附件一（训练集）.xlsx|材料1|1660,3,146597.7299,151381.831746,153771.834613,149089.987922
附件一（训练集）.xlsx|材料1|1661,0,196875.1868,204833.603243,200707.504888,199561.916832
附件一（训练集）.xlsx|材料1|1662,0,261263.4321,265807.156372,275372.089849,275816.285656
附件一（训练集）.xlsx|材料1|1663,2,355530.1708,364860.916713,355342.928643,358099.823262
附件一（训练集）.xlsx|材料1|1664,2,474328.57,484579.004177,490872.179948,513035.43397
附件一（训练集）.xlsx|材料1|1665,0,637508.0253,662955.933097,630963.447032,661415.14261
附件一（训练集）.xlsx|材料1|1666,0,7136.491293,7912.14055127,8401.16126578,8271.46459616
附件一（训练集）.xlsx|材料1|1667,4,13288.5742,13512.9267346,13647.5206215,13682.3400587
附件一（训练集）.xlsx|材料1|1668,4,17173.4887,15370.8736362,15000.2940119,13914.1087279
附件一（训练集）.xlsx|材料1|1669,3,22583.55994,23568.6802515,24912.3147103,23168.3845388
附件一（训练集）.xlsx|材料1|167,3,266704.6966,278968.632949,268605.881035,278219.181797
附件一（训练集）.xlsx|材料1|1670,2,40541.58415,39177.7343451,39518.2499216,41819.0777034
附件一（训练集）.xlsx|材料1|1671,0,96514.65226,93397.2369906,93232.3524477,94081.4197561
附件一（训练集）.xlsx|材料1|1672,3,173757.3374,178606.581284,164530.444924,160949.055926
附件一（训练集）.xlsx|材料1|1673,0,228931.9186,252753.293664,226576.074665,237747.341897
附件一（训练集）.xlsx|材料1|1674,0,311569.7249,336300.204563,316890.099413,337008.049375
附件一（训练集）.xlsx|材料1|1675,2,417537.1201,406312.04641,431563.954471,433931.851469
附件一（训练集）.xlsx|材料1|1676,2,560572.0064,554207.544768,522735.867529,571834.877283
附件一（训练集）.xlsx|材料1|1677,3,4635.450951,5196.47421395,4743.33318698,4735.64038687
附件一（训练集）.xlsx|材料1|1678,0,8619.53204,9108.69401311,9242.989694,9037.17429144
附件一（训练集）.xlsx|材料1|1679,0,11624.29384,13097.9670339,13256.8533741,13059.6479003
附件一（训练集）.xlsx|材料1|168,0,357572.7731,387041.459047,367562.482596,372698.434735
附件一（训练集）.xlsx|材料1|1680,4,15024.88606,14861.8469434,14852.27295,14502.2811784
附件一（训练集）.xlsx|材料1|1681,3,25977.49424,25455.176585,27595.2541086,24565.8655504
附件一（训练集）.xlsx|材料1|1682,3,35374.27917,34529.0230379,35988.0474621,34851.4384484
附件一（训练集）.xlsx|材料1|1683,2,47781.04218,46502.4952053,49394.456632,49509.1660713
附件一（训练集）.xlsx|材料1|1684,2,64496.63201,71808.9614485,73647.4556518,75636.9788526
附件一（训练集）.xlsx|材料1|1685,0,85353.07924,87151.8718085,86680.5544766,84495.343498
附件一（训练集）.xlsx|材料1|1686,0,114346.9967,114207.450866,115949.684875,119090.932886
附件一（训练集）.xlsx|材料1|1687,3,152444.2189,138398.118667,141393.702114,142815.226025
附件一（训练集）.xlsx|材料1|1688,3,202602.6375,209504.815839,195969.639231,180660.510036
附件一（训练集）.xlsx|材料1|1689,0,274340.6315,265059.864224,244378.562627,263015.42953
附件一（训练集）.xlsx|材料1|169,3,619011.8338,678838.675972,641253.906899,652433.938331
附件一（训练集）.xlsx|材料1|1690,0,367442.6845,386534.030542,401303.859775,408372.970528
附件一（训练集）.xlsx|材料1|1691,2,494705.0358,521514.047666,497874.74095,491844.988206
附件一（训练集）.xlsx|材料1|1692,2,664208.5735,697491.050231,696585.567336,700303.795596
附件一（训练集）.xlsx|材料1|1693,4,4439.081264,4507.10064605,3997.81409725,4139.18375456
附件一（训练集）.xlsx|材料1|1694,0,5798.195698,8024.87953978,5768.60261508,6096.83486349
附件一（训练集）.xlsx|材料1|1695,0,8123.874426,10363.6399132,8315.54736455,8253.81936168
附件一（训练集）.xlsx|材料1|1696,2,10998.88422,14745.5232595,10307.9981607,10521.5577881
附件一（训练集）.xlsx|材料1|1697,2,14043.47153,14860.7358895,13172.162218,13013.5304179
附件一（训练集）.xlsx|材料1|1698,2,18384.82535,22927.5097747,16261.1691289,16265.2158458
附件一（训练集）.xlsx|材料1|1699,4,4298.308867,5069.25807209,5929.91366706,5655.38636258
附件一（训练集）.xlsx|材料1|17,3,4363.429973,3808.63994081,4414.64074284,4435.50018295
附件一（训练集）.xlsx|材料1|170,1,1026071.684,1015643.16467,1005708.4278,1016898.28288
附件一（训练集）.xlsx|材料1|1700,4,7262.601739,6420.06278157,7958.32856263,7658.15429658
附件一（训练集）.xlsx|材料1|1701,4,17055.56461,16572.2177481,18584.5241278,18983.7293576
附件一（训练集）.xlsx|材料1|1702,0,56785.45694,53575.1192589,53378.2022707,56304.1698197
附件一（训练集）.xlsx|材料1|1703,3,102933.3815,99188.4792239,99574.5970786,100534.026121
附件一（训练集）.xlsx|材料1|1704,0,257073.5682,251126.268205,257255.851967,254301.937371
附件一（训练集）.xlsx|材料1|1705,0,347179.882,348678.460161,358116.442173,354156.308178
附件一（训练集）.xlsx|材料1|1706,3,457820.6436,408002.871861,419825.167977,425744.152961
附件一（训练集）.xlsx|材料1|1707,3,2186.297222,2194.93864215,2220.41196825,2562.35259117
附件一（训练集）.xlsx|材料1|1708,3,2836.083391,2776.42472086,3227.26428969,3447.92784185
附件一（训练集）.xlsx|材料1|1709,0,5148.84407,5310.97239123,5521.33089669,5186.40237469
附件一（训练集）.xlsx|材料1|171,2,1187.754171,1309.58018469,1354.43337659,1488.1432218
附件一（训练集）.xlsx|材料1|1710,3,6468.652462,5713.63436987,6508.57308677,6587.55726547
附件一（训练集）.xlsx|材料1|1711,3,8428.792282,6913.38668065,7829.03125651,7906.19442767
附件一（训练集）.xlsx|材料1|1712,3,11337.93344,9774.69667211,10503.5652303,10543.0370501
附件一（训练集）.xlsx|材料1|1713,0,20287.8896,20326.1680051,20332.2072375,19984.7628934
附件一（训练集）.xlsx|材料1|1714,0,26441.01474,28389.6973725,26992.5217683,27608.1361603
附件一（训练集）.xlsx|材料1|1715,1,34396.59654,31563.7549983,30031.4213309,29666.2328647
附件一（训练集）.xlsx|材料1|1716,1,46386.26826,50737.764095,46281.5663595,48556.5702557
附件一（训练集）.xlsx|材料1|1717,4,62537.41459,49738.2751111,55738.0824973,57002.5134067
附件一（训练集）.xlsx|材料1|1718,4,84187.37032,77036.6860053,76754.1190964,80188.7739094
附件一（训练集）.xlsx|材料1|1719,1,114330.7262,98162.9783416,102415.506513,105638.421557
附件一（训练集）.xlsx|材料1|172,2,1192.605834,1309.58018469,1356.82177523,1493.67598021
附件一（训练集）.xlsx|材料1|1720,1,152316.1851,130379.291175,140569.397681,150365.430859
附件一（训练集）.xlsx|材料1|1721,3,207091.9912,192647.564365,209540.642506,202493.992279
附件一（训练集）.xlsx|材料1|1722,1,367820.1646,317327.842355,365248.328012,342444.410175
附件一（训练集）.xlsx|材料1|1723,1,493921.2311,422240.482401,504099.481024,494683.760272
附件一（训练集）.xlsx|材料1|1724,4,663688.8939,662067.055274,633723.98151,631147.412592
附件一（训练集）.xlsx|材料1|1725,3,17400.2295,10114.9276833,14837.5832338,15482.1205207
附件一（训练集）.xlsx|材料1|1726,1,63327.09362,41601.8849909,57759.9934212,57214.751848
附件一（训练集）.xlsx|材料1|1727,4,2863.495599,2896.30934761,2749.17182969,2846.6459962
附件一（训练集）.xlsx|材料1|1728,3,3814.782033,4105.43042832,3970.02721981,4114.84466966
附件一（训练集）.xlsx|材料1|1729,2,7804.3987,6948.89737926,7282.86477444,8003.57896758
附件一（训练集）.xlsx|材料1|173,2,1641.045747,1644.76882614,1759.59411908,1732.76917085
附件一（训练集）.xlsx|材料1|1730,2,10254.47301,9287.54806229,9933.77420648,11032.7432541
附件一（训练集）.xlsx|材料1|1731,3,22117.6587,17720.2577819,19352.3153945,19427.9362152
附件一（训练集）.xlsx|材料1|1732,2,36845.74536,34215.0118002,35756.6018206,35109.0624519
附件一（训练集）.xlsx|材料1|1733,3,48216.87669,41165.7875529,43543.7677236,45722.5908766
附件一（训练集）.xlsx|材料1|1734,1,61141.20103,55572.2102596,57167.6026889,60427.3236321
附件一（训练集）.xlsx|材料1|1735,1,80696.62909,76760.2269442,75035.0679014,79100.6746856
附件一（训练集）.xlsx|材料1|1736,1,105147.2154,90440.5134071,93787.1170503,98894.110894
附件一（训练集）.xlsx|材料1|1737,0,238186.7384,223471.38719,249931.586443,246829.968142
附件一（训练集）.xlsx|材料1|1738,2,316087.1971,303521.058407,339793.059052,325797.298578
附件一（训练集）.xlsx|材料1|1739,2,421499.7513,412367.395864,464946.188317,447079.317421
附件一（训练集）.xlsx|材料1|174,1,3044.949531,3351.19600237,2960.96839488,3119.0778088
附件一（训练集）.xlsx|材料1|1740,4,741313.2287,792892.542636,846858.266777,809026.626048
附件一（训练集）.xlsx|材料1|1741,0,973807.1521,1069712.2052,995928.695908,1006343.09739
附件一（训练集）.xlsx|材料1|1742,0,2250.183901,2349.84109409,2334.21737141,2537.5649871
附件一（训练集）.xlsx|材料1|1743,0,2878.198006,2743.38066896,2997.14495193,2900.87610143
附件一（训练集）.xlsx|材料1|1744,4,7764.07305,6725.15105592,8196.38095373,7960.38507753
附件一（训练集）.xlsx|材料1|1745,0,10130.56664,10762.3563388,10214.1022081,9926.10432034
附件一（训练集）.xlsx|材料1|1746,0,13086.87636,12462.992526,12668.0794564,12701.5322265
附件一（训练集）.xlsx|材料1|1747,3,21836.11904,20622.4681269,21811.9135148,24673.2091876
附件一（训练集）.xlsx|材料1|1748,4,27729.02741,22333.4849932,25786.0509855,27773.8418285
附件一（训练集）.xlsx|材料1|1749,3,46169.46358,42050.3393725,45578.7049021,47987.7661254
附件一（训练集）.xlsx|材料1|175,2,4080.613099,3836.73563687,3882.77106517,3686.07392642
附件一（训练集）.xlsx|材料1|1750,3,58989.77511,47634.8929755,54900.815755,53136.8816416
附件一（训练集）.xlsx|材料1|1751,0,76861.18834,76967.5174179,78374.6372987,80951.58371
附件一（训练集）.xlsx|材料1|1752,0,129912.2198,133608.31061,142342.444648,149612.721456
附件一（训练集）.xlsx|材料1|1753,0,171027.6793,163040.790985,184813.521275,195239.143756
附件一（训练集）.xlsx|材料1|1754,3,220742.914,197689.079672,224594.089037,218124.412542
附件一（训练集）.xlsx|材料1|1755,3,291095.5483,252534.870175,267675.97692,243254.328389
附件一（训练集）.xlsx|材料1|1756,1,385140.2515,417056.579872,435428.291684,467287.699315
附件一（训练集）.xlsx|材料1|1757,1,509068.6461,474222.966752,549851.293865,568870.441232
附件一（训练集）.xlsx|材料1|1758,3,666199.5825,603686.566745,656454.519829,677705.745208
附件一（训练集）.xlsx|材料1|1759,3,884143.5055,745365.205967,935913.696716,879072.482422
附件一（训练集）.xlsx|材料1|176,2,5648.015608,5650.67097828,5387.26375243,5621.55785462
附件一（训练集）.xlsx|材料1|1760,2,2386.545892,2460.82734886,2444.52493946,2470.40557378
附件一（训练集）.xlsx|材料1|1761,2,3052.123967,2970.75835711,2900.87139872,2948.62739889
附件一（训练集）.xlsx|材料1|1762,3,4120.743232,4100.8664285,4107.39960769,4320.69898012
附件一（训练集）.xlsx|材料1|1763,3,5164.282576,4657.6977071,4901.94413377,5113.15871814
附件一（训练集）.xlsx|材料1|1764,0,8117.332917,7967.62915829,8220.66952533,8094.95904331
附件一（训练集）.xlsx|材料1|1765,0,10585.19013,10542.9227626,10105.159921,10688.4352346
附件一（训练集）.xlsx|材料1|1766,1,13652.17041,13140.8047151,12644.4811303,13723.8145336
附件一（训练集）.xlsx|材料1|1767,2,22400.53349,22142.0459777,23238.5851229,23894.6220961
附件一（训练集）.xlsx|材料1|1768,2,28437.15274,29365.6289508,26303.2406021,26712.4381089
附件一（训练集）.xlsx|材料1|1769,2,36873.75629,38628.3438973,32363.507656,32409.3525341
附件一（训练集）.xlsx|材料1|177,2,13587.381,13931.9467768,13485.7902695,13769.8889124
附件一（训练集）.xlsx|材料1|1770,4,60190.31851,55793.3007485,57631.9033797,54557.9545498
附件一（训练集）.xlsx|材料1|1771,4,78425.36183,86284.4059724,84789.9364606,88600.995681
附件一（训练集）.xlsx|材料1|1772,4,99306.08736,100480.74338,100104.913823,87075.4167805
附件一（训练集）.xlsx|材料1|1773,4,129117.4025,166546.338767,159585.003702,156833.555681
附件一（训练集）.xlsx|材料1|1774,3,169338.3821,164310.024222,171702.124262,165009.936072
附件一（训练集）.xlsx|材料1|1775,3,218648.6268,223163.433203,222366.575421,212078.547709
附件一（训练集）.xlsx|材料1|1776,4,285984.8135,286445.657474,292942.710934,293139.422227
附件一（训练集）.xlsx|材料1|1777,4,377878.4138,375106.279385,382287.465434,394271.270118
附件一（训练集）.xlsx|材料1|1778,0,492975.6826,461515.196203,471347.973425,492635.352157
附件一（训练集）.xlsx|材料1|1779,0,856584.1725,963093.35841,798036.204453,842649.66657
附件一（训练集）.xlsx|材料1|178,2,18242.28949,19879.3058252,19212.3213144,19331.4807859
附件一（训练集）.xlsx|材料1|1780,2,2406.348567,2522.16956238,2659.54476082,2589.80691847
附件一（训练集）.xlsx|材料1|1781,2,3083.167585,3056.37230702,3213.17737329,3192.95091144
附件一（训练集）.xlsx|材料1|1782,2,4118.749689,4045.30002646,4008.43079558,4133.25620489
附件一（训练集）.xlsx|材料1|1783,2,5223.268917,5758.19873262,5230.31287612,5290.044024
附件一（训练集）.xlsx|材料1|1784,3,6384.546499,6145.02175894,6289.11754088,6341.4130837
附件一（训练集）.xlsx|材料1|1785,3,8111.442472,7587.88886443,8221.53098743,8014.45532973
附件一（训练集）.xlsx|材料1|1786,0,10520.03117,10195.1921118,10641.9042563,9832.29439648
附件一（训练集）.xlsx|材料1|1787,0,13299.98672,12583.8770027,12994.2696555,12043.8498981
附件一（训练集）.xlsx|材料1|1788,1,22263.3284,21617.1295229,23761.6423987,23250.4242886
附件一（训练集）.xlsx|材料1|1789,2,35601.21545,31998.8880199,32805.982675,33225.8689047
附件一（训练集）.xlsx|材料1|179,1,24635.10959,21422.6122925,26643.2161572,24163.0221428
附件一（训练集）.xlsx|材料1|1790,2,45815.36459,42066.0243515,41712.287361,42328.5872948
附件一（训练集）.xlsx|材料1|1791,2,58384.46314,55228.0066911,53795.1695333,56621.3035637
附件一（训练集）.xlsx|材料1|1792,4,75586.21294,70931.0563406,72507.2488897,71228.2080013
附件一（训练集）.xlsx|材料1|1793,4,96411.80914,95429.8562119,94255.9953674,95371.0107347
附件一（训练集）.xlsx|材料1|1794,4,160117.4689,162192.150579,158684.693492,163506.705232
附件一（训练集）.xlsx|材料1|1795,3,204956.8619,206374.572638,206356.701802,204334.256931
附件一（训练集）.xlsx|材料1|1796,3,267545.4168,247235.254277,250591.817541,257259.252081
附件一（训练集）.xlsx|材料1|1797,4,350717.5441,364927.473095,357935.369372,345964.093787
附件一（训练集）.xlsx|材料1|1798,4,456902.8682,476287.482677,461715.203514,468521.651241
附件一（训练集）.xlsx|材料1|1799,0,596572.5231,583459.28976,583804.810235,599107.032604
附件一（训练集）.xlsx|材料1|18,1,5773.018252,5808.13760165,6464.41467223,6314.67164549
附件一（训练集）.xlsx|材料1|180,1,33238.5309,34055.4021483,37681.751463,36235.9948594
附件一（训练集）.xlsx|材料1|1800,0,782569.2534,747473.935968,734468.007659,733104.415642
附件一（训练集）.xlsx|材料1|1801,2,4257.975692,4394.37731986,4115.77817991,4045.6266199
附件一（训练集）.xlsx|材料1|1802,2,6626.088298,7199.87738821,6612.53070984,6473.14206525
附件一（训练集）.xlsx|材料1|1803,3,8321.054016,8365.28354752,8302.28118254,8038.63622577
附件一（训练集）.xlsx|材料1|1804,3,10657.33859,8693.08188724,9812.57101187,10068.8067416
附件一（训练集）.xlsx|材料1|1805,0,13760.42563,11811.1256936,12427.8252804,13424.0237212
附件一（训练集）.xlsx|材料1|1806,1,22590.35013,22468.5184073,21202.9801798,22086.9364227
附件一（训练集）.xlsx|材料1|1807,1,28585.7831,27705.1703283,29452.3686985,27540.2768835
附件一（训练集）.xlsx|材料1|1808,2,36021.3408,29071.8678305,40341.6847772,38060.7333454
附件一（训练集）.xlsx|材料1|1809,2,45770.88914,38054.2243908,42405.4349591,43257.1274985
附件一（训练集）.xlsx|材料1|181,4,44430.17965,45837.9378297,49267.1740259,51800.8920648
附件一（训练集）.xlsx|材料1|1810,2,75225.7279,74044.3708289,68912.6124324,71548.3385296
附件一（训练集）.xlsx|材料1|1811,4,95524.40955,94732.0575567,91040.4795754,95970.0639328
附件一（训练集）.xlsx|材料1|1812,4,123473.7145,115893.405296,134466.484727,137093.050567
附件一（训练集）.xlsx|材料1|1813,4,156779.7087,164384.794087,171442.653174,177556.626022
附件一（训练集）.xlsx|材料1|1814,4,200620.9565,191751.330187,199903.183649,209456.203798
附件一（训练集）.xlsx|材料1|1815,3,259432.9932,288652.643775,228066.003191,225629.289544
附件一（训练集）.xlsx|材料1|1816,3,339430.7296,383287.517005,373072.822875,339185.646665
附件一（训练集）.xlsx|材料1|1817,4,440867.9165,449138.185597,448332.924304,443461.377601
附件一（训练集）.xlsx|材料1|1818,4,571815.2855,531748.935374,598955.69856,598630.598992
附件一（训练集）.xlsx|材料1|1819,0,742184.5652,763334.469409,719242.449307,753518.116612
附件一（训练集）.xlsx|材料1|182,4,59069.01523,58558.2084079,60731.7161308,63508.0622531
附件一（训练集）.xlsx|材料1|1820,4,4247.894925,5378.41379869,4205.75018975,4548.02408029
附件一（训练集）.xlsx|材料1|1821,4,5443.827939,5514.41993597,5604.75387718,5557.74827373
附件一（训练集）.xlsx|材料1|1822,1,8619.831887,8086.77245031,8762.33286218,9214.02384143
附件一（训练集）.xlsx|材料1|1823,2,10850.80996,10066.4337011,10577.1246806,10463.7522702
附件一（训练集）.xlsx|材料1|1824,2,13821.99776,12894.5832846,14300.5223989,14200.3090868
附件一（训练集）.xlsx|材料1|1825,4,17783.8058,17073.0441237,17665.0747408,18134.489945
附件一（训练集）.xlsx|材料1|1826,4,22666.8642,22166.6736447,23199.7263249,22571.9917723
附件一（训练集）.xlsx|材料1|1827,1,28304.2993,31238.6230339,29357.9459865,28445.8618826
附件一（训练集）.xlsx|材料1|1828,1,36110.35439,38472.4214343,39011.7960609,36136.7344019
附件一（训练集）.xlsx|材料1|1829,4,45809.31228,44675.8028707,47247.1812884,45736.8731213
附件一（训练集）.xlsx|材料1|183,3,79066.42767,86550.0556556,90543.7884094,91093.2677285
附件一（训练集）.xlsx|材料1|1830,4,57784.85888,60835.1775863,58435.6148326,57896.3346862
附件一（训练集）.xlsx|材料1|1831,4,94218.55067,92625.130249,87893.3243237,93164.9582314
附件一（训练集）.xlsx|材料1|1832,4,120617.9295,127051.49595,117281.678372,123771.81636
附件一（训练集）.xlsx|材料1|1833,4,155187.6665,191298.214809,164923.556598,198148.18969
附件一（训练集）.xlsx|材料1|1834,3,193580.7764,216853.259044,214700.050895,214913.440495
附件一（训练集）.xlsx|材料1|1835,3,249870.3286,257731.307492,252284.965035,258940.51908
附件一（训练集）.xlsx|材料1|1836,3,325390.4824,306817.524469,310466.302131,314433.912807
附件一（训练集）.xlsx|材料1|1837,3,420909.6285,399042.104737,437217.467932,418950.291653
附件一（训练集）.xlsx|材料1|1838,3,542796.7344,485200.348363,562072.970232,594389.462329
附件一（训练集）.xlsx|材料1|1839,3,705894.7478,599451.253699,595331.82336,649663.466846
附件一（训练集）.xlsx|材料1|184,3,107275.1057,112118.601459,114459.354173,115472.748234
附件一（训练集）.xlsx|材料1|1840,3,5658.817577,5891.60568652,5687.34779759,5585.5384208
附件一（训练集）.xlsx|材料1|1841,3,6995.789699,7837.70052404,7156.75094704,6491.41181862
附件一（训练集）.xlsx|材料1|1842,0,8817.723989,9307.11591469,8241.74143071,8316.4421921
附件一（训练集）.xlsx|材料1|1843,0,11496.6026,11737.7466939,11119.0981454,10962.0626257
附件一（训练集）.xlsx|材料1|1844,0,14297.21906,16142.2168158,14885.5369131,14451.3008233
附件一（训练集）.xlsx|材料1|1845,0,18266.22986,19952.7691411,17356.5967058,18459.4798098
附件一（训练集）.xlsx|材料1|1846,4,23138.25499,25052.8373594,22917.7736469,23192.4418517
附件一（训练集）.xlsx|材料1|1847,4,29005.72346,29908.1378611,28562.8030902,27909.3726708
附件一（训练集）.xlsx|材料1|1848,0,37090.53402,39784.522504,39671.1257511,40803.0808719
附件一（训练集）.xlsx|材料1|1849,0,46934.01133,37651.5157022,48567.794394,50219.7088253
附件一（训练集）.xlsx|材料1|185,4,139304.1316,149324.079857,141913.79341,142902.45646
附件一（训练集）.xlsx|材料1|1850,3,75774.56609,74463.4023885,76345.7411603,79116.6483969
附件一（训练集）.xlsx|材料1|1851,0,95624.03663,96967.9176119,102542.259595,107021.132206
附件一（训练集）.xlsx|材料1|1852,0,121700.7854,135419.200389,130763.382743,130298.169349
附件一（训练集）.xlsx|材料1|1853,1,156731.8409,163935.712783,164544.519824,174163.792799
附件一（训练集）.xlsx|材料1|1854,1,249635.7295,248886.141212,258530.944711,266629.567075
附件一（训练集）.xlsx|材料1|1855,1,323966.5072,343203.719896,338869.999185,324891.371597
附件一（训练集）.xlsx|材料1|1856,3,417453.4048,372817.199661,405057.415946,380148.252859
附件一（训练集）.xlsx|材料1|1857,3,539271.5736,519484.449962,576563.74285,570541.291576
附件一（训练集）.xlsx|材料1|1858,4,694781.4939,644591.446402,613786.376769,624338.184466
附件一（训练集）.xlsx|材料1|1859,3,7118.26324,7386.56256382,8177.27873986,7808.82659882
附件一（训练集）.xlsx|材料1|186,4,183014.8648,207075.16149,188519.534054,193852.447096
附件一（训练集）.xlsx|材料1|1860,0,11480.47562,11186.246337,11609.2174289,10114.0104277
附件一（训练集）.xlsx|材料1|1861,0,14620.02605,14766.7770942,14330.2217554,13839.6903986
附件一（训练集）.xlsx|材料1|1862,0,18744.58014,17638.8753102,17137.0283093,16558.6843086
附件一（训练集）.xlsx|材料1|1863,4,23774.6963,23104.0331081,23014.0218425,22601.5996634
附件一（训练集）.xlsx|材料1|1864,4,29772.07905,29280.0229671,29615.2915667,29555.3791613
附件一（训练集）.xlsx|材料1|1865,0,38211.10368,41694.1057646,41114.6895615,40211.4721299
附件一（训练集）.xlsx|材料1|1866,0,59719.14575,50743.856173,59676.6089252,59084.1707854
附件一（训练集）.xlsx|材料1|1867,3,76728.63234,79713.3952086,73679.9262102,68704.904441
附件一（训练集）.xlsx|材料1|1868,0,157262.1132,170307.375788,168025.318756,176129.322123
附件一（训练集）.xlsx|材料1|1869,1,249653.5336,246666.330956,247913.240786,256988.415034
附件一（训练集）.xlsx|材料1|187,4,237859.9575,239109.452927,234127.141452,231980.847733
附件一（训练集）.xlsx|材料1|1870,1,322525.6114,316917.270633,329319.113354,318207.946294
附件一（训练集）.xlsx|材料1|1871,1,414754.6719,426897.235403,435404.031175,426147.497127
附件一（训练集）.xlsx|材料1|1872,3,9091.330946,9960.09385271,9562.82242407,9415.46337561
附件一（训练集）.xlsx|材料1|1873,3,11579.01699,10611.6877045,12475.0132321,12681.9464805
附件一（训练集）.xlsx|材料1|1874,3,14759.73318,16895.1844925,18021.7856744,18066.2218216
附件一（训练集）.xlsx|材料1|1875,3,18834.04103,17207.0852941,17265.817613,18127.4929341
附件一（训练集）.xlsx|材料1|1876,3,23894.60827,23526.5608646,25987.6414218,25650.4065582
附件一（训练集）.xlsx|材料1|1877,3,29746.44543,25451.4384466,27727.7138759,28228.1835059
附件一（训练集）.xlsx|材料1|1878,3,38091.05198,44141.1942726,37763.5858727,37680.9788979
附件一（训练集）.xlsx|材料1|1879,3,47242.29509,42073.2989714,50053.9883473,48930.8035131
附件一（训练集）.xlsx|材料1|188,4,320931.3637,342967.546653,331051.026069,328986.200897
附件一（训练集）.xlsx|材料1|1880,0,59521.02472,60748.2115386,59654.0114886,62777.6893513
附件一（训练集）.xlsx|材料1|1881,0,76571.67647,78592.9758365,74901.3339884,75313.7644232
附件一（训练集）.xlsx|材料1|1882,0,96321.46686,100480.412145,91073.3434976,91984.1868324
附件一（训练集）.xlsx|材料1|1883,0,122712.0826,112710.753226,122308.15666,130981.646228
附件一（训练集）.xlsx|材料1|1884,1,156250.6077,178165.371838,170494.636556,161394.026542
附件一（训练集）.xlsx|材料1|1885,1,195086.2629,194471.971407,187350.01913,194644.233572
附件一（训练集）.xlsx|材料1|1886,3,249494.1248,276438.549549,268612.778506,264692.858741
附件一（训练集）.xlsx|材料1|1887,3,316368.8628,376638.967177,385802.78059,390306.437297
附件一（训练集）.xlsx|材料1|1888,1,405420.4239,426915.742659,455597.511743,441770.047887
附件一（训练集）.xlsx|材料1|1889,1,518344.9478,552665.526281,551649.50215,547322.800203
附件一（训练集）.xlsx|材料1|189,0,556312.9256,626054.256952,586996.580028,563786.94932
附件一（训练集）.xlsx|材料1|1890,3,666541.3795,606994.067004,641452.91419,581842.041081
附件一（训练集）.xlsx|材料1|1891,3,11608.32078,11425.8484285,11994.0947475,11599.7610726
附件一（训练集）.xlsx|材料1|1892,3,23850.92544,21986.9039269,25966.0359474,28110.4130337
附件一（训练集）.xlsx|材料1|1893,3,37484.09325,31545.3126053,42462.304101,41884.1376432
附件一（训练集）.xlsx|材料1|1894,3,47191.9684,46785.750926,48848.9599665,47737.6033007
附件一（训练集）.xlsx|材料1|1895,3,59161.92564,56750.4729317,57907.8975385,63310.8300272
附件一（训练集）.xlsx|材料1|1896,0,75794.35695,68135.9033044,80554.3849401,88888.4278465
附件一（训练集）.xlsx|材料1|1897,0,95038.04615,93349.710744,81010.1207224,79245.9041222
附件一（训练集）.xlsx|材料1|1898,0,120335.2237,112686.446082,98370.4447608,103309.728586
附件一（训练集）.xlsx|材料1|1899,0,153500.0641,137262.323595,166693.562572,166716.496542
附件一（训练集）.xlsx|材料1|19,1,9988.187279,8347.04731845,9902.43356607,11035.9825305
附件一（训练集）.xlsx|材料1|190,2,1455.296582,1438.09424856,1517.29213554,1564.30496942
附件一（训练集）.xlsx|材料1|1900,3,308801.6306,336941.326233,324000.384109,333705.011197
附件一（训练集）.xlsx|材料1|1901,3,392932.679,415924.502244,463691.187966,452362.973543
附件一（训练集）.xlsx|材料1|1902,1,500546.1704,471842.975734,516148.22147,530671.452954
附件一（训练集）.xlsx|材料1|1903,1,641243.141,600937.110796,643944.952449,652874.68779
附件一（训练集）.xlsx|材料1|1904,3,19697.71358,19117.0345783,21668.6124223,21430.1051227
附件一（训练集）.xlsx|材料1|1905,3,24833.30208,24211.4851948,26900.9855524,26418.552407
附件一（训练集）.xlsx|材料1|1906,3,31089.49774,29360.5788219,35299.1533355,36303.5226622
附件一（训练集）.xlsx|材料1|1907,3,38990.01046,37059.117986,45006.1304419,45494.3660458
附件一（训练集）.xlsx|材料1|1908,3,61498.36516,60281.3538299,65121.4384352,62602.2514956
附件一（训练集）.xlsx|材料1|1909,0,99026.83564,100748.803077,98045.5918139,100258.747382
附件一（训练集）.xlsx|材料1|191,2,1947.216719,1974.99996003,2093.65061816,2250.93714589
附件一（训练集）.xlsx|材料1|1910,0,125228.1109,128396.31723,140383.343433,141952.251998
附件一（训练集）.xlsx|材料1|1911,0,159050.196,161678.456789,152905.493837,156050.682088
附件一（训练集）.xlsx|材料1|1912,3,318175.1243,350838.178025,371684.499882,355415.687232
附件一（训练集）.xlsx|材料1|1913,3,405387.1722,331851.253046,443435.358074,420486.453018
附件一（训练集）.xlsx|材料1|1914,1,515178.924,544916.41088,621409.55529,596822.286477
附件一（训练集）.xlsx|材料1|1915,1,658330.588,571822.731842,712077.841188,674076.667291
附件一（训练集）.xlsx|材料1|1916,2,23896.78533,23741.8122003,25341.5692073,26820.822544
附件一（训练集）.xlsx|材料1|1917,3,29802.37973,27573.676411,30359.7964363,29570.3308688
附件一（训练集）.xlsx|材料1|1918,3,37527.53302,38734.0846455,40640.1316638,41125.6678705
附件一（训练集）.xlsx|材料1|1919,2,59563.27602,60414.9790379,60242.6261197,59384.4392709
附件一（训练集）.xlsx|材料1|192,1,2619.028052,2401.01877564,2421.92278087,2108.28091848
附件一（训练集）.xlsx|材料1|1920,4,76622.2216,87296.1372161,82485.5719212,81417.1556042
附件一（训练集）.xlsx|材料1|1921,4,95404.06704,98829.2984451,97623.8572109,96393.9724705
附件一（训练集）.xlsx|材料1|1922,1,120684.2811,134656.199839,134905.08779,134849.997619
附件一（训练集）.xlsx|材料1|1923,1,152880.1154,167880.312959,172378.421165,171342.03695
附件一（训练集）.xlsx|材料1|1924,1,191419.0296,221738.583246,206306.970303,217806.664311
附件一（训练集）.xlsx|材料1|1925,1,239889.7485,246868.24114,269739.067746,261365.430099
附件一（训练集）.xlsx|材料1|1926,2,305783.602,352607.91826,333371.041175,363407.791453
附件一（训练集）.xlsx|材料1|1927,2,386517.6583,384593.344736,386389.934045,407996.726283
附件一（训练集）.xlsx|材料1|1928,2,623033.3264,564917.131487,583586.739302,610759.376381
附件一（训练集）.xlsx|材料1|1929,4,6015.668219,6523.10800082,6103.45341768,6092.90120781
附件一（训练集）.xlsx|材料1|193,1,3573.989819,3889.51281108,3607.46119259,3489.9466386
附件一（训练集）.xlsx|材料1|1930,4,8205.304124,8850.87368642,8876.17820125,9097.52168141
附件一（训练集）.xlsx|材料1|1931,4,11216.05413,13694.8024553,12422.176759,12887.7914916
附件一（训练集）.xlsx|材料1|1932,2,15231.82066,17191.2566894,15384.6264343,14730.5381664
附件一（训练集）.xlsx|材料1|1933,2,20143.41562,20541.8667904,19095.0316017,19042.39855
附件一（训练集）.xlsx|材料1|1934,0,26755.89258,28939.2299349,27497.4670046,28816.3365666
附件一（训练集）.xlsx|材料1|1935,3,51103.27435,57858.6542004,54492.9705567,55626.215849
附件一（训练集）.xlsx|材料1|1936,3,70483.77819,74996.6764135,68866.3840597,70001.0517426
附件一（训练集）.xlsx|材料1|1937,0,97789.13189,103411.215545,92604.662454,95789.3571021
附件一（训练集）.xlsx|材料1|1938,0,132243.2241,141576.455354,124966.693148,129815.594839
附件一（训练集）.xlsx|材料1|1939,0,180733.5162,206885.754883,181620.236957,185137.641618
附件一（训练集）.xlsx|材料1|194,2,4896.646627,4740.25983353,5174.8770495,5149.421254
附件一（训练集）.xlsx|材料1|1940,0,246372.4285,292967.501181,259705.197399,260979.675508
附件一（训练集）.xlsx|材料1|1941,3,330066.832,319023.453335,311893.686692,304058.209234
附件一（训练集）.xlsx|材料1|1942,3,6515.720194,8585.28498908,6691.10064488,6557.58876336
附件一（训练集）.xlsx|材料1|1943,3,9073.712854,10463.8394082,10275.9297768,9938.09921667
附件一（训练集）.xlsx|材料1|1944,0,12077.01067,13912.1954372,14331.4428614,13119.3817533
附件一（训练集）.xlsx|材料1|1945,0,15515.73375,16955.2312689,17376.0625984,16657.932556
附件一（训练集）.xlsx|材料1|1946,1,20678.15927,19856.7906652,20320.9015638,19810.9254193
附件一（训练集）.xlsx|材料1|1947,1,28030.00899,28806.6627134,28301.8953431,28581.3359577
附件一（训练集）.xlsx|材料1|1948,4,53661.69174,55167.231228,54364.0447943,54095.908471
附件一（训练集）.xlsx|材料1|1949,1,73106.03827,70311.3562626,72663.6667887,73963.7635047
附件一（训练集）.xlsx|材料1|195,1,8757.571039,9869.10214483,9727.73322865,9171.70667396
附件一（训练集）.xlsx|材料1|1950,1,98971.49891,95844.8970806,101496.623317,98434.6063163
附件一（训练集）.xlsx|材料1|1951,3,135455.5318,138463.417205,131112.766154,130725.85482
附件一（训练集）.xlsx|材料1|1952,3,186018.043,192047.708642,195764.830837,191766.38383
附件一（训练集）.xlsx|材料1|1953,0,4350.801415,4381.74342435,4727.95315012,4646.44732207
附件一（训练集）.xlsx|材料1|1954,0,5775.911544,6547.83084969,6407.47052686,6442.3541795
附件一（训练集）.xlsx|材料1|1955,3,8032.245708,8819.46020344,7691.58709991,7829.91477761
附件一（训练集）.xlsx|材料1|1956,3,10827.39028,12218.0593976,11017.3805291,10950.3867359
附件一（训练集）.xlsx|材料1|1957,2,14062.5029,14694.4162739,14342.1692529,14129.7866842
附件一（训练集）.xlsx|材料1|1958,2,18185.94919,19652.2070922,18071.4440418,17818.459433
附件一（训练集）.xlsx|材料1|1959,1,24695.45219,23565.2419818,23270.139212,22963.533893
附件一（训练集）.xlsx|材料1|196,2,15704.90259,14977.0811376,17168.8839142,17008.4062316
附件一（训练集）.xlsx|材料1|1960,1,34104.41637,33138.6971677,34805.9872715,33156.8999857
附件一（训练集）.xlsx|材料1|1961,4,46765.97746,45611.4939022,44427.4801078,43214.6508091
附件一（训练集）.xlsx|材料1|1962,4,64439.99632,63058.6737512,64327.3601684,64434.2069349
附件一（训练集）.xlsx|材料1|1963,1,85867.56404,81080.8217579,83396.3819264,81360.7190949
附件一（训练集）.xlsx|材料1|1964,1,117860.7297,119308.821408,114760.612517,117239.700199
附件一（训练集）.xlsx|材料1|1965,3,161486.4226,169414.641347,161684.691949,160968.724765
附件一（训练集）.xlsx|材料1|1966,1,219319.3404,218222.386347,208416.978531,209028.554484
附件一（训练集）.xlsx|材料1|1967,1,302027.6953,302681.183077,300998.727321,300595.579024
附件一（训练集）.xlsx|材料1|1968,0,409038.713,410061.409194,410326.543402,404703.36912
附件一（训练集）.xlsx|材料1|1969,1,554812.347,559530.313953,544379.147034,534113.019168
附件一（训练集）.xlsx|材料1|197,2,21387.24118,20758.7393934,23369.724602,24705.2367381
附件一（训练集）.xlsx|材料1|1970,0,3980.956151,4286.03762829,3876.27611844,4027.08068981
附件一（训练集）.xlsx|材料1|1971,0,5260.252892,5654.58988424,5874.83084177,5748.55852309
附件一（训练集）.xlsx|材料1|1972,0,7337.319432,7655.11391624,7961.010642,7981.78109584
附件一（训练集）.xlsx|材料1|1973,3,9851.795412,10908.0558969,9577.91228039,10203.5931772
附件一（训练集）.xlsx|材料1|1974,3,12690.48837,13560.4416719,13389.7290332,14664.730741
附件一（训练集）.xlsx|材料1|1975,2,16625.71619,15010.9349473,16072.6368472,15884.1310374
附件一（训练集）.xlsx|材料1|1976,2,21963.97732,22488.953434,22468.8491848,22259.6923934
附件一（训练集）.xlsx|材料1|1977,4,30432.30731,29344.7104021,30162.3521895,30161.1763203
附件一（训练集）.xlsx|材料1|1978,4,41808.74835,41645.7390832,41508.3227835,40301.8381046
附件一（训练集）.xlsx|材料1|1979,2,56663.07654,57015.3781001,56378.2405016,56177.1123148
附件一（训练集）.xlsx|材料1|198,1,29039.82633,25359.0360328,29842.7983028,27968.6504144
附件一（训练集）.xlsx|材料1|1980,2,75987.65118,76851.6540825,74276.1121755,73374.3098179
附件一（训练集）.xlsx|材料1|1981,4,103967.0999,113365.86342,107055.588462,101171.112418
附件一（训练集）.xlsx|材料1|1982,1,263653.3444,258398.366688,253452.902884,253928.461035
附件一（训练集）.xlsx|材料1|1983,0,486290.367,493542.234191,473526.993642,473009.957584
附件一（训练集）.xlsx|材料1|1984,1,659733.3393,656522.289591,657961.780785,645592.214059
附件一（训练集）.xlsx|材料1|1985,0,3616.438762,3911.15477579,3778.69682688,3805.06673429
附件一（训练集）.xlsx|材料1|1986,0,6616.230885,7006.86566565,6594.92805143,6675.54441817
附件一（训练集）.xlsx|材料1|1987,0,8778.098178,9650.47926445,9203.11763422,9620.1046544
附件一（训练集）.xlsx|材料1|1988,3,11377.50907,11055.8829106,10768.6934959,10484.2612769
附件一（训练集）.xlsx|材料1|1989,2,19855.50628,18628.1801556,19980.0930743,19924.4170915
附件一（训练集）.xlsx|材料1|199,1,38777.3922,36164.813872,38689.8592164,37888.2202328
附件一（训练集）.xlsx|材料1|1990,2,26892.04576,28701.811002,27317.4817418,27402.1160722
附件一（训练集）.xlsx|材料1|1991,4,36969.5991,34683.089729,34941.6717332,34976.7723623
附件一（训练集）.xlsx|材料1|1992,2,66801.21384,71518.7386475,64195.5866475,66670.0645118
附件一（训练集）.xlsx|材料1|1993,2,91045.72445,94612.0832005,88744.5189967,91292.0180297
附件一（训练集）.xlsx|材料1|1994,4,165797.1449,163145.115887,183290.970429,181413.099426
附件一（训练集）.xlsx|材料1|1995,1,228349.2747,205542.998142,196907.953208,206959.473231
附件一（训练集）.xlsx|材料1|1996,1,313271.615,323642.837528,327698.979779,325758.881978
附件一（训练集）.xlsx|材料1|1997,0,425729.8925,428700.443765,397375.831856,409372.859938
附件一（训练集）.xlsx|材料1|1998,0,576032.8481,582461.234228,604624.663035,608459.077442
附件一（训练集）.xlsx|材料1|1999,1,777226.7064,890025.511863,858356.437417,911956.491774
附件一（训练集）.xlsx|材料1|2,3,1997.95525,2096.09397492,1968.34538017,2144.25195513
附件一（训练集）.xlsx|材料1|20,1,13463.78092,12714.5887405,14000.7249948,15821.3132467
附件一（训练集）.xlsx|材料1|200,4,51692.85659,51667.3291739,52933.5164447,52669.8440959
附件一（训练集）.xlsx|材料1|2000,2,3647.441651,3911.96864845,3367.64899233,3247.23331059
附件一（训练集）.xlsx|材料1|2001,4,4806.783385,4623.08259553,4386.41293407,4468.25054723
附件一（训练集）.xlsx|材料1|2002,4,6559.713664,7616.3360077,6003.07241378,6242.0849591
附件一（训练集）.xlsx|材料1|2003,3,11097.40707,12070.007307,9973.99717931,9564.7904995
附件一（训练集）.xlsx|材料1|2004,2,19262.29021,27033.6714321,21104.9463641,21065.9890234
附件一（训练集）.xlsx|材料1|2005,1,26161.97301,32432.8944439,26937.0949547,28854.1996282
附件一（训练集）.xlsx|材料1|2006,1,35092.01528,41601.8849909,36357.7750234,35688.8607284
附件一（训练集）.xlsx|材料1|2007,1,47161.57558,51301.7456547,48101.304043,48544.4799145
附件一（训练集）.xlsx|材料1|2008,1,62416.13848,64099.4276332,61070.9193331,61439.8529154
附件一（训练集）.xlsx|材料1|2009,0,84680.27276,85517.3978374,85430.7290442,78382.2604989
附件一（训练集）.xlsx|材料1|201,4,69575.88416,73049.4752008,70993.2024561,73872.4553214
附件一（训练集）.xlsx|材料1|2010,4,14147.98845,13663.5253903,14201.7500124,14744.2224716
附件一（训练集）.xlsx|材料1|2011,3,26623.27853,26106.8980489,25045.0619268,28014.372786
附件一（训练集）.xlsx|材料1|2012,3,35744.53357,36411.6091102,35127.7744034,39853.8966997
附件一（训练集）.xlsx|材料1|2013,3,49434.76174,53216.6034296,48985.147266,52438.3997646
附件一（训练集）.xlsx|材料1|2014,0,68127.042,66612.3967638,68711.0662652,68826.9814328
附件一（训练集）.xlsx|材料1|2015,0,92616.97347,88142.563287,84849.2420261,86815.9152683
附件一（训练集）.xlsx|材料1|2016,1,178035.4588,172892.43816,169989.379999,186960.84396
附件一（训练集）.xlsx|材料1|2017,2,241559.4558,174854.448243,217542.319054,232941.245708
附件一（训练集）.xlsx|材料1|2018,2,328661.2406,264733.374341,313166.282466,318257.28094
附件一（训练集）.xlsx|材料1|2019,4,438181.1068,423965.050128,454726.033461,419553.247314
附件一（训练集）.xlsx|材料1|202,3,94829.7604,90799.2565161,100343.067728,108944.467959
附件一（训练集）.xlsx|材料1|2020,0,2704.899525,2517.12797502,2673.47860783,2577.82810069
附件一（训练集）.xlsx|材料1|2021,2,3590.832559,3377.33182038,3952.34081433,3533.66746756
附件一（训练集）.xlsx|材料1|2022,2,4682.615279,4043.09817155,4457.29974378,4458.28461844
附件一（训练集）.xlsx|材料1|2023,1,5764.070872,4881.7318804,4682.1915917,5346.44091263
附件一（训练集）.xlsx|材料1|2024,1,7457.039582,6343.5579954,6640.25678235,7241.69151498
附件一（训练集）.xlsx|材料1|2025,3,13170.77464,12165.4524991,12470.6747756,12269.1004192
附件一（训练集）.xlsx|材料1|2026,3,17506.79369,16905.3700384,17266.3493368,18502.5931418
附件一（训练集）.xlsx|材料1|2027,3,22906.40522,19132.2720636,20756.2495149,22557.5291099
附件一（训练集）.xlsx|材料1|2028,3,29969.86428,27506.444657,26327.5420915,29910.4057086
附件一（训练集）.xlsx|材料1|2029,3,40659.08252,35007.4089848,39570.4650004,43159.9877616
附件一（训练集）.xlsx|材料1|203,3,123936.1788,127530.760039,129606.086174,137211.272024
附件一（训练集）.xlsx|材料1|2030,4,55712.5096,50511.0928373,47993.9141026,50189.5773368
附件一（训练集）.xlsx|材料1|2031,4,74970.49131,68721.9432021,67679.2887297,72353.9822424
附件一（训练集）.xlsx|材料1|2032,1,103479.3029,90588.2640343,98169.7553458,100343.046169
附件一（训练集）.xlsx|材料1|2033,4,262412.7061,205969.255721,262745.971636,254601.851672
附件一（训练集）.xlsx|材料1|2034,0,346636.2366,347116.291379,333375.847361,336265.918629
附件一（训练集）.xlsx|材料1|2035,2,646279.5234,750743.686607,687832.074307,623401.966738
附件一（训练集）.xlsx|材料1|2036,3,16268.79238,9015.02689508,13108.1647603,14783.8226713
附件一（训练集）.xlsx|材料1|2037,3,26649.7524,14916.2929711,24459.718785,26470.4197541
附件一（训练集）.xlsx|材料1|2038,3,34913.65684,21758.8070885,33741.3267877,37727.6120679
附件一（训练集）.xlsx|材料1|2039,1,2270.02048,2092.47492525,2232.05957022,2446.66975021
附件一（训练集）.xlsx|材料1|204,4,216240.5996,228197.003941,224328.934215,229680.41679
附件一（训练集）.xlsx|材料1|2040,0,2873.310248,2692.91500539,2840.20028077,2634.4598682
附件一（训练集）.xlsx|材料1|2041,0,3853.887671,3831.19608499,3460.4185095,3594.53702887
附件一（训练集）.xlsx|材料1|2042,0,6044.491118,5172.03267361,5657.12606241,5785.71607293
附件一（训练集）.xlsx|材料1|2043,2,12777.36987,10561.3956278,13670.74708,14104.4873605
附件一（训练集）.xlsx|材料1|2044,2,16343.505,14970.7967392,15914.2301712,15997.3342847
附件一（训练集）.xlsx|材料1|2045,3,21057.17988,16324.2868935,17946.5333692,19005.0827899
附件一（训练集）.xlsx|材料1|2046,3,26645.86478,20459.5769305,23183.976082,23750.9797642
附件一（训练集）.xlsx|材料1|2047,1,44558.8575,38580.9291552,40720.7514322,43152.8924167
附件一（训练集）.xlsx|材料1|2048,2,56245.72434,46834.9712876,50144.220355,47874.8259576
附件一（训练集）.xlsx|材料1|2049,0,127772.348,114301.126394,129650.123002,133290.516858
附件一（训练集）.xlsx|材料1|205,4,290107.5928,294125.768992,276497.521259,272910.127423
附件一（训练集）.xlsx|材料1|2050,1,170021.7485,154852.835953,162201.825226,165100.301302
附件一（训练集）.xlsx|材料1|2051,1,220068.92,194639.449446,224120.000543,235713.68772
附件一（训练集）.xlsx|材料1|2052,3,292946.9611,284427.813824,320427.204961,322951.060784
附件一（训练集）.xlsx|材料1|2053,3,393845.8629,440256.190021,429943.469921,427016.662372
附件一（训练集）.xlsx|材料1|2054,4,530793.6732,534804.027067,514247.420342,494267.12549
附件一（训练集）.xlsx|材料1|2055,4,702974.6048,782229.740913,773325.554806,794171.15857
附件一（训练集）.xlsx|材料1|2056,2,947651.7654,950542.804944,935841.296556,956482.870336
附件一（训练集）.xlsx|材料1|2057,3,2948.450913,3100.14504757,2854.91749181,2781.32587262
附件一（训练集）.xlsx|材料1|2058,1,4953.419803,5490.09608257,5022.6786371,4718.67639085
附件一（训练集）.xlsx|材料1|2059,1,6076.61425,6375.47626075,5668.93061996,5703.05691993
附件一（训练集）.xlsx|材料1|206,4,381807.5464,395088.707951,384758.039439,388049.945589
附件一（训练集）.xlsx|材料1|2060,1,7631.052229,7745.14983425,9063.03255601,8312.29625484
附件一（训练集）.xlsx|材料1|2061,1,9968.883131,9352.54214713,8018.95702965,8319.35203355
附件一（训练集）.xlsx|材料1|2062,1,12783.86498,11877.0094125,11734.6979497,12957.4016047
附件一（训练集）.xlsx|材料1|2063,2,16442.29724,15958.0818541,19267.7102506,18584.0024349
附件一（训练集）.xlsx|材料1|2064,2,20845.44358,15735.4757543,19912.5512141,19181.3323315
附件一（训练集）.xlsx|材料1|2065,0,26359.49011,25473.4119566,26630.712563,27336.684664
附件一（训练集）.xlsx|材料1|2066,0,34067.16576,32643.2841849,35361.2816064,35204.208412
附件一（训练集）.xlsx|材料1|2067,1,43430.93313,42922.8819089,41688.8633271,43685.6639219
附件一（训练集）.xlsx|材料1|2068,1,55665.77528,49218.7434591,55672.9829426,57584.6446638
附件一（训练集）.xlsx|材料1|2069,1,71791.6397,67738.5083571,69638.8755672,67950.7961977
附件一（训练集）.xlsx|材料1|207,0,508254.8668,523000.797384,544511.147694,505280.853761
附件一（训练集）.xlsx|材料1|2070,1,92438.60807,87610.1325551,91465.2400343,94149.1744893
附件一（训练集）.xlsx|材料1|2071,0,120668.6873,126105.945969,133338.588363,144953.861641
附件一（训练集）.xlsx|材料1|2072,0,158959.4703,151909.11623,178697.445122,193985.002417
附件一（训练集）.xlsx|材料1|2073,1,205432.4171,215806.441146,250807.667168,254070.350093
附件一（训练集）.xlsx|材料1|2074,1,271895.4094,285253.413494,290061.067152,280824.514478
附件一（训练集）.xlsx|材料1|2075,1,358346.0625,396664.879653,418649.99612,445129.767811
附件一（训练集）.xlsx|材料1|2076,1,475946.8257,433656.082272,505549.67908,523497.279282
附件一（训练集）.xlsx|材料1|2077,0,634395.4065,614570.156384,616460.027956,645745.018648
附件一（训练集）.xlsx|材料1|2078,0,848639.637,802169.834619,749447.091096,785273.152679
附件一（训练集）.xlsx|材料1|2079,3,3102.43057,3446.20323582,3008.45652446,2971.66889861
附件一（训练集）.xlsx|材料1|208,2,1359.728946,1598.59164597,1399.06331285,1382.36743321
附件一（训练集）.xlsx|材料1|2080,2,5164.702863,5099.60726574,5375.07243744,5381.6955122
附件一（训练集）.xlsx|材料1|2081,3,6357.197798,7148.34269743,6297.23195382,6319.78265312
附件一（训练集）.xlsx|材料1|2082,3,8023.438245,8698.92051909,7368.56725799,7103.29916348
附件一（训练集）.xlsx|材料1|2083,3,10441.50791,11530.6546008,9920.86087176,9933.52649078
附件一（训练集）.xlsx|材料1|2084,2,13294.97702,13141.9271993,12500.6769568,13021.5386264
附件一（训练集）.xlsx|材料1|2085,2,17098.50778,15660.0794845,17467.5895458,17656.7688052
附件一（训练集）.xlsx|材料1|2086,2,21632.00286,20963.0955054,22518.2243015,24171.8610205
附件一（训练集）.xlsx|材料1|2087,1,27235.89962,28914.1238195,27951.8302275,27894.5591657
附件一（训练集）.xlsx|材料1|2088,1,35092.17501,34769.6566556,33951.6611159,33033.2774816
附件一（训练集）.xlsx|材料1|2089,1,45341.10055,36490.2120125,38644.2867741,42090.5007648
附件一（训练集）.xlsx|材料1|209,4,1295.823376,1257.24138614,1350.45866561,1434.90963728
附件一（训练集）.xlsx|材料1|2090,0,56824.03055,55217.9322217,58196.4358332,57039.8058526
附件一（训练集）.xlsx|材料1|2091,0,73895.91328,79027.3728999,81806.1068616,79497.9187679
附件一（训练集）.xlsx|材料1|2092,3,93383.78591,98709.443452,85590.2362983,90074.524367
附件一（训练集）.xlsx|材料1|2093,2,158650.3835,164559.313869,174888.354188,176395.514553
附件一（训练集）.xlsx|材料1|2094,2,202965.2134,213208.103081,212818.4302,212500.087918
附件一（训练集）.xlsx|材料1|2095,3,463258.2775,520389.186187,499426.785381,529847.228354
附件一（训练集）.xlsx|材料1|2096,3,612299.6428,697644.434112,682266.185694,705089.621884
附件一（训练集）.xlsx|材料1|2097,1,2460.755717,2841.75129318,2656.26129979,2730.34155834
附件一（训练集）.xlsx|材料1|2098,1,3164.058273,3112.27022579,3191.17322895,3145.19067631
附件一（训练集）.xlsx|材料1|2099,3,4113.471955,4411.1420086,4632.26698491,4483.73515038
附件一（训练集）.xlsx|材料1|21,0,23248.3141,21773.9205599,25634.3408467,25334.408741
附件一（训练集）.xlsx|材料1|210,2,1713.519808,1709.61182787,1633.45029878,1732.74853612
附件一（训练集）.xlsx|材料1|2100,3,5237.074402,6173.60757971,5980.11174472,5585.61502045
附件一（训练集）.xlsx|材料1|2101,2,6411.996928,6643.00357289,6517.26681902,6639.71511924
附件一（训练集）.xlsx|材料1|2102,2,8110.995611,8886.71100197,9285.19098635,9309.28577038
附件一（训练集）.xlsx|材料1|2103,3,10411.89168,9907.68011759,10612.2359513,10993.0453328
附件一（训练集）.xlsx|材料1|2104,3,13212.41983,12898.3212268,12967.4518295,13470.1999339
附件一（训练集）.xlsx|材料1|2105,2,16949.10641,16342.1734172,16396.7298875,17647.2771027
附件一（训练集）.xlsx|材料1|2106,2,21674.63865,20413.6981884,21377.4132194,22514.8543101
附件一（训练集）.xlsx|材料1|2107,2,34296.82215,30354.5278167,34095.7544648,33701.3194176
附件一（训练集）.xlsx|材料1|2108,1,43770.78587,41195.7695555,43264.600536,42229.4565577
附件一（训练集）.xlsx|材料1|2109,0,71566.30327,70502.2846209,67779.4284437,68434.99428
附件一（训练集）.xlsx|材料1|211,1,3131.491897,3319.90366821,2938.05403774,3319.20634841
附件一（训练集）.xlsx|材料1|2110,0,91348.6112,93387.3332916,89481.1288755,95014.8956612
附件一（训练集）.xlsx|材料1|2111,3,115706.8666,126366.549501,107280.32162,108449.656015
附件一（训练集）.xlsx|材料1|2112,3,150764.278,152586.181169,151894.415025,168094.540409
附件一（训练集）.xlsx|材料1|2113,2,192266.8462,205207.1942,196197.854525,200529.402683
附件一（训练集）.xlsx|材料1|2114,2,252240.1875,231339.459319,243319.763282,239975.952052
附件一（训练集）.xlsx|材料1|2115,3,329278.8731,306324.922067,325712.715061,331206.735261
附件一（训练集）.xlsx|材料1|2116,3,427974.7168,408166.642697,466342.118502,493108.983541
附件一（训练集）.xlsx|材料1|2117,3,564686.3717,532826.094151,581929.13547,607649.407948
附件一（训练集）.xlsx|材料1|2118,3,740509.5173,662347.712155,786090.80605,784506.123764
附件一（训练集）.xlsx|材料1|2119,1,4184.158372,4464.84964572,4343.96750153,4154.73340256
附件一（训练集）.xlsx|材料1|212,1,4293.7631,4722.32916311,4502.31695549,4668.84362673
附件一（训练集）.xlsx|材料1|2120,2,8258.619095,8272.39121557,8613.97835973,8640.34913893
附件一（训练集）.xlsx|材料1|2121,2,10575.36154,10665.1050539,10958.9678605,11054.8223183
附件一（训练集）.xlsx|材料1|2122,3,13457.80865,11438.6633192,13164.2263087,13619.559361
附件一（训练集）.xlsx|材料1|2123,3,17141.99614,17911.440885,18270.4826609,18872.8713014
附件一（训练集）.xlsx|材料1|2124,2,21956.76255,17975.9896586,21737.2284125,22770.2652352
附件一（训练集）.xlsx|材料1|2125,2,27349.72121,28717.9793241,29246.4266116,28700.9398521
附件一（训练集）.xlsx|材料1|2126,2,43945.62079,44023.74303,43874.9721822,41900.6760502
附件一（训练集）.xlsx|材料1|2127,1,55308.78418,56377.8577987,58349.3241903,54787.6423983
附件一（训练集）.xlsx|材料1|2128,1,71367.36546,72271.9416347,75825.0418445,78088.0704501
附件一（训练集）.xlsx|材料1|2129,0,116338.0761,111636.579666,124776.503783,130555.733152
附件一（训练集）.xlsx|材料1|213,2,5780.063046,6015.38037228,5553.46317062,5257.29949917
附件一（训练集）.xlsx|材料1|2130,3,147801.759,180223.3101,161372.347804,153010.826825
附件一（训练集）.xlsx|材料1|2131,3,188137.913,218923.859349,198184.059418,191399.289413
附件一（训练集）.xlsx|材料1|2132,2,244757.2784,234031.986088,276313.301002,280541.076809
附件一（训练集）.xlsx|材料1|2133,2,320320.8021,281855.442579,345013.110543,328058.240732
附件一（训练集）.xlsx|材料1|2134,3,413209.3593,398757.229764,443370.219243,440916.594975
附件一（训练集）.xlsx|材料1|2135,3,537484.5325,525591.954449,599147.059249,604001.470001
附件一（训练集）.xlsx|材料1|2136,3,703803.0558,810539.686043,715131.704685,696878.546283
附件一（训练集）.xlsx|材料1|2137,3,4282.162167,5598.99957767,4416.94438032,4797.65926356
附件一（训练集）.xlsx|材料1|2138,3,5393.521768,6297.12627353,5889.32755673,5817.71760192
附件一（训练集）.xlsx|材料1|2139,2,6649.597681,6798.98795217,7129.44440406,7452.61447756
附件一（训练集）.xlsx|材料1|214,2,7703.877937,8361.60388711,8104.1416354,8251.18948356
附件一（训练集）.xlsx|材料1|2140,2,8466.403329,8316.5800239,8476.968237,8885.31753148
附件一（训练集）.xlsx|材料1|2141,2,10687.15902,10437.9624433,10568.5399756,10122.6161862
附件一（训练集）.xlsx|材料1|2142,2,13570.17285,12636.4992571,13930.7454944,14108.0868222
附件一（训练集）.xlsx|材料1|2143,4,17279.97256,16480.8917944,17604.3859918,17437.0636908
附件一（训练集）.xlsx|材料1|2144,4,22112.53768,20684.0054774,22348.0269448,21796.5356374
附件一（训练集）.xlsx|材料1|2145,2,27359.02372,30960.7323908,27879.7139315,28235.6609698
附件一（训练集）.xlsx|材料1|2146,2,35077.72306,34701.6493436,36945.2646058,36389.5435558
附件一（训练集）.xlsx|材料1|2147,0,43920.42524,46414.4692189,47697.7705288,47627.5351854
附件一（训练集）.xlsx|材料1|2148,0,54950.83362,58806.4026826,59045.2162168,59413.2482388
附件一（训练集）.xlsx|材料1|2149,2,70743.54827,79906.8347278,74130.4925141,76396.3488236
附件一（训练集）.xlsx|材料1|215,1,13727.56106,13183.394511,12273.2039966,13218.4364533
附件一（训练集）.xlsx|材料1|2150,2,89663.459,92499.9077604,88343.6754408,88278.0680689
附件一（训练集）.xlsx|材料1|2151,2,114384.4864,121757.273092,122188.52819,128070.287184
附件一（训练集）.xlsx|材料1|2152,2,146876.8152,161650.432959,153748.475249,154518.046674
附件一（训练集）.xlsx|材料1|2153,3,235920.5709,253989.328734,241811.796543,260238.044488
附件一（训练集）.xlsx|材料1|2154,2,306547.7932,323887.37468,289519.950977,289122.893586
附件一（训练集）.xlsx|材料1|2155,0,511870.6519,532008.248362,500006.740277,520406.190179
附件一（训练集）.xlsx|材料1|2156,0,665651.3177,683534.161992,647742.071732,663783.884786
附件一（训练集）.xlsx|材料1|2157,4,5564.911886,6269.12120846,5902.894622,6157.62752926
附件一（训练集）.xlsx|材料1|2158,2,8703.303821,9645.43527317,9051.21398124,9337.6379903
附件一（训练集）.xlsx|材料1|2159,2,11010.44529,9933.44810944,10224.8191803,10531.9459663
附件一（训练集）.xlsx|材料1|216,2,18846.99738,18309.6714028,20072.516265,21005.9027407
附件一（训练集）.xlsx|材料1|2160,0,13989.98686,15294.8227986,13802.8709417,13061.632336
附件一（训练集）.xlsx|材料1|2161,0,17803.67056,20175.8875693,17113.9661966,17968.1207846
附件一（训练集）.xlsx|材料1|2162,2,22553.80993,20230.2580509,22461.6272928,23376.1863614
附件一（训练集）.xlsx|材料1|2163,2,28090.15936,28128.4393856,30518.6259942,30867.9101007
附件一（训练集）.xlsx|材料1|2164,3,36070.22893,35818.730162,40696.7372608,40781.600476
附件一（训练集）.xlsx|材料1|2165,3,45055.67527,40183.9748212,48103.3899326,48934.4884025
附件一（训练集）.xlsx|材料1|2166,0,72225.39577,70543.983083,80031.1636968,79709.7691484
附件一（训练集）.xlsx|材料1|2167,4,116019.1856,108142.986541,114074.706056,116863.187456
附件一（训练集）.xlsx|材料1|2168,2,148683.7194,156900.749872,158615.686552,160591.561708
附件一（训练集）.xlsx|材料1|2169,4,237483.2191,240031.38452,253001.640286,242048.552928
附件一（训练集）.xlsx|材料1|217,1,34431.32807,29808.8017901,34830.7594504,32483.8739867
附件一（训练集）.xlsx|材料1|2170,4,305489.5728,321424.552515,297531.234027,297693.803748
附件一（训练集）.xlsx|材料1|2171,2,393839.9904,407346.303046,409609.381948,400435.085153
附件一（训练集）.xlsx|材料1|2172,2,508481.5475,536793.163935,581956.386257,556865.574943
附件一（训练集）.xlsx|材料1|2173,4,657592.0297,618924.489915,594637.385356,590928.318495
附件一（训练集）.xlsx|材料1|2174,4,7055.334376,7409.07501744,6880.00938291,7203.10081993
附件一（训练集）.xlsx|材料1|2175,4,8749.244331,9006.35835975,8801.68302198,9189.13177557
附件一（训练集）.xlsx|材料1|2176,2,11173.7274,11587.5211525,11655.2506931,11583.0160914
附件一（训练集）.xlsx|材料1|2177,2,14201.84406,15075.5446188,16225.3366803,15452.4160516
附件一（训练集）.xlsx|材料1|2178,2,23016.78486,26816.5963798,26495.2190327,24640.3490648
附件一（训练集）.xlsx|材料1|2179,3,36679.48108,44371.2724077,43332.0287594,43449.8364925
附件一（训练集）.xlsx|材料1|218,1,46554.40586,46597.7742223,47002.5445701,46774.2672901
附件一（训练集）.xlsx|材料1|2180,3,46109.65534,47963.6697033,46377.3672869,47673.3247045
附件一（训练集）.xlsx|材料1|2181,3,57151.42086,54348.3772697,55579.5169057,54372.8743659
附件一（训练集）.xlsx|材料1|2182,0,92170.83755,84276.5847165,94260.2172284,90243.8862266
附件一（训练集）.xlsx|材料1|2183,4,117329.6375,126048.872686,115198.374755,114845.744142
附件一（训练集）.xlsx|材料1|2184,2,239871.3487,236589.376979,235726.280532,236337.691391
附件一（训练集）.xlsx|材料1|2185,4,304640.3587,322787.227719,319620.678556,305592.050472
附件一（训练集）.xlsx|材料1|2186,4,392090.2814,433240.661801,418541.033432,412429.921388
附件一（训练集）.xlsx|材料1|2187,2,503296.1288,536989.634349,455360.831379,455949.174697
附件一（训练集）.xlsx|材料1|2188,2,8920.696852,11287.7466479,10593.8698831,10870.5947451
附件一（训练集）.xlsx|材料1|2189,2,11348.40297,9621.25410701,10837.7544629,10910.3001912
附件一（训练集）.xlsx|材料1|219,4,61598.99788,64848.406725,65425.7204738,63058.3764298
附件一（训练集）.xlsx|材料1|2190,0,14460.59559,17687.9924457,16397.9599716,15939.1566176
附件一（训练集）.xlsx|材料1|2191,4,45761.636,44010.6743396,45116.7221251,44334.4874255
附件一（训练集）.xlsx|材料1|2192,1,57337.02269,56553.2953903,56333.3932823,63499.6431129
附件一（训练集）.xlsx|材料1|2193,0,92369.45694,101569.134963,90079.7643865,88920.548569
附件一（训练集）.xlsx|材料1|2194,0,117236.4124,116722.69039,124646.044621,128475.853842
附件一（训练集）.xlsx|材料1|2195,0,149297.0265,170844.998296,168553.043205,166923.946512
附件一（训练集）.xlsx|材料1|2196,0,186299.4152,178470.831105,213477.892031,209482.377984
附件一（训练集）.xlsx|材料1|2197,4,237811.4848,219718.402567,230684.975566,247260.660127
附件一（训练集）.xlsx|材料1|2198,4,300634.3838,306738.120092,358825.876496,344969.534508
附件一（训练集）.xlsx|材料1|2199,4,491539.9241,534960.000031,554252.788433,540807.007213
附件一（训练集）.xlsx|材料1|22,3,39002.19859,38729.6551154,40828.1432075,37432.9811534
附件一（训练集）.xlsx|材料1|220,4,84808.51689,92123.0021043,94118.6199148,94904.7055902
附件一（训练集）.xlsx|材料1|2200,1,634463.7926,552134.880733,588690.190014,566912.960368
附件一（训练集）.xlsx|材料1|2201,2,11351.61512,13235.3346939,11489.6678107,12152.5160331
附件一（训练集）.xlsx|材料1|2202,2,14545.8597,15655.3067239,15914.9697169,16502.7819081
附件一（训练集）.xlsx|材料1|2203,0,18396.46334,18905.57276,17481.35698,17034.7817864
附件一（训练集）.xlsx|材料1|2204,3,28951.56689,29010.4838065,28069.3983343,28129.6542801
附件一（训练集）.xlsx|材料1|2205,3,36377.46043,32904.4802164,39520.2313053,40041.5996516
附件一（训练集）.xlsx|材料1|2206,4,45688.42887,49341.8543736,46208.8690963,47149.4654574
附件一（训练集）.xlsx|材料1|2207,4,57272.84037,57797.88626,61432.2189836,59382.0367282
附件一（训练集）.xlsx|材料1|2208,1,73046.40383,81063.6979245,74128.4137853,78735.8499871
附件一（训练集）.xlsx|材料1|2209,0,115740.5438,115712.687407,116610.186559,121396.970139
附件一（训练集）.xlsx|材料1|221,3,109976.8533,106727.402751,104826.267838,117467.490473
附件一（训练集）.xlsx|材料1|2210,0,147146.712,146223.103748,160715.328864,164080.983416
附件一（训练集）.xlsx|材料1|2211,0,230739.6756,238018.767914,244173.326535,233041.522365
附件一（训练集）.xlsx|材料1|2212,4,376864.5529,331799.400274,376777.721386,342609.454261
附件一（训练集）.xlsx|材料1|2213,4,614290.188,617253.37142,616538.732638,588610.593589
附件一（训练集）.xlsx|材料1|2214,2,15075.09404,11218.7334533,13851.4802437,14497.0099497
附件一（训练集）.xlsx|材料1|2215,0,19344.94252,21794.1733691,19846.8352068,20834.4225616
附件一（训练集）.xlsx|材料1|2216,3,30132.49779,30418.2078372,33677.0827795,34299.4466753
附件一（训练集）.xlsx|材料1|2217,3,37983.62157,29887.0369135,43106.5283433,44558.0738698
附件一（训练集）.xlsx|材料1|2218,4,47667.4265,51779.1063872,45476.5235299,44010.7154358
附件一（训练集）.xlsx|材料1|2219,4,59820.25789,51966.3532619,57823.266006,55825.287705
附件一（训练集）.xlsx|材料1|222,3,147898.0434,146598.07337,156398.84224,172067.6811
附件一（训练集）.xlsx|材料1|2220,1,76027.76152,88187.3095235,82531.76257,82781.6874178
附件一（训练集）.xlsx|材料1|2221,1,95674.68948,100915.831085,89551.6242915,91328.8522245
附件一（训练集）.xlsx|材料1|2222,0,120981.9047,125051.423481,133227.793469,129067.237132
附件一（训练集）.xlsx|材料1|2223,0,153478.401,157310.415308,150426.898431,162701.80801
附件一（训练集）.xlsx|材料1|2224,0,191115.8471,208398.059992,206422.886058,200482.765122
附件一（训练集）.xlsx|材料1|2225,0,239696.4338,251377.437881,263662.465519,246416.572367
附件一（训练集）.xlsx|材料1|2226,4,305707.5431,304841.457443,323765.728297,309338.301958
附件一（训练集）.xlsx|材料1|2227,4,388388.1359,346041.195108,374658.192986,374710.744123
附件一（训练集）.xlsx|材料1|2228,4,633185.7459,587000.257741,668749.361026,689113.239116
附件一（训练集）.xlsx|材料1|2229,3,18660.41453,20084.1895733,21102.7638114,22200.3668533
附件一（训练集）.xlsx|材料1|223,4,195279.9663,203246.615341,213575.216934,211151.716244
附件一（训练集）.xlsx|材料1|2230,3,23611.07973,26063.2882315,25358.1914981,24325.1381708
附件一（训练集）.xlsx|材料1|2231,4,29203.2313,34150.6681224,30288.916554,30359.4766317
附件一（训练集）.xlsx|材料1|2232,4,36771.80198,42311.8672817,39091.5864539,40324.2953439
附件一（训练集）.xlsx|材料1|2233,0,46266.66295,51625.7602596,49348.7861157,47586.252197
附件一（训练集）.xlsx|材料1|2234,0,58150.36357,62976.3778426,53201.9330558,55884.9380569
附件一（训练集）.xlsx|材料1|2235,0,74400.16881,88413.2280672,74910.560701,74758.5948359
附件一（训练集）.xlsx|材料1|2236,0,93113.1122,108795.725284,104184.54473,99383.6681847
附件一（训练集）.xlsx|材料1|2237,3,117534.316,136931.888343,120775.81635,123924.168637
附件一（训练集）.xlsx|材料1|2238,1,231730.5373,236316.414055,265821.560763,263901.161565
附件一（训练集）.xlsx|材料1|2239,2,476056.7033,444374.293579,488060.314006,499870.196212
附件一（训练集）.xlsx|材料1|224,4,263199.8984,299377.045171,273510.216907,273887.862417
附件一（训练集）.xlsx|材料1|2240,2,605116.4551,559144.944688,569392.037679,595364.894593
附件一（训练集）.xlsx|材料1|2241,1,4625.948633,4964.63520981,4487.54155578,4836.21651117
附件一（训练集）.xlsx|材料1|2242,4,6209.64566,6885.12730473,6568.87878731,6763.64044872
附件一（训练集）.xlsx|材料1|2243,4,8634.114766,11036.6578963,9054.268543,9664.46031813
附件一（训练集）.xlsx|材料1|2244,3,11901.88288,12955.1836068,12093.6654356,12575.0178054
附件一（训练集）.xlsx|材料1|2245,3,16135.45061,18202.529836,15784.6326929,16511.0128457
附件一（训练集）.xlsx|材料1|2246,3,21733.06614,24360.1757873,22860.043489,25102.1478421
附件一（训练集）.xlsx|材料1|2247,3,30644.49301,34295.3810794,30889.1959017,31835.6410422
附件一（训练集）.xlsx|材料1|2248,0,43748.80826,50828.9382064,44774.861354,42663.1172464
附件一（训练集）.xlsx|材料1|2249,0,62093.50944,73553.1922362,62360.3253412,62666.1644255
附件一（训练集）.xlsx|材料1|225,0,584646.126,553542.882014,588367.877161,578218.095512
附件一（训练集）.xlsx|材料1|2250,1,120860.0317,127153.707496,119149.360971,130415.65871
附件一（训练集）.xlsx|材料1|2251,2,167394.544,201195.331776,181215.152022,172021.399867
附件一（训练集）.xlsx|材料1|2252,2,232899.5912,264733.374341,228845.168354,220070.143217
附件一（训练集）.xlsx|材料1|2253,4,317373.2769,346204.992639,316737.553402,294834.021788
附件一（训练集）.xlsx|材料1|2254,1,3855.403161,4342.53873214,4147.99177807,3974.76318127
附件一（训练集）.xlsx|材料1|2255,3,5010.658185,5830.33484758,5590.76582113,5306.23053603
附件一（训练集）.xlsx|材料1|2256,3,12313.7727,13916.1536845,13312.2924231,13192.7638988
附件一（训练集）.xlsx|材料1|2257,3,16469.75761,17117.3281289,15713.5272486,16091.4914305
附件一（训练集）.xlsx|材料1|2258,3,22641.58209,23991.902891,25487.4121262,25659.7136306
附件一（训练集）.xlsx|材料1|2259,4,32185.32439,32268.8468975,34101.3903168,33187.0371287
附件一（训练集）.xlsx|材料1|226,0,778826.1991,822454.74103,846794.387355,795107.059068
附件一（训练集）.xlsx|材料1|2260,4,45604.68448,46518.9349159,46876.6061895,46875.7420792
附件一（训练集）.xlsx|材料1|2261,1,63658.94075,63174.6588025,67098.4712691,63978.5347091
附件一（训练集）.xlsx|材料1|2262,4,122057.8752,129414.483338,128393.108815,127212.439093
附件一（训练集）.xlsx|材料1|2263,4,170979.0985,176686.834889,168364.209604,167663.298264
附件一（训练集）.xlsx|材料1|2264,0,233589.7042,246684.765966,243346.514937,228725.14399
附件一（训练集）.xlsx|材料1|2265,0,327688.7114,310482.512738,327583.457734,304081.522817
附件一（训练集）.xlsx|材料1|2266,2,447495.1297,440263.128746,463214.79457,425741.997157
附件一（训练集）.xlsx|材料1|2267,1,3629.804343,3921.57281608,3593.93690996,3718.21299834
附件一（训练集）.xlsx|材料1|2268,0,4808.291382,5244.75935864,5227.70615088,5247.50773962
附件一（训练集）.xlsx|材料1|2269,3,8789.364332,10048.2823383,8516.5048345,8731.84086484
附件一（训练集）.xlsx|材料1|227,0,1741.014541,1777.80937517,1799.13174298,1718.1098218
附件一（训练集）.xlsx|材料1|2270,4,11471.9601,11682.2981824,11015.9200874,11052.8342402
附件一（训练集）.xlsx|材料1|2271,4,14740.89733,15676.3085438,14816.9582841,14465.073296
附件一（训练集）.xlsx|材料1|2272,3,20269.42278,19944.8485018,17578.5268468,17826.7691561
附件一（训练集）.xlsx|材料1|2273,4,28641.57512,28459.871397,30192.7456849,29290.6680022
附件一（训练集）.xlsx|材料1|2274,3,39570.33594,41453.3113982,40270.153924,39467.7961042
附件一（训练集）.xlsx|材料1|2275,0,104433.533,103129.195658,109959.615581,112670.520393
附件一（训练集）.xlsx|材料1|2276,4,146196.176,154308.361518,146033.355267,145095.469151
附件一（训练集）.xlsx|材料1|2277,3,202241.8954,214553.930354,197873.246003,202290.309769
附件一（训练集）.xlsx|材料1|2278,2,283718.1761,298104.414972,275659.679941,284018.49122
附件一（训练集）.xlsx|材料1|2279,2,532943.9534,538037.269319,533226.252967,520769.834188
附件一（训练集）.xlsx|材料1|228,1,1568.169639,1715.96547567,1774.46227644,1715.66833196
附件一（训练集）.xlsx|材料1|2280,3,3402.951784,4096.05530099,2967.6978564,3068.31233201
附件一（训练集）.xlsx|材料1|2281,0,4509.832952,4785.88681996,4911.70504083,4811.53002684
附件一（训练集）.xlsx|材料1|2282,0,6219.101004,6479.07444165,6456.69258483,6704.7633084
附件一（训练集）.xlsx|材料1|2283,3,8296.446408,8683.33610784,7575.25230198,8142.83217381
附件一（训练集）.xlsx|材料1|2284,3,10674.60745,11510.5343811,10765.1855263,11690.1599757
附件一（训练集）.xlsx|材料1|2285,4,13957.74554,14540.7652612,14323.9151398,14540.9266509
附件一（训练集）.xlsx|材料1|2286,4,18431.75262,20044.2935731,19903.3038159,19482.9023152
附件一（训练集）.xlsx|材料1|2287,4,25677.91649,25114.6125969,25277.4294397,25727.7167641
附件一（训练集）.xlsx|材料1|2288,4,35435.35512,33463.3503419,35221.3695976,35227.0612003
附件一（训练集）.xlsx|材料1|2289,3,48969.46637,49607.14595,49838.9602875,52138.4781396
附件一（训练集）.xlsx|材料1|229,0,2071.805286,1951.45191589,2064.15510009,1943.71256424
附件一（训练集）.xlsx|材料1|2290,3,66602.14229,63712.9873485,65020.2163246,63109.8375251
附件一（训练集）.xlsx|材料1|2291,0,91657.20241,87375.9569676,89630.9521791,86227.3406209
附件一（训练集）.xlsx|材料1|2292,3,173689.8286,171592.13444,156896.715152,163462.84077
附件一（训练集）.xlsx|材料1|2293,3,244843.9782,252385.622448,236405.644926,235922.064071
附件一（训练集）.xlsx|材料1|2294,2,337354.5565,344567.545108,345241.225036,349770.583289
附件一（训练集）.xlsx|材料1|2295,2,464149.2191,460530.197791,441514.360476,472130.380551
附件一（训练集）.xlsx|材料1|2296,3,3202.188971,3314.75834898,2809.73203839,3151.59293101
附件一（训练集）.xlsx|材料1|2297,3,4201.233831,4345.94552548,3839.01978399,3747.73678924
附件一（训练集）.xlsx|材料1|2298,0,5615.042185,5461.43121293,5460.03816052,5442.80254527
附件一（训练集）.xlsx|材料1|2299,3,9606.226554,9491.11151293,9124.06857499,8964.15439415
附件一（训练集）.xlsx|材料1|23,3,50069.23431,44905.3046421,47657.0383905,40797.7047262
附件一（训练集）.xlsx|材料1|230,1,3794.890527,4019.36506879,3736.83373222,3604.34167643
附件一（训练集）.xlsx|材料1|2300,3,12587.97579,11963.9708882,12574.2304052,13078.9230082
附件一（训练集）.xlsx|材料1|2301,4,16760.96699,18763.4388234,16283.3110529,17299.7945186
附件一（训练集）.xlsx|材料1|2302,4,22674.0827,24629.3420876,22818.6995628,24410.6372203
附件一（训练集）.xlsx|材料1|2303,4,31239.97225,30724.0112423,30017.3972786,30635.3739389
附件一（训练集）.xlsx|材料1|2304,4,43124.00206,45199.0027055,45224.4654269,43237.8659664
附件一（训练集）.xlsx|材料1|2305,3,58014.82481,62734.2008031,55930.2643713,58901.867262
附件一（训练集）.xlsx|材料1|2306,0,110409.9,109810.735647,108897.057096,99547.3580079
附件一（训练集）.xlsx|材料1|2307,0,150584.6931,152088.459895,143832.572051,142120.56274
附件一（训练集）.xlsx|材料1|2308,3,209944.4507,213337.717848,180968.119943,183567.073851
附件一（训练集）.xlsx|材料1|2309,3,291288.8015,312767.955376,281421.510157,277628.720987
附件一（训练集）.xlsx|材料1|231,0,12211.32658,10464.2963386,10126.8976186,9304.59452799
附件一（训练集）.xlsx|材料1|2310,2,402454.6648,431102.266265,393392.830942,405319.851205
附件一（训练集）.xlsx|材料1|2311,2,551737.6454,548884.267999,551245.508603,569506.005254
附件一（训练集）.xlsx|材料1|2312,2,756429.4291,793890.751326,738837.344647,741490.733146
附件一（训练集）.xlsx|材料1|2313,1,3355.326673,4040.38144128,3293.19886407,3557.77724873
附件一（训练集）.xlsx|材料1|2314,2,4368.111993,5297.7629276,5088.00933272,4577.84756849
附件一（训练集）.xlsx|材料1|2315,3,7744.292208,8713.99038889,7520.50593057,7180.83100825
附件一（训练集）.xlsx|材料1|2316,3,9940.636176,9407.10795967,8671.7435821,8279.72443565
附件一（训练集）.xlsx|材料1|2317,1,8574.680781,9719.80421029,9567.55907753,10004.0155709
附件一（训练集）.xlsx|材料1|2318,1,15040.69189,18194.7050098,15796.7150729,16662.292203
附件一（训练集）.xlsx|材料1|2319,1,19969.13071,21425.2738845,21874.3800146,21766.1070962
附件一（训练集）.xlsx|材料1|232,0,16267.93111,12173.3813281,11839.8793818,10840.6241232
附件一（训练集）.xlsx|材料1|2320,4,26475.30445,30927.5761951,29073.4686042,29672.0638513
附件一（训练集）.xlsx|材料1|2321,4,34452.85537,36610.3120323,37082.5336537,36042.1658897
附件一（训练集）.xlsx|材料1|2322,4,45460.32374,56819.6161579,48518.7719081,48112.4378245
附件一（训练集）.xlsx|材料1|2323,4,59634.05841,69803.4935637,59639.1778701,60064.899486
附件一（训练集）.xlsx|材料1|2324,3,420412.4859,488621.976869,427875.256146,413501.129755
附件一（训练集）.xlsx|材料1|2325,3,551657.5383,613780.838311,579166.842892,564115.871382
附件一（训练集）.xlsx|材料1|2326,2,952415.6338,1011678.35689,900691.192102,901935.787875
附件一（训练集）.xlsx|材料1|2327,2,1249054.807,1274081.79113,1200355.17251,1159026.72406
附件一（训练集）.xlsx|材料1|2328,2,1641314.178,1660041.5064,1634498.98225,1599196.8533
附件一（训练集）.xlsx|材料1|2329,0,2764832.535,2713686.3653,2584309.21778,2582403.51048
附件一（训练集）.xlsx|材料1|233,4,22632.85134,20294.0033918,21626.8336811,20877.4264312
附件一（训练集）.xlsx|材料1|2330,3,3606150.04,3286516.2118,3237565.61707,3073179.45457
附件一（训练集）.xlsx|材料1|2331,1,6862.476523,7672.34595702,7125.38737303,7415.68088116
附件一（训练集）.xlsx|材料1|2332,1,11657.8166,13469.7368424,12041.4104466,12360.7344257
附件一（训练集）.xlsx|材料1|2333,1,14969.4369,15501.7834322,15777.6728271,15706.3400497
附件一（训练集）.xlsx|材料1|2334,1,19656.23636,22530.5566277,18923.0473968,19466.5886241
附件一（训练集）.xlsx|材料1|2335,1,26416.46107,28334.0077328,26140.1193697,26213.3811131
附件一（训练集）.xlsx|材料1|2336,4,33758.62416,33519.6181295,32323.4267162,34167.9362211
附件一（训练集）.xlsx|材料1|2337,4,57554.71041,61480.6529944,56386.6886626,56472.4830396
附件一（训练集）.xlsx|材料1|2338,3,133070.0988,138277.713161,137887.963256,128698.435344
附件一（训练集）.xlsx|材料1|2339,4,175199.1725,205643.726607,168857.475091,168917.253759
附件一（训练集）.xlsx|材料1|234,2,41569.50494,37425.6324303,40497.0762893,39739.3615272
附件一（训练集）.xlsx|材料1|2340,4,228712.2475,264402.830584,240192.677347,244097.872298
附件一（训练集）.xlsx|材料1|2341,3,518325.6719,480795.623022,493629.211139,454500.010688
附件一（训练集）.xlsx|材料1|2342,2,896561.2016,902153.236456,817056.225571,825161.040994
附件一（训练集）.xlsx|材料1|2343,0,2600226.706,2313965.85927,2281968.07545,2414134.71429
附件一（训练集）.xlsx|材料1|2344,0,3398056.234,3019389.30247,3165859.55076,3226649.80859
附件一（训练集）.xlsx|材料1|2345,1,8620.244159,9719.80421029,9243.64546538,9805.93087374
附件一（训练集）.xlsx|材料1|2346,1,15102.6552,18320.188028,15763.3887767,17361.3623805
附件一（训练集）.xlsx|材料1|2347,1,19975.28886,21524.9274958,22089.9397359,21797.9801788
附件一（训练集）.xlsx|材料1|2348,4,26954.65647,30927.5761951,28500.6630211,28744.0220514
附件一（训练集）.xlsx|材料1|2349,4,34488.56974,36610.3120323,36930.1638123,36100.932992
附件一（训练集）.xlsx|材料1|235,2,56012.09577,50658.3930474,55356.7005664,57529.3163504
附件一（训练集）.xlsx|材料1|2350,4,45487.66603,56819.6161579,48187.8242207,47219.5101337
附件一（训练集）.xlsx|材料1|2351,4,59913.625,69803.4935637,58797.7247144,59368.0522046
附件一（训练集）.xlsx|材料1|2352,0,2123084.309,2033189.03148,1990250.66245,1967826.84977
附件一（训练集）.xlsx|材料1|2353,0,2771293.873,2713686.3653,2662883.77089,2725920.36414
附件一（训练集）.xlsx|材料1|2354,3,3616132.536,3286516.2118,3265349.50633,3104412.5224
附件一（训练集）.xlsx|材料1|2355,1,6757.30019,7672.34595702,7168.35607907,7210.12030906
附件一（训练集）.xlsx|材料1|2356,1,8567.370143,9825.80789965,8941.85822964,8891.93299639
附件一（训练集）.xlsx|材料1|2357,1,11418.57747,12814.0650118,12014.3741023,12115.4223693
附件一（训练集）.xlsx|材料1|2358,1,14854.77543,15667.905369,15403.4584453,15481.516471
附件一（训练集）.xlsx|材料1|2359,4,33249.42674,33519.6181295,32031.6867312,33553.4609174
附件一（训练集）.xlsx|材料1|236,2,98906.6499,90378.1009673,101008.786215,104926.466678
附件一（训练集）.xlsx|材料1|2360,4,43531.90434,44005.4280874,43505.2798264,43598.9631677
附件一（训练集）.xlsx|材料1|2361,4,57146.80649,61480.6529944,56284.8095628,56755.757839
附件一（训练集）.xlsx|材料1|2362,3,131737.0544,138277.713161,138398.076991,126424.918389
附件一（训练集）.xlsx|材料1|2363,4,174411.4117,205643.726607,165643.198544,161733.496694
附件一（训练集）.xlsx|材料1|2364,4,227663.4738,264402.830584,240576.642869,245061.471895
附件一（训练集）.xlsx|材料1|2365,3,517431.5515,480795.623022,490191.014235,459715.838164
附件一（训练集）.xlsx|材料1|2366,3,683795.4729,697451.262259,696127.632487,663208.595008
附件一（训练集）.xlsx|材料1|2367,2,898673.6519,902153.236456,841078.995776,887263.73287
附件一（训练集）.xlsx|材料1|2368,2,1541628.341,1564633.65144,1442997.70102,1457008.04605
附件一（训练集）.xlsx|材料1|2369,2,1993346.859,1873285.21871,2009055.29605,2053612.24659
附件一（训练集）.xlsx|材料1|237,0,237281.9938,243261.791634,204750.618999,206718.043215
附件一（训练集）.xlsx|材料1|2370,0,2606862.196,2388058.54156,2464584.07461,2436746.4622
附件一（训练集）.xlsx|材料1|2371,0,3403037.736,3019389.30247,3169156.81094,3365866.7577
附件一（训练集）.xlsx|材料1|2372,4,12568.70593,11982.7266716,11187.7289753,10409.3317913
附件一（训练集）.xlsx|材料1|2373,0,16599.30243,16842.7746911,16828.5173266,17549.3049505
附件一（训练集）.xlsx|材料1|2374,0,22311.45558,22209.7388527,26137.5469943,25834.4132048
附件一（训练集）.xlsx|材料1|2375,1,28359.74243,29990.1405797,30711.4456085,30164.0615529
附件一（训练集）.xlsx|材料1|2376,1,38051.07209,39822.4217232,40594.6657947,43217.3677332
附件一（训练集）.xlsx|材料1|2377,1,49087.74222,53899.7713874,56589.8844071,56730.0131386
附件一（训练集）.xlsx|材料1|2378,1,66352.89768,71005.4245021,67670.6587098,75483.7663933
附件一（训练集）.xlsx|材料1|2379,3,84150.62979,86358.695563,90834.8426563,96288.1245358
附件一（训练集）.xlsx|材料1|238,0,314961.8538,327858.58524,288611.225724,294244.207474
附件一（训练集）.xlsx|材料1|2380,3,110858.4523,114343.971297,117610.785019,115343.129172
附件一（训练集）.xlsx|材料1|2381,3,145429.5537,154693.895478,158041.270595,157279.687147
附件一（训练集）.xlsx|材料1|2382,3,191702.2985,200299.020831,197584.808197,187013.574203
附件一（训练集）.xlsx|材料1|2383,1,325497.1266,332946.859241,319544.423299,311820.237758
附件一（训练集）.xlsx|材料1|2384,0,420555.1756,457984.353678,450082.571353,418080.724808
附件一（训练集）.xlsx|材料1|2385,1,11673.9654,10798.1952592,11517.7304276,12293.6774496
附件一（训练集）.xlsx|材料1|2386,1,15082.98699,13598.479039,14558.6360576,15596.3729418
附件一（训练集）.xlsx|材料1|2387,1,25626.20472,22597.9922199,24717.6521088,24853.8038434
附件一（训练集）.xlsx|材料1|2388,1,34312.32593,35173.5791208,38014.2260137,36516.9202695
附件一（训练集）.xlsx|材料1|2389,1,44279.04154,40400.7075518,47788.3824367,46387.5041902
附件一（训练集）.xlsx|材料1|239,3,544722.457,554631.845921,548815.813902,556262.905864
附件一（训练集）.xlsx|材料1|2390,2,172735.7728,174400.111572,171373.579981,180688.901536
附件一（训练集）.xlsx|材料1|2391,2,296059.6819,303862.242157,293744.51805,290682.883006
附件一（训练集）.xlsx|材料1|2392,2,383170.9841,385787.103321,367483.642878,390010.05978
附件一（训练集）.xlsx|材料1|2393,0,8713.277468,7987.23730346,7993.70701379,8437.43811349
附件一（训练集）.xlsx|材料1|2394,0,11683.74421,10637.7502397,9555.40743963,10055.5121825
附件一（训练集）.xlsx|材料1|2395,4,15277.31431,14739.9632958,13691.396007,13704.3270923
附件一（训练集）.xlsx|材料1|2396,0,34017.55653,28230.0265904,32293.789319,29139.8343901
附件一（训练集）.xlsx|材料1|2397,1,46316.46317,46741.7227331,49603.0603629,46088.9836802
附件一（训练集）.xlsx|材料1|2398,1,58911.58219,54761.1017581,63744.3717376,57518.7268925
附件一（训练集）.xlsx|材料1|2399,3,77936.49401,70318.1018904,69822.4645477,68754.6223022
附件一（训练集）.xlsx|材料1|24,3,66762.87637,66583.1849269,63743.9467884,63284.5285508
附件一（训练集）.xlsx|材料1|240,3,709348.3739,699677.554077,676983.11424,657474.496482
附件一（训练集）.xlsx|材料1|2400,0,134016.4056,135001.806933,121781.308498,125615.642212
附件一（训练集）.xlsx|材料1|2401,0,174649.4613,166455.033078,156417.894161,160336.5836
附件一（训练集）.xlsx|材料1|2402,0,229920.3895,231414.38818,218610.694743,211979.632446
附件一（训练集）.xlsx|材料1|2403,0,295564.4565,287730.669007,278557.206881,293400.157841
附件一（训练集）.xlsx|材料1|2404,1,508632.882,499482.95302,492055.701632,505566.286597
附件一（训练集）.xlsx|材料1|2405,0,7455.827983,7075.7529736,7065.84701154,7057.15293894
附件一（训练集）.xlsx|材料1|2406,0,13398.64795,15465.314773,14661.2077639,14853.1572239
附件一（训练集）.xlsx|材料1|2407,4,16889.93427,16359.8948994,15509.938106,14818.0810605
附件一（训练集）.xlsx|材料1|2408,4,22728.31516,21138.3323856,19867.4674225,18442.3908427
附件一（训练集）.xlsx|材料1|2409,0,29709.69194,28327.2474918,28962.8400595,26411.9048226
附件一（训练集）.xlsx|材料1|241,0,2262.910587,2416.81218236,2407.69615586,2346.97963212
附件一（训练集）.xlsx|材料1|2410,1,51595.43088,51154.1370233,53971.7752907,53762.4277234
附件一（训练集）.xlsx|材料1|2411,0,345615.9114,340727.451709,351349.10525,343094.613534
附件一（训练集）.xlsx|材料1|2412,1,451893.2551,460069.744067,438374.138398,461299.508652
附件一（训练集）.xlsx|材料1|2413,1,587335.2407,629816.58451,616030.654254,628993.390459
附件一（训练集）.xlsx|材料1|2414,2,762433.5738,794301.338719,794826.980452,758684.232922
附件一（训练集）.xlsx|材料1|2415,2,6391.05658,5788.51698056,6076.65416634,6329.74513973
附件一（训练集）.xlsx|材料1|2416,2,8445.305691,8868.46030461,7948.05898833,8055.70605222
附件一（训练集）.xlsx|材料1|2417,1,11550.45262,12258.4582191,12219.869178,10811.8426576
附件一（训练集）.xlsx|材料1|2418,1,14752.05627,14951.5474204,14383.1006004,14608.0216545
附件一（训练集）.xlsx|材料1|2419,2,19575.19698,22055.3256835,19714.2310165,19180.4711807
附件一（训练集）.xlsx|材料1|242,1,1948.042054,2182.59891447,2136.27124898,2044.53956407
附件一（训练集）.xlsx|材料1|2420,2,25459.66537,27062.1263275,23806.9822938,22347.6191217
附件一（训练集）.xlsx|材料1|2421,1,35001.95878,33229.1764479,37994.2074046,36383.8171938
附件一（训练集）.xlsx|材料1|2422,1,45300.19668,40030.6017346,45302.4469196,44405.7916569
附件一（训练集）.xlsx|材料1|2423,0,79900.83184,86093.0927356,90936.6861766,93589.817885
附件一（训练集）.xlsx|材料1|2424,3,105496.1349,106191.554835,107781.075379,102111.962111
附件一（训练集）.xlsx|材料1|2425,3,137459.4969,137114.57605,132845.833894,130619.029282
附件一（训练集）.xlsx|材料1|2426,0,180012.4118,164331.229379,169571.114896,165592.365489
附件一（训练集）.xlsx|材料1|2427,0,233482.3137,192319.36691,193543.259706,196005.726188
附件一（训练集）.xlsx|材料1|2428,4,526202.223,524453.66529,557470.308872,538298.873567
附件一（训练集）.xlsx|材料1|2429,3,890439.6327,870199.184241,866646.353389,853671.454459
附件一（训练集）.xlsx|材料1|243,0,2592.256897,2582.63619244,2574.19389804,2614.07192108
附件一（训练集）.xlsx|材料1|2430,0,5455.6115,4944.00923556,5659.01777673,5571.85152994
附件一（训练集）.xlsx|材料1|2431,2,7263.512133,6476.2241494,7000.74696618,7098.81989091
附件一（训练集）.xlsx|材料1|2432,2,9955.337787,10791.5353226,9397.36385062,9345.3359132
附件一（训练集）.xlsx|材料1|2433,1,12820.68746,13478.3021125,13050.6344192,11999.1843658
附件一（训练集）.xlsx|材料1|2434,1,17485.93625,17818.6291026,17275.5360365,18360.4280818
附件一（训练集）.xlsx|材料1|2435,2,22381.30325,22727.9785454,21708.2693991,21382.6801578
附件一（训练集）.xlsx|材料1|2436,1,53508.45715,56155.5174888,59252.2847589,51311.2388334
附件一（训练集）.xlsx|材料1|2437,0,71007.41357,68517.9685252,70744.4741594,73874.244233
附件一（训练集）.xlsx|材料1|2438,0,94221.01931,95158.138712,93978.5873393,101265.297485
附件一（训练集）.xlsx|材料1|2439,3,122895.1649,127943.088183,123571.158976,117091.134121
附件一（训练集）.xlsx|材料1|244,1,4704.915331,5908.40390828,5425.8963682,5393.21512525
附件一（训练集）.xlsx|材料1|2440,3,161156.1532,168687.819317,173638.859097,168290.98999
附件一（训练集）.xlsx|材料1|2441,0,210418.1031,195166.956502,196495.435708,204725.451362
附件一（训练集）.xlsx|材料1|2442,0,475260.925,512380.183612,535841.769802,516031.884338
附件一（训练集）.xlsx|材料1|2443,4,620715.7589,605284.782163,633489.911639,603338.12773
附件一（训练集）.xlsx|材料1|2444,4,808349.4939,842824.166282,864950.50657,811118.387107
附件一（训练集）.xlsx|材料1|2445,2,4760.381355,4719.36044108,4363.08104731,4575.38574969
附件一（训练集）.xlsx|材料1|2446,0,8760.661555,8746.09074493,8603.7243831,8340.60075202
附件一（训练集）.xlsx|材料1|2447,0,11335.40285,11790.2061239,9402.35102512,9603.27701391
附件一（训练集）.xlsx|材料1|2448,0,27204.63919,27415.7777702,25615.2138114,24964.9056201
附件一（训练集）.xlsx|材料1|2449,1,63849.69312,60461.9321636,63740.8500999,60791.924407
附件一（训练集）.xlsx|材料1|245,1,6166.926736,6558.20614306,6666.11897661,6665.29690936
附件一（训练集）.xlsx|材料1|2450,0,85067.56299,84023.9878802,84606.8603054,79494.0536537
附件一（训练集）.xlsx|材料1|2451,0,111680.8592,126320.49053,118884.537326,123212.792543
附件一（训练集）.xlsx|材料1|2452,1,147001.9337,162535.298531,166022.016546,161798.825073
附件一（训练集）.xlsx|材料1|2453,1,192313.4471,212043.813043,200037.27176,195433.293627
附件一（训练集）.xlsx|材料1|2454,1,254258.099,281931.874632,265974.554924,282893.965713
附件一（训练集）.xlsx|材料1|2455,3,437069.1589,437999.772314,432634.888483,426536.105639
附件一（训练集）.xlsx|材料1|2456,1,750797.2393,789219.721679,728698.610345,754836.268719
附件一（训练集）.xlsx|材料1|2457,1,962490.315,971696.975466,892498.437181,916704.712758
附件一（训练集）.xlsx|材料1|2458,3,1254344.225,1158266.04836,1112681.51042,1152108.36119
附件一（训练集）.xlsx|材料1|2459,1,4132.497455,4146.42940353,4330.96484415,4460.25251099
附件一（训练集）.xlsx|材料1|246,2,10941.64448,10891.0923038,11368.1571936,10578.1782113
附件一（训练集）.xlsx|材料1|2460,3,5456.584884,6023.99560344,5387.42227479,5231.63141729
附件一（训练集）.xlsx|材料1|2461,1,9677.11589,9501.94759179,9383.21345729,10071.7702625
附件一（训练集）.xlsx|材料1|2462,1,13175.37132,13427.0473712,14898.7365017,13838.1966564
附件一（训练集）.xlsx|材料1|2463,3,17447.79703,17982.803641,17653.1555148,17720.8157735
附件一（训练集）.xlsx|材料1|2464,3,24104.59335,24837.683541,25901.3209897,25452.4269252
附件一（训练集）.xlsx|材料1|2465,2,41848.60473,40745.5063047,40434.5688099,39483.6229971
附件一（训练集）.xlsx|材料1|2466,2,55753.72075,52723.9470345,48862.9882031,45312.8605123
附件一（训练集）.xlsx|材料1|2467,2,74638.55184,70290.3268899,75512.1524556,72135.3902404
附件一（训练集）.xlsx|材料1|2468,4,98400.24766,97379.3014771,98501.888245,93600.5165124
附件一（训练集）.xlsx|材料1|2469,0,170533.3907,160455.752368,165913.131949,169121.412964
附件一（训练集）.xlsx|材料1|247,0,14874.62098,14582.07418,14851.1196774,14496.3495655
附件一（训练集）.xlsx|材料1|2470,2,295224.2316,331350.578186,335239.977582,321059.33911
附件一（训练集）.xlsx|材料1|2471,2,386641.99,439020.709328,453320.525838,427389.80657
附件一（训练集）.xlsx|材料1|2472,4,665103.1074,773539.579963,830630.664935,822190.381854
附件一（训练集）.xlsx|材料1|2473,4,848154.7563,891322.879635,924180.826281,881167.648108
附件一（训练集）.xlsx|材料1|2474,4,1112643.992,1096765.21719,1155569.21094,1127579.88991
附件一（训练集）.xlsx|材料1|2475,1,1444836.605,1418532.10252,1431871.07197,1446039.41451
附件一（训练集）.xlsx|材料1|2476,1,3574.166839,3168.28528136,3249.84530391,3628.47228768
附件一（训练集）.xlsx|材料1|2477,3,8355.249479,8573.41623332,7786.94023651,8074.4584617
附件一（训练集）.xlsx|材料1|2478,1,11470.54488,12614.9050877,10781.0503069,11341.8758098
附件一（训练集）.xlsx|材料1|2479,1,15051.86677,16013.783947,14602.0395652,15832.4083955
附件一（训练集）.xlsx|材料1|248,4,27126.64693,24068.9465262,25120.0344199,25360.6771919
附件一（训练集）.xlsx|材料1|2480,3,20854.86861,21779.0625041,22247.8303948,22465.9172215
附件一（训练集）.xlsx|材料1|2481,3,27735.21731,25751.9557635,24118.3335409,25461.8209664
附件一（训练集）.xlsx|材料1|2482,2,36511.78654,40394.1233912,35510.9229114,36770.8220228
附件一（训练集）.xlsx|材料1|2483,2,48724.79266,47978.8218726,45789.5368219,45471.1137925
附件一（训练集）.xlsx|材料1|2484,2,65963.72346,65198.5215944,59030.5892183,54719.8855372
附件一（训练集）.xlsx|材料1|2485,2,86750.61509,92804.0002474,88500.7633151,89306.0102856
附件一（训练集）.xlsx|材料1|2486,4,114817.9251,119860.596055,122487.078444,117774.893645
附件一（训练集）.xlsx|材料1|2487,0,199735.3,193828.830024,201229.953097,208826.232877
附件一（训练集）.xlsx|材料1|2488,0,262720.9189,281978.927944,279286.835868,296679.321641
附件一（训练集）.xlsx|材料1|2489,2,345122.4436,321264.112261,343601.74732,329989.001216
附件一（训练集）.xlsx|材料1|249,4,37101.17357,36731.8302865,40444.1222485,41599.5404845
附件一（训练集）.xlsx|材料1|2490,4,593165.7869,632265.947937,621685.933207,608341.488903
附件一（训练集）.xlsx|材料1|2491,4,759038.7633,726721.679843,676458.631659,691088.129925
附件一（训练集）.xlsx|材料1|2492,4,998726.4413,993498.449675,978756.041854,999613.788297
附件一（训练集）.xlsx|材料1|2493,4,1296950.217,1380177.81865,1334891.66226,1464139.45765
附件一（训练集）.xlsx|材料1|2494,1,1692243.519,1799554.20906,1776352.90729,1801878.32906
附件一（训练集）.xlsx|材料1|2495,2,4313.76447,4414.18858724,4202.76627758,4135.78659766
附件一（训练集）.xlsx|材料1|2496,2,5884.273179,6598.12785309,6501.41346734,6091.10744721
附件一（训练集）.xlsx|材料1|2497,3,7525.743139,8364.14577109,7630.11774536,7447.46328889
附件一（训练集）.xlsx|材料1|2498,3,13641.66472,14706.5671474,13795.1229218,13706.3605562
附件一（训练集）.xlsx|材料1|2499,1,25083.07128,23010.5578079,23966.3746622,22141.3052128
附件一（训练集）.xlsx|材料1|25,4,113796.1134,123948.119349,115973.512435,112904.338013
附件一（训练集）.xlsx|材料1|250,2,50336.60598,47416.5188445,47304.5415155,46272.7600934
附件一（训练集）.xlsx|材料1|2500,1,33821.8212,33839.7967352,35249.2284507,32237.7261843
附件一（训练集）.xlsx|材料1|2501,1,44367.52716,43664.42376,44107.8196476,42060.613897
附件一（训练集）.xlsx|材料1|2502,2,105099.362,104478.696705,105554.387278,105943.65062
附件一（训练集）.xlsx|材料1|2503,0,137595.8996,137185.335842,143122.179401,152981.625457
附件一（训练集）.xlsx|材料1|2504,0,183581.4614,210683.425327,199005.404778,206420.148755
附件一（训练集）.xlsx|材料1|2505,0,547984.9576,629607.716189,588199.778418,571592.256097
附件一（训练集）.xlsx|材料1|2506,3,701640.3683,714797.674085,691340.072247,682491.269
附件一（训练集）.xlsx|材料1|2507,0,1209329.255,1451027.01283,1288457.70981,1227461.88433
附件一（训练集）.xlsx|材料1|2508,0,2053107.988,2144717.98002,2110957.40642,1995916.49157
附件一（训练集）.xlsx|材料1|2509,1,2890.265367,3039.81601232,3036.34629479,3148.00966867
附件一（训练集）.xlsx|材料1|251,2,69303.99422,64181.8051581,66348.3017836,68879.7245379
附件一（训练集）.xlsx|材料1|2510,1,3879.119207,3912.50401665,3950.70728553,3790.26836188
附件一（训练集）.xlsx|材料1|2511,2,5242.527551,6011.97480286,5412.14903046,5051.32539167
附件一（训练集）.xlsx|材料1|2512,2,6763.633366,7065.36360078,6709.0005115,6376.32170458
附件一（训练集）.xlsx|材料1|2513,3,11912.31745,13041.6850988,11637.9566497,11041.3776536
附件一（训练集）.xlsx|材料1|2514,3,16566.20495,17758.2950273,16948.6108909,16624.7555004
附件一（训练集）.xlsx|材料1|2515,3,22122.13244,19977.6614443,19111.6164433,19872.5946516
附件一（训练集）.xlsx|材料1|2516,1,29773.2507,26922.2711044,28089.7825893,27711.9788183
附件一（训练集）.xlsx|材料1|2517,1,39907.98521,40874.2163159,40224.5419559,38819.7180434
附件一（训练集）.xlsx|材料1|2518,1,69741.5514,79072.0777176,77892.9769098,78011.0555741
附件一（训练集）.xlsx|材料1|2519,2,92796.25036,109118.628465,87678.4525569,89866.264937
附件一（训练集）.xlsx|材料1|252,2,90837.14978,76813.6033054,85099.1089791,86839.3315705
附件一（训练集）.xlsx|材料1|2520,2,122028.4962,113608.877803,109456.848503,116359.721194
附件一（训练集）.xlsx|材料1|2521,0,216518.4239,232809.303368,213620.639257,224440.723251
附件一（训练集）.xlsx|材料1|2522,2,284142.8937,273937.268427,276278.23149,261669.947091
附件一（训练集）.xlsx|材料1|2523,2,373504.9225,402108.574219,398070.609867,422127.751401
附件一（训练集）.xlsx|材料1|2524,0,492480.0012,461538.491033,496089.019413,483479.675787
附件一（训练集）.xlsx|材料1|2525,3,836164.3563,783953.302472,876309.374847,844455.662137
附件一（训练集）.xlsx|材料1|2526,3,1091272.096,915134.654508,960393.066293,1004371.875
附件一（训练集）.xlsx|材料1|2527,0,1427193.23,1436499.59457,1424332.17728,1378219.56422
附件一（训练集）.xlsx|材料1|2528,0,1856005.719,1975880.00174,1818862.0799,1784845.94149
附件一（训练集）.xlsx|材料1|2529,0,2721.525935,2777.49325685,2489.59883432,2472.79695468
附件一（训练集）.xlsx|材料1|253,2,120548.5034,128840.316827,119588.291819,120327.478349
附件一（训练集）.xlsx|材料1|2530,1,3561.405234,3578.49405941,3284.31111879,3505.18559284
附件一（训练集）.xlsx|材料1|2531,1,4832.860581,5709.16124181,5492.67773288,5568.8422636
附件一（训练集）.xlsx|材料1|2532,2,6236.48584,5910.03840804,5763.31763673,5822.9781652
附件一（训练集）.xlsx|材料1|2533,3,10985.2907,11497.2584422,10788.2028288,11312.7844183
附件一（训练集）.xlsx|材料1|2534,3,26911.82763,25405.8195435,23294.1451847,24705.1307
附件一（训练集）.xlsx|材料1|2535,1,36253.25739,34708.1344076,36372.7370157,39156.058529
附件一（训练集）.xlsx|材料1|2536,1,48784.99029,51643.2916814,47244.7076097,48972.303324
附件一（训练集）.xlsx|材料1|2537,1,63275.71016,66130.8659028,66075.7123776,63482.9385891
附件一（训练集）.xlsx|材料1|2538,2,110882.4857,109475.703192,107289.445394,117263.772428
附件一（训练集）.xlsx|材料1|2539,0,196618.2547,195682.996618,212602.472471,212402.34924
附件一（训练集）.xlsx|材料1|254,4,160968.1046,161584.846941,173016.514704,172263.874539
附件一（训练集）.xlsx|材料1|2540,2,342067.6204,337279.420604,356757.826879,338373.736924
附件一（训练集）.xlsx|材料1|2541,2,451474.4704,472764.933241,513918.483443,535863.903225
附件一（训练集）.xlsx|材料1|2542,0,766766.7068,785499.310958,830461.611909,850134.744213
附件一（训练集）.xlsx|材料1|2543,0,1718551.62,1890884.59347,1733531.10015,1715118.82427
附件一（训练集）.xlsx|材料1|2544,2,2591.067928,2748.25608028,2849.43190551,2871.48415985
附件一（训练集）.xlsx|材料1|2545,4,4529.149742,4927.66938448,5006.84726032,4824.72228688
附件一（训练集）.xlsx|材料1|2546,4,5789.921281,5972.12066918,5790.81853988,5794.42946527
附件一（训练集）.xlsx|材料1|2547,0,7888.536324,8973.25566923,9674.554224,9211.48904413
附件一（训练集）.xlsx|材料1|2548,2,13912.55377,17030.8133145,15093.3039078,14295.1889706
附件一（训练集）.xlsx|材料1|2549,2,18445.29415,17966.2947014,17278.1612979,17310.6406688
附件一（训练集）.xlsx|材料1|255,4,216823.809,233346.745446,246245.960197,246038.174424
附件一（训练集）.xlsx|材料1|2550,0,24609.73694,23783.7491238,24956.7784882,23510.3686136
附件一（训练集）.xlsx|材料1|2551,1,76702.14207,86314.2196975,88104.8558808,82589.1863895
附件一（训练集）.xlsx|材料1|2552,1,135162.8135,146192.713087,141465.637543,135764.094261
附件一（训练集）.xlsx|材料1|2553,1,180182.2365,186965.498947,193057.731916,192145.21164
附件一（训练集）.xlsx|材料1|2554,3,237953.4608,255947.257693,255789.017665,249929.630393
附件一（训练集）.xlsx|材料1|2555,3,314151.8674,340493.827275,328853.092919,317139.97386
附件一（训练集）.xlsx|材料1|2556,1,412969.3793,411499.735917,401853.883526,387976.902426
附件一（训练集）.xlsx|材料1|2557,1,532821.9849,464265.22674,493173.149335,472903.338438
附件一（训练集）.xlsx|材料1|2558,2,703949.0961,694814.505453,739542.765781,714821.949509
附件一（训练集）.xlsx|材料1|2559,2,922340.4674,920332.420543,962248.389236,883284.179692
附件一（训练集）.xlsx|材料1|256,0,286943.8736,284385.012776,252955.312251,252189.65654
附件一（训练集）.xlsx|材料1|2560,3,1211997.946,1175224.01487,1194467.38667,1069556.22069
附件一（训练集）.xlsx|材料1|2561,3,1585250.526,1480347.99031,1399933.77364,1323983.08126
附件一（训练集）.xlsx|材料1|2562,0,2548.862964,2780.43487013,2818.62785711,2872.15819178
附件一（训练集）.xlsx|材料1|2563,1,3355.769616,3341.40649782,3448.80796277,3288.56158429
附件一（训练集）.xlsx|材料1|2564,1,4461.933464,5235.66133224,4744.51906693,4916.35253883
附件一（训练集）.xlsx|材料1|2565,2,7637.699067,8018.63102633,8123.84955892,7303.45156246
附件一（训练集）.xlsx|材料1|2566,0,9893.089393,10440.0963159,11384.1594421,11542.264075
附件一（训练集）.xlsx|材料1|2567,0,13493.62046,14581.3363717,14029.7395774,14194.6959093
附件一（训练集）.xlsx|材料1|2568,4,17552.08079,19640.3465416,19009.2885795,18866.4812606
附件一（训练集）.xlsx|材料1|2569,4,23552.47774,23983.4638087,24111.3779385,24842.0475137
附件一（训练集）.xlsx|材料1|257,0,385325.0273,386315.854324,369988.014799,353462.56674
附件一（训练集）.xlsx|材料1|2570,1,42201.4087,44892.4732941,44198.187432,47359.494186
附件一（训练集）.xlsx|材料1|2571,4,55286.14093,56385.5503768,65392.3937698,64783.0541328
附件一（训练集）.xlsx|材料1|2572,4,73725.18566,76154.5280674,79981.4630582,82989.3433584
附件一（训练集）.xlsx|材料1|2573,4,95128.81985,97959.289337,99165.9294664,100577.43131
附件一（训练集）.xlsx|材料1|2574,4,126955.5641,131108.216436,123410.791907,135752.511346
附件一（训练集）.xlsx|材料1|2575,2,168886.3989,171927.240135,150047.162471,158187.032943
附件一（训练集）.xlsx|材料1|2576,2,222192.5942,226305.481767,217009.179974,211509.646605
附件一（训练集）.xlsx|材料1|2577,2,293320.3865,300091.452103,308447.767142,303942.043361
附件一（训练集）.xlsx|材料1|2578,2,389493.6803,424393.492646,416954.550251,420670.329804
附件一（训练集）.xlsx|材料1|2579,0,665211.0648,659326.005273,737918.080019,720881.127327
附件一（训练集）.xlsx|材料1|258,0,2889.53144,3362.98199212,2974.34482701,3002.40973936
附件一（训练集）.xlsx|材料1|2580,0,869195.276,903485.795153,921307.413397,837246.130315
附件一（训练集）.xlsx|材料1|2581,0,1141063.675,1174333.44582,1127836.18834,1049563.76127
附件一（训练集）.xlsx|材料1|2582,3,1495837.971,1490985.90673,1478576.68868,1336803.46896
附件一（训练集）.xlsx|材料1|2583,0,2552.731177,2933.31335735,2920.39166971,2977.14179224
附件一（训练集）.xlsx|材料1|2584,1,4448.825328,5236.8560131,4405.12566537,4474.79910885
附件一（训练集）.xlsx|材料1|2585,2,7491.151786,7896.48355469,7699.20869129,7171.769162
附件一（训练集）.xlsx|材料1|2586,2,9653.28201,11330.0641226,10527.7422513,9441.81932637
附件一（训练集）.xlsx|材料1|2587,0,17072.0793,17887.3680063,17290.0315296,17391.4487471
附件一（训练集）.xlsx|材料1|2588,4,22498.08462,25413.4883116,23175.6941834,25165.7377567
附件一（训练集）.xlsx|材料1|2589,4,29724.67276,29996.4753065,29662.3084997,30941.4329646
附件一（训练集）.xlsx|材料1|259,2,2480.678594,2699.82238583,2841.27070829,3038.32941541
附件一（训练集）.xlsx|材料1|2590,1,39870.22687,38705.9021459,40626.6281348,37621.5999711
附件一（训练集）.xlsx|材料1|2591,1,52360.36567,48427.1487805,52865.9700789,53972.8262282
附件一（训练集）.xlsx|材料1|2592,2,19682.70442,19620.9695522,19424.5849445,20465.669632
附件一（训练集）.xlsx|材料1|2593,1,54467.7123,62210.1496775,55482.1620631,58235.6693695
附件一（训练集）.xlsx|材料1|2594,4,794882.0109,916375.328569,822700.349309,838398.252542
附件一（训练集）.xlsx|材料1|2595,0,1045122.411,1086775.85078,1050953.34151,1060829.84373
附件一（训练集）.xlsx|材料1|2596,0,1374626.097,1595807.31901,1416951.84127,1327227.3934
附件一（训练集）.xlsx|材料1|2597,3,1782793.135,1820370.16244,1761449.59437,1877517.92133
附件一（训练集）.xlsx|材料1|2598,3,2339872.82,2345510.18692,2302746.47378,2373041.10565
附件一（训练集）.xlsx|材料1|2599,1,7537.915887,8061.60063932,6934.9448992,7480.07110361
附件一（训练集）.xlsx|材料1|26,4,148257.1129,161296.541109,146530.716232,158449.908572
附件一（训练集）.xlsx|材料1|260,0,3297.714089,3735.07065283,3520.30065464,3634.64038739
附件一（训练集）.xlsx|材料1|2600,1,9538.164313,9878.29922806,8585.15759732,9111.53874524
附件一（训练集）.xlsx|材料1|2601,3,12245.39992,11546.1428308,10875.3363734,10995.6923944
附件一（训练集）.xlsx|材料1|2602,2,26619.95387,22947.8646443,24370.705378,24621.5638692
附件一（训练集）.xlsx|材料1|2603,1,33653.34532,32917.819477,31854.9279461,31673.9995044
附件一（训练集）.xlsx|材料1|2604,1,43182.45211,40445.2061565,40164.9980705,41271.5479317
附件一（训练集）.xlsx|材料1|2605,1,260398.8384,306433.715261,296518.956508,300913.153246
附件一（训练集）.xlsx|材料1|2606,1,338556.4061,354504.708169,342588.498958,347923.086722
附件一（训练集）.xlsx|材料1|2607,4,441391.7157,445109.988618,409916.145392,406537.983816
附件一（训练集）.xlsx|材料1|2608,4,580609.6182,623683.201946,578057.99541,586162.297812
附件一（训练集）.xlsx|材料1|2609,4,762105.158,790188.028089,798854.849086,814755.45201
附件一（训练集）.xlsx|材料1|261,0,4341.331734,5036.4193446,4936.33663055,5226.44916407
附件一（训练集）.xlsx|材料1|2610,4,997478.8169,1103088.42718,1032053.01604,1060253.05419
附件一（训练集）.xlsx|材料1|2611,0,1310790.578,1327633.54087,1314815.70652,1273070.82068
附件一（训练集）.xlsx|材料1|2612,0,1693501.524,1751826.79244,1734787.72507,1646254.93258
附件一（训练集）.xlsx|材料1|2613,3,2222128.772,2341687.21048,2228798.26156,2294542.8734
附件一（训练集）.xlsx|材料1|2614,3,2908827.644,2877716.12481,3020843.88692,2869965.55481
附件一（训练集）.xlsx|材料1|2615,3,11836.75242,11976.7709497,11784.776513,11738.8673281
附件一（训练集）.xlsx|材料1|2616,1,26086.27792,28280.6099307,26036.7889497,26499.4393691
附件一（训练集）.xlsx|材料1|2617,1,33361.21792,32822.9937879,34102.1088788,34034.4928835
附件一（训练集）.xlsx|材料1|2618,1,54567.15227,62210.1496775,54523.3481625,57783.8892799
附件一（训练集）.xlsx|材料1|2619,3,1786557.198,1820370.16244,1754681.95698,1851490.81382
附件一（训练集）.xlsx|材料1|262,0,5670.629505,6168.50260236,5871.88056006,6276.58333412
附件一（训练集）.xlsx|材料1|2620,3,2344307.014,2380297.40954,2347355.58797,2352530.94991
附件一（训练集）.xlsx|材料1|2621,1,9628.686851,10667.5118322,8903.60623121,9623.51446814
附件一（训练集）.xlsx|材料1|2622,3,15820.53076,14944.1763318,14746.2196364,14926.1915938
附件一（训练集）.xlsx|材料1|2623,2,26623.5658,22947.8646443,24447.479394,24894.4416869
附件一（训练集）.xlsx|材料1|2624,1,33782.81994,32871.3269104,31783.6766776,31773.2711526
附件一（训练集）.xlsx|材料1|2625,1,43453.54609,40435.5818608,41449.6084734,42022.6775243
附件一（训练集）.xlsx|材料1|2626,1,54973.27277,56099.7040588,54182.8954462,52894.4263847
附件一（训练集）.xlsx|材料1|2627,1,339581.1328,354504.708169,342245.894594,344533.726925
附件一（训练集）.xlsx|材料1|2628,4,441935.0295,445109.988618,413196.613977,410622.697752
附件一（训练集）.xlsx|材料1|2629,4,580533.0546,623683.201946,569758.505927,571101.062713
附件一（训练集）.xlsx|材料1|263,3,13623.67457,14299.7827818,13853.6167222,14684.1629413
附件一（训练集）.xlsx|材料1|2630,4,764603.436,790188.028089,798000.835283,809356.582433
附件一（训练集）.xlsx|材料1|2631,0,1314511.881,1327633.54087,1316995.12569,1280433.6511
附件一（训练集）.xlsx|材料1|2632,3,2229147.113,2341687.21048,2321885.84992,2324354.24854
附件一（训练集）.xlsx|材料1|2633,3,2913249.005,2874124.24063,3013875.96216,2965661.58655
附件一（训练集）.xlsx|材料1|2634,4,7346.953336,6733.44589962,7239.54540635,6752.02098423
附件一（训练集）.xlsx|材料1|2635,1,9494.077175,9668.40854288,10069.3467481,10197.4416717
附件一（训练集）.xlsx|材料1|2636,4,41369.59812,42816.3861827,44148.4197172,39872.8055004
附件一（训练集）.xlsx|材料1|2637,0,53152.21742,52944.9186084,52288.9741463,55447.5735727
附件一（训练集）.xlsx|材料1|2638,0,131943.5075,131583.937338,125930.08726,128468.503641
附件一（训练集）.xlsx|材料1|2639,0,175709.0309,194034.606302,177519.388016,174480.916591
附件一（训练集）.xlsx|材料1|264,2,18325.83964,21574.134302,21342.6084916,21645.054497
附件一（训练集）.xlsx|材料1|2640,0,314429.8542,340128.358551,312208.85156,306561.651761
附件一（训练集）.xlsx|材料1|2641,2,6683.739763,5980.38466664,7098.3002768,7376.71574412
附件一（训练集）.xlsx|材料1|2642,2,8943.252895,7930.42342154,9255.34340915,9295.22559072
附件一（训练集）.xlsx|材料1|2643,0,20591.21313,19530.1439505,18264.5791804,18627.1667688
附件一（训练集）.xlsx|材料1|2644,0,27008.63954,26177.4113325,26421.1485614,26855.7068527
附件一（训练集）.xlsx|材料1|2645,2,36889.92504,35121.3723463,35119.1056619,35738.9532828
附件一（训练集）.xlsx|材料1|2646,2,47476.26745,43213.9813102,45629.4213763,47456.2422915
附件一（训练集）.xlsx|材料1|2647,2,63872.01609,61762.2191945,59945.9702685,64086.7975136
附件一（训练集）.xlsx|材料1|2648,2,85515.99093,85172.1062444,85664.9319185,91816.3895212
附件一（训练集）.xlsx|材料1|2649,0,116350.83,117930.334508,118506.195846,117642.265046
附件一（训练集）.xlsx|材料1|265,2,24592.22803,26193.385631,26098.3602141,27804.9215739
附件一（训练集）.xlsx|材料1|2650,3,207855.6895,220115.402649,199416.580341,216971.232142
附件一（训练集）.xlsx|材料1|2651,4,370652.6943,370905.134598,368892.223065,358929.619574
附件一（训练集）.xlsx|材料1|2652,1,5169.862258,4939.62829031,4969.49119129,4915.20468963
附件一（训练集）.xlsx|材料1|2653,1,6766.053205,6705.15423721,7125.42721005,7296.21961461
附件一（训练集）.xlsx|材料1|2654,2,9178.786489,9177.22711695,9584.75932996,9279.10695747
附件一（训练集）.xlsx|材料1|2655,1,15551.03353,16305.2033995,15884.2662918,14802.5008264
附件一（训练集）.xlsx|材料1|2656,1,20327.04585,18343.7959936,17287.588943,17847.0152196
附件一（训练集）.xlsx|材料1|2657,4,28266.66393,30504.3871681,29913.6243483,31691.4306949
附件一（训练集）.xlsx|材料1|2658,4,36665.58957,41663.297085,41359.1179213,41087.4108673
附件一（训练集）.xlsx|材料1|2659,2,49373.74188,49685.693108,46964.4074319,47850.3479684
附件一（训练集）.xlsx|材料1|266,0,33679.40394,36204.2776656,34447.2653871,32864.0930129
附件一（训练集）.xlsx|材料1|2660,2,66047.20057,69208.6120212,63835.1330572,67398.8911334
附件一（训练集）.xlsx|材料1|2661,2,89029.17402,102748.939384,97387.6925662,100004.599968
附件一（训练集）.xlsx|材料1|2662,2,117787.9693,139398.666849,116671.829485,121094.062512
附件一（训练集）.xlsx|材料1|2663,1,157947.897,152352.689865,157993.189552,149977.52382
附件一（训练集）.xlsx|材料1|2664,1,210944.4242,208640.616422,208204.532949,210896.788853
附件一（训练集）.xlsx|材料1|2665,2,383084.9558,392798.516786,396970.690355,396944.9506
附件一（训练集）.xlsx|材料1|2666,2,508396.4498,491793.308403,510608.557567,509542.31608
附件一（训练集）.xlsx|材料1|2667,4,4317.329902,4199.56428149,4139.51623589,4321.39294595
附件一（训练集）.xlsx|材料1|2668,1,5848.604568,5760.28673227,5844.29403377,5800.55557846
附件一（训练集）.xlsx|材料1|2669,2,13729.24248,13275.7783026,13595.1454378,12678.1271855
附件一（训练集）.xlsx|材料1|267,0,45459.87546,54670.2877447,53218.8626523,52543.787572
附件一（训练集）.xlsx|材料1|2670,1,17564.11101,16945.3168737,15908.5807889,16237.513361
附件一（训练集）.xlsx|材料1|2671,4,31871.23234,31263.5975745,31973.0686271,33173.4935609
附件一（训练集）.xlsx|材料1|2672,4,42875.86973,46911.7781362,45555.9302182,44154.6494178
附件一（训练集）.xlsx|材料1|2673,2,138265.5039,141061.149229,142264.829156,143719.068405
附件一（训练集）.xlsx|材料1|2674,2,442865.5902,452926.858841,444803.999525,437139.772711
附件一（训练集）.xlsx|材料1|2675,2,593766.2346,598650.970584,621266.169197,588516.070649
附件一（训练集）.xlsx|材料1|2676,3,6863.456139,7677.31566682,8178.00463344,8539.09361083
附件一（训练集）.xlsx|材料1|2677,3,8873.808534,9153.30348463,9129.98975311,9389.36628958
附件一（训练集）.xlsx|材料1|2678,3,15716.8591,15071.619919,18367.4868247,17402.4577421
附件一（训练集）.xlsx|材料1|2679,2,21293.17163,21314.4037971,22612.2650395,22568.1700921
附件一（训练集）.xlsx|材料1|268,2,62572.44922,61183.3750799,61645.6726565,63254.1392996
附件一（训练集）.xlsx|材料1|2680,2,27811.96801,22815.9298838,27323.1688769,29479.3953684
附件一（训练集）.xlsx|材料1|2681,2,37689.30503,36330.6214667,40321.2121535,40577.1615879
附件一（训练集）.xlsx|材料1|2682,0,68073.88031,71042.7941767,70233.9443638,69984.2396243
附件一（训练集）.xlsx|材料1|2683,0,91117.67343,89096.4794735,88275.118103,86874.5009715
附件一（训练集）.xlsx|材料1|2684,3,121291.9331,109227.029516,115148.21167,114800.827347
附件一（训练集）.xlsx|材料1|2685,3,161719.3033,144304.327064,141736.23479,139831.775192
附件一（训练集）.xlsx|材料1|2686,4,391378.3367,399328.591885,378951.423627,378170.539833
附件一（训练集）.xlsx|材料1|2687,4,521703.5735,537036.908594,540749.654454,526305.426854
附件一（训练集）.xlsx|材料1|2688,0,697689.1859,678928.033888,691382.3014,685848.740329
附件一（训练集）.xlsx|材料1|2689,3,3404.781555,3725.81510561,3593.67936598,3516.76628692
附件一（训练集）.xlsx|材料1|269,2,82051.91465,80592.8990875,86256.2077636,88647.8793214
附件一（训练集）.xlsx|材料1|2690,0,4446.224041,4362.07615443,4431.23478193,4396.71999171
附件一（训练集）.xlsx|材料1|2691,0,6034.877109,6167.40285239,6535.79781138,6376.03064643
附件一（训练集）.xlsx|材料1|2692,3,7829.087814,7655.89395858,7920.1392816,7991.13509799
附件一（训练集）.xlsx|材料1|2693,3,14026.79044,13946.0632742,14319.5467743,13661.8201965
附件一（训练集）.xlsx|材料1|2694,3,19349.98473,19844.4961146,20665.4275454,19591.9850083
附件一（训练集）.xlsx|材料1|2695,2,24908.86147,19844.3061435,23803.3173572,23358.5533263
附件一（训练集）.xlsx|材料1|2696,2,33472.88642,33873.2051535,33729.0937763,35206.1027763
附件一（训练集）.xlsx|材料1|2697,3,144433.3163,126192.357227,129080.019724,133208.931727
附件一（训练集）.xlsx|材料1|2698,3,194821.7955,214225.466076,188790.07349,192376.973528
附件一（训练集）.xlsx|材料1|2699,0,261569.0154,261505.668666,245899.29928,257698.31073
附件一（训练集）.xlsx|材料1|27,4,198685.0545,188668.074673,180510.363673,183797.967693
附件一（训练集）.xlsx|材料1|270,3,110783.9294,110685.943297,111214.467383,113833.223016
附件一（训练集）.xlsx|材料1|2700,0,350519.6269,370799.009131,384728.512022,388495.181954
附件一（训练集）.xlsx|材料1|2701,4,465688.6121,454296.711058,460710.453193,449099.367664
附件一（训练集）.xlsx|材料1|2702,4,624509.1242,652697.500107,650781.663132,643144.657426
附件一（训练集）.xlsx|材料1|2703,2,3042.29946,3108.43948079,2898.30533666,3021.33061308
附件一（训练集）.xlsx|材料1|2704,2,4065.672382,3898.12256171,4061.80541901,3975.29337764
附件一（训练集）.xlsx|材料1|2705,3,5460.281645,5393.57408878,5370.50550773,5428.7276291
附件一（训练集）.xlsx|材料1|2706,3,7035.227834,6461.17589516,7570.42844094,7403.91068626
附件一（训练集）.xlsx|材料1|2707,2,9584.918564,9347.6178409,8961.64946905,9183.18633813
附件一（训练集）.xlsx|材料1|2708,2,12569.94339,13256.9132062,12034.1940264,12470.6346672
附件一（训练集）.xlsx|材料1|2709,0,22990.81382,20469.9704785,20361.7810934,20381.5029192
附件一（训练集）.xlsx|材料1|271,3,145390.1865,135073.067126,129408.287153,134941.104082
附件一（训练集）.xlsx|材料1|2710,2,55134.38601,50486.5370127,53802.135248,52857.7268198
附件一（训练集）.xlsx|材料1|2711,2,73580.52768,83570.6090908,83726.9124962,85935.6826919
附件一（训练集）.xlsx|材料1|2712,1,98340.02758,109862.242963,112033.04794,100512.091841
附件一（训练集）.xlsx|材料1|2713,1,131240.0149,149378.629374,143210.943247,141120.880929
附件一（训练集）.xlsx|材料1|2714,4,175827.7466,172914.155083,166898.166105,167736.047714
附件一（训练集）.xlsx|材料1|2715,4,235397.9179,258804.018214,245073.875154,251625.530553
附件一（训练集）.xlsx|材料1|2716,2,563574.3438,606858.273468,539310.373837,524105.403517
附件一（训练集）.xlsx|材料1|2717,2,732919.4328,743067.488525,684173.248298,726267.486183
附件一（训练集）.xlsx|材料1|2718,3,982909.6991,953928.732847,977809.826978,1031662.10026
附件一（训练集）.xlsx|材料1|2719,2,2758.420227,2919.49043325,2734.60146579,2674.36508485
附件一（训练集）.xlsx|材料1|272,3,196252.4584,160968.739952,170231.55881,172672.924081
附件一（训练集）.xlsx|材料1|2720,4,3660.698181,3842.86225339,3672.92035203,3817.55242189
附件一（训练集）.xlsx|材料1|2721,4,4930.530113,6034.0673644,5765.34608955,5929.98264519
附件一（训练集）.xlsx|材料1|2722,3,11243.27264,11743.4216564,11828.8003075,12056.9145531
附件一（训练集）.xlsx|材料1|2723,3,15402.85877,16575.4176288,15574.7979532,15500.5165757
附件一（训练集）.xlsx|材料1|2724,1,20525.58044,21007.7042656,20913.4705182,20989.6170772
附件一（训练集）.xlsx|材料1|2725,1,36329.78274,36637.3313814,34848.0687946,34571.3458913
附件一（训练集）.xlsx|材料1|2726,1,48998.02806,48802.2907379,50646.0827532,50309.5947922
附件一（训练集）.xlsx|材料1|2727,2,88030.36228,91645.1819982,88105.2481701,88747.0709752
附件一（训练集）.xlsx|材料1|2728,3,116163.2212,106005.048726,113073.734757,111668.334877
附件一（训练集）.xlsx|材料1|2729,3,157224.8229,136906.089444,152572.905701,155640.624891
附件一（训练集）.xlsx|材料1|273,4,1095.616077,1241.29818717,1226.30359876,1154.22974453
附件一（训练集）.xlsx|材料1|2730,2,209489.9314,232202.022749,225716.438683,230180.202142
附件一（训练集）.xlsx|材料1|2731,2,279560.5565,298311.726845,291526.068892,297238.155943
附件一（训练集）.xlsx|材料1|2732,4,373149.2923,383142.584123,429487.649711,408044.587954
附件一（训练集）.xlsx|材料1|2733,3,652447.7057,636691.081554,632069.86293,670791.985915
附件一（训练集）.xlsx|材料1|2734,3,875202.262,931342.260479,896827.056941,899591.61381
附件一（训练集）.xlsx|材料1|2735,2,2597.566792,2598.96567461,2482.20548587,2607.12788657
附件一（训练集）.xlsx|材料1|2736,2,3398.93977,3508.49523769,3120.54732225,3002.33390322
附件一（训练集）.xlsx|材料1|2737,4,4551.127358,4673.20888324,4735.63667508,4492.84180204
附件一（训练集）.xlsx|材料1|2738,4,7869.672801,7944.49863455,7794.18531213,8063.91776961
附件一（训练集）.xlsx|材料1|2739,3,14175.88702,14202.9233092,14670.205171,15460.8323084
附件一（训练集）.xlsx|材料1|274,0,1909.33587,1914.90603265,1745.26304864,1911.01670336
附件一（训练集）.xlsx|材料1|2740,3,18749.23185,16933.4794946,15879.0807856,17115.3678859
附件一（训练集）.xlsx|材料1|2741,1,25363.52629,29047.8394313,24541.955913,25639.0389927
附件一（训练集）.xlsx|材料1|2742,1,44536.89213,50176.7773543,44592.2610034,44030.6176833
附件一（训练集）.xlsx|材料1|2743,2,78708.84309,77670.471472,81441.0012576,86378.5144051
附件一（训练集）.xlsx|材料1|2744,3,140997.6597,130745.722917,123539.658223,128925.319627
附件一（训练集）.xlsx|材料1|2745,3,188652.0553,179033.114074,186048.913152,189342.246715
附件一（训练集）.xlsx|材料1|2746,2,333375.6607,327203.609217,327187.80893,338572.777555
附件一（训练集）.xlsx|材料1|2747,4,446149.4738,506505.767318,504309.116815,492813.378628
附件一（训练集）.xlsx|材料1|2748,4,579555.2012,604436.720482,562123.281902,593837.513049
附件一（训练集）.xlsx|材料1|2749,3,779719.6138,774711.723703,784355.938839,796317.959056
附件一（训练集）.xlsx|材料1|275,0,2623.160983,2639.36395282,2469.09495458,2852.26529736
附件一（训练集）.xlsx|材料1|2750,3,1033604.129,1050258.3139,1009774.2614,1013210.6288
附件一（训练集）.xlsx|材料1|2751,0,1375753.26,1287524.35943,1363704.3021,1336767.57155
附件一（训练集）.xlsx|材料1|2752,0,2505.896795,2375.61318504,2700.33309919,2851.20860563
附件一（训练集）.xlsx|材料1|2753,3,3252.903677,3645.94978967,3246.88522924,3605.81968916
附件一（训练集）.xlsx|材料1|2754,3,4383.316131,5170.89871275,4584.8898489,4501.72309757
附件一（训练集）.xlsx|材料1|2755,2,5618.986641,5699.31668778,5578.832556,5246.31718201
附件一（训练集）.xlsx|材料1|2756,2,7580.444988,7521.06900539,6823.83375068,6447.7011658
附件一（训练集）.xlsx|材料1|2757,1,9788.147383,9989.71497276,10390.2096396,10024.7503214
附件一（训练集）.xlsx|材料1|2758,1,13414.66787,14422.2029841,14440.9997576,13457.0612261
附件一（训练集）.xlsx|材料1|2759,4,17798.56012,17424.1605092,17041.7376287,16836.3015345
附件一（训练集）.xlsx|材料1|276,1,3549.272659,3566.623033,3222.7690695,3211.43782309
附件一（训练集）.xlsx|材料1|2760,4,23922.13815,22404.5748705,24830.6931118,23877.1756689
附件一（训练集）.xlsx|材料1|2761,4,31893.49597,29179.9504528,31075.5391693,30996.4691868
附件一（训练集）.xlsx|材料1|2762,4,42759.68593,43370.6901095,45620.6259281,41505.7031684
附件一（训练集）.xlsx|材料1|2763,1,55480.92566,59142.8299222,56270.0400315,57753.8553954
附件一（训练集）.xlsx|材料1|2764,1,73794.20564,81820.4556702,79495.4924751,81330.0474989
附件一（训练集）.xlsx|材料1|2765,3,97538.77796,102589.832627,99633.727652,101928.359804
附件一（训练集）.xlsx|材料1|2766,3,130707.9797,136114.492505,144274.653276,142125.913036
附件一（训练集）.xlsx|材料1|2767,4,174865.5677,174191.031246,159698.726794,162343.285693
附件一（训练集）.xlsx|材料1|2768,4,232698.9994,236327.119121,230684.892006,237911.976177
附件一（训练集）.xlsx|材料1|2769,4,309600.7302,305045.408805,307552.796642,301747.285316
附件一（训练集）.xlsx|材料1|277,1,4845.135951,4565.33292376,4747.68998116,4699.34624183
附件一（训练集）.xlsx|材料1|2770,1,537748.5751,561085.677132,547075.195654,529814.777386
附件一（训练集）.xlsx|材料1|2771,2,1272493.069,1359875.4786,1265226.76273,1238525.89339
附件一（训练集）.xlsx|材料1|2772,0,1688309.226,1679803.7178,1719695.85324,1694202.64649
附件一（训练集）.xlsx|材料1|2773,0,2391.714123,2389.80538915,2627.49873423,2725.46900408
附件一（训练集）.xlsx|材料1|2774,0,3109.118351,3069.22595882,3346.3090847,3458.05525395
附件一（训练集）.xlsx|材料1|2775,3,4204.874045,4557.46211811,4399.22430087,4604.31742855
附件一（训练集）.xlsx|材料1|2776,3,5325.630552,5674.21909504,5872.72408796,5794.36579461
附件一（训练集）.xlsx|材料1|2777,2,7134.442491,7009.98079711,7117.55491964,7255.91884162
附件一（训练集）.xlsx|材料1|2778,1,12512.0868,13209.2223703,13216.5182944,12880.4208558
附件一（训练集）.xlsx|材料1|2779,1,16619.05515,14192.3280861,14704.0875891,14562.9982187
附件一（训练集）.xlsx|材料1|278,3,6351.403688,5967.58327724,6220.60786892,5970.25052705
附件一（训练集）.xlsx|材料1|2780,4,21915.3815,21959.6313722,21620.9647166,21077.5866555
附件一（训练集）.xlsx|材料1|2781,4,39174.24869,38421.9653723,36402.7293204,34396.9091793
附件一（训练集）.xlsx|材料1|2782,4,51732.54729,54125.6310727,52593.6748387,52214.0127187
附件一（训练集）.xlsx|材料1|2783,1,66933.6303,70597.546696,71006.1059513,73429.130678
附件一（训练集）.xlsx|材料1|2784,1,88890.19746,82182.8445465,84821.480885,90828.5366325
附件一（训练集）.xlsx|材料1|2785,3,158226.936,162959.547879,168142.966382,159172.943253
附件一（训练集）.xlsx|材料1|2786,4,210854.1062,226491.460215,210580.951737,209723.737859
附件一（训练集）.xlsx|材料1|2787,4,280666.6761,288536.117418,258600.860568,263127.97539
附件一（训练集）.xlsx|材料1|2788,4,372783.0394,375595.025555,344827.877655,357595.159999
附件一（训练集）.xlsx|材料1|2789,4,484916.559,408658.650034,409241.673793,418191.885448
附件一（训练集）.xlsx|材料1|279,0,11029.67308,9981.63185829,11075.7755247,9918.31466432
附件一（训练集）.xlsx|材料1|2790,1,649402.1186,648422.505322,630865.723134,661898.637734
附件一（训练集）.xlsx|材料1|2791,1,861054.4021,796746.060308,818371.032419,831385.646633
附件一（训练集）.xlsx|材料1|2792,2,1145227.8,1022188.28881,1117055.71624,1192472.05504
附件一（训练集）.xlsx|材料1|2793,2,1517322.399,1564734.83552,1468485.96899,1464391.96888
附件一（训练集）.xlsx|材料1|2794,2,2441.302014,2557.59110467,2645.98118303,2624.72514948
附件一（训练集）.xlsx|材料1|2795,0,3195.877829,2904.39498051,3252.61303856,3151.03196916
附件一（训练集）.xlsx|材料1|2796,0,4191.689851,4751.00416841,4305.03007876,4001.87748168
附件一（训练集）.xlsx|材料1|2797,3,5375.792634,5133.84410246,5429.57339579,5676.9933866
附件一（训练集）.xlsx|材料1|2798,3,7096.350393,8123.31482774,7124.35851382,7304.99510875
附件一（训练集）.xlsx|材料1|2799,2,9191.989716,8108.0896828,8711.32150913,8739.15564045
附件一（训练集）.xlsx|材料1|28,4,255933.2678,242510.711603,238781.61031,246278.793561
附件一（训练集）.xlsx|材料1|280,0,15113.44827,15777.8907105,14837.6000617,15378.3240371
附件一（训练集）.xlsx|材料1|2800,2,12334.34236,12953.9117096,12309.5285163,12053.6733044
附件一（训练集）.xlsx|材料1|2801,1,16148.09321,13811.4706988,15710.0371632,17695.9038621
附件一（训练集）.xlsx|材料1|2802,1,21424.06633,21053.8820483,20647.9429674,21602.8933057
附件一（训练集）.xlsx|材料1|2803,4,28447.11336,27788.6056404,29193.3739386,29340.7881125
附件一（训练集）.xlsx|材料1|2804,4,65533.15032,63811.4398419,70087.3504389,69296.2298032
附件一（训练集）.xlsx|材料1|2805,1,83383.72197,75547.2219726,83850.0603548,87851.3783825
附件一（训练集）.xlsx|材料1|2806,1,112072.7071,106309.592965,110736.093139,110189.003167
附件一（训练集）.xlsx|材料1|2807,3,147958.4638,158392.914391,166351.349453,151403.251306
附件一（训练集）.xlsx|材料1|2808,4,261523.9362,275897.720311,271047.234816,274391.185629
附件一（训练集）.xlsx|材料1|2809,4,347613.937,366777.737709,373167.000585,365350.382478
附件一（训练集）.xlsx|材料1|281,0,19940.16763,18904.1413725,19722.4869956,18613.2895397
附件一（训练集）.xlsx|材料1|2810,4,449939.275,442059.728909,430718.144826,438559.464489
附件一（训练集）.xlsx|材料1|2811,4,602316.7907,630681.579033,607266.134897,641370.044292
附件一（训练集）.xlsx|材料1|2812,2,1397035.074,1557557.88519,1447875.50136,1437246.45973
附件一（训练集）.xlsx|材料1|2813,0,2460.293842,2611.0017791,2662.47049348,2664.64813285
附件一（训练集）.xlsx|材料1|2814,0,3181.584103,3382.09753087,3241.28917112,3141.12427473
附件一（训练集）.xlsx|材料1|2815,4,4172.701358,4424.34832144,4665.82356065,4558.25858011
附件一（训练集）.xlsx|材料1|2816,4,5322.249125,5361.09404428,5293.07104027,5292.50504961
附件一（训练集）.xlsx|材料1|2817,0,7075.088203,7676.01065812,8634.04883064,8103.39493387
附件一（训练集）.xlsx|材料1|2818,0,9127.001394,9626.78912261,11121.0882771,10333.8671276
附件一（训练集）.xlsx|材料1|2819,3,15918.00852,15512.891842,15888.4878568,17373.289633
附件一（训练集）.xlsx|材料1|282,0,26026.23789,23927.8634966,24473.371226,24509.1420753
附件一（训练集）.xlsx|材料1|2820,4,27328.00277,27167.0785378,27394.1228911,27436.7696368
附件一（训练集）.xlsx|材料1|2821,0,47538.78109,48867.6017272,44218.5583002,46201.3217066
附件一（训练集）.xlsx|材料1|2822,1,62326.85998,68197.5336399,70012.0773078,68973.4015962
附件一（训练集）.xlsx|材料1|2823,1,105557.6216,120528.494768,119708.834156,123572.901747
附件一（训练集）.xlsx|材料1|2824,4,243080.6944,263401.726263,249746.220549,247856.269753
附件一（训练集）.xlsx|材料1|2825,2,322471.0466,344108.427961,325203.891283,328355.386416
附件一（训练集）.xlsx|材料1|2826,2,417903.9767,387126.721387,421629.354804,405274.877139
附件一（训练集）.xlsx|材料1|2827,4,736183.8546,804165.473304,769592.348517,734957.573951
附件一（训练集）.xlsx|材料1|2828,1,973777.7799,1088549.57819,1019932.14734,1032472.36425
附件一（训练集）.xlsx|材料1|2829,2,3226.76879,3106.19359163,3288.29789255,3168.77383651
附件一（训练集）.xlsx|材料1|283,0,34262.29336,32118.6725051,32111.6186057,32784.8599716
附件一（训练集）.xlsx|材料1|2830,2,4244.379173,4387.1397253,4582.34692109,4227.53981866
附件一（训练集）.xlsx|材料1|2831,4,5344.508109,4780.56664159,5730.67514085,5592.46188598
附件一（训练集）.xlsx|材料1|2832,3,12097.51953,12592.083536,12062.4538302,12337.5817267
附件一（训练集）.xlsx|材料1|2833,3,15595.86708,15685.8863317,18771.1665246,18192.4069245
附件一（训练集）.xlsx|材料1|2834,0,103844.5777,101244.273894,94543.3898359,97882.2141053
附件一（训练集）.xlsx|材料1|2835,4,133748.2917,130002.336774,135570.514722,127812.618247
附件一（训练集）.xlsx|材料1|2836,4,176536.8204,168188.34891,178723.340493,173733.934915
附件一（训练集）.xlsx|材料1|2837,1,308977.0325,324885.517234,315500.090829,329920.62589
附件一（训练集）.xlsx|材料1|2838,4,399975.5713,402410.106775,389795.270194,375832.597156
附件一（训练集）.xlsx|材料1|2839,4,532856.2511,587682.080648,572016.98959,573233.84845
附件一（训练集）.xlsx|材料1|284,0,45874.56082,42179.293067,43557.5740698,44417.9395754
附件一（训练集）.xlsx|材料1|2840,2,927461.2671,950764.915292,921370.040821,930779.764627
附件一（训练集）.xlsx|材料1|2841,1,1221392.799,1372536.94278,1224018.32514,1197893.98188
附件一（训练集）.xlsx|材料1|2842,1,2630.908807,2693.51883145,3495.77157943,3386.6514097
附件一（训练集）.xlsx|材料1|2843,1,3385.214717,3548.95268617,3368.47711985,3425.78635236
附件一（训练集）.xlsx|材料1|2844,2,4410.694936,4787.41244051,4215.57424528,3995.19936943
附件一（训练集）.xlsx|材料1|2845,4,7266.027676,7052.83369116,7526.13560188,6801.5388969
附件一（训练集）.xlsx|材料1|2846,4,9335.961038,8745.67567488,8836.80719573,9050.16271272
附件一（训练集）.xlsx|材料1|2847,3,15898.05775,15438.3223295,14003.7416584,14102.5555137
附件一（训练集）.xlsx|材料1|2848,3,27018.21769,27423.7036974,25635.9936668,27053.190417
附件一（训练集）.xlsx|材料1|2849,2,35287.34992,37620.879036,32821.4098275,32322.004734
附件一（训练集）.xlsx|材料1|285,3,105597.3536,104546.569518,106122.664458,112489.02306
附件一（训练集）.xlsx|材料1|2850,2,59696.2528,62410.4110247,59687.9240664,59489.6279384
附件一（训练集）.xlsx|材料1|2851,2,77398.35332,77380.2573265,77616.1688463,82048.8089089
附件一（训练集）.xlsx|材料1|2852,4,170817.0019,165015.932465,149165.11641,137962.598368
附件一（训练集）.xlsx|材料1|2853,4,224778.9383,231172.611304,204404.165016,203577.978257
附件一（训练集）.xlsx|材料1|2854,1,296345.96,296733.508012,314105.930694,311669.518678
附件一（训练集）.xlsx|材料1|2855,1,382082.0918,346139.845707,371412.687927,386744.95724
附件一（训练集）.xlsx|材料1|2856,4,508642.6721,456118.707848,470557.422688,479146.609104
附件一（训练集）.xlsx|材料1|2857,4,670181.6503,661771.759502,685936.720851,704735.978677
附件一（训练集）.xlsx|材料1|2858,2,881111.4525,794573.86046,845609.652173,806016.453364
附件一（训练集）.xlsx|材料1|2859,2,1156830.756,1162212.13968,1120643.90014,1040137.63224
附件一（训练集）.xlsx|材料1|286,3,144536.8874,143598.992254,140320.622235,144729.214565
附件一（训练集）.xlsx|材料1|2860,4,3566.875739,3175.92089822,3412.76176814,3488.60626195
附件一（训练集）.xlsx|材料1|2861,4,4616.16845,4734.20034694,4449.15133205,4261.7235139
附件一（训练集）.xlsx|材料1|2862,2,5785.269037,5817.64196984,5496.88475017,5549.24901901
附件一（训练集）.xlsx|材料1|2863,2,7538.26144,8478.58722424,7825.52633625,7592.48768811
附件一（训练集）.xlsx|材料1|2864,3,9520.428287,10621.4750428,8662.9303159,8567.74495763
附件一（训练集）.xlsx|材料1|2865,3,12750.40785,14658.6478249,12473.1330008,12894.9331639
附件一（训练集）.xlsx|材料1|2866,4,707859.959,815481.270967,735361.884624,740194.417564
附件一（训练集）.xlsx|材料1|2867,1,927703.2646,1019317.22334,919873.77409,918293.648729
附件一（训练集）.xlsx|材料1|2868,2,2087437.29,2087105.72101,2344348.11597,2370040.36852
附件一（训练集）.xlsx|材料1|2869,0,2766294.227,2704024.22142,2747961.76319,2784530.73249
附件一（训练集）.xlsx|材料1|287,3,189925.2011,192361.930848,184087.791813,190034.083556
附件一（训练集）.xlsx|材料1|2870,3,9556.94546,9366.57333392,9897.86748542,9767.82475368
附件一（训练集）.xlsx|材料1|2871,3,12588.49228,11557.7634982,12048.711105,11924.3310297
附件一（训练集）.xlsx|材料1|2872,3,19865.80043,20785.1221517,17807.2130125,17941.6687753
附件一（训练集）.xlsx|材料1|2873,0,32439.20483,31775.9275726,31150.2436725,31560.1009419
附件一（训练集）.xlsx|材料1|2874,0,41428.67568,39508.2924146,41362.533824,42121.6780419
附件一（训练集）.xlsx|材料1|2875,1,86005.21367,98569.5287023,71389.4018181,79322.4136826
附件一（训练集）.xlsx|材料1|2876,3,184272.6492,190038.75995,187071.316295,183418.305212
附件一（训练集）.xlsx|材料1|2877,1,239284.3177,279804.128721,271242.986393,263571.961889
附件一（训练集）.xlsx|材料1|2878,3,518693.4246,568400.098635,546404.441744,543675.732459
附件一（训练集）.xlsx|材料1|2879,4,887329.0989,973833.121015,906761.180213,935797.017854
附件一（训练集）.xlsx|材料1|288,0,323386.9029,342515.169585,325887.900287,329151.250292
附件一（训练集）.xlsx|材料1|2880,1,1164643.594,1221094.94021,1178658.13038,1156862.77295
附件一（训练集）.xlsx|材料1|2881,1,1502890.835,1582527.07978,1613352.37574,1602510.80548
附件一（训练集）.xlsx|材料1|2882,2,1972606.801,2015552.3005,2072907.3065,2107726.74231
附件一（训练集）.xlsx|材料1|2883,2,1587267.614,1685619.42778,1802326.37462,1687170.84257
附件一（训练集）.xlsx|材料1|2884,3,9535.706656,9366.57333392,9768.91340556,9669.22396473
附件一（训练集）.xlsx|材料1|2885,3,19871.75699,20785.1221517,17528.5954079,17972.8356126
附件一（训练集）.xlsx|材料1|2886,3,25903.96896,32708.0359648,30619.2501065,31341.6460406
附件一（训练集）.xlsx|材料1|2887,0,32611.94525,32615.1206826,30805.3310313,31241.4522463
附件一（训练集）.xlsx|材料1|2888,0,41382.3238,39508.2924146,41481.9180784,43195.9037163
附件一（训练集）.xlsx|材料1|2889,0,52886.41894,55336.1653529,52909.8775936,51503.98636
附件一（训练集）.xlsx|材料1|289,4,978.4264497,964.012821304,1012.69103927,981.201787954
附件一（训练集）.xlsx|材料1|2890,1,239013.6335,279804.128721,269944.150257,262922.623325
附件一（训练集）.xlsx|材料1|2891,3,519309.1391,571257.743732,542650.525478,543401.5651
附件一（训练集）.xlsx|材料1|2892,4,888296.5947,962896.912051,905817.751452,901663.410647
附件一（训练集）.xlsx|材料1|2893,1,1163294.243,1221094.94021,1196110.01183,1154862.69712
附件一（训练集）.xlsx|材料1|2894,1,1505892.074,1586788.75731,1595697.93538,1663303.85382
附件一（训练集）.xlsx|材料1|2895,2,1978770.733,2015552.3005,2179216.94031,2095937.87983
附件一（训练集）.xlsx|材料1|2896,0,4670.275153,4274.5994706,4996.73824517,4971.75898784
附件一（训练集）.xlsx|材料1|2897,4,6348.73186,7202.17119141,7617.65394452,7697.85312084
附件一（训练集）.xlsx|材料1|2898,2,11301.5165,11997.8195136,12609.2890336,12167.1467448
附件一（训练集）.xlsx|材料1|2899,2,15514.9574,16731.3151152,15868.8018482,16113.6749506
附件一（训练集）.xlsx|材料1|29,2,331623.2171,321969.777576,293790.839639,290810.763038
附件一（训练集）.xlsx|材料1|290,2,1322.360361,1366.94310852,1326.25084728,1180.39073618
附件一（训练集）.xlsx|材料1|2900,3,38955.02798,41653.8100609,41768.4851282,47109.1276617
附件一（训练集）.xlsx|材料1|2901,2,75606.53583,79335.4339282,76143.9177333,79299.9938878
附件一（训练集）.xlsx|材料1|2902,2,106434.1451,106224.934312,100097.21744,105505.082924
附件一（训练集）.xlsx|材料1|2903,3,144664.0834,151481.821756,139475.394667,136939.404027
附件一（训练集）.xlsx|材料1|2904,3,198002.4172,191861.060764,188185.432662,175761.224154
附件一（训练集）.xlsx|材料1|2905,4,266784.3085,269986.444231,266002.538452,262492.197209
附件一（训练集）.xlsx|材料1|2906,0,4370.549487,4239.12360244,4812.9156968,4803.16943674
附件一（训练集）.xlsx|材料1|2907,0,5878.45394,5350.04430957,6703.61179441,6561.07739303
附件一（训练集）.xlsx|材料1|2908,4,13914.37211,14361.1955102,15274.6127429,15780.2603978
附件一（训练集）.xlsx|材料1|2909,4,18699.87802,19564.8958374,19890.2405518,19433.9831828
附件一（训练集）.xlsx|材料1|291,3,2344.433168,2303.36449939,2553.52203823,2520.97030839
附件一（训练集）.xlsx|材料1|2910,3,26479.89144,27564.8314681,26930.0739771,28239.9094707
附件一（训练集）.xlsx|材料1|2911,3,34743.20713,35400.9277195,32067.5136777,33297.6567071
附件一（训练集）.xlsx|材料1|2912,0,66275.2774,68318.8741354,65544.7238786,68558.0000949
附件一（训练集）.xlsx|材料1|2913,3,92360.67645,90146.7518532,93583.1301793,91775.7539543
附件一（训练集）.xlsx|材料1|2914,3,125720.0035,118005.89317,118217.229093,120288.613729
附件一（训练集）.xlsx|材料1|2915,3,171241.7803,175460.352403,166149.604735,171654.54562
附件一（训练集）.xlsx|材料1|2916,3,231069.1606,213064.195849,201258.64413,220387.960167
附件一（训练集）.xlsx|材料1|2917,0,313665.5688,293716.211129,302787.425702,306534.382371
附件一（训练集）.xlsx|材料1|2918,0,3392.368827,3425.78377173,3677.99818707,3829.95169472
附件一（训练集）.xlsx|材料1|2919,0,4511.644765,5108.96203308,5307.84783811,5552.44738724
附件一（训练集）.xlsx|材料1|292,3,3171.45816,3179.02658698,3366.34180294,3371.09767491
附件一（训练集）.xlsx|材料1|2920,1,14095.4861,13986.8143477,14213.5246259,13519.5597721
附件一（训练集）.xlsx|材料1|2921,4,19874.38203,21426.0623362,21339.3131896,21531.7843714
附件一（训练集）.xlsx|材料1|2922,2,35819.12751,37725.6714174,35004.9464118,36288.6910138
附件一（训练集）.xlsx|材料1|2923,2,49846.44282,52592.0248816,47498.8502276,50303.1272767
附件一（训练集）.xlsx|材料1|2924,2,68152.67417,71416.2222631,76106.7988251,76100.2442888
附件一（训练集）.xlsx|材料1|2925,2,93169.94634,97269.9632814,91306.9892092,91147.9257522
附件一（训练集）.xlsx|材料1|2926,0,127311.0603,129349.375375,129619.37918,123650.417833
附件一（训练集）.xlsx|材料1|2927,0,173287.7539,187720.795577,189011.631352,177107.007026
附件一（训练集）.xlsx|材料1|2928,0,239933.0407,245755.165784,237566.562829,243053.89616
附件一（训练集）.xlsx|材料1|2929,0,325434.0614,304044.342266,315681.914262,320172.56903
附件一（训练集）.xlsx|材料1|293,0,4277.388038,4127.02585638,3718.01717143,3431.03849242
附件一（训练集）.xlsx|材料1|2930,4,436638.9699,480509.399024,443880.904873,420956.436504
附件一（训练集）.xlsx|材料1|2931,2,2981.141413,2799.26062036,2866.41795681,3105.9060065
附件一（训练集）.xlsx|材料1|2932,0,5323.977862,5667.52889171,5983.19697192,6282.81035242
附件一（训练集）.xlsx|材料1|2933,2,6987.189185,6554.99584944,7397.26002862,7481.19675549
附件一（训练集）.xlsx|材料1|2934,2,9503.963765,9538.53286049,9732.24782417,10090.2623758
附件一（训练集）.xlsx|材料1|2935,1,12607.93193,11336.1323533,11120.1665286,11336.4489805
附件一（训练集）.xlsx|材料1|2936,2,43013.71861,42012.4545,40194.497069,40980.1772275
附件一（训练集）.xlsx|材料1|2937,2,59138.57587,58448.7426677,55135.6609859,54580.3310906
附件一（训练集）.xlsx|材料1|2938,2,109614.0572,108035.350275,115346.036656,113163.007063
附件一（训练集）.xlsx|材料1|2939,0,281227.1291,284859.678624,294415.965131,288674.527568
附件一（训练集）.xlsx|材料1|294,2,7514.230322,7899.79352124,7500.7603623,7430.41940422
附件一（训练集）.xlsx|材料1|2940,0,381135.3554,383205.11256,405564.940472,392886.483961
附件一（训练集）.xlsx|材料1|2941,2,2659.262459,2604.03588068,2887.54186484,3036.70444434
附件一（训练集）.xlsx|材料1|2942,2,3575.229276,3859.10087659,4352.31074002,4743.40688778
附件一（训练集）.xlsx|材料1|2943,4,4818.024386,4812.46007854,5570.32569856,5270.59175436
附件一（训练集）.xlsx|材料1|2944,4,6202.235429,6496.48487619,6951.24451705,6708.51748627
附件一（训练集）.xlsx|材料1|2945,4,8340.162608,8223.21288154,8996.34903267,9050.70629414
附件一（训练集）.xlsx|材料1|2946,4,11215.15178,9792.71481183,11515.7380774,11245.5489187
附件一（训练集）.xlsx|材料1|2947,3,27241.86982,22642.694216,26839.8644702,28850.431299
附件一（训练集）.xlsx|材料1|2948,3,37679.85652,36527.9295516,40365.0306862,42330.9152097
附件一（训练集）.xlsx|材料1|2949,4,51223.36283,48738.235932,48670.7689768,46752.5296461
附件一（训练集）.xlsx|材料1|295,2,9956.432911,11034.9723677,10452.8217487,10334.371851
附件一（训练集）.xlsx|材料1|2950,4,69858.19556,74827.9671603,72104.2328496,73266.883129
附件一（训练集）.xlsx|材料1|2951,0,95794.21563,89540.4617093,97834.6852728,92189.6602426
附件一（训练集）.xlsx|材料1|2952,0,129971.0039,98698.1401525,117339.145172,121524.945255
附件一（训练集）.xlsx|材料1|2953,4,245737.8385,269304.75176,253754.963075,250187.647327
附件一（训练集）.xlsx|材料1|2954,1,449533.3917,429498.948635,449282.216419,461696.166522
附件一（训练集）.xlsx|材料1|2955,3,607636.984,623657.743735,626606.331688,606366.714719
附件一（训练集）.xlsx|材料1|2956,0,2582.072483,2576.46574644,2870.03773459,2789.20169015
附件一（训练集）.xlsx|材料1|2957,2,3245.138464,3311.64263855,3453.6278286,3607.89517417
附件一（训练集）.xlsx|材料1|2958,2,4422.710038,4749.50902898,4694.49847112,4991.36344558
附件一（训练集）.xlsx|材料1|2959,4,5675.479516,5198.57209726,5971.49358681,5503.67407145
附件一（训练集）.xlsx|材料1|296,3,22401.88282,21482.6695208,22652.6802253,21958.6345849
附件一（训练集）.xlsx|材料1|2960,4,7698.953029,7596.10176362,8038.84291541,8174.18351958
附件一（训练集）.xlsx|材料1|2961,2,18668.09115,15277.0430885,17184.0705474,16952.9563819
附件一（训练集）.xlsx|材料1|2962,2,24753.62021,24073.9928917,24683.8772598,25202.0288048
附件一（训练集）.xlsx|材料1|2963,3,33608.30656,28690.040815,33925.6670602,35117.1311234
附件一（训练集）.xlsx|材料1|2964,3,46050.4832,43862.6667027,45603.7510858,45110.6224904
附件一（训练集）.xlsx|材料1|2965,4,62445.80783,60166.5183928,58260.4973822,57143.1616059
附件一（训练集）.xlsx|材料1|2966,4,85424.18635,86193.3034883,87592.514127,87188.5059945
附件一（训练集）.xlsx|材料1|2967,0,115258.8122,119577.299987,113904.192052,112971.522753
附件一（训练集）.xlsx|材料1|2968,0,159123.1285,166211.898006,157566.442381,163632.027176
附件一（训练集）.xlsx|材料1|2969,4,215807.9493,219684.896649,210736.326796,213062.093439
附件一（训练集）.xlsx|材料1|297,1,51530.81264,50322.0903986,52794.9133129,54816.1514224
附件一（训练集）.xlsx|材料1|2970,1,397841.969,421533.919523,401060.08541,406687.695801
附件一（训练集）.xlsx|材料1|2971,1,538018.303,575103.448285,564630.742866,574372.25247
附件一（训练集）.xlsx|材料1|2972,3,704460.2599,724110.983788,712407.868884,720150.387065
附件一（训练集）.xlsx|材料1|2973,0,2403.863613,2458.62271172,2435.89016467,2534.07366981
附件一（训练集）.xlsx|材料1|2974,0,3106.352951,3532.08711314,3843.78373663,3763.56664068
附件一（训练集）.xlsx|材料1|2975,2,5391.971643,5257.52758759,5455.15671372,6066.62876861
附件一（训练集）.xlsx|材料1|2976,4,9351.279867,10119.2605857,9356.2043971,9984.39116311
附件一（训练集）.xlsx|材料1|2977,3,17325.9131,14421.439168,16703.3858347,17459.8131489
附件一（训练集）.xlsx|材料1|2978,2,57003.11272,55867.0196556,54643.8276729,57485.7228764
附件一（训练集）.xlsx|材料1|2979,0,103746.624,114587.24593,88812.4560483,88157.1135858
附件一（训练集）.xlsx|材料1|298,2,69788.57213,77578.5378156,75415.9116268,74944.7878134
附件一（训练集）.xlsx|材料1|2980,1,141969.2435,141625.114724,140800.913751,136819.226571
附件一（训练集）.xlsx|材料1|2981,1,192789.1583,200153.987653,193791.079132,183398.248308
附件一（训练集）.xlsx|材料1|2982,1,261347.2572,264329.323855,256350.984138,244718.293868
附件一（训练集）.xlsx|材料1|2983,1,355322.2541,381202.362835,395871.65818,362789.267874
附件一（训练集）.xlsx|材料1|2984,3,481686.9956,476193.31314,470451.906584,493961.723749
附件一（训练集）.xlsx|材料1|2985,3,631405.7372,625753.521444,651474.531414,672630.146198
附件一（训练集）.xlsx|材料1|2986,4,2297.048788,2285.58532872,2409.88631701,2404.7522366
附件一（训练集）.xlsx|材料1|2987,2,3018.313103,3144.0105254,3177.78513384,3386.66612622
附件一（训练集）.xlsx|材料1|2988,3,5045.437434,5301.3419473,5238.20747657,5581.43139598
附件一（训练集）.xlsx|材料1|2989,4,8852.609523,9357.54932268,9492.16333117,9661.30973042
附件一（训练集）.xlsx|材料1|299,2,220116.1066,222388.673294,205262.233499,210444.343206
附件一（训练集）.xlsx|材料1|2990,4,12053.52994,13187.5003747,11889.7772807,12210.6494377
附件一（训练集）.xlsx|材料1|2991,0,16078.2893,16499.6615947,17399.8618565,18672.9245121
附件一（训练集）.xlsx|材料1|2992,0,21606.50471,19220.6613382,19815.7973173,21422.4394628
附件一（训练集）.xlsx|材料1|2993,4,28910.04922,28092.3383822,29631.2259787,32022.7139284
附件一（训练集）.xlsx|材料1|2994,4,38411.02502,36621.2881189,37237.5000922,38975.7111868
附件一（训练集）.xlsx|材料1|2995,1,51454.2073,52136.7214164,49915.6121332,49654.2851572
附件一（训练集）.xlsx|材料1|2996,1,69211.34666,69365.0131028,69473.7774763,70987.7392141
附件一（训练集）.xlsx|材料1|2997,4,128196.5428,123659.436634,127523.579145,130174.333875
附件一（训练集）.xlsx|材料1|2998,0,172388.443,185141.046925,178344.787373,171086.910417
附件一（训练集）.xlsx|材料1|2999,0,233661.5551,261153.614148,255975.714666,260019.80598
附件一（训练集）.xlsx|材料1|3,3,2427.74983,2967.48382107,2542.80188457,2775.29614039
附件一（训练集）.xlsx|材料1|30,2,416358.3168,370472.795357,369356.48574,368129.449625
附件一（训练集）.xlsx|材料1|300,3,374065.9706,367272.637176,381244.058963,386581.770689
附件一（训练集）.xlsx|材料1|3000,1,314733.5643,362263.18335,354517.118943,341626.19909
附件一（训练集）.xlsx|材料1|3001,1,561955.2953,609365.782005,636158.931839,626239.430655
附件一（训练集）.xlsx|材料1|3002,2,1022796.487,1095628.2863,1103697.63475,1078786.42694
附件一（训练集）.xlsx|材料1|3003,4,2318.60528,2383.11855117,2221.06940577,2342.81501374
附件一（训练集）.xlsx|材料1|3004,4,3055.308447,2782.94734503,2925.57029269,2874.27071625
附件一（训练集）.xlsx|材料1|3005,2,5086.971048,4799.23570773,4596.933891,4572.45149132
附件一（训练集）.xlsx|材料1|3006,4,15488.49994,13820.9603731,14953.4861052,14383.6548634
附件一（训练集）.xlsx|材料1|3007,0,20711.28919,19206.7352931,21881.1122854,22349.11478
附件一（训练集）.xlsx|材料1|3008,0,27577.32456,28238.4492781,32093.8032868,34593.1714342
附件一（训练集）.xlsx|材料1|3009,4,48102.99997,51202.8051025,50657.5019612,54661.4619933
附件一（训练集）.xlsx|材料1|301,4,805.9127383,766.51911331,885.264387704,963.197716937
附件一（训练集）.xlsx|材料1|3010,1,63742.57867,75156.6881493,66328.5820994,62891.9690303
附件一（训练集）.xlsx|材料1|3011,1,85862.87795,80108.2324283,80638.7296818,81739.3869381
附件一（训练集）.xlsx|材料1|3012,4,114964.7788,124004.740689,120346.914299,126615.613844
附件一（训练集）.xlsx|材料1|3013,0,281391.6898,287315.658309,282425.013824,291017.424445
附件一（训练集）.xlsx|材料1|3014,1,381031.3648,407001.99469,390659.367637,375310.063164
附件一（训练集）.xlsx|材料1|3015,1,679179.6001,690338.739405,656037.604633,691583.492213
附件一（训练集）.xlsx|材料1|3016,2,1218409.372,1311333.37609,1265121.29819,1372906.13232
附件一（训练集）.xlsx|材料1|3017,3,2389.492111,2168.24945338,2195.43186137,2412.68686717
附件一（训练集）.xlsx|材料1|3018,2,3073.773027,3339.54345422,3425.04576846,3337.17823922
附件一（训练集）.xlsx|材料1|3019,1,6805.282239,6887.91669206,6593.9545669,7008.77178155
附件一（训练集）.xlsx|材料1|302,4,1133.209213,1051.63728291,1126.52121165,1202.92076254
附件一（训练集）.xlsx|材料1|3020,2,8669.308196,8691.03039756,9263.41703573,8459.8943683
附件一（训练集）.xlsx|材料1|3021,2,11642.84035,12447.9606369,11866.3355837,11171.1875173
附件一（训练集）.xlsx|材料1|3022,4,15409.90682,12951.8280946,15147.9773498,15039.2474648
附件一（训练集）.xlsx|材料1|3023,4,20429.49447,16959.5473891,20024.3539545,19640.9784707
附件一（训练集）.xlsx|材料1|3024,1,47051.79563,49355.9559312,49102.3699334,50979.4669585
附件一（训练集）.xlsx|材料1|3025,3,109729.8322,110188.236804,116059.563234,118964.953837
附件一（训练集）.xlsx|材料1|3026,1,146544.5236,159992.275785,157578.252293,163317.330365
附件一（训练集）.xlsx|材料1|3027,1,196118.0166,209999.189593,208891.706208,214020.61316
附件一（训练集）.xlsx|材料1|3028,0,353080.5522,386116.535024,361506.711638,378835.741816
附件一（训练集）.xlsx|材料1|3029,3,462595.663,497540.819704,462642.946478,443335.158215
附件一（训练集）.xlsx|材料1|303,2,1497.701442,1524.01581626,1577.50299785,1545.57867956
附件一（训练集）.xlsx|材料1|3030,3,627397.9645,623790.153029,546472.097335,586864.422345
附件一（训练集）.xlsx|材料1|3031,1,838458.46,1037608.3233,883504.048905,887983.293141
附件一（训练集）.xlsx|材料1|3032,2,1502886.084,1559338.76342,1541104.09308,1525828.74462
附件一（训练集）.xlsx|材料1|3033,3,2420.301274,2422.37422771,2405.98808549,2717.18698019
附件一（训练集）.xlsx|材料1|3034,3,3077.342286,2929.06797641,2994.60905733,3114.0606475
附件一（训练集）.xlsx|材料1|3035,2,4051.614041,4330.24819951,4487.33738695,4342.14423587
附件一（训练集）.xlsx|材料1|3036,2,5092.691207,4980.80348688,5349.76657339,4949.77201309
附件一（训练集）.xlsx|材料1|3037,1,6743.202067,6767.28018402,6509.4769654,6893.15053597
附件一（训练集）.xlsx|材料1|3038,1,8610.663729,8322.34791827,8771.39166578,8787.55725138
附件一（训练集）.xlsx|材料1|3039,2,14921.49046,14925.2583521,17406.9569031,18229.1785934
附件一（训练集）.xlsx|材料1|304,3,2659.779691,2659.29483584,2773.13393102,2627.28796523
附件一（训练集）.xlsx|材料1|3040,4,19539.67682,19393.895747,19502.8318695,18803.1911206
附件一（训练集）.xlsx|材料1|3041,4,25769.45156,25615.4108241,26516.5886691,24706.3762696
附件一（训练集）.xlsx|材料1|3042,1,33995.68797,35714.6655783,33851.65506,33162.7801146
附件一（训练集）.xlsx|材料1|3043,1,58509.53232,67506.1025544,65039.7818727,65145.4295289
附件一（训练集）.xlsx|材料1|3044,1,75604.37487,71442.6303808,70588.5070189,72870.9604493
附件一（训练集）.xlsx|材料1|3045,3,134482.1973,141508.211378,137421.152924,138512.820428
附件一（训练集）.xlsx|材料1|3046,1,180174.3326,216462.630151,192742.621864,186587.268458
附件一（训练集）.xlsx|材料1|3047,1,239989.2599,283739.016677,269446.034344,248079.810897
附件一（训练集）.xlsx|材料1|3048,0,322357.4314,346718.385481,328327.275878,320032.717991
附件一（训练集）.xlsx|材料1|3049,3,753439.5312,692499.686068,634309.293353,712335.692228
附件一（训练集）.xlsx|材料1|305,3,3616.413798,4250.07912907,3542.51203859,3393.72993689
附件一（训练集）.xlsx|材料1|3050,1,1007982.719,977546.882543,1005212.24754,1023390.30374
附件一（训练集）.xlsx|材料1|3051,1,1345783.438,1301142.43584,1366090.41473,1347422.97114
附件一（训练集）.xlsx|材料1|3052,4,2547.585697,2268.20404356,2343.73262137,2263.82739026
附件一（训练集）.xlsx|材料1|3053,3,3271.925176,3205.51655426,2969.00960002,3009.61793662
附件一（训练集）.xlsx|材料1|3054,3,4282.937162,4191.91723009,4213.25750192,4310.33412658
附件一（训练集）.xlsx|材料1|3055,2,5342.799339,4664.34286889,5109.26350336,5165.576757
附件一（训练集）.xlsx|材料1|3056,2,7033.099519,6478.92535285,6440.11957188,6303.57341106
附件一（训练集）.xlsx|材料1|3057,1,11817.15413,11437.6032391,11487.837634,12142.5288461
附件一（训练集）.xlsx|材料1|3058,2,15100.45047,14035.9249703,15067.2552583,15001.1361003
附件一（训练集）.xlsx|材料1|3059,4,25961.43778,24817.7287357,26509.591865,25730.698931
附件一（训练集）.xlsx|材料1|306,2,11494.72838,11949.0559095,11448.788591,11061.8295133
附件一（训练集）.xlsx|材料1|3060,4,33988.38677,32523.2107267,33866.6453067,33583.8494686
附件一（训练集）.xlsx|材料1|3061,1,75296.05058,65412.6051658,74289.4788368,79457.2967374
附件一（训练集）.xlsx|材料1|3062,1,97492.12621,87534.9522798,94137.964954,92525.160941
附件一（训练集）.xlsx|材料1|3063,3,170456.6566,168536.2871,174951.916039,177953.025104
附件一（训练集）.xlsx|材料1|3064,1,226240.72,231332.504367,227746.602689,236201.208705
附件一（训练集）.xlsx|材料1|3065,0,391163.4453,414716.257353,387539.754682,388956.215052
附件一（训练集）.xlsx|材料1|3066,0,524337.0892,551094.510426,536267.369117,543159.868235
附件一（训练集）.xlsx|材料1|3067,3,695389.6872,789964.186656,712936.111844,667970.987212
附件一（训练集）.xlsx|材料1|3068,3,925575.9835,1114956.18043,1002117.77482,1013071.98224
附件一（训练集）.xlsx|材料1|3069,1,1233037.41,1410868.34922,1319519.82952,1346703.54397
附件一（训练集）.xlsx|材料1|307,4,19243.53155,18129.7119204,18736.6699624,19203.9899543
附件一（训练集）.xlsx|材料1|3070,0,3332.665986,3552.80446198,3335.02908101,3315.84261342
附件一（训练集）.xlsx|材料1|3071,1,4352.486725,4397.92876439,4453.98287292,4480.83537562
附件一（训练集）.xlsx|材料1|3072,1,5401.770121,5162.84610876,5344.24326932,5414.47333447
附件一（训练集）.xlsx|材料1|3073,3,9001.372879,9371.90203023,8907.7914241,8232.29636795
附件一（训练集）.xlsx|材料1|3074,4,15046.38934,15527.1494938,14999.363356,15603.3751626
附件一（训练集）.xlsx|材料1|3075,2,25533.44474,25207.0883188,25872.1907943,24820.7359402
附件一（训练集）.xlsx|材料1|3076,2,42990.60922,42959.5792973,46353.1525834,45102.8126205
附件一（训练集）.xlsx|材料1|3077,1,55866.92809,61661.0083731,59839.1865362,58704.9061581
附件一（训练集）.xlsx|材料1|3078,1,72390.88308,75451.508525,68972.3895339,73833.1740375
附件一（训练集）.xlsx|材料1|3079,4,122459.7624,132657.132879,121458.252109,119489.182961
附件一（训练集）.xlsx|材料1|308,3,25703.58543,23905.3848041,24217.7624512,25061.8269892
附件一（训练集）.xlsx|材料1|3080,1,161078.0574,166452.860227,173415.930277,157390.939237
附件一（训练集）.xlsx|材料1|3081,1,213569.8118,229256.726943,214842.062845,207715.732739
附件一（训练集）.xlsx|材料1|3082,2,366513.7982,392188.287776,378472.888601,366601.791603
附件一（训练集）.xlsx|材料1|3083,0,489208.6452,521738.604116,477003.959074,480797.894324
附件一（训练集）.xlsx|材料1|3084,0,646626.9442,700153.522014,633463.001465,644570.140893
附件一（训练集）.xlsx|材料1|3085,2,853906.3079,855562.675978,901315.614112,866486.121165
附件一（训练集）.xlsx|材料1|3086,2,1132150.463,1159299.29881,1178475.38858,1241104.83649
附件一（训练集）.xlsx|材料1|3087,2,2730.708292,2651.75137245,2591.27357994,2548.07331539
附件一（训练集）.xlsx|材料1|3088,1,3507.140681,3240.31881975,3279.9332194,3386.62364781
附件一（训练集）.xlsx|材料1|3089,1,4530.715296,4781.39673838,4571.37531722,4634.22620282
附件一（训练集）.xlsx|材料1|309,3,33873.21869,37015.4058068,32984.348867,33554.7576076
附件一（训练集）.xlsx|材料1|3090,4,5645.789046,5331.27763648,6057.72229012,5767.52257208
附件一（训练集）.xlsx|材料1|3091,2,9307.264942,9288.36540572,10641.0539169,10797.2064734
附件一（训练集）.xlsx|材料1|3092,2,12216.79079,14259.3271186,14870.2561029,14958.3229444
附件一（训练集）.xlsx|材料1|3093,1,15530.68246,15418.0515942,15811.8805662,16817.4265641
附件一（训练集）.xlsx|材料1|3094,3,25697.90241,26968.6271169,26442.5975014,26058.546423
附件一（训练集）.xlsx|材料1|3095,3,33285.84914,30973.4766034,32319.5254304,33034.0618091
附件一（训练集）.xlsx|材料1|3096,4,43280.52654,45381.470133,49220.46378,51939.7702074
附件一（训练集）.xlsx|材料1|3097,4,56071.15484,53916.3043103,55712.0454366,58518.3132702
附件一（训练集）.xlsx|材料1|3098,1,72012.35941,70061.4854344,70286.0433887,69610.825243
附件一（训练集）.xlsx|材料1|3099,1,93752.51057,87220.276895,86833.4428697,91108.9639861
附件一（训练集）.xlsx|材料1|31,0,534557.2986,495968.013616,496113.342695,453699.244556
附件一（训练集）.xlsx|材料1|310,1,45187.74242,43543.437176,41904.3988295,42435.5913631
附件一（训练集）.xlsx|材料1|3100,1,123119.3398,111821.115955,109342.87406,113104.053025
附件一（训练集）.xlsx|材料1|3101,1,157907.1226,164635.898498,154071.482085,151165.74502
附件一（训练集）.xlsx|材料1|3102,2,208381.5532,204859.438911,219545.000021,222207.238959
附件一（训练集）.xlsx|材料1|3103,1,353291.0355,344026.349515,337218.442803,345955.852404
附件一（训练集）.xlsx|材料1|3104,3,813923.4357,842818.483732,870174.818556,818372.592441
附件一（训练集）.xlsx|材料1|3105,2,1073117.604,1270453.63665,1092380.30901,1026760.80436
附件一（训练集）.xlsx|材料1|3106,2,2905.487167,2935.30230328,2895.53712553,2831.85075212
附件一（训练集）.xlsx|材料1|3107,1,4758.024861,5153.97368658,4437.69843203,4651.3076658
附件一（训练集）.xlsx|材料1|3108,1,5920.207166,5882.10348171,5514.75175922,5733.11358815
附件一（训练集）.xlsx|材料1|3109,4,7644.000243,6991.22518904,7615.9063572,7005.38173758
附件一（训练集）.xlsx|材料1|311,1,59602.37429,59577.7895435,59354.2865373,63024.0616576
附件一（训练集）.xlsx|材料1|3110,4,9668.520873,8596.17553468,8836.65181395,9112.24417754
附件一（训练集）.xlsx|材料1|3111,2,12638.50856,14148.6632253,15250.6328288,16233.7116287
附件一（训练集）.xlsx|材料1|3112,2,16030.01603,14685.1930575,16038.2054572,17206.5795758
附件一（训练集）.xlsx|材料1|3113,1,20661.30159,20757.741114,20910.1329794,21873.1635863
附件一（训练集）.xlsx|材料1|3114,1,26492.80692,26058.7108949,25552.9688946,25875.8283239
附件一（训练集）.xlsx|材料1|3115,3,43543.60026,38034.2307406,40963.7202365,41020.1988886
附件一（训练集）.xlsx|材料1|3116,4,56187.5562,58004.2451829,60463.1639551,61663.7582768
附件一（训练集）.xlsx|材料1|3117,4,72132.38023,74405.5874335,75853.9047176,78925.0951571
附件一（训练集）.xlsx|材料1|3118,1,93595.00602,90926.2005848,89371.1046366,92930.2724605
附件一（训练集）.xlsx|材料1|3119,1,121211.4678,115970.713645,112715.810248,116490.014197
附件一（训练集）.xlsx|材料1|312,2,79323.33333,84082.9093227,82242.6091501,86269.9461649
附件一（训练集）.xlsx|材料1|3120,2,264519.4353,258106.487955,266626.697467,264791.149005
附件一（训练集）.xlsx|材料1|3121,1,451110.1522,409605.18224,436357.510307,427131.300944
附件一（训练集）.xlsx|材料1|3122,3,776606.3181,811766.475476,819913.160264,780081.695458
附件一（训练集）.xlsx|材料1|3123,3,1020250.057,1022256.28768,1053912.24262,962650.355816
附件一（训练集）.xlsx|材料1|3124,3,3859.872715,3541.20131422,4235.79697717,4202.4521957
附件一（训练集）.xlsx|材料1|3125,3,4948.683292,5660.83122063,5337.96795815,5459.81669062
附件一（训练集）.xlsx|材料1|3126,1,6116.856927,5698.32947506,5633.6341075,5726.16351454
附件一（训练集）.xlsx|材料1|3127,1,9941.426325,9881.60154133,9259.91988878,9835.98347771
附件一（训练集）.xlsx|材料1|3128,1,12878.01952,13173.7022049,12689.0262214,12780.7305192
附件一（训练集）.xlsx|材料1|3129,4,20913.02517,26126.1535235,22850.562639,21769.7868067
附件一（训练集）.xlsx|材料1|313,2,108629.5997,112889.215337,111717.589118,111291.185869
附件一（训练集）.xlsx|材料1|3130,2,34574.7107,36655.2907271,33137.9250456,32804.7270683
附件一（训练集）.xlsx|材料1|3131,2,43883.33183,46729.0349141,43116.7046742,41767.7539109
附件一（训练集）.xlsx|材料1|3132,2,56001.54925,55150.1694853,53547.9910811,51446.1280143
附件一（训练集）.xlsx|材料1|3133,3,676726.038,780958.135737,764073.215033,773170.057152
附件一（训练集）.xlsx|材料1|3134,4,889610.487,1008455.21331,929412.742235,906079.468952
附件一（训练集）.xlsx|材料1|3135,4,1180898.075,1270101.31109,1299059.85652,1280374.94584
附件一（训练集）.xlsx|材料1|3136,1,2090589.139,2058609.78208,1999098.40872,2042716.53359
附件一（训练集）.xlsx|材料1|3137,2,2870960.371,2374902.06686,2590285.93541,2809641.7199
附件一（训练集）.xlsx|材料1|3138,3,12570.41001,11399.9328341,12111.8883217,11808.9357561
附件一（训练集）.xlsx|材料1|3139,3,15517.87854,14830.8384167,16452.5043611,15864.3478555
附件一（训练集）.xlsx|材料1|314,4,191311.8669,183125.864577,178921.183075,190385.101
附件一（训练集）.xlsx|材料1|3140,4,19795.59082,18263.1713305,19594.1303076,19293.3802959
附件一（训练集）.xlsx|材料1|3141,4,25579.77298,23255.8902303,25069.3116104,25246.3209583
附件一（训练集）.xlsx|材料1|3142,1,32097.7636,31467.9435381,31803.226209,31363.2609609
附件一（训练集）.xlsx|材料1|3143,0,51309.35938,48965.3730098,52101.0876412,50352.3346156
附件一（训练集）.xlsx|材料1|3144,0,106507.1312,106971.377199,108193.804666,111181.75307
附件一（训练集）.xlsx|材料1|3145,4,176911.5779,204868.061802,187472.637102,178299.793114
附件一（训练集）.xlsx|材料1|3146,4,229195.7748,245100.444452,230905.509578,228837.823845
附件一（训练集）.xlsx|材料1|3147,1,379089.2573,371406.610143,393224.667067,381120.810317
附件一（训练集）.xlsx|材料1|3148,1,497055.7207,500096.55597,498401.92157,497615.893965
附件一（训练集）.xlsx|材料1|3149,3,651234.5924,669236.483799,657350.171233,630958.086427
附件一（训练集）.xlsx|材料1|315,2,249461.3838,243249.09915,224927.168658,232000.869092
附件一（训练集）.xlsx|材料1|3150,3,854037.1136,944502.333834,898876.236618,899266.583524
附件一（训练集）.xlsx|材料1|3151,4,1123762.213,1215188.3538,1131949.08232,1152339.67634
附件一（训练集）.xlsx|材料1|3152,0,49844.89692,52774.7679735,54581.7513715,53861.848077
附件一（训练集）.xlsx|材料1|3153,1,1556608.131,1635825.07066,1603155.99395,1555822.42959
附件一（训练集）.xlsx|材料1|3154,1,2099918.747,2166679.68625,2180294.04882,2184441.17373
附件一（训练集）.xlsx|材料1|3155,2,2887987.738,2549952.44502,2615369.66979,2831809.83679
附件一（训练集）.xlsx|材料1|3156,0,9614.364399,9408.18174503,10185.4966466,10609.6088607
附件一（训练集）.xlsx|材料1|3157,3,12559.29754,11676.2786999,12761.6202958,12698.4290171
附件一（训练集）.xlsx|材料1|3158,3,15436.57239,14830.8384167,16539.4914164,15868.9349986
附件一（训练集）.xlsx|材料1|3159,4,19731.97991,18263.1713305,19559.4839407,19212.4169258
附件一（训练集）.xlsx|材料1|316,3,427142.3839,441887.700792,455683.933534,446679.495628
附件一（训练集）.xlsx|材料1|3160,1,31864.27327,31467.9435381,32004.6546907,31243.6897134
附件一（训练集）.xlsx|材料1|3161,0,51225.16818,48965.3730098,52614.7640324,51199.9497289
附件一（训练集）.xlsx|材料1|3162,4,176224.4706,204868.061802,186958.046917,179963.651038
附件一（训练集）.xlsx|材料1|3163,4,292612.6171,315352.138965,302359.83049,293553.753265
附件一（训练集）.xlsx|材料1|3164,3,655128.1488,687943.158136,667832.822823,659766.826401
附件一（训练集）.xlsx|材料1|3165,3,856065.9537,944502.333834,904195.292899,901444.881214
附件一（训练集）.xlsx|材料1|3166,4,1127758.631,1215188.3538,1136458.20635,1106944.12586
附件一（训练集）.xlsx|材料1|3167,4,1469726.296,1493281.2117,1524896.92616,1530642.11239
附件一（训练集）.xlsx|材料1|3168,1,1969353.105,1915096.38087,1881456.5643,1879943.72762
附件一（训练集）.xlsx|材料1|3169,1,2667612.198,2490689.5092,2534287.09652,2553024.60625
附件一（训练集）.xlsx|材料1|317,4,927.258475,910.612558708,934.12178148,1019.37512144
附件一（训练集）.xlsx|材料1|3170,3,6366.827855,7271.35877397,7948.73287661,7509.92637613
附件一（训练集）.xlsx|材料1|3171,3,11964.42409,13818.6897619,14188.8185561,14742.0457458
附件一（训练集）.xlsx|材料1|3172,0,24279.16467,25253.9774161,24113.1386233,25111.5437191
附件一（训练集）.xlsx|材料1|3173,3,32413.16245,35866.1100104,35615.6483249,41596.3207379
附件一（训练集）.xlsx|材料1|3174,3,47754.76551,53011.8374634,50400.8317665,48009.8895033
附件一（训练集）.xlsx|材料1|3175,3,96820.22805,94508.1554884,96088.7388431,93498.7077407
附件一（训练集）.xlsx|材料1|3176,1,133439.0044,147686.752118,136667.263532,131709.706408
附件一（训练集）.xlsx|材料1|3177,1,5934.262562,5948.78016888,6725.54503068,7075.57353458
附件一（训练集）.xlsx|材料1|3178,2,14450.463,15064.0585202,16423.1345748,15961.9580578
附件一（训练集）.xlsx|材料1|3179,1,28616.46185,29696.8692086,30083.2994706,28207.1836912
附件一（训练集）.xlsx|材料1|318,4,1243.598131,1166.27355386,1081.4465642,1109.75852687
附件一（训练集）.xlsx|材料1|3180,3,56940.7841,60466.1318057,58707.5221797,59355.5823983
附件一（训练集）.xlsx|材料1|3181,3,81462.45576,80763.5729653,80108.3321296,83500.4627105
附件一（训练集）.xlsx|材料1|3182,3,114369.4705,106057.494379,110743.315923,114098.582132
附件一（训练集）.xlsx|材料1|3183,3,158060.0978,165591.194635,153635.212052,164420.905457
附件一（训练集）.xlsx|材料1|3184,3,218740.4155,200904.661459,194083.300108,224402.499023
附件一（训练集）.xlsx|材料1|3185,3,4766.107073,5407.7164038,5312.54330386,5010.99856374
附件一（训练集）.xlsx|材料1|3186,3,5991.42176,6053.96424628,6303.22805938,5979.22724986
附件一（训练集）.xlsx|材料1|3187,3,8257.301331,8728.88515135,8853.60701393,8368.33138578
附件一（训练集）.xlsx|材料1|3188,3,10733.71861,11786.1983611,11929.8325533,11319.9501712
附件一（训练集）.xlsx|材料1|3189,4,20877.50895,23744.0482009,24628.9189208,24868.3440221
附件一（训练集）.xlsx|材料1|319,0,1716.460317,1548.48788896,1598.89657536,1670.94246265
附件一（训练集）.xlsx|材料1|3190,1,29029.32266,30730.7398303,32237.2813309,32619.254943
附件一（训练集）.xlsx|材料1|3191,3,113773.3645,116627.821718,116118.359984,119702.228129
附件一（训练集）.xlsx|材料1|3192,3,158466.5656,170062.971185,170429.397334,183125.025299
附件一（训练集）.xlsx|材料1|3193,2,222989.9301,231947.377752,219243.1838,206580.272934
附件一（训练集）.xlsx|材料1|3194,2,306788.1119,316231.350964,292691.139111,289481.052811
附件一（训练集）.xlsx|材料1|3195,0,417873.7434,377135.192809,382178.519962,382534.113274
附件一（训练集）.xlsx|材料1|3196,0,3229.489229,2970.44095631,3485.00256178,3563.66300629
附件一（训练集）.xlsx|材料1|3197,3,9839.71697,9733.2441029,10663.2830572,9451.14307376
附件一（训练集）.xlsx|材料1|3198,3,13474.95751,14288.2272401,14237.6186514,12866.2111478
附件一（训练集）.xlsx|材料1|3199,4,18142.26417,17552.4985216,17990.9365626,17703.3111353
附件一（训练集）.xlsx|材料1|32,1,1507.127686,1609.79776965,1764.26077047,1517.52369868
附件一（训练集）.xlsx|材料1|320,4,3092.694422,2949.80361805,2749.45779258,2697.80816875
附件一（训练集）.xlsx|材料1|3200,1,35228.42002,34999.435789,36008.376859,35245.4805495
附件一（训练集）.xlsx|材料1|3201,1,49728.53118,51065.1718523,51146.1195605,50565.2212103
附件一（训练集）.xlsx|材料1|3202,3,69334.59586,71757.9262219,74808.5106889,74162.408294
附件一（训练集）.xlsx|材料1|3203,3,96954.13422,101213.84814,100022.986739,98226.7289121
附件一（训练集）.xlsx|材料1|3204,3,188763.1564,180434.268385,198078.793953,207797.089591
附件一（训练集）.xlsx|材料1|3205,2,262026.6416,279737.04029,268806.893624,253994.774716
附件一（训练集）.xlsx|材料1|3206,0,492830.8959,474651.248073,496652.776835,467296.222825
附件一（训练集）.xlsx|材料1|3207,4,2314.25521,2520.40599467,2569.22954353,2574.84548256
附件一（训练集）.xlsx|材料1|3208,4,2918.349373,3074.35155726,3331.88609515,3187.24287515
附件一（训练集）.xlsx|材料1|3209,3,12420.37102,12844.3502967,13617.5776514,12491.7793612
附件一（训练集）.xlsx|材料1|321,4,4083.403273,3783.09206957,3896.20855411,3883.04989742
附件一（训练集）.xlsx|材料1|3210,3,16172.96576,14345.8693958,16494.3701163,16446.2567898
附件一（训练集）.xlsx|材料1|3211,0,22268.72886,19998.1156299,21707.2814562,22396.0338331
附件一（训练集）.xlsx|材料1|3212,3,43208.59664,44563.0071458,46940.6189817,45755.2688012
附件一（训练集）.xlsx|材料1|3213,3,59910.0578,60487.188513,64545.1774008,61053.2333387
附件一（训练集）.xlsx|材料1|3214,4,83377.89749,86968.0812544,83999.0994219,80208.1590525
附件一（训练集）.xlsx|材料1|3215,4,115552.8234,99867.8575632,102161.304064,108713.250451
附件一（训练集）.xlsx|材料1|3216,2,162097.7692,163539.092221,159927.263476,155947.427132
附件一（训练集）.xlsx|材料1|3217,2,225904.413,231607.755746,233292.923405,232735.808767
附件一（训练集）.xlsx|材料1|3218,1,311528.8256,315406.771708,313813.162108,318503.145431
附件一（训练集）.xlsx|材料1|3219,1,427426.5667,414350.676241,442366.959322,441174.968458
附件一（训练集）.xlsx|材料1|322,4,9807.160843,9476.2046531,10510.9713915,9878.5174618
附件一（训练集）.xlsx|材料1|3220,2,584587.2953,621660.277503,610409.519014,600621.454095
附件一（训练集）.xlsx|材料1|3221,2,2246.998212,2343.62616122,2284.81156757,2212.68854133
附件一（训练集）.xlsx|材料1|3222,4,2833.753662,2750.74339306,2770.74670771,2813.51222347
附件一（训练集）.xlsx|材料1|3223,4,3759.777665,3853.88631625,3649.60146464,3808.85464647
附件一（训练集）.xlsx|材料1|3224,1,6418.790142,6032.93137556,6591.0624869,6607.97345304
附件一（训练集）.xlsx|材料1|3225,3,8411.597871,8239.78346935,8682.47732399,8164.01183043
附件一（训练集）.xlsx|材料1|3226,3,11491.97483,11607.6556282,12639.3182811,12103.2041096
附件一（训练集）.xlsx|材料1|3227,3,15509.13414,15114.4161394,16257.6805468,14270.1555291
附件一（训练集）.xlsx|材料1|3228,3,20481.46677,18948.4206244,20358.6296239,19701.64144
附件一（训练集）.xlsx|材料1|3229,0,28161.5079,30233.7183598,31560.7753985,29889.4359927
附件一（训练集）.xlsx|材料1|323,0,16701.43194,15884.3746558,16675.9178154,14612.9901656
附件一（训练集）.xlsx|材料1|3230,0,38899.2181,39621.9989589,40982.5145025,41404.627643
附件一（训练集）.xlsx|材料1|3231,3,73915.61131,73926.1046046,76611.1379223,75028.7510635
附件一（训练集）.xlsx|材料1|3232,4,141791.7354,154724.825253,143829.646071,146202.983481
附件一（训练集）.xlsx|材料1|3233,2,196368.1706,199719.333821,195253.461456,194897.057202
附件一（训练集）.xlsx|材料1|3234,2,272741.2624,306746.802712,306807.328913,318599.397429
附件一（训练集）.xlsx|材料1|3235,1,374620.5705,403147.051489,373420.208153,389329.571922
附件一（训练集）.xlsx|材料1|3236,2,682727.5158,710859.678177,701332.357498,755180.855653
附件一（训练集）.xlsx|材料1|3237,3,4665.512284,4324.56479318,4835.2928436,4641.6088869
附件一（训练集）.xlsx|材料1|3238,1,6238.637355,5966.30573341,6200.40327693,6668.06409563
附件一（训练集）.xlsx|材料1|3239,1,8146.833905,7826.26317033,8150.5531701,8436.80296557
附件一（训练集）.xlsx|材料1|324,0,28733.10879,26762.5648016,27351.2766284,28176.8789634
附件一（训练集）.xlsx|材料1|3240,4,14662.9533,12749.2979249,13417.9353363,12222.6997858
附件一（训练集）.xlsx|材料1|3241,2,19755.89353,18867.1967937,20896.5307684,20468.4936411
附件一（训练集）.xlsx|材料1|3242,2,26119.24832,32050.2505235,34367.8827564,34537.5117362
附件一（训练集）.xlsx|材料1|3243,1,35676.97821,34898.8592427,37086.3758533,36155.99312
附件一（训练集）.xlsx|材料1|3244,3,91085.55368,105193.847136,84564.197387,89447.6649358
附件一（训练集）.xlsx|材料1|3245,2,126660.6662,127006.861874,126785.022842,125151.522958
附件一（训练集）.xlsx|材料1|3246,2,174547.2754,190708.034403,175166.346778,165585.949005
附件一（训练集）.xlsx|材料1|3247,4,239534.49,249976.437274,227556.858345,234309.298186
附件一（训练集）.xlsx|材料1|3248,0,454893.1009,496272.085601,498680.353754,498619.042475
附件一（训练集）.xlsx|材料1|3249,0,605442.5568,625806.853342,622521.067059,614819.252974
附件一（训练集）.xlsx|材料1|325,1,52609.57548,54072.9334268,55414.6973286,56688.8025982
附件一（训练集）.xlsx|材料1|3250,3,2231.089851,2160.89735342,2152.94050317,2142.57539885
附件一（训练集）.xlsx|材料1|3251,0,2863.209759,2865.0244119,2932.1082883,2770.73486549
附件一（训练集）.xlsx|材料1|3252,0,3745.356565,3499.08849179,3745.42019096,3568.03538489
附件一（训练集）.xlsx|材料1|3253,0,4764.069041,4656.33477671,4579.21707574,4514.80189903
附件一（训练集）.xlsx|材料1|3254,0,6207.750257,5296.58645426,6513.57053478,6552.6166786
附件一（训练集）.xlsx|材料1|3255,2,7956.449469,8159.16458932,8375.03619758,8867.37307119
附件一（训练集）.xlsx|材料1|3256,2,10748.89649,10517.7020812,11064.0760401,11356.979843
附件一（训练集）.xlsx|材料1|3257,1,14067.10225,14736.8468401,14503.7609084,14505.05009
附件一（训练集）.xlsx|材料1|3258,1,18848.28713,18845.1242207,19466.960141,20083.4448752
附件一（训练集）.xlsx|材料1|3259,0,25227.95667,24783.1447288,27295.9453705,25394.0391834
附件一（训练集）.xlsx|材料1|326,1,383820.4649,372780.911362,389512.059698,394186.790471
附件一（训练集）.xlsx|材料1|3260,3,44801.1205,47265.5297693,51288.88223,52675.1373759
附件一（训练集）.xlsx|材料1|3261,3,114005.0378,108964.294174,117015.626067,130909.724499
附件一（训练集）.xlsx|材料1|3262,1,292368.7154,341303.705398,316019.958661,306468.256574
附件一（训练集）.xlsx|材料1|3263,4,534704.651,530046.600799,571326.174524,558112.524756
附件一（训练集）.xlsx|材料1|3264,0,997732.2005,1031027.1865,1013116.04216,1053290.57253
附件一（训练集）.xlsx|材料1|3265,3,3044.084213,2602.7636831,2651.48855875,2446.27562099
附件一（训练集）.xlsx|材料1|3266,0,3872.602218,3773.13715066,3600.35342351,3298.71266512
附件一（训练集）.xlsx|材料1|3267,0,4851.066372,4039.59906611,4322.8116465,4177.66244688
附件一（训练集）.xlsx|材料1|3268,0,6389.297493,6039.55165111,6222.78149932,5918.73676033
附件一（训练集）.xlsx|材料1|3269,2,10695.19335,9994.99511103,11364.9982702,10991.7018823
附件一（训练集）.xlsx|材料1|327,1,522759.9608,579862.615374,563018.323203,570259.168112
附件一（训练集）.xlsx|材料1|3270,2,14227.45025,12704.9059426,13493.7197598,14159.041389
附件一（训练集）.xlsx|材料1|3271,1,18623.91521,21902.1223843,18431.1007891,19281.2643896
附件一（训练集）.xlsx|材料1|3272,1,24454.65859,25381.1719591,25915.8256515,25423.5395089
附件一（训练集）.xlsx|材料1|3273,0,42403.85556,45099.1083302,44000.93217,43682.6080422
附件一（训练集）.xlsx|材料1|3274,3,75787.54423,78791.8204341,66527.0531001,77030.4314364
附件一（训练集）.xlsx|材料1|3275,3,140828.1527,149580.343189,141612.416514,147187.276361
附件一（训练集）.xlsx|材料1|3276,3,191297.2492,187034.767957,177713.494278,183282.020658
附件一（训练集）.xlsx|材料1|3277,1,354999.0671,386361.147763,375922.514773,353938.811255
附件一（训练集）.xlsx|材料1|3278,1,471892.0718,427967.085669,397617.879096,409548.425166
附件一（训练集）.xlsx|材料1|3279,4,649562.5229,623085.558361,604563.810905,634558.123766
附件一（训练集）.xlsx|材料1|328,4,778.1715275,867.084362206,951.322298637,876.270076712
附件一（训练集）.xlsx|材料1|3280,4,879834.8034,874271.286474,801555.131214,892548.063983
附件一（训练集）.xlsx|材料1|3281,0,1197138.716,1143713.76351,1184385.31138,1170057.56927
附件一（训练集）.xlsx|材料1|3282,1,2443.520886,2397.82671112,2301.68172279,2350.35104287
附件一（训练集）.xlsx|材料1|3283,1,3138.580084,3309.40668031,3195.48755679,3366.70135939
附件一（训练集）.xlsx|材料1|3284,1,4034.844994,4282.53737217,4306.20689273,4385.73081776
附件一（训练集）.xlsx|材料1|3285,3,5066.237173,4939.57894149,4709.89746501,4401.26854428
附件一（训练集）.xlsx|材料1|3286,3,6581.491213,5946.63009582,5910.08763325,5653.28203183
附件一（训练集）.xlsx|材料1|3287,2,8422.32318,8256.54403423,8641.89750239,7882.22706878
附件一（训练集）.xlsx|材料1|3288,2,11074.04371,10959.2478504,10958.6423078,10655.6935249
附件一（训练集）.xlsx|材料1|3289,3,14409.97706,12455.8382383,13672.7841148,13519.0121916
附件一（训练集）.xlsx|材料1|329,0,1057.340411,1098.57812019,1182.61177904,1194.99010081
附件一（训练集）.xlsx|材料1|3290,3,18867.21118,18340.5373732,17963.5772145,18182.5993285
附件一（训练集）.xlsx|材料1|3291,2,24666.72989,28149.2870099,25510.5270505,24625.3167787
附件一（训练集）.xlsx|材料1|3292,2,32386.25707,34967.219273,33095.0575402,31570.9128564
附件一（训练集）.xlsx|材料1|3293,3,42684.66157,45883.3378593,45669.8302883,44589.9283772
附件一（训练集）.xlsx|材料1|3294,3,55327.05595,61241.6787991,58642.5916413,55413.4812435
附件一（训练集）.xlsx|材料1|3295,3,73669.99957,80090.4848798,77732.5913207,78630.8548585
附件一（训练集）.xlsx|材料1|3296,1,133467.5859,139189.036201,145935.742232,144109.857448
附件一（训练集）.xlsx|材料1|3297,1,180211.5236,196262.511956,194946.798712,200385.571225
附件一（训练集）.xlsx|材料1|3298,4,242275.121,240659.686036,251340.684539,247009.698648
附件一（训练集）.xlsx|材料1|3299,4,328087.3774,375617.65913,372633.063697,359342.354828
附件一（训练集）.xlsx|材料1|33,1,1987.49952,2165.72184747,2181.33395811,2133.48287451
附件一（训练集）.xlsx|材料1|330,0,1408.347747,1457.22008036,1500.84157616,1524.11327084
附件一（训练集）.xlsx|材料1|3300,2,433295.3132,502665.757128,442445.203713,457171.18042
附件一（训练集）.xlsx|材料1|3301,2,597130.5674,632240.790552,587340.887696,597816.394636
附件一（训练集）.xlsx|材料1|3302,4,807753.8335,978818.988344,912716.604647,898652.917681
附件一（训练集）.xlsx|材料1|3303,2,1494556.587,1548750.80241,1517190.87278,1478356.37667
附件一（训练集）.xlsx|材料1|3304,1,2523.873037,2629.74615747,2669.51386855,2720.33482189
附件一（训练集）.xlsx|材料1|3305,1,3223.450937,3061.94766578,3127.55856032,3179.08729134
附件一（训练集）.xlsx|材料1|3306,1,4103.531969,4128.59104779,4416.60637437,4553.3032297
附件一（训练集）.xlsx|材料1|3307,1,5168.882483,5290.88252596,5083.65217564,5164.26859224
附件一（训练集）.xlsx|材料1|3308,3,6678.027082,6467.66360551,6452.85955332,6091.93798812
附件一（训练集）.xlsx|材料1|3309,2,11154.88323,11375.1930878,12325.667805,11346.9948656
附件一（训练集）.xlsx|材料1|331,2,1914.446848,1916.05044741,2122.47338282,1878.08147765
附件一（训练集）.xlsx|材料1|3310,2,14243.48404,13922.5369843,13572.4843992,13658.2348081
附件一（训练集）.xlsx|材料1|3311,3,18529.97224,17511.7907766,18125.2072715,17311.1808512
附件一（训练集）.xlsx|材料1|3312,3,24133.3792,24135.579786,22407.8795307,22779.4275891
附件一（训练集）.xlsx|材料1|3313,2,31764.17063,33673.0573391,29467.9133341,27886.7839123
附件一（训练集）.xlsx|材料1|3314,3,53923.73655,58501.970925,50619.3739869,51155.8719622
附件一（训练集）.xlsx|材料1|3315,1,165927.4621,203101.470485,183749.678885,177519.417599
附件一（训练集）.xlsx|材料1|3316,1,222390.8931,265223.374142,258905.447582,239154.361274
附件一（训练集）.xlsx|材料1|3317,4,299109.0826,313520.737029,288124.576514,285923.130272
附件一（训练集）.xlsx|材料1|3318,4,391555.2829,341119.962817,314081.684475,336525.205788
附件一（训练集）.xlsx|材料1|3319,2,533719.643,555527.285654,550301.070934,537726.668998
附件一（训练集）.xlsx|材料1|332,2,2619.833509,2431.59577035,2433.41540739,2516.63824312
附件一（训练集）.xlsx|材料1|3320,4,977373.9738,958199.259097,979719.063265,1003139.5407
附件一（训练集）.xlsx|材料1|3321,4,1329875.852,1296270.06593,1273326.78004,1321016.15926
附件一（训练集）.xlsx|材料1|3322,1,4358.378271,4875.17344887,4638.79761763,4682.12164358
附件一（训练集）.xlsx|材料1|3323,1,7019.227297,6961.10231951,6521.25401824,6965.76271885
附件一（训练集）.xlsx|材料1|3324,3,8819.51723,8258.93680652,8257.98091039,8443.82827101
附件一（训练集）.xlsx|材料1|3325,2,19051.25993,17661.6510547,17851.583249,19237.9792365
附件一（训练集）.xlsx|材料1|3326,3,24484.05715,22346.7429483,25568.8226806,25013.8075571
附件一（训练集）.xlsx|材料1|3327,2,53504.74537,54612.7528789,60844.5958605,59081.0190074
附件一（训练集）.xlsx|材料1|3328,3,90077.48621,82612.8088944,92510.5928098,90754.9083723
附件一（训练集）.xlsx|材料1|3329,3,158042.956,157660.254919,167175.596771,170397.606995
附件一（训练集）.xlsx|材料1|333,3,3358.272558,3083.74194849,3094.0975681,3171.18628165
附件一（训练集）.xlsx|材料1|3330,1,209575.2805,224214.647192,217189.36973,226561.843042
附件一（训练集）.xlsx|材料1|3331,1,279993.7045,297738.978445,306895.566664,301635.459479
附件一（训练集）.xlsx|材料1|3332,4,364868.6865,369215.625819,369786.954409,372060.84865
附件一（训练集）.xlsx|材料1|3333,4,493906.7507,536301.409673,504613.778503,514828.188853
附件一（训练集）.xlsx|材料1|3334,2,656185.5337,757587.031656,674085.233012,645005.484847
附件一（训练集）.xlsx|材料1|3335,2,889857.1768,1028914.45744,887655.371332,921393.653091
附件一（训练集）.xlsx|材料1|3336,4,1202757.065,1404849.38433,1199704.81676,1235639.62423
附件一（训练集）.xlsx|材料1|3337,3,2703.669878,2621.95540286,2864.12721815,3005.14142416
附件一（训练集）.xlsx|材料1|3338,3,3413.323454,3355.19861074,3697.52652605,3417.7446437
附件一（训练集）.xlsx|材料1|3339,3,4403.038048,4325.91795335,5071.8845397,5001.32637329
附件一（训练集）.xlsx|材料1|334,1,6196.269592,6383.82655869,6116.48709128,6510.18066372
附件一（训练集）.xlsx|材料1|3340,3,5474.966018,5116.58503536,5549.96493009,5355.30927259
附件一（训练集）.xlsx|材料1|3341,4,7111.575381,6891.97282953,6639.67805721,6700.65869776
附件一（训练集）.xlsx|材料1|3342,4,8909.009048,8863.29400579,8745.77388412,8751.74339425
附件一（训练集）.xlsx|材料1|3343,2,11594.27938,14002.8039734,12548.6134193,10662.5946213
附件一（训练集）.xlsx|材料1|3344,2,14668.76801,14771.9605744,15753.7575741,14766.2014359
附件一（训练集）.xlsx|材料1|3345,1,19011.2503,17008.22352,19869.7018623,19010.2844014
附件一（训练集）.xlsx|材料1|3346,1,24200.62591,22905.578125,24864.1621714,25275.1806442
附件一（训练集）.xlsx|材料1|3347,2,31346.8175,30939.8577592,34759.9687297,31599.7138988
附件一（训练集）.xlsx|材料1|3348,3,52458.41205,56516.5663374,53188.6988437,52527.0341148
附件一（训练集）.xlsx|材料1|3349,3,67451.05643,72362.6567649,65734.6985398,68286.9128388
附件一（训练集）.xlsx|材料1|335,1,8411.541611,9649.36213371,9348.49719383,9469.88225701
附件一（训练集）.xlsx|材料1|3350,3,149938.4049,169785.197409,161257.241216,148188.488751
附件一（训练集）.xlsx|材料1|3351,3,198509.3672,221077.306468,211156.411087,201008.84369
附件一（训练集）.xlsx|材料1|3352,2,263891.815,301361.241489,283369.117093,274391.064344
附件一（训练集）.xlsx|材料1|3353,2,458643.7438,460490.226938,502909.675027,493447.506661
附件一（训练集）.xlsx|材料1|3354,2,607815.5397,617218.111663,624885.185897,574266.446391
附件一（训练集）.xlsx|材料1|3355,0,1093378.794,986137.293449,1011847.80212,988942.164863
附件一（训练集）.xlsx|材料1|3356,0,2820.228861,2775.61045422,2983.91814913,2950.82320772
附件一（训练集）.xlsx|材料1|3357,0,3594.00158,3319.30814585,3630.57575966,3404.84070899
附件一（训练集）.xlsx|材料1|3358,0,5702.110603,4998.22881133,5899.36159082,5447.73960655
附件一（训练集）.xlsx|材料1|3359,0,7325.406277,6898.83828444,7696.54286058,7243.10099027
附件一（训练集）.xlsx|材料1|336,1,14671.43686,14479.3677217,14354.497476,14120.0511908
附件一（训练集）.xlsx|材料1|3360,2,12038.45988,11385.6944641,13184.2091822,13437.5136052
附件一（训练集）.xlsx|材料1|3361,1,15166.32506,15195.309886,15818.4079735,16721.4205177
附件一（训练集）.xlsx|材料1|3362,0,25019.0928,21377.1484837,23774.4386663,23830.6688658
附件一（训练集）.xlsx|材料1|3363,0,52907.94086,51323.1880187,52736.7000658,52099.9278128
附件一（训练集）.xlsx|材料1|3364,2,67588.03709,69885.030476,69547.4320769,70572.4192642
附件一（训练集）.xlsx|材料1|3365,2,88204.37956,91001.4682683,89265.7932312,84781.8825726
附件一（训练集）.xlsx|材料1|3366,1,147177.9989,155427.055417,149131.981556,139841.907928
附件一（训练集）.xlsx|材料1|3367,4,193977.7604,198358.325407,207960.33837,202495.336899
附件一（训练集）.xlsx|材料1|3368,4,255717.2724,253675.748431,258154.124892,261433.862485
附件一（训练集）.xlsx|材料1|3369,2,329093.5455,365035.459806,345749.136751,349653.121793
附件一（训练集）.xlsx|材料1|337,1,25213.52305,24861.3718203,25537.552431,26125.2378535
附件一（训练集）.xlsx|材料1|3370,2,440531.052,463690.759136,498166.814825,438647.82816
附件一（训练集）.xlsx|材料1|3371,2,768890.7615,849597.718802,836310.463543,837918.398478
附件一（训练集）.xlsx|材料1|3372,0,4791.30445,4897.52029654,5112.14123126,5008.76839406
附件一（训练集）.xlsx|材料1|3373,0,5899.644482,5437.06129951,5536.74246407,5262.90510268
附件一（训练集）.xlsx|材料1|3374,0,7597.666391,7182.75197198,7829.36286391,7623.48575367
附件一（训练集）.xlsx|材料1|3375,2,12333.07453,14099.6215853,14526.7455,16190.7150857
附件一（训练集）.xlsx|材料1|3376,2,15594.63165,16173.5756239,15051.8042785,16695.1277399
附件一（训练集）.xlsx|材料1|3377,1,19955.22192,20320.752516,20372.1017811,21155.6968229
附件一（训练集）.xlsx|材料1|3378,1,25440.23997,25742.8867872,24702.5616724,24816.9097486
附件一（训练集）.xlsx|材料1|3379,0,32759.03428,31832.7316749,29590.0303637,30070.0659459
附件一（训练集）.xlsx|材料1|338,4,32922.90003,31591.502526,31991.9416769,33777.2838489
附件一（训练集）.xlsx|材料1|3380,0,41458.74873,40576.7965826,39423.4721282,40016.8395384
附件一（训练集）.xlsx|材料1|3381,0,53270.28334,52196.8105837,53526.7894985,52199.2338322
附件一（训练集）.xlsx|材料1|3382,0,67841.20487,69720.001962,60413.63231,60145.6716035
附件一（训练集）.xlsx|材料1|3383,2,88119.31493,89586.9019207,83940.9724955,82375.4774735
附件一（训练集）.xlsx|材料1|3384,2,113704.4248,119621.003534,102466.825137,103722.605795
附件一（训练集）.xlsx|材料1|3385,4,247614.331,253591.245336,236606.89293,242596.246185
附件一（训练集）.xlsx|材料1|3386,4,317592.2935,288605.034748,306826.56964,305819.875293
附件一（训练集）.xlsx|材料1|3387,2,554538.5464,556003.230703,620206.150514,616096.23041
附件一（训练集）.xlsx|材料1|3388,2,730349.0954,661246.054207,770442.829585,717583.084431
附件一（训练集）.xlsx|材料1|3389,2,966650.8618,983390.952047,1040575.89044,991101.7844
附件一（训练集）.xlsx|材料1|339,0,59518.79178,62016.0899075,63721.2700146,61921.135016
附件一（训练集）.xlsx|材料1|3390,3,3849.8158,3926.44725433,4323.35664571,4195.6897269
附件一（训练集）.xlsx|材料1|3391,3,4918.928172,5336.65491086,5283.60094838,5205.12554057
附件一（训练集）.xlsx|材料1|3392,4,6098.82804,6133.0273639,6082.98576158,6083.95489812
附件一（训练集）.xlsx|材料1|3393,4,7850.997367,7649.7100979,7935.74611976,7939.28230842
附件一（训练集）.xlsx|材料1|3394,0,12669.43871,12613.8726723,12287.2609543,12766.1323519
附件一（训练集）.xlsx|材料1|3395,0,15814.29218,20369.6493491,17559.4336398,20912.2765655
附件一（训练集）.xlsx|材料1|3396,0,20317.4153,24031.1914138,20587.622578,22712.2942046
附件一（训练集）.xlsx|材料1|3397,2,25951.97613,32854.9786001,28786.4423293,28441.529544
附件一（训练集）.xlsx|材料1|3398,1,41673.75335,45126.6784671,45325.3418411,47010.6508573
附件一（训练集）.xlsx|材料1|3399,1,53402.77628,57276.9556453,53768.7485869,54404.0994189
附件一（训练集）.xlsx|材料1|34,3,2690.828365,2645.96662428,2786.40792183,2879.93280142
附件一（训练集）.xlsx|材料1|340,0,81770.16356,83134.845763,83140.3062647,85040.4415437
附件一（训练集）.xlsx|材料1|3400,2,112528.0094,128078.113309,133484.099999,122821.864468
附件一（训练集）.xlsx|材料1|3401,2,145226.5086,164213.126558,168829.13885,158714.578882
附件一（训练集）.xlsx|材料1|341,1,109005.8457,135456.839117,121007.101959,123192.895055
附件一（训练集）.xlsx|材料1|342,3,191579.1859,188514.454959,191968.441877,216381.258292
附件一（训练集）.xlsx|材料1|343,3,255525.1192,268632.753792,261819.897728,269351.878021
附件一（训练集）.xlsx|材料1|344,3,341579.3928,322312.079764,322400.664448,327835.703725
附件一（训练集）.xlsx|材料1|345,4,869.3314017,963.366486885,985.031465655,896.81987229
附件一（训练集）.xlsx|材料1|346,0,1209.671781,1308.8565782,1306.88619229,1347.81958023
附件一（训练集）.xlsx|材料1|347,2,2211.8587,2071.00129819,1835.75912735,1816.0095312
附件一（训练集）.xlsx|材料1|348,2,2968.048897,2437.71483921,2550.19688199,2470.56558876
附件一（训练集）.xlsx|材料1|349,3,3953.386891,3699.50860116,3410.97719364,3474.48028405
附件一（训练集）.xlsx|材料1|35,3,4918.264521,4216.21261449,4786.98666333,4583.18777783
附件一（训练集）.xlsx|材料1|350,1,7125.09244,7142.06515437,7452.64833629,6990.11496527
附件一（训练集）.xlsx|材料1|351,1,9613.206009,9318.84837964,10139.1735562,9564.97034718
附件一（训练集）.xlsx|材料1|352,1,12510.94661,12068.7313466,11107.8001031,11341.6393458
附件一（训练集）.xlsx|材料1|353,1,21709.11751,23854.5080248,26681.5593379,25412.3376273
附件一（训练集）.xlsx|材料1|354,1,29302.81562,27452.4596091,27032.7195072,27224.5425258
附件一（训练集）.xlsx|材料1|355,4,52515.80528,56882.3170498,50345.0374085,51374.111708
附件一（训练集）.xlsx|材料1|356,0,71214.73311,67844.9306895,68803.5150385,68001.6503855
附件一（训练集）.xlsx|材料1|357,0,95692.06829,89234.8906077,88967.6067052,91320.5942448
附件一（训练集）.xlsx|材料1|358,1,164004.0721,149499.841732,154428.24838,156031.054234
附件一（训练集）.xlsx|材料1|359,3,222966.1134,212595.150128,214514.44607,228027.3451
附件一（训练集）.xlsx|材料1|36,3,6538.643558,6526.13103322,6914.18646037,7224.82120672
附件一（训练集）.xlsx|材料1|360,3,299341.3213,292712.247976,275910.670823,284196.996949
附件一（训练集）.xlsx|材料1|361,4,993.1452072,989.161765959,1036.38756978,1071.86249403
附件一（训练集）.xlsx|材料1|362,0,1358.636001,1390.39946815,1387.52607638,1306.50799927
附件一（训练集）.xlsx|材料1|363,0,1896.952399,2052.24547462,1965.1594169,2285.65203499
附件一（训练集）.xlsx|材料1|364,2,2514.323963,2530.68639694,2538.34861584,2607.77872945
附件一（训练集）.xlsx|材料1|365,3,4450.983841,4616.02585942,4537.62662152,4591.2079277
附件一（训练集）.xlsx|材料1|366,3,6016.132491,6507.31961046,6612.12349161,6421.95167265
附件一（训练集）.xlsx|材料1|367,1,8213.583988,8466.26982404,8822.7347916,8702.8549609
附件一（训练集）.xlsx|材料1|368,1,10691.6548,10873.5745374,10953.6133783,10964.3586914
附件一（训练集）.xlsx|材料1|369,1,14180.43445,13609.853221,14070.8656405,14618.9999806
附件一（训练集）.xlsx|材料1|37,1,11504.91656,11040.5790133,12817.3646149,13232.0888315
附件一（训练集）.xlsx|材料1|370,1,19258.68453,19578.941502,20608.9819438,20383.0031334
附件一（训练集）.xlsx|材料1|371,1,24954.9899,25892.5631448,29165.0725958,27850.5453679
附件一（训练集）.xlsx|材料1|372,1,33773.96405,34163.888673,32988.3216618,33418.888971
附件一（训练集）.xlsx|材料1|373,4,45016.12152,44489.7937551,42747.9350341,45315.3148604
附件一（训练集）.xlsx|材料1|374,4,61682.11388,63877.0687899,62940.8659395,65271.9499452
附件一（训练集）.xlsx|材料1|375,0,82409.82889,85483.3505169,82674.9646377,80310.6368739
附件一（训练集）.xlsx|材料1|376,1,145360.8569,137297.208403,144688.614077,147262.44897
附件一（训练集）.xlsx|材料1|377,1,196926.3359,209119.112696,213226.018276,214009.072028
附件一（训练集）.xlsx|材料1|378,3,259939.8297,246814.101591,232876.476741,242734.451103
附件一（训练集）.xlsx|材料1|379,3,355880.6652,404277.407853,348715.998516,359344.396431
附件一（训练集）.xlsx|材料1|38,1,14827.08294,13525.2736408,15550.9816559,16859.7317828
附件一（训练集）.xlsx|材料1|380,3,479177.7654,599637.012854,517356.223656,532735.513431
附件一（训练集）.xlsx|材料1|381,3,619685.956,658017.699095,627116.987422,614152.942245
附件一（训练集）.xlsx|材料1|382,4,821036.215,769745.320299,825771.852734,851420.158904
附件一（训练集）.xlsx|材料1|383,1,739.8215625,790.753789056,909.085143247,913.500123478
附件一（训练集）.xlsx|材料1|384,1,835.4853336,892.570077384,998.639637968,934.291557873
附件一（训练集）.xlsx|材料1|385,1,1143.163558,1182.12594465,1206.16364221,1198.89293399
附件一（训练集）.xlsx|材料1|386,1,2098.810441,1644.59299224,1822.44475362,1755.38425156
附件一（训练集）.xlsx|材料1|387,3,2838.707823,2758.78474059,2730.27978109,2595.89090456
附件一（训练集）.xlsx|材料1|388,0,5186.650045,5509.15716661,4912.73629525,5124.54534423
附件一（训练集）.xlsx|材料1|389,0,7059.64503,8089.14118147,6807.09592358,7110.51242169
附件一（训练集）.xlsx|材料1|39,0,19682.18168,21217.6752025,20032.9001601,19788.7806946
附件一（训练集）.xlsx|材料1|390,2,12269.25192,12413.358339,11276.2919216,11285.2225114
附件一（训练集）.xlsx|材料1|391,4,16543.32032,15920.2214459,16029.7205448,15267.0975145
附件一（训练集）.xlsx|材料1|392,4,22183.00785,23605.9314134,24405.3111479,23195.1677548
附件一（训练集）.xlsx|材料1|393,4,29349.51758,29779.8216786,33136.4259303,31616.4110427
附件一（训练集）.xlsx|材料1|394,4,39278.81673,41005.9623621,40304.2037204,39732.4142744
附件一（训练集）.xlsx|材料1|395,1,54053.59161,68272.5075639,54553.238161,58367.0764477
附件一（训练集）.xlsx|材料1|396,1,72281.36189,84810.7590554,78802.6662641,79771.9874826
附件一（训练集）.xlsx|材料1|397,0,98510.8538,101798.460517,90447.6005719,88549.8080315
附件一（训练集）.xlsx|材料1|398,0,129520.7229,127010.820663,126751.933605,121079.433347
附件一（训练集）.xlsx|材料1|399,2,314222.2027,304685.644357,313109.240697,303718.450163
附件一（训练集）.xlsx|材料1|4,0,3332.72576,3547.22793141,3574.63444053,3973.76413425
附件一（训练集）.xlsx|材料1|40,0,26015.31362,24227.6520205,27060.531763,25587.7044794
附件一（训练集）.xlsx|材料1|400,3,733865.3511,760609.138031,750003.829237,739132.950589
附件一（训练集）.xlsx|材料1|401,3,968499.8293,934259.46196,942371.859872,1023442.39095
附件一（训练集）.xlsx|材料1|402,1,951.481771,941.003934941,985.896350317,912.787225609
附件一（训练集）.xlsx|材料1|403,1,983.3822228,1055.49289934,1083.69228142,958.038282445
附件一（训练集）.xlsx|材料1|404,1,1817.624491,1640.90942544,1505.889638,1527.78145008
附件一（训练集）.xlsx|材料1|405,3,3326.960389,3611.11676764,3612.04683585,3393.36769463
附件一（训练集）.xlsx|材料1|406,3,4543.843552,4941.79847468,4546.88486908,4446.75745947
附件一（训练集）.xlsx|材料1|407,0,6062.379548,6511.58914925,5866.7298169,5262.86565934
附件一（训练集）.xlsx|材料1|408,0,7868.949799,7176.16552283,7834.20210213,8352.09885172
附件一（训练集）.xlsx|材料1|409,2,14409.12046,13146.7045686,13360.706228,12883.7115516
附件一（训练集）.xlsx|材料1|41,0,33431.1089,31747.1229069,36136.7467444,33088.6779709
附件一（训练集）.xlsx|材料1|410,4,19296.03239,17305.4801188,18284.439483,17603.3498064
附件一（训练集）.xlsx|材料1|411,4,47211.21881,51483.6255179,47089.5899144,47784.0374887
附件一（训练集）.xlsx|材料1|412,1,87351.97459,102713.44045,92289.9844157,96034.9666295
附件一（训练集）.xlsx|材料1|413,0,114483.3823,109904.29419,111922.323672,106392.357707
附件一（训练集）.xlsx|材料1|414,1,207436.5315,210395.924523,204967.254792,208917.633253
附件一（训练集）.xlsx|材料1|415,1,280098.7363,277797.707332,282358.190811,282242.997637
附件一（训练集）.xlsx|材料1|416,2,375312.9687,362919.479722,342175.985383,328544.949315
附件一（训练集）.xlsx|材料1|417,3,664504.626,574458.813806,574968.137797,595590.063853
附件一（训练集）.xlsx|材料1|418,3,888278.957,823748.918892,834586.782778,863593.952747
附件一（训练集）.xlsx|材料1|419,0,891.0644612,985.855446075,977.955256218,870.14804232
附件一（训练集）.xlsx|材料1|42,3,43311.21706,42379.3952133,42550.2418779,42763.9736267
附件一（训练集）.xlsx|材料1|420,0,861.0731092,1022.00462046,995.227596867,961.24261733
附件一（训练集）.xlsx|材料1|421,4,1195.612953,1220.59010917,1229.68550966,1268.30248051
附件一（训练集）.xlsx|材料1|422,3,2898.435212,3217.2215135,2802.23782086,2922.62127083
附件一（训练集）.xlsx|材料1|423,1,5406.004941,6495.28904757,6124.04504168,5759.26784622
附件一（训练集）.xlsx|材料1|424,3,6943.519876,8314.59240605,7443.28529733,7452.03990848
附件一（训练集）.xlsx|材料1|425,3,9229.404894,8349.18109428,10182.9359874,10406.0765064
附件一（训练集）.xlsx|材料1|426,1,12557.26737,12151.2762689,12325.974384,13280.9203615
附件一（训练集）.xlsx|材料1|427,1,17064.0813,16470.2627517,17493.6035505,17531.6863362
附件一（训练集）.xlsx|材料1|428,4,31020.95035,28900.5313576,30288.4662787,30768.586723
附件一（训练集）.xlsx|材料1|429,4,183833.8566,198660.091862,197268.809965,198754.829288
附件一（训练集）.xlsx|材料1|43,3,56888.04649,56443.0872777,55078.8881493,55518.0745165
附件一（训练集）.xlsx|材料1|430,3,251465.9823,258899.876662,252842.775482,252777.613217
附件一（训练集）.xlsx|材料1|431,3,331266.0538,368928.891646,359077.645125,365943.810935
附件一（训练集）.xlsx|材料1|432,0,454595.3958,458988.336267,486717.366154,471158.364362
附件一（训练集）.xlsx|材料1|433,0,590803.9623,584551.357611,638572.658401,626189.563852
附件一（训练集）.xlsx|材料1|434,3,792323.5259,727146.977579,713686.069194,704416.825539
附件一（训练集）.xlsx|材料1|435,2,811.244311,941.574557537,903.226598725,931.977885012
附件一（训练集）.xlsx|材料1|436,2,777.0210248,907.706664727,902.933881364,921.605757778
附件一（训练集）.xlsx|材料1|437,2,1078.913049,1059.50226299,1103.27365588,1122.2192168
附件一（训练集）.xlsx|材料1|438,3,1443.438183,1304.29361661,1271.99338755,1346.88765558
附件一（训练集）.xlsx|材料1|439,0,2618.379464,2465.22112485,2483.16391869,2337.43059493
附件一（训练集）.xlsx|材料1|44,3,73132.61212,72857.7391193,66819.2448501,70673.8127646
附件一（训练集）.xlsx|材料1|440,0,3531.156728,3519.88253475,3522.69709729,3491.66966635
附件一（训练集）.xlsx|材料1|441,3,6286.854328,6098.64780016,6663.68873365,6435.83321832
附件一（训练集）.xlsx|材料1|442,0,8263.579464,8979.58681527,8070.62807157,8124.53848138
附件一（训练集）.xlsx|材料1|443,0,10938.67761,10641.9063788,10132.9443602,10456.0857739
附件一（训练集）.xlsx|材料1|444,3,15114.43125,15404.4040621,15126.020666,14863.4491665
附件一（训练集）.xlsx|材料1|445,0,37383.75204,36180.974174,39181.7959629,39172.2539535
附件一（训练集）.xlsx|材料1|446,4,50514.39404,49792.7446444,51384.1666215,51319.7008315
附件一（训练集）.xlsx|材料1|447,4,70153.48663,69179.3665424,74215.2394392,72122.7168489
附件一（训练集）.xlsx|材料1|448,4,90902.25109,90738.4318801,90930.7040089,89400.7382542
附件一（训练集）.xlsx|材料1|449,4,124490.291,145182.404993,127313.753494,131239.143512
附件一（训练集）.xlsx|材料1|45,3,96561.45489,102479.30064,88397.9876712,86463.8488613
附件一（训练集）.xlsx|材料1|450,0,164612.2355,153464.479318,160402.69355,153390.645208
附件一（训练集）.xlsx|材料1|451,1,299771.0466,302723.894498,287233.535139,291116.609564
附件一（训练集）.xlsx|材料1|452,2,708203.9434,696321.199011,806001.735582,760235.919507
附件一（训练集）.xlsx|材料1|453,2,1059.696965,1168.9226388,1106.85430233,1109.59558447
附件一（训练集）.xlsx|材料1|454,2,1306.918875,1298.77200358,1323.85630755,1375.32123016
附件一（训练集）.xlsx|材料1|455,3,1778.998935,1647.14595802,1788.83478312,1766.54922466
附件一（训练集）.xlsx|材料1|456,3,2370.689654,2315.3244774,2136.09718776,2278.40131561
附件一（训练集）.xlsx|材料1|457,0,3203.167708,3041.03074818,3313.4997828,3200.33650331
附件一（训练集）.xlsx|材料1|458,0,4344.275323,4321.81987363,4652.35854612,4784.06696001
附件一（训练集）.xlsx|材料1|459,3,7607.319762,6896.15431172,7207.18232532,7026.03961749
附件一（训练集）.xlsx|材料1|46,4,124836.8907,130217.868762,122088.411117,118819.628527
附件一（训练集）.xlsx|材料1|460,3,18611.75563,17878.8695953,19223.5349657,18894.0428865
附件一（训练集）.xlsx|材料1|461,3,24998.50716,27105.2573951,26489.5190518,25783.9840974
附件一（训练集）.xlsx|材料1|462,0,34254.35616,34359.0529466,33525.0492925,33210.8757631
附件一（训练集）.xlsx|材料1|463,0,46303.52633,49418.065449,50991.0457987,48699.771705
附件一（训练集）.xlsx|材料1|464,4,63079.5044,59173.9653404,63403.5692656,63939.3545728
附件一（训练集）.xlsx|材料1|465,4,82386.03548,78149.1421164,90561.9642883,92076.2282163
附件一（训练集）.xlsx|材料1|466,4,149715.0746,154338.559737,153458.662276,157039.363244
附件一（训练集）.xlsx|材料1|467,0,275143.6946,279654.181707,274276.421387,269588.806265
附件一（训练集）.xlsx|材料1|468,1,373207.7538,357837.460743,358893.005368,365503.277668
附件一（训练集）.xlsx|材料1|469,1,483004.2226,531205.877883,537600.4339,566692.932069
附件一（训练集）.xlsx|材料1|47,4,164156.6808,168260.364401,154514.005752,163247.818795
附件一（训练集）.xlsx|材料1|470,2,648264.9563,631466.19935,650896.388983,635518.729135
附件一（训练集）.xlsx|材料1|471,2,1032.120321,1325.00540447,1155.34365899,1192.52293728
附件一（训练集）.xlsx|材料1|472,2,1236.499405,1404.15199104,1292.70140661,1336.76179444
附件一（训练集）.xlsx|材料1|473,3,2220.87404,2550.39687549,2283.09497957,2502.4994355
附件一（训练集）.xlsx|材料1|474,3,3012.929607,3282.79075431,3333.34114543,3540.9118464
附件一（训练集）.xlsx|材料1|475,0,5310.013049,6375.38798923,6252.22082265,6443.46486751
附件一（训练集）.xlsx|材料1|476,3,6952.35196,7050.00011137,6585.21968826,7016.57061372
附件一（训练集）.xlsx|材料1|477,3,9325.626351,9430.58324144,9010.08839817,8506.58132412
附件一（训练集）.xlsx|材料1|478,0,12589.23154,12575.9563982,13435.7397728,13138.9090818
附件一（训练集）.xlsx|材料1|479,0,17054.31137,20083.6811478,17819.3974503,17560.6188687
附件一（训练集）.xlsx|材料1|48,4,213181.9924,196621.823091,191770.606577,192447.439187
附件一（训练集）.xlsx|材料1|480,3,22976.95692,23971.4787531,23986.2905563,23456.7131406
附件一（训练集）.xlsx|材料1|481,3,31236.54917,33687.7517197,31964.3535149,34075.9517466
附件一（训练集）.xlsx|材料1|482,4,138016.1924,154987.182369,169802.876372,165511.451395
附件一（训练集）.xlsx|材料1|483,0,339754.072,360198.941254,361192.208053,366292.354991
附件一（训练集）.xlsx|材料1|484,1,442298.9101,442748.145408,446029.297109,441367.085122
附件一（训练集）.xlsx|材料1|485,1,588559.4414,655827.730002,644566.752731,675653.942658
附件一（训练集）.xlsx|材料1|486,1,1404.881552,1577.89055152,1523.30156248,1463.39742257
附件一（训练集）.xlsx|材料1|487,1,1622.907587,1808.70904343,1826.25176511,1806.50401112
附件一（训练集）.xlsx|材料1|488,1,2132.567199,2303.00002943,2264.54919769,2154.39367175
附件一（训练集）.xlsx|材料1|489,1,5037.560801,4696.90686023,4892.08748786,4605.08249798
附件一（训练集）.xlsx|材料1|49,4,272698.8683,257331.191293,243833.454475,262973.180869
附件一（训练集）.xlsx|材料1|490,0,11919.61205,10683.7371231,11485.0713836,11597.3058565
附件一（训练集）.xlsx|材料1|491,0,15927.82703,16192.3480905,15426.8413132,14846.9606831
附件一（训练集）.xlsx|材料1|492,0,21477.21408,23742.3746388,22545.8205421,22788.9462084
附件一（训练集）.xlsx|材料1|493,1,29115.33136,27248.8799571,28837.4116863,27550.8201482
附件一（训练集）.xlsx|材料1|494,2,71651.5642,73038.3553015,75821.2863941,78856.430074
附件一（训练集）.xlsx|材料1|495,4,96084.04349,91877.6152926,90077.227583,87456.1535945
附件一（训练集）.xlsx|材料1|496,4,172231.8907,184070.227069,184411.96499,182414.11886
附件一（训练集）.xlsx|材料1|497,4,231702.7744,252721.219605,222613.741134,212247.009857
附件一（训练集）.xlsx|材料1|498,0,313217.4554,324955.962158,290563.457292,285004.28908
附件一（训练集）.xlsx|材料1|499,0,411101.4334,382935.426519,411136.651162,400327.382064
附件一（训练集）.xlsx|材料1|5,0,4502.908007,5309.72254598,5000.59112556,5263.80123759
附件一（训练集）.xlsx|材料1|50,2,345321.4402,345702.641393,311047.66195,315548.841057
附件一（训练集）.xlsx|材料1|500,2,544036.5187,581676.868827,570714.655357,593015.955426
附件一（训练集）.xlsx|材料1|501,1,1909.545944,2084.8017958,2153.73246229,2124.57331737
附件一（训练集）.xlsx|材料1|502,1,2125.681827,2343.52033283,2207.36454158,2166.11326554
附件一（训练集）.xlsx|材料1|503,1,2832.109432,3077.11319682,3085.34148184,3266.27458564
附件一（训练集）.xlsx|材料1|504,1,3794.321716,4899.91398603,4545.51460917,4443.55915722
附件一（训练集）.xlsx|材料1|505,1,4917.008595,5308.06523132,5234.19230306,5453.27283126
附件一（训练集）.xlsx|材料1|506,1,6415.244137,6660.35162836,6450.71063753,6408.16974124
附件一（训练集）.xlsx|材料1|507,1,8651.717901,8868.17023935,9077.27535649,8668.22400077
附件一（训练集）.xlsx|材料1|508,0,11540.36978,11349.4621849,12024.2626747,12094.5737102
附件一（训练集）.xlsx|材料1|509,0,15469.20412,16455.1556858,16251.4280105,16245.5960677
附件一（训练集）.xlsx|材料1|51,2,450682.3276,472622.81329,466307.748199,485909.84373
附件一（训练集）.xlsx|材料1|510,0,27632.14166,30218.4008319,29551.7996263,30676.4457211
附件一（训练集）.xlsx|材料1|511,1,37315.90865,41532.105525,39231.0634003,38219.4036963
附件一（训练集）.xlsx|材料1|512,1,51295.24941,52590.5840499,53680.3004871,54385.1280735
附件一（训练集）.xlsx|材料1|513,2,66381.67197,60797.0090991,63235.8316527,66247.9076876
附件一（训练集）.xlsx|材料1|514,4,160727.2771,171589.312003,181336.275426,184465.342917
附件一（训练集）.xlsx|材料1|515,4,288667.7834,282373.05741,299284.400379,299072.733879
附件一（训练集）.xlsx|材料1|516,0,377414.5799,354108.942445,383871.076789,359651.112669
附件一（训练集）.xlsx|材料1|517,2,2268.111524,2369.72035225,2480.28822688,2493.40619175
附件一（训练集）.xlsx|材料1|518,3,2923.608712,3240.48699244,3233.7228802,3029.67465676
附件一（训练集）.xlsx|材料1|519,3,3829.823876,4018.47484687,3939.29564331,3527.24850686
附件一（训练集）.xlsx|材料1|52,0,568872.0099,579040.139828,542202.283096,534291.364485
附件一（训练集）.xlsx|材料1|520,2,4979.143585,4985.72259963,5097.97429117,5115.50364544
附件一（训练集）.xlsx|材料1|521,2,6543.554438,6598.20885253,6583.23337574,6878.49880002
附件一（训练集）.xlsx|材料1|522,0,8543.608971,9267.29601807,9474.23028282,9856.02073771
附件一（训练集）.xlsx|材料1|523,1,26900.6113,26726.331764,26830.2133463,26377.7295503
附件一（训练集）.xlsx|材料1|524,1,35884.76692,36091.4821934,37526.7018593,37915.6295255
附件一（训练集）.xlsx|材料1|525,3,49073.22009,47892.3019749,48011.3263301,47099.8375538
附件一（训练集）.xlsx|材料1|526,3,64079.11164,63932.82999,65178.3856086,67375.3790564
附件一（训练集）.xlsx|材料1|527,4,86189.62224,83452.9604957,87536.8304938,80442.1189596
附件一（训练集）.xlsx|材料1|528,4,113588.7053,109697.721071,104344.404419,103801.741732
附件一（训练集）.xlsx|材料1|529,4,689.8457043,755.616415054,773.794379834,830.259522523
附件一（训练集）.xlsx|材料1|53,3,2225.097322,2140.89393432,1890.05145294,1976.21390474
附件一（训练集）.xlsx|材料1|530,4,920.1997399,997.408158764,995.158597447,1078.95882734
附件一（训练集）.xlsx|材料1|531,3,1658.894966,1757.81713271,1545.80636147,1534.08751736
附件一（训练集）.xlsx|材料1|532,4,2222.131156,2654.14828231,2546.97874666,2490.70021485
附件一（训练集）.xlsx|材料1|533,4,3046.413828,3087.32776248,3198.8167242,3310.10884024
附件一（训练集）.xlsx|材料1|534,1,3997.646339,3828.84592782,3729.14199474,3673.46843774
附件一（训练集）.xlsx|材料1|535,1,5435.800204,5106.85274941,5282.1422846,5355.04346922
附件一（训练集）.xlsx|材料1|536,4,7240.807122,7396.74959128,6855.51474477,7257.57228133
附件一（训练集）.xlsx|材料1|537,4,9686.04943,11366.464046,10810.8991125,11018.8816534
附件一（训练集）.xlsx|材料1|538,3,13169.05016,13096.8041592,12261.0098566,12812.4808964
附件一（训练集）.xlsx|材料1|539,3,61747.45772,63987.7161045,65031.843314,67952.6118389
附件一（训练集）.xlsx|材料1|54,4,3024.184603,2923.61252423,2915.47659107,2943.0052862
附件一（训练集）.xlsx|材料1|540,1,83848.17663,99057.7391411,97120.0362724,103466.761465
附件一（训练集）.xlsx|材料1|541,1,117081.5997,133181.136083,128233.867701,140138.306753
附件一（训练集）.xlsx|材料1|542,4,213114.1391,218272.797606,203363.985727,227754.295395
附件一（训练集）.xlsx|材料1|543,0,810.7764625,902.685500016,926.120075309,871.986588128
附件一（训练集）.xlsx|材料1|544,2,1420.449995,1606.89879462,1453.77142528,1384.76837635
附件一（训练集）.xlsx|材料1|545,2,1915.29465,2009.24822005,2111.04228673,2032.95254504
附件一（训练集）.xlsx|材料1|546,0,2650.008769,2685.85815252,2551.10924163,2370.32103332
附件一（训练集）.xlsx|材料1|547,0,3483.156534,3456.33739518,3462.44053775,3456.14807809
附件一（训练集）.xlsx|材料1|548,2,4726.887111,4777.32867522,4687.18355846,4867.90487805
附件一（训练集）.xlsx|材料1|549,2,6344.782869,6629.09585933,6747.88592364,6798.53463469
附件一（训练集）.xlsx|材料1|55,4,4089.657062,4173.12653042,4091.13884159,4064.65265364
附件一（训练集）.xlsx|材料1|550,2,8601.823602,8550.19936493,9741.22850227,9727.05403639
附件一（训练集）.xlsx|材料1|551,2,11304.20021,12465.4953297,12453.9382416,12138.7681353
附件一（训练集）.xlsx|材料1|552,2,14758.93898,16715.2993269,15425.0973576,15330.6919635
附件一（训练集）.xlsx|材料1|553,0,27394.67029,28367.2445691,26733.8853718,28605.3497882
附件一（训练集）.xlsx|材料1|554,0,37374.39757,38677.1237809,36438.2061429,38918.0511418
附件一（训练集）.xlsx|材料1|555,4,52032.4859,54530.7806173,54322.222027,55246.7140235
附件一（训练集）.xlsx|材料1|556,1,99013.81821,125768.860813,117924.88068,126859.002142
附件一（训练集）.xlsx|材料1|557,1,134923.4597,148435.043379,139585.504722,141156.118491
附件一（训练集）.xlsx|材料1|558,4,182082.033,238427.339496,226494.793512,237406.304391
附件一（训练集）.xlsx|材料1|559,4,234476.0557,270081.435542,271458.030506,293178.397209
附件一（训练集）.xlsx|材料1|56,3,5561.224672,4871.18152915,4895.19073474,5001.2645615
附件一（训练集）.xlsx|材料1|560,4,322173.7612,358279.911505,345618.48231,354563.27809
附件一（训练集）.xlsx|材料1|561,4,689.6302384,733.929513827,727.975875907,772.023031157
附件一（训练集）.xlsx|材料1|562,0,914.1884886,976.167516513,929.505192085,937.923265181
附件一（训练集）.xlsx|材料1|563,2,1634.403121,1809.30019598,1845.33632167,1800.4995513
附件一（训练集）.xlsx|材料1|564,2,2250.012466,2205.8820574,2283.9785536,2245.29138541
附件一（训练集）.xlsx|材料1|565,0,3001.069963,2961.24395764,2668.29340235,2661.94331775
附件一（训练集）.xlsx|材料1|566,0,4015.747686,3834.3684831,4221.08557102,4132.00905307
附件一（训练集）.xlsx|材料1|567,2,5424.1358,5207.21942323,5367.04215816,5316.6009019
附件一（训练集）.xlsx|材料1|568,2,7324.569887,7516.95526089,7837.73477212,7691.74863782
附件一（训练集）.xlsx|材料1|569,2,9964.628084,9819.57251616,11056.674901,11100.6453248
附件一（训练集）.xlsx|材料1|57,3,7428.611375,7686.82419809,8162.21201442,7949.93345355
附件一（训练集）.xlsx|材料1|570,2,12658.72226,12685.3749513,12686.1408943,13163.617485
附件一（训练集）.xlsx|材料1|571,2,17151.48798,18345.7457423,17172.3972888,17240.8665333
附件一（训练集）.xlsx|材料1|572,0,31461.70215,31102.9364494,33105.9305084,34021.8052486
附件一（训练集）.xlsx|材料1|573,0,43991.76265,44741.5405515,43812.4976195,45104.2874498
附件一（训练集）.xlsx|材料1|574,4,84883.82925,90918.7416443,86162.4228685,86341.5073539
附件一（训练集）.xlsx|材料1|575,1,115859.0423,127918.391171,130830.992141,135911.471495
附件一（训练集）.xlsx|材料1|576,1,157296.9327,175506.911287,178003.288013,191596.384785
附件一（训练集）.xlsx|材料1|577,4,206612.8175,203572.53953,205360.543678,209899.704083
附件一（训练集）.xlsx|材料1|578,4,370566.4934,376894.78727,389067.011054,390768.404246
附件一（训练集）.xlsx|材料1|579,1,784.7889109,879.470800067,855.532352259,889.939850883
附件一（训练集）.xlsx|材料1|58,0,9781.334899,9050.35021462,9573.10944497,8726.82924829
附件一（训练集）.xlsx|材料1|580,3,1061.171134,1112.86408729,1245.48810857,1169.487299
附件一（训练集）.xlsx|材料1|581,3,1411.641315,1617.22547034,1455.49258803,1311.78985693
附件一（训练集）.xlsx|材料1|582,3,1903.454728,1894.35846834,2085.09195836,2025.8923446
附件一（训练集）.xlsx|材料1|583,4,3470.119381,3098.01535724,3278.10085969,3092.00752078
附件一（训练集）.xlsx|材料1|584,0,6251.862154,6282.91280042,6152.74675013,5940.67089134
附件一（训练集）.xlsx|材料1|585,0,8516.618515,8716.84815605,7971.85311428,8273.30377964
附件一（训练集）.xlsx|材料1|586,1,19870.13212,19195.8353914,21043.9337279,20482.6406205
附件一（训练集）.xlsx|材料1|587,1,27104.88703,27702.1148746,29639.7960613,31629.8992997
附件一（训练集）.xlsx|材料1|588,4,72377.73703,73958.3837463,69452.8642854,71776.9258368
附件一（训练集）.xlsx|材料1|589,4,98356.36393,105857.657951,100924.33879,101693.985541
附件一（训练集）.xlsx|材料1|59,0,13030.14014,13484.9530992,13430.5393822,13891.2073784
附件一（训练集）.xlsx|材料1|590,1,181651.193,176094.135427,176567.65408,182514.118832
附件一（训练集）.xlsx|材料1|591,1,244958.5314,238336.749485,236512.998343,247145.38645
附件一（训练集）.xlsx|材料1|592,2,453006.1537,540790.639242,500418.939097,479226.316655
附件一（训练集）.xlsx|材料1|593,0,875.1677313,1032.03651515,1014.07310422,932.040784374
附件一（训练集）.xlsx|材料1|594,4,1194.215092,1444.37845041,1290.87284341,1323.8668065
附件一（训练集）.xlsx|材料1|595,3,3909.69399,3580.77585665,4017.97370498,4201.43452647
附件一（训练集）.xlsx|材料1|596,4,7082.300556,7179.2832367,7246.47170833,7378.36172937
附件一（训练集）.xlsx|材料1|597,3,12346.53801,11727.8973244,11589.4439921,10943.8113206
附件一（训练集）.xlsx|材料1|598,3,22679.30644,22949.6611502,22630.6104074,23748.0745718
附件一（训练集）.xlsx|材料1|599,3,31833.39317,35620.3004444,33991.7238013,38434.0351658
附件一（训练集）.xlsx|材料1|6,0,6063.023248,7327.09670834,6281.77673132,6733.46348151
附件一（训练集）.xlsx|材料1|60,1,17428.60715,15251.592977,17631.120745,18042.2517428
附件一（训练集）.xlsx|材料1|600,3,43428.80689,43524.0270871,47950.2889314,50273.829294
附件一（训练集）.xlsx|材料1|601,2,83971.54587,79667.7805824,81136.4980514,84006.7797244
附件一（训练集）.xlsx|材料1|602,2,116186.235,116800.634003,122057.742369,129063.806843
附件一（训练集）.xlsx|材料1|603,0,214516.687,211269.025873,220258.527842,218653.173901
附件一（训练集）.xlsx|材料1|604,1,532551.5835,628471.37941,598759.076017,623024.046575
附件一（训练集）.xlsx|材料1|605,0,1039.644333,1211.8160135,1084.48572281,1041.53329185
附件一（训练集）.xlsx|材料1|606,4,1432.160788,1428.00418596,1437.33125811,1485.67860704
附件一（训练集）.xlsx|材料1|607,4,1925.019466,1781.39819644,1730.72505105,1873.83950468
附件一（训练集）.xlsx|材料1|608,2,3365.229503,3410.32368117,3357.0431999,3422.64639518
附件一（训练集）.xlsx|材料1|609,3,6236.918915,6390.17380128,6353.09886291,6292.08032842
附件一（训练集）.xlsx|材料1|61,2,38034.45168,39542.4780244,39556.8536961,41052.7640211
附件一（训练集）.xlsx|材料1|610,4,10644.87113,9763.53456334,9960.85463504,9770.27398085
附件一（训练集）.xlsx|材料1|611,3,26992.30288,24709.9563508,23545.3536734,25374.8953953
附件一（训练集）.xlsx|材料1|612,3,52190.9005,56403.7560043,52339.9041114,53920.8245021
附件一（训练集）.xlsx|材料1|613,3,71823.63711,70586.7222713,69123.8833666,66195.2863326
附件一（训练集）.xlsx|材料1|614,2,133595.5401,120491.596945,136721.521242,141948.113177
附件一（训练集）.xlsx|材料1|615,0,251993.1817,259312.336167,273268.884604,270526.333471
附件一（训练集）.xlsx|材料1|616,3,343065.9261,314988.826351,300166.742823,296823.325831
附件一（训练集）.xlsx|材料1|617,1,614025.9364,554932.226275,584689.437002,565160.894705
附件一（训练集）.xlsx|材料1|618,0,889.111964,1166.60574348,1055.94278469,979.424473277
附件一（训练集）.xlsx|材料1|619,0,1232.242331,1307.2263229,1248.35653155,1249.35016619
附件一（训练集）.xlsx|材料1|62,2,64866.78904,69145.1169757,63910.1030343,67344.8191054
附件一（训练集）.xlsx|材料1|620,4,2184.525096,2467.00628909,2440.86653053,2460.37753615
附件一（训练集）.xlsx|材料1|621,2,3956.657481,4288.96112252,4403.67924941,4421.19948135
附件一（训练集）.xlsx|材料1|622,3,5307.631418,5314.06992701,6354.83907263,5475.46525884
附件一（训练集）.xlsx|材料1|623,3,6953.236194,7299.11070561,7587.23470743,7374.4332726
附件一（训练集）.xlsx|材料1|624,4,12624.537,12647.4327913,11646.6195694,12185.6581177
附件一（训练集）.xlsx|材料1|625,3,23246.27222,23541.4129824,24279.9351312,23919.5591311
附件一（训练集）.xlsx|材料1|626,3,31824.85785,31060.5306985,32427.3988315,31628.0575874
附件一（训练集）.xlsx|材料1|627,3,44519.72675,51191.1907074,46708.1475291,48507.3166146
附件一（训练集）.xlsx|材料1|628,3,61359.14384,71834.9944609,63304.9747945,65412.6769794
附件一（训练集）.xlsx|材料1|629,2,113538.8022,105259.785055,109303.732567,110376.608913
附件一（训练集）.xlsx|材料1|63,2,84929.72944,81146.2977838,83803.2328342,83070.8327622
附件一（训练集）.xlsx|材料1|630,3,540557.6199,563288.835577,542290.928022,559076.680452
附件一（训练集）.xlsx|材料1|631,1,709895.3756,695576.048932,701249.271255,695508.311185
附件一（训练集）.xlsx|材料1|632,4,779.0517616,953.680458927,999.581871399,1022.58334388
附件一（训练集）.xlsx|材料1|633,4,1082.936759,1108.47742387,1147.18006812,1230.11862831
附件一（训练集）.xlsx|材料1|634,4,1425.887502,1455.41802705,1596.41950923,1576.81092186
附件一（训练集）.xlsx|材料1|635,0,1940.259974,1938.30149663,2087.38379117,2170.65792358
附件一（训练集）.xlsx|材料1|636,0,3429.795709,3527.30431308,3479.44678256,3463.20976358
附件一（训练集）.xlsx|材料1|637,4,6122.652855,5771.86540231,5725.91394233,5952.97708079
附件一（训练集）.xlsx|材料1|638,1,11109.72416,11444.2029606,11288.7019168,10570.281405
附件一（训练集）.xlsx|材料1|639,1,15162.63384,18150.5859329,16718.2547665,16477.5139776
附件一（训练集）.xlsx|材料1|64,2,109923.077,104585.787909,108535.10271,114266.393106
附件一（训练集）.xlsx|材料1|640,3,20655.39012,22098.2348954,23488.7563327,20749.2122649
附件一（训练集）.xlsx|材料1|641,3,27437.91214,26201.4270814,25635.8090168,24874.6229724
附件一（训练集）.xlsx|材料1|642,1,38275.28831,37346.9752232,34987.8082072,37604.8970333
附件一（训练集）.xlsx|材料1|643,1,52867.36624,57123.5037653,54327.7773206,54725.0488976
附件一（训练集）.xlsx|材料1|644,4,74679.12924,76715.5035105,76515.1700132,74249.5812896
附件一（训练集）.xlsx|材料1|645,4,98749.56836,87596.4689507,99567.0200878,99249.9128799
附件一（训练集）.xlsx|材料1|646,3,137326.7257,138962.640973,146859.748601,149494.812039
附件一（训练集）.xlsx|材料1|647,3,186976.6489,206354.337418,198267.034187,202969.0003
附件一（训练集）.xlsx|材料1|648,1,259966.3607,237365.225634,264655.292672,238277.109714
附件一（训练集）.xlsx|材料1|649,3,841850.3717,826921.006048,846729.71281,887904.851109
附件一（训练集）.xlsx|材料1|65,2,144795.5963,145158.022645,149494.863749,163780.530786
附件一（训练集）.xlsx|材料1|650,4,727.9912483,972.93630496,815.841740591,933.085679159
附件一（训练集）.xlsx|材料1|651,4,720.7782272,994.785105233,821.051468139,938.453831751
附件一（训练集）.xlsx|材料1|652,4,988.688982,1123.10699377,1073.65530087,1170.08480901
附件一（训练集）.xlsx|材料1|653,4,1318.546035,1513.25087378,1389.09918753,1463.37139612
附件一（训练集）.xlsx|材料1|654,0,3182.501773,3885.70945068,3229.48422536,3292.02557765
附件一（训练集）.xlsx|材料1|655,0,4235.971426,4836.31651403,4063.80789732,4071.22918739
附件一（训练集）.xlsx|材料1|656,0,5461.073831,6102.6682777,5434.39550703,5830.95787449
附件一（训练集）.xlsx|材料1|657,4,7458.482682,6811.8381904,6780.89575024,6607.05515461
附件一（训练集）.xlsx|材料1|658,4,9835.249573,9864.75427461,9007.78386726,9400.69014405
附件一（训练集）.xlsx|材料1|659,1,13517.14557,13670.8980609,13738.6233103,13912.7072841
附件一（训练集）.xlsx|材料1|66,3,398991.6659,402353.38795,388275.290402,408257.654091
附件一（训练集）.xlsx|材料1|660,1,18744.33817,18673.0667827,17217.197948,16941.8931231
附件一（训练集）.xlsx|材料1|661,1,46934.43446,49332.7091769,45339.2123686,45965.8685014
附件一（训练集）.xlsx|材料1|662,1,66263.00214,82534.5181693,71436.2255674,76874.9152182
附件一（训练集）.xlsx|材料1|663,4,88778.25308,92001.2918012,99802.0094454,100511.523095
附件一（训练集）.xlsx|材料1|664,4,121961.4394,137474.298859,132110.000435,129107.328612
附件一（训练集）.xlsx|材料1|665,3,166252.852,170455.745707,184141.23936,182669.634833
附件一（训练集）.xlsx|材料1|666,3,229363.5866,222665.945684,214722.436708,211769.318348
附件一（训练集）.xlsx|材料1|667,1,565501.9261,536565.192905,546334.802334,529046.639256
附件一（训练集）.xlsx|材料1|668,1,767746.9313,758024.35567,749589.259917,720493.696119
附件一（训练集）.xlsx|材料1|669,1,684.4961366,761.548608812,697.067606388,666.5894168
附件一（训练集）.xlsx|材料1|67,4,677349.1971,717117.871116,661863.775672,668068.159183
附件一（训练集）.xlsx|材料1|670,3,1223.104389,1285.28346942,1233.45075713,1237.05692885
附件一（训练集）.xlsx|材料1|671,4,1651.460177,1799.113431,1596.52579012,1701.35735218
附件一（训练集）.xlsx|材料1|672,4,2196.263153,2325.54889507,2160.03395097,2282.11722214
附件一（训练集）.xlsx|材料1|673,1,16871.50322,18207.2721463,18781.9760622,17914.8157642
附件一（训练集）.xlsx|材料1|674,1,22861.11287,23114.0948727,24140.7759041,22267.2301212
附件一（训练集）.xlsx|材料1|675,1,31500.34493,33567.4669966,31182.6283588,31093.5708415
附件一（训练集）.xlsx|材料1|676,1,41795.51008,42179.6498858,41746.0939868,39836.0599253
附件一（训练集）.xlsx|材料1|677,3,59257.32724,57479.67111,52712.0768397,49879.3588511
附件一（训练集）.xlsx|材料1|678,3,107555.0609,97822.1922699,103627.030147,101949.815796
附件一（训练集）.xlsx|材料1|679,0,279113.5712,334441.605416,313526.548993,311577.200845
附件一（训练集）.xlsx|材料1|68,4,1351.668508,1385.67029277,1422.1927465,1280.36485536
附件一（训练集）.xlsx|材料1|680,0,383578.0985,375123.186805,398596.084544,389342.246367
附件一（训练集）.xlsx|材料1|681,4,681198.4228,684979.62564,708259.1107,691223.757333
附件一（训练集）.xlsx|材料1|682,3,684.0462375,884.11151408,825.295326205,841.944616887
附件一（训练集）.xlsx|材料1|683,3,922.4199793,964.911633337,938.770615038,1003.38404084
附件一（训练集）.xlsx|材料1|684,3,1607.580943,1639.60873733,1394.18551048,1444.73234442
附件一（训练集）.xlsx|材料1|685,3,2862.749609,2853.27467544,2727.62644485,2700.41504614
附件一（训练集）.xlsx|材料1|686,3,3828.618031,4457.71113738,3816.83520855,3604.59509916
附件一（训练集）.xlsx|材料1|687,3,4951.620441,4898.52232249,5298.41211147,5281.80841711
附件一（训练集）.xlsx|材料1|688,1,6456.609337,7412.94003962,7005.15997685,7103.97192312
附件一（训练集）.xlsx|材料1|689,1,8635.440552,9177.08336835,9061.33617227,8919.50215383
附件一（训练集）.xlsx|材料1|69,1,2547.825849,3054.23944644,2499.21136334,2570.9935263
附件一（训练集）.xlsx|材料1|690,2,11710.85379,11945.695427,11387.9197413,11773.8717749
附件一（训练集）.xlsx|材料1|691,0,21146.58386,19781.4907103,19290.385024,19128.2911103
附件一（训练集）.xlsx|材料1|692,0,29086.50004,30999.5723668,29989.610566,30911.9736708
附件一（训练集）.xlsx|材料1|693,3,39467.02966,36862.6675839,38500.4558837,35885.3445019
附件一（训练集）.xlsx|材料1|694,3,54462.48862,57076.8055266,54814.7936337,51753.6659935
附件一（训练集）.xlsx|材料1|695,1,71864.2914,82101.8124981,71877.0395573,67836.4657753
附件一（训练集）.xlsx|材料1|696,0,134018.8582,126187.44048,129439.454914,127674.848375
附件一（训练集）.xlsx|材料1|697,0,183163.2986,192306.851799,180428.336372,187462.742897
附件一（训练集）.xlsx|材料1|698,4,248601.6049,264521.73264,242989.479109,244947.265923
附件一（训练集）.xlsx|材料1|699,4,343043.1415,351100.85134,328650.96078,350880.91249
附件一（训练集）.xlsx|材料1|7,3,14273.85421,16727.5720734,16032.1176502,16434.0914248
附件一（训练集）.xlsx|材料1|70,4,3427.227242,3348.48498306,3391.64752823,3526.26768017
附件一（训练集）.xlsx|材料1|700,1,458087.4588,439396.155718,407523.275465,403050.525235
附件一（训练集）.xlsx|材料1|701,3,972.3431556,1005.39625026,1070.41017578,1091.56272058
附件一（训练集）.xlsx|材料1|702,3,1240.280021,1228.33194297,1186.95162364,1222.55431378
附件一（训练集）.xlsx|材料1|703,3,1621.650775,1506.86366845,1577.86363659,1592.71450766
附件一（训练集）.xlsx|材料1|704,3,2160.40164,2331.86123013,2095.90313196,2212.61960291
附件一（训练集）.xlsx|材料1|705,3,2872.931727,2997.92983483,2801.43424578,2766.52138153
附件一（训练集）.xlsx|材料1|706,3,3816.746169,3927.11211762,3822.52708217,3806.64579266
附件一（训练集）.xlsx|材料1|707,3,4882.887341,4664.63244082,4738.90026635,4797.67990417
附件一（训练集）.xlsx|材料1|708,3,6331.884828,5585.31045723,6223.77860009,5829.76875142
附件一（训练集）.xlsx|材料1|709,0,27276.82978,25127.5736006,25117.1418088,23366.7756037
附件一（训练集）.xlsx|材料1|71,4,4655.897506,4537.43820212,4031.33169616,4557.87630736
附件一（训练集）.xlsx|材料1|710,0,36943.64862,39983.0669786,39790.068646,39291.1872222
附件一（训练集）.xlsx|材料1|711,3,51429.63675,52898.6433387,51914.2905734,50962.8806903
附件一（训练集）.xlsx|材料1|712,3,66137.61872,74105.6078572,65462.4638334,64905.1604797
附件一（训练集）.xlsx|材料1|713,1,122500.5024,134236.360386,136692.141266,135604.601204
附件一（训练集）.xlsx|材料1|714,0,168565.1232,174722.035303,161276.449683,152687.997311
附件一（训练集）.xlsx|材料1|715,0,227136.5654,230448.235025,217997.394963,229739.943018
附件一（训练集）.xlsx|材料1|716,4,311926.6097,325546.083688,280873.85276,304011.832627
附件一（训练集）.xlsx|材料1|717,4,414834.4707,428460.9182,429429.569612,458351.680433
附件一（训练集）.xlsx|材料1|718,1,555290.0615,601240.092369,556476.337287,530055.839499
附件一（训练集）.xlsx|材料1|719,3,1126.803697,1208.88324004,1156.50068213,1164.8064253
附件一（训练集）.xlsx|材料1|72,2,6205.058112,5231.94912887,5798.16454801,5448.63087845
附件一（训练集）.xlsx|材料1|720,3,1030.126905,1073.25262029,1066.61432754,1112.15608557
附件一（训练集）.xlsx|材料1|721,3,1723.710939,1690.73091488,1682.67856646,1696.94308459
附件一（训练集）.xlsx|材料1|722,3,2954.399924,3013.72671458,3070.26093264,3077.61577802
附件一（训练集）.xlsx|材料1|723,3,3901.908918,3883.33396722,3674.33786255,3594.62744448
附件一（训练集）.xlsx|材料1|724,3,5014.948484,5112.25250088,5093.08960484,5219.49912212
附件一（训练集）.xlsx|材料1|725,3,6523.680412,6021.454307,5889.54104088,5912.78106037
附件一（训练集）.xlsx|材料1|726,3,8532.40745,8092.75517745,8376.72534698,8148.80716687
附件一（训练集）.xlsx|材料1|727,1,11297.51022,11665.391,12307.3571831,11646.6432379
附件一（训练集）.xlsx|材料1|728,1,14787.63776,15540.663619,15164.6300779,15164.4427787
附件一（训练集）.xlsx|材料1|729,2,19695.67725,19058.9737999,18540.8410857,18389.621026
附件一（训练集）.xlsx|材料1|73,2,8367.055189,8536.83583538,8053.37510122,7608.62317853
附件一（训练集）.xlsx|材料1|730,0,35576.34905,35417.2074476,36481.0209734,33844.0240378
附件一（训练集）.xlsx|材料1|731,3,85105.42578,82705.7192176,84189.345689,87934.0463879
附件一（训练集）.xlsx|材料1|732,1,112803.502,123519.318354,121962.663082,116738.472919
附件一（训练集）.xlsx|材料1|733,0,210884.5447,243505.135959,215881.979989,224322.070572
附件一（训练集）.xlsx|材料1|734,0,289045.561,309474.82352,307798.876778,324635.226749
附件一（训练集）.xlsx|材料1|735,4,377745.0985,353671.140861,358403.778596,374231.192471
附件一（训练集）.xlsx|材料1|736,4,510097.3827,538753.006364,568095.78801,616281.535474
附件一（训练集）.xlsx|材料1|737,2,1627.797108,1579.52143602,1574.83377199,1610.11043882
附件一（训练集）.xlsx|材料1|738,4,1429.962384,1407.06748171,1524.39365083,1495.24742522
附件一（训练集）.xlsx|材料1|739,2,1814.406296,1673.87103615,1703.20557971,1710.37838278
附件一（训练集）.xlsx|材料1|74,4,11089.48772,10769.7750034,10679.0076266,10809.1009591
附件一（训练集）.xlsx|材料1|740,2,2341.428255,2191.25604018,2128.77891828,2111.73248486
附件一（训练集）.xlsx|材料1|741,1,4050.751571,4106.22712453,3596.5738817,3584.20868734
附件一（训练集）.xlsx|材料1|742,2,5180.006426,4674.53377787,4607.65064812,4408.88918207
附件一（训练集）.xlsx|材料1|743,2,6718.09878,6199.69117385,6157.17461803,5663.48769042
附件一（训练集）.xlsx|材料1|744,3,8650.154327,7836.99322667,7336.57332132,7896.05724731
附件一（训练集）.xlsx|材料1|745,2,15028.79165,14803.0707731,14532.3117501,14255.0974543
附件一（训练集）.xlsx|材料1|746,2,19653.1025,20875.39414,19854.7777673,18717.7548657
附件一（训练集）.xlsx|材料1|747,2,34840.65302,34752.8859223,33570.7304807,34551.2474412
附件一（训练集）.xlsx|材料1|748,4,47695.16791,44370.0595668,46251.4745609,44183.139023
附件一（训练集）.xlsx|材料1|749,4,61750.05456,59786.4582774,59050.5936121,58860.7997063
附件一（训练集）.xlsx|材料1|75,4,14658.56285,13651.7449335,15365.5605824,15283.8635141
附件一（训练集）.xlsx|材料1|750,2,82271.43987,81869.6140737,88047.7699532,87471.2826531
附件一（训练集）.xlsx|材料1|751,2,108493.6133,106870.923624,114181.303431,110273.206013
附件一（训练集）.xlsx|材料1|752,3,147133.9964,151425.702259,146440.105992,140992.790484
附件一（训练集）.xlsx|材料1|753,3,197240.3054,205740.603625,202571.627887,185509.453129
附件一（训练集）.xlsx|材料1|754,2,268764.7929,263127.85869,257637.14413,246223.14883
附件一（训练集）.xlsx|材料1|755,2,350464.588,363033.900513,356420.058608,358887.775132
附件一（训练集）.xlsx|材料1|756,4,470806.2125,441923.833888,468955.807225,452646.466974
附件一（训练集）.xlsx|材料1|757,2,2323.752022,2125.86839248,1985.90058777,2041.22216072
附件一（训练集）.xlsx|材料1|758,4,2008.202927,1888.01014839,1905.50918838,1927.17887602
附件一（训练集）.xlsx|材料1|759,2,2555.563955,2497.04734415,2219.21462748,2321.70721266
附件一（训练集）.xlsx|材料1|76,4,19233.50271,19215.622114,19900.6988656,18783.7344528
附件一（训练集）.xlsx|材料1|760,2,3297.341904,2990.90203923,2923.93975112,3014.67931253
附件一（训练集）.xlsx|材料1|761,1,4304.419927,5016.2946539,4260.75166968,4337.84609892
附件一（训练集）.xlsx|材料1|762,2,6931.464415,6133.64834406,5559.25612724,5438.12041645
附件一（训练集）.xlsx|材料1|763,2,9096.516792,8973.66819983,7939.32558732,7946.48280521
附件一（训练集）.xlsx|材料1|764,3,11581.25487,10899.2574127,10387.1047371,10840.1745944
附件一（训练集）.xlsx|材料1|765,2,34570.51095,32688.7018958,32693.4135941,31448.6473883
附件一（训练集）.xlsx|材料1|766,4,59800.53034,54156.1644152,54766.1453967,54579.6685676
附件一（训练集）.xlsx|材料1|767,4,79473.0787,84014.5144413,77682.7408215,77413.7558216
附件一（训练集）.xlsx|材料1|768,2,105156.1819,96032.3669827,104652.714474,108402.404266
附件一（训练集）.xlsx|材料1|769,2,140342.3796,136340.033799,150230.510988,151985.523999
附件一（训练集）.xlsx|材料1|77,1,32688.69228,32286.4385984,33082.2663301,30037.8570004
附件一（训练集）.xlsx|材料1|770,3,185278.196,186081.78454,177318.174988,162896.829102
附件一（训练集）.xlsx|材料1|771,3,253345.1944,277457.599236,258344.392146,246523.162196
附件一（训练集）.xlsx|材料1|772,2,330637.0618,319357.145626,325166.507571,315989.403331
附件一（训练集）.xlsx|材料1|773,2,440869.5115,407588.354163,417993.884887,449485.452394
附件一（训练集）.xlsx|材料1|774,3,3219.780591,3071.23371393,2983.45285482,2740.0254797
附件一（训练集）.xlsx|材料1|775,3,2799.945547,3002.17206479,2727.23000792,2716.00625596
附件一（训练集）.xlsx|材料1|776,3,3533.266046,3579.46821745,3514.92493547,3456.56315271
附件一（训练集）.xlsx|材料1|777,3,4525.315676,4583.09348438,4518.57780163,4262.02785677
附件一（训练集）.xlsx|材料1|778,2,5719.052101,5245.09632589,5274.15395781,5598.50519729
附件一（训练集）.xlsx|材料1|779,2,7287.02014,6779.92883557,6777.52450349,7015.78123442
附件一（训练集）.xlsx|材料1|78,2,55945.83678,51935.4910063,58839.1446902,61811.2942232
附件一（训练集）.xlsx|材料1|780,4,12101.52375,10861.9622514,10671.5088753,10897.7375485
附件一（训练集）.xlsx|材料1|781,0,15791.35772,17503.4875789,16705.8540268,17917.0319063
附件一（训练集）.xlsx|材料1|782,0,20371.23037,20830.8003093,17870.614455,18678.6438958
附件一（训练集）.xlsx|材料1|783,4,34609.2452,34795.427931,32136.2452191,32231.4768101
附件一（训练集）.xlsx|材料1|784,2,46219.68547,41893.3703636,44190.4692366,43452.5960634
附件一（训练集）.xlsx|材料1|785,2,179740.9994,167858.187554,194012.653493,188608.683003
附件一（训练集）.xlsx|材料1|786,0,241162.5021,211336.085244,207384.344586,202598.963463
附件一（训练集）.xlsx|材料1|787,2,420112.7655,405003.870722,421153.166644,398080.054697
附件一（训练集）.xlsx|材料1|788,1,4393.820239,4192.65648756,4496.24952208,3748.38673401
附件一（训练集）.xlsx|材料1|789,1,4786.864817,5014.79308368,5278.18418144,4735.2723725
附件一（训练集）.xlsx|材料1|79,2,74362.24612,81496.9773149,81352.0152281,82994.0120616
附件一（训练集）.xlsx|材料1|790,1,5981.65421,5758.23483193,5673.94995828,6124.6846915
附件一（训练集）.xlsx|材料1|791,2,7610.313356,6965.91715898,7242.93597873,7264.40325474
附件一（训练集）.xlsx|材料1|792,2,9830.333671,9810.72573956,8920.91252225,9469.27076087
附件一（训练集）.xlsx|材料1|793,1,16134.65181,14595.7400681,15713.1795174,14943.3679257
附件一（训练集）.xlsx|材料1|794,2,1062.695125,1123.93854363,1160.06075518,1170.87776228
附件一（训练集）.xlsx|材料1|795,4,1475.28012,1860.76620113,1862.594354,1723.04400641
附件一（训练集）.xlsx|材料1|796,4,2047.879223,2099.99092263,2290.54867925,2337.65565134
附件一（训练集）.xlsx|材料1|797,3,2664.462294,2697.00625332,2652.73337485,2641.27306312
附件一（训练集）.xlsx|材料1|798,3,3775.700632,3983.92907362,3871.78189207,3753.100838
附件一（训练集）.xlsx|材料1|799,3,6953.502338,7200.79977128,7231.24252464,7323.73034255
附件一（训练集）.xlsx|材料1|8,1,56401.52952,57873.3222211,56365.1830411,54262.8391962
附件一（训练集）.xlsx|材料1|80,1,128576.4162,135254.61164,123711.660495,120124.85337
附件一（训练集）.xlsx|材料1|800,4,9677.926484,11237.7323252,11117.7737242,10620.9193239
附件一（训练集）.xlsx|材料1|801,4,12996.57952,12899.2954447,14262.206048,13691.3345794
附件一（训练集）.xlsx|材料1|802,3,18803.34877,19739.8307158,19944.5759234,21553.6366975
附件一（训练集）.xlsx|材料1|803,3,26489.10316,28929.1272296,29183.2273897,27869.6126208
附件一（训练集）.xlsx|材料1|804,3,37235.20346,38767.8239484,41507.9836812,40480.8598452
附件一（训练集）.xlsx|材料1|805,3,53611.4298,57644.4476569,58532.1515608,59103.8695697
附件一（训练集）.xlsx|材料1|806,1,75783.08167,90015.4750463,86918.7568253,92215.218396
附件一（训练集）.xlsx|材料1|807,1,108977.8928,122944.914095,118232.005057,127772.524758
附件一（训练集）.xlsx|材料1|808,1,149950.2672,144626.40251,136977.312851,137875.372909
附件一（训练集）.xlsx|材料1|809,1,262700.1729,254570.559564,239097.729572,249131.610473
附件一（训练集）.xlsx|材料1|81,1,166639.6736,200031.653327,171445.120047,170196.954798
附件一（训练集）.xlsx|材料1|810,0,749.1535014,895.346910577,865.753515481,850.434213186
附件一（训练集）.xlsx|材料1|811,3,963.8096224,1089.5246077,1081.68880289,1065.9212489
附件一（训练集）.xlsx|材料1|812,3,1313.72777,1535.36235698,1371.8274327,1328.40181359
附件一（训练集）.xlsx|材料1|813,4,1807.253409,1774.29548859,1792.42448754,1657.53422237
附件一（训练集）.xlsx|材料1|814,0,3308.226246,3559.96878062,3097.07972204,3184.44351314
附件一（训练集）.xlsx|材料1|815,2,6173.265396,6155.60552113,6380.7190906,6642.6057986
附件一（训练集）.xlsx|材料1|816,2,8325.027451,9330.41192306,8633.70596602,8552.20141173
附件一（训练集）.xlsx|材料1|817,3,11215.93985,11856.7247175,11036.8617373,11558.1332442
附件一（训练集）.xlsx|材料1|818,3,21981.47781,23464.9310632,22541.4065544,23714.7233706
附件一（训练集）.xlsx|材料1|819,4,45023.34555,46320.4421783,45318.6510627,45595.8892333
附件一（训练集）.xlsx|材料1|82,3,218449.8965,222801.762715,219530.400126,222181.334444
附件一（训练集）.xlsx|材料1|820,4,63080.06911,65186.5963862,66919.357486,70266.1319306
附件一（训练集）.xlsx|材料1|821,4,128856.2547,126491.785449,131603.799297,125619.128123
附件一（训练集）.xlsx|材料1|822,4,176787.0517,212823.747074,203844.540667,211480.658872
附件一（训练集）.xlsx|材料1|823,4,233607.0741,233632.699622,243922.583061,265477.764492
附件一（训练集）.xlsx|材料1|824,1,317136.3468,317787.709451,320533.94178,312054.800841
附件一（训练集）.xlsx|材料1|825,0,856.6457477,1060.5682848,1074.39395363,958.414364561
附件一（训练集）.xlsx|材料1|826,3,1151.726862,1309.86302636,1163.71364437,1110.97248292
附件一（训练集）.xlsx|材料1|827,3,1566.034169,1584.03683027,1537.16837156,1600.27678196
附件一（训练集）.xlsx|材料1|828,4,2097.622753,1872.53060248,2064.19338995,2060.47263665
附件一（训练集）.xlsx|材料1|829,4,2815.832497,2676.2210324,2978.6038144,3055.7713407
附件一（训练集）.xlsx|材料1|83,3,273541.545,260972.666722,294732.295217,305402.465072
附件一（训练集）.xlsx|材料1|830,0,3797.424531,4109.66130743,3547.95840968,3688.17007894
附件一（训练集）.xlsx|材料1|831,0,5236.695363,5947.62740853,5521.55798274,5363.29999777
附件一（训练集）.xlsx|材料1|832,2,9192.992475,8896.01196416,9537.82204342,9246.28172273
附件一（训练集）.xlsx|材料1|833,3,12932.30217,13154.1659605,12077.2192948,12566.3569178
附件一（训练集）.xlsx|材料1|834,3,25224.40631,26032.6190251,25589.8104673,25680.4918752
附件一（训练集）.xlsx|材料1|835,3,36989.00907,39896.3972279,37082.6075261,36632.3626129
附件一（训练集）.xlsx|材料1|836,4,52005.40581,51261.7870795,50664.5558121,50036.2990166
附件一（训练集）.xlsx|材料1|837,4,75280.53523,78684.7694877,74472.2762309,74511.1913742
附件一（训练集）.xlsx|材料1|838,4,106641.1559,99873.193707,102196.90117,101305.274387
附件一（训练集）.xlsx|材料1|839,4,271619.7258,246942.180995,250940.895645,274282.639092
附件一（训练集）.xlsx|材料1|84,3,360199.2721,355692.883359,393607.07972,383573.199902
附件一（训练集）.xlsx|材料1|840,4,1009.330003,1187.52160446,1128.7026037,1152.38481272
附件一（训练集）.xlsx|材料1|841,3,1810.755445,1899.88932505,1802.57811695,1782.75914818
附件一（训练集）.xlsx|材料1|842,2,2394.52308,2590.1561978,2486.75282455,2452.97640693
附件一（训练集）.xlsx|材料1|843,2,3242.159658,3311.85261242,3055.33332633,3198.80077117
附件一（训练集）.xlsx|材料1|844,3,7977.251157,7753.7508541,7501.65655623,7230.6071253
附件一（训练集）.xlsx|材料1|845,3,14641.55543,15693.932147,14853.9627917,15639.5342083
附件一（训练集）.xlsx|材料1|846,4,29914.03845,28689.7125986,32785.8073821,30681.6718111
附件一（训练集）.xlsx|材料1|847,2,62328.07323,64736.1537596,62853.7244974,61736.9675525
附件一（训练集）.xlsx|材料1|848,2,87883.8813,91596.5881667,75880.1346536,76457.1976575
附件一（训练集）.xlsx|材料1|849,3,123800.4921,147407.227699,137325.504189,150362.247469
附件一（训练集）.xlsx|材料1|85,1,461810.5667,480301.919887,457440.210053,480782.6774
附件一（训练集）.xlsx|材料1|850,2,234105.831,257152.409044,238805.224933,235683.86281
附件一（训练集）.xlsx|材料1|851,2,318078.1125,310768.836215,316464.065994,326740.535226
附件一（训练集）.xlsx|材料1|852,3,443777.4452,462153.582546,452015.8634,426593.250918
附件一（训练集）.xlsx|材料1|853,1,838.640425,1029.8222312,1001.20542996,991.081640194
附件一（训练集）.xlsx|材料1|854,1,1187.426592,1187.00662082,1244.33009396,1407.22918246
附件一（训练集）.xlsx|材料1|855,1,1506.42862,1693.97359436,1581.77396267,1795.56028834
附件一（训练集）.xlsx|材料1|856,3,2707.314291,2750.65814976,2928.32192079,3116.27559183
附件一（训练集）.xlsx|材料1|857,3,3727.988947,3869.54146142,4097.805885,4032.73738504
附件一（训练集）.xlsx|材料1|858,1,5124.634185,5921.55567987,5409.59093889,5251.96748798
附件一（训练集）.xlsx|材料1|859,1,6610.646909,7025.50773686,7244.04660224,7382.58930667
附件一（训练集）.xlsx|材料1|86,1,613904.3362,795949.278645,713432.743227,751160.014361
附件一（训练集）.xlsx|材料1|860,4,9094.512273,9035.99033513,8433.12461111,8345.6272027
附件一（训练集）.xlsx|材料1|861,4,12398.28894,13016.7068936,12829.685898,12658.1471469
附件一（训练集）.xlsx|材料1|862,0,17211.13699,16975.4473001,18480.3680027,19297.4122135
附件一（训练集）.xlsx|材料1|863,0,24494.17001,25952.154609,28216.778354,29679.5270779
附件一（训练集）.xlsx|材料1|864,0,35087.43237,38094.273169,37661.2554987,39513.0427903
附件一（训练集）.xlsx|材料1|865,0,51065.40622,58005.488077,55887.0678024,55322.1911831
附件一（训练集）.xlsx|材料1|866,3,140317.5455,139432.372073,142180.420246,158197.373323
附件一（训练集）.xlsx|材料1|867,3,198336.5421,200655.157527,204630.582248,202663.471646
附件一（训练集）.xlsx|材料1|868,0,273221.0512,264330.735498,258643.05149,244323.397534
附件一（训练集）.xlsx|材料1|869,0,376396.2086,388605.454593,389143.729167,373527.281127
附件一（训练集）.xlsx|材料1|87,4,1129.391913,1303.96075452,1341.71915253,1212.65289203
附件一（训练集）.xlsx|材料1|870,4,783.6628871,928.31891583,848.077717529,831.97068142
附件一（训练集）.xlsx|材料1|871,1,1094.733299,1145.07050535,1118.06113797,1118.94116991
附件一（训练集）.xlsx|材料1|872,1,1378.015305,1388.27864492,1470.60946801,1490.54998151
附件一（训练集）.xlsx|材料1|873,1,1876.108259,1964.97215646,1827.88903194,2041.84274841
附件一（训练集）.xlsx|材料1|874,1,2490.795483,2538.84965778,2594.56641806,2661.73822606
附件一（训练集）.xlsx|材料1|875,3,3376.347702,3180.86989503,3437.72260763,3397.40845101
附件一（训练集）.xlsx|材料1|876,3,4582.056901,4710.78340972,4950.69719517,4614.23327644
附件一（训练集）.xlsx|材料1|877,1,5880.57273,6228.90527013,5604.47935999,5689.74085419
附件一（训练集）.xlsx|材料1|878,1,7815.654294,7851.09967445,8633.71950986,8027.97945067
附件一（训练集）.xlsx|材料1|879,4,11070.64095,11045.6010459,10138.1142397,9193.26624193
附件一（训练集）.xlsx|材料1|88,4,1532.851361,1790.18503552,1717.31094296,1507.23367824
附件一（训练集）.xlsx|材料1|880,4,14925.40259,16668.9772758,15743.9627444,16104.9473779
附件一（训练集）.xlsx|材料1|881,0,20932.4027,18788.7671538,21078.4146501,21376.3096978
附件一（训练集）.xlsx|材料1|882,0,29448.50397,28759.208308,31813.9085518,31972.0299968
附件一（训练集）.xlsx|材料1|883,0,42602.2508,42060.6797739,42992.904838,41625.1854265
附件一（训练集）.xlsx|材料1|884,1,87413.41476,105524.443721,92302.1127555,89976.7928742
附件一（训练集）.xlsx|材料1|885,1,118586.3564,115719.954243,110109.769753,111019.452375
附件一（训练集）.xlsx|材料1|886,3,166749.9216,158891.028754,161853.941829,167811.738056
附件一（训练集）.xlsx|材料1|887,3,231445.3959,211284.46853,221877.796651,214230.113854
附件一（训练集）.xlsx|材料1|888,0,325175.1277,310894.362874,296951.020302,277515.284497
附件一（训练集）.xlsx|材料1|889,4,596099.9476,513494.733225,561804.33251,544671.579105
附件一（训练集）.xlsx|材料1|89,1,2119.668152,1960.99274885,2234.85239582,2171.95561014
附件一（训练集）.xlsx|材料1|890,4,708.7652037,915.342438546,801.958360774,841.24955186
附件一（训练集）.xlsx|材料1|891,4,983.4575232,1098.64593129,1030.27231202,1085.11753856
附件一（训练集）.xlsx|材料1|892,1,2992.093566,3659.41503404,3425.92023961,3332.43027507
附件一（训练集）.xlsx|材料1|893,3,5185.070986,5583.62284677,5657.91836187,5536.07428862
附件一（训练集）.xlsx|材料1|894,1,9568.53606,10764.5647047,10482.6757714,10318.3156678
附件一（训练集）.xlsx|材料1|895,0,24678.39419,25625.0991224,23632.5061652,23283.9373705
附件一（训练集）.xlsx|材料1|896,0,35803.84731,40599.1550712,40803.4263362,39341.538731
附件一（训练集）.xlsx|材料1|897,0,50812.43183,59297.407624,54588.7603406,50582.5861066
附件一（训练集）.xlsx|材料1|898,0,73139.44533,81937.9671098,74681.5586167,77730.3332948
附件一（训练集）.xlsx|材料1|899,1,99768.37842,98930.1387924,102623.578295,99698.88904
附件一（训练集）.xlsx|材料1|9,1,73651.31728,82520.5009784,75954.6207695,79058.6786013
附件一（训练集）.xlsx|材料1|90,4,5166.874084,5133.42334557,5263.45573527,6151.68162315
附件一（训练集）.xlsx|材料1|900,1,141036.4806,153284.000171,147302.881502,153838.917664
附件一（训练集）.xlsx|材料1|901,3,193001.3105,186812.313897,175990.567189,184627.231798
附件一（训练集）.xlsx|材料1|902,3,278568.9295,309749.959642,277015.589228,295380.852361
附件一（训练集）.xlsx|材料1|903,0,389488.4452,479330.34529,412591.922435,409652.129907
附件一（训练集）.xlsx|材料1|904,0,520331.0961,525993.498043,531857.002104,524254.853929
附件一（训练集）.xlsx|材料1|905,4,696938.0157,648711.856551,721765.930416,728923.599405
附件一（训练集）.xlsx|材料1|906,2,938.0406753,984.708346355,997.489371231,1018.35424233
附件一（训练集）.xlsx|材料1|907,2,1223.050584,1239.71941506,1284.48978405,1379.18878736
附件一（训练集）.xlsx|材料1|908,4,1603.438961,1564.86877704,1869.59392475,1804.30036517
附件一（训练集）.xlsx|材料1|909,4,2138.530562,2270.02446449,2512.27183567,2561.64283396
附件一（训练集）.xlsx|材料1|91,2,7061.093869,5794.77840751,6203.66942531,5737.47601714
附件一（训练集）.xlsx|材料1|910,1,2798.160071,3097.31959239,2927.1404111,2949.87448644
附件一（训练集）.xlsx|材料1|911,1,3715.695872,4424.10333367,4148.43459798,3733.82426205
附件一（训练集）.xlsx|材料1|912,0,4755.175029,5141.41888488,4914.29415765,5283.96516108
附件一（训练集）.xlsx|材料1|913,0,6319.838092,6850.04253718,7538.59888142,7393.13534237
附件一（训练集）.xlsx|材料1|914,0,8722.460852,9385.01722198,10484.0109924,9927.02224664
附件一（训练集）.xlsx|材料1|915,1,16384.22888,18930.0025552,17703.5598191,17907.0016985
附件一（训练集）.xlsx|材料1|916,1,21891.83835,23095.5951253,21890.0115952,23594.0329161
附件一（训练集）.xlsx|材料1|917,1,31120.82442,31417.542463,29352.8945314,32304.1439891
附件一（训练集）.xlsx|材料1|918,3,63187.53128,63449.4402561,63014.4138446,65849.483567
附件一（训练集）.xlsx|材料1|919,3,86443.75696,87224.7818919,90791.6418434,91439.7131176
附件一（训练集）.xlsx|材料1|92,2,9430.12443,9366.60537438,8730.49311351,8143.117032
附件一（训练集）.xlsx|材料1|920,3,121342.6439,124547.517154,133234.745639,132007.908572
附件一（训练集）.xlsx|材料1|921,3,167770.3466,184545.455911,181262.592895,187716.98374
附件一（训练集）.xlsx|材料1|922,2,240563.413,228595.440729,239471.560522,228358.66546
附件一（训练集）.xlsx|材料1|923,2,464877.115,449388.329187,422916.601922,426825.770698
附件一（训练集）.xlsx|材料1|924,1,832598.6389,771217.393065,781476.336588,812249.939639
附件一（训练集）.xlsx|材料1|925,2,941.8760287,1065.42777355,1002.22872591,1083.96584737
附件一（训练集）.xlsx|材料1|926,2,1224.052589,1161.53482623,1112.95633242,1135.63907368
附件一（训练集）.xlsx|材料1|927,2,1610.815256,1776.2827746,1763.38158483,1701.99247518
附件一（训练集）.xlsx|材料1|928,4,2095.126964,2143.10490221,2183.56527593,2235.61792891
附件一（训练集）.xlsx|材料1|929,4,2780.980435,2902.11027602,2827.0874601,3035.13592337
附件一（训练集）.xlsx|材料1|93,4,12766.46246,12802.9671931,11967.7809365,11560.2093594
附件一（训练集）.xlsx|材料1|930,1,3584.043542,4132.83057526,3801.35457238,3792.63506012
附件一（训练集）.xlsx|材料1|931,0,6074.632478,6064.22707945,5783.32975086,6298.73501046
附件一（训练集）.xlsx|材料1|932,0,8160.77248,8435.6419667,8825.1167965,8623.42684163
附件一（训练集）.xlsx|材料1|933,0,11032.88796,10971.978427,11839.101789,11787.7728927
附件一（训练集）.xlsx|材料1|934,0,15064.17596,15516.5321129,15980.3361011,16448.7888349
附件一（训练集）.xlsx|材料1|935,1,20482.92543,24098.246034,19418.6383583,21003.6936011
附件一（训练集）.xlsx|材料1|936,1,38585.35599,41739.3960369,36935.7667624,39491.7141168
附件一（训练集）.xlsx|材料1|937,1,56211.37027,72041.783029,60141.0174897,66799.5449735
附件一（训练集）.xlsx|材料1|938,3,107437.269,108593.527634,101677.507418,97705.9569256
附件一（训练集）.xlsx|材料1|939,2,288610.2916,288018.822869,262436.233162,248294.887247
附件一（训练集）.xlsx|材料1|94,4,21893.48022,21543.491213,21791.3654949,20637.830851
附件一（训练集）.xlsx|材料1|940,2,409320.219,394344.175874,416128.666864,418169.195042
附件一（训练集）.xlsx|材料1|941,3,763.220977,1044.86754762,899.608881293,935.802431851
附件一（训练集）.xlsx|材料1|942,3,966.768255,875.6522228,976.031701109,975.231742634
附件一（训练集）.xlsx|材料1|943,4,2077.609685,2149.7190206,1925.96959222,2081.06603452
附件一（训练集）.xlsx|材料1|944,0,2745.415547,2564.31228508,2785.91310565,2656.94657805
附件一（训练集）.xlsx|材料1|945,3,7790.490007,7680.87165129,7778.99220343,7249.94748315
附件一（训练集）.xlsx|材料1|946,4,19124.17456,19803.0217036,20161.6630448,20737.5053178
附件一（训练集）.xlsx|材料1|947,2,35347.35317,35038.5603928,35235.7362038,33490.0969051
附件一（训练集）.xlsx|材料1|948,3,50435.08141,48205.8727036,46186.052867,44377.3737003
附件一（训练集）.xlsx|材料1|949,3,67873.23527,63602.6953201,65041.4424043,68143.6539436
附件一（训练集）.xlsx|材料1|95,4,28291.14184,26637.8153458,28773.4736444,24682.5660035
附件一（训练集）.xlsx|材料1|950,1,95013.43839,89565.6006719,89331.0405295,85770.9776067
附件一（训练集）.xlsx|材料1|951,1,128850.956,132149.950886,136043.427282,135311.329923
附件一（训练集）.xlsx|材料1|952,4,184521.8028,189168.36873,189554.584622,189349.161743
附件一（训练集）.xlsx|材料1|953,4,255555.4032,284894.036526,258547.803581,269892.777055
附件一（训练集）.xlsx|材料1|954,0,359423.2255,348285.628496,364774.250695,374941.558133
附件一（训练集）.xlsx|材料1|955,0,481326.9227,455759.974751,485589.110087,485399.656903
附件一（训练集）.xlsx|材料1|956,3,663872.2785,615843.336712,628300.794906,626219.757242
附件一（训练集）.xlsx|材料1|957,4,824.0751503,853.926510128,790.322611411,779.293785508
附件一（训练集）.xlsx|材料1|958,4,1007.106866,935.567091808,935.976918152,973.48767049
附件一（训练集）.xlsx|材料1|959,0,1670.793911,1621.32914947,1561.86304155,1597.94824064
附件一（训练集）.xlsx|材料1|96,1,49708.07326,56195.9401549,55840.5165701,59104.4085027
附件一（训练集）.xlsx|材料1|960,4,2832.921144,2963.91023678,2720.45619525,2691.4849384
附件一（训练集）.xlsx|材料1|961,2,3678.249795,3948.41294946,3681.06750826,3642.52258946
附件一（训练集）.xlsx|材料1|962,2,4627.454297,4461.52639913,4541.58774111,4713.6885086
附件一（训练集）.xlsx|材料1|963,4,6022.969781,6174.14907445,6110.53416535,6815.71517682
附件一（训练集）.xlsx|材料1|964,4,7752.760975,7800.2430673,8079.27031517,8280.14190482
附件一（训练集）.xlsx|材料1|965,2,13899.54076,14259.3619329,13658.3029742,14546.5341677
附件一（训练集）.xlsx|材料1|966,4,18359.64719,19774.0122311,18877.2636389,20165.7457426
附件一（训练集）.xlsx|材料1|967,4,25168.44714,25929.0507134,25460.6268885,27851.8693191
附件一（训练集）.xlsx|材料1|968,4,46951.40713,46559.9442052,48756.3662388,49424.130002
附件一（训练集）.xlsx|材料1|969,1,62070.61613,73540.4059528,62149.6313774,59144.7013249
附件一（训练集）.xlsx|材料1|97,2,65196.27638,71229.4344048,71991.0423582,75126.4804618
附件一（训练集）.xlsx|材料1|970,1,86257.86209,90516.7841301,93545.0000236,93384.1138076
附件一（训练集）.xlsx|材料1|971,3,119332.3062,115781.098449,113118.841036,113350.679192
附件一（训练集）.xlsx|材料1|972,3,168128.8466,186661.103643,180017.258649,182322.456009
附件一（训练集）.xlsx|材料1|973,4,229173.8421,244505.205991,224588.905236,233667.244414
附件一（训练集）.xlsx|材料1|974,4,320988.4024,362402.671399,321238.892427,343890.270565
附件一（训练集）.xlsx|材料1|975,1,431197.2175,419371.790719,381523.409035,376079.827815
附件一（训练集）.xlsx|材料1|976,4,1073.433396,924.154926372,1008.75970064,1034.2371354
附件一（训练集）.xlsx|材料1|977,4,1367.287888,1186.2373173,1189.51208479,1203.65882698
附件一（训练集）.xlsx|材料1|978,0,1767.916734,1748.74947053,1726.16089982,1725.19536837
附件一（训练集）.xlsx|材料1|979,0,2247.717152,2545.51490542,2083.55915733,2112.52518739
附件一（训练集）.xlsx|材料1|98,2,85243.35886,83780.7075929,78877.5045381,80693.3859763
附件一（训练集）.xlsx|材料1|980,4,2931.906808,2977.20156204,2772.91222548,2582.48836127
附件一（训练集）.xlsx|材料1|981,4,3801.00731,4016.56496942,3878.54918811,3679.2801603
附件一（训练集）.xlsx|材料1|982,2,4757.597689,4051.95614402,4301.6414873,4318.93310063
附件一（训练集）.xlsx|材料1|983,2,6152.055794,5357.75131262,5637.03472442,5374.71867068
附件一（训练集）.xlsx|材料1|984,4,7988.024299,7761.6741885,7349.07308553,7468.65256562
附件一（训练集）.xlsx|材料1|985,2,13656.58064,15356.8984239,14205.0413296,14598.578221
附件一（训练集）.xlsx|材料1|986,2,18057.87393,20683.0986954,18804.604289,20696.6175218
附件一（训练集）.xlsx|材料1|987,4,32459.27015,33644.7109748,34268.8583918,37471.4492221
附件一（训练集）.xlsx|材料1|988,4,59060.94231,57256.723187,61115.3228536,66947.6001584
附件一（训练集）.xlsx|材料1|989,1,79652.53328,92616.5471266,91334.9498248,81080.4796763
附件一（训练集）.xlsx|材料1|99,0,112150.6467,111866.152471,105424.332666,102969.552205
附件一（训练集）.xlsx|材料1|990,1,109199.7839,113253.55028,121085.852959,121398.076332
附件一（训练集）.xlsx|材料1|991,3,208758.6158,219762.910436,210076.200336,214962.825033
附件一（训练集）.xlsx|材料1|992,4,288196.1215,303264.419725,260441.830851,280536.975271
附件一（训练集）.xlsx|材料1|993,1,529174.1341,576059.894944,521794.914279,522457.792864
附件一（训练集）.xlsx|材料1|994,4,1251.981937,1151.10622754,1063.16788219,1093.66678978
附件一（训练集）.xlsx|材料1|995,4,1150.367179,1108.25933367,1041.0303817,1103.84916368
附件一（训练集）.xlsx|材料1|996,4,1845.774952,1692.36762035,1672.35582816,1556.89982695
附件一（训练集）.xlsx|材料1|997,0,2374.2095,2324.98964572,2320.18055931,2245.08839637
附件一（训练集）.xlsx|材料1|998,0,3068.389033,3157.69988113,3095.67799111,3117.49712104
附件一（训练集）.xlsx|材料1|999,4,4910.844527,5559.41015569,5610.13383455,5502.92818817
附件一（训练集）.xlsx|材料2|10,2,2724.015916,2800.79935861,2776.76782262,2702.39564817
附件一（训练集）.xlsx|材料2|100,1,187124.9647,217599.300813,187299.799691,192691.244504
附件一（训练集）.xlsx|材料2|1000,2,12128.3,11341.6272882,11678.8172785,11693.0951378
附件一（训练集）.xlsx|材料2|1001,2,57604.44,55506.5149147,57619.2399955,56216.7791998
附件一（训练集）.xlsx|材料2|1002,4,1874.3,1951.26183136,1949.43105996,1901.37796865
附件一（训练集）.xlsx|材料2|1003,4,3784.87,4383.01068195,3998.93867727,4017.84980781
附件一（训练集）.xlsx|材料2|1004,2,6707.72,6559.64511253,7228.36806307,6701.31946872
附件一（训练集）.xlsx|材料2|1005,1,2063.44,1722.57150661,1895.59768711,2011.77244177
附件一（训练集）.xlsx|材料2|1006,4,1030.33,1091.57088956,1050.19608577,1106.34167704
附件一（训练集）.xlsx|材料2|1007,3,42785.49,44774.0262816,40426.8842256,45767.2245442
附件一（训练集）.xlsx|材料2|1008,1,9474.04,8953.8428375,9028.92078671,9041.75855081
附件一（训练集）.xlsx|材料2|1009,3,2388.93,2094.9921506,2192.11128164,2150.0544545
附件一（训练集）.xlsx|材料2|101,4,1613.769661,1395.51543906,1464.62242298,1493.79086576
附件一（训练集）.xlsx|材料2|1010,0,1067.41,1244.67243252,1345.74720947,1355.93633114
附件一（训练集）.xlsx|材料2|1011,1,3724,3336.55907302,3150.8774552,2889.16726329
附件一（训练集）.xlsx|材料2|1012,3,89723.15,89258.1408274,92003.5354598,94594.335377
附件一（训练集）.xlsx|材料2|1013,4,1447.81,1394.65448887,1419.21502171,1471.91316168
附件一（训练集）.xlsx|材料2|1014,3,2348.679049,2094.9921506,2192.11128164,2112.99900356
附件一（训练集）.xlsx|材料2|1015,0,3427.045851,3910.70435675,4103.05360118,4367.51799871
附件一（训练集）.xlsx|材料2|1016,0,6772.981613,6992.70864385,6995.01836389,7375.93971125
附件一（训练集）.xlsx|材料2|1017,0,21492.76309,21319.4808986,20974.9374724,21417.9187005
附件一（训练集）.xlsx|材料2|1018,3,61176.08746,58264.1847331,64030.9198379,62531.5041614
附件一（训练集）.xlsx|材料2|1019,2,99679.89972,102999.756916,106203.820523,108514.083121
附件一（训练集）.xlsx|材料2|102,1,5400.359822,5215.98815815,5424.6211116,5044.72474947
附件一（训练集）.xlsx|材料2|1020,3,161658.0093,151046.780637,147783.895665,146519.389257
附件一（训练集）.xlsx|材料2|1021,4,5137.739583,4858.53764155,4828.33442301,5070.14975434
附件一（训练集）.xlsx|材料2|1022,1,28373.71069,28708.0230654,28038.6837424,28148.1559785
附件一（训练集）.xlsx|材料2|1023,0,48104.4261,44082.5172771,49448.8813169,48262.271635
附件一（训练集）.xlsx|材料2|1024,1,214383.5098,197081.794144,209588.303946,205083.95618
附件一（训练集）.xlsx|材料2|1025,4,348278.3422,356440.337223,351155.801019,356429.545172
附件一（训练集）.xlsx|材料2|1026,3,1912.577903,1815.45862274,1737.42759433,1809.71337599
附件一（训练集）.xlsx|材料2|1027,0,3544.608535,3679.45368737,3596.04781506,3459.47694361
附件一（训练集）.xlsx|材料2|1028,1,6601.083339,6998.24391004,6197.94483967,6481.15035584
附件一（训练集）.xlsx|材料2|1029,1,11465.36178,12649.1942927,10847.3236287,10685.2824693
附件一（训练集）.xlsx|材料2|103,2,28518.02758,30742.1734406,27286.3417967,28612.528024
附件一（训练集）.xlsx|材料2|1030,0,21196.39962,23091.1854735,21368.9998014,20464.641355
附件一（训练集）.xlsx|材料2|1031,1,60921.92187,62490.5749426,61669.4261523,62152.4923503
附件一（训练集）.xlsx|材料2|1032,0,101976.0525,95815.2400343,108210.259446,106428.000712
附件一（训练集）.xlsx|材料2|1033,1,172994.4477,183279.904925,178809.513796,174008.005786
附件一（训练集）.xlsx|材料2|1034,1,285472.0473,292427.072166,304134.016814,319237.712086
附件一（训练集）.xlsx|材料2|1035,1,459773.4411,496818.928734,452367.243173,493319.091805
附件一（训练集）.xlsx|材料2|1036,2,743448.6207,699206.759506,708729.939351,684362.182815
附件一（训练集）.xlsx|材料2|1037,3,2319.332205,2181.85286445,2170.48037177,2174.58627463
附件一（训练集）.xlsx|材料2|1038,4,4492.608002,4223.93678238,4204.33083265,4304.76492833
附件一（训练集）.xlsx|材料2|1039,0,8284.886668,8093.79299513,8042.5487231,7942.81088987
附件一（训练集）.xlsx|材料2|104,1,48999.72917,49150.4101257,49804.2558602,49673.6843615
附件一（训练集）.xlsx|材料2|1040,0,26520.99274,28130.979248,27090.7892871,28452.5837106
附件一（训练集）.xlsx|材料2|1041,0,46050.10416,47962.0832338,46087.064615,46289.124921
附件一（训练集）.xlsx|材料2|1042,1,79346.66365,82517.2456351,80004.539201,79128.2718764
附件一（训练集）.xlsx|材料2|1043,0,137089.034,163419.908582,135633.43285,131840.05264
附件一（训练集）.xlsx|材料2|1044,1,228177.1425,232752.217441,235638.730905,233274.97496
附件一（训练集）.xlsx|材料2|1045,1,360819.8648,334033.031267,350287.996129,363887.559556
附件一（训练集）.xlsx|材料2|1046,1,619314.8035,667685.935232,617901.937992,661611.335842
附件一（训练集）.xlsx|材料2|1047,2,982995.8836,921869.609243,934740.210937,941434.612342
附件一（训练集）.xlsx|材料2|1048,0,1683.558211,1707.98103468,1912.8856928,1955.79258658
附件一（训练集）.xlsx|材料2|1049,0,3062.808309,2919.97101415,3069.28765382,3033.22254399
附件一（训练集）.xlsx|材料2|105,4,84396.55653,89021.1228999,88611.6976527,82442.6113153
附件一（训练集）.xlsx|材料2|1050,4,5734.331894,5205.734532,5087.4486522,4785.65899198
附件一（训练集）.xlsx|材料2|1051,2,10913.69638,10552.9032411,10233.2989109,10160.706808
附件一（训练集）.xlsx|材料2|1052,2,19360.98548,17813.1333477,17658.8021227,18143.8912624
附件一（训练集）.xlsx|材料2|1053,3,34615.10872,31087.6564597,31071.4995977,31271.7917221
附件一（训练集）.xlsx|材料2|1054,1,60739.63926,53868.9753469,55377.5798045,52606.5256964
附件一（训练集）.xlsx|材料2|1055,4,108135.2586,114202.788366,102529.132451,102343.085242
附件一（训练集）.xlsx|材料2|1056,4,182863.1338,182750.859466,176675.44903,188603.749802
附件一（训练集）.xlsx|材料2|1057,2,298847.0769,306539.420676,303344.207119,295255.828347
附件一（训练集）.xlsx|材料2|1058,0,510142.7388,557786.922421,473651.968413,511781.932804
附件一（训练集）.xlsx|材料2|1059,2,7814.301848,7358.74357001,6916.66364825,6965.66993603
附件一（训练集）.xlsx|材料2|106,2,251125.502,251525.394291,252275.926443,240647.246904
附件一（训练集）.xlsx|材料2|1060,3,14147.79122,12202.6532784,14123.0474355,13299.3719812
附件一（训练集）.xlsx|材料2|1061,3,25500.82287,28275.713884,26635.9962772,27498.5945249
附件一（训练集）.xlsx|材料2|1062,4,46047.85822,42721.7131956,42812.6762471,44340.5567891
附件一（训练集）.xlsx|材料2|1063,0,83036.33958,88474.9573746,82987.4089203,84664.1036994
附件一（训练集）.xlsx|材料2|1064,3,421562.2166,436744.494589,414679.873717,465640.22107
附件一（训练集）.xlsx|材料2|1065,1,689469.0142,625017.232152,646666.04947,633933.899426
附件一（训练集）.xlsx|材料2|1066,4,1221.473797,1330.08455847,1295.36232002,1316.93893963
附件一（训练集）.xlsx|材料2|1067,4,1636.194271,1423.2038661,1542.65250931,1572.90162126
附件一（训练集）.xlsx|材料2|1068,3,2972.970972,2535.65471093,2611.27115316,2431.88832244
附件一（训练集）.xlsx|材料2|1069,0,5653.062336,5828.95566207,5690.15529377,5629.16489
附件一（训练集）.xlsx|材料2|107,1,416513.3759,402068.237031,439747.521487,414146.06212
附件一（训练集）.xlsx|材料2|1070,2,10372.67816,10449.3888497,11144.6340412,11685.0625259
附件一（训练集）.xlsx|材料2|1071,3,19212.68477,16956.8950608,16485.5117399,16061.1579598
附件一（训练集）.xlsx|材料2|1072,3,34140.4936,34379.10707,31753.5665094,31954.3068664
附件一（训练集）.xlsx|材料2|1073,4,64175.38504,70102.942115,61653.6164842,63534.4480295
附件一（训练集）.xlsx|材料2|1074,1,345311.0847,391408.547323,344288.181052,345309.387865
附件一（训练集）.xlsx|材料2|1075,1,1977.066045,2094.11021484,2024.34573226,1989.33444511
附件一（训练集）.xlsx|材料2|1076,3,4331.553225,4260.92942281,4098.56852304,3929.2545929
附件一（训练集）.xlsx|材料2|1077,4,7821.142806,7724.30951304,7275.53275899,7330.00118537
附件一（训练集）.xlsx|材料2|1078,0,14443.52385,11531.2358552,13353.4470819,12412.3530168
附件一（训练集）.xlsx|材料2|1079,4,26883.66111,26884.2426663,24770.3831909,24348.9959395
附件一（训练集）.xlsx|材料2|108,2,3812.292937,3341.7259994,3286.17169192,3076.780855
附件一（训练集）.xlsx|材料2|1080,3,91318.66675,88688.1416663,86080.4618822,80195.8848683
附件一（训练集）.xlsx|材料2|1081,0,159206.3486,150029.296197,147071.129555,153811.509323
附件一（训练集）.xlsx|材料2|1082,0,492122.4794,463275.243558,433212.679649,430458.493324
附件一（训练集）.xlsx|材料2|1083,3,3198.557742,3379.50832012,3204.18454161,3525.51556304
附件一（训练集）.xlsx|材料2|1084,3,3675.907367,3798.67851262,3718.48973477,4028.86935642
附件一（训练集）.xlsx|材料2|1085,4,6318.207936,7001.05298678,7106.63901647,7024.94433465
附件一（训练集）.xlsx|材料2|1086,4,11527.1385,12160.2201601,12683.0075353,12522.9106236
附件一（训练集）.xlsx|材料2|1087,1,21014.88262,19643.5843805,20234.403187,21972.2790386
附件一（训练集）.xlsx|材料2|1088,1,72878.8969,73149.61401,70068.6388145,74021.4826424
附件一（训练集）.xlsx|材料2|1089,0,233091.8182,205427.906363,203116.453673,204360.042797
附件一（训练集）.xlsx|材料2|109,1,6792.580689,6341.20694506,6366.94049179,6442.0782239
附件一（训练集）.xlsx|材料2|1090,3,5315.359378,5485.79961564,5672.70064546,6194.26656912
附件一（训练集）.xlsx|材料2|1091,3,5754.900881,6940.2158941,6325.78753076,6510.12387792
附件一（训练集）.xlsx|材料2|1092,4,17800.25563,18538.2144283,17790.6948373,17893.3285954
附件一（训练集）.xlsx|材料2|1093,1,33052.48256,33537.2913596,32544.6670167,33393.3342533
附件一（训练集）.xlsx|材料2|1094,1,60462.25859,59161.181762,61296.8596682,59445.9762565
附件一（训练集）.xlsx|材料2|1095,1,106053.1424,107932.95077,111680.977789,113628.783717
附件一（训练集）.xlsx|材料2|1096,3,193505.2585,194222.191522,189820.735787,188896.879794
附件一（训练集）.xlsx|材料2|1097,4,8925.506713,9780.89480754,8970.21526238,8669.01911016
附件一（训练集）.xlsx|材料2|1098,4,9498.934254,11371.3927797,10553.0079562,10509.2698837
附件一（训练集）.xlsx|材料2|1099,2,4975.683816,4236.10027344,5325.18916072,5235.94614313
附件一（训练集）.xlsx|材料2|11,4,5137.739583,4858.53764155,4865.67374026,5069.77696757
附件一（训练集）.xlsx|材料2|110,1,12167.04551,14294.3403091,13200.7066363,12858.8279559
附件一（训练集）.xlsx|材料2|1100,3,9009.25728,7967.28452181,10382.3924109,10579.2125433
附件一（训练集）.xlsx|材料2|1101,3,87173.96115,52050.7607102,82407.0423128,86116.2612165
附件一（训练集）.xlsx|材料2|1102,0,261172.2728,177947.320974,249122.08115,252651.960556
附件一（训练集）.xlsx|材料2|1103,4,752250.4264,579237.568745,774803.082678,767531.047365
附件一（训练集）.xlsx|材料2|1104,3,1264135.181,951756.84655,1244122.12983,1261831.74842
附件一（训练集）.xlsx|材料2|1105,0,2851.45708,2977.66615994,3249.33004746,3041.45726485
附件一（训练集）.xlsx|材料2|1106,0,4630.708452,5025.43272785,5383.00856118,4927.81450825
附件一（训练集）.xlsx|材料2|1107,1,24930.73158,20828.4945542,26109.9681411,25010.1528043
附件一（训练集）.xlsx|材料2|1108,2,43714.35207,38898.0364298,48792.9252309,49280.1942929
附件一（训练集）.xlsx|材料2|1109,1,130935.4898,117918.572867,132448.111931,128487.248497
附件一（训练集）.xlsx|材料2|111,4,21194.67863,22673.3293227,19358.2454985,18727.1293489
附件一（训练集）.xlsx|材料2|1110,2,227739.112,195862.340741,222458.67881,208324.590043
附件一（训练集）.xlsx|材料2|1111,2,387100.5854,326476.180607,370227.239236,365123.879201
附件一（训练集）.xlsx|材料2|1112,3,661614.9116,556622.742648,619681.063736,606123.708174
附件一（训练集）.xlsx|材料2|1113,2,1119958.431,1061080.87381,1104035.33395,1147255.36878
附件一（训练集）.xlsx|材料2|1114,1,4405.459841,3283.83366982,4233.75960194,4423.1364686
附件一（训练集）.xlsx|材料2|1115,3,7616.342597,6294.37094652,7665.67376167,7785.91473895
附件一（训练集）.xlsx|材料2|1116,3,12748.61332,7160.17312734,13192.5980981,12810.2434469
附件一（训练集）.xlsx|材料2|1117,3,22072.37235,10345.8933597,24117.2655544,23409.9441954
附件一（训练集）.xlsx|材料2|1118,1,64369.62586,43200.910816,62151.2412686,60786.8254439
附件一（训练集）.xlsx|材料2|1119,2,111417.1854,74100.4084006,116966.018341,114946.109833
附件一（训练集）.xlsx|材料2|112,1,36608.34041,33847.6572912,35405.7532267,35482.6808199
附件一（训练集）.xlsx|材料2|1120,1,193848.692,149160.590882,206096.084881,212459.083363
附件一（训练集）.xlsx|材料2|1121,2,330905.6787,223284.947277,319541.248093,307541.282121
附件一（训练集）.xlsx|材料2|1122,2,570408.6242,332509.182116,575666.132171,575692.917014
附件一（训练集）.xlsx|材料2|1123,3,968898.7082,660316.811674,934110.362729,946436.973197
附件一（训练集）.xlsx|材料2|1124,2,4619.670846,4961.1836308,4462.09474362,4818.68966437
附件一（训练集）.xlsx|材料2|1125,1,7853.732085,5518.7846829,8846.26316461,9151.26065774
附件一（训练集）.xlsx|材料2|1126,1,12920.38957,8821.11103855,14489.6812106,14226.1526613
附件一（训练集）.xlsx|材料2|1127,0,61459.89872,44225.9770137,64641.2378984,60969.118792
附件一（训练集）.xlsx|材料2|1128,3,103272.2206,55629.2509542,106329.878432,104312.909531
附件一（训练集）.xlsx|材料2|1129,4,518230.9108,293476.344133,491839.588465,479169.051523
附件一（训练集）.xlsx|材料2|113,3,64549.52397,66095.0338117,72766.9560411,67532.4969606
附件一（训练集）.xlsx|材料2|1130,1,881925.1802,477496.102922,734214.691182,714350.987562
附件一（训练集）.xlsx|材料2|1131,2,8369.384737,7819.27736372,9341.12006655,9353.80803928
附件一（训练集）.xlsx|材料2|1132,2,13558.63493,13160.7330578,14151.3848155,13821.8002666
附件一（训练集）.xlsx|材料2|1133,0,22274.18098,13215.1842026,20345.0668107,20135.3715847
附件一（训练集）.xlsx|材料2|1134,2,37073.72973,40480.6575246,46591.6924422,45667.1598423
附件一（训练集）.xlsx|材料2|1135,2,284036.5669,222858.903827,286319.682905,277438.055924
附件一（训练集）.xlsx|材料2|1136,2,14520.26729,12982.1138242,13859.5391322,13549.2882711
附件一（训练集）.xlsx|材料2|1137,0,23739.53739,20460.850895,24758.7908858,24104.2783718
附件一（训练集）.xlsx|材料2|1138,4,63097.75801,65651.591405,63292.3761743,65162.3633712
附件一（训练集）.xlsx|材料2|1139,0,103719.4296,64688.9041756,97976.7447077,96553.0595542
附件一（训练集）.xlsx|材料2|114,4,197525.8888,190418.658805,184722.511524,184818.988464
附件一（训练集）.xlsx|材料2|1140,1,169752.257,173705.642977,179395.667572,182139.48362
附件一（训练集）.xlsx|材料2|1141,2,280365.3283,272022.411353,292498.297344,284216.558223
附件一（训练集）.xlsx|材料2|1142,1,473409.7007,444964.269425,450833.291408,459913.497306
附件一（训练集）.xlsx|材料2|1143,4,790405.7679,589735.387352,774474.421231,767470.210737
附件一（训练集）.xlsx|材料2|1144,2,24715.6066,10674.0535965,21044.7967776,20952.9709398
附件一（训练集）.xlsx|材料2|1145,0,64178.06365,39705.0739145,59728.9449565,62980.5731316
附件一（训练集）.xlsx|材料2|1146,2,103109.9621,60364.9381571,95787.9570012,99131.1368891
附件一（训练集）.xlsx|材料2|1147,0,275627.8313,192829.148537,244145.186787,266268.594439
附件一（训练集）.xlsx|材料2|1148,2,18634.24085,17226.366375,17260.2719704,18056.0586285
附件一（训练集）.xlsx|材料2|1149,1,32306.48042,26058.9941293,26387.7953685,26722.2733994
附件一（训练集）.xlsx|材料2|115,4,329210.9354,311300.696033,316035.375369,311595.243863
附件一（训练集）.xlsx|材料2|1150,0,99014.48407,98699.9091757,91547.5433248,90247.4645371
附件一（训练集）.xlsx|材料2|1151,3,281734.0052,260169.889866,279550.043686,288373.807519
附件一（训练集）.xlsx|材料2|1152,1,473861.5956,443741.553081,457864.428938,460254.578612
附件一（训练集）.xlsx|材料2|1153,3,1366854.795,1184599.3598,1239008.74716,1207380.21139
附件一（训练集）.xlsx|材料2|1154,4,7317.779781,6775.73778624,7024.08793391,6135.9599555
附件一（训练集）.xlsx|材料2|1155,3,13304.13846,12378.1090058,13170.8710694,13134.5637655
附件一（训练集）.xlsx|材料2|1156,2,23614.72102,19508.5371593,23144.4099884,23886.1044212
附件一（训练集）.xlsx|材料2|1157,1,42349.23829,41916.1117249,45531.2173499,42652.5341042
附件一（训练集）.xlsx|材料2|1158,1,75147.00803,72305.1120792,83489.8283984,79376.1161666
附件一（训练集）.xlsx|材料2|1159,0,127416.1432,119799.615268,123315.57309,125532.326539
附件一（训练集）.xlsx|材料2|116,1,582455.7997,604784.782195,602559.36967,593348.29525
附件一（训练集）.xlsx|材料2|1160,4,612768.1883,552803.221193,587003.684463,600042.242846
附件一（训练集）.xlsx|材料2|1161,4,1041397.309,946150.636172,1054880.32682,1063643.04849
附件一（训练集）.xlsx|材料2|1162,3,1755658.691,1512640.75049,1573349.32126,1571775.76108
附件一（训练集）.xlsx|材料2|1163,3,5513.69316,5513.36903541,5413.43948895,5573.23299081
附件一（训练集）.xlsx|材料2|1164,0,18123.85483,19951.0398699,18258.3585034,20262.5992604
附件一（训练集）.xlsx|材料2|1165,1,32542.16159,32359.8070769,28654.3122788,29521.2913031
附件一（训练集）.xlsx|材料2|1166,2,59209.66712,58790.9475585,58580.1201052,56966.2279397
附件一（训练集）.xlsx|材料2|1167,1,102199.0615,105276.812838,97317.465636,107551.507521
附件一（训练集）.xlsx|材料2|1168,0,175373.2041,169246.664387,180509.844616,191279.737244
附件一（训练集）.xlsx|材料2|1169,3,297968.9763,341893.928182,263504.702195,282119.115772
附件一（训练集）.xlsx|材料2|117,0,760.6274611,912.612044003,930.380186078,954.369385121
附件一（训练集）.xlsx|材料2|1170,3,1429073.842,1360573.7925,1425507.95879,1468221.25798
附件一（训练集）.xlsx|材料2|1171,0,2470783.336,2238009.01424,2185374.47111,2353457.6618
附件一（训练集）.xlsx|材料2|1172,1,14350.21368,13627.6219479,12860.1658642,12863.8796331
附件一（训练集）.xlsx|材料2|1173,1,25397.9349,23697.6131472,24866.4530639,23790.371029
附件一（训练集）.xlsx|材料2|1174,2,47009.95859,43507.4508165,42339.7329494,40856.9936031
附件一（训练集）.xlsx|材料2|1175,2,143163.9262,165162.556168,156715.274584,138099.610714
附件一（训练集）.xlsx|材料2|1176,2,247002.3576,256377.254191,219286.196635,204170.170717
附件一（训练集）.xlsx|材料2|1177,2,714115.6602,907810.746876,812649.426349,733058.355497
附件一（训练集）.xlsx|材料2|1178,0,1194623.637,1135359.41486,1266442.17559,1277921.583
附件一（训练集）.xlsx|材料2|1179,1,2053075.347,2103385.48424,1908551.37259,1887515.84189
附件一（训练集）.xlsx|材料2|118,0,1449.359729,1648.58501954,1477.87337074,1549.42010235
附件一（训练集）.xlsx|材料2|1180,0,3656.502515,5850.63296082,3507.95915787,3106.21012056
附件一（训练集）.xlsx|材料2|1181,3,11632.46201,10341.9391621,11373.0197641,11324.1176029
附件一（训练集）.xlsx|材料2|1182,1,20816.79755,20255.2992646,21053.0371792,19758.449859
附件一（训练集）.xlsx|材料2|1183,1,37931.32183,34071.7762747,38645.9519115,39376.6285858
附件一（训练集）.xlsx|材料2|1184,1,117840.0748,109503.121551,122832.061188,121947.106267
附件一（训练集）.xlsx|材料2|1185,3,606381.3331,634521.118405,598023.100909,619875.541671
附件一（训练集）.xlsx|材料2|1186,2,1017436.474,1121058.55526,1012778.73703,944339.975838
附件一（训练集）.xlsx|材料2|1187,1,6057.723134,7781.51065738,5653.32871803,5587.18257865
附件一（训练集）.xlsx|材料2|1188,0,33198.03612,34803.9466887,32335.7883615,32737.4440815
附件一（训练集）.xlsx|材料2|1189,3,57566.65065,59158.9500355,59744.2316749,60577.1568257
附件一（训练集）.xlsx|材料2|119,1,2688.848878,2190.050278,2287.26325623,2190.5844886
附件一（训练集）.xlsx|材料2|1190,4,305996.1481,266077.005095,295865.360491,271708.508188
附件一（训练集）.xlsx|材料2|1191,1,528988.8295,525640.903302,510032.279214,510305.083574
附件一（训练集）.xlsx|材料2|1192,3,893854.9673,854826.693398,778847.52652,826416.745608
附件一（训练集）.xlsx|材料2|1193,2,1524252.356,1349529.46535,1500678.19542,1461939.13363
附件一（训练集）.xlsx|材料2|1194,0,3512.895821,4592.23287714,3890.126731,3934.54555834
附件一（训练集）.xlsx|材料2|1195,2,5982.681033,9112.83390984,6560.74839043,6295.76429214
附件一（训练集）.xlsx|材料2|1196,0,52506.54744,67177.6878476,51448.6245028,50573.0549368
附件一（训练集）.xlsx|材料2|1197,2,155617.2592,169197.479274,153923.69494,159615.59889
附件一（训练集）.xlsx|材料2|1198,1,271226.0972,284928.734702,269800.041769,265750.273752
附件一（训练集）.xlsx|材料2|1199,3,797631.2924,786308.596024,750241.898773,735685.010529
附件一（训练集）.xlsx|材料2|12,1,9298.995381,8953.8428375,9123.78575856,8982.62350513
附件一（训练集）.xlsx|材料2|120,2,4905.941355,4048.36486287,4717.01932065,4474.61823209
附件一（训练集）.xlsx|材料2|1200,0,6174.852535,6133.2383879,6177.18575189,6388.17134
附件一（训练集）.xlsx|材料2|1201,0,17172.93714,18122.8782291,18833.9022694,18353.1103827
附件一（训练集）.xlsx|材料2|1202,2,29196.02857,30063.7719578,29096.0799841,28481.9529718
附件一（训练集）.xlsx|材料2|1203,2,241114.1253,278257.730867,236662.399483,231729.635743
附件一（训练集）.xlsx|材料2|1204,1,415704.4177,439183.113828,425461.926934,434577.100541
附件一（训练集）.xlsx|材料2|1205,3,1208299.687,1111277.49323,1137925.55651,1181809.26109
附件一（训练集）.xlsx|材料2|1206,2,11035.96708,10674.0535965,10078.8540916,10746.5274412
附件一（训练集）.xlsx|材料2|1207,0,18117.33158,17149.0464963,19904.2927527,19328.0688472
附件一（训练集）.xlsx|材料2|1208,2,49832.7595,42508.8646291,50835.689955,52240.4757725
附件一（训练集）.xlsx|材料2|1209,3,83393.74125,60864.7857138,89452.1428398,98762.886561
附件一（训练集）.xlsx|材料2|121,1,9004.269556,9471.0350343,8424.84304911,8781.65682536
附件一（训练集）.xlsx|材料2|1210,0,138697.9917,139204.279505,132631.924788,132363.483473
附件一（训练集）.xlsx|材料2|1211,3,1131315.805,846939.036795,1100172.51056,1186319.83571
附件一（训练集）.xlsx|材料2|1212,3,21720.26979,20027.2443374,22158.1107172,22433.3490255
附件一（训练集）.xlsx|材料2|1213,0,36610.62093,33237.1858482,35164.4287628,33379.8955173
附件一（训练集）.xlsx|材料2|1214,1,297031.4808,295456.438494,311910.438601,307028.32552
附件一（训练集）.xlsx|材料2|1215,0,500604.9612,476201.064527,487322.375178,480848.802353
附件一（训练集）.xlsx|材料2|1216,0,846597.6758,757358.120234,771964.945627,792616.346235
附件一（训练集）.xlsx|材料2|1217,0,83896.24026,84621.1219505,82985.8686265,79327.757052
附件一（训练集）.xlsx|材料2|1218,4,143621.7609,135711.695579,141880.930668,140956.311373
附件一（训练集）.xlsx|材料2|1219,3,244685.0117,243934.715953,251572.497443,246175.615929
附件一（训练集）.xlsx|材料2|122,1,15747.54327,16144.4898429,16070.4633237,16278.8833711
附件一（训练集）.xlsx|材料2|1220,3,1192096.181,1108434.53668,1143105.27527,1120655.64331
附件一（训练集）.xlsx|材料2|1221,2,20653.7789,17173.2123002,17933.5005942,18172.3605027
附件一（训练集）.xlsx|材料2|1222,1,63770.04092,67708.3624642,67184.7295988,62923.3460351
附件一（训练集）.xlsx|材料2|1223,4,187497.7188,195155.345683,193405.965275,197568.199713
附件一（训练集）.xlsx|材料2|1224,3,314671.7734,334062.791309,323019.382631,327959.047705
附件一（训练集）.xlsx|材料2|1225,3,1547280.278,1513261.1692,1486753.6015,1513473.4812
附件一（训练集）.xlsx|材料2|1226,0,15760.70359,19481.987251,14343.4853164,15082.838844
附件一（训练集）.xlsx|材料2|1227,3,733785.9698,899509.555621,814157.993319,794785.645257
附件一（训练集）.xlsx|材料2|1228,0,1243386.957,1382150.94055,1214746.55146,1212149.34435
附件一（训练集）.xlsx|材料2|1229,0,2104687.969,2148904.0968,1949676.71348,2115605.53227
附件一（训练集）.xlsx|材料2|123,4,27529.31012,27596.974862,27239.2014787,27731.2551422
附件一（训练集）.xlsx|材料2|1230,3,6679.413878,5753.43089707,7181.640262,6426.05444734
附件一（训练集）.xlsx|材料2|1231,1,21654.89918,18401.6878196,23274.0266641,22279.6090675
附件一（训练集）.xlsx|材料2|1232,2,38549.20718,33956.1017704,38377.8631134,35823.4397102
附件一（训练集）.xlsx|材料2|1233,2,122242.3211,122752.14114,118690.87264,111667.87134
附件一（训练集）.xlsx|材料2|1234,1,1720756.091,1677254.71587,1662353.6356,1657730.05969
附件一（训练集）.xlsx|材料2|1235,3,9054.864946,12668.293251,8747.43679405,8715.1719216
附件一（训练集）.xlsx|材料2|1236,1,16771.69652,20126.6384524,17815.1619402,16346.6908144
附件一（训练集）.xlsx|材料2|1237,2,168912.6094,186698.458079,179082.725338,171466.734827
附件一（训练集）.xlsx|材料2|1238,2,288584.8745,297739.798402,280879.734133,271168.45088
附件一（训练集）.xlsx|材料2|1239,3,498838.9079,660316.811674,522500.724813,531309.40862
附件一（训练集）.xlsx|材料2|124,1,49400.29542,47545.4041641,46258.5159949,44807.3456097
附件一（训练集）.xlsx|材料2|1240,2,846480.0222,969617.926252,872049.111515,855119.97637
附件一（训练集）.xlsx|材料2|1241,1,2425793.082,2242070.37512,2224139.57582,2084853.10533
附件一（训练集）.xlsx|材料2|1242,3,13905.58887,18755.3389383,14926.7353557,13829.4535931
附件一（训练集）.xlsx|材料2|1243,0,24507.47017,30396.0344095,25897.5740068,24417.4799692
附件一（训练集）.xlsx|材料2|1244,3,44280.00525,54677.6805617,44979.7595732,43880.2711424
附件一（训练集）.xlsx|材料2|1245,3,79910.3954,99776.9105923,85620.9154942,86862.4876613
附件一（训练集）.xlsx|材料2|1246,2,141037.4072,177280.123644,139286.753453,135257.723226
附件一（训练集）.xlsx|材料2|1247,4,244314.0991,257791.458084,253531.354448,234898.856327
附件一（训练集）.xlsx|材料2|1248,3,726341.4576,853008.509714,718783.045183,698735.838428
附件一（训练集）.xlsx|材料2|1249,2,1221737.085,1338323.1805,1197203.00561,1203443.30842
附件一（训练集）.xlsx|材料2|125,0,153289.972,155658.578963,157926.26539,154532.179514
附件一（训练集）.xlsx|材料2|1250,4,2072256.376,2108382.10668,1886220.30398,1912328.87741
附件一（训练集）.xlsx|材料2|1251,2,4138.755747,4713.37008563,4173.53775251,3986.24686163
附件一（训练集）.xlsx|材料2|1252,0,37889.07879,40674.3839549,40049.4585577,40222.0647548
附件一（训练集）.xlsx|材料2|1253,4,361527.4975,490019.585613,438740.919145,447839.888704
附件一（训练集）.xlsx|材料2|1254,3,621563.5577,598060.776091,632944.26,601591.300928
附件一（训练集）.xlsx|材料2|1255,2,1054923.659,1059149.1466,1022504.88224,1066809.48938
附件一（训练集）.xlsx|材料2|1256,2,1793938.918,1649116.85227,1659487.78618,1611610.87912
附件一（训练集）.xlsx|材料2|1257,0,4159.956078,4821.38491952,4723.34049752,4732.12887946
附件一（训练集）.xlsx|材料2|1258,2,6870.858654,10377.775822,7130.6293529,6931.85806653
附件一（训练集）.xlsx|材料2|1259,2,19988.65675,18240.2988383,20411.9360199,19746.8631283
附件一（训练集）.xlsx|材料2|126,4,257192.9198,247550.820516,271534.295806,269360.315056
附件一（训练集）.xlsx|材料2|1260,4,35200.69911,30210.685335,36103.4665454,37137.4069342
附件一（训练集）.xlsx|材料2|1261,0,61772.5916,53731.378945,62238.4677262,61672.6560896
附件一（训练集）.xlsx|材料2|1262,1,323107.493,491102.693427,309040.012293,320740.422105
附件一（训练集）.xlsx|材料2|1263,4,558336.0511,532737.599043,565896.848546,586115.903711
附件一（训练集）.xlsx|材料2|1264,3,946587.5768,869954.415093,962045.137043,944641.698148
附件一（训练集）.xlsx|材料2|1265,2,1622241.134,1597646.82426,1598229.77839,1550287.99988
附件一（训练集）.xlsx|材料2|1266,0,12224.9601,17149.0464963,12529.7607968,12016.272258
附件一（训练集）.xlsx|材料2|1267,2,34147.16747,46834.9062385,34861.2629426,35366.6794576
附件一（训练集）.xlsx|材料2|1268,0,169113.4591,186545.371455,173558.81828,166571.768489
附件一（训练集）.xlsx|材料2|1269,1,293847.8121,428901.198234,299095.395933,291860.026067
附件一（训练集）.xlsx|材料2|127,1,770199.4405,778902.979874,777993.415336,775617.471115
附件一（训练集）.xlsx|材料2|1270,1,1467019.728,1485858.31749,1407648.2177,1438669.91174
附件一（训练集）.xlsx|材料2|1271,0,35016.60992,33132.336297,36685.8111634,36838.385313
附件一（训练集）.xlsx|材料2|1272,1,98403.54797,89549.6411523,92761.1601333,87626.9085298
附件一（训练集）.xlsx|材料2|1273,1,278503.737,282570.190987,293821.475444,292820.172546
附件一（训练集）.xlsx|材料2|1274,0,471617.3226,476165.996552,470055.52085,474156.042946
附件一（训练集）.xlsx|材料2|1275,0,798044.2081,799969.199821,765747.8049,745916.537718
附件一（训练集）.xlsx|材料2|1276,1,26996.13867,23653.9935867,24942.7382923,25729.124943
附件一（训练集）.xlsx|材料2|1277,1,47745.01652,52291.378932,45856.0569506,46222.6490002
附件一（训练集）.xlsx|材料2|1278,0,78147.52647,82928.1750834,79135.469662,81395.3233843
附件一（训练集）.xlsx|材料2|1279,4,131923.3996,135649.846108,131655.683358,128076.192076
附件一（训练集）.xlsx|材料2|128,4,1343.918722,1078.68660091,1097.91127966,1022.8763622
附件一（训练集）.xlsx|材料2|1280,3,221688.0958,228258.076448,237769.801182,226587.750635
附件一（训练集）.xlsx|材料2|1281,4,375449.1615,385049.353166,382198.530454,373636.596676
附件一（训练集）.xlsx|材料2|1282,4,633617.6883,658527.185116,643441.149531,640076.957093
附件一（训练集）.xlsx|材料2|1283,3,1082055.514,1102104.43604,1170496.66763,1069049.84331
附件一（训练集）.xlsx|材料2|1284,2,19852.66029,16431.6177573,16794.2442583,17396.3786293
附件一（训练集）.xlsx|材料2|1285,1,35980.71329,41916.1117249,39744.6520281,38111.1942593
附件一（训练集）.xlsx|材料2|1286,1,59475.02248,55246.6877866,55815.9742661,54076.3419372
附件一（训练集）.xlsx|材料2|1287,4,173395.7454,178557.417773,167550.915038,173724.38012
附件一（训练集）.xlsx|材料2|1288,4,839880.2973,886975.462132,878028.67594,861443.961167
附件一（训练集）.xlsx|材料2|1289,3,1437027.426,1415373.58646,1364425.15397,1369663.97808
附件一（训练集）.xlsx|材料2|129,4,1954.532061,2264.93149649,2099.53430845,2163.43635969
附件一（训练集）.xlsx|材料2|1290,1,27309.06681,31808.64083,26881.997704,28714.0184745
附件一（训练集）.xlsx|材料2|1291,3,46134.50905,50969.287613,47760.1729317,46431.7139033
附件一（训练集）.xlsx|材料2|1292,1,81425.0695,102606.670702,77690.835762,84293.2428169
附件一（训练集）.xlsx|材料2|1293,3,238149.8584,332329.047913,257041.499609,253879.779666
附件一（训练集）.xlsx|材料2|1294,1,398420.8228,504893.98056,430654.603701,410614.867196
附件一（训练集）.xlsx|材料2|1295,3,677090.8931,897289.018996,780493.802447,786530.908391
附件一（训练集）.xlsx|材料2|1296,0,1987012.997,2238009.01424,1895961.19519,2024935.52133
附件一（训练集）.xlsx|材料2|1297,1,11094.74381,9333.70736135,11484.3271361,10811.3815827
附件一（训练集）.xlsx|材料2|1298,2,35264.7591,36334.039379,34621.3680956,33654.2238685
附件一（训练集）.xlsx|材料2|1299,1,63378.41592,55141.8003933,66109.1600064,66047.5293545
附件一（训练集）.xlsx|材料2|13,1,28373.71069,28708.0230654,28038.6837424,28148.1559785
附件一（训练集）.xlsx|材料2|130,1,3486.240742,2665.40282845,2830.05095264,2873.60273913
附件一（训练集）.xlsx|材料2|1300,2,110502.7778,117803.298816,108019.789417,103462.636359
附件一（训练集）.xlsx|材料2|1301,2,192120.5929,214570.007619,186719.327799,173441.655255
附件一（训练集）.xlsx|材料2|1302,0,927661.2315,984218.013815,934547.120383,966630.270487
附件一（训练集）.xlsx|材料2|1303,0,2750045.773,2828234.65221,2558918.77192,2707187.18725
附件一（训练集）.xlsx|材料2|1304,3,8493.822896,8857.26512873,7329.00351037,7282.24404538
附件一（训练集）.xlsx|材料2|1305,1,15704.79192,18221.7060764,15264.9130359,14769.0854327
附件一（训练集）.xlsx|材料2|1306,1,27400.39436,30231.2482441,27537.4987168,26123.6279991
附件一（训练集）.xlsx|材料2|1307,1,87386.01644,104107.60868,96229.311635,96201.9067524
附件一（训练集）.xlsx|材料2|1308,2,155213.5174,186698.458079,159751.204252,151994.13047
附件一（训练集）.xlsx|材料2|1309,2,264817.785,316714.383176,261892.55699,253329.690231
附件一（训练集）.xlsx|材料2|131,1,6524.559688,6279.45229191,5666.43382402,5900.46613413
附件一（训练集）.xlsx|材料2|1310,3,455287.5829,588947.092353,471100.186235,463229.901892
附件一（训练集）.xlsx|材料2|1311,2,767976.5068,969617.926252,803734.304867,781005.729996
附件一（训练集）.xlsx|材料2|1312,0,1307223.049,1517195.90268,1312521.15261,1443610.19604
附件一（训练集）.xlsx|材料2|1313,1,2234660.868,2313558.98021,2278176.75942,2105523.92984
附件一（训练集）.xlsx|材料2|1314,1,6937.600673,10306.5723436,7190.61463441,6577.51576158
附件一（训练集）.xlsx|材料2|1315,3,39771.61604,54677.6805617,41044.923767,37420.8377097
附件一（训练集）.xlsx|材料2|1316,3,70612.03186,98130.7206899,70896.7548048,68969.0279304
附件一（训练集）.xlsx|材料2|1317,2,1112709.57,1340531.7934,1120417.06097,1139282.20615
附件一（训练集）.xlsx|材料2|1318,4,1883035.156,2108382.10668,1844448.69351,1870382.0442
附件一（训练集）.xlsx|材料2|1319,4,18568.52323,18779.2688464,18267.4762707,18772.4057052
附件一（训练集）.xlsx|材料2|132,1,11827.22206,11415.2656916,11264.1686341,11865.0106461
附件一（训练集）.xlsx|材料2|1320,0,33171.79804,36520.999937,34044.5999052,33405.3756386
附件一（训练集）.xlsx|材料2|1321,2,104784.7301,106757.945488,105994.957418,107910.11035
附件一（训练集）.xlsx|材料2|1322,1,184122.1132,199265.507375,203853.022315,189890.535335
附件一（训练集）.xlsx|材料2|1323,4,323265.8195,348532.858373,344717.986876,359710.586338
附件一（训练集）.xlsx|材料2|1324,3,555631.8121,598060.776091,596175.345528,564747.109111
附件一（训练集）.xlsx|材料2|1325,2,958287.5175,1039483.51702,957786.290659,986659.178528
附件一（训练集）.xlsx|材料2|1326,2,1435326.055,1531147.02957,1369128.1447,1362448.04179
附件一（训练集）.xlsx|材料2|1327,2,5854.587267,10674.0535965,6520.71620777,6537.33147523
附件一（训练集）.xlsx|材料2|1328,0,16598.32259,37632.8886637,17099.9411446,17708.3288069
附件一（训练集）.xlsx|材料2|1329,0,85930.57893,110010.511132,84039.6157375,84178.1860349
附件一（训练集）.xlsx|材料2|133,4,20739.60536,17650.5018332,20841.4509309,18933.2232301
附件一（训练集）.xlsx|材料2|1330,0,147545.5727,206713.326305,142674.270261,143184.918578
附件一（训练集）.xlsx|材料2|1331,4,16918.81447,12427.955361,17575.73805,17707.6509163
附件一（训练集）.xlsx|材料2|1332,0,4352.776695,4727.46699874,4770.55278397,4390.17082138
附件一（训练集）.xlsx|材料2|1333,2,7604.382436,7106.76768001,7772.68062241,8044.67030254
附件一（训练集）.xlsx|材料2|1334,2,12977.85527,9689.81961242,13751.3999106,14043.6648215
附件一（训练集）.xlsx|材料2|1335,1,22624.92893,15220.7119057,24635.0817893,24550.2741956
附件一（训练集）.xlsx|材料2|1336,4,118009.0313,74382.0508673,103259.958575,104190.67201
附件一（训练集）.xlsx|材料2|1337,3,2742.611034,2747.2516973,3077.74785313,2826.18500246
附件一（训练集）.xlsx|材料2|1338,3,4391.168204,4437.64067266,4061.2836066,4109.72041513
附件一（训练集）.xlsx|材料2|1339,0,7593.024883,6226.12436835,7554.67156109,7352.97061782
附件一（训练集）.xlsx|材料2|134,3,37278.15103,33717.8648394,40075.855783,42711.4019384
附件一（训练集）.xlsx|材料2|1340,0,12706.39085,10525.1463132,11792.6549823,11836.9052251
附件一（训练集）.xlsx|材料2|1341,0,21614.872,17030.8307225,21848.8099391,21772.4589191
附件一（训练集）.xlsx|材料2|1342,4,107053.5536,100225.947841,106694.014245,102446.684532
附件一（训练集）.xlsx|材料2|1343,4,185669.7274,182790.460277,204897.184661,210023.859827
附件一（训练集）.xlsx|材料2|1344,0,554681.3077,422585.875489,559897.407743,584590.348503
附件一（训练集）.xlsx|材料2|1345,0,950183.71,734436.046071,885909.646862,881829.404457
附件一（训练集）.xlsx|材料2|1346,4,7635.618019,4729.04240336,7850.68965199,8036.20293677
附件一（训练集）.xlsx|材料2|1347,4,12423.37421,8261.03002193,13169.9472428,12493.6188537
附件一（训练集）.xlsx|材料2|1348,0,20749.27593,12859.0659566,19045.3703423,20417.6116445
附件一（训练集）.xlsx|材料2|1349,4,166477.3697,105117.032856,182879.361653,189844.987499
附件一（训练集）.xlsx|材料2|135,2,121942.0472,121858.075851,128707.274667,131851.51469
附件一（训练集）.xlsx|材料2|1350,4,488487.3545,311233.765113,516317.860149,494715.124358
附件一（训练集）.xlsx|材料2|1351,4,836236.8425,441196.691654,818635.476203,810564.372114
附件一（训练集）.xlsx|材料2|1352,0,4813.772483,3892.89721975,4388.71935133,5244.30650362
附件一（训练集）.xlsx|材料2|1353,0,13118.00747,8071.33601135,11830.5039842,13111.9916028
附件一（训练集）.xlsx|材料2|1354,3,21596.96126,16033.7688379,19445.1615528,19065.2068271
附件一（训练集）.xlsx|材料2|1355,0,35659.24074,28181.0848894,31068.398645,33306.3122944
附件一（训练集）.xlsx|材料2|1356,2,58595.30158,27076.3445131,58233.3162842,56792.9834013
附件一（训练集）.xlsx|材料2|1357,0,97225.58019,49524.5005696,91856.1170322,95482.7939819
附件一（训练集）.xlsx|材料2|1358,0,270102.1753,172706.22547,251706.837983,270462.249666
附件一（训练集）.xlsx|材料2|1359,4,460629.0787,287122.977697,421396.683997,406879.110862
附件一（训练集）.xlsx|材料2|136,2,203115.9355,211418.8221,220411.977858,226022.405715
附件一（训练集）.xlsx|材料2|1360,1,8777.322807,5414.0670122,8370.99750414,8708.58194764
附件一（训练集）.xlsx|材料2|1361,1,14036.14291,14398.125867,15250.5628395,14692.3414605
附件一（训练集）.xlsx|材料2|1362,0,22686.45478,17729.5614992,22807.9895625,24151.5234117
附件一（训练集）.xlsx|材料2|1363,3,37390.83939,29260.7309396,36933.47689,36947.9529667
附件一（训练集）.xlsx|材料2|1364,0,99023.86313,69924.3192505,89426.8940464,96604.9079758
附件一（训练集）.xlsx|材料2|1365,1,161951.416,162371.96093,173172.555293,177731.020739
附件一（训练集）.xlsx|材料2|1366,0,266721.7891,214914.318104,272065.374307,259792.288429
附件一（训练集）.xlsx|材料2|1367,4,447863.289,303001.007842,468196.841471,468487.49013
附件一（训练集）.xlsx|材料2|1368,2,748927.6579,578360.140742,648990.77521,645616.187374
附件一（训练集）.xlsx|材料2|1369,1,15210.53957,13202.7989231,15201.4496593,14591.2509432
附件一（训练集）.xlsx|材料2|137,4,369071.8083,380852.714594,370129.224788,361859.146601
附件一（训练集）.xlsx|材料2|1370,0,24599.61912,20884.9431932,22895.7702854,23662.3129246
附件一（训练集）.xlsx|材料2|1371,3,64186.34021,60484.6321285,64812.3177047,63929.8921564
附件一（训练集）.xlsx|材料2|1372,0,102360.3515,93501.7601023,91266.1141465,96609.2728678
附件一（训练集）.xlsx|材料2|1373,1,167639.0301,174787.220551,172744.812562,171805.515399
附件一（训练集）.xlsx|材料2|1374,0,273543.6433,269156.650593,272410.035785,279963.234311
附件一（训练集）.xlsx|材料2|1375,4,452455.4086,365279.647959,417112.027865,424130.255701
附件一（训练集）.xlsx|材料2|1376,2,745665.989,538510.53155,718016.470997,691689.932866
附件一（训练集）.xlsx|材料2|1377,4,66381.39787,45315.2267025,60709.7926392,62452.6698631
附件一（训练集）.xlsx|材料2|1378,3,445120.5821,287168.670938,427080.862313,422125.421069
附件一（训练集）.xlsx|材料2|1379,1,6600.885512,6787.70378846,5868.28392849,6337.29884614
附件一（训练集）.xlsx|材料2|138,2,628888.0944,595197.236766,588380.34312,589700.023989
附件一（训练集）.xlsx|材料2|1380,1,65829.30596,64855.1709723,66280.7388701,65103.9558177
附件一（训练集）.xlsx|材料2|1381,3,113651.457,104690.438265,98137.2215515,102623.517206
附件一（训练集）.xlsx|材料2|1382,2,351567.0582,341489.1317,341043.52146,335007.858818
附件一（训练集）.xlsx|材料2|1383,2,619703.9552,623665.531474,567306.69152,598907.792818
附件一（训练集）.xlsx|材料2|1384,4,4850.424895,4454.76652756,4481.93331166,4258.25905331
附件一（训练集）.xlsx|材料2|1385,1,8849.880304,8083.67209701,8556.48903119,8906.85515321
附件一（训练集）.xlsx|材料2|1386,4,15437.5091,13338.7401085,15885.4894735,15240.6232102
附件一（训练集）.xlsx|材料2|1387,2,27698.58253,23777.1743522,29301.2271139,30324.9697395
附件一（训练集）.xlsx|材料2|1388,1,88735.79369,78352.1766974,85879.0983041,85846.5521291
附件一（训练集）.xlsx|材料2|1389,2,270919.8128,232653.862911,246212.649017,252529.680153
附件一（训练集）.xlsx|材料2|139,4,2632.314027,2426.75946898,2316.38102353,2104.16453185
附件一（训练集）.xlsx|材料2|1390,2,475251.0864,441654.649753,481986.550475,462275.491009
附件一（训练集）.xlsx|材料2|1391,4,844525.9221,807577.347147,856577.782669,880821.067232
附件一（训练集）.xlsx|材料2|1392,3,1464964.543,1312052.41019,1340579.20398,1455698.90593
附件一（训练集）.xlsx|材料2|1393,0,3943.164632,4893.28424354,3721.20162452,3789.53395533
附件一（训练集）.xlsx|材料2|1394,2,7204.031847,7598.88421037,6424.36657244,6294.33526702
附件一（训练集）.xlsx|材料2|1395,4,22527.51936,21682.4547951,22676.3430604,23845.8215074
附件一（训练集）.xlsx|材料2|1396,2,41450.87239,41137.4941195,39824.760339,39566.838971
附件一（训练集）.xlsx|材料2|1397,2,72872.24518,73761.9873042,72545.0339719,72656.1480323
附件一（训练集）.xlsx|材料2|1398,0,127606.2803,121650.046575,136088.551899,133327.299026
附件一（训练集）.xlsx|材料2|1399,2,222863.744,225045.127294,228853.666055,229830.854262
附件一（训练集）.xlsx|材料2|14,0,48104.4261,44082.5172771,48962.8048065,48074.739077
附件一（训练集）.xlsx|材料2|140,3,8908.476494,7794.58532129,8217.18817664,8253.94110941
附件一（训练集）.xlsx|材料2|1400,2,390418.3873,387069.482101,394531.253025,414657.393268
附件一（训练集）.xlsx|材料2|1401,1,685819.5881,647803.968603,726164.254516,695260.78111
附件一（训练集）.xlsx|材料2|1402,1,1191470.13,1120513.58079,1163841.14759,1120762.63144
附件一（训练集）.xlsx|材料2|1403,4,3507.067729,4475.13141179,3295.84965618,3396.114116
附件一（训练集）.xlsx|材料2|1404,4,329295.5605,315716.223984,309119.257535,322518.813422
附件一（训练集）.xlsx|材料2|1405,0,577911.802,530223.968397,621186.055442,553734.222148
附件一（训练集）.xlsx|材料2|1406,1,1742358.471,1737811.78342,1646119.36741,1655663.93794
附件一（训练集）.xlsx|材料2|1407,0,9866.120875,9351.65195983,9799.01020679,10212.5104342
附件一（训练集）.xlsx|材料2|1408,0,17260.83766,16858.225515,17487.8894567,17519.6508854
附件一（训练集）.xlsx|材料2|1409,0,30937.89243,31790.482965,30403.5699767,31273.9069549
附件一（训练集）.xlsx|材料2|141,3,28725.77905,27101.1805738,28810.1333314,30080.0989412
附件一（训练集）.xlsx|材料2|1410,4,92653.97738,93234.5432959,95578.178366,94567.26584
附件一（训练集）.xlsx|材料2|1411,4,162112.2618,144454.67297,155263.897655,158479.395373
附件一（训练集）.xlsx|材料2|1412,4,282091.958,245183.698716,278198.673542,277877.046256
附件一（训练集）.xlsx|材料2|1413,4,495543.9865,447712.318681,479584.834525,474085.533491
附件一（训练集）.xlsx|材料2|1414,3,1478806.956,1271585.30785,1462874.81021,1480892.16525
附件一（训练集）.xlsx|材料2|1415,0,5859.853876,7760.65638153,6848.13533897,6753.06669997
附件一（训练集）.xlsx|材料2|1416,3,9917.97408,11451.840082,10654.2032002,10275.7969385
附件一（训练集）.xlsx|材料2|1417,2,29359.41863,28554.4937298,26337.1953157,29164.4968827
附件一（训练集）.xlsx|材料2|1418,0,50244.55903,51153.3720537,55382.4290878,57962.0492884
附件一（训练集）.xlsx|材料2|1419,2,84920.85988,84027.8664215,92880.1666214,98050.3155122
附件一（训练集）.xlsx|材料2|142,3,53320.65124,54604.5128321,54501.7141345,53735.2791881
附件一（训练集）.xlsx|材料2|1420,0,146602.4589,146579.089067,129475.823791,133640.154882
附件一（训练集）.xlsx|材料2|1421,0,1312538.939,1078034.68361,1274952.66931,1197246.40839
附件一（训练集）.xlsx|材料2|1422,1,3674.016779,4147.86845938,4089.47828578,3859.00116314
附件一（训练集）.xlsx|材料2|1423,1,6157.598617,8485.03358907,6330.86053558,6210.36661539
附件一（训练集）.xlsx|材料2|1424,3,29209.44197,44875.7110752,40474.6728186,40052.2475964
附件一（训练集）.xlsx|材料2|1425,0,49031.62576,36851.1261937,41946.9419523,38348.9094155
附件一（训练集）.xlsx|材料2|1426,1,82564.82815,101618.94923,86011.3767767,85407.8717885
附件一（训练集）.xlsx|材料2|1427,0,138550.2934,153748.800019,143384.985538,140926.682963
附件一（训练集）.xlsx|材料2|1428,4,236710.9147,254537.605994,227807.818309,231692.744074
附件一（训练集）.xlsx|材料2|1429,1,694383.5381,705154.508309,703424.818162,711844.955158
附件一（训练集）.xlsx|材料2|143,4,166517.9997,170610.133599,169851.603189,169527.764485
附件一（训练集）.xlsx|材料2|1430,1,10838.57742,11091.5250767,10542.5781135,11172.7172343
附件一（训练集）.xlsx|材料2|1431,0,17875.95943,18410.0622665,17838.717288,18945.5084903
附件一（训练集）.xlsx|材料2|1432,1,135027.2675,159664.256585,119645.953245,125525.078839
附件一（训练集）.xlsx|材料2|1433,0,223396.5185,239279.540053,227767.827626,227267.074194
附件一（训练集）.xlsx|材料2|1434,4,379885.0736,375962.513587,370763.572401,364438.487189
附件一（训练集）.xlsx|材料2|1435,4,12023.33634,10671.4248414,11384.1281483,10993.4614347
附件一（训练集）.xlsx|材料2|1436,0,19662.17696,18000.376291,19546.5031648,19445.4903089
附件一（训练集）.xlsx|材料2|1437,4,32247.86426,31221.1668198,32753.8314102,33462.3911925
附件一（训练集）.xlsx|材料2|1438,1,52007.6529,40681.2524633,51883.6628364,50115.1397859
附件一（训练集）.xlsx|材料2|1439,4,138641.5637,135201.489334,137163.539539,145230.204706
附件一（训练集）.xlsx|材料2|144,2,301780.0383,279780.884737,299378.79885,297826.707003
附件一（训练集）.xlsx|材料2|1440,3,228625.9858,225645.119606,229638.868731,224769.495771
附件一（训练集）.xlsx|材料2|1441,2,377343.5117,301172.228965,380755.602541,382769.174494
附件一（训练集）.xlsx|材料2|1442,3,625698.7771,462088.064926,638335.920312,615607.719167
附件一（训练集）.xlsx|材料2|1443,1,1054885.335,1019209.27857,1025564.50019,1025746.77599
附件一（训练集）.xlsx|材料2|1444,3,13603.56635,12462.2354205,13117.9043859,12645.687507
附件一（训练集）.xlsx|材料2|1445,4,41903.20233,41076.2954683,42306.6294214,42308.956828
附件一（训练集）.xlsx|材料2|1446,0,124799.0414,125792.57292,122247.236474,120812.482826
附件一（训练集）.xlsx|材料2|1447,2,387848.2573,392405.736638,416135.057748,410958.946117
附件一（训练集）.xlsx|材料2|1448,4,10463.74742,9537.23981451,10138.4402271,10088.6321268
附件一（训练集）.xlsx|材料2|1449,2,32173.92672,31365.3991298,34258.0921731,33089.4857903
附件一（训练集）.xlsx|材料2|145,0,514213.1637,520043.740928,510198.016368,510635.135499
附件一（训练集）.xlsx|材料2|1450,1,55389.48778,54072.1628269,57716.9609299,54147.7109611
附件一（训练集）.xlsx|材料2|1451,4,531692.2851,525546.052275,535951.967574,550216.651441
附件一（训练集）.xlsx|材料2|1452,1,7614.940062,8014.9773704,7876.95072923,8210.70053831
附件一（训练集）.xlsx|材料2|1453,4,13066.36063,12671.6048827,12245.6778286,10934.5110967
附件一（训练集）.xlsx|材料2|1454,2,24052.59043,23123.506277,24550.4843905,24467.2301874
附件一（训练集）.xlsx|材料2|1455,1,74905.4599,75558.6887397,73796.951859,74998.3512227
附件一（训练集）.xlsx|材料2|1456,3,132194.6071,132329.691158,134732.849553,136602.548204
附件一（训练集）.xlsx|材料2|1457,2,402947.2914,441654.649753,399694.969826,393294.076968
附件一（训练集）.xlsx|材料2|1458,4,720158.2966,723512.419029,743544.947432,744831.000548
附件一（训练集）.xlsx|材料2|1459,3,1278629.394,1312052.41019,1268370.47892,1322247.0471
附件一（训练集）.xlsx|材料2|146,0,1171.120596,1285.0898444,1246.93805468,1259.25195698
附件一（训练集）.xlsx|材料2|1460,2,5959.087999,7422.78709816,5384.98107703,5301.90025531
附件一（训练集）.xlsx|材料2|1461,0,18797.76546,25372.7861075,21093.3935903,21135.2479327
附件一（训练集）.xlsx|材料2|1462,2,33254.74131,34529.65107,32648.2683258,32610.4187842
附件一（训练集）.xlsx|材料2|1463,2,324245.8415,387069.482101,325425.511047,308057.382589
附件一（训练集）.xlsx|材料2|1464,1,1015169.901,1062949.22873,1042814.97032,1015238.19406
附件一（训练集）.xlsx|材料2|1465,4,1775589.124,1851797.60241,1819704.94061,1835996.50455
附件一（训练集）.xlsx|材料2|1466,0,4818.999325,4936.51984075,4934.35369336,4661.83985508
附件一（训练集）.xlsx|材料2|1467,0,15259.91957,15991.1175309,16346.3217586,16209.1816143
附件一（训练集）.xlsx|材料2|1468,4,153903.3929,163021.040202,153041.201928,152315.606674
附件一（训练集）.xlsx|材料2|1469,2,2554393.465,2359513.59523,2434523.63004,2330732.50903
附件一（训练集）.xlsx|材料2|147,3,2072.058636,1912.3852863,1938.90352248,1909.30334102
附件一（训练集）.xlsx|材料2|1470,0,7107.465369,8442.55138463,6449.27983325,6375.62198474
附件一（训练集）.xlsx|材料2|1471,0,12865.8509,16198.4526772,11812.5234926,11069.7080576
附件一（训练集）.xlsx|材料2|1472,0,22623.7896,29428.2633262,23087.4384763,23687.2653778
附件一（训练集）.xlsx|材料2|1473,4,72669.04453,93234.5432959,71480.0641242,71217.7501522
附件一（训练集）.xlsx|材料2|1474,4,128129.6002,150366.669816,127716.782135,124264.708282
附件一（训练集）.xlsx|材料2|1475,4,222920.5057,242734.177531,221525.375273,228927.464299
附件一（训练集）.xlsx|材料2|1476,3,1182788.633,1273125.4111,1196741.15917,1104808.14928
附件一（训练集）.xlsx|材料2|1477,1,2073884.436,1887270.99453,1878953.22241,1858175.1506
附件一（训练集）.xlsx|材料2|1478,0,4015.368703,6686.6711082,4153.5755519,3923.02141155
附件一（训练集）.xlsx|材料2|1479,3,6707.707448,10528.6751318,6718.00024708,6623.41557438
附件一（训练集）.xlsx|材料2|148,1,6905.895227,5801.63571192,6868.3929296,6773.19797542
附件一（训练集）.xlsx|材料2|1480,0,11928.43175,16040.1514397,13255.5292596,13203.8362436
附件一（训练集）.xlsx|材料2|1481,0,36420.71005,47182.7869626,38883.6463002,37353.1361897
附件一（训练集）.xlsx|材料2|1482,2,63960.39235,84027.8664215,66345.7112522,69701.7722515
附件一（训练集）.xlsx|材料2|1483,0,112202.5831,127292.799967,101804.007134,100694.27456
附件一（训练集）.xlsx|材料2|1484,4,598797.0951,623222.034864,590717.119097,623204.884854
附件一（训练集）.xlsx|材料2|1485,0,1026751.082,998924.771082,1028022.52282,1015024.80007
附件一（训练集）.xlsx|材料2|1486,2,1778424.473,1666437.22134,1717422.29928,1717974.16768
附件一（训练集）.xlsx|材料2|1487,1,4100.621166,4106.61877317,4326.75783915,4442.78731907
附件一（训练集）.xlsx|材料2|1488,0,6700.10901,6839.77553714,6255.37154076,5979.03052717
附件一（训练集）.xlsx|材料2|1489,0,11591.51359,10025.8906378,11737.1997749,11709.2121283
附件一（训练集）.xlsx|材料2|149,3,42024.19603,44774.0262816,40264.2349415,43969.2116099
附件一（训练集）.xlsx|材料2|1490,0,34142.08332,35813.6942296,33519.6360342,34482.2176256
附件一（训练集）.xlsx|材料2|1491,1,59170.23917,55387.8370085,57921.4808039,57184.4500353
附件一（训练集）.xlsx|材料2|1492,2,304380.51,311794.650769,307698.570873,323958.683448
附件一（训练集）.xlsx|材料2|1493,3,901487.5145,867002.350022,843889.717336,860305.454471
附件一（训练集）.xlsx|材料2|1494,1,4406.652577,4514.61410455,4466.95336296,4648.63920761
附件一（训练集）.xlsx|材料2|1495,1,7128.199844,10084.8513101,6670.95678758,6745.10467512
附件一（训练集）.xlsx|材料2|1496,0,12139.80152,11399.7325967,11486.2207251,10643.1490579
附件一（训练集）.xlsx|材料2|1497,0,58484.99275,51119.6628453,57269.9929391,56081.8496579
附件一（训练集）.xlsx|材料2|1498,1,99180.55976,93441.6212433,107046.691045,98250.5333719
附件一（训练集）.xlsx|材料2|1499,0,165781.5913,153464.069723,163430.002671,169614.736587
附件一（训练集）.xlsx|材料2|15,2,129295.5572,125154.866358,127512.326931,128012.931235
附件一（训练集）.xlsx|材料2|150,3,78572.07043,86253.0316762,79810.9225861,84803.0670756
附件一（训练集）.xlsx|材料2|1500,4,286148.1766,269717.338151,282634.733615,277519.174742
附件一（训练集）.xlsx|材料2|1501,2,490641.9468,462049.631966,471687.40318,478619.575649
附件一（训练集）.xlsx|材料2|1502,1,835099.2859,800973.202179,829106.299811,856976.330775
附件一（训练集）.xlsx|材料2|1503,3,1435479.136,1310133.3105,1393518.23233,1369260.7512
附件一（训练集）.xlsx|材料2|1504,4,21850.23982,27977.701978,20562.8528603,19660.2907055
附件一（训练集）.xlsx|材料2|1505,3,164838.8432,181172.907402,164207.461355,173766.89328
附件一（训练集）.xlsx|材料2|1506,2,276490.2326,298367.96037,284944.571851,276501.197524
附件一（训练集）.xlsx|材料2|1507,3,465654.4814,459053.788449,455359.075647,444715.050042
附件一（训练集）.xlsx|材料2|1508,1,1334535.995,1307086.77915,1331658.47716,1346257.01449
附件一（训练集）.xlsx|材料2|1509,2,22414.47262,22806.1302059,22888.7649109,21505.1606266
附件一（训练集）.xlsx|材料2|151,0,135577.0677,146750.383849,132372.28782,137683.605487
附件一（训练集）.xlsx|材料2|1510,2,67259.71974,69769.9004689,65946.4986754,66915.6973709
附件一（训练集）.xlsx|材料2|1511,0,117745.9293,125075.194701,113577.520349,117301.637268
附件一（训练集）.xlsx|材料2|1512,2,366702.0221,381125.211501,378797.459314,381909.303853
附件一（训练集）.xlsx|材料2|1513,0,645864.9377,679899.374973,641432.411937,640619.050691
附件一（训练集）.xlsx|材料2|1514,2,17083.03474,15798.5026719,15463.4950647,14368.096087
附件一（训练集）.xlsx|材料2|1515,2,30830.01777,30966.8820239,29339.1081751,28389.1104367
附件一（训练集）.xlsx|材料2|1516,3,90996.72565,97804.7865166,94875.7142025,95282.6124014
附件一（训练集）.xlsx|材料2|1517,2,158672.6835,174820.418448,165163.366135,168522.869318
附件一（训练集）.xlsx|材料2|1518,2,280617.9455,301899.117148,284789.56633,284275.196878
附件一（训练集）.xlsx|材料2|1519,4,492536.6374,516408.716188,492225.941117,496809.159915
附件一（训练集）.xlsx|材料2|152,4,246699.1756,280622.43357,250849.881961,258754.251407
附件一（训练集）.xlsx|材料2|1520,3,882467.797,951892.031074,959477.349874,957863.958179
附件一（训练集）.xlsx|材料2|1521,4,12724.4085,12534.3945841,11977.8657025,11501.693108
附件一（训练集）.xlsx|材料2|1522,2,22996.25512,24486.4548712,22054.0694469,23102.0622711
附件一（训练集）.xlsx|材料2|1523,2,39390.74748,40336.1125791,36634.9736167,38473.9542023
附件一（训练集）.xlsx|材料2|1524,3,121317.1219,123067.475875,126559.206691,131081.459079
附件一（训练集）.xlsx|材料2|1525,2,214309.3051,232653.862911,207869.025241,204024.638165
附件一（训练集）.xlsx|材料2|1526,2,374849.6123,441654.649753,376620.382183,358728.266031
附件一（训练集）.xlsx|材料2|1527,4,669025.2976,723512.419029,685329.032772,672314.900018
附件一（训练集）.xlsx|材料2|1528,2,55127.28067,73761.9873042,50773.2368676,49024.4542666
附件一（训练集）.xlsx|材料2|1529,2,171145.8781,221087.964099,197535.416481,197004.047919
附件一（训练集）.xlsx|材料2|153,2,436025.7215,442545.637387,459301.887112,464233.894003
附件一（训练集）.xlsx|材料2|1530,2,297897.3917,390038.573934,326312.693533,329981.420923
附件一（训练集）.xlsx|材料2|1531,1,528286.0889,650130.268451,599583.701725,562538.155115
附件一（训练集）.xlsx|材料2|1532,1,933632.6892,1062949.22873,960532.202899,897611.509835
附件一（训练集）.xlsx|材料2|1533,0,7786.545617,8982.89225837,6707.87785217,6676.94483582
附件一（训练集）.xlsx|材料2|1534,0,14159.61739,16153.6356463,13658.2383425,14579.2816658
附件一（训练集）.xlsx|材料2|1535,4,43629.30901,41882.2295045,43389.3720981,41609.0340548
附件一（训练集）.xlsx|材料2|1536,4,77775.41874,77469.4400026,70649.4319053,69053.6594956
附件一（训练集）.xlsx|材料2|1537,4,139215.8815,150578.527961,138184.552278,131191.165139
附件一（训练集）.xlsx|材料2|1538,3,744890.6775,924801.781277,752775.796562,704388.305486
附件一（训练集）.xlsx|材料2|1539,1,1320888.348,1403289.0853,1308372.21589,1307832.27571
附件一（训练集）.xlsx|材料2|154,0,1692.253579,1728.21539387,1654.27812371,1740.14400723
附件一（训练集）.xlsx|材料2|1540,2,2354228.526,2359513.59523,2258562.56996,2256584.54745
附件一（训练集）.xlsx|材料2|1541,0,6401.553861,8442.55138463,5763.14850531,5654.57268694
附件一（训练集）.xlsx|材料2|1542,0,11661.2319,16858.225515,10918.8295673,11255.5623621
附件一（训练集）.xlsx|材料2|1543,4,35700.45179,46638.0476106,33037.7345597,32817.7219213
附件一（训练集）.xlsx|材料2|1544,4,115535.5211,150366.669816,106521.131466,107879.763702
附件一（训练集）.xlsx|材料2|1545,0,617025.965,711387.532906,618083.76733,592397.191596
附件一（训练集）.xlsx|材料2|1546,3,1081066.325,1266410.74137,1157995.48122,1161204.84632
附件一（训练集）.xlsx|材料2|1547,1,1899509.551,1977042.64341,1900702.58506,1931203.83212
附件一（训练集）.xlsx|材料2|1548,3,5794.541846,9986.15257312,6083.91593905,5847.65732535
附件一（训练集）.xlsx|材料2|1549,2,17693.17001,27153.4034729,19255.1241513,18312.907897
附件一（训练集）.xlsx|材料2|155,0,3329.363942,3513.92636868,3488.30356239,3546.42378984
附件一（训练集）.xlsx|材料2|1550,0,31393.05812,50413.2816694,32393.6921341,32265.7382911
附件一（训练集）.xlsx|材料2|1551,4,173639.562,230891.171669,169237.891478,161726.929578
附件一（训练集）.xlsx|材料2|1552,3,304772.4813,431473.385516,335065.314218,323951.313482
附件一（训练集）.xlsx|材料2|1553,4,528125.4496,611360.846001,539239.099617,546096.159009
附件一（训练集）.xlsx|材料2|1554,0,924947.9597,1027299.57995,895476.277301,876605.821046
附件一（训练集）.xlsx|材料2|1555,2,1603189.867,1575584.31188,1543584.35622,1554538.75425
附件一（训练集）.xlsx|材料2|1556,0,5667.497766,6839.77553714,5136.28087319,5550.03053785
附件一（训练集）.xlsx|材料2|1557,0,9894.612693,10257.2763914,8938.22496322,9238.17897136
附件一（训练集）.xlsx|材料2|1558,3,16435.98742,18070.4899197,16420.2540786,16907.0175242
附件一（训练集）.xlsx|材料2|1559,0,28801.56915,31646.2788043,28400.6161278,28491.6148628
附件一（训练集）.xlsx|材料2|156,1,10479.77432,10312.0978704,10612.3978962,10367.0776146
附件一（训练集）.xlsx|材料2|1560,0,87913.2286,101363.682943,90427.9956494,88569.7604657
附件一（训练集）.xlsx|材料2|1561,2,268863.1383,314729.819511,263560.85969,277175.854303
附件一（训练集）.xlsx|材料2|1562,1,1400205.058,1526325.54648,1374002.92838,1342554.23024
附件一（训练集）.xlsx|材料2|1563,4,2386915.818,2197001.27735,2120813.49757,2019554.69514
附件一（训练集）.xlsx|材料2|1564,4,6642.574953,10671.4248414,7317.59106797,6897.16010799
附件一（训练集）.xlsx|材料2|1565,0,11309.24689,19930.8434671,10947.0004092,10841.6649225
附件一（训练集）.xlsx|材料2|1566,4,18129.90787,28162.2578483,16681.5855965,17098.7222304
附件一（训练集）.xlsx|材料2|1567,0,50196.97461,71234.6200289,51887.1971612,52407.3490846
附件一（训练集）.xlsx|材料2|1568,3,141465.6343,225645.119606,138405.924258,134751.32681
附件一（训练集）.xlsx|材料2|1569,2,237397.0141,293178.042448,240472.549114,235592.710124
附件一（训练集）.xlsx|材料2|157,2,19148.30164,18203.6400232,19134.3963162,18625.3655813
附件一（训练集）.xlsx|材料2|1570,3,401378.3367,462088.064926,397787.669454,394534.585243
附件一（训练集）.xlsx|材料2|1571,1,687272.0606,862530.765946,645568.630387,669200.382826
附件一（训练集）.xlsx|材料2|1572,3,739709.3085,549605.243881,682122.746222,650356.824946
附件一（训练集）.xlsx|材料2|1573,3,2595.261246,2178.74782252,2605.32354449,2644.64909931
附件一（训练集）.xlsx|材料2|1574,3,4079.884108,3522.2478081,4062.16505224,4221.13723416
附件一（训练集）.xlsx|材料2|1575,1,6940.542188,5006.05811501,7069.9374291,7011.42107532
附件一（训练集）.xlsx|材料2|1576,1,11477.46636,7017.68683617,12876.3565046,13275.1004752
附件一（训练集）.xlsx|材料2|1577,2,19483.10711,12327.1082051,18369.3037163,18394.1453743
附件一（训练集）.xlsx|材料2|1578,2,97010.79058,57341.0956119,81801.0232461,79370.2006276
附件一（训练集）.xlsx|材料2|1579,1,171376.1354,120988.364441,164677.162513,171688.593372
附件一（训练集）.xlsx|材料2|158,0,35271.49726,38751.8295767,34921.1125662,34580.6605441
附件一（训练集）.xlsx|材料2|1580,3,534460.9052,375753.950358,570112.210709,545300.308343
附件一（训练集）.xlsx|材料2|1581,1,928376.7621,645549.986889,875575.38874,903174.013762
附件一（训练集）.xlsx|材料2|1582,0,2784.518692,2720.85936976,2835.41422337,2686.00442091
附件一（训练集）.xlsx|材料2|1583,0,4401.307659,4199.4396366,4465.99281335,4587.31734552
附件一（训练集）.xlsx|材料2|1584,0,7384.401886,5765.86178348,7217.41483653,6833.26816789
附件一（训练集）.xlsx|材料2|1585,0,11788.95841,8472.78064654,11088.7771284,11413.2291691
附件一（训练集）.xlsx|材料2|1586,0,33249.72109,24838.1084474,32193.3827855,33291.262449
附件一（训练集）.xlsx|材料2|1587,3,92372.7374,69615.937651,85256.1825828,83189.5050409
附件一（训练集）.xlsx|材料2|1588,1,159694.9853,149296.289247,170765.371989,168778.262546
附件一（训练集）.xlsx|材料2|1589,1,273614.8643,249250.213113,277607.756131,284730.288009
附件一（训练集）.xlsx|材料2|159,0,113402.2414,117718.230393,119520.326359,114890.42112
附件一（训练集）.xlsx|材料2|1590,2,481186.1178,386097.81059,501521.955645,484969.461332
附件一（训练集）.xlsx|材料2|1591,3,829907.7682,628334.760895,814205.065599,807243.024855
附件一（训练集）.xlsx|材料2|1592,1,4638.784608,3146.00030308,4323.0329767,4289.35789161
附件一（训练集）.xlsx|材料2|1593,1,12410.00179,7360.29553683,11300.7575304,11632.4458738
附件一（训练集）.xlsx|材料2|1594,2,33491.07657,15651.8045337,35747.235721,36890.1881599
附件一（训练集）.xlsx|材料2|1595,4,54278.95955,32350.202937,52056.7693173,52219.3277125
附件一（训练集）.xlsx|材料2|1596,0,88624.00794,53993.6526597,89497.8452033,90907.6680653
附件一（训练集）.xlsx|材料2|1597,2,739275.8414,408311.328145,670146.841981,647151.665377
附件一（训练集）.xlsx|材料2|1598,3,13249.21523,10445.3160358,13137.8777701,12850.6535381
附件一（训练集）.xlsx|材料2|1599,0,21624.50448,10789.7660853,19009.075289,20240.6001501
附件一（训练集）.xlsx|材料2|16,1,214383.5098,197081.794144,209588.303946,205083.95618
附件一（训练集）.xlsx|材料2|160,2,205703.9988,189241.228135,198234.783692,205338.631124
附件一（训练集）.xlsx|材料2|1600,3,35137.5299,18771.2807899,31318.5850869,34232.6438232
附件一（训练集）.xlsx|材料2|1601,1,56406.14433,27033.965974,53319.0960271,56022.0074367
附件一（训练集）.xlsx|材料2|1602,2,92216.90249,44962.4838695,84712.597927,85870.8553171
附件一（训练集）.xlsx|材料2|1603,4,248071.7626,114941.531645,267943.323554,265385.31172
附件一（训练集）.xlsx|材料2|1604,1,701280.3154,370395.330238,601030.393419,574817.224325
附件一（训练集）.xlsx|材料2|1605,0,14288.62446,12936.9195787,14384.5324847,14845.9981994
附件一（训练集）.xlsx|材料2|1606,3,22907.01319,20065.2682513,23896.6750211,24288.5746406
附件一（训练集）.xlsx|材料2|1607,1,95689.29771,50840.6128177,82809.4979293,82521.0599409
附件一（训练集）.xlsx|材料2|1608,0,154235.9504,132140.729809,162134.083841,171891.172071
附件一（训练集）.xlsx|材料2|1609,2,251198.249,89363.3670761,233174.383054,235047.97405
附件一（训练集）.xlsx|材料2|161,2,368999.0862,340744.819318,346882.31759,350512.728913
附件一（训练集）.xlsx|材料2|1610,3,415534.3092,271715.144316,408571.305182,396525.25061
附件一（训练集）.xlsx|材料2|1611,0,15467.86217,11966.2483865,15625.5007872,15299.9835983
附件一（训练集）.xlsx|材料2|1612,3,24792.80771,21371.4568646,24655.0452777,24321.3258362
附件一（训练集）.xlsx|材料2|1613,4,63417.53544,69938.1370633,63032.1728658,65026.9660321
附件一（训练集）.xlsx|材料2|1614,3,425243.3392,278335.847174,428984.368781,419582.161534
附件一（训练集）.xlsx|材料2|1615,0,689820.0061,682750.746829,635199.27829,653985.73965
附件一（训练集）.xlsx|材料2|1616,0,41056.65694,24688.6106243,41869.4612191,41609.6264718
附件一（训练集）.xlsx|材料2|1617,3,64779.18907,41835.8009597,65660.0089575,68102.3179224
附件一（训练集）.xlsx|材料2|1618,2,102221.6964,72297.1993206,100149.975597,101288.136339
附件一（训练集）.xlsx|材料2|1619,0,163728.6101,122482.576567,162304.951763,170343.699653
附件一（训练集）.xlsx|材料2|162,3,3196.941894,3616.20103996,3582.43357563,3603.12535118
附件一（训练集）.xlsx|材料2|1620,1,260854.369,108564.175469,268940.896533,269237.352126
附件一（训练集）.xlsx|材料2|1621,1,423045.7731,309255.545635,440539.753064,424807.828572
附件一（训练集）.xlsx|材料2|1622,1,3965.597441,4290.87283817,4410.75694424,4615.32104925
附件一（训练集）.xlsx|材料2|1623,4,7250.341247,7769.66037921,7179.92782669,7736.35967859
附件一（训练集）.xlsx|材料2|1624,2,23384.0102,22150.8906065,23588.1508819,23212.1040047
附件一（训练集）.xlsx|材料2|1625,1,44031.14311,44232.0635421,45260.2232718,44397.6688531
附件一（训练集）.xlsx|材料2|1626,2,275474.3289,279656.111787,284440.654292,282184.395546
附件一（训练集）.xlsx|材料2|1627,1,504944.8073,499786.590655,515306.097971,531404.938369
附件一（训练集）.xlsx|材料2|1628,2,917446.7519,929826.73274,936322.275926,913887.749583
附件一（训练集）.xlsx|材料2|1629,4,3215.404908,3218.65067382,3253.37917001,3148.01775808
附件一（训练集）.xlsx|材料2|163,2,17032.7892,18099.5038454,18095.310412,17152.5269184
附件一（训练集）.xlsx|材料2|1630,1,5797.500527,5629.66083138,5942.26947483,6080.30803189
附件一（训练集）.xlsx|材料2|1631,1,62257.34242,56061.5683232,62056.2138884,64265.5521804
附件一（训练集）.xlsx|材料2|1632,2,113855.0564,109186.337986,112169.922869,111934.147619
附件一（训练集）.xlsx|材料2|1633,1,210776.0882,188288.236891,213765.651758,215066.464453
附件一（训练集）.xlsx|材料2|1634,0,387872.6962,369867.427098,373755.179337,393789.274327
附件一（训练集）.xlsx|材料2|1635,1,712647.6192,725487.72862,747493.065634,754478.114343
附件一（训练集）.xlsx|材料2|1636,2,1264691.444,1170450.40073,1272102.93018,1289370.13569
附件一（训练集）.xlsx|材料2|1637,1,5437.441922,5517.58188818,5005.40321371,5475.19227148
附件一（训练集）.xlsx|材料2|1638,2,52593.56578,54302.1329221,49846.247984,50900.555933
附件一（训练集）.xlsx|材料2|1639,1,94389.58418,86289.8393004,95856.4263653,99884.2621958
附件一（训练集）.xlsx|材料2|164,4,31083.56722,33080.4327412,33117.6331447,32085.7832322
附件一（训练集）.xlsx|材料2|1640,3,171930.3531,178361.486077,171342.182328,182996.960878
附件一（训练集）.xlsx|材料2|1641,1,573632.7595,550251.671994,585895.061305,592834.947702
附件一（训练集）.xlsx|材料2|1642,2,1021165.296,928938.447577,1070741.29437,1072472.45185
附件一（训练集）.xlsx|材料2|1643,4,1836453.587,1625268.62046,1787959.61534,1789010.26009
附件一（训练集）.xlsx|材料2|1644,0,5390.818838,6533.833126,5489.57255116,5583.17980787
附件一（训练集）.xlsx|材料2|1645,2,9066.448495,11025.7002628,10345.044585,9723.87177408
附件一（训练集）.xlsx|材料2|1646,4,15549.10974,19238.1005406,15319.1021807,15040.9734011
附件一（训练集）.xlsx|材料2|1647,1,148105.8935,174654.320268,154615.406006,156276.438128
附件一（训练集）.xlsx|材料2|1648,2,264900.8624,305020.118776,265764.724603,267417.15021
附件一（训练集）.xlsx|材料2|1649,3,481204.3527,533290.016799,497582.880645,497572.766416
附件一（训练集）.xlsx|材料2|165,4,56961.13105,55400.6082643,57509.8520942,58087.8770694
附件一（训练集）.xlsx|材料2|1650,0,850652.6824,804298.854129,875643.353375,893185.97351
附件一（训练集）.xlsx|材料2|1651,4,1518910.229,1606769.75319,1567776.05335,1571442.49574
附件一（训练集）.xlsx|材料2|1652,1,5512.910677,7360.29553683,6373.28489683,6405.64672187
附件一（训练集）.xlsx|材料2|1653,2,15343.60262,14253.1541329,16068.6777765,15311.6252147
附件一（训练集）.xlsx|材料2|1654,4,26635.46025,31028.2977098,26893.6815297,27197.7261771
附件一（训练集）.xlsx|材料2|1655,3,76388.59743,108603.483672,73426.6065441,76609.6571501
附件一（训练集）.xlsx|材料2|1656,1,233609.2836,192927.968861,233658.445803,234617.805654
附件一（训练集）.xlsx|材料2|1657,2,415367.9247,391059.317048,417077.357797,428557.559675
附件一（训练集）.xlsx|材料2|1658,3,727534.279,635024.593864,743541.109716,725058.643655
附件一（训练集）.xlsx|材料2|1659,0,1283780.496,1107516.97058,1294211.49362,1325163.08499
附件一（训练集）.xlsx|材料2|166,0,96732.98674,103526.894075,103864.398853,101186.260739
附件一（训练集）.xlsx|材料2|1660,0,3573.59563,4691.63625154,4126.79817558,3841.73123711
附件一（训练集）.xlsx|材料2|1661,0,9798.382602,11005.5011928,10052.1026995,9705.44167339
附件一（训练集）.xlsx|材料2|1662,3,16295.84333,18771.2807899,15230.344381,14687.8879674
附件一（训练集）.xlsx|材料2|1663,2,45587.14123,49243.1171701,45703.5455877,45270.3987793
附件一（训练集）.xlsx|材料2|1664,4,76598.30742,87219.6474927,77386.2403385,82591.2744436
附件一（训练集）.xlsx|材料2|1665,4,127900.1521,116240.959973,118985.761218,127313.185738
附件一（训练集）.xlsx|材料2|1666,1,382859.3085,372132.801346,379289.679597,394162.393348
附件一（训练集）.xlsx|材料2|1667,2,1149258.825,1137918.41827,1176127.48342,1167154.95888
附件一（训练集）.xlsx|材料2|1668,3,4024.085805,4349.94524665,4092.98369365,4033.83510413
附件一（训练集）.xlsx|材料2|1669,3,10763.29038,14573.1285629,10647.0222536,10358.7426458
附件一（训练集）.xlsx|材料2|167,0,177771.1005,174185.63317,169830.785329,183138.71286
附件一（训练集）.xlsx|材料2|1670,2,17545.7072,28628.5777682,19353.4379363,18827.404439
附件一（训练集）.xlsx|材料2|1671,4,29057.63492,48976.1666524,34082.6326641,37336.5670613
附件一（训练集）.xlsx|材料2|1672,0,78137.98074,69982.5708866,80973.3178627,70101.3484093
附件一（训练集）.xlsx|材料2|1673,2,127441.4527,143881.369016,123359.855289,126047.751419
附件一（训练集）.xlsx|材料2|1674,3,214067.6745,249352.975111,201880.310509,202169.375745
附件一（训练集）.xlsx|材料2|1675,0,366007.6011,432333.235397,404082.607302,430522.050409
附件一（训练集）.xlsx|材料2|1676,0,618487.492,636844.096915,611456.0714,602929.155581
附件一（训练集）.xlsx|材料2|1677,3,1063941.977,1013463.10631,1046442.03235,1001131.72597
附件一（训练集）.xlsx|材料2|1678,0,11575.90092,12152.2822376,11399.1184351,12146.1817652
附件一（训练集）.xlsx|材料2|1679,3,18676.87614,18162.7988678,18555.8756959,18790.1655881
附件一（训练集）.xlsx|材料2|168,2,319392.5586,302240.700655,309152.771444,305745.664026
附件一（训练集）.xlsx|材料2|1680,1,79889.89515,93795.0070793,71924.961809,74061.6621705
附件一（训练集）.xlsx|材料2|1681,0,129323.4421,135987.33711,109363.107381,104971.136685
附件一（训练集）.xlsx|材料2|1682,3,350258.4807,367858.194481,335755.156531,353050.809516
附件一（训练集）.xlsx|材料2|1683,0,582805.1096,596352.060489,621256.374296,612661.708443
附件一（训练集）.xlsx|材料2|1684,0,986597.1457,1024988.60341,1020597.95905,940083.185807
附件一（训练集）.xlsx|材料2|1685,2,12417.01974,11735.0889315,11807.6029771,12732.9815484
附件一（训练集）.xlsx|材料2|1686,3,32755.9136,27497.6549432,32874.695672,34435.1576873
附件一（训练集）.xlsx|材料2|1687,2,51911.38307,42903.2889115,52547.2298084,54662.13728
附件一（训练集）.xlsx|材料2|1688,1,134161.0613,109322.049066,136043.610942,134939.590332
附件一（训练集）.xlsx|材料2|1689,1,217988.2679,196613.701419,220419.187746,222649.710729
附件一（训练集）.xlsx|材料2|169,3,5547.911381,5856.38676653,6361.86435544,6747.65369468
附件一（训练集）.xlsx|材料2|1690,0,578814.0633,436005.786455,577643.783541,573741.790184
附件一（训练集）.xlsx|材料2|1691,4,963796.1449,763772.242104,958486.632819,974673.105509
附件一（训练集）.xlsx|材料2|1692,4,13790.25463,14220.5569538,13131.7862956,12916.0012627
附件一（训练集）.xlsx|材料2|1693,0,26242.88911,27498.7557726,26945.2472362,28964.2861675
附件一（训练集）.xlsx|材料2|1694,3,89834.32911,92698.4577852,94448.5027414,92339.5265656
附件一（训练集）.xlsx|材料2|1695,2,169417.9136,170988.159862,167280.061057,177005.817415
附件一（训练集）.xlsx|材料2|1696,3,314118.448,327086.671718,334638.821997,325230.954347
附件一（训练集）.xlsx|材料2|1697,2,19392.17825,20270.1775611,21521.4182938,20328.9614721
附件一（训练集）.xlsx|材料2|1698,2,65836.91733,69234.7574687,65721.9612867,65620.1842208
附件一（训练集）.xlsx|材料2|1699,1,124952.3832,139411.914147,129561.452427,127431.968784
附件一（训练集）.xlsx|材料2|17,3,1912.577903,1815.45862274,1737.42759433,1809.71337599
附件一（训练集）.xlsx|材料2|170,3,5760.081969,6706.18015202,6404.85677426,6517.48919332
附件一（训练集）.xlsx|材料2|1700,0,233037.4353,252793.531905,259628.549965,244257.598443
附件一（训练集）.xlsx|材料2|1701,1,429887.288,464121.512471,448016.816132,428394.765138
附件一（训练集）.xlsx|材料2|1702,2,792408.6113,826825.34354,871797.066948,834153.268007
附件一（训练集）.xlsx|材料2|1703,4,7915.430165,8894.18452877,7420.00118849,6932.52510711
附件一（训练集）.xlsx|材料2|1704,1,14504.22855,14508.0191431,15266.4278649,15034.1336204
附件一（训练集）.xlsx|材料2|1705,2,26469.99233,26225.0506907,26532.2400607,27333.2419292
附件一（训练集）.xlsx|材料2|1706,1,49600.02207,53952.4107765,50746.1105526,51301.7150056
附件一（训练集）.xlsx|材料2|1707,1,173371.2281,188288.236891,179149.240639,173724.629108
附件一（训练集）.xlsx|材料2|1708,2,1092214.155,1170450.40073,1141454.72324,1104645.60189
附件一（训练集）.xlsx|材料2|1709,1,3997.046638,5398.11037304,4060.75487826,3826.62695303
附件一（训练集）.xlsx|材料2|171,2,29671.92076,30297.0502714,30996.612071,30504.1229296
附件一（训练集）.xlsx|材料2|1710,4,12515.89327,16464.9064659,12579.9394796,12543.5808227
附件一（训练集）.xlsx|材料2|1711,0,21825.12654,26595.6693855,21880.0547887,23113.132659
附件一（训练集）.xlsx|材料2|1712,3,137226.8692,177417.890355,135946.724387,133349.200369
附件一（训练集）.xlsx|材料2|1713,3,252029.6041,320908.335713,256337.589975,262004.844274
附件一（训练集）.xlsx|材料2|1714,1,467763.7508,550251.671994,546667.699706,514238.845366
附件一（训练集）.xlsx|材料2|1715,2,859040.6324,922380.558461,918719.572979,863458.9404
附件一（训练集）.xlsx|材料2|1716,4,1539550.523,1625268.62046,1571034.4269,1578490.66489
附件一（训练集）.xlsx|材料2|1717,0,3678.1529,4022.64568651,3814.75342353,3774.67165781
附件一（训练集）.xlsx|材料2|1718,3,34903.13641,32859.7390018,31128.178121,30100.5904534
附件一（训练集）.xlsx|材料2|1719,0,63322.95425,75117.2021386,69809.3577974,67450.8006856
附件一（训练集）.xlsx|材料2|172,4,53091.37112,53818.244899,54962.9138744,52126.264407
附件一（训练集）.xlsx|材料2|1720,4,2244065.366,2089330.0686,2213079.13677,2178626.958
附件一（训练集）.xlsx|材料2|1721,1,3688.570625,6227.63761727,3422.07201242,3617.4429252
附件一（训练集）.xlsx|材料2|1722,0,6135.718667,7488.67678638,5561.27607808,5718.48772581
附件一（训练集）.xlsx|材料2|1723,2,10731.19907,14253.1541329,11439.5698849,11248.6738847
附件一（训练集）.xlsx|材料2|1724,4,18084.25355,27424.1030675,18237.2519119,18612.8285537
附件一（训练集）.xlsx|材料2|1725,0,32199.61044,39798.9162131,28504.1857139,29689.0642683
附件一（训练集）.xlsx|材料2|1726,3,56416.64429,75171.2791136,52401.1087167,55128.9830132
附件一（训练集）.xlsx|材料2|1727,0,99736.62623,152837.24655,112421.654197,109082.128057
附件一（训练集）.xlsx|材料2|1728,2,317738.4002,391059.317048,349102.68283,342624.139763
附件一（训练集）.xlsx|材料2|1729,3,572546.6844,635024.593864,600250.113909,563661.730122
附件一（训练集）.xlsx|材料2|173,2,10658.89958,9405.71098578,9512.61672233,9537.06724524
附件一（训练集）.xlsx|材料2|1730,0,1009136.632,1342974.64685,953289.973608,968165.165877
附件一（训练集）.xlsx|材料2|1731,0,6514.083654,9080.66118869,7143.36202127,6864.15978857
附件一（训练集）.xlsx|材料2|1732,2,31800.49897,44765.6553795,33669.3284902,33839.0143609
附件一（训练集）.xlsx|材料2|1733,4,54925.99473,81950.8661114,58318.1044475,58826.0917004
附件一（训练集）.xlsx|材料2|1734,3,161552.529,202916.621374,169522.502292,183888.49913
附件一（训练集）.xlsx|材料2|1735,1,286292.027,370395.330238,288615.537323,277599.570707
附件一（训练集）.xlsx|材料2|1736,3,504871.7337,582464.085181,507689.879851,517395.614516
附件一（训练集）.xlsx|材料2|1737,2,882324.7773,943783.767095,917774.906944,880764.671488
附件一（训练集）.xlsx|材料2|1738,4,1550036.051,1595065.56425,1440636.52908,1463365.78423
附件一（训练集）.xlsx|材料2|1739,0,4423.095564,4702.70812095,4428.0861984,4386.66764806
附件一（训练集）.xlsx|材料2|174,2,11012.10022,10611.5793119,10056.1262403,10323.1013058
附件一（训练集）.xlsx|材料2|1740,3,7089.045301,6851.08954577,6368.48277542,6469.35662736
附件一（训练集）.xlsx|材料2|1741,2,11888.03473,11493.031472,12712.8822653,12329.4430681
附件一（训练集）.xlsx|材料2|1742,1,32524.66757,31046.1347535,31047.4720556,31616.8392244
附件一（训练集）.xlsx|材料2|1743,2,1371517.468,1232573.11407,1296547.08936,1288485.60048
附件一（训练集）.xlsx|材料2|1744,3,4949.312302,4320.35136538,5017.90627563,4947.96705561
附件一（训练集）.xlsx|材料2|1745,0,7842.641694,10223.2953243,7552.70731022,6621.67673681
附件一（训练集）.xlsx|材料2|1746,2,21072.02314,18031.7053338,20539.8602624,19811.768213
附件一（训练集）.xlsx|材料2|1747,4,34658.02757,30060.925275,34694.7256054,35496.0784069
附件一（训练集）.xlsx|材料2|1748,1,57328.74681,49563.5119083,54295.7958017,53124.3153622
附件一（训练集）.xlsx|材料2|1749,0,94176.28832,82328.0062549,94053.1027173,88984.5001773
附件一（训练集）.xlsx|材料2|175,3,18257.34046,18946.5070398,17913.9984088,17266.107351
附件一（训练集）.xlsx|材料2|1750,3,260053.3362,270778.728753,280179.310675,263325.683622
附件一（训练集）.xlsx|材料2|1751,0,441332.9038,394625.700883,433044.551908,463840.993571
附件一（训练集）.xlsx|材料2|1752,0,746029.2221,744478.136826,746465.583695,735326.051205
附件一（训练集）.xlsx|材料2|1753,3,1281326.689,1255875.95487,1293107.12909,1199710.19237
附件一（训练集）.xlsx|材料2|1754,2,8602.570857,11735.0889315,7974.59012023,8273.07052683
附件一（训练集）.xlsx|材料2|1755,0,14144.9296,18789.3305276,14660.6674151,14211.3557782
附件一（训练集）.xlsx|材料2|1756,0,59674.03793,69529.8547397,65206.4860946,65196.5905127
附件一（训练集）.xlsx|材料2|1757,1,97274.13382,94083.2345237,98664.613559,95530.7558726
附件一（训练集）.xlsx|材料2|1758,1,157393.628,195086.320643,158269.90767,161744.69227
附件一（训练集）.xlsx|材料2|1759,1,258375.7524,296468.810357,267725.807181,259827.104262
附件一（训练集）.xlsx|材料2|176,0,31621.1192,32017.5940132,32539.8231104,33307.1848091
附件一（训练集）.xlsx|材料2|1760,4,714989.887,753045.086851,752075.296639,737016.422342
附件一（训练集）.xlsx|材料2|1761,0,1208151.781,1175896.4611,1181967.41753,1179100.32835
附件一（训练集）.xlsx|材料2|1762,0,24960.6854,28903.2747282,25829.0047329,27369.8003651
附件一（训练集）.xlsx|材料2|1763,2,537214.0636,575613.555192,548325.957905,544941.370145
附件一（训练集）.xlsx|材料2|1764,1,32549.69895,36570.7537512,32281.7084167,32006.2359456
附件一（训练集）.xlsx|材料2|1765,0,215279.8903,247195.551815,247955.706858,235750.691805
附件一（训练集）.xlsx|材料2|1766,1,398349.4154,445371.974947,412473.026497,417879.320712
附件一（训练集）.xlsx|材料2|1767,4,7494.743755,8682.49863305,7022.19064735,6676.84750328
附件一（训练集）.xlsx|材料2|1768,1,13578.35273,15327.654021,13352.5573286,14139.092191
附件一（训练集）.xlsx|材料2|1769,2,23950.65226,26225.0506907,21786.2034689,23648.9409784
附件一（训练集）.xlsx|材料2|177,4,53770.25328,55615.0269004,53343.2638714,54213.1747667
附件一（训练集）.xlsx|材料2|1770,1,44909.92051,53952.4107765,43467.4702397,47186.1852993
附件一（训练集）.xlsx|材料2|1771,1,158583.963,188288.236891,164802.019992,157769.491339
附件一（训练集）.xlsx|材料2|1772,0,293656.6741,356020.539308,317221.33031,304313.35661
附件一（训练集）.xlsx|材料2|1773,1,550602.0077,605949.490559,549947.713948,596735.251838
附件一（训练集）.xlsx|材料2|1774,2,6215.227084,10147.6724612,7020.43215298,6433.32792879
附件一（训练集）.xlsx|材料2|1775,4,11349.30268,17833.0178391,11309.6606045,11481.9828563
附件一（训练集）.xlsx|材料2|1776,0,19294.76853,26351.5586066,19238.6065511,19972.9974299
附件一（训练集）.xlsx|材料2|1777,1,65839.2648,87170.9776631,66369.3757016,69527.6208053
附件一（训练集）.xlsx|材料2|1778,2,782158.74,928938.447577,746903.537956,761399.03262
附件一（训练集）.xlsx|材料2|1779,4,1445865.282,1625268.62046,1466390.88345,1491403.44917
附件一（训练集）.xlsx|材料2|178,1,156187.4485,162491.674146,158735.436154,157420.592391
附件一（训练集）.xlsx|材料2|1780,2,5449.456566,6631.71677265,5632.5488643,5403.22071392
附件一（训练集）.xlsx|材料2|1781,4,9756.709737,13630.0949594,10186.4906704,10326.4597408
附件一（训练集）.xlsx|材料2|1782,3,29726.01383,32859.7390018,27722.7181887,26633.7602267
附件一（训练集）.xlsx|材料2|1783,2,181338.6756,263084.054734,192451.044178,191804.019343
附件一（训练集）.xlsx|材料2|1784,3,335966.6173,398885.504553,355400.030733,374866.037377
附件一（训练集）.xlsx|材料2|1785,0,612195.7672,692695.002234,641314.762628,588884.215192
附件一（训练集）.xlsx|材料2|1786,4,1125605.81,1224443.69568,1198661.26658,1166811.84481
附件一（训练集）.xlsx|材料2|1787,2,9168.407971,15651.8045337,9957.41358736,9768.65699835
附件一（训练集）.xlsx|材料2|1788,4,15222.49136,27424.1030675,14634.1310511,15125.4959584
附件一（训练集）.xlsx|材料2|1789,3,47351.57585,105738.247638,46685.9241022,47368.5910319
附件一（训练集）.xlsx|材料2|179,3,274120.7921,271637.649603,273221.749229,270843.170899
附件一（训练集）.xlsx|材料2|1790,1,154225.9346,188164.871516,155726.905538,157182.873136
附件一（训练集）.xlsx|材料2|1791,2,279720.0637,391059.317048,302984.470311,305446.303932
附件一（训练集）.xlsx|材料2|1792,3,504808.0626,635024.593864,509029.991923,508498.945856
附件一（训练集）.xlsx|材料2|1793,0,913205.6412,1099685.15137,1048121.04502,1053443.36597
附件一（训练集）.xlsx|材料2|1794,4,1647504.151,1931845.71202,1656291.01181,1626180.38507
附件一（训练集）.xlsx|材料2|1795,1,15401.19098,26740.2020723,15878.2308566,16080.2652255
附件一（训练集）.xlsx|材料2|1796,4,45761.30376,75445.1502524,47897.2175946,46461.4138068
附件一（训练集）.xlsx|材料2|1797,1,248278.4075,372132.801346,264810.502324,238128.352134
附件一（训练集）.xlsx|材料2|1798,3,437705.2873,583705.604679,412020.807314,437206.122131
附件一（训练集）.xlsx|材料2|1799,4,2430047.588,2271389.59286,1927866.34591,1993607.78442
附件一（训练集）.xlsx|材料2|18,1,11465.36178,12649.1942927,10693.788615,10602.488004
附件一（训练集）.xlsx|材料2|180,1,634.694988,829.657022832,785.905047093,767.707080102
附件一（训练集）.xlsx|材料2|1800,4,16176.24013,17051.2664371,16234.4049985,17001.7997389
附件一（训练集）.xlsx|材料2|1801,1,27082.88115,30804.0377326,27198.6788209,26792.5804265
附件一（训练集）.xlsx|材料2|1802,3,131821.0468,166064.396712,135270.281468,132521.825996
附件一（训练集）.xlsx|材料2|1803,3,697241.3615,815220.829982,696711.292047,736218.588448
附件一（训练集）.xlsx|材料2|1804,2,7211.549873,11735.0889315,7604.23798759,7477.08912621
附件一（训练集）.xlsx|材料2|1805,0,11988.94683,20804.4098381,11614.6386505,11426.3274252
附件一（训练集）.xlsx|材料2|1806,3,18949.93726,26397.1273473,19094.4568473,19885.5362592
附件一（训练集）.xlsx|材料2|1807,2,30967.23849,42903.2889115,31602.0335943,30879.7151873
附件一（训练集）.xlsx|材料2|1808,1,82481.36787,95745.8016078,83376.8193511,86839.792791
附件一（训练集）.xlsx|材料2|1809,1,223035.8983,296468.810357,210401.22226,214204.049421
附件一（训练集）.xlsx|材料2|181,4,1107.609128,1159.73499046,1127.83801454,1198.00039242
附件一（训练集）.xlsx|材料2|1810,0,367472.6171,433784.361184,371193.677557,362177.861047
附件一（训练集）.xlsx|材料2|1811,4,2769.697237,2150.60280802,2625.98479695,2705.74427202
附件一（训练集）.xlsx|材料2|1812,0,55173.09892,28486.6909332,49641.461293,49844.6217458
附件一（训练集）.xlsx|材料2|1813,3,525385.6155,358971.166178,548735.299126,545832.572858
附件一（训练集）.xlsx|材料2|1814,3,33535.21803,23405.6499894,29961.5836113,30063.2242225
附件一（训练集）.xlsx|材料2|1815,3,54343.00222,38921.9785121,47116.1178742,45249.1835211
附件一（训练集）.xlsx|材料2|1816,4,91680.8829,78025.6061916,90853.7364306,86732.2830605
附件一（训练集）.xlsx|材料2|1817,2,157077.9989,131131.474714,168826.016932,169000.807805
附件一（训练集）.xlsx|材料2|1818,0,267908.5038,200265.673925,244301.687511,243994.663468
附件一（训练集）.xlsx|材料2|1819,4,468963.1285,312213.775764,446059.702415,431129.148153
附件一（训练集）.xlsx|材料2|182,3,2059.724038,2257.35453254,2000.07603256,2163.26148762
附件一（训练集）.xlsx|材料2|1820,1,3199.236528,3175.89228745,3247.68338245,3420.52611221
附件一（训练集）.xlsx|材料2|1821,1,12915.41961,8446.89475604,11506.5739752,11988.2518184
附件一（训练集）.xlsx|材料2|1822,4,34240.7481,14134.3444433,34391.9890486,33160.0548654
附件一（训练集）.xlsx|材料2|1823,4,54768.99348,31399.8582182,52921.3791736,51220.3439908
附件一（训练集）.xlsx|材料2|1824,4,148671.5237,87033.2910193,167087.337138,166185.365319
附件一（训练集）.xlsx|材料2|1825,1,716691.1479,384340.006924,679542.598917,689525.340779
附件一（训练集）.xlsx|材料2|1826,1,13787.4013,10304.6813984,13490.7779967,13372.0636307
附件一（训练集）.xlsx|材料2|1827,2,22273.93264,10574.5894889,19306.092792,20874.8350222
附件一（训练集）.xlsx|材料2|1828,1,35816.81202,18550.0916203,33945.4853796,34721.9772682
附件一（训练集）.xlsx|材料2|1829,0,56992.90859,37638.133451,57042.2530515,57617.01818
附件一（训练集）.xlsx|材料2|183,2,6591.039073,6559.64511253,7365.06319475,6828.76583947
附件一（训练集）.xlsx|材料2|1830,1,244106.3443,120635.703848,250358.566303,246126.927949
附件一（训练集）.xlsx|材料2|1831,1,408161.6631,223209.729624,415375.601276,416696.568783
附件一（训练集）.xlsx|材料2|1832,1,681053.6883,347732.718487,597802.715972,566043.699564
附件一（训练集）.xlsx|材料2|1833,3,9431.957061,6016.33705562,8619.21305052,8732.91699844
附件一（训练集）.xlsx|材料2|1834,3,14711.01953,14269.7882455,14513.0021605,14671.9991806
附件一（训练集）.xlsx|材料2|1835,3,59866.57932,35868.9675926,49259.1575968,48484.7470791
附件一（训练集）.xlsx|材料2|1836,1,95871.31154,51504.9316829,85501.211943,88661.3827471
附件一（训练集）.xlsx|材料2|1837,0,153649.7418,113595.960397,158380.770865,162787.612942
附件一（训练集）.xlsx|材料2|1838,3,666213.2412,621660.086348,685033.068863,684723.97841
附件一（训练集）.xlsx|材料2|1839,3,15835.94738,14998.5887555,15704.2882263,16066.9387694
附件一（训练集）.xlsx|材料2|184,2,12531.57447,12269.625362,13275.4788974,13065.4201893
附件一（训练集）.xlsx|材料2|1840,3,63649.66816,63435.0558283,64553.6477994,64334.4614857
附件一（训练集）.xlsx|材料2|1841,0,160545.5457,138894.132227,158948.780914,164120.834378
附件一（训练集）.xlsx|材料2|1842,2,257073.6362,169244.852191,265898.540517,262257.514685
附件一（训练集）.xlsx|材料2|1843,1,418067.3871,387557.798213,412782.926959,409122.646764
附件一（训练集）.xlsx|材料2|1844,3,675971.5406,630985.038722,628621.487161,635773.807169
附件一（训练集）.xlsx|材料2|1845,3,26018.54674,12004.4420012,26099.4395189,27382.1308351
附件一（训练集）.xlsx|材料2|1846,3,41713.27261,30409.4872769,41824.0131892,42332.4471792
附件一（训练集）.xlsx|材料2|1847,2,65380.07301,38505.9444035,67525.6536199,67555.607051
附件一（训练集）.xlsx|材料2|1848,2,103177.4049,48419.9555635,104371.780921,103655.766514
附件一（训练集）.xlsx|材料2|1849,4,164763.1218,125579.377818,162743.625224,167865.702679
附件一（训练集）.xlsx|材料2|185,2,41317.84009,41758.7478103,43718.2458877,44134.8975233
附件一（训练集）.xlsx|材料2|1850,0,416911.0063,254282.436965,413677.869005,435534.448097
附件一（训练集）.xlsx|材料2|1851,0,668981.3152,289911.387303,594722.254034,653409.952058
附件一（训练集）.xlsx|材料2|1852,1,5954.470596,6032.85916978,6381.41697085,6343.97855923
附件一（训练集）.xlsx|材料2|1853,2,10490.64453,9882.85855982,11394.1897266,11248.3866605
附件一（训练集）.xlsx|材料2|1854,1,19645.49354,17919.6695405,20184.2354269,19802.287891
附件一（训练集）.xlsx|材料2|1855,1,38756.25033,37232.1341547,41183.234646,39728.5489583
附件一（训练集）.xlsx|材料2|1856,3,74499.69637,66717.2159793,67954.5768976,68980.4372539
附件一（训练集）.xlsx|材料2|1857,0,273033.0778,268094.814142,272715.482186,284866.483509
附件一（训练集）.xlsx|材料2|1858,4,504297.998,490129.118628,515772.042185,520070.419693
附件一（训练集）.xlsx|材料2|1859,3,2917.449795,2747.36646999,2600.28840322,2913.24634868
附件一（训练集）.xlsx|材料2|186,3,145549.1597,144478.922443,145775.039871,148856.598405
附件一（训练集）.xlsx|材料2|1860,1,56460.7108,48257.9261889,58333.8231446,58974.0833782
附件一（训练集）.xlsx|材料2|1861,3,107014.6915,99727.2591111,107492.512347,110027.335229
附件一（训练集）.xlsx|材料2|1862,0,385721.8423,355297.807805,372426.283121,398508.85956
附件一（训练集）.xlsx|材料2|1863,0,14969.70033,15636.3020436,14894.1712825,15403.1087706
附件一（训练集）.xlsx|材料2|1864,0,27717.03333,28077.1332144,25050.6935966,26028.3260773
附件一（训练集）.xlsx|材料2|1865,3,48988.44316,46653.4241848,48735.9677288,47519.6060022
附件一（训练集）.xlsx|材料2|1866,3,310089.0991,292334.82351,319594.480271,334746.742327
附件一（训练集）.xlsx|材料2|1867,2,572569.564,531828.794391,582616.852146,611795.920233
附件一（训练集）.xlsx|材料2|1868,1,1013472.802,963737.340127,1052412.46263,1045752.65535
附件一（训练集）.xlsx|材料2|1869,4,9116.505237,9336.33560903,7627.42355493,7785.33445769
附件一（训练集）.xlsx|材料2|187,0,256380.605,246436.080031,271927.00914,265385.387484
附件一（训练集）.xlsx|材料2|1870,4,46037.68138,62091.3220465,46127.4439565,49033.3937775
附件一（训练集）.xlsx|材料2|1871,0,144124.4387,126724.726574,142003.9735,134518.767705
附件一（训练集）.xlsx|材料2|1872,1,262530.1011,240726.879541,247364.523537,249965.880073
附件一（训练集）.xlsx|材料2|1873,1,847210.3433,845149.532246,899827.13808,867807.762277
附件一（训练集）.xlsx|材料2|1874,0,1514192.745,1546780.07459,1535933.12546,1450548.33554
附件一（训练集）.xlsx|材料2|1875,0,3580.256252,5191.58290111,3194.99456198,2827.42359937
附件一（训练集）.xlsx|材料2|1876,1,5937.019339,7750.95146618,6411.74405999,6614.0644224
附件一（训练集）.xlsx|材料2|1877,1,9600.650682,9583.13029346,9057.46814841,9394.70475426
附件一（训练集）.xlsx|材料2|1878,4,27260.61163,27985.1230788,26454.8956189,26746.8886612
附件一（训练集）.xlsx|材料2|1879,4,76473.1808,77614.6743496,74471.5669387,77462.8802158
附件一（训练集）.xlsx|材料2|188,3,489.1650914,603.778712442,596.474461575,565.689930451
附件一（训练集）.xlsx|材料2|1880,0,230945.0137,197753.921265,225869.011712,224761.037751
附件一（训练集）.xlsx|材料2|1881,1,413459.5694,369953.971851,410263.664653,415122.314928
附件一（训练集）.xlsx|材料2|1882,4,720992.4137,628597.744851,679050.503334,665761.373198
附件一（训练集）.xlsx|材料2|1883,1,1277830.757,1100874.72915,1337198.19715,1283528.6097
附件一（训练集）.xlsx|材料2|1884,1,6513.144079,7584.25218972,5791.35608276,5394.85927553
附件一（训练集）.xlsx|材料2|1885,2,10567.10406,10529.4359544,10119.0753039,10896.1339366
附件一（训练集）.xlsx|材料2|1886,0,46844.74842,47897.1260681,49838.4007673,48888.6457348
附件一（训练集）.xlsx|材料2|1887,2,76666.51791,80098.7242895,78319.905193,79521.4828761
附件一（训练集）.xlsx|材料2|1888,1,378788.5195,349363.88255,373014.003615,381376.139905
附件一（训练集）.xlsx|材料2|1889,1,1132705.639,996721.467423,1169933.24731,1145651.53664
附件一（训练集）.xlsx|材料2|189,4,826.6104883,754.803577496,720.38551355,762.895675206
附件一（训练集）.xlsx|材料2|1890,4,4344.320615,6083.41490546,4468.16953865,4183.28311468
附件一（训练集）.xlsx|材料2|1891,2,11416.72671,14198.2184839,10671.9937982,10146.1835724
附件一（训练集）.xlsx|材料2|1892,0,18481.39501,23676.6665801,18561.4689043,16674.8948032
附件一（训练集）.xlsx|材料2|1893,1,48575.35832,90388.0546224,53221.4866866,51074.0206867
附件一（训练集）.xlsx|材料2|1894,0,79387.57353,106056.248478,88641.322105,75103.2546214
附件一（训练集）.xlsx|材料2|1895,2,128328.6845,143399.517969,124118.871973,124584.288195
附件一（训练集）.xlsx|材料2|1896,3,362174.6437,443744.348723,414031.652644,424472.585412
附件一（训练集）.xlsx|材料2|1897,0,1044220.895,1040446.9176,1087318.93327,1059161.87837
附件一（训练集）.xlsx|材料2|1898,3,12009.41346,11250.3925747,11478.9446722,11312.4829835
附件一（训练集）.xlsx|材料2|1899,2,19422.6685,20179.8284022,18357.0718087,18152.6410481
附件一（训练集）.xlsx|材料2|19,0,21196.39962,23091.1854735,21368.9998014,20464.641355
附件一（训练集）.xlsx|材料2|190,0,2870.887354,2686.19754141,2450.7116106,2554.95660108
附件一（训练集）.xlsx|材料2|1900,0,31519.94164,32954.6358118,32318.1209058,32649.8897215
附件一（训练集）.xlsx|材料2|1901,1,348079.5526,365986.531947,343704.771054,350216.255342
附件一（训练集）.xlsx|材料2|1902,3,573152.8711,604010.731353,545440.907962,604277.94937
附件一（训练集）.xlsx|材料2|1903,3,12958.11719,12004.4420012,12217.0617301,12728.9896135
附件一（训练集）.xlsx|材料2|1904,3,20774.89095,19120.7392411,19958.6305719,19230.3506894
附件一（训练集）.xlsx|材料2|1905,2,33462.42424,24034.9527238,34214.4487892,33602.6967447
附件一（训练集）.xlsx|材料2|1906,1,134764.847,109806.030142,139075.966991,136450.739996
附件一（训练集）.xlsx|材料2|1907,0,217066.3148,154687.507062,230726.746712,216925.377352
附件一（训练集）.xlsx|材料2|1908,0,350618.8601,267372.817158,355068.738347,370936.213232
附件一（训练集）.xlsx|材料2|1909,0,941174.6315,965744.532612,947482.195422,969271.213229
附件一（训练集）.xlsx|材料2|191,0,5098.942799,4594.71740941,5418.19219837,5270.33541278
附件一（训练集）.xlsx|材料2|1910,2,5871.970342,6633.65613694,5956.59064076,5809.55837493
附件一（训练集）.xlsx|材料2|1911,1,10917.26446,12358.644532,12384.3083793,12050.6189863
附件一（训练集）.xlsx|材料2|1912,1,21658.1299,24139.25602,24225.0471042,24379.6794914
附件一（训练集）.xlsx|材料2|1913,0,42507.28763,40592.9176409,45486.0287522,43230.3210643
附件一（训练集）.xlsx|材料2|1914,2,84664.2331,86657.0679126,87194.3952418,89704.4418787
附件一（训练集）.xlsx|材料2|1915,2,167447.2199,170415.726301,158180.274484,166647.438824
附件一（训练集）.xlsx|材料2|1916,4,315029.2479,321878.3522,333593.410386,333978.569419
附件一（训练集）.xlsx|材料2|1917,0,560173.0846,568300.312099,588680.876417,564437.070741
附件一（训练集）.xlsx|材料2|1918,1,4608.06788,5341.39106904,5147.83625818,4963.96139078
附件一（训练集）.xlsx|材料2|1919,1,29592.06795,31026.3826226,32847.3642339,30652.9487895
附件一（训练集）.xlsx|材料2|192,2,9314.062583,9970.86298858,10415.1934476,9601.31485336
附件一（训练集）.xlsx|材料2|1920,3,59558.23858,63175.0023158,63413.3669228,64902.1771347
附件一（训练集）.xlsx|材料2|1921,0,229752.379,240420.003557,245304.526818,234381.05966
附件一（训练集）.xlsx|材料2|1922,4,430632.6788,429485.333383,451900.030499,445668.430041
附件一（训练集）.xlsx|材料2|1923,3,780492.4168,850923.016182,862624.906383,812423.876173
附件一（训练集）.xlsx|材料2|1924,2,11844.75227,11890.2022565,11622.3364849,11821.861291
附件一（训练集）.xlsx|材料2|1925,2,22020.27172,24157.4705433,22898.5477479,23847.3875572
附件一（训练集）.xlsx|材料2|1926,1,43443.61962,47173.4358172,46107.9474715,45679.7131838
附件一（训练集）.xlsx|材料2|1927,3,85262.88498,90050.1247772,95115.9711452,99137.8820461
附件一（训练集）.xlsx|材料2|1928,3,166256.5137,173208.063793,164366.241146,159842.425018
附件一（训练集）.xlsx|材料2|1929,0,317332.4056,356567.826694,327050.169886,303680.768293
附件一（训练集）.xlsx|材料2|193,1,30539.60962,30334.8576721,31124.1238482,30754.4598972
附件一（训练集）.xlsx|材料2|1930,4,597365.2946,589130.258555,649645.077937,621115.975572
附件一（训练集）.xlsx|材料2|1931,3,1080374.614,1123617.23786,1133391.69249,1102953.74316
附件一（训练集）.xlsx|材料2|1932,2,3550.68744,4956.8522993,3586.09626455,3323.16928493
附件一（训练集）.xlsx|材料2|1933,0,36171.38356,47675.7480527,34261.9501376,34266.3808024
附件一（训练集）.xlsx|材料2|1934,0,128896.4232,157232.967059,135669.014806,128391.233489
附件一（训练集）.xlsx|材料2|1935,3,245528.7633,299469.352778,250875.655281,257753.873187
附件一（训练集）.xlsx|材料2|1936,1,861730.3108,928911.323896,896044.641197,868105.88892
附件一（训练集）.xlsx|材料2|1937,0,1531969.385,1609832.57798,1554568.80514,1521918.16152
附件一（训练集）.xlsx|材料2|1938,1,3631.786133,4403.48150667,4379.52079564,4068.68843728
附件一（训练集）.xlsx|材料2|1939,4,32471.76746,29587.2741053,31847.5334075,30384.1458922
附件一（训练集）.xlsx|材料2|194,2,56553.77309,55506.5149147,57427.5937694,55942.6025444
附件一（训练集）.xlsx|材料2|1940,2,59211.46679,68970.1610322,57022.508326,59532.1470338
附件一（训练集）.xlsx|材料2|1941,0,107956.8387,111114.758611,104781.188776,98668.7099689
附件一（训练集）.xlsx|材料2|1942,1,198790.1701,191574.83757,195768.929815,189575.119545
附件一（训练集）.xlsx|材料2|1943,4,374899.6746,409421.945325,414627.311774,406641.743694
附件一（训练集）.xlsx|材料2|1944,1,689600.3019,709906.396568,774307.725582,774276.817239
附件一（训练集）.xlsx|材料2|1945,1,2251099.122,2121218.3851,2233239.19607,2179465.72686
附件一（训练集）.xlsx|材料2|1946,1,4023.588584,5759.21854648,3620.11025851,3744.06238567
附件一（训练集）.xlsx|材料2|1947,1,6442.17316,7582.68052681,6409.68975235,6471.70160464
附件一（训练集）.xlsx|材料2|1948,4,18265.11589,25132.8933038,17998.4256934,18250.3534882
附件一（训练集）.xlsx|材料2|1949,3,31924.15044,35253.4913515,28341.8374571,29405.7851387
附件一（训练集）.xlsx|材料2|195,3,109007.1796,104961.319491,113020.826957,104763.607518
附件一（训练集）.xlsx|材料2|1950,4,55150.91391,77614.6743496,55575.3930279,53832.4647883
附件一（训练集）.xlsx|材料2|1951,1,1011721.234,1071632.61148,1084882.22143,996139.421196
附件一（训练集）.xlsx|材料2|1952,0,1823489.659,1734652.64444,1809078.82036,1810028.4681
附件一（训练集）.xlsx|材料2|1953,1,11869.04469,16218.8924661,12108.2449458,11598.9751972
附件一（训练集）.xlsx|材料2|1954,0,19324.71841,25142.794273,19322.3647254,17592.4631784
附件一（训练集）.xlsx|材料2|1955,2,54974.99425,80098.7242895,56694.9126217,56598.5960279
附件一（训练集）.xlsx|材料2|1956,1,93428.53816,116987.086868,91708.8907257,90474.5986238
附件一（训练集）.xlsx|材料2|1957,1,160380.0629,185014.915068,164432.26741,162509.966862
附件一（训练集）.xlsx|材料2|1958,1,283816.1541,347732.718487,286407.194718,274371.69841
附件一（训练集）.xlsx|材料2|1959,0,503643.1676,588855.285538,515624.418507,542931.823975
附件一（训练集）.xlsx|材料2|196,2,340259.7217,321246.476636,326547.666652,330979.242305
附件一（训练集）.xlsx|材料2|1960,1,876919.6971,907841.257968,928503.143075,954988.410657
附件一（训练集）.xlsx|材料2|1961,3,4900.271977,5032.45176704,4739.12914723,4516.93365405
附件一（训练集）.xlsx|材料2|1962,1,33858.09922,31362.4066208,32379.3510759,32763.2995244
附件一（训练集）.xlsx|材料2|1963,0,56179.7858,52809.6259384,53053.0653372,50845.2893112
附件一（训练集）.xlsx|材料2|1964,2,92291.41485,88975.6194851,92531.5615939,88826.7596522
附件一（训练集）.xlsx|材料2|1965,3,264847.4328,304902.116884,298354.463908,297941.549118
附件一（训练集）.xlsx|材料2|1966,0,455051.0219,468572.339687,494049.634167,458929.297573
附件一（训练集）.xlsx|材料2|1967,0,1355989.326,1279812.72616,1292397.39923,1369498.20152
附件一（训练集）.xlsx|材料2|1968,4,5353.768256,9657.30582964,5079.02588068,4694.57513808
附件一（训练集）.xlsx|材料2|1969,0,22166.33865,19711.749929,22061.762562,20506.7035876
附件一（训练集）.xlsx|材料2|197,4,603.8246172,608.93233648,625.341971896,592.377058286
附件一（训练集）.xlsx|材料2|1970,3,35770.68168,31758.233923,35015.8185684,35689.5166603
附件一（训练集）.xlsx|材料2|1971,1,58536.5101,53841.9046335,58541.273376,56383.5394977
附件一（训练集）.xlsx|材料2|1972,0,95751.76379,83239.0212689,94079.8468462,89971.0518007
附件一（训练集）.xlsx|材料2|1973,2,154134.15,134084.195667,157451.08311,160738.091142
附件一（训练集）.xlsx|材料2|1974,1,259940.1198,269127.045281,265990.975009,266123.698007
附件一（训练集）.xlsx|材料2|1975,0,735513.807,719583.26382,746169.534136,743343.565881
附件一（训练集）.xlsx|材料2|1976,3,14903.8318,19120.7392411,15034.6495292,14093.0332571
附件一（训练集）.xlsx|材料2|1977,2,23641.48285,25564.0304881,23259.0420034,23288.0031242
附件一（训练集）.xlsx|材料2|1978,2,38040.92897,48419.9555635,39791.2791098,38798.4531029
附件一（训练集）.xlsx|材料2|1979,4,61396.18938,72502.9758131,62465.3485536,63876.0916739
附件一（训练集）.xlsx|材料2|198,1,1112.815306,1165.30514451,1162.32806296,1132.03984359
附件一（训练集）.xlsx|材料2|1980,0,258564.348,267372.817158,266795.602678,262077.469502
附件一（训练集）.xlsx|材料2|1981,2,427365.5179,450761.568554,422926.010004,442318.266791
附件一（训练集）.xlsx|材料2|1982,0,705353.3183,715479.584707,726360.018089,704435.023457
附件一（训练集）.xlsx|材料2|1983,4,1184169.919,1122193.84795,1150147.60432,1126860.2879
附件一（训练集）.xlsx|材料2|1984,1,20506.58357,25042.8879258,20727.0686838,21592.804813
附件一（训练集）.xlsx|材料2|1985,0,38959.8883,42521.1422655,41971.6162649,42200.5357716
附件一（训练集）.xlsx|材料2|1986,2,79367.62078,84165.9289164,78264.7507169,78341.0084673
附件一（训练集）.xlsx|材料2|1987,2,156252.7407,164560.291134,154617.743551,160698.21495
附件一（训练集）.xlsx|材料2|1988,4,295717.5849,320534.263164,294551.554617,299774.675752
附件一（训练集）.xlsx|材料2|1989,2,7539.186359,7696.31726131,6911.03985958,6634.43289749
附件一（训练集）.xlsx|材料2|199,0,6774.363311,7165.84676336,7274.09107071,6649.75479277
附件一（训练集）.xlsx|材料2|1990,3,54068.53089,60536.6385156,56089.3164977,58246.9399301
附件一（训练集）.xlsx|材料2|1991,0,212441.9404,236158.894472,240523.037706,235780.630985
附件一（训练集）.xlsx|材料2|1992,3,733199.0868,818327.706722,830069.438024,763721.082255
附件一（训练集）.xlsx|材料2|1993,1,5646.570389,7004.91796838,5683.08747797,5674.44591632
附件一（训练集）.xlsx|材料2|1994,2,19616.05455,24157.4705433,18014.8631709,20636.3053973
附件一（训练集）.xlsx|材料2|1995,1,38089.99016,40774.7960378,34766.1091706,37985.0523658
附件一（训练集）.xlsx|材料2|1996,3,75532.64114,78103.3042257,80170.225912,84424.2493288
附件一（训练集）.xlsx|材料2|1997,0,289572.3021,355297.807805,278211.333998,268072.73237
附件一（训练集）.xlsx|材料2|1998,2,5307.915365,8508.11295411,6051.42204906,5812.76013812
附件一（训练集）.xlsx|材料2|1999,0,9673.052859,16181.4447518,10077.5692553,11045.694723
附件一（训练集）.xlsx|材料2|2,3,2348.679049,2094.9921506,2192.11128164,2112.99900356
附件一（训练集）.xlsx|材料2|20,1,36044.49331,36667.674531,31630.8306626,30393.994093
附件一（训练集）.xlsx|材料2|200,0,11870.46425,12311.8246067,11535.4064833,11462.4090008
附件一（训练集）.xlsx|材料2|2000,1,16328.42315,24749.1643257,15774.6431584,17418.4719095
附件一（训练集）.xlsx|材料2|2001,1,58740.61353,83124.0091702,58929.7180221,64192.1513396
附件一（训练集）.xlsx|材料2|2002,0,115091.4652,157232.967059,126436.938338,125606.431087
附件一（训练集）.xlsx|材料2|2003,2,421243.1186,575384.727541,440271.926329,450733.38703
附件一（训练集）.xlsx|材料2|2004,0,1439173.141,1674279.06592,1471698.92552,1513657.39994
附件一（训练集）.xlsx|材料2|2005,4,8916.227358,16770.2025711,9449.45878755,9365.60090125
附件一（训练集）.xlsx|材料2|2006,3,15071.15094,17431.4841701,14319.093919,14957.1336059
附件一（训练集）.xlsx|材料2|2007,0,93482.34644,104700.45749,85630.6141097,81676.8190919
附件一（训练集）.xlsx|材料2|2008,1,172926.8156,190467.57569,164777.904127,168299.389504
附件一（训练集）.xlsx|材料2|2009,1,611998.8406,707013.811346,641983.180491,618392.415091
附件一（训练集）.xlsx|材料2|201,3,21596.21628,20192.7749079,19762.9462574,20986.1326185
附件一（训练集）.xlsx|材料2|2010,0,1140242.199,1333861.69947,1177184.49036,1052473.98231
附件一（训练集）.xlsx|材料2|2011,1,2074797.042,2121218.3851,2127341.66488,2112217.06498
附件一（训练集）.xlsx|材料2|2012,1,5421.677875,8592.26674541,4924.71168847,4922.56171655
附件一（训练集）.xlsx|材料2|2013,4,9300.337035,14134.3444433,8751.54866516,9326.49449294
附件一（训练集）.xlsx|材料2|2014,4,15109.39079,24645.4728551,14186.7542148,14432.6722509
附件一（训练集）.xlsx|材料2|2015,4,45649.54559,68940.6664117,47278.5436692,47906.2173477
附件一（训练集）.xlsx|材料2|2016,2,83363.23236,121509.42268,76236.540722,79542.3116209
附件一（训练集）.xlsx|材料2|2017,0,149115.1564,200469.558702,149348.042205,140390.006773
附件一（训练集）.xlsx|材料2|2018,4,501154.4233,622076.196306,525111.438319,501090.283116
附件一（训练集）.xlsx|材料2|2019,0,16064.29692,25142.794273,18011.8075025,16718.8734224
附件一（训练集）.xlsx|材料2|202,4,40589.75978,39152.5712316,42009.2475605,39964.7315805
附件一（训练集）.xlsx|材料2|2020,0,26957.19114,44172.4357226,29400.8318378,26970.2313897
附件一（训练集）.xlsx|材料2|2021,2,45759.5104,74948.87827,48557.7073694,47195.5988393
附件一（训练集）.xlsx|材料2|2022,1,79398.74641,116987.086868,78525.53081,78704.7284857
附件一（训练集）.xlsx|材料2|2023,1,244584.9692,349363.88255,261544.916828,239103.032303
附件一（训练集）.xlsx|材料2|2024,1,782056.4547,895165.000992,811334.229601,840589.965583
附件一（训练集）.xlsx|材料2|2025,1,1393404.584,1580601.81578,1417547.80661,1499927.88633
附件一（训练集）.xlsx|材料2|2026,0,2475607.66,2049502.80885,2177634.85019,2146408.71297
附件一（训练集）.xlsx|材料2|2027,0,10949.60766,11490.271075,9711.88026601,9686.32102636
附件一（训练集）.xlsx|材料2|2028,3,17265.57554,18550.6580428,16314.0313941,16745.6074618
附件一（训练集）.xlsx|材料2|2029,1,28679.77649,32997.761543,28410.7190186,27443.1633117
附件一（训练集）.xlsx|材料2|203,0,78221.76535,85682.8788334,83238.5495365,81503.9175172
附件一（训练集）.xlsx|材料2|2030,0,47154.35905,54211.9785866,48453.1355454,46508.417917
附件一（训练集）.xlsx|材料2|2031,2,78889.48266,88975.6194851,78778.89784,73375.0260569
附件一（训练集）.xlsx|材料2|2032,1,132632.7663,155608.888567,141505.485379,143411.087558
附件一（训练集）.xlsx|材料2|2033,3,229617.6991,305937.539696,259297.638798,253907.314546
附件一（训练集）.xlsx|材料2|2034,0,396536.2924,468572.339687,426817.467711,413424.310268
附件一（训练集）.xlsx|材料2|2035,0,698783.687,792342.948813,703683.944999,709392.650742
附件一（训练集）.xlsx|材料2|2036,0,1220458.055,1340811.00609,1359994.1276,1290365.8825
附件一（训练集）.xlsx|材料2|2037,3,2115037.701,1942455.54864,1997045.25767,2024475.27111
附件一（训练集）.xlsx|材料2|2038,3,7835.58571,12004.4420012,8081.34737131,8170.49059186
附件一（训练集）.xlsx|材料2|2039,3,12885.53251,20880.5164818,11982.1305028,11850.0440372
附件一（训练集）.xlsx|材料2|204,2,260774.9502,262294.040935,270635.267089,277293.937321
附件一（训练集）.xlsx|材料2|2040,2,32633.28384,42828.9802873,33149.1530346,32339.1479359
附件一（训练集）.xlsx|材料2|2041,4,52137.38582,72502.9758131,51117.8310351,51336.4735021
附件一（训练集）.xlsx|材料2|2042,1,85030.20855,96451.124759,84988.2102627,88071.0535683
附件一（训练集）.xlsx|材料2|2043,0,136988.7001,169507.655739,137422.625123,136690.631324
附件一（训练集）.xlsx|材料2|2044,0,223172.8676,255746.110363,219564.968714,225882.83406
附件一（训练集）.xlsx|材料2|2045,2,368760.2617,450761.568554,372818.561974,382999.403678
附件一（训练集）.xlsx|材料2|2046,4,29541.11087,30394.7996218,28592.0456573,29669.9525266
附件一（训练集）.xlsx|材料2|2047,0,51880.4666,51397.9194192,51658.6425525,50925.262138
附件一（训练集）.xlsx|材料2|2048,1,281428.9004,299925.823196,291149.826549,291728.614552
附件一（训练集）.xlsx|材料2|2049,1,1298882.472,1482597.664,1179102.46904,1230154.04278
附件一（训练集）.xlsx|材料2|205,0,466.5996296,705.045267348,641.939183618,662.608030956
附件一（训练集）.xlsx|材料2|2050,3,2196199.974,1970579.9105,2000774.1915,2138143.25431
附件一（训练集）.xlsx|材料2|2051,1,15560.72125,18221.7060764,15379.7665298,14657.4384765
附件一（训练集）.xlsx|材料2|2052,2,5738.546733,6947.36190269,5974.07237968,5998.1729885
附件一（训练集）.xlsx|材料2|2053,4,29405.85185,30161.3039668,28468.6230123,29521.5245495
附件一（训练集）.xlsx|材料2|2054,1,280554.3163,299925.823196,294093.773665,291001.239789
附件一（训练集）.xlsx|材料2|2055,4,485252.5939,514132.72072,488105.544785,487066.840134
附件一（训练集）.xlsx|材料2|2056,2,1434332.351,1597646.82426,1481099.4485,1428898.80159
附件一（训练集）.xlsx|材料2|2057,2,2415876.194,2407904.0701,2334664.18885,2203198.72228
附件一（训练集）.xlsx|材料2|2058,2,9195.179236,8115.21687089,7966.55203659,8231.23796078
附件一（训练集）.xlsx|材料2|2059,2,16331.46002,16149.9490056,15662.8347982,15811.5857515
附件一（训练集）.xlsx|材料2|206,1,1515.390945,1500.57333168,1548.39017784,1536.19473329
附件一（训练集）.xlsx|材料2|2060,3,28603.08777,26011.6739752,28346.3603885,28590.0142167
附件一（训练集）.xlsx|材料2|2061,1,49610.55138,51095.9797024,51442.2192591,54723.6189271
附件一（训练集）.xlsx|材料2|2062,4,82932.62811,79330.2600939,80385.6733255,82205.0551147
附件一（训练集）.xlsx|材料2|2063,3,388218.359,368955.180445,425404.795934,396177.227761
附件一（训练集）.xlsx|材料2|2064,3,661243.6766,674491.115533,736237.618492,684685.000953
附件一（训练集）.xlsx|材料2|2065,2,7344.906767,8370.24146036,6788.60774394,6510.0951758
附件一（训练集）.xlsx|材料2|2066,3,111077.129,106947.047546,108001.55763,110755.701324
附件一（训练集）.xlsx|材料2|2067,2,5453.850149,5351.38662061,5036.67372328,5322.35314516
附件一（训练集）.xlsx|材料2|2068,2,9602.500753,9152.00536052,8855.26323465,8805.2333419
附件一（训练集）.xlsx|材料2|2069,2,53421.35589,52068.0657685,51750.2587198,53289.8508575
附件一（训练集）.xlsx|材料2|207,1,2674.931743,2499.24158936,2423.33314502,2295.15416339
附件一（训练集）.xlsx|材料2|2070,3,153551.0472,154302.290409,137436.23161,131162.216738
附件一（训练集）.xlsx|材料2|2071,0,255622.5068,204623.234406,199196.752387,188079.28216
附件一（训练集）.xlsx|材料2|2072,3,744128.6969,719319.36123,692019.972379,677634.22436
附件一（训练集）.xlsx|材料2|2073,3,6962.602316,7129.78064405,7074.91551109,7084.54825368
附件一（训练集）.xlsx|材料2|2074,3,12528.02604,13885.0376688,12056.3596531,11144.0396884
附件一（训练集）.xlsx|材料2|2075,4,22937.25942,23089.0904312,24351.8810569,23347.0330998
附件一（训练集）.xlsx|材料2|2076,4,120549.2393,105596.772051,120195.149255,125284.442906
附件一（训练集）.xlsx|材料2|2077,3,341359.567,372068.736921,371436.512938,382523.662288
附件一（训练集）.xlsx|材料2|2078,2,955949.3818,843265.218269,919864.566871,932262.226342
附件一（训练集）.xlsx|材料2|2079,3,1624043.735,1532787.0209,1553768.98653,1595399.09794
附件一（训练集）.xlsx|材料2|208,0,8854.433309,8591.0252989,9121.52125977,8780.17760688
附件一（训练集）.xlsx|材料2|2080,4,2787.605033,2538.10308289,2528.29178056,2513.05338814
附件一（训练集）.xlsx|材料2|2081,2,9399.565641,8605.22488678,8595.71808363,8747.99275155
附件一（训练集）.xlsx|材料2|2082,0,17024.26613,18039.6954179,21092.0967664,20472.3721609
附件一（训练集）.xlsx|材料2|2083,1,31233.96702,33509.4850198,29397.1241731,29289.7798583
附件一（训练集）.xlsx|材料2|2084,2,55263.63552,54856.7966923,51733.7005129,55704.3070667
附件一（训练集）.xlsx|材料2|2085,4,95918.14752,95729.7530304,101951.076132,95136.6129716
附件一（训练集）.xlsx|材料2|2086,2,164047.6068,158113.533782,148435.656766,154720.061985
附件一（训练集）.xlsx|材料2|2087,3,279964.6509,293169.236943,290936.369665,322320.096466
附件一（训练集）.xlsx|材料2|2088,4,472117.7889,459702.153257,479869.564534,489932.505026
附件一（训练集）.xlsx|材料2|2089,2,784786.4515,769858.584365,711837.22494,728680.244772
附件一（训练集）.xlsx|材料2|209,4,57345.63875,59344.5050732,56861.7065694,54979.8807066
附件一（训练集）.xlsx|材料2|2090,0,1334506.489,1356982.10058,1361924.38489,1409019.54185
附件一（训练集）.xlsx|材料2|2091,2,2140.008691,2150.22763588,2433.51754632,2451.52080915
附件一（训练集）.xlsx|材料2|2092,1,24128.88484,23557.232703,24754.543835,23112.6144825
附件一（训练集）.xlsx|材料2|2093,1,76872.06304,85552.8678928,77821.0288317,76316.6128115
附件一（训练集）.xlsx|材料2|2094,4,1891345.868,1836609.74672,1816334.53156,1802304.24742
附件一（训练集）.xlsx|材料2|2095,1,5617.444486,5030.8813318,5241.97212811,5044.3242467
附件一（训练集）.xlsx|材料2|2096,1,33950.45822,32347.3184301,35371.7588885,35177.3405843
附件一（训练集）.xlsx|材料2|2097,1,106990.0439,97752.2036715,101901.575373,98657.8983744
附件一（训练集）.xlsx|材料2|2098,0,934211.1889,876724.115615,981044.826352,985042.972528
附件一（训练集）.xlsx|材料2|2099,4,1582655.647,1688535.44359,1674855.31665,1682498.77525
附件一（训练集）.xlsx|材料2|21,1,60921.92187,62490.5749426,61669.4261523,62152.4923503
附件一（训练集）.xlsx|材料2|210,0,107839.5756,105259.577498,112162.902015,109671.130416
附件一（训练集）.xlsx|材料2|2100,3,2827.482838,2631.34464737,2714.92913766,2737.09790772
附件一（训练集）.xlsx|材料2|2101,0,4996.939953,4699.98730104,4958.09513024,4359.16931265
附件一（训练集）.xlsx|材料2|2102,3,8804.819304,7974.05202267,8866.33355316,9194.42841649
附件一（训练集）.xlsx|材料2|2103,2,28795.78458,28248.8395206,28573.0135741,29575.536686
附件一（训练集）.xlsx|材料2|2104,3,159710.2495,153273.064676,163544.597803,149047.466546
附件一（训练集）.xlsx|材料2|2105,0,1383171.795,1313670.67152,1369777.36584,1302856.09511
附件一（训练集）.xlsx|材料2|2106,0,2792.725218,3015.31212421,3006.91794212,3173.91996375
附件一（训练集）.xlsx|材料2|2107,4,4739.489201,4561.61345096,4580.33292775,4482.13764418
附件一（训练集）.xlsx|材料2|2108,3,8239.273599,8547.09220512,9243.29165523,8701.1893309
附件一（训练集）.xlsx|材料2|2109,0,25494.097,32971.9628716,28212.2291878,29576.1168369
附件一（训练集）.xlsx|材料2|211,1,194383.5983,209016.162687,213028.414934,205653.364782
附件一（训练集）.xlsx|材料2|2110,1,44596.65844,48771.6290154,48848.790236,47106.2309178
附件一（训练集）.xlsx|材料2|2111,4,76764.66709,80887.8080895,72416.5950363,76937.9184524
附件一（训练集）.xlsx|材料2|2112,0,136662.4821,149570.612022,145419.188351,141726.93985
附件一（训练集）.xlsx|材料2|2113,4,239606.0676,266267.154965,243730.117101,247416.460562
附件一（训练集）.xlsx|材料2|2114,2,412037.7904,394719.742193,398994.5632,402358.275324
附件一（训练集）.xlsx|材料2|2115,4,713569.116,708866.597392,760674.804706,761214.172743
附件一（训练集）.xlsx|材料2|2116,3,1219518.658,1117045.81797,1178476.76437,1156096.06981
附件一（训练集）.xlsx|材料2|2117,4,8308.164561,8968.57874122,8947.42574016,9170.26091028
附件一（训练集）.xlsx|材料2|2118,3,14281.06873,12724.4852632,15590.8317943,15169.3361923
附件一（训练集）.xlsx|材料2|2119,0,24235.85861,22416.8527712,25411.060093,27146.4573356
附件一（训练集）.xlsx|材料2|212,2,371763.451,376337.911288,386130.230164,373323.27975
附件一（训练集）.xlsx|材料2|2120,1,72052.92382,69030.8733383,72812.7721872,70713.7626458
附件一（训练集）.xlsx|材料2|2121,4,124660.3536,123876.808488,125136.282152,124840.280518
附件一（训练集）.xlsx|材料2|2122,0,216542.0732,238952.886656,224794.138686,222951.851564
附件一（训练集）.xlsx|材料2|2123,2,648525.7527,635309.683264,622792.101008,609130.15952
附件一（训练集）.xlsx|材料2|2124,3,27134.58756,25232.8672343,24867.0620127,24321.3688648
附件一（训练集）.xlsx|材料2|2125,1,47686.32377,51095.9797024,49369.7642077,49090.2187858
附件一（训练集）.xlsx|材料2|2126,4,134950.863,144944.005426,145531.663831,143095.714053
附件一（训练集）.xlsx|材料2|2127,2,228414.8813,243760.346914,230382.801203,240209.280933
附件一（训练集）.xlsx|材料2|2128,3,381236.1143,372492.870179,424302.190681,376973.144094
附件一（训练集）.xlsx|材料2|2129,3,641862.4261,674491.115533,697367.86201,636985.607637
附件一（训练集）.xlsx|材料2|213,3,650671.877,635610.792487,685074.8767,683104.817116
附件一（训练集）.xlsx|材料2|2130,2,21942.46839,24186.7397858,22576.9656436,22351.9452141
附件一（训练集）.xlsx|材料2|2131,2,38455.79461,39072.9798485,33391.3390051,34085.7551589
附件一（训练集）.xlsx|材料2|2132,0,65851.73389,68897.7713689,67450.5670904,63948.146876
附件一（训练集）.xlsx|材料2|2133,3,108150.0875,107153.828152,98529.8417697,98703.5131865
附件一（训练集）.xlsx|材料2|2134,0,182269.2002,186367.437036,177453.607752,177427.505181
附件一（训练集）.xlsx|材料2|2135,3,506468.358,496524.916774,517886.330096,522645.8719
附件一（训练集）.xlsx|材料2|2136,4,16482.07983,15799.3435129,16056.5796934,16432.1539712
附件一（训练集）.xlsx|材料2|2137,1,52334.61298,55525.1336786,53109.5174589,52829.2018857
附件一（训练集）.xlsx|材料2|2138,4,86734.11479,85934.1996107,89635.0228598,89402.0320106
附件一（训练集）.xlsx|材料2|2139,2,148640.5789,143072.882608,138915.776005,138576.909344
附件一（训练集）.xlsx|材料2|214,4,875.5880624,1060.22128867,900.768871607,973.837427208
附件一（训练集）.xlsx|材料2|2140,2,704931.0854,655248.134844,677470.758661,661901.990997
附件一（训练集）.xlsx|材料2|2141,1,67355.65753,71346.199103,70951.1626646,66068.499736
附件一（训练集）.xlsx|材料2|2142,4,117003.3018,105596.772051,113247.948101,113755.197127
附件一（训练集）.xlsx|材料2|2143,2,196409.0514,195330.747945,202417.525935,203337.494744
附件一（训练集）.xlsx|材料2|2144,3,553365.5185,657748.078963,659351.478209,666186.811596
附件一（训练集）.xlsx|材料2|2145,3,1572588.897,1637074.07703,1581081.4251,1602277.37654
附件一（训练集）.xlsx|材料2|2146,0,16161.49642,16197.9497424,17676.9010654,18386.418266
附件一（训练集）.xlsx|材料2|2147,2,157347.3766,161686.545259,148122.266493,158691.112487
附件一（训练集）.xlsx|材料2|2148,4,449808.0046,470248.175492,455248.662914,461870.491819
附件一（训练集）.xlsx|材料2|2149,2,753635.356,769572.372088,723186.955693,733310.818248
附件一（训练集）.xlsx|材料2|215,4,1170.49794,1058.92968191,1131.21807179,1109.14569544
附件一（训练集）.xlsx|材料2|2150,1,2145731.463,2015803.00241,2017026.92442,2175657.86115
附件一（训练集）.xlsx|材料2|2151,0,6501.774684,5429.69356995,6151.7690902,5900.91387804
附件一（训练集）.xlsx|材料2|2152,0,39727.08737,38415.3179675,38238.775339,35136.6291574
附件一（训练集）.xlsx|材料2|2153,1,72955.44677,70153.6487026,64592.1241724,65933.1258586
附件一（训练集）.xlsx|材料2|2154,2,126975.6079,142770.312051,131449.070513,127564.194112
附件一（训练集）.xlsx|材料2|2155,2,217731.2834,224954.47472,187739.65651,195701.358424
附件一（训练集）.xlsx|材料2|2156,3,371541.1512,340751.388296,346559.298868,360067.372904
附件一（训练集）.xlsx|材料2|2157,4,1053946.26,1167318.16574,1209704.13773,1205597.99681
附件一（训练集）.xlsx|材料2|2158,3,17332.54236,19810.0594984,17289.6337743,17430.1434804
附件一（训练集）.xlsx|材料2|2159,0,56932.25789,57483.3053798,55073.8215955,56292.7343012
附件一（训练集）.xlsx|材料2|216,0,2076.130554,2090.92431638,1999.98464199,1920.81884288
附件一（训练集）.xlsx|材料2|2160,2,177390.6844,186295.140519,189833.78208,180819.485441
附件一（训练集）.xlsx|材料2|2161,3,521202.5382,557347.538863,517526.222386,514469.944487
附件一（训练集）.xlsx|材料2|2162,0,882740.6033,876724.115615,945465.241213,947791.090743
附件一（训练集）.xlsx|材料2|2163,4,2510876.572,2280835.92626,2303581.42992,2363207.22625
附件一（训练集）.xlsx|材料2|2164,0,4155.601938,4368.45685022,3901.27885154,3844.00632099
附件一（训练集）.xlsx|材料2|2165,3,14004.64135,15149.1356617,14718.8860769,14032.4374774
附件一（训练集）.xlsx|材料2|2166,2,24804.08924,28458.0531434,26497.140124,26786.9145265
附件一（训练集）.xlsx|材料2|2167,2,45790.28129,47257.502566,47034.5981713,48381.2651654
附件一（训练集）.xlsx|材料2|2168,4,81937.45477,87139.0157853,90758.3575562,90995.3129865
附件一（训练集）.xlsx|材料2|2169,3,145858.4415,152151.837017,153195.189069,148089.301594
附件一（训练集）.xlsx|材料2|217,4,6812.387537,6299.26208386,6086.82576106,6125.3838431
附件一（训练集）.xlsx|材料2|2170,0,257247.9668,262699.2844,264240.67843,265276.063424
附件一（训练集）.xlsx|材料2|2171,0,1273868.398,1302363.90787,1284768.57761,1267790.74906
附件一（训练集）.xlsx|材料2|2172,2,2153254.954,2137805.73799,2219811.60945,2101253.48
附件一（训练集）.xlsx|材料2|2173,4,3760.724701,3484.1570047,3683.01463027,3774.58412597
附件一（训练集）.xlsx|材料2|2174,3,6768.873431,6346.58299163,6640.44061583,6552.49122028
附件一（训练集）.xlsx|材料2|2175,0,12206.80743,13128.2647309,12421.3780786,12700.8721916
附件一（训练集）.xlsx|材料2|2176,1,39052.25315,37880.4602039,37439.3601815,37762.8078035
附件一（训练集）.xlsx|材料2|2177,4,218670.0878,209781.180868,217635.577905,218517.532578
附件一（训练集）.xlsx|材料2|2178,2,381961.6192,388342.308892,404603.305015,407149.413801
附件一（训练集）.xlsx|材料2|2179,4,658606.9644,631244.819137,616371.6223,613925.90685
附件一（训练集）.xlsx|材料2|218,3,12328.87209,12293.8989982,11545.6574754,12096.6321312
附件一（训练集）.xlsx|材料2|2180,3,1117934.548,1115808.90474,1089270.0394,1127250.25176
附件一（训练集）.xlsx|材料2|2181,3,1897565.569,1695854.4718,1759146.49764,1695452.6827
附件一（训练集）.xlsx|材料2|2182,0,3671.864898,3987.87926134,4168.50516815,4251.22675165
附件一（训练集）.xlsx|材料2|2183,3,11265.32995,13031.9801262,11144.4438023,11344.4833077
附件一（训练集）.xlsx|材料2|2184,0,19038.42147,19584.1717173,19940.9518764,20339.4359177
附件一（训练集）.xlsx|材料2|2185,0,186597.5939,199748.535586,187927.054311,181311.443812
附件一（训练集）.xlsx|材料2|2186,4,327735.2188,352085.881784,363546.925025,354308.297398
附件一（训练集）.xlsx|材料2|2187,2,571209.1142,592210.764615,551585.248432,536242.937265
附件一（训练集）.xlsx|材料2|2188,4,976095.2774,987848.079585,965578.146548,958582.374083
附件一（训练集）.xlsx|材料2|2189,3,1668217.423,1504365.93607,1564745.28666,1506779.51808
附件一（训练集）.xlsx|材料2|219,4,22497.26788,23467.883939,23940.8581674,23902.3038631
附件一（训练集）.xlsx|材料2|2190,0,6570.033133,7152.76708095,7159.77229182,7412.30002615
附件一（训练集）.xlsx|材料2|2191,1,11366.70227,10894.339352,12104.9294841,11620.1507287
附件一（训练集）.xlsx|材料2|2192,1,19003.84364,19504.4834567,20657.0225325,21324.2225512
附件一（训练集）.xlsx|材料2|2193,0,57073.00154,62519.8621277,61421.6100174,62802.144555
附件一（训练集）.xlsx|材料2|2194,1,295770.4509,285506.111308,304433.834954,298603.944125
附件一（训练集）.xlsx|材料2|2195,0,516017.763,476013.231206,533332.411311,504676.486037
附件一（训练集）.xlsx|材料2|2196,0,886260.4604,783192.874726,843049.061942,790293.222815
附件一（训练集）.xlsx|材料2|2197,0,1517844.379,1338431.57507,1449545.37942,1543765.57956
附件一（训练集）.xlsx|材料2|2198,3,29254.60094,27139.1513391,31766.2985598,30997.8015763
附件一（训练集）.xlsx|材料2|2199,1,48089.62891,50670.3547472,50726.9745013,51664.5599359
附件一（训练集）.xlsx|材料2|22,0,101976.0525,95815.2400343,106161.772985,102335.929965
附件一（训练集）.xlsx|材料2|220,2,43359.72613,45533.0622676,42709.8456277,42260.4409359
附件一（训练集）.xlsx|材料2|2200,4,82174.75889,83088.4639257,86047.192166,85378.5779386
附件一（训练集）.xlsx|材料2|2201,2,226878.8518,245969.922312,223792.316183,225959.606624
附件一（训练集）.xlsx|材料2|2202,3,383255.0727,375915.824703,428471.820821,402364.278374
附件一（训练集）.xlsx|材料2|2203,3,647861.5231,680689.227228,703601.494538,652925.911864
附件一（训练集）.xlsx|材料2|2204,2,23886.39434,29965.3619225,27772.9183984,28077.5784611
附件一（训练集）.xlsx|材料2|2205,3,111311.83,109761.334441,108019.186153,105037.391815
附件一（训练集）.xlsx|材料2|2206,0,182388.6355,177536.059896,184590.254692,176225.415052
附件一（训练集）.xlsx|材料2|2207,3,307493.3385,323405.604361,304522.968138,315963.027352
附件一（训练集）.xlsx|材料2|2208,3,513946.9849,500650.683945,512816.825387,512656.130758
附件一（训练集）.xlsx|材料2|2209,3,873955.8702,869045.975168,845512.166544,841225.947088
附件一（训练集）.xlsx|材料2|221,4,82949.02401,89982.1115319,84335.7910325,82563.2166172
附件一（训练集）.xlsx|材料2|2210,1,52797.13288,55883.9786784,51418.6639537,53098.6056602
附件一（训练集）.xlsx|材料2|2211,4,88355.53573,85975.0948627,89216.7481003,88854.4159802
附件一（训练集）.xlsx|材料2|2212,3,414147.7753,407671.652424,435244.016537,417129.319489
附件一（训练集）.xlsx|材料2|2213,3,13522.65859,15683.2771804,14675.6032845,13695.0479007
附件一（训练集）.xlsx|材料2|2214,1,69356.66927,71154.2138843,70435.310197,68531.7289556
附件一（训练集）.xlsx|材料2|2215,2,198190.4532,195330.747945,199621.309486,200735.591718
附件一（训练集）.xlsx|材料2|2216,3,561176.3293,578881.365705,587276.7746,608932.817984
附件一（训练集）.xlsx|材料2|2217,2,939697.3519,924887.266421,985739.225195,969636.790131
附件一（训练集）.xlsx|材料2|2218,2,9883.177526,9449.78244747,9577.54020726,9250.06492848
附件一（训练集）.xlsx|材料2|2219,0,17129.00057,18013.8442826,18557.0078495,18178.7119309
附件一（训练集）.xlsx|材料2|222,3,282863.8106,268649.333629,304124.310546,295546.377486
附件一（训练集）.xlsx|材料2|2220,2,54016.6353,53573.4381201,50959.0052678,50792.8464327
附件一（训练集）.xlsx|材料2|2221,4,92123.20217,90561.9199344,85347.0335575,79628.4052695
附件一（训练集）.xlsx|材料2|2222,2,159715.1503,161686.545259,151766.765505,160347.146948
附件一（训练集）.xlsx|材料2|2223,3,268951.07,291448.022406,285443.866429,301263.472506
附件一（训练集）.xlsx|材料2|2224,4,456349.9681,500944.957918,476877.297779,470056.714756
附件一（训练集）.xlsx|材料2|2225,2,763246.5592,769572.372088,768903.36185,745444.076473
附件一（训练集）.xlsx|材料2|2226,1,2209739.203,2129344.09624,2131293.66179,2129609.52318
附件一（训练集）.xlsx|材料2|2227,0,7256.824843,7610.75079483,7709.98649735,7484.92396585
附件一（训练集）.xlsx|材料2|2228,3,12651.96322,11924.9928412,11757.2341675,10632.8844586
附件一（训练集）.xlsx|材料2|2229,1,22895.25272,22804.3794091,23107.6349359,21602.556379
附件一（训练集）.xlsx|材料2|223,3,819.0847142,986.92292992,893.489866973,911.879202611
附件一（训练集）.xlsx|材料2|2230,0,41483.34055,38474.5618289,38498.0625088,35441.5975595
附件一（训练集）.xlsx|材料2|2231,2,219850.5515,224954.47472,189522.573623,195634.962236
附件一（训练集）.xlsx|材料2|2232,3,376008.8323,375792.302706,394509.081249,394830.874477
附件一（训练集）.xlsx|材料2|2233,0,629004.3214,635915.587636,697520.490997,699112.670519
附件一（训练集）.xlsx|材料2|2234,4,1065394.05,1163133.41632,1204159.45337,1209869.94815
附件一（训练集）.xlsx|材料2|2235,1,5387.477369,6282.80618638,5562.24247401,5336.78565369
附件一（训练集）.xlsx|材料2|2236,0,9413.015798,8424.02466467,8609.37321733,8029.64136602
附件一（训练集）.xlsx|材料2|2237,1,31656.25004,29802.5592352,29882.08399,28308.0216206
附件一（训练集）.xlsx|材料2|2238,0,55495.50086,55407.5589424,54352.6844856,56635.2205468
附件一（训练集）.xlsx|材料2|2239,1,101671.0887,114593.97554,104950.477282,106515.192342
附件一（训练集）.xlsx|材料2|224,2,1749.136467,1697.15759312,1651.47778719,1553.38213685
附件一（训练集）.xlsx|材料2|2240,2,178231.0991,186760.164555,183586.641816,173142.35303
附件一（训练集）.xlsx|材料2|2241,0,882248.025,873918.644468,899807.323739,867846.267692
附件一（训练集）.xlsx|材料2|2242,4,2513738.123,2267653.67116,2325862.32757,2306877.66603
附件一（训练集）.xlsx|材料2|2243,3,7486.275989,7741.34437825,7407.23560011,7216.85805326
附件一（训练集）.xlsx|材料2|2244,3,13867.55119,14879.0627511,14458.9472187,14407.2516761
附件一（训练集）.xlsx|材料2|2245,4,81558.25134,86370.8036369,88382.3961194,86204.8278424
附件一（训练集）.xlsx|材料2|2246,3,145834.1295,153273.064676,136485.896487,131385.384102
附件一（训练集）.xlsx|材料2|2247,0,257588.5108,248368.386923,241518.109349,247138.084184
附件一（训练集）.xlsx|材料2|2248,2,754264.4708,796758.546732,762620.561407,745758.98665
附件一（训练集）.xlsx|材料2|2249,2,2142183.086,2137805.73799,2100456.3958,1991745.72814
附件一（训练集）.xlsx|材料2|225,1,3173.867056,3372.82237989,3229.22865213,3102.28199692
附件一（训练集）.xlsx|材料2|2250,0,11482.07463,11792.2379334,10255.3480351,11352.339834
附件一（训练集）.xlsx|材料2|2251,0,20742.44003,21263.4173764,20582.0128601,21015.3742133
附件一（训练集）.xlsx|材料2|2252,0,119681.9372,117128.999654,115705.552714,116295.616776
附件一（训练集）.xlsx|材料2|2253,4,645036.608,629831.657732,630125.24511,617213.420139
附件一（训练集）.xlsx|材料2|2254,3,1108053.74,1109257.92235,1109123.34981,1135644.97124
附件一（训练集）.xlsx|材料2|2255,4,5936.775001,5475.98575701,5982.87194043,6185.39496373
附件一（训练集）.xlsx|材料2|2256,3,10586.61818,13031.9801262,10310.9524542,10386.3995187
附件一（训练集）.xlsx|材料2|2257,0,18424.27786,22416.8527712,15927.2140655,16676.1849799
附件一（训练集）.xlsx|材料2|2258,1,58781.89863,56771.4001913,56614.751423,57751.0687481
附件一（训练集）.xlsx|材料2|2259,4,103651.9105,111262.52708,96023.3423739,96725.3237095
附件一（训练集）.xlsx|材料2|226,3,5629.563989,5568.68987095,4978.20643164,4931.0663731
附件一（训练集）.xlsx|材料2|2260,4,326269.9444,350595.545072,315160.821303,319628.397281
附件一（训练集）.xlsx|材料2|2261,4,985020.5602,1067907.68782,1023725.13741,1069188.36337
附件一（训练集）.xlsx|材料2|2262,3,1661550.062,1495533.71157,1484146.44326,1580800.93431
附件一（训练集）.xlsx|材料2|2263,0,5953.474986,7152.76708095,6390.0779169,6539.47306144
附件一（训练集）.xlsx|材料2|2264,1,17771.0811,20249.3945862,18160.8092453,18081.9216619
附件一（训练集）.xlsx|材料2|2265,0,53654.32943,65479.6459027,57378.3804061,52401.4336218
附件一（训练集）.xlsx|材料2|2266,2,164760.861,187685.151097,168261.49343,168688.382244
附件一（训练集）.xlsx|材料2|2267,1,288025.4734,300785.91881,292877.68296,288363.349809
附件一（训练集）.xlsx|材料2|2268,0,505950.1266,476013.231206,487197.463272,457481.001143
附件一（训练集）.xlsx|材料2|2269,0,878916.7097,857218.244864,850728.942383,850287.665922
附件一（训练集）.xlsx|材料2|227,0,10178.68949,10139.3269684,10805.932216,10881.2092299
附件一（训练集）.xlsx|材料2|2270,3,31653.26743,27519.6595311,32140.8428558,30999.5148119
附件一（训练集）.xlsx|材料2|2271,1,52841.99463,56077.2021507,56417.4983495,56423.3612245
附件一（训练集）.xlsx|材料2|2272,2,244498.9484,259326.594504,260576.651585,256040.47539
附件一（训练集）.xlsx|材料2|2273,4,25808.49211,28314.2025636,31263.0941485,28868.0602278
附件一（训练集）.xlsx|材料2|2274,1,5889.76651,6169.30359892,5986.87062985,6209.9140383
附件一（训练集）.xlsx|材料2|2275,0,16728.64601,17991.9537334,16131.6521185,16703.8442961
附件一（训练集）.xlsx|材料2|2276,1,84108.49354,91462.9721731,81920.7863114,83050.827341
附件一（训练集）.xlsx|材料2|2277,0,142186.1939,153464.069723,144022.721318,145617.959461
附件一（训练集）.xlsx|材料2|2278,2,423641.8496,442362.784019,409541.781016,409150.850639
附件一（训练集）.xlsx|材料2|2279,1,732944.957,800973.202179,719537.506812,714030.209757
附件一（训练集）.xlsx|材料2|228,0,34622.17143,35762.9816457,37932.8786878,34592.0585202
附件一（训练集）.xlsx|材料2|2280,1,1983380.69,1746670.43088,1864525.9064,1893146.95222
附件一（训练集）.xlsx|材料2|2281,0,16585.21496,17526.3200697,16244.7537594,16654.85412
附件一（训练集）.xlsx|材料2|2282,3,28390.82551,30503.2490832,28564.7336357,29707.3865164
附件一（训练集）.xlsx|材料2|2283,0,48577.95207,50776.178454,47984.6350512,48425.6416044
附件一（训练集）.xlsx|材料2|2284,2,423536.9346,442362.784019,409248.694866,408976.347144
附件一（训练集）.xlsx|材料2|2285,1,733022.3361,800973.202179,733023.370441,705559.008614
附件一（训练集）.xlsx|材料2|2286,3,1262457.065,1310133.3105,1264738.85477,1276759.04751
附件一（训练集）.xlsx|材料2|2287,1,2146489.037,2094410.30281,2027625.31969,1952588.87869
附件一（训练集）.xlsx|材料2|2288,0,5544.7183,5192.14314195,5436.84485895,5274.71853739
附件一（训练集）.xlsx|材料2|2289,2,17939.18809,17903.0316194,18899.1598945,18742.7635997
附件一（训练集）.xlsx|材料2|229,0,118547.7724,119358.703772,126653.616873,123840.49176
附件一（训练集）.xlsx|材料2|2290,3,32046.15659,31668.4930503,32271.4822777,31355.5573445
附件一（训练集）.xlsx|材料2|2291,4,98547.54796,101711.53739,108176.42203,98977.7235509
附件一（训练集）.xlsx|材料2|2292,2,171484.7698,174825.45063,174346.236646,181783.190868
附件一（训练集）.xlsx|材料2|2293,4,298800.9228,325468.579502,311644.295962,313179.510597
附件一（训练集）.xlsx|材料2|2294,1,528872.73,518334.918224,503449.017668,509362.75429
附件一（训练集）.xlsx|材料2|2295,4,76757.43557,75219.8007047,81104.0399686,78364.0415183
附件一（训练集）.xlsx|材料2|2296,0,3428.771127,3283.08596852,3247.76488671,3183.73017758
附件一（训练集）.xlsx|材料2|2297,0,6204.419549,5886.74942076,6000.75778328,5806.98487911
附件一（训练集）.xlsx|材料2|2298,1,10851.236,10591.6230644,11445.9590336,10967.6987388
附件一（训练集）.xlsx|材料2|2299,4,19575.94709,19040.0009266,18500.5713207,17969.39632
附件一（训练集）.xlsx|材料2|23,1,172994.4477,183279.904925,178809.513796,174008.005786
附件一（训练集）.xlsx|材料2|230,1,223884.3837,230220.346826,230628.445966,228006.452121
附件一（训练集）.xlsx|材料2|2300,0,61233.4254,62564.4584789,62012.5435911,59555.4812867
附件一（训练集）.xlsx|材料2|2301,0,328348.9057,321501.512007,323041.861173,325169.014513
附件一（训练集）.xlsx|材料2|2302,3,573138.2456,595831.687157,573640.666066,541774.113486
附件一（训练集）.xlsx|材料2|2303,1,8276.895924,8124.89529977,8363.62224028,8635.38776941
附件一（训练集）.xlsx|材料2|2304,3,14701.25586,15291.1369626,15541.8221856,14836.6516127
附件一（训练集）.xlsx|材料2|2305,1,26810.32948,24145.729938,26171.2178833,25975.6514766
附件一（训练集）.xlsx|材料2|2306,4,145241.7269,139417.983828,139648.882015,143036.16285
附件一（训练集）.xlsx|材料2|2307,4,445816.876,441848.705018,446674.176256,462076.806787
附件一（训练集）.xlsx|材料2|2308,0,770471.655,756834.296434,752457.1188,747143.474825
附件一（训练集）.xlsx|材料2|2309,3,1352037.329,1368620.35382,1346021.36689,1427327.18799
附件一（训练集）.xlsx|材料2|231,0,416075.229,412241.239029,424642.911293,417902.644814
附件一（训练集）.xlsx|材料2|2310,1,1999.877974,1793.48690946,1934.05766692,2121.01373901
附件一（训练集）.xlsx|材料2|2311,1,3541.67378,3134.95133874,3536.63147718,3823.91935989
附件一（训练集）.xlsx|材料2|2312,3,6422.837443,6413.93706924,5750.80663235,5881.81430061
附件一（训练集）.xlsx|材料2|2313,1,11717.03235,11917.5018452,12315.8475938,12653.4468461
附件一（训练集）.xlsx|材料2|2314,2,21098.98854,21027.6318555,22032.8890799,22634.6073847
附件一（训练集）.xlsx|材料2|2315,0,37953.81503,34254.1726466,35278.6618383,35725.6635547
附件一（训练集）.xlsx|材料2|2316,1,67168.3602,65040.6667112,69405.4976418,68182.3692678
附件一（训练集）.xlsx|材料2|2317,3,363898.2142,382410.7144,386077.765564,395154.503469
附件一（训练集）.xlsx|材料2|2318,4,2966.901019,3099.5416902,2990.60534558,2917.00958326
附件一（训练集）.xlsx|材料2|2319,0,5292.979992,4597.94778156,5103.18313787,4978.86935687
附件一（训练集）.xlsx|材料2|232,3,845.8285981,1032.91747398,1026.42904737,1006.5822183
附件一（训练集）.xlsx|材料2|2320,3,9673.756189,10628.4295245,9867.53493561,10183.5288682
附件一（训练集）.xlsx|材料2|2321,3,31000.62323,35469.7584483,32063.2415006,32563.6463844
附件一（训练集）.xlsx|材料2|2322,0,54999.71241,65428.8146425,61396.8880689,58476.9584155
附件一（训练集）.xlsx|材料2|2323,1,97805.82266,96461.0239754,94908.4868106,97589.1159073
附件一（训练集）.xlsx|材料2|2324,4,915065.7554,956679.493103,1018222.52585,1038545.86104
附件一（训练集）.xlsx|材料2|2325,4,1595510.036,1609888.1955,1619835.6638,1575216.62818
附件一（训练集）.xlsx|材料2|2326,4,1552.184181,1436.33676242,1598.6375012,1532.20812116
附件一（训练集）.xlsx|材料2|2327,4,4713.296251,3590.03073445,4562.81924578,4294.11281002
附件一（训练集）.xlsx|材料2|2328,0,8388.79022,8917.49893172,9377.67795831,9681.09586645
附件一（训练集）.xlsx|材料2|2329,1,26657.94378,25138.6399274,24985.2335334,25924.5569477
附件一（训练集）.xlsx|材料2|233,3,965.2651375,1131.06595224,1139.08288512,1197.42525719
附件一（训练集）.xlsx|材料2|2330,3,46013.36021,46814.1233821,49813.7462055,48680.9317879
附件一（训练集）.xlsx|材料2|2331,0,81877.42387,73398.9961101,75880.9622155,79233.6206815
附件一（训练集）.xlsx|材料2|2332,1,769542.6891,727143.163629,727307.203369,739468.096165
附件一（训练集）.xlsx|材料2|2333,4,1334209.958,1387025.80422,1438354.1301,1408479.45283
附件一（训练集）.xlsx|材料2|2334,1,1568.461268,1894.1233783,2114.20416573,2238.83866304
附件一（训练集）.xlsx|材料2|2335,1,13985.8561,12024.1437298,13855.3294244,14137.9937408
附件一（训练集）.xlsx|材料2|2336,2,24438.52495,22720.1900228,24464.9550801,25962.0070274
附件一（训练集）.xlsx|材料2|2337,1,42364.94038,39465.5996484,41758.421766,42143.4581814
附件一（训练集）.xlsx|材料2|2338,0,72424.9677,68591.280283,75998.637139,78623.2256317
附件一（训练集）.xlsx|材料2|2339,0,387870.2832,338449.863688,379574.406939,371489.828127
附件一（训练集）.xlsx|材料2|234,2,2984.15003,3585.23396224,3431.53206896,3298.27860694
附件一（训练集）.xlsx|材料2|2340,0,1172539.739,1087712.93022,1154640.46241,1082713.67814
附件一（训练集）.xlsx|材料2|2341,0,2840.148187,2913.25402051,2837.46439174,3033.67398596
附件一（训练集）.xlsx|材料2|2342,0,4787.063351,4501.87949805,4665.82821435,4621.11907736
附件一（训练集）.xlsx|材料2|2343,1,68906.16319,78749.839207,71254.1076433,72158.2050229
附件一（训练集）.xlsx|材料2|2344,0,118231.8157,129703.524883,129558.858847,128401.623682
附件一（训练集）.xlsx|材料2|2345,4,350475.8132,353233.525219,370106.323534,360186.84434
附件一（训练集）.xlsx|材料2|2346,1,609715.7508,622621.847003,635146.673028,650132.993588
附件一（训练集）.xlsx|材料2|2347,3,1052773.693,943040.082895,1026895.60988,1013605.28815
附件一（训练集）.xlsx|材料2|2348,3,14744.8987,13390.1271049,14907.5124796,15117.0178098
附件一（训练集）.xlsx|材料2|2349,1,24756.90607,25519.3286342,25783.307568,25372.7910616
附件一（训练集）.xlsx|材料2|235,1,5178.03401,4850.47269103,5388.06921828,5555.07141629
附件一（训练集）.xlsx|材料2|2350,3,68515.89888,58835.8845003,69509.9005024,67501.2235405
附件一（训练集）.xlsx|材料2|2351,1,332625.327,348312.327946,328021.525376,328920.014899
附件一（训练集）.xlsx|材料2|2352,4,575389.4771,507658.539345,635412.017405,660778.629274
附件一（训练集）.xlsx|材料2|2353,1,983185.8763,994110.690856,891629.69179,924723.506387
附件一（训练集）.xlsx|材料2|2354,2,16916.31538,15355.8410948,16923.0768845,17313.7834267
附件一（训练集）.xlsx|材料2|2355,3,30917.0779,31405.7578217,30951.1301939,30368.0635352
附件一（训练集）.xlsx|材料2|2356,4,55856.08634,56314.0362935,58715.7671609,53762.2806262
附件一（训练集）.xlsx|材料2|2357,4,95183.12531,100221.579317,99862.6629313,94272.9217733
附件一（训练集）.xlsx|材料2|2358,4,295749.2719,326329.860625,314923.06646,314542.76713
附件一（训练集）.xlsx|材料2|2359,1,516834.2252,519235.788943,484157.33167,481924.790187
附件一（训练集）.xlsx|材料2|236,3,8992.402185,8972.94202625,8557.98451152,8493.20972142
附件一（训练集）.xlsx|材料2|2360,4,13803.58961,15110.4294388,13658.5596575,13385.9198867
附件一（训练集）.xlsx|材料2|2361,1,24772.40298,22774.7423529,21827.4876583,23226.8197698
附件一（训练集）.xlsx|材料2|2362,0,43869.22362,46913.0657346,43555.1172211,43441.900225
附件一（训练集）.xlsx|材料2|2363,4,74605.91026,72472.5695679,79442.7400914,76981.1253836
附件一（训练集）.xlsx|材料2|2364,0,228134.5568,237275.348896,226338.307678,241122.266163
附件一（训练集）.xlsx|材料2|2365,2,702384.8864,689503.728293,727198.948031,700974.978807
附件一（训练集）.xlsx|材料2|2366,3,10399.66759,10612.3033002,9369.23642955,9650.40312338
附件一（训练集）.xlsx|材料2|2367,1,18880.29863,17719.1753781,18401.2905623,17935.1817385
附件一（训练集）.xlsx|材料2|2368,4,34333.67865,34385.9570837,34893.4961541,34492.373087
附件一（训练集）.xlsx|材料2|2369,2,58556.02943,57516.678186,57770.3955333,56707.0095905
附件一（训练集）.xlsx|材料2|237,0,16335.92962,18481.2724428,17874.9673692,18533.5622144
附件一（训练集）.xlsx|材料2|2370,4,103778.2834,102439.017856,105099.110368,107016.423498
附件一（训练集）.xlsx|材料2|2371,2,180016.3251,185851.340284,178120.59589,173008.213389
附件一（训练集）.xlsx|材料2|2372,3,14002.49901,13313.0123222,13866.7744147,12807.5641852
附件一（训练集）.xlsx|材料2|2373,4,139330.6334,135319.65314,140186.238948,143672.065324
附件一（训练集）.xlsx|材料2|2374,2,243843.9721,261092.899451,258477.697813,248912.260947
附件一（训练集）.xlsx|材料2|2375,3,1321228.754,1443170.31291,1305326.76735,1378703.04958
附件一（训练集）.xlsx|材料2|2376,3,5765.711825,6110.6329374,4596.2609164,4959.77977965
附件一（训练集）.xlsx|材料2|2377,1,10830.85474,11889.1353468,9835.90481078,10177.5547359
附件一（训练集）.xlsx|材料2|2378,2,19543.96237,20146.0616471,21000.6236288,20363.5441584
附件一（训练集）.xlsx|材料2|2379,0,34483.05051,32268.8713199,32581.7573503,33204.6915105
附件一（训练集）.xlsx|材料2|238,0,30143.13651,32004.1301755,33190.9336473,31484.9600497
附件一（训练集）.xlsx|材料2|2380,1,63502.03113,64879.4094016,62953.3670335,62851.6198253
附件一（训练集）.xlsx|材料2|2381,3,344643.8406,361620.885124,352309.709473,363112.597575
附件一（训练集）.xlsx|材料2|2382,3,600500.9652,652167.75454,568139.618801,547173.477153
附件一（训练集）.xlsx|材料2|2383,3,1051602.142,1084100.62826,1130906.53226,1107612.28776
附件一（训练集）.xlsx|材料2|2384,1,1827226.19,1817834.68395,1801905.87305,1867059.00395
附件一（训练集）.xlsx|材料2|2385,0,4587.53276,4182.21038365,4329.24183779,4291.91921439
附件一（训练集）.xlsx|材料2|2386,3,27380.14087,27347.9703609,28673.3673123,29053.5459195
附件一（训练集）.xlsx|材料2|2387,0,50837.33184,47289.8590953,50071.6562387,50098.8220078
附件一（训练集）.xlsx|材料2|2388,1,90787.67564,86509.7537928,82328.1046313,88975.5351358
附件一（训练集）.xlsx|材料2|2389,3,159813.9094,159885.42678,155808.103901,162563.770842
附件一（训练集）.xlsx|材料2|239,0,55545.23637,60337.3054703,58848.3654787,61441.6375354
附件一（训练集）.xlsx|材料2|2390,1,493296.099,517133.755737,476641.062589,492589.143764
附件一（训练集）.xlsx|材料2|2391,2,2612468.456,2564728.36736,2469905.89986,2516572.87077
附件一（训练集）.xlsx|材料2|2392,4,3852.229484,3741.32018232,3873.48809235,3528.10847591
附件一（训练集）.xlsx|材料2|2393,0,7014.361649,6521.30463657,6210.4855139,6431.88469021
附件一（训练集）.xlsx|材料2|2394,3,12977.45618,15626.1476246,12538.8609974,13050.1964992
附件一（训练集）.xlsx|材料2|2395,1,22710.06796,25138.6399274,23644.400101,23806.8550127
附件一（训练集）.xlsx|材料2|2396,0,74679.09444,82929.0655867,74870.9972779,74069.890975
附件一（训练集）.xlsx|材料2|2397,0,412150.8794,442649.930582,397650.963565,413475.317575
附件一（训练集）.xlsx|材料2|2398,0,3614.979433,3637.507242,3651.9108204,3691.29898871
附件一（训练集）.xlsx|材料2|2399,4,6460.158655,6679.39212639,6644.65328411,6835.11913188
附件一（训练集）.xlsx|材料2|24,1,459773.4411,496818.928734,452419.267132,493319.091805
附件一（训练集）.xlsx|材料2|240,4,99419.006,99414.458991,100098.062874,101184.415345
附件一（训练集）.xlsx|材料2|2400,1,36953.88328,35459.0132829,39203.4650348,39874.7143761
附件一（训练集）.xlsx|材料2|2401,4,114300.5378,121550.46234,115319.680033,117789.962285
附件一（训练集）.xlsx|材料2|2402,3,621565.078,634677.261844,644489.167571,628899.350832
附件一（训练集）.xlsx|材料2|2403,2,1855302.821,1899335.72661,1810579.38312,1705871.73437
附件一（训练集）.xlsx|材料2|2404,0,3639.755039,3426.37844768,3768.84409567,3956.12080984
附件一（训练集）.xlsx|材料2|2405,1,11296.44672,11453.9026387,11677.5957349,11300.1290428
附件一（训练集）.xlsx|材料2|2406,2,19040.5001,18403.0701815,19119.1551033,18925.5985225
附件一（训练集）.xlsx|材料2|2407,3,34151.30702,33672.5551885,33933.5868551,34343.6063351
附件一（训练集）.xlsx|材料2|2408,1,59583.06547,61240.3403626,56254.9347278,55093.7259053
附件一（训练集）.xlsx|材料2|2409,0,102664.0271,98090.9301995,101132.500008,100045.442179
附件一（训练集）.xlsx|材料2|241,0,185886.9937,192488.926535,192000.113353,183501.164589
附件一（训练集）.xlsx|材料2|2410,1,182014.077,189275.654548,177142.062064,181510.874264
附件一（训练集）.xlsx|材料2|2411,4,318138.8089,332734.863022,334989.867246,337913.092497
附件一（训练集）.xlsx|材料2|2412,1,554133.5443,558668.123021,557339.204097,548672.275752
附件一（训练集）.xlsx|材料2|2413,3,953587.0006,941995.847524,954052.721301,974802.782463
附件一（训练集）.xlsx|材料2|2414,0,6618.047954,6181.7030561,6624.15650853,6458.91093102
附件一（训练集）.xlsx|材料2|2415,1,19124.13847,20194.1897094,19298.2844935,20473.6272744
附件一（训练集）.xlsx|材料2|2416,2,33043.04242,33781.0081942,33173.3344009,32111.5617094
附件一（训练集）.xlsx|材料2|2417,3,56826.05374,57903.4408071,58044.0288359,58087.0760801
附件一（训练集）.xlsx|材料2|2418,1,97090.51295,102483.161907,102063.932006,98106.7424632
附件一（训练集）.xlsx|材料2|2419,0,165784.547,178581.900111,174776.623055,165850.484876
附件一（训练集）.xlsx|材料2|242,4,1689.666075,1788.84449987,1759.76973082,1736.25057539
附件一（训练集）.xlsx|材料2|2420,4,498903.4236,518964.528889,506005.550573,523496.950399
附件一（训练集）.xlsx|材料2|2421,3,1471425.707,1338597.18025,1356485.25645,1330452.71177
附件一（训练集）.xlsx|材料2|2422,0,12683.27207,12605.1028769,12756.416904,12496.9477342
附件一（训练集）.xlsx|材料2|2423,1,20677.05213,20531.878851,21927.4248787,21590.3188488
附件一（训练集）.xlsx|材料2|2424,0,34978.63598,35994.746436,34304.196176,34572.0986774
附件一（训练集）.xlsx|材料2|2425,1,97488.95211,98932.3797954,100293.081483,99341.9775381
附件一（训练集）.xlsx|材料2|2426,1,275886.2518,278554.780984,276994.937579,271479.169608
附件一（训练集）.xlsx|材料2|2427,4,471842.3909,458697.986328,496525.342942,508328.978231
附件一（训练集）.xlsx|材料2|2428,3,1376946.978,1247991.33734,1361805.27741,1338233.8804
附件一（训练集）.xlsx|材料2|2429,2,18814.74957,19614.4260717,18442.262382,19324.6164962
附件一（训练集）.xlsx|材料2|243,3,3113.265553,3141.67949565,3288.08313239,3186.83833074
附件一（训练集）.xlsx|材料2|2430,3,31965.30097,31910.8841577,32442.5084553,30064.7941879
附件一（训练集）.xlsx|材料2|2431,1,525768.8925,519044.047202,495910.642317,510906.672528
附件一（训练集）.xlsx|材料2|2432,0,45574.91853,46360.9912977,47118.6235302,48556.2861566
附件一（训练集）.xlsx|材料2|2433,4,78052.05505,73098.3607029,79282.4864878,76142.0673596
附件一（训练集）.xlsx|材料2|2434,0,234196.7617,236238.43022,225538.493814,235805.596833
附件一（训练集）.xlsx|材料2|2435,3,410361.736,405165.734486,424190.234504,397682.352707
附件一（训练集）.xlsx|材料2|2436,2,724707.7324,737505.904294,778048.927884,742430.395866
附件一（训练集）.xlsx|材料2|2437,3,11442.35192,12271.679684,12469.9143123,11822.553201
附件一（训练集）.xlsx|材料2|2438,1,19436.67701,19620.1105031,18161.2021931,18293.7503955
附件一（训练集）.xlsx|材料2|2439,4,34878.92386,33117.6940842,33661.1027209,35020.0999691
附件一（训练集）.xlsx|材料2|244,3,5286.18191,5184.93088954,5337.07307707,5099.33855944
附件一（训练集）.xlsx|材料2|2440,4,103304.0048,99485.7003391,103219.290989,103695.022255
附件一（训练集）.xlsx|材料2|2441,0,563455.0017,611735.493483,604947.475792,599704.209119
附件一（训练集）.xlsx|材料2|2442,3,980034.7935,988099.421295,970383.734569,1009588.19644
附件一（训练集）.xlsx|材料2|2443,3,14506.90457,15386.5458152,14621.8692673,13821.9166583
附件一（训练集）.xlsx|材料2|2444,4,142148.686,133500.668195,136662.614914,142659.03483
附件一（训练集）.xlsx|材料2|2445,2,249205.5734,232360.390679,230722.300636,225205.18898
附件一（训练集）.xlsx|材料2|2446,3,1347863.054,1379738.24321,1303610.29473,1347676.13276
附件一（训练集）.xlsx|材料2|2447,3,6451.351474,7922.36132937,6432.87892445,6780.40117246
附件一（训练集）.xlsx|材料2|2448,1,11159.99781,11574.4328963,11447.0394777,11648.6608377
附件一（训练集）.xlsx|材料2|2449,0,35760.99856,33387.5808323,33563.5681693,34783.4863721
附件一（训练集）.xlsx|材料2|245,0,9006.309888,7791.3012522,7940.93527315,8156.9031976
附件一（训练集）.xlsx|材料2|2450,1,62673.02059,65110.8060389,60546.1818091,59738.1648308
附件一（训练集）.xlsx|材料2|2451,1,197476.9852,207966.633165,207772.216563,206916.449571
附件一（训练集）.xlsx|材料2|2452,3,350197.4841,371605.498211,391685.155749,387570.096499
附件一（训练集）.xlsx|材料2|2453,3,609261.4574,652167.75454,627758.853136,578437.074323
附件一（训练集）.xlsx|材料2|2454,3,1073918.151,1084100.62826,1076333.30738,1100738.64778
附件一（训练集）.xlsx|材料2|2455,1,1891823.886,1896970.00219,1933006.2859,1863848.40558
附件一（训练集）.xlsx|材料2|2456,0,4991.732533,5713.02524287,5357.79300652,5367.36225414
附件一（训练集）.xlsx|材料2|2457,3,8608.590069,8414.34340727,7703.44933692,7511.35517137
附件一（训练集）.xlsx|材料2|2458,3,27921.98119,27429.3491137,29178.9268514,28199.7917289
附件一（训练集）.xlsx|材料2|2459,1,91086.04705,86295.2675204,83111.2370371,84228.7171183
附件一（训练集）.xlsx|材料2|246,0,15670.60744,17224.7282655,17659.5707263,17297.2707568
附件一（训练集）.xlsx|材料2|2460,3,161441.0252,159885.42678,168717.812566,162012.262223
附件一（训练集）.xlsx|材料2|2461,0,284732.9021,299085.700105,294911.903443,290475.00277
附件一（训练集）.xlsx|材料2|2462,1,496093.4588,517133.755737,496951.718515,500514.861474
附件一（训练集）.xlsx|材料2|2463,4,871187.9359,942176.487705,987613.850608,975167.849954
附件一（训练集）.xlsx|材料2|2464,4,1535564.615,1597800.4321,1562535.87639,1538896.97694
附件一（训练集）.xlsx|材料2|2465,2,2658454.3,2564728.36736,2512659.12729,2521766.27095
附件一（训练集）.xlsx|材料2|2466,3,12683.55298,13154.9535883,11876.8481162,11980.8374771
附件一（训练集）.xlsx|材料2|2467,3,39977.85954,42929.7698231,39990.7461859,40289.6260382
附件一（训练集）.xlsx|材料2|2468,1,132103.579,141780.185714,128172.017487,129717.241382
附件一（训练集）.xlsx|材料2|2469,3,235814.3848,238913.622763,242029.298711,229674.516766
附件一（训练集）.xlsx|材料2|247,1,51496.48439,52496.2877134,54063.7199862,53718.5806742
附件一（训练集）.xlsx|材料2|2470,0,409408.8252,414136.740542,413621.509792,418788.554225
附件一（训练集）.xlsx|材料2|2471,4,1260458.462,1405570.41916,1331097.05585,1362304.18256
附件一（训练集）.xlsx|材料2|2472,4,2167097.283,2000760.29977,2055071.2085,2030079.83347
附件一（训练集）.xlsx|材料2|2473,0,3652.397235,4064.86552216,4332.69800655,4388.75182629
附件一（训练集）.xlsx|材料2|2474,4,6152.879002,6816.4782884,6010.3759497,6255.13333141
附件一（训练集）.xlsx|材料2|2475,1,11034.62265,11918.2061552,11326.2711339,11408.4825447
附件一（训练集）.xlsx|材料2|2476,2,19753.45191,22720.1900228,20293.0514938,21015.1648804
附件一（训练集）.xlsx|材料2|2477,1,34642.42531,35504.0562337,34123.6723022,35160.8545255
附件一（训练集）.xlsx|材料2|2478,0,62699.92327,68361.4860861,64503.1211401,65803.0896212
附件一（训练集）.xlsx|材料2|2479,4,112685.4196,119163.234911,107753.691364,104240.219313
附件一（训练集）.xlsx|材料2|248,2,87728.25787,81019.0249427,84681.7716295,81339.1673025
附件一（训练集）.xlsx|材料2|2480,0,352601.0261,379419.128871,369472.089315,356557.261122
附件一（训练集）.xlsx|材料2|2481,3,616610.1512,634677.261844,614385.941881,626414.557454
附件一（训练集）.xlsx|材料2|2482,0,1078316.431,1099098.63953,992137.442763,1026610.29254
附件一（训练集）.xlsx|材料2|2483,2,1842144.624,1899335.72661,1780897.69865,1690775.64804
附件一（训练集）.xlsx|材料2|2484,1,56450.67416,56578.3607475,52951.757435,52834.2745758
附件一（训练集）.xlsx|材料2|2485,0,98412.37435,100463.473352,101144.922545,102951.169676
附件一（训练集）.xlsx|材料2|2486,4,307428.1208,325792.582151,331108.044201,323275.884232
附件一（训练集）.xlsx|材料2|2487,0,3761.34557,4899.80454937,3971.4092763,4111.60603499
附件一（训练集）.xlsx|材料2|2488,0,6149.060558,5530.36530447,6469.49407621,6306.92264828
附件一（训练集）.xlsx|材料2|2489,3,10684.76667,12254.3326566,10025.93266,10172.291367
附件一（训练集）.xlsx|材料2|249,4,161416.0037,177289.113539,172897.880872,171371.988666
附件一（训练集）.xlsx|材料2|2490,1,18157.38487,19984.7842137,18971.5836195,18591.017451
附件一（训练集）.xlsx|材料2|2491,3,53700.38711,51573.6621213,53577.4690132,53120.8827145
附件一（训练集）.xlsx|材料2|2492,1,92898.57211,93235.292724,95080.4221075,95392.3236362
附件一（训练集）.xlsx|材料2|2493,0,161444.9205,188483.472734,171584.096742,173091.922226
附件一（训练集）.xlsx|材料2|2494,1,281028.2719,305061.714872,273734.925555,278594.318949
附件一（训练集）.xlsx|材料2|2495,3,1458508.966,1379843.34105,1313350.00468,1422957.11049
附件一（训练集）.xlsx|材料2|2496,3,6815.812207,7205.77889608,6550.90563124,6864.96562365
附件一（训练集）.xlsx|材料2|2497,0,11586.6061,11585.6966934,11457.7369765,11197.1093082
附件一（训练集）.xlsx|材料2|2498,0,31926.51058,36333.061432,27988.3587535,28953.2671789
附件一（训练集）.xlsx|材料2|2499,0,157539.8058,171730.818732,154232.52583,162753.28466
附件一（训练集）.xlsx|材料2|25,4,1214.04695,1256.62741252,1280.31724043,1263.55862574
附件一（训练集）.xlsx|材料2|250,2,299434.3485,281861.109533,282756.936427,275380.765949
附件一（训练集）.xlsx|材料2|2500,4,456433.9133,458697.986328,443935.814241,473116.764222
附件一（训练集）.xlsx|材料2|2501,1,789017.7705,786473.881973,775432.754429,774055.58889
附件一（训练集）.xlsx|材料2|2502,3,1337325.284,1277931.09672,1260535.44545,1280894.51639
附件一（训练集）.xlsx|材料2|2503,3,35499.55646,33746.389387,33764.2674801,33780.2579972
附件一（训练集）.xlsx|材料2|2504,4,62633.4945,61009.8044717,65855.9916762,64108.6707325
附件一（训练集）.xlsx|材料2|2505,4,110085.0875,112124.036053,112369.67416,115927.475408
附件一（训练集）.xlsx|材料2|2506,2,186367.3557,184958.578646,202445.796107,200056.531626
附件一（训练集）.xlsx|材料2|2507,1,577026.5666,554265.711449,506275.349566,521886.266449
附件一（训练集）.xlsx|材料2|2508,0,16637.95277,17949.9441171,15792.9996602,15758.7519848
附件一（训练集）.xlsx|材料2|2509,2,28563.89284,28738.3756188,26990.1859229,28200.8582605
附件一（训练集）.xlsx|材料2|251,0,3366.422404,3128.5585468,3019.02840683,3190.7883387
附件一（训练集）.xlsx|材料2|2510,4,49758.76446,44074.2752642,47165.8305884,45676.2609068
附件一（训练集）.xlsx|材料2|2511,4,85776.86163,82097.6719763,86030.5327435,86736.3155838
附件一（训练集）.xlsx|材料2|2512,0,6557.363333,6161.63058253,6696.39745636,6580.81342029
附件一（训练集）.xlsx|材料2|2513,3,11043.94439,12756.9616846,11136.2458757,11745.7402342
附件一（训练集）.xlsx|材料2|2514,2,17485.75807,17744.4402519,17480.057257,17264.7830721
附件一（训练集）.xlsx|材料2|2515,4,28927.0639,29288.034043,28429.4401894,28266.1531586
附件一（训练集）.xlsx|材料2|2516,1,47351.36902,50659.7991588,45573.8088165,45897.8637933
附件一（训练集）.xlsx|材料2|2517,3,220529.982,254257.865131,230658.353199,227705.187715
附件一（训练集）.xlsx|材料2|2518,0,647931.7928,723472.668462,642433.117013,666537.37794
附件一（训练集）.xlsx|材料2|2519,3,10948.01711,12756.9616846,10993.1581544,11194.5348605
附件一（训练集）.xlsx|材料2|252,0,3562.445995,3608.71960016,3475.86698988,3421.13545086
附件一（训练集）.xlsx|材料2|2520,2,17288.23396,17776.374707,17572.0828307,17100.9842292
附件一（训练集）.xlsx|材料2|2521,1,47037.06197,50659.7991588,46337.6066374,46309.0650428
附件一（训练集）.xlsx|材料2|2522,3,219897.8232,254257.865131,229955.336048,226735.666121
附件一（训练集）.xlsx|材料2|2523,3,1113707.618,1244681.97064,1188142.96086,1139586.38777
附件一（训练集）.xlsx|材料2|2524,2,1900251.498,1891719.57409,2028313.69045,1879159.88428
附件一（训练集）.xlsx|材料2|2525,0,5492.18987,5430.54481801,6343.94435451,6043.91143007
附件一（训练集）.xlsx|材料2|2526,3,19797.31534,21316.3003312,22770.2220379,22697.6620618
附件一（训练集）.xlsx|材料2|2527,3,37424.30123,40063.5378462,40331.547484,42540.9661966
附件一（训练集）.xlsx|材料2|2528,4,70800.14825,76797.6940938,78944.7509709,73835.6761359
附件一（训练集）.xlsx|材料2|2529,4,444645.6055,442115.419441,421283.246909,413000.562752
附件一（训练集）.xlsx|材料2|253,1,5848.924389,6049.59756441,5634.24881732,5750.9660483
附件一（训练集）.xlsx|材料2|2530,0,336764.9763,348077.727406,348131.470209,394865.380687
附件一（训练集）.xlsx|材料2|2531,2,2014.483718,2093.0853448,2170.83091147,2248.68062663
附件一（训练集）.xlsx|材料2|2532,0,11768.97288,12647.0202356,11847.6552277,11999.0876523
附件一（训练集）.xlsx|材料2|2533,3,21707.97382,20044.0446342,21002.8250182,21375.8772672
附件一（训练集）.xlsx|材料2|2534,1,39924.77009,39740.4501115,39424.8137422,38169.4142744
附件一（训练集）.xlsx|材料2|2535,3,74074.09293,76933.2625051,70692.4448531,67101.7282578
附件一（训练集）.xlsx|材料2|2536,1,258441.1948,266069.635703,258154.906373,260211.521053
附件一（训练集）.xlsx|材料2|2537,0,468129.7978,490177.041169,500113.896271,506058.535597
附件一（训练集）.xlsx|材料2|2538,0,9398.219902,8752.08937477,9782.47845577,9587.38077487
附件一（训练集）.xlsx|材料2|2539,2,57182.20569,53095.285053,59356.7137115,56947.2371368
附件一（训练集）.xlsx|材料2|254,4,9841.60037,9819.65427913,10452.8739408,10471.524736
附件一（训练集）.xlsx|材料2|2540,1,105037.4088,96195.1770548,102845.082169,99751.4090281
附件一（训练集）.xlsx|材料2|2541,1,197557.4011,206341.154173,209705.257114,198168.751592
附件一（训练集）.xlsx|材料2|2542,1,648427.3663,667888.245026,658994.760808,636169.00932
附件一（训练集）.xlsx|材料2|2543,1,1170182.361,1218359.75246,1251711.80669,1209227.59889
附件一（训练集）.xlsx|材料2|2544,1,2512.760987,2558.53514427,2751.99134185,3044.87942762
附件一（训练集）.xlsx|材料2|2545,3,14701.37934,14233.3665872,13719.2580207,13808.4209635
附件一（训练集）.xlsx|材料2|2546,4,26088.14743,24732.3237675,27051.2924595,28087.0855075
附件一（训练集）.xlsx|材料2|2547,4,46972.24604,43049.0197267,50713.6271158,49094.3754181
附件一（训练集）.xlsx|材料2|2548,2,85122.58756,79689.5385443,79665.0377818,80396.7313271
附件一（训练集）.xlsx|材料2|2549,1,288731.3308,314635.874494,305138.567307,297881.814061
附件一（训练集）.xlsx|材料2|255,2,28387.61756,30002.8401065,29442.501248,29468.7366134
附件一（训练集）.xlsx|材料2|2550,3,520280.5372,497955.435925,482216.766519,503480.199926
附件一（训练集）.xlsx|材料2|2551,0,943743.5098,935889.136164,964999.155705,976172.790711
附件一（训练集）.xlsx|材料2|2552,0,2506.480873,2403.96724163,2680.65836023,2708.05258144
附件一（训练集）.xlsx|材料2|2553,4,4269.568434,4241.28379062,4747.54852622,4613.49022
附件一（训练集）.xlsx|材料2|2554,2,7487.514623,7807.15901685,8156.18271542,7773.39769535
附件一（训练集）.xlsx|材料2|2555,1,13372.74593,11693.2948762,12788.4610839,13480.288594
附件一（训练集）.xlsx|材料2|2556,2,23847.93558,19076.6472127,19901.5808104,20634.8099338
附件一（训练集）.xlsx|材料2|2557,4,41059.23854,38643.7562921,41839.7113424,42051.7261155
附件一（训练集）.xlsx|材料2|2558,2,72981.88493,70944.1630293,76336.6260819,75657.9243211
附件一（训练集）.xlsx|材料2|2559,2,132991.0679,131688.820312,128029.768354,130338.386532
附件一（训练集）.xlsx|材料2|256,1,50009.18345,49958.7548738,50254.4530998,51044.5299583
附件一（训练集）.xlsx|材料2|2560,3,239552.4233,246193.387789,249813.348304,248302.118465
附件一（训练集）.xlsx|材料2|2561,2,774613.4635,774721.414239,835207.672263,874565.816697
附件一（训练集）.xlsx|材料2|2562,3,1386361.129,1390857.75745,1384568.06504,1427329.67244
附件一（训练集）.xlsx|材料2|2563,2,1509.916135,1554.00284309,1389.39482939,1400.51558409
附件一（训练集）.xlsx|材料2|2564,0,2551.695874,2476.39669114,2313.64701007,2306.84238142
附件一（训练集）.xlsx|材料2|2565,4,7450.34933,7219.69780259,7580.16644499,7910.42888792
附件一（训练集）.xlsx|材料2|2566,2,12737.28537,10508.2404205,12494.839966,13305.7722964
附件一（训练集）.xlsx|材料2|2567,2,38010.7604,34388.7084499,32058.8320036,34571.0965978
附件一（训练集）.xlsx|材料2|2568,4,64692.62638,46794.7050498,59695.7952368,57851.731173
附件一（训练集）.xlsx|材料2|2569,3,360773.2532,350916.707788,355819.696482,351203.881687
附件一（训练集）.xlsx|材料2|257,4,84923.8096,90228.6399631,90813.3050388,89638.0687501
附件一（训练集）.xlsx|材料2|2570,0,4660.479388,4034.20836319,4430.2435263,4203.75147811
附件一（训练集）.xlsx|材料2|2571,2,13396.42972,11399.0079576,14464.5365927,14995.9917581
附件一（训练集）.xlsx|材料2|2572,4,22362.54383,21116.6788302,23253.5434086,23715.8995559
附件一（训练集）.xlsx|材料2|2573,4,37610.11844,32779.0400193,40293.8642954,38511.8308506
附件一（训练集）.xlsx|材料2|2574,0,63745.18381,58662.3362156,64606.8140621,66799.7888095
附件一（训练集）.xlsx|材料2|2575,3,108559.7571,100304.6743,105779.699017,105199.347069
附件一（训练集）.xlsx|材料2|2576,3,189507.0318,176574.208849,179793.082431,188311.763792
附件一（训练集）.xlsx|材料2|2577,4,578832.0676,590690.786743,630287.822565,622523.088278
附件一（训练集）.xlsx|材料2|2578,1,3170.317144,2855.33369312,3032.79391033,3227.05106075
附件一（训练集）.xlsx|材料2|2579,4,8666.213701,8351.81891522,8699.71694419,8615.76529987
附件一（训练集）.xlsx|材料2|258,0,268403.5858,261571.5982,284909.894881,284592.340075
附件一（训练集）.xlsx|材料2|2580,3,14334.69287,14901.6546904,13789.5122845,13415.9184128
附件一（训练集）.xlsx|材料2|2581,4,38949.44359,42218.992919,38450.8094172,38350.2759644
附件一（训练集）.xlsx|材料2|2582,4,64474.0848,65574.7677453,61517.5596978,62848.1009148
附件一（训练集）.xlsx|材料2|2583,3,109031.3027,108956.792017,108614.469748,113499.945303
附件一（训练集）.xlsx|材料2|2584,3,181876.6296,205361.170582,191809.873032,192883.698984
附件一（训练集）.xlsx|材料2|2585,2,926542.9915,899094.145765,899046.337324,930770.007024
附件一（训练集）.xlsx|材料2|2586,4,9661.395364,11074.7157952,10101.3280655,10636.2241706
附件一（训练集）.xlsx|材料2|2587,4,15749.97351,12450.8917581,15528.9851978,15924.9149064
附件一（训练集）.xlsx|材料2|2588,3,25678.91885,20833.9050434,24983.1910541,25813.6578293
附件一（训练集）.xlsx|材料2|2589,2,41340.11626,34129.1124615,44197.1018927,45982.6099255
附件一（训练集）.xlsx|材料2|259,0,6506.290128,6168.79079014,6497.28281124,6112.64946747
附件一（训练集）.xlsx|材料2|2590,4,67258.2863,65097.3693392,66343.2088983,65717.8940894
附件一（训练集）.xlsx|材料2|2591,4,111833.9611,111528.564301,110341.708295,107298.236344
附件一（训练集）.xlsx|材料2|2592,3,184834.4171,186011.284535,167780.782176,175459.498406
附件一（训练集）.xlsx|材料2|2593,3,304773.7299,310236.824031,310635.766259,318191.02115
附件一（训练集）.xlsx|材料2|2594,0,885707.0321,923354.874456,900909.632059,848572.540313
附件一（训练集）.xlsx|材料2|2595,3,18988.77849,20692.4733719,21600.1851287,21398.3974689
附件一（训练集）.xlsx|材料2|2596,3,37248.08979,44464.881378,40840.8043242,39939.0618053
附件一（训练集）.xlsx|材料2|2597,4,68743.46696,75564.264547,70955.4032784,69346.7869987
附件一（训练集）.xlsx|材料2|2598,4,239840.7849,263465.899723,240532.635417,246321.255575
附件一（训练集）.xlsx|材料2|2599,4,433509.3538,442115.419441,405654.948956,417154.523194
附件一（训练集）.xlsx|材料2|26,3,2319.332205,2181.85286445,2150.81657102,2148.76717072
附件一（训练集）.xlsx|材料2|260,0,6755.834073,6799.47152469,6554.74187319,6323.63065968
附件一（训练集）.xlsx|材料2|2600,0,7821.710599,8639.73471278,8138.50690168,8454.13801638
附件一（训练集）.xlsx|材料2|2601,3,14814.57234,15382.5238205,16350.6460659,16277.179066
附件一（训练集）.xlsx|材料2|2602,1,27861.69624,34406.8146276,30668.9378667,30019.7504681
附件一（训练集）.xlsx|材料2|2603,3,50853.80769,54062.8755223,51185.9267985,51672.7379305
附件一（训练集）.xlsx|材料2|2604,0,96305.92851,103632.250786,103007.986748,106891.923222
附件一（训练集）.xlsx|材料2|2605,1,178140.6774,184069.813989,181122.031131,183175.969445
附件一（训练集）.xlsx|材料2|2606,1,594764.6206,580537.697686,587475.457636,591897.068622
附件一（训练集）.xlsx|材料2|2607,0,5958.177765,5795.42901955,6006.43472846,6170.74556093
附件一（训练集）.xlsx|材料2|2608,1,10914.84326,10397.6605516,10846.2209512,10663.8477935
附件一（训练集）.xlsx|材料2|2609,1,132779.4593,144625.221102,140048.517904,137188.674826
附件一（训练集）.xlsx|材料2|261,1,10893.46835,11249.5506762,11092.5642405,10697.1076566
附件一（训练集）.xlsx|材料2|2610,2,246567.181,246837.773911,247836.725398,255698.840426
附件一（训练集）.xlsx|材料2|2611,1,458234.1315,488425.291859,465328.828472,488857.279329
附件一（训练集）.xlsx|材料2|2612,1,822373.0377,845320.320078,841035.583931,836341.456495
附件一（训练集）.xlsx|材料2|2613,1,4481.285027,4467.65999635,4489.3394705,4475.1974784
附件一（训练集）.xlsx|材料2|2614,0,8393.636673,8190.19071217,8217.61811428,8102.00219689
附件一（训练集）.xlsx|材料2|2615,2,27992.49532,28486.3503061,30017.9679583,29525.8444165
附件一（训练集）.xlsx|材料2|2616,1,99795.653,101369.227878,100224.263957,101943.853118
附件一（训练集）.xlsx|材料2|2617,1,633690.497,687345.42465,664393.618449,652121.687226
附件一（训练集）.xlsx|材料2|2618,3,3684.409992,4406.86739271,3277.27918879,3674.96735433
附件一（训练集）.xlsx|材料2|2619,3,12581.74721,14275.7205025,12937.0659393,13149.7576032
附件一（训练集）.xlsx|材料2|262,4,18264.23487,18356.297033,19120.7707627,19329.3479075
附件一（训练集）.xlsx|材料2|2620,4,22060.01017,23203.0320386,23668.5361719,24902.3570201
附件一（训练集）.xlsx|材料2|2621,4,42208.6478,42119.8749735,44512.778656,43640.209099
附件一（训练集）.xlsx|材料2|2622,2,77532.30267,81705.2045843,73265.1982782,71967.5645786
附件一（训练集）.xlsx|材料2|2623,4,143038.889,163191.757627,156057.536441,154071.555738
附件一（训练集）.xlsx|材料2|2624,1,269585.0705,289661.164467,288520.831852,280934.953257
附件一（训练集）.xlsx|材料2|2625,3,494327.4671,550702.046223,573704.900117,546022.522215
附件一（训练集）.xlsx|材料2|2626,0,898888.6713,925567.314635,919469.91164,915599.763488
附件一（训练集）.xlsx|材料2|2627,1,1600887.077,1588934.64318,1603062.25291,1651968.87652
附件一（训练集）.xlsx|材料2|2628,4,3363.743908,3861.15099507,4026.65045988,3924.5787318
附件一（训练集）.xlsx|材料2|2629,1,10950.03605,11154.4874474,11148.7861961,10720.9523881
附件一（训练集）.xlsx|材料2|263,0,30356.10237,30063.8972086,29059.8980441,28938.6802692
附件一（训练集）.xlsx|材料2|2630,2,64506.87036,65892.6873324,64561.9794434,62434.0545951
附件一（训练集）.xlsx|材料2|2631,3,217784.9557,229460.010955,216430.443095,229505.502061
附件一（训练集）.xlsx|材料2|2632,3,397921.2521,412599.490071,374502.995355,398413.481245
附件一（训练集）.xlsx|材料2|2633,0,2315141.743,2254947.60355,2216596.02938,2249847.42694
附件一（训练集）.xlsx|材料2|2634,0,3307.139203,3622.51400608,3444.20583203,3676.0592576
附件一（训练集）.xlsx|材料2|2635,4,5854.833923,6557.57791139,6423.36333888,6441.39974882
附件一（训练集）.xlsx|材料2|2636,4,56297.70598,60790.4399034,59724.3010631,58251.5035226
附件一（训练集）.xlsx|材料2|2637,2,184744.3549,188856.380847,166021.488914,175394.242994
附件一（训练集）.xlsx|材料2|2638,3,601548.8772,645087.72448,605150.21642,579301.735074
附件一（训练集）.xlsx|材料2|2639,0,3567.387793,3877.17000052,3601.68275815,3685.12617787
附件一（训练集）.xlsx|材料2|264,2,51244.91784,51081.2821723,50232.3612669,52215.0364705
附件一（训练集）.xlsx|材料2|2640,2,10690.25401,11922.737142,11294.7892785,11789.7260882
附件一（训练集）.xlsx|材料2|2641,4,17629.42219,19854.4085603,20466.0558093,21171.0158996
附件一（训练集）.xlsx|材料2|2642,4,31374.77985,32150.1774986,34761.3956015,33277.2385743
附件一（训练集）.xlsx|材料2|2643,0,54165.19826,55401.0139264,55975.9348795,58688.5335535
附件一（训练集）.xlsx|材料2|2644,3,93121.86571,101506.213784,96479.6377389,98653.4039993
附件一（训练集）.xlsx|材料2|2645,3,166533.4801,176574.208849,162878.49017,160208.58275
附件一（训练集）.xlsx|材料2|2646,0,921823.1155,949559.577373,918043.58016,975806.663507
附件一（训练集）.xlsx|材料2|2647,0,1622965.051,1621721.81721,1614329.89008,1694187.18003
附件一（训练集）.xlsx|材料2|2648,3,4055.198047,3643.32045207,4066.85822423,4074.40002134
附件一（训练集）.xlsx|材料2|2649,4,6838.953435,6337.84982484,7089.01618498,7241.09378916
附件一（训练集）.xlsx|材料2|265,1,84976.52567,89011.5951795,93796.8583806,89335.3208753
附件一（训练集）.xlsx|材料2|2650,3,11606.14688,11776.0949818,12028.4858487,11811.430987
附件一（训练集）.xlsx|材料2|2651,3,92070.6562,91428.0155464,84849.3230968,81293.3945157
附件一（训练集）.xlsx|材料2|2652,4,274467.5306,286044.169147,289656.68148,297312.830384
附件一（训练集）.xlsx|材料2|2653,2,832081.363,899094.145765,892053.719053,858078.481016
附件一（训练集）.xlsx|材料2|2654,2,1450035.289,1322951.98312,1372258.75069,1324546.30956
附件一（训练集）.xlsx|材料2|2655,3,7482.42802,6233.63567294,7204.03838283,7465.90213228
附件一（训练集）.xlsx|材料2|2656,4,12493.6516,12450.8917581,12374.4773382,12355.9692894
附件一（训练集）.xlsx|材料2|2657,4,55299.26518,56193.0576335,55222.3577341,55107.8626029
附件一（训练集）.xlsx|材料2|2658,4,92013.12321,97055.2810395,94107.8279634,94015.4680179
附件一（训练集）.xlsx|材料2|2659,4,445245.0573,477710.063039,452614.081046,461700.799203
附件一（训练集）.xlsx|材料2|266,4,146704.8496,148592.244526,148430.987972,150797.883339
附件一（训练集）.xlsx|材料2|2660,0,762767.6256,849977.142698,804459.145724,775880.581265
附件一（训练集）.xlsx|材料2|2661,0,8290.469988,7832.86492654,8257.86589578,8846.84035931
附件一（训练集）.xlsx|材料2|2662,0,13750.94473,13483.6698551,13775.9332516,13439.9595144
附件一（训练集）.xlsx|材料2|2663,4,21813.37851,20854.8008502,21955.6478255,21994.0285073
附件一（训练集）.xlsx|材料2|2664,0,35925.90612,37365.4105772,34478.3643603,36662.3481552
附件一（训练集）.xlsx|材料2|2665,1,58505.73365,63018.7866192,59611.3397995,57032.1727452
附件一（训练集）.xlsx|材料2|2666,4,94957.31733,99304.4527209,99507.5281578,103642.121321
附件一（训练集）.xlsx|材料2|2667,0,156921.022,174759.316843,170914.159678,165012.0065
附件一（训练集）.xlsx|材料2|2668,0,260767.4279,258523.444234,260558.73831,261666.994463
附件一（训练集）.xlsx|材料2|2669,4,433593.8512,429642.029684,467698.279049,475198.198508
附件一（训练集）.xlsx|材料2|267,2,11869.47753,11248.664804,10338.3475233,10028.9595979
附件一（训练集）.xlsx|材料2|2670,4,732056.5977,730106.737416,782938.919772,763161.585148
附件一（训练集）.xlsx|材料2|2671,2,1243896.571,1185639.07052,1116465.66556,1165331.73349
附件一（训练集）.xlsx|材料2|2672,0,10942.91234,11648.974813,11465.5105112,12291.7467401
附件一（训练集）.xlsx|材料2|2673,3,19673.71419,21792.5934273,20944.5107168,20826.2648826
附件一（训练集）.xlsx|材料2|2674,3,38074.17961,40958.7206961,38951.0223387,40067.5213177
附件一（训练集）.xlsx|材料2|2675,3,134169.8743,135703.734332,129736.519455,131659.76599
附件一（训练集）.xlsx|材料2|2676,4,246871.7165,268039.81394,252392.665323,262835.697021
附件一（训练集）.xlsx|材料2|2677,0,8867.367438,10705.455569,9192.89785999,9231.6484748
附件一（训练集）.xlsx|材料2|2678,3,15476.39528,15590.0599086,15024.090733,15206.5717453
附件一（训练集）.xlsx|材料2|2679,1,29270.56854,31504.4699944,29936.5909168,29169.6585403
附件一（训练集）.xlsx|材料2|268,2,12209.86289,11248.664804,10726.2073404,10622.9275582
附件一（训练集）.xlsx|材料2|2680,3,53741.70276,55696.896063,55186.4357047,53544.2092538
附件一（训练集）.xlsx|材料2|2681,0,98502.38176,101684.709774,104047.561526,102413.893301
附件一（训练集）.xlsx|材料2|2682,1,185753.0736,180031.077765,180420.643049,179877.772062
附件一（训练集）.xlsx|材料2|2683,1,614933.6872,612274.369149,601859.461532,620014.13667
附件一（训练集）.xlsx|材料2|2684,1,11210.90885,11489.8750355,10934.1242692,11025.267602
附件一（训练集）.xlsx|材料2|2685,2,21068.30121,21000.5092185,20813.5530149,20233.5355501
附件一（训练集）.xlsx|材料2|2686,1,71018.18629,66383.2229536,70317.2688109,68427.5058768
附件一（训练集）.xlsx|材料2|2687,2,253290.0279,243751.738642,251770.57423,262348.243856
附件一（训练集）.xlsx|材料2|2688,1,469653.5167,479809.973903,463714.701952,459761.239249
附件一（训练集）.xlsx|材料2|2689,1,838717.3212,837274.756524,839436.640724,869604.346498
附件一（训练集）.xlsx|材料2|269,3,32939.63111,32773.2391607,31402.4773223,29041.4409854
附件一（训练集）.xlsx|材料2|2690,1,4971.317606,5488.88976707,4965.46246487,5028.73842344
附件一（训练集）.xlsx|材料2|2691,0,8514.666439,8312.0552878,8547.73678185,8068.02297278
附件一（训练集）.xlsx|材料2|2692,2,28619.24523,28486.3503061,28041.3419187,27636.4331501
附件一（训练集）.xlsx|材料2|2693,2,52647.66743,52690.9901968,52443.8467457,52154.8836732
附件一（训练集）.xlsx|材料2|2694,1,188658.2934,194751.417964,187088.857298,188415.390058
附件一（训练集）.xlsx|材料2|2695,2,355379.2313,354202.384062,338456.832069,347784.454982
附件一（训练集）.xlsx|材料2|2696,3,4022.915026,5538.93443913,4609.15425201,5011.77338478
附件一（训练集）.xlsx|材料2|2697,4,6733.127739,7201.16842317,7115.11272282,6931.83393256
附件一（训练集）.xlsx|材料2|2698,3,12497.48781,14275.7205025,13057.7932488,13268.2755413
附件一（训练集）.xlsx|材料2|2699,4,22264.10178,23718.1300088,21435.0221756,22660.7683543
附件一（训练集）.xlsx|材料2|27,4,4492.608002,4223.93678238,4204.33083265,4304.76492833
附件一（训练集）.xlsx|材料2|270,4,87163.9296,100825.461786,90394.9366997,87119.9867351
附件一（训练集）.xlsx|材料2|2700,2,78233.05935,81490.3435042,77767.2182751,73394.3263179
附件一（训练集）.xlsx|材料2|2701,4,144298.4901,163191.757627,156245.2351,148130.490073
附件一（训练集）.xlsx|材料2|2702,3,500840.9623,527932.402225,464433.66511,477133.259047
附件一（训练集）.xlsx|材料2|2703,0,919068.2,925567.314635,948085.81006,907902.534848
附件一（训练集）.xlsx|材料2|2704,1,1661052.138,1662475.24289,1693766.19623,1644141.62561
附件一（训练集）.xlsx|材料2|2705,2,5763.260049,6569.48896948,6058.35026237,5949.96318193
附件一（训练集）.xlsx|材料2|2706,2,63585.46761,65892.6873324,58743.7187874,59132.7537448
附件一（训练集）.xlsx|材料2|2707,2,117021.5643,124530.791751,109779.585895,112324.393678
附件一（训练集）.xlsx|材料2|2708,3,217504.2347,228112.837184,221812.199972,230863.207179
附件一（训练集）.xlsx|材料2|2709,3,398295.499,418653.185549,403194.742114,420867.710959
附件一（训练集）.xlsx|材料2|271,4,148727.985,154603.087811,157072.138232,154922.157432
附件一（训练集）.xlsx|材料2|2710,2,730198.2725,750599.066443,826651.414206,832704.005466
附件一（训练集）.xlsx|材料2|2711,3,1333714.187,1371607.08787,1345781.58284,1368583.75721
附件一（训练集）.xlsx|材料2|2712,0,2355072.382,2254947.60355,2210683.78926,2230048.31973
附件一（训练集）.xlsx|材料2|2713,0,3293.926367,5150.32758359,3616.36837629,3876.92904405
附件一（训练集）.xlsx|材料2|2714,4,5424.127242,7017.53940552,5636.96380733,5773.35696112
附件一（训练集）.xlsx|材料2|2715,1,16830.69534,20589.4612908,15952.3662055,16172.9053583
附件一（训练集）.xlsx|材料2|2716,2,29607.85837,32034.9138944,26572.8407586,27751.9280848
附件一（训练集）.xlsx|材料2|2717,4,54419.8819,54681.0196456,54698.3349255,52287.3058293
附件一（训练集）.xlsx|材料2|2718,2,98879.73172,112524.645808,92845.4587227,91320.2829769
附件一（训练集）.xlsx|材料2|2719,2,181350.3652,185049.750945,170171.576869,180690.935835
附件一（训练集）.xlsx|材料2|272,2,701.4324123,764.222546551,736.836314635,783.406328701
附件一（训练集）.xlsx|材料2|2720,3,326736.4082,340983.479829,309075.458713,308149.607554
附件一（训练集）.xlsx|材料2|2721,3,595508.0745,620285.868699,612062.373614,570522.510771
附件一（训练集）.xlsx|材料2|2722,3,1900199.696,1845573.91608,1979951.78786,1926586.2098
附件一（训练集）.xlsx|材料2|2723,0,3472.289864,4281.3693448,4265.10597675,4378.33998115
附件一（训练集）.xlsx|材料2|2724,2,9784.004067,11737.0270413,10852.5555801,11018.1815605
附件一（训练集）.xlsx|材料2|2725,4,28477.08234,31858.4076851,30805.107277,28529.1428106
附件一（训练集）.xlsx|材料2|2726,0,51073.74146,58170.9559305,54821.6437148,53787.9454373
附件一（训练集）.xlsx|材料2|2727,3,89402.75843,100304.6743,86338.8611127,86553.8887087
附件一（训练集）.xlsx|材料2|2728,3,161142.9424,192813.844231,168420.234243,175251.823514
附件一（训练集）.xlsx|材料2|2729,2,286675.7256,314121.151711,278517.4528,276730.122206
附件一（训练集）.xlsx|材料2|273,4,1338.163812,1605.24577805,1452.81227489,1539.6692057
附件一（训练集）.xlsx|材料2|2730,4,513214.5803,587798.376343,554587.766144,542421.875211
附件一（训练集）.xlsx|材料2|2731,3,10404.59475,10762.8487907,10508.3984872,11144.7594379
附件一（训练集）.xlsx|材料2|2732,2,17480.49056,17294.359787,16683.7846381,17682.2858425
附件一（训练集）.xlsx|材料2|2733,4,50240.47548,51392.4060562,49115.341586,49319.7997279
附件一（训练集）.xlsx|材料2|2734,3,149401.3596,154691.184848,156602.30848,159622.581177
附件一（训练集）.xlsx|材料2|2735,4,260163.2693,282659.988704,284946.517582,286753.559429
附件一（训练集）.xlsx|材料2|2736,0,460835.6815,490989.974286,459363.015601,484029.342542
附件一（训练集）.xlsx|材料2|2737,4,11558.35174,13025.9959019,12540.4920989,12829.3016983
附件一（训练集）.xlsx|材料2|2738,2,30844.01964,28362.3843202,29749.1068367,30896.6100788
附件一（训练集）.xlsx|材料2|2739,4,51861.44021,56909.8604669,48244.0823201,48213.7951587
附件一（训练集）.xlsx|材料2|274,2,2450.09456,2721.47386403,2653.80724508,2819.64369933
附件一（训练集）.xlsx|材料2|2740,4,87170.90587,99306.2658668,83271.0950984,85511.7580001
附件一（训练集）.xlsx|材料2|2741,0,756222.8458,922429.595244,740872.390278,747624.275951
附件一（训练集）.xlsx|材料2|2742,2,1294636.484,1230430.93054,1262013.92249,1251056.6297
附件一（训练集）.xlsx|材料2|2743,0,12625.72165,13483.6698551,12353.5687382,12457.2638458
附件一（训练集）.xlsx|材料2|2744,4,20518.96509,22323.1525294,19679.4550376,20134.5836553
附件一（训练集）.xlsx|材料2|2745,0,32870.62435,34047.344327,29198.0632394,30204.6844683
附件一（训练集）.xlsx|材料2|2746,4,89567.68946,102982.537137,85878.5192912,90047.1787182
附件一（训练集）.xlsx|材料2|2747,0,149132.6471,159454.622059,150221.116238,154629.541624
附件一（训练集）.xlsx|材料2|2748,4,415891.2192,453724.042114,411663.296468,442712.755436
附件一（训练集）.xlsx|材料2|2749,4,714511.7273,725965.809809,724229.381585,721757.394062
附件一（训练集）.xlsx|材料2|275,0,4647.378561,5037.77005363,4733.38809541,4697.80059697
附件一（训练集）.xlsx|材料2|2750,2,1207242.874,1185639.07052,1155191.22442,1187249.47685
附件一（训练集）.xlsx|材料2|2751,0,12001.10689,12139.7344709,11601.1396103,12250.9389659
附件一（训练集）.xlsx|材料2|2752,3,22236.19071,23775.9291636,22364.5692939,22783.2889349
附件一（训练集）.xlsx|材料2|2753,3,146928.7295,138890.802142,141124.858756,146412.476428
附件一（训练集）.xlsx|材料2|2754,4,489171.0136,448337.29574,447568.768891,473475.521178
附件一（训练集）.xlsx|材料2|2755,2,9616.416118,10443.300711,8805.68793241,9711.49752897
附件一（训练集）.xlsx|材料2|2756,1,17308.41095,17995.1800024,15853.5809945,16687.6752756
附件一（训练集）.xlsx|材料2|2757,4,108102.8705,100603.128769,100411.894045,103398.151218
附件一（训练集）.xlsx|材料2|2758,3,7131.130834,7600.08740256,7248.53699818,7329.63159814
附件一（训练集）.xlsx|材料2|2759,2,11887.45084,12476.2566937,12245.139806,11941.85739
附件一（训练集）.xlsx|材料2|276,2,18126.24332,18713.3117023,17383.8519111,18551.0899021
附件一（训练集）.xlsx|材料2|2760,0,18492.06147,18860.2621316,17779.364562,18134.4709573
附件一（训练集）.xlsx|材料2|2761,1,49009.04311,51644.6939015,47633.0335957,48193.9571854
附件一（训练集）.xlsx|材料2|2762,2,131591.3343,134814.220692,139180.966652,136339.634976
附件一（训练集）.xlsx|材料2|2763,1,222477.4103,244301.3152,235707.083029,233003.282055
附件一（训练集）.xlsx|材料2|2764,3,376728.1049,424217.636144,391371.360389,383148.13462
附件一（训练集）.xlsx|材料2|2765,0,646247.0695,719583.26382,636703.300651,675727.467014
附件一（训练集）.xlsx|材料2|2766,0,1114401.447,1262012.00119,1133053.17134,1177225.89076
附件一（训练集）.xlsx|材料2|2767,0,1896712.826,1867859.23401,1910725.48409,1765547.76445
附件一（训练集）.xlsx|材料2|2768,4,1045936.136,1118292.464,1025995.69259,1096812.88978
附件一（训练集）.xlsx|材料2|2769,0,1762685.605,1670432.60261,1703390.92333,1820291.91072
附件一（训练集）.xlsx|材料2|277,2,36961.62538,36359.6061025,39173.1729698,38471.0114807
附件一（训练集）.xlsx|材料2|2770,1,222121.4804,244301.3152,237841.783458,231435.77526
附件一（训练集）.xlsx|材料2|2771,3,375680.2853,424217.636144,389175.842652,387776.621379
附件一（训练集）.xlsx|材料2|2772,0,645994.8496,718375.749469,648069.579714,656789.116012
附件一（训练集）.xlsx|材料2|2773,0,1112589.213,1262012.00119,1134622.16934,1152368.78525
附件一（训练集）.xlsx|材料2|2774,0,1766607.347,1664506.67879,1668262.3924,1797386.45839
附件一（训练集）.xlsx|材料2|2775,4,16530.75225,17669.5941198,17442.5516357,17171.4495731
附件一（训练集）.xlsx|材料2|2776,4,33487.9493,36248.4274991,33862.0139345,33401.5867057
附件一（训练集）.xlsx|材料2|2777,3,132211.5022,123114.760484,129917.805998,134825.492843
附件一（训练集）.xlsx|材料2|2778,2,244095.8374,235906.152357,257323.406918,253553.69785
附件一（训练集）.xlsx|材料2|2779,1,436938.1613,408101.20854,411456.142803,413735.896884
附件一（训练集）.xlsx|材料2|278,2,73706.45673,70826.9181659,76752.0473381,80482.2828547
附件一（训练集）.xlsx|材料2|2780,1,94391.14318,99066.9572624,97707.5319244,98275.1388406
附件一（训练集）.xlsx|材料2|2781,3,1600.933126,1694.69608432,1911.96351894,1930.12615627
附件一（训练集）.xlsx|材料2|2782,0,4973.825181,4846.85456608,5082.31083263,5195.36180396
附件一（训练集）.xlsx|材料2|2783,2,9337.013202,9149.39209022,9826.82890824,10451.3658547
附件一（训练集）.xlsx|材料2|2784,4,17943.03027,17241.9305522,18557.6062026,18598.9402252
附件一（训练集）.xlsx|材料2|2785,4,257415.386,264190.874653,257721.506739,262509.250623
附件一（训练集）.xlsx|材料2|2786,2,474568.0483,487641.487842,491638.480548,473718.577294
附件一（训练集）.xlsx|材料2|2787,0,822335.7047,862070.113058,808812.391193,832067.694559
附件一（训练集）.xlsx|材料2|2788,3,1413.274391,1389.99902694,1507.6646456,1557.41356442
附件一（训练集）.xlsx|材料2|2789,3,2473.116629,2512.86963641,2473.68315423,2747.35883844
附件一（训练集）.xlsx|材料2|279,2,265031.4113,265211.078867,262171.793365,261148.425306
附件一（训练集）.xlsx|材料2|2790,4,7633.797489,6949.58516404,8270.63723127,7831.08620615
附件一（训练集）.xlsx|材料2|2791,1,51077.28018,48581.4017758,52798.440216,52515.5371635
附件一（训练集）.xlsx|材料2|2792,2,98566.29727,90119.9197756,94224.1954762,92836.3036356
附件一（训练集）.xlsx|材料2|2793,1,653824.691,663927.411046,654731.491527,629905.188286
附件一（训练集）.xlsx|材料2|2794,4,1165648.246,1233629.35803,1232536.9944,1216400.28873
附件一（训练集）.xlsx|材料2|2795,3,4157.903473,3968.50770938,4466.54921195,4675.6693786
附件一（训练集）.xlsx|材料2|2796,3,7290.833102,7393.15880825,7520.01598726,7938.80815893
附件一（训练集）.xlsx|材料2|2797,2,12923.01361,12315.5853546,13055.6994641,13833.7867232
附件一（训练集）.xlsx|材料2|2798,1,23420.67425,23616.7681929,24547.4543909,25368.0093676
附件一（训练集）.xlsx|材料2|2799,1,79378.25032,77409.7484986,80051.1552606,86944.9604257
附件一（训练集）.xlsx|材料2|28,0,8284.886668,8093.79299513,8064.21782271,7980.88746108
附件一（训练集）.xlsx|材料2|280,1,580.6919898,683.787710871,694.424297169,662.030200334
附件一（训练集）.xlsx|材料2|2800,4,519233.5692,468122.105187,471728.467004,463498.235556
附件一（训练集）.xlsx|材料2|2801,0,950192.809,942130.143595,974974.589114,981764.41028
附件一（训练集）.xlsx|材料2|2802,1,1587.183568,1579.13497456,1718.65689968,1664.26532143
附件一（训练集）.xlsx|材料2|2803,0,2610.50026,2594.1957144,2606.74223453,2677.60523501
附件一（训练集）.xlsx|材料2|2804,0,4379.589792,4297.67480065,4062.42755927,3993.55589179
附件一（训练集）.xlsx|材料2|2805,1,7439.247301,7129.49076766,7258.66839402,7530.63381124
附件一（训练集）.xlsx|材料2|2806,0,69601.43753,76319.8095481,73718.8213139,73724.6418851
附件一（训练集）.xlsx|材料2|2807,3,128246.4521,127933.809063,134274.37094,133265.605474
附件一（训练集）.xlsx|材料2|2808,2,236742.1246,243705.742078,250904.016957,262363.417653
附件一（训练集）.xlsx|材料2|2809,3,426687.1528,414728.675058,447245.469501,471437.935365
附件一（训练集）.xlsx|材料2|281,0,1989.758485,1875.12618577,1891.95840694,1979.03232333
附件一（训练集）.xlsx|材料2|2810,2,1724.161909,1662.4580911,1506.87880333,1494.48466421
附件一（训练集）.xlsx|材料2|2811,0,4680.176997,4180.4543313,4330.58860219,4205.29013109
附件一（训练集）.xlsx|材料2|2812,0,7758.630753,7578.17266718,8246.70055919,8685.05027402
附件一（训练集）.xlsx|材料2|2813,3,22321.40087,20359.8123584,20453.1316782,20264.7172616
附件一（训练集）.xlsx|材料2|2814,2,37088.42334,33679.0169549,31065.6215514,33710.9337944
附件一（训练集）.xlsx|材料2|2815,2,63780.72971,58285.3517849,57634.5450811,60483.5814806
附件一（训练集）.xlsx|材料2|2816,0,113719.5949,101905.471818,122412.931166,119663.533689
附件一（训练集）.xlsx|材料2|2817,2,357019.4597,328224.347283,354947.962324,363249.356652
附件一（训练集）.xlsx|材料2|2818,3,645357.4399,645552.947463,648742.566787,634933.949901
附件一（训练集）.xlsx|材料2|2819,0,1959.658596,1957.25114657,2041.56375596,1962.12101086
附件一（训练集）.xlsx|材料2|282,4,3479.194081,3515.84647572,3799.70546931,3706.66925394
附件一（训练集）.xlsx|材料2|2820,4,3180.70129,2766.32631412,2941.58861148,2941.19912152
附件一（训练集）.xlsx|材料2|2821,3,8602.978877,7572.64366501,8460.22764832,8425.11456706
附件一（训练集）.xlsx|材料2|2822,4,23326.31321,20893.5222559,23194.3084814,23957.0863768
附件一（训练集）.xlsx|材料2|2823,1,38740.92087,35469.5118794,38542.3179328,38350.934104
附件一（训练集）.xlsx|材料2|2824,2,109083.6972,101038.324769,104043.266666,107751.759473
附件一（训练集）.xlsx|材料2|2825,0,188637.0636,167113.279763,187703.838767,188456.900222
附件一（训练集）.xlsx|材料2|2826,2,573732.1439,541038.427861,623717.221596,645946.016979
附件一（训练集）.xlsx|材料2|2827,2,1009829.304,947058.151264,1004410.33312,1092080.9293
附件一（训练集）.xlsx|材料2|2828,3,3579.130965,3376.53749922,3330.66364685,3319.02267931
附件一（训练集）.xlsx|材料2|2829,4,5761.109757,5305.05274807,5229.96764817,5247.6942185
附件一（训练集）.xlsx|材料2|283,3,6705.048145,6871.34135476,7060.40048143,6837.00116086
附件一（训练集）.xlsx|材料2|2830,0,9383.086158,8602.61229697,9126.40401387,8950.19167769
附件一（训练集）.xlsx|材料2|2831,1,15300.4112,15332.2841313,15680.7647654,14489.8168749
附件一（训练集）.xlsx|材料2|2832,2,108420.6286,110388.034208,106073.455159,104465.041605
附件一（训练集）.xlsx|材料2|2833,1,182033.2558,192880.974151,191622.770754,192153.849305
附件一（训练集）.xlsx|材料2|2834,0,307281.0485,298658.567811,331569.588183,341525.966346
附件一（训练集）.xlsx|材料2|2835,0,530436.3189,546166.261251,539027.177635,537697.430175
附件一（训练集）.xlsx|材料2|2836,3,6296.114097,5822.32156281,6128.79717138,6234.0163654
附件一（训练集）.xlsx|材料2|2837,2,42487.56698,35043.3272943,45059.0056344,47109.535235
附件一（训练集）.xlsx|材料2|2838,2,68573.53824,70693.7791098,66731.3187555,68126.4926899
附件一（训练集）.xlsx|材料2|2839,4,113109.6732,110699.345484,103941.279845,104938.951351
附件一（训练集）.xlsx|材料2|284,4,12694.47239,12147.2086578,12425.3420775,13599.5231871
附件一（训练集）.xlsx|材料2|2840,0,513162.8753,541652.563291,524504.056688,515854.402106
附件一（训练集）.xlsx|材料2|2841,0,866687.6305,906599.262829,902906.392956,864753.509846
附件一（训练集）.xlsx|材料2|2842,2,7444.533047,6680.85700915,7931.8541398,8049.72165316
附件一（训练集）.xlsx|材料2|2843,4,15893.66107,17120.1993824,16569.2282734,16415.6529471
附件一（训练集）.xlsx|材料2|2844,3,131542.6334,123114.760484,128107.799012,139678.705386
附件一（训练集）.xlsx|材料2|2845,2,5890.23702,6868.31269147,6227.00248042,6322.6314601
附件一（训练集）.xlsx|材料2|2846,4,11577.46954,11456.6809638,12124.8882719,12134.5904936
附件一（训练集）.xlsx|材料2|2847,3,23460.21105,24918.872455,27553.2859116,28127.5834621
附件一（训练集）.xlsx|材料2|2848,4,45743.65624,45251.4311846,47108.8869167,46677.2010643
附件一（训练集）.xlsx|材料2|2849,1,93450.49743,92003.0675943,92552.912657,91257.974114
附件一（训练集）.xlsx|材料2|285,1,51020.49445,47754.9768403,51540.7108073,53628.5311346
附件一（训练集）.xlsx|材料2|2850,4,180154.9604,180317.0068,172386.064142,175263.569236
附件一（训练集）.xlsx|材料2|2851,4,4344.191917,4883.77053142,4907.32801359,4969.36593196
附件一（训练集）.xlsx|材料2|2852,4,8447.733259,8339.71615335,8852.66252813,8479.54187423
附件一（训练集）.xlsx|材料2|2853,0,16766.50492,17696.9372657,20073.255746,21413.0917627
附件一（训练集）.xlsx|材料2|2854,2,65486.45417,65918.1883223,64552.5541505,64352.205601
附件一（训练集）.xlsx|材料2|2855,3,247369.2963,234140.15145,246680.690262,245464.283197
附件一（训练集）.xlsx|材料2|2856,4,818367.312,834100.466669,786456.837404,813046.040238
附件一（训练集）.xlsx|材料2|2857,4,3601.860822,3701.38834409,3884.8677095,3761.34531978
附件一（训练集）.xlsx|材料2|2858,4,6473.00139,6734.15604164,6413.1197308,6060.52041295
附件一（训练集）.xlsx|材料2|2859,0,23334.19523,22754.1863959,24297.2662166,25170.0973307
附件一（训练集）.xlsx|材料2|286,1,105319.2465,94009.9662818,94939.1591666,92019.1103362
附件一（训练集）.xlsx|材料2|2860,2,92682.43571,92678.0685729,100023.850252,100608.409562
附件一（训练集）.xlsx|材料2|2861,2,181830.9239,190336.48239,189385.468504,182492.21642
附件一（训练集）.xlsx|材料2|2862,3,349329.4629,381278.921946,388137.969629,399047.203309
附件一（训练集）.xlsx|材料2|2863,3,3201.412276,3591.01023521,2950.70579484,3274.2779879
附件一（训练集）.xlsx|材料2|2864,2,10481.13431,11799.2622032,11883.5231629,12044.2738757
附件一（训练集）.xlsx|材料2|2865,1,18892.49334,21867.4097053,19470.6072689,21199.2324141
附件一（训练集）.xlsx|材料2|2866,3,37449.52848,39110.3494443,37310.7749449,36280.4618584
附件一（训练集）.xlsx|材料2|2867,1,266057.9056,278266.884104,279675.733902,277033.74364
附件一（训练集）.xlsx|材料2|2868,0,914821.2419,931739.49066,931632.753029,908101.454431
附件一（训练集）.xlsx|材料2|2869,4,1604680.071,1637263.48223,1648714.887,1685368.94219
附件一（训练集）.xlsx|材料2|287,0,201898.0271,200265.299952,198547.724138,200310.539442
附件一（训练集）.xlsx|材料2|2870,2,17326.53012,17533.1907831,16789.0101541,17689.2040964
附件一（训练集）.xlsx|材料2|2871,2,33198.03643,30892.9264988,28882.2791274,30567.7265025
附件一（训练集）.xlsx|材料2|2872,3,111923.1337,115664.892638,113778.266785,119522.546633
附件一（训练集）.xlsx|材料2|2873,2,212649.848,218629.553035,217949.530181,226684.616779
附件一（训练集）.xlsx|材料2|2874,3,397132.4266,407998.352345,375034.987909,392342.405937
附件一（训练集）.xlsx|材料2|2875,1,731928.6718,819622.090048,840173.802131,836779.86617
附件一（训练集）.xlsx|材料2|2876,4,2345227.336,2361870.53678,2260403.83687,2304317.29434
附件一（训练集）.xlsx|材料2|2877,0,6133.881394,5577.17941618,5295.08614751,5613.32019057
附件一（训练集）.xlsx|材料2|2878,3,17675.45861,20154.904799,19335.4162817,17250.7625189
附件一（训练集）.xlsx|材料2|2879,0,99080.78439,101918.339844,116504.157406,107719.305291
附件一（训练集）.xlsx|材料2|288,4,357736.455,355281.061537,329149.92068,325038.130924
附件一（训练集）.xlsx|材料2|2880,3,181624.009,179877.998153,183873.243688,186923.368311
附件一（训练集）.xlsx|材料2|2881,2,332535.5505,343912.415674,330029.362034,327785.540182
附件一（训练集）.xlsx|材料2|2882,1,1081202.77,1023931.86101,1004571.37706,1001260.47139
附件一（训练集）.xlsx|材料2|2883,1,1955621.215,1821550.20626,1965843.15153,1934591.00035
附件一（训练集）.xlsx|材料2|2884,1,4101.016802,3722.47872664,3772.06509627,3825.02266444
附件一（训练集）.xlsx|材料2|2885,3,6857.368607,7362.1832022,7055.43000741,6934.76920116
附件一（训练集）.xlsx|材料2|2886,4,11462.73277,11512.6087166,10796.7406599,10881.6069594
附件一（训练集）.xlsx|材料2|2887,4,18689.11618,20893.5222559,20609.5569423,21254.5350908
附件一（训练集）.xlsx|材料2|2888,1,54361.06714,53773.4548958,56896.3692487,55456.7246132
附件一（训练集）.xlsx|材料2|2889,2,93674.89927,101038.324769,99404.8997189,97128.3255021
附件一（训练集）.xlsx|材料2|289,0,415.6131139,626.666360211,551.323338125,605.094115119
附件一（训练集）.xlsx|材料2|2890,0,166274.7165,167113.279763,172837.403138,169863.703089
附件一（训练集）.xlsx|材料2|2891,2,526653.3332,538348.291976,548667.335615,537136.45027
附件一（训练集）.xlsx|材料2|2892,2,927488.1025,917828.505393,968598.324976,1074959.5842
附件一（训练集）.xlsx|材料2|2893,0,1646218.888,1665578.64275,1662721.57011,1728210.35183
附件一（训练集）.xlsx|材料2|2894,4,4553.313757,3959.92290141,4248.26953252,4247.26820817
附件一（训练集）.xlsx|材料2|2895,0,7573.479681,6529.45986013,7392.917009,6795.12466675
附件一（训练集）.xlsx|材料2|2896,2,33856.29593,29255.2281278,31218.8063862,30905.4198535
附件一（训练集）.xlsx|材料2|2897,4,55887.82412,51087.2857996,52654.9666884,52346.3333609
附件一（训练集）.xlsx|材料2|2898,0,275404.6362,270819.580943,280584.743668,270214.078163
附件一（训练集）.xlsx|材料2|2899,0,479197.7751,496187.619064,499258.16404,497163.977978
附件一（训练集）.xlsx|材料2|29,0,46050.10416,47962.0832338,46087.064615,46289.124921
附件一（训练集）.xlsx|材料2|290,1,743.7463851,833.513024209,875.815095263,820.264979225
附件一（训练集）.xlsx|材料2|2900,3,830555.246,858062.369074,876150.146727,863650.638337
附件一（训练集）.xlsx|材料2|2901,4,1451172.623,1402133.78258,1418960.95658,1378449.04659
附件一（训练集）.xlsx|材料2|2902,0,13473.45198,13614.549021,12770.6991929,12149.6280578
附件一（训练集）.xlsx|材料2|2903,1,21331.57218,21543.6186463,21005.3590216,21702.9117949
附件一（训练集）.xlsx|材料2|2904,2,34864.15233,34302.8117878,33368.3741546,32654.623521
附件一（训练集）.xlsx|材料2|2905,4,94016.09236,96790.6186156,94064.8671516,92597.2086004
附件一（训练集）.xlsx|材料2|2906,0,445158.4514,473540.947571,452643.255511,439149.529589
附件一（训练集）.xlsx|材料2|2907,3,1298723.68,1228785.75968,1244779.06838,1175098.12548
附件一（训练集）.xlsx|材料2|2908,4,8884.558345,9210.47155969,8141.42351091,8153.97861677
附件一（训练集）.xlsx|材料2|2909,3,14525.72304,14357.6793536,14241.1500029,13883.4982492
附件一（训练集）.xlsx|材料2|291,4,1417.985444,1394.65448887,1354.88425413,1342.64007993
附件一（训练集）.xlsx|材料2|2910,4,22991.86576,21366.7013388,23306.2280336,22889.5366071
附件一（训练集）.xlsx|材料2|2911,2,37329.6143,37702.1410804,39187.279703,38550.1097168
附件一（训练集）.xlsx|材料2|2912,3,97042.63987,96694.7805775,100095.485731,103858.272251
附件一（训练集）.xlsx|材料2|2913,0,158539.402,172711.855404,171416.228988,169411.415566
附件一（训练集）.xlsx|材料2|2914,2,257096.0206,247001.091099,257919.473038,260905.507928
附件一（训练集）.xlsx|材料2|2915,2,430159.605,414427.059161,437128.606369,464518.013367
附件一（训练集）.xlsx|材料2|2916,3,721168.9084,714606.967711,742543.153266,793132.735824
附件一（训练集）.xlsx|材料2|2917,4,16446.69835,17853.324737,17735.874362,17353.4715952
附件一（训练集）.xlsx|材料2|2918,4,34915.92451,36543.5513151,35554.3142394,34405.8962852
附件一（训练集）.xlsx|材料2|2919,3,135643.3974,127079.669342,122785.488655,127873.661396
附件一（训练集）.xlsx|材料2|292,2,4712.875294,5305.23716822,4824.52379502,4849.84786092
附件一（训练集）.xlsx|材料2|2920,1,439040.5743,408659.527848,395005.606223,421142.121885
附件一（训练集）.xlsx|材料2|2921,4,12198.76005,12525.5891596,12657.6433442,13004.8570265
附件一（训练集）.xlsx|材料2|2922,4,48832.85114,45141.1581904,46986.1343239,46790.4070318
附件一（训练集）.xlsx|材料2|2923,1,95605.69346,90609.5823762,87745.4834601,91153.0939818
附件一（训练集）.xlsx|材料2|2924,4,187025.2023,174895.354175,178133.300292,181387.873526
附件一（训练集）.xlsx|材料2|2925,2,344187.5175,341996.524845,336324.108682,339312.466377
附件一（训练集）.xlsx|材料2|2926,0,610705.3967,608945.152596,604680.011697,605034.438475
附件一（训练集）.xlsx|材料2|2927,4,4844.201674,5397.32551119,5088.91276444,5457.68358707
附件一（训练集）.xlsx|材料2|2928,0,16890.85919,17520.2197825,17134.2147644,17599.8029732
附件一（训练集）.xlsx|材料2|2929,1,33044.50544,32554.8837312,32717.7273084,33418.5504997
附件一（训练集）.xlsx|材料2|293,0,8767.747571,9301.26227792,7809.76295783,8233.85046332
附件一（训练集）.xlsx|材料2|2930,2,65057.12454,63657.5738269,58966.2411686,58187.2951913
附件一（训练集）.xlsx|材料2|2931,2,132247.3693,122097.976135,137618.255734,144108.468089
附件一（训练集）.xlsx|材料2|2932,1,476638.8365,469798.865311,464328.820883,448964.974319
附件一（训练集）.xlsx|材料2|2933,4,831641.5788,832754.807232,785121.270932,810224.573571
附件一（训练集）.xlsx|材料2|2934,4,3817.420674,4658.98632039,3701.41825028,4124.67993016
附件一（训练集）.xlsx|材料2|2935,4,6316.678686,6789.12438625,6138.43942044,6561.95923811
附件一（训练集）.xlsx|材料2|2936,0,23649.25383,24010.0835764,21923.2002231,22528.2864555
附件一（训练集）.xlsx|材料2|2937,1,45899.6896,48466.5900454,45207.777596,46376.2448294
附件一（训练集）.xlsx|材料2|2938,2,93770.24652,92678.0685729,85764.7752197,84870.0283993
附件一（训练集）.xlsx|材料2|2939,3,358032.4931,335562.003311,336371.04237,341807.705068
附件一（训练集）.xlsx|材料2|294,1,34018.45563,32398.3720693,34253.7648717,36311.4794339
附件一（训练集）.xlsx|材料2|2940,4,1162022.413,1239786.95032,1192537.8825,1200119.31091
附件一（训练集）.xlsx|材料2|2941,3,3348.588276,4666.98827705,4118.39617164,4339.0784135
附件一（训练集）.xlsx|材料2|2942,3,35177.1644,37231.8625575,34077.4989239,34142.1016153
附件一（训练集）.xlsx|材料2|2943,1,70406.25544,76749.3635873,72775.3631142,73490.8502072
附件一（训练集）.xlsx|材料2|2944,1,268720.6747,292172.578062,276172.362426,278594.065354
附件一（训练集）.xlsx|材料2|2945,0,932819.3306,931739.49066,955393.407705,898740.55676
附件一（训练集）.xlsx|材料2|2946,4,1661170.356,1699495.39726,1651451.7662,1680525.29732
附件一（训练集）.xlsx|材料2|2947,1,5338.112752,5710.13104982,5733.04738336,5487.33705499
附件一（训练集）.xlsx|材料2|2948,3,9503.637854,10673.3611117,10768.3407946,11197.7958376
附件一（训练集）.xlsx|材料2|2949,2,29999.99675,30892.9264988,29148.7867835,31145.3191392
附件一（训练集）.xlsx|材料2|295,4,144469.8836,141428.680249,136507.872449,135827.07086
附件一（训练集）.xlsx|材料2|2950,0,58560.7376,59024.1105789,55756.177263,54335.5573196
附件一（训练集）.xlsx|材料2|2951,3,110341.5874,115664.892638,108969.843196,106732.956895
附件一（训练集）.xlsx|材料2|2952,2,211020.9771,224176.718202,210735.769003,221233.199899
附件一（训练集）.xlsx|材料2|2953,3,396748.6317,413034.513751,402509.106756,426835.007467
附件一（训练集）.xlsx|材料2|2954,1,741887.3989,780826.214901,853069.870527,828939.78624
附件一（训练集）.xlsx|材料2|2955,1,1363147.951,1394153.42383,1426174.76222,1325821.74365
附件一（训练集）.xlsx|材料2|2956,0,3563.443891,5214.0716207,3705.23585227,3872.82542548
附件一（训练集）.xlsx|材料2|2957,0,5623.679276,6329.4721912,5525.46030758,5517.61113529
附件一（训练集）.xlsx|材料2|2958,1,9761.808383,10227.7173441,9545.52477974,9613.86019077
附件一（训练集）.xlsx|材料2|2959,0,95497.5629,101918.339844,95791.7381943,95891.6997158
附件一（训练集）.xlsx|材料2|296,3,494215.9412,522860.445905,468781.676724,471340.139118
附件一（训练集）.xlsx|材料2|2960,2,324699.3053,343912.415674,306497.249763,315562.593776
附件一（训练集）.xlsx|材料2|2961,1,1100011.794,1103262.94588,1150183.59166,1123398.56935
附件一（训练集）.xlsx|材料2|2962,1,3994.936682,4844.06628924,4540.06044746,4248.84329326
附件一（训练集）.xlsx|材料2|2963,3,6275.873171,6935.86100237,6550.42757194,6022.56172167
附件一（训练集）.xlsx|材料2|2964,4,17541.25712,20762.2571596,17615.2553346,18191.3674984
附件一（训练集）.xlsx|材料2|2965,1,51636.35303,54008.9084876,53838.8074969,52568.4877005
附件一（训练集）.xlsx|材料2|2966,2,89390.81966,101038.324769,92493.0143815,87290.891912
附件一（训练集）.xlsx|材料2|2967,1,285481.1854,295780.128941,296453.764894,290631.652892
附件一（训练集）.xlsx|材料2|2968,2,929989.3609,947058.151264,982381.023532,1040806.00032
附件一（训练集）.xlsx|材料2|2969,0,1639749.603,1650341.75692,1719041.59895,1793512.33175
附件一（训练集）.xlsx|材料2|297,4,1962.9699,1944.91527415,2033.37446037,1870.27552821
附件一（训练集）.xlsx|材料2|2970,4,4394.990633,4726.85489873,4338.11311568,4430.30179886
附件一（训练集）.xlsx|材料2|2971,0,6879.130475,6529.45986013,6673.08831662,6729.10750427
附件一（训练集）.xlsx|材料2|2972,1,11352.30656,10769.6923047,10736.4600148,11247.3199612
附件一（训练集）.xlsx|材料2|2973,2,18553.72108,17855.8841946,17601.5561062,18153.0916563
附件一（训练集）.xlsx|材料2|2974,2,87507.92367,86711.3393564,85038.0205375,82921.2493613
附件一（训练集）.xlsx|材料2|2975,0,261246.2656,245048.43968,259742.800627,257988.332231
附件一（训练集）.xlsx|材料2|2976,0,459082.9967,495354.979256,464083.269796,475756.092529
附件一（训练集）.xlsx|材料2|2977,4,4852.654371,5325.43762438,4900.81168329,5035.62954508
附件一（训练集）.xlsx|材料2|2978,0,12506.92401,13583.468759,11293.0618303,10764.2892973
附件一（训练集）.xlsx|材料2|2979,2,32163.36747,29383.0279548,30764.9586984,31319.3829889
附件一（训练集）.xlsx|材料2|298,2,6408.739313,7258.52660229,7069.53241215,7150.85246592
附件一（训练集）.xlsx|材料2|2980,2,53655.95889,46943.2478128,51393.905966,51190.1940155
附件一（训练集）.xlsx|材料2|2981,4,88951.45388,97521.5599099,83966.4006206,85866.3256504
附件一（训练集）.xlsx|材料2|2982,2,148416.8301,149919.151952,146796.688287,150080.730114
附件一（训练集）.xlsx|材料2|2983,1,250992.3351,272325.231783,251073.682035,250792.409684
附件一（训练集）.xlsx|材料2|2984,0,433685.5283,475434.085815,444192.940488,459456.915575
附件一（训练集）.xlsx|材料2|2985,3,1285076.771,1221571.48327,1139936.66137,1230537.60154
附件一（训练集）.xlsx|材料2|2986,3,13603.70161,14357.6793536,13258.466138,12672.1484206
附件一（训练集）.xlsx|材料2|2987,4,21710.19991,22118.4463791,21010.1444789,20960.0771828
附件一（训练集）.xlsx|材料2|2988,3,56192.95585,65923.3498778,53624.963469,54327.2788205
附件一（训练集）.xlsx|材料2|2989,3,91504.77344,96694.7805775,88655.151586,92480.3787565
附件一（训练集）.xlsx|材料2|299,0,12094.09514,13067.997794,12863.3583846,12879.2602204
附件一（训练集）.xlsx|材料2|2990,2,245848.6591,247280.678383,251479.668947,265289.946405
附件一（训练集）.xlsx|材料2|2991,2,414587.9898,414427.059161,406165.852494,422080.701873
附件一（训练集）.xlsx|材料2|2992,3,706797.909,752925.028016,741934.418383,729184.274579
附件一（训练集）.xlsx|材料2|2993,1,1185221.311,1190633.50867,1219255.31902,1202064.42809
附件一（训练集）.xlsx|材料2|2994,2,9515.140172,10338.5939037,9419.24831889,10193.0943732
附件一（训练集）.xlsx|材料2|2995,4,19165.5002,19544.2001973,17793.6492418,18324.7137897
附件一（训练集）.xlsx|材料2|2996,4,39782.04017,40476.7009926,39825.2418087,40887.185426
附件一（训练集）.xlsx|材料2|2997,3,149558.2569,129652.08708,132280.072868,145017.250361
附件一（训练集）.xlsx|材料2|2998,2,278528.213,279702.192247,277511.568359,286546.385858
附件一（训练集）.xlsx|材料2|2999,1,483093.7239,436246.677098,416711.350266,450504.218302
附件一（训练集）.xlsx|材料2|3,0,3427.045851,3910.70435675,4149.00798255,4334.17217044
附件一（训练集）.xlsx|材料2|30,1,228177.1425,232752.217441,234127.126221,234745.188298
附件一（训练集）.xlsx|材料2|300,1,48650.94962,49237.328904,49128.593143,49925.9918752
附件一（训练集）.xlsx|材料2|3000,1,7472.766201,8158.55687756,7587.07295474,7615.34653799
附件一（训练集）.xlsx|材料2|3001,2,13875.61958,14202.1949768,12747.7504166,14305.382489
附件一（训练集）.xlsx|材料2|301,4,100506.4583,98379.8833577,102222.158141,105773.176556
附件一（训练集）.xlsx|材料2|302,0,377678.9606,384810.825876,387929.703827,385932.280675
附件一（训练集）.xlsx|材料2|303,3,663683.0988,630641.373724,676096.401519,670851.847698
附件一（训练集）.xlsx|材料2|304,4,3081.944275,3194.97060292,3357.28518208,3582.91252564
附件一（训练集）.xlsx|材料2|305,1,5316.957519,5684.85073748,5407.88393321,5810.64691234
附件一（训练集）.xlsx|材料2|306,4,18547.91413,19965.4318097,19617.712013,20146.8933116
附件一（训练集）.xlsx|材料2|307,1,36896.2378,36480.4974003,40262.6399537,38860.6494846
附件一（训练集）.xlsx|材料2|308,2,139851.241,131115.093567,128878.693863,122178.537462
附件一（训练集）.xlsx|材料2|309,2,281511.9266,280247.96611,276297.410098,275178.771644
附件一（训练集）.xlsx|材料2|31,1,360819.8648,334033.031267,350287.996129,363887.559556
附件一（训练集）.xlsx|材料2|310,0,518436.7953,504116.566729,503646.325959,486734.359516
附件一（训练集）.xlsx|材料2|311,4,1010.813072,1091.57088956,1097.19349637,1086.63981371
附件一（训练集）.xlsx|材料2|312,1,1699.527739,1503.11826214,1368.66563773,1486.86050373
附件一（训练集）.xlsx|材料2|313,4,2925.049299,3035.21979239,3189.5735668,2936.56047922
附件一（训练集）.xlsx|材料2|314,3,5073.617146,5130.13204028,5504.96956234,5678.61372124
附件一（训练集）.xlsx|材料2|315,1,8993.586829,9513.9226665,9115.80403662,9615.93081335
附件一（训练集）.xlsx|材料2|316,1,15940.69031,16916.0849135,16374.5428634,16983.6256334
附件一（训练集）.xlsx|材料2|317,0,30239.75548,30389.7628183,32863.6950652,32386.1353639
附件一（训练集）.xlsx|材料2|318,2,60381.065,64905.4627918,60917.3436309,62072.9581
附件一（训练集）.xlsx|材料2|319,4,109805.4948,120352.887924,114900.589388,120485.401294
附件一（训练集）.xlsx|材料2|32,1,619314.8035,667685.935232,629905.017915,677480.65751
附件一（训练集）.xlsx|材料2|320,0,218571.6566,214435.982903,206708.985569,212580.552143
附件一（训练集）.xlsx|材料2|321,2,408977.4519,381567.533082,404133.405086,419702.454083
附件一（训练集）.xlsx|材料2|322,4,973.9304555,1009.17033033,956.217443415,1047.05529793
附件一（训练集）.xlsx|材料2|323,4,1152.814148,1077.99261397,1073.31532718,1114.24514728
附件一（训练集）.xlsx|材料2|324,4,1884.6569,1829.35203852,1772.41693317,1844.53150763
附件一（训练集）.xlsx|材料2|325,1,3227.478987,2747.55843135,2744.1573132,2903.9390863
附件一（训练集）.xlsx|材料2|326,4,5274.852297,5499.07308762,5335.98452866,5498.07405334
附件一（训练集）.xlsx|材料2|327,1,27979.59227,28731.6314788,29976.1564537,30866.0807588
附件一（训练集）.xlsx|材料2|328,2,94737.13736,99448.7187208,92457.0844519,95110.3115694
附件一（训练集）.xlsx|材料2|329,0,335660.579,344171.258989,345509.488576,400499.04154
附件一（训练集）.xlsx|材料2|33,2,982995.8836,921869.609243,934740.210937,941434.612342
附件一（训练集）.xlsx|材料2|330,4,2005.679819,2040.59106896,1955.75108484,1891.6447641
附件一（训练集）.xlsx|材料2|331,4,5968.936122,6046.31919801,5607.50820522,5414.69753403
附件一（训练集）.xlsx|材料2|332,0,9686.389671,7923.70765103,9006.67983051,8823.06529892
附件一（训练集）.xlsx|材料2|333,0,16400.899,17302.9102795,18106.1641229,17057.7723456
附件一（训练集）.xlsx|材料2|334,3,28529.01991,28467.5359985,26248.0734611,27536.3020739
附件一（训练集）.xlsx|材料2|335,1,51361.98421,50605.3231878,54091.4476608,54445.4534008
附件一（训练集）.xlsx|材料2|336,4,162505.6689,176132.212609,169350.651464,179142.056453
附件一（训练集）.xlsx|材料2|337,1,10690.36702,9961.00706708,10360.9439399,10079.6338723
附件一（训练集）.xlsx|材料2|338,2,29596.24789,30090.8394207,29476.4501351,29971.1065327
附件一（训练集）.xlsx|材料2|339,3,51608.18338,52188.4028932,48102.9783405,50438.0919475
附件一（训练集）.xlsx|材料2|34,0,3062.808309,2919.97101415,3069.28765382,3033.22254399
附件一（训练集）.xlsx|材料2|340,1,85729.36857,87547.4812605,88227.6659752,92234.9513094
附件一（训练集）.xlsx|材料2|341,4,149814.6126,146021.777671,149835.090924,150410.658172
附件一（训练集）.xlsx|材料2|342,1,267120.5983,263171.878183,272360.553424,276962.600479
附件一（训练集）.xlsx|材料2|343,1,7496.916937,6717.63211994,6901.66686508,6908.92762282
附件一（训练集）.xlsx|材料2|344,2,11909.25694,11341.6272882,11625.0396292,11873.4400819
附件一（训练集）.xlsx|材料2|345,1,19364.42723,19027.2286607,18585.5444013,18799.3321738
附件一（训练集）.xlsx|材料2|346,2,53300.57798,52242.4250374,50760.3664573,52247.7513774
附件一（训练集）.xlsx|材料2|347,1,148386.2263,147047.634405,156186.551245,154588.583288
附件一（训练集）.xlsx|材料2|348,4,255726.2607,252886.878072,276740.093074,274198.041921
附件一（训练集）.xlsx|材料2|349,1,21247.21783,20695.8106249,19908.1320845,20260.2188494
附件一（训练集）.xlsx|材料2|35,4,5734.331894,5205.734532,5065.57609665,4630.64902182
附件一（训练集）.xlsx|材料2|350,2,34708.13737,33543.7678696,34338.0579396,34900.2491468
附件一（训练集）.xlsx|材料2|351,0,55993.35379,59869.5761043,54483.1571673,52140.8073224
附件一（训练集）.xlsx|材料2|352,4,150597.9337,154468.024427,157675.914552,157232.953317
附件一（训练集）.xlsx|材料2|353,1,589.8,683.787710871,697.208415586,653.402002185
附件一（训练集）.xlsx|材料2|354,4,1364.1,1605.24577805,1472.80170507,1566.4656748
附件一（训练集）.xlsx|材料2|355,0,5962.21,5846.0836081,5917.31533769,5599.29472023
附件一（训练集）.xlsx|材料2|356,1,4242.17,3855.08921118,4032.81567758,3775.01305069
附件一（训练集）.xlsx|材料2|357,0,14701.34,11531.2358552,14200.0045682,13340.2295492
附件一（训练集）.xlsx|材料2|358,4,6440.23,7001.05298678,7011.52884975,6966.19976712
附件一（训练集）.xlsx|材料2|359,4,4575.14,4223.93678238,4311.6936128,4296.038384
附件一（训练集）.xlsx|材料2|36,2,10913.69638,10552.9032411,10233.2989109,10160.706808
附件一（训练集）.xlsx|材料2|360,0,8433,8093.79299513,8092.31545062,7963.95938821
附件一（训练集）.xlsx|材料2|361,0,30686.35,32004.1301755,33195.6820777,31878.2048833
附件一（训练集）.xlsx|材料2|362,1,228031.96,230220.346826,231995.046529,229866.611011
附件一（训练集）.xlsx|材料2|363,1,107991.02,107932.95077,111238.068843,114429.045394
附件一（训练集）.xlsx|材料2|364,2,378572.94,376337.911288,387325.224826,375189.480115
附件一（训练集）.xlsx|材料2|365,2,11213.42,10611.5793119,10204.3334806,10092.4041942
附件一（训练集）.xlsx|材料2|366,0,21880.68,21319.4808986,22393.5748818,21818.3329943
附件一（训练集）.xlsx|材料2|367,4,153370.65,154468.024427,161331.617803,158842.23046
附件一（训练集）.xlsx|材料2|368,2,30134.39,30090.8394207,29301.6596363,31464.5213121
附件一（训练集）.xlsx|材料2|369,3,18591.85,18946.5070398,18120.6314166,17363.531566
附件一（训练集）.xlsx|材料2|37,3,34615.10872,31087.6564597,31071.4995977,31271.7917221
附件一（训练集）.xlsx|材料2|370,2,10574.22,10449.3888497,11059.8349885,11129.242577
附件一（训练集）.xlsx|材料2|371,4,1124.9,1159.73499046,1149.24456426,1271.52918681
附件一（训练集）.xlsx|材料2|372,1,107211.86,94009.9662818,95303.0945601,93441.3116127
附件一（训练集）.xlsx|材料2|373,0,5754.54,5828.95566207,5482.08372227,5574.43651434
附件一（训练集）.xlsx|材料2|374,1,16040.52,16144.4898429,16122.8392961,16194.4059329
附件一（训练集）.xlsx|材料2|375,1,2014.35,2094.11021484,2040.86093989,1941.49481757
附件一（训练集）.xlsx|材料2|376,0,19013.9,18434.7382886,17951.8012353,18038.9592695
附件一（训练集）.xlsx|材料2|377,3,29245.92,27101.1805738,29039.3428572,29667.7387484
附件一（训练集）.xlsx|材料2|378,1,7634.57,6717.63211994,7015.5008781,7030.25468618
附件一（训练集）.xlsx|材料2|379,1,151105.98,147047.634405,157121.771898,155271.360406
附件一（训练集）.xlsx|材料2|38,1,60739.63926,53868.9753469,56060.2611782,51950.1197396
附件一（训练集）.xlsx|材料2|380,0,288945,287434.068863,268245.306777,256839.597195
附件一（训练集）.xlsx|材料2|381,4,110564.15,111392.232608,107293.30607,108649.463854
附件一（训练集）.xlsx|材料2|382,1,12045.4,11415.2656916,11283.1635254,11843.5692949
附件一（训练集）.xlsx|材料2|383,2,3847.11,4285.67030443,4082.88452189,4089.21685751
附件一（训练集）.xlsx|材料2|384,4,72266.36,65892.3519775,72326.606055,75246.158948
附件一（训练集）.xlsx|材料2|385,1,52455.98,52496.2877134,54595.6400027,53757.2811059
附件一（训练集）.xlsx|材料2|386,2,346635.83,321246.476636,327700.685944,333590.163353
附件一（训练集）.xlsx|材料2|387,0,109803.96,105259.577498,112915.937934,110484.76629
附件一（训练集）.xlsx|材料2|388,2,3042.6,3585.23396224,3566.33176492,3324.61499804
附件一（训练集）.xlsx|材料2|389,2,640470.79,595197.236766,588237.640773,583822.767208
附件一（训练集）.xlsx|材料2|39,4,108135.2586,114202.788366,102529.132451,102343.085242
附件一（训练集）.xlsx|材料2|390,0,103881.99,95815.2400343,106592.310972,101484.75712
附件一（训练集）.xlsx|材料2|391,4,1174.24,1077.99261397,1070.47604914,1152.84577589
附件一（训练集）.xlsx|材料2|392,0,15398.34,17721.2023409,17811.0443316,17912.2069001
附件一（训练集）.xlsx|材料2|393,2,101520.74,102999.756916,104553.0481,106988.826472
附件一（训练集）.xlsx|材料2|394,3,79984.34,76223.9653223,72775.0525006,72116.8856116
附件一（训练集）.xlsx|材料2|395,2,18475.27,18713.3117023,17562.1283714,18595.8014544
附件一（训练集）.xlsx|材料2|396,1,424315.75,402068.237031,441625.371611,410606.806061
附件一（训练集）.xlsx|材料2|397,0,21598.9,23091.1854735,21370.9115555,19970.23066
附件一（训练集）.xlsx|材料2|398,0,3484.68,3910.70435675,4149.00798255,4299.00455934
附件一（训练集）.xlsx|材料2|399,0,3724.85,4115.36629126,3971.47800873,3997.22435191
附件一（训练集）.xlsx|材料2|4,0,6772.981613,6992.70864385,6995.01836389,7346.63495358
附件一（训练集）.xlsx|材料2|40,4,182863.1338,182750.859466,177049.897861,187897.582239
附件一（训练集）.xlsx|材料2|400,0,8920.76,9301.26227792,7881.86881892,8224.66140849
附件一（训练集）.xlsx|材料2|401,1,37533.85,36480.4974003,40512.388193,39220.692308
附件一（训练集）.xlsx|材料2|402,4,5234.05,4858.53764155,4884.18310493,5064.44962161
附件一（训练集）.xlsx|材料2|403,3,860.95,1032.91747398,1062.13066184,1033.82565486
附件一（训练集）.xlsx|材料2|404,3,5648.08,5856.38676653,6377.4391278,6574.71806434
附件一（训练集）.xlsx|材料2|405,0,222583.08,214435.982903,208477.763762,211153.879133
附件一（训练集）.xlsx|材料2|406,2,148956.65,144108.582321,144179.371529,141527.952379
附件一（训练集）.xlsx|材料2|407,1,5499.42,5215.98815815,5439.24760178,5177.30704677
附件一（训练集）.xlsx|材料2|408,0,4724.62,5037.77005363,4781.1835228,4679.95552749
附件一（训练集）.xlsx|材料2|409,1,28910.91,28708.0230654,27785.2279775,28156.6522335
附件一（训练集）.xlsx|材料2|41,2,298847.0769,306539.420676,303344.207119,295255.828347
附件一（训练集）.xlsx|材料2|410,3,151573.62,147052.331579,139476.361778,147170.62126
附件一（训练集）.xlsx|材料2|411,2,304902.62,281861.109533,282722.37767,276593.019245
附件一（训练集）.xlsx|材料2|412,0,10370.3,10139.3269684,11009.5678014,10967.5270602
附件一（训练集）.xlsx|材料2|413,0,9015.97,8591.0252989,9158.88595933,8758.67653969
附件一（训练集）.xlsx|材料2|414,3,491341.03,482720.247151,478936.804465,482567.792819
附件一（训练集）.xlsx|材料2|415,4,149398.61,148592.244526,150032.334663,153006.460731
附件一（训练集）.xlsx|材料2|416,0,12298.52,13067.997794,12980.1566481,12833.8270076
附件一（训练集）.xlsx|材料2|417,0,1722.57,1728.21539387,1685.8611929,1791.66933474
附件一（训练集）.xlsx|材料2|418,4,28045.2,27596.974862,27287.3315676,27873.9818611
附件一（训练集）.xlsx|材料2|419,0,5198.43,4594.71740941,5426.82510856,5359.35673713
附件一（训练集）.xlsx|材料2|42,0,510142.7388,557786.922421,496325.80913,514517.357707
附件一（训练集）.xlsx|材料2|420,2,32642.81,30762.0624915,30430.7535815,31372.598111
附件一（训练集）.xlsx|材料2|421,4,1368.74,1078.68660091,1101.72458183,1082.32422416
附件一（训练集）.xlsx|材料2|422,0,273279.81,261571.5982,286479.50701,284926.116665
附件一（训练集）.xlsx|材料2|423,3,1462.21,1299.63651997,1469.36422687,1509.79868276
附件一（训练集）.xlsx|材料2|424,0,4119.08,3464.396793,3366.13645396,2907.46030399
附件一（训练集）.xlsx|材料2|425,2,304346.42,306539.420676,304465.109635,295878.745415
附件一（训练集）.xlsx|材料2|426,3,54295.99,54604.5128321,54283.1730428,53572.1144016
附件一（训练集）.xlsx|材料2|427,4,3961.43,4229.14073356,4550.28439436,4102.67561614
附件一（训练集）.xlsx|材料2|428,2,19508.83,18203.6400232,18968.6099866,19227.051759
附件一（训练集）.xlsx|材料2|429,2,11108.17,10552.9032411,10252.0265227,10106.6358122
附件一（训练集）.xlsx|材料2|43,4,823601.9914,819698.837447,808221.371848,786245.02
附件一（训练集）.xlsx|材料2|430,3,62308.09,58264.1847331,63675.231212,62553.219196
附件一（训练集）.xlsx|材料2|431,2,3875.1,3341.7259994,3285.23646184,3130.0067532
附件一（训练集）.xlsx|材料2|432,3,4409.77,4260.92942281,4228.42508529,4162.76446595
附件一（训练集）.xlsx|材料2|433,4,88759.03,100825.461786,91876.86914,88863.2872481
附件一（训练集）.xlsx|材料2|434,4,86471.48,90228.6399631,91568.5810275,89359.3275048
附件一（训练集）.xlsx|材料2|435,3,3255.58,3555.95146923,3592.98242009,3677.38995317
附件一（训练集）.xlsx|材料2|436,2,2496.87,2721.47386403,2753.48898522,2827.02754426
附件一（训练集）.xlsx|材料2|437,2,206897.11,211418.8221,220484.713853,225156.133008
附件一（训练集）.xlsx|材料2|438,1,151066.13,164533.801279,149372.840771,162823.585138
附件一（训练集）.xlsx|材料2|439,4,115780.63,119313.016496,120250.575493,117402.683535
附件一（训练集）.xlsx|材料2|44,3,1436.570663,1299.63651997,1394.77387068,1440.91181654
附件一（训练集）.xlsx|材料2|440,3,21996.08,20192.7749079,19688.6164339,21064.0423028
附件一（训练集）.xlsx|材料2|441,0,17064.92,16658.1644696,15809.6751807,16525.1091562
附件一（训练集）.xlsx|材料2|442,1,348034.41,348627.682836,337574.859665,351713.323708
附件一（训练集）.xlsx|材料2|443,1,645.8,829.657022832,777.229170346,771.560605327
附件一（训练集）.xlsx|材料2|444,4,473753.7,460179.098317,440043.86078,449701.84453
附件一（训练集）.xlsx|材料2|445,0,99502.14,102515.771883,99624.4866741,96773.1339112
附件一（训练集）.xlsx|材料2|446,1,1129.55,1122.34764649,1163.7303617,1194.11592389
附件一（训练集）.xlsx|材料2|447,3,33546.22,32790.8858817,29506.7741312,28535.0075914
附件一（训练集）.xlsx|材料2|448,0,237364.97,205427.906363,203427.377657,205986.529674
附件一（训练集）.xlsx|材料2|449,0,6899.22,6992.70864385,7371.71641372,7563.48745456
附件一（训练集）.xlsx|材料2|45,0,4047.27385,3464.396793,3500.69148017,3111.96114627
附件一（训练集）.xlsx|材料2|450,0,1476.15,1648.58501954,1458.41839293,1565.82814138
附件一（训练集）.xlsx|材料2|451,4,46900.58,42721.7131956,42428.9750277,42641.5467359
附件一（训练集）.xlsx|材料2|452,4,840.85,754.803577496,745.302823595,790.17957198
附件一（训练集）.xlsx|材料2|453,1,149241.26,151923.003394,147386.713559,145620.075753
附件一（训练集）.xlsx|材料2|454,1,10892.76,9961.00706708,10299.3394036,10154.5300158
附件一（训练集）.xlsx|材料2|455,0,35923.22,38751.8295767,34897.5984796,34831.5068939
附件一（训练集）.xlsx|材料2|456,4,193035.73,197737.760112,207518.53515,199497.17801
附件一（训练集）.xlsx|材料2|457,0,1709.55,1600.1635224,1506.44873541,1587.52187973
附件一（训练集）.xlsx|材料2|458,4,2289.86,2218.11578377,2151.55294001,2209.26576291
附件一（训练集）.xlsx|材料2|459,2,325245.35,302240.700655,308069.098816,306427.040902
附件一（训练集）.xlsx|材料2|46,2,7814.301848,7358.74357001,6916.66364825,6965.66993603
附件一（训练集）.xlsx|材料2|460,1,9168.95,9471.0350343,8486.94634255,8804.94807523
附件一（训练集）.xlsx|材料2|461,3,197062.13,194222.191522,191716.795998,190005.847738
附件一（训练集）.xlsx|材料2|462,3,1946.98,1815.45862274,1737.42759433,1800.85430607
附件一（训练集）.xlsx|材料2|463,0,773.43,912.612044003,911.62637587,972.704631696
附件一（训练集）.xlsx|材料2|464,1,232432.01,232752.217441,234633.364867,235237.289156
附件一（训练集）.xlsx|材料2|465,2,12088.52,11248.664804,10282.9102253,10012.7104243
附件一（训练集）.xlsx|材料2|466,0,35255.93,35762.9816457,37938.7396,35027.2572912
附件一（训练集）.xlsx|材料2|467,3,1618.3,1932.66868976,1943.66209867,1894.0659239
附件一（训练集）.xlsx|材料2|468,0,2114.15,2090.92431638,2050.48956673,2015.30124261
附件一（训练集）.xlsx|材料2|469,4,261886.44,247550.820516,273899.969934,272685.365704
附件一（训练集）.xlsx|材料2|47,3,14147.79122,12202.6532784,14166.4297933,13036.184623
附件一（训练集）.xlsx|材料2|470,0,3117.87,2919.97101415,3116.96628088,3019.30946466
附件一（训练集）.xlsx|材料2|471,2,131741.28,125154.866358,127431.442627,127755.163599
附件一（训练集）.xlsx|材料2|472,1,80858.53,82517.2456351,81665.8386244,80438.7329272
附件一（训练集）.xlsx|材料2|473,3,30284.72,27665.3355699,29054.7518551,28432.866549
附件一（训练集）.xlsx|材料2|474,1,246661.62,232680.972344,234481.15366,233380.824883
附件一（训练集）.xlsx|材料2|475,4,422109.92,379465.974327,403869.038185,398781.925764
附件一（训练集）.xlsx|材料2|476,4,6979.24,6901.25776113,6372.41139912,6646.40066516
附件一（训练集）.xlsx|材料2|477,4,335335.55,311300.696033,320612.805006,318911.291596
附件一（训练集）.xlsx|材料2|478,2,3001.34,3032.25820265,2936.29860965,2926.80640804
附件一（训练集）.xlsx|材料2|479,3,288020.11,268649.333629,307218.949209,292957.615389
附件一（训练集）.xlsx|材料2|48,3,25500.82287,28275.713884,26635.9962772,27498.5945249
附件一（训练集）.xlsx|材料2|480,2,28910.58,30002.8401065,29178.3528477,30081.9452617
附件一（训练集）.xlsx|材料2|481,1,21395.42,19643.5843805,20694.3722362,21913.2422671
附件一（训练集）.xlsx|材料2|482,0,3390.28,3513.92636868,3692.39832262,3625.78175263
附件一（训练集）.xlsx|材料2|483,4,613.74,608.93233648,630.471574612,621.481090721
附件一（训练集）.xlsx|材料2|484,4,308100.86,295386.057199,296851.395868,290959.278698
附件一（训练集）.xlsx|材料2|485,1,49942.08,49150.4101257,49738.2805183,49856.4694907
附件一（训练集）.xlsx|材料2|486,0,9601.75,9100.75654249,9008.64388798,9117.96569905
附件一（训练集）.xlsx|材料2|487,2,75080.87,70826.9181659,76752.0473381,79440.2393255
附件一（训练集）.xlsx|材料2|488,3,29058.75,28467.5359985,26652.4331344,27966.1324207
附件一（训练集）.xlsx|材料2|489,3,2228.33,1992.35954307,2042.66021677,1980.97345923
附件一（训练集）.xlsx|材料2|49,4,46047.85822,42721.7131956,42760.691283,43400.4038028
附件一（训练集）.xlsx|材料2|490,1,201548.74,202923.590314,193555.069766,214296.227927
附件一（训练集）.xlsx|材料2|491,4,186275.7,182750.859466,177505.071148,189166.923293
附件一（训练集）.xlsx|材料2|492,3,50180.05,48543.6712332,46528.4634135,46575.2778432
附件一（训练集）.xlsx|材料2|493,4,22906.67,23467.883939,24254.6776433,24139.9191495
附件一（训练集）.xlsx|材料2|494,0,162124.63,150029.296197,161272.819478,157137.048314
附件一（训练集）.xlsx|材料2|495,2,7959.15,7358.74357001,6912.62310793,6818.27599046
附件一（训练集）.xlsx|材料2|496,4,84510.02,89982.1115319,85118.2721025,83730.7112726
附件一（训练集）.xlsx|材料2|497,0,2926.02,2686.19754141,2444.17019674,2604.07725272
附件一（训练集）.xlsx|材料2|498,3,9161.12,8972.94202625,8512.66301723,8566.46990272
附件一（训练集）.xlsx|材料2|499,2,12128.3,11341.6272882,11626.2702438,11890.5722661
附件一（训练集）.xlsx|材料2|5,2,12379.94481,12446.8298419,12649.2733901,12202.2738206
附件一（训练集）.xlsx|材料2|50,0,83036.33958,88474.9573746,82987.4089203,84664.1036994
附件一（训练集）.xlsx|材料2|500,2,57604.44,55506.5149147,57619.2399955,56216.7791998
附件一（训练集）.xlsx|材料2|501,4,1874.3,1951.26183136,1973.30897301,1924.68474856
附件一（训练集）.xlsx|材料2|502,4,3784.87,4383.01068195,3998.93867727,4017.84980781
附件一（训练集）.xlsx|材料2|503,2,149709.73,138918.200185,138188.434311,131729.292799
附件一（训练集）.xlsx|材料2|504,2,1014.93,1156.27434684,1233.60581279,1284.53168753
附件一（训练集）.xlsx|材料2|505,0,384687.88,384810.825876,387607.929472,386069.882869
附件一（训练集）.xlsx|材料2|506,3,42785.49,44774.0262816,40426.8842256,45767.2245442
附件一（训练集）.xlsx|材料2|507,1,9474.04,8953.8428375,8976.37894476,8958.42214596
附件一（训练集）.xlsx|材料2|508,3,2388.93,2094.9921506,2192.11128164,2150.0544545
附件一（训练集）.xlsx|材料2|509,3,89723.15,89258.1408274,92531.2535796,94872.4763637
附件一（训练集）.xlsx|材料2|51,1,242154.7476,232680.972344,233681.575396,234329.042721
附件一（训练集）.xlsx|材料2|510,4,1447.81,1394.65448887,1419.21502171,1471.91316168
附件一（训练集）.xlsx|材料2|511,0,3427.045851,3910.70435675,4103.05360118,4367.51799871
附件一（训练集）.xlsx|材料2|512,0,6772.981613,6992.70864385,6995.01836389,7375.93971125
附件一（训练集）.xlsx|材料2|513,0,21492.76309,21319.4808986,20974.9374724,21417.9187005
附件一（训练集）.xlsx|材料2|514,4,38218.80664,34487.9989379,35172.5830461,34920.1744817
附件一（训练集）.xlsx|材料2|515,3,61176.08746,58264.1847331,64030.9198379,62531.5041614
附件一（训练集）.xlsx|材料2|516,2,99679.89972,102999.756916,106203.820523,108514.083121
附件一（训练集）.xlsx|材料2|517,3,161658.0093,151046.780637,147783.895665,146519.389257
附件一（训练集）.xlsx|材料2|518,4,5137.739583,4858.53764155,4828.33442301,5070.14975434
附件一（训练集）.xlsx|材料2|519,1,9298.995381,8953.8428375,9123.78575856,8982.62350513
附件一（训练集）.xlsx|材料2|52,3,421562.2166,436744.494589,419247.116975,460631.260713
附件一（训练集）.xlsx|材料2|520,4,15988.05067,16252.461347,17237.5247652,17072.6775296
附件一（训练集）.xlsx|材料2|521,0,48104.4261,44082.5172771,49448.8813169,48262.271635
附件一（训练集）.xlsx|材料2|522,2,129295.5572,125154.866358,127366.060879,125526.345209
附件一（训练集）.xlsx|材料2|523,1,214383.5098,197081.794144,209588.303946,205083.95618
附件一（训练集）.xlsx|材料2|524,4,348278.3422,356440.337223,351542.452262,356429.545172
附件一（训练集）.xlsx|材料2|525,0,3544.608535,3679.45368737,3596.04781506,3459.47694361
附件一（训练集）.xlsx|材料2|526,1,11465.36178,12649.1942927,10847.3236287,10685.2824693
附件一（训练集）.xlsx|材料2|527,0,21196.39962,23091.1854735,21368.9998014,20464.641355
附件一（训练集）.xlsx|材料2|528,1,36044.49331,36667.674531,31958.1345989,30967.339457
附件一（训练集）.xlsx|材料2|529,1,60921.92187,62490.5749426,61669.4261523,62152.4923503
附件一（训练集）.xlsx|材料2|53,1,689469.0142,625017.232152,646666.04947,633933.899426
附件一（训练集）.xlsx|材料2|530,0,101976.0525,95815.2400343,108210.259446,106428.000712
附件一（训练集）.xlsx|材料2|531,1,172994.4477,183279.904925,178809.513796,174008.005786
附件一（训练集）.xlsx|材料2|532,1,285472.0473,292427.072166,303133.429118,319237.712086
附件一（训练集）.xlsx|材料2|533,4,1214.04695,1256.62741252,1280.31724043,1263.55862574
附件一（训练集）.xlsx|材料2|534,0,8284.886668,8093.79299513,8042.5487231,7942.81088987
附件一（训练集）.xlsx|材料2|535,0,15119.1281,17721.2023409,17429.0153716,17166.3512071
附件一（训练集）.xlsx|材料2|536,0,46050.10416,47962.0832338,46087.064615,46289.124921
附件一（训练集）.xlsx|材料2|537,1,79346.66365,82517.2456351,80004.539201,79128.2718764
附件一（训练集）.xlsx|材料2|538,0,137089.034,163419.908582,135633.43285,131840.05264
附件一（训练集）.xlsx|材料2|539,1,228177.1425,232752.217441,235638.730905,233274.97496
附件一（训练集）.xlsx|材料2|54,4,1221.473797,1330.08455847,1301.45899049,1305.43106707
附件一（训练集）.xlsx|材料2|540,1,360819.8648,334033.031267,350287.996129,363887.559556
附件一（训练集）.xlsx|材料2|541,1,619314.8035,667685.935232,617901.937992,661611.335842
附件一（训练集）.xlsx|材料2|542,0,1683.558211,1707.98103468,1912.8856928,1955.79258658
附件一（训练集）.xlsx|材料2|543,0,3062.808309,2919.97101415,3069.28765382,3033.22254399
附件一（训练集）.xlsx|材料2|544,4,5734.331894,5205.734532,5087.4486522,4785.65899198
附件一（训练集）.xlsx|材料2|545,2,10913.69638,10552.9032411,10233.2989109,10160.706808
附件一（训练集）.xlsx|材料2|546,1,60739.63926,53868.9753469,55377.5798045,52606.5256964
附件一（训练集）.xlsx|材料2|547,4,108135.2586,114202.788366,102529.132451,102343.085242
附件一（训练集）.xlsx|材料2|548,4,182863.1338,182750.859466,176675.44903,188603.749802
附件一（训练集）.xlsx|材料2|549,2,298847.0769,306539.420676,303344.207119,295255.828347
附件一（训练集）.xlsx|材料2|55,4,1636.194271,1423.2038661,1542.65250931,1572.90162126
附件一（训练集）.xlsx|材料2|550,0,510142.7388,557786.922421,472301.068362,511781.932804
附件一（训练集）.xlsx|材料2|551,4,823601.9914,819698.837447,808221.371848,786245.02
附件一（训练集）.xlsx|材料2|552,0,4047.27385,3464.396793,3492.79557639,3111.84116161
附件一（训练集）.xlsx|材料2|553,2,7814.301848,7358.74357001,6916.66364825,6965.66993603
附件一（训练集）.xlsx|材料2|554,3,25500.82287,28275.713884,26635.9962772,27498.5945249
附件一（训练集）.xlsx|材料2|555,4,46047.85822,42721.7131956,42812.6762471,44340.5567891
附件一（训练集）.xlsx|材料2|556,0,83036.33958,88474.9573746,82987.4089203,84664.1036994
附件一（训练集）.xlsx|材料2|557,1,242154.7476,232680.972344,233681.575396,234329.042721
附件一（训练集）.xlsx|材料2|558,3,421562.2166,436744.494589,414679.873717,465640.22107
附件一（训练集）.xlsx|材料2|559,1,689469.0142,625017.232152,646666.04947,633933.899426
附件一（训练集）.xlsx|材料2|56,3,2972.970972,2535.65471093,2566.26754374,2337.25539968
附件一（训练集）.xlsx|材料2|560,4,1221.473797,1330.08455847,1295.36232002,1317.60055138
附件一（训练集）.xlsx|材料2|561,4,1636.194271,1423.2038661,1542.65250931,1572.90162126
附件一（训练集）.xlsx|材料2|562,3,2972.970972,2535.65471093,2611.27115316,2431.88832244
附件一（训练集）.xlsx|材料2|563,0,5653.062336,5828.95566207,5690.15529377,5629.16489
附件一（训练集）.xlsx|材料2|564,2,10372.67816,10449.3888497,11144.6340412,11685.0625259
附件一（训练集）.xlsx|材料2|565,3,19212.68477,16956.8950608,16485.5117399,16061.1579598
附件一（训练集）.xlsx|材料2|566,4,64175.38504,70102.942115,61653.6164842,63534.4480295
附件一（训练集）.xlsx|材料2|567,0,116460.6064,131464.350937,114182.517203,126630.683291
附件一（训练集）.xlsx|材料2|568,1,197878.4305,202923.590314,193886.736518,215112.582885
附件一（训练集）.xlsx|材料2|569,1,345311.0847,391408.547323,344288.181052,345309.387865
附件一（训练集）.xlsx|材料2|57,0,5653.062336,5828.95566207,5690.15529377,5629.16489
附件一（训练集）.xlsx|材料2|570,3,576464.2078,576108.284902,547840.527837,557847.002837
附件一（训练集）.xlsx|材料2|571,1,1977.066045,2094.11021484,2024.34573226,1989.33444511
附件一（训练集）.xlsx|材料2|572,3,4331.553225,4260.92942281,4098.56852304,3929.2545929
附件一（训练集）.xlsx|材料2|573,0,14443.52385,11531.2358552,13353.4470819,12412.3530168
附件一（训练集）.xlsx|材料2|574,4,26883.66111,26884.2426663,24770.3831909,24348.9959395
附件一（训练集）.xlsx|材料2|575,3,91318.66675,88688.1416663,86080.4618822,80195.8848683
附件一（训练集）.xlsx|材料2|576,0,159206.3486,150029.296197,147071.129555,153811.509323
附件一（训练集）.xlsx|材料2|577,0,492122.4794,463275.243558,433212.679649,430458.493324
附件一（训练集）.xlsx|材料2|578,3,3198.557742,3379.50832012,3204.18454161,3525.51556304
附件一（训练集）.xlsx|材料2|579,4,6318.207936,7001.05298678,7106.63901647,7024.94433465
附件一（训练集）.xlsx|材料2|58,2,10372.67816,10449.3888497,11074.4397054,11646.5441393
附件一（训练集）.xlsx|材料2|580,4,11527.1385,12160.2201601,12683.0075353,12522.9106236
附件一（训练集）.xlsx|材料2|581,1,21014.88262,19643.5843805,20234.403187,21972.2790386
附件一（训练集）.xlsx|材料2|582,1,72878.8969,73149.61401,70068.6388145,74021.4826424
附件一（训练集）.xlsx|材料2|583,3,127678.3676,132183.41193,124040.432509,125335.276307
附件一（训练集）.xlsx|材料2|584,0,233091.8182,205427.906363,203116.453673,204360.042797
附件一（训练集）.xlsx|材料2|585,3,5315.359378,5485.79961564,5672.70064546,6194.26656912
附件一（训练集）.xlsx|材料2|586,4,9898.356101,10843.7194771,11488.0630217,11382.5752363
附件一（训练集）.xlsx|材料2|587,4,17800.25563,18538.2144283,17790.6948373,17893.3285954
附件一（训练集）.xlsx|材料2|588,1,33052.48256,33537.2913596,32544.6670167,33393.3342533
附件一（训练集）.xlsx|材料2|589,1,60462.25859,59161.181762,61296.8596682,59445.9762565
附件一（训练集）.xlsx|材料2|59,3,19212.68477,16956.8950608,16485.5117399,16061.1579598
附件一（训练集）.xlsx|材料2|590,1,106053.1424,107932.95077,111680.977789,113628.783717
附件一（训练集）.xlsx|材料2|591,3,193505.2585,194222.191522,189820.735787,188896.879794
附件一（训练集）.xlsx|材料2|592,0,352275.4003,333301.699062,360325.483047,340737.328929
附件一（训练集）.xlsx|材料2|593,4,8925.506713,9780.89480754,8970.21526238,8669.01911016
附件一（训练集）.xlsx|材料2|594,4,9498.934254,11371.3927797,10553.0079562,10509.2698837
附件一（训练集）.xlsx|材料2|595,3,53588.98607,56142.2154006,54626.1080057,56870.0270697
附件一（训练集）.xlsx|材料2|596,2,93708.67012,101491.956855,96108.0136415,100418.287924
附件一（训练集）.xlsx|材料2|597,4,302575.7198,295386.057199,300513.037184,286951.714655
附件一（训练集）.xlsx|材料2|598,2,3774.167544,4285.67030443,3953.21603694,4038.37011614
附件一（训练集）.xlsx|材料2|599,1,22183.93094,21618.1873569,22445.5168717,23346.8875839
附件一（训练集）.xlsx|材料2|6,0,21492.76309,21319.4808986,20974.9374724,21417.9187005
附件一（训练集）.xlsx|材料2|60,3,34140.4936,34379.10707,31899.9591035,31566.611735
附件一（训练集）.xlsx|材料2|600,1,63756.36807,63030.6712364,63502.2520687,61335.1390437
附件一（训练集）.xlsx|材料2|601,4,108573.4757,111392.232608,108103.202249,114550.466358
附件一（训练集）.xlsx|材料2|602,1,187124.9647,217599.300813,187299.799691,192691.244504
附件一（训练集）.xlsx|材料2|603,4,888.484173,908.360491942,862.291623963,879.863500485
附件一（训练集）.xlsx|材料2|604,4,1613.769661,1395.51543906,1464.62242298,1493.79086576
附件一（训练集）.xlsx|材料2|605,1,5400.359822,5215.98815815,5424.6211116,5044.72474947
附件一（训练集）.xlsx|材料2|606,1,48999.72917,49150.4101257,49804.2558602,49673.6843615
附件一（训练集）.xlsx|材料2|607,4,84396.55653,89021.1228999,88445.797009,85350.7194507
附件一（训练集）.xlsx|材料2|608,2,146220.2445,144108.582321,143830.062818,141524.346511
附件一（训练集）.xlsx|材料2|609,1,416513.3759,402068.237031,439747.521487,414146.06212
附件一（训练集）.xlsx|材料2|61,4,64175.38504,70102.942115,61653.6164842,63534.4480295
附件一（训练集）.xlsx|材料2|610,0,1109.975542,1077.11294588,1118.15189264,1109.45055585
附件一（训练集）.xlsx|材料2|611,1,2059.635264,2222.48538175,1856.75250167,1917.85316508
附件一（训练集）.xlsx|材料2|612,2,3812.292937,3341.7259994,3283.06281883,3082.40743476
附件一（训练集）.xlsx|材料2|613,1,6792.580689,6341.20694506,6366.94049179,6442.0782239
附件一（训练集）.xlsx|材料2|614,4,21194.67863,22673.3293227,19358.2454985,18727.1293489
附件一（训练集）.xlsx|材料2|615,1,36608.34041,33847.6572912,34905.9143226,36319.3442829
附件一（训练集）.xlsx|材料2|616,3,64549.52397,66095.0338117,72766.9560411,67532.4969606
附件一（训练集）.xlsx|材料2|617,4,113666.4754,119313.016496,121787.044133,121185.778626
附件一（训练集）.xlsx|材料2|618,4,197525.8888,190418.658805,184722.511524,184818.988464
附件一（训练集）.xlsx|材料2|619,4,329210.9354,311300.696033,320122.10043,327631.765225
附件一（训练集）.xlsx|材料2|62,0,116460.6064,131464.350937,115486.448698,125776.293638
附件一（训练集）.xlsx|材料2|620,1,582455.7997,604784.782195,602559.36967,593348.29525
附件一（训练集）.xlsx|材料2|621,0,1449.359729,1648.58501954,1477.87337074,1549.42010235
附件一（训练集）.xlsx|材料2|622,1,2688.848878,2190.050278,2315.44286088,2205.63195077
附件一（训练集）.xlsx|材料2|623,1,9004.269556,9471.0350343,8555.6330578,8760.59529738
附件一（训练集）.xlsx|材料2|624,1,49400.29542,47545.4041641,46258.5159949,44807.3456097
附件一（训练集）.xlsx|材料2|625,0,153289.972,155658.578963,157926.26539,154532.179514
附件一（训练集）.xlsx|材料2|626,4,257192.9198,247550.820516,288056.189911,275874.407422
附件一（训练集）.xlsx|材料2|627,4,465164.911,460179.098317,433484.868947,444130.477123
附件一（训练集）.xlsx|材料2|628,1,770199.4405,778902.979874,780689.705269,820977.571738
附件一（训练集）.xlsx|材料2|629,4,1954.532061,2264.93149649,2104.12073155,2182.6464286
附件一（训练集）.xlsx|材料2|63,1,197878.4305,202923.590314,193886.736518,215112.582885
附件一（训练集）.xlsx|材料2|630,1,6524.559688,6279.45229191,5641.78364721,5945.96213543
附件一（训练集）.xlsx|材料2|631,1,11827.22206,11415.2656916,11264.1686341,11865.0106461
附件一（训练集）.xlsx|材料2|632,4,20739.60536,17650.5018332,20403.675189,19712.6068434
附件一（训练集）.xlsx|材料2|633,3,37278.15103,33717.8648394,40075.855783,42711.4019384
附件一（训练集）.xlsx|材料2|634,0,67761.03558,67999.9557172,56170.143541,59632.8858834
附件一（训练集）.xlsx|材料2|635,2,121942.0472,121858.075851,128707.274667,131851.51469
附件一（训练集）.xlsx|材料2|636,2,203115.9355,211418.8221,219603.730519,222463.491919
附件一（训练集）.xlsx|材料2|637,4,369071.8083,380852.714594,370129.224788,361859.146601
附件一（训练集）.xlsx|材料2|638,3,1107.373184,1130.5153127,1067.83493845,1111.24599941
附件一（训练集）.xlsx|材料2|639,3,1430.276891,1302.82767922,1344.19552806,1319.8295368
附件一（训练集）.xlsx|材料2|64,1,1977.066045,2094.11021484,2009.13764367,1975.71797261
附件一（训练集）.xlsx|材料2|640,4,2632.314027,2426.75946898,2316.38102353,2104.16453185
附件一（训练集）.xlsx|材料2|641,3,8908.476494,7794.58532129,8217.18817664,8253.94110941
附件一（训练集）.xlsx|材料2|642,4,16061.04829,15561.13795,16548.3073003,16005.1841501
附件一（训练集）.xlsx|材料2|643,4,166517.9997,170610.133599,170648.368993,171252.450018
附件一（训练集）.xlsx|材料2|644,2,301780.0383,279780.884737,299378.79885,297826.707003
附件一（训练集）.xlsx|材料2|645,0,514213.1637,520043.740928,513253.123981,487452.195775
附件一（训练集）.xlsx|材料2|646,0,973.1268126,1066.70347685,1028.02723525,976.850214406
附件一（训练集）.xlsx|材料2|647,0,1171.120596,1285.0898444,1240.11100856,1273.88807734
附件一（训练集）.xlsx|材料2|648,3,2072.058636,1912.3852863,1938.90352248,1909.30334102
附件一（训练集）.xlsx|材料2|649,4,3893.216428,4229.14073356,4314.44378881,3934.2578092
附件一（训练集）.xlsx|材料2|65,1,2373.943386,2452.61145056,2290.48954576,2385.49050671
附件一（训练集）.xlsx|材料2|650,3,12559.13788,11434.4850336,10806.306809,10679.9370237
附件一（训练集）.xlsx|材料2|651,3,42024.19603,44774.0262816,41151.0756935,43542.2166416
附件一（训练集）.xlsx|材料2|652,3,78572.07043,86253.0316762,79810.9225861,84803.0670756
附件一（训练集）.xlsx|材料2|653,0,135577.0677,146750.383849,128909.920373,134723.698049
附件一（训练集）.xlsx|材料2|654,2,436025.7215,442545.637387,456412.334287,455733.992167
附件一（训练集）.xlsx|材料2|655,0,3329.363942,3513.92636868,3488.30356239,3546.42378984
附件一（训练集）.xlsx|材料2|656,0,5857.913442,5846.0836081,5995.8379294,5538.98034712
附件一（训练集）.xlsx|材料2|657,1,10479.77432,10312.0978704,10612.3978962,10367.0776146
附件一（训练集）.xlsx|材料2|658,2,19148.30164,18203.6400232,19116.8493343,18635.9261632
附件一（训练集）.xlsx|材料2|659,0,35271.49726,38751.8295767,34921.1125662,34580.6605441
附件一（训练集）.xlsx|材料2|66,3,4331.553225,4260.92942281,4091.3994532,4006.24112501
附件一（训练集）.xlsx|材料2|660,0,113402.2414,117718.230393,119520.326359,114890.42112
附件一（训练集）.xlsx|材料2|661,2,205703.9988,189241.228135,193667.093091,204275.521114
附件一（训练集）.xlsx|材料2|662,2,368999.0862,340744.819318,346882.31759,350512.728913
附件一（训练集）.xlsx|材料2|663,3,2984.941474,3169.63716248,3260.95551533,3207.92273887
附件一（训练集）.xlsx|材料2|664,3,3196.941894,3616.20103996,3582.43357563,3603.12535118
附件一（训练集）.xlsx|材料2|665,3,5469.846727,5515.24791584,5897.5010667,5670.68045245
附件一（训练集）.xlsx|材料2|666,0,9422.424156,8936.25163647,8402.34847297,8782.83557375
附件一（训练集）.xlsx|材料2|667,2,17032.7892,18099.5038454,18111.2362928,17341.1751302
附件一（训练集）.xlsx|材料2|668,4,31083.56722,33080.4327412,33117.6331447,32085.7832322
附件一（训练集）.xlsx|材料2|669,0,96732.98674,103526.894075,103864.398853,101186.260739
附件一（训练集）.xlsx|材料2|67,4,7821.142806,7724.30951304,7275.53275899,7330.00118537
附件一（训练集）.xlsx|材料2|670,2,319392.5586,302240.700655,309152.771444,305745.664026
附件一（训练集）.xlsx|材料2|671,3,5547.911381,5856.38676653,6361.86435544,6813.41039456
附件一（训练集）.xlsx|材料2|672,3,5760.081969,6706.18015202,6404.85677426,6517.48919332
附件一（训练集）.xlsx|材料2|673,3,9678.408855,10358.8475181,10423.1952278,10444.6709101
附件一（训练集）.xlsx|材料2|674,0,16757.80872,16658.1644696,15933.5953327,15877.5153948
附件一（训练集）.xlsx|材料2|675,2,29671.92076,30297.0502714,31359.7123255,30343.0935481
附件一（训练集）.xlsx|材料2|676,4,90989.7784,92857.4335766,95077.280107,96327.5326049
附件一（训练集）.xlsx|材料2|677,0,163752.0384,168734.388143,174410.933153,177048.656969
附件一（训练集）.xlsx|材料2|678,2,10658.89958,9405.71098578,9512.61672233,9537.06724524
附件一（训练集）.xlsx|材料2|679,2,11012.10022,10611.5793119,9908.06589039,10280.8665189
附件一（训练集）.xlsx|材料2|68,0,14443.52385,11531.2358552,13480.3706549,12357.5394392
附件一（训练集）.xlsx|材料2|680,3,18257.34046,18946.5070398,17913.9984088,17266.107351
附件一（训练集）.xlsx|材料2|681,0,31621.1192,32017.5940132,31812.2400094,33082.9516094
附件一（训练集）.xlsx|材料2|682,4,53770.25328,55615.0269004,53343.2638714,54213.1747667
附件一（训练集）.xlsx|材料2|683,2,89963.13889,97069.1467677,96147.9356041,91340.7924694
附件一（训练集）.xlsx|材料2|684,1,156187.4485,162491.674146,158735.436154,157420.592391
附件一（训练集）.xlsx|材料2|685,4,1107.609128,1159.73499046,1107.37499267,1203.38046669
附件一（训练集）.xlsx|材料2|686,3,2059.724038,2257.35453254,2000.07603256,2163.26148762
附件一（训练集）.xlsx|材料2|687,4,3716.673806,4383.01068195,3965.22829966,4049.07899018
附件一（训练集）.xlsx|材料2|688,2,6591.039073,6559.64511253,7365.06319475,6828.76583947
附件一（训练集）.xlsx|材料2|689,2,12531.57447,12269.625362,13076.6046267,12752.4503446
附件一（训练集）.xlsx|材料2|69,4,26883.66111,26884.2426663,24770.3831909,24348.9959395
附件一（训练集）.xlsx|材料2|690,2,22766.08277,22585.3194699,22770.258306,24286.1926746
附件一（训练集）.xlsx|材料2|691,2,41317.84009,41758.7478103,42816.1788813,42824.5521412
附件一（训练集）.xlsx|材料2|692,2,77510.69317,80295.9771473,82726.7152286,86385.3020496
附件一（训练集）.xlsx|材料2|693,4,826.6104883,754.803577496,720.38551355,762.895675206
附件一（训练集）.xlsx|材料2|694,0,2870.887354,2686.19754141,2450.7116106,2554.95660108
附件一（训练集）.xlsx|材料2|695,0,5098.942799,4594.71740941,5273.31267491,5311.11062106
附件一（训练集）.xlsx|材料2|696,2,9314.062583,9970.86298858,10415.1934476,9601.31485336
附件一（训练集）.xlsx|材料2|697,1,30539.60962,30334.8576721,31124.1238482,30754.4598972
附件一（训练集）.xlsx|材料2|698,2,56553.77309,55506.5149147,54123.9657023,53238.3986604
附件一（训练集）.xlsx|材料2|699,3,109007.1796,104961.319491,113020.826957,104763.607518
附件一（训练集）.xlsx|材料2|7,3,61176.08746,58264.1847331,64030.9198379,62531.5041614
附件一（训练集）.xlsx|材料2|70,3,49281.38926,48543.6712332,46002.9756352,45407.4475533
附件一（训练集）.xlsx|材料2|700,4,603.8246172,608.93233648,623.935796404,614.140065854
附件一（训练集）.xlsx|材料2|701,1,1112.815306,1165.30514451,1162.32806296,1132.03984359
附件一（训练集）.xlsx|材料2|702,1,2024.919616,1722.57150661,1836.44873644,1890.34107455
附件一（训练集）.xlsx|材料2|703,2,3678.700331,3693.55386738,3437.19212366,3555.73615702
附件一（训练集）.xlsx|材料2|704,0,6774.363311,7165.84676336,7257.82517331,6640.92365659
附件一（训练集）.xlsx|材料2|705,0,11870.46425,12311.8246067,11535.4064833,11462.4090008
附件一（训练集）.xlsx|材料2|706,3,21596.21628,20192.7749079,19224.1257436,21049.9562668
附件一（训练集）.xlsx|材料2|707,4,40589.75978,39152.5712316,42009.2475605,39964.7315805
附件一（训练集）.xlsx|材料2|708,1,146580.5302,151923.003394,147248.28512,145523.74669
附件一（训练集）.xlsx|材料2|709,3,482619.61,482720.247151,478161.549441,482013.077835
附件一（训练集）.xlsx|材料2|71,3,91318.66675,88688.1416663,86080.4618822,80195.8848683
附件一（训练集）.xlsx|材料2|710,0,466.5996296,705.045267348,641.939183618,662.608030956
附件一（训练集）.xlsx|材料2|711,1,2674.931743,2499.24158936,2436.95124971,2290.46045193
附件一（训练集）.xlsx|材料2|712,2,4973.731255,5281.2735066,5477.36532007,5369.12240015
附件一（训练集）.xlsx|材料2|713,0,8854.433309,8591.0252989,9036.59686574,8600.18419169
附件一（训练集）.xlsx|材料2|714,3,29761.18616,27665.3355699,27758.8509532,27704.4674444
附件一（训练集）.xlsx|材料2|715,4,57345.63875,59344.5050732,56861.7065694,54979.8807066
附件一（训练集）.xlsx|材料2|716,0,107839.5756,105259.577498,111398.963896,108914.220379
附件一（训练集）.xlsx|材料2|717,1,194383.5983,209016.162687,213028.414934,205653.364782
附件一（训练集）.xlsx|材料2|718,2,371763.451,376337.911288,413182.496411,390520.541999
附件一（训练集）.xlsx|材料2|719,4,1170.49794,1058.92968191,1131.21807179,1109.14569544
附件一（训练集）.xlsx|材料2|72,0,159206.3486,150029.296197,160784.197459,160489.414381
附件一（训练集）.xlsx|材料2|720,1,3825.551201,3825.72072336,3562.38767707,3600.83052501
附件一（训练集）.xlsx|材料2|721,4,6812.387537,6299.26208386,6015.59649674,6121.45549527
附件一（训练集）.xlsx|材料2|722,3,12328.87209,12293.8989982,11545.6574754,12096.6321312
附件一（训练集）.xlsx|材料2|723,4,22497.26788,23467.883939,23985.5562147,24042.0881752
附件一（训练集）.xlsx|材料2|724,2,43359.72613,45533.0622676,42709.8456277,42260.4409359
附件一（训练集）.xlsx|材料2|725,4,82949.02401,89982.1115319,83880.322485,81495.106142
附件一（训练集）.xlsx|材料2|726,1,518277.5983,487762.142365,511566.866359,528808.083873
附件一（训练集）.xlsx|材料2|727,3,819.0847142,986.92292992,893.463021037,910.552427408
附件一（训练集）.xlsx|材料2|728,3,1016.054578,1124.49313645,1057.77503435,1058.19048975
附件一（训练集）.xlsx|材料2|729,1,3173.867056,3372.82237989,3229.22865213,3102.28199692
附件一（训练集）.xlsx|材料2|73,0,283747.582,287434.068863,266719.465947,254309.029865
附件一（训练集）.xlsx|材料2|730,0,10178.68949,10139.3269684,10805.932216,10881.2092299
附件一（训练集）.xlsx|材料2|731,0,18671.05005,18434.7382886,17569.3780323,17660.1588648
附件一（训练集）.xlsx|材料2|732,1,223884.3837,230220.346826,222358.346943,227302.145322
附件一（训练集）.xlsx|材料2|733,0,416075.229,412241.239029,424642.911293,417902.644814
附件一（训练集）.xlsx|材料2|734,3,845.8285981,1032.91747398,1037.816206,1004.43659966
附件一（训练集）.xlsx|材料2|735,3,965.2651375,1131.06595224,1139.08288512,1197.42525719
附件一（训练集）.xlsx|材料2|736,3,1653.517927,1739.60943418,1699.27598502,1702.61428954
附件一（训练集）.xlsx|材料2|737,2,2984.15003,3585.23396224,3431.53206896,3298.27860694
附件一（训练集）.xlsx|材料2|738,1,5178.03401,4850.47269103,5390.36625484,5538.16115626
附件一（训练集）.xlsx|材料2|739,3,8992.402185,8972.94202625,8557.98451152,8493.20972142
附件一（训练集）.xlsx|材料2|74,0,492122.4794,463275.243558,447050.677963,440723.921751
附件一（训练集）.xlsx|材料2|740,0,30143.13651,32004.1301755,33190.9336473,31484.9600497
附件一（训练集）.xlsx|材料2|741,0,55545.23637,60337.3054703,56278.3390145,61485.1387505
附件一（训练集）.xlsx|材料2|742,4,99419.006,99414.458991,100098.062874,101184.415345
附件一（训练集）.xlsx|材料2|743,0,185886.9937,192488.926535,185210.203284,182327.371191
附件一（训练集）.xlsx|材料2|744,1,341702.8051,348627.682836,336746.366569,351559.707958
附件一（训练集）.xlsx|材料2|745,4,1840.88597,1951.26183136,1956.71209671,1948.80768466
附件一（训练集）.xlsx|材料2|746,3,3113.265553,3141.67949565,3288.08313239,3194.68807819
附件一（训练集）.xlsx|材料2|747,0,9006.309888,7791.3012522,7802.76963176,8079.88496123
附件一（训练集）.xlsx|材料2|748,1,51496.48439,52496.2877134,54063.7199862,53718.5806742
附件一（训练集）.xlsx|材料2|749,4,161416.0037,177289.113539,172897.880872,171715.590589
附件一（训练集）.xlsx|材料2|75,3,3198.557742,3379.50832012,3204.18454161,3525.51556304
附件一（训练集）.xlsx|材料2|750,0,3366.422404,3128.5585468,3019.02840683,3190.7883387
附件一（训练集）.xlsx|材料2|751,0,16650.28284,16971.0185309,16181.1806964,17000.7421064
附件一（训练集）.xlsx|材料2|752,2,28387.61756,30002.8401065,29354.3708021,29910.3126235
附件一（训练集）.xlsx|材料2|753,4,84923.8096,90228.6399631,91482.2167329,91055.722623
附件一（训练集）.xlsx|材料2|754,2,149556.5519,148554.68213,152576.160434,151410.754644
附件一（训练集）.xlsx|材料2|755,0,6506.290128,6168.79079014,6497.28281124,6112.64946747
附件一（训练集）.xlsx|材料2|756,0,6755.834073,6799.47152469,6570.5738463,6400.10848173
附件一（训练集）.xlsx|材料2|757,1,10893.46835,11249.5506762,11092.5642405,10697.1076566
附件一（训练集）.xlsx|材料2|758,4,18264.23487,18356.297033,19082.6959532,19327.3083464
附件一（训练集）.xlsx|材料2|759,0,30356.10237,30063.8972086,29059.8980441,28938.6802692
附件一（训练集）.xlsx|材料2|76,4,6318.207936,7001.05298678,7106.63901647,7024.94433465
附件一（训练集）.xlsx|材料2|760,2,51244.91784,51081.2821723,50506.80195,50483.9231525
附件一（训练集）.xlsx|材料2|761,1,84976.52567,89011.5951795,93796.8583806,89335.3208753
附件一（训练集）.xlsx|材料2|762,2,254827.3193,256178.991789,282432.988439,268210.510258
附件一（训练集）.xlsx|材料2|763,2,11869.47753,11248.664804,10381.103079,10113.3705687
附件一（训练集）.xlsx|材料2|764,2,12209.86289,11248.664804,10726.2073404,10622.9275582
附件一（训练集）.xlsx|材料2|765,3,32939.63111,32773.2391607,31402.4773223,29041.4409854
附件一（训练集）.xlsx|材料2|766,2,54320.82075,54182.9196381,53141.0167202,53125.641066
附件一（训练集）.xlsx|材料2|767,4,87163.9296,100825.461786,90394.9366997,87119.9867351
附件一（训练集）.xlsx|材料2|768,2,254041.3181,235840.069105,263647.172166,269924.563941
附件一（训练集）.xlsx|材料2|769,4,1338.163812,1605.24577805,1452.81227489,1539.6692057
附件一（训练集）.xlsx|材料2|77,4,11527.1385,12160.2201601,12687.8034881,12471.3202814
附件一（训练集）.xlsx|材料2|770,2,2450.09456,2721.47386403,2606.68528874,2805.46369495
附件一（训练集）.xlsx|材料2|771,1,9252.792695,9633.07193277,9533.52565806,9133.00493003
附件一（训练集）.xlsx|材料2|772,2,36961.62538,36359.6061025,38106.5587521,38564.4483019
附件一（训练集）.xlsx|材料2|773,3,148841.8019,147052.331579,153616.861989,156293.38445
附件一（训练集）.xlsx|材料2|774,2,265031.4113,265211.078867,262171.793365,261148.425306
附件一（训练集）.xlsx|材料2|775,1,580.6919898,683.787710871,697.941018246,675.319897421
附件一（训练集）.xlsx|材料2|776,0,1050.410214,1244.67243252,1296.69301359,1329.74884342
附件一（训练集）.xlsx|材料2|777,4,12694.47239,12147.2086578,12425.3420775,13599.5231871
附件一（训练集）.xlsx|材料2|778,1,51020.49445,47754.9768403,51540.7108073,53628.5311346
附件一（训练集）.xlsx|材料2|779,1,105319.2465,94009.9662818,99835.8723405,103647.918492
附件一（训练集）.xlsx|材料2|78,1,21014.88262,19643.5843805,20234.403187,21972.2790386
附件一（训练集）.xlsx|材料2|780,0,201898.0271,200265.299952,198547.724138,200310.539442
附件一（训练集）.xlsx|材料2|781,4,357736.455,355281.061537,333408.153413,333136.880814
附件一（训练集）.xlsx|材料2|782,0,415.6131139,626.666360211,551.323338125,605.094115119
附件一（训练集）.xlsx|材料2|783,1,743.7463851,833.513024209,876.502571522,825.290196182
附件一（训练集）.xlsx|材料2|784,4,1417.985444,1394.65448887,1354.88425413,1342.64007993
附件一（训练集）.xlsx|材料2|785,0,2584.885234,2678.81416078,2776.16938141,2693.60690825
附件一（训练集）.xlsx|材料2|786,0,8767.747571,9301.26227792,7869.35356276,8274.16599411
附件一（训练集）.xlsx|材料2|787,0,17141.08403,17913.5275512,16779.3590638,18390.704625
附件一（训练集）.xlsx|材料2|788,1,34018.45563,32398.3720693,34453.1646095,36886.7910344
附件一（训练集）.xlsx|材料2|789,4,70981.59301,65892.3519775,70901.605646,74065.1275047
附件一（训练集）.xlsx|材料2|79,1,39330.80126,39706.3211438,39531.5243348,40758.931477
附件一（训练集）.xlsx|材料2|790,0,616.5615259,888.487884158,800.602616731,822.68647911
附件一（训练集）.xlsx|材料2|791,1,1109.079282,1122.34764649,1121.07970226,1144.00805328
附件一（训练集）.xlsx|材料2|792,4,1962.9699,1944.91527415,2033.37446037,1870.27552821
附件一（训练集）.xlsx|材料2|793,0,3656.313807,4115.36629126,4031.27274321,4013.76165934
附件一（训练集）.xlsx|材料2|794,2,6408.739313,7258.52660229,7069.53241215,7150.85246592
附件一（训练集）.xlsx|材料2|795,0,12094.09514,13067.997794,13077.4489203,12766.2077566
附件一（训练集）.xlsx|材料2|796,0,24089.9339,24496.5028781,23154.306731,24831.9618607
附件一（训练集）.xlsx|材料2|797,1,48650.94962,49237.328904,47152.5952638,47950.4970044
附件一（训练集）.xlsx|材料2|798,4,100506.4583,98379.8833577,102222.158141,105773.176556
附件一（训练集）.xlsx|材料2|799,0,377678.9606,384810.825876,387929.703827,385932.280675
附件一（训练集）.xlsx|材料2|8,2,99679.89972,102999.756916,104746.821548,107751.874878
附件一（训练集）.xlsx|材料2|80,3,127678.3676,132183.41193,125481.444991,123854.883275
附件一（训练集）.xlsx|材料2|800,3,663683.0988,630641.373724,666864.926381,655149.022107
附件一（训练集）.xlsx|材料2|801,2,712.2835654,942.909002939,920.521667944,896.874252831
附件一（训练集）.xlsx|材料2|802,2,997.3749975,1156.27434684,1186.44587053,1233.45295854
附件一（训练集）.xlsx|材料2|803,4,3081.944275,3194.97060292,3340.56823297,3601.87969651
附件一（训练集）.xlsx|材料2|804,1,5316.957519,5684.85073748,5407.88393321,5810.64691234
附件一（训练集）.xlsx|材料2|805,0,9430.831311,9100.75654249,8972.82324589,8996.40984337
附件一（训练集）.xlsx|材料2|806,4,18547.91413,19965.4318097,19648.029296,20146.8933116
附件一（训练集）.xlsx|材料2|807,1,36896.2378,36480.4974003,39215.2526417,39300.9506876
附件一（训练集）.xlsx|材料2|808,0,74065.79679,72257.400817,72353.4387373,73974.0506126
附件一（训练集）.xlsx|材料2|809,2,139851.241,131115.093567,121772.429755,117607.12836
附件一（训练集）.xlsx|材料2|81,0,233091.8182,205427.906363,203116.453673,204360.042797
附件一（训练集）.xlsx|材料2|810,2,281511.9266,280247.96611,276297.410098,275178.771644
附件一（训练集）.xlsx|材料2|811,0,518436.7953,504116.566729,471138.312163,471598.416296
附件一（训练集）.xlsx|材料2|812,4,1010.813072,1091.57088956,1080.16919699,1089.08283684
附件一（训练集）.xlsx|材料2|813,1,1699.527739,1503.11826214,1368.66563773,1486.86050373
附件一（训练集）.xlsx|材料2|814,3,5073.617146,5130.13204028,5504.96956234,5678.61372124
附件一（训练集）.xlsx|材料2|815,1,8993.586829,9513.9226665,9131.40122851,9601.82647866
附件一（训练集）.xlsx|材料2|816,0,30239.75548,30389.7628183,32388.6742623,32145.4181223
附件一（训练集）.xlsx|材料2|817,2,60381.065,64905.4627918,60917.3436309,62072.9581
附件一（训练集）.xlsx|材料2|818,4,109805.4948,120352.887924,116073.656365,120515.002026
附件一（训练集）.xlsx|材料2|819,0,218571.6566,214435.982903,206708.985569,212580.552143
附件一（训练集）.xlsx|材料2|82,4,414493.4809,379465.974327,398834.317248,394521.438296
附件一（训练集）.xlsx|材料2|820,2,408977.4519,381567.533082,403485.553761,411395.25859
附件一（训练集）.xlsx|材料2|821,4,1152.814148,1077.99261397,1077.59457095,1115.47264428
附件一（训练集）.xlsx|材料2|822,1,3227.478987,2747.55843135,2929.10308923,2906.52831035
附件一（训练集）.xlsx|材料2|823,4,5274.852297,5499.07308762,5335.98452866,5498.07405334
附件一（训练集）.xlsx|材料2|824,1,27979.59227,28731.6314788,30082.2540988,30428.9417862
附件一（训练集）.xlsx|材料2|825,2,94737.13736,99448.7187208,92570.6732685,94780.9007357
附件一（训练集）.xlsx|材料2|826,4,180142.0261,182387.515436,184056.259153,194734.837398
附件一（训练集）.xlsx|材料2|827,0,335660.579,344171.258989,355425.666042,386078.297771
附件一（训练集）.xlsx|材料2|828,4,2005.679819,2040.59106896,1955.75108484,1891.6447641
附件一（训练集）.xlsx|材料2|829,4,2249.995515,2218.11578377,2145.98286693,2335.92780105
附件一（训练集）.xlsx|材料2|83,3,5315.359378,5485.79961564,5672.70064546,6194.26656912
附件一（训练集）.xlsx|材料2|830,4,5968.936122,6046.31919801,5543.89093276,5367.76730567
附件一（训练集）.xlsx|材料2|831,0,9686.389671,7923.70765103,9006.67983051,8823.06529892
附件一（训练集）.xlsx|材料2|832,0,16400.899,17302.9102795,17423.2476156,16820.264129
附件一（训练集）.xlsx|材料2|833,3,28529.01991,28467.5359985,26248.0734611,27536.3020739
附件一（训练集）.xlsx|材料2|834,0,86301.61392,83996.7840566,74705.1567996,72493.3322954
附件一（训练集）.xlsx|材料2|835,4,162505.6689,176132.212609,168666.548886,169621.605966
附件一（训练集）.xlsx|材料2|836,1,4166.802674,3855.08921118,3989.94841558,3770.71827759
附件一（训练集）.xlsx|材料2|837,1,10690.36702,9961.00706708,10360.9439399,10079.6338723
附件一（训练集）.xlsx|材料2|838,2,17732.53107,17837.3451029,17368.6385784,16851.2191591
附件一（训练集）.xlsx|材料2|839,1,85729.36857,87547.4812605,88227.6659752,92234.9513094
附件一（训练集）.xlsx|材料2|84,3,5754.900881,6940.2158941,6336.65904493,6435.70308188
附件一（训练集）.xlsx|材料2|840,4,149814.6126,146021.777671,146870.92297,146817.9389
附件一（训练集）.xlsx|材料2|841,1,267120.5983,263171.878183,272360.553424,276962.600479
附件一（训练集）.xlsx|材料2|842,1,7010.413699,6383.05094395,5698.33932054,5619.57293636
附件一（训练集）.xlsx|材料2|843,2,11909.25694,11341.6272882,11625.0396292,11746.1352362
附件一（训练集）.xlsx|材料2|844,2,32052.91973,30762.0624915,30889.3176499,31291.5716608
附件一（训练集）.xlsx|材料2|845,2,53300.57798,52242.4250374,50760.3664573,52247.7513774
附件一（训练集）.xlsx|材料2|846,3,86906.54055,82393.8557943,87389.3286438,89014.221767
附件一（训练集）.xlsx|材料2|847,1,148386.2263,147047.634405,156186.551245,154588.583288
附件一（训练集）.xlsx|材料2|848,4,255726.2607,252886.878072,273847.713592,278556.291448
附件一（训练集）.xlsx|材料2|849,3,13194.37875,12170.4231271,12762.4537737,12363.8979116
附件一（训练集）.xlsx|材料2|85,4,17800.25563,18538.2144283,17598.1272411,17562.765489
附件一（训练集）.xlsx|材料2|850,1,21247.21783,20695.8106249,19908.1320845,20260.2188494
附件一（训练集）.xlsx|材料2|851,2,34708.13737,33543.7678696,34688.8775631,35041.2838527
附件一（训练集）.xlsx|材料2|852,0,55993.35379,59869.5761043,54483.1571673,52140.8073224
附件一（训练集）.xlsx|材料2|853,2,90330.0276,94220.7657008,93905.233467,93204.9693812
附件一（训练集）.xlsx|材料2|854,4,150597.9337,154468.024427,157675.914552,157232.953317
附件一（训练集）.xlsx|材料2|855,1,589.8,683.787710871,697.208415586,653.402002185
附件一（训练集）.xlsx|材料2|856,4,1364.1,1605.24577805,1502.14237367,1613.10024226
附件一（训练集）.xlsx|材料2|857,0,5962.21,5846.0836081,5917.31533769,5599.29472023
附件一（训练集）.xlsx|材料2|858,1,4242.17,3855.08921118,4006.07363169,3826.6461089
附件一（训练集）.xlsx|材料2|859,2,18064.28,17837.3451029,17730.9770251,17444.0731499
附件一（训练集）.xlsx|材料2|86,1,60462.25859,59161.181762,61446.0545018,58871.5801654
附件一（训练集）.xlsx|材料2|860,4,6440.23,7001.05298678,7011.52884975,6966.19976712
附件一（训练集）.xlsx|材料2|861,4,4575.14,4223.93678238,4295.27809486,4330.31889682
附件一（训练集）.xlsx|材料2|862,0,8433,8093.79299513,8092.31545062,7963.95938821
附件一（训练集）.xlsx|材料2|863,0,30686.35,32004.1301755,32782.4616242,32274.2738754
附件一（训练集）.xlsx|材料2|864,1,228031.96,230220.346826,231995.046529,229866.611011
附件一（训练集）.xlsx|材料2|865,1,107991.02,107932.95077,110185.536705,113935.766366
附件一（训练集）.xlsx|材料2|866,2,11213.42,10611.5793119,10087.1316965,9997.10564667
附件一（训练集）.xlsx|材料2|867,4,153370.65,154468.024427,163808.497998,158370.244861
附件一（训练集）.xlsx|材料2|868,2,30134.39,30090.8394207,29301.6596363,31464.5213121
附件一（训练集）.xlsx|材料2|869,3,18591.85,18946.5070398,18090.0314078,17373.1178729
附件一（训练集）.xlsx|材料2|87,1,106053.1424,107932.95077,111680.977789,113628.783717
附件一（训练集）.xlsx|材料2|870,2,10574.22,10449.3888497,11059.8349885,11129.242577
附件一（训练集）.xlsx|材料2|871,4,1124.9,1159.73499046,1139.84030414,1293.12818461
附件一（训练集）.xlsx|材料2|872,1,107211.86,94009.9662818,95303.0945601,93441.3116127
附件一（训练集）.xlsx|材料2|873,1,16040.52,16144.4898429,16122.8392961,16194.4059329
附件一（训练集）.xlsx|材料2|874,1,2014.35,2094.11021484,2015.49776648,1945.94321052
附件一（训练集）.xlsx|材料2|875,0,19013.9,18434.7382886,17951.8012353,18038.9592695
附件一（训练集）.xlsx|材料2|876,3,29245.92,27101.1805738,29712.6696941,29762.8961975
附件一（训练集）.xlsx|材料2|877,1,173343.5,170517.807369,172903.419829,172020.578906
附件一（训练集）.xlsx|材料2|878,1,7634.57,6717.63211994,7005.72017031,7172.27530659
附件一（训练集）.xlsx|材料2|879,0,138016.86,146750.383849,131540.737844,137001.251492
附件一（训练集）.xlsx|材料2|88,3,193505.2585,194222.191522,191212.71847,187665.386296
附件一（训练集）.xlsx|材料2|880,1,151105.98,147047.634405,156253.581027,154822.328443
附件一（训练集）.xlsx|材料2|881,4,110564.15,111392.232608,109452.75014,116559.328586
附件一（训练集）.xlsx|材料2|882,1,12045.4,11415.2656916,11283.1635254,11843.5692949
附件一（训练集）.xlsx|材料2|883,2,95425.1,101491.956855,95043.1404915,95215.0254788
附件一（训练集）.xlsx|材料2|884,2,3847.11,4285.67030443,3954.20197765,4066.35952289
附件一（训练集）.xlsx|材料2|885,1,52455.98,52496.2877134,54595.6400027,53757.2811059
附件一（训练集）.xlsx|材料2|886,3,662714.15,635610.792487,676447.047813,690629.241347
附件一（训练集）.xlsx|材料2|887,2,346635.83,321246.476636,327700.685944,333590.163353
附件一（训练集）.xlsx|材料2|888,0,109803.96,105259.577498,111653.432368,109091.2969
附件一（训练集）.xlsx|材料2|889,2,3042.6,3585.23396224,3566.33176492,3324.61499804
附件一（训练集）.xlsx|材料2|89,4,8925.506713,9780.89480754,8969.10866467,8678.89396085
附件一（训练集）.xlsx|材料2|890,0,103881.99,95815.2400343,106592.310972,101484.75712
附件一（训练集）.xlsx|材料2|891,0,15398.34,17721.2023409,17811.0443316,17912.2069001
附件一（训练集）.xlsx|材料2|892,2,101520.74,102999.756916,106575.074362,108606.865323
附件一（训练集）.xlsx|材料2|893,3,12782.2,11434.4850336,10928.2514151,11153.7644291
附件一（训练集）.xlsx|材料2|894,0,21598.9,23091.1854735,21370.9115555,19970.23066
附件一（训练集）.xlsx|材料2|895,0,3484.68,3910.70435675,4127.59694374,4354.31367685
附件一（训练集）.xlsx|材料2|896,0,3724.85,4115.36629126,3971.47800873,3997.22435191
附件一（训练集）.xlsx|材料2|897,0,8920.76,9301.26227792,7795.53256099,8289.39249365
附件一（训练集）.xlsx|材料2|898,1,37533.85,36480.4974003,40512.388193,39220.692308
附件一（训练集）.xlsx|材料2|899,4,5234.05,4858.53764155,4763.85357198,5102.84733538
附件一（训练集）.xlsx|材料2|9,3,161658.0093,151046.780637,147783.895665,146519.389257
附件一（训练集）.xlsx|材料2|90,4,9498.934254,11371.3927797,10553.0079562,10509.2698837
附件一（训练集）.xlsx|材料2|900,3,860.95,1032.91747398,1062.13066184,1033.82565486
附件一（训练集）.xlsx|材料2|901,0,222583.08,214435.982903,208477.763762,211153.879133
附件一（训练集）.xlsx|材料2|902,2,148956.65,144108.582321,144179.371529,141527.952379
附件一（训练集）.xlsx|材料2|903,3,9854.64,10358.8475181,10798.5859592,10742.4166558
附件一（训练集）.xlsx|材料2|904,0,4724.62,5037.77005363,4681.28563191,4637.90529314
附件一（训练集）.xlsx|材料2|905,0,358714.84,333301.699062,338771.508655,335946.829006
附件一（训练集）.xlsx|材料2|906,1,28910.91,28708.0230654,27730.345364,28454.2630679
附件一（训练集）.xlsx|材料2|907,3,151573.62,147052.331579,139476.361778,147170.62126
附件一（训练集）.xlsx|材料2|908,2,304902.62,281861.109533,269086.77057,274191.393152
附件一（训练集）.xlsx|材料2|909,0,10370.3,10139.3269684,11009.5678014,10967.5270602
附件一（训练集）.xlsx|材料2|91,3,29583.7023,32155.0047783,29570.6353663,29260.823795
附件一（训练集）.xlsx|材料2|910,0,9015.97,8591.0252989,9016.27626444,8719.56630148
附件一（训练集）.xlsx|材料2|911,3,491341.03,482720.247151,478936.804465,482567.792819
附件一（训练集）.xlsx|材料2|912,4,149398.61,148592.244526,153173.603795,152902.244957
附件一（训练集）.xlsx|材料2|913,0,12298.52,13067.997794,12980.1566481,12833.8270076
附件一（训练集）.xlsx|材料2|914,0,1722.57,1728.21539387,1705.24646967,1814.27592849
附件一（训练集）.xlsx|材料2|915,4,1992.95,1944.91527415,2088.76353523,1911.2092527
附件一（训练集）.xlsx|材料2|916,4,28045.2,27596.974862,27892.2646065,28541.6990377
附件一（训练集）.xlsx|材料2|917,0,5198.43,4594.71740941,5291.59685751,5304.20686979
附件一（训练集）.xlsx|材料2|918,2,32642.81,30762.0624915,30430.7535815,31372.598111
附件一（训练集）.xlsx|材料2|919,4,1368.74,1078.68660091,1101.82490486,1092.57678368
附件一（训练集）.xlsx|材料2|92,3,53588.98607,56142.2154006,53949.9176176,57121.6172033
附件一（训练集）.xlsx|材料2|920,0,273279.81,261571.5982,286479.50701,284926.116665
附件一（训练集）.xlsx|材料2|921,4,813562.47,807319.628564,848637.164192,851684.822532
附件一（训练集）.xlsx|材料2|922,3,1462.21,1299.63651997,1469.36422687,1509.79868276
附件一（训练集）.xlsx|材料2|923,2,304346.42,306539.420676,304465.109635,295878.745415
附件一（训练集）.xlsx|材料2|924,1,3287.8,2747.55843135,3049.61965898,2885.21983615
附件一（训练集）.xlsx|材料2|925,1,5423.39,5684.85073748,5449.55248882,5793.17112464
附件一（训练集）.xlsx|材料2|926,4,3961.43,4229.14073356,4550.28439436,4102.67561614
附件一（训练集）.xlsx|材料2|927,2,11108.17,10552.9032411,10252.0265227,10106.6358122
附件一（训练集）.xlsx|材料2|928,3,62308.09,58264.1847331,63751.9964717,64096.2100848
附件一（训练集）.xlsx|材料2|929,2,3875.1,3341.7259994,3285.23646184,3130.0067532
附件一（训练集）.xlsx|材料2|93,2,93708.67012,101491.956855,96108.0136415,100418.287924
附件一（训练集）.xlsx|材料2|930,3,4409.77,4260.92942281,4268.63552096,4083.30474448
附件一（训练集）.xlsx|材料2|931,1,190648.17,217599.300813,189973.708081,192810.97542
附件一（训练集）.xlsx|材料2|932,4,86471.48,90228.6399631,91568.5810275,89359.3275048
附件一（训练集）.xlsx|材料2|933,1,527870.56,487762.142365,513165.652986,521235.121349
附件一（训练集）.xlsx|材料2|934,3,3255.58,3555.95146923,3592.98242009,3677.38995317
附件一（训练集）.xlsx|材料2|935,2,206897.11,211418.8221,220484.713853,225156.133008
附件一（训练集）.xlsx|材料2|936,2,78931.11,80295.9771473,82491.3494149,85369.2267414
附件一（训练集）.xlsx|材料2|937,4,817.79,924.213929286,895.964472057,927.573378859
附件一（训练集）.xlsx|材料2|938,1,151066.13,164533.801279,149107.245126,159039.444213
附件一（训练集）.xlsx|材料2|939,4,115780.63,119313.016496,120250.575493,117402.683535
附件一（训练集）.xlsx|材料2|94,4,302575.7198,295386.057199,300513.037184,286951.714655
附件一（训练集）.xlsx|材料2|940,3,21996.08,20192.7749079,19292.5370723,21223.9736424
附件一（训练集）.xlsx|材料2|941,0,17064.92,16658.1644696,15809.6751807,16525.1091562
附件一（训练集）.xlsx|材料2|942,1,348034.41,348627.682836,335239.525337,343826.117517
附件一（训练集）.xlsx|材料2|943,1,645.8,829.657022832,777.229170346,771.560605327
附件一（训练集）.xlsx|材料2|944,4,473753.7,460179.098317,447477.601728,461501.469323
附件一（训练集）.xlsx|材料2|945,0,523551.38,520043.740928,513673.871011,494407.351688
附件一（训练集）.xlsx|材料2|946,1,1129.55,1122.34764649,1163.7303617,1194.11592389
附件一（训练集）.xlsx|材料2|947,3,33546.22,32790.8858817,29659.2720156,28432.339001
附件一（训练集）.xlsx|材料2|948,0,6899.22,6992.70864385,7342.97775095,7548.27971689
附件一（训练集）.xlsx|材料2|949,0,423578.04,412241.239029,425612.922407,425256.021171
附件一（训练集）.xlsx|材料2|95,2,3774.167544,4285.67030443,4182.36907801,4052.11190738
附件一（训练集）.xlsx|材料2|950,0,1476.15,1648.58501954,1470.81665555,1556.99584119
附件一（训练集）.xlsx|材料2|951,1,367493.3,334033.031267,352232.736277,366468.72175
附件一（训练集）.xlsx|材料2|952,4,46900.58,42721.7131956,42944.0620801,43318.5125804
附件一（训练集）.xlsx|材料2|953,4,840.85,754.803577496,745.302823595,790.17957198
附件一（训练集）.xlsx|材料2|954,1,149241.26,151923.003394,161174.428084,173397.632957
附件一（训练集）.xlsx|材料2|955,1,10892.76,9961.00706708,10299.3394036,10154.5300158
附件一（训练集）.xlsx|材料2|956,0,35923.22,38751.8295767,34434.0093802,35774.8404157
附件一（训练集）.xlsx|材料2|957,4,193035.73,197737.760112,207518.53515,199497.17801
附件一（训练集）.xlsx|材料2|958,1,784354.37,778902.979874,787734.327603,826141.744464
附件一（训练集）.xlsx|材料2|959,4,2289.86,2218.11578377,2144.64109227,2218.36729464
附件一（训练集）.xlsx|材料2|96,1,12202.56812,12733.8622887,12313.2086345,12442.6911971
附件一（训练集）.xlsx|材料2|960,2,325245.35,302240.700655,308069.098816,306427.040902
附件一（训练集）.xlsx|材料2|961,1,9168.95,9471.0350343,8649.09183423,8791.7540917
附件一（训练集）.xlsx|材料2|962,3,197062.13,194222.191522,191716.795998,190005.847738
附件一（训练集）.xlsx|材料2|963,3,1946.98,1815.45862274,1738.3276903,1825.15389788
附件一（训练集）.xlsx|材料2|964,1,232432.01,232752.217441,238127.341694,234753.283465
附件一（训练集）.xlsx|材料2|965,3,503425.69,522860.445905,469943.611825,471448.787288
附件一（训练集）.xlsx|材料2|966,2,12088.52,11248.664804,10418.3584195,10062.8406939
附件一（训练集）.xlsx|材料2|967,0,35255.93,35762.9816457,37938.7396,35027.2572912
附件一（训练集）.xlsx|材料2|968,3,1618.3,1932.66868976,1943.66209867,1894.0659239
附件一（训练集）.xlsx|材料2|969,4,18600.94,18356.297033,20309.1743594,20260.3096913
附件一（训练集）.xlsx|材料2|97,1,22183.93094,21618.1873569,22445.5168717,23346.8875839
附件一（训练集）.xlsx|材料2|970,0,2114.15,2090.92431638,2050.48956673,2015.30124261
附件一（训练集）.xlsx|材料2|971,4,261886.44,247550.820516,290845.878713,274383.768833
附件一（训练集）.xlsx|材料2|972,0,3117.87,2919.97101415,3116.96628088,3019.30946466
附件一（训练集）.xlsx|材料2|973,2,131741.28,125154.866358,128083.058188,127455.903623
附件一（训练集）.xlsx|材料2|974,1,80858.53,82517.2456351,81665.8386244,80438.7329272
附件一（训练集）.xlsx|材料2|975,3,30284.72,27665.3355699,29054.7518551,28432.866549
附件一（训练集）.xlsx|材料2|976,1,246661.62,232680.972344,228619.0895,224896.567612
附件一（训练集）.xlsx|材料2|977,4,335335.55,311300.696033,320612.805006,318911.291596
附件一（训练集）.xlsx|材料2|978,4,165458.52,176132.212609,173917.734675,180197.484836
附件一（训练集）.xlsx|材料2|979,2,3001.34,3032.25820265,2872.02111124,2930.59381754
附件一（训练集）.xlsx|材料2|98,1,63756.36807,63030.6712364,63502.2520687,61335.1390437
附件一（训练集）.xlsx|材料2|980,4,25581.08,23034.9704786,24986.0201741,25681.9123602
附件一（训练集）.xlsx|材料2|981,1,2096.78,2222.48538175,1934.9396363,2023.41128315
附件一（训练集）.xlsx|材料2|982,0,15991.04,15805.0376583,16604.5749026,15679.9822395
附件一（训练集）.xlsx|材料2|983,1,21395.42,19643.5843805,20766.4403818,21832.2826759
附件一（训练集）.xlsx|材料2|984,4,308100.86,295386.057199,296851.395868,290959.278698
附件一（训练集）.xlsx|材料2|985,3,19567.08,16956.8950608,16634.7672363,16756.8438851
附件一（训练集）.xlsx|材料2|986,1,49942.08,49150.4101257,49039.5080234,49667.7161446
附件一（训练集）.xlsx|材料2|987,0,9601.75,9100.75654249,9000.68802837,9053.2053476
附件一（训练集）.xlsx|材料2|988,2,75080.87,70826.9181659,76752.0473381,79440.2393255
附件一（训练集）.xlsx|材料2|989,3,2228.33,1992.35954307,2089.52080649,1931.0275043
附件一（训练集）.xlsx|材料2|99,4,108573.4757,111392.232608,107885.45701,108212.405237
附件一（训练集）.xlsx|材料2|990,1,201548.74,202923.590314,193555.069766,214296.227927
附件一（训练集）.xlsx|材料2|991,2,375734.6,340744.819318,333283.35132,360211.56255
附件一（训练集）.xlsx|材料2|992,4,186275.7,182750.859466,177505.071148,189166.923293
附件一（训练集）.xlsx|材料2|993,1,49565.98,49237.328904,47489.0020929,48989.297804
附件一（训练集）.xlsx|材料2|994,4,22906.67,23467.883939,24237.8067078,24361.0909054
附件一（训练集）.xlsx|材料2|995,0,162124.63,150029.296197,161272.819478,157137.048314
附件一（训练集）.xlsx|材料2|996,2,7959.15,7358.74357001,6934.90339776,6866.11862474
附件一（训练集）.xlsx|材料2|997,4,84510.02,89982.1115319,85118.2721025,83730.7112726
附件一（训练集）.xlsx|材料2|998,0,2926.02,2686.19754141,2416.88735887,2572.07801092
附件一（训练集）.xlsx|材料2|999,3,9161.12,8972.94202625,8512.66301723,8566.46990272
附件一（训练集）.xlsx|材料3|10,0,1784.802763,1861.03836023,1829.85509232,1813.38863082
附件一（训练集）.xlsx|材料3|100,3,17959.11461,17957.0725974,18379.0564762,18175.1211892
附件一（训练集）.xlsx|材料3|1000,3,333654.412,329347.647415,326475.807929,347547.707069
附件一（训练集）.xlsx|材料3|1001,2,577574.4872,582163.707151,554327.782157,548542.436172
附件一（训练集）.xlsx|材料3|1002,3,4789.970208,4658.14083698,4197.72586033,4032.74071208
附件一（训练集）.xlsx|材料3|1003,0,8979.496721,9381.91094461,8718.4761278,8265.31720978
附件一（训练集）.xlsx|材料3|1004,0,16135.14341,13821.5321802,16394.2352095,15179.7843957
附件一（训练集）.xlsx|材料3|1005,1,28701.85187,27430.8169503,27801.9088256,27137.8853412
附件一（训练集）.xlsx|材料3|1006,0,51937.15111,49653.1679969,48452.173649,49703.229551
附件一（训练集）.xlsx|材料3|1007,1,91908.58818,95745.497552,89087.5601918,93202.5723259
附件一（训练集）.xlsx|材料3|1008,2,162300.5175,152280.403446,154571.702383,151016.128956
附件一（训练集）.xlsx|材料3|1009,2,268566.9736,259516.460973,248386.690712,250033.608642
附件一（训练集）.xlsx|材料3|101,2,54876.29217,58261.8439121,57127.7025538,58001.3863851
附件一（训练集）.xlsx|材料3|1010,2,465018.4764,434103.799051,461337.197537,448833.156682
附件一（训练集）.xlsx|材料3|1011,4,1478.325272,1337.96374478,1329.01888319,1337.07577217
附件一（训练集）.xlsx|材料3|1012,4,4810.34306,4099.38422278,4890.50525921,4974.01954926
附件一（训练集）.xlsx|材料3|1013,1,26925.90185,20418.0437373,25174.0466396,26829.1764114
附件一（训练集）.xlsx|材料3|1014,0,1954189.357,1426942.54627,1581059.2306,1570449.14725
附件一（训练集）.xlsx|材料3|1015,0,3137.15592,3413.19487111,3219.36313485,3259.02369879
附件一（训练集）.xlsx|材料3|1016,3,5586.373175,4893.72626774,6534.74335219,5813.95082208
附件一（训练集）.xlsx|材料3|1017,4,17380.21799,13817.3254409,17262.6707736,17156.8072175
附件一（训练集）.xlsx|材料3|1018,4,30816.84628,23028.4386998,31024.7097862,33705.0256998
附件一（训练集）.xlsx|材料3|1019,3,283108.5835,216412.804472,257399.254025,248525.30698
附件一（训练集）.xlsx|材料3|102,3,96089.84758,92178.2021972,91398.1990214,90226.5181841
附件一（训练集）.xlsx|材料3|1020,2,482986.7196,384054.958814,463514.997666,456574.873962
附件一（训练集）.xlsx|材料3|1021,1,827347.6086,667210.773226,851925.801012,851773.299112
附件一（训练集）.xlsx|材料3|1022,0,2905.378993,3225.02920024,3288.98991598,3038.05386843
附件一（训练集）.xlsx|材料3|1023,4,5056.14364,4999.09618074,5247.23459473,5040.18148117
附件一（训练集）.xlsx|材料3|1024,2,15085.45652,12117.2826685,16727.2037029,15746.3458306
附件一（训练集）.xlsx|材料3|1025,1,26534.63038,20487.8324997,29123.0373507,26544.150565
附件一（训练集）.xlsx|材料3|1026,0,46412.60777,41828.663016,45565.0450137,48006.7098777
附件一（训练集）.xlsx|材料3|1027,0,79984.94688,74485.8369154,78311.1485799,82029.5023229
附件一（训练集）.xlsx|材料3|1028,1,140779.3784,138415.645252,138627.550983,141593.791768
附件一（训练集）.xlsx|材料3|1029,4,244491.912,242316.967667,275794.021499,267192.659479
附件一（训练集）.xlsx|材料3|103,4,172431.947,205146.769183,192920.184883,186970.315218
附件一（训练集）.xlsx|材料3|1030,0,416058.3174,278314.096991,404489.881697,371362.368791
附件一（训练集）.xlsx|材料3|1031,4,717632.5216,648294.520188,733268.838614,748580.050277
附件一（训练集）.xlsx|材料3|1032,4,1206132.608,1027769.7199,1187658.37075,1200184.36259
附件一（训练集）.xlsx|材料3|1033,0,7636.681969,5418.73778748,8558.72775367,7588.9874407
附件一（训练集）.xlsx|材料3|1034,0,68932.53708,35740.37777,68643.9663867,66948.5958575
附件一（训练集）.xlsx|材料3|1035,0,606082.8385,387521.78448,567866.367392,562493.246333
附件一（训练集）.xlsx|材料3|1036,4,4689.891518,4931.0608073,4718.61094724,4888.54960997
附件一（训练集）.xlsx|材料3|1037,4,13132.77069,7496.24100038,13905.279317,13752.6086988
附件一（训练集）.xlsx|材料3|1038,3,22113.44439,11483.0099543,21228.4090813,20268.079187
附件一（训练集）.xlsx|材料3|1039,3,63440.79323,44587.0838046,65348.9402361,61425.443247
附件一（训练集）.xlsx|材料3|104,4,294850.4057,270845.073818,282798.52048,277240.721818
附件一（训练集）.xlsx|材料3|1040,2,109417.4952,59924.6246485,106391.400804,106822.559404
附件一（训练集）.xlsx|材料3|1041,4,183398.7774,137861.432188,170906.753647,179170.525819
附件一（训练集）.xlsx|材料3|1042,1,314834.5002,201976.3291,306563.171627,317431.477069
附件一（训练集）.xlsx|材料3|1043,4,543832.1312,409186.889637,545110.467663,536279.444958
附件一（训练集）.xlsx|材料3|1044,2,7951.626463,8218.66010849,9019.28659011,8370.37951645
附件一（训练集）.xlsx|材料3|1045,1,13326.21402,9497.64181384,12049.7065037,12970.2476694
附件一（训练集）.xlsx|材料3|1046,4,22174.07318,14645.3797308,20678.3573505,23100.0495005
附件一（训练集）.xlsx|材料3|1047,0,37154.72717,24802.4773731,31428.5935973,32600.9830781
附件一（训练集）.xlsx|材料3|1048,2,61053.54475,42082.1524851,61619.7210094,61645.6376178
附件一（训练集）.xlsx|材料3|1049,1,290333.7925,232648.198788,298355.864391,313909.217503
附件一（训练集）.xlsx|材料3|105,0,461532.5306,455484.364396,452711.324166,460428.866465
附件一（训练集）.xlsx|材料3|1050,1,496550.8529,501942.357677,506745.254613,513710.380985
附件一（训练集）.xlsx|材料3|1051,1,13955.00927,7844.90908445,13108.8088436,13332.2294085
附件一（训练集）.xlsx|材料3|1052,4,23037.23978,21911.1734008,23709.8201021,23469.2922532
附件一（训练集）.xlsx|材料3|1053,0,38130.59551,35466.64342,40814.0396464,39280.4940182
附件一（训练集）.xlsx|材料3|1054,2,61840.87955,65963.0710107,67009.6490077,66953.302758
附件一（训练集）.xlsx|材料3|1055,1,102825.5629,102613.396389,112842.645404,103776.701774
附件一（训练集）.xlsx|材料3|1056,1,279857.1056,280568.42438,273225.430929,274264.502569
附件一（训练集）.xlsx|材料3|1057,0,793734.9405,598613.650658,752575.504283,758490.739051
附件一（训练集）.xlsx|材料3|1058,2,23765.11218,12710.6949248,20015.1947047,20641.6687688
附件一（训练集）.xlsx|材料3|1059,3,38444.51791,22056.74831,34381.5559236,33606.2517897
附件一（训练集）.xlsx|材料3|106,4,1206.968686,1168.52187246,1253.37327706,1157.54914072
附件一（训练集）.xlsx|材料3|1060,4,61846.53742,46598.0162028,58774.6074965,61229.0504089
附件一（训练集）.xlsx|材料3|1061,1,101696.0614,52996.8932898,93556.8652566,98465.6335921
附件一（训练集）.xlsx|材料3|1062,4,165857.3139,119808.957643,153683.19897,162029.151588
附件一（训练集）.xlsx|材料3|1063,1,267459.4281,129787.791642,257829.76152,270138.216469
附件一（训练集）.xlsx|材料3|1064,0,442906.4593,249057.917379,426466.589348,420268.55287
附件一（训练集）.xlsx|材料3|1065,0,732242.1322,463645.153122,657065.092572,663619.018761
附件一（训练集）.xlsx|材料3|1066,0,11881.60105,11873.3219473,10468.693234,11034.8978641
附件一（训练集）.xlsx|材料3|1067,1,21004.58567,20044.7930784,19931.9811307,19480.4169394
附件一（训练集）.xlsx|材料3|1068,1,106831.4018,108942.251945,111230.649549,114121.140984
附件一（训练集）.xlsx|材料3|1069,0,522155.9711,516484.506348,519131.853635,511552.649898
附件一（训练集）.xlsx|材料3|107,1,2253.817717,2104.78943852,1961.13009002,2001.79540885
附件一（训练集）.xlsx|材料3|1070,2,879146.1121,888466.417105,849173.761247,800556.979902
附件一（训练集）.xlsx|材料3|1071,3,8531.662667,7218.54667449,7593.46234395,7492.5724045
附件一（训练集）.xlsx|材料3|1072,0,27090.42886,22739.7709907,26954.5195809,27462.2609101
附件一（训练集）.xlsx|材料3|1073,3,47244.48267,41692.6455079,45972.5856676,46539.3853466
附件一（训练集）.xlsx|材料3|1074,1,82832.43964,73234.3687706,86110.3631587,85544.6345476
附件一（训练集）.xlsx|材料3|1075,1,143736.5259,134445.946766,148653.823375,149949.451501
附件一（训练集）.xlsx|材料3|1076,3,243674.0148,211356.101049,243751.365503,248212.357511
附件一（训练集）.xlsx|材料3|1077,3,419010.2402,380931.28225,423702.379574,416485.876832
附件一（训练集）.xlsx|材料3|1078,1,1209727.89,1087611.84465,1194989.21687,1145165.35719
附件一（训练集）.xlsx|材料3|1079,4,20828.13461,20189.5207961,19033.4633555,18775.8745202
附件一（训练集）.xlsx|材料3|108,1,7354.491186,7063.76610083,6754.70470731,7104.30463657
附件一（训练集）.xlsx|材料3|1080,1,37033.84064,34760.3659138,31932.6828742,33704.1295371
附件一（训练集）.xlsx|材料3|1081,1,64892.88453,55144.9478316,62360.3369009,60336.1932512
附件一（训练集）.xlsx|材料3|1082,1,114143.4161,110609.490725,104418.071692,114127.057721
附件一（训练集）.xlsx|材料3|1083,2,336601.6927,328250.389767,331552.132745,339233.726095
附件一（训练集）.xlsx|材料3|1084,1,572859.4021,531341.462727,520190.89215,560725.404615
附件一（训练集）.xlsx|材料3|1085,4,975690.7231,995748.17654,977792.574227,986564.430805
附件一（训练集）.xlsx|材料3|1086,2,1632589.206,1499922.06006,1628515.19064,1576843.93688
附件一（训练集）.xlsx|材料3|1087,2,2794958.278,2540587.24064,2839865.07543,2753163.24312
附件一（训练集）.xlsx|材料3|1088,1,16083.01056,18538.4860838,14374.4668334,15317.3534472
附件一（训练集）.xlsx|材料3|1089,0,28612.55785,30399.2472118,26018.6145758,27632.5290517
附件一（训练集）.xlsx|材料3|109,2,13492.33133,14862.3519416,13217.6993072,13281.2990063
附件一（训练集）.xlsx|材料3|1090,1,90590.87434,78794.7224288,82324.2251952,82648.5148277
附件一（训练集）.xlsx|材料3|1091,4,158084.9327,184862.966423,175415.061398,179651.072563
附件一（训练集）.xlsx|材料3|1092,1,469914.116,515119.699007,483441.834389,452383.957275
附件一（训练集）.xlsx|材料3|1093,0,4058.096136,5671.59471895,3731.1438743,3672.88369386
附件一（训练集）.xlsx|材料3|1094,4,7256.839025,10264.931807,7308.4040276,7030.17672238
附件一（训练集）.xlsx|材料3|1095,2,12706.6055,14156.5441997,11295.5128089,10972.1409037
附件一（训练集）.xlsx|材料3|1096,1,22962.82191,23982.2824391,21261.7226098,20015.0822091
附件一（训练集）.xlsx|材料3|1097,0,73769.35138,60966.5738533,74142.2386901,71295.37642
附件一（训练集）.xlsx|材料3|1098,1,128002.8654,125021.354649,128258.231229,128796.574721
附件一（训练集）.xlsx|材料3|1099,4,225685.4778,206092.897159,223136.077155,213394.405955
附件一（训练集）.xlsx|材料3|11,0,3174.476566,3126.10481058,3083.86241386,3017.24519957
附件一（训练集）.xlsx|材料3|110,2,72069.92697,76961.393081,81894.1380205,79480.7881934
附件一（训练集）.xlsx|材料3|1100,0,390022.0957,341587.181467,352233.823986,361803.559873
附件一（训练集）.xlsx|材料3|1101,1,672210.6135,644292.311601,677399.394829,645530.295823
附件一（训练集）.xlsx|材料3|1102,1,1917188.281,1673565.61248,1838788.45988,1895338.42679
附件一（训练集）.xlsx|材料3|1103,0,3690.838463,5695.71941599,3884.89686492,4464.49398602
附件一（训练集）.xlsx|材料3|1104,4,6525.58447,7591.85017965,6419.9046307,6490.19787331
附件一（训练集）.xlsx|材料3|1105,3,11332.51637,11104.8756029,11390.151463,11392.1204372
附件一（训练集）.xlsx|材料3|1106,2,19774.6652,20212.6694387,17838.67873,18442.640416
附件一（训练集）.xlsx|材料3|1107,3,35176.73701,28648.074994,35399.20349,35281.1939691
附件一（训练集）.xlsx|材料3|1108,4,109663.9909,113385.492927,114944.955224,113035.128326
附件一（训练集）.xlsx|材料3|1109,1,190965.9755,177479.655268,174774.926026,165925.822698
附件一（训练集）.xlsx|材料3|111,3,129814.4007,145236.616681,134086.504336,138227.440618
附件一（训练集）.xlsx|材料3|1110,4,332294.2247,295304.09562,316189.209407,291262.068374
附件一（训练集）.xlsx|材料3|1111,4,576221.1875,597273.32385,545035.603584,535905.154603
附件一（训练集）.xlsx|材料3|1112,0,974384.4383,863491.856969,951868.89272,973071.60829
附件一（训练集）.xlsx|材料3|1113,0,1657166.807,1445108.36998,1567856.4151,1644293.55577
附件一（训练集）.xlsx|材料3|1114,2,3608.19606,5271.12981847,3851.95273777,3714.39047599
附件一（训练集）.xlsx|材料3|1115,4,10510.27505,14645.3797308,10263.8130583,9784.22095705
附件一（训练集）.xlsx|材料3|1116,2,31575.85527,35358.2222227,28702.0431192,29092.8708506
附件一（训练集）.xlsx|材料3|1117,1,55108.62461,62700.54447,54564.52098,54455.6879726
附件一（训练集）.xlsx|材料3|1118,4,95985.7858,115426.357762,87282.9464716,92783.1103885
附件一（训练集）.xlsx|材料3|1119,1,288364.0938,306212.435496,286635.374535,279152.418069
附件一（训练集）.xlsx|材料3|112,0,229455.2619,234549.895418,218087.082756,216618.09877
附件一（训练集）.xlsx|材料3|1120,4,854595.4649,916885.610071,870136.536232,834811.596264
附件一（训练集）.xlsx|材料3|1121,3,1457208.154,1519378.70861,1367151.03593,1349156.29097
附件一（训练集）.xlsx|材料3|1122,2,6208.812139,6512.12339782,6595.98368716,6313.84070698
附件一（训练集）.xlsx|材料3|1123,0,29414.12888,29535.7032441,28268.6920519,31205.1591553
附件一（训练集）.xlsx|材料3|1124,2,50219.48281,52355.3835363,51356.7228671,51054.2892082
附件一（训练集）.xlsx|材料3|1125,1,85841.38171,98565.1035081,80307.7369142,78080.6828349
附件一（训练集）.xlsx|材料3|1126,1,251430.4498,245043.820505,232489.157514,238822.403483
附件一（训练集）.xlsx|材料3|1127,1,436750.9822,429467.228,424971.780405,439277.621801
附件一（训练集）.xlsx|材料3|1128,0,743636.3588,700815.635367,753398.109832,762361.266451
附件一（训练集）.xlsx|材料3|1129,4,1269497.729,1092297.13198,1248764.86784,1164478.80938
附件一（训练集）.xlsx|材料3|113,0,369808.4574,365278.270352,375904.461068,380484.408103
附件一（训练集）.xlsx|材料3|1130,2,10794.23332,12398.2818916,10447.4447032,10527.6285135
附件一（训练集）.xlsx|材料3|1131,4,29810.22506,30533.9116896,28843.6389907,29385.0695237
附件一（训练集）.xlsx|材料3|1132,1,50137.2872,81372.2605616,49944.0156924,48780.6574891
附件一（训练集）.xlsx|材料3|1133,4,83384.66164,82621.1334768,78339.2772052,79256.0188786
附件一（训练集）.xlsx|材料3|1134,1,140907.2324,129787.791642,140781.83488,136866.606493
附件一（训练集）.xlsx|材料3|1135,0,238364.4398,199021.101303,234910.877641,234393.446634
附件一（训练集）.xlsx|材料3|1136,3,681279.3321,501378.527437,583811.011835,592384.066145
附件一（训练集）.xlsx|材料3|1137,2,1162443.494,978682.157494,1102942.99953,1026434.28047
附件一（训练集）.xlsx|材料3|1138,0,26224.29438,28837.5476237,34445.930335,31034.0001414
附件一（训练集）.xlsx|材料3|1139,1,44053.42689,45716.1616019,45495.8709685,43840.9953496
附件一（训练集）.xlsx|材料3|114,4,673406.1725,628674.866093,650520.652597,646443.452439
附件一（训练集）.xlsx|材料3|1140,0,74561.23775,69805.5970452,74451.4079621,66230.1161765
附件一（训练集）.xlsx|材料3|1141,3,125668.5919,123094.837261,119135.513795,114611.249389
附件一（训练集）.xlsx|材料3|1142,0,19954.25753,18506.0118278,21239.0244924,21771.8475507
附件一（训练集）.xlsx|材料3|1143,3,33210.20282,30227.5696131,34756.3510215,36400.0198834
附件一（训练集）.xlsx|材料3|1144,1,57149.65614,55729.1901813,57907.903441,56260.2267783
附件一（训练集）.xlsx|材料3|1145,1,97695.68909,97672.4338875,103208.200532,102669.061849
附件一（训练集）.xlsx|材料3|1146,3,276283.5846,289504.396084,276602.465417,275153.975612
附件一（训练集）.xlsx|材料3|1147,0,468411.0525,465488.823142,472139.681177,485773.458327
附件一（训练集）.xlsx|材料3|1148,1,786804.3218,821162.512683,744741.367901,759961.570035
附件一（训练集）.xlsx|材料3|1149,2,1370342.672,1351628.99991,1407279.44985,1374828.40118
附件一（训练集）.xlsx|材料3|115,4,880.4286097,887.471349492,914.169017451,928.47287238
附件一（训练集）.xlsx|材料3|1150,0,14447.52529,14032.9653397,16802.6653915,15592.6519652
附件一（训练集）.xlsx|材料3|1151,3,42385.65525,37549.4282004,41061.7646702,42489.0948194
附件一（训练集）.xlsx|材料3|1152,1,127511.0255,135722.091796,137190.482261,132830.235445
附件一（训练集）.xlsx|材料3|1153,3,215896.4758,234166.386979,227088.135355,220375.843397
附件一（训练集）.xlsx|材料3|1154,3,368080.814,380931.28225,372596.110174,367400.620485
附件一（训练集）.xlsx|材料3|1155,0,618486.6569,671986.728019,586361.159979,594157.962839
附件一（训练集）.xlsx|材料3|1156,1,1064065.437,1087611.84465,1046735.69456,1019955.70545
附件一（训练集）.xlsx|材料3|1157,2,1835653.273,1814385.28757,1839084.0988,1806604.8071
附件一（训练集）.xlsx|材料3|1158,4,10794.99732,11846.0572978,11992.5432158,11233.07723
附件一（训练集）.xlsx|材料3|1159,4,18723.72465,21287.6738224,20899.6139468,19875.3431739
附件一（训练集）.xlsx|材料3|116,4,1567.91073,1450.68448934,1483.02393531,1529.23408133
附件一（训练集）.xlsx|材料3|1160,3,57324.49714,54971.0847516,57873.5775838,61126.8999397
附件一（训练集）.xlsx|材料3|1161,2,295524.535,328250.389767,283110.033793,283027.175747
附件一（训练集）.xlsx|材料3|1162,1,495411.5266,531341.462727,458483.469312,462164.65116
附件一（训练集）.xlsx|材料3|1163,2,7999.305874,8173.41151891,7981.7494694,7897.03076638
附件一（训练集）.xlsx|材料3|1164,0,24808.27848,23441.5616747,25619.0139437,24883.8781629
附件一（训练集）.xlsx|材料3|1165,0,44643.94465,44484.2324755,42664.8270558,43647.5460999
附件一（训练集）.xlsx|材料3|1166,4,135988.1493,123025.171925,131673.252987,123757.391386
附件一（训练集）.xlsx|材料3|1167,4,691297.4788,747050.006458,747627.6944,758930.489683
附件一（训练集）.xlsx|材料3|1168,1,1172778.049,1150682.64585,1235915.09974,1301365.66621
附件一（训练集）.xlsx|材料3|1169,1,3386268.637,3243134.98136,3293837.74323,3199355.98303
附件一（训练集）.xlsx|材料3|117,1,9630.779543,10394.4353332,9627.19105017,10122.8301809
附件一（训练集）.xlsx|材料3|1170,4,6100.395039,9536.72620527,5779.94090834,6054.97790199
附件一（训练集）.xlsx|材料3|1171,2,10591.38776,11672.9587079,10080.1050353,9843.49810788
附件一（训练集）.xlsx|材料3|1172,1,18741.82888,22781.305354,18378.202284,18010.7211623
附件一（训练集）.xlsx|材料3|1173,1,105687.6368,152575.137124,110823.906663,110936.004454
附件一（训练集）.xlsx|材料3|1174,4,187356.1549,209575.865569,192770.906701,182920.346128
附件一（训练集）.xlsx|材料3|1175,0,322096.453,341587.181467,293990.299221,273194.59809
附件一（训练集）.xlsx|材料3|1176,1,561360.7192,644292.311601,571692.586563,569845.583028
附件一（训练集）.xlsx|材料3|1177,4,952242.0047,986506.013143,936546.998766,973290.146992
附件一（训练集）.xlsx|材料3|1178,1,1623855.16,1673565.61248,1648041.21084,1726961.29378
附件一（训练集）.xlsx|材料3|1179,3,8722.787932,10642.6078757,8420.40929426,8527.79696885
附件一（训练集）.xlsx|材料3|118,0,16983.32344,15708.5920703,17480.6682296,16790.5342409
附件一（训练集）.xlsx|材料3|1180,2,15208.85098,18415.0723827,14673.948928,15146.3596336
附件一（训练集）.xlsx|材料3|1181,3,27412.78334,28648.074994,28755.8365289,27540.5901111
附件一（训练集）.xlsx|材料3|1182,4,87192.10557,109033.046396,96610.8185088,95503.2322718
附件一（训练集）.xlsx|材料3|1183,4,267671.4621,299631.73871,269883.508586,249346.162919
附件一（训练集）.xlsx|材料3|1184,4,469759.4717,618893.558706,453808.61615,433846.297383
附件一（训练集）.xlsx|材料3|1185,0,1370022.571,1611257.12993,1352826.59876,1430151.99703
附件一（训练集）.xlsx|材料3|1186,4,2307209.254,2358640.85189,2157045.32032,2131794.46769
附件一（训练集）.xlsx|材料3|1187,1,4462.486479,4729.50501824,4429.6063311,4561.84285198
附件一（训练集）.xlsx|材料3|1188,4,7566.892742,7877.18854152,7522.07174551,7455.88901047
附件一（训练集）.xlsx|材料3|1189,2,22908.35902,21343.1941522,22192.9552955,22352.0094616
附件一（训练集）.xlsx|材料3|119,2,53194.04958,50650.0048982,54467.3030822,53375.6278319
附件一（训练集）.xlsx|材料3|1190,4,72112.10103,66031.7616792,65747.6494018,67321.3460213
附件一（训练集）.xlsx|材料3|1191,1,220759.0478,184052.747867,184743.351112,180295.63996
附件一（训练集）.xlsx|材料3|1192,4,678303.7946,626167.282127,631010.093304,632439.771384
附件一（训练集）.xlsx|材料3|1193,3,1157978.296,1143452.60649,1181942.3755,1206180.13216
附件一（训练集）.xlsx|材料3|1194,2,4339.767183,5228.01291571,4572.36273531,4492.61779077
附件一（训练集）.xlsx|材料3|1195,1,7229.18397,8049.70715457,7990.52370687,7836.05126491
附件一（训练集）.xlsx|材料3|1196,0,21453.39964,20553.7479038,21068.776176,20232.8219859
附件一（训练集）.xlsx|材料3|1197,2,37074.30612,47125.2184877,36274.7475529,35770.6343579
附件一（训练集）.xlsx|材料3|1198,1,64233.24078,54611.7151084,62513.5059609,64930.4795552
附件一（训练集）.xlsx|材料3|1199,4,113516.3719,166448.23658,108850.014443,108079.469171
附件一（训练集）.xlsx|材料3|12,3,5903.249669,5398.07082234,5731.31803425,5646.70135706
附件一（训练集）.xlsx|材料3|120,2,97298.04953,107348.327977,103601.455236,104077.822806
附件一（训练集）.xlsx|材料3|1200,1,196235.0415,241668.830291,189677.980361,198246.456785
附件一（训练集）.xlsx|材料3|1201,0,597165.0611,700313.883321,573611.630183,595419.644866
附件一（训练集）.xlsx|材料3|1202,3,1735899.747,1740145.01398,1749608.7437,1694639.48418
附件一（训练集）.xlsx|材料3|1203,2,7305.249093,12398.7245809,7112.32980549,7480.47877808
附件一（训练集）.xlsx|材料3|1204,4,20755.04284,31884.9955676,19462.1045352,19133.6324491
附件一（训练集）.xlsx|材料3|1205,1,35171.63192,52996.8932898,34016.1904729,35096.8036518
附件一（训练集）.xlsx|材料3|1206,4,59641.22144,79358.6396991,61409.73644,60316.4200898
附件一（训练集）.xlsx|材料3|1207,1,103784.7086,110654.247586,103217.787784,101247.383039
附件一（训练集）.xlsx|材料3|1208,0,176697.2719,199021.101303,172126.093966,174825.02786
附件一（训练集）.xlsx|材料3|1209,0,309079.4155,379961.753631,304286.337046,302577.018253
附件一（训练集）.xlsx|材料3|121,3,174148.3865,164070.983786,172027.80674,179154.656216
附件一（训练集）.xlsx|材料3|1210,3,528104.4756,541948.69476,484710.977139,507924.41049
附件一（训练集）.xlsx|材料3|1211,2,911160.5372,990863.855679,901960.126746,899459.866307
附件一（训练集）.xlsx|材料3|1212,0,71155.94133,69585.389307,76035.0968623,70577.2388778
附件一（训练集）.xlsx|材料3|1213,2,199278.5488,194851.300031,188953.0486,186792.358762
附件一（训练集）.xlsx|材料3|1214,4,337421.0049,343083.287956,349268.802939,347341.772196
附件一（训练集）.xlsx|材料3|1215,2,573682.7751,553806.900733,552895.025144,571319.922668
附件一（训练集）.xlsx|材料3|1216,0,985843.8985,907422.182979,931767.57525,878803.847114
附件一（训练集）.xlsx|材料3|1217,3,32002.90595,28728.335902,33230.3382548,37419.0308556
附件一（训练集）.xlsx|材料3|1218,1,92319.46958,97517.7026881,88564.4736896,94219.2383165
附件一（训练集）.xlsx|材料3|1219,0,445319.6986,448577.72815,419074.374675,422267.390585
附件一（训练集）.xlsx|材料3|122,0,527541.5376,557794.043754,542742.522707,539713.796532
附件一（训练集）.xlsx|材料3|1220,1,751973.7762,787552.41267,732602.867755,749659.716593
附件一（训练集）.xlsx|材料3|1221,2,1298457.809,1320452.67755,1330557.49759,1325224.86367
附件一（训练集）.xlsx|材料3|1222,0,24024.91456,22656.0522642,25190.8798279,26144.7345387
附件一（训练集）.xlsx|材料3|1223,1,70121.15928,68525.3977333,66049.258266,66454.5210795
附件一（训练集）.xlsx|材料3|1224,1,118635.0477,125505.887268,103257.356588,110313.691591
附件一（训练集）.xlsx|材料3|1225,3,347521.4367,363516.616526,351539.361092,336727.049031
附件一（训练集）.xlsx|材料3|1226,0,585829.2681,654701.285795,527963.12838,505489.562259
附件一（训练集）.xlsx|材料3|1227,1,998572.3838,1047584.11951,927766.701641,971052.850087
附件一（训练集）.xlsx|材料3|1228,4,18028.16399,21405.4489925,21079.4479077,19990.4036921
附件一（训练集）.xlsx|材料3|1229,1,31491.33072,34124.9314104,31183.8543287,32999.8325886
附件一（训练集）.xlsx|材料3|123,4,900477.9728,874072.657473,853043.286384,892669.287666
附件一（训练集）.xlsx|材料3|1230,3,53484.56294,53079.1654142,54287.7308386,55912.3662077
附件一（训练集）.xlsx|材料3|1231,1,93000.95295,110598.594549,89558.2067388,93858.8586038
附件一（训练集）.xlsx|材料3|1232,3,160987.6865,193268.180007,165806.489198,168211.680396
附件一（训练集）.xlsx|材料3|1233,2,277555.633,328250.389767,253149.134785,252302.630875
附件一（训练集）.xlsx|材料3|1234,1,467334.4051,561142.773929,482369.351693,471607.016547
附件一（训练集）.xlsx|材料3|1235,4,796668.7448,989703.997241,851537.662779,823478.361326
附件一（训练集）.xlsx|材料3|1236,4,1358839.444,1470508.34841,1377278.24651,1330637.97804
附件一（训练集）.xlsx|材料3|1237,1,13192.44149,10510.0266527,12530.1629776,12874.9728112
附件一（训练集）.xlsx|材料3|1238,0,23390.79388,22805.2998545,23268.4494122,23843.657205
附件一（训练集）.xlsx|材料3|1239,4,124974.9741,120204.855517,121187.577646,126281.335573
附件一（训练集）.xlsx|材料3|124,3,859.5576205,1055.68702134,902.376642802,1071.68991972
附件一（训练集）.xlsx|材料3|1240,0,219356.8829,216787.534833,210670.848108,206878.301438
附件一（训练集）.xlsx|材料3|1241,1,371993.0514,464973.374908,376048.136581,350398.792746
附件一（训练集）.xlsx|材料3|1242,4,635417.201,656850.533643,660712.012431,630380.610376
附件一（训练集）.xlsx|材料3|1243,1,1085787.374,1150267.30049,1049296.28529,1107265.00402
附件一（训练集）.xlsx|材料3|1244,2,9837.249777,14829.3106536,8726.81173321,8580.2873993
附件一（训练集）.xlsx|材料3|1245,0,30984.45006,35740.37777,27688.9713675,26783.2205704
附件一（训练集）.xlsx|材料3|1246,0,54986.1921,60054.1383537,54289.2502178,55612.1904694
附件一（训练集）.xlsx|材料3|1247,1,97011.45025,119842.759914,102444.110083,103205.491587
附件一（训练集）.xlsx|材料3|1248,4,173399.8085,207228.648455,177035.802869,175931.232677
附件一（训练集）.xlsx|材料3|1249,4,2552546.039,2446677.21937,2355071.2591,2456980.20711
附件一（训练集）.xlsx|材料3|125,3,1107.708982,1190.04007156,1174.54813027,1164.84998042
附件一（训练集）.xlsx|材料3|1250,3,7890.954815,11969.9177933,7503.26072102,8091.91232476
附件一（训练集）.xlsx|材料3|1251,2,13828.5846,17718.1066041,13372.0975087,12928.5403922
附件一（训练集）.xlsx|材料3|1252,3,24542.079,28042.8219195,26588.9088552,25190.1968321
附件一（训练集）.xlsx|材料3|1253,2,43757.91811,54554.0017725,43772.0455196,42907.5525451
附件一（训练集）.xlsx|材料3|1254,4,78683.90896,109033.046396,84843.8267457,81991.2031434
附件一（训练集）.xlsx|材料3|1255,1,139895.2449,177479.655268,141854.712308,129954.913166
附件一（训练集）.xlsx|材料3|1256,4,245044.5613,301268.634768,246131.707015,230309.668207
附件一（训练集）.xlsx|材料3|1257,0,1243277.637,1368671.67887,1182753.48686,1146928.95764
附件一（训练集）.xlsx|材料3|1258,4,2116994.116,2267345.17364,2013862.04405,2128341.59071
附件一（训练集）.xlsx|材料3|1259,4,6710.529011,7901.60631231,6484.56256884,6389.70077166
附件一（训练集）.xlsx|材料3|126,1,3856.509172,3435.69253739,3397.25167926,3317.52173723
附件一（训练集）.xlsx|材料3|1260,0,11552.04018,11873.5487618,10651.3795257,10565.8799737
附件一（训练集）.xlsx|材料3|1261,1,35928.41688,37203.8372518,33054.4031998,35209.8863473
附件一（训练集）.xlsx|材料3|1262,4,64482.43847,67040.6087011,60866.5486291,62799.1397025
附件一（训练集）.xlsx|材料3|1263,1,116054.7373,115795.222133,114758.200446,110460.511356
附件一（训练集）.xlsx|材料3|1264,0,355281.0008,371528.213156,328179.553913,332803.887252
附件一（训练集）.xlsx|材料3|1265,0,1790589.984,1687766.69503,1647763.22489,1636969.79869
附件一（训练集）.xlsx|材料3|1266,0,3017783.609,2527740.58063,2416054.54646,2533585.56557
附件一（训练集）.xlsx|材料3|1267,2,5940.845655,12398.2818916,6765.80170709,6586.47930566
附件一（训练集）.xlsx|材料3|1268,1,29039.40921,52996.8932898,27430.8670023,26800.4746631
附件一（训练集）.xlsx|材料3|1269,4,50598.08878,73169.5499199,50941.1041551,51919.2081508
附件一（训练集）.xlsx|材料3|127,3,12569.5516,11738.3691205,11622.4409097,12008.7977655
附件一（训练集）.xlsx|材料3|1270,1,88966.3238,110092.718934,88402.783538,91470.9289724
附件一（训练集）.xlsx|材料3|1271,1,314407.1405,231288.622011,280136.072717,297720.900729
附件一（训练集）.xlsx|材料3|1272,2,14950.48937,9784.08113054,16648.8191681,17579.3958855
附件一（训练集）.xlsx|材料3|1273,4,7840.179723,6111.20072987,8297.59230896,8202.07465007
附件一（训练集）.xlsx|材料3|1274,2,13755.62489,10648.2587087,14838.5611032,15019.9068953
附件一（训练集）.xlsx|材料3|1275,4,23818.99004,17483.3589433,25925.8811616,26546.6368054
附件一（训练集）.xlsx|材料3|1276,3,41456.65729,33355.484283,36914.1580217,42675.5411303
附件一（训练集）.xlsx|材料3|1277,3,220763.2867,154397.53909,202239.841387,198785.225427
附件一（训练集）.xlsx|材料3|1278,2,1164367.018,878139.098101,1120648.73297,1108815.91539
附件一（训练集）.xlsx|材料3|1279,4,2722.848569,2727.06452609,2830.68154838,2861.11330617
附件一（训练集）.xlsx|材料3|128,0,22382.66894,20356.7738778,22292.5767589,21664.7799307
附件一（训练集）.xlsx|材料3|1280,4,4618.189151,4264.73715328,4305.35807414,4163.32183907
附件一（训练集）.xlsx|材料3|1281,0,13188.39504,9627.18142677,12280.1494685,12215.0162642
附件一（训练集）.xlsx|材料3|1282,0,112371.1284,99227.7758076,115468.866509,110110.14208
附件一（训练集）.xlsx|材料3|1283,3,194224.634,178241.057421,207875.534657,220291.118923
附件一（训练集）.xlsx|材料3|1284,1,4482.803828,4343.23755418,4891.26482323,4737.83836418
附件一（训练集）.xlsx|材料3|1285,4,7291.804027,5983.26216511,8260.22611102,8350.54330038
附件一（训练集）.xlsx|材料3|1286,4,12435.28531,8882.12483116,12923.7488517,12776.6298121
附件一（训练集）.xlsx|材料3|1287,0,20813.37335,10783.1038578,20722.6504783,20548.2184303
附件一（训练集）.xlsx|材料3|1288,1,59215.37251,42110.3581981,58258.3965062,59497.3307695
附件一（训练集）.xlsx|材料3|1289,3,101463.1188,54694.3239426,116634.334978,114738.203318
附件一（训练集）.xlsx|材料3|129,1,73688.34768,79665.4575817,79953.2063116,75129.4709872
附件一（训练集）.xlsx|材料3|1290,0,170946.9185,106797.619706,194164.324626,187453.661625
附件一（训练集）.xlsx|材料3|1291,3,294331.2662,156286.104721,298377.748863,300704.349952
附件一（训练集）.xlsx|材料3|1292,1,12988.14584,10238.8249462,13393.4163175,13580.2952929
附件一（训练集）.xlsx|材料3|1293,2,21448.63614,9680.70729595,20116.9843044,19254.8492668
附件一（训练集）.xlsx|材料3|1294,3,58907.39844,40250.5782804,60967.7371317,57135.3970317
附件一（训练集）.xlsx|材料3|1295,0,98815.18657,47814.0973852,98388.4158059,103635.276455
附件一（训练集）.xlsx|材料3|1296,3,165384.6938,95997.2477751,185912.884948,194994.79677
附件一（训练集）.xlsx|材料3|1297,4,275447.8754,149381.06357,286799.087198,288079.902154
附件一（训练集）.xlsx|材料3|1298,1,471960.4023,293518.334112,469496.993345,480823.319545
附件一（训练集）.xlsx|材料3|1299,0,799295.642,456122.791301,754975.882658,731881.073514
附件一（训练集）.xlsx|材料3|13,4,10628.82279,10056.1833682,10000.9342765,10325.7221847
附件一（训练集）.xlsx|材料3|130,1,227828.9826,224966.590563,221783.637806,213963.891158
附件一（训练集）.xlsx|材料3|1300,0,8323.670341,7534.49601367,9241.55663579,9032.2214078
附件一（训练集）.xlsx|材料3|1301,4,13614.12564,9220.3414733,13177.8502578,14248.5804244
附件一（训练集）.xlsx|材料3|1302,1,22441.50957,21490.919114,21894.2056828,22503.2465922
附件一（训练集）.xlsx|材料3|1303,0,59919.7761,35813.0160642,52365.504863,52031.7845028
附件一（训练集）.xlsx|材料3|1304,0,99021.04068,55564.778741,88646.3627663,94801.0136116
附件一（训练集）.xlsx|材料3|1305,2,163134.244,140636.908597,153544.279496,154781.713526
附件一（训练集）.xlsx|材料3|1306,3,751703.692,528215.690936,705311.705623,706827.742281
附件一（训练集）.xlsx|材料3|1307,4,14713.13811,11053.8914858,14018.7780316,14164.1184364
附件一（训练集）.xlsx|材料3|1308,1,23834.99275,20883.4359272,24344.1652675,23875.1752946
附件一（训练集）.xlsx|材料3|1309,4,39011.0407,34592.0300912,40788.368377,39481.7257569
附件一（训练集）.xlsx|材料3|131,0,409837.095,370217.313363,386306.734278,376709.669101
附件一（训练集）.xlsx|材料3|1310,0,62245.82251,58777.6575476,62197.8139843,61932.5049017
附件一（训练集）.xlsx|材料3|1311,0,101993.4714,69352.8830262,99112.2363451,97643.3192124
附件一（训练集）.xlsx|材料3|1312,2,166347.6329,169269.046071,165620.699274,163443.649187
附件一（训练集）.xlsx|材料3|1313,4,444378.8332,383851.593236,419284.965444,406993.799012
附件一（训练集）.xlsx|材料3|1314,3,733920.433,673360.775395,692228.224093,700092.150638
附件一（训练集）.xlsx|材料3|1315,4,39617.39066,17631.7540597,38816.3836768,38875.6676188
附件一（训练集）.xlsx|材料3|1316,4,63511.44902,31369.1578539,59879.9534589,61806.9579749
附件一（训练集）.xlsx|材料3|1317,0,103050.5799,55173.7764449,95952.0201151,95483.2673716
附件一（训练集）.xlsx|材料3|1318,1,162350.5468,70279.1152492,161876.318813,155301.670851
附件一（训练集）.xlsx|材料3|1319,1,262831.7044,125143.593983,259453.264852,266262.164865
附件一（训练集）.xlsx|材料3|132,2,1580.362693,1260.70355133,1299.68819196,1407.10230692
附件一（训练集）.xlsx|材料3|1320,4,431095.1812,322691.696378,420498.034564,447454.505345
附件一（训练集）.xlsx|材料3|1321,2,698984.1148,490405.894708,656632.585105,662592.243523
附件一（训练集）.xlsx|材料3|1322,0,12785.86231,12955.5054335,12875.1855965,13190.1606102
附件一（训练集）.xlsx|材料3|1323,3,22516.18176,21150.3908037,24234.0587403,22715.4734407
附件一（训练集）.xlsx|材料3|1324,1,125961.5476,125072.448493,119205.21327,117649.254349
附件一（训练集）.xlsx|材料3|1325,2,397139.4695,395534.643636,378943.553898,374794.573
附件一（训练集）.xlsx|材料3|1326,0,701594.8179,707388.748205,678371.616861,682381.923126
附件一（训练集）.xlsx|材料3|1327,2,1260439.049,1265377.47723,1238909.80906,1219918.86434
附件一（训练集）.xlsx|材料3|1328,1,96362.6542,87657.7769406,92559.6386362,92236.4613677
附件一（训练集）.xlsx|材料3|1329,1,171522.4353,159816.889904,168329.692611,167675.646063
附件一（训练集）.xlsx|材料3|133,1,5332.325056,4553.98788277,4932.94721527,4441.15304143
附件一（训练集）.xlsx|材料3|1330,2,544938.1416,504593.602324,520993.809465,510037.811898
附件一（训练集）.xlsx|材料3|1331,0,971124.0982,978375.658871,1001720.67295,1060182.50641
附件一（训练集）.xlsx|材料3|1332,4,4350.92269,4985.55480692,3799.44711747,4142.5983243
附件一（训练集）.xlsx|材料3|1333,4,13653.53696,14616.4365902,12461.5579879,12598.8767495
附件一（训练集）.xlsx|材料3|1334,0,24301.70606,26994.0229434,25595.4243972,26116.8969735
附件一（训练集）.xlsx|材料3|1335,4,43704.72438,38177.8934416,41823.3309633,43436.7128545
附件一（训练集）.xlsx|材料3|1336,4,77382.06664,74437.3687378,75679.3691585,74069.5668198
附件一（训练集）.xlsx|材料3|1337,3,137660.9904,128756.141938,127904.929824,121464.551357
附件一（训练集）.xlsx|材料3|1338,1,247163.7691,235096.474883,241464.166427,243517.070188
附件一（训练集）.xlsx|材料3|1339,1,436861.1957,408906.780803,403426.356193,407670.672452
附件一（训练集）.xlsx|材料3|134,2,9473.474817,9030.42883738,8920.99555862,9828.92216046
附件一（训练集）.xlsx|材料3|1340,4,3768.705525,5354.7458502,3744.76381336,3812.53526191
附件一（训练集）.xlsx|材料3|1341,1,11486.64338,14878.7098304,10533.1298061,11387.8432074
附件一（训练集）.xlsx|材料3|1342,1,20340.97153,20942.2155399,19011.3146404,19117.5699177
附件一（训练集）.xlsx|材料3|1343,0,65181.40842,84118.9400805,73702.068313,74252.1852647
附件一（训练集）.xlsx|材料3|1344,2,634303.6273,633804.470242,685663.490843,649280.67359
附件一（训练集）.xlsx|材料3|1345,1,1106045.487,1038087.78122,997359.091263,993380.037605
附件一（训练集）.xlsx|材料3|1346,1,1944415.531,1966044.88412,1750681.05955,1799621.3362
附件一（训练集）.xlsx|材料3|1347,4,3485.1806,4992.539198,3829.28892541,3470.72281128
附件一（训练集）.xlsx|材料3|1348,1,31625.65282,31654.6920174,29046.2098052,30170.7984347
附件一（训练集）.xlsx|材料3|1349,3,55647.82293,56076.0627736,58731.0593512,57659.5975818
附件一（训练集）.xlsx|材料3|135,1,17206.62896,17225.601334,17078.9754182,17229.8598853
附件一（训练集）.xlsx|材料3|1350,0,97738.41548,100583.673019,108167.012802,107926.588816
附件一（训练集）.xlsx|材料3|1351,3,171283.0847,188220.333074,169158.594929,173352.5963
附件一（训练集）.xlsx|材料3|1352,2,919477.344,784088.576857,942761.981136,938582.066477
附件一（训练集）.xlsx|材料3|1353,1,1609141.302,1361530.44168,1500427.22728,1521268.39643
附件一（训练集）.xlsx|材料3|1354,3,3513.537879,4729.18349511,3667.90433701,3469.26708176
附件一（训练集）.xlsx|材料3|1355,1,6010.60697,7978.77988442,5993.83824798,5824.37833978
附件一（训练集）.xlsx|材料3|1356,4,17359.95147,20862.2428666,16356.7642189,17093.7769817
附件一（训练集）.xlsx|材料3|1357,0,51596.54179,50758.8806793,58393.7028382,60371.7395919
附件一（训练集）.xlsx|材料3|1358,1,266388.2632,246343.365894,248065.160713,259579.135775
附件一（训练集）.xlsx|材料3|1359,1,1392626.042,1277763.35576,1347799.03539,1353912.10152
附件一（训练集）.xlsx|材料3|136,2,31436.37503,32230.2062406,30980.6700337,29562.7267601
附件一（训练集）.xlsx|材料3|1360,0,3705.792326,5077.98302697,3889.02128394,3895.84515024
附件一（训练集）.xlsx|材料3|1361,4,6206.750517,9220.3414733,6038.25617898,5859.67452093
附件一（训练集）.xlsx|材料3|1362,4,17461.66098,27098.5176584,20506.4134749,19797.564466
附件一（训练集）.xlsx|材料3|1363,0,29276.3463,35813.0160642,28627.0114887,29505.8932316
附件一（训练集）.xlsx|材料3|1364,2,84738.45229,108353.269687,78084.7685135,83901.4049901
附件一（训练集）.xlsx|材料3|1365,3,144136.78,167105.581132,154121.587259,144223.413735
附件一（训练集）.xlsx|材料3|1366,4,243672.5209,284595.480883,234630.089712,236052.939377
附件一（训练集）.xlsx|材料3|1367,3,424090.5406,532074.967913,475101.968188,483477.62557
附件一（训练集）.xlsx|材料3|1368,1,1247732.357,1312061.05922,1271374.7826,1228524.41038
附件一（训练集）.xlsx|材料3|1369,4,29555.68389,33041.9642265,30899.1237519,30921.6745034
附件一（训练集）.xlsx|材料3|137,4,57996.57514,66156.0714765,57713.2048922,58239.0778327
附件一（训练集）.xlsx|材料3|1370,0,49341.93319,52455.5075214,44692.2615225,49683.8841101
附件一（训练集）.xlsx|材料3|1371,3,230531.0092,249826.353932,215922.265716,208849.567627
附件一（训练集）.xlsx|材料3|1372,4,387774.4468,371364.619324,373541.857861,372458.336599
附件一（训练集）.xlsx|材料3|1373,4,1117149.579,967741.60141,1148481.01891,1025647.47385
附件一（训练集）.xlsx|材料3|1374,4,19250.21744,17552.7535776,19387.9520027,19479.8888385
附件一（训练集）.xlsx|材料3|1375,4,31264.75379,28916.895073,31165.0974814,30361.3821525
附件一（训练集）.xlsx|材料3|1376,0,51527.47463,55372.6565365,52390.9232792,52241.5477388
附件一（训练集）.xlsx|材料3|1377,1,84362.21938,64388.3957629,81697.1467473,79395.771569
附件一（训练集）.xlsx|材料3|1378,1,138378.4114,124495.635604,139998.14255,132931.452631
附件一（训练集）.xlsx|材料3|1379,4,228761.379,238814.252581,219662.396799,227222.769254
附件一（训练集）.xlsx|材料3|138,1,180290.8946,174215.052643,176978.976634,178686.634055
附件一（训练集）.xlsx|材料3|1380,2,382131.784,333667.721171,388424.510126,383028.615485
附件一（训练集）.xlsx|材料3|1381,3,627734.3366,684195.872285,654421.170667,628230.758092
附件一（训练集）.xlsx|材料3|1382,2,46652.58663,46360.5546418,46456.4836176,47817.2717585
附件一（训练集）.xlsx|材料3|1383,1,146382.6218,141145.982417,140135.347175,137489.259543
附件一（训练集）.xlsx|材料3|1384,3,256556.1618,265129.259394,264842.331513,267653.578516
附件一（训练集）.xlsx|材料3|1385,0,11769.51339,12537.7479553,12257.5085933,11969.4898851
附件一（训练集）.xlsx|材料3|1386,1,110336.9094,112484.798371,104784.60397,106468.588982
附件一（训练集）.xlsx|材料3|1387,0,194515.189,199033.506746,210479.578847,203983.999615
附件一（训练集）.xlsx|材料3|1388,2,347833.1038,376670.72408,351777.138252,336764.918993
附件一（训练集）.xlsx|材料3|1389,3,1122476.215,1214664.9316,1171511.74368,1183527.25315
附件一（训练集）.xlsx|材料3|139,1,328451.8252,317947.334408,318049.5196,323834.578478
附件一（训练集）.xlsx|材料3|1390,2,8621.377404,8857.59482816,9568.48864301,9391.74765022
附件一（训练集）.xlsx|材料3|1391,0,14799.36264,14405.8816559,15345.0544786,15487.4374173
附件一（训练集）.xlsx|材料3|1392,0,46589.76157,41488.4876761,44048.2413835,43009.2998201
附件一（训练集）.xlsx|材料3|1393,1,83170.47813,76506.2750527,79215.3859498,77615.9866193
附件一（训练集）.xlsx|材料3|1394,1,148086.2906,150564.8524,147854.813799,148070.018894
附件一（训练集）.xlsx|材料3|1395,0,264811.3131,275657.446503,263503.485559,249408.872235
附件一（训练集）.xlsx|材料3|1396,2,466228.8306,504593.602324,454414.986424,445381.369199
附件一（训练集）.xlsx|材料3|1397,0,844922.8915,912199.625864,881799.942761,859392.471879
附件一（训练集）.xlsx|材料3|1398,3,1515518.662,1574045.2276,1469676.37295,1544318.7344
附件一（训练集）.xlsx|材料3|1399,0,20352.89171,27147.1425602,22235.6573465,22197.9901206
附件一（训练集）.xlsx|材料3|14,0,18411.26536,19872.8506619,19208.8558687,18793.8410938
附件一（训练集）.xlsx|材料3|140,4,585788.0545,510457.536545,544309.740613,527424.165512
附件一（训练集）.xlsx|材料3|1400,3,116170.7711,128756.141938,112978.824644,102833.130678
附件一（训练集）.xlsx|材料3|1401,4,367185.2459,399481.98059,359324.601113,355303.685678
附件一（训练集）.xlsx|材料3|1402,2,661786.6036,797842.277072,659574.936316,649354.3849
附件一（训练集）.xlsx|材料3|1403,2,1173873.5,1250285.78319,1160900.7467,1167906.42352
附件一（训练集）.xlsx|材料3|1404,0,5420.420916,7193.53016172,5688.28528189,5615.45626052
附件一（训练集）.xlsx|材料3|1405,1,9221.68819,11516.790591,10139.7608983,9475.13614557
附件一（训练集）.xlsx|材料3|1406,3,29365.83492,28667.2281056,30572.1236185,28809.9229614
附件一（训练集）.xlsx|材料3|1407,3,92683.20536,88977.2565651,84924.212666,78226.8125222
附件一（训练集）.xlsx|材料3|1408,4,293303.1016,268014.907084,278368.611727,280485.966134
附件一（训练集）.xlsx|材料3|1409,2,2953112.148,2714232.48001,2833529.88186,2754839.13999
附件一（训练集）.xlsx|材料3|141,4,1054.573559,1030.02881331,1023.10201169,1085.93174635
附件一（训练集）.xlsx|材料3|1410,4,4571.126546,8738.11131662,4619.90622486,4649.73406424
附件一（训练集）.xlsx|材料3|1411,0,7720.261082,10938.7318369,7834.14520623,8022.97799655
附件一（训练集）.xlsx|材料3|1412,1,13448.74402,18600.0227183,13376.8371112,13294.2449491
附件一（训练集）.xlsx|材料3|1413,1,24169.42858,36546.6350568,24605.9335813,24265.3760773
附件一（训练集）.xlsx|材料3|1414,0,76597.96095,101261.364192,72533.5605863,75271.3454028
附件一（训练集）.xlsx|材料3|1415,4,429554.1378,469129.972572,410908.460065,414281.792561
附件一（训练集）.xlsx|材料3|1416,1,2326525.596,2100680.30982,2040902.18811,2091311.42921
附件一（训练集）.xlsx|材料3|1417,1,4282.596257,8233.67676846,5108.30735868,4936.98018608
附件一（训练集）.xlsx|材料3|1418,2,7216.812031,9722.22121489,8060.1446053,8181.6870882
附件一（训练集）.xlsx|材料3|1419,3,21574.9388,29700.9783696,22703.5715063,21751.7428929
附件一（训练集）.xlsx|材料3|142,1,7551.828037,7166.81816437,7207.76511154,7155.06547293
附件一（训练集）.xlsx|材料3|1420,3,66575.38229,94413.4174179,75772.3423002,74245.415764
附件一（训练集）.xlsx|材料3|1421,2,641749.6476,730071.014297,664425.561159,667696.965314
附件一（训练集）.xlsx|材料3|1422,1,1119887.698,1277763.35576,1194543.33487,1258329.10911
附件一（训练集）.xlsx|材料3|1423,0,1942183.756,1779432.86457,1873533.12677,1819515.80957
附件一（训练集）.xlsx|材料3|1424,4,4294.415852,5383.54573501,4751.39766937,4898.52869146
附件一（训练集）.xlsx|材料3|1425,0,35224.02828,31179.3157949,34505.9121346,35479.1006499
附件一（训练集）.xlsx|材料3|1426,2,60771.67441,58119.7470714,56262.4890264,58060.6629492
附件一（训练集）.xlsx|材料3|1427,3,106016.4269,106344.14318,105421.598442,112264.118622
附件一（训练集）.xlsx|材料3|1428,4,182246.5398,176925.610279,166554.501167,159434.19572
附件一（训练集）.xlsx|材料3|1429,3,319086.0975,355708.44164,361508.696292,363116.4845
附件一（训练集）.xlsx|材料3|143,2,45489.92992,48017.2458247,42618.4490973,43851.2359393
附件一（训练集）.xlsx|材料3|1430,4,556435.3852,529097.273203,525031.805567,515945.737932
附件一（训练集）.xlsx|材料3|1431,0,1648543.22,1479314.76615,1557452.9028,1429764.61197
附件一（训练集）.xlsx|材料3|1432,0,4517.322656,4888.30298168,4878.82303805,4846.38531169
附件一（训练集）.xlsx|材料3|1433,4,7358.546137,6810.39978721,7801.54117437,7800.70893197
附件一（训练集）.xlsx|材料3|1434,0,34982.26767,49753.4745023,34357.5362849,33722.3528896
附件一（训练集）.xlsx|材料3|1435,0,58996.9764,50825.1950507,58169.3561628,57140.0578818
附件一（训练集）.xlsx|材料3|1436,3,171481.2355,157073.530164,176210.743483,171322.853087
附件一（训练集）.xlsx|材料3|1437,4,295112.5527,393058.821001,279262.64411,286640.885372
附件一（训练集）.xlsx|材料3|1438,4,881160.7977,937336.676578,897756.935892,909484.511281
附件一（训练集）.xlsx|材料3|1439,1,1495260.918,1514350.66374,1436521.68213,1389593.43081
附件一（训练集）.xlsx|材料3|144,1,143750.0543,142636.88749,142983.072511,137790.878519
附件一（训练集）.xlsx|材料3|1440,4,13265.53069,17552.7535776,12502.3177622,12897.4889835
附件一（训练集）.xlsx|材料3|1441,4,22014.71396,32007.5652042,20636.692649,19803.8961005
附件一（训练集）.xlsx|材料3|1442,0,36590.92667,55372.6565365,36850.0891629,35889.0994939
附件一（训练集）.xlsx|材料3|1443,4,167400.0211,207206.462533,169511.960185,164982.396463
附件一（训练集）.xlsx|材料3|1444,3,475283.6369,507055.634623,465729.120562,452545.509164
附件一（训练集）.xlsx|材料3|1445,4,1371158.182,1367535.22628,1316685.75023,1260694.61401
附件一（训练集）.xlsx|材料3|1446,3,25562.22604,25115.5476981,26995.3822191,26526.9145354
附件一（训练集）.xlsx|材料3|1447,2,44446.37023,45027.8233559,45391.1338938,44808.562709
附件一（训练集）.xlsx|材料3|1448,0,78377.5598,80977.0302565,81023.1048373,81016.5458503
附件一（训练集）.xlsx|材料3|1449,1,136706.1215,135258.740969,131309.103884,132440.627919
附件一（训练集）.xlsx|材料3|145,1,266425.1345,255700.962676,267376.581753,264108.033658
附件一（训练集）.xlsx|材料3|1450,4,441177.916,488846.955049,433199.685283,450017.65348
附件一（训练集）.xlsx|材料3|1451,2,788381.2493,808973.366046,799205.273608,785921.549081
附件一（训练集）.xlsx|材料3|1452,3,19438.75525,19108.1054742,19342.6167528,20197.8374075
附件一（训练集）.xlsx|材料3|1453,0,33264.47469,35021.935421,32297.1498136,33353.985135
附件一（训练集）.xlsx|材料3|1454,1,58004.74687,59260.8602098,59302.5486622,57171.4179104
附件一（训练集）.xlsx|材料3|1455,0,183584.3465,193727.430753,174250.716552,182031.256404
附件一（训练集）.xlsx|材料3|1456,2,329331.7351,355852.401662,332843.631456,327047.657565
附件一（训练集）.xlsx|材料3|1457,0,582862.7996,625256.08978,563922.86356,555516.463807
附件一（训练集）.xlsx|材料3|1458,3,24879.6348,23339.2715107,22743.0024297,23533.4388331
附件一（训练集）.xlsx|材料3|1459,0,43105.80395,40536.1337724,41132.7640948,42689.2396172
附件一（训练集）.xlsx|材料3|146,2,1769.084759,1678.83230799,1747.16262351,1727.05400441
附件一（训练集）.xlsx|材料3|1460,1,76379.13657,78339.7324418,72507.2680454,74363.0832851
附件一（训练集）.xlsx|材料3|1461,0,246575.764,274249.447057,234292.236071,229220.543155
附件一（训练集）.xlsx|材料3|1462,2,436883.89,496624.360145,429726.806681,419319.613189
附件一（训练集）.xlsx|材料3|1463,0,787978.5123,912199.625864,835196.665375,782293.626756
附件一（训练集）.xlsx|材料3|1464,3,1431606.269,1522360.82105,1339527.93875,1448472.71213
附件一（训练集）.xlsx|材料3|1465,4,10935.61276,13581.8374116,12675.5547193,11476.7265785
附件一（训练集）.xlsx|材料3|1466,0,19066.66027,26994.0229434,19665.0183503,21686.3569101
附件一（训练集）.xlsx|材料3|1467,4,33662.6732,38233.442816,33183.3802774,35240.1749005
附件一（训练集）.xlsx|材料3|1468,3,106668.4205,128756.141938,103750.517327,101413.663762
附件一（训练集）.xlsx|材料3|1469,1,339914.4734,422771.371083,351758.339442,343348.254818
附件一（训练集）.xlsx|材料3|147,2,1931.482631,1941.29560392,1930.72476353,1919.59851067
附件一（训练集）.xlsx|材料3|1470,2,608965.196,797842.277072,639236.124656,629330.121828
附件一（训练集）.xlsx|材料3|1471,2,1092469.782,1250285.78319,1097234.53246,1116091.02413
附件一（训练集）.xlsx|材料3|1472,2,1969381.933,2146488.58451,1894295.45594,1983227.76827
附件一（训练集）.xlsx|材料3|1473,1,8544.380249,10086.9484461,8411.13090191,9149.98399337
附件一（训练集）.xlsx|材料3|1474,1,14808.81755,15545.9228378,14534.2552113,14764.9236731
附件一（训练集）.xlsx|材料3|1475,3,26250.595,26772.6513771,25066.7297836,26137.5407723
附件一（训练集）.xlsx|材料3|1476,0,46576.71413,48996.6722735,47776.3970651,47769.0919619
附件一（训练集）.xlsx|材料3|1477,3,83204.06053,124890.454206,100839.765924,97605.3357496
附件一（训练集）.xlsx|材料3|1478,4,266998.4194,266833.328073,254518.707361,261305.984711
附件一（训练集）.xlsx|材料3|1479,2,476265.8889,521627.308576,526117.362914,537219.402588
附件一（训练集）.xlsx|材料3|148,0,3527.59038,3770.74962875,3741.35866043,3665.10184002
附件一（训练集）.xlsx|材料3|1480,1,851290.7549,899157.764346,956772.581974,931460.960116
附件一（训练集）.xlsx|材料3|1481,2,2747713.844,2714232.48001,2632902.15463,2556767.66837
附件一（训练集）.xlsx|材料3|1482,0,6933.22276,10938.7318369,6979.225471,7041.14960782
附件一（训练集）.xlsx|材料3|1483,1,11983.97918,18600.0227183,11793.9076254,12278.2290124
附件一（训练集）.xlsx|材料3|1484,1,21271.18537,35774.1944268,19884.7243416,20583.473423
附件一（训练集）.xlsx|材料3|1485,3,37481.34554,54694.3239426,34600.6764009,36015.5367273
附件一（训练集）.xlsx|材料3|1486,0,67920.62322,106797.619706,69317.0476206,67382.6206465
附件一（训练集）.xlsx|材料3|1487,3,122228.926,166389.520618,114048.526639,119622.87015
附件一（训练集）.xlsx|材料3|1488,0,216591.0561,292573.540341,213044.763363,204249.33708
附件一（训练集）.xlsx|材料3|1489,2,681844.2494,784088.576857,696077.216667,723059.165934
附件一（训练集）.xlsx|材料3|149,1,6295.156658,6832.17889958,6444.11819023,6570.08970644
附件一（训练集）.xlsx|材料3|1490,1,1207223.005,1326345.27067,1207564.96489,1213900.83577
附件一（训练集）.xlsx|材料3|1491,2,6211.132819,9680.70729595,7254.96310414,7194.67292806
附件一（训练集）.xlsx|材料3|1492,4,10637.00824,14584.8970226,11073.8263424,10888.7161718
附件一（训练集）.xlsx|材料3|1493,3,18534.50983,25811.3358068,19657.6584275,19022.9442029
附件一（训练集）.xlsx|材料3|1494,2,574666.8755,726921.051613,583862.491124,606157.58804
附件一（训练集）.xlsx|材料3|1495,0,1759800.686,1779432.86457,1734112.04853,1691510.23451
附件一（训练集）.xlsx|材料3|1496,1,5903.122022,6850.4915782,6404.78184669,6140.73717998
附件一（训练集）.xlsx|材料3|1497,0,17174.75207,16888.6418384,16557.1576318,17758.496806
附件一（训练集）.xlsx|材料3|1498,2,52230.52103,61113.2182941,50703.2280533,51514.6737567
附件一（训练集）.xlsx|材料3|1499,3,92712.56242,110411.269422,95606.926018,92311.5293669
附件一（训练集）.xlsx|材料3|15,4,31365.06039,32120.2544975,32173.7770702,32194.268313
附件一（训练集）.xlsx|材料3|150,3,20340.26167,19699.9272565,20670.8655958,19870.2359381
附件一（训练集）.xlsx|材料3|1500,4,161740.0282,164096.085196,157096.703388,156494.120316
附件一（训练集）.xlsx|材料3|1501,3,281568.559,356916.398602,315540.912615,320075.543977
附件一（训练集）.xlsx|材料3|1502,1,861054.4817,943405.073208,908838.486431,884943.671738
附件一（训练集）.xlsx|材料3|1503,3,6681.688457,12238.1182017,7073.50432513,6942.84360498
附件一（训练集）.xlsx|材料3|1504,4,18181.70591,28852.2243238,16995.4749802,17591.8620638
附件一（训练集）.xlsx|材料3|1505,1,50903.54319,60975.3167045,50601.0857179,50221.5916339
附件一（训练集）.xlsx|材料3|1506,2,868527.8972,772637.49304,882208.701604,880297.327052
附件一（训练集）.xlsx|材料3|1507,2,4395.470542,3687.36987591,4361.68225418,4443.1013786
附件一（训练集）.xlsx|材料3|1508,1,12366.77924,7656.46520015,13365.1025904,13573.615907
附件一（训练集）.xlsx|材料3|1509,0,21079.6178,12812.3831136,20340.0056719,20513.6524302
附件一（训练集）.xlsx|材料3|151,4,37660.15403,44719.3910055,40411.6727334,38793.1809655
附件一（训练集）.xlsx|材料3|1510,3,35745.92371,24481.536488,31048.2814566,34062.3021832
附件一（训练集）.xlsx|材料3|1511,2,107718.3792,65090.868592,88768.3780945,86383.5571649
附件一（训练集）.xlsx|材料3|1512,2,190055.1131,135066.045396,191261.099895,191994.920836
附件一（训练集）.xlsx|材料3|1513,4,2730.646581,2379.99867422,2658.44319213,2740.72460418
附件一（训练集）.xlsx|材料3|1514,0,4525.013733,4047.38477485,4760.06125566,4960.73850169
附件一（训练集）.xlsx|材料3|1515,4,20541.07897,14136.5602294,19631.4854556,19774.1907052
附件一（训练集）.xlsx|材料3|1516,2,34947.98579,18058.2463947,30850.6394573,30242.4457587
附件一（训练集）.xlsx|材料3|1517,2,58677.12871,53260.5246158,55792.2680162,54318.4417804
附件一（训练集）.xlsx|材料3|1518,0,171176.9323,110092.76665,159078.235106,166313.659379
附件一（训练集）.xlsx|材料3|1519,2,2931.849617,3079.88833111,3401.50812379,3440.92797015
附件一（训练集）.xlsx|材料3|152,0,70646.42117,71107.7200618,67487.5948486,65510.895614
附件一（训练集）.xlsx|材料3|1520,0,12768.88774,6088.77617083,13258.3532485,13360.0809798
附件一（训练集）.xlsx|材料3|1521,0,20891.04047,10017.2856241,19984.6774489,19478.3063564
附件一（训练集）.xlsx|材料3|1522,4,34441.87465,14782.82385,33627.0878079,34380.4889923
附件一（训练集）.xlsx|材料3|1523,2,56638.08976,26751.3397428,52573.5955547,52656.4662907
附件一（训练集）.xlsx|材料3|1524,2,94802.98603,43541.3745996,85305.5056629,89656.0485248
附件一（训练集）.xlsx|材料3|1525,0,264178.8788,132668.076974,265045.497714,266626.710539
附件一（训练集）.xlsx|材料3|1526,2,781878.4436,481169.979797,644537.566054,656937.506713
附件一（训练集）.xlsx|材料3|1527,1,5070.75486,3931.67022322,4800.91807597,5186.13413998
附件一（训练集）.xlsx|材料3|1528,1,13207.73618,7357.48575966,13593.133441,13682.2348059
附件一（训练集）.xlsx|材料3|1529,2,21435.11253,10269.0706322,19558.310591,19930.754711
附件一（训练集）.xlsx|材料3|153,2,121539.6471,118061.597105,116137.050411,116100.122518
附件一（训练集）.xlsx|材料3|1530,0,35105.50584,16529.9676161,32848.7870115,31996.4340805
附件一（训练集）.xlsx|材料3|1531,4,56862.94797,38555.6525862,57547.9749477,56724.5067998
附件一（训练集）.xlsx|材料3|1532,1,94382.29582,58323.9540121,83318.4014087,91767.4814822
附件一（训练集）.xlsx|材料3|1533,4,154915.4593,90677.302716,162695.607954,165292.553884
附件一（训练集）.xlsx|材料3|1534,1,253168.1993,136784.91216,256818.228751,254790.875671
附件一（训练集）.xlsx|材料3|1535,4,722311.164,478218.138405,638305.804817,632312.284404
附件一（训练集）.xlsx|材料3|1536,4,13841.16773,5032.96738213,12639.6777402,13685.9118053
附件一（训练集）.xlsx|材料3|1537,2,22513.74904,14288.1773045,21658.2495461,22518.319616
附件一（训练集）.xlsx|材料3|1538,3,36431.75304,31674.5315553,40196.0689334,40447.296373
附件一（训练集）.xlsx|材料3|1539,2,58313.30379,29732.5861493,54124.7952756,57392.2811247
附件一（训练集）.xlsx|材料3|154,4,219437.4831,224810.525318,220243.181562,223370.946148
附件一（训练集）.xlsx|材料3|1540,2,155143.5212,102762.184443,144710.05515,143953.169972
附件一（训练集）.xlsx|材料3|1541,4,252979.3566,203297.544533,237074.040908,227958.056644
附件一（训练集）.xlsx|材料3|1542,2,415157.5773,430760.131091,420627.260961,430953.886566
附件一（训练集）.xlsx|材料3|1543,3,38620.8883,34628.1665124,41288.2190883,40831.0330673
附件一（训练集）.xlsx|材料3|1544,2,61083.33859,64133.3981282,64427.0407897,64352.2868445
附件一（训练集）.xlsx|材料3|1545,4,98976.24002,117870.990511,101911.23215,95886.3092893
附件一（训练集）.xlsx|材料3|1546,2,159442.5898,117246.730938,169359.434442,160302.607774
附件一（训练集）.xlsx|材料3|1547,4,253574.4858,291873.14797,249261.855647,255348.011919
附件一（训练集）.xlsx|材料3|1548,2,416254.684,293840.014247,420112.182024,426201.603471
附件一（训练集）.xlsx|材料3|1549,2,678098.0805,652933.440669,616517.293142,600110.845474
附件一（训练集）.xlsx|材料3|155,3,3035.754457,3455.35311549,3223.16595172,3207.33313114
附件一（训练集）.xlsx|材料3|1550,4,24388.18028,10761.2679155,25626.1098723,26407.987481
附件一（训练集）.xlsx|材料3|1551,2,38987.46015,25370.1063988,39651.0806331,40659.8665268
附件一（训练集）.xlsx|材料3|1552,4,61850.28012,31985.7191542,61018.9536978,62664.4911657
附件一（训练集）.xlsx|材料3|1553,4,99290.76513,53892.2442643,97092.4666153,99174.6011321
附件一（训练集）.xlsx|材料3|1554,2,250512.8133,203585.336655,262598.243878,258328.922443
附件一（训练集）.xlsx|材料3|1555,4,404379.0199,225687.313086,433739.651495,464848.861487
附件一（训练集）.xlsx|材料3|1556,4,650371.5669,327810.369558,562059.164427,589301.392567
附件一（训练集）.xlsx|材料3|1557,2,4860.966132,4939.51774042,5199.66268481,5091.71792662
附件一（训练集）.xlsx|材料3|1558,4,8732.265037,9672.64508667,8610.71347358,8919.13437876
附件一（训练集）.xlsx|材料3|1559,2,15676.92454,14623.0479881,16571.5908119,15611.2816331
附件一（训练集）.xlsx|材料3|156,3,3214.028677,3629.52909288,3453.86223772,3267.79055396
附件一（训练集）.xlsx|材料3|1560,2,27972.4445,25815.5453432,27879.0002825,26045.7283811
附件一（训练集）.xlsx|材料3|1561,2,52210.25457,49006.8653995,49596.777866,48419.8756678
附件一（训练集）.xlsx|材料3|1562,1,98415.161,96931.5205226,92110.3257624,92491.5943067
附件一（训练集）.xlsx|材料3|1563,3,181944.4186,179019.006363,191192.904224,192543.068072
附件一（训练集）.xlsx|材料3|1564,1,339357.3986,346868.268163,339651.952637,343732.403799
附件一（训练集）.xlsx|材料3|1565,0,619341.3107,634240.548145,599249.857199,611145.481853
附件一（训练集）.xlsx|材料3|1566,2,1123687.267,1112095.78364,1124357.165,1094296.03977
附件一（训练集）.xlsx|材料3|1567,2,3753.428854,3861.07168586,4086.92603867,3901.63368385
附件一（训练集）.xlsx|材料3|1568,4,11929.62844,10726.9799402,12851.2419232,12347.3553336
附件一（训练集）.xlsx|材料3|1569,2,39521.87336,31714.0454348,39799.3785163,39550.5762021
附件一（训练集）.xlsx|材料3|157,4,17900.93222,18613.8220081,17824.954339,18893.5590393
附件一（训练集）.xlsx|材料3|1570,2,73536.73752,64745.452478,74220.4149688,74184.1804339
附件一（训练集）.xlsx|材料3|1571,3,255323.135,220511.609418,241646.993996,239111.473089
附件一（训练集）.xlsx|材料3|1572,0,470557.4027,451827.117363,464732.399479,505526.286726
附件一（训练集）.xlsx|材料3|1573,0,10478.24809,12054.0831917,11631.6522634,11137.0618661
附件一（训练集）.xlsx|材料3|1574,2,109252.8237,106227.790406,108122.861782,111714.060071
附件一（训练集）.xlsx|材料3|1575,3,370174.2009,359344.486341,391953.845854,393490.08796
附件一（训练集）.xlsx|材料3|1576,4,2161182.379,2017218.81542,2162384.24119,2146178.56377
附件一（训练集）.xlsx|材料3|1577,0,3368.464597,4603.49226469,3731.70180993,3947.7256033
附件一（训练集）.xlsx|材料3|1578,0,5782.892584,7342.70552123,5822.98290222,5949.85043488
附件一（训练集）.xlsx|材料3|1579,2,17049.88713,15761.3099807,16822.9362235,15674.0856311
附件一（训练集）.xlsx|材料3|158,0,32849.85884,36300.2646448,34206.3509643,33307.0145365
附件一（训练集）.xlsx|材料3|1580,2,29882.84099,24933.6352104,25081.5255089,24803.551715
附件一（训练集）.xlsx|材料3|1581,0,92686.10872,82716.2596184,97340.5595205,97425.1934114
附件一（训练集）.xlsx|材料3|1582,0,168243.1909,220433.558616,169823.435273,169905.702775
附件一（训练集）.xlsx|材料3|1583,2,552143.5715,588438.614927,586982.520727,549072.465301
附件一（训练集）.xlsx|材料3|1584,0,985505.6647,1008762.42208,962482.789358,959783.471158
附件一（训练集）.xlsx|材料3|1585,1,1762504.112,1867339.07596,1655997.50059,1717149.20397
附件一（训练集）.xlsx|材料3|1586,4,3394.361305,4827.20611125,3593.7958203,3310.50093988
附件一（训练集）.xlsx|材料3|1587,0,9582.847426,9758.4934509,10143.2304814,10307.6404592
附件一（训练集）.xlsx|材料3|1588,4,16307.25319,17034.2427166,16673.6787536,17089.0699365
附件一（训练集）.xlsx|材料3|1589,2,48388.07761,43344.3790139,42937.6228965,43467.4865441
附件一（训练集）.xlsx|材料3|159,3,104848.1338,112541.047755,104400.205102,109824.766503
附件一（训练集）.xlsx|材料3|1590,2,83483.35444,84117.7382668,85066.078267,85981.4736494
附件一（训练集）.xlsx|材料3|1591,0,145742.9273,140983.944997,149555.700948,145134.663736
附件一（训练集）.xlsx|材料3|1592,0,258847.5817,266898.609751,231487.098583,235152.045023
附件一（训练集）.xlsx|材料3|1593,2,815749.1465,670676.238665,805741.342254,802142.704649
附件一（训练集）.xlsx|材料3|1594,1,3622.090133,4677.76928229,3800.95553558,3674.6999897
附件一（训练集）.xlsx|材料3|1595,1,6076.580346,8182.49328436,6025.91558336,5814.5284037
附件一（训练集）.xlsx|材料3|1596,4,28030.43717,26580.1422904,27983.9622696,30712.776607
附件一（训练集）.xlsx|材料3|1597,1,138373.5771,132401.769802,120831.319959,126636.619425
附件一（训练集）.xlsx|材料3|1598,3,236409.7716,225275.526692,221488.441436,215704.18169
附件一（训练集）.xlsx|材料3|1599,4,415049.2424,411651.980426,400684.578402,394055.26214
附件一（训练集）.xlsx|材料3|16,4,52958.08673,51938.1995578,53127.1849987,52163.6225327
附件一（训练集）.xlsx|材料3|160,0,190174.1841,182106.47565,179334.53239,188315.753876
附件一（训练集）.xlsx|材料3|1600,2,715699.1072,627164.287637,698244.159121,691469.399619
附件一（训练集）.xlsx|材料3|1601,2,1248265.486,1212247.0823,1234918.19604,1253340.46384
附件一（训练集）.xlsx|材料3|1602,3,4002.680991,5120.84090847,4275.18053085,4128.30760421
附件一（训练集）.xlsx|材料3|1603,4,6570.545084,9603.48482198,6227.10741759,6088.16495787
附件一（训练集）.xlsx|材料3|1604,2,10683.12889,14288.1773045,10166.6997008,10085.208841
附件一（训练集）.xlsx|材料3|1605,2,29208.18815,31897.6923359,25003.6264585,26750.4635908
附件一（训练集）.xlsx|材料3|1606,4,48229.26689,62599.0652655,46800.3860849,46329.3347802
附件一（训练集）.xlsx|材料3|1607,2,223709.0057,274583.881386,228148.409306,217432.310408
附件一（训练集）.xlsx|材料3|1608,2,384886.5058,490434.864526,442166.386111,435836.427429
附件一（训练集）.xlsx|材料3|1609,1,655525.9996,689400.68506,676079.695197,665787.155176
附件一（训练集）.xlsx|材料3|161,3,5552.570801,6025.90847965,6259.59072124,6090.99578121
附件一（训练集）.xlsx|材料3|1610,3,7113.221453,7210.05857485,7143.04206657,7077.6099432
附件一（训练集）.xlsx|材料3|1611,4,11469.72494,12305.5610616,11285.0468695,11587.712031
附件一（训练集）.xlsx|材料3|1612,2,49375.72876,50438.2001801,48916.8047182,50292.1817605
附件一（训练集）.xlsx|材料3|1613,4,12289.02722,10761.2679155,11626.7490944,11228.1470531
附件一（训练集）.xlsx|材料3|1614,2,19973.75886,21560.8354397,19886.5055969,19543.5896208
附件一（训练集）.xlsx|材料3|1615,4,31671.25768,29485.257109,31195.2407113,31807.0118369
附件一（训练集）.xlsx|材料3|1616,4,51716.07102,49638.8206099,52223.7908753,51512.4770347
附件一（训练集）.xlsx|材料3|1617,3,83214.27671,76832.8610011,89367.2463217,88808.1879091
附件一（训练集）.xlsx|材料3|1618,2,134262.2397,150400.4337,140806.088537,135284.964227
附件一（训练集）.xlsx|材料3|1619,4,218762.8857,226449.635144,213600.290777,220842.913621
附件一（训练集）.xlsx|材料3|162,3,5723.262088,6687.98128502,6239.93742191,6185.19250184
附件一（训练集）.xlsx|材料3|1620,3,582891.2553,598818.464064,619287.809596,606746.296782
附件一（训练集）.xlsx|材料3|1621,1,10519.96446,11200.1232803,11510.3100503,11387.8125873
附件一（训练集）.xlsx|材料3|1622,4,18074.93887,19268.1334442,17994.8169266,18123.1064006
附件一（训练集）.xlsx|材料3|1623,4,33063.87348,32657.2537868,33669.9196499,33659.2397932
附件一（训练集）.xlsx|材料3|1624,1,62487.68697,65308.7545361,64627.8561066,63376.0333618
附件一（训练集）.xlsx|材料3|1625,0,115887.4824,122205.801522,123880.790144,121629.01355
附件一（训练集）.xlsx|材料3|1626,2,399084.0144,411589.056388,413471.053147,416509.047902
附件一（训练集）.xlsx|材料3|1627,4,7720.121458,9703.23730136,8386.29030434,8476.63066639
附件一（训练集）.xlsx|材料3|1628,2,23898.89934,24038.7626746,25172.0913707,24336.1490479
附件一（训练集）.xlsx|材料3|1629,3,155593.3303,165992.359751,162019.32074,164810.575648
附件一（训练集）.xlsx|材料3|163,3,9809.970521,10724.9404293,10628.0353987,11081.1298893
附件一（训练集）.xlsx|材料3|1630,0,292456.6787,342715.359826,311967.340976,291889.126329
附件一（训练集）.xlsx|材料3|1631,0,533667.702,573296.238983,520485.876637,536136.457257
附件一（训练集）.xlsx|材料3|1632,2,990864.508,1003252.72382,1022107.0821,1030516.63744
附件一（训练集）.xlsx|材料3|1633,2,5721.021261,6530.57201844,6528.08236565,6515.24999298
附件一（训练集）.xlsx|材料3|1634,4,9855.867031,10801.7600432,9408.75797722,9182.14118772
附件一（训练集）.xlsx|材料3|1635,2,32675.56018,31714.0454348,33330.9812105,32474.6541838
附件一（训练集）.xlsx|材料3|1636,2,61057.93548,62549.204386,62764.5232922,61752.0327479
附件一（训练集）.xlsx|材料3|1637,1,113554.7983,116452.491605,116073.558547,115178.002923
附件一（训练集）.xlsx|材料3|1638,3,214197.0095,220511.609418,206003.051764,204139.482292
附件一（训练集）.xlsx|材料3|1639,0,395892.7651,436466.469881,383847.651896,366518.776893
附件一（训练集）.xlsx|材料3|164,0,17356.94475,17479.7348638,17336.0944189,17756.8423718
附件一（训练集）.xlsx|材料3|1640,0,740957.0677,817872.764013,756278.501962,759379.856967
附件一（训练集）.xlsx|材料3|1641,4,4893.06531,8342.22195291,5233.65374572,5325.80700061
附件一（训练集）.xlsx|材料3|1642,4,8212.124552,11832.265453,8684.81210691,8304.04826598
附件一（训练集）.xlsx|材料3|1643,3,26671.97756,30783.4804548,25803.4770283,25579.7415035
附件一（训练集）.xlsx|材料3|1644,4,48287.27623,60766.8757548,45536.6753319,44791.0329683
附件一（训练集）.xlsx|材料3|1645,4,165413.6124,207772.573053,190279.965189,185699.062876
附件一（训练集）.xlsx|材料3|1646,0,571652.564,631587.565866,602721.497185,591613.250322
附件一（训练集）.xlsx|材料3|1647,2,12468.31334,12518.081892,12578.8541055,12246.9773378
附件一（训练集）.xlsx|材料3|1648,0,132493.2127,137223.757687,130495.464923,125520.396693
附件一（训练集）.xlsx|材料3|1649,2,240914.5111,233754.704685,233651.067615,221515.597609
附件一（训练集）.xlsx|材料3|165,4,30941.04468,30865.8884162,32245.797612,31953.3157553
附件一（训练集）.xlsx|材料3|1650,2,448842.8235,528359.592205,506738.647706,522981.953447
附件一（训练集）.xlsx|材料3|1651,0,821937.0387,987495.808907,844622.280593,839803.344761
附件一（训练集）.xlsx|材料3|1652,1,1491980.879,1592891.88084,1533601.93302,1581589.81234
附件一（训练集）.xlsx|材料3|1653,0,2663355.891,2511590.1465,2577131.74657,2633898.55764
附件一（训练集）.xlsx|材料3|1654,0,4092.423863,8927.42729425,4069.7568841,4224.15448246
附件一（训练集）.xlsx|材料3|1655,4,11516.39563,15264.0342435,10795.228241,10863.3498696
附件一（训练集）.xlsx|材料3|1656,0,111289.7686,168528.345589,124269.985383,120670.813512
附件一（训练集）.xlsx|材料3|1657,0,198936.7001,226410.015242,193502.036935,179754.157715
附件一（训练集）.xlsx|材料3|1658,2,363925.6355,425968.016532,396086.746842,390138.647058
附件一（训练集）.xlsx|材料3|1659,2,6888.192353,10313.1076383,7937.86334395,8145.30115721
附件一（训练集）.xlsx|材料3|166,1,93263.93331,95753.2114881,86719.7987219,91277.6161281
附件一（训练集）.xlsx|材料3|1660,4,19855.11361,29652.4565141,19727.8319565,20051.2975872
附件一（训练集）.xlsx|材料3|1661,1,34108.94734,59074.4092628,35864.1364785,35049.0937895
附件一（训练集）.xlsx|材料3|1662,4,58549.80705,90677.302716,60255.1960782,60858.2050691
附件一（训练集）.xlsx|材料3|1663,1,102496.1889,132401.769802,99990.3095492,96797.1084973
附件一（训练集）.xlsx|材料3|1664,3,176266.4128,221897.380652,184925.901783,195583.675936
附件一（训练集）.xlsx|材料3|1665,4,4564.915779,5032.96738213,4872.92580553,4903.18143591
附件一（训练集）.xlsx|材料3|1666,2,7346.098539,7255.38680684,7050.00444488,7378.02946261
附件一（训练集）.xlsx|材料3|1667,3,12145.46696,12459.8100989,12905.8781758,13341.4290485
附件一（训练集）.xlsx|材料3|1668,2,20300.84462,19997.3300859,19152.5794008,19791.828135
附件一（训练集）.xlsx|材料3|1669,2,284292.2208,301129.033382,299951.614127,303740.364971
附件一（训练集）.xlsx|材料3|167,3,170591.0804,171663.489674,174219.969916,174573.873383
附件一（训练集）.xlsx|材料3|1670,4,864263.7908,864483.390607,891394.74296,959241.975636
附件一（训练集）.xlsx|材料3|1671,0,1485996.669,1380641.81406,1416868.25187,1417910.65829
附件一（训练集）.xlsx|材料3|1672,4,5067.772309,7379.37634908,4670.50138633,4288.38193011
附件一（训练集）.xlsx|材料3|1673,2,13032.19359,11738.6842384,12163.9366616,11711.1008439
附件一（训练集）.xlsx|材料3|1674,2,35531.03496,27050.0256037,34294.8448681,34154.5140858
附件一（训练集）.xlsx|材料3|1675,4,58651.2474,51556.9163024,58204.8055819,55642.2588198
附件一（训练集）.xlsx|材料3|1676,2,97501.54507,89637.1613916,96887.9637693,97917.3865453
附件一（训练集）.xlsx|材料3|1677,2,464284.2225,648785.190768,432560.700075,457829.498177
附件一（训练集）.xlsx|材料3|1678,1,798944.1619,825124.147614,799627.904589,828259.942604
附件一（训练集）.xlsx|材料3|1679,4,1354289.08,1342351.03322,1458992.16554,1440948.59857
附件一（训练集）.xlsx|材料3|168,2,31995.3048,33341.7854239,33585.9520626,31913.3923774
附件一（训练集）.xlsx|材料3|1680,4,8773.311102,10761.2679155,7840.08708406,7748.89020177
附件一（训练集）.xlsx|材料3|1681,2,14038.74727,18662.6969895,13471.1879557,13573.3981088
附件一（训练集）.xlsx|材料3|1682,4,37237.43232,49638.8206099,37743.8154923,36722.0578616
附件一（训练集）.xlsx|材料3|1683,4,160531.6376,196478.339685,168053.426562,161308.667634
附件一（训练集）.xlsx|材料3|1684,4,268177.6954,325726.029355,262603.950747,258167.458357
附件一（训练集）.xlsx|材料3|1685,1,744859.2037,858645.068941,766617.574847,756549.267851
附件一（训练集）.xlsx|材料3|1686,4,1251288.298,1211524.2988,1150469.05827,1150564.4776
附件一（训练集）.xlsx|材料3|1687,4,17281.31903,18626.4419038,17080.2687577,16847.5557623
附件一（训练集）.xlsx|材料3|1688,4,31333.51146,34905.3627652,30727.8977328,32011.4827723
附件一（训练集）.xlsx|材料3|1689,0,107371.8096,117602.41008,105951.80392,106518.015501
附件一（训练集）.xlsx|材料3|169,4,55521.09457,51891.943411,53392.3625345,55000.7121006
附件一（训练集）.xlsx|材料3|1690,2,377531.3136,399757.066529,362157.224461,388706.631918
附件一（训练集）.xlsx|材料3|1691,2,688912.9922,705941.108487,665834.760859,684938.359442
附件一（训练集）.xlsx|材料3|1692,2,12781.51178,13403.1639048,12268.4321918,11690.9860237
附件一（训练集）.xlsx|材料3|1693,1,76883.256,83189.1817372,73875.2805182,72565.2965683
附件一（训练集）.xlsx|材料3|1694,3,145956.6696,157038.83113,144699.785772,157328.069777
附件一（训练集）.xlsx|材料3|1695,0,275153.6003,306072.758776,290551.328832,282949.671668
附件一（训练集）.xlsx|材料3|1696,2,935245.7995,978005.996761,960714.979344,945720.382198
附件一（训练集）.xlsx|材料3|1697,4,9261.290152,10684.8960217,8844.27739015,8839.68960551
附件一（训练集）.xlsx|材料3|1698,2,16423.61755,15324.0251556,14060.8151848,14131.1344452
附件一（训练集）.xlsx|材料3|1699,2,29755.90488,31614.130578,27432.7272347,28770.0153049
附件一（训练集）.xlsx|材料3|17,3,89675.31007,91460.982916,87083.4988201,90980.1916485
附件一（训练集）.xlsx|材料3|170,4,91229.25564,101016.679639,91378.4544588,93610.2380406
附件一（训练集）.xlsx|材料3|1700,2,54836.35088,58500.2131104,53779.4413941,53967.9745628
附件一（训练集）.xlsx|材料3|1701,0,369176.0958,451827.117363,339821.163837,339411.256778
附件一（训练集）.xlsx|材料3|1702,0,687046.1725,781988.302903,650120.766672,653280.266996
附件一（训练集）.xlsx|材料3|1703,2,1271405.068,1349769.97393,1238765.50086,1263757.62659
附件一（训练集）.xlsx|材料3|1704,0,7569.180413,11338.1127559,8098.61784804,8298.89977518
附件一（训练集）.xlsx|材料3|1705,3,13135.33983,19641.4145302,12394.1517972,13006.6623545
附件一（训练集）.xlsx|材料3|1706,3,23489.60425,33579.0613329,22438.0535554,23434.9325117
附件一（训练集）.xlsx|材料3|1707,2,79441.63706,106227.790406,78380.5220996,77625.7225565
附件一（训练集）.xlsx|材料3|1708,2,967284.0405,1085853.8656,979050.085664,965301.054746
附件一（训练集）.xlsx|材料3|1709,4,1776425.291,2017218.81542,1810231.4646,1832112.88293
附件一（训练集）.xlsx|材料3|171,2,287212.4657,277044.791091,283216.827199,287317.266098
附件一（训练集）.xlsx|材料3|1710,2,19092.02582,20525.9872623,19071.9237082,19467.0239787
附件一（训练集）.xlsx|材料3|1711,2,34478.46926,48325.5335878,38877.1612426,38241.293685
附件一（训练集）.xlsx|材料3|1712,0,62411.20643,70982.6283159,65322.760542,66168.8642644
附件一（训练集）.xlsx|材料3|1713,2,215643.6728,233754.704685,203694.541586,192781.899519
附件一（训练集）.xlsx|材料3|1714,2,399898.9389,444582.385075,442081.83527,444305.356501
附件一（训练集）.xlsx|材料3|1715,0,742569.3032,789096.933402,777412.420736,776027.583637
附件一（训练集）.xlsx|材料3|1716,1,1356063.534,1615709.69161,1391969.82153,1304838.6394
附件一（训练集）.xlsx|材料3|1717,0,2495544.512,2511590.1465,2360385.33992,2487524.83871
附件一（训练集）.xlsx|材料3|1718,0,5775.340157,11357.0264781,5822.02869321,6261.6933871
附件一（训练集）.xlsx|材料3|1719,2,53574.34049,80617.7633749,54070.7868881,52657.8064323
附件一（训练集）.xlsx|材料3|172,2,784.0031898,918.327706141,842.491291112,864.932437538
附件一（训练集）.xlsx|材料3|1720,0,98035.62561,168528.345589,94978.7230085,94978.7037492
附件一（训练集）.xlsx|材料3|1721,2,588924.0401,670676.238665,592133.59037,599058.538715
附件一（训练集）.xlsx|材料3|1722,0,1069515.39,1202395.01261,1139752.8815,1154464.54005
附件一（训练集）.xlsx|材料3|1723,1,1946727.239,1983853.34126,1923631.05268,1889226.55446
附件一（训练集）.xlsx|材料3|1724,2,5781.83745,10313.1076383,7039.99964849,6821.29005262
附件一（训练集）.xlsx|材料3|1725,0,9608.65099,14815.0394276,10736.329981,10721.2529784
附件一（训练集）.xlsx|材料3|1726,4,16452.36322,26580.1422904,16882.0863824,17632.8869002
附件一（训练集）.xlsx|材料3|1727,1,28235.64873,59074.4092628,28515.77838,27189.0577526
附件一（训练集）.xlsx|材料3|1728,1,88812.84004,132401.769802,83730.5314928,81453.4696765
附件一（训练集）.xlsx|材料3|1729,2,881563.2977,1005431.58421,945989.700457,963950.477307
附件一（训练集）.xlsx|材料3|173,3,1403.294497,1409.22534239,1489.10109405,1391.17425463
附件一（训练集）.xlsx|材料3|1730,3,1581869.16,1806567.18505,1516049.93558,1592797.02783
附件一（训练集）.xlsx|材料3|1731,4,28190.89312,29625.1644915,29559.6932408,29362.494505
附件一（训练集）.xlsx|材料3|1732,2,48094.7368,56853.6664335,47804.2977921,47430.1790516
附件一（训练集）.xlsx|材料3|1733,4,83552.12889,102402.214024,87849.7140661,84085.6182522
附件一（训练集）.xlsx|材料3|1734,2,143146.2823,167229.163825,151164.579538,138468.695933
附件一（训练集）.xlsx|材料3|1735,1,435979.176,514586.815023,469892.372439,427982.957771
附件一（训练集）.xlsx|材料3|1736,4,763656.8995,864483.390607,823395.532018,831273.121864
附件一（训练集）.xlsx|材料3|1737,0,1338360.192,1446445.79783,1333523.61462,1368185.02711
附件一（训练集）.xlsx|材料3|1738,4,7361.986971,10761.2679155,7450.204737,7209.04995394
附件一（训练集）.xlsx|材料3|1739,2,11873.35345,18662.6969895,11110.1950262,10538.9569003
附件一（训练集）.xlsx|材料3|174,4,2565.064693,2678.58287647,2567.61396603,2511.36342397
附件一（训练集）.xlsx|材料3|1740,4,19190.95629,31043.2581167,17691.3778625,18460.9298722
附件一（训练集）.xlsx|材料3|1741,4,31114.28848,49622.0916972,30457.0914971,29002.6887251
附件一（训练集）.xlsx|材料3|1742,3,51111.90587,66301.374725,52294.3819492,52786.5991679
附件一（训练集）.xlsx|材料3|1743,2,84624.71279,111865.464164,84213.0465959,81251.0168302
附件一（训练集）.xlsx|材料3|1744,0,13386.56347,7667.71385001,11252.1235825,12157.8550182
附件一（训练集）.xlsx|材料3|1745,4,23308.98137,13757.533171,21377.6083248,21413.7109149
附件一（训练集）.xlsx|材料3|1746,1,879983.6024,922395.693017,949889.944715,884154.165861
附件一（训练集）.xlsx|材料3|1747,0,1520584.311,1132142.05893,1252089.13422,1223687.70651
附件一（训练集）.xlsx|材料3|1748,2,11970.80184,5843.89206746,11693.422461,11889.3594831
附件一（训练集）.xlsx|材料3|1749,0,4577.26334,3493.08851879,4268.27337556,4047.02046772
附件一（训练集）.xlsx|材料3|175,0,4718.043796,4426.35718712,4715.96295816,4360.35779621
附件一（训练集）.xlsx|材料3|1750,2,7325.143448,4548.06962492,7261.36052454,7394.41398363
附件一（训练集）.xlsx|材料3|1751,1,20946.14564,11742.1246584,21735.7877448,22212.6391444
附件一（训练集）.xlsx|材料3|1752,1,35546.15577,22906.9643174,39490.0574016,36477.9147595
附件一（训练集）.xlsx|材料3|1753,4,337239.2194,222244.319528,340665.509228,310434.482681
附件一（训练集）.xlsx|材料3|1754,4,1072338.645,747874.323621,1057066.42331,1033796.33759
附件一（训练集）.xlsx|材料3|1755,4,2932.393495,2514.90381739,2599.4225217,2722.3210888
附件一（训练集）.xlsx|材料3|1756,2,35292.03347,24681.9181409,31504.9739877,30309.6771082
附件一（训练集）.xlsx|材料3|1757,2,58744.87906,53258.7944537,58310.3957511,56650.0930993
附件一（训练集）.xlsx|材料3|1758,0,98993.98756,54143.596977,91869.0624352,83915.9454113
附件一（训练集）.xlsx|材料3|1759,2,169868.9832,141880.570065,178453.594337,179546.374017
附件一（训练集）.xlsx|材料3|176,4,16427.58633,16886.4024463,16934.1375239,17601.8860134
附件一（训练集）.xlsx|材料3|1760,3,524522.7631,402059.905457,523712.37066,472066.242519
附件一（训练集）.xlsx|材料3|1761,0,5033.365623,4121.96162829,4821.64194242,4833.90984438
附件一（训练集）.xlsx|材料3|1762,4,7997.983411,5858.9337577,8382.36798282,8712.31700332
附件一（训练集）.xlsx|材料3|1763,1,13254.05341,8077.60203355,12627.776398,12464.2370668
附件一（训练集）.xlsx|材料3|1764,3,21455.71991,10199.0994329,22066.6328932,22924.6586875
附件一（训练集）.xlsx|材料3|1765,1,35015.18861,22180.3924662,36232.2525109,35494.5982888
附件一（训练集）.xlsx|材料3|1766,4,57308.40877,29957.7387228,56282.3387095,55219.7018503
附件一（训练集）.xlsx|材料3|1767,0,155736.902,85715.754289,177359.520291,165521.918363
附件一（训练集）.xlsx|材料3|1768,3,263989.7099,127084.007827,268544.002082,263900.787947
附件一（训练集）.xlsx|材料3|1769,2,455708.616,255828.875509,426930.136323,458771.160065
附件一（训练集）.xlsx|材料3|177,4,28911.73501,28374.6818057,26136.0953661,28584.0840905
附件一（训练集）.xlsx|材料3|1770,0,5300.166767,4582.39910266,4770.36341147,5243.16734953
附件一（训练集）.xlsx|材料3|1771,4,8315.576706,5557.28868913,8945.64521569,9242.317968
附件一（训练集）.xlsx|材料3|1772,1,13612.88199,10770.7693756,14565.0328816,14595.1589832
附件一（训练集）.xlsx|材料3|1773,2,21935.39077,9944.8605844,19749.4396001,20736.4451679
附件一（训练集）.xlsx|材料3|1774,3,35771.66031,28466.6222465,33932.2503542,35223.7367078
附件一（训练集）.xlsx|材料3|1775,4,94147.69393,46817.921144,90133.195869,90402.7845888
附件一（训练集）.xlsx|材料3|1776,3,154295.6148,83520.8086814,165318.93017,174257.375344
附件一（训练集）.xlsx|材料3|1777,2,251212.0912,148766.421141,245573.905162,248539.46554
附件一（训练集）.xlsx|材料3|1778,4,427181.9674,265640.957352,435208.758173,406087.545773
附件一（训练集）.xlsx|材料3|1779,4,8818.274353,5929.40944058,8055.43166498,8419.60662796
附件一（训练集）.xlsx|材料3|178,4,185160.2785,175754.484799,169080.581827,174238.108665
附件一（训练集）.xlsx|材料3|1780,0,14222.48307,8845.96934826,13242.0009049,12956.4821355
附件一（训练集）.xlsx|材料3|1781,2,23032.19224,20838.2638119,23953.3090436,24901.2309442
附件一（训练集）.xlsx|材料3|1782,4,37033.87771,26040.525914,36966.0968945,36673.785633
附件一（训练集）.xlsx|材料3|1783,0,59054.89244,35878.7447656,51187.6362294,52897.3831045
附件一（训练集）.xlsx|材料3|1784,0,95853.72701,69841.1565419,89315.2056898,93343.2633112
附件一（训练集）.xlsx|材料3|1785,3,251760.6838,154785.161515,255506.671087,236667.286489
附件一（训练集）.xlsx|材料3|1786,2,412320.8743,339299.972965,406983.947254,409708.9939
附件一（训练集）.xlsx|材料3|1787,3,680899.8425,487088.190546,654301.777982,632924.689065
附件一（训练集）.xlsx|材料3|1788,0,15121.40855,13387.444577,15246.4505274,15261.9681658
附件一（训练集）.xlsx|材料3|1789,2,24314.07381,20608.0591353,24246.675399,24911.8960833
附件一（训练集）.xlsx|材料3|179,1,1991.398599,2172.73245623,2042.75319439,2001.50119822
附件一（训练集）.xlsx|材料3|1790,0,61758.68916,46610.6534216,66420.2348665,63184.2499274
附件一（训练集）.xlsx|材料3|1791,3,159655.6204,168139.867971,156717.674429,162338.846191
附件一（训练集）.xlsx|材料3|1792,3,252474.4748,175476.047477,243724.3912,262638.787719
附件一（训练集）.xlsx|材料3|1793,2,411765.0426,413801.85158,404103.699452,418495.959189
附件一（训练集）.xlsx|材料3|1794,3,670608.5056,474612.990789,650601.771031,648740.279336
附件一（训练集）.xlsx|材料3|1795,0,24677.06211,11945.5019296,26450.9481252,24482.3332324
附件一（训练集）.xlsx|材料3|1796,3,39423.68251,25489.7464604,39399.5641531,37525.699839
附件一（训练集）.xlsx|材料3|1797,2,99756.69487,48008.8655757,99883.685698,99750.6159392
附件一（训练集）.xlsx|材料3|1798,2,156055.0134,117568.686277,169582.432811,172196.650206
附件一（训练集）.xlsx|材料3|1799,2,250355.7885,205961.797478,262833.208793,264677.319221
附件一（训练集）.xlsx|材料3|18,4,148717.3216,151175.299928,142910.269036,145697.644765
附件一（训练集）.xlsx|材料3|180,2,6501.654512,6264.78524914,6317.36609174,6148.01240504
附件一（训练集）.xlsx|材料3|1800,2,4126.109109,4340.76723826,4377.82889936,4249.1121869
附件一（训练集）.xlsx|材料3|1801,0,7444.890472,7816.24418473,7373.69781084,7763.17278825
附件一（训练集）.xlsx|材料3|1802,4,13319.94968,12524.9146741,13484.7479368,13947.6827705
附件一（训练集）.xlsx|材料3|1803,1,49096.37719,46815.173082,48792.4515583,50878.3499043
附件一（训练集）.xlsx|材料3|1804,2,96097.69186,91086.6843158,92191.1356463,88004.9491492
附件一（训练集）.xlsx|材料3|1805,2,184333.6849,173341.955295,189075.868813,178243.132531
附件一（训练集）.xlsx|材料3|1806,2,349613.7378,348362.96468,330251.461668,324239.513826
附件一（训练集）.xlsx|材料3|1807,3,632829.4065,631113.742762,656697.750194,604851.316641
附件一（训练集）.xlsx|材料3|1808,0,1121701.469,1181474.52626,1161266.47539,1132460.718
附件一（训练集）.xlsx|材料3|1809,4,3350.60255,3167.41462521,3372.74919265,3380.32467935
附件一（训练集）.xlsx|材料3|181,1,11920.57314,12305.6911488,11485.007156,11853.7044444
附件一（训练集）.xlsx|材料3|1810,0,10569.29559,9287.70070464,9826.78629984,10080.0779285
附件一（训练集）.xlsx|材料3|1811,4,18944.2488,17737.6019424,20886.5921454,21938.1481252
附件一（训练集）.xlsx|材料3|1812,3,36355.83733,28377.2913397,36189.0440697,37043.2811987
附件一（训练集）.xlsx|材料3|1813,1,69884.53306,63175.3477869,70222.7030582,73130.9746768
附件一（训练集）.xlsx|材料3|1814,1,134547.7635,123601.802245,136399.824639,143447.867702
附件一（训练集）.xlsx|材料3|1815,2,485144.3691,416175.107506,468759.699801,490210.220094
附件一（训练集）.xlsx|材料3|1816,3,881959.138,858195.889329,905556.839505,876342.079774
附件一（训练集）.xlsx|材料3|1817,3,1538799.272,1412064.56313,1454916.11033,1415812.71283
附件一（训练集）.xlsx|材料3|1818,3,3308.437755,4268.92247555,3016.89069264,3231.98574848
附件一（训练集）.xlsx|材料3|1819,2,5611.216195,5576.5983908,5465.0572301,5179.74923981
附件一（训练集）.xlsx|材料3|182,1,21001.64038,20160.3078229,20392.5274766,20774.5457308
附件一（训练集）.xlsx|材料3|1820,3,9787.696965,9518.8655469,10309.8043202,9645.61813064
附件一（训练集）.xlsx|材料3|1821,0,17162.45516,19668.2544167,17937.8425626,17903.3846803
附件一（训练集）.xlsx|材料3|1822,2,56895.20336,58393.7032059,54230.3081403,56290.1540543
附件一（训练集）.xlsx|材料3|1823,1,378634.6015,356575.383736,350765.257857,379689.783151
附件一（训练集）.xlsx|材料3|1824,3,1251212.362,1143905.12733,1259953.91294,1248863.12142
附件一（训练集）.xlsx|材料3|1825,1,2214384.288,1932077.58466,2178561.2018,2162643.63643
附件一（训练集）.xlsx|材料3|1826,3,5709.332981,7424.46557493,5410.79753465,5206.94247519
附件一（训练集）.xlsx|材料3|1827,2,28985.74276,36769.0156854,28634.5310809,27281.1273199
附件一（训练集）.xlsx|材料3|1828,0,50653.59845,44613.1857903,52668.1444005,50203.5976859
附件一（训练集）.xlsx|材料3|1829,3,90745.93728,105986.574423,103189.680852,103806.883231
附件一（训练集）.xlsx|材料3|183,1,39544.74896,43169.1574354,43040.094997,43464.3308119
附件一（训练集）.xlsx|材料3|1830,2,167260.0417,168315.174492,162649.849199,161370.091417
附件一（训练集）.xlsx|材料3|1831,3,566055.4377,568529.625138,576908.317139,562616.83374
附件一（训练集）.xlsx|材料3|1832,2,1820221.705,1753802.07456,1748574.58515,1709864.18134
附件一（训练集）.xlsx|材料3|1833,1,5983.399342,8141.80282226,6745.48788877,6782.10282799
附件一（训练集）.xlsx|材料3|1834,3,9802.277575,9850.71754567,9162.60720616,9026.07974813
附件一（训练集）.xlsx|材料3|1835,1,16309.01882,16712.6721109,17619.808457,17867.1343357
附件一（训练集）.xlsx|材料3|1836,4,28044.368,29191.0281055,28440.6384108,29783.9351953
附件一（训练集）.xlsx|材料3|1837,3,145191.1654,127084.007827,141647.785253,147281.937927
附件一（训练集）.xlsx|材料3|1838,2,259281.9482,223333.501631,266186.183183,262037.408634
附件一（训练集）.xlsx|材料3|1839,2,467260.2477,436784.723091,475507.411176,452797.875068
附件一（训练集）.xlsx|材料3|184,4,73577.09264,71891.9095214,72330.0547197,74847.6796815
附件一（训练集）.xlsx|材料3|1840,3,834754.3727,866527.173733,826966.720781,813783.988004
附件一（训练集）.xlsx|材料3|1841,4,1489869.175,1261053.12055,1490322.66386,1471905.57535
附件一（训练集）.xlsx|材料3|1842,1,6431.3752,8961.53501868,6452.21709392,6111.96154781
附件一（训练集）.xlsx|材料3|1843,2,10529.55937,10179.204401,9807.13152291,10849.1800587
附件一（训练集）.xlsx|材料3|1844,3,17287.094,18167.867454,14819.8710919,14650.8437038
附件一（训练集）.xlsx|材料3|1845,2,28668.66554,25085.237186,25068.19468,26133.2204947
附件一（训练集）.xlsx|材料3|1846,4,48210.88291,49168.0600076,50270.9560905,48914.6837252
附件一（训练集）.xlsx|材料3|1847,2,135765.4448,148766.421141,128890.591919,129807.876855
附件一（训练集）.xlsx|材料3|1848,4,235826.3798,215137.443446,226355.778582,226390.134899
附件一（训练集）.xlsx|材料3|1849,2,414541.8081,425429.88662,415541.50033,423770.479969
附件一（训练集）.xlsx|材料3|185,2,137072.9785,134613.596945,129935.860449,125368.494545
附件一（训练集）.xlsx|材料3|1850,3,718183.1137,633981.463316,625275.489998,659040.137915
附件一（训练集）.xlsx|材料3|1851,0,7038.787359,10131.273505,7005.20706638,6189.48929083
附件一（训练集）.xlsx|材料3|1852,2,11308.39602,14731.9690905,10663.0899122,10425.3788088
附件一（训练集）.xlsx|材料3|1853,4,18496.94096,28217.2594484,20413.3542118,20742.702972
附件一（训练集）.xlsx|材料3|1854,0,49394.03329,57625.3565166,46538.4194958,45565.3477334
附件一（训练集）.xlsx|材料3|1855,2,223446.4257,275682.458964,230384.495278,218603.542221
附件一（训练集）.xlsx|材料3|1856,3,384139.8712,490646.979638,436747.954577,428240.260073
附件一（训练集）.xlsx|材料3|1857,1,651428.0801,689040.38768,652518.755434,658998.225154
附件一（训练集）.xlsx|材料3|1858,2,1124163.935,1233707.57271,1120316.97653,1106973.51764
附件一（训练集）.xlsx|材料3|1859,4,7466.0531,9222.12106431,7290.55537868,7641.91995793
附件一（训练集）.xlsx|材料3|186,1,415314.0608,436077.668254,469033.505413,470589.615837
附件一（训练集）.xlsx|材料3|1860,0,11922.98845,13801.1618286,11538.6179069,11484.9066602
附件一（训练集）.xlsx|材料3|1861,2,19289.85958,19452.4665485,18321.3505883,18306.2278518
附件一（训练集）.xlsx|材料3|1862,4,30891.02431,34985.0073097,30165.5320524,32412.7057848
附件一（训练集）.xlsx|材料3|1863,0,50333.34803,53472.0937274,44636.0401197,48464.0316702
附件一（训练集）.xlsx|材料3|1864,3,217525.6454,234500.08268,196351.555131,195400.358227
附件一（训练集）.xlsx|材料3|1865,2,358745.8907,361373.34342,360133.976906,356703.211106
附件一（训练集）.xlsx|材料3|1866,3,598119.9951,632155.502267,593228.768755,613580.467668
附件一（训练集）.xlsx|材料3|1867,3,20307.64586,19058.9375136,19607.4678635,18706.0232171
附件一（训练集）.xlsx|材料3|1868,3,32450.34366,51800.1638301,33410.7201601,34298.0288307
附件一（训练集）.xlsx|材料3|1869,2,52477.35716,47249.3165112,55255.7691251,54924.6536909
附件一（训练集）.xlsx|材料3|187,4,744.5848041,700.693578667,744.893921707,701.77566492
附件一（训练集）.xlsx|材料3|1870,2,83799.19825,87044.2017863,93441.4479036,92515.2115122
附件一（训练集）.xlsx|材料3|1871,2,134653.5203,146323.524392,141293.931794,137350.920252
附件一（训练集）.xlsx|材料3|1872,4,218417.8293,197036.654223,213697.860514,223585.762132
附件一（训练集）.xlsx|材料3|1873,2,577264.3327,485398.363568,587546.261946,588986.483614
附件一（训练集）.xlsx|材料3|1874,3,960442.4462,802839.365827,935359.158108,982648.169926
附件一（训练集）.xlsx|材料3|1875,4,8864.104186,10557.264315,9252.18449453,9193.71306179
附件一（训练集）.xlsx|材料3|1876,1,15905.4946,16458.3992515,16494.2461056,16260.4052415
附件一（训练集）.xlsx|材料3|1877,4,30618.76587,30726.7724207,31814.5101978,30991.1196994
附件一（训练集）.xlsx|材料3|1878,2,60742.57223,62474.9045915,60338.4080257,59451.7185895
附件一（训练集）.xlsx|材料3|1879,4,219839.0234,215661.821444,217059.892538,216146.999571
附件一（训练集）.xlsx|材料3|188,2,1402.021194,1373.18919061,1358.13718593,1293.68467267
附件一（训练集）.xlsx|材料3|1880,1,409611.1476,419060.935863,419628.300083,426965.041776
附件一（训练集）.xlsx|材料3|1881,0,6353.62951,7351.1218958,6020.14627234,6171.67767149
附件一（训练集）.xlsx|材料3|1882,3,20984.99476,23250.0206629,19199.7038277,19574.1650241
附件一（训练集）.xlsx|材料3|1883,3,548384.5918,588902.072057,546780.787791,528532.317498
附件一（训练集）.xlsx|材料3|1884,3,994586.0453,1094646.13821,1074985.38573,1039025.54284
附件一（训练集）.xlsx|材料3|1885,2,4726.812922,5697.94764616,5372.88532422,5348.41002951
附件一（训练集）.xlsx|材料3|1886,0,8386.617484,9339.04256809,8078.27462645,8181.10324592
附件一（训练集）.xlsx|材料3|1887,4,14914.06697,13998.5963309,13628.6338827,14134.1038292
附件一（训练集）.xlsx|材料3|1888,3,29078.2959,30199.4962261,27342.9968337,27135.9380599
附件一（训练集）.xlsx|材料3|1889,1,56925.64652,53038.90996,53666.5715808,54144.6350941
附件一（训练集）.xlsx|材料3|189,0,2568.251617,2489.1254226,2421.4282239,2499.26986546
附件一（训练集）.xlsx|材料3|1890,2,215930.3092,221608.614593,205133.173659,198847.006408
附件一（训练集）.xlsx|材料3|1891,2,407617.8982,423151.167689,400030.334806,375611.173429
附件一（训练集）.xlsx|材料3|1892,3,759994.9845,798966.518197,795337.95284,762916.03172
附件一（训练集）.xlsx|材料3|1893,2,4291.03465,6646.91815303,4576.8524191,4706.66447528
附件一（训练集）.xlsx|材料3|1894,3,7184.503299,10439.5025933,7980.86336818,8240.17284531
附件一（训练集）.xlsx|材料3|1895,0,12840.58229,19560.1271837,14423.1461622,14259.512948
附件一（训练集）.xlsx|材料3|1896,0,84742.80301,105928.860795,85200.4283606,82241.9991847
附件一（训练集）.xlsx|材料3|1897,1,308859.1915,356575.383736,298122.352167,292724.496011
附件一（训练集）.xlsx|材料3|1898,3,1076561.134,1129963.87512,1086592.35972,1077916.62307
附件一（训练集）.xlsx|材料3|1899,1,1933250.699,1943084.86061,1987824.53352,1976339.22224
附件一（训练集）.xlsx|材料3|19,2,404632.9457,385761.846543,364558.810741,375942.609412
附件一（训练集）.xlsx|材料3|190,2,4584.237545,4362.07417807,4095.37237106,3921.76855512
附件一（训练集）.xlsx|材料3|1900,3,4047.409999,5529.92514512,4634.38529631,4700.87251091
附件一（训练集）.xlsx|材料3|1901,1,6653.482955,7345.75613486,6456.91752705,6467.41959831
附件一（训练集）.xlsx|材料3|1902,4,11474.08169,12427.0696284,10930.6431758,11419.0080174
附件一（训练集）.xlsx|材料3|1903,2,20486.25816,22791.6619968,19128.9611813,19054.3138247
附件一（训练集）.xlsx|材料3|1904,0,37059.07153,38547.2299554,39630.5313434,36285.0921225
附件一（训练集）.xlsx|材料3|1905,3,68301.06556,71666.9801752,62287.0966578,56518.8735435
附件一（训练集）.xlsx|材料3|1906,2,128727.0277,143187.069904,131524.746452,129944.096789
附件一（训练集）.xlsx|材料3|1907,2,239782.9917,227399.038415,232154.991634,221213.548354
附件一（训练集）.xlsx|材料3|1908,3,458012.8883,455406.339524,484566.100299,471527.725861
附件一（训练集）.xlsx|材料3|1909,4,848722.8103,956356.539094,863275.022223,867681.162362
附件一（训练集）.xlsx|材料3|191,0,8493.362726,8737.21416818,8497.31988356,7941.07556161
附件一（训练集）.xlsx|材料3|1910,3,2738838.677,2562568.25477,2708714.8077,2654451.84757
附件一（训练集）.xlsx|材料3|1911,3,6755.697283,9932.29879812,6577.27102907,6711.46641204
附件一（训练集）.xlsx|材料3|1912,1,11298.42538,16691.6747813,10820.4575894,11279.308549
附件一（训练集）.xlsx|材料3|1913,4,19636.81262,33413.762105,20635.8514522,21465.1027034
附件一（训练集）.xlsx|材料3|1914,2,34496.18035,43117.5281476,30834.9967386,30340.7526469
附件一（训练集）.xlsx|材料3|1915,0,59794.0982,80546.6982376,60096.4862006,57443.830024
附件一（训练集）.xlsx|材料3|1916,2,367056.0917,458030.176601,394046.607742,384850.179712
附件一（训练集）.xlsx|材料3|1917,3,674493.0409,719177.642062,685593.756408,648007.415335
附件一（训练集）.xlsx|材料3|1918,4,1231408.647,1261053.12055,1267942.20411,1293569.26201
附件一（训练集）.xlsx|材料3|1919,1,4532.580577,8961.53501868,5354.24659445,5008.27031577
附件一（训练集）.xlsx|材料3|192,4,15310.81148,13928.3827992,13654.9385599,13545.5331288
附件一（训练集）.xlsx|材料3|1920,2,7316.820612,10222.8560324,8087.02392036,8256.00636116
附件一（训练集）.xlsx|材料3|1921,3,11929.07183,16076.3848831,11449.5036474,11359.2448639
附件一（训练集）.xlsx|材料3|1922,2,19996.08546,26624.3457922,20078.535148,20609.7679429
附件一（训练集）.xlsx|材料3|1923,4,34283.59743,47227.4029689,36550.5238784,35245.9450394
附件一（训练集）.xlsx|材料3|1924,2,99747.54742,131874.58886,103653.150754,102687.280898
附件一（训练集）.xlsx|材料3|1925,4,174673.785,211839.082198,181470.512093,178237.093528
附件一（训练集）.xlsx|材料3|1926,2,316795.6089,425429.88662,310132.865856,336539.98015
附件一（训练集）.xlsx|材料3|1927,3,566243.7742,633981.463316,566383.549457,582152.184406
附件一（训练集）.xlsx|材料3|1928,2,1809050.766,1826384.57669,1763519.76599,1821443.04816
附件一（训练集）.xlsx|材料3|1929,0,4919.976573,5812.75754425,4796.7431134,5066.03339754
附件一（训练集）.xlsx|材料3|193,0,27773.41548,28483.3024028,27136.7605078,28595.608889
附件一（训练集）.xlsx|材料3|1930,2,7844.030678,7092.26820277,7220.56237676,7537.98853908
附件一（训练集）.xlsx|材料3|1931,4,12770.79162,12004.9251692,12690.2533088,13047.4682303
附件一（训练集）.xlsx|材料3|1932,0,21051.42368,17989.0734576,20512.7636591,21612.5457987
附件一（训练集）.xlsx|材料3|1933,0,34593.87553,35775.5251219,34124.7160114,35446.9586101
附件一（训练集）.xlsx|材料3|1934,3,57433.24853,54186.8976095,53071.9303366,54873.9250263
附件一（训练集）.xlsx|材料3|1935,3,97568.73881,99195.8629991,94837.0583371,97558.6518101
附件一（训练集）.xlsx|材料3|1936,2,161677.0475,173493.905258,167998.053104,164829.312922
附件一（训练集）.xlsx|材料3|1937,3,1512310.863,1484709.56505,1449618.64659,1417248.76654
附件一（训练集）.xlsx|材料3|1938,4,5394.635699,6019.83375427,5248.66847159,5118.91958159
附件一（训练集）.xlsx|材料3|1939,0,8518.083112,8515.45456261,9419.35873107,8858.05598109
附件一（训练集）.xlsx|材料3|194,3,52006.56648,49974.7760612,53683.0065084,54290.6114899
附件一（训练集）.xlsx|材料3|1940,2,13705.10598,12335.8864606,12907.2103199,12344.0683716
附件一（训练集）.xlsx|材料3|1941,0,36462.9572,30455.000403,35221.9605973,36382.7324891
附件一（训练集）.xlsx|材料3|1942,3,98237.54187,141281.822625,95850.014773,96511.0291013
附件一（训练集）.xlsx|材料3|1943,2,271023.1635,259513.80434,287926.608851,285927.691842
附件一（训练集）.xlsx|材料3|1944,3,461940.4025,662064.324064,439981.594997,450485.461912
附件一（训练集）.xlsx|材料3|1945,1,796168.8096,814533.058325,794353.410561,827468.545775
附件一（训练集）.xlsx|材料3|1946,2,1356022.245,1262311.33537,1410882.86373,1420477.97449
附件一（训练集）.xlsx|材料3|1947,0,9125.427671,11945.5019296,8448.77353761,7967.26570626
附件一（训练集）.xlsx|材料3|1948,3,23648.79657,27664.8777478,23459.0052528,22500.0683028
附件一（训练集）.xlsx|材料3|1949,2,38124.71564,47249.3165112,39983.066097,38486.5638219
附件一（训练集）.xlsx|材料3|195,1,322380.2729,323035.95534,334144.028348,337287.853524
附件一（训练集）.xlsx|材料3|1950,2,99144.55252,108010.933515,103528.876321,96700.3927447
附件一（训练集）.xlsx|材料3|1951,4,160320.5519,197036.654223,165647.630403,162781.64078
附件一（训练集）.xlsx|材料3|1952,2,438783.0851,485398.363568,429999.072162,447582.45322
附件一（训练集）.xlsx|材料3|1953,1,14888.11664,15990.4743943,14974.3220877,14315.8962348
附件一（训练集）.xlsx|材料3|1954,2,55539.26553,59828.920094,58159.0304296,57357.9257826
附件一（训练集）.xlsx|材料3|1955,0,108603.7499,115485.765708,101668.354606,104856.250095
附件一（训练集）.xlsx|材料3|1956,4,210525.8457,214671.441552,213158.686416,222203.94754
附件一（训练集）.xlsx|材料3|1957,1,390589.0418,403078.969202,386250.170503,386500.644415
附件一（训练集）.xlsx|材料3|1958,0,696685.5614,698252.785854,700196.017422,672875.856023
附件一（训练集）.xlsx|材料3|1959,3,19410.17047,22096.8609743,17296.7358123,17225.4969038
附件一（训练集）.xlsx|材料3|196,1,594517.3749,608080.841798,617280.627084,596048.657748
附件一（训练集）.xlsx|材料3|1960,1,37723.34143,40261.9351095,36251.9222461,36673.6623737
附件一（训练集）.xlsx|材料3|1961,2,146463.6947,156600.026171,144302.921371,146336.587539
附件一（训练集）.xlsx|材料3|1962,2,281892.1143,298090.436796,278644.413222,275288.877408
附件一（训练集）.xlsx|材料3|1963,3,940532.6615,1047876.64928,1000074.17934,981771.59379
附件一（训练集）.xlsx|材料3|1964,0,7752.059975,9145.81501186,7365.7101963,8137.87075084
附件一（训练集）.xlsx|材料3|1965,4,13464.26318,16033.4116082,12565.203452,13521.6170588
附件一（训练集）.xlsx|材料3|1966,1,50145.25233,52941.1172279,43753.9715582,42742.9882736
附件一（训练集）.xlsx|材料3|1967,3,705713.6916,775620.252502,650539.088605,663492.621542
附件一（训练集）.xlsx|材料3|1968,0,11291.79877,19560.1271837,11825.4665327,13101.9297532
附件一（训练集）.xlsx|材料3|1969,2,38368.30501,58393.7032059,36696.5216601,39025.485761
附件一（训练集）.xlsx|材料3|197,4,988.1051298,992.328982184,1040.59101182,1017.97286766
附件一（训练集）.xlsx|材料3|1970,4,147448.5266,201612.527856,173847.387446,171460.443084
附件一（训练集）.xlsx|材料3|1971,1,280831.9859,368664.033405,293886.265193,278324.296749
附件一（训练集）.xlsx|材料3|1972,4,538837.5373,652015.866031,567089.493499,565853.310506
附件一（训练集）.xlsx|材料3|1973,1,5748.821545,7605.65134559,5837.11503415,6525.65934023
附件一（训练集）.xlsx|材料3|1974,2,17279.74783,19420.8547275,17315.3323548,17782.6401235
附件一（训练集）.xlsx|材料3|1975,3,58255.76161,68463.7306609,61237.5329235,55650.0271297
附件一（训练集）.xlsx|材料3|1976,2,1401960.231,1365688.52547,1380040.5835,1296088.9
附件一（训练集）.xlsx|材料3|1977,3,2545334.251,2562568.25477,2468885.55797,2443822.0974
附件一（训练集）.xlsx|材料3|1978,3,5660.936855,9850.71754567,5400.9128427,5601.577989
附件一（训练集）.xlsx|材料3|1979,2,28083.07926,43117.5281476,26929.7413027,27423.6648734
附件一（训练集）.xlsx|材料3|198,2,6265.807227,6702.47042672,6447.75271538,6547.42055879
附件一（训练集）.xlsx|材料3|1980,3,94742.95263,136954.082599,82535.064924,85883.8633174
附件一（训练集）.xlsx|材料3|1981,2,173201.7934,221870.409308,153122.461079,157871.579797
附件一（训练集）.xlsx|材料3|1982,2,322772.9176,436784.723091,346893.708522,354461.926489
附件一（训练集）.xlsx|材料3|1983,3,600918.291,693288.43273,564973.204012,598052.228708
附件一（训练集）.xlsx|材料3|1984,4,1108455.555,1220202.71517,1139557.58661,1166101.20891
附件一（训练集）.xlsx|材料3|1985,4,28188.82697,47227.4029689,28231.5681832,27814.3099976
附件一（训练集）.xlsx|材料3|1986,3,48585.7518,83520.8086814,49283.8869597,51787.3450329
附件一（训练集）.xlsx|材料3|1987,2,85680.68989,148766.421141,92669.980221,87446.369838
附件一（训练集）.xlsx|材料3|1988,3,498180.6423,635332.791866,461846.391289,486054.752307
附件一（训练集）.xlsx|材料3|1989,2,6582.979562,7480.73962826,6767.91374513,6662.05667341
附件一（训练集）.xlsx|材料3|199,0,37009.10175,33621.6299625,36311.7019155,36265.6321435
附件一（训练集）.xlsx|材料3|1990,4,10673.99052,12070.826584,11078.0598838,10471.2761651
附件一（训练集）.xlsx|材料3|1991,0,17405.60364,18467.5021699,17063.3764009,17630.6365268
附件一（训练集）.xlsx|材料3|1992,3,48533.39804,53371.9992966,44816.08291,46430.2344277
附件一（训练集）.xlsx|材料3|1993,3,83300.52191,98519.8061355,84194.1224676,81245.883094
附件一（训练集）.xlsx|材料3|1994,2,140407.7064,169330.928031,151687.940643,143282.440562
附件一（训练集）.xlsx|材料3|1995,3,246717.5341,331463.090997,277963.573808,272730.158905
附件一（训练集）.xlsx|材料3|1996,3,12376.85085,24989.5598056,11756.6661452,11119.8661563
附件一（训练集）.xlsx|材料3|1997,3,19808.58656,27664.8777478,20292.3280446,20304.637749
附件一（训练集）.xlsx|材料3|1998,2,52040.81236,75317.7492481,53929.4031291,52341.2342899
附件一（训练集）.xlsx|材料3|1999,2,84908.52398,116664.936654,88101.3680649,81394.8547347
附件一（训练集）.xlsx|材料3|2,1,4489.278556,4250.02976077,4004.07961872,4254.64260651
附件一（训练集）.xlsx|材料3|20,3,2167.701999,1961.9767379,1919.81237541,1900.89103728
附件一（训练集）.xlsx|材料3|200,1,455074.1043,468675.523769,462075.7568,468103.039908
附件一（训练集）.xlsx|材料3|2000,4,138636.7137,226328.628094,130900.038573,126656.034054
附件一（训练集）.xlsx|材料3|2001,2,379974.5886,485398.363568,386048.718173,388653.698408
附件一（训练集）.xlsx|材料3|2002,1,6082.339324,6860.74960519,6133.21140798,6296.5815643
附件一（训练集）.xlsx|材料3|2003,4,10389.33686,10352.4876294,10302.3371157,10538.7684352
附件一（训练集）.xlsx|材料3|2004,2,30966.15687,33115.1071831,30227.655306,31013.5395086
附件一（训练集）.xlsx|材料3|2005,1,172775.0765,171351.533571,177051.964229,182889.906392
附件一（训练集）.xlsx|材料3|2006,1,301511.9552,287064.530546,301222.745874,306168.597916
附件一（训练集）.xlsx|材料3|2007,0,527781.0872,505185.794826,493528.596417,507637.058191
附件一（训练集）.xlsx|材料3|2008,4,908028.4229,954022.679127,944190.139418,909141.883568
附件一（训练集）.xlsx|材料3|2009,3,1550118.171,1663564.34375,1592518.93992,1567698.17843
附件一（训练集）.xlsx|材料3|201,2,1395.217941,1556.44485237,1524.0731531,1507.54112435
附件一（训练集）.xlsx|材料3|2010,0,2613061.03,2264806.30644,2293558.56854,2175133.69987
附件一（训练集）.xlsx|材料3|2011,3,1378204.445,1540402.20653,1308154.0537,1260959.91499
附件一（训练集）.xlsx|材料3|2012,4,10428.81926,11444.6264197,10461.2647285,10529.7139135
附件一（训练集）.xlsx|材料3|2013,0,17793.98854,18907.0723182,17074.3121253,17291.4379664
附件一（训练集）.xlsx|材料3|2014,2,31019.39075,33486.8056425,30206.7687652,30447.7127213
附件一（训练集）.xlsx|材料3|2015,4,98502.28326,99853.979757,92227.1264987,92649.3733426
附件一（训练集）.xlsx|材料3|2016,1,172663.3165,169405.233232,177481.939243,177188.415243
附件一（训练集）.xlsx|材料3|2017,1,300556.871,287064.530546,302015.968803,303118.455282
附件一（训练集）.xlsx|材料3|2018,0,525327.3901,505185.794826,499101.616018,514539.936771
附件一（训练集）.xlsx|材料3|2019,4,907179.153,954022.679127,925747.876451,927369.870493
附件一（训练集）.xlsx|材料3|202,0,2533.636206,2271.10707186,2446.71275341,2286.01864284
附件一（训练集）.xlsx|材料3|2020,0,2613157.7,2264806.30644,2283156.22912,2360685.15305
附件一（训练集）.xlsx|材料3|2021,2,2326352.617,2342164.53203,2111706.08943,2174555.5338
附件一（训练集）.xlsx|材料3|2022,0,19872.29387,21663.7842843,20827.9491977,22261.6110565
附件一（训练集）.xlsx|材料3|2023,2,33357.26436,29356.0222232,32407.6983263,31835.5319474
附件一（训练集）.xlsx|材料3|2024,3,58614.91081,55661.9015075,52513.4149431,58909.5524474
附件一（训练集）.xlsx|材料3|2025,4,98192.50369,101944.858008,97928.875184,97615.8605667
附件一（训练集）.xlsx|材料3|2026,1,796010.9141,786660.364854,810606.591826,773625.117602
附件一（训练集）.xlsx|材料3|2027,2,11648.64063,12144.1208553,12045.788843,12084.237765
附件一（训练集）.xlsx|材料3|2028,4,20006.29087,19362.7910441,17236.6954888,17680.3502073
附件一（训练集）.xlsx|材料3|2029,1,34864.92918,36040.0318022,34079.971283,33362.2597438
附件一（训练集）.xlsx|材料3|203,4,15132.4619,13484.0502511,12885.3080071,13303.5939219
附件一（训练集）.xlsx|材料3|2030,1,60121.1951,65330.3073812,59587.2120588,58061.1060519
附件一（训练集）.xlsx|材料3|2031,0,102788.8373,108276.775648,99068.5507814,101550.901708
附件一（训练集）.xlsx|材料3|2032,1,291454.3555,288004.299876,291586.114691,288138.501864
附件一（训练集）.xlsx|材料3|2033,0,491592.6414,493242.293169,501891.293337,472718.915716
附件一（训练集）.xlsx|材料3|2034,2,832641.234,844752.63907,853881.844619,806706.448468
附件一（训练集）.xlsx|材料3|2035,3,1389668.148,1414442.49523,1323573.90136,1313587.55013
附件一（训练集）.xlsx|材料3|2036,3,46159.81737,49771.3778086,45257.9375224,43839.4942469
附件一（训练集）.xlsx|材料3|2037,3,79912.69651,81773.0900494,78336.6780311,75744.0671841
附件一（训练集）.xlsx|材料3|2038,1,137280.5543,142336.322972,145431.536609,145824.786475
附件一（训练集）.xlsx|材料3|2039,1,233274.4626,229908.560288,220365.649208,213211.787324
附件一（训练集）.xlsx|材料3|204,2,28076.26147,25441.5898634,26874.5682597,27521.4178864
附件一（训练集）.xlsx|材料3|2040,0,395745.3831,392770.244804,394563.756543,388141.955313
附件一（训练集）.xlsx|材料3|2041,4,669451.024,677993.052331,665858.834242,678404.142893
附件一（训练集）.xlsx|材料3|2042,0,1108219.878,1053192.55795,1115346.94532,1038331.76487
附件一（训练集）.xlsx|材料3|2043,0,1900571.075,1817367.45519,1914493.7603,1895598.58549
附件一（训练集）.xlsx|材料3|2044,4,6183.752067,6386.04326409,6154.70432486,5940.8786057
附件一（训练集）.xlsx|材料3|2045,2,10809.78641,10043.7929445,9418.18368339,9652.04624838
附件一（训练集）.xlsx|材料3|2046,2,19880.64834,25252.2436009,20251.537905,20455.9023458
附件一（训练集）.xlsx|材料3|2047,1,35844.76261,38124.63646,33517.6559045,34000.8068098
附件一（训练集）.xlsx|材料3|2048,2,61833.57331,60542.8461866,57932.10703,59759.1424388
附件一（训练集）.xlsx|材料3|2049,3,107932.2282,103472.925693,98827.9422663,92459.1810023
附件一（训练集）.xlsx|材料3|205,1,53304.8932,57794.3207794,56866.4156153,55669.5077753
附件一（训练集）.xlsx|材料3|2050,0,186000.2753,173574.437888,172874.937528,181149.245826
附件一（训练集）.xlsx|材料3|2051,0,319515.5483,336197.061356,345553.101859,378690.30617
附件一（训练集）.xlsx|材料3|2052,4,901746.9567,863926.041003,834304.609038,815017.281294
附件一（训练集）.xlsx|材料3|2053,1,1526956.787,1525665.26585,1556434.64343,1508910.71791
附件一（训练集）.xlsx|材料3|2054,1,2620972.734,2501191.93718,2392282.68017,2473541.21566
附件一（训练集）.xlsx|材料3|2055,3,4641.557931,4721.1421486,4925.44538999,4912.53528235
附件一（训练集）.xlsx|材料3|2056,1,8098.184376,7079.22780273,7664.28676544,7600.55580029
附件一（训练集）.xlsx|材料3|2057,2,14887.86863,15536.774224,16643.078903,16779.6868486
附件一（训练集）.xlsx|材料3|2058,2,27419.74278,28547.427956,28964.4681147,29482.0239293
附件一（训练集）.xlsx|材料3|2059,4,84987.15927,93693.5298303,82569.0221329,85249.4350702
附件一（训练集）.xlsx|材料3|206,1,102169.7483,118952.144796,110484.582703,112903.295623
附件一（训练集）.xlsx|材料3|2060,4,148895.9285,160362.015242,143552.182449,144627.953336
附件一（训练集）.xlsx|材料3|2061,2,259233.6447,263790.882588,230949.811477,237825.316751
附件一（训练集）.xlsx|材料3|2062,1,741083.7579,790806.073504,758080.534098,808606.587758
附件一（训练集）.xlsx|材料3|2063,1,1263399.252,1251316.2993,1192829.85858,1189185.37605
附件一（训练集）.xlsx|材料3|2064,4,2144767.263,1984356.35319,2038301.68851,2075784.03177
附件一（训练集）.xlsx|材料3|2065,3,6394.359434,5770.68522764,5623.70376203,5601.52306221
附件一（训练集）.xlsx|材料3|2066,1,11614.54617,11590.4742952,11733.3097619,11140.7420168
附件一（训练集）.xlsx|材料3|2067,2,21109.30388,18833.1527738,19709.9091466,20758.0936144
附件一（训练集）.xlsx|材料3|2068,3,67729.5286,67170.0731855,74637.5047132,73391.7610513
附件一（训练集）.xlsx|材料3|2069,4,118325.3084,105565.146093,115625.737276,112816.292076
附件一（训练集）.xlsx|材料3|207,2,641976.55,636942.659332,636538.969563,650329.057771
附件一（训练集）.xlsx|材料3|2070,4,208672.7717,193001.637553,196871.765125,189647.334884
附件一（训练集）.xlsx|材料3|2071,2,610447.6077,568734.419456,604217.002696,596535.334442
附件一（训练集）.xlsx|材料3|2072,1,1036416.403,913187.35777,1004377.87603,1011307.97967
附件一（训练集）.xlsx|材料3|2073,3,3132.279232,3056.32652584,2842.87578917,3053.36123433
附件一（训练集）.xlsx|材料3|2074,3,9693.809857,8889.24257407,9681.74202426,9778.8708874
附件一（训练集）.xlsx|材料3|2075,0,31208.28094,30113.23362,31170.8094003,32339.3058775
附件一（训练集）.xlsx|材料3|2076,2,55548.13688,49265.3177209,55217.7717527,57227.36615
附件一（训练集）.xlsx|材料3|2077,0,172524.1872,169498.656579,171204.342469,169061.232067
附件一（训练集）.xlsx|材料3|2078,1,304159.0319,305657.442888,311998.8278,317063.626685
附件一（训练集）.xlsx|材料3|2079,4,519964.4744,503884.870766,504177.937805,495466.425355
附件一（训练集）.xlsx|材料3|208,0,929.2417497,1071.15997053,1002.10913481,951.103011179
附件一（训练集）.xlsx|材料3|2080,2,1515677.626,1485015.38907,1502687.6884,1552921.00575
附件一（训练集）.xlsx|材料3|2081,3,2918.915724,3006.20126666,3038.41998058,2973.95772065
附件一（训练集）.xlsx|材料3|2082,2,4976.462604,4773.40115505,4682.46571816,4651.18856303
附件一（训练集）.xlsx|材料3|2083,4,8785.585593,9169.9934668,9030.86405683,8944.35565315
附件一（训练集）.xlsx|材料3|2084,0,15601.37655,16157.7573329,15224.8985085,15850.9895953
附件一（训练集）.xlsx|材料3|2085,0,47379.54984,58715.9606957,49681.7283297,48922.5225102
附件一（训练集）.xlsx|材料3|2086,3,83596.92955,83204.8722655,78303.2686984,78327.7575568
附件一（训练集）.xlsx|材料3|2087,4,147807.0232,175353.367185,159260.486663,157971.884542
附件一（训练集）.xlsx|材料3|2088,3,256828.9592,297299.728796,277486.798689,294525.248857
附件一（训练集）.xlsx|材料3|2089,1,768324.2347,704369.747974,725216.74617,708581.718472
附件一（训练集）.xlsx|材料3|209,2,2032.10392,2041.38310183,2055.39225602,1967.03527973
附件一（训练集）.xlsx|材料3|2090,1,1314974.904,1199584.63186,1272677.74363,1219056.6092
附件一（训练集）.xlsx|材料3|2091,3,4865.86321,6245.87140443,4982.2496787,5232.40784908
附件一（训练集）.xlsx|材料3|2092,4,14583.21657,12792.4127396,15699.4575756,15162.0907704
附件一（训练集）.xlsx|材料3|2093,0,25239.90804,21505.166435,27170.2813966,28474.5240774
附件一（训练集）.xlsx|材料3|2094,3,43131.24681,45694.0538123,53783.9702767,54847.753731
附件一（训练集）.xlsx|材料3|2095,0,75574.52172,79017.6150161,79030.8489432,79981.9370595
附件一（训练集）.xlsx|材料3|2096,3,132068.6726,116056.685196,131118.5266,131910.665688
附件一（训练集）.xlsx|材料3|2097,4,228385.6492,242130.151556,255046.671081,244383.067996
附件一（训练集）.xlsx|材料3|2098,3,393973.6064,399912.903674,436071.476689,438267.927831
附件一（训练集）.xlsx|材料3|2099,0,683906.1649,651645.390965,649961.738761,668864.875757
附件一（训练集）.xlsx|材料3|21,1,4048.121968,4414.53509587,3406.06275384,3497.43745391
附件一（训练集）.xlsx|材料3|210,1,3769.966885,3690.5228674,3638.79238137,3404.60194356
附件一（训练集）.xlsx|材料3|2100,2,32951.68346,31697.2509761,31895.0288702,32340.3091704
附件一（训练集）.xlsx|材料3|2101,3,161902.3873,166238.264854,155170.518501,161640.275887
附件一（训练集）.xlsx|材料3|2102,1,272305.0677,269707.55217,285662.31993,264314.605428
附件一（训练集）.xlsx|材料3|2103,1,792483.012,797000.380323,803572.827614,743896.530754
附件一（训练集）.xlsx|材料3|2104,1,26101.30547,25126.8741666,24421.5188383,26613.3508264
附件一（训练集）.xlsx|材料3|2105,1,44145.30559,45438.4705145,39161.5487731,41174.5933368
附件一（训练集）.xlsx|材料3|2106,0,75724.38227,84795.7796602,71680.9016656,65098.2323246
附件一（训练集）.xlsx|材料3|2107,0,127215.9835,125737.07566,130893.27999,126409.390781
附件一（训练集）.xlsx|材料3|2108,1,214648.4894,202238.151089,204229.761037,213772.054514
附件一（训练集）.xlsx|材料3|2109,3,1026741.632,959924.593646,961405.376065,984486.657748
附件一（训练集）.xlsx|材料3|211,3,6548.193141,6281.96767128,6475.10563281,6304.30921917
附件一（训练集）.xlsx|材料3|2110,4,20004.73974,18411.4294094,18544.6846971,19914.7039416
附件一（训练集）.xlsx|材料3|2111,3,33447.98584,31051.3466696,33815.5718469,33452.4417729
附件一（训练集）.xlsx|材料3|2112,1,99319.11445,93622.4764145,103096.501209,103793.173218
附件一（训练集）.xlsx|材料3|2113,0,288224.2594,264412.63635,279105.677519,294295.672799
附件一（训练集）.xlsx|材料3|2114,4,483641.2404,486663.707231,477522.049666,461521.430945
附件一（训练集）.xlsx|材料3|2115,0,806102.9184,806432.156463,836858.905038,793987.173812
附件一（训练集）.xlsx|材料3|2116,0,1376318.209,1342603.09316,1369670.89733,1266859.67578
附件一（训练集）.xlsx|材料3|2117,1,14689.76391,15860.3586616,13472.6625303,13681.3068284
附件一（训练集）.xlsx|材料3|2118,4,25415.03313,26111.5032289,23768.4033349,25351.1958289
附件一（训练集）.xlsx|材料3|2119,3,44360.38539,42538.1234064,42246.6619399,39524.0601993
附件一（训练集）.xlsx|材料3|212,4,11888.74009,12141.29272,12163.3238616,12310.4643958
附件一（训练集）.xlsx|材料3|2120,1,228854.3879,242829.048364,237704.652207,224655.814633
附件一（训练集）.xlsx|材料3|2121,4,645234.2973,680257.815498,627352.031779,620821.537171
附件一（训练集）.xlsx|材料3|2122,0,1093905.119,1129070.3453,1183924.6419,1118984.85219
附件一（训练集）.xlsx|材料3|2123,0,1868576.425,1839429.78054,1946546.29778,1792998.47003
附件一（训练集）.xlsx|材料3|2124,2,10595.36383,9971.99685375,9193.14423253,9153.42174076
附件一（训练集）.xlsx|材料3|2125,2,18692.55894,19198.0499791,17461.9626484,16926.7265244
附件一（训练集）.xlsx|材料3|2126,1,33809.81993,35936.7526059,31904.002413,32588.5613956
附件一（训练集）.xlsx|材料3|2127,2,58608.60104,60972.5655868,57002.8176334,57658.0817394
附件一（训练集）.xlsx|材料3|2128,3,104155.9799,97643.0188698,85983.4179932,90098.717954
附件一（训练集）.xlsx|材料3|2129,0,308566.9543,333315.700099,327349.812086,334359.539584
附件一（训练集）.xlsx|材料3|213,2,22094.61703,21770.7863699,21843.582089,22454.7974387
附件一（训练集）.xlsx|材料3|2130,3,517667.4019,533831.485815,554687.23054,596668.663732
附件一（训练集）.xlsx|材料3|2131,4,877837.9584,913527.603529,863028.121504,830035.580661
附件一（训练集）.xlsx|材料3|2132,1,2500914.631,2490348.47008,2448571.09848,2494869.00005
附件一（训练集）.xlsx|材料3|2133,1,7717.682693,6817.41480919,7501.37521253,8585.78291345
附件一（训练集）.xlsx|材料3|2134,2,13736.57392,14484.9214626,12649.6156166,13141.6111816
附件一（训练集）.xlsx|材料3|2135,2,25050.47905,26395.4150623,25051.8545579,25529.7719124
附件一（训练集）.xlsx|材料3|2136,3,45296.23582,45454.7916657,48435.3116945,48690.6032923
附件一（训练集）.xlsx|材料3|2137,4,80772.6767,74951.6874208,73862.4623066,74210.3920126
附件一（训练集）.xlsx|材料3|2138,4,143208.0933,137290.474454,132343.130569,127134.396388
附件一（训练集）.xlsx|材料3|2139,2,248438.9833,248650.770549,215066.676717,220415.877692
附件一（训练集）.xlsx|材料3|214,1,41670.43713,38143.5950891,41836.4433002,39091.2891355
附件一（训练集）.xlsx|材料3|2140,2,420573.0308,394536.865723,365064.040571,360468.639973
附件一（训练集）.xlsx|材料3|2141,1,716471.5088,718671.90164,700840.717821,716889.942311
附件一（训练集）.xlsx|材料3|2142,4,2027536.402,1906205.3412,1864784.42821,1871279.92517
附件一（训练集）.xlsx|材料3|2143,3,3460637.134,3370427.28066,3511804.38939,3306174.50349
附件一（训练集）.xlsx|材料3|2144,3,5831.308699,5278.48151611,4957.43912445,5312.90201804
附件一（训练集）.xlsx|材料3|2145,1,10263.66389,10065.3050618,9630.93849394,9980.58114846
附件一（训练集）.xlsx|材料3|2146,3,63336.95603,63946.3946368,61263.7344561,60101.7160929
附件一（训练集）.xlsx|材料3|2147,4,111663.9585,122449.767703,112307.027919,112507.507502
附件一（训练集）.xlsx|材料3|2148,1,1000205.73,1015240.96386,1028332.15049,1054187.30626
附件一（训练集）.xlsx|材料3|2149,1,1675763.619,1527410.85975,1571170.2204,1641119.46041
附件一（训练集）.xlsx|材料3|215,0,79292.51269,83222.5428874,82350.6751586,82354.7680064
附件一（训练集）.xlsx|材料3|2150,4,2833127.937,2622522.60843,2533328.51246,2635372.45562
附件一（训练集）.xlsx|材料3|2151,3,8309.184524,7960.7361162,7625.83970399,7782.20808712
附件一（训练集）.xlsx|材料3|2152,3,14976.25708,14915.4001211,15063.3791655,14315.9549234
附件一（训练集）.xlsx|材料3|2153,0,27209.3961,30111.6638909,28409.7532017,27963.7364605
附件一（训练集）.xlsx|材料3|2154,0,160689.6251,168376.059862,152479.274129,157059.059955
附件一（训练集）.xlsx|材料3|2155,2,844835.396,860925.063375,814812.872705,831290.327528
附件一（训练集）.xlsx|材料3|2156,2,2396571.867,2410668.97325,2500552.9579,2408596.87276
附件一（训练集）.xlsx|材料3|2157,2,4131.113772,3816.08648778,4176.06092022,4259.5817791
附件一（训练集）.xlsx|材料3|2158,0,12813.47424,12128.6409441,11864.2811055,12056.4334614
附件一（训练集）.xlsx|材料3|2159,3,22876.16531,22121.174355,25990.9225878,24790.7145021
附件一（训练集）.xlsx|材料3|216,0,265896.8283,272897.695162,267505.405273,278231.065628
附件一（训练集）.xlsx|材料3|2160,0,42086.86183,42578.7787462,40120.8555368,41478.2650289
附件一（训练集）.xlsx|材料3|2161,4,135621.1028,140179.174121,137070.439228,139438.164187
附件一（训练集）.xlsx|材料3|2162,3,234875.0116,205914.23797,229678.348686,198239.661042
附件一（训练集）.xlsx|材料3|2163,0,416619.474,417901.024534,397154.884539,415276.494688
附件一（训练集）.xlsx|材料3|2164,0,2068583.51,1857569.28365,1816591.50527,1712967.85389
附件一（训练集）.xlsx|材料3|2165,3,3858.014233,4417.07514369,4039.73239693,4082.12823434
附件一（训练集）.xlsx|材料3|2166,2,6552.173721,6477.47272537,6890.04491827,6624.39232511
附件一（训练集）.xlsx|材料3|2167,4,11549.34994,12171.3645741,11584.0283764,11226.8008135
附件一（训练集）.xlsx|材料3|2168,0,20291.90854,20908.0245196,20146.5027598,21243.0960506
附件一（训练集）.xlsx|材料3|2169,3,36521.95839,38149.8348452,37882.2310586,38511.6733984
附件一（训练集）.xlsx|材料3|217,0,1776.567543,1742.38403329,1862.15042958,1777.79432714
附件一（训练集）.xlsx|材料3|2170,0,65106.80032,64136.1705366,64963.575695,69012.164799
附件一（训练集）.xlsx|材料3|2171,3,115216.6236,116056.685196,119483.184852,120858.545903
附件一（训练集）.xlsx|材料3|2172,4,201214.5095,207097.68841,182432.958469,183505.809469
附件一（训练集）.xlsx|材料3|2173,0,617350.4247,614781.44826,621122.334056,610535.383555
附件一（训练集）.xlsx|材料3|2174,1,1052309.637,924636.233615,934424.466834,908230.741372
附件一（训练集）.xlsx|材料3|2175,0,6467.722837,7228.49178132,6892.34339649,6659.63046558
附件一（训练集）.xlsx|材料3|2176,0,11125.32163,11641.8808618,11318.4254644,10777.6370469
附件一（训练集）.xlsx|材料3|2177,3,19311.86446,21033.9398151,19587.8118779,18593.6729337
附件一（训练集）.xlsx|材料3|2178,4,33972.5823,34146.4814105,36080.5531572,34702.5541306
附件一（训练集）.xlsx|材料3|2179,0,103803.2625,111070.902458,111627.998723,108816.451003
附件一（训练集）.xlsx|材料3|218,1,5735.579023,6006.3996465,6321.1021681,6118.47464132
附件一（训练集）.xlsx|材料3|2180,4,179386.635,178909.400512,186257.891372,181600.332286
附件一（训练集）.xlsx|材料3|2181,3,315057.7336,315162.97532,302168.577802,298668.187385
附件一（训练集）.xlsx|材料3|2182,1,544505.4248,560203.406938,565039.90126,558748.031062
附件一（训练集）.xlsx|材料3|2183,0,935261.2629,838835.083521,867979.454832,846236.363694
附件一（训练集）.xlsx|材料3|2184,2,32983.91343,31904.980554,33754.6005198,32506.9394707
附件一（训练集）.xlsx|材料3|2185,3,58009.27927,55966.4970335,54980.3146113,53180.6992044
附件一（训练集）.xlsx|材料3|2186,4,98336.59792,101727.032297,101749.781988,99154.3720177
附件一（训练集）.xlsx|材料3|2187,3,165976.6648,168267.554895,174808.141814,180050.322442
附件一（训练集）.xlsx|材料3|2188,1,279071.2518,272166.156189,277678.264193,268955.411257
附件一（训练集）.xlsx|材料3|2189,2,467351.0545,485979.65147,467537.6318,471169.514195
附件一（训练集）.xlsx|材料3|219,4,18440.69046,19156.2443387,18753.2481086,20367.7962567
附件一（训练集）.xlsx|材料3|2190,1,803113.3864,796706.066557,818534.106652,780238.830918
附件一（训练集）.xlsx|材料3|2191,1,26521.08016,24336.5546171,25108.8982586,27010.7299108
附件一（训练集）.xlsx|材料3|2192,1,46631.24514,49303.9000048,47205.3390976,46067.9135047
附件一（训练集）.xlsx|材料3|2193,0,78918.33928,78471.047052,77422.461986,72397.3309435
附件一（训练集）.xlsx|材料3|2194,0,132151.2327,134456.928943,136262.670342,129215.412115
附件一（训练集）.xlsx|材料3|2195,1,222669.5342,209364.342093,207337.866119,215614.934516
附件一（训练集）.xlsx|材料3|2196,0,368743.4242,376661.075345,347402.307829,340922.433568
附件一（训练集）.xlsx|材料3|2197,2,624319.3418,600476.036983,634972.541474,655146.936205
附件一（训练集）.xlsx|材料3|2198,3,1067410.727,1069676.64208,1027264.43121,1054039.03431
附件一（训练集）.xlsx|材料3|2199,4,20412.72355,18789.5033872,17379.1666215,17852.2604312
附件一（训练集）.xlsx|材料3|22,2,13351.22387,13893.123715,13460.5354502,13555.1616193
附件一（训练集）.xlsx|材料3|220,2,34619.22012,36193.5095906,32375.6646114,32377.6208589
附件一（训练集）.xlsx|材料3|2200,3,35375.65051,36827.6089322,37838.8971233,39172.2337969
附件一（训练集）.xlsx|材料3|2201,3,60670.85945,63958.7606362,60093.8593389,62065.218245
附件一（训练集）.xlsx|材料3|2202,1,103396.2959,105692.84291,109404.023514,110618.921393
附件一（训练集）.xlsx|材料3|2203,1,174690.6374,178124.638978,173310.812367,170691.693586
附件一（训练集）.xlsx|材料3|2204,0,291151.1209,283306.199856,294175.997337,290339.503547
附件一（训练集）.xlsx|材料3|2205,4,489739.917,486720.84055,475523.032304,478322.375437
附件一（训练集）.xlsx|材料3|2206,0,826668.9812,846056.543098,851248.153546,839106.967636
附件一（训练集）.xlsx|材料3|2207,1,14927.99487,15501.9628467,14901.1734625,15446.3802125
附件一（训练集）.xlsx|材料3|2208,4,27000.53078,26360.2228721,27036.2458235,28159.3786712
附件一（训练集）.xlsx|材料3|2209,3,45671.61807,42510.6152268,39578.8333439,37299.3725291
附件一（训练集）.xlsx|材料3|221,0,114368.6262,109449.699979,121794.049823,119440.436704
附件一（训练集）.xlsx|材料3|2210,3,80006.51679,82025.5893965,76624.4248676,75832.9894047
附件一（训练集）.xlsx|材料3|2211,1,136623.5214,141958.609419,143874.104724,142308.91929
附件一（训练集）.xlsx|材料3|2212,1,231558.3023,229384.189282,242035.292908,224228.851009
附件一（训练集）.xlsx|材料3|2213,0,392498.296,374883.594614,376147.824152,379358.938921
附件一（训练集）.xlsx|材料3|2214,4,661217.046,670937.922479,605095.258637,631142.810125
附件一（训练集）.xlsx|材料3|2215,0,1111047.124,1124315.25324,1113579.51749,1087901.45627
附件一（训练集）.xlsx|材料3|2216,0,1902804.177,1837558.1154,1916507.69681,1843815.89541
附件一（训练集）.xlsx|材料3|2217,2,10907.25184,9971.99685375,8961.16983004,8891.58605253
附件一（训练集）.xlsx|材料3|2218,2,20011.38343,21580.0551862,20359.719884,19399.7459549
附件一（训练集）.xlsx|材料3|2219,2,60940.30347,53881.6841164,57999.6287388,57989.6328853
附件一（训练集）.xlsx|材料3|222,4,215608.563,205883.798479,214190.712122,222182.871843
附件一（训练集）.xlsx|材料3|2220,3,106396.1051,102407.182078,101980.916963,102428.113094
附件一（训练集）.xlsx|材料3|2221,0,183479.8241,177663.070225,175851.343687,169974.491624
附件一（训练集）.xlsx|材料3|2222,0,314346.791,333315.700099,337300.817207,344649.418356
附件一（训练集）.xlsx|材料3|2223,3,532728.8693,576838.81103,600829.525677,651339.220999
附件一（训练集）.xlsx|材料3|2224,4,895803.8852,913527.603529,864886.400204,871506.424135
附件一（训练集）.xlsx|材料3|2225,1,1520800.948,1547889.44288,1553395.43104,1610249.7264
附件一（训练集）.xlsx|材料3|2226,1,7963.760494,6640.51859437,6984.32481301,6583.52068969
附件一（训练集）.xlsx|材料3|2227,2,14778.80316,14199.1795532,13580.6615752,14105.4393144
附件一（训练集）.xlsx|材料3|2228,2,26219.1589,26482.1979196,23825.4626538,24431.7512289
附件一（训练集）.xlsx|材料3|2229,4,82308.29382,75167.4159551,81014.1946753,82342.8664876
附件一（训练集）.xlsx|材料3|223,1,1711.681229,1719.51839474,1834.59528747,1880.40561984
附件一（训练集）.xlsx|材料3|2230,4,145002.9468,135831.029495,132280.063429,131229.883855
附件一（训练集）.xlsx|材料3|2231,2,430288.9779,441919.19464,445345.516588,434524.557394
附件一（训练集）.xlsx|材料3|2232,1,729167.2582,718671.90164,717191.227889,731273.379804
附件一（训练集）.xlsx|材料3|2233,1,1243898.977,1252672.27363,1404368.68302,1397853.37846
附件一（训练集）.xlsx|材料3|2234,4,2087983.567,1997714.31132,2030512.38027,2042273.36482
附件一（训练集）.xlsx|材料3|2235,3,3525389.296,3370427.28066,3398984.99181,3368920.09474
附件一（训练集）.xlsx|材料3|2236,1,10749.86026,10508.3360731,9122.99789104,9179.6904359
附件一（训练集）.xlsx|材料3|2237,2,19509.52933,16526.7152979,15794.501015,16544.8690948
附件一（训练集）.xlsx|材料3|2238,2,35199.08969,33734.6944813,34172.0561045,33385.7842243
附件一（训练集）.xlsx|材料3|2239,3,63623.64239,63946.3946368,62860.3152466,62989.8429315
附件一（训练集）.xlsx|材料3|224,2,3225.652398,3624.28229944,3511.82923209,3520.53007595
附件一（训练集）.xlsx|材料3|2240,4,112588.1333,125316.612037,113875.147897,108138.378199
附件一（训练集）.xlsx|材料3|2241,4,199522.5059,198461.210621,202219.106021,199676.426977
附件一（训练集）.xlsx|材料3|2242,2,346363.1261,329740.072541,335585.103741,333313.660516
附件一（训练集）.xlsx|材料3|2243,1,1013583.571,996120.961134,1036652.95987,1033429.6052
附件一（训练集）.xlsx|材料3|2244,1,1707375.369,1815008.44534,1843124.33164,1872422.08883
附件一（训练集）.xlsx|材料3|2245,4,2859650.762,2507483.24875,2528044.33973,2513828.12959
附件一（训练集）.xlsx|材料3|2246,1,4683.905289,4833.89522261,4037.88305981,4080.91540341
附件一（训练集）.xlsx|材料3|2247,3,8491.989524,8369.04107107,7965.17927269,7721.7466775
附件一（训练集）.xlsx|材料3|2248,3,15131.79656,14915.4001211,13549.3883707,12615.9249974
附件一（训练集）.xlsx|材料3|2249,0,27685.15227,30113.23362,26874.0531954,25827.3667396
附件一（训练集）.xlsx|材料3|225,0,5497.116295,5577.85516264,5448.31728724,5859.66960663
附件一（训练集）.xlsx|材料3|2250,2,50345.0003,50191.4816655,49476.7061882,49798.8901463
附件一（训练集）.xlsx|材料3|2251,0,161320.4175,169746.857511,157704.228066,156771.096809
附件一（训练集）.xlsx|材料3|2252,1,285056.5575,303937.574988,281981.952933,300770.117666
附件一（训练集）.xlsx|材料3|2253,4,493109.6843,504712.807117,490223.834163,450699.004448
附件一（训练集）.xlsx|材料3|2254,2,849364.0589,860925.063375,861517.889211,874303.026852
附件一（训练集）.xlsx|材料3|2255,2,1437073.421,1487466.08572,1501163.84262,1499149.13725
附件一（训练集）.xlsx|材料3|2256,2,3923.507818,3816.08648778,3693.57901729,3626.52305379
附件一（训练集）.xlsx|材料3|2257,4,7068.104619,7025.58314509,7002.8318373,6903.61986079
附件一（训练集）.xlsx|材料3|2258,0,12478.11714,12248.0219156,10288.9261541,10472.2908203
附件一（训练集）.xlsx|材料3|2259,3,22323.78796,20990.3152367,22640.0563906,22645.6147807
附件一（训练集）.xlsx|材料3|226,1,9722.525401,9634.71461902,10425.2723668,10275.8888714
附件一（训练集）.xlsx|材料3|2260,0,40640.98137,42580.9983893,42707.8297591,41660.9918036
附件一（训练集）.xlsx|材料3|2261,4,132959.3702,134089.416807,134046.476604,132777.03664
附件一（训练集）.xlsx|材料3|2262,3,233338.1884,226251.188849,242163.185622,234983.758248
附件一（训练集）.xlsx|材料3|2263,0,410894.1893,371502.79453,394653.211371,398244.053897
附件一（训练集）.xlsx|材料3|2264,1,717302.2011,707723.873758,721970.310856,684267.407895
附件一（训练集）.xlsx|材料3|2265,1,1214957.553,1152974.51153,1185801.87572,1130752.46366
附件一（训练集）.xlsx|材料3|2266,0,2040795.84,1789531.63681,1891328.90747,1791594.13484
附件一（训练集）.xlsx|材料3|2267,3,3549.432713,4417.07514369,3836.15290557,3777.62224898
附件一（训练集）.xlsx|材料3|2268,4,11125.79103,11924.5132105,11760.3378629,12205.1454148
附件一（训练集）.xlsx|材料3|2269,0,19724.20253,21505.166435,17326.3797498,17869.2823158
附件一（训练集）.xlsx|材料3|227,1,58068.91734,61312.2084892,59737.8697568,58551.5647566
附件一（训练集）.xlsx|材料3|2270,0,63011.08285,64136.1705366,62515.2332864,62908.9852794
附件一（训练集）.xlsx|材料3|2271,3,113316.9609,104133.581813,109940.925174,112449.251661
附件一（训练集）.xlsx|材料3|2272,4,202392.4405,206437.154474,209429.412506,200352.218912
附件一（训练集）.xlsx|材料3|2273,3,352887.3294,345208.829339,342887.548971,349904.91336
附件一（训练集）.xlsx|材料3|2274,0,622708.8625,573956.178593,650016.726199,675566.815909
附件一（训练集）.xlsx|材料3|2275,1,1068249.837,1094172.19495,1014511.3456,1025626.79474
附件一（训练集）.xlsx|材料3|2276,1,1799882.882,1709660.19286,1843391.80982,1747079.52563
附件一（训练集）.xlsx|材料3|2277,0,10394.03787,11950.0804143,10309.3854276,9692.76651491
附件一（训练集）.xlsx|材料3|2278,3,18212.06987,19419.6132869,18041.2071971,18592.5849025
附件一（训练集）.xlsx|材料3|2279,4,31783.1308,34628.0642205,33252.4937084,32317.3179181
附件一（训练集）.xlsx|材料3|228,4,99119.12615,93669.424261,92217.6986487,92407.4671091
附件一（训练集）.xlsx|材料3|2280,4,176185.665,183011.741097,170041.281648,173634.342255
附件一（训练集）.xlsx|材料3|2281,3,309649.7668,315162.97532,289130.721729,298332.33167
附件一（训练集）.xlsx|材料3|2282,1,539512.1691,560203.406938,540296.489122,513729.197367
附件一（训练集）.xlsx|材料3|2283,0,934921.9182,908815.529613,902513.31147,931767.932797
附件一（训练集）.xlsx|材料3|2284,3,1590990.275,1492630.04065,1366688.74169,1385340.82119
附件一（训练集）.xlsx|材料3|2285,2,35997.88398,33308.7120331,35881.4887513,35935.3354444
附件一（训练集）.xlsx|材料3|2286,3,64179.03384,61669.8199545,67132.1100993,68466.9328991
附件一（训练集）.xlsx|材料3|2287,3,180258.4064,172863.742508,181916.421701,181541.353989
附件一（训练集）.xlsx|材料3|2288,1,302500.7165,290422.428219,286032.09857,304165.012848
附件一（训练集）.xlsx|材料3|2289,2,508265.4368,512072.543279,450254.218227,457521.499901
附件一（训练集）.xlsx|材料3|229,2,182953.3941,172575.277725,177433.526376,184390.596185
附件一（训练集）.xlsx|材料3|2290,1,873447.7034,848273.746841,815064.480474,806373.848776
附件一（训练集）.xlsx|材料3|2291,1,50965.91988,54646.3169236,49672.5264487,49237.8749343
附件一（训练集）.xlsx|材料3|2292,4,85848.0217,83817.8323685,82174.7949189,82186.0360296
附件一（训练集）.xlsx|材料3|2293,1,143899.6897,130925.581788,134115.788493,151962.903212
附件一（训练集）.xlsx|材料3|2294,2,239866.8139,217879.487181,232948.538728,231213.399389
附件一（训练集）.xlsx|材料3|2295,1,399674.3798,373431.525798,390659.1362,417555.661701
附件一（训练集）.xlsx|材料3|2296,3,676894.1148,678707.99114,660413.051628,711780.112685
附件一（训练集）.xlsx|材料3|2297,0,1153354.53,1018252.9116,1032903.13627,1021925.47436
附件一（训练集）.xlsx|材料3|2298,4,22378.61859,20029.6809855,19468.0756378,20546.1153051
附件一（训练集）.xlsx|材料3|2299,1,10125.42804,10892.0679885,10414.623473,10685.450429
附件一（训练集）.xlsx|材料3|23,0,67744.66643,72514.3434916,72859.6594718,74181.0686422
附件一（训练集）.xlsx|材料3|230,2,3478.465168,3522.22931447,3495.61180342,3470.40913968
附件一（训练集）.xlsx|材料3|2300,4,17129.81048,18020.0581224,16586.2409128,17145.2917304
附件一（训练集）.xlsx|材料3|2301,0,28914.93151,31737.6821852,27905.387195,29331.8643989
附件一（训练集）.xlsx|材料3|2302,0,49544.27721,50825.1950507,49951.7642258,50193.0672026
附件一（训练集）.xlsx|材料3|2303,2,86511.8031,90714.0574554,84164.5985255,81765.733016
附件一（训练集）.xlsx|材料3|2304,3,148194.6453,157073.530164,154249.983234,151976.273046
附件一（训练集）.xlsx|材料3|2305,4,257028.124,264804.569722,251850.966102,256994.737925
附件一（训练集）.xlsx|材料3|2306,3,441941.526,461889.579001,453270.73005,450866.765754
附件一（训练集）.xlsx|材料3|2307,4,765026.9096,812527.913251,783092.136191,766166.880789
附件一（训练集）.xlsx|材料3|2308,1,1320749.817,1350577.57108,1329927.20553,1338270.0156
附件一（训练集）.xlsx|材料3|2309,4,1208609.537,1367535.22628,1159494.47793,1201913.61385
附件一（训练集）.xlsx|材料3|231,4,17526.46755,16449.5547656,17014.3073519,17938.3894917
附件一（训练集）.xlsx|材料3|2310,1,2048541.205,1860014.39849,1920287.27067,1991466.60148
附件一（训练集）.xlsx|材料3|2311,4,6000.34791,6041.40932498,6078.32884456,6171.01107599
附件一（训练集）.xlsx|材料3|2312,1,10128.04379,11123.3149352,10364.9802012,10588.6161141
附件一（训练集）.xlsx|材料3|2313,0,28611.18058,31737.6821852,27795.454361,29097.4586438
附件一（训练集）.xlsx|材料3|2314,0,49257.15681,50355.8614568,49711.3193966,49077.4982804
附件一（训练集）.xlsx|材料3|2315,2,85442.3008,90714.0574554,84164.5985255,80582.8010932
附件一（训练集）.xlsx|材料3|2316,3,147184.1432,157073.530164,153956.874624,147608.168467
附件一（训练集）.xlsx|材料3|2317,4,252803.0784,264804.569722,252720.504192,256767.921493
附件一（训练集）.xlsx|材料3|2318,3,441235.2058,461889.579001,450864.550558,446335.046338
附件一（训练集）.xlsx|材料3|2319,4,764587.3065,812527.913251,775774.297414,766088.029015
附件一（训练集）.xlsx|材料3|232,0,30660.68314,32936.2480146,31404.9136881,30629.8808438
附件一（训练集）.xlsx|材料3|2320,1,1321555.021,1364840.9462,1334960.76129,1375290.7817
附件一（训练集）.xlsx|材料3|2321,0,2247427.51,2108067.80727,2050120.08333,2033646.58544
附件一（训练集）.xlsx|材料3|2322,2,11539.35999,12742.3314173,12394.8764776,12143.3123474
附件一（训练集）.xlsx|材料3|2323,4,20095.71964,18053.0742196,19392.0528332,19674.9010271
附件一（训练集）.xlsx|材料3|2324,4,36830.92149,38659.9087925,34934.2318503,34387.4814795
附件一（训练集）.xlsx|材料3|2325,4,64978.20354,65752.4064036,68666.5160326,64685.7607311
附件一（训练集）.xlsx|材料3|2326,4,114732.1077,122195.832586,125601.066839,116544.583758
附件一（训练集）.xlsx|材料3|2327,1,201462.0841,208321.474709,203919.863046,220060.67075
附件一（训练集）.xlsx|材料3|2328,2,357602.9516,364486.483662,379840.410319,368761.693671
附件一（训练集）.xlsx|材料3|2329,1,636511.0714,618052.895382,593467.68124,590384.448543
附件一（训练集）.xlsx|材料3|233,0,164415.9659,157207.635363,154294.455261,156936.967518
附件一（训练集）.xlsx|材料3|2330,3,49176.61464,49284.4478261,55138.0352182,58601.403661
附件一（训练集）.xlsx|材料3|2331,3,87736.39349,86856.5817858,88731.6268224,88347.8423923
附件一（训练集）.xlsx|材料3|2332,3,11979.47753,12201.824985,13629.779286,12758.7200329
附件一（训练集）.xlsx|材料3|2333,4,21268.90864,22747.000702,21282.6913939,20624.0589621
附件一（训练集）.xlsx|材料3|2334,1,37871.5861,36866.9156767,34646.0920819,36352.8237953
附件一（训练集）.xlsx|材料3|2335,3,67123.43438,69430.5672722,64828.0828095,64618.6242983
附件一（训练集）.xlsx|材料3|2336,1,209793.6582,210308.131102,208599.882361,210183.582192
附件一（训练集）.xlsx|材料3|2337,3,373738.9947,415592.740751,363047.372385,383884.16945
附件一（训练集）.xlsx|材料3|2338,2,1147826.192,1172370.79741,1117456.06302,1127451.64465
附件一（训练集）.xlsx|材料3|2339,3,5115.877677,5442.59834651,5513.05368753,5109.57504
附件一（训练集）.xlsx|材料3|234,2,6501.810936,6465.45029698,6660.79452191,6486.69709275
附件一（训练集）.xlsx|材料3|2340,0,8888.105351,8246.6200935,8636.81981874,8274.18191968
附件一（训练集）.xlsx|材料3|2341,4,16314.65533,17372.8248835,17494.2731334,17978.3263011
附件一（训练集）.xlsx|材料3|2342,4,51779.74393,51312.3396752,52989.1774321,52612.0478517
附件一（训练集）.xlsx|材料3|2343,4,163769.732,166858.483653,161623.877389,163461.042947
附件一（训练集）.xlsx|材料3|2344,2,291835.6255,303686.117889,302843.093279,300343.38626
附件一（训练集）.xlsx|材料3|2345,4,515407.2786,513522.358352,505974.327879,515953.199202
附件一（训练集）.xlsx|材料3|2346,1,891005.5939,871025.622334,856360.614244,812840.088568
附件一（训练集）.xlsx|材料3|2347,4,1584351.395,1590640.17145,1625469.72917,1633255.50779
附件一（训练集）.xlsx|材料3|2348,3,4023.593867,4630.80104553,3994.67321939,3883.64049384
附件一（训练集）.xlsx|材料3|2349,0,40378.31145,37734.2250393,38410.1305846,38931.4417398
附件一（训练集）.xlsx|材料3|235,2,6644.172297,6758.57214406,6381.75385628,6241.0179616
附件一（训练集）.xlsx|材料3|2350,2,72383.58347,70278.2684113,67832.9234102,66506.8031613
附件一（训练集）.xlsx|材料3|2351,1,129514.4995,128719.32818,127839.425963,128678.701597
附件一（训练集）.xlsx|材料3|2352,3,231266.2464,229915.733253,235594.733708,235568.033266
附件一（训练集）.xlsx|材料3|2353,0,411829.4406,436612.225376,434092.806762,443696.401705
附件一（训练集）.xlsx|材料3|2354,1,712648.3967,655351.63771,728957.633165,747874.746807
附件一（训练集）.xlsx|材料3|2355,0,1253997.452,1235341.74954,1267228.33233,1279052.10045
附件一（训练集）.xlsx|材料3|2356,0,2235884.566,2307251.23824,2231056.37636,2253648.92773
附件一（训练集）.xlsx|材料3|2357,4,3274.533371,3779.59058294,3849.01182506,3659.66397258
附件一（训练集）.xlsx|材料3|2358,1,5666.47984,5474.83075081,5784.99327015,5488.22702614
附件一（训练集）.xlsx|材料3|2359,4,10271.04186,11406.9134603,10470.2009836,10181.0055661
附件一（训练集）.xlsx|材料3|236,1,10936.22489,10339.3682254,11330.9624233,11334.7316395
附件一（训练集）.xlsx|材料3|2360,2,18737.25147,15509.4801555,19064.1390986,19619.5636992
附件一（训练集）.xlsx|材料3|2361,2,33303.31857,28321.3965401,29457.8168324,30553.6421751
附件一（训练集）.xlsx|材料3|2362,0,104661.2505,119244.196545,103690.379707,109597.068017
附件一（训练集）.xlsx|材料3|2363,3,335210.8845,348956.770165,339366.656821,321896.737702
附件一（训练集）.xlsx|材料3|2364,3,1021137.458,1033323.44901,1050600.27726,1045185.08675
附件一（训练集）.xlsx|材料3|2365,4,1802660.743,1838462.71705,1775589.35318,1750393.78311
附件一（训练集）.xlsx|材料3|2366,0,2895.81092,2735.02528245,3411.70154893,3148.46857648
附件一（训练集）.xlsx|材料3|2367,4,15929.86891,13774.4517896,15289.9066113,15268.2359746
附件一（训练集）.xlsx|材料3|2368,2,28091.33127,26972.3909713,28312.2762163,28938.3455294
附件一（训练集）.xlsx|材料3|2369,2,49619.93073,48500.0075525,48203.220037,50822.608038
附件一（训练集）.xlsx|材料3|237,4,18486.8543,18796.0516259,19314.6692223,20303.638742
附件一（训练集）.xlsx|材料3|2370,1,87811.48953,72107.7194085,87422.6193941,89480.4814414
附件一（训练集）.xlsx|材料3|2371,0,153992.7981,157346.473432,163655.364305,163571.144881
附件一（训练集）.xlsx|材料3|2372,3,1469720.499,1484009.71728,1448315.59662,1497777.18728
附件一（训练集）.xlsx|材料3|2373,2,2847.831469,3131.07166118,2965.20332666,3049.31889612
附件一（训练集）.xlsx|材料3|2374,2,8384.133689,6888.95290936,8959.27272036,8909.96972466
附件一（训练集）.xlsx|材料3|2375,1,14841.94736,11520.9008157,14370.862881,14563.169308
附件一（训练集）.xlsx|材料3|2376,4,25457.56138,23041.6327286,26816.5663276,27752.123657
附件一（训练集）.xlsx|材料3|2377,3,44731.78198,39428.0478077,45728.1036643,43710.0057363
附件一（训练集）.xlsx|材料3|2378,1,133802.8509,124580.44464,130416.687186,129581.067728
附件一（训练集）.xlsx|材料3|2379,3,237966.2252,230675.407149,235313.819009,246092.701285
附件一（训练集）.xlsx|材料3|238,0,54604.13031,50190.7507527,54833.510213,55516.3789853
附件一（训练集）.xlsx|材料3|2380,3,412879.5755,413965.08505,405254.108667,425409.496705
附件一（训练集）.xlsx|材料3|2381,0,724078.993,726208.482146,765796.744169,763009.24184
附件一（训练集）.xlsx|材料3|2382,0,1259633,1220067.38777,1246941.16884,1218803.11275
附件一（训练集）.xlsx|材料3|2383,1,2933.369281,2955.98591127,3065.96916878,3066.22533419
附件一（训练集）.xlsx|材料3|2384,4,8223.968451,8171.09488547,8547.08330823,8402.06445042
附件一（训练集）.xlsx|材料3|2385,1,14307.46185,15399.5208258,14865.0312876,14644.1626842
附件一（训练集）.xlsx|材料3|2386,1,41331.5769,46260.6725762,45145.490198,43829.649104
附件一（训练集）.xlsx|材料3|2387,2,71555.90561,71663.2216398,69555.1287094,70929.9224685
附件一（训练集）.xlsx|材料3|2388,2,124433.271,138138.034731,129177.978496,135769.193819
附件一（训练集）.xlsx|材料3|2389,3,212274.3976,237955.785408,224068.866368,243335.945503
附件一（训练集）.xlsx|材料3|239,4,154950.0601,151956.917988,135353.978219,142196.963606
附件一（训练集）.xlsx|材料3|2390,0,365824.9694,371243.147572,385271.922845,404814.481718
附件一（训练集）.xlsx|材料3|2391,2,1110300.592,1108841.83792,1093504.00523,1096164.43866
附件一（训练集）.xlsx|材料3|2392,1,5271.352703,5219.76399503,5265.97838427,5157.40482385
附件一（训练集）.xlsx|材料3|2393,4,8988.192948,7383.60446403,10200.8186619,10301.7524754
附件一（训练集）.xlsx|材料3|2394,4,15049.1493,12062.7864096,15424.4704222,15203.0027901
附件一（训练集）.xlsx|材料3|2395,1,25256.81286,24129.4735077,25687.304421,26092.339454
附件一（训练集）.xlsx|材料3|2396,4,42303.10393,40087.8894287,42933.7545411,43138.003284
附件一（训练集）.xlsx|材料3|2397,1,70496.319,70152.2944271,71037.2690889,69515.1863302
附件一（训练集）.xlsx|材料3|2398,2,119939.6657,104593.954499,118403.863061,115150.204771
附件一（训练集）.xlsx|材料3|2399,2,204907.9331,215782.007552,211291.839684,204134.439673
附件一（训练集）.xlsx|材料3|24,3,115834.5496,128410.221665,120948.512766,126111.630542
附件一（训练集）.xlsx|材料3|240,0,279383.5185,278486.920167,284581.952113,295741.823399
附件一（训练集）.xlsx|材料3|2400,3,342590.4319,301773.024135,372147.292033,367886.826167
附件一（训练集）.xlsx|材料3|2401,4,1023486.837,1100377.78702,999842.509598,972197.844698
附件一（训练集）.xlsx|材料3|2402,4,34643.74171,34806.6233717,33694.570906,33146.6841343
附件一（训练集）.xlsx|材料3|2403,4,63205.89068,66312.5767215,66984.2550257,63220.1215306
附件一（训练集）.xlsx|材料3|2404,1,198101.4207,207786.888528,203263.520449,201658.895995
附件一（训练集）.xlsx|材料3|2405,2,353332.351,362531.18525,358883.691904,355988.027146
附件一（训练集）.xlsx|材料3|2406,3,48257.40751,49190.9609111,50180.1260035,53267.1671649
附件一（训练集）.xlsx|材料3|2407,3,85653.41765,88158.0874574,82265.0528888,81662.5478108
附件一（训练集）.xlsx|材料3|2408,1,152312.0436,150720.295349,149310.351798,149971.58827
附件一（训练集）.xlsx|材料3|2409,3,269421.7759,283413.239043,263535.249842,271185.55856
附件一（训练集）.xlsx|材料3|241,0,12014.29765,12477.4160188,11100.5198003,10978.4981608
附件一（训练集）.xlsx|材料3|2410,3,476383.0288,480633.041802,501119.644351,484116.013198
附件一（训练集）.xlsx|材料3|2411,4,11885.70701,13346.7401926,13857.0687265,14584.0496402
附件一（训练集）.xlsx|材料3|2412,3,20653.08185,19510.1816183,19772.4605102,18411.0305255
附件一（训练集）.xlsx|材料3|2413,4,36469.06285,36458.3420376,37684.8251969,36989.299226
附件一（训练集）.xlsx|材料3|2414,1,64831.29985,65202.3823548,64276.5814986,63939.975736
附件一（训练集）.xlsx|材料3|2415,4,116336.3006,119516.052678,118425.430683,123715.511873
附件一（训练集）.xlsx|材料3|2416,2,206943.8641,218602.695612,216373.487148,210188.751156
附件一（训练集）.xlsx|材料3|2417,4,365284.1068,380711.335741,350238.499322,358586.722334
附件一（训练集）.xlsx|材料3|2418,1,641564.1789,646050.200804,642820.195889,625662.344603
附件一（训练集）.xlsx|材料3|2419,4,1141672.79,1174502.03062,1137976.26579,1119952.42022
附件一（训练集）.xlsx|材料3|242,0,12087.46813,12121.2124908,10818.2724413,10827.070692
附件一（训练集）.xlsx|材料3|2420,0,8654.429815,8246.6200935,8417.43500212,8544.95800175
附件一（训练集）.xlsx|材料3|2421,4,15228.10837,15299.8326523,14934.5178734,13839.6987497
附件一（训练集）.xlsx|材料3|2422,3,27651.61283,27878.9858157,28880.9538969,27629.6920635
附件一（训练集）.xlsx|材料3|2423,4,48515.87951,48205.1757817,50204.8515533,50059.945439
附件一（训练集）.xlsx|材料3|2424,1,88739.0338,86903.2844195,83856.3057371,84417.7915671
附件一（训练集）.xlsx|材料3|2425,4,159476.636,155914.298424,156864.016135,165193.316788
附件一（训练集）.xlsx|材料3|2426,1,879104.8358,896400.678891,881787.692971,845647.184542
附件一（训练集）.xlsx|材料3|2427,4,1567168.089,1663367.47953,1576013.74855,1599271.12255
附件一（训练集）.xlsx|材料3|2428,1,11456.19685,12092.9562172,10522.9999444,10955.2082348
附件一（训练集）.xlsx|材料3|2429,4,20822.03158,21973.6519902,22840.7097197,22728.3189315
附件一（训练集）.xlsx|材料3|243,2,90672.23447,95778.4484063,91540.7582883,90226.3288538
附件一（训练集）.xlsx|材料3|2430,2,68328.05628,69176.7357277,66091.9866189,67861.6017851
附件一（训练集）.xlsx|材料3|2431,1,122796.3426,123708.12624,125393.826693,123155.350364
附件一（训练集）.xlsx|材料3|2432,3,220370.5452,222114.531751,223336.987448,223455.746245
附件一（训练集）.xlsx|材料3|2433,0,1220761.796,1240339.71022,1239613.17704,1224263.18363
附件一（训练集）.xlsx|材料3|2434,0,2130855.956,2106024.03948,2122799.05423,2152849.21681
附件一（训练集）.xlsx|材料3|2435,1,5086.217396,4692.47780192,5024.17918738,5389.11719784
附件一（训练集）.xlsx|材料3|2436,2,16310.32816,14334.5812217,15352.8490795,15804.1310741
附件一（训练集）.xlsx|材料3|2437,2,29517.4427,27949.2028363,28580.1254344,28557.8768372
附件一（训练集）.xlsx|材料3|2438,1,54695.32134,55235.3922342,54798.5094896,54834.3769184
附件一（训练集）.xlsx|材料3|2439,0,97469.25112,98891.6827399,102303.469519,106512.974753
附件一（训练集）.xlsx|材料3|244,3,155063.8152,156858.214383,162911.077339,154287.652196
附件一（训练集）.xlsx|材料3|2440,4,175544.7047,171346.18112,170807.567607,169564.918898
附件一（训练集）.xlsx|材料3|2441,3,310938.8514,282069.320738,297111.330617,292478.847612
附件一（训练集）.xlsx|材料3|2442,1,552009.5734,558941.396435,520488.565219,540175.19167
附件一（训练集）.xlsx|材料3|2443,3,979523.3757,1000679.96984,999544.551938,982231.767394
附件一（训练集）.xlsx|材料3|2444,4,1699188.306,1622652.34862,1680833.25131,1645436.86427
附件一（训练集）.xlsx|材料3|2445,1,3007762.9,3008472.63675,2813856.52163,2925949.88306
附件一（训练集）.xlsx|材料3|2446,4,4221.798122,4528.78666958,4337.67121612,4115.22142627
附件一（训练集）.xlsx|材料3|2447,1,7376.564889,7550.58078916,7265.43289559,7509.48779973
附件一（训练集）.xlsx|材料3|2448,2,23963.73988,25320.7133837,24857.2738144,24632.9810974
附件一（训练集）.xlsx|材料3|2449,2,44389.83797,47723.7553958,40260.4188827,41928.28734
附件一（训练集）.xlsx|材料3|245,2,269229.5408,259111.981661,267754.409607,273528.261622
附件一（训练集）.xlsx|材料3|2450,1,80376.78351,85652.894902,85781.2230736,85551.2385527
附件一（训练集）.xlsx|材料3|2451,0,142654.5269,147496.684344,164485.887013,163069.725242
附件一（训练集）.xlsx|材料3|2452,4,252892.1765,258174.335188,255759.20332,252669.847592
附件一（训练集）.xlsx|材料3|2453,3,451551.9094,474623.167289,455563.612793,439182.182261
附件一（训练集）.xlsx|材料3|2454,1,798792.8386,813785.878975,777878.710678,805410.645582
附件一（训练集）.xlsx|材料3|2455,3,1385229.483,1385413.06462,1215582.72924,1276821.20525
附件一（训练集）.xlsx|材料3|2456,4,2425197.845,2188348.71,2271348.36804,2264560.96518
附件一（训练集）.xlsx|材料3|2457,0,3857.908306,4019.40045921,4004.35837721,4085.04016888
附件一（训练集）.xlsx|材料3|2458,2,6693.389837,7018.1782742,6840.86078373,6739.728636
附件一（训练集）.xlsx|材料3|2459,1,11939.04941,11519.7642732,12500.3259818,12715.3131785
附件一（训练集）.xlsx|材料3|246,3,1043.637673,1115.06302163,1097.0946657,972.595750155
附件一（训练集）.xlsx|材料3|2460,4,21021.57384,21931.7357009,23123.9925896,24412.5910246
附件一（训练集）.xlsx|材料3|2461,3,38536.70777,38096.2881482,41133.446744,39967.1174651
附件一（训练集）.xlsx|材料3|2462,0,68858.04659,73539.201822,70490.9367077,72626.7109522
附件一（训练集）.xlsx|材料3|2463,1,122903.7999,127787.539782,120834.384959,118615.453065
附件一（训练集）.xlsx|材料3|2464,3,214021.6427,217300.439786,219329.295709,213183.008071
附件一（训练集）.xlsx|材料3|2465,0,1162643.917,1205736.50773,1139805.92657,1132730.32958
附件一（训练集）.xlsx|材料3|2466,4,2025925.973,1933109.79286,1933790.24953,1867690.96684
附件一（训练集）.xlsx|材料3|2467,2,3842.950495,3697.25454695,4144.44124132,4212.26505677
附件一（训练集）.xlsx|材料3|2468,4,6532.238169,6032.09220566,6769.82913385,7004.92713726
附件一（训练集）.xlsx|材料3|2469,1,11349.60079,10470.5883976,11232.219575,11388.2884269
附件一（训练集）.xlsx|材料3|247,0,1945.61036,2006.86189857,2040.07943986,1918.11223966
附件一（训练集）.xlsx|材料3|2470,4,19779.54338,19644.46534,19377.151444,20503.4343021
附件一（训练集）.xlsx|材料3|2471,1,35445.03111,34754.6470085,35267.1383598,35552.3376074
附件一（训练集）.xlsx|材料3|2472,2,62713.76905,60127.884439,57330.9561899,55536.9093862
附件一（训练集）.xlsx|材料3|2473,2,109830.2582,104452.445283,106883.494313,108019.691726
附件一（训练集）.xlsx|材料3|2474,3,191163.4043,186192.572137,201906.792774,197679.673756
附件一（训练集）.xlsx|材料3|2475,0,333918.8469,349255.958781,338600.151295,351503.156381
附件一（训练集）.xlsx|材料3|2476,2,1020534.321,1045767.57466,1022497.32856,1007628.15879
附件一（训练集）.xlsx|材料3|2477,0,1754170.429,1704337.3725,1610759.3949,1428178.80364
附件一（训练集）.xlsx|材料3|2478,4,11486.11979,11505.6405443,11847.4959297,11664.3473133
附件一（训练集）.xlsx|材料3|2479,1,19700.98624,20455.2361666,19842.3136541,20988.1188091
附件一（训练集）.xlsx|材料3|248,2,6515.52063,6471.88227593,6668.64228546,6634.94730561
附件一（训练集）.xlsx|材料3|2480,1,58986.30083,59562.0341722,61364.4267383,59924.765157
附件一（训练集）.xlsx|材料3|2481,2,101298.6731,99480.1634788,98768.1177352,94072.1590591
附件一（训练集）.xlsx|材料3|2482,2,173500.4816,184484.596611,189241.763801,178292.945868
附件一（训练集）.xlsx|材料3|2483,3,302286.596,307058.957747,333432.356106,311500.781589
附件一（训练集）.xlsx|材料3|2484,0,521839.7972,545779.246807,526418.820284,513915.159703
附件一（训练集）.xlsx|材料3|2485,4,897982.6804,901826.280046,910342.299603,892136.997148
附件一（训练集）.xlsx|材料3|2486,2,1545254.487,1465932.24016,1345446.40736,1387306.18952
附件一（训练集）.xlsx|材料3|2487,2,7423.216436,6392.64220306,7498.12189028,7222.33256884
附件一（训练集）.xlsx|材料3|2488,0,12521.82969,12667.6776718,12322.1814361,11811.245773
附件一（训练集）.xlsx|材料3|2489,2,20849.07742,18250.128109,20894.4202489,20201.5205623
附件一（训练集）.xlsx|材料3|249,4,13594.39054,15023.4129285,13591.743305,13700.6677104
附件一（训练集）.xlsx|材料3|2490,3,35286.57894,34225.1718502,36582.1849485,35671.646189
附件一（训练集）.xlsx|材料3|2491,2,59808.53068,62836.929356,64132.3434858,60927.4000197
附件一（训练集）.xlsx|材料3|2492,0,99567.10513,104543.559736,102966.188172,102997.917326
附件一（训练集）.xlsx|材料3|2493,0,167495.6951,172837.708002,173678.753467,175068.229316
附件一（训练集）.xlsx|材料3|2494,0,287184.9469,293639.806307,281217.394889,283518.467303
附件一（训练集）.xlsx|材料3|2495,2,486001.0422,488952.269385,504953.410168,510051.826543
附件一（训练集）.xlsx|材料3|2496,1,826772.6457,819224.290814,800509.148452,829226.102413
附件一（训练集）.xlsx|材料3|2497,4,19929.52072,18276.5301904,20994.6097607,20277.9669638
附件一（训练集）.xlsx|材料3|2498,4,65570.87466,66318.5818841,70176.4345144,63034.3066497
附件一（训练集）.xlsx|材料3|2499,1,205817.4547,209341.633877,195467.500963,203169.618799
附件一（训练集）.xlsx|材料3|25,4,326429.9909,351738.882654,323197.184037,326543.711634
附件一（训练集）.xlsx|材料3|250,3,26760.72784,26755.1060664,25599.7480159,24723.4136092
附件一（训练集）.xlsx|材料3|2500,2,361091.9764,364155.068314,371832.913977,362433.114289
附件一（训练集）.xlsx|材料3|2501,1,640995.0885,625945.469231,601144.536359,601395.037468
附件一（训练集）.xlsx|材料3|2502,4,16516.84981,17114.6681045,17225.9486094,17310.4328214
附件一（训练集）.xlsx|材料3|2503,3,50715.80556,52684.6926218,54472.5495143,51059.0288429
附件一（训练集）.xlsx|材料3|2504,3,89898.84196,91080.0485805,91680.3116987,87990.0360991
附件一（训练集）.xlsx|材料3|2505,1,159244.0332,149397.196657,151966.591717,149436.354883
附件一（训练集）.xlsx|材料3|2506,3,276844.0715,285240.176912,284819.782682,275367.953162
附件一（训练集）.xlsx|材料3|2507,3,489449.2545,484626.75885,500172.146133,477677.669803
附件一（训练集）.xlsx|材料3|2508,4,12226.46669,11564.0652913,11861.7112157,12038.3635342
附件一（训练集）.xlsx|材料3|2509,3,21926.44486,22398.0969379,23125.5411714,22619.33497
附件一（训练集）.xlsx|材料3|251,4,104926.0669,105898.029854,101949.532899,105880.478317
附件一（训练集）.xlsx|材料3|2510,1,67749.40356,63635.438908,66260.1296799,65521.8292924
附件一（训练集）.xlsx|材料3|2511,2,210051.3017,213944.423142,217449.079705,208462.754945
附件一（训练集）.xlsx|材料3|2512,4,372879.9186,379669.569307,360221.620255,356971.92346
附件一（训练集）.xlsx|材料3|2513,1,660890.6406,654923.297083,653730.908311,655982.274412
附件一（训练集）.xlsx|材料3|2514,4,1167243.697,1171288.16049,1161140.53265,1169838.98384
附件一（训练集）.xlsx|材料3|2515,0,8905.068354,8309.1927911,7754.16871978,8213.29532026
附件一（训练集）.xlsx|材料3|2516,4,16175.26498,16212.8491701,16591.4442786,16231.5152806
附件一（训练集）.xlsx|材料3|2517,3,28750.20311,27771.3760464,27616.7287935,26551.7045514
附件一（训练集）.xlsx|材料3|2518,4,50395.70259,49288.0986707,52165.3144773,52408.4486644
附件一（训练集）.xlsx|材料3|2519,1,90389.2777,86858.0553439,85104.3519072,85083.4964217
附件一（训练集）.xlsx|材料3|252,4,195739.9623,227453.062564,210899.097789,218301.525679
附件一（训练集）.xlsx|材料3|2520,4,161479.623,157599.50633,160277.661101,167885.378726
附件一（训练集）.xlsx|材料3|2521,2,287939.3414,271025.317811,270084.009224,260926.188943
附件一（训练集）.xlsx|材料3|2522,4,509333.9912,502064.862045,459521.493375,482143.388111
附件一（训练集）.xlsx|材料3|2523,4,1607314.467,1656252.69061,1650536.67453,1648002.92079
附件一（训练集）.xlsx|材料3|2524,4,6614.842679,6637.37189014,6128.67331908,6121.96232715
附件一（训练集）.xlsx|材料3|2525,4,21632.3087,21763.248404,24079.3886883,23220.0571456
附件一（训练集）.xlsx|材料3|2526,0,38863.61822,35698.4462641,36475.6026609,37278.0673119
附件一（训练集）.xlsx|材料3|2527,2,68904.16648,69176.7357277,66300.645389,63007.9337697
附件一（训练集）.xlsx|材料3|2528,1,124697.2748,123708.12624,129360.346493,123729.191213
附件一（训练集）.xlsx|材料3|2529,3,224922.041,222114.531751,232447.693943,232810.635374
附件一（训练集）.xlsx|材料3|253,1,338501.7941,322161.564881,357190.853811,356526.529662
附件一（训练集）.xlsx|材料3|2530,0,398265.4849,427032.92627,402838.097302,421884.583838
附件一（训练集）.xlsx|材料3|2531,1,704992.1501,710611.56032,685144.277111,665568.259957
附件一（训练集）.xlsx|材料3|2532,0,1257027.009,1238073.75221,1252865.59508,1275411.95423
附件一（训练集）.xlsx|材料3|2533,0,2212228.475,2239118.07667,2232559.41583,2209601.92008
附件一（训练集）.xlsx|材料3|2534,4,9284.175416,8542.95533433,8690.1220371,8480.75713605
附件一（训练集）.xlsx|材料3|2535,2,30027.34077,28126.8887807,27077.3988022,27422.4053588
附件一（训练集）.xlsx|材料3|2536,4,176787.2849,172854.564039,172860.497141,173355.65134
附件一（训练集）.xlsx|材料3|2537,3,316793.3283,310632.973476,336066.704724,334224.415621
附件一（训练集）.xlsx|材料3|2538,1,3079346.898,3008472.63675,2882442.70344,2944852.74775
附件一（训练集）.xlsx|材料3|2539,4,4116.862146,3651.32079496,3572.15216627,3367.27348003
附件一（训练集）.xlsx|材料3|254,3,1526.09154,1586.74009027,1524.86842769,1470.16505054
附件一（训练集）.xlsx|材料3|2540,4,13159.43017,11987.0395006,11720.9147504,11187.3568414
附件一（训练集）.xlsx|材料3|2541,2,23898.15953,25082.32726,22765.5339795,23128.668384
附件一（训练集）.xlsx|材料3|2542,2,43144.98231,45802.6166999,39925.9358783,40875.7371572
附件一（训练集）.xlsx|材料3|2543,0,141647.3212,154290.811757,145394.126161,144652.364744
附件一（训练集）.xlsx|材料3|2544,4,254397.2931,249029.208782,260692.246449,251450.51536
附件一（训练集）.xlsx|材料3|2545,3,452593.0427,477426.165534,476639.79963,465966.578188
附件一（训练集）.xlsx|材料3|2546,1,803241.6161,794660.7443,797164.74457,804985.821021
附件一（训练集）.xlsx|材料3|2547,3,1409297.42,1473902.73191,1494840.33923,1453578.4309
附件一（训练集）.xlsx|材料3|2548,0,3710.370683,4019.40045921,3595.69998842,3836.86044173
附件一（训练集）.xlsx|材料3|2549,2,6622.437449,6747.3538868,7680.71875571,6905.81593601
附件一（训练集）.xlsx|材料3|255,3,2841.983653,2930.40571006,2636.63666772,2653.0725522
附件一（训练集）.xlsx|材料3|2550,1,11576.8553,11519.7642732,11380.9889924,11817.9532765
附件一（训练集）.xlsx|材料3|2551,4,20571.39017,23335.9200243,19899.410397,21270.8296283
附件一（训练集）.xlsx|材料3|2552,3,36993.79527,43143.843182,38188.9238405,36350.8400022
附件一（训练集）.xlsx|材料3|2553,0,66663.22525,74979.7136664,68341.2810555,70544.7401851
附件一（训练集）.xlsx|材料3|2554,3,213134.1851,229502.175695,242570.209833,237764.685816
附件一（训练集）.xlsx|材料3|2555,3,379571.1977,431100.372318,395388.043861,370452.287978
附件一（训练集）.xlsx|材料3|2556,0,675279.6028,712383.747369,729574.603845,670913.636844
附件一（训练集）.xlsx|材料3|2557,0,1172931.209,1220067.38777,1104214.42277,1095557.24318
附件一（训练集）.xlsx|材料3|2558,4,2030695.926,1917001.90078,1851369.95976,1844752.951
附件一（训练集）.xlsx|材料3|2559,4,6056.763722,6059.78136096,6249.81671101,6416.37291868
附件一（训练集）.xlsx|材料3|256,1,5196.428002,5123.66655613,5211.78942506,4883.10155528
附件一（训练集）.xlsx|材料3|2560,1,10600.9277,10470.5883976,11141.5905918,11105.2480348
附件一（训练集）.xlsx|材料3|2561,1,32724.15647,34762.9191536,34352.1150104,34597.1873424
附件一（训练集）.xlsx|材料3|2562,2,58720.13382,57115.9057329,53315.4564585,52480.241591
附件一（训练集）.xlsx|材料3|2563,2,104822.9875,108201.567064,102513.734436,104333.093465
附件一（训练集）.xlsx|材料3|2564,0,324742.6229,318298.08081,341212.747514,336204.839603
附件一（训练集）.xlsx|材料3|2565,4,578578.5217,572990.059265,581477.074346,548527.159403
附件一（训练集）.xlsx|材料3|2566,2,1004768.402,1045767.57466,1057097.67264,1045592.86041
附件一（训练集）.xlsx|材料3|2567,0,1718030.64,1567215.74076,1650940.55527,1542671.55134
附件一（训练集）.xlsx|材料3|2568,2,6172.113534,6493.79164324,6636.71462844,6928.52657369
附件一（训练集）.xlsx|材料3|2569,4,10638.34513,10499.1312528,11224.7465964,11988.817756
附件一（训练集）.xlsx|材料3|257,1,9728.783665,11205.9920804,9808.04770334,9623.92545734
附件一（训练集）.xlsx|材料3|2570,4,31946.66324,33988.5009907,33602.7075161,34093.8571842
附件一（训练集）.xlsx|材料3|2571,1,55420.66185,59576.2108602,54516.9027324,55108.7661329
附件一（训练集）.xlsx|材料3|2572,2,170314.5667,163543.775144,167262.658379,163753.656593
附件一（训练集）.xlsx|材料3|2573,3,297439.3846,301773.024135,306899.96252,311608.906612
附件一（训练集）.xlsx|材料3|2574,0,519684.1937,517675.361049,550397.465454,555637.891314
附件一（训练集）.xlsx|材料3|2575,4,900807.1785,888141.491824,987105.519256,974488.456054
附件一（训练集）.xlsx|材料3|2576,2,1539945.131,1509066.39396,1345528.35603,1463070.2981
附件一（训练集）.xlsx|材料3|2577,2,6879.97098,6549.40278855,7079.584167,7155.79349955
附件一（训练集）.xlsx|材料3|2578,0,11381.19739,12667.6776718,11034.2542501,10611.2178165
附件一（训练集）.xlsx|材料3|2579,2,19321.05996,18303.8842306,19240.35022,19078.4025886
附件一（训练集）.xlsx|材料3|258,3,18455.0332,17982.7823792,17429.6797025,17923.4212296
附件一（训练集）.xlsx|材料3|2580,3,32786.36403,34023.021849,31131.2281934,30766.5619202
附件一（训练集）.xlsx|材料3|2581,2,55547.46131,66092.6228683,46788.162251,47629.3966245
附件一（训练集）.xlsx|材料3|2582,0,161944.4403,174088.675043,158345.371679,165728.203729
附件一（训练集）.xlsx|材料3|2583,0,276837.7214,293639.806307,262568.586875,280542.159568
附件一（训练集）.xlsx|材料3|2584,2,474657.9164,499606.963569,471270.575146,458880.786768
附件一（训练集）.xlsx|材料3|2585,1,817225.9285,814784.269899,805841.678872,823693.054633
附件一（训练集）.xlsx|材料3|2586,4,1394919.075,1373020.2019,1369166.74504,1365960.24337
附件一（训练集）.xlsx|材料3|2587,4,40850.05542,42632.6166605,45113.8115818,42378.1136632
附件一（训练集）.xlsx|材料3|2588,4,72199.38299,68513.164546,79020.050871,74379.6655115
附件一（训练集）.xlsx|材料3|2589,4,127882.7758,129226.330669,134913.365408,136712.265002
附件一（训练集）.xlsx|材料3|259,0,36180.71707,36402.8724798,37303.3528912,37254.7691995
附件一（训练集）.xlsx|材料3|2590,1,225546.6769,222400.806167,217481.12776,226042.705528
附件一（训练集）.xlsx|材料3|2591,2,395557.1718,383544.000584,373345.402193,363734.356405
附件一（训练集）.xlsx|材料3|2592,1,703491.1656,639811.835175,608621.115748,614958.353405
附件一（训练集）.xlsx|材料3|2593,3,18132.09407,18804.1574525,18210.7617099,19061.2658612
附件一（训练集）.xlsx|材料3|2594,0,32068.47667,33746.3886428,31088.0593469,30755.0777648
附件一（训练集）.xlsx|材料3|2595,1,56093.68848,53880.8828745,52665.5342566,54965.6628295
附件一（训练集）.xlsx|材料3|2596,2,99081.55127,98593.9506819,99911.0655695,103576.513825
附件一（训练集）.xlsx|材料3|2597,1,172859.8229,151301.41199,164440.329634,160621.125287
附件一（训练集）.xlsx|材料3|2598,4,301758.159,286179.027249,296128.965359,307901.624883
附件一（训练集）.xlsx|材料3|2599,1,536268.7612,564303.441027,549387.165127,571283.042013
附件一（训练集）.xlsx|材料3|26,2,1442.561093,1330.653626,1297.90584752,1349.71402539
附件一（训练集）.xlsx|材料3|260,4,71999.11501,70146.7818761,70145.6449517,68786.877967
附件一（训练集）.xlsx|材料3|2600,1,946997.9944,950763.256556,853240.579176,899317.557947
附件一（训练集）.xlsx|材料3|2601,4,6619.394545,6281.80019684,6821.84785661,6631.39199884
附件一（训练集）.xlsx|材料3|2602,2,10799.43738,11782.031935,11140.1174957,11430.9906138
附件一（训练集）.xlsx|材料3|2603,2,29081.6313,31751.8362757,28653.389198,29233.7521636
附件一（训练集）.xlsx|材料3|2604,2,81887.19634,85245.1307998,79314.9373976,78809.4807426
附件一（训练集）.xlsx|材料3|2605,4,136949.3018,149742.083287,138551.267483,139144.832606
附件一（训练集）.xlsx|材料3|2606,2,399115.3277,446049.89491,399884.593279,408258.615511
附件一（训练集）.xlsx|材料3|2607,1,688588.4849,736957.195021,700352.013562,701454.236353
附件一（训练集）.xlsx|材料3|2608,4,1190920.74,1304255.1328,1252601.2079,1211109.11171
附件一（训练集）.xlsx|材料3|2609,0,2035415.023,1955590.52925,1920499.95265,1836409.59001
附件一（训练集）.xlsx|材料3|261,1,142972.2227,132321.86639,127950.957791,124233.908054
附件一（训练集）.xlsx|材料3|2610,4,1102226.695,1211524.2988,1043864.18966,1117212.82852
附件一（训练集）.xlsx|材料3|2611,1,1860727.877,1758882.53336,1762554.67403,1820919.27893
附件一（训练集）.xlsx|材料3|2612,4,6702.035581,6281.80019684,6797.50625658,6639.53246896
附件一（训练集）.xlsx|材料3|2613,2,10948.30387,11782.031935,11132.0880222,11292.4228179
附件一（训练集）.xlsx|材料3|2614,3,17950.55729,18126.9358437,16936.8502297,17169.3775054
附件一（训练集）.xlsx|材料3|2615,2,29461.27584,31751.8362757,28784.327998,28846.4143256
附件一（训练集）.xlsx|材料3|2616,4,49363.21688,51556.9163024,49807.4107704,48408.9677104
附件一（训练集）.xlsx|材料3|2617,2,82713.79853,85669.597407,79786.4034231,78423.3607384
附件一（训练集）.xlsx|材料3|2618,4,138598.7119,149742.083287,138722.222157,139042.119968
附件一（训练集）.xlsx|材料3|2619,2,235419.9986,245860.596309,239121.100439,244872.823722
附件一（训练集）.xlsx|材料3|262,3,266005.8152,260723.287741,252769.278724,246127.27189
附件一（训练集）.xlsx|材料3|2620,1,690888.4255,736957.195021,702893.725471,690496.359626
附件一（训练集）.xlsx|材料3|2621,4,1191590.842,1304255.1328,1243513.6506,1248634.48634
附件一（训练集）.xlsx|材料3|2622,0,2038936.938,1955590.52925,1901928.36861,1940444.48319
附件一（训练集）.xlsx|材料3|2623,4,7640.170678,7856.5206433,8574.92245199,8541.41224478
附件一（训练集）.xlsx|材料3|2624,2,13549.77123,13439.542185,15150.3029524,14013.0760294
附件一（训练集）.xlsx|材料3|2625,4,91295.82699,96834.9199967,102643.3923,97798.1407972
附件一（训练集）.xlsx|材料3|2626,1,306827.4779,316751.638533,309524.668707,325767.222342
附件一（训练集）.xlsx|材料3|2627,1,561299.755,526125.981711,530158.038401,519565.33471
附件一（训练集）.xlsx|材料3|2628,3,762498.8479,735658.669036,824606.38695,759337.094698
附件一（训练集）.xlsx|材料3|2629,3,7976.122929,7256.31161179,7803.87101455,7721.74111162
附件一（训练集）.xlsx|材料3|263,4,441472.0833,411550.569837,405218.48013,400111.114451
附件一（训练集）.xlsx|材料3|2630,3,14799.2391,15170.9550654,15269.4870891,14781.7215908
附件一（训练集）.xlsx|材料3|2631,3,26525.95466,24792.8540521,26272.6840316,25940.108373
附件一（训练集）.xlsx|材料3|2632,2,48979.28761,47459.6648962,47243.8364563,44135.6922933
附件一（训练集）.xlsx|材料3|2633,1,172453.0896,171987.702693,173074.498847,175818.785778
附件一（训练集）.xlsx|材料3|2634,3,319994.2435,340458.518631,306109.660375,325296.458052
附件一（训练集）.xlsx|材料3|2635,2,584315.1495,635588.01018,608011.333943,598107.76889
附件一（训练集）.xlsx|材料3|2636,3,1026265.221,1060690.78507,1026503.12694,1016171.02734
附件一（训练集）.xlsx|材料3|2637,0,6139.641599,5524.58985932,5803.41560175,5445.08825961
附件一（训练集）.xlsx|材料3|2638,3,11220.07192,10787.2704922,11129.3788599,10869.9374156
附件一（训练集）.xlsx|材料3|2639,0,20615.20786,19256.0412413,22287.1712034,21761.4512497
附件一（训练集）.xlsx|材料3|264,1,1065.228298,1093.15999965,982.320218421,1040.28868427
附件一（训练集）.xlsx|材料3|2640,2,37150.39227,33297.9195419,38934.7961868,37408.2814806
附件一（训练集）.xlsx|材料3|2641,3,128738.3274,119951.58871,129351.957043,120292.388223
附件一（训练集）.xlsx|材料3|2642,2,240912.0861,242289.359369,253548.793264,240733.184931
附件一（训练集）.xlsx|材料3|2643,0,445017.1798,473221.152799,474443.443362,478995.610654
附件一（训练集）.xlsx|材料3|2644,0,790486.3127,840879.760871,802666.133959,839926.247299
附件一（训练集）.xlsx|材料3|2645,4,1419233.065,1457378.96895,1477594.31469,1511401.91152
附件一（训练集）.xlsx|材料3|2646,4,5089.118865,5319.95895479,5383.49661601,5408.22529657
附件一（训练集）.xlsx|材料3|2647,2,9130.753379,10313.4732753,9694.35913322,10378.5325765
附件一（训练集）.xlsx|材料3|2648,2,16885.49321,15736.4019128,16852.3923058,17372.9739941
附件一（训练集）.xlsx|材料3|2649,2,30579.99962,27099.1573152,27387.5724881,28859.3506258
附件一（训练集）.xlsx|材料3|265,3,1976.306114,1948.34863547,1782.34481738,1782.12038736
附件一（训练集）.xlsx|材料3|2650,4,101627.4777,97723.6669181,97995.6061031,101439.300545
附件一（训练集）.xlsx|材料3|2651,4,188857.1881,195924.903272,199796.182578,196361.318549
附件一（训练集）.xlsx|材料3|2652,3,623813.7911,573747.917964,570683.869023,591576.019735
附件一（训练集）.xlsx|材料3|2653,4,1121317.286,1097527.01748,1111460.07078,1119210.00715
附件一（训练集）.xlsx|材料3|2654,4,2027536.62,2149866.51124,2110090.69401,2055165.34884
附件一（训练集）.xlsx|材料3|2655,3,8177.077955,9750.58394921,8649.73694198,8727.61551634
附件一（训练集）.xlsx|材料3|2656,4,14915.89765,12720.8350922,13945.2807778,15144.6503705
附件一（训练集）.xlsx|材料3|2657,4,47061.72871,50401.5416763,48677.361672,50281.1288502
附件一（训练集）.xlsx|材料3|2658,0,83271.34995,75799.4316599,81313.9479947,84574.8994738
附件一（训练集）.xlsx|材料3|2659,0,152913.8234,141863.002596,147873.655709,146170.635847
附件一（训练集）.xlsx|材料3|266,0,3652.433572,3432.86002249,3463.70333841,3582.25918559
附件一（训练集）.xlsx|材料3|2660,1,501077.6572,506846.957224,491972.261212,510606.145606
附件一（训练集）.xlsx|材料3|2661,4,907379.577,978348.593283,1029147.54317,1042618.87365
附件一（训练集）.xlsx|材料3|2662,0,1633016.244,1670550.12319,1587715.41761,1586987.92823
附件一（训练集）.xlsx|材料3|2663,2,2786.063702,2970.14304628,2941.58488425,3258.69500729
附件一（训练集）.xlsx|材料3|2664,1,4590.18657,4085.29463961,4235.94367769,4288.08934395
附件一（训练集）.xlsx|材料3|2665,3,8003.630184,8048.8959493,7902.67197068,7504.59222425
附件一（训练集）.xlsx|材料3|2666,2,41997.27439,38244.5809,37164.9741424,38920.0364045
附件一（训练集）.xlsx|材料3|2667,0,128490.7856,123058.274865,139965.107469,135290.250092
附件一（训练集）.xlsx|材料3|2668,2,410631.5701,367560.992252,425595.445482,409828.83396
附件一（训练集）.xlsx|材料3|2669,1,736054.4642,681584.987963,718776.915049,742027.978852
附件一（训练集）.xlsx|材料3|267,4,6882.759626,7712.75606487,6724.71214178,6551.91650149
附件一（训练集）.xlsx|材料3|2670,3,4817.694602,4133.26048475,4679.03945026,4546.59109666
附件一（训练集）.xlsx|材料3|2671,2,8290.858452,9789.97567427,10260.6015277,9846.70743467
附件一（训练集）.xlsx|材料3|2672,1,24095.38813,20167.0184652,23304.3425911,22940.2302292
附件一（训练集）.xlsx|材料3|2673,1,40421.70356,36290.5541229,41429.8721845,40316.3024392
附件一（训练集）.xlsx|材料3|2674,3,69245.82245,63283.7318362,74753.0924955,75419.8168889
附件一（训练集）.xlsx|材料3|2675,1,120071.609,104802.151096,112071.816952,111808.63393
附件一（训练集）.xlsx|材料3|2676,4,206686.6418,182292.855165,197430.789896,195187.231673
附件一（训练集）.xlsx|材料3|2677,4,360715.5348,330958.43348,351632.721701,357593.004437
附件一（训练集）.xlsx|材料3|2678,3,637808.5529,626067.346739,679734.082166,710856.44378
附件一（训练集）.xlsx|材料3|2679,2,1124341.788,1031253.41546,1094781.69009,1120658.37622
附件一（训练集）.xlsx|材料3|268,2,12269.30909,12750.388325,12058.4561269,11745.0953029
附件一（训练集）.xlsx|材料3|2680,2,3290.089577,4998.68679239,3868.97934175,4125.7023705
附件一（训练集）.xlsx|材料3|2681,1,8790.093057,8313.8460214,8382.06024377,8551.47809365
附件一（训练集）.xlsx|材料3|2682,4,14882.3999,15788.2425204,15072.4022052,15047.2677431
附件一（训练集）.xlsx|材料3|2683,0,41225.93689,44200.2804671,39866.2708463,39188.8499162
附件一（训练集）.xlsx|材料3|2684,2,68279.33008,66435.217923,64366.4419911,64085.1967097
附件一（训练集）.xlsx|材料3|2685,2,115090.5854,120868.181795,117150.206338,116110.331223
附件一（训练集）.xlsx|材料3|2686,3,328423.1741,357873.776055,362294.46496,389710.728941
附件一（训练集）.xlsx|材料3|2687,1,573763.3869,578606.03312,608934.117849,615573.34778
附件一（训练集）.xlsx|材料3|2688,2,997742.1526,979765.46723,986632.71122,1003377.27022
附件一（训练集）.xlsx|材料3|2689,2,5880.298564,6147.98761234,5831.44807984,5694.50588236
附件一（训练集）.xlsx|材料3|269,0,48290.88417,44555.2651273,48059.7054112,53051.8490004
附件一（训练集）.xlsx|材料3|2690,4,26107.30789,26308.061629,25166.2522003,25300.1466024
附件一（训练集）.xlsx|材料3|2691,3,42796.75457,41734.9255497,44770.3659659,44766.3254474
附件一（训练集）.xlsx|材料3|2692,2,115342.8129,109058.681374,106524.831523,106325.941557
附件一（训练集）.xlsx|材料3|2693,2,193183.5726,191737.882913,197111.098777,193133.232641
附件一（训练集）.xlsx|材料3|2694,1,316284.746,313917.106734,306467.682394,305974.281176
附件一（训练集）.xlsx|材料3|2695,3,540941.9932,571425.290326,544068.024318,539257.047458
附件一（训练集）.xlsx|材料3|2696,1,930652.2555,924930.465958,859440.411622,888891.052883
附件一（训练集）.xlsx|材料3|2697,2,13079.38247,13439.542185,14839.6320566,15246.4972044
附件一（训练集）.xlsx|材料3|2698,2,24265.37637,25302.326856,23534.4494414,24172.4082072
附件一（训练集）.xlsx|材料3|2699,4,89018.73774,93219.5560068,91853.1232323,90789.2077926
附件一（训练集）.xlsx|材料3|27,0,9365.014008,8752.2561816,8869.94697886,8705.27607346
附件一（训练集）.xlsx|材料3|270,3,99410.27789,94820.2476013,94889.0576119,94940.3774444
附件一（训练集）.xlsx|材料3|2700,4,166061.0101,168867.110874,165346.707668,166043.525673
附件一（训练集）.xlsx|材料3|2701,1,305532.2664,316842.709622,317913.371309,328196.65395
附件一（训练集）.xlsx|材料3|2702,1,550549.3797,530493.373793,508625.849011,501242.315986
附件一（训练集）.xlsx|材料3|2703,3,10591.99922,9952.28512554,10254.9796659,10621.9664914
附件一（训练集）.xlsx|材料3|2704,2,34859.40018,37260.828284,34576.3556463,33645.2269933
附件一（训练集）.xlsx|材料3|2705,1,65103.36664,63548.9273563,66339.0158363,64528.9571116
附件一（训练集）.xlsx|材料3|2706,1,122099.0953,123144.402231,124168.817094,123663.410834
附件一（训练集）.xlsx|材料3|2707,3,225378.7172,232366.779784,228863.106921,232260.046882
附件一（训练集）.xlsx|材料3|2708,2,413422.3339,424805.891717,432085.315334,463227.268422
附件一（训练集）.xlsx|材料3|2709,3,737844.1216,691157.042347,719807.310224,730310.078124
附件一（训练集）.xlsx|材料3|271,3,337703.0625,345265.521582,329968.265574,338141.276525
附件一（训练集）.xlsx|材料3|2710,2,25247.34052,26150.0204651,27224.239582,26605.49256
附件一（训练集）.xlsx|材料3|2711,0,47011.83773,49593.9883844,48268.4546382,47201.464575
附件一（训练集）.xlsx|材料3|2712,3,89920.0972,92788.4803327,95067.6041874,94209.3746452
附件一（训练集）.xlsx|材料3|2713,0,310391.3944,328000.056953,303930.821323,310253.931097
附件一（训练集）.xlsx|材料3|2714,0,563842.2919,574810.147165,557773.764676,571019.448844
附件一（训练集）.xlsx|材料3|2715,4,1022059.396,1069229.53064,1012062.75884,1012165.92454
附件一（训练集）.xlsx|材料3|2716,0,5654.155441,5524.58985932,5463.92410302,5153.31553606
附件一（训练集）.xlsx|材料3|2717,3,9949.136383,8844.91898409,9602.1525115,9126.23357525
附件一（训练集）.xlsx|材料3|2718,0,18765.50118,19081.0793675,19601.2577817,18419.1310791
附件一（训练集）.xlsx|材料3|2719,2,34206.76696,33297.9195419,36550.2988722,35582.7943326
附件一（训练集）.xlsx|材料3|272,3,620204.1234,636523.964081,624928.442087,609469.753601
附件一（训练集）.xlsx|材料3|2720,0,65787.49457,63750.2622233,69515.7618896,68659.357047
附件一（训练集）.xlsx|材料3|2721,3,123728.2444,123626.411713,122277.454212,124856.720647
附件一（训练集）.xlsx|材料3|2722,2,232175.2493,241719.652396,240766.100007,228753.737604
附件一（训练集）.xlsx|材料3|2723,0,428090.7022,470968.618571,425612.786426,429518.214649
附件一（训练集）.xlsx|材料3|2724,0,783347.5846,821488.838633,783684.774839,798567.582376
附件一（训练集）.xlsx|材料3|2725,4,1406602.77,1524990.39004,1491236.52363,1469358.83725
附件一（训练集）.xlsx|材料3|2726,4,4518.435121,4785.49494839,4207.29954811,4576.232579
附件一（训练集）.xlsx|材料3|2727,2,7884.904538,8754.21742969,9053.87777956,9106.53811213
附件一（训练集）.xlsx|材料3|2728,2,14454.259,15225.1001274,15266.0538578,15322.0802004
附件一（训练集）.xlsx|材料3|2729,2,26657.42762,24190.3831115,26167.929292,24979.7590001
附件一（训练集）.xlsx|材料3|273,1,1510.065474,1523.97091466,1445.32199813,1435.33808392
附件一（训练集）.xlsx|材料3|2730,3,49971.78578,51310.936862,46203.6471459,46671.6210101
附件一（训练集）.xlsx|材料3|2731,4,93745.42099,96033.5486667,95900.659134,94565.487184
附件一（训练集）.xlsx|材料3|2732,4,176548.2756,191197.62792,184462.498852,186249.008216
附件一（训练集）.xlsx|材料3|2733,4,324616.6394,342686.594131,313042.058308,318861.057927
附件一（训练集）.xlsx|材料3|2734,3,601827.4258,636880.709301,674804.661093,634192.51229
附件一（训练集）.xlsx|材料3|2735,4,1097405.611,1126567.70428,1095278.34474,1098038.4807
附件一（训练集）.xlsx|材料3|2736,4,1930684.059,2025673.69741,2014880.17218,2049287.02604
附件一（训练集）.xlsx|材料3|2737,3,3867.211099,4048.84505431,4003.66141791,4295.35864502
附件一（训练集）.xlsx|材料3|2738,3,6656.443972,7489.77449699,6440.12801728,6791.92152421
附件一（训练集）.xlsx|材料3|2739,4,12005.37194,10741.3661859,11686.1383762,11538.0857626
附件一（训练集）.xlsx|材料3|274,3,2586.801667,2680.75194243,2720.11010635,2599.50988541
附件一（训练集）.xlsx|材料3|2740,2,21796.02923,20759.8101381,21186.5076079,21109.4439595
附件一（训练集）.xlsx|材料3|2741,4,41614.2844,37032.0080582,39734.1265251,40059.6152355
附件一（训练集）.xlsx|材料3|2742,4,868591.6291,905234.193075,945182.33551,929818.819145
附件一（训练集）.xlsx|材料3|2743,0,1538899.21,1559428.97589,1505409.27244,1545979.85331
附件一（训练集）.xlsx|材料3|2744,3,2752310.042,2642897.24885,2721505.18734,2622267.85925
附件一（训练集）.xlsx|材料3|2745,1,3656.467632,4085.29463961,3949.72799089,3857.30991558
附件一（训练集）.xlsx|材料3|2746,3,10912.15472,11960.9969539,9623.41488512,9120.28665539
附件一（训练集）.xlsx|材料3|2747,4,64622.77434,66594.9941507,65595.333557,64875.2918436
附件一（训练集）.xlsx|材料3|2748,0,115460.2373,115354.905183,134292.795351,131621.186537
附件一（训练集）.xlsx|材料3|2749,0,210337.2074,210514.82502,203427.468066,189715.781519
附件一（训练集）.xlsx|材料3|275,0,4900.209289,5325.22287174,4914.80974043,4678.4627765
附件一（训练集）.xlsx|材料3|2750,1,698943.2754,709081.782465,677154.973756,713551.506081
附件一（训练集）.xlsx|材料3|2751,4,1243325.57,1353595.6829,1409515.2934,1429807.58905
附件一（训练集）.xlsx|材料3|2752,0,2216857.054,1997730.6181,2008047.9756,2063422.7456
附件一（训练集）.xlsx|材料3|2753,2,6384.304508,7290.59910245,6636.12952784,6853.03740639
附件一（训练集）.xlsx|材料3|2754,4,11056.05465,10526.4809992,10754.0376053,10999.5860304
附件一（训练集）.xlsx|材料3|2755,1,18877.95505,19925.0245439,19990.8599721,20240.6737039
附件一（训练集）.xlsx|材料3|2756,1,33965.70927,33835.8300523,36164.5398317,36154.3043535
附件一（训练集）.xlsx|材料3|2757,3,59667.41448,63491.4896785,61418.7999188,62644.2487746
附件一（训练集）.xlsx|材料3|2758,1,105353.425,107283.503441,103663.201214,101667.237397
附件一（训练集）.xlsx|材料3|2759,4,330487.6623,330057.971352,317823.990577,301606.030272
附件一（训练集）.xlsx|材料3|276,4,8869.787961,8757.8839184,8831.32370282,8345.48279983
附件一（训练集）.xlsx|材料3|2760,3,592785.1775,622391.66702,585672.548301,579165.770065
附件一（训练集）.xlsx|材料3|2761,2,1037597.465,984050.723333,1115713.64493,1157056.62047
附件一（训练集）.xlsx|材料3|2762,3,4149.284328,3821.94756899,4170.80832425,4406.68711592
附件一（训练集）.xlsx|材料3|2763,1,6830.807713,6421.02461051,6883.97385564,7016.01581476
附件一（训练集）.xlsx|材料3|2764,4,11652.22963,10338.4827233,10747.1288515,10730.5800329
附件一（训练集）.xlsx|材料3|2765,0,34125.62884,32204.44891,31490.4789452,31735.6875419
附件一（训练集）.xlsx|材料3|2766,2,58011.31526,54429.9614994,54082.1977009,50247.0628868
附件一（训练集）.xlsx|材料3|2767,2,99627.67285,92791.3466961,97063.500102,94837.732491
附件一（训练集）.xlsx|材料3|2768,1,171012.4546,169320.349441,168044.01356,167557.834949
附件一（训练集）.xlsx|材料3|2769,3,296906.8943,375787.243002,332467.383852,351747.764952
附件一（训练集）.xlsx|材料3|277,2,16517.86639,15550.3203241,16227.3474778,16893.934476
附件一（训练集）.xlsx|材料3|2770,1,527605.3203,531600.206784,527317.383996,513087.745923
附件一（训练集）.xlsx|材料3|2771,2,910347.4093,915749.838769,959474.667401,915020.267493
附件一（训练集）.xlsx|材料3|2772,2,1584654.251,1462002.01529,1531639.59625,1489101.54561
附件一（训练集）.xlsx|材料3|2773,2,4669.859406,4010.08274463,4399.48989807,4445.00999666
附件一（训练集）.xlsx|材料3|2774,1,12476.83198,12467.1159358,12628.0997448,12140.6655528
附件一（训练集）.xlsx|材料3|2775,4,20761.85223,20763.7483984,20411.587776,20739.5542537
附件一（训练集）.xlsx|材料3|2776,0,58021.96588,56390.8295386,54233.7039728,57149.5505491
附件一（训练集）.xlsx|材料3|2777,2,96664.10694,92529.6545127,91499.4409414,89844.8806333
附件一（训练集）.xlsx|材料3|2778,2,162417.194,166935.065865,172247.494534,167017.120454
附件一（训练集）.xlsx|材料3|2779,1,278008.3844,284155.750502,285246.12235,282984.301802
附件一（训练集）.xlsx|材料3|278,4,32507.59165,31636.3099587,33999.0230372,33046.996865
附件一（训练集）.xlsx|材料3|2780,3,474344.1799,506183.413509,491382.541511,493903.250048
附件一（训练集）.xlsx|材料3|2781,1,814644.7419,829872.206433,798637.297389,804748.706597
附件一（训练集）.xlsx|材料3|2782,2,1401628.528,1309865.79915,1247014.99963,1243464.15841
附件一（训练集）.xlsx|材料3|2783,4,8207.44488,7506.17250343,7390.66052818,7486.9601553
附件一（训练集）.xlsx|材料3|2784,0,13515.1294,14060.0751608,13114.0953578,12574.9697803
附件一（训练集）.xlsx|材料3|2785,0,21979.1214,20891.1455407,21585.9382492,21811.9065934
附件一（训练集）.xlsx|材料3|2786,2,60097.47652,62696.276619,62917.74823,61263.6527832
附件一（训练集）.xlsx|材料3|2787,3,98672.24144,97707.4764641,104116.673876,99371.6338274
附件一（训练集）.xlsx|材料3|2788,1,161032.9887,158441.754641,166739.297545,172541.072208
附件一（训练集）.xlsx|材料3|2789,4,270623.1086,281411.979511,257478.118342,249960.148098
附件一（训练集）.xlsx|材料3|279,0,67142.36751,68878.5265253,70201.5943901,66910.2757446
附件一（训练集）.xlsx|材料3|2790,2,457876.9855,440551.825354,471496.707343,486533.094194
附件一（训练集）.xlsx|材料3|2791,3,760569.4195,761088.767912,758920.422478,815677.066679
附件一（训练集）.xlsx|材料3|2792,2,13330.05691,13761.825798,14246.553154,14211.6053495
附件一（训练集）.xlsx|材料3|2793,2,25900.99794,26089.1510349,26995.2591809,26287.7943674
附件一（训练集）.xlsx|材料3|2794,3,49159.58198,51494.9987653,49911.4105223,49277.3994507
附件一（训练集）.xlsx|材料3|2795,4,93961.70868,97028.2545948,93808.0514172,93894.2212296
附件一（训练集）.xlsx|材料3|2796,4,173640.1585,172189.995242,167599.795175,169815.378731
附件一（训练集）.xlsx|材料3|2797,1,310832.1315,316725.706954,312009.574866,322411.708624
附件一（训练集）.xlsx|材料3|2798,1,561246.9016,530297.474887,526384.123958,536803.933503
附件一（训练集）.xlsx|材料3|2799,3,10945.72145,11408.9473774,11681.3183001,10909.7909759
附件一（训练集）.xlsx|材料3|28,2,17397.16836,20913.8293557,17522.4708804,18539.0022862
附件一（训练集）.xlsx|材料3|280,3,480130.0939,469867.381452,447325.570135,463525.887338
附件一（训练集）.xlsx|材料3|2800,3,19874.67122,19152.9300165,19747.1291444,20507.8739462
附件一（训练集）.xlsx|材料3|2801,2,36806.27948,35635.5121808,36171.7128461,34660.8683548
附件一（训练集）.xlsx|材料3|2802,1,128865.9648,123233.582118,123741.826956,122444.590518
附件一（训练集）.xlsx|材料3|2803,3,235101.8449,232871.754748,228992.625669,237230.003786
附件一（训练集）.xlsx|材料3|2804,2,425315.582,425585.169784,433571.54547,449635.020896
附件一（训练集）.xlsx|材料3|2805,3,765241.741,771330.815586,761831.456246,780843.428318
附件一（训练集）.xlsx|材料3|2806,3,7998.358813,7791.21096731,8057.69952366,7741.26822316
附件一（训练集）.xlsx|材料3|2807,0,14492.36866,14025.0585768,13455.8617996,12928.4261491
附件一（训练集）.xlsx|材料3|2808,0,48921.73878,47273.0661382,47188.1411958,49368.6626399
附件一（训练集）.xlsx|材料3|2809,0,318855.3209,334174.090389,324510.238334,326149.125395
附件一（训练集）.xlsx|材料3|281,3,841296.1892,794294.971781,829270.245709,803410.306031
附件一（训练集）.xlsx|材料3|2810,4,1043239.194,1066303.72484,1007653.92456,1045619.05122
附件一（训练集）.xlsx|材料3|2811,0,5788.577314,5533.62857435,4890.09150779,4954.77442514
附件一（训练集）.xlsx|材料3|2812,3,10549.47717,10450.9173619,10153.4624805,10075.5720737
附件一（训练集）.xlsx|材料3|2813,0,19207.43507,18483.5475084,19270.4864077,17719.3744377
附件一（训练集）.xlsx|材料3|2814,0,66371.36915,64771.101033,67424.5863975,66087.1764578
附件一（训练集）.xlsx|材料3|2815,2,237144.7538,216231.650896,221579.494985,221569.801744
附件一（训练集）.xlsx|材料3|2816,0,440259.3259,463038.932286,421952.453104,431541.137699
附件一（训练集）.xlsx|材料3|2817,0,804304.1702,810288.114518,790076.759102,754545.585063
附件一（训练集）.xlsx|材料3|2818,4,4517.337239,4807.13993596,4228.08820311,4317.75768646
附件一（训练集）.xlsx|材料3|2819,2,8139.006928,8782.99954962,9087.83784561,9120.51048945
附件一（训练集）.xlsx|材料3|282,1,1147.142865,1092.60525644,1133.95448393,1088.84572656
附件一（训练集）.xlsx|材料3|2820,2,14725.0352,15076.6631838,15529.4662687,14320.8975747
附件一（训练集）.xlsx|材料3|2821,3,49617.3808,51115.5586678,44885.1671596,44798.0763227
附件一（训练集）.xlsx|材料3|2822,4,94981.59892,97518.6612696,96945.8048965,98257.9329627
附件一（训练集）.xlsx|材料3|2823,4,178763.6865,191315.263721,191574.321759,189911.565172
附件一（训练集）.xlsx|材料3|2824,4,333539.1362,361197.943823,332230.37815,344774.328221
附件一（训练集）.xlsx|材料3|2825,3,616346.102,636880.709301,672567.975853,707181.77677
附件一（训练集）.xlsx|材料3|2826,4,1124265.799,1121036.50249,1148369.31369,1170539.61311
附件一（训练集）.xlsx|材料3|2827,4,2003752.193,2120062.84655,2038635.34067,2081897.63588
附件一（训练集）.xlsx|材料3|2828,3,3750.010751,4048.84505431,3709.14371696,3894.09626267
附件一（训练集）.xlsx|材料3|2829,3,6632.295891,7746.71611365,7313.12864437,7701.48178333
附件一（训练集）.xlsx|材料3|283,4,3765.247158,3748.45662602,3817.4125987,4052.07144987
附件一（训练集）.xlsx|材料3|2830,4,11914.88179,11283.1096142,11365.7952303,11920.1845809
附件一（训练集）.xlsx|材料3|2831,2,21699.57126,20891.7898046,20322.2578249,20376.8823562
附件一（训练集）.xlsx|材料3|2832,4,40110.71711,37014.4057541,36927.7942268,37489.5686916
附件一（训练集）.xlsx|材料3|2833,0,139517.5211,138936.589482,136097.931621,129621.556037
附件一（训练集）.xlsx|材料3|2834,2,259742.9648,257001.540787,265100.605746,264135.113094
附件一（训练集）.xlsx|材料3|2835,1,480008.5172,495622.542267,461597.088991,478857.867157
附件一（训练集）.xlsx|材料3|2836,4,884760.3114,899739.432553,940640.829111,943058.797548
附件一（训练集）.xlsx|材料3|2837,3,2820086.964,2642897.24885,2745060.75029,2690478.61693
附件一（训练集）.xlsx|材料3|2838,1,3409.630493,3840.56971463,3212.55792684,3232.2292404
附件一（训练集）.xlsx|材料3|2839,3,5977.370674,7513.78456665,6559.3496359,6857.78777312
附件一（训练集）.xlsx|材料3|284,2,6625.034175,5898.91271996,6339.73375503,6627.98268101
附件一（训练集）.xlsx|材料3|2840,3,10457.82167,11542.9726762,10296.6176327,10509.8660395
附件一（训练集）.xlsx|材料3|2841,2,33634.95881,35361.4184581,30497.7777738,30789.7966199
附件一（训练集）.xlsx|材料3|2842,4,62498.16168,62761.296011,63673.5910919,60700.7099262
附件一（训练集）.xlsx|材料3|2843,0,113434.6511,122585.553198,116911.394915,116284.229876
附件一（训练集）.xlsx|材料3|2844,0,209069.6608,213974.201703,206125.724828,202833.005797
附件一（训练集）.xlsx|材料3|2845,4,1264895.457,1292918.7476,1338201.36672,1339029.13369
附件一（训练集）.xlsx|材料3|2846,0,2241509.052,1991097.72144,2098511.97741,2052254.4967
附件一（训练集）.xlsx|材料3|2847,3,3431.485926,4203.16754034,3975.52530868,3983.68607609
附件一（训练集）.xlsx|材料3|2848,2,5995.769491,7002.89881112,7137.67414814,6785.42287421
附件一（训练集）.xlsx|材料3|2849,4,10190.24236,11503.7074484,10284.751876,10559.8792363
附件一（训练集）.xlsx|材料3|285,3,12524.37586,13120.5918758,11587.9141473,12493.9215784
附件一（训练集）.xlsx|材料3|2850,1,17925.72123,20167.0184652,18515.5542769,18355.7540349
附件一（训练集）.xlsx|材料3|2851,1,31332.68963,40462.8468933,33610.0053777,33314.9214233
附件一（训练集）.xlsx|材料3|2852,3,56394.67598,62127.1846466,60455.3411884,64825.6672179
附件一（训练集）.xlsx|材料3|2853,1,101185.8254,104607.403202,96886.8659769,94526.2471799
附件一（训练集）.xlsx|材料3|2854,4,179544.9433,189485.55593,183273.518808,179939.413721
附件一（训练集）.xlsx|材料3|2855,4,324959.242,329697.451659,320356.546286,308236.942191
附件一（训练集）.xlsx|材料3|2856,3,589326.3642,622391.66702,602394.793423,586269.406012
附件一（训练集）.xlsx|材料3|2857,2,1044527.927,1031253.41546,1133526.05074,1075248.06477
附件一（训练集）.xlsx|材料3|2858,3,1844539.171,1738726.52546,1718790.32605,1815869.45449
附件一（训练集）.xlsx|材料3|2859,1,6348.760821,6482.38075261,6520.18260452,6592.99675318
附件一（训练集）.xlsx|材料3|286,2,97095.60255,109634.149024,104592.781834,109157.619184
附件一（训练集）.xlsx|材料3|2860,4,10693.98545,10192.6037161,10701.2046533,10896.7364449
附件一（训练集）.xlsx|材料3|2861,3,18233.03916,18276.2724571,17782.7534119,18045.4020748
附件一（训练集）.xlsx|材料3|2862,0,31090.82252,32204.44891,33140.7800936,33324.1822139
附件一（训练集）.xlsx|材料3|2863,2,53905.5992,52249.4354818,49561.7829038,47453.2849181
附件一（训练集）.xlsx|材料3|2864,2,93948.09268,94654.793494,92779.3518888,90736.522844
附件一（训练集）.xlsx|材料3|2865,1,164053.8887,168690.448236,165211.472148,172204.568211
附件一（训练集）.xlsx|材料3|2866,3,285909.7368,313347.465199,323365.877435,322138.886653
附件一（训练集）.xlsx|材料3|2867,1,510597.9739,520680.921328,526682.613166,519764.219447
附件一（训练集）.xlsx|材料3|2868,2,895178.6649,915749.838769,994460.595523,918495.313381
附件一（训练集）.xlsx|材料3|2869,2,1549569.67,1395083.03109,1634407.92715,1479798.74236
附件一（训练集）.xlsx|材料3|287,4,177419.947,162595.007922,161697.925011,158427.318626
附件一（训练集）.xlsx|材料3|2870,2,4202.610766,4010.08274463,4079.63383023,4327.40778902
附件一（训练集）.xlsx|材料3|2871,1,11593.39628,12701.7557248,10590.4788417,10564.763494
附件一（训练集）.xlsx|材料3|2872,4,19475.93899,19257.6293234,20531.7526066,20262.0170791
附件一（训练集）.xlsx|材料3|2873,3,32509.82145,37063.5566474,30365.4921319,30196.5151294
附件一（训练集）.xlsx|材料3|2874,0,54682.35695,56390.8295386,53120.373361,52790.7252798
附件一（训练集）.xlsx|材料3|2875,2,92445.12477,96269.4747805,85997.7832938,88591.8352279
附件一（训练集）.xlsx|材料3|2876,2,157690.8543,147721.191067,156675.196658,157254.01161
附件一（训练集）.xlsx|材料3|2877,1,271129.1917,251249.767662,270904.681748,275964.811511
附件一（训练集）.xlsx|材料3|2878,3,469589.1919,494929.983668,525466.141964,500820.30016
附件一（训练集）.xlsx|材料3|2879,1,812604.9055,822028.631807,851243.65238,878846.390902
附件一（训练集）.xlsx|材料3|288,3,673177.0521,624070.848667,628821.428144,631202.79123
附件一（训练集）.xlsx|材料3|2880,2,1392005.038,1323617.77078,1338985.17109,1364186.15391
附件一（训练集）.xlsx|材料3|2881,4,7737.911442,7506.17250343,7452.98696577,7475.555494
附件一（训练集）.xlsx|材料3|2882,0,20615.23927,20607.9521388,19691.9189974,20506.8325085
附件一（训练集）.xlsx|材料3|2883,1,33943.34807,35878.231489,32797.7315418,34357.7089752
附件一（训练集）.xlsx|材料3|2884,2,55735.23733,63579.7054024,46701.6176667,48099.270944
附件一（训练集）.xlsx|材料3|2885,3,92955.45458,97670.8958954,89592.2232824,93218.283039
附件一（训练集）.xlsx|材料3|2886,1,154538.3513,158242.427115,155816.508591,158902.95332
附件一（训练集）.xlsx|材料3|2887,4,259092.731,282111.13014,256597.793117,258106.473479
附件一（训练集）.xlsx|材料3|2888,2,443810.8014,450151.831869,438353.322589,434839.435426
附件一（训练集）.xlsx|材料3|2889,2,1270954.043,1242560.84313,1240080.24382,1236573.07116
附件一（训练集）.xlsx|材料3|289,4,820.2093934,1047.64088615,964.63775812,982.49690403
附件一（训练集）.xlsx|材料3|2890,2,15040.37179,14582.9525621,15337.0340416,15546.765389
附件一（训练集）.xlsx|材料3|2891,2,29550.57116,34172.7717746,30175.6900603,30130.7117349
附件一（训练集）.xlsx|材料3|2892,3,55122.15433,57916.5673516,52617.2620862,54939.0878758
附件一（训练集）.xlsx|材料3|2893,4,103331.5418,97845.5302237,107210.553812,113621.764848
附件一（训练集）.xlsx|材料3|2894,1,343576.6969,364024.67431,340404.314011,338746.677086
附件一（训练集）.xlsx|材料3|2895,0,22284.48222,21447.2384763,21339.5441558,21005.8111301
附件一（训练集）.xlsx|材料3|2896,2,40825.83573,38660.4071701,35743.605534,39185.192301
附件一（训练集）.xlsx|材料3|2897,1,76512.50907,76072.7964828,77728.0198599,79963.8516107
附件一（训练集）.xlsx|材料3|2898,4,141208.3307,132253.315081,133126.088755,136154.5802
附件一（训练集）.xlsx|材料3|2899,4,471390.2521,476512.052458,474768.102992,499685.33745
附件一（训练集）.xlsx|材料3|29,2,29823.04484,33197.335507,30519.4656353,33920.7070535
附件一（训练集）.xlsx|材料3|290,4,1011.083061,1295.59223951,1196.76294859,1151.20599725
附件一（训练集）.xlsx|材料3|2900,4,16130.42536,29957.7387228,15835.2439124,16268.9192931
附件一（训练集）.xlsx|材料3|2901,0,50108.00939,80546.6982376,54171.8428595,53096.7278042
附件一（训练集）.xlsx|材料3|2902,3,2411350.244,2160951.82886,2262578.30006,2246656.73604
附件一（训练集）.xlsx|材料3|2903,0,7147.149628,7800.3158891,7220.25639122,7588.15407968
附件一（训练集）.xlsx|材料3|2904,2,11523.25871,11929.5915593,11960.0376657,12175.6733553
附件一（训练集）.xlsx|材料3|2905,0,30097.32256,32296.5020714,28837.701092,30126.0741566
附件一（训练集）.xlsx|材料3|2906,3,83312.4747,82592.9582114,78405.2052937,81303.2945647
附件一（训练集）.xlsx|材料3|2907,3,138219.6909,146948.403647,142136.633751,141839.403185
附件一（训练集）.xlsx|材料3|2908,2,232007.299,244659.252104,239652.491227,245026.92949
附件一（训练集）.xlsx|材料3|2909,3,400008.745,431172.199147,413709.309046,411706.09587
附件一（训练集）.xlsx|材料3|291,1,19124.82007,19177.668175,19477.5961123,19865.9582326
附件一（训练集）.xlsx|材料3|2910,3,2071767.581,1971220.42922,1984373.05385,1934229.60161
附件一（训练集）.xlsx|材料3|2911,2,1099365.366,1258256.62488,1104712.21886,1097822.78205
附件一（训练集）.xlsx|材料3|2912,0,1860627.739,1755067.10576,1751904.52066,1829588.94917
附件一（训练集）.xlsx|材料3|2913,0,7200.07482,7435.14129888,7372.43186906,7638.32446063
附件一（训练集）.xlsx|材料3|2914,2,11597.28729,11929.5915593,11908.181442,12056.2922808
附件一（训练集）.xlsx|材料3|2915,4,18657.669,19403.0204564,18847.4362349,18668.1539606
附件一（训练集）.xlsx|材料3|2916,0,30308.40946,32111.0451189,28752.8184715,29286.5307434
附件一（训练集）.xlsx|材料3|2917,0,49872.85255,50767.3838873,48459.8844586,48775.1137994
附件一（训练集）.xlsx|材料3|2918,3,83499.61032,82592.9582114,78521.420724,80220.5768008
附件一（训练集）.xlsx|材料3|2919,3,138708.5102,146948.403647,142124.732571,138410.830486
附件一（训练集）.xlsx|材料3|292,4,36595.98888,40009.5772556,39320.5625919,39622.2001507
附件一（训练集）.xlsx|材料3|2920,2,231986.3299,244659.252104,238542.309256,241357.120823
附件一（训练集）.xlsx|材料3|2921,3,398863.0853,429712.92896,409265.462398,411465.789341
附件一（训练集）.xlsx|材料3|2922,3,2075073.038,1971220.42922,2000842.25198,1990882.09939
附件一（训练集）.xlsx|材料3|2923,4,6028.86814,6598.67211961,7297.92634404,7208.36459262
附件一（训练集）.xlsx|材料3|2924,4,11572.36864,11628.4399948,11762.7017491,11697.1876854
附件一（训练集）.xlsx|材料3|2925,3,23685.97962,23679.3142519,24501.2921986,26379.3907474
附件一（训练集）.xlsx|材料3|2926,4,46742.97842,53466.207304,46310.1657052,45326.9673899
附件一（训练集）.xlsx|材料3|2927,0,173077.7862,174160.470795,171536.186597,170585.670473
附件一（训练集）.xlsx|材料3|2928,2,317773.6343,321276.89158,323939.59896,315228.854073
附件一（训练集）.xlsx|材料3|2929,2,566092.4657,581612.860208,560625.847644,572195.902867
附件一（训练集）.xlsx|材料3|293,4,73961.49279,73524.3004839,74121.4172555,73442.1138656
附件一（训练集）.xlsx|材料3|2930,1,32670.39694,39384.2219125,37760.3004558,37489.0606909
附件一（训练集）.xlsx|材料3|2931,1,64382.35627,72084.3371667,70410.2597675,69175.9507329
附件一（训练集）.xlsx|材料3|2932,3,763799.99,769549.822913,842768.340025,768757.101524
附件一（训练集）.xlsx|材料3|2933,3,3645.170497,3824.75694299,4072.86964794,3899.23875388
附件一（训练集）.xlsx|材料3|2934,1,6491.830845,6550.27391263,6510.61740286,6474.63888631
附件一（训练集）.xlsx|材料3|2935,2,12101.83597,12483.0635003,12417.9870599,12667.6077404
附件一（训练集）.xlsx|材料3|2936,4,23384.3083,23154.5017919,22472.3076586,22378.1049404
附件一（训练集）.xlsx|材料3|2937,1,45978.45712,45930.9951246,47339.0925292,47056.8641239
附件一（训练集）.xlsx|材料3|2938,1,89726.08754,91176.5135854,87229.3544292,89335.2834249
附件一（训练集）.xlsx|材料3|2939,0,173022.2916,167671.417026,171946.070393,181612.428227
附件一（训练集）.xlsx|材料3|294,2,265208.8677,239499.042977,248404.287334,244515.258445
附件一（训练集）.xlsx|材料3|2940,0,329732.6422,336409.202863,331597.226954,311400.46067
附件一（训练集）.xlsx|材料3|2941,3,1013940.115,1097368.34306,1049231.97102,1006228.34248
附件一（训练集）.xlsx|材料3|2942,1,2947.341716,3234.14067125,3380.1391873,3259.96076447
附件一（训练集）.xlsx|材料3|2943,4,5207.227862,5001.13136985,4993.77248462,5151.57056056
附件一（训练集）.xlsx|材料3|2944,1,17587.52137,16701.6248725,19357.3800775,20312.7330854
附件一（训练集）.xlsx|材料3|2945,2,33649.36758,34775.4816538,35180.6642402,35212.553625
附件一（训练集）.xlsx|材料3|2946,4,65094.40825,62777.9576146,61023.8994002,63260.3708849
附件一（训练集）.xlsx|材料3|2947,4,126102.9477,133379.092533,121895.171886,129057.302987
附件一（训练集）.xlsx|材料3|2948,3,244102.5151,243084.472202,247755.097028,246002.727935
附件一（训练集）.xlsx|材料3|2949,4,461346.4574,474202.168718,466178.462499,459552.193249
附件一（训练集）.xlsx|材料3|295,4,513553.3304,452735.006411,442344.039268,465256.302459
附件一（训练集）.xlsx|材料3|2950,4,813064.9801,850113.704739,807907.222133,841981.156514
附件一（训练集）.xlsx|材料3|2951,4,1421554.566,1572337.32588,1521065.3337,1535775.57119
附件一（训练集）.xlsx|材料3|2952,2,4602.628495,4157.00817626,4231.3113836,4328.29938462
附件一（训练集）.xlsx|材料3|2953,4,8282.134223,9424.51084212,8865.10648562,8386.01831254
附件一（训练集）.xlsx|材料3|2954,2,27376.07477,26064.6860117,25375.7492764,27165.7763471
附件一（训练集）.xlsx|材料3|2955,4,97231.98829,97070.9655672,94312.9000811,100750.538359
附件一（训练集）.xlsx|材料3|2956,3,186914.374,188811.677548,201094.216016,217753.064939
附件一（训练集）.xlsx|材料3|2957,1,355488.6011,376245.471495,376070.61906,357839.393919
附件一（训练集）.xlsx|材料3|2958,2,645132.515,590811.250129,537924.845986,522697.168663
附件一（训练集）.xlsx|材料3|2959,1,1161344.299,1131020.94565,1163518.69704,1139088.92263
附件一（训练集）.xlsx|材料3|296,1,1010.039417,1212.00170091,1183.51436483,1208.76726779
附件一（训练集）.xlsx|材料3|2960,4,2050018.557,2232441.41694,2121570.94825,2109739.94924
附件一（训练集）.xlsx|材料3|2961,2,2746.877893,3066.34625721,3103.24140049,3300.97536066
附件一（训练集）.xlsx|材料3|2962,4,4530.309241,4753.33964949,4930.13407224,4845.19448964
附件一（训练集）.xlsx|材料3|2963,3,7929.021515,9513.33754089,8481.43938881,7966.63617988
附件一（训练集）.xlsx|材料3|2964,3,14179.2841,12613.2797684,15102.0683287,13237.4744416
附件一（训练集）.xlsx|材料3|2965,0,24971.45413,19367.7281065,22626.7408201,20226.5213689
附件一（训练集）.xlsx|材料3|2966,1,43628.40185,45859.5392474,46533.4675045,48598.2498442
附件一（训练集）.xlsx|材料3|2967,4,80377.74,74471.7934236,73284.0294491,77708.7020365
附件一（训练集）.xlsx|材料3|2968,3,150354.5041,154784.043416,159922.53448,156421.803136
附件一（训练集）.xlsx|材料3|2969,2,511863.115,482333.598252,472658.240679,475627.20028
附件一（训练集）.xlsx|材料3|297,4,3176.929454,4026.32954768,3731.05166601,3673.32708771
附件一（训练集）.xlsx|材料3|2970,3,940486.6206,880862.850045,866961.915905,826145.362928
附件一（训练集）.xlsx|材料3|2971,1,1688108.131,1653683.38782,1666373.80978,1706944.65112
附件一（训练集）.xlsx|材料3|2972,1,2896.780507,3112.56763036,2999.78224967,2963.14874065
附件一（训练集）.xlsx|材料3|2973,2,4709.361107,4481.34618823,4665.25224726,4633.85014109
附件一（训练集）.xlsx|材料3|2974,4,8046.0964,7475.26207637,8118.41574986,8496.67936435
附件一（训练集）.xlsx|材料3|2975,3,13813.49708,12527.00659,13408.7553383,13266.1752179
附件一（训练集）.xlsx|材料3|2976,3,23785.3143,21508.2816447,22921.9768165,22454.3340808
附件一（训练集）.xlsx|材料3|2977,0,40986.13554,38304.8258734,43420.6339874,41959.8805189
附件一（训练集）.xlsx|材料3|2978,1,70186.20498,58555.83789,70252.5631003,71265.342613
附件一（训练集）.xlsx|材料3|2979,4,127102.4526,124025.451347,119224.466938,122886.177106
附件一（训练集）.xlsx|材料3|298,0,5490.044671,6142.82754464,5950.39996199,6324.06627742
附件一（训练集）.xlsx|材料3|2980,3,231339.0262,206579.287233,250050.815218,252230.56373
附件一（训练集）.xlsx|材料3|2981,0,413061.3529,383127.02141,407870.663817,405792.611517
附件一（训练集）.xlsx|材料3|2982,2,753270.1037,690276.706933,739138.284664,720476.116189
附件一（训练集）.xlsx|材料3|2983,3,1364756.35,1346443.03791,1313932.95792,1360032.91792
附件一（训练集）.xlsx|材料3|2984,4,3188.183885,2787.57128556,3173.69682386,3260.61923045
附件一（训练集）.xlsx|材料3|2985,0,5124.50911,4292.92429613,4650.01524261,4482.43601152
附件一（训练集）.xlsx|材料3|2986,3,8703.210484,7439.87460772,8526.50980373,8520.84977539
附件一（训练集）.xlsx|材料3|2987,1,14598.06303,11301.9454116,13689.7280829,14302.1198201
附件一（训练集）.xlsx|材料3|2988,4,40522.77237,34649.9468448,41731.0722661,39938.9206339
附件一（训练集）.xlsx|材料3|2989,2,68673.25157,65807.6917392,74195.1079471,73206.4074139
附件一（训练集）.xlsx|材料3|299,4,17159.13995,19142.8561189,18617.3052403,19909.1999048
附件一（训练集）.xlsx|材料3|2990,0,206309.23,187909.04059,203156.992886,206772.758738
附件一（训练集）.xlsx|材料3|2991,2,1143334.046,1097286.2521,1133333.82936,1178384.60002
附件一（训练集）.xlsx|材料3|2992,0,3585.076226,3475.32165927,3356.20734033,3191.59367402
附件一（训练集）.xlsx|材料3|2993,0,9361.889236,9208.53747368,9304.85077542,8854.29772096
附件一（训练集）.xlsx|材料3|2994,0,15526.33095,15176.1880382,14384.082979,14901.1427599
附件一（训练集）.xlsx|材料3|2995,1,25472.05741,28201.5341787,26832.8938608,26338.094667
附件一（训练集）.xlsx|材料3|2996,3,41203.40076,43769.6420865,39782.164721,40711.514661
附件一（训练集）.xlsx|材料3|2997,4,68506.69146,68504.1776733,66193.6859749,65897.7224744
附件一（训练集）.xlsx|材料3|2998,2,114821.9518,125837.142728,117679.973252,115586.805704
附件一（训练集）.xlsx|材料3|2999,2,326124.6733,324663.797469,342572.138771,354191.722398
附件一（训练集）.xlsx|材料3|3,1,14225.89534,12927.6959149,13032.5376235,14179.9645745
附件一（训练集）.xlsx|材料3|30,0,51340.0911,56380.0936818,52551.6190906,52093.3768237
附件一（训练集）.xlsx|材料3|300,1,31892.40049,34142.7882033,33626.3195332,34430.4674747
附件一（训练集）.xlsx|材料3|3000,0,571215.5705,593593.293847,579990.66082,591814.17757
附件一（训练集）.xlsx|材料3|3001,4,998158.3121,955833.145463,1020543.87514,1023183.0497
附件一（训练集）.xlsx|材料3|3002,0,6224.100648,6315.79844304,5781.58128174,5649.76481554
附件一（训练集）.xlsx|材料3|3003,0,10229.49518,10511.0906834,9762.77980131,9539.96924133
附件一（训练集）.xlsx|材料3|3004,0,16568.41551,13351.6341074,16844.4278268,16606.3672657
附件一（训练集）.xlsx|材料3|3005,0,26901.32045,21135.0847377,27760.203647,28913.7164469
附件一（训练集）.xlsx|材料3|3006,1,43401.9536,35929.04393,42625.4378151,44609.6090926
附件一（训练集）.xlsx|材料3|3007,3,69975.67233,68527.7265686,68371.7607456,71172.0267616
附件一（训练集）.xlsx|材料3|3008,4,115895.81,113161.249687,111761.894509,112141.659647
附件一（训练集）.xlsx|材料3|3009,0,313945.6286,285249.897515,331874.199325,328839.123976
附件一（训练集）.xlsx|材料3|301,4,108606.099,100002.986075,102181.31284,104574.068214
附件一（训练集）.xlsx|材料3|3010,2,536523.0958,480384.701086,548698.359769,524140.597002
附件一（训练集）.xlsx|材料3|3011,4,11168.53343,11628.4399948,11812.0536409,12146.2261326
附件一（训练集）.xlsx|材料3|3012,3,22452.11721,22349.0159677,22688.717862,22967.4803585
附件一（训练集）.xlsx|材料3|3013,0,90681.21493,94525.8921454,86139.962166,87717.2964726
附件一（训练集）.xlsx|材料3|3014,0,172186.7401,174160.470795,159565.238843,165402.053256
附件一（训练集）.xlsx|材料3|3015,2,315703.9152,319553.39229,308988.807573,310404.135173
附件一（训练集）.xlsx|材料3|3016,2,8592.453482,9022.77982332,8610.07435296,8478.64690819
附件一（训练集）.xlsx|材料3|3017,4,16360.14627,15579.7258595,16148.3067878,15593.4421904
附件一（训练集）.xlsx|材料3|3018,1,32052.92846,29471.4168171,31482.8628663,30863.5272833
附件一（训练集）.xlsx|材料3|3019,1,63759.4193,72162.1606375,66340.2049043,65914.7373696
附件一（训练集）.xlsx|材料3|302,1,210530.3361,208963.882638,212469.940912,215642.214413
附件一（训练集）.xlsx|材料3|3020,0,124648.7244,132825.004331,127885.272342,126992.959771
附件一（训练集）.xlsx|材料3|3021,0,235054.2223,251574.26455,235900.190651,233767.490994
附件一（训练集）.xlsx|材料3|3022,3,433545.6275,438721.822735,442482.055443,445693.576688
附件一（训练集）.xlsx|材料3|3023,3,756777.7159,725116.783937,728002.239026,765169.078247
附件一（训练集）.xlsx|材料3|3024,2,6293.650513,6204.09999413,6145.22913821,6152.34418476
附件一（训练集）.xlsx|材料3|3025,1,11135.79523,10734.7019631,11590.8901485,11222.1985201
附件一（训练集）.xlsx|材料3|3026,4,43506.32813,45526.3807977,44232.4407914,45460.8698575
附件一（训练集）.xlsx|材料3|3027,4,87750.69211,88446.4953733,81581.5020412,88316.9018182
附件一（训练集）.xlsx|材料3|3028,3,170744.7228,180713.687882,168455.943331,167494.445985
附件一（训练集）.xlsx|材料3|3029,4,325483.7907,342732.571292,320246.790962,317435.375761
附件一（训练集）.xlsx|材料3|303,2,406352.3509,406341.709004,414118.357609,413499.011687
附件一（训练集）.xlsx|材料3|3030,4,584240.7243,594118.114573,594065.506358,585041.47559
附件一（训练集）.xlsx|材料3|3031,4,1017846.263,1151001.48271,1084716.83303,1050195.40543
附件一（训练集）.xlsx|材料3|3032,4,4623.322946,4837.79804232,4801.02651209,4902.88495451
附件一（训练集）.xlsx|材料3|3033,2,8378.949136,8801.94465358,7573.0122124,7781.36210429
附件一（训练集）.xlsx|材料3|3034,1,15452.49894,14050.8092566,15228.8674535,14864.0622098
附件一（训练集）.xlsx|材料3|3035,2,30563.5815,30692.0995701,32186.5988761,32204.8240863
附件一（训练集）.xlsx|材料3|3036,4,61685.8057,60465.2462678,59983.1875873,60338.2894216
附件一（训练集）.xlsx|材料3|3037,3,237370.3589,250762.833052,228487.080577,220449.358098
附件一（训练集）.xlsx|材料3|3038,4,443500.1324,470592.648381,427487.118133,436712.312428
附件一（训练集）.xlsx|材料3|3039,4,809498.2793,874559.550516,787493.701516,777785.414803
附件一（训练集）.xlsx|材料3|304,1,1873.574273,2027.64304284,2002.66997087,2107.99485204
附件一（训练集）.xlsx|材料3|3040,4,1415240.896,1591598.61537,1524818.27584,1494422.07557
附件一（训练集）.xlsx|材料3|3041,4,6770.035698,7147.18817399,7160.29409536,7157.60932012
附件一（训练集）.xlsx|材料3|3042,4,12404.28866,13324.9346613,12244.4474681,11383.10152
附件一（训练集）.xlsx|材料3|3043,2,22880.32831,26432.8637076,24542.2816862,24016.9177615
附件一（训练集）.xlsx|材料3|3044,0,46173.43474,46994.6190812,46396.4799965,45354.4745711
附件一（训练集）.xlsx|材料3|3045,4,89788.55831,94755.573531,92127.3993508,92845.7113821
附件一（训练集）.xlsx|材料3|3046,3,175218.6749,182405.165382,178487.815022,183222.788547
附件一（训练集）.xlsx|材料3|3047,1,332808.3331,345642.233385,326845.737202,337860.152929
附件一（训练集）.xlsx|材料3|3048,2,625831.807,624231.435044,560842.465663,579132.35511
附件一（训练集）.xlsx|材料3|3049,1,1138215.082,1163970.2869,1166367.66601,1133974.54614
附件一（训练集）.xlsx|材料3|305,0,9818.234535,10240.4460592,9261.56943216,9891.81293565
附件一（训练集）.xlsx|材料3|3050,4,1951302.773,2106674.02921,2062846.6708,2095579.64044
附件一（训练集）.xlsx|材料3|3051,4,3641.303919,3931.05182666,4280.34658892,4318.24492945
附件一（训练集）.xlsx|材料3|3052,3,6166.308075,6925.08250875,6013.86717878,6360.05682287
附件一（训练集）.xlsx|材料3|3053,3,10951.3318,11090.7594556,12319.3064,11322.5993371
附件一（训练集）.xlsx|材料3|3054,0,20078.86782,18449.3971001,19694.1957398,17986.0838084
附件一（训练集）.xlsx|材料3|3055,4,71428.60606,66128.5488763,70806.5690656,72023.1668734
附件一（训练集）.xlsx|材料3|3056,2,486348.6694,466583.443354,453547.216309,454398.39826
附件一（训练集）.xlsx|材料3|3057,1,1602810.496,1595418.21157,1639795.0801,1606104.49099
附件一（训练集）.xlsx|材料3|3058,0,2795359.332,2658988.7247,2686554.10541,2635033.30674
附件一（训练集）.xlsx|材料3|3059,2,3718.675811,4481.34618823,3857.69156161,4030.23555585
附件一（训练集）.xlsx|材料3|306,3,16938.39169,18085.7154315,18624.168242,17791.378167
附件一（训练集）.xlsx|材料3|3060,4,6206.779819,5726.08285551,6598.19626233,6366.27053794
附件一（训练集）.xlsx|材料3|3061,3,10661.77005,12527.00659,9257.28580508,8920.0146304
附件一（训练集）.xlsx|材料3|3062,0,34441.24439,36419.9619756,32766.9008501,32744.524356
附件一（训练集）.xlsx|材料3|3063,1,61363.74533,69161.0253841,70569.2152172,68011.9141594
附件一（训练集）.xlsx|材料3|3064,4,113708.1756,125634.344754,117909.208956,121632.503583
附件一（训练集）.xlsx|材料3|3065,3,209297.3339,206579.287233,213712.315111,216928.426246
附件一（训练集）.xlsx|材料3|3066,0,390251.7613,397653.340059,371584.934671,372414.258104
附件一（训练集）.xlsx|材料3|3067,2,723121.0458,708100.661778,656859.367403,658823.194224
附件一（训练集）.xlsx|材料3|3068,0,4120.697929,4292.92429613,4300.03325674,4250.34771906
附件一（训练集）.xlsx|材料3|3069,3,6754.648747,7088.80220287,7124.46671235,7212.74750409
附件一（训练集）.xlsx|材料3|307,0,56320.19458,58540.9820112,53661.1627034,54158.8254094
附件一（训练集）.xlsx|材料3|3070,1,11483.21632,11301.9454116,11880.8444292,11531.824118
附件一（训练集）.xlsx|材料3|3071,0,19252.3953,20225.8412691,19537.3501298,19235.6757285
附件一（训练集）.xlsx|材料3|3072,4,34008.67624,32918.7811884,36835.8358211,34922.9375002
附件一（训练集）.xlsx|材料3|3073,2,59244.24152,62564.0595576,60996.3978391,61031.9157324
附件一（训练集）.xlsx|材料3|3074,0,102358.1671,116961.246647,102139.563538,94997.2411976
附件一（训练集）.xlsx|材料3|3075,0,182217.6689,167250.327171,181288.136121,176722.531827
附件一（训练集）.xlsx|材料3|3076,0,331925.8042,360738.650402,328137.894769,328134.078558
附件一（训练集）.xlsx|材料3|3077,3,601203.2322,620389.580177,596695.699913,577094.489515
附件一（训练集）.xlsx|材料3|3078,2,1069102.061,1026152.92111,1138138.47305,1162494.76448
附件一（训练集）.xlsx|材料3|3079,4,1920016.392,1755411.74301,1780249.41921,1745549.0304
附件一（训练集）.xlsx|材料3|308,1,3713.130262,3826.80668921,3933.58179033,3959.28432816
附件一（训练集）.xlsx|材料3|3080,4,4570.01667,4119.64899455,4452.41141165,4495.53609151
附件一（训练集）.xlsx|材料3|3081,0,7493.092172,6677.95488647,7189.49611359,7086.76093423
附件一（训练集）.xlsx|材料3|3082,1,20544.07985,17935.6284871,20611.8482582,19156.2863664
附件一（训练集）.xlsx|材料3|3083,2,100071.3616,97364.7281819,97652.5402,94375.4007142
附件一（训练集）.xlsx|材料3|3084,0,168344.5344,160590.31599,173369.67616,168194.894302
附件一（训练集）.xlsx|材料3|3085,0,529449.9371,612439.195291,609293.368808,595420.572669
附件一（训练集）.xlsx|材料3|3086,4,921311.2713,924656.38271,938391.917483,936034.749305
附件一（训练集）.xlsx|材料3|3087,0,1627902.524,1552361.16271,1531829.29333,1412501.78958
附件一（训练集）.xlsx|材料3|3088,0,5047.93033,4966.53064176,4882.1658118,4851.08698018
附件一（训练集）.xlsx|材料3|3089,4,8005.305675,7495.98558921,7911.36646759,7423.52721243
附件一（训练集）.xlsx|材料3|309,1,3913.622474,3914.98535669,3964.52109952,3890.94618973
附件一（训练集）.xlsx|材料3|3090,0,13097.75354,13404.5217296,12370.8417333,12638.543237
附件一（训练集）.xlsx|材料3|3091,0,21606.61585,21811.6304139,21804.5742224,21734.1503673
附件一（训练集）.xlsx|材料3|3092,3,59249.01613,58724.8310962,56883.7215355,56852.4468401
附件一（训练集）.xlsx|材料3|3093,4,98179.29765,102003.500489,99776.8631914,98570.5127555
附件一（训练集）.xlsx|材料3|3094,2,162705.1149,165568.667002,177116.669685,170014.007508
附件一（训练集）.xlsx|材料3|3095,0,273739.762,285249.897515,304363.836528,296607.316923
附件一（训练集）.xlsx|材料3|3096,2,475579.3231,480384.701086,481696.369651,486200.983512
附件一（训练集）.xlsx|材料3|3097,0,816419.1957,820046.372296,853787.8268,824171.68081
附件一（训练集）.xlsx|材料3|3098,3,8676.245139,8743.29335506,8749.77048581,8553.1577316
附件一（训练集）.xlsx|材料3|3099,1,14107.69944,13691.3149416,14693.1551151,14198.1848109
附件一（训练集）.xlsx|材料3|31,0,88695.30174,92550.3513505,86611.5304571,85165.7209625
附件一（训练集）.xlsx|材料3|310,2,10690.72478,11594.5105304,11477.5763145,11835.1168006
附件一（训练集）.xlsx|材料3|3100,0,22738.08084,22580.7283019,22924.239333,22764.8013513
附件一（训练集）.xlsx|材料3|3101,0,60666.59629,69449.1118385,63612.9622309,64815.8663542
附件一（训练集）.xlsx|材料3|3102,0,98736.29928,106121.78063,101604.290186,99069.7780298
附件一（训练集）.xlsx|材料3|3103,1,161383.9256,156919.236325,166185.326278,172127.88793
附件一（训练集）.xlsx|材料3|3104,3,448642.0565,449235.493977,452447.595217,460572.489547
附件一（训练集）.xlsx|材料3|3105,1,754927.8775,771530.494991,722942.650427,745698.491126
附件一（训练集）.xlsx|材料3|3106,4,11654.66508,11746.7753374,11726.8768923,11944.5638636
附件一（训练集）.xlsx|材料3|3107,3,24474.64473,24426.9701852,23944.7775515,23099.7077585
附件一（训练集）.xlsx|材料3|3108,4,48984.59841,49262.6069531,47562.6961011,45339.9077337
附件一（训练集）.xlsx|材料3|3109,0,180378.1149,178013.688536,162618.579418,166926.738252
附件一（训练集）.xlsx|材料3|311,0,17965.09256,18085.5271582,17909.0691337,17635.7083502
附件一（训练集）.xlsx|材料3|3110,2,322558.2019,323300.151417,316317.078195,309408.599418
附件一（训练集）.xlsx|材料3|3111,2,564168.5997,588432.26299,553075.58403,572380.047987
附件一（训练集）.xlsx|材料3|3112,2,9028.901075,9032.23092948,8955.78498767,9164.32088737
附件一（训练集）.xlsx|材料3|3113,4,17686.56091,17440.8996736,17390.0136336,17429.810563
附件一（训练集）.xlsx|材料3|3114,1,34376.68497,33671.6673131,33919.8147701,33988.4742918
附件一（训练集）.xlsx|材料3|3115,1,68510.42242,68214.500855,69295.2933257,70229.3269065
附件一（训练集）.xlsx|材料3|3116,0,132396.9856,133093.172262,130428.564855,129927.061506
附件一（训练集）.xlsx|材料3|3117,0,247321.6443,247702.24617,232405.533532,229252.134136
附件一（训练集）.xlsx|材料3|3118,3,447634,442367.287509,437597.687533,441892.045532
附件一（训练集）.xlsx|材料3|3119,2,6433.394336,6838.0143575,7077.5966515,6691.84635908
附件一（训练集）.xlsx|材料3|312,3,54748.23797,54671.6447705,51801.3945384,56661.1968479
附件一（训练集）.xlsx|材料3|3120,1,11894.21243,11691.3075191,11662.5468433,10863.8993636
附件一（训练集）.xlsx|材料3|3121,3,176351.906,165513.950341,174881.973981,174881.698516
附件一（训练集）.xlsx|材料3|3122,4,332087.8622,342179.638717,329592.295024,315104.226623
附件一（训练集）.xlsx|材料3|3123,4,603175.2242,599250.938821,617751.118113,586506.018382
附件一（训练集）.xlsx|材料3|3124,4,1054480.142,1100894.51475,1037568.74356,1064699.62544
附件一（训练集）.xlsx|材料3|3125,4,4738.104583,4837.05439251,4510.79950415,4900.00377043
附件一（训练集）.xlsx|材料3|3126,1,16028.65068,16705.1950672,15280.9736393,15324.2344169
附件一（训练集）.xlsx|材料3|3127,2,31313.23282,30692.0995701,31483.8804113,31266.5876023
附件一（训练集）.xlsx|材料3|3128,4,62686.95681,62599.3383414,61727.7540939,61418.309831
附件一（训练集）.xlsx|材料3|3129,4,124609.9432,126895.292236,119653.223554,126389.702791
附件一（训练集）.xlsx|材料3|313,0,90170.06619,83346.9831858,79213.8323078,77583.6067302
附件一（训练集）.xlsx|材料3|3130,3,242969.8989,225294.443664,217209.356059,215031.896255
附件一（训练集）.xlsx|材料3|3131,4,830896.1403,860400.23849,804220.189891,797161.295652
附件一（训练集）.xlsx|材料3|3132,4,6891.517147,7956.32006559,7371.28169003,7342.71416172
附件一（训练集）.xlsx|材料3|3133,2,23189.48335,25477.6343647,23182.4578419,23494.1032699
附件一（训练集）.xlsx|材料3|3134,0,45257.58868,49325.28854,42659.8043752,43113.438674
附件一（训练集）.xlsx|材料3|3135,4,90348.6787,96390.6321215,95677.4800299,98313.464041
附件一（训练集）.xlsx|材料3|3136,2,644174.2493,624231.435044,631731.156242,671713.502926
附件一（训练集）.xlsx|材料3|3137,1,1165644.098,1167137.01216,1189307.52658,1186390.62653
附件一（训练集）.xlsx|材料3|3138,4,2017956.446,2201493.01383,2079243.03959,2105384.17822
附件一（训练集）.xlsx|材料3|3139,4,3413.644416,3931.05182666,3473.49193814,3424.41850205
附件一（训练集）.xlsx|材料3|314,1,164554.557,154678.179215,173130.749348,172350.261877
附件一（训练集）.xlsx|材料3|3140,3,5889.215157,6973.12692576,6442.64303239,6715.13047349
附件一（训练集）.xlsx|材料3|3141,3,10612.66826,12041.0089757,12408.6035805,12361.2119007
附件一（训练集）.xlsx|材料3|3142,1,35777.04298,34832.042726,36655.9957432,36697.9670649
附件一（训练集）.xlsx|材料3|3143,0,260395.6594,266337.358292,264129.611192,261990.169311
附件一（训练集）.xlsx|材料3|3144,3,926900.7568,908656.067372,907082.207962,946795.325942
附件一（训练集）.xlsx|材料3|3145,1,1655498.408,1619668.80217,1691629.67645,1642522.96099
附件一（训练集）.xlsx|材料3|3146,0,2851072.413,2658988.7247,2638458.96766,2790234.8519
附件一（训练集）.xlsx|材料3|3147,2,3385.406448,4202.94299189,3156.47311838,3286.66705809
附件一（训练集）.xlsx|材料3|3148,4,5838.395508,7168.62653825,6458.98532503,6389.2708157
附件一（训练集）.xlsx|材料3|3149,3,9970.255772,11241.1144996,10416.036853,10746.7220414
附件一（训练集）.xlsx|材料3|315,0,294870.5418,242392.20014,319552.999179,308273.663208
附件一（训练集）.xlsx|材料3|3150,3,17790.41549,19189.6013786,18572.3633613,17463.9996427
附件一（训练集）.xlsx|材料3|3151,0,31851.71087,38304.8258734,31667.0065302,30940.2410957
附件一（训练集）.xlsx|材料3|3152,1,58764.61918,66846.6541097,63361.8268709,59922.3375715
附件一（训练集）.xlsx|材料3|3153,4,110558.3378,115619.770499,113889.907361,115331.218603
附件一（训练集）.xlsx|材料3|3154,3,207683.7263,206389.417058,194365.529255,194646.132766
附件一（训练集）.xlsx|材料3|3155,3,1328971.276,1312627.20393,1309323.2679,1314037.09969
附件一（训练集）.xlsx|材料3|3156,0,3728.663892,4330.87124552,3820.38837397,3914.19834141
附件一（训练集）.xlsx|材料3|3157,3,6388.095208,7478.52616393,6875.26491318,6976.16076685
附件一（训练集）.xlsx|材料3|3158,1,10647.18484,11277.6267493,10854.0500246,10935.1006053
附件一（训练集）.xlsx|材料3|3159,0,18090.67092,21358.8549594,18402.0478058,18269.2201527
附件一（训练集）.xlsx|材料3|316,1,6972.031059,6701.03695433,6885.09931538,7053.05282734
附件一（训练集）.xlsx|材料3|3160,4,31349.751,35097.6995483,32491.7172157,32172.8567784
附件一（训练集）.xlsx|材料3|3161,0,98473.11591,111699.661693,96764.7939934,95812.8949468
附件一（训练集）.xlsx|材料3|3162,0,178711.7393,187909.04059,183177.467938,177780.66675
附件一（训练集）.xlsx|材料3|3163,0,326935.1416,360133.304059,342668.062176,315730.072042
附件一（训练集）.xlsx|材料3|3164,2,1085017.971,1097286.2521,1163725.24411,1192905.72688
附件一（训练集）.xlsx|材料3|3165,0,6897.121717,6619.44286852,6862.89686207,7043.57738865
附件一（训练集）.xlsx|材料3|3166,0,11349.87113,11422.3894066,10077.4472289,10033.4566199
附件一（训练集）.xlsx|材料3|3167,1,18954.20516,17904.6620679,18324.8298487,17873.8917165
附件一（训练集）.xlsx|材料3|3168,3,31586.9754,31090.7682461,31669.5326067,33273.5454644
附件一（训练集）.xlsx|材料3|3169,4,54465.8564,54178.0328257,51721.573523,51356.2880878
附件一（训练集）.xlsx|材料3|317,0,32530.73438,32007.9442342,33920.2059407,33167.6193571
附件一（训练集）.xlsx|材料3|3170,2,93521.09758,97468.3691139,93443.9181477,90525.2858261
附件一（训练集）.xlsx|材料3|3171,0,161411.4109,161430.904762,159219.274806,163672.037369
附件一（训练集）.xlsx|材料3|3172,0,514187.4637,554805.409367,556745.469439,532237.838773
附件一（训练集）.xlsx|材料3|3173,4,908374.3942,924656.38271,1003877.32069,1008887.51383
附件一（训练集）.xlsx|材料3|3174,0,1600728.241,1427466.70278,1571717.13077,1533094.2134
附件一（训练集）.xlsx|材料3|3175,4,7586.615726,7788.75812922,7148.39026846,6833.08420496
附件一（训练集）.xlsx|材料3|3176,0,12372.97048,13576.6704485,10689.4684167,11027.5431672
附件一（训练集）.xlsx|材料3|3177,0,20367.33075,23187.6547186,16911.9324901,17214.4441025
附件一（训练集）.xlsx|材料3|3178,1,33336.96706,33281.1922272,32376.9430256,32285.0154087
附件一（训练集）.xlsx|材料3|3179,3,55374.74878,50962.18665,53872.5710436,53721.8484968
附件一（训练集）.xlsx|材料3|318,3,55323.33712,55336.1803424,53911.5780399,54561.5030269
附件一（训练集）.xlsx|材料3|3180,2,157877.9021,170554.939866,154024.291085,158528.728332
附件一（训练集）.xlsx|材料3|3181,0,267162.907,285226.775937,281483.631307,286265.09333
附件一（训练集）.xlsx|材料3|3182,2,469529.9425,481087.113209,460744.188318,488069.222003
附件一（训练集）.xlsx|材料3|3183,0,817869.7747,849560.841095,834474.880303,809541.837972
附件一（训练集）.xlsx|材料3|3184,4,1406702.033,1351136.70073,1452886.09048,1420951.78727
附件一（训练集）.xlsx|材料3|3185,3,8214.334914,8958.26957968,8144.15724135,7883.90382823
附件一（训练集）.xlsx|材料3|3186,1,13158.71733,13187.9978623,13006.0809394,13114.2617427
附件一（训练集）.xlsx|材料3|3187,0,21478.74602,21948.4638831,20553.8852556,21920.8326309
附件一（训练集）.xlsx|材料3|3188,3,34898.38795,35707.5331111,33041.725773,32096.3214705
附件一（训练集）.xlsx|材料3|3189,0,56859.91641,70513.3553084,54975.5668297,55074.733328
附件一（训练集）.xlsx|材料3|319,3,89901.07573,86599.8254136,93374.8554998,93142.6678172
附件一（训练集）.xlsx|材料3|3190,0,93201.38415,106043.830901,91748.3235744,94982.1284953
附件一（训练集）.xlsx|材料3|3191,1,154957.6858,157067.59731,154551.080615,160258.064771
附件一（训练集）.xlsx|材料3|3192,3,435921.0286,443738.143248,429202.944119,442533.43144
附件一（训练集）.xlsx|材料3|3193,1,746484.7192,767348.964276,755212.52828,754164.990698
附件一（训练集）.xlsx|材料3|3194,3,1269422.622,1229183.33481,1161077.55152,1206427.50268
附件一（训练集）.xlsx|材料3|3195,4,13426.66865,12005.4189982,11673.6260432,12574.6914884
附件一（训练集）.xlsx|材料3|3196,0,107169.6605,111964.695587,101356.371172,106142.979453
附件一（训练集）.xlsx|材料3|3197,0,200089.3081,184728.627207,185826.372968,187031.165294
附件一（训练集）.xlsx|材料3|3198,2,354652.4984,370088.689544,354877.609856,373391.789118
附件一（训练集）.xlsx|材料3|3199,2,606248.2132,629908.040694,578976.436488,589128.263231
附件一（训练集）.xlsx|材料3|32,2,258478.7994,284735.578197,261105.388108,260069.789483
附件一（训练集）.xlsx|材料3|320,0,155385.2063,159844.367598,159969.873204,163482.167504
附件一（训练集）.xlsx|材料3|3200,0,10183.57646,9986.88441376,9346.91637232,8998.85943681
附件一（训练集）.xlsx|材料3|3201,2,20075.54186,19382.3942573,17781.837883,18655.6829057
附件一（训练集）.xlsx|材料3|321,0,12726.87081,12410.410449,11713.2867275,11693.4994484
附件一（训练集）.xlsx|材料3|322,0,20806.09223,19467.9253904,19973.7459461,20521.4823908
附件一（训练集）.xlsx|材料3|323,3,57320.48192,59764.21763,56880.2090069,54063.9543593
附件一（训练集）.xlsx|材料3|324,0,154770.4739,153863.690756,156674.051084,152870.447325
附件一（训练集）.xlsx|材料3|325,1,265558.0355,258383.411874,260925.274689,266524.910282
附件一（训练集）.xlsx|材料3|326,4,36665.88,40009.5772556,38846.8118798,38949.4859769
附件一（训练集）.xlsx|材料3|327,2,53264.04,50650.0048982,54274.7129212,54673.395267
附件一（训练集）.xlsx|材料3|328,0,41867.48,42498.7491928,41029.9484735,43996.6987685
附件一（训练集）.xlsx|材料3|329,2,2232.8,2030.50645422,1989.80748487,1931.53244793
附件一（训练集）.xlsx|材料3|33,4,712142.0398,733768.001554,676041.78031,681130.370396
附件一（训练集）.xlsx|材料3|330,2,1263.85,1135.81154814,1065.06926692,1045.97659995
附件一（训练集）.xlsx|材料3|331,2,23292.65,24384.2431775,23427.7849553,21528.8459697
附件一（训练集）.xlsx|材料3|332,3,12588.29,11738.3691205,11722.5946185,12084.4772486
附件一（训练集）.xlsx|材料3|333,0,10924.68,10443.5672129,11049.5745364,10019.3458272
附件一（训练集）.xlsx|材料3|334,1,17227.74,17225.601334,17023.5450589,17167.1818614
附件一（训练集）.xlsx|材料3|335,1,3659.06,3415.42863452,3576.86033344,2984.27005599
附件一（训练集）.xlsx|材料3|336,4,442289.03,411550.569837,405797.055884,398984.767046
附件一（训练集）.xlsx|材料3|337,2,6654.44,6758.57214406,6556.13557892,6460.73226059
附件一（训练集）.xlsx|材料3|338,2,90820.46,95778.4484063,82238.9057672,82116.6500077
附件一（训练集）.xlsx|材料3|339,3,90033.44,86599.8254136,91081.9033355,93110.9195711
附件一（训练集）.xlsx|材料3|34,3,1258.578548,1423.17506861,1301.58064208,1433.51306648
附件一（训练集）.xlsx|材料3|340,2,1403.04,1373.18919061,1304.92304686,1263.17241639
附件一（训练集）.xlsx|材料3|341,4,58101.89,66156.0714765,56660.4865974,58388.075734
附件一（训练集）.xlsx|材料3|342,2,832.52,889.306348555,843.826459379,803.96306226
附件一（训练集）.xlsx|材料3|343,1,60773.47,62091.2672812,60414.9306326,61609.3538179
附件一（训练集）.xlsx|材料3|344,1,11952.08,12305.6911488,11399.39076,12053.3933221
附件一（训练集）.xlsx|材料3|345,1,322925.53,323035.95534,335189.136547,336967.948178
附件一（训练集）.xlsx|材料3|346,2,3183.85,3295.55480428,3218.09179224,3248.01144548
附件一（训练集）.xlsx|材料3|347,0,370463.57,365278.270352,376961.468592,382500.229553
附件一（训练集）.xlsx|材料3|348,0,32890.84,36300.2646448,34053.9965643,32957.7461945
附件一（训练集）.xlsx|材料3|349,2,9387.41,10007.8861367,9380.60338696,9092.73340281
附件一（训练集）.xlsx|材料3|35,3,1944.41501,2008.33062586,1796.66982092,1757.57160597
附件一（训练集）.xlsx|材料3|350,4,519662.57,466747.4414,468959.463691,478346.49268
附件一（训练集）.xlsx|材料3|351,0,95297.34,92024.1335914,82083.0864838,76083.3331514
附件一（训练集）.xlsx|材料3|352,4,3476.17,2962.37228699,3037.39031188,2846.95131169
附件一（训练集）.xlsx|材料3|353,2,13379.54,13893.123715,13423.8543115,13606.1918338
附件一（训练集）.xlsx|材料3|354,2,313407.91,307977.367031,338661.424592,350311.075119
附件一（训练集）.xlsx|材料3|355,1,180591.31,174215.052643,176827.201192,178819.402267
附件一（训练集）.xlsx|材料3|356,3,2848.64,2930.40571006,2669.63619381,2720.07421272
附件一（训练集）.xlsx|材料3|357,4,297265,288303.580026,285334.433147,291500.471947
附件一（训练集）.xlsx|材料3|358,0,16999.87,15708.5920703,17471.875916,16686.3076117
附件一（训练集）.xlsx|材料3|359,1,164815.13,154678.179215,173495.218302,170392.657273
附件一（训练集）.xlsx|材料3|36,1,3655.386207,3415.42863452,3363.70687556,3042.12092952
附件一（训练集）.xlsx|材料3|360,2,3229.41,3624.28229944,3566.2377776,3685.97821992
附件一（训练集）.xlsx|材料3|361,4,2274.03,2191.21210113,2065.92953394,2033.01628739
附件一（训练集）.xlsx|材料3|362,2,2032.53,2041.38310183,2023.77386479,1922.33918558
附件一（训练集）.xlsx|材料3|363,0,155607.81,159844.367598,160666.238915,165278.068618
附件一（训练集）.xlsx|材料3|364,4,5826.65,5761.99543425,5186.9235673,4916.28160651
附件一（训练集）.xlsx|材料3|365,1,65913.16,67123.7322643,70976.6829366,69843.0232185
附件一（训练集）.xlsx|材料3|366,4,244299.76,195274.517417,253599.932809,246000.370965
附件一（训练集）.xlsx|材料3|367,1,31974.17,34142.7882033,33742.154413,34429.219968
附件一（训练集）.xlsx|材料3|368,2,45568.02,48017.2458247,42618.4315821,43846.8812565
附件一（训练集）.xlsx|材料3|369,2,55013.82,58261.8439121,57555.3412109,58277.8993647
附件一（训练集）.xlsx|材料3|37,2,6655.868271,5712.57963159,6189.24431567,6010.88271294
附件一（训练集）.xlsx|材料3|370,3,104999.24,112541.047755,104584.792702,110599.283454
附件一（训练集）.xlsx|材料3|371,2,198468.79,209273.274186,198272.427885,200998.801335
附件一（训练集）.xlsx|材料3|372,2,182634.4,198122.280886,176408.180159,167797.142186
附件一（训练集）.xlsx|材料3|373,0,462295.98,455484.364396,454759.823796,463400.31802
附件一（训练集）.xlsx|材料3|374,3,9824.87,10724.9404293,10539.804314,10909.7309834
附件一（训练集）.xlsx|材料3|375,1,2119.41,1744.87364689,1930.40982818,1627.08189268
附件一（训练集）.xlsx|材料3|376,4,586720.77,510457.536545,546721.051991,534817.602884
附件一（训练集）.xlsx|材料3|377,0,88876.53,92550.3513505,87205.5986737,84307.4496319
附件一（训练集）.xlsx|材料3|378,1,6984.69,6701.03695433,6941.39831704,6972.69915169
附件一（训练集）.xlsx|材料3|379,3,1107.47,1190.04007156,1242.50169192,1246.0770366
附件一（训练集）.xlsx|材料3|38,3,12365.81835,11851.3802465,12552.5011671,11841.3499386
附件一（训练集）.xlsx|材料3|380,0,3179.22,3126.10481058,2965.03556723,2927.72989296
附件一（训练集）.xlsx|材料3|381,0,155032.76,153863.690756,157140.545867,155789.581929
附件一（训练集）.xlsx|材料3|382,3,54832.19,54671.6447705,52599.4110103,55799.9500329
附件一（训练集）.xlsx|材料3|383,1,2015.4,2245.26364045,2225.27491376,2268.83529836
附件一（训练集）.xlsx|材料3|384,1,105873.94,102208.07923,102951.352721,100598.540891
附件一（训练集）.xlsx|材料3|385,4,16456.07,16886.4024463,16808.9093079,17686.2636007
附件一（训练集）.xlsx|材料3|386,2,55823.68,55289.4499841,49326.7846584,49617.9753242
附件一（训练集）.xlsx|材料3|387,1,4492.75,4250.02976077,4004.63188981,4200.54596863
附件一（训练集）.xlsx|材料3|388,2,3626.91,3685.97671797,3655.03923069,3497.89370978
附件一（训练集）.xlsx|材料3|389,2,34665.22,36193.5095906,32719.604232,32868.2728544
附件一（训练集）.xlsx|材料3|39,2,22020.3254,21529.8776401,19773.6990717,20518.0229102
附件一（训练集）.xlsx|材料3|390,2,72223.04,76961.393081,82052.02726,80814.2167935
附件一（训练集）.xlsx|材料3|391,4,11904.69,12141.29272,12157.0028761,12244.1262638
附件一（训练集）.xlsx|材料3|392,1,134193.39,124496.886137,127951.957464,128155.261949
附件一（训练集）.xlsx|材料3|393,0,4725.54,4426.35718712,4744.57798657,4303.76576549
附件一（训练集）.xlsx|材料3|394,0,48378.95,44555.2651273,48618.436868,53174.3387999
附件一（训练集）.xlsx|材料3|395,2,97416.2,107348.327977,105567.398498,106013.147975
附件一（训练集）.xlsx|材料3|396,0,51443.69,56380.0936818,52734.9765683,52340.4688262
附件一（训练集）.xlsx|材料3|397,4,2569.43,2678.58287647,2603.845634,2552.47055085
附件一（训练集）.xlsx|材料3|398,4,30982.67,30865.8884162,32757.6433796,32540.14819
附件一（训练集）.xlsx|材料3|399,0,55434.62,53742.7142887,54933.5297885,59833.6352378
附件一（训练集）.xlsx|材料3|4,1,23960.76706,24485.0430376,24339.489747,24354.2049354
附件一（训练集）.xlsx|材料3|40,0,38465.55548,37402.9797441,38625.447982,39636.6429229
附件一（训练集）.xlsx|材料3|400,0,70805.95,71107.7200618,65234.8341418,64861.2717754
附件一（训练集）.xlsx|材料3|401,3,154338.53,183922.491094,156877.825625,166192.559788
附件一（训练集）.xlsx|材料3|402,1,9718.49,11205.9920804,9882.8073145,9589.62856177
附件一（训练集）.xlsx|材料3|403,3,674743.06,624070.848667,624821.222599,632284.483682
附件一（训练集）.xlsx|材料3|404,4,177742.04,162595.007922,161444.178361,158926.537739
附件一（训练集）.xlsx|材料3|405,3,5685.88,6160.53489383,5967.52595246,5881.24408969
附件一（训练集）.xlsx|材料3|406,4,53037.04,51938.1995578,53692.7947822,51793.1600316
附件一（训练集）.xlsx|材料3|407,1,187551.62,174407.668803,181947.260999,186546.056141
附件一（训练集）.xlsx|材料3|408,2,32051.75,33341.7854239,33293.460583,32282.0251098
附件一（训练集）.xlsx|材料3|409,0,69556.79,73139.9400602,67549.3396075,72854.2171787
附件一（训练集）.xlsx|材料3|41,0,66975.05104,66617.8938897,64055.5181071,63170.6467931
附件一（训练集）.xlsx|材料3|410,1,18192.57,18442.0553195,17173.7254333,19910.8514402
附件一（训练集）.xlsx|材料3|411,4,2590.6,2272.22468147,2351.81571806,2338.83553403
附件一（训练集）.xlsx|材料3|412,1,1714.01,1719.51839474,1859.76386657,1874.00644876
附件一（训练集）.xlsx|材料3|413,3,334330.65,329347.647415,325592.544644,345699.114186
附件一（训练集）.xlsx|材料3|414,3,155315.61,156858.214383,158204.346103,155236.218299
附件一（训练集）.xlsx|材料3|415,2,249802.07,267075.518664,251687.757676,258428.278331
附件一（训练集）.xlsx|材料3|416,3,136738.73,134293.776739,139876.041382,138272.729417
附件一（训练集）.xlsx|材料3|417,3,34723.35,34549.6984384,33713.5089445,34008.5321769
附件一（训练集）.xlsx|材料3|418,0,290426.6,302059.900581,301192.869403,301247.583635
附件一（训练集）.xlsx|材料3|419,3,1044.96,1115.06302163,1096.08033803,971.472788341
附件一（训练集）.xlsx|材料3|42,2,577574.4872,582163.707151,538028.849769,546518.694116
附件一（训练集）.xlsx|材料3|420,2,13270.1,11193.9388142,12204.5479016,12119.9268668
附件一（训练集）.xlsx|材料3|421,1,333031.27,319742.681317,314856.822138,302972.017557
附件一（训练集）.xlsx|材料3|422,4,105190.97,105898.029854,101929.551901,103773.471116
附件一（训练集）.xlsx|材料3|423,1,6304.21,6832.17889958,6609.87123485,6381.28606209
附件一（训练集）.xlsx|材料3|424,2,6515.2,6465.45029698,6698.83041962,6692.72959042
附件一（训练集）.xlsx|材料3|425,1,7112.8,6813.62449597,6940.35785655,7311.29062715
附件一（训练集）.xlsx|材料3|426,0,21520.07,18201.9967648,21840.1934325,20946.5765299
附件一（训练集）.xlsx|材料3|427,0,1785.4,1861.03836023,1823.23169214,1790.43505238
附件一（训练集）.xlsx|材料3|428,3,11613.03,11888.1125228,11871.3583701,12212.5322764
附件一（训练集）.xlsx|材料3|429,2,13504.53,14862.3519416,13640.5547816,13861.7004569
附件一（训练集）.xlsx|材料3|43,4,937794.3555,906944.01117,898197.992866,892645.329401
附件一（训练集）.xlsx|材料3|430,4,939532.1,906944.01117,890215.996068,900978.581794
附件一（训练集）.xlsx|材料3|431,3,23576.43,23776.67631,25665.752193,28069.0828556
附件一（训练集）.xlsx|材料3|432,1,3637.16,3507.75724396,3484.90036939,3342.8500628
附件一（训练集）.xlsx|材料3|433,0,174473.71,159113.498817,178482.648054,176105.987844
附件一（训练集）.xlsx|材料3|434,0,3348.51,3288.94110099,3133.60324591,3228.08908195
附件一（训练集）.xlsx|材料3|435,0,229866.19,234549.895418,219646.210832,216088.651275
附件一（训练集）.xlsx|材料3|436,3,96276.63,92178.2021972,90924.8951873,89930.2964319
附件一（训练集）.xlsx|材料3|437,2,1582.02,1260.70355133,1340.81493297,1447.37168876
附件一（训练集）.xlsx|材料3|438,1,93398.43,95753.2114881,96300.8801971,98322.6050149
附件一（训练集）.xlsx|材料3|439,4,1781.74,2004.2771641,1908.59807443,1780.13551427
附件一（训练集）.xlsx|材料3|44,4,1857.177823,1757.50590546,1725.66100551,1621.00289344
附件一（训练集）.xlsx|材料3|440,3,57415.17,59764.21763,54648.5009751,52624.4798957
附件一（训练集）.xlsx|材料3|441,3,99639.56,103078.448208,94996.732056,101614.529658
附件一（训练集）.xlsx|材料3|442,1,180431.86,183911.897764,187592.277978,181195.589616
附件一（训练集）.xlsx|材料3|443,0,9847.02,10240.4460592,10112.2858368,10481.320653
附件一（训练集）.xlsx|材料3|444,1,7096.25,7246.83025029,7403.2656074,6926.5118062
附件一（训练集）.xlsx|材料3|445,2,97137.36,109634.149024,103909.547339,108581.065894
附件一（训练集）.xlsx|材料3|446,1,143997.61,142636.88749,144194.448653,138413.065247
附件一（训练集）.xlsx|材料3|447,0,11790.98,11445.3456426,11577.1457069,10797.5530126
附件一（训练集）.xlsx|材料3|448,2,17438.63,20913.8293557,17498.6825862,18300.1516454
附件一（训练集）.xlsx|材料3|449,0,410443.36,370217.313363,386008.352464,383467.025286
附件一（训练集）.xlsx|材料3|45,4,2583.209469,2272.22468147,2263.69940723,2266.23214178
附件一（训练集）.xlsx|材料3|450,0,5827.51,6076.3378471,5518.72980453,6151.69614455
附件一（训练集）.xlsx|材料3|451,4,343747.68,326584.428847,325616.471875,337529.742602
附件一（训练集）.xlsx|材料3|452,1,1066.87,1093.15999965,1023.10419503,1082.61281426
附件一（训练集）.xlsx|材料3|453,3,5916.89,5398.07082234,5748.90868998,5637.66323582
附件一（训练集）.xlsx|材料3|454,0,36216.98,36402.8724798,37721.1564086,37511.7222498
附件一（训练集）.xlsx|材料3|455,0,24190.68,24732.8930167,22656.1485391,23521.2389559
附件一（训练集）.xlsx|材料3|456,4,155242.93,151956.917988,135229.976042,141784.120456
附件一（训练集）.xlsx|材料3|457,0,20841.6,19467.9253904,20401.3343248,20805.4030867
附件一（训练集）.xlsx|材料3|458,0,8985.86,9381.91094461,8627.95725514,8394.57718239
附件一（训练集）.xlsx|材料3|459,2,135387.17,148085.19458,148850.178204,152448.231942
附件一（训练集）.xlsx|材料3|46,3,4789.970208,4658.14083698,4165.54471242,3993.48169983
附件一（训练集）.xlsx|材料3|460,4,31430.36,32120.2544975,31943.4463234,32396.1253896
附件一（训练集）.xlsx|材料3|461,0,72342.38,71219.5847512,72977.4760996,76095.2996373
附件一（训练集）.xlsx|材料3|462,1,24667.84,24409.4438025,22810.1367943,24583.9341975
附件一（训练集）.xlsx|材料3|463,2,1444.72,1330.653626,1345.86646634,1349.87236436
附件一（训练集）.xlsx|材料3|464,0,16165.63,13821.5321802,16513.1670298,15886.6857786
附件一（训练集）.xlsx|材料3|465,3,338398.46,345265.521582,329578.521056,339033.810967
附件一（训练集）.xlsx|材料3|466,4,1208.06,1168.52187246,1257.04111995,1211.42961804
附件一（训练集）.xlsx|材料3|467,4,1755.71,1914.35551717,1939.45547968,1949.6232803
附件一（训练集）.xlsx|材料3|468,0,5491.93,6142.82754464,6132.36312503,6486.29696923
附件一（训练集）.xlsx|材料3|469,0,35954.18,35882.7679828,36305.4482587,37321.2184146
附件一（训练集）.xlsx|材料3|47,0,51937.15111,49653.1679969,48621.0388748,49291.8731837
附件一（训练集）.xlsx|材料3|470,3,1531.45,1586.74009027,1653.21519027,1544.88396338
附件一（训练集）.xlsx|材料3|471,1,4601.05,4295.77634546,4280.9654887,4136.5016254
附件一（训练集）.xlsx|材料3|472,3,1261.4,1423.17506861,1323.80007535,1466.57794076
附件一（训练集）.xlsx|材料3|473,1,9740.74,9634.71461902,10424.2010511,10177.5187109
附件一（训练集）.xlsx|材料3|474,4,18514.58,18796.0516259,20307.8815558,20938.9471104
附件一（训练集）.xlsx|材料3|475,0,3531.8,3770.74962875,4002.77367123,3751.96592623
附件一（训练集）.xlsx|材料3|476,2,269073.38,259516.460973,246145.322262,250810.020729
附件一（训练集）.xlsx|材料3|477,0,2537.01,2271.10707186,2339.9929707,2219.05394829
附件一（训练集）.xlsx|材料3|478,4,1762.24,1475.20704032,1545.25236318,1624.497932
附件一（训练集）.xlsx|材料3|479,1,595617.57,608080.841798,617412.482213,596265.233243
附件一（训练集）.xlsx|材料3|48,2,268566.9736,259516.460973,248287.47043,250033.608642
附件一（训练集）.xlsx|材料3|480,3,2171.52,1961.9767379,1937.86963266,2000.84515847
附件一（训练集）.xlsx|材料3|481,3,31146.42,28339.9851084,29210.73943,30161.0748085
附件一（训练集）.xlsx|材料3|482,4,17181.12,19142.8561189,18644.0544378,19606.0446148
附件一（训练集）.xlsx|材料3|483,2,1882.96,1829.35783867,1718.81001808,1712.02619869
附件一（训练集）.xlsx|材料3|484,4,108791.53,100002.986075,102247.865479,106590.808439
附件一（训练集）.xlsx|材料3|485,4,879.97,887.471349492,925.413850544,916.231355768
附件一（训练集）.xlsx|材料3|486,4,327036.16,351738.882654,329450.904338,331010.111639
附件一（训练集）.xlsx|材料3|487,4,15158.83,13484.0502511,12818.9124625,13476.7835302
附件一（训练集）.xlsx|材料3|488,0,1780.13,1742.38403329,1939.88804901,1718.90047883
附件一（训练集）.xlsx|材料3|489,4,713523.55,733768.001554,684385.55329,684858.212466
附件一（训练集）.xlsx|材料3|49,2,465018.4764,434103.799051,458765.861431,450924.349928
附件一（训练集）.xlsx|材料3|490,1,731609.26,692626.656073,701555.002786,687695.896845
附件一（训练集）.xlsx|材料3|491,1,19162.64,19177.668175,19579.4287888,20197.5616248
附件一（训练集）.xlsx|材料3|492,1,1819.36,1979.14556442,2024.21316583,1995.56742745
附件一（训练集）.xlsx|材料3|493,4,2582.363272,2545.10282957,2491.58302839,2482.98233316
附件一（训练集）.xlsx|材料3|494,1,23960.76706,24485.0430376,24339.489747,24354.2049354
附件一（训练集）.xlsx|材料3|495,0,42287.30491,39738.3713996,44558.1499802,42939.3286288
附件一（训练集）.xlsx|材料3|496,0,313328.3747,402909.553665,391666.225499,402877.83177
附件一（训练集）.xlsx|材料3|497,0,1784.802763,1861.03836023,1829.85509232,1813.38863082
附件一（训练集）.xlsx|材料3|498,0,3174.476566,3126.10481058,3072.64406552,2991.44647379
附件一（训练集）.xlsx|材料3|499,0,18411.26536,19872.8506619,19208.8558687,18793.8410938
附件一（训练集）.xlsx|材料3|5,0,42287.30491,39738.3713996,44906.826318,42733.0760279
附件一（训练集）.xlsx|材料3|50,1,795462.7058,695944.170977,739634.298606,710049.578173
附件一（训练集）.xlsx|材料3|500,4,31365.06039,32120.2544975,32926.6753989,32340.6309107
附件一（训练集）.xlsx|材料3|501,3,89675.31007,91460.982916,90432.5323581,90494.0012973
附件一（训练集）.xlsx|材料3|502,4,148717.3216,151175.299928,142910.269036,145697.644765
附件一（训练集）.xlsx|材料3|503,2,249256.6081,267075.518664,262341.844196,249776.342986
附件一（训练集）.xlsx|材料3|504,3,2167.701999,1961.9767379,1916.83917681,1928.04628535
附件一（训练集）.xlsx|材料3|505,0,7497.449647,7529.61637706,6994.00422489,6951.48323793
附件一（训练集）.xlsx|材料3|506,0,67744.66643,72514.3434916,74548.7037099,74596.1721292
附件一（训练集）.xlsx|材料3|507,2,198097.9457,209273.274186,202101.464872,202286.706785
附件一（训练集）.xlsx|材料3|508,4,326429.9909,351738.882654,323197.184037,326543.711634
附件一（训练集）.xlsx|材料3|509,4,518766.9716,466747.4414,454708.248081,481919.000046
附件一（训练集）.xlsx|材料3|51,4,1478.325272,1337.96374478,1343.01311114,1346.47241113
附件一（训练集）.xlsx|材料3|510,0,875111.7465,876989.187877,849717.891951,844061.112117
附件一（训练集）.xlsx|材料3|511,2,1442.561093,1330.653626,1293.33071732,1394.10101921
附件一（训练集）.xlsx|材料3|512,3,2754.192329,2376.8301954,2420.51458234,2302.56975093
附件一（训练集）.xlsx|材料3|513,1,5167.464583,5829.80537504,5250.35410489,5480.75271204
附件一（训练集）.xlsx|材料3|514,2,17397.16836,20913.8293557,17201.1611596,18210.748311
附件一（训练集）.xlsx|材料3|515,2,29823.04484,33197.335507,30519.4656353,33920.7070535
附件一（训练集）.xlsx|材料3|516,0,51340.0911,56380.0936818,52526.3301952,52414.6147887
附件一（训练集）.xlsx|材料3|517,2,258478.7994,284735.578197,261105.388108,260069.789483
附件一（训练集）.xlsx|材料3|518,2,417015.6341,437858.178232,431355.689629,406999.897755
附件一（训练集）.xlsx|材料3|519,1,3655.386207,3415.42863452,3363.70687556,3042.12092952
附件一（训练集）.xlsx|材料3|52,4,1898.912973,1569.1073823,1485.30374596,1646.8770939
附件一（训练集）.xlsx|材料3|520,3,12365.81835,11851.3802465,12552.5011671,11841.3499386
附件一（训练集）.xlsx|材料3|521,2,22020.3254,21529.8776401,19773.6990717,20600.5287828
附件一（训练集）.xlsx|材料3|522,0,38465.55548,37402.9797441,38625.447982,39636.6429229
附件一（训练集）.xlsx|材料3|523,3,119981.4966,128839.997446,125431.369216,120989.930346
附件一（训练集）.xlsx|材料3|524,3,333654.412,329347.647415,326475.807929,347547.707069
附件一（训练集）.xlsx|材料3|525,2,577574.4872,582163.707151,554327.782157,548542.436172
附件一（训练集）.xlsx|材料3|526,4,1857.177823,1757.50590546,1715.32091753,1625.58521323
附件一（训练集）.xlsx|材料3|527,4,2583.209469,2272.22468147,2263.69940723,2266.23214178
附件一（训练集）.xlsx|材料3|528,0,16135.14341,13821.5321802,16394.2352095,15179.7843957
附件一（训练集）.xlsx|材料3|529,1,28701.85187,27430.8169503,27801.9088256,27137.8853412
附件一（训练集）.xlsx|材料3|53,4,3471.755955,2962.37228699,2845.73783362,2835.62625633
附件一（训练集）.xlsx|材料3|530,0,51937.15111,49653.1679969,48452.173649,49703.229551
附件一（训练集）.xlsx|材料3|531,1,91908.58818,95745.497552,89087.5601918,93202.5723259
附件一（训练集）.xlsx|材料3|532,2,162300.5175,152280.403446,154571.702383,151016.128956
附件一（训练集）.xlsx|材料3|533,2,268566.9736,259516.460973,248287.47043,250033.608642
附件一（训练集）.xlsx|材料3|534,2,465018.4764,434103.799051,461337.197537,448833.156682
附件一（训练集）.xlsx|材料3|535,4,1478.325272,1337.96374478,1329.01888319,1337.07577217
附件一（训练集）.xlsx|材料3|536,4,1898.912973,1569.1073823,1485.30374596,1646.8770939
附件一（训练集）.xlsx|材料3|537,4,3471.755955,2962.37228699,2851.28911286,2826.05654402
附件一（训练集）.xlsx|材料3|538,0,11779.11668,11445.3456426,11691.2094062,10706.6040743
附件一（训练集）.xlsx|材料3|539,1,39334.13264,38555.6724328,39242.5404744,38792.2061935
附件一（训练集）.xlsx|材料3|54,3,6709.170126,6351.78852996,6463.05124668,6879.63851447
附件一（训练集）.xlsx|材料3|540,0,72223.25226,71219.5847512,72863.2399716,75270.9087862
附件一（训练集）.xlsx|材料3|541,1,128790.1426,145456.442663,135419.870784,135794.41691
附件一（训练集）.xlsx|材料3|542,2,378620.2316,355215.360008,371591.180754,384728.435889
附件一（训练集）.xlsx|材料3|543,2,653492.4878,688168.421935,698443.770899,717103.090718
附件一（训练集）.xlsx|材料3|544,1,2343.129959,2272.77542569,2207.68949968,2095.26459467
附件一（训练集）.xlsx|材料3|545,3,9130.546049,7913.61272132,8841.90818051,7938.58035986
附件一（训练集）.xlsx|材料3|546,3,16285.80512,14924.4935446,15803.8372657,13967.4412642
附件一（训练集）.xlsx|材料3|547,2,55748.87774,55289.4499841,49291.8069629,49890.6014091
附件一（训练集）.xlsx|材料3|548,3,102351.1126,93983.8577986,96356.6028395,92346.1958097
附件一（训练集）.xlsx|材料3|549,2,312819.8337,307977.367031,330965.459236,348100.158406
附件一（训练集）.xlsx|材料3|55,0,11779.11668,11445.3456426,11571.9935887,10836.7851265
附件一（训练集）.xlsx|材料3|550,0,539390.7147,476004.690275,489838.569952,473107.373345
附件一（训练集）.xlsx|材料3|551,4,4036.464492,3993.16079199,3735.63699877,3900.16304572
附件一（训练集）.xlsx|材料3|552,0,23492.59637,22484.9373695,23202.983163,22946.4310614
附件一（训练集）.xlsx|材料3|553,2,44271.97874,42323.7892947,44236.1347676,47368.3311231
附件一（训练集）.xlsx|材料3|554,3,142546.6828,140943.436573,139346.941285,138892.315899
附件一（训练集）.xlsx|材料3|555,0,254241.267,221310.902442,220026.299401,211302.955437
附件一（训练集）.xlsx|材料3|556,0,452124.3216,368511.483947,421684.708326,422953.593207
附件一（训练集）.xlsx|材料3|557,4,5770.167265,5388.93379867,5710.90829672,5964.69923748
附件一（训练集）.xlsx|材料3|558,4,6132.489398,5984.43799489,5922.69719998,6197.19780345
附件一（训练集）.xlsx|材料3|559,1,19447.50104,19357.09876,19034.9168868,19754.7245816
附件一（训练集）.xlsx|材料3|56,1,39334.13264,38555.6724328,38563.7291682,39351.9511632
附件一（训练集）.xlsx|材料3|560,2,66832.22267,62775.2248813,66942.6830555,67949.9337103
附件一（训练集）.xlsx|材料3|561,2,117493.8682,115840.300606,112402.429865,112496.855138
附件一（训练集）.xlsx|材料3|562,3,214249.1345,207436.695275,212173.82276,210210.574088
附件一（训练集）.xlsx|材料3|563,0,381596.8211,350139.229711,383614.49212,380752.16744
附件一（训练集）.xlsx|材料3|564,2,9667.934645,10880.1447672,10539.4165219,10346.4032655
附件一（训练集）.xlsx|材料3|565,2,17295.43033,18867.3823593,18492.1512205,19863.5661685
附件一（训练集）.xlsx|材料3|566,4,57363.44613,54720.4542781,56478.529928,57774.7677885
附件一（训练集）.xlsx|材料3|567,3,99484.50108,103078.448208,93756.3888546,100179.178655
附件一（训练集）.xlsx|材料3|568,2,182367.7917,198122.280886,178560.26201,171397.163053
附件一（训练集）.xlsx|材料3|569,1,332469.2401,319742.681317,314300.081941,302356.155733
附件一（训练集）.xlsx|材料3|57,0,72223.25226,71219.5847512,72859.7974884,75270.9087862
附件一（训练集）.xlsx|材料3|570,2,1305.206231,1521.28231243,1430.52682507,1421.16476208
附件一（训练集）.xlsx|材料3|571,4,2268.043482,2191.21210113,2083.90521823,2048.98393755
附件一（训练集）.xlsx|材料3|572,3,4215.23253,4362.36682609,3720.13115143,3819.41891599
附件一（训练集）.xlsx|材料3|573,3,7734.159637,7430.85399557,7098.39989552,6855.21453392
附件一（训练集）.xlsx|材料3|574,3,13150.23654,13214.6697812,13139.7998768,13025.6101583
附件一（训练集）.xlsx|材料3|575,0,24129.01578,24732.8930167,22285.7781828,23682.4476108
附件一（训练集）.xlsx|材料3|576,0,41759.11661,42498.7491928,42039.8662015,44493.9979639
附件一（训练集）.xlsx|材料3|577,1,72501.46867,68332.3309024,68543.5652729,68843.9545691
附件一（训练集）.xlsx|材料3|578,4,126710.2861,127835.799843,121352.992411,127594.540556
附件一（训练集）.xlsx|材料3|579,3,224083.1894,230403.919414,223617.398113,213893.379407
附件一（训练集）.xlsx|材料3|58,1,128790.1426,145456.442663,136491.996756,136568.917195
附件一（训练集）.xlsx|材料3|580,3,982.8429755,1138.57611747,1083.49685822,1031.60270669
附件一（训练集）.xlsx|材料3|581,4,1760.065048,1475.20704032,1648.78588631,1673.37141559
附件一（训练集）.xlsx|材料3|582,2,3177.236388,3295.55480428,3091.5018791,3250.16936578
附件一（训练集）.xlsx|材料3|583,4,5811.434041,5761.99543425,5121.28951023,4880.11343218
附件一（训练集）.xlsx|材料3|584,3,31078.33136,28339.9851084,28584.9607994,29617.4480738
附件一（训练集）.xlsx|材料3|585,2,54876.29217,58261.8439121,57127.7025538,58001.3863851
附件一（训练集）.xlsx|材料3|586,0,461532.5306,455484.364396,452711.324166,460428.866465
附件一（训练集）.xlsx|材料3|587,4,1206.968686,1168.52187246,1184.29004466,1118.65879795
附件一（训练集）.xlsx|材料3|588,1,2253.817717,2104.78943852,1961.13009002,2001.79540885
附件一（训练集）.xlsx|材料3|589,1,4091.720997,3924.63979376,3869.42023489,3583.0512154
附件一（训练集）.xlsx|材料3|59,2,378620.2316,355215.360008,364359.917877,386000.86713
附件一（训练集）.xlsx|材料3|590,2,23236.12882,24384.2431775,23512.6362756,22141.8054256
附件一（训练集）.xlsx|材料3|591,3,129814.4007,145236.616681,142872.519096,146744.748369
附件一（训练集）.xlsx|材料3|592,0,369808.4574,365278.270352,374302.626137,375941.44989
附件一（训练集）.xlsx|材料3|593,4,673406.1725,628674.866093,650520.652597,646443.452439
附件一（训练集）.xlsx|材料3|594,4,1567.91073,1450.68448934,1483.02393531,1529.23408133
附件一（训练集）.xlsx|材料3|595,1,2951.687451,2367.64596351,2555.8479094,2341.62763594
附件一（训练集）.xlsx|材料3|596,1,9630.779543,10394.4353332,9714.4004973,10072.3919364
附件一（训练集）.xlsx|材料3|597,2,53194.04958,50650.0048982,54467.3030822,53375.6278319
附件一（训练集）.xlsx|材料3|598,2,97298.04953,107348.327977,105663.606333,103173.885583
附件一（训练集）.xlsx|材料3|599,3,174148.3865,164070.983786,172027.80674,179154.656216
附件一（训练集）.xlsx|材料3|6,0,69399.3494,73139.9400602,67557.9886696,72749.9945669
附件一（训练集）.xlsx|材料3|60,1,2343.129959,2272.77542569,2182.55070618,2068.03803896
附件一（训练集）.xlsx|材料3|600,0,527541.5376,557794.043754,542742.522707,539713.796532
附件一（训练集）.xlsx|材料3|601,4,900477.9728,874072.657473,874559.712297,893683.816435
附件一（训练集）.xlsx|材料3|602,3,859.5576205,1055.68702134,902.376642802,1071.68991972
附件一（训练集）.xlsx|材料3|603,3,1107.708982,1190.04007156,1155.72708783,1181.28059562
附件一（训练集）.xlsx|材料3|604,1,3856.509172,3435.69253739,3392.29804617,3331.61385459
附件一（训练集）.xlsx|材料3|605,1,7085.505134,7246.83025029,7397.48940653,7025.02098828
附件一（训练集）.xlsx|材料3|606,3,12569.5516,11738.3691205,11855.4799437,11991.2857986
附件一（训练集）.xlsx|材料3|607,0,22382.66894,20356.7738778,22292.5767589,21664.7799307
附件一（训练集）.xlsx|材料3|608,2,135116.536,148085.19458,152598.430724,147474.518385
附件一（训练集）.xlsx|材料3|609,1,227828.9826,224966.590563,221783.637806,213963.891158
附件一（训练集）.xlsx|材料3|61,1,2662.792033,2639.72512686,2438.47144728,2423.46024217
附件一（训练集）.xlsx|材料3|610,1,730341.412,692626.656073,700593.535902,695286.425844
附件一（训练集）.xlsx|材料3|611,2,1580.362693,1260.70355133,1299.68819196,1407.10230692
附件一（训练集）.xlsx|材料3|612,1,2887.765762,2763.5898672,2755.90996273,2534.92597317
附件一（训练集）.xlsx|材料3|613,1,17206.62896,17225.601334,17078.9754182,17229.8598853
附件一（训练集）.xlsx|材料3|614,2,31436.37503,32230.2062406,30799.5867087,29633.3795373
附件一（训练集）.xlsx|材料3|615,4,57996.57514,66156.0714765,57713.2048922,58239.0778327
附件一（训练集）.xlsx|材料3|616,1,180290.8946,174215.052643,176978.976634,178686.634055
附件一（训练集）.xlsx|材料3|617,1,328451.8252,317947.334408,315713.89532,322949.304927
附件一（训练集）.xlsx|材料3|618,4,585788.0545,510457.536545,544309.740613,527424.165512
附件一（训练集）.xlsx|材料3|619,4,1054.573559,1030.02881331,1032.69556116,1100.09387849
附件一（训练集）.xlsx|材料3|62,0,4998.722253,5510.5048453,5168.03315224,5428.38430568
附件一（训练集）.xlsx|材料3|620,4,1238.365622,1189.45365143,1158.4784718,1205.07848746
附件一（训练集）.xlsx|材料3|621,2,2230.938688,2030.50645422,2021.08874764,2012.78586944
附件一（训练集）.xlsx|材料3|622,1,4259.369949,4145.58140378,4573.41820281,4203.24054345
附件一（训练集）.xlsx|材料3|623,1,7551.828037,7166.81816437,7255.65836525,7207.08840154
附件一（训练集）.xlsx|材料3|624,2,45489.92992,48017.2458247,42618.4490973,43851.2359393
附件一（训练集）.xlsx|材料3|625,4,85494.8082,89818.6519021,91086.199272,93877.3798631
附件一（训练集）.xlsx|材料3|626,1,143750.0543,142636.88749,142983.072511,137790.878519
附件一（训练集）.xlsx|材料3|627,1,266425.1345,255700.962676,267803.080258,265459.761142
附件一（训练集）.xlsx|材料3|628,1,478389.5592,474111.199422,449517.207874,463412.729881
附件一（训练集）.xlsx|材料3|629,2,1931.482631,1941.29560392,1930.72476353,1919.59851067
附件一（训练集）.xlsx|材料3|63,3,9130.546049,7913.61272132,8841.90818051,7938.58035986
附件一（训练集）.xlsx|材料3|630,0,3527.59038,3770.74962875,3741.3258528,3718.30332264
附件一（训练集）.xlsx|材料3|631,1,6295.156658,6832.17889958,6444.11819023,6570.08970644
附件一（训练集）.xlsx|材料3|632,4,11180.79833,11062.3643264,10886.8078158,10698.4195179
附件一（训练集）.xlsx|材料3|633,4,37660.15403,44719.3910055,39747.8970209,38948.3834163
附件一（训练集）.xlsx|材料3|634,4,219437.4831,224810.525318,219731.619093,223370.946148
附件一（训练集）.xlsx|材料3|635,3,3035.754457,3455.35311549,3223.16595172,3207.33313114
附件一（训练集）.xlsx|材料3|636,3,5674.773566,6160.53489383,5961.56394886,5856.61207073
附件一（训练集）.xlsx|材料3|637,0,32849.85884,36300.2646448,34159.5450042,33387.7102884
附件一（训练集）.xlsx|材料3|638,1,60716.17547,62091.2672812,60587.7388196,62631.7193786
附件一（训练集）.xlsx|材料3|639,0,190174.1841,182106.47565,179334.53239,188315.753876
附件一（训练集）.xlsx|材料3|64,3,16285.80512,14924.4935446,15545.3502096,13756.679943
附件一（训练集）.xlsx|材料3|640,4,342279.8144,321143.13117,324763.764594,327872.754975
附件一（训练集）.xlsx|材料3|641,3,5552.570801,6025.90847965,6259.59072124,6090.99578121
附件一（训练集）.xlsx|材料3|642,3,9809.970521,10724.9404293,10628.0353987,11081.1298893
附件一（训练集）.xlsx|材料3|643,4,30941.04468,30865.8884162,32245.797612,31953.3157553
附件一（训练集）.xlsx|材料3|644,0,55343.44707,53742.7142887,55068.9520191,57882.4957855
附件一（训练集）.xlsx|材料3|645,3,170591.0804,171663.489674,176552.70237,175829.094452
附件一（训练集）.xlsx|材料3|646,4,10449.74575,10873.0645661,10490.0740858,10298.8972357
附件一（训练集）.xlsx|材料3|647,4,10663.6297,11161.8177134,10706.4726956,10347.1133794
附件一（训练集）.xlsx|材料3|648,1,18166.79971,18036.7811536,18557.5732352,18292.8451286
附件一（训练集）.xlsx|材料3|649,2,31995.3048,33341.7854239,33585.9520626,31913.3923774
附件一（训练集）.xlsx|材料3|65,2,55748.87774,55289.4499841,49331.6327905,49538.2914213
附件一（训练集）.xlsx|材料3|650,4,55521.09457,51891.943411,54519.9722178,55153.9550833
附件一（训练集）.xlsx|材料3|651,4,91229.25564,101016.679639,91378.4544588,93610.2380406
附件一（训练集）.xlsx|材料3|652,2,161725.4658,171948.338474,164034.036467,157051.732892
附件一（训练集）.xlsx|材料3|653,2,287212.4657,277044.791091,283216.827199,287317.266098
附件一（训练集）.xlsx|材料3|654,2,784.0031898,918.327706141,851.002861852,876.212767304
附件一（训练集）.xlsx|材料3|655,3,1403.294497,1409.22534239,1490.13739614,1391.17425463
附件一（训练集）.xlsx|材料3|656,0,4718.043796,4426.35718712,4715.96295816,4360.35779621
附件一（训练集）.xlsx|材料3|657,2,8375.174132,8630.75750517,8760.81636245,8599.21214895
附件一（训练集）.xlsx|材料3|658,4,28911.73501,28374.6818057,26431.226037,28248.1348605
附件一（训练集）.xlsx|材料3|659,4,185160.2785,175754.484799,169080.581827,174156.484486
附件一（训练集）.xlsx|材料3|66,0,174251.2494,160408.887307,178268.643652,168734.451153
附件一（训练集）.xlsx|材料3|660,4,1077.244651,944.676267391,1038.03793897,1013.0952582
附件一（训练集）.xlsx|材料3|661,1,1991.398599,2172.73245623,2042.75319439,2001.50119822
附件一（训练集）.xlsx|材料3|662,2,6501.654512,6264.78524914,6317.36609174,6148.01240504
附件一（训练集）.xlsx|材料3|663,1,11920.57314,12305.6911488,11413.7346681,11634.4531054
附件一（训练集）.xlsx|材料3|664,1,39544.74896,43169.1574354,43111.0503526,43175.1636913
附件一（训练集）.xlsx|材料3|665,4,73577.09264,71891.9095214,72330.0547197,74847.6796815
附件一（训练集）.xlsx|材料3|666,2,137072.9785,134613.596945,126436.134296,121764.532881
附件一（训练集）.xlsx|材料3|667,2,250612.1684,245786.439477,233587.422435,228051.876299
附件一（训练集）.xlsx|材料3|668,4,744.5848041,700.693578667,744.893921707,701.77566492
附件一（训练集）.xlsx|材料3|669,2,1402.021194,1373.18919061,1347.7963823,1303.69740212
附件一（训练集）.xlsx|材料3|67,2,312819.8337,307977.367031,330965.459236,348100.158406
附件一（训练集）.xlsx|材料3|670,2,4584.237545,4362.07417807,4071.03609602,4021.73161667
附件一（训练集）.xlsx|材料3|671,4,15310.81148,13928.3827992,13477.5243596,13562.3057969
附件一（训练集）.xlsx|材料3|672,3,52006.56648,49974.7760612,53763.5497106,56522.0400774
附件一（训练集）.xlsx|材料3|673,4,187008.4325,191765.610006,187759.66697,181165.136884
附件一（训练集）.xlsx|材料3|674,1,322380.2729,323035.95534,334144.028348,337287.853524
附件一（训练集）.xlsx|材料3|675,1,594517.3749,608080.841798,644054.611265,616982.393464
附件一（训练集）.xlsx|材料3|676,4,988.1051298,992.328982184,1040.59101182,1017.97286766
附件一（训练集）.xlsx|材料3|677,2,1885.531106,1829.35783867,1786.24399585,1868.35273087
附件一（训练集）.xlsx|材料3|678,0,3344.931731,3288.94110099,3149.63084422,3325.30711949
附件一（训练集）.xlsx|材料3|679,2,6265.807227,6702.47042672,6469.18853198,6559.57301584
附件一（训练集）.xlsx|材料3|68,0,539390.7147,476004.690275,508501.647147,480344.690524
附件一（训练集）.xlsx|材料3|680,0,10901.9846,10443.5672129,11038.3667102,10171.3611488
附件一（训练集）.xlsx|材料3|681,0,37009.10175,33621.6299625,36311.7019155,36265.6321435
附件一（训练集）.xlsx|材料3|682,3,72144.09017,75911.3183991,73079.7812349,79393.3233067
附件一（训练集）.xlsx|材料3|683,4,239979.6153,258917.54091,266826.457798,250220.999078
附件一（训练集）.xlsx|材料3|684,1,455074.1043,468675.523769,462075.7568,468103.039908
附件一（训练集）.xlsx|材料3|685,3,739.3340863,893.642638405,865.782086188,995.255686681
附件一（训练集）.xlsx|材料3|686,0,2533.636206,2271.10707186,2446.71275341,2286.01864284
附件一（训练集）.xlsx|材料3|687,1,4594.569181,4295.77634546,4224.95450195,4077.18204877
附件一（训练集）.xlsx|材料3|688,4,8243.065973,7563.97198828,7384.76115318,7121.27985927
附件一（训练集）.xlsx|材料3|689,4,15132.4619,13484.0502511,12751.9861367,13466.97958
附件一（训练集）.xlsx|材料3|69,4,3673.220396,3372.1527023,3181.23813605,3233.82876442
附件一（训练集）.xlsx|材料3|690,2,28076.26147,25441.5898634,26874.5682597,27521.4178864
附件一（训练集）.xlsx|材料3|691,1,102169.7483,118952.144796,110484.582703,112903.295623
附件一（训练集）.xlsx|材料3|692,4,180367.3472,176033.885955,173944.91459,177767.568581
附件一（训练集）.xlsx|材料3|693,4,343295,326584.428847,326825.844332,337048.313829
附件一（训练集）.xlsx|材料3|694,2,641976.55,636942.659332,637816.580777,655971.480392
附件一（训练集）.xlsx|材料3|695,2,2032.10392,2041.38310183,2055.39225602,1967.03527973
附件一（训练集）.xlsx|材料3|696,1,3769.966885,3690.5228674,3601.33911221,3429.13617285
附件一（训练集）.xlsx|材料3|697,3,6548.193141,6281.96767128,6475.10563281,6304.30921917
附件一（训练集）.xlsx|材料3|698,4,11888.74009,12141.29272,12259.0653018,12469.5604389
附件一（训练集）.xlsx|材料3|699,1,41670.43713,38143.5950891,40862.8476343,38379.6369062
附件一（训练集）.xlsx|材料3|7,1,113861.205,119008.073922,114639.462592,112896.141954
附件一（训练集）.xlsx|材料3|70,4,7237.149653,7753.3096165,7332.73756954,7226.44977064
附件一（训练集）.xlsx|材料3|700,2,877.6129882,966.910314417,947.332761845,969.605418258
附件一（训练集）.xlsx|材料3|701,2,1003.572429,1168.29702852,1046.28028281,1102.40126448
附件一（训练集）.xlsx|材料3|702,0,1776.567543,1742.38403329,1862.15042958,1777.79432714
附件一（训练集）.xlsx|材料3|703,1,5735.579023,6006.3996465,6321.1021681,6118.47464132
附件一（训练集）.xlsx|材料3|704,2,34619.22012,36193.5095906,32485.00068,32444.1092064
附件一（训练集）.xlsx|材料3|705,1,65812.6533,67123.7322643,70639.5070791,69129.5712824
附件一（训练集）.xlsx|材料3|706,0,114368.6262,109449.699979,117284.166149,116069.504123
附件一（训练集）.xlsx|材料3|707,4,215608.563,205883.798479,214190.712122,222182.871843
附件一（训练集）.xlsx|材料3|708,2,3225.652398,3624.28229944,3511.82923209,3520.53007595
附件一（训练集）.xlsx|材料3|709,1,9722.525401,9634.71461902,10425.2723668,10275.8888714
附件一（训练集）.xlsx|材料3|71,1,12970.68587,12335.9757896,13114.9959392,13554.3894616
附件一（训练集）.xlsx|材料3|710,3,17256.98681,18251.490202,18820.3600236,18218.9383027
附件一（训练集）.xlsx|材料3|711,1,58068.91734,61312.2084892,59867.3741829,57703.7996369
附件一（训练集）.xlsx|材料3|712,2,182953.3941,172575.277725,171864.01454,177802.633274
附件一（训练集）.xlsx|材料3|713,2,338475.4378,315616.44718,311830.286853,315381.954954
附件一（训练集）.xlsx|材料3|714,2,3339.26396,3264.81641283,3346.04031069,3503.029588
附件一（训练集）.xlsx|材料3|715,2,3478.465168,3522.22931447,3495.61180342,3470.40913968
附件一（训练集）.xlsx|材料3|716,1,5863.125995,6103.22832875,6100.78683335,5980.09154885
附件一（训练集）.xlsx|材料3|717,4,17526.46755,16449.5547656,16942.4027921,18127.4186399
附件一（训练集）.xlsx|材料3|718,0,30660.68314,32936.2480146,31404.9136881,30629.8808438
附件一（训练集）.xlsx|材料3|719,1,54519.11697,55861.1135253,57483.3839796,56339.9435096
附件一（训练集）.xlsx|材料3|72,2,44271.97874,42323.7892947,44236.1347676,47058.9068189
附件一（训练集）.xlsx|材料3|720,2,6501.810936,6465.45029698,6660.82974794,6448.24425189
附件一（训练集）.xlsx|材料3|721,1,10936.22489,10339.3682254,11356.9566014,11257.8620294
附件一（训练集）.xlsx|材料3|722,4,31760.66964,33241.8236906,31926.9909543,31570.6680269
附件一（训练集）.xlsx|材料3|723,0,54604.13031,50190.7507527,54833.510213,55516.3789853
附件一（训练集）.xlsx|材料3|724,1,88848.60921,92076.7009685,87177.371724,89582.8019822
附件一（训练集）.xlsx|材料3|725,0,279383.5185,278486.920167,284764.033561,299425.993582
附件一（训练集）.xlsx|材料3|726,0,12014.29765,12477.4160188,11100.5198003,10978.4981608
附件一（训练集）.xlsx|材料3|727,0,12087.46813,12121.2124908,10772.9397396,10853.1107831
附件一（训练集）.xlsx|材料3|728,3,155063.8152,156858.214383,162911.077339,154287.652196
附件一（训练集）.xlsx|材料3|729,2,269229.5408,259111.981661,268240.244333,270575.792489
附件一（训练集）.xlsx|材料3|73,2,81518.37346,78824.5980554,79491.4502767,79988.0857385
附件一（训练集）.xlsx|材料3|730,0,1945.61036,2006.86189857,2031.83168461,1909.28446583
附件一（训练集）.xlsx|材料3|731,2,3615.647527,3685.97671797,3546.14172491,3542.1632534
附件一（训练集）.xlsx|材料3|732,2,6515.52063,6471.88227593,6753.30939063,6784.24129617
附件一（训练集）.xlsx|材料3|733,3,26760.72784,26755.1060664,24808.6234205,24577.2944261
附件一（训练集）.xlsx|材料3|734,1,338501.7941,322161.564881,365169.386837,359354.832863
附件一（训练集）.xlsx|材料3|735,2,832.9260347,889.306348555,829.259519396,772.646817679
附件一（训练集）.xlsx|材料3|736,3,2841.983653,2930.40571006,2636.63666772,2653.0725522
附件一（训练集）.xlsx|材料3|737,1,5196.428002,5123.66655613,5181.57942373,4841.66100539
附件一（训练集）.xlsx|材料3|738,1,9728.783665,11205.9920804,9808.04770334,9623.92545734
附件一（训练集）.xlsx|材料3|739,3,18455.0332,17982.7823792,16418.9856794,17741.6485505
附件一（训练集）.xlsx|材料3|74,3,142546.6828,140943.436573,139536.255247,137357.343822
附件一（训练集）.xlsx|材料3|740,0,36180.71707,36402.8724798,37303.3528912,37254.7691995
附件一（训练集）.xlsx|材料3|741,4,71999.11501,70146.7818761,68857.8648119,67496.2238888
附件一（训练集）.xlsx|材料3|742,3,266005.8152,260723.287741,273355.304967,279171.83879
附件一（训练集）.xlsx|材料3|743,4,441472.0833,411550.569837,405218.48013,400111.114451
附件一（训练集）.xlsx|材料3|744,0,3652.433572,3432.86002249,3452.55904326,3608.26966913
附件一（训练集）.xlsx|材料3|745,4,6882.759626,7712.75606487,6724.71214178,6551.91650149
附件一（训练集）.xlsx|材料3|746,4,24286.87445,24053.0972668,23853.721007,23439.5493613
附件一（训练集）.xlsx|材料3|747,0,48290.88417,44555.2651273,48021.2589639,53091.3696216
附件一（训练集）.xlsx|材料3|748,4,192675.041,194906.1616,187488.388387,181086.654709
附件一（训练集）.xlsx|材料3|749,3,2586.801667,2680.75194243,2720.11010635,2599.50988541
附件一（训练集）.xlsx|材料3|75,0,254241.267,221310.902442,220026.299401,211302.955437
附件一（训练集）.xlsx|材料3|750,0,4900.209289,5325.22287174,4939.48323891,4733.31699765
附件一（训练集）.xlsx|材料3|751,4,8869.787961,8757.8839184,8831.32370282,8345.48279983
附件一（训练集）.xlsx|材料3|752,2,16517.86639,15550.3203241,15838.4294651,17043.3683792
附件一（训练集）.xlsx|材料3|753,4,32507.59165,31636.3099587,33999.0230372,33046.996865
附件一（训练集）.xlsx|材料3|754,3,136492.2029,134293.776739,139854.393607,137638.382935
附件一（训练集）.xlsx|材料3|755,4,243849.7942,195274.517417,265782.644323,246454.51969
附件一（训练集）.xlsx|材料3|756,3,480130.0939,469867.381452,447325.570135,463525.887338
附件一（训练集）.xlsx|材料3|757,3,841296.1892,794294.971781,811516.83676,780224.840383
附件一（训练集）.xlsx|材料3|758,2,2072.682518,2030.61956027,1994.84623489,1949.33519446
附件一（训练集）.xlsx|材料3|759,2,6625.034175,5898.91271996,6339.73375503,6590.15315061
附件一（训练集）.xlsx|材料3|76,0,452124.3216,368511.483947,449496.357447,427501.293921
附件一（训练集）.xlsx|材料3|760,3,23556.96148,23776.67631,26164.718154,28297.5151444
附件一（训练集）.xlsx|材料3|761,2,97095.60255,109634.149024,101785.210532,109618.854038
附件一（训练集）.xlsx|材料3|762,4,1783.45996,2004.2771641,1927.55326227,1848.80543456
附件一（训练集）.xlsx|材料3|763,0,3257.433255,3346.87075849,3309.34817269,3331.19571756
附件一（训练集）.xlsx|材料3|764,1,5611.193201,6724.76528774,6015.28444269,5935.20123569
附件一（训练集）.xlsx|材料3|765,4,36595.98888,40009.5772556,39320.5625919,39622.2001507
附件一（训练集）.xlsx|材料3|766,4,73961.49279,73524.3004839,74477.8607485,73088.7175785
附件一（训练集）.xlsx|材料3|767,1,134035.0455,124496.886137,128061.781997,128366.635578
附件一（训练集）.xlsx|材料3|768,2,265208.8677,239499.042977,241352.150115,239886.329407
附件一（训练集）.xlsx|材料3|769,4,513553.3304,452735.006411,441636.500516,465256.302459
附件一（训练集）.xlsx|材料3|77,4,5770.167265,5388.93379867,5716.22529283,5964.69923748
附件一（训练集）.xlsx|材料3|770,1,892.1198138,1076.70721922,1014.69292611,1066.52075086
附件一（训练集）.xlsx|材料3|771,1,1010.039417,1212.00170091,1183.51436483,1208.76726779
附件一（训练集）.xlsx|材料3|772,4,1751.938086,1881.58875618,1811.57727269,1901.49891318
附件一（训练集）.xlsx|材料3|773,0,5490.044671,6142.82754464,5878.79138575,6264.01246699
附件一（训练集）.xlsx|材料3|774,1,9502.084498,9445.40775329,9540.10000102,9114.46170396
附件一（训练集）.xlsx|材料3|775,4,17159.13995,19142.8561189,18968.8150762,19785.5634623
附件一（训练集）.xlsx|材料3|776,4,108606.099,100002.986075,102181.31284,104574.068214
附件一（训练集）.xlsx|材料3|777,2,406352.3509,406341.709004,414118.357609,413499.011687
附件一（训练集）.xlsx|材料3|778,1,2011.309332,2245.26364045,2172.72528382,2254.08205955
附件一（训练集）.xlsx|材料3|779,0,3429.511559,3753.47126549,3793.97478508,3799.29858479
附件一（训练集）.xlsx|材料3|78,1,19447.50104,19357.09876,18899.4828682,19660.8742889
附件一（训练集）.xlsx|材料3|780,0,9818.234535,10240.4460592,9221.52346413,9892.66882977
附件一（训练集）.xlsx|材料3|781,3,16938.39169,18085.7154315,18624.168242,17791.378167
附件一（训练集）.xlsx|材料3|782,0,56320.19458,58540.9820112,53661.1627034,54158.8254094
附件一（训练集）.xlsx|材料3|783,0,95139.70678,92024.1335914,77976.9494431,73856.0133227
附件一（训练集）.xlsx|材料3|784,1,180169.7026,183911.897764,186955.957051,182215.251599
附件一（训练集）.xlsx|材料3|785,1,3713.130262,3826.80668921,3933.58179033,3959.28432816
附件一（训练集）.xlsx|材料3|786,1,3913.622474,3914.98535669,4036.49479598,3927.03996768
附件一（训练集）.xlsx|材料3|787,2,10690.72478,11594.5105304,11484.0561205,11713.219834
附件一（训练集）.xlsx|材料3|788,0,17965.09256,18085.5271582,17909.0691337,17635.7083502
附件一（训练集）.xlsx|材料3|789,3,54748.23797,54671.6447705,51801.3945384,56661.1968479
附件一（训练集）.xlsx|材料3|79,0,35904.32258,35882.7679828,38100.574133,38879.9659035
附件一（训练集）.xlsx|材料3|790,0,90170.06619,83346.9831858,78274.9192782,77731.3142652
附件一（训练集）.xlsx|材料3|791,1,164554.557,154678.179215,173130.749348,172350.261877
附件一（训练集）.xlsx|材料3|792,0,294870.5418,242392.20014,306973.941468,297782.196506
附件一（训练集）.xlsx|材料3|793,1,6972.031059,6701.03695433,6885.09931538,7053.05282734
附件一（训练集）.xlsx|材料3|794,1,7103.17464,6813.62449597,6983.8057665,7250.88911473
附件一（训练集）.xlsx|材料3|795,2,19310.51043,19775.203821,18448.8806265,18557.3824153
附件一（训练集）.xlsx|材料3|796,3,55323.33712,55336.1803424,54048.6749717,54094.5136201
附件一（训练集）.xlsx|材料3|797,3,89901.07573,86599.8254136,93374.8554998,93142.6678172
附件一（训练集）.xlsx|材料3|798,0,155385.2063,159844.367598,159144.515388,164084.441557
附件一（训练集）.xlsx|材料3|799,0,12504.01674,12369.0655561,11488.325497,11181.6213542
附件一（训练集）.xlsx|材料3|8,1,187112.0115,174407.668803,181881.660685,185803.512731
附件一（训练集）.xlsx|材料3|80,2,66832.22267,62775.2248813,66610.2097763,67734.9280502
附件一（训练集）.xlsx|材料3|800,0,20806.09223,19467.9253904,20003.4076868,20643.0658846
附件一（训练集）.xlsx|材料3|801,3,34674.74296,34549.6984384,33790.4430205,33204.7029157
附件一（训练集）.xlsx|材料3|802,3,57320.48192,59764.21763,58007.3511856,55488.9419571
附件一（训练集）.xlsx|材料3|803,0,91139.15134,99888.7409408,92912.5806355,93658.6701588
附件一（训练集）.xlsx|材料3|804,0,154770.4739,153863.690756,156703.085641,152954.255381
附件一（训练集）.xlsx|材料3|805,1,265558.0355,258383.411874,260925.274689,266524.910282
附件一（训练集）.xlsx|材料3|806,2,405452.67,385761.846543,364014.387628,374006.344308
附件一（训练集）.xlsx|材料3|807,2,53264.04,50650.0048982,54757.785947,55431.4862894
附件一（训练集）.xlsx|材料3|808,3,6568.41,6281.96767128,6469.37906615,6314.73904096
附件一（训练集）.xlsx|材料3|809,2,1263.85,1135.81154814,1057.78771708,1010.38180998
附件一（训练集）.xlsx|材料3|81,2,117493.8682,115840.300606,112402.429865,112496.855138
附件一（训练集）.xlsx|材料3|810,2,23292.65,24384.2431775,23427.7849553,21528.8459697
附件一（训练集）.xlsx|材料3|811,2,121710.51,118061.597105,113500.678511,114109.567602
附件一（训练集）.xlsx|材料3|812,2,81672.64,78824.5980554,79493.3223615,80998.0609503
附件一（训练集）.xlsx|材料3|813,0,10924.68,10443.5672129,11021.7861339,10010.3753461
附件一（训练集）.xlsx|材料3|814,1,17227.74,17225.601334,17023.5450589,17167.1818614
附件一（训练集）.xlsx|材料3|815,4,442289.03,411550.569837,400491.436222,387917.213888
附件一（训练集）.xlsx|材料3|816,1,2346.28,2272.77542569,2226.55951696,2161.93072229
附件一（训练集）.xlsx|材料3|817,1,129057.8,145456.442663,136027.657309,136052.827181
附件一（训练集）.xlsx|材料3|818,2,90820.46,95778.4484063,82238.9057672,82116.6500077
附件一（训练集）.xlsx|材料3|819,2,1403.04,1373.18919061,1304.92304686,1263.17241639
附件一（训练集）.xlsx|材料3|82,2,9667.934645,10880.1447672,10539.4165219,10346.4032655
附件一（训练集）.xlsx|材料3|820,4,58101.89,66156.0714765,57600.8954381,58283.9929228
附件一（训练集）.xlsx|材料3|821,1,11952.08,12305.6911488,11399.39076,12053.3933221
附件一（训练集）.xlsx|材料3|822,2,3183.85,3295.55480428,3218.09179224,3248.01144548
附件一（训练集）.xlsx|材料3|823,0,370463.57,365278.270352,374554.775588,373943.547962
附件一（训练集）.xlsx|材料3|824,2,9387.41,10007.8861367,9504.1662463,8909.73381582
附件一（训练集）.xlsx|材料3|825,3,214607.62,207436.695275,210517.764834,205154.285434
附件一（训练集）.xlsx|材料3|826,4,519662.57,466747.4414,468959.463691,478346.49268
附件一（训练集）.xlsx|材料3|827,3,3217.09,3629.52909288,3530.60980947,3408.79645951
附件一（训练集）.xlsx|材料3|828,0,95297.34,92024.1335914,82083.0864838,76083.3331514
附件一（训练集）.xlsx|材料3|829,1,180591.31,174215.052643,176827.201192,178819.402267
附件一（训练集）.xlsx|材料3|83,2,17295.43033,18867.3823593,18575.2456938,19389.9208621
附件一（训练集）.xlsx|材料3|830,4,13612.16,15023.4129285,13477.4297204,13628.6185054
附件一（训练集）.xlsx|材料3|831,3,2848.64,2930.40571006,2669.63619381,2720.07421272
附件一（训练集）.xlsx|材料3|832,1,164815.13,154678.179215,163475.283449,167272.632991
附件一（训练集）.xlsx|材料3|833,0,52011.89,49653.1679969,48660.0158307,50184.9934545
附件一（训练集）.xlsx|材料3|834,2,3229.41,3624.28229944,3553.59210993,3632.27171727
附件一（训练集）.xlsx|材料3|835,4,2274.03,2191.21210113,2065.92953394,2033.01628739
附件一（训练集）.xlsx|材料3|836,2,2032.53,2041.38310183,2021.7760602,1931.07174523
附件一（训练集）.xlsx|材料3|837,0,155607.81,159844.367598,160666.238915,165278.068618
附件一（训练集）.xlsx|材料3|838,4,5826.65,5761.99543425,5059.93627976,4876.652738
附件一（训练集）.xlsx|材料3|839,1,65913.16,67123.7322643,70976.6829366,69843.0232185
附件一（训练集）.xlsx|材料3|84,0,31267.03859,31986.6392999,33885.3823032,36178.4538997
附件一（训练集）.xlsx|材料3|840,4,244299.76,195274.517417,265896.222141,247837.707275
附件一（训练集）.xlsx|材料3|841,0,5010.69,5633.77557918,5088.9579762,5506.69486799
附件一（训练集）.xlsx|材料3|842,2,55013.82,58261.8439121,56805.5719378,57652.9003627
附件一（训练集）.xlsx|材料3|843,4,240403.62,258917.54091,266363.767878,252518.715722
附件一（训练集）.xlsx|材料3|844,3,104999.24,112541.047755,104584.792702,110599.283454
附件一（训练集）.xlsx|材料3|845,2,182634.4,198122.280886,176408.180159,167797.142186
附件一（训练集）.xlsx|材料3|846,0,462295.98,455484.364396,460225.627463,454762.333295
附件一（训练集）.xlsx|材料3|847,3,9824.87,10724.9404293,10539.804314,10909.7309834
附件一（训练集）.xlsx|材料3|848,1,2119.41,1744.87364689,1933.02030477,1629.93267373
附件一（训练集）.xlsx|材料3|849,4,586720.77,510457.536545,546721.051991,534817.602884
附件一（训练集）.xlsx|材料3|85,3,99484.50108,103078.448208,93756.3888546,100179.178655
附件一（训练集）.xlsx|材料3|850,1,53402.98,57794.3207794,56573.6824843,55382.4541352
附件一（训练集）.xlsx|材料3|851,0,88876.53,92550.3513505,87205.5986737,84307.4496319
附件一（训练集）.xlsx|材料3|852,1,455795.79,468675.523769,464278.730855,473994.765126
附件一（训练集）.xlsx|材料3|853,0,3179.22,3126.10481058,2992.94534016,2929.59096473
附件一（训练集）.xlsx|材料3|854,4,7246.23,7753.3096165,7159.2127821,6884.50970091
附件一（训练集）.xlsx|材料3|855,2,16516.55,15550.3203241,16266.1443898,16500.4541709
附件一（训练集）.xlsx|材料3|856,3,54832.19,54671.6447705,52826.3955672,56541.649565
附件一（训练集）.xlsx|材料3|857,0,9391.23,8752.2561816,8919.92536141,8539.46965834
附件一（训练集）.xlsx|材料3|858,0,23758.34,26282.230111,23977.5027473,22744.1921567
附件一（训练集）.xlsx|材料3|859,1,2015.4,2245.26364045,2225.27491376,2268.83529836
附件一（训练集）.xlsx|材料3|86,2,182367.7917,198122.280886,177134.92678,171044.903584
附件一（训练集）.xlsx|材料3|860,2,265599.27,239499.042977,243227.998512,239068.616173
附件一（训练集）.xlsx|材料3|861,1,105873.94,102208.07923,102951.352721,100598.540891
附件一（训练集）.xlsx|材料3|862,4,16456.07,16886.4024463,16740.4393469,17492.9819114
附件一（训练集）.xlsx|材料3|863,2,34665.22,36193.5095906,32719.604232,32868.2728544
附件一（训练集）.xlsx|材料3|864,3,142770.7,140943.436573,139429.428388,137662.504663
附件一（训练集）.xlsx|材料3|865,2,72223.04,76961.393081,82052.02726,80814.2167935
附件一（训练集）.xlsx|材料3|866,4,11904.69,12141.29272,12381.3118525,12435.5800388
附件一（训练集）.xlsx|材料3|867,3,2755.73,2376.8301954,2338.09115288,2245.44603385
附件一（训练集）.xlsx|材料3|868,0,4725.54,4426.35718712,4705.95040872,4212.52093945
附件一（训练集）.xlsx|材料3|869,0,48378.95,44555.2651273,48618.436868,53174.3387999
附件一（训练集）.xlsx|材料3|87,1,332469.2401,319742.681317,314300.081941,302356.155733
附件一（训练集）.xlsx|材料3|870,2,97416.2,107348.327977,108001.5825,104860.536691
附件一（训练集）.xlsx|材料3|871,0,1124.79,1151.44227918,1269.27160913,1167.36125846
附件一（训练集）.xlsx|材料3|872,0,51443.69,56380.0936818,53072.7339619,52214.5689229
附件一（训练集）.xlsx|材料3|873,4,30982.67,30865.8884162,32977.1569589,32463.6311683
附件一（训练集）.xlsx|材料3|874,0,55434.62,53742.7142887,54933.5297885,59833.6352378
附件一（训练集）.xlsx|材料3|875,0,70805.95,71107.7200618,63325.8613077,63905.66161
附件一（训练集）.xlsx|材料3|876,1,339195.34,322161.564881,364393.307782,365652.672772
附件一（训练集）.xlsx|材料3|877,0,190524.39,182106.47565,177626.130717,188797.66684
附件一（训练集）.xlsx|材料3|878,3,154338.53,183922.491094,156877.825625,166192.559788
附件一（训练集）.xlsx|材料3|879,3,674743.06,624070.848667,624821.222599,632284.483682
附件一（训练集）.xlsx|材料3|88,2,1305.206231,1521.28231243,1419.58501333,1397.3815974
附件一（训练集）.xlsx|材料3|880,4,177742.04,162595.007922,156437.992586,158181.491071
附件一（训练集）.xlsx|材料3|881,1,187551.62,174407.668803,193931.673686,194076.902892
附件一（训练集）.xlsx|材料3|882,0,42390.23,39738.3713996,45300.2060513,43679.971657
附件一（训练集）.xlsx|材料3|883,2,32051.75,33341.7854239,33246.5102737,32251.7053491
附件一（训练集）.xlsx|材料3|884,1,18192.57,18442.0553195,17173.7254333,19910.8514402
附件一（训练集）.xlsx|材料3|885,4,2590.6,2272.22468147,2355.5333958,2348.11785986
附件一（训练集）.xlsx|材料3|886,1,1714.01,1719.51839474,1859.76386657,1874.00644876
附件一（训练集）.xlsx|材料3|887,2,249802.07,267075.518664,251687.757676,258428.278331
附件一（训练集）.xlsx|材料3|888,3,136738.73,134293.776739,132681.15267,136515.50117
附件一（训练集）.xlsx|材料3|889,3,34723.35,34549.6984384,33903.2091535,33890.5753105
附件一（训练集）.xlsx|材料3|89,4,2268.043482,2191.21210113,2083.90521823,2048.98393755
附件一（训练集）.xlsx|材料3|890,3,17281.02,18251.490202,18645.3581844,17723.1852758
附件一（训练集）.xlsx|材料3|891,3,1044.96,1115.06302163,1096.08033803,971.472788341
附件一（训练集）.xlsx|材料3|892,2,13270.1,11193.9388142,12121.7535291,11915.4078075
附件一（训练集）.xlsx|材料3|893,0,17996.81,18085.5271582,19556.3303019,18548.9279067
附件一（训练集）.xlsx|材料3|894,1,333031.27,319742.681317,316385.4045,302537.521417
附件一（训练集）.xlsx|材料3|895,4,105190.97,105898.029854,101929.551901,103773.471116
附件一（训练集）.xlsx|材料3|896,1,6304.21,6832.17889958,6587.57838131,6434.10906924
附件一（训练集）.xlsx|材料3|897,1,88983.02,92076.7009685,95189.6443376,94792.7341781
附件一（训练集）.xlsx|材料3|898,1,7112.8,6813.62449597,6940.35785655,7311.29062715
附件一（训练集）.xlsx|材料3|899,0,21520.07,18201.9967648,21627.4267838,20770.464482
附件一（训练集）.xlsx|材料3|9,0,313328.3747,402909.553665,388335.292732,404541.236144
附件一（训练集）.xlsx|材料3|90,3,4215.23253,4362.36682609,3765.29354115,3854.44962983
附件一（训练集）.xlsx|材料3|900,0,1785.4,1861.03836023,1823.23169214,1790.43505238
附件一（训练集）.xlsx|材料3|901,3,11613.03,11888.1125228,11800.7841622,12160.5881959
附件一（训练集）.xlsx|材料3|902,4,10734.51,10835.7917474,11028.0192646,11044.0412182
附件一（训练集）.xlsx|材料3|903,2,13504.53,14862.3519416,13370.7045133,13657.8806904
附件一（训练集）.xlsx|材料3|904,1,5342.01,4553.98788277,5153.08759404,4502.30584706
附件一（训练集）.xlsx|材料3|905,4,939532.1,906944.01117,859304.882329,903367.169516
附件一（训练集）.xlsx|材料3|906,3,23576.43,23776.67631,25665.752193,28069.0828556
附件一（训练集）.xlsx|材料3|907,4,73672.74,71891.9095214,73524.9579347,76044.668789
附件一（训练集）.xlsx|材料3|908,1,3637.16,3507.75724396,3484.90036939,3342.8500628
附件一（训练集）.xlsx|材料3|909,4,3179.91,4026.32954768,3886.79818426,3782.77287949
附件一（训练集）.xlsx|材料3|91,3,7734.159637,7430.85399557,7098.39989552,6855.21453392
附件一（训练集）.xlsx|材料3|910,0,174473.71,159113.498817,178482.648054,176105.987844
附件一（训练集）.xlsx|材料3|911,0,3348.51,3288.94110099,3131.19278746,3210.61624214
附件一（训练集）.xlsx|材料3|912,1,39619.38,43169.1574354,42289.6494147,43303.873878
附件一（训练集）.xlsx|材料3|913,0,229866.19,234549.895418,219438.642926,215239.965387
附件一（训练集）.xlsx|材料3|914,3,96276.63,92178.2021972,90924.8951873,89930.2964319
附件一（训练集）.xlsx|材料3|915,2,1582.02,1260.70355133,1340.81493297,1447.37168876
附件一（训练集）.xlsx|材料3|916,2,287678.44,277044.791091,292106.193697,287199.342535
附件一（训练集）.xlsx|材料3|917,1,93398.43,95753.2114881,96300.8801971,98322.6050149
附件一（训练集）.xlsx|材料3|918,4,1781.74,2004.2771641,1923.6940391,1783.87005695
附件一（训练集）.xlsx|材料3|919,3,57415.17,59764.21763,54648.5009751,52624.4798957
附件一（训练集）.xlsx|材料3|92,3,13150.23654,13214.6697812,13289.2454333,13093.1920371
附件一（训练集）.xlsx|材料3|920,3,99639.56,103078.448208,95228.9897287,102029.954798
附件一（训练集）.xlsx|材料3|921,1,180431.86,183911.897764,187592.277978,181195.589616
附件一（训练集）.xlsx|材料3|922,0,9847.02,10240.4460592,9997.18436322,10495.0741087
附件一（训练集）.xlsx|材料3|923,1,7096.25,7246.83025029,7403.2656074,6926.5118062
附件一（训练集）.xlsx|材料3|924,4,99228.13,93669.424261,91044.1488026,91525.048079
附件一（训练集）.xlsx|材料3|925,0,11790.98,11445.3456426,11577.1457069,10797.5530126
附件一（训练集）.xlsx|材料3|926,1,5873.54,6111.20758342,6278.03396743,6002.2529388
附件一（训练集）.xlsx|材料3|927,0,410443.36,370217.313363,372255.844339,379455.341276
附件一（训练集）.xlsx|材料3|928,4,343747.68,326584.428847,326505.431049,333418.834202
附件一（训练集）.xlsx|材料3|929,1,1066.87,1093.15999965,1023.10419503,1082.61281426
附件一（训练集）.xlsx|材料3|93,0,24129.01578,24732.8930167,22285.7781828,23682.4476108
附件一（训练集）.xlsx|材料3|930,3,170867.86,171663.489674,177037.599366,174310.009049
附件一（训练集）.xlsx|材料3|931,3,5916.89,5398.07082234,5748.90868998,5637.66323582
附件一（训练集）.xlsx|材料3|932,0,36216.98,36402.8724798,36460.3339178,37211.6995208
附件一（训练集）.xlsx|材料3|933,0,24190.68,24732.8930167,22656.1485391,23521.2389559
附件一（训练集）.xlsx|材料3|934,4,155242.93,151956.917988,137905.632292,140853.5489
附件一（训练集）.xlsx|材料3|935,2,135387.17,148085.19458,148850.178204,152448.231942
附件一（训练集）.xlsx|材料3|936,4,31430.36,32120.2544975,32772.7980396,32614.7587378
附件一（训练集）.xlsx|材料3|937,0,72342.38,71219.5847512,72676.0772486,77939.4345628
附件一（训练集）.xlsx|材料3|938,1,24667.84,24409.4438025,22810.1367943,24583.9341975
附件一（训练集）.xlsx|材料3|939,2,1444.72,1330.653626,1335.99599839,1353.28886384
附件一（训练集）.xlsx|材料3|94,0,41759.11661,42498.7491928,40915.8529923,44547.0826649
附件一（训练集）.xlsx|材料3|940,0,16165.63,13821.5321802,16513.1670298,15886.6857786
附件一（训练集）.xlsx|材料3|941,3,338398.46,345265.521582,329578.521056,339033.810967
附件一（训练集）.xlsx|材料3|942,0,30709.82,32936.2480146,31263.9259456,31404.3850064
附件一（训练集）.xlsx|材料3|943,4,1755.71,1914.35551717,1950.33461251,1933.57970185
附件一（训练集）.xlsx|材料3|944,0,5491.93,6142.82754464,6132.36312503,6486.29696923
附件一（训练集）.xlsx|材料3|945,1,4601.05,4295.77634546,4262.28394405,4108.29440604
附件一（训练集）.xlsx|材料3|946,3,1261.4,1423.17506861,1323.80007535,1466.57794076
附件一（训练集）.xlsx|材料3|947,1,10956.13,10364.0013809,11125.8237321,11351.7384876
附件一（训练集）.xlsx|材料3|948,1,9740.74,9634.71461902,10424.2010511,10177.5187109
附件一（训练集）.xlsx|材料3|949,4,18514.58,18796.0516259,20288.3207824,21474.3621032
附件一（训练集）.xlsx|材料3|95,1,72501.46867,68332.3309024,68543.5652729,68843.9545691
附件一（训练集）.xlsx|材料3|950,0,2537.01,2271.10707186,2339.9929707,2219.05394829
附件一（训练集）.xlsx|材料3|951,3,2589.44,2680.75194243,2742.51332266,2697.57971126
附件一（训练集）.xlsx|材料3|952,3,2171.52,1961.9767379,1936.86702431,2023.81285773
附件一（训练集）.xlsx|材料3|953,4,17181.12,19142.8561189,18975.9957123,20146.7600093
附件一（训练集）.xlsx|材料3|954,4,879.97,887.471349492,925.413850544,916.231355768
附件一（训练集）.xlsx|材料3|955,4,15158.83,13484.0502511,12818.9124625,13476.7835302
附件一（训练集）.xlsx|材料3|956,0,1780.13,1742.38403329,1950.34516659,1713.17363058
附件一（训练集）.xlsx|材料3|957,3,1946.29,2008.33062586,1860.93262565,1866.88298609
附件一（训练集）.xlsx|材料3|958,1,19162.64,19177.668175,19727.1159206,20103.0138616
附件一（训练集）.xlsx|材料3|959,1,1819.36,1979.14556442,2024.21316583,1995.56742745
附件一（训练集）.xlsx|材料3|96,3,224083.1894,230403.919414,223617.398113,213893.379407
附件一（训练集）.xlsx|材料3|960,4,2582.363272,2545.10282957,2491.58302839,2482.98233316
附件一（训练集）.xlsx|材料3|961,1,4489.278556,4250.02976077,4026.67386305,4259.42699609
附件一（训练集）.xlsx|材料3|962,2,8205.967006,7865.59685669,7679.04855665,7443.62622537
附件一（训练集）.xlsx|材料3|963,1,23960.76706,24485.0430376,24339.489747,24354.2049354
附件一（训练集）.xlsx|材料3|964,0,69399.3494,73139.9400602,67557.9886696,72749.9945669
附件一（训练集）.xlsx|材料3|965,1,113861.205,119008.073922,113515.843052,113277.906756
附件一（训练集）.xlsx|材料3|966,0,313328.3747,402909.553665,391666.225499,402877.83177
附件一（训练集）.xlsx|材料3|967,0,1784.802763,1861.03836023,1829.85509232,1813.38863082
附件一（训练集）.xlsx|材料3|968,3,5903.249669,5398.07082234,5731.31803425,5646.70135706
附件一（训练集）.xlsx|材料3|969,4,10628.82279,10056.1833682,9858.51704181,10274.4330604
附件一（训练集）.xlsx|材料3|97,3,982.8429755,1138.57611747,1103.10530847,1026.79330906
附件一（训练集）.xlsx|材料3|970,0,18411.26536,19872.8506619,19208.8558687,18793.8410938
附件一（训练集）.xlsx|材料3|971,4,31365.06039,32120.2544975,32926.6753989,32340.6309107
附件一（训练集）.xlsx|材料3|972,4,52958.08673,51938.1995578,53127.1849987,52163.6225327
附件一（训练集）.xlsx|材料3|973,4,148717.3216,151175.299928,142910.269036,145697.644765
附件一（训练集）.xlsx|材料3|974,3,2167.701999,1961.9767379,1916.83917681,1928.04628535
附件一（训练集）.xlsx|材料3|975,1,4048.121968,4414.53509587,3406.06275384,3497.43745391
附件一（训练集）.xlsx|材料3|976,0,7497.449647,7529.61637706,6994.00422489,6951.48323793
附件一（训练集）.xlsx|材料3|977,2,13351.22387,13893.123715,13460.5354502,13555.1616193
附件一（训练集）.xlsx|材料3|978,0,67744.66643,72514.3434916,74548.7037099,74596.1721292
附件一（训练集）.xlsx|材料3|979,3,115834.5496,128410.221665,120948.512766,126111.630542
附件一（训练集）.xlsx|材料3|98,4,1760.065048,1475.20704032,1648.78588631,1673.37141559
附件一（训练集）.xlsx|材料3|980,2,198097.9457,209273.274186,202101.464872,202286.706785
附件一（训练集）.xlsx|材料3|981,4,518766.9716,466747.4414,454708.248081,481919.000046
附件一（训练集）.xlsx|材料3|982,0,875111.7465,876989.187877,849717.891951,844061.112117
附件一（训练集）.xlsx|材料3|983,3,2754.192329,2376.8301954,2420.51458234,2302.56975093
附件一（训练集）.xlsx|材料3|984,1,5167.464583,5829.80537504,5250.35410489,5480.75271204
附件一（训练集）.xlsx|材料3|985,0,9365.014008,8752.2561816,8869.94697886,8705.27607346
附件一（训练集）.xlsx|材料3|986,2,17397.16836,20913.8293557,17201.1611596,18210.748311
附件一（训练集）.xlsx|材料3|987,2,29823.04484,33197.335507,30519.4656353,33920.7070535
附件一（训练集）.xlsx|材料3|988,0,51340.0911,56380.0936818,52526.3301952,52414.6147887
附件一（训练集）.xlsx|材料3|989,0,88695.30174,92550.3513505,86611.5304571,85165.7209625
附件一（训练集）.xlsx|材料3|99,4,5811.434041,5761.99543425,5121.28951023,4880.11343218
附件一（训练集）.xlsx|材料3|990,2,258478.7994,284735.578197,261105.388108,260069.789483
附件一（训练集）.xlsx|材料3|991,4,712142.0398,733768.001554,676041.78031,681130.370396
附件一（训练集）.xlsx|材料3|992,0,1149825.216,1132330.0164,1195068.62123,1201108.19282
附件一（训练集）.xlsx|材料3|993,3,1944.41501,2008.33062586,1784.12042715,1777.87868756
附件一（训练集）.xlsx|材料3|994,1,3655.386207,3415.42863452,3363.70687556,3042.12092952
附件一（训练集）.xlsx|材料3|995,2,6655.868271,5712.57963159,6131.19419593,6078.61663436
附件一（训练集）.xlsx|材料3|996,2,22020.3254,21529.8776401,19773.6990717,20600.5287828
附件一（训练集）.xlsx|材料3|997,0,38465.55548,37402.9797441,38625.447982,39636.6429229
附件一（训练集）.xlsx|材料3|998,0,66975.05104,66617.8938897,62820.8724323,63013.0078793
附件一（训练集）.xlsx|材料3|999,3,119981.4966,128839.997446,125431.369216,120989.930346
附件一（训练集）.xlsx|材料4|10,3,2358.08245,2029.97884719,2035.68842087,2077.98642642
附件一（训练集）.xlsx|材料4|100,3,25742.97147,29753.9025373,26981.8338644,28719.9443898
附件一（训练集）.xlsx|材料4|1000,2,8415.017197,6785.22997121,9231.24100245,8810.20157983
附件一（训练集）.xlsx|材料4|1001,2,10632.66922,7952.80512406,10604.9841911,9980.495805
附件一（训练集）.xlsx|材料4|1002,0,13938.05882,10960.7478299,16237.6124724,15484.595774
附件一（训练集）.xlsx|材料4|1003,0,18015.7033,12083.0715084,18977.0237131,18028.0640711
附件一（训练集）.xlsx|材料4|1004,2,23536.11182,16449.8766486,25477.3546899,23338.9920606
附件一（训练集）.xlsx|材料4|1005,2,31150.85937,23390.0097427,33043.3208615,30914.7431735
附件一（训练集）.xlsx|材料4|1006,3,40489.12143,25596.6611401,39747.0854753,38792.4264356
附件一（训练集）.xlsx|材料4|1007,3,52668.87505,34784.1886104,52394.1102866,51382.2756914
附件一（训练集）.xlsx|材料4|1008,2,69527.79475,57242.7140238,66994.0320829,66989.8692394
附件一（训练集）.xlsx|材料4|1009,2,90816.99598,82373.4627781,89390.9652037,87538.1733688
附件一（训练集）.xlsx|材料4|101,3,34442.10729,34911.8872705,31201.2832604,33843.8190123
附件一（训练集）.xlsx|材料4|1010,4,119160.6365,116807.420244,113734.205939,122508.087237
附件一（训练集）.xlsx|材料4|1011,4,157758.0703,143396.502915,167479.798479,168563.578522
附件一（训练集）.xlsx|材料4|1012,1,204863.2618,167659.649292,202504.551074,197818.351326
附件一（训练集）.xlsx|材料4|1013,1,270021.6336,224891.350025,273228.045392,269151.845269
附件一（训练集）.xlsx|材料4|1014,0,353591.5576,252243.554483,324403.00598,313805.131873
附件一（训练集）.xlsx|材料4|1015,3,6707.105936,6939.81150066,6415.85182058,6514.90571203
附件一（训练集）.xlsx|材料4|1016,3,11002.74219,8957.69359997,11641.0153097,11918.8626777
附件一（训练集）.xlsx|材料4|1017,1,18175.81556,14129.2965602,18281.8329496,19358.5644965
附件一（训练集）.xlsx|材料4|1018,1,31150.62203,27101.0060816,36007.6612644,35703.1779397
附件一（训练集）.xlsx|材料4|1019,1,40589.31711,33318.6560549,39829.7452771,41326.031361
附件一（训练集）.xlsx|材料4|102,3,47117.09694,51375.1031505,50784.4558611,53853.6377296
附件一（训练集）.xlsx|材料4|1020,3,52460.84587,41664.7711548,60462.1975369,59428.9427248
附件一（训练集）.xlsx|材料4|1021,3,68638.96678,49125.4171981,72775.1683296,70196.2927178
附件一（训练集）.xlsx|材料4|1022,1,116334.9531,112280.218643,119792.5233,115717.993363
附件一（训练集）.xlsx|材料4|1023,4,153842.3533,136309.804473,166502.719005,176998.74963
附件一（训练集）.xlsx|材料4|1024,4,200003.2959,197186.17391,204958.94721,207590.301534
附件一（训练集）.xlsx|材料4|1025,0,262205.1528,278949.590223,266300.855666,251978.406812
附件一（训练集）.xlsx|材料4|1026,0,344611.0948,247038.583654,311104.51588,296861.387219
附件一（训练集）.xlsx|材料4|1027,3,8907.131115,7122.47066745,9171.47917448,9210.56744003
附件一（训练集）.xlsx|材料4|1028,3,11330.01485,9483.00989382,12088.7730494,11993.8716849
附件一（训练集）.xlsx|材料4|1029,3,14372.76728,12296.0083226,17900.2825715,17556.8768439
附件一（训练集）.xlsx|材料4|103,1,61611.15987,59806.8736514,62911.2958286,63471.0401569
附件一（训练集）.xlsx|材料4|1030,3,18342.88845,15064.9244114,16076.9940076,15716.0174617
附件一（训练集）.xlsx|材料4|1031,1,23997.16856,22285.4495241,24862.0117483,25036.6030216
附件一（训练集）.xlsx|材料4|1032,1,31367.26523,22308.8934407,33034.6985764,32101.2978471
附件一（训练集）.xlsx|材料4|1033,1,40479.70479,34731.5232694,40195.7506252,41354.5125956
附件一（训练集）.xlsx|材料4|1034,1,52391.6212,40158.6196642,46371.7195396,45844.8090665
附件一（训练集）.xlsx|材料4|1035,3,87675.48493,70288.5882877,76772.9070312,76756.6135032
附件一（训练集）.xlsx|材料4|1036,1,114233.0727,98770.3720621,100833.861282,104888.701817
附件一（训练集）.xlsx|材料4|1037,1,150572.8329,130861.234988,141908.192931,141284.446336
附件一（训练集）.xlsx|材料4|1038,4,256574.6549,265951.582821,273605.71415,257210.314365
附件一（训练集）.xlsx|材料4|1039,0,335325.5889,311846.887796,299681.920215,277313.259147
附件一（训练集）.xlsx|材料4|104,1,82386.05469,73030.7222103,77746.6791057,78748.3545956
附件一（训练集）.xlsx|材料4|1040,0,11593.78679,11011.6817884,11483.9364575,11749.809131
附件一（训练集）.xlsx|材料4|1041,3,19004.39287,12565.6148784,18145.2696859,18038.0425042
附件一（训练集）.xlsx|材料4|1042,3,24109.25125,24195.9399702,25025.5593259,24810.4044597
附件一（训练集）.xlsx|材料4|1043,4,31290.16943,34381.3623476,31776.3856639,34755.4911722
附件一（训练集）.xlsx|材料4|1044,4,40392.48861,33715.5741762,38576.3578274,38105.4493305
附件一（训练集）.xlsx|材料4|1045,0,52065.54529,53094.4788937,53968.4246522,55070.4672438
附件一（训练集）.xlsx|材料4|1046,0,67372.61793,60189.5198709,64584.3346634,61741.1714935
附件一（训练集）.xlsx|材料4|1047,3,86133.26513,63364.78811,91478.1943798,93720.4154589
附件一（训练集）.xlsx|材料4|1048,3,112128.1733,122148.198663,114067.582167,113829.348795
附件一（训练集）.xlsx|材料4|1049,0,146280.2933,156709.521841,149214.253026,149010.324836
附件一（训练集）.xlsx|材料4|105,4,107447.8944,92808.8956553,103200.86936,100956.109729
附件一（训练集）.xlsx|材料4|1050,0,323427.8243,280887.364761,305151.969181,316160.562227
附件一（训练集）.xlsx|材料4|1051,0,15283.07137,14330.4744504,17525.2067994,19072.6350316
附件一（训练集）.xlsx|材料4|1052,0,19344.37915,17025.6734054,20536.1527794,20946.8700596
附件一（训练集）.xlsx|材料4|1053,3,24412.47791,21579.7729366,25622.2468452,25282.7816975
附件一（训练集）.xlsx|材料4|1054,4,40340.96517,38560.5012825,39584.6620927,41837.2116384
附件一（训练集）.xlsx|材料4|1055,4,51843.19654,50428.2130954,47913.4868178,50577.2792481
附件一（训练集）.xlsx|材料4|1056,0,66815.1548,65658.80206,72403.831991,74345.4788005
附件一（训练集）.xlsx|材料4|1057,0,85347.63498,83570.5557974,90493.4668692,90073.4679979
附件一（训练集）.xlsx|材料4|1058,3,110023.8917,111679.021549,115851.437216,114371.282853
附件一（训练集）.xlsx|材料4|1059,0,183468.4187,174146.272342,160397.642774,160366.234902
附件一（训练集）.xlsx|材料4|106,4,190066.4537,187146.408934,168966.356123,167918.194325
附件一（训练集）.xlsx|材料4|1060,0,310437.0568,306038.173956,285404.979083,287275.64019
附件一（训练集）.xlsx|材料4|1061,0,20576.25004,19099.2277245,17521.3394468,18086.6927783
附件一（训练集）.xlsx|材料4|1062,3,25993.16386,24653.9917496,26148.3963779,25524.8372264
附件一（训练集）.xlsx|材料4|1063,3,33257.05894,34546.4587143,37617.545303,39283.5365621
附件一（训练集）.xlsx|材料4|1064,4,42412.4717,42931.3531377,45570.7673414,45141.0716815
附件一（训练集）.xlsx|材料4|1065,4,54351.81273,54687.413973,57998.4274385,56916.6690161
附件一（训练集）.xlsx|材料4|1066,0,69956.70454,77302.8641972,74817.7020577,73097.3057887
附件一（训练集）.xlsx|材料4|1067,3,114626.1349,127910.082261,111813.200329,108296.326576
附件一（训练集）.xlsx|材料4|1068,3,148231.5235,152541.591906,149523.584457,154490.758708
附件一（训练集）.xlsx|材料4|1069,0,190427.4043,198039.683922,183661.427938,189331.50998
附件一（训练集）.xlsx|材料4|107,1,960.6041961,965.628534058,1192.79042568,1110.96212299
附件一（训练集）.xlsx|材料4|1070,0,246333.5745,206880.447053,241304.449269,250946.269185
附件一（训练集）.xlsx|材料4|1071,0,318788.9456,332839.440372,301261.63107,315782.574193
附件一（训练集）.xlsx|材料4|1072,0,26132.27382,21690.0794319,25084.3199929,24894.8812924
附件一（训练集）.xlsx|材料4|1073,0,33674.34107,31696.6971259,35874.8960805,35443.0197744
附件一（训练集）.xlsx|材料4|1074,0,53897.74844,57322.4443143,49392.5457945,53675.6242009
附件一（训练集）.xlsx|材料4|1075,2,69121.59721,58216.5217775,69438.8203844,70473.241719
附件一（训练集）.xlsx|材料4|1076,4,112522.9554,116083.189665,128369.275597,123509.185362
附件一（训练集）.xlsx|材料4|1077,4,144376.788,137570.162972,137114.849467,144092.818886
附件一（训练集）.xlsx|材料4|1078,1,184703.2653,195200.995443,193011.183129,205869.561187
附件一（训练集）.xlsx|材料4|1079,1,237685.5084,248202.556113,237159.942937,248424.951527
附件一（训练集）.xlsx|材料4|108,1,1304.817186,1270.84511236,1477.55812267,1468.73482202
附件一（训练集）.xlsx|材料4|1080,0,305299.3046,305390.834356,288805.714596,294481.700207
附件一（训练集）.xlsx|材料4|1081,2,6172.456194,6454.82091938,6043.01286798,6148.25230929
附件一（训练集）.xlsx|材料4|1082,2,8288.309802,9842.59409008,7373.18529835,8761.64107558
附件一（训练集）.xlsx|材料4|1083,0,10906.57071,11118.0027272,11067.1086658,10655.1068854
附件一（训练集）.xlsx|材料4|1084,0,14796.9538,18316.5312564,14919.5237144,15482.2704767
附件一（训练集）.xlsx|材料4|1085,2,19702.41925,21569.1187649,20619.8494043,20337.4366304
附件一（训练集）.xlsx|材料4|1086,3,44406.25012,42877.9286084,37398.2438734,35740.1457341
附件一（训练集）.xlsx|材料4|1087,2,77030.27135,81509.8545979,70365.8982989,71747.4706812
附件一（训练集）.xlsx|材料4|1088,1,100260.1726,104478.436506,90807.5540468,91271.7422258
附件一（训练集）.xlsx|材料4|1089,1,130844.9145,134615.393415,121257.283611,127925.798527
附件一（训练集）.xlsx|材料4|109,0,2423.358763,2375.30924004,2276.44643981,2265.51708204
附件一（训练集）.xlsx|材料4|1090,1,222126.8107,229396.629454,184950.96393,183927.701493
附件一（训练集）.xlsx|材料4|1091,2,487732.4502,513252.189512,463064.293808,470137.53432
附件一（训练集）.xlsx|材料4|1092,2,625247.8986,653283.808122,631450.91399,591201.590673
附件一（训练集）.xlsx|材料4|1093,2,812588.5798,818983.920312,776085.814028,768817.72669
附件一（训练集）.xlsx|材料4|1094,1,7754.464836,7297.6374164,7492.15998126,7228.99331449
附件一（训练集）.xlsx|材料4|1095,1,10646.5438,10253.22497,10682.9415133,10145.9924551
附件一（训练集）.xlsx|材料4|1096,1,14471.59173,13496.6788439,14533.4290368,13175.8064487
附件一（训练集）.xlsx|材料4|1097,0,25364.1843,25345.4379764,25334.4864347,23480.2293206
附件一（训练集）.xlsx|材料4|1098,0,44821.99056,42555.9502219,47395.551807,43646.3087977
附件一（训练集）.xlsx|材料4|1099,1,77204.54187,74049.0510099,78249.0753521,76134.6474894
附件一（训练集）.xlsx|材料4|11,0,2931.161116,2984.38930517,2803.0887257,2776.286859
附件一（训练集）.xlsx|材料4|110,0,3244.397103,2888.45631764,2773.97418531,2691.02187962
附件一（训练集）.xlsx|材料4|1100,1,99947.14162,97960.5077228,107761.430435,110535.610367
附件一（训练集）.xlsx|材料4|1101,3,131010.8112,126757.160856,131958.367421,133384.722065
附件一（训练集）.xlsx|材料4|1102,4,225182.2868,217285.724339,205226.086258,215346.257089
附件一（训练集）.xlsx|材料4|1103,4,294938.4311,273832.070689,259954.669522,263360.196254
附件一（训练集）.xlsx|材料4|1104,2,386626.5349,408752.683629,403186.916125,398323.534071
附件一（训练集）.xlsx|材料4|1105,2,497232.7305,493357.21703,455997.218998,447414.146638
附件一（训练集）.xlsx|材料4|1106,3,809872.7715,774196.275419,722658.346484,744559.323703
附件一（训练集）.xlsx|材料4|1107,3,1057866.957,909506.861615,927119.79222,920641.634019
附件一（训练集）.xlsx|材料4|1108,0,3628.815909,3730.15747854,3228.82702721,3098.79131171
附件一（训练集）.xlsx|材料4|1109,4,6528.863478,5802.31888402,6767.26217977,6237.97308361
附件一（训练集）.xlsx|材料4|111,4,8352.685341,7252.24536324,8688.59627506,7969.07650301
附件一（训练集）.xlsx|材料4|1110,1,8989.127865,9667.13526672,9271.60534647,9174.92907991
附件一（训练集）.xlsx|材料4|1111,1,21658.49537,21739.8880089,21756.2398368,22016.4010316
附件一（训练集）.xlsx|材料4|1112,0,28674.94507,26423.5660115,28702.3417422,28236.7435368
附件一（训练集）.xlsx|材料4|1113,0,51148.9829,48207.4095041,49423.2302858,47779.14127
附件一（训练集）.xlsx|材料4|1114,3,67051.73226,63380.9310691,65139.1840932,61196.8836359
附件一（训练集）.xlsx|材料4|1115,2,150276.0134,147772.900256,142011.672319,132909.685563
附件一（训练集）.xlsx|材料4|1116,2,198637.7716,201978.20031,190375.846987,183857.069545
附件一（训练集）.xlsx|材料4|1117,2,577063.2423,610267.037389,593205.9702,568637.045608
附件一（训练集）.xlsx|材料4|1118,4,722923.6239,717828.011367,700518.766517,684985.424989
附件一（训练集）.xlsx|材料4|1119,3,3021.993253,2783.355964,2756.52236919,2569.43147443
附件一（训练集）.xlsx|材料4|112,4,11696.82591,11255.748787,11024.9160425,10564.9286119
附件一（训练集）.xlsx|材料4|1120,3,4116.892845,3896.73758017,4539.72506622,3757.82886524
附件一（训练集）.xlsx|材料4|1121,4,7521.064423,7266.22248549,7450.76926748,6754.10287274
附件一（训练集）.xlsx|材料4|1122,0,10282.88927,9454.35178889,9137.28287123,9380.00701306
附件一（训练集）.xlsx|材料4|1123,0,13797.94751,13980.5518322,13180.5764889,13135.919258
附件一（训练集）.xlsx|材料4|1124,2,24540.40625,22110.8174088,26042.1468675,25632.508715
附件一（训练集）.xlsx|材料4|1125,4,33229.75607,29037.9617219,33800.1778507,34179.5216844
附件一（训练集）.xlsx|材料4|1126,4,44030.58905,42541.1404719,49393.2055578,48873.7859401
附件一（训练集）.xlsx|材料4|1127,3,58246.76161,55840.2946205,52034.4560178,52914.8438183
附件一（训练集）.xlsx|材料4|1128,3,76845.73112,70846.7939373,74318.1110603,70169.7845134
附件一（训练集）.xlsx|材料4|1129,4,100777.4091,97281.7623583,100423.086152,99917.3479302
附件一（训练集）.xlsx|材料4|113,4,15812.57433,16281.4867813,16244.949099,17309.1808463
附件一（训练集）.xlsx|材料4|1130,4,131631.0167,125395.111725,128979.034956,129330.018962
附件一（训练集）.xlsx|材料4|1131,2,174132.2868,181848.03264,170832.485979,174621.032201
附件一（训练集）.xlsx|材料4|1132,2,228994.1973,246563.271555,223392.149282,228307.676533
附件一（训练集）.xlsx|材料4|1133,1,301625.8225,304933.583958,274677.207238,274797.118101
附件一（训练集）.xlsx|材料4|1134,1,390516.7504,391228.190042,328971.271179,346098.297691
附件一（训练集）.xlsx|材料4|1135,1,512370.2265,501312.089947,476971.27201,500056.904835
附件一（训练集）.xlsx|材料4|1136,4,841588.8967,813701.285774,835573.36901,811343.372342
附件一（训练集）.xlsx|材料4|1137,2,1421376.923,1249338.61484,1396511.0218,1429511.22044
附件一（训练集）.xlsx|材料4|1138,4,2435.779863,2040.32964656,1873.19333126,1911.04704519
附件一（训练集）.xlsx|材料4|1139,3,3351.55076,3160.29132105,3113.06562455,2972.25254782
附件一（训练集）.xlsx|材料4|114,0,21807.25701,22835.7073546,20224.4307293,19856.2489856
附件一（训练集）.xlsx|材料4|1140,4,6212.021797,6290.18176863,5634.75827606,5651.16361384
附件一（训练集）.xlsx|材料4|1141,4,8481.22719,8383.27300384,9295.07177961,8745.17570996
附件一（训练集）.xlsx|材料4|1142,0,15182.00411,15450.1799516,14810.3382889,14807.161544
附件一（训练集）.xlsx|材料4|1143,2,20705.29092,17974.9528674,19522.6164512,19621.4788095
附件一（训练集）.xlsx|材料4|1144,2,28247.80732,24049.5564584,27600.3005824,27751.2853901
附件一（训练集）.xlsx|材料4|1145,4,50140.9611,49166.0295809,50803.2973277,53325.9862599
附件一（训练集）.xlsx|材料4|1146,3,66356.81689,67562.1541331,64695.0050752,67557.6108536
附件一（训练集）.xlsx|材料4|1147,4,115550.2953,109485.465164,110456.716735,106535.448451
附件一（训练集）.xlsx|材料4|1148,4,152208.7336,141689.761241,154014.653641,147088.828859
附件一（训练集）.xlsx|材料4|1149,2,201004.5552,216336.50839,192195.104731,197368.081946
附件一（训练集）.xlsx|材料4|115,0,96037.4381,103877.649353,97252.7535352,106097.509754
附件一（训练集）.xlsx|材料4|1150,2,265842.5814,273480.97086,267990.032806,267575.506239
附件一（训练集）.xlsx|材料4|1151,1,344635.6805,348279.945964,314753.898349,309947.533657
附件一（训练集）.xlsx|材料4|1152,1,763269.6558,751834.584706,703541.83911,696216.879329
附件一（训练集）.xlsx|材料4|1153,4,975439.6675,888308.815137,922199.161914,897822.690522
附件一（训练集）.xlsx|材料4|1154,4,1272730.114,1205141.02029,1251768.56248,1227342.75817
附件一（训练集）.xlsx|材料4|1155,4,2154.061619,1938.15863677,1933.19642309,1946.97020286
附件一（训练集）.xlsx|材料4|1156,1,3924.355926,3784.51555587,3367.11910963,3777.22194978
附件一（训练集）.xlsx|材料4|1157,1,5453.409106,4849.17823932,5593.65503461,5809.28508856
附件一（训练集）.xlsx|材料4|1158,3,7502.417849,8021.07414039,8203.13020915,8062.93515774
附件一（训练集）.xlsx|材料4|1159,3,10080.15654,11786.2437744,11044.0845604,10861.8320604
附件一（训练集）.xlsx|材料4|116,1,377284.4662,350913.000172,335836.344123,332321.678706
附件一（训练集）.xlsx|材料4|1160,4,13377.16741,14742.2372157,13538.3987977,13117.5956413
附件一（训练集）.xlsx|材料4|1161,4,1548.063517,2049.75328754,1807.16328062,1755.51606293
附件一（训练集）.xlsx|材料4|1162,4,2062.715089,2199.50480536,2508.89838776,2291.0371108
附件一（训练集）.xlsx|材料4|1163,4,2832.915696,3095.9192767,3121.822366,2897.86072172
附件一（训练集）.xlsx|材料4|1164,4,3715.136319,3635.66145175,4149.53734662,3810.76862189
附件一（训练集）.xlsx|材料4|1165,4,5062.153074,4743.67829436,5311.08201748,5050.87010282
附件一（训练集）.xlsx|材料4|1166,1,8832.276823,7917.7996345,9347.58392266,8543.75356852
附件一（训练集）.xlsx|材料4|1167,2,12010.23869,12383.2323043,13011.2657856,12071.0572124
附件一（训练集）.xlsx|材料4|1168,2,21237.87329,20674.6638259,19706.3520174,18703.1817509
附件一（训练集）.xlsx|材料4|1169,0,38257.92394,29983.2597157,40002.3098034,41345.7276419
附件一（训练集）.xlsx|材料4|117,1,1126.503193,1114.30745119,1169.59194628,1055.71743578
附件一（训练集）.xlsx|材料4|1170,3,159427.7303,131368.943665,155143.870967,163904.837299
附件一（训练集）.xlsx|材料4|1171,3,207165.1792,170086.466083,180432.317358,198517.64934
附件一（训练集）.xlsx|材料4|1172,1,277925.7646,265908.162034,279762.68347,280876.974288
附件一（训练集）.xlsx|材料4|1173,1,476886.5206,478085.331154,471251.447798,466098.382128
附件一（训练集）.xlsx|材料4|1174,1,631471.8561,554545.426838,636440.699167,636598.538911
附件一（训练集）.xlsx|材料4|1175,2,834688.0426,641903.171926,710409.497628,767658.199161
附件一（训练集）.xlsx|材料4|1176,0,1269.164465,1565.61537463,1336.54613127,1411.49556173
附件一（训练集）.xlsx|材料4|1177,3,2213.1484,2348.9221283,2029.36730114,2046.86969472
附件一（训练集）.xlsx|材料4|1178,3,2887.322007,2841.88132309,2975.80780215,2619.01732953
附件一（训练集）.xlsx|材料4|1179,0,3960.284431,4409.94229382,3668.03867695,3539.84727091
附件一（训练集）.xlsx|材料4|118,1,1549.723788,1533.84298117,1454.46628788,1389.10135753
附件一（训练集）.xlsx|材料4|1180,2,7061.874693,6738.38757888,7405.45199169,7097.55608694
附件一（训练集）.xlsx|材料4|1181,1,9541.774566,9664.54393197,9682.65229185,9363.93638855
附件一（训练集）.xlsx|材料4|1182,3,30115.50083,27985.9889684,30620.2407432,29883.6309383
附件一（训练集）.xlsx|材料4|1183,0,40176.61614,33873.7387748,41671.383917,39488.4417131
附件一（训练集）.xlsx|材料4|1184,0,72756.91641,65279.1659051,69381.1266652,67124.3546167
附件一（训练集）.xlsx|材料4|1185,0,96356.22793,88886.0578835,100149.808026,100157.046869
附件一（训练集）.xlsx|材料4|1186,1,127253.1706,131389.960393,129851.994846,128649.084106
附件一（训练集）.xlsx|材料4|1187,1,222492.0021,211998.055065,224025.056454,227402.225194
附件一（训练集）.xlsx|材料4|1188,1,296261.1625,296815.785851,290821.659443,294048.553648
附件一（训练集）.xlsx|材料4|1189,0,392205.4016,312550.503317,382446.144827,368607.943606
附件一（训练集）.xlsx|材料4|119,0,3763.202029,3176.49865733,3466.43755076,3455.93111491
附件一（训练集）.xlsx|材料4|1190,0,518998.0374,510177.624986,490580.390247,498220.285107
附件一（训练集）.xlsx|材料4|1191,0,677272.1024,766685.150642,775077.760061,774910.542988
附件一（训练集）.xlsx|材料4|1192,3,2612.020775,2458.27390432,2435.77796919,2313.00893894
附件一（训练集）.xlsx|材料4|1193,3,4709.784663,3350.13922032,4679.48203947,4486.7737315
附件一（训练集）.xlsx|材料4|1194,0,464701.5434,360373.802097,422064.634405,432286.378116
附件一（训练集）.xlsx|材料4|1195,1,1758.462153,1719.1471577,1913.11760244,1796.21303483
附件一（训练集）.xlsx|材料4|1196,1,2256.543711,1943.72586844,2382.84761476,2273.76241981
附件一（训练集）.xlsx|材料4|1197,1,3867.551384,2870.52971097,3678.1381364,3661.44029673
附件一（训练集）.xlsx|材料4|1198,3,27836.43375,17748.3519285,26112.3727428,24618.7250469
附件一（训练集）.xlsx|材料4|1199,3,37345.61279,25610.1100282,32117.359284,32546.3433522
附件一（训练集）.xlsx|材料4|12,0,3834.543648,3476.05514053,3467.13330704,3499.87464106
附件一（训练集）.xlsx|材料4|120,4,9842.381205,9685.02428589,10239.218313,10582.4447207
附件一（训练集）.xlsx|材料4|1200,3,65400.17174,41621.4426318,61522.9653266,65626.6616176
附件一（训练集）.xlsx|材料4|1201,0,263999.9751,268565.398494,270961.908095,262373.493862
附件一（训练集）.xlsx|材料4|1202,1,468416.4441,344305.227618,405786.982542,395636.463335
附件一（训练集）.xlsx|材料4|1203,2,1733.112627,2007.29383186,1970.30388031,1889.33912927
附件一（训练集）.xlsx|材料4|1204,1,2950.546813,3264.76628426,2762.40507886,2757.60084218
附件一（训练集）.xlsx|材料4|1205,1,3814.150235,3727.72471117,3674.53695215,3431.04022209
附件一（训练集）.xlsx|材料4|1206,1,4976.497958,5484.03873344,4681.6105229,4367.27742726
附件一（训练集）.xlsx|材料4|1207,4,6721.338624,7254.64868821,6400.73555751,6439.58871535
附件一（训练集）.xlsx|材料4|1208,4,8727.250704,10067.476486,9483.00002106,9648.24535989
附件一（训练集）.xlsx|材料4|1209,4,11272.05498,10354.7303391,11554.9572556,12127.9815998
附件一（训练集）.xlsx|材料4|121,4,13456.5026,13521.1817581,13451.7102573,13293.0651835
附件一（训练集）.xlsx|材料4|1210,1,19681.07239,18578.9405716,21403.3750607,21028.418887
附件一（训练集）.xlsx|材料4|1211,1,26154.71652,21962.1494377,28872.3577365,28035.1119154
附件一（训练集）.xlsx|材料4|1212,3,34700.06758,30297.2072052,32727.1919377,32080.682178
附件一（训练集）.xlsx|材料4|1213,3,60793.20993,61039.4682864,59840.8310613,63675.5388464
附件一（训练集）.xlsx|材料4|1214,3,80765.47376,72265.0717969,80599.6174175,80178.8069416
附件一（训练集）.xlsx|材料4|1215,3,105389.568,87289.013653,95131.722596,100563.454098
附件一（训练集）.xlsx|材料4|1216,3,140001.1497,128477.847807,127081.68204,128795.286517
附件一（训练集）.xlsx|材料4|1217,0,324132.496,270171.90735,294605.271176,279674.026038
附件一（训练集）.xlsx|材料4|1218,0,1712.770374,1990.29378747,1912.61821701,2110.04018028
附件一（训练集）.xlsx|材料4|1219,0,2225.921172,2307.97109757,2423.74224437,2410.93471193
附件一（训练集）.xlsx|材料4|122,4,18599.79257,18105.6967739,17297.5678796,17091.6501812
附件一（训练集）.xlsx|材料4|1220,1,2906.17509,3304.19334576,2576.9839832,2534.12727477
附件一（训练集）.xlsx|材料4|1221,1,3706.969316,3444.31749692,3534.02191268,3386.17855563
附件一（训练集）.xlsx|材料4|1222,1,6443.83413,7016.56271551,6574.40813767,6624.10981435
附件一（训练集）.xlsx|材料4|1223,4,8351.308168,7523.47879911,7939.18765557,7495.31231727
附件一（训练集）.xlsx|材料4|1224,4,10768.50361,8287.64930586,10917.7445657,10743.8410368
附件一（训练集）.xlsx|材料4|1225,2,14273.69203,15348.5339436,14825.2614305,14606.2900685
附件一（训练集）.xlsx|材料4|1226,3,24358.62338,24957.1026248,27367.6595874,28417.2901398
附件一（训练集）.xlsx|材料4|1227,3,32548.80459,30029.1078391,35069.6042955,33240.9845768
附件一（训练集）.xlsx|材料4|1228,4,224043.6568,236879.899777,233549.915191,228173.447579
附件一（训练集）.xlsx|材料4|1229,2,389944.4417,379650.016392,347640.998126,349123.055009
附件一（训练集）.xlsx|材料4|123,0,25269.79363,22976.2887148,24127.8498606,23891.816715
附件一（训练集）.xlsx|材料4|1230,0,2325.924134,2456.23039828,2372.3472192,2339.16447183
附件一（训练集）.xlsx|材料4|1231,2,3060.610683,3133.85674829,2823.30870839,3127.05462128
附件一（训练集）.xlsx|材料4|1232,0,5082.514735,5100.59259591,5141.55863691,5339.4262861
附件一（训练集）.xlsx|材料4|1233,0,6711.849343,6070.05513718,7074.63754748,7738.66293815
附件一（训练集）.xlsx|材料4|1234,3,8614.041375,9665.2946705,8914.71066755,8827.10576282
附件一（训练集）.xlsx|材料4|1235,3,11007.41593,11747.2831403,10928.7528736,11280.7656645
附件一（训练集）.xlsx|材料4|1236,0,14433.58797,15431.4192838,14256.2175008,14433.1144324
附件一（训练集）.xlsx|材料4|1237,0,18875.91128,18441.5106508,17270.697458,16793.2921696
附件一（训练集）.xlsx|材料4|1238,0,24457.90919,23904.3532846,24088.6422075,23469.1479597
附件一（训练集）.xlsx|材料4|1239,4,32456.68913,34901.9434473,32545.4081142,33112.4619931
附件一（训练集）.xlsx|材料4|124,0,35799.27968,37392.5740483,34695.8417291,34541.7821583
附件一（训练集）.xlsx|材料4|1240,4,42306.13774,52511.0466742,43327.3284206,47206.2100964
附件一（训练集）.xlsx|材料4|1241,0,55161.73944,56161.9559744,47743.8096162,50650.7857623
附件一（训练集）.xlsx|材料4|1242,0,217999.7612,258206.55312,233882.80699,230980.535178
附件一（训练集）.xlsx|材料4|1243,0,3061.386707,3466.51938863,2939.4839838,3028.21804964
附件一（训练集）.xlsx|材料4|1244,0,3841.231,3714.23099036,4094.27372509,4190.13755561
附件一（训练集）.xlsx|材料4|1245,2,5007.93165,5158.65908675,5285.8414459,5359.1194015
附件一（训练集）.xlsx|材料4|1246,0,8454.211379,8202.64530819,8812.34639347,8980.83430415
附件一（训练集）.xlsx|材料4|1247,0,10650.24714,10286.3354991,12107.8181911,11697.9112962
附件一（训练集）.xlsx|材料4|1248,0,23443.80141,20821.5612166,22743.0023498,22514.232435
附件一（训练集）.xlsx|材料4|1249,0,31006.46575,24802.3588537,28320.0731862,28021.0871706
附件一（训练集）.xlsx|材料4|125,4,46438.57438,39699.2364758,42260.4826123,41894.1166016
附件一（训练集）.xlsx|材料4|1250,4,40488.6764,33901.0658012,39420.9565545,38350.8583915
附件一（训练集）.xlsx|材料4|1251,4,52305.55433,54706.9423889,47833.6541474,49372.3777701
附件一（训练集）.xlsx|材料4|1252,0,68595.29589,70325.3494652,67139.3082153,65082.1185901
附件一（训练集）.xlsx|材料4|1253,2,154181.4275,163054.760931,157912.706282,147519.616908
附件一（训练集）.xlsx|材料4|1254,0,202330.5195,196589.551874,199011.835908,200247.844085
附件一（训练集）.xlsx|材料4|1255,2,350664.692,308502.851021,342813.796941,343212.984213
附件一（训练集）.xlsx|材料4|1256,0,4003.519501,3187.77490407,4061.92283916,3783.40166643
附件一（训练集）.xlsx|材料4|1257,0,5208.203354,4216.49517878,5569.52045078,5353.4876395
附件一（训练集）.xlsx|材料4|1258,0,11056.68191,7936.89647239,11479.3161569,11797.1391461
附件一（训练集）.xlsx|材料4|1259,0,14113.41853,8704.29367493,15013.2948148,15477.6172099
附件一（训练集）.xlsx|材料4|126,0,83965.54501,75464.4618396,68944.3412683,74043.6613009
附件一（训练集）.xlsx|材料4|1260,3,23646.51059,18121.9969406,24995.3165968,26293.738371
附件一（训练集）.xlsx|材料4|1261,0,30822.23483,19911.3992024,28585.3938276,28731.4696202
附件一（训练集）.xlsx|材料4|1262,4,51549.36246,37203.3061885,57500.6271058,55890.3250882
附件一（训练集）.xlsx|材料4|1263,0,86605.24107,61620.8105419,84454.6999803,82944.2680714
附件一（训练集）.xlsx|材料4|1264,2,149179.2557,128309.793334,160646.19049,160280.779426
附件一（训练集）.xlsx|材料4|1265,2,194202.2566,147132.307836,224559.814401,220447.652854
附件一（训练集）.xlsx|材料4|1266,0,5396.957871,4728.46377677,5020.27020479,4996.1060013
附件一（训练集）.xlsx|材料4|1267,0,7001.039045,5172.34013056,7240.38142171,7238.84519716
附件一（训练集）.xlsx|材料4|1268,2,11190.22352,9449.10336078,10855.9861338,10750.7023312
附件一（训练集）.xlsx|材料4|1269,3,14506.35444,10096.8748769,16442.4337752,15629.4007001
附件一（训练集）.xlsx|材料4|127,2,198046.1364,185069.14738,175821.813268,185579.569633
附件一（训练集）.xlsx|材料4|1270,3,18223.53879,14565.8843541,17985.6737796,17270.510755
附件一（训练集）.xlsx|材料4|1271,0,23574.15663,19548.6109953,24744.5111953,26194.4882351
附件一（训练集）.xlsx|材料4|1272,0,30476.80273,24096.8349237,32023.4685475,33735.6046366
附件一（训练集）.xlsx|材料4|1273,4,39585.22979,35491.7969865,45135.3870854,44591.3398043
附件一（训练集）.xlsx|材料4|1274,1,65871.26467,51399.9756019,65767.2510325,68181.7747473
附件一（训练集）.xlsx|材料4|1275,1,84164.53261,67755.5982095,80651.8617411,82976.0216756
附件一（训练集）.xlsx|材料4|1276,0,109842.7508,98547.894937,108585.106051,109840.862289
附件一（训练集）.xlsx|材料4|1277,0,143979.8874,148922.351799,141384.16608,150618.521018
附件一（训练集）.xlsx|材料4|1278,0,186586.0245,162335.794356,170791.161786,181586.644401
附件一（训练集）.xlsx|材料4|1279,0,243501.3218,224534.365531,251660.623524,249489.505051
附件一（训练集）.xlsx|材料4|128,1,255474.2526,233308.772503,251418.339708,259686.69026
附件一（训练集）.xlsx|材料4|1280,0,319461.8942,252200.212066,288873.2131,280193.655823
附件一（训练集）.xlsx|材料4|1281,2,9353.616252,11002.5486322,9790.7994146,9171.79416187
附件一（训练集）.xlsx|材料4|1282,0,11729.67575,9829.72919465,10589.614543,10888.0251916
附件一（训练集）.xlsx|材料4|1283,0,15134.07464,14600.1603651,15216.530515,17039.1806841
附件一（训练集）.xlsx|材料4|1284,3,19163.71348,18377.8749075,16253.0072071,16970.1992909
附件一（训练集）.xlsx|材料4|1285,3,24219.15895,19346.748506,20163.3284118,22287.9480007
附件一（训练集）.xlsx|材料4|1286,4,40479.89249,30411.5423203,39566.8609864,39528.6686441
附件一（训练集）.xlsx|材料4|1287,1,67240.75797,67830.1721277,59945.2434848,61802.4475616
附件一（训练集）.xlsx|材料4|1288,3,110761.1147,121243.225742,110763.612883,108635.608113
附件一（训练集）.xlsx|材料4|1289,4,144653.7455,139538.703297,155744.544547,165215.106405
附件一（训练集）.xlsx|材料4|129,1,337543.8407,314178.601461,332874.040033,335208.974327
附件一（训练集）.xlsx|材料4|1290,4,187081.3178,196783.886849,188560.256533,191985.314668
附件一（训练集）.xlsx|材料4|1291,3,25291.50932,23562.3403285,25898.8750704,26571.0993286
附件一（训练集）.xlsx|材料4|1292,4,41813.41456,37297.7586721,44745.7952787,41013.950884
附件一（训练集）.xlsx|材料4|1293,1,87510.66421,75914.3429463,70989.0379486,72095.8117879
附件一（训练集）.xlsx|材料4|1294,3,112843.7335,115736.406532,102662.533686,107185.133098
附件一（训练集）.xlsx|材料4|1295,3,146113.2298,162804.230613,142522.008554,144988.006833
附件一（训练集）.xlsx|材料4|1296,4,244240.0149,258119.677151,258156.055189,251919.42642
附件一（训练集）.xlsx|材料4|1297,1,317483.1383,322000.84427,308252.806492,313717.020872
附件一（训练集）.xlsx|材料4|1298,0,12815.89714,9024.02455331,11539.2293203,11014.0873394
附件一（训练集）.xlsx|材料4|1299,0,16392.66458,16815.6439831,17818.7219037,17168.6946534
附件一（训练集）.xlsx|材料4|13,2,5187.405328,5101.76916221,5201.9466801,5184.52295083
附件一（训练集）.xlsx|材料4|130,1,1447.652109,1484.13127547,1427.07641187,1389.37938463
附件一（训练集）.xlsx|材料4|1300,0,20604.83209,19599.4045182,21249.4407146,20148.0965864
附件一（训练集）.xlsx|材料4|1301,0,26010.04781,20064.3983439,23288.3270384,24610.6977167
附件一（训练集）.xlsx|材料4|1302,0,33463.26005,31207.8234619,31033.6533163,32415.5555718
附件一（训练集）.xlsx|材料4|1303,2,54331.53482,58981.5803594,65980.0214795,62609.1800075
附件一（训练集）.xlsx|材料4|1304,0,88850.39703,100763.310479,104260.127336,103843.24579
附件一（训练集）.xlsx|材料4|1305,0,113551.353,118978.301969,112166.71787,101554.694926
附件一（训练集）.xlsx|材料4|1306,2,146587.5034,162813.249184,140723.072594,135676.450227
附件一（训练集）.xlsx|材料4|1307,2,243640.5003,220243.110954,234097.936222,229245.191537
附件一（训练集）.xlsx|材料4|1308,2,313989.2728,332877.057021,297989.391089,294877.511782
附件一（训练集）.xlsx|材料4|1309,0,16970.09721,15155.8949291,19698.7624096,20521.5868592
附件一（训练集）.xlsx|材料4|131,0,4419.113482,3920.04653495,3922.14057754,4061.59455563
附件一（训练集）.xlsx|材料4|1310,0,20933.97648,18370.8708308,21777.0709265,21243.7287303
附件一（训练集）.xlsx|材料4|1311,0,34114.88185,31540.5750825,34166.3367508,33858.7716569
附件一（训练集）.xlsx|材料4|1312,2,89425.92477,83879.644639,84368.4240481,83528.55747
附件一（训练集）.xlsx|材料4|1313,0,114582.8245,117956.212741,122503.385117,129147.443823
附件一（训练集）.xlsx|材料4|1314,0,146887.0543,140381.905426,135986.304672,138838.298555
附件一（训练集）.xlsx|材料4|1315,2,187621.4994,193508.10855,179811.432888,192672.610857
附件一（训练集）.xlsx|材料4|1316,2,241136.8578,236896.907806,231652.396443,228809.304997
附件一（训练集）.xlsx|材料4|1317,2,309743.6832,313042.413251,283259.767095,287174.416402
附件一（训练集）.xlsx|材料4|1318,0,36314.38997,28265.3037754,34967.235316,33937.5710628
附件一（训练集）.xlsx|材料4|1319,2,94306.20217,72750.5302232,88431.8999168,84101.4656232
附件一（训练集）.xlsx|材料4|132,0,6162.634842,6100.36359385,6055.5151271,6609.90629244
附件一（训练集）.xlsx|材料4|1320,0,154457.6795,135262.663396,164941.212535,161437.333673
附件一（训练集）.xlsx|材料4|1321,2,28580.57912,21524.2123895,23915.7781522,23108.4254775
附件一（训练集）.xlsx|材料4|1322,2,36815.77555,31596.9456518,38983.4883297,38405.1463058
附件一（训练集）.xlsx|材料4|1323,2,46315.7927,42898.577848,44921.269479,43613.2006714
附件一（训练集）.xlsx|材料4|1324,2,58725.05349,64402.1552545,62595.0196232,59559.0650755
附件一（训练集）.xlsx|材料4|1325,1,94328.91032,88609.4646151,86480.0856884,83689.4440002
附件一（训练集）.xlsx|材料4|1326,0,153422.3418,156897.510048,144280.474379,144147.215228
附件一（训练集）.xlsx|材料4|1327,0,248451.6881,269054.014323,239952.673261,231251.96867
附件一（训练集）.xlsx|材料4|1328,1,316606.5127,298429.834686,308318.549517,318194.970705
附件一（训练集）.xlsx|材料4|1329,4,3854.939775,3931.36419709,3338.59357979,3452.24909635
附件一（训练集）.xlsx|材料4|133,4,11539.78477,11394.2172812,11699.8481487,12270.7436339
附件一（训练集）.xlsx|材料4|1330,4,5137.478629,5510.32490392,4854.84652905,4866.06961768
附件一（训练集）.xlsx|材料4|1331,1,9252.697888,9913.23047413,9883.83603567,9522.86151504
附件一（训练集）.xlsx|材料4|1332,2,16669.04388,17537.1701744,17306.0135986,16815.3674226
附件一（训练集）.xlsx|材料4|1333,0,21975.18399,21726.8118796,19581.7188245,19318.9546323
附件一（训练集）.xlsx|材料4|1334,0,39173.08987,38631.3066038,36504.9927037,32121.3624792
附件一（训练集）.xlsx|材料4|1335,1,69344.52485,66402.9684471,57345.6267392,55205.074991
附件一（训练集）.xlsx|材料4|1336,1,91305.39471,100554.217004,91805.7920261,90161.948635
附件一（训练集）.xlsx|材料4|1337,3,161129.389,170086.466083,156956.332312,160744.135563
附件一（训练集）.xlsx|材料4|1338,1,215894.9794,243133.400473,217565.765952,212722.602079
附件一（训练集）.xlsx|材料4|1339,1,385632.3306,436258.164283,371718.429441,385638.21841
附件一（训练集）.xlsx|材料4|134,4,1876.831789,1761.32482002,1743.01187786,1704.1637627
附件一（训练集）.xlsx|材料4|1340,0,3770.727167,4565.87328191,3177.58150667,3437.33828429
附件一（训练集）.xlsx|材料4|1341,2,5010.544234,4676.6639881,5053.18959524,4892.70679169
附件一（训练集）.xlsx|材料4|1342,2,6853.80912,7864.46091783,6573.76041689,6191.39702047
附件一（训练集）.xlsx|材料4|1343,1,12427.96667,13616.6401225,12904.6221029,13593.1726478
附件一（训练集）.xlsx|材料4|1344,3,22084.49623,25497.4512276,23500.6260603,21509.9530407
附件一（训练集）.xlsx|材料4|1345,1,122388.1488,129770.61145,130139.398298,130520.412002
附件一（训练集）.xlsx|材料4|1346,1,165106.5463,167296.525733,170064.022035,170959.062776
附件一（训练集）.xlsx|材料4|1347,1,219878.9053,219372.531811,227926.058565,225830.781558
附件一（训练集）.xlsx|材料4|1348,0,294845.7967,303511.93975,290940.072508,284528.37527
附件一（训练集）.xlsx|材料4|1349,0,387358.5125,402425.178755,420120.896457,393717.763455
附件一（训练集）.xlsx|材料4|135,3,2812.802962,2865.78262303,2840.17268454,2907.01560391
附件一（训练集）.xlsx|材料4|1350,0,517088.9323,580263.050525,513462.831745,503016.593413
附件一（训练集）.xlsx|材料4|1351,3,2381.242717,2424.50897339,2135.00714885,2064.87279981
附件一（训练集）.xlsx|材料4|1352,0,4264.425838,4352.03219892,3980.38040618,3957.5286752
附件一（训练集）.xlsx|材料4|1353,2,5843.157274,6713.15176721,5283.6819387,5434.22747558
附件一（训练集）.xlsx|材料4|1354,1,7972.157455,7532.6360776,8636.39338249,8759.49921164
附件一（训练集）.xlsx|材料4|1355,1,10588.32889,11161.2720787,12336.4934479,12424.7975403
附件一（训练集）.xlsx|材料4|1356,0,45670.1307,44582.4438732,44330.2910165,41878.9971865
附件一（训练集）.xlsx|材料4|1357,0,60733.1717,58224.0309358,53478.5526044,52436.9228741
附件一（训练集）.xlsx|材料4|1358,0,80659.84794,86624.8184248,77373.7122351,76546.0798877
附件一（训练集）.xlsx|材料4|1359,0,106529.3706,111825.276206,105597.368107,97792.0528349
附件一（训练集）.xlsx|材料4|136,2,5300.202299,4794.21598305,4663.13846177,4689.67828592
附件一（训练集）.xlsx|材料4|1360,1,143904.6216,152747.16179,147214.813883,147075.86515
附件一（训练集）.xlsx|材料4|1361,1,192468.9467,191215.715156,188944.281837,184797.760967
附件一（训练集）.xlsx|材料4|1362,1,257976.2474,268758.050858,267778.398839,259656.906336
附件一（训练集）.xlsx|材料4|1363,4,340384.6463,348983.837961,327694.421141,333433.77634
附件一（训练集）.xlsx|材料4|1364,4,454823.2087,456602.743058,449795.420667,440656.492012
附件一（训练集）.xlsx|材料4|1365,0,777580.9156,789090.765765,777329.913339,745238.660479
附件一（训练集）.xlsx|材料4|1366,0,1025722.575,1109365.10068,1063482.59098,1048223.23107
附件一（训练集）.xlsx|材料4|1367,2,2044.706828,2289.41789299,2166.52169411,2261.81283055
附件一（训练集）.xlsx|材料4|1368,2,2741.274933,2913.18241307,3163.87561689,3212.83185747
附件一（训练集）.xlsx|材料4|1369,3,3651.543093,3642.35417964,3475.63604138,3161.41500179
附件一（训练集）.xlsx|材料4|137,2,7264.886448,7122.6290295,6115.1213657,6185.90506504
附件一（训练集）.xlsx|材料4|1370,3,5033.728219,4929.22985063,5429.26695688,5067.32968287
附件一（训练集）.xlsx|材料4|1371,1,6834.231348,6378.01968778,6726.81371183,6887.02884162
附件一（训练集）.xlsx|材料4|1372,1,9180.03272,8582.29865373,9706.18495112,9906.40881736
附件一（训练集）.xlsx|材料4|1373,2,16262.5647,15921.6711496,16859.8709093,16499.9451682
附件一（训练集）.xlsx|材料4|1374,2,22301.15806,19543.426562,22468.9139431,22689.36149
附件一（训练集）.xlsx|材料4|1375,3,39764.69953,37813.5180486,40152.1985712,40689.6412149
附件一（训练集）.xlsx|材料4|1376,2,70642.24849,66437.8703245,65799.2016637,68167.7077837
附件一（训练集）.xlsx|材料4|1377,0,168284.2503,169685.947475,167777.678625,165140.705419
附件一（训练集）.xlsx|材料4|1378,4,226438.4834,235277.285492,222338.489333,215536.487712
附件一（训练集）.xlsx|材料4|1379,4,298683.5784,305926.22448,306522.083874,310922.28989
附件一（训练集）.xlsx|材料4|138,2,9994.801523,7832.35630247,8207.12298122,7580.54408827
附件一（训练集）.xlsx|材料4|1380,4,399447.6198,411150.872372,387260.031822,423537.250132
附件一（训练集）.xlsx|材料4|1381,4,519337.2151,541721.19841,453863.41685,464300.768181
附件一（训练集）.xlsx|材料4|1382,1,696837.0076,700868.743518,671804.258026,680009.894804
附件一（训练集）.xlsx|材料4|1383,0,1204052.085,1272899.24786,1209439.25546,1244603.26924
附件一（训练集）.xlsx|材料4|1384,0,1718.601984,1897.73153875,1706.30124976,1704.6800998
附件一（训练集）.xlsx|材料4|1385,2,2308.688882,2632.01037435,2415.57286011,2485.64660266
附件一（训练集）.xlsx|材料4|1386,2,3101.191169,3266.75721621,3061.07951503,3179.67724757
附件一（训练集）.xlsx|材料4|1387,3,5798.050204,5532.64214237,5746.61618027,5440.48445011
附件一（训练集）.xlsx|材料4|1388,1,10302.05535,9300.83707374,10465.2797914,10410.594182
附件一（训练集）.xlsx|材料4|1389,2,19054.58442,17780.4472897,19934.8782484,19560.3820751
附件一（训练集）.xlsx|材料4|139,0,18890.7135,15710.3317039,14163.7374076,14033.6085043
附件一（训练集）.xlsx|材料4|1390,2,25724.84079,22104.8339381,24977.3545129,25730.4129632
附件一（训练集）.xlsx|材料4|1391,2,34619.98344,31352.5109438,35329.3784032,35535.7885255
附件一（训练集）.xlsx|材料4|1392,3,45988.26607,41543.7873943,48653.5993731,47691.8047791
附件一（训练集）.xlsx|材料4|1393,3,61334.83248,54753.5597694,62728.8314,60722.8092146
附件一（训练集）.xlsx|材料4|1394,2,81983.51105,76220.9499392,80214.1638366,81820.4851176
附件一（训练集）.xlsx|材料4|1395,0,146693.2388,156389.630907,150099.740547,143095.619315
附件一（训练集）.xlsx|材料4|1396,0,197862.8587,207428.343556,201202.170521,199195.245249
附件一（训练集）.xlsx|材料4|1397,4,261667.6276,262207.498119,257645.635621,252115.953974
附件一（训练集）.xlsx|材料4|1398,4,350816.1629,347296.023318,348400.69059,359392.16634
附件一（训练集）.xlsx|材料4|1399,4,457583.3593,437585.821804,434233.070919,452816.363228
附件一（训练集）.xlsx|材料4|14,2,7049.891568,7693.44478402,6461.847589,6704.69589699
附件一（训练集）.xlsx|材料4|140,2,34966.44258,29560.5546599,31787.2559277,32478.0116117
附件一（训练集）.xlsx|材料4|1400,4,616013.9603,567659.537002,577756.488016,589735.054452
附件一（训练集）.xlsx|材料4|1401,1,1066509.827,1010471.97704,1084070.12912,980166.084526
附件一（训练集）.xlsx|材料4|1402,1,1659.123419,2031.24995482,1654.14360579,1589.01584105
附件一（训练集）.xlsx|材料4|1403,1,2131.556938,2655.0997837,2061.27846515,2156.68418295
附件一（训练集）.xlsx|材料4|1404,4,2796.069272,2947.18163262,2635.61325885,2619.71938196
附件一（训练集）.xlsx|材料4|1405,4,7067.428958,9074.74614284,7165.30130387,7469.94172537
附件一（训练集）.xlsx|材料4|1406,1,9255.355872,10978.7625578,8711.94644193,8370.99724954
附件一（训练集）.xlsx|材料4|1407,1,12570.12545,11022.0362261,11387.103313,10760.1469364
附件一（训练集）.xlsx|材料4|1408,3,23061.68628,20431.435245,22317.122606,20848.0177966
附件一（训练集）.xlsx|材料4|1409,3,30910.958,26948.2898714,30360.972706,29679.9035221
附件一（训练集）.xlsx|材料4|141,2,48082.93473,44874.1036972,44749.637208,43520.2064666
附件一（训练集）.xlsx|材料4|1410,2,2189.196451,2217.34810233,2569.56987863,2664.50499671
附件一（训练集）.xlsx|材料4|1411,2,2876.001485,2965.61178838,3273.35811828,3302.00470155
附件一（训练集）.xlsx|材料4|1412,0,5069.62443,3680.10835764,5959.75589279,5467.41647096
附件一（训练集）.xlsx|材料4|1413,2,12598.28992,10138.6609205,13433.227243,13130.0897224
附件一（训练集）.xlsx|材料4|1414,0,30074.63216,25780.7367827,30930.6083905,33223.3146139
附件一（训练集）.xlsx|材料4|1415,2,40417.66934,35792.6719428,38916.8093741,35983.3340237
附件一（训练集）.xlsx|材料4|1416,2,55346.81627,54253.8454219,61867.6505631,59682.8414079
附件一（训练集）.xlsx|材料4|1417,1,74826.08379,58713.5885484,72359.260765,73344.2257674
附件一（训练集）.xlsx|材料4|1418,1,99578.92499,84547.7579787,103142.75547,102627.782267
附件一（训练集）.xlsx|材料4|1419,2,134891.5738,121649.339862,146735.470873,149436.900418
附件一（训练集）.xlsx|材料4|142,1,87405.11658,76849.1796916,75649.7254121,74669.976411
附件一（训练集）.xlsx|材料4|1420,2,179004.4811,165985.466729,193206.106671,173470.800198
附件一（训练集）.xlsx|材料4|1421,1,327182.2237,315136.459685,353738.55277,356566.320027
附件一（训练集）.xlsx|材料4|1422,3,434033.5476,359676.733634,390308.030451,395255.163604
附件一（训练集）.xlsx|材料4|1423,3,570012.3671,473176.014169,504483.506196,508721.175564
附件一（训练集）.xlsx|材料4|1424,3,1891.926513,1841.81547358,1814.46186074,2018.73928744
附件一（训练集）.xlsx|材料4|1425,3,2404.851343,2529.32623538,2416.68963938,2527.24816816
附件一（训练集）.xlsx|材料4|1426,0,3279.388885,3522.55567075,3207.97971115,2929.36050355
附件一（训练集）.xlsx|材料4|1427,0,4224.892512,3880.6080094,3849.70607996,4073.75972878
附件一（训练集）.xlsx|材料4|1428,2,5757.19015,5061.15012555,5990.88624907,6215.74530155
附件一（训练集）.xlsx|材料4|1429,3,10219.35158,9257.91390808,11210.3274522,10965.607589
附件一（训练集）.xlsx|材料4|143,0,119523.7163,101676.025063,103746.621747,104876.655597
附件一（训练集）.xlsx|材料4|1430,1,24139.06361,20618.7496701,23276.1149666,24663.6910322
附件一（训练集）.xlsx|材料4|1431,3,44416.57848,42339.7454492,41190.635406,41060.548636
附件一（训练集）.xlsx|材料4|1432,0,59997.41477,55395.9876114,59896.6384044,61136.2454987
附件一（训练集）.xlsx|材料4|1433,0,79999.93629,75523.8116409,82577.2494909,86935.5639286
附件一（训练集）.xlsx|材料4|1434,1,107187.6893,105091.224667,107540.045902,107208.025586
附件一（训练集）.xlsx|材料4|1435,0,191943.1186,171350.41968,203900.38516,199828.373619
附件一（训练集）.xlsx|材料4|1436,0,259736.1244,232760.318617,272035.385584,264332.228545
附件一（训练集）.xlsx|材料4|1437,1,348064.0748,367054.643344,366148.597335,375883.17062
附件一（训练集）.xlsx|材料4|1438,1,466395.9993,443905.804031,443213.30832,448011.768123
附件一（训练集）.xlsx|材料4|1439,1,614527.4279,480520.728081,580993.778328,534422.7354
附件一（训练集）.xlsx|材料4|144,0,271896.1544,257932.795461,259532.730311,250719.210413
附件一（训练集）.xlsx|材料4|1440,3,16398.66514,11247.5342175,16525.0980362,16431.6274985
附件一（训练集）.xlsx|材料4|1441,0,139657.277,100208.878033,143933.087214,151988.121639
附件一（训练集）.xlsx|材料4|1442,1,8345.214152,5520.23724555,8595.7624299,8659.00847185
附件一（训练集）.xlsx|材料4|1443,1,14160.27245,9587.67317913,14298.002635,15255.2715828
附件一（训练集）.xlsx|材料4|1444,3,32596.45565,21769.5384657,26673.2084761,25418.6638091
附件一（训练集）.xlsx|材料4|1445,1,177295.3718,201537.924482,210199.535597,199253.312558
附件一（训练集）.xlsx|材料4|1446,1,314152.4255,353293.646957,345429.899435,351909.062968
附件一（训练集）.xlsx|材料4|1447,4,420280.023,383994.895338,434839.776646,408128.090163
附件一（训练集）.xlsx|材料4|1448,4,1797.738102,1878.91560155,1844.46696064,1940.45251162
附件一（训练集）.xlsx|材料4|1449,3,3818.017772,3318.12512484,3700.181778,3736.8690453
附件一（训练集）.xlsx|材料4|145,4,2606.000786,2340.79417972,2370.36698796,2414.4809578
附件一（训练集）.xlsx|材料4|1450,3,4999.59089,5084.89960612,4863.40691683,5509.98457135
附件一（训练集）.xlsx|材料4|1451,1,6462.028766,5954.49118662,5849.82524795,5825.2656838
附件一（训练集）.xlsx|材料4|1452,1,8387.670652,7671.50508069,8223.55844368,8054.43102429
附件一（训练集）.xlsx|材料4|1453,1,10719.1214,8825.67024446,10129.8785705,10342.2174441
附件一（训练集）.xlsx|材料4|1454,1,14056.48211,13250.157131,14797.7151828,15420.0340117
附件一（训练集）.xlsx|材料4|1455,1,23688.80742,18053.7374162,24931.5005589,25227.2406632
附件一（训练集）.xlsx|材料4|1456,3,31227.40619,26379.0464249,27972.3662791,28922.8633015
附件一（训练集）.xlsx|材料4|1457,3,41036.71204,34434.3914638,34209.7311353,33637.7413206
附件一（训练集）.xlsx|材料4|1458,2,53911.96234,51756.9597427,51931.4097289,52499.9452157
附件一（训练集）.xlsx|材料4|1459,2,71490.12992,62272.4511262,67673.2155537,67349.3044085
附件一（训练集）.xlsx|材料4|146,3,4624.752201,4275.55584079,4352.74968005,3855.30237643
附件一（训练集）.xlsx|材料4|1460,1,165273.0642,140997.429897,155186.548149,158654.180829
附件一（训练集）.xlsx|材料4|1461,1,218648.1961,219226.241073,226846.827634,236199.764232
附件一（训练集）.xlsx|材料4|1462,1,1804.979345,1959.37887326,1772.24878042,1748.94652685
附件一（训练集）.xlsx|材料4|1463,1,2311.406355,2312.13177905,2089.67683435,2118.37378188
附件一（训练集）.xlsx|材料4|1464,3,3014.136932,3001.19856788,2714.93883955,2756.56462185
附件一（训练集）.xlsx|材料4|1465,3,3803.554991,3368.65715585,3441.10718484,3221.16118524
附件一（训练集）.xlsx|材料4|1466,3,4937.115391,4127.71824465,4140.60217519,4051.04402828
附件一（训练集）.xlsx|材料4|1467,0,8231.78936,6747.93790612,7709.50139744,7365.39120155
附件一（训练集）.xlsx|材料4|1468,0,10431.85934,8233.16216792,10379.2410877,10206.2711404
附件一（训练集）.xlsx|材料4|1469,4,13617.98531,12531.7103993,12968.8758112,12235.135011
附件一（训练集）.xlsx|材料4|147,2,8750.603579,8636.03120736,8106.4966444,8254.87910316
附件一（训练集）.xlsx|材料4|1470,4,17674.37541,14737.4115693,15935.4235068,16420.907041
附件一（训练集）.xlsx|材料4|1471,1,39249.35384,36902.7977332,36880.1834008,35025.4428401
附件一（训练集）.xlsx|材料4|1472,1,50995.96324,49928.7230101,48719.3439595,46083.6547535
附件一（训练集）.xlsx|材料4|1473,1,67078.27752,67485.6694041,66156.8670964,62873.6075846
附件一（训练集）.xlsx|材料4|1474,2,152266.3374,158530.65315,158641.828487,169953.226039
附件一（训练集）.xlsx|材料4|1475,4,201265.6157,207459.701166,207646.931371,201235.865066
附件一（训练集）.xlsx|材料4|1476,3,2461.821977,2496.85325923,2403.96324568,2562.24242926
附件一（训练集）.xlsx|材料4|1477,1,4006.631801,3773.87186665,3400.5289436,3371.104882
附件一（训练集）.xlsx|材料4|1478,4,5151.97834,5210.87913866,5645.44635179,5402.810612
附件一（训练集）.xlsx|材料4|1479,4,6764.307954,5987.66694104,6705.90194178,6574.45470934
附件一（训练集）.xlsx|材料4|148,2,12022.14993,11158.2935778,10602.1600706,9799.10330158
附件一（训练集）.xlsx|材料4|1480,0,8699.48142,7705.32573839,8632.69632205,8431.52516727
附件一（训练集）.xlsx|材料4|1481,0,10844.9172,9647.01470228,10333.541417,9606.88022263
附件一（训练集）.xlsx|材料4|1482,4,14157.86725,14317.5009833,13765.028181,14166.3165522
附件一（训练集）.xlsx|材料4|1483,4,18183.08286,14664.1482026,17993.6140962,18509.3479467
附件一（训练集）.xlsx|材料4|1484,4,23449.22438,22420.7531769,24283.1232932,24558.4484991
附件一（训练集）.xlsx|材料4|1485,2,30830.09535,31861.3046611,31261.3578283,31670.4105839
附件一（训练集）.xlsx|材料4|1486,2,39829.24169,42524.6513208,35980.5769512,34876.0456893
附件一（训练集）.xlsx|材料4|1487,0,67096.73313,83174.8159483,76842.3732117,76696.3351519
附件一（训练集）.xlsx|材料4|1488,0,86818.92776,88880.8291264,83259.898701,83621.0607289
附件一（训练集）.xlsx|材料4|1489,0,114567.383,138539.161856,123929.805191,115776.732735
附件一（训练集）.xlsx|材料4|149,2,16506.76185,18276.0378788,14750.0819559,14598.2525989
附件一（训练集）.xlsx|材料4|1490,1,150615.1648,156958.060731,155479.753559,149701.793221
附件一（训练集）.xlsx|材料4|1491,1,198103.2343,230076.836659,226985.987026,235716.347594
附件一（训练集）.xlsx|材料4|1492,3,346466.6767,338623.613367,284695.080068,296331.098073
附件一（训练集）.xlsx|材料4|1493,3,3263.893353,3585.49081573,2974.87399611,3187.28736184
附件一（训练集）.xlsx|材料4|1494,3,4078.367142,3727.94370245,3725.91688699,4284.01188485
附件一（训练集）.xlsx|材料4|1495,1,6780.670572,7341.69440499,6671.77724882,6860.68150331
附件一（训练集）.xlsx|材料4|1496,4,8703.127398,7672.66619867,8725.81006646,8332.05692463
附件一（训练集）.xlsx|材料4|1497,4,11003.38865,9741.75252828,10958.237872,10748.4289301
附件一（训练集）.xlsx|材料4|1498,4,23140.84931,20641.9530261,20060.2022579,19492.0936433
附件一（训练集）.xlsx|材料4|1499,4,30100.41524,27380.1995583,31264.9800146,28957.2968663
附件一（训练集）.xlsx|材料4|15,0,12314.76721,13250.9441354,11282.7875486,11465.2584972
附件一（训练集）.xlsx|材料4|150,0,23231.55543,21398.9558967,21688.0827757,20880.834887
附件一（训练集）.xlsx|材料4|1500,2,38858.99631,33588.9070092,35659.9153299,36675.668678
附件一（训练集）.xlsx|材料4|1501,2,49857.5738,44294.9605901,41289.2902881,42674.9417992
附件一（训练集）.xlsx|材料4|1502,1,64717.71359,65033.8803511,58768.8103648,58930.88621
附件一（训练集）.xlsx|材料4|1503,1,83095.64987,87830.7884803,72500.5176792,79911.3458567
附件一（训练集）.xlsx|材料4|1504,0,108868.3821,105933.305558,102304.820384,101842.858396
附件一（训练集）.xlsx|材料4|1505,0,143349.8539,137990.890622,145062.674052,146120.227299
附件一（训练集）.xlsx|材料4|1506,3,4262.170503,3082.66727767,3821.65328767,3739.32114343
附件一（训练集）.xlsx|材料4|1507,3,5446.207096,4475.14325526,5226.00069593,5316.15989752
附件一（训练集）.xlsx|材料4|1508,1,7068.826903,4476.05444,6361.64436709,6704.15700622
附件一（训练集）.xlsx|材料4|1509,4,11271.32855,6715.24704667,10889.7594695,10584.2316877
附件一（训练集）.xlsx|材料4|151,0,30726.6807,30525.3601029,29602.5474948,29325.7085558
附件一（训练集）.xlsx|材料4|1510,4,14586.74744,9783.33865051,14566.7072831,13480.1715264
附件一（训练集）.xlsx|材料4|1511,0,18218.89511,8580.61248166,15202.198143,16019.3272221
附件一（训练集）.xlsx|材料4|1512,0,23435.16559,12472.5394293,25319.7342717,27401.7658407
附件一（训练集）.xlsx|材料4|1513,4,30490.26051,20043.5555014,30851.5149378,30515.0876375
附件一（训练集）.xlsx|材料4|1514,2,49993.36469,24219.5609912,54319.7276411,52175.138911
附件一（训练集）.xlsx|材料4|1515,2,64658.02379,56432.2428045,71408.8935716,70887.0990025
附件一（训练集）.xlsx|材料4|1516,1,82698.79676,66691.7232568,86479.5053552,89927.0908086
附件一（训练集）.xlsx|材料4|1517,1,107015.5123,104412.983208,111685.753966,116335.089652
附件一（训练集）.xlsx|材料4|1518,0,140392.0692,119161.571235,131804.111317,133148.202811
附件一（训练集）.xlsx|材料4|1519,0,181921.6638,173625.583188,193166.683462,192093.943003
附件一（训练集）.xlsx|材料4|152,2,56666.6202,57419.0446845,51736.6007566,51045.1684323
附件一（训练集）.xlsx|材料4|1520,1,237757.9808,225792.288281,255138.860346,242309.703742
附件一（训练集）.xlsx|材料4|1521,3,5661.037759,4676.48745136,5272.81704869,5235.23904258
附件一（训练集）.xlsx|材料4|1522,3,7303.073751,6462.49800064,7696.2701239,7837.90536348
附件一（训练集）.xlsx|材料4|1523,2,23729.88718,20655.8743553,25183.3146698,24139.4258739
附件一（训练集）.xlsx|材料4|1524,2,30545.09448,24062.748823,31224.3557077,30438.6166536
附件一（训练集）.xlsx|材料4|1525,1,50503.7171,41797.3482279,49171.8618633,48471.954149
附件一（训练集）.xlsx|材料4|1526,1,64585.75848,51795.6834239,64797.1788969,66753.5715306
附件一（训练集）.xlsx|材料4|1527,1,82339.53113,75225.6903796,72672.5913851,75391.9790883
附件一（训练集）.xlsx|材料4|1528,4,106469.8656,114462.019455,106829.956826,108626.92113
附件一（训练集）.xlsx|材料4|1529,4,137920.3212,148848.910959,141871.459209,140489.505336
附件一（训练集）.xlsx|材料4|153,1,77531.57586,84199.8550662,72883.2035465,65164.4218458
附件一（训练集）.xlsx|材料4|1530,3,178251.9276,169001.56047,173534.743281,168886.366536
附件一（训练集）.xlsx|材料4|1531,0,301336.8088,240142.633401,270438.605235,266647.829424
附件一（训练集）.xlsx|材料4|1532,4,9685.526546,8151.84041495,9845.66628049,9612.45368244
附件一（训练集）.xlsx|材料4|1533,2,12163.84777,10730.0875718,12368.7998404,11896.4043833
附件一（训练集）.xlsx|材料4|1534,2,15527.32961,16798.7630894,15963.6161653,15749.3103668
附件一（训练集）.xlsx|材料4|1535,4,19588.93257,14805.1066294,20070.2006627,19543.7958349
附件一（训练集）.xlsx|材料4|1536,2,31768.26732,36943.775187,34878.4001181,33956.7500333
附件一（训练集）.xlsx|材料4|1537,2,40456.4939,41877.0701126,40825.4645212,40765.0037664
附件一（训练集）.xlsx|材料4|1538,4,51781.56622,69967.7548197,58664.9904478,60251.5357855
附件一（训练集）.xlsx|材料4|1539,1,108764.8221,104089.484749,112427.473087,107472.253953
附件一（训练集）.xlsx|材料4|154,0,243093.4097,213059.928887,221053.78119,224770.524134
附件一（训练集）.xlsx|材料4|1540,0,234552.0601,229551.250882,234396.450204,230387.626543
附件一（训练集）.xlsx|材料4|1541,0,303236.8873,278950.084654,279534.674313,281693.187964
附件一（训练集）.xlsx|材料4|1542,4,10223.35033,7864.86282525,8901.76198808,9803.24219432
附件一（训练集）.xlsx|材料4|1543,4,12831.95637,10426.8482685,12389.1306793,12097.8442189
附件一（训练集）.xlsx|材料4|1544,2,20567.86623,17665.7440712,21017.6822663,22294.3162708
附件一（训练集）.xlsx|材料4|1545,4,33262.45076,30147.6328099,31078.7792532,30007.0384843
附件一（训练集）.xlsx|材料4|1546,2,42250.15831,37739.9190819,44972.7442871,46850.6581524
附件一（训练集）.xlsx|材料4|1547,4,69077.51183,70869.922552,71222.0158643,72042.728516
附件一（训练集）.xlsx|材料4|1548,1,144192.1098,164652.543823,143739.460286,137391.202039
附件一（训练集）.xlsx|材料4|1549,3,184027.5457,172892.025122,177396.982164,161971.558922
附件一（训练集）.xlsx|材料4|155,2,4156.570373,3859.68222234,4028.79910717,4122.19308757
附件一（训练集）.xlsx|材料4|1550,3,237853.3992,235878.962532,234629.205175,218417.675491
附件一（训练集）.xlsx|材料4|1551,0,307102.2303,303571.724814,273043.815261,284008.800023
附件一（训练集）.xlsx|材料4|1552,1,13304.0681,12685.8990108,12610.102611,12401.3661881
附件一（训练集）.xlsx|材料4|1553,2,17058.61797,16863.2705419,18935.1424791,19685.4730146
附件一（训练集）.xlsx|材料4|1554,2,21283.79159,20699.4621143,20428.3845288,19890.8788672
附件一（训练集）.xlsx|材料4|1555,2,26709.86275,21508.7062496,24828.5608052,26329.356706
附件一（训练集）.xlsx|材料4|1556,1,34279.75129,31969.0673908,35105.8839595,33620.6300688
附件一（训练集）.xlsx|材料4|1557,4,55299.37497,56435.3438969,59635.288333,59765.3343818
附件一（训练集）.xlsx|材料4|1558,4,70360.41745,82783.3252223,64759.9520181,67821.1941937
附件一（训练集）.xlsx|材料4|1559,1,145943.9625,167451.351984,155143.270862,153873.512806
附件一（训练集）.xlsx|材料4|156,3,7740.407464,8251.90036229,8603.97703052,9078.58151092
附件一（训练集）.xlsx|材料4|1560,1,185814.9594,182181.702394,199603.738816,189214.952617
附件一（训练集）.xlsx|材料4|1561,4,238673.9671,242660.277709,223923.588801,215596.367578
附件一（训练集）.xlsx|材料4|1562,4,307012.6752,296200.647155,286402.529126,278418.477503
附件一（训练集）.xlsx|材料4|1563,1,17236.29135,17157.6538769,16224.0512624,15328.6133177
附件一（训练集）.xlsx|材料4|1564,1,21616.60513,18810.0336993,20805.896895,19244.6896999
附件一（训练集）.xlsx|材料4|1565,2,35091.52651,34627.0604244,33276.3630054,34237.010658
附件一（训练集）.xlsx|材料4|1566,1,44481.56616,41028.2108265,42798.9355035,41649.0710656
附件一（训练集）.xlsx|材料4|1567,1,56335.7915,50919.4199354,50527.8145058,48224.4800389
附件一（训练集）.xlsx|材料4|1568,4,71765.24529,73938.6402788,65439.673914,70114.605928
附件一（训练集）.xlsx|材料4|1569,4,90437.12447,91765.0468423,88146.1044128,89216.2289855
附件一（训练集）.xlsx|材料4|157,2,36672.12798,37651.4107089,36439.1693896,38403.9707178
附件一（训练集）.xlsx|材料4|1570,1,186920.0732,188434.95683,179581.282263,184849.521186
附件一（训练集）.xlsx|材料4|1571,4,305876.7338,304891.508734,272132.558437,270907.103893
附件一（训练集）.xlsx|材料4|1572,2,29292.56535,25558.4160572,26520.5505386,26995.3974127
附件一（训练集）.xlsx|材料4|1573,2,37370.12566,37471.4263994,33675.9130742,32383.6529098
附件一（训练集）.xlsx|材料4|1574,1,47319.07444,47090.095589,45054.839593,45344.1761535
附件一（训练集）.xlsx|材料4|1575,1,59730.26822,57445.1236987,59162.1374522,55942.1744024
附件一（训练集）.xlsx|材料4|1576,4,75965.30829,84267.0146821,76148.9497531,76335.6108898
附件一（训练集）.xlsx|材料4|1577,4,95679.6978,99538.3942618,86125.1702269,86483.7477463
附件一（训练集）.xlsx|材料4|1578,1,155641.4196,150913.923242,152668.085155,150974.984701
附件一（训练集）.xlsx|材料4|1579,4,37747.62972,38725.2551838,37154.954939,39140.1524853
附件一（训练集）.xlsx|材料4|158,3,50077.14119,55285.2116467,45744.6536991,46035.3293737
附件一（训练集）.xlsx|材料4|1580,1,47412.19053,46411.5737757,50203.014883,50026.1528154
附件一（训练集）.xlsx|材料4|1581,4,75929.46569,66155.980283,68780.2254403,65033.8458604
附件一（训练集）.xlsx|材料4|1582,4,95669.06006,90063.8212662,89437.8740683,89624.8570022
附件一（训练集）.xlsx|材料4|1583,1,154576.5304,139367.94458,140768.308036,145783.048392
附件一（训练集）.xlsx|材料4|1584,0,247212.3839,264684.300487,240872.883855,234218.115679
附件一（训练集）.xlsx|材料4|1585,2,314428.8316,323340.280445,307314.367343,312453.618203
附件一（训练集）.xlsx|材料4|1586,0,3592.526401,3680.10835764,3482.67900232,3734.60219761
附件一（训练集）.xlsx|材料4|1587,3,4719.974384,5721.43058869,4499.41835263,4455.61028954
附件一（训练集）.xlsx|材料4|1588,3,6460.061069,7284.90076243,6077.74099029,6181.60967733
附件一（训练集）.xlsx|材料4|1589,2,8892.354886,9493.21749164,8384.64308948,8797.99534329
附件一（训练集）.xlsx|材料4|159,1,92180.85462,87721.7900832,90224.640437,83169.6932504
附件一（训练集）.xlsx|材料4|1590,0,21241.5484,23652.2609188,21007.9720696,20932.4721992
附件一（训练集）.xlsx|材料4|1591,2,39523.66224,44990.1051608,44009.5556039,42783.1237357
附件一（训练集）.xlsx|材料4|1592,1,53603.20202,57181.6837193,49346.1121574,46119.4629262
附件一（训练集）.xlsx|材料4|1593,1,72051.24979,82272.5168917,73963.4003465,72219.4950449
附件一（训练集）.xlsx|材料4|1594,2,132451.8288,153986.132809,136634.5789,138575.964054
附件一（训练集）.xlsx|材料4|1595,1,181233.2908,201746.521672,190739.683758,181540.050235
附件一（训练集）.xlsx|材料4|1596,1,246688.9084,297311.622222,262824.383019,262988.518641
附件一（训练集）.xlsx|材料4|1597,3,334980.5989,359676.733634,312968.115071,328749.012843
附件一（训练集）.xlsx|材料4|1598,0,585485.7517,597514.2337,565324.016547,585678.391744
附件一（训练集）.xlsx|材料4|1599,0,2025.46075,2376.06491138,1903.2374373,2029.50657178
附件一（训练集）.xlsx|材料4|16,1,16283.28276,17983.0048735,17962.4479087,19487.5090934
附件一（训练集）.xlsx|材料4|160,1,163017.4754,142488.890868,143419.346281,139890.089569
附件一（训练集）.xlsx|材料4|1600,0,2706.326476,3634.90588918,2504.65282165,2699.53379205
附件一（训练集）.xlsx|材料4|1601,3,6665.065436,7173.660525,6905.98229946,6643.52133719
附件一（训练集）.xlsx|材料4|1602,1,11842.64229,11887.8109242,11421.3104112,11464.5378998
附件一（训练集）.xlsx|材料4|1603,1,15934.82665,14761.7023841,16884.9818156,15951.0653521
附件一（训练集）.xlsx|材料4|1604,3,21867.59876,23150.6918001,21834.3944758,20513.1704886
附件一（训练集）.xlsx|材料4|1605,3,29787.54339,32694.4302787,31276.3402346,30625.2333622
附件一（训练集）.xlsx|材料4|1606,0,40117.61827,41409.6181745,37696.8249421,35309.7902219
附件一（训练集）.xlsx|材料4|1607,1,73008.6614,76396.0033517,76072.7072393,74530.3728842
附件一（训练集）.xlsx|材料4|1608,1,98146.9893,106209.759532,102588.125367,103424.434217
附件一（训练集）.xlsx|材料4|1609,0,184245.9825,187547.064526,198807.642698,191376.955133
附件一（训练集）.xlsx|材料4|161,1,219196.5696,186391.868199,198082.976329,191104.834429
附件一（训练集）.xlsx|材料4|1610,1,453332.0485,448376.452654,430781.583851,451730.908817
附件一（训练集）.xlsx|材料4|1611,1,585203.7281,602796.688753,580701.44495,583696.457766
附件一（训练集）.xlsx|材料4|1612,2,791642.4573,750891.023518,797288.671676,787101.930543
附件一（训练集）.xlsx|材料4|1613,4,2373.1166,3182.88093264,2512.65575595,2548.11120019
附件一（训练集）.xlsx|材料4|1614,0,3124.723913,3378.34620195,3164.67731863,2935.77972549
附件一（训练集）.xlsx|材料4|1615,2,5804.041079,5655.80849779,6017.50657731,5991.64113714
附件一（训练集）.xlsx|材料4|1616,0,7768.304668,7942.40333831,7799.78751167,7686.27231871
附件一（训练集）.xlsx|材料4|1617,3,10265.39638,10161.9928892,10038.2386684,9827.90832641
附件一（训练集）.xlsx|材料4|1618,1,13828.08025,14704.4105765,13336.7023343,13424.4373518
附件一（训练集）.xlsx|材料4|1619,4,25891.76299,24669.8155836,24180.0490142,25034.5580077
附件一（训练集）.xlsx|材料4|162,3,4056.323866,4343.97198659,4086.20784485,4128.56160022
附件一（训练集）.xlsx|材料4|1620,3,34751.40268,34318.2534393,34278.5593019,32467.0458175
附件一（训练集）.xlsx|材料4|1621,0,63403.1489,69815.4117101,57606.9476517,60084.6229318
附件一（训练集）.xlsx|材料4|1622,1,117122.0511,125014.740561,115878.248228,115073.869977
附件一（训练集）.xlsx|材料4|1623,0,218299.9017,222389.24033,228533.001236,225864.915623
附件一（训练集）.xlsx|材料4|1624,1,292611.3965,307921.382071,287417.054575,280870.729053
附件一（训练集）.xlsx|材料4|1625,1,397871.9339,402288.766849,404587.89058,383628.807353
附件一（训练集）.xlsx|材料4|1626,0,522536.2233,509871.508229,550550.196785,533024.976862
附件一（训练集）.xlsx|材料4|1627,0,694959.8683,704294.005597,696520.675664,694597.724176
附件一（训练集）.xlsx|材料4|1628,2,926351.2313,934023.501179,937065.955644,923751.767332
附件一（训练集）.xlsx|材料4|1629,2,1556.053865,1925.17197065,1878.85162931,1811.95970954
附件一（训练集）.xlsx|材料4|163,3,3956.614345,3797.58289256,3968.91242879,3953.2015609
附件一（训练集）.xlsx|材料4|1630,2,2111.789581,2436.86355467,2664.08459344,2576.3920206
附件一（训练集）.xlsx|材料4|1631,4,2764.496655,3302.56333702,2687.49361764,2573.09513482
附件一（训练集）.xlsx|材料4|1632,4,3776.642206,4173.61995357,4281.12005093,4079.0224108
附件一（训练集）.xlsx|材料4|1633,0,8987.169968,9540.51243568,9694.65477177,9195.96785288
附件一（训练集）.xlsx|材料4|1634,0,12126.51134,12705.9359689,12859.8446177,12247.7467906
附件一（训练集）.xlsx|材料4|1635,0,16784.22181,17328.2958124,16759.2898282,17318.8357813
附件一（训练集）.xlsx|材料4|1636,4,30545.38271,29036.1239681,30633.1453586,31415.6280887
附件一（训练集）.xlsx|材料4|1637,4,41168.70384,42976.529069,45013.9429413,44381.3813733
附件一（训练集）.xlsx|材料4|1638,0,55172.42528,54633.4085972,55841.3682025,56132.9812456
附件一（训练集）.xlsx|材料4|1639,1,102367.0744,101347.410618,94289.4851058,93304.7719189
附件一（训练集）.xlsx|材料4|164,2,5123.22227,5330.16091024,5324.07175367,5099.8321002
附件一（训练集）.xlsx|材料4|1640,1,190157.8551,194315.754139,183180.027646,183466.703909
附件一（训练集）.xlsx|材料4|1641,1,254166.3312,270430.606584,235509.997225,238193.446252
附件一（训练集）.xlsx|材料4|1642,1,456817.3683,452064.987652,473830.603964,493424.681083
附件一（训练集）.xlsx|材料4|1643,0,620941.6235,632501.083507,608606.108587,613374.265762
附件一（训练集）.xlsx|材料4|1644,0,814675.4683,823438.43766,781606.76147,823262.23961
附件一（训练集）.xlsx|材料4|1645,2,1093304.082,997551.296003,1060928.29475,1096872.68855
附件一（训练集）.xlsx|材料4|1646,2,2391.273031,2678.32920658,2639.08020836,2533.43672159
附件一（训练集）.xlsx|材料4|1647,4,3298.087889,4003.614225,3073.45149599,3188.41001972
附件一（训练集）.xlsx|材料4|1648,4,4468.874449,4479.06266162,4731.8464439,4730.80460385
附件一（训练集）.xlsx|材料4|1649,1,7793.838454,7255.60544014,7565.39482626,7420.16938456
附件一（训练集）.xlsx|材料4|165,2,18087.86142,20617.6890877,18610.9409137,19195.0389754
附件一（训练集）.xlsx|材料4|1650,0,10584.73214,10543.4059922,11032.9973061,10236.421559
附件一（训练集）.xlsx|材料4|1651,0,19621.67113,18741.4515145,19538.0877467,18026.1572263
附件一（训练集）.xlsx|材料4|1652,0,26569.44168,26797.4613355,29222.7326095,27426.9782523
附件一（训练集）.xlsx|材料4|1653,0,64947.93464,64138.1386145,65434.8851241,62751.6580262
附件一（训练集）.xlsx|材料4|1654,0,88989.48472,97135.6647943,94163.8228079,91433.3258814
附件一（训练集）.xlsx|材料4|1655,1,120467.2414,124055.831039,115835.152816,120326.327308
附件一（训练集）.xlsx|材料4|1656,1,164605.576,164759.234859,168856.225352,175211.132689
附件一（训练集）.xlsx|材料4|1657,1,220707.6608,221139.14687,213047.88949,216769.125093
附件一（训练集）.xlsx|材料4|1658,1,301168.0686,317730.24084,311950.029525,309296.699711
附件一（训练集）.xlsx|材料4|1659,1,398655.7995,378049.799293,374938.672793,389217.811306
附件一（训练集）.xlsx|材料4|166,2,24122.70595,24115.4684136,22761.8100648,24391.2486273
附件一（训练集）.xlsx|材料4|1660,1,543060.4828,523172.102254,515230.145413,503757.418249
附件一（训练集）.xlsx|材料4|1661,0,728009.8691,738716.537984,705178.184812,706971.95551
附件一（训练集）.xlsx|材料4|1662,0,963035.3156,995278.838251,1008193.34802,1005241.30844
附件一（训练集）.xlsx|材料4|1663,2,1291236.142,1229728.89832,1231089.17011,1243281.05369
附件一（训练集）.xlsx|材料4|1664,3,1834.805441,2179.65782757,1853.01545579,2044.60362804
附件一（训练集）.xlsx|材料4|1665,1,3161.230952,3461.62539709,3053.23540626,3315.59063796
附件一（训练集）.xlsx|材料4|1666,1,4296.025545,4139.26008092,3990.23876528,3872.96232464
附件一（训练集）.xlsx|材料4|1667,3,13480.87104,13848.4826465,12769.1270241,12258.7076084
附件一（训练集）.xlsx|材料4|1668,3,18082.97198,17910.7629246,15826.8291822,14984.9754524
附件一（训练集）.xlsx|材料4|1669,2,32524.66706,40833.2809162,33912.487372,32615.5395432
附件一（训练集）.xlsx|材料4|167,2,44903.03302,44794.6843379,44680.4780229,46598.1380305
附件一（训练集）.xlsx|材料4|1670,1,58680.17032,63060.8609687,56708.1101909,58827.9997423
附件一（训练集）.xlsx|材料4|1671,1,80183.48184,80906.9804519,74218.4827928,77879.3576017
附件一（训练集）.xlsx|材料4|1672,1,4224.751974,3716.3160994,4615.99037356,4946.38596599
附件一（训练集）.xlsx|材料4|1673,1,5753.439806,4778.92470299,6181.61453977,6137.34235561
附件一（训练集）.xlsx|材料4|1674,0,10357.41357,8039.22424625,10362.2585632,10894.8772124
附件一（训练集）.xlsx|材料4|1675,3,34639.25997,28834.9869614,37638.3327798,33029.0534004
附件一（训练集）.xlsx|材料4|1676,3,66349.56191,49822.7381342,65374.3962248,71039.170319
附件一（训练集）.xlsx|材料4|1677,3,88907.4786,73171.6720129,89008.6475407,90534.5261101
附件一（训练集）.xlsx|材料4|1678,4,165753.1082,152242.833575,162666.585249,160497.575897
附件一（训练集）.xlsx|材料4|1679,4,226158.0559,188052.602298,218474.556008,233709.94117
附件一（训练集）.xlsx|材料4|168,3,146425.2775,147025.601412,150964.397146,147557.223059
附件一（训练集）.xlsx|材料4|1680,4,308101.6357,284281.85764,315330.480807,287306.500069
附件一（训练集）.xlsx|材料4|1681,0,540639.5648,463234.769576,531572.678396,534453.338933
附件一（训练集）.xlsx|材料4|1682,0,720291.7791,567508.707141,659974.931675,679522.144404
附件一（训练集）.xlsx|材料4|1683,1,1067.534274,1129.67528201,1377.52455007,1322.42934777
附件一（训练集）.xlsx|材料4|1684,1,1365.58108,1538.7952829,1736.4644643,1683.80596158
附件一（训练集）.xlsx|材料4|1685,1,1802.06791,1700.14782004,1957.08037172,1850.34770523
附件一（训练集）.xlsx|材料4|1686,1,2270.261724,2334.6003427,2408.95963624,2451.72652363
附件一（训练集）.xlsx|材料4|1687,4,3015.875335,2612.41877917,2879.44054345,2843.78669007
附件一（训练集）.xlsx|材料4|1688,4,3864.428,2897.73838414,3999.42211396,3790.98558537
附件一（训练集）.xlsx|材料4|1689,1,5190.059547,4264.44291203,4906.61815981,5084.47165704
附件一（训练集）.xlsx|材料4|169,1,199796.1429,188966.529406,178996.724201,184778.619791
附件一（训练集）.xlsx|材料4|1690,0,6855.163285,5673.59572272,7258.991664,7603.45063929
附件一（训练集）.xlsx|材料4|1691,0,9157.06518,6819.70127306,8199.35109204,9034.04813713
附件一（训练集）.xlsx|材料4|1692,0,11719.1397,9775.80999486,10355.6320808,11677.7904143
附件一（训练集）.xlsx|材料4|1693,2,21412.17295,15719.8874071,19221.9493722,19209.0638637
附件一（训练集）.xlsx|材料4|1694,0,39002.42527,33236.5154789,40200.3669965,43351.4417501
附件一（训练集）.xlsx|材料4|1695,0,53049.5282,50099.7770094,51387.6196821,53924.5905564
附件一（训练集）.xlsx|材料4|1696,0,70746.5526,68929.4125526,71960.8797059,81212.9968351
附件一（训练集）.xlsx|材料4|1697,3,97382.24512,101188.138345,105223.867418,99331.9490463
附件一（训练集）.xlsx|材料4|1698,3,129874.417,127863.498994,138362.661417,137010.643402
附件一（训练集）.xlsx|材料4|1699,2,329553.808,348566.395326,332866.747126,344404.737105
附件一（训练集）.xlsx|材料4|17,1,21517.79544,21575.0860085,22451.461279,24417.9193114
附件一（训练集）.xlsx|材料4|170,2,5285.696708,6135.79761155,5343.93390586,5454.76248186
附件一（训练集）.xlsx|材料4|1700,2,444724.5021,447406.859695,455446.12176,439180.112767
附件一（训练集）.xlsx|材料4|1701,1,221020.2067,173184.544826,215628.312609,199259.432682
附件一（训练集）.xlsx|材料4|1702,0,1944.120555,1946.68405853,1917.544778,1920.74106134
附件一（训练集）.xlsx|材料4|1703,0,3188.789737,3124.22620688,2694.11087013,2609.12451827
附件一（训练集）.xlsx|材料4|1704,1,6605.185899,5430.46555052,5869.79278815,5640.27284052
附件一（训练集）.xlsx|材料4|1705,2,10804.29274,7919.03900836,10811.6579291,10292.1411493
附件一（训练集）.xlsx|材料4|1706,3,18029.84533,12463.7898875,16623.734809,16746.4466408
附件一（训练集）.xlsx|材料4|1707,3,30598.032,23600.862715,25692.787373,26860.2832944
附件一（训练集）.xlsx|材料4|1708,3,39798.58447,34973.7851388,34539.4899455,35370.9704124
附件一（训练集）.xlsx|材料4|1709,4,51822.93855,51652.6348707,48806.0926362,50852.7829869
附件一（训练集）.xlsx|材料4|171,3,4927.295924,5529.26642634,5132.36417271,5579.58270293
附件一（训练集）.xlsx|材料4|1710,4,68227.98332,70230.8569012,67249.9444158,70715.8005398
附件一（训练集）.xlsx|材料4|1711,1,89053.67126,81741.3499983,78662.086816,81327.070402
附件一（训练集）.xlsx|材料4|1712,1,117124.8454,110668.954539,109797.187616,112881.225593
附件一（训练集）.xlsx|材料4|1713,4,156311.3986,139090.243415,155458.455898,149268.932963
附件一（训练集）.xlsx|材料4|1714,4,207465.1496,212417.556711,223526.539065,228191.830622
附件一（训练集）.xlsx|材料4|1715,1,275025.8607,235662.612851,247138.475743,257057.469622
附件一（训练集）.xlsx|材料4|1716,1,1985.508909,2039.00166706,1709.32323702,1779.82677931
附件一（训练集）.xlsx|材料4|1717,4,4065.596143,3387.6187097,4462.21605265,4326.75776334
附件一（训练集）.xlsx|材料4|1718,2,5244.976821,4135.76514943,5461.60333625,5453.58157742
附件一（训练集）.xlsx|材料4|1719,1,10811.53135,9023.50944168,11575.5506643,11429.9757556
附件一（训练集）.xlsx|材料4|172,2,6575.801225,6870.11210705,7361.6525373,7580.42444149
附件一（训练集）.xlsx|材料4|1720,0,14082.0996,12374.2236755,15079.1817335,15370.4353298
附件一（训练集）.xlsx|材料4|1721,1,23065.18029,19387.1119704,23870.9113467,23926.0307662
附件一（训练集）.xlsx|材料4|1722,1,30024.56939,24638.6611355,29559.7710786,29038.0637422
附件一（训练集）.xlsx|材料4|1723,2,38598.47111,33438.2962804,35102.9979309,38403.7537448
附件一（训练集）.xlsx|材料4|1724,1,65504.26348,61930.5254434,67231.7192755,63051.0648801
附件一（训练集）.xlsx|材料4|1725,1,84107.04473,72115.3390584,78621.7147493,74927.1597593
附件一（训练集）.xlsx|材料4|1726,1,111008.6868,107691.214698,114124.930291,99285.7319165
附件一（训练集）.xlsx|材料4|1727,1,146997.5915,129465.117625,148358.564245,140627.207679
附件一（训练集）.xlsx|材料4|1728,2,338085.1165,307865.081485,301460.769642,308009.172332
附件一（训练集）.xlsx|材料4|1729,3,2654.443394,2680.52278647,2284.85828778,2629.31343666
附件一（训练集）.xlsx|材料4|173,2,8635.369559,9845.79669397,9350.12164077,9860.47382477
附件一（训练集）.xlsx|材料4|1730,1,4319.626222,3841.82989012,3966.43455125,4017.37896524
附件一（训练集）.xlsx|材料4|1731,1,5567.262308,5210.4460501,5018.19242404,5108.6743157
附件一（训练集）.xlsx|材料4|1732,1,7215.311004,5782.80550717,6703.17150918,6557.26259288
附件一（训练集）.xlsx|材料4|1733,1,9145.054522,8290.30632404,9122.60990483,8973.59977643
附件一（训练集）.xlsx|材料4|1734,4,18654.75416,17203.7314858,17341.6432439,18757.7007581
附件一（训练集）.xlsx|材料4|1735,4,31195.24301,31622.9491691,30968.1103659,31417.0705293
附件一（训练集）.xlsx|材料4|1736,4,40013.60949,48336.9178229,39432.4994461,38029.183123
附件一（训练集）.xlsx|材料4|1737,4,51214.27103,53832.6372111,50795.0184927,47583.4938902
附件一（训练集）.xlsx|材料4|1738,1,111816.8695,140131.612606,112950.322983,108116.375202
附件一（训练集）.xlsx|材料4|1739,2,147437.3173,146687.907263,158349.153826,156915.823805
附件一（训练集）.xlsx|材料4|174,2,16405.62203,15831.4304017,18095.2378071,19072.7793011
附件一（训练集）.xlsx|材料4|1740,4,252769.8964,249616.730767,265096.386902,255426.6691
附件一（训练集）.xlsx|材料4|1741,3,3543.954845,3759.27784607,3140.65994079,3307.03946364
附件一（训练集）.xlsx|材料4|1742,3,4380.829851,3924.14328213,4307.30132476,4561.14601862
附件一（训练集）.xlsx|材料4|1743,1,5655.440443,4860.6100146,4634.77287814,4795.71601768
附件一（训练集）.xlsx|材料4|1744,1,7291.505525,7176.62334489,6637.58359894,6680.36008837
附件一（训练集）.xlsx|材料4|1745,1,9177.971845,7707.75790832,8868.39736409,8696.97119181
附件一（训练集）.xlsx|材料4|1746,1,11536.91652,10784.0429026,11519.7842526,11572.5282661
附件一（训练集）.xlsx|材料4|1747,1,14582.43871,12486.2039838,15538.8925401,16032.1595533
附件一（训练集）.xlsx|材料4|1748,1,18479.69699,15570.937147,17144.8813806,17321.0238665
附件一（训练集）.xlsx|材料4|1749,4,23878.34228,22097.9648356,22048.2745516,22198.2615293
附件一（训练集）.xlsx|材料4|175,2,29310.69303,28641.0727027,31264.3096133,32140.7844086
附件一（训练集）.xlsx|材料4|1750,4,30753.07848,29432.0121488,31284.1590258,29171.4426019
附件一（训练集）.xlsx|材料4|1751,4,39334.66037,38753.3074794,37922.1244035,37421.8667312
附件一（训练集）.xlsx|材料4|1752,4,65028.88805,71554.1676729,66510.6906356,63775.8421698
附件一（训练集）.xlsx|材料4|1753,4,82288.22962,85842.278262,86695.0963442,80103.3921145
附件一（训练集）.xlsx|材料4|1754,1,107380.7053,104966.735636,102925.555288,99755.9618767
附件一（训练集）.xlsx|材料4|1755,1,140749.7266,165423.865039,144146.967988,136132.488118
附件一（训练集）.xlsx|材料4|1756,2,238225.3599,239844.48316,217628.769169,214053.35109
附件一（训练集）.xlsx|材料4|1757,3,5831.533128,4769.22355678,5182.47516756,5670.8107611
附件一（训练集）.xlsx|材料4|1758,1,7522.007085,4916.87225365,6630.5099862,7128.09596294
附件一（训练集）.xlsx|材料4|1759,1,11910.45284,6840.51535753,11368.55045,11670.8144824
附件一（训练集）.xlsx|材料4|176,2,39770.13086,45789.1983326,44200.9435921,43501.6840658
附件一（训练集）.xlsx|材料4|1760,1,18993.18831,11414.2423305,21137.9980315,20859.8023212
附件一（训练集）.xlsx|材料4|1761,1,24489.45671,13057.3284041,23619.1307122,23110.2901167
附件一（训练集）.xlsx|材料4|1762,4,31507.96046,18652.5253122,31001.2052453,30148.8574683
附件一（训练集）.xlsx|材料4|1763,4,40148.41863,23596.4739692,41072.0446044,38243.4765662
附件一（训练集）.xlsx|材料4|1764,4,50906.45176,42268.6665932,57071.2906412,53364.234356
附件一（训练集）.xlsx|材料4|1765,4,82812.9632,77839.4856101,86005.82729,85250.14075
附件一（训练集）.xlsx|材料4|1766,4,107262.7787,88524.3909206,116125.108811,108038.967986
附件一（训练集）.xlsx|材料4|1767,1,139275.4815,93231.7398945,138665.327097,139445.717813
附件一（训练集）.xlsx|材料4|1768,1,179735.304,190510.882786,191560.747248,186122.747767
附件一（训练集）.xlsx|材料4|1769,2,234312.5614,179720.696325,255455.443081,257322.053093
附件一（训练集）.xlsx|材料4|177,2,54353.1503,55303.0065221,62935.4475547,63956.5285195
附件一（训练集）.xlsx|材料4|1770,2,305303.1651,218179.154226,288266.265823,281882.499632
附件一（训练集）.xlsx|材料4|1771,2,6062.54874,6317.39344415,5963.7256305,5735.29728342
附件一（训练集）.xlsx|材料4|1772,2,7747.758254,7745.80896188,7409.2990821,7441.15850738
附件一（训练集）.xlsx|材料4|1773,3,9782.565295,8094.91745797,10034.797705,10131.032993
附件一（训练集）.xlsx|材料4|1774,3,12301.68711,11169.8710068,12665.5451896,12954.800968
附件一（训练集）.xlsx|材料4|1775,3,15772.36797,15021.906778,18570.2968457,17424.4558111
附件一（训练集）.xlsx|材料4|1776,3,19672.92241,14830.6538274,19003.2320052,18213.957263
附件一（训练集）.xlsx|材料4|1777,3,24736.26493,21286.3360638,25423.2477071,25395.2501645
附件一（训练集）.xlsx|材料4|1778,1,40552.85556,39247.617703,42302.8994637,43198.7624212
附件一（训练集）.xlsx|材料4|1779,1,51406.10112,45346.3855754,48994.199267,48550.8206119
附件一（训练集）.xlsx|材料4|178,2,73446.31274,77343.2822493,79224.62802,79725.7324788
附件一（训练集）.xlsx|材料4|1780,0,65773.3559,51887.9669653,71504.1886573,68742.4509745
附件一（训练集）.xlsx|材料4|1781,0,83368.27277,63800.3091224,85408.8195647,86555.0482843
附件一（训练集）.xlsx|材料4|1782,1,107055.3214,109647.887572,115678.718762,115576.679141
附件一（训练集）.xlsx|材料4|1783,1,137860.5078,140282.852528,143211.90053,142333.63938
附件一（训练集）.xlsx|材料4|1784,0,178029.1122,172260.707449,167607.421545,169238.755685
附件一（训练集）.xlsx|材料4|1785,0,229741.2044,212820.005302,248652.185404,237313.529074
附件一（训练集）.xlsx|材料4|1786,0,297104.0849,235738.688961,272237.335852,260456.471614
附件一（训练集）.xlsx|材料4|1787,0,8179.291593,7783.57423435,8095.70412404,8151.52250392
附件一（训练集）.xlsx|材料4|1788,0,10320.28429,12165.7218677,9570.4112241,9431.90727885
附件一（训练集）.xlsx|材料4|1789,3,16538.39718,14880.8267987,15047.1182913,15401.3020509
附件一（训练集）.xlsx|材料4|179,2,6753.258447,7081.21122593,6628.70658314,7520.36131825
附件一（训练集）.xlsx|材料4|1790,4,20300.78267,16816.5072008,22380.6776921,20122.4542738
附件一（训练集）.xlsx|材料4|1791,3,33174.53395,40222.2031142,32802.5144758,32651.7227817
附件一（训练集）.xlsx|材料4|1792,3,42114.53689,45564.6404415,39236.7839341,39995.6448081
附件一（训练集）.xlsx|材料4|1793,0,53356.01725,50361.0109494,62718.0230476,64319.7054104
附件一（训练集）.xlsx|材料4|1794,0,68321.56497,57894.2284415,65865.4556162,67737.5143486
附件一（训练集）.xlsx|材料4|1795,3,86042.38039,105789.170044,93548.2998632,90560.6185165
附件一（训练集）.xlsx|材料4|1796,4,181969.2841,168894.352372,196335.645342,189859.395377
附件一（训练集）.xlsx|材料4|1797,3,301602.6017,333093.330906,292666.462763,282506.762428
附件一（训练集）.xlsx|材料4|1798,0,10790.09894,10727.081394,12186.5480032,12061.3585654
附件一（训练集）.xlsx|材料4|1799,3,13605.29477,12471.1369706,13638.9551484,13814.759841
附件一（训练集）.xlsx|材料4|18,4,28651.93991,32037.1159827,32020.2012333,30466.2018387
附件一（训练集）.xlsx|材料4|180,2,8365.005888,7851.31225267,9008.55432513,9399.64583097
附件一（训练集）.xlsx|材料4|1800,3,21292.68678,20117.2861791,20383.3350347,19990.0155978
附件一（训练集）.xlsx|材料4|1801,4,27115.71785,23188.7159429,27108.3019184,25699.7538716
附件一（训练集）.xlsx|材料4|1802,0,71033.85269,70423.5403521,79093.7404603,76200.3229976
附件一（训练集）.xlsx|材料4|1803,4,186350.7974,184672.174422,200709.550167,194017.791442
附件一（训练集）.xlsx|材料4|1804,3,306778.6988,274307.70384,313545.596728,293973.170458
附件一（训练集）.xlsx|材料4|1805,3,17548.57526,13043.0972147,17007.9760202,19004.456765
附件一（训练集）.xlsx|材料4|1806,3,21974.02894,15833.1203851,21810.6250926,22335.5811332
附件一（训练集）.xlsx|材料4|1807,3,27986.25728,28549.2650181,28093.6189758,28398.450788
附件一（训练集）.xlsx|材料4|1808,3,35769.10856,40539.2992989,42628.5301712,41410.4740612
附件一（训练集）.xlsx|材料4|1809,3,45094.40325,43283.3908045,45700.8503701,46885.0122648
附件一（训练集）.xlsx|材料4|181,2,10909.61126,11996.2282081,11487.4001217,11496.6642416
附件一（训练集）.xlsx|材料4|1810,2,56960.66258,52325.7790341,52978.1082546,52772.186933
附件一（训练集）.xlsx|材料4|1811,3,91388.96959,74469.8643462,94402.9624195,97023.4188327
附件一（训练集）.xlsx|材料4|1812,3,148678.5351,117500.400118,144399.322747,142218.031751
附件一（训练集）.xlsx|材料4|1813,4,241177.0083,241880.612275,223002.480078,213877.091977
附件一（训练集）.xlsx|材料4|1814,4,308492.3632,295205.269292,283245.992473,275633.1858
附件一（训练集）.xlsx|材料4|1815,1,18062.04061,19239.4284757,20832.7158192,19808.4320086
附件一（训练集）.xlsx|材料4|1816,1,22649.08263,21078.8961007,21708.0847003,19371.8607754
附件一（训练集）.xlsx|材料4|1817,2,74004.25136,80160.8981844,74360.5032601,73978.0637489
附件一（训练集）.xlsx|材料4|1818,2,92830.24108,86476.0748873,83559.2515922,82169.2493955
附件一（训练集）.xlsx|材料4|1819,3,149785.8697,151287.43772,147132.888686,141876.848856
附件一（训练集）.xlsx|材料4|182,2,26965.31595,28312.5932055,27918.6787992,27827.7773508
附件一（训练集）.xlsx|材料4|1820,3,190038.3105,182403.809808,186689.894651,190147.051148
附件一（训练集）.xlsx|材料4|1821,3,242057.701,214098.875301,221080.481455,236411.180846
附件一（训练集）.xlsx|材料4|1822,4,308767.1293,304613.164494,271678.118128,263261.955272
附件一（训练集）.xlsx|材料4|1823,1,24153.17023,15697.8229095,20582.3477596,20024.5979026
附件一（训练集）.xlsx|材料4|1824,3,30557.8043,28528.0020981,29758.3496961,29534.2161496
附件一（训练集）.xlsx|材料4|1825,3,38826.04699,40337.5658446,41709.6353073,42519.3967502
附件一（训练集）.xlsx|材料4|1826,3,48911.34636,36318.0343514,48299.9312679,46814.9586443
附件一（训练集）.xlsx|材料4|1827,3,61815.8308,60418.5254364,68600.409363,66444.8091322
附件一（训练集）.xlsx|材料4|1828,2,78401.45693,81432.495071,77258.7366023,78067.8146014
附件一（训练集）.xlsx|材料4|1829,2,98194.39616,88138.7736214,87565.7401171,85722.4218619
附件一（训练集）.xlsx|材料4|183,2,36715.2657,33080.8196947,35983.519795,39495.7424848
附件一（训练集）.xlsx|材料4|1830,3,124485.4677,136060.703649,115768.494083,116594.708138
附件一（训练集）.xlsx|材料4|1831,3,158331.8728,155026.119692,155539.345221,163563.983432
附件一（训练集）.xlsx|材料4|1832,3,200075.6732,219751.263453,192794.69807,203749.245605
附件一（训练集）.xlsx|材料4|1833,0,30577.07608,27283.7235191,37490.819955,35039.6648989
附件一（训练集）.xlsx|材料4|1834,0,39044.431,40098.1873319,36783.4524862,38450.3993797
附件一（训练集）.xlsx|材料4|1835,1,48823.40888,51761.228813,51421.3121342,52913.9403374
附件一（训练集）.xlsx|材料4|1836,1,61587.16339,70308.3706329,57621.1551135,57631.6320651
附件一（训练集）.xlsx|材料4|1837,0,97866.53327,93668.7714929,85445.2215322,86974.9126457
附件一（训练集）.xlsx|材料4|1838,1,124014.8,130409.949202,133392.098418,144274.401382
附件一（训练集）.xlsx|材料4|1839,1,157364.746,144815.389297,144627.503374,147648.009496
附件一（训练集）.xlsx|材料4|184,2,49610.18134,47090.5434406,50295.4635859,53362.981555
附件一（训练集）.xlsx|材料4|1840,2,250956.1234,284462.883342,255548.200211,248287.900017
附件一（训练集）.xlsx|材料4|1841,0,317923.2686,310297.847858,322190.00649,304044.837655
附件一（训练集）.xlsx|材料4|1842,1,2023.360634,2520.43828945,2288.70477582,2401.05845211
附件一（训练集）.xlsx|材料4|1843,1,2665.290073,3114.28800634,3086.34392687,2824.59792738
附件一（训练集）.xlsx|材料4|1844,1,3531.274362,4010.34949621,3610.1370002,3505.94370019
附件一（训练集）.xlsx|材料4|1845,1,4882.334646,5371.96089297,5496.49247921,5496.38043337
附件一（训练集）.xlsx|材料4|1846,0,6723.45939,7547.53666395,5817.46621007,6077.94543002
附件一（训练集）.xlsx|材料4|1847,3,12266.64723,13156.1192249,11302.4570843,10796.3303374
附件一（训练集）.xlsx|材料4|1848,3,16626.41222,21255.3516033,17831.7176309,15508.4141651
附件一（训练集）.xlsx|材料4|1849,3,23392.60049,24019.6165188,22727.637193,22452.9767825
附件一（训练集）.xlsx|材料4|185,2,119793.6301,112125.124405,117174.170501,118509.571237
附件一（训练集）.xlsx|材料4|1850,3,32453.54145,38724.2792052,37717.2134982,38639.6611622
附件一（训练集）.xlsx|材料4|1851,3,61623.1334,73171.6720129,65484.4580786,64298.6913684
附件一（训练集）.xlsx|材料4|1852,4,85709.91704,101833.476954,86953.5746268,86525.9515449
附件一（训练集）.xlsx|材料4|1853,4,226796.0964,245915.729137,223146.636258,217710.283919
附件一（训练集）.xlsx|材料4|1854,0,311814.641,355775.901199,329925.185484,321941.971847
附件一（训练集）.xlsx|材料4|1855,0,406143.2491,426494.982092,421821.673564,401532.267023
附件一（训练集）.xlsx|材料4|1856,4,2143.541324,2400.65821222,2321.2183156,2241.78942108
附件一（训练集）.xlsx|材料4|1857,1,2861.58028,3562.68382266,2795.29069437,2806.75276432
附件一（训练集）.xlsx|材料4|1858,1,3801.025551,4004.58391072,4159.38383311,3874.04521696
附件一（训练集）.xlsx|材料4|1859,0,5248.999943,5198.66855491,5274.52172947,5615.52722917
附件一（训练集）.xlsx|材料4|186,3,163090.2459,166030.905915,155945.190163,159184.732267
附件一（训练集）.xlsx|材料4|1860,2,12679.10499,15374.6670852,12584.5570444,12213.1362301
附件一（训练集）.xlsx|材料4|1861,0,17483.20233,17218.3267914,15202.3402751,16895.2794474
附件一（训练集）.xlsx|材料4|1862,0,24094.11432,30209.7636215,25163.548611,26873.1976989
附件一（训练集）.xlsx|材料4|1863,0,44987.60487,51932.67898,52617.7063297,56771.0500327
附件一（训练集）.xlsx|材料4|1864,3,62107.94075,69074.7667305,74748.7660045,67381.1795734
附件一（训练集）.xlsx|材料4|1865,3,85696.05528,90665.3775176,96212.537464,90701.4274502
附件一（训练集）.xlsx|材料4|1866,2,166218.5472,210602.390745,172542.665417,170768.654381
附件一（训练集）.xlsx|材料4|1867,4,426344.5752,576083.488797,494357.407583,467683.53576
附件一（训练集）.xlsx|材料4|1868,4,551245.3653,564971.76447,569032.804501,524126.101456
附件一（训练集）.xlsx|材料4|1869,1,1481.596265,1819.59672293,1663.85660545,1738.99313919
附件一（训练集）.xlsx|材料4|187,3,10607.24676,12492.9308618,10187.6423377,11803.7389433
附件一（训练集）.xlsx|材料4|1870,2,1931.574261,2382.22827812,2256.58674684,2128.11554196
附件一（训练集）.xlsx|材料4|1871,1,4671.809741,4412.98329651,4825.8055672,4694.29030645
附件一（训练集）.xlsx|材料4|1872,0,6183.25826,6416.30189286,6020.25895688,6217.66404839
附件一（训练集）.xlsx|材料4|1873,1,8105.998231,8865.50234266,8880.36415021,8820.28644203
附件一（训练集）.xlsx|材料4|1874,2,11036.0991,11608.1243987,10847.7823556,11366.4638549
附件一（训练集）.xlsx|材料4|1875,2,15413.28857,16486.378637,15293.8699576,15210.6250016
附件一（训练集）.xlsx|材料4|1876,0,20937.57437,19971.835814,17615.7380054,19861.5303603
附件一（训练集）.xlsx|材料4|1877,0,38630.05149,38807.2152316,36174.5144759,37986.8500951
附件一（训练集）.xlsx|材料4|1878,2,53221.73405,60470.0824075,59515.3827749,57245.0054228
附件一（训练集）.xlsx|材料4|1879,3,102997.6047,112231.773399,102461.582458,104204.402512
附件一（训练集）.xlsx|材料4|188,4,25054.50138,28476.5846537,28809.2583234,27315.6621066
附件一（训练集）.xlsx|材料4|1880,2,199472.5955,209143.241292,202961.318914,215897.126296
附件一（训练集）.xlsx|材料4|1881,2,270385.1356,292693.249831,273563.221059,276713.795966
附件一（训练集）.xlsx|材料4|1882,1,370866.4876,378031.884112,378374.591332,359076.005953
附件一（训练集）.xlsx|材料4|1883,4,492709.8136,502727.717447,498534.863249,498099.478766
附件一（训练集）.xlsx|材料4|1884,0,876756.5027,941338.467333,956085.753005,941596.399138
附件一（训练集）.xlsx|材料4|1885,1,1421.293952,1722.52162366,1495.55006938,1490.02899771
附件一（训练集）.xlsx|材料4|1886,1,1801.981704,2030.14088674,2106.00546905,2145.10567436
附件一（训练集）.xlsx|材料4|1887,1,7390.61621,7238.4297016,6741.982034,6784.58402445
附件一（训练集）.xlsx|材料4|1888,1,9907.207533,9884.60108117,10293.5847964,10898.194743
附件一（训练集）.xlsx|材料4|1889,4,13641.244,12212.2117891,13079.6837731,13067.9972573
附件一（训练集）.xlsx|材料4|189,1,33535.77772,39321.0058931,36589.8449452,38824.8396382
附件一（训练集）.xlsx|材料4|1890,4,18593.79647,16946.6482344,19385.3779009,20475.7007633
附件一（训练集）.xlsx|材料4|1891,2,64139.52346,70143.3073442,63055.8937494,65699.0952297
附件一（训练集）.xlsx|材料4|1892,4,122523.8131,130563.460091,129582.996423,126726.415904
附件一（训练集）.xlsx|材料4|1893,0,171730.0205,174711.557957,175486.088592,167841.788443
附件一（训练集）.xlsx|材料4|1894,0,232937.5435,239633.032076,231843.543632,232789.084621
附件一（训练集）.xlsx|材料4|1895,1,321242.0208,333755.067315,307903.10554,330033.853554
附件一（训练集）.xlsx|材料4|1896,2,587468.8572,572525.127221,598252.65609,629810.826782
附件一（训练集）.xlsx|材料4|1897,2,774999.4779,753119.767569,747025.389201,788695.976997
附件一（训练集）.xlsx|材料4|1898,3,1312.640327,1367.39796699,1311.2855365,1390.69137785
附件一（训练集）.xlsx|材料4|1899,1,5102.446273,5242.1185463,4818.1381566,5022.4235255
附件一（训练集）.xlsx|材料4|19,4,36954.31168,38441.6434686,40522.2609173,38891.4420815
附件一（训练集）.xlsx|材料4|190,3,1299.219583,1187.31056914,1122.40408238,1158.77616184
附件一（训练集）.xlsx|材料4|1900,1,6650.200458,6171.99074082,6377.37165932,6216.50633128
附件一（训练集）.xlsx|材料4|1901,1,12274.86472,12107.4929607,12685.7886349,13046.4192112
附件一（训练集）.xlsx|材料4|1902,4,16442.08754,15348.4463791,16011.1910032,15748.1328902
附件一（训练集）.xlsx|材料4|1903,4,22372.20605,21007.4993401,22262.8917403,23204.4817951
附件一（训练集）.xlsx|材料4|1904,0,30162.60288,31901.3624904,27867.3313943,29066.8546206
附件一（训练集）.xlsx|材料4|1905,0,40950.03946,44959.9118651,43590.8282366,44891.0770583
附件一（训练集）.xlsx|材料4|1906,2,55685.55889,56616.5892449,55850.9141316,57964.8687411
附件一（训练集）.xlsx|材料4|1907,2,77178.08383,86040.088867,82197.4547965,85092.5008686
附件一（训练集）.xlsx|材料4|1908,4,106327.9758,124927.504063,106909.072709,109708.51053
附件一（训练集）.xlsx|材料4|1909,4,147518.0814,169806.386352,153600.23358,163840.798304
附件一（训练集）.xlsx|材料4|191,3,1398.015573,1483.54350366,1435.28701402,1521.67765755
附件一（训练集）.xlsx|材料4|1910,0,201095.4416,204873.69265,205244.895189,180516.886265
附件一（训练集）.xlsx|材料4|1911,1,512469.2501,500423.115829,487634.876859,494855.371658
附件一（训练集）.xlsx|材料4|1912,2,691430.1072,705778.937661,699242.950522,709334.730289
附件一（训练集）.xlsx|材料4|1913,2,920258.9168,981073.538346,989146.791713,992967.881858
附件一（训练集）.xlsx|材料4|1914,0,1237956.142,1196146.02478,1204117.95721,1183225.24083
附件一（训练集）.xlsx|材料4|1915,0,1351.233054,1923.17967895,1423.60503493,1378.72224732
附件一（训练集）.xlsx|材料4|1916,0,1742.214447,2390.49323588,1894.07062224,1880.7243064
附件一（训练集）.xlsx|材料4|1917,1,2265.049069,2481.34051673,2051.00092181,2151.6519277
附件一（训练集）.xlsx|材料4|1918,1,2921.011693,2843.65032815,3227.96512758,3264.82321192
附件一（训练集）.xlsx|材料4|1919,2,3910.369465,4123.6568258,3902.17876996,3467.29543548
附件一（训练集）.xlsx|材料4|192,0,1985.311379,1843.79476024,1949.86472023,2167.3653578
附件一（训练集）.xlsx|材料4|1920,2,5126.875182,6254.87281961,5601.981613,4763.17598233
附件一（训练集）.xlsx|材料4|1921,3,8837.135338,7415.33597556,9103.03187912,8696.38723397
附件一（训练集）.xlsx|材料4|1922,3,11817.8945,12034.6729336,11106.0677764,10931.0426362
附件一（训练集）.xlsx|材料4|1923,3,15767.77405,15378.8157109,13752.599419,13270.6805012
附件一（训练集）.xlsx|材料4|1924,4,21056.45319,19473.404923,19273.0294489,18952.8697065
附件一（训练集）.xlsx|材料4|1925,1,38208.05602,47704.6391527,42300.748926,43898.0749838
附件一（训练集）.xlsx|材料4|1926,1,51226.19698,54435.0511601,53450.1565321,54384.2944449
附件一（训练集）.xlsx|材料4|1927,4,96205.6025,114622.31297,98182.9239008,99934.3453598
附件一（训练集）.xlsx|材料4|1928,2,456351.4068,450590.251111,441602.515866,447445.898034
附件一（训练集）.xlsx|材料4|1929,4,836061.6632,743428.85482,773345.369389,730565.619402
附件一（训练集）.xlsx|材料4|193,1,2686.567479,2652.60459153,2852.54585147,2842.55920709
附件一（训练集）.xlsx|材料4|1930,4,1111378.031,1019877.65817,988061.304067,1012132.45511
附件一（训练集）.xlsx|材料4|1931,0,1771.615297,3545.55272204,1713.63611104,1723.51181312
附件一（训练集）.xlsx|材料4|1932,2,5021.494021,7766.09624876,5170.49479489,4777.2328716
附件一（训练集）.xlsx|材料4|1933,2,22564.85873,24613.2257262,21996.994616,20696.6421806
附件一（训练集）.xlsx|材料4|1934,0,19464.97985,21772.815604,21361.4894647,20953.3647829
附件一（训练集）.xlsx|材料4|1935,0,25017.64572,25350.287159,26131.47977,26139.0336803
附件一（训练集）.xlsx|材料4|1936,0,21411.09181,21852.3869234,23724.5737253,21788.3425977
附件一（训练集）.xlsx|材料4|1937,0,9158.668556,9297.1072835,8561.84183191,8183.9549422
附件一（训练集）.xlsx|材料4|1938,0,11867.51176,11555.1453142,10616.0454197,10178.1078386
附件一（训练集）.xlsx|材料4|1939,2,21899.65217,22110.8174088,23400.5352139,24064.340234
附件一（训练集）.xlsx|材料4|194,1,3558.270114,3176.85420894,3402.74440444,3414.87999737
附件一（训练集）.xlsx|材料4|1940,4,27882.28593,25548.9249597,25934.2265556,26339.7175483
附件一（训练集）.xlsx|材料4|1941,4,37695.51569,41329.2989372,42498.3793957,42541.5367382
附件一（训练集）.xlsx|材料4|1942,3,65261.50393,64644.0442773,57920.2074381,62692.2137198
附件一（训练集）.xlsx|材料4|1943,0,12840.123,13062.5309125,11013.4205586,10281.0139535
附件一（训练集）.xlsx|材料4|1944,2,18355.99659,17974.9528674,16133.988468,15979.7286382
附件一（训练集）.xlsx|材料4|1945,2,23503.21826,20971.3131082,19902.5620027,19835.7333831
附件一（训练集）.xlsx|材料4|1946,3,55731.34989,58019.6897065,51370.9175756,53458.168229
附件一（训练集）.xlsx|材料4|1947,3,6434.010605,6710.44153249,5770.18171211,5375.12858546
附件一（训练集）.xlsx|材料4|1948,3,8345.876396,8256.45398996,7792.06390303,7614.64084664
附件一（训练集）.xlsx|材料4|1949,4,10957.56132,10201.351305,12127.6756684,11749.4912832
附件一（训练集）.xlsx|材料4|195,0,4810.923112,5049.58581409,4631.87288611,4697.49228468
附件一（训练集）.xlsx|材料4|1950,4,15639.32537,15669.2835338,16765.48566,17255.0251175
附件一（训练集）.xlsx|材料4|1951,3,48601.72866,49683.0173018,47677.6156023,48110.293528
附件一（训练集）.xlsx|材料4|1952,4,6987.936438,11735.0732818,5783.10781148,5846.189514
附件一（训练集）.xlsx|材料4|1953,4,17117.81018,23853.8819718,16214.9693373,16837.5636284
附件一（训练集）.xlsx|材料4|1954,4,7758.386438,10951.4130803,7086.67724735,6587.17135616
附件一（训练集）.xlsx|材料4|1955,0,3862.878343,4743.97165911,3328.26953545,3750.68724331
附件一（训练集）.xlsx|材料4|1956,0,4980.764821,5906.42177687,4258.95429632,4328.793901
附件一（训练集）.xlsx|材料4|1957,0,6617.551745,7414.8588803,5663.26360173,5421.98052041
附件一（训练集）.xlsx|材料4|1958,4,9549.143276,12214.4228247,10871.4725664,10135.0248395
附件一（训练集）.xlsx|材料4|1959,4,12201.90808,13892.5585513,12231.0939987,12186.7243535
附件一（训练集）.xlsx|材料4|196,0,6609.411984,6170.77670584,6313.60743259,5696.35563847
附件一（训练集）.xlsx|材料4|1960,0,17066.62973,20946.3859483,19730.8522176,19905.9216104
附件一（训练集）.xlsx|材料4|1961,0,3327.108574,4567.6306139,3082.5623404,3523.08856641
附件一（训练集）.xlsx|材料4|1962,0,5649.369763,6352.848463,5387.00856587,5666.92450349
附件一（训练集）.xlsx|材料4|1963,0,8178.147542,8298.08822168,8619.58195048,8844.98062518
附件一（训练集）.xlsx|材料4|1964,0,19624.268,18106.8565002,21381.2617164,20883.1363005
附件一（训练集）.xlsx|材料4|1965,1,35262.32941,39897.7875751,38588.0159457,36664.1544777
附件一（训练集）.xlsx|材料4|1966,2,65681.48597,67323.2596447,72389.1927549,77199.2213354
附件一（训练集）.xlsx|材料4|1967,3,1770143.97,1678769.42981,1840636.49541,1883083.71908
附件一（训练集）.xlsx|材料4|1968,3,2322456.147,1967350.10155,2311104.22587,2330657.57981
附件一（训练集）.xlsx|材料4|1969,0,9268.289174,10564.2010283,7617.41037041,7289.8530577
附件一（训练集）.xlsx|材料4|197,2,8736.665808,8742.05989109,8511.92155577,7979.85956272
附件一（训练集）.xlsx|材料4|1970,4,12913.20727,17046.3700665,13320.8898455,12604.1603287
附件一（训练集）.xlsx|材料4|1971,4,17237.75207,19573.0264167,15924.164595,15569.1616028
附件一（训练集）.xlsx|材料4|1972,0,23016.89214,26205.2856468,23105.7963548,21816.4256601
附件一（训练集）.xlsx|材料4|1973,2,77899.29253,113336.46648,77688.6720257,77168.4134993
附件一（训练集）.xlsx|材料4|1974,4,137074.1433,242929.06757,140682.064184,139191.236573
附件一（训练集）.xlsx|材料4|1975,2,1229456.372,1416836.1983,1207511.72055,1214801.58852
附件一（训练集）.xlsx|材料4|1976,2,1621260.162,1759016.93274,1605821.78385,1651469.08213
附件一（训练集）.xlsx|材料4|1977,3,2093123.117,2194252.64411,1953707.69534,1960097.04466
附件一（训练集）.xlsx|材料4|1978,2,2758.469767,7650.79155748,2494.09502729,2391.91516447
附件一（训练集）.xlsx|材料4|1979,0,4483.556556,10373.1940521,4652.10195401,4835.04266648
附件一（训练集）.xlsx|材料4|198,0,15692.08635,15734.9432942,14605.2769504,14710.4706959
附件一（训练集）.xlsx|材料4|1980,2,8260.165709,16449.8766486,6892.75755513,6625.66903044
附件一（训练集）.xlsx|材料4|1981,2,11490.92743,23637.8300438,9692.07956047,9030.37456422
附件一（训练集）.xlsx|材料4|1982,3,20411.70586,35019.0719801,20405.663574,18906.9408344
附件一（训练集）.xlsx|材料4|1983,2,27385.93631,57242.7140238,26148.9526853,27054.4118863
附件一（训练集）.xlsx|材料4|1984,0,2984.655875,5268.49286143,3331.55851039,3314.09991049
附件一（训练集）.xlsx|材料4|1985,0,15752.3118,21576.5095259,15139.9188931,15448.5145251
附件一（训练集）.xlsx|材料4|1986,0,20850.3303,25465.3456785,21402.3115013,20505.4788284
附件一（训练集）.xlsx|材料4|1987,0,91036.96695,119143.309155,89778.7621477,84626.0730948
附件一（训练集）.xlsx|材料4|1988,0,499005.6065,572544.874833,414730.153768,436766.493121
附件一（训练集）.xlsx|材料4|1989,4,1465881.55,1365971.75246,1367238.16532,1389667.59585
附件一（训练集）.xlsx|材料4|199,0,20493.10891,19615.9147679,19923.0045003,18034.3210101
附件一（训练集）.xlsx|材料4|1990,0,3707.923662,5349.23090145,3992.25408366,4121.22319987
附件一（训练集）.xlsx|材料4|1991,0,5120.687326,5694.62507993,5462.66975801,5510.90711245
附件一（训练集）.xlsx|材料4|1992,3,6472.993909,6493.1755921,5988.58206374,6114.3722358
附件一（训练集）.xlsx|材料4|1993,3,8781.73979,8929.72347356,9693.97733208,9639.09012036
附件一（训练集）.xlsx|材料4|1994,4,11269.08308,10646.5251725,10639.4163153,10415.2348522
附件一（训练集）.xlsx|材料4|1995,4,14841.9474,13886.4662013,14224.4115676,14361.8145274
附件一（训练集）.xlsx|材料4|1996,0,19628.2335,21023.1074574,19593.7362223,20853.1640818
附件一（训练集）.xlsx|材料4|1997,0,26816.94362,25108.9219297,28254.8733416,27358.2601948
附件一（训练集）.xlsx|材料4|1998,3,35538.029,35067.0913135,40386.2566024,41569.9555656
附件一（训练集）.xlsx|材料4|1999,3,47282.53421,46211.7130845,47600.2292371,47144.8545094
附件一（训练集）.xlsx|材料4|2,2,2525.795337,2498.54899832,2649.67609648,2629.36296913
附件一（训练集）.xlsx|材料4|20,2,62212.71414,69849.4390858,71309.4665398,68453.6412891
附件一（训练集）.xlsx|材料4|200,4,27127.53961,27228.6892201,27689.1036402,27350.8090158
附件一（训练集）.xlsx|材料4|2000,0,62488.48054,57793.0718213,59672.7993318,57731.4982823
附件一（训练集）.xlsx|材料4|2001,0,83516.02063,81812.6158477,83544.442669,85379.4414779
附件一（训练集）.xlsx|材料4|2002,0,111795.1647,112433.468263,109691.642899,115054.455854
附件一（训练集）.xlsx|材料4|2003,0,149193.3814,147591.57569,148427.818336,157735.257616
附件一（训练集）.xlsx|材料4|2004,3,262751.8065,238561.758331,235871.49253,224004.513478
附件一（训练集）.xlsx|材料4|2005,0,460799.9781,421945.802215,426348.406989,443031.830898
附件一（训练集）.xlsx|材料4|2006,0,608311.8897,602098.822468,596770.838229,631459.725162
附件一（训练集）.xlsx|材料4|2007,0,783746.988,700355.858747,794082.060199,821485.042512
附件一（训练集）.xlsx|材料4|2008,4,1033784.438,1005794.42214,1005738.23498,1003471.54928
附件一（训练集）.xlsx|材料4|2009,4,1357936.981,1278076.59839,1250434.34253,1260138.96432
附件一（训练集）.xlsx|材料4|201,4,35999.3999,36578.1394442,35399.2764637,35774.4754908
附件一（训练集）.xlsx|材料4|2010,0,5034.745302,6248.40244983,5141.45784329,5221.43552243
附件一（训练集）.xlsx|材料4|2011,3,8527.644077,9624.08261363,8943.33161302,8978.6995908
附件一（训练集）.xlsx|材料4|2012,4,18821.95474,19699.8825372,19019.0097057,18467.239463
附件一（训练集）.xlsx|材料4|2013,0,25390.92488,28207.0467543,25207.2640312,26233.7718518
附件一（训练集）.xlsx|材料4|2014,0,33625.75438,34997.8859877,33862.4093159,33032.6443136
附件一（训练集）.xlsx|材料4|2015,3,44579.55903,46537.7861139,46448.1172605,47861.2655292
附件一（训练集）.xlsx|材料4|2016,0,138908.7603,145141.360423,136773.489874,134957.490746
附件一（训练集）.xlsx|材料4|2017,0,184134.9688,191497.646665,183066.30605,185735.865304
附件一（训练集）.xlsx|材料4|2018,3,324691.1061,288458.864683,261924.311478,272653.969154
附件一（训练集）.xlsx|材料4|2019,0,429133.7519,405137.018576,405365.593924,407622.135988
附件一（训练集）.xlsx|材料4|202,1,62521.06426,61983.3219425,55171.1708264,55732.2835483
附件一（训练集）.xlsx|材料4|2020,0,566768.9139,496081.928946,531082.621029,533600.907342
附件一（训练集）.xlsx|材料4|2021,0,733600.3337,673222.872643,663928.557958,664271.930646
附件一（训练集）.xlsx|材料4|2022,0,963937.9362,887498.465732,984672.817538,988216.240257
附件一（训练集）.xlsx|材料4|2023,4,1265983.174,1267027.87224,1326447.548,1297737.30774
附件一（训练集）.xlsx|材料4|2024,4,911765.8409,1277464.37805,877516.381959,852310.415344
附件一（训练集）.xlsx|材料4|2025,2,22564.32999,24613.2257262,21476.2388046,21863.5949903
附件一（训练集）.xlsx|材料4|2026,3,28739.75968,32587.7339905,28575.1670702,33597.442696
附件一（训练集）.xlsx|材料4|2027,2,50207.15501,53232.882298,44021.7171027,42598.885995
附件一（训练集）.xlsx|材料4|2028,0,19364.61893,21772.815604,19850.9613178,17912.6312338
附件一（训练集）.xlsx|材料4|2029,0,9166.910168,8637.76075823,8435.55779422,8109.76741851
附件一（训练集）.xlsx|材料4|203,4,1337.81093,1320.92297069,1299.72768083,1337.64392014
附件一（训练集）.xlsx|材料4|2030,0,11859.37215,11870.6770016,10529.9170237,9996.954878
附件一（训练集）.xlsx|材料4|2031,2,15376.51408,16612.3168467,15021.0390493,14987.6619984
附件一（训练集）.xlsx|材料4|2032,2,21846.8824,22110.8174088,23561.4665944,24693.4383418
附件一（训练集）.xlsx|材料4|2033,4,37981.23429,41329.2989372,42398.6894298,42803.4565426
附件一（训练集）.xlsx|材料4|2034,4,7547.727058,7626.51588063,8069.68010898,7939.91596573
附件一（训练集）.xlsx|材料4|2035,0,12776.87513,13014.439907,11160.1444196,10002.3989906
附件一（训练集）.xlsx|材料4|2036,2,23461.8607,20971.3131082,19965.0878548,19931.6137177
附件一（训练集）.xlsx|材料4|2037,4,32342.67483,28542.3716385,30003.3444469,31181.7091517
附件一（训练集）.xlsx|材料4|2038,4,42305.18793,43423.0731209,45517.6324303,46572.8159036
附件一（训练集）.xlsx|材料4|2039,3,55667.23315,58019.6897065,53653.8042773,55346.644184
附件一（训练集）.xlsx|材料4|204,4,3148.273956,3463.18799097,3138.12050378,3188.61979773
附件一（训练集）.xlsx|材料4|2040,3,73309.04245,68523.9739711,70667.4109407,74834.7884365
附件一（训练集）.xlsx|材料4|2041,3,6396.407375,6710.44153249,5078.90539463,4490.35603219
附件一（训练集）.xlsx|材料4|2042,3,8282.226772,8256.45398996,7628.14310254,7824.01886862
附件一（训练集）.xlsx|材料4|2043,4,27830.40983,25965.4509785,27289.7566736,30677.1329117
附件一（训练集）.xlsx|材料4|2044,3,48706.43233,49683.0173018,48551.6831417,49753.3101977
附件一（训练集）.xlsx|材料4|2045,4,64034.47762,66332.8044163,60862.370909,62190.4158699
附件一（训练集）.xlsx|材料4|2046,0,4971.052148,5906.42177687,4277.43937333,4170.12106333
附件一（训练集）.xlsx|材料4|2047,0,6538.986526,7414.8588803,5740.60867961,5277.57713761
附件一（训练集）.xlsx|材料4|2048,4,9540.551096,12214.4228247,11053.0073971,10088.1905701
附件一（训练集）.xlsx|材料4|2049,0,3314.361523,4567.6306139,3103.61643436,3364.44518174
附件一（训练集）.xlsx|材料4|205,3,4241.188262,4007.91317121,4173.60987062,4762.69464753
附件一（训练集）.xlsx|材料4|2050,0,5592.307291,6352.848463,5529.93962596,5277.31590455
附件一（训练集）.xlsx|材料4|2051,0,26244.40408,25838.8414485,27975.275078,26825.217354
附件一（训练集）.xlsx|材料4|2052,1,35239.80295,40007.4533849,40357.5050771,36042.3715457
附件一（训练集）.xlsx|材料4|2053,1,49055.35732,68393.6605565,54842.6491626,49473.826278
附件一（训练集）.xlsx|材料4|2054,2,65419.9479,67323.2596447,68466.8182499,72224.6145957
附件一（训练集）.xlsx|材料4|2055,4,3038.64869,4404.21583569,2868.38213569,2964.10636562
附件一（训练集）.xlsx|材料4|2056,0,3785.180407,7656.57845601,3014.20546521,3370.97823988
附件一（训练集）.xlsx|材料4|2057,0,4991.734352,6319.93080617,4228.13262792,4207.41662896
附件一（训练集）.xlsx|材料4|2058,0,7194.477691,8937.67638303,6188.37223109,6478.40180434
附件一（训练集）.xlsx|材料4|2059,0,9291.582714,10564.2010283,8345.19811054,7861.28382177
附件一（训练集）.xlsx|材料4|206,0,5725.199972,6281.67827995,5565.94819024,5327.5421582
附件一（训练集）.xlsx|材料4|2060,4,17117.06779,19573.0264167,16476.6323121,15509.150409
附件一（训练集）.xlsx|材料4|2061,0,22953.13772,33631.9367072,22170.7811634,21225.9351184
附件一（训练集）.xlsx|材料4|2062,1,57565.22262,121517.045883,58360.8049162,49618.3408748
附件一（训练集）.xlsx|材料4|2063,2,2768.181853,7650.79155748,2507.22432716,2445.60196879
附件一（训练集）.xlsx|材料4|2064,2,3543.115901,7952.80512406,3318.46857508,3230.80849414
附件一（训练集）.xlsx|材料4|2065,0,4493.456259,10344.2681245,4702.3200165,4777.95998801
附件一（训练集）.xlsx|材料4|2066,0,6495.088261,13249.288877,6301.37862455,6331.71262295
附件一（训练集）.xlsx|材料4|2067,2,11558.18982,22800.7732202,9704.14263539,9122.20217717
附件一（训练集）.xlsx|材料4|2068,3,20398.969,35019.0719801,20725.3183877,19028.9606455
附件一（训练集）.xlsx|材料4|2069,2,27425.32705,57242.7140238,26643.9145804,26881.6153192
附件一（训练集）.xlsx|材料4|207,0,7607.528847,7508.69091951,7240.73793236,6689.30374935
附件一（训练集）.xlsx|材料4|2070,0,2987.928953,7850.91374092,3435.66150957,3546.26269833
附件一（训练集）.xlsx|材料4|2071,0,3812.953883,5912.28918647,3935.78391554,3955.18493952
附件一（训练集）.xlsx|材料4|2072,3,6819.0029,7548.88004203,6480.28345429,6205.91330414
附件一（训练集）.xlsx|材料4|2073,0,15824.60948,21576.5095259,15058.0594072,15317.6685911
附件一（训练集）.xlsx|材料4|2074,0,3699.729307,5349.23090145,4007.99348053,4161.98097028
附件一（训练集）.xlsx|材料4|2075,4,11328.44385,11111.0167178,10580.632573,10735.6567718
附件一（训练集）.xlsx|材料4|2076,4,14937.85476,13897.8374606,14750.6521122,14530.9435456
附件一（训练集）.xlsx|材料4|2077,0,19735.22727,21023.1074574,19520.3315077,20920.57319
附件一（训练集）.xlsx|材料4|2078,0,26919.50643,25108.9219297,28026.6976364,27493.1280223
附件一（训练集）.xlsx|材料4|2079,3,35630.56976,35067.0913135,40055.8439686,41157.4927333
附件一（训练集）.xlsx|材料4|208,2,13371.21062,13225.962866,12675.6430798,12491.2407156
附件一（训练集）.xlsx|材料4|2080,3,47585.5712,46211.7130845,47283.7444623,46474.0092366
附件一（训练集）.xlsx|材料4|2081,0,83940.22726,81812.6158477,83433.756811,85127.9796085
附件一（训练集）.xlsx|材料4|2082,0,112333.1373,112433.468263,107306.211515,111462.20945
附件一（训练集）.xlsx|材料4|2083,0,352151.709,355404.266848,332650.707616,354221.977243
附件一（训练集）.xlsx|材料4|2084,0,464122.8882,421945.802215,445108.892735,449975.976326
附件一（训练集）.xlsx|材料4|2085,0,612935.4401,602098.822468,584527.742377,593501.468408
附件一（训练集）.xlsx|材料4|2086,0,5087.998715,6248.40244983,5497.2678375,5418.68792147
附件一（训练集）.xlsx|材料4|2087,0,6369.071906,7171.86828894,6583.39148034,6833.90272031
附件一（训练集）.xlsx|材料4|2088,4,14292.88492,15458.8616172,14021.1959449,13813.9468363
附件一（训练集）.xlsx|材料4|2089,4,18865.59454,19699.8825372,18917.0149512,18275.8786897
附件一（训练集）.xlsx|材料4|209,2,17611.31513,18483.105027,17703.5475776,17544.3301535
附件一（训练集）.xlsx|材料4|2090,3,44941.79875,46695.6299515,47457.3659722,46940.8299249
附件一（训练集）.xlsx|材料4|2091,3,59024.00756,60655.6766547,57101.4723029,56771.3707646
附件一（训练集）.xlsx|材料4|2092,0,78448.13711,79723.3105346,78266.5363035,74104.7414467
附件一（训练集）.xlsx|材料4|2093,0,103960.1688,103513.769357,104911.112833,105286.977977
附件一（训练集）.xlsx|材料4|2094,3,246460.9817,222813.703698,236980.272877,244016.808118
附件一（训练集）.xlsx|材料4|2095,3,326829.4738,306566.706278,321793.602167,332515.806469
附件一（训练集）.xlsx|材料4|2096,0,570574.5907,515266.849123,548652.985892,548912.159284
附件一（训练集）.xlsx|材料4|2097,0,738571.5784,673222.872643,693006.885557,675279.368025
附件一（训练集）.xlsx|材料4|2098,4,1273452.361,1267027.87224,1334144.64837,1336090.61627
附件一（训练集）.xlsx|材料4|2099,0,11407.43847,14006.6995088,11576.4864469,12990.5736541
附件一（训练集）.xlsx|材料4|21,3,2368.167996,2147.65289422,2139.381555,2150.8904137
附件一（训练集）.xlsx|材料4|210,1,54327.80859,59674.6152083,54083.2112361,56550.8601046
附件一（训练集）.xlsx|材料4|2100,4,15024.61863,13773.723203,13050.4863844,14300.4445301
附件一（训练集）.xlsx|材料4|2101,3,81756.19787,72668.1457761,74253.7329139,82174.9707354
附件一（训练集）.xlsx|材料4|2102,3,107371.8379,104251.20965,97341.5158781,98780.9506418
附件一（训练集）.xlsx|材料4|2103,2,140813.7919,136419.306397,144572.097098,142224.929057
附件一（训练集）.xlsx|材料4|2104,2,180126.1356,178309.20736,169911.750323,170196.805034
附件一（训练集）.xlsx|材料4|2105,3,236908.6961,241089.694952,240168.629661,249968.111285
附件一（训练集）.xlsx|材料4|2106,1,403404.7337,390794.564089,405579.797142,381387.123872
附件一（训练集）.xlsx|材料4|2107,1,509831.2567,515551.718931,526424.874819,500306.393347
附件一（训练集）.xlsx|材料4|2108,2,664390.9501,670218.004142,704228.362907,698562.791532
附件一（训练集）.xlsx|材料4|2109,1,4545.305802,4275.66954331,4141.30547139,4191.69938245
附件一（训练集）.xlsx|材料4|211,4,93224.21041,108159.832447,100487.335046,101406.568505
附件一（训练集）.xlsx|材料4|2110,0,7866.340661,8717.29658303,6673.20537571,7485.33327309
附件一（训练集）.xlsx|材料4|2111,3,25016.47785,28573.8156244,26087.0191528,25850.6218563
附件一（训练集）.xlsx|材料4|2112,2,72182.55998,72347.3455577,66853.4315215,68257.5933984
附件一（训练集）.xlsx|材料4|2113,1,124911.3615,118789.44674,117403.790378,119806.08854
附件一（训练集）.xlsx|材料4|2114,1,159953.2245,151488.478597,155894.424893,162048.424655
附件一（训练集）.xlsx|材料4|2115,1,209965.435,189741.402517,197813.583131,199627.176109
附件一（训练集）.xlsx|材料4|2116,2,276700.0845,271806.081819,276218.714208,283965.35197
附件一（训练集）.xlsx|材料4|2117,1,454636.9802,440674.010838,457949.153618,436462.62151
附件一（训练集）.xlsx|材料4|2118,2,744708.3885,738503.771667,741653.682629,720729.931013
附件一（训练集）.xlsx|材料4|2119,3,27951.58221,32732.1080604,29335.1381878,29877.1480889
附件一（训练集）.xlsx|材料4|212,4,1093.756353,1063.58186955,1157.71304253,1234.34699994
附件一（训练集）.xlsx|材料4|2120,0,3242.714984,2758.83103518,2538.90003555,2670.81102965
附件一（训练集）.xlsx|材料4|2121,2,7637.332581,7246.81928189,7226.38632065,6963.20429381
附件一（训练集）.xlsx|材料4|2122,1,13917.77511,14173.4011046,12789.1903269,11626.677778
附件一（训练集）.xlsx|材料4|2123,1,18458.8203,18970.8020975,18560.5721214,18748.479454
附件一（训练集）.xlsx|材料4|2124,3,31607.73467,34217.6695333,29870.0336282,29879.6445426
附件一（训练集）.xlsx|材料4|2125,0,42475.29224,44101.8292475,44241.2317303,41369.6475342
附件一（训练集）.xlsx|材料4|2126,0,55644.41232,55800.8630147,55547.0116039,51111.2723418
附件一（训练集）.xlsx|材料4|2127,3,96185.16771,92187.6299222,92833.5991546,93655.6875377
附件一（训练集）.xlsx|材料4|2128,2,123704.2162,125346.066377,112115.925325,111226.099676
附件一（训练集）.xlsx|材料4|2129,2,163485.1486,159444.938999,151580.004587,145829.101603
附件一（训练集）.xlsx|材料4|213,4,1451.669744,1302.36766058,1361.7347053,1364.3102107
附件一（训练集）.xlsx|材料4|2130,1,363882.9184,344615.56577,340421.202105,336917.961263
附件一（训练集）.xlsx|材料4|2131,3,589160.7235,624875.261033,468071.361997,439102.132047
附件一（训练集）.xlsx|材料4|2132,2,999058.8286,939651.471345,979181.117857,969786.546483
附件一（训练集）.xlsx|材料4|2133,2,8328.923471,6822.8428933,8184.24516525,8426.05112481
附件一（训练集）.xlsx|材料4|2134,3,27019.9168,28082.7227721,26254.7526856,25120.8521972
附件一（训练集）.xlsx|材料4|2135,3,36365.80093,36187.3543981,33317.9193307,32477.795618
附件一（训练集）.xlsx|材料4|2136,0,47968.58108,46683.8924133,46244.1951133,44707.4919677
附件一（训练集）.xlsx|材料4|2137,0,63647.06527,68938.73617,65720.055889,67115.8721152
附件一（训练集）.xlsx|材料4|2138,3,84353.46108,80813.1489374,86727.3212545,86800.9534001
附件一（训练集）.xlsx|材料4|2139,2,143014.9337,139753.870325,128065.636103,124888.609824
附件一（训练集）.xlsx|材料4|214,4,1926.351332,1545.62975061,1827.90835728,1744.37986352
附件一（训练集）.xlsx|材料4|2140,2,189108.4728,177920.114858,176356.559547,162694.082215
附件一（训练集）.xlsx|材料4|2141,1,247268.3707,248397.502977,236256.662332,233657.631696
附件一（训练集）.xlsx|材料4|2142,1,419383.0823,430759.145319,431096.332548,422790.472116
附件一（训练集）.xlsx|材料4|2143,3,682998.1217,678712.724648,685800.130724,662183.176549
附件一（训练集）.xlsx|材料4|2144,3,888162.8899,871737.783711,839293.320276,833043.112813
附件一（训练集）.xlsx|材料4|2145,3,3837.317295,2911.96671612,3519.56022605,3026.85344167
附件一（训练集）.xlsx|材料4|2146,0,6968.753923,6447.35616422,6326.86626261,6760.1739071
附件一（训练集）.xlsx|材料4|2147,2,13075.33735,15689.4032828,13179.4415041,13327.0433094
附件一（训练集）.xlsx|材料4|2148,2,17444.78788,19854.9120898,20017.367458,20389.0136593
附件一（训练集）.xlsx|材料4|2149,2,23032.48733,24957.7119088,23348.2644976,23920.7775503
附件一（训练集）.xlsx|材料4|215,3,3554.625219,3620.81390534,3372.09456682,3617.26479914
附件一（训练集）.xlsx|材料4|2150,0,55099.99859,56325.2098344,56933.4148842,56467.4732464
附件一（训练集）.xlsx|材料4|2151,0,73281.71976,75779.5234261,74233.1675859,80295.0885264
附件一（训练集）.xlsx|材料4|2152,0,282721.3116,251430.133064,273078.56945,270607.488775
附件一（训练集）.xlsx|材料4|2153,0,371433.0004,355114.526479,373487.788565,386010.185911
附件一（训练集）.xlsx|材料4|2154,3,618104.9588,556571.981992,622836.218745,621428.734415
附件一（训练集）.xlsx|材料4|2155,2,789550.7633,711720.626949,752558.843219,767784.843183
附件一（训练集）.xlsx|材料4|2156,2,1026443.849,928026.296806,973897.49744,947626.530107
附件一（训练集）.xlsx|材料4|2157,0,1333308.297,1356717.75205,1317947.62418,1300378.56239
附件一（训练集）.xlsx|材料4|2158,2,1813.318747,1684.02125364,1811.25426778,1819.23745188
附件一（训练集）.xlsx|材料4|2159,2,2408.065724,2497.65434329,2215.14061433,2234.99757307
附件一（训练集）.xlsx|材料4|216,3,4795.530547,4401.27456611,4343.01710101,4805.03619925
附件一（训练集）.xlsx|材料4|2160,3,3207.590302,2810.08542472,2997.66811758,2867.43599848
附件一（训练集）.xlsx|材料4|2161,0,5860.355069,6158.44647028,5666.31068934,6023.9225501
附件一（训练集）.xlsx|材料4|2162,3,13508.58777,14885.8044271,14266.4439934,13523.078188
附件一（训练集）.xlsx|材料4|2163,3,19176.98412,21281.232008,20482.750072,19835.4645702
附件一（训练集）.xlsx|材料4|2164,0,24486.76854,25969.2771277,24087.0456102,22823.0194481
附件一（训练集）.xlsx|材料4|2165,1,7412.637139,8069.42751674,7298.59551801,7852.74051452
附件一（训练集）.xlsx|材料4|2166,2,17884.62337,18445.0007798,16099.961137,15118.7554817
附件一（训练集）.xlsx|材料4|2167,4,4202.251317,5205.26444887,3370.53285928,3581.50709437
附件一（训练集）.xlsx|材料4|2168,4,5408.094452,5204.84813261,4755.40344414,4981.9919579
附件一（训练集）.xlsx|材料4|2169,1,7136.429887,6567.01174214,5909.33326352,5556.33229012
附件一（训练集）.xlsx|材料4|217,0,8428.115295,8114.60555701,8372.23163626,7917.91227266
附件一（训练集）.xlsx|材料4|2170,3,32303.80897,35155.6586052,31550.3466188,31085.5966758
附件一（训练集）.xlsx|材料4|2171,0,3370.386291,4440.70272628,3586.25799426,3394.23236912
附件一（训练集）.xlsx|材料4|2172,3,6096.214678,7396.93498336,6117.76360363,5828.06740836
附件一（训练集）.xlsx|材料4|2173,0,10752.63196,12737.5256398,11560.0954693,10846.9182401
附件一（训练集）.xlsx|材料4|2174,0,25293.96953,44601.1872571,29898.9197753,30387.7813543
附件一（训练集）.xlsx|材料4|2175,0,4081.184812,6159.40559586,3837.18977435,3681.74849165
附件一（训练集）.xlsx|材料4|2176,0,9934.547897,15750.0515637,9661.29063656,9562.04081259
附件一（训练集）.xlsx|材料4|2177,4,17351.43528,30250.0467638,17070.7470704,16134.8923137
附件一（训练集）.xlsx|材料4|2178,4,23072.47482,51826.6640062,22123.3392617,21479.581276
附件一（训练集）.xlsx|材料4|2179,4,1015114.316,1081616.61826,958626.165804,916221.098341
附件一（训练集）.xlsx|材料4|218,0,11119.83853,10213.1244148,11641.7162874,11350.6700709
附件一（训练集）.xlsx|材料4|2180,0,2969.136571,5590.41505992,3099.44530264,3172.71254054
附件一（训练集）.xlsx|材料4|2181,0,3761.702528,6073.43420983,3775.63844463,3927.2384187
附件一（训练集）.xlsx|材料4|2182,0,8627.340309,13298.8429242,8027.27598445,7974.60363613
附件一（训练集）.xlsx|材料4|2183,2,18818.35834,24127.8826877,19484.9389962,19541.8337376
附件一（训练集）.xlsx|材料4|2184,3,721189.0037,873399.453992,724905.786353,768707.415226
附件一（训练集）.xlsx|材料4|2185,3,958858.1702,1124158.57766,927029.286273,997360.090797
附件一（训练集）.xlsx|材料4|2186,0,1271473.359,1316915.38856,1268152.2492,1213790.44285
附件一（训练集）.xlsx|材料4|2187,0,3872.840747,5504.03666112,3846.05105479,4126.26536762
附件一（训练集）.xlsx|材料4|2188,0,5294.808001,5937.95612714,5349.97295943,5456.98712406
附件一（训练集）.xlsx|材料4|2189,0,6577.297588,7173.93323638,6734.26188365,6689.01120555
附件一（训练集）.xlsx|材料4|219,2,14966.01673,14719.2653348,14095.5453601,14281.3243944
附件一（训练集）.xlsx|材料4|2190,0,8727.724909,9075.82709934,8918.27507256,9289.4631471
附件一（训练集）.xlsx|材料4|2191,0,14588.14294,14332.3041072,14507.9231463,14549.0822437
附件一（训练集）.xlsx|材料4|2192,2,18805.81886,20925.3156892,20818.5543867,21042.5145953
附件一（训练集）.xlsx|材料4|2193,0,43471.32196,43552.0872321,41790.4631475,41987.2711502
附件一（训练集）.xlsx|材料4|2194,2,74605.36783,74148.3472031,67724.0686545,70159.2162464
附件一（训练集）.xlsx|材料4|2195,2,98147.3316,102153.204338,100088.558082,100028.812285
附件一（训练集）.xlsx|材料4|2196,2,129872.9578,140830.843912,146402.592194,143458.12387
附件一（训练集）.xlsx|材料4|2197,0,172578.6428,186174.664672,173590.42878,179893.61509
附件一（训练集）.xlsx|材料4|2198,0,228774.2378,241442.239001,242618.089876,251119.980308
附件一（训练集）.xlsx|材料4|2199,4,399689.1757,422628.93372,403990.212859,412553.34086
附件一（训练集）.xlsx|材料4|22,0,3210.217952,3250.51609782,3098.08869054,3050.60887444
附件一（训练集）.xlsx|材料4|220,1,26839.05032,24760.6779525,24049.265629,24970.4934319
附件一（训练集）.xlsx|材料4|2200,0,8964.55787,9915.94133896,9722.43752078,9561.4740285
附件一（训练集）.xlsx|材料4|2201,0,11489.5691,11880.3566773,12272.0088508,11904.3504262
附件一（训练集）.xlsx|材料4|2202,0,14861.91455,16169.6121452,14548.0774906,14361.5202582
附件一（训练集）.xlsx|材料4|2203,0,19247.2399,19837.630171,18623.0713239,18407.1009858
附件一（训练集）.xlsx|材料4|2204,2,25233.15176,29424.091214,25879.2036868,26222.6774268
附件一（训练集）.xlsx|材料4|2205,2,32865.70884,33393.0848172,30997.3348477,30759.6873562
附件一（训练集）.xlsx|材料4|2206,0,43211.74875,47532.9596108,42183.4403446,41561.7697988
附件一（训练集）.xlsx|材料4|2207,0,56143.83559,58711.4485183,55514.1224281,53570.4868555
附件一（训练集）.xlsx|材料4|2208,2,96020.68342,98961.6183619,93975.091307,90017.0311731
附件一（训练集）.xlsx|材料4|2209,2,126229.3383,133106.773772,129468.671002,126809.65966
附件一（训练集）.xlsx|材料4|221,1,35489.2086,37299.7108532,35107.968499,35910.5132265
附件一（训练集）.xlsx|材料4|2210,2,165944.7636,182331.927823,172536.034863,168432.509517
附件一（训练集）.xlsx|材料4|2211,0,219965.4004,463894.84645,215181.110975,212898.177566
附件一（训练集）.xlsx|材料4|2212,0,290643.423,284493.408585,292840.996176,295155.080999
附件一（训练集）.xlsx|材料4|2213,4,383298.3837,382140.949655,366259.846145,363831.265983
附件一（训练集）.xlsx|材料4|2214,0,653385.9793,594566.855081,605413.689262,599094.01226
附件一（训练集）.xlsx|材料4|2215,0,863968.3418,762592.648948,879127.063806,865414.266739
附件一（训练集）.xlsx|材料4|2216,3,1129886.756,1067006.14315,1086778.2141,1139289.21658
附件一（训练集）.xlsx|材料4|2217,0,18498.75975,20786.3775875,14976.0792425,14723.6649473
附件一（训练集）.xlsx|材料4|2218,3,13520.59942,14885.8044271,14446.2937749,14348.259783
附件一（训练集）.xlsx|材料4|2219,1,7403.295743,8069.42751674,7432.70801232,7873.09886855
附件一（训练集）.xlsx|材料4|222,1,47366.27588,52638.2572283,47060.6054522,45704.7022072
附件一（训练集）.xlsx|材料4|2220,2,9745.380758,12355.8266143,9582.1188814,9609.67712824
附件一（训练集）.xlsx|材料4|2221,2,17974.2202,18778.9983067,16521.8406403,15942.7082567
附件一（训练集）.xlsx|材料4|2222,2,11698.70074,13560.9010749,10335.9420635,10305.0631694
附件一（训练集）.xlsx|材料4|2223,2,14909.88956,16116.4399252,14230.7985085,14117.5464399
附件一（训练集）.xlsx|材料4|2224,2,20913.09765,20167.1030092,18122.208972,17363.9172358
附件一（训练集）.xlsx|材料4|2225,2,27483.42334,28606.4258276,25665.8423065,25495.6575065
附件一（训练集）.xlsx|材料4|2226,1,7078.374637,6567.01174214,5974.44463987,5538.8606571
附件一（训练集）.xlsx|材料4|2227,0,3356.681843,4440.70272628,3540.67551156,3243.03632207
附件一（训练集）.xlsx|材料4|2228,4,18922.89539,33526.0416267,19431.8508368,18796.4591775
附件一（训练集）.xlsx|材料4|2229,2,2456.071198,5311.67514207,2660.01688374,2782.98187201
附件一（训练集）.xlsx|材料4|223,4,82576.98227,77115.1430155,80109.333565,78445.9875328
附件一（训练集）.xlsx|材料4|2230,3,7154.581671,11093.4554048,6245.58693633,6322.94698137
附件一（训练集）.xlsx|材料4|2231,4,17305.01518,30250.0467638,17756.3557676,16750.119534
附件一（训练集）.xlsx|材料4|2232,3,3847.705738,10012.9352728,4495.27251435,4421.84328194
附件一（训练集）.xlsx|材料4|2233,0,6496.784177,9217.00678,5985.39635468,6264.13879662
附件一（训练集）.xlsx|材料4|2234,2,14447.29018,21688.7436118,14990.0889776,15447.6291189
附件一（训练集）.xlsx|材料4|2235,0,3881.689586,5504.03666112,3810.70234239,4121.78714943
附件一（训练集）.xlsx|材料4|2236,0,6592.845097,7173.93323638,6680.25762859,6601.73657766
附件一（训练集）.xlsx|材料4|2237,0,14646.01458,14332.3041072,14472.1915335,14518.5885871
附件一（训练集）.xlsx|材料4|2238,2,25210.02394,24366.6253595,24831.1091729,23669.3380352
附件一（训练集）.xlsx|材料4|2239,0,43753.96556,42677.0818649,41533.6391395,42105.0031191
附件一（训练集）.xlsx|材料4|224,3,888.7669039,924.420140311,972.748769797,992.449302156
附件一（训练集）.xlsx|材料4|2240,2,98562.76908,102153.204338,98737.9836856,99733.5718274
附件一（训练集）.xlsx|材料4|2241,2,130171.8052,141083.57678,145265.791917,141361.15437
附件一（训练集）.xlsx|材料4|2242,0,229583.4706,241442.239001,243292.293566,248268.340346
附件一（训练集）.xlsx|材料4|2243,0,530127.7567,522687.671677,542945.539073,557950.174971
附件一（训练集）.xlsx|材料4|2244,3,905653.3989,862534.920921,896259.750495,931009.717622
附件一（训练集）.xlsx|材料4|2245,3,1196346.347,1061975.91545,1082740.82522,1157785.92308
附件一（训练集）.xlsx|材料4|2246,0,5461.625574,6296.76731502,5738.52992862,5741.59056719
附件一（训练集）.xlsx|材料4|2247,0,6800.827435,7217.40041303,6772.5044125,7014.86706297
附件一（训练集）.xlsx|材料4|2248,0,9018.568938,9915.94133896,9713.61676829,9433.47716295
附件一（训练集）.xlsx|材料4|2249,0,14830.51356,16169.6121452,14648.8940318,14280.8163525
附件一（训练集）.xlsx|材料4|225,3,1211.120133,1202.52337557,1276.84312871,1278.26586115
附件一（训练集）.xlsx|材料4|2250,2,25249.96539,29785.2142225,26146.258768,26683.9793021
附件一（训练集）.xlsx|材料4|2251,0,43210.91177,47532.9596108,42150.2271313,41147.8815645
附件一（训练集）.xlsx|材料4|2252,0,56138.04951,58711.4485183,55377.6913734,54277.0626289
附件一（训练集）.xlsx|材料4|2253,2,126432.2403,133106.773772,126409.733669,126973.144709
附件一（训练集）.xlsx|材料4|2254,2,166077.3191,182331.927823,172096.87288,167319.235029
附件一（训练集）.xlsx|材料4|2255,0,220588.8026,227250.323409,215338.760668,226075.179479
附件一（训练集）.xlsx|材料4|2256,0,655183.2312,610125.245351,628524.244457,619758.664231
附件一（训练集）.xlsx|材料4|2257,0,865558.7755,762592.648948,904240.984349,886375.670073
附件一（训练集）.xlsx|材料4|2258,1,3759.337281,3668.51225876,3916.80589812,4089.838876
附件一（训练集）.xlsx|材料4|2259,3,4951.190929,5793.49413783,5038.34153414,5264.55707786
附件一（训练集）.xlsx|材料4|226,2,1618.758847,1217.8201245,1501.37359789,1498.52020616
附件一（训练集）.xlsx|材料4|2260,3,6829.380133,7554.46693807,6808.48544751,6587.13429073
附件一（训练集）.xlsx|材料4|2261,1,12821.65445,13822.2189238,13368.3050645,13045.8780568
附件一（训练集）.xlsx|材料4|2262,4,17415.29009,17106.2549139,16165.8989599,17056.9908266
附件一（训练集）.xlsx|材料4|2263,4,30610.11465,28724.2823316,28065.0793626,29570.8149882
附件一（训练集）.xlsx|材料4|2264,1,130633.1061,139835.184013,134607.706373,133304.952878
附件一（训练集）.xlsx|材料4|2265,3,174871.1633,183601.819222,181412.964483,192710.527639
附件一（训练集）.xlsx|材料4|2266,3,235464.5518,247552.306625,238153.570369,236564.291261
附件一（训练集）.xlsx|材料4|2267,4,403995.3023,436691.621181,402549.110528,423673.666881
附件一（训练集）.xlsx|材料4|2268,0,6693.631905,6311.18769104,6169.65876664,5981.96951617
附件一（训练集）.xlsx|材料4|2269,0,8734.744218,7917.66891073,7411.25137964,7229.9815423
附件一（训练集）.xlsx|材料4|227,2,2191.946792,2129.22157908,2263.61575018,2305.27276807
附件一（训练集）.xlsx|材料4|2270,4,16086.41875,17711.9682978,15073.3753112,16168.2161783
附件一（训练集）.xlsx|材料4|2271,2,20799.74458,20530.2737683,21133.4579122,21515.4677358
附件一（训练集）.xlsx|材料4|2272,0,36858.6067,34911.6092667,35203.102348,28917.6114854
附件一（训练集）.xlsx|材料4|2273,0,49369.63896,50903.2202689,53423.5588864,46901.9639311
附件一（训练集）.xlsx|材料4|2274,1,65807.74991,63391.6350699,63876.4367216,59539.9926849
附件一（训练集）.xlsx|材料4|2275,1,87358.70058,88336.9483314,89186.0396929,86190.0290699
附件一（训练集）.xlsx|材料4|2276,3,114239.4768,114041.036906,121482.260869,125008.644089
附件一（训练集）.xlsx|材料4|2277,2,273856.7634,278261.726888,299750.071263,277410.504986
附件一（训练集）.xlsx|材料4|2278,3,2717.587015,2677.64418636,2502.20772663,2512.18730626
附件一（训练集）.xlsx|材料4|2279,0,4833.256338,4828.60104599,4560.76996585,4649.46704887
附件一（训练集）.xlsx|材料4|228,0,4089.373361,4256.69498882,3906.02942936,3683.42242841
附件一（训练集）.xlsx|材料4|2280,2,8820.795915,9375.0103175,8942.61113057,8452.8096032
附件一（训练集）.xlsx|材料4|2281,2,11901.95859,11930.2213848,12553.9173629,11920.8773257
附件一（训练集）.xlsx|材料4|2282,0,20847.2566,22039.4534976,21156.310363,20530.7666743
附件一（训练集）.xlsx|材料4|2283,1,27859.80623,29974.1258175,28227.3379613,27169.6237509
附件一（训练集）.xlsx|材料4|2284,0,66689.56128,71730.1404688,68542.7534137,65181.7046328
附件一（训练集）.xlsx|材料4|2285,1,86964.3008,89305.5664157,93164.2523505,92245.4283259
附件一（训练集）.xlsx|材料4|2286,1,116796.0576,122965.191104,122259.603311,118923.351782
附件一（训练集）.xlsx|材料4|2287,4,157282.8139,152387.573027,155790.8353,148060.606878
附件一（训练集）.xlsx|材料4|2288,4,209705.7951,210909.252082,204174.03983,195752.880421
附件一（训练集）.xlsx|材料4|2289,1,276796.4178,286038.415393,273175.162867,263491.102297
附件一（训练集）.xlsx|材料4|229,0,5491.887392,5658.54216087,5226.99078075,5106.95718246
附件一（训练集）.xlsx|材料4|2290,4,476243.6609,442189.293023,433307.277422,456957.279448
附件一（训练集）.xlsx|材料4|2291,1,825505.555,789131.692445,761660.048388,762290.586343
附件一（训练集）.xlsx|材料4|2292,3,2999.645379,3000.02333145,2973.65723376,3023.66860722
附件一（训练集）.xlsx|材料4|2293,2,13410.34427,13643.269385,12085.099068,12170.5472954
附件一（训练集）.xlsx|材料4|2294,0,17777.07486,17442.7813114,16444.4468059,16360.3306884
附件一（训练集）.xlsx|材料4|2295,0,24055.40806,23762.3052009,22712.6279335,23320.4308223
附件一（训练集）.xlsx|材料4|2296,1,32134.82833,32242.3620694,29330.8484074,28730.4217106
附件一（训练集）.xlsx|材料4|2297,1,43210.14994,41159.3970422,39154.6553496,39445.0891616
附件一（训练集）.xlsx|材料4|2298,0,57860.50677,56005.1967557,51587.6737282,48304.1822697
附件一（训练集）.xlsx|材料4|2299,0,76042.26185,65923.1248798,70279.5530977,70901.869642
附件一（训练集）.xlsx|材料4|23,2,5905.607142,5784.32070007,5979.04587394,5885.89412638
附件一（训练集）.xlsx|材料4|230,4,17034.69048,18102.1072499,19125.8094104,18805.8412522
附件一（训练集）.xlsx|材料4|2300,1,136063.4484,140426.115814,135601.396227,135962.585429
附件一（训练集）.xlsx|材料4|2301,4,182285.5508,188395.045766,191081.891766,177394.911855
附件一（训练集）.xlsx|材料4|2302,4,240388.9145,257276.744071,254709.288545,249561.662401
附件一（训练集）.xlsx|材料4|2303,1,417078.774,417367.40608,418118.95805,436673.107359
附件一（训练集）.xlsx|材料4|2304,1,959861.6229,1010721.89593,935763.029294,912425.802626
附件一（训练集）.xlsx|材料4|2305,1,1912.768451,1875.49231438,2027.32613539,1984.39332972
附件一（训练集）.xlsx|材料4|2306,3,3445.707926,3644.03784893,3720.64352107,3555.63201375
附件一（训练集）.xlsx|材料4|2307,3,4543.989276,4732.56778437,5070.78913938,5118.56552403
附件一（训练集）.xlsx|材料4|2308,2,6282.595709,6114.38301678,6751.1686429,6498.16570648
附件一（训练集）.xlsx|材料4|2309,0,11431.70354,12821.4862657,11816.1904388,11784.4582635
附件一（训练集）.xlsx|材料4|231,3,30705.38916,34596.5156231,33423.7226218,34060.6803309
附件一（训练集）.xlsx|材料4|2310,0,15256.33935,16391.6461546,15778.4868715,15411.2979156
附件一（训练集）.xlsx|材料4|2311,3,20698.33584,21839.6675142,23188.9483785,24339.7739111
附件一（训练集）.xlsx|材料4|2312,2,50441.36474,48070.1663823,50605.6137582,50596.4825363
附件一（训练集）.xlsx|材料4|2313,2,66260.10765,60907.2670567,60917.645662,62753.4590172
附件一（训练集）.xlsx|材料4|2314,3,210226.0167,198659.305649,207736.618049,217675.137942
附件一（训练集）.xlsx|材料4|2315,3,282011.5503,299788.027529,273228.947129,285661.163485
附件一（训练集）.xlsx|材料4|2316,3,490966.9664,468380.559342,503910.131293,523288.349831
附件一（训练集）.xlsx|材料4|2317,3,650168.9132,660823.186098,645731.468946,655173.484694
附件一（训练集）.xlsx|材料4|2318,3,848577.0073,874102.90845,816735.435455,817785.548766
附件一（训练集）.xlsx|材料4|2319,4,1119593.65,1081667.31088,1076109.75216,1070284.58891
附件一（训练集）.xlsx|材料4|232,2,72382.91389,83247.7129881,77061.9083194,77105.9660831
附件一（训练集）.xlsx|材料4|2320,4,1642.085648,1669.05082407,1595.08114039,1469.6877426
附件一（训练集）.xlsx|材料4|2321,1,2170.157042,2077.53815031,2214.08639809,2067.36068779
附件一（训练集）.xlsx|材料4|2322,1,2982.039317,2722.21086862,2979.34877371,2743.05253298
附件一（训练集）.xlsx|材料4|2323,3,3941.473586,4394.1258747,4388.01605763,4436.92765562
附件一（训练集）.xlsx|材料4|2324,2,7473.278979,7838.33404185,7796.19895383,7336.43410623
附件一（训练集）.xlsx|材料4|2325,2,9972.971567,9713.77577121,11161.1349254,10525.2138792
附件一（训练集）.xlsx|材料4|2326,3,24346.57918,23420.8177853,24750.7112288,23706.050859
附件一（训练集）.xlsx|材料4|2327,2,44353.79075,38183.1297762,47462.8709232,46513.4004909
附件一（训练集）.xlsx|材料4|2328,2,78416.91369,78125.7918664,75273.034328,75028.0804527
附件一（训练集）.xlsx|材料4|2329,0,140005.0991,147883.343978,143373.117558,136625.251265
附件一（训练集）.xlsx|材料4|233,2,93325.12307,103525.238862,87673.7132255,88054.0362935
附件一（训练集）.xlsx|材料4|2330,0,185083.8297,201259.208434,176564.857019,163648.06851
附件一（训练集）.xlsx|材料4|2331,3,323521.3938,335758.529701,308928.440719,318763.238027
附件一（训练集）.xlsx|材料4|2332,3,434143.2067,447536.397949,476236.937163,474437.229911
附件一（训练集）.xlsx|材料4|2333,3,578395.1537,580918.917283,579756.487847,577697.20891
附件一（训练集）.xlsx|材料4|2334,3,1000097.964,1077794.37176,1031588.77016,1010436.44061
附件一（训练集）.xlsx|材料4|2335,1,1127.125839,1220.84165863,1143.71908038,1147.91354562
附件一（训练集）.xlsx|材料4|2336,0,1495.717073,1693.09129866,1737.7195275,1602.90696849
附件一（训练集）.xlsx|材料4|2337,0,1902.728243,1642.83171071,1781.12609305,1630.82897695
附件一（训练集）.xlsx|材料4|2338,1,4793.598385,5417.50135236,5547.05593448,5557.49993137
附件一（训练集）.xlsx|材料4|2339,1,6479.337988,6548.08756223,6190.54818626,6329.39974347
附件一（训练集）.xlsx|材料4|234,2,124457.2925,135729.915759,126747.530845,129529.512758
附件一（训练集）.xlsx|材料4|2340,0,8780.123324,9648.30650068,8140.13657205,8132.1574937
附件一（训练集）.xlsx|材料4|2341,3,15939.08856,15937.4337444,15296.8023018,15599.9493784
附件一（训练集）.xlsx|材料4|2342,2,39205.18305,45062.2405659,40354.7532204,40307.0226198
附件一（训练集）.xlsx|材料4|2343,3,51451.32132,50578.7576262,53366.8805617,55030.5819356
附件一（训练集）.xlsx|材料4|2344,1,93895.85886,91797.6605719,99257.5080012,97669.4605476
附件一（训练集）.xlsx|材料4|2345,1,125672.851,139151.571887,148895.139413,142187.48374
附件一（训练集）.xlsx|材料4|2346,4,288010.8845,284358.770149,281116.894982,269155.501269
附件一（训练集）.xlsx|材料4|2347,4,388174.0265,327670.162371,346287.24015,342728.048459
附件一（训练集）.xlsx|材料4|2348,2,517187.3,508390.799784,504429.389047,493049.502754
附件一（训练集）.xlsx|材料4|2349,2,688358.8371,729015.766018,694516.036556,702681.699512
附件一（训练集）.xlsx|材料4|235,4,159161.2775,162822.6051,154332.787017,156815.431081
附件一（训练集）.xlsx|材料4|2350,0,914449.2729,817429.113702,809342.729221,809977.783332
附件一（训练集）.xlsx|材料4|2351,1,2310.120916,2257.16043542,2266.95190022,2320.56550775
附件一（训练集）.xlsx|材料4|2352,2,3066.381022,3132.28707294,3016.81598685,2829.1023259
附件一（训练集）.xlsx|材料4|2353,2,4250.680947,4862.53646508,4111.27968845,3875.3610858
附件一（训练集）.xlsx|材料4|2354,2,34656.83793,40063.808928,35423.6596333,33835.4664383
附件一（训练集）.xlsx|材料4|2355,2,45636.49288,46123.7462846,45001.8823532,44865.2232926
附件一（训练集）.xlsx|材料4|2356,3,83514.10842,84584.5368164,76399.5074809,76518.4217527
附件一（训练集）.xlsx|材料4|2357,3,111400.3845,106935.638993,107429.843588,107136.961434
附件一（训练集）.xlsx|材料4|2358,3,148249.2537,150946.783423,149062.916674,148078.279866
附件一（训练集）.xlsx|材料4|2359,4,345551.9177,344644.337709,365355.514453,347568.088831
附件一（训练集）.xlsx|材料4|236,0,988.5795154,990.761476513,997.319018637,1010.10801778
附件一（训练集）.xlsx|材料4|2360,4,936.1319438,1067.73822727,1001.16772077,1079.50434636
附件一（训练集）.xlsx|材料4|2361,4,1203.002226,1267.4789534,1348.82662099,1418.05922849
附件一（训练集）.xlsx|材料4|2362,1,2150.512873,1726.63910332,1601.23057634,1946.00418161
附件一（训练集）.xlsx|材料4|2363,1,2712.553111,2125.70011872,1970.19189476,2228.33849519
附件一（训练集）.xlsx|材料4|2364,2,5113.06883,5358.45753381,4044.28598829,4105.00148559
附件一（训练集）.xlsx|材料4|2365,0,9206.260811,8527.3367411,6983.46601772,7273.4449763
附件一（训练集）.xlsx|材料4|2366,4,12486.32934,11075.6799195,11065.6046318,11902.2407212
附件一（训练集）.xlsx|材料4|2367,4,16695.4583,15741.8547437,15310.1598862,15799.9833165
附件一（训练集）.xlsx|材料4|2368,4,22535.25481,22614.4263421,21356.9337342,23183.4690471
附件一（训练集）.xlsx|材料4|2369,2,54726.14046,56094.2215492,54503.0057077,56277.6797989
附件一（训练集）.xlsx|材料4|237,3,1790.252746,1575.12347202,1771.47776543,1684.70685851
附件一（训练集）.xlsx|材料4|2370,3,74132.84633,74390.1598302,67436.5280114,71183.6993358
附件一（训练集）.xlsx|材料4|2371,3,99046.21188,105517.630551,93517.5618395,90128.3342528
附件一（训练集）.xlsx|材料4|2372,3,176396.1068,180234.140456,163182.191096,170927.019237
附件一（训练集）.xlsx|材料4|2373,0,225526.5985,228568.289171,218059.978557,219571.93675
附件一（训练集）.xlsx|材料4|2374,4,1172.114314,1298.37848825,1181.67771683,1223.79415973
附件一（训练集）.xlsx|材料4|2375,3,1520.589975,1406.76301134,1581.70246169,1654.03025111
附件一（训练集）.xlsx|材料4|2376,2,3492.280577,3929.06886523,3390.5640346,3367.5643546
附件一（训练集）.xlsx|材料4|2377,2,4751.143589,4389.3333148,4944.52723658,4514.09824078
附件一（训练集）.xlsx|材料4|2378,2,6471.9032,6663.22562342,5703.15867594,5350.4058143
附件一（训练集）.xlsx|材料4|2379,1,9263.166963,12304.3715544,9081.31647147,8446.15535407
附件一（训练集）.xlsx|材料4|238,3,2443.528351,2548.12484967,2565.68476245,2571.56169508
附件一（训练集）.xlsx|材料4|2380,1,5058.513545,6044.84118806,4578.41095914,4833.30547981
附件一（训练集）.xlsx|材料4|2381,1,5101.855981,5305.4077731,4272.04817696,3952.38151329
附件一（训练集）.xlsx|材料4|2382,2,23373.2337,29936.9831626,24081.4652145,22147.2219621
附件一（训练集）.xlsx|材料4|2383,4,2852.551507,4107.71262683,3358.49484407,3300.75500063
附件一（训练集）.xlsx|材料4|2384,0,5047.18069,8013.02535192,6251.1713559,6226.49211009
附件一（训练集）.xlsx|材料4|2385,4,8699.268505,14636.7790857,9545.81590143,9214.70327227
附件一（训练集）.xlsx|材料4|2386,1,1012015.631,889388.022553,864742.014584,899027.337217
附件一（训练集）.xlsx|材料4|2387,1,1823915.31,1576129.84733,1781588.74708,1755859.74354
附件一（训练集）.xlsx|材料4|2388,4,3549.103085,6842.72421862,3518.39992972,3450.78911521
附件一（训练集）.xlsx|材料4|2389,0,4824.448796,9124.50702243,4940.99386051,5369.46129905
附件一（训练集）.xlsx|材料4|239,2,3327.687857,3177.31101043,3392.37741594,3340.01849213
附件一（训练集）.xlsx|材料4|2390,1,905089.9922,981931.732246,842449.727249,829742.258681
附件一（训练集）.xlsx|材料4|2391,1,1649085.283,1881941.69609,1575876.33948,1624682.90662
附件一（训练集）.xlsx|材料4|2392,1,8523.256722,12696.141517,8131.57900499,7819.27692414
附件一（训练集）.xlsx|材料4|2393,3,650625.101,816596.108828,664616.092184,696013.995662
附件一（训练集）.xlsx|材料4|2394,3,867128.5358,1051046.59275,817481.145275,875919.028796
附件一（训练集）.xlsx|材料4|2395,1,1152058.318,1130375.77799,1122914.01123,1093519.44369
附件一（训练集）.xlsx|材料4|2396,1,4098.810689,5074.49042931,4034.54735254,4183.85270185
附件一（训练集）.xlsx|材料4|2397,1,5520.772773,5931.72848513,5451.14642844,5427.04827489
附件一（训练集）.xlsx|材料4|2398,2,6839.301986,7020.78038897,5851.3678973,5869.13846372
附件一（训练集）.xlsx|材料4|2399,2,8970.997586,8768.17014218,8941.79788047,9086.25711123
附件一（训练集）.xlsx|材料4|24,2,7949.919573,8673.68756809,7385.74909382,7344.97901541
附件一（训练集）.xlsx|材料4|240,2,4526.826983,4349.88238289,4316.38512311,4280.34988008
附件一（训练集）.xlsx|材料4|2400,1,14721.69976,14393.2012168,14522.9777326,14722.564976
附件一（训练集）.xlsx|材料4|2401,4,18767.03061,19327.4975789,19979.3821904,20030.2174943
附件一（训练集）.xlsx|材料4|2402,4,24872.62949,25510.5617373,25612.7375621,26044.7002824
附件一（训练集）.xlsx|材料4|2403,1,32059.53306,32879.93106,32535.7757911,32249.9314918
附件一（训练集）.xlsx|材料4|2404,1,41856.71217,38832.642012,38933.2691518,39653.3348233
附件一（训练集）.xlsx|材料4|2405,1,54184.37551,60233.7162111,52691.2756186,48671.395367
附件一（训练集）.xlsx|材料4|2406,4,120140.2489,145593.147327,130092.83608,127289.650952
附件一（训练集）.xlsx|材料4|2407,1,158431.1485,178463.878566,159504.17192,156198.927479
附件一（训练集）.xlsx|材料4|2408,3,477817.2712,504982.251275,519261.955825,528400.759321
附件一（训练集）.xlsx|材料4|2409,3,819326.2516,808575.208136,828744.804207,843710.152864
附件一（训练集）.xlsx|材料4|241,3,5991.405911,5606.95521516,5524.19516027,5804.70663572
附件一（训练集）.xlsx|材料4|2410,1,7270.813797,6889.33441108,6964.96221369,7232.15621633
附件一（训练集）.xlsx|材料4|2411,2,9547.395975,10424.2513578,8473.36786663,8327.77189914
附件一（训练集）.xlsx|材料4|2412,2,12083.67726,12014.4967412,12204.8069856,11973.8933303
附件一（训练集）.xlsx|材料4|2413,4,33017.98908,34233.8546216,32709.9636414,32749.2302299
附件一（训练集）.xlsx|材料4|2414,1,71378.04947,79827.1646136,71391.3810558,65816.8719089
附件一（训练集）.xlsx|材料4|2415,4,119806.2267,130977.073034,114605.035244,113271.419654
附件一（训练集）.xlsx|材料4|2416,4,155827.8096,159087.29106,159441.235676,157057.722261
附件一（训练集）.xlsx|材料4|2417,1,268586.3849,257954.881521,272227.119456,274780.838705
附件一（训练集）.xlsx|材料4|2418,3,352764.7975,338435.109779,351505.905987,355721.743942
附件一（训练集）.xlsx|材料4|2419,3,597269.9482,567422.257188,606819.154331,608174.17143
附件一（训练集）.xlsx|材料4|242,1,10927.65467,11297.6204105,11112.1429398,11796.1511291
附件一（训练集）.xlsx|材料4|2420,0,9683.175702,12563.6806857,9823.16746193,10549.5405141
附件一（训练集）.xlsx|材料4|2421,1,4312.670346,4850.07122343,3478.11144289,3688.9179839
附件一（训练集）.xlsx|材料4|2422,0,8152.637996,10504.5893954,7556.02054534,7753.1663215
附件一（训练集）.xlsx|材料4|2423,1,3847.865847,4317.20749435,3555.71427939,3234.26686841
附件一（训练集）.xlsx|材料4|2424,1,5018.259561,5305.4077731,4269.35402713,3906.84944093
附件一（训练集）.xlsx|材料4|2425,4,2854.470178,4107.71262683,3528.24584047,3442.54323774
附件一（训练集）.xlsx|材料4|2426,0,3525.904926,6086.41465877,3881.47333789,3700.6062657
附件一（训练集）.xlsx|材料4|2427,4,8782.826627,16284.4049885,10837.9122418,10244.5822207
附件一（训练集）.xlsx|材料4|2428,4,2755.931962,6387.30115838,2650.75212331,2742.1069656
附件一（训练集）.xlsx|材料4|2429,4,3514.937998,6842.72421862,3491.36348572,3436.85352142
附件一（训练集）.xlsx|材料4|243,0,35430.02344,35958.5889227,34811.9019018,34891.7574706
附件一（训练集）.xlsx|材料4|2430,0,4815.001134,11145.4972346,4544.39951271,4652.14531986
附件一（训练集）.xlsx|材料4|2431,4,8360.011187,18112.3612123,8912.51788892,8125.13163476
附件一（训练集）.xlsx|材料4|2432,2,14392.08116,22837.617815,14928.3286319,13227.1554923
附件一（训练集）.xlsx|材料4|2433,1,4081.333922,5074.49042931,4047.76696744,4100.38253542
附件一（训练集）.xlsx|材料4|2434,2,6841.303313,7020.78038897,5789.31243346,5805.23365304
附件一（训练集）.xlsx|材料4|2435,1,11534.60232,12525.7225984,10740.3827971,11019.9217062
附件一（训练集）.xlsx|材料4|2436,1,14724.60946,14346.0014019,14725.8530597,14602.192614
附件一（训练集）.xlsx|材料4|2437,4,24799.86214,25148.5323479,25191.0946721,25632.7785712
附件一（训练集）.xlsx|材料4|2438,1,31922.22051,32879.93106,32349.3139289,31525.8972923
附件一（训练集）.xlsx|材料4|2439,1,41796.96567,38832.642012,40154.5976003,40318.1492249
附件一（训练集）.xlsx|材料4|244,4,62140.92994,71103.4589893,61983.6711593,63106.4808776
附件一（训练集）.xlsx|材料4|2440,4,91647.65393,108185.786169,94239.5279369,100465.810328
附件一（训练集）.xlsx|材料4|2441,4,119980.8219,134941.557387,125938.352254,126622.901925
附件一（训练集）.xlsx|材料4|2442,3,275763.8086,292244.914203,295321.143311,289884.983205
附件一（训练集）.xlsx|材料4|2443,3,478769.5754,504982.251275,509760.587133,514451.341696
附件一（训练集）.xlsx|材料4|2444,3,620792.54,574366.116191,605511.546909,612651.244773
附件一（训练集）.xlsx|材料4|2445,3,819095.3234,808575.208136,840756.70388,830704.716109
附件一（训练集）.xlsx|材料4|2446,3,1082809.902,989180.221237,1033264.56952,1038665.14061
附件一（训练集）.xlsx|材料4|2447,1,5861.451138,6540.57545348,5442.75127535,5536.08374817
附件一（训练集）.xlsx|材料4|2448,2,9582.18339,10424.2513578,8395.07271574,8323.05990875
附件一（训练集）.xlsx|材料4|2449,2,12064.09136,11996.6531228,12167.1651901,12078.6766565
附件一（训练集）.xlsx|材料4|245,4,143788.09,153188.954683,144355.542194,144327.561769
附件一（训练集）.xlsx|材料4|2450,1,19735.57606,19576.9802107,19714.8545643,18956.6890911
附件一（训练集）.xlsx|材料4|2451,4,25582.36131,26945.589276,26221.4254014,26124.8821812
附件一（训练集）.xlsx|材料4|2452,4,32856.18619,34233.8546216,32573.4748596,32324.1224305
附件一（训练集）.xlsx|材料4|2453,1,42743.32583,46522.5633828,43230.9488394,41920.2013545
附件一（训练集）.xlsx|材料4|2454,1,92024.51179,96373.8292131,91290.8278116,93037.8317008
附件一（训练集）.xlsx|材料4|2455,4,119625.3237,130977.073034,114226.26524,112695.536703
附件一（训练集）.xlsx|材料4|2456,1,268555.0797,257037.884299,270693.994202,275275.130145
附件一（训练集）.xlsx|材料4|2457,3,352287.3771,338435.109779,349699.13932,355977.631357
附件一（训练集）.xlsx|材料4|2458,3,597870.3929,567422.257188,609676.727684,615451.513499
附件一（训练集）.xlsx|材料4|2459,3,1916.313493,2253.9244788,2137.766475,2209.30244212
附件一（训练集）.xlsx|材料4|246,0,185466.0391,176655.273491,187495.817999,181879.910052
附件一（训练集）.xlsx|材料4|2460,3,2509.555779,2815.45687203,2585.91244373,2794.41193691
附件一（训练集）.xlsx|材料4|2461,2,15926.32537,15651.6524985,17618.6286401,16822.9764244
附件一（训练集）.xlsx|材料4|2462,1,42244.58924,44222.6925095,41954.6157962,40831.2062158
附件一（训练集）.xlsx|材料4|2463,1,57432.66581,64139.1455268,58266.9855013,59282.4198699
附件一（训练集）.xlsx|材料4|2464,4,79226.24191,91231.3934264,88730.2034156,82973.038656
附件一（训练集）.xlsx|材料4|2465,4,1949.733383,2081.20945089,2069.26660911,2233.66398756
附件一（训练集）.xlsx|材料4|2466,1,2561.866968,2615.27554167,2626.74315851,2770.9033954
附件一（训练集）.xlsx|材料4|2467,2,6064.333103,5338.75489681,5741.9772248,5907.0331493
附件一（训练集）.xlsx|材料4|2468,1,8387.126495,8963.11004811,8744.05105928,8907.26138726
附件一（训练集）.xlsx|材料4|2469,1,11327.64655,11479.6435269,11753.830875,11190.0618563
附件一（训练集）.xlsx|材料4|247,2,836.0171372,827.938986291,906.885490533,890.944243167
附件一（训练集）.xlsx|材料4|2470,0,14921.93335,14931.6980832,14680.4301943,14107.0921845
附件一（训练集）.xlsx|材料4|2471,0,19855.28488,19374.7191894,20270.4185788,19570.1902065
附件一（训练集）.xlsx|材料4|2472,1,27376.71904,25876.6124196,26816.666366,26340.6180072
附件一（训练集）.xlsx|材料4|2473,1,37208.23749,37165.4577073,32456.9094142,34692.9854506
附件一（训练集）.xlsx|材料4|2474,3,50827.77506,52186.7586619,50949.951667,52793.8542378
附件一（训练集）.xlsx|材料4|2475,3,68707.13091,71317.6900551,69505.374244,73519.5135458
附件一（训练集）.xlsx|材料4|2476,1,125669.687,118723.970158,123059.737379,119866.999725
附件一（训练集）.xlsx|材料4|2477,2,173161.9037,175400.801192,177035.79161,171591.1336
附件一（训练集）.xlsx|材料4|2478,2,12622.30058,13771.7157332,13196.4662067,12770.0445254
附件一（训练集）.xlsx|材料4|2479,0,1859.902203,1818.17025771,2105.09026571,2225.39555804
附件一（训练集）.xlsx|材料4|248,3,2792.506675,2726.18314522,2720.02481752,2882.20625367
附件一（训练集）.xlsx|材料4|2480,0,2480.413041,2498.40835174,2461.8676466,2383.31457287
附件一（训练集）.xlsx|材料4|2481,4,3340.096847,3222.16686032,3323.74080477,3418.01763451
附件一（训练集）.xlsx|材料4|2482,4,4416.322821,4108.13750286,3983.26647646,4183.35376274
附件一（训练集）.xlsx|材料4|2483,3,6139.356219,6329.21494551,6591.64262867,6587.73486721
附件一（训练集）.xlsx|材料4|2484,3,8370.705238,8971.69250776,8467.20539764,8118.88120991
附件一（训练集）.xlsx|材料4|2485,2,14683.06299,14292.7984133,13956.4657532,13536.9727202
附件一（训练集）.xlsx|材料4|2486,0,27639.6769,28361.9949333,27359.9544588,26679.0335306
附件一（训练集）.xlsx|材料4|2487,3,37570.06085,42197.8626669,39005.5762845,37689.9834016
附件一（训练集）.xlsx|材料4|2488,3,51371.15494,53508.1917898,56404.1768408,53807.682218
附件一（训练集）.xlsx|材料4|2489,2,68553.91315,79439.4494008,69762.6455712,69840.8182113
附件一（训练集）.xlsx|材料4|249,2,3818.370518,3417.21380517,3522.61241128,3504.91742235
附件一（训练集）.xlsx|材料4|2490,2,93111.11238,96556.9583738,87570.4661974,86312.6037107
附件一（训练集）.xlsx|材料4|2491,2,174477.649,192962.696846,168032.501479,169909.697194
附件一（训练集）.xlsx|材料4|2492,2,235088.0174,250113.839202,223204.880302,232847.028698
附件一（训练集）.xlsx|材料4|2493,0,550846.7318,529184.793081,507603.014937,540490.270914
附件一（训练集）.xlsx|材料4|2494,0,2123.482628,2018.98833647,2377.75224068,2303.33892664
附件一（训练集）.xlsx|材料4|2495,3,9460.240303,9154.61957465,9023.46501542,9121.72450437
附件一（训练集）.xlsx|材料4|2496,2,17463.98513,18705.0916183,17229.9860361,18051.5344588
附件一（训练集）.xlsx|材料4|2497,0,32089.10809,32876.5866207,31439.8850433,32079.1406567
附件一（训练集）.xlsx|材料4|2498,3,44001.4247,47470.570225,42847.4996652,43791.7287031
附件一（训练集）.xlsx|材料4|2499,2,109607.1684,115515.868322,102940.727281,102290.214421
附件一（训练集）.xlsx|材料4|25,0,10694.99524,11508.8798027,10089.4067647,9938.96550191
附件一（训练集）.xlsx|材料4|250,3,6851.895607,6024.75822813,5718.47840206,6175.36521821
附件一（训练集）.xlsx|材料4|2500,2,149628.1545,150751.450549,140146.417697,136176.234873
附件一（训练集）.xlsx|材料4|2501,2,360596.9391,343421.202932,331105.293668,346720.632549
附件一（训练集）.xlsx|材料4|2502,0,491235.6584,473162.299423,486558.425859,501018.259728
附件一（训练集）.xlsx|材料4|2503,2,864144.9313,873898.678147,881162.091612,868560.058646
附件一（训练集）.xlsx|材料4|2504,3,2476.117395,2563.59085031,2664.0638243,2632.85723091
附件一（训练集）.xlsx|材料4|2505,3,3263.194468,3301.62250978,3390.57300856,3499.85375678
附件一（训练集）.xlsx|材料4|2506,2,4505.265789,4372.5401094,4905.85341543,4986.65287285
附件一（训练集）.xlsx|材料4|2507,2,6065.647871,5942.05138574,6321.08983082,6520.03691116
附件一（训练集）.xlsx|材料4|2508,0,15004.20718,15939.6396977,16390.5566873,16737.217661
附件一（训练集）.xlsx|材料4|2509,2,37887.24405,36074.7391578,38840.7127645,38146.9016643
附件一（训练集）.xlsx|材料4|251,3,9129.080664,9016.05236491,8973.12741828,9748.13890455
附件一（训练集）.xlsx|材料4|2510,4,50393.20875,48766.7330546,51459.3875382,52593.0519879
附件一（训练集）.xlsx|材料4|2511,4,69306.62938,60805.0695145,66902.2889868,63865.4972006
附件一（训练集）.xlsx|材料4|2512,1,128960.6629,134795.983869,124056.458315,117969.929246
附件一（训练集）.xlsx|材料4|2513,2,173967.1482,172696.421418,171722.77829,173599.128473
附件一（训练集）.xlsx|材料4|2514,2,429300.4995,407347.519278,370286.268284,371822.666158
附件一（训练集）.xlsx|材料4|2515,4,1009966.693,996707.26324,959859.315001,976919.736917
附件一（训练集）.xlsx|材料4|2516,0,1289.284448,1395.55648796,1271.76660644,1453.43337168
附件一（训练集）.xlsx|材料4|2517,2,1621.239135,1792.51315149,1780.74602023,1722.52775168
附件一（训练集）.xlsx|材料4|2518,2,2189.815628,2443.66983137,2316.9918801,2243.47852143
附件一（训练集）.xlsx|材料4|2519,3,2878.471542,3083.67265223,2803.63054423,2951.46477943
附件一（训练集）.xlsx|材料4|252,1,16401.68417,18813.2798301,16893.7676384,17445.2975228
附件一（训练集）.xlsx|材料4|2520,2,5375.402651,5571.2602964,5384.18289366,5408.59533762
附件一（训练集）.xlsx|材料4|2521,3,13147.84973,12930.8916635,12849.1288012,12852.658795
附件一（训练集）.xlsx|材料4|2522,0,18060.97898,17975.0675116,19506.0351791,18867.7458621
附件一（训练集）.xlsx|材料4|2523,0,24368.24836,26961.4486404,25321.5963547,24545.8164206
附件一（训练集）.xlsx|材料4|2524,2,33347.44142,31673.6223014,35412.4758186,34421.4518705
附件一（训练集）.xlsx|材料4|2525,4,83444.60109,83390.0229584,85599.2268811,83271.7348948
附件一（训练集）.xlsx|材料4|2526,2,273776.9634,244000.092143,232320.526794,232856.903004
附件一（训练集）.xlsx|材料4|2527,2,376417.6698,368624.497582,396968.301855,414382.390481
附件一（训练集）.xlsx|材料4|2528,1,898482.6449,880807.703623,899233.820197,857978.962671
附件一（训练集）.xlsx|材料4|2529,0,910.283677,1045.90974562,1063.5539126,1120.87514145
附件一（训练集）.xlsx|材料4|253,0,22046.18265,23338.9902671,22881.823305,23027.3235215
附件一（训练集）.xlsx|材料4|2530,0,1522.094903,1258.79303129,1409.74680889,1388.01429503
附件一（训练集）.xlsx|材料4|2531,3,1968.37775,1923.06289453,1926.61323821,2063.04754414
附件一（训练集）.xlsx|材料4|2532,2,8668.730977,8283.38005937,7912.40414049,8639.13621997
附件一（训练集）.xlsx|材料4|2533,3,16004.45768,15985.662357,13975.159444,12514.9092054
附件一（训练集）.xlsx|材料4|2534,4,21698.88022,22698.3433006,22832.2075577,21193.5516622
附件一（训练集）.xlsx|材料4|2535,4,29558.41874,33986.1634846,34855.883258,35327.3699757
附件一（训练集）.xlsx|材料4|2536,2,242325.6174,233863.291113,231139.893528,234701.954828
附件一（训练集）.xlsx|材料4|2537,2,332366.1954,356854.936868,311199.847165,317806.766481
附件一（训练集）.xlsx|材料4|2538,2,450711.9339,425039.106527,401467.176936,432223.221609
附件一（训练集）.xlsx|材料4|2539,1,816036.4185,736529.477929,745623.970529,738402.925679
附件一（训练集）.xlsx|材料4|254,4,69393.14713,67904.801908,63822.5612635,66789.950567
附件一（训练集）.xlsx|材料4|2540,0,1077.558688,1143.93269351,1104.38078958,1175.98792875
附件一（训练集）.xlsx|材料4|2541,4,1431.846782,1305.57473423,1328.29285624,1355.44938582
附件一（训练集）.xlsx|材料4|2542,4,1901.300034,1864.24713445,1967.73375345,1874.76565774
附件一（训练集）.xlsx|材料4|2543,0,2383.522458,2559.61151006,2282.30374395,2245.47681777
附件一（训练集）.xlsx|材料4|2544,3,5944.045581,5740.68261223,6032.20836769,5757.72682949
附件一（训练集）.xlsx|材料4|2545,1,10669.95846,9931.66941942,10599.5595264,10457.7761968
附件一（训练集）.xlsx|材料4|2546,4,48123.27576,45158.902525,45302.6027823,48013.7400513
附件一（训练集）.xlsx|材料4|2547,4,65872.55955,61968.9676517,65183.5085366,63332.741733
附件一（训练集）.xlsx|材料4|2548,1,88974.27579,92170.1409782,93442.288496,88127.7892297
附件一（训练集）.xlsx|材料4|2549,1,119895.7554,121712.477857,128052.721008,121175.27153
附件一（训练集）.xlsx|材料4|255,4,92875.10243,101817.614291,90819.9120543,87383.5506474
附件一（训练集）.xlsx|材料4|2550,3,293583.1276,276525.710801,282750.790536,297717.024712
附件一（训练集）.xlsx|材料4|2551,3,397395.6693,426788.064803,432102.317952,478899.863573
附件一（训练集）.xlsx|材料4|2552,4,723248.2324,682280.759318,726814.583363,680715.039608
附件一（训练集）.xlsx|材料4|2553,0,815.8347314,918.084899135,944.320112512,1047.93547773
附件一（训练集）.xlsx|材料4|2554,0,1338.779098,1432.73039313,1425.30446795,1617.90625529
附件一（训练集）.xlsx|材料4|2555,0,4117.936993,4632.30719403,3824.68287115,4201.39208655
附件一（训练集）.xlsx|材料4|2556,3,5516.370235,5529.07042845,5679.83080582,5317.01770822
附件一（训练集）.xlsx|材料4|2557,1,13085.95224,12913.2647009,11310.5256765,12557.2859026
附件一（训练集）.xlsx|材料4|2558,3,23758.18581,25118.97609,22830.471636,21322.4864606
附件一（训练集）.xlsx|材料4|2559,1,31695.48972,36840.2759457,32198.9085095,34121.0773961
附件一（训练集）.xlsx|材料4|256,4,122673.8953,126657.778879,112796.418277,107421.455036
附件一（训练集）.xlsx|材料4|2560,1,43226.4732,43662.000099,44023.5462701,46655.5663292
附件一（训练集）.xlsx|材料4|2561,1,144372.6816,149976.749901,156407.815631,149665.037584
附件一（训练集）.xlsx|材料4|2562,2,188031.5536,186597.054172,190492.163967,194693.027428
附件一（训练集）.xlsx|材料4|2563,2,257013.6628,234335.038673,243694.073008,241516.885802
附件一（训练集）.xlsx|材料4|2564,3,348106.0879,328095.432817,341550.050168,356709.34059
附件一（训练集）.xlsx|材料4|2565,4,635849.4821,580906.338079,571319.577209,572620.004389
附件一（训练集）.xlsx|材料4|2566,3,1043.451185,1126.76814084,1089.21942973,1195.54009992
附件一（训练集）.xlsx|材料4|2567,3,2274.951247,2221.55043795,2186.23867456,2123.21683172
附件一（训练集）.xlsx|材料4|2568,4,3969.506426,4568.13187793,4588.42864764,4337.43756217
附件一（训练集）.xlsx|材料4|2569,4,5363.535855,5265.94942988,5649.9565998,5377.81187429
附件一（训练集）.xlsx|材料4|257,2,973.7818892,948.778563131,887.678174716,944.709138344
附件一（训练集）.xlsx|材料4|2570,2,9387.155315,9226.81624402,9727.49210571,9253.98919594
附件一（训练集）.xlsx|材料4|2571,3,16682.72305,17992.4351541,18103.0016622,16943.6781857
附件一（训练集）.xlsx|材料4|2572,0,54736.14801,67658.02321,64877.8311103,64367.3422791
附件一（训练集）.xlsx|材料4|2573,2,133060.9891,138910.773669,141575.019596,145744.317956
附件一（训练集）.xlsx|材料4|2574,2,235812.523,231486.696366,222569.705932,223947.458772
附件一（训练集）.xlsx|材料4|2575,0,430981.9429,434248.973552,414074.058418,455195.114536
附件一（训练集）.xlsx|材料4|2576,0,581615.0665,586558.859279,602814.441313,653708.040961
附件一（训练集）.xlsx|材料4|2577,3,1334.161289,1518.63432667,1361.29356675,1368.19737487
附件一（训练集）.xlsx|材料4|2578,3,1758.735177,1813.02986477,1784.91361078,1817.69360098
附件一（训练集）.xlsx|材料4|2579,3,2219.775741,2188.06406814,2187.04737509,2106.24003845
附件一（训练集）.xlsx|材料4|258,0,1224.660532,1277.38032249,1298.54718904,1150.68436423
附件一（训练集）.xlsx|材料4|2580,4,6762.932056,6071.84482143,6848.18257872,6937.50044296
附件一（训练集）.xlsx|材料4|2581,2,9029.596784,8662.84573424,9113.6796868,9284.28749815
附件一（训练集）.xlsx|材料4|2582,2,11891.44498,12349.7924387,12295.1807765,12463.2831287
附件一（训练集）.xlsx|材料4|2583,0,5121.032139,7404.27934714,5082.32659689,6226.36431839
附件一（训练集）.xlsx|材料4|2584,1,3841.471709,5022.72319788,3506.99449212,3738.83311248
附件一（训练集）.xlsx|材料4|2585,2,3150.946499,4346.63900192,3173.16803454,2866.97114398
附件一（训练集）.xlsx|材料4|2586,3,4053.384737,4842.66404973,4243.39820881,4566.49316619
附件一（训练集）.xlsx|材料4|2587,4,8340.362868,17465.5424245,10452.3076253,10161.2073296
附件一（训练集）.xlsx|材料4|2588,4,14208.72706,34036.6200753,17466.0709824,16597.4137849
附件一（训练集）.xlsx|材料4|2589,3,967788.8208,840757.475471,876656.838544,951434.884347
附件一（训练集）.xlsx|材料4|259,0,1643.571556,1445.85357295,1529.54565872,1552.74140213
附件一（训练集）.xlsx|材料4|2590,1,5121.22529,9400.426384,4879.12761356,4776.66521874
附件一（训练集）.xlsx|材料4|2591,4,8348.80562,18652.5253122,8551.38171799,7973.10785071
附件一（训练集）.xlsx|材料4|2592,4,14134.61363,30786.6028813,15038.4427465,13589.0502807
附件一（训练集）.xlsx|材料4|2593,3,1179031.86,1758248.14866,1105921.17763,1247184.52413
附件一（训练集）.xlsx|材料4|2594,0,643510.2788,816191.272366,651478.357459,651256.979828
附件一（训练集）.xlsx|材料4|2595,1,1134981.049,1142139.53409,1111832.6971,1086157.57243
附件一（训练集）.xlsx|材料4|2596,1,6613.14714,6770.84743718,6248.05908516,6116.52301086
附件一（训练集）.xlsx|材料4|2597,3,8147.125647,7801.15484391,7530.07289619,7277.3315093
附件一（训练集）.xlsx|材料4|2598,3,13283.80433,12793.9734857,11741.9460605,11308.5367942
附件一（训练集）.xlsx|材料4|2599,3,35355.58332,36995.1742094,35330.2573876,34791.3576355
附件一（训练集）.xlsx|材料4|26,1,24769.0296,22412.0079348,24632.7818171,26323.7799759
附件一（训练集）.xlsx|材料4|260,3,3137.511057,3187.1361692,3229.49088676,3377.86726036
附件一（训练集）.xlsx|材料4|2600,3,45465.94402,43261.9733248,39647.3756768,39490.5365813
附件一（训练集）.xlsx|材料4|2601,4,96481.91325,108870.068868,94381.2907129,102014.495106
附件一（训练集）.xlsx|材料4|2602,4,278232.1374,334506.178356,285787.334212,297705.675263
附件一（训练集）.xlsx|材料4|2603,3,478232.395,511077.172103,505466.440968,518704.699369
附件一（训练集）.xlsx|材料4|2604,3,617410.5822,581298.470735,562240.64529,600498.895946
附件一（训练集）.xlsx|材料4|2605,0,818099.1759,773239.909244,776879.476106,789505.93554
附件一（训练集）.xlsx|材料4|2606,0,1073646.719,993641.961105,993217.127811,1002831.10015
附件一（训练集）.xlsx|材料4|2607,1,7010.305802,7574.931489,6003.77393381,6130.9087876
附件一（训练集）.xlsx|材料4|2608,1,8559.761966,7931.5185653,7742.62620655,7943.51886116
附件一（训练集）.xlsx|材料4|2609,3,11077.00552,11473.8035038,10820.8102558,10557.3630092
附件一（训练集）.xlsx|材料4|261,2,4155.619808,3808.64249395,4268.51620773,4169.68094704
附件一（训练集）.xlsx|材料4|2610,3,13929.70291,13152.7044138,13415.921527,13438.1047928
附件一（训练集）.xlsx|材料4|2611,3,22279.33652,21233.9557836,19961.6853249,19428.4935962
附件一（训练集）.xlsx|材料4|2612,3,97580.1519,91056.0757398,85016.0700038,90113.3891331
附件一（训练集）.xlsx|材料4|2613,4,125403.8592,133237.532584,120196.143338,127879.988188
附件一（训练集）.xlsx|材料4|2614,4,161832.5842,161971.141108,158798.731714,158291.978856
附件一（训练集）.xlsx|材料4|2615,0,209240.4666,219378.171356,201619.303294,207530.485904
附件一（训练集）.xlsx|材料4|2616,4,357218.4982,365923.277692,342371.728465,341967.050345
附件一（训练集）.xlsx|材料4|2617,0,1037205.984,944970.180479,949380.521493,953537.590939
附件一（训练集）.xlsx|材料4|2618,1,4372.538746,5254.61473683,3572.43974182,3946.88498204
附件一（训练集）.xlsx|材料4|2619,4,6228.189046,12299.3901124,7794.65254249,7160.00664616
附件一（训练集）.xlsx|材料4|262,2,5595.303543,5182.64753413,5847.53541424,6121.4637837
附件一（训练集）.xlsx|材料4|2620,1,3692.790187,6557.31401865,3666.25935319,3824.72555558
附件一（训练集）.xlsx|材料4|2621,1,5128.611973,9400.426384,4971.24505048,4979.1199708
附件一（训练集）.xlsx|材料4|2622,4,14160.9385,30786.6028813,15322.2524942,13892.1323631
附件一（训练集）.xlsx|材料4|2623,4,18528.79256,52872.8002937,18909.7159634,18299.3573562
附件一（训练集）.xlsx|材料4|2624,3,8178.1508,7801.15484391,7489.7531396,7321.91623531
附件一（训练集）.xlsx|材料4|2625,3,10691.02129,10395.8263865,10090.3086016,10361.6077721
附件一（训练集）.xlsx|材料4|2626,3,17000.88579,15955.3783988,15811.6373026,15228.6227455
附件一（训练集）.xlsx|材料4|2627,2,21599.18807,23352.356852,21864.5455141,21931.0366681
附件一（训练集）.xlsx|材料4|2628,0,162365.0547,179732.171216,166170.470727,162937.894371
附件一（训练集）.xlsx|材料4|2629,4,279739.9476,332422.179623,283104.292215,296195.088658
附件一（训练集）.xlsx|材料4|263,3,7596.579748,7245.50062939,7633.68649325,7539.1631692
附件一（训练集）.xlsx|材料4|2630,4,365332.1849,405822.609821,367163.787262,375768.956069
附件一（训练集）.xlsx|材料4|2631,0,821390.5433,773239.909244,818571.052683,803660.824112
附件一（训练集）.xlsx|材料4|2632,1,7032.701719,7574.931489,5978.61017529,6096.63912713
附件一（训练集）.xlsx|材料4|2633,3,11217.91265,11473.8035038,10803.5782439,10506.6153183
附件一（训练集）.xlsx|材料4|2634,3,14082.73586,13381.1162548,13223.1050969,13193.6457471
附件一（训练集）.xlsx|材料4|2635,3,17709.20994,17786.4320991,15902.606199,15619.7704888
附件一（训练集）.xlsx|材料4|2636,3,22449.9242,21233.9557836,20079.3312765,19552.9660268
附件一（训练集）.xlsx|材料4|2637,3,76640.10262,76387.9187664,64734.1042482,67683.9272612
附件一（训练集）.xlsx|材料4|2638,4,126089.9491,133237.532584,120204.903058,127261.181088
附件一（训练集）.xlsx|材料4|2639,0,210693.4978,219378.171356,203001.627405,201869.235316
附件一（训练集）.xlsx|材料4|264,1,13819.34605,14510.6436524,14462.8974463,14846.4889558
附件一（训练集）.xlsx|材料4|2640,0,275821.515,270641.206877,272710.579041,268821.960838
附件一（训练集）.xlsx|材料4|2641,4,359274.2599,365923.277692,344869.287862,341177.254016
附件一（训练集）.xlsx|材料4|2642,4,469658.1155,469405.329814,438741.087787,437517.808471
附件一（训练集）.xlsx|材料4|2643,3,603182.1045,568838.038904,628324.038617,597078.760642
附件一（训练集）.xlsx|材料4|2644,3,793730.7934,782308.397569,748198.769901,782322.995596
附件一（训练集）.xlsx|材料4|2645,2,9051.788055,8870.18315562,9032.16250379,9541.81239002
附件一（训练集）.xlsx|材料4|2646,2,16993.55121,17060.609059,18877.452982,19036.0370813
附件一（训练集）.xlsx|材料4|2647,4,48420.23128,54660.0902861,51129.6192226,48986.4022707
附件一（训练集）.xlsx|材料4|2648,4,68854.54404,80947.6380036,79504.9275731,74421.0617571
附件一（训练集）.xlsx|材料4|2649,4,250482.2009,248396.954698,236090.496672,232059.918615
附件一（训练集）.xlsx|材料4|265,1,18719.7221,19868.6491116,20382.2018266,20364.3290126
附件一（训练集）.xlsx|材料4|2650,2,440075.7886,448456.224931,452742.802675,458616.477844
附件一（训练集）.xlsx|材料4|2651,4,1887.645643,1938.00713308,2111.48714679,2173.20090912
附件一（训练集）.xlsx|材料4|2652,4,2437.573874,2467.17914268,2581.46921702,2758.50606484
附件一（训练集）.xlsx|材料4|2653,2,3353.540191,3083.45468305,3593.1719926,3742.53577398
附件一（训练集）.xlsx|材料4|2654,2,8517.533296,8293.01068265,8156.06573512,8820.52242143
附件一（训练集）.xlsx|材料4|2655,2,11446.38822,10222.8500429,10761.5057245,11101.5715132
附件一（训练集）.xlsx|材料4|2656,3,21657.33445,21038.6744325,24542.252984,23269.3366455
附件一（训练集）.xlsx|材料4|2657,0,42174.92392,45888.1282124,43059.9234661,46147.5753114
附件一（训练集）.xlsx|材料4|2658,0,58624.37899,61834.0621247,56534.9938994,63944.8107707
附件一（训练集）.xlsx|材料4|2659,3,157236.597,159490.116659,162409.477645,174711.936805
附件一（训练集）.xlsx|材料4|266,0,25398.54047,25780.2361814,26563.9126922,26201.3722632
附件一（训练集）.xlsx|材料4|2660,3,289809.1065,323083.595557,283827.946459,301540.013608
附件一（训练集）.xlsx|材料4|2661,3,385365.7762,397513.912561,352393.836598,379551.64411
附件一（训练集）.xlsx|材料4|2662,1,497724.3603,458819.698125,462495.267831,526651.195697
附件一（训练集）.xlsx|材料4|2663,0,2581.461957,2530.39377125,2672.30457717,2815.27440147
附件一（训练集）.xlsx|材料4|2664,0,3376.283844,3072.48017566,3335.63723918,3425.45878286
附件一（训练集）.xlsx|材料4|2665,2,6346.098003,6761.54006814,6464.42294543,6714.69101333
附件一（训练集）.xlsx|材料4|2666,0,8446.726077,8650.42516147,7718.82038455,8306.32890588
附件一（训练集）.xlsx|材料4|2667,0,11466.37099,11979.8750738,11216.4843146,12216.9163952
附件一（训练集）.xlsx|材料4|2668,3,22077.81264,21696.8477765,22728.1780023,22492.1639718
附件一（训练集）.xlsx|材料4|2669,3,42304.31802,42631.4154973,49550.9559956,46900.709535
附件一（训练集）.xlsx|材料4|267,0,33951.36353,38829.1233881,37384.6218803,37252.798383
附件一（训练集）.xlsx|材料4|2670,1,57865.83547,60954.2206393,64125.8288177,63247.5234014
附件一（训练集）.xlsx|材料4|2671,3,113902.6575,117907.813794,129378.71787,126623.719497
附件一（训练集）.xlsx|材料4|2672,3,158006.8662,159934.14307,163057.787451,154408.044284
附件一（训练集）.xlsx|材料4|2673,3,216576.3278,214533.681088,231102.742817,221027.459014
附件一（训练集）.xlsx|材料4|2674,4,390415.6102,394433.429291,379299.540214,395274.321463
附件一（训练集）.xlsx|材料4|2675,4,699528.605,692708.524679,697684.78386,712405.047046
附件一（训练集）.xlsx|材料4|2676,0,1672.878601,1690.29536101,1971.02633628,1999.42840205
附件一（训练集）.xlsx|材料4|2677,0,2254.8444,2255.64884203,2515.14700031,2421.95492751
附件一（训练集）.xlsx|材料4|2678,0,4060.985155,3781.95277947,4284.81226776,4371.35970601
附件一（训练集）.xlsx|材料4|2679,2,5489.0706,5943.50071891,5745.37420852,6173.34126832
附件一（训练集）.xlsx|材料4|268,0,46641.33734,50245.3374774,45863.771407,45376.5340195
附件一（训练集）.xlsx|材料4|2680,2,7346.179841,7635.4618492,6902.14676621,7270.00532505
附件一（训练集）.xlsx|材料4|2681,0,13664.75517,13302.6070644,12426.9767659,13595.1401086
附件一（训练集）.xlsx|材料4|2682,3,18851.26972,18869.9233785,18368.0047563,18239.113535
附件一（训练集）.xlsx|材料4|2683,3,36095.7718,39477.5701494,40627.3031381,38308.4891685
附件一（训练集）.xlsx|材料4|2684,1,96112.36336,98710.2220318,99851.4545654,99207.2700071
附件一（训练集）.xlsx|材料4|2685,3,133504.7712,135175.181843,140120.696604,135302.610571
附件一（训练集）.xlsx|材料4|2686,3,183754.9312,195873.435602,198895.844731,195053.519781
附件一（训练集）.xlsx|材料4|2687,3,337961.0654,331409.899943,349365.357656,366770.298677
附件一（训练集）.xlsx|材料4|2688,4,461321.1916,477587.082481,460558.119623,451040.822698
附件一（训练集）.xlsx|材料4|2689,4,611531.2733,659861.867487,585974.973017,593198.063926
附件一（训练集）.xlsx|材料4|269,0,59795.13006,60707.3582243,61250.7466975,61750.6844494
附件一（训练集）.xlsx|材料4|2690,4,817400.8936,863721.083885,857005.075004,846967.390109
附件一（训练集）.xlsx|材料4|2691,0,936.6107236,1033.92218711,1091.51557341,1149.21409219
附件一（训练集）.xlsx|材料4|2692,1,1508.071123,1557.05020087,1870.78851841,1701.51089571
附件一（训练集）.xlsx|材料4|2693,3,3641.251222,3740.28035488,3832.22483951,3806.50778949
附件一（训练集）.xlsx|材料4|2694,3,4881.65922,4900.15799072,5252.24708904,4882.94183975
附件一（训练集）.xlsx|材料4|2695,3,6529.682936,6888.95885987,7673.33241679,7867.17429376
附件一（训练集）.xlsx|材料4|2696,2,11981.27954,12549.6124377,10929.4043831,10903.1330593
附件一（训练集）.xlsx|材料4|2697,2,16518.66381,16450.6378104,14830.2398531,14412.0833351
附件一（训练集）.xlsx|材料4|2698,4,31211.7419,33584.1654885,34606.171421,34209.1845399
附件一（训练集）.xlsx|材料4|2699,3,41966.91305,40754.0686209,43579.2044449,42897.243376
附件一（训练集）.xlsx|材料4|27,4,32242.54515,33668.4859406,34320.8653023,32917.3141426
附件一（训练集）.xlsx|材料4|270,4,107734.0556,102903.783542,108237.20358,104178.286974
附件一（训练集）.xlsx|材料4|2700,4,113947.5728,132856.345618,114417.074484,115387.393099
附件一（训练集）.xlsx|材料4|2701,4,156488.9254,172646.805242,162699.101943,165568.070911
附件一（训练集）.xlsx|材料4|2702,4,218302.1025,246465.462862,255737.135389,270456.555588
附件一（训练集）.xlsx|材料4|2703,2,543023.4561,590463.014429,560076.418532,578771.73381
附件一（训练集）.xlsx|材料4|2704,0,1130.830942,1313.47895777,1164.67093775,1264.35784575
附件一（训练集）.xlsx|材料4|2705,1,1404.786729,1498.39896318,1709.94314846,1577.61252831
附件一（训练集）.xlsx|材料4|2706,1,1897.084552,1967.50635369,2173.36583167,2212.58415685
附件一（训练集）.xlsx|材料4|2707,3,2446.127793,2626.87784213,2618.05557729,2865.46736345
附件一（训练集）.xlsx|材料4|2708,3,3315.539539,3707.51484739,3413.34601789,3488.34291488
附件一（训练集）.xlsx|材料4|2709,3,4487.844101,4727.72105465,4318.16184132,4433.75469576
附件一（训练集）.xlsx|材料4|271,4,141558.01,133715.667363,136851.416454,135174.99208
附件一（训练集）.xlsx|材料4|2710,2,14721.82957,15826.3510722,14914.4275902,15344.5775147
附件一（训练集）.xlsx|材料4|2711,4,37020.14549,32349.6965468,33955.9425232,33211.6233222
附件一（训练集）.xlsx|材料4|2712,4,99913.25252,106549.360913,97965.3987125,97099.5347838
附件一（训练集）.xlsx|材料4|2713,4,135410.2671,161127.588067,148832.408977,148820.363877
附件一（训练集）.xlsx|材料4|2714,4,252376.2307,235814.137667,221896.447304,229504.172657
附件一（训练集）.xlsx|材料4|2715,1,352046.708,364427.674935,383917.14957,379532.803924
附件一（训练集）.xlsx|材料4|2716,1,480625.5842,464884.836006,482901.790235,469719.146213
附件一（训练集）.xlsx|材料4|2717,2,858241.235,864531.943265,909401.393776,855125.579598
附件一（训练集）.xlsx|材料4|2718,1,860.7206848,955.379000917,960.548120713,992.600929211
附件一（训练集）.xlsx|材料4|2719,1,1105.121299,1194.55176263,1209.27016271,1279.84640963
附件一（训练集）.xlsx|材料4|272,4,188023.9183,197447.497685,210529.097946,213380.205547
附件一（训练集）.xlsx|材料4|2720,1,1434.530984,1309.59438373,1418.04564652,1366.3284186
附件一（训练集）.xlsx|材料4|2721,1,2342.48345,2272.10750173,2509.1963312,2360.61634486
附件一（训练集）.xlsx|材料4|2722,4,4237.268718,3963.68594706,4622.14328896,4465.15775456
附件一（训练集）.xlsx|材料4|2723,2,25198.59808,31436.8961126,24685.1663737,24952.8323053
附件一（训练集）.xlsx|材料4|2724,3,33512.52405,31864.1429687,33862.5172197,30487.3106504
附件一（训练集）.xlsx|材料4|2725,3,88075.70794,101092.087233,91569.1341693,90542.6279823
附件一（训练集）.xlsx|材料4|2726,2,120740.5843,125703.529512,121458.772353,129790.173649
附件一（训练集）.xlsx|材料4|2727,2,222188.1829,217649.467355,214946.645338,225018.161771
附件一（训练集）.xlsx|材料4|2728,4,422974.096,435774.902079,413141.804913,411831.709918
附件一（训练集）.xlsx|材料4|2729,4,576210.9197,586561.447687,585641.293241,567980.958145
附件一（训练集）.xlsx|材料4|273,4,419140.3155,434775.854032,405286.339853,398822.834657
附件一（训练集）.xlsx|材料4|2730,1,865.5138026,1018.56606356,1023.61479386,1030.35864965
附件一（训练集）.xlsx|材料4|2731,1,1088.861598,1222.10827162,1162.2963502,1205.99631764
附件一（训练集）.xlsx|材料4|2732,1,1837.301742,1829.8933475,1898.37896409,2011.60000958
附件一（训练集）.xlsx|材料4|2733,1,2275.964139,2427.40370472,2605.9163097,2483.47711088
附件一（训练集）.xlsx|材料4|2734,1,3092.119189,3549.14313846,3676.83958276,3539.15296689
附件一（训练集）.xlsx|材料4|2735,2,4049.492341,4637.32169972,4353.99580975,3923.18988064
附件一（训练集）.xlsx|材料4|2736,2,5457.170529,4969.32338069,5338.57656459,5305.37786764
附件一（训练集）.xlsx|材料4|2737,1,7072.597403,7310.98123871,7801.4154959,7375.06434692
附件一（训练集）.xlsx|材料4|2738,1,9534.942696,8456.53774856,10705.0566968,10461.1463424
附件一（训练集）.xlsx|材料4|2739,3,22948.39357,27667.3569289,27006.0512573,27255.3360685
附件一（训练集）.xlsx|材料4|274,1,1903.794225,1759.2037729,1844.1033615,1760.39650532
附件一（训练集）.xlsx|材料4|2740,3,30669.3213,33359.5655348,35356.4790519,36700.0547345
附件一（训练集）.xlsx|材料4|2741,1,42107.04789,43922.9903197,40992.6022598,43601.5435914
附件一（训练集）.xlsx|材料4|2742,2,106715.3952,120012.036445,118384.665418,118136.669478
附件一（训练集）.xlsx|材料4|2743,3,148207.2971,153693.522096,156255.841243,150931.0401
附件一（训练集）.xlsx|材料4|2744,0,371880.6912,425975.437866,419217.48451,431546.553345
附件一（训练集）.xlsx|材料4|2745,4,689416.2729,739911.258415,803021.267891,773422.104288
附件一（训练集）.xlsx|材料4|2746,2,885.5499466,893.853594069,802.259259607,845.823167442
附件一（训练集）.xlsx|材料4|2747,1,1387.917856,1319.89441189,1243.75382494,1270.93641199
附件一（训练集）.xlsx|材料4|2748,1,1835.291182,1702.98198549,1543.21986312,1624.16566038
附件一（训练集）.xlsx|材料4|2749,2,5316.714222,4879.98324635,4392.58027841,4210.32250547
附件一（训练集）.xlsx|材料4|275,2,2607.671679,1943.88878203,2553.82665915,2511.32920854
附件一（训练集）.xlsx|材料4|2750,2,6965.428384,6149.90649182,5896.57989603,5778.82266639
附件一（训练集）.xlsx|材料4|2751,1,12142.11887,11542.5029637,12562.8334418,13289.275117
附件一（训练集）.xlsx|材料4|2752,3,16149.0125,17040.8409809,16703.5174454,14912.9673044
附件一（训练集）.xlsx|材料4|2753,3,21653.07448,23332.147463,23175.0474622,21870.5273642
附件一（训练集）.xlsx|材料4|2754,3,38897.56573,43097.3783212,41772.3768831,41234.9900728
附件一（训练集）.xlsx|材料4|2755,1,52638.8522,58478.9414154,54664.3482906,56817.5352745
附件一（训练集）.xlsx|材料4|2756,1,71063.74258,74379.3620994,78211.6154811,75529.4930062
附件一（训练集）.xlsx|材料4|2757,2,131344.2054,161931.248178,158490.244409,153941.631667
附件一（训练集）.xlsx|材料4|2758,3,173859.6346,194379.243566,176283.270158,180735.377693
附件一（训练集）.xlsx|材料4|2759,3,237783.2224,253105.351882,203372.968646,205212.025231
附件一（训练集）.xlsx|材料4|276,2,3472.788134,3014.89394439,3337.74170453,3531.32250391
附件一（训练集）.xlsx|材料4|2760,0,325056.6612,336576.722476,318722.359057,341018.273815
附件一（训练集）.xlsx|材料4|2761,0,445106.2643,456379.783308,480960.435568,495763.825347
附件一（训练集）.xlsx|材料4|2762,2,910.4232892,1090.15851647,999.154937199,974.98856427
附件一（训练集）.xlsx|材料4|2763,2,1155.819283,1345.08054149,1097.7299731,1139.11651181
附件一（训练集）.xlsx|材料4|2764,2,1469.525916,1523.03004675,1431.75719892,1403.40322271
附件一（训练集）.xlsx|材料4|2765,0,2407.988211,2391.43251372,2436.02297544,2592.63329879
附件一（训练集）.xlsx|材料4|2766,0,3184.556657,3810.68877092,3812.89479694,3725.9272799
附件一（训练集）.xlsx|材料4|2767,3,4073.54316,4266.81249334,4314.273491,3984.30244876
附件一（训练集）.xlsx|材料4|2768,1,7020.727579,6870.14635664,6350.65640799,6280.0299808
附件一（训练集）.xlsx|材料4|2769,1,9285.460379,9673.31011647,8700.61351302,9523.15316449
附件一（训练集）.xlsx|材料4|277,4,4741.084064,4212.00217716,4360.98651004,4424.9902565
附件一（训练集）.xlsx|材料4|2770,0,15864.57933,16809.2376892,14730.9171592,14303.2797353
附件一（训练集）.xlsx|材料4|2771,0,21174.31412,20787.8705164,18742.7996626,19014.6586337
附件一（训练集）.xlsx|材料4|2772,0,27643.25056,30305.4255051,29204.1361709,30082.3362792
附件一（训练集）.xlsx|材料4|2773,3,50454.10043,46961.6477696,55984.3261236,56338.4176575
附件一（训练集）.xlsx|材料4|2774,3,90252.19116,116961.60749,114672.132391,107050.086007
附件一（训练集）.xlsx|材料4|2775,0,222585.662,216790.31162,200481.149716,210324.058714
附件一（训练集）.xlsx|材料4|2776,2,1208.404071,1443.817999,1237.1987096,1188.50946206
附件一（训练集）.xlsx|材料4|2777,2,1524.627054,1577.51027784,1346.3970586,1334.87200279
附件一（训练集）.xlsx|材料4|2778,0,3282.663117,3461.35636971,3679.33455593,3796.15203251
附件一（训练集）.xlsx|材料4|2779,0,4260.832605,4673.46596873,5027.25070711,4622.04282639
附件一（训练集）.xlsx|材料4|278,4,6363.955178,5390.92532687,5865.93128276,6009.20387536
附件一（训练集）.xlsx|材料4|2780,3,5377.837228,5054.60107517,5709.8598134,5660.24507697
附件一（训练集）.xlsx|材料4|2781,3,6955.580249,6503.15023273,7236.82652591,7779.94627257
附件一（训练集）.xlsx|材料4|2782,1,9170.241099,8906.99083371,8189.20320599,8310.34072522
附件一（训练集）.xlsx|材料4|2783,1,11939.63669,10714.1508903,11422.6957139,11537.2075129
附件一（训练集）.xlsx|材料4|2784,0,15606.50248,13939.774699,15856.3079422,14988.3341733
附件一（训练集）.xlsx|材料4|2785,0,26563.0324,27790.4741139,28242.8871884,27425.8596574
附件一（训练集）.xlsx|材料4|2786,3,83919.57807,110802.019499,76427.3649638,86590.135179
附件一（训练集）.xlsx|材料4|2787,3,112956.39,137053.933761,128322.540931,125991.477824
附件一（训练集）.xlsx|材料4|2788,3,147685.1277,203502.138603,182501.343729,183166.707705
附件一（训练集）.xlsx|材料4|2789,0,271353.0046,278394.186101,244726.803708,252192.782548
附件一（训练集）.xlsx|材料4|279,0,11829.43053,11652.2470344,12161.28884,12677.8627214
附件一（训练集）.xlsx|材料4|2790,2,2590.528679,2376.48864733,2276.31017199,2220.8368697
附件一（训练集）.xlsx|材料4|2791,2,3405.021817,3287.11522935,3409.01759449,3385.9551394
附件一（训练集）.xlsx|材料4|2792,0,5682.513094,4292.49665787,6250.48526784,6311.07871038
附件一（训练集）.xlsx|材料4|2793,3,7081.881633,5607.55584727,6760.49831364,7064.25750825
附件一（训练集）.xlsx|材料4|2794,3,9342.126164,8676.2062907,9633.00872051,10402.3220281
附件一（训练集）.xlsx|材料4|2795,1,12067.97461,9549.98665287,10302.0189536,10287.0727962
附件一（训练集）.xlsx|材料4|2796,1,15659.09591,14081.7126106,15390.130411,14489.9794821
附件一（训练集）.xlsx|材料4|2797,0,20604.90021,17974.2632926,19208.2132213,20692.7443544
附件一（训练集）.xlsx|材料4|2798,0,26504.28428,21418.1177971,25476.4750921,24164.0068938
附件一（训练集）.xlsx|材料4|2799,0,46232.49153,46322.9126233,51698.9864628,51362.4663076
附件一（训练集）.xlsx|材料4|28,2,55018.15883,56633.3326733,54100.4615781,54093.3503216
附件一（训练集）.xlsx|材料4|280,1,21957.91259,25865.4025161,24535.8505277,22377.7709729
附件一（训练集）.xlsx|材料4|2800,3,61458.0859,61636.807953,61299.6564753,64448.5324131
附件一（训练集）.xlsx|材料4|2801,3,107581.1893,111785.11588,121012.71515,135190.734958
附件一（训练集）.xlsx|材料4|281,1,29642.75762,30258.2237283,31720.5414785,29010.0365413
附件一（训练集）.xlsx|材料4|282,3,70548.84659,65348.7139567,66425.6580046,63958.391757
附件一（训练集）.xlsx|材料4|283,1,129581.8358,150024.708951,140812.600656,148298.662452
附件一（训练集）.xlsx|材料4|284,1,168536.8885,174538.401709,173139.404829,172034.016935
附件一（训练集）.xlsx|材料4|285,1,221064.1691,210141.520358,218535.903833,214633.909027
附件一（训练集）.xlsx|材料4|286,4,288977.1968,260446.187263,253426.428299,254302.517026
附件一（训练集）.xlsx|材料4|287,4,376315.3855,301710.760149,327171.618261,320070.761281
附件一（训练集）.xlsx|材料4|288,4,914.8212901,993.764929779,954.980246576,1026.87203585
附件一（训练集）.xlsx|材料4|289,1,1609.944027,1540.17448213,1628.86441248,1516.97792347
附件一（训练集）.xlsx|材料4|29,4,94000.05852,102371.541556,93907.5005692,92153.9651379
附件一（训练集）.xlsx|材料4|290,1,2221.631435,2234.80664594,2057.2042064,1925.86481523
附件一（训练集）.xlsx|材料4|291,2,2969.773281,2580.08833999,2561.6303991,2427.35504448
附件一（训练集）.xlsx|材料4|292,2,4043.141077,3822.1815096,3614.47722666,3569.72531824
附件一（训练集）.xlsx|材料4|293,4,5496.183219,5320.16694563,5101.91133191,5329.68348696
附件一（训练集）.xlsx|材料4|294,0,13565.05913,13986.5298845,13874.4226571,14461.717181
附件一（训练集）.xlsx|材料4|295,1,25436.6022,24725.6651633,24966.2077473,24060.8525177
附件一（训练集）.xlsx|材料4|296,1,34964.14077,36666.815975,37386.8336841,37368.3803417
附件一（训练集）.xlsx|材料4|297,1,45476.47656,43057.290022,46319.6704268,46858.0843257
附件一（训练集）.xlsx|材料4|298,1,198615.0116,210220.279283,206562.87965,197079.377342
附件一（训练集）.xlsx|材料4|299,1,255817.9545,237769.236074,258229.695202,266156.552217
附件一（训练集）.xlsx|材料4|3,2,4427.524958,4366.31331749,4373.45953264,4406.99892155
附件一（训练集）.xlsx|材料4|30,1,1483.807827,1411.5158443,1594.64265936,1569.37264971
附件一（训练集）.xlsx|材料4|300,4,343834.7292,323496.059944,313919.679898,297822.524564
附件一（训练集）.xlsx|材料4|301,1,2505.18737,2556.20274671,2422.34746051,2440.81436332
附件一（训练集）.xlsx|材料4|302,0,4739.26438,4508.65677171,4560.57252443,4388.21161588
附件一（训练集）.xlsx|材料4|303,3,6395.709476,6465.33255629,5573.73870256,5294.75961284
附件一（训练集）.xlsx|材料4|304,3,8590.413062,7760.18752722,7622.79071908,7263.29265531
附件一（训练集）.xlsx|材料4|305,1,11887.96602,12691.7021354,12893.7540091,11783.6558494
附件一（训练集）.xlsx|材料4|306,1,16145.34462,16859.0839033,15991.5394737,16482.5403706
附件一（训练集）.xlsx|材料4|307,2,30622.48899,31472.8943965,34503.9497093,34058.2739149
附件一（训练集）.xlsx|材料4|308,3,54589.46084,47344.1675299,53135.4968987,54796.8290104
附件一（训练集）.xlsx|材料4|309,0,73342.96412,65189.7877837,64213.8568158,63572.4308617
附件一（训练集）.xlsx|材料4|31,2,6680.186414,6523.40896492,5784.48694839,5880.97395659
附件一（训练集）.xlsx|材料4|310,0,99348.44855,92864.7942775,86607.1454324,84046.2839126
附件一（训练集）.xlsx|材料4|311,2,135296.4185,128650.947358,114686.379269,122213.570715
附件一（训练集）.xlsx|材料4|312,2,177462.1571,180299.279868,164055.903056,177155.614724
附件一（训练集）.xlsx|材料4|313,3,231826.6965,199056.52249,218764.42444,217873.881263
附件一（训练集）.xlsx|材料4|314,4,920.6728312,1007.35553557,991.675938404,1017.04089732
附件一（训练集）.xlsx|材料4|315,3,1261.493523,1181.73575458,1155.38584549,1154.92007653
附件一（训练集）.xlsx|材料4|316,3,1714.49092,1674.78043521,1472.84814933,1573.32877749
附件一（训练集）.xlsx|材料4|317,1,2183.338074,2105.6920674,2181.58877845,2028.34071241
附件一（训练集）.xlsx|材料4|318,3,5526.401257,5263.37451498,4806.54457804,4780.53003144
附件一（训练集）.xlsx|材料4|319,4,18857.48663,20026.771717,20920.4510783,20848.5270033
附件一（训练集）.xlsx|材料4|32,0,11906.01335,12837.4127695,11732.0422659,11441.7473346
附件一（训练集）.xlsx|材料4|320,0,47953.03261,45564.6681578,39919.6217411,40135.4977745
附件一（训练集）.xlsx|材料4|321,2,157566.3857,156290.329104,151834.140868,150160.560015
附件一（训练集）.xlsx|材料4|322,4,276763.5255,269460.57162,259691.913932,253659.762956
附件一（训练集）.xlsx|材料4|323,4,921.7414954,974.322645712,1013.78166019,1008.85320357
附件一（训练集）.xlsx|材料4|324,4,1111.82834,1138.55619777,1166.25594759,1126.72891823
附件一（训练集）.xlsx|材料4|325,3,1504.356508,1403.85358633,1330.84914953,1330.50419058
附件一（训练集）.xlsx|材料4|326,3,1970.678742,1653.15877532,1662.95191684,1731.68769918
附件一（训练集）.xlsx|材料4|327,1,3533.092857,3884.43881078,3994.31720087,3460.73452226
附件一（训练集）.xlsx|材料4|328,3,4732.51095,4174.45807332,4136.74819502,4223.42265849
附件一（训练集）.xlsx|材料4|329,3,6571.056775,6569.58834515,6255.21702693,6639.05338167
附件一（训练集）.xlsx|材料4|33,1,20951.22762,21595.5288869,21675.2685901,22420.1643452
附件一（训练集）.xlsx|材料4|330,4,8864.491348,8706.51304066,8584.95692239,8365.48278011
附件一（训练集）.xlsx|材料4|331,4,23208.97704,23578.6060763,22031.2178162,20890.4374374
附件一（训练集）.xlsx|材料4|332,3,31046.74271,30117.8476985,29987.2605118,32012.1911726
附件一（训练集）.xlsx|材料4|333,3,42599.9263,45425.0430042,43719.7009198,43660.1008891
附件一（训练集）.xlsx|材料4|334,0,106644.1804,132810.77826,120830.889715,123206.618656
附件一（训练集）.xlsx|材料4|335,2,185399.6721,177208.559028,175445.989187,175988.732029
附件一（训练集）.xlsx|材料4|336,2,249220.8107,246165.387966,240350.956832,236073.324743
附件一（训练集）.xlsx|材料4|337,4,1203.905645,1184.02350013,1152.35274912,1217.30742614
附件一（训练集）.xlsx|材料4|338,4,1351.764897,1432.4668642,1310.34541264,1398.51498395
附件一（训练集）.xlsx|材料4|339,3,1764.052507,1616.38183207,1616.27165179,1620.62353315
附件一（训练集）.xlsx|材料4|34,4,47751.87072,49077.5596075,50626.3278331,47420.5962849
附件一（训练集）.xlsx|材料4|340,3,2386.9866,2221.07383797,2207.60755943,2208.45422025
附件一（训练集）.xlsx|材料4|341,1,3212.297969,3164.64171804,3419.66589921,3707.92392309
附件一（训练集）.xlsx|材料4|342,1,4194.252118,3626.35180305,4139.96828531,4367.38171729
附件一（训练集）.xlsx|材料4|343,4,10782.59638,10207.3493724,10048.5166652,11054.7652739
附件一（训练集）.xlsx|材料4|344,4,14743.85866,14899.713921,14333.8063112,15495.915788
附件一（训练集）.xlsx|材料4|345,4,20741.73716,19047.3431874,19468.0622504,20074.4868349
附件一（训练集）.xlsx|材料4|346,4,27321.9088,29033.9544647,27988.5280145,29079.9844257
附件一（训练集）.xlsx|材料4|347,3,37308.94134,37690.5613803,36331.6803511,38303.0923224
附件一（训练集）.xlsx|材料4|348,3,50173.35757,52509.2852901,51451.9555254,54625.9385566
附件一（训练集）.xlsx|材料4|349,0,69282.98265,69223.4438006,64434.603689,65225.9807575
附件一（训练集）.xlsx|材料4|35,3,63801.52671,67135.7634941,68568.7316673,66722.7061041
附件一（训练集）.xlsx|材料4|350,0,93045.6595,101750.540475,95897.2190299,104394.95444
附件一（训练集）.xlsx|材料4|351,0,127451.9018,134716.397374,117631.068585,126390.788472
附件一（训练集）.xlsx|材料4|352,2,224464.2837,218252.39602,221436.725604,231776.530641
附件一（训练集）.xlsx|材料4|353,0,1616.818791,1645.12580967,1563.84876216,1537.02438042
附件一（训练集）.xlsx|材料4|354,0,1654.560867,1640.29051769,1617.81498613,1664.59231274
附件一（训练集）.xlsx|材料4|355,4,2218.270872,2070.82727675,2242.89520917,2269.06141808
附件一（训练集）.xlsx|材料4|356,4,2951.469728,2749.40111044,2895.16474093,2894.38897338
附件一（训练集）.xlsx|材料4|357,4,3986.566819,3618.6606384,3863.91338657,4165.75754691
附件一（训练集）.xlsx|材料4|358,1,9718.199442,10128.8107579,9952.90354363,9010.81143409
附件一（训练集）.xlsx|材料4|359,1,13245.37816,13115.8979482,13440.638509,12351.0898598
附件一（训练集）.xlsx|材料4|36,1,106342.9168,111068.606372,109707.42118,112654.450991
附件一（训练集）.xlsx|材料4|360,1,18566.84629,16799.5226508,17304.3799605,17559.5936783
附件一（训练集）.xlsx|材料4|361,1,33476.17127,36138.8965427,31868.5407517,30452.4559211
附件一（训练集）.xlsx|材料4|362,2,44272.10612,43927.083258,38704.9656136,38040.6222134
附件一（训练集）.xlsx|材料4|363,2,83792.38334,87627.5014329,84450.3937722,87786.560577
附件一（训练集）.xlsx|材料4|364,0,2079.063343,2102.35635082,2063.51483174,2019.21939082
附件一（训练集）.xlsx|材料4|365,0,2050.603171,2102.35635082,2048.44875153,2002.68954713
附件一（训练集）.xlsx|材料4|366,1,12089.84466,13000.4533336,12548.6336667,12019.8463423
附件一（训练集）.xlsx|材料4|367,1,16844.48005,18120.7057425,17617.406375,16277.8620714
附件一（训练集）.xlsx|材料4|368,1,22385.56143,23933.8591509,23454.1555708,22375.4913724
附件一（训练集）.xlsx|材料4|369,2,55332.86957,55854.5614337,51347.8946574,49860.5369003
附件一（训练集）.xlsx|材料4|37,4,1666.618794,1501.23734493,1547.65145748,1530.33546607
附件一（训练集）.xlsx|材料4|370,2,74903.27862,77267.7123348,77719.524554,79353.5947279
附件一（训练集）.xlsx|材料4|371,2,137613.7977,161682.659924,153840.539738,156288.384158
附件一（训练集）.xlsx|材料4|372,3,2807.662554,3164.92522839,2999.22431929,3017.24062611
附件一（训练集）.xlsx|材料4|373,3,2700.682661,2826.10095232,2864.19050724,2838.42722783
附件一（训练集）.xlsx|材料4|374,2,3518.641575,3464.34691058,3578.98274628,3572.22412527
附件一（训练集）.xlsx|材料4|375,2,4731.148892,4780.70268286,4943.11312437,4819.02826042
附件一（训练集）.xlsx|材料4|376,1,6340.583795,7780.0896742,7434.46260253,7528.16236912
附件一（训练集）.xlsx|材料4|377,1,8267.868919,8668.53684273,8774.41166077,9172.34566142
附件一（训练集）.xlsx|材料4|378,0,11217.05045,14817.2655667,12880.5976136,12811.911124
附件一（训练集）.xlsx|材料4|379,4,27594.08754,29124.9185111,27578.9164656,28012.643848
附件一（训练集）.xlsx|材料4|38,4,2101.78054,2097.9347846,2170.23941198,2125.65849167
附件一（训练集）.xlsx|材料4|380,2,51073.77861,54534.7674508,51920.4630786,51107.0535922
附件一（训练集）.xlsx|材料4|381,3,93849.80093,100170.378181,97184.938361,102108.485621
附件一（训练集）.xlsx|材料4|382,4,124295.6155,114607.996484,117766.210614,115803.563052
附件一（训练集）.xlsx|材料4|383,4,166811.6102,155856.741457,158124.067741,158690.784845
附件一（训练集）.xlsx|材料4|384,4,3787.638153,4467.15512984,4027.10799459,4180.85439394
附件一（训练集）.xlsx|材料4|385,4,19305.34062,20234.1595798,18416.6204985,20184.6751061
附件一（训练集）.xlsx|材料4|386,2,47397.44198,53259.0807202,46642.1915156,46296.7490354
附件一（训练集）.xlsx|材料4|387,2,63923.27245,70022.0263491,66882.2692715,65810.0061973
附件一（训练集）.xlsx|材料4|388,3,87318.99549,87011.0158392,86283.9916609,92927.5478657
附件一（训练集）.xlsx|材料4|389,4,5146.277448,5617.89979016,5724.36108518,5990.20342064
附件一（训练集）.xlsx|材料4|39,4,2963.224939,2795.12887161,2981.06624824,2714.40892855
附件一（训练集）.xlsx|材料4|390,3,4644.258506,4853.47550816,5142.84619723,5182.54788362
附件一（训练集）.xlsx|材料4|391,4,7985.080258,8582.56722501,8406.17501981,8389.0724766
附件一（训练集）.xlsx|材料4|392,2,10567.53636,10689.1540123,10957.1729845,10678.2791128
附件一（训练集）.xlsx|材料4|393,2,14287.58212,14700.2941925,15880.9237717,16016.6771469
附件一（训练集）.xlsx|材料4|394,4,25196.07692,25787.6415052,27588.210488,28157.6147682
附件一（训练集）.xlsx|材料4|395,3,44975.13335,46765.6891152,48314.3756574,45231.8883584
附件一（训练集）.xlsx|材料4|396,3,106737.1627,113115.482041,116131.241498,119753.082891
附件一（训练集）.xlsx|材料4|397,4,10670.15975,11582.4329699,11122.52902,11294.0573278
附件一（训练集）.xlsx|材料4|398,2,14369.78568,14094.8891283,13090.328278,13311.5476846
附件一（训练集）.xlsx|材料4|399,4,24463.09098,24414.2520289,25537.435179,27222.6110413
附件一（训练集）.xlsx|材料4|4,2,5780.576037,6375.40223034,5542.01168874,5627.62403113
附件一（训练集）.xlsx|材料4|40,0,5505.247899,4614.57325064,5364.01818513,4980.80110481
附件一（训练集）.xlsx|材料4|400,3,43763.47862,46753.2156101,46747.9928102,45044.9325541
附件一（训练集）.xlsx|材料4|401,3,58098.28219,60167.0818693,57876.1826521,59915.6269026
附件一（训练集）.xlsx|材料4|402,2,78665.69735,83086.7622986,76094.404422,73527.6164492
附件一（训练集）.xlsx|材料4|403,3,136631.1432,143136.770675,135793.413211,142809.443635
附件一（训练集）.xlsx|材料4|404,1,9636.017035,10895.084794,9043.06730679,9034.42282514
附件一（训练集）.xlsx|材料4|405,0,8517.918182,8292.05992264,8163.0152961,8760.73390929
附件一（训练集）.xlsx|材料4|406,1,11142.03538,13905.6602779,12348.0602808,12559.3696614
附件一（训练集）.xlsx|材料4|407,2,32400.52383,42316.7213972,38146.98524,38834.1237393
附件一（训练集）.xlsx|材料4|408,2,43495.41551,48338.8927295,50425.458925,53246.955839
附件一（训练集）.xlsx|材料4|409,0,57381.81626,72167.1680416,66236.1232711,69471.0766887
附件一（训练集）.xlsx|材料4|41,4,7493.457734,7324.56151979,7622.50416527,7664.18103477
附件一（训练集）.xlsx|材料4|410,0,76728.29347,84269.6791561,79946.0638325,86081.4749434
附件一（训练集）.xlsx|材料4|411,3,132446.9614,156368.374921,145233.873227,153629.28631
附件一（训练集）.xlsx|材料4|412,2,774.6817594,872.9373397,807.264792471,820.782113469
附件一（训练集）.xlsx|材料4|413,2,930.3569399,1088.45627493,1051.05090009,1108.15229288
附件一（训练集）.xlsx|材料4|414,3,1281.413714,1083.90821208,1311.33211056,1345.44493308
附件一（训练集）.xlsx|材料4|415,1,2349.149921,2294.99304541,2460.55997177,2160.90742233
附件一（训练集）.xlsx|材料4|416,1,3219.466032,2798.09716838,3307.34874606,3002.55833496
附件一（训练集）.xlsx|材料4|417,1,5912.056812,6583.47458565,6185.14768159,6095.79681109
附件一（训练集）.xlsx|材料4|418,1,7794.278577,7545.8706653,7704.1484493,7211.5514249
附件一（训练集）.xlsx|材料4|419,1,10571.90482,10950.9928352,10106.7459722,11090.16595
附件一（训练集）.xlsx|材料4|42,3,13186.28828,15241.7603898,13487.9489541,14302.9726564
附件一（训练集）.xlsx|材料4|420,3,19017.98954,17089.8046835,17688.5940893,17927.3767292
附件一（训练集）.xlsx|材料4|421,3,25923.86434,24549.2719551,22875.3667334,23272.9842252
附件一（训练集）.xlsx|材料4|422,1,47759.04767,47203.1241025,41595.6331815,43057.9680723
附件一（训练集）.xlsx|材料4|423,1,63713.9464,72990.7862083,59565.6583872,65835.3854087
附件一（训练集）.xlsx|材料4|424,4,872.4124114,890.403169579,877.881006878,961.356264026
附件一（训练集）.xlsx|材料4|425,4,1177.373255,1034.51612606,1029.85802476,964.052701249
附件一（训练集）.xlsx|材料4|426,1,2109.723241,2126.91152638,2117.49545693,1983.39365155
附件一（训练集）.xlsx|材料4|427,3,2820.014652,2609.11700112,2963.4452722,2861.96837154
附件一（训练集）.xlsx|材料4|428,3,3804.158274,3937.88483394,3844.8638457,3820.6040148
附件一（训练集）.xlsx|材料4|429,1,5154.755848,5616.61710145,5617.63270593,5599.88664975
附件一（训练集）.xlsx|材料4|43,3,17535.64671,17735.7841223,15906.7580975,17768.4863585
附件一（训练集）.xlsx|材料4|430,1,6736.848585,6569.6897748,6951.9702192,7051.25722777
附件一（训练集）.xlsx|材料4|431,0,8983.354945,8474.27312458,8185.46925225,8262.42536904
附件一（训练集）.xlsx|材料4|432,0,12275.91439,13016.2359815,11476.713214,12315.0056047
附件一（训练集）.xlsx|材料4|433,1,16450.23426,15992.024776,16280.4340529,15366.1822702
附件一（训练集）.xlsx|材料4|434,1,22510.83633,22379.3042024,21607.4286476,20898.02369
附件一（训练集）.xlsx|材料4|435,4,1300.96457,1005.95743333,1195.68343205,1108.04241936
附件一（训练集）.xlsx|材料4|436,1,1789.142825,1460.12460832,1626.00142252,1590.55171741
附件一（训练集）.xlsx|材料4|437,1,4419.450862,4508.88554629,4543.81388484,4389.85762128
附件一（训练集）.xlsx|材料4|438,1,5710.965396,5724.81683769,6142.39464218,5632.96279708
附件一（训练集）.xlsx|材料4|439,0,10511.02282,9737.20999461,9887.15668446,10163.9660137
附件一（训练集）.xlsx|材料4|44,1,23434.88172,24857.9631481,24354.5988812,24008.5914306
附件一（训练集）.xlsx|材料4|440,0,13664.32384,12598.3396247,13795.7119326,14651.6999995
附件一（训练集）.xlsx|材料4|441,4,82923.04683,83292.3603464,90936.7578443,92370.2068892
附件一（训练集）.xlsx|材料4|442,3,116989.6708,117499.467454,123197.74588,123981.991545
附件一（训练集）.xlsx|材料4|443,1,622.9442552,660.10707371,678.524402589,727.226870541
附件一（训练集）.xlsx|材料4|444,1,826.4184684,932.905327144,924.57697093,904.143170186
附件一（训练集）.xlsx|材料4|445,2,1102.675707,923.546467363,1055.67211458,1087.66270401
附件一（训练集）.xlsx|材料4|446,3,1980.615422,1704.78999275,2051.97449512,1975.74494297
附件一（训练集）.xlsx|材料4|447,3,2755.280396,2762.3416791,2765.01935051,2868.41169633
附件一（训练集）.xlsx|材料4|448,4,3682.326171,3732.4525237,3435.94542391,3416.00637962
附件一（训练集）.xlsx|材料4|449,4,6572.290185,7202.32873209,6752.44757152,6540.56017043
附件一（训练集）.xlsx|材料4|45,1,31306.49834,30973.0543161,30942.2280885,31082.8981114
附件一（训练集）.xlsx|材料4|450,4,8710.974169,9893.03859037,8709.41191322,9101.42205501
附件一（训练集）.xlsx|材料4|451,0,55595.30074,61509.9424871,54462.444232,55491.3090882
附件一（训练集）.xlsx|材料4|452,2,71780.96399,73002.1091946,69449.7107533,68912.530057
附件一（训练集）.xlsx|材料4|453,4,131049.997,142216.982983,124533.965046,130787.036411
附件一（训练集）.xlsx|材料4|454,4,179191.0216,188271.805735,184556.610972,179733.631684
附件一（训练集）.xlsx|材料4|455,4,237634.9191,272418.440203,227930.938577,225487.600871
附件一（训练集）.xlsx|材料4|456,4,689.7728978,689.323490134,703.656401084,712.111427276
附件一（训练集）.xlsx|材料4|457,4,900.3576861,809.787692801,925.692766829,907.343791923
附件一（训练集）.xlsx|材料4|458,3,1666.120734,1698.04639835,1681.6326511,1690.6102866
附件一（训练集）.xlsx|材料4|459,4,3041.28962,2978.56417781,3242.27560946,3389.6225261
附件一（训练集）.xlsx|材料4|46,3,54833.04468,63148.8297037,49598.6950663,52352.9483306
附件一（训练集）.xlsx|材料4|460,4,5425.384567,5088.78308397,5580.64588536,5281.51252074
附件一（训练集）.xlsx|材料4|461,4,7339.211801,7564.15313462,7550.0698207,7468.17986367
附件一（训练集）.xlsx|材料4|462,3,25145.82455,27351.6854927,24041.5540183,24172.8086054
附件一（训练集）.xlsx|材料4|463,3,34275.10021,39681.1928951,33885.4266604,36410.2854624
附件一（训练集）.xlsx|材料4|464,0,61242.78796,62855.2100935,65829.3805644,71921.8922336
附件一（训练集）.xlsx|材料4|465,1,85149.60918,85969.4096726,78503.4861908,77476.6086067
附件一（训练集）.xlsx|材料4|466,1,115429.109,128396.605151,109896.839872,117183.40705
附件一（训练集）.xlsx|材料4|467,4,592.4285903,686.190801369,631.798724806,731.381630248
附件一（训练集）.xlsx|材料4|468,4,788.7449151,720.586902579,746.269231551,729.591697546
附件一（训练集）.xlsx|材料4|469,4,3389.801835,2894.63496171,3281.24517361,3378.6569895
附件一（训练集）.xlsx|材料4|47,2,72324.76417,80179.8851785,76460.0181456,75928.7895438
附件一（训练集）.xlsx|材料4|470,4,4541.020912,3698.7099618,4277.46832864,3942.45753324
附件一（训练集）.xlsx|材料4|471,4,6265.418763,5517.04311327,5726.86062657,5621.02875824
附件一（训练集）.xlsx|材料4|472,4,8354.688421,6195.08110602,6953.84679098,6880.63424009
附件一（训练集）.xlsx|材料4|473,4,11409.92322,11828.4004869,10510.927412,11336.0125893
附件一（训练集）.xlsx|材料4|474,4,21516.23747,20193.2122894,18250.1713309,19151.1318712
附件一（训练集）.xlsx|材料4|475,3,39828.29933,39618.7949622,36222.0925583,36019.225952
附件一（训练集）.xlsx|材料4|476,0,71377.38934,72108.5463527,74172.4697298,78608.2322189
附件一（训练集）.xlsx|材料4|477,1,127512.4639,127173.25718,130878.82222,127731.521363
附件一（训练集）.xlsx|材料4|478,4,678.2266641,729.253325618,695.910237737,803.293575757
附件一（训练集）.xlsx|材料4|479,3,1590.422065,1294.58040283,1542.1753827,1556.49825759
附件一（训练集）.xlsx|材料4|48,2,95415.8528,105071.88018,106269.184118,113047.419626
附件一（训练集）.xlsx|材料4|480,4,2803.330707,2551.12860999,2538.12945437,2477.07805208
附件一（训练集）.xlsx|材料4|481,4,3820.970634,3996.30239036,4107.77035774,4200.99647718
附件一（训练集）.xlsx|材料4|482,4,5186.890746,4948.63934252,5151.84278399,5776.21928569
附件一（训练集）.xlsx|材料4|483,4,9454.334089,8027.14807697,7993.92649981,8769.00293271
附件一（训练集）.xlsx|材料4|484,4,17834.82066,17522.5670168,17238.5217051,16833.4542056
附件一（训练集）.xlsx|材料4|485,4,24412.0762,24171.0031983,22432.3334726,22953.7780512
附件一（训练集）.xlsx|材料4|486,3,33768.23452,33033.4226252,30715.6455432,29989.4621804
附件一（训练集）.xlsx|材料4|487,1,114573.3562,115653.372921,109657.22628,107403.490605
附件一（训练集）.xlsx|材料4|488,3,367824.4616,355919.785989,357694.041659,345353.143819
附件一（训练集）.xlsx|材料4|489,4,565.9061736,758.12308161,751.583594848,822.781775572
附件一（训练集）.xlsx|材料4|49,2,117359.0135,127897.912665,124146.076247,125734.556972
附件一（训练集）.xlsx|材料4|490,4,761.142778,810.799135718,802.93148394,873.220395593
附件一（训练集）.xlsx|材料4|491,4,1346.198806,1328.25016219,1494.38391819,1493.94275278
附件一（训练集）.xlsx|材料4|492,2,1837.307199,1583.39946163,1784.95551622,1788.99915724
附件一（训练集）.xlsx|材料4|493,4,5959.271405,5106.22361456,5696.14314415,5830.01953785
附件一（训练集）.xlsx|材料4|494,4,11005.71532,9400.12763077,9066.14245676,10573.0403812
附件一（训练集）.xlsx|材料4|495,4,15287.75976,17321.2356678,14661.5379623,15554.4418124
附件一（训练集）.xlsx|材料4|496,3,20961.21384,21983.9496898,20072.8381905,19212.3951913
附件一（训练集）.xlsx|材料4|497,3,29362.70853,28885.1965243,27857.3058017,27012.1772524
附件一（训练集）.xlsx|材料4|498,3,53247.80043,49777.7735422,47823.1992684,44607.1944359
附件一（训练集）.xlsx|材料4|499,4,72230.95081,69870.4416344,73647.6338045,69465.2505612
附件一（训练集）.xlsx|材料4|5,2,10983.4126,9566.71503583,10298.2566935,9664.54558904
附件一（训练集）.xlsx|材料4|50,0,156518.723,161597.889807,150286.910798,148446.78047
附件一（训练集）.xlsx|材料4|500,1,134272.2332,146239.382039,150816.437562,138113.073572
附件一（训练集）.xlsx|材料4|501,1,179446.9456,158586.822844,179520.27977,174343.055225
附件一（训练集）.xlsx|材料4|502,0,327882.5152,258810.367053,261873.497358,285329.545165
附件一（训练集）.xlsx|材料4|503,4,905.0213894,904.341699867,899.596515414,970.064187143
附件一（训练集）.xlsx|材料4|504,3,3883.656702,3956.10962703,4057.74947953,4068.74478537
附件一（训练集）.xlsx|材料4|505,4,7096.044678,6872.65813583,6478.11620265,6652.96006471
附件一（训练集）.xlsx|材料4|506,4,9558.006718,9008.29759596,8193.34004442,8181.66980166
附件一（训练集）.xlsx|材料4|507,4,13246.11981,11151.3072739,10422.9545948,10509.0390906
附件一（训练集）.xlsx|材料4|508,4,18001.91707,21338.7151788,18098.9768859,17578.4273059
附件一（训练集）.xlsx|材料4|509,3,33586.30881,32855.4273969,36766.6699548,39007.2368903
附件一（训练集）.xlsx|材料4|51,4,1719.05603,1654.23577067,1573.02838887,1460.97430344
附件一（训练集）.xlsx|材料4|510,3,46206.2519,42510.6983335,46478.0008208,46020.9421572
附件一（训练集）.xlsx|材料4|511,3,62629.90606,65438.6017967,59384.7403448,60525.7815766
附件一（训练集）.xlsx|材料4|512,4,86507.06637,77784.6881979,84462.664401,82489.1489817
附件一（训练集）.xlsx|材料4|513,1,211702.4341,195114.431119,219312.370447,213910.431282
附件一（训练集）.xlsx|材料4|514,0,288393.9686,280382.972836,269786.689144,277854.792521
附件一（训练集）.xlsx|材料4|515,3,801.8891926,788.297734361,873.254458274,982.277019008
附件一（训练集）.xlsx|材料4|516,3,1081.881577,1208.37001185,1161.69571384,1175.56832737
附件一（训练集）.xlsx|材料4|517,2,1461.02324,1308.69038553,1307.32508202,1396.79438051
附件一（训练集）.xlsx|材料4|518,2,1816.972431,1679.3299251,1722.54130653,1723.55680589
附件一（训练集）.xlsx|材料4|519,0,3382.060727,3922.77587361,3194.19460148,3280.79925461
附件一（训练集）.xlsx|材料4|52,4,2402.430665,2366.17578772,2214.2194675,2141.73916588
附件一（训练集）.xlsx|材料4|520,0,6203.799629,6347.94008158,6152.08591968,6108.32861477
附件一（训练集）.xlsx|材料4|521,2,8425.559795,9146.94692704,8929.76369827,8875.41682853
附件一（训练集）.xlsx|材料4|522,1,15765.144,17741.2669088,15740.3537374,16173.5252706
附件一（训练集）.xlsx|材料4|523,2,55546.43839,49603.4177896,49859.792324,46957.5133139
附件一（训练集）.xlsx|材料4|524,2,105963.4514,102138.738377,94840.7241385,96140.7206126
附件一（训练集）.xlsx|材料4|525,2,141977.1205,143776.338327,135403.221951,137882.388622
附件一（训练集）.xlsx|材料4|526,4,191300.9599,177457.155154,179560.390759,185827.429476
附件一（训练集）.xlsx|材料4|527,3,1713.330856,1530.71894727,1493.8373064,1543.18113199
附件一（训练集）.xlsx|材料4|528,3,2243.240306,2135.46778154,2114.20367412,2192.35266566
附件一（训练集）.xlsx|材料4|529,2,5593.136465,6038.82315811,5575.2526389,5238.32234138
附件一（训练集）.xlsx|材料4|53,0,4621.54849,4358.19031778,4208.33180237,4112.88491806
附件一（训练集）.xlsx|材料4|530,2,7399.126034,6853.78437676,6587.27232027,6301.20256649
附件一（训练集）.xlsx|材料4|531,2,14044.19007,15750.8751108,15444.7795497,14763.5998433
附件一（训练集）.xlsx|材料4|532,0,19795.03384,20920.6013891,18526.2063671,18859.6405618
附件一（训练集）.xlsx|材料4|533,1,49123.00691,45376.4055255,51490.0325315,49575.8800013
附件一（训练集）.xlsx|材料4|534,0,67876.78697,70650.4956312,65960.6242971,62775.9187896
附件一（训练集）.xlsx|材料4|535,0,94379.66357,106672.666475,101568.225055,102855.385091
附件一（训练集）.xlsx|材料4|536,3,126209.2898,150970.501293,118785.641873,112941.424129
附件一（训练集）.xlsx|材料4|537,3,168699.683,174191.842896,166760.868199,172735.017703
附件一（训练集）.xlsx|材料4|538,3,229181.3821,228244.380593,205243.222335,208665.416855
附件一（训练集）.xlsx|材料4|539,4,826.2688864,892.768078718,927.127792434,861.881461571
附件一（训练集）.xlsx|材料4|54,0,6259.548425,5064.30505275,5687.34951021,5195.87078609
附件一（训练集）.xlsx|材料4|540,4,934.4890465,1025.54556392,1052.46321838,947.492934948
附件一（训练集）.xlsx|材料4|541,4,1584.562696,1541.64325562,1509.96959607,1412.30399312
附件一（训练集）.xlsx|材料4|542,3,2766.975558,2523.90617724,2881.7687888,2940.1182389
附件一（训练集）.xlsx|材料4|543,0,3768.757502,3470.20804903,3053.41416657,3380.83109509
附件一（训练集）.xlsx|材料4|544,2,6810.970453,6966.23376414,6575.52662124,6553.67996559
附件一（训练集）.xlsx|材料4|545,2,9321.483604,11351.3926988,10042.9538912,9165.51524278
附件一（训练集）.xlsx|材料4|546,2,12628.18288,15361.4651629,12653.6954284,11613.5872886
附件一（训练集）.xlsx|材料4|547,0,23724.14157,25293.9700904,20479.7595338,20547.8861619
附件一（训练集）.xlsx|材料4|548,0,32260.36298,35102.9550259,29551.0594535,30934.644036
附件一（训练集）.xlsx|材料4|549,0,83836.24897,95490.9118058,84768.088927,80734.9272277
附件一（训练集）.xlsx|材料4|55,4,8282.992066,7838.85710587,7897.43495659,8432.71489272
附件一（训练集）.xlsx|材料4|550,4,1119.686203,1171.24851224,1110.443501,1147.61057056
附件一（训练集）.xlsx|材料4|551,4,1527.598741,1530.33864262,1467.37077586,1503.82205546
附件一（训练集）.xlsx|材料4|552,3,2719.833199,2791.50883982,2913.25094129,2936.23263293
附件一（训练集）.xlsx|材料4|553,0,4740.246776,4404.09275219,4450.87442556,4782.2985678
附件一（训练集）.xlsx|材料4|554,0,6300.843851,7448.95052874,6745.8700983,7449.09652065
附件一（训练集）.xlsx|材料4|555,2,8673.272037,9278.69354393,9595.39293012,9101.26745197
附件一（训练集）.xlsx|材料4|556,2,11771.34455,15156.4166835,13946.9071994,13148.7058909
附件一（训练集）.xlsx|材料4|557,2,16618.18033,18330.9248878,17945.5722277,17087.4286709
附件一（训练集）.xlsx|材料4|558,2,21564.08523,22461.3276337,22665.2204582,21764.4793823
附件一（训练集）.xlsx|材料4|559,0,29338.99214,31749.7546535,29048.115287,29561.8970669
附件一（训练集）.xlsx|材料4|56,3,15020.31185,16884.1958037,15848.259244,16007.9678167
附件一（训练集）.xlsx|材料4|560,0,39505.40034,44194.4968285,39897.75066,42931.8993681
附件一（训练集）.xlsx|材料4|561,1,75045.89955,81534.0585691,85224.2100377,76374.2696583
附件一（训练集）.xlsx|材料4|562,0,137713.086,139692.254165,160307.631066,159288.494843
附件一（训练集）.xlsx|材料4|563,3,187664.0572,197676.349746,172921.856422,172662.94505
附件一（训练集）.xlsx|材料4|564,3,1525.817284,1600.66537201,1693.61903627,1705.96495518
附件一（训练集）.xlsx|材料4|565,3,1509.05546,1615.31972807,1695.70687856,1689.70105079
附件一（训练集）.xlsx|材料4|566,3,2624.336539,2640.97551869,2768.06515643,2668.308563
附件一（训练集）.xlsx|材料4|567,3,3475.28069,3250.91189166,3712.83309798,3665.06008707
附件一（训练集）.xlsx|材料4|568,4,8212.481206,8593.02817221,8708.83271083,9041.43843494
附件一（训练集）.xlsx|材料4|569,0,11050.4242,10656.8500133,9889.61622124,9170.16672725
附件一（训练集）.xlsx|材料4|57,3,47785.87916,60641.1226732,46963.1774849,46087.7218243
附件一（训练集）.xlsx|材料4|570,0,15425.48071,15456.3801517,15020.5493766,15139.9216622
附件一（训练集）.xlsx|材料4|571,4,27456.95605,29250.5672292,26790.3253175,27145.179026
附件一（训练集）.xlsx|材料4|572,2,36894.64909,37111.4660016,35115.2585326,33087.4688905
附件一（训练集）.xlsx|材料4|573,2,50157.51029,51792.7953301,52582.847555,51718.9916331
附件一（训练集）.xlsx|材料4|574,1,125078.8441,110699.121418,122028.593363,125578.447525
附件一（训练集）.xlsx|材料4|575,1,170468.64,144074.360553,162906.472838,160449.213952
附件一（训练集）.xlsx|材料4|576,3,2074.183042,2139.23018334,2129.32087072,2114.74677747
附件一（训练集）.xlsx|材料4|577,3,2644.989199,2622.74199685,2580.27394402,2762.39846509
附件一（训练集）.xlsx|材料4|578,3,3478.321362,3528.005818,3593.18234517,3511.46322579
附件一（训练集）.xlsx|材料4|579,3,4685.548969,4757.27157133,4876.08427891,4763.88347048
附件一（训练集）.xlsx|材料4|58,2,82036.11567,85693.0770202,86035.8856477,89967.3986313
附件一（训练集）.xlsx|材料4|580,4,7993.196339,8134.1550312,7576.0003311,7303.48668707
附件一（训练集）.xlsx|材料4|581,4,10665.80507,11341.5018144,10664.8746671,10778.8410397
附件一（训练集）.xlsx|材料4|582,4,25689.68414,24454.0085835,23989.6938325,23979.9241977
附件一（训练集）.xlsx|材料4|583,2,63412.21515,65767.390752,67229.7130858,65432.166532
附件一（训练集）.xlsx|材料4|584,4,115654.7755,107643.431464,106856.054347,104757.732077
附件一（训练集）.xlsx|材料4|585,1,158543.4753,153201.457871,159114.550918,167435.871019
附件一（训练集）.xlsx|材料4|586,3,2918.593839,3351.91771031,3103.01889948,3032.21203932
附件一（训练集）.xlsx|材料4|587,1,2743.19392,2740.07910912,2744.1583619,2799.18041918
附件一（训练集）.xlsx|材料4|588,3,3584.893035,3565.7651039,3638.21245249,3757.62287565
附件一（训练集）.xlsx|材料4|589,3,6215.012617,5977.08904049,6816.88764441,6693.39771194
附件一（训练集）.xlsx|材料4|59,4,1490.157037,1374.54582287,1460.05697422,1420.90752634
附件一（训练集）.xlsx|材料4|590,3,8228.690658,8655.21938549,8266.69814181,8227.35846694
附件一（训练集）.xlsx|材料4|591,4,10680.10573,10416.505921,11006.9904231,10944.3810515
附件一（训练集）.xlsx|材料4|592,0,18925.97102,24798.3997694,20840.9654884,20708.5509368
附件一（训练集）.xlsx|材料4|593,3,33843.92772,40093.9600739,31624.2414192,31466.5339202
附件一（训练集）.xlsx|材料4|594,0,61393.91525,65843.2645809,70667.1615268,66456.5240503
附件一（训练集）.xlsx|材料4|595,0,83017.27997,88359.4816913,88339.9415346,83747.1489496
附件一（训练集）.xlsx|材料4|596,4,4148.322763,4609.31174415,4249.56950679,4310.44467959
附件一（训练集）.xlsx|材料4|597,1,8541.383403,10628.8238208,9342.48058385,9229.22103429
附件一（训练集）.xlsx|材料4|598,1,11246.29914,11712.0981496,12093.9027174,11563.0166408
附件一（训练集）.xlsx|材料4|599,1,14795.99392,16003.2476408,16368.5236796,15372.5844373
附件一（训练集）.xlsx|材料4|6,2,14526.68568,14609.4758498,14554.4196077,13504.1635033
附件一（训练集）.xlsx|材料4|60,4,1917.512188,1654.30857556,1713.47643754,1648.90067371
附件一（训练集）.xlsx|材料4|600,0,44555.09788,47833.6361214,45837.5333285,43450.7959759
附件一（训练集）.xlsx|材料4|601,2,105057.2524,100128.727523,113509.598122,111551.856554
附件一（训练集）.xlsx|材料4|602,1,140752.3441,131668.496195,135341.001974,144377.838676
附件一（训练集）.xlsx|材料4|603,1,5409.574783,4724.60611272,5022.34085085,4913.54781075
附件一（训练集）.xlsx|材料4|604,4,6929.400673,6345.88873323,6937.47694146,7085.37953911
附件一（训练集）.xlsx|材料4|605,4,9037.610781,8964.01850898,8711.59397307,8723.93386197
附件一（训练集）.xlsx|材料4|606,1,15783.25051,15107.4552872,16157.9987489,16022.4238032
附件一（训练集）.xlsx|材料4|607,1,19620.83187,22946.5602272,21945.9877292,22591.9807258
附件一（训练集）.xlsx|材料4|608,1,25865.58665,29557.4348972,27719.1233471,28198.2446153
附件一（训练集）.xlsx|材料4|609,0,59244.57874,60371.7111597,60807.9128854,64245.8358559
附件一（训练集）.xlsx|材料4|61,4,3701.310433,3453.66252536,3324.2418051,3106.29569584
附件一（训练集）.xlsx|材料4|610,0,79603.71544,74109.1287303,78183.4508918,86171.9197675
附件一（训练集）.xlsx|材料4|611,2,135416.0954,137805.342104,150000.003831,153594.391768
附件一（训练集）.xlsx|材料4|612,1,7573.740513,6267.12929479,6741.17786283,6808.4578063
附件一（训练集）.xlsx|材料4|613,4,9759.373124,9231.38740312,9823.36621258,9684.95555445
附件一（训练集）.xlsx|材料4|614,1,27194.74314,27360.4597237,27426.7249688,25929.3020901
附件一（训练集）.xlsx|材料4|615,1,35201.66997,33483.4063893,33908.1823913,33448.3276154
附件一（训练集）.xlsx|材料4|616,3,46089.30274,45919.574103,45372.0555654,44099.7853682
附件一（训练集）.xlsx|材料4|617,0,79753.85672,78857.2218809,77258.5917672,79981.5246493
附件一（训练集）.xlsx|材料4|618,2,134900.0352,113092.63245,126967.939487,127451.890433
附件一（训练集）.xlsx|材料4|619,2,10632.72408,9259.08170082,9530.52750483,9241.39514908
附件一（训练集）.xlsx|材料4|62,0,6772.530394,5762.21149383,6793.42316771,6638.12802728
附件一（训练集）.xlsx|材料4|620,3,13565.35485,13021.575833,11045.9440622,12492.2024907
附件一（训练集）.xlsx|材料4|621,3,22138.52207,21969.5661655,18474.8170571,20949.3431627
附件一（训练集）.xlsx|材料4|622,3,28464.03215,29093.592647,28683.9144026,26570.4694481
附件一（训练集）.xlsx|材料4|623,4,81180.78596,79603.4367303,82799.3571475,84353.3388035
附件一（训练集）.xlsx|材料4|624,2,104009.4325,98870.4014007,105716.650692,109334.236069
附件一（训练集）.xlsx|材料4|625,2,135165.688,133186.267148,136813.260405,137780.897103
附件一（训练集）.xlsx|材料4|626,3,520.3560917,676.02329292,644.925540804,658.821572831
附件一（训练集）.xlsx|材料4|627,3,646.6959705,838.65240069,784.147799241,814.50777309
附件一（训练集）.xlsx|材料4|628,3,895.4239194,862.244659825,824.323356422,836.337410595
附件一（训练集）.xlsx|材料4|629,3,1201.316328,1173.769443,1270.02283189,1260.19644893
附件一（训练集）.xlsx|材料4|63,0,9186.977414,9502.52228078,8941.02864789,9272.83220235
附件一（训练集）.xlsx|材料4|630,3,2189.414152,2023.55347554,2165.8997172,2195.79093809
附件一（训练集）.xlsx|材料4|631,2,3076.912209,3119.79612625,2600.09377559,2831.21054002
附件一（训练集）.xlsx|材料4|632,2,4059.351671,4564.05826213,3974.27111213,4276.71024707
附件一（训练集）.xlsx|材料4|633,2,5393.036825,4989.87047722,4429.81063318,4959.69537852
附件一（训练集）.xlsx|材料4|634,2,7460.733874,7149.62600212,6706.27271202,7245.86917978
附件一（训练集）.xlsx|材料4|635,1,14278.29979,14538.4066654,13195.2558651,14032.6806433
附件一（训练集）.xlsx|材料4|636,1,54639.35655,63412.2751406,52677.3095357,58608.6700498
附件一（训练集）.xlsx|材料4|637,3,75118.56092,76869.6194585,78687.3527192,78964.4463459
附件一（训练集）.xlsx|材料4|638,4,1046.148828,921.125340525,944.395494438,900.361600543
附件一（训练集）.xlsx|材料4|639,4,1458.232363,1318.51454078,1302.7845851,1287.24182284
附件一（训练集）.xlsx|材料4|64,4,12166.09512,12251.1828017,13076.3746236,13374.8344376
附件一（训练集）.xlsx|材料4|640,2,2637.001988,2562.86162157,2581.8538895,2653.51829367
附件一（训练集）.xlsx|材料4|641,4,3607.681179,3961.80373517,4090.20220072,3805.25911109
附件一（训练集）.xlsx|材料4|642,4,16973.44037,16799.966314,16408.1707907,16248.4831995
附件一（训练集）.xlsx|材料4|643,4,33418.01499,41221.2908217,38127.5658498,38079.0887678
附件一（训练集）.xlsx|材料4|644,4,46388.13119,49221.1228552,46025.6073178,45601.5352329
附件一（训练集）.xlsx|材料4|645,4,64255.4505,74123.1791332,69392.0829177,69463.8333473
附件一（训练集）.xlsx|材料4|646,2,85487.52291,88322.5837475,87028.4435084,87483.3185511
附件一（训练集）.xlsx|材料4|647,2,118399.4926,117990.848578,112045.488076,116548.451441
附件一（训练集）.xlsx|材料4|648,0,923.6954243,914.646665486,908.202444708,1003.6227608
附件一（训练集）.xlsx|材料4|649,4,5332.900315,4869.64113742,5366.16032623,5765.34874367
附件一（训练集）.xlsx|材料4|65,4,16631.76528,17373.0522668,16431.6350388,17018.8363732
附件一（训练集）.xlsx|材料4|650,2,7461.705814,6774.75392024,6603.91202556,7482.04465576
附件一（训练集）.xlsx|材料4|651,4,14021.26247,13481.4621698,14326.5121483,12995.8461466
附件一（训练集）.xlsx|材料4|652,4,27571.80579,27418.4694143,29558.6383086,28216.1310762
附件一（训练集）.xlsx|材料4|653,4,54263.45609,54535.3750969,56815.6572684,54640.1465263
附件一（训练集）.xlsx|材料4|654,4,70213.85019,68072.4356116,76429.1603797,75304.2817868
附件一（训练集）.xlsx|材料4|655,2,135912.7646,131716.791342,141079.869507,143722.812684
附件一（训练集）.xlsx|材料4|656,1,186817.1738,172087.59453,187993.620778,182382.852601
附件一（训练集）.xlsx|材料4|657,4,1054.299735,971.175599683,989.89250701,928.87539215
附件一（训练集）.xlsx|材料4|658,2,2585.001907,2376.99840183,2521.08313801,2360.20289012
附件一（训练集）.xlsx|材料4|659,2,3348.736707,2887.18239835,3399.32483869,3217.26296774
附件一（训练集）.xlsx|材料4|66,3,22011.65677,22503.6385341,20715.4359334,21505.4051774
附件一（训练集）.xlsx|材料4|660,3,4580.735653,4635.26291796,4641.96521695,4354.29623229
附件一（训练集）.xlsx|材料4|661,3,6123.217299,5832.84086073,6230.27176596,5970.64328475
附件一（训练集）.xlsx|材料4|662,0,11922.50852,12746.7781826,11188.5527394,12329.7420453
附件一（训练集）.xlsx|材料4|663,3,22975.96513,24962.4332669,23484.6352396,23600.9669762
附件一（训练集）.xlsx|材料4|664,2,31913.76784,32468.8959848,29075.922859,31088.1451519
附件一（训练集）.xlsx|材料4|665,2,45340.57035,54229.9841075,50233.9035196,47144.3873231
附件一（训练集）.xlsx|材料4|666,4,82293.48557,93302.5067868,91557.6589556,93433.0995927
附件一（训练集）.xlsx|材料4|667,4,160959.6996,163659.622982,170869.892129,161445.974545
附件一（训练集）.xlsx|材料4|668,0,509.3077308,618.569301373,586.927774387,634.394403447
附件一（训练集）.xlsx|材料4|669,4,868.7313991,811.830527628,838.230624031,844.518024561
附件一（训练集）.xlsx|材料4|67,3,29888.95976,37199.9884802,31421.8230158,32226.6829953
附件一（训练集）.xlsx|材料4|670,2,2763.847644,2514.50195637,2687.07746696,2441.70396418
附件一（训练集）.xlsx|材料4|671,2,3771.496748,3516.84848555,3865.08895977,3653.43934446
附件一（训练集）.xlsx|材料4|672,1,9819.702684,10658.3549998,9845.04690387,9834.70847914
附件一（训练集）.xlsx|材料4|673,0,19007.79714,19779.7471748,17966.0397543,19307.9204081
附件一（训练集）.xlsx|材料4|674,0,26451.78466,26286.1275427,26525.4329307,28767.5654477
附件一（训练集）.xlsx|材料4|675,3,36848.99502,38693.6364831,35779.5433216,34910.4799409
附件一（训练集）.xlsx|材料4|676,3,49564.95606,51377.8415582,53177.8312058,59211.8158545
附件一（训练集）.xlsx|材料4|677,0,70876.2579,73219.6104854,72690.5213741,75830.23738
附件一（训练集）.xlsx|材料4|678,0,98144.89052,97681.6197859,97696.2478695,108350.291117
附件一（训练集）.xlsx|材料4|679,1,135089.357,134751.437485,132361.562121,126224.351706
附件一（训练集）.xlsx|材料4|68,3,71060.34314,81675.9667275,67744.2234263,70223.9690118
附件一（训练集）.xlsx|材料4|680,1,184356.8797,200007.223122,198696.150335,183180.526062
附件一（训练集）.xlsx|材料4|681,4,452.2277116,604.423123003,544.465538346,592.239731062
附件一（训练集）.xlsx|材料4|682,0,607.2036108,713.245757221,634.834562905,692.991493453
附件一（训练集）.xlsx|材料4|683,0,798.9335135,809.916854919,804.526039731,894.301457106
附件一（训练集）.xlsx|材料4|684,0,2434.704117,1857.69103287,2367.44662639,2500.93097212
附件一（训练集）.xlsx|材料4|685,2,3226.270611,2743.01292296,3054.65501185,2811.52178559
附件一（训练集）.xlsx|材料4|686,2,4381.752739,3786.87299122,4340.19832705,3971.7915676
附件一（训练集）.xlsx|材料4|687,1,15786.41046,18332.7040354,17510.053704,17444.1053356
附件一（训练集）.xlsx|材料4|688,0,21959.4906,18473.9358366,17164.2263678,17140.1815926
附件一（训练集）.xlsx|材料4|689,0,31451.77006,31070.8021896,28309.8511033,28544.0080282
附件一（训练集）.xlsx|材料4|69,3,88256.39193,87944.5658109,90442.1215782,91083.3920128
附件一（训练集）.xlsx|材料4|690,0,81986.5409,91309.0626298,80568.7974418,85321.6597023
附件一（训练集）.xlsx|材料4|691,0,109862.1781,106398.375801,105884.661058,113355.232483
附件一（训练集）.xlsx|材料4|692,0,909.6798409,938.966903027,885.883793576,892.543229088
附件一（训练集）.xlsx|材料4|693,0,2033.147607,2050.1502753,1913.98902,2134.72509043
附件一（训练集）.xlsx|材料4|694,0,2736.606159,2700.76089559,2778.57489661,2898.40274143
附件一（训练集）.xlsx|材料4|695,3,6844.548816,7200.01450338,8139.63923339,8549.30175285
附件一（训练集）.xlsx|材料4|696,3,9405.306412,10158.8300715,10367.6025183,9991.97444336
附件一（训练集）.xlsx|材料4|697,1,18153.71856,19986.8657902,18747.3290217,19440.813768
附件一（训练集）.xlsx|材料4|698,0,34587.41595,31239.3475732,26287.9932397,28116.2581386
附件一（训练集）.xlsx|材料4|699,3,67179.51748,65635.3108069,77630.4999577,75155.9326953
附件一（训练集）.xlsx|材料4|7,2,18844.59334,19276.6362551,19667.8645525,19638.0173414
附件一（训练集）.xlsx|材料4|70,2,155558.4301,173460.909399,160687.351801,164737.660197
附件一（训练集）.xlsx|材料4|700,0,131884.9925,130071.038203,136799.630167,134252.210288
附件一（训练集）.xlsx|材料4|701,1,246385.1307,274987.165865,274776.647269,271311.398141
附件一（训练集）.xlsx|材料4|702,1,335887.4588,351546.938848,344126.070208,346813.38529
附件一（训练集）.xlsx|材料4|703,3,1101.122529,1141.39860756,1189.88261468,1209.82436422
附件一（训练集）.xlsx|材料4|704,3,1396.179475,1268.57160498,1407.8552114,1363.91008364
附件一（训练集）.xlsx|材料4|705,3,11384.2747,11905.1647019,12247.01714,11653.6366336
附件一（训练集）.xlsx|材料4|706,4,15862.02693,15923.3002709,15277.6988303,15688.1758712
附件一（训练集）.xlsx|材料4|707,4,22649.09947,23936.1318443,23406.0159684,22875.866206
附件一（训练集）.xlsx|材料4|708,1,58641.30177,61863.7526929,54927.1266619,61700.1876959
附件一（训练集）.xlsx|材料4|709,1,82574.36605,93104.364817,90245.0405662,89116.4990469
附件一（训练集）.xlsx|材料4|71,0,261995.6204,265336.011463,271883.067652,266147.075302
附件一（训练集）.xlsx|材料4|710,0,117384.707,125504.310185,127087.309529,120694.045206
附件一（训练集）.xlsx|材料4|711,0,157445.9376,157133.485666,163381.834321,172387.950237
附件一（训练集）.xlsx|材料4|712,2,216078.6914,203066.107974,208102.528575,221050.307137
附件一（训练集）.xlsx|材料4|713,4,748.8490684,789.728324291,923.048184888,895.643916105
附件一（训练集）.xlsx|材料4|714,3,1316.060527,1485.81799475,1598.02205101,1546.31089951
附件一（训练集）.xlsx|材料4|715,3,1611.107475,1535.7865671,1556.68147371,1564.68391419
附件一（训练集）.xlsx|材料4|716,3,2187.650879,2494.86409315,2492.3390503,2609.62632049
附件一（训练集）.xlsx|材料4|717,0,2928.96854,3068.23781063,2762.78443024,2700.38104428
附件一（训练集）.xlsx|材料4|718,0,3947.353621,3903.88089566,4377.60829894,4249.33783335
附件一（训练集）.xlsx|材料4|719,3,5382.184629,5892.33833021,5414.10227015,5811.65289344
附件一（训练集）.xlsx|材料4|72,0,1581.900836,1445.01914214,1554.46452577,1660.74443936
附件一（训练集）.xlsx|材料4|720,3,7368.432298,8005.98957737,7412.391653,8187.79274966
附件一（训练集）.xlsx|材料4|721,3,13794.65456,14276.3172998,13091.7788927,11725.8451912
附件一（训练集）.xlsx|材料4|722,4,26451.64316,21686.3266772,22650.275438,21339.2036644
附件一（训练集）.xlsx|材料4|723,3,36507.62557,37055.8108397,39977.8990557,41093.1581704
附件一（训练集）.xlsx|材料4|724,3,51207.73643,55565.2377334,52441.1690802,53789.2528697
附件一（训练集）.xlsx|材料4|725,1,71751.16413,76366.7241957,71713.0381538,73804.266223
附件一（训练集）.xlsx|材料4|726,0,138910.7528,148384.742247,151548.409299,148481.395808
附件一（训练集）.xlsx|材料4|727,3,577.1195732,710.157246535,762.497379771,858.067623585
附件一（训练集）.xlsx|材料4|728,3,944.3142503,1290.33663747,1153.42594855,1127.25145171
附件一（训练集）.xlsx|材料4|729,0,1244.021007,1252.65171964,1323.90823079,1286.11812794
附件一（训练集）.xlsx|材料4|73,3,4219.926955,3319.91721759,3703.61475555,3604.27576287
附件一（训练集）.xlsx|材料4|730,1,2738.754947,3216.48479477,3148.32707396,2998.78195188
附件一（训练集）.xlsx|材料4|731,4,3645.664777,3764.26827652,3388.96555308,3367.52932419
附件一（训练集）.xlsx|材料4|732,4,6620.9809,7822.52240652,7082.29665262,7594.6952958
附件一（训练集）.xlsx|材料4|733,4,9151.280305,10480.4402198,10167.3204792,9836.56949958
附件一（训练集）.xlsx|材料4|734,4,12386.64836,13865.0531156,13556.287245,13157.6671547
附件一（训练集）.xlsx|材料4|735,4,23795.9738,27738.9449252,27528.6918648,25740.4491472
附件一（训练集）.xlsx|材料4|736,3,44777.58463,41422.1277926,47299.9373482,41891.7361039
附件一（训练集）.xlsx|材料4|737,3,63675.66145,64741.7425887,59920.7640876,53178.5742891
附件一（训练集）.xlsx|材料4|738,0,89497.13315,88667.5191036,76256.6169505,76266.8065863
附件一（训练集）.xlsx|材料4|739,0,122613.1362,119510.045457,116037.20431,115391.434788
附件一（训练集）.xlsx|材料4|74,3,5622.090825,5207.75324451,5376.5288834,5252.53431607
附件一（训练集）.xlsx|材料4|740,2,167445.5952,155319.783969,154970.223245,171081.729032
附件一（训练集）.xlsx|材料4|741,4,615.8035297,815.449288398,881.017870786,851.796338785
附件一（训练集）.xlsx|材料4|742,4,697.441908,937.64472405,920.460988696,889.074554349
附件一（训练集）.xlsx|材料4|743,2,914.6966705,1021.86227408,926.801557749,943.953407761
附件一（训练集）.xlsx|材料4|744,2,1214.43296,1273.83928331,1226.69462886,1169.45382947
附件一（训练集）.xlsx|材料4|745,0,1532.414762,1396.09780498,1533.77237967,1455.60592728
附件一（训练集）.xlsx|材料4|746,0,2041.811406,2147.28676697,2042.10130255,2120.78483129
附件一（训练集）.xlsx|材料4|747,1,3457.779858,3172.72147918,3482.9834665,3506.83291429
附件一（训练集）.xlsx|材料4|748,1,4660.792966,5645.33656827,4984.49617997,4650.06363572
附件一（训练集）.xlsx|材料4|749,1,6244.379824,6448.81688137,6020.15430618,5684.30340441
附件一（训练集）.xlsx|材料4|75,3,13926.12489,12627.0763214,13535.1038792,12840.3116308
附件一（训练集）.xlsx|材料4|750,3,8555.607026,10712.0518019,9166.51772108,9182.58906787
附件一（训练集）.xlsx|材料4|751,3,11568.35366,14697.0628864,13429.6050963,13517.2871355
附件一（训练集）.xlsx|材料4|752,4,16543.94382,17164.8402501,17396.9436741,17858.6072011
附件一（训练集）.xlsx|材料4|753,2,29690.77551,32572.7588446,28804.4314768,30595.5651299
附件一（训练集）.xlsx|材料4|754,3,57206.96419,55993.6801478,56051.0781225,52009.2314786
附件一（训练集）.xlsx|材料4|755,3,79933.50996,95904.914688,82884.0545757,78322.1059588
附件一（训练集）.xlsx|材料4|756,1,109490.0525,118351.802226,107263.633611,106946.804375
附件一（训练集）.xlsx|材料4|757,4,856.3056766,930.358084749,992.161833845,895.130639485
附件一（训练集）.xlsx|材料4|758,4,941.6796804,1068.61192168,1102.58922611,972.611013982
附件一（训练集）.xlsx|材料4|759,2,1228.685775,1297.60474098,1240.61382093,1137.09820105
附件一（训练集）.xlsx|材料4|76,3,19175.54026,20719.413576,20629.5816099,21169.4858842
附件一（训练集）.xlsx|材料4|760,2,1542.916597,1437.66004058,1573.68502283,1410.97933983
附件一（训练集）.xlsx|材料4|761,0,2639.111211,2410.3319753,2284.59875373,2271.62656926
附件一（训练集）.xlsx|材料4|762,1,4580.438956,5826.35273695,5063.26246993,5005.99861015
附件一（训练集）.xlsx|材料4|763,1,6090.865187,7293.73884376,6410.31131565,6402.56889855
附件一（训练集）.xlsx|材料4|764,1,8272.159552,8936.90083208,7990.52207277,8568.72720975
附件一（训练集）.xlsx|材料4|765,3,11047.05505,13596.8158216,11631.0978002,11564.397543
附件一（训练集）.xlsx|材料4|766,2,38397.1278,51247.2830626,41827.5491178,43763.7327867
附件一（训练集）.xlsx|材料4|767,2,52846.20817,64240.171893,60360.7897918,61842.8124821
附件一（训练集）.xlsx|材料4|768,3,71543.58003,81703.6000668,75236.2498411,69476.0548746
附件一（训练集）.xlsx|材料4|769,3,99718.93554,119160.924145,106584.024771,102159.381021
附件一（训练集）.xlsx|材料4|77,4,34516.4944,34122.4074665,33091.9313976,36814.2493578
附件一（训练集）.xlsx|材料4|770,1,183460.8634,180068.592972,204040.112272,210430.033421
附件一（训练集）.xlsx|材料4|771,4,1227.79702,1319.93717963,1241.84640306,1192.9834287
附件一（训练集）.xlsx|材料4|772,0,2750.09621,2885.87334823,3024.61818904,2704.24346955
附件一（训练集）.xlsx|材料4|773,1,4642.03883,4907.74946959,4497.26051852,4479.51095213
附件一（训练集）.xlsx|材料4|774,1,6062.988616,7912.44793872,6565.2905835,6534.67157961
附件一（训练集）.xlsx|材料4|775,1,8167.884752,9611.03408262,8361.6155532,8274.81226282
附件一（训练集）.xlsx|材料4|776,1,10851.12541,12317.8057527,11098.222874,11678.0772132
附件一（训练集）.xlsx|材料4|777,3,19713.88103,18008.6284681,20857.074113,19507.3550851
附件一（训练集）.xlsx|材料4|778,4,26142.20861,30053.2646858,27757.3777487,26957.3160441
附件一（训练集）.xlsx|材料4|779,4,35280.90151,39572.4651856,39347.6389637,38782.1288172
附件一（训练集）.xlsx|材料4|78,4,46372.68437,42639.9687974,42976.312411,48278.2585304
附件一（训练集）.xlsx|材料4|780,2,66757.69142,74210.7891629,74889.3816436,73192.9516693
附件一（训练集）.xlsx|材料4|781,1,169627.44,173490.799481,171792.804174,177096.575948
附件一（训练集）.xlsx|材料4|782,4,1787.185994,1943.20127883,1787.19626745,1797.51127741
附件一（训练集）.xlsx|材料4|783,4,1744.027165,1820.31527389,1747.01354771,1784.93162467
附件一（训练集）.xlsx|材料4|784,1,2242.676432,2183.25291276,2236.98599307,2216.68983705
附件一（训练集）.xlsx|材料4|785,3,4953.097559,5425.45150143,5695.9214321,5406.571182
附件一（训练集）.xlsx|材料4|786,2,6206.143921,5722.64909741,5399.59023965,5059.87205383
附件一（训练集）.xlsx|材料4|787,2,8326.878499,8385.87451203,8448.84304888,8372.46702526
附件一（训练集）.xlsx|材料4|788,0,19538.67763,19319.2603849,17564.4972422,17820.240951
附件一（训练集）.xlsx|材料4|789,0,26285.95712,27272.5006825,27696.3924967,28290.6314683
附件一（训练集）.xlsx|材料4|79,4,62396.39731,65372.9170442,62057.6306868,66515.219435
附件一（训练集）.xlsx|材料4|790,4,63118.20689,63666.8090578,60753.6501236,58141.1734635
附件一（训练集）.xlsx|材料4|791,3,5309.609099,5110.79813473,5147.07012455,5170.24071423
附件一（训练集）.xlsx|材料4|792,3,6808.57255,6429.7831491,6062.32827742,5296.18834887
附件一（训练集）.xlsx|材料4|793,1,19670.90911,20783.0763829,19649.1528576,18962.90986
附件一（训练集）.xlsx|材料4|794,0,26038.65544,27606.9000216,22415.4264379,21465.1396686
附件一（训练集）.xlsx|材料4|795,0,34458.41893,32344.7886982,36179.2654254,35563.2888478
附件一（训练集）.xlsx|材料4|796,2,45767.08282,46604.2710552,43735.4306601,42186.6703731
附件一（训练集）.xlsx|材料4|797,3,149529.2394,171238.536013,150702.691908,151126.375785
附件一（训练集）.xlsx|材料4|798,0,3408.52138,3340.34849403,3065.00177088,3131.24720719
附件一（训练集）.xlsx|材料4|799,3,4360.999583,4057.67450654,3808.08066303,3823.21041815
附件一（训练集）.xlsx|材料4|8,2,25277.2595,24472.8367668,24243.9422341,25961.1335394
附件一（训练集）.xlsx|材料4|80,0,106758.283,100663.570747,104004.754105,105093.02783
附件一（训练集）.xlsx|材料4|800,3,5716.169674,5617.0808639,5213.31042093,5241.48542817
附件一（训练集）.xlsx|材料4|801,4,7278.547484,7345.82683154,7159.03272399,6600.44521029
附件一（训练集）.xlsx|材料4|802,3,12071.99807,13784.7674616,11181.8713197,11571.8945207
附件一（训练集）.xlsx|材料4|803,3,20452.90182,23271.2120679,19160.9358024,20635.3927961
附件一（训练集）.xlsx|材料4|804,3,26857.74657,29721.8339268,24838.1326097,25321.0577102
附件一（训练集）.xlsx|材料4|805,1,46290.66935,43192.3844023,46056.1264178,43735.7518553
附件一（训练集）.xlsx|材料4|806,2,105384.1442,109917.385665,105663.612922,102628.634586
附件一（训练集）.xlsx|材料4|807,2,144222.5477,148328.208797,153936.545253,146463.500901
附件一（训练集）.xlsx|材料4|808,0,13068.25434,13410.2752556,11622.2954038,11419.6401468
附件一（训练集）.xlsx|材料4|809,2,35749.95788,37586.8743901,37022.9836733,33806.2049323
附件一（训练集）.xlsx|材料4|81,1,137572.8908,130761.77881,128672.121524,122835.031711
附件一（训练集）.xlsx|材料4|810,3,47042.27708,48180.6854698,47970.8205848,47383.816535
附件一（训练集）.xlsx|材料4|811,3,61460.01182,58812.4894613,60312.5883954,62413.901352
附件一（训练集）.xlsx|材料4|812,0,81242.83568,81346.3821714,80423.553529,73650.0358566
附件一（训练集）.xlsx|材料4|813,4,138726.9703,131877.066831,134534.775833,138597.965195
附件一（训练集）.xlsx|材料4|814,1,7207.059643,6279.96819005,6143.51375159,5943.43469937
附件一（训练集）.xlsx|材料4|815,1,6609.000965,5321.89278394,5542.59303343,5391.00552229
附件一（训练集）.xlsx|材料4|816,1,8387.419219,6894.3455307,7431.29390013,7577.21434046
附件一（训练集）.xlsx|材料4|817,1,10671.07363,9436.4824631,9410.38262359,9829.11994134
附件一（训练集）.xlsx|材料4|818,0,17928.41134,15562.8534308,17152.9064884,15497.7045589
附件一（训练集）.xlsx|材料4|819,2,22264.99204,23779.626508,23178.9112975,24422.7127439
附件一（训练集）.xlsx|材料4|82,1,182841.5251,200149.411558,196321.120162,191623.219462
附件一（训练集）.xlsx|材料4|820,2,28451.62043,25935.253228,27243.8513044,27431.7214753
附件一（训练集）.xlsx|材料4|821,2,47870.06218,46070.4592563,48181.3166059,49166.2270567
附件一（训练集）.xlsx|材料4|822,3,61903.48255,62091.7773773,57547.3960156,59547.1332024
附件一（训练集）.xlsx|材料4|823,3,82124.10162,74511.371236,79805.1000848,86157.1039271
附件一（训练集）.xlsx|材料4|824,0,137527.9411,130208.083384,162483.144344,173357.663666
附件一（训练集）.xlsx|材料4|825,1,9812.489941,8293.55922934,8329.12524152,7916.46127364
附件一（训练集）.xlsx|材料4|826,1,11372.76396,10467.8060531,11101.380153,10489.7331262
附件一（训练集）.xlsx|材料4|827,1,14592.39463,13253.6263371,14433.0935376,13529.0461938
附件一（训练集）.xlsx|材料4|828,0,23426.55393,20336.8561949,21014.7074667,20385.714525
附件一（训练集）.xlsx|材料4|829,2,49166.11579,48092.2595576,45914.9383728,44955.9267489
附件一（训练集）.xlsx|材料4|83,0,235673.497,207505.648834,211680.509072,214223.862973
附件一（训练集）.xlsx|材料4|830,0,15120.49185,14308.4109703,13741.561801,14498.8995392
附件一（训练集）.xlsx|材料4|831,1,39485.47472,38280.1843899,39367.3260906,39711.6301193
附件一（训练集）.xlsx|材料4|832,1,50495.99039,45070.6035475,51488.7775109,52714.9990594
附件一（训练集）.xlsx|材料4|833,1,64767.92221,66669.6131755,64987.3678922,68821.2325688
附件一（训练集）.xlsx|材料4|834,1,139040.5959,149343.360524,138658.513394,135240.071246
附件一（训练集）.xlsx|材料4|835,0,139213.45,148384.742247,151030.818444,149416.122524
附件一（训练集）.xlsx|材料4|836,4,2475.38,2578.0018295,2203.80622919,2297.38758555
附件一（训练集）.xlsx|材料4|837,4,238159.47,272418.440203,230533.931901,227333.96896
附件一（训练集）.xlsx|材料4|838,4,36937.05,36515.6394947,39651.0005865,36157.2074757
附件一（训练集）.xlsx|材料4|839,2,95559.34,103264.217151,104905.615369,112323.121973
附件一（训练集）.xlsx|材料4|84,0,1766.241526,1617.59335149,1577.35920914,1662.81518422
附件一（训练集）.xlsx|材料4|840,1,1885.21,1754.57802571,1919.87788497,1658.55723931
附件一（训练集）.xlsx|材料4|841,4,32511.98,33014.6820959,32842.8816094,34914.5762146
附件一（训练集）.xlsx|材料4|842,3,2767.84,2538.5552388,2899.09215079,3125.56791104
附件一（训练集）.xlsx|材料4|843,4,6583.11,7202.32873209,6763.30422288,6521.06146345
附件一（训练集）.xlsx|材料4|844,3,10676.47,11754.0680838,9448.93289842,10352.2204505
附件一（训练集）.xlsx|材料4|845,2,37846.19,31951.8162056,32851.8750585,32654.7409428
附件一（训练集）.xlsx|材料4|846,4,5155.71,6049.58233179,6246.01493872,5852.72733268
附件一（训练集）.xlsx|材料4|847,0,694.36,724.492388081,788.111298152,872.830696869
附件一（训练集）.xlsx|材料4|848,2,249632.54,280999.349352,260869.952283,269639.783226
附件一（训练集）.xlsx|材料4|849,3,12101.86,13780.1218696,11185.4137745,11265.6496418
附件一（训练集）.xlsx|材料4|85,3,4670.792394,3755.98638581,4575.71944506,4402.84891411
附件一（训练集）.xlsx|材料4|850,1,141618.7,131045.510655,138764.882103,138631.842173
附件一（训练集）.xlsx|材料4|851,2,2588.99,2376.99840183,2526.243029,2388.30831697
附件一（训练集）.xlsx|材料4|852,2,7963.97,8155.15292979,7586.51407547,7270.07153866
附件一（训练集）.xlsx|材料4|853,1,7220.56,6292.5541655,6151.19257849,6143.31843211
附件一（训练集）.xlsx|材料4|854,4,1346.29,1328.25016219,1513.99522076,1481.79984185
附件一（训练集）.xlsx|材料4|855,0,73473.14,87584.1458577,80781.8230576,82296.7648725
附件一（训练集）.xlsx|材料4|856,3,33680.71,32855.4273969,36798.0335903,39431.6207444
附件一（训练集）.xlsx|材料4|857,3,1302.35,1151.9297332,1149.49277376,1149.83344706
附件一（训练集）.xlsx|材料4|858,4,27383.37,30073.7201097,28518.6582201,29860.4403356
附件一（训练集）.xlsx|材料4|859,4,1456.28,1302.36766058,1348.26083587,1330.97650016
附件一（训练集）.xlsx|材料4|86,3,6436.356958,6615.60979845,6913.26987914,7055.09299665
附件一（训练集）.xlsx|材料4|860,1,255925.63,278497.159569,270620.737426,278940.913442
附件一（训练集）.xlsx|材料4|861,1,82490.89,84044.7011658,85496.3653701,87429.0200151
附件一（训练集）.xlsx|材料4|862,2,6816.21,7369.59536899,6608.97185556,6442.80756428
附件一（训练集）.xlsx|材料4|863,4,1880.22,1761.32482002,1747.71330434,1725.72787064
附件一（训练集）.xlsx|材料4|864,2,39826.92,44112.1749708,45935.2886991,44871.5212853
附件一（训练集）.xlsx|材料4|865,3,13206.25,15241.7603898,14863.3153988,14760.2298795
附件一（训练集）.xlsx|材料4|866,3,180505.51,168202.637973,190295.907998,193987.476594
附件一（训练集）.xlsx|材料4|867,3,10633.61,12492.9308618,10934.3188764,12076.1491575
附件一（训练集）.xlsx|材料4|868,1,106603.21,111068.606372,109948.842683,114431.150065
附件一（训练集）.xlsx|材料4|869,0,84139.11,76989.1142612,67192.5722424,71540.7013814
附件一（训练集）.xlsx|材料4|87,3,11941.69855,12775.8559258,11548.1675525,11904.5728781
附件一（训练集）.xlsx|材料4|870,1,1127.86,1175.28328562,1201.47456626,1151.44075764
附件一（训练集）.xlsx|材料4|871,3,22046.61,22503.6385341,20462.7741341,20987.4075764
附件一（训练集）.xlsx|材料4|872,2,6708.94,6577.21360946,6484.10405529,6749.02875386
附件一（训练集）.xlsx|材料4|873,2,91873.66,89614.8091869,87590.5525984,89374.9003591
附件一（训练集）.xlsx|材料4|874,0,71994.57,66424.7081236,57045.1058479,61019.1100471
附件一（训练集）.xlsx|材料4|875,0,4510.9,4920.51381666,4318.40603204,4398.69469337
附件一（训练集）.xlsx|材料4|876,1,223634.42,217737.555587,198065.185581,207771.018992
附件一（训练集）.xlsx|材料4|877,2,29366.24,28326.6555526,31227.8951262,32241.0067676
附件一（训练集）.xlsx|材料4|878,0,6774.1,5845.4407087,6675.87403334,6858.72854831
附件一（训练集）.xlsx|材料4|879,0,1731.49,1639.07273211,1600.47610242,1644.57813863
附件一（训练集）.xlsx|材料4|88,3,16071.5249,15393.4867282,14792.2286579,14939.042075
附件一（训练集）.xlsx|材料4|880,2,44961.69,44794.6843379,44932.9572363,46986.468024
附件一（训练集）.xlsx|材料4|881,1,132026.41,131416.575705,131207.626655,133118.820355
附件一（训练集）.xlsx|材料4|882,3,2267.551692,3073.22079782,2351.60839942,2314.82451968
附件一（训练集）.xlsx|材料4|883,3,2971.995079,3816.2471349,3418.67078241,3412.8052804
附件一（训练集）.xlsx|材料4|884,0,4159.524154,5078.52022269,3599.78056264,3994.27199044
附件一（训练集）.xlsx|材料4|885,2,7469.071203,8503.27007966,7537.0667547,7448.52371342
附件一（训练集）.xlsx|材料4|886,2,9765.031653,10112.5212045,8614.19865973,9462.19083841
附件一（训练集）.xlsx|材料4|887,0,13389.93428,14865.2562213,11484.7308428,11614.9837872
附件一（训练集）.xlsx|材料4|888,2,18041.70224,19902.0438671,18158.5705405,16833.2799653
附件一（训练集）.xlsx|材料4|889,3,41733.74685,41104.6317075,43893.6311203,39288.0855128
附件一（训练集）.xlsx|材料4|89,3,22093.25058,23565.1929168,20959.8112868,21522.8594942
附件一（训练集）.xlsx|材料4|890,2,95318.9969,90129.4498387,94629.2922788,92612.0739188
附件一（训练集）.xlsx|材料4|891,1,125251.1374,109400.323478,128418.414861,126763.957943
附件一（训练集）.xlsx|材料4|892,1,163132.3674,138338.173337,153689.940243,163429.480602
附件一（训练集）.xlsx|材料4|893,1,213708.3651,197348.862117,202887.770469,202793.39864
附件一（训练集）.xlsx|材料4|894,3,359542.6947,326003.934243,366654.545922,355097.320224
附件一（训练集）.xlsx|材料4|895,3,467485.5965,407475.313124,464402.708756,442123.243513
附件一（训练集）.xlsx|材料4|896,2,596502.8611,519557.765638,539180.240607,560637.224177
附件一（训练集）.xlsx|材料4|897,2,999496.8395,823728.119879,829959.343043,864318.689236
附件一（训练集）.xlsx|材料4|898,1,2229.46503,2558.51751965,2755.35220725,2793.02113416
附件一（训练集）.xlsx|材料4|899,0,3114.226337,3577.87928616,2819.0464683,2644.54274886
附件一（训练集）.xlsx|材料4|9,2,32708.86696,30827.0829319,32782.5074917,34007.7483711
附件一（训练集）.xlsx|材料4|90,3,29941.48484,29617.0658002,25660.6370217,27828.6687184
附件一（训练集）.xlsx|材料4|900,0,4055.363927,5003.35017542,3870.98340831,3709.57438348
附件一（训练集）.xlsx|材料4|901,0,5610.10665,6620.80383582,4697.49839355,4529.08829328
附件一（训练集）.xlsx|材料4|902,0,7393.584729,7655.0855795,6051.90504865,6080.85612384
附件一（训练集）.xlsx|材料4|903,1,10055.90748,8717.28683611,10265.0639163,9780.40616281
附件一（训练集）.xlsx|材料4|904,1,24031.29062,24050.699963,25617.4391902,25548.2605456
附件一（训练集）.xlsx|材料4|905,0,42834.70791,35467.5273231,39282.6494568,38130.8586797
附件一（训练集）.xlsx|材料4|906,0,56776.15236,57934.4517567,57378.4869036,56674.2891113
附件一（训练集）.xlsx|材料4|907,0,75713.61128,83747.5917519,73664.0640318,80780.8084047
附件一（训练集）.xlsx|材料4|908,1,99335.79245,94961.3803676,96971.0044353,98730.3985858
附件一（训练集）.xlsx|材料4|909,1,129257.542,133026.194648,138164.487759,138590.38796
附件一（训练集）.xlsx|材料4|91,4,54180.25231,48747.1911025,51378.9932327,52777.4643405
附件一（训练集）.xlsx|材料4|910,3,170409.5551,174582.493598,168462.04945,163215.724288
附件一（训练集）.xlsx|材料4|911,3,219814.5546,191144.210361,216054.494477,196749.07864
附件一（训练集）.xlsx|材料4|912,4,288513.8197,257366.35288,282073.807876,285954.984191
附件一（训练集）.xlsx|材料4|913,4,379231.7393,350352.66533,368620.31162,365657.796871
附件一（训练集）.xlsx|材料4|914,3,813966.8356,763884.595711,728308.427534,719156.555529
附件一（训练集）.xlsx|材料4|915,0,6347.552354,5317.97336766,6413.51941619,6064.47283069
附件一（训练集）.xlsx|材料4|916,1,1507.039199,1936.41318278,2133.3364012,1857.62626813
附件一（训练集）.xlsx|材料4|917,4,9081.179415,7249.86010658,9444.47879835,8958.87221611
附件一（训练集）.xlsx|材料4|918,1,6191.620196,4303.52309344,5014.14209503,5319.91240426
附件一（训练集）.xlsx|材料4|919,3,14880.15408,11786.2437744,16518.1617109,15825.3467386
附件一（训练集）.xlsx|材料4|92,4,69515.09617,66161.0899619,67617.8815627,67546.1838139
附件一（训练集）.xlsx|材料4|920,4,35963.88787,24441.7163011,30865.6631407,31764.4665404
附件一（训练集）.xlsx|材料4|921,3,84646.16543,76860.0119833,85138.4150811,88506.8345852
附件一（训练集）.xlsx|材料4|922,4,112625.0501,86545.1295993,104127.421177,98525.9890164
附件一（训练集）.xlsx|材料4|923,1,254616.8772,282587.233655,288926.100805,279656.958755
附件一（训练集）.xlsx|材料4|924,0,435199.7807,418739.540955,454005.205085,458805.784268
附件一（训练集）.xlsx|材料4|925,3,571425.0815,517876.347224,549567.598475,557166.369516
附件一（训练集）.xlsx|材料4|926,0,1872.381803,2171.93796064,2201.7672601,2223.5940344
附件一（训练集）.xlsx|材料4|927,1,2410.848153,2554.10997381,2475.45234352,2356.8497189
附件一（训练集）.xlsx|材料4|928,4,4205.965688,3808.19524606,3874.81359383,3886.97449262
附件一（训练集）.xlsx|材料4|929,0,5731.18989,5804.5548159,5573.67626245,5925.51438772
附件一（训练集）.xlsx|材料4|93,0,121527.8533,116304.074846,126191.528745,123831.901107
附件一（训练集）.xlsx|材料4|930,1,10342.25086,9634.78833837,10409.6237571,10284.6174871
附件一（训练集）.xlsx|材料4|931,3,13484.64589,12150.6068574,14633.2609246,13140.6575409
附件一（训练集）.xlsx|材料4|932,3,18206.85275,16649.5900054,19698.8575466,19673.7746627
附件一（训练集）.xlsx|材料4|933,4,24116.20758,21951.8032471,23544.539626,23884.7867523
附件一（训练集）.xlsx|材料4|934,0,44025.19138,41971.5496546,47950.7214659,46550.2383951
附件一（训练集）.xlsx|材料4|935,4,58544.19452,54110.0763907,59240.8455153,59683.7286765
附件一（训练集）.xlsx|材料4|936,3,102103.3285,93176.5843253,99431.444907,102735.422171
附件一（训练集）.xlsx|材料4|937,4,133201.5268,116004.969966,125431.405191,120802.308079
附件一（训练集）.xlsx|材料4|938,4,176400.521,159688.577691,153554.088861,155766.776196
附件一（训练集）.xlsx|材料4|939,1,231947.9222,204703.978599,203659.323523,222105.587496
附件一（训练集）.xlsx|材料4|94,0,351151.9819,321028.167298,340619.226273,339779.731301
附件一（训练集）.xlsx|材料4|940,1,303914.7573,317739.866276,308402.622992,322443.77368
附件一（训练集）.xlsx|材料4|941,0,398135.032,326952.090423,362513.807299,355534.51939
附件一（训练集）.xlsx|材料4|942,0,522527.646,541713.076926,516690.791563,515346.4925
附件一（训练集）.xlsx|材料4|943,4,1751.377711,1839.11217392,2008.90065975,1900.92220846
附件一（训练集）.xlsx|材料4|944,4,3041.491546,2980.3347866,3373.11366478,2881.14563887
附件一（训练集）.xlsx|材料4|945,4,3858.18904,3273.69539835,3715.09492852,3432.69244307
附件一（训练集）.xlsx|材料4|946,0,6996.769685,6926.92732064,6609.72945259,6830.81773671
附件一（训练集）.xlsx|材料4|947,4,16414.05636,13825.7834729,15841.707401,15360.7169926
附件一（训练集）.xlsx|材料4|948,4,21711.62525,17880.0171564,19192.0659732,18510.078711
附件一（训练集）.xlsx|材料4|949,1,28987.41647,27389.4656885,32635.5408203,29117.867958
附件一（训练集）.xlsx|材料4|95,4,1500.492568,1386.13615096,1413.26864458,1492.00745302
附件一（训练集）.xlsx|材料4|950,1,39080.87273,35358.5921818,39106.0472702,38353.4870309
附件一（训练集）.xlsx|材料4|951,0,68511.70408,63192.8998048,66369.5560662,65049.4668226
附件一（训练集）.xlsx|材料4|952,0,91009.69578,87104.3149006,80898.7477459,78309.4983361
附件一（训练集）.xlsx|材料4|953,3,157572.0187,140683.04744,138178.236004,150390.722117
附件一（训练集）.xlsx|材料4|954,3,208120.2099,214875.930277,210294.31501,226412.885496
附件一（训练集）.xlsx|材料4|955,3,270718.7181,305490.652344,299325.400522,298978.278784
附件一（训练集）.xlsx|材料4|956,2,468312.4816,455432.853504,423660.119311,419455.447206
附件一（训练集）.xlsx|材料4|957,0,2273.943417,2615.5182406,2678.03982644,2319.7434572
附件一（训练集）.xlsx|材料4|958,4,3031.988151,2918.81456938,2798.59425142,2801.28706997
附件一（训练集）.xlsx|材料4|959,0,5187.178067,5385.54665063,5503.50065841,5774.5629686
附件一（训练集）.xlsx|材料4|96,4,2076.411932,1908.78324777,1832.06207683,1752.93354681
附件一（训练集）.xlsx|材料4|960,0,9150.4835,7882.43361285,9764.77939092,9667.80443474
附件一（训练集）.xlsx|材料4|961,0,11873.18849,9928.59685789,11495.6714826,10759.5765838
附件一（训练集）.xlsx|材料4|962,4,15896.57104,15270.1510744,15281.6533265,16058.7841883
附件一（训练集）.xlsx|材料4|963,4,20952.06598,16663.5845178,20804.4652664,20981.7990616
附件一（训练集）.xlsx|材料4|964,4,27846.25716,25891.6270523,31007.5912706,30683.9780882
附件一（训练集）.xlsx|材料4|965,0,37384.59181,33621.2179711,35157.7516242,35145.6963355
附件一（训练集）.xlsx|材料4|966,0,49951.74674,52630.4728957,51051.1765607,52393.1361129
附件一（训练集）.xlsx|材料4|967,2,87439.94031,97104.9987979,95580.8142165,88871.9713587
附件一（训练集）.xlsx|材料4|968,2,150181.1506,179016.184151,160291.551501,152297.424957
附件一（训练集）.xlsx|材料4|969,4,200008.6575,186282.91376,185891.772349,157831.529545
附件一（训练集）.xlsx|材料4|97,2,2872.163982,2617.56116741,2739.6870486,2597.65521461
附件一（训练集）.xlsx|材料4|970,4,261555.7838,310073.495787,307150.47855,296643.417714
附件一（训练集）.xlsx|材料4|971,0,2925.785534,3586.74614772,3169.12316389,3162.99531902
附件一（训练集）.xlsx|材料4|972,0,3739.350039,3828.46418294,3700.70575756,3785.6427927
附件一（训练集）.xlsx|材料4|973,4,5008.711979,4305.33622414,4828.66342208,4984.40265514
附件一（训练集）.xlsx|材料4|974,4,6494.210583,6261.90372698,6551.97011152,6658.27332076
附件一（训练集）.xlsx|材料4|975,0,11030.58456,9841.34227181,12718.1772851,12553.6783304
附件一（训练集）.xlsx|材料4|976,0,14715.51177,13423.228514,17062.3051269,17062.7504018
附件一（训练集）.xlsx|材料4|977,0,19352.13987,12738.0773509,18679.4273565,18097.3424912
附件一（训练集）.xlsx|材料4|978,4,25430.48199,19773.6145018,23524.0915211,22092.5856519
附件一（训练集）.xlsx|材料4|979,0,44876.26706,35191.7936707,41281.6994586,39897.8736096
附件一（训练集）.xlsx|材料4|98,2,3916.527592,3547.97424991,3790.55987599,4097.31799917
附件一（训练集）.xlsx|材料4|980,1,78812.69664,66745.0897949,69264.5637813,68520.4088019
附件一（训练集）.xlsx|材料4|981,1,102768.0721,95074.1742139,89192.2802506,92374.8717646
附件一（训练集）.xlsx|材料4|982,2,180016.1496,165736.969582,177027.643479,171235.232507
附件一（训练集）.xlsx|材料4|983,4,235974.9615,224927.079873,226522.122684,233886.185525
附件一（训练集）.xlsx|材料4|984,4,310471.2202,276746.618167,302200.277753,308889.211223
附件一（训练集）.xlsx|材料4|985,1,405185.5323,392964.53827,389980.350846,401419.797733
附件一（训练集）.xlsx|材料4|986,4,6512.527311,4787.25924984,5897.09159646,5506.89652874
附件一（训练集）.xlsx|材料4|987,4,8378.811796,6254.49714568,8866.34459379,8961.4658322
附件一（训练集）.xlsx|材料4|988,0,10750.99501,8504.12094424,11269.409773,11600.9783051
附件一（训练集）.xlsx|材料4|989,0,14265.37161,7888.14395204,15739.6375449,15642.2398192
附件一（训练集）.xlsx|材料4|99,0,18587.69819,18603.7782197,18322.061561,18924.8314089
附件一（训练集）.xlsx|材料4|990,0,18603.00545,10917.2854124,17210.1084167,17427.6588579
附件一（训练集）.xlsx|材料4|991,0,24408.77162,16112.6861582,28574.9027515,26997.1089616
附件一（训练集）.xlsx|材料4|992,4,32441.16565,17046.3700665,32635.009887,30555.5507214
附件一（训练集）.xlsx|材料4|993,0,55940.18768,31616.781972,60520.7557243,56559.4826551
附件一（训练集）.xlsx|材料4|994,0,74413.8012,45636.9591928,78726.3131188,71998.225078
附件一（训练集）.xlsx|材料4|995,1,96962.67603,63032.0682139,90275.0074943,91415.9226057
附件一（训练集）.xlsx|材料4|996,2,168825.3839,146604.926862,165500.547174,164087.854573
附件一（训练集）.xlsx|材料4|997,2,221040.4325,165353.195347,251672.338828,243067.783802
附件一（训练集）.xlsx|材料4|998,4,290806.6183,246016.408804,296946.306839,306828.977462
附件一（训练集）.xlsx|材料4|999,4,381720.3346,284453.841834,340935.272695,341038.209479
