row_id,q1_outer_fold,waveform,prediction_shape_full,prediction_shape_time_domain_only,prediction_shape_frequency_domain_only,prediction_auxiliary_only,prediction_shape_plus_auxiliary
附件一（训练集）.xlsx|材料1|10,1,正弦波,正弦波,正弦波,正弦波,正弦波,正弦波
附件一（训练集）.xlsx|材料1|100,1,正弦波,正弦波,正弦波,正弦波,三角波,正弦波
附件一（训练集）.xlsx|材料1|1000,2,正弦波,正弦波,正弦波,正弦波,三角波,正弦波
附件一（训练集）.xlsx|材料1|1001,2,正弦波,正弦波,正弦波,正弦波,三角波,正弦波
附件一（训练集）.xlsx|材料1|1002,1,正弦波,正弦波,正弦波,正弦波,三角波,正弦波
附件一（训练集）.xlsx|材料1|1003,4,正弦波,正弦波,正弦波,正弦波,三角波,正弦波
附件一（训练集）.xlsx|材料1|1004,2,正弦波,正弦波,正弦波,正弦波,三角波,正弦波
附件一（训练集）.xlsx|材料1|1005,0,正弦波,正弦波,正弦波,正弦波,三角波,正弦波
附件一（训练集）.xlsx|材料1|1006,4,正弦波,正弦波,正弦波,正弦波,三角波,正弦波
附件一（训练集）.xlsx|材料1|1007,3,正弦波,正弦波,正弦波,正弦波,三角波,正弦波
附件一（训练集）.xlsx|材料1|1008,1,正弦波,正弦波,正弦波,正弦波,三角波,正弦波
附件一（训练集）.xlsx|材料1|1009,1,正弦波,正弦波,正弦波,正弦波,三角波,正弦波
附件一（训练集）.xlsx|材料1|101,1,正弦波,正弦波,正弦波,正弦波,三角波,正弦波
附件一（训练集）.xlsx|材料1|1010,3,正弦波,正弦波,正弦波,正弦波,正弦波,正弦波
附件一（训练集）.xlsx|材料1|1011,1,正弦波,正弦波,正弦波,正弦波,正弦波,正弦波
附件一（训练集）.xlsx|材料1|1012,0,正弦波,正弦波,正弦波,正弦波,正弦波,正弦波
附件一（训练集）.xlsx|材料1|1013,3,正弦波,正弦波,正弦波,正弦波,三角波,正弦波
附件一（训练集）.xlsx|材料1|1014,3,正弦波,正弦波,正弦波,正弦波,三角波,正弦波
附件一（训练集）.xlsx|材料1|1015,0,正弦波,正弦波,正弦波,正弦波,三角波,正弦波
附件一（训练集）.xlsx|材料1|1016,2,正弦波,正弦波,正弦波,正弦波,三角波,正弦波
附件一（训练集）.xlsx|材料1|1017,4,正弦波,正弦波,正弦波,正弦波,三角波,正弦波
附件一（训练集）.xlsx|材料1|1018,2,正弦波,正弦波,正弦波,正弦波,三角波,正弦波
附件一（训练集）.xlsx|材料1|1019,2,正弦波,正弦波,正弦波,正弦波,三角波,正弦波
附件一（训练集）.xlsx|材料1|102,1,正弦波,正弦波,正弦波,正弦波,三角波,正弦波
附件一（训练集）.xlsx|材料1|1020,2,正弦波,正弦波,正弦波,正弦波,三角波,正弦波
附件一（训练集）.xlsx|材料1|1021,2,正弦波,正弦波,正弦波,正弦波,三角波,正弦波
附件一（训练集）.xlsx|材料1|1022,1,正弦波,正弦波,正弦波,正弦波,三角波,正弦波
附件一（训练集）.xlsx|材料1|1023,0,正弦波,正弦波,正弦波,正弦波,三角波,正弦波
附件一（训练集）.xlsx|材料1|1024,3,正弦波,正弦波,正弦波,正弦波,三角波,正弦波
附件一（训练集）.xlsx|材料1|1025,4,正弦波,正弦波,正弦波,正弦波,三角波,正弦波
附件一（训练集）.xlsx|材料1|1026,3,正弦波,正弦波,正弦波,正弦波,三角波,正弦波
附件一（训练集）.xlsx|材料1|1027,2,正弦波,正弦波,正弦波,正弦波,三角波,正弦波
附件一（训练集）.xlsx|材料1|1028,2,正弦波,正弦波,正弦波,正弦波,三角波,正弦波
附件一（训练集）.xlsx|材料1|1029,3,正弦波,正弦波,正弦波,正弦波,三角波,正弦波
附件一（训练集）.xlsx|材料1|103,4,正弦波,正弦波,正弦波,正弦波,三角波,正弦波
附件一（训练集）.xlsx|材料1|1030,1,正弦波,正弦波,正弦波,正弦波,三角波,正弦波
附件一（训练集）.xlsx|材料1|1031,0,正弦波,正弦波,正弦波,正弦波,三角波,正弦波
附件一（训练集）.xlsx|材料1|1032,1,正弦波,正弦波,正弦波,正弦波,三角波,正弦波
附件一（训练集）.xlsx|材料1|1033,1,正弦波,正弦波,正弦波,正弦波,三角波,正弦波
附件一（训练集）.xlsx|材料1|1034,2,正弦波,正弦波,正弦波,正弦波,三角波,正弦波
附件一（训练集）.xlsx|材料1|1035,1,正弦波,正弦波,正弦波,正弦波,三角波,正弦波
附件一（训练集）.xlsx|材料1|1036,2,正弦波,正弦波,正弦波,正弦波,三角波,正弦波
附件一（训练集）.xlsx|材料1|1037,0,正弦波,正弦波,正弦波,正弦波,三角波,正弦波
附件一（训练集）.xlsx|材料1|1038,0,正弦波,正弦波,正弦波,正弦波,三角波,正弦波
附件一（训练集）.xlsx|材料1|1039,1,正弦波,正弦波,正弦波,正弦波,三角波,正弦波
附件一（训练集）.xlsx|材料1|104,1,正弦波,正弦波,正弦波,正弦波,三角波,正弦波
附件一（训练集）.xlsx|材料1|1040,4,正弦波,正弦波,正弦波,正弦波,三角波,正弦波
附件一（训练集）.xlsx|材料1|1041,0,正弦波,正弦波,正弦波,正弦波,三角波,正弦波
附件一（训练集）.xlsx|材料1|1042,1,正弦波,正弦波,正弦波,正弦波,三角波,正弦波
附件一（训练集）.xlsx|材料1|1043,0,正弦波,正弦波,正弦波,正弦波,三角波,正弦波
附件一（训练集）.xlsx|材料1|1044,3,正弦波,正弦波,正弦波,正弦波,三角波,正弦波
附件一（训练集）.xlsx|材料1|1045,1,正弦波,正弦波,正弦波,正弦波,三角波,正弦波
附件一（训练集）.xlsx|材料1|1046,0,正弦波,正弦波,正弦波,正弦波,三角波,正弦波
附件一（训练集）.xlsx|材料1|1047,4,正弦波,正弦波,正弦波,正弦波,三角波,正弦波
附件一（训练集）.xlsx|材料1|1048,0,正弦波,正弦波,正弦波,正弦波,三角波,正弦波
附件一（训练集）.xlsx|材料1|1049,2,正弦波,正弦波,正弦波,正弦波,三角波,正弦波
附件一（训练集）.xlsx|材料1|105,2,正弦波,正弦波,正弦波,正弦波,三角波,正弦波
附件一（训练集）.xlsx|材料1|1050,4,正弦波,正弦波,正弦波,正弦波,三角波,正弦波
附件一（训练集）.xlsx|材料1|1051,1,正弦波,正弦波,正弦波,正弦波,三角波,正弦波
附件一（训练集）.xlsx|材料1|1052,0,正弦波,正弦波,正弦波,正弦波,三角波,正弦波
附件一（训练集）.xlsx|材料1|1053,0,正弦波,正弦波,正弦波,正弦波,三角波,正弦波
附件一（训练集）.xlsx|材料1|1054,1,正弦波,正弦波,正弦波,正弦波,三角波,正弦波
附件一（训练集）.xlsx|材料1|1055,1,正弦波,正弦波,正弦波,正弦波,三角波,正弦波
附件一（训练集）.xlsx|材料1|1056,1,正弦波,正弦波,正弦波,正弦波,三角波,正弦波
附件一（训练集）.xlsx|材料1|1057,2,正弦波,正弦波,正弦波,正弦波,三角波,正弦波
附件一（训练集）.xlsx|材料1|1058,3,正弦波,正弦波,正弦波,正弦波,三角波,正弦波
附件一（训练集）.xlsx|材料1|1059,0,正弦波,正弦波,正弦波,正弦波,三角波,正弦波
附件一（训练集）.xlsx|材料1|106,4,正弦波,正弦波,正弦波,正弦波,三角波,正弦波
附件一（训练集）.xlsx|材料1|1060,3,正弦波,正弦波,正弦波,正弦波,三角波,正弦波
附件一（训练集）.xlsx|材料1|1061,4,正弦波,正弦波,正弦波,正弦波,三角波,正弦波
附件一（训练集）.xlsx|材料1|1062,1,正弦波,正弦波,正弦波,正弦波,三角波,正弦波
附件一（训练集）.xlsx|材料1|1063,2,正弦波,正弦波,正弦波,正弦波,三角波,正弦波
附件一（训练集）.xlsx|材料1|1064,3,正弦波,正弦波,正弦波,正弦波,三角波,正弦波
附件一（训练集）.xlsx|材料1|1065,1,正弦波,正弦波,正弦波,正弦波,三角波,正弦波
附件一（训练集）.xlsx|材料1|1066,1,正弦波,正弦波,正弦波,正弦波,三角波,正弦波
附件一（训练集）.xlsx|材料1|1067,0,正弦波,正弦波,正弦波,正弦波,三角波,正弦波
附件一（训练集）.xlsx|材料1|1068,3,正弦波,正弦波,正弦波,正弦波,三角波,正弦波
附件一（训练集）.xlsx|材料1|1069,0,三角波,三角波,三角波,三角波,正弦波,三角波
附件一（训练集）.xlsx|材料1|107,0,正弦波,正弦波,正弦波,正弦波,三角波,正弦波
附件一（训练集）.xlsx|材料1|1070,1,三角波,三角波,三角波,三角波,正弦波,三角波
附件一（训练集）.xlsx|材料1|1071,0,三角波,三角波,三角波,三角波,正弦波,三角波
附件一（训练集）.xlsx|材料1|1072,4,三角波,三角波,三角波,三角波,正弦波,三角波
附件一（训练集）.xlsx|材料1|1073,3,三角波,三角波,三角波,三角波,正弦波,三角波
附件一（训练集）.xlsx|材料1|1074,4,三角波,三角波,三角波,三角波,梯形波,三角波
附件一（训练集）.xlsx|材料1|1075,0,三角波,三角波,三角波,三角波,梯形波,三角波
附件一（训练集）.xlsx|材料1|1076,1,三角波,三角波,三角波,三角波,梯形波,三角波
附件一（训练集）.xlsx|材料1|1077,4,三角波,三角波,三角波,三角波,梯形波,三角波
附件一（训练集）.xlsx|材料1|1078,4,三角波,三角波,三角波,三角波,正弦波,三角波
附件一（训练集）.xlsx|材料1|1079,1,三角波,三角波,三角波,三角波,正弦波,三角波
附件一（训练集）.xlsx|材料1|108,0,正弦波,正弦波,正弦波,正弦波,正弦波,正弦波
附件一（训练集）.xlsx|材料1|1080,1,三角波,三角波,三角波,三角波,正弦波,三角波
附件一（训练集）.xlsx|材料1|1081,1,三角波,三角波,三角波,三角波,正弦波,三角波
附件一（训练集）.xlsx|材料1|1082,1,三角波,三角波,三角波,三角波,正弦波,三角波
附件一（训练集）.xlsx|材料1|1083,2,三角波,三角波,三角波,三角波,正弦波,三角波
附件一（训练集）.xlsx|材料1|1084,2,三角波,三角波,三角波,三角波,正弦波,三角波
附件一（训练集）.xlsx|材料1|1085,2,三角波,三角波,三角波,三角波,正弦波,三角波
附件一（训练集）.xlsx|材料1|1086,2,三角波,三角波,三角波,三角波,正弦波,三角波
附件一（训练集）.xlsx|材料1|1087,2,三角波,三角波,三角波,三角波,正弦波,三角波
附件一（训练集）.xlsx|材料1|1088,2,三角波,三角波,三角波,三角波,正弦波,三角波
附件一（训练集）.xlsx|材料1|1089,4,三角波,三角波,三角波,三角波,正弦波,三角波
附件一（训练集）.xlsx|材料1|109,0,正弦波,正弦波,正弦波,正弦波,正弦波,正弦波
附件一（训练集）.xlsx|材料1|1090,0,三角波,三角波,三角波,三角波,正弦波,三角波
附件一（训练集）.xlsx|材料1|1091,3,三角波,三角波,三角波,三角波,三角波,三角波
附件一（训练集）.xlsx|材料1|1092,3,三角波,三角波,三角波,三角波,三角波,三角波
附件一（训练集）.xlsx|材料1|1093,4,三角波,三角波,三角波,三角波,梯形波,三角波
附件一（训练集）.xlsx|材料1|1094,4,三角波,三角波,三角波,三角波,梯形波,三角波
附件一（训练集）.xlsx|材料1|1095,4,三角波,三角波,三角波,三角波,梯形波,三角波
附件一（训练集）.xlsx|材料1|1096,4,三角波,三角波,三角波,三角波,梯形波,三角波
附件一（训练集）.xlsx|材料1|1097,2,三角波,三角波,三角波,三角波,正弦波,三角波
附件一（训练集）.xlsx|材料1|1098,0,三角波,三角波,三角波,三角波,三角波,三角波
附件一（训练集）.xlsx|材料1|1099,4,三角波,三角波,三角波,三角波,三角波,三角波
附件一（训练集）.xlsx|材料1|11,1,正弦波,正弦波,正弦波,正弦波,正弦波,正弦波
附件一（训练集）.xlsx|材料1|110,4,正弦波,正弦波,正弦波,正弦波,正弦波,正弦波
附件一（训练集）.xlsx|材料1|1100,3,三角波,三角波,三角波,三角波,三角波,三角波
附件一（训练集）.xlsx|材料1|1101,3,三角波,三角波,三角波,三角波,正弦波,三角波
附件一（训练集）.xlsx|材料1|1102,2,三角波,三角波,三角波,三角波,正弦波,三角波
附件一（训练集）.xlsx|材料1|1103,0,三角波,三角波,三角波,三角波,正弦波,三角波
附件一（训练集）.xlsx|材料1|1104,4,三角波,三角波,三角波,三角波,正弦波,三角波
附件一（训练集）.xlsx|材料1|1105,3,三角波,三角波,三角波,三角波,正弦波,三角波
附件一（训练集）.xlsx|材料1|1106,3,三角波,三角波,三角波,三角波,正弦波,三角波
附件一（训练集）.xlsx|材料1|1107,3,三角波,三角波,三角波,三角波,正弦波,三角波
附件一（训练集）.xlsx|材料1|1108,1,三角波,三角波,三角波,三角波,正弦波,三角波
附件一（训练集）.xlsx|材料1|1109,3,三角波,三角波,三角波,三角波,三角波,三角波
附件一（训练集）.xlsx|材料1|111,2,正弦波,正弦波,正弦波,正弦波,正弦波,正弦波
附件一（训练集）.xlsx|材料1|1110,4,三角波,三角波,三角波,三角波,三角波,三角波
附件一（训练集）.xlsx|材料1|1111,3,三角波,三角波,三角波,三角波,三角波,三角波
附件一（训练集）.xlsx|材料1|1112,4,三角波,三角波,三角波,三角波,三角波,三角波
附件一（训练集）.xlsx|材料1|1113,3,三角波,三角波,三角波,三角波,三角波,三角波
附件一（训练集）.xlsx|材料1|1114,3,三角波,三角波,三角波,三角波,三角波,三角波
附件一（训练集）.xlsx|材料1|1115,4,三角波,三角波,三角波,三角波,三角波,三角波
附件一（训练集）.xlsx|材料1|1116,4,三角波,三角波,三角波,三角波,三角波,三角波
附件一（训练集）.xlsx|材料1|1117,4,三角波,三角波,三角波,三角波,三角波,三角波
附件一（训练集）.xlsx|材料1|1118,1,三角波,三角波,三角波,三角波,正弦波,三角波
附件一（训练集）.xlsx|材料1|1119,0,三角波,三角波,三角波,三角波,正弦波,三角波
附件一（训练集）.xlsx|材料1|112,0,正弦波,正弦波,正弦波,正弦波,正弦波,正弦波
附件一（训练集）.xlsx|材料1|1120,3,三角波,三角波,三角波,三角波,正弦波,三角波
附件一（训练集）.xlsx|材料1|1121,2,三角波,三角波,三角波,三角波,正弦波,三角波
附件一（训练集）.xlsx|材料1|1122,0,三角波,三角波,三角波,三角波,正弦波,三角波
附件一（训练集）.xlsx|材料1|1123,0,三角波,三角波,三角波,三角波,正弦波,三角波
附件一（训练集）.xlsx|材料1|1124,0,三角波,三角波,三角波,三角波,正弦波,三角波
附件一（训练集）.xlsx|材料1|1125,0,三角波,三角波,三角波,三角波,正弦波,三角波
附件一（训练集）.xlsx|材料1|1126,0,三角波,三角波,三角波,三角波,三角波,三角波
附件一（训练集）.xlsx|材料1|1127,1,三角波,三角波,三角波,三角波,三角波,三角波
附件一（训练集）.xlsx|材料1|1128,2,三角波,三角波,三角波,三角波,三角波,三角波
附件一（训练集）.xlsx|材料1|1129,4,三角波,三角波,三角波,三角波,三角波,三角波
附件一（训练集）.xlsx|材料1|113,4,正弦波,正弦波,正弦波,正弦波,正弦波,正弦波
附件一（训练集）.xlsx|材料1|1130,4,三角波,三角波,三角波,三角波,三角波,三角波
附件一（训练集）.xlsx|材料1|1131,1,三角波,三角波,三角波,三角波,三角波,三角波
附件一（训练集）.xlsx|材料1|1132,4,三角波,三角波,三角波,三角波,三角波,三角波
附件一（训练集）.xlsx|材料1|1133,2,三角波,三角波,三角波,三角波,三角波,三角波
附件一（训练集）.xlsx|材料1|1134,3,三角波,三角波,三角波,三角波,三角波,三角波
附件一（训练集）.xlsx|材料1|1135,0,三角波,三角波,三角波,三角波,三角波,三角波
附件一（训练集）.xlsx|材料1|1136,4,三角波,三角波,三角波,三角波,三角波,三角波
附件一（训练集）.xlsx|材料1|1137,1,三角波,三角波,三角波,三角波,三角波,三角波
附件一（训练集）.xlsx|材料1|1138,3,三角波,三角波,三角波,三角波,三角波,三角波
附件一（训练集）.xlsx|材料1|1139,2,三角波,三角波,三角波,三角波,三角波,三角波
附件一（训练集）.xlsx|材料1|114,3,正弦波,正弦波,正弦波,正弦波,正弦波,正弦波
附件一（训练集）.xlsx|材料1|1140,1,三角波,三角波,三角波,三角波,正弦波,三角波
附件一（训练集）.xlsx|材料1|1141,3,三角波,三角波,三角波,三角波,正弦波,三角波
附件一（训练集）.xlsx|材料1|1142,3,三角波,三角波,三角波,三角波,正弦波,三角波
附件一（训练集）.xlsx|材料1|1143,0,三角波,三角波,三角波,三角波,正弦波,三角波
附件一（训练集）.xlsx|材料1|1144,3,三角波,三角波,三角波,三角波,正弦波,三角波
附件一（训练集）.xlsx|材料1|1145,1,三角波,三角波,三角波,三角波,正弦波,三角波
附件一（训练集）.xlsx|材料1|1146,4,三角波,三角波,三角波,三角波,正弦波,三角波
附件一（训练集）.xlsx|材料1|1147,0,三角波,三角波,三角波,三角波,三角波,三角波
附件一（训练集）.xlsx|材料1|1148,0,三角波,三角波,三角波,三角波,三角波,三角波
附件一（训练集）.xlsx|材料1|1149,3,三角波,三角波,三角波,三角波,三角波,三角波
附件一（训练集）.xlsx|材料1|115,4,正弦波,正弦波,正弦波,正弦波,正弦波,正弦波
附件一（训练集）.xlsx|材料1|1150,4,三角波,三角波,三角波,三角波,三角波,三角波
附件一（训练集）.xlsx|材料1|1151,0,三角波,三角波,三角波,三角波,三角波,三角波
附件一（训练集）.xlsx|材料1|1152,3,三角波,三角波,三角波,三角波,三角波,三角波
附件一（训练集）.xlsx|材料1|1153,3,三角波,三角波,三角波,三角波,三角波,三角波
附件一（训练集）.xlsx|材料1|1154,1,三角波,三角波,三角波,三角波,三角波,三角波
附件一（训练集）.xlsx|材料1|1155,3,三角波,三角波,三角波,三角波,三角波,三角波
附件一（训练集）.xlsx|材料1|1156,4,三角波,三角波,三角波,三角波,三角波,三角波
附件一（训练集）.xlsx|材料1|1157,0,三角波,三角波,三角波,三角波,正弦波,三角波
附件一（训练集）.xlsx|材料1|1158,4,三角波,三角波,三角波,三角波,正弦波,三角波
附件一（训练集）.xlsx|材料1|1159,2,三角波,三角波,三角波,三角波,正弦波,三角波
附件一（训练集）.xlsx|材料1|116,4,正弦波,正弦波,正弦波,正弦波,正弦波,正弦波
附件一（训练集）.xlsx|材料1|1160,4,三角波,三角波,三角波,三角波,正弦波,三角波
附件一（训练集）.xlsx|材料1|1161,0,三角波,三角波,三角波,三角波,正弦波,三角波
附件一（训练集）.xlsx|材料1|1162,1,三角波,三角波,三角波,三角波,正弦波,三角波
附件一（训练集）.xlsx|材料1|1163,1,三角波,三角波,三角波,三角波,三角波,三角波
附件一（训练集）.xlsx|材料1|1164,3,三角波,三角波,三角波,三角波,三角波,三角波
附件一（训练集）.xlsx|材料1|1165,1,三角波,三角波,三角波,三角波,三角波,三角波
附件一（训练集）.xlsx|材料1|1166,4,三角波,三角波,三角波,三角波,三角波,三角波
附件一（训练集）.xlsx|材料1|1167,1,三角波,三角波,三角波,三角波,三角波,三角波
附件一（训练集）.xlsx|材料1|1168,1,三角波,三角波,三角波,三角波,三角波,三角波
附件一（训练集）.xlsx|材料1|1169,3,三角波,三角波,三角波,三角波,三角波,三角波
附件一（训练集）.xlsx|材料1|117,1,正弦波,正弦波,正弦波,正弦波,正弦波,正弦波
附件一（训练集）.xlsx|材料1|1170,1,三角波,三角波,三角波,三角波,三角波,三角波
附件一（训练集）.xlsx|材料1|1171,1,三角波,三角波,三角波,三角波,三角波,三角波
附件一（训练集）.xlsx|材料1|1172,1,三角波,三角波,三角波,三角波,三角波,三角波
附件一（训练集）.xlsx|材料1|1173,1,三角波,三角波,三角波,三角波,三角波,三角波
附件一（训练集）.xlsx|材料1|1174,4,三角波,三角波,三角波,三角波,三角波,三角波
附件一（训练集）.xlsx|材料1|1175,0,三角波,三角波,三角波,三角波,三角波,三角波
附件一（训练集）.xlsx|材料1|1176,3,三角波,三角波,三角波,三角波,三角波,三角波
附件一（训练集）.xlsx|材料1|1177,4,三角波,三角波,三角波,三角波,三角波,三角波
附件一（训练集）.xlsx|材料1|1178,3,三角波,三角波,三角波,三角波,三角波,三角波
附件一（训练集）.xlsx|材料1|1179,3,三角波,三角波,三角波,三角波,三角波,三角波
附件一（训练集）.xlsx|材料1|118,4,正弦波,正弦波,正弦波,正弦波,三角波,正弦波
附件一（训练集）.xlsx|材料1|1180,4,三角波,三角波,三角波,三角波,正弦波,三角波
附件一（训练集）.xlsx|材料1|1181,2,三角波,三角波,三角波,三角波,正弦波,三角波
附件一（训练集）.xlsx|材料1|1182,4,三角波,三角波,三角波,三角波,正弦波,三角波
附件一（训练集）.xlsx|材料1|1183,3,三角波,三角波,三角波,三角波,正弦波,三角波
附件一（训练集）.xlsx|材料1|1184,3,三角波,三角波,三角波,三角波,三角波,三角波
附件一（训练集）.xlsx|材料1|1185,3,三角波,三角波,三角波,三角波,三角波,三角波
附件一（训练集）.xlsx|材料1|1186,3,三角波,三角波,三角波,三角波,三角波,三角波
附件一（训练集）.xlsx|材料1|1187,3,三角波,三角波,三角波,三角波,三角波,三角波
附件一（训练集）.xlsx|材料1|1188,0,三角波,三角波,三角波,三角波,三角波,三角波
附件一（训练集）.xlsx|材料1|1189,3,三角波,三角波,三角波,三角波,三角波,三角波
附件一（训练集）.xlsx|材料1|119,1,正弦波,正弦波,正弦波,正弦波,三角波,正弦波
附件一（训练集）.xlsx|材料1|1190,3,三角波,三角波,三角波,三角波,三角波,三角波
附件一（训练集）.xlsx|材料1|1191,3,三角波,三角波,三角波,三角波,三角波,三角波
附件一（训练集）.xlsx|材料1|1192,0,三角波,三角波,三角波,三角波,三角波,三角波
附件一（训练集）.xlsx|材料1|1193,4,三角波,三角波,三角波,三角波,三角波,三角波
附件一（训练集）.xlsx|材料1|1194,3,三角波,三角波,三角波,三角波,三角波,三角波
附件一（训练集）.xlsx|材料1|1195,4,三角波,三角波,三角波,三角波,三角波,三角波
附件一（训练集）.xlsx|材料1|1196,0,三角波,三角波,三角波,三角波,三角波,三角波
附件一（训练集）.xlsx|材料1|1197,1,三角波,三角波,三角波,三角波,三角波,三角波
附件一（训练集）.xlsx|材料1|1198,3,三角波,三角波,三角波,三角波,三角波,三角波
附件一（训练集）.xlsx|材料1|1199,0,三角波,三角波,三角波,三角波,正弦波,三角波
附件一（训练集）.xlsx|材料1|12,3,正弦波,正弦波,正弦波,正弦波,梯形波,正弦波
附件一（训练集）.xlsx|材料1|120,3,正弦波,正弦波,正弦波,正弦波,三角波,正弦波
附件一（训练集）.xlsx|材料1|1200,0,三角波,三角波,三角波,三角波,正弦波,三角波
附件一（训练集）.xlsx|材料1|1201,0,三角波,三角波,三角波,三角波,三角波,三角波
附件一（训练集）.xlsx|材料1|1202,2,三角波,三角波,三角波,三角波,三角波,三角波
附件一（训练集）.xlsx|材料1|1203,2,三角波,三角波,三角波,三角波,三角波,三角波
附件一（训练集）.xlsx|材料1|1204,0,三角波,三角波,三角波,三角波,三角波,三角波
附件一（训练集）.xlsx|材料1|1205,2,三角波,三角波,三角波,三角波,三角波,三角波
附件一（训练集）.xlsx|材料1|1206,2,三角波,三角波,三角波,三角波,三角波,三角波
附件一（训练集）.xlsx|材料1|1207,3,三角波,三角波,三角波,三角波,三角波,三角波
附件一（训练集）.xlsx|材料1|1208,3,三角波,三角波,三角波,三角波,三角波,三角波
附件一（训练集）.xlsx|材料1|1209,3,三角波,三角波,三角波,三角波,三角波,三角波
附件一（训练集）.xlsx|材料1|121,3,正弦波,正弦波,正弦波,正弦波,三角波,正弦波
附件一（训练集）.xlsx|材料1|1210,3,三角波,三角波,三角波,三角波,三角波,三角波
附件一（训练集）.xlsx|材料1|1211,3,三角波,三角波,三角波,三角波,三角波,三角波
附件一（训练集）.xlsx|材料1|1212,4,三角波,三角波,三角波,三角波,三角波,三角波
附件一（训练集）.xlsx|材料1|1213,4,三角波,三角波,三角波,三角波,三角波,三角波
附件一（训练集）.xlsx|材料1|1214,4,三角波,三角波,三角波,三角波,三角波,三角波
附件一（训练集）.xlsx|材料1|1215,4,三角波,三角波,三角波,三角波,三角波,三角波
附件一（训练集）.xlsx|材料1|1216,3,三角波,三角波,三角波,三角波,三角波,三角波
附件一（训练集）.xlsx|材料1|1217,3,三角波,三角波,三角波,三角波,三角波,三角波
附件一（训练集）.xlsx|材料1|1218,0,三角波,三角波,三角波,三角波,三角波,三角波
附件一（训练集）.xlsx|材料1|1219,3,三角波,三角波,三角波,三角波,三角波,三角波
附件一（训练集）.xlsx|材料1|122,1,正弦波,正弦波,正弦波,正弦波,三角波,正弦波
附件一（训练集）.xlsx|材料1|1220,0,三角波,三角波,三角波,三角波,三角波,三角波
附件一（训练集）.xlsx|材料1|1221,1,三角波,三角波,三角波,三角波,三角波,三角波
附件一（训练集）.xlsx|材料1|1222,3,三角波,三角波,三角波,三角波,三角波,三角波
附件一（训练集）.xlsx|材料1|1223,2,三角波,三角波,三角波,三角波,三角波,三角波
附件一（训练集）.xlsx|材料1|1224,3,三角波,三角波,三角波,三角波,三角波,三角波
附件一（训练集）.xlsx|材料1|1225,0,三角波,三角波,三角波,三角波,三角波,三角波
附件一（训练集）.xlsx|材料1|1226,0,三角波,三角波,三角波,三角波,三角波,三角波
附件一（训练集）.xlsx|材料1|1227,0,三角波,三角波,三角波,三角波,三角波,三角波
附件一（训练集）.xlsx|材料1|1228,3,三角波,三角波,三角波,三角波,三角波,三角波
附件一（训练集）.xlsx|材料1|1229,4,三角波,三角波,三角波,三角波,三角波,三角波
附件一（训练集）.xlsx|材料1|123,1,正弦波,正弦波,正弦波,正弦波,三角波,正弦波
附件一（训练集）.xlsx|材料1|1230,3,三角波,三角波,三角波,三角波,三角波,三角波
附件一（训练集）.xlsx|材料1|1231,3,三角波,三角波,三角波,三角波,三角波,三角波
附件一（训练集）.xlsx|材料1|1232,1,三角波,三角波,三角波,三角波,三角波,三角波
附件一（训练集）.xlsx|材料1|1233,3,三角波,三角波,三角波,三角波,三角波,三角波
附件一（训练集）.xlsx|材料1|1234,2,三角波,三角波,三角波,三角波,三角波,三角波
附件一（训练集）.xlsx|材料1|1235,2,三角波,三角波,三角波,三角波,三角波,三角波
附件一（训练集）.xlsx|材料1|1236,2,三角波,三角波,三角波,三角波,三角波,三角波
附件一（训练集）.xlsx|材料1|1237,2,三角波,三角波,三角波,三角波,三角波,三角波
附件一（训练集）.xlsx|材料1|1238,4,三角波,三角波,三角波,三角波,三角波,三角波
附件一（训练集）.xlsx|材料1|1239,1,三角波,三角波,三角波,三角波,三角波,三角波
附件一（训练集）.xlsx|材料1|124,0,正弦波,正弦波,正弦波,正弦波,三角波,正弦波
附件一（训练集）.xlsx|材料1|1240,3,三角波,三角波,三角波,三角波,三角波,三角波
附件一（训练集）.xlsx|材料1|1241,3,三角波,三角波,三角波,三角波,三角波,三角波
附件一（训练集）.xlsx|材料1|1242,1,三角波,三角波,三角波,三角波,三角波,三角波
附件一（训练集）.xlsx|材料1|1243,4,三角波,三角波,三角波,三角波,三角波,三角波
附件一（训练集）.xlsx|材料1|1244,0,三角波,三角波,三角波,三角波,三角波,三角波
附件一（训练集）.xlsx|材料1|1245,0,三角波,三角波,三角波,三角波,三角波,三角波
附件一（训练集）.xlsx|材料1|1246,0,三角波,三角波,三角波,三角波,三角波,三角波
附件一（训练集）.xlsx|材料1|1247,3,三角波,三角波,三角波,三角波,三角波,三角波
附件一（训练集）.xlsx|材料1|1248,4,三角波,三角波,三角波,三角波,三角波,三角波
附件一（训练集）.xlsx|材料1|1249,4,三角波,三角波,三角波,三角波,三角波,三角波
附件一（训练集）.xlsx|材料1|125,2,正弦波,正弦波,正弦波,正弦波,三角波,正弦波
附件一（训练集）.xlsx|材料1|1250,4,三角波,三角波,三角波,三角波,三角波,三角波
附件一（训练集）.xlsx|材料1|1251,1,三角波,三角波,三角波,三角波,三角波,三角波
附件一（训练集）.xlsx|材料1|1252,4,三角波,三角波,三角波,三角波,三角波,三角波
附件一（训练集）.xlsx|材料1|1253,4,三角波,三角波,三角波,三角波,三角波,三角波
附件一（训练集）.xlsx|材料1|1254,4,三角波,三角波,三角波,三角波,三角波,三角波
附件一（训练集）.xlsx|材料1|1255,3,三角波,三角波,三角波,三角波,三角波,三角波
附件一（训练集）.xlsx|材料1|1256,0,三角波,三角波,三角波,三角波,三角波,三角波
附件一（训练集）.xlsx|材料1|1257,0,三角波,三角波,三角波,三角波,三角波,三角波
附件一（训练集）.xlsx|材料1|1258,1,三角波,三角波,三角波,三角波,三角波,三角波
附件一（训练集）.xlsx|材料1|1259,0,三角波,三角波,三角波,三角波,三角波,三角波
附件一（训练集）.xlsx|材料1|126,2,正弦波,正弦波,正弦波,正弦波,正弦波,正弦波
附件一（训练集）.xlsx|材料1|1260,0,三角波,三角波,三角波,三角波,三角波,三角波
附件一（训练集）.xlsx|材料1|1261,2,三角波,三角波,三角波,三角波,三角波,三角波
附件一（训练集）.xlsx|材料1|1262,4,三角波,三角波,三角波,三角波,三角波,三角波
附件一（训练集）.xlsx|材料1|1263,0,三角波,三角波,三角波,三角波,三角波,三角波
附件一（训练集）.xlsx|材料1|1264,4,三角波,三角波,三角波,三角波,三角波,三角波
附件一（训练集）.xlsx|材料1|1265,0,三角波,三角波,三角波,三角波,三角波,三角波
附件一（训练集）.xlsx|材料1|1266,0,三角波,三角波,三角波,三角波,三角波,三角波
附件一（训练集）.xlsx|材料1|1267,3,三角波,三角波,三角波,三角波,三角波,三角波
附件一（训练集）.xlsx|材料1|1268,4,三角波,三角波,三角波,三角波,三角波,三角波
附件一（训练集）.xlsx|材料1|1269,3,三角波,三角波,三角波,三角波,三角波,三角波
附件一（训练集）.xlsx|材料1|127,4,正弦波,正弦波,正弦波,正弦波,正弦波,正弦波
附件一（训练集）.xlsx|材料1|1270,1,三角波,三角波,三角波,三角波,三角波,三角波
附件一（训练集）.xlsx|材料1|1271,4,三角波,三角波,三角波,三角波,三角波,三角波
附件一（训练集）.xlsx|材料1|1272,2,三角波,三角波,三角波,三角波,三角波,三角波
附件一（训练集）.xlsx|材料1|1273,2,三角波,三角波,三角波,三角波,三角波,三角波
附件一（训练集）.xlsx|材料1|1274,4,三角波,三角波,三角波,三角波,三角波,三角波
附件一（训练集）.xlsx|材料1|1275,0,三角波,三角波,三角波,三角波,三角波,三角波
附件一（训练集）.xlsx|材料1|1276,0,三角波,三角波,三角波,三角波,三角波,三角波
附件一（训练集）.xlsx|材料1|1277,0,三角波,三角波,三角波,三角波,三角波,三角波
附件一（训练集）.xlsx|材料1|1278,0,三角波,三角波,三角波,三角波,三角波,三角波
附件一（训练集）.xlsx|材料1|1279,0,三角波,三角波,三角波,三角波,三角波,三角波
附件一（训练集）.xlsx|材料1|128,4,正弦波,正弦波,正弦波,正弦波,正弦波,正弦波
附件一（训练集）.xlsx|材料1|1280,2,三角波,三角波,三角波,三角波,三角波,三角波
附件一（训练集）.xlsx|材料1|1281,3,三角波,三角波,三角波,三角波,三角波,三角波
附件一（训练集）.xlsx|材料1|1282,2,三角波,三角波,三角波,三角波,三角波,三角波
附件一（训练集）.xlsx|材料1|1283,2,三角波,三角波,三角波,三角波,三角波,三角波
附件一（训练集）.xlsx|材料1|1284,1,三角波,三角波,三角波,三角波,三角波,三角波
附件一（训练集）.xlsx|材料1|1285,0,三角波,三角波,三角波,三角波,三角波,三角波
附件一（训练集）.xlsx|材料1|1286,2,三角波,三角波,三角波,三角波,三角波,三角波
附件一（训练集）.xlsx|材料1|1287,2,三角波,三角波,三角波,三角波,三角波,三角波
附件一（训练集）.xlsx|材料1|1288,2,三角波,三角波,三角波,三角波,三角波,三角波
附件一（训练集）.xlsx|材料1|1289,2,三角波,三角波,三角波,三角波,三角波,三角波
附件一（训练集）.xlsx|材料1|129,1,正弦波,正弦波,正弦波,正弦波,正弦波,正弦波
附件一（训练集）.xlsx|材料1|1290,4,三角波,三角波,三角波,三角波,三角波,三角波
附件一（训练集）.xlsx|材料1|1291,4,三角波,三角波,三角波,三角波,三角波,三角波
附件一（训练集）.xlsx|材料1|1292,3,三角波,三角波,三角波,三角波,三角波,三角波
附件一（训练集）.xlsx|材料1|1293,4,三角波,三角波,三角波,三角波,三角波,三角波
附件一（训练集）.xlsx|材料1|1294,2,三角波,三角波,三角波,三角波,三角波,三角波
附件一（训练集）.xlsx|材料1|1295,4,三角波,三角波,三角波,三角波,三角波,三角波
附件一（训练集）.xlsx|材料1|1296,2,三角波,三角波,三角波,三角波,三角波,三角波
附件一（训练集）.xlsx|材料1|1297,0,三角波,三角波,三角波,三角波,三角波,三角波
附件一（训练集）.xlsx|材料1|1298,4,三角波,三角波,三角波,三角波,三角波,三角波
附件一（训练集）.xlsx|材料1|1299,2,三角波,三角波,三角波,三角波,三角波,三角波
附件一（训练集）.xlsx|材料1|13,1,正弦波,正弦波,正弦波,正弦波,梯形波,正弦波
附件一（训练集）.xlsx|材料1|130,2,正弦波,正弦波,正弦波,正弦波,正弦波,正弦波
附件一（训练集）.xlsx|材料1|1300,1,三角波,三角波,三角波,三角波,三角波,三角波
附件一（训练集）.xlsx|材料1|1301,1,三角波,三角波,三角波,三角波,三角波,三角波
附件一（训练集）.xlsx|材料1|1302,2,三角波,三角波,三角波,三角波,三角波,三角波
附件一（训练集）.xlsx|材料1|1303,1,三角波,三角波,三角波,三角波,三角波,三角波
附件一（训练集）.xlsx|材料1|1304,2,三角波,三角波,三角波,三角波,三角波,三角波
附件一（训练集）.xlsx|材料1|1305,1,三角波,三角波,三角波,三角波,三角波,三角波
附件一（训练集）.xlsx|材料1|1306,2,三角波,三角波,三角波,三角波,三角波,三角波
附件一（训练集）.xlsx|材料1|1307,2,三角波,三角波,三角波,三角波,三角波,三角波
附件一（训练集）.xlsx|材料1|1308,2,三角波,三角波,三角波,三角波,三角波,三角波
附件一（训练集）.xlsx|材料1|1309,3,三角波,三角波,三角波,三角波,三角波,三角波
附件一（训练集）.xlsx|材料1|131,3,正弦波,正弦波,正弦波,正弦波,正弦波,正弦波
附件一（训练集）.xlsx|材料1|1310,2,三角波,三角波,三角波,三角波,三角波,三角波
附件一（训练集）.xlsx|材料1|1311,4,三角波,三角波,三角波,三角波,三角波,三角波
附件一（训练集）.xlsx|材料1|1312,4,三角波,三角波,三角波,三角波,正弦波,三角波
附件一（训练集）.xlsx|材料1|1313,4,三角波,三角波,三角波,三角波,正弦波,三角波
附件一（训练集）.xlsx|材料1|1314,3,三角波,三角波,三角波,三角波,正弦波,三角波
附件一（训练集）.xlsx|材料1|1315,3,三角波,三角波,三角波,三角波,正弦波,三角波
附件一（训练集）.xlsx|材料1|1316,3,三角波,三角波,三角波,三角波,正弦波,三角波
附件一（训练集）.xlsx|材料1|1317,3,三角波,三角波,三角波,三角波,正弦波,三角波
附件一（训练集）.xlsx|材料1|1318,3,三角波,三角波,三角波,三角波,正弦波,三角波
附件一（训练集）.xlsx|材料1|1319,3,三角波,三角波,三角波,三角波,正弦波,三角波
附件一（训练集）.xlsx|材料1|132,1,正弦波,正弦波,正弦波,正弦波,正弦波,正弦波
附件一（训练集）.xlsx|材料1|1320,3,三角波,三角波,三角波,三角波,梯形波,三角波
附件一（训练集）.xlsx|材料1|1321,3,三角波,三角波,三角波,三角波,梯形波,三角波
附件一（训练集）.xlsx|材料1|1322,1,三角波,三角波,三角波,三角波,梯形波,三角波
附件一（训练集）.xlsx|材料1|1323,2,三角波,三角波,三角波,三角波,正弦波,三角波
附件一（训练集）.xlsx|材料1|1324,2,三角波,三角波,三角波,三角波,正弦波,三角波
附件一（训练集）.xlsx|材料1|1325,2,三角波,三角波,三角波,三角波,正弦波,三角波
附件一（训练集）.xlsx|材料1|1326,2,三角波,三角波,三角波,三角波,正弦波,三角波
附件一（训练集）.xlsx|材料1|1327,2,三角波,三角波,三角波,三角波,正弦波,三角波
附件一（训练集）.xlsx|材料1|1328,2,三角波,三角波,三角波,三角波,正弦波,三角波
附件一（训练集）.xlsx|材料1|1329,2,三角波,三角波,三角波,三角波,正弦波,三角波
附件一（训练集）.xlsx|材料1|133,0,正弦波,正弦波,正弦波,正弦波,正弦波,正弦波
附件一（训练集）.xlsx|材料1|1330,2,三角波,三角波,三角波,三角波,正弦波,三角波
附件一（训练集）.xlsx|材料1|1331,0,三角波,三角波,三角波,三角波,正弦波,三角波
附件一（训练集）.xlsx|材料1|1332,2,三角波,三角波,三角波,三角波,正弦波,三角波
附件一（训练集）.xlsx|材料1|1333,2,三角波,三角波,三角波,三角波,梯形波,三角波
附件一（训练集）.xlsx|材料1|1334,2,三角波,三角波,三角波,三角波,梯形波,三角波
附件一（训练集）.xlsx|材料1|1335,3,三角波,三角波,三角波,三角波,三角波,三角波
附件一（训练集）.xlsx|材料1|1336,3,三角波,三角波,三角波,三角波,三角波,三角波
附件一（训练集）.xlsx|材料1|1337,2,三角波,三角波,三角波,三角波,梯形波,三角波
附件一（训练集）.xlsx|材料1|1338,2,三角波,三角波,三角波,三角波,梯形波,三角波
附件一（训练集）.xlsx|材料1|1339,0,三角波,三角波,三角波,三角波,正弦波,三角波
附件一（训练集）.xlsx|材料1|134,1,正弦波,正弦波,正弦波,正弦波,三角波,正弦波
附件一（训练集）.xlsx|材料1|1340,2,三角波,三角波,三角波,三角波,正弦波,三角波
附件一（训练集）.xlsx|材料1|1341,0,三角波,三角波,三角波,三角波,正弦波,三角波
附件一（训练集）.xlsx|材料1|1342,3,三角波,三角波,三角波,三角波,正弦波,三角波
附件一（训练集）.xlsx|材料1|1343,4,三角波,三角波,三角波,三角波,正弦波,三角波
附件一（训练集）.xlsx|材料1|1344,4,三角波,三角波,三角波,三角波,正弦波,三角波
附件一（训练集）.xlsx|材料1|1345,0,三角波,三角波,三角波,三角波,正弦波,三角波
附件一（训练集）.xlsx|材料1|1346,2,三角波,三角波,三角波,三角波,三角波,三角波
附件一（训练集）.xlsx|材料1|1347,2,三角波,三角波,三角波,三角波,三角波,三角波
附件一（训练集）.xlsx|材料1|1348,1,三角波,三角波,三角波,三角波,三角波,三角波
附件一（训练集）.xlsx|材料1|1349,2,三角波,三角波,三角波,三角波,三角波,三角波
附件一（训练集）.xlsx|材料1|135,4,正弦波,正弦波,正弦波,正弦波,三角波,正弦波
附件一（训练集）.xlsx|材料1|1350,0,三角波,三角波,三角波,三角波,三角波,三角波
附件一（训练集）.xlsx|材料1|1351,0,三角波,三角波,三角波,三角波,正弦波,三角波
附件一（训练集）.xlsx|材料1|1352,3,三角波,三角波,三角波,三角波,正弦波,三角波
附件一（训练集）.xlsx|材料1|1353,0,三角波,三角波,三角波,三角波,正弦波,三角波
附件一（训练集）.xlsx|材料1|1354,0,三角波,三角波,三角波,三角波,正弦波,三角波
附件一（训练集）.xlsx|材料1|1355,1,三角波,三角波,三角波,三角波,正弦波,三角波
附件一（训练集）.xlsx|材料1|1356,1,三角波,三角波,三角波,三角波,正弦波,三角波
附件一（训练集）.xlsx|材料1|1357,1,三角波,三角波,三角波,三角波,三角波,三角波
附件一（训练集）.xlsx|材料1|1358,1,三角波,三角波,三角波,三角波,三角波,三角波
附件一（训练集）.xlsx|材料1|1359,1,三角波,三角波,三角波,三角波,三角波,三角波
附件一（训练集）.xlsx|材料1|136,3,正弦波,正弦波,正弦波,正弦波,三角波,正弦波
附件一（训练集）.xlsx|材料1|1360,1,三角波,三角波,三角波,三角波,三角波,三角波
附件一（训练集）.xlsx|材料1|1361,1,三角波,三角波,三角波,三角波,三角波,三角波
附件一（训练集）.xlsx|材料1|1362,4,三角波,三角波,三角波,三角波,三角波,三角波
附件一（训练集）.xlsx|材料1|1363,0,三角波,三角波,三角波,三角波,三角波,三角波
附件一（训练集）.xlsx|材料1|1364,0,三角波,三角波,三角波,三角波,三角波,三角波
附件一（训练集）.xlsx|材料1|1365,0,三角波,三角波,三角波,三角波,三角波,三角波
附件一（训练集）.xlsx|材料1|1366,1,三角波,三角波,三角波,三角波,正弦波,三角波
附件一（训练集）.xlsx|材料1|1367,1,三角波,三角波,三角波,三角波,正弦波,三角波
附件一（训练集）.xlsx|材料1|1368,1,三角波,三角波,三角波,三角波,正弦波,三角波
附件一（训练集）.xlsx|材料1|1369,3,三角波,三角波,三角波,三角波,正弦波,三角波
附件一（训练集）.xlsx|材料1|137,4,正弦波,正弦波,正弦波,正弦波,三角波,正弦波
附件一（训练集）.xlsx|材料1|1370,3,三角波,三角波,三角波,三角波,正弦波,三角波
附件一（训练集）.xlsx|材料1|1371,4,三角波,三角波,三角波,三角波,正弦波,三角波
附件一（训练集）.xlsx|材料1|1372,3,三角波,三角波,三角波,三角波,三角波,三角波
附件一（训练集）.xlsx|材料1|1373,0,三角波,三角波,三角波,三角波,三角波,三角波
附件一（训练集）.xlsx|材料1|1374,4,三角波,三角波,三角波,三角波,三角波,三角波
附件一（训练集）.xlsx|材料1|1375,4,三角波,三角波,三角波,三角波,三角波,三角波
附件一（训练集）.xlsx|材料1|1376,0,三角波,三角波,三角波,三角波,三角波,三角波
附件一（训练集）.xlsx|材料1|1377,0,三角波,三角波,三角波,三角波,三角波,三角波
附件一（训练集）.xlsx|材料1|1378,0,三角波,三角波,三角波,三角波,三角波,三角波
附件一（训练集）.xlsx|材料1|1379,4,三角波,三角波,三角波,三角波,三角波,三角波
附件一（训练集）.xlsx|材料1|138,4,正弦波,正弦波,正弦波,正弦波,三角波,正弦波
附件一（训练集）.xlsx|材料1|1380,3,三角波,三角波,三角波,三角波,三角波,三角波
附件一（训练集）.xlsx|材料1|1381,0,三角波,三角波,三角波,三角波,正弦波,三角波
附件一（训练集）.xlsx|材料1|1382,2,三角波,三角波,三角波,三角波,正弦波,三角波
附件一（训练集）.xlsx|材料1|1383,2,三角波,三角波,三角波,三角波,正弦波,三角波
附件一（训练集）.xlsx|材料1|1384,4,三角波,三角波,三角波,三角波,正弦波,三角波
附件一（训练集）.xlsx|材料1|1385,4,三角波,三角波,三角波,三角波,正弦波,三角波
附件一（训练集）.xlsx|材料1|1386,4,三角波,三角波,三角波,三角波,正弦波,三角波
附件一（训练集）.xlsx|材料1|1387,3,三角波,三角波,三角波,三角波,梯形波,三角波
附件一（训练集）.xlsx|材料1|1388,3,三角波,三角波,三角波,三角波,梯形波,三角波
附件一（训练集）.xlsx|材料1|1389,0,三角波,三角波,三角波,三角波,梯形波,三角波
附件一（训练集）.xlsx|材料1|139,0,正弦波,正弦波,正弦波,正弦波,三角波,正弦波
附件一（训练集）.xlsx|材料1|1390,1,三角波,三角波,三角波,三角波,梯形波,三角波
附件一（训练集）.xlsx|材料1|1391,2,三角波,三角波,三角波,三角波,正弦波,三角波
附件一（训练集）.xlsx|材料1|1392,2,三角波,三角波,三角波,三角波,正弦波,三角波
附件一（训练集）.xlsx|材料1|1393,2,三角波,三角波,三角波,三角波,正弦波,三角波
附件一（训练集）.xlsx|材料1|1394,1,三角波,三角波,三角波,三角波,正弦波,三角波
附件一（训练集）.xlsx|材料1|1395,4,三角波,三角波,三角波,三角波,正弦波,三角波
附件一（训练集）.xlsx|材料1|1396,2,三角波,三角波,三角波,三角波,正弦波,三角波
附件一（训练集）.xlsx|材料1|1397,2,三角波,三角波,三角波,三角波,正弦波,三角波
附件一（训练集）.xlsx|材料1|1398,4,三角波,三角波,三角波,三角波,梯形波,三角波
附件一（训练集）.xlsx|材料1|1399,4,三角波,三角波,三角波,三角波,梯形波,三角波
附件一（训练集）.xlsx|材料1|14,0,正弦波,正弦波,正弦波,正弦波,正弦波,正弦波
附件一（训练集）.xlsx|材料1|140,3,正弦波,正弦波,正弦波,正弦波,三角波,正弦波
附件一（训练集）.xlsx|材料1|1400,3,三角波,三角波,三角波,三角波,梯形波,三角波
附件一（训练集）.xlsx|材料1|1401,3,三角波,三角波,三角波,三角波,梯形波,三角波
附件一（训练集）.xlsx|材料1|1402,4,三角波,三角波,三角波,三角波,梯形波,三角波
附件一（训练集）.xlsx|材料1|1403,4,三角波,三角波,三角波,三角波,梯形波,三角波
附件一（训练集）.xlsx|材料1|1404,4,三角波,三角波,三角波,三角波,三角波,三角波
附件一（训练集）.xlsx|材料1|1405,4,三角波,三角波,三角波,三角波,三角波,三角波
附件一（训练集）.xlsx|材料1|1406,4,三角波,三角波,三角波,三角波,梯形波,三角波
附件一（训练集）.xlsx|材料1|1407,4,三角波,三角波,三角波,三角波,梯形波,三角波
附件一（训练集）.xlsx|材料1|1408,1,三角波,三角波,三角波,三角波,正弦波,三角波
附件一（训练集）.xlsx|材料1|1409,4,三角波,三角波,三角波,三角波,正弦波,三角波
附件一（训练集）.xlsx|材料1|141,1,正弦波,正弦波,正弦波,正弦波,三角波,正弦波
附件一（训练集）.xlsx|材料1|1410,1,三角波,三角波,三角波,三角波,正弦波,三角波
附件一（训练集）.xlsx|材料1|1411,0,三角波,三角波,三角波,三角波,正弦波,三角波
附件一（训练集）.xlsx|材料1|1412,0,三角波,三角波,三角波,三角波,正弦波,三角波
附件一（训练集）.xlsx|材料1|1413,0,三角波,三角波,三角波,三角波,正弦波,三角波
附件一（训练集）.xlsx|材料1|1414,4,三角波,三角波,三角波,三角波,三角波,三角波
附件一（训练集）.xlsx|材料1|1415,4,三角波,三角波,三角波,三角波,三角波,三角波
附件一（训练集）.xlsx|材料1|1416,3,三角波,三角波,三角波,三角波,三角波,三角波
附件一（训练集）.xlsx|材料1|1417,0,三角波,三角波,三角波,三角波,三角波,三角波
附件一（训练集）.xlsx|材料1|1418,3,三角波,三角波,三角波,三角波,三角波,三角波
附件一（训练集）.xlsx|材料1|1419,3,三角波,三角波,三角波,三角波,三角波,三角波
附件一（训练集）.xlsx|材料1|142,0,正弦波,正弦波,正弦波,正弦波,三角波,正弦波
附件一（训练集）.xlsx|材料1|1420,0,三角波,三角波,三角波,三角波,三角波,三角波
附件一（训练集）.xlsx|材料1|1421,4,三角波,三角波,三角波,三角波,三角波,三角波
附件一（训练集）.xlsx|材料1|1422,4,三角波,三角波,三角波,三角波,三角波,三角波
附件一（训练集）.xlsx|材料1|1423,4,三角波,三角波,三角波,三角波,三角波,三角波
附件一（训练集）.xlsx|材料1|1424,0,三角波,三角波,三角波,三角波,正弦波,三角波
附件一（训练集）.xlsx|材料1|1425,1,三角波,三角波,三角波,三角波,正弦波,三角波
附件一（训练集）.xlsx|材料1|1426,0,三角波,三角波,三角波,三角波,正弦波,三角波
附件一（训练集）.xlsx|材料1|1427,0,三角波,三角波,三角波,三角波,正弦波,三角波
附件一（训练集）.xlsx|材料1|1428,1,三角波,三角波,三角波,三角波,正弦波,三角波
附件一（训练集）.xlsx|材料1|1429,0,三角波,三角波,三角波,三角波,正弦波,三角波
附件一（训练集）.xlsx|材料1|143,1,正弦波,正弦波,正弦波,正弦波,三角波,正弦波
附件一（训练集）.xlsx|材料1|1430,4,三角波,三角波,三角波,三角波,正弦波,三角波
附件一（训练集）.xlsx|材料1|1431,0,三角波,三角波,三角波,三角波,正弦波,三角波
附件一（训练集）.xlsx|材料1|1432,4,三角波,三角波,三角波,三角波,三角波,三角波
附件一（训练集）.xlsx|材料1|1433,4,三角波,三角波,三角波,三角波,三角波,三角波
附件一（训练集）.xlsx|材料1|1434,4,三角波,三角波,三角波,三角波,三角波,三角波
附件一（训练集）.xlsx|材料1|1435,4,三角波,三角波,三角波,三角波,三角波,三角波
附件一（训练集）.xlsx|材料1|1436,1,三角波,三角波,三角波,三角波,三角波,三角波
附件一（训练集）.xlsx|材料1|1437,1,三角波,三角波,三角波,三角波,三角波,三角波
附件一（训练集）.xlsx|材料1|1438,0,三角波,三角波,三角波,三角波,三角波,三角波
附件一（训练集）.xlsx|材料1|1439,0,三角波,三角波,三角波,三角波,三角波,三角波
附件一（训练集）.xlsx|材料1|144,3,正弦波,正弦波,正弦波,正弦波,正弦波,正弦波
附件一（训练集）.xlsx|材料1|1440,2,三角波,三角波,三角波,三角波,三角波,三角波
附件一（训练集）.xlsx|材料1|1441,4,三角波,三角波,三角波,三角波,三角波,三角波
附件一（训练集）.xlsx|材料1|1442,4,三角波,三角波,三角波,三角波,三角波,三角波
附件一（训练集）.xlsx|材料1|1443,1,三角波,三角波,三角波,三角波,三角波,三角波
附件一（训练集）.xlsx|材料1|1444,2,三角波,三角波,三角波,三角波,正弦波,三角波
附件一（训练集）.xlsx|材料1|1445,2,三角波,三角波,三角波,三角波,正弦波,三角波
附件一（训练集）.xlsx|材料1|1446,2,三角波,三角波,三角波,三角波,正弦波,三角波
附件一（训练集）.xlsx|材料1|1447,1,三角波,三角波,三角波,三角波,正弦波,三角波
附件一（训练集）.xlsx|材料1|1448,2,三角波,三角波,三角波,三角波,正弦波,三角波
附件一（训练集）.xlsx|材料1|1449,0,三角波,三角波,三角波,三角波,正弦波,三角波
附件一（训练集）.xlsx|材料1|145,3,正弦波,正弦波,正弦波,正弦波,正弦波,正弦波
附件一（训练集）.xlsx|材料1|1450,3,三角波,三角波,三角波,三角波,正弦波,三角波
附件一（训练集）.xlsx|材料1|1451,4,三角波,三角波,三角波,三角波,三角波,三角波
附件一（训练集）.xlsx|材料1|1452,4,三角波,三角波,三角波,三角波,三角波,三角波
附件一（训练集）.xlsx|材料1|1453,3,三角波,三角波,三角波,三角波,三角波,三角波
附件一（训练集）.xlsx|材料1|1454,0,三角波,三角波,三角波,三角波,三角波,三角波
附件一（训练集）.xlsx|材料1|1455,1,三角波,三角波,三角波,三角波,三角波,三角波
附件一（训练集）.xlsx|材料1|1456,3,三角波,三角波,三角波,三角波,三角波,三角波
附件一（训练集）.xlsx|材料1|1457,3,三角波,三角波,三角波,三角波,三角波,三角波
附件一（训练集）.xlsx|材料1|1458,0,三角波,三角波,三角波,三角波,三角波,三角波
附件一（训练集）.xlsx|材料1|1459,3,三角波,三角波,三角波,三角波,三角波,三角波
附件一（训练集）.xlsx|材料1|146,0,正弦波,正弦波,正弦波,正弦波,正弦波,正弦波
附件一（训练集）.xlsx|材料1|1460,0,三角波,三角波,三角波,三角波,三角波,三角波
附件一（训练集）.xlsx|材料1|1461,3,三角波,三角波,三角波,三角波,三角波,三角波
附件一（训练集）.xlsx|材料1|1462,1,三角波,三角波,三角波,三角波,三角波,三角波
附件一（训练集）.xlsx|材料1|1463,3,三角波,三角波,三角波,三角波,三角波,三角波
附件一（训练集）.xlsx|材料1|1464,3,三角波,三角波,三角波,三角波,三角波,三角波
附件一（训练集）.xlsx|材料1|1465,1,三角波,三角波,三角波,三角波,三角波,三角波
附件一（训练集）.xlsx|材料1|1466,0,三角波,三角波,三角波,三角波,正弦波,三角波
附件一（训练集）.xlsx|材料1|1467,2,三角波,三角波,三角波,三角波,正弦波,三角波
附件一（训练集）.xlsx|材料1|1468,2,三角波,三角波,三角波,三角波,正弦波,三角波
附件一（训练集）.xlsx|材料1|1469,2,三角波,三角波,三角波,三角波,正弦波,三角波
附件一（训练集）.xlsx|材料1|147,3,正弦波,正弦波,正弦波,正弦波,正弦波,正弦波
附件一（训练集）.xlsx|材料1|1470,0,三角波,三角波,三角波,三角波,正弦波,三角波
附件一（训练集）.xlsx|材料1|1471,2,三角波,三角波,三角波,三角波,正弦波,三角波
附件一（训练集）.xlsx|材料1|1472,3,三角波,三角波,三角波,三角波,正弦波,三角波
附件一（训练集）.xlsx|材料1|1473,0,三角波,三角波,三角波,三角波,正弦波,三角波
附件一（训练集）.xlsx|材料1|1474,0,三角波,三角波,三角波,三角波,三角波,三角波
附件一（训练集）.xlsx|材料1|1475,3,三角波,三角波,三角波,三角波,三角波,三角波
附件一（训练集）.xlsx|材料1|1476,3,三角波,三角波,三角波,三角波,三角波,三角波
附件一（训练集）.xlsx|材料1|1477,0,三角波,三角波,三角波,三角波,三角波,三角波
附件一（训练集）.xlsx|材料1|1478,3,三角波,三角波,三角波,三角波,三角波,三角波
附件一（训练集）.xlsx|材料1|1479,3,三角波,三角波,三角波,三角波,三角波,三角波
附件一（训练集）.xlsx|材料1|148,2,正弦波,正弦波,正弦波,正弦波,正弦波,正弦波
附件一（训练集）.xlsx|材料1|1480,3,三角波,三角波,三角波,三角波,三角波,三角波
附件一（训练集）.xlsx|材料1|1481,1,三角波,三角波,三角波,三角波,三角波,三角波
附件一（训练集）.xlsx|材料1|1482,0,三角波,三角波,三角波,三角波,三角波,三角波
附件一（训练集）.xlsx|材料1|1483,3,三角波,三角波,三角波,三角波,三角波,三角波
附件一（训练集）.xlsx|材料1|1484,2,三角波,三角波,三角波,三角波,三角波,三角波
附件一（训练集）.xlsx|材料1|1485,3,三角波,三角波,三角波,三角波,三角波,三角波
附件一（训练集）.xlsx|材料1|1486,3,三角波,三角波,三角波,三角波,三角波,三角波
附件一（训练集）.xlsx|材料1|1487,3,三角波,三角波,三角波,三角波,三角波,三角波
附件一（训练集）.xlsx|材料1|1488,0,三角波,三角波,三角波,三角波,正弦波,三角波
附件一（训练集）.xlsx|材料1|1489,4,三角波,三角波,三角波,三角波,正弦波,三角波
附件一（训练集）.xlsx|材料1|149,2,正弦波,正弦波,正弦波,正弦波,正弦波,正弦波
附件一（训练集）.xlsx|材料1|1490,2,三角波,三角波,三角波,三角波,三角波,三角波
附件一（训练集）.xlsx|材料1|1491,1,三角波,三角波,三角波,三角波,三角波,三角波
附件一（训练集）.xlsx|材料1|1492,1,三角波,三角波,三角波,三角波,三角波,三角波
附件一（训练集）.xlsx|材料1|1493,3,三角波,三角波,三角波,三角波,三角波,三角波
附件一（训练集）.xlsx|材料1|1494,3,三角波,三角波,三角波,三角波,三角波,三角波
附件一（训练集）.xlsx|材料1|1495,3,三角波,三角波,三角波,三角波,三角波,三角波
附件一（训练集）.xlsx|材料1|1496,3,三角波,三角波,三角波,三角波,三角波,三角波
附件一（训练集）.xlsx|材料1|1497,0,三角波,三角波,三角波,三角波,三角波,三角波
附件一（训练集）.xlsx|材料1|1498,3,三角波,三角波,三角波,三角波,三角波,三角波
附件一（训练集）.xlsx|材料1|1499,3,三角波,三角波,三角波,三角波,三角波,三角波
附件一（训练集）.xlsx|材料1|15,2,正弦波,正弦波,正弦波,正弦波,正弦波,正弦波
附件一（训练集）.xlsx|材料1|150,2,正弦波,正弦波,正弦波,正弦波,正弦波,正弦波
附件一（训练集）.xlsx|材料1|1500,4,三角波,三角波,三角波,三角波,三角波,三角波
附件一（训练集）.xlsx|材料1|1501,1,三角波,三角波,三角波,三角波,三角波,三角波
附件一（训练集）.xlsx|材料1|1502,3,三角波,三角波,三角波,三角波,三角波,三角波
附件一（训练集）.xlsx|材料1|1503,3,三角波,三角波,三角波,三角波,三角波,三角波
附件一（训练集）.xlsx|材料1|1504,0,三角波,三角波,三角波,三角波,三角波,三角波
附件一（训练集）.xlsx|材料1|1505,0,三角波,三角波,三角波,三角波,正弦波,三角波
附件一（训练集）.xlsx|材料1|1506,0,三角波,三角波,三角波,三角波,正弦波,三角波
附件一（训练集）.xlsx|材料1|1507,0,三角波,三角波,三角波,三角波,正弦波,三角波
附件一（训练集）.xlsx|材料1|1508,3,三角波,三角波,三角波,三角波,三角波,三角波
附件一（训练集）.xlsx|材料1|1509,3,三角波,三角波,三角波,三角波,三角波,三角波
附件一（训练集）.xlsx|材料1|151,0,正弦波,正弦波,正弦波,正弦波,三角波,正弦波
附件一（训练集）.xlsx|材料1|1510,1,三角波,三角波,三角波,三角波,三角波,三角波
附件一（训练集）.xlsx|材料1|1511,0,三角波,三角波,三角波,三角波,三角波,三角波
附件一（训练集）.xlsx|材料1|1512,0,三角波,三角波,三角波,三角波,三角波,三角波
附件一（训练集）.xlsx|材料1|1513,0,三角波,三角波,三角波,三角波,三角波,三角波
附件一（训练集）.xlsx|材料1|1514,0,三角波,三角波,三角波,三角波,三角波,三角波
附件一（训练集）.xlsx|材料1|1515,3,三角波,三角波,三角波,三角波,三角波,三角波
附件一（训练集）.xlsx|材料1|1516,3,三角波,三角波,三角波,三角波,三角波,三角波
附件一（训练集）.xlsx|材料1|1517,2,三角波,三角波,三角波,三角波,三角波,三角波
附件一（训练集）.xlsx|材料1|1518,3,三角波,三角波,三角波,三角波,三角波,三角波
附件一（训练集）.xlsx|材料1|1519,4,三角波,三角波,三角波,三角波,三角波,三角波
附件一（训练集）.xlsx|材料1|152,0,正弦波,正弦波,正弦波,正弦波,三角波,正弦波
附件一（训练集）.xlsx|材料1|1520,2,三角波,三角波,三角波,三角波,三角波,三角波
附件一（训练集）.xlsx|材料1|1521,4,三角波,三角波,三角波,三角波,三角波,三角波
附件一（训练集）.xlsx|材料1|1522,4,三角波,三角波,三角波,三角波,三角波,三角波
附件一（训练集）.xlsx|材料1|1523,1,三角波,三角波,三角波,三角波,三角波,三角波
附件一（训练集）.xlsx|材料1|1524,4,三角波,三角波,三角波,三角波,三角波,三角波
附件一（训练集）.xlsx|材料1|1525,3,三角波,三角波,三角波,三角波,三角波,三角波
附件一（训练集）.xlsx|材料1|1526,0,三角波,三角波,三角波,三角波,三角波,三角波
附件一（训练集）.xlsx|材料1|1527,1,三角波,三角波,三角波,三角波,三角波,三角波
附件一（训练集）.xlsx|材料1|1528,0,三角波,三角波,三角波,三角波,三角波,三角波
附件一（训练集）.xlsx|材料1|1529,0,三角波,三角波,三角波,三角波,三角波,三角波
附件一（训练集）.xlsx|材料1|153,0,正弦波,正弦波,正弦波,正弦波,三角波,正弦波
附件一（训练集）.xlsx|材料1|1530,3,三角波,三角波,三角波,三角波,三角波,三角波
附件一（训练集）.xlsx|材料1|1531,1,三角波,三角波,三角波,三角波,三角波,三角波
附件一（训练集）.xlsx|材料1|1532,4,三角波,三角波,三角波,三角波,三角波,三角波
附件一（训练集）.xlsx|材料1|1533,0,三角波,三角波,三角波,三角波,三角波,三角波
附件一（训练集）.xlsx|材料1|1534,1,三角波,三角波,三角波,三角波,三角波,三角波
附件一（训练集）.xlsx|材料1|1535,0,三角波,三角波,三角波,三角波,三角波,三角波
附件一（训练集）.xlsx|材料1|1536,4,三角波,三角波,三角波,三角波,三角波,三角波
附件一（训练集）.xlsx|材料1|1537,2,三角波,三角波,三角波,三角波,三角波,三角波
附件一（训练集）.xlsx|材料1|1538,3,三角波,三角波,三角波,三角波,三角波,三角波
附件一（训练集）.xlsx|材料1|1539,1,三角波,三角波,三角波,三角波,三角波,三角波
附件一（训练集）.xlsx|材料1|154,3,正弦波,正弦波,正弦波,正弦波,三角波,正弦波
附件一（训练集）.xlsx|材料1|1540,0,三角波,三角波,三角波,三角波,三角波,三角波
附件一（训练集）.xlsx|材料1|1541,4,三角波,三角波,三角波,三角波,三角波,三角波
附件一（训练集）.xlsx|材料1|1542,0,三角波,三角波,三角波,三角波,三角波,三角波
附件一（训练集）.xlsx|材料1|1543,1,三角波,三角波,三角波,三角波,三角波,三角波
附件一（训练集）.xlsx|材料1|1544,2,三角波,三角波,三角波,三角波,三角波,三角波
附件一（训练集）.xlsx|材料1|1545,2,三角波,三角波,三角波,三角波,三角波,三角波
附件一（训练集）.xlsx|材料1|1546,0,三角波,三角波,三角波,三角波,三角波,三角波
附件一（训练集）.xlsx|材料1|1547,1,三角波,三角波,三角波,三角波,三角波,三角波
附件一（训练集）.xlsx|材料1|1548,4,三角波,三角波,三角波,三角波,三角波,三角波
附件一（训练集）.xlsx|材料1|1549,1,三角波,三角波,三角波,三角波,三角波,三角波
附件一（训练集）.xlsx|材料1|155,1,正弦波,正弦波,正弦波,正弦波,三角波,正弦波
附件一（训练集）.xlsx|材料1|1550,1,三角波,三角波,三角波,三角波,三角波,三角波
附件一（训练集）.xlsx|材料1|1551,3,三角波,三角波,三角波,三角波,三角波,三角波
附件一（训练集）.xlsx|材料1|1552,3,三角波,三角波,三角波,三角波,三角波,三角波
附件一（训练集）.xlsx|材料1|1553,3,三角波,三角波,三角波,三角波,三角波,三角波
附件一（训练集）.xlsx|材料1|1554,3,三角波,三角波,三角波,三角波,三角波,三角波
附件一（训练集）.xlsx|材料1|1555,4,三角波,三角波,三角波,三角波,三角波,三角波
附件一（训练集）.xlsx|材料1|1556,4,三角波,三角波,三角波,三角波,三角波,三角波
附件一（训练集）.xlsx|材料1|1557,2,三角波,三角波,三角波,三角波,三角波,三角波
附件一（训练集）.xlsx|材料1|1558,0,三角波,三角波,三角波,三角波,三角波,三角波
附件一（训练集）.xlsx|材料1|1559,1,三角波,三角波,三角波,三角波,三角波,三角波
附件一（训练集）.xlsx|材料1|156,4,正弦波,正弦波,正弦波,正弦波,三角波,正弦波
附件一（训练集）.xlsx|材料1|1560,4,三角波,三角波,三角波,三角波,三角波,三角波
附件一（训练集）.xlsx|材料1|1561,4,三角波,三角波,三角波,三角波,三角波,三角波
附件一（训练集）.xlsx|材料1|1562,4,三角波,三角波,三角波,三角波,三角波,三角波
附件一（训练集）.xlsx|材料1|1563,4,三角波,三角波,三角波,三角波,三角波,三角波
附件一（训练集）.xlsx|材料1|1564,1,三角波,三角波,三角波,三角波,三角波,三角波
附件一（训练集）.xlsx|材料1|1565,4,三角波,三角波,三角波,三角波,三角波,三角波
附件一（训练集）.xlsx|材料1|1566,1,三角波,三角波,三角波,三角波,三角波,三角波
附件一（训练集）.xlsx|材料1|1567,4,三角波,三角波,三角波,三角波,三角波,三角波
附件一（训练集）.xlsx|材料1|1568,0,三角波,三角波,三角波,三角波,三角波,三角波
附件一（训练集）.xlsx|材料1|1569,0,三角波,三角波,三角波,三角波,三角波,三角波
附件一（训练集）.xlsx|材料1|157,4,正弦波,正弦波,正弦波,正弦波,三角波,正弦波
附件一（训练集）.xlsx|材料1|1570,1,三角波,三角波,三角波,三角波,三角波,三角波
附件一（训练集）.xlsx|材料1|1571,2,三角波,三角波,三角波,三角波,三角波,三角波
附件一（训练集）.xlsx|材料1|1572,0,三角波,三角波,三角波,三角波,三角波,三角波
附件一（训练集）.xlsx|材料1|1573,2,三角波,三角波,三角波,三角波,三角波,三角波
附件一（训练集）.xlsx|材料1|1574,0,三角波,三角波,三角波,三角波,三角波,三角波
附件一（训练集）.xlsx|材料1|1575,0,三角波,三角波,三角波,三角波,三角波,三角波
附件一（训练集）.xlsx|材料1|1576,0,三角波,三角波,三角波,三角波,三角波,三角波
附件一（训练集）.xlsx|材料1|1577,1,三角波,三角波,三角波,三角波,三角波,三角波
附件一（训练集）.xlsx|材料1|1578,0,三角波,三角波,三角波,三角波,三角波,三角波
附件一（训练集）.xlsx|材料1|1579,4,三角波,三角波,三角波,三角波,三角波,三角波
附件一（训练集）.xlsx|材料1|158,4,正弦波,正弦波,正弦波,正弦波,正弦波,正弦波
附件一（训练集）.xlsx|材料1|1580,0,三角波,三角波,三角波,三角波,三角波,三角波
附件一（训练集）.xlsx|材料1|1581,3,三角波,三角波,三角波,三角波,三角波,三角波
附件一（训练集）.xlsx|材料1|1582,4,三角波,三角波,三角波,三角波,三角波,三角波
附件一（训练集）.xlsx|材料1|1583,4,三角波,三角波,三角波,三角波,三角波,三角波
附件一（训练集）.xlsx|材料1|1584,4,三角波,三角波,三角波,三角波,三角波,三角波
附件一（训练集）.xlsx|材料1|1585,2,三角波,三角波,三角波,三角波,三角波,三角波
附件一（训练集）.xlsx|材料1|1586,4,三角波,三角波,三角波,三角波,三角波,三角波
附件一（训练集）.xlsx|材料1|1587,2,三角波,三角波,三角波,三角波,三角波,三角波
附件一（训练集）.xlsx|材料1|1588,3,三角波,三角波,三角波,三角波,三角波,三角波
附件一（训练集）.xlsx|材料1|1589,4,三角波,三角波,三角波,三角波,三角波,三角波
附件一（训练集）.xlsx|材料1|159,4,正弦波,正弦波,正弦波,正弦波,正弦波,正弦波
附件一（训练集）.xlsx|材料1|1590,0,三角波,三角波,三角波,三角波,三角波,三角波
附件一（训练集）.xlsx|材料1|1591,0,三角波,三角波,三角波,三角波,三角波,三角波
附件一（训练集）.xlsx|材料1|1592,0,三角波,三角波,三角波,三角波,三角波,三角波
附件一（训练集）.xlsx|材料1|1593,2,三角波,三角波,三角波,三角波,三角波,三角波
附件一（训练集）.xlsx|材料1|1594,0,三角波,三角波,三角波,三角波,三角波,三角波
附件一（训练集）.xlsx|材料1|1595,1,三角波,三角波,三角波,三角波,三角波,三角波
附件一（训练集）.xlsx|材料1|1596,2,三角波,三角波,三角波,三角波,三角波,三角波
附件一（训练集）.xlsx|材料1|1597,1,三角波,三角波,三角波,三角波,三角波,三角波
附件一（训练集）.xlsx|材料1|1598,3,三角波,三角波,三角波,三角波,三角波,三角波
附件一（训练集）.xlsx|材料1|1599,2,三角波,三角波,三角波,三角波,三角波,三角波
附件一（训练集）.xlsx|材料1|16,4,正弦波,正弦波,正弦波,正弦波,正弦波,正弦波
附件一（训练集）.xlsx|材料1|160,4,正弦波,正弦波,正弦波,正弦波,正弦波,正弦波
附件一（训练集）.xlsx|材料1|1600,3,三角波,三角波,三角波,三角波,三角波,三角波
附件一（训练集）.xlsx|材料1|1601,2,三角波,三角波,三角波,三角波,三角波,三角波
附件一（训练集）.xlsx|材料1|1602,4,三角波,三角波,三角波,三角波,三角波,三角波
附件一（训练集）.xlsx|材料1|1603,2,三角波,三角波,三角波,三角波,三角波,三角波
附件一（训练集）.xlsx|材料1|1604,3,三角波,三角波,三角波,三角波,三角波,三角波
附件一（训练集）.xlsx|材料1|1605,3,三角波,三角波,三角波,三角波,三角波,三角波
附件一（训练集）.xlsx|材料1|1606,3,三角波,三角波,三角波,三角波,三角波,三角波
附件一（训练集）.xlsx|材料1|1607,1,三角波,三角波,三角波,三角波,三角波,三角波
附件一（训练集）.xlsx|材料1|1608,1,三角波,三角波,三角波,三角波,三角波,三角波
附件一（训练集）.xlsx|材料1|1609,1,三角波,三角波,三角波,三角波,三角波,三角波
附件一（训练集）.xlsx|材料1|161,4,正弦波,正弦波,正弦波,正弦波,正弦波,正弦波
附件一（训练集）.xlsx|材料1|1610,0,三角波,三角波,三角波,三角波,三角波,三角波
附件一（训练集）.xlsx|材料1|1611,1,三角波,三角波,三角波,三角波,三角波,三角波
附件一（训练集）.xlsx|材料1|1612,2,三角波,三角波,三角波,三角波,三角波,三角波
附件一（训练集）.xlsx|材料1|1613,2,三角波,三角波,三角波,三角波,三角波,三角波
附件一（训练集）.xlsx|材料1|1614,4,三角波,三角波,三角波,三角波,三角波,三角波
附件一（训练集）.xlsx|材料1|1615,2,三角波,三角波,三角波,三角波,三角波,三角波
附件一（训练集）.xlsx|材料1|1616,0,三角波,三角波,三角波,三角波,三角波,三角波
附件一（训练集）.xlsx|材料1|1617,0,三角波,三角波,三角波,三角波,三角波,三角波
附件一（训练集）.xlsx|材料1|1618,2,三角波,三角波,三角波,三角波,三角波,三角波
附件一（训练集）.xlsx|材料1|1619,0,三角波,三角波,三角波,三角波,三角波,三角波
附件一（训练集）.xlsx|材料1|162,3,正弦波,正弦波,正弦波,正弦波,三角波,正弦波
附件一（训练集）.xlsx|材料1|1620,0,三角波,三角波,三角波,三角波,三角波,三角波
附件一（训练集）.xlsx|材料1|1621,3,三角波,三角波,三角波,三角波,正弦波,三角波
附件一（训练集）.xlsx|材料1|1622,3,三角波,三角波,三角波,三角波,正弦波,三角波
附件一（训练集）.xlsx|材料1|1623,3,三角波,三角波,三角波,三角波,正弦波,三角波
附件一（训练集）.xlsx|材料1|1624,3,三角波,三角波,三角波,三角波,正弦波,三角波
附件一（训练集）.xlsx|材料1|1625,1,三角波,三角波,三角波,三角波,正弦波,三角波
附件一（训练集）.xlsx|材料1|1626,3,三角波,三角波,三角波,三角波,正弦波,三角波
附件一（训练集）.xlsx|材料1|1627,3,三角波,三角波,三角波,三角波,正弦波,三角波
附件一（训练集）.xlsx|材料1|1628,3,三角波,三角波,三角波,三角波,正弦波,三角波
附件一（训练集）.xlsx|材料1|1629,1,三角波,三角波,三角波,三角波,梯形波,三角波
附件一（训练集）.xlsx|材料1|163,0,正弦波,正弦波,正弦波,正弦波,三角波,正弦波
附件一（训练集）.xlsx|材料1|1630,3,三角波,三角波,三角波,三角波,梯形波,三角波
附件一（训练集）.xlsx|材料1|1631,3,三角波,三角波,三角波,三角波,梯形波,三角波
附件一（训练集）.xlsx|材料1|1632,3,三角波,三角波,三角波,三角波,梯形波,三角波
附件一（训练集）.xlsx|材料1|1633,3,三角波,三角波,三角波,三角波,梯形波,三角波
附件一（训练集）.xlsx|材料1|1634,1,三角波,三角波,三角波,三角波,梯形波,三角波
附件一（训练集）.xlsx|材料1|1635,1,三角波,三角波,三角波,三角波,正弦波,三角波
附件一（训练集）.xlsx|材料1|1636,2,三角波,三角波,三角波,三角波,正弦波,三角波
附件一（训练集）.xlsx|材料1|1637,2,三角波,三角波,三角波,三角波,正弦波,三角波
附件一（训练集）.xlsx|材料1|1638,1,三角波,三角波,三角波,三角波,正弦波,三角波
附件一（训练集）.xlsx|材料1|1639,1,三角波,三角波,三角波,三角波,正弦波,三角波
附件一（训练集）.xlsx|材料1|164,2,正弦波,正弦波,正弦波,正弦波,三角波,正弦波
附件一（训练集）.xlsx|材料1|1640,0,三角波,三角波,三角波,三角波,正弦波,三角波
附件一（训练集）.xlsx|材料1|1641,0,三角波,三角波,三角波,三角波,正弦波,三角波
附件一（训练集）.xlsx|材料1|1642,3,三角波,三角波,三角波,三角波,梯形波,三角波
附件一（训练集）.xlsx|材料1|1643,3,三角波,三角波,三角波,三角波,梯形波,三角波
附件一（训练集）.xlsx|材料1|1644,0,三角波,三角波,三角波,三角波,梯形波,三角波
附件一（训练集）.xlsx|材料1|1645,0,三角波,三角波,三角波,三角波,梯形波,三角波
附件一（训练集）.xlsx|材料1|1646,2,三角波,三角波,三角波,三角波,梯形波,三角波
附件一（训练集）.xlsx|材料1|1647,1,三角波,三角波,三角波,三角波,梯形波,三角波
附件一（训练集）.xlsx|材料1|1648,1,三角波,三角波,三角波,三角波,梯形波,三角波
附件一（训练集）.xlsx|材料1|1649,3,三角波,三角波,三角波,三角波,正弦波,三角波
附件一（训练集）.xlsx|材料1|165,3,正弦波,正弦波,正弦波,正弦波,三角波,正弦波
附件一（训练集）.xlsx|材料1|1650,3,三角波,三角波,三角波,三角波,正弦波,三角波
附件一（训练集）.xlsx|材料1|1651,0,三角波,三角波,三角波,三角波,正弦波,三角波
附件一（训练集）.xlsx|材料1|1652,3,三角波,三角波,三角波,三角波,正弦波,三角波
附件一（训练集）.xlsx|材料1|1653,0,三角波,三角波,三角波,三角波,正弦波,三角波
附件一（训练集）.xlsx|材料1|1654,0,三角波,三角波,三角波,三角波,正弦波,三角波
附件一（训练集）.xlsx|材料1|1655,3,三角波,三角波,三角波,三角波,正弦波,三角波
附件一（训练集）.xlsx|材料1|1656,3,三角波,三角波,三角波,三角波,正弦波,三角波
附件一（训练集）.xlsx|材料1|1657,1,三角波,三角波,三角波,三角波,梯形波,三角波
附件一（训练集）.xlsx|材料1|1658,2,三角波,三角波,三角波,三角波,梯形波,三角波
附件一（训练集）.xlsx|材料1|1659,1,三角波,三角波,三角波,三角波,梯形波,三角波
附件一（训练集）.xlsx|材料1|166,0,正弦波,正弦波,正弦波,正弦波,三角波,正弦波
附件一（训练集）.xlsx|材料1|1660,2,三角波,三角波,三角波,三角波,梯形波,三角波
附件一（训练集）.xlsx|材料1|1661,2,三角波,三角波,三角波,三角波,梯形波,三角波
附件一（训练集）.xlsx|材料1|1662,2,三角波,三角波,三角波,三角波,梯形波,三角波
附件一（训练集）.xlsx|材料1|1663,0,三角波,三角波,三角波,三角波,梯形波,三角波
附件一（训练集）.xlsx|材料1|1664,0,三角波,三角波,三角波,三角波,梯形波,三角波
附件一（训练集）.xlsx|材料1|1665,0,三角波,三角波,三角波,三角波,梯形波,三角波
附件一（训练集）.xlsx|材料1|1666,1,三角波,三角波,三角波,三角波,正弦波,三角波
附件一（训练集）.xlsx|材料1|1667,1,三角波,三角波,三角波,三角波,正弦波,三角波
附件一（训练集）.xlsx|材料1|1668,1,三角波,三角波,三角波,三角波,正弦波,三角波
附件一（训练集）.xlsx|材料1|1669,1,三角波,三角波,三角波,三角波,正弦波,三角波
附件一（训练集）.xlsx|材料1|167,1,正弦波,正弦波,正弦波,正弦波,三角波,正弦波
附件一（训练集）.xlsx|材料1|1670,1,三角波,三角波,三角波,三角波,正弦波,三角波
附件一（训练集）.xlsx|材料1|1671,0,三角波,三角波,三角波,三角波,三角波,三角波
附件一（训练集）.xlsx|材料1|1672,1,三角波,三角波,三角波,三角波,梯形波,三角波
附件一（训练集）.xlsx|材料1|1673,1,三角波,三角波,三角波,三角波,梯形波,三角波
附件一（训练集）.xlsx|材料1|1674,4,三角波,三角波,三角波,三角波,梯形波,三角波
附件一（训练集）.xlsx|材料1|1675,0,三角波,三角波,三角波,三角波,三角波,三角波
附件一（训练集）.xlsx|材料1|1676,0,三角波,三角波,三角波,三角波,三角波,三角波
附件一（训练集）.xlsx|材料1|1677,3,三角波,三角波,三角波,三角波,正弦波,三角波
附件一（训练集）.xlsx|材料1|1678,3,三角波,三角波,三角波,三角波,正弦波,三角波
附件一（训练集）.xlsx|材料1|1679,3,三角波,三角波,三角波,三角波,正弦波,三角波
附件一（训练集）.xlsx|材料1|168,1,正弦波,正弦波,正弦波,正弦波,三角波,正弦波
附件一（训练集）.xlsx|材料1|1680,1,三角波,三角波,三角波,三角波,正弦波,三角波
附件一（训练集）.xlsx|材料1|1681,3,三角波,三角波,三角波,三角波,正弦波,三角波
附件一（训练集）.xlsx|材料1|1682,1,三角波,三角波,三角波,三角波,三角波,三角波
附件一（训练集）.xlsx|材料1|1683,0,三角波,三角波,三角波,三角波,三角波,三角波
附件一（训练集）.xlsx|材料1|1684,4,三角波,三角波,三角波,三角波,三角波,三角波
附件一（训练集）.xlsx|材料1|1685,4,三角波,三角波,三角波,三角波,三角波,三角波
附件一（训练集）.xlsx|材料1|1686,4,三角波,三角波,三角波,三角波,梯形波,三角波
附件一（训练集）.xlsx|材料1|1687,2,三角波,三角波,三角波,三角波,三角波,三角波
附件一（训练集）.xlsx|材料1|1688,4,三角波,三角波,三角波,三角波,梯形波,三角波
附件一（训练集）.xlsx|材料1|1689,4,三角波,三角波,三角波,三角波,梯形波,三角波
附件一（训练集）.xlsx|材料1|169,1,正弦波,正弦波,正弦波,正弦波,三角波,正弦波
附件一（训练集）.xlsx|材料1|1690,3,三角波,三角波,三角波,三角波,三角波,三角波
附件一（训练集）.xlsx|材料1|1691,3,三角波,三角波,三角波,三角波,三角波,三角波
附件一（训练集）.xlsx|材料1|1692,3,三角波,三角波,三角波,三角波,三角波,三角波
附件一（训练集）.xlsx|材料1|1693,2,三角波,三角波,三角波,三角波,正弦波,三角波
附件一（训练集）.xlsx|材料1|1694,2,三角波,三角波,三角波,三角波,正弦波,三角波
附件一（训练集）.xlsx|材料1|1695,4,三角波,三角波,三角波,三角波,正弦波,三角波
附件一（训练集）.xlsx|材料1|1696,4,三角波,三角波,三角波,三角波,正弦波,三角波
附件一（训练集）.xlsx|材料1|1697,2,三角波,三角波,三角波,三角波,正弦波,三角波
附件一（训练集）.xlsx|材料1|1698,4,三角波,三角波,三角波,三角波,正弦波,三角波
附件一（训练集）.xlsx|材料1|1699,4,三角波,三角波,三角波,三角波,正弦波,三角波
附件一（训练集）.xlsx|材料1|17,2,正弦波,正弦波,正弦波,正弦波,正弦波,正弦波
附件一（训练集）.xlsx|材料1|170,4,正弦波,正弦波,正弦波,正弦波,三角波,正弦波
附件一（训练集）.xlsx|材料1|1700,2,三角波,三角波,三角波,三角波,正弦波,三角波
附件一（训练集）.xlsx|材料1|1701,4,三角波,三角波,三角波,三角波,正弦波,三角波
附件一（训练集）.xlsx|材料1|1702,4,三角波,三角波,三角波,三角波,梯形波,三角波
附件一（训练集）.xlsx|材料1|1703,4,三角波,三角波,三角波,三角波,梯形波,三角波
附件一（训练集）.xlsx|材料1|1704,1,三角波,三角波,三角波,三角波,梯形波,三角波
附件一（训练集）.xlsx|材料1|1705,4,三角波,三角波,三角波,三角波,梯形波,三角波
附件一（训练集）.xlsx|材料1|1706,4,三角波,三角波,三角波,三角波,梯形波,三角波
附件一（训练集）.xlsx|材料1|1707,2,三角波,三角波,三角波,三角波,正弦波,三角波
附件一（训练集）.xlsx|材料1|1708,4,三角波,三角波,三角波,三角波,正弦波,三角波
附件一（训练集）.xlsx|材料1|1709,0,三角波,三角波,三角波,三角波,正弦波,三角波
附件一（训练集）.xlsx|材料1|171,1,正弦波,正弦波,正弦波,正弦波,正弦波,正弦波
附件一（训练集）.xlsx|材料1|1710,4,三角波,三角波,三角波,三角波,正弦波,三角波
附件一（训练集）.xlsx|材料1|1711,4,三角波,三角波,三角波,三角波,正弦波,三角波
附件一（训练集）.xlsx|材料1|1712,4,三角波,三角波,三角波,三角波,正弦波,三角波
附件一（训练集）.xlsx|材料1|1713,2,三角波,三角波,三角波,三角波,正弦波,三角波
附件一（训练集）.xlsx|材料1|1714,2,三角波,三角波,三角波,三角波,正弦波,三角波
附件一（训练集）.xlsx|材料1|1715,4,三角波,三角波,三角波,三角波,正弦波,三角波
附件一（训练集）.xlsx|材料1|1716,4,三角波,三角波,三角波,三角波,正弦波,三角波
附件一（训练集）.xlsx|材料1|1717,4,三角波,三角波,三角波,三角波,梯形波,三角波
附件一（训练集）.xlsx|材料1|1718,3,三角波,三角波,三角波,三角波,梯形波,三角波
附件一（训练集）.xlsx|材料1|1719,3,三角波,三角波,三角波,三角波,梯形波,三角波
附件一（训练集）.xlsx|材料1|172,3,正弦波,正弦波,正弦波,正弦波,正弦波,正弦波
附件一（训练集）.xlsx|材料1|1720,4,三角波,三角波,三角波,三角波,梯形波,三角波
附件一（训练集）.xlsx|材料1|1721,3,三角波,三角波,三角波,三角波,梯形波,三角波
附件一（训练集）.xlsx|材料1|1722,2,三角波,三角波,三角波,三角波,梯形波,三角波
附件一（训练集）.xlsx|材料1|1723,4,三角波,三角波,三角波,三角波,梯形波,三角波
附件一（训练集）.xlsx|材料1|1724,4,三角波,三角波,三角波,三角波,梯形波,三角波
附件一（训练集）.xlsx|材料1|1725,0,三角波,三角波,三角波,三角波,正弦波,三角波
附件一（训练集）.xlsx|材料1|1726,4,三角波,三角波,三角波,三角波,三角波,三角波
附件一（训练集）.xlsx|材料1|1727,1,三角波,三角波,三角波,三角波,正弦波,三角波
附件一（训练集）.xlsx|材料1|1728,1,三角波,三角波,三角波,三角波,正弦波,三角波
附件一（训练集）.xlsx|材料1|1729,1,三角波,三角波,三角波,三角波,正弦波,三角波
附件一（训练集）.xlsx|材料1|173,3,正弦波,正弦波,正弦波,正弦波,正弦波,正弦波
附件一（训练集）.xlsx|材料1|1730,0,三角波,三角波,三角波,三角波,正弦波,三角波
附件一（训练集）.xlsx|材料1|1731,1,三角波,三角波,三角波,三角波,三角波,三角波
附件一（训练集）.xlsx|材料1|1732,4,三角波,三角波,三角波,三角波,三角波,三角波
附件一（训练集）.xlsx|材料1|1733,0,三角波,三角波,三角波,三角波,三角波,三角波
附件一（训练集）.xlsx|材料1|1734,3,三角波,三角波,三角波,三角波,三角波,三角波
附件一（训练集）.xlsx|材料1|1735,3,三角波,三角波,三角波,三角波,三角波,三角波
附件一（训练集）.xlsx|材料1|1736,4,三角波,三角波,三角波,三角波,三角波,三角波
附件一（训练集）.xlsx|材料1|1737,4,三角波,三角波,三角波,三角波,三角波,三角波
附件一（训练集）.xlsx|材料1|1738,4,三角波,三角波,三角波,三角波,三角波,三角波
附件一（训练集）.xlsx|材料1|1739,4,三角波,三角波,三角波,三角波,三角波,三角波
附件一（训练集）.xlsx|材料1|174,0,正弦波,正弦波,正弦波,正弦波,正弦波,正弦波
附件一（训练集）.xlsx|材料1|1740,4,三角波,三角波,三角波,三角波,三角波,三角波
附件一（训练集）.xlsx|材料1|1741,4,三角波,三角波,三角波,三角波,梯形波,三角波
附件一（训练集）.xlsx|材料1|1742,1,三角波,三角波,三角波,三角波,正弦波,三角波
附件一（训练集）.xlsx|材料1|1743,4,三角波,三角波,三角波,三角波,正弦波,三角波
附件一（训练集）.xlsx|材料1|1744,0,三角波,三角波,三角波,三角波,正弦波,三角波
附件一（训练集）.xlsx|材料1|1745,4,三角波,三角波,三角波,三角波,正弦波,三角波
附件一（训练集）.xlsx|材料1|1746,4,三角波,三角波,三角波,三角波,正弦波,三角波
附件一（训练集）.xlsx|材料1|1747,4,三角波,三角波,三角波,三角波,三角波,三角波
附件一（训练集）.xlsx|材料1|1748,1,三角波,三角波,三角波,三角波,三角波,三角波
附件一（训练集）.xlsx|材料1|1749,4,三角波,三角波,三角波,三角波,三角波,三角波
附件一（训练集）.xlsx|材料1|175,1,正弦波,正弦波,正弦波,正弦波,正弦波,正弦波
附件一（训练集）.xlsx|材料1|1750,2,三角波,三角波,三角波,三角波,三角波,三角波
附件一（训练集）.xlsx|材料1|1751,4,三角波,三角波,三角波,三角波,三角波,三角波
附件一（训练集）.xlsx|材料1|1752,4,三角波,三角波,三角波,三角波,三角波,三角波
附件一（训练集）.xlsx|材料1|1753,1,三角波,三角波,三角波,三角波,三角波,三角波
附件一（训练集）.xlsx|材料1|1754,3,三角波,三角波,三角波,三角波,三角波,三角波
附件一（训练集）.xlsx|材料1|1755,4,三角波,三角波,三角波,三角波,三角波,三角波
附件一（训练集）.xlsx|材料1|1756,4,三角波,三角波,三角波,三角波,三角波,三角波
附件一（训练集）.xlsx|材料1|1757,1,三角波,三角波,三角波,三角波,三角波,三角波
附件一（训练集）.xlsx|材料1|1758,2,三角波,三角波,三角波,三角波,三角波,三角波
附件一（训练集）.xlsx|材料1|1759,1,三角波,三角波,三角波,三角波,三角波,三角波
附件一（训练集）.xlsx|材料1|176,2,正弦波,正弦波,正弦波,正弦波,正弦波,正弦波
附件一（训练集）.xlsx|材料1|1760,0,三角波,三角波,三角波,三角波,正弦波,三角波
附件一（训练集）.xlsx|材料1|1761,3,三角波,三角波,三角波,三角波,正弦波,三角波
附件一（训练集）.xlsx|材料1|1762,0,三角波,三角波,三角波,三角波,正弦波,三角波
附件一（训练集）.xlsx|材料1|1763,2,三角波,三角波,三角波,三角波,正弦波,三角波
附件一（训练集）.xlsx|材料1|1764,2,三角波,三角波,三角波,三角波,正弦波,三角波
附件一（训练集）.xlsx|材料1|1765,3,三角波,三角波,三角波,三角波,正弦波,三角波
附件一（训练集）.xlsx|材料1|1766,0,三角波,三角波,三角波,三角波,正弦波,三角波
附件一（训练集）.xlsx|材料1|1767,3,三角波,三角波,三角波,三角波,三角波,三角波
附件一（训练集）.xlsx|材料1|1768,2,三角波,三角波,三角波,三角波,三角波,三角波
附件一（训练集）.xlsx|材料1|1769,1,三角波,三角波,三角波,三角波,三角波,三角波
附件一（训练集）.xlsx|材料1|177,3,正弦波,正弦波,正弦波,正弦波,三角波,正弦波
附件一（训练集）.xlsx|材料1|1770,0,三角波,三角波,三角波,三角波,三角波,三角波
附件一（训练集）.xlsx|材料1|1771,2,三角波,三角波,三角波,三角波,三角波,三角波
附件一（训练集）.xlsx|材料1|1772,0,三角波,三角波,三角波,三角波,三角波,三角波
附件一（训练集）.xlsx|材料1|1773,0,三角波,三角波,三角波,三角波,三角波,三角波
附件一（训练集）.xlsx|材料1|1774,3,三角波,三角波,三角波,三角波,三角波,三角波
附件一（训练集）.xlsx|材料1|1775,1,三角波,三角波,三角波,三角波,三角波,三角波
附件一（训练集）.xlsx|材料1|1776,1,三角波,三角波,三角波,三角波,三角波,三角波
附件一（训练集）.xlsx|材料1|1777,3,三角波,三角波,三角波,三角波,三角波,三角波
附件一（训练集）.xlsx|材料1|1778,3,三角波,三角波,三角波,三角波,三角波,三角波
附件一（训练集）.xlsx|材料1|1779,1,三角波,三角波,三角波,三角波,三角波,三角波
附件一（训练集）.xlsx|材料1|178,3,正弦波,正弦波,正弦波,正弦波,三角波,正弦波
附件一（训练集）.xlsx|材料1|1780,2,三角波,三角波,三角波,三角波,正弦波,三角波
附件一（训练集）.xlsx|材料1|1781,2,三角波,三角波,三角波,三角波,正弦波,三角波
附件一（训练集）.xlsx|材料1|1782,0,三角波,三角波,三角波,三角波,正弦波,三角波
附件一（训练集）.xlsx|材料1|1783,2,三角波,三角波,三角波,三角波,正弦波,三角波
附件一（训练集）.xlsx|材料1|1784,2,三角波,三角波,三角波,三角波,正弦波,三角波
附件一（训练集）.xlsx|材料1|1785,0,三角波,三角波,三角波,三角波,正弦波,三角波
附件一（训练集）.xlsx|材料1|1786,0,三角波,三角波,三角波,三角波,正弦波,三角波
附件一（训练集）.xlsx|材料1|1787,3,三角波,三角波,三角波,三角波,正弦波,三角波
附件一（训练集）.xlsx|材料1|1788,3,三角波,三角波,三角波,三角波,三角波,三角波
附件一（训练集）.xlsx|材料1|1789,0,三角波,三角波,三角波,三角波,三角波,三角波
附件一（训练集）.xlsx|材料1|179,4,正弦波,正弦波,正弦波,正弦波,三角波,正弦波
附件一（训练集）.xlsx|材料1|1790,4,三角波,三角波,三角波,三角波,三角波,三角波
附件一（训练集）.xlsx|材料1|1791,1,三角波,三角波,三角波,三角波,三角波,三角波
附件一（训练集）.xlsx|材料1|1792,3,三角波,三角波,三角波,三角波,三角波,三角波
附件一（训练集）.xlsx|材料1|1793,3,三角波,三角波,三角波,三角波,三角波,三角波
附件一（训练集）.xlsx|材料1|1794,3,三角波,三角波,三角波,三角波,三角波,三角波
附件一（训练集）.xlsx|材料1|1795,3,三角波,三角波,三角波,三角波,三角波,三角波
附件一（训练集）.xlsx|材料1|1796,0,三角波,三角波,三角波,三角波,三角波,三角波
附件一（训练集）.xlsx|材料1|1797,0,三角波,三角波,三角波,三角波,三角波,三角波
附件一（训练集）.xlsx|材料1|1798,1,三角波,三角波,三角波,三角波,三角波,三角波
附件一（训练集）.xlsx|材料1|1799,1,三角波,三角波,三角波,三角波,三角波,三角波
附件一（训练集）.xlsx|材料1|18,1,正弦波,正弦波,正弦波,正弦波,正弦波,正弦波
附件一（训练集）.xlsx|材料1|180,2,正弦波,正弦波,正弦波,正弦波,三角波,正弦波
附件一（训练集）.xlsx|材料1|1800,3,三角波,三角波,三角波,三角波,三角波,三角波
附件一（训练集）.xlsx|材料1|1801,4,三角波,三角波,三角波,三角波,正弦波,三角波
附件一（训练集）.xlsx|材料1|1802,4,三角波,三角波,三角波,三角波,正弦波,三角波
附件一（训练集）.xlsx|材料1|1803,4,三角波,三角波,三角波,三角波,三角波,三角波
附件一（训练集）.xlsx|材料1|1804,3,三角波,三角波,三角波,三角波,正弦波,三角波
附件一（训练集）.xlsx|材料1|1805,2,三角波,三角波,三角波,三角波,三角波,三角波
附件一（训练集）.xlsx|材料1|1806,3,三角波,三角波,三角波,三角波,三角波,三角波
附件一（训练集）.xlsx|材料1|1807,4,三角波,三角波,三角波,三角波,三角波,三角波
附件一（训练集）.xlsx|材料1|1808,3,三角波,三角波,三角波,三角波,三角波,三角波
附件一（训练集）.xlsx|材料1|1809,3,三角波,三角波,三角波,三角波,三角波,三角波
附件一（训练集）.xlsx|材料1|181,2,正弦波,正弦波,正弦波,正弦波,三角波,正弦波
附件一（训练集）.xlsx|材料1|1810,0,三角波,三角波,三角波,三角波,三角波,三角波
附件一（训练集）.xlsx|材料1|1811,3,三角波,三角波,三角波,三角波,三角波,三角波
附件一（训练集）.xlsx|材料1|1812,0,三角波,三角波,三角波,三角波,三角波,三角波
附件一（训练集）.xlsx|材料1|1813,0,三角波,三角波,三角波,三角波,三角波,三角波
附件一（训练集）.xlsx|材料1|1814,4,三角波,三角波,三角波,三角波,三角波,三角波
附件一（训练集）.xlsx|材料1|1815,3,三角波,三角波,三角波,三角波,三角波,三角波
附件一（训练集）.xlsx|材料1|1816,3,三角波,三角波,三角波,三角波,三角波,三角波
附件一（训练集）.xlsx|材料1|1817,3,三角波,三角波,三角波,三角波,三角波,三角波
附件一（训练集）.xlsx|材料1|1818,3,三角波,三角波,三角波,三角波,三角波,三角波
附件一（训练集）.xlsx|材料1|1819,3,三角波,三角波,三角波,三角波,三角波,三角波
附件一（训练集）.xlsx|材料1|182,0,正弦波,正弦波,正弦波,正弦波,三角波,正弦波
附件一（训练集）.xlsx|材料1|1820,0,三角波,三角波,三角波,三角波,正弦波,三角波
附件一（训练集）.xlsx|材料1|1821,4,三角波,三角波,三角波,三角波,正弦波,三角波
附件一（训练集）.xlsx|材料1|1822,0,三角波,三角波,三角波,三角波,三角波,三角波
附件一（训练集）.xlsx|材料1|1823,1,三角波,三角波,三角波,三角波,三角波,三角波
附件一（训练集）.xlsx|材料1|1824,1,三角波,三角波,三角波,三角波,三角波,三角波
附件一（训练集）.xlsx|材料1|1825,0,三角波,三角波,三角波,三角波,三角波,三角波
附件一（训练集）.xlsx|材料1|1826,2,三角波,三角波,三角波,三角波,三角波,三角波
附件一（训练集）.xlsx|材料1|1827,0,三角波,三角波,三角波,三角波,三角波,三角波
附件一（训练集）.xlsx|材料1|1828,0,三角波,三角波,三角波,三角波,三角波,三角波
附件一（训练集）.xlsx|材料1|1829,1,三角波,三角波,三角波,三角波,三角波,三角波
附件一（训练集）.xlsx|材料1|183,4,正弦波,正弦波,正弦波,正弦波,三角波,正弦波
附件一（训练集）.xlsx|材料1|1830,3,三角波,三角波,三角波,三角波,三角波,三角波
附件一（训练集）.xlsx|材料1|1831,0,三角波,三角波,三角波,三角波,三角波,三角波
附件一（训练集）.xlsx|材料1|1832,3,三角波,三角波,三角波,三角波,三角波,三角波
附件一（训练集）.xlsx|材料1|1833,3,三角波,三角波,三角波,三角波,三角波,三角波
附件一（训练集）.xlsx|材料1|1834,4,三角波,三角波,三角波,三角波,三角波,三角波
附件一（训练集）.xlsx|材料1|1835,2,三角波,三角波,三角波,三角波,三角波,三角波
附件一（训练集）.xlsx|材料1|1836,4,三角波,三角波,三角波,三角波,三角波,三角波
附件一（训练集）.xlsx|材料1|1837,0,三角波,三角波,三角波,三角波,三角波,三角波
附件一（训练集）.xlsx|材料1|1838,4,三角波,三角波,三角波,三角波,三角波,三角波
附件一（训练集）.xlsx|材料1|1839,3,三角波,三角波,三角波,三角波,三角波,三角波
附件一（训练集）.xlsx|材料1|184,4,正弦波,正弦波,正弦波,正弦波,三角波,正弦波
附件一（训练集）.xlsx|材料1|1840,3,三角波,三角波,三角波,三角波,正弦波,三角波
附件一（训练集）.xlsx|材料1|1841,4,三角波,三角波,三角波,三角波,三角波,三角波
附件一（训练集）.xlsx|材料1|1842,3,三角波,三角波,三角波,三角波,三角波,三角波
附件一（训练集）.xlsx|材料1|1843,0,三角波,三角波,三角波,三角波,三角波,三角波
附件一（训练集）.xlsx|材料1|1844,3,三角波,三角波,三角波,三角波,三角波,三角波
附件一（训练集）.xlsx|材料1|1845,0,三角波,三角波,三角波,三角波,三角波,三角波
附件一（训练集）.xlsx|材料1|1846,0,三角波,三角波,三角波,三角波,三角波,三角波
附件一（训练集）.xlsx|材料1|1847,0,三角波,三角波,三角波,三角波,三角波,三角波
附件一（训练集）.xlsx|材料1|1848,3,三角波,三角波,三角波,三角波,三角波,三角波
附件一（训练集）.xlsx|材料1|1849,0,三角波,三角波,三角波,三角波,三角波,三角波
附件一（训练集）.xlsx|材料1|185,3,正弦波,正弦波,正弦波,正弦波,三角波,正弦波
附件一（训练集）.xlsx|材料1|1850,0,三角波,三角波,三角波,三角波,三角波,三角波
附件一（训练集）.xlsx|材料1|1851,4,三角波,三角波,三角波,三角波,三角波,三角波
附件一（训练集）.xlsx|材料1|1852,0,三角波,三角波,三角波,三角波,三角波,三角波
附件一（训练集）.xlsx|材料1|1853,0,三角波,三角波,三角波,三角波,三角波,三角波
附件一（训练集）.xlsx|材料1|1854,3,三角波,三角波,三角波,三角波,三角波,三角波
附件一（训练集）.xlsx|材料1|1855,0,三角波,三角波,三角波,三角波,三角波,三角波
附件一（训练集）.xlsx|材料1|1856,0,三角波,三角波,三角波,三角波,三角波,三角波
附件一（训练集）.xlsx|材料1|1857,0,三角波,三角波,三角波,三角波,三角波,三角波
附件一（训练集）.xlsx|材料1|1858,1,三角波,三角波,三角波,三角波,三角波,三角波
附件一（训练集）.xlsx|材料1|1859,0,三角波,三角波,三角波,三角波,三角波,三角波
附件一（训练集）.xlsx|材料1|186,1,正弦波,正弦波,正弦波,正弦波,三角波,正弦波
附件一（训练集）.xlsx|材料1|1860,4,三角波,三角波,三角波,三角波,三角波,三角波
附件一（训练集）.xlsx|材料1|1861,1,三角波,三角波,三角波,三角波,三角波,三角波
附件一（训练集）.xlsx|材料1|1862,3,三角波,三角波,三角波,三角波,三角波,三角波
附件一（训练集）.xlsx|材料1|1863,4,三角波,三角波,三角波,三角波,三角波,三角波
附件一（训练集）.xlsx|材料1|1864,4,三角波,三角波,三角波,三角波,三角波,三角波
附件一（训练集）.xlsx|材料1|1865,4,三角波,三角波,三角波,三角波,三角波,三角波
附件一（训练集）.xlsx|材料1|1866,4,三角波,三角波,三角波,三角波,三角波,三角波
附件一（训练集）.xlsx|材料1|1867,3,三角波,三角波,三角波,三角波,三角波,三角波
附件一（训练集）.xlsx|材料1|1868,3,三角波,三角波,三角波,三角波,三角波,三角波
附件一（训练集）.xlsx|材料1|1869,4,三角波,三角波,三角波,三角波,三角波,三角波
附件一（训练集）.xlsx|材料1|187,0,正弦波,正弦波,正弦波,正弦波,三角波,正弦波
附件一（训练集）.xlsx|材料1|1870,1,三角波,三角波,三角波,三角波,三角波,三角波
附件一（训练集）.xlsx|材料1|1871,0,三角波,三角波,三角波,三角波,三角波,三角波
附件一（训练集）.xlsx|材料1|1872,1,三角波,三角波,三角波,三角波,三角波,三角波
附件一（训练集）.xlsx|材料1|1873,4,三角波,三角波,三角波,三角波,三角波,三角波
附件一（训练集）.xlsx|材料1|1874,4,三角波,三角波,三角波,三角波,三角波,三角波
附件一（训练集）.xlsx|材料1|1875,1,三角波,三角波,三角波,三角波,三角波,三角波
附件一（训练集）.xlsx|材料1|1876,0,三角波,三角波,三角波,三角波,三角波,三角波
附件一（训练集）.xlsx|材料1|1877,4,三角波,三角波,三角波,三角波,三角波,三角波
附件一（训练集）.xlsx|材料1|1878,4,三角波,三角波,三角波,三角波,三角波,三角波
附件一（训练集）.xlsx|材料1|1879,4,三角波,三角波,三角波,三角波,三角波,三角波
附件一（训练集）.xlsx|材料1|188,4,正弦波,正弦波,正弦波,正弦波,三角波,正弦波
附件一（训练集）.xlsx|材料1|1880,1,三角波,三角波,三角波,三角波,三角波,三角波
附件一（训练集）.xlsx|材料1|1881,3,三角波,三角波,三角波,三角波,三角波,三角波
附件一（训练集）.xlsx|材料1|1882,0,三角波,三角波,三角波,三角波,三角波,三角波
附件一（训练集）.xlsx|材料1|1883,0,三角波,三角波,三角波,三角波,三角波,三角波
附件一（训练集）.xlsx|材料1|1884,0,三角波,三角波,三角波,三角波,三角波,三角波
附件一（训练集）.xlsx|材料1|1885,4,三角波,三角波,三角波,三角波,三角波,三角波
附件一（训练集）.xlsx|材料1|1886,1,三角波,三角波,三角波,三角波,三角波,三角波
附件一（训练集）.xlsx|材料1|1887,0,三角波,三角波,三角波,三角波,三角波,三角波
附件一（训练集）.xlsx|材料1|1888,0,三角波,三角波,三角波,三角波,三角波,三角波
附件一（训练集）.xlsx|材料1|1889,0,三角波,三角波,三角波,三角波,三角波,三角波
附件一（训练集）.xlsx|材料1|189,3,正弦波,正弦波,正弦波,正弦波,三角波,正弦波
附件一（训练集）.xlsx|材料1|1890,0,三角波,三角波,三角波,三角波,三角波,三角波
附件一（训练集）.xlsx|材料1|1891,4,三角波,三角波,三角波,三角波,三角波,三角波
附件一（训练集）.xlsx|材料1|1892,0,三角波,三角波,三角波,三角波,三角波,三角波
附件一（训练集）.xlsx|材料1|1893,3,三角波,三角波,三角波,三角波,三角波,三角波
附件一（训练集）.xlsx|材料1|1894,4,三角波,三角波,三角波,三角波,三角波,三角波
附件一（训练集）.xlsx|材料1|1895,4,三角波,三角波,三角波,三角波,三角波,三角波
附件一（训练集）.xlsx|材料1|1896,4,三角波,三角波,三角波,三角波,三角波,三角波
附件一（训练集）.xlsx|材料1|1897,4,三角波,三角波,三角波,三角波,三角波,三角波
附件一（训练集）.xlsx|材料1|1898,3,三角波,三角波,三角波,三角波,三角波,三角波
附件一（训练集）.xlsx|材料1|1899,2,三角波,三角波,三角波,三角波,三角波,三角波
附件一（训练集）.xlsx|材料1|19,1,正弦波,正弦波,正弦波,正弦波,正弦波,正弦波
附件一（训练集）.xlsx|材料1|190,0,正弦波,正弦波,正弦波,正弦波,正弦波,正弦波
附件一（训练集）.xlsx|材料1|1900,0,三角波,三角波,三角波,三角波,三角波,三角波
附件一（训练集）.xlsx|材料1|1901,2,三角波,三角波,三角波,三角波,三角波,三角波
附件一（训练集）.xlsx|材料1|1902,2,三角波,三角波,三角波,三角波,三角波,三角波
附件一（训练集）.xlsx|材料1|1903,0,三角波,三角波,三角波,三角波,三角波,三角波
附件一（训练集）.xlsx|材料1|1904,2,三角波,三角波,三角波,三角波,三角波,三角波
附件一（训练集）.xlsx|材料1|1905,3,三角波,三角波,三角波,三角波,三角波,三角波
附件一（训练集）.xlsx|材料1|1906,1,三角波,三角波,三角波,三角波,三角波,三角波
附件一（训练集）.xlsx|材料1|1907,2,三角波,三角波,三角波,三角波,三角波,三角波
附件一（训练集）.xlsx|材料1|1908,2,三角波,三角波,三角波,三角波,三角波,三角波
附件一（训练集）.xlsx|材料1|1909,2,三角波,三角波,三角波,三角波,三角波,三角波
附件一（训练集）.xlsx|材料1|191,0,正弦波,正弦波,正弦波,正弦波,正弦波,正弦波
附件一（训练集）.xlsx|材料1|1910,3,三角波,三角波,三角波,三角波,三角波,三角波
附件一（训练集）.xlsx|材料1|1911,2,三角波,三角波,三角波,三角波,三角波,三角波
附件一（训练集）.xlsx|材料1|1912,1,三角波,三角波,三角波,三角波,三角波,三角波
附件一（训练集）.xlsx|材料1|1913,1,三角波,三角波,三角波,三角波,三角波,三角波
附件一（训练集）.xlsx|材料1|1914,3,三角波,三角波,三角波,三角波,三角波,三角波
附件一（训练集）.xlsx|材料1|1915,3,三角波,三角波,三角波,三角波,三角波,三角波
附件一（训练集）.xlsx|材料1|1916,1,三角波,三角波,三角波,三角波,三角波,三角波
附件一（训练集）.xlsx|材料1|1917,4,三角波,三角波,三角波,三角波,三角波,三角波
附件一（训练集）.xlsx|材料1|1918,3,三角波,三角波,三角波,三角波,三角波,三角波
附件一（训练集）.xlsx|材料1|1919,2,三角波,三角波,三角波,三角波,三角波,三角波
附件一（训练集）.xlsx|材料1|192,3,正弦波,正弦波,正弦波,正弦波,正弦波,正弦波
附件一（训练集）.xlsx|材料1|1920,2,三角波,三角波,三角波,三角波,三角波,三角波
附件一（训练集）.xlsx|材料1|1921,2,三角波,三角波,三角波,三角波,三角波,三角波
附件一（训练集）.xlsx|材料1|1922,2,三角波,三角波,三角波,三角波,三角波,三角波
附件一（训练集）.xlsx|材料1|1923,2,三角波,三角波,三角波,三角波,三角波,三角波
附件一（训练集）.xlsx|材料1|1924,2,三角波,三角波,三角波,三角波,三角波,三角波
附件一（训练集）.xlsx|材料1|1925,2,三角波,三角波,三角波,三角波,三角波,三角波
附件一（训练集）.xlsx|材料1|1926,0,三角波,三角波,三角波,三角波,三角波,三角波
附件一（训练集）.xlsx|材料1|1927,3,三角波,三角波,三角波,三角波,三角波,三角波
附件一（训练集）.xlsx|材料1|1928,0,三角波,三角波,三角波,三角波,三角波,三角波
附件一（训练集）.xlsx|材料1|1929,3,三角波,三角波,三角波,三角波,正弦波,三角波
附件一（训练集）.xlsx|材料1|193,2,正弦波,正弦波,正弦波,正弦波,正弦波,正弦波
附件一（训练集）.xlsx|材料1|1930,3,三角波,三角波,三角波,三角波,正弦波,三角波
附件一（训练集）.xlsx|材料1|1931,3,三角波,三角波,三角波,三角波,正弦波,三角波
附件一（训练集）.xlsx|材料1|1932,3,三角波,三角波,三角波,三角波,正弦波,三角波
附件一（训练集）.xlsx|材料1|1933,3,三角波,三角波,三角波,三角波,正弦波,三角波
附件一（训练集）.xlsx|材料1|1934,1,三角波,三角波,三角波,三角波,正弦波,三角波
附件一（训练集）.xlsx|材料1|1935,3,三角波,三角波,三角波,三角波,正弦波,三角波
附件一（训练集）.xlsx|材料1|1936,2,三角波,三角波,三角波,三角波,梯形波,三角波
附件一（训练集）.xlsx|材料1|1937,2,三角波,三角波,三角波,三角波,梯形波,三角波
附件一（训练集）.xlsx|材料1|1938,3,三角波,三角波,三角波,三角波,梯形波,三角波
附件一（训练集）.xlsx|材料1|1939,1,三角波,三角波,三角波,三角波,梯形波,三角波
附件一（训练集）.xlsx|材料1|194,2,正弦波,正弦波,正弦波,正弦波,正弦波,正弦波
附件一（训练集）.xlsx|材料1|1940,1,三角波,三角波,三角波,三角波,梯形波,三角波
附件一（训练集）.xlsx|材料1|1941,1,三角波,三角波,三角波,三角波,梯形波,三角波
附件一（训练集）.xlsx|材料1|1942,0,三角波,三角波,三角波,三角波,正弦波,三角波
附件一（训练集）.xlsx|材料1|1943,1,三角波,三角波,三角波,三角波,正弦波,三角波
附件一（训练集）.xlsx|材料1|1944,0,三角波,三角波,三角波,三角波,正弦波,三角波
附件一（训练集）.xlsx|材料1|1945,1,三角波,三角波,三角波,三角波,正弦波,三角波
附件一（训练集）.xlsx|材料1|1946,1,三角波,三角波,三角波,三角波,正弦波,三角波
附件一（训练集）.xlsx|材料1|1947,0,三角波,三角波,三角波,三角波,正弦波,三角波
附件一（训练集）.xlsx|材料1|1948,3,三角波,三角波,三角波,三角波,梯形波,三角波
附件一（训练集）.xlsx|材料1|1949,2,三角波,三角波,三角波,三角波,梯形波,三角波
附件一（训练集）.xlsx|材料1|195,1,正弦波,正弦波,正弦波,正弦波,三角波,正弦波
附件一（训练集）.xlsx|材料1|1950,3,三角波,三角波,三角波,三角波,梯形波,三角波
附件一（训练集）.xlsx|材料1|1951,3,三角波,三角波,三角波,三角波,梯形波,三角波
附件一（训练集）.xlsx|材料1|1952,3,三角波,三角波,三角波,三角波,梯形波,三角波
附件一（训练集）.xlsx|材料1|1953,2,三角波,三角波,三角波,三角波,正弦波,三角波
附件一（训练集）.xlsx|材料1|1954,0,三角波,三角波,三角波,三角波,正弦波,三角波
附件一（训练集）.xlsx|材料1|1955,3,三角波,三角波,三角波,三角波,正弦波,三角波
附件一（训练集）.xlsx|材料1|1956,0,三角波,三角波,三角波,三角波,正弦波,三角波
附件一（训练集）.xlsx|材料1|1957,0,三角波,三角波,三角波,三角波,正弦波,三角波
附件一（训练集）.xlsx|材料1|1958,2,三角波,三角波,三角波,三角波,正弦波,三角波
附件一（训练集）.xlsx|材料1|1959,3,三角波,三角波,三角波,三角波,正弦波,三角波
附件一（训练集）.xlsx|材料1|196,4,正弦波,正弦波,正弦波,正弦波,三角波,正弦波
附件一（训练集）.xlsx|材料1|1960,3,三角波,三角波,三角波,三角波,正弦波,三角波
附件一（训练集）.xlsx|材料1|1961,1,三角波,三角波,三角波,三角波,梯形波,三角波
附件一（训练集）.xlsx|材料1|1962,1,三角波,三角波,三角波,三角波,梯形波,三角波
附件一（训练集）.xlsx|材料1|1963,1,三角波,三角波,三角波,三角波,梯形波,三角波
附件一（训练集）.xlsx|材料1|1964,1,三角波,三角波,三角波,三角波,梯形波,三角波
附件一（训练集）.xlsx|材料1|1965,1,三角波,三角波,三角波,三角波,梯形波,三角波
附件一（训练集）.xlsx|材料1|1966,2,三角波,三角波,三角波,三角波,梯形波,三角波
附件一（训练集）.xlsx|材料1|1967,1,三角波,三角波,三角波,三角波,梯形波,三角波
附件一（训练集）.xlsx|材料1|1968,0,三角波,三角波,三角波,三角波,梯形波,三角波
附件一（训练集）.xlsx|材料1|1969,0,三角波,三角波,三角波,三角波,梯形波,三角波
附件一（训练集）.xlsx|材料1|197,2,正弦波,正弦波,正弦波,正弦波,三角波,正弦波
附件一（训练集）.xlsx|材料1|1970,1,三角波,三角波,三角波,三角波,正弦波,三角波
附件一（训练集）.xlsx|材料1|1971,1,三角波,三角波,三角波,三角波,正弦波,三角波
附件一（训练集）.xlsx|材料1|1972,3,三角波,三角波,三角波,三角波,正弦波,三角波
附件一（训练集）.xlsx|材料1|1973,3,三角波,三角波,三角波,三角波,正弦波,三角波
附件一（训练集）.xlsx|材料1|1974,1,三角波,三角波,三角波,三角波,正弦波,三角波
附件一（训练集）.xlsx|材料1|1975,1,三角波,三角波,三角波,三角波,正弦波,三角波
附件一（训练集）.xlsx|材料1|1976,3,三角波,三角波,三角波,三角波,正弦波,三角波
附件一（训练集）.xlsx|材料1|1977,1,三角波,三角波,三角波,三角波,梯形波,三角波
附件一（训练集）.xlsx|材料1|1978,1,三角波,三角波,三角波,三角波,梯形波,三角波
附件一（训练集）.xlsx|材料1|1979,1,三角波,三角波,三角波,三角波,梯形波,三角波
附件一（训练集）.xlsx|材料1|198,2,正弦波,正弦波,正弦波,正弦波,三角波,正弦波
附件一（训练集）.xlsx|材料1|1980,1,三角波,三角波,三角波,三角波,梯形波,三角波
附件一（训练集）.xlsx|材料1|1981,2,三角波,三角波,三角波,三角波,梯形波,三角波
附件一（训练集）.xlsx|材料1|1982,0,三角波,三角波,三角波,三角波,三角波,三角波
附件一（训练集）.xlsx|材料1|1983,0,三角波,三角波,三角波,三角波,三角波,三角波
附件一（训练集）.xlsx|材料1|1984,4,三角波,三角波,三角波,三角波,梯形波,三角波
附件一（训练集）.xlsx|材料1|1985,1,三角波,三角波,三角波,三角波,正弦波,三角波
附件一（训练集）.xlsx|材料1|1986,3,三角波,三角波,三角波,三角波,正弦波,三角波
附件一（训练集）.xlsx|材料1|1987,1,三角波,三角波,三角波,三角波,正弦波,三角波
附件一（训练集）.xlsx|材料1|1988,1,三角波,三角波,三角波,三角波,正弦波,三角波
附件一（训练集）.xlsx|材料1|1989,3,三角波,三角波,三角波,三角波,正弦波,三角波
附件一（训练集）.xlsx|材料1|199,2,正弦波,正弦波,正弦波,正弦波,三角波,正弦波
附件一（训练集）.xlsx|材料1|1990,1,三角波,三角波,三角波,三角波,三角波,三角波
附件一（训练集）.xlsx|材料1|1991,4,三角波,三角波,三角波,三角波,三角波,三角波
附件一（训练集）.xlsx|材料1|1992,4,三角波,三角波,三角波,三角波,梯形波,三角波
附件一（训练集）.xlsx|材料1|1993,4,三角波,三角波,三角波,三角波,梯形波,三角波
附件一（训练集）.xlsx|材料1|1994,2,三角波,三角波,三角波,三角波,三角波,三角波
附件一（训练集）.xlsx|材料1|1995,4,三角波,三角波,三角波,三角波,梯形波,三角波
附件一（训练集）.xlsx|材料1|1996,3,三角波,三角波,三角波,三角波,梯形波,三角波
附件一（训练集）.xlsx|材料1|1997,3,三角波,三角波,三角波,三角波,梯形波,三角波
附件一（训练集）.xlsx|材料1|1998,3,三角波,三角波,三角波,三角波,梯形波,三角波
附件一（训练集）.xlsx|材料1|1999,2,三角波,三角波,三角波,三角波,梯形波,三角波
附件一（训练集）.xlsx|材料1|2,0,正弦波,正弦波,正弦波,正弦波,正弦波,正弦波
附件一（训练集）.xlsx|材料1|20,0,正弦波,正弦波,正弦波,正弦波,正弦波,正弦波
附件一（训练集）.xlsx|材料1|200,3,正弦波,正弦波,正弦波,正弦波,三角波,正弦波
附件一（训练集）.xlsx|材料1|2000,2,三角波,三角波,三角波,三角波,正弦波,三角波
附件一（训练集）.xlsx|材料1|2001,2,三角波,三角波,三角波,三角波,正弦波,三角波
附件一（训练集）.xlsx|材料1|2002,3,三角波,三角波,三角波,三角波,正弦波,三角波
附件一（训练集）.xlsx|材料1|2003,3,三角波,三角波,三角波,三角波,正弦波,三角波
附件一（训练集）.xlsx|材料1|2004,3,三角波,三角波,三角波,三角波,正弦波,三角波
附件一（训练集）.xlsx|材料1|2005,3,三角波,三角波,三角波,三角波,三角波,三角波
附件一（训练集）.xlsx|材料1|2006,1,三角波,三角波,三角波,三角波,三角波,三角波
附件一（训练集）.xlsx|材料1|2007,1,三角波,三角波,三角波,三角波,三角波,三角波
附件一（训练集）.xlsx|材料1|2008,2,三角波,三角波,三角波,三角波,三角波,三角波
附件一（训练集）.xlsx|材料1|2009,2,三角波,三角波,三角波,三角波,三角波,三角波
附件一（训练集）.xlsx|材料1|201,4,正弦波,正弦波,正弦波,正弦波,三角波,正弦波
附件一（训练集）.xlsx|材料1|2010,4,三角波,三角波,三角波,三角波,正弦波,三角波
附件一（训练集）.xlsx|材料1|2011,4,三角波,三角波,三角波,三角波,正弦波,三角波
附件一（训练集）.xlsx|材料1|2012,4,三角波,三角波,三角波,三角波,正弦波,三角波
附件一（训练集）.xlsx|材料1|2013,4,三角波,三角波,三角波,三角波,正弦波,三角波
附件一（训练集）.xlsx|材料1|2014,2,三角波,三角波,三角波,三角波,梯形波,三角波
附件一（训练集）.xlsx|材料1|2015,4,三角波,三角波,三角波,三角波,梯形波,三角波
附件一（训练集）.xlsx|材料1|2016,4,三角波,三角波,三角波,三角波,梯形波,三角波
附件一（训练集）.xlsx|材料1|2017,3,三角波,三角波,三角波,三角波,梯形波,三角波
附件一（训练集）.xlsx|材料1|2018,0,三角波,三角波,三角波,三角波,梯形波,三角波
附件一（训练集）.xlsx|材料1|2019,4,三角波,三角波,三角波,三角波,梯形波,三角波
附件一（训练集）.xlsx|材料1|202,2,正弦波,正弦波,正弦波,正弦波,三角波,正弦波
附件一（训练集）.xlsx|材料1|2020,1,三角波,三角波,三角波,三角波,正弦波,三角波
附件一（训练集）.xlsx|材料1|2021,0,三角波,三角波,三角波,三角波,正弦波,三角波
附件一（训练集）.xlsx|材料1|2022,4,三角波,三角波,三角波,三角波,正弦波,三角波
附件一（训练集）.xlsx|材料1|2023,0,三角波,三角波,三角波,三角波,正弦波,三角波
附件一（训练集）.xlsx|材料1|2024,1,三角波,三角波,三角波,三角波,正弦波,三角波
附件一（训练集）.xlsx|材料1|2025,1,三角波,三角波,三角波,三角波,正弦波,三角波
附件一（训练集）.xlsx|材料1|2026,4,三角波,三角波,三角波,三角波,正弦波,三角波
附件一（训练集）.xlsx|材料1|2027,2,三角波,三角波,三角波,三角波,正弦波,三角波
附件一（训练集）.xlsx|材料1|2028,4,三角波,三角波,三角波,三角波,正弦波,三角波
附件一（训练集）.xlsx|材料1|2029,2,三角波,三角波,三角波,三角波,正弦波,三角波
附件一（训练集）.xlsx|材料1|203,4,正弦波,正弦波,正弦波,正弦波,三角波,正弦波
附件一（训练集）.xlsx|材料1|2030,3,三角波,三角波,三角波,三角波,梯形波,三角波
附件一（训练集）.xlsx|材料1|2031,2,三角波,三角波,三角波,三角波,梯形波,三角波
附件一（训练集）.xlsx|材料1|2032,3,三角波,三角波,三角波,三角波,梯形波,三角波
附件一（训练集）.xlsx|材料1|2033,1,三角波,三角波,三角波,三角波,梯形波,三角波
附件一（训练集）.xlsx|材料1|2034,2,三角波,三角波,三角波,三角波,梯形波,三角波
附件一（训练集）.xlsx|材料1|2035,4,三角波,三角波,三角波,三角波,梯形波,三角波
附件一（训练集）.xlsx|材料1|2036,0,三角波,三角波,三角波,三角波,正弦波,三角波
附件一（训练集）.xlsx|材料1|2037,4,三角波,三角波,三角波,三角波,正弦波,三角波
附件一（训练集）.xlsx|材料1|2038,4,三角波,三角波,三角波,三角波,三角波,三角波
附件一（训练集）.xlsx|材料1|2039,1,三角波,三角波,三角波,三角波,正弦波,三角波
附件一（训练集）.xlsx|材料1|204,0,正弦波,正弦波,正弦波,正弦波,三角波,正弦波
附件一（训练集）.xlsx|材料1|2040,1,三角波,三角波,三角波,三角波,正弦波,三角波
附件一（训练集）.xlsx|材料1|2041,0,三角波,三角波,三角波,三角波,正弦波,三角波
附件一（训练集）.xlsx|材料1|2042,1,三角波,三角波,三角波,三角波,正弦波,三角波
附件一（训练集）.xlsx|材料1|2043,0,三角波,三角波,三角波,三角波,正弦波,三角波
附件一（训练集）.xlsx|材料1|2044,3,三角波,三角波,三角波,三角波,正弦波,三角波
附件一（训练集）.xlsx|材料1|2045,4,三角波,三角波,三角波,三角波,正弦波,三角波
附件一（训练集）.xlsx|材料1|2046,3,三角波,三角波,三角波,三角波,三角波,三角波
附件一（训练集）.xlsx|材料1|2047,3,三角波,三角波,三角波,三角波,三角波,三角波
附件一（训练集）.xlsx|材料1|2048,4,三角波,三角波,三角波,三角波,三角波,三角波
附件一（训练集）.xlsx|材料1|2049,3,三角波,三角波,三角波,三角波,三角波,三角波
附件一（训练集）.xlsx|材料1|205,0,正弦波,正弦波,正弦波,正弦波,三角波,正弦波
附件一（训练集）.xlsx|材料1|2050,3,三角波,三角波,三角波,三角波,三角波,三角波
附件一（训练集）.xlsx|材料1|2051,4,三角波,三角波,三角波,三角波,三角波,三角波
附件一（训练集）.xlsx|材料1|2052,4,三角波,三角波,三角波,三角波,三角波,三角波
附件一（训练集）.xlsx|材料1|2053,4,三角波,三角波,三角波,三角波,三角波,三角波
附件一（训练集）.xlsx|材料1|2054,4,三角波,三角波,三角波,三角波,三角波,三角波
附件一（训练集）.xlsx|材料1|2055,4,三角波,三角波,三角波,三角波,梯形波,三角波
附件一（训练集）.xlsx|材料1|2056,4,三角波,三角波,三角波,三角波,梯形波,三角波
附件一（训练集）.xlsx|材料1|2057,0,三角波,三角波,三角波,三角波,正弦波,三角波
附件一（训练集）.xlsx|材料1|2058,2,三角波,三角波,三角波,三角波,正弦波,三角波
附件一（训练集）.xlsx|材料1|2059,0,三角波,三角波,三角波,三角波,正弦波,三角波
附件一（训练集）.xlsx|材料1|206,4,正弦波,正弦波,正弦波,正弦波,三角波,正弦波
附件一（训练集）.xlsx|材料1|2060,1,三角波,三角波,三角波,三角波,正弦波,三角波
附件一（训练集）.xlsx|材料1|2061,4,三角波,三角波,三角波,三角波,正弦波,三角波
附件一（训练集）.xlsx|材料1|2062,4,三角波,三角波,三角波,三角波,正弦波,三角波
附件一（训练集）.xlsx|材料1|2063,4,三角波,三角波,三角波,三角波,正弦波,三角波
附件一（训练集）.xlsx|材料1|2064,4,三角波,三角波,三角波,三角波,三角波,三角波
附件一（训练集）.xlsx|材料1|2065,2,三角波,三角波,三角波,三角波,三角波,三角波
附件一（训练集）.xlsx|材料1|2066,4,三角波,三角波,三角波,三角波,三角波,三角波
附件一（训练集）.xlsx|材料1|2067,3,三角波,三角波,三角波,三角波,三角波,三角波
附件一（训练集）.xlsx|材料1|2068,4,三角波,三角波,三角波,三角波,三角波,三角波
附件一（训练集）.xlsx|材料1|2069,0,三角波,三角波,三角波,三角波,三角波,三角波
附件一（训练集）.xlsx|材料1|207,0,正弦波,正弦波,正弦波,正弦波,三角波,正弦波
附件一（训练集）.xlsx|材料1|2070,1,三角波,三角波,三角波,三角波,三角波,三角波
附件一（训练集）.xlsx|材料1|2071,1,三角波,三角波,三角波,三角波,三角波,三角波
附件一（训练集）.xlsx|材料1|2072,1,三角波,三角波,三角波,三角波,三角波,三角波
附件一（训练集）.xlsx|材料1|2073,2,三角波,三角波,三角波,三角波,三角波,三角波
附件一（训练集）.xlsx|材料1|2074,1,三角波,三角波,三角波,三角波,三角波,三角波
附件一（训练集）.xlsx|材料1|2075,0,三角波,三角波,三角波,三角波,三角波,三角波
附件一（训练集）.xlsx|材料1|2076,2,三角波,三角波,三角波,三角波,三角波,三角波
附件一（训练集）.xlsx|材料1|2077,2,三角波,三角波,三角波,三角波,三角波,三角波
附件一（训练集）.xlsx|材料1|2078,1,三角波,三角波,三角波,三角波,三角波,三角波
附件一（训练集）.xlsx|材料1|2079,0,三角波,三角波,三角波,三角波,正弦波,三角波
附件一（训练集）.xlsx|材料1|208,2,正弦波,正弦波,正弦波,正弦波,正弦波,正弦波
附件一（训练集）.xlsx|材料1|2080,2,三角波,三角波,三角波,三角波,正弦波,三角波
附件一（训练集）.xlsx|材料1|2081,2,三角波,三角波,三角波,三角波,正弦波,三角波
附件一（训练集）.xlsx|材料1|2082,4,三角波,三角波,三角波,三角波,正弦波,三角波
附件一（训练集）.xlsx|材料1|2083,4,三角波,三角波,三角波,三角波,正弦波,三角波
附件一（训练集）.xlsx|材料1|2084,3,三角波,三角波,三角波,三角波,正弦波,三角波
附件一（训练集）.xlsx|材料1|2085,1,三角波,三角波,三角波,三角波,三角波,三角波
附件一（训练集）.xlsx|材料1|2086,1,三角波,三角波,三角波,三角波,三角波,三角波
附件一（训练集）.xlsx|材料1|2087,0,三角波,三角波,三角波,三角波,三角波,三角波
附件一（训练集）.xlsx|材料1|2088,0,三角波,三角波,三角波,三角波,三角波,三角波
附件一（训练集）.xlsx|材料1|2089,3,三角波,三角波,三角波,三角波,三角波,三角波
附件一（训练集）.xlsx|材料1|209,3,正弦波,正弦波,正弦波,正弦波,正弦波,正弦波
附件一（训练集）.xlsx|材料1|2090,3,三角波,三角波,三角波,三角波,三角波,三角波
附件一（训练集）.xlsx|材料1|2091,0,三角波,三角波,三角波,三角波,三角波,三角波
附件一（训练集）.xlsx|材料1|2092,0,三角波,三角波,三角波,三角波,三角波,三角波
附件一（训练集）.xlsx|材料1|2093,0,三角波,三角波,三角波,三角波,三角波,三角波
附件一（训练集）.xlsx|材料1|2094,1,三角波,三角波,三角波,三角波,三角波,三角波
附件一（训练集）.xlsx|材料1|2095,3,三角波,三角波,三角波,三角波,三角波,三角波
附件一（训练集）.xlsx|材料1|2096,1,三角波,三角波,三角波,三角波,三角波,三角波
附件一（训练集）.xlsx|材料1|2097,2,三角波,三角波,三角波,三角波,正弦波,三角波
附件一（训练集）.xlsx|材料1|2098,2,三角波,三角波,三角波,三角波,正弦波,三角波
附件一（训练集）.xlsx|材料1|2099,0,三角波,三角波,三角波,三角波,正弦波,三角波
附件一（训练集）.xlsx|材料1|21,2,正弦波,正弦波,正弦波,正弦波,正弦波,正弦波
附件一（训练集）.xlsx|材料1|210,3,正弦波,正弦波,正弦波,正弦波,正弦波,正弦波
附件一（训练集）.xlsx|材料1|2100,2,三角波,三角波,三角波,三角波,正弦波,三角波
附件一（训练集）.xlsx|材料1|2101,0,三角波,三角波,三角波,三角波,正弦波,三角波
附件一（训练集）.xlsx|材料1|2102,2,三角波,三角波,三角波,三角波,正弦波,三角波
附件一（训练集）.xlsx|材料1|2103,4,三角波,三角波,三角波,三角波,正弦波,三角波
附件一（训练集）.xlsx|材料1|2104,0,三角波,三角波,三角波,三角波,正弦波,三角波
附件一（训练集）.xlsx|材料1|2105,2,三角波,三角波,三角波,三角波,三角波,三角波
附件一（训练集）.xlsx|材料1|2106,0,三角波,三角波,三角波,三角波,三角波,三角波
附件一（训练集）.xlsx|材料1|2107,0,三角波,三角波,三角波,三角波,三角波,三角波
附件一（训练集）.xlsx|材料1|2108,3,三角波,三角波,三角波,三角波,三角波,三角波
附件一（训练集）.xlsx|材料1|2109,3,三角波,三角波,三角波,三角波,三角波,三角波
附件一（训练集）.xlsx|材料1|211,0,正弦波,正弦波,正弦波,正弦波,正弦波,正弦波
附件一（训练集）.xlsx|材料1|2110,0,三角波,三角波,三角波,三角波,三角波,三角波
附件一（训练集）.xlsx|材料1|2111,1,三角波,三角波,三角波,三角波,三角波,三角波
附件一（训练集）.xlsx|材料1|2112,0,三角波,三角波,三角波,三角波,三角波,三角波
附件一（训练集）.xlsx|材料1|2113,4,三角波,三角波,三角波,三角波,三角波,三角波
附件一（训练集）.xlsx|材料1|2114,2,三角波,三角波,三角波,三角波,三角波,三角波
附件一（训练集）.xlsx|材料1|2115,3,三角波,三角波,三角波,三角波,三角波,三角波
附件一（训练集）.xlsx|材料1|2116,3,三角波,三角波,三角波,三角波,三角波,三角波
附件一（训练集）.xlsx|材料1|2117,1,三角波,三角波,三角波,三角波,三角波,三角波
附件一（训练集）.xlsx|材料1|2118,3,三角波,三角波,三角波,三角波,三角波,三角波
附件一（训练集）.xlsx|材料1|2119,0,三角波,三角波,三角波,三角波,正弦波,三角波
附件一（训练集）.xlsx|材料1|212,0,正弦波,正弦波,正弦波,正弦波,三角波,正弦波
附件一（训练集）.xlsx|材料1|2120,0,三角波,三角波,三角波,三角波,正弦波,三角波
附件一（训练集）.xlsx|材料1|2121,3,三角波,三角波,三角波,三角波,正弦波,三角波
附件一（训练集）.xlsx|材料1|2122,3,三角波,三角波,三角波,三角波,三角波,三角波
附件一（训练集）.xlsx|材料1|2123,0,三角波,三角波,三角波,三角波,三角波,三角波
附件一（训练集）.xlsx|材料1|2124,3,三角波,三角波,三角波,三角波,三角波,三角波
附件一（训练集）.xlsx|材料1|2125,1,三角波,三角波,三角波,三角波,三角波,三角波
附件一（训练集）.xlsx|材料1|2126,0,三角波,三角波,三角波,三角波,三角波,三角波
附件一（训练集）.xlsx|材料1|2127,0,三角波,三角波,三角波,三角波,三角波,三角波
附件一（训练集）.xlsx|材料1|2128,0,三角波,三角波,三角波,三角波,三角波,三角波
附件一（训练集）.xlsx|材料1|2129,0,三角波,三角波,三角波,三角波,三角波,三角波
附件一（训练集）.xlsx|材料1|213,1,正弦波,正弦波,正弦波,正弦波,三角波,正弦波
附件一（训练集）.xlsx|材料1|2130,0,三角波,三角波,三角波,三角波,三角波,三角波
附件一（训练集）.xlsx|材料1|2131,3,三角波,三角波,三角波,三角波,三角波,三角波
附件一（训练集）.xlsx|材料1|2132,4,三角波,三角波,三角波,三角波,三角波,三角波
附件一（训练集）.xlsx|材料1|2133,3,三角波,三角波,三角波,三角波,三角波,三角波
附件一（训练集）.xlsx|材料1|2134,3,三角波,三角波,三角波,三角波,三角波,三角波
附件一（训练集）.xlsx|材料1|2135,4,三角波,三角波,三角波,三角波,三角波,三角波
附件一（训练集）.xlsx|材料1|2136,0,三角波,三角波,三角波,三角波,三角波,三角波
附件一（训练集）.xlsx|材料1|2137,0,三角波,三角波,三角波,三角波,正弦波,三角波
附件一（训练集）.xlsx|材料1|2138,2,三角波,三角波,三角波,三角波,正弦波,三角波
附件一（训练集）.xlsx|材料1|2139,0,三角波,三角波,三角波,三角波,正弦波,三角波
附件一（训练集）.xlsx|材料1|214,1,正弦波,正弦波,正弦波,正弦波,三角波,正弦波
附件一（训练集）.xlsx|材料1|2140,0,三角波,三角波,三角波,三角波,正弦波,三角波
附件一（训练集）.xlsx|材料1|2141,4,三角波,三角波,三角波,三角波,三角波,三角波
附件一（训练集）.xlsx|材料1|2142,2,三角波,三角波,三角波,三角波,三角波,三角波
附件一（训练集）.xlsx|材料1|2143,2,三角波,三角波,三角波,三角波,三角波,三角波
附件一（训练集）.xlsx|材料1|2144,0,三角波,三角波,三角波,三角波,三角波,三角波
附件一（训练集）.xlsx|材料1|2145,2,三角波,三角波,三角波,三角波,三角波,三角波
附件一（训练集）.xlsx|材料1|2146,0,三角波,三角波,三角波,三角波,三角波,三角波
附件一（训练集）.xlsx|材料1|2147,3,三角波,三角波,三角波,三角波,三角波,三角波
附件一（训练集）.xlsx|材料1|2148,2,三角波,三角波,三角波,三角波,三角波,三角波
附件一（训练集）.xlsx|材料1|2149,0,三角波,三角波,三角波,三角波,三角波,三角波
附件一（训练集）.xlsx|材料1|215,3,正弦波,正弦波,正弦波,正弦波,三角波,正弦波
附件一（训练集）.xlsx|材料1|2150,3,三角波,三角波,三角波,三角波,三角波,三角波
附件一（训练集）.xlsx|材料1|2151,0,三角波,三角波,三角波,三角波,三角波,三角波
附件一（训练集）.xlsx|材料1|2152,3,三角波,三角波,三角波,三角波,三角波,三角波
附件一（训练集）.xlsx|材料1|2153,4,三角波,三角波,三角波,三角波,三角波,三角波
附件一（训练集）.xlsx|材料1|2154,4,三角波,三角波,三角波,三角波,三角波,三角波
附件一（训练集）.xlsx|材料1|2155,4,三角波,三角波,三角波,三角波,三角波,三角波
附件一（训练集）.xlsx|材料1|2156,2,三角波,三角波,三角波,三角波,三角波,三角波
附件一（训练集）.xlsx|材料1|2157,0,三角波,三角波,三角波,三角波,正弦波,三角波
附件一（训练集）.xlsx|材料1|2158,4,三角波,三角波,三角波,三角波,三角波,三角波
附件一（训练集）.xlsx|材料1|2159,3,三角波,三角波,三角波,三角波,三角波,三角波
附件一（训练集）.xlsx|材料1|216,3,正弦波,正弦波,正弦波,正弦波,三角波,正弦波
附件一（训练集）.xlsx|材料1|2160,0,三角波,三角波,三角波,三角波,三角波,三角波
附件一（训练集）.xlsx|材料1|2161,3,三角波,三角波,三角波,三角波,三角波,三角波
附件一（训练集）.xlsx|材料1|2162,4,三角波,三角波,三角波,三角波,三角波,三角波
附件一（训练集）.xlsx|材料1|2163,0,三角波,三角波,三角波,三角波,三角波,三角波
附件一（训练集）.xlsx|材料1|2164,2,三角波,三角波,三角波,三角波,三角波,三角波
附件一（训练集）.xlsx|材料1|2165,4,三角波,三角波,三角波,三角波,三角波,三角波
附件一（训练集）.xlsx|材料1|2166,0,三角波,三角波,三角波,三角波,三角波,三角波
附件一（训练集）.xlsx|材料1|2167,2,三角波,三角波,三角波,三角波,三角波,三角波
附件一（训练集）.xlsx|材料1|2168,0,三角波,三角波,三角波,三角波,三角波,三角波
附件一（训练集）.xlsx|材料1|2169,0,三角波,三角波,三角波,三角波,三角波,三角波
附件一（训练集）.xlsx|材料1|217,2,正弦波,正弦波,正弦波,正弦波,三角波,正弦波
附件一（训练集）.xlsx|材料1|2170,3,三角波,三角波,三角波,三角波,三角波,三角波
附件一（训练集）.xlsx|材料1|2171,3,三角波,三角波,三角波,三角波,三角波,三角波
附件一（训练集）.xlsx|材料1|2172,4,三角波,三角波,三角波,三角波,三角波,三角波
附件一（训练集）.xlsx|材料1|2173,2,三角波,三角波,三角波,三角波,三角波,三角波
附件一（训练集）.xlsx|材料1|2174,0,三角波,三角波,三角波,三角波,三角波,三角波
附件一（训练集）.xlsx|材料1|2175,4,三角波,三角波,三角波,三角波,三角波,三角波
附件一（训练集）.xlsx|材料1|2176,0,三角波,三角波,三角波,三角波,三角波,三角波
附件一（训练集）.xlsx|材料1|2177,4,三角波,三角波,三角波,三角波,三角波,三角波
附件一（训练集）.xlsx|材料1|2178,3,三角波,三角波,三角波,三角波,三角波,三角波
附件一（训练集）.xlsx|材料1|2179,4,三角波,三角波,三角波,三角波,三角波,三角波
附件一（训练集）.xlsx|材料1|218,0,正弦波,正弦波,正弦波,正弦波,三角波,正弦波
附件一（训练集）.xlsx|材料1|2180,4,三角波,三角波,三角波,三角波,三角波,三角波
附件一（训练集）.xlsx|材料1|2181,3,三角波,三角波,三角波,三角波,三角波,三角波
附件一（训练集）.xlsx|材料1|2182,1,三角波,三角波,三角波,三角波,三角波,三角波
附件一（训练集）.xlsx|材料1|2183,1,三角波,三角波,三角波,三角波,三角波,三角波
附件一（训练集）.xlsx|材料1|2184,4,三角波,三角波,三角波,三角波,三角波,三角波
附件一（训练集）.xlsx|材料1|2185,2,三角波,三角波,三角波,三角波,三角波,三角波
附件一（训练集）.xlsx|材料1|2186,1,三角波,三角波,三角波,三角波,三角波,三角波
附件一（训练集）.xlsx|材料1|2187,0,三角波,三角波,三角波,三角波,三角波,三角波
附件一（训练集）.xlsx|材料1|2188,2,三角波,三角波,三角波,三角波,三角波,三角波
附件一（训练集）.xlsx|材料1|2189,3,三角波,三角波,三角波,三角波,三角波,三角波
附件一（训练集）.xlsx|材料1|219,0,正弦波,正弦波,正弦波,正弦波,三角波,正弦波
附件一（训练集）.xlsx|材料1|2190,3,三角波,三角波,三角波,三角波,三角波,三角波
附件一（训练集）.xlsx|材料1|2191,4,三角波,三角波,三角波,三角波,三角波,三角波
附件一（训练集）.xlsx|材料1|2192,1,三角波,三角波,三角波,三角波,三角波,三角波
附件一（训练集）.xlsx|材料1|2193,0,三角波,三角波,三角波,三角波,三角波,三角波
附件一（训练集）.xlsx|材料1|2194,0,三角波,三角波,三角波,三角波,三角波,三角波
附件一（训练集）.xlsx|材料1|2195,0,三角波,三角波,三角波,三角波,三角波,三角波
附件一（训练集）.xlsx|材料1|2196,2,三角波,三角波,三角波,三角波,三角波,三角波
附件一（训练集）.xlsx|材料1|2197,2,三角波,三角波,三角波,三角波,三角波,三角波
附件一（训练集）.xlsx|材料1|2198,0,三角波,三角波,三角波,三角波,三角波,三角波
附件一（训练集）.xlsx|材料1|2199,1,三角波,三角波,三角波,三角波,三角波,三角波
附件一（训练集）.xlsx|材料1|22,2,正弦波,正弦波,正弦波,正弦波,正弦波,正弦波
附件一（训练集）.xlsx|材料1|220,4,正弦波,正弦波,正弦波,正弦波,三角波,正弦波
附件一（训练集）.xlsx|材料1|2200,0,三角波,三角波,三角波,三角波,三角波,三角波
附件一（训练集）.xlsx|材料1|2201,3,三角波,三角波,三角波,三角波,三角波,三角波
附件一（训练集）.xlsx|材料1|2202,0,三角波,三角波,三角波,三角波,三角波,三角波
附件一（训练集）.xlsx|材料1|2203,0,三角波,三角波,三角波,三角波,三角波,三角波
附件一（训练集）.xlsx|材料1|2204,4,三角波,三角波,三角波,三角波,三角波,三角波
附件一（训练集）.xlsx|材料1|2205,0,三角波,三角波,三角波,三角波,三角波,三角波
附件一（训练集）.xlsx|材料1|2206,0,三角波,三角波,三角波,三角波,三角波,三角波
附件一（训练集）.xlsx|材料1|2207,0,三角波,三角波,三角波,三角波,三角波,三角波
附件一（训练集）.xlsx|材料1|2208,4,三角波,三角波,三角波,三角波,三角波,三角波
附件一（训练集）.xlsx|材料1|2209,2,三角波,三角波,三角波,三角波,三角波,三角波
附件一（训练集）.xlsx|材料1|221,0,正弦波,正弦波,正弦波,正弦波,三角波,正弦波
附件一（训练集）.xlsx|材料1|2210,2,三角波,三角波,三角波,三角波,三角波,三角波
附件一（训练集）.xlsx|材料1|2211,0,三角波,三角波,三角波,三角波,三角波,三角波
附件一（训练集）.xlsx|材料1|2212,0,三角波,三角波,三角波,三角波,三角波,三角波
附件一（训练集）.xlsx|材料1|2213,2,三角波,三角波,三角波,三角波,三角波,三角波
附件一（训练集）.xlsx|材料1|2214,4,三角波,三角波,三角波,三角波,三角波,三角波
附件一（训练集）.xlsx|材料1|2215,0,三角波,三角波,三角波,三角波,三角波,三角波
附件一（训练集）.xlsx|材料1|2216,3,三角波,三角波,三角波,三角波,三角波,三角波
附件一（训练集）.xlsx|材料1|2217,2,三角波,三角波,三角波,三角波,三角波,三角波
附件一（训练集）.xlsx|材料1|2218,1,三角波,三角波,三角波,三角波,三角波,三角波
附件一（训练集）.xlsx|材料1|2219,2,三角波,三角波,三角波,三角波,三角波,三角波
附件一（训练集）.xlsx|材料1|222,0,正弦波,正弦波,正弦波,正弦波,三角波,正弦波
附件一（训练集）.xlsx|材料1|2220,2,三角波,三角波,三角波,三角波,三角波,三角波
附件一（训练集）.xlsx|材料1|2221,2,三角波,三角波,三角波,三角波,三角波,三角波
附件一（训练集）.xlsx|材料1|2222,2,三角波,三角波,三角波,三角波,三角波,三角波
附件一（训练集）.xlsx|材料1|2223,2,三角波,三角波,三角波,三角波,三角波,三角波
附件一（训练集）.xlsx|材料1|2224,2,三角波,三角波,三角波,三角波,三角波,三角波
附件一（训练集）.xlsx|材料1|2225,4,三角波,三角波,三角波,三角波,三角波,三角波
附件一（训练集）.xlsx|材料1|2226,1,三角波,三角波,三角波,三角波,三角波,三角波
附件一（训练集）.xlsx|材料1|2227,3,三角波,三角波,三角波,三角波,三角波,三角波
附件一（训练集）.xlsx|材料1|2228,3,三角波,三角波,三角波,三角波,三角波,三角波
附件一（训练集）.xlsx|材料1|2229,1,三角波,三角波,三角波,三角波,三角波,三角波
附件一（训练集）.xlsx|材料1|223,2,正弦波,正弦波,正弦波,正弦波,三角波,正弦波
附件一（训练集）.xlsx|材料1|2230,4,三角波,三角波,三角波,三角波,三角波,三角波
附件一（训练集）.xlsx|材料1|2231,1,三角波,三角波,三角波,三角波,三角波,三角波
附件一（训练集）.xlsx|材料1|2232,1,三角波,三角波,三角波,三角波,三角波,三角波
附件一（训练集）.xlsx|材料1|2233,1,三角波,三角波,三角波,三角波,三角波,三角波
附件一（训练集）.xlsx|材料1|2234,2,三角波,三角波,三角波,三角波,三角波,三角波
附件一（训练集）.xlsx|材料1|2235,2,三角波,三角波,三角波,三角波,三角波,三角波
附件一（训练集）.xlsx|材料1|2236,2,三角波,三角波,三角波,三角波,三角波,三角波
附件一（训练集）.xlsx|材料1|2237,2,三角波,三角波,三角波,三角波,三角波,三角波
附件一（训练集）.xlsx|材料1|2238,2,三角波,三角波,三角波,三角波,三角波,三角波
附件一（训练集）.xlsx|材料1|2239,2,三角波,三角波,三角波,三角波,三角波,三角波
附件一（训练集）.xlsx|材料1|224,1,正弦波,正弦波,正弦波,正弦波,三角波,正弦波
附件一（训练集）.xlsx|材料1|2240,0,三角波,三角波,三角波,三角波,三角波,三角波
附件一（训练集）.xlsx|材料1|2241,3,三角波,三角波,三角波,三角波,正弦波,三角波
附件一（训练集）.xlsx|材料1|2242,3,三角波,三角波,三角波,三角波,正弦波,三角波
附件一（训练集）.xlsx|材料1|2243,1,三角波,三角波,三角波,三角波,正弦波,三角波
附件一（训练集）.xlsx|材料1|2244,1,三角波,三角波,三角波,三角波,正弦波,三角波
附件一（训练集）.xlsx|材料1|2245,1,三角波,三角波,三角波,三角波,正弦波,三角波
附件一（训练集）.xlsx|材料1|2246,3,三角波,三角波,三角波,三角波,正弦波,三角波
附件一（训练集）.xlsx|材料1|2247,1,三角波,三角波,三角波,三角波,梯形波,三角波
附件一（训练集）.xlsx|材料1|2248,3,三角波,三角波,三角波,三角波,梯形波,三角波
附件一（训练集）.xlsx|材料1|2249,3,三角波,三角波,三角波,三角波,梯形波,三角波
附件一（训练集）.xlsx|材料1|225,4,正弦波,正弦波,正弦波,正弦波,三角波,正弦波
附件一（训练集）.xlsx|材料1|2250,1,三角波,三角波,三角波,三角波,梯形波,三角波
附件一（训练集）.xlsx|材料1|2251,1,三角波,三角波,三角波,三角波,梯形波,三角波
附件一（训练集）.xlsx|材料1|2252,1,三角波,三角波,三角波,三角波,梯形波,三角波
附件一（训练集）.xlsx|材料1|2253,1,三角波,三角波,三角波,三角波,梯形波,三角波
附件一（训练集）.xlsx|材料1|2254,1,三角波,三角波,三角波,三角波,正弦波,三角波
附件一（训练集）.xlsx|材料1|2255,1,三角波,三角波,三角波,三角波,正弦波,三角波
附件一（训练集）.xlsx|材料1|2256,2,三角波,三角波,三角波,三角波,正弦波,三角波
附件一（训练集）.xlsx|材料1|2257,0,三角波,三角波,三角波,三角波,正弦波,三角波
附件一（训练集）.xlsx|材料1|2258,0,三角波,三角波,三角波,三角波,正弦波,三角波
附件一（训练集）.xlsx|材料1|2259,1,三角波,三角波,三角波,三角波,梯形波,三角波
附件一（训练集）.xlsx|材料1|226,4,正弦波,正弦波,正弦波,正弦波,三角波,正弦波
附件一（训练集）.xlsx|材料1|2260,2,三角波,三角波,三角波,三角波,梯形波,三角波
附件一（训练集）.xlsx|材料1|2261,2,三角波,三角波,三角波,三角波,梯形波,三角波
附件一（训练集）.xlsx|材料1|2262,3,三角波,三角波,三角波,三角波,梯形波,三角波
附件一（训练集）.xlsx|材料1|2263,2,三角波,三角波,三角波,三角波,梯形波,三角波
附件一（训练集）.xlsx|材料1|2264,2,三角波,三角波,三角波,三角波,梯形波,三角波
附件一（训练集）.xlsx|材料1|2265,1,三角波,三角波,三角波,三角波,梯形波,三角波
附件一（训练集）.xlsx|材料1|2266,1,三角波,三角波,三角波,三角波,梯形波,三角波
附件一（训练集）.xlsx|材料1|2267,3,三角波,三角波,三角波,三角波,正弦波,三角波
附件一（训练集）.xlsx|材料1|2268,0,三角波,三角波,三角波,三角波,正弦波,三角波
附件一（训练集）.xlsx|材料1|2269,3,三角波,三角波,三角波,三角波,正弦波,三角波
附件一（训练集）.xlsx|材料1|227,1,正弦波,正弦波,正弦波,正弦波,正弦波,正弦波
附件一（训练集）.xlsx|材料1|2270,2,三角波,三角波,三角波,三角波,正弦波,三角波
附件一（训练集）.xlsx|材料1|2271,0,三角波,三角波,三角波,三角波,正弦波,三角波
附件一（训练集）.xlsx|材料1|2272,3,三角波,三角波,三角波,三角波,正弦波,三角波
附件一（训练集）.xlsx|材料1|2273,2,三角波,三角波,三角波,三角波,正弦波,三角波
附件一（训练集）.xlsx|材料1|2274,3,三角波,三角波,三角波,三角波,梯形波,三角波
附件一（训练集）.xlsx|材料1|2275,2,三角波,三角波,三角波,三角波,梯形波,三角波
附件一（训练集）.xlsx|材料1|2276,1,三角波,三角波,三角波,三角波,梯形波,三角波
附件一（训练集）.xlsx|材料1|2277,2,三角波,三角波,三角波,三角波,梯形波,三角波
附件一（训练集）.xlsx|材料1|2278,0,三角波,三角波,三角波,三角波,梯形波,三角波
附件一（训练集）.xlsx|材料1|2279,0,三角波,三角波,三角波,三角波,梯形波,三角波
附件一（训练集）.xlsx|材料1|228,0,正弦波,正弦波,正弦波,正弦波,正弦波,正弦波
附件一（训练集）.xlsx|材料1|2280,1,三角波,三角波,三角波,三角波,正弦波,三角波
附件一（训练集）.xlsx|材料1|2281,1,三角波,三角波,三角波,三角波,正弦波,三角波
附件一（训练集）.xlsx|材料1|2282,1,三角波,三角波,三角波,三角波,正弦波,三角波
附件一（训练集）.xlsx|材料1|2283,3,三角波,三角波,三角波,三角波,正弦波,三角波
附件一（训练集）.xlsx|材料1|2284,1,三角波,三角波,三角波,三角波,正弦波,三角波
附件一（训练集）.xlsx|材料1|2285,1,三角波,三角波,三角波,三角波,正弦波,三角波
附件一（训练集）.xlsx|材料1|2286,1,三角波,三角波,三角波,三角波,正弦波,三角波
附件一（训练集）.xlsx|材料1|2287,1,三角波,三角波,三角波,三角波,梯形波,三角波
附件一（训练集）.xlsx|材料1|2288,1,三角波,三角波,三角波,三角波,梯形波,三角波
附件一（训练集）.xlsx|材料1|2289,1,三角波,三角波,三角波,三角波,梯形波,三角波
附件一（训练集）.xlsx|材料1|229,3,正弦波,正弦波,正弦波,正弦波,正弦波,正弦波
附件一（训练集）.xlsx|材料1|2290,1,三角波,三角波,三角波,三角波,梯形波,三角波
附件一（训练集）.xlsx|材料1|2291,1,三角波,三角波,三角波,三角波,梯形波,三角波
附件一（训练集）.xlsx|材料1|2292,1,三角波,三角波,三角波,三角波,梯形波,三角波
附件一（训练集）.xlsx|材料1|2293,4,三角波,三角波,三角波,三角波,梯形波,三角波
附件一（训练集）.xlsx|材料1|2294,0,三角波,三角波,三角波,三角波,三角波,三角波
附件一（训练集）.xlsx|材料1|2295,4,三角波,三角波,三角波,三角波,梯形波,三角波
附件一（训练集）.xlsx|材料1|2296,3,三角波,三角波,三角波,三角波,正弦波,三角波
附件一（训练集）.xlsx|材料1|2297,0,三角波,三角波,三角波,三角波,正弦波,三角波
附件一（训练集）.xlsx|材料1|2298,3,三角波,三角波,三角波,三角波,正弦波,三角波
附件一（训练集）.xlsx|材料1|2299,1,三角波,三角波,三角波,三角波,正弦波,三角波
附件一（训练集）.xlsx|材料1|23,4,正弦波,正弦波,正弦波,正弦波,正弦波,正弦波
附件一（训练集）.xlsx|材料1|230,4,正弦波,正弦波,正弦波,正弦波,三角波,正弦波
附件一（训练集）.xlsx|材料1|2300,3,三角波,三角波,三角波,三角波,正弦波,三角波
附件一（训练集）.xlsx|材料1|2301,3,三角波,三角波,三角波,三角波,正弦波,三角波
附件一（训练集）.xlsx|材料1|2302,1,三角波,三角波,三角波,三角波,三角波,三角波
附件一（训练集）.xlsx|材料1|2303,4,三角波,三角波,三角波,三角波,三角波,三角波
附件一（训练集）.xlsx|材料1|2304,4,三角波,三角波,三角波,三角波,梯形波,三角波
附件一（训练集）.xlsx|材料1|2305,4,三角波,三角波,三角波,三角波,梯形波,三角波
附件一（训练集）.xlsx|材料1|2306,0,三角波,三角波,三角波,三角波,三角波,三角波
附件一（训练集）.xlsx|材料1|2307,4,三角波,三角波,三角波,三角波,梯形波,三角波
附件一（训练集）.xlsx|材料1|2308,4,三角波,三角波,三角波,三角波,梯形波,三角波
附件一（训练集）.xlsx|材料1|2309,3,三角波,三角波,三角波,三角波,梯形波,三角波
附件一（训练集）.xlsx|材料1|231,3,正弦波,正弦波,正弦波,正弦波,三角波,正弦波
附件一（训练集）.xlsx|材料1|2310,3,三角波,三角波,三角波,三角波,梯形波,三角波
附件一（训练集）.xlsx|材料1|2311,2,三角波,三角波,三角波,三角波,梯形波,三角波
附件一（训练集）.xlsx|材料1|2312,3,三角波,三角波,三角波,三角波,梯形波,三角波
附件一（训练集）.xlsx|材料1|2313,3,三角波,三角波,三角波,三角波,正弦波,三角波
附件一（训练集）.xlsx|材料1|2314,2,三角波,三角波,三角波,三角波,正弦波,三角波
附件一（训练集）.xlsx|材料1|2315,4,三角波,三角波,三角波,三角波,正弦波,三角波
附件一（训练集）.xlsx|材料1|2316,2,三角波,三角波,三角波,三角波,正弦波,三角波
附件一（训练集）.xlsx|材料1|2317,2,三角波,三角波,三角波,三角波,三角波,三角波
附件一（训练集）.xlsx|材料1|2318,4,三角波,三角波,三角波,三角波,三角波,三角波
附件一（训练集）.xlsx|材料1|2319,2,三角波,三角波,三角波,三角波,三角波,三角波
附件一（训练集）.xlsx|材料1|232,3,正弦波,正弦波,正弦波,正弦波,三角波,正弦波
附件一（训练集）.xlsx|材料1|2320,4,三角波,三角波,三角波,三角波,三角波,三角波
附件一（训练集）.xlsx|材料1|2321,2,三角波,三角波,三角波,三角波,三角波,三角波
附件一（训练集）.xlsx|材料1|2322,2,三角波,三角波,三角波,三角波,三角波,三角波
附件一（训练集）.xlsx|材料1|2323,2,三角波,三角波,三角波,三角波,三角波,三角波
附件一（训练集）.xlsx|材料1|2324,1,三角波,三角波,三角波,三角波,三角波,三角波
附件一（训练集）.xlsx|材料1|2325,3,三角波,三角波,三角波,三角波,三角波,三角波
附件一（训练集）.xlsx|材料1|2326,0,三角波,三角波,三角波,三角波,三角波,三角波
附件一（训练集）.xlsx|材料1|2327,0,三角波,三角波,三角波,三角波,三角波,三角波
附件一（训练集）.xlsx|材料1|2328,0,三角波,三角波,三角波,三角波,三角波,三角波
附件一（训练集）.xlsx|材料1|2329,3,三角波,三角波,三角波,三角波,三角波,三角波
附件一（训练集）.xlsx|材料1|233,3,正弦波,正弦波,正弦波,正弦波,三角波,正弦波
附件一（训练集）.xlsx|材料1|2330,3,三角波,三角波,三角波,三角波,三角波,三角波
附件一（训练集）.xlsx|材料1|2331,3,三角波,三角波,三角波,三角波,三角波,三角波
附件一（训练集）.xlsx|材料1|2332,2,三角波,三角波,三角波,三角波,三角波,三角波
附件一（训练集）.xlsx|材料1|2333,3,三角波,三角波,三角波,三角波,三角波,三角波
附件一（训练集）.xlsx|材料1|2334,3,三角波,三角波,三角波,三角波,三角波,三角波
附件一（训练集）.xlsx|材料1|2335,3,三角波,三角波,三角波,三角波,三角波,三角波
附件一（训练集）.xlsx|材料1|2336,3,三角波,三角波,三角波,三角波,三角波,三角波
附件一（训练集）.xlsx|材料1|2337,1,三角波,三角波,三角波,三角波,三角波,三角波
附件一（训练集）.xlsx|材料1|2338,1,三角波,三角波,三角波,三角波,三角波,三角波
附件一（训练集）.xlsx|材料1|2339,1,三角波,三角波,三角波,三角波,三角波,三角波
附件一（训练集）.xlsx|材料1|234,2,正弦波,正弦波,正弦波,正弦波,三角波,正弦波
附件一（训练集）.xlsx|材料1|2340,1,三角波,三角波,三角波,三角波,三角波,三角波
附件一（训练集）.xlsx|材料1|2341,1,三角波,三角波,三角波,三角波,三角波,三角波
附件一（训练集）.xlsx|材料1|2342,0,三角波,三角波,三角波,三角波,三角波,三角波
附件一（训练集）.xlsx|材料1|2343,1,三角波,三角波,三角波,三角波,三角波,三角波
附件一（训练集）.xlsx|材料1|2344,3,三角波,三角波,三角波,三角波,三角波,三角波
附件一（训练集）.xlsx|材料1|2345,1,三角波,三角波,三角波,三角波,三角波,三角波
附件一（训练集）.xlsx|材料1|2346,1,三角波,三角波,三角波,三角波,三角波,三角波
附件一（训练集）.xlsx|材料1|2347,1,三角波,三角波,三角波,三角波,三角波,三角波
附件一（训练集）.xlsx|材料1|2348,1,三角波,三角波,三角波,三角波,三角波,三角波
附件一（训练集）.xlsx|材料1|2349,1,三角波,三角波,三角波,三角波,三角波,三角波
附件一（训练集）.xlsx|材料1|235,1,正弦波,正弦波,正弦波,正弦波,三角波,正弦波
附件一（训练集）.xlsx|材料1|2350,1,三角波,三角波,三角波,三角波,三角波,三角波
附件一（训练集）.xlsx|材料1|2351,1,三角波,三角波,三角波,三角波,三角波,三角波
附件一（训练集）.xlsx|材料1|2352,4,三角波,三角波,三角波,三角波,三角波,三角波
附件一（训练集）.xlsx|材料1|2353,4,三角波,三角波,三角波,三角波,三角波,三角波
附件一（训练集）.xlsx|材料1|2354,4,三角波,三角波,三角波,三角波,三角波,三角波
附件一（训练集）.xlsx|材料1|2355,1,三角波,三角波,三角波,三角波,三角波,三角波
附件一（训练集）.xlsx|材料1|2356,0,三角波,三角波,三角波,三角波,三角波,三角波
附件一（训练集）.xlsx|材料1|2357,1,三角波,三角波,三角波,三角波,三角波,三角波
附件一（训练集）.xlsx|材料1|2358,2,三角波,三角波,三角波,三角波,三角波,三角波
附件一（训练集）.xlsx|材料1|2359,2,三角波,三角波,三角波,三角波,三角波,三角波
附件一（训练集）.xlsx|材料1|236,4,正弦波,正弦波,正弦波,正弦波,三角波,正弦波
附件一（训练集）.xlsx|材料1|2360,1,三角波,三角波,三角波,三角波,三角波,三角波
附件一（训练集）.xlsx|材料1|2361,1,三角波,三角波,三角波,三角波,三角波,三角波
附件一（训练集）.xlsx|材料1|2362,2,三角波,三角波,三角波,三角波,三角波,三角波
附件一（训练集）.xlsx|材料1|2363,4,三角波,三角波,三角波,三角波,三角波,三角波
附件一（训练集）.xlsx|材料1|2364,4,三角波,三角波,三角波,三角波,三角波,三角波
附件一（训练集）.xlsx|材料1|2365,4,三角波,三角波,三角波,三角波,三角波,三角波
附件一（训练集）.xlsx|材料1|2366,4,三角波,三角波,三角波,三角波,三角波,三角波
附件一（训练集）.xlsx|材料1|2367,4,三角波,三角波,三角波,三角波,三角波,三角波
附件一（训练集）.xlsx|材料1|2368,4,三角波,三角波,三角波,三角波,三角波,三角波
附件一（训练集）.xlsx|材料1|2369,2,三角波,三角波,三角波,三角波,三角波,三角波
附件一（训练集）.xlsx|材料1|237,1,正弦波,正弦波,正弦波,正弦波,三角波,正弦波
附件一（训练集）.xlsx|材料1|2370,2,三角波,三角波,三角波,三角波,三角波,三角波
附件一（训练集）.xlsx|材料1|2371,2,三角波,三角波,三角波,三角波,三角波,三角波
附件一（训练集）.xlsx|材料1|2372,3,梯形波,梯形波,梯形波,梯形波,正弦波,梯形波
附件一（训练集）.xlsx|材料1|2373,3,梯形波,梯形波,梯形波,梯形波,正弦波,梯形波
附件一（训练集）.xlsx|材料1|2374,4,梯形波,梯形波,梯形波,梯形波,正弦波,梯形波
附件一（训练集）.xlsx|材料1|2375,3,梯形波,梯形波,梯形波,梯形波,正弦波,梯形波
附件一（训练集）.xlsx|材料1|2376,3,梯形波,梯形波,梯形波,梯形波,正弦波,梯形波
附件一（训练集）.xlsx|材料1|2377,3,梯形波,梯形波,梯形波,梯形波,正弦波,梯形波
附件一（训练集）.xlsx|材料1|2378,0,梯形波,梯形波,梯形波,梯形波,正弦波,梯形波
附件一（训练集）.xlsx|材料1|2379,0,梯形波,梯形波,梯形波,梯形波,正弦波,梯形波
附件一（训练集）.xlsx|材料1|238,1,正弦波,正弦波,正弦波,正弦波,三角波,正弦波
附件一（训练集）.xlsx|材料1|2380,3,梯形波,梯形波,梯形波,梯形波,正弦波,梯形波
附件一（训练集）.xlsx|材料1|2381,3,梯形波,梯形波,梯形波,梯形波,正弦波,梯形波
附件一（训练集）.xlsx|材料1|2382,0,梯形波,梯形波,梯形波,梯形波,正弦波,梯形波
附件一（训练集）.xlsx|材料1|2383,1,梯形波,梯形波,梯形波,梯形波,梯形波,梯形波
附件一（训练集）.xlsx|材料1|2384,0,梯形波,梯形波,梯形波,梯形波,梯形波,梯形波
附件一（训练集）.xlsx|材料1|2385,3,梯形波,梯形波,梯形波,梯形波,正弦波,梯形波
附件一（训练集）.xlsx|材料1|2386,4,梯形波,梯形波,梯形波,梯形波,正弦波,梯形波
附件一（训练集）.xlsx|材料1|2387,0,梯形波,梯形波,梯形波,梯形波,正弦波,梯形波
附件一（训练集）.xlsx|材料1|2388,0,梯形波,梯形波,梯形波,梯形波,正弦波,梯形波
附件一（训练集）.xlsx|材料1|2389,0,梯形波,梯形波,梯形波,梯形波,正弦波,梯形波
附件一（训练集）.xlsx|材料1|239,4,正弦波,正弦波,正弦波,正弦波,三角波,正弦波
附件一（训练集）.xlsx|材料1|2390,0,梯形波,梯形波,梯形波,梯形波,正弦波,梯形波
附件一（训练集）.xlsx|材料1|2391,3,梯形波,梯形波,梯形波,梯形波,梯形波,梯形波
附件一（训练集）.xlsx|材料1|2392,4,梯形波,梯形波,梯形波,梯形波,梯形波,梯形波
附件一（训练集）.xlsx|材料1|2393,0,梯形波,梯形波,梯形波,梯形波,正弦波,梯形波
附件一（训练集）.xlsx|材料1|2394,3,梯形波,梯形波,梯形波,梯形波,正弦波,梯形波
附件一（训练集）.xlsx|材料1|2395,0,梯形波,梯形波,梯形波,梯形波,正弦波,梯形波
附件一（训练集）.xlsx|材料1|2396,0,梯形波,梯形波,梯形波,梯形波,正弦波,梯形波
附件一（训练集）.xlsx|材料1|2397,4,梯形波,梯形波,梯形波,梯形波,正弦波,梯形波
附件一（训练集）.xlsx|材料1|2398,0,梯形波,梯形波,梯形波,梯形波,正弦波,梯形波
附件一（训练集）.xlsx|材料1|2399,2,梯形波,梯形波,梯形波,梯形波,正弦波,梯形波
附件一（训练集）.xlsx|材料1|24,1,正弦波,正弦波,正弦波,正弦波,正弦波,正弦波
附件一（训练集）.xlsx|材料1|240,1,正弦波,正弦波,正弦波,正弦波,三角波,正弦波
附件一（训练集）.xlsx|材料1|2400,4,梯形波,梯形波,梯形波,梯形波,正弦波,梯形波
附件一（训练集）.xlsx|材料1|2401,3,梯形波,梯形波,梯形波,梯形波,三角波,梯形波
附件一（训练集）.xlsx|材料1|2402,2,梯形波,梯形波,梯形波,梯形波,梯形波,梯形波
附件一（训练集）.xlsx|材料1|2403,3,梯形波,梯形波,梯形波,梯形波,三角波,梯形波
附件一（训练集）.xlsx|材料1|2404,2,梯形波,梯形波,梯形波,梯形波,梯形波,梯形波
附件一（训练集）.xlsx|材料1|2405,3,梯形波,梯形波,梯形波,梯形波,正弦波,梯形波
附件一（训练集）.xlsx|材料1|2406,1,梯形波,梯形波,梯形波,梯形波,正弦波,梯形波
附件一（训练集）.xlsx|材料1|2407,3,梯形波,梯形波,梯形波,梯形波,正弦波,梯形波
附件一（训练集）.xlsx|材料1|2408,0,梯形波,梯形波,梯形波,梯形波,正弦波,梯形波
附件一（训练集）.xlsx|材料1|2409,1,梯形波,梯形波,梯形波,梯形波,正弦波,梯形波
附件一（训练集）.xlsx|材料1|241,0,正弦波,正弦波,正弦波,正弦波,三角波,正弦波
附件一（训练集）.xlsx|材料1|2410,3,梯形波,梯形波,梯形波,梯形波,正弦波,梯形波
附件一（训练集）.xlsx|材料1|2411,4,梯形波,梯形波,梯形波,梯形波,三角波,梯形波
附件一（训练集）.xlsx|材料1|2412,3,梯形波,梯形波,梯形波,梯形波,三角波,梯形波
附件一（训练集）.xlsx|材料1|2413,3,梯形波,梯形波,梯形波,梯形波,三角波,梯形波
附件一（训练集）.xlsx|材料1|2414,3,梯形波,梯形波,梯形波,梯形波,三角波,梯形波
附件一（训练集）.xlsx|材料1|2415,3,梯形波,梯形波,梯形波,梯形波,正弦波,梯形波
附件一（训练集）.xlsx|材料1|2416,3,梯形波,梯形波,梯形波,梯形波,正弦波,梯形波
附件一（训练集）.xlsx|材料1|2417,3,梯形波,梯形波,梯形波,梯形波,正弦波,梯形波
附件一（训练集）.xlsx|材料1|2418,3,梯形波,梯形波,梯形波,梯形波,正弦波,梯形波
附件一（训练集）.xlsx|材料1|2419,3,梯形波,梯形波,梯形波,梯形波,正弦波,梯形波
附件一（训练集）.xlsx|材料1|242,3,正弦波,正弦波,正弦波,正弦波,正弦波,正弦波
附件一（训练集）.xlsx|材料1|2420,3,梯形波,梯形波,梯形波,梯形波,正弦波,梯形波
附件一（训练集）.xlsx|材料1|2421,3,梯形波,梯形波,梯形波,梯形波,正弦波,梯形波
附件一（训练集）.xlsx|材料1|2422,4,梯形波,梯形波,梯形波,梯形波,正弦波,梯形波
附件一（训练集）.xlsx|材料1|2423,4,梯形波,梯形波,梯形波,梯形波,三角波,梯形波
附件一（训练集）.xlsx|材料1|2424,4,梯形波,梯形波,梯形波,梯形波,三角波,梯形波
附件一（训练集）.xlsx|材料1|2425,4,梯形波,梯形波,梯形波,梯形波,三角波,梯形波
附件一（训练集）.xlsx|材料1|2426,4,梯形波,梯形波,梯形波,梯形波,三角波,梯形波
附件一（训练集）.xlsx|材料1|2427,0,梯形波,梯形波,梯形波,梯形波,三角波,梯形波
附件一（训练集）.xlsx|材料1|2428,3,梯形波,梯形波,梯形波,梯形波,三角波,梯形波
附件一（训练集）.xlsx|材料1|2429,0,梯形波,梯形波,梯形波,梯形波,三角波,梯形波
附件一（训练集）.xlsx|材料1|243,1,正弦波,正弦波,正弦波,正弦波,三角波,正弦波
附件一（训练集）.xlsx|材料1|2430,4,梯形波,梯形波,梯形波,梯形波,正弦波,梯形波
附件一（训练集）.xlsx|材料1|2431,4,梯形波,梯形波,梯形波,梯形波,正弦波,梯形波
附件一（训练集）.xlsx|材料1|2432,4,梯形波,梯形波,梯形波,梯形波,正弦波,梯形波
附件一（训练集）.xlsx|材料1|2433,4,梯形波,梯形波,梯形波,梯形波,正弦波,梯形波
附件一（训练集）.xlsx|材料1|2434,1,梯形波,梯形波,梯形波,梯形波,正弦波,梯形波
附件一（训练集）.xlsx|材料1|2435,1,梯形波,梯形波,梯形波,梯形波,正弦波,梯形波
附件一（训练集）.xlsx|材料1|2436,3,梯形波,梯形波,梯形波,梯形波,三角波,梯形波
附件一（训练集）.xlsx|材料1|2437,0,梯形波,梯形波,梯形波,梯形波,三角波,梯形波
附件一（训练集）.xlsx|材料1|2438,0,梯形波,梯形波,梯形波,梯形波,三角波,梯形波
附件一（训练集）.xlsx|材料1|2439,0,梯形波,梯形波,梯形波,梯形波,三角波,梯形波
附件一（训练集）.xlsx|材料1|244,0,正弦波,正弦波,正弦波,正弦波,三角波,正弦波
附件一（训练集）.xlsx|材料1|2440,0,梯形波,梯形波,梯形波,梯形波,三角波,梯形波
附件一（训练集）.xlsx|材料1|2441,4,梯形波,梯形波,梯形波,梯形波,三角波,梯形波
附件一（训练集）.xlsx|材料1|2442,0,梯形波,梯形波,梯形波,梯形波,三角波,梯形波
附件一（训练集）.xlsx|材料1|2443,0,梯形波,梯形波,梯形波,梯形波,三角波,梯形波
附件一（训练集）.xlsx|材料1|2444,0,梯形波,梯形波,梯形波,梯形波,三角波,梯形波
附件一（训练集）.xlsx|材料1|2445,3,梯形波,梯形波,梯形波,梯形波,正弦波,梯形波
附件一（训练集）.xlsx|材料1|2446,3,梯形波,梯形波,梯形波,梯形波,正弦波,梯形波
附件一（训练集）.xlsx|材料1|2447,4,梯形波,梯形波,梯形波,梯形波,正弦波,梯形波
附件一（训练集）.xlsx|材料1|2448,3,梯形波,梯形波,梯形波,梯形波,正弦波,梯形波
附件一（训练集）.xlsx|材料1|2449,3,梯形波,梯形波,梯形波,梯形波,三角波,梯形波
附件一（训练集）.xlsx|材料1|245,0,正弦波,正弦波,正弦波,正弦波,三角波,正弦波
附件一（训练集）.xlsx|材料1|2450,3,梯形波,梯形波,梯形波,梯形波,三角波,梯形波
附件一（训练集）.xlsx|材料1|2451,4,梯形波,梯形波,梯形波,梯形波,三角波,梯形波
附件一（训练集）.xlsx|材料1|2452,4,梯形波,梯形波,梯形波,梯形波,三角波,梯形波
附件一（训练集）.xlsx|材料1|2453,4,梯形波,梯形波,梯形波,梯形波,三角波,梯形波
附件一（训练集）.xlsx|材料1|2454,4,梯形波,梯形波,梯形波,梯形波,三角波,梯形波
附件一（训练集）.xlsx|材料1|2455,2,梯形波,梯形波,梯形波,梯形波,三角波,梯形波
附件一（训练集）.xlsx|材料1|2456,0,梯形波,梯形波,梯形波,梯形波,三角波,梯形波
附件一（训练集）.xlsx|材料1|2457,4,梯形波,梯形波,梯形波,梯形波,三角波,梯形波
附件一（训练集）.xlsx|材料1|2458,4,梯形波,梯形波,梯形波,梯形波,三角波,梯形波
附件一（训练集）.xlsx|材料1|2459,1,梯形波,梯形波,梯形波,梯形波,正弦波,梯形波
附件一（训练集）.xlsx|材料1|246,3,正弦波,正弦波,正弦波,正弦波,三角波,正弦波
附件一（训练集）.xlsx|材料1|2460,3,梯形波,梯形波,梯形波,梯形波,正弦波,梯形波
附件一（训练集）.xlsx|材料1|2461,1,梯形波,梯形波,梯形波,梯形波,正弦波,梯形波
附件一（训练集）.xlsx|材料1|2462,1,梯形波,梯形波,梯形波,梯形波,正弦波,梯形波
附件一（训练集）.xlsx|材料1|2463,1,梯形波,梯形波,梯形波,梯形波,正弦波,梯形波
附件一（训练集）.xlsx|材料1|2464,1,梯形波,梯形波,梯形波,梯形波,三角波,梯形波
附件一（训练集）.xlsx|材料1|2465,0,梯形波,梯形波,梯形波,梯形波,三角波,梯形波
附件一（训练集）.xlsx|材料1|2466,3,梯形波,梯形波,梯形波,梯形波,三角波,梯形波
附件一（训练集）.xlsx|材料1|2467,3,梯形波,梯形波,梯形波,梯形波,三角波,梯形波
附件一（训练集）.xlsx|材料1|2468,3,梯形波,梯形波,梯形波,梯形波,三角波,梯形波
附件一（训练集）.xlsx|材料1|2469,3,梯形波,梯形波,梯形波,梯形波,三角波,梯形波
附件一（训练集）.xlsx|材料1|247,1,正弦波,正弦波,正弦波,正弦波,三角波,正弦波
附件一（训练集）.xlsx|材料1|2470,3,梯形波,梯形波,梯形波,梯形波,三角波,梯形波
附件一（训练集）.xlsx|材料1|2471,3,梯形波,梯形波,梯形波,梯形波,三角波,梯形波
附件一（训练集）.xlsx|材料1|2472,3,梯形波,梯形波,梯形波,梯形波,三角波,梯形波
附件一（训练集）.xlsx|材料1|2473,3,梯形波,梯形波,梯形波,梯形波,三角波,梯形波
附件一（训练集）.xlsx|材料1|2474,3,梯形波,梯形波,梯形波,梯形波,三角波,梯形波
附件一（训练集）.xlsx|材料1|2475,4,梯形波,梯形波,梯形波,梯形波,三角波,梯形波
附件一（训练集）.xlsx|材料1|2476,1,梯形波,梯形波,梯形波,梯形波,正弦波,梯形波
附件一（训练集）.xlsx|材料1|2477,1,梯形波,梯形波,梯形波,梯形波,正弦波,梯形波
附件一（训练集）.xlsx|材料1|2478,1,梯形波,梯形波,梯形波,梯形波,正弦波,梯形波
附件一（训练集）.xlsx|材料1|2479,1,梯形波,梯形波,梯形波,梯形波,三角波,梯形波
附件一（训练集）.xlsx|材料1|248,2,正弦波,正弦波,正弦波,正弦波,三角波,正弦波
附件一（训练集）.xlsx|材料1|2480,1,梯形波,梯形波,梯形波,梯形波,三角波,梯形波
附件一（训练集）.xlsx|材料1|2481,0,梯形波,梯形波,梯形波,梯形波,三角波,梯形波
附件一（训练集）.xlsx|材料1|2482,0,梯形波,梯形波,梯形波,梯形波,三角波,梯形波
附件一（训练集）.xlsx|材料1|2483,3,梯形波,梯形波,梯形波,梯形波,三角波,梯形波
附件一（训练集）.xlsx|材料1|2484,3,梯形波,梯形波,梯形波,梯形波,三角波,梯形波
附件一（训练集）.xlsx|材料1|2485,0,梯形波,梯形波,梯形波,梯形波,三角波,梯形波
附件一（训练集）.xlsx|材料1|2486,0,梯形波,梯形波,梯形波,梯形波,三角波,梯形波
附件一（训练集）.xlsx|材料1|2487,0,梯形波,梯形波,梯形波,梯形波,三角波,梯形波
附件一（训练集）.xlsx|材料1|2488,0,梯形波,梯形波,梯形波,梯形波,三角波,梯形波
附件一（训练集）.xlsx|材料1|2489,0,梯形波,梯形波,梯形波,梯形波,三角波,梯形波
附件一（训练集）.xlsx|材料1|249,4,正弦波,正弦波,正弦波,正弦波,三角波,正弦波
附件一（训练集）.xlsx|材料1|2490,0,梯形波,梯形波,梯形波,梯形波,三角波,梯形波
附件一（训练集）.xlsx|材料1|2491,3,梯形波,梯形波,梯形波,梯形波,三角波,梯形波
附件一（训练集）.xlsx|材料1|2492,0,梯形波,梯形波,梯形波,梯形波,三角波,梯形波
附件一（训练集）.xlsx|材料1|2493,2,梯形波,梯形波,梯形波,梯形波,三角波,梯形波
附件一（训练集）.xlsx|材料1|2494,2,梯形波,梯形波,梯形波,梯形波,三角波,梯形波
附件一（训练集）.xlsx|材料1|2495,4,梯形波,梯形波,梯形波,梯形波,正弦波,梯形波
附件一（训练集）.xlsx|材料1|2496,2,梯形波,梯形波,梯形波,梯形波,正弦波,梯形波
附件一（训练集）.xlsx|材料1|2497,1,梯形波,梯形波,梯形波,梯形波,正弦波,梯形波
附件一（训练集）.xlsx|材料1|2498,1,梯形波,梯形波,梯形波,梯形波,三角波,梯形波
附件一（训练集）.xlsx|材料1|2499,4,梯形波,梯形波,梯形波,梯形波,三角波,梯形波
附件一（训练集）.xlsx|材料1|25,2,正弦波,正弦波,正弦波,正弦波,正弦波,正弦波
附件一（训练集）.xlsx|材料1|250,0,正弦波,正弦波,正弦波,正弦波,三角波,正弦波
附件一（训练集）.xlsx|材料1|2500,4,梯形波,梯形波,梯形波,梯形波,三角波,梯形波
附件一（训练集）.xlsx|材料1|2501,4,梯形波,梯形波,梯形波,梯形波,三角波,梯形波
附件一（训练集）.xlsx|材料1|2502,3,梯形波,梯形波,梯形波,梯形波,三角波,梯形波
附件一（训练集）.xlsx|材料1|2503,3,梯形波,梯形波,梯形波,梯形波,三角波,梯形波
附件一（训练集）.xlsx|材料1|2504,4,梯形波,梯形波,梯形波,梯形波,三角波,梯形波
附件一（训练集）.xlsx|材料1|2505,2,梯形波,梯形波,梯形波,梯形波,三角波,梯形波
附件一（训练集）.xlsx|材料1|2506,4,梯形波,梯形波,梯形波,梯形波,三角波,梯形波
附件一（训练集）.xlsx|材料1|2507,0,梯形波,梯形波,梯形波,梯形波,三角波,梯形波
附件一（训练集）.xlsx|材料1|2508,0,梯形波,梯形波,梯形波,梯形波,三角波,梯形波
附件一（训练集）.xlsx|材料1|2509,0,梯形波,梯形波,梯形波,梯形波,正弦波,梯形波
附件一（训练集）.xlsx|材料1|251,2,正弦波,正弦波,正弦波,正弦波,三角波,正弦波
附件一（训练集）.xlsx|材料1|2510,4,梯形波,梯形波,梯形波,梯形波,正弦波,梯形波
附件一（训练集）.xlsx|材料1|2511,4,梯形波,梯形波,梯形波,梯形波,正弦波,梯形波
附件一（训练集）.xlsx|材料1|2512,4,梯形波,梯形波,梯形波,梯形波,三角波,梯形波
附件一（训练集）.xlsx|材料1|2513,4,梯形波,梯形波,梯形波,梯形波,三角波,梯形波
附件一（训练集）.xlsx|材料1|2514,4,梯形波,梯形波,梯形波,梯形波,三角波,梯形波
附件一（训练集）.xlsx|材料1|2515,0,梯形波,梯形波,梯形波,梯形波,三角波,梯形波
附件一（训练集）.xlsx|材料1|2516,2,梯形波,梯形波,梯形波,梯形波,三角波,梯形波
附件一（训练集）.xlsx|材料1|2517,2,梯形波,梯形波,梯形波,梯形波,三角波,梯形波
附件一（训练集）.xlsx|材料1|2518,2,梯形波,梯形波,梯形波,梯形波,三角波,梯形波
附件一（训练集）.xlsx|材料1|2519,2,梯形波,梯形波,梯形波,梯形波,三角波,梯形波
附件一（训练集）.xlsx|材料1|252,3,正弦波,正弦波,正弦波,正弦波,三角波,正弦波
附件一（训练集）.xlsx|材料1|2520,3,梯形波,梯形波,梯形波,梯形波,三角波,梯形波
附件一（训练集）.xlsx|材料1|2521,2,梯形波,梯形波,梯形波,梯形波,三角波,梯形波
附件一（训练集）.xlsx|材料1|2522,3,梯形波,梯形波,梯形波,梯形波,三角波,梯形波
附件一（训练集）.xlsx|材料1|2523,2,梯形波,梯形波,梯形波,梯形波,三角波,梯形波
附件一（训练集）.xlsx|材料1|2524,2,梯形波,梯形波,梯形波,梯形波,三角波,梯形波
附件一（训练集）.xlsx|材料1|2525,3,梯形波,梯形波,梯形波,梯形波,三角波,梯形波
附件一（训练集）.xlsx|材料1|2526,2,梯形波,梯形波,梯形波,梯形波,三角波,梯形波
附件一（训练集）.xlsx|材料1|2527,2,梯形波,梯形波,梯形波,梯形波,三角波,梯形波
附件一（训练集）.xlsx|材料1|2528,2,梯形波,梯形波,梯形波,梯形波,三角波,梯形波
附件一（训练集）.xlsx|材料1|2529,2,梯形波,梯形波,梯形波,梯形波,正弦波,梯形波
附件一（训练集）.xlsx|材料1|253,0,正弦波,正弦波,正弦波,正弦波,三角波,正弦波
附件一（训练集）.xlsx|材料1|2530,2,梯形波,梯形波,梯形波,梯形波,正弦波,梯形波
附件一（训练集）.xlsx|材料1|2531,2,梯形波,梯形波,梯形波,梯形波,三角波,梯形波
附件一（训练集）.xlsx|材料1|2532,2,梯形波,梯形波,梯形波,梯形波,三角波,梯形波
附件一（训练集）.xlsx|材料1|2533,0,梯形波,梯形波,梯形波,梯形波,三角波,梯形波
附件一（训练集）.xlsx|材料1|2534,0,梯形波,梯形波,梯形波,梯形波,三角波,梯形波
附件一（训练集）.xlsx|材料1|2535,2,梯形波,梯形波,梯形波,梯形波,三角波,梯形波
附件一（训练集）.xlsx|材料1|2536,1,梯形波,梯形波,梯形波,梯形波,三角波,梯形波
附件一（训练集）.xlsx|材料1|2537,2,梯形波,梯形波,梯形波,梯形波,三角波,梯形波
附件一（训练集）.xlsx|材料1|2538,3,梯形波,梯形波,梯形波,梯形波,三角波,梯形波
附件一（训练集）.xlsx|材料1|2539,2,梯形波,梯形波,梯形波,梯形波,三角波,梯形波
附件一（训练集）.xlsx|材料1|254,0,正弦波,正弦波,正弦波,正弦波,三角波,正弦波
附件一（训练集）.xlsx|材料1|2540,2,梯形波,梯形波,梯形波,梯形波,三角波,梯形波
附件一（训练集）.xlsx|材料1|2541,2,梯形波,梯形波,梯形波,梯形波,三角波,梯形波
附件一（训练集）.xlsx|材料1|2542,1,梯形波,梯形波,梯形波,梯形波,三角波,梯形波
附件一（训练集）.xlsx|材料1|2543,1,梯形波,梯形波,梯形波,梯形波,三角波,梯形波
附件一（训练集）.xlsx|材料1|2544,4,梯形波,梯形波,梯形波,梯形波,正弦波,梯形波
附件一（训练集）.xlsx|材料1|2545,4,梯形波,梯形波,梯形波,梯形波,三角波,梯形波
附件一（训练集）.xlsx|材料1|2546,2,梯形波,梯形波,梯形波,梯形波,三角波,梯形波
附件一（训练集）.xlsx|材料1|2547,4,梯形波,梯形波,梯形波,梯形波,三角波,梯形波
附件一（训练集）.xlsx|材料1|2548,4,梯形波,梯形波,梯形波,梯形波,三角波,梯形波
附件一（训练集）.xlsx|材料1|2549,2,梯形波,梯形波,梯形波,梯形波,三角波,梯形波
附件一（训练集）.xlsx|材料1|255,0,正弦波,正弦波,正弦波,正弦波,三角波,正弦波
附件一（训练集）.xlsx|材料1|2550,2,梯形波,梯形波,梯形波,梯形波,三角波,梯形波
附件一（训练集）.xlsx|材料1|2551,2,梯形波,梯形波,梯形波,梯形波,三角波,梯形波
附件一（训练集）.xlsx|材料1|2552,2,梯形波,梯形波,梯形波,梯形波,三角波,梯形波
附件一（训练集）.xlsx|材料1|2553,2,梯形波,梯形波,梯形波,梯形波,三角波,梯形波
附件一（训练集）.xlsx|材料1|2554,1,梯形波,梯形波,梯形波,梯形波,三角波,梯形波
附件一（训练集）.xlsx|材料1|2555,1,梯形波,梯形波,梯形波,梯形波,三角波,梯形波
附件一（训练集）.xlsx|材料1|2556,1,梯形波,梯形波,梯形波,梯形波,三角波,梯形波
附件一（训练集）.xlsx|材料1|2557,2,梯形波,梯形波,梯形波,梯形波,三角波,梯形波
附件一（训练集）.xlsx|材料1|2558,2,梯形波,梯形波,梯形波,梯形波,三角波,梯形波
附件一（训练集）.xlsx|材料1|2559,2,梯形波,梯形波,梯形波,梯形波,三角波,梯形波
附件一（训练集）.xlsx|材料1|256,1,正弦波,正弦波,正弦波,正弦波,三角波,正弦波
附件一（训练集）.xlsx|材料1|2560,0,梯形波,梯形波,梯形波,梯形波,三角波,梯形波
附件一（训练集）.xlsx|材料1|2561,0,梯形波,梯形波,梯形波,梯形波,三角波,梯形波
附件一（训练集）.xlsx|材料1|2562,4,梯形波,梯形波,梯形波,梯形波,三角波,梯形波
附件一（训练集）.xlsx|材料1|2563,2,梯形波,梯形波,梯形波,梯形波,三角波,梯形波
附件一（训练集）.xlsx|材料1|2564,1,梯形波,梯形波,梯形波,梯形波,三角波,梯形波
附件一（训练集）.xlsx|材料1|2565,2,梯形波,梯形波,梯形波,梯形波,三角波,梯形波
附件一（训练集）.xlsx|材料1|2566,2,梯形波,梯形波,梯形波,梯形波,三角波,梯形波
附件一（训练集）.xlsx|材料1|2567,2,梯形波,梯形波,梯形波,梯形波,三角波,梯形波
附件一（训练集）.xlsx|材料1|2568,4,梯形波,梯形波,梯形波,梯形波,三角波,梯形波
附件一（训练集）.xlsx|材料1|2569,0,梯形波,梯形波,梯形波,梯形波,三角波,梯形波
附件一（训练集）.xlsx|材料1|257,4,正弦波,正弦波,正弦波,正弦波,三角波,正弦波
附件一（训练集）.xlsx|材料1|2570,2,梯形波,梯形波,梯形波,梯形波,三角波,梯形波
附件一（训练集）.xlsx|材料1|2571,2,梯形波,梯形波,梯形波,梯形波,三角波,梯形波
附件一（训练集）.xlsx|材料1|2572,0,梯形波,梯形波,梯形波,梯形波,三角波,梯形波
附件一（训练集）.xlsx|材料1|2573,0,梯形波,梯形波,梯形波,梯形波,三角波,梯形波
附件一（训练集）.xlsx|材料1|2574,0,梯形波,梯形波,梯形波,梯形波,三角波,梯形波
附件一（训练集）.xlsx|材料1|2575,0,梯形波,梯形波,梯形波,梯形波,三角波,梯形波
附件一（训练集）.xlsx|材料1|2576,0,梯形波,梯形波,梯形波,梯形波,三角波,梯形波
附件一（训练集）.xlsx|材料1|2577,0,梯形波,梯形波,梯形波,梯形波,三角波,梯形波
附件一（训练集）.xlsx|材料1|2578,2,梯形波,梯形波,梯形波,梯形波,三角波,梯形波
附件一（训练集）.xlsx|材料1|2579,1,梯形波,梯形波,梯形波,梯形波,三角波,梯形波
附件一（训练集）.xlsx|材料1|258,0,正弦波,正弦波,正弦波,正弦波,三角波,正弦波
附件一（训练集）.xlsx|材料1|2580,1,梯形波,梯形波,梯形波,梯形波,三角波,梯形波
附件一（训练集）.xlsx|材料1|2581,1,梯形波,梯形波,梯形波,梯形波,三角波,梯形波
附件一（训练集）.xlsx|材料1|2582,4,梯形波,梯形波,梯形波,梯形波,三角波,梯形波
附件一（训练集）.xlsx|材料1|2583,1,梯形波,梯形波,梯形波,梯形波,三角波,梯形波
附件一（训练集）.xlsx|材料1|2584,1,梯形波,梯形波,梯形波,梯形波,三角波,梯形波
附件一（训练集）.xlsx|材料1|2585,1,梯形波,梯形波,梯形波,梯形波,三角波,梯形波
附件一（训练集）.xlsx|材料1|2586,1,梯形波,梯形波,梯形波,梯形波,三角波,梯形波
附件一（训练集）.xlsx|材料1|2587,4,梯形波,梯形波,梯形波,梯形波,三角波,梯形波
附件一（训练集）.xlsx|材料1|2588,0,梯形波,梯形波,梯形波,梯形波,三角波,梯形波
附件一（训练集）.xlsx|材料1|2589,2,梯形波,梯形波,梯形波,梯形波,三角波,梯形波
附件一（训练集）.xlsx|材料1|259,3,正弦波,正弦波,正弦波,正弦波,三角波,正弦波
附件一（训练集）.xlsx|材料1|2590,0,梯形波,梯形波,梯形波,梯形波,三角波,梯形波
附件一（训练集）.xlsx|材料1|2591,2,梯形波,梯形波,梯形波,梯形波,三角波,梯形波
附件一（训练集）.xlsx|材料1|2592,2,三角波,三角波,三角波,三角波,三角波,三角波
附件一（训练集）.xlsx|材料1|2593,2,三角波,三角波,三角波,三角波,三角波,三角波
附件一（训练集）.xlsx|材料1|2594,1,三角波,三角波,三角波,三角波,三角波,三角波
附件一（训练集）.xlsx|材料1|2595,0,三角波,三角波,三角波,三角波,三角波,三角波
附件一（训练集）.xlsx|材料1|2596,0,三角波,三角波,三角波,三角波,三角波,三角波
附件一（训练集）.xlsx|材料1|2597,1,三角波,三角波,三角波,三角波,三角波,三角波
附件一（训练集）.xlsx|材料1|2598,1,三角波,三角波,三角波,三角波,三角波,三角波
附件一（训练集）.xlsx|材料1|2599,3,三角波,三角波,三角波,三角波,三角波,三角波
附件一（训练集）.xlsx|材料1|26,2,正弦波,正弦波,正弦波,正弦波,正弦波,正弦波
附件一（训练集）.xlsx|材料1|260,0,正弦波,正弦波,正弦波,正弦波,三角波,正弦波
附件一（训练集）.xlsx|材料1|2600,2,三角波,三角波,三角波,三角波,三角波,三角波
附件一（训练集）.xlsx|材料1|2601,3,三角波,三角波,三角波,三角波,三角波,三角波
附件一（训练集）.xlsx|材料1|2602,3,三角波,三角波,三角波,三角波,三角波,三角波
附件一（训练集）.xlsx|材料1|2603,3,三角波,三角波,三角波,三角波,三角波,三角波
附件一（训练集）.xlsx|材料1|2604,3,三角波,三角波,三角波,三角波,三角波,三角波
附件一（训练集）.xlsx|材料1|2605,1,三角波,三角波,三角波,三角波,三角波,三角波
附件一（训练集）.xlsx|材料1|2606,1,三角波,三角波,三角波,三角波,三角波,三角波
附件一（训练集）.xlsx|材料1|2607,1,三角波,三角波,三角波,三角波,三角波,三角波
附件一（训练集）.xlsx|材料1|2608,1,三角波,三角波,三角波,三角波,三角波,三角波
附件一（训练集）.xlsx|材料1|2609,1,三角波,三角波,三角波,三角波,三角波,三角波
附件一（训练集）.xlsx|材料1|261,3,正弦波,正弦波,正弦波,正弦波,三角波,正弦波
附件一（训练集）.xlsx|材料1|2610,1,三角波,三角波,三角波,三角波,三角波,三角波
附件一（训练集）.xlsx|材料1|2611,1,三角波,三角波,三角波,三角波,三角波,三角波
附件一（训练集）.xlsx|材料1|2612,1,三角波,三角波,三角波,三角波,三角波,三角波
附件一（训练集）.xlsx|材料1|2613,1,三角波,三角波,三角波,三角波,三角波,三角波
附件一（训练集）.xlsx|材料1|2614,1,三角波,三角波,三角波,三角波,三角波,三角波
附件一（训练集）.xlsx|材料1|2615,0,三角波,三角波,三角波,三角波,三角波,三角波
附件一（训练集）.xlsx|材料1|2616,1,三角波,三角波,三角波,三角波,三角波,三角波
附件一（训练集）.xlsx|材料1|2617,0,三角波,三角波,三角波,三角波,三角波,三角波
附件一（训练集）.xlsx|材料1|2618,1,三角波,三角波,三角波,三角波,三角波,三角波
附件一（训练集）.xlsx|材料1|2619,4,三角波,三角波,三角波,三角波,三角波,三角波
附件一（训练集）.xlsx|材料1|262,1,正弦波,正弦波,正弦波,正弦波,三角波,正弦波
附件一（训练集）.xlsx|材料1|2620,4,三角波,三角波,三角波,三角波,三角波,三角波
附件一（训练集）.xlsx|材料1|2621,0,三角波,三角波,三角波,三角波,三角波,三角波
附件一（训练集）.xlsx|材料1|2622,2,三角波,三角波,三角波,三角波,三角波,三角波
附件一（训练集）.xlsx|材料1|2623,1,三角波,三角波,三角波,三角波,三角波,三角波
附件一（训练集）.xlsx|材料1|2624,2,三角波,三角波,三角波,三角波,三角波,三角波
附件一（训练集）.xlsx|材料1|2625,1,三角波,三角波,三角波,三角波,三角波,三角波
附件一（训练集）.xlsx|材料1|2626,2,三角波,三角波,三角波,三角波,三角波,三角波
附件一（训练集）.xlsx|材料1|2627,4,三角波,三角波,三角波,三角波,三角波,三角波
附件一（训练集）.xlsx|材料1|2628,4,三角波,三角波,三角波,三角波,三角波,三角波
附件一（训练集）.xlsx|材料1|2629,4,三角波,三角波,三角波,三角波,三角波,三角波
附件一（训练集）.xlsx|材料1|263,4,正弦波,正弦波,正弦波,正弦波,三角波,正弦波
附件一（训练集）.xlsx|材料1|2630,4,三角波,三角波,三角波,三角波,三角波,三角波
附件一（训练集）.xlsx|材料1|2631,4,三角波,三角波,三角波,三角波,三角波,三角波
附件一（训练集）.xlsx|材料1|2632,4,三角波,三角波,三角波,三角波,三角波,三角波
附件一（训练集）.xlsx|材料1|2633,4,三角波,三角波,三角波,三角波,三角波,三角波
附件一（训练集）.xlsx|材料1|2634,0,梯形波,梯形波,梯形波,梯形波,正弦波,梯形波
附件一（训练集）.xlsx|材料1|2635,3,梯形波,梯形波,梯形波,梯形波,正弦波,梯形波
附件一（训练集）.xlsx|材料1|2636,0,梯形波,梯形波,梯形波,梯形波,正弦波,梯形波
附件一（训练集）.xlsx|材料1|2637,0,梯形波,梯形波,梯形波,梯形波,正弦波,梯形波
附件一（训练集）.xlsx|材料1|2638,1,梯形波,梯形波,梯形波,梯形波,梯形波,梯形波
附件一（训练集）.xlsx|材料1|2639,0,梯形波,梯形波,梯形波,梯形波,梯形波,梯形波
附件一（训练集）.xlsx|材料1|264,3,正弦波,正弦波,正弦波,正弦波,三角波,正弦波
附件一（训练集）.xlsx|材料1|2640,2,梯形波,梯形波,梯形波,梯形波,梯形波,梯形波
附件一（训练集）.xlsx|材料1|2641,3,梯形波,梯形波,梯形波,梯形波,正弦波,梯形波
附件一（训练集）.xlsx|材料1|2642,3,梯形波,梯形波,梯形波,梯形波,正弦波,梯形波
附件一（训练集）.xlsx|材料1|2643,2,梯形波,梯形波,梯形波,梯形波,正弦波,梯形波
附件一（训练集）.xlsx|材料1|2644,2,梯形波,梯形波,梯形波,梯形波,正弦波,梯形波
附件一（训练集）.xlsx|材料1|2645,2,梯形波,梯形波,梯形波,梯形波,正弦波,梯形波
附件一（训练集）.xlsx|材料1|2646,0,梯形波,梯形波,梯形波,梯形波,正弦波,梯形波
附件一（训练集）.xlsx|材料1|2647,4,梯形波,梯形波,梯形波,梯形波,梯形波,梯形波
附件一（训练集）.xlsx|材料1|2648,4,梯形波,梯形波,梯形波,梯形波,梯形波,梯形波
附件一（训练集）.xlsx|材料1|2649,3,梯形波,梯形波,梯形波,梯形波,梯形波,梯形波
附件一（训练集）.xlsx|材料1|265,0,正弦波,正弦波,正弦波,正弦波,三角波,正弦波
附件一（训练集）.xlsx|材料1|2650,3,梯形波,梯形波,梯形波,梯形波,梯形波,梯形波
附件一（训练集）.xlsx|材料1|2651,4,梯形波,梯形波,梯形波,梯形波,梯形波,梯形波
附件一（训练集）.xlsx|材料1|2652,2,梯形波,梯形波,梯形波,梯形波,正弦波,梯形波
附件一（训练集）.xlsx|材料1|2653,2,梯形波,梯形波,梯形波,梯形波,正弦波,梯形波
附件一（训练集）.xlsx|材料1|2654,4,梯形波,梯形波,梯形波,梯形波,正弦波,梯形波
附件一（训练集）.xlsx|材料1|2655,0,梯形波,梯形波,梯形波,梯形波,正弦波,梯形波
附件一（训练集）.xlsx|材料1|2656,4,梯形波,梯形波,梯形波,梯形波,正弦波,梯形波
附件一（训练集）.xlsx|材料1|2657,4,梯形波,梯形波,梯形波,梯形波,正弦波,梯形波
附件一（训练集）.xlsx|材料1|2658,3,梯形波,梯形波,梯形波,梯形波,正弦波,梯形波
附件一（训练集）.xlsx|材料1|2659,3,梯形波,梯形波,梯形波,梯形波,正弦波,梯形波
附件一（训练集）.xlsx|材料1|266,2,正弦波,正弦波,正弦波,正弦波,三角波,正弦波
附件一（训练集）.xlsx|材料1|2660,0,梯形波,梯形波,梯形波,梯形波,正弦波,梯形波
附件一（训练集）.xlsx|材料1|2661,0,梯形波,梯形波,梯形波,梯形波,正弦波,梯形波
附件一（训练集）.xlsx|材料1|2662,0,梯形波,梯形波,梯形波,梯形波,梯形波,梯形波
附件一（训练集）.xlsx|材料1|2663,2,梯形波,梯形波,梯形波,梯形波,梯形波,梯形波
附件一（训练集）.xlsx|材料1|2664,3,梯形波,梯形波,梯形波,梯形波,梯形波,梯形波
附件一（训练集）.xlsx|材料1|2665,2,梯形波,梯形波,梯形波,梯形波,梯形波,梯形波
附件一（训练集）.xlsx|材料1|2666,2,梯形波,梯形波,梯形波,梯形波,梯形波,梯形波
附件一（训练集）.xlsx|材料1|2667,3,梯形波,梯形波,梯形波,梯形波,正弦波,梯形波
附件一（训练集）.xlsx|材料1|2668,4,梯形波,梯形波,梯形波,梯形波,正弦波,梯形波
附件一（训练集）.xlsx|材料1|2669,0,梯形波,梯形波,梯形波,梯形波,正弦波,梯形波
附件一（训练集）.xlsx|材料1|267,1,正弦波,正弦波,正弦波,正弦波,三角波,正弦波
附件一（训练集）.xlsx|材料1|2670,0,梯形波,梯形波,梯形波,梯形波,正弦波,梯形波
附件一（训练集）.xlsx|材料1|2671,3,梯形波,梯形波,梯形波,梯形波,正弦波,梯形波
附件一（训练集）.xlsx|材料1|2672,0,梯形波,梯形波,梯形波,梯形波,正弦波,梯形波
附件一（训练集）.xlsx|材料1|2673,3,梯形波,梯形波,梯形波,梯形波,梯形波,梯形波
附件一（训练集）.xlsx|材料1|2674,4,梯形波,梯形波,梯形波,梯形波,梯形波,梯形波
附件一（训练集）.xlsx|材料1|2675,3,梯形波,梯形波,梯形波,梯形波,梯形波,梯形波
附件一（训练集）.xlsx|材料1|2676,0,梯形波,梯形波,梯形波,梯形波,正弦波,梯形波
附件一（训练集）.xlsx|材料1|2677,3,梯形波,梯形波,梯形波,梯形波,正弦波,梯形波
附件一（训练集）.xlsx|材料1|2678,3,梯形波,梯形波,梯形波,梯形波,正弦波,梯形波
附件一（训练集）.xlsx|材料1|2679,0,梯形波,梯形波,梯形波,梯形波,正弦波,梯形波
附件一（训练集）.xlsx|材料1|268,2,正弦波,正弦波,正弦波,正弦波,三角波,正弦波
附件一（训练集）.xlsx|材料1|2680,4,梯形波,梯形波,梯形波,梯形波,正弦波,梯形波
附件一（训练集）.xlsx|材料1|2681,0,梯形波,梯形波,梯形波,梯形波,正弦波,梯形波
附件一（训练集）.xlsx|材料1|2682,3,梯形波,梯形波,梯形波,梯形波,三角波,梯形波
附件一（训练集）.xlsx|材料1|2683,4,梯形波,梯形波,梯形波,梯形波,梯形波,梯形波
附件一（训练集）.xlsx|材料1|2684,4,梯形波,梯形波,梯形波,梯形波,梯形波,梯形波
附件一（训练集）.xlsx|材料1|2685,4,梯形波,梯形波,梯形波,梯形波,梯形波,梯形波
附件一（训练集）.xlsx|材料1|2686,1,梯形波,梯形波,梯形波,梯形波,梯形波,梯形波
附件一（训练集）.xlsx|材料1|2687,3,梯形波,梯形波,梯形波,梯形波,梯形波,梯形波
附件一（训练集）.xlsx|材料1|2688,3,梯形波,梯形波,梯形波,梯形波,梯形波,梯形波
附件一（训练集）.xlsx|材料1|2689,0,梯形波,梯形波,梯形波,梯形波,正弦波,梯形波
附件一（训练集）.xlsx|材料1|269,4,正弦波,正弦波,正弦波,正弦波,三角波,正弦波
附件一（训练集）.xlsx|材料1|2690,1,梯形波,梯形波,梯形波,梯形波,正弦波,梯形波
附件一（训练集）.xlsx|材料1|2691,4,梯形波,梯形波,梯形波,梯形波,正弦波,梯形波
附件一（训练集）.xlsx|材料1|2692,3,梯形波,梯形波,梯形波,梯形波,正弦波,梯形波
附件一（训练集）.xlsx|材料1|2693,0,梯形波,梯形波,梯形波,梯形波,正弦波,梯形波
附件一（训练集）.xlsx|材料1|2694,0,梯形波,梯形波,梯形波,梯形波,正弦波,梯形波
附件一（训练集）.xlsx|材料1|2695,3,梯形波,梯形波,梯形波,梯形波,正弦波,梯形波
附件一（训练集）.xlsx|材料1|2696,3,梯形波,梯形波,梯形波,梯形波,三角波,梯形波
附件一（训练集）.xlsx|材料1|2697,4,梯形波,梯形波,梯形波,梯形波,梯形波,梯形波
附件一（训练集）.xlsx|材料1|2698,4,梯形波,梯形波,梯形波,梯形波,梯形波,梯形波
附件一（训练集）.xlsx|材料1|2699,0,梯形波,梯形波,梯形波,梯形波,三角波,梯形波
附件一（训练集）.xlsx|材料1|27,2,正弦波,正弦波,正弦波,正弦波,正弦波,正弦波
附件一（训练集）.xlsx|材料1|270,2,正弦波,正弦波,正弦波,正弦波,三角波,正弦波
附件一（训练集）.xlsx|材料1|2700,0,梯形波,梯形波,梯形波,梯形波,三角波,梯形波
附件一（训练集）.xlsx|材料1|2701,0,梯形波,梯形波,梯形波,梯形波,三角波,梯形波
附件一（训练集）.xlsx|材料1|2702,0,梯形波,梯形波,梯形波,梯形波,三角波,梯形波
附件一（训练集）.xlsx|材料1|2703,1,梯形波,梯形波,梯形波,梯形波,正弦波,梯形波
附件一（训练集）.xlsx|材料1|2704,1,梯形波,梯形波,梯形波,梯形波,正弦波,梯形波
附件一（训练集）.xlsx|材料1|2705,1,梯形波,梯形波,梯形波,梯形波,正弦波,梯形波
附件一（训练集）.xlsx|材料1|2706,1,梯形波,梯形波,梯形波,梯形波,正弦波,梯形波
附件一（训练集）.xlsx|材料1|2707,4,梯形波,梯形波,梯形波,梯形波,正弦波,梯形波
附件一（训练集）.xlsx|材料1|2708,1,梯形波,梯形波,梯形波,梯形波,正弦波,梯形波
附件一（训练集）.xlsx|材料1|2709,4,梯形波,梯形波,梯形波,梯形波,三角波,梯形波
附件一（训练集）.xlsx|材料1|271,0,正弦波,正弦波,正弦波,正弦波,三角波,正弦波
附件一（训练集）.xlsx|材料1|2710,3,梯形波,梯形波,梯形波,梯形波,三角波,梯形波
附件一（训练集）.xlsx|材料1|2711,0,梯形波,梯形波,梯形波,梯形波,三角波,梯形波
附件一（训练集）.xlsx|材料1|2712,4,梯形波,梯形波,梯形波,梯形波,三角波,梯形波
附件一（训练集）.xlsx|材料1|2713,3,梯形波,梯形波,梯形波,梯形波,三角波,梯形波
附件一（训练集）.xlsx|材料1|2714,3,梯形波,梯形波,梯形波,梯形波,三角波,梯形波
附件一（训练集）.xlsx|材料1|2715,0,梯形波,梯形波,梯形波,梯形波,三角波,梯形波
附件一（训练集）.xlsx|材料1|2716,2,梯形波,梯形波,梯形波,梯形波,三角波,梯形波
附件一（训练集）.xlsx|材料1|2717,3,梯形波,梯形波,梯形波,梯形波,三角波,梯形波
附件一（训练集）.xlsx|材料1|2718,2,梯形波,梯形波,梯形波,梯形波,三角波,梯形波
附件一（训练集）.xlsx|材料1|2719,1,梯形波,梯形波,梯形波,梯形波,正弦波,梯形波
附件一（训练集）.xlsx|材料1|272,0,正弦波,正弦波,正弦波,正弦波,三角波,正弦波
附件一（训练集）.xlsx|材料1|2720,1,梯形波,梯形波,梯形波,梯形波,正弦波,梯形波
附件一（训练集）.xlsx|材料1|2721,1,梯形波,梯形波,梯形波,梯形波,正弦波,梯形波
附件一（训练集）.xlsx|材料1|2722,1,梯形波,梯形波,梯形波,梯形波,正弦波,梯形波
附件一（训练集）.xlsx|材料1|2723,1,梯形波,梯形波,梯形波,梯形波,三角波,梯形波
附件一（训练集）.xlsx|材料1|2724,3,梯形波,梯形波,梯形波,梯形波,三角波,梯形波
附件一（训练集）.xlsx|材料1|2725,3,梯形波,梯形波,梯形波,梯形波,三角波,梯形波
附件一（训练集）.xlsx|材料1|2726,0,梯形波,梯形波,梯形波,梯形波,三角波,梯形波
附件一（训练集）.xlsx|材料1|2727,2,梯形波,梯形波,梯形波,梯形波,三角波,梯形波
附件一（训练集）.xlsx|材料1|2728,3,梯形波,梯形波,梯形波,梯形波,三角波,梯形波
附件一（训练集）.xlsx|材料1|2729,3,梯形波,梯形波,梯形波,梯形波,三角波,梯形波
附件一（训练集）.xlsx|材料1|273,4,正弦波,正弦波,正弦波,正弦波,正弦波,正弦波
附件一（训练集）.xlsx|材料1|2730,3,梯形波,梯形波,梯形波,梯形波,三角波,梯形波
附件一（训练集）.xlsx|材料1|2731,0,梯形波,梯形波,梯形波,梯形波,三角波,梯形波
附件一（训练集）.xlsx|材料1|2732,0,梯形波,梯形波,梯形波,梯形波,三角波,梯形波
附件一（训练集）.xlsx|材料1|2733,4,梯形波,梯形波,梯形波,梯形波,三角波,梯形波
附件一（训练集）.xlsx|材料1|2734,4,梯形波,梯形波,梯形波,梯形波,梯形波,梯形波
附件一（训练集）.xlsx|材料1|2735,3,梯形波,梯形波,梯形波,梯形波,正弦波,梯形波
附件一（训练集）.xlsx|材料1|2736,0,梯形波,梯形波,梯形波,梯形波,正弦波,梯形波
附件一（训练集）.xlsx|材料1|2737,4,梯形波,梯形波,梯形波,梯形波,正弦波,梯形波
附件一（训练集）.xlsx|材料1|2738,3,梯形波,梯形波,梯形波,梯形波,正弦波,梯形波
附件一（训练集）.xlsx|材料1|2739,3,梯形波,梯形波,梯形波,梯形波,三角波,梯形波
附件一（训练集）.xlsx|材料1|274,1,正弦波,正弦波,正弦波,正弦波,正弦波,正弦波
附件一（训练集）.xlsx|材料1|2740,0,梯形波,梯形波,梯形波,梯形波,三角波,梯形波
附件一（训练集）.xlsx|材料1|2741,3,梯形波,梯形波,梯形波,梯形波,三角波,梯形波
附件一（训练集）.xlsx|材料1|2742,0,梯形波,梯形波,梯形波,梯形波,三角波,梯形波
附件一（训练集）.xlsx|材料1|2743,3,梯形波,梯形波,梯形波,梯形波,三角波,梯形波
附件一（训练集）.xlsx|材料1|2744,0,梯形波,梯形波,梯形波,梯形波,三角波,梯形波
附件一（训练集）.xlsx|材料1|2745,3,梯形波,梯形波,梯形波,梯形波,三角波,梯形波
附件一（训练集）.xlsx|材料1|2746,3,梯形波,梯形波,梯形波,梯形波,三角波,梯形波
附件一（训练集）.xlsx|材料1|2747,0,梯形波,梯形波,梯形波,梯形波,三角波,梯形波
附件一（训练集）.xlsx|材料1|2748,2,梯形波,梯形波,梯形波,梯形波,三角波,梯形波
附件一（训练集）.xlsx|材料1|2749,4,梯形波,梯形波,梯形波,梯形波,三角波,梯形波
附件一（训练集）.xlsx|材料1|275,4,正弦波,正弦波,正弦波,正弦波,正弦波,正弦波
附件一（训练集）.xlsx|材料1|2750,3,梯形波,梯形波,梯形波,梯形波,三角波,梯形波
附件一（训练集）.xlsx|材料1|2751,3,梯形波,梯形波,梯形波,梯形波,三角波,梯形波
附件一（训练集）.xlsx|材料1|2752,3,梯形波,梯形波,梯形波,梯形波,正弦波,梯形波
附件一（训练集）.xlsx|材料1|2753,1,梯形波,梯形波,梯形波,梯形波,正弦波,梯形波
附件一（训练集）.xlsx|材料1|2754,1,梯形波,梯形波,梯形波,梯形波,正弦波,梯形波
附件一（训练集）.xlsx|材料1|2755,4,梯形波,梯形波,梯形波,梯形波,正弦波,梯形波
附件一（训练集）.xlsx|材料1|2756,1,梯形波,梯形波,梯形波,梯形波,三角波,梯形波
附件一（训练集）.xlsx|材料1|2757,1,梯形波,梯形波,梯形波,梯形波,三角波,梯形波
附件一（训练集）.xlsx|材料1|2758,4,梯形波,梯形波,梯形波,梯形波,三角波,梯形波
附件一（训练集）.xlsx|材料1|2759,4,梯形波,梯形波,梯形波,梯形波,三角波,梯形波
附件一（训练集）.xlsx|材料1|276,3,正弦波,正弦波,正弦波,正弦波,正弦波,正弦波
附件一（训练集）.xlsx|材料1|2760,4,梯形波,梯形波,梯形波,梯形波,三角波,梯形波
附件一（训练集）.xlsx|材料1|2761,3,梯形波,梯形波,梯形波,梯形波,三角波,梯形波
附件一（训练集）.xlsx|材料1|2762,1,梯形波,梯形波,梯形波,梯形波,三角波,梯形波
附件一（训练集）.xlsx|材料1|2763,3,梯形波,梯形波,梯形波,梯形波,三角波,梯形波
附件一（训练集）.xlsx|材料1|2764,3,梯形波,梯形波,梯形波,梯形波,三角波,梯形波
附件一（训练集）.xlsx|材料1|2765,3,梯形波,梯形波,梯形波,梯形波,三角波,梯形波
附件一（训练集）.xlsx|材料1|2766,4,梯形波,梯形波,梯形波,梯形波,三角波,梯形波
附件一（训练集）.xlsx|材料1|2767,2,梯形波,梯形波,梯形波,梯形波,三角波,梯形波
附件一（训练集）.xlsx|材料1|2768,2,梯形波,梯形波,梯形波,梯形波,三角波,梯形波
附件一（训练集）.xlsx|材料1|2769,2,梯形波,梯形波,梯形波,梯形波,三角波,梯形波
附件一（训练集）.xlsx|材料1|277,1,正弦波,正弦波,正弦波,正弦波,正弦波,正弦波
附件一（训练集）.xlsx|材料1|2770,4,梯形波,梯形波,梯形波,梯形波,三角波,梯形波
附件一（训练集）.xlsx|材料1|2771,0,梯形波,梯形波,梯形波,梯形波,三角波,梯形波
附件一（训练集）.xlsx|材料1|2772,0,梯形波,梯形波,梯形波,梯形波,三角波,梯形波
附件一（训练集）.xlsx|材料1|2773,0,梯形波,梯形波,梯形波,梯形波,正弦波,梯形波
附件一（训练集）.xlsx|材料1|2774,0,梯形波,梯形波,梯形波,梯形波,正弦波,梯形波
附件一（训练集）.xlsx|材料1|2775,0,梯形波,梯形波,梯形波,梯形波,正弦波,梯形波
附件一（训练集）.xlsx|材料1|2776,0,梯形波,梯形波,梯形波,梯形波,正弦波,梯形波
附件一（训练集）.xlsx|材料1|2777,0,梯形波,梯形波,梯形波,梯形波,三角波,梯形波
附件一（训练集）.xlsx|材料1|2778,0,梯形波,梯形波,梯形波,梯形波,三角波,梯形波
附件一（训练集）.xlsx|材料1|2779,4,梯形波,梯形波,梯形波,梯形波,三角波,梯形波
附件一（训练集）.xlsx|材料1|278,1,正弦波,正弦波,正弦波,正弦波,正弦波,正弦波
附件一（训练集）.xlsx|材料1|2780,0,梯形波,梯形波,梯形波,梯形波,三角波,梯形波
附件一（训练集）.xlsx|材料1|2781,1,梯形波,梯形波,梯形波,梯形波,三角波,梯形波
附件一（训练集）.xlsx|材料1|2782,0,梯形波,梯形波,梯形波,梯形波,三角波,梯形波
附件一（训练集）.xlsx|材料1|2783,0,梯形波,梯形波,梯形波,梯形波,三角波,梯形波
附件一（训练集）.xlsx|材料1|2784,4,梯形波,梯形波,梯形波,梯形波,三角波,梯形波
附件一（训练集）.xlsx|材料1|2785,1,梯形波,梯形波,梯形波,梯形波,三角波,梯形波
附件一（训练集）.xlsx|材料1|2786,1,梯形波,梯形波,梯形波,梯形波,三角波,梯形波
附件一（训练集）.xlsx|材料1|2787,1,梯形波,梯形波,梯形波,梯形波,三角波,梯形波
附件一（训练集）.xlsx|材料1|2788,1,梯形波,梯形波,梯形波,梯形波,三角波,梯形波
附件一（训练集）.xlsx|材料1|2789,2,梯形波,梯形波,梯形波,梯形波,三角波,梯形波
附件一（训练集）.xlsx|材料1|279,3,正弦波,正弦波,正弦波,正弦波,正弦波,正弦波
附件一（训练集）.xlsx|材料1|2790,2,梯形波,梯形波,梯形波,梯形波,三角波,梯形波
附件一（训练集）.xlsx|材料1|2791,2,梯形波,梯形波,梯形波,梯形波,三角波,梯形波
附件一（训练集）.xlsx|材料1|2792,2,梯形波,梯形波,梯形波,梯形波,三角波,梯形波
附件一（训练集）.xlsx|材料1|2793,2,梯形波,梯形波,梯形波,梯形波,三角波,梯形波
附件一（训练集）.xlsx|材料1|2794,0,梯形波,梯形波,梯形波,梯形波,正弦波,梯形波
附件一（训练集）.xlsx|材料1|2795,0,梯形波,梯形波,梯形波,梯形波,正弦波,梯形波
附件一（训练集）.xlsx|材料1|2796,0,梯形波,梯形波,梯形波,梯形波,正弦波,梯形波
附件一（训练集）.xlsx|材料1|2797,0,梯形波,梯形波,梯形波,梯形波,三角波,梯形波
附件一（训练集）.xlsx|材料1|2798,0,梯形波,梯形波,梯形波,梯形波,三角波,梯形波
附件一（训练集）.xlsx|材料1|2799,0,梯形波,梯形波,梯形波,梯形波,三角波,梯形波
附件一（训练集）.xlsx|材料1|28,3,正弦波,正弦波,正弦波,正弦波,正弦波,正弦波
附件一（训练集）.xlsx|材料1|280,0,正弦波,正弦波,正弦波,正弦波,正弦波,正弦波
附件一（训练集）.xlsx|材料1|2800,0,梯形波,梯形波,梯形波,梯形波,三角波,梯形波
附件一（训练集）.xlsx|材料1|2801,0,梯形波,梯形波,梯形波,梯形波,三角波,梯形波
附件一（训练集）.xlsx|材料1|2802,3,梯形波,梯形波,梯形波,梯形波,三角波,梯形波
附件一（训练集）.xlsx|材料1|2803,0,梯形波,梯形波,梯形波,梯形波,三角波,梯形波
附件一（训练集）.xlsx|材料1|2804,0,梯形波,梯形波,梯形波,梯形波,三角波,梯形波
附件一（训练集）.xlsx|材料1|2805,4,梯形波,梯形波,梯形波,梯形波,三角波,梯形波
附件一（训练集）.xlsx|材料1|2806,3,梯形波,梯形波,梯形波,梯形波,三角波,梯形波
附件一（训练集）.xlsx|材料1|2807,1,梯形波,梯形波,梯形波,梯形波,三角波,梯形波
附件一（训练集）.xlsx|材料1|2808,2,梯形波,梯形波,梯形波,梯形波,三角波,梯形波
附件一（训练集）.xlsx|材料1|2809,2,梯形波,梯形波,梯形波,梯形波,三角波,梯形波
附件一（训练集）.xlsx|材料1|281,1,正弦波,正弦波,正弦波,正弦波,正弦波,正弦波
附件一（训练集）.xlsx|材料1|2810,3,梯形波,梯形波,梯形波,梯形波,三角波,梯形波
附件一（训练集）.xlsx|材料1|2811,2,梯形波,梯形波,梯形波,梯形波,三角波,梯形波
附件一（训练集）.xlsx|材料1|2812,1,梯形波,梯形波,梯形波,梯形波,三角波,梯形波
附件一（训练集）.xlsx|材料1|2813,4,梯形波,梯形波,梯形波,梯形波,正弦波,梯形波
附件一（训练集）.xlsx|材料1|2814,1,梯形波,梯形波,梯形波,梯形波,三角波,梯形波
附件一（训练集）.xlsx|材料1|2815,1,梯形波,梯形波,梯形波,梯形波,三角波,梯形波
附件一（训练集）.xlsx|材料1|2816,0,梯形波,梯形波,梯形波,梯形波,三角波,梯形波
附件一（训练集）.xlsx|材料1|2817,0,梯形波,梯形波,梯形波,梯形波,三角波,梯形波
附件一（训练集）.xlsx|材料1|2818,3,梯形波,梯形波,梯形波,梯形波,三角波,梯形波
附件一（训练集）.xlsx|材料1|2819,0,梯形波,梯形波,梯形波,梯形波,三角波,梯形波
附件一（训练集）.xlsx|材料1|282,4,正弦波,正弦波,正弦波,正弦波,正弦波,正弦波
附件一（训练集）.xlsx|材料1|2820,4,梯形波,梯形波,梯形波,梯形波,三角波,梯形波
附件一（训练集）.xlsx|材料1|2821,0,梯形波,梯形波,梯形波,梯形波,三角波,梯形波
附件一（训练集）.xlsx|材料1|2822,4,梯形波,梯形波,梯形波,梯形波,三角波,梯形波
附件一（训练集）.xlsx|材料1|2823,2,梯形波,梯形波,梯形波,梯形波,三角波,梯形波
附件一（训练集）.xlsx|材料1|2824,1,梯形波,梯形波,梯形波,梯形波,三角波,梯形波
附件一（训练集）.xlsx|材料1|2825,1,梯形波,梯形波,梯形波,梯形波,三角波,梯形波
附件一（训练集）.xlsx|材料1|2826,0,梯形波,梯形波,梯形波,梯形波,三角波,梯形波
附件一（训练集）.xlsx|材料1|2827,2,梯形波,梯形波,梯形波,梯形波,三角波,梯形波
附件一（训练集）.xlsx|材料1|2828,1,梯形波,梯形波,梯形波,梯形波,三角波,梯形波
附件一（训练集）.xlsx|材料1|2829,4,梯形波,梯形波,梯形波,梯形波,三角波,梯形波
附件一（训练集）.xlsx|材料1|283,2,正弦波,正弦波,正弦波,正弦波,正弦波,正弦波
附件一（训练集）.xlsx|材料1|2830,2,梯形波,梯形波,梯形波,梯形波,三角波,梯形波
附件一（训练集）.xlsx|材料1|2831,4,梯形波,梯形波,梯形波,梯形波,三角波,梯形波
附件一（训练集）.xlsx|材料1|2832,2,梯形波,梯形波,梯形波,梯形波,三角波,梯形波
附件一（训练集）.xlsx|材料1|2833,2,梯形波,梯形波,梯形波,梯形波,三角波,梯形波
附件一（训练集）.xlsx|材料1|2834,0,梯形波,梯形波,梯形波,梯形波,三角波,梯形波
附件一（训练集）.xlsx|材料1|2835,1,梯形波,梯形波,梯形波,梯形波,三角波,梯形波
附件一（训练集）.xlsx|材料1|2836,2,梯形波,梯形波,梯形波,梯形波,三角波,梯形波
附件一（训练集）.xlsx|材料1|2837,0,梯形波,梯形波,梯形波,梯形波,三角波,梯形波
附件一（训练集）.xlsx|材料1|2838,2,梯形波,梯形波,梯形波,梯形波,三角波,梯形波
附件一（训练集）.xlsx|材料1|2839,2,梯形波,梯形波,梯形波,梯形波,三角波,梯形波
附件一（训练集）.xlsx|材料1|284,0,正弦波,正弦波,正弦波,正弦波,正弦波,正弦波
附件一（训练集）.xlsx|材料1|2840,1,梯形波,梯形波,梯形波,梯形波,三角波,梯形波
附件一（训练集）.xlsx|材料1|2841,1,梯形波,梯形波,梯形波,梯形波,三角波,梯形波
附件一（训练集）.xlsx|材料1|2842,0,梯形波,梯形波,梯形波,梯形波,三角波,梯形波
附件一（训练集）.xlsx|材料1|2843,2,梯形波,梯形波,梯形波,梯形波,三角波,梯形波
附件一（训练集）.xlsx|材料1|2844,2,梯形波,梯形波,梯形波,梯形波,三角波,梯形波
附件一（训练集）.xlsx|材料1|2845,2,梯形波,梯形波,梯形波,梯形波,三角波,梯形波
附件一（训练集）.xlsx|材料1|2846,2,梯形波,梯形波,梯形波,梯形波,三角波,梯形波
附件一（训练集）.xlsx|材料1|2847,4,梯形波,梯形波,梯形波,梯形波,三角波,梯形波
附件一（训练集）.xlsx|材料1|2848,4,梯形波,梯形波,梯形波,梯形波,三角波,梯形波
附件一（训练集）.xlsx|材料1|2849,2,梯形波,梯形波,梯形波,梯形波,三角波,梯形波
附件一（训练集）.xlsx|材料1|285,2,正弦波,正弦波,正弦波,正弦波,梯形波,正弦波
附件一（训练集）.xlsx|材料1|2850,0,梯形波,梯形波,梯形波,梯形波,三角波,梯形波
附件一（训练集）.xlsx|材料1|2851,4,梯形波,梯形波,梯形波,梯形波,三角波,梯形波
附件一（训练集）.xlsx|材料1|2852,4,梯形波,梯形波,梯形波,梯形波,三角波,梯形波
附件一（训练集）.xlsx|材料1|2853,0,梯形波,梯形波,梯形波,梯形波,三角波,梯形波
附件一（训练集）.xlsx|材料1|2854,3,梯形波,梯形波,梯形波,梯形波,三角波,梯形波
附件一（训练集）.xlsx|材料1|2855,2,梯形波,梯形波,梯形波,梯形波,三角波,梯形波
附件一（训练集）.xlsx|材料1|2856,2,梯形波,梯形波,梯形波,梯形波,三角波,梯形波
附件一（训练集）.xlsx|材料1|2857,0,梯形波,梯形波,梯形波,梯形波,三角波,梯形波
附件一（训练集）.xlsx|材料1|2858,0,梯形波,梯形波,梯形波,梯形波,三角波,梯形波
附件一（训练集）.xlsx|材料1|2859,0,梯形波,梯形波,梯形波,梯形波,三角波,梯形波
附件一（训练集）.xlsx|材料1|286,4,正弦波,正弦波,正弦波,正弦波,梯形波,正弦波
附件一（训练集）.xlsx|材料1|2860,2,梯形波,梯形波,梯形波,梯形波,三角波,梯形波
附件一（训练集）.xlsx|材料1|2861,2,梯形波,梯形波,梯形波,梯形波,三角波,梯形波
附件一（训练集）.xlsx|材料1|2862,1,梯形波,梯形波,梯形波,梯形波,三角波,梯形波
附件一（训练集）.xlsx|材料1|2863,1,梯形波,梯形波,梯形波,梯形波,三角波,梯形波
附件一（训练集）.xlsx|材料1|2864,2,梯形波,梯形波,梯形波,梯形波,三角波,梯形波
附件一（训练集）.xlsx|材料1|2865,4,梯形波,梯形波,梯形波,梯形波,三角波,梯形波
附件一（训练集）.xlsx|材料1|2866,2,三角波,三角波,三角波,三角波,三角波,三角波
附件一（训练集）.xlsx|材料1|2867,1,三角波,三角波,三角波,三角波,三角波,三角波
附件一（训练集）.xlsx|材料1|2868,0,三角波,三角波,三角波,三角波,三角波,三角波
附件一（训练集）.xlsx|材料1|2869,1,三角波,三角波,三角波,三角波,三角波,三角波
附件一（训练集）.xlsx|材料1|287,2,正弦波,正弦波,正弦波,正弦波,梯形波,正弦波
附件一（训练集）.xlsx|材料1|2870,2,三角波,三角波,三角波,三角波,三角波,三角波
附件一（训练集）.xlsx|材料1|2871,3,三角波,三角波,三角波,三角波,三角波,三角波
附件一（训练集）.xlsx|材料1|2872,2,三角波,三角波,三角波,三角波,三角波,三角波
附件一（训练集）.xlsx|材料1|2873,3,三角波,三角波,三角波,三角波,三角波,三角波
附件一（训练集）.xlsx|材料1|2874,3,三角波,三角波,三角波,三角波,三角波,三角波
附件一（训练集）.xlsx|材料1|2875,1,三角波,三角波,三角波,三角波,三角波,三角波
附件一（训练集）.xlsx|材料1|2876,1,三角波,三角波,三角波,三角波,三角波,三角波
附件一（训练集）.xlsx|材料1|2877,1,三角波,三角波,三角波,三角波,三角波,三角波
附件一（训练集）.xlsx|材料1|2878,1,三角波,三角波,三角波,三角波,三角波,三角波
附件一（训练集）.xlsx|材料1|2879,0,三角波,三角波,三角波,三角波,三角波,三角波
附件一（训练集）.xlsx|材料1|288,2,正弦波,正弦波,正弦波,正弦波,梯形波,正弦波
附件一（训练集）.xlsx|材料1|2880,1,三角波,三角波,三角波,三角波,三角波,三角波
附件一（训练集）.xlsx|材料1|2881,1,三角波,三角波,三角波,三角波,三角波,三角波
附件一（训练集）.xlsx|材料1|2882,1,三角波,三角波,三角波,三角波,三角波,三角波
附件一（训练集）.xlsx|材料1|2883,4,三角波,三角波,三角波,三角波,三角波,三角波
附件一（训练集）.xlsx|材料1|2884,2,三角波,三角波,三角波,三角波,三角波,三角波
附件一（训练集）.xlsx|材料1|2885,2,三角波,三角波,三角波,三角波,三角波,三角波
附件一（训练集）.xlsx|材料1|2886,2,三角波,三角波,三角波,三角波,三角波,三角波
附件一（训练集）.xlsx|材料1|2887,2,三角波,三角波,三角波,三角波,三角波,三角波
附件一（训练集）.xlsx|材料1|2888,2,三角波,三角波,三角波,三角波,三角波,三角波
附件一（训练集）.xlsx|材料1|2889,2,三角波,三角波,三角波,三角波,三角波,三角波
附件一（训练集）.xlsx|材料1|289,0,正弦波,正弦波,正弦波,正弦波,正弦波,正弦波
附件一（训练集）.xlsx|材料1|2890,4,三角波,三角波,三角波,三角波,三角波,三角波
附件一（训练集）.xlsx|材料1|2891,4,三角波,三角波,三角波,三角波,三角波,三角波
附件一（训练集）.xlsx|材料1|2892,4,三角波,三角波,三角波,三角波,三角波,三角波
附件一（训练集）.xlsx|材料1|2893,4,三角波,三角波,三角波,三角波,三角波,三角波
附件一（训练集）.xlsx|材料1|2894,4,三角波,三角波,三角波,三角波,三角波,三角波
附件一（训练集）.xlsx|材料1|2895,4,三角波,三角波,三角波,三角波,三角波,三角波
附件一（训练集）.xlsx|材料1|2896,0,梯形波,梯形波,梯形波,梯形波,正弦波,梯形波
附件一（训练集）.xlsx|材料1|2897,0,梯形波,梯形波,梯形波,梯形波,正弦波,梯形波
附件一（训练集）.xlsx|材料1|2898,0,梯形波,梯形波,梯形波,梯形波,正弦波,梯形波
附件一（训练集）.xlsx|材料1|2899,0,梯形波,梯形波,梯形波,梯形波,正弦波,梯形波
附件一（训练集）.xlsx|材料1|29,0,正弦波,正弦波,正弦波,正弦波,梯形波,正弦波
附件一（训练集）.xlsx|材料1|290,4,正弦波,正弦波,正弦波,正弦波,正弦波,正弦波
附件一（训练集）.xlsx|材料1|2900,0,梯形波,梯形波,梯形波,梯形波,正弦波,梯形波
附件一（训练集）.xlsx|材料1|2901,0,梯形波,梯形波,梯形波,梯形波,梯形波,梯形波
附件一（训练集）.xlsx|材料1|2902,0,梯形波,梯形波,梯形波,梯形波,梯形波,梯形波
附件一（训练集）.xlsx|材料1|2903,0,梯形波,梯形波,梯形波,梯形波,梯形波,梯形波
附件一（训练集）.xlsx|材料1|2904,1,梯形波,梯形波,梯形波,梯形波,梯形波,梯形波
附件一（训练集）.xlsx|材料1|2905,0,梯形波,梯形波,梯形波,梯形波,梯形波,梯形波
附件一（训练集）.xlsx|材料1|2906,4,梯形波,梯形波,梯形波,梯形波,正弦波,梯形波
附件一（训练集）.xlsx|材料1|2907,3,梯形波,梯形波,梯形波,梯形波,正弦波,梯形波
附件一（训练集）.xlsx|材料1|2908,2,梯形波,梯形波,梯形波,梯形波,正弦波,梯形波
附件一（训练集）.xlsx|材料1|2909,2,梯形波,梯形波,梯形波,梯形波,正弦波,梯形波
附件一（训练集）.xlsx|材料1|291,2,正弦波,正弦波,正弦波,正弦波,正弦波,正弦波
附件一（训练集）.xlsx|材料1|2910,2,梯形波,梯形波,梯形波,梯形波,正弦波,梯形波
附件一（训练集）.xlsx|材料1|2911,4,梯形波,梯形波,梯形波,梯形波,正弦波,梯形波
附件一（训练集）.xlsx|材料1|2912,3,梯形波,梯形波,梯形波,梯形波,梯形波,梯形波
附件一（训练集）.xlsx|材料1|2913,0,梯形波,梯形波,梯形波,梯形波,梯形波,梯形波
附件一（训练集）.xlsx|材料1|2914,0,梯形波,梯形波,梯形波,梯形波,梯形波,梯形波
附件一（训练集）.xlsx|材料1|2915,0,梯形波,梯形波,梯形波,梯形波,梯形波,梯形波
附件一（训练集）.xlsx|材料1|2916,4,梯形波,梯形波,梯形波,梯形波,梯形波,梯形波
附件一（训练集）.xlsx|材料1|2917,4,梯形波,梯形波,梯形波,梯形波,梯形波,梯形波
附件一（训练集）.xlsx|材料1|2918,3,梯形波,梯形波,梯形波,梯形波,正弦波,梯形波
附件一（训练集）.xlsx|材料1|2919,0,梯形波,梯形波,梯形波,梯形波,正弦波,梯形波
附件一（训练集）.xlsx|材料1|292,4,正弦波,正弦波,正弦波,正弦波,正弦波,正弦波
附件一（训练集）.xlsx|材料1|2920,4,梯形波,梯形波,梯形波,梯形波,正弦波,梯形波
附件一（训练集）.xlsx|材料1|2921,4,梯形波,梯形波,梯形波,梯形波,正弦波,梯形波
附件一（训练集）.xlsx|材料1|2922,0,梯形波,梯形波,梯形波,梯形波,正弦波,梯形波
附件一（训练集）.xlsx|材料1|2923,3,梯形波,梯形波,梯形波,梯形波,梯形波,梯形波
附件一（训练集）.xlsx|材料1|2924,0,梯形波,梯形波,梯形波,梯形波,梯形波,梯形波
附件一（训练集）.xlsx|材料1|2925,2,梯形波,梯形波,梯形波,梯形波,梯形波,梯形波
附件一（训练集）.xlsx|材料1|2926,4,梯形波,梯形波,梯形波,梯形波,梯形波,梯形波
附件一（训练集）.xlsx|材料1|2927,3,梯形波,梯形波,梯形波,梯形波,梯形波,梯形波
附件一（训练集）.xlsx|材料1|2928,3,梯形波,梯形波,梯形波,梯形波,梯形波,梯形波
附件一（训练集）.xlsx|材料1|2929,4,梯形波,梯形波,梯形波,梯形波,梯形波,梯形波
附件一（训练集）.xlsx|材料1|293,4,正弦波,正弦波,正弦波,正弦波,正弦波,正弦波
附件一（训练集）.xlsx|材料1|2930,0,梯形波,梯形波,梯形波,梯形波,梯形波,梯形波
附件一（训练集）.xlsx|材料1|2931,0,梯形波,梯形波,梯形波,梯形波,正弦波,梯形波
附件一（训练集）.xlsx|材料1|2932,0,梯形波,梯形波,梯形波,梯形波,正弦波,梯形波
附件一（训练集）.xlsx|材料1|2933,0,梯形波,梯形波,梯形波,梯形波,正弦波,梯形波
附件一（训练集）.xlsx|材料1|2934,0,梯形波,梯形波,梯形波,梯形波,正弦波,梯形波
附件一（训练集）.xlsx|材料1|2935,0,梯形波,梯形波,梯形波,梯形波,正弦波,梯形波
附件一（训练集）.xlsx|材料1|2936,3,梯形波,梯形波,梯形波,梯形波,正弦波,梯形波
附件一（训练集）.xlsx|材料1|2937,3,梯形波,梯形波,梯形波,梯形波,梯形波,梯形波
附件一（训练集）.xlsx|材料1|2938,3,梯形波,梯形波,梯形波,梯形波,梯形波,梯形波
附件一（训练集）.xlsx|材料1|2939,4,梯形波,梯形波,梯形波,梯形波,梯形波,梯形波
附件一（训练集）.xlsx|材料1|294,3,正弦波,正弦波,正弦波,正弦波,正弦波,正弦波
附件一（训练集）.xlsx|材料1|2940,3,梯形波,梯形波,梯形波,梯形波,梯形波,梯形波
附件一（训练集）.xlsx|材料1|2941,4,梯形波,梯形波,梯形波,梯形波,正弦波,梯形波
附件一（训练集）.xlsx|材料1|2942,3,梯形波,梯形波,梯形波,梯形波,正弦波,梯形波
附件一（训练集）.xlsx|材料1|2943,0,梯形波,梯形波,梯形波,梯形波,正弦波,梯形波
附件一（训练集）.xlsx|材料1|2944,4,梯形波,梯形波,梯形波,梯形波,正弦波,梯形波
附件一（训练集）.xlsx|材料1|2945,0,梯形波,梯形波,梯形波,梯形波,正弦波,梯形波
附件一（训练集）.xlsx|材料1|2946,0,梯形波,梯形波,梯形波,梯形波,正弦波,梯形波
附件一（训练集）.xlsx|材料1|2947,3,梯形波,梯形波,梯形波,梯形波,正弦波,梯形波
附件一（训练集）.xlsx|材料1|2948,3,梯形波,梯形波,梯形波,梯形波,正弦波,梯形波
附件一（训练集）.xlsx|材料1|2949,4,梯形波,梯形波,梯形波,梯形波,梯形波,梯形波
附件一（训练集）.xlsx|材料1|295,2,正弦波,正弦波,正弦波,正弦波,正弦波,正弦波
附件一（训练集）.xlsx|材料1|2950,4,梯形波,梯形波,梯形波,梯形波,梯形波,梯形波
附件一（训练集）.xlsx|材料1|2951,4,梯形波,梯形波,梯形波,梯形波,梯形波,梯形波
附件一（训练集）.xlsx|材料1|2952,0,梯形波,梯形波,梯形波,梯形波,三角波,梯形波
附件一（训练集）.xlsx|材料1|2953,1,梯形波,梯形波,梯形波,梯形波,梯形波,梯形波
附件一（训练集）.xlsx|材料1|2954,0,梯形波,梯形波,梯形波,梯形波,三角波,梯形波
附件一（训练集）.xlsx|材料1|2955,3,梯形波,梯形波,梯形波,梯形波,梯形波,梯形波
附件一（训练集）.xlsx|材料1|2956,4,梯形波,梯形波,梯形波,梯形波,正弦波,梯形波
附件一（训练集）.xlsx|材料1|2957,1,梯形波,梯形波,梯形波,梯形波,正弦波,梯形波
附件一（训练集）.xlsx|材料1|2958,4,梯形波,梯形波,梯形波,梯形波,正弦波,梯形波
附件一（训练集）.xlsx|材料1|2959,3,梯形波,梯形波,梯形波,梯形波,正弦波,梯形波
附件一（训练集）.xlsx|材料1|296,1,正弦波,正弦波,正弦波,正弦波,正弦波,正弦波
附件一（训练集）.xlsx|材料1|2960,0,梯形波,梯形波,梯形波,梯形波,正弦波,梯形波
附件一（训练集）.xlsx|材料1|2961,4,梯形波,梯形波,梯形波,梯形波,正弦波,梯形波
附件一（训练集）.xlsx|材料1|2962,3,梯形波,梯形波,梯形波,梯形波,正弦波,梯形波
附件一（训练集）.xlsx|材料1|2963,0,梯形波,梯形波,梯形波,梯形波,三角波,梯形波
附件一（训练集）.xlsx|材料1|2964,0,梯形波,梯形波,梯形波,梯形波,三角波,梯形波
附件一（训练集）.xlsx|材料1|2965,0,梯形波,梯形波,梯形波,梯形波,三角波,梯形波
附件一（训练集）.xlsx|材料1|2966,0,梯形波,梯形波,梯形波,梯形波,三角波,梯形波
附件一（训练集）.xlsx|材料1|2967,1,梯形波,梯形波,梯形波,梯形波,梯形波,梯形波
附件一（训练集）.xlsx|材料1|2968,0,梯形波,梯形波,梯形波,梯形波,三角波,梯形波
附件一（训练集）.xlsx|材料1|2969,0,梯形波,梯形波,梯形波,梯形波,三角波,梯形波
附件一（训练集）.xlsx|材料1|297,0,正弦波,正弦波,正弦波,正弦波,正弦波,正弦波
附件一（训练集）.xlsx|材料1|2970,0,梯形波,梯形波,梯形波,梯形波,三角波,梯形波
附件一（训练集）.xlsx|材料1|2971,0,梯形波,梯形波,梯形波,梯形波,三角波,梯形波
附件一（训练集）.xlsx|材料1|2972,3,梯形波,梯形波,梯形波,梯形波,梯形波,梯形波
附件一（训练集）.xlsx|材料1|2973,1,梯形波,梯形波,梯形波,梯形波,正弦波,梯形波
附件一（训练集）.xlsx|材料1|2974,4,梯形波,梯形波,梯形波,梯形波,正弦波,梯形波
附件一（训练集）.xlsx|材料1|2975,1,梯形波,梯形波,梯形波,梯形波,正弦波,梯形波
附件一（训练集）.xlsx|材料1|2976,4,梯形波,梯形波,梯形波,梯形波,正弦波,梯形波
附件一（训练集）.xlsx|材料1|2977,4,梯形波,梯形波,梯形波,梯形波,三角波,梯形波
附件一（训练集）.xlsx|材料1|2978,3,梯形波,梯形波,梯形波,梯形波,三角波,梯形波
附件一（训练集）.xlsx|材料1|2979,4,梯形波,梯形波,梯形波,梯形波,三角波,梯形波
附件一（训练集）.xlsx|材料1|298,1,正弦波,正弦波,正弦波,正弦波,梯形波,正弦波
附件一（训练集）.xlsx|材料1|2980,4,梯形波,梯形波,梯形波,梯形波,三角波,梯形波
附件一（训练集）.xlsx|材料1|2981,4,梯形波,梯形波,梯形波,梯形波,梯形波,梯形波
附件一（训练集）.xlsx|材料1|2982,4,梯形波,梯形波,梯形波,梯形波,梯形波,梯形波
附件一（训练集）.xlsx|材料1|2983,2,梯形波,梯形波,梯形波,梯形波,三角波,梯形波
附件一（训练集）.xlsx|材料1|2984,2,梯形波,梯形波,梯形波,梯形波,三角波,梯形波
附件一（训练集）.xlsx|材料1|2985,4,梯形波,梯形波,梯形波,梯形波,梯形波,梯形波
附件一（训练集）.xlsx|材料1|2986,1,梯形波,梯形波,梯形波,梯形波,正弦波,梯形波
附件一（训练集）.xlsx|材料1|2987,1,梯形波,梯形波,梯形波,梯形波,正弦波,梯形波
附件一（训练集）.xlsx|材料1|2988,1,梯形波,梯形波,梯形波,梯形波,正弦波,梯形波
附件一（训练集）.xlsx|材料1|2989,1,梯形波,梯形波,梯形波,梯形波,三角波,梯形波
附件一（训练集）.xlsx|材料1|299,3,正弦波,正弦波,正弦波,正弦波,梯形波,正弦波
附件一（训练集）.xlsx|材料1|2990,1,梯形波,梯形波,梯形波,梯形波,三角波,梯形波
附件一（训练集）.xlsx|材料1|2991,3,梯形波,梯形波,梯形波,梯形波,三角波,梯形波
附件一（训练集）.xlsx|材料1|2992,3,梯形波,梯形波,梯形波,梯形波,三角波,梯形波
附件一（训练集）.xlsx|材料1|2993,3,梯形波,梯形波,梯形波,梯形波,三角波,梯形波
附件一（训练集）.xlsx|材料1|2994,0,梯形波,梯形波,梯形波,梯形波,三角波,梯形波
附件一（训练集）.xlsx|材料1|2995,2,梯形波,梯形波,梯形波,梯形波,三角波,梯形波
附件一（训练集）.xlsx|材料1|2996,0,梯形波,梯形波,梯形波,梯形波,三角波,梯形波
附件一（训练集）.xlsx|材料1|2997,4,梯形波,梯形波,梯形波,梯形波,三角波,梯形波
附件一（训练集）.xlsx|材料1|2998,3,梯形波,梯形波,梯形波,梯形波,三角波,梯形波
附件一（训练集）.xlsx|材料1|2999,0,梯形波,梯形波,梯形波,梯形波,三角波,梯形波
附件一（训练集）.xlsx|材料1|3,1,正弦波,正弦波,正弦波,正弦波,正弦波,正弦波
附件一（训练集）.xlsx|材料1|30,0,正弦波,正弦波,正弦波,正弦波,梯形波,正弦波
附件一（训练集）.xlsx|材料1|300,3,正弦波,正弦波,正弦波,正弦波,梯形波,正弦波
附件一（训练集）.xlsx|材料1|3000,0,梯形波,梯形波,梯形波,梯形波,三角波,梯形波
附件一（训练集）.xlsx|材料1|3001,3,梯形波,梯形波,梯形波,梯形波,三角波,梯形波
附件一（训练集）.xlsx|材料1|3002,3,梯形波,梯形波,梯形波,梯形波,三角波,梯形波
附件一（训练集）.xlsx|材料1|3003,4,梯形波,梯形波,梯形波,梯形波,正弦波,梯形波
附件一（训练集）.xlsx|材料1|3004,1,梯形波,梯形波,梯形波,梯形波,正弦波,梯形波
附件一（训练集）.xlsx|材料1|3005,2,梯形波,梯形波,梯形波,梯形波,正弦波,梯形波
附件一（训练集）.xlsx|材料1|3006,3,梯形波,梯形波,梯形波,梯形波,三角波,梯形波
附件一（训练集）.xlsx|材料1|3007,3,梯形波,梯形波,梯形波,梯形波,三角波,梯形波
附件一（训练集）.xlsx|材料1|3008,3,梯形波,梯形波,梯形波,梯形波,三角波,梯形波
附件一（训练集）.xlsx|材料1|3009,0,梯形波,梯形波,梯形波,梯形波,三角波,梯形波
附件一（训练集）.xlsx|材料1|301,2,正弦波,正弦波,正弦波,正弦波,正弦波,正弦波
附件一（训练集）.xlsx|材料1|3010,3,梯形波,梯形波,梯形波,梯形波,三角波,梯形波
附件一（训练集）.xlsx|材料1|3011,0,梯形波,梯形波,梯形波,梯形波,三角波,梯形波
附件一（训练集）.xlsx|材料1|3012,0,梯形波,梯形波,梯形波,梯形波,三角波,梯形波
附件一（训练集）.xlsx|材料1|3013,3,梯形波,梯形波,梯形波,梯形波,三角波,梯形波
附件一（训练集）.xlsx|材料1|3014,0,梯形波,梯形波,梯形波,梯形波,三角波,梯形波
附件一（训练集）.xlsx|材料1|3015,3,梯形波,梯形波,梯形波,梯形波,三角波,梯形波
附件一（训练集）.xlsx|材料1|3016,4,梯形波,梯形波,梯形波,梯形波,三角波,梯形波
附件一（训练集）.xlsx|材料1|3017,3,梯形波,梯形波,梯形波,梯形波,正弦波,梯形波
附件一（训练集）.xlsx|材料1|3018,3,梯形波,梯形波,梯形波,梯形波,正弦波,梯形波
附件一（训练集）.xlsx|材料1|3019,1,梯形波,梯形波,梯形波,梯形波,三角波,梯形波
附件一（训练集）.xlsx|材料1|302,4,正弦波,正弦波,正弦波,正弦波,正弦波,正弦波
附件一（训练集）.xlsx|材料1|3020,1,梯形波,梯形波,梯形波,梯形波,三角波,梯形波
附件一（训练集）.xlsx|材料1|3021,2,梯形波,梯形波,梯形波,梯形波,三角波,梯形波
附件一（训练集）.xlsx|材料1|3022,3,梯形波,梯形波,梯形波,梯形波,三角波,梯形波
附件一（训练集）.xlsx|材料1|3023,2,梯形波,梯形波,梯形波,梯形波,三角波,梯形波
附件一（训练集）.xlsx|材料1|3024,1,梯形波,梯形波,梯形波,梯形波,三角波,梯形波
附件一（训练集）.xlsx|材料1|3025,2,梯形波,梯形波,梯形波,梯形波,三角波,梯形波
附件一（训练集）.xlsx|材料1|3026,3,梯形波,梯形波,梯形波,梯形波,三角波,梯形波
附件一（训练集）.xlsx|材料1|3027,3,梯形波,梯形波,梯形波,梯形波,三角波,梯形波
附件一（训练集）.xlsx|材料1|3028,2,梯形波,梯形波,梯形波,梯形波,三角波,梯形波
附件一（训练集）.xlsx|材料1|3029,4,梯形波,梯形波,梯形波,梯形波,三角波,梯形波
附件一（训练集）.xlsx|材料1|303,0,正弦波,正弦波,正弦波,正弦波,正弦波,正弦波
附件一（训练集）.xlsx|材料1|3030,0,梯形波,梯形波,梯形波,梯形波,三角波,梯形波
附件一（训练集）.xlsx|材料1|3031,3,梯形波,梯形波,梯形波,梯形波,三角波,梯形波
附件一（训练集）.xlsx|材料1|3032,0,梯形波,梯形波,梯形波,梯形波,三角波,梯形波
附件一（训练集）.xlsx|材料1|3033,0,梯形波,梯形波,梯形波,梯形波,正弦波,梯形波
附件一（训练集）.xlsx|材料1|3034,0,梯形波,梯形波,梯形波,梯形波,正弦波,梯形波
附件一（训练集）.xlsx|材料1|3035,1,梯形波,梯形波,梯形波,梯形波,三角波,梯形波
附件一（训练集）.xlsx|材料1|3036,2,梯形波,梯形波,梯形波,梯形波,三角波,梯形波
附件一（训练集）.xlsx|材料1|3037,0,梯形波,梯形波,梯形波,梯形波,三角波,梯形波
附件一（训练集）.xlsx|材料1|3038,1,梯形波,梯形波,梯形波,梯形波,三角波,梯形波
附件一（训练集）.xlsx|材料1|3039,3,梯形波,梯形波,梯形波,梯形波,三角波,梯形波
附件一（训练集）.xlsx|材料1|304,4,正弦波,正弦波,正弦波,正弦波,正弦波,正弦波
附件一（训练集）.xlsx|材料1|3040,1,梯形波,梯形波,梯形波,梯形波,三角波,梯形波
附件一（训练集）.xlsx|材料1|3041,3,梯形波,梯形波,梯形波,梯形波,三角波,梯形波
附件一（训练集）.xlsx|材料1|3042,1,梯形波,梯形波,梯形波,梯形波,三角波,梯形波
附件一（训练集）.xlsx|材料1|3043,4,梯形波,梯形波,梯形波,梯形波,三角波,梯形波
附件一（训练集）.xlsx|材料1|3044,4,梯形波,梯形波,梯形波,梯形波,三角波,梯形波
附件一（训练集）.xlsx|材料1|3045,1,梯形波,梯形波,梯形波,梯形波,三角波,梯形波
附件一（训练集）.xlsx|材料1|3046,1,梯形波,梯形波,梯形波,梯形波,三角波,梯形波
附件一（训练集）.xlsx|材料1|3047,0,梯形波,梯形波,梯形波,梯形波,三角波,梯形波
附件一（训练集）.xlsx|材料1|3048,2,梯形波,梯形波,梯形波,梯形波,三角波,梯形波
附件一（训练集）.xlsx|材料1|3049,2,梯形波,梯形波,梯形波,梯形波,三角波,梯形波
附件一（训练集）.xlsx|材料1|305,4,正弦波,正弦波,正弦波,正弦波,正弦波,正弦波
附件一（训练集）.xlsx|材料1|3050,2,梯形波,梯形波,梯形波,梯形波,三角波,梯形波
附件一（训练集）.xlsx|材料1|3051,2,梯形波,梯形波,梯形波,梯形波,三角波,梯形波
附件一（训练集）.xlsx|材料1|3052,0,梯形波,梯形波,梯形波,梯形波,正弦波,梯形波
附件一（训练集）.xlsx|材料1|3053,0,梯形波,梯形波,梯形波,梯形波,正弦波,梯形波
附件一（训练集）.xlsx|材料1|3054,2,梯形波,梯形波,梯形波,梯形波,三角波,梯形波
附件一（训练集）.xlsx|材料1|3055,0,梯形波,梯形波,梯形波,梯形波,三角波,梯形波
附件一（训练集）.xlsx|材料1|3056,0,梯形波,梯形波,梯形波,梯形波,三角波,梯形波
附件一（训练集）.xlsx|材料1|3057,0,梯形波,梯形波,梯形波,梯形波,三角波,梯形波
附件一（训练集）.xlsx|材料1|3058,0,梯形波,梯形波,梯形波,梯形波,三角波,梯形波
附件一（训练集）.xlsx|材料1|3059,0,梯形波,梯形波,梯形波,梯形波,三角波,梯形波
附件一（训练集）.xlsx|材料1|306,0,正弦波,正弦波,正弦波,正弦波,正弦波,正弦波
附件一（训练集）.xlsx|材料1|3060,0,梯形波,梯形波,梯形波,梯形波,三角波,梯形波
附件一（训练集）.xlsx|材料1|3061,4,梯形波,梯形波,梯形波,梯形波,三角波,梯形波
附件一（训练集）.xlsx|材料1|3062,3,梯形波,梯形波,梯形波,梯形波,三角波,梯形波
附件一（训练集）.xlsx|材料1|3063,2,梯形波,梯形波,梯形波,梯形波,三角波,梯形波
附件一（训练集）.xlsx|材料1|3064,2,梯形波,梯形波,梯形波,梯形波,三角波,梯形波
附件一（训练集）.xlsx|材料1|3065,3,梯形波,梯形波,梯形波,梯形波,三角波,梯形波
附件一（训练集）.xlsx|材料1|3066,2,梯形波,梯形波,梯形波,梯形波,三角波,梯形波
附件一（训练集）.xlsx|材料1|3067,3,梯形波,梯形波,梯形波,梯形波,三角波,梯形波
附件一（训练集）.xlsx|材料1|3068,4,梯形波,梯形波,梯形波,梯形波,三角波,梯形波
附件一（训练集）.xlsx|材料1|3069,1,梯形波,梯形波,梯形波,梯形波,三角波,梯形波
附件一（训练集）.xlsx|材料1|307,3,正弦波,正弦波,正弦波,正弦波,正弦波,正弦波
附件一（训练集）.xlsx|材料1|3070,3,梯形波,梯形波,梯形波,梯形波,正弦波,梯形波
附件一（训练集）.xlsx|材料1|3071,3,梯形波,梯形波,梯形波,梯形波,三角波,梯形波
附件一（训练集）.xlsx|材料1|3072,0,梯形波,梯形波,梯形波,梯形波,三角波,梯形波
附件一（训练集）.xlsx|材料1|3073,1,梯形波,梯形波,梯形波,梯形波,三角波,梯形波
附件一（训练集）.xlsx|材料1|3074,0,梯形波,梯形波,梯形波,梯形波,三角波,梯形波
附件一（训练集）.xlsx|材料1|3075,4,梯形波,梯形波,梯形波,梯形波,三角波,梯形波
附件一（训练集）.xlsx|材料1|3076,0,梯形波,梯形波,梯形波,梯形波,三角波,梯形波
附件一（训练集）.xlsx|材料1|3077,0,梯形波,梯形波,梯形波,梯形波,三角波,梯形波
附件一（训练集）.xlsx|材料1|3078,0,梯形波,梯形波,梯形波,梯形波,三角波,梯形波
附件一（训练集）.xlsx|材料1|3079,2,梯形波,梯形波,梯形波,梯形波,三角波,梯形波
附件一（训练集）.xlsx|材料1|308,4,正弦波,正弦波,正弦波,正弦波,正弦波,正弦波
附件一（训练集）.xlsx|材料1|3080,1,梯形波,梯形波,梯形波,梯形波,三角波,梯形波
附件一（训练集）.xlsx|材料1|3081,1,梯形波,梯形波,梯形波,梯形波,三角波,梯形波
附件一（训练集）.xlsx|材料1|3082,2,梯形波,梯形波,梯形波,梯形波,三角波,梯形波
附件一（训练集）.xlsx|材料1|3083,1,梯形波,梯形波,梯形波,梯形波,三角波,梯形波
附件一（训练集）.xlsx|材料1|3084,2,梯形波,梯形波,梯形波,梯形波,三角波,梯形波
附件一（训练集）.xlsx|材料1|3085,2,梯形波,梯形波,梯形波,梯形波,三角波,梯形波
附件一（训练集）.xlsx|材料1|3086,0,梯形波,梯形波,梯形波,梯形波,三角波,梯形波
附件一（训练集）.xlsx|材料1|3087,4,梯形波,梯形波,梯形波,梯形波,三角波,梯形波
附件一（训练集）.xlsx|材料1|3088,4,梯形波,梯形波,梯形波,梯形波,三角波,梯形波
附件一（训练集）.xlsx|材料1|3089,2,梯形波,梯形波,梯形波,梯形波,三角波,梯形波
附件一（训练集）.xlsx|材料1|309,0,正弦波,正弦波,正弦波,正弦波,正弦波,正弦波
附件一（训练集）.xlsx|材料1|3090,4,梯形波,梯形波,梯形波,梯形波,三角波,梯形波
附件一（训练集）.xlsx|材料1|3091,4,梯形波,梯形波,梯形波,梯形波,三角波,梯形波
附件一（训练集）.xlsx|材料1|3092,2,梯形波,梯形波,梯形波,梯形波,三角波,梯形波
附件一（训练集）.xlsx|材料1|3093,0,梯形波,梯形波,梯形波,梯形波,三角波,梯形波
附件一（训练集）.xlsx|材料1|3094,1,梯形波,梯形波,梯形波,梯形波,三角波,梯形波
附件一（训练集）.xlsx|材料1|3095,2,梯形波,梯形波,梯形波,梯形波,三角波,梯形波
附件一（训练集）.xlsx|材料1|3096,2,梯形波,梯形波,梯形波,梯形波,三角波,梯形波
附件一（训练集）.xlsx|材料1|3097,2,梯形波,梯形波,梯形波,梯形波,三角波,梯形波
附件一（训练集）.xlsx|材料1|3098,1,梯形波,梯形波,梯形波,梯形波,三角波,梯形波
附件一（训练集）.xlsx|材料1|3099,1,梯形波,梯形波,梯形波,梯形波,三角波,梯形波
附件一（训练集）.xlsx|材料1|31,4,正弦波,正弦波,正弦波,正弦波,梯形波,正弦波
附件一（训练集）.xlsx|材料1|310,1,正弦波,正弦波,正弦波,正弦波,正弦波,正弦波
附件一（训练集）.xlsx|材料1|3100,1,梯形波,梯形波,梯形波,梯形波,三角波,梯形波
附件一（训练集）.xlsx|材料1|3101,1,梯形波,梯形波,梯形波,梯形波,三角波,梯形波
附件一（训练集）.xlsx|材料1|3102,0,梯形波,梯形波,梯形波,梯形波,三角波,梯形波
附件一（训练集）.xlsx|材料1|3103,1,梯形波,梯形波,梯形波,梯形波,三角波,梯形波
附件一（训练集）.xlsx|材料1|3104,1,梯形波,梯形波,梯形波,梯形波,三角波,梯形波
附件一（训练集）.xlsx|材料1|3105,0,梯形波,梯形波,梯形波,梯形波,三角波,梯形波
附件一（训练集）.xlsx|材料1|3106,2,梯形波,梯形波,梯形波,梯形波,三角波,梯形波
附件一（训练集）.xlsx|材料1|3107,2,梯形波,梯形波,梯形波,梯形波,三角波,梯形波
附件一（训练集）.xlsx|材料1|3108,2,梯形波,梯形波,梯形波,梯形波,三角波,梯形波
附件一（训练集）.xlsx|材料1|3109,2,梯形波,梯形波,梯形波,梯形波,三角波,梯形波
附件一（训练集）.xlsx|材料1|311,0,正弦波,正弦波,正弦波,正弦波,正弦波,正弦波
附件一（训练集）.xlsx|材料1|3110,2,梯形波,梯形波,梯形波,梯形波,三角波,梯形波
附件一（训练集）.xlsx|材料1|3111,4,梯形波,梯形波,梯形波,梯形波,三角波,梯形波
附件一（训练集）.xlsx|材料1|3112,4,梯形波,梯形波,梯形波,梯形波,三角波,梯形波
附件一（训练集）.xlsx|材料1|3113,0,梯形波,梯形波,梯形波,梯形波,三角波,梯形波
附件一（训练集）.xlsx|材料1|3114,0,梯形波,梯形波,梯形波,梯形波,三角波,梯形波
附件一（训练集）.xlsx|材料1|3115,2,梯形波,梯形波,梯形波,梯形波,三角波,梯形波
附件一（训练集）.xlsx|材料1|3116,0,梯形波,梯形波,梯形波,梯形波,三角波,梯形波
附件一（训练集）.xlsx|材料1|3117,4,梯形波,梯形波,梯形波,梯形波,三角波,梯形波
附件一（训练集）.xlsx|材料1|3118,2,梯形波,梯形波,梯形波,梯形波,三角波,梯形波
附件一（训练集）.xlsx|材料1|3119,3,梯形波,梯形波,梯形波,梯形波,三角波,梯形波
附件一（训练集）.xlsx|材料1|312,4,正弦波,正弦波,正弦波,正弦波,梯形波,正弦波
附件一（训练集）.xlsx|材料1|3120,0,梯形波,梯形波,梯形波,梯形波,三角波,梯形波
附件一（训练集）.xlsx|材料1|3121,2,梯形波,梯形波,梯形波,梯形波,三角波,梯形波
附件一（训练集）.xlsx|材料1|3122,0,梯形波,梯形波,梯形波,梯形波,三角波,梯形波
附件一（训练集）.xlsx|材料1|3123,0,梯形波,梯形波,梯形波,梯形波,三角波,梯形波
附件一（训练集）.xlsx|材料1|3124,1,梯形波,梯形波,梯形波,梯形波,三角波,梯形波
附件一（训练集）.xlsx|材料1|3125,1,梯形波,梯形波,梯形波,梯形波,三角波,梯形波
附件一（训练集）.xlsx|材料1|3126,4,梯形波,梯形波,梯形波,梯形波,三角波,梯形波
附件一（训练集）.xlsx|材料1|3127,2,梯形波,梯形波,梯形波,梯形波,三角波,梯形波
附件一（训练集）.xlsx|材料1|3128,1,梯形波,梯形波,梯形波,梯形波,三角波,梯形波
附件一（训练集）.xlsx|材料1|3129,2,梯形波,梯形波,梯形波,梯形波,三角波,梯形波
附件一（训练集）.xlsx|材料1|313,1,正弦波,正弦波,正弦波,正弦波,梯形波,正弦波
附件一（训练集）.xlsx|材料1|3130,0,梯形波,梯形波,梯形波,梯形波,三角波,梯形波
附件一（训练集）.xlsx|材料1|3131,0,梯形波,梯形波,梯形波,梯形波,三角波,梯形波
附件一（训练集）.xlsx|材料1|3132,0,梯形波,梯形波,梯形波,梯形波,三角波,梯形波
附件一（训练集）.xlsx|材料1|3133,1,三角波,三角波,三角波,三角波,三角波,三角波
附件一（训练集）.xlsx|材料1|3134,0,三角波,三角波,三角波,三角波,三角波,三角波
附件一（训练集）.xlsx|材料1|3135,0,三角波,三角波,三角波,三角波,三角波,三角波
附件一（训练集）.xlsx|材料1|3136,3,三角波,三角波,三角波,三角波,三角波,三角波
附件一（训练集）.xlsx|材料1|3137,3,三角波,三角波,三角波,三角波,三角波,三角波
附件一（训练集）.xlsx|材料1|3138,2,三角波,三角波,三角波,三角波,三角波,三角波
附件一（训练集）.xlsx|材料1|3139,3,三角波,三角波,三角波,三角波,三角波,三角波
附件一（训练集）.xlsx|材料1|314,0,正弦波,正弦波,正弦波,正弦波,梯形波,正弦波
附件一（训练集）.xlsx|材料1|3140,2,三角波,三角波,三角波,三角波,三角波,三角波
附件一（训练集）.xlsx|材料1|3141,3,三角波,三角波,三角波,三角波,三角波,三角波
附件一（训练集）.xlsx|材料1|3142,3,三角波,三角波,三角波,三角波,三角波,三角波
附件一（训练集）.xlsx|材料1|3143,3,三角波,三角波,三角波,三角波,三角波,三角波
附件一（训练集）.xlsx|材料1|3144,3,三角波,三角波,三角波,三角波,三角波,三角波
附件一（训练集）.xlsx|材料1|3145,1,三角波,三角波,三角波,三角波,三角波,三角波
附件一（训练集）.xlsx|材料1|3146,1,三角波,三角波,三角波,三角波,三角波,三角波
附件一（训练集）.xlsx|材料1|3147,1,三角波,三角波,三角波,三角波,三角波,三角波
附件一（训练集）.xlsx|材料1|3148,1,三角波,三角波,三角波,三角波,三角波,三角波
附件一（训练集）.xlsx|材料1|3149,1,三角波,三角波,三角波,三角波,三角波,三角波
附件一（训练集）.xlsx|材料1|315,2,正弦波,正弦波,正弦波,正弦波,梯形波,正弦波
附件一（训练集）.xlsx|材料1|3150,0,三角波,三角波,三角波,三角波,三角波,三角波
附件一（训练集）.xlsx|材料1|3151,0,三角波,三角波,三角波,三角波,三角波,三角波
附件一（训练集）.xlsx|材料1|3152,0,三角波,三角波,三角波,三角波,三角波,三角波
附件一（训练集）.xlsx|材料1|3153,4,三角波,三角波,三角波,三角波,三角波,三角波
附件一（训练集）.xlsx|材料1|3154,4,三角波,三角波,三角波,三角波,三角波,三角波
附件一（训练集）.xlsx|材料1|3155,4,三角波,三角波,三角波,三角波,三角波,三角波
附件一（训练集）.xlsx|材料1|3156,2,三角波,三角波,三角波,三角波,三角波,三角波
附件一（训练集）.xlsx|材料1|3157,2,三角波,三角波,三角波,三角波,三角波,三角波
附件一（训练集）.xlsx|材料1|3158,2,三角波,三角波,三角波,三角波,三角波,三角波
附件一（训练集）.xlsx|材料1|3159,2,三角波,三角波,三角波,三角波,三角波,三角波
附件一（训练集）.xlsx|材料1|316,0,正弦波,正弦波,正弦波,正弦波,梯形波,正弦波
附件一（训练集）.xlsx|材料1|3160,2,三角波,三角波,三角波,三角波,三角波,三角波
附件一（训练集）.xlsx|材料1|3161,2,三角波,三角波,三角波,三角波,三角波,三角波
附件一（训练集）.xlsx|材料1|3162,4,三角波,三角波,三角波,三角波,三角波,三角波
附件一（训练集）.xlsx|材料1|3163,1,三角波,三角波,三角波,三角波,三角波,三角波
附件一（训练集）.xlsx|材料1|3164,4,三角波,三角波,三角波,三角波,三角波,三角波
附件一（训练集）.xlsx|材料1|3165,4,三角波,三角波,三角波,三角波,三角波,三角波
附件一（训练集）.xlsx|材料1|3166,4,三角波,三角波,三角波,三角波,三角波,三角波
附件一（训练集）.xlsx|材料1|3167,4,三角波,三角波,三角波,三角波,三角波,三角波
附件一（训练集）.xlsx|材料1|3168,4,三角波,三角波,三角波,三角波,三角波,三角波
附件一（训练集）.xlsx|材料1|3169,2,三角波,三角波,三角波,三角波,三角波,三角波
附件一（训练集）.xlsx|材料1|317,4,正弦波,正弦波,正弦波,正弦波,正弦波,正弦波
附件一（训练集）.xlsx|材料1|3170,1,梯形波,梯形波,梯形波,梯形波,正弦波,梯形波
附件一（训练集）.xlsx|材料1|3171,0,梯形波,梯形波,梯形波,梯形波,正弦波,梯形波
附件一（训练集）.xlsx|材料1|3172,0,梯形波,梯形波,梯形波,梯形波,正弦波,梯形波
附件一（训练集）.xlsx|材料1|3173,3,梯形波,梯形波,梯形波,梯形波,正弦波,梯形波
附件一（训练集）.xlsx|材料1|3174,1,梯形波,梯形波,梯形波,梯形波,梯形波,梯形波
附件一（训练集）.xlsx|材料1|3175,1,梯形波,梯形波,梯形波,梯形波,梯形波,梯形波
附件一（训练集）.xlsx|材料1|3176,0,梯形波,梯形波,梯形波,梯形波,梯形波,梯形波
附件一（训练集）.xlsx|材料1|3177,2,梯形波,梯形波,梯形波,梯形波,正弦波,梯形波
附件一（训练集）.xlsx|材料1|3178,2,梯形波,梯形波,梯形波,梯形波,正弦波,梯形波
附件一（训练集）.xlsx|材料1|3179,4,梯形波,梯形波,梯形波,梯形波,正弦波,梯形波
附件一（训练集）.xlsx|材料1|318,1,正弦波,正弦波,正弦波,正弦波,正弦波,正弦波
附件一（训练集）.xlsx|材料1|3180,0,梯形波,梯形波,梯形波,梯形波,正弦波,梯形波
附件一（训练集）.xlsx|材料1|3181,0,梯形波,梯形波,梯形波,梯形波,梯形波,梯形波
附件一（训练集）.xlsx|材料1|3182,3,梯形波,梯形波,梯形波,梯形波,梯形波,梯形波
附件一（训练集）.xlsx|材料1|3183,3,梯形波,梯形波,梯形波,梯形波,梯形波,梯形波
附件一（训练集）.xlsx|材料1|3184,4,梯形波,梯形波,梯形波,梯形波,梯形波,梯形波
附件一（训练集）.xlsx|材料1|3185,0,梯形波,梯形波,梯形波,梯形波,正弦波,梯形波
附件一（训练集）.xlsx|材料1|3186,3,梯形波,梯形波,梯形波,梯形波,正弦波,梯形波
附件一（训练集）.xlsx|材料1|3187,4,梯形波,梯形波,梯形波,梯形波,正弦波,梯形波
附件一（训练集）.xlsx|材料1|3188,4,梯形波,梯形波,梯形波,梯形波,正弦波,梯形波
附件一（训练集）.xlsx|材料1|3189,3,梯形波,梯形波,梯形波,梯形波,正弦波,梯形波
附件一（训练集）.xlsx|材料1|319,1,正弦波,正弦波,正弦波,正弦波,正弦波,正弦波
附件一（训练集）.xlsx|材料1|3190,0,梯形波,梯形波,梯形波,梯形波,正弦波,梯形波
附件一（训练集）.xlsx|材料1|3191,2,梯形波,梯形波,梯形波,梯形波,梯形波,梯形波
附件一（训练集）.xlsx|材料1|3192,3,梯形波,梯形波,梯形波,梯形波,梯形波,梯形波
附件一（训练集）.xlsx|材料1|3193,4,梯形波,梯形波,梯形波,梯形波,梯形波,梯形波
附件一（训练集）.xlsx|材料1|3194,0,梯形波,梯形波,梯形波,梯形波,梯形波,梯形波
附件一（训练集）.xlsx|材料1|3195,2,梯形波,梯形波,梯形波,梯形波,梯形波,梯形波
附件一（训练集）.xlsx|材料1|3196,0,梯形波,梯形波,梯形波,梯形波,正弦波,梯形波
附件一（训练集）.xlsx|材料1|3197,0,梯形波,梯形波,梯形波,梯形波,正弦波,梯形波
附件一（训练集）.xlsx|材料1|3198,0,梯形波,梯形波,梯形波,梯形波,正弦波,梯形波
附件一（训练集）.xlsx|材料1|3199,0,梯形波,梯形波,梯形波,梯形波,正弦波,梯形波
附件一（训练集）.xlsx|材料1|32,4,正弦波,正弦波,正弦波,正弦波,正弦波,正弦波
附件一（训练集）.xlsx|材料1|320,4,正弦波,正弦波,正弦波,正弦波,正弦波,正弦波
附件一（训练集）.xlsx|材料1|3200,0,梯形波,梯形波,梯形波,梯形波,正弦波,梯形波
附件一（训练集）.xlsx|材料1|3201,0,梯形波,梯形波,梯形波,梯形波,梯形波,梯形波
附件一（训练集）.xlsx|材料1|3202,0,梯形波,梯形波,梯形波,梯形波,梯形波,梯形波
附件一（训练集）.xlsx|材料1|3203,3,梯形波,梯形波,梯形波,梯形波,梯形波,梯形波
附件一（训练集）.xlsx|材料1|3204,4,梯形波,梯形波,梯形波,梯形波,梯形波,梯形波
附件一（训练集）.xlsx|材料1|3205,1,梯形波,梯形波,梯形波,梯形波,梯形波,梯形波
附件一（训练集）.xlsx|材料1|3206,3,梯形波,梯形波,梯形波,梯形波,梯形波,梯形波
附件一（训练集）.xlsx|材料1|3207,4,梯形波,梯形波,梯形波,梯形波,正弦波,梯形波
附件一（训练集）.xlsx|材料1|3208,3,梯形波,梯形波,梯形波,梯形波,正弦波,梯形波
附件一（训练集）.xlsx|材料1|3209,0,梯形波,梯形波,梯形波,梯形波,正弦波,梯形波
附件一（训练集）.xlsx|材料1|321,4,正弦波,正弦波,正弦波,正弦波,正弦波,正弦波
附件一（训练集）.xlsx|材料1|3210,3,梯形波,梯形波,梯形波,梯形波,正弦波,梯形波
附件一（训练集）.xlsx|材料1|3211,3,梯形波,梯形波,梯形波,梯形波,正弦波,梯形波
附件一（训练集）.xlsx|材料1|3212,4,梯形波,梯形波,梯形波,梯形波,梯形波,梯形波
附件一（训练集）.xlsx|材料1|3213,1,梯形波,梯形波,梯形波,梯形波,梯形波,梯形波
附件一（训练集）.xlsx|材料1|3214,4,梯形波,梯形波,梯形波,梯形波,梯形波,梯形波
附件一（训练集）.xlsx|材料1|3215,4,梯形波,梯形波,梯形波,梯形波,梯形波,梯形波
附件一（训练集）.xlsx|材料1|3216,1,梯形波,梯形波,梯形波,梯形波,梯形波,梯形波
附件一（训练集）.xlsx|材料1|3217,0,梯形波,梯形波,梯形波,梯形波,三角波,梯形波
附件一（训练集）.xlsx|材料1|3218,3,梯形波,梯形波,梯形波,梯形波,梯形波,梯形波
附件一（训练集）.xlsx|材料1|3219,0,梯形波,梯形波,梯形波,梯形波,三角波,梯形波
附件一（训练集）.xlsx|材料1|322,4,正弦波,正弦波,正弦波,正弦波,正弦波,正弦波
附件一（训练集）.xlsx|材料1|3220,0,梯形波,梯形波,梯形波,梯形波,梯形波,梯形波
附件一（训练集）.xlsx|材料1|3221,4,梯形波,梯形波,梯形波,梯形波,正弦波,梯形波
附件一（训练集）.xlsx|材料1|3222,1,梯形波,梯形波,梯形波,梯形波,正弦波,梯形波
附件一（训练集）.xlsx|材料1|3223,0,梯形波,梯形波,梯形波,梯形波,正弦波,梯形波
附件一（训练集）.xlsx|材料1|3224,0,梯形波,梯形波,梯形波,梯形波,正弦波,梯形波
附件一（训练集）.xlsx|材料1|3225,0,梯形波,梯形波,梯形波,梯形波,正弦波,梯形波
附件一（训练集）.xlsx|材料1|3226,0,梯形波,梯形波,梯形波,梯形波,正弦波,梯形波
附件一（训练集）.xlsx|材料1|3227,3,梯形波,梯形波,梯形波,梯形波,正弦波,梯形波
附件一（训练集）.xlsx|材料1|3228,3,梯形波,梯形波,梯形波,梯形波,三角波,梯形波
附件一（训练集）.xlsx|材料1|3229,3,梯形波,梯形波,梯形波,梯形波,三角波,梯形波
附件一（训练集）.xlsx|材料1|323,3,正弦波,正弦波,正弦波,正弦波,正弦波,正弦波
附件一（训练集）.xlsx|材料1|3230,0,梯形波,梯形波,梯形波,梯形波,三角波,梯形波
附件一（训练集）.xlsx|材料1|3231,0,梯形波,梯形波,梯形波,梯形波,三角波,梯形波
附件一（训练集）.xlsx|材料1|3232,0,梯形波,梯形波,梯形波,梯形波,三角波,梯形波
附件一（训练集）.xlsx|材料1|3233,0,梯形波,梯形波,梯形波,梯形波,三角波,梯形波
附件一（训练集）.xlsx|材料1|3234,4,梯形波,梯形波,梯形波,梯形波,梯形波,梯形波
附件一（训练集）.xlsx|材料1|3235,4,梯形波,梯形波,梯形波,梯形波,梯形波,梯形波
附件一（训练集）.xlsx|材料1|3236,4,梯形波,梯形波,梯形波,梯形波,梯形波,梯形波
附件一（训练集）.xlsx|材料1|3237,3,梯形波,梯形波,梯形波,梯形波,正弦波,梯形波
附件一（训练集）.xlsx|材料1|3238,3,梯形波,梯形波,梯形波,梯形波,正弦波,梯形波
附件一（训练集）.xlsx|材料1|3239,1,梯形波,梯形波,梯形波,梯形波,正弦波,梯形波
附件一（训练集）.xlsx|材料1|324,4,正弦波,正弦波,正弦波,正弦波,正弦波,正弦波
附件一（训练集）.xlsx|材料1|3240,3,梯形波,梯形波,梯形波,梯形波,正弦波,梯形波
附件一（训练集）.xlsx|材料1|3241,3,梯形波,梯形波,梯形波,梯形波,三角波,梯形波
附件一（训练集）.xlsx|材料1|3242,4,梯形波,梯形波,梯形波,梯形波,三角波,梯形波
附件一（训练集）.xlsx|材料1|3243,3,梯形波,梯形波,梯形波,梯形波,三角波,梯形波
附件一（训练集）.xlsx|材料1|3244,3,梯形波,梯形波,梯形波,梯形波,三角波,梯形波
附件一（训练集）.xlsx|材料1|3245,4,梯形波,梯形波,梯形波,梯形波,梯形波,梯形波
附件一（训练集）.xlsx|材料1|3246,4,梯形波,梯形波,梯形波,梯形波,梯形波,梯形波
附件一（训练集）.xlsx|材料1|3247,4,梯形波,梯形波,梯形波,梯形波,梯形波,梯形波
附件一（训练集）.xlsx|材料1|3248,0,梯形波,梯形波,梯形波,梯形波,三角波,梯形波
附件一（训练集）.xlsx|材料1|3249,2,梯形波,梯形波,梯形波,梯形波,三角波,梯形波
附件一（训练集）.xlsx|材料1|325,1,正弦波,正弦波,正弦波,正弦波,梯形波,正弦波
附件一（训练集）.xlsx|材料1|3250,1,梯形波,梯形波,梯形波,梯形波,正弦波,梯形波
附件一（训练集）.xlsx|材料1|3251,1,梯形波,梯形波,梯形波,梯形波,正弦波,梯形波
附件一（训练集）.xlsx|材料1|3252,1,梯形波,梯形波,梯形波,梯形波,正弦波,梯形波
附件一（训练集）.xlsx|材料1|3253,1,梯形波,梯形波,梯形波,梯形波,正弦波,梯形波
附件一（训练集）.xlsx|材料1|3254,0,梯形波,梯形波,梯形波,梯形波,正弦波,梯形波
附件一（训练集）.xlsx|材料1|3255,1,梯形波,梯形波,梯形波,梯形波,正弦波,梯形波
附件一（训练集）.xlsx|材料1|3256,1,梯形波,梯形波,梯形波,梯形波,三角波,梯形波
附件一（训练集）.xlsx|材料1|3257,3,梯形波,梯形波,梯形波,梯形波,三角波,梯形波
附件一（训练集）.xlsx|材料1|3258,3,梯形波,梯形波,梯形波,梯形波,三角波,梯形波
附件一（训练集）.xlsx|材料1|3259,3,梯形波,梯形波,梯形波,梯形波,三角波,梯形波
附件一（训练集）.xlsx|材料1|326,2,正弦波,正弦波,正弦波,正弦波,梯形波,正弦波
附件一（训练集）.xlsx|材料1|3260,3,梯形波,梯形波,梯形波,梯形波,三角波,梯形波
附件一（训练集）.xlsx|材料1|3261,4,梯形波,梯形波,梯形波,梯形波,三角波,梯形波
附件一（训练集）.xlsx|材料1|3262,3,梯形波,梯形波,梯形波,梯形波,三角波,梯形波
附件一（训练集）.xlsx|材料1|3263,3,梯形波,梯形波,梯形波,梯形波,三角波,梯形波
附件一（训练集）.xlsx|材料1|3264,0,梯形波,梯形波,梯形波,梯形波,三角波,梯形波
附件一（训练集）.xlsx|材料1|3265,3,梯形波,梯形波,梯形波,梯形波,正弦波,梯形波
附件一（训练集）.xlsx|材料1|3266,1,梯形波,梯形波,梯形波,梯形波,正弦波,梯形波
附件一（训练集）.xlsx|材料1|3267,2,梯形波,梯形波,梯形波,梯形波,正弦波,梯形波
附件一（训练集）.xlsx|材料1|3268,1,梯形波,梯形波,梯形波,梯形波,正弦波,梯形波
附件一（训练集）.xlsx|材料1|3269,1,梯形波,梯形波,梯形波,梯形波,三角波,梯形波
附件一（训练集）.xlsx|材料1|327,4,正弦波,正弦波,正弦波,正弦波,梯形波,正弦波
附件一（训练集）.xlsx|材料1|3270,3,梯形波,梯形波,梯形波,梯形波,三角波,梯形波
附件一（训练集）.xlsx|材料1|3271,3,梯形波,梯形波,梯形波,梯形波,三角波,梯形波
附件一（训练集）.xlsx|材料1|3272,2,梯形波,梯形波,梯形波,梯形波,三角波,梯形波
附件一（训练集）.xlsx|材料1|3273,3,梯形波,梯形波,梯形波,梯形波,三角波,梯形波
附件一（训练集）.xlsx|材料1|3274,2,梯形波,梯形波,梯形波,梯形波,三角波,梯形波
附件一（训练集）.xlsx|材料1|3275,3,梯形波,梯形波,梯形波,梯形波,三角波,梯形波
附件一（训练集）.xlsx|材料1|3276,3,梯形波,梯形波,梯形波,梯形波,三角波,梯形波
附件一（训练集）.xlsx|材料1|3277,0,梯形波,梯形波,梯形波,梯形波,三角波,梯形波
附件一（训练集）.xlsx|材料1|3278,0,梯形波,梯形波,梯形波,梯形波,三角波,梯形波
附件一（训练集）.xlsx|材料1|3279,3,梯形波,梯形波,梯形波,梯形波,三角波,梯形波
附件一（训练集）.xlsx|材料1|328,2,正弦波,正弦波,正弦波,正弦波,正弦波,正弦波
附件一（训练集）.xlsx|材料1|3280,0,梯形波,梯形波,梯形波,梯形波,三角波,梯形波
附件一（训练集）.xlsx|材料1|3281,0,梯形波,梯形波,梯形波,梯形波,三角波,梯形波
附件一（训练集）.xlsx|材料1|3282,3,梯形波,梯形波,梯形波,梯形波,正弦波,梯形波
附件一（训练集）.xlsx|材料1|3283,3,梯形波,梯形波,梯形波,梯形波,正弦波,梯形波
附件一（训练集）.xlsx|材料1|3284,1,梯形波,梯形波,梯形波,梯形波,正弦波,梯形波
附件一（训练集）.xlsx|材料1|3285,1,梯形波,梯形波,梯形波,梯形波,正弦波,梯形波
附件一（训练集）.xlsx|材料1|3286,1,梯形波,梯形波,梯形波,梯形波,三角波,梯形波
附件一（训练集）.xlsx|材料1|3287,3,梯形波,梯形波,梯形波,梯形波,三角波,梯形波
附件一（训练集）.xlsx|材料1|3288,2,梯形波,梯形波,梯形波,梯形波,三角波,梯形波
附件一（训练集）.xlsx|材料1|3289,4,梯形波,梯形波,梯形波,梯形波,三角波,梯形波
附件一（训练集）.xlsx|材料1|329,1,正弦波,正弦波,正弦波,正弦波,正弦波,正弦波
附件一（训练集）.xlsx|材料1|3290,1,梯形波,梯形波,梯形波,梯形波,三角波,梯形波
附件一（训练集）.xlsx|材料1|3291,3,梯形波,梯形波,梯形波,梯形波,三角波,梯形波
附件一（训练集）.xlsx|材料1|3292,1,梯形波,梯形波,梯形波,梯形波,三角波,梯形波
附件一（训练集）.xlsx|材料1|3293,3,梯形波,梯形波,梯形波,梯形波,三角波,梯形波
附件一（训练集）.xlsx|材料1|3294,4,梯形波,梯形波,梯形波,梯形波,三角波,梯形波
附件一（训练集）.xlsx|材料1|3295,3,梯形波,梯形波,梯形波,梯形波,三角波,梯形波
附件一（训练集）.xlsx|材料1|3296,2,梯形波,梯形波,梯形波,梯形波,三角波,梯形波
附件一（训练集）.xlsx|材料1|3297,3,梯形波,梯形波,梯形波,梯形波,三角波,梯形波
附件一（训练集）.xlsx|材料1|3298,0,梯形波,梯形波,梯形波,梯形波,三角波,梯形波
附件一（训练集）.xlsx|材料1|3299,1,梯形波,梯形波,梯形波,梯形波,三角波,梯形波
附件一（训练集）.xlsx|材料1|33,0,正弦波,正弦波,正弦波,正弦波,正弦波,正弦波
附件一（训练集）.xlsx|材料1|330,3,正弦波,正弦波,正弦波,正弦波,正弦波,正弦波
附件一（训练集）.xlsx|材料1|3300,0,梯形波,梯形波,梯形波,梯形波,三角波,梯形波
附件一（训练集）.xlsx|材料1|3301,0,梯形波,梯形波,梯形波,梯形波,三角波,梯形波
附件一（训练集）.xlsx|材料1|3302,3,梯形波,梯形波,梯形波,梯形波,三角波,梯形波
附件一（训练集）.xlsx|材料1|3303,0,梯形波,梯形波,梯形波,梯形波,三角波,梯形波
附件一（训练集）.xlsx|材料1|3304,0,梯形波,梯形波,梯形波,梯形波,正弦波,梯形波
附件一（训练集）.xlsx|材料1|3305,0,梯形波,梯形波,梯形波,梯形波,正弦波,梯形波
附件一（训练集）.xlsx|材料1|3306,0,梯形波,梯形波,梯形波,梯形波,正弦波,梯形波
附件一（训练集）.xlsx|材料1|3307,0,梯形波,梯形波,梯形波,梯形波,正弦波,梯形波
附件一（训练集）.xlsx|材料1|3308,2,梯形波,梯形波,梯形波,梯形波,三角波,梯形波
附件一（训练集）.xlsx|材料1|3309,0,梯形波,梯形波,梯形波,梯形波,三角波,梯形波
附件一（训练集）.xlsx|材料1|331,1,正弦波,正弦波,正弦波,正弦波,正弦波,正弦波
附件一（训练集）.xlsx|材料1|3310,1,梯形波,梯形波,梯形波,梯形波,三角波,梯形波
附件一（训练集）.xlsx|材料1|3311,3,梯形波,梯形波,梯形波,梯形波,三角波,梯形波
附件一（训练集）.xlsx|材料1|3312,0,梯形波,梯形波,梯形波,梯形波,三角波,梯形波
附件一（训练集）.xlsx|材料1|3313,0,梯形波,梯形波,梯形波,梯形波,三角波,梯形波
附件一（训练集）.xlsx|材料1|3314,4,梯形波,梯形波,梯形波,梯形波,三角波,梯形波
附件一（训练集）.xlsx|材料1|3315,0,梯形波,梯形波,梯形波,梯形波,三角波,梯形波
附件一（训练集）.xlsx|材料1|3316,0,梯形波,梯形波,梯形波,梯形波,三角波,梯形波
附件一（训练集）.xlsx|材料1|3317,2,梯形波,梯形波,梯形波,梯形波,三角波,梯形波
附件一（训练集）.xlsx|材料1|3318,2,梯形波,梯形波,梯形波,梯形波,三角波,梯形波
附件一（训练集）.xlsx|材料1|3319,4,梯形波,梯形波,梯形波,梯形波,三角波,梯形波
附件一（训练集）.xlsx|材料1|332,4,正弦波,正弦波,正弦波,正弦波,正弦波,正弦波
附件一（训练集）.xlsx|材料1|3320,2,梯形波,梯形波,梯形波,梯形波,三角波,梯形波
附件一（训练集）.xlsx|材料1|3321,2,梯形波,梯形波,梯形波,梯形波,三角波,梯形波
附件一（训练集）.xlsx|材料1|3322,0,梯形波,梯形波,梯形波,梯形波,正弦波,梯形波
附件一（训练集）.xlsx|材料1|3323,0,梯形波,梯形波,梯形波,梯形波,三角波,梯形波
附件一（训练集）.xlsx|材料1|3324,0,梯形波,梯形波,梯形波,梯形波,三角波,梯形波
附件一（训练集）.xlsx|材料1|3325,3,梯形波,梯形波,梯形波,梯形波,三角波,梯形波
附件一（训练集）.xlsx|材料1|3326,0,梯形波,梯形波,梯形波,梯形波,三角波,梯形波
附件一（训练集）.xlsx|材料1|3327,0,梯形波,梯形波,梯形波,梯形波,三角波,梯形波
附件一（训练集）.xlsx|材料1|3328,2,梯形波,梯形波,梯形波,梯形波,三角波,梯形波
附件一（训练集）.xlsx|材料1|3329,0,梯形波,梯形波,梯形波,梯形波,三角波,梯形波
附件一（训练集）.xlsx|材料1|333,0,正弦波,正弦波,正弦波,正弦波,正弦波,正弦波
附件一（训练集）.xlsx|材料1|3330,2,梯形波,梯形波,梯形波,梯形波,三角波,梯形波
附件一（训练集）.xlsx|材料1|3331,2,梯形波,梯形波,梯形波,梯形波,三角波,梯形波
附件一（训练集）.xlsx|材料1|3332,2,梯形波,梯形波,梯形波,梯形波,三角波,梯形波
附件一（训练集）.xlsx|材料1|3333,1,梯形波,梯形波,梯形波,梯形波,三角波,梯形波
附件一（训练集）.xlsx|材料1|3334,2,梯形波,梯形波,梯形波,梯形波,三角波,梯形波
附件一（训练集）.xlsx|材料1|3335,2,梯形波,梯形波,梯形波,梯形波,三角波,梯形波
附件一（训练集）.xlsx|材料1|3336,2,梯形波,梯形波,梯形波,梯形波,三角波,梯形波
附件一（训练集）.xlsx|材料1|3337,4,梯形波,梯形波,梯形波,梯形波,正弦波,梯形波
附件一（训练集）.xlsx|材料1|3338,1,梯形波,梯形波,梯形波,梯形波,三角波,梯形波
附件一（训练集）.xlsx|材料1|3339,1,梯形波,梯形波,梯形波,梯形波,三角波,梯形波
附件一（训练集）.xlsx|材料1|334,3,正弦波,正弦波,正弦波,正弦波,正弦波,正弦波
附件一（训练集）.xlsx|材料1|3340,0,梯形波,梯形波,梯形波,梯形波,三角波,梯形波
附件一（训练集）.xlsx|材料1|3341,4,梯形波,梯形波,梯形波,梯形波,三角波,梯形波
附件一（训练集）.xlsx|材料1|3342,0,梯形波,梯形波,梯形波,梯形波,三角波,梯形波
附件一（训练集）.xlsx|材料1|3343,4,梯形波,梯形波,梯形波,梯形波,三角波,梯形波
附件一（训练集）.xlsx|材料1|3344,0,梯形波,梯形波,梯形波,梯形波,三角波,梯形波
附件一（训练集）.xlsx|材料1|3345,0,梯形波,梯形波,梯形波,梯形波,三角波,梯形波
附件一（训练集）.xlsx|材料1|3346,4,梯形波,梯形波,梯形波,梯形波,三角波,梯形波
附件一（训练集）.xlsx|材料1|3347,0,梯形波,梯形波,梯形波,梯形波,三角波,梯形波
附件一（训练集）.xlsx|材料1|3348,4,梯形波,梯形波,梯形波,梯形波,三角波,梯形波
附件一（训练集）.xlsx|材料1|3349,0,梯形波,梯形波,梯形波,梯形波,三角波,梯形波
附件一（训练集）.xlsx|材料1|335,0,正弦波,正弦波,正弦波,正弦波,正弦波,正弦波
附件一（训练集）.xlsx|材料1|3350,4,梯形波,梯形波,梯形波,梯形波,三角波,梯形波
附件一（训练集）.xlsx|材料1|3351,1,梯形波,梯形波,梯形波,梯形波,三角波,梯形波
附件一（训练集）.xlsx|材料1|3352,2,梯形波,梯形波,梯形波,梯形波,三角波,梯形波
附件一（训练集）.xlsx|材料1|3353,1,梯形波,梯形波,梯形波,梯形波,三角波,梯形波
附件一（训练集）.xlsx|材料1|3354,2,梯形波,梯形波,梯形波,梯形波,三角波,梯形波
附件一（训练集）.xlsx|材料1|3355,0,梯形波,梯形波,梯形波,梯形波,三角波,梯形波
附件一（训练集）.xlsx|材料1|3356,4,梯形波,梯形波,梯形波,梯形波,三角波,梯形波
附件一（训练集）.xlsx|材料1|3357,1,梯形波,梯形波,梯形波,梯形波,三角波,梯形波
附件一（训练集）.xlsx|材料1|3358,2,梯形波,梯形波,梯形波,梯形波,三角波,梯形波
附件一（训练集）.xlsx|材料1|3359,4,梯形波,梯形波,梯形波,梯形波,三角波,梯形波
附件一（训练集）.xlsx|材料1|336,4,正弦波,正弦波,正弦波,正弦波,正弦波,正弦波
附件一（训练集）.xlsx|材料1|3360,2,梯形波,梯形波,梯形波,梯形波,三角波,梯形波
附件一（训练集）.xlsx|材料1|3361,2,梯形波,梯形波,梯形波,梯形波,三角波,梯形波
附件一（训练集）.xlsx|材料1|3362,2,梯形波,梯形波,梯形波,梯形波,三角波,梯形波
附件一（训练集）.xlsx|材料1|3363,1,梯形波,梯形波,梯形波,梯形波,三角波,梯形波
附件一（训练集）.xlsx|材料1|3364,0,梯形波,梯形波,梯形波,梯形波,三角波,梯形波
附件一（训练集）.xlsx|材料1|3365,0,梯形波,梯形波,梯形波,梯形波,三角波,梯形波
附件一（训练集）.xlsx|材料1|3366,1,梯形波,梯形波,梯形波,梯形波,三角波,梯形波
附件一（训练集）.xlsx|材料1|3367,1,梯形波,梯形波,梯形波,梯形波,三角波,梯形波
附件一（训练集）.xlsx|材料1|3368,0,梯形波,梯形波,梯形波,梯形波,三角波,梯形波
附件一（训练集）.xlsx|材料1|3369,1,梯形波,梯形波,梯形波,梯形波,三角波,梯形波
附件一（训练集）.xlsx|材料1|337,4,正弦波,正弦波,正弦波,正弦波,正弦波,正弦波
附件一（训练集）.xlsx|材料1|3370,2,梯形波,梯形波,梯形波,梯形波,三角波,梯形波
附件一（训练集）.xlsx|材料1|3371,0,梯形波,梯形波,梯形波,梯形波,三角波,梯形波
附件一（训练集）.xlsx|材料1|3372,2,梯形波,梯形波,梯形波,梯形波,三角波,梯形波
附件一（训练集）.xlsx|材料1|3373,2,梯形波,梯形波,梯形波,梯形波,三角波,梯形波
附件一（训练集）.xlsx|材料1|3374,4,梯形波,梯形波,梯形波,梯形波,三角波,梯形波
附件一（训练集）.xlsx|材料1|3375,2,梯形波,梯形波,梯形波,梯形波,三角波,梯形波
附件一（训练集）.xlsx|材料1|3376,4,梯形波,梯形波,梯形波,梯形波,三角波,梯形波
附件一（训练集）.xlsx|材料1|3377,0,梯形波,梯形波,梯形波,梯形波,三角波,梯形波
附件一（训练集）.xlsx|材料1|3378,4,梯形波,梯形波,梯形波,梯形波,三角波,梯形波
附件一（训练集）.xlsx|材料1|3379,3,梯形波,梯形波,梯形波,梯形波,三角波,梯形波
附件一（训练集）.xlsx|材料1|338,3,正弦波,正弦波,正弦波,正弦波,正弦波,正弦波
附件一（训练集）.xlsx|材料1|3380,1,梯形波,梯形波,梯形波,梯形波,三角波,梯形波
附件一（训练集）.xlsx|材料1|3381,0,梯形波,梯形波,梯形波,梯形波,三角波,梯形波
附件一（训练集）.xlsx|材料1|3382,0,梯形波,梯形波,梯形波,梯形波,三角波,梯形波
附件一（训练集）.xlsx|材料1|3383,4,梯形波,梯形波,梯形波,梯形波,三角波,梯形波
附件一（训练集）.xlsx|材料1|3384,3,梯形波,梯形波,梯形波,梯形波,三角波,梯形波
附件一（训练集）.xlsx|材料1|3385,3,梯形波,梯形波,梯形波,梯形波,三角波,梯形波
附件一（训练集）.xlsx|材料1|3386,2,梯形波,梯形波,梯形波,梯形波,三角波,梯形波
附件一（训练集）.xlsx|材料1|3387,2,梯形波,梯形波,梯形波,梯形波,三角波,梯形波
附件一（训练集）.xlsx|材料1|3388,0,梯形波,梯形波,梯形波,梯形波,三角波,梯形波
附件一（训练集）.xlsx|材料1|3389,0,梯形波,梯形波,梯形波,梯形波,三角波,梯形波
附件一（训练集）.xlsx|材料1|339,3,正弦波,正弦波,正弦波,正弦波,正弦波,正弦波
附件一（训练集）.xlsx|材料1|3390,2,梯形波,梯形波,梯形波,梯形波,三角波,梯形波
附件一（训练集）.xlsx|材料1|3391,2,梯形波,梯形波,梯形波,梯形波,三角波,梯形波
附件一（训练集）.xlsx|材料1|3392,1,梯形波,梯形波,梯形波,梯形波,三角波,梯形波
附件一（训练集）.xlsx|材料1|3393,1,梯形波,梯形波,梯形波,梯形波,三角波,梯形波
附件一（训练集）.xlsx|材料1|3394,4,梯形波,梯形波,梯形波,梯形波,三角波,梯形波
附件一（训练集）.xlsx|材料1|3395,0,梯形波,梯形波,梯形波,梯形波,三角波,梯形波
附件一（训练集）.xlsx|材料1|3396,0,梯形波,梯形波,梯形波,梯形波,三角波,梯形波
附件一（训练集）.xlsx|材料1|3397,0,梯形波,梯形波,梯形波,梯形波,三角波,梯形波
附件一（训练集）.xlsx|材料1|3398,0,梯形波,梯形波,梯形波,梯形波,三角波,梯形波
附件一（训练集）.xlsx|材料1|3399,0,梯形波,梯形波,梯形波,梯形波,三角波,梯形波
附件一（训练集）.xlsx|材料1|34,2,正弦波,正弦波,正弦波,正弦波,正弦波,正弦波
附件一（训练集）.xlsx|材料1|340,3,正弦波,正弦波,正弦波,正弦波,梯形波,正弦波
附件一（训练集）.xlsx|材料1|3400,0,梯形波,梯形波,梯形波,梯形波,三角波,梯形波
附件一（训练集）.xlsx|材料1|3401,2,梯形波,梯形波,梯形波,梯形波,三角波,梯形波
附件一（训练集）.xlsx|材料1|341,3,正弦波,正弦波,正弦波,正弦波,梯形波,正弦波
附件一（训练集）.xlsx|材料1|342,4,正弦波,正弦波,正弦波,正弦波,梯形波,正弦波
附件一（训练集）.xlsx|材料1|343,0,正弦波,正弦波,正弦波,正弦波,梯形波,正弦波
附件一（训练集）.xlsx|材料1|344,2,正弦波,正弦波,正弦波,正弦波,梯形波,正弦波
附件一（训练集）.xlsx|材料1|345,0,正弦波,正弦波,正弦波,正弦波,正弦波,正弦波
附件一（训练集）.xlsx|材料1|346,4,正弦波,正弦波,正弦波,正弦波,正弦波,正弦波
附件一（训练集）.xlsx|材料1|347,3,正弦波,正弦波,正弦波,正弦波,正弦波,正弦波
附件一（训练集）.xlsx|材料1|348,1,正弦波,正弦波,正弦波,正弦波,正弦波,正弦波
附件一（训练集）.xlsx|材料1|349,4,正弦波,正弦波,正弦波,正弦波,正弦波,正弦波
附件一（训练集）.xlsx|材料1|35,4,正弦波,正弦波,正弦波,正弦波,正弦波,正弦波
附件一（训练集）.xlsx|材料1|350,2,正弦波,正弦波,正弦波,正弦波,正弦波,正弦波
附件一（训练集）.xlsx|材料1|351,0,正弦波,正弦波,正弦波,正弦波,正弦波,正弦波
附件一（训练集）.xlsx|材料1|352,4,正弦波,正弦波,正弦波,正弦波,正弦波,正弦波
附件一（训练集）.xlsx|材料1|353,2,正弦波,正弦波,正弦波,正弦波,正弦波,正弦波
附件一（训练集）.xlsx|材料1|354,3,正弦波,正弦波,正弦波,正弦波,正弦波,正弦波
附件一（训练集）.xlsx|材料1|355,3,正弦波,正弦波,正弦波,正弦波,三角波,正弦波
附件一（训练集）.xlsx|材料1|356,2,正弦波,正弦波,正弦波,正弦波,三角波,正弦波
附件一（训练集）.xlsx|材料1|357,1,正弦波,正弦波,正弦波,正弦波,梯形波,正弦波
附件一（训练集）.xlsx|材料1|358,3,正弦波,正弦波,正弦波,正弦波,三角波,正弦波
附件一（训练集）.xlsx|材料1|359,1,正弦波,正弦波,正弦波,正弦波,梯形波,正弦波
附件一（训练集）.xlsx|材料1|36,4,正弦波,正弦波,正弦波,正弦波,正弦波,正弦波
附件一（训练集）.xlsx|材料1|360,1,正弦波,正弦波,正弦波,正弦波,梯形波,正弦波
附件一（训练集）.xlsx|材料1|361,2,正弦波,正弦波,正弦波,正弦波,正弦波,正弦波
附件一（训练集）.xlsx|材料1|362,0,正弦波,正弦波,正弦波,正弦波,正弦波,正弦波
附件一（训练集）.xlsx|材料1|363,4,正弦波,正弦波,正弦波,正弦波,正弦波,正弦波
附件一（训练集）.xlsx|材料1|364,1,正弦波,正弦波,正弦波,正弦波,正弦波,正弦波
附件一（训练集）.xlsx|材料1|365,2,正弦波,正弦波,正弦波,正弦波,正弦波,正弦波
附件一（训练集）.xlsx|材料1|366,4,正弦波,正弦波,正弦波,正弦波,正弦波,正弦波
附件一（训练集）.xlsx|材料1|367,0,正弦波,正弦波,正弦波,正弦波,正弦波,正弦波
附件一（训练集）.xlsx|材料1|368,4,正弦波,正弦波,正弦波,正弦波,正弦波,正弦波
附件一（训练集）.xlsx|材料1|369,4,正弦波,正弦波,正弦波,正弦波,正弦波,正弦波
附件一（训练集）.xlsx|材料1|37,4,正弦波,正弦波,正弦波,正弦波,正弦波,正弦波
附件一（训练集）.xlsx|材料1|370,3,正弦波,正弦波,正弦波,正弦波,正弦波,正弦波
附件一（训练集）.xlsx|材料1|371,1,正弦波,正弦波,正弦波,正弦波,正弦波,正弦波
附件一（训练集）.xlsx|材料1|372,1,正弦波,正弦波,正弦波,正弦波,三角波,正弦波
附件一（训练集）.xlsx|材料1|373,1,正弦波,正弦波,正弦波,正弦波,三角波,正弦波
附件一（训练集）.xlsx|材料1|374,1,正弦波,正弦波,正弦波,正弦波,三角波,正弦波
附件一（训练集）.xlsx|材料1|375,3,正弦波,正弦波,正弦波,正弦波,三角波,正弦波
附件一（训练集）.xlsx|材料1|376,3,正弦波,正弦波,正弦波,正弦波,三角波,正弦波
附件一（训练集）.xlsx|材料1|377,4,正弦波,正弦波,正弦波,正弦波,梯形波,正弦波
附件一（训练集）.xlsx|材料1|378,3,正弦波,正弦波,正弦波,正弦波,三角波,正弦波
附件一（训练集）.xlsx|材料1|379,1,正弦波,正弦波,正弦波,正弦波,梯形波,正弦波
附件一（训练集）.xlsx|材料1|38,3,正弦波,正弦波,正弦波,正弦波,正弦波,正弦波
附件一（训练集）.xlsx|材料1|380,3,正弦波,正弦波,正弦波,正弦波,三角波,正弦波
附件一（训练集）.xlsx|材料1|381,0,正弦波,正弦波,正弦波,正弦波,三角波,正弦波
附件一（训练集）.xlsx|材料1|382,1,正弦波,正弦波,正弦波,正弦波,梯形波,正弦波
附件一（训练集）.xlsx|材料1|383,4,正弦波,正弦波,正弦波,正弦波,正弦波,正弦波
附件一（训练集）.xlsx|材料1|384,0,正弦波,正弦波,正弦波,正弦波,正弦波,正弦波
附件一（训练集）.xlsx|材料1|385,2,正弦波,正弦波,正弦波,正弦波,正弦波,正弦波
附件一（训练集）.xlsx|材料1|386,1,正弦波,正弦波,正弦波,正弦波,正弦波,正弦波
附件一（训练集）.xlsx|材料1|387,0,正弦波,正弦波,正弦波,正弦波,正弦波,正弦波
附件一（训练集）.xlsx|材料1|388,1,正弦波,正弦波,正弦波,正弦波,正弦波,正弦波
附件一（训练集）.xlsx|材料1|389,4,正弦波,正弦波,正弦波,正弦波,正弦波,正弦波
附件一（训练集）.xlsx|材料1|39,1,正弦波,正弦波,正弦波,正弦波,正弦波,正弦波
附件一（训练集）.xlsx|材料1|390,3,正弦波,正弦波,正弦波,正弦波,正弦波,正弦波
附件一（训练集）.xlsx|材料1|391,4,正弦波,正弦波,正弦波,正弦波,正弦波,正弦波
附件一（训练集）.xlsx|材料1|392,4,正弦波,正弦波,正弦波,正弦波,三角波,正弦波
附件一（训练集）.xlsx|材料1|393,1,正弦波,正弦波,正弦波,正弦波,三角波,正弦波
附件一（训练集）.xlsx|材料1|394,0,正弦波,正弦波,正弦波,正弦波,三角波,正弦波
附件一（训练集）.xlsx|材料1|395,3,正弦波,正弦波,正弦波,正弦波,三角波,正弦波
附件一（训练集）.xlsx|材料1|396,1,正弦波,正弦波,正弦波,正弦波,三角波,正弦波
附件一（训练集）.xlsx|材料1|397,4,正弦波,正弦波,正弦波,正弦波,三角波,正弦波
附件一（训练集）.xlsx|材料1|398,4,正弦波,正弦波,正弦波,正弦波,三角波,正弦波
附件一（训练集）.xlsx|材料1|399,1,正弦波,正弦波,正弦波,正弦波,三角波,正弦波
附件一（训练集）.xlsx|材料1|4,0,正弦波,正弦波,正弦波,正弦波,正弦波,正弦波
附件一（训练集）.xlsx|材料1|40,3,正弦波,正弦波,正弦波,正弦波,正弦波,正弦波
附件一（训练集）.xlsx|材料1|400,4,正弦波,正弦波,正弦波,正弦波,梯形波,正弦波
附件一（训练集）.xlsx|材料1|401,4,正弦波,正弦波,正弦波,正弦波,梯形波,正弦波
附件一（训练集）.xlsx|材料1|402,3,正弦波,正弦波,正弦波,正弦波,正弦波,正弦波
附件一（训练集）.xlsx|材料1|403,3,正弦波,正弦波,正弦波,正弦波,正弦波,正弦波
附件一（训练集）.xlsx|材料1|404,2,正弦波,正弦波,正弦波,正弦波,正弦波,正弦波
附件一（训练集）.xlsx|材料1|405,2,正弦波,正弦波,正弦波,正弦波,正弦波,正弦波
附件一（训练集）.xlsx|材料1|406,4,正弦波,正弦波,正弦波,正弦波,正弦波,正弦波
附件一（训练集）.xlsx|材料1|407,4,正弦波,正弦波,正弦波,正弦波,正弦波,正弦波
附件一（训练集）.xlsx|材料1|408,0,正弦波,正弦波,正弦波,正弦波,正弦波,正弦波
附件一（训练集）.xlsx|材料1|409,3,正弦波,正弦波,正弦波,正弦波,三角波,正弦波
附件一（训练集）.xlsx|材料1|41,3,正弦波,正弦波,正弦波,正弦波,正弦波,正弦波
附件一（训练集）.xlsx|材料1|410,2,正弦波,正弦波,正弦波,正弦波,三角波,正弦波
附件一（训练集）.xlsx|材料1|411,0,正弦波,正弦波,正弦波,正弦波,三角波,正弦波
附件一（训练集）.xlsx|材料1|412,0,正弦波,正弦波,正弦波,正弦波,三角波,正弦波
附件一（训练集）.xlsx|材料1|413,4,正弦波,正弦波,正弦波,正弦波,三角波,正弦波
附件一（训练集）.xlsx|材料1|414,4,正弦波,正弦波,正弦波,正弦波,三角波,正弦波
附件一（训练集）.xlsx|材料1|415,2,正弦波,正弦波,正弦波,正弦波,三角波,正弦波
附件一（训练集）.xlsx|材料1|416,2,正弦波,正弦波,正弦波,正弦波,三角波,正弦波
附件一（训练集）.xlsx|材料1|417,3,正弦波,正弦波,正弦波,正弦波,三角波,正弦波
附件一（训练集）.xlsx|材料1|418,2,正弦波,正弦波,正弦波,正弦波,三角波,正弦波
附件一（训练集）.xlsx|材料1|419,1,正弦波,正弦波,正弦波,正弦波,正弦波,正弦波
附件一（训练集）.xlsx|材料1|42,0,正弦波,正弦波,正弦波,正弦波,正弦波,正弦波
附件一（训练集）.xlsx|材料1|420,3,正弦波,正弦波,正弦波,正弦波,正弦波,正弦波
附件一（训练集）.xlsx|材料1|421,3,正弦波,正弦波,正弦波,正弦波,正弦波,正弦波
附件一（训练集）.xlsx|材料1|422,1,正弦波,正弦波,正弦波,正弦波,正弦波,正弦波
附件一（训练集）.xlsx|材料1|423,2,正弦波,正弦波,正弦波,正弦波,正弦波,正弦波
附件一（训练集）.xlsx|材料1|424,0,正弦波,正弦波,正弦波,正弦波,正弦波,正弦波
附件一（训练集）.xlsx|材料1|425,3,正弦波,正弦波,正弦波,正弦波,三角波,正弦波
附件一（训练集）.xlsx|材料1|426,2,正弦波,正弦波,正弦波,正弦波,三角波,正弦波
附件一（训练集）.xlsx|材料1|427,2,正弦波,正弦波,正弦波,正弦波,三角波,正弦波
附件一（训练集）.xlsx|材料1|428,4,正弦波,正弦波,正弦波,正弦波,三角波,正弦波
附件一（训练集）.xlsx|材料1|429,4,正弦波,正弦波,正弦波,正弦波,三角波,正弦波
附件一（训练集）.xlsx|材料1|43,4,正弦波,正弦波,正弦波,正弦波,正弦波,正弦波
附件一（训练集）.xlsx|材料1|430,4,正弦波,正弦波,正弦波,正弦波,三角波,正弦波
附件一（训练集）.xlsx|材料1|431,4,正弦波,正弦波,正弦波,正弦波,三角波,正弦波
附件一（训练集）.xlsx|材料1|432,3,正弦波,正弦波,正弦波,正弦波,三角波,正弦波
附件一（训练集）.xlsx|材料1|433,1,正弦波,正弦波,正弦波,正弦波,三角波,正弦波
附件一（训练集）.xlsx|材料1|434,1,正弦波,正弦波,正弦波,正弦波,三角波,正弦波
附件一（训练集）.xlsx|材料1|435,1,正弦波,正弦波,正弦波,正弦波,正弦波,正弦波
附件一（训练集）.xlsx|材料1|436,3,正弦波,正弦波,正弦波,正弦波,正弦波,正弦波
附件一（训练集）.xlsx|材料1|437,0,正弦波,正弦波,正弦波,正弦波,正弦波,正弦波
附件一（训练集）.xlsx|材料1|438,0,正弦波,正弦波,正弦波,正弦波,正弦波,正弦波
附件一（训练集）.xlsx|材料1|439,0,正弦波,正弦波,正弦波,正弦波,正弦波,正弦波
附件一（训练集）.xlsx|材料1|44,1,正弦波,正弦波,正弦波,正弦波,正弦波,正弦波
附件一（训练集）.xlsx|材料1|440,2,正弦波,正弦波,正弦波,正弦波,正弦波,正弦波
附件一（训练集）.xlsx|材料1|441,1,正弦波,正弦波,正弦波,正弦波,三角波,正弦波
附件一（训练集）.xlsx|材料1|442,3,正弦波,正弦波,正弦波,正弦波,三角波,正弦波
附件一（训练集）.xlsx|材料1|443,3,正弦波,正弦波,正弦波,正弦波,三角波,正弦波
附件一（训练集）.xlsx|材料1|444,4,正弦波,正弦波,正弦波,正弦波,三角波,正弦波
附件一（训练集）.xlsx|材料1|445,2,正弦波,正弦波,正弦波,正弦波,三角波,正弦波
附件一（训练集）.xlsx|材料1|446,0,正弦波,正弦波,正弦波,正弦波,三角波,正弦波
附件一（训练集）.xlsx|材料1|447,4,正弦波,正弦波,正弦波,正弦波,三角波,正弦波
附件一（训练集）.xlsx|材料1|448,0,正弦波,正弦波,正弦波,正弦波,三角波,正弦波
附件一（训练集）.xlsx|材料1|449,2,正弦波,正弦波,正弦波,正弦波,三角波,正弦波
附件一（训练集）.xlsx|材料1|45,4,正弦波,正弦波,正弦波,正弦波,正弦波,正弦波
附件一（训练集）.xlsx|材料1|450,1,正弦波,正弦波,正弦波,正弦波,三角波,正弦波
附件一（训练集）.xlsx|材料1|451,4,正弦波,正弦波,正弦波,正弦波,三角波,正弦波
附件一（训练集）.xlsx|材料1|452,0,正弦波,正弦波,正弦波,正弦波,三角波,正弦波
附件一（训练集）.xlsx|材料1|453,3,正弦波,正弦波,正弦波,正弦波,正弦波,正弦波
附件一（训练集）.xlsx|材料1|454,2,正弦波,正弦波,正弦波,正弦波,正弦波,正弦波
附件一（训练集）.xlsx|材料1|455,3,正弦波,正弦波,正弦波,正弦波,正弦波,正弦波
附件一（训练集）.xlsx|材料1|456,3,正弦波,正弦波,正弦波,正弦波,正弦波,正弦波
附件一（训练集）.xlsx|材料1|457,2,正弦波,正弦波,正弦波,正弦波,三角波,正弦波
附件一（训练集）.xlsx|材料1|458,2,正弦波,正弦波,正弦波,正弦波,三角波,正弦波
附件一（训练集）.xlsx|材料1|459,4,正弦波,正弦波,正弦波,正弦波,三角波,正弦波
附件一（训练集）.xlsx|材料1|46,4,正弦波,正弦波,正弦波,正弦波,正弦波,正弦波
附件一（训练集）.xlsx|材料1|460,3,正弦波,正弦波,正弦波,正弦波,三角波,正弦波
附件一（训练集）.xlsx|材料1|461,2,正弦波,正弦波,正弦波,正弦波,三角波,正弦波
附件一（训练集）.xlsx|材料1|462,2,正弦波,正弦波,正弦波,正弦波,三角波,正弦波
附件一（训练集）.xlsx|材料1|463,1,正弦波,正弦波,正弦波,正弦波,三角波,正弦波
附件一（训练集）.xlsx|材料1|464,2,正弦波,正弦波,正弦波,正弦波,三角波,正弦波
附件一（训练集）.xlsx|材料1|465,2,正弦波,正弦波,正弦波,正弦波,三角波,正弦波
附件一（训练集）.xlsx|材料1|466,0,正弦波,正弦波,正弦波,正弦波,三角波,正弦波
附件一（训练集）.xlsx|材料1|467,1,正弦波,正弦波,正弦波,正弦波,三角波,正弦波
附件一（训练集）.xlsx|材料1|468,3,正弦波,正弦波,正弦波,正弦波,三角波,正弦波
附件一（训练集）.xlsx|材料1|469,4,正弦波,正弦波,正弦波,正弦波,三角波,正弦波
附件一（训练集）.xlsx|材料1|47,4,正弦波,正弦波,正弦波,正弦波,正弦波,正弦波
附件一（训练集）.xlsx|材料1|470,0,正弦波,正弦波,正弦波,正弦波,三角波,正弦波
附件一（训练集）.xlsx|材料1|471,3,正弦波,正弦波,正弦波,正弦波,正弦波,正弦波
附件一（训练集）.xlsx|材料1|472,1,正弦波,正弦波,正弦波,正弦波,正弦波,正弦波
附件一（训练集）.xlsx|材料1|473,3,正弦波,正弦波,正弦波,正弦波,正弦波,正弦波
附件一（训练集）.xlsx|材料1|474,0,正弦波,正弦波,正弦波,正弦波,正弦波,正弦波
附件一（训练集）.xlsx|材料1|475,0,正弦波,正弦波,正弦波,正弦波,三角波,正弦波
附件一（训练集）.xlsx|材料1|476,1,正弦波,正弦波,正弦波,正弦波,三角波,正弦波
附件一（训练集）.xlsx|材料1|477,3,正弦波,正弦波,正弦波,正弦波,三角波,正弦波
附件一（训练集）.xlsx|材料1|478,3,正弦波,正弦波,正弦波,正弦波,三角波,正弦波
附件一（训练集）.xlsx|材料1|479,2,正弦波,正弦波,正弦波,正弦波,三角波,正弦波
附件一（训练集）.xlsx|材料1|48,1,正弦波,正弦波,正弦波,正弦波,梯形波,正弦波
附件一（训练集）.xlsx|材料1|480,1,正弦波,正弦波,正弦波,正弦波,三角波,正弦波
附件一（训练集）.xlsx|材料1|481,1,正弦波,正弦波,正弦波,正弦波,三角波,正弦波
附件一（训练集）.xlsx|材料1|482,2,正弦波,正弦波,正弦波,正弦波,三角波,正弦波
附件一（训练集）.xlsx|材料1|483,0,正弦波,正弦波,正弦波,正弦波,三角波,正弦波
附件一（训练集）.xlsx|材料1|484,1,正弦波,正弦波,正弦波,正弦波,三角波,正弦波
附件一（训练集）.xlsx|材料1|485,4,正弦波,正弦波,正弦波,正弦波,三角波,正弦波
附件一（训练集）.xlsx|材料1|486,1,正弦波,正弦波,正弦波,正弦波,正弦波,正弦波
附件一（训练集）.xlsx|材料1|487,3,正弦波,正弦波,正弦波,正弦波,正弦波,正弦波
附件一（训练集）.xlsx|材料1|488,0,正弦波,正弦波,正弦波,正弦波,正弦波,正弦波
附件一（训练集）.xlsx|材料1|489,1,正弦波,正弦波,正弦波,正弦波,三角波,正弦波
附件一（训练集）.xlsx|材料1|49,2,正弦波,正弦波,正弦波,正弦波,梯形波,正弦波
附件一（训练集）.xlsx|材料1|490,3,正弦波,正弦波,正弦波,正弦波,三角波,正弦波
附件一（训练集）.xlsx|材料1|491,0,正弦波,正弦波,正弦波,正弦波,三角波,正弦波
附件一（训练集）.xlsx|材料1|492,2,正弦波,正弦波,正弦波,正弦波,三角波,正弦波
附件一（训练集）.xlsx|材料1|493,4,正弦波,正弦波,正弦波,正弦波,三角波,正弦波
附件一（训练集）.xlsx|材料1|494,2,正弦波,正弦波,正弦波,正弦波,三角波,正弦波
附件一（训练集）.xlsx|材料1|495,4,正弦波,正弦波,正弦波,正弦波,三角波,正弦波
附件一（训练集）.xlsx|材料1|496,0,正弦波,正弦波,正弦波,正弦波,三角波,正弦波
附件一（训练集）.xlsx|材料1|497,0,正弦波,正弦波,正弦波,正弦波,三角波,正弦波
附件一（训练集）.xlsx|材料1|498,0,正弦波,正弦波,正弦波,正弦波,三角波,正弦波
附件一（训练集）.xlsx|材料1|499,4,正弦波,正弦波,正弦波,正弦波,三角波,正弦波
附件一（训练集）.xlsx|材料1|5,2,正弦波,正弦波,正弦波,正弦波,正弦波,正弦波
附件一（训练集）.xlsx|材料1|50,1,正弦波,正弦波,正弦波,正弦波,梯形波,正弦波
附件一（训练集）.xlsx|材料1|500,2,正弦波,正弦波,正弦波,正弦波,三角波,正弦波
附件一（训练集）.xlsx|材料1|501,3,正弦波,正弦波,正弦波,正弦波,三角波,正弦波
附件一（训练集）.xlsx|材料1|502,1,正弦波,正弦波,正弦波,正弦波,三角波,正弦波
附件一（训练集）.xlsx|材料1|503,4,正弦波,正弦波,正弦波,正弦波,三角波,正弦波
附件一（训练集）.xlsx|材料1|504,1,正弦波,正弦波,正弦波,正弦波,三角波,正弦波
附件一（训练集）.xlsx|材料1|505,0,正弦波,正弦波,正弦波,正弦波,三角波,正弦波
附件一（训练集）.xlsx|材料1|506,4,正弦波,正弦波,正弦波,正弦波,三角波,正弦波
附件一（训练集）.xlsx|材料1|507,1,正弦波,正弦波,正弦波,正弦波,三角波,正弦波
附件一（训练集）.xlsx|材料1|508,2,正弦波,正弦波,正弦波,正弦波,三角波,正弦波
附件一（训练集）.xlsx|材料1|509,3,正弦波,正弦波,正弦波,正弦波,三角波,正弦波
附件一（训练集）.xlsx|材料1|51,2,正弦波,正弦波,正弦波,正弦波,梯形波,正弦波
附件一（训练集）.xlsx|材料1|510,4,正弦波,正弦波,正弦波,正弦波,三角波,正弦波
附件一（训练集）.xlsx|材料1|511,4,正弦波,正弦波,正弦波,正弦波,三角波,正弦波
附件一（训练集）.xlsx|材料1|512,2,正弦波,正弦波,正弦波,正弦波,三角波,正弦波
附件一（训练集）.xlsx|材料1|513,2,正弦波,正弦波,正弦波,正弦波,三角波,正弦波
附件一（训练集）.xlsx|材料1|514,0,正弦波,正弦波,正弦波,正弦波,三角波,正弦波
附件一（训练集）.xlsx|材料1|515,4,正弦波,正弦波,正弦波,正弦波,三角波,正弦波
附件一（训练集）.xlsx|材料1|516,4,正弦波,正弦波,正弦波,正弦波,三角波,正弦波
附件一（训练集）.xlsx|材料1|517,2,正弦波,正弦波,正弦波,正弦波,三角波,正弦波
附件一（训练集）.xlsx|材料1|518,2,正弦波,正弦波,正弦波,正弦波,三角波,正弦波
附件一（训练集）.xlsx|材料1|519,1,正弦波,正弦波,正弦波,正弦波,三角波,正弦波
附件一（训练集）.xlsx|材料1|52,2,正弦波,正弦波,正弦波,正弦波,梯形波,正弦波
附件一（训练集）.xlsx|材料1|520,1,正弦波,正弦波,正弦波,正弦波,三角波,正弦波
附件一（训练集）.xlsx|材料1|521,4,正弦波,正弦波,正弦波,正弦波,三角波,正弦波
附件一（训练集）.xlsx|材料1|522,3,正弦波,正弦波,正弦波,正弦波,三角波,正弦波
附件一（训练集）.xlsx|材料1|523,2,正弦波,正弦波,正弦波,正弦波,三角波,正弦波
附件一（训练集）.xlsx|材料1|524,0,正弦波,正弦波,正弦波,正弦波,三角波,正弦波
附件一（训练集）.xlsx|材料1|525,3,正弦波,正弦波,正弦波,正弦波,三角波,正弦波
附件一（训练集）.xlsx|材料1|526,2,正弦波,正弦波,正弦波,正弦波,三角波,正弦波
附件一（训练集）.xlsx|材料1|527,3,正弦波,正弦波,正弦波,正弦波,三角波,正弦波
附件一（训练集）.xlsx|材料1|528,2,正弦波,正弦波,正弦波,正弦波,三角波,正弦波
附件一（训练集）.xlsx|材料1|529,3,正弦波,正弦波,正弦波,正弦波,正弦波,正弦波
附件一（训练集）.xlsx|材料1|53,4,正弦波,正弦波,正弦波,正弦波,正弦波,正弦波
附件一（训练集）.xlsx|材料1|530,2,正弦波,正弦波,正弦波,正弦波,正弦波,正弦波
附件一（训练集）.xlsx|材料1|531,2,正弦波,正弦波,正弦波,正弦波,正弦波,正弦波
附件一（训练集）.xlsx|材料1|532,4,正弦波,正弦波,正弦波,正弦波,正弦波,正弦波
附件一（训练集）.xlsx|材料1|533,2,正弦波,正弦波,正弦波,正弦波,正弦波,正弦波
附件一（训练集）.xlsx|材料1|534,1,正弦波,正弦波,正弦波,正弦波,正弦波,正弦波
附件一（训练集）.xlsx|材料1|535,2,正弦波,正弦波,正弦波,正弦波,正弦波,正弦波
附件一（训练集）.xlsx|材料1|536,3,正弦波,正弦波,正弦波,正弦波,正弦波,正弦波
附件一（训练集）.xlsx|材料1|537,4,正弦波,正弦波,正弦波,正弦波,正弦波,正弦波
附件一（训练集）.xlsx|材料1|538,4,正弦波,正弦波,正弦波,正弦波,正弦波,正弦波
附件一（训练集）.xlsx|材料1|539,3,正弦波,正弦波,正弦波,正弦波,正弦波,正弦波
附件一（训练集）.xlsx|材料1|54,2,正弦波,正弦波,正弦波,正弦波,正弦波,正弦波
附件一（训练集）.xlsx|材料1|540,1,正弦波,正弦波,正弦波,正弦波,梯形波,正弦波
附件一（训练集）.xlsx|材料1|541,2,正弦波,正弦波,正弦波,正弦波,梯形波,正弦波
附件一（训练集）.xlsx|材料1|542,4,正弦波,正弦波,正弦波,正弦波,梯形波,正弦波
附件一（训练集）.xlsx|材料1|543,0,正弦波,正弦波,正弦波,正弦波,正弦波,正弦波
附件一（训练集）.xlsx|材料1|544,3,正弦波,正弦波,正弦波,正弦波,正弦波,正弦波
附件一（训练集）.xlsx|材料1|545,4,正弦波,正弦波,正弦波,正弦波,正弦波,正弦波
附件一（训练集）.xlsx|材料1|546,2,正弦波,正弦波,正弦波,正弦波,正弦波,正弦波
附件一（训练集）.xlsx|材料1|547,2,正弦波,正弦波,正弦波,正弦波,正弦波,正弦波
附件一（训练集）.xlsx|材料1|548,1,正弦波,正弦波,正弦波,正弦波,正弦波,正弦波
附件一（训练集）.xlsx|材料1|549,3,正弦波,正弦波,正弦波,正弦波,正弦波,正弦波
附件一（训练集）.xlsx|材料1|55,2,正弦波,正弦波,正弦波,正弦波,正弦波,正弦波
附件一（训练集）.xlsx|材料1|550,3,正弦波,正弦波,正弦波,正弦波,正弦波,正弦波
附件一（训练集）.xlsx|材料1|551,3,正弦波,正弦波,正弦波,正弦波,正弦波,正弦波
附件一（训练集）.xlsx|材料1|552,2,正弦波,正弦波,正弦波,正弦波,正弦波,正弦波
附件一（训练集）.xlsx|材料1|553,2,正弦波,正弦波,正弦波,正弦波,正弦波,正弦波
附件一（训练集）.xlsx|材料1|554,0,正弦波,正弦波,正弦波,正弦波,正弦波,正弦波
附件一（训练集）.xlsx|材料1|555,0,正弦波,正弦波,正弦波,正弦波,正弦波,正弦波
附件一（训练集）.xlsx|材料1|556,3,正弦波,正弦波,正弦波,正弦波,梯形波,正弦波
附件一（训练集）.xlsx|材料1|557,4,正弦波,正弦波,正弦波,正弦波,梯形波,正弦波
附件一（训练集）.xlsx|材料1|558,0,正弦波,正弦波,正弦波,正弦波,梯形波,正弦波
附件一（训练集）.xlsx|材料1|559,2,正弦波,正弦波,正弦波,正弦波,梯形波,正弦波
附件一（训练集）.xlsx|材料1|56,4,正弦波,正弦波,正弦波,正弦波,正弦波,正弦波
附件一（训练集）.xlsx|材料1|560,1,正弦波,正弦波,正弦波,正弦波,梯形波,正弦波
附件一（训练集）.xlsx|材料1|561,1,正弦波,正弦波,正弦波,正弦波,正弦波,正弦波
附件一（训练集）.xlsx|材料1|562,1,正弦波,正弦波,正弦波,正弦波,正弦波,正弦波
附件一（训练集）.xlsx|材料1|563,4,正弦波,正弦波,正弦波,正弦波,正弦波,正弦波
附件一（训练集）.xlsx|材料1|564,2,正弦波,正弦波,正弦波,正弦波,正弦波,正弦波
附件一（训练集）.xlsx|材料1|565,4,正弦波,正弦波,正弦波,正弦波,正弦波,正弦波
附件一（训练集）.xlsx|材料1|566,1,正弦波,正弦波,正弦波,正弦波,正弦波,正弦波
附件一（训练集）.xlsx|材料1|567,1,正弦波,正弦波,正弦波,正弦波,正弦波,正弦波
附件一（训练集）.xlsx|材料1|568,0,正弦波,正弦波,正弦波,正弦波,正弦波,正弦波
附件一（训练集）.xlsx|材料1|569,0,正弦波,正弦波,正弦波,正弦波,正弦波,正弦波
附件一（训练集）.xlsx|材料1|57,4,正弦波,正弦波,正弦波,正弦波,正弦波,正弦波
附件一（训练集）.xlsx|材料1|570,4,正弦波,正弦波,正弦波,正弦波,正弦波,正弦波
附件一（训练集）.xlsx|材料1|571,2,正弦波,正弦波,正弦波,正弦波,正弦波,正弦波
附件一（训练集）.xlsx|材料1|572,1,正弦波,正弦波,正弦波,正弦波,梯形波,正弦波
附件一（训练集）.xlsx|材料1|573,3,正弦波,正弦波,正弦波,正弦波,正弦波,正弦波
附件一（训练集）.xlsx|材料1|574,1,正弦波,正弦波,正弦波,正弦波,梯形波,正弦波
附件一（训练集）.xlsx|材料1|575,0,正弦波,正弦波,正弦波,正弦波,梯形波,正弦波
附件一（训练集）.xlsx|材料1|576,2,正弦波,正弦波,正弦波,正弦波,梯形波,正弦波
附件一（训练集）.xlsx|材料1|577,4,正弦波,正弦波,正弦波,正弦波,梯形波,正弦波
附件一（训练集）.xlsx|材料1|578,1,正弦波,正弦波,正弦波,正弦波,梯形波,正弦波
附件一（训练集）.xlsx|材料1|579,3,正弦波,正弦波,正弦波,正弦波,正弦波,正弦波
附件一（训练集）.xlsx|材料1|58,1,正弦波,正弦波,正弦波,正弦波,正弦波,正弦波
附件一（训练集）.xlsx|材料1|580,2,正弦波,正弦波,正弦波,正弦波,正弦波,正弦波
附件一（训练集）.xlsx|材料1|581,1,正弦波,正弦波,正弦波,正弦波,正弦波,正弦波
附件一（训练集）.xlsx|材料1|582,3,正弦波,正弦波,正弦波,正弦波,正弦波,正弦波
附件一（训练集）.xlsx|材料1|583,0,正弦波,正弦波,正弦波,正弦波,正弦波,正弦波
附件一（训练集）.xlsx|材料1|584,0,正弦波,正弦波,正弦波,正弦波,正弦波,正弦波
附件一（训练集）.xlsx|材料1|585,0,正弦波,正弦波,正弦波,正弦波,正弦波,正弦波
附件一（训练集）.xlsx|材料1|586,4,正弦波,正弦波,正弦波,正弦波,正弦波,正弦波
附件一（训练集）.xlsx|材料1|587,3,正弦波,正弦波,正弦波,正弦波,正弦波,正弦波
附件一（训练集）.xlsx|材料1|588,2,正弦波,正弦波,正弦波,正弦波,梯形波,正弦波
附件一（训练集）.xlsx|材料1|589,3,正弦波,正弦波,正弦波,正弦波,梯形波,正弦波
附件一（训练集）.xlsx|材料1|59,2,正弦波,正弦波,正弦波,正弦波,正弦波,正弦波
附件一（训练集）.xlsx|材料1|590,2,正弦波,正弦波,正弦波,正弦波,梯形波,正弦波
附件一（训练集）.xlsx|材料1|591,0,正弦波,正弦波,正弦波,正弦波,梯形波,正弦波
附件一（训练集）.xlsx|材料1|592,0,正弦波,正弦波,正弦波,正弦波,梯形波,正弦波
附件一（训练集）.xlsx|材料1|593,1,正弦波,正弦波,正弦波,正弦波,正弦波,正弦波
附件一（训练集）.xlsx|材料1|594,2,正弦波,正弦波,正弦波,正弦波,正弦波,正弦波
附件一（训练集）.xlsx|材料1|595,3,正弦波,正弦波,正弦波,正弦波,正弦波,正弦波
附件一（训练集）.xlsx|材料1|596,0,正弦波,正弦波,正弦波,正弦波,正弦波,正弦波
附件一（训练集）.xlsx|材料1|597,2,正弦波,正弦波,正弦波,正弦波,正弦波,正弦波
附件一（训练集）.xlsx|材料1|598,1,正弦波,正弦波,正弦波,正弦波,梯形波,正弦波
附件一（训练集）.xlsx|材料1|599,4,正弦波,正弦波,正弦波,正弦波,梯形波,正弦波
附件一（训练集）.xlsx|材料1|6,2,正弦波,正弦波,正弦波,正弦波,正弦波,正弦波
附件一（训练集）.xlsx|材料1|60,1,正弦波,正弦波,正弦波,正弦波,正弦波,正弦波
附件一（训练集）.xlsx|材料1|600,3,正弦波,正弦波,正弦波,正弦波,梯形波,正弦波
附件一（训练集）.xlsx|材料1|601,0,正弦波,正弦波,正弦波,正弦波,梯形波,正弦波
附件一（训练集）.xlsx|材料1|602,0,正弦波,正弦波,正弦波,正弦波,梯形波,正弦波
附件一（训练集）.xlsx|材料1|603,0,正弦波,正弦波,正弦波,正弦波,梯形波,正弦波
附件一（训练集）.xlsx|材料1|604,1,正弦波,正弦波,正弦波,正弦波,梯形波,正弦波
附件一（训练集）.xlsx|材料1|605,3,正弦波,正弦波,正弦波,正弦波,正弦波,正弦波
附件一（训练集）.xlsx|材料1|606,1,正弦波,正弦波,正弦波,正弦波,正弦波,正弦波
附件一（训练集）.xlsx|材料1|607,4,正弦波,正弦波,正弦波,正弦波,正弦波,正弦波
附件一（训练集）.xlsx|材料1|608,4,正弦波,正弦波,正弦波,正弦波,正弦波,正弦波
附件一（训练集）.xlsx|材料1|609,4,正弦波,正弦波,正弦波,正弦波,正弦波,正弦波
附件一（训练集）.xlsx|材料1|61,3,正弦波,正弦波,正弦波,正弦波,正弦波,正弦波
附件一（训练集）.xlsx|材料1|610,0,正弦波,正弦波,正弦波,正弦波,正弦波,正弦波
附件一（训练集）.xlsx|材料1|611,4,正弦波,正弦波,正弦波,正弦波,梯形波,正弦波
附件一（训练集）.xlsx|材料1|612,3,正弦波,正弦波,正弦波,正弦波,梯形波,正弦波
附件一（训练集）.xlsx|材料1|613,3,正弦波,正弦波,正弦波,正弦波,梯形波,正弦波
附件一（训练集）.xlsx|材料1|614,4,正弦波,正弦波,正弦波,正弦波,梯形波,正弦波
附件一（训练集）.xlsx|材料1|615,1,正弦波,正弦波,正弦波,正弦波,梯形波,正弦波
附件一（训练集）.xlsx|材料1|616,1,正弦波,正弦波,正弦波,正弦波,梯形波,正弦波
附件一（训练集）.xlsx|材料1|617,0,正弦波,正弦波,正弦波,正弦波,三角波,正弦波
附件一（训练集）.xlsx|材料1|618,2,正弦波,正弦波,正弦波,正弦波,正弦波,正弦波
附件一（训练集）.xlsx|材料1|619,4,正弦波,正弦波,正弦波,正弦波,正弦波,正弦波
附件一（训练集）.xlsx|材料1|62,1,正弦波,正弦波,正弦波,正弦波,正弦波,正弦波
附件一（训练集）.xlsx|材料1|620,1,正弦波,正弦波,正弦波,正弦波,正弦波,正弦波
附件一（训练集）.xlsx|材料1|621,4,正弦波,正弦波,正弦波,正弦波,正弦波,正弦波
附件一（训练集）.xlsx|材料1|622,2,正弦波,正弦波,正弦波,正弦波,正弦波,正弦波
附件一（训练集）.xlsx|材料1|623,4,正弦波,正弦波,正弦波,正弦波,正弦波,正弦波
附件一（训练集）.xlsx|材料1|624,2,正弦波,正弦波,正弦波,正弦波,正弦波,正弦波
附件一（训练集）.xlsx|材料1|625,0,正弦波,正弦波,正弦波,正弦波,三角波,正弦波
附件一（训练集）.xlsx|材料1|626,1,正弦波,正弦波,正弦波,正弦波,三角波,正弦波
附件一（训练集）.xlsx|材料1|627,0,正弦波,正弦波,正弦波,正弦波,三角波,正弦波
附件一（训练集）.xlsx|材料1|628,2,正弦波,正弦波,正弦波,正弦波,三角波,正弦波
附件一（训练集）.xlsx|材料1|629,3,正弦波,正弦波,正弦波,正弦波,三角波,正弦波
附件一（训练集）.xlsx|材料1|63,0,正弦波,正弦波,正弦波,正弦波,正弦波,正弦波
附件一（训练集）.xlsx|材料1|630,0,正弦波,正弦波,正弦波,正弦波,三角波,正弦波
附件一（训练集）.xlsx|材料1|631,0,正弦波,正弦波,正弦波,正弦波,三角波,正弦波
附件一（训练集）.xlsx|材料1|632,0,正弦波,正弦波,正弦波,正弦波,正弦波,正弦波
附件一（训练集）.xlsx|材料1|633,3,正弦波,正弦波,正弦波,正弦波,正弦波,正弦波
附件一（训练集）.xlsx|材料1|634,0,正弦波,正弦波,正弦波,正弦波,正弦波,正弦波
附件一（训练集）.xlsx|材料1|635,3,正弦波,正弦波,正弦波,正弦波,正弦波,正弦波
附件一（训练集）.xlsx|材料1|636,2,正弦波,正弦波,正弦波,正弦波,正弦波,正弦波
附件一（训练集）.xlsx|材料1|637,4,正弦波,正弦波,正弦波,正弦波,正弦波,正弦波
附件一（训练集）.xlsx|材料1|638,1,正弦波,正弦波,正弦波,正弦波,三角波,正弦波
附件一（训练集）.xlsx|材料1|639,4,正弦波,正弦波,正弦波,正弦波,三角波,正弦波
附件一（训练集）.xlsx|材料1|64,0,正弦波,正弦波,正弦波,正弦波,正弦波,正弦波
附件一（训练集）.xlsx|材料1|640,4,正弦波,正弦波,正弦波,正弦波,三角波,正弦波
附件一（训练集）.xlsx|材料1|641,0,正弦波,正弦波,正弦波,正弦波,三角波,正弦波
附件一（训练集）.xlsx|材料1|642,1,正弦波,正弦波,正弦波,正弦波,三角波,正弦波
附件一（训练集）.xlsx|材料1|643,3,正弦波,正弦波,正弦波,正弦波,三角波,正弦波
附件一（训练集）.xlsx|材料1|644,4,正弦波,正弦波,正弦波,正弦波,三角波,正弦波
附件一（训练集）.xlsx|材料1|645,4,正弦波,正弦波,正弦波,正弦波,三角波,正弦波
附件一（训练集）.xlsx|材料1|646,3,正弦波,正弦波,正弦波,正弦波,三角波,正弦波
附件一（训练集）.xlsx|材料1|647,3,正弦波,正弦波,正弦波,正弦波,三角波,正弦波
附件一（训练集）.xlsx|材料1|648,1,正弦波,正弦波,正弦波,正弦波,梯形波,正弦波
附件一（训练集）.xlsx|材料1|649,0,正弦波,正弦波,正弦波,正弦波,三角波,正弦波
附件一（训练集）.xlsx|材料1|65,0,正弦波,正弦波,正弦波,正弦波,三角波,正弦波
附件一（训练集）.xlsx|材料1|650,2,正弦波,正弦波,正弦波,正弦波,正弦波,正弦波
附件一（训练集）.xlsx|材料1|651,2,正弦波,正弦波,正弦波,正弦波,正弦波,正弦波
附件一（训练集）.xlsx|材料1|652,3,正弦波,正弦波,正弦波,正弦波,正弦波,正弦波
附件一（训练集）.xlsx|材料1|653,3,正弦波,正弦波,正弦波,正弦波,正弦波,正弦波
附件一（训练集）.xlsx|材料1|654,2,正弦波,正弦波,正弦波,正弦波,正弦波,正弦波
附件一（训练集）.xlsx|材料1|655,4,正弦波,正弦波,正弦波,正弦波,正弦波,正弦波
附件一（训练集）.xlsx|材料1|656,0,正弦波,正弦波,正弦波,正弦波,正弦波,正弦波
附件一（训练集）.xlsx|材料1|657,3,正弦波,正弦波,正弦波,正弦波,正弦波,正弦波
附件一（训练集）.xlsx|材料1|658,3,正弦波,正弦波,正弦波,正弦波,正弦波,正弦波
附件一（训练集）.xlsx|材料1|659,2,正弦波,正弦波,正弦波,正弦波,三角波,正弦波
附件一（训练集）.xlsx|材料1|66,1,正弦波,正弦波,正弦波,正弦波,梯形波,正弦波
附件一（训练集）.xlsx|材料1|660,2,正弦波,正弦波,正弦波,正弦波,三角波,正弦波
附件一（训练集）.xlsx|材料1|661,0,正弦波,正弦波,正弦波,正弦波,三角波,正弦波
附件一（训练集）.xlsx|材料1|662,0,正弦波,正弦波,正弦波,正弦波,三角波,正弦波
附件一（训练集）.xlsx|材料1|663,4,正弦波,正弦波,正弦波,正弦波,三角波,正弦波
附件一（训练集）.xlsx|材料1|664,4,正弦波,正弦波,正弦波,正弦波,三角波,正弦波
附件一（训练集）.xlsx|材料1|665,1,正弦波,正弦波,正弦波,正弦波,三角波,正弦波
附件一（训练集）.xlsx|材料1|666,4,正弦波,正弦波,正弦波,正弦波,三角波,正弦波
附件一（训练集）.xlsx|材料1|667,4,正弦波,正弦波,正弦波,正弦波,梯形波,正弦波
附件一（训练集）.xlsx|材料1|668,0,正弦波,正弦波,正弦波,正弦波,三角波,正弦波
附件一（训练集）.xlsx|材料1|669,3,正弦波,正弦波,正弦波,正弦波,正弦波,正弦波
附件一（训练集）.xlsx|材料1|67,1,正弦波,正弦波,正弦波,正弦波,梯形波,正弦波
附件一（训练集）.xlsx|材料1|670,1,正弦波,正弦波,正弦波,正弦波,正弦波,正弦波
附件一（训练集）.xlsx|材料1|671,4,正弦波,正弦波,正弦波,正弦波,正弦波,正弦波
附件一（训练集）.xlsx|材料1|672,0,正弦波,正弦波,正弦波,正弦波,正弦波,正弦波
附件一（训练集）.xlsx|材料1|673,3,正弦波,正弦波,正弦波,正弦波,三角波,正弦波
附件一（训练集）.xlsx|材料1|674,2,正弦波,正弦波,正弦波,正弦波,三角波,正弦波
附件一（训练集）.xlsx|材料1|675,0,正弦波,正弦波,正弦波,正弦波,三角波,正弦波
附件一（训练集）.xlsx|材料1|676,4,正弦波,正弦波,正弦波,正弦波,三角波,正弦波
附件一（训练集）.xlsx|材料1|677,4,正弦波,正弦波,正弦波,正弦波,三角波,正弦波
附件一（训练集）.xlsx|材料1|678,4,正弦波,正弦波,正弦波,正弦波,三角波,正弦波
附件一（训练集）.xlsx|材料1|679,4,正弦波,正弦波,正弦波,正弦波,三角波,正弦波
附件一（训练集）.xlsx|材料1|68,3,正弦波,正弦波,正弦波,正弦波,正弦波,正弦波
附件一（训练集）.xlsx|材料1|680,3,正弦波,正弦波,正弦波,正弦波,三角波,正弦波
附件一（训练集）.xlsx|材料1|681,4,正弦波,正弦波,正弦波,正弦波,三角波,正弦波
附件一（训练集）.xlsx|材料1|682,0,正弦波,正弦波,正弦波,正弦波,正弦波,正弦波
附件一（训练集）.xlsx|材料1|683,1,正弦波,正弦波,正弦波,正弦波,正弦波,正弦波
附件一（训练集）.xlsx|材料1|684,1,正弦波,正弦波,正弦波,正弦波,正弦波,正弦波
附件一（训练集）.xlsx|材料1|685,2,正弦波,正弦波,正弦波,正弦波,正弦波,正弦波
附件一（训练集）.xlsx|材料1|686,2,正弦波,正弦波,正弦波,正弦波,正弦波,正弦波
附件一（训练集）.xlsx|材料1|687,3,正弦波,正弦波,正弦波,正弦波,正弦波,正弦波
附件一（训练集）.xlsx|材料1|688,1,正弦波,正弦波,正弦波,正弦波,三角波,正弦波
附件一（训练集）.xlsx|材料1|689,3,正弦波,正弦波,正弦波,正弦波,三角波,正弦波
附件一（训练集）.xlsx|材料1|69,0,正弦波,正弦波,正弦波,正弦波,正弦波,正弦波
附件一（训练集）.xlsx|材料1|690,4,正弦波,正弦波,正弦波,正弦波,三角波,正弦波
附件一（训练集）.xlsx|材料1|691,2,正弦波,正弦波,正弦波,正弦波,三角波,正弦波
附件一（训练集）.xlsx|材料1|692,1,正弦波,正弦波,正弦波,正弦波,三角波,正弦波
附件一（训练集）.xlsx|材料1|693,2,正弦波,正弦波,正弦波,正弦波,三角波,正弦波
附件一（训练集）.xlsx|材料1|694,1,正弦波,正弦波,正弦波,正弦波,三角波,正弦波
附件一（训练集）.xlsx|材料1|695,3,正弦波,正弦波,正弦波,正弦波,三角波,正弦波
附件一（训练集）.xlsx|材料1|696,0,正弦波,正弦波,正弦波,正弦波,三角波,正弦波
附件一（训练集）.xlsx|材料1|697,1,正弦波,正弦波,正弦波,正弦波,三角波,正弦波
附件一（训练集）.xlsx|材料1|698,1,正弦波,正弦波,正弦波,正弦波,三角波,正弦波
附件一（训练集）.xlsx|材料1|699,1,正弦波,正弦波,正弦波,正弦波,三角波,正弦波
附件一（训练集）.xlsx|材料1|7,1,正弦波,正弦波,正弦波,正弦波,正弦波,正弦波
附件一（训练集）.xlsx|材料1|70,0,正弦波,正弦波,正弦波,正弦波,正弦波,正弦波
附件一（训练集）.xlsx|材料1|700,2,正弦波,正弦波,正弦波,正弦波,三角波,正弦波
附件一（训练集）.xlsx|材料1|701,1,正弦波,正弦波,正弦波,正弦波,正弦波,正弦波
附件一（训练集）.xlsx|材料1|702,3,正弦波,正弦波,正弦波,正弦波,正弦波,正弦波
附件一（训练集）.xlsx|材料1|703,3,正弦波,正弦波,正弦波,正弦波,正弦波,正弦波
附件一（训练集）.xlsx|材料1|704,1,正弦波,正弦波,正弦波,正弦波,正弦波,正弦波
附件一（训练集）.xlsx|材料1|705,0,正弦波,正弦波,正弦波,正弦波,正弦波,正弦波
附件一（训练集）.xlsx|材料1|706,0,正弦波,正弦波,正弦波,正弦波,三角波,正弦波
附件一（训练集）.xlsx|材料1|707,1,正弦波,正弦波,正弦波,正弦波,三角波,正弦波
附件一（训练集）.xlsx|材料1|708,3,正弦波,正弦波,正弦波,正弦波,三角波,正弦波
附件一（训练集）.xlsx|材料1|709,0,正弦波,正弦波,正弦波,正弦波,三角波,正弦波
附件一（训练集）.xlsx|材料1|71,0,正弦波,正弦波,正弦波,正弦波,正弦波,正弦波
附件一（训练集）.xlsx|材料1|710,1,正弦波,正弦波,正弦波,正弦波,三角波,正弦波
附件一（训练集）.xlsx|材料1|711,3,正弦波,正弦波,正弦波,正弦波,三角波,正弦波
附件一（训练集）.xlsx|材料1|712,2,正弦波,正弦波,正弦波,正弦波,三角波,正弦波
附件一（训练集）.xlsx|材料1|713,0,正弦波,正弦波,正弦波,正弦波,三角波,正弦波
附件一（训练集）.xlsx|材料1|714,0,正弦波,正弦波,正弦波,正弦波,三角波,正弦波
附件一（训练集）.xlsx|材料1|715,0,正弦波,正弦波,正弦波,正弦波,三角波,正弦波
附件一（训练集）.xlsx|材料1|716,4,正弦波,正弦波,正弦波,正弦波,三角波,正弦波
附件一（训练集）.xlsx|材料1|717,2,正弦波,正弦波,正弦波,正弦波,三角波,正弦波
附件一（训练集）.xlsx|材料1|718,4,正弦波,正弦波,正弦波,正弦波,三角波,正弦波
附件一（训练集）.xlsx|材料1|719,3,正弦波,正弦波,正弦波,正弦波,正弦波,正弦波
附件一（训练集）.xlsx|材料1|72,4,正弦波,正弦波,正弦波,正弦波,正弦波,正弦波
附件一（训练集）.xlsx|材料1|720,1,正弦波,正弦波,正弦波,正弦波,正弦波,正弦波
附件一（训练集）.xlsx|材料1|721,3,正弦波,正弦波,正弦波,正弦波,正弦波,正弦波
附件一（训练集）.xlsx|材料1|722,2,正弦波,正弦波,正弦波,正弦波,三角波,正弦波
附件一（训练集）.xlsx|材料1|723,1,正弦波,正弦波,正弦波,正弦波,三角波,正弦波
附件一（训练集）.xlsx|材料1|724,1,正弦波,正弦波,正弦波,正弦波,三角波,正弦波
附件一（训练集）.xlsx|材料1|725,3,正弦波,正弦波,正弦波,正弦波,三角波,正弦波
附件一（训练集）.xlsx|材料1|726,3,正弦波,正弦波,正弦波,正弦波,三角波,正弦波
附件一（训练集）.xlsx|材料1|727,2,正弦波,正弦波,正弦波,正弦波,三角波,正弦波
附件一（训练集）.xlsx|材料1|728,0,正弦波,正弦波,正弦波,正弦波,三角波,正弦波
附件一（训练集）.xlsx|材料1|729,4,正弦波,正弦波,正弦波,正弦波,三角波,正弦波
附件一（训练集）.xlsx|材料1|73,4,正弦波,正弦波,正弦波,正弦波,正弦波,正弦波
附件一（训练集）.xlsx|材料1|730,2,正弦波,正弦波,正弦波,正弦波,三角波,正弦波
附件一（训练集）.xlsx|材料1|731,1,正弦波,正弦波,正弦波,正弦波,三角波,正弦波
附件一（训练集）.xlsx|材料1|732,0,正弦波,正弦波,正弦波,正弦波,三角波,正弦波
附件一（训练集）.xlsx|材料1|733,0,正弦波,正弦波,正弦波,正弦波,三角波,正弦波
附件一（训练集）.xlsx|材料1|734,0,正弦波,正弦波,正弦波,正弦波,三角波,正弦波
附件一（训练集）.xlsx|材料1|735,1,正弦波,正弦波,正弦波,正弦波,三角波,正弦波
附件一（训练集）.xlsx|材料1|736,1,正弦波,正弦波,正弦波,正弦波,三角波,正弦波
附件一（训练集）.xlsx|材料1|737,1,正弦波,正弦波,正弦波,正弦波,正弦波,正弦波
附件一（训练集）.xlsx|材料1|738,0,正弦波,正弦波,正弦波,正弦波,正弦波,正弦波
附件一（训练集）.xlsx|材料1|739,1,正弦波,正弦波,正弦波,正弦波,三角波,正弦波
附件一（训练集）.xlsx|材料1|74,2,正弦波,正弦波,正弦波,正弦波,正弦波,正弦波
附件一（训练集）.xlsx|材料1|740,1,正弦波,正弦波,正弦波,正弦波,三角波,正弦波
附件一（训练集）.xlsx|材料1|741,4,正弦波,正弦波,正弦波,正弦波,三角波,正弦波
附件一（训练集）.xlsx|材料1|742,1,正弦波,正弦波,正弦波,正弦波,三角波,正弦波
附件一（训练集）.xlsx|材料1|743,1,正弦波,正弦波,正弦波,正弦波,三角波,正弦波
附件一（训练集）.xlsx|材料1|744,1,正弦波,正弦波,正弦波,正弦波,三角波,正弦波
附件一（训练集）.xlsx|材料1|745,4,正弦波,正弦波,正弦波,正弦波,三角波,正弦波
附件一（训练集）.xlsx|材料1|746,2,正弦波,正弦波,正弦波,正弦波,三角波,正弦波
附件一（训练集）.xlsx|材料1|747,1,正弦波,正弦波,正弦波,正弦波,三角波,正弦波
附件一（训练集）.xlsx|材料1|748,1,正弦波,正弦波,正弦波,正弦波,三角波,正弦波
附件一（训练集）.xlsx|材料1|749,2,正弦波,正弦波,正弦波,正弦波,三角波,正弦波
附件一（训练集）.xlsx|材料1|75,0,正弦波,正弦波,正弦波,正弦波,正弦波,正弦波
附件一（训练集）.xlsx|材料1|750,4,正弦波,正弦波,正弦波,正弦波,三角波,正弦波
附件一（训练集）.xlsx|材料1|751,2,正弦波,正弦波,正弦波,正弦波,三角波,正弦波
附件一（训练集）.xlsx|材料1|752,0,正弦波,正弦波,正弦波,正弦波,三角波,正弦波
附件一（训练集）.xlsx|材料1|753,1,正弦波,正弦波,正弦波,正弦波,三角波,正弦波
附件一（训练集）.xlsx|材料1|754,3,正弦波,正弦波,正弦波,正弦波,三角波,正弦波
附件一（训练集）.xlsx|材料1|755,3,正弦波,正弦波,正弦波,正弦波,三角波,正弦波
附件一（训练集）.xlsx|材料1|756,4,正弦波,正弦波,正弦波,正弦波,三角波,正弦波
附件一（训练集）.xlsx|材料1|757,1,正弦波,正弦波,正弦波,正弦波,三角波,正弦波
附件一（训练集）.xlsx|材料1|758,1,正弦波,正弦波,正弦波,正弦波,三角波,正弦波
附件一（训练集）.xlsx|材料1|759,1,正弦波,正弦波,正弦波,正弦波,三角波,正弦波
附件一（训练集）.xlsx|材料1|76,0,正弦波,正弦波,正弦波,正弦波,正弦波,正弦波
附件一（训练集）.xlsx|材料1|760,0,正弦波,正弦波,正弦波,正弦波,三角波,正弦波
附件一（训练集）.xlsx|材料1|761,4,正弦波,正弦波,正弦波,正弦波,三角波,正弦波
附件一（训练集）.xlsx|材料1|762,2,正弦波,正弦波,正弦波,正弦波,三角波,正弦波
附件一（训练集）.xlsx|材料1|763,2,正弦波,正弦波,正弦波,正弦波,三角波,正弦波
附件一（训练集）.xlsx|材料1|764,3,正弦波,正弦波,正弦波,正弦波,三角波,正弦波
附件一（训练集）.xlsx|材料1|765,4,正弦波,正弦波,正弦波,正弦波,三角波,正弦波
附件一（训练集）.xlsx|材料1|766,2,正弦波,正弦波,正弦波,正弦波,三角波,正弦波
附件一（训练集）.xlsx|材料1|767,3,正弦波,正弦波,正弦波,正弦波,三角波,正弦波
附件一（训练集）.xlsx|材料1|768,1,正弦波,正弦波,正弦波,正弦波,三角波,正弦波
附件一（训练集）.xlsx|材料1|769,3,正弦波,正弦波,正弦波,正弦波,三角波,正弦波
附件一（训练集）.xlsx|材料1|77,2,正弦波,正弦波,正弦波,正弦波,正弦波,正弦波
附件一（训练集）.xlsx|材料1|770,0,正弦波,正弦波,正弦波,正弦波,三角波,正弦波
附件一（训练集）.xlsx|材料1|771,1,正弦波,正弦波,正弦波,正弦波,三角波,正弦波
附件一（训练集）.xlsx|材料1|772,1,正弦波,正弦波,正弦波,正弦波,三角波,正弦波
附件一（训练集）.xlsx|材料1|773,1,正弦波,正弦波,正弦波,正弦波,三角波,正弦波
附件一（训练集）.xlsx|材料1|774,2,正弦波,正弦波,正弦波,正弦波,三角波,正弦波
附件一（训练集）.xlsx|材料1|775,3,正弦波,正弦波,正弦波,正弦波,三角波,正弦波
附件一（训练集）.xlsx|材料1|776,0,正弦波,正弦波,正弦波,正弦波,三角波,正弦波
附件一（训练集）.xlsx|材料1|777,2,正弦波,正弦波,正弦波,正弦波,三角波,正弦波
附件一（训练集）.xlsx|材料1|778,1,正弦波,正弦波,正弦波,正弦波,三角波,正弦波
附件一（训练集）.xlsx|材料1|779,3,正弦波,正弦波,正弦波,正弦波,三角波,正弦波
附件一（训练集）.xlsx|材料1|78,0,正弦波,正弦波,正弦波,正弦波,正弦波,正弦波
附件一（训练集）.xlsx|材料1|780,3,正弦波,正弦波,正弦波,正弦波,三角波,正弦波
附件一（训练集）.xlsx|材料1|781,2,正弦波,正弦波,正弦波,正弦波,三角波,正弦波
附件一（训练集）.xlsx|材料1|782,2,正弦波,正弦波,正弦波,正弦波,三角波,正弦波
附件一（训练集）.xlsx|材料1|783,1,正弦波,正弦波,正弦波,正弦波,三角波,正弦波
附件一（训练集）.xlsx|材料1|784,3,正弦波,正弦波,正弦波,正弦波,三角波,正弦波
附件一（训练集）.xlsx|材料1|785,0,正弦波,正弦波,正弦波,正弦波,三角波,正弦波
附件一（训练集）.xlsx|材料1|786,0,正弦波,正弦波,正弦波,正弦波,三角波,正弦波
附件一（训练集）.xlsx|材料1|787,0,正弦波,正弦波,正弦波,正弦波,三角波,正弦波
附件一（训练集）.xlsx|材料1|788,2,正弦波,正弦波,正弦波,正弦波,三角波,正弦波
附件一（训练集）.xlsx|材料1|789,4,正弦波,正弦波,正弦波,正弦波,三角波,正弦波
附件一（训练集）.xlsx|材料1|79,0,正弦波,正弦波,正弦波,正弦波,正弦波,正弦波
附件一（训练集）.xlsx|材料1|790,0,正弦波,正弦波,正弦波,正弦波,三角波,正弦波
附件一（训练集）.xlsx|材料1|791,3,正弦波,正弦波,正弦波,正弦波,三角波,正弦波
附件一（训练集）.xlsx|材料1|792,2,正弦波,正弦波,正弦波,正弦波,三角波,正弦波
附件一（训练集）.xlsx|材料1|793,2,正弦波,正弦波,正弦波,正弦波,三角波,正弦波
附件一（训练集）.xlsx|材料1|794,1,正弦波,正弦波,正弦波,正弦波,正弦波,正弦波
附件一（训练集）.xlsx|材料1|795,4,正弦波,正弦波,正弦波,正弦波,正弦波,正弦波
附件一（训练集）.xlsx|材料1|796,1,正弦波,正弦波,正弦波,正弦波,正弦波,正弦波
附件一（训练集）.xlsx|材料1|797,2,正弦波,正弦波,正弦波,正弦波,正弦波,正弦波
附件一（训练集）.xlsx|材料1|798,2,正弦波,正弦波,正弦波,正弦波,正弦波,正弦波
附件一（训练集）.xlsx|材料1|799,4,正弦波,正弦波,正弦波,正弦波,正弦波,正弦波
附件一（训练集）.xlsx|材料1|8,4,正弦波,正弦波,正弦波,正弦波,正弦波,正弦波
附件一（训练集）.xlsx|材料1|80,4,正弦波,正弦波,正弦波,正弦波,三角波,正弦波
附件一（训练集）.xlsx|材料1|800,1,正弦波,正弦波,正弦波,正弦波,正弦波,正弦波
附件一（训练集）.xlsx|材料1|801,2,正弦波,正弦波,正弦波,正弦波,正弦波,正弦波
附件一（训练集）.xlsx|材料1|802,2,正弦波,正弦波,正弦波,正弦波,正弦波,正弦波
附件一（训练集）.xlsx|材料1|803,3,正弦波,正弦波,正弦波,正弦波,正弦波,正弦波
附件一（训练集）.xlsx|材料1|804,0,正弦波,正弦波,正弦波,正弦波,正弦波,正弦波
附件一（训练集）.xlsx|材料1|805,0,正弦波,正弦波,正弦波,正弦波,正弦波,正弦波
附件一（训练集）.xlsx|材料1|806,2,正弦波,正弦波,正弦波,正弦波,梯形波,正弦波
附件一（训练集）.xlsx|材料1|807,1,正弦波,正弦波,正弦波,正弦波,梯形波,正弦波
附件一（训练集）.xlsx|材料1|808,3,正弦波,正弦波,正弦波,正弦波,梯形波,正弦波
附件一（训练集）.xlsx|材料1|809,0,正弦波,正弦波,正弦波,正弦波,梯形波,正弦波
附件一（训练集）.xlsx|材料1|81,3,正弦波,正弦波,正弦波,正弦波,三角波,正弦波
附件一（训练集）.xlsx|材料1|810,3,正弦波,正弦波,正弦波,正弦波,正弦波,正弦波
附件一（训练集）.xlsx|材料1|811,4,正弦波,正弦波,正弦波,正弦波,正弦波,正弦波
附件一（训练集）.xlsx|材料1|812,3,正弦波,正弦波,正弦波,正弦波,正弦波,正弦波
附件一（训练集）.xlsx|材料1|813,3,正弦波,正弦波,正弦波,正弦波,正弦波,正弦波
附件一（训练集）.xlsx|材料1|814,2,正弦波,正弦波,正弦波,正弦波,正弦波,正弦波
附件一（训练集）.xlsx|材料1|815,4,正弦波,正弦波,正弦波,正弦波,正弦波,正弦波
附件一（训练集）.xlsx|材料1|816,0,正弦波,正弦波,正弦波,正弦波,正弦波,正弦波
附件一（训练集）.xlsx|材料1|817,2,正弦波,正弦波,正弦波,正弦波,正弦波,正弦波
附件一（训练集）.xlsx|材料1|818,4,正弦波,正弦波,正弦波,正弦波,正弦波,正弦波
附件一（训练集）.xlsx|材料1|819,2,正弦波,正弦波,正弦波,正弦波,梯形波,正弦波
附件一（训练集）.xlsx|材料1|82,2,正弦波,正弦波,正弦波,正弦波,三角波,正弦波
附件一（训练集）.xlsx|材料1|820,0,正弦波,正弦波,正弦波,正弦波,梯形波,正弦波
附件一（训练集）.xlsx|材料1|821,4,正弦波,正弦波,正弦波,正弦波,梯形波,正弦波
附件一（训练集）.xlsx|材料1|822,4,正弦波,正弦波,正弦波,正弦波,梯形波,正弦波
附件一（训练集）.xlsx|材料1|823,2,正弦波,正弦波,正弦波,正弦波,梯形波,正弦波
附件一（训练集）.xlsx|材料1|824,0,正弦波,正弦波,正弦波,正弦波,梯形波,正弦波
附件一（训练集）.xlsx|材料1|825,4,正弦波,正弦波,正弦波,正弦波,正弦波,正弦波
附件一（训练集）.xlsx|材料1|826,4,正弦波,正弦波,正弦波,正弦波,正弦波,正弦波
附件一（训练集）.xlsx|材料1|827,1,正弦波,正弦波,正弦波,正弦波,正弦波,正弦波
附件一（训练集）.xlsx|材料1|828,3,正弦波,正弦波,正弦波,正弦波,正弦波,正弦波
附件一（训练集）.xlsx|材料1|829,0,正弦波,正弦波,正弦波,正弦波,正弦波,正弦波
附件一（训练集）.xlsx|材料1|83,3,正弦波,正弦波,正弦波,正弦波,三角波,正弦波
附件一（训练集）.xlsx|材料1|830,2,正弦波,正弦波,正弦波,正弦波,正弦波,正弦波
附件一（训练集）.xlsx|材料1|831,4,正弦波,正弦波,正弦波,正弦波,正弦波,正弦波
附件一（训练集）.xlsx|材料1|832,4,正弦波,正弦波,正弦波,正弦波,正弦波,正弦波
附件一（训练集）.xlsx|材料1|833,2,正弦波,正弦波,正弦波,正弦波,正弦波,正弦波
附件一（训练集）.xlsx|材料1|834,3,正弦波,正弦波,正弦波,正弦波,正弦波,正弦波
附件一（训练集）.xlsx|材料1|835,2,正弦波,正弦波,正弦波,正弦波,梯形波,正弦波
附件一（训练集）.xlsx|材料1|836,3,正弦波,正弦波,正弦波,正弦波,梯形波,正弦波
附件一（训练集）.xlsx|材料1|837,1,正弦波,正弦波,正弦波,正弦波,梯形波,正弦波
附件一（训练集）.xlsx|材料1|838,1,正弦波,正弦波,正弦波,正弦波,梯形波,正弦波
附件一（训练集）.xlsx|材料1|839,3,正弦波,正弦波,正弦波,正弦波,梯形波,正弦波
附件一（训练集）.xlsx|材料1|84,0,正弦波,正弦波,正弦波,正弦波,三角波,正弦波
附件一（训练集）.xlsx|材料1|840,2,正弦波,正弦波,正弦波,正弦波,正弦波,正弦波
附件一（训练集）.xlsx|材料1|841,4,正弦波,正弦波,正弦波,正弦波,正弦波,正弦波
附件一（训练集）.xlsx|材料1|842,2,正弦波,正弦波,正弦波,正弦波,正弦波,正弦波
附件一（训练集）.xlsx|材料1|843,2,正弦波,正弦波,正弦波,正弦波,正弦波,正弦波
附件一（训练集）.xlsx|材料1|844,4,正弦波,正弦波,正弦波,正弦波,正弦波,正弦波
附件一（训练集）.xlsx|材料1|845,1,正弦波,正弦波,正弦波,正弦波,正弦波,正弦波
附件一（训练集）.xlsx|材料1|846,0,正弦波,正弦波,正弦波,正弦波,正弦波,正弦波
附件一（训练集）.xlsx|材料1|847,0,正弦波,正弦波,正弦波,正弦波,梯形波,正弦波
附件一（训练集）.xlsx|材料1|848,3,正弦波,正弦波,正弦波,正弦波,梯形波,正弦波
附件一（训练集）.xlsx|材料1|849,3,正弦波,正弦波,正弦波,正弦波,梯形波,正弦波
附件一（训练集）.xlsx|材料1|85,2,正弦波,正弦波,正弦波,正弦波,三角波,正弦波
附件一（训练集）.xlsx|材料1|850,0,正弦波,正弦波,正弦波,正弦波,梯形波,正弦波
附件一（训练集）.xlsx|材料1|851,3,正弦波,正弦波,正弦波,正弦波,梯形波,正弦波
附件一（训练集）.xlsx|材料1|852,0,正弦波,正弦波,正弦波,正弦波,梯形波,正弦波
附件一（训练集）.xlsx|材料1|853,0,正弦波,正弦波,正弦波,正弦波,正弦波,正弦波
附件一（训练集）.xlsx|材料1|854,1,正弦波,正弦波,正弦波,正弦波,正弦波,正弦波
附件一（训练集）.xlsx|材料1|855,3,正弦波,正弦波,正弦波,正弦波,正弦波,正弦波
附件一（训练集）.xlsx|材料1|856,3,正弦波,正弦波,正弦波,正弦波,正弦波,正弦波
附件一（训练集）.xlsx|材料1|857,2,正弦波,正弦波,正弦波,正弦波,正弦波,正弦波
附件一（训练集）.xlsx|材料1|858,0,正弦波,正弦波,正弦波,正弦波,正弦波,正弦波
附件一（训练集）.xlsx|材料1|859,1,正弦波,正弦波,正弦波,正弦波,正弦波,正弦波
附件一（训练集）.xlsx|材料1|86,1,正弦波,正弦波,正弦波,正弦波,梯形波,正弦波
附件一（训练集）.xlsx|材料1|860,2,正弦波,正弦波,正弦波,正弦波,正弦波,正弦波
附件一（训练集）.xlsx|材料1|861,4,正弦波,正弦波,正弦波,正弦波,正弦波,正弦波
附件一（训练集）.xlsx|材料1|862,1,正弦波,正弦波,正弦波,正弦波,正弦波,正弦波
附件一（训练集）.xlsx|材料1|863,2,正弦波,正弦波,正弦波,正弦波,梯形波,正弦波
附件一（训练集）.xlsx|材料1|864,3,正弦波,正弦波,正弦波,正弦波,梯形波,正弦波
附件一（训练集）.xlsx|材料1|865,3,正弦波,正弦波,正弦波,正弦波,梯形波,正弦波
附件一（训练集）.xlsx|材料1|866,0,正弦波,正弦波,正弦波,正弦波,梯形波,正弦波
附件一（训练集）.xlsx|材料1|867,4,正弦波,正弦波,正弦波,正弦波,梯形波,正弦波
附件一（训练集）.xlsx|材料1|868,1,正弦波,正弦波,正弦波,正弦波,梯形波,正弦波
附件一（训练集）.xlsx|材料1|869,2,正弦波,正弦波,正弦波,正弦波,梯形波,正弦波
附件一（训练集）.xlsx|材料1|87,2,正弦波,正弦波,正弦波,正弦波,正弦波,正弦波
附件一（训练集）.xlsx|材料1|870,2,正弦波,正弦波,正弦波,正弦波,正弦波,正弦波
附件一（训练集）.xlsx|材料1|871,1,正弦波,正弦波,正弦波,正弦波,正弦波,正弦波
附件一（训练集）.xlsx|材料1|872,3,正弦波,正弦波,正弦波,正弦波,正弦波,正弦波
附件一（训练集）.xlsx|材料1|873,3,正弦波,正弦波,正弦波,正弦波,正弦波,正弦波
附件一（训练集）.xlsx|材料1|874,2,正弦波,正弦波,正弦波,正弦波,正弦波,正弦波
附件一（训练集）.xlsx|材料1|875,4,正弦波,正弦波,正弦波,正弦波,正弦波,正弦波
附件一（训练集）.xlsx|材料1|876,0,正弦波,正弦波,正弦波,正弦波,正弦波,正弦波
附件一（训练集）.xlsx|材料1|877,4,正弦波,正弦波,正弦波,正弦波,正弦波,正弦波
附件一（训练集）.xlsx|材料1|878,3,正弦波,正弦波,正弦波,正弦波,正弦波,正弦波
附件一（训练集）.xlsx|材料1|879,4,正弦波,正弦波,正弦波,正弦波,正弦波,正弦波
附件一（训练集）.xlsx|材料1|88,4,正弦波,正弦波,正弦波,正弦波,正弦波,正弦波
附件一（训练集）.xlsx|材料1|880,4,正弦波,正弦波,正弦波,正弦波,正弦波,正弦波
附件一（训练集）.xlsx|材料1|881,4,正弦波,正弦波,正弦波,正弦波,正弦波,正弦波
附件一（训练集）.xlsx|材料1|882,4,正弦波,正弦波,正弦波,正弦波,梯形波,正弦波
附件一（训练集）.xlsx|材料1|883,3,正弦波,正弦波,正弦波,正弦波,梯形波,正弦波
附件一（训练集）.xlsx|材料1|884,3,正弦波,正弦波,正弦波,正弦波,梯形波,正弦波
附件一（训练集）.xlsx|材料1|885,3,正弦波,正弦波,正弦波,正弦波,梯形波,正弦波
附件一（训练集）.xlsx|材料1|886,3,正弦波,正弦波,正弦波,正弦波,梯形波,正弦波
附件一（训练集）.xlsx|材料1|887,4,正弦波,正弦波,正弦波,正弦波,梯形波,正弦波
附件一（训练集）.xlsx|材料1|888,1,正弦波,正弦波,正弦波,正弦波,梯形波,正弦波
附件一（训练集）.xlsx|材料1|889,1,正弦波,正弦波,正弦波,正弦波,梯形波,正弦波
附件一（训练集）.xlsx|材料1|89,0,正弦波,正弦波,正弦波,正弦波,正弦波,正弦波
附件一（训练集）.xlsx|材料1|890,1,正弦波,正弦波,正弦波,正弦波,正弦波,正弦波
附件一（训练集）.xlsx|材料1|891,3,正弦波,正弦波,正弦波,正弦波,正弦波,正弦波
附件一（训练集）.xlsx|材料1|892,3,正弦波,正弦波,正弦波,正弦波,正弦波,正弦波
附件一（训练集）.xlsx|材料1|893,1,正弦波,正弦波,正弦波,正弦波,正弦波,正弦波
附件一（训练集）.xlsx|材料1|894,2,正弦波,正弦波,正弦波,正弦波,正弦波,正弦波
附件一（训练集）.xlsx|材料1|895,1,正弦波,正弦波,正弦波,正弦波,三角波,正弦波
附件一（训练集）.xlsx|材料1|896,1,正弦波,正弦波,正弦波,正弦波,梯形波,正弦波
附件一（训练集）.xlsx|材料1|897,4,正弦波,正弦波,正弦波,正弦波,梯形波,正弦波
附件一（训练集）.xlsx|材料1|898,2,正弦波,正弦波,正弦波,正弦波,三角波,正弦波
附件一（训练集）.xlsx|材料1|899,4,正弦波,正弦波,正弦波,正弦波,梯形波,正弦波
附件一（训练集）.xlsx|材料1|9,2,正弦波,正弦波,正弦波,正弦波,正弦波,正弦波
附件一（训练集）.xlsx|材料1|90,0,正弦波,正弦波,正弦波,正弦波,正弦波,正弦波
附件一（训练集）.xlsx|材料1|900,3,正弦波,正弦波,正弦波,正弦波,梯形波,正弦波
附件一（训练集）.xlsx|材料1|901,1,正弦波,正弦波,正弦波,正弦波,梯形波,正弦波
附件一（训练集）.xlsx|材料1|902,0,正弦波,正弦波,正弦波,正弦波,三角波,正弦波
附件一（训练集）.xlsx|材料1|903,3,正弦波,正弦波,正弦波,正弦波,梯形波,正弦波
附件一（训练集）.xlsx|材料1|904,3,正弦波,正弦波,正弦波,正弦波,梯形波,正弦波
附件一（训练集）.xlsx|材料1|905,0,正弦波,正弦波,正弦波,正弦波,三角波,正弦波
附件一（训练集）.xlsx|材料1|906,3,正弦波,正弦波,正弦波,正弦波,正弦波,正弦波
附件一（训练集）.xlsx|材料1|907,3,正弦波,正弦波,正弦波,正弦波,正弦波,正弦波
附件一（训练集）.xlsx|材料1|908,0,正弦波,正弦波,正弦波,正弦波,正弦波,正弦波
附件一（训练集）.xlsx|材料1|909,4,正弦波,正弦波,正弦波,正弦波,正弦波,正弦波
附件一（训练集）.xlsx|材料1|91,0,正弦波,正弦波,正弦波,正弦波,正弦波,正弦波
附件一（训练集）.xlsx|材料1|910,4,正弦波,正弦波,正弦波,正弦波,正弦波,正弦波
附件一（训练集）.xlsx|材料1|911,3,正弦波,正弦波,正弦波,正弦波,正弦波,正弦波
附件一（训练集）.xlsx|材料1|912,1,正弦波,正弦波,正弦波,正弦波,正弦波,正弦波
附件一（训练集）.xlsx|材料1|913,2,正弦波,正弦波,正弦波,正弦波,正弦波,正弦波
附件一（训练集）.xlsx|材料1|914,1,正弦波,正弦波,正弦波,正弦波,正弦波,正弦波
附件一（训练集）.xlsx|材料1|915,1,正弦波,正弦波,正弦波,正弦波,三角波,正弦波
附件一（训练集）.xlsx|材料1|916,1,正弦波,正弦波,正弦波,正弦波,三角波,正弦波
附件一（训练集）.xlsx|材料1|917,3,正弦波,正弦波,正弦波,正弦波,三角波,正弦波
附件一（训练集）.xlsx|材料1|918,4,正弦波,正弦波,正弦波,正弦波,三角波,正弦波
附件一（训练集）.xlsx|材料1|919,2,正弦波,正弦波,正弦波,正弦波,三角波,正弦波
附件一（训练集）.xlsx|材料1|92,0,正弦波,正弦波,正弦波,正弦波,正弦波,正弦波
附件一（训练集）.xlsx|材料1|920,1,正弦波,正弦波,正弦波,正弦波,三角波,正弦波
附件一（训练集）.xlsx|材料1|921,2,正弦波,正弦波,正弦波,正弦波,三角波,正弦波
附件一（训练集）.xlsx|材料1|922,4,正弦波,正弦波,正弦波,正弦波,梯形波,正弦波
附件一（训练集）.xlsx|材料1|923,0,正弦波,正弦波,正弦波,正弦波,三角波,正弦波
附件一（训练集）.xlsx|材料1|924,0,正弦波,正弦波,正弦波,正弦波,三角波,正弦波
附件一（训练集）.xlsx|材料1|925,1,正弦波,正弦波,正弦波,正弦波,正弦波,正弦波
附件一（训练集）.xlsx|材料1|926,1,正弦波,正弦波,正弦波,正弦波,正弦波,正弦波
附件一（训练集）.xlsx|材料1|927,2,正弦波,正弦波,正弦波,正弦波,正弦波,正弦波
附件一（训练集）.xlsx|材料1|928,3,正弦波,正弦波,正弦波,正弦波,正弦波,正弦波
附件一（训练集）.xlsx|材料1|929,4,正弦波,正弦波,正弦波,正弦波,正弦波,正弦波
附件一（训练集）.xlsx|材料1|93,0,正弦波,正弦波,正弦波,正弦波,正弦波,正弦波
附件一（训练集）.xlsx|材料1|930,4,正弦波,正弦波,正弦波,正弦波,正弦波,正弦波
附件一（训练集）.xlsx|材料1|931,2,正弦波,正弦波,正弦波,正弦波,正弦波,正弦波
附件一（训练集）.xlsx|材料1|932,3,正弦波,正弦波,正弦波,正弦波,三角波,正弦波
附件一（训练集）.xlsx|材料1|933,1,正弦波,正弦波,正弦波,正弦波,三角波,正弦波
附件一（训练集）.xlsx|材料1|934,2,正弦波,正弦波,正弦波,正弦波,三角波,正弦波
附件一（训练集）.xlsx|材料1|935,4,正弦波,正弦波,正弦波,正弦波,三角波,正弦波
附件一（训练集）.xlsx|材料1|936,0,正弦波,正弦波,正弦波,正弦波,三角波,正弦波
附件一（训练集）.xlsx|材料1|937,4,正弦波,正弦波,正弦波,正弦波,三角波,正弦波
附件一（训练集）.xlsx|材料1|938,4,正弦波,正弦波,正弦波,正弦波,三角波,正弦波
附件一（训练集）.xlsx|材料1|939,4,正弦波,正弦波,正弦波,正弦波,三角波,正弦波
附件一（训练集）.xlsx|材料1|94,4,正弦波,正弦波,正弦波,正弦波,正弦波,正弦波
附件一（训练集）.xlsx|材料1|940,3,正弦波,正弦波,正弦波,正弦波,三角波,正弦波
附件一（训练集）.xlsx|材料1|941,3,正弦波,正弦波,正弦波,正弦波,正弦波,正弦波
附件一（训练集）.xlsx|材料1|942,3,正弦波,正弦波,正弦波,正弦波,正弦波,正弦波
附件一（训练集）.xlsx|材料1|943,1,正弦波,正弦波,正弦波,正弦波,正弦波,正弦波
附件一（训练集）.xlsx|材料1|944,0,正弦波,正弦波,正弦波,正弦波,正弦波,正弦波
附件一（训练集）.xlsx|材料1|945,4,正弦波,正弦波,正弦波,正弦波,三角波,正弦波
附件一（训练集）.xlsx|材料1|946,2,正弦波,正弦波,正弦波,正弦波,三角波,正弦波
附件一（训练集）.xlsx|材料1|947,2,正弦波,正弦波,正弦波,正弦波,三角波,正弦波
附件一（训练集）.xlsx|材料1|948,3,正弦波,正弦波,正弦波,正弦波,三角波,正弦波
附件一（训练集）.xlsx|材料1|949,4,正弦波,正弦波,正弦波,正弦波,三角波,正弦波
附件一（训练集）.xlsx|材料1|95,2,正弦波,正弦波,正弦波,正弦波,正弦波,正弦波
附件一（训练集）.xlsx|材料1|950,0,正弦波,正弦波,正弦波,正弦波,三角波,正弦波
附件一（训练集）.xlsx|材料1|951,4,正弦波,正弦波,正弦波,正弦波,三角波,正弦波
附件一（训练集）.xlsx|材料1|952,3,正弦波,正弦波,正弦波,正弦波,三角波,正弦波
附件一（训练集）.xlsx|材料1|953,4,正弦波,正弦波,正弦波,正弦波,三角波,正弦波
附件一（训练集）.xlsx|材料1|954,2,正弦波,正弦波,正弦波,正弦波,三角波,正弦波
附件一（训练集）.xlsx|材料1|955,2,正弦波,正弦波,正弦波,正弦波,三角波,正弦波
附件一（训练集）.xlsx|材料1|956,3,正弦波,正弦波,正弦波,正弦波,三角波,正弦波
附件一（训练集）.xlsx|材料1|957,3,正弦波,正弦波,正弦波,正弦波,正弦波,正弦波
附件一（训练集）.xlsx|材料1|958,3,正弦波,正弦波,正弦波,正弦波,正弦波,正弦波
附件一（训练集）.xlsx|材料1|959,1,正弦波,正弦波,正弦波,正弦波,正弦波,正弦波
附件一（训练集）.xlsx|材料1|96,1,正弦波,正弦波,正弦波,正弦波,正弦波,正弦波
附件一（训练集）.xlsx|材料1|960,0,正弦波,正弦波,正弦波,正弦波,正弦波,正弦波
附件一（训练集）.xlsx|材料1|961,3,正弦波,正弦波,正弦波,正弦波,正弦波,正弦波
附件一（训练集）.xlsx|材料1|962,1,正弦波,正弦波,正弦波,正弦波,三角波,正弦波
附件一（训练集）.xlsx|材料1|963,2,正弦波,正弦波,正弦波,正弦波,三角波,正弦波
附件一（训练集）.xlsx|材料1|964,4,正弦波,正弦波,正弦波,正弦波,三角波,正弦波
附件一（训练集）.xlsx|材料1|965,2,正弦波,正弦波,正弦波,正弦波,三角波,正弦波
附件一（训练集）.xlsx|材料1|966,1,正弦波,正弦波,正弦波,正弦波,三角波,正弦波
附件一（训练集）.xlsx|材料1|967,0,正弦波,正弦波,正弦波,正弦波,三角波,正弦波
附件一（训练集）.xlsx|材料1|968,4,正弦波,正弦波,正弦波,正弦波,三角波,正弦波
附件一（训练集）.xlsx|材料1|969,4,正弦波,正弦波,正弦波,正弦波,三角波,正弦波
附件一（训练集）.xlsx|材料1|97,1,正弦波,正弦波,正弦波,正弦波,正弦波,正弦波
附件一（训练集）.xlsx|材料1|970,3,正弦波,正弦波,正弦波,正弦波,三角波,正弦波
附件一（训练集）.xlsx|材料1|971,0,正弦波,正弦波,正弦波,正弦波,三角波,正弦波
附件一（训练集）.xlsx|材料1|972,3,正弦波,正弦波,正弦波,正弦波,三角波,正弦波
附件一（训练集）.xlsx|材料1|973,0,正弦波,正弦波,正弦波,正弦波,三角波,正弦波
附件一（训练集）.xlsx|材料1|974,3,正弦波,正弦波,正弦波,正弦波,三角波,正弦波
附件一（训练集）.xlsx|材料1|975,2,正弦波,正弦波,正弦波,正弦波,三角波,正弦波
附件一（训练集）.xlsx|材料1|976,3,正弦波,正弦波,正弦波,正弦波,正弦波,正弦波
附件一（训练集）.xlsx|材料1|977,1,正弦波,正弦波,正弦波,正弦波,正弦波,正弦波
附件一（训练集）.xlsx|材料1|978,3,正弦波,正弦波,正弦波,正弦波,正弦波,正弦波
附件一（训练集）.xlsx|材料1|979,0,正弦波,正弦波,正弦波,正弦波,正弦波,正弦波
附件一（训练集）.xlsx|材料1|98,0,正弦波,正弦波,正弦波,正弦波,三角波,正弦波
附件一（训练集）.xlsx|材料1|980,1,正弦波,正弦波,正弦波,正弦波,正弦波,正弦波
附件一（训练集）.xlsx|材料1|981,2,正弦波,正弦波,正弦波,正弦波,三角波,正弦波
附件一（训练集）.xlsx|材料1|982,4,正弦波,正弦波,正弦波,正弦波,三角波,正弦波
附件一（训练集）.xlsx|材料1|983,1,正弦波,正弦波,正弦波,正弦波,三角波,正弦波
附件一（训练集）.xlsx|材料1|984,3,正弦波,正弦波,正弦波,正弦波,三角波,正弦波
附件一（训练集）.xlsx|材料1|985,3,正弦波,正弦波,正弦波,正弦波,三角波,正弦波
附件一（训练集）.xlsx|材料1|986,3,正弦波,正弦波,正弦波,正弦波,三角波,正弦波
附件一（训练集）.xlsx|材料1|987,0,正弦波,正弦波,正弦波,正弦波,三角波,正弦波
附件一（训练集）.xlsx|材料1|988,2,正弦波,正弦波,正弦波,正弦波,三角波,正弦波
附件一（训练集）.xlsx|材料1|989,2,正弦波,正弦波,正弦波,正弦波,三角波,正弦波
附件一（训练集）.xlsx|材料1|99,0,正弦波,正弦波,正弦波,正弦波,三角波,正弦波
附件一（训练集）.xlsx|材料1|990,0,正弦波,正弦波,正弦波,正弦波,三角波,正弦波
附件一（训练集）.xlsx|材料1|991,4,正弦波,正弦波,正弦波,正弦波,三角波,正弦波
附件一（训练集）.xlsx|材料1|992,1,正弦波,正弦波,正弦波,正弦波,三角波,正弦波
附件一（训练集）.xlsx|材料1|993,3,正弦波,正弦波,正弦波,正弦波,三角波,正弦波
附件一（训练集）.xlsx|材料1|994,1,正弦波,正弦波,正弦波,正弦波,正弦波,正弦波
附件一（训练集）.xlsx|材料1|995,1,正弦波,正弦波,正弦波,正弦波,正弦波,正弦波
附件一（训练集）.xlsx|材料1|996,1,正弦波,正弦波,正弦波,正弦波,正弦波,正弦波
附件一（训练集）.xlsx|材料1|997,0,正弦波,正弦波,正弦波,正弦波,正弦波,正弦波
附件一（训练集）.xlsx|材料1|998,2,正弦波,正弦波,正弦波,正弦波,三角波,正弦波
附件一（训练集）.xlsx|材料1|999,0,正弦波,正弦波,正弦波,正弦波,三角波,正弦波
附件一（训练集）.xlsx|材料2|10,2,正弦波,正弦波,正弦波,正弦波,正弦波,正弦波
附件一（训练集）.xlsx|材料2|100,1,正弦波,正弦波,正弦波,正弦波,梯形波,正弦波
附件一（训练集）.xlsx|材料2|1000,3,正弦波,正弦波,正弦波,正弦波,三角波,正弦波
附件一（训练集）.xlsx|材料2|1001,1,正弦波,正弦波,正弦波,正弦波,正弦波,正弦波
附件一（训练集）.xlsx|材料2|1002,0,正弦波,正弦波,正弦波,正弦波,正弦波,正弦波
附件一（训练集）.xlsx|材料2|1003,2,正弦波,正弦波,正弦波,正弦波,正弦波,正弦波
附件一（训练集）.xlsx|材料2|1004,2,正弦波,正弦波,正弦波,正弦波,正弦波,正弦波
附件一（训练集）.xlsx|材料2|1005,3,正弦波,正弦波,正弦波,正弦波,正弦波,正弦波
附件一（训练集）.xlsx|材料2|1006,2,正弦波,正弦波,正弦波,正弦波,正弦波,正弦波
附件一（训练集）.xlsx|材料2|1007,0,正弦波,正弦波,正弦波,正弦波,三角波,正弦波
附件一（训练集）.xlsx|材料2|1008,2,正弦波,正弦波,正弦波,正弦波,正弦波,正弦波
附件一（训练集）.xlsx|材料2|1009,1,正弦波,正弦波,正弦波,正弦波,正弦波,正弦波
附件一（训练集）.xlsx|材料2|101,0,正弦波,正弦波,正弦波,正弦波,正弦波,正弦波
附件一（训练集）.xlsx|材料2|1010,2,正弦波,正弦波,正弦波,正弦波,正弦波,正弦波
附件一（训练集）.xlsx|材料2|1011,0,正弦波,正弦波,正弦波,正弦波,正弦波,正弦波
附件一（训练集）.xlsx|材料2|1012,1,正弦波,正弦波,正弦波,正弦波,梯形波,正弦波
附件一（训练集）.xlsx|材料2|1013,3,正弦波,正弦波,正弦波,正弦波,正弦波,正弦波
附件一（训练集）.xlsx|材料2|1014,0,正弦波,正弦波,正弦波,正弦波,正弦波,正弦波
附件一（训练集）.xlsx|材料2|1015,4,正弦波,正弦波,正弦波,正弦波,正弦波,正弦波
附件一（训练集）.xlsx|材料2|1016,3,正弦波,正弦波,正弦波,正弦波,正弦波,正弦波
附件一（训练集）.xlsx|材料2|1017,3,正弦波,正弦波,正弦波,正弦波,正弦波,正弦波
附件一（训练集）.xlsx|材料2|1018,3,正弦波,正弦波,正弦波,正弦波,正弦波,正弦波
附件一（训练集）.xlsx|材料2|1019,2,正弦波,正弦波,正弦波,正弦波,正弦波,正弦波
附件一（训练集）.xlsx|材料2|102,1,正弦波,正弦波,正弦波,正弦波,正弦波,正弦波
附件一（训练集）.xlsx|材料2|1020,2,正弦波,正弦波,正弦波,正弦波,正弦波,正弦波
附件一（训练集）.xlsx|材料2|1021,3,正弦波,正弦波,正弦波,正弦波,正弦波,正弦波
附件一（训练集）.xlsx|材料2|1022,2,正弦波,正弦波,正弦波,正弦波,正弦波,正弦波
附件一（训练集）.xlsx|材料2|1023,0,正弦波,正弦波,正弦波,正弦波,正弦波,正弦波
附件一（训练集）.xlsx|材料2|1024,0,正弦波,正弦波,正弦波,正弦波,正弦波,正弦波
附件一（训练集）.xlsx|材料2|1025,2,正弦波,正弦波,正弦波,正弦波,正弦波,正弦波
附件一（训练集）.xlsx|材料2|1026,1,正弦波,正弦波,正弦波,正弦波,正弦波,正弦波
附件一（训练集）.xlsx|材料2|1027,2,正弦波,正弦波,正弦波,正弦波,正弦波,正弦波
附件一（训练集）.xlsx|材料2|1028,4,正弦波,正弦波,正弦波,正弦波,正弦波,正弦波
附件一（训练集）.xlsx|材料2|1029,3,正弦波,正弦波,正弦波,正弦波,正弦波,正弦波
附件一（训练集）.xlsx|材料2|103,0,正弦波,正弦波,正弦波,正弦波,正弦波,正弦波
附件一（训练集）.xlsx|材料2|1030,0,正弦波,正弦波,正弦波,正弦波,正弦波,正弦波
附件一（训练集）.xlsx|材料2|1031,1,正弦波,正弦波,正弦波,正弦波,正弦波,正弦波
附件一（训练集）.xlsx|材料2|1032,4,正弦波,正弦波,正弦波,正弦波,正弦波,正弦波
附件一（训练集）.xlsx|材料2|1033,2,正弦波,正弦波,正弦波,正弦波,正弦波,正弦波
附件一（训练集）.xlsx|材料2|1034,4,正弦波,正弦波,正弦波,正弦波,梯形波,正弦波
附件一（训练集）.xlsx|材料2|1035,1,正弦波,正弦波,正弦波,正弦波,梯形波,正弦波
附件一（训练集）.xlsx|材料2|1036,0,正弦波,正弦波,正弦波,正弦波,梯形波,正弦波
附件一（训练集）.xlsx|材料2|1037,1,正弦波,正弦波,正弦波,正弦波,正弦波,正弦波
附件一（训练集）.xlsx|材料2|1038,4,正弦波,正弦波,正弦波,正弦波,正弦波,正弦波
附件一（训练集）.xlsx|材料2|1039,2,正弦波,正弦波,正弦波,正弦波,正弦波,正弦波
附件一（训练集）.xlsx|材料2|104,2,正弦波,正弦波,正弦波,正弦波,正弦波,正弦波
附件一（训练集）.xlsx|材料2|1040,0,正弦波,正弦波,正弦波,正弦波,正弦波,正弦波
附件一（训练集）.xlsx|材料2|1041,2,正弦波,正弦波,正弦波,正弦波,正弦波,正弦波
附件一（训练集）.xlsx|材料2|1042,3,正弦波,正弦波,正弦波,正弦波,正弦波,正弦波
附件一（训练集）.xlsx|材料2|1043,3,正弦波,正弦波,正弦波,正弦波,正弦波,正弦波
附件一（训练集）.xlsx|材料2|1044,0,正弦波,正弦波,正弦波,正弦波,正弦波,正弦波
附件一（训练集）.xlsx|材料2|1045,2,正弦波,正弦波,正弦波,正弦波,梯形波,正弦波
附件一（训练集）.xlsx|材料2|1046,4,正弦波,正弦波,正弦波,正弦波,梯形波,正弦波
附件一（训练集）.xlsx|材料2|1047,0,正弦波,正弦波,正弦波,正弦波,梯形波,正弦波
附件一（训练集）.xlsx|材料2|1048,3,正弦波,正弦波,正弦波,正弦波,正弦波,正弦波
附件一（训练集）.xlsx|材料2|1049,4,正弦波,正弦波,正弦波,正弦波,正弦波,正弦波
附件一（训练集）.xlsx|材料2|105,1,正弦波,正弦波,正弦波,正弦波,正弦波,正弦波
附件一（训练集）.xlsx|材料2|1050,2,正弦波,正弦波,正弦波,正弦波,正弦波,正弦波
附件一（训练集）.xlsx|材料2|1051,0,正弦波,正弦波,正弦波,正弦波,正弦波,正弦波
附件一（训练集）.xlsx|材料2|1052,2,正弦波,正弦波,正弦波,正弦波,正弦波,正弦波
附件一（训练集）.xlsx|材料2|1053,1,正弦波,正弦波,正弦波,正弦波,正弦波,正弦波
附件一（训练集）.xlsx|材料2|1054,2,正弦波,正弦波,正弦波,正弦波,正弦波,正弦波
附件一（训练集）.xlsx|材料2|1055,4,正弦波,正弦波,正弦波,正弦波,正弦波,正弦波
附件一（训练集）.xlsx|材料2|1056,3,正弦波,正弦波,正弦波,正弦波,正弦波,正弦波
附件一（训练集）.xlsx|材料2|1057,4,正弦波,正弦波,正弦波,正弦波,梯形波,正弦波
附件一（训练集）.xlsx|材料2|1058,2,正弦波,正弦波,正弦波,正弦波,梯形波,正弦波
附件一（训练集）.xlsx|材料2|1059,1,正弦波,正弦波,正弦波,正弦波,正弦波,正弦波
附件一（训练集）.xlsx|材料2|106,1,正弦波,正弦波,正弦波,正弦波,梯形波,正弦波
附件一（训练集）.xlsx|材料2|1060,2,正弦波,正弦波,正弦波,正弦波,正弦波,正弦波
附件一（训练集）.xlsx|材料2|1061,0,正弦波,正弦波,正弦波,正弦波,正弦波,正弦波
附件一（训练集）.xlsx|材料2|1062,3,正弦波,正弦波,正弦波,正弦波,正弦波,正弦波
附件一（训练集）.xlsx|材料2|1063,1,正弦波,正弦波,正弦波,正弦波,正弦波,正弦波
附件一（训练集）.xlsx|材料2|1064,0,正弦波,正弦波,正弦波,正弦波,三角波,正弦波
附件一（训练集）.xlsx|材料2|1065,0,正弦波,正弦波,正弦波,正弦波,三角波,正弦波
附件一（训练集）.xlsx|材料2|1066,3,正弦波,正弦波,正弦波,正弦波,正弦波,正弦波
附件一（训练集）.xlsx|材料2|1067,0,正弦波,正弦波,正弦波,正弦波,正弦波,正弦波
附件一（训练集）.xlsx|材料2|1068,2,正弦波,正弦波,正弦波,正弦波,正弦波,正弦波
附件一（训练集）.xlsx|材料2|1069,0,正弦波,正弦波,正弦波,正弦波,正弦波,正弦波
附件一（训练集）.xlsx|材料2|107,4,正弦波,正弦波,正弦波,正弦波,梯形波,正弦波
附件一（训练集）.xlsx|材料2|1070,4,正弦波,正弦波,正弦波,正弦波,正弦波,正弦波
附件一（训练集）.xlsx|材料2|1071,2,正弦波,正弦波,正弦波,正弦波,正弦波,正弦波
附件一（训练集）.xlsx|材料2|1072,2,正弦波,正弦波,正弦波,正弦波,正弦波,正弦波
附件一（训练集）.xlsx|材料2|1073,3,正弦波,正弦波,正弦波,正弦波,正弦波,正弦波
附件一（训练集）.xlsx|材料2|1074,0,正弦波,正弦波,正弦波,正弦波,三角波,正弦波
附件一（训练集）.xlsx|材料2|1075,4,正弦波,正弦波,正弦波,正弦波,正弦波,正弦波
附件一（训练集）.xlsx|材料2|1076,3,正弦波,正弦波,正弦波,正弦波,正弦波,正弦波
附件一（训练集）.xlsx|材料2|1077,3,正弦波,正弦波,正弦波,正弦波,正弦波,正弦波
附件一（训练集）.xlsx|材料2|1078,4,正弦波,正弦波,正弦波,正弦波,正弦波,正弦波
附件一（训练集）.xlsx|材料2|1079,1,正弦波,正弦波,正弦波,正弦波,三角波,正弦波
附件一（训练集）.xlsx|材料2|108,2,正弦波,正弦波,正弦波,正弦波,正弦波,正弦波
附件一（训练集）.xlsx|材料2|1080,1,正弦波,正弦波,正弦波,正弦波,三角波,正弦波
附件一（训练集）.xlsx|材料2|1081,4,正弦波,正弦波,正弦波,正弦波,三角波,正弦波
附件一（训练集）.xlsx|材料2|1082,2,正弦波,正弦波,正弦波,正弦波,三角波,正弦波
附件一（训练集）.xlsx|材料2|1083,1,正弦波,正弦波,正弦波,正弦波,正弦波,正弦波
附件一（训练集）.xlsx|材料2|1084,2,正弦波,正弦波,正弦波,正弦波,正弦波,正弦波
附件一（训练集）.xlsx|材料2|1085,0,正弦波,正弦波,正弦波,正弦波,正弦波,正弦波
附件一（训练集）.xlsx|材料2|1086,4,正弦波,正弦波,正弦波,正弦波,三角波,正弦波
附件一（训练集）.xlsx|材料2|1087,1,正弦波,正弦波,正弦波,正弦波,三角波,正弦波
附件一（训练集）.xlsx|材料2|1088,1,正弦波,正弦波,正弦波,正弦波,三角波,正弦波
附件一（训练集）.xlsx|材料2|1089,1,正弦波,正弦波,正弦波,正弦波,三角波,正弦波
附件一（训练集）.xlsx|材料2|109,4,正弦波,正弦波,正弦波,正弦波,正弦波,正弦波
附件一（训练集）.xlsx|材料2|1090,4,正弦波,正弦波,正弦波,正弦波,三角波,正弦波
附件一（训练集）.xlsx|材料2|1091,1,正弦波,正弦波,正弦波,正弦波,三角波,正弦波
附件一（训练集）.xlsx|材料2|1092,0,正弦波,正弦波,正弦波,正弦波,三角波,正弦波
附件一（训练集）.xlsx|材料2|1093,2,正弦波,正弦波,正弦波,正弦波,三角波,正弦波
附件一（训练集）.xlsx|材料2|1094,4,正弦波,正弦波,正弦波,正弦波,三角波,正弦波
附件一（训练集）.xlsx|材料2|1095,2,正弦波,正弦波,正弦波,正弦波,三角波,正弦波
附件一（训练集）.xlsx|材料2|1096,0,正弦波,正弦波,正弦波,正弦波,三角波,正弦波
附件一（训练集）.xlsx|材料2|1097,4,正弦波,正弦波,正弦波,正弦波,三角波,正弦波
附件一（训练集）.xlsx|材料2|1098,1,正弦波,正弦波,正弦波,正弦波,三角波,正弦波
附件一（训练集）.xlsx|材料2|1099,3,三角波,三角波,三角波,三角波,正弦波,三角波
附件一（训练集）.xlsx|材料2|11,1,正弦波,正弦波,正弦波,正弦波,正弦波,正弦波
附件一（训练集）.xlsx|材料2|110,2,正弦波,正弦波,正弦波,正弦波,正弦波,正弦波
附件一（训练集）.xlsx|材料2|1100,1,三角波,三角波,三角波,三角波,正弦波,三角波
附件一（训练集）.xlsx|材料2|1101,4,三角波,三角波,三角波,三角波,正弦波,三角波
附件一（训练集）.xlsx|材料2|1102,3,三角波,三角波,三角波,三角波,正弦波,三角波
附件一（训练集）.xlsx|材料2|1103,0,三角波,三角波,三角波,三角波,三角波,三角波
附件一（训练集）.xlsx|材料2|1104,3,三角波,三角波,三角波,三角波,梯形波,三角波
附件一（训练集）.xlsx|材料2|1105,2,三角波,三角波,三角波,三角波,正弦波,三角波
附件一（训练集）.xlsx|材料2|1106,2,三角波,三角波,三角波,三角波,正弦波,三角波
附件一（训练集）.xlsx|材料2|1107,3,三角波,三角波,三角波,三角波,正弦波,三角波
附件一（训练集）.xlsx|材料2|1108,3,三角波,三角波,三角波,三角波,正弦波,三角波
附件一（训练集）.xlsx|材料2|1109,3,三角波,三角波,三角波,三角波,正弦波,三角波
附件一（训练集）.xlsx|材料2|111,3,正弦波,正弦波,正弦波,正弦波,正弦波,正弦波
附件一（训练集）.xlsx|材料2|1110,3,三角波,三角波,三角波,三角波,正弦波,三角波
附件一（训练集）.xlsx|材料2|1111,4,三角波,三角波,三角波,三角波,三角波,三角波
附件一（训练集）.xlsx|材料2|1112,4,三角波,三角波,三角波,三角波,三角波,三角波
附件一（训练集）.xlsx|材料2|1113,2,三角波,三角波,三角波,三角波,三角波,三角波
附件一（训练集）.xlsx|材料2|1114,4,三角波,三角波,三角波,三角波,正弦波,三角波
附件一（训练集）.xlsx|材料2|1115,2,三角波,三角波,三角波,三角波,正弦波,三角波
附件一（训练集）.xlsx|材料2|1116,3,三角波,三角波,三角波,三角波,正弦波,三角波
附件一（训练集）.xlsx|材料2|1117,0,三角波,三角波,三角波,三角波,正弦波,三角波
附件一（训练集）.xlsx|材料2|1118,4,三角波,三角波,三角波,三角波,正弦波,三角波
附件一（训练集）.xlsx|材料2|1119,0,三角波,三角波,三角波,三角波,三角波,三角波
附件一（训练集）.xlsx|材料2|112,0,正弦波,正弦波,正弦波,正弦波,正弦波,正弦波
附件一（训练集）.xlsx|材料2|1120,3,三角波,三角波,三角波,三角波,三角波,三角波
附件一（训练集）.xlsx|材料2|1121,1,三角波,三角波,三角波,三角波,三角波,三角波
附件一（训练集）.xlsx|材料2|1122,4,三角波,三角波,三角波,三角波,三角波,三角波
附件一（训练集）.xlsx|材料2|1123,1,三角波,三角波,三角波,三角波,三角波,三角波
附件一（训练集）.xlsx|材料2|1124,3,三角波,三角波,三角波,三角波,正弦波,三角波
附件一（训练集）.xlsx|材料2|1125,3,三角波,三角波,三角波,三角波,正弦波,三角波
附件一（训练集）.xlsx|材料2|1126,0,三角波,三角波,三角波,三角波,正弦波,三角波
附件一（训练集）.xlsx|材料2|1127,1,三角波,三角波,三角波,三角波,三角波,三角波
附件一（训练集）.xlsx|材料2|1128,4,三角波,三角波,三角波,三角波,三角波,三角波
附件一（训练集）.xlsx|材料2|1129,3,三角波,三角波,三角波,三角波,三角波,三角波
附件一（训练集）.xlsx|材料2|113,3,正弦波,正弦波,正弦波,正弦波,正弦波,正弦波
附件一（训练集）.xlsx|材料2|1130,1,三角波,三角波,三角波,三角波,三角波,三角波
附件一（训练集）.xlsx|材料2|1131,2,三角波,三角波,三角波,三角波,正弦波,三角波
附件一（训练集）.xlsx|材料2|1132,2,三角波,三角波,三角波,三角波,正弦波,三角波
附件一（训练集）.xlsx|材料2|1133,0,三角波,三角波,三角波,三角波,正弦波,三角波
附件一（训练集）.xlsx|材料2|1134,2,三角波,三角波,三角波,三角波,正弦波,三角波
附件一（训练集）.xlsx|材料2|1135,0,三角波,三角波,三角波,三角波,三角波,三角波
附件一（训练集）.xlsx|材料2|1136,2,三角波,三角波,三角波,三角波,正弦波,三角波
附件一（训练集）.xlsx|材料2|1137,4,三角波,三角波,三角波,三角波,三角波,三角波
附件一（训练集）.xlsx|材料2|1138,2,三角波,三角波,三角波,三角波,三角波,三角波
附件一（训练集）.xlsx|材料2|1139,1,三角波,三角波,三角波,三角波,三角波,三角波
附件一（训练集）.xlsx|材料2|114,2,正弦波,正弦波,正弦波,正弦波,梯形波,正弦波
附件一（训练集）.xlsx|材料2|1140,2,三角波,三角波,三角波,三角波,三角波,三角波
附件一（训练集）.xlsx|材料2|1141,2,三角波,三角波,三角波,三角波,三角波,三角波
附件一（训练集）.xlsx|材料2|1142,2,三角波,三角波,三角波,三角波,三角波,三角波
附件一（训练集）.xlsx|材料2|1143,2,三角波,三角波,三角波,三角波,三角波,三角波
附件一（训练集）.xlsx|材料2|1144,0,三角波,三角波,三角波,三角波,三角波,三角波
附件一（训练集）.xlsx|材料2|1145,1,三角波,三角波,三角波,三角波,三角波,三角波
附件一（训练集）.xlsx|材料2|1146,1,三角波,三角波,三角波,三角波,三角波,三角波
附件一（训练集）.xlsx|材料2|1147,2,三角波,三角波,三角波,三角波,三角波,三角波
附件一（训练集）.xlsx|材料2|1148,0,三角波,三角波,三角波,三角波,正弦波,三角波
附件一（训练集）.xlsx|材料2|1149,0,三角波,三角波,三角波,三角波,正弦波,三角波
附件一（训练集）.xlsx|材料2|115,4,正弦波,正弦波,正弦波,正弦波,梯形波,正弦波
附件一（训练集）.xlsx|材料2|1150,0,三角波,三角波,三角波,三角波,正弦波,三角波
附件一（训练集）.xlsx|材料2|1151,3,三角波,三角波,三角波,三角波,正弦波,三角波
附件一（训练集）.xlsx|材料2|1152,2,三角波,三角波,三角波,三角波,梯形波,三角波
附件一（训练集）.xlsx|材料2|1153,4,三角波,三角波,三角波,三角波,梯形波,三角波
附件一（训练集）.xlsx|材料2|1154,0,三角波,三角波,三角波,三角波,正弦波,三角波
附件一（训练集）.xlsx|材料2|1155,0,三角波,三角波,三角波,三角波,正弦波,三角波
附件一（训练集）.xlsx|材料2|1156,1,三角波,三角波,三角波,三角波,正弦波,三角波
附件一（训练集）.xlsx|材料2|1157,1,三角波,三角波,三角波,三角波,正弦波,三角波
附件一（训练集）.xlsx|材料2|1158,3,三角波,三角波,三角波,三角波,正弦波,三角波
附件一（训练集）.xlsx|材料2|1159,0,三角波,三角波,三角波,三角波,正弦波,三角波
附件一（训练集）.xlsx|材料2|116,3,正弦波,正弦波,正弦波,正弦波,梯形波,正弦波
附件一（训练集）.xlsx|材料2|1160,3,三角波,三角波,三角波,三角波,梯形波,三角波
附件一（训练集）.xlsx|材料2|1161,3,三角波,三角波,三角波,三角波,梯形波,三角波
附件一（训练集）.xlsx|材料2|1162,2,三角波,三角波,三角波,三角波,梯形波,三角波
附件一（训练集）.xlsx|材料2|1163,2,三角波,三角波,三角波,三角波,正弦波,三角波
附件一（训练集）.xlsx|材料2|1164,2,三角波,三角波,三角波,三角波,正弦波,三角波
附件一（训练集）.xlsx|材料2|1165,2,三角波,三角波,三角波,三角波,正弦波,三角波
附件一（训练集）.xlsx|材料2|1166,2,三角波,三角波,三角波,三角波,正弦波,三角波
附件一（训练集）.xlsx|材料2|1167,2,三角波,三角波,三角波,三角波,正弦波,三角波
附件一（训练集）.xlsx|材料2|1168,2,三角波,三角波,三角波,三角波,正弦波,三角波
附件一（训练集）.xlsx|材料2|1169,2,三角波,三角波,三角波,三角波,梯形波,三角波
附件一（训练集）.xlsx|材料2|117,0,正弦波,正弦波,正弦波,正弦波,正弦波,正弦波
附件一（训练集）.xlsx|材料2|1170,2,三角波,三角波,三角波,三角波,梯形波,三角波
附件一（训练集）.xlsx|材料2|1171,0,三角波,三角波,三角波,三角波,三角波,三角波
附件一（训练集）.xlsx|材料2|1172,2,三角波,三角波,三角波,三角波,正弦波,三角波
附件一（训练集）.xlsx|材料2|1173,2,三角波,三角波,三角波,三角波,正弦波,三角波
附件一（训练集）.xlsx|材料2|1174,3,三角波,三角波,三角波,三角波,正弦波,三角波
附件一（训练集）.xlsx|材料2|1175,1,三角波,三角波,三角波,三角波,三角波,三角波
附件一（训练集）.xlsx|材料2|1176,1,三角波,三角波,三角波,三角波,三角波,三角波
附件一（训练集）.xlsx|材料2|1177,4,三角波,三角波,三角波,三角波,三角波,三角波
附件一（训练集）.xlsx|材料2|1178,2,三角波,三角波,三角波,三角波,三角波,三角波
附件一（训练集）.xlsx|材料2|1179,0,三角波,三角波,三角波,三角波,三角波,三角波
附件一（训练集）.xlsx|材料2|118,3,正弦波,正弦波,正弦波,正弦波,正弦波,正弦波
附件一（训练集）.xlsx|材料2|1180,0,三角波,三角波,三角波,三角波,正弦波,三角波
附件一（训练集）.xlsx|材料2|1181,0,三角波,三角波,三角波,三角波,正弦波,三角波
附件一（训练集）.xlsx|材料2|1182,2,三角波,三角波,三角波,三角波,正弦波,三角波
附件一（训练集）.xlsx|材料2|1183,0,三角波,三角波,三角波,三角波,正弦波,三角波
附件一（训练集）.xlsx|材料2|1184,0,三角波,三角波,三角波,三角波,三角波,三角波
附件一（训练集）.xlsx|材料2|1185,0,三角波,三角波,三角波,三角波,三角波,三角波
附件一（训练集）.xlsx|材料2|1186,0,三角波,三角波,三角波,三角波,三角波,三角波
附件一（训练集）.xlsx|材料2|1187,4,三角波,三角波,三角波,三角波,正弦波,三角波
附件一（训练集）.xlsx|材料2|1188,3,三角波,三角波,三角波,三角波,正弦波,三角波
附件一（训练集）.xlsx|材料2|1189,4,三角波,三角波,三角波,三角波,三角波,三角波
附件一（训练集）.xlsx|材料2|119,4,正弦波,正弦波,正弦波,正弦波,正弦波,正弦波
附件一（训练集）.xlsx|材料2|1190,3,三角波,三角波,三角波,三角波,三角波,三角波
附件一（训练集）.xlsx|材料2|1191,3,三角波,三角波,三角波,三角波,三角波,三角波
附件一（训练集）.xlsx|材料2|1192,1,三角波,三角波,三角波,三角波,三角波,三角波
附件一（训练集）.xlsx|材料2|1193,1,三角波,三角波,三角波,三角波,三角波,三角波
附件一（训练集）.xlsx|材料2|1194,0,三角波,三角波,三角波,三角波,正弦波,三角波
附件一（训练集）.xlsx|材料2|1195,1,三角波,三角波,三角波,三角波,正弦波,三角波
附件一（训练集）.xlsx|材料2|1196,1,三角波,三角波,三角波,三角波,三角波,三角波
附件一（训练集）.xlsx|材料2|1197,3,三角波,三角波,三角波,三角波,三角波,三角波
附件一（训练集）.xlsx|材料2|1198,3,三角波,三角波,三角波,三角波,三角波,三角波
附件一（训练集）.xlsx|材料2|1199,3,三角波,三角波,三角波,三角波,三角波,三角波
附件一（训练集）.xlsx|材料2|12,3,正弦波,正弦波,正弦波,正弦波,正弦波,正弦波
附件一（训练集）.xlsx|材料2|120,1,正弦波,正弦波,正弦波,正弦波,正弦波,正弦波
附件一（训练集）.xlsx|材料2|1200,4,三角波,三角波,三角波,三角波,正弦波,三角波
附件一（训练集）.xlsx|材料2|1201,0,三角波,三角波,三角波,三角波,三角波,三角波
附件一（训练集）.xlsx|材料2|1202,0,三角波,三角波,三角波,三角波,三角波,三角波
附件一（训练集）.xlsx|材料2|1203,4,三角波,三角波,三角波,三角波,三角波,三角波
附件一（训练集）.xlsx|材料2|1204,0,三角波,三角波,三角波,三角波,三角波,三角波
附件一（训练集）.xlsx|材料2|1205,2,三角波,三角波,三角波,三角波,三角波,三角波
附件一（训练集）.xlsx|材料2|1206,2,三角波,三角波,三角波,三角波,三角波,三角波
附件一（训练集）.xlsx|材料2|1207,4,三角波,三角波,三角波,三角波,三角波,三角波
附件一（训练集）.xlsx|材料2|1208,3,三角波,三角波,三角波,三角波,三角波,三角波
附件一（训练集）.xlsx|材料2|1209,3,三角波,三角波,三角波,三角波,三角波,三角波
附件一（训练集）.xlsx|材料2|121,1,正弦波,正弦波,正弦波,正弦波,正弦波,正弦波
附件一（训练集）.xlsx|材料2|1210,3,三角波,三角波,三角波,三角波,三角波,三角波
附件一（训练集）.xlsx|材料2|1211,3,三角波,三角波,三角波,三角波,三角波,三角波
附件一（训练集）.xlsx|材料2|1212,3,三角波,三角波,三角波,三角波,正弦波,三角波
附件一（训练集）.xlsx|材料2|1213,2,三角波,三角波,三角波,三角波,正弦波,三角波
附件一（训练集）.xlsx|材料2|1214,1,三角波,三角波,三角波,三角波,梯形波,三角波
附件一（训练集）.xlsx|材料2|1215,1,三角波,三角波,三角波,三角波,梯形波,三角波
附件一（训练集）.xlsx|材料2|1216,2,三角波,三角波,三角波,三角波,梯形波,三角波
附件一（训练集）.xlsx|材料2|1217,2,三角波,三角波,三角波,三角波,正弦波,三角波
附件一（训练集）.xlsx|材料2|1218,1,三角波,三角波,三角波,三角波,正弦波,三角波
附件一（训练集）.xlsx|材料2|1219,1,三角波,三角波,三角波,三角波,正弦波,三角波
附件一（训练集）.xlsx|材料2|122,0,正弦波,正弦波,正弦波,正弦波,正弦波,正弦波
附件一（训练集）.xlsx|材料2|1220,1,三角波,三角波,三角波,三角波,梯形波,三角波
附件一（训练集）.xlsx|材料2|1221,1,三角波,三角波,三角波,三角波,正弦波,三角波
附件一（训练集）.xlsx|材料2|1222,0,三角波,三角波,三角波,三角波,正弦波,三角波
附件一（训练集）.xlsx|材料2|1223,0,三角波,三角波,三角波,三角波,正弦波,三角波
附件一（训练集）.xlsx|材料2|1224,4,三角波,三角波,三角波,三角波,梯形波,三角波
附件一（训练集）.xlsx|材料2|1225,1,三角波,三角波,三角波,三角波,梯形波,三角波
附件一（训练集）.xlsx|材料2|1226,0,三角波,三角波,三角波,三角波,正弦波,三角波
附件一（训练集）.xlsx|材料2|1227,2,三角波,三角波,三角波,三角波,梯形波,三角波
附件一（训练集）.xlsx|材料2|1228,2,三角波,三角波,三角波,三角波,梯形波,三角波
附件一（训练集）.xlsx|材料2|1229,2,三角波,三角波,三角波,三角波,梯形波,三角波
附件一（训练集）.xlsx|材料2|123,4,正弦波,正弦波,正弦波,正弦波,正弦波,正弦波
附件一（训练集）.xlsx|材料2|1230,0,三角波,三角波,三角波,三角波,正弦波,三角波
附件一（训练集）.xlsx|材料2|1231,4,三角波,三角波,三角波,三角波,正弦波,三角波
附件一（训练集）.xlsx|材料2|1232,4,三角波,三角波,三角波,三角波,正弦波,三角波
附件一（训练集）.xlsx|材料2|1233,0,三角波,三角波,三角波,三角波,三角波,三角波
附件一（训练集）.xlsx|材料2|1234,4,三角波,三角波,三角波,三角波,梯形波,三角波
附件一（训练集）.xlsx|材料2|1235,3,三角波,三角波,三角波,三角波,正弦波,三角波
附件一（训练集）.xlsx|材料2|1236,3,三角波,三角波,三角波,三角波,正弦波,三角波
附件一（训练集）.xlsx|材料2|1237,4,三角波,三角波,三角波,三角波,三角波,三角波
附件一（训练集）.xlsx|材料2|1238,2,三角波,三角波,三角波,三角波,三角波,三角波
附件一（训练集）.xlsx|材料2|1239,4,三角波,三角波,三角波,三角波,三角波,三角波
附件一（训练集）.xlsx|材料2|124,4,正弦波,正弦波,正弦波,正弦波,正弦波,正弦波
附件一（训练集）.xlsx|材料2|1240,4,三角波,三角波,三角波,三角波,三角波,三角波
附件一（训练集）.xlsx|材料2|1241,2,三角波,三角波,三角波,三角波,三角波,三角波
附件一（训练集）.xlsx|材料2|1242,2,三角波,三角波,三角波,三角波,正弦波,三角波
附件一（训练集）.xlsx|材料2|1243,1,三角波,三角波,三角波,三角波,三角波,三角波
附件一（训练集）.xlsx|材料2|1244,2,三角波,三角波,三角波,三角波,三角波,三角波
附件一（训练集）.xlsx|材料2|1245,2,三角波,三角波,三角波,三角波,三角波,三角波
附件一（训练集）.xlsx|材料2|1246,1,三角波,三角波,三角波,三角波,三角波,三角波
附件一（训练集）.xlsx|材料2|1247,3,三角波,三角波,三角波,三角波,三角波,三角波
附件一（训练集）.xlsx|材料2|1248,3,三角波,三角波,三角波,三角波,三角波,三角波
附件一（训练集）.xlsx|材料2|1249,3,三角波,三角波,三角波,三角波,三角波,三角波
附件一（训练集）.xlsx|材料2|125,0,正弦波,正弦波,正弦波,正弦波,梯形波,正弦波
附件一（训练集）.xlsx|材料2|1250,3,三角波,三角波,三角波,三角波,三角波,三角波
附件一（训练集）.xlsx|材料2|1251,2,三角波,三角波,三角波,三角波,正弦波,三角波
附件一（训练集）.xlsx|材料2|1252,2,三角波,三角波,三角波,三角波,三角波,三角波
附件一（训练集）.xlsx|材料2|1253,4,三角波,三角波,三角波,三角波,三角波,三角波
附件一（训练集）.xlsx|材料2|1254,3,三角波,三角波,三角波,三角波,三角波,三角波
附件一（训练集）.xlsx|材料2|1255,3,三角波,三角波,三角波,三角波,三角波,三角波
附件一（训练集）.xlsx|材料2|1256,4,三角波,三角波,三角波,三角波,三角波,三角波
附件一（训练集）.xlsx|材料2|1257,1,三角波,三角波,三角波,三角波,正弦波,三角波
附件一（训练集）.xlsx|材料2|1258,0,三角波,三角波,三角波,三角波,三角波,三角波
附件一（训练集）.xlsx|材料2|1259,2,三角波,三角波,三角波,三角波,三角波,三角波
附件一（训练集）.xlsx|材料2|126,2,正弦波,正弦波,正弦波,正弦波,梯形波,正弦波
附件一（训练集）.xlsx|材料2|1260,4,三角波,三角波,三角波,三角波,三角波,三角波
附件一（训练集）.xlsx|材料2|1261,1,三角波,三角波,三角波,三角波,三角波,三角波
附件一（训练集）.xlsx|材料2|1262,2,三角波,三角波,三角波,三角波,三角波,三角波
附件一（训练集）.xlsx|材料2|1263,1,三角波,三角波,三角波,三角波,三角波,三角波
附件一（训练集）.xlsx|材料2|1264,3,三角波,三角波,三角波,三角波,三角波,三角波
附件一（训练集）.xlsx|材料2|1265,3,三角波,三角波,三角波,三角波,三角波,三角波
附件一（训练集）.xlsx|材料2|1266,1,三角波,三角波,三角波,三角波,三角波,三角波
附件一（训练集）.xlsx|材料2|1267,1,三角波,三角波,三角波,三角波,三角波,三角波
附件一（训练集）.xlsx|材料2|1268,3,三角波,三角波,三角波,三角波,三角波,三角波
附件一（训练集）.xlsx|材料2|1269,0,三角波,三角波,三角波,三角波,三角波,三角波
附件一（训练集）.xlsx|材料2|127,0,正弦波,正弦波,正弦波,正弦波,梯形波,正弦波
附件一（训练集）.xlsx|材料2|1270,0,三角波,三角波,三角波,三角波,三角波,三角波
附件一（训练集）.xlsx|材料2|1271,2,三角波,三角波,三角波,三角波,正弦波,三角波
附件一（训练集）.xlsx|材料2|1272,2,三角波,三角波,三角波,三角波,正弦波,三角波
附件一（训练集）.xlsx|材料2|1273,4,三角波,三角波,三角波,三角波,梯形波,三角波
附件一（训练集）.xlsx|材料2|1274,0,三角波,三角波,三角波,三角波,梯形波,三角波
附件一（训练集）.xlsx|材料2|1275,0,三角波,三角波,三角波,三角波,梯形波,三角波
附件一（训练集）.xlsx|材料2|1276,1,三角波,三角波,三角波,三角波,正弦波,三角波
附件一（训练集）.xlsx|材料2|1277,0,三角波,三角波,三角波,三角波,正弦波,三角波
附件一（训练集）.xlsx|材料2|1278,1,三角波,三角波,三角波,三角波,正弦波,三角波
附件一（训练集）.xlsx|材料2|1279,4,三角波,三角波,三角波,三角波,正弦波,三角波
附件一（训练集）.xlsx|材料2|128,1,正弦波,正弦波,正弦波,正弦波,正弦波,正弦波
附件一（训练集）.xlsx|材料2|1280,1,三角波,三角波,三角波,三角波,正弦波,三角波
附件一（训练集）.xlsx|材料2|1281,4,三角波,三角波,三角波,三角波,梯形波,三角波
附件一（训练集）.xlsx|材料2|1282,2,三角波,三角波,三角波,三角波,梯形波,三角波
附件一（训练集）.xlsx|材料2|1283,3,三角波,三角波,三角波,三角波,梯形波,三角波
附件一（训练集）.xlsx|材料2|1284,2,三角波,三角波,三角波,三角波,正弦波,三角波
附件一（训练集）.xlsx|材料2|1285,2,三角波,三角波,三角波,三角波,正弦波,三角波
附件一（训练集）.xlsx|材料2|1286,2,三角波,三角波,三角波,三角波,正弦波,三角波
附件一（训练集）.xlsx|材料2|1287,2,三角波,三角波,三角波,三角波,正弦波,三角波
附件一（训练集）.xlsx|材料2|1288,4,三角波,三角波,三角波,三角波,梯形波,三角波
附件一（训练集）.xlsx|材料2|1289,4,三角波,三角波,三角波,三角波,梯形波,三角波
附件一（训练集）.xlsx|材料2|129,0,正弦波,正弦波,正弦波,正弦波,正弦波,正弦波
附件一（训练集）.xlsx|材料2|1290,1,三角波,三角波,三角波,三角波,正弦波,三角波
附件一（训练集）.xlsx|材料2|1291,1,三角波,三角波,三角波,三角波,正弦波,三角波
附件一（训练集）.xlsx|材料2|1292,1,三角波,三角波,三角波,三角波,正弦波,三角波
附件一（训练集）.xlsx|材料2|1293,4,三角波,三角波,三角波,三角波,梯形波,三角波
附件一（训练集）.xlsx|材料2|1294,4,三角波,三角波,三角波,三角波,梯形波,三角波
附件一（训练集）.xlsx|材料2|1295,4,三角波,三角波,三角波,三角波,梯形波,三角波
附件一（训练集）.xlsx|材料2|1296,4,三角波,三角波,三角波,三角波,梯形波,三角波
附件一（训练集）.xlsx|材料2|1297,4,三角波,三角波,三角波,三角波,正弦波,三角波
附件一（训练集）.xlsx|材料2|1298,0,三角波,三角波,三角波,三角波,正弦波,三角波
附件一（训练集）.xlsx|材料2|1299,0,三角波,三角波,三角波,三角波,正弦波,三角波
附件一（训练集）.xlsx|材料2|13,2,正弦波,正弦波,正弦波,正弦波,正弦波,正弦波
附件一（训练集）.xlsx|材料2|130,3,正弦波,正弦波,正弦波,正弦波,正弦波,正弦波
附件一（训练集）.xlsx|材料2|1300,4,三角波,三角波,三角波,三角波,三角波,三角波
附件一（训练集）.xlsx|材料2|1301,3,三角波,三角波,三角波,三角波,三角波,三角波
附件一（训练集）.xlsx|材料2|1302,1,三角波,三角波,三角波,三角波,三角波,三角波
附件一（训练集）.xlsx|材料2|1303,2,三角波,三角波,三角波,三角波,梯形波,三角波
附件一（训练集）.xlsx|材料2|1304,0,三角波,三角波,三角波,三角波,正弦波,三角波
附件一（训练集）.xlsx|材料2|1305,4,三角波,三角波,三角波,三角波,正弦波,三角波
附件一（训练集）.xlsx|材料2|1306,4,三角波,三角波,三角波,三角波,正弦波,三角波
附件一（训练集）.xlsx|材料2|1307,1,三角波,三角波,三角波,三角波,三角波,三角波
附件一（训练集）.xlsx|材料2|1308,1,三角波,三角波,三角波,三角波,三角波,三角波
附件一（训练集）.xlsx|材料2|1309,1,三角波,三角波,三角波,三角波,三角波,三角波
附件一（训练集）.xlsx|材料2|131,0,正弦波,正弦波,正弦波,正弦波,正弦波,正弦波
附件一（训练集）.xlsx|材料2|1310,2,三角波,三角波,三角波,三角波,三角波,三角波
附件一（训练集）.xlsx|材料2|1311,2,三角波,三角波,三角波,三角波,三角波,三角波
附件一（训练集）.xlsx|材料2|1312,2,三角波,三角波,三角波,三角波,三角波,三角波
附件一（训练集）.xlsx|材料2|1313,1,三角波,三角波,三角波,三角波,三角波,三角波
附件一（训练集）.xlsx|材料2|1314,3,三角波,三角波,三角波,三角波,正弦波,三角波
附件一（训练集）.xlsx|材料2|1315,3,三角波,三角波,三角波,三角波,三角波,三角波
附件一（训练集）.xlsx|材料2|1316,3,三角波,三角波,三角波,三角波,三角波,三角波
附件一（训练集）.xlsx|材料2|1317,0,三角波,三角波,三角波,三角波,三角波,三角波
附件一（训练集）.xlsx|材料2|1318,3,三角波,三角波,三角波,三角波,三角波,三角波
附件一（训练集）.xlsx|材料2|1319,2,三角波,三角波,三角波,三角波,三角波,三角波
附件一（训练集）.xlsx|材料2|132,1,正弦波,正弦波,正弦波,正弦波,正弦波,正弦波
附件一（训练集）.xlsx|材料2|1320,3,三角波,三角波,三角波,三角波,三角波,三角波
附件一（训练集）.xlsx|材料2|1321,0,三角波,三角波,三角波,三角波,三角波,三角波
附件一（训练集）.xlsx|材料2|1322,1,三角波,三角波,三角波,三角波,三角波,三角波
附件一（训练集）.xlsx|材料2|1323,3,三角波,三角波,三角波,三角波,三角波,三角波
附件一（训练集）.xlsx|材料2|1324,3,三角波,三角波,三角波,三角波,三角波,三角波
附件一（训练集）.xlsx|材料2|1325,3,三角波,三角波,三角波,三角波,三角波,三角波
附件一（训练集）.xlsx|材料2|1326,0,三角波,三角波,三角波,三角波,三角波,三角波
附件一（训练集）.xlsx|材料2|1327,1,三角波,三角波,三角波,三角波,三角波,三角波
附件一（训练集）.xlsx|材料2|1328,2,三角波,三角波,三角波,三角波,三角波,三角波
附件一（训练集）.xlsx|材料2|1329,4,三角波,三角波,三角波,三角波,三角波,三角波
附件一（训练集）.xlsx|材料2|133,0,正弦波,正弦波,正弦波,正弦波,正弦波,正弦波
附件一（训练集）.xlsx|材料2|1330,2,三角波,三角波,三角波,三角波,三角波,三角波
附件一（训练集）.xlsx|材料2|1331,2,三角波,三角波,三角波,三角波,正弦波,三角波
附件一（训练集）.xlsx|材料2|1332,1,三角波,三角波,三角波,三角波,正弦波,三角波
附件一（训练集）.xlsx|材料2|1333,1,三角波,三角波,三角波,三角波,正弦波,三角波
附件一（训练集）.xlsx|材料2|1334,4,三角波,三角波,三角波,三角波,正弦波,三角波
附件一（训练集）.xlsx|材料2|1335,4,三角波,三角波,三角波,三角波,正弦波,三角波
附件一（训练集）.xlsx|材料2|1336,1,三角波,三角波,三角波,三角波,正弦波,三角波
附件一（训练集）.xlsx|材料2|1337,3,三角波,三角波,三角波,三角波,正弦波,三角波
附件一（训练集）.xlsx|材料2|1338,3,三角波,三角波,三角波,三角波,正弦波,三角波
附件一（训练集）.xlsx|材料2|1339,3,三角波,三角波,三角波,三角波,正弦波,三角波
附件一（训练集）.xlsx|材料2|134,4,正弦波,正弦波,正弦波,正弦波,正弦波,正弦波
附件一（训练集）.xlsx|材料2|1340,4,三角波,三角波,三角波,三角波,正弦波,三角波
附件一（训练集）.xlsx|材料2|1341,0,三角波,三角波,三角波,三角波,正弦波,三角波
附件一（训练集）.xlsx|材料2|1342,0,三角波,三角波,三角波,三角波,正弦波,三角波
附件一（训练集）.xlsx|材料2|1343,0,三角波,三角波,三角波,三角波,三角波,三角波
附件一（训练集）.xlsx|材料2|1344,3,三角波,三角波,三角波,三角波,梯形波,三角波
附件一（训练集）.xlsx|材料2|1345,1,三角波,三角波,三角波,三角波,梯形波,三角波
附件一（训练集）.xlsx|材料2|1346,4,三角波,三角波,三角波,三角波,正弦波,三角波
附件一（训练集）.xlsx|材料2|1347,1,三角波,三角波,三角波,三角波,正弦波,三角波
附件一（训练集）.xlsx|材料2|1348,3,三角波,三角波,三角波,三角波,正弦波,三角波
附件一（训练集）.xlsx|材料2|1349,3,三角波,三角波,三角波,三角波,三角波,三角波
附件一（训练集）.xlsx|材料2|135,1,正弦波,正弦波,正弦波,正弦波,梯形波,正弦波
附件一（训练集）.xlsx|材料2|1350,4,三角波,三角波,三角波,三角波,三角波,三角波
附件一（训练集）.xlsx|材料2|1351,4,三角波,三角波,三角波,三角波,梯形波,三角波
附件一（训练集）.xlsx|材料2|1352,3,三角波,三角波,三角波,三角波,正弦波,三角波
附件一（训练集）.xlsx|材料2|1353,1,三角波,三角波,三角波,三角波,正弦波,三角波
附件一（训练集）.xlsx|材料2|1354,3,三角波,三角波,三角波,三角波,正弦波,三角波
附件一（训练集）.xlsx|材料2|1355,1,三角波,三角波,三角波,三角波,正弦波,三角波
附件一（训练集）.xlsx|材料2|1356,4,三角波,三角波,三角波,三角波,三角波,三角波
附件一（训练集）.xlsx|材料2|1357,0,三角波,三角波,三角波,三角波,三角波,三角波
附件一（训练集）.xlsx|材料2|1358,3,三角波,三角波,三角波,三角波,三角波,三角波
附件一（训练集）.xlsx|材料2|1359,3,三角波,三角波,三角波,三角波,三角波,三角波
附件一（训练集）.xlsx|材料2|136,1,正弦波,正弦波,正弦波,正弦波,梯形波,正弦波
附件一（训练集）.xlsx|材料2|1360,0,三角波,三角波,三角波,三角波,正弦波,三角波
附件一（训练集）.xlsx|材料2|1361,1,三角波,三角波,三角波,三角波,正弦波,三角波
附件一（训练集）.xlsx|材料2|1362,1,三角波,三角波,三角波,三角波,正弦波,三角波
附件一（训练集）.xlsx|材料2|1363,4,三角波,三角波,三角波,三角波,三角波,三角波
附件一（训练集）.xlsx|材料2|1364,0,三角波,三角波,三角波,三角波,三角波,三角波
附件一（训练集）.xlsx|材料2|1365,0,三角波,三角波,三角波,三角波,三角波,三角波
附件一（训练集）.xlsx|材料2|1366,0,三角波,三角波,三角波,三角波,三角波,三角波
附件一（训练集）.xlsx|材料2|1367,3,三角波,三角波,三角波,三角波,三角波,三角波
附件一（训练集）.xlsx|材料2|1368,0,三角波,三角波,三角波,三角波,三角波,三角波
附件一（训练集）.xlsx|材料2|1369,3,三角波,三角波,三角波,三角波,正弦波,三角波
附件一（训练集）.xlsx|材料2|137,0,正弦波,正弦波,正弦波,正弦波,梯形波,正弦波
附件一（训练集）.xlsx|材料2|1370,0,三角波,三角波,三角波,三角波,三角波,三角波
附件一（训练集）.xlsx|材料2|1371,2,三角波,三角波,三角波,三角波,三角波,三角波
附件一（训练集）.xlsx|材料2|1372,1,三角波,三角波,三角波,三角波,三角波,三角波
附件一（训练集）.xlsx|材料2|1373,1,三角波,三角波,三角波,三角波,三角波,三角波
附件一（训练集）.xlsx|材料2|1374,2,三角波,三角波,三角波,三角波,三角波,三角波
附件一（训练集）.xlsx|材料2|1375,2,三角波,三角波,三角波,三角波,三角波,三角波
附件一（训练集）.xlsx|材料2|1376,3,三角波,三角波,三角波,三角波,三角波,三角波
附件一（训练集）.xlsx|材料2|1377,1,三角波,三角波,三角波,三角波,三角波,三角波
附件一（训练集）.xlsx|材料2|1378,3,三角波,三角波,三角波,三角波,三角波,三角波
附件一（训练集）.xlsx|材料2|1379,0,三角波,三角波,三角波,三角波,正弦波,三角波
附件一（训练集）.xlsx|材料2|138,2,正弦波,正弦波,正弦波,正弦波,梯形波,正弦波
附件一（训练集）.xlsx|材料2|1380,0,三角波,三角波,三角波,三角波,正弦波,三角波
附件一（训练集）.xlsx|材料2|1381,3,三角波,三角波,三角波,三角波,正弦波,三角波
附件一（训练集）.xlsx|材料2|1382,0,三角波,三角波,三角波,三角波,梯形波,三角波
附件一（训练集）.xlsx|材料2|1383,2,三角波,三角波,三角波,三角波,梯形波,三角波
附件一（训练集）.xlsx|材料2|1384,1,三角波,三角波,三角波,三角波,正弦波,三角波
附件一（训练集）.xlsx|材料2|1385,1,三角波,三角波,三角波,三角波,正弦波,三角波
附件一（训练集）.xlsx|材料2|1386,1,三角波,三角波,三角波,三角波,正弦波,三角波
附件一（训练集）.xlsx|材料2|1387,1,三角波,三角波,三角波,三角波,正弦波,三角波
附件一（训练集）.xlsx|材料2|1388,0,三角波,三角波,三角波,三角波,正弦波,三角波
附件一（训练集）.xlsx|材料2|1389,0,三角波,三角波,三角波,三角波,梯形波,三角波
附件一（训练集）.xlsx|材料2|139,2,正弦波,正弦波,正弦波,正弦波,正弦波,正弦波
附件一（训练集）.xlsx|材料2|1390,4,三角波,三角波,三角波,三角波,梯形波,三角波
附件一（训练集）.xlsx|材料2|1391,4,三角波,三角波,三角波,三角波,梯形波,三角波
附件一（训练集）.xlsx|材料2|1392,3,三角波,三角波,三角波,三角波,梯形波,三角波
附件一（训练集）.xlsx|材料2|1393,3,三角波,三角波,三角波,三角波,正弦波,三角波
附件一（训练集）.xlsx|材料2|1394,3,三角波,三角波,三角波,三角波,正弦波,三角波
附件一（训练集）.xlsx|材料2|1395,3,三角波,三角波,三角波,三角波,正弦波,三角波
附件一（训练集）.xlsx|材料2|1396,2,三角波,三角波,三角波,三角波,正弦波,三角波
附件一（训练集）.xlsx|材料2|1397,2,三角波,三角波,三角波,三角波,正弦波,三角波
附件一（训练集）.xlsx|材料2|1398,2,三角波,三角波,三角波,三角波,梯形波,三角波
附件一（训练集）.xlsx|材料2|1399,2,三角波,三角波,三角波,三角波,梯形波,三角波
附件一（训练集）.xlsx|材料2|14,0,正弦波,正弦波,正弦波,正弦波,正弦波,正弦波
附件一（训练集）.xlsx|材料2|140,1,正弦波,正弦波,正弦波,正弦波,正弦波,正弦波
附件一（训练集）.xlsx|材料2|1400,2,三角波,三角波,三角波,三角波,梯形波,三角波
附件一（训练集）.xlsx|材料2|1401,2,三角波,三角波,三角波,三角波,梯形波,三角波
附件一（训练集）.xlsx|材料2|1402,2,三角波,三角波,三角波,三角波,梯形波,三角波
附件一（训练集）.xlsx|材料2|1403,2,三角波,三角波,三角波,三角波,正弦波,三角波
附件一（训练集）.xlsx|材料2|1404,2,三角波,三角波,三角波,三角波,梯形波,三角波
附件一（训练集）.xlsx|材料2|1405,0,三角波,三角波,三角波,三角波,梯形波,三角波
附件一（训练集）.xlsx|材料2|1406,0,三角波,三角波,三角波,三角波,梯形波,三角波
附件一（训练集）.xlsx|材料2|1407,2,三角波,三角波,三角波,三角波,正弦波,三角波
附件一（训练集）.xlsx|材料2|1408,2,三角波,三角波,三角波,三角波,正弦波,三角波
附件一（训练集）.xlsx|材料2|1409,2,三角波,三角波,三角波,三角波,正弦波,三角波
附件一（训练集）.xlsx|材料2|141,0,正弦波,正弦波,正弦波,正弦波,正弦波,正弦波
附件一（训练集）.xlsx|材料2|1410,0,三角波,三角波,三角波,三角波,三角波,三角波
附件一（训练集）.xlsx|材料2|1411,4,三角波,三角波,三角波,三角波,三角波,三角波
附件一（训练集）.xlsx|材料2|1412,0,三角波,三角波,三角波,三角波,三角波,三角波
附件一（训练集）.xlsx|材料2|1413,0,三角波,三角波,三角波,三角波,三角波,三角波
附件一（训练集）.xlsx|材料2|1414,0,三角波,三角波,三角波,三角波,三角波,三角波
附件一（训练集）.xlsx|材料2|1415,4,三角波,三角波,三角波,三角波,正弦波,三角波
附件一（训练集）.xlsx|材料2|1416,4,三角波,三角波,三角波,三角波,正弦波,三角波
附件一（训练集）.xlsx|材料2|1417,3,三角波,三角波,三角波,三角波,正弦波,三角波
附件一（训练集）.xlsx|材料2|1418,4,三角波,三角波,三角波,三角波,三角波,三角波
附件一（训练集）.xlsx|材料2|1419,4,三角波,三角波,三角波,三角波,三角波,三角波
附件一（训练集）.xlsx|材料2|142,4,正弦波,正弦波,正弦波,正弦波,梯形波,正弦波
附件一（训练集）.xlsx|材料2|1420,4,三角波,三角波,三角波,三角波,三角波,三角波
附件一（训练集）.xlsx|材料2|1421,1,三角波,三角波,三角波,三角波,三角波,三角波
附件一（训练集）.xlsx|材料2|1422,0,三角波,三角波,三角波,三角波,正弦波,三角波
附件一（训练集）.xlsx|材料2|1423,1,三角波,三角波,三角波,三角波,正弦波,三角波
附件一（训练集）.xlsx|材料2|1424,1,三角波,三角波,三角波,三角波,三角波,三角波
附件一（训练集）.xlsx|材料2|1425,3,三角波,三角波,三角波,三角波,三角波,三角波
附件一（训练集）.xlsx|材料2|1426,1,三角波,三角波,三角波,三角波,三角波,三角波
附件一（训练集）.xlsx|材料2|1427,1,三角波,三角波,三角波,三角波,三角波,三角波
附件一（训练集）.xlsx|材料2|1428,3,三角波,三角波,三角波,三角波,三角波,三角波
附件一（训练集）.xlsx|材料2|1429,3,三角波,三角波,三角波,三角波,三角波,三角波
附件一（训练集）.xlsx|材料2|143,3,正弦波,正弦波,正弦波,正弦波,梯形波,正弦波
附件一（训练集）.xlsx|材料2|1430,2,三角波,三角波,三角波,三角波,正弦波,三角波
附件一（训练集）.xlsx|材料2|1431,3,三角波,三角波,三角波,三角波,三角波,三角波
附件一（训练集）.xlsx|材料2|1432,0,三角波,三角波,三角波,三角波,三角波,三角波
附件一（训练集）.xlsx|材料2|1433,2,三角波,三角波,三角波,三角波,三角波,三角波
附件一（训练集）.xlsx|材料2|1434,0,三角波,三角波,三角波,三角波,三角波,三角波
附件一（训练集）.xlsx|材料2|1435,2,三角波,三角波,三角波,三角波,三角波,三角波
附件一（训练集）.xlsx|材料2|1436,4,三角波,三角波,三角波,三角波,三角波,三角波
附件一（训练集）.xlsx|材料2|1437,3,三角波,三角波,三角波,三角波,三角波,三角波
附件一（训练集）.xlsx|材料2|1438,3,三角波,三角波,三角波,三角波,三角波,三角波
附件一（训练集）.xlsx|材料2|1439,3,三角波,三角波,三角波,三角波,三角波,三角波
附件一（训练集）.xlsx|材料2|144,4,正弦波,正弦波,正弦波,正弦波,梯形波,正弦波
附件一（训练集）.xlsx|材料2|1440,3,三角波,三角波,三角波,三角波,三角波,三角波
附件一（训练集）.xlsx|材料2|1441,3,三角波,三角波,三角波,三角波,三角波,三角波
附件一（训练集）.xlsx|材料2|1442,3,三角波,三角波,三角波,三角波,三角波,三角波
附件一（训练集）.xlsx|材料2|1443,3,三角波,三角波,三角波,三角波,三角波,三角波
附件一（训练集）.xlsx|材料2|1444,0,三角波,三角波,三角波,三角波,正弦波,三角波
附件一（训练集）.xlsx|材料2|1445,2,三角波,三角波,三角波,三角波,正弦波,三角波
附件一（训练集）.xlsx|材料2|1446,0,三角波,三角波,三角波,三角波,正弦波,三角波
附件一（训练集）.xlsx|材料2|1447,1,三角波,三角波,三角波,三角波,梯形波,三角波
附件一（训练集）.xlsx|材料2|1448,3,三角波,三角波,三角波,三角波,正弦波,三角波
附件一（训练集）.xlsx|材料2|1449,3,三角波,三角波,三角波,三角波,正弦波,三角波
附件一（训练集）.xlsx|材料2|145,3,正弦波,正弦波,正弦波,正弦波,梯形波,正弦波
附件一（训练集）.xlsx|材料2|1450,2,三角波,三角波,三角波,三角波,正弦波,三角波
附件一（训练集）.xlsx|材料2|1451,1,三角波,三角波,三角波,三角波,梯形波,三角波
附件一（训练集）.xlsx|材料2|1452,0,三角波,三角波,三角波,三角波,正弦波,三角波
附件一（训练集）.xlsx|材料2|1453,0,三角波,三角波,三角波,三角波,正弦波,三角波
附件一（训练集）.xlsx|材料2|1454,0,三角波,三角波,三角波,三角波,正弦波,三角波
附件一（训练集）.xlsx|材料2|1455,0,三角波,三角波,三角波,三角波,正弦波,三角波
附件一（训练集）.xlsx|材料2|1456,0,三角波,三角波,三角波,三角波,梯形波,三角波
附件一（训练集）.xlsx|材料2|1457,4,三角波,三角波,三角波,三角波,梯形波,三角波
附件一（训练集）.xlsx|材料2|1458,3,三角波,三角波,三角波,三角波,梯形波,三角波
附件一（训练集）.xlsx|材料2|1459,1,三角波,三角波,三角波,三角波,梯形波,三角波
附件一（训练集）.xlsx|材料2|146,3,正弦波,正弦波,正弦波,正弦波,正弦波,正弦波
附件一（训练集）.xlsx|材料2|1460,0,三角波,三角波,三角波,三角波,正弦波,三角波
附件一（训练集）.xlsx|材料2|1461,3,三角波,三角波,三角波,三角波,正弦波,三角波
附件一（训练集）.xlsx|材料2|1462,0,三角波,三角波,三角波,三角波,正弦波,三角波
附件一（训练集）.xlsx|材料2|1463,4,三角波,三角波,三角波,三角波,梯形波,三角波
附件一（训练集）.xlsx|材料2|1464,4,三角波,三角波,三角波,三角波,梯形波,三角波
附件一（训练集）.xlsx|材料2|1465,3,三角波,三角波,三角波,三角波,梯形波,三角波
附件一（训练集）.xlsx|材料2|1466,4,三角波,三角波,三角波,三角波,正弦波,三角波
附件一（训练集）.xlsx|材料2|1467,4,三角波,三角波,三角波,三角波,正弦波,三角波
附件一（训练集）.xlsx|材料2|1468,0,三角波,三角波,三角波,三角波,三角波,三角波
附件一（训练集）.xlsx|材料2|1469,2,三角波,三角波,三角波,三角波,梯形波,三角波
附件一（训练集）.xlsx|材料2|147,3,正弦波,正弦波,正弦波,正弦波,正弦波,正弦波
附件一（训练集）.xlsx|材料2|1470,3,三角波,三角波,三角波,三角波,正弦波,三角波
附件一（训练集）.xlsx|材料2|1471,3,三角波,三角波,三角波,三角波,正弦波,三角波
附件一（训练集）.xlsx|材料2|1472,3,三角波,三角波,三角波,三角波,正弦波,三角波
附件一（训练集）.xlsx|材料2|1473,3,三角波,三角波,三角波,三角波,三角波,三角波
附件一（训练集）.xlsx|材料2|1474,3,三角波,三角波,三角波,三角波,三角波,三角波
附件一（训练集）.xlsx|材料2|1475,4,三角波,三角波,三角波,三角波,三角波,三角波
附件一（训练集）.xlsx|材料2|1476,2,三角波,三角波,三角波,三角波,三角波,三角波
附件一（训练集）.xlsx|材料2|1477,2,三角波,三角波,三角波,三角波,三角波,三角波
附件一（训练集）.xlsx|材料2|1478,3,三角波,三角波,三角波,三角波,正弦波,三角波
附件一（训练集）.xlsx|材料2|1479,0,三角波,三角波,三角波,三角波,正弦波,三角波
附件一（训练集）.xlsx|材料2|148,0,正弦波,正弦波,正弦波,正弦波,正弦波,正弦波
附件一（训练集）.xlsx|材料2|1480,3,三角波,三角波,三角波,三角波,正弦波,三角波
附件一（训练集）.xlsx|材料2|1481,2,三角波,三角波,三角波,三角波,三角波,三角波
附件一（训练集）.xlsx|材料2|1482,3,三角波,三角波,三角波,三角波,三角波,三角波
附件一（训练集）.xlsx|材料2|1483,2,三角波,三角波,三角波,三角波,三角波,三角波
附件一（训练集）.xlsx|材料2|1484,3,三角波,三角波,三角波,三角波,三角波,三角波
附件一（训练集）.xlsx|材料2|1485,3,三角波,三角波,三角波,三角波,三角波,三角波
附件一（训练集）.xlsx|材料2|1486,3,三角波,三角波,三角波,三角波,三角波,三角波
附件一（训练集）.xlsx|材料2|1487,3,三角波,三角波,三角波,三角波,正弦波,三角波
附件一（训练集）.xlsx|材料2|1488,2,三角波,三角波,三角波,三角波,正弦波,三角波
附件一（训练集）.xlsx|材料2|1489,3,三角波,三角波,三角波,三角波,正弦波,三角波
附件一（训练集）.xlsx|材料2|149,4,正弦波,正弦波,正弦波,正弦波,三角波,正弦波
附件一（训练集）.xlsx|材料2|1490,4,三角波,三角波,三角波,三角波,三角波,三角波
附件一（训练集）.xlsx|材料2|1491,4,三角波,三角波,三角波,三角波,三角波,三角波
附件一（训练集）.xlsx|材料2|1492,4,三角波,三角波,三角波,三角波,三角波,三角波
附件一（训练集）.xlsx|材料2|1493,4,三角波,三角波,三角波,三角波,三角波,三角波
附件一（训练集）.xlsx|材料2|1494,3,三角波,三角波,三角波,三角波,正弦波,三角波
附件一（训练集）.xlsx|材料2|1495,1,三角波,三角波,三角波,三角波,三角波,三角波
附件一（训练集）.xlsx|材料2|1496,1,三角波,三角波,三角波,三角波,三角波,三角波
附件一（训练集）.xlsx|材料2|1497,1,三角波,三角波,三角波,三角波,三角波,三角波
附件一（训练集）.xlsx|材料2|1498,4,三角波,三角波,三角波,三角波,三角波,三角波
附件一（训练集）.xlsx|材料2|1499,4,三角波,三角波,三角波,三角波,三角波,三角波
附件一（训练集）.xlsx|材料2|15,0,正弦波,正弦波,正弦波,正弦波,正弦波,正弦波
附件一（训练集）.xlsx|材料2|150,4,正弦波,正弦波,正弦波,正弦波,三角波,正弦波
附件一（训练集）.xlsx|材料2|1500,1,三角波,三角波,三角波,三角波,三角波,三角波
附件一（训练集）.xlsx|材料2|1501,1,三角波,三角波,三角波,三角波,三角波,三角波
附件一（训练集）.xlsx|材料2|1502,3,三角波,三角波,三角波,三角波,三角波,三角波
附件一（训练集）.xlsx|材料2|1503,3,三角波,三角波,三角波,三角波,三角波,三角波
附件一（训练集）.xlsx|材料2|1504,1,三角波,三角波,三角波,三角波,三角波,三角波
附件一（训练集）.xlsx|材料2|1505,3,三角波,三角波,三角波,三角波,三角波,三角波
附件一（训练集）.xlsx|材料2|1506,3,三角波,三角波,三角波,三角波,三角波,三角波
附件一（训练集）.xlsx|材料2|1507,1,三角波,三角波,三角波,三角波,三角波,三角波
附件一（训练集）.xlsx|材料2|1508,0,三角波,三角波,三角波,三角波,三角波,三角波
附件一（训练集）.xlsx|材料2|1509,2,三角波,三角波,三角波,三角波,正弦波,三角波
附件一（训练集）.xlsx|材料2|151,0,正弦波,正弦波,正弦波,正弦波,三角波,正弦波
附件一（训练集）.xlsx|材料2|1510,1,三角波,三角波,三角波,三角波,正弦波,三角波
附件一（训练集）.xlsx|材料2|1511,2,三角波,三角波,三角波,三角波,梯形波,三角波
附件一（训练集）.xlsx|材料2|1512,4,三角波,三角波,三角波,三角波,梯形波,三角波
附件一（训练集）.xlsx|材料2|1513,2,三角波,三角波,三角波,三角波,梯形波,三角波
附件一（训练集）.xlsx|材料2|1514,4,三角波,三角波,三角波,三角波,正弦波,三角波
附件一（训练集）.xlsx|材料2|1515,0,三角波,三角波,三角波,三角波,正弦波,三角波
附件一（训练集）.xlsx|材料2|1516,1,三角波,三角波,三角波,三角波,梯形波,三角波
附件一（训练集）.xlsx|材料2|1517,4,三角波,三角波,三角波,三角波,梯形波,三角波
附件一（训练集）.xlsx|材料2|1518,4,三角波,三角波,三角波,三角波,梯形波,三角波
附件一（训练集）.xlsx|材料2|1519,2,三角波,三角波,三角波,三角波,梯形波,三角波
附件一（训练集）.xlsx|材料2|152,1,正弦波,正弦波,正弦波,正弦波,三角波,正弦波
附件一（训练集）.xlsx|材料2|1520,0,三角波,三角波,三角波,三角波,梯形波,三角波
附件一（训练集）.xlsx|材料2|1521,2,三角波,三角波,三角波,三角波,正弦波,三角波
附件一（训练集）.xlsx|材料2|1522,2,三角波,三角波,三角波,三角波,正弦波,三角波
附件一（训练集）.xlsx|材料2|1523,1,三角波,三角波,三角波,三角波,正弦波,三角波
附件一（训练集）.xlsx|材料2|1524,2,三角波,三角波,三角波,三角波,梯形波,三角波
附件一（训练集）.xlsx|材料2|1525,4,三角波,三角波,三角波,三角波,梯形波,三角波
附件一（训练集）.xlsx|材料2|1526,1,三角波,三角波,三角波,三角波,梯形波,三角波
附件一（训练集）.xlsx|材料2|1527,4,三角波,三角波,三角波,三角波,梯形波,三角波
附件一（训练集）.xlsx|材料2|1528,2,三角波,三角波,三角波,三角波,正弦波,三角波
附件一（训练集）.xlsx|材料2|1529,4,三角波,三角波,三角波,三角波,梯形波,三角波
附件一（训练集）.xlsx|材料2|153,2,正弦波,正弦波,正弦波,正弦波,三角波,正弦波
附件一（训练集）.xlsx|材料2|1530,4,三角波,三角波,三角波,三角波,梯形波,三角波
附件一（训练集）.xlsx|材料2|1531,4,三角波,三角波,三角波,三角波,梯形波,三角波
附件一（训练集）.xlsx|材料2|1532,4,三角波,三角波,三角波,三角波,梯形波,三角波
附件一（训练集）.xlsx|材料2|1533,3,三角波,三角波,三角波,三角波,正弦波,三角波
附件一（训练集）.xlsx|材料2|1534,0,三角波,三角波,三角波,三角波,正弦波,三角波
附件一（训练集）.xlsx|材料2|1535,0,三角波,三角波,三角波,三角波,正弦波,三角波
附件一（训练集）.xlsx|材料2|1536,4,三角波,三角波,三角波,三角波,梯形波,三角波
附件一（训练集）.xlsx|材料2|1537,3,三角波,三角波,三角波,三角波,梯形波,三角波
附件一（训练集）.xlsx|材料2|1538,3,三角波,三角波,三角波,三角波,梯形波,三角波
附件一（训练集）.xlsx|材料2|1539,0,三角波,三角波,三角波,三角波,梯形波,三角波
附件一（训练集）.xlsx|材料2|154,0,正弦波,正弦波,正弦波,正弦波,正弦波,正弦波
附件一（训练集）.xlsx|材料2|1540,2,三角波,三角波,三角波,三角波,梯形波,三角波
附件一（训练集）.xlsx|材料2|1541,1,三角波,三角波,三角波,三角波,正弦波,三角波
附件一（训练集）.xlsx|材料2|1542,3,三角波,三角波,三角波,三角波,正弦波,三角波
附件一（训练集）.xlsx|材料2|1543,3,三角波,三角波,三角波,三角波,正弦波,三角波
附件一（训练集）.xlsx|材料2|1544,1,三角波,三角波,三角波,三角波,三角波,三角波
附件一（训练集）.xlsx|材料2|1545,2,三角波,三角波,三角波,三角波,三角波,三角波
附件一（训练集）.xlsx|材料2|1546,2,三角波,三角波,三角波,三角波,三角波,三角波
附件一（训练集）.xlsx|材料2|1547,0,三角波,三角波,三角波,三角波,三角波,三角波
附件一（训练集）.xlsx|材料2|1548,4,三角波,三角波,三角波,三角波,正弦波,三角波
附件一（训练集）.xlsx|材料2|1549,3,三角波,三角波,三角波,三角波,正弦波,三角波
附件一（训练集）.xlsx|材料2|155,3,正弦波,正弦波,正弦波,正弦波,正弦波,正弦波
附件一（训练集）.xlsx|材料2|1550,3,三角波,三角波,三角波,三角波,三角波,三角波
附件一（训练集）.xlsx|材料2|1551,2,三角波,三角波,三角波,三角波,三角波,三角波
附件一（训练集）.xlsx|材料2|1552,2,三角波,三角波,三角波,三角波,三角波,三角波
附件一（训练集）.xlsx|材料2|1553,4,三角波,三角波,三角波,三角波,三角波,三角波
附件一（训练集）.xlsx|材料2|1554,4,三角波,三角波,三角波,三角波,三角波,三角波
附件一（训练集）.xlsx|材料2|1555,4,三角波,三角波,三角波,三角波,三角波,三角波
附件一（训练集）.xlsx|材料2|1556,3,三角波,三角波,三角波,三角波,正弦波,三角波
附件一（训练集）.xlsx|材料2|1557,1,三角波,三角波,三角波,三角波,三角波,三角波
附件一（训练集）.xlsx|材料2|1558,3,三角波,三角波,三角波,三角波,三角波,三角波
附件一（训练集）.xlsx|材料2|1559,1,三角波,三角波,三角波,三角波,三角波,三角波
附件一（训练集）.xlsx|材料2|156,1,正弦波,正弦波,正弦波,正弦波,正弦波,正弦波
附件一（训练集）.xlsx|材料2|1560,0,三角波,三角波,三角波,三角波,三角波,三角波
附件一（训练集）.xlsx|材料2|1561,3,三角波,三角波,三角波,三角波,三角波,三角波
附件一（训练集）.xlsx|材料2|1562,3,三角波,三角波,三角波,三角波,三角波,三角波
附件一（训练集）.xlsx|材料2|1563,1,三角波,三角波,三角波,三角波,三角波,三角波
附件一（训练集）.xlsx|材料2|1564,2,三角波,三角波,三角波,三角波,三角波,三角波
附件一（训练集）.xlsx|材料2|1565,0,三角波,三角波,三角波,三角波,三角波,三角波
附件一（训练集）.xlsx|材料2|1566,0,三角波,三角波,三角波,三角波,三角波,三角波
附件一（训练集）.xlsx|材料2|1567,1,三角波,三角波,三角波,三角波,三角波,三角波
附件一（训练集）.xlsx|材料2|1568,4,三角波,三角波,三角波,三角波,三角波,三角波
附件一（训练集）.xlsx|材料2|1569,4,三角波,三角波,三角波,三角波,三角波,三角波
附件一（训练集）.xlsx|材料2|157,1,正弦波,正弦波,正弦波,正弦波,三角波,正弦波
附件一（训练集）.xlsx|材料2|1570,2,三角波,三角波,三角波,三角波,三角波,三角波
附件一（训练集）.xlsx|材料2|1571,2,三角波,三角波,三角波,三角波,三角波,三角波
附件一（训练集）.xlsx|材料2|1572,3,三角波,三角波,三角波,三角波,梯形波,三角波
附件一（训练集）.xlsx|材料2|1573,3,三角波,三角波,三角波,三角波,正弦波,三角波
附件一（训练集）.xlsx|材料2|1574,1,三角波,三角波,三角波,三角波,正弦波,三角波
附件一（训练集）.xlsx|材料2|1575,1,三角波,三角波,三角波,三角波,正弦波,三角波
附件一（训练集）.xlsx|材料2|1576,1,三角波,三角波,三角波,三角波,正弦波,三角波
附件一（训练集）.xlsx|材料2|1577,4,三角波,三角波,三角波,三角波,正弦波,三角波
附件一（训练集）.xlsx|材料2|1578,3,三角波,三角波,三角波,三角波,正弦波,三角波
附件一（训练集）.xlsx|材料2|1579,0,三角波,三角波,三角波,三角波,梯形波,三角波
附件一（训练集）.xlsx|材料2|158,3,正弦波,正弦波,正弦波,正弦波,三角波,正弦波
附件一（训练集）.xlsx|材料2|1580,3,三角波,三角波,三角波,三角波,梯形波,三角波
附件一（训练集）.xlsx|材料2|1581,4,三角波,三角波,三角波,三角波,梯形波,三角波
附件一（训练集）.xlsx|材料2|1582,3,三角波,三角波,三角波,三角波,正弦波,三角波
附件一（训练集）.xlsx|材料2|1583,0,三角波,三角波,三角波,三角波,正弦波,三角波
附件一（训练集）.xlsx|材料2|1584,0,三角波,三角波,三角波,三角波,正弦波,三角波
附件一（训练集）.xlsx|材料2|1585,1,三角波,三角波,三角波,三角波,正弦波,三角波
附件一（训练集）.xlsx|材料2|1586,3,三角波,三角波,三角波,三角波,正弦波,三角波
附件一（训练集）.xlsx|材料2|1587,3,三角波,三角波,三角波,三角波,正弦波,三角波
附件一（训练集）.xlsx|材料2|1588,4,三角波,三角波,三角波,三角波,梯形波,三角波
附件一（训练集）.xlsx|材料2|1589,4,三角波,三角波,三角波,三角波,梯形波,三角波
附件一（训练集）.xlsx|材料2|159,2,正弦波,正弦波,正弦波,正弦波,三角波,正弦波
附件一（训练集）.xlsx|材料2|1590,1,三角波,三角波,三角波,三角波,梯形波,三角波
附件一（训练集）.xlsx|材料2|1591,4,三角波,三角波,三角波,三角波,梯形波,三角波
附件一（训练集）.xlsx|材料2|1592,2,三角波,三角波,三角波,三角波,正弦波,三角波
附件一（训练集）.xlsx|材料2|1593,3,三角波,三角波,三角波,三角波,正弦波,三角波
附件一（训练集）.xlsx|材料2|1594,3,三角波,三角波,三角波,三角波,正弦波,三角波
附件一（训练集）.xlsx|材料2|1595,0,三角波,三角波,三角波,三角波,正弦波,三角波
附件一（训练集）.xlsx|材料2|1596,0,三角波,三角波,三角波,三角波,三角波,三角波
附件一（训练集）.xlsx|材料2|1597,3,三角波,三角波,三角波,三角波,梯形波,三角波
附件一（训练集）.xlsx|材料2|1598,3,三角波,三角波,三角波,三角波,正弦波,三角波
附件一（训练集）.xlsx|材料2|1599,4,三角波,三角波,三角波,三角波,正弦波,三角波
附件一（训练集）.xlsx|材料2|16,0,正弦波,正弦波,正弦波,正弦波,正弦波,正弦波
附件一（训练集）.xlsx|材料2|160,4,正弦波,正弦波,正弦波,正弦波,三角波,正弦波
附件一（训练集）.xlsx|材料2|1600,3,三角波,三角波,三角波,三角波,正弦波,三角波
附件一（训练集）.xlsx|材料2|1601,1,三角波,三角波,三角波,三角波,三角波,三角波
附件一（训练集）.xlsx|材料2|1602,4,三角波,三角波,三角波,三角波,三角波,三角波
附件一（训练集）.xlsx|材料2|1603,4,三角波,三角波,三角波,三角波,三角波,三角波
附件一（训练集）.xlsx|材料2|1604,3,三角波,三角波,三角波,三角波,三角波,三角波
附件一（训练集）.xlsx|材料2|1605,3,三角波,三角波,三角波,三角波,正弦波,三角波
附件一（训练集）.xlsx|材料2|1606,4,三角波,三角波,三角波,三角波,三角波,三角波
附件一（训练集）.xlsx|材料2|1607,1,三角波,三角波,三角波,三角波,三角波,三角波
附件一（训练集）.xlsx|材料2|1608,1,三角波,三角波,三角波,三角波,三角波,三角波
附件一（训练集）.xlsx|材料2|1609,4,三角波,三角波,三角波,三角波,三角波,三角波
附件一（训练集）.xlsx|材料2|161,3,正弦波,正弦波,正弦波,正弦波,三角波,正弦波
附件一（训练集）.xlsx|材料2|1610,2,三角波,三角波,三角波,三角波,三角波,三角波
附件一（训练集）.xlsx|材料2|1611,3,三角波,三角波,三角波,三角波,正弦波,三角波
附件一（训练集）.xlsx|材料2|1612,0,三角波,三角波,三角波,三角波,三角波,三角波
附件一（训练集）.xlsx|材料2|1613,2,三角波,三角波,三角波,三角波,三角波,三角波
附件一（训练集）.xlsx|材料2|1614,4,三角波,三角波,三角波,三角波,三角波,三角波
附件一（训练集）.xlsx|材料2|1615,2,三角波,三角波,三角波,三角波,三角波,三角波
附件一（训练集）.xlsx|材料2|1616,2,三角波,三角波,三角波,三角波,三角波,三角波
附件一（训练集）.xlsx|材料2|1617,2,三角波,三角波,三角波,三角波,三角波,三角波
附件一（训练集）.xlsx|材料2|1618,0,三角波,三角波,三角波,三角波,三角波,三角波
附件一（训练集）.xlsx|材料2|1619,2,三角波,三角波,三角波,三角波,三角波,三角波
附件一（训练集）.xlsx|材料2|162,1,正弦波,正弦波,正弦波,正弦波,正弦波,正弦波
附件一（训练集）.xlsx|材料2|1620,2,三角波,三角波,三角波,三角波,三角波,三角波
附件一（训练集）.xlsx|材料2|1621,2,三角波,三角波,三角波,三角波,三角波,三角波
附件一（训练集）.xlsx|材料2|1622,0,三角波,三角波,三角波,三角波,正弦波,三角波
附件一（训练集）.xlsx|材料2|1623,0,三角波,三角波,三角波,三角波,正弦波,三角波
附件一（训练集）.xlsx|材料2|1624,0,三角波,三角波,三角波,三角波,正弦波,三角波
附件一（训练集）.xlsx|材料2|1625,0,三角波,三角波,三角波,三角波,正弦波,三角波
附件一（训练集）.xlsx|材料2|1626,1,三角波,三角波,三角波,三角波,梯形波,三角波
附件一（训练集）.xlsx|材料2|1627,3,三角波,三角波,三角波,三角波,梯形波,三角波
附件一（训练集）.xlsx|材料2|1628,1,三角波,三角波,三角波,三角波,梯形波,三角波
附件一（训练集）.xlsx|材料2|1629,0,三角波,三角波,三角波,三角波,正弦波,三角波
附件一（训练集）.xlsx|材料2|163,0,正弦波,正弦波,正弦波,正弦波,三角波,正弦波
附件一（训练集）.xlsx|材料2|1630,1,三角波,三角波,三角波,三角波,正弦波,三角波
附件一（训练集）.xlsx|材料2|1631,1,三角波,三角波,三角波,三角波,梯形波,三角波
附件一（训练集）.xlsx|材料2|1632,0,三角波,三角波,三角波,三角波,梯形波,三角波
附件一（训练集）.xlsx|材料2|1633,0,三角波,三角波,三角波,三角波,梯形波,三角波
附件一（训练集）.xlsx|材料2|1634,0,三角波,三角波,三角波,三角波,梯形波,三角波
附件一（训练集）.xlsx|材料2|1635,0,三角波,三角波,三角波,三角波,梯形波,三角波
附件一（训练集）.xlsx|材料2|1636,3,三角波,三角波,三角波,三角波,梯形波,三角波
附件一（训练集）.xlsx|材料2|1637,2,三角波,三角波,三角波,三角波,正弦波,三角波
附件一（训练集）.xlsx|材料2|1638,2,三角波,三角波,三角波,三角波,正弦波,三角波
附件一（训练集）.xlsx|材料2|1639,2,三角波,三角波,三角波,三角波,梯形波,三角波
附件一（训练集）.xlsx|材料2|164,0,正弦波,正弦波,正弦波,正弦波,三角波,正弦波
附件一（训练集）.xlsx|材料2|1640,2,三角波,三角波,三角波,三角波,梯形波,三角波
附件一（训练集）.xlsx|材料2|1641,2,三角波,三角波,三角波,三角波,梯形波,三角波
附件一（训练集）.xlsx|材料2|1642,2,三角波,三角波,三角波,三角波,梯形波,三角波
附件一（训练集）.xlsx|材料2|1643,0,三角波,三角波,三角波,三角波,梯形波,三角波
附件一（训练集）.xlsx|材料2|1644,2,三角波,三角波,三角波,三角波,正弦波,三角波
附件一（训练集）.xlsx|材料2|1645,2,三角波,三角波,三角波,三角波,正弦波,三角波
附件一（训练集）.xlsx|材料2|1646,4,三角波,三角波,三角波,三角波,正弦波,三角波
附件一（训练集）.xlsx|材料2|1647,4,三角波,三角波,三角波,三角波,梯形波,三角波
附件一（训练集）.xlsx|材料2|1648,4,三角波,三角波,三角波,三角波,梯形波,三角波
附件一（训练集）.xlsx|材料2|1649,4,三角波,三角波,三角波,三角波,梯形波,三角波
附件一（训练集）.xlsx|材料2|165,1,正弦波,正弦波,正弦波,正弦波,三角波,正弦波
附件一（训练集）.xlsx|材料2|1650,2,三角波,三角波,三角波,三角波,梯形波,三角波
附件一（训练集）.xlsx|材料2|1651,1,三角波,三角波,三角波,三角波,梯形波,三角波
附件一（训练集）.xlsx|材料2|1652,2,三角波,三角波,三角波,三角波,正弦波,三角波
附件一（训练集）.xlsx|材料2|1653,2,三角波,三角波,三角波,三角波,正弦波,三角波
附件一（训练集）.xlsx|材料2|1654,2,三角波,三角波,三角波,三角波,正弦波,三角波
附件一（训练集）.xlsx|材料2|1655,4,三角波,三角波,三角波,三角波,三角波,三角波
附件一（训练集）.xlsx|材料2|1656,0,三角波,三角波,三角波,三角波,三角波,三角波
附件一（训练集）.xlsx|材料2|1657,0,三角波,三角波,三角波,三角波,三角波,三角波
附件一（训练集）.xlsx|材料2|1658,0,三角波,三角波,三角波,三角波,三角波,三角波
附件一（训练集）.xlsx|材料2|1659,0,三角波,三角波,三角波,三角波,三角波,三角波
附件一（训练集）.xlsx|材料2|166,2,正弦波,正弦波,正弦波,正弦波,三角波,正弦波
附件一（训练集）.xlsx|材料2|1660,0,三角波,三角波,三角波,三角波,正弦波,三角波
附件一（训练集）.xlsx|材料2|1661,3,三角波,三角波,三角波,三角波,正弦波,三角波
附件一（训练集）.xlsx|材料2|1662,4,三角波,三角波,三角波,三角波,三角波,三角波
附件一（训练集）.xlsx|材料2|1663,4,三角波,三角波,三角波,三角波,三角波,三角波
附件一（训练集）.xlsx|材料2|1664,2,三角波,三角波,三角波,三角波,三角波,三角波
附件一（训练集）.xlsx|材料2|1665,2,三角波,三角波,三角波,三角波,三角波,三角波
附件一（训练集）.xlsx|材料2|1666,4,三角波,三角波,三角波,三角波,三角波,三角波
附件一（训练集）.xlsx|材料2|1667,1,三角波,三角波,三角波,三角波,三角波,三角波
附件一（训练集）.xlsx|材料2|1668,0,三角波,三角波,三角波,三角波,正弦波,三角波
附件一（训练集）.xlsx|材料2|1669,0,三角波,三角波,三角波,三角波,正弦波,三角波
附件一（训练集）.xlsx|材料2|167,0,正弦波,正弦波,正弦波,正弦波,三角波,正弦波
附件一（训练集）.xlsx|材料2|1670,1,三角波,三角波,三角波,三角波,三角波,三角波
附件一（训练集）.xlsx|材料2|1671,2,三角波,三角波,三角波,三角波,三角波,三角波
附件一（训练集）.xlsx|材料2|1672,3,三角波,三角波,三角波,三角波,三角波,三角波
附件一（训练集）.xlsx|材料2|1673,1,三角波,三角波,三角波,三角波,三角波,三角波
附件一（训练集）.xlsx|材料2|1674,3,三角波,三角波,三角波,三角波,三角波,三角波
附件一（训练集）.xlsx|材料2|1675,3,三角波,三角波,三角波,三角波,三角波,三角波
附件一（训练集）.xlsx|材料2|1676,3,三角波,三角波,三角波,三角波,三角波,三角波
附件一（训练集）.xlsx|材料2|1677,3,三角波,三角波,三角波,三角波,三角波,三角波
附件一（训练集）.xlsx|材料2|1678,0,三角波,三角波,三角波,三角波,三角波,三角波
附件一（训练集）.xlsx|材料2|1679,0,三角波,三角波,三角波,三角波,三角波,三角波
附件一（训练集）.xlsx|材料2|168,1,正弦波,正弦波,正弦波,正弦波,三角波,正弦波
附件一（训练集）.xlsx|材料2|1680,0,三角波,三角波,三角波,三角波,三角波,三角波
附件一（训练集）.xlsx|材料2|1681,0,三角波,三角波,三角波,三角波,三角波,三角波
附件一（训练集）.xlsx|材料2|1682,0,三角波,三角波,三角波,三角波,三角波,三角波
附件一（训练集）.xlsx|材料2|1683,4,三角波,三角波,三角波,三角波,三角波,三角波
附件一（训练集）.xlsx|材料2|1684,2,三角波,三角波,三角波,三角波,三角波,三角波
附件一（训练集）.xlsx|材料2|1685,4,三角波,三角波,三角波,三角波,三角波,三角波
附件一（训练集）.xlsx|材料2|1686,3,三角波,三角波,三角波,三角波,三角波,三角波
附件一（训练集）.xlsx|材料2|1687,3,三角波,三角波,三角波,三角波,三角波,三角波
附件一（训练集）.xlsx|材料2|1688,3,三角波,三角波,三角波,三角波,三角波,三角波
附件一（训练集）.xlsx|材料2|1689,3,三角波,三角波,三角波,三角波,三角波,三角波
附件一（训练集）.xlsx|材料2|169,1,正弦波,正弦波,正弦波,正弦波,三角波,正弦波
附件一（训练集）.xlsx|材料2|1690,3,三角波,三角波,三角波,三角波,三角波,三角波
附件一（训练集）.xlsx|材料2|1691,3,三角波,三角波,三角波,三角波,三角波,三角波
附件一（训练集）.xlsx|材料2|1692,3,三角波,三角波,三角波,三角波,正弦波,三角波
附件一（训练集）.xlsx|材料2|1693,1,三角波,三角波,三角波,三角波,正弦波,三角波
附件一（训练集）.xlsx|材料2|1694,4,三角波,三角波,三角波,三角波,梯形波,三角波
附件一（训练集）.xlsx|材料2|1695,2,三角波,三角波,三角波,三角波,梯形波,三角波
附件一（训练集）.xlsx|材料2|1696,2,三角波,三角波,三角波,三角波,梯形波,三角波
附件一（训练集）.xlsx|材料2|1697,2,三角波,三角波,三角波,三角波,正弦波,三角波
附件一（训练集）.xlsx|材料2|1698,0,三角波,三角波,三角波,三角波,梯形波,三角波
附件一（训练集）.xlsx|材料2|1699,2,三角波,三角波,三角波,三角波,梯形波,三角波
附件一（训练集）.xlsx|材料2|17,1,正弦波,正弦波,正弦波,正弦波,正弦波,正弦波
附件一（训练集）.xlsx|材料2|170,4,正弦波,正弦波,正弦波,正弦波,三角波,正弦波
附件一（训练集）.xlsx|材料2|1700,1,三角波,三角波,三角波,三角波,梯形波,三角波
附件一（训练集）.xlsx|材料2|1701,1,三角波,三角波,三角波,三角波,梯形波,三角波
附件一（训练集）.xlsx|材料2|1702,1,三角波,三角波,三角波,三角波,梯形波,三角波
附件一（训练集）.xlsx|材料2|1703,0,三角波,三角波,三角波,三角波,正弦波,三角波
附件一（训练集）.xlsx|材料2|1704,3,三角波,三角波,三角波,三角波,正弦波,三角波
附件一（训练集）.xlsx|材料2|1705,4,三角波,三角波,三角波,三角波,正弦波,三角波
附件一（训练集）.xlsx|材料2|1706,0,三角波,三角波,三角波,三角波,梯形波,三角波
附件一（训练集）.xlsx|材料2|1707,0,三角波,三角波,三角波,三角波,梯形波,三角波
附件一（训练集）.xlsx|材料2|1708,1,三角波,三角波,三角波,三角波,梯形波,三角波
附件一（训练集）.xlsx|材料2|1709,0,三角波,三角波,三角波,三角波,正弦波,三角波
附件一（训练集）.xlsx|材料2|171,1,正弦波,正弦波,正弦波,正弦波,三角波,正弦波
附件一（训练集）.xlsx|材料2|1710,0,三角波,三角波,三角波,三角波,正弦波,三角波
附件一（训练集）.xlsx|材料2|1711,0,三角波,三角波,三角波,三角波,正弦波,三角波
附件一（训练集）.xlsx|材料2|1712,0,三角波,三角波,三角波,三角波,梯形波,三角波
附件一（训练集）.xlsx|材料2|1713,2,三角波,三角波,三角波,三角波,梯形波,三角波
附件一（训练集）.xlsx|材料2|1714,4,三角波,三角波,三角波,三角波,梯形波,三角波
附件一（训练集）.xlsx|材料2|1715,4,三角波,三角波,三角波,三角波,梯形波,三角波
附件一（训练集）.xlsx|材料2|1716,2,三角波,三角波,三角波,三角波,梯形波,三角波
附件一（训练集）.xlsx|材料2|1717,0,三角波,三角波,三角波,三角波,正弦波,三角波
附件一（训练集）.xlsx|材料2|1718,0,三角波,三角波,三角波,三角波,正弦波,三角波
附件一（训练集）.xlsx|材料2|1719,0,三角波,三角波,三角波,三角波,梯形波,三角波
附件一（训练集）.xlsx|材料2|172,0,正弦波,正弦波,正弦波,正弦波,三角波,正弦波
附件一（训练集）.xlsx|材料2|1720,2,三角波,三角波,三角波,三角波,梯形波,三角波
附件一（训练集）.xlsx|材料2|1721,4,三角波,三角波,三角波,三角波,正弦波,三角波
附件一（训练集）.xlsx|材料2|1722,0,三角波,三角波,三角波,三角波,正弦波,三角波
附件一（训练集）.xlsx|材料2|1723,3,三角波,三角波,三角波,三角波,正弦波,三角波
附件一（训练集）.xlsx|材料2|1724,3,三角波,三角波,三角波,三角波,正弦波,三角波
附件一（训练集）.xlsx|材料2|1725,3,三角波,三角波,三角波,三角波,正弦波,三角波
附件一（训练集）.xlsx|材料2|1726,3,三角波,三角波,三角波,三角波,三角波,三角波
附件一（训练集）.xlsx|材料2|1727,3,三角波,三角波,三角波,三角波,三角波,三角波
附件一（训练集）.xlsx|材料2|1728,4,三角波,三角波,三角波,三角波,梯形波,三角波
附件一（训练集）.xlsx|材料2|1729,4,三角波,三角波,三角波,三角波,梯形波,三角波
附件一（训练集）.xlsx|材料2|173,3,正弦波,正弦波,正弦波,正弦波,三角波,正弦波
附件一（训练集）.xlsx|材料2|1730,0,三角波,三角波,三角波,三角波,三角波,三角波
附件一（训练集）.xlsx|材料2|1731,0,三角波,三角波,三角波,三角波,正弦波,三角波
附件一（训练集）.xlsx|材料2|1732,2,三角波,三角波,三角波,三角波,三角波,三角波
附件一（训练集）.xlsx|材料2|1733,4,三角波,三角波,三角波,三角波,三角波,三角波
附件一（训练集）.xlsx|材料2|1734,3,三角波,三角波,三角波,三角波,三角波,三角波
附件一（训练集）.xlsx|材料2|1735,3,三角波,三角波,三角波,三角波,三角波,三角波
附件一（训练集）.xlsx|材料2|1736,1,三角波,三角波,三角波,三角波,三角波,三角波
附件一（训练集）.xlsx|材料2|1737,3,三角波,三角波,三角波,三角波,三角波,三角波
附件一（训练集）.xlsx|材料2|1738,3,三角波,三角波,三角波,三角波,三角波,三角波
附件一（训练集）.xlsx|材料2|1739,4,三角波,三角波,三角波,三角波,正弦波,三角波
附件一（训练集）.xlsx|材料2|174,4,正弦波,正弦波,正弦波,正弦波,三角波,正弦波
附件一（训练集）.xlsx|材料2|1740,4,三角波,三角波,三角波,三角波,三角波,三角波
附件一（训练集）.xlsx|材料2|1741,3,三角波,三角波,三角波,三角波,正弦波,三角波
附件一（训练集）.xlsx|材料2|1742,0,三角波,三角波,三角波,三角波,三角波,三角波
附件一（训练集）.xlsx|材料2|1743,4,三角波,三角波,三角波,三角波,三角波,三角波
附件一（训练集）.xlsx|材料2|1744,3,三角波,三角波,三角波,三角波,正弦波,三角波
附件一（训练集）.xlsx|材料2|1745,1,三角波,三角波,三角波,三角波,三角波,三角波
附件一（训练集）.xlsx|材料2|1746,3,三角波,三角波,三角波,三角波,三角波,三角波
附件一（训练集）.xlsx|材料2|1747,1,三角波,三角波,三角波,三角波,三角波,三角波
附件一（训练集）.xlsx|材料2|1748,1,三角波,三角波,三角波,三角波,三角波,三角波
附件一（训练集）.xlsx|材料2|1749,1,三角波,三角波,三角波,三角波,三角波,三角波
附件一（训练集）.xlsx|材料2|175,2,正弦波,正弦波,正弦波,正弦波,三角波,正弦波
附件一（训练集）.xlsx|材料2|1750,1,三角波,三角波,三角波,三角波,三角波,三角波
附件一（训练集）.xlsx|材料2|1751,1,三角波,三角波,三角波,三角波,三角波,三角波
附件一（训练集）.xlsx|材料2|1752,3,三角波,三角波,三角波,三角波,三角波,三角波
附件一（训练集）.xlsx|材料2|1753,3,三角波,三角波,三角波,三角波,三角波,三角波
附件一（训练集）.xlsx|材料2|1754,1,三角波,三角波,三角波,三角波,三角波,三角波
附件一（训练集）.xlsx|材料2|1755,1,三角波,三角波,三角波,三角波,三角波,三角波
附件一（训练集）.xlsx|材料2|1756,1,三角波,三角波,三角波,三角波,三角波,三角波
附件一（训练集）.xlsx|材料2|1757,2,三角波,三角波,三角波,三角波,三角波,三角波
附件一（训练集）.xlsx|材料2|1758,0,三角波,三角波,三角波,三角波,三角波,三角波
附件一（训练集）.xlsx|材料2|1759,3,三角波,三角波,三角波,三角波,三角波,三角波
附件一（训练集）.xlsx|材料2|176,1,正弦波,正弦波,正弦波,正弦波,三角波,正弦波
附件一（训练集）.xlsx|材料2|1760,0,三角波,三角波,三角波,三角波,三角波,三角波
附件一（训练集）.xlsx|材料2|1761,0,三角波,三角波,三角波,三角波,三角波,三角波
附件一（训练集）.xlsx|材料2|1762,4,三角波,三角波,三角波,三角波,正弦波,三角波
附件一（训练集）.xlsx|材料2|1763,4,三角波,三角波,三角波,三角波,梯形波,三角波
附件一（训练集）.xlsx|材料2|1764,4,三角波,三角波,三角波,三角波,正弦波,三角波
附件一（训练集）.xlsx|材料2|1765,0,三角波,三角波,三角波,三角波,梯形波,三角波
附件一（训练集）.xlsx|材料2|1766,0,三角波,三角波,三角波,三角波,梯形波,三角波
附件一（训练集）.xlsx|材料2|1767,1,三角波,三角波,三角波,三角波,正弦波,三角波
附件一（训练集）.xlsx|材料2|1768,2,三角波,三角波,三角波,三角波,正弦波,三角波
附件一（训练集）.xlsx|材料2|1769,1,三角波,三角波,三角波,三角波,正弦波,三角波
附件一（训练集）.xlsx|材料2|177,0,正弦波,正弦波,正弦波,正弦波,三角波,正弦波
附件一（训练集）.xlsx|材料2|1770,2,三角波,三角波,三角波,三角波,正弦波,三角波
附件一（训练集）.xlsx|材料2|1771,4,三角波,三角波,三角波,三角波,梯形波,三角波
附件一（训练集）.xlsx|材料2|1772,4,三角波,三角波,三角波,三角波,梯形波,三角波
附件一（训练集）.xlsx|材料2|1773,4,三角波,三角波,三角波,三角波,梯形波,三角波
附件一（训练集）.xlsx|材料2|1774,0,三角波,三角波,三角波,三角波,正弦波,三角波
附件一（训练集）.xlsx|材料2|1775,2,三角波,三角波,三角波,三角波,正弦波,三角波
附件一（训练集）.xlsx|材料2|1776,1,三角波,三角波,三角波,三角波,正弦波,三角波
附件一（训练集）.xlsx|材料2|1777,2,三角波,三角波,三角波,三角波,梯形波,三角波
附件一（训练集）.xlsx|材料2|1778,4,三角波,三角波,三角波,三角波,梯形波,三角波
附件一（训练集）.xlsx|材料2|1779,4,三角波,三角波,三角波,三角波,梯形波,三角波
附件一（训练集）.xlsx|材料2|178,0,正弦波,正弦波,正弦波,正弦波,三角波,正弦波
附件一（训练集）.xlsx|材料2|1780,3,三角波,三角波,三角波,三角波,正弦波,三角波
附件一（训练集）.xlsx|材料2|1781,0,三角波,三角波,三角波,三角波,正弦波,三角波
附件一（训练集）.xlsx|材料2|1782,0,三角波,三角波,三角波,三角波,正弦波,三角波
附件一（训练集）.xlsx|材料2|1783,2,三角波,三角波,三角波,三角波,梯形波,三角波
附件一（训练集）.xlsx|材料2|1784,3,三角波,三角波,三角波,三角波,梯形波,三角波
附件一（训练集）.xlsx|材料2|1785,3,三角波,三角波,三角波,三角波,梯形波,三角波
附件一（训练集）.xlsx|材料2|1786,1,三角波,三角波,三角波,三角波,梯形波,三角波
附件一（训练集）.xlsx|材料2|1787,3,三角波,三角波,三角波,三角波,正弦波,三角波
附件一（训练集）.xlsx|材料2|1788,3,三角波,三角波,三角波,三角波,正弦波,三角波
附件一（训练集）.xlsx|材料2|1789,4,三角波,三角波,三角波,三角波,三角波,三角波
附件一（训练集）.xlsx|材料2|179,4,正弦波,正弦波,正弦波,正弦波,三角波,正弦波
附件一（训练集）.xlsx|材料2|1790,4,三角波,三角波,三角波,三角波,梯形波,三角波
附件一（训练集）.xlsx|材料2|1791,1,三角波,三角波,三角波,三角波,梯形波,三角波
附件一（训练集）.xlsx|材料2|1792,2,三角波,三角波,三角波,三角波,三角波,三角波
附件一（训练集）.xlsx|材料2|1793,1,三角波,三角波,三角波,三角波,梯形波,三角波
附件一（训练集）.xlsx|材料2|1794,1,三角波,三角波,三角波,三角波,梯形波,三角波
附件一（训练集）.xlsx|材料2|1795,3,三角波,三角波,三角波,三角波,正弦波,三角波
附件一（训练集）.xlsx|材料2|1796,3,三角波,三角波,三角波,三角波,三角波,三角波
附件一（训练集）.xlsx|材料2|1797,2,三角波,三角波,三角波,三角波,三角波,三角波
附件一（训练集）.xlsx|材料2|1798,2,三角波,三角波,三角波,三角波,三角波,三角波
附件一（训练集）.xlsx|材料2|1799,3,三角波,三角波,三角波,三角波,梯形波,三角波
附件一（训练集）.xlsx|材料2|18,0,正弦波,正弦波,正弦波,正弦波,正弦波,正弦波
附件一（训练集）.xlsx|材料2|180,3,正弦波,正弦波,正弦波,正弦波,正弦波,正弦波
附件一（训练集）.xlsx|材料2|1800,3,三角波,三角波,三角波,三角波,正弦波,三角波
附件一（训练集）.xlsx|材料2|1801,3,三角波,三角波,三角波,三角波,三角波,三角波
附件一（训练集）.xlsx|材料2|1802,0,三角波,三角波,三角波,三角波,三角波,三角波
附件一（训练集）.xlsx|材料2|1803,3,三角波,三角波,三角波,三角波,三角波,三角波
附件一（训练集）.xlsx|材料2|1804,3,三角波,三角波,三角波,三角波,正弦波,三角波
附件一（训练集）.xlsx|材料2|1805,1,三角波,三角波,三角波,三角波,三角波,三角波
附件一（训练集）.xlsx|材料2|1806,0,三角波,三角波,三角波,三角波,三角波,三角波
附件一（训练集）.xlsx|材料2|1807,0,三角波,三角波,三角波,三角波,三角波,三角波
附件一（训练集）.xlsx|材料2|1808,4,三角波,三角波,三角波,三角波,三角波,三角波
附件一（训练集）.xlsx|材料2|1809,2,三角波,三角波,三角波,三角波,三角波,三角波
附件一（训练集）.xlsx|材料2|181,4,正弦波,正弦波,正弦波,正弦波,正弦波,正弦波
附件一（训练集）.xlsx|材料2|1810,2,三角波,三角波,三角波,三角波,三角波,三角波
附件一（训练集）.xlsx|材料2|1811,1,三角波,三角波,三角波,三角波,正弦波,三角波
附件一（训练集）.xlsx|材料2|1812,1,三角波,三角波,三角波,三角波,正弦波,三角波
附件一（训练集）.xlsx|材料2|1813,3,三角波,三角波,三角波,三角波,梯形波,三角波
附件一（训练集）.xlsx|材料2|1814,3,三角波,三角波,三角波,三角波,正弦波,三角波
附件一（训练集）.xlsx|材料2|1815,3,三角波,三角波,三角波,三角波,正弦波,三角波
附件一（训练集）.xlsx|材料2|1816,4,三角波,三角波,三角波,三角波,梯形波,三角波
附件一（训练集）.xlsx|材料2|1817,3,三角波,三角波,三角波,三角波,梯形波,三角波
附件一（训练集）.xlsx|材料2|1818,4,三角波,三角波,三角波,三角波,梯形波,三角波
附件一（训练集）.xlsx|材料2|1819,2,三角波,三角波,三角波,三角波,梯形波,三角波
附件一（训练集）.xlsx|材料2|182,0,正弦波,正弦波,正弦波,正弦波,正弦波,正弦波
附件一（训练集）.xlsx|材料2|1820,4,三角波,三角波,三角波,三角波,正弦波,三角波
附件一（训练集）.xlsx|材料2|1821,0,三角波,三角波,三角波,三角波,正弦波,三角波
附件一（训练集）.xlsx|材料2|1822,3,三角波,三角波,三角波,三角波,正弦波,三角波
附件一（训练集）.xlsx|材料2|1823,1,三角波,三角波,三角波,三角波,正弦波,三角波
附件一（训练集）.xlsx|材料2|1824,4,三角波,三角波,三角波,三角波,三角波,三角波
附件一（训练集）.xlsx|材料2|1825,3,三角波,三角波,三角波,三角波,梯形波,三角波
附件一（训练集）.xlsx|材料2|1826,3,三角波,三角波,三角波,三角波,正弦波,三角波
附件一（训练集）.xlsx|材料2|1827,2,三角波,三角波,三角波,三角波,正弦波,三角波
附件一（训练集）.xlsx|材料2|1828,3,三角波,三角波,三角波,三角波,正弦波,三角波
附件一（训练集）.xlsx|材料2|1829,0,三角波,三角波,三角波,三角波,三角波,三角波
附件一（训练集）.xlsx|材料2|183,3,正弦波,正弦波,正弦波,正弦波,正弦波,正弦波
附件一（训练集）.xlsx|材料2|1830,3,三角波,三角波,三角波,三角波,三角波,三角波
附件一（训练集）.xlsx|材料2|1831,3,三角波,三角波,三角波,三角波,三角波,三角波
附件一（训练集）.xlsx|材料2|1832,3,三角波,三角波,三角波,三角波,三角波,三角波
附件一（训练集）.xlsx|材料2|1833,0,三角波,三角波,三角波,三角波,正弦波,三角波
附件一（训练集）.xlsx|材料2|1834,4,三角波,三角波,三角波,三角波,正弦波,三角波
附件一（训练集）.xlsx|材料2|1835,1,三角波,三角波,三角波,三角波,三角波,三角波
附件一（训练集）.xlsx|材料2|1836,1,三角波,三角波,三角波,三角波,三角波,三角波
附件一（训练集）.xlsx|材料2|1837,1,三角波,三角波,三角波,三角波,三角波,三角波
附件一（训练集）.xlsx|材料2|1838,0,三角波,三角波,三角波,三角波,三角波,三角波
附件一（训练集）.xlsx|材料2|1839,1,三角波,三角波,三角波,三角波,正弦波,三角波
附件一（训练集）.xlsx|材料2|184,3,正弦波,正弦波,正弦波,正弦波,正弦波,正弦波
附件一（训练集）.xlsx|材料2|1840,2,三角波,三角波,三角波,三角波,三角波,三角波
附件一（训练集）.xlsx|材料2|1841,2,三角波,三角波,三角波,三角波,三角波,三角波
附件一（训练集）.xlsx|材料2|1842,2,三角波,三角波,三角波,三角波,三角波,三角波
附件一（训练集）.xlsx|材料2|1843,4,三角波,三角波,三角波,三角波,三角波,三角波
附件一（训练集）.xlsx|材料2|1844,2,三角波,三角波,三角波,三角波,三角波,三角波
附件一（训练集）.xlsx|材料2|1845,0,三角波,三角波,三角波,三角波,三角波,三角波
附件一（训练集）.xlsx|材料2|1846,1,三角波,三角波,三角波,三角波,三角波,三角波
附件一（训练集）.xlsx|材料2|1847,2,三角波,三角波,三角波,三角波,三角波,三角波
附件一（训练集）.xlsx|材料2|1848,0,三角波,三角波,三角波,三角波,三角波,三角波
附件一（训练集）.xlsx|材料2|1849,3,三角波,三角波,三角波,三角波,三角波,三角波
附件一（训练集）.xlsx|材料2|185,0,正弦波,正弦波,正弦波,正弦波,正弦波,正弦波
附件一（训练集）.xlsx|材料2|1850,3,三角波,三角波,三角波,三角波,三角波,三角波
附件一（训练集）.xlsx|材料2|1851,2,三角波,三角波,三角波,三角波,三角波,三角波
附件一（训练集）.xlsx|材料2|1852,0,三角波,三角波,三角波,三角波,正弦波,三角波
附件一（训练集）.xlsx|材料2|1853,2,三角波,三角波,三角波,三角波,正弦波,三角波
附件一（训练集）.xlsx|材料2|1854,2,三角波,三角波,三角波,三角波,正弦波,三角波
附件一（训练集）.xlsx|材料2|1855,0,三角波,三角波,三角波,三角波,正弦波,三角波
附件一（训练集）.xlsx|材料2|1856,0,三角波,三角波,三角波,三角波,梯形波,三角波
附件一（训练集）.xlsx|材料2|1857,3,三角波,三角波,三角波,三角波,梯形波,三角波
附件一（训练集）.xlsx|材料2|1858,3,三角波,三角波,三角波,三角波,梯形波,三角波
附件一（训练集）.xlsx|材料2|1859,1,三角波,三角波,三角波,三角波,正弦波,三角波
附件一（训练集）.xlsx|材料2|186,2,正弦波,正弦波,正弦波,正弦波,梯形波,正弦波
附件一（训练集）.xlsx|材料2|1860,3,三角波,三角波,三角波,三角波,正弦波,三角波
附件一（训练集）.xlsx|材料2|1861,3,三角波,三角波,三角波,三角波,梯形波,三角波
附件一（训练集）.xlsx|材料2|1862,0,三角波,三角波,三角波,三角波,梯形波,三角波
附件一（训练集）.xlsx|材料2|1863,2,三角波,三角波,三角波,三角波,正弦波,三角波
附件一（训练集）.xlsx|材料2|1864,2,三角波,三角波,三角波,三角波,正弦波,三角波
附件一（训练集）.xlsx|材料2|1865,2,三角波,三角波,三角波,三角波,正弦波,三角波
附件一（训练集）.xlsx|材料2|1866,2,三角波,三角波,三角波,三角波,梯形波,三角波
附件一（训练集）.xlsx|材料2|1867,2,三角波,三角波,三角波,三角波,梯形波,三角波
附件一（训练集）.xlsx|材料2|1868,2,三角波,三角波,三角波,三角波,梯形波,三角波
附件一（训练集）.xlsx|材料2|1869,2,三角波,三角波,三角波,三角波,正弦波,三角波
附件一（训练集）.xlsx|材料2|187,2,正弦波,正弦波,正弦波,正弦波,梯形波,正弦波
附件一（训练集）.xlsx|材料2|1870,2,三角波,三角波,三角波,三角波,正弦波,三角波
附件一（训练集）.xlsx|材料2|1871,2,三角波,三角波,三角波,三角波,梯形波,三角波
附件一（训练集）.xlsx|材料2|1872,2,三角波,三角波,三角波,三角波,梯形波,三角波
附件一（训练集）.xlsx|材料2|1873,1,三角波,三角波,三角波,三角波,梯形波,三角波
附件一（训练集）.xlsx|材料2|1874,2,三角波,三角波,三角波,三角波,梯形波,三角波
附件一（训练集）.xlsx|材料2|1875,2,三角波,三角波,三角波,三角波,正弦波,三角波
附件一（训练集）.xlsx|材料2|1876,2,三角波,三角波,三角波,三角波,正弦波,三角波
附件一（训练集）.xlsx|材料2|1877,2,三角波,三角波,三角波,三角波,正弦波,三角波
附件一（训练集）.xlsx|材料2|1878,2,三角波,三角波,三角波,三角波,正弦波,三角波
附件一（训练集）.xlsx|材料2|1879,0,三角波,三角波,三角波,三角波,三角波,三角波
附件一（训练集）.xlsx|材料2|188,4,正弦波,正弦波,正弦波,正弦波,正弦波,正弦波
附件一（训练集）.xlsx|材料2|1880,0,三角波,三角波,三角波,三角波,三角波,三角波
附件一（训练集）.xlsx|材料2|1881,0,三角波,三角波,三角波,三角波,三角波,三角波
附件一（训练集）.xlsx|材料2|1882,0,三角波,三角波,三角波,三角波,三角波,三角波
附件一（训练集）.xlsx|材料2|1883,0,三角波,三角波,三角波,三角波,三角波,三角波
附件一（训练集）.xlsx|材料2|1884,4,三角波,三角波,三角波,三角波,正弦波,三角波
附件一（训练集）.xlsx|材料2|1885,4,三角波,三角波,三角波,三角波,正弦波,三角波
附件一（训练集）.xlsx|材料2|1886,4,三角波,三角波,三角波,三角波,三角波,三角波
附件一（训练集）.xlsx|材料2|1887,4,三角波,三角波,三角波,三角波,三角波,三角波
附件一（训练集）.xlsx|材料2|1888,3,三角波,三角波,三角波,三角波,三角波,三角波
附件一（训练集）.xlsx|材料2|1889,3,三角波,三角波,三角波,三角波,梯形波,三角波
附件一（训练集）.xlsx|材料2|189,1,正弦波,正弦波,正弦波,正弦波,正弦波,正弦波
附件一（训练集）.xlsx|材料2|1890,3,三角波,三角波,三角波,三角波,正弦波,三角波
附件一（训练集）.xlsx|材料2|1891,1,三角波,三角波,三角波,三角波,正弦波,三角波
附件一（训练集）.xlsx|材料2|1892,1,三角波,三角波,三角波,三角波,三角波,三角波
附件一（训练集）.xlsx|材料2|1893,3,三角波,三角波,三角波,三角波,三角波,三角波
附件一（训练集）.xlsx|材料2|1894,1,三角波,三角波,三角波,三角波,三角波,三角波
附件一（训练集）.xlsx|材料2|1895,1,三角波,三角波,三角波,三角波,三角波,三角波
附件一（训练集）.xlsx|材料2|1896,3,三角波,三角波,三角波,三角波,三角波,三角波
附件一（训练集）.xlsx|材料2|1897,3,三角波,三角波,三角波,三角波,三角波,三角波
附件一（训练集）.xlsx|材料2|1898,0,三角波,三角波,三角波,三角波,三角波,三角波
附件一（训练集）.xlsx|材料2|1899,2,三角波,三角波,三角波,三角波,三角波,三角波
附件一（训练集）.xlsx|材料2|19,0,正弦波,正弦波,正弦波,正弦波,正弦波,正弦波
附件一（训练集）.xlsx|材料2|190,4,正弦波,正弦波,正弦波,正弦波,正弦波,正弦波
附件一（训练集）.xlsx|材料2|1900,0,三角波,三角波,三角波,三角波,三角波,三角波
附件一（训练集）.xlsx|材料2|1901,0,三角波,三角波,三角波,三角波,三角波,三角波
附件一（训练集）.xlsx|材料2|1902,0,三角波,三角波,三角波,三角波,三角波,三角波
附件一（训练集）.xlsx|材料2|1903,2,三角波,三角波,三角波,三角波,三角波,三角波
附件一（训练集）.xlsx|材料2|1904,2,三角波,三角波,三角波,三角波,三角波,三角波
附件一（训练集）.xlsx|材料2|1905,3,三角波,三角波,三角波,三角波,三角波,三角波
附件一（训练集）.xlsx|材料2|1906,3,三角波,三角波,三角波,三角波,三角波,三角波
附件一（训练集）.xlsx|材料2|1907,3,三角波,三角波,三角波,三角波,三角波,三角波
附件一（训练集）.xlsx|材料2|1908,3,三角波,三角波,三角波,三角波,三角波,三角波
附件一（训练集）.xlsx|材料2|1909,3,三角波,三角波,三角波,三角波,三角波,三角波
附件一（训练集）.xlsx|材料2|191,0,正弦波,正弦波,正弦波,正弦波,正弦波,正弦波
附件一（训练集）.xlsx|材料2|1910,0,三角波,三角波,三角波,三角波,正弦波,三角波
附件一（训练集）.xlsx|材料2|1911,3,三角波,三角波,三角波,三角波,正弦波,三角波
附件一（训练集）.xlsx|材料2|1912,3,三角波,三角波,三角波,三角波,正弦波,三角波
附件一（训练集）.xlsx|材料2|1913,0,三角波,三角波,三角波,三角波,正弦波,三角波
附件一（训练集）.xlsx|材料2|1914,4,三角波,三角波,三角波,三角波,梯形波,三角波
附件一（训练集）.xlsx|材料2|1915,4,三角波,三角波,三角波,三角波,梯形波,三角波
附件一（训练集）.xlsx|材料2|1916,4,三角波,三角波,三角波,三角波,梯形波,三角波
附件一（训练集）.xlsx|材料2|1917,4,三角波,三角波,三角波,三角波,梯形波,三角波
附件一（训练集）.xlsx|材料2|1918,0,三角波,三角波,三角波,三角波,正弦波,三角波
附件一（训练集）.xlsx|材料2|1919,2,三角波,三角波,三角波,三角波,正弦波,三角波
附件一（训练集）.xlsx|材料2|192,1,正弦波,正弦波,正弦波,正弦波,正弦波,正弦波
附件一（训练集）.xlsx|材料2|1920,2,三角波,三角波,三角波,三角波,梯形波,三角波
附件一（训练集）.xlsx|材料2|1921,2,三角波,三角波,三角波,三角波,梯形波,三角波
附件一（训练集）.xlsx|材料2|1922,1,三角波,三角波,三角波,三角波,梯形波,三角波
附件一（训练集）.xlsx|材料2|1923,2,三角波,三角波,三角波,三角波,梯形波,三角波
附件一（训练集）.xlsx|材料2|1924,1,三角波,三角波,三角波,三角波,正弦波,三角波
附件一（训练集）.xlsx|材料2|1925,0,三角波,三角波,三角波,三角波,正弦波,三角波
附件一（训练集）.xlsx|材料2|1926,0,三角波,三角波,三角波,三角波,正弦波,三角波
附件一（训练集）.xlsx|材料2|1927,0,三角波,三角波,三角波,三角波,梯形波,三角波
附件一（训练集）.xlsx|材料2|1928,0,三角波,三角波,三角波,三角波,梯形波,三角波
附件一（训练集）.xlsx|材料2|1929,0,三角波,三角波,三角波,三角波,梯形波,三角波
附件一（训练集）.xlsx|材料2|193,3,正弦波,正弦波,正弦波,正弦波,正弦波,正弦波
附件一（训练集）.xlsx|材料2|1930,4,三角波,三角波,三角波,三角波,梯形波,三角波
附件一（训练集）.xlsx|材料2|1931,1,三角波,三角波,三角波,三角波,梯形波,三角波
附件一（训练集）.xlsx|材料2|1932,3,三角波,三角波,三角波,三角波,正弦波,三角波
附件一（训练集）.xlsx|材料2|1933,1,三角波,三角波,三角波,三角波,梯形波,三角波
附件一（训练集）.xlsx|材料2|1934,3,三角波,三角波,三角波,三角波,梯形波,三角波
附件一（训练集）.xlsx|材料2|1935,0,三角波,三角波,三角波,三角波,梯形波,三角波
附件一（训练集）.xlsx|材料2|1936,4,三角波,三角波,三角波,三角波,梯形波,三角波
附件一（训练集）.xlsx|材料2|1937,2,三角波,三角波,三角波,三角波,梯形波,三角波
附件一（训练集）.xlsx|材料2|1938,4,三角波,三角波,三角波,三角波,正弦波,三角波
附件一（训练集）.xlsx|材料2|1939,0,三角波,三角波,三角波,三角波,正弦波,三角波
附件一（训练集）.xlsx|材料2|194,1,正弦波,正弦波,正弦波,正弦波,正弦波,正弦波
附件一（训练集）.xlsx|材料2|1940,0,三角波,三角波,三角波,三角波,梯形波,三角波
附件一（训练集）.xlsx|材料2|1941,0,三角波,三角波,三角波,三角波,梯形波,三角波
附件一（训练集）.xlsx|材料2|1942,0,三角波,三角波,三角波,三角波,梯形波,三角波
附件一（训练集）.xlsx|材料2|1943,0,三角波,三角波,三角波,三角波,梯形波,三角波
附件一（训练集）.xlsx|材料2|1944,4,三角波,三角波,三角波,三角波,梯形波,三角波
附件一（训练集）.xlsx|材料2|1945,1,三角波,三角波,三角波,三角波,梯形波,三角波
附件一（训练集）.xlsx|材料2|1946,3,三角波,三角波,三角波,三角波,正弦波,三角波
附件一（训练集）.xlsx|材料2|1947,3,三角波,三角波,三角波,三角波,正弦波,三角波
附件一（训练集）.xlsx|材料2|1948,3,三角波,三角波,三角波,三角波,正弦波,三角波
附件一（训练集）.xlsx|材料2|1949,3,三角波,三角波,三角波,三角波,正弦波,三角波
附件一（训练集）.xlsx|材料2|195,1,正弦波,正弦波,正弦波,正弦波,梯形波,正弦波
附件一（训练集）.xlsx|材料2|1950,0,三角波,三角波,三角波,三角波,三角波,三角波
附件一（训练集）.xlsx|材料2|1951,1,三角波,三角波,三角波,三角波,梯形波,三角波
附件一（训练集）.xlsx|材料2|1952,0,三角波,三角波,三角波,三角波,三角波,三角波
附件一（训练集）.xlsx|材料2|1953,3,三角波,三角波,三角波,三角波,正弦波,三角波
附件一（训练集）.xlsx|材料2|1954,2,三角波,三角波,三角波,三角波,正弦波,三角波
附件一（训练集）.xlsx|材料2|1955,1,三角波,三角波,三角波,三角波,三角波,三角波
附件一（训练集）.xlsx|材料2|1956,1,三角波,三角波,三角波,三角波,三角波,三角波
附件一（训练集）.xlsx|材料2|1957,3,三角波,三角波,三角波,三角波,三角波,三角波
附件一（训练集）.xlsx|材料2|1958,3,三角波,三角波,三角波,三角波,三角波,三角波
附件一（训练集）.xlsx|材料2|1959,1,三角波,三角波,三角波,三角波,三角波,三角波
附件一（训练集）.xlsx|材料2|196,0,正弦波,正弦波,正弦波,正弦波,梯形波,正弦波
附件一（训练集）.xlsx|材料2|1960,3,三角波,三角波,三角波,三角波,梯形波,三角波
附件一（训练集）.xlsx|材料2|1961,3,三角波,三角波,三角波,三角波,正弦波,三角波
附件一（训练集）.xlsx|材料2|1962,0,三角波,三角波,三角波,三角波,三角波,三角波
附件一（训练集）.xlsx|材料2|1963,2,三角波,三角波,三角波,三角波,三角波,三角波
附件一（训练集）.xlsx|材料2|1964,2,三角波,三角波,三角波,三角波,三角波,三角波
附件一（训练集）.xlsx|材料2|1965,4,三角波,三角波,三角波,三角波,三角波,三角波
附件一（训练集）.xlsx|材料2|1966,4,三角波,三角波,三角波,三角波,三角波,三角波
附件一（训练集）.xlsx|材料2|1967,3,三角波,三角波,三角波,三角波,三角波,三角波
附件一（训练集）.xlsx|材料2|1968,1,三角波,三角波,三角波,三角波,正弦波,三角波
附件一（训练集）.xlsx|材料2|1969,3,三角波,三角波,三角波,三角波,三角波,三角波
附件一（训练集）.xlsx|材料2|197,4,正弦波,正弦波,正弦波,正弦波,正弦波,正弦波
附件一（训练集）.xlsx|材料2|1970,1,三角波,三角波,三角波,三角波,三角波,三角波
附件一（训练集）.xlsx|材料2|1971,0,三角波,三角波,三角波,三角波,三角波,三角波
附件一（训练集）.xlsx|材料2|1972,3,三角波,三角波,三角波,三角波,三角波,三角波
附件一（训练集）.xlsx|材料2|1973,1,三角波,三角波,三角波,三角波,三角波,三角波
附件一（训练集）.xlsx|材料2|1974,1,三角波,三角波,三角波,三角波,三角波,三角波
附件一（训练集）.xlsx|材料2|1975,3,三角波,三角波,三角波,三角波,三角波,三角波
附件一（训练集）.xlsx|材料2|1976,1,三角波,三角波,三角波,三角波,三角波,三角波
附件一（训练集）.xlsx|材料2|1977,1,三角波,三角波,三角波,三角波,三角波,三角波
附件一（训练集）.xlsx|材料2|1978,3,三角波,三角波,三角波,三角波,三角波,三角波
附件一（训练集）.xlsx|材料2|1979,1,三角波,三角波,三角波,三角波,三角波,三角波
附件一（训练集）.xlsx|材料2|198,4,正弦波,正弦波,正弦波,正弦波,正弦波,正弦波
附件一（训练集）.xlsx|材料2|1980,3,三角波,三角波,三角波,三角波,三角波,三角波
附件一（训练集）.xlsx|材料2|1981,3,三角波,三角波,三角波,三角波,三角波,三角波
附件一（训练集）.xlsx|材料2|1982,0,三角波,三角波,三角波,三角波,三角波,三角波
附件一（训练集）.xlsx|材料2|1983,0,三角波,三角波,三角波,三角波,三角波,三角波
附件一（训练集）.xlsx|材料2|1984,3,三角波,三角波,三角波,三角波,正弦波,三角波
附件一（训练集）.xlsx|材料2|1985,4,三角波,三角波,三角波,三角波,正弦波,三角波
附件一（训练集）.xlsx|材料2|1986,4,三角波,三角波,三角波,三角波,梯形波,三角波
附件一（训练集）.xlsx|材料2|1987,1,三角波,三角波,三角波,三角波,梯形波,三角波
附件一（训练集）.xlsx|材料2|1988,4,三角波,三角波,三角波,三角波,梯形波,三角波
附件一（训练集）.xlsx|材料2|1989,4,三角波,三角波,三角波,三角波,正弦波,三角波
附件一（训练集）.xlsx|材料2|199,1,正弦波,正弦波,正弦波,正弦波,正弦波,正弦波
附件一（训练集）.xlsx|材料2|1990,1,三角波,三角波,三角波,三角波,梯形波,三角波
附件一（训练集）.xlsx|材料2|1991,4,三角波,三角波,三角波,三角波,梯形波,三角波
附件一（训练集）.xlsx|材料2|1992,0,三角波,三角波,三角波,三角波,梯形波,三角波
附件一（训练集）.xlsx|材料2|1993,2,三角波,三角波,三角波,三角波,正弦波,三角波
附件一（训练集）.xlsx|材料2|1994,2,三角波,三角波,三角波,三角波,正弦波,三角波
附件一（训练集）.xlsx|材料2|1995,1,三角波,三角波,三角波,三角波,梯形波,三角波
附件一（训练集）.xlsx|材料2|1996,2,三角波,三角波,三角波,三角波,梯形波,三角波
附件一（训练集）.xlsx|材料2|1997,4,三角波,三角波,三角波,三角波,梯形波,三角波
附件一（训练集）.xlsx|材料2|1998,2,三角波,三角波,三角波,三角波,正弦波,三角波
附件一（训练集）.xlsx|材料2|1999,1,三角波,三角波,三角波,三角波,正弦波,三角波
附件一（训练集）.xlsx|材料2|2,0,正弦波,正弦波,正弦波,正弦波,正弦波,正弦波
附件一（训练集）.xlsx|材料2|20,0,正弦波,正弦波,正弦波,正弦波,正弦波,正弦波
附件一（训练集）.xlsx|材料2|200,4,正弦波,正弦波,正弦波,正弦波,正弦波,正弦波
附件一（训练集）.xlsx|材料2|2000,1,三角波,三角波,三角波,三角波,正弦波,三角波
附件一（训练集）.xlsx|材料2|2001,2,三角波,三角波,三角波,三角波,梯形波,三角波
附件一（训练集）.xlsx|材料2|2002,1,三角波,三角波,三角波,三角波,梯形波,三角波
附件一（训练集）.xlsx|材料2|2003,4,三角波,三角波,三角波,三角波,梯形波,三角波
附件一（训练集）.xlsx|材料2|2004,4,三角波,三角波,三角波,三角波,梯形波,三角波
附件一（训练集）.xlsx|材料2|2005,1,三角波,三角波,三角波,三角波,正弦波,三角波
附件一（训练集）.xlsx|材料2|2006,0,三角波,三角波,三角波,三角波,正弦波,三角波
附件一（训练集）.xlsx|材料2|2007,1,三角波,三角波,三角波,三角波,梯形波,三角波
附件一（训练集）.xlsx|材料2|2008,3,三角波,三角波,三角波,三角波,梯形波,三角波
附件一（训练集）.xlsx|材料2|2009,1,三角波,三角波,三角波,三角波,梯形波,三角波
附件一（训练集）.xlsx|材料2|201,1,正弦波,正弦波,正弦波,正弦波,正弦波,正弦波
附件一（训练集）.xlsx|材料2|2010,1,三角波,三角波,三角波,三角波,梯形波,三角波
附件一（训练集）.xlsx|材料2|2011,1,三角波,三角波,三角波,三角波,梯形波,三角波
附件一（训练集）.xlsx|材料2|2012,3,三角波,三角波,三角波,三角波,正弦波,三角波
附件一（训练集）.xlsx|材料2|2013,3,三角波,三角波,三角波,三角波,正弦波,三角波
附件一（训练集）.xlsx|材料2|2014,3,三角波,三角波,三角波,三角波,正弦波,三角波
附件一（训练集）.xlsx|材料2|2015,1,三角波,三角波,三角波,三角波,三角波,三角波
附件一（训练集）.xlsx|材料2|2016,1,三角波,三角波,三角波,三角波,三角波,三角波
附件一（训练集）.xlsx|材料2|2017,1,三角波,三角波,三角波,三角波,三角波,三角波
附件一（训练集）.xlsx|材料2|2018,2,三角波,三角波,三角波,三角波,梯形波,三角波
附件一（训练集）.xlsx|材料2|2019,3,三角波,三角波,三角波,三角波,正弦波,三角波
附件一（训练集）.xlsx|材料2|202,0,正弦波,正弦波,正弦波,正弦波,正弦波,正弦波
附件一（训练集）.xlsx|材料2|2020,3,三角波,三角波,三角波,三角波,三角波,三角波
附件一（训练集）.xlsx|材料2|2021,3,三角波,三角波,三角波,三角波,三角波,三角波
附件一（训练集）.xlsx|材料2|2022,3,三角波,三角波,三角波,三角波,三角波,三角波
附件一（训练集）.xlsx|材料2|2023,3,三角波,三角波,三角波,三角波,三角波,三角波
附件一（训练集）.xlsx|材料2|2024,0,三角波,三角波,三角波,三角波,三角波,三角波
附件一（训练集）.xlsx|材料2|2025,0,三角波,三角波,三角波,三角波,三角波,三角波
附件一（训练集）.xlsx|材料2|2026,2,三角波,三角波,三角波,三角波,三角波,三角波
附件一（训练集）.xlsx|材料2|2027,3,三角波,三角波,三角波,三角波,正弦波,三角波
附件一（训练集）.xlsx|材料2|2028,3,三角波,三角波,三角波,三角波,三角波,三角波
附件一（训练集）.xlsx|材料2|2029,0,三角波,三角波,三角波,三角波,三角波,三角波
附件一（训练集）.xlsx|材料2|203,3,正弦波,正弦波,正弦波,正弦波,正弦波,正弦波
附件一（训练集）.xlsx|材料2|2030,3,三角波,三角波,三角波,三角波,三角波,三角波
附件一（训练集）.xlsx|材料2|2031,0,三角波,三角波,三角波,三角波,三角波,三角波
附件一（训练集）.xlsx|材料2|2032,0,三角波,三角波,三角波,三角波,三角波,三角波
附件一（训练集）.xlsx|材料2|2033,3,三角波,三角波,三角波,三角波,三角波,三角波
附件一（训练集）.xlsx|材料2|2034,3,三角波,三角波,三角波,三角波,三角波,三角波
附件一（训练集）.xlsx|材料2|2035,3,三角波,三角波,三角波,三角波,三角波,三角波
附件一（训练集）.xlsx|材料2|2036,3,三角波,三角波,三角波,三角波,三角波,三角波
附件一（训练集）.xlsx|材料2|2037,1,三角波,三角波,三角波,三角波,三角波,三角波
附件一（训练集）.xlsx|材料2|2038,1,三角波,三角波,三角波,三角波,三角波,三角波
附件一（训练集）.xlsx|材料2|2039,0,三角波,三角波,三角波,三角波,三角波,三角波
附件一（训练集）.xlsx|材料2|204,4,正弦波,正弦波,正弦波,正弦波,梯形波,正弦波
附件一（训练集）.xlsx|材料2|2040,3,三角波,三角波,三角波,三角波,三角波,三角波
附件一（训练集）.xlsx|材料2|2041,0,三角波,三角波,三角波,三角波,三角波,三角波
附件一（训练集）.xlsx|材料2|2042,4,三角波,三角波,三角波,三角波,三角波,三角波
附件一（训练集）.xlsx|材料2|2043,4,三角波,三角波,三角波,三角波,三角波,三角波
附件一（训练集）.xlsx|材料2|2044,2,三角波,三角波,三角波,三角波,三角波,三角波
附件一（训练集）.xlsx|材料2|2045,2,三角波,三角波,三角波,三角波,三角波,三角波
附件一（训练集）.xlsx|材料2|2046,2,三角波,三角波,三角波,三角波,三角波,三角波
附件一（训练集）.xlsx|材料2|2047,2,三角波,三角波,三角波,三角波,三角波,三角波
附件一（训练集）.xlsx|材料2|2048,1,三角波,三角波,三角波,三角波,三角波,三角波
附件一（训练集）.xlsx|材料2|2049,2,三角波,三角波,三角波,三角波,三角波,三角波
附件一（训练集）.xlsx|材料2|205,1,正弦波,正弦波,正弦波,正弦波,正弦波,正弦波
附件一（训练集）.xlsx|材料2|2050,2,三角波,三角波,三角波,三角波,三角波,三角波
附件一（训练集）.xlsx|材料2|2051,2,三角波,三角波,三角波,三角波,正弦波,三角波
附件一（训练集）.xlsx|材料2|2052,1,三角波,三角波,三角波,三角波,三角波,三角波
附件一（训练集）.xlsx|材料2|2053,1,三角波,三角波,三角波,三角波,三角波,三角波
附件一（训练集）.xlsx|材料2|2054,4,三角波,三角波,三角波,三角波,三角波,三角波
附件一（训练集）.xlsx|材料2|2055,4,三角波,三角波,三角波,三角波,三角波,三角波
附件一（训练集）.xlsx|材料2|2056,4,三角波,三角波,三角波,三角波,三角波,三角波
附件一（训练集）.xlsx|材料2|2057,2,三角波,三角波,三角波,三角波,三角波,三角波
附件一（训练集）.xlsx|材料2|2058,0,梯形波,梯形波,梯形波,梯形波,正弦波,梯形波
附件一（训练集）.xlsx|材料2|2059,0,梯形波,梯形波,梯形波,梯形波,正弦波,梯形波
附件一（训练集）.xlsx|材料2|206,1,正弦波,正弦波,正弦波,正弦波,正弦波,正弦波
附件一（训练集）.xlsx|材料2|2060,3,梯形波,梯形波,梯形波,梯形波,正弦波,梯形波
附件一（训练集）.xlsx|材料2|2061,3,梯形波,梯形波,梯形波,梯形波,正弦波,梯形波
附件一（训练集）.xlsx|材料2|2062,0,梯形波,梯形波,梯形波,梯形波,正弦波,梯形波
附件一（训练集）.xlsx|材料2|2063,2,梯形波,梯形波,梯形波,梯形波,梯形波,梯形波
附件一（训练集）.xlsx|材料2|2064,1,梯形波,梯形波,梯形波,梯形波,梯形波,梯形波
附件一（训练集）.xlsx|材料2|2065,0,梯形波,梯形波,梯形波,梯形波,正弦波,梯形波
附件一（训练集）.xlsx|材料2|2066,3,梯形波,梯形波,梯形波,梯形波,正弦波,梯形波
附件一（训练集）.xlsx|材料2|2067,3,梯形波,梯形波,梯形波,梯形波,正弦波,梯形波
附件一（训练集）.xlsx|材料2|2068,3,梯形波,梯形波,梯形波,梯形波,正弦波,梯形波
附件一（训练集）.xlsx|材料2|2069,4,梯形波,梯形波,梯形波,梯形波,正弦波,梯形波
附件一（训练集）.xlsx|材料2|207,2,正弦波,正弦波,正弦波,正弦波,正弦波,正弦波
附件一（训练集）.xlsx|材料2|2070,4,梯形波,梯形波,梯形波,梯形波,正弦波,梯形波
附件一（训练集）.xlsx|材料2|2071,2,梯形波,梯形波,梯形波,梯形波,正弦波,梯形波
附件一（训练集）.xlsx|材料2|2072,2,梯形波,梯形波,梯形波,梯形波,梯形波,梯形波
附件一（训练集）.xlsx|材料2|2073,2,梯形波,梯形波,梯形波,梯形波,正弦波,梯形波
附件一（训练集）.xlsx|材料2|2074,1,梯形波,梯形波,梯形波,梯形波,正弦波,梯形波
附件一（训练集）.xlsx|材料2|2075,4,梯形波,梯形波,梯形波,梯形波,正弦波,梯形波
附件一（训练集）.xlsx|材料2|2076,3,梯形波,梯形波,梯形波,梯形波,正弦波,梯形波
附件一（训练集）.xlsx|材料2|2077,0,梯形波,梯形波,梯形波,梯形波,梯形波,梯形波
附件一（训练集）.xlsx|材料2|2078,4,梯形波,梯形波,梯形波,梯形波,梯形波,梯形波
附件一（训练集）.xlsx|材料2|2079,3,梯形波,梯形波,梯形波,梯形波,梯形波,梯形波
附件一（训练集）.xlsx|材料2|208,0,正弦波,正弦波,正弦波,正弦波,正弦波,正弦波
附件一（训练集）.xlsx|材料2|2080,4,梯形波,梯形波,梯形波,梯形波,正弦波,梯形波
附件一（训练集）.xlsx|材料2|2081,2,梯形波,梯形波,梯形波,梯形波,正弦波,梯形波
附件一（训练集）.xlsx|材料2|2082,1,梯形波,梯形波,梯形波,梯形波,正弦波,梯形波
附件一（训练集）.xlsx|材料2|2083,0,梯形波,梯形波,梯形波,梯形波,正弦波,梯形波
附件一（训练集）.xlsx|材料2|2084,3,梯形波,梯形波,梯形波,梯形波,正弦波,梯形波
附件一（训练集）.xlsx|材料2|2085,0,梯形波,梯形波,梯形波,梯形波,正弦波,梯形波
附件一（训练集）.xlsx|材料2|2086,0,梯形波,梯形波,梯形波,梯形波,正弦波,梯形波
附件一（训练集）.xlsx|材料2|2087,3,梯形波,梯形波,梯形波,梯形波,正弦波,梯形波
附件一（训练集）.xlsx|材料2|2088,3,梯形波,梯形波,梯形波,梯形波,梯形波,梯形波
附件一（训练集）.xlsx|材料2|2089,4,梯形波,梯形波,梯形波,梯形波,梯形波,梯形波
附件一（训练集）.xlsx|材料2|209,4,正弦波,正弦波,正弦波,正弦波,梯形波,正弦波
附件一（训练集）.xlsx|材料2|2090,4,梯形波,梯形波,梯形波,梯形波,梯形波,梯形波
附件一（训练集）.xlsx|材料2|2091,2,梯形波,梯形波,梯形波,梯形波,正弦波,梯形波
附件一（训练集）.xlsx|材料2|2092,1,梯形波,梯形波,梯形波,梯形波,正弦波,梯形波
附件一（训练集）.xlsx|材料2|2093,4,梯形波,梯形波,梯形波,梯形波,正弦波,梯形波
附件一（训练集）.xlsx|材料2|2094,4,梯形波,梯形波,梯形波,梯形波,梯形波,梯形波
附件一（训练集）.xlsx|材料2|2095,0,梯形波,梯形波,梯形波,梯形波,正弦波,梯形波
附件一（训练集）.xlsx|材料2|2096,2,梯形波,梯形波,梯形波,梯形波,正弦波,梯形波
附件一（训练集）.xlsx|材料2|2097,0,梯形波,梯形波,梯形波,梯形波,三角波,梯形波
附件一（训练集）.xlsx|材料2|2098,2,梯形波,梯形波,梯形波,梯形波,三角波,梯形波
附件一（训练集）.xlsx|材料2|2099,2,梯形波,梯形波,梯形波,梯形波,三角波,梯形波
附件一（训练集）.xlsx|材料2|21,1,正弦波,正弦波,正弦波,正弦波,正弦波,正弦波
附件一（训练集）.xlsx|材料2|210,4,正弦波,正弦波,正弦波,正弦波,梯形波,正弦波
附件一（训练集）.xlsx|材料2|2100,1,梯形波,梯形波,梯形波,梯形波,正弦波,梯形波
附件一（训练集）.xlsx|材料2|2101,1,梯形波,梯形波,梯形波,梯形波,正弦波,梯形波
附件一（训练集）.xlsx|材料2|2102,1,梯形波,梯形波,梯形波,梯形波,正弦波,梯形波
附件一（训练集）.xlsx|材料2|2103,2,梯形波,梯形波,梯形波,梯形波,正弦波,梯形波
附件一（训练集）.xlsx|材料2|2104,0,梯形波,梯形波,梯形波,梯形波,三角波,梯形波
附件一（训练集）.xlsx|材料2|2105,4,梯形波,梯形波,梯形波,梯形波,三角波,梯形波
附件一（训练集）.xlsx|材料2|2106,1,梯形波,梯形波,梯形波,梯形波,正弦波,梯形波
附件一（训练集）.xlsx|材料2|2107,2,梯形波,梯形波,梯形波,梯形波,正弦波,梯形波
附件一（训练集）.xlsx|材料2|2108,4,梯形波,梯形波,梯形波,梯形波,正弦波,梯形波
附件一（训练集）.xlsx|材料2|2109,4,梯形波,梯形波,梯形波,梯形波,三角波,梯形波
附件一（训练集）.xlsx|材料2|211,4,正弦波,正弦波,正弦波,正弦波,梯形波,正弦波
附件一（训练集）.xlsx|材料2|2110,3,梯形波,梯形波,梯形波,梯形波,三角波,梯形波
附件一（训练集）.xlsx|材料2|2111,0,梯形波,梯形波,梯形波,梯形波,三角波,梯形波
附件一（训练集）.xlsx|材料2|2112,4,梯形波,梯形波,梯形波,梯形波,三角波,梯形波
附件一（训练集）.xlsx|材料2|2113,4,梯形波,梯形波,梯形波,梯形波,三角波,梯形波
附件一（训练集）.xlsx|材料2|2114,2,梯形波,梯形波,梯形波,梯形波,三角波,梯形波
附件一（训练集）.xlsx|材料2|2115,0,梯形波,梯形波,梯形波,梯形波,三角波,梯形波
附件一（训练集）.xlsx|材料2|2116,2,梯形波,梯形波,梯形波,梯形波,三角波,梯形波
附件一（训练集）.xlsx|材料2|2117,4,梯形波,梯形波,梯形波,梯形波,三角波,梯形波
附件一（训练集）.xlsx|材料2|2118,2,梯形波,梯形波,梯形波,梯形波,三角波,梯形波
附件一（训练集）.xlsx|材料2|2119,4,梯形波,梯形波,梯形波,梯形波,三角波,梯形波
附件一（训练集）.xlsx|材料2|212,4,正弦波,正弦波,正弦波,正弦波,梯形波,正弦波
附件一（训练集）.xlsx|材料2|2120,1,梯形波,梯形波,梯形波,梯形波,三角波,梯形波
附件一（训练集）.xlsx|材料2|2121,1,梯形波,梯形波,梯形波,梯形波,三角波,梯形波
附件一（训练集）.xlsx|材料2|2122,4,梯形波,梯形波,梯形波,梯形波,三角波,梯形波
附件一（训练集）.xlsx|材料2|2123,3,梯形波,梯形波,梯形波,梯形波,三角波,梯形波
附件一（训练集）.xlsx|材料2|2124,0,梯形波,梯形波,梯形波,梯形波,正弦波,梯形波
附件一（训练集）.xlsx|材料2|2125,0,梯形波,梯形波,梯形波,梯形波,正弦波,梯形波
附件一（训练集）.xlsx|材料2|2126,1,梯形波,梯形波,梯形波,梯形波,正弦波,梯形波
附件一（训练集）.xlsx|材料2|2127,3,梯形波,梯形波,梯形波,梯形波,正弦波,梯形波
附件一（训练集）.xlsx|材料2|2128,1,梯形波,梯形波,梯形波,梯形波,梯形波,梯形波
附件一（训练集）.xlsx|材料2|2129,1,梯形波,梯形波,梯形波,梯形波,梯形波,梯形波
附件一（训练集）.xlsx|材料2|213,0,正弦波,正弦波,正弦波,正弦波,梯形波,正弦波
附件一（训练集）.xlsx|材料2|2130,3,梯形波,梯形波,梯形波,梯形波,正弦波,梯形波
附件一（训练集）.xlsx|材料2|2131,0,梯形波,梯形波,梯形波,梯形波,正弦波,梯形波
附件一（训练集）.xlsx|材料2|2132,3,梯形波,梯形波,梯形波,梯形波,正弦波,梯形波
附件一（训练集）.xlsx|材料2|2133,3,梯形波,梯形波,梯形波,梯形波,正弦波,梯形波
附件一（训练集）.xlsx|材料2|2134,1,梯形波,梯形波,梯形波,梯形波,正弦波,梯形波
附件一（训练集）.xlsx|材料2|2135,1,梯形波,梯形波,梯形波,梯形波,梯形波,梯形波
附件一（训练集）.xlsx|材料2|2136,4,梯形波,梯形波,梯形波,梯形波,正弦波,梯形波
附件一（训练集）.xlsx|材料2|2137,1,梯形波,梯形波,梯形波,梯形波,正弦波,梯形波
附件一（训练集）.xlsx|材料2|2138,3,梯形波,梯形波,梯形波,梯形波,正弦波,梯形波
附件一（训练集）.xlsx|材料2|2139,0,梯形波,梯形波,梯形波,梯形波,正弦波,梯形波
附件一（训练集）.xlsx|材料2|214,3,正弦波,正弦波,正弦波,正弦波,正弦波,正弦波
附件一（训练集）.xlsx|材料2|2140,1,梯形波,梯形波,梯形波,梯形波,梯形波,梯形波
附件一（训练集）.xlsx|材料2|2141,4,梯形波,梯形波,梯形波,梯形波,正弦波,梯形波
附件一（训练集）.xlsx|材料2|2142,3,梯形波,梯形波,梯形波,梯形波,正弦波,梯形波
附件一（训练集）.xlsx|材料2|2143,1,梯形波,梯形波,梯形波,梯形波,正弦波,梯形波
附件一（训练集）.xlsx|材料2|2144,1,梯形波,梯形波,梯形波,梯形波,梯形波,梯形波
附件一（训练集）.xlsx|材料2|2145,1,梯形波,梯形波,梯形波,梯形波,梯形波,梯形波
附件一（训练集）.xlsx|材料2|2146,3,梯形波,梯形波,梯形波,梯形波,正弦波,梯形波
附件一（训练集）.xlsx|材料2|2147,4,梯形波,梯形波,梯形波,梯形波,正弦波,梯形波
附件一（训练集）.xlsx|材料2|2148,0,梯形波,梯形波,梯形波,梯形波,三角波,梯形波
附件一（训练集）.xlsx|材料2|2149,0,梯形波,梯形波,梯形波,梯形波,三角波,梯形波
附件一（训练集）.xlsx|材料2|215,2,正弦波,正弦波,正弦波,正弦波,正弦波,正弦波
附件一（训练集）.xlsx|材料2|2150,0,梯形波,梯形波,梯形波,梯形波,三角波,梯形波
附件一（训练集）.xlsx|材料2|2151,2,梯形波,梯形波,梯形波,梯形波,正弦波,梯形波
附件一（训练集）.xlsx|材料2|2152,0,梯形波,梯形波,梯形波,梯形波,正弦波,梯形波
附件一（训练集）.xlsx|材料2|2153,0,梯形波,梯形波,梯形波,梯形波,正弦波,梯形波
附件一（训练集）.xlsx|材料2|2154,0,梯形波,梯形波,梯形波,梯形波,三角波,梯形波
附件一（训练集）.xlsx|材料2|2155,3,梯形波,梯形波,梯形波,梯形波,三角波,梯形波
附件一（训练集）.xlsx|材料2|2156,0,梯形波,梯形波,梯形波,梯形波,三角波,梯形波
附件一（训练集）.xlsx|材料2|2157,3,梯形波,梯形波,梯形波,梯形波,三角波,梯形波
附件一（训练集）.xlsx|材料2|2158,1,梯形波,梯形波,梯形波,梯形波,正弦波,梯形波
附件一（训练集）.xlsx|材料2|2159,1,梯形波,梯形波,梯形波,梯形波,三角波,梯形波
附件一（训练集）.xlsx|材料2|216,1,正弦波,正弦波,正弦波,正弦波,正弦波,正弦波
附件一（训练集）.xlsx|材料2|2160,3,梯形波,梯形波,梯形波,梯形波,三角波,梯形波
附件一（训练集）.xlsx|材料2|2161,1,梯形波,梯形波,梯形波,梯形波,三角波,梯形波
附件一（训练集）.xlsx|材料2|2162,1,梯形波,梯形波,梯形波,梯形波,三角波,梯形波
附件一（训练集）.xlsx|材料2|2163,2,梯形波,梯形波,梯形波,梯形波,三角波,梯形波
附件一（训练集）.xlsx|材料2|2164,3,梯形波,梯形波,梯形波,梯形波,正弦波,梯形波
附件一（训练集）.xlsx|材料2|2165,3,梯形波,梯形波,梯形波,梯形波,正弦波,梯形波
附件一（训练集）.xlsx|材料2|2166,4,梯形波,梯形波,梯形波,梯形波,三角波,梯形波
附件一（训练集）.xlsx|材料2|2167,3,梯形波,梯形波,梯形波,梯形波,三角波,梯形波
附件一（训练集）.xlsx|材料2|2168,2,梯形波,梯形波,梯形波,梯形波,三角波,梯形波
附件一（训练集）.xlsx|材料2|2169,0,梯形波,梯形波,梯形波,梯形波,三角波,梯形波
附件一（训练集）.xlsx|材料2|217,1,正弦波,正弦波,正弦波,正弦波,正弦波,正弦波
附件一（训练集）.xlsx|材料2|2170,4,梯形波,梯形波,梯形波,梯形波,三角波,梯形波
附件一（训练集）.xlsx|材料2|2171,0,梯形波,梯形波,梯形波,梯形波,三角波,梯形波
附件一（训练集）.xlsx|材料2|2172,3,梯形波,梯形波,梯形波,梯形波,三角波,梯形波
附件一（训练集）.xlsx|材料2|2173,3,梯形波,梯形波,梯形波,梯形波,正弦波,梯形波
附件一（训练集）.xlsx|材料2|2174,3,梯形波,梯形波,梯形波,梯形波,正弦波,梯形波
附件一（训练集）.xlsx|材料2|2175,2,梯形波,梯形波,梯形波,梯形波,正弦波,梯形波
附件一（训练集）.xlsx|材料2|2176,2,梯形波,梯形波,梯形波,梯形波,三角波,梯形波
附件一（训练集）.xlsx|材料2|2177,2,梯形波,梯形波,梯形波,梯形波,三角波,梯形波
附件一（训练集）.xlsx|材料2|2178,2,梯形波,梯形波,梯形波,梯形波,三角波,梯形波
附件一（训练集）.xlsx|材料2|2179,2,梯形波,梯形波,梯形波,梯形波,三角波,梯形波
附件一（训练集）.xlsx|材料2|218,1,正弦波,正弦波,正弦波,正弦波,正弦波,正弦波
附件一（训练集）.xlsx|材料2|2180,3,梯形波,梯形波,梯形波,梯形波,三角波,梯形波
附件一（训练集）.xlsx|材料2|2181,0,梯形波,梯形波,梯形波,梯形波,三角波,梯形波
附件一（训练集）.xlsx|材料2|2182,1,梯形波,梯形波,梯形波,梯形波,正弦波,梯形波
附件一（训练集）.xlsx|材料2|2183,2,梯形波,梯形波,梯形波,梯形波,三角波,梯形波
附件一（训练集）.xlsx|材料2|2184,2,梯形波,梯形波,梯形波,梯形波,三角波,梯形波
附件一（训练集）.xlsx|材料2|2185,0,梯形波,梯形波,梯形波,梯形波,三角波,梯形波
附件一（训练集）.xlsx|材料2|2186,0,梯形波,梯形波,梯形波,梯形波,三角波,梯形波
附件一（训练集）.xlsx|材料2|2187,0,梯形波,梯形波,梯形波,梯形波,三角波,梯形波
附件一（训练集）.xlsx|材料2|2188,4,梯形波,梯形波,梯形波,梯形波,三角波,梯形波
附件一（训练集）.xlsx|材料2|2189,0,梯形波,梯形波,梯形波,梯形波,三角波,梯形波
附件一（训练集）.xlsx|材料2|219,0,正弦波,正弦波,正弦波,正弦波,正弦波,正弦波
附件一（训练集）.xlsx|材料2|2190,0,梯形波,梯形波,梯形波,梯形波,三角波,梯形波
附件一（训练集）.xlsx|材料2|2191,3,梯形波,梯形波,梯形波,梯形波,三角波,梯形波
附件一（训练集）.xlsx|材料2|2192,4,梯形波,梯形波,梯形波,梯形波,三角波,梯形波
附件一（训练集）.xlsx|材料2|2193,3,梯形波,梯形波,梯形波,梯形波,三角波,梯形波
附件一（训练集）.xlsx|材料2|2194,3,梯形波,梯形波,梯形波,梯形波,三角波,梯形波
附件一（训练集）.xlsx|材料2|2195,4,梯形波,梯形波,梯形波,梯形波,三角波,梯形波
附件一（训练集）.xlsx|材料2|2196,0,梯形波,梯形波,梯形波,梯形波,三角波,梯形波
附件一（训练集）.xlsx|材料2|2197,2,梯形波,梯形波,梯形波,梯形波,三角波,梯形波
附件一（训练集）.xlsx|材料2|2198,3,梯形波,梯形波,梯形波,梯形波,正弦波,梯形波
附件一（训练集）.xlsx|材料2|2199,3,梯形波,梯形波,梯形波,梯形波,正弦波,梯形波
附件一（训练集）.xlsx|材料2|22,2,正弦波,正弦波,正弦波,正弦波,正弦波,正弦波
附件一（训练集）.xlsx|材料2|220,4,正弦波,正弦波,正弦波,正弦波,梯形波,正弦波
附件一（训练集）.xlsx|材料2|2200,1,梯形波,梯形波,梯形波,梯形波,正弦波,梯形波
附件一（训练集）.xlsx|材料2|2201,0,梯形波,梯形波,梯形波,梯形波,正弦波,梯形波
附件一（训练集）.xlsx|材料2|2202,1,梯形波,梯形波,梯形波,梯形波,梯形波,梯形波
附件一（训练集）.xlsx|材料2|2203,0,梯形波,梯形波,梯形波,梯形波,梯形波,梯形波
附件一（训练集）.xlsx|材料2|2204,2,梯形波,梯形波,梯形波,梯形波,正弦波,梯形波
附件一（训练集）.xlsx|材料2|2205,2,梯形波,梯形波,梯形波,梯形波,正弦波,梯形波
附件一（训练集）.xlsx|材料2|2206,4,梯形波,梯形波,梯形波,梯形波,正弦波,梯形波
附件一（训练集）.xlsx|材料2|2207,4,梯形波,梯形波,梯形波,梯形波,梯形波,梯形波
附件一（训练集）.xlsx|材料2|2208,4,梯形波,梯形波,梯形波,梯形波,梯形波,梯形波
附件一（训练集）.xlsx|材料2|2209,1,梯形波,梯形波,梯形波,梯形波,梯形波,梯形波
附件一（训练集）.xlsx|材料2|221,4,正弦波,正弦波,正弦波,正弦波,梯形波,正弦波
附件一（训练集）.xlsx|材料2|2210,1,梯形波,梯形波,梯形波,梯形波,正弦波,梯形波
附件一（训练集）.xlsx|材料2|2211,1,梯形波,梯形波,梯形波,梯形波,正弦波,梯形波
附件一（训练集）.xlsx|材料2|2212,2,梯形波,梯形波,梯形波,梯形波,梯形波,梯形波
附件一（训练集）.xlsx|材料2|2213,0,梯形波,梯形波,梯形波,梯形波,正弦波,梯形波
附件一（训练集）.xlsx|材料2|2214,2,梯形波,梯形波,梯形波,梯形波,正弦波,梯形波
附件一（训练集）.xlsx|材料2|2215,0,梯形波,梯形波,梯形波,梯形波,正弦波,梯形波
附件一（训练集）.xlsx|材料2|2216,2,梯形波,梯形波,梯形波,梯形波,梯形波,梯形波
附件一（训练集）.xlsx|材料2|2217,0,梯形波,梯形波,梯形波,梯形波,梯形波,梯形波
附件一（训练集）.xlsx|材料2|2218,0,梯形波,梯形波,梯形波,梯形波,正弦波,梯形波
附件一（训练集）.xlsx|材料2|2219,3,梯形波,梯形波,梯形波,梯形波,正弦波,梯形波
附件一（训练集）.xlsx|材料2|222,1,正弦波,正弦波,正弦波,正弦波,梯形波,正弦波
附件一（训练集）.xlsx|材料2|2220,3,梯形波,梯形波,梯形波,梯形波,正弦波,梯形波
附件一（训练集）.xlsx|材料2|2221,3,梯形波,梯形波,梯形波,梯形波,正弦波,梯形波
附件一（训练集）.xlsx|材料2|2222,3,梯形波,梯形波,梯形波,梯形波,正弦波,梯形波
附件一（训练集）.xlsx|材料2|2223,1,梯形波,梯形波,梯形波,梯形波,梯形波,梯形波
附件一（训练集）.xlsx|材料2|2224,0,梯形波,梯形波,梯形波,梯形波,三角波,梯形波
附件一（训练集）.xlsx|材料2|2225,4,梯形波,梯形波,梯形波,梯形波,梯形波,梯形波
附件一（训练集）.xlsx|材料2|2226,3,梯形波,梯形波,梯形波,梯形波,梯形波,梯形波
附件一（训练集）.xlsx|材料2|2227,0,梯形波,梯形波,梯形波,梯形波,正弦波,梯形波
附件一（训练集）.xlsx|材料2|2228,0,梯形波,梯形波,梯形波,梯形波,正弦波,梯形波
附件一（训练集）.xlsx|材料2|2229,3,梯形波,梯形波,梯形波,梯形波,正弦波,梯形波
附件一（训练集）.xlsx|材料2|223,1,正弦波,正弦波,正弦波,正弦波,正弦波,正弦波
附件一（训练集）.xlsx|材料2|2230,3,梯形波,梯形波,梯形波,梯形波,正弦波,梯形波
附件一（训练集）.xlsx|材料2|2231,1,梯形波,梯形波,梯形波,梯形波,三角波,梯形波
附件一（训练集）.xlsx|材料2|2232,0,梯形波,梯形波,梯形波,梯形波,三角波,梯形波
附件一（训练集）.xlsx|材料2|2233,3,梯形波,梯形波,梯形波,梯形波,三角波,梯形波
附件一（训练集）.xlsx|材料2|2234,0,梯形波,梯形波,梯形波,梯形波,三角波,梯形波
附件一（训练集）.xlsx|材料2|2235,3,梯形波,梯形波,梯形波,梯形波,正弦波,梯形波
附件一（训练集）.xlsx|材料2|2236,4,梯形波,梯形波,梯形波,梯形波,正弦波,梯形波
附件一（训练集）.xlsx|材料2|2237,4,梯形波,梯形波,梯形波,梯形波,正弦波,梯形波
附件一（训练集）.xlsx|材料2|2238,4,梯形波,梯形波,梯形波,梯形波,三角波,梯形波
附件一（训练集）.xlsx|材料2|2239,2,梯形波,梯形波,梯形波,梯形波,三角波,梯形波
附件一（训练集）.xlsx|材料2|224,2,正弦波,正弦波,正弦波,正弦波,正弦波,正弦波
附件一（训练集）.xlsx|材料2|2240,3,梯形波,梯形波,梯形波,梯形波,三角波,梯形波
附件一（训练集）.xlsx|材料2|2241,2,梯形波,梯形波,梯形波,梯形波,三角波,梯形波
附件一（训练集）.xlsx|材料2|2242,1,梯形波,梯形波,梯形波,梯形波,三角波,梯形波
附件一（训练集）.xlsx|材料2|2243,1,梯形波,梯形波,梯形波,梯形波,正弦波,梯形波
附件一（训练集）.xlsx|材料2|2244,0,梯形波,梯形波,梯形波,梯形波,正弦波,梯形波
附件一（训练集）.xlsx|材料2|2245,4,梯形波,梯形波,梯形波,梯形波,三角波,梯形波
附件一（训练集）.xlsx|材料2|2246,0,梯形波,梯形波,梯形波,梯形波,三角波,梯形波
附件一（训练集）.xlsx|材料2|2247,0,梯形波,梯形波,梯形波,梯形波,三角波,梯形波
附件一（训练集）.xlsx|材料2|2248,3,梯形波,梯形波,梯形波,梯形波,三角波,梯形波
附件一（训练集）.xlsx|材料2|2249,0,梯形波,梯形波,梯形波,梯形波,三角波,梯形波
附件一（训练集）.xlsx|材料2|225,3,正弦波,正弦波,正弦波,正弦波,正弦波,正弦波
附件一（训练集）.xlsx|材料2|2250,0,梯形波,梯形波,梯形波,梯形波,三角波,梯形波
附件一（训练集）.xlsx|材料2|2251,2,梯形波,梯形波,梯形波,梯形波,三角波,梯形波
附件一（训练集）.xlsx|材料2|2252,1,梯形波,梯形波,梯形波,梯形波,三角波,梯形波
附件一（训练集）.xlsx|材料2|2253,3,梯形波,梯形波,梯形波,梯形波,三角波,梯形波
附件一（训练集）.xlsx|材料2|2254,1,梯形波,梯形波,梯形波,梯形波,三角波,梯形波
附件一（训练集）.xlsx|材料2|2255,0,梯形波,梯形波,梯形波,梯形波,三角波,梯形波
附件一（训练集）.xlsx|材料2|2256,2,梯形波,梯形波,梯形波,梯形波,三角波,梯形波
附件一（训练集）.xlsx|材料2|2257,2,梯形波,梯形波,梯形波,梯形波,三角波,梯形波
附件一（训练集）.xlsx|材料2|2258,3,梯形波,梯形波,梯形波,梯形波,三角波,梯形波
附件一（训练集）.xlsx|材料2|2259,1,梯形波,梯形波,梯形波,梯形波,三角波,梯形波
附件一（训练集）.xlsx|材料2|226,4,正弦波,正弦波,正弦波,正弦波,正弦波,正弦波
附件一（训练集）.xlsx|材料2|2260,2,梯形波,梯形波,梯形波,梯形波,三角波,梯形波
附件一（训练集）.xlsx|材料2|2261,3,梯形波,梯形波,梯形波,梯形波,三角波,梯形波
附件一（训练集）.xlsx|材料2|2262,2,梯形波,梯形波,梯形波,梯形波,三角波,梯形波
附件一（训练集）.xlsx|材料2|2263,0,梯形波,梯形波,梯形波,梯形波,三角波,梯形波
附件一（训练集）.xlsx|材料2|2264,0,梯形波,梯形波,梯形波,梯形波,三角波,梯形波
附件一（训练集）.xlsx|材料2|2265,3,梯形波,梯形波,梯形波,梯形波,三角波,梯形波
附件一（训练集）.xlsx|材料2|2266,1,梯形波,梯形波,梯形波,梯形波,三角波,梯形波
附件一（训练集）.xlsx|材料2|2267,1,梯形波,梯形波,梯形波,梯形波,三角波,梯形波
附件一（训练集）.xlsx|材料2|2268,0,梯形波,梯形波,梯形波,梯形波,三角波,梯形波
附件一（训练集）.xlsx|材料2|2269,1,梯形波,梯形波,梯形波,梯形波,三角波,梯形波
附件一（训练集）.xlsx|材料2|227,0,正弦波,正弦波,正弦波,正弦波,正弦波,正弦波
附件一（训练集）.xlsx|材料2|2270,2,梯形波,梯形波,梯形波,梯形波,正弦波,梯形波
附件一（训练集）.xlsx|材料2|2271,1,梯形波,梯形波,梯形波,梯形波,正弦波,梯形波
附件一（训练集）.xlsx|材料2|2272,4,梯形波,梯形波,梯形波,梯形波,正弦波,梯形波
附件一（训练集）.xlsx|材料2|2273,4,梯形波,梯形波,梯形波,梯形波,正弦波,梯形波
附件一（训练集）.xlsx|材料2|2274,3,三角波,三角波,三角波,三角波,正弦波,三角波
附件一（训练集）.xlsx|材料2|2275,4,三角波,三角波,三角波,三角波,三角波,三角波
附件一（训练集）.xlsx|材料2|2276,4,三角波,三角波,三角波,三角波,三角波,三角波
附件一（训练集）.xlsx|材料2|2277,1,三角波,三角波,三角波,三角波,三角波,三角波
附件一（训练集）.xlsx|材料2|2278,1,三角波,三角波,三角波,三角波,三角波,三角波
附件一（训练集）.xlsx|材料2|2279,3,三角波,三角波,三角波,三角波,三角波,三角波
附件一（训练集）.xlsx|材料2|228,1,正弦波,正弦波,正弦波,正弦波,梯形波,正弦波
附件一（训练集）.xlsx|材料2|2280,2,三角波,三角波,三角波,三角波,三角波,三角波
附件一（训练集）.xlsx|材料2|2281,0,三角波,三角波,三角波,三角波,三角波,三角波
附件一（训练集）.xlsx|材料2|2282,2,三角波,三角波,三角波,三角波,三角波,三角波
附件一（训练集）.xlsx|材料2|2283,1,三角波,三角波,三角波,三角波,三角波,三角波
附件一（训练集）.xlsx|材料2|2284,4,三角波,三角波,三角波,三角波,三角波,三角波
附件一（训练集）.xlsx|材料2|2285,4,三角波,三角波,三角波,三角波,三角波,三角波
附件一（训练集）.xlsx|材料2|2286,4,三角波,三角波,三角波,三角波,三角波,三角波
附件一（训练集）.xlsx|材料2|2287,2,三角波,三角波,三角波,三角波,三角波,三角波
附件一（训练集）.xlsx|材料2|2288,2,梯形波,梯形波,梯形波,梯形波,正弦波,梯形波
附件一（训练集）.xlsx|材料2|2289,1,梯形波,梯形波,梯形波,梯形波,正弦波,梯形波
附件一（训练集）.xlsx|材料2|229,0,正弦波,正弦波,正弦波,正弦波,梯形波,正弦波
附件一（训练集）.xlsx|材料2|2290,3,梯形波,梯形波,梯形波,梯形波,正弦波,梯形波
附件一（训练集）.xlsx|材料2|2291,3,梯形波,梯形波,梯形波,梯形波,正弦波,梯形波
附件一（训练集）.xlsx|材料2|2292,3,梯形波,梯形波,梯形波,梯形波,正弦波,梯形波
附件一（训练集）.xlsx|材料2|2293,3,梯形波,梯形波,梯形波,梯形波,梯形波,梯形波
附件一（训练集）.xlsx|材料2|2294,1,梯形波,梯形波,梯形波,梯形波,梯形波,梯形波
附件一（训练集）.xlsx|材料2|2295,3,梯形波,梯形波,梯形波,梯形波,正弦波,梯形波
附件一（训练集）.xlsx|材料2|2296,0,梯形波,梯形波,梯形波,梯形波,正弦波,梯形波
附件一（训练集）.xlsx|材料2|2297,4,梯形波,梯形波,梯形波,梯形波,正弦波,梯形波
附件一（训练集）.xlsx|材料2|2298,4,梯形波,梯形波,梯形波,梯形波,正弦波,梯形波
附件一（训练集）.xlsx|材料2|2299,1,梯形波,梯形波,梯形波,梯形波,正弦波,梯形波
附件一（训练集）.xlsx|材料2|23,2,正弦波,正弦波,正弦波,正弦波,正弦波,正弦波
附件一（训练集）.xlsx|材料2|230,4,正弦波,正弦波,正弦波,正弦波,梯形波,正弦波
附件一（训练集）.xlsx|材料2|2300,4,梯形波,梯形波,梯形波,梯形波,正弦波,梯形波
附件一（训练集）.xlsx|材料2|2301,3,梯形波,梯形波,梯形波,梯形波,梯形波,梯形波
附件一（训练集）.xlsx|材料2|2302,3,梯形波,梯形波,梯形波,梯形波,梯形波,梯形波
附件一（训练集）.xlsx|材料2|2303,1,梯形波,梯形波,梯形波,梯形波,正弦波,梯形波
附件一（训练集）.xlsx|材料2|2304,1,梯形波,梯形波,梯形波,梯形波,正弦波,梯形波
附件一（训练集）.xlsx|材料2|2305,0,梯形波,梯形波,梯形波,梯形波,正弦波,梯形波
附件一（训练集）.xlsx|材料2|2306,3,梯形波,梯形波,梯形波,梯形波,梯形波,梯形波
附件一（训练集）.xlsx|材料2|2307,0,梯形波,梯形波,梯形波,梯形波,梯形波,梯形波
附件一（训练集）.xlsx|材料2|2308,3,梯形波,梯形波,梯形波,梯形波,梯形波,梯形波
附件一（训练集）.xlsx|材料2|2309,3,梯形波,梯形波,梯形波,梯形波,梯形波,梯形波
附件一（训练集）.xlsx|材料2|231,2,正弦波,正弦波,正弦波,正弦波,梯形波,正弦波
附件一（训练集）.xlsx|材料2|2310,1,梯形波,梯形波,梯形波,梯形波,正弦波,梯形波
附件一（训练集）.xlsx|材料2|2311,3,梯形波,梯形波,梯形波,梯形波,正弦波,梯形波
附件一（训练集）.xlsx|材料2|2312,4,梯形波,梯形波,梯形波,梯形波,正弦波,梯形波
附件一（训练集）.xlsx|材料2|2313,1,梯形波,梯形波,梯形波,梯形波,正弦波,梯形波
附件一（训练集）.xlsx|材料2|2314,0,梯形波,梯形波,梯形波,梯形波,正弦波,梯形波
附件一（训练集）.xlsx|材料2|2315,0,梯形波,梯形波,梯形波,梯形波,正弦波,梯形波
附件一（训练集）.xlsx|材料2|2316,3,梯形波,梯形波,梯形波,梯形波,正弦波,梯形波
附件一（训练集）.xlsx|材料2|2317,1,梯形波,梯形波,梯形波,梯形波,梯形波,梯形波
附件一（训练集）.xlsx|材料2|2318,2,梯形波,梯形波,梯形波,梯形波,正弦波,梯形波
附件一（训练集）.xlsx|材料2|2319,1,梯形波,梯形波,梯形波,梯形波,正弦波,梯形波
附件一（训练集）.xlsx|材料2|232,1,正弦波,正弦波,正弦波,正弦波,正弦波,正弦波
附件一（训练集）.xlsx|材料2|2320,0,梯形波,梯形波,梯形波,梯形波,正弦波,梯形波
附件一（训练集）.xlsx|材料2|2321,4,梯形波,梯形波,梯形波,梯形波,正弦波,梯形波
附件一（训练集）.xlsx|材料2|2322,4,梯形波,梯形波,梯形波,梯形波,梯形波,梯形波
附件一（训练集）.xlsx|材料2|2323,3,梯形波,梯形波,梯形波,梯形波,正弦波,梯形波
附件一（训练集）.xlsx|材料2|2324,1,梯形波,梯形波,梯形波,梯形波,梯形波,梯形波
附件一（训练集）.xlsx|材料2|2325,4,梯形波,梯形波,梯形波,梯形波,梯形波,梯形波
附件一（训练集）.xlsx|材料2|2326,3,梯形波,梯形波,梯形波,梯形波,正弦波,梯形波
附件一（训练集）.xlsx|材料2|2327,4,梯形波,梯形波,梯形波,梯形波,正弦波,梯形波
附件一（训练集）.xlsx|材料2|2328,0,梯形波,梯形波,梯形波,梯形波,正弦波,梯形波
附件一（训练集）.xlsx|材料2|2329,0,梯形波,梯形波,梯形波,梯形波,正弦波,梯形波
附件一（训练集）.xlsx|材料2|233,3,正弦波,正弦波,正弦波,正弦波,正弦波,正弦波
附件一（训练集）.xlsx|材料2|2330,2,梯形波,梯形波,梯形波,梯形波,三角波,梯形波
附件一（训练集）.xlsx|材料2|2331,0,梯形波,梯形波,梯形波,梯形波,三角波,梯形波
附件一（训练集）.xlsx|材料2|2332,2,梯形波,梯形波,梯形波,梯形波,三角波,梯形波
附件一（训练集）.xlsx|材料2|2333,2,梯形波,梯形波,梯形波,梯形波,三角波,梯形波
附件一（训练集）.xlsx|材料2|2334,1,梯形波,梯形波,梯形波,梯形波,正弦波,梯形波
附件一（训练集）.xlsx|材料2|2335,2,梯形波,梯形波,梯形波,梯形波,正弦波,梯形波
附件一（训练集）.xlsx|材料2|2336,2,梯形波,梯形波,梯形波,梯形波,三角波,梯形波
附件一（训练集）.xlsx|材料2|2337,2,梯形波,梯形波,梯形波,梯形波,三角波,梯形波
附件一（训练集）.xlsx|材料2|2338,0,梯形波,梯形波,梯形波,梯形波,三角波,梯形波
附件一（训练集）.xlsx|材料2|2339,2,梯形波,梯形波,梯形波,梯形波,三角波,梯形波
附件一（训练集）.xlsx|材料2|234,3,正弦波,正弦波,正弦波,正弦波,正弦波,正弦波
附件一（训练集）.xlsx|材料2|2340,0,梯形波,梯形波,梯形波,梯形波,三角波,梯形波
附件一（训练集）.xlsx|材料2|2341,4,梯形波,梯形波,梯形波,梯形波,正弦波,梯形波
附件一（训练集）.xlsx|材料2|2342,4,梯形波,梯形波,梯形波,梯形波,正弦波,梯形波
附件一（训练集）.xlsx|材料2|2343,0,梯形波,梯形波,梯形波,梯形波,三角波,梯形波
附件一（训练集）.xlsx|材料2|2344,2,梯形波,梯形波,梯形波,梯形波,三角波,梯形波
附件一（训练集）.xlsx|材料2|2345,2,梯形波,梯形波,梯形波,梯形波,三角波,梯形波
附件一（训练集）.xlsx|材料2|2346,2,梯形波,梯形波,梯形波,梯形波,三角波,梯形波
附件一（训练集）.xlsx|材料2|2347,0,梯形波,梯形波,梯形波,梯形波,三角波,梯形波
附件一（训练集）.xlsx|材料2|2348,1,梯形波,梯形波,梯形波,梯形波,三角波,梯形波
附件一（训练集）.xlsx|材料2|2349,4,梯形波,梯形波,梯形波,梯形波,三角波,梯形波
附件一（训练集）.xlsx|材料2|235,2,正弦波,正弦波,正弦波,正弦波,正弦波,正弦波
附件一（训练集）.xlsx|材料2|2350,0,梯形波,梯形波,梯形波,梯形波,三角波,梯形波
附件一（训练集）.xlsx|材料2|2351,3,梯形波,梯形波,梯形波,梯形波,三角波,梯形波
附件一（训练集）.xlsx|材料2|2352,0,梯形波,梯形波,梯形波,梯形波,三角波,梯形波
附件一（训练集）.xlsx|材料2|2353,3,梯形波,梯形波,梯形波,梯形波,三角波,梯形波
附件一（训练集）.xlsx|材料2|2354,2,梯形波,梯形波,梯形波,梯形波,正弦波,梯形波
附件一（训练集）.xlsx|材料2|2355,0,梯形波,梯形波,梯形波,梯形波,正弦波,梯形波
附件一（训练集）.xlsx|材料2|2356,2,梯形波,梯形波,梯形波,梯形波,正弦波,梯形波
附件一（训练集）.xlsx|材料2|2357,1,梯形波,梯形波,梯形波,梯形波,正弦波,梯形波
附件一（训练集）.xlsx|材料2|2358,1,梯形波,梯形波,梯形波,梯形波,梯形波,梯形波
附件一（训练集）.xlsx|材料2|2359,1,梯形波,梯形波,梯形波,梯形波,梯形波,梯形波
附件一（训练集）.xlsx|材料2|236,1,正弦波,正弦波,正弦波,正弦波,正弦波,正弦波
附件一（训练集）.xlsx|材料2|2360,0,梯形波,梯形波,梯形波,梯形波,正弦波,梯形波
附件一（训练集）.xlsx|材料2|2361,2,梯形波,梯形波,梯形波,梯形波,正弦波,梯形波
附件一（训练集）.xlsx|材料2|2362,2,梯形波,梯形波,梯形波,梯形波,正弦波,梯形波
附件一（训练集）.xlsx|材料2|2363,3,梯形波,梯形波,梯形波,梯形波,正弦波,梯形波
附件一（训练集）.xlsx|材料2|2364,3,梯形波,梯形波,梯形波,梯形波,梯形波,梯形波
附件一（训练集）.xlsx|材料2|2365,2,梯形波,梯形波,梯形波,梯形波,梯形波,梯形波
附件一（训练集）.xlsx|材料2|2366,3,梯形波,梯形波,梯形波,梯形波,正弦波,梯形波
附件一（训练集）.xlsx|材料2|2367,1,梯形波,梯形波,梯形波,梯形波,正弦波,梯形波
附件一（训练集）.xlsx|材料2|2368,1,梯形波,梯形波,梯形波,梯形波,正弦波,梯形波
附件一（训练集）.xlsx|材料2|2369,1,梯形波,梯形波,梯形波,梯形波,正弦波,梯形波
附件一（训练集）.xlsx|材料2|237,2,正弦波,正弦波,正弦波,正弦波,正弦波,正弦波
附件一（训练集）.xlsx|材料2|2370,0,梯形波,梯形波,梯形波,梯形波,正弦波,梯形波
附件一（训练集）.xlsx|材料2|2371,3,梯形波,梯形波,梯形波,梯形波,梯形波,梯形波
附件一（训练集）.xlsx|材料2|2372,3,梯形波,梯形波,梯形波,梯形波,正弦波,梯形波
附件一（训练集）.xlsx|材料2|2373,1,梯形波,梯形波,梯形波,梯形波,梯形波,梯形波
附件一（训练集）.xlsx|材料2|2374,1,梯形波,梯形波,梯形波,梯形波,梯形波,梯形波
附件一（训练集）.xlsx|材料2|2375,4,梯形波,梯形波,梯形波,梯形波,梯形波,梯形波
附件一（训练集）.xlsx|材料2|2376,2,梯形波,梯形波,梯形波,梯形波,正弦波,梯形波
附件一（训练集）.xlsx|材料2|2377,2,梯形波,梯形波,梯形波,梯形波,正弦波,梯形波
附件一（训练集）.xlsx|材料2|2378,0,梯形波,梯形波,梯形波,梯形波,正弦波,梯形波
附件一（训练集）.xlsx|材料2|2379,3,梯形波,梯形波,梯形波,梯形波,正弦波,梯形波
附件一（训练集）.xlsx|材料2|238,2,正弦波,正弦波,正弦波,正弦波,正弦波,正弦波
附件一（训练集）.xlsx|材料2|2380,0,梯形波,梯形波,梯形波,梯形波,正弦波,梯形波
附件一（训练集）.xlsx|材料2|2381,0,梯形波,梯形波,梯形波,梯形波,梯形波,梯形波
附件一（训练集）.xlsx|材料2|2382,0,梯形波,梯形波,梯形波,梯形波,梯形波,梯形波
附件一（训练集）.xlsx|材料2|2383,3,梯形波,梯形波,梯形波,梯形波,梯形波,梯形波
附件一（训练集）.xlsx|材料2|2384,2,梯形波,梯形波,梯形波,梯形波,梯形波,梯形波
附件一（训练集）.xlsx|材料2|2385,2,梯形波,梯形波,梯形波,梯形波,正弦波,梯形波
附件一（训练集）.xlsx|材料2|2386,1,梯形波,梯形波,梯形波,梯形波,正弦波,梯形波
附件一（训练集）.xlsx|材料2|2387,3,梯形波,梯形波,梯形波,梯形波,正弦波,梯形波
附件一（训练集）.xlsx|材料2|2388,3,梯形波,梯形波,梯形波,梯形波,正弦波,梯形波
附件一（训练集）.xlsx|材料2|2389,3,梯形波,梯形波,梯形波,梯形波,梯形波,梯形波
附件一（训练集）.xlsx|材料2|239,0,正弦波,正弦波,正弦波,正弦波,三角波,正弦波
附件一（训练集）.xlsx|材料2|2390,3,梯形波,梯形波,梯形波,梯形波,梯形波,梯形波
附件一（训练集）.xlsx|材料2|2391,2,梯形波,梯形波,梯形波,梯形波,梯形波,梯形波
附件一（训练集）.xlsx|材料2|2392,1,梯形波,梯形波,梯形波,梯形波,正弦波,梯形波
附件一（训练集）.xlsx|材料2|2393,1,梯形波,梯形波,梯形波,梯形波,正弦波,梯形波
附件一（训练集）.xlsx|材料2|2394,1,梯形波,梯形波,梯形波,梯形波,正弦波,梯形波
附件一（训练集）.xlsx|材料2|2395,1,梯形波,梯形波,梯形波,梯形波,正弦波,梯形波
附件一（训练集）.xlsx|材料2|2396,1,梯形波,梯形波,梯形波,梯形波,三角波,梯形波
附件一（训练集）.xlsx|材料2|2397,1,梯形波,梯形波,梯形波,梯形波,三角波,梯形波
附件一（训练集）.xlsx|材料2|2398,3,梯形波,梯形波,梯形波,梯形波,正弦波,梯形波
附件一（训练集）.xlsx|材料2|2399,2,梯形波,梯形波,梯形波,梯形波,正弦波,梯形波
附件一（训练集）.xlsx|材料2|24,1,正弦波,正弦波,正弦波,正弦波,梯形波,正弦波
附件一（训练集）.xlsx|材料2|240,0,正弦波,正弦波,正弦波,正弦波,三角波,正弦波
附件一（训练集）.xlsx|材料2|2400,4,梯形波,梯形波,梯形波,梯形波,三角波,梯形波
附件一（训练集）.xlsx|材料2|2401,0,梯形波,梯形波,梯形波,梯形波,三角波,梯形波
附件一（训练集）.xlsx|材料2|2402,0,梯形波,梯形波,梯形波,梯形波,三角波,梯形波
附件一（训练集）.xlsx|材料2|2403,2,梯形波,梯形波,梯形波,梯形波,三角波,梯形波
附件一（训练集）.xlsx|材料2|2404,3,梯形波,梯形波,梯形波,梯形波,正弦波,梯形波
附件一（训练集）.xlsx|材料2|2405,3,梯形波,梯形波,梯形波,梯形波,正弦波,梯形波
附件一（训练集）.xlsx|材料2|2406,3,梯形波,梯形波,梯形波,梯形波,三角波,梯形波
附件一（训练集）.xlsx|材料2|2407,0,梯形波,梯形波,梯形波,梯形波,三角波,梯形波
附件一（训练集）.xlsx|材料2|2408,0,梯形波,梯形波,梯形波,梯形波,三角波,梯形波
附件一（训练集）.xlsx|材料2|2409,2,梯形波,梯形波,梯形波,梯形波,三角波,梯形波
附件一（训练集）.xlsx|材料2|241,1,正弦波,正弦波,正弦波,正弦波,三角波,正弦波
附件一（训练集）.xlsx|材料2|2410,0,梯形波,梯形波,梯形波,梯形波,三角波,梯形波
附件一（训练集）.xlsx|材料2|2411,2,梯形波,梯形波,梯形波,梯形波,三角波,梯形波
附件一（训练集）.xlsx|材料2|2412,2,梯形波,梯形波,梯形波,梯形波,三角波,梯形波
附件一（训练集）.xlsx|材料2|2413,3,梯形波,梯形波,梯形波,梯形波,三角波,梯形波
附件一（训练集）.xlsx|材料2|2414,2,梯形波,梯形波,梯形波,梯形波,正弦波,梯形波
附件一（训练集）.xlsx|材料2|2415,2,梯形波,梯形波,梯形波,梯形波,三角波,梯形波
附件一（训练集）.xlsx|材料2|2416,2,梯形波,梯形波,梯形波,梯形波,三角波,梯形波
附件一（训练集）.xlsx|材料2|2417,4,梯形波,梯形波,梯形波,梯形波,三角波,梯形波
附件一（训练集）.xlsx|材料2|2418,4,梯形波,梯形波,梯形波,梯形波,三角波,梯形波
附件一（训练集）.xlsx|材料2|2419,3,梯形波,梯形波,梯形波,梯形波,三角波,梯形波
附件一（训练集）.xlsx|材料2|242,2,正弦波,正弦波,正弦波,正弦波,正弦波,正弦波
附件一（训练集）.xlsx|材料2|2420,0,梯形波,梯形波,梯形波,梯形波,三角波,梯形波
附件一（训练集）.xlsx|材料2|2421,0,梯形波,梯形波,梯形波,梯形波,三角波,梯形波
附件一（训练集）.xlsx|材料2|2422,3,梯形波,梯形波,梯形波,梯形波,三角波,梯形波
附件一（训练集）.xlsx|材料2|2423,4,梯形波,梯形波,梯形波,梯形波,三角波,梯形波
附件一（训练集）.xlsx|材料2|2424,1,梯形波,梯形波,梯形波,梯形波,三角波,梯形波
附件一（训练集）.xlsx|材料2|2425,4,梯形波,梯形波,梯形波,梯形波,三角波,梯形波
附件一（训练集）.xlsx|材料2|2426,3,梯形波,梯形波,梯形波,梯形波,三角波,梯形波
附件一（训练集）.xlsx|材料2|2427,0,梯形波,梯形波,梯形波,梯形波,三角波,梯形波
附件一（训练集）.xlsx|材料2|2428,0,梯形波,梯形波,梯形波,梯形波,三角波,梯形波
附件一（训练集）.xlsx|材料2|2429,3,梯形波,梯形波,梯形波,梯形波,正弦波,梯形波
附件一（训练集）.xlsx|材料2|243,2,正弦波,正弦波,正弦波,正弦波,正弦波,正弦波
附件一（训练集）.xlsx|材料2|2430,1,梯形波,梯形波,梯形波,梯形波,正弦波,梯形波
附件一（训练集）.xlsx|材料2|2431,1,梯形波,梯形波,梯形波,梯形波,梯形波,梯形波
附件一（训练集）.xlsx|材料2|2432,2,梯形波,梯形波,梯形波,梯形波,正弦波,梯形波
附件一（训练集）.xlsx|材料2|2433,2,梯形波,梯形波,梯形波,梯形波,正弦波,梯形波
附件一（训练集）.xlsx|材料2|2434,2,梯形波,梯形波,梯形波,梯形波,梯形波,梯形波
附件一（训练集）.xlsx|材料2|2435,2,梯形波,梯形波,梯形波,梯形波,梯形波,梯形波
附件一（训练集）.xlsx|材料2|2436,2,梯形波,梯形波,梯形波,梯形波,梯形波,梯形波
附件一（训练集）.xlsx|材料2|2437,1,梯形波,梯形波,梯形波,梯形波,正弦波,梯形波
附件一（训练集）.xlsx|材料2|2438,3,梯形波,梯形波,梯形波,梯形波,正弦波,梯形波
附件一（训练集）.xlsx|材料2|2439,1,梯形波,梯形波,梯形波,梯形波,正弦波,梯形波
附件一（训练集）.xlsx|材料2|244,1,正弦波,正弦波,正弦波,正弦波,正弦波,正弦波
附件一（训练集）.xlsx|材料2|2440,1,梯形波,梯形波,梯形波,梯形波,梯形波,梯形波
附件一（训练集）.xlsx|材料2|2441,3,梯形波,梯形波,梯形波,梯形波,梯形波,梯形波
附件一（训练集）.xlsx|材料2|2442,4,梯形波,梯形波,梯形波,梯形波,梯形波,梯形波
附件一（训练集）.xlsx|材料2|2443,0,梯形波,梯形波,梯形波,梯形波,正弦波,梯形波
附件一（训练集）.xlsx|材料2|2444,0,梯形波,梯形波,梯形波,梯形波,梯形波,梯形波
附件一（训练集）.xlsx|材料2|2445,2,梯形波,梯形波,梯形波,梯形波,梯形波,梯形波
附件一（训练集）.xlsx|材料2|2446,2,梯形波,梯形波,梯形波,梯形波,梯形波,梯形波
附件一（训练集）.xlsx|材料2|2447,3,梯形波,梯形波,梯形波,梯形波,正弦波,梯形波
附件一（训练集）.xlsx|材料2|2448,0,梯形波,梯形波,梯形波,梯形波,正弦波,梯形波
附件一（训练集）.xlsx|材料2|2449,3,梯形波,梯形波,梯形波,梯形波,正弦波,梯形波
附件一（训练集）.xlsx|材料2|245,4,正弦波,正弦波,正弦波,正弦波,三角波,正弦波
附件一（训练集）.xlsx|材料2|2450,3,梯形波,梯形波,梯形波,梯形波,正弦波,梯形波
附件一（训练集）.xlsx|材料2|2451,3,梯形波,梯形波,梯形波,梯形波,梯形波,梯形波
附件一（训练集）.xlsx|材料2|2452,3,梯形波,梯形波,梯形波,梯形波,梯形波,梯形波
附件一（训练集）.xlsx|材料2|2453,4,梯形波,梯形波,梯形波,梯形波,梯形波,梯形波
附件一（训练集）.xlsx|材料2|2454,3,梯形波,梯形波,梯形波,梯形波,梯形波,梯形波
附件一（训练集）.xlsx|材料2|2455,3,梯形波,梯形波,梯形波,梯形波,梯形波,梯形波
附件一（训练集）.xlsx|材料2|2456,1,梯形波,梯形波,梯形波,梯形波,正弦波,梯形波
附件一（训练集）.xlsx|材料2|2457,1,梯形波,梯形波,梯形波,梯形波,正弦波,梯形波
附件一（训练集）.xlsx|材料2|2458,3,梯形波,梯形波,梯形波,梯形波,正弦波,梯形波
附件一（训练集）.xlsx|材料2|2459,1,梯形波,梯形波,梯形波,梯形波,梯形波,梯形波
附件一（训练集）.xlsx|材料2|246,4,正弦波,正弦波,正弦波,正弦波,三角波,正弦波
附件一（训练集）.xlsx|材料2|2460,1,梯形波,梯形波,梯形波,梯形波,梯形波,梯形波
附件一（训练集）.xlsx|材料2|2461,0,梯形波,梯形波,梯形波,梯形波,梯形波,梯形波
附件一（训练集）.xlsx|材料2|2462,3,梯形波,梯形波,梯形波,梯形波,梯形波,梯形波
附件一（训练集）.xlsx|材料2|2463,0,梯形波,梯形波,梯形波,梯形波,梯形波,梯形波
附件一（训练集）.xlsx|材料2|2464,0,梯形波,梯形波,梯形波,梯形波,梯形波,梯形波
附件一（训练集）.xlsx|材料2|2465,4,梯形波,梯形波,梯形波,梯形波,梯形波,梯形波
附件一（训练集）.xlsx|材料2|2466,3,梯形波,梯形波,梯形波,梯形波,正弦波,梯形波
附件一（训练集）.xlsx|材料2|2467,0,梯形波,梯形波,梯形波,梯形波,三角波,梯形波
附件一（训练集）.xlsx|材料2|2468,4,梯形波,梯形波,梯形波,梯形波,三角波,梯形波
附件一（训练集）.xlsx|材料2|2469,3,梯形波,梯形波,梯形波,梯形波,三角波,梯形波
附件一（训练集）.xlsx|材料2|247,0,正弦波,正弦波,正弦波,正弦波,三角波,正弦波
附件一（训练集）.xlsx|材料2|2470,2,梯形波,梯形波,梯形波,梯形波,三角波,梯形波
附件一（训练集）.xlsx|材料2|2471,3,梯形波,梯形波,梯形波,梯形波,梯形波,梯形波
附件一（训练集）.xlsx|材料2|2472,1,梯形波,梯形波,梯形波,梯形波,梯形波,梯形波
附件一（训练集）.xlsx|材料2|2473,1,梯形波,梯形波,梯形波,梯形波,正弦波,梯形波
附件一（训练集）.xlsx|材料2|2474,0,梯形波,梯形波,梯形波,梯形波,正弦波,梯形波
附件一（训练集）.xlsx|材料2|2475,0,梯形波,梯形波,梯形波,梯形波,正弦波,梯形波
附件一（训练集）.xlsx|材料2|2476,0,梯形波,梯形波,梯形波,梯形波,三角波,梯形波
附件一（训练集）.xlsx|材料2|2477,2,梯形波,梯形波,梯形波,梯形波,三角波,梯形波
附件一（训练集）.xlsx|材料2|2478,0,梯形波,梯形波,梯形波,梯形波,三角波,梯形波
附件一（训练集）.xlsx|材料2|2479,0,梯形波,梯形波,梯形波,梯形波,三角波,梯形波
附件一（训练集）.xlsx|材料2|248,0,正弦波,正弦波,正弦波,正弦波,三角波,正弦波
附件一（训练集）.xlsx|材料2|2480,1,梯形波,梯形波,梯形波,梯形波,三角波,梯形波
附件一（训练集）.xlsx|材料2|2481,3,梯形波,梯形波,梯形波,梯形波,三角波,梯形波
附件一（训练集）.xlsx|材料2|2482,4,梯形波,梯形波,梯形波,梯形波,三角波,梯形波
附件一（训练集）.xlsx|材料2|2483,3,梯形波,梯形波,梯形波,梯形波,三角波,梯形波
附件一（训练集）.xlsx|材料2|2484,3,梯形波,梯形波,梯形波,梯形波,三角波,梯形波
附件一（训练集）.xlsx|材料2|2485,1,梯形波,梯形波,梯形波,梯形波,三角波,梯形波
附件一（训练集）.xlsx|材料2|2486,4,梯形波,梯形波,梯形波,梯形波,三角波,梯形波
附件一（训练集）.xlsx|材料2|2487,2,梯形波,梯形波,梯形波,梯形波,正弦波,梯形波
附件一（训练集）.xlsx|材料2|2488,0,梯形波,梯形波,梯形波,梯形波,三角波,梯形波
附件一（训练集）.xlsx|材料2|2489,2,梯形波,梯形波,梯形波,梯形波,三角波,梯形波
附件一（训练集）.xlsx|材料2|249,4,正弦波,正弦波,正弦波,正弦波,三角波,正弦波
附件一（训练集）.xlsx|材料2|2490,2,梯形波,梯形波,梯形波,梯形波,三角波,梯形波
附件一（训练集）.xlsx|材料2|2491,1,梯形波,梯形波,梯形波,梯形波,三角波,梯形波
附件一（训练集）.xlsx|材料2|2492,0,梯形波,梯形波,梯形波,梯形波,三角波,梯形波
附件一（训练集）.xlsx|材料2|2493,1,梯形波,梯形波,梯形波,梯形波,三角波,梯形波
附件一（训练集）.xlsx|材料2|2494,1,梯形波,梯形波,梯形波,梯形波,三角波,梯形波
附件一（训练集）.xlsx|材料2|2495,1,梯形波,梯形波,梯形波,梯形波,三角波,梯形波
附件一（训练集）.xlsx|材料2|2496,2,梯形波,梯形波,梯形波,梯形波,三角波,梯形波
附件一（训练集）.xlsx|材料2|2497,1,梯形波,梯形波,梯形波,梯形波,三角波,梯形波
附件一（训练集）.xlsx|材料2|2498,3,梯形波,梯形波,梯形波,梯形波,三角波,梯形波
附件一（训练集）.xlsx|材料2|2499,0,梯形波,梯形波,梯形波,梯形波,三角波,梯形波
附件一（训练集）.xlsx|材料2|25,1,正弦波,正弦波,正弦波,正弦波,正弦波,正弦波
附件一（训练集）.xlsx|材料2|250,0,正弦波,正弦波,正弦波,正弦波,三角波,正弦波
附件一（训练集）.xlsx|材料2|2500,0,梯形波,梯形波,梯形波,梯形波,三角波,梯形波
附件一（训练集）.xlsx|材料2|2501,1,梯形波,梯形波,梯形波,梯形波,三角波,梯形波
附件一（训练集）.xlsx|材料2|2502,4,梯形波,梯形波,梯形波,梯形波,三角波,梯形波
附件一（训练集）.xlsx|材料2|2503,2,梯形波,梯形波,梯形波,梯形波,正弦波,梯形波
附件一（训练集）.xlsx|材料2|2504,3,梯形波,梯形波,梯形波,梯形波,正弦波,梯形波
附件一（训练集）.xlsx|材料2|2505,2,梯形波,梯形波,梯形波,梯形波,正弦波,梯形波
附件一（训练集）.xlsx|材料2|2506,2,梯形波,梯形波,梯形波,梯形波,梯形波,梯形波
附件一（训练集）.xlsx|材料2|2507,0,梯形波,梯形波,梯形波,梯形波,梯形波,梯形波
附件一（训练集）.xlsx|材料2|2508,4,梯形波,梯形波,梯形波,梯形波,正弦波,梯形波
附件一（训练集）.xlsx|材料2|2509,4,梯形波,梯形波,梯形波,梯形波,正弦波,梯形波
附件一（训练集）.xlsx|材料2|251,2,正弦波,正弦波,正弦波,正弦波,正弦波,正弦波
附件一（训练集）.xlsx|材料2|2510,4,梯形波,梯形波,梯形波,梯形波,正弦波,梯形波
附件一（训练集）.xlsx|材料2|2511,2,梯形波,梯形波,梯形波,梯形波,正弦波,梯形波
附件一（训练集）.xlsx|材料2|2512,3,三角波,三角波,三角波,三角波,正弦波,三角波
附件一（训练集）.xlsx|材料2|2513,4,三角波,三角波,三角波,三角波,三角波,三角波
附件一（训练集）.xlsx|材料2|2514,2,三角波,三角波,三角波,三角波,三角波,三角波
附件一（训练集）.xlsx|材料2|2515,3,三角波,三角波,三角波,三角波,三角波,三角波
附件一（训练集）.xlsx|材料2|2516,4,三角波,三角波,三角波,三角波,三角波,三角波
附件一（训练集）.xlsx|材料2|2517,1,三角波,三角波,三角波,三角波,三角波,三角波
附件一（训练集）.xlsx|材料2|2518,3,三角波,三角波,三角波,三角波,三角波,三角波
附件一（训练集）.xlsx|材料2|2519,2,三角波,三角波,三角波,三角波,三角波,三角波
附件一（训练集）.xlsx|材料2|252,1,正弦波,正弦波,正弦波,正弦波,正弦波,正弦波
附件一（训练集）.xlsx|材料2|2520,0,三角波,三角波,三角波,三角波,三角波,三角波
附件一（训练集）.xlsx|材料2|2521,2,三角波,三角波,三角波,三角波,三角波,三角波
附件一（训练集）.xlsx|材料2|2522,1,三角波,三角波,三角波,三角波,三角波,三角波
附件一（训练集）.xlsx|材料2|2523,4,三角波,三角波,三角波,三角波,三角波,三角波
附件一（训练集）.xlsx|材料2|2524,2,三角波,三角波,三角波,三角波,三角波,三角波
附件一（训练集）.xlsx|材料2|2525,1,梯形波,梯形波,梯形波,梯形波,正弦波,梯形波
附件一（训练集）.xlsx|材料2|2526,1,梯形波,梯形波,梯形波,梯形波,正弦波,梯形波
附件一（训练集）.xlsx|材料2|2527,0,梯形波,梯形波,梯形波,梯形波,正弦波,梯形波
附件一（训练集）.xlsx|材料2|2528,0,梯形波,梯形波,梯形波,梯形波,正弦波,梯形波
附件一（训练集）.xlsx|材料2|2529,0,梯形波,梯形波,梯形波,梯形波,梯形波,梯形波
附件一（训练集）.xlsx|材料2|253,1,正弦波,正弦波,正弦波,正弦波,正弦波,正弦波
附件一（训练集）.xlsx|材料2|2530,2,梯形波,梯形波,梯形波,梯形波,梯形波,梯形波
附件一（训练集）.xlsx|材料2|2531,4,梯形波,梯形波,梯形波,梯形波,正弦波,梯形波
附件一（训练集）.xlsx|材料2|2532,1,梯形波,梯形波,梯形波,梯形波,正弦波,梯形波
附件一（训练集）.xlsx|材料2|2533,4,梯形波,梯形波,梯形波,梯形波,正弦波,梯形波
附件一（训练集）.xlsx|材料2|2534,4,梯形波,梯形波,梯形波,梯形波,正弦波,梯形波
附件一（训练集）.xlsx|材料2|2535,0,梯形波,梯形波,梯形波,梯形波,梯形波,梯形波
附件一（训练集）.xlsx|材料2|2536,0,梯形波,梯形波,梯形波,梯形波,梯形波,梯形波
附件一（训练集）.xlsx|材料2|2537,0,梯形波,梯形波,梯形波,梯形波,梯形波,梯形波
附件一（训练集）.xlsx|材料2|2538,1,梯形波,梯形波,梯形波,梯形波,正弦波,梯形波
附件一（训练集）.xlsx|材料2|2539,3,梯形波,梯形波,梯形波,梯形波,正弦波,梯形波
附件一（训练集）.xlsx|材料2|254,1,正弦波,正弦波,正弦波,正弦波,三角波,正弦波
附件一（训练集）.xlsx|材料2|2540,4,梯形波,梯形波,梯形波,梯形波,梯形波,梯形波
附件一（训练集）.xlsx|材料2|2541,4,梯形波,梯形波,梯形波,梯形波,梯形波,梯形波
附件一（训练集）.xlsx|材料2|2542,3,梯形波,梯形波,梯形波,梯形波,梯形波,梯形波
附件一（训练集）.xlsx|材料2|2543,3,梯形波,梯形波,梯形波,梯形波,梯形波,梯形波
附件一（训练集）.xlsx|材料2|2544,1,梯形波,梯形波,梯形波,梯形波,正弦波,梯形波
附件一（训练集）.xlsx|材料2|2545,1,梯形波,梯形波,梯形波,梯形波,正弦波,梯形波
附件一（训练集）.xlsx|材料2|2546,0,梯形波,梯形波,梯形波,梯形波,正弦波,梯形波
附件一（训练集）.xlsx|材料2|2547,3,梯形波,梯形波,梯形波,梯形波,正弦波,梯形波
附件一（训练集）.xlsx|材料2|2548,0,梯形波,梯形波,梯形波,梯形波,梯形波,梯形波
附件一（训练集）.xlsx|材料2|2549,1,梯形波,梯形波,梯形波,梯形波,梯形波,梯形波
附件一（训练集）.xlsx|材料2|255,2,正弦波,正弦波,正弦波,正弦波,三角波,正弦波
附件一（训练集）.xlsx|材料2|2550,0,梯形波,梯形波,梯形波,梯形波,梯形波,梯形波
附件一（训练集）.xlsx|材料2|2551,4,梯形波,梯形波,梯形波,梯形波,梯形波,梯形波
附件一（训练集）.xlsx|材料2|2552,4,梯形波,梯形波,梯形波,梯形波,正弦波,梯形波
附件一（训练集）.xlsx|材料2|2553,4,梯形波,梯形波,梯形波,梯形波,正弦波,梯形波
附件一（训练集）.xlsx|材料2|2554,0,梯形波,梯形波,梯形波,梯形波,正弦波,梯形波
附件一（训练集）.xlsx|材料2|2555,3,梯形波,梯形波,梯形波,梯形波,正弦波,梯形波
附件一（训练集）.xlsx|材料2|2556,4,梯形波,梯形波,梯形波,梯形波,正弦波,梯形波
附件一（训练集）.xlsx|材料2|2557,3,梯形波,梯形波,梯形波,梯形波,正弦波,梯形波
附件一（训练集）.xlsx|材料2|2558,3,梯形波,梯形波,梯形波,梯形波,正弦波,梯形波
附件一（训练集）.xlsx|材料2|2559,3,梯形波,梯形波,梯形波,梯形波,梯形波,梯形波
附件一（训练集）.xlsx|材料2|256,1,正弦波,正弦波,正弦波,正弦波,三角波,正弦波
附件一（训练集）.xlsx|材料2|2560,3,梯形波,梯形波,梯形波,梯形波,梯形波,梯形波
附件一（训练集）.xlsx|材料2|2561,0,梯形波,梯形波,梯形波,梯形波,梯形波,梯形波
附件一（训练集）.xlsx|材料2|2562,0,梯形波,梯形波,梯形波,梯形波,梯形波,梯形波
附件一（训练集）.xlsx|材料2|2563,2,梯形波,梯形波,梯形波,梯形波,正弦波,梯形波
附件一（训练集）.xlsx|材料2|2564,2,梯形波,梯形波,梯形波,梯形波,正弦波,梯形波
附件一（训练集）.xlsx|材料2|2565,0,梯形波,梯形波,梯形波,梯形波,正弦波,梯形波
附件一（训练集）.xlsx|材料2|2566,0,梯形波,梯形波,梯形波,梯形波,正弦波,梯形波
附件一（训练集）.xlsx|材料2|2567,0,梯形波,梯形波,梯形波,梯形波,三角波,梯形波
附件一（训练集）.xlsx|材料2|2568,3,梯形波,梯形波,梯形波,梯形波,正弦波,梯形波
附件一（训练集）.xlsx|材料2|2569,1,梯形波,梯形波,梯形波,梯形波,梯形波,梯形波
附件一（训练集）.xlsx|材料2|257,0,正弦波,正弦波,正弦波,正弦波,三角波,正弦波
附件一（训练集）.xlsx|材料2|2570,4,梯形波,梯形波,梯形波,梯形波,正弦波,梯形波
附件一（训练集）.xlsx|材料2|2571,3,梯形波,梯形波,梯形波,梯形波,正弦波,梯形波
附件一（训练集）.xlsx|材料2|2572,0,梯形波,梯形波,梯形波,梯形波,三角波,梯形波
附件一（训练集）.xlsx|材料2|2573,2,梯形波,梯形波,梯形波,梯形波,三角波,梯形波
附件一（训练集）.xlsx|材料2|2574,0,梯形波,梯形波,梯形波,梯形波,三角波,梯形波
附件一（训练集）.xlsx|材料2|2575,0,梯形波,梯形波,梯形波,梯形波,三角波,梯形波
附件一（训练集）.xlsx|材料2|2576,0,梯形波,梯形波,梯形波,梯形波,三角波,梯形波
附件一（训练集）.xlsx|材料2|2577,0,梯形波,梯形波,梯形波,梯形波,三角波,梯形波
附件一（训练集）.xlsx|材料2|2578,1,梯形波,梯形波,梯形波,梯形波,正弦波,梯形波
附件一（训练集）.xlsx|材料2|2579,1,梯形波,梯形波,梯形波,梯形波,正弦波,梯形波
附件一（训练集）.xlsx|材料2|258,2,正弦波,正弦波,正弦波,正弦波,三角波,正弦波
附件一（训练集）.xlsx|材料2|2580,3,梯形波,梯形波,梯形波,梯形波,正弦波,梯形波
附件一（训练集）.xlsx|材料2|2581,0,梯形波,梯形波,梯形波,梯形波,三角波,梯形波
附件一（训练集）.xlsx|材料2|2582,0,梯形波,梯形波,梯形波,梯形波,三角波,梯形波
附件一（训练集）.xlsx|材料2|2583,2,梯形波,梯形波,梯形波,梯形波,三角波,梯形波
附件一（训练集）.xlsx|材料2|2584,4,梯形波,梯形波,梯形波,梯形波,三角波,梯形波
附件一（训练集）.xlsx|材料2|2585,0,梯形波,梯形波,梯形波,梯形波,三角波,梯形波
附件一（训练集）.xlsx|材料2|2586,1,梯形波,梯形波,梯形波,梯形波,三角波,梯形波
附件一（训练集）.xlsx|材料2|2587,4,梯形波,梯形波,梯形波,梯形波,三角波,梯形波
附件一（训练集）.xlsx|材料2|2588,4,梯形波,梯形波,梯形波,梯形波,三角波,梯形波
附件一（训练集）.xlsx|材料2|2589,4,梯形波,梯形波,梯形波,梯形波,三角波,梯形波
附件一（训练集）.xlsx|材料2|259,2,正弦波,正弦波,正弦波,正弦波,正弦波,正弦波
附件一（训练集）.xlsx|材料2|2590,4,梯形波,梯形波,梯形波,梯形波,三角波,梯形波
附件一（训练集）.xlsx|材料2|2591,4,梯形波,梯形波,梯形波,梯形波,三角波,梯形波
附件一（训练集）.xlsx|材料2|2592,0,梯形波,梯形波,梯形波,梯形波,三角波,梯形波
附件一（训练集）.xlsx|材料2|2593,0,梯形波,梯形波,梯形波,梯形波,三角波,梯形波
附件一（训练集）.xlsx|材料2|2594,0,梯形波,梯形波,梯形波,梯形波,三角波,梯形波
附件一（训练集）.xlsx|材料2|2595,0,梯形波,梯形波,梯形波,梯形波,正弦波,梯形波
附件一（训练集）.xlsx|材料2|2596,2,梯形波,梯形波,梯形波,梯形波,正弦波,梯形波
附件一（训练集）.xlsx|材料2|2597,2,梯形波,梯形波,梯形波,梯形波,正弦波,梯形波
附件一（训练集）.xlsx|材料2|2598,4,梯形波,梯形波,梯形波,梯形波,梯形波,梯形波
附件一（训练集）.xlsx|材料2|2599,2,梯形波,梯形波,梯形波,梯形波,梯形波,梯形波
附件一（训练集）.xlsx|材料2|26,4,正弦波,正弦波,正弦波,正弦波,正弦波,正弦波
附件一（训练集）.xlsx|材料2|260,4,正弦波,正弦波,正弦波,正弦波,三角波,正弦波
附件一（训练集）.xlsx|材料2|2600,3,梯形波,梯形波,梯形波,梯形波,正弦波,梯形波
附件一（训练集）.xlsx|材料2|2601,3,梯形波,梯形波,梯形波,梯形波,正弦波,梯形波
附件一（训练集）.xlsx|材料2|2602,1,梯形波,梯形波,梯形波,梯形波,正弦波,梯形波
附件一（训练集）.xlsx|材料2|2603,1,梯形波,梯形波,梯形波,梯形波,正弦波,梯形波
附件一（训练集）.xlsx|材料2|2604,2,梯形波,梯形波,梯形波,梯形波,梯形波,梯形波
附件一（训练集）.xlsx|材料2|2605,1,梯形波,梯形波,梯形波,梯形波,梯形波,梯形波
附件一（训练集）.xlsx|材料2|2606,3,梯形波,梯形波,梯形波,梯形波,梯形波,梯形波
附件一（训练集）.xlsx|材料2|2607,4,梯形波,梯形波,梯形波,梯形波,正弦波,梯形波
附件一（训练集）.xlsx|材料2|2608,1,梯形波,梯形波,梯形波,梯形波,正弦波,梯形波
附件一（训练集）.xlsx|材料2|2609,4,梯形波,梯形波,梯形波,梯形波,梯形波,梯形波
附件一（训练集）.xlsx|材料2|261,1,正弦波,正弦波,正弦波,正弦波,三角波,正弦波
附件一（训练集）.xlsx|材料2|2610,3,梯形波,梯形波,梯形波,梯形波,梯形波,梯形波
附件一（训练集）.xlsx|材料2|2611,3,梯形波,梯形波,梯形波,梯形波,梯形波,梯形波
附件一（训练集）.xlsx|材料2|2612,4,梯形波,梯形波,梯形波,梯形波,梯形波,梯形波
附件一（训练集）.xlsx|材料2|2613,0,梯形波,梯形波,梯形波,梯形波,正弦波,梯形波
附件一（训练集）.xlsx|材料2|2614,3,梯形波,梯形波,梯形波,梯形波,正弦波,梯形波
附件一（训练集）.xlsx|材料2|2615,2,梯形波,梯形波,梯形波,梯形波,正弦波,梯形波
附件一（训练集）.xlsx|材料2|2616,1,梯形波,梯形波,梯形波,梯形波,梯形波,梯形波
附件一（训练集）.xlsx|材料2|2617,0,梯形波,梯形波,梯形波,梯形波,梯形波,梯形波
附件一（训练集）.xlsx|材料2|2618,2,梯形波,梯形波,梯形波,梯形波,正弦波,梯形波
附件一（训练集）.xlsx|材料2|2619,0,梯形波,梯形波,梯形波,梯形波,正弦波,梯形波
附件一（训练集）.xlsx|材料2|262,1,正弦波,正弦波,正弦波,正弦波,三角波,正弦波
附件一（训练集）.xlsx|材料2|2620,0,梯形波,梯形波,梯形波,梯形波,正弦波,梯形波
附件一（训练集）.xlsx|材料2|2621,0,梯形波,梯形波,梯形波,梯形波,正弦波,梯形波
附件一（训练集）.xlsx|材料2|2622,0,梯形波,梯形波,梯形波,梯形波,梯形波,梯形波
附件一（训练集）.xlsx|材料2|2623,0,梯形波,梯形波,梯形波,梯形波,梯形波,梯形波
附件一（训练集）.xlsx|材料2|2624,3,梯形波,梯形波,梯形波,梯形波,梯形波,梯形波
附件一（训练集）.xlsx|材料2|2625,3,梯形波,梯形波,梯形波,梯形波,梯形波,梯形波
附件一（训练集）.xlsx|材料2|2626,3,梯形波,梯形波,梯形波,梯形波,梯形波,梯形波
附件一（训练集）.xlsx|材料2|2627,4,梯形波,梯形波,梯形波,梯形波,梯形波,梯形波
附件一（训练集）.xlsx|材料2|2628,0,梯形波,梯形波,梯形波,梯形波,正弦波,梯形波
附件一（训练集）.xlsx|材料2|2629,1,梯形波,梯形波,梯形波,梯形波,正弦波,梯形波
附件一（训练集）.xlsx|材料2|263,1,正弦波,正弦波,正弦波,正弦波,三角波,正弦波
附件一（训练集）.xlsx|材料2|2630,1,梯形波,梯形波,梯形波,梯形波,梯形波,梯形波
附件一（训练集）.xlsx|材料2|2631,3,梯形波,梯形波,梯形波,梯形波,梯形波,梯形波
附件一（训练集）.xlsx|材料2|2632,3,梯形波,梯形波,梯形波,梯形波,梯形波,梯形波
附件一（训练集）.xlsx|材料2|2633,0,梯形波,梯形波,梯形波,梯形波,梯形波,梯形波
附件一（训练集）.xlsx|材料2|2634,1,梯形波,梯形波,梯形波,梯形波,正弦波,梯形波
附件一（训练集）.xlsx|材料2|2635,3,梯形波,梯形波,梯形波,梯形波,正弦波,梯形波
附件一（训练集）.xlsx|材料2|2636,1,梯形波,梯形波,梯形波,梯形波,三角波,梯形波
附件一（训练集）.xlsx|材料2|2637,2,梯形波,梯形波,梯形波,梯形波,三角波,梯形波
附件一（训练集）.xlsx|材料2|2638,4,梯形波,梯形波,梯形波,梯形波,梯形波,梯形波
附件一（训练集）.xlsx|材料2|2639,4,梯形波,梯形波,梯形波,梯形波,正弦波,梯形波
附件一（训练集）.xlsx|材料2|264,0,正弦波,正弦波,正弦波,正弦波,三角波,正弦波
附件一（训练集）.xlsx|材料2|2640,3,梯形波,梯形波,梯形波,梯形波,正弦波,梯形波
附件一（训练集）.xlsx|材料2|2641,1,梯形波,梯形波,梯形波,梯形波,三角波,梯形波
附件一（训练集）.xlsx|材料2|2642,4,梯形波,梯形波,梯形波,梯形波,三角波,梯形波
附件一（训练集）.xlsx|材料2|2643,1,梯形波,梯形波,梯形波,梯形波,三角波,梯形波
附件一（训练集）.xlsx|材料2|2644,4,梯形波,梯形波,梯形波,梯形波,三角波,梯形波
附件一（训练集）.xlsx|材料2|2645,4,梯形波,梯形波,梯形波,梯形波,三角波,梯形波
附件一（训练集）.xlsx|材料2|2646,0,梯形波,梯形波,梯形波,梯形波,三角波,梯形波
附件一（训练集）.xlsx|材料2|2647,2,梯形波,梯形波,梯形波,梯形波,三角波,梯形波
附件一（训练集）.xlsx|材料2|2648,3,梯形波,梯形波,梯形波,梯形波,正弦波,梯形波
附件一（训练集）.xlsx|材料2|2649,2,梯形波,梯形波,梯形波,梯形波,正弦波,梯形波
附件一（训练集）.xlsx|材料2|265,0,正弦波,正弦波,正弦波,正弦波,三角波,正弦波
附件一（训练集）.xlsx|材料2|2650,3,梯形波,梯形波,梯形波,梯形波,正弦波,梯形波
附件一（训练集）.xlsx|材料2|2651,2,梯形波,梯形波,梯形波,梯形波,三角波,梯形波
附件一（训练集）.xlsx|材料2|2652,2,梯形波,梯形波,梯形波,梯形波,三角波,梯形波
附件一（训练集）.xlsx|材料2|2653,2,梯形波,梯形波,梯形波,梯形波,三角波,梯形波
附件一（训练集）.xlsx|材料2|2654,3,梯形波,梯形波,梯形波,梯形波,三角波,梯形波
附件一（训练集）.xlsx|材料2|2655,2,梯形波,梯形波,梯形波,梯形波,正弦波,梯形波
附件一（训练集）.xlsx|材料2|2656,2,梯形波,梯形波,梯形波,梯形波,三角波,梯形波
附件一（训练集）.xlsx|材料2|2657,4,梯形波,梯形波,梯形波,梯形波,三角波,梯形波
附件一（训练集）.xlsx|材料2|2658,4,梯形波,梯形波,梯形波,梯形波,三角波,梯形波
附件一（训练集）.xlsx|材料2|2659,0,梯形波,梯形波,梯形波,梯形波,三角波,梯形波
附件一（训练集）.xlsx|材料2|266,1,正弦波,正弦波,正弦波,正弦波,三角波,正弦波
附件一（训练集）.xlsx|材料2|2660,4,梯形波,梯形波,梯形波,梯形波,三角波,梯形波
附件一（训练集）.xlsx|材料2|2661,4,梯形波,梯形波,梯形波,梯形波,三角波,梯形波
附件一（训练集）.xlsx|材料2|2662,4,梯形波,梯形波,梯形波,梯形波,三角波,梯形波
附件一（训练集）.xlsx|材料2|2663,0,梯形波,梯形波,梯形波,梯形波,三角波,梯形波
附件一（训练集）.xlsx|材料2|2664,3,梯形波,梯形波,梯形波,梯形波,三角波,梯形波
附件一（训练集）.xlsx|材料2|2665,2,梯形波,梯形波,梯形波,梯形波,三角波,梯形波
附件一（训练集）.xlsx|材料2|2666,4,梯形波,梯形波,梯形波,梯形波,三角波,梯形波
附件一（训练集）.xlsx|材料2|2667,4,梯形波,梯形波,梯形波,梯形波,三角波,梯形波
附件一（训练集）.xlsx|材料2|2668,4,梯形波,梯形波,梯形波,梯形波,三角波,梯形波
附件一（训练集）.xlsx|材料2|2669,4,梯形波,梯形波,梯形波,梯形波,三角波,梯形波
附件一（训练集）.xlsx|材料2|267,1,正弦波,正弦波,正弦波,正弦波,三角波,正弦波
附件一（训练集）.xlsx|材料2|2670,1,梯形波,梯形波,梯形波,梯形波,三角波,梯形波
附件一（训练集）.xlsx|材料2|2671,0,梯形波,梯形波,梯形波,梯形波,三角波,梯形波
附件一（训练集）.xlsx|材料2|2672,3,梯形波,梯形波,梯形波,梯形波,正弦波,梯形波
附件一（训练集）.xlsx|材料2|2673,0,梯形波,梯形波,梯形波,梯形波,正弦波,梯形波
附件一（训练集）.xlsx|材料2|2674,2,梯形波,梯形波,梯形波,梯形波,正弦波,梯形波
附件一（训练集）.xlsx|材料2|2675,0,梯形波,梯形波,梯形波,梯形波,梯形波,梯形波
附件一（训练集）.xlsx|材料2|2676,2,梯形波,梯形波,梯形波,梯形波,梯形波,梯形波
附件一（训练集）.xlsx|材料2|2677,2,梯形波,梯形波,梯形波,梯形波,正弦波,梯形波
附件一（训练集）.xlsx|材料2|2678,2,梯形波,梯形波,梯形波,梯形波,正弦波,梯形波
附件一（训练集）.xlsx|材料2|2679,2,梯形波,梯形波,梯形波,梯形波,正弦波,梯形波
附件一（训练集）.xlsx|材料2|268,1,正弦波,正弦波,正弦波,正弦波,三角波,正弦波
附件一（训练集）.xlsx|材料2|2680,2,梯形波,梯形波,梯形波,梯形波,正弦波,梯形波
附件一（训练集）.xlsx|材料2|2681,2,梯形波,梯形波,梯形波,梯形波,梯形波,梯形波
附件一（训练集）.xlsx|材料2|2682,2,梯形波,梯形波,梯形波,梯形波,梯形波,梯形波
附件一（训练集）.xlsx|材料2|2683,2,梯形波,梯形波,梯形波,梯形波,梯形波,梯形波
附件一（训练集）.xlsx|材料2|2684,3,梯形波,梯形波,梯形波,梯形波,正弦波,梯形波
附件一（训练集）.xlsx|材料2|2685,1,梯形波,梯形波,梯形波,梯形波,正弦波,梯形波
附件一（训练集）.xlsx|材料2|2686,1,梯形波,梯形波,梯形波,梯形波,梯形波,梯形波
附件一（训练集）.xlsx|材料2|2687,3,梯形波,梯形波,梯形波,梯形波,梯形波,梯形波
附件一（训练集）.xlsx|材料2|2688,3,梯形波,梯形波,梯形波,梯形波,梯形波,梯形波
附件一（训练集）.xlsx|材料2|2689,3,梯形波,梯形波,梯形波,梯形波,梯形波,梯形波
附件一（训练集）.xlsx|材料2|269,4,正弦波,正弦波,正弦波,正弦波,三角波,正弦波
附件一（训练集）.xlsx|材料2|2690,2,梯形波,梯形波,梯形波,梯形波,正弦波,梯形波
附件一（训练集）.xlsx|材料2|2691,0,梯形波,梯形波,梯形波,梯形波,正弦波,梯形波
附件一（训练集）.xlsx|材料2|2692,2,梯形波,梯形波,梯形波,梯形波,正弦波,梯形波
附件一（训练集）.xlsx|材料2|2693,2,梯形波,梯形波,梯形波,梯形波,正弦波,梯形波
附件一（训练集）.xlsx|材料2|2694,2,梯形波,梯形波,梯形波,梯形波,梯形波,梯形波
附件一（训练集）.xlsx|材料2|2695,2,梯形波,梯形波,梯形波,梯形波,梯形波,梯形波
附件一（训练集）.xlsx|材料2|2696,3,梯形波,梯形波,梯形波,梯形波,正弦波,梯形波
附件一（训练集）.xlsx|材料2|2697,0,梯形波,梯形波,梯形波,梯形波,正弦波,梯形波
附件一（训练集）.xlsx|材料2|2698,2,梯形波,梯形波,梯形波,梯形波,正弦波,梯形波
附件一（训练集）.xlsx|材料2|2699,3,梯形波,梯形波,梯形波,梯形波,正弦波,梯形波
附件一（训练集）.xlsx|材料2|27,4,正弦波,正弦波,正弦波,正弦波,正弦波,正弦波
附件一（训练集）.xlsx|材料2|270,0,正弦波,正弦波,正弦波,正弦波,三角波,正弦波
附件一（训练集）.xlsx|材料2|2700,2,梯形波,梯形波,梯形波,梯形波,梯形波,梯形波
附件一（训练集）.xlsx|材料2|2701,0,梯形波,梯形波,梯形波,梯形波,梯形波,梯形波
附件一（训练集）.xlsx|材料2|2702,0,梯形波,梯形波,梯形波,梯形波,梯形波,梯形波
附件一（训练集）.xlsx|材料2|2703,2,梯形波,梯形波,梯形波,梯形波,梯形波,梯形波
附件一（训练集）.xlsx|材料2|2704,0,梯形波,梯形波,梯形波,梯形波,梯形波,梯形波
附件一（训练集）.xlsx|材料2|2705,1,梯形波,梯形波,梯形波,梯形波,正弦波,梯形波
附件一（训练集）.xlsx|材料2|2706,1,梯形波,梯形波,梯形波,梯形波,梯形波,梯形波
附件一（训练集）.xlsx|材料2|2707,1,梯形波,梯形波,梯形波,梯形波,梯形波,梯形波
附件一（训练集）.xlsx|材料2|2708,4,梯形波,梯形波,梯形波,梯形波,梯形波,梯形波
附件一（训练集）.xlsx|材料2|2709,0,梯形波,梯形波,梯形波,梯形波,梯形波,梯形波
附件一（训练集）.xlsx|材料2|271,2,正弦波,正弦波,正弦波,正弦波,三角波,正弦波
附件一（训练集）.xlsx|材料2|2710,0,梯形波,梯形波,梯形波,梯形波,梯形波,梯形波
附件一（训练集）.xlsx|材料2|2711,0,梯形波,梯形波,梯形波,梯形波,梯形波,梯形波
附件一（训练集）.xlsx|材料2|2712,0,梯形波,梯形波,梯形波,梯形波,梯形波,梯形波
附件一（训练集）.xlsx|材料2|2713,0,梯形波,梯形波,梯形波,梯形波,正弦波,梯形波
附件一（训练集）.xlsx|材料2|2714,0,梯形波,梯形波,梯形波,梯形波,正弦波,梯形波
附件一（训练集）.xlsx|材料2|2715,2,梯形波,梯形波,梯形波,梯形波,正弦波,梯形波
附件一（训练集）.xlsx|材料2|2716,2,梯形波,梯形波,梯形波,梯形波,正弦波,梯形波
附件一（训练集）.xlsx|材料2|2717,0,梯形波,梯形波,梯形波,梯形波,三角波,梯形波
附件一（训练集）.xlsx|材料2|2718,3,梯形波,梯形波,梯形波,梯形波,三角波,梯形波
附件一（训练集）.xlsx|材料2|2719,4,梯形波,梯形波,梯形波,梯形波,梯形波,梯形波
附件一（训练集）.xlsx|材料2|272,0,正弦波,正弦波,正弦波,正弦波,正弦波,正弦波
附件一（训练集）.xlsx|材料2|2720,2,梯形波,梯形波,梯形波,梯形波,三角波,梯形波
附件一（训练集）.xlsx|材料2|2721,2,梯形波,梯形波,梯形波,梯形波,三角波,梯形波
附件一（训练集）.xlsx|材料2|2722,3,梯形波,梯形波,梯形波,梯形波,梯形波,梯形波
附件一（训练集）.xlsx|材料2|2723,1,梯形波,梯形波,梯形波,梯形波,正弦波,梯形波
附件一（训练集）.xlsx|材料2|2724,3,梯形波,梯形波,梯形波,梯形波,正弦波,梯形波
附件一（训练集）.xlsx|材料2|2725,4,梯形波,梯形波,梯形波,梯形波,三角波,梯形波
附件一（训练集）.xlsx|材料2|2726,0,梯形波,梯形波,梯形波,梯形波,三角波,梯形波
附件一（训练集）.xlsx|材料2|2727,3,梯形波,梯形波,梯形波,梯形波,三角波,梯形波
附件一（训练集）.xlsx|材料2|2728,0,梯形波,梯形波,梯形波,梯形波,三角波,梯形波
附件一（训练集）.xlsx|材料2|2729,1,梯形波,梯形波,梯形波,梯形波,三角波,梯形波
附件一（训练集）.xlsx|材料2|273,0,正弦波,正弦波,正弦波,正弦波,正弦波,正弦波
附件一（训练集）.xlsx|材料2|2730,3,梯形波,梯形波,梯形波,梯形波,三角波,梯形波
附件一（训练集）.xlsx|材料2|2731,2,梯形波,梯形波,梯形波,梯形波,正弦波,梯形波
附件一（训练集）.xlsx|材料2|2732,4,梯形波,梯形波,梯形波,梯形波,三角波,梯形波
附件一（训练集）.xlsx|材料2|2733,3,梯形波,梯形波,梯形波,梯形波,三角波,梯形波
附件一（训练集）.xlsx|材料2|2734,1,梯形波,梯形波,梯形波,梯形波,三角波,梯形波
附件一（训练集）.xlsx|材料2|2735,4,梯形波,梯形波,梯形波,梯形波,三角波,梯形波
附件一（训练集）.xlsx|材料2|2736,1,梯形波,梯形波,梯形波,梯形波,三角波,梯形波
附件一（训练集）.xlsx|材料2|2737,2,梯形波,梯形波,梯形波,梯形波,三角波,梯形波
附件一（训练集）.xlsx|材料2|2738,3,梯形波,梯形波,梯形波,梯形波,三角波,梯形波
附件一（训练集）.xlsx|材料2|2739,2,梯形波,梯形波,梯形波,梯形波,三角波,梯形波
附件一（训练集）.xlsx|材料2|274,1,正弦波,正弦波,正弦波,正弦波,正弦波,正弦波
附件一（训练集）.xlsx|材料2|2740,3,梯形波,梯形波,梯形波,梯形波,三角波,梯形波
附件一（训练集）.xlsx|材料2|2741,1,梯形波,梯形波,梯形波,梯形波,三角波,梯形波
附件一（训练集）.xlsx|材料2|2742,1,梯形波,梯形波,梯形波,梯形波,三角波,梯形波
附件一（训练集）.xlsx|材料2|2743,1,梯形波,梯形波,梯形波,梯形波,三角波,梯形波
附件一（训练集）.xlsx|材料2|2744,3,梯形波,梯形波,梯形波,梯形波,三角波,梯形波
附件一（训练集）.xlsx|材料2|2745,3,梯形波,梯形波,梯形波,梯形波,三角波,梯形波
附件一（训练集）.xlsx|材料2|2746,1,梯形波,梯形波,梯形波,梯形波,三角波,梯形波
附件一（训练集）.xlsx|材料2|2747,3,梯形波,梯形波,梯形波,梯形波,三角波,梯形波
附件一（训练集）.xlsx|材料2|2748,1,梯形波,梯形波,梯形波,梯形波,三角波,梯形波
附件一（训练集）.xlsx|材料2|2749,3,梯形波,梯形波,梯形波,梯形波,三角波,梯形波
附件一（训练集）.xlsx|材料2|275,0,正弦波,正弦波,正弦波,正弦波,正弦波,正弦波
附件一（训练集）.xlsx|材料2|2750,4,梯形波,梯形波,梯形波,梯形波,三角波,梯形波
附件一（训练集）.xlsx|材料2|2751,2,梯形波,梯形波,梯形波,梯形波,正弦波,梯形波
附件一（训练集）.xlsx|材料2|2752,3,梯形波,梯形波,梯形波,梯形波,正弦波,梯形波
附件一（训练集）.xlsx|材料2|2753,2,梯形波,梯形波,梯形波,梯形波,梯形波,梯形波
附件一（训练集）.xlsx|材料2|2754,4,梯形波,梯形波,梯形波,梯形波,梯形波,梯形波
附件一（训练集）.xlsx|材料2|2755,4,梯形波,梯形波,梯形波,梯形波,正弦波,梯形波
附件一（训练集）.xlsx|材料2|2756,2,梯形波,梯形波,梯形波,梯形波,正弦波,梯形波
附件一（训练集）.xlsx|材料2|2757,4,梯形波,梯形波,梯形波,梯形波,梯形波,梯形波
附件一（训练集）.xlsx|材料2|2758,3,三角波,三角波,三角波,三角波,正弦波,三角波
附件一（训练集）.xlsx|材料2|2759,3,三角波,三角波,三角波,三角波,三角波,三角波
附件一（训练集）.xlsx|材料2|276,3,正弦波,正弦波,正弦波,正弦波,正弦波,正弦波
附件一（训练集）.xlsx|材料2|2760,4,三角波,三角波,三角波,三角波,三角波,三角波
附件一（训练集）.xlsx|材料2|2761,1,三角波,三角波,三角波,三角波,三角波,三角波
附件一（训练集）.xlsx|材料2|2762,1,三角波,三角波,三角波,三角波,三角波,三角波
附件一（训练集）.xlsx|材料2|2763,1,三角波,三角波,三角波,三角波,三角波,三角波
附件一（训练集）.xlsx|材料2|2764,3,三角波,三角波,三角波,三角波,三角波,三角波
附件一（训练集）.xlsx|材料2|2765,3,三角波,三角波,三角波,三角波,三角波,三角波
附件一（训练集）.xlsx|材料2|2766,1,三角波,三角波,三角波,三角波,三角波,三角波
附件一（训练集）.xlsx|材料2|2767,3,三角波,三角波,三角波,三角波,三角波,三角波
附件一（训练集）.xlsx|材料2|2768,2,三角波,三角波,三角波,三角波,三角波,三角波
附件一（训练集）.xlsx|材料2|2769,3,三角波,三角波,三角波,三角波,三角波,三角波
附件一（训练集）.xlsx|材料2|277,0,正弦波,正弦波,正弦波,正弦波,正弦波,正弦波
附件一（训练集）.xlsx|材料2|2770,1,三角波,三角波,三角波,三角波,三角波,三角波
附件一（训练集）.xlsx|材料2|2771,4,三角波,三角波,三角波,三角波,三角波,三角波
附件一（训练集）.xlsx|材料2|2772,4,三角波,三角波,三角波,三角波,三角波,三角波
附件一（训练集）.xlsx|材料2|2773,4,三角波,三角波,三角波,三角波,三角波,三角波
附件一（训练集）.xlsx|材料2|2774,1,三角波,三角波,三角波,三角波,三角波,三角波
附件一（训练集）.xlsx|材料2|2775,1,梯形波,梯形波,梯形波,梯形波,正弦波,梯形波
附件一（训练集）.xlsx|材料2|2776,2,梯形波,梯形波,梯形波,梯形波,正弦波,梯形波
附件一（训练集）.xlsx|材料2|2777,4,梯形波,梯形波,梯形波,梯形波,梯形波,梯形波
附件一（训练集）.xlsx|材料2|2778,0,梯形波,梯形波,梯形波,梯形波,梯形波,梯形波
附件一（训练集）.xlsx|材料2|2779,3,梯形波,梯形波,梯形波,梯形波,梯形波,梯形波
附件一（训练集）.xlsx|材料2|278,1,正弦波,正弦波,正弦波,正弦波,梯形波,正弦波
附件一（训练集）.xlsx|材料2|2780,3,梯形波,梯形波,梯形波,梯形波,梯形波,梯形波
附件一（训练集）.xlsx|材料2|2781,4,梯形波,梯形波,梯形波,梯形波,正弦波,梯形波
附件一（训练集）.xlsx|材料2|2782,4,梯形波,梯形波,梯形波,梯形波,正弦波,梯形波
附件一（训练集）.xlsx|材料2|2783,4,梯形波,梯形波,梯形波,梯形波,正弦波,梯形波
附件一（训练集）.xlsx|材料2|2784,4,梯形波,梯形波,梯形波,梯形波,正弦波,梯形波
附件一（训练集）.xlsx|材料2|2785,4,梯形波,梯形波,梯形波,梯形波,梯形波,梯形波
附件一（训练集）.xlsx|材料2|2786,0,梯形波,梯形波,梯形波,梯形波,梯形波,梯形波
附件一（训练集）.xlsx|材料2|2787,4,梯形波,梯形波,梯形波,梯形波,梯形波,梯形波
附件一（训练集）.xlsx|材料2|2788,1,梯形波,梯形波,梯形波,梯形波,正弦波,梯形波
附件一（训练集）.xlsx|材料2|2789,1,梯形波,梯形波,梯形波,梯形波,正弦波,梯形波
附件一（训练集）.xlsx|材料2|279,1,正弦波,正弦波,正弦波,正弦波,梯形波,正弦波
附件一（训练集）.xlsx|材料2|2790,1,梯形波,梯形波,梯形波,梯形波,正弦波,梯形波
附件一（训练集）.xlsx|材料2|2791,4,梯形波,梯形波,梯形波,梯形波,梯形波,梯形波
附件一（训练集）.xlsx|材料2|2792,3,梯形波,梯形波,梯形波,梯形波,梯形波,梯形波
附件一（训练集）.xlsx|材料2|2793,3,梯形波,梯形波,梯形波,梯形波,梯形波,梯形波
附件一（训练集）.xlsx|材料2|2794,3,梯形波,梯形波,梯形波,梯形波,梯形波,梯形波
附件一（训练集）.xlsx|材料2|2795,1,梯形波,梯形波,梯形波,梯形波,正弦波,梯形波
附件一（训练集）.xlsx|材料2|2796,1,梯形波,梯形波,梯形波,梯形波,正弦波,梯形波
附件一（训练集）.xlsx|材料2|2797,0,梯形波,梯形波,梯形波,梯形波,正弦波,梯形波
附件一（训练集）.xlsx|材料2|2798,0,梯形波,梯形波,梯形波,梯形波,正弦波,梯形波
附件一（训练集）.xlsx|材料2|2799,4,梯形波,梯形波,梯形波,梯形波,梯形波,梯形波
附件一（训练集）.xlsx|材料2|28,2,正弦波,正弦波,正弦波,正弦波,正弦波,正弦波
附件一（训练集）.xlsx|材料2|280,1,正弦波,正弦波,正弦波,正弦波,正弦波,正弦波
附件一（训练集）.xlsx|材料2|2800,0,梯形波,梯形波,梯形波,梯形波,梯形波,梯形波
附件一（训练集）.xlsx|材料2|2801,4,梯形波,梯形波,梯形波,梯形波,梯形波,梯形波
附件一（训练集）.xlsx|材料2|2802,1,梯形波,梯形波,梯形波,梯形波,正弦波,梯形波
附件一（训练集）.xlsx|材料2|2803,4,梯形波,梯形波,梯形波,梯形波,正弦波,梯形波
附件一（训练集）.xlsx|材料2|2804,1,梯形波,梯形波,梯形波,梯形波,正弦波,梯形波
附件一（训练集）.xlsx|材料2|2805,1,梯形波,梯形波,梯形波,梯形波,正弦波,梯形波
附件一（训练集）.xlsx|材料2|2806,4,梯形波,梯形波,梯形波,梯形波,梯形波,梯形波
附件一（训练集）.xlsx|材料2|2807,3,梯形波,梯形波,梯形波,梯形波,梯形波,梯形波
附件一（训练集）.xlsx|材料2|2808,3,梯形波,梯形波,梯形波,梯形波,梯形波,梯形波
附件一（训练集）.xlsx|材料2|2809,1,梯形波,梯形波,梯形波,梯形波,梯形波,梯形波
附件一（训练集）.xlsx|材料2|281,4,正弦波,正弦波,正弦波,正弦波,正弦波,正弦波
附件一（训练集）.xlsx|材料2|2810,2,梯形波,梯形波,梯形波,梯形波,正弦波,梯形波
附件一（训练集）.xlsx|材料2|2811,2,梯形波,梯形波,梯形波,梯形波,正弦波,梯形波
附件一（训练集）.xlsx|材料2|2812,2,梯形波,梯形波,梯形波,梯形波,正弦波,梯形波
附件一（训练集）.xlsx|材料2|2813,0,梯形波,梯形波,梯形波,梯形波,正弦波,梯形波
附件一（训练集）.xlsx|材料2|2814,2,梯形波,梯形波,梯形波,梯形波,正弦波,梯形波
附件一（训练集）.xlsx|材料2|2815,2,梯形波,梯形波,梯形波,梯形波,三角波,梯形波
附件一（训练集）.xlsx|材料2|2816,2,梯形波,梯形波,梯形波,梯形波,三角波,梯形波
附件一（训练集）.xlsx|材料2|2817,0,梯形波,梯形波,梯形波,梯形波,三角波,梯形波
附件一（训练集）.xlsx|材料2|2818,2,梯形波,梯形波,梯形波,梯形波,梯形波,梯形波
附件一（训练集）.xlsx|材料2|2819,4,梯形波,梯形波,梯形波,梯形波,正弦波,梯形波
附件一（训练集）.xlsx|材料2|282,4,正弦波,正弦波,正弦波,正弦波,正弦波,正弦波
附件一（训练集）.xlsx|材料2|2820,2,梯形波,梯形波,梯形波,梯形波,正弦波,梯形波
附件一（训练集）.xlsx|材料2|2821,2,梯形波,梯形波,梯形波,梯形波,正弦波,梯形波
附件一（训练集）.xlsx|材料2|2822,3,梯形波,梯形波,梯形波,梯形波,正弦波,梯形波
附件一（训练集）.xlsx|材料2|2823,1,梯形波,梯形波,梯形波,梯形波,三角波,梯形波
附件一（训练集）.xlsx|材料2|2824,0,梯形波,梯形波,梯形波,梯形波,三角波,梯形波
附件一（训练集）.xlsx|材料2|2825,0,梯形波,梯形波,梯形波,梯形波,三角波,梯形波
附件一（训练集）.xlsx|材料2|2826,1,梯形波,梯形波,梯形波,梯形波,三角波,梯形波
附件一（训练集）.xlsx|材料2|2827,4,梯形波,梯形波,梯形波,梯形波,三角波,梯形波
附件一（训练集）.xlsx|材料2|2828,4,梯形波,梯形波,梯形波,梯形波,正弦波,梯形波
附件一（训练集）.xlsx|材料2|2829,4,梯形波,梯形波,梯形波,梯形波,正弦波,梯形波
附件一（训练集）.xlsx|材料2|283,0,正弦波,正弦波,正弦波,正弦波,正弦波,正弦波
附件一（训练集）.xlsx|材料2|2830,1,梯形波,梯形波,梯形波,梯形波,正弦波,梯形波
附件一（训练集）.xlsx|材料2|2831,0,梯形波,梯形波,梯形波,梯形波,三角波,梯形波
附件一（训练集）.xlsx|材料2|2832,3,梯形波,梯形波,梯形波,梯形波,三角波,梯形波
附件一（训练集）.xlsx|材料2|2833,3,梯形波,梯形波,梯形波,梯形波,三角波,梯形波
附件一（训练集）.xlsx|材料2|2834,2,梯形波,梯形波,梯形波,梯形波,三角波,梯形波
附件一（训练集）.xlsx|材料2|2835,2,梯形波,梯形波,梯形波,梯形波,三角波,梯形波
附件一（训练集）.xlsx|材料2|2836,1,梯形波,梯形波,梯形波,梯形波,正弦波,梯形波
附件一（训练集）.xlsx|材料2|2837,4,梯形波,梯形波,梯形波,梯形波,三角波,梯形波
附件一（训练集）.xlsx|材料2|2838,1,梯形波,梯形波,梯形波,梯形波,三角波,梯形波
附件一（训练集）.xlsx|材料2|2839,4,梯形波,梯形波,梯形波,梯形波,三角波,梯形波
附件一（训练集）.xlsx|材料2|284,4,正弦波,正弦波,正弦波,正弦波,正弦波,正弦波
附件一（训练集）.xlsx|材料2|2840,3,梯形波,梯形波,梯形波,梯形波,三角波,梯形波
附件一（训练集）.xlsx|材料2|2841,0,梯形波,梯形波,梯形波,梯形波,三角波,梯形波
附件一（训练集）.xlsx|材料2|2842,2,梯形波,梯形波,梯形波,梯形波,正弦波,梯形波
附件一（训练集）.xlsx|材料2|2843,2,梯形波,梯形波,梯形波,梯形波,正弦波,梯形波
附件一（训练集）.xlsx|材料2|2844,3,梯形波,梯形波,梯形波,梯形波,梯形波,梯形波
附件一（训练集）.xlsx|材料2|2845,2,梯形波,梯形波,梯形波,梯形波,正弦波,梯形波
附件一（训练集）.xlsx|材料2|2846,3,梯形波,梯形波,梯形波,梯形波,正弦波,梯形波
附件一（训练集）.xlsx|材料2|2847,3,梯形波,梯形波,梯形波,梯形波,正弦波,梯形波
附件一（训练集）.xlsx|材料2|2848,0,梯形波,梯形波,梯形波,梯形波,正弦波,梯形波
附件一（训练集）.xlsx|材料2|2849,3,梯形波,梯形波,梯形波,梯形波,梯形波,梯形波
附件一（训练集）.xlsx|材料2|285,3,正弦波,正弦波,正弦波,正弦波,正弦波,正弦波
附件一（训练集）.xlsx|材料2|2850,3,梯形波,梯形波,梯形波,梯形波,梯形波,梯形波
附件一（训练集）.xlsx|材料2|2851,1,梯形波,梯形波,梯形波,梯形波,正弦波,梯形波
附件一（训练集）.xlsx|材料2|2852,4,梯形波,梯形波,梯形波,梯形波,正弦波,梯形波
附件一（训练集）.xlsx|材料2|2853,0,梯形波,梯形波,梯形波,梯形波,正弦波,梯形波
附件一（训练集）.xlsx|材料2|2854,4,梯形波,梯形波,梯形波,梯形波,梯形波,梯形波
附件一（训练集）.xlsx|材料2|2855,3,梯形波,梯形波,梯形波,梯形波,梯形波,梯形波
附件一（训练集）.xlsx|材料2|2856,2,梯形波,梯形波,梯形波,梯形波,梯形波,梯形波
附件一（训练集）.xlsx|材料2|2857,0,梯形波,梯形波,梯形波,梯形波,正弦波,梯形波
附件一（训练集）.xlsx|材料2|2858,1,梯形波,梯形波,梯形波,梯形波,正弦波,梯形波
附件一（训练集）.xlsx|材料2|2859,4,梯形波,梯形波,梯形波,梯形波,正弦波,梯形波
附件一（训练集）.xlsx|材料2|286,3,正弦波,正弦波,正弦波,正弦波,梯形波,正弦波
附件一（训练集）.xlsx|材料2|2860,0,梯形波,梯形波,梯形波,梯形波,梯形波,梯形波
附件一（训练集）.xlsx|材料2|2861,0,梯形波,梯形波,梯形波,梯形波,梯形波,梯形波
附件一（训练集）.xlsx|材料2|2862,3,梯形波,梯形波,梯形波,梯形波,梯形波,梯形波
附件一（训练集）.xlsx|材料2|2863,0,梯形波,梯形波,梯形波,梯形波,正弦波,梯形波
附件一（训练集）.xlsx|材料2|2864,3,梯形波,梯形波,梯形波,梯形波,正弦波,梯形波
附件一（训练集）.xlsx|材料2|2865,0,梯形波,梯形波,梯形波,梯形波,正弦波,梯形波
附件一（训练集）.xlsx|材料2|2866,3,梯形波,梯形波,梯形波,梯形波,正弦波,梯形波
附件一（训练集）.xlsx|材料2|2867,3,梯形波,梯形波,梯形波,梯形波,梯形波,梯形波
附件一（训练集）.xlsx|材料2|2868,2,梯形波,梯形波,梯形波,梯形波,梯形波,梯形波
附件一（训练集）.xlsx|材料2|2869,1,梯形波,梯形波,梯形波,梯形波,梯形波,梯形波
附件一（训练集）.xlsx|材料2|287,3,正弦波,正弦波,正弦波,正弦波,梯形波,正弦波
附件一（训练集）.xlsx|材料2|2870,1,梯形波,梯形波,梯形波,梯形波,正弦波,梯形波
附件一（训练集）.xlsx|材料2|2871,3,梯形波,梯形波,梯形波,梯形波,正弦波,梯形波
附件一（训练集）.xlsx|材料2|2872,3,梯形波,梯形波,梯形波,梯形波,梯形波,梯形波
附件一（训练集）.xlsx|材料2|2873,0,梯形波,梯形波,梯形波,梯形波,梯形波,梯形波
附件一（训练集）.xlsx|材料2|2874,2,梯形波,梯形波,梯形波,梯形波,梯形波,梯形波
附件一（训练集）.xlsx|材料2|2875,3,梯形波,梯形波,梯形波,梯形波,梯形波,梯形波
附件一（训练集）.xlsx|材料2|2876,0,梯形波,梯形波,梯形波,梯形波,梯形波,梯形波
附件一（训练集）.xlsx|材料2|2877,3,梯形波,梯形波,梯形波,梯形波,正弦波,梯形波
附件一（训练集）.xlsx|材料2|2878,4,梯形波,梯形波,梯形波,梯形波,正弦波,梯形波
附件一（训练集）.xlsx|材料2|2879,1,梯形波,梯形波,梯形波,梯形波,三角波,梯形波
附件一（训练集）.xlsx|材料2|288,4,正弦波,正弦波,正弦波,正弦波,梯形波,正弦波
附件一（训练集）.xlsx|材料2|2880,1,梯形波,梯形波,梯形波,梯形波,三角波,梯形波
附件一（训练集）.xlsx|材料2|2881,0,梯形波,梯形波,梯形波,梯形波,三角波,梯形波
附件一（训练集）.xlsx|材料2|2882,0,梯形波,梯形波,梯形波,梯形波,三角波,梯形波
附件一（训练集）.xlsx|材料2|2883,0,梯形波,梯形波,梯形波,梯形波,三角波,梯形波
附件一（训练集）.xlsx|材料2|2884,2,梯形波,梯形波,梯形波,梯形波,正弦波,梯形波
附件一（训练集）.xlsx|材料2|2885,1,梯形波,梯形波,梯形波,梯形波,正弦波,梯形波
附件一（训练集）.xlsx|材料2|2886,2,梯形波,梯形波,梯形波,梯形波,正弦波,梯形波
附件一（训练集）.xlsx|材料2|2887,0,梯形波,梯形波,梯形波,梯形波,三角波,梯形波
附件一（训练集）.xlsx|材料2|2888,1,梯形波,梯形波,梯形波,梯形波,三角波,梯形波
附件一（训练集）.xlsx|材料2|2889,0,梯形波,梯形波,梯形波,梯形波,三角波,梯形波
附件一（训练集）.xlsx|材料2|289,3,正弦波,正弦波,正弦波,正弦波,正弦波,正弦波
附件一（训练集）.xlsx|材料2|2890,3,梯形波,梯形波,梯形波,梯形波,三角波,梯形波
附件一（训练集）.xlsx|材料2|2891,0,梯形波,梯形波,梯形波,梯形波,三角波,梯形波
附件一（训练集）.xlsx|材料2|2892,0,梯形波,梯形波,梯形波,梯形波,三角波,梯形波
附件一（训练集）.xlsx|材料2|2893,2,梯形波,梯形波,梯形波,梯形波,三角波,梯形波
附件一（训练集）.xlsx|材料2|2894,1,梯形波,梯形波,梯形波,梯形波,正弦波,梯形波
附件一（训练集）.xlsx|材料2|2895,2,梯形波,梯形波,梯形波,梯形波,正弦波,梯形波
附件一（训练集）.xlsx|材料2|2896,0,梯形波,梯形波,梯形波,梯形波,三角波,梯形波
附件一（训练集）.xlsx|材料2|2897,0,梯形波,梯形波,梯形波,梯形波,三角波,梯形波
附件一（训练集）.xlsx|材料2|2898,0,梯形波,梯形波,梯形波,梯形波,三角波,梯形波
附件一（训练集）.xlsx|材料2|2899,0,梯形波,梯形波,梯形波,梯形波,三角波,梯形波
附件一（训练集）.xlsx|材料2|29,2,正弦波,正弦波,正弦波,正弦波,正弦波,正弦波
附件一（训练集）.xlsx|材料2|290,3,正弦波,正弦波,正弦波,正弦波,正弦波,正弦波
附件一（训练集）.xlsx|材料2|2900,0,梯形波,梯形波,梯形波,梯形波,三角波,梯形波
附件一（训练集）.xlsx|材料2|2901,1,梯形波,梯形波,梯形波,梯形波,三角波,梯形波
附件一（训练集）.xlsx|材料2|2902,2,梯形波,梯形波,梯形波,梯形波,三角波,梯形波
附件一（训练集）.xlsx|材料2|2903,2,梯形波,梯形波,梯形波,梯形波,三角波,梯形波
附件一（训练集）.xlsx|材料2|2904,3,梯形波,梯形波,梯形波,梯形波,三角波,梯形波
附件一（训练集）.xlsx|材料2|2905,2,梯形波,梯形波,梯形波,梯形波,三角波,梯形波
附件一（训练集）.xlsx|材料2|2906,0,梯形波,梯形波,梯形波,梯形波,三角波,梯形波
附件一（训练集）.xlsx|材料2|2907,0,梯形波,梯形波,梯形波,梯形波,三角波,梯形波
附件一（训练集）.xlsx|材料2|2908,0,梯形波,梯形波,梯形波,梯形波,三角波,梯形波
附件一（训练集）.xlsx|材料2|2909,4,梯形波,梯形波,梯形波,梯形波,三角波,梯形波
附件一（训练集）.xlsx|材料2|291,2,正弦波,正弦波,正弦波,正弦波,正弦波,正弦波
附件一（训练集）.xlsx|材料2|2910,4,梯形波,梯形波,梯形波,梯形波,三角波,梯形波
附件一（训练集）.xlsx|材料2|2911,3,梯形波,梯形波,梯形波,梯形波,三角波,梯形波
附件一（训练集）.xlsx|材料2|2912,3,梯形波,梯形波,梯形波,梯形波,三角波,梯形波
附件一（训练集）.xlsx|材料2|2913,4,梯形波,梯形波,梯形波,梯形波,三角波,梯形波
附件一（训练集）.xlsx|材料2|2914,4,梯形波,梯形波,梯形波,梯形波,三角波,梯形波
附件一（训练集）.xlsx|材料2|2915,4,梯形波,梯形波,梯形波,梯形波,三角波,梯形波
附件一（训练集）.xlsx|材料2|2916,2,梯形波,梯形波,梯形波,梯形波,三角波,梯形波
附件一（训练集）.xlsx|材料2|2917,0,梯形波,梯形波,梯形波,梯形波,正弦波,梯形波
附件一（训练集）.xlsx|材料2|2918,2,梯形波,梯形波,梯形波,梯形波,正弦波,梯形波
附件一（训练集）.xlsx|材料2|2919,3,梯形波,梯形波,梯形波,梯形波,梯形波,梯形波
附件一（训练集）.xlsx|材料2|292,4,正弦波,正弦波,正弦波,正弦波,正弦波,正弦波
附件一（训练集）.xlsx|材料2|2920,0,梯形波,梯形波,梯形波,梯形波,梯形波,梯形波
附件一（训练集）.xlsx|材料2|2921,0,梯形波,梯形波,梯形波,梯形波,正弦波,梯形波
附件一（训练集）.xlsx|材料2|2922,2,梯形波,梯形波,梯形波,梯形波,正弦波,梯形波
附件一（训练集）.xlsx|材料2|2923,2,梯形波,梯形波,梯形波,梯形波,梯形波,梯形波
附件一（训练集）.xlsx|材料2|2924,2,梯形波,梯形波,梯形波,梯形波,梯形波,梯形波
附件一（训练集）.xlsx|材料2|2925,2,梯形波,梯形波,梯形波,梯形波,梯形波,梯形波
附件一（训练集）.xlsx|材料2|2926,2,梯形波,梯形波,梯形波,梯形波,梯形波,梯形波
附件一（训练集）.xlsx|材料2|2927,1,梯形波,梯形波,梯形波,梯形波,正弦波,梯形波
附件一（训练集）.xlsx|材料2|2928,3,梯形波,梯形波,梯形波,梯形波,正弦波,梯形波
附件一（训练集）.xlsx|材料2|2929,3,梯形波,梯形波,梯形波,梯形波,正弦波,梯形波
附件一（训练集）.xlsx|材料2|293,1,正弦波,正弦波,正弦波,正弦波,正弦波,正弦波
附件一（训练集）.xlsx|材料2|2930,1,梯形波,梯形波,梯形波,梯形波,梯形波,梯形波
附件一（训练集）.xlsx|材料2|2931,3,梯形波,梯形波,梯形波,梯形波,梯形波,梯形波
附件一（训练集）.xlsx|材料2|2932,3,梯形波,梯形波,梯形波,梯形波,梯形波,梯形波
附件一（训练集）.xlsx|材料2|2933,3,梯形波,梯形波,梯形波,梯形波,梯形波,梯形波
附件一（训练集）.xlsx|材料2|2934,2,梯形波,梯形波,梯形波,梯形波,正弦波,梯形波
附件一（训练集）.xlsx|材料2|2935,0,梯形波,梯形波,梯形波,梯形波,正弦波,梯形波
附件一（训练集）.xlsx|材料2|2936,0,梯形波,梯形波,梯形波,梯形波,正弦波,梯形波
附件一（训练集）.xlsx|材料2|2937,2,梯形波,梯形波,梯形波,梯形波,正弦波,梯形波
附件一（训练集）.xlsx|材料2|2938,2,梯形波,梯形波,梯形波,梯形波,梯形波,梯形波
附件一（训练集）.xlsx|材料2|2939,2,梯形波,梯形波,梯形波,梯形波,梯形波,梯形波
附件一（训练集）.xlsx|材料2|294,3,正弦波,正弦波,正弦波,正弦波,正弦波,正弦波
附件一（训练集）.xlsx|材料2|2940,3,梯形波,梯形波,梯形波,梯形波,梯形波,梯形波
附件一（训练集）.xlsx|材料2|2941,3,梯形波,梯形波,梯形波,梯形波,正弦波,梯形波
附件一（训练集）.xlsx|材料2|2942,3,梯形波,梯形波,梯形波,梯形波,正弦波,梯形波
附件一（训练集）.xlsx|材料2|2943,3,梯形波,梯形波,梯形波,梯形波,梯形波,梯形波
附件一（训练集）.xlsx|材料2|2944,1,梯形波,梯形波,梯形波,梯形波,梯形波,梯形波
附件一（训练集）.xlsx|材料2|2945,3,梯形波,梯形波,梯形波,梯形波,梯形波,梯形波
附件一（训练集）.xlsx|材料2|2946,0,梯形波,梯形波,梯形波,梯形波,梯形波,梯形波
附件一（训练集）.xlsx|材料2|2947,1,梯形波,梯形波,梯形波,梯形波,正弦波,梯形波
附件一（训练集）.xlsx|材料2|2948,4,梯形波,梯形波,梯形波,梯形波,正弦波,梯形波
附件一（训练集）.xlsx|材料2|2949,0,梯形波,梯形波,梯形波,梯形波,正弦波,梯形波
附件一（训练集）.xlsx|材料2|295,0,正弦波,正弦波,正弦波,正弦波,梯形波,正弦波
附件一（训练集）.xlsx|材料2|2950,4,梯形波,梯形波,梯形波,梯形波,梯形波,梯形波
附件一（训练集）.xlsx|材料2|2951,1,梯形波,梯形波,梯形波,梯形波,梯形波,梯形波
附件一（训练集）.xlsx|材料2|2952,3,梯形波,梯形波,梯形波,梯形波,梯形波,梯形波
附件一（训练集）.xlsx|材料2|2953,1,梯形波,梯形波,梯形波,梯形波,梯形波,梯形波
附件一（训练集）.xlsx|材料2|2954,3,梯形波,梯形波,梯形波,梯形波,梯形波,梯形波
附件一（训练集）.xlsx|材料2|2955,0,梯形波,梯形波,梯形波,梯形波,梯形波,梯形波
附件一（训练集）.xlsx|材料2|2956,0,梯形波,梯形波,梯形波,梯形波,正弦波,梯形波
附件一（训练集）.xlsx|材料2|2957,3,梯形波,梯形波,梯形波,梯形波,正弦波,梯形波
附件一（训练集）.xlsx|材料2|2958,3,梯形波,梯形波,梯形波,梯形波,正弦波,梯形波
附件一（训练集）.xlsx|材料2|2959,4,梯形波,梯形波,梯形波,梯形波,三角波,梯形波
附件一（训练集）.xlsx|材料2|296,1,正弦波,正弦波,正弦波,正弦波,梯形波,正弦波
附件一（训练集）.xlsx|材料2|2960,2,梯形波,梯形波,梯形波,梯形波,三角波,梯形波
附件一（训练集）.xlsx|材料2|2961,1,梯形波,梯形波,梯形波,梯形波,梯形波,梯形波
附件一（训练集）.xlsx|材料2|2962,1,梯形波,梯形波,梯形波,梯形波,正弦波,梯形波
附件一（训练集）.xlsx|材料2|2963,0,梯形波,梯形波,梯形波,梯形波,正弦波,梯形波
附件一（训练集）.xlsx|材料2|2964,0,梯形波,梯形波,梯形波,梯形波,三角波,梯形波
附件一（训练集）.xlsx|材料2|2965,3,梯形波,梯形波,梯形波,梯形波,三角波,梯形波
附件一（训练集）.xlsx|材料2|2966,0,梯形波,梯形波,梯形波,梯形波,三角波,梯形波
附件一（训练集）.xlsx|材料2|2967,1,梯形波,梯形波,梯形波,梯形波,三角波,梯形波
附件一（训练集）.xlsx|材料2|2968,1,梯形波,梯形波,梯形波,梯形波,三角波,梯形波
附件一（训练集）.xlsx|材料2|2969,3,梯形波,梯形波,梯形波,梯形波,梯形波,梯形波
附件一（训练集）.xlsx|材料2|297,4,正弦波,正弦波,正弦波,正弦波,正弦波,正弦波
附件一（训练集）.xlsx|材料2|2970,2,梯形波,梯形波,梯形波,梯形波,正弦波,梯形波
附件一（训练集）.xlsx|材料2|2971,3,梯形波,梯形波,梯形波,梯形波,正弦波,梯形波
附件一（训练集）.xlsx|材料2|2972,2,梯形波,梯形波,梯形波,梯形波,正弦波,梯形波
附件一（训练集）.xlsx|材料2|2973,4,梯形波,梯形波,梯形波,梯形波,三角波,梯形波
附件一（训练集）.xlsx|材料2|2974,1,梯形波,梯形波,梯形波,梯形波,三角波,梯形波
附件一（训练集）.xlsx|材料2|2975,4,梯形波,梯形波,梯形波,梯形波,三角波,梯形波
附件一（训练集）.xlsx|材料2|2976,1,梯形波,梯形波,梯形波,梯形波,三角波,梯形波
附件一（训练集）.xlsx|材料2|2977,2,梯形波,梯形波,梯形波,梯形波,正弦波,梯形波
附件一（训练集）.xlsx|材料2|2978,2,梯形波,梯形波,梯形波,梯形波,三角波,梯形波
附件一（训练集）.xlsx|材料2|2979,3,梯形波,梯形波,梯形波,梯形波,三角波,梯形波
附件一（训练集）.xlsx|材料2|298,0,正弦波,正弦波,正弦波,正弦波,正弦波,正弦波
附件一（训练集）.xlsx|材料2|2980,1,梯形波,梯形波,梯形波,梯形波,三角波,梯形波
附件一（训练集）.xlsx|材料2|2981,2,梯形波,梯形波,梯形波,梯形波,三角波,梯形波
附件一（训练集）.xlsx|材料2|2982,1,梯形波,梯形波,梯形波,梯形波,三角波,梯形波
附件一（训练集）.xlsx|材料2|2983,1,梯形波,梯形波,梯形波,梯形波,三角波,梯形波
附件一（训练集）.xlsx|材料2|2984,1,梯形波,梯形波,梯形波,梯形波,三角波,梯形波
附件一（训练集）.xlsx|材料2|2985,2,梯形波,梯形波,梯形波,梯形波,三角波,梯形波
附件一（训练集）.xlsx|材料2|2986,0,梯形波,梯形波,梯形波,梯形波,三角波,梯形波
附件一（训练集）.xlsx|材料2|2987,1,梯形波,梯形波,梯形波,梯形波,三角波,梯形波
附件一（训练集）.xlsx|材料2|2988,3,梯形波,梯形波,梯形波,梯形波,三角波,梯形波
附件一（训练集）.xlsx|材料2|2989,1,梯形波,梯形波,梯形波,梯形波,三角波,梯形波
附件一（训练集）.xlsx|材料2|299,4,正弦波,正弦波,正弦波,正弦波,正弦波,正弦波
附件一（训练集）.xlsx|材料2|2990,0,梯形波,梯形波,梯形波,梯形波,三角波,梯形波
附件一（训练集）.xlsx|材料2|2991,1,梯形波,梯形波,梯形波,梯形波,三角波,梯形波
附件一（训练集）.xlsx|材料2|2992,0,梯形波,梯形波,梯形波,梯形波,三角波,梯形波
附件一（训练集）.xlsx|材料2|2993,3,梯形波,梯形波,梯形波,梯形波,三角波,梯形波
附件一（训练集）.xlsx|材料2|2994,2,梯形波,梯形波,梯形波,梯形波,正弦波,梯形波
附件一（训练集）.xlsx|材料2|2995,4,梯形波,梯形波,梯形波,梯形波,正弦波,梯形波
附件一（训练集）.xlsx|材料2|2996,2,梯形波,梯形波,梯形波,梯形波,正弦波,梯形波
附件一（训练集）.xlsx|材料2|2997,1,梯形波,梯形波,梯形波,梯形波,梯形波,梯形波
附件一（训练集）.xlsx|材料2|2998,2,梯形波,梯形波,梯形波,梯形波,梯形波,梯形波
附件一（训练集）.xlsx|材料2|2999,4,梯形波,梯形波,梯形波,梯形波,梯形波,梯形波
附件一（训练集）.xlsx|材料2|3,0,正弦波,正弦波,正弦波,正弦波,正弦波,正弦波
附件一（训练集）.xlsx|材料2|30,4,正弦波,正弦波,正弦波,正弦波,梯形波,正弦波
附件一（训练集）.xlsx|材料2|300,1,正弦波,正弦波,正弦波,正弦波,梯形波,正弦波
附件一（训练集）.xlsx|材料2|3000,2,梯形波,梯形波,梯形波,梯形波,正弦波,梯形波
附件一（训练集）.xlsx|材料2|3001,2,梯形波,梯形波,梯形波,梯形波,正弦波,梯形波
附件一（训练集）.xlsx|材料2|301,2,正弦波,正弦波,正弦波,正弦波,梯形波,正弦波
附件一（训练集）.xlsx|材料2|302,2,正弦波,正弦波,正弦波,正弦波,梯形波,正弦波
附件一（训练集）.xlsx|材料2|303,0,正弦波,正弦波,正弦波,正弦波,梯形波,正弦波
附件一（训练集）.xlsx|材料2|304,1,正弦波,正弦波,正弦波,正弦波,正弦波,正弦波
附件一（训练集）.xlsx|材料2|305,1,正弦波,正弦波,正弦波,正弦波,正弦波,正弦波
附件一（训练集）.xlsx|材料2|306,0,正弦波,正弦波,正弦波,正弦波,正弦波,正弦波
附件一（训练集）.xlsx|材料2|307,0,正弦波,正弦波,正弦波,正弦波,正弦波,正弦波
附件一（训练集）.xlsx|材料2|308,1,正弦波,正弦波,正弦波,正弦波,梯形波,正弦波
附件一（训练集）.xlsx|材料2|309,3,正弦波,正弦波,正弦波,正弦波,梯形波,正弦波
附件一（训练集）.xlsx|材料2|31,2,正弦波,正弦波,正弦波,正弦波,梯形波,正弦波
附件一（训练集）.xlsx|材料2|310,4,正弦波,正弦波,正弦波,正弦波,梯形波,正弦波
附件一（训练集）.xlsx|材料2|311,1,正弦波,正弦波,正弦波,正弦波,正弦波,正弦波
附件一（训练集）.xlsx|材料2|312,0,正弦波,正弦波,正弦波,正弦波,正弦波,正弦波
附件一（训练集）.xlsx|材料2|313,0,正弦波,正弦波,正弦波,正弦波,正弦波,正弦波
附件一（训练集）.xlsx|材料2|314,1,正弦波,正弦波,正弦波,正弦波,正弦波,正弦波
附件一（训练集）.xlsx|材料2|315,0,正弦波,正弦波,正弦波,正弦波,正弦波,正弦波
附件一（训练集）.xlsx|材料2|316,4,正弦波,正弦波,正弦波,正弦波,正弦波,正弦波
附件一（训练集）.xlsx|材料2|317,4,正弦波,正弦波,正弦波,正弦波,梯形波,正弦波
附件一（训练集）.xlsx|材料2|318,0,正弦波,正弦波,正弦波,正弦波,梯形波,正弦波
附件一（训练集）.xlsx|材料2|319,1,正弦波,正弦波,正弦波,正弦波,梯形波,正弦波
附件一（训练集）.xlsx|材料2|32,1,正弦波,正弦波,正弦波,正弦波,梯形波,正弦波
附件一（训练集）.xlsx|材料2|320,0,正弦波,正弦波,正弦波,正弦波,梯形波,正弦波
附件一（训练集）.xlsx|材料2|321,1,正弦波,正弦波,正弦波,正弦波,梯形波,正弦波
附件一（训练集）.xlsx|材料2|322,2,正弦波,正弦波,正弦波,正弦波,正弦波,正弦波
附件一（训练集）.xlsx|材料2|323,0,正弦波,正弦波,正弦波,正弦波,正弦波,正弦波
附件一（训练集）.xlsx|材料2|324,4,正弦波,正弦波,正弦波,正弦波,正弦波,正弦波
附件一（训练集）.xlsx|材料2|325,2,正弦波,正弦波,正弦波,正弦波,正弦波,正弦波
附件一（训练集）.xlsx|材料2|326,1,正弦波,正弦波,正弦波,正弦波,正弦波,正弦波
附件一（训练集）.xlsx|材料2|327,0,正弦波,正弦波,正弦波,正弦波,三角波,正弦波
附件一（训练集）.xlsx|材料2|328,0,正弦波,正弦波,正弦波,正弦波,三角波,正弦波
附件一（训练集）.xlsx|材料2|329,0,正弦波,正弦波,正弦波,正弦波,三角波,正弦波
附件一（训练集）.xlsx|材料2|33,0,正弦波,正弦波,正弦波,正弦波,梯形波,正弦波
附件一（训练集）.xlsx|材料2|330,3,正弦波,正弦波,正弦波,正弦波,正弦波,正弦波
附件一（训练集）.xlsx|材料2|331,1,正弦波,正弦波,正弦波,正弦波,正弦波,正弦波
附件一（训练集）.xlsx|材料2|332,2,正弦波,正弦波,正弦波,正弦波,正弦波,正弦波
附件一（训练集）.xlsx|材料2|333,4,正弦波,正弦波,正弦波,正弦波,三角波,正弦波
附件一（训练集）.xlsx|材料2|334,1,正弦波,正弦波,正弦波,正弦波,三角波,正弦波
附件一（训练集）.xlsx|材料2|335,0,正弦波,正弦波,正弦波,正弦波,三角波,正弦波
附件一（训练集）.xlsx|材料2|336,1,正弦波,正弦波,正弦波,正弦波,三角波,正弦波
附件一（训练集）.xlsx|材料2|337,3,正弦波,正弦波,正弦波,正弦波,正弦波,正弦波
附件一（训练集）.xlsx|材料2|338,4,正弦波,正弦波,正弦波,正弦波,三角波,正弦波
附件一（训练集）.xlsx|材料2|339,0,正弦波,正弦波,正弦波,正弦波,三角波,正弦波
附件一（训练集）.xlsx|材料2|34,4,正弦波,正弦波,正弦波,正弦波,正弦波,正弦波
附件一（训练集）.xlsx|材料2|340,3,正弦波,正弦波,正弦波,正弦波,三角波,正弦波
附件一（训练集）.xlsx|材料2|341,1,正弦波,正弦波,正弦波,正弦波,三角波,正弦波
附件一（训练集）.xlsx|材料2|342,2,正弦波,正弦波,正弦波,正弦波,三角波,正弦波
附件一（训练集）.xlsx|材料2|343,2,正弦波,正弦波,正弦波,正弦波,正弦波,正弦波
附件一（训练集）.xlsx|材料2|344,1,正弦波,正弦波,正弦波,正弦波,三角波,正弦波
附件一（训练集）.xlsx|材料2|345,1,正弦波,正弦波,正弦波,正弦波,三角波,正弦波
附件一（训练集）.xlsx|材料2|346,0,正弦波,正弦波,正弦波,正弦波,三角波,正弦波
附件一（训练集）.xlsx|材料2|347,0,正弦波,正弦波,正弦波,正弦波,三角波,正弦波
附件一（训练集）.xlsx|材料2|348,0,正弦波,正弦波,正弦波,正弦波,三角波,正弦波
附件一（训练集）.xlsx|材料2|349,0,正弦波,正弦波,正弦波,正弦波,三角波,正弦波
附件一（训练集）.xlsx|材料2|35,3,正弦波,正弦波,正弦波,正弦波,正弦波,正弦波
附件一（训练集）.xlsx|材料2|350,4,正弦波,正弦波,正弦波,正弦波,三角波,正弦波
附件一（训练集）.xlsx|材料2|351,3,正弦波,正弦波,正弦波,正弦波,三角波,正弦波
附件一（训练集）.xlsx|材料2|352,2,正弦波,正弦波,正弦波,正弦波,三角波,正弦波
附件一（训练集）.xlsx|材料2|353,0,正弦波,正弦波,正弦波,正弦波,正弦波,正弦波
附件一（训练集）.xlsx|材料2|354,2,正弦波,正弦波,正弦波,正弦波,正弦波,正弦波
附件一（训练集）.xlsx|材料2|355,4,正弦波,正弦波,正弦波,正弦波,正弦波,正弦波
附件一（训练集）.xlsx|材料2|356,4,正弦波,正弦波,正弦波,正弦波,正弦波,正弦波
附件一（训练集）.xlsx|材料2|357,0,正弦波,正弦波,正弦波,正弦波,正弦波,正弦波
附件一（训练集）.xlsx|材料2|358,2,正弦波,正弦波,正弦波,正弦波,正弦波,正弦波
附件一（训练集）.xlsx|材料2|359,0,正弦波,正弦波,正弦波,正弦波,正弦波,正弦波
附件一（训练集）.xlsx|材料2|36,0,正弦波,正弦波,正弦波,正弦波,正弦波,正弦波
附件一（训练集）.xlsx|材料2|360,1,正弦波,正弦波,正弦波,正弦波,正弦波,正弦波
附件一（训练集）.xlsx|材料2|361,1,正弦波,正弦波,正弦波,正弦波,三角波,正弦波
附件一（训练集）.xlsx|材料2|362,4,正弦波,正弦波,正弦波,正弦波,梯形波,正弦波
附件一（训练集）.xlsx|材料2|363,2,正弦波,正弦波,正弦波,正弦波,三角波,正弦波
附件一（训练集）.xlsx|材料2|364,4,正弦波,正弦波,正弦波,正弦波,梯形波,正弦波
附件一（训练集）.xlsx|材料2|365,1,正弦波,正弦波,正弦波,正弦波,三角波,正弦波
附件一（训练集）.xlsx|材料2|366,2,正弦波,正弦波,正弦波,正弦波,正弦波,正弦波
附件一（训练集）.xlsx|材料2|367,2,正弦波,正弦波,正弦波,正弦波,三角波,正弦波
附件一（训练集）.xlsx|材料2|368,0,正弦波,正弦波,正弦波,正弦波,三角波,正弦波
附件一（训练集）.xlsx|材料2|369,4,正弦波,正弦波,正弦波,正弦波,三角波,正弦波
附件一（训练集）.xlsx|材料2|37,1,正弦波,正弦波,正弦波,正弦波,正弦波,正弦波
附件一（训练集）.xlsx|材料2|370,0,正弦波,正弦波,正弦波,正弦波,正弦波,正弦波
附件一（训练集）.xlsx|材料2|371,1,正弦波,正弦波,正弦波,正弦波,正弦波,正弦波
附件一（训练集）.xlsx|材料2|372,4,正弦波,正弦波,正弦波,正弦波,梯形波,正弦波
附件一（训练集）.xlsx|材料2|373,4,正弦波,正弦波,正弦波,正弦波,正弦波,正弦波
附件一（训练集）.xlsx|材料2|374,0,正弦波,正弦波,正弦波,正弦波,正弦波,正弦波
附件一（训练集）.xlsx|材料2|375,1,正弦波,正弦波,正弦波,正弦波,正弦波,正弦波
附件一（训练集）.xlsx|材料2|376,4,正弦波,正弦波,正弦波,正弦波,正弦波,正弦波
附件一（训练集）.xlsx|材料2|377,4,正弦波,正弦波,正弦波,正弦波,正弦波,正弦波
附件一（训练集）.xlsx|材料2|378,2,正弦波,正弦波,正弦波,正弦波,正弦波,正弦波
附件一（训练集）.xlsx|材料2|379,1,正弦波,正弦波,正弦波,正弦波,三角波,正弦波
附件一（训练集）.xlsx|材料2|38,4,正弦波,正弦波,正弦波,正弦波,正弦波,正弦波
附件一（训练集）.xlsx|材料2|380,3,正弦波,正弦波,正弦波,正弦波,三角波,正弦波
附件一（训练集）.xlsx|材料2|381,4,正弦波,正弦波,正弦波,正弦波,梯形波,正弦波
附件一（训练集）.xlsx|材料2|382,3,正弦波,正弦波,正弦波,正弦波,正弦波,正弦波
附件一（训练集）.xlsx|材料2|383,4,正弦波,正弦波,正弦波,正弦波,正弦波,正弦波
附件一（训练集）.xlsx|材料2|384,1,正弦波,正弦波,正弦波,正弦波,梯形波,正弦波
附件一（训练集）.xlsx|材料2|385,2,正弦波,正弦波,正弦波,正弦波,三角波,正弦波
附件一（训练集）.xlsx|材料2|386,0,正弦波,正弦波,正弦波,正弦波,梯形波,正弦波
附件一（训练集）.xlsx|材料2|387,0,正弦波,正弦波,正弦波,正弦波,梯形波,正弦波
附件一（训练集）.xlsx|材料2|388,0,正弦波,正弦波,正弦波,正弦波,正弦波,正弦波
附件一（训练集）.xlsx|材料2|389,1,正弦波,正弦波,正弦波,正弦波,梯形波,正弦波
附件一（训练集）.xlsx|材料2|39,4,正弦波,正弦波,正弦波,正弦波,正弦波,正弦波
附件一（训练集）.xlsx|材料2|390,1,正弦波,正弦波,正弦波,正弦波,正弦波,正弦波
附件一（训练集）.xlsx|材料2|391,1,正弦波,正弦波,正弦波,正弦波,正弦波,正弦波
附件一（训练集）.xlsx|材料2|392,2,正弦波,正弦波,正弦波,正弦波,正弦波,正弦波
附件一（训练集）.xlsx|材料2|393,4,正弦波,正弦波,正弦波,正弦波,正弦波,正弦波
附件一（训练集）.xlsx|材料2|394,3,正弦波,正弦波,正弦波,正弦波,正弦波,正弦波
附件一（训练集）.xlsx|材料2|395,4,正弦波,正弦波,正弦波,正弦波,正弦波,正弦波
附件一（训练集）.xlsx|材料2|396,4,正弦波,正弦波,正弦波,正弦波,梯形波,正弦波
附件一（训练集）.xlsx|材料2|397,1,正弦波,正弦波,正弦波,正弦波,正弦波,正弦波
附件一（训练集）.xlsx|材料2|398,4,正弦波,正弦波,正弦波,正弦波,正弦波,正弦波
附件一（训练集）.xlsx|材料2|399,4,正弦波,正弦波,正弦波,正弦波,正弦波,正弦波
附件一（训练集）.xlsx|材料2|4,3,正弦波,正弦波,正弦波,正弦波,正弦波,正弦波
附件一（训练集）.xlsx|材料2|40,0,正弦波,正弦波,正弦波,正弦波,正弦波,正弦波
附件一（训练集）.xlsx|材料2|400,4,正弦波,正弦波,正弦波,正弦波,正弦波,正弦波
附件一（训练集）.xlsx|材料2|401,2,正弦波,正弦波,正弦波,正弦波,正弦波,正弦波
附件一（训练集）.xlsx|材料2|402,0,正弦波,正弦波,正弦波,正弦波,正弦波,正弦波
附件一（训练集）.xlsx|材料2|403,3,正弦波,正弦波,正弦波,正弦波,正弦波,正弦波
附件一（训练集）.xlsx|材料2|404,4,正弦波,正弦波,正弦波,正弦波,三角波,正弦波
附件一（训练集）.xlsx|材料2|405,1,正弦波,正弦波,正弦波,正弦波,梯形波,正弦波
附件一（训练集）.xlsx|材料2|406,4,正弦波,正弦波,正弦波,正弦波,梯形波,正弦波
附件一（训练集）.xlsx|材料2|407,4,正弦波,正弦波,正弦波,正弦波,正弦波,正弦波
附件一（训练集）.xlsx|材料2|408,3,正弦波,正弦波,正弦波,正弦波,正弦波,正弦波
附件一（训练集）.xlsx|材料2|409,0,正弦波,正弦波,正弦波,正弦波,正弦波,正弦波
附件一（训练集）.xlsx|材料2|41,4,正弦波,正弦波,正弦波,正弦波,梯形波,正弦波
附件一（训练集）.xlsx|材料2|410,2,正弦波,正弦波,正弦波,正弦波,梯形波,正弦波
附件一（训练集）.xlsx|材料2|411,2,正弦波,正弦波,正弦波,正弦波,三角波,正弦波
附件一（训练集）.xlsx|材料2|412,3,正弦波,正弦波,正弦波,正弦波,正弦波,正弦波
附件一（训练集）.xlsx|材料2|413,3,正弦波,正弦波,正弦波,正弦波,正弦波,正弦波
附件一（训练集）.xlsx|材料2|414,4,正弦波,正弦波,正弦波,正弦波,梯形波,正弦波
附件一（训练集）.xlsx|材料2|415,2,正弦波,正弦波,正弦波,正弦波,三角波,正弦波
附件一（训练集）.xlsx|材料2|416,4,正弦波,正弦波,正弦波,正弦波,正弦波,正弦波
附件一（训练集）.xlsx|材料2|417,1,正弦波,正弦波,正弦波,正弦波,正弦波,正弦波
附件一（训练集）.xlsx|材料2|418,4,正弦波,正弦波,正弦波,正弦波,正弦波,正弦波
附件一（训练集）.xlsx|材料2|419,4,正弦波,正弦波,正弦波,正弦波,正弦波,正弦波
附件一（训练集）.xlsx|材料2|42,4,正弦波,正弦波,正弦波,正弦波,梯形波,正弦波
附件一（训练集）.xlsx|材料2|420,4,正弦波,正弦波,正弦波,正弦波,三角波,正弦波
附件一（训练集）.xlsx|材料2|421,4,正弦波,正弦波,正弦波,正弦波,正弦波,正弦波
附件一（训练集）.xlsx|材料2|422,2,正弦波,正弦波,正弦波,正弦波,三角波,正弦波
附件一（训练集）.xlsx|材料2|423,0,正弦波,正弦波,正弦波,正弦波,正弦波,正弦波
附件一（训练集）.xlsx|材料2|424,2,正弦波,正弦波,正弦波,正弦波,正弦波,正弦波
附件一（训练集）.xlsx|材料2|425,4,正弦波,正弦波,正弦波,正弦波,梯形波,正弦波
附件一（训练集）.xlsx|材料2|426,1,正弦波,正弦波,正弦波,正弦波,正弦波,正弦波
附件一（训练集）.xlsx|材料2|427,4,正弦波,正弦波,正弦波,正弦波,正弦波,正弦波
附件一（训练集）.xlsx|材料2|428,0,正弦波,正弦波,正弦波,正弦波,三角波,正弦波
附件一（训练集）.xlsx|材料2|429,4,正弦波,正弦波,正弦波,正弦波,正弦波,正弦波
附件一（训练集）.xlsx|材料2|43,4,正弦波,正弦波,正弦波,正弦波,梯形波,正弦波
附件一（训练集）.xlsx|材料2|430,2,正弦波,正弦波,正弦波,正弦波,正弦波,正弦波
附件一（训练集）.xlsx|材料2|431,4,正弦波,正弦波,正弦波,正弦波,正弦波,正弦波
附件一（训练集）.xlsx|材料2|432,3,正弦波,正弦波,正弦波,正弦波,正弦波,正弦波
附件一（训练集）.xlsx|材料2|433,0,正弦波,正弦波,正弦波,正弦波,三角波,正弦波
附件一（训练集）.xlsx|材料2|434,4,正弦波,正弦波,正弦波,正弦波,三角波,正弦波
附件一（训练集）.xlsx|材料2|435,3,正弦波,正弦波,正弦波,正弦波,正弦波,正弦波
附件一（训练集）.xlsx|材料2|436,3,正弦波,正弦波,正弦波,正弦波,正弦波,正弦波
附件一（训练集）.xlsx|材料2|437,0,正弦波,正弦波,正弦波,正弦波,梯形波,正弦波
附件一（训练集）.xlsx|材料2|438,2,正弦波,正弦波,正弦波,正弦波,正弦波,正弦波
附件一（训练集）.xlsx|材料2|439,3,正弦波,正弦波,正弦波,正弦波,正弦波,正弦波
附件一（训练集）.xlsx|材料2|44,4,正弦波,正弦波,正弦波,正弦波,正弦波,正弦波
附件一（训练集）.xlsx|材料2|440,3,正弦波,正弦波,正弦波,正弦波,正弦波,正弦波
附件一（训练集）.xlsx|材料2|441,0,正弦波,正弦波,正弦波,正弦波,三角波,正弦波
附件一（训练集）.xlsx|材料2|442,1,正弦波,正弦波,正弦波,正弦波,梯形波,正弦波
附件一（训练集）.xlsx|材料2|443,4,正弦波,正弦波,正弦波,正弦波,正弦波,正弦波
附件一（训练集）.xlsx|材料2|444,3,正弦波,正弦波,正弦波,正弦波,梯形波,正弦波
附件一（训练集）.xlsx|材料2|445,2,正弦波,正弦波,正弦波,正弦波,梯形波,正弦波
附件一（训练集）.xlsx|材料2|446,2,正弦波,正弦波,正弦波,正弦波,正弦波,正弦波
附件一（训练集）.xlsx|材料2|447,2,正弦波,正弦波,正弦波,正弦波,三角波,正弦波
附件一（训练集）.xlsx|材料2|448,0,正弦波,正弦波,正弦波,正弦波,三角波,正弦波
附件一（训练集）.xlsx|材料2|449,1,正弦波,正弦波,正弦波,正弦波,正弦波,正弦波
附件一（训练集）.xlsx|材料2|45,2,正弦波,正弦波,正弦波,正弦波,正弦波,正弦波
附件一（训练集）.xlsx|材料2|450,4,正弦波,正弦波,正弦波,正弦波,正弦波,正弦波
附件一（训练集）.xlsx|材料2|451,1,正弦波,正弦波,正弦波,正弦波,正弦波,正弦波
附件一（训练集）.xlsx|材料2|452,4,正弦波,正弦波,正弦波,正弦波,正弦波,正弦波
附件一（训练集）.xlsx|材料2|453,0,正弦波,正弦波,正弦波,正弦波,梯形波,正弦波
附件一（训练集）.xlsx|材料2|454,1,正弦波,正弦波,正弦波,正弦波,三角波,正弦波
附件一（训练集）.xlsx|材料2|455,4,正弦波,正弦波,正弦波,正弦波,三角波,正弦波
附件一（训练集）.xlsx|材料2|456,3,正弦波,正弦波,正弦波,正弦波,梯形波,正弦波
附件一（训练集）.xlsx|材料2|457,0,正弦波,正弦波,正弦波,正弦波,正弦波,正弦波
附件一（训练集）.xlsx|材料2|458,2,正弦波,正弦波,正弦波,正弦波,正弦波,正弦波
附件一（训练集）.xlsx|材料2|459,2,正弦波,正弦波,正弦波,正弦波,三角波,正弦波
附件一（训练集）.xlsx|材料2|46,1,正弦波,正弦波,正弦波,正弦波,正弦波,正弦波
附件一（训练集）.xlsx|材料2|460,4,正弦波,正弦波,正弦波,正弦波,正弦波,正弦波
附件一（训练集）.xlsx|材料2|461,1,正弦波,正弦波,正弦波,正弦波,三角波,正弦波
附件一（训练集）.xlsx|材料2|462,2,正弦波,正弦波,正弦波,正弦波,正弦波,正弦波
附件一（训练集）.xlsx|材料2|463,0,正弦波,正弦波,正弦波,正弦波,正弦波,正弦波
附件一（训练集）.xlsx|材料2|464,4,正弦波,正弦波,正弦波,正弦波,梯形波,正弦波
附件一（训练集）.xlsx|材料2|465,3,正弦波,正弦波,正弦波,正弦波,三角波,正弦波
附件一（训练集）.xlsx|材料2|466,1,正弦波,正弦波,正弦波,正弦波,梯形波,正弦波
附件一（训练集）.xlsx|材料2|467,4,正弦波,正弦波,正弦波,正弦波,正弦波,正弦波
附件一（训练集）.xlsx|材料2|468,1,正弦波,正弦波,正弦波,正弦波,正弦波,正弦波
附件一（训练集）.xlsx|材料2|469,2,正弦波,正弦波,正弦波,正弦波,梯形波,正弦波
附件一（训练集）.xlsx|材料2|47,0,正弦波,正弦波,正弦波,正弦波,正弦波,正弦波
附件一（训练集）.xlsx|材料2|470,4,正弦波,正弦波,正弦波,正弦波,正弦波,正弦波
附件一（训练集）.xlsx|材料2|471,1,正弦波,正弦波,正弦波,正弦波,正弦波,正弦波
附件一（训练集）.xlsx|材料2|472,2,正弦波,正弦波,正弦波,正弦波,正弦波,正弦波
附件一（训练集）.xlsx|材料2|473,0,正弦波,正弦波,正弦波,正弦波,正弦波,正弦波
附件一（训练集）.xlsx|材料2|474,0,正弦波,正弦波,正弦波,正弦波,三角波,正弦波
附件一（训练集）.xlsx|材料2|475,4,正弦波,正弦波,正弦波,正弦波,三角波,正弦波
附件一（训练集）.xlsx|材料2|476,4,正弦波,正弦波,正弦波,正弦波,正弦波,正弦波
附件一（训练集）.xlsx|材料2|477,2,正弦波,正弦波,正弦波,正弦波,梯形波,正弦波
附件一（训练集）.xlsx|材料2|478,1,正弦波,正弦波,正弦波,正弦波,正弦波,正弦波
附件一（训练集）.xlsx|材料2|479,0,正弦波,正弦波,正弦波,正弦波,梯形波,正弦波
附件一（训练集）.xlsx|材料2|48,0,正弦波,正弦波,正弦波,正弦波,正弦波,正弦波
附件一（训练集）.xlsx|材料2|480,4,正弦波,正弦波,正弦波,正弦波,三角波,正弦波
附件一（训练集）.xlsx|材料2|481,1,正弦波,正弦波,正弦波,正弦波,三角波,正弦波
附件一（训练集）.xlsx|材料2|482,4,正弦波,正弦波,正弦波,正弦波,正弦波,正弦波
附件一（训练集）.xlsx|材料2|483,1,正弦波,正弦波,正弦波,正弦波,正弦波,正弦波
附件一（训练集）.xlsx|材料2|484,3,正弦波,正弦波,正弦波,正弦波,三角波,正弦波
附件一（训练集）.xlsx|材料2|485,2,正弦波,正弦波,正弦波,正弦波,正弦波,正弦波
附件一（训练集）.xlsx|材料2|486,1,正弦波,正弦波,正弦波,正弦波,正弦波,正弦波
附件一（训练集）.xlsx|材料2|487,3,正弦波,正弦波,正弦波,正弦波,正弦波,正弦波
附件一（训练集）.xlsx|材料2|488,0,正弦波,正弦波,正弦波,正弦波,三角波,正弦波
附件一（训练集）.xlsx|材料2|489,3,正弦波,正弦波,正弦波,正弦波,正弦波,正弦波
附件一（训练集）.xlsx|材料2|49,0,正弦波,正弦波,正弦波,正弦波,正弦波,正弦波
附件一（训练集）.xlsx|材料2|490,1,正弦波,正弦波,正弦波,正弦波,三角波,正弦波
附件一（训练集）.xlsx|材料2|491,0,正弦波,正弦波,正弦波,正弦波,正弦波,正弦波
附件一（训练集）.xlsx|材料2|492,3,正弦波,正弦波,正弦波,正弦波,三角波,正弦波
附件一（训练集）.xlsx|材料2|493,1,正弦波,正弦波,正弦波,正弦波,正弦波,正弦波
附件一（训练集）.xlsx|材料2|494,4,正弦波,正弦波,正弦波,正弦波,三角波,正弦波
附件一（训练集）.xlsx|材料2|495,4,正弦波,正弦波,正弦波,正弦波,正弦波,正弦波
附件一（训练集）.xlsx|材料2|496,3,正弦波,正弦波,正弦波,正弦波,梯形波,正弦波
附件一（训练集）.xlsx|材料2|497,4,正弦波,正弦波,正弦波,正弦波,正弦波,正弦波
附件一（训练集）.xlsx|材料2|498,2,正弦波,正弦波,正弦波,正弦波,正弦波,正弦波
附件一（训练集）.xlsx|材料2|499,2,正弦波,正弦波,正弦波,正弦波,三角波,正弦波
附件一（训练集）.xlsx|材料2|5,3,正弦波,正弦波,正弦波,正弦波,正弦波,正弦波
附件一（训练集）.xlsx|材料2|50,1,正弦波,正弦波,正弦波,正弦波,正弦波,正弦波
附件一（训练集）.xlsx|材料2|500,1,正弦波,正弦波,正弦波,正弦波,正弦波,正弦波
附件一（训练集）.xlsx|材料2|501,0,正弦波,正弦波,正弦波,正弦波,正弦波,正弦波
附件一（训练集）.xlsx|材料2|502,2,正弦波,正弦波,正弦波,正弦波,正弦波,正弦波
附件一（训练集）.xlsx|材料2|503,2,正弦波,正弦波,正弦波,正弦波,梯形波,正弦波
附件一（训练集）.xlsx|材料2|504,0,正弦波,正弦波,正弦波,正弦波,正弦波,正弦波
附件一（训练集）.xlsx|材料2|505,2,正弦波,正弦波,正弦波,正弦波,梯形波,正弦波
附件一（训练集）.xlsx|材料2|506,0,正弦波,正弦波,正弦波,正弦波,三角波,正弦波
附件一（训练集）.xlsx|材料2|507,4,正弦波,正弦波,正弦波,正弦波,正弦波,正弦波
附件一（训练集）.xlsx|材料2|508,1,正弦波,正弦波,正弦波,正弦波,正弦波,正弦波
附件一（训练集）.xlsx|材料2|509,0,正弦波,正弦波,正弦波,正弦波,正弦波,正弦波
附件一（训练集）.xlsx|材料2|51,0,正弦波,正弦波,正弦波,正弦波,三角波,正弦波
附件一（训练集）.xlsx|材料2|510,3,正弦波,正弦波,正弦波,正弦波,正弦波,正弦波
附件一（训练集）.xlsx|材料2|511,4,正弦波,正弦波,正弦波,正弦波,正弦波,正弦波
附件一（训练集）.xlsx|材料2|512,3,正弦波,正弦波,正弦波,正弦波,正弦波,正弦波
附件一（训练集）.xlsx|材料2|513,3,正弦波,正弦波,正弦波,正弦波,正弦波,正弦波
附件一（训练集）.xlsx|材料2|514,3,正弦波,正弦波,正弦波,正弦波,正弦波,正弦波
附件一（训练集）.xlsx|材料2|515,3,正弦波,正弦波,正弦波,正弦波,正弦波,正弦波
附件一（训练集）.xlsx|材料2|516,2,正弦波,正弦波,正弦波,正弦波,正弦波,正弦波
附件一（训练集）.xlsx|材料2|517,2,正弦波,正弦波,正弦波,正弦波,正弦波,正弦波
附件一（训练集）.xlsx|材料2|518,3,正弦波,正弦波,正弦波,正弦波,正弦波,正弦波
附件一（训练集）.xlsx|材料2|519,3,正弦波,正弦波,正弦波,正弦波,正弦波,正弦波
附件一（训练集）.xlsx|材料2|52,0,正弦波,正弦波,正弦波,正弦波,三角波,正弦波
附件一（训练集）.xlsx|材料2|520,0,正弦波,正弦波,正弦波,正弦波,正弦波,正弦波
附件一（训练集）.xlsx|材料2|521,0,正弦波,正弦波,正弦波,正弦波,正弦波,正弦波
附件一（训练集）.xlsx|材料2|522,3,正弦波,正弦波,正弦波,正弦波,正弦波,正弦波
附件一（训练集）.xlsx|材料2|523,0,正弦波,正弦波,正弦波,正弦波,正弦波,正弦波
附件一（训练集）.xlsx|材料2|524,2,正弦波,正弦波,正弦波,正弦波,正弦波,正弦波
附件一（训练集）.xlsx|材料2|525,2,正弦波,正弦波,正弦波,正弦波,正弦波,正弦波
附件一（训练集）.xlsx|材料2|526,3,正弦波,正弦波,正弦波,正弦波,正弦波,正弦波
附件一（训练集）.xlsx|材料2|527,0,正弦波,正弦波,正弦波,正弦波,正弦波,正弦波
附件一（训练集）.xlsx|材料2|528,0,正弦波,正弦波,正弦波,正弦波,正弦波,正弦波
附件一（训练集）.xlsx|材料2|529,1,正弦波,正弦波,正弦波,正弦波,正弦波,正弦波
附件一（训练集）.xlsx|材料2|53,0,正弦波,正弦波,正弦波,正弦波,三角波,正弦波
附件一（训练集）.xlsx|材料2|530,4,正弦波,正弦波,正弦波,正弦波,正弦波,正弦波
附件一（训练集）.xlsx|材料2|531,2,正弦波,正弦波,正弦波,正弦波,正弦波,正弦波
附件一（训练集）.xlsx|材料2|532,4,正弦波,正弦波,正弦波,正弦波,梯形波,正弦波
附件一（训练集）.xlsx|材料2|533,1,正弦波,正弦波,正弦波,正弦波,正弦波,正弦波
附件一（训练集）.xlsx|材料2|534,2,正弦波,正弦波,正弦波,正弦波,正弦波,正弦波
附件一（训练集）.xlsx|材料2|535,4,正弦波,正弦波,正弦波,正弦波,正弦波,正弦波
附件一（训练集）.xlsx|材料2|536,2,正弦波,正弦波,正弦波,正弦波,正弦波,正弦波
附件一（训练集）.xlsx|材料2|537,3,正弦波,正弦波,正弦波,正弦波,正弦波,正弦波
附件一（训练集）.xlsx|材料2|538,3,正弦波,正弦波,正弦波,正弦波,正弦波,正弦波
附件一（训练集）.xlsx|材料2|539,0,正弦波,正弦波,正弦波,正弦波,正弦波,正弦波
附件一（训练集）.xlsx|材料2|54,4,正弦波,正弦波,正弦波,正弦波,正弦波,正弦波
附件一（训练集）.xlsx|材料2|540,2,正弦波,正弦波,正弦波,正弦波,梯形波,正弦波
附件一（训练集）.xlsx|材料2|541,4,正弦波,正弦波,正弦波,正弦波,梯形波,正弦波
附件一（训练集）.xlsx|材料2|542,3,正弦波,正弦波,正弦波,正弦波,正弦波,正弦波
附件一（训练集）.xlsx|材料2|543,4,正弦波,正弦波,正弦波,正弦波,正弦波,正弦波
附件一（训练集）.xlsx|材料2|544,2,正弦波,正弦波,正弦波,正弦波,正弦波,正弦波
附件一（训练集）.xlsx|材料2|545,0,正弦波,正弦波,正弦波,正弦波,正弦波,正弦波
附件一（训练集）.xlsx|材料2|546,2,正弦波,正弦波,正弦波,正弦波,正弦波,正弦波
附件一（训练集）.xlsx|材料2|547,4,正弦波,正弦波,正弦波,正弦波,正弦波,正弦波
附件一（训练集）.xlsx|材料2|548,3,正弦波,正弦波,正弦波,正弦波,正弦波,正弦波
附件一（训练集）.xlsx|材料2|549,4,正弦波,正弦波,正弦波,正弦波,梯形波,正弦波
附件一（训练集）.xlsx|材料2|55,0,正弦波,正弦波,正弦波,正弦波,正弦波,正弦波
附件一（训练集）.xlsx|材料2|550,2,正弦波,正弦波,正弦波,正弦波,梯形波,正弦波
附件一（训练集）.xlsx|材料2|551,4,正弦波,正弦波,正弦波,正弦波,梯形波,正弦波
附件一（训练集）.xlsx|材料2|552,3,正弦波,正弦波,正弦波,正弦波,正弦波,正弦波
附件一（训练集）.xlsx|材料2|553,1,正弦波,正弦波,正弦波,正弦波,正弦波,正弦波
附件一（训练集）.xlsx|材料2|554,0,正弦波,正弦波,正弦波,正弦波,正弦波,正弦波
附件一（训练集）.xlsx|材料2|555,3,正弦波,正弦波,正弦波,正弦波,正弦波,正弦波
附件一（训练集）.xlsx|材料2|556,1,正弦波,正弦波,正弦波,正弦波,正弦波,正弦波
附件一（训练集）.xlsx|材料2|557,0,正弦波,正弦波,正弦波,正弦波,三角波,正弦波
附件一（训练集）.xlsx|材料2|558,0,正弦波,正弦波,正弦波,正弦波,三角波,正弦波
附件一（训练集）.xlsx|材料2|559,0,正弦波,正弦波,正弦波,正弦波,三角波,正弦波
附件一（训练集）.xlsx|材料2|56,3,正弦波,正弦波,正弦波,正弦波,正弦波,正弦波
附件一（训练集）.xlsx|材料2|560,3,正弦波,正弦波,正弦波,正弦波,正弦波,正弦波
附件一（训练集）.xlsx|材料2|561,0,正弦波,正弦波,正弦波,正弦波,正弦波,正弦波
附件一（训练集）.xlsx|材料2|562,2,正弦波,正弦波,正弦波,正弦波,正弦波,正弦波
附件一（训练集）.xlsx|材料2|563,0,正弦波,正弦波,正弦波,正弦波,正弦波,正弦波
附件一（训练集）.xlsx|材料2|564,4,正弦波,正弦波,正弦波,正弦波,正弦波,正弦波
附件一（训练集）.xlsx|材料2|565,2,正弦波,正弦波,正弦波,正弦波,正弦波,正弦波
附件一（训练集）.xlsx|材料2|566,3,正弦波,正弦波,正弦波,正弦波,正弦波,正弦波
附件一（训练集）.xlsx|材料2|567,4,正弦波,正弦波,正弦波,正弦波,三角波,正弦波
附件一（训练集）.xlsx|材料2|568,1,正弦波,正弦波,正弦波,正弦波,三角波,正弦波
附件一（训练集）.xlsx|材料2|569,0,正弦波,正弦波,正弦波,正弦波,三角波,正弦波
附件一（训练集）.xlsx|材料2|57,0,正弦波,正弦波,正弦波,正弦波,正弦波,正弦波
附件一（训练集）.xlsx|材料2|570,4,正弦波,正弦波,正弦波,正弦波,三角波,正弦波
附件一（训练集）.xlsx|材料2|571,4,正弦波,正弦波,正弦波,正弦波,正弦波,正弦波
附件一（训练集）.xlsx|材料2|572,3,正弦波,正弦波,正弦波,正弦波,正弦波,正弦波
附件一（训练集）.xlsx|材料2|573,4,正弦波,正弦波,正弦波,正弦波,正弦波,正弦波
附件一（训练集）.xlsx|材料2|574,1,正弦波,正弦波,正弦波,正弦波,三角波,正弦波
附件一（训练集）.xlsx|材料2|575,1,正弦波,正弦波,正弦波,正弦波,三角波,正弦波
附件一（训练集）.xlsx|材料2|576,4,正弦波,正弦波,正弦波,正弦波,三角波,正弦波
附件一（训练集）.xlsx|材料2|577,2,正弦波,正弦波,正弦波,正弦波,三角波,正弦波
附件一（训练集）.xlsx|材料2|578,1,正弦波,正弦波,正弦波,正弦波,正弦波,正弦波
附件一（训练集）.xlsx|材料2|579,0,正弦波,正弦波,正弦波,正弦波,正弦波,正弦波
附件一（训练集）.xlsx|材料2|58,4,正弦波,正弦波,正弦波,正弦波,正弦波,正弦波
附件一（训练集）.xlsx|材料2|580,4,正弦波,正弦波,正弦波,正弦波,三角波,正弦波
附件一（训练集）.xlsx|材料2|581,1,正弦波,正弦波,正弦波,正弦波,三角波,正弦波
附件一（训练集）.xlsx|材料2|582,1,正弦波,正弦波,正弦波,正弦波,三角波,正弦波
附件一（训练集）.xlsx|材料2|583,4,正弦波,正弦波,正弦波,正弦波,三角波,正弦波
附件一（训练集）.xlsx|材料2|584,1,正弦波,正弦波,正弦波,正弦波,三角波,正弦波
附件一（训练集）.xlsx|材料2|585,4,正弦波,正弦波,正弦波,正弦波,三角波,正弦波
附件一（训练集）.xlsx|材料2|586,1,正弦波,正弦波,正弦波,正弦波,三角波,正弦波
附件一（训练集）.xlsx|材料2|587,0,正弦波,正弦波,正弦波,正弦波,三角波,正弦波
附件一（训练集）.xlsx|材料2|588,2,正弦波,正弦波,正弦波,正弦波,三角波,正弦波
附件一（训练集）.xlsx|材料2|589,4,正弦波,正弦波,正弦波,正弦波,三角波,正弦波
附件一（训练集）.xlsx|材料2|59,2,正弦波,正弦波,正弦波,正弦波,正弦波,正弦波
附件一（训练集）.xlsx|材料2|590,2,正弦波,正弦波,正弦波,正弦波,三角波,正弦波
附件一（训练集）.xlsx|材料2|591,0,正弦波,正弦波,正弦波,正弦波,三角波,正弦波
附件一（训练集）.xlsx|材料2|592,0,正弦波,正弦波,正弦波,正弦波,三角波,正弦波
附件一（训练集）.xlsx|材料2|593,4,正弦波,正弦波,正弦波,正弦波,三角波,正弦波
附件一（训练集）.xlsx|材料2|594,1,正弦波,正弦波,正弦波,正弦波,三角波,正弦波
附件一（训练集）.xlsx|材料2|595,4,正弦波,正弦波,正弦波,正弦波,三角波,正弦波
附件一（训练集）.xlsx|材料2|596,0,正弦波,正弦波,正弦波,正弦波,三角波,正弦波
附件一（训练集）.xlsx|材料2|597,0,正弦波,正弦波,正弦波,正弦波,三角波,正弦波
附件一（训练集）.xlsx|材料2|598,2,正弦波,正弦波,正弦波,正弦波,正弦波,正弦波
附件一（训练集）.xlsx|材料2|599,1,正弦波,正弦波,正弦波,正弦波,正弦波,正弦波
附件一（训练集）.xlsx|材料2|6,3,正弦波,正弦波,正弦波,正弦波,正弦波,正弦波
附件一（训练集）.xlsx|材料2|60,3,正弦波,正弦波,正弦波,正弦波,正弦波,正弦波
附件一（训练集）.xlsx|材料2|600,4,正弦波,正弦波,正弦波,正弦波,正弦波,正弦波
附件一（训练集）.xlsx|材料2|601,3,正弦波,正弦波,正弦波,正弦波,正弦波,正弦波
附件一（训练集）.xlsx|材料2|602,1,正弦波,正弦波,正弦波,正弦波,梯形波,正弦波
附件一（训练集）.xlsx|材料2|603,3,正弦波,正弦波,正弦波,正弦波,正弦波,正弦波
附件一（训练集）.xlsx|材料2|604,0,正弦波,正弦波,正弦波,正弦波,正弦波,正弦波
附件一（训练集）.xlsx|材料2|605,1,正弦波,正弦波,正弦波,正弦波,正弦波,正弦波
附件一（训练集）.xlsx|材料2|606,2,正弦波,正弦波,正弦波,正弦波,正弦波,正弦波
附件一（训练集）.xlsx|材料2|607,4,正弦波,正弦波,正弦波,正弦波,正弦波,正弦波
附件一（训练集）.xlsx|材料2|608,0,正弦波,正弦波,正弦波,正弦波,梯形波,正弦波
附件一（训练集）.xlsx|材料2|609,4,正弦波,正弦波,正弦波,正弦波,梯形波,正弦波
附件一（训练集）.xlsx|材料2|61,3,正弦波,正弦波,正弦波,正弦波,正弦波,正弦波
附件一（训练集）.xlsx|材料2|610,1,正弦波,正弦波,正弦波,正弦波,正弦波,正弦波
附件一（训练集）.xlsx|材料2|611,4,正弦波,正弦波,正弦波,正弦波,正弦波,正弦波
附件一（训练集）.xlsx|材料2|612,3,正弦波,正弦波,正弦波,正弦波,正弦波,正弦波
附件一（训练集）.xlsx|材料2|613,4,正弦波,正弦波,正弦波,正弦波,正弦波,正弦波
附件一（训练集）.xlsx|材料2|614,3,正弦波,正弦波,正弦波,正弦波,正弦波,正弦波
附件一（训练集）.xlsx|材料2|615,3,正弦波,正弦波,正弦波,正弦波,正弦波,正弦波
附件一（训练集）.xlsx|材料2|616,3,正弦波,正弦波,正弦波,正弦波,正弦波,正弦波
附件一（训练集）.xlsx|材料2|617,2,正弦波,正弦波,正弦波,正弦波,正弦波,正弦波
附件一（训练集）.xlsx|材料2|618,2,正弦波,正弦波,正弦波,正弦波,梯形波,正弦波
附件一（训练集）.xlsx|材料2|619,0,正弦波,正弦波,正弦波,正弦波,梯形波,正弦波
附件一（训练集）.xlsx|材料2|62,1,正弦波,正弦波,正弦波,正弦波,三角波,正弦波
附件一（训练集）.xlsx|材料2|620,3,正弦波,正弦波,正弦波,正弦波,梯形波,正弦波
附件一（训练集）.xlsx|材料2|621,3,正弦波,正弦波,正弦波,正弦波,正弦波,正弦波
附件一（训练集）.xlsx|材料2|622,3,正弦波,正弦波,正弦波,正弦波,正弦波,正弦波
附件一（训练集）.xlsx|材料2|623,2,正弦波,正弦波,正弦波,正弦波,正弦波,正弦波
附件一（训练集）.xlsx|材料2|624,4,正弦波,正弦波,正弦波,正弦波,正弦波,正弦波
附件一（训练集）.xlsx|材料2|625,0,正弦波,正弦波,正弦波,正弦波,梯形波,正弦波
附件一（训练集）.xlsx|材料2|626,4,正弦波,正弦波,正弦波,正弦波,梯形波,正弦波
附件一（训练集）.xlsx|材料2|627,2,正弦波,正弦波,正弦波,正弦波,梯形波,正弦波
附件一（训练集）.xlsx|材料2|628,3,正弦波,正弦波,正弦波,正弦波,梯形波,正弦波
附件一（训练集）.xlsx|材料2|629,4,正弦波,正弦波,正弦波,正弦波,正弦波,正弦波
附件一（训练集）.xlsx|材料2|63,1,正弦波,正弦波,正弦波,正弦波,三角波,正弦波
附件一（训练集）.xlsx|材料2|630,1,正弦波,正弦波,正弦波,正弦波,正弦波,正弦波
附件一（训练集）.xlsx|材料2|631,1,正弦波,正弦波,正弦波,正弦波,正弦波,正弦波
附件一（训练集）.xlsx|材料2|632,4,正弦波,正弦波,正弦波,正弦波,正弦波,正弦波
附件一（训练集）.xlsx|材料2|633,4,正弦波,正弦波,正弦波,正弦波,正弦波,正弦波
附件一（训练集）.xlsx|材料2|634,3,正弦波,正弦波,正弦波,正弦波,正弦波,正弦波
附件一（训练集）.xlsx|材料2|635,1,正弦波,正弦波,正弦波,正弦波,梯形波,正弦波
附件一（训练集）.xlsx|材料2|636,1,正弦波,正弦波,正弦波,正弦波,梯形波,正弦波
附件一（训练集）.xlsx|材料2|637,0,正弦波,正弦波,正弦波,正弦波,梯形波,正弦波
附件一（训练集）.xlsx|材料2|638,4,正弦波,正弦波,正弦波,正弦波,正弦波,正弦波
附件一（训练集）.xlsx|材料2|639,4,正弦波,正弦波,正弦波,正弦波,正弦波,正弦波
附件一（训练集）.xlsx|材料2|64,0,正弦波,正弦波,正弦波,正弦波,正弦波,正弦波
附件一（训练集）.xlsx|材料2|640,2,正弦波,正弦波,正弦波,正弦波,正弦波,正弦波
附件一（训练集）.xlsx|材料2|641,1,正弦波,正弦波,正弦波,正弦波,正弦波,正弦波
附件一（训练集）.xlsx|材料2|642,1,正弦波,正弦波,正弦波,正弦波,正弦波,正弦波
附件一（训练集）.xlsx|材料2|643,4,正弦波,正弦波,正弦波,正弦波,梯形波,正弦波
附件一（训练集）.xlsx|材料2|644,4,正弦波,正弦波,正弦波,正弦波,梯形波,正弦波
附件一（训练集）.xlsx|材料2|645,2,正弦波,正弦波,正弦波,正弦波,梯形波,正弦波
附件一（训练集）.xlsx|材料2|646,3,正弦波,正弦波,正弦波,正弦波,正弦波,正弦波
附件一（训练集）.xlsx|材料2|647,0,正弦波,正弦波,正弦波,正弦波,正弦波,正弦波
附件一（训练集）.xlsx|材料2|648,3,正弦波,正弦波,正弦波,正弦波,正弦波,正弦波
附件一（训练集）.xlsx|材料2|649,0,正弦波,正弦波,正弦波,正弦波,正弦波,正弦波
附件一（训练集）.xlsx|材料2|65,0,正弦波,正弦波,正弦波,正弦波,正弦波,正弦波
附件一（训练集）.xlsx|材料2|650,4,正弦波,正弦波,正弦波,正弦波,正弦波,正弦波
附件一（训练集）.xlsx|材料2|651,1,正弦波,正弦波,正弦波,正弦波,三角波,正弦波
附件一（训练集）.xlsx|材料2|652,4,正弦波,正弦波,正弦波,正弦波,三角波,正弦波
附件一（训练集）.xlsx|材料2|653,4,正弦波,正弦波,正弦波,正弦波,三角波,正弦波
附件一（训练集）.xlsx|材料2|654,4,正弦波,正弦波,正弦波,正弦波,梯形波,正弦波
附件一（训练集）.xlsx|材料2|655,3,正弦波,正弦波,正弦波,正弦波,正弦波,正弦波
附件一（训练集）.xlsx|材料2|656,4,正弦波,正弦波,正弦波,正弦波,正弦波,正弦波
附件一（训练集）.xlsx|材料2|657,1,正弦波,正弦波,正弦波,正弦波,正弦波,正弦波
附件一（训练集）.xlsx|材料2|658,1,正弦波,正弦波,正弦波,正弦波,三角波,正弦波
附件一（训练集）.xlsx|材料2|659,3,正弦波,正弦波,正弦波,正弦波,三角波,正弦波
附件一（训练集）.xlsx|材料2|66,4,正弦波,正弦波,正弦波,正弦波,正弦波,正弦波
附件一（训练集）.xlsx|材料2|660,2,正弦波,正弦波,正弦波,正弦波,三角波,正弦波
附件一（训练集）.xlsx|材料2|661,2,正弦波,正弦波,正弦波,正弦波,三角波,正弦波
附件一（训练集）.xlsx|材料2|662,3,正弦波,正弦波,正弦波,正弦波,三角波,正弦波
附件一（训练集）.xlsx|材料2|663,0,正弦波,正弦波,正弦波,正弦波,正弦波,正弦波
附件一（训练集）.xlsx|材料2|664,1,正弦波,正弦波,正弦波,正弦波,正弦波,正弦波
附件一（训练集）.xlsx|材料2|665,4,正弦波,正弦波,正弦波,正弦波,三角波,正弦波
附件一（训练集）.xlsx|材料2|666,2,正弦波,正弦波,正弦波,正弦波,正弦波,正弦波
附件一（训练集）.xlsx|材料2|667,4,正弦波,正弦波,正弦波,正弦波,三角波,正弦波
附件一（训练集）.xlsx|材料2|668,0,正弦波,正弦波,正弦波,正弦波,三角波,正弦波
附件一（训练集）.xlsx|材料2|669,2,正弦波,正弦波,正弦波,正弦波,三角波,正弦波
附件一（训练集）.xlsx|材料2|67,3,正弦波,正弦波,正弦波,正弦波,正弦波,正弦波
附件一（训练集）.xlsx|材料2|670,1,正弦波,正弦波,正弦波,正弦波,三角波,正弦波
附件一（训练集）.xlsx|材料2|671,1,正弦波,正弦波,正弦波,正弦波,三角波,正弦波
附件一（训练集）.xlsx|材料2|672,4,正弦波,正弦波,正弦波,正弦波,三角波,正弦波
附件一（训练集）.xlsx|材料2|673,4,正弦波,正弦波,正弦波,正弦波,三角波,正弦波
附件一（训练集）.xlsx|材料2|674,0,正弦波,正弦波,正弦波,正弦波,三角波,正弦波
附件一（训练集）.xlsx|材料2|675,1,正弦波,正弦波,正弦波,正弦波,三角波,正弦波
附件一（训练集）.xlsx|材料2|676,4,正弦波,正弦波,正弦波,正弦波,三角波,正弦波
附件一（训练集）.xlsx|材料2|677,1,正弦波,正弦波,正弦波,正弦波,三角波,正弦波
附件一（训练集）.xlsx|材料2|678,3,正弦波,正弦波,正弦波,正弦波,三角波,正弦波
附件一（训练集）.xlsx|材料2|679,4,正弦波,正弦波,正弦波,正弦波,三角波,正弦波
附件一（训练集）.xlsx|材料2|68,0,正弦波,正弦波,正弦波,正弦波,正弦波,正弦波
附件一（训练集）.xlsx|材料2|680,2,正弦波,正弦波,正弦波,正弦波,三角波,正弦波
附件一（训练集）.xlsx|材料2|681,1,正弦波,正弦波,正弦波,正弦波,三角波,正弦波
附件一（训练集）.xlsx|材料2|682,0,正弦波,正弦波,正弦波,正弦波,三角波,正弦波
附件一（训练集）.xlsx|材料2|683,4,正弦波,正弦波,正弦波,正弦波,三角波,正弦波
附件一（训练集）.xlsx|材料2|684,0,正弦波,正弦波,正弦波,正弦波,三角波,正弦波
附件一（训练集）.xlsx|材料2|685,1,正弦波,正弦波,正弦波,正弦波,正弦波,正弦波
附件一（训练集）.xlsx|材料2|686,0,正弦波,正弦波,正弦波,正弦波,正弦波,正弦波
附件一（训练集）.xlsx|材料2|687,2,正弦波,正弦波,正弦波,正弦波,正弦波,正弦波
附件一（训练集）.xlsx|材料2|688,3,正弦波,正弦波,正弦波,正弦波,正弦波,正弦波
附件一（训练集）.xlsx|材料2|689,4,正弦波,正弦波,正弦波,正弦波,正弦波,正弦波
附件一（训练集）.xlsx|材料2|69,1,正弦波,正弦波,正弦波,正弦波,三角波,正弦波
附件一（训练集）.xlsx|材料2|690,1,正弦波,正弦波,正弦波,正弦波,正弦波,正弦波
附件一（训练集）.xlsx|材料2|691,4,正弦波,正弦波,正弦波,正弦波,正弦波,正弦波
附件一（训练集）.xlsx|材料2|692,2,正弦波,正弦波,正弦波,正弦波,正弦波,正弦波
附件一（训练集）.xlsx|材料2|693,1,正弦波,正弦波,正弦波,正弦波,正弦波,正弦波
附件一（训练集）.xlsx|材料2|694,4,正弦波,正弦波,正弦波,正弦波,正弦波,正弦波
附件一（训练集）.xlsx|材料2|695,1,正弦波,正弦波,正弦波,正弦波,正弦波,正弦波
附件一（训练集）.xlsx|材料2|696,1,正弦波,正弦波,正弦波,正弦波,正弦波,正弦波
附件一（训练集）.xlsx|材料2|697,3,正弦波,正弦波,正弦波,正弦波,正弦波,正弦波
附件一（训练集）.xlsx|材料2|698,3,正弦波,正弦波,正弦波,正弦波,正弦波,正弦波
附件一（训练集）.xlsx|材料2|699,1,正弦波,正弦波,正弦波,正弦波,梯形波,正弦波
附件一（训练集）.xlsx|材料2|7,3,正弦波,正弦波,正弦波,正弦波,正弦波,正弦波
附件一（训练集）.xlsx|材料2|70,4,正弦波,正弦波,正弦波,正弦波,三角波,正弦波
附件一（训练集）.xlsx|材料2|700,0,正弦波,正弦波,正弦波,正弦波,正弦波,正弦波
附件一（训练集）.xlsx|材料2|701,4,正弦波,正弦波,正弦波,正弦波,正弦波,正弦波
附件一（训练集）.xlsx|材料2|702,4,正弦波,正弦波,正弦波,正弦波,正弦波,正弦波
附件一（训练集）.xlsx|材料2|703,1,正弦波,正弦波,正弦波,正弦波,正弦波,正弦波
附件一（训练集）.xlsx|材料2|704,1,正弦波,正弦波,正弦波,正弦波,正弦波,正弦波
附件一（训练集）.xlsx|材料2|705,4,正弦波,正弦波,正弦波,正弦波,正弦波,正弦波
附件一（训练集）.xlsx|材料2|706,2,正弦波,正弦波,正弦波,正弦波,正弦波,正弦波
附件一（训练集）.xlsx|材料2|707,0,正弦波,正弦波,正弦波,正弦波,正弦波,正弦波
附件一（训练集）.xlsx|材料2|708,0,正弦波,正弦波,正弦波,正弦波,梯形波,正弦波
附件一（训练集）.xlsx|材料2|709,1,正弦波,正弦波,正弦波,正弦波,梯形波,正弦波
附件一（训练集）.xlsx|材料2|71,1,正弦波,正弦波,正弦波,正弦波,三角波,正弦波
附件一（训练集）.xlsx|材料2|710,1,正弦波,正弦波,正弦波,正弦波,正弦波,正弦波
附件一（训练集）.xlsx|材料2|711,1,正弦波,正弦波,正弦波,正弦波,正弦波,正弦波
附件一（训练集）.xlsx|材料2|712,0,正弦波,正弦波,正弦波,正弦波,正弦波,正弦波
附件一（训练集）.xlsx|材料2|713,2,正弦波,正弦波,正弦波,正弦波,正弦波,正弦波
附件一（训练集）.xlsx|材料2|714,1,正弦波,正弦波,正弦波,正弦波,正弦波,正弦波
附件一（训练集）.xlsx|材料2|715,4,正弦波,正弦波,正弦波,正弦波,梯形波,正弦波
附件一（训练集）.xlsx|材料2|716,4,正弦波,正弦波,正弦波,正弦波,梯形波,正弦波
附件一（训练集）.xlsx|材料2|717,4,正弦波,正弦波,正弦波,正弦波,梯形波,正弦波
附件一（训练集）.xlsx|材料2|718,3,正弦波,正弦波,正弦波,正弦波,梯形波,正弦波
附件一（训练集）.xlsx|材料2|719,2,正弦波,正弦波,正弦波,正弦波,正弦波,正弦波
附件一（训练集）.xlsx|材料2|72,1,正弦波,正弦波,正弦波,正弦波,三角波,正弦波
附件一（训练集）.xlsx|材料2|720,0,正弦波,正弦波,正弦波,正弦波,正弦波,正弦波
附件一（训练集）.xlsx|材料2|721,2,正弦波,正弦波,正弦波,正弦波,正弦波,正弦波
附件一（训练集）.xlsx|材料2|722,1,正弦波,正弦波,正弦波,正弦波,正弦波,正弦波
附件一（训练集）.xlsx|材料2|723,1,正弦波,正弦波,正弦波,正弦波,正弦波,正弦波
附件一（训练集）.xlsx|材料2|724,4,正弦波,正弦波,正弦波,正弦波,梯形波,正弦波
附件一（训练集）.xlsx|材料2|725,1,正弦波,正弦波,正弦波,正弦波,梯形波,正弦波
附件一（训练集）.xlsx|材料2|726,4,正弦波,正弦波,正弦波,正弦波,梯形波,正弦波
附件一（训练集）.xlsx|材料2|727,0,正弦波,正弦波,正弦波,正弦波,正弦波,正弦波
附件一（训练集）.xlsx|材料2|728,0,正弦波,正弦波,正弦波,正弦波,正弦波,正弦波
附件一（训练集）.xlsx|材料2|729,3,正弦波,正弦波,正弦波,正弦波,正弦波,正弦波
附件一（训练集）.xlsx|材料2|73,4,正弦波,正弦波,正弦波,正弦波,三角波,正弦波
附件一（训练集）.xlsx|材料2|730,0,正弦波,正弦波,正弦波,正弦波,正弦波,正弦波
附件一（训练集）.xlsx|材料2|731,0,正弦波,正弦波,正弦波,正弦波,正弦波,正弦波
附件一（训练集）.xlsx|材料2|732,4,正弦波,正弦波,正弦波,正弦波,梯形波,正弦波
附件一（训练集）.xlsx|材料2|733,2,正弦波,正弦波,正弦波,正弦波,梯形波,正弦波
附件一（训练集）.xlsx|材料2|734,0,正弦波,正弦波,正弦波,正弦波,正弦波,正弦波
附件一（训练集）.xlsx|材料2|735,3,正弦波,正弦波,正弦波,正弦波,正弦波,正弦波
附件一（训练集）.xlsx|材料2|736,4,正弦波,正弦波,正弦波,正弦波,正弦波,正弦波
附件一（训练集）.xlsx|材料2|737,3,正弦波,正弦波,正弦波,正弦波,正弦波,正弦波
附件一（训练集）.xlsx|材料2|738,4,正弦波,正弦波,正弦波,正弦波,正弦波,正弦波
附件一（训练集）.xlsx|材料2|739,1,正弦波,正弦波,正弦波,正弦波,正弦波,正弦波
附件一（训练集）.xlsx|材料2|74,4,正弦波,正弦波,正弦波,正弦波,三角波,正弦波
附件一（训练集）.xlsx|材料2|740,2,正弦波,正弦波,正弦波,正弦波,正弦波,正弦波
附件一（训练集）.xlsx|材料2|741,4,正弦波,正弦波,正弦波,正弦波,三角波,正弦波
附件一（训练集）.xlsx|材料2|742,0,正弦波,正弦波,正弦波,正弦波,三角波,正弦波
附件一（训练集）.xlsx|材料2|743,2,正弦波,正弦波,正弦波,正弦波,三角波,正弦波
附件一（训练集）.xlsx|材料2|744,1,正弦波,正弦波,正弦波,正弦波,梯形波,正弦波
附件一（训练集）.xlsx|材料2|745,0,正弦波,正弦波,正弦波,正弦波,正弦波,正弦波
附件一（训练集）.xlsx|材料2|746,3,正弦波,正弦波,正弦波,正弦波,正弦波,正弦波
附件一（训练集）.xlsx|材料2|747,4,正弦波,正弦波,正弦波,正弦波,三角波,正弦波
附件一（训练集）.xlsx|材料2|748,0,正弦波,正弦波,正弦波,正弦波,三角波,正弦波
附件一（训练集）.xlsx|材料2|749,4,正弦波,正弦波,正弦波,正弦波,三角波,正弦波
附件一（训练集）.xlsx|材料2|75,1,正弦波,正弦波,正弦波,正弦波,正弦波,正弦波
附件一（训练集）.xlsx|材料2|750,2,正弦波,正弦波,正弦波,正弦波,正弦波,正弦波
附件一（训练集）.xlsx|材料2|751,3,正弦波,正弦波,正弦波,正弦波,正弦波,正弦波
附件一（训练集）.xlsx|材料2|752,1,正弦波,正弦波,正弦波,正弦波,三角波,正弦波
附件一（训练集）.xlsx|材料2|753,1,正弦波,正弦波,正弦波,正弦波,三角波,正弦波
附件一（训练集）.xlsx|材料2|754,1,正弦波,正弦波,正弦波,正弦波,三角波,正弦波
附件一（训练集）.xlsx|材料2|755,2,正弦波,正弦波,正弦波,正弦波,正弦波,正弦波
附件一（训练集）.xlsx|材料2|756,4,正弦波,正弦波,正弦波,正弦波,三角波,正弦波
附件一（训练集）.xlsx|材料2|757,1,正弦波,正弦波,正弦波,正弦波,三角波,正弦波
附件一（训练集）.xlsx|材料2|758,1,正弦波,正弦波,正弦波,正弦波,三角波,正弦波
附件一（训练集）.xlsx|材料2|759,1,正弦波,正弦波,正弦波,正弦波,三角波,正弦波
附件一（训练集）.xlsx|材料2|76,0,正弦波,正弦波,正弦波,正弦波,正弦波,正弦波
附件一（训练集）.xlsx|材料2|760,4,正弦波,正弦波,正弦波,正弦波,三角波,正弦波
附件一（训练集）.xlsx|材料2|761,0,正弦波,正弦波,正弦波,正弦波,三角波,正弦波
附件一（训练集）.xlsx|材料2|762,4,正弦波,正弦波,正弦波,正弦波,三角波,正弦波
附件一（训练集）.xlsx|材料2|763,4,正弦波,正弦波,正弦波,正弦波,三角波,正弦波
附件一（训练集）.xlsx|材料2|764,1,正弦波,正弦波,正弦波,正弦波,三角波,正弦波
附件一（训练集）.xlsx|材料2|765,4,正弦波,正弦波,正弦波,正弦波,三角波,正弦波
附件一（训练集）.xlsx|材料2|766,4,正弦波,正弦波,正弦波,正弦波,三角波,正弦波
附件一（训练集）.xlsx|材料2|767,0,正弦波,正弦波,正弦波,正弦波,三角波,正弦波
附件一（训练集）.xlsx|材料2|768,4,正弦波,正弦波,正弦波,正弦波,三角波,正弦波
附件一（训练集）.xlsx|材料2|769,0,正弦波,正弦波,正弦波,正弦波,正弦波,正弦波
附件一（训练集）.xlsx|材料2|77,2,正弦波,正弦波,正弦波,正弦波,正弦波,正弦波
附件一（训练集）.xlsx|材料2|770,3,正弦波,正弦波,正弦波,正弦波,正弦波,正弦波
附件一（训练集）.xlsx|材料2|771,4,正弦波,正弦波,正弦波,正弦波,正弦波,正弦波
附件一（训练集）.xlsx|材料2|772,4,正弦波,正弦波,正弦波,正弦波,正弦波,正弦波
附件一（训练集）.xlsx|材料2|773,3,正弦波,正弦波,正弦波,正弦波,梯形波,正弦波
附件一（训练集）.xlsx|材料2|774,1,正弦波,正弦波,正弦波,正弦波,梯形波,正弦波
附件一（训练集）.xlsx|材料2|775,0,正弦波,正弦波,正弦波,正弦波,正弦波,正弦波
附件一（训练集）.xlsx|材料2|776,4,正弦波,正弦波,正弦波,正弦波,正弦波,正弦波
附件一（训练集）.xlsx|材料2|777,4,正弦波,正弦波,正弦波,正弦波,正弦波,正弦波
附件一（训练集）.xlsx|材料2|778,3,正弦波,正弦波,正弦波,正弦波,正弦波,正弦波
附件一（训练集）.xlsx|材料2|779,2,正弦波,正弦波,正弦波,正弦波,梯形波,正弦波
附件一（训练集）.xlsx|材料2|78,1,正弦波,正弦波,正弦波,正弦波,三角波,正弦波
附件一（训练集）.xlsx|材料2|780,3,正弦波,正弦波,正弦波,正弦波,梯形波,正弦波
附件一（训练集）.xlsx|材料2|781,2,正弦波,正弦波,正弦波,正弦波,梯形波,正弦波
附件一（训练集）.xlsx|材料2|782,3,正弦波,正弦波,正弦波,正弦波,正弦波,正弦波
附件一（训练集）.xlsx|材料2|783,1,正弦波,正弦波,正弦波,正弦波,正弦波,正弦波
附件一（训练集）.xlsx|材料2|784,2,正弦波,正弦波,正弦波,正弦波,正弦波,正弦波
附件一（训练集）.xlsx|材料2|785,0,正弦波,正弦波,正弦波,正弦波,正弦波,正弦波
附件一（训练集）.xlsx|材料2|786,4,正弦波,正弦波,正弦波,正弦波,正弦波,正弦波
附件一（训练集）.xlsx|材料2|787,1,正弦波,正弦波,正弦波,正弦波,正弦波,正弦波
附件一（训练集）.xlsx|材料2|788,0,正弦波,正弦波,正弦波,正弦波,正弦波,正弦波
附件一（训练集）.xlsx|材料2|789,2,正弦波,正弦波,正弦波,正弦波,梯形波,正弦波
附件一（训练集）.xlsx|材料2|79,1,正弦波,正弦波,正弦波,正弦波,三角波,正弦波
附件一（训练集）.xlsx|材料2|790,3,正弦波,正弦波,正弦波,正弦波,正弦波,正弦波
附件一（训练集）.xlsx|材料2|791,1,正弦波,正弦波,正弦波,正弦波,正弦波,正弦波
附件一（训练集）.xlsx|材料2|792,4,正弦波,正弦波,正弦波,正弦波,正弦波,正弦波
附件一（训练集）.xlsx|材料2|793,1,正弦波,正弦波,正弦波,正弦波,正弦波,正弦波
附件一（训练集）.xlsx|材料2|794,0,正弦波,正弦波,正弦波,正弦波,正弦波,正弦波
附件一（训练集）.xlsx|材料2|795,4,正弦波,正弦波,正弦波,正弦波,正弦波,正弦波
附件一（训练集）.xlsx|材料2|796,3,正弦波,正弦波,正弦波,正弦波,正弦波,正弦波
附件一（训练集）.xlsx|材料2|797,2,正弦波,正弦波,正弦波,正弦波,正弦波,正弦波
附件一（训练集）.xlsx|材料2|798,2,正弦波,正弦波,正弦波,正弦波,梯形波,正弦波
附件一（训练集）.xlsx|材料2|799,2,正弦波,正弦波,正弦波,正弦波,梯形波,正弦波
附件一（训练集）.xlsx|材料2|8,3,正弦波,正弦波,正弦波,正弦波,正弦波,正弦波
附件一（训练集）.xlsx|材料2|80,3,正弦波,正弦波,正弦波,正弦波,三角波,正弦波
附件一（训练集）.xlsx|材料2|800,0,正弦波,正弦波,正弦波,正弦波,梯形波,正弦波
附件一（训练集）.xlsx|材料2|801,3,正弦波,正弦波,正弦波,正弦波,正弦波,正弦波
附件一（训练集）.xlsx|材料2|802,4,正弦波,正弦波,正弦波,正弦波,正弦波,正弦波
附件一（训练集）.xlsx|材料2|803,1,正弦波,正弦波,正弦波,正弦波,正弦波,正弦波
附件一（训练集）.xlsx|材料2|804,1,正弦波,正弦波,正弦波,正弦波,正弦波,正弦波
附件一（训练集）.xlsx|材料2|805,4,正弦波,正弦波,正弦波,正弦波,正弦波,正弦波
附件一（训练集）.xlsx|材料2|806,0,正弦波,正弦波,正弦波,正弦波,正弦波,正弦波
附件一（训练集）.xlsx|材料2|807,2,正弦波,正弦波,正弦波,正弦波,正弦波,正弦波
附件一（训练集）.xlsx|材料2|808,2,正弦波,正弦波,正弦波,正弦波,梯形波,正弦波
附件一（训练集）.xlsx|材料2|809,2,正弦波,正弦波,正弦波,正弦波,梯形波,正弦波
附件一（训练集）.xlsx|材料2|81,1,正弦波,正弦波,正弦波,正弦波,三角波,正弦波
附件一（训练集）.xlsx|材料2|810,3,正弦波,正弦波,正弦波,正弦波,梯形波,正弦波
附件一（训练集）.xlsx|材料2|811,0,正弦波,正弦波,正弦波,正弦波,梯形波,正弦波
附件一（训练集）.xlsx|材料2|812,0,正弦波,正弦波,正弦波,正弦波,正弦波,正弦波
附件一（训练集）.xlsx|材料2|813,0,正弦波,正弦波,正弦波,正弦波,正弦波,正弦波
附件一（训练集）.xlsx|材料2|814,1,正弦波,正弦波,正弦波,正弦波,正弦波,正弦波
附件一（训练集）.xlsx|材料2|815,4,正弦波,正弦波,正弦波,正弦波,正弦波,正弦波
附件一（训练集）.xlsx|材料2|816,1,正弦波,正弦波,正弦波,正弦波,正弦波,正弦波
附件一（训练集）.xlsx|材料2|817,0,正弦波,正弦波,正弦波,正弦波,梯形波,正弦波
附件一（训练集）.xlsx|材料2|818,3,正弦波,正弦波,正弦波,正弦波,梯形波,正弦波
附件一（训练集）.xlsx|材料2|819,0,正弦波,正弦波,正弦波,正弦波,梯形波,正弦波
附件一（训练集）.xlsx|材料2|82,1,正弦波,正弦波,正弦波,正弦波,三角波,正弦波
附件一（训练集）.xlsx|材料2|820,2,正弦波,正弦波,正弦波,正弦波,梯形波,正弦波
附件一（训练集）.xlsx|材料2|821,3,正弦波,正弦波,正弦波,正弦波,正弦波,正弦波
附件一（训练集）.xlsx|材料2|822,1,正弦波,正弦波,正弦波,正弦波,正弦波,正弦波
附件一（训练集）.xlsx|材料2|823,1,正弦波,正弦波,正弦波,正弦波,正弦波,正弦波
附件一（训练集）.xlsx|材料2|824,0,正弦波,正弦波,正弦波,正弦波,三角波,正弦波
附件一（训练集）.xlsx|材料2|825,1,正弦波,正弦波,正弦波,正弦波,三角波,正弦波
附件一（训练集）.xlsx|材料2|826,4,正弦波,正弦波,正弦波,正弦波,梯形波,正弦波
附件一（训练集）.xlsx|材料2|827,2,正弦波,正弦波,正弦波,正弦波,三角波,正弦波
附件一（训练集）.xlsx|材料2|828,3,正弦波,正弦波,正弦波,正弦波,正弦波,正弦波
附件一（训练集）.xlsx|材料2|829,1,正弦波,正弦波,正弦波,正弦波,正弦波,正弦波
附件一（训练集）.xlsx|材料2|83,4,正弦波,正弦波,正弦波,正弦波,三角波,正弦波
附件一（训练集）.xlsx|材料2|830,4,正弦波,正弦波,正弦波,正弦波,正弦波,正弦波
附件一（训练集）.xlsx|材料2|831,2,正弦波,正弦波,正弦波,正弦波,正弦波,正弦波
附件一（训练集）.xlsx|材料2|832,0,正弦波,正弦波,正弦波,正弦波,三角波,正弦波
附件一（训练集）.xlsx|材料2|833,1,正弦波,正弦波,正弦波,正弦波,三角波,正弦波
附件一（训练集）.xlsx|材料2|834,0,正弦波,正弦波,正弦波,正弦波,三角波,正弦波
附件一（训练集）.xlsx|材料2|835,1,正弦波,正弦波,正弦波,正弦波,三角波,正弦波
附件一（训练集）.xlsx|材料2|836,3,正弦波,正弦波,正弦波,正弦波,正弦波,正弦波
附件一（训练集）.xlsx|材料2|837,3,正弦波,正弦波,正弦波,正弦波,正弦波,正弦波
附件一（训练集）.xlsx|材料2|838,4,正弦波,正弦波,正弦波,正弦波,三角波,正弦波
附件一（训练集）.xlsx|材料2|839,3,正弦波,正弦波,正弦波,正弦波,三角波,正弦波
附件一（训练集）.xlsx|材料2|84,3,正弦波,正弦波,正弦波,正弦波,正弦波,正弦波
附件一（训练集）.xlsx|材料2|840,2,正弦波,正弦波,正弦波,正弦波,三角波,正弦波
附件一（训练集）.xlsx|材料2|841,2,正弦波,正弦波,正弦波,正弦波,三角波,正弦波
附件一（训练集）.xlsx|材料2|842,3,正弦波,正弦波,正弦波,正弦波,正弦波,正弦波
附件一（训练集）.xlsx|材料2|843,4,正弦波,正弦波,正弦波,正弦波,三角波,正弦波
附件一（训练集）.xlsx|材料2|844,1,正弦波,正弦波,正弦波,正弦波,三角波,正弦波
附件一（训练集）.xlsx|材料2|845,0,正弦波,正弦波,正弦波,正弦波,三角波,正弦波
附件一（训练集）.xlsx|材料2|846,4,正弦波,正弦波,正弦波,正弦波,三角波,正弦波
附件一（训练集）.xlsx|材料2|847,0,正弦波,正弦波,正弦波,正弦波,三角波,正弦波
附件一（训练集）.xlsx|材料2|848,4,正弦波,正弦波,正弦波,正弦波,三角波,正弦波
附件一（训练集）.xlsx|材料2|849,4,正弦波,正弦波,正弦波,正弦波,三角波,正弦波
附件一（训练集）.xlsx|材料2|85,4,正弦波,正弦波,正弦波,正弦波,三角波,正弦波
附件一（训练集）.xlsx|材料2|850,0,正弦波,正弦波,正弦波,正弦波,三角波,正弦波
附件一（训练集）.xlsx|材料2|851,3,正弦波,正弦波,正弦波,正弦波,三角波,正弦波
附件一（训练集）.xlsx|材料2|852,3,正弦波,正弦波,正弦波,正弦波,三角波,正弦波
附件一（训练集）.xlsx|材料2|853,1,正弦波,正弦波,正弦波,正弦波,三角波,正弦波
附件一（训练集）.xlsx|材料2|854,2,正弦波,正弦波,正弦波,正弦波,三角波,正弦波
附件一（训练集）.xlsx|材料2|855,0,正弦波,正弦波,正弦波,正弦波,正弦波,正弦波
附件一（训练集）.xlsx|材料2|856,1,正弦波,正弦波,正弦波,正弦波,正弦波,正弦波
附件一（训练集）.xlsx|材料2|857,4,正弦波,正弦波,正弦波,正弦波,正弦波,正弦波
附件一（训练集）.xlsx|材料2|858,4,正弦波,正弦波,正弦波,正弦波,正弦波,正弦波
附件一（训练集）.xlsx|材料2|859,0,正弦波,正弦波,正弦波,正弦波,三角波,正弦波
附件一（训练集）.xlsx|材料2|86,2,正弦波,正弦波,正弦波,正弦波,三角波,正弦波
附件一（训练集）.xlsx|材料2|860,2,正弦波,正弦波,正弦波,正弦波,正弦波,正弦波
附件一（训练集）.xlsx|材料2|861,3,正弦波,正弦波,正弦波,正弦波,正弦波,正弦波
附件一（训练集）.xlsx|材料2|862,1,正弦波,正弦波,正弦波,正弦波,正弦波,正弦波
附件一（训练集）.xlsx|材料2|863,4,正弦波,正弦波,正弦波,正弦波,三角波,正弦波
附件一（训练集）.xlsx|材料2|864,4,正弦波,正弦波,正弦波,正弦波,梯形波,正弦波
附件一（训练集）.xlsx|材料2|865,0,正弦波,正弦波,正弦波,正弦波,三角波,正弦波
附件一（训练集）.xlsx|材料2|866,3,正弦波,正弦波,正弦波,正弦波,三角波,正弦波
附件一（训练集）.xlsx|材料2|867,4,正弦波,正弦波,正弦波,正弦波,三角波,正弦波
附件一（训练集）.xlsx|材料2|868,0,正弦波,正弦波,正弦波,正弦波,三角波,正弦波
附件一（训练集）.xlsx|材料2|869,4,正弦波,正弦波,正弦波,正弦波,三角波,正弦波
附件一（训练集）.xlsx|材料2|87,2,正弦波,正弦波,正弦波,正弦波,三角波,正弦波
附件一（训练集）.xlsx|材料2|870,0,正弦波,正弦波,正弦波,正弦波,正弦波,正弦波
附件一（训练集）.xlsx|材料2|871,2,正弦波,正弦波,正弦波,正弦波,正弦波,正弦波
附件一（训练集）.xlsx|材料2|872,4,正弦波,正弦波,正弦波,正弦波,梯形波,正弦波
附件一（训练集）.xlsx|材料2|873,0,正弦波,正弦波,正弦波,正弦波,正弦波,正弦波
附件一（训练集）.xlsx|材料2|874,3,正弦波,正弦波,正弦波,正弦波,正弦波,正弦波
附件一（训练集）.xlsx|材料2|875,4,正弦波,正弦波,正弦波,正弦波,正弦波,正弦波
附件一（训练集）.xlsx|材料2|876,0,正弦波,正弦波,正弦波,正弦波,正弦波,正弦波
附件一（训练集）.xlsx|材料2|877,2,正弦波,正弦波,正弦波,正弦波,三角波,正弦波
附件一（训练集）.xlsx|材料2|878,3,正弦波,正弦波,正弦波,正弦波,正弦波,正弦波
附件一（训练集）.xlsx|材料2|879,3,正弦波,正弦波,正弦波,正弦波,三角波,正弦波
附件一（训练集）.xlsx|材料2|88,1,正弦波,正弦波,正弦波,正弦波,三角波,正弦波
附件一（训练集）.xlsx|材料2|880,3,正弦波,正弦波,正弦波,正弦波,三角波,正弦波
附件一（训练集）.xlsx|材料2|881,3,正弦波,正弦波,正弦波,正弦波,正弦波,正弦波
附件一（训练集）.xlsx|材料2|882,3,正弦波,正弦波,正弦波,正弦波,正弦波,正弦波
附件一（训练集）.xlsx|材料2|883,2,正弦波,正弦波,正弦波,正弦波,三角波,正弦波
附件一（训练集）.xlsx|材料2|884,1,正弦波,正弦波,正弦波,正弦波,正弦波,正弦波
附件一（训练集）.xlsx|材料2|885,2,正弦波,正弦波,正弦波,正弦波,三角波,正弦波
附件一（训练集）.xlsx|材料2|886,0,正弦波,正弦波,正弦波,正弦波,梯形波,正弦波
附件一（训练集）.xlsx|材料2|887,0,正弦波,正弦波,正弦波,正弦波,梯形波,正弦波
附件一（训练集）.xlsx|材料2|888,1,正弦波,正弦波,正弦波,正弦波,梯形波,正弦波
附件一（训练集）.xlsx|材料2|889,0,正弦波,正弦波,正弦波,正弦波,正弦波,正弦波
附件一（训练集）.xlsx|材料2|89,3,正弦波,正弦波,正弦波,正弦波,三角波,正弦波
附件一（训练集）.xlsx|材料2|890,1,正弦波,正弦波,正弦波,正弦波,正弦波,正弦波
附件一（训练集）.xlsx|材料2|891,2,正弦波,正弦波,正弦波,正弦波,正弦波,正弦波
附件一（训练集）.xlsx|材料2|892,3,正弦波,正弦波,正弦波,正弦波,正弦波,正弦波
附件一（训练集）.xlsx|材料2|893,4,正弦波,正弦波,正弦波,正弦波,正弦波,正弦波
附件一（训练集）.xlsx|材料2|894,1,正弦波,正弦波,正弦波,正弦波,正弦波,正弦波
附件一（训练集）.xlsx|材料2|895,1,正弦波,正弦波,正弦波,正弦波,正弦波,正弦波
附件一（训练集）.xlsx|材料2|896,4,正弦波,正弦波,正弦波,正弦波,正弦波,正弦波
附件一（训练集）.xlsx|材料2|897,2,正弦波,正弦波,正弦波,正弦波,正弦波,正弦波
附件一（训练集）.xlsx|材料2|898,2,正弦波,正弦波,正弦波,正弦波,正弦波,正弦波
附件一（训练集）.xlsx|材料2|899,2,正弦波,正弦波,正弦波,正弦波,正弦波,正弦波
附件一（训练集）.xlsx|材料2|9,2,正弦波,正弦波,正弦波,正弦波,正弦波,正弦波
附件一（训练集）.xlsx|材料2|90,1,正弦波,正弦波,正弦波,正弦波,三角波,正弦波
附件一（训练集）.xlsx|材料2|900,3,正弦波,正弦波,正弦波,正弦波,正弦波,正弦波
附件一（训练集）.xlsx|材料2|901,1,正弦波,正弦波,正弦波,正弦波,梯形波,正弦波
附件一（训练集）.xlsx|材料2|902,4,正弦波,正弦波,正弦波,正弦波,梯形波,正弦波
附件一（训练集）.xlsx|材料2|903,3,正弦波,正弦波,正弦波,正弦波,三角波,正弦波
附件一（训练集）.xlsx|材料2|904,1,正弦波,正弦波,正弦波,正弦波,正弦波,正弦波
附件一（训练集）.xlsx|材料2|905,0,正弦波,正弦波,正弦波,正弦波,三角波,正弦波
附件一（训练集）.xlsx|材料2|906,4,正弦波,正弦波,正弦波,正弦波,正弦波,正弦波
附件一（训练集）.xlsx|材料2|907,2,正弦波,正弦波,正弦波,正弦波,梯形波,正弦波
附件一（训练集）.xlsx|材料2|908,2,正弦波,正弦波,正弦波,正弦波,三角波,正弦波
附件一（训练集）.xlsx|材料2|909,3,正弦波,正弦波,正弦波,正弦波,正弦波,正弦波
附件一（训练集）.xlsx|材料2|91,1,正弦波,正弦波,正弦波,正弦波,三角波,正弦波
附件一（训练集）.xlsx|材料2|910,2,正弦波,正弦波,正弦波,正弦波,正弦波,正弦波
附件一（训练集）.xlsx|材料2|911,4,正弦波,正弦波,正弦波,正弦波,梯形波,正弦波
附件一（训练集）.xlsx|材料2|912,4,正弦波,正弦波,正弦波,正弦波,三角波,正弦波
附件一（训练集）.xlsx|材料2|913,4,正弦波,正弦波,正弦波,正弦波,正弦波,正弦波
附件一（训练集）.xlsx|材料2|914,1,正弦波,正弦波,正弦波,正弦波,正弦波,正弦波
附件一（训练集）.xlsx|材料2|915,3,正弦波,正弦波,正弦波,正弦波,正弦波,正弦波
附件一（训练集）.xlsx|材料2|916,2,正弦波,正弦波,正弦波,正弦波,正弦波,正弦波
附件一（训练集）.xlsx|材料2|917,2,正弦波,正弦波,正弦波,正弦波,正弦波,正弦波
附件一（训练集）.xlsx|材料2|918,4,正弦波,正弦波,正弦波,正弦波,三角波,正弦波
附件一（训练集）.xlsx|材料2|919,1,正弦波,正弦波,正弦波,正弦波,正弦波,正弦波
附件一（训练集）.xlsx|材料2|92,2,正弦波,正弦波,正弦波,正弦波,三角波,正弦波
附件一（训练集）.xlsx|材料2|920,2,正弦波,正弦波,正弦波,正弦波,三角波,正弦波
附件一（训练集）.xlsx|材料2|921,1,正弦波,正弦波,正弦波,正弦波,梯形波,正弦波
附件一（训练集）.xlsx|材料2|922,0,正弦波,正弦波,正弦波,正弦波,正弦波,正弦波
附件一（训练集）.xlsx|材料2|923,4,正弦波,正弦波,正弦波,正弦波,梯形波,正弦波
附件一（训练集）.xlsx|材料2|924,3,正弦波,正弦波,正弦波,正弦波,正弦波,正弦波
附件一（训练集）.xlsx|材料2|925,2,正弦波,正弦波,正弦波,正弦波,正弦波,正弦波
附件一（训练集）.xlsx|材料2|926,4,正弦波,正弦波,正弦波,正弦波,正弦波,正弦波
附件一（训练集）.xlsx|材料2|927,4,正弦波,正弦波,正弦波,正弦波,正弦波,正弦波
附件一（训练集）.xlsx|材料2|928,1,正弦波,正弦波,正弦波,正弦波,正弦波,正弦波
附件一（训练集）.xlsx|材料2|929,4,正弦波,正弦波,正弦波,正弦波,正弦波,正弦波
附件一（训练集）.xlsx|材料2|93,0,正弦波,正弦波,正弦波,正弦波,三角波,正弦波
附件一（训练集）.xlsx|材料2|930,4,正弦波,正弦波,正弦波,正弦波,正弦波,正弦波
附件一（训练集）.xlsx|材料2|931,1,正弦波,正弦波,正弦波,正弦波,梯形波,正弦波
附件一（训练集）.xlsx|材料2|932,4,正弦波,正弦波,正弦波,正弦波,三角波,正弦波
附件一（训练集）.xlsx|材料2|933,4,正弦波,正弦波,正弦波,正弦波,梯形波,正弦波
附件一（训练集）.xlsx|材料2|934,3,正弦波,正弦波,正弦波,正弦波,正弦波,正弦波
附件一（训练集）.xlsx|材料2|935,0,正弦波,正弦波,正弦波,正弦波,梯形波,正弦波
附件一（训练集）.xlsx|材料2|936,1,正弦波,正弦波,正弦波,正弦波,梯形波,正弦波
附件一（训练集）.xlsx|材料2|937,0,正弦波,正弦波,正弦波,正弦波,正弦波,正弦波
附件一（训练集）.xlsx|材料2|938,1,正弦波,正弦波,正弦波,正弦波,三角波,正弦波
附件一（训练集）.xlsx|材料2|939,3,正弦波,正弦波,正弦波,正弦波,正弦波,正弦波
附件一（训练集）.xlsx|材料2|94,0,正弦波,正弦波,正弦波,正弦波,三角波,正弦波
附件一（训练集）.xlsx|材料2|940,1,正弦波,正弦波,正弦波,正弦波,正弦波,正弦波
附件一（训练集）.xlsx|材料2|941,0,正弦波,正弦波,正弦波,正弦波,三角波,正弦波
附件一（训练集）.xlsx|材料2|942,2,正弦波,正弦波,正弦波,正弦波,三角波,正弦波
附件一（训练集）.xlsx|材料2|943,4,正弦波,正弦波,正弦波,正弦波,正弦波,正弦波
附件一（训练集）.xlsx|材料2|944,4,正弦波,正弦波,正弦波,正弦波,梯形波,正弦波
附件一（训练集）.xlsx|材料2|945,1,正弦波,正弦波,正弦波,正弦波,梯形波,正弦波
附件一（训练集）.xlsx|材料2|946,2,正弦波,正弦波,正弦波,正弦波,正弦波,正弦波
附件一（训练集）.xlsx|材料2|947,3,正弦波,正弦波,正弦波,正弦波,三角波,正弦波
附件一（训练集）.xlsx|材料2|948,3,正弦波,正弦波,正弦波,正弦波,正弦波,正弦波
附件一（训练集）.xlsx|材料2|949,1,正弦波,正弦波,正弦波,正弦波,梯形波,正弦波
附件一（训练集）.xlsx|材料2|95,3,正弦波,正弦波,正弦波,正弦波,正弦波,正弦波
附件一（训练集）.xlsx|材料2|950,1,正弦波,正弦波,正弦波,正弦波,正弦波,正弦波
附件一（训练集）.xlsx|材料2|951,3,正弦波,正弦波,正弦波,正弦波,正弦波,正弦波
附件一（训练集）.xlsx|材料2|952,0,正弦波,正弦波,正弦波,正弦波,正弦波,正弦波
附件一（训练集）.xlsx|材料2|953,4,正弦波,正弦波,正弦波,正弦波,正弦波,正弦波
附件一（训练集）.xlsx|材料2|954,4,正弦波,正弦波,正弦波,正弦波,梯形波,正弦波
附件一（训练集）.xlsx|材料2|955,1,正弦波,正弦波,正弦波,正弦波,三角波,正弦波
附件一（训练集）.xlsx|材料2|956,0,正弦波,正弦波,正弦波,正弦波,三角波,正弦波
附件一（训练集）.xlsx|材料2|957,3,正弦波,正弦波,正弦波,正弦波,梯形波,正弦波
附件一（训练集）.xlsx|材料2|958,3,正弦波,正弦波,正弦波,正弦波,梯形波,正弦波
附件一（训练集）.xlsx|材料2|959,1,正弦波,正弦波,正弦波,正弦波,正弦波,正弦波
附件一（训练集）.xlsx|材料2|96,0,正弦波,正弦波,正弦波,正弦波,正弦波,正弦波
附件一（训练集）.xlsx|材料2|960,2,正弦波,正弦波,正弦波,正弦波,三角波,正弦波
附件一（训练集）.xlsx|材料2|961,3,正弦波,正弦波,正弦波,正弦波,正弦波,正弦波
附件一（训练集）.xlsx|材料2|962,1,正弦波,正弦波,正弦波,正弦波,三角波,正弦波
附件一（训练集）.xlsx|材料2|963,4,正弦波,正弦波,正弦波,正弦波,正弦波,正弦波
附件一（训练集）.xlsx|材料2|964,0,正弦波,正弦波,正弦波,正弦波,正弦波,正弦波
附件一（训练集）.xlsx|材料2|965,1,正弦波,正弦波,正弦波,正弦波,梯形波,正弦波
附件一（训练集）.xlsx|材料2|966,4,正弦波,正弦波,正弦波,正弦波,三角波,正弦波
附件一（训练集）.xlsx|材料2|967,1,正弦波,正弦波,正弦波,正弦波,梯形波,正弦波
附件一（训练集）.xlsx|材料2|968,4,正弦波,正弦波,正弦波,正弦波,正弦波,正弦波
附件一（训练集）.xlsx|材料2|969,3,正弦波,正弦波,正弦波,正弦波,三角波,正弦波
附件一（训练集）.xlsx|材料2|97,1,正弦波,正弦波,正弦波,正弦波,正弦波,正弦波
附件一（训练集）.xlsx|材料2|970,1,正弦波,正弦波,正弦波,正弦波,正弦波,正弦波
附件一（训练集）.xlsx|材料2|971,0,正弦波,正弦波,正弦波,正弦波,梯形波,正弦波
附件一（训练集）.xlsx|材料2|972,4,正弦波,正弦波,正弦波,正弦波,正弦波,正弦波
附件一（训练集）.xlsx|材料2|973,0,正弦波,正弦波,正弦波,正弦波,正弦波,正弦波
附件一（训练集）.xlsx|材料2|974,2,正弦波,正弦波,正弦波,正弦波,正弦波,正弦波
附件一（训练集）.xlsx|材料2|975,0,正弦波,正弦波,正弦波,正弦波,正弦波,正弦波
附件一（训练集）.xlsx|材料2|976,1,正弦波,正弦波,正弦波,正弦波,三角波,正弦波
附件一（训练集）.xlsx|材料2|977,2,正弦波,正弦波,正弦波,正弦波,梯形波,正弦波
附件一（训练集）.xlsx|材料2|978,3,正弦波,正弦波,正弦波,正弦波,三角波,正弦波
附件一（训练集）.xlsx|材料2|979,3,正弦波,正弦波,正弦波,正弦波,正弦波,正弦波
附件一（训练集）.xlsx|材料2|98,4,正弦波,正弦波,正弦波,正弦波,正弦波,正弦波
附件一（训练集）.xlsx|材料2|980,0,正弦波,正弦波,正弦波,正弦波,正弦波,正弦波
附件一（训练集）.xlsx|材料2|981,4,正弦波,正弦波,正弦波,正弦波,正弦波,正弦波
附件一（训练集）.xlsx|材料2|982,0,正弦波,正弦波,正弦波,正弦波,正弦波,正弦波
附件一（训练集）.xlsx|材料2|983,0,正弦波,正弦波,正弦波,正弦波,三角波,正弦波
附件一（训练集）.xlsx|材料2|984,3,正弦波,正弦波,正弦波,正弦波,三角波,正弦波
附件一（训练集）.xlsx|材料2|985,4,正弦波,正弦波,正弦波,正弦波,正弦波,正弦波
附件一（训练集）.xlsx|材料2|986,2,正弦波,正弦波,正弦波,正弦波,正弦波,正弦波
附件一（训练集）.xlsx|材料2|987,2,正弦波,正弦波,正弦波,正弦波,正弦波,正弦波
附件一（训练集）.xlsx|材料2|988,3,正弦波,正弦波,正弦波,正弦波,正弦波,正弦波
附件一（训练集）.xlsx|材料2|989,1,正弦波,正弦波,正弦波,正弦波,正弦波,正弦波
附件一（训练集）.xlsx|材料2|99,2,正弦波,正弦波,正弦波,正弦波,正弦波,正弦波
附件一（训练集）.xlsx|材料2|990,1,正弦波,正弦波,正弦波,正弦波,三角波,正弦波
附件一（训练集）.xlsx|材料2|991,2,正弦波,正弦波,正弦波,正弦波,三角波,正弦波
附件一（训练集）.xlsx|材料2|992,0,正弦波,正弦波,正弦波,正弦波,正弦波,正弦波
附件一（训练集）.xlsx|材料2|993,1,正弦波,正弦波,正弦波,正弦波,梯形波,正弦波
附件一（训练集）.xlsx|材料2|994,1,正弦波,正弦波,正弦波,正弦波,正弦波,正弦波
附件一（训练集）.xlsx|材料2|995,4,正弦波,正弦波,正弦波,正弦波,三角波,正弦波
附件一（训练集）.xlsx|材料2|996,1,正弦波,正弦波,正弦波,正弦波,正弦波,正弦波
附件一（训练集）.xlsx|材料2|997,3,正弦波,正弦波,正弦波,正弦波,梯形波,正弦波
附件一（训练集）.xlsx|材料2|998,2,正弦波,正弦波,正弦波,正弦波,正弦波,正弦波
附件一（训练集）.xlsx|材料2|999,2,正弦波,正弦波,正弦波,正弦波,正弦波,正弦波
附件一（训练集）.xlsx|材料3|10,3,正弦波,正弦波,正弦波,正弦波,正弦波,正弦波
附件一（训练集）.xlsx|材料3|100,2,正弦波,正弦波,正弦波,正弦波,正弦波,正弦波
附件一（训练集）.xlsx|材料3|1000,3,正弦波,正弦波,正弦波,正弦波,梯形波,正弦波
附件一（训练集）.xlsx|材料3|1001,0,正弦波,正弦波,正弦波,正弦波,梯形波,正弦波
附件一（训练集）.xlsx|材料3|1002,2,正弦波,正弦波,正弦波,正弦波,正弦波,正弦波
附件一（训练集）.xlsx|材料3|1003,3,正弦波,正弦波,正弦波,正弦波,正弦波,正弦波
附件一（训练集）.xlsx|材料3|1004,3,正弦波,正弦波,正弦波,正弦波,正弦波,正弦波
附件一（训练集）.xlsx|材料3|1005,2,正弦波,正弦波,正弦波,正弦波,正弦波,正弦波
附件一（训练集）.xlsx|材料3|1006,1,正弦波,正弦波,正弦波,正弦波,正弦波,正弦波
附件一（训练集）.xlsx|材料3|1007,3,正弦波,正弦波,正弦波,正弦波,正弦波,正弦波
附件一（训练集）.xlsx|材料3|1008,1,正弦波,正弦波,正弦波,正弦波,三角波,正弦波
附件一（训练集）.xlsx|材料3|1009,3,正弦波,正弦波,正弦波,正弦波,三角波,正弦波
附件一（训练集）.xlsx|材料3|101,4,正弦波,正弦波,正弦波,正弦波,梯形波,正弦波
附件一（训练集）.xlsx|材料3|1010,3,正弦波,正弦波,正弦波,正弦波,三角波,正弦波
附件一（训练集）.xlsx|材料3|1011,4,正弦波,正弦波,正弦波,正弦波,正弦波,正弦波
附件一（训练集）.xlsx|材料3|1012,1,三角波,三角波,三角波,三角波,正弦波,三角波
附件一（训练集）.xlsx|材料3|1013,4,三角波,三角波,三角波,三角波,正弦波,三角波
附件一（训练集）.xlsx|材料3|1014,0,三角波,三角波,三角波,三角波,梯形波,三角波
附件一（训练集）.xlsx|材料3|1015,1,三角波,三角波,三角波,三角波,正弦波,三角波
附件一（训练集）.xlsx|材料3|1016,4,三角波,三角波,三角波,三角波,正弦波,三角波
附件一（训练集）.xlsx|材料3|1017,4,三角波,三角波,三角波,三角波,正弦波,三角波
附件一（训练集）.xlsx|材料3|1018,3,三角波,三角波,三角波,三角波,正弦波,三角波
附件一（训练集）.xlsx|材料3|1019,4,三角波,三角波,三角波,三角波,梯形波,三角波
附件一（训练集）.xlsx|材料3|102,3,正弦波,正弦波,正弦波,正弦波,梯形波,正弦波
附件一（训练集）.xlsx|材料3|1020,4,三角波,三角波,三角波,三角波,梯形波,三角波
附件一（训练集）.xlsx|材料3|1021,3,三角波,三角波,三角波,三角波,梯形波,三角波
附件一（训练集）.xlsx|材料3|1022,0,三角波,三角波,三角波,三角波,正弦波,三角波
附件一（训练集）.xlsx|材料3|1023,0,三角波,三角波,三角波,三角波,正弦波,三角波
附件一（训练集）.xlsx|材料3|1024,1,三角波,三角波,三角波,三角波,正弦波,三角波
附件一（训练集）.xlsx|材料3|1025,3,三角波,三角波,三角波,三角波,正弦波,三角波
附件一（训练集）.xlsx|材料3|1026,3,三角波,三角波,三角波,三角波,正弦波,三角波
附件一（训练集）.xlsx|材料3|1027,3,三角波,三角波,三角波,三角波,正弦波,三角波
附件一（训练集）.xlsx|材料3|1028,3,三角波,三角波,三角波,三角波,正弦波,三角波
附件一（训练集）.xlsx|材料3|1029,3,三角波,三角波,三角波,三角波,三角波,三角波
附件一（训练集）.xlsx|材料3|103,4,正弦波,正弦波,正弦波,正弦波,梯形波,正弦波
附件一（训练集）.xlsx|材料3|1030,1,三角波,三角波,三角波,三角波,梯形波,三角波
附件一（训练集）.xlsx|材料3|1031,4,三角波,三角波,三角波,三角波,梯形波,三角波
附件一（训练集）.xlsx|材料3|1032,2,三角波,三角波,三角波,三角波,梯形波,三角波
附件一（训练集）.xlsx|材料3|1033,4,三角波,三角波,三角波,三角波,正弦波,三角波
附件一（训练集）.xlsx|材料3|1034,3,三角波,三角波,三角波,三角波,正弦波,三角波
附件一（训练集）.xlsx|材料3|1035,4,三角波,三角波,三角波,三角波,三角波,三角波
附件一（训练集）.xlsx|材料3|1036,3,三角波,三角波,三角波,三角波,正弦波,三角波
附件一（训练集）.xlsx|材料3|1037,1,三角波,三角波,三角波,三角波,正弦波,三角波
附件一（训练集）.xlsx|材料3|1038,1,三角波,三角波,三角波,三角波,正弦波,三角波
附件一（训练集）.xlsx|材料3|1039,3,三角波,三角波,三角波,三角波,三角波,三角波
附件一（训练集）.xlsx|材料3|104,4,正弦波,正弦波,正弦波,正弦波,梯形波,正弦波
附件一（训练集）.xlsx|材料3|1040,0,三角波,三角波,三角波,三角波,三角波,三角波
附件一（训练集）.xlsx|材料3|1041,4,三角波,三角波,三角波,三角波,三角波,三角波
附件一（训练集）.xlsx|材料3|1042,3,三角波,三角波,三角波,三角波,三角波,三角波
附件一（训练集）.xlsx|材料3|1043,1,三角波,三角波,三角波,三角波,三角波,三角波
附件一（训练集）.xlsx|材料3|1044,4,三角波,三角波,三角波,三角波,正弦波,三角波
附件一（训练集）.xlsx|材料3|1045,3,三角波,三角波,三角波,三角波,正弦波,三角波
附件一（训练集）.xlsx|材料3|1046,1,三角波,三角波,三角波,三角波,三角波,三角波
附件一（训练集）.xlsx|材料3|1047,1,三角波,三角波,三角波,三角波,三角波,三角波
附件一（训练集）.xlsx|材料3|1048,1,三角波,三角波,三角波,三角波,三角波,三角波
附件一（训练集）.xlsx|材料3|1049,0,三角波,三角波,三角波,三角波,三角波,三角波
附件一（训练集）.xlsx|材料3|105,3,正弦波,正弦波,正弦波,正弦波,梯形波,正弦波
附件一（训练集）.xlsx|材料3|1050,2,三角波,三角波,三角波,三角波,三角波,三角波
附件一（训练集）.xlsx|材料3|1051,3,三角波,三角波,三角波,三角波,正弦波,三角波
附件一（训练集）.xlsx|材料3|1052,4,三角波,三角波,三角波,三角波,三角波,三角波
附件一（训练集）.xlsx|材料3|1053,4,三角波,三角波,三角波,三角波,三角波,三角波
附件一（训练集）.xlsx|材料3|1054,2,三角波,三角波,三角波,三角波,三角波,三角波
附件一（训练集）.xlsx|材料3|1055,3,三角波,三角波,三角波,三角波,三角波,三角波
附件一（训练集）.xlsx|材料3|1056,2,三角波,三角波,三角波,三角波,三角波,三角波
附件一（训练集）.xlsx|材料3|1057,3,三角波,三角波,三角波,三角波,三角波,三角波
附件一（训练集）.xlsx|材料3|1058,3,三角波,三角波,三角波,三角波,三角波,三角波
附件一（训练集）.xlsx|材料3|1059,3,三角波,三角波,三角波,三角波,三角波,三角波
附件一（训练集）.xlsx|材料3|106,4,正弦波,正弦波,正弦波,正弦波,正弦波,正弦波
附件一（训练集）.xlsx|材料3|1060,3,三角波,三角波,三角波,三角波,三角波,三角波
附件一（训练集）.xlsx|材料3|1061,4,三角波,三角波,三角波,三角波,三角波,三角波
附件一（训练集）.xlsx|材料3|1062,2,三角波,三角波,三角波,三角波,三角波,三角波
附件一（训练集）.xlsx|材料3|1063,4,三角波,三角波,三角波,三角波,三角波,三角波
附件一（训练集）.xlsx|材料3|1064,3,三角波,三角波,三角波,三角波,三角波,三角波
附件一（训练集）.xlsx|材料3|1065,4,三角波,三角波,三角波,三角波,三角波,三角波
附件一（训练集）.xlsx|材料3|1066,2,三角波,三角波,三角波,三角波,正弦波,三角波
附件一（训练集）.xlsx|材料3|1067,2,三角波,三角波,三角波,三角波,正弦波,三角波
附件一（训练集）.xlsx|材料3|1068,3,三角波,三角波,三角波,三角波,正弦波,三角波
附件一（训练集）.xlsx|材料3|1069,0,三角波,三角波,三角波,三角波,梯形波,三角波
附件一（训练集）.xlsx|材料3|107,0,正弦波,正弦波,正弦波,正弦波,正弦波,正弦波
附件一（训练集）.xlsx|材料3|1070,2,三角波,三角波,三角波,三角波,梯形波,三角波
附件一（训练集）.xlsx|材料3|1071,1,三角波,三角波,三角波,三角波,正弦波,三角波
附件一（训练集）.xlsx|材料3|1072,3,三角波,三角波,三角波,三角波,正弦波,三角波
附件一（训练集）.xlsx|材料3|1073,3,三角波,三角波,三角波,三角波,正弦波,三角波
附件一（训练集）.xlsx|材料3|1074,3,三角波,三角波,三角波,三角波,正弦波,三角波
附件一（训练集）.xlsx|材料3|1075,0,三角波,三角波,三角波,三角波,梯形波,三角波
附件一（训练集）.xlsx|材料3|1076,4,三角波,三角波,三角波,三角波,梯形波,三角波
附件一（训练集）.xlsx|材料3|1077,3,三角波,三角波,三角波,三角波,梯形波,三角波
附件一（训练集）.xlsx|材料3|1078,4,三角波,三角波,三角波,三角波,梯形波,三角波
附件一（训练集）.xlsx|材料3|1079,2,三角波,三角波,三角波,三角波,正弦波,三角波
附件一（训练集）.xlsx|材料3|108,4,正弦波,正弦波,正弦波,正弦波,正弦波,正弦波
附件一（训练集）.xlsx|材料3|1080,2,三角波,三角波,三角波,三角波,正弦波,三角波
附件一（训练集）.xlsx|材料3|1081,2,三角波,三角波,三角波,三角波,正弦波,三角波
附件一（训练集）.xlsx|材料3|1082,2,三角波,三角波,三角波,三角波,梯形波,三角波
附件一（训练集）.xlsx|材料3|1083,2,三角波,三角波,三角波,三角波,梯形波,三角波
附件一（训练集）.xlsx|材料3|1084,0,三角波,三角波,三角波,三角波,梯形波,三角波
附件一（训练集）.xlsx|材料3|1085,0,三角波,三角波,三角波,三角波,梯形波,三角波
附件一（训练集）.xlsx|材料3|1086,2,三角波,三角波,三角波,三角波,梯形波,三角波
附件一（训练集）.xlsx|材料3|1087,0,三角波,三角波,三角波,三角波,梯形波,三角波
附件一（训练集）.xlsx|材料3|1088,0,三角波,三角波,三角波,三角波,正弦波,三角波
附件一（训练集）.xlsx|材料3|1089,2,三角波,三角波,三角波,三角波,正弦波,三角波
附件一（训练集）.xlsx|材料3|109,2,正弦波,正弦波,正弦波,正弦波,正弦波,正弦波
附件一（训练集）.xlsx|材料3|1090,1,三角波,三角波,三角波,三角波,三角波,三角波
附件一（训练集）.xlsx|材料3|1091,1,三角波,三角波,三角波,三角波,三角波,三角波
附件一（训练集）.xlsx|材料3|1092,0,三角波,三角波,三角波,三角波,三角波,三角波
附件一（训练集）.xlsx|材料3|1093,2,三角波,三角波,三角波,三角波,正弦波,三角波
附件一（训练集）.xlsx|材料3|1094,4,三角波,三角波,三角波,三角波,正弦波,三角波
附件一（训练集）.xlsx|材料3|1095,2,三角波,三角波,三角波,三角波,正弦波,三角波
附件一（训练集）.xlsx|材料3|1096,4,三角波,三角波,三角波,三角波,正弦波,三角波
附件一（训练集）.xlsx|材料3|1097,4,三角波,三角波,三角波,三角波,三角波,三角波
附件一（训练集）.xlsx|材料3|1098,4,三角波,三角波,三角波,三角波,三角波,三角波
附件一（训练集）.xlsx|材料3|1099,0,三角波,三角波,三角波,三角波,三角波,三角波
附件一（训练集）.xlsx|材料3|11,0,正弦波,正弦波,正弦波,正弦波,正弦波,正弦波
附件一（训练集）.xlsx|材料3|110,3,正弦波,正弦波,正弦波,正弦波,梯形波,正弦波
附件一（训练集）.xlsx|材料3|1100,0,三角波,三角波,三角波,三角波,三角波,三角波
附件一（训练集）.xlsx|材料3|1101,0,三角波,三角波,三角波,三角波,三角波,三角波
附件一（训练集）.xlsx|材料3|1102,0,三角波,三角波,三角波,三角波,三角波,三角波
附件一（训练集）.xlsx|材料3|1103,4,三角波,三角波,三角波,三角波,正弦波,三角波
附件一（训练集）.xlsx|材料3|1104,4,三角波,三角波,三角波,三角波,正弦波,三角波
附件一（训练集）.xlsx|材料3|1105,4,三角波,三角波,三角波,三角波,正弦波,三角波
附件一（训练集）.xlsx|材料3|1106,4,三角波,三角波,三角波,三角波,三角波,三角波
附件一（训练集）.xlsx|材料3|1107,4,三角波,三角波,三角波,三角波,三角波,三角波
附件一（训练集）.xlsx|材料3|1108,3,三角波,三角波,三角波,三角波,三角波,三角波
附件一（训练集）.xlsx|材料3|1109,3,三角波,三角波,三角波,三角波,三角波,三角波
附件一（训练集）.xlsx|材料3|111,0,正弦波,正弦波,正弦波,正弦波,梯形波,正弦波
附件一（训练集）.xlsx|材料3|1110,4,三角波,三角波,三角波,三角波,三角波,三角波
附件一（训练集）.xlsx|材料3|1111,3,三角波,三角波,三角波,三角波,三角波,三角波
附件一（训练集）.xlsx|材料3|1112,1,三角波,三角波,三角波,三角波,三角波,三角波
附件一（训练集）.xlsx|材料3|1113,3,三角波,三角波,三角波,三角波,三角波,三角波
附件一（训练集）.xlsx|材料3|1114,3,三角波,三角波,三角波,三角波,正弦波,三角波
附件一（训练集）.xlsx|材料3|1115,3,三角波,三角波,三角波,三角波,正弦波,三角波
附件一（训练集）.xlsx|材料3|1116,3,三角波,三角波,三角波,三角波,三角波,三角波
附件一（训练集）.xlsx|材料3|1117,3,三角波,三角波,三角波,三角波,三角波,三角波
附件一（训练集）.xlsx|材料3|1118,3,三角波,三角波,三角波,三角波,三角波,三角波
附件一（训练集）.xlsx|材料3|1119,3,三角波,三角波,三角波,三角波,三角波,三角波
附件一（训练集）.xlsx|材料3|112,2,正弦波,正弦波,正弦波,正弦波,梯形波,正弦波
附件一（训练集）.xlsx|材料3|1120,3,三角波,三角波,三角波,三角波,三角波,三角波
附件一（训练集）.xlsx|材料3|1121,3,三角波,三角波,三角波,三角波,三角波,三角波
附件一（训练集）.xlsx|材料3|1122,0,三角波,三角波,三角波,三角波,三角波,三角波
附件一（训练集）.xlsx|材料3|1123,0,三角波,三角波,三角波,三角波,三角波,三角波
附件一（训练集）.xlsx|材料3|1124,0,三角波,三角波,三角波,三角波,三角波,三角波
附件一（训练集）.xlsx|材料3|1125,0,三角波,三角波,三角波,三角波,三角波,三角波
附件一（训练集）.xlsx|材料3|1126,0,三角波,三角波,三角波,三角波,三角波,三角波
附件一（训练集）.xlsx|材料3|1127,0,三角波,三角波,三角波,三角波,三角波,三角波
附件一（训练集）.xlsx|材料3|1128,1,三角波,三角波,三角波,三角波,三角波,三角波
附件一（训练集）.xlsx|材料3|1129,1,三角波,三角波,三角波,三角波,三角波,三角波
附件一（训练集）.xlsx|材料3|113,1,正弦波,正弦波,正弦波,正弦波,梯形波,正弦波
附件一（训练集）.xlsx|材料3|1130,3,三角波,三角波,三角波,三角波,三角波,三角波
附件一（训练集）.xlsx|材料3|1131,3,三角波,三角波,三角波,三角波,三角波,三角波
附件一（训练集）.xlsx|材料3|1132,3,三角波,三角波,三角波,三角波,三角波,三角波
附件一（训练集）.xlsx|材料3|1133,3,三角波,三角波,三角波,三角波,三角波,三角波
附件一（训练集）.xlsx|材料3|1134,3,三角波,三角波,三角波,三角波,三角波,三角波
附件一（训练集）.xlsx|材料3|1135,3,三角波,三角波,三角波,三角波,三角波,三角波
附件一（训练集）.xlsx|材料3|1136,3,三角波,三角波,三角波,三角波,三角波,三角波
附件一（训练集）.xlsx|材料3|1137,3,三角波,三角波,三角波,三角波,三角波,三角波
附件一（训练集）.xlsx|材料3|1138,1,三角波,三角波,三角波,三角波,正弦波,三角波
附件一（训练集）.xlsx|材料3|1139,1,三角波,三角波,三角波,三角波,正弦波,三角波
附件一（训练集）.xlsx|材料3|114,2,正弦波,正弦波,正弦波,正弦波,梯形波,正弦波
附件一（训练集）.xlsx|材料3|1140,2,三角波,三角波,三角波,三角波,正弦波,三角波
附件一（训练集）.xlsx|材料3|1141,1,三角波,三角波,三角波,三角波,梯形波,三角波
附件一（训练集）.xlsx|材料3|1142,2,三角波,三角波,三角波,三角波,正弦波,三角波
附件一（训练集）.xlsx|材料3|1143,2,三角波,三角波,三角波,三角波,正弦波,三角波
附件一（训练集）.xlsx|材料3|1144,2,三角波,三角波,三角波,三角波,正弦波,三角波
附件一（训练集）.xlsx|材料3|1145,2,三角波,三角波,三角波,三角波,正弦波,三角波
附件一（训练集）.xlsx|材料3|1146,1,三角波,三角波,三角波,三角波,梯形波,三角波
附件一（训练集）.xlsx|材料3|1147,1,三角波,三角波,三角波,三角波,梯形波,三角波
附件一（训练集）.xlsx|材料3|1148,1,三角波,三角波,三角波,三角波,梯形波,三角波
附件一（训练集）.xlsx|材料3|1149,1,三角波,三角波,三角波,三角波,梯形波,三角波
附件一（训练集）.xlsx|材料3|115,1,正弦波,正弦波,正弦波,正弦波,正弦波,正弦波
附件一（训练集）.xlsx|材料3|1150,4,三角波,三角波,三角波,三角波,正弦波,三角波
附件一（训练集）.xlsx|材料3|1151,0,三角波,三角波,三角波,三角波,正弦波,三角波
附件一（训练集）.xlsx|材料3|1152,0,三角波,三角波,三角波,三角波,梯形波,三角波
附件一（训练集）.xlsx|材料3|1153,0,三角波,三角波,三角波,三角波,梯形波,三角波
附件一（训练集）.xlsx|材料3|1154,0,三角波,三角波,三角波,三角波,梯形波,三角波
附件一（训练集）.xlsx|材料3|1155,4,三角波,三角波,三角波,三角波,梯形波,三角波
附件一（训练集）.xlsx|材料3|1156,4,三角波,三角波,三角波,三角波,梯形波,三角波
附件一（训练集）.xlsx|材料3|1157,1,三角波,三角波,三角波,三角波,梯形波,三角波
附件一（训练集）.xlsx|材料3|1158,4,三角波,三角波,三角波,三角波,正弦波,三角波
附件一（训练集）.xlsx|材料3|1159,0,三角波,三角波,三角波,三角波,正弦波,三角波
附件一（训练集）.xlsx|材料3|116,2,正弦波,正弦波,正弦波,正弦波,正弦波,正弦波
附件一（训练集）.xlsx|材料3|1160,0,三角波,三角波,三角波,三角波,正弦波,三角波
附件一（训练集）.xlsx|材料3|1161,3,三角波,三角波,三角波,三角波,梯形波,三角波
附件一（训练集）.xlsx|材料3|1162,2,三角波,三角波,三角波,三角波,梯形波,三角波
附件一（训练集）.xlsx|材料3|1163,0,三角波,三角波,三角波,三角波,正弦波,三角波
附件一（训练集）.xlsx|材料3|1164,4,三角波,三角波,三角波,三角波,正弦波,三角波
附件一（训练集）.xlsx|材料3|1165,4,三角波,三角波,三角波,三角波,正弦波,三角波
附件一（训练集）.xlsx|材料3|1166,0,三角波,三角波,三角波,三角波,三角波,三角波
附件一（训练集）.xlsx|材料3|1167,3,三角波,三角波,三角波,三角波,梯形波,三角波
附件一（训练集）.xlsx|材料3|1168,0,三角波,三角波,三角波,三角波,三角波,三角波
附件一（训练集）.xlsx|材料3|1169,1,三角波,三角波,三角波,三角波,梯形波,三角波
附件一（训练集）.xlsx|材料3|117,3,正弦波,正弦波,正弦波,正弦波,正弦波,正弦波
附件一（训练集）.xlsx|材料3|1170,3,三角波,三角波,三角波,三角波,正弦波,三角波
附件一（训练集）.xlsx|材料3|1171,3,三角波,三角波,三角波,三角波,正弦波,三角波
附件一（训练集）.xlsx|材料3|1172,2,三角波,三角波,三角波,三角波,正弦波,三角波
附件一（训练集）.xlsx|材料3|1173,3,三角波,三角波,三角波,三角波,三角波,三角波
附件一（训练集）.xlsx|材料3|1174,4,三角波,三角波,三角波,三角波,三角波,三角波
附件一（训练集）.xlsx|材料3|1175,4,三角波,三角波,三角波,三角波,三角波,三角波
附件一（训练集）.xlsx|材料3|1176,4,三角波,三角波,三角波,三角波,三角波,三角波
附件一（训练集）.xlsx|材料3|1177,4,三角波,三角波,三角波,三角波,梯形波,三角波
附件一（训练集）.xlsx|材料3|1178,4,三角波,三角波,三角波,三角波,梯形波,三角波
附件一（训练集）.xlsx|材料3|1179,1,三角波,三角波,三角波,三角波,正弦波,三角波
附件一（训练集）.xlsx|材料3|118,4,正弦波,正弦波,正弦波,正弦波,正弦波,正弦波
附件一（训练集）.xlsx|材料3|1180,2,三角波,三角波,三角波,三角波,三角波,三角波
附件一（训练集）.xlsx|材料3|1181,2,三角波,三角波,三角波,三角波,三角波,三角波
附件一（训练集）.xlsx|材料3|1182,3,三角波,三角波,三角波,三角波,三角波,三角波
附件一（训练集）.xlsx|材料3|1183,4,三角波,三角波,三角波,三角波,三角波,三角波
附件一（训练集）.xlsx|材料3|1184,1,三角波,三角波,三角波,三角波,三角波,三角波
附件一（训练集）.xlsx|材料3|1185,1,三角波,三角波,三角波,三角波,三角波,三角波
附件一（训练集）.xlsx|材料3|1186,3,三角波,三角波,三角波,三角波,三角波,三角波
附件一（训练集）.xlsx|材料3|1187,2,三角波,三角波,三角波,三角波,正弦波,三角波
附件一（训练集）.xlsx|材料3|1188,4,三角波,三角波,三角波,三角波,三角波,三角波
附件一（训练集）.xlsx|材料3|1189,1,三角波,三角波,三角波,三角波,三角波,三角波
附件一（训练集）.xlsx|材料3|119,3,正弦波,正弦波,正弦波,正弦波,梯形波,正弦波
附件一（训练集）.xlsx|材料3|1190,1,三角波,三角波,三角波,三角波,三角波,三角波
附件一（训练集）.xlsx|材料3|1191,1,三角波,三角波,三角波,三角波,三角波,三角波
附件一（训练集）.xlsx|材料3|1192,1,三角波,三角波,三角波,三角波,三角波,三角波
附件一（训练集）.xlsx|材料3|1193,4,三角波,三角波,三角波,三角波,三角波,三角波
附件一（训练集）.xlsx|材料3|1194,1,三角波,三角波,三角波,三角波,三角波,三角波
附件一（训练集）.xlsx|材料3|1195,1,三角波,三角波,三角波,三角波,三角波,三角波
附件一（训练集）.xlsx|材料3|1196,2,三角波,三角波,三角波,三角波,三角波,三角波
附件一（训练集）.xlsx|材料3|1197,1,三角波,三角波,三角波,三角波,三角波,三角波
附件一（训练集）.xlsx|材料3|1198,1,三角波,三角波,三角波,三角波,三角波,三角波
附件一（训练集）.xlsx|材料3|1199,3,三角波,三角波,三角波,三角波,三角波,三角波
附件一（训练集）.xlsx|材料3|12,1,正弦波,正弦波,正弦波,正弦波,正弦波,正弦波
附件一（训练集）.xlsx|材料3|120,1,正弦波,正弦波,正弦波,正弦波,梯形波,正弦波
附件一（训练集）.xlsx|材料3|1200,3,三角波,三角波,三角波,三角波,三角波,三角波
附件一（训练集）.xlsx|材料3|1201,2,三角波,三角波,三角波,三角波,三角波,三角波
附件一（训练集）.xlsx|材料3|1202,1,三角波,三角波,三角波,三角波,三角波,三角波
附件一（训练集）.xlsx|材料3|1203,4,三角波,三角波,三角波,三角波,三角波,三角波
附件一（训练集）.xlsx|材料3|1204,3,三角波,三角波,三角波,三角波,三角波,三角波
附件一（训练集）.xlsx|材料3|1205,2,三角波,三角波,三角波,三角波,三角波,三角波
附件一（训练集）.xlsx|材料3|1206,3,三角波,三角波,三角波,三角波,三角波,三角波
附件一（训练集）.xlsx|材料3|1207,3,三角波,三角波,三角波,三角波,三角波,三角波
附件一（训练集）.xlsx|材料3|1208,1,三角波,三角波,三角波,三角波,三角波,三角波
附件一（训练集）.xlsx|材料3|1209,1,三角波,三角波,三角波,三角波,三角波,三角波
附件一（训练集）.xlsx|材料3|121,2,正弦波,正弦波,正弦波,正弦波,梯形波,正弦波
附件一（训练集）.xlsx|材料3|1210,0,三角波,三角波,三角波,三角波,三角波,三角波
附件一（训练集）.xlsx|材料3|1211,1,三角波,三角波,三角波,三角波,三角波,三角波
附件一（训练集）.xlsx|材料3|1212,2,三角波,三角波,三角波,三角波,正弦波,三角波
附件一（训练集）.xlsx|材料3|1213,2,三角波,三角波,三角波,三角波,梯形波,三角波
附件一（训练集）.xlsx|材料3|1214,2,三角波,三角波,三角波,三角波,梯形波,三角波
附件一（训练集）.xlsx|材料3|1215,2,三角波,三角波,三角波,三角波,梯形波,三角波
附件一（训练集）.xlsx|材料3|1216,2,三角波,三角波,三角波,三角波,梯形波,三角波
附件一（训练集）.xlsx|材料3|1217,4,三角波,三角波,三角波,三角波,正弦波,三角波
附件一（训练集）.xlsx|材料3|1218,1,三角波,三角波,三角波,三角波,正弦波,三角波
附件一（训练集）.xlsx|材料3|1219,4,三角波,三角波,三角波,三角波,梯形波,三角波
附件一（训练集）.xlsx|材料3|122,1,正弦波,正弦波,正弦波,正弦波,梯形波,正弦波
附件一（训练集）.xlsx|材料3|1220,2,三角波,三角波,三角波,三角波,梯形波,三角波
附件一（训练集）.xlsx|材料3|1221,3,三角波,三角波,三角波,三角波,梯形波,三角波
附件一（训练集）.xlsx|材料3|1222,2,三角波,三角波,三角波,三角波,正弦波,三角波
附件一（训练集）.xlsx|材料3|1223,2,三角波,三角波,三角波,三角波,正弦波,三角波
附件一（训练集）.xlsx|材料3|1224,2,三角波,三角波,三角波,三角波,梯形波,三角波
附件一（训练集）.xlsx|材料3|1225,2,三角波,三角波,三角波,三角波,梯形波,三角波
附件一（训练集）.xlsx|材料3|1226,2,三角波,三角波,三角波,三角波,梯形波,三角波
附件一（训练集）.xlsx|材料3|1227,4,三角波,三角波,三角波,三角波,梯形波,三角波
附件一（训练集）.xlsx|材料3|1228,2,三角波,三角波,三角波,三角波,正弦波,三角波
附件一（训练集）.xlsx|材料3|1229,1,三角波,三角波,三角波,三角波,正弦波,三角波
附件一（训练集）.xlsx|材料3|123,0,正弦波,正弦波,正弦波,正弦波,梯形波,正弦波
附件一（训练集）.xlsx|材料3|1230,1,三角波,三角波,三角波,三角波,正弦波,三角波
附件一（训练集）.xlsx|材料3|1231,2,三角波,三角波,三角波,三角波,梯形波,三角波
附件一（训练集）.xlsx|材料3|1232,2,三角波,三角波,三角波,三角波,梯形波,三角波
附件一（训练集）.xlsx|材料3|1233,1,三角波,三角波,三角波,三角波,梯形波,三角波
附件一（训练集）.xlsx|材料3|1234,4,三角波,三角波,三角波,三角波,梯形波,三角波
附件一（训练集）.xlsx|材料3|1235,4,三角波,三角波,三角波,三角波,梯形波,三角波
附件一（训练集）.xlsx|材料3|1236,4,三角波,三角波,三角波,三角波,梯形波,三角波
附件一（训练集）.xlsx|材料3|1237,1,三角波,三角波,三角波,三角波,正弦波,三角波
附件一（训练集）.xlsx|材料3|1238,4,三角波,三角波,三角波,三角波,正弦波,三角波
附件一（训练集）.xlsx|材料3|1239,4,三角波,三角波,三角波,三角波,梯形波,三角波
附件一（训练集）.xlsx|材料3|124,2,正弦波,正弦波,正弦波,正弦波,正弦波,正弦波
附件一（训练集）.xlsx|材料3|1240,3,三角波,三角波,三角波,三角波,三角波,三角波
附件一（训练集）.xlsx|材料3|1241,2,三角波,三角波,三角波,三角波,梯形波,三角波
附件一（训练集）.xlsx|材料3|1242,3,三角波,三角波,三角波,三角波,梯形波,三角波
附件一（训练集）.xlsx|材料3|1243,0,三角波,三角波,三角波,三角波,三角波,三角波
附件一（训练集）.xlsx|材料3|1244,1,三角波,三角波,三角波,三角波,正弦波,三角波
附件一（训练集）.xlsx|材料3|1245,4,三角波,三角波,三角波,三角波,三角波,三角波
附件一（训练集）.xlsx|材料3|1246,4,三角波,三角波,三角波,三角波,三角波,三角波
附件一（训练集）.xlsx|材料3|1247,4,三角波,三角波,三角波,三角波,三角波,三角波
附件一（训练集）.xlsx|材料3|1248,1,三角波,三角波,三角波,三角波,三角波,三角波
附件一（训练集）.xlsx|材料3|1249,1,三角波,三角波,三角波,三角波,梯形波,三角波
附件一（训练集）.xlsx|材料3|125,3,正弦波,正弦波,正弦波,正弦波,正弦波,正弦波
附件一（训练集）.xlsx|材料3|1250,3,三角波,三角波,三角波,三角波,正弦波,三角波
附件一（训练集）.xlsx|材料3|1251,3,三角波,三角波,三角波,三角波,正弦波,三角波
附件一（训练集）.xlsx|材料3|1252,3,三角波,三角波,三角波,三角波,三角波,三角波
附件一（训练集）.xlsx|材料3|1253,1,三角波,三角波,三角波,三角波,三角波,三角波
附件一（训练集）.xlsx|材料3|1254,3,三角波,三角波,三角波,三角波,三角波,三角波
附件一（训练集）.xlsx|材料3|1255,3,三角波,三角波,三角波,三角波,三角波,三角波
附件一（训练集）.xlsx|材料3|1256,1,三角波,三角波,三角波,三角波,三角波,三角波
附件一（训练集）.xlsx|材料3|1257,0,三角波,三角波,三角波,三角波,三角波,三角波
附件一（训练集）.xlsx|材料3|1258,4,三角波,三角波,三角波,三角波,三角波,三角波
附件一（训练集）.xlsx|材料3|1259,2,三角波,三角波,三角波,三角波,三角波,三角波
附件一（训练集）.xlsx|材料3|126,3,正弦波,正弦波,正弦波,正弦波,正弦波,正弦波
附件一（训练集）.xlsx|材料3|1260,2,三角波,三角波,三角波,三角波,三角波,三角波
附件一（训练集）.xlsx|材料3|1261,0,三角波,三角波,三角波,三角波,三角波,三角波
附件一（训练集）.xlsx|材料3|1262,2,三角波,三角波,三角波,三角波,三角波,三角波
附件一（训练集）.xlsx|材料3|1263,0,三角波,三角波,三角波,三角波,三角波,三角波
附件一（训练集）.xlsx|材料3|1264,3,三角波,三角波,三角波,三角波,三角波,三角波
附件一（训练集）.xlsx|材料3|1265,3,三角波,三角波,三角波,三角波,三角波,三角波
附件一（训练集）.xlsx|材料3|1266,1,三角波,三角波,三角波,三角波,三角波,三角波
附件一（训练集）.xlsx|材料3|1267,4,三角波,三角波,三角波,三角波,三角波,三角波
附件一（训练集）.xlsx|材料3|1268,2,三角波,三角波,三角波,三角波,三角波,三角波
附件一（训练集）.xlsx|材料3|1269,4,三角波,三角波,三角波,三角波,三角波,三角波
附件一（训练集）.xlsx|材料3|127,3,正弦波,正弦波,正弦波,正弦波,正弦波,正弦波
附件一（训练集）.xlsx|材料3|1270,2,三角波,三角波,三角波,三角波,三角波,三角波
附件一（训练集）.xlsx|材料3|1271,4,三角波,三角波,三角波,三角波,梯形波,三角波
附件一（训练集）.xlsx|材料3|1272,1,三角波,三角波,三角波,三角波,正弦波,三角波
附件一（训练集）.xlsx|材料3|1273,1,三角波,三角波,三角波,三角波,正弦波,三角波
附件一（训练集）.xlsx|材料3|1274,0,三角波,三角波,三角波,三角波,正弦波,三角波
附件一（训练集）.xlsx|材料3|1275,0,三角波,三角波,三角波,三角波,正弦波,三角波
附件一（训练集）.xlsx|材料3|1276,0,三角波,三角波,三角波,三角波,正弦波,三角波
附件一（训练集）.xlsx|材料3|1277,3,三角波,三角波,三角波,三角波,梯形波,三角波
附件一（训练集）.xlsx|材料3|1278,4,三角波,三角波,三角波,三角波,梯形波,三角波
附件一（训练集）.xlsx|材料3|1279,0,三角波,三角波,三角波,三角波,正弦波,三角波
附件一（训练集）.xlsx|材料3|128,2,正弦波,正弦波,正弦波,正弦波,正弦波,正弦波
附件一（训练集）.xlsx|材料3|1280,3,三角波,三角波,三角波,三角波,正弦波,三角波
附件一（训练集）.xlsx|材料3|1281,1,三角波,三角波,三角波,三角波,正弦波,三角波
附件一（训练集）.xlsx|材料3|1282,1,三角波,三角波,三角波,三角波,梯形波,三角波
附件一（训练集）.xlsx|材料3|1283,3,三角波,三角波,三角波,三角波,梯形波,三角波
附件一（训练集）.xlsx|材料3|1284,4,三角波,三角波,三角波,三角波,正弦波,三角波
附件一（训练集）.xlsx|材料3|1285,2,三角波,三角波,三角波,三角波,正弦波,三角波
附件一（训练集）.xlsx|材料3|1286,3,三角波,三角波,三角波,三角波,正弦波,三角波
附件一（训练集）.xlsx|材料3|1287,3,三角波,三角波,三角波,三角波,正弦波,三角波
附件一（训练集）.xlsx|材料3|1288,3,三角波,三角波,三角波,三角波,正弦波,三角波
附件一（训练集）.xlsx|材料3|1289,0,三角波,三角波,三角波,三角波,三角波,三角波
附件一（训练集）.xlsx|材料3|129,1,正弦波,正弦波,正弦波,正弦波,梯形波,正弦波
附件一（训练集）.xlsx|材料3|1290,0,三角波,三角波,三角波,三角波,三角波,三角波
附件一（训练集）.xlsx|材料3|1291,4,三角波,三角波,三角波,三角波,梯形波,三角波
附件一（训练集）.xlsx|材料3|1292,0,三角波,三角波,三角波,三角波,正弦波,三角波
附件一（训练集）.xlsx|材料3|1293,4,三角波,三角波,三角波,三角波,正弦波,三角波
附件一（训练集）.xlsx|材料3|1294,1,三角波,三角波,三角波,三角波,三角波,三角波
附件一（训练集）.xlsx|材料3|1295,0,三角波,三角波,三角波,三角波,三角波,三角波
附件一（训练集）.xlsx|材料3|1296,4,三角波,三角波,三角波,三角波,三角波,三角波
附件一（训练集）.xlsx|材料3|1297,4,三角波,三角波,三角波,三角波,三角波,三角波
附件一（训练集）.xlsx|材料3|1298,3,三角波,三角波,三角波,三角波,三角波,三角波
附件一（训练集）.xlsx|材料3|1299,4,三角波,三角波,三角波,三角波,梯形波,三角波
附件一（训练集）.xlsx|材料3|13,2,正弦波,正弦波,正弦波,正弦波,正弦波,正弦波
附件一（训练集）.xlsx|材料3|130,0,正弦波,正弦波,正弦波,正弦波,梯形波,正弦波
附件一（训练集）.xlsx|材料3|1300,0,三角波,三角波,三角波,三角波,正弦波,三角波
附件一（训练集）.xlsx|材料3|1301,4,三角波,三角波,三角波,三角波,正弦波,三角波
附件一（训练集）.xlsx|材料3|1302,4,三角波,三角波,三角波,三角波,三角波,三角波
附件一（训练集）.xlsx|材料3|1303,1,三角波,三角波,三角波,三角波,三角波,三角波
附件一（训练集）.xlsx|材料3|1304,1,三角波,三角波,三角波,三角波,三角波,三角波
附件一（训练集）.xlsx|材料3|1305,4,三角波,三角波,三角波,三角波,三角波,三角波
附件一（训练集）.xlsx|材料3|1306,3,三角波,三角波,三角波,三角波,三角波,三角波
附件一（训练集）.xlsx|材料3|1307,3,三角波,三角波,三角波,三角波,正弦波,三角波
附件一（训练集）.xlsx|材料3|1308,2,三角波,三角波,三角波,三角波,三角波,三角波
附件一（训练集）.xlsx|材料3|1309,2,三角波,三角波,三角波,三角波,三角波,三角波
附件一（训练集）.xlsx|材料3|131,3,正弦波,正弦波,正弦波,正弦波,梯形波,正弦波
附件一（训练集）.xlsx|材料3|1310,2,三角波,三角波,三角波,三角波,三角波,三角波
附件一（训练集）.xlsx|材料3|1311,0,三角波,三角波,三角波,三角波,三角波,三角波
附件一（训练集）.xlsx|材料3|1312,4,三角波,三角波,三角波,三角波,三角波,三角波
附件一（训练集）.xlsx|材料3|1313,2,三角波,三角波,三角波,三角波,三角波,三角波
附件一（训练集）.xlsx|材料3|1314,3,三角波,三角波,三角波,三角波,三角波,三角波
附件一（训练集）.xlsx|材料3|1315,3,三角波,三角波,三角波,三角波,三角波,三角波
附件一（训练集）.xlsx|材料3|1316,3,三角波,三角波,三角波,三角波,三角波,三角波
附件一（训练集）.xlsx|材料3|1317,2,三角波,三角波,三角波,三角波,三角波,三角波
附件一（训练集）.xlsx|材料3|1318,4,三角波,三角波,三角波,三角波,三角波,三角波
附件一（训练集）.xlsx|材料3|1319,4,三角波,三角波,三角波,三角波,三角波,三角波
附件一（训练集）.xlsx|材料3|132,1,正弦波,正弦波,正弦波,正弦波,正弦波,正弦波
附件一（训练集）.xlsx|材料3|1320,1,三角波,三角波,三角波,三角波,三角波,三角波
附件一（训练集）.xlsx|材料3|1321,3,三角波,三角波,三角波,三角波,三角波,三角波
附件一（训练集）.xlsx|材料3|1322,0,三角波,三角波,三角波,三角波,正弦波,三角波
附件一（训练集）.xlsx|材料3|1323,0,三角波,三角波,三角波,三角波,正弦波,三角波
附件一（训练集）.xlsx|材料3|1324,3,三角波,三角波,三角波,三角波,梯形波,三角波
附件一（训练集）.xlsx|材料3|1325,3,三角波,三角波,三角波,三角波,梯形波,三角波
附件一（训练集）.xlsx|材料3|1326,1,三角波,三角波,三角波,三角波,梯形波,三角波
附件一（训练集）.xlsx|材料3|1327,2,三角波,三角波,三角波,三角波,梯形波,三角波
附件一（训练集）.xlsx|材料3|1328,0,三角波,三角波,三角波,三角波,梯形波,三角波
附件一（训练集）.xlsx|材料3|1329,1,三角波,三角波,三角波,三角波,梯形波,三角波
附件一（训练集）.xlsx|材料3|133,2,正弦波,正弦波,正弦波,正弦波,正弦波,正弦波
附件一（训练集）.xlsx|材料3|1330,4,三角波,三角波,三角波,三角波,梯形波,三角波
附件一（训练集）.xlsx|材料3|1331,4,三角波,三角波,三角波,三角波,梯形波,三角波
附件一（训练集）.xlsx|材料3|1332,3,三角波,三角波,三角波,三角波,正弦波,三角波
附件一（训练集）.xlsx|材料3|1333,3,三角波,三角波,三角波,三角波,正弦波,三角波
附件一（训练集）.xlsx|材料3|1334,3,三角波,三角波,三角波,三角波,正弦波,三角波
附件一（训练集）.xlsx|材料3|1335,2,三角波,三角波,三角波,三角波,梯形波,三角波
附件一（训练集）.xlsx|材料3|1336,2,三角波,三角波,三角波,三角波,梯形波,三角波
附件一（训练集）.xlsx|材料3|1337,2,三角波,三角波,三角波,三角波,梯形波,三角波
附件一（训练集）.xlsx|材料3|1338,2,三角波,三角波,三角波,三角波,梯形波,三角波
附件一（训练集）.xlsx|材料3|1339,2,三角波,三角波,三角波,三角波,梯形波,三角波
附件一（训练集）.xlsx|材料3|134,3,正弦波,正弦波,正弦波,正弦波,正弦波,正弦波
附件一（训练集）.xlsx|材料3|1340,2,三角波,三角波,三角波,三角波,正弦波,三角波
附件一（训练集）.xlsx|材料3|1341,0,三角波,三角波,三角波,三角波,正弦波,三角波
附件一（训练集）.xlsx|材料3|1342,2,三角波,三角波,三角波,三角波,正弦波,三角波
附件一（训练集）.xlsx|材料3|1343,1,三角波,三角波,三角波,三角波,梯形波,三角波
附件一（训练集）.xlsx|材料3|1344,2,三角波,三角波,三角波,三角波,梯形波,三角波
附件一（训练集）.xlsx|材料3|1345,4,三角波,三角波,三角波,三角波,梯形波,三角波
附件一（训练集）.xlsx|材料3|1346,2,三角波,三角波,三角波,三角波,梯形波,三角波
附件一（训练集）.xlsx|材料3|1347,3,三角波,三角波,三角波,三角波,正弦波,三角波
附件一（训练集）.xlsx|材料3|1348,0,三角波,三角波,三角波,三角波,三角波,三角波
附件一（训练集）.xlsx|材料3|1349,0,三角波,三角波,三角波,三角波,三角波,三角波
附件一（训练集）.xlsx|材料3|135,4,正弦波,正弦波,正弦波,正弦波,正弦波,正弦波
附件一（训练集）.xlsx|材料3|1350,0,三角波,三角波,三角波,三角波,三角波,三角波
附件一（训练集）.xlsx|材料3|1351,0,三角波,三角波,三角波,三角波,三角波,三角波
附件一（训练集）.xlsx|材料3|1352,0,三角波,三角波,三角波,三角波,梯形波,三角波
附件一（训练集）.xlsx|材料3|1353,0,三角波,三角波,三角波,三角波,梯形波,三角波
附件一（训练集）.xlsx|材料3|1354,4,三角波,三角波,三角波,三角波,正弦波,三角波
附件一（训练集）.xlsx|材料3|1355,4,三角波,三角波,三角波,三角波,正弦波,三角波
附件一（训练集）.xlsx|材料3|1356,4,三角波,三角波,三角波,三角波,三角波,三角波
附件一（训练集）.xlsx|材料3|1357,4,三角波,三角波,三角波,三角波,三角波,三角波
附件一（训练集）.xlsx|材料3|1358,3,三角波,三角波,三角波,三角波,三角波,三角波
附件一（训练集）.xlsx|材料3|1359,3,三角波,三角波,三角波,三角波,梯形波,三角波
附件一（训练集）.xlsx|材料3|136,4,正弦波,正弦波,正弦波,正弦波,梯形波,正弦波
附件一（训练集）.xlsx|材料3|1360,0,三角波,三角波,三角波,三角波,正弦波,三角波
附件一（训练集）.xlsx|材料3|1361,1,三角波,三角波,三角波,三角波,正弦波,三角波
附件一（训练集）.xlsx|材料3|1362,1,三角波,三角波,三角波,三角波,三角波,三角波
附件一（训练集）.xlsx|材料3|1363,1,三角波,三角波,三角波,三角波,三角波,三角波
附件一（训练集）.xlsx|材料3|1364,1,三角波,三角波,三角波,三角波,三角波,三角波
附件一（训练集）.xlsx|材料3|1365,1,三角波,三角波,三角波,三角波,三角波,三角波
附件一（训练集）.xlsx|材料3|1366,3,三角波,三角波,三角波,三角波,三角波,三角波
附件一（训练集）.xlsx|材料3|1367,3,三角波,三角波,三角波,三角波,三角波,三角波
附件一（训练集）.xlsx|材料3|1368,3,三角波,三角波,三角波,三角波,三角波,三角波
附件一（训练集）.xlsx|材料3|1369,0,三角波,三角波,三角波,三角波,三角波,三角波
附件一（训练集）.xlsx|材料3|137,4,正弦波,正弦波,正弦波,正弦波,梯形波,正弦波
附件一（训练集）.xlsx|材料3|1370,0,三角波,三角波,三角波,三角波,三角波,三角波
附件一（训练集）.xlsx|材料3|1371,4,三角波,三角波,三角波,三角波,三角波,三角波
附件一（训练集）.xlsx|材料3|1372,4,三角波,三角波,三角波,三角波,三角波,三角波
附件一（训练集）.xlsx|材料3|1373,2,三角波,三角波,三角波,三角波,三角波,三角波
附件一（训练集）.xlsx|材料3|1374,4,三角波,三角波,三角波,三角波,三角波,三角波
附件一（训练集）.xlsx|材料3|1375,3,三角波,三角波,三角波,三角波,三角波,三角波
附件一（训练集）.xlsx|材料3|1376,3,三角波,三角波,三角波,三角波,三角波,三角波
附件一（训练集）.xlsx|材料3|1377,3,三角波,三角波,三角波,三角波,三角波,三角波
附件一（训练集）.xlsx|材料3|1378,3,三角波,三角波,三角波,三角波,三角波,三角波
附件一（训练集）.xlsx|材料3|1379,3,三角波,三角波,三角波,三角波,三角波,三角波
附件一（训练集）.xlsx|材料3|138,1,正弦波,正弦波,正弦波,正弦波,梯形波,正弦波
附件一（训练集）.xlsx|材料3|1380,3,三角波,三角波,三角波,三角波,三角波,三角波
附件一（训练集）.xlsx|材料3|1381,3,三角波,三角波,三角波,三角波,三角波,三角波
附件一（训练集）.xlsx|材料3|1382,4,三角波,三角波,三角波,三角波,梯形波,三角波
附件一（训练集）.xlsx|材料3|1383,2,三角波,三角波,三角波,三角波,梯形波,三角波
附件一（训练集）.xlsx|材料3|1384,2,三角波,三角波,三角波,三角波,梯形波,三角波
附件一（训练集）.xlsx|材料3|1385,0,三角波,三角波,三角波,三角波,正弦波,三角波
附件一（训练集）.xlsx|材料3|1386,2,三角波,三角波,三角波,三角波,梯形波,三角波
附件一（训练集）.xlsx|材料3|1387,1,三角波,三角波,三角波,三角波,梯形波,三角波
附件一（训练集）.xlsx|材料3|1388,1,三角波,三角波,三角波,三角波,梯形波,三角波
附件一（训练集）.xlsx|材料3|1389,1,三角波,三角波,三角波,三角波,梯形波,三角波
附件一（训练集）.xlsx|材料3|139,4,正弦波,正弦波,正弦波,正弦波,梯形波,正弦波
附件一（训练集）.xlsx|材料3|1390,0,三角波,三角波,三角波,三角波,正弦波,三角波
附件一（训练集）.xlsx|材料3|1391,1,三角波,三角波,三角波,三角波,正弦波,三角波
附件一（训练集）.xlsx|材料3|1392,3,三角波,三角波,三角波,三角波,梯形波,三角波
附件一（训练集）.xlsx|材料3|1393,4,三角波,三角波,三角波,三角波,梯形波,三角波
附件一（训练集）.xlsx|材料3|1394,0,三角波,三角波,三角波,三角波,梯形波,三角波
附件一（训练集）.xlsx|材料3|1395,0,三角波,三角波,三角波,三角波,梯形波,三角波
附件一（训练集）.xlsx|材料3|1396,0,三角波,三角波,三角波,三角波,梯形波,三角波
附件一（训练集）.xlsx|材料3|1397,0,三角波,三角波,三角波,三角波,梯形波,三角波
附件一（训练集）.xlsx|材料3|1398,3,三角波,三角波,三角波,三角波,梯形波,三角波
附件一（训练集）.xlsx|材料3|1399,0,三角波,三角波,三角波,三角波,正弦波,三角波
附件一（训练集）.xlsx|材料3|14,0,正弦波,正弦波,正弦波,正弦波,正弦波,正弦波
附件一（训练集）.xlsx|材料3|140,1,正弦波,正弦波,正弦波,正弦波,梯形波,正弦波
附件一（训练集）.xlsx|材料3|1400,3,三角波,三角波,三角波,三角波,梯形波,三角波
附件一（训练集）.xlsx|材料3|1401,1,三角波,三角波,三角波,三角波,梯形波,三角波
附件一（训练集）.xlsx|材料3|1402,4,三角波,三角波,三角波,三角波,梯形波,三角波
附件一（训练集）.xlsx|材料3|1403,4,三角波,三角波,三角波,三角波,梯形波,三角波
附件一（训练集）.xlsx|材料3|1404,0,三角波,三角波,三角波,三角波,正弦波,三角波
附件一（训练集）.xlsx|材料3|1405,4,三角波,三角波,三角波,三角波,正弦波,三角波
附件一（训练集）.xlsx|材料3|1406,0,三角波,三角波,三角波,三角波,正弦波,三角波
附件一（训练集）.xlsx|材料3|1407,0,三角波,三角波,三角波,三角波,梯形波,三角波
附件一（训练集）.xlsx|材料3|1408,0,三角波,三角波,三角波,三角波,梯形波,三角波
附件一（训练集）.xlsx|材料3|1409,1,三角波,三角波,三角波,三角波,梯形波,三角波
附件一（训练集）.xlsx|材料3|141,3,正弦波,正弦波,正弦波,正弦波,正弦波,正弦波
附件一（训练集）.xlsx|材料3|1410,2,三角波,三角波,三角波,三角波,正弦波,三角波
附件一（训练集）.xlsx|材料3|1411,3,三角波,三角波,三角波,三角波,正弦波,三角波
附件一（训练集）.xlsx|材料3|1412,3,三角波,三角波,三角波,三角波,正弦波,三角波
附件一（训练集）.xlsx|材料3|1413,3,三角波,三角波,三角波,三角波,正弦波,三角波
附件一（训练集）.xlsx|材料3|1414,3,三角波,三角波,三角波,三角波,梯形波,三角波
附件一（训练集）.xlsx|材料3|1415,4,三角波,三角波,三角波,三角波,梯形波,三角波
附件一（训练集）.xlsx|材料3|1416,1,三角波,三角波,三角波,三角波,梯形波,三角波
附件一（训练集）.xlsx|材料3|1417,1,三角波,三角波,三角波,三角波,正弦波,三角波
附件一（训练集）.xlsx|材料3|1418,1,三角波,三角波,三角波,三角波,正弦波,三角波
附件一（训练集）.xlsx|材料3|1419,0,三角波,三角波,三角波,三角波,三角波,三角波
附件一（训练集）.xlsx|材料3|142,3,正弦波,正弦波,正弦波,正弦波,正弦波,正弦波
附件一（训练集）.xlsx|材料3|1420,1,三角波,三角波,三角波,三角波,三角波,三角波
附件一（训练集）.xlsx|材料3|1421,2,三角波,三角波,三角波,三角波,三角波,三角波
附件一（训练集）.xlsx|材料3|1422,1,三角波,三角波,三角波,三角波,梯形波,三角波
附件一（训练集）.xlsx|材料3|1423,1,三角波,三角波,三角波,三角波,梯形波,三角波
附件一（训练集）.xlsx|材料3|1424,0,三角波,三角波,三角波,三角波,正弦波,三角波
附件一（训练集）.xlsx|材料3|1425,2,三角波,三角波,三角波,三角波,三角波,三角波
附件一（训练集）.xlsx|材料3|1426,4,三角波,三角波,三角波,三角波,三角波,三角波
附件一（训练集）.xlsx|材料3|1427,1,三角波,三角波,三角波,三角波,三角波,三角波
附件一（训练集）.xlsx|材料3|1428,1,三角波,三角波,三角波,三角波,三角波,三角波
附件一（训练集）.xlsx|材料3|1429,4,三角波,三角波,三角波,三角波,三角波,三角波
附件一（训练集）.xlsx|材料3|143,1,正弦波,正弦波,正弦波,正弦波,三角波,正弦波
附件一（训练集）.xlsx|材料3|1430,4,三角波,三角波,三角波,三角波,三角波,三角波
附件一（训练集）.xlsx|材料3|1431,4,三角波,三角波,三角波,三角波,三角波,三角波
附件一（训练集）.xlsx|材料3|1432,1,三角波,三角波,三角波,三角波,三角波,三角波
附件一（训练集）.xlsx|材料3|1433,2,三角波,三角波,三角波,三角波,三角波,三角波
附件一（训练集）.xlsx|材料3|1434,1,三角波,三角波,三角波,三角波,三角波,三角波
附件一（训练集）.xlsx|材料3|1435,1,三角波,三角波,三角波,三角波,三角波,三角波
附件一（训练集）.xlsx|材料3|1436,1,三角波,三角波,三角波,三角波,三角波,三角波
附件一（训练集）.xlsx|材料3|1437,0,三角波,三角波,三角波,三角波,三角波,三角波
附件一（训练集）.xlsx|材料3|1438,2,三角波,三角波,三角波,三角波,三角波,三角波
附件一（训练集）.xlsx|材料3|1439,1,三角波,三角波,三角波,三角波,三角波,三角波
附件一（训练集）.xlsx|材料3|144,0,正弦波,正弦波,正弦波,正弦波,三角波,正弦波
附件一（训练集）.xlsx|材料3|1440,4,三角波,三角波,三角波,三角波,三角波,三角波
附件一（训练集）.xlsx|材料3|1441,2,三角波,三角波,三角波,三角波,三角波,三角波
附件一（训练集）.xlsx|材料3|1442,2,三角波,三角波,三角波,三角波,三角波,三角波
附件一（训练集）.xlsx|材料3|1443,3,三角波,三角波,三角波,三角波,三角波,三角波
附件一（训练集）.xlsx|材料3|1444,0,三角波,三角波,三角波,三角波,三角波,三角波
附件一（训练集）.xlsx|材料3|1445,0,三角波,三角波,三角波,三角波,三角波,三角波
附件一（训练集）.xlsx|材料3|1446,4,三角波,三角波,三角波,三角波,正弦波,三角波
附件一（训练集）.xlsx|材料3|1447,3,三角波,三角波,三角波,三角波,正弦波,三角波
附件一（训练集）.xlsx|材料3|1448,4,三角波,三角波,三角波,三角波,梯形波,三角波
附件一（训练集）.xlsx|材料3|1449,4,三角波,三角波,三角波,三角波,梯形波,三角波
附件一（训练集）.xlsx|材料3|145,1,正弦波,正弦波,正弦波,正弦波,梯形波,正弦波
附件一（训练集）.xlsx|材料3|1450,4,三角波,三角波,三角波,三角波,梯形波,三角波
附件一（训练集）.xlsx|材料3|1451,2,三角波,三角波,三角波,三角波,梯形波,三角波
附件一（训练集）.xlsx|材料3|1452,2,三角波,三角波,三角波,三角波,正弦波,三角波
附件一（训练集）.xlsx|材料3|1453,4,三角波,三角波,三角波,三角波,梯形波,三角波
附件一（训练集）.xlsx|材料3|1454,4,三角波,三角波,三角波,三角波,梯形波,三角波
附件一（训练集）.xlsx|材料3|1455,1,三角波,三角波,三角波,三角波,梯形波,三角波
附件一（训练集）.xlsx|材料3|1456,0,三角波,三角波,三角波,三角波,梯形波,三角波
附件一（训练集）.xlsx|材料3|1457,0,三角波,三角波,三角波,三角波,梯形波,三角波
附件一（训练集）.xlsx|材料3|1458,0,三角波,三角波,三角波,三角波,正弦波,三角波
附件一（训练集）.xlsx|材料3|1459,1,三角波,三角波,三角波,三角波,梯形波,三角波
附件一（训练集）.xlsx|材料3|146,0,正弦波,正弦波,正弦波,正弦波,正弦波,正弦波
附件一（训练集）.xlsx|材料3|1460,1,三角波,三角波,三角波,三角波,梯形波,三角波
附件一（训练集）.xlsx|材料3|1461,4,三角波,三角波,三角波,三角波,梯形波,三角波
附件一（训练集）.xlsx|材料3|1462,3,三角波,三角波,三角波,三角波,梯形波,三角波
附件一（训练集）.xlsx|材料3|1463,4,三角波,三角波,三角波,三角波,梯形波,三角波
附件一（训练集）.xlsx|材料3|1464,4,三角波,三角波,三角波,三角波,梯形波,三角波
附件一（训练集）.xlsx|材料3|1465,2,三角波,三角波,三角波,三角波,正弦波,三角波
附件一（训练集）.xlsx|材料3|1466,1,三角波,三角波,三角波,三角波,正弦波,三角波
附件一（训练集）.xlsx|材料3|1467,1,三角波,三角波,三角波,三角波,梯形波,三角波
附件一（训练集）.xlsx|材料3|1468,1,三角波,三角波,三角波,三角波,梯形波,三角波
附件一（训练集）.xlsx|材料3|1469,4,三角波,三角波,三角波,三角波,梯形波,三角波
附件一（训练集）.xlsx|材料3|147,0,正弦波,正弦波,正弦波,正弦波,正弦波,正弦波
附件一（训练集）.xlsx|材料3|1470,4,三角波,三角波,三角波,三角波,梯形波,三角波
附件一（训练集）.xlsx|材料3|1471,4,三角波,三角波,三角波,三角波,梯形波,三角波
附件一（训练集）.xlsx|材料3|1472,4,三角波,三角波,三角波,三角波,梯形波,三角波
附件一（训练集）.xlsx|材料3|1473,3,三角波,三角波,三角波,三角波,正弦波,三角波
附件一（训练集）.xlsx|材料3|1474,0,三角波,三角波,三角波,三角波,正弦波,三角波
附件一（训练集）.xlsx|材料3|1475,0,三角波,三角波,三角波,三角波,正弦波,三角波
附件一（训练集）.xlsx|材料3|1476,0,三角波,三角波,三角波,三角波,梯形波,三角波
附件一（训练集）.xlsx|材料3|1477,1,三角波,三角波,三角波,三角波,梯形波,三角波
附件一（训练集）.xlsx|材料3|1478,1,三角波,三角波,三角波,三角波,梯形波,三角波
附件一（训练集）.xlsx|材料3|1479,3,三角波,三角波,三角波,三角波,梯形波,三角波
附件一（训练集）.xlsx|材料3|148,3,正弦波,正弦波,正弦波,正弦波,正弦波,正弦波
附件一（训练集）.xlsx|材料3|1480,1,三角波,三角波,三角波,三角波,梯形波,三角波
附件一（训练集）.xlsx|材料3|1481,1,三角波,三角波,三角波,三角波,梯形波,三角波
附件一（训练集）.xlsx|材料3|1482,2,三角波,三角波,三角波,三角波,正弦波,三角波
附件一（训练集）.xlsx|材料3|1483,3,三角波,三角波,三角波,三角波,正弦波,三角波
附件一（训练集）.xlsx|材料3|1484,4,三角波,三角波,三角波,三角波,三角波,三角波
附件一（训练集）.xlsx|材料3|1485,4,三角波,三角波,三角波,三角波,梯形波,三角波
附件一（训练集）.xlsx|材料3|1486,4,三角波,三角波,三角波,三角波,梯形波,三角波
附件一（训练集）.xlsx|材料3|1487,1,三角波,三角波,三角波,三角波,梯形波,三角波
附件一（训练集）.xlsx|材料3|1488,1,三角波,三角波,三角波,三角波,梯形波,三角波
附件一（训练集）.xlsx|材料3|1489,2,三角波,三角波,三角波,三角波,梯形波,三角波
附件一（训练集）.xlsx|材料3|149,2,正弦波,正弦波,正弦波,正弦波,正弦波,正弦波
附件一（训练集）.xlsx|材料3|1490,0,三角波,三角波,三角波,三角波,梯形波,三角波
附件一（训练集）.xlsx|材料3|1491,3,三角波,三角波,三角波,三角波,正弦波,三角波
附件一（训练集）.xlsx|材料3|1492,1,三角波,三角波,三角波,三角波,三角波,三角波
附件一（训练集）.xlsx|材料3|1493,3,三角波,三角波,三角波,三角波,三角波,三角波
附件一（训练集）.xlsx|材料3|1494,3,三角波,三角波,三角波,三角波,三角波,三角波
附件一（训练集）.xlsx|材料3|1495,0,三角波,三角波,三角波,三角波,三角波,三角波
附件一（训练集）.xlsx|材料3|1496,0,三角波,三角波,三角波,三角波,三角波,三角波
附件一（训练集）.xlsx|材料3|1497,0,三角波,三角波,三角波,三角波,三角波,三角波
附件一（训练集）.xlsx|材料3|1498,0,三角波,三角波,三角波,三角波,三角波,三角波
附件一（训练集）.xlsx|材料3|1499,0,三角波,三角波,三角波,三角波,三角波,三角波
附件一（训练集）.xlsx|材料3|15,2,正弦波,正弦波,正弦波,正弦波,正弦波,正弦波
附件一（训练集）.xlsx|材料3|150,2,正弦波,正弦波,正弦波,正弦波,三角波,正弦波
附件一（训练集）.xlsx|材料3|1500,1,三角波,三角波,三角波,三角波,三角波,三角波
附件一（训练集）.xlsx|材料3|1501,2,三角波,三角波,三角波,三角波,三角波,三角波
附件一（训练集）.xlsx|材料3|1502,3,三角波,三角波,三角波,三角波,三角波,三角波
附件一（训练集）.xlsx|材料3|1503,4,三角波,三角波,三角波,三角波,三角波,三角波
附件一（训练集）.xlsx|材料3|1504,1,三角波,三角波,三角波,三角波,三角波,三角波
附件一（训练集）.xlsx|材料3|1505,4,三角波,三角波,三角波,三角波,三角波,三角波
附件一（训练集）.xlsx|材料3|1506,1,三角波,三角波,三角波,三角波,梯形波,三角波
附件一（训练集）.xlsx|材料3|1507,4,三角波,三角波,三角波,三角波,正弦波,三角波
附件一（训练集）.xlsx|材料3|1508,3,三角波,三角波,三角波,三角波,正弦波,三角波
附件一（训练集）.xlsx|材料3|1509,4,三角波,三角波,三角波,三角波,正弦波,三角波
附件一（训练集）.xlsx|材料3|151,1,正弦波,正弦波,正弦波,正弦波,三角波,正弦波
附件一（训练集）.xlsx|材料3|1510,4,三角波,三角波,三角波,三角波,梯形波,三角波
附件一（训练集）.xlsx|材料3|1511,3,三角波,三角波,三角波,三角波,梯形波,三角波
附件一（训练集）.xlsx|材料3|1512,3,三角波,三角波,三角波,三角波,梯形波,三角波
附件一（训练集）.xlsx|材料3|1513,2,三角波,三角波,三角波,三角波,正弦波,三角波
附件一（训练集）.xlsx|材料3|1514,0,三角波,三角波,三角波,三角波,正弦波,三角波
附件一（训练集）.xlsx|材料3|1515,3,三角波,三角波,三角波,三角波,正弦波,三角波
附件一（训练集）.xlsx|材料3|1516,2,三角波,三角波,三角波,三角波,正弦波,三角波
附件一（训练集）.xlsx|材料3|1517,3,三角波,三角波,三角波,三角波,正弦波,三角波
附件一（训练集）.xlsx|材料3|1518,2,三角波,三角波,三角波,三角波,梯形波,三角波
附件一（训练集）.xlsx|材料3|1519,4,三角波,三角波,三角波,三角波,正弦波,三角波
附件一（训练集）.xlsx|材料3|152,3,正弦波,正弦波,正弦波,正弦波,三角波,正弦波
附件一（训练集）.xlsx|材料3|1520,3,三角波,三角波,三角波,三角波,正弦波,三角波
附件一（训练集）.xlsx|材料3|1521,0,三角波,三角波,三角波,三角波,正弦波,三角波
附件一（训练集）.xlsx|材料3|1522,3,三角波,三角波,三角波,三角波,正弦波,三角波
附件一（训练集）.xlsx|材料3|1523,3,三角波,三角波,三角波,三角波,正弦波,三角波
附件一（训练集）.xlsx|材料3|1524,3,三角波,三角波,三角波,三角波,梯形波,三角波
附件一（训练集）.xlsx|材料3|1525,4,三角波,三角波,三角波,三角波,梯形波,三角波
附件一（训练集）.xlsx|材料3|1526,3,三角波,三角波,三角波,三角波,梯形波,三角波
附件一（训练集）.xlsx|材料3|1527,3,三角波,三角波,三角波,三角波,正弦波,三角波
附件一（训练集）.xlsx|材料3|1528,3,三角波,三角波,三角波,三角波,正弦波,三角波
附件一（训练集）.xlsx|材料3|1529,3,三角波,三角波,三角波,三角波,正弦波,三角波
附件一（训练集）.xlsx|材料3|153,0,正弦波,正弦波,正弦波,正弦波,三角波,正弦波
附件一（训练集）.xlsx|材料3|1530,4,三角波,三角波,三角波,三角波,三角波,三角波
附件一（训练集）.xlsx|材料3|1531,1,三角波,三角波,三角波,三角波,三角波,三角波
附件一（训练集）.xlsx|材料3|1532,0,三角波,三角波,三角波,三角波,三角波,三角波
附件一（训练集）.xlsx|材料3|1533,0,三角波,三角波,三角波,三角波,三角波,三角波
附件一（训练集）.xlsx|材料3|1534,3,三角波,三角波,三角波,三角波,三角波,三角波
附件一（训练集）.xlsx|材料3|1535,0,三角波,三角波,三角波,三角波,三角波,三角波
附件一（训练集）.xlsx|材料3|1536,2,三角波,三角波,三角波,三角波,正弦波,三角波
附件一（训练集）.xlsx|材料3|1537,1,三角波,三角波,三角波,三角波,三角波,三角波
附件一（训练集）.xlsx|材料3|1538,2,三角波,三角波,三角波,三角波,三角波,三角波
附件一（训练集）.xlsx|材料3|1539,1,三角波,三角波,三角波,三角波,三角波,三角波
附件一（训练集）.xlsx|材料3|154,1,正弦波,正弦波,正弦波,正弦波,三角波,正弦波
附件一（训练集）.xlsx|材料3|1540,0,三角波,三角波,三角波,三角波,三角波,三角波
附件一（训练集）.xlsx|材料3|1541,3,三角波,三角波,三角波,三角波,三角波,三角波
附件一（训练集）.xlsx|材料3|1542,0,三角波,三角波,三角波,三角波,三角波,三角波
附件一（训练集）.xlsx|材料3|1543,2,三角波,三角波,三角波,三角波,三角波,三角波
附件一（训练集）.xlsx|材料3|1544,2,三角波,三角波,三角波,三角波,三角波,三角波
附件一（训练集）.xlsx|材料3|1545,2,三角波,三角波,三角波,三角波,三角波,三角波
附件一（训练集）.xlsx|材料3|1546,3,三角波,三角波,三角波,三角波,三角波,三角波
附件一（训练集）.xlsx|材料3|1547,3,三角波,三角波,三角波,三角波,三角波,三角波
附件一（训练集）.xlsx|材料3|1548,0,三角波,三角波,三角波,三角波,三角波,三角波
附件一（训练集）.xlsx|材料3|1549,3,三角波,三角波,三角波,三角波,三角波,三角波
附件一（训练集）.xlsx|材料3|155,2,正弦波,正弦波,正弦波,正弦波,正弦波,正弦波
附件一（训练集）.xlsx|材料3|1550,0,三角波,三角波,三角波,三角波,三角波,三角波
附件一（训练集）.xlsx|材料3|1551,0,三角波,三角波,三角波,三角波,三角波,三角波
附件一（训练集）.xlsx|材料3|1552,2,三角波,三角波,三角波,三角波,三角波,三角波
附件一（训练集）.xlsx|材料3|1553,2,三角波,三角波,三角波,三角波,三角波,三角波
附件一（训练集）.xlsx|材料3|1554,2,三角波,三角波,三角波,三角波,三角波,三角波
附件一（训练集）.xlsx|材料3|1555,3,三角波,三角波,三角波,三角波,三角波,三角波
附件一（训练集）.xlsx|材料3|1556,4,三角波,三角波,三角波,三角波,三角波,三角波
附件一（训练集）.xlsx|材料3|1557,0,三角波,三角波,三角波,三角波,正弦波,三角波
附件一（训练集）.xlsx|材料3|1558,0,三角波,三角波,三角波,三角波,正弦波,三角波
附件一（训练集）.xlsx|材料3|1559,0,三角波,三角波,三角波,三角波,正弦波,三角波
附件一（训练集）.xlsx|材料3|156,3,正弦波,正弦波,正弦波,正弦波,正弦波,正弦波
附件一（训练集）.xlsx|材料3|1560,0,三角波,三角波,三角波,三角波,梯形波,三角波
附件一（训练集）.xlsx|材料3|1561,0,三角波,三角波,三角波,三角波,梯形波,三角波
附件一（训练集）.xlsx|材料3|1562,3,三角波,三角波,三角波,三角波,梯形波,三角波
附件一（训练集）.xlsx|材料3|1563,3,三角波,三角波,三角波,三角波,梯形波,三角波
附件一（训练集）.xlsx|材料3|1564,2,三角波,三角波,三角波,三角波,梯形波,三角波
附件一（训练集）.xlsx|材料3|1565,1,三角波,三角波,三角波,三角波,梯形波,三角波
附件一（训练集）.xlsx|材料3|1566,1,三角波,三角波,三角波,三角波,梯形波,三角波
附件一（训练集）.xlsx|材料3|1567,1,三角波,三角波,三角波,三角波,正弦波,三角波
附件一（训练集）.xlsx|材料3|1568,1,三角波,三角波,三角波,三角波,正弦波,三角波
附件一（训练集）.xlsx|材料3|1569,1,三角波,三角波,三角波,三角波,梯形波,三角波
附件一（训练集）.xlsx|材料3|157,0,正弦波,正弦波,正弦波,正弦波,三角波,正弦波
附件一（训练集）.xlsx|材料3|1570,0,三角波,三角波,三角波,三角波,梯形波,三角波
附件一（训练集）.xlsx|材料3|1571,0,三角波,三角波,三角波,三角波,梯形波,三角波
附件一（训练集）.xlsx|材料3|1572,0,三角波,三角波,三角波,三角波,梯形波,三角波
附件一（训练集）.xlsx|材料3|1573,2,三角波,三角波,三角波,三角波,正弦波,三角波
附件一（训练集）.xlsx|材料3|1574,2,三角波,三角波,三角波,三角波,梯形波,三角波
附件一（训练集）.xlsx|材料3|1575,2,三角波,三角波,三角波,三角波,梯形波,三角波
附件一（训练集）.xlsx|材料3|1576,0,三角波,三角波,三角波,三角波,梯形波,三角波
附件一（训练集）.xlsx|材料3|1577,2,三角波,三角波,三角波,三角波,正弦波,三角波
附件一（训练集）.xlsx|材料3|1578,4,三角波,三角波,三角波,三角波,正弦波,三角波
附件一（训练集）.xlsx|材料3|1579,2,三角波,三角波,三角波,三角波,正弦波,三角波
附件一（训练集）.xlsx|材料3|158,4,正弦波,正弦波,正弦波,正弦波,三角波,正弦波
附件一（训练集）.xlsx|材料3|1580,3,三角波,三角波,三角波,三角波,正弦波,三角波
附件一（训练集）.xlsx|材料3|1581,3,三角波,三角波,三角波,三角波,梯形波,三角波
附件一（训练集）.xlsx|材料3|1582,0,三角波,三角波,三角波,三角波,梯形波,三角波
附件一（训练集）.xlsx|材料3|1583,0,三角波,三角波,三角波,三角波,梯形波,三角波
附件一（训练集）.xlsx|材料3|1584,2,三角波,三角波,三角波,三角波,梯形波,三角波
附件一（训练集）.xlsx|材料3|1585,2,三角波,三角波,三角波,三角波,梯形波,三角波
附件一（训练集）.xlsx|材料3|1586,3,三角波,三角波,三角波,三角波,正弦波,三角波
附件一（训练集）.xlsx|材料3|1587,2,三角波,三角波,三角波,三角波,正弦波,三角波
附件一（训练集）.xlsx|材料3|1588,2,三角波,三角波,三角波,三角波,正弦波,三角波
附件一（训练集）.xlsx|材料3|1589,0,三角波,三角波,三角波,三角波,三角波,三角波
附件一（训练集）.xlsx|材料3|159,0,正弦波,正弦波,正弦波,正弦波,三角波,正弦波
附件一（训练集）.xlsx|材料3|1590,0,三角波,三角波,三角波,三角波,三角波,三角波
附件一（训练集）.xlsx|材料3|1591,4,三角波,三角波,三角波,三角波,梯形波,三角波
附件一（训练集）.xlsx|材料3|1592,0,三角波,三角波,三角波,三角波,梯形波,三角波
附件一（训练集）.xlsx|材料3|1593,0,三角波,三角波,三角波,三角波,梯形波,三角波
附件一（训练集）.xlsx|材料3|1594,4,三角波,三角波,三角波,三角波,正弦波,三角波
附件一（训练集）.xlsx|材料3|1595,4,三角波,三角波,三角波,三角波,正弦波,三角波
附件一（训练集）.xlsx|材料3|1596,4,三角波,三角波,三角波,三角波,三角波,三角波
附件一（训练集）.xlsx|材料3|1597,4,三角波,三角波,三角波,三角波,三角波,三角波
附件一（训练集）.xlsx|材料3|1598,4,三角波,三角波,三角波,三角波,梯形波,三角波
附件一（训练集）.xlsx|材料3|1599,3,三角波,三角波,三角波,三角波,梯形波,三角波
附件一（训练集）.xlsx|材料3|16,2,正弦波,正弦波,正弦波,正弦波,正弦波,正弦波
附件一（训练集）.xlsx|材料3|160,0,正弦波,正弦波,正弦波,正弦波,三角波,正弦波
附件一（训练集）.xlsx|材料3|1600,1,三角波,三角波,三角波,三角波,梯形波,三角波
附件一（训练集）.xlsx|材料3|1601,1,三角波,三角波,三角波,三角波,梯形波,三角波
附件一（训练集）.xlsx|材料3|1602,3,三角波,三角波,三角波,三角波,正弦波,三角波
附件一（训练集）.xlsx|材料3|1603,3,三角波,三角波,三角波,三角波,正弦波,三角波
附件一（训练集）.xlsx|材料3|1604,1,三角波,三角波,三角波,三角波,三角波,三角波
附件一（训练集）.xlsx|材料3|1605,1,三角波,三角波,三角波,三角波,三角波,三角波
附件一（训练集）.xlsx|材料3|1606,1,三角波,三角波,三角波,三角波,三角波,三角波
附件一（训练集）.xlsx|材料3|1607,3,三角波,三角波,三角波,三角波,三角波,三角波
附件一（训练集）.xlsx|材料3|1608,3,三角波,三角波,三角波,三角波,三角波,三角波
附件一（训练集）.xlsx|材料3|1609,3,三角波,三角波,三角波,三角波,三角波,三角波
附件一（训练集）.xlsx|材料3|161,1,正弦波,正弦波,正弦波,正弦波,三角波,正弦波
附件一（训练集）.xlsx|材料3|1610,0,三角波,三角波,三角波,三角波,三角波,三角波
附件一（训练集）.xlsx|材料3|1611,2,三角波,三角波,三角波,三角波,三角波,三角波
附件一（训练集）.xlsx|材料3|1612,0,三角波,三角波,三角波,三角波,三角波,三角波
附件一（训练集）.xlsx|材料3|1613,3,三角波,三角波,三角波,三角波,三角波,三角波
附件一（训练集）.xlsx|材料3|1614,4,三角波,三角波,三角波,三角波,三角波,三角波
附件一（训练集）.xlsx|材料3|1615,3,三角波,三角波,三角波,三角波,三角波,三角波
附件一（训练集）.xlsx|材料3|1616,3,三角波,三角波,三角波,三角波,三角波,三角波
附件一（训练集）.xlsx|材料3|1617,3,三角波,三角波,三角波,三角波,三角波,三角波
附件一（训练集）.xlsx|材料3|1618,3,三角波,三角波,三角波,三角波,三角波,三角波
附件一（训练集）.xlsx|材料3|1619,3,三角波,三角波,三角波,三角波,三角波,三角波
附件一（训练集）.xlsx|材料3|162,0,正弦波,正弦波,正弦波,正弦波,三角波,正弦波
附件一（训练集）.xlsx|材料3|1620,3,三角波,三角波,三角波,三角波,三角波,三角波
附件一（训练集）.xlsx|材料3|1621,1,三角波,三角波,三角波,三角波,正弦波,三角波
附件一（训练集）.xlsx|材料3|1622,3,三角波,三角波,三角波,三角波,正弦波,三角波
附件一（训练集）.xlsx|材料3|1623,3,三角波,三角波,三角波,三角波,正弦波,三角波
附件一（训练集）.xlsx|材料3|1624,0,三角波,三角波,三角波,三角波,梯形波,三角波
附件一（训练集）.xlsx|材料3|1625,3,三角波,三角波,三角波,三角波,梯形波,三角波
附件一（训练集）.xlsx|材料3|1626,3,三角波,三角波,三角波,三角波,梯形波,三角波
附件一（训练集）.xlsx|材料3|1627,2,三角波,三角波,三角波,三角波,正弦波,三角波
附件一（训练集）.xlsx|材料3|1628,4,三角波,三角波,三角波,三角波,梯形波,三角波
附件一（训练集）.xlsx|材料3|1629,2,三角波,三角波,三角波,三角波,梯形波,三角波
附件一（训练集）.xlsx|材料3|163,0,正弦波,正弦波,正弦波,正弦波,三角波,正弦波
附件一（训练集）.xlsx|材料3|1630,2,三角波,三角波,三角波,三角波,梯形波,三角波
附件一（训练集）.xlsx|材料3|1631,1,三角波,三角波,三角波,三角波,梯形波,三角波
附件一（训练集）.xlsx|材料3|1632,2,三角波,三角波,三角波,三角波,梯形波,三角波
附件一（训练集）.xlsx|材料3|1633,0,三角波,三角波,三角波,三角波,正弦波,三角波
附件一（训练集）.xlsx|材料3|1634,0,三角波,三角波,三角波,三角波,正弦波,三角波
附件一（训练集）.xlsx|材料3|1635,0,三角波,三角波,三角波,三角波,梯形波,三角波
附件一（训练集）.xlsx|材料3|1636,0,三角波,三角波,三角波,三角波,梯形波,三角波
附件一（训练集）.xlsx|材料3|1637,0,三角波,三角波,三角波,三角波,梯形波,三角波
附件一（训练集）.xlsx|材料3|1638,0,三角波,三角波,三角波,三角波,梯形波,三角波
附件一（训练集）.xlsx|材料3|1639,4,三角波,三角波,三角波,三角波,梯形波,三角波
附件一（训练集）.xlsx|材料3|164,2,正弦波,正弦波,正弦波,正弦波,三角波,正弦波
附件一（训练集）.xlsx|材料3|1640,0,三角波,三角波,三角波,三角波,梯形波,三角波
附件一（训练集）.xlsx|材料3|1641,0,三角波,三角波,三角波,三角波,正弦波,三角波
附件一（训练集）.xlsx|材料3|1642,3,三角波,三角波,三角波,三角波,正弦波,三角波
附件一（训练集）.xlsx|材料3|1643,0,三角波,三角波,三角波,三角波,梯形波,三角波
附件一（训练集）.xlsx|材料3|1644,4,三角波,三角波,三角波,三角波,梯形波,三角波
附件一（训练集）.xlsx|材料3|1645,3,三角波,三角波,三角波,三角波,梯形波,三角波
附件一（训练集）.xlsx|材料3|1646,0,三角波,三角波,三角波,三角波,梯形波,三角波
附件一（训练集）.xlsx|材料3|1647,4,三角波,三角波,三角波,三角波,正弦波,三角波
附件一（训练集）.xlsx|材料3|1648,0,三角波,三角波,三角波,三角波,梯形波,三角波
附件一（训练集）.xlsx|材料3|1649,0,三角波,三角波,三角波,三角波,梯形波,三角波
附件一（训练集）.xlsx|材料3|165,1,正弦波,正弦波,正弦波,正弦波,三角波,正弦波
附件一（训练集）.xlsx|材料3|1650,4,三角波,三角波,三角波,三角波,梯形波,三角波
附件一（训练集）.xlsx|材料3|1651,4,三角波,三角波,三角波,三角波,梯形波,三角波
附件一（训练集）.xlsx|材料3|1652,4,三角波,三角波,三角波,三角波,梯形波,三角波
附件一（训练集）.xlsx|材料3|1653,1,三角波,三角波,三角波,三角波,梯形波,三角波
附件一（训练集）.xlsx|材料3|1654,3,三角波,三角波,三角波,三角波,正弦波,三角波
附件一（训练集）.xlsx|材料3|1655,3,三角波,三角波,三角波,三角波,正弦波,三角波
附件一（训练集）.xlsx|材料3|1656,3,三角波,三角波,三角波,三角波,梯形波,三角波
附件一（训练集）.xlsx|材料3|1657,4,三角波,三角波,三角波,三角波,梯形波,三角波
附件一（训练集）.xlsx|材料3|1658,4,三角波,三角波,三角波,三角波,梯形波,三角波
附件一（训练集）.xlsx|材料3|1659,2,三角波,三角波,三角波,三角波,正弦波,三角波
附件一（训练集）.xlsx|材料3|166,2,正弦波,正弦波,正弦波,正弦波,三角波,正弦波
附件一（训练集）.xlsx|材料3|1660,0,三角波,三角波,三角波,三角波,三角波,三角波
附件一（训练集）.xlsx|材料3|1661,4,三角波,三角波,三角波,三角波,三角波,三角波
附件一（训练集）.xlsx|材料3|1662,3,三角波,三角波,三角波,三角波,三角波,三角波
附件一（训练集）.xlsx|材料3|1663,3,三角波,三角波,三角波,三角波,三角波,三角波
附件一（训练集）.xlsx|材料3|1664,3,三角波,三角波,三角波,三角波,三角波,三角波
附件一（训练集）.xlsx|材料3|1665,3,三角波,三角波,三角波,三角波,正弦波,三角波
附件一（训练集）.xlsx|材料3|1666,3,三角波,三角波,三角波,三角波,正弦波,三角波
附件一（训练集）.xlsx|材料3|1667,2,三角波,三角波,三角波,三角波,三角波,三角波
附件一（训练集）.xlsx|材料3|1668,2,三角波,三角波,三角波,三角波,三角波,三角波
附件一（训练集）.xlsx|材料3|1669,3,三角波,三角波,三角波,三角波,三角波,三角波
附件一（训练集）.xlsx|材料3|167,2,正弦波,正弦波,正弦波,正弦波,三角波,正弦波
附件一（训练集）.xlsx|材料3|1670,4,三角波,三角波,三角波,三角波,三角波,三角波
附件一（训练集）.xlsx|材料3|1671,2,三角波,三角波,三角波,三角波,三角波,三角波
附件一（训练集）.xlsx|材料3|1672,1,三角波,三角波,三角波,三角波,三角波,三角波
附件一（训练集）.xlsx|材料3|1673,0,三角波,三角波,三角波,三角波,三角波,三角波
附件一（训练集）.xlsx|材料3|1674,1,三角波,三角波,三角波,三角波,三角波,三角波
附件一（训练集）.xlsx|材料3|1675,4,三角波,三角波,三角波,三角波,三角波,三角波
附件一（训练集）.xlsx|材料3|1676,4,三角波,三角波,三角波,三角波,三角波,三角波
附件一（训练集）.xlsx|材料3|1677,1,三角波,三角波,三角波,三角波,三角波,三角波
附件一（训练集）.xlsx|材料3|1678,0,三角波,三角波,三角波,三角波,三角波,三角波
附件一（训练集）.xlsx|材料3|1679,3,三角波,三角波,三角波,三角波,三角波,三角波
附件一（训练集）.xlsx|材料3|168,4,正弦波,正弦波,正弦波,正弦波,三角波,正弦波
附件一（训练集）.xlsx|材料3|1680,1,三角波,三角波,三角波,三角波,三角波,三角波
附件一（训练集）.xlsx|材料3|1681,4,三角波,三角波,三角波,三角波,三角波,三角波
附件一（训练集）.xlsx|材料3|1682,4,三角波,三角波,三角波,三角波,三角波,三角波
附件一（训练集）.xlsx|材料3|1683,3,三角波,三角波,三角波,三角波,三角波,三角波
附件一（训练集）.xlsx|材料3|1684,0,三角波,三角波,三角波,三角波,三角波,三角波
附件一（训练集）.xlsx|材料3|1685,1,三角波,三角波,三角波,三角波,三角波,三角波
附件一（训练集）.xlsx|材料3|1686,0,三角波,三角波,三角波,三角波,三角波,三角波
附件一（训练集）.xlsx|材料3|1687,4,三角波,三角波,三角波,三角波,正弦波,三角波
附件一（训练集）.xlsx|材料3|1688,1,三角波,三角波,三角波,三角波,梯形波,三角波
附件一（训练集）.xlsx|材料3|1689,4,三角波,三角波,三角波,三角波,梯形波,三角波
附件一（训练集）.xlsx|材料3|169,0,正弦波,正弦波,正弦波,正弦波,三角波,正弦波
附件一（训练集）.xlsx|材料3|1690,2,三角波,三角波,三角波,三角波,梯形波,三角波
附件一（训练集）.xlsx|材料3|1691,0,三角波,三角波,三角波,三角波,梯形波,三角波
附件一（训练集）.xlsx|材料3|1692,4,三角波,三角波,三角波,三角波,正弦波,三角波
附件一（训练集）.xlsx|材料3|1693,4,三角波,三角波,三角波,三角波,梯形波,三角波
附件一（训练集）.xlsx|材料3|1694,1,三角波,三角波,三角波,三角波,梯形波,三角波
附件一（训练集）.xlsx|材料3|1695,4,三角波,三角波,三角波,三角波,梯形波,三角波
附件一（训练集）.xlsx|材料3|1696,2,三角波,三角波,三角波,三角波,梯形波,三角波
附件一（训练集）.xlsx|材料3|1697,2,三角波,三角波,三角波,三角波,正弦波,三角波
附件一（训练集）.xlsx|材料3|1698,0,三角波,三角波,三角波,三角波,正弦波,三角波
附件一（训练集）.xlsx|材料3|1699,2,三角波,三角波,三角波,三角波,梯形波,三角波
附件一（训练集）.xlsx|材料3|17,2,正弦波,正弦波,正弦波,正弦波,正弦波,正弦波
附件一（训练集）.xlsx|材料3|170,2,正弦波,正弦波,正弦波,正弦波,三角波,正弦波
附件一（训练集）.xlsx|材料3|1700,1,三角波,三角波,三角波,三角波,梯形波,三角波
附件一（训练集）.xlsx|材料3|1701,4,三角波,三角波,三角波,三角波,梯形波,三角波
附件一（训练集）.xlsx|材料3|1702,3,三角波,三角波,三角波,三角波,梯形波,三角波
附件一（训练集）.xlsx|材料3|1703,1,三角波,三角波,三角波,三角波,梯形波,三角波
附件一（训练集）.xlsx|材料3|1704,2,三角波,三角波,三角波,三角波,正弦波,三角波
附件一（训练集）.xlsx|材料3|1705,1,三角波,三角波,三角波,三角波,梯形波,三角波
附件一（训练集）.xlsx|材料3|1706,3,三角波,三角波,三角波,三角波,梯形波,三角波
附件一（训练集）.xlsx|材料3|1707,1,三角波,三角波,三角波,三角波,梯形波,三角波
附件一（训练集）.xlsx|材料3|1708,4,三角波,三角波,三角波,三角波,梯形波,三角波
附件一（训练集）.xlsx|材料3|1709,4,三角波,三角波,三角波,三角波,梯形波,三角波
附件一（训练集）.xlsx|材料3|171,1,正弦波,正弦波,正弦波,正弦波,三角波,正弦波
附件一（训练集）.xlsx|材料3|1710,0,三角波,三角波,三角波,三角波,梯形波,三角波
附件一（训练集）.xlsx|材料3|1711,1,三角波,三角波,三角波,三角波,梯形波,三角波
附件一（训练集）.xlsx|材料3|1712,0,三角波,三角波,三角波,三角波,梯形波,三角波
附件一（训练集）.xlsx|材料3|1713,4,三角波,三角波,三角波,三角波,梯形波,三角波
附件一（训练集）.xlsx|材料3|1714,4,三角波,三角波,三角波,三角波,梯形波,三角波
附件一（训练集）.xlsx|材料3|1715,1,三角波,三角波,三角波,三角波,梯形波,三角波
附件一（训练集）.xlsx|材料3|1716,1,三角波,三角波,三角波,三角波,梯形波,三角波
附件一（训练集）.xlsx|材料3|1717,1,三角波,三角波,三角波,三角波,梯形波,三角波
附件一（训练集）.xlsx|材料3|1718,4,三角波,三角波,三角波,三角波,正弦波,三角波
附件一（训练集）.xlsx|材料3|1719,4,三角波,三角波,三角波,三角波,梯形波,三角波
附件一（训练集）.xlsx|材料3|172,2,正弦波,正弦波,正弦波,正弦波,正弦波,正弦波
附件一（训练集）.xlsx|材料3|1720,1,三角波,三角波,三角波,三角波,梯形波,三角波
附件一（训练集）.xlsx|材料3|1721,2,三角波,三角波,三角波,三角波,梯形波,三角波
附件一（训练集）.xlsx|材料3|1722,1,三角波,三角波,三角波,三角波,梯形波,三角波
附件一（训练集）.xlsx|材料3|1723,1,三角波,三角波,三角波,三角波,梯形波,三角波
附件一（训练集）.xlsx|材料3|1724,3,三角波,三角波,三角波,三角波,正弦波,三角波
附件一（训练集）.xlsx|材料3|1725,3,三角波,三角波,三角波,三角波,正弦波,三角波
附件一（训练集）.xlsx|材料3|1726,3,三角波,三角波,三角波,三角波,三角波,三角波
附件一（训练集）.xlsx|材料3|1727,3,三角波,三角波,三角波,三角波,三角波,三角波
附件一（训练集）.xlsx|材料3|1728,3,三角波,三角波,三角波,三角波,三角波,三角波
附件一（训练集）.xlsx|材料3|1729,0,三角波,三角波,三角波,三角波,三角波,三角波
附件一（训练集）.xlsx|材料3|173,1,正弦波,正弦波,正弦波,正弦波,正弦波,正弦波
附件一（训练集）.xlsx|材料3|1730,0,三角波,三角波,三角波,三角波,三角波,三角波
附件一（训练集）.xlsx|材料3|1731,0,三角波,三角波,三角波,三角波,三角波,三角波
附件一（训练集）.xlsx|材料3|1732,0,三角波,三角波,三角波,三角波,三角波,三角波
附件一（训练集）.xlsx|材料3|1733,0,三角波,三角波,三角波,三角波,三角波,三角波
附件一（训练集）.xlsx|材料3|1734,0,三角波,三角波,三角波,三角波,三角波,三角波
附件一（训练集）.xlsx|材料3|1735,3,三角波,三角波,三角波,三角波,三角波,三角波
附件一（训练集）.xlsx|材料3|1736,3,三角波,三角波,三角波,三角波,三角波,三角波
附件一（训练集）.xlsx|材料3|1737,3,三角波,三角波,三角波,三角波,三角波,三角波
附件一（训练集）.xlsx|材料3|1738,4,三角波,三角波,三角波,三角波,三角波,三角波
附件一（训练集）.xlsx|材料3|1739,0,三角波,三角波,三角波,三角波,三角波,三角波
附件一（训练集）.xlsx|材料3|174,1,正弦波,正弦波,正弦波,正弦波,正弦波,正弦波
附件一（训练集）.xlsx|材料3|1740,0,三角波,三角波,三角波,三角波,三角波,三角波
附件一（训练集）.xlsx|材料3|1741,4,三角波,三角波,三角波,三角波,三角波,三角波
附件一（训练集）.xlsx|材料3|1742,4,三角波,三角波,三角波,三角波,三角波,三角波
附件一（训练集）.xlsx|材料3|1743,4,三角波,三角波,三角波,三角波,三角波,三角波
附件一（训练集）.xlsx|材料3|1744,2,三角波,三角波,三角波,三角波,正弦波,三角波
附件一（训练集）.xlsx|材料3|1745,4,三角波,三角波,三角波,三角波,正弦波,三角波
附件一（训练集）.xlsx|材料3|1746,3,三角波,三角波,三角波,三角波,梯形波,三角波
附件一（训练集）.xlsx|材料3|1747,4,三角波,三角波,三角波,三角波,梯形波,三角波
附件一（训练集）.xlsx|材料3|1748,3,三角波,三角波,三角波,三角波,正弦波,三角波
附件一（训练集）.xlsx|材料3|1749,2,三角波,三角波,三角波,三角波,正弦波,三角波
附件一（训练集）.xlsx|材料3|175,1,正弦波,正弦波,正弦波,正弦波,正弦波,正弦波
附件一（训练集）.xlsx|材料3|1750,3,三角波,三角波,三角波,三角波,正弦波,三角波
附件一（训练集）.xlsx|材料3|1751,2,三角波,三角波,三角波,三角波,正弦波,三角波
附件一（训练集）.xlsx|材料3|1752,4,三角波,三角波,三角波,三角波,梯形波,三角波
附件一（训练集）.xlsx|材料3|1753,3,三角波,三角波,三角波,三角波,梯形波,三角波
附件一（训练集）.xlsx|材料3|1754,3,三角波,三角波,三角波,三角波,梯形波,三角波
附件一（训练集）.xlsx|材料3|1755,2,三角波,三角波,三角波,三角波,正弦波,三角波
附件一（训练集）.xlsx|材料3|1756,3,三角波,三角波,三角波,三角波,正弦波,三角波
附件一（训练集）.xlsx|材料3|1757,3,三角波,三角波,三角波,三角波,梯形波,三角波
附件一（训练集）.xlsx|材料3|1758,4,三角波,三角波,三角波,三角波,梯形波,三角波
附件一（训练集）.xlsx|材料3|1759,3,三角波,三角波,三角波,三角波,梯形波,三角波
附件一（训练集）.xlsx|材料3|176,4,正弦波,正弦波,正弦波,正弦波,正弦波,正弦波
附件一（训练集）.xlsx|材料3|1760,3,三角波,三角波,三角波,三角波,梯形波,三角波
附件一（训练集）.xlsx|材料3|1761,1,三角波,三角波,三角波,三角波,正弦波,三角波
附件一（训练集）.xlsx|材料3|1762,4,三角波,三角波,三角波,三角波,正弦波,三角波
附件一（训练集）.xlsx|材料3|1763,0,三角波,三角波,三角波,三角波,正弦波,三角波
附件一（训练集）.xlsx|材料3|1764,3,三角波,三角波,三角波,三角波,正弦波,三角波
附件一（训练集）.xlsx|材料3|1765,4,三角波,三角波,三角波,三角波,正弦波,三角波
附件一（训练集）.xlsx|材料3|1766,0,三角波,三角波,三角波,三角波,三角波,三角波
附件一（训练集）.xlsx|材料3|1767,0,三角波,三角波,三角波,三角波,梯形波,三角波
附件一（训练集）.xlsx|材料3|1768,4,三角波,三角波,三角波,三角波,梯形波,三角波
附件一（训练集）.xlsx|材料3|1769,4,三角波,三角波,三角波,三角波,梯形波,三角波
附件一（训练集）.xlsx|材料3|177,4,正弦波,正弦波,正弦波,正弦波,正弦波,正弦波
附件一（训练集）.xlsx|材料3|1770,3,三角波,三角波,三角波,三角波,正弦波,三角波
附件一（训练集）.xlsx|材料3|1771,3,三角波,三角波,三角波,三角波,正弦波,三角波
附件一（训练集）.xlsx|材料3|1772,0,三角波,三角波,三角波,三角波,正弦波,三角波
附件一（训练集）.xlsx|材料3|1773,1,三角波,三角波,三角波,三角波,正弦波,三角波
附件一（训练集）.xlsx|材料3|1774,1,三角波,三角波,三角波,三角波,三角波,三角波
附件一（训练集）.xlsx|材料3|1775,1,三角波,三角波,三角波,三角波,三角波,三角波
附件一（训练集）.xlsx|材料3|1776,4,三角波,三角波,三角波,三角波,三角波,三角波
附件一（训练集）.xlsx|材料3|1777,3,三角波,三角波,三角波,三角波,梯形波,三角波
附件一（训练集）.xlsx|材料3|1778,3,三角波,三角波,三角波,三角波,梯形波,三角波
附件一（训练集）.xlsx|材料3|1779,4,三角波,三角波,三角波,三角波,正弦波,三角波
附件一（训练集）.xlsx|材料3|178,2,正弦波,正弦波,正弦波,正弦波,梯形波,正弦波
附件一（训练集）.xlsx|材料3|1780,4,三角波,三角波,三角波,三角波,正弦波,三角波
附件一（训练集）.xlsx|材料3|1781,2,三角波,三角波,三角波,三角波,三角波,三角波
附件一（训练集）.xlsx|材料3|1782,4,三角波,三角波,三角波,三角波,三角波,三角波
附件一（训练集）.xlsx|材料3|1783,0,三角波,三角波,三角波,三角波,三角波,三角波
附件一（训练集）.xlsx|材料3|1784,4,三角波,三角波,三角波,三角波,三角波,三角波
附件一（训练集）.xlsx|材料3|1785,2,三角波,三角波,三角波,三角波,三角波,三角波
附件一（训练集）.xlsx|材料3|1786,4,三角波,三角波,三角波,三角波,三角波,三角波
附件一（训练集）.xlsx|材料3|1787,4,三角波,三角波,三角波,三角波,三角波,三角波
附件一（训练集）.xlsx|材料3|1788,3,三角波,三角波,三角波,三角波,正弦波,三角波
附件一（训练集）.xlsx|材料3|1789,2,三角波,三角波,三角波,三角波,三角波,三角波
附件一（训练集）.xlsx|材料3|179,0,正弦波,正弦波,正弦波,正弦波,正弦波,正弦波
附件一（训练集）.xlsx|材料3|1790,4,三角波,三角波,三角波,三角波,三角波,三角波
附件一（训练集）.xlsx|材料3|1791,4,三角波,三角波,三角波,三角波,三角波,三角波
附件一（训练集）.xlsx|材料3|1792,1,三角波,三角波,三角波,三角波,三角波,三角波
附件一（训练集）.xlsx|材料3|1793,2,三角波,三角波,三角波,三角波,三角波,三角波
附件一（训练集）.xlsx|材料3|1794,3,三角波,三角波,三角波,三角波,三角波,三角波
附件一（训练集）.xlsx|材料3|1795,3,三角波,三角波,三角波,三角波,三角波,三角波
附件一（训练集）.xlsx|材料3|1796,3,三角波,三角波,三角波,三角波,三角波,三角波
附件一（训练集）.xlsx|材料3|1797,2,三角波,三角波,三角波,三角波,三角波,三角波
附件一（训练集）.xlsx|材料3|1798,1,三角波,三角波,三角波,三角波,三角波,三角波
附件一（训练集）.xlsx|材料3|1799,0,三角波,三角波,三角波,三角波,三角波,三角波
附件一（训练集）.xlsx|材料3|18,0,正弦波,正弦波,正弦波,正弦波,正弦波,正弦波
附件一（训练集）.xlsx|材料3|180,0,正弦波,正弦波,正弦波,正弦波,正弦波,正弦波
附件一（训练集）.xlsx|材料3|1800,2,三角波,三角波,三角波,三角波,正弦波,三角波
附件一（训练集）.xlsx|材料3|1801,2,三角波,三角波,三角波,三角波,正弦波,三角波
附件一（训练集）.xlsx|材料3|1802,2,三角波,三角波,三角波,三角波,正弦波,三角波
附件一（训练集）.xlsx|材料3|1803,2,三角波,三角波,三角波,三角波,梯形波,三角波
附件一（训练集）.xlsx|材料3|1804,4,三角波,三角波,三角波,三角波,梯形波,三角波
附件一（训练集）.xlsx|材料3|1805,0,三角波,三角波,三角波,三角波,梯形波,三角波
附件一（训练集）.xlsx|材料3|1806,3,三角波,三角波,三角波,三角波,梯形波,三角波
附件一（训练集）.xlsx|材料3|1807,3,三角波,三角波,三角波,三角波,梯形波,三角波
附件一（训练集）.xlsx|材料3|1808,1,三角波,三角波,三角波,三角波,梯形波,三角波
附件一（训练集）.xlsx|材料3|1809,1,三角波,三角波,三角波,三角波,正弦波,三角波
附件一（训练集）.xlsx|材料3|181,1,正弦波,正弦波,正弦波,正弦波,正弦波,正弦波
附件一（训练集）.xlsx|材料3|1810,1,三角波,三角波,三角波,三角波,正弦波,三角波
附件一（训练集）.xlsx|材料3|1811,0,三角波,三角波,三角波,三角波,正弦波,三角波
附件一（训练集）.xlsx|材料3|1812,0,三角波,三角波,三角波,三角波,梯形波,三角波
附件一（训练集）.xlsx|材料3|1813,3,三角波,三角波,三角波,三角波,梯形波,三角波
附件一（训练集）.xlsx|材料3|1814,3,三角波,三角波,三角波,三角波,梯形波,三角波
附件一（训练集）.xlsx|材料3|1815,0,三角波,三角波,三角波,三角波,梯形波,三角波
附件一（训练集）.xlsx|材料3|1816,0,三角波,三角波,三角波,三角波,梯形波,三角波
附件一（训练集）.xlsx|材料3|1817,4,三角波,三角波,三角波,三角波,梯形波,三角波
附件一（训练集）.xlsx|材料3|1818,3,三角波,三角波,三角波,三角波,正弦波,三角波
附件一（训练集）.xlsx|材料3|1819,2,三角波,三角波,三角波,三角波,正弦波,三角波
附件一（训练集）.xlsx|材料3|182,4,正弦波,正弦波,正弦波,正弦波,正弦波,正弦波
附件一（训练集）.xlsx|材料3|1820,2,三角波,三角波,三角波,三角波,正弦波,三角波
附件一（训练集）.xlsx|材料3|1821,2,三角波,三角波,三角波,三角波,正弦波,三角波
附件一（训练集）.xlsx|材料3|1822,2,三角波,三角波,三角波,三角波,梯形波,三角波
附件一（训练集）.xlsx|材料3|1823,2,三角波,三角波,三角波,三角波,梯形波,三角波
附件一（训练集）.xlsx|材料3|1824,2,三角波,三角波,三角波,三角波,梯形波,三角波
附件一（训练集）.xlsx|材料3|1825,0,三角波,三角波,三角波,三角波,梯形波,三角波
附件一（训练集）.xlsx|材料3|1826,0,三角波,三角波,三角波,三角波,正弦波,三角波
附件一（训练集）.xlsx|材料3|1827,3,三角波,三角波,三角波,三角波,梯形波,三角波
附件一（训练集）.xlsx|材料3|1828,1,三角波,三角波,三角波,三角波,梯形波,三角波
附件一（训练集）.xlsx|材料3|1829,2,三角波,三角波,三角波,三角波,梯形波,三角波
附件一（训练集）.xlsx|材料3|183,4,正弦波,正弦波,正弦波,正弦波,梯形波,正弦波
附件一（训练集）.xlsx|材料3|1830,2,三角波,三角波,三角波,三角波,梯形波,三角波
附件一（训练集）.xlsx|材料3|1831,2,三角波,三角波,三角波,三角波,梯形波,三角波
附件一（训练集）.xlsx|材料3|1832,0,三角波,三角波,三角波,三角波,梯形波,三角波
附件一（训练集）.xlsx|材料3|1833,0,三角波,三角波,三角波,三角波,正弦波,三角波
附件一（训练集）.xlsx|材料3|1834,2,三角波,三角波,三角波,三角波,正弦波,三角波
附件一（训练集）.xlsx|材料3|1835,0,三角波,三角波,三角波,三角波,正弦波,三角波
附件一（训练集）.xlsx|材料3|1836,0,三角波,三角波,三角波,三角波,三角波,三角波
附件一（训练集）.xlsx|材料3|1837,4,三角波,三角波,三角波,三角波,梯形波,三角波
附件一（训练集）.xlsx|材料3|1838,0,三角波,三角波,三角波,三角波,梯形波,三角波
附件一（训练集）.xlsx|材料3|1839,0,三角波,三角波,三角波,三角波,梯形波,三角波
附件一（训练集）.xlsx|材料3|184,0,正弦波,正弦波,正弦波,正弦波,梯形波,正弦波
附件一（训练集）.xlsx|材料3|1840,0,三角波,三角波,三角波,三角波,梯形波,三角波
附件一（训练集）.xlsx|材料3|1841,0,三角波,三角波,三角波,三角波,梯形波,三角波
附件一（训练集）.xlsx|材料3|1842,4,三角波,三角波,三角波,三角波,正弦波,三角波
附件一（训练集）.xlsx|材料3|1843,4,三角波,三角波,三角波,三角波,正弦波,三角波
附件一（训练集）.xlsx|材料3|1844,4,三角波,三角波,三角波,三角波,三角波,三角波
附件一（训练集）.xlsx|材料3|1845,3,三角波,三角波,三角波,三角波,三角波,三角波
附件一（训练集）.xlsx|材料3|1846,4,三角波,三角波,三角波,三角波,三角波,三角波
附件一（训练集）.xlsx|材料3|1847,4,三角波,三角波,三角波,三角波,三角波,三角波
附件一（训练集）.xlsx|材料3|1848,3,三角波,三角波,三角波,三角波,梯形波,三角波
附件一（训练集）.xlsx|材料3|1849,3,三角波,三角波,三角波,三角波,梯形波,三角波
附件一（训练集）.xlsx|材料3|185,4,正弦波,正弦波,正弦波,正弦波,梯形波,正弦波
附件一（训练集）.xlsx|材料3|1850,3,三角波,三角波,三角波,三角波,梯形波,三角波
附件一（训练集）.xlsx|材料3|1851,1,三角波,三角波,三角波,三角波,正弦波,三角波
附件一（训练集）.xlsx|材料3|1852,1,三角波,三角波,三角波,三角波,三角波,三角波
附件一（训练集）.xlsx|材料3|1853,3,三角波,三角波,三角波,三角波,三角波,三角波
附件一（训练集）.xlsx|材料3|1854,1,三角波,三角波,三角波,三角波,三角波,三角波
附件一（训练集）.xlsx|材料3|1855,3,三角波,三角波,三角波,三角波,三角波,三角波
附件一（训练集）.xlsx|材料3|1856,3,三角波,三角波,三角波,三角波,三角波,三角波
附件一（训练集）.xlsx|材料3|1857,3,三角波,三角波,三角波,三角波,三角波,三角波
附件一（训练集）.xlsx|材料3|1858,3,三角波,三角波,三角波,三角波,三角波,三角波
附件一（训练集）.xlsx|材料3|1859,0,三角波,三角波,三角波,三角波,三角波,三角波
附件一（训练集）.xlsx|材料3|186,1,正弦波,正弦波,正弦波,正弦波,梯形波,正弦波
附件一（训练集）.xlsx|材料3|1860,0,三角波,三角波,三角波,三角波,三角波,三角波
附件一（训练集）.xlsx|材料3|1861,4,三角波,三角波,三角波,三角波,三角波,三角波
附件一（训练集）.xlsx|材料3|1862,0,三角波,三角波,三角波,三角波,三角波,三角波
附件一（训练集）.xlsx|材料3|1863,0,三角波,三角波,三角波,三角波,三角波,三角波
附件一（训练集）.xlsx|材料3|1864,4,三角波,三角波,三角波,三角波,三角波,三角波
附件一（训练集）.xlsx|材料3|1865,4,三角波,三角波,三角波,三角波,三角波,三角波
附件一（训练集）.xlsx|材料3|1866,2,三角波,三角波,三角波,三角波,三角波,三角波
附件一（训练集）.xlsx|材料3|1867,4,三角波,三角波,三角波,三角波,三角波,三角波
附件一（训练集）.xlsx|材料3|1868,3,三角波,三角波,三角波,三角波,三角波,三角波
附件一（训练集）.xlsx|材料3|1869,3,三角波,三角波,三角波,三角波,三角波,三角波
附件一（训练集）.xlsx|材料3|187,3,正弦波,正弦波,正弦波,正弦波,正弦波,正弦波
附件一（训练集）.xlsx|材料3|1870,3,三角波,三角波,三角波,三角波,三角波,三角波
附件一（训练集）.xlsx|材料3|1871,3,三角波,三角波,三角波,三角波,三角波,三角波
附件一（训练集）.xlsx|材料3|1872,3,三角波,三角波,三角波,三角波,三角波,三角波
附件一（训练集）.xlsx|材料3|1873,3,三角波,三角波,三角波,三角波,三角波,三角波
附件一（训练集）.xlsx|材料3|1874,3,三角波,三角波,三角波,三角波,三角波,三角波
附件一（训练集）.xlsx|材料3|1875,4,三角波,三角波,三角波,三角波,正弦波,三角波
附件一（训练集）.xlsx|材料3|1876,3,三角波,三角波,三角波,三角波,正弦波,三角波
附件一（训练集）.xlsx|材料3|1877,4,三角波,三角波,三角波,三角波,梯形波,三角波
附件一（训练集）.xlsx|材料3|1878,4,三角波,三角波,三角波,三角波,梯形波,三角波
附件一（训练集）.xlsx|材料3|1879,0,三角波,三角波,三角波,三角波,梯形波,三角波
附件一（训练集）.xlsx|材料3|188,2,正弦波,正弦波,正弦波,正弦波,正弦波,正弦波
附件一（训练集）.xlsx|材料3|1880,0,三角波,三角波,三角波,三角波,梯形波,三角波
附件一（训练集）.xlsx|材料3|1881,0,三角波,三角波,三角波,三角波,正弦波,三角波
附件一（训练集）.xlsx|材料3|1882,3,三角波,三角波,三角波,三角波,正弦波,三角波
附件一（训练集）.xlsx|材料3|1883,2,三角波,三角波,三角波,三角波,梯形波,三角波
附件一（训练集）.xlsx|材料3|1884,0,三角波,三角波,三角波,三角波,梯形波,三角波
附件一（训练集）.xlsx|材料3|1885,0,三角波,三角波,三角波,三角波,正弦波,三角波
附件一（训练集）.xlsx|材料3|1886,1,三角波,三角波,三角波,三角波,正弦波,三角波
附件一（训练集）.xlsx|材料3|1887,1,三角波,三角波,三角波,三角波,梯形波,三角波
附件一（训练集）.xlsx|材料3|1888,1,三角波,三角波,三角波,三角波,梯形波,三角波
附件一（训练集）.xlsx|材料3|1889,0,三角波,三角波,三角波,三角波,梯形波,三角波
附件一（训练集）.xlsx|材料3|189,4,正弦波,正弦波,正弦波,正弦波,正弦波,正弦波
附件一（训练集）.xlsx|材料3|1890,0,三角波,三角波,三角波,三角波,梯形波,三角波
附件一（训练集）.xlsx|材料3|1891,4,三角波,三角波,三角波,三角波,梯形波,三角波
附件一（训练集）.xlsx|材料3|1892,4,三角波,三角波,三角波,三角波,梯形波,三角波
附件一（训练集）.xlsx|材料3|1893,4,三角波,三角波,三角波,三角波,正弦波,三角波
附件一（训练集）.xlsx|材料3|1894,0,三角波,三角波,三角波,三角波,正弦波,三角波
附件一（训练集）.xlsx|材料3|1895,0,三角波,三角波,三角波,三角波,正弦波,三角波
附件一（训练集）.xlsx|材料3|1896,3,三角波,三角波,三角波,三角波,梯形波,三角波
附件一（训练集）.xlsx|材料3|1897,4,三角波,三角波,三角波,三角波,梯形波,三角波
附件一（训练集）.xlsx|材料3|1898,4,三角波,三角波,三角波,三角波,梯形波,三角波
附件一（训练集）.xlsx|材料3|1899,4,三角波,三角波,三角波,三角波,梯形波,三角波
附件一（训练集）.xlsx|材料3|19,4,正弦波,正弦波,正弦波,正弦波,梯形波,正弦波
附件一（训练集）.xlsx|材料3|190,4,正弦波,正弦波,正弦波,正弦波,正弦波,正弦波
附件一（训练集）.xlsx|材料3|1900,0,三角波,三角波,三角波,三角波,正弦波,三角波
附件一（训练集）.xlsx|材料3|1901,4,三角波,三角波,三角波,三角波,正弦波,三角波
附件一（训练集）.xlsx|材料3|1902,3,三角波,三角波,三角波,三角波,正弦波,三角波
附件一（训练集）.xlsx|材料3|1903,0,三角波,三角波,三角波,三角波,梯形波,三角波
附件一（训练集）.xlsx|材料3|1904,0,三角波,三角波,三角波,三角波,梯形波,三角波
附件一（训练集）.xlsx|材料3|1905,0,三角波,三角波,三角波,三角波,梯形波,三角波
附件一（训练集）.xlsx|材料3|1906,1,三角波,三角波,三角波,三角波,梯形波,三角波
附件一（训练集）.xlsx|材料3|1907,0,三角波,三角波,三角波,三角波,梯形波,三角波
附件一（训练集）.xlsx|材料3|1908,4,三角波,三角波,三角波,三角波,梯形波,三角波
附件一（训练集）.xlsx|材料3|1909,4,三角波,三角波,三角波,三角波,梯形波,三角波
附件一（训练集）.xlsx|材料3|191,0,正弦波,正弦波,正弦波,正弦波,正弦波,正弦波
附件一（训练集）.xlsx|材料3|1910,1,三角波,三角波,三角波,三角波,梯形波,三角波
附件一（训练集）.xlsx|材料3|1911,2,三角波,三角波,三角波,三角波,正弦波,三角波
附件一（训练集）.xlsx|材料3|1912,2,三角波,三角波,三角波,三角波,正弦波,三角波
附件一（训练集）.xlsx|材料3|1913,3,三角波,三角波,三角波,三角波,梯形波,三角波
附件一（训练集）.xlsx|材料3|1914,0,三角波,三角波,三角波,三角波,三角波,三角波
附件一（训练集）.xlsx|材料3|1915,3,三角波,三角波,三角波,三角波,梯形波,三角波
附件一（训练集）.xlsx|材料3|1916,4,三角波,三角波,三角波,三角波,梯形波,三角波
附件一（训练集）.xlsx|材料3|1917,4,三角波,三角波,三角波,三角波,梯形波,三角波
附件一（训练集）.xlsx|材料3|1918,3,三角波,三角波,三角波,三角波,梯形波,三角波
附件一（训练集）.xlsx|材料3|1919,2,三角波,三角波,三角波,三角波,正弦波,三角波
附件一（训练集）.xlsx|材料3|192,2,正弦波,正弦波,正弦波,正弦波,正弦波,正弦波
附件一（训练集）.xlsx|材料3|1920,1,三角波,三角波,三角波,三角波,正弦波,三角波
附件一（训练集）.xlsx|材料3|1921,3,三角波,三角波,三角波,三角波,正弦波,三角波
附件一（训练集）.xlsx|材料3|1922,1,三角波,三角波,三角波,三角波,三角波,三角波
附件一（训练集）.xlsx|材料3|1923,0,三角波,三角波,三角波,三角波,三角波,三角波
附件一（训练集）.xlsx|材料3|1924,0,三角波,三角波,三角波,三角波,三角波,三角波
附件一（训练集）.xlsx|材料3|1925,1,三角波,三角波,三角波,三角波,三角波,三角波
附件一（训练集）.xlsx|材料3|1926,1,三角波,三角波,三角波,三角波,梯形波,三角波
附件一（训练集）.xlsx|材料3|1927,1,三角波,三角波,三角波,三角波,梯形波,三角波
附件一（训练集）.xlsx|材料3|1928,1,三角波,三角波,三角波,三角波,梯形波,三角波
附件一（训练集）.xlsx|材料3|1929,0,三角波,三角波,三角波,三角波,正弦波,三角波
附件一（训练集）.xlsx|材料3|193,3,正弦波,正弦波,正弦波,正弦波,正弦波,正弦波
附件一（训练集）.xlsx|材料3|1930,2,三角波,三角波,三角波,三角波,三角波,三角波
附件一（训练集）.xlsx|材料3|1931,2,三角波,三角波,三角波,三角波,三角波,三角波
附件一（训练集）.xlsx|材料3|1932,2,三角波,三角波,三角波,三角波,三角波,三角波
附件一（训练集）.xlsx|材料3|1933,0,三角波,三角波,三角波,三角波,三角波,三角波
附件一（训练集）.xlsx|材料3|1934,2,三角波,三角波,三角波,三角波,三角波,三角波
附件一（训练集）.xlsx|材料3|1935,1,三角波,三角波,三角波,三角波,三角波,三角波
附件一（训练集）.xlsx|材料3|1936,4,三角波,三角波,三角波,三角波,三角波,三角波
附件一（训练集）.xlsx|材料3|1937,2,三角波,三角波,三角波,三角波,三角波,三角波
附件一（训练集）.xlsx|材料3|1938,1,三角波,三角波,三角波,三角波,三角波,三角波
附件一（训练集）.xlsx|材料3|1939,2,三角波,三角波,三角波,三角波,三角波,三角波
附件一（训练集）.xlsx|材料3|194,1,正弦波,正弦波,正弦波,正弦波,梯形波,正弦波
附件一（训练集）.xlsx|材料3|1940,2,三角波,三角波,三角波,三角波,三角波,三角波
附件一（训练集）.xlsx|材料3|1941,1,三角波,三角波,三角波,三角波,三角波,三角波
附件一（训练集）.xlsx|材料3|1942,1,三角波,三角波,三角波,三角波,三角波,三角波
附件一（训练集）.xlsx|材料3|1943,1,三角波,三角波,三角波,三角波,三角波,三角波
附件一（训练集）.xlsx|材料3|1944,1,三角波,三角波,三角波,三角波,三角波,三角波
附件一（训练集）.xlsx|材料3|1945,1,三角波,三角波,三角波,三角波,三角波,三角波
附件一（训练集）.xlsx|材料3|1946,3,三角波,三角波,三角波,三角波,三角波,三角波
附件一（训练集）.xlsx|材料3|1947,1,三角波,三角波,三角波,三角波,三角波,三角波
附件一（训练集）.xlsx|材料3|1948,1,三角波,三角波,三角波,三角波,三角波,三角波
附件一（训练集）.xlsx|材料3|1949,2,三角波,三角波,三角波,三角波,三角波,三角波
附件一（训练集）.xlsx|材料3|195,2,正弦波,正弦波,正弦波,正弦波,梯形波,正弦波
附件一（训练集）.xlsx|材料3|1950,1,三角波,三角波,三角波,三角波,三角波,三角波
附件一（训练集）.xlsx|材料3|1951,3,三角波,三角波,三角波,三角波,三角波,三角波
附件一（训练集）.xlsx|材料3|1952,4,三角波,三角波,三角波,三角波,三角波,三角波
附件一（训练集）.xlsx|材料3|1953,2,三角波,三角波,三角波,三角波,正弦波,三角波
附件一（训练集）.xlsx|材料3|1954,3,三角波,三角波,三角波,三角波,梯形波,三角波
附件一（训练集）.xlsx|材料3|1955,3,三角波,三角波,三角波,三角波,梯形波,三角波
附件一（训练集）.xlsx|材料3|1956,3,三角波,三角波,三角波,三角波,梯形波,三角波
附件一（训练集）.xlsx|材料3|1957,3,三角波,三角波,三角波,三角波,梯形波,三角波
附件一（训练集）.xlsx|材料3|1958,2,三角波,三角波,三角波,三角波,梯形波,三角波
附件一（训练集）.xlsx|材料3|1959,1,三角波,三角波,三角波,三角波,梯形波,三角波
附件一（训练集）.xlsx|材料3|196,0,正弦波,正弦波,正弦波,正弦波,梯形波,正弦波
附件一（训练集）.xlsx|材料3|1960,4,三角波,三角波,三角波,三角波,梯形波,三角波
附件一（训练集）.xlsx|材料3|1961,1,三角波,三角波,三角波,三角波,梯形波,三角波
附件一（训练集）.xlsx|材料3|1962,3,三角波,三角波,三角波,三角波,梯形波,三角波
附件一（训练集）.xlsx|材料3|1963,1,三角波,三角波,三角波,三角波,梯形波,三角波
附件一（训练集）.xlsx|材料3|1964,2,三角波,三角波,三角波,三角波,正弦波,三角波
附件一（训练集）.xlsx|材料3|1965,1,三角波,三角波,三角波,三角波,梯形波,三角波
附件一（训练集）.xlsx|材料3|1966,0,三角波,三角波,三角波,三角波,梯形波,三角波
附件一（训练集）.xlsx|材料3|1967,4,三角波,三角波,三角波,三角波,梯形波,三角波
附件一（训练集）.xlsx|材料3|1968,1,三角波,三角波,三角波,三角波,梯形波,三角波
附件一（训练集）.xlsx|材料3|1969,1,三角波,三角波,三角波,三角波,梯形波,三角波
附件一（训练集）.xlsx|材料3|197,0,正弦波,正弦波,正弦波,正弦波,正弦波,正弦波
附件一（训练集）.xlsx|材料3|1970,1,三角波,三角波,三角波,三角波,梯形波,三角波
附件一（训练集）.xlsx|材料3|1971,2,三角波,三角波,三角波,三角波,梯形波,三角波
附件一（训练集）.xlsx|材料3|1972,2,三角波,三角波,三角波,三角波,梯形波,三角波
附件一（训练集）.xlsx|材料3|1973,4,三角波,三角波,三角波,三角波,正弦波,三角波
附件一（训练集）.xlsx|材料3|1974,0,三角波,三角波,三角波,三角波,梯形波,三角波
附件一（训练集）.xlsx|材料3|1975,0,三角波,三角波,三角波,三角波,梯形波,三角波
附件一（训练集）.xlsx|材料3|1976,3,三角波,三角波,三角波,三角波,梯形波,三角波
附件一（训练集）.xlsx|材料3|1977,3,三角波,三角波,三角波,三角波,梯形波,三角波
附件一（训练集）.xlsx|材料3|1978,1,三角波,三角波,三角波,三角波,正弦波,三角波
附件一（训练集）.xlsx|材料3|1979,3,三角波,三角波,三角波,三角波,梯形波,三角波
附件一（训练集）.xlsx|材料3|198,0,正弦波,正弦波,正弦波,正弦波,正弦波,正弦波
附件一（训练集）.xlsx|材料3|1980,2,三角波,三角波,三角波,三角波,梯形波,三角波
附件一（训练集）.xlsx|材料3|1981,2,三角波,三角波,三角波,三角波,梯形波,三角波
附件一（训练集）.xlsx|材料3|1982,4,三角波,三角波,三角波,三角波,梯形波,三角波
附件一（训练集）.xlsx|材料3|1983,0,三角波,三角波,三角波,三角波,梯形波,三角波
附件一（训练集）.xlsx|材料3|1984,0,三角波,三角波,三角波,三角波,梯形波,三角波
附件一（训练集）.xlsx|材料3|1985,3,三角波,三角波,三角波,三角波,三角波,三角波
附件一（训练集）.xlsx|材料3|1986,1,三角波,三角波,三角波,三角波,三角波,三角波
附件一（训练集）.xlsx|材料3|1987,3,三角波,三角波,三角波,三角波,梯形波,三角波
附件一（训练集）.xlsx|材料3|1988,3,三角波,三角波,三角波,三角波,梯形波,三角波
附件一（训练集）.xlsx|材料3|1989,0,三角波,三角波,三角波,三角波,三角波,三角波
附件一（训练集）.xlsx|材料3|199,3,正弦波,正弦波,正弦波,正弦波,梯形波,正弦波
附件一（训练集）.xlsx|材料3|1990,3,三角波,三角波,三角波,三角波,三角波,三角波
附件一（训练集）.xlsx|材料3|1991,2,三角波,三角波,三角波,三角波,三角波,三角波
附件一（训练集）.xlsx|材料3|1992,0,三角波,三角波,三角波,三角波,三角波,三角波
附件一（训练集）.xlsx|材料3|1993,0,三角波,三角波,三角波,三角波,三角波,三角波
附件一（训练集）.xlsx|材料3|1994,0,三角波,三角波,三角波,三角波,三角波,三角波
附件一（训练集）.xlsx|材料3|1995,3,三角波,三角波,三角波,三角波,三角波,三角波
附件一（训练集）.xlsx|材料3|1996,4,三角波,三角波,三角波,三角波,三角波,三角波
附件一（训练集）.xlsx|材料3|1997,1,三角波,三角波,三角波,三角波,三角波,三角波
附件一（训练集）.xlsx|材料3|1998,3,三角波,三角波,三角波,三角波,三角波,三角波
附件一（训练集）.xlsx|材料3|1999,4,三角波,三角波,三角波,三角波,三角波,三角波
附件一（训练集）.xlsx|材料3|2,1,正弦波,正弦波,正弦波,正弦波,正弦波,正弦波
附件一（训练集）.xlsx|材料3|20,4,正弦波,正弦波,正弦波,正弦波,正弦波,正弦波
附件一（训练集）.xlsx|材料3|200,2,正弦波,正弦波,正弦波,正弦波,梯形波,正弦波
附件一（训练集）.xlsx|材料3|2000,2,三角波,三角波,三角波,三角波,三角波,三角波
附件一（训练集）.xlsx|材料3|2001,2,三角波,三角波,三角波,三角波,三角波,三角波
附件一（训练集）.xlsx|材料3|2002,1,三角波,三角波,三角波,三角波,三角波,三角波
附件一（训练集）.xlsx|材料3|2003,2,三角波,三角波,三角波,三角波,三角波,三角波
附件一（训练集）.xlsx|材料3|2004,2,三角波,三角波,三角波,三角波,三角波,三角波
附件一（训练集）.xlsx|材料3|2005,1,三角波,三角波,三角波,三角波,三角波,三角波
附件一（训练集）.xlsx|材料3|2006,3,三角波,三角波,三角波,三角波,三角波,三角波
附件一（训练集）.xlsx|材料3|2007,3,三角波,三角波,三角波,三角波,三角波,三角波
附件一（训练集）.xlsx|材料3|2008,1,三角波,三角波,三角波,三角波,三角波,三角波
附件一（训练集）.xlsx|材料3|2009,1,三角波,三角波,三角波,三角波,三角波,三角波
附件一（训练集）.xlsx|材料3|201,3,正弦波,正弦波,正弦波,正弦波,正弦波,正弦波
附件一（训练集）.xlsx|材料3|2010,3,三角波,三角波,三角波,三角波,三角波,三角波
附件一（训练集）.xlsx|材料3|2011,2,三角波,三角波,三角波,三角波,三角波,三角波
附件一（训练集）.xlsx|材料3|2012,2,三角波,三角波,三角波,三角波,三角波,三角波
附件一（训练集）.xlsx|材料3|2013,4,三角波,三角波,三角波,三角波,三角波,三角波
附件一（训练集）.xlsx|材料3|2014,0,三角波,三角波,三角波,三角波,三角波,三角波
附件一（训练集）.xlsx|材料3|2015,4,三角波,三角波,三角波,三角波,三角波,三角波
附件一（训练集）.xlsx|材料3|2016,0,三角波,三角波,三角波,三角波,三角波,三角波
附件一（训练集）.xlsx|材料3|2017,4,三角波,三角波,三角波,三角波,三角波,三角波
附件一（训练集）.xlsx|材料3|2018,4,三角波,三角波,三角波,三角波,三角波,三角波
附件一（训练集）.xlsx|材料3|2019,4,三角波,三角波,三角波,三角波,三角波,三角波
附件一（训练集）.xlsx|材料3|202,0,正弦波,正弦波,正弦波,正弦波,正弦波,正弦波
附件一（训练集）.xlsx|材料3|2020,2,三角波,三角波,三角波,三角波,三角波,三角波
附件一（训练集）.xlsx|材料3|2021,2,三角波,三角波,三角波,三角波,三角波,三角波
附件一（训练集）.xlsx|材料3|2022,1,梯形波,梯形波,梯形波,梯形波,正弦波,梯形波
附件一（训练集）.xlsx|材料3|2023,1,梯形波,梯形波,梯形波,梯形波,正弦波,梯形波
附件一（训练集）.xlsx|材料3|2024,3,梯形波,梯形波,梯形波,梯形波,正弦波,梯形波
附件一（训练集）.xlsx|材料3|2025,1,梯形波,梯形波,梯形波,梯形波,正弦波,梯形波
附件一（训练集）.xlsx|材料3|2026,3,梯形波,梯形波,梯形波,梯形波,梯形波,梯形波
附件一（训练集）.xlsx|材料3|2027,4,梯形波,梯形波,梯形波,梯形波,正弦波,梯形波
附件一（训练集）.xlsx|材料3|2028,4,梯形波,梯形波,梯形波,梯形波,正弦波,梯形波
附件一（训练集）.xlsx|材料3|2029,0,梯形波,梯形波,梯形波,梯形波,正弦波,梯形波
附件一（训练集）.xlsx|材料3|203,1,正弦波,正弦波,正弦波,正弦波,梯形波,正弦波
附件一（训练集）.xlsx|材料3|2030,3,梯形波,梯形波,梯形波,梯形波,正弦波,梯形波
附件一（训练集）.xlsx|材料3|2031,4,梯形波,梯形波,梯形波,梯形波,正弦波,梯形波
附件一（训练集）.xlsx|材料3|2032,0,梯形波,梯形波,梯形波,梯形波,梯形波,梯形波
附件一（训练集）.xlsx|材料3|2033,3,梯形波,梯形波,梯形波,梯形波,梯形波,梯形波
附件一（训练集）.xlsx|材料3|2034,3,梯形波,梯形波,梯形波,梯形波,梯形波,梯形波
附件一（训练集）.xlsx|材料3|2035,3,梯形波,梯形波,梯形波,梯形波,梯形波,梯形波
附件一（训练集）.xlsx|材料3|2036,0,梯形波,梯形波,梯形波,梯形波,正弦波,梯形波
附件一（训练集）.xlsx|材料3|2037,3,梯形波,梯形波,梯形波,梯形波,正弦波,梯形波
附件一（训练集）.xlsx|材料3|2038,3,梯形波,梯形波,梯形波,梯形波,正弦波,梯形波
附件一（训练集）.xlsx|材料3|2039,3,梯形波,梯形波,梯形波,梯形波,梯形波,梯形波
附件一（训练集）.xlsx|材料3|204,4,正弦波,正弦波,正弦波,正弦波,梯形波,正弦波
附件一（训练集）.xlsx|材料3|2040,3,梯形波,梯形波,梯形波,梯形波,梯形波,梯形波
附件一（训练集）.xlsx|材料3|2041,0,梯形波,梯形波,梯形波,梯形波,梯形波,梯形波
附件一（训练集）.xlsx|材料3|2042,3,梯形波,梯形波,梯形波,梯形波,梯形波,梯形波
附件一（训练集）.xlsx|材料3|2043,4,梯形波,梯形波,梯形波,梯形波,梯形波,梯形波
附件一（训练集）.xlsx|材料3|2044,2,梯形波,梯形波,梯形波,梯形波,正弦波,梯形波
附件一（训练集）.xlsx|材料3|2045,1,梯形波,梯形波,梯形波,梯形波,正弦波,梯形波
附件一（训练集）.xlsx|材料3|2046,1,梯形波,梯形波,梯形波,梯形波,正弦波,梯形波
附件一（训练集）.xlsx|材料3|2047,0,梯形波,梯形波,梯形波,梯形波,正弦波,梯形波
附件一（训练集）.xlsx|材料3|2048,4,梯形波,梯形波,梯形波,梯形波,正弦波,梯形波
附件一（训练集）.xlsx|材料3|2049,3,梯形波,梯形波,梯形波,梯形波,正弦波,梯形波
附件一（训练集）.xlsx|材料3|205,0,正弦波,正弦波,正弦波,正弦波,梯形波,正弦波
附件一（训练集）.xlsx|材料3|2050,0,梯形波,梯形波,梯形波,梯形波,梯形波,梯形波
附件一（训练集）.xlsx|材料3|2051,3,梯形波,梯形波,梯形波,梯形波,梯形波,梯形波
附件一（训练集）.xlsx|材料3|2052,4,梯形波,梯形波,梯形波,梯形波,梯形波,梯形波
附件一（训练集）.xlsx|材料3|2053,0,梯形波,梯形波,梯形波,梯形波,梯形波,梯形波
附件一（训练集）.xlsx|材料3|2054,2,梯形波,梯形波,梯形波,梯形波,梯形波,梯形波
附件一（训练集）.xlsx|材料3|2055,3,梯形波,梯形波,梯形波,梯形波,正弦波,梯形波
附件一（训练集）.xlsx|材料3|2056,4,梯形波,梯形波,梯形波,梯形波,正弦波,梯形波
附件一（训练集）.xlsx|材料3|2057,1,梯形波,梯形波,梯形波,梯形波,正弦波,梯形波
附件一（训练集）.xlsx|材料3|2058,4,梯形波,梯形波,梯形波,梯形波,正弦波,梯形波
附件一（训练集）.xlsx|材料3|2059,4,梯形波,梯形波,梯形波,梯形波,三角波,梯形波
附件一（训练集）.xlsx|材料3|206,4,正弦波,正弦波,正弦波,正弦波,梯形波,正弦波
附件一（训练集）.xlsx|材料3|2060,0,梯形波,梯形波,梯形波,梯形波,三角波,梯形波
附件一（训练集）.xlsx|材料3|2061,0,梯形波,梯形波,梯形波,梯形波,三角波,梯形波
附件一（训练集）.xlsx|材料3|2062,0,梯形波,梯形波,梯形波,梯形波,三角波,梯形波
附件一（训练集）.xlsx|材料3|2063,4,梯形波,梯形波,梯形波,梯形波,梯形波,梯形波
附件一（训练集）.xlsx|材料3|2064,0,梯形波,梯形波,梯形波,梯形波,三角波,梯形波
附件一（训练集）.xlsx|材料3|2065,4,梯形波,梯形波,梯形波,梯形波,正弦波,梯形波
附件一（训练集）.xlsx|材料3|2066,4,梯形波,梯形波,梯形波,梯形波,正弦波,梯形波
附件一（训练集）.xlsx|材料3|2067,2,梯形波,梯形波,梯形波,梯形波,正弦波,梯形波
附件一（训练集）.xlsx|材料3|2068,2,梯形波,梯形波,梯形波,梯形波,三角波,梯形波
附件一（训练集）.xlsx|材料3|2069,3,梯形波,梯形波,梯形波,梯形波,三角波,梯形波
附件一（训练集）.xlsx|材料3|207,4,正弦波,正弦波,正弦波,正弦波,梯形波,正弦波
附件一（训练集）.xlsx|材料3|2070,3,梯形波,梯形波,梯形波,梯形波,三角波,梯形波
附件一（训练集）.xlsx|材料3|2071,2,梯形波,梯形波,梯形波,梯形波,三角波,梯形波
附件一（训练集）.xlsx|材料3|2072,2,梯形波,梯形波,梯形波,梯形波,三角波,梯形波
附件一（训练集）.xlsx|材料3|2073,1,梯形波,梯形波,梯形波,梯形波,正弦波,梯形波
附件一（训练集）.xlsx|材料3|2074,1,梯形波,梯形波,梯形波,梯形波,正弦波,梯形波
附件一（训练集）.xlsx|材料3|2075,0,梯形波,梯形波,梯形波,梯形波,三角波,梯形波
附件一（训练集）.xlsx|材料3|2076,2,梯形波,梯形波,梯形波,梯形波,三角波,梯形波
附件一（训练集）.xlsx|材料3|2077,1,梯形波,梯形波,梯形波,梯形波,三角波,梯形波
附件一（训练集）.xlsx|材料3|2078,0,梯形波,梯形波,梯形波,梯形波,三角波,梯形波
附件一（训练集）.xlsx|材料3|2079,4,梯形波,梯形波,梯形波,梯形波,三角波,梯形波
附件一（训练集）.xlsx|材料3|208,3,正弦波,正弦波,正弦波,正弦波,正弦波,正弦波
附件一（训练集）.xlsx|材料3|2080,4,梯形波,梯形波,梯形波,梯形波,三角波,梯形波
附件一（训练集）.xlsx|材料3|2081,4,梯形波,梯形波,梯形波,梯形波,正弦波,梯形波
附件一（训练集）.xlsx|材料3|2082,4,梯形波,梯形波,梯形波,梯形波,正弦波,梯形波
附件一（训练集）.xlsx|材料3|2083,4,梯形波,梯形波,梯形波,梯形波,三角波,梯形波
附件一（训练集）.xlsx|材料3|2084,4,梯形波,梯形波,梯形波,梯形波,三角波,梯形波
附件一（训练集）.xlsx|材料3|2085,3,梯形波,梯形波,梯形波,梯形波,三角波,梯形波
附件一（训练集）.xlsx|材料3|2086,0,梯形波,梯形波,梯形波,梯形波,三角波,梯形波
附件一（训练集）.xlsx|材料3|2087,2,梯形波,梯形波,梯形波,梯形波,三角波,梯形波
附件一（训练集）.xlsx|材料3|2088,3,梯形波,梯形波,梯形波,梯形波,三角波,梯形波
附件一（训练集）.xlsx|材料3|2089,0,梯形波,梯形波,梯形波,梯形波,三角波,梯形波
附件一（训练集）.xlsx|材料3|209,0,正弦波,正弦波,正弦波,正弦波,正弦波,正弦波
附件一（训练集）.xlsx|材料3|2090,0,梯形波,梯形波,梯形波,梯形波,三角波,梯形波
附件一（训练集）.xlsx|材料3|2091,0,梯形波,梯形波,梯形波,梯形波,三角波,梯形波
附件一（训练集）.xlsx|材料3|2092,1,梯形波,梯形波,梯形波,梯形波,三角波,梯形波
附件一（训练集）.xlsx|材料3|2093,4,梯形波,梯形波,梯形波,梯形波,三角波,梯形波
附件一（训练集）.xlsx|材料3|2094,1,梯形波,梯形波,梯形波,梯形波,三角波,梯形波
附件一（训练集）.xlsx|材料3|2095,0,梯形波,梯形波,梯形波,梯形波,三角波,梯形波
附件一（训练集）.xlsx|材料3|2096,0,梯形波,梯形波,梯形波,梯形波,三角波,梯形波
附件一（训练集）.xlsx|材料3|2097,0,梯形波,梯形波,梯形波,梯形波,三角波,梯形波
附件一（训练集）.xlsx|材料3|2098,3,梯形波,梯形波,梯形波,梯形波,三角波,梯形波
附件一（训练集）.xlsx|材料3|2099,4,梯形波,梯形波,梯形波,梯形波,三角波,梯形波
附件一（训练集）.xlsx|材料3|21,1,正弦波,正弦波,正弦波,正弦波,正弦波,正弦波
附件一（训练集）.xlsx|材料3|210,1,正弦波,正弦波,正弦波,正弦波,正弦波,正弦波
附件一（训练集）.xlsx|材料3|2100,2,梯形波,梯形波,梯形波,梯形波,正弦波,梯形波
附件一（训练集）.xlsx|材料3|2101,4,梯形波,梯形波,梯形波,梯形波,梯形波,梯形波
附件一（训练集）.xlsx|材料3|2102,3,梯形波,梯形波,梯形波,梯形波,梯形波,梯形波
附件一（训练集）.xlsx|材料3|2103,0,梯形波,梯形波,梯形波,梯形波,梯形波,梯形波
附件一（训练集）.xlsx|材料3|2104,2,梯形波,梯形波,梯形波,梯形波,正弦波,梯形波
附件一（训练集）.xlsx|材料3|2105,3,梯形波,梯形波,梯形波,梯形波,正弦波,梯形波
附件一（训练集）.xlsx|材料3|2106,1,梯形波,梯形波,梯形波,梯形波,正弦波,梯形波
附件一（训练集）.xlsx|材料3|2107,1,梯形波,梯形波,梯形波,梯形波,正弦波,梯形波
附件一（训练集）.xlsx|材料3|2108,3,梯形波,梯形波,梯形波,梯形波,正弦波,梯形波
附件一（训练集）.xlsx|材料3|2109,0,梯形波,梯形波,梯形波,梯形波,梯形波,梯形波
附件一（训练集）.xlsx|材料3|211,3,正弦波,正弦波,正弦波,正弦波,正弦波,正弦波
附件一（训练集）.xlsx|材料3|2110,4,梯形波,梯形波,梯形波,梯形波,正弦波,梯形波
附件一（训练集）.xlsx|材料3|2111,1,梯形波,梯形波,梯形波,梯形波,正弦波,梯形波
附件一（训练集）.xlsx|材料3|2112,3,梯形波,梯形波,梯形波,梯形波,正弦波,梯形波
附件一（训练集）.xlsx|材料3|2113,1,梯形波,梯形波,梯形波,梯形波,梯形波,梯形波
附件一（训练集）.xlsx|材料3|2114,1,梯形波,梯形波,梯形波,梯形波,梯形波,梯形波
附件一（训练集）.xlsx|材料3|2115,1,梯形波,梯形波,梯形波,梯形波,梯形波,梯形波
附件一（训练集）.xlsx|材料3|2116,1,梯形波,梯形波,梯形波,梯形波,梯形波,梯形波
附件一（训练集）.xlsx|材料3|2117,1,梯形波,梯形波,梯形波,梯形波,正弦波,梯形波
附件一（训练集）.xlsx|材料3|2118,1,梯形波,梯形波,梯形波,梯形波,正弦波,梯形波
附件一（训练集）.xlsx|材料3|2119,2,梯形波,梯形波,梯形波,梯形波,正弦波,梯形波
附件一（训练集）.xlsx|材料3|212,4,正弦波,正弦波,正弦波,正弦波,正弦波,正弦波
附件一（训练集）.xlsx|材料3|2120,3,梯形波,梯形波,梯形波,梯形波,梯形波,梯形波
附件一（训练集）.xlsx|材料3|2121,0,梯形波,梯形波,梯形波,梯形波,梯形波,梯形波
附件一（训练集）.xlsx|材料3|2122,1,梯形波,梯形波,梯形波,梯形波,梯形波,梯形波
附件一（训练集）.xlsx|材料3|2123,2,梯形波,梯形波,梯形波,梯形波,梯形波,梯形波
附件一（训练集）.xlsx|材料3|2124,0,梯形波,梯形波,梯形波,梯形波,正弦波,梯形波
附件一（训练集）.xlsx|材料3|2125,3,梯形波,梯形波,梯形波,梯形波,正弦波,梯形波
附件一（训练集）.xlsx|材料3|2126,0,梯形波,梯形波,梯形波,梯形波,正弦波,梯形波
附件一（训练集）.xlsx|材料3|2127,1,梯形波,梯形波,梯形波,梯形波,正弦波,梯形波
附件一（训练集）.xlsx|材料3|2128,1,梯形波,梯形波,梯形波,梯形波,梯形波,梯形波
附件一（训练集）.xlsx|材料3|2129,4,梯形波,梯形波,梯形波,梯形波,梯形波,梯形波
附件一（训练集）.xlsx|材料3|213,4,正弦波,正弦波,正弦波,正弦波,梯形波,正弦波
附件一（训练集）.xlsx|材料3|2130,3,梯形波,梯形波,梯形波,梯形波,梯形波,梯形波
附件一（训练集）.xlsx|材料3|2131,0,梯形波,梯形波,梯形波,梯形波,梯形波,梯形波
附件一（训练集）.xlsx|材料3|2132,2,梯形波,梯形波,梯形波,梯形波,梯形波,梯形波
附件一（训练集）.xlsx|材料3|2133,1,梯形波,梯形波,梯形波,梯形波,正弦波,梯形波
附件一（训练集）.xlsx|材料3|2134,3,梯形波,梯形波,梯形波,梯形波,正弦波,梯形波
附件一（训练集）.xlsx|材料3|2135,3,梯形波,梯形波,梯形波,梯形波,正弦波,梯形波
附件一（训练集）.xlsx|材料3|2136,1,梯形波,梯形波,梯形波,梯形波,正弦波,梯形波
附件一（训练集）.xlsx|材料3|2137,0,梯形波,梯形波,梯形波,梯形波,三角波,梯形波
附件一（训练集）.xlsx|材料3|2138,3,梯形波,梯形波,梯形波,梯形波,三角波,梯形波
附件一（训练集）.xlsx|材料3|2139,3,梯形波,梯形波,梯形波,梯形波,三角波,梯形波
附件一（训练集）.xlsx|材料3|214,4,正弦波,正弦波,正弦波,正弦波,梯形波,正弦波
附件一（训练集）.xlsx|材料3|2140,3,梯形波,梯形波,梯形波,梯形波,三角波,梯形波
附件一（训练集）.xlsx|材料3|2141,3,梯形波,梯形波,梯形波,梯形波,梯形波,梯形波
附件一（训练集）.xlsx|材料3|2142,2,梯形波,梯形波,梯形波,梯形波,梯形波,梯形波
附件一（训练集）.xlsx|材料3|2143,0,梯形波,梯形波,梯形波,梯形波,三角波,梯形波
附件一（训练集）.xlsx|材料3|2144,1,梯形波,梯形波,梯形波,梯形波,正弦波,梯形波
附件一（训练集）.xlsx|材料3|2145,2,梯形波,梯形波,梯形波,梯形波,正弦波,梯形波
附件一（训练集）.xlsx|材料3|2146,0,梯形波,梯形波,梯形波,梯形波,三角波,梯形波
附件一（训练集）.xlsx|材料3|2147,4,梯形波,梯形波,梯形波,梯形波,三角波,梯形波
附件一（训练集）.xlsx|材料3|2148,3,梯形波,梯形波,梯形波,梯形波,三角波,梯形波
附件一（训练集）.xlsx|材料3|2149,0,梯形波,梯形波,梯形波,梯形波,三角波,梯形波
附件一（训练集）.xlsx|材料3|215,1,正弦波,正弦波,正弦波,正弦波,梯形波,正弦波
附件一（训练集）.xlsx|材料3|2150,0,梯形波,梯形波,梯形波,梯形波,三角波,梯形波
附件一（训练集）.xlsx|材料3|2151,2,梯形波,梯形波,梯形波,梯形波,正弦波,梯形波
附件一（训练集）.xlsx|材料3|2152,2,梯形波,梯形波,梯形波,梯形波,三角波,梯形波
附件一（训练集）.xlsx|材料3|2153,2,梯形波,梯形波,梯形波,梯形波,三角波,梯形波
附件一（训练集）.xlsx|材料3|2154,3,梯形波,梯形波,梯形波,梯形波,三角波,梯形波
附件一（训练集）.xlsx|材料3|2155,0,梯形波,梯形波,梯形波,梯形波,三角波,梯形波
附件一（训练集）.xlsx|材料3|2156,3,梯形波,梯形波,梯形波,梯形波,三角波,梯形波
附件一（训练集）.xlsx|材料3|2157,3,梯形波,梯形波,梯形波,梯形波,正弦波,梯形波
附件一（训练集）.xlsx|材料3|2158,1,梯形波,梯形波,梯形波,梯形波,三角波,梯形波
附件一（训练集）.xlsx|材料3|2159,3,梯形波,梯形波,梯形波,梯形波,三角波,梯形波
附件一（训练集）.xlsx|材料3|216,1,正弦波,正弦波,正弦波,正弦波,梯形波,正弦波
附件一（训练集）.xlsx|材料3|2160,2,梯形波,梯形波,梯形波,梯形波,三角波,梯形波
附件一（训练集）.xlsx|材料3|2161,0,梯形波,梯形波,梯形波,梯形波,三角波,梯形波
附件一（训练集）.xlsx|材料3|2162,0,梯形波,梯形波,梯形波,梯形波,三角波,梯形波
附件一（训练集）.xlsx|材料3|2163,0,梯形波,梯形波,梯形波,梯形波,三角波,梯形波
附件一（训练集）.xlsx|材料3|2164,1,梯形波,梯形波,梯形波,梯形波,三角波,梯形波
附件一（训练集）.xlsx|材料3|2165,2,梯形波,梯形波,梯形波,梯形波,正弦波,梯形波
附件一（训练集）.xlsx|材料3|2166,4,梯形波,梯形波,梯形波,梯形波,三角波,梯形波
附件一（训练集）.xlsx|材料3|2167,2,梯形波,梯形波,梯形波,梯形波,三角波,梯形波
附件一（训练集）.xlsx|材料3|2168,2,梯形波,梯形波,梯形波,梯形波,三角波,梯形波
附件一（训练集）.xlsx|材料3|2169,3,梯形波,梯形波,梯形波,梯形波,三角波,梯形波
附件一（训练集）.xlsx|材料3|217,1,正弦波,正弦波,正弦波,正弦波,正弦波,正弦波
附件一（训练集）.xlsx|材料3|2170,3,梯形波,梯形波,梯形波,梯形波,三角波,梯形波
附件一（训练集）.xlsx|材料3|2171,2,梯形波,梯形波,梯形波,梯形波,三角波,梯形波
附件一（训练集）.xlsx|材料3|2172,0,梯形波,梯形波,梯形波,梯形波,三角波,梯形波
附件一（训练集）.xlsx|材料3|2173,0,梯形波,梯形波,梯形波,梯形波,三角波,梯形波
附件一（训练集）.xlsx|材料3|2174,0,梯形波,梯形波,梯形波,梯形波,三角波,梯形波
附件一（训练集）.xlsx|材料3|2175,3,梯形波,梯形波,梯形波,梯形波,三角波,梯形波
附件一（训练集）.xlsx|材料3|2176,3,梯形波,梯形波,梯形波,梯形波,三角波,梯形波
附件一（训练集）.xlsx|材料3|2177,3,梯形波,梯形波,梯形波,梯形波,三角波,梯形波
附件一（训练集）.xlsx|材料3|2178,3,梯形波,梯形波,梯形波,梯形波,三角波,梯形波
附件一（训练集）.xlsx|材料3|2179,3,梯形波,梯形波,梯形波,梯形波,三角波,梯形波
附件一（训练集）.xlsx|材料3|218,3,正弦波,正弦波,正弦波,正弦波,正弦波,正弦波
附件一（训练集）.xlsx|材料3|2180,1,梯形波,梯形波,梯形波,梯形波,三角波,梯形波
附件一（训练集）.xlsx|材料3|2181,1,梯形波,梯形波,梯形波,梯形波,三角波,梯形波
附件一（训练集）.xlsx|材料3|2182,2,梯形波,梯形波,梯形波,梯形波,三角波,梯形波
附件一（训练集）.xlsx|材料3|2183,0,梯形波,梯形波,梯形波,梯形波,三角波,梯形波
附件一（训练集）.xlsx|材料3|2184,4,梯形波,梯形波,梯形波,梯形波,正弦波,梯形波
附件一（训练集）.xlsx|材料3|2185,2,梯形波,梯形波,梯形波,梯形波,正弦波,梯形波
附件一（训练集）.xlsx|材料3|2186,0,梯形波,梯形波,梯形波,梯形波,正弦波,梯形波
附件一（训练集）.xlsx|材料3|2187,0,梯形波,梯形波,梯形波,梯形波,梯形波,梯形波
附件一（训练集）.xlsx|材料3|2188,0,梯形波,梯形波,梯形波,梯形波,梯形波,梯形波
附件一（训练集）.xlsx|材料3|2189,0,梯形波,梯形波,梯形波,梯形波,梯形波,梯形波
附件一（训练集）.xlsx|材料3|219,4,正弦波,正弦波,正弦波,正弦波,梯形波,正弦波
附件一（训练集）.xlsx|材料3|2190,0,梯形波,梯形波,梯形波,梯形波,梯形波,梯形波
附件一（训练集）.xlsx|材料3|2191,2,梯形波,梯形波,梯形波,梯形波,正弦波,梯形波
附件一（训练集）.xlsx|材料3|2192,2,梯形波,梯形波,梯形波,梯形波,正弦波,梯形波
附件一（训练集）.xlsx|材料3|2193,2,梯形波,梯形波,梯形波,梯形波,正弦波,梯形波
附件一（训练集）.xlsx|材料3|2194,2,梯形波,梯形波,梯形波,梯形波,正弦波,梯形波
附件一（训练集）.xlsx|材料3|2195,0,梯形波,梯形波,梯形波,梯形波,梯形波,梯形波
附件一（训练集）.xlsx|材料3|2196,2,梯形波,梯形波,梯形波,梯形波,梯形波,梯形波
附件一（训练集）.xlsx|材料3|2197,2,梯形波,梯形波,梯形波,梯形波,梯形波,梯形波
附件一（训练集）.xlsx|材料3|2198,2,梯形波,梯形波,梯形波,梯形波,梯形波,梯形波
附件一（训练集）.xlsx|材料3|2199,1,梯形波,梯形波,梯形波,梯形波,正弦波,梯形波
附件一（训练集）.xlsx|材料3|22,4,正弦波,正弦波,正弦波,正弦波,正弦波,正弦波
附件一（训练集）.xlsx|材料3|220,1,正弦波,正弦波,正弦波,正弦波,梯形波,正弦波
附件一（训练集）.xlsx|材料3|2200,1,梯形波,梯形波,梯形波,梯形波,正弦波,梯形波
附件一（训练集）.xlsx|材料3|2201,1,梯形波,梯形波,梯形波,梯形波,正弦波,梯形波
附件一（训练集）.xlsx|材料3|2202,2,梯形波,梯形波,梯形波,梯形波,正弦波,梯形波
附件一（训练集）.xlsx|材料3|2203,2,梯形波,梯形波,梯形波,梯形波,梯形波,梯形波
附件一（训练集）.xlsx|材料3|2204,2,梯形波,梯形波,梯形波,梯形波,梯形波,梯形波
附件一（训练集）.xlsx|材料3|2205,3,梯形波,梯形波,梯形波,梯形波,梯形波,梯形波
附件一（训练集）.xlsx|材料3|2206,3,梯形波,梯形波,梯形波,梯形波,梯形波,梯形波
附件一（训练集）.xlsx|材料3|2207,2,梯形波,梯形波,梯形波,梯形波,正弦波,梯形波
附件一（训练集）.xlsx|材料3|2208,2,梯形波,梯形波,梯形波,梯形波,正弦波,梯形波
附件一（训练集）.xlsx|材料3|2209,2,梯形波,梯形波,梯形波,梯形波,正弦波,梯形波
附件一（训练集）.xlsx|材料3|221,2,正弦波,正弦波,正弦波,正弦波,梯形波,正弦波
附件一（训练集）.xlsx|材料3|2210,2,梯形波,梯形波,梯形波,梯形波,正弦波,梯形波
附件一（训练集）.xlsx|材料3|2211,2,梯形波,梯形波,梯形波,梯形波,梯形波,梯形波
附件一（训练集）.xlsx|材料3|2212,0,梯形波,梯形波,梯形波,梯形波,梯形波,梯形波
附件一（训练集）.xlsx|材料3|2213,0,梯形波,梯形波,梯形波,梯形波,梯形波,梯形波
附件一（训练集）.xlsx|材料3|2214,2,梯形波,梯形波,梯形波,梯形波,梯形波,梯形波
附件一（训练集）.xlsx|材料3|2215,2,梯形波,梯形波,梯形波,梯形波,梯形波,梯形波
附件一（训练集）.xlsx|材料3|2216,0,梯形波,梯形波,梯形波,梯形波,梯形波,梯形波
附件一（训练集）.xlsx|材料3|2217,1,梯形波,梯形波,梯形波,梯形波,正弦波,梯形波
附件一（训练集）.xlsx|材料3|2218,3,梯形波,梯形波,梯形波,梯形波,正弦波,梯形波
附件一（训练集）.xlsx|材料3|2219,2,梯形波,梯形波,梯形波,梯形波,正弦波,梯形波
附件一（训练集）.xlsx|材料3|222,1,正弦波,正弦波,正弦波,正弦波,梯形波,正弦波
附件一（训练集）.xlsx|材料3|2220,3,梯形波,梯形波,梯形波,梯形波,正弦波,梯形波
附件一（训练集）.xlsx|材料3|2221,0,梯形波,梯形波,梯形波,梯形波,梯形波,梯形波
附件一（训练集）.xlsx|材料3|2222,0,梯形波,梯形波,梯形波,梯形波,梯形波,梯形波
附件一（训练集）.xlsx|材料3|2223,3,梯形波,梯形波,梯形波,梯形波,梯形波,梯形波
附件一（训练集）.xlsx|材料3|2224,0,梯形波,梯形波,梯形波,梯形波,梯形波,梯形波
附件一（训练集）.xlsx|材料3|2225,3,梯形波,梯形波,梯形波,梯形波,梯形波,梯形波
附件一（训练集）.xlsx|材料3|2226,1,梯形波,梯形波,梯形波,梯形波,正弦波,梯形波
附件一（训练集）.xlsx|材料3|2227,4,梯形波,梯形波,梯形波,梯形波,正弦波,梯形波
附件一（训练集）.xlsx|材料3|2228,1,梯形波,梯形波,梯形波,梯形波,正弦波,梯形波
附件一（训练集）.xlsx|材料3|2229,1,梯形波,梯形波,梯形波,梯形波,三角波,梯形波
附件一（训练集）.xlsx|材料3|223,0,正弦波,正弦波,正弦波,正弦波,正弦波,正弦波
附件一（训练集）.xlsx|材料3|2230,0,梯形波,梯形波,梯形波,梯形波,三角波,梯形波
附件一（训练集）.xlsx|材料3|2231,0,梯形波,梯形波,梯形波,梯形波,三角波,梯形波
附件一（训练集）.xlsx|材料3|2232,3,梯形波,梯形波,梯形波,梯形波,梯形波,梯形波
附件一（训练集）.xlsx|材料3|2233,3,梯形波,梯形波,梯形波,梯形波,梯形波,梯形波
附件一（训练集）.xlsx|材料3|2234,0,梯形波,梯形波,梯形波,梯形波,三角波,梯形波
附件一（训练集）.xlsx|材料3|2235,1,梯形波,梯形波,梯形波,梯形波,梯形波,梯形波
附件一（训练集）.xlsx|材料3|2236,3,梯形波,梯形波,梯形波,梯形波,正弦波,梯形波
附件一（训练集）.xlsx|材料3|2237,4,梯形波,梯形波,梯形波,梯形波,正弦波,梯形波
附件一（训练集）.xlsx|材料3|2238,3,梯形波,梯形波,梯形波,梯形波,正弦波,梯形波
附件一（训练集）.xlsx|材料3|2239,3,梯形波,梯形波,梯形波,梯形波,三角波,梯形波
附件一（训练集）.xlsx|材料3|224,2,正弦波,正弦波,正弦波,正弦波,正弦波,正弦波
附件一（训练集）.xlsx|材料3|2240,3,梯形波,梯形波,梯形波,梯形波,三角波,梯形波
附件一（训练集）.xlsx|材料3|2241,2,梯形波,梯形波,梯形波,梯形波,三角波,梯形波
附件一（训练集）.xlsx|材料3|2242,3,梯形波,梯形波,梯形波,梯形波,三角波,梯形波
附件一（训练集）.xlsx|材料3|2243,1,梯形波,梯形波,梯形波,梯形波,三角波,梯形波
附件一（训练集）.xlsx|材料3|2244,1,梯形波,梯形波,梯形波,梯形波,梯形波,梯形波
附件一（训练集）.xlsx|材料3|2245,1,梯形波,梯形波,梯形波,梯形波,梯形波,梯形波
附件一（训练集）.xlsx|材料3|2246,3,梯形波,梯形波,梯形波,梯形波,正弦波,梯形波
附件一（训练集）.xlsx|材料3|2247,0,梯形波,梯形波,梯形波,梯形波,正弦波,梯形波
附件一（训练集）.xlsx|材料3|2248,0,梯形波,梯形波,梯形波,梯形波,三角波,梯形波
附件一（训练集）.xlsx|材料3|2249,0,梯形波,梯形波,梯形波,梯形波,三角波,梯形波
附件一（训练集）.xlsx|材料3|225,1,正弦波,正弦波,正弦波,正弦波,正弦波,正弦波
附件一（训练集）.xlsx|材料3|2250,2,梯形波,梯形波,梯形波,梯形波,三角波,梯形波
附件一（训练集）.xlsx|材料3|2251,3,梯形波,梯形波,梯形波,梯形波,三角波,梯形波
附件一（训练集）.xlsx|材料3|2252,2,梯形波,梯形波,梯形波,梯形波,三角波,梯形波
附件一（训练集）.xlsx|材料3|2253,3,梯形波,梯形波,梯形波,梯形波,三角波,梯形波
附件一（训练集）.xlsx|材料3|2254,0,梯形波,梯形波,梯形波,梯形波,三角波,梯形波
附件一（训练集）.xlsx|材料3|2255,4,梯形波,梯形波,梯形波,梯形波,三角波,梯形波
附件一（训练集）.xlsx|材料3|2256,1,梯形波,梯形波,梯形波,梯形波,正弦波,梯形波
附件一（训练集）.xlsx|材料3|2257,0,梯形波,梯形波,梯形波,梯形波,三角波,梯形波
附件一（训练集）.xlsx|材料3|2258,4,梯形波,梯形波,梯形波,梯形波,三角波,梯形波
附件一（训练集）.xlsx|材料3|2259,3,梯形波,梯形波,梯形波,梯形波,三角波,梯形波
附件一（训练集）.xlsx|材料3|226,3,正弦波,正弦波,正弦波,正弦波,正弦波,正弦波
附件一（训练集）.xlsx|材料3|2260,2,梯形波,梯形波,梯形波,梯形波,三角波,梯形波
附件一（训练集）.xlsx|材料3|2261,3,梯形波,梯形波,梯形波,梯形波,三角波,梯形波
附件一（训练集）.xlsx|材料3|2262,1,梯形波,梯形波,梯形波,梯形波,三角波,梯形波
附件一（训练集）.xlsx|材料3|2263,4,梯形波,梯形波,梯形波,梯形波,三角波,梯形波
附件一（训练集）.xlsx|材料3|2264,4,梯形波,梯形波,梯形波,梯形波,三角波,梯形波
附件一（训练集）.xlsx|材料3|2265,1,梯形波,梯形波,梯形波,梯形波,三角波,梯形波
附件一（训练集）.xlsx|材料3|2266,1,梯形波,梯形波,梯形波,梯形波,三角波,梯形波
附件一（训练集）.xlsx|材料3|2267,0,梯形波,梯形波,梯形波,梯形波,三角波,梯形波
附件一（训练集）.xlsx|材料3|2268,0,梯形波,梯形波,梯形波,梯形波,三角波,梯形波
附件一（训练集）.xlsx|材料3|2269,1,梯形波,梯形波,梯形波,梯形波,三角波,梯形波
附件一（训练集）.xlsx|材料3|227,0,正弦波,正弦波,正弦波,正弦波,三角波,正弦波
附件一（训练集）.xlsx|材料3|2270,1,梯形波,梯形波,梯形波,梯形波,三角波,梯形波
附件一（训练集）.xlsx|材料3|2271,1,梯形波,梯形波,梯形波,梯形波,三角波,梯形波
附件一（训练集）.xlsx|材料3|2272,3,梯形波,梯形波,梯形波,梯形波,三角波,梯形波
附件一（训练集）.xlsx|材料3|2273,1,梯形波,梯形波,梯形波,梯形波,三角波,梯形波
附件一（训练集）.xlsx|材料3|2274,1,梯形波,梯形波,梯形波,梯形波,三角波,梯形波
附件一（训练集）.xlsx|材料3|2275,1,梯形波,梯形波,梯形波,梯形波,三角波,梯形波
附件一（训练集）.xlsx|材料3|2276,1,梯形波,梯形波,梯形波,梯形波,三角波,梯形波
附件一（训练集）.xlsx|材料3|2277,3,梯形波,梯形波,梯形波,梯形波,三角波,梯形波
附件一（训练集）.xlsx|材料3|2278,0,梯形波,梯形波,梯形波,梯形波,三角波,梯形波
附件一（训练集）.xlsx|材料3|2279,1,梯形波,梯形波,梯形波,梯形波,三角波,梯形波
附件一（训练集）.xlsx|材料3|228,2,正弦波,正弦波,正弦波,正弦波,三角波,正弦波
附件一（训练集）.xlsx|材料3|2280,3,梯形波,梯形波,梯形波,梯形波,三角波,梯形波
附件一（训练集）.xlsx|材料3|2281,0,梯形波,梯形波,梯形波,梯形波,三角波,梯形波
附件一（训练集）.xlsx|材料3|2282,0,梯形波,梯形波,梯形波,梯形波,三角波,梯形波
附件一（训练集）.xlsx|材料3|2283,1,梯形波,梯形波,梯形波,梯形波,三角波,梯形波
附件一（训练集）.xlsx|材料3|2284,2,梯形波,梯形波,梯形波,梯形波,三角波,梯形波
附件一（训练集）.xlsx|材料3|2285,4,梯形波,梯形波,梯形波,梯形波,正弦波,梯形波
附件一（训练集）.xlsx|材料3|2286,4,梯形波,梯形波,梯形波,梯形波,正弦波,梯形波
附件一（训练集）.xlsx|材料3|2287,4,梯形波,梯形波,梯形波,梯形波,梯形波,梯形波
附件一（训练集）.xlsx|材料3|2288,4,梯形波,梯形波,梯形波,梯形波,梯形波,梯形波
附件一（训练集）.xlsx|材料3|2289,2,梯形波,梯形波,梯形波,梯形波,梯形波,梯形波
附件一（训练集）.xlsx|材料3|229,0,正弦波,正弦波,正弦波,正弦波,三角波,正弦波
附件一（训练集）.xlsx|材料3|2290,4,梯形波,梯形波,梯形波,梯形波,梯形波,梯形波
附件一（训练集）.xlsx|材料3|2291,0,梯形波,梯形波,梯形波,梯形波,正弦波,梯形波
附件一（训练集）.xlsx|材料3|2292,4,梯形波,梯形波,梯形波,梯形波,正弦波,梯形波
附件一（训练集）.xlsx|材料3|2293,0,梯形波,梯形波,梯形波,梯形波,正弦波,梯形波
附件一（训练集）.xlsx|材料3|2294,4,梯形波,梯形波,梯形波,梯形波,梯形波,梯形波
附件一（训练集）.xlsx|材料3|2295,3,梯形波,梯形波,梯形波,梯形波,梯形波,梯形波
附件一（训练集）.xlsx|材料3|2296,3,梯形波,梯形波,梯形波,梯形波,梯形波,梯形波
附件一（训练集）.xlsx|材料3|2297,2,梯形波,梯形波,梯形波,梯形波,梯形波,梯形波
附件一（训练集）.xlsx|材料3|2298,2,梯形波,梯形波,梯形波,梯形波,正弦波,梯形波
附件一（训练集）.xlsx|材料3|2299,2,三角波,三角波,三角波,三角波,三角波,三角波
附件一（训练集）.xlsx|材料3|23,1,正弦波,正弦波,正弦波,正弦波,正弦波,正弦波
附件一（训练集）.xlsx|材料3|230,2,正弦波,正弦波,正弦波,正弦波,正弦波,正弦波
附件一（训练集）.xlsx|材料3|2300,2,三角波,三角波,三角波,三角波,三角波,三角波
附件一（训练集）.xlsx|材料3|2301,1,三角波,三角波,三角波,三角波,三角波,三角波
附件一（训练集）.xlsx|材料3|2302,2,三角波,三角波,三角波,三角波,三角波,三角波
附件一（训练集）.xlsx|材料3|2303,1,三角波,三角波,三角波,三角波,三角波,三角波
附件一（训练集）.xlsx|材料3|2304,1,三角波,三角波,三角波,三角波,三角波,三角波
附件一（训练集）.xlsx|材料3|2305,1,三角波,三角波,三角波,三角波,三角波,三角波
附件一（训练集）.xlsx|材料3|2306,3,三角波,三角波,三角波,三角波,三角波,三角波
附件一（训练集）.xlsx|材料3|2307,3,三角波,三角波,三角波,三角波,三角波,三角波
附件一（训练集）.xlsx|材料3|2308,1,三角波,三角波,三角波,三角波,三角波,三角波
附件一（训练集）.xlsx|材料3|2309,2,三角波,三角波,三角波,三角波,三角波,三角波
附件一（训练集）.xlsx|材料3|231,4,正弦波,正弦波,正弦波,正弦波,三角波,正弦波
附件一（训练集）.xlsx|材料3|2310,2,三角波,三角波,三角波,三角波,三角波,三角波
附件一（训练集）.xlsx|材料3|2311,1,三角波,三角波,三角波,三角波,三角波,三角波
附件一（训练集）.xlsx|材料3|2312,2,三角波,三角波,三角波,三角波,三角波,三角波
附件一（训练集）.xlsx|材料3|2313,2,三角波,三角波,三角波,三角波,三角波,三角波
附件一（训练集）.xlsx|材料3|2314,2,三角波,三角波,三角波,三角波,三角波,三角波
附件一（训练集）.xlsx|材料3|2315,4,三角波,三角波,三角波,三角波,三角波,三角波
附件一（训练集）.xlsx|材料3|2316,4,三角波,三角波,三角波,三角波,三角波,三角波
附件一（训练集）.xlsx|材料3|2317,4,三角波,三角波,三角波,三角波,三角波,三角波
附件一（训练集）.xlsx|材料3|2318,4,三角波,三角波,三角波,三角波,三角波,三角波
附件一（训练集）.xlsx|材料3|2319,4,三角波,三角波,三角波,三角波,三角波,三角波
附件一（训练集）.xlsx|材料3|232,4,正弦波,正弦波,正弦波,正弦波,三角波,正弦波
附件一（训练集）.xlsx|材料3|2320,4,三角波,三角波,三角波,三角波,三角波,三角波
附件一（训练集）.xlsx|材料3|2321,2,三角波,三角波,三角波,三角波,三角波,三角波
附件一（训练集）.xlsx|材料3|2322,0,梯形波,梯形波,梯形波,梯形波,正弦波,梯形波
附件一（训练集）.xlsx|材料3|2323,1,梯形波,梯形波,梯形波,梯形波,正弦波,梯形波
附件一（训练集）.xlsx|材料3|2324,3,梯形波,梯形波,梯形波,梯形波,正弦波,梯形波
附件一（训练集）.xlsx|材料3|2325,3,梯形波,梯形波,梯形波,梯形波,正弦波,梯形波
附件一（训练集）.xlsx|材料3|2326,0,梯形波,梯形波,梯形波,梯形波,梯形波,梯形波
附件一（训练集）.xlsx|材料3|2327,3,梯形波,梯形波,梯形波,梯形波,梯形波,梯形波
附件一（训练集）.xlsx|材料3|2328,0,梯形波,梯形波,梯形波,梯形波,梯形波,梯形波
附件一（训练集）.xlsx|材料3|2329,0,梯形波,梯形波,梯形波,梯形波,梯形波,梯形波
附件一（训练集）.xlsx|材料3|233,1,正弦波,正弦波,正弦波,正弦波,三角波,正弦波
附件一（训练集）.xlsx|材料3|2330,2,梯形波,梯形波,梯形波,梯形波,正弦波,梯形波
附件一（训练集）.xlsx|材料3|2331,3,梯形波,梯形波,梯形波,梯形波,梯形波,梯形波
附件一（训练集）.xlsx|材料3|2332,4,梯形波,梯形波,梯形波,梯形波,正弦波,梯形波
附件一（训练集）.xlsx|材料3|2333,1,梯形波,梯形波,梯形波,梯形波,正弦波,梯形波
附件一（训练集）.xlsx|材料3|2334,3,梯形波,梯形波,梯形波,梯形波,正弦波,梯形波
附件一（训练集）.xlsx|材料3|2335,4,梯形波,梯形波,梯形波,梯形波,梯形波,梯形波
附件一（训练集）.xlsx|材料3|2336,4,梯形波,梯形波,梯形波,梯形波,梯形波,梯形波
附件一（训练集）.xlsx|材料3|2337,0,梯形波,梯形波,梯形波,梯形波,梯形波,梯形波
附件一（训练集）.xlsx|材料3|2338,4,梯形波,梯形波,梯形波,梯形波,梯形波,梯形波
附件一（训练集）.xlsx|材料3|2339,0,梯形波,梯形波,梯形波,梯形波,正弦波,梯形波
附件一（训练集）.xlsx|材料3|234,2,正弦波,正弦波,正弦波,正弦波,三角波,正弦波
附件一（训练集）.xlsx|材料3|2340,1,梯形波,梯形波,梯形波,梯形波,正弦波,梯形波
附件一（训练集）.xlsx|材料3|2341,3,梯形波,梯形波,梯形波,梯形波,正弦波,梯形波
附件一（训练集）.xlsx|材料3|2342,0,梯形波,梯形波,梯形波,梯形波,梯形波,梯形波
附件一（训练集）.xlsx|材料3|2343,0,梯形波,梯形波,梯形波,梯形波,梯形波,梯形波
附件一（训练集）.xlsx|材料3|2344,1,梯形波,梯形波,梯形波,梯形波,梯形波,梯形波
附件一（训练集）.xlsx|材料3|2345,0,梯形波,梯形波,梯形波,梯形波,梯形波,梯形波
附件一（训练集）.xlsx|材料3|2346,3,梯形波,梯形波,梯形波,梯形波,梯形波,梯形波
附件一（训练集）.xlsx|材料3|2347,3,梯形波,梯形波,梯形波,梯形波,梯形波,梯形波
附件一（训练集）.xlsx|材料3|2348,1,梯形波,梯形波,梯形波,梯形波,正弦波,梯形波
附件一（训练集）.xlsx|材料3|2349,0,梯形波,梯形波,梯形波,梯形波,梯形波,梯形波
附件一（训练集）.xlsx|材料3|235,1,正弦波,正弦波,正弦波,正弦波,三角波,正弦波
附件一（训练集）.xlsx|材料3|2350,4,梯形波,梯形波,梯形波,梯形波,梯形波,梯形波
附件一（训练集）.xlsx|材料3|2351,4,梯形波,梯形波,梯形波,梯形波,梯形波,梯形波
附件一（训练集）.xlsx|材料3|2352,4,梯形波,梯形波,梯形波,梯形波,梯形波,梯形波
附件一（训练集）.xlsx|材料3|2353,1,梯形波,梯形波,梯形波,梯形波,梯形波,梯形波
附件一（训练集）.xlsx|材料3|2354,0,梯形波,梯形波,梯形波,梯形波,梯形波,梯形波
附件一（训练集）.xlsx|材料3|2355,3,梯形波,梯形波,梯形波,梯形波,梯形波,梯形波
附件一（训练集）.xlsx|材料3|2356,4,梯形波,梯形波,梯形波,梯形波,梯形波,梯形波
附件一（训练集）.xlsx|材料3|2357,1,梯形波,梯形波,梯形波,梯形波,正弦波,梯形波
附件一（训练集）.xlsx|材料3|2358,2,梯形波,梯形波,梯形波,梯形波,正弦波,梯形波
附件一（训练集）.xlsx|材料3|2359,1,梯形波,梯形波,梯形波,梯形波,正弦波,梯形波
附件一（训练集）.xlsx|材料3|236,3,正弦波,正弦波,正弦波,正弦波,三角波,正弦波
附件一（训练集）.xlsx|材料3|2360,0,梯形波,梯形波,梯形波,梯形波,正弦波,梯形波
附件一（训练集）.xlsx|材料3|2361,4,梯形波,梯形波,梯形波,梯形波,梯形波,梯形波
附件一（训练集）.xlsx|材料3|2362,4,梯形波,梯形波,梯形波,梯形波,梯形波,梯形波
附件一（训练集）.xlsx|材料3|2363,0,梯形波,梯形波,梯形波,梯形波,梯形波,梯形波
附件一（训练集）.xlsx|材料3|2364,3,梯形波,梯形波,梯形波,梯形波,梯形波,梯形波
附件一（训练集）.xlsx|材料3|2365,0,梯形波,梯形波,梯形波,梯形波,梯形波,梯形波
附件一（训练集）.xlsx|材料3|2366,4,梯形波,梯形波,梯形波,梯形波,正弦波,梯形波
附件一（训练集）.xlsx|材料3|2367,2,梯形波,梯形波,梯形波,梯形波,正弦波,梯形波
附件一（训练集）.xlsx|材料3|2368,2,梯形波,梯形波,梯形波,梯形波,三角波,梯形波
附件一（训练集）.xlsx|材料3|2369,2,梯形波,梯形波,梯形波,梯形波,三角波,梯形波
附件一（训练集）.xlsx|材料3|237,2,正弦波,正弦波,正弦波,正弦波,三角波,正弦波
附件一（训练集）.xlsx|材料3|2370,2,梯形波,梯形波,梯形波,梯形波,三角波,梯形波
附件一（训练集）.xlsx|材料3|2371,2,梯形波,梯形波,梯形波,梯形波,三角波,梯形波
附件一（训练集）.xlsx|材料3|2372,2,梯形波,梯形波,梯形波,梯形波,梯形波,梯形波
附件一（训练集）.xlsx|材料3|2373,1,梯形波,梯形波,梯形波,梯形波,正弦波,梯形波
附件一（训练集）.xlsx|材料3|2374,2,梯形波,梯形波,梯形波,梯形波,正弦波,梯形波
附件一（训练集）.xlsx|材料3|2375,0,梯形波,梯形波,梯形波,梯形波,三角波,梯形波
附件一（训练集）.xlsx|材料3|2376,0,梯形波,梯形波,梯形波,梯形波,三角波,梯形波
附件一（训练集）.xlsx|材料3|2377,0,梯形波,梯形波,梯形波,梯形波,三角波,梯形波
附件一（训练集）.xlsx|材料3|2378,2,梯形波,梯形波,梯形波,梯形波,三角波,梯形波
附件一（训练集）.xlsx|材料3|2379,2,梯形波,梯形波,梯形波,梯形波,三角波,梯形波
附件一（训练集）.xlsx|材料3|238,0,正弦波,正弦波,正弦波,正弦波,三角波,正弦波
附件一（训练集）.xlsx|材料3|2380,1,梯形波,梯形波,梯形波,梯形波,三角波,梯形波
附件一（训练集）.xlsx|材料3|2381,4,梯形波,梯形波,梯形波,梯形波,梯形波,梯形波
附件一（训练集）.xlsx|材料3|2382,4,梯形波,梯形波,梯形波,梯形波,梯形波,梯形波
附件一（训练集）.xlsx|材料3|2383,0,梯形波,梯形波,梯形波,梯形波,正弦波,梯形波
附件一（训练集）.xlsx|材料3|2384,4,梯形波,梯形波,梯形波,梯形波,三角波,梯形波
附件一（训练集）.xlsx|材料3|2385,4,梯形波,梯形波,梯形波,梯形波,三角波,梯形波
附件一（训练集）.xlsx|材料3|2386,4,梯形波,梯形波,梯形波,梯形波,三角波,梯形波
附件一（训练集）.xlsx|材料3|2387,0,梯形波,梯形波,梯形波,梯形波,三角波,梯形波
附件一（训练集）.xlsx|材料3|2388,2,梯形波,梯形波,梯形波,梯形波,三角波,梯形波
附件一（训练集）.xlsx|材料3|2389,0,梯形波,梯形波,梯形波,梯形波,三角波,梯形波
附件一（训练集）.xlsx|材料3|239,1,正弦波,正弦波,正弦波,正弦波,三角波,正弦波
附件一（训练集）.xlsx|材料3|2390,2,梯形波,梯形波,梯形波,梯形波,三角波,梯形波
附件一（训练集）.xlsx|材料3|2391,2,梯形波,梯形波,梯形波,梯形波,三角波,梯形波
附件一（训练集）.xlsx|材料3|2392,0,梯形波,梯形波,梯形波,梯形波,正弦波,梯形波
附件一（训练集）.xlsx|材料3|2393,1,梯形波,梯形波,梯形波,梯形波,三角波,梯形波
附件一（训练集）.xlsx|材料3|2394,4,梯形波,梯形波,梯形波,梯形波,三角波,梯形波
附件一（训练集）.xlsx|材料3|2395,0,梯形波,梯形波,梯形波,梯形波,三角波,梯形波
附件一（训练集）.xlsx|材料3|2396,4,梯形波,梯形波,梯形波,梯形波,三角波,梯形波
附件一（训练集）.xlsx|材料3|2397,4,梯形波,梯形波,梯形波,梯形波,三角波,梯形波
附件一（训练集）.xlsx|材料3|2398,0,梯形波,梯形波,梯形波,梯形波,三角波,梯形波
附件一（训练集）.xlsx|材料3|2399,0,梯形波,梯形波,梯形波,梯形波,三角波,梯形波
附件一（训练集）.xlsx|材料3|24,0,正弦波,正弦波,正弦波,正弦波,正弦波,正弦波
附件一（训练集）.xlsx|材料3|240,0,正弦波,正弦波,正弦波,正弦波,三角波,正弦波
附件一（训练集）.xlsx|材料3|2400,2,梯形波,梯形波,梯形波,梯形波,三角波,梯形波
附件一（训练集）.xlsx|材料3|2401,0,梯形波,梯形波,梯形波,梯形波,三角波,梯形波
附件一（训练集）.xlsx|材料3|2402,2,梯形波,梯形波,梯形波,梯形波,正弦波,梯形波
附件一（训练集）.xlsx|材料3|2403,2,梯形波,梯形波,梯形波,梯形波,梯形波,梯形波
附件一（训练集）.xlsx|材料3|2404,3,梯形波,梯形波,梯形波,梯形波,梯形波,梯形波
附件一（训练集）.xlsx|材料3|2405,1,梯形波,梯形波,梯形波,梯形波,梯形波,梯形波
附件一（训练集）.xlsx|材料3|2406,3,梯形波,梯形波,梯形波,梯形波,正弦波,梯形波
附件一（训练集）.xlsx|材料3|2407,1,梯形波,梯形波,梯形波,梯形波,梯形波,梯形波
附件一（训练集）.xlsx|材料3|2408,3,梯形波,梯形波,梯形波,梯形波,梯形波,梯形波
附件一（训练集）.xlsx|材料3|2409,2,梯形波,梯形波,梯形波,梯形波,梯形波,梯形波
附件一（训练集）.xlsx|材料3|241,2,正弦波,正弦波,正弦波,正弦波,三角波,正弦波
附件一（训练集）.xlsx|材料3|2410,2,梯形波,梯形波,梯形波,梯形波,梯形波,梯形波
附件一（训练集）.xlsx|材料3|2411,3,梯形波,梯形波,梯形波,梯形波,正弦波,梯形波
附件一（训练集）.xlsx|材料3|2412,3,梯形波,梯形波,梯形波,梯形波,正弦波,梯形波
附件一（训练集）.xlsx|材料3|2413,1,梯形波,梯形波,梯形波,梯形波,梯形波,梯形波
附件一（训练集）.xlsx|材料3|2414,1,梯形波,梯形波,梯形波,梯形波,梯形波,梯形波
附件一（训练集）.xlsx|材料3|2415,3,梯形波,梯形波,梯形波,梯形波,梯形波,梯形波
附件一（训练集）.xlsx|材料3|2416,1,梯形波,梯形波,梯形波,梯形波,梯形波,梯形波
附件一（训练集）.xlsx|材料3|2417,0,梯形波,梯形波,梯形波,梯形波,梯形波,梯形波
附件一（训练集）.xlsx|材料3|2418,0,梯形波,梯形波,梯形波,梯形波,梯形波,梯形波
附件一（训练集）.xlsx|材料3|2419,4,梯形波,梯形波,梯形波,梯形波,梯形波,梯形波
附件一（训练集）.xlsx|材料3|242,0,正弦波,正弦波,正弦波,正弦波,三角波,正弦波
附件一（训练集）.xlsx|材料3|2420,3,梯形波,梯形波,梯形波,梯形波,正弦波,梯形波
附件一（训练集）.xlsx|材料3|2421,4,梯形波,梯形波,梯形波,梯形波,正弦波,梯形波
附件一（训练集）.xlsx|材料3|2422,4,梯形波,梯形波,梯形波,梯形波,梯形波,梯形波
附件一（训练集）.xlsx|材料3|2423,2,梯形波,梯形波,梯形波,梯形波,梯形波,梯形波
附件一（训练集）.xlsx|材料3|2424,3,梯形波,梯形波,梯形波,梯形波,梯形波,梯形波
附件一（训练集）.xlsx|材料3|2425,3,梯形波,梯形波,梯形波,梯形波,梯形波,梯形波
附件一（训练集）.xlsx|材料3|2426,3,梯形波,梯形波,梯形波,梯形波,梯形波,梯形波
附件一（训练集）.xlsx|材料3|2427,3,梯形波,梯形波,梯形波,梯形波,梯形波,梯形波
附件一（训练集）.xlsx|材料3|2428,3,梯形波,梯形波,梯形波,梯形波,正弦波,梯形波
附件一（训练集）.xlsx|材料3|2429,0,梯形波,梯形波,梯形波,梯形波,正弦波,梯形波
附件一（训练集）.xlsx|材料3|243,2,正弦波,正弦波,正弦波,正弦波,三角波,正弦波
附件一（训练集）.xlsx|材料3|2430,0,梯形波,梯形波,梯形波,梯形波,梯形波,梯形波
附件一（训练集）.xlsx|材料3|2431,3,梯形波,梯形波,梯形波,梯形波,梯形波,梯形波
附件一（训练集）.xlsx|材料3|2432,1,梯形波,梯形波,梯形波,梯形波,梯形波,梯形波
附件一（训练集）.xlsx|材料3|2433,2,梯形波,梯形波,梯形波,梯形波,梯形波,梯形波
附件一（训练集）.xlsx|材料3|2434,1,梯形波,梯形波,梯形波,梯形波,梯形波,梯形波
附件一（训练集）.xlsx|材料3|2435,2,梯形波,梯形波,梯形波,梯形波,正弦波,梯形波
附件一（训练集）.xlsx|材料3|2436,1,梯形波,梯形波,梯形波,梯形波,正弦波,梯形波
附件一（训练集）.xlsx|材料3|2437,1,梯形波,梯形波,梯形波,梯形波,梯形波,梯形波
附件一（训练集）.xlsx|材料3|2438,3,梯形波,梯形波,梯形波,梯形波,梯形波,梯形波
附件一（训练集）.xlsx|材料3|2439,3,梯形波,梯形波,梯形波,梯形波,梯形波,梯形波
附件一（训练集）.xlsx|材料3|244,0,正弦波,正弦波,正弦波,正弦波,三角波,正弦波
附件一（训练集）.xlsx|材料3|2440,3,梯形波,梯形波,梯形波,梯形波,梯形波,梯形波
附件一（训练集）.xlsx|材料3|2441,0,梯形波,梯形波,梯形波,梯形波,梯形波,梯形波
附件一（训练集）.xlsx|材料3|2442,2,梯形波,梯形波,梯形波,梯形波,梯形波,梯形波
附件一（训练集）.xlsx|材料3|2443,3,梯形波,梯形波,梯形波,梯形波,梯形波,梯形波
附件一（训练集）.xlsx|材料3|2444,0,梯形波,梯形波,梯形波,梯形波,梯形波,梯形波
附件一（训练集）.xlsx|材料3|2445,0,梯形波,梯形波,梯形波,梯形波,梯形波,梯形波
附件一（训练集）.xlsx|材料3|2446,3,梯形波,梯形波,梯形波,梯形波,正弦波,梯形波
附件一（训练集）.xlsx|材料3|2447,0,梯形波,梯形波,梯形波,梯形波,正弦波,梯形波
附件一（训练集）.xlsx|材料3|2448,1,梯形波,梯形波,梯形波,梯形波,三角波,梯形波
附件一（训练集）.xlsx|材料3|2449,1,梯形波,梯形波,梯形波,梯形波,三角波,梯形波
附件一（训练集）.xlsx|材料3|245,1,正弦波,正弦波,正弦波,正弦波,三角波,正弦波
附件一（训练集）.xlsx|材料3|2450,4,梯形波,梯形波,梯形波,梯形波,梯形波,梯形波
附件一（训练集）.xlsx|材料3|2451,4,梯形波,梯形波,梯形波,梯形波,梯形波,梯形波
附件一（训练集）.xlsx|材料3|2452,1,梯形波,梯形波,梯形波,梯形波,梯形波,梯形波
附件一（训练集）.xlsx|材料3|2453,3,梯形波,梯形波,梯形波,梯形波,梯形波,梯形波
附件一（训练集）.xlsx|材料3|2454,3,梯形波,梯形波,梯形波,梯形波,梯形波,梯形波
附件一（训练集）.xlsx|材料3|2455,2,梯形波,梯形波,梯形波,梯形波,梯形波,梯形波
附件一（训练集）.xlsx|材料3|2456,0,梯形波,梯形波,梯形波,梯形波,梯形波,梯形波
附件一（训练集）.xlsx|材料3|2457,4,梯形波,梯形波,梯形波,梯形波,正弦波,梯形波
附件一（训练集）.xlsx|材料3|2458,2,梯形波,梯形波,梯形波,梯形波,正弦波,梯形波
附件一（训练集）.xlsx|材料3|2459,4,梯形波,梯形波,梯形波,梯形波,三角波,梯形波
附件一（训练集）.xlsx|材料3|246,4,正弦波,正弦波,正弦波,正弦波,正弦波,正弦波
附件一（训练集）.xlsx|材料3|2460,1,梯形波,梯形波,梯形波,梯形波,三角波,梯形波
附件一（训练集）.xlsx|材料3|2461,4,梯形波,梯形波,梯形波,梯形波,三角波,梯形波
附件一（训练集）.xlsx|材料3|2462,2,梯形波,梯形波,梯形波,梯形波,三角波,梯形波
附件一（训练集）.xlsx|材料3|2463,4,梯形波,梯形波,梯形波,梯形波,三角波,梯形波
附件一（训练集）.xlsx|材料3|2464,3,梯形波,梯形波,梯形波,梯形波,三角波,梯形波
附件一（训练集）.xlsx|材料3|2465,0,梯形波,梯形波,梯形波,梯形波,三角波,梯形波
附件一（训练集）.xlsx|材料3|2466,3,梯形波,梯形波,梯形波,梯形波,梯形波,梯形波
附件一（训练集）.xlsx|材料3|2467,3,梯形波,梯形波,梯形波,梯形波,正弦波,梯形波
附件一（训练集）.xlsx|材料3|2468,2,梯形波,梯形波,梯形波,梯形波,三角波,梯形波
附件一（训练集）.xlsx|材料3|2469,3,梯形波,梯形波,梯形波,梯形波,三角波,梯形波
附件一（训练集）.xlsx|材料3|247,0,正弦波,正弦波,正弦波,正弦波,正弦波,正弦波
附件一（训练集）.xlsx|材料3|2470,3,梯形波,梯形波,梯形波,梯形波,三角波,梯形波
附件一（训练集）.xlsx|材料3|2471,0,梯形波,梯形波,梯形波,梯形波,三角波,梯形波
附件一（训练集）.xlsx|材料3|2472,0,梯形波,梯形波,梯形波,梯形波,三角波,梯形波
附件一（训练集）.xlsx|材料3|2473,0,梯形波,梯形波,梯形波,梯形波,三角波,梯形波
附件一（训练集）.xlsx|材料3|2474,2,梯形波,梯形波,梯形波,梯形波,三角波,梯形波
附件一（训练集）.xlsx|材料3|2475,2,梯形波,梯形波,梯形波,梯形波,三角波,梯形波
附件一（训练集）.xlsx|材料3|2476,1,梯形波,梯形波,梯形波,梯形波,三角波,梯形波
附件一（训练集）.xlsx|材料3|2477,1,梯形波,梯形波,梯形波,梯形波,三角波,梯形波
附件一（训练集）.xlsx|材料3|2478,2,梯形波,梯形波,梯形波,梯形波,三角波,梯形波
附件一（训练集）.xlsx|材料3|2479,2,梯形波,梯形波,梯形波,梯形波,三角波,梯形波
附件一（训练集）.xlsx|材料3|248,0,正弦波,正弦波,正弦波,正弦波,正弦波,正弦波
附件一（训练集）.xlsx|材料3|2480,3,梯形波,梯形波,梯形波,梯形波,三角波,梯形波
附件一（训练集）.xlsx|材料3|2481,4,梯形波,梯形波,梯形波,梯形波,三角波,梯形波
附件一（训练集）.xlsx|材料3|2482,3,梯形波,梯形波,梯形波,梯形波,三角波,梯形波
附件一（训练集）.xlsx|材料3|2483,0,梯形波,梯形波,梯形波,梯形波,三角波,梯形波
附件一（训练集）.xlsx|材料3|2484,3,梯形波,梯形波,梯形波,梯形波,三角波,梯形波
附件一（训练集）.xlsx|材料3|2485,4,梯形波,梯形波,梯形波,梯形波,三角波,梯形波
附件一（训练集）.xlsx|材料3|2486,2,梯形波,梯形波,梯形波,梯形波,三角波,梯形波
附件一（训练集）.xlsx|材料3|2487,0,梯形波,梯形波,梯形波,梯形波,三角波,梯形波
附件一（训练集）.xlsx|材料3|2488,3,梯形波,梯形波,梯形波,梯形波,三角波,梯形波
附件一（训练集）.xlsx|材料3|2489,3,梯形波,梯形波,梯形波,梯形波,三角波,梯形波
附件一（训练集）.xlsx|材料3|249,4,正弦波,正弦波,正弦波,正弦波,正弦波,正弦波
附件一（训练集）.xlsx|材料3|2490,4,梯形波,梯形波,梯形波,梯形波,三角波,梯形波
附件一（训练集）.xlsx|材料3|2491,3,梯形波,梯形波,梯形波,梯形波,三角波,梯形波
附件一（训练集）.xlsx|材料3|2492,2,梯形波,梯形波,梯形波,梯形波,三角波,梯形波
附件一（训练集）.xlsx|材料3|2493,1,梯形波,梯形波,梯形波,梯形波,三角波,梯形波
附件一（训练集）.xlsx|材料3|2494,0,梯形波,梯形波,梯形波,梯形波,三角波,梯形波
附件一（训练集）.xlsx|材料3|2495,2,梯形波,梯形波,梯形波,梯形波,三角波,梯形波
附件一（训练集）.xlsx|材料3|2496,0,梯形波,梯形波,梯形波,梯形波,三角波,梯形波
附件一（训练集）.xlsx|材料3|2497,3,梯形波,梯形波,梯形波,梯形波,正弦波,梯形波
附件一（训练集）.xlsx|材料3|2498,3,梯形波,梯形波,梯形波,梯形波,正弦波,梯形波
附件一（训练集）.xlsx|材料3|2499,0,梯形波,梯形波,梯形波,梯形波,梯形波,梯形波
附件一（训练集）.xlsx|材料3|25,1,正弦波,正弦波,正弦波,正弦波,梯形波,正弦波
附件一（训练集）.xlsx|材料3|250,3,正弦波,正弦波,正弦波,正弦波,正弦波,正弦波
附件一（训练集）.xlsx|材料3|2500,2,梯形波,梯形波,梯形波,梯形波,梯形波,梯形波
附件一（训练集）.xlsx|材料3|2501,2,梯形波,梯形波,梯形波,梯形波,梯形波,梯形波
附件一（训练集）.xlsx|材料3|2502,2,梯形波,梯形波,梯形波,梯形波,正弦波,梯形波
附件一（训练集）.xlsx|材料3|2503,1,梯形波,梯形波,梯形波,梯形波,梯形波,梯形波
附件一（训练集）.xlsx|材料3|2504,2,梯形波,梯形波,梯形波,梯形波,梯形波,梯形波
附件一（训练集）.xlsx|材料3|2505,2,梯形波,梯形波,梯形波,梯形波,梯形波,梯形波
附件一（训练集）.xlsx|材料3|2506,2,梯形波,梯形波,梯形波,梯形波,梯形波,梯形波
附件一（训练集）.xlsx|材料3|2507,2,梯形波,梯形波,梯形波,梯形波,梯形波,梯形波
附件一（训练集）.xlsx|材料3|2508,0,梯形波,梯形波,梯形波,梯形波,正弦波,梯形波
附件一（训练集）.xlsx|材料3|2509,3,梯形波,梯形波,梯形波,梯形波,正弦波,梯形波
附件一（训练集）.xlsx|材料3|251,0,正弦波,正弦波,正弦波,正弦波,梯形波,正弦波
附件一（训练集）.xlsx|材料3|2510,1,梯形波,梯形波,梯形波,梯形波,梯形波,梯形波
附件一（训练集）.xlsx|材料3|2511,3,梯形波,梯形波,梯形波,梯形波,梯形波,梯形波
附件一（训练集）.xlsx|材料3|2512,3,梯形波,梯形波,梯形波,梯形波,梯形波,梯形波
附件一（训练集）.xlsx|材料3|2513,3,梯形波,梯形波,梯形波,梯形波,梯形波,梯形波
附件一（训练集）.xlsx|材料3|2514,3,梯形波,梯形波,梯形波,梯形波,梯形波,梯形波
附件一（训练集）.xlsx|材料3|2515,2,梯形波,梯形波,梯形波,梯形波,正弦波,梯形波
附件一（训练集）.xlsx|材料3|2516,2,梯形波,梯形波,梯形波,梯形波,正弦波,梯形波
附件一（训练集）.xlsx|材料3|2517,2,梯形波,梯形波,梯形波,梯形波,正弦波,梯形波
附件一（训练集）.xlsx|材料3|2518,2,梯形波,梯形波,梯形波,梯形波,梯形波,梯形波
附件一（训练集）.xlsx|材料3|2519,2,梯形波,梯形波,梯形波,梯形波,梯形波,梯形波
附件一（训练集）.xlsx|材料3|252,2,正弦波,正弦波,正弦波,正弦波,梯形波,正弦波
附件一（训练集）.xlsx|材料3|2520,0,梯形波,梯形波,梯形波,梯形波,梯形波,梯形波
附件一（训练集）.xlsx|材料3|2521,0,梯形波,梯形波,梯形波,梯形波,梯形波,梯形波
附件一（训练集）.xlsx|材料3|2522,2,梯形波,梯形波,梯形波,梯形波,梯形波,梯形波
附件一（训练集）.xlsx|材料3|2523,4,梯形波,梯形波,梯形波,梯形波,梯形波,梯形波
附件一（训练集）.xlsx|材料3|2524,3,梯形波,梯形波,梯形波,梯形波,正弦波,梯形波
附件一（训练集）.xlsx|材料3|2525,3,梯形波,梯形波,梯形波,梯形波,正弦波,梯形波
附件一（训练集）.xlsx|材料3|2526,3,梯形波,梯形波,梯形波,梯形波,正弦波,梯形波
附件一（训练集）.xlsx|材料3|2527,2,梯形波,梯形波,梯形波,梯形波,梯形波,梯形波
附件一（训练集）.xlsx|材料3|2528,3,梯形波,梯形波,梯形波,梯形波,梯形波,梯形波
附件一（训练集）.xlsx|材料3|2529,3,梯形波,梯形波,梯形波,梯形波,梯形波,梯形波
附件一（训练集）.xlsx|材料3|253,0,正弦波,正弦波,正弦波,正弦波,梯形波,正弦波
附件一（训练集）.xlsx|材料3|2530,3,梯形波,梯形波,梯形波,梯形波,梯形波,梯形波
附件一（训练集）.xlsx|材料3|2531,0,梯形波,梯形波,梯形波,梯形波,梯形波,梯形波
附件一（训练集）.xlsx|材料3|2532,3,梯形波,梯形波,梯形波,梯形波,梯形波,梯形波
附件一（训练集）.xlsx|材料3|2533,0,梯形波,梯形波,梯形波,梯形波,梯形波,梯形波
附件一（训练集）.xlsx|材料3|2534,0,梯形波,梯形波,梯形波,梯形波,正弦波,梯形波
附件一（训练集）.xlsx|材料3|2535,4,梯形波,梯形波,梯形波,梯形波,梯形波,梯形波
附件一（训练集）.xlsx|材料3|2536,4,梯形波,梯形波,梯形波,梯形波,梯形波,梯形波
附件一（训练集）.xlsx|材料3|2537,4,梯形波,梯形波,梯形波,梯形波,梯形波,梯形波
附件一（训练集）.xlsx|材料3|2538,2,梯形波,梯形波,梯形波,梯形波,梯形波,梯形波
附件一（训练集）.xlsx|材料3|2539,0,梯形波,梯形波,梯形波,梯形波,正弦波,梯形波
附件一（训练集）.xlsx|材料3|254,2,正弦波,正弦波,正弦波,正弦波,正弦波,正弦波
附件一（训练集）.xlsx|材料3|2540,2,梯形波,梯形波,梯形波,梯形波,正弦波,梯形波
附件一（训练集）.xlsx|材料3|2541,4,梯形波,梯形波,梯形波,梯形波,三角波,梯形波
附件一（训练集）.xlsx|材料3|2542,2,梯形波,梯形波,梯形波,梯形波,三角波,梯形波
附件一（训练集）.xlsx|材料3|2543,2,梯形波,梯形波,梯形波,梯形波,三角波,梯形波
附件一（训练集）.xlsx|材料3|2544,2,梯形波,梯形波,梯形波,梯形波,三角波,梯形波
附件一（训练集）.xlsx|材料3|2545,1,梯形波,梯形波,梯形波,梯形波,梯形波,梯形波
附件一（训练集）.xlsx|材料3|2546,1,梯形波,梯形波,梯形波,梯形波,梯形波,梯形波
附件一（训练集）.xlsx|材料3|2547,1,梯形波,梯形波,梯形波,梯形波,梯形波,梯形波
附件一（训练集）.xlsx|材料3|2548,3,梯形波,梯形波,梯形波,梯形波,正弦波,梯形波
附件一（训练集）.xlsx|材料3|2549,0,梯形波,梯形波,梯形波,梯形波,正弦波,梯形波
附件一（训练集）.xlsx|材料3|255,2,正弦波,正弦波,正弦波,正弦波,正弦波,正弦波
附件一（训练集）.xlsx|材料3|2550,4,梯形波,梯形波,梯形波,梯形波,三角波,梯形波
附件一（训练集）.xlsx|材料3|2551,0,梯形波,梯形波,梯形波,梯形波,三角波,梯形波
附件一（训练集）.xlsx|材料3|2552,4,梯形波,梯形波,梯形波,梯形波,三角波,梯形波
附件一（训练集）.xlsx|材料3|2553,3,梯形波,梯形波,梯形波,梯形波,三角波,梯形波
附件一（训练集）.xlsx|材料3|2554,2,梯形波,梯形波,梯形波,梯形波,三角波,梯形波
附件一（训练集）.xlsx|材料3|2555,3,梯形波,梯形波,梯形波,梯形波,三角波,梯形波
附件一（训练集）.xlsx|材料3|2556,4,梯形波,梯形波,梯形波,梯形波,梯形波,梯形波
附件一（训练集）.xlsx|材料3|2557,4,梯形波,梯形波,梯形波,梯形波,梯形波,梯形波
附件一（训练集）.xlsx|材料3|2558,0,梯形波,梯形波,梯形波,梯形波,三角波,梯形波
附件一（训练集）.xlsx|材料3|2559,3,梯形波,梯形波,梯形波,梯形波,正弦波,梯形波
附件一（训练集）.xlsx|材料3|256,0,正弦波,正弦波,正弦波,正弦波,正弦波,正弦波
附件一（训练集）.xlsx|材料3|2560,3,梯形波,梯形波,梯形波,梯形波,三角波,梯形波
附件一（训练集）.xlsx|材料3|2561,0,梯形波,梯形波,梯形波,梯形波,三角波,梯形波
附件一（训练集）.xlsx|材料3|2562,3,梯形波,梯形波,梯形波,梯形波,三角波,梯形波
附件一（训练集）.xlsx|材料3|2563,3,梯形波,梯形波,梯形波,梯形波,三角波,梯形波
附件一（训练集）.xlsx|材料3|2564,4,梯形波,梯形波,梯形波,梯形波,三角波,梯形波
附件一（训练集）.xlsx|材料3|2565,4,梯形波,梯形波,梯形波,梯形波,三角波,梯形波
附件一（训练集）.xlsx|材料3|2566,1,梯形波,梯形波,梯形波,梯形波,三角波,梯形波
附件一（训练集）.xlsx|材料3|2567,4,梯形波,梯形波,梯形波,梯形波,三角波,梯形波
附件一（训练集）.xlsx|材料3|2568,3,梯形波,梯形波,梯形波,梯形波,三角波,梯形波
附件一（训练集）.xlsx|材料3|2569,2,梯形波,梯形波,梯形波,梯形波,三角波,梯形波
附件一（训练集）.xlsx|材料3|257,3,正弦波,正弦波,正弦波,正弦波,正弦波,正弦波
附件一（训练集）.xlsx|材料3|2570,0,梯形波,梯形波,梯形波,梯形波,三角波,梯形波
附件一（训练集）.xlsx|材料3|2571,1,梯形波,梯形波,梯形波,梯形波,三角波,梯形波
附件一（训练集）.xlsx|材料3|2572,1,梯形波,梯形波,梯形波,梯形波,三角波,梯形波
附件一（训练集）.xlsx|材料3|2573,1,梯形波,梯形波,梯形波,梯形波,三角波,梯形波
附件一（训练集）.xlsx|材料3|2574,1,梯形波,梯形波,梯形波,梯形波,三角波,梯形波
附件一（训练集）.xlsx|材料3|2575,1,梯形波,梯形波,梯形波,梯形波,三角波,梯形波
附件一（训练集）.xlsx|材料3|2576,1,梯形波,梯形波,梯形波,梯形波,三角波,梯形波
附件一（训练集）.xlsx|材料3|2577,1,梯形波,梯形波,梯形波,梯形波,三角波,梯形波
附件一（训练集）.xlsx|材料3|2578,1,梯形波,梯形波,梯形波,梯形波,三角波,梯形波
附件一（训练集）.xlsx|材料3|2579,3,梯形波,梯形波,梯形波,梯形波,三角波,梯形波
附件一（训练集）.xlsx|材料3|258,2,正弦波,正弦波,正弦波,正弦波,正弦波,正弦波
附件一（训练集）.xlsx|材料3|2580,3,梯形波,梯形波,梯形波,梯形波,三角波,梯形波
附件一（训练集）.xlsx|材料3|2581,3,梯形波,梯形波,梯形波,梯形波,三角波,梯形波
附件一（训练集）.xlsx|材料3|2582,0,梯形波,梯形波,梯形波,梯形波,三角波,梯形波
附件一（训练集）.xlsx|材料3|2583,3,梯形波,梯形波,梯形波,梯形波,三角波,梯形波
附件一（训练集）.xlsx|材料3|2584,0,梯形波,梯形波,梯形波,梯形波,三角波,梯形波
附件一（训练集）.xlsx|材料3|2585,0,梯形波,梯形波,梯形波,梯形波,三角波,梯形波
附件一（训练集）.xlsx|材料3|2586,4,梯形波,梯形波,梯形波,梯形波,三角波,梯形波
附件一（训练集）.xlsx|材料3|2587,2,梯形波,梯形波,梯形波,梯形波,正弦波,梯形波
附件一（训练集）.xlsx|材料3|2588,2,梯形波,梯形波,梯形波,梯形波,梯形波,梯形波
附件一（训练集）.xlsx|材料3|2589,2,梯形波,梯形波,梯形波,梯形波,梯形波,梯形波
附件一（训练集）.xlsx|材料3|259,3,正弦波,正弦波,正弦波,正弦波,梯形波,正弦波
附件一（训练集）.xlsx|材料3|2590,2,梯形波,梯形波,梯形波,梯形波,梯形波,梯形波
附件一（训练集）.xlsx|材料3|2591,3,梯形波,梯形波,梯形波,梯形波,梯形波,梯形波
附件一（训练集）.xlsx|材料3|2592,3,梯形波,梯形波,梯形波,梯形波,梯形波,梯形波
附件一（训练集）.xlsx|材料3|2593,4,梯形波,梯形波,梯形波,梯形波,正弦波,梯形波
附件一（训练集）.xlsx|材料3|2594,4,梯形波,梯形波,梯形波,梯形波,正弦波,梯形波
附件一（训练集）.xlsx|材料3|2595,2,梯形波,梯形波,梯形波,梯形波,正弦波,梯形波
附件一（训练集）.xlsx|材料3|2596,4,梯形波,梯形波,梯形波,梯形波,梯形波,梯形波
附件一（训练集）.xlsx|材料3|2597,2,梯形波,梯形波,梯形波,梯形波,梯形波,梯形波
附件一（训练集）.xlsx|材料3|2598,0,梯形波,梯形波,梯形波,梯形波,梯形波,梯形波
附件一（训练集）.xlsx|材料3|2599,0,梯形波,梯形波,梯形波,梯形波,梯形波,梯形波
附件一（训练集）.xlsx|材料3|26,2,正弦波,正弦波,正弦波,正弦波,正弦波,正弦波
附件一（训练集）.xlsx|材料3|260,4,正弦波,正弦波,正弦波,正弦波,梯形波,正弦波
附件一（训练集）.xlsx|材料3|2600,0,梯形波,梯形波,梯形波,梯形波,梯形波,梯形波
附件一（训练集）.xlsx|材料3|2601,3,三角波,三角波,三角波,三角波,三角波,三角波
附件一（训练集）.xlsx|材料3|2602,3,三角波,三角波,三角波,三角波,三角波,三角波
附件一（训练集）.xlsx|材料3|2603,1,三角波,三角波,三角波,三角波,三角波,三角波
附件一（训练集）.xlsx|材料3|2604,1,三角波,三角波,三角波,三角波,三角波,三角波
附件一（训练集）.xlsx|材料3|2605,1,三角波,三角波,三角波,三角波,三角波,三角波
附件一（训练集）.xlsx|材料3|2606,3,三角波,三角波,三角波,三角波,三角波,三角波
附件一（训练集）.xlsx|材料3|2607,1,三角波,三角波,三角波,三角波,三角波,三角波
附件一（训练集）.xlsx|材料3|2608,3,三角波,三角波,三角波,三角波,三角波,三角波
附件一（训练集）.xlsx|材料3|2609,3,三角波,三角波,三角波,三角波,三角波,三角波
附件一（训练集）.xlsx|材料3|261,2,正弦波,正弦波,正弦波,正弦波,梯形波,正弦波
附件一（训练集）.xlsx|材料3|2610,2,三角波,三角波,三角波,三角波,三角波,三角波
附件一（训练集）.xlsx|材料3|2611,1,三角波,三角波,三角波,三角波,三角波,三角波
附件一（训练集）.xlsx|材料3|2612,1,三角波,三角波,三角波,三角波,三角波,三角波
附件一（训练集）.xlsx|材料3|2613,4,三角波,三角波,三角波,三角波,三角波,三角波
附件一（训练集）.xlsx|材料3|2614,4,三角波,三角波,三角波,三角波,三角波,三角波
附件一（训练集）.xlsx|材料3|2615,3,三角波,三角波,三角波,三角波,三角波,三角波
附件一（训练集）.xlsx|材料3|2616,2,三角波,三角波,三角波,三角波,三角波,三角波
附件一（训练集）.xlsx|材料3|2617,4,三角波,三角波,三角波,三角波,三角波,三角波
附件一（训练集）.xlsx|材料3|2618,4,三角波,三角波,三角波,三角波,三角波,三角波
附件一（训练集）.xlsx|材料3|2619,4,三角波,三角波,三角波,三角波,三角波,三角波
附件一（训练集）.xlsx|材料3|262,2,正弦波,正弦波,正弦波,正弦波,梯形波,正弦波
附件一（训练集）.xlsx|材料3|2620,4,三角波,三角波,三角波,三角波,三角波,三角波
附件一（训练集）.xlsx|材料3|2621,4,三角波,三角波,三角波,三角波,三角波,三角波
附件一（训练集）.xlsx|材料3|2622,2,三角波,三角波,三角波,三角波,三角波,三角波
附件一（训练集）.xlsx|材料3|2623,2,梯形波,梯形波,梯形波,梯形波,正弦波,梯形波
附件一（训练集）.xlsx|材料3|2624,1,梯形波,梯形波,梯形波,梯形波,正弦波,梯形波
附件一（训练集）.xlsx|材料3|2625,0,梯形波,梯形波,梯形波,梯形波,梯形波,梯形波
附件一（训练集）.xlsx|材料3|2626,0,梯形波,梯形波,梯形波,梯形波,梯形波,梯形波
附件一（训练集）.xlsx|材料3|2627,1,梯形波,梯形波,梯形波,梯形波,梯形波,梯形波
附件一（训练集）.xlsx|材料3|2628,2,梯形波,梯形波,梯形波,梯形波,梯形波,梯形波
附件一（训练集）.xlsx|材料3|2629,4,梯形波,梯形波,梯形波,梯形波,正弦波,梯形波
附件一（训练集）.xlsx|材料3|263,3,正弦波,正弦波,正弦波,正弦波,梯形波,正弦波
附件一（训练集）.xlsx|材料3|2630,1,梯形波,梯形波,梯形波,梯形波,正弦波,梯形波
附件一（训练集）.xlsx|材料3|2631,2,梯形波,梯形波,梯形波,梯形波,正弦波,梯形波
附件一（训练集）.xlsx|材料3|2632,4,梯形波,梯形波,梯形波,梯形波,梯形波,梯形波
附件一（训练集）.xlsx|材料3|2633,4,梯形波,梯形波,梯形波,梯形波,梯形波,梯形波
附件一（训练集）.xlsx|材料3|2634,4,梯形波,梯形波,梯形波,梯形波,梯形波,梯形波
附件一（训练集）.xlsx|材料3|2635,0,梯形波,梯形波,梯形波,梯形波,梯形波,梯形波
附件一（训练集）.xlsx|材料3|2636,0,梯形波,梯形波,梯形波,梯形波,梯形波,梯形波
附件一（训练集）.xlsx|材料3|2637,1,梯形波,梯形波,梯形波,梯形波,正弦波,梯形波
附件一（训练集）.xlsx|材料3|2638,3,梯形波,梯形波,梯形波,梯形波,正弦波,梯形波
附件一（训练集）.xlsx|材料3|2639,0,梯形波,梯形波,梯形波,梯形波,正弦波,梯形波
附件一（训练集）.xlsx|材料3|264,3,正弦波,正弦波,正弦波,正弦波,正弦波,正弦波
附件一（训练集）.xlsx|材料3|2640,3,梯形波,梯形波,梯形波,梯形波,梯形波,梯形波
附件一（训练集）.xlsx|材料3|2641,3,梯形波,梯形波,梯形波,梯形波,梯形波,梯形波
附件一（训练集）.xlsx|材料3|2642,3,梯形波,梯形波,梯形波,梯形波,梯形波,梯形波
附件一（训练集）.xlsx|材料3|2643,0,梯形波,梯形波,梯形波,梯形波,梯形波,梯形波
附件一（训练集）.xlsx|材料3|2644,3,梯形波,梯形波,梯形波,梯形波,梯形波,梯形波
附件一（训练集）.xlsx|材料3|2645,4,梯形波,梯形波,梯形波,梯形波,梯形波,梯形波
附件一（训练集）.xlsx|材料3|2646,1,梯形波,梯形波,梯形波,梯形波,正弦波,梯形波
附件一（训练集）.xlsx|材料3|2647,1,梯形波,梯形波,梯形波,梯形波,正弦波,梯形波
附件一（训练集）.xlsx|材料3|2648,0,梯形波,梯形波,梯形波,梯形波,正弦波,梯形波
附件一（训练集）.xlsx|材料3|2649,0,梯形波,梯形波,梯形波,梯形波,梯形波,梯形波
附件一（训练集）.xlsx|材料3|265,0,正弦波,正弦波,正弦波,正弦波,正弦波,正弦波
附件一（训练集）.xlsx|材料3|2650,4,梯形波,梯形波,梯形波,梯形波,梯形波,梯形波
附件一（训练集）.xlsx|材料3|2651,4,梯形波,梯形波,梯形波,梯形波,梯形波,梯形波
附件一（训练集）.xlsx|材料3|2652,0,梯形波,梯形波,梯形波,梯形波,梯形波,梯形波
附件一（训练集）.xlsx|材料3|2653,4,梯形波,梯形波,梯形波,梯形波,梯形波,梯形波
附件一（训练集）.xlsx|材料3|2654,1,梯形波,梯形波,梯形波,梯形波,梯形波,梯形波
附件一（训练集）.xlsx|材料3|2655,0,梯形波,梯形波,梯形波,梯形波,正弦波,梯形波
附件一（训练集）.xlsx|材料3|2656,3,梯形波,梯形波,梯形波,梯形波,正弦波,梯形波
附件一（训练集）.xlsx|材料3|2657,4,梯形波,梯形波,梯形波,梯形波,梯形波,梯形波
附件一（训练集）.xlsx|材料3|2658,3,梯形波,梯形波,梯形波,梯形波,梯形波,梯形波
附件一（训练集）.xlsx|材料3|2659,0,梯形波,梯形波,梯形波,梯形波,梯形波,梯形波
附件一（训练集）.xlsx|材料3|266,4,正弦波,正弦波,正弦波,正弦波,正弦波,正弦波
附件一（训练集）.xlsx|材料3|2660,0,梯形波,梯形波,梯形波,梯形波,梯形波,梯形波
附件一（训练集）.xlsx|材料3|2661,4,梯形波,梯形波,梯形波,梯形波,梯形波,梯形波
附件一（训练集）.xlsx|材料3|2662,3,梯形波,梯形波,梯形波,梯形波,梯形波,梯形波
附件一（训练集）.xlsx|材料3|2663,3,梯形波,梯形波,梯形波,梯形波,正弦波,梯形波
附件一（训练集）.xlsx|材料3|2664,4,梯形波,梯形波,梯形波,梯形波,正弦波,梯形波
附件一（训练集）.xlsx|材料3|2665,0,梯形波,梯形波,梯形波,梯形波,正弦波,梯形波
附件一（训练集）.xlsx|材料3|2666,2,梯形波,梯形波,梯形波,梯形波,三角波,梯形波
附件一（训练集）.xlsx|材料3|2667,2,梯形波,梯形波,梯形波,梯形波,梯形波,梯形波
附件一（训练集）.xlsx|材料3|2668,2,梯形波,梯形波,梯形波,梯形波,梯形波,梯形波
附件一（训练集）.xlsx|材料3|2669,2,梯形波,梯形波,梯形波,梯形波,梯形波,梯形波
附件一（训练集）.xlsx|材料3|267,4,正弦波,正弦波,正弦波,正弦波,正弦波,正弦波
附件一（训练集）.xlsx|材料3|2670,4,梯形波,梯形波,梯形波,梯形波,正弦波,梯形波
附件一（训练集）.xlsx|材料3|2671,2,梯形波,梯形波,梯形波,梯形波,正弦波,梯形波
附件一（训练集）.xlsx|材料3|2672,0,梯形波,梯形波,梯形波,梯形波,三角波,梯形波
附件一（训练集）.xlsx|材料3|2673,2,梯形波,梯形波,梯形波,梯形波,三角波,梯形波
附件一（训练集）.xlsx|材料3|2674,1,梯形波,梯形波,梯形波,梯形波,三角波,梯形波
附件一（训练集）.xlsx|材料3|2675,0,梯形波,梯形波,梯形波,梯形波,三角波,梯形波
附件一（训练集）.xlsx|材料3|2676,4,梯形波,梯形波,梯形波,梯形波,梯形波,梯形波
附件一（训练集）.xlsx|材料3|2677,4,梯形波,梯形波,梯形波,梯形波,梯形波,梯形波
附件一（训练集）.xlsx|材料3|2678,4,梯形波,梯形波,梯形波,梯形波,梯形波,梯形波
附件一（训练集）.xlsx|材料3|2679,4,梯形波,梯形波,梯形波,梯形波,梯形波,梯形波
附件一（训练集）.xlsx|材料3|268,1,正弦波,正弦波,正弦波,正弦波,正弦波,正弦波
附件一（训练集）.xlsx|材料3|2680,2,梯形波,梯形波,梯形波,梯形波,正弦波,梯形波
附件一（训练集）.xlsx|材料3|2681,4,梯形波,梯形波,梯形波,梯形波,三角波,梯形波
附件一（训练集）.xlsx|材料3|2682,3,梯形波,梯形波,梯形波,梯形波,三角波,梯形波
附件一（训练集）.xlsx|材料3|2683,0,梯形波,梯形波,梯形波,梯形波,三角波,梯形波
附件一（训练集）.xlsx|材料3|2684,2,梯形波,梯形波,梯形波,梯形波,三角波,梯形波
附件一（训练集）.xlsx|材料3|2685,4,梯形波,梯形波,梯形波,梯形波,三角波,梯形波
附件一（训练集）.xlsx|材料3|2686,2,梯形波,梯形波,梯形波,梯形波,三角波,梯形波
附件一（训练集）.xlsx|材料3|2687,2,梯形波,梯形波,梯形波,梯形波,三角波,梯形波
附件一（训练集）.xlsx|材料3|2688,2,梯形波,梯形波,梯形波,梯形波,三角波,梯形波
附件一（训练集）.xlsx|材料3|2689,1,梯形波,梯形波,梯形波,梯形波,三角波,梯形波
附件一（训练集）.xlsx|材料3|269,3,正弦波,正弦波,正弦波,正弦波,梯形波,正弦波
附件一（训练集）.xlsx|材料3|2690,0,梯形波,梯形波,梯形波,梯形波,三角波,梯形波
附件一（训练集）.xlsx|材料3|2691,0,梯形波,梯形波,梯形波,梯形波,三角波,梯形波
附件一（训练集）.xlsx|材料3|2692,0,梯形波,梯形波,梯形波,梯形波,三角波,梯形波
附件一（训练集）.xlsx|材料3|2693,2,梯形波,梯形波,梯形波,梯形波,三角波,梯形波
附件一（训练集）.xlsx|材料3|2694,3,梯形波,梯形波,梯形波,梯形波,三角波,梯形波
附件一（训练集）.xlsx|材料3|2695,3,梯形波,梯形波,梯形波,梯形波,三角波,梯形波
附件一（训练集）.xlsx|材料3|2696,4,梯形波,梯形波,梯形波,梯形波,三角波,梯形波
附件一（训练集）.xlsx|材料3|2697,0,梯形波,梯形波,梯形波,梯形波,正弦波,梯形波
附件一（训练集）.xlsx|材料3|2698,2,梯形波,梯形波,梯形波,梯形波,正弦波,梯形波
附件一（训练集）.xlsx|材料3|2699,2,梯形波,梯形波,梯形波,梯形波,梯形波,梯形波
附件一（训练集）.xlsx|材料3|27,0,正弦波,正弦波,正弦波,正弦波,正弦波,正弦波
附件一（训练集）.xlsx|材料3|270,4,正弦波,正弦波,正弦波,正弦波,梯形波,正弦波
附件一（训练集）.xlsx|材料3|2700,0,梯形波,梯形波,梯形波,梯形波,梯形波,梯形波
附件一（训练集）.xlsx|材料3|2701,3,梯形波,梯形波,梯形波,梯形波,梯形波,梯形波
附件一（训练集）.xlsx|材料3|2702,2,梯形波,梯形波,梯形波,梯形波,梯形波,梯形波
附件一（训练集）.xlsx|材料3|2703,2,梯形波,梯形波,梯形波,梯形波,正弦波,梯形波
附件一（训练集）.xlsx|材料3|2704,3,梯形波,梯形波,梯形波,梯形波,正弦波,梯形波
附件一（训练集）.xlsx|材料3|2705,3,梯形波,梯形波,梯形波,梯形波,梯形波,梯形波
附件一（训练集）.xlsx|材料3|2706,3,梯形波,梯形波,梯形波,梯形波,梯形波,梯形波
附件一（训练集）.xlsx|材料3|2707,3,梯形波,梯形波,梯形波,梯形波,梯形波,梯形波
附件一（训练集）.xlsx|材料3|2708,3,梯形波,梯形波,梯形波,梯形波,梯形波,梯形波
附件一（训练集）.xlsx|材料3|2709,3,梯形波,梯形波,梯形波,梯形波,梯形波,梯形波
附件一（训练集）.xlsx|材料3|271,1,正弦波,正弦波,正弦波,正弦波,梯形波,正弦波
附件一（训练集）.xlsx|材料3|2710,4,梯形波,梯形波,梯形波,梯形波,梯形波,梯形波
附件一（训练集）.xlsx|材料3|2711,4,梯形波,梯形波,梯形波,梯形波,梯形波,梯形波
附件一（训练集）.xlsx|材料3|2712,0,梯形波,梯形波,梯形波,梯形波,梯形波,梯形波
附件一（训练集）.xlsx|材料3|2713,0,梯形波,梯形波,梯形波,梯形波,梯形波,梯形波
附件一（训练集）.xlsx|材料3|2714,2,梯形波,梯形波,梯形波,梯形波,梯形波,梯形波
附件一（训练集）.xlsx|材料3|2715,1,梯形波,梯形波,梯形波,梯形波,梯形波,梯形波
附件一（训练集）.xlsx|材料3|2716,1,梯形波,梯形波,梯形波,梯形波,正弦波,梯形波
附件一（训练集）.xlsx|材料3|2717,1,梯形波,梯形波,梯形波,梯形波,正弦波,梯形波
附件一（训练集）.xlsx|材料3|2718,4,梯形波,梯形波,梯形波,梯形波,梯形波,梯形波
附件一（训练集）.xlsx|材料3|2719,2,梯形波,梯形波,梯形波,梯形波,梯形波,梯形波
附件一（训练集）.xlsx|材料3|272,0,正弦波,正弦波,正弦波,正弦波,梯形波,正弦波
附件一（训练集）.xlsx|材料3|2720,1,梯形波,梯形波,梯形波,梯形波,梯形波,梯形波
附件一（训练集）.xlsx|材料3|2721,3,梯形波,梯形波,梯形波,梯形波,梯形波,梯形波
附件一（训练集）.xlsx|材料3|2722,4,梯形波,梯形波,梯形波,梯形波,梯形波,梯形波
附件一（训练集）.xlsx|材料3|2723,4,梯形波,梯形波,梯形波,梯形波,梯形波,梯形波
附件一（训练集）.xlsx|材料3|2724,4,梯形波,梯形波,梯形波,梯形波,梯形波,梯形波
附件一（训练集）.xlsx|材料3|2725,2,梯形波,梯形波,梯形波,梯形波,梯形波,梯形波
附件一（训练集）.xlsx|材料3|2726,3,梯形波,梯形波,梯形波,梯形波,正弦波,梯形波
附件一（训练集）.xlsx|材料3|2727,3,梯形波,梯形波,梯形波,梯形波,正弦波,梯形波
附件一（训练集）.xlsx|材料3|2728,4,梯形波,梯形波,梯形波,梯形波,梯形波,梯形波
附件一（训练集）.xlsx|材料3|2729,0,梯形波,梯形波,梯形波,梯形波,梯形波,梯形波
附件一（训练集）.xlsx|材料3|273,4,正弦波,正弦波,正弦波,正弦波,正弦波,正弦波
附件一（训练集）.xlsx|材料3|2730,4,梯形波,梯形波,梯形波,梯形波,梯形波,梯形波
附件一（训练集）.xlsx|材料3|2731,3,梯形波,梯形波,梯形波,梯形波,梯形波,梯形波
附件一（训练集）.xlsx|材料3|2732,2,梯形波,梯形波,梯形波,梯形波,梯形波,梯形波
附件一（训练集）.xlsx|材料3|2733,2,梯形波,梯形波,梯形波,梯形波,梯形波,梯形波
附件一（训练集）.xlsx|材料3|2734,2,梯形波,梯形波,梯形波,梯形波,梯形波,梯形波
附件一（训练集）.xlsx|材料3|2735,1,梯形波,梯形波,梯形波,梯形波,梯形波,梯形波
附件一（训练集）.xlsx|材料3|2736,4,梯形波,梯形波,梯形波,梯形波,梯形波,梯形波
附件一（训练集）.xlsx|材料3|2737,4,梯形波,梯形波,梯形波,梯形波,正弦波,梯形波
附件一（训练集）.xlsx|材料3|2738,1,梯形波,梯形波,梯形波,梯形波,正弦波,梯形波
附件一（训练集）.xlsx|材料3|2739,1,梯形波,梯形波,梯形波,梯形波,正弦波,梯形波
附件一（训练集）.xlsx|材料3|274,4,正弦波,正弦波,正弦波,正弦波,正弦波,正弦波
附件一（训练集）.xlsx|材料3|2740,1,梯形波,梯形波,梯形波,梯形波,梯形波,梯形波
附件一（训练集）.xlsx|材料3|2741,3,梯形波,梯形波,梯形波,梯形波,梯形波,梯形波
附件一（训练集）.xlsx|材料3|2742,2,梯形波,梯形波,梯形波,梯形波,梯形波,梯形波
附件一（训练集）.xlsx|材料3|2743,1,梯形波,梯形波,梯形波,梯形波,梯形波,梯形波
附件一（训练集）.xlsx|材料3|2744,3,梯形波,梯形波,梯形波,梯形波,梯形波,梯形波
附件一（训练集）.xlsx|材料3|2745,1,梯形波,梯形波,梯形波,梯形波,正弦波,梯形波
附件一（训练集）.xlsx|材料3|2746,0,梯形波,梯形波,梯形波,梯形波,正弦波,梯形波
附件一（训练集）.xlsx|材料3|2747,4,梯形波,梯形波,梯形波,梯形波,梯形波,梯形波
附件一（训练集）.xlsx|材料3|2748,4,梯形波,梯形波,梯形波,梯形波,梯形波,梯形波
附件一（训练集）.xlsx|材料3|2749,0,梯形波,梯形波,梯形波,梯形波,梯形波,梯形波
附件一（训练集）.xlsx|材料3|275,1,正弦波,正弦波,正弦波,正弦波,正弦波,正弦波
附件一（训练集）.xlsx|材料3|2750,3,梯形波,梯形波,梯形波,梯形波,梯形波,梯形波
附件一（训练集）.xlsx|材料3|2751,0,梯形波,梯形波,梯形波,梯形波,梯形波,梯形波
附件一（训练集）.xlsx|材料3|2752,2,梯形波,梯形波,梯形波,梯形波,梯形波,梯形波
附件一（训练集）.xlsx|材料3|2753,1,梯形波,梯形波,梯形波,梯形波,正弦波,梯形波
附件一（训练集）.xlsx|材料3|2754,3,梯形波,梯形波,梯形波,梯形波,正弦波,梯形波
附件一（训练集）.xlsx|材料3|2755,2,梯形波,梯形波,梯形波,梯形波,三角波,梯形波
附件一（训练集）.xlsx|材料3|2756,4,梯形波,梯形波,梯形波,梯形波,三角波,梯形波
附件一（训练集）.xlsx|材料3|2757,3,梯形波,梯形波,梯形波,梯形波,三角波,梯形波
附件一（训练集）.xlsx|材料3|2758,1,梯形波,梯形波,梯形波,梯形波,三角波,梯形波
附件一（训练集）.xlsx|材料3|2759,3,梯形波,梯形波,梯形波,梯形波,梯形波,梯形波
附件一（训练集）.xlsx|材料3|276,1,正弦波,正弦波,正弦波,正弦波,正弦波,正弦波
附件一（训练集）.xlsx|材料3|2760,0,梯形波,梯形波,梯形波,梯形波,三角波,梯形波
附件一（训练集）.xlsx|材料3|2761,0,梯形波,梯形波,梯形波,梯形波,三角波,梯形波
附件一（训练集）.xlsx|材料3|2762,3,梯形波,梯形波,梯形波,梯形波,正弦波,梯形波
附件一（训练集）.xlsx|材料3|2763,2,梯形波,梯形波,梯形波,梯形波,三角波,梯形波
附件一（训练集）.xlsx|材料3|2764,3,梯形波,梯形波,梯形波,梯形波,三角波,梯形波
附件一（训练集）.xlsx|材料3|2765,0,梯形波,梯形波,梯形波,梯形波,三角波,梯形波
附件一（训练集）.xlsx|材料3|2766,0,梯形波,梯形波,梯形波,梯形波,三角波,梯形波
附件一（训练集）.xlsx|材料3|2767,2,梯形波,梯形波,梯形波,梯形波,三角波,梯形波
附件一（训练集）.xlsx|材料3|2768,0,梯形波,梯形波,梯形波,梯形波,三角波,梯形波
附件一（训练集）.xlsx|材料3|2769,2,梯形波,梯形波,梯形波,梯形波,三角波,梯形波
附件一（训练集）.xlsx|材料3|277,4,正弦波,正弦波,正弦波,正弦波,梯形波,正弦波
附件一（训练集）.xlsx|材料3|2770,0,梯形波,梯形波,梯形波,梯形波,三角波,梯形波
附件一（训练集）.xlsx|材料3|2771,1,梯形波,梯形波,梯形波,梯形波,三角波,梯形波
附件一（训练集）.xlsx|材料3|2772,1,梯形波,梯形波,梯形波,梯形波,三角波,梯形波
附件一（训练集）.xlsx|材料3|2773,2,梯形波,梯形波,梯形波,梯形波,三角波,梯形波
附件一（训练集）.xlsx|材料3|2774,2,梯形波,梯形波,梯形波,梯形波,三角波,梯形波
附件一（训练集）.xlsx|材料3|2775,2,梯形波,梯形波,梯形波,梯形波,三角波,梯形波
附件一（训练集）.xlsx|材料3|2776,3,梯形波,梯形波,梯形波,梯形波,三角波,梯形波
附件一（训练集）.xlsx|材料3|2777,2,梯形波,梯形波,梯形波,梯形波,三角波,梯形波
附件一（训练集）.xlsx|材料3|2778,0,梯形波,梯形波,梯形波,梯形波,三角波,梯形波
附件一（训练集）.xlsx|材料3|2779,0,梯形波,梯形波,梯形波,梯形波,三角波,梯形波
附件一（训练集）.xlsx|材料3|278,2,正弦波,正弦波,正弦波,正弦波,梯形波,正弦波
附件一（训练集）.xlsx|材料3|2780,0,梯形波,梯形波,梯形波,梯形波,三角波,梯形波
附件一（训练集）.xlsx|材料3|2781,0,梯形波,梯形波,梯形波,梯形波,三角波,梯形波
附件一（训练集）.xlsx|材料3|2782,2,梯形波,梯形波,梯形波,梯形波,三角波,梯形波
附件一（训练集）.xlsx|材料3|2783,3,梯形波,梯形波,梯形波,梯形波,三角波,梯形波
附件一（训练集）.xlsx|材料3|2784,0,梯形波,梯形波,梯形波,梯形波,三角波,梯形波
附件一（训练集）.xlsx|材料3|2785,4,梯形波,梯形波,梯形波,梯形波,三角波,梯形波
附件一（训练集）.xlsx|材料3|2786,3,梯形波,梯形波,梯形波,梯形波,三角波,梯形波
附件一（训练集）.xlsx|材料3|2787,4,梯形波,梯形波,梯形波,梯形波,三角波,梯形波
附件一（训练集）.xlsx|材料3|2788,1,梯形波,梯形波,梯形波,梯形波,三角波,梯形波
附件一（训练集）.xlsx|材料3|2789,0,梯形波,梯形波,梯形波,梯形波,三角波,梯形波
附件一（训练集）.xlsx|材料3|279,1,正弦波,正弦波,正弦波,正弦波,梯形波,正弦波
附件一（训练集）.xlsx|材料3|2790,2,梯形波,梯形波,梯形波,梯形波,三角波,梯形波
附件一（训练集）.xlsx|材料3|2791,0,梯形波,梯形波,梯形波,梯形波,三角波,梯形波
附件一（训练集）.xlsx|材料3|2792,0,梯形波,梯形波,梯形波,梯形波,正弦波,梯形波
附件一（训练集）.xlsx|材料3|2793,2,梯形波,梯形波,梯形波,梯形波,正弦波,梯形波
附件一（训练集）.xlsx|材料3|2794,0,梯形波,梯形波,梯形波,梯形波,梯形波,梯形波
附件一（训练集）.xlsx|材料3|2795,2,梯形波,梯形波,梯形波,梯形波,梯形波,梯形波
附件一（训练集）.xlsx|材料3|2796,0,梯形波,梯形波,梯形波,梯形波,梯形波,梯形波
附件一（训练集）.xlsx|材料3|2797,1,梯形波,梯形波,梯形波,梯形波,梯形波,梯形波
附件一（训练集）.xlsx|材料3|2798,0,梯形波,梯形波,梯形波,梯形波,梯形波,梯形波
附件一（训练集）.xlsx|材料3|2799,2,梯形波,梯形波,梯形波,梯形波,正弦波,梯形波
附件一（训练集）.xlsx|材料3|28,2,正弦波,正弦波,正弦波,正弦波,正弦波,正弦波
附件一（训练集）.xlsx|材料3|280,2,正弦波,正弦波,正弦波,正弦波,梯形波,正弦波
附件一（训练集）.xlsx|材料3|2800,2,梯形波,梯形波,梯形波,梯形波,正弦波,梯形波
附件一（训练集）.xlsx|材料3|2801,2,梯形波,梯形波,梯形波,梯形波,梯形波,梯形波
附件一（训练集）.xlsx|材料3|2802,2,梯形波,梯形波,梯形波,梯形波,梯形波,梯形波
附件一（训练集）.xlsx|材料3|2803,2,梯形波,梯形波,梯形波,梯形波,梯形波,梯形波
附件一（训练集）.xlsx|材料3|2804,2,梯形波,梯形波,梯形波,梯形波,梯形波,梯形波
附件一（训练集）.xlsx|材料3|2805,3,梯形波,梯形波,梯形波,梯形波,梯形波,梯形波
附件一（训练集）.xlsx|材料3|2806,1,梯形波,梯形波,梯形波,梯形波,正弦波,梯形波
附件一（训练集）.xlsx|材料3|2807,3,梯形波,梯形波,梯形波,梯形波,正弦波,梯形波
附件一（训练集）.xlsx|材料3|2808,1,梯形波,梯形波,梯形波,梯形波,梯形波,梯形波
附件一（训练集）.xlsx|材料3|2809,3,梯形波,梯形波,梯形波,梯形波,梯形波,梯形波
附件一（训练集）.xlsx|材料3|281,0,正弦波,正弦波,正弦波,正弦波,梯形波,正弦波
附件一（训练集）.xlsx|材料3|2810,3,梯形波,梯形波,梯形波,梯形波,梯形波,梯形波
附件一（训练集）.xlsx|材料3|2811,2,梯形波,梯形波,梯形波,梯形波,正弦波,梯形波
附件一（训练集）.xlsx|材料3|2812,4,梯形波,梯形波,梯形波,梯形波,正弦波,梯形波
附件一（训练集）.xlsx|材料3|2813,0,梯形波,梯形波,梯形波,梯形波,正弦波,梯形波
附件一（训练集）.xlsx|材料3|2814,2,梯形波,梯形波,梯形波,梯形波,梯形波,梯形波
附件一（训练集）.xlsx|材料3|2815,0,梯形波,梯形波,梯形波,梯形波,梯形波,梯形波
附件一（训练集）.xlsx|材料3|2816,2,梯形波,梯形波,梯形波,梯形波,梯形波,梯形波
附件一（训练集）.xlsx|材料3|2817,0,梯形波,梯形波,梯形波,梯形波,梯形波,梯形波
附件一（训练集）.xlsx|材料3|2818,3,梯形波,梯形波,梯形波,梯形波,正弦波,梯形波
附件一（训练集）.xlsx|材料3|2819,2,梯形波,梯形波,梯形波,梯形波,正弦波,梯形波
附件一（训练集）.xlsx|材料3|282,3,正弦波,正弦波,正弦波,正弦波,正弦波,正弦波
附件一（训练集）.xlsx|材料3|2820,3,梯形波,梯形波,梯形波,梯形波,正弦波,梯形波
附件一（训练集）.xlsx|材料3|2821,3,梯形波,梯形波,梯形波,梯形波,梯形波,梯形波
附件一（训练集）.xlsx|材料3|2822,3,梯形波,梯形波,梯形波,梯形波,梯形波,梯形波
附件一（训练集）.xlsx|材料3|2823,0,梯形波,梯形波,梯形波,梯形波,梯形波,梯形波
附件一（训练集）.xlsx|材料3|2824,2,梯形波,梯形波,梯形波,梯形波,梯形波,梯形波
附件一（训练集）.xlsx|材料3|2825,4,梯形波,梯形波,梯形波,梯形波,梯形波,梯形波
附件一（训练集）.xlsx|材料3|2826,0,梯形波,梯形波,梯形波,梯形波,梯形波,梯形波
附件一（训练集）.xlsx|材料3|2827,0,梯形波,梯形波,梯形波,梯形波,梯形波,梯形波
附件一（训练集）.xlsx|材料3|2828,1,梯形波,梯形波,梯形波,梯形波,正弦波,梯形波
附件一（训练集）.xlsx|材料3|2829,4,梯形波,梯形波,梯形波,梯形波,正弦波,梯形波
附件一（训练集）.xlsx|材料3|283,4,正弦波,正弦波,正弦波,正弦波,正弦波,正弦波
附件一（训练集）.xlsx|材料3|2830,1,梯形波,梯形波,梯形波,梯形波,正弦波,梯形波
附件一（训练集）.xlsx|材料3|2831,4,梯形波,梯形波,梯形波,梯形波,梯形波,梯形波
附件一（训练集）.xlsx|材料3|2832,1,梯形波,梯形波,梯形波,梯形波,梯形波,梯形波
附件一（训练集）.xlsx|材料3|2833,4,梯形波,梯形波,梯形波,梯形波,梯形波,梯形波
附件一（训练集）.xlsx|材料3|2834,3,梯形波,梯形波,梯形波,梯形波,梯形波,梯形波
附件一（训练集）.xlsx|材料3|2835,3,梯形波,梯形波,梯形波,梯形波,梯形波,梯形波
附件一（训练集）.xlsx|材料3|2836,3,梯形波,梯形波,梯形波,梯形波,梯形波,梯形波
附件一（训练集）.xlsx|材料3|2837,0,梯形波,梯形波,梯形波,梯形波,梯形波,梯形波
附件一（训练集）.xlsx|材料3|2838,4,梯形波,梯形波,梯形波,梯形波,正弦波,梯形波
附件一（训练集）.xlsx|材料3|2839,3,梯形波,梯形波,梯形波,梯形波,正弦波,梯形波
附件一（训练集）.xlsx|材料3|284,3,正弦波,正弦波,正弦波,正弦波,正弦波,正弦波
附件一（训练集）.xlsx|材料3|2840,2,梯形波,梯形波,梯形波,梯形波,正弦波,梯形波
附件一（训练集）.xlsx|材料3|2841,2,梯形波,梯形波,梯形波,梯形波,三角波,梯形波
附件一（训练集）.xlsx|材料3|2842,2,梯形波,梯形波,梯形波,梯形波,三角波,梯形波
附件一（训练集）.xlsx|材料3|2843,3,梯形波,梯形波,梯形波,梯形波,梯形波,梯形波
附件一（训练集）.xlsx|材料3|2844,2,梯形波,梯形波,梯形波,梯形波,梯形波,梯形波
附件一（训练集）.xlsx|材料3|2845,1,梯形波,梯形波,梯形波,梯形波,梯形波,梯形波
附件一（训练集）.xlsx|材料3|2846,4,梯形波,梯形波,梯形波,梯形波,梯形波,梯形波
附件一（训练集）.xlsx|材料3|2847,3,梯形波,梯形波,梯形波,梯形波,正弦波,梯形波
附件一（训练集）.xlsx|材料3|2848,0,梯形波,梯形波,梯形波,梯形波,正弦波,梯形波
附件一（训练集）.xlsx|材料3|2849,4,梯形波,梯形波,梯形波,梯形波,三角波,梯形波
附件一（训练集）.xlsx|材料3|285,3,正弦波,正弦波,正弦波,正弦波,正弦波,正弦波
附件一（训练集）.xlsx|材料3|2850,0,梯形波,梯形波,梯形波,梯形波,三角波,梯形波
附件一（训练集）.xlsx|材料3|2851,4,梯形波,梯形波,梯形波,梯形波,三角波,梯形波
附件一（训练集）.xlsx|材料3|2852,0,梯形波,梯形波,梯形波,梯形波,三角波,梯形波
附件一（训练集）.xlsx|材料3|2853,3,梯形波,梯形波,梯形波,梯形波,三角波,梯形波
附件一（训练集）.xlsx|材料3|2854,2,梯形波,梯形波,梯形波,梯形波,三角波,梯形波
附件一（训练集）.xlsx|材料3|2855,3,梯形波,梯形波,梯形波,梯形波,梯形波,梯形波
附件一（训练集）.xlsx|材料3|2856,4,梯形波,梯形波,梯形波,梯形波,梯形波,梯形波
附件一（训练集）.xlsx|材料3|2857,4,梯形波,梯形波,梯形波,梯形波,梯形波,梯形波
附件一（训练集）.xlsx|材料3|2858,0,梯形波,梯形波,梯形波,梯形波,三角波,梯形波
附件一（训练集）.xlsx|材料3|2859,2,梯形波,梯形波,梯形波,梯形波,三角波,梯形波
附件一（训练集）.xlsx|材料3|286,2,正弦波,正弦波,正弦波,正弦波,梯形波,正弦波
附件一（训练集）.xlsx|材料3|2860,4,梯形波,梯形波,梯形波,梯形波,三角波,梯形波
附件一（训练集）.xlsx|材料3|2861,0,梯形波,梯形波,梯形波,梯形波,三角波,梯形波
附件一（训练集）.xlsx|材料3|2862,0,梯形波,梯形波,梯形波,梯形波,三角波,梯形波
附件一（训练集）.xlsx|材料3|2863,3,梯形波,梯形波,梯形波,梯形波,三角波,梯形波
附件一（训练集）.xlsx|材料3|2864,4,梯形波,梯形波,梯形波,梯形波,三角波,梯形波
附件一（训练集）.xlsx|材料3|2865,1,梯形波,梯形波,梯形波,梯形波,三角波,梯形波
附件一（训练集）.xlsx|材料3|2866,0,梯形波,梯形波,梯形波,梯形波,三角波,梯形波
附件一（训练集）.xlsx|材料3|2867,4,梯形波,梯形波,梯形波,梯形波,三角波,梯形波
附件一（训练集）.xlsx|材料3|2868,1,梯形波,梯形波,梯形波,梯形波,三角波,梯形波
附件一（训练集）.xlsx|材料3|2869,4,梯形波,梯形波,梯形波,梯形波,梯形波,梯形波
附件一（训练集）.xlsx|材料3|287,4,正弦波,正弦波,正弦波,正弦波,梯形波,正弦波
附件一（训练集）.xlsx|材料3|2870,2,梯形波,梯形波,梯形波,梯形波,三角波,梯形波
附件一（训练集）.xlsx|材料3|2871,1,梯形波,梯形波,梯形波,梯形波,三角波,梯形波
附件一（训练集）.xlsx|材料3|2872,0,梯形波,梯形波,梯形波,梯形波,三角波,梯形波
附件一（训练集）.xlsx|材料3|2873,0,梯形波,梯形波,梯形波,梯形波,三角波,梯形波
附件一（训练集）.xlsx|材料3|2874,1,梯形波,梯形波,梯形波,梯形波,三角波,梯形波
附件一（训练集）.xlsx|材料3|2875,3,梯形波,梯形波,梯形波,梯形波,三角波,梯形波
附件一（训练集）.xlsx|材料3|2876,1,梯形波,梯形波,梯形波,梯形波,三角波,梯形波
附件一（训练集）.xlsx|材料3|2877,1,梯形波,梯形波,梯形波,梯形波,三角波,梯形波
附件一（训练集）.xlsx|材料3|2878,3,梯形波,梯形波,梯形波,梯形波,三角波,梯形波
附件一（训练集）.xlsx|材料3|2879,1,梯形波,梯形波,梯形波,梯形波,三角波,梯形波
附件一（训练集）.xlsx|材料3|288,2,正弦波,正弦波,正弦波,正弦波,梯形波,正弦波
附件一（训练集）.xlsx|材料3|2880,1,梯形波,梯形波,梯形波,梯形波,三角波,梯形波
附件一（训练集）.xlsx|材料3|2881,3,梯形波,梯形波,梯形波,梯形波,三角波,梯形波
附件一（训练集）.xlsx|材料3|2882,3,梯形波,梯形波,梯形波,梯形波,三角波,梯形波
附件一（训练集）.xlsx|材料3|2883,3,梯形波,梯形波,梯形波,梯形波,三角波,梯形波
附件一（训练集）.xlsx|材料3|2884,3,梯形波,梯形波,梯形波,梯形波,三角波,梯形波
附件一（训练集）.xlsx|材料3|2885,3,梯形波,梯形波,梯形波,梯形波,三角波,梯形波
附件一（训练集）.xlsx|材料3|2886,1,梯形波,梯形波,梯形波,梯形波,三角波,梯形波
附件一（训练集）.xlsx|材料3|2887,0,梯形波,梯形波,梯形波,梯形波,三角波,梯形波
附件一（训练集）.xlsx|材料3|2888,1,梯形波,梯形波,梯形波,梯形波,三角波,梯形波
附件一（训练集）.xlsx|材料3|2889,1,梯形波,梯形波,梯形波,梯形波,三角波,梯形波
附件一（训练集）.xlsx|材料3|289,1,正弦波,正弦波,正弦波,正弦波,正弦波,正弦波
附件一（训练集）.xlsx|材料3|2890,1,梯形波,梯形波,梯形波,梯形波,正弦波,梯形波
附件一（训练集）.xlsx|材料3|2891,2,梯形波,梯形波,梯形波,梯形波,正弦波,梯形波
附件一（训练集）.xlsx|材料3|2892,4,梯形波,梯形波,梯形波,梯形波,梯形波,梯形波
附件一（训练集）.xlsx|材料3|2893,4,梯形波,梯形波,梯形波,梯形波,梯形波,梯形波
附件一（训练集）.xlsx|材料3|2894,4,梯形波,梯形波,梯形波,梯形波,梯形波,梯形波
附件一（训练集）.xlsx|材料3|2895,2,梯形波,梯形波,梯形波,梯形波,正弦波,梯形波
附件一（训练集）.xlsx|材料3|2896,2,梯形波,梯形波,梯形波,梯形波,梯形波,梯形波
附件一（训练集）.xlsx|材料3|2897,2,梯形波,梯形波,梯形波,梯形波,梯形波,梯形波
附件一（训练集）.xlsx|材料3|2898,2,梯形波,梯形波,梯形波,梯形波,梯形波,梯形波
附件一（训练集）.xlsx|材料3|2899,2,梯形波,梯形波,梯形波,梯形波,梯形波,梯形波
附件一（训练集）.xlsx|材料3|29,1,正弦波,正弦波,正弦波,正弦波,正弦波,正弦波
附件一（训练集）.xlsx|材料3|290,0,正弦波,正弦波,正弦波,正弦波,正弦波,正弦波
附件一（训练集）.xlsx|材料3|2900,4,三角波,三角波,三角波,三角波,梯形波,三角波
附件一（训练集）.xlsx|材料3|2901,4,三角波,三角波,三角波,三角波,梯形波,三角波
附件一（训练集）.xlsx|材料3|2902,3,三角波,三角波,三角波,三角波,梯形波,三角波
附件一（训练集）.xlsx|材料3|2903,3,三角波,三角波,三角波,三角波,三角波,三角波
附件一（训练集）.xlsx|材料3|2904,1,三角波,三角波,三角波,三角波,三角波,三角波
附件一（训练集）.xlsx|材料3|2905,2,三角波,三角波,三角波,三角波,三角波,三角波
附件一（训练集）.xlsx|材料3|2906,1,三角波,三角波,三角波,三角波,三角波,三角波
附件一（训练集）.xlsx|材料3|2907,1,三角波,三角波,三角波,三角波,三角波,三角波
附件一（训练集）.xlsx|材料3|2908,3,三角波,三角波,三角波,三角波,三角波,三角波
附件一（训练集）.xlsx|材料3|2909,1,三角波,三角波,三角波,三角波,三角波,三角波
附件一（训练集）.xlsx|材料3|291,2,正弦波,正弦波,正弦波,正弦波,梯形波,正弦波
附件一（训练集）.xlsx|材料3|2910,1,三角波,三角波,三角波,三角波,三角波,三角波
附件一（训练集）.xlsx|材料3|2911,2,三角波,三角波,三角波,三角波,三角波,三角波
附件一（训练集）.xlsx|材料3|2912,4,三角波,三角波,三角波,三角波,三角波,三角波
附件一（训练集）.xlsx|材料3|2913,3,三角波,三角波,三角波,三角波,三角波,三角波
附件一（训练集）.xlsx|材料3|2914,1,三角波,三角波,三角波,三角波,三角波,三角波
附件一（训练集）.xlsx|材料3|2915,4,三角波,三角波,三角波,三角波,三角波,三角波
附件一（训练集）.xlsx|材料3|2916,2,三角波,三角波,三角波,三角波,三角波,三角波
附件一（训练集）.xlsx|材料3|2917,4,三角波,三角波,三角波,三角波,三角波,三角波
附件一（训练集）.xlsx|材料3|2918,4,三角波,三角波,三角波,三角波,三角波,三角波
附件一（训练集）.xlsx|材料3|2919,0,三角波,三角波,三角波,三角波,三角波,三角波
附件一（训练集）.xlsx|材料3|292,2,正弦波,正弦波,正弦波,正弦波,梯形波,正弦波
附件一（训练集）.xlsx|材料3|2920,4,三角波,三角波,三角波,三角波,三角波,三角波
附件一（训练集）.xlsx|材料3|2921,4,三角波,三角波,三角波,三角波,三角波,三角波
附件一（训练集）.xlsx|材料3|2922,2,三角波,三角波,三角波,三角波,三角波,三角波
附件一（训练集）.xlsx|材料3|2923,2,梯形波,梯形波,梯形波,梯形波,正弦波,梯形波
附件一（训练集）.xlsx|材料3|2924,3,梯形波,梯形波,梯形波,梯形波,正弦波,梯形波
附件一（训练集）.xlsx|材料3|2925,3,梯形波,梯形波,梯形波,梯形波,正弦波,梯形波
附件一（训练集）.xlsx|材料3|2926,4,梯形波,梯形波,梯形波,梯形波,梯形波,梯形波
附件一（训练集）.xlsx|材料3|2927,2,梯形波,梯形波,梯形波,梯形波,梯形波,梯形波
附件一（训练集）.xlsx|材料3|2928,2,梯形波,梯形波,梯形波,梯形波,梯形波,梯形波
附件一（训练集）.xlsx|材料3|2929,2,梯形波,梯形波,梯形波,梯形波,梯形波,梯形波
附件一（训练集）.xlsx|材料3|293,4,正弦波,正弦波,正弦波,正弦波,梯形波,正弦波
附件一（训练集）.xlsx|材料3|2930,1,梯形波,梯形波,梯形波,梯形波,梯形波,梯形波
附件一（训练集）.xlsx|材料3|2931,2,梯形波,梯形波,梯形波,梯形波,梯形波,梯形波
附件一（训练集）.xlsx|材料3|2932,1,梯形波,梯形波,梯形波,梯形波,梯形波,梯形波
附件一（训练集）.xlsx|材料3|2933,1,梯形波,梯形波,梯形波,梯形波,正弦波,梯形波
附件一（训练集）.xlsx|材料3|2934,4,梯形波,梯形波,梯形波,梯形波,正弦波,梯形波
附件一（训练集）.xlsx|材料3|2935,1,梯形波,梯形波,梯形波,梯形波,正弦波,梯形波
附件一（训练集）.xlsx|材料3|2936,2,梯形波,梯形波,梯形波,梯形波,正弦波,梯形波
附件一（训练集）.xlsx|材料3|2937,2,梯形波,梯形波,梯形波,梯形波,梯形波,梯形波
附件一（训练集）.xlsx|材料3|2938,4,梯形波,梯形波,梯形波,梯形波,梯形波,梯形波
附件一（训练集）.xlsx|材料3|2939,4,梯形波,梯形波,梯形波,梯形波,梯形波,梯形波
附件一（训练集）.xlsx|材料3|294,4,正弦波,正弦波,正弦波,正弦波,梯形波,正弦波
附件一（训练集）.xlsx|材料3|2940,4,梯形波,梯形波,梯形波,梯形波,梯形波,梯形波
附件一（训练集）.xlsx|材料3|2941,2,梯形波,梯形波,梯形波,梯形波,梯形波,梯形波
附件一（训练集）.xlsx|材料3|2942,1,梯形波,梯形波,梯形波,梯形波,正弦波,梯形波
附件一（训练集）.xlsx|材料3|2943,1,梯形波,梯形波,梯形波,梯形波,正弦波,梯形波
附件一（训练集）.xlsx|材料3|2944,0,梯形波,梯形波,梯形波,梯形波,正弦波,梯形波
附件一（训练集）.xlsx|材料3|2945,0,梯形波,梯形波,梯形波,梯形波,梯形波,梯形波
附件一（训练集）.xlsx|材料3|2946,0,梯形波,梯形波,梯形波,梯形波,梯形波,梯形波
附件一（训练集）.xlsx|材料3|2947,0,梯形波,梯形波,梯形波,梯形波,梯形波,梯形波
附件一（训练集）.xlsx|材料3|2948,4,梯形波,梯形波,梯形波,梯形波,梯形波,梯形波
附件一（训练集）.xlsx|材料3|2949,1,梯形波,梯形波,梯形波,梯形波,梯形波,梯形波
附件一（训练集）.xlsx|材料3|295,2,正弦波,正弦波,正弦波,正弦波,梯形波,正弦波
附件一（训练集）.xlsx|材料3|2950,3,梯形波,梯形波,梯形波,梯形波,梯形波,梯形波
附件一（训练集）.xlsx|材料3|2951,1,梯形波,梯形波,梯形波,梯形波,梯形波,梯形波
附件一（训练集）.xlsx|材料3|2952,2,梯形波,梯形波,梯形波,梯形波,正弦波,梯形波
附件一（训练集）.xlsx|材料3|2953,2,梯形波,梯形波,梯形波,梯形波,正弦波,梯形波
附件一（训练集）.xlsx|材料3|2954,0,梯形波,梯形波,梯形波,梯形波,梯形波,梯形波
附件一（训练集）.xlsx|材料3|2955,0,梯形波,梯形波,梯形波,梯形波,梯形波,梯形波
附件一（训练集）.xlsx|材料3|2956,4,梯形波,梯形波,梯形波,梯形波,梯形波,梯形波
附件一（训练集）.xlsx|材料3|2957,4,梯形波,梯形波,梯形波,梯形波,梯形波,梯形波
附件一（训练集）.xlsx|材料3|2958,2,梯形波,梯形波,梯形波,梯形波,梯形波,梯形波
附件一（训练集）.xlsx|材料3|2959,2,梯形波,梯形波,梯形波,梯形波,梯形波,梯形波
附件一（训练集）.xlsx|材料3|296,3,正弦波,正弦波,正弦波,正弦波,正弦波,正弦波
附件一（训练集）.xlsx|材料3|2960,1,梯形波,梯形波,梯形波,梯形波,梯形波,梯形波
附件一（训练集）.xlsx|材料3|2961,1,梯形波,梯形波,梯形波,梯形波,正弦波,梯形波
附件一（训练集）.xlsx|材料3|2962,1,梯形波,梯形波,梯形波,梯形波,正弦波,梯形波
附件一（训练集）.xlsx|材料3|2963,4,梯形波,梯形波,梯形波,梯形波,正弦波,梯形波
附件一（训练集）.xlsx|材料3|2964,2,梯形波,梯形波,梯形波,梯形波,正弦波,梯形波
附件一（训练集）.xlsx|材料3|2965,3,梯形波,梯形波,梯形波,梯形波,梯形波,梯形波
附件一（训练集）.xlsx|材料3|2966,4,梯形波,梯形波,梯形波,梯形波,梯形波,梯形波
附件一（训练集）.xlsx|材料3|2967,4,梯形波,梯形波,梯形波,梯形波,梯形波,梯形波
附件一（训练集）.xlsx|材料3|2968,0,梯形波,梯形波,梯形波,梯形波,梯形波,梯形波
附件一（训练集）.xlsx|材料3|2969,3,梯形波,梯形波,梯形波,梯形波,梯形波,梯形波
附件一（训练集）.xlsx|材料3|297,1,正弦波,正弦波,正弦波,正弦波,正弦波,正弦波
附件一（训练集）.xlsx|材料3|2970,4,梯形波,梯形波,梯形波,梯形波,梯形波,梯形波
附件一（训练集）.xlsx|材料3|2971,1,梯形波,梯形波,梯形波,梯形波,梯形波,梯形波
附件一（训练集）.xlsx|材料3|2972,3,梯形波,梯形波,梯形波,梯形波,正弦波,梯形波
附件一（训练集）.xlsx|材料3|2973,4,梯形波,梯形波,梯形波,梯形波,正弦波,梯形波
附件一（训练集）.xlsx|材料3|2974,4,梯形波,梯形波,梯形波,梯形波,正弦波,梯形波
附件一（训练集）.xlsx|材料3|2975,2,梯形波,梯形波,梯形波,梯形波,正弦波,梯形波
附件一（训练集）.xlsx|材料3|2976,2,梯形波,梯形波,梯形波,梯形波,三角波,梯形波
附件一（训练集）.xlsx|材料3|2977,2,梯形波,梯形波,梯形波,梯形波,三角波,梯形波
附件一（训练集）.xlsx|材料3|2978,2,梯形波,梯形波,梯形波,梯形波,梯形波,梯形波
附件一（训练集）.xlsx|材料3|2979,0,梯形波,梯形波,梯形波,梯形波,梯形波,梯形波
附件一（训练集）.xlsx|材料3|298,1,正弦波,正弦波,正弦波,正弦波,正弦波,正弦波
附件一（训练集）.xlsx|材料3|2980,0,梯形波,梯形波,梯形波,梯形波,梯形波,梯形波
附件一（训练集）.xlsx|材料3|2981,2,梯形波,梯形波,梯形波,梯形波,梯形波,梯形波
附件一（训练集）.xlsx|材料3|2982,2,梯形波,梯形波,梯形波,梯形波,梯形波,梯形波
附件一（训练集）.xlsx|材料3|2983,2,梯形波,梯形波,梯形波,梯形波,梯形波,梯形波
附件一（训练集）.xlsx|材料3|2984,3,梯形波,梯形波,梯形波,梯形波,正弦波,梯形波
附件一（训练集）.xlsx|材料3|2985,4,梯形波,梯形波,梯形波,梯形波,正弦波,梯形波
附件一（训练集）.xlsx|材料3|2986,2,梯形波,梯形波,梯形波,梯形波,正弦波,梯形波
附件一（训练集）.xlsx|材料3|2987,4,梯形波,梯形波,梯形波,梯形波,三角波,梯形波
附件一（训练集）.xlsx|材料3|2988,3,梯形波,梯形波,梯形波,梯形波,三角波,梯形波
附件一（训练集）.xlsx|材料3|2989,0,梯形波,梯形波,梯形波,梯形波,三角波,梯形波
附件一（训练集）.xlsx|材料3|299,3,正弦波,正弦波,正弦波,正弦波,梯形波,正弦波
附件一（训练集）.xlsx|材料3|2990,4,梯形波,梯形波,梯形波,梯形波,梯形波,梯形波
附件一（训练集）.xlsx|材料3|2991,4,梯形波,梯形波,梯形波,梯形波,梯形波,梯形波
附件一（训练集）.xlsx|材料3|2992,4,梯形波,梯形波,梯形波,梯形波,正弦波,梯形波
附件一（训练集）.xlsx|材料3|2993,4,梯形波,梯形波,梯形波,梯形波,三角波,梯形波
附件一（训练集）.xlsx|材料3|2994,3,梯形波,梯形波,梯形波,梯形波,三角波,梯形波
附件一（训练集）.xlsx|材料3|2995,0,梯形波,梯形波,梯形波,梯形波,三角波,梯形波
附件一（训练集）.xlsx|材料3|2996,0,梯形波,梯形波,梯形波,梯形波,三角波,梯形波
附件一（训练集）.xlsx|材料3|2997,4,梯形波,梯形波,梯形波,梯形波,三角波,梯形波
附件一（训练集）.xlsx|材料3|2998,4,梯形波,梯形波,梯形波,梯形波,三角波,梯形波
附件一（训练集）.xlsx|材料3|2999,2,梯形波,梯形波,梯形波,梯形波,三角波,梯形波
附件一（训练集）.xlsx|材料3|3,3,正弦波,正弦波,正弦波,正弦波,正弦波,正弦波
附件一（训练集）.xlsx|材料3|30,4,正弦波,正弦波,正弦波,正弦波,正弦波,正弦波
附件一（训练集）.xlsx|材料3|300,1,正弦波,正弦波,正弦波,正弦波,梯形波,正弦波
附件一（训练集）.xlsx|材料3|3000,1,梯形波,梯形波,梯形波,梯形波,三角波,梯形波
附件一（训练集）.xlsx|材料3|3001,0,梯形波,梯形波,梯形波,梯形波,三角波,梯形波
附件一（训练集）.xlsx|材料3|3002,1,梯形波,梯形波,梯形波,梯形波,三角波,梯形波
附件一（训练集）.xlsx|材料3|3003,4,梯形波,梯形波,梯形波,梯形波,三角波,梯形波
附件一（训练集）.xlsx|材料3|3004,0,梯形波,梯形波,梯形波,梯形波,三角波,梯形波
附件一（训练集）.xlsx|材料3|3005,0,梯形波,梯形波,梯形波,梯形波,三角波,梯形波
附件一（训练集）.xlsx|材料3|3006,1,梯形波,梯形波,梯形波,梯形波,三角波,梯形波
附件一（训练集）.xlsx|材料3|3007,1,梯形波,梯形波,梯形波,梯形波,三角波,梯形波
附件一（训练集）.xlsx|材料3|3008,1,梯形波,梯形波,梯形波,梯形波,三角波,梯形波
附件一（训练集）.xlsx|材料3|3009,3,梯形波,梯形波,梯形波,梯形波,三角波,梯形波
附件一（训练集）.xlsx|材料3|301,4,正弦波,正弦波,正弦波,正弦波,梯形波,正弦波
附件一（训练集）.xlsx|材料3|3010,1,梯形波,梯形波,梯形波,梯形波,三角波,梯形波
附件一（训练集）.xlsx|材料3|3011,3,梯形波,梯形波,梯形波,梯形波,正弦波,梯形波
附件一（训练集）.xlsx|材料3|3012,0,梯形波,梯形波,梯形波,梯形波,正弦波,梯形波
附件一（训练集）.xlsx|材料3|3013,2,梯形波,梯形波,梯形波,梯形波,梯形波,梯形波
附件一（训练集）.xlsx|材料3|3014,2,梯形波,梯形波,梯形波,梯形波,梯形波,梯形波
附件一（训练集）.xlsx|材料3|3015,1,梯形波,梯形波,梯形波,梯形波,梯形波,梯形波
附件一（训练集）.xlsx|材料3|3016,3,梯形波,梯形波,梯形波,梯形波,正弦波,梯形波
附件一（训练集）.xlsx|材料3|3017,2,梯形波,梯形波,梯形波,梯形波,正弦波,梯形波
附件一（训练集）.xlsx|材料3|3018,0,梯形波,梯形波,梯形波,梯形波,梯形波,梯形波
附件一（训练集）.xlsx|材料3|3019,3,梯形波,梯形波,梯形波,梯形波,梯形波,梯形波
附件一（训练集）.xlsx|材料3|302,1,正弦波,正弦波,正弦波,正弦波,梯形波,正弦波
附件一（训练集）.xlsx|材料3|3020,1,梯形波,梯形波,梯形波,梯形波,梯形波,梯形波
附件一（训练集）.xlsx|材料3|3021,0,梯形波,梯形波,梯形波,梯形波,梯形波,梯形波
附件一（训练集）.xlsx|材料3|3022,2,梯形波,梯形波,梯形波,梯形波,梯形波,梯形波
附件一（训练集）.xlsx|材料3|3023,4,梯形波,梯形波,梯形波,梯形波,梯形波,梯形波
附件一（训练集）.xlsx|材料3|3024,1,梯形波,梯形波,梯形波,梯形波,正弦波,梯形波
附件一（训练集）.xlsx|材料3|3025,1,梯形波,梯形波,梯形波,梯形波,正弦波,梯形波
附件一（训练集）.xlsx|材料3|3026,4,梯形波,梯形波,梯形波,梯形波,梯形波,梯形波
附件一（训练集）.xlsx|材料3|3027,1,梯形波,梯形波,梯形波,梯形波,梯形波,梯形波
附件一（训练集）.xlsx|材料3|3028,0,梯形波,梯形波,梯形波,梯形波,梯形波,梯形波
附件一（训练集）.xlsx|材料3|3029,0,梯形波,梯形波,梯形波,梯形波,梯形波,梯形波
附件一（训练集）.xlsx|材料3|303,4,正弦波,正弦波,正弦波,正弦波,梯形波,正弦波
附件一（训练集）.xlsx|材料3|3030,4,梯形波,梯形波,梯形波,梯形波,梯形波,梯形波
附件一（训练集）.xlsx|材料3|3031,1,梯形波,梯形波,梯形波,梯形波,梯形波,梯形波
附件一（训练集）.xlsx|材料3|3032,1,梯形波,梯形波,梯形波,梯形波,正弦波,梯形波
附件一（训练集）.xlsx|材料3|3033,2,梯形波,梯形波,梯形波,梯形波,正弦波,梯形波
附件一（训练集）.xlsx|材料3|3034,1,梯形波,梯形波,梯形波,梯形波,梯形波,梯形波
附件一（训练集）.xlsx|材料3|3035,1,梯形波,梯形波,梯形波,梯形波,梯形波,梯形波
附件一（训练集）.xlsx|材料3|3036,4,梯形波,梯形波,梯形波,梯形波,梯形波,梯形波
附件一（训练集）.xlsx|材料3|3037,4,梯形波,梯形波,梯形波,梯形波,梯形波,梯形波
附件一（训练集）.xlsx|材料3|3038,4,梯形波,梯形波,梯形波,梯形波,梯形波,梯形波
附件一（训练集）.xlsx|材料3|3039,0,梯形波,梯形波,梯形波,梯形波,梯形波,梯形波
附件一（训练集）.xlsx|材料3|304,0,正弦波,正弦波,正弦波,正弦波,正弦波,正弦波
附件一（训练集）.xlsx|材料3|3040,1,梯形波,梯形波,梯形波,梯形波,梯形波,梯形波
附件一（训练集）.xlsx|材料3|3041,3,梯形波,梯形波,梯形波,梯形波,正弦波,梯形波
附件一（训练集）.xlsx|材料3|3042,3,梯形波,梯形波,梯形波,梯形波,正弦波,梯形波
附件一（训练集）.xlsx|材料3|3043,0,梯形波,梯形波,梯形波,梯形波,梯形波,梯形波
附件一（训练集）.xlsx|材料3|3044,4,梯形波,梯形波,梯形波,梯形波,梯形波,梯形波
附件一（训练集）.xlsx|材料3|3045,0,梯形波,梯形波,梯形波,梯形波,梯形波,梯形波
附件一（训练集）.xlsx|材料3|3046,0,梯形波,梯形波,梯形波,梯形波,梯形波,梯形波
附件一（训练集）.xlsx|材料3|3047,2,梯形波,梯形波,梯形波,梯形波,梯形波,梯形波
附件一（训练集）.xlsx|材料3|3048,1,梯形波,梯形波,梯形波,梯形波,梯形波,梯形波
附件一（训练集）.xlsx|材料3|3049,1,梯形波,梯形波,梯形波,梯形波,梯形波,梯形波
附件一（训练集）.xlsx|材料3|305,3,正弦波,正弦波,正弦波,正弦波,正弦波,正弦波
附件一（训练集）.xlsx|材料3|3050,4,梯形波,梯形波,梯形波,梯形波,梯形波,梯形波
附件一（训练集）.xlsx|材料3|3051,2,梯形波,梯形波,梯形波,梯形波,正弦波,梯形波
附件一（训练集）.xlsx|材料3|3052,2,梯形波,梯形波,梯形波,梯形波,正弦波,梯形波
附件一（训练集）.xlsx|材料3|3053,0,梯形波,梯形波,梯形波,梯形波,正弦波,梯形波
附件一（训练集）.xlsx|材料3|3054,2,梯形波,梯形波,梯形波,梯形波,梯形波,梯形波
附件一（训练集）.xlsx|材料3|3055,2,梯形波,梯形波,梯形波,梯形波,梯形波,梯形波
附件一（训练集）.xlsx|材料3|3056,3,梯形波,梯形波,梯形波,梯形波,梯形波,梯形波
附件一（训练集）.xlsx|材料3|3057,0,梯形波,梯形波,梯形波,梯形波,梯形波,梯形波
附件一（训练集）.xlsx|材料3|3058,0,梯形波,梯形波,梯形波,梯形波,梯形波,梯形波
附件一（训练集）.xlsx|材料3|3059,2,梯形波,梯形波,梯形波,梯形波,正弦波,梯形波
附件一（训练集）.xlsx|材料3|306,4,正弦波,正弦波,正弦波,正弦波,三角波,正弦波
附件一（训练集）.xlsx|材料3|3060,1,梯形波,梯形波,梯形波,梯形波,正弦波,梯形波
附件一（训练集）.xlsx|材料3|3061,1,梯形波,梯形波,梯形波,梯形波,正弦波,梯形波
附件一（训练集）.xlsx|材料3|3062,0,梯形波,梯形波,梯形波,梯形波,三角波,梯形波
附件一（训练集）.xlsx|材料3|3063,4,梯形波,梯形波,梯形波,梯形波,梯形波,梯形波
附件一（训练集）.xlsx|材料3|3064,4,梯形波,梯形波,梯形波,梯形波,梯形波,梯形波
附件一（训练集）.xlsx|材料3|3065,1,梯形波,梯形波,梯形波,梯形波,梯形波,梯形波
附件一（训练集）.xlsx|材料3|3066,3,梯形波,梯形波,梯形波,梯形波,梯形波,梯形波
附件一（训练集）.xlsx|材料3|3067,0,梯形波,梯形波,梯形波,梯形波,梯形波,梯形波
附件一（训练集）.xlsx|材料3|3068,4,梯形波,梯形波,梯形波,梯形波,正弦波,梯形波
附件一（训练集）.xlsx|材料3|3069,2,梯形波,梯形波,梯形波,梯形波,正弦波,梯形波
附件一（训练集）.xlsx|材料3|307,1,正弦波,正弦波,正弦波,正弦波,三角波,正弦波
附件一（训练集）.xlsx|材料3|3070,1,梯形波,梯形波,梯形波,梯形波,三角波,梯形波
附件一（训练集）.xlsx|材料3|3071,2,梯形波,梯形波,梯形波,梯形波,三角波,梯形波
附件一（训练集）.xlsx|材料3|3072,3,梯形波,梯形波,梯形波,梯形波,三角波,梯形波
附件一（训练集）.xlsx|材料3|3073,3,梯形波,梯形波,梯形波,梯形波,三角波,梯形波
附件一（训练集）.xlsx|材料3|3074,0,梯形波,梯形波,梯形波,梯形波,三角波,梯形波
附件一（训练集）.xlsx|材料3|3075,0,梯形波,梯形波,梯形波,梯形波,三角波,梯形波
附件一（训练集）.xlsx|材料3|3076,0,梯形波,梯形波,梯形波,梯形波,三角波,梯形波
附件一（训练集）.xlsx|材料3|3077,2,梯形波,梯形波,梯形波,梯形波,三角波,梯形波
附件一（训练集）.xlsx|材料3|3078,4,梯形波,梯形波,梯形波,梯形波,梯形波,梯形波
附件一（训练集）.xlsx|材料3|3079,1,梯形波,梯形波,梯形波,梯形波,梯形波,梯形波
附件一（训练集）.xlsx|材料3|308,3,正弦波,正弦波,正弦波,正弦波,正弦波,正弦波
附件一（训练集）.xlsx|材料3|3080,3,梯形波,梯形波,梯形波,梯形波,正弦波,梯形波
附件一（训练集）.xlsx|材料3|3081,3,梯形波,梯形波,梯形波,梯形波,正弦波,梯形波
附件一（训练集）.xlsx|材料3|3082,3,梯形波,梯形波,梯形波,梯形波,三角波,梯形波
附件一（训练集）.xlsx|材料3|3083,0,梯形波,梯形波,梯形波,梯形波,三角波,梯形波
附件一（训练集）.xlsx|材料3|3084,0,梯形波,梯形波,梯形波,梯形波,三角波,梯形波
附件一（训练集）.xlsx|材料3|3085,2,梯形波,梯形波,梯形波,梯形波,三角波,梯形波
附件一（训练集）.xlsx|材料3|3086,1,梯形波,梯形波,梯形波,梯形波,三角波,梯形波
附件一（训练集）.xlsx|材料3|3087,0,梯形波,梯形波,梯形波,梯形波,三角波,梯形波
附件一（训练集）.xlsx|材料3|3088,2,梯形波,梯形波,梯形波,梯形波,三角波,梯形波
附件一（训练集）.xlsx|材料3|3089,2,梯形波,梯形波,梯形波,梯形波,三角波,梯形波
附件一（训练集）.xlsx|材料3|309,0,正弦波,正弦波,正弦波,正弦波,正弦波,正弦波
附件一（训练集）.xlsx|材料3|3090,2,梯形波,梯形波,梯形波,梯形波,三角波,梯形波
附件一（训练集）.xlsx|材料3|3091,2,梯形波,梯形波,梯形波,梯形波,三角波,梯形波
附件一（训练集）.xlsx|材料3|3092,2,梯形波,梯形波,梯形波,梯形波,三角波,梯形波
附件一（训练集）.xlsx|材料3|3093,2,梯形波,梯形波,梯形波,梯形波,三角波,梯形波
附件一（训练集）.xlsx|材料3|3094,3,梯形波,梯形波,梯形波,梯形波,三角波,梯形波
附件一（训练集）.xlsx|材料3|3095,0,梯形波,梯形波,梯形波,梯形波,三角波,梯形波
附件一（训练集）.xlsx|材料3|3096,0,梯形波,梯形波,梯形波,梯形波,三角波,梯形波
附件一（训练集）.xlsx|材料3|3097,3,梯形波,梯形波,梯形波,梯形波,三角波,梯形波
附件一（训练集）.xlsx|材料3|3098,0,梯形波,梯形波,梯形波,梯形波,三角波,梯形波
附件一（训练集）.xlsx|材料3|3099,2,梯形波,梯形波,梯形波,梯形波,三角波,梯形波
附件一（训练集）.xlsx|材料3|31,4,正弦波,正弦波,正弦波,正弦波,正弦波,正弦波
附件一（训练集）.xlsx|材料3|310,1,正弦波,正弦波,正弦波,正弦波,三角波,正弦波
附件一（训练集）.xlsx|材料3|3100,0,梯形波,梯形波,梯形波,梯形波,三角波,梯形波
附件一（训练集）.xlsx|材料3|3101,4,梯形波,梯形波,梯形波,梯形波,三角波,梯形波
附件一（训练集）.xlsx|材料3|3102,2,梯形波,梯形波,梯形波,梯形波,三角波,梯形波
附件一（训练集）.xlsx|材料3|3103,1,梯形波,梯形波,梯形波,梯形波,三角波,梯形波
附件一（训练集）.xlsx|材料3|3104,2,梯形波,梯形波,梯形波,梯形波,三角波,梯形波
附件一（训练集）.xlsx|材料3|3105,4,梯形波,梯形波,梯形波,梯形波,三角波,梯形波
附件一（训练集）.xlsx|材料3|3106,3,梯形波,梯形波,梯形波,梯形波,正弦波,梯形波
附件一（训练集）.xlsx|材料3|3107,3,梯形波,梯形波,梯形波,梯形波,正弦波,梯形波
附件一（训练集）.xlsx|材料3|3108,3,梯形波,梯形波,梯形波,梯形波,梯形波,梯形波
附件一（训练集）.xlsx|材料3|3109,2,梯形波,梯形波,梯形波,梯形波,梯形波,梯形波
附件一（训练集）.xlsx|材料3|311,1,正弦波,正弦波,正弦波,正弦波,三角波,正弦波
附件一（训练集）.xlsx|材料3|3110,3,梯形波,梯形波,梯形波,梯形波,梯形波,梯形波
附件一（训练集）.xlsx|材料3|3111,1,梯形波,梯形波,梯形波,梯形波,梯形波,梯形波
附件一（训练集）.xlsx|材料3|3112,0,梯形波,梯形波,梯形波,梯形波,正弦波,梯形波
附件一（训练集）.xlsx|材料3|3113,0,梯形波,梯形波,梯形波,梯形波,正弦波,梯形波
附件一（训练集）.xlsx|材料3|3114,0,梯形波,梯形波,梯形波,梯形波,梯形波,梯形波
附件一（训练集）.xlsx|材料3|3115,0,梯形波,梯形波,梯形波,梯形波,梯形波,梯形波
附件一（训练集）.xlsx|材料3|3116,0,梯形波,梯形波,梯形波,梯形波,梯形波,梯形波
附件一（训练集）.xlsx|材料3|3117,2,梯形波,梯形波,梯形波,梯形波,梯形波,梯形波
附件一（训练集）.xlsx|材料3|3118,3,梯形波,梯形波,梯形波,梯形波,梯形波,梯形波
附件一（训练集）.xlsx|材料3|3119,3,梯形波,梯形波,梯形波,梯形波,正弦波,梯形波
附件一（训练集）.xlsx|材料3|312,3,正弦波,正弦波,正弦波,正弦波,三角波,正弦波
附件一（训练集）.xlsx|材料3|3120,3,梯形波,梯形波,梯形波,梯形波,正弦波,梯形波
附件一（训练集）.xlsx|材料3|3121,3,梯形波,梯形波,梯形波,梯形波,梯形波,梯形波
附件一（训练集）.xlsx|材料3|3122,3,梯形波,梯形波,梯形波,梯形波,梯形波,梯形波
附件一（训练集）.xlsx|材料3|3123,3,梯形波,梯形波,梯形波,梯形波,梯形波,梯形波
附件一（训练集）.xlsx|材料3|3124,2,梯形波,梯形波,梯形波,梯形波,梯形波,梯形波
附件一（训练集）.xlsx|材料3|3125,0,梯形波,梯形波,梯形波,梯形波,正弦波,梯形波
附件一（训练集）.xlsx|材料3|3126,3,梯形波,梯形波,梯形波,梯形波,正弦波,梯形波
附件一（训练集）.xlsx|材料3|3127,0,梯形波,梯形波,梯形波,梯形波,梯形波,梯形波
附件一（训练集）.xlsx|材料3|3128,0,梯形波,梯形波,梯形波,梯形波,梯形波,梯形波
附件一（训练集）.xlsx|材料3|3129,2,梯形波,梯形波,梯形波,梯形波,梯形波,梯形波
附件一（训练集）.xlsx|材料3|313,1,正弦波,正弦波,正弦波,正弦波,三角波,正弦波
附件一（训练集）.xlsx|材料3|3130,2,梯形波,梯形波,梯形波,梯形波,梯形波,梯形波
附件一（训练集）.xlsx|材料3|3131,3,梯形波,梯形波,梯形波,梯形波,梯形波,梯形波
附件一（训练集）.xlsx|材料3|3132,4,梯形波,梯形波,梯形波,梯形波,正弦波,梯形波
附件一（训练集）.xlsx|材料3|3133,3,梯形波,梯形波,梯形波,梯形波,梯形波,梯形波
附件一（训练集）.xlsx|材料3|3134,2,梯形波,梯形波,梯形波,梯形波,梯形波,梯形波
附件一（训练集）.xlsx|材料3|3135,2,梯形波,梯形波,梯形波,梯形波,梯形波,梯形波
附件一（训练集）.xlsx|材料3|3136,0,梯形波,梯形波,梯形波,梯形波,梯形波,梯形波
附件一（训练集）.xlsx|材料3|3137,4,梯形波,梯形波,梯形波,梯形波,梯形波,梯形波
附件一（训练集）.xlsx|材料3|3138,0,梯形波,梯形波,梯形波,梯形波,梯形波,梯形波
附件一（训练集）.xlsx|材料3|3139,1,梯形波,梯形波,梯形波,梯形波,正弦波,梯形波
附件一（训练集）.xlsx|材料3|314,1,正弦波,正弦波,正弦波,正弦波,三角波,正弦波
附件一（训练集）.xlsx|材料3|3140,2,梯形波,梯形波,梯形波,梯形波,正弦波,梯形波
附件一（训练集）.xlsx|材料3|3141,4,梯形波,梯形波,梯形波,梯形波,正弦波,梯形波
附件一（训练集）.xlsx|材料3|3142,4,梯形波,梯形波,梯形波,梯形波,梯形波,梯形波
附件一（训练集）.xlsx|材料3|3143,0,梯形波,梯形波,梯形波,梯形波,梯形波,梯形波
附件一（训练集）.xlsx|材料3|3144,3,梯形波,梯形波,梯形波,梯形波,梯形波,梯形波
附件一（训练集）.xlsx|材料3|3145,4,梯形波,梯形波,梯形波,梯形波,梯形波,梯形波
附件一（训练集）.xlsx|材料3|3146,1,梯形波,梯形波,梯形波,梯形波,梯形波,梯形波
附件一（训练集）.xlsx|材料3|3147,0,梯形波,梯形波,梯形波,梯形波,正弦波,梯形波
附件一（训练集）.xlsx|材料3|3148,3,梯形波,梯形波,梯形波,梯形波,正弦波,梯形波
附件一（训练集）.xlsx|材料3|3149,2,梯形波,梯形波,梯形波,梯形波,正弦波,梯形波
附件一（训练集）.xlsx|材料3|315,0,正弦波,正弦波,正弦波,正弦波,三角波,正弦波
附件一（训练集）.xlsx|材料3|3150,3,梯形波,梯形波,梯形波,梯形波,梯形波,梯形波
附件一（训练集）.xlsx|材料3|3151,0,梯形波,梯形波,梯形波,梯形波,三角波,梯形波
附件一（训练集）.xlsx|材料3|3152,2,梯形波,梯形波,梯形波,梯形波,梯形波,梯形波
附件一（训练集）.xlsx|材料3|3153,2,梯形波,梯形波,梯形波,梯形波,梯形波,梯形波
附件一（训练集）.xlsx|材料3|3154,3,梯形波,梯形波,梯形波,梯形波,梯形波,梯形波
附件一（训练集）.xlsx|材料3|3155,3,梯形波,梯形波,梯形波,梯形波,梯形波,梯形波
附件一（训练集）.xlsx|材料3|3156,3,梯形波,梯形波,梯形波,梯形波,正弦波,梯形波
附件一（训练集）.xlsx|材料3|3157,0,梯形波,梯形波,梯形波,梯形波,正弦波,梯形波
附件一（训练集）.xlsx|材料3|3158,3,梯形波,梯形波,梯形波,梯形波,正弦波,梯形波
附件一（训练集）.xlsx|材料3|3159,0,梯形波,梯形波,梯形波,梯形波,三角波,梯形波
附件一（训练集）.xlsx|材料3|316,4,正弦波,正弦波,正弦波,正弦波,三角波,正弦波
附件一（训练集）.xlsx|材料3|3160,2,梯形波,梯形波,梯形波,梯形波,三角波,梯形波
附件一（训练集）.xlsx|材料3|3161,3,梯形波,梯形波,梯形波,梯形波,梯形波,梯形波
附件一（训练集）.xlsx|材料3|3162,0,梯形波,梯形波,梯形波,梯形波,三角波,梯形波
附件一（训练集）.xlsx|材料3|3163,3,梯形波,梯形波,梯形波,梯形波,梯形波,梯形波
附件一（训练集）.xlsx|材料3|3164,4,梯形波,梯形波,梯形波,梯形波,梯形波,梯形波
附件一（训练集）.xlsx|材料3|3165,0,梯形波,梯形波,梯形波,梯形波,三角波,梯形波
附件一（训练集）.xlsx|材料3|3166,2,梯形波,梯形波,梯形波,梯形波,三角波,梯形波
附件一（训练集）.xlsx|材料3|3167,2,梯形波,梯形波,梯形波,梯形波,三角波,梯形波
附件一（训练集）.xlsx|材料3|3168,0,梯形波,梯形波,梯形波,梯形波,三角波,梯形波
附件一（训练集）.xlsx|材料3|3169,3,梯形波,梯形波,梯形波,梯形波,三角波,梯形波
附件一（训练集）.xlsx|材料3|317,1,正弦波,正弦波,正弦波,正弦波,三角波,正弦波
附件一（训练集）.xlsx|材料3|3170,3,梯形波,梯形波,梯形波,梯形波,三角波,梯形波
附件一（训练集）.xlsx|材料3|3171,2,梯形波,梯形波,梯形波,梯形波,三角波,梯形波
附件一（训练集）.xlsx|材料3|3172,4,梯形波,梯形波,梯形波,梯形波,三角波,梯形波
附件一（训练集）.xlsx|材料3|3173,1,梯形波,梯形波,梯形波,梯形波,三角波,梯形波
附件一（训练集）.xlsx|材料3|3174,4,梯形波,梯形波,梯形波,梯形波,梯形波,梯形波
附件一（训练集）.xlsx|材料3|3175,0,梯形波,梯形波,梯形波,梯形波,三角波,梯形波
附件一（训练集）.xlsx|材料3|3176,0,梯形波,梯形波,梯形波,梯形波,三角波,梯形波
附件一（训练集）.xlsx|材料3|3177,0,梯形波,梯形波,梯形波,梯形波,三角波,梯形波
附件一（训练集）.xlsx|材料3|3178,0,梯形波,梯形波,梯形波,梯形波,三角波,梯形波
附件一（训练集）.xlsx|材料3|3179,1,梯形波,梯形波,梯形波,梯形波,三角波,梯形波
附件一（训练集）.xlsx|材料3|318,2,正弦波,正弦波,正弦波,正弦波,三角波,正弦波
附件一（训练集）.xlsx|材料3|3180,1,梯形波,梯形波,梯形波,梯形波,三角波,梯形波
附件一（训练集）.xlsx|材料3|3181,1,梯形波,梯形波,梯形波,梯形波,三角波,梯形波
附件一（训练集）.xlsx|材料3|3182,0,梯形波,梯形波,梯形波,梯形波,三角波,梯形波
附件一（训练集）.xlsx|材料3|3183,0,梯形波,梯形波,梯形波,梯形波,三角波,梯形波
附件一（训练集）.xlsx|材料3|3184,1,梯形波,梯形波,梯形波,梯形波,三角波,梯形波
附件一（训练集）.xlsx|材料3|3185,3,梯形波,梯形波,梯形波,梯形波,三角波,梯形波
附件一（训练集）.xlsx|材料3|3186,1,梯形波,梯形波,梯形波,梯形波,三角波,梯形波
附件一（训练集）.xlsx|材料3|3187,0,梯形波,梯形波,梯形波,梯形波,三角波,梯形波
附件一（训练集）.xlsx|材料3|3188,0,梯形波,梯形波,梯形波,梯形波,三角波,梯形波
附件一（训练集）.xlsx|材料3|3189,3,梯形波,梯形波,梯形波,梯形波,三角波,梯形波
附件一（训练集）.xlsx|材料3|319,0,正弦波,正弦波,正弦波,正弦波,三角波,正弦波
附件一（训练集）.xlsx|材料3|3190,3,梯形波,梯形波,梯形波,梯形波,三角波,梯形波
附件一（训练集）.xlsx|材料3|3191,1,梯形波,梯形波,梯形波,梯形波,三角波,梯形波
附件一（训练集）.xlsx|材料3|3192,0,梯形波,梯形波,梯形波,梯形波,三角波,梯形波
附件一（训练集）.xlsx|材料3|3193,0,梯形波,梯形波,梯形波,梯形波,三角波,梯形波
附件一（训练集）.xlsx|材料3|3194,2,梯形波,梯形波,梯形波,梯形波,三角波,梯形波
附件一（训练集）.xlsx|材料3|3195,1,梯形波,梯形波,梯形波,梯形波,正弦波,梯形波
附件一（训练集）.xlsx|材料3|3196,4,梯形波,梯形波,梯形波,梯形波,梯形波,梯形波
附件一（训练集）.xlsx|材料3|3197,4,梯形波,梯形波,梯形波,梯形波,梯形波,梯形波
附件一（训练集）.xlsx|材料3|3198,4,梯形波,梯形波,梯形波,梯形波,梯形波,梯形波
附件一（训练集）.xlsx|材料3|3199,4,梯形波,梯形波,梯形波,梯形波,梯形波,梯形波
附件一（训练集）.xlsx|材料3|32,4,正弦波,正弦波,正弦波,正弦波,梯形波,正弦波
附件一（训练集）.xlsx|材料3|320,0,正弦波,正弦波,正弦波,正弦波,三角波,正弦波
附件一（训练集）.xlsx|材料3|3200,2,梯形波,梯形波,梯形波,梯形波,正弦波,梯形波
附件一（训练集）.xlsx|材料3|3201,2,梯形波,梯形波,梯形波,梯形波,正弦波,梯形波
附件一（训练集）.xlsx|材料3|321,2,正弦波,正弦波,正弦波,正弦波,三角波,正弦波
附件一（训练集）.xlsx|材料3|322,2,正弦波,正弦波,正弦波,正弦波,三角波,正弦波
附件一（训练集）.xlsx|材料3|323,2,正弦波,正弦波,正弦波,正弦波,三角波,正弦波
附件一（训练集）.xlsx|材料3|324,0,正弦波,正弦波,正弦波,正弦波,三角波,正弦波
附件一（训练集）.xlsx|材料3|325,4,正弦波,正弦波,正弦波,正弦波,三角波,正弦波
附件一（训练集）.xlsx|材料3|326,2,正弦波,正弦波,正弦波,正弦波,梯形波,正弦波
附件一（训练集）.xlsx|材料3|327,3,正弦波,正弦波,正弦波,正弦波,梯形波,正弦波
附件一（训练集）.xlsx|材料3|328,3,正弦波,正弦波,正弦波,正弦波,正弦波,正弦波
附件一（训练集）.xlsx|材料3|329,3,正弦波,正弦波,正弦波,正弦波,正弦波,正弦波
附件一（训练集）.xlsx|材料3|33,3,正弦波,正弦波,正弦波,正弦波,梯形波,正弦波
附件一（训练集）.xlsx|材料3|330,3,正弦波,正弦波,正弦波,正弦波,正弦波,正弦波
附件一（训练集）.xlsx|材料3|331,1,正弦波,正弦波,正弦波,正弦波,正弦波,正弦波
附件一（训练集）.xlsx|材料3|332,1,正弦波,正弦波,正弦波,正弦波,正弦波,正弦波
附件一（训练集）.xlsx|材料3|333,0,正弦波,正弦波,正弦波,正弦波,正弦波,正弦波
附件一（训练集）.xlsx|材料3|334,1,正弦波,正弦波,正弦波,正弦波,正弦波,正弦波
附件一（训练集）.xlsx|材料3|335,4,正弦波,正弦波,正弦波,正弦波,正弦波,正弦波
附件一（训练集）.xlsx|材料3|336,3,正弦波,正弦波,正弦波,正弦波,梯形波,正弦波
附件一（训练集）.xlsx|材料3|337,2,正弦波,正弦波,正弦波,正弦波,三角波,正弦波
附件一（训练集）.xlsx|材料3|338,2,正弦波,正弦波,正弦波,正弦波,三角波,正弦波
附件一（训练集）.xlsx|材料3|339,0,正弦波,正弦波,正弦波,正弦波,三角波,正弦波
附件一（训练集）.xlsx|材料3|34,1,正弦波,正弦波,正弦波,正弦波,正弦波,正弦波
附件一（训练集）.xlsx|材料3|340,0,正弦波,正弦波,正弦波,正弦波,正弦波,正弦波
附件一（训练集）.xlsx|材料3|341,4,正弦波,正弦波,正弦波,正弦波,梯形波,正弦波
附件一（训练集）.xlsx|材料3|342,0,正弦波,正弦波,正弦波,正弦波,正弦波,正弦波
附件一（训练集）.xlsx|材料3|343,2,正弦波,正弦波,正弦波,正弦波,三角波,正弦波
附件一（训练集）.xlsx|材料3|344,2,正弦波,正弦波,正弦波,正弦波,正弦波,正弦波
附件一（训练集）.xlsx|材料3|345,4,正弦波,正弦波,正弦波,正弦波,梯形波,正弦波
附件一（训练集）.xlsx|材料3|346,1,正弦波,正弦波,正弦波,正弦波,正弦波,正弦波
附件一（训练集）.xlsx|材料3|347,2,正弦波,正弦波,正弦波,正弦波,梯形波,正弦波
附件一（训练集）.xlsx|材料3|348,4,正弦波,正弦波,正弦波,正弦波,三角波,正弦波
附件一（训练集）.xlsx|材料3|349,0,正弦波,正弦波,正弦波,正弦波,三角波,正弦波
附件一（训练集）.xlsx|材料3|35,1,正弦波,正弦波,正弦波,正弦波,正弦波,正弦波
附件一（训练集）.xlsx|材料3|350,2,正弦波,正弦波,正弦波,正弦波,梯形波,正弦波
附件一（训练集）.xlsx|材料3|351,0,正弦波,正弦波,正弦波,正弦波,三角波,正弦波
附件一（训练集）.xlsx|材料3|352,0,正弦波,正弦波,正弦波,正弦波,正弦波,正弦波
附件一（训练集）.xlsx|材料3|353,4,正弦波,正弦波,正弦波,正弦波,正弦波,正弦波
附件一（训练集）.xlsx|材料3|354,4,正弦波,正弦波,正弦波,正弦波,三角波,正弦波
附件一（训练集）.xlsx|材料3|355,2,正弦波,正弦波,正弦波,正弦波,梯形波,正弦波
附件一（训练集）.xlsx|材料3|356,4,正弦波,正弦波,正弦波,正弦波,正弦波,正弦波
附件一（训练集）.xlsx|材料3|357,4,正弦波,正弦波,正弦波,正弦波,三角波,正弦波
附件一（训练集）.xlsx|材料3|358,0,正弦波,正弦波,正弦波,正弦波,正弦波,正弦波
附件一（训练集）.xlsx|材料3|359,3,正弦波,正弦波,正弦波,正弦波,三角波,正弦波
附件一（训练集）.xlsx|材料3|36,0,正弦波,正弦波,正弦波,正弦波,正弦波,正弦波
附件一（训练集）.xlsx|材料3|360,2,正弦波,正弦波,正弦波,正弦波,正弦波,正弦波
附件一（训练集）.xlsx|材料3|361,2,正弦波,正弦波,正弦波,正弦波,正弦波,正弦波
附件一（训练集）.xlsx|材料3|362,3,正弦波,正弦波,正弦波,正弦波,正弦波,正弦波
附件一（训练集）.xlsx|材料3|363,0,正弦波,正弦波,正弦波,正弦波,三角波,正弦波
附件一（训练集）.xlsx|材料3|364,3,正弦波,正弦波,正弦波,正弦波,正弦波,正弦波
附件一（训练集）.xlsx|材料3|365,2,正弦波,正弦波,正弦波,正弦波,三角波,正弦波
附件一（训练集）.xlsx|材料3|366,0,正弦波,正弦波,正弦波,正弦波,梯形波,正弦波
附件一（训练集）.xlsx|材料3|367,4,正弦波,正弦波,正弦波,正弦波,梯形波,正弦波
附件一（训练集）.xlsx|材料3|368,4,正弦波,正弦波,正弦波,正弦波,梯形波,正弦波
附件一（训练集）.xlsx|材料3|369,3,正弦波,正弦波,正弦波,正弦波,正弦波,正弦波
附件一（训练集）.xlsx|材料3|37,0,正弦波,正弦波,正弦波,正弦波,正弦波,正弦波
附件一（训练集）.xlsx|材料3|370,2,正弦波,正弦波,正弦波,正弦波,三角波,正弦波
附件一（训练集）.xlsx|材料3|371,2,正弦波,正弦波,正弦波,正弦波,梯形波,正弦波
附件一（训练集）.xlsx|材料3|372,2,正弦波,正弦波,正弦波,正弦波,三角波,正弦波
附件一（训练集）.xlsx|材料3|373,1,正弦波,正弦波,正弦波,正弦波,梯形波,正弦波
附件一（训练集）.xlsx|材料3|374,1,正弦波,正弦波,正弦波,正弦波,三角波,正弦波
附件一（训练集）.xlsx|材料3|375,1,正弦波,正弦波,正弦波,正弦波,正弦波,正弦波
附件一（训练集）.xlsx|材料3|376,0,正弦波,正弦波,正弦波,正弦波,梯形波,正弦波
附件一（训练集）.xlsx|材料3|377,4,正弦波,正弦波,正弦波,正弦波,正弦波,正弦波
附件一（训练集）.xlsx|材料3|378,4,正弦波,正弦波,正弦波,正弦波,三角波,正弦波
附件一（训练集）.xlsx|材料3|379,4,正弦波,正弦波,正弦波,正弦波,正弦波,正弦波
附件一（训练集）.xlsx|材料3|38,3,正弦波,正弦波,正弦波,正弦波,正弦波,正弦波
附件一（训练集）.xlsx|材料3|380,1,正弦波,正弦波,正弦波,正弦波,正弦波,正弦波
附件一（训练集）.xlsx|材料3|381,1,正弦波,正弦波,正弦波,正弦波,三角波,正弦波
附件一（训练集）.xlsx|材料3|382,2,正弦波,正弦波,正弦波,正弦波,三角波,正弦波
附件一（训练集）.xlsx|材料3|383,1,正弦波,正弦波,正弦波,正弦波,正弦波,正弦波
附件一（训练集）.xlsx|材料3|384,2,正弦波,正弦波,正弦波,正弦波,梯形波,正弦波
附件一（训练集）.xlsx|材料3|385,2,正弦波,正弦波,正弦波,正弦波,正弦波,正弦波
附件一（训练集）.xlsx|材料3|386,1,正弦波,正弦波,正弦波,正弦波,三角波,正弦波
附件一（训练集）.xlsx|材料3|387,1,正弦波,正弦波,正弦波,正弦波,正弦波,正弦波
附件一（训练集）.xlsx|材料3|388,3,正弦波,正弦波,正弦波,正弦波,正弦波,正弦波
附件一（训练集）.xlsx|材料3|389,0,正弦波,正弦波,正弦波,正弦波,三角波,正弦波
附件一（训练集）.xlsx|材料3|39,4,正弦波,正弦波,正弦波,正弦波,正弦波,正弦波
附件一（训练集）.xlsx|材料3|390,0,正弦波,正弦波,正弦波,正弦波,梯形波,正弦波
附件一（训练集）.xlsx|材料3|391,4,正弦波,正弦波,正弦波,正弦波,正弦波,正弦波
附件一（训练集）.xlsx|材料3|392,0,正弦波,正弦波,正弦波,正弦波,梯形波,正弦波
附件一（训练集）.xlsx|材料3|393,3,正弦波,正弦波,正弦波,正弦波,正弦波,正弦波
附件一（训练集）.xlsx|材料3|394,4,正弦波,正弦波,正弦波,正弦波,梯形波,正弦波
附件一（训练集）.xlsx|材料3|395,4,正弦波,正弦波,正弦波,正弦波,梯形波,正弦波
附件一（训练集）.xlsx|材料3|396,0,正弦波,正弦波,正弦波,正弦波,正弦波,正弦波
附件一（训练集）.xlsx|材料3|397,4,正弦波,正弦波,正弦波,正弦波,正弦波,正弦波
附件一（训练集）.xlsx|材料3|398,0,正弦波,正弦波,正弦波,正弦波,三角波,正弦波
附件一（训练集）.xlsx|材料3|399,4,正弦波,正弦波,正弦波,正弦波,三角波,正弦波
附件一（训练集）.xlsx|材料3|4,0,正弦波,正弦波,正弦波,正弦波,正弦波,正弦波
附件一（训练集）.xlsx|材料3|40,4,正弦波,正弦波,正弦波,正弦波,正弦波,正弦波
附件一（训练集）.xlsx|材料3|400,2,正弦波,正弦波,正弦波,正弦波,三角波,正弦波
附件一（训练集）.xlsx|材料3|401,1,正弦波,正弦波,正弦波,正弦波,梯形波,正弦波
附件一（训练集）.xlsx|材料3|402,3,正弦波,正弦波,正弦波,正弦波,正弦波,正弦波
附件一（训练集）.xlsx|材料3|403,2,正弦波,正弦波,正弦波,正弦波,梯形波,正弦波
附件一（训练集）.xlsx|材料3|404,1,正弦波,正弦波,正弦波,正弦波,梯形波,正弦波
附件一（训练集）.xlsx|材料3|405,3,正弦波,正弦波,正弦波,正弦波,正弦波,正弦波
附件一（训练集）.xlsx|材料3|406,2,正弦波,正弦波,正弦波,正弦波,正弦波,正弦波
附件一（训练集）.xlsx|材料3|407,4,正弦波,正弦波,正弦波,正弦波,梯形波,正弦波
附件一（训练集）.xlsx|材料3|408,4,正弦波,正弦波,正弦波,正弦波,三角波,正弦波
附件一（训练集）.xlsx|材料3|409,0,正弦波,正弦波,正弦波,正弦波,正弦波,正弦波
附件一（训练集）.xlsx|材料3|41,2,正弦波,正弦波,正弦波,正弦波,正弦波,正弦波
附件一（训练集）.xlsx|材料3|410,1,正弦波,正弦波,正弦波,正弦波,三角波,正弦波
附件一（训练集）.xlsx|材料3|411,4,正弦波,正弦波,正弦波,正弦波,正弦波,正弦波
附件一（训练集）.xlsx|材料3|412,1,正弦波,正弦波,正弦波,正弦波,正弦波,正弦波
附件一（训练集）.xlsx|材料3|413,4,正弦波,正弦波,正弦波,正弦波,梯形波,正弦波
附件一（训练集）.xlsx|材料3|414,0,正弦波,正弦波,正弦波,正弦波,三角波,正弦波
附件一（训练集）.xlsx|材料3|415,2,正弦波,正弦波,正弦波,正弦波,梯形波,正弦波
附件一（训练集）.xlsx|材料3|416,0,正弦波,正弦波,正弦波,正弦波,梯形波,正弦波
附件一（训练集）.xlsx|材料3|417,2,正弦波,正弦波,正弦波,正弦波,三角波,正弦波
附件一（训练集）.xlsx|材料3|418,4,正弦波,正弦波,正弦波,正弦波,梯形波,正弦波
附件一（训练集）.xlsx|材料3|419,4,正弦波,正弦波,正弦波,正弦波,正弦波,正弦波
附件一（训练集）.xlsx|材料3|42,0,正弦波,正弦波,正弦波,正弦波,梯形波,正弦波
附件一（训练集）.xlsx|材料3|420,0,正弦波,正弦波,正弦波,正弦波,正弦波,正弦波
附件一（训练集）.xlsx|材料3|421,4,正弦波,正弦波,正弦波,正弦波,三角波,正弦波
附件一（训练集）.xlsx|材料3|422,1,正弦波,正弦波,正弦波,正弦波,梯形波,正弦波
附件一（训练集）.xlsx|材料3|423,0,正弦波,正弦波,正弦波,正弦波,正弦波,正弦波
附件一（训练集）.xlsx|材料3|424,0,正弦波,正弦波,正弦波,正弦波,三角波,正弦波
附件一（训练集）.xlsx|材料3|425,3,正弦波,正弦波,正弦波,正弦波,三角波,正弦波
附件一（训练集）.xlsx|材料3|426,3,正弦波,正弦波,正弦波,正弦波,正弦波,正弦波
附件一（训练集）.xlsx|材料3|427,2,正弦波,正弦波,正弦波,正弦波,正弦波,正弦波
附件一（训练集）.xlsx|材料3|428,1,正弦波,正弦波,正弦波,正弦波,三角波,正弦波
附件一（训练集）.xlsx|材料3|429,2,正弦波,正弦波,正弦波,正弦波,正弦波,正弦波
附件一（训练集）.xlsx|材料3|43,0,正弦波,正弦波,正弦波,正弦波,梯形波,正弦波
附件一（训练集）.xlsx|材料3|430,4,正弦波,正弦波,正弦波,正弦波,梯形波,正弦波
附件一（训练集）.xlsx|材料3|431,1,正弦波,正弦波,正弦波,正弦波,梯形波,正弦波
附件一（训练集）.xlsx|材料3|432,1,正弦波,正弦波,正弦波,正弦波,正弦波,正弦波
附件一（训练集）.xlsx|材料3|433,3,正弦波,正弦波,正弦波,正弦波,三角波,正弦波
附件一（训练集）.xlsx|材料3|434,4,正弦波,正弦波,正弦波,正弦波,正弦波,正弦波
附件一（训练集）.xlsx|材料3|435,1,正弦波,正弦波,正弦波,正弦波,梯形波,正弦波
附件一（训练集）.xlsx|材料3|436,3,正弦波,正弦波,正弦波,正弦波,梯形波,正弦波
附件一（训练集）.xlsx|材料3|437,1,正弦波,正弦波,正弦波,正弦波,正弦波,正弦波
附件一（训练集）.xlsx|材料3|438,0,正弦波,正弦波,正弦波,正弦波,三角波,正弦波
附件一（训练集）.xlsx|材料3|439,4,正弦波,正弦波,正弦波,正弦波,正弦波,正弦波
附件一（训练集）.xlsx|材料3|44,3,正弦波,正弦波,正弦波,正弦波,正弦波,正弦波
附件一（训练集）.xlsx|材料3|440,1,正弦波,正弦波,正弦波,正弦波,三角波,正弦波
附件一（训练集）.xlsx|材料3|441,0,正弦波,正弦波,正弦波,正弦波,三角波,正弦波
附件一（训练集）.xlsx|材料3|442,2,正弦波,正弦波,正弦波,正弦波,三角波,正弦波
附件一（训练集）.xlsx|材料3|443,1,正弦波,正弦波,正弦波,正弦波,三角波,正弦波
附件一（训练集）.xlsx|材料3|444,4,正弦波,正弦波,正弦波,正弦波,正弦波,正弦波
附件一（训练集）.xlsx|材料3|445,2,正弦波,正弦波,正弦波,正弦波,梯形波,正弦波
附件一（训练集）.xlsx|材料3|446,4,正弦波,正弦波,正弦波,正弦波,梯形波,正弦波
附件一（训练集）.xlsx|材料3|447,3,正弦波,正弦波,正弦波,正弦波,正弦波,正弦波
附件一（训练集）.xlsx|材料3|448,2,正弦波,正弦波,正弦波,正弦波,正弦波,正弦波
附件一（训练集）.xlsx|材料3|449,3,正弦波,正弦波,正弦波,正弦波,梯形波,正弦波
附件一（训练集）.xlsx|材料3|45,2,正弦波,正弦波,正弦波,正弦波,正弦波,正弦波
附件一（训练集）.xlsx|材料3|450,4,正弦波,正弦波,正弦波,正弦波,正弦波,正弦波
附件一（训练集）.xlsx|材料3|451,0,正弦波,正弦波,正弦波,正弦波,梯形波,正弦波
附件一（训练集）.xlsx|材料3|452,1,正弦波,正弦波,正弦波,正弦波,正弦波,正弦波
附件一（训练集）.xlsx|材料3|453,4,正弦波,正弦波,正弦波,正弦波,正弦波,正弦波
附件一（训练集）.xlsx|材料3|454,3,正弦波,正弦波,正弦波,正弦波,梯形波,正弦波
附件一（训练集）.xlsx|材料3|455,2,正弦波,正弦波,正弦波,正弦波,正弦波,正弦波
附件一（训练集）.xlsx|材料3|456,2,正弦波,正弦波,正弦波,正弦波,三角波,正弦波
附件一（训练集）.xlsx|材料3|457,1,正弦波,正弦波,正弦波,正弦波,三角波,正弦波
附件一（训练集）.xlsx|材料3|458,4,正弦波,正弦波,正弦波,正弦波,正弦波,正弦波
附件一（训练集）.xlsx|材料3|459,2,正弦波,正弦波,正弦波,正弦波,梯形波,正弦波
附件一（训练集）.xlsx|材料3|46,2,正弦波,正弦波,正弦波,正弦波,正弦波,正弦波
附件一（训练集）.xlsx|材料3|460,2,正弦波,正弦波,正弦波,正弦波,正弦波,正弦波
附件一（训练集）.xlsx|材料3|461,4,正弦波,正弦波,正弦波,正弦波,三角波,正弦波
附件一（训练集）.xlsx|材料3|462,0,正弦波,正弦波,正弦波,正弦波,三角波,正弦波
附件一（训练集）.xlsx|材料3|463,1,正弦波,正弦波,正弦波,正弦波,正弦波,正弦波
附件一（训练集）.xlsx|材料3|464,1,正弦波,正弦波,正弦波,正弦波,正弦波,正弦波
附件一（训练集）.xlsx|材料3|465,2,正弦波,正弦波,正弦波,正弦波,梯形波,正弦波
附件一（训练集）.xlsx|材料3|466,4,正弦波,正弦波,正弦波,正弦波,正弦波,正弦波
附件一（训练集）.xlsx|材料3|467,3,正弦波,正弦波,正弦波,正弦波,正弦波,正弦波
附件一（训练集）.xlsx|材料3|468,1,正弦波,正弦波,正弦波,正弦波,正弦波,正弦波
附件一（训练集）.xlsx|材料3|469,4,正弦波,正弦波,正弦波,正弦波,三角波,正弦波
附件一（训练集）.xlsx|材料3|47,2,正弦波,正弦波,正弦波,正弦波,正弦波,正弦波
附件一（训练集）.xlsx|材料3|470,1,正弦波,正弦波,正弦波,正弦波,正弦波,正弦波
附件一（训练集）.xlsx|材料3|471,4,正弦波,正弦波,正弦波,正弦波,正弦波,正弦波
附件一（训练集）.xlsx|材料3|472,0,正弦波,正弦波,正弦波,正弦波,正弦波,正弦波
附件一（训练集）.xlsx|材料3|473,1,正弦波,正弦波,正弦波,正弦波,三角波,正弦波
附件一（训练集）.xlsx|材料3|474,0,正弦波,正弦波,正弦波,正弦波,三角波,正弦波
附件一（训练集）.xlsx|材料3|475,1,正弦波,正弦波,正弦波,正弦波,正弦波,正弦波
附件一（训练集）.xlsx|材料3|476,3,正弦波,正弦波,正弦波,正弦波,三角波,正弦波
附件一（训练集）.xlsx|材料3|477,0,正弦波,正弦波,正弦波,正弦波,正弦波,正弦波
附件一（训练集）.xlsx|材料3|478,4,正弦波,正弦波,正弦波,正弦波,正弦波,正弦波
附件一（训练集）.xlsx|材料3|479,0,正弦波,正弦波,正弦波,正弦波,梯形波,正弦波
附件一（训练集）.xlsx|材料3|48,3,正弦波,正弦波,正弦波,正弦波,三角波,正弦波
附件一（训练集）.xlsx|材料3|480,3,正弦波,正弦波,正弦波,正弦波,正弦波,正弦波
附件一（训练集）.xlsx|材料3|481,3,正弦波,正弦波,正弦波,正弦波,正弦波,正弦波
附件一（训练集）.xlsx|材料3|482,3,正弦波,正弦波,正弦波,正弦波,梯形波,正弦波
附件一（训练集）.xlsx|材料3|483,0,正弦波,正弦波,正弦波,正弦波,正弦波,正弦波
附件一（训练集）.xlsx|材料3|484,2,正弦波,正弦波,正弦波,正弦波,梯形波,正弦波
附件一（训练集）.xlsx|材料3|485,0,正弦波,正弦波,正弦波,正弦波,正弦波,正弦波
附件一（训练集）.xlsx|材料3|486,2,正弦波,正弦波,正弦波,正弦波,梯形波,正弦波
附件一（训练集）.xlsx|材料3|487,0,正弦波,正弦波,正弦波,正弦波,正弦波,正弦波
附件一（训练集）.xlsx|材料3|488,3,正弦波,正弦波,正弦波,正弦波,正弦波,正弦波
附件一（训练集）.xlsx|材料3|489,2,正弦波,正弦波,正弦波,正弦波,梯形波,正弦波
附件一（训练集）.xlsx|材料3|49,3,正弦波,正弦波,正弦波,正弦波,三角波,正弦波
附件一（训练集）.xlsx|材料3|490,3,正弦波,正弦波,正弦波,正弦波,梯形波,正弦波
附件一（训练集）.xlsx|材料3|491,4,正弦波,正弦波,正弦波,正弦波,梯形波,正弦波
附件一（训练集）.xlsx|材料3|492,1,正弦波,正弦波,正弦波,正弦波,正弦波,正弦波
附件一（训练集）.xlsx|材料3|493,2,正弦波,正弦波,正弦波,正弦波,正弦波,正弦波
附件一（训练集）.xlsx|材料3|494,0,正弦波,正弦波,正弦波,正弦波,正弦波,正弦波
附件一（训练集）.xlsx|材料3|495,2,正弦波,正弦波,正弦波,正弦波,正弦波,正弦波
附件一（训练集）.xlsx|材料3|496,3,正弦波,正弦波,正弦波,正弦波,梯形波,正弦波
附件一（训练集）.xlsx|材料3|497,3,正弦波,正弦波,正弦波,正弦波,正弦波,正弦波
附件一（训练集）.xlsx|材料3|498,4,正弦波,正弦波,正弦波,正弦波,正弦波,正弦波
附件一（训练集）.xlsx|材料3|499,0,正弦波,正弦波,正弦波,正弦波,正弦波,正弦波
附件一（训练集）.xlsx|材料3|5,3,正弦波,正弦波,正弦波,正弦波,正弦波,正弦波
附件一（训练集）.xlsx|材料3|50,2,正弦波,正弦波,正弦波,正弦波,梯形波,正弦波
附件一（训练集）.xlsx|材料3|500,2,正弦波,正弦波,正弦波,正弦波,正弦波,正弦波
附件一（训练集）.xlsx|材料3|501,1,正弦波,正弦波,正弦波,正弦波,正弦波,正弦波
附件一（训练集）.xlsx|材料3|502,0,正弦波,正弦波,正弦波,正弦波,正弦波,正弦波
附件一（训练集）.xlsx|材料3|503,3,正弦波,正弦波,正弦波,正弦波,梯形波,正弦波
附件一（训练集）.xlsx|材料3|504,0,正弦波,正弦波,正弦波,正弦波,正弦波,正弦波
附件一（训练集）.xlsx|材料3|505,3,正弦波,正弦波,正弦波,正弦波,正弦波,正弦波
附件一（训练集）.xlsx|材料3|506,0,正弦波,正弦波,正弦波,正弦波,正弦波,正弦波
附件一（训练集）.xlsx|材料3|507,4,正弦波,正弦波,正弦波,正弦波,梯形波,正弦波
附件一（训练集）.xlsx|材料3|508,1,正弦波,正弦波,正弦波,正弦波,梯形波,正弦波
附件一（训练集）.xlsx|材料3|509,2,正弦波,正弦波,正弦波,正弦波,梯形波,正弦波
附件一（训练集）.xlsx|材料3|51,4,正弦波,正弦波,正弦波,正弦波,正弦波,正弦波
附件一（训练集）.xlsx|材料3|510,1,正弦波,正弦波,正弦波,正弦波,梯形波,正弦波
附件一（训练集）.xlsx|材料3|511,1,正弦波,正弦波,正弦波,正弦波,正弦波,正弦波
附件一（训练集）.xlsx|材料3|512,4,正弦波,正弦波,正弦波,正弦波,正弦波,正弦波
附件一（训练集）.xlsx|材料3|513,2,正弦波,正弦波,正弦波,正弦波,正弦波,正弦波
附件一（训练集）.xlsx|材料3|514,4,正弦波,正弦波,正弦波,正弦波,正弦波,正弦波
附件一（训练集）.xlsx|材料3|515,1,正弦波,正弦波,正弦波,正弦波,正弦波,正弦波
附件一（训练集）.xlsx|材料3|516,1,正弦波,正弦波,正弦波,正弦波,正弦波,正弦波
附件一（训练集）.xlsx|材料3|517,4,正弦波,正弦波,正弦波,正弦波,梯形波,正弦波
附件一（训练集）.xlsx|材料3|518,4,正弦波,正弦波,正弦波,正弦波,梯形波,正弦波
附件一（训练集）.xlsx|材料3|519,0,正弦波,正弦波,正弦波,正弦波,正弦波,正弦波
附件一（训练集）.xlsx|材料3|52,3,正弦波,正弦波,正弦波,正弦波,正弦波,正弦波
附件一（训练集）.xlsx|材料3|520,3,正弦波,正弦波,正弦波,正弦波,正弦波,正弦波
附件一（训练集）.xlsx|材料3|521,2,正弦波,正弦波,正弦波,正弦波,正弦波,正弦波
附件一（训练集）.xlsx|材料3|522,4,正弦波,正弦波,正弦波,正弦波,正弦波,正弦波
附件一（训练集）.xlsx|材料3|523,3,正弦波,正弦波,正弦波,正弦波,正弦波,正弦波
附件一（训练集）.xlsx|材料3|524,3,正弦波,正弦波,正弦波,正弦波,梯形波,正弦波
附件一（训练集）.xlsx|材料3|525,0,正弦波,正弦波,正弦波,正弦波,梯形波,正弦波
附件一（训练集）.xlsx|材料3|526,0,正弦波,正弦波,正弦波,正弦波,正弦波,正弦波
附件一（训练集）.xlsx|材料3|527,2,正弦波,正弦波,正弦波,正弦波,正弦波,正弦波
附件一（训练集）.xlsx|材料3|528,3,正弦波,正弦波,正弦波,正弦波,正弦波,正弦波
附件一（训练集）.xlsx|材料3|529,2,正弦波,正弦波,正弦波,正弦波,正弦波,正弦波
附件一（训练集）.xlsx|材料3|53,3,正弦波,正弦波,正弦波,正弦波,正弦波,正弦波
附件一（训练集）.xlsx|材料3|530,1,正弦波,正弦波,正弦波,正弦波,正弦波,正弦波
附件一（训练集）.xlsx|材料3|531,3,正弦波,正弦波,正弦波,正弦波,正弦波,正弦波
附件一（训练集）.xlsx|材料3|532,1,正弦波,正弦波,正弦波,正弦波,三角波,正弦波
附件一（训练集）.xlsx|材料3|533,3,正弦波,正弦波,正弦波,正弦波,三角波,正弦波
附件一（训练集）.xlsx|材料3|534,3,正弦波,正弦波,正弦波,正弦波,三角波,正弦波
附件一（训练集）.xlsx|材料3|535,4,正弦波,正弦波,正弦波,正弦波,正弦波,正弦波
附件一（训练集）.xlsx|材料3|536,3,正弦波,正弦波,正弦波,正弦波,正弦波,正弦波
附件一（训练集）.xlsx|材料3|537,0,正弦波,正弦波,正弦波,正弦波,正弦波,正弦波
附件一（训练集）.xlsx|材料3|538,4,正弦波,正弦波,正弦波,正弦波,正弦波,正弦波
附件一（训练集）.xlsx|材料3|539,1,正弦波,正弦波,正弦波,正弦波,三角波,正弦波
附件一（训练集）.xlsx|材料3|54,0,正弦波,正弦波,正弦波,正弦波,正弦波,正弦波
附件一（训练集）.xlsx|材料3|540,4,正弦波,正弦波,正弦波,正弦波,三角波,正弦波
附件一（训练集）.xlsx|材料3|541,1,正弦波,正弦波,正弦波,正弦波,三角波,正弦波
附件一（训练集）.xlsx|材料3|542,2,正弦波,正弦波,正弦波,正弦波,三角波,正弦波
附件一（训练集）.xlsx|材料3|543,0,正弦波,正弦波,正弦波,正弦波,三角波,正弦波
附件一（训练集）.xlsx|材料3|544,4,正弦波,正弦波,正弦波,正弦波,正弦波,正弦波
附件一（训练集）.xlsx|材料3|545,3,正弦波,正弦波,正弦波,正弦波,正弦波,正弦波
附件一（训练集）.xlsx|材料3|546,0,正弦波,正弦波,正弦波,正弦波,三角波,正弦波
附件一（训练集）.xlsx|材料3|547,0,正弦波,正弦波,正弦波,正弦波,三角波,正弦波
附件一（训练集）.xlsx|材料3|548,1,正弦波,正弦波,正弦波,正弦波,三角波,正弦波
附件一（训练集）.xlsx|材料3|549,4,正弦波,正弦波,正弦波,正弦波,三角波,正弦波
附件一（训练集）.xlsx|材料3|55,3,正弦波,正弦波,正弦波,正弦波,正弦波,正弦波
附件一（训练集）.xlsx|材料3|550,0,正弦波,正弦波,正弦波,正弦波,三角波,正弦波
附件一（训练集）.xlsx|材料3|551,3,正弦波,正弦波,正弦波,正弦波,正弦波,正弦波
附件一（训练集）.xlsx|材料3|552,2,正弦波,正弦波,正弦波,正弦波,三角波,正弦波
附件一（训练集）.xlsx|材料3|553,2,正弦波,正弦波,正弦波,正弦波,三角波,正弦波
附件一（训练集）.xlsx|材料3|554,1,正弦波,正弦波,正弦波,正弦波,三角波,正弦波
附件一（训练集）.xlsx|材料3|555,3,正弦波,正弦波,正弦波,正弦波,三角波,正弦波
附件一（训练集）.xlsx|材料3|556,1,正弦波,正弦波,正弦波,正弦波,三角波,正弦波
附件一（训练集）.xlsx|材料3|557,4,正弦波,正弦波,正弦波,正弦波,三角波,正弦波
附件一（训练集）.xlsx|材料3|558,0,正弦波,正弦波,正弦波,正弦波,三角波,正弦波
附件一（训练集）.xlsx|材料3|559,0,正弦波,正弦波,正弦波,正弦波,三角波,正弦波
附件一（训练集）.xlsx|材料3|56,2,正弦波,正弦波,正弦波,正弦波,三角波,正弦波
附件一（训练集）.xlsx|材料3|560,1,正弦波,正弦波,正弦波,正弦波,三角波,正弦波
附件一（训练集）.xlsx|材料3|561,2,正弦波,正弦波,正弦波,正弦波,三角波,正弦波
附件一（训练集）.xlsx|材料3|562,1,正弦波,正弦波,正弦波,正弦波,三角波,正弦波
附件一（训练集）.xlsx|材料3|563,4,正弦波,正弦波,正弦波,正弦波,三角波,正弦波
附件一（训练集）.xlsx|材料3|564,3,正弦波,正弦波,正弦波,正弦波,三角波,正弦波
附件一（训练集）.xlsx|材料3|565,0,正弦波,正弦波,正弦波,正弦波,三角波,正弦波
附件一（训练集）.xlsx|材料3|566,4,正弦波,正弦波,正弦波,正弦波,三角波,正弦波
附件一（训练集）.xlsx|材料3|567,2,正弦波,正弦波,正弦波,正弦波,三角波,正弦波
附件一（训练集）.xlsx|材料3|568,3,正弦波,正弦波,正弦波,正弦波,三角波,正弦波
附件一（训练集）.xlsx|材料3|569,4,正弦波,正弦波,正弦波,正弦波,三角波,正弦波
附件一（训练集）.xlsx|材料3|57,4,正弦波,正弦波,正弦波,正弦波,三角波,正弦波
附件一（训练集）.xlsx|材料3|570,2,正弦波,正弦波,正弦波,正弦波,正弦波,正弦波
附件一（训练集）.xlsx|材料3|571,3,正弦波,正弦波,正弦波,正弦波,正弦波,正弦波
附件一（训练集）.xlsx|材料3|572,1,正弦波,正弦波,正弦波,正弦波,正弦波,正弦波
附件一（训练集）.xlsx|材料3|573,2,正弦波,正弦波,正弦波,正弦波,正弦波,正弦波
附件一（训练集）.xlsx|材料3|574,0,正弦波,正弦波,正弦波,正弦波,正弦波,正弦波
附件一（训练集）.xlsx|材料3|575,4,正弦波,正弦波,正弦波,正弦波,正弦波,正弦波
附件一（训练集）.xlsx|材料3|576,3,正弦波,正弦波,正弦波,正弦波,正弦波,正弦波
附件一（训练集）.xlsx|材料3|577,0,正弦波,正弦波,正弦波,正弦波,梯形波,正弦波
附件一（训练集）.xlsx|材料3|578,3,正弦波,正弦波,正弦波,正弦波,梯形波,正弦波
附件一（训练集）.xlsx|材料3|579,4,正弦波,正弦波,正弦波,正弦波,梯形波,正弦波
附件一（训练集）.xlsx|材料3|58,0,正弦波,正弦波,正弦波,正弦波,三角波,正弦波
附件一（训练集）.xlsx|材料3|580,1,正弦波,正弦波,正弦波,正弦波,正弦波,正弦波
附件一（训练集）.xlsx|材料3|581,2,正弦波,正弦波,正弦波,正弦波,正弦波,正弦波
附件一（训练集）.xlsx|材料3|582,3,正弦波,正弦波,正弦波,正弦波,正弦波,正弦波
附件一（训练集）.xlsx|材料3|583,3,正弦波,正弦波,正弦波,正弦波,正弦波,正弦波
附件一（训练集）.xlsx|材料3|584,2,正弦波,正弦波,正弦波,正弦波,正弦波,正弦波
附件一（训练集）.xlsx|材料3|585,4,正弦波,正弦波,正弦波,正弦波,梯形波,正弦波
附件一（训练集）.xlsx|材料3|586,3,正弦波,正弦波,正弦波,正弦波,梯形波,正弦波
附件一（训练集）.xlsx|材料3|587,0,正弦波,正弦波,正弦波,正弦波,正弦波,正弦波
附件一（训练集）.xlsx|材料3|588,0,正弦波,正弦波,正弦波,正弦波,正弦波,正弦波
附件一（训练集）.xlsx|材料3|589,2,正弦波,正弦波,正弦波,正弦波,正弦波,正弦波
附件一（训练集）.xlsx|材料3|59,1,正弦波,正弦波,正弦波,正弦波,三角波,正弦波
附件一（训练集）.xlsx|材料3|590,4,正弦波,正弦波,正弦波,正弦波,正弦波,正弦波
附件一（训练集）.xlsx|材料3|591,2,正弦波,正弦波,正弦波,正弦波,梯形波,正弦波
附件一（训练集）.xlsx|材料3|592,0,正弦波,正弦波,正弦波,正弦波,梯形波,正弦波
附件一（训练集）.xlsx|材料3|593,2,正弦波,正弦波,正弦波,正弦波,梯形波,正弦波
附件一（训练集）.xlsx|材料3|594,2,正弦波,正弦波,正弦波,正弦波,正弦波,正弦波
附件一（训练集）.xlsx|材料3|595,4,正弦波,正弦波,正弦波,正弦波,正弦波,正弦波
附件一（训练集）.xlsx|材料3|596,3,正弦波,正弦波,正弦波,正弦波,正弦波,正弦波
附件一（训练集）.xlsx|材料3|597,3,正弦波,正弦波,正弦波,正弦波,梯形波,正弦波
附件一（训练集）.xlsx|材料3|598,2,正弦波,正弦波,正弦波,正弦波,梯形波,正弦波
附件一（训练集）.xlsx|材料3|599,2,正弦波,正弦波,正弦波,正弦波,梯形波,正弦波
附件一（训练集）.xlsx|材料3|6,0,正弦波,正弦波,正弦波,正弦波,正弦波,正弦波
附件一（训练集）.xlsx|材料3|60,1,正弦波,正弦波,正弦波,正弦波,正弦波,正弦波
附件一（训练集）.xlsx|材料3|600,1,正弦波,正弦波,正弦波,正弦波,梯形波,正弦波
附件一（训练集）.xlsx|材料3|601,3,正弦波,正弦波,正弦波,正弦波,梯形波,正弦波
附件一（训练集）.xlsx|材料3|602,2,正弦波,正弦波,正弦波,正弦波,正弦波,正弦波
附件一（训练集）.xlsx|材料3|603,1,正弦波,正弦波,正弦波,正弦波,正弦波,正弦波
附件一（训练集）.xlsx|材料3|604,1,正弦波,正弦波,正弦波,正弦波,正弦波,正弦波
附件一（训练集）.xlsx|材料3|605,4,正弦波,正弦波,正弦波,正弦波,正弦波,正弦波
附件一（训练集）.xlsx|材料3|606,1,正弦波,正弦波,正弦波,正弦波,正弦波,正弦波
附件一（训练集）.xlsx|材料3|607,2,正弦波,正弦波,正弦波,正弦波,正弦波,正弦波
附件一（训练集）.xlsx|材料3|608,0,正弦波,正弦波,正弦波,正弦波,梯形波,正弦波
附件一（训练集）.xlsx|材料3|609,0,正弦波,正弦波,正弦波,正弦波,梯形波,正弦波
附件一（训练集）.xlsx|材料3|61,2,正弦波,正弦波,正弦波,正弦波,正弦波,正弦波
附件一（训练集）.xlsx|材料3|610,4,正弦波,正弦波,正弦波,正弦波,梯形波,正弦波
附件一（训练集）.xlsx|材料3|611,1,正弦波,正弦波,正弦波,正弦波,正弦波,正弦波
附件一（训练集）.xlsx|材料3|612,4,正弦波,正弦波,正弦波,正弦波,正弦波,正弦波
附件一（训练集）.xlsx|材料3|613,4,正弦波,正弦波,正弦波,正弦波,正弦波,正弦波
附件一（训练集）.xlsx|材料3|614,0,正弦波,正弦波,正弦波,正弦波,正弦波,正弦波
附件一（训练集）.xlsx|材料3|615,4,正弦波,正弦波,正弦波,正弦波,梯形波,正弦波
附件一（训练集）.xlsx|材料3|616,1,正弦波,正弦波,正弦波,正弦波,梯形波,正弦波
附件一（训练集）.xlsx|材料3|617,2,正弦波,正弦波,正弦波,正弦波,梯形波,正弦波
附件一（训练集）.xlsx|材料3|618,1,正弦波,正弦波,正弦波,正弦波,梯形波,正弦波
附件一（训练集）.xlsx|材料3|619,1,正弦波,正弦波,正弦波,正弦波,正弦波,正弦波
附件一（训练集）.xlsx|材料3|62,3,正弦波,正弦波,正弦波,正弦波,正弦波,正弦波
附件一（训练集）.xlsx|材料3|620,3,正弦波,正弦波,正弦波,正弦波,正弦波,正弦波
附件一（训练集）.xlsx|材料3|621,0,正弦波,正弦波,正弦波,正弦波,正弦波,正弦波
附件一（训练集）.xlsx|材料3|622,3,正弦波,正弦波,正弦波,正弦波,正弦波,正弦波
附件一（训练集）.xlsx|材料3|623,4,正弦波,正弦波,正弦波,正弦波,正弦波,正弦波
附件一（训练集）.xlsx|材料3|624,1,正弦波,正弦波,正弦波,正弦波,三角波,正弦波
附件一（训练集）.xlsx|材料3|625,1,正弦波,正弦波,正弦波,正弦波,梯形波,正弦波
附件一（训练集）.xlsx|材料3|626,0,正弦波,正弦波,正弦波,正弦波,三角波,正弦波
附件一（训练集）.xlsx|材料3|627,1,正弦波,正弦波,正弦波,正弦波,梯形波,正弦波
附件一（训练集）.xlsx|材料3|628,2,正弦波,正弦波,正弦波,正弦波,梯形波,正弦波
附件一（训练集）.xlsx|材料3|629,0,正弦波,正弦波,正弦波,正弦波,正弦波,正弦波
附件一（训练集）.xlsx|材料3|63,3,正弦波,正弦波,正弦波,正弦波,正弦波,正弦波
附件一（训练集）.xlsx|材料3|630,1,正弦波,正弦波,正弦波,正弦波,正弦波,正弦波
附件一（训练集）.xlsx|材料3|631,2,正弦波,正弦波,正弦波,正弦波,正弦波,正弦波
附件一（训练集）.xlsx|材料3|632,4,正弦波,正弦波,正弦波,正弦波,三角波,正弦波
附件一（训练集）.xlsx|材料3|633,1,正弦波,正弦波,正弦波,正弦波,三角波,正弦波
附件一（训练集）.xlsx|材料3|634,1,正弦波,正弦波,正弦波,正弦波,三角波,正弦波
附件一（训练集）.xlsx|材料3|635,2,正弦波,正弦波,正弦波,正弦波,正弦波,正弦波
附件一（训练集）.xlsx|材料3|636,3,正弦波,正弦波,正弦波,正弦波,正弦波,正弦波
附件一（训练集）.xlsx|材料3|637,0,正弦波,正弦波,正弦波,正弦波,三角波,正弦波
附件一（训练集）.xlsx|材料3|638,3,正弦波,正弦波,正弦波,正弦波,三角波,正弦波
附件一（训练集）.xlsx|材料3|639,0,正弦波,正弦波,正弦波,正弦波,三角波,正弦波
附件一（训练集）.xlsx|材料3|64,2,正弦波,正弦波,正弦波,正弦波,三角波,正弦波
附件一（训练集）.xlsx|材料3|640,4,正弦波,正弦波,正弦波,正弦波,三角波,正弦波
附件一（训练集）.xlsx|材料3|641,1,正弦波,正弦波,正弦波,正弦波,三角波,正弦波
附件一（训练集）.xlsx|材料3|642,0,正弦波,正弦波,正弦波,正弦波,三角波,正弦波
附件一（训练集）.xlsx|材料3|643,1,正弦波,正弦波,正弦波,正弦波,三角波,正弦波
附件一（训练集）.xlsx|材料3|644,1,正弦波,正弦波,正弦波,正弦波,三角波,正弦波
附件一（训练集）.xlsx|材料3|645,0,正弦波,正弦波,正弦波,正弦波,三角波,正弦波
附件一（训练集）.xlsx|材料3|646,4,正弦波,正弦波,正弦波,正弦波,三角波,正弦波
附件一（训练集）.xlsx|材料3|647,2,正弦波,正弦波,正弦波,正弦波,三角波,正弦波
附件一（训练集）.xlsx|材料3|648,0,正弦波,正弦波,正弦波,正弦波,三角波,正弦波
附件一（训练集）.xlsx|材料3|649,4,正弦波,正弦波,正弦波,正弦波,三角波,正弦波
附件一（训练集）.xlsx|材料3|65,0,正弦波,正弦波,正弦波,正弦波,三角波,正弦波
附件一（训练集）.xlsx|材料3|650,4,正弦波,正弦波,正弦波,正弦波,三角波,正弦波
附件一（训练集）.xlsx|材料3|651,2,正弦波,正弦波,正弦波,正弦波,三角波,正弦波
附件一（训练集）.xlsx|材料3|652,1,正弦波,正弦波,正弦波,正弦波,三角波,正弦波
附件一（训练集）.xlsx|材料3|653,1,正弦波,正弦波,正弦波,正弦波,三角波,正弦波
附件一（训练集）.xlsx|材料3|654,0,正弦波,正弦波,正弦波,正弦波,正弦波,正弦波
附件一（训练集）.xlsx|材料3|655,1,正弦波,正弦波,正弦波,正弦波,正弦波,正弦波
附件一（训练集）.xlsx|材料3|656,1,正弦波,正弦波,正弦波,正弦波,正弦波,正弦波
附件一（训练集）.xlsx|材料3|657,1,正弦波,正弦波,正弦波,正弦波,正弦波,正弦波
附件一（训练集）.xlsx|材料3|658,2,正弦波,正弦波,正弦波,正弦波,正弦波,正弦波
附件一（训练集）.xlsx|材料3|659,2,正弦波,正弦波,正弦波,正弦波,梯形波,正弦波
附件一（训练集）.xlsx|材料3|66,4,正弦波,正弦波,正弦波,正弦波,三角波,正弦波
附件一（训练集）.xlsx|材料3|660,3,正弦波,正弦波,正弦波,正弦波,正弦波,正弦波
附件一（训练集）.xlsx|材料3|661,0,正弦波,正弦波,正弦波,正弦波,正弦波,正弦波
附件一（训练集）.xlsx|材料3|662,0,正弦波,正弦波,正弦波,正弦波,正弦波,正弦波
附件一（训练集）.xlsx|材料3|663,1,正弦波,正弦波,正弦波,正弦波,正弦波,正弦波
附件一（训练集）.xlsx|材料3|664,3,正弦波,正弦波,正弦波,正弦波,正弦波,正弦波
附件一（训练集）.xlsx|材料3|665,0,正弦波,正弦波,正弦波,正弦波,梯形波,正弦波
附件一（训练集）.xlsx|材料3|666,1,正弦波,正弦波,正弦波,正弦波,梯形波,正弦波
附件一（训练集）.xlsx|材料3|667,2,正弦波,正弦波,正弦波,正弦波,梯形波,正弦波
附件一（训练集）.xlsx|材料3|668,3,正弦波,正弦波,正弦波,正弦波,正弦波,正弦波
附件一（训练集）.xlsx|材料3|669,1,正弦波,正弦波,正弦波,正弦波,正弦波,正弦波
附件一（训练集）.xlsx|材料3|67,4,正弦波,正弦波,正弦波,正弦波,三角波,正弦波
附件一（训练集）.xlsx|材料3|670,0,正弦波,正弦波,正弦波,正弦波,正弦波,正弦波
附件一（训练集）.xlsx|材料3|671,4,正弦波,正弦波,正弦波,正弦波,正弦波,正弦波
附件一（训练集）.xlsx|材料3|672,1,正弦波,正弦波,正弦波,正弦波,梯形波,正弦波
附件一（训练集）.xlsx|材料3|673,2,正弦波,正弦波,正弦波,正弦波,梯形波,正弦波
附件一（训练集）.xlsx|材料3|674,2,正弦波,正弦波,正弦波,正弦波,梯形波,正弦波
附件一（训练集）.xlsx|材料3|675,2,正弦波,正弦波,正弦波,正弦波,梯形波,正弦波
附件一（训练集）.xlsx|材料3|676,0,正弦波,正弦波,正弦波,正弦波,正弦波,正弦波
附件一（训练集）.xlsx|材料3|677,4,正弦波,正弦波,正弦波,正弦波,正弦波,正弦波
附件一（训练集）.xlsx|材料3|678,0,正弦波,正弦波,正弦波,正弦波,正弦波,正弦波
附件一（训练集）.xlsx|材料3|679,2,正弦波,正弦波,正弦波,正弦波,正弦波,正弦波
附件一（训练集）.xlsx|材料3|68,3,正弦波,正弦波,正弦波,正弦波,三角波,正弦波
附件一（训练集）.xlsx|材料3|680,3,正弦波,正弦波,正弦波,正弦波,正弦波,正弦波
附件一（训练集）.xlsx|材料3|681,3,正弦波,正弦波,正弦波,正弦波,梯形波,正弦波
附件一（训练集）.xlsx|材料3|682,1,正弦波,正弦波,正弦波,正弦波,梯形波,正弦波
附件一（训练集）.xlsx|材料3|683,1,正弦波,正弦波,正弦波,正弦波,梯形波,正弦波
附件一（训练集）.xlsx|材料3|684,2,正弦波,正弦波,正弦波,正弦波,梯形波,正弦波
附件一（训练集）.xlsx|材料3|685,2,正弦波,正弦波,正弦波,正弦波,正弦波,正弦波
附件一（训练集）.xlsx|材料3|686,0,正弦波,正弦波,正弦波,正弦波,正弦波,正弦波
附件一（训练集）.xlsx|材料3|687,3,正弦波,正弦波,正弦波,正弦波,正弦波,正弦波
附件一（训练集）.xlsx|材料3|688,2,正弦波,正弦波,正弦波,正弦波,正弦波,正弦波
附件一（训练集）.xlsx|材料3|689,2,正弦波,正弦波,正弦波,正弦波,正弦波,正弦波
附件一（训练集）.xlsx|材料3|69,3,正弦波,正弦波,正弦波,正弦波,正弦波,正弦波
附件一（训练集）.xlsx|材料3|690,4,正弦波,正弦波,正弦波,正弦波,梯形波,正弦波
附件一（训练集）.xlsx|材料3|691,4,正弦波,正弦波,正弦波,正弦波,梯形波,正弦波
附件一（训练集）.xlsx|材料3|692,4,正弦波,正弦波,正弦波,正弦波,梯形波,正弦波
附件一（训练集）.xlsx|材料3|693,3,正弦波,正弦波,正弦波,正弦波,梯形波,正弦波
附件一（训练集）.xlsx|材料3|694,3,正弦波,正弦波,正弦波,正弦波,梯形波,正弦波
附件一（训练集）.xlsx|材料3|695,0,正弦波,正弦波,正弦波,正弦波,正弦波,正弦波
附件一（训练集）.xlsx|材料3|696,0,正弦波,正弦波,正弦波,正弦波,正弦波,正弦波
附件一（训练集）.xlsx|材料3|697,3,正弦波,正弦波,正弦波,正弦波,正弦波,正弦波
附件一（训练集）.xlsx|材料3|698,4,正弦波,正弦波,正弦波,正弦波,正弦波,正弦波
附件一（训练集）.xlsx|材料3|699,1,正弦波,正弦波,正弦波,正弦波,梯形波,正弦波
附件一（训练集）.xlsx|材料3|7,1,正弦波,正弦波,正弦波,正弦波,正弦波,正弦波
附件一（训练集）.xlsx|材料3|70,3,正弦波,正弦波,正弦波,正弦波,正弦波,正弦波
附件一（训练集）.xlsx|材料3|700,3,正弦波,正弦波,正弦波,正弦波,正弦波,正弦波
附件一（训练集）.xlsx|材料3|701,0,正弦波,正弦波,正弦波,正弦波,正弦波,正弦波
附件一（训练集）.xlsx|材料3|702,1,正弦波,正弦波,正弦波,正弦波,正弦波,正弦波
附件一（训练集）.xlsx|材料3|703,3,正弦波,正弦波,正弦波,正弦波,正弦波,正弦波
附件一（训练集）.xlsx|材料3|704,1,正弦波,正弦波,正弦波,正弦波,梯形波,正弦波
附件一（训练集）.xlsx|材料3|705,1,正弦波,正弦波,正弦波,正弦波,梯形波,正弦波
附件一（训练集）.xlsx|材料3|706,4,正弦波,正弦波,正弦波,正弦波,梯形波,正弦波
附件一（训练集）.xlsx|材料3|707,1,正弦波,正弦波,正弦波,正弦波,梯形波,正弦波
附件一（训练集）.xlsx|材料3|708,2,正弦波,正弦波,正弦波,正弦波,正弦波,正弦波
附件一（训练集）.xlsx|材料3|709,3,正弦波,正弦波,正弦波,正弦波,正弦波,正弦波
附件一（训练集）.xlsx|材料3|71,3,正弦波,正弦波,正弦波,正弦波,三角波,正弦波
附件一（训练集）.xlsx|材料3|710,0,正弦波,正弦波,正弦波,正弦波,三角波,正弦波
附件一（训练集）.xlsx|材料3|711,1,正弦波,正弦波,正弦波,正弦波,三角波,正弦波
附件一（训练集）.xlsx|材料3|712,4,正弦波,正弦波,正弦波,正弦波,梯形波,正弦波
附件一（训练集）.xlsx|材料3|713,4,正弦波,正弦波,正弦波,正弦波,梯形波,正弦波
附件一（训练集）.xlsx|材料3|714,0,正弦波,正弦波,正弦波,正弦波,正弦波,正弦波
附件一（训练集）.xlsx|材料3|715,2,正弦波,正弦波,正弦波,正弦波,正弦波,正弦波
附件一（训练集）.xlsx|材料3|716,4,正弦波,正弦波,正弦波,正弦波,三角波,正弦波
附件一（训练集）.xlsx|材料3|717,0,正弦波,正弦波,正弦波,正弦波,三角波,正弦波
附件一（训练集）.xlsx|材料3|718,4,正弦波,正弦波,正弦波,正弦波,三角波,正弦波
附件一（训练集）.xlsx|材料3|719,4,正弦波,正弦波,正弦波,正弦波,三角波,正弦波
附件一（训练集）.xlsx|材料3|72,0,正弦波,正弦波,正弦波,正弦波,三角波,正弦波
附件一（训练集）.xlsx|材料3|720,1,正弦波,正弦波,正弦波,正弦波,三角波,正弦波
附件一（训练集）.xlsx|材料3|721,0,正弦波,正弦波,正弦波,正弦波,三角波,正弦波
附件一（训练集）.xlsx|材料3|722,2,正弦波,正弦波,正弦波,正弦波,三角波,正弦波
附件一（训练集）.xlsx|材料3|723,0,正弦波,正弦波,正弦波,正弦波,三角波,正弦波
附件一（训练集）.xlsx|材料3|724,4,正弦波,正弦波,正弦波,正弦波,三角波,正弦波
附件一（训练集）.xlsx|材料3|725,4,正弦波,正弦波,正弦波,正弦波,三角波,正弦波
附件一（训练集）.xlsx|材料3|726,2,正弦波,正弦波,正弦波,正弦波,三角波,正弦波
附件一（训练集）.xlsx|材料3|727,4,正弦波,正弦波,正弦波,正弦波,三角波,正弦波
附件一（训练集）.xlsx|材料3|728,0,正弦波,正弦波,正弦波,正弦波,三角波,正弦波
附件一（训练集）.xlsx|材料3|729,3,正弦波,正弦波,正弦波,正弦波,三角波,正弦波
附件一（训练集）.xlsx|材料3|73,4,正弦波,正弦波,正弦波,正弦波,三角波,正弦波
附件一（训练集）.xlsx|材料3|730,1,正弦波,正弦波,正弦波,正弦波,正弦波,正弦波
附件一（训练集）.xlsx|材料3|731,4,正弦波,正弦波,正弦波,正弦波,正弦波,正弦波
附件一（训练集）.xlsx|材料3|732,0,正弦波,正弦波,正弦波,正弦波,正弦波,正弦波
附件一（训练集）.xlsx|材料3|733,1,正弦波,正弦波,正弦波,正弦波,正弦波,正弦波
附件一（训练集）.xlsx|材料3|734,0,正弦波,正弦波,正弦波,正弦波,梯形波,正弦波
附件一（训练集）.xlsx|材料3|735,0,正弦波,正弦波,正弦波,正弦波,正弦波,正弦波
附件一（训练集）.xlsx|材料3|736,2,正弦波,正弦波,正弦波,正弦波,正弦波,正弦波
附件一（训练集）.xlsx|材料3|737,1,正弦波,正弦波,正弦波,正弦波,正弦波,正弦波
附件一（训练集）.xlsx|材料3|738,3,正弦波,正弦波,正弦波,正弦波,正弦波,正弦波
附件一（训练集）.xlsx|材料3|739,1,正弦波,正弦波,正弦波,正弦波,正弦波,正弦波
附件一（训练集）.xlsx|材料3|74,0,正弦波,正弦波,正弦波,正弦波,三角波,正弦波
附件一（训练集）.xlsx|材料3|740,3,正弦波,正弦波,正弦波,正弦波,梯形波,正弦波
附件一（训练集）.xlsx|材料3|741,3,正弦波,正弦波,正弦波,正弦波,梯形波,正弦波
附件一（训练集）.xlsx|材料3|742,0,正弦波,正弦波,正弦波,正弦波,梯形波,正弦波
附件一（训练集）.xlsx|材料3|743,3,正弦波,正弦波,正弦波,正弦波,梯形波,正弦波
附件一（训练集）.xlsx|材料3|744,2,正弦波,正弦波,正弦波,正弦波,正弦波,正弦波
附件一（训练集）.xlsx|材料3|745,4,正弦波,正弦波,正弦波,正弦波,正弦波,正弦波
附件一（训练集）.xlsx|材料3|746,1,正弦波,正弦波,正弦波,正弦波,梯形波,正弦波
附件一（训练集）.xlsx|材料3|747,2,正弦波,正弦波,正弦波,正弦波,梯形波,正弦波
附件一（训练集）.xlsx|材料3|748,3,正弦波,正弦波,正弦波,正弦波,梯形波,正弦波
附件一（训练集）.xlsx|材料3|749,4,正弦波,正弦波,正弦波,正弦波,正弦波,正弦波
附件一（训练集）.xlsx|材料3|75,3,正弦波,正弦波,正弦波,正弦波,三角波,正弦波
附件一（训练集）.xlsx|材料3|750,1,正弦波,正弦波,正弦波,正弦波,正弦波,正弦波
附件一（训练集）.xlsx|材料3|751,1,正弦波,正弦波,正弦波,正弦波,正弦波,正弦波
附件一（训练集）.xlsx|材料3|752,2,正弦波,正弦波,正弦波,正弦波,正弦波,正弦波
附件一（训练集）.xlsx|材料3|753,2,正弦波,正弦波,正弦波,正弦波,梯形波,正弦波
附件一（训练集）.xlsx|材料3|754,1,正弦波,正弦波,正弦波,正弦波,梯形波,正弦波
附件一（训练集）.xlsx|材料3|755,1,正弦波,正弦波,正弦波,正弦波,梯形波,正弦波
附件一（训练集）.xlsx|材料3|756,2,正弦波,正弦波,正弦波,正弦波,梯形波,正弦波
附件一（训练集）.xlsx|材料3|757,1,正弦波,正弦波,正弦波,正弦波,梯形波,正弦波
附件一（训练集）.xlsx|材料3|758,0,正弦波,正弦波,正弦波,正弦波,正弦波,正弦波
附件一（训练集）.xlsx|材料3|759,4,正弦波,正弦波,正弦波,正弦波,正弦波,正弦波
附件一（训练集）.xlsx|材料3|76,4,正弦波,正弦波,正弦波,正弦波,三角波,正弦波
附件一（训练集）.xlsx|材料3|760,4,正弦波,正弦波,正弦波,正弦波,梯形波,正弦波
附件一（训练集）.xlsx|材料3|761,4,正弦波,正弦波,正弦波,正弦波,梯形波,正弦波
附件一（训练集）.xlsx|材料3|762,0,正弦波,正弦波,正弦波,正弦波,正弦波,正弦波
附件一（训练集）.xlsx|材料3|763,1,正弦波,正弦波,正弦波,正弦波,正弦波,正弦波
附件一（训练集）.xlsx|材料3|764,3,正弦波,正弦波,正弦波,正弦波,正弦波,正弦波
附件一（训练集）.xlsx|材料3|765,2,正弦波,正弦波,正弦波,正弦波,梯形波,正弦波
附件一（训练集）.xlsx|材料3|766,4,正弦波,正弦波,正弦波,正弦波,梯形波,正弦波
附件一（训练集）.xlsx|材料3|767,0,正弦波,正弦波,正弦波,正弦波,梯形波,正弦波
附件一（训练集）.xlsx|材料3|768,2,正弦波,正弦波,正弦波,正弦波,梯形波,正弦波
附件一（训练集）.xlsx|材料3|769,2,正弦波,正弦波,正弦波,正弦波,梯形波,正弦波
附件一（训练集）.xlsx|材料3|77,4,正弦波,正弦波,正弦波,正弦波,三角波,正弦波
附件一（训练集）.xlsx|材料3|770,2,正弦波,正弦波,正弦波,正弦波,正弦波,正弦波
附件一（训练集）.xlsx|材料3|771,3,正弦波,正弦波,正弦波,正弦波,正弦波,正弦波
附件一（训练集）.xlsx|材料3|772,4,正弦波,正弦波,正弦波,正弦波,正弦波,正弦波
附件一（训练集）.xlsx|材料3|773,4,正弦波,正弦波,正弦波,正弦波,正弦波,正弦波
附件一（训练集）.xlsx|材料3|774,3,正弦波,正弦波,正弦波,正弦波,正弦波,正弦波
附件一（训练集）.xlsx|材料3|775,4,正弦波,正弦波,正弦波,正弦波,梯形波,正弦波
附件一（训练集）.xlsx|材料3|776,4,正弦波,正弦波,正弦波,正弦波,梯形波,正弦波
附件一（训练集）.xlsx|材料3|777,4,正弦波,正弦波,正弦波,正弦波,梯形波,正弦波
附件一（训练集）.xlsx|材料3|778,3,正弦波,正弦波,正弦波,正弦波,正弦波,正弦波
附件一（训练集）.xlsx|材料3|779,2,正弦波,正弦波,正弦波,正弦波,正弦波,正弦波
附件一（训练集）.xlsx|材料3|78,4,正弦波,正弦波,正弦波,正弦波,三角波,正弦波
附件一（训练集）.xlsx|材料3|780,4,正弦波,正弦波,正弦波,正弦波,三角波,正弦波
附件一（训练集）.xlsx|材料3|781,4,正弦波,正弦波,正弦波,正弦波,三角波,正弦波
附件一（训练集）.xlsx|材料3|782,1,正弦波,正弦波,正弦波,正弦波,三角波,正弦波
附件一（训练集）.xlsx|材料3|783,4,正弦波,正弦波,正弦波,正弦波,三角波,正弦波
附件一（训练集）.xlsx|材料3|784,1,正弦波,正弦波,正弦波,正弦波,三角波,正弦波
附件一（训练集）.xlsx|材料3|785,3,正弦波,正弦波,正弦波,正弦波,正弦波,正弦波
附件一（训练集）.xlsx|材料3|786,0,正弦波,正弦波,正弦波,正弦波,正弦波,正弦波
附件一（训练集）.xlsx|材料3|787,4,正弦波,正弦波,正弦波,正弦波,三角波,正弦波
附件一（训练集）.xlsx|材料3|788,1,正弦波,正弦波,正弦波,正弦波,三角波,正弦波
附件一（训练集）.xlsx|材料3|789,3,正弦波,正弦波,正弦波,正弦波,三角波,正弦波
附件一（训练集）.xlsx|材料3|79,4,正弦波,正弦波,正弦波,正弦波,三角波,正弦波
附件一（训练集）.xlsx|材料3|790,4,正弦波,正弦波,正弦波,正弦波,三角波,正弦波
附件一（训练集）.xlsx|材料3|791,1,正弦波,正弦波,正弦波,正弦波,三角波,正弦波
附件一（训练集）.xlsx|材料3|792,1,正弦波,正弦波,正弦波,正弦波,三角波,正弦波
附件一（训练集）.xlsx|材料3|793,4,正弦波,正弦波,正弦波,正弦波,三角波,正弦波
附件一（训练集）.xlsx|材料3|794,4,正弦波,正弦波,正弦波,正弦波,三角波,正弦波
附件一（训练集）.xlsx|材料3|795,0,正弦波,正弦波,正弦波,正弦波,三角波,正弦波
附件一（训练集）.xlsx|材料3|796,4,正弦波,正弦波,正弦波,正弦波,三角波,正弦波
附件一（训练集）.xlsx|材料3|797,0,正弦波,正弦波,正弦波,正弦波,三角波,正弦波
附件一（训练集）.xlsx|材料3|798,1,正弦波,正弦波,正弦波,正弦波,三角波,正弦波
附件一（训练集）.xlsx|材料3|799,4,正弦波,正弦波,正弦波,正弦波,三角波,正弦波
附件一（训练集）.xlsx|材料3|8,1,正弦波,正弦波,正弦波,正弦波,梯形波,正弦波
附件一（训练集）.xlsx|材料3|80,4,正弦波,正弦波,正弦波,正弦波,三角波,正弦波
附件一（训练集）.xlsx|材料3|800,0,正弦波,正弦波,正弦波,正弦波,三角波,正弦波
附件一（训练集）.xlsx|材料3|801,1,正弦波,正弦波,正弦波,正弦波,三角波,正弦波
附件一（训练集）.xlsx|材料3|802,4,正弦波,正弦波,正弦波,正弦波,三角波,正弦波
附件一（训练集）.xlsx|材料3|803,0,正弦波,正弦波,正弦波,正弦波,三角波,正弦波
附件一（训练集）.xlsx|材料3|804,4,正弦波,正弦波,正弦波,正弦波,三角波,正弦波
附件一（训练集）.xlsx|材料3|805,4,正弦波,正弦波,正弦波,正弦波,三角波,正弦波
附件一（训练集）.xlsx|材料3|806,4,正弦波,正弦波,正弦波,正弦波,梯形波,正弦波
附件一（训练集）.xlsx|材料3|807,2,正弦波,正弦波,正弦波,正弦波,梯形波,正弦波
附件一（训练集）.xlsx|材料3|808,1,正弦波,正弦波,正弦波,正弦波,正弦波,正弦波
附件一（训练集）.xlsx|材料3|809,4,正弦波,正弦波,正弦波,正弦波,正弦波,正弦波
附件一（训练集）.xlsx|材料3|81,2,正弦波,正弦波,正弦波,正弦波,三角波,正弦波
附件一（训练集）.xlsx|材料3|810,1,正弦波,正弦波,正弦波,正弦波,正弦波,正弦波
附件一（训练集）.xlsx|材料3|811,1,正弦波,正弦波,正弦波,正弦波,三角波,正弦波
附件一（训练集）.xlsx|材料3|812,2,正弦波,正弦波,正弦波,正弦波,三角波,正弦波
附件一（训练集）.xlsx|材料3|813,4,正弦波,正弦波,正弦波,正弦波,正弦波,正弦波
附件一（训练集）.xlsx|材料3|814,1,正弦波,正弦波,正弦波,正弦波,正弦波,正弦波
附件一（训练集）.xlsx|材料3|815,2,正弦波,正弦波,正弦波,正弦波,梯形波,正弦波
附件一（训练集）.xlsx|材料3|816,4,正弦波,正弦波,正弦波,正弦波,正弦波,正弦波
附件一（训练集）.xlsx|材料3|817,1,正弦波,正弦波,正弦波,正弦波,三角波,正弦波
附件一（训练集）.xlsx|材料3|818,2,正弦波,正弦波,正弦波,正弦波,三角波,正弦波
附件一（训练集）.xlsx|材料3|819,0,正弦波,正弦波,正弦波,正弦波,正弦波,正弦波
附件一（训练集）.xlsx|材料3|82,3,正弦波,正弦波,正弦波,正弦波,三角波,正弦波
附件一（训练集）.xlsx|材料3|820,0,正弦波,正弦波,正弦波,正弦波,梯形波,正弦波
附件一（训练集）.xlsx|材料3|821,2,正弦波,正弦波,正弦波,正弦波,正弦波,正弦波
附件一（训练集）.xlsx|材料3|822,1,正弦波,正弦波,正弦波,正弦波,正弦波,正弦波
附件一（训练集）.xlsx|材料3|823,0,正弦波,正弦波,正弦波,正弦波,梯形波,正弦波
附件一（训练集）.xlsx|材料3|824,4,正弦波,正弦波,正弦波,正弦波,三角波,正弦波
附件一（训练集）.xlsx|材料3|825,1,正弦波,正弦波,正弦波,正弦波,三角波,正弦波
附件一（训练集）.xlsx|材料3|826,2,正弦波,正弦波,正弦波,正弦波,梯形波,正弦波
附件一（训练集）.xlsx|材料3|827,4,正弦波,正弦波,正弦波,正弦波,正弦波,正弦波
附件一（训练集）.xlsx|材料3|828,0,正弦波,正弦波,正弦波,正弦波,三角波,正弦波
附件一（训练集）.xlsx|材料3|829,2,正弦波,正弦波,正弦波,正弦波,梯形波,正弦波
附件一（训练集）.xlsx|材料3|83,4,正弦波,正弦波,正弦波,正弦波,三角波,正弦波
附件一（训练集）.xlsx|材料3|830,4,正弦波,正弦波,正弦波,正弦波,正弦波,正弦波
附件一（训练集）.xlsx|材料3|831,4,正弦波,正弦波,正弦波,正弦波,正弦波,正弦波
附件一（训练集）.xlsx|材料3|832,4,正弦波,正弦波,正弦波,正弦波,三角波,正弦波
附件一（训练集）.xlsx|材料3|833,4,正弦波,正弦波,正弦波,正弦波,正弦波,正弦波
附件一（训练集）.xlsx|材料3|834,1,正弦波,正弦波,正弦波,正弦波,正弦波,正弦波
附件一（训练集）.xlsx|材料3|835,2,正弦波,正弦波,正弦波,正弦波,正弦波,正弦波
附件一（训练集）.xlsx|材料3|836,4,正弦波,正弦波,正弦波,正弦波,正弦波,正弦波
附件一（训练集）.xlsx|材料3|837,0,正弦波,正弦波,正弦波,正弦波,三角波,正弦波
附件一（训练集）.xlsx|材料3|838,2,正弦波,正弦波,正弦波,正弦波,正弦波,正弦波
附件一（训练集）.xlsx|材料3|839,2,正弦波,正弦波,正弦波,正弦波,三角波,正弦波
附件一（训练集）.xlsx|材料3|84,0,正弦波,正弦波,正弦波,正弦波,三角波,正弦波
附件一（训练集）.xlsx|材料3|840,1,正弦波,正弦波,正弦波,正弦波,梯形波,正弦波
附件一（训练集）.xlsx|材料3|841,4,正弦波,正弦波,正弦波,正弦波,正弦波,正弦波
附件一（训练集）.xlsx|材料3|842,0,正弦波,正弦波,正弦波,正弦波,正弦波,正弦波
附件一（训练集）.xlsx|材料3|843,1,正弦波,正弦波,正弦波,正弦波,梯形波,正弦波
附件一（训练集）.xlsx|材料3|844,2,正弦波,正弦波,正弦波,正弦波,三角波,正弦波
附件一（训练集）.xlsx|材料3|845,2,正弦波,正弦波,正弦波,正弦波,三角波,正弦波
附件一（训练集）.xlsx|材料3|846,1,正弦波,正弦波,正弦波,正弦波,梯形波,正弦波
附件一（训练集）.xlsx|材料3|847,1,正弦波,正弦波,正弦波,正弦波,三角波,正弦波
附件一（训练集）.xlsx|材料3|848,1,正弦波,正弦波,正弦波,正弦波,正弦波,正弦波
附件一（训练集）.xlsx|材料3|849,0,正弦波,正弦波,正弦波,正弦波,梯形波,正弦波
附件一（训练集）.xlsx|材料3|85,2,正弦波,正弦波,正弦波,正弦波,三角波,正弦波
附件一（训练集）.xlsx|材料3|850,1,正弦波,正弦波,正弦波,正弦波,梯形波,正弦波
附件一（训练集）.xlsx|材料3|851,4,正弦波,正弦波,正弦波,正弦波,正弦波,正弦波
附件一（训练集）.xlsx|材料3|852,1,正弦波,正弦波,正弦波,正弦波,梯形波,正弦波
附件一（训练集）.xlsx|材料3|853,4,正弦波,正弦波,正弦波,正弦波,正弦波,正弦波
附件一（训练集）.xlsx|材料3|854,3,正弦波,正弦波,正弦波,正弦波,正弦波,正弦波
附件一（训练集）.xlsx|材料3|855,4,正弦波,正弦波,正弦波,正弦波,梯形波,正弦波
附件一（训练集）.xlsx|材料3|856,3,正弦波,正弦波,正弦波,正弦波,三角波,正弦波
附件一（训练集）.xlsx|材料3|857,4,正弦波,正弦波,正弦波,正弦波,正弦波,正弦波
附件一（训练集）.xlsx|材料3|858,4,正弦波,正弦波,正弦波,正弦波,正弦波,正弦波
附件一（训练集）.xlsx|材料3|859,1,正弦波,正弦波,正弦波,正弦波,正弦波,正弦波
附件一（训练集）.xlsx|材料3|86,1,正弦波,正弦波,正弦波,正弦波,三角波,正弦波
附件一（训练集）.xlsx|材料3|860,2,正弦波,正弦波,正弦波,正弦波,梯形波,正弦波
附件一（训练集）.xlsx|材料3|861,2,正弦波,正弦波,正弦波,正弦波,梯形波,正弦波
附件一（训练集）.xlsx|材料3|862,3,正弦波,正弦波,正弦波,正弦波,正弦波,正弦波
附件一（训练集）.xlsx|材料3|863,0,正弦波,正弦波,正弦波,正弦波,三角波,正弦波
附件一（训练集）.xlsx|材料3|864,1,正弦波,正弦波,正弦波,正弦波,三角波,正弦波
附件一（训练集）.xlsx|材料3|865,0,正弦波,正弦波,正弦波,正弦波,梯形波,正弦波
附件一（训练集）.xlsx|材料3|866,4,正弦波,正弦波,正弦波,正弦波,正弦波,正弦波
附件一（训练集）.xlsx|材料3|867,3,正弦波,正弦波,正弦波,正弦波,正弦波,正弦波
附件一（训练集）.xlsx|材料3|868,3,正弦波,正弦波,正弦波,正弦波,正弦波,正弦波
附件一（训练集）.xlsx|材料3|869,4,正弦波,正弦波,正弦波,正弦波,梯形波,正弦波
附件一（训练集）.xlsx|材料3|87,4,正弦波,正弦波,正弦波,正弦波,三角波,正弦波
附件一（训练集）.xlsx|材料3|870,1,正弦波,正弦波,正弦波,正弦波,梯形波,正弦波
附件一（训练集）.xlsx|材料3|871,4,正弦波,正弦波,正弦波,正弦波,正弦波,正弦波
附件一（训练集）.xlsx|材料3|872,3,正弦波,正弦波,正弦波,正弦波,正弦波,正弦波
附件一（训练集）.xlsx|材料3|873,3,正弦波,正弦波,正弦波,正弦波,三角波,正弦波
附件一（训练集）.xlsx|材料3|874,4,正弦波,正弦波,正弦波,正弦波,三角波,正弦波
附件一（训练集）.xlsx|材料3|875,1,正弦波,正弦波,正弦波,正弦波,三角波,正弦波
附件一（训练集）.xlsx|材料3|876,0,正弦波,正弦波,正弦波,正弦波,梯形波,正弦波
附件一（训练集）.xlsx|材料3|877,3,正弦波,正弦波,正弦波,正弦波,三角波,正弦波
附件一（训练集）.xlsx|材料3|878,1,正弦波,正弦波,正弦波,正弦波,梯形波,正弦波
附件一（训练集）.xlsx|材料3|879,2,正弦波,正弦波,正弦波,正弦波,梯形波,正弦波
附件一（训练集）.xlsx|材料3|88,2,正弦波,正弦波,正弦波,正弦波,正弦波,正弦波
附件一（训练集）.xlsx|材料3|880,1,正弦波,正弦波,正弦波,正弦波,梯形波,正弦波
附件一（训练集）.xlsx|材料3|881,4,正弦波,正弦波,正弦波,正弦波,梯形波,正弦波
附件一（训练集）.xlsx|材料3|882,1,正弦波,正弦波,正弦波,正弦波,正弦波,正弦波
附件一（训练集）.xlsx|材料3|883,4,正弦波,正弦波,正弦波,正弦波,三角波,正弦波
附件一（训练集）.xlsx|材料3|884,1,正弦波,正弦波,正弦波,正弦波,三角波,正弦波
附件一（训练集）.xlsx|材料3|885,4,正弦波,正弦波,正弦波,正弦波,正弦波,正弦波
附件一（训练集）.xlsx|材料3|886,1,正弦波,正弦波,正弦波,正弦波,正弦波,正弦波
附件一（训练集）.xlsx|材料3|887,2,正弦波,正弦波,正弦波,正弦波,梯形波,正弦波
附件一（训练集）.xlsx|材料3|888,2,正弦波,正弦波,正弦波,正弦波,梯形波,正弦波
附件一（训练集）.xlsx|材料3|889,1,正弦波,正弦波,正弦波,正弦波,三角波,正弦波
附件一（训练集）.xlsx|材料3|89,3,正弦波,正弦波,正弦波,正弦波,正弦波,正弦波
附件一（训练集）.xlsx|材料3|890,3,正弦波,正弦波,正弦波,正弦波,三角波,正弦波
附件一（训练集）.xlsx|材料3|891,4,正弦波,正弦波,正弦波,正弦波,正弦波,正弦波
附件一（训练集）.xlsx|材料3|892,3,正弦波,正弦波,正弦波,正弦波,正弦波,正弦波
附件一（训练集）.xlsx|材料3|893,1,正弦波,正弦波,正弦波,正弦波,三角波,正弦波
附件一（训练集）.xlsx|材料3|894,1,正弦波,正弦波,正弦波,正弦波,三角波,正弦波
附件一（训练集）.xlsx|材料3|895,1,正弦波,正弦波,正弦波,正弦波,梯形波,正弦波
附件一（训练集）.xlsx|材料3|896,3,正弦波,正弦波,正弦波,正弦波,正弦波,正弦波
附件一（训练集）.xlsx|材料3|897,4,正弦波,正弦波,正弦波,正弦波,三角波,正弦波
附件一（训练集）.xlsx|材料3|898,3,正弦波,正弦波,正弦波,正弦波,三角波,正弦波
附件一（训练集）.xlsx|材料3|899,3,正弦波,正弦波,正弦波,正弦波,正弦波,正弦波
附件一（训练集）.xlsx|材料3|9,3,正弦波,正弦波,正弦波,正弦波,梯形波,正弦波
附件一（训练集）.xlsx|材料3|90,4,正弦波,正弦波,正弦波,正弦波,正弦波,正弦波
附件一（训练集）.xlsx|材料3|900,2,正弦波,正弦波,正弦波,正弦波,正弦波,正弦波
附件一（训练集）.xlsx|材料3|901,1,正弦波,正弦波,正弦波,正弦波,三角波,正弦波
附件一（训练集）.xlsx|材料3|902,4,正弦波,正弦波,正弦波,正弦波,三角波,正弦波
附件一（训练集）.xlsx|材料3|903,1,正弦波,正弦波,正弦波,正弦波,正弦波,正弦波
附件一（训练集）.xlsx|材料3|904,4,正弦波,正弦波,正弦波,正弦波,正弦波,正弦波
附件一（训练集）.xlsx|材料3|905,1,正弦波,正弦波,正弦波,正弦波,梯形波,正弦波
附件一（训练集）.xlsx|材料3|906,1,正弦波,正弦波,正弦波,正弦波,梯形波,正弦波
附件一（训练集）.xlsx|材料3|907,2,正弦波,正弦波,正弦波,正弦波,梯形波,正弦波
附件一（训练集）.xlsx|材料3|908,1,正弦波,正弦波,正弦波,正弦波,正弦波,正弦波
附件一（训练集）.xlsx|材料3|909,3,正弦波,正弦波,正弦波,正弦波,正弦波,正弦波
附件一（训练集）.xlsx|材料3|91,2,正弦波,正弦波,正弦波,正弦波,正弦波,正弦波
附件一（训练集）.xlsx|材料3|910,3,正弦波,正弦波,正弦波,正弦波,三角波,正弦波
附件一（训练集）.xlsx|材料3|911,0,正弦波,正弦波,正弦波,正弦波,正弦波,正弦波
附件一（训练集）.xlsx|材料3|912,4,正弦波,正弦波,正弦波,正弦波,梯形波,正弦波
附件一（训练集）.xlsx|材料3|913,4,正弦波,正弦波,正弦波,正弦波,梯形波,正弦波
附件一（训练集）.xlsx|材料3|914,3,正弦波,正弦波,正弦波,正弦波,梯形波,正弦波
附件一（训练集）.xlsx|材料3|915,1,正弦波,正弦波,正弦波,正弦波,正弦波,正弦波
附件一（训练集）.xlsx|材料3|916,2,正弦波,正弦波,正弦波,正弦波,三角波,正弦波
附件一（训练集）.xlsx|材料3|917,0,正弦波,正弦波,正弦波,正弦波,三角波,正弦波
附件一（训练集）.xlsx|材料3|918,3,正弦波,正弦波,正弦波,正弦波,正弦波,正弦波
附件一（训练集）.xlsx|材料3|919,1,正弦波,正弦波,正弦波,正弦波,三角波,正弦波
附件一（训练集）.xlsx|材料3|92,2,正弦波,正弦波,正弦波,正弦波,正弦波,正弦波
附件一（训练集）.xlsx|材料3|920,3,正弦波,正弦波,正弦波,正弦波,三角波,正弦波
附件一（训练集）.xlsx|材料3|921,2,正弦波,正弦波,正弦波,正弦波,三角波,正弦波
附件一（训练集）.xlsx|材料3|922,4,正弦波,正弦波,正弦波,正弦波,三角波,正弦波
附件一（训练集）.xlsx|材料3|923,4,正弦波,正弦波,正弦波,正弦波,正弦波,正弦波
附件一（训练集）.xlsx|材料3|924,2,正弦波,正弦波,正弦波,正弦波,三角波,正弦波
附件一（训练集）.xlsx|材料3|925,3,正弦波,正弦波,正弦波,正弦波,正弦波,正弦波
附件一（训练集）.xlsx|材料3|926,1,正弦波,正弦波,正弦波,正弦波,三角波,正弦波
附件一（训练集）.xlsx|材料3|927,2,正弦波,正弦波,正弦波,正弦波,梯形波,正弦波
附件一（训练集）.xlsx|材料3|928,2,正弦波,正弦波,正弦波,正弦波,梯形波,正弦波
附件一（训练集）.xlsx|材料3|929,1,正弦波,正弦波,正弦波,正弦波,正弦波,正弦波
附件一（训练集）.xlsx|材料3|93,4,正弦波,正弦波,正弦波,正弦波,正弦波,正弦波
附件一（训练集）.xlsx|材料3|930,2,正弦波,正弦波,正弦波,正弦波,三角波,正弦波
附件一（训练集）.xlsx|材料3|931,4,正弦波,正弦波,正弦波,正弦波,正弦波,正弦波
附件一（训练集）.xlsx|材料3|932,0,正弦波,正弦波,正弦波,正弦波,梯形波,正弦波
附件一（训练集）.xlsx|材料3|933,2,正弦波,正弦波,正弦波,正弦波,正弦波,正弦波
附件一（训练集）.xlsx|材料3|934,0,正弦波,正弦波,正弦波,正弦波,三角波,正弦波
附件一（训练集）.xlsx|材料3|935,2,正弦波,正弦波,正弦波,正弦波,梯形波,正弦波
附件一（训练集）.xlsx|材料3|936,4,正弦波,正弦波,正弦波,正弦波,正弦波,正弦波
附件一（训练集）.xlsx|材料3|937,4,正弦波,正弦波,正弦波,正弦波,三角波,正弦波
附件一（训练集）.xlsx|材料3|938,0,正弦波,正弦波,正弦波,正弦波,三角波,正弦波
附件一（训练集）.xlsx|材料3|939,1,正弦波,正弦波,正弦波,正弦波,正弦波,正弦波
附件一（训练集）.xlsx|材料3|94,1,正弦波,正弦波,正弦波,正弦波,正弦波,正弦波
附件一（训练集）.xlsx|材料3|940,1,正弦波,正弦波,正弦波,正弦波,正弦波,正弦波
附件一（训练集）.xlsx|材料3|941,2,正弦波,正弦波,正弦波,正弦波,梯形波,正弦波
附件一（训练集）.xlsx|材料3|942,0,正弦波,正弦波,正弦波,正弦波,三角波,正弦波
附件一（训练集）.xlsx|材料3|943,3,正弦波,正弦波,正弦波,正弦波,正弦波,正弦波
附件一（训练集）.xlsx|材料3|944,1,正弦波,正弦波,正弦波,正弦波,正弦波,正弦波
附件一（训练集）.xlsx|材料3|945,4,正弦波,正弦波,正弦波,正弦波,正弦波,正弦波
附件一（训练集）.xlsx|材料3|946,0,正弦波,正弦波,正弦波,正弦波,正弦波,正弦波
附件一（训练集）.xlsx|材料3|947,1,正弦波,正弦波,正弦波,正弦波,三角波,正弦波
附件一（训练集）.xlsx|材料3|948,1,正弦波,正弦波,正弦波,正弦波,三角波,正弦波
附件一（训练集）.xlsx|材料3|949,4,正弦波,正弦波,正弦波,正弦波,三角波,正弦波
附件一（训练集）.xlsx|材料3|95,0,正弦波,正弦波,正弦波,正弦波,梯形波,正弦波
附件一（训练集）.xlsx|材料3|950,0,正弦波,正弦波,正弦波,正弦波,正弦波,正弦波
附件一（训练集）.xlsx|材料3|951,0,正弦波,正弦波,正弦波,正弦波,正弦波,正弦波
附件一（训练集）.xlsx|材料3|952,0,正弦波,正弦波,正弦波,正弦波,正弦波,正弦波
附件一（训练集）.xlsx|材料3|953,1,正弦波,正弦波,正弦波,正弦波,三角波,正弦波
附件一（训练集）.xlsx|材料3|954,0,正弦波,正弦波,正弦波,正弦波,正弦波,正弦波
附件一（训练集）.xlsx|材料3|955,0,正弦波,正弦波,正弦波,正弦波,正弦波,正弦波
附件一（训练集）.xlsx|材料3|956,0,正弦波,正弦波,正弦波,正弦波,正弦波,正弦波
附件一（训练集）.xlsx|材料3|957,1,正弦波,正弦波,正弦波,正弦波,正弦波,正弦波
附件一（训练集）.xlsx|材料3|958,3,正弦波,正弦波,正弦波,正弦波,梯形波,正弦波
附件一（训练集）.xlsx|材料3|959,1,正弦波,正弦波,正弦波,正弦波,正弦波,正弦波
附件一（训练集）.xlsx|材料3|96,4,正弦波,正弦波,正弦波,正弦波,梯形波,正弦波
附件一（训练集）.xlsx|材料3|960,2,正弦波,正弦波,正弦波,正弦波,正弦波,正弦波
附件一（训练集）.xlsx|材料3|961,4,正弦波,正弦波,正弦波,正弦波,正弦波,正弦波
附件一（训练集）.xlsx|材料3|962,0,正弦波,正弦波,正弦波,正弦波,正弦波,正弦波
附件一（训练集）.xlsx|材料3|963,0,正弦波,正弦波,正弦波,正弦波,正弦波,正弦波
附件一（训练集）.xlsx|材料3|964,0,正弦波,正弦波,正弦波,正弦波,正弦波,正弦波
附件一（训练集）.xlsx|材料3|965,4,正弦波,正弦波,正弦波,正弦波,正弦波,正弦波
附件一（训练集）.xlsx|材料3|966,3,正弦波,正弦波,正弦波,正弦波,梯形波,正弦波
附件一（训练集）.xlsx|材料3|967,3,正弦波,正弦波,正弦波,正弦波,正弦波,正弦波
附件一（训练集）.xlsx|材料3|968,1,正弦波,正弦波,正弦波,正弦波,正弦波,正弦波
附件一（训练集）.xlsx|材料3|969,1,正弦波,正弦波,正弦波,正弦波,正弦波,正弦波
附件一（训练集）.xlsx|材料3|97,4,正弦波,正弦波,正弦波,正弦波,正弦波,正弦波
附件一（训练集）.xlsx|材料3|970,0,正弦波,正弦波,正弦波,正弦波,正弦波,正弦波
附件一（训练集）.xlsx|材料3|971,2,正弦波,正弦波,正弦波,正弦波,正弦波,正弦波
附件一（训练集）.xlsx|材料3|972,2,正弦波,正弦波,正弦波,正弦波,正弦波,正弦波
附件一（训练集）.xlsx|材料3|973,0,正弦波,正弦波,正弦波,正弦波,正弦波,正弦波
附件一（训练集）.xlsx|材料3|974,0,正弦波,正弦波,正弦波,正弦波,正弦波,正弦波
附件一（训练集）.xlsx|材料3|975,1,正弦波,正弦波,正弦波,正弦波,正弦波,正弦波
附件一（训练集）.xlsx|材料3|976,3,正弦波,正弦波,正弦波,正弦波,正弦波,正弦波
附件一（训练集）.xlsx|材料3|977,4,正弦波,正弦波,正弦波,正弦波,正弦波,正弦波
附件一（训练集）.xlsx|材料3|978,0,正弦波,正弦波,正弦波,正弦波,正弦波,正弦波
附件一（训练集）.xlsx|材料3|979,0,正弦波,正弦波,正弦波,正弦波,正弦波,正弦波
附件一（训练集）.xlsx|材料3|98,2,正弦波,正弦波,正弦波,正弦波,正弦波,正弦波
附件一（训练集）.xlsx|材料3|980,4,正弦波,正弦波,正弦波,正弦波,梯形波,正弦波
附件一（训练集）.xlsx|材料3|981,2,正弦波,正弦波,正弦波,正弦波,梯形波,正弦波
附件一（训练集）.xlsx|材料3|982,1,正弦波,正弦波,正弦波,正弦波,梯形波,正弦波
附件一（训练集）.xlsx|材料3|983,4,正弦波,正弦波,正弦波,正弦波,正弦波,正弦波
附件一（训练集）.xlsx|材料3|984,2,正弦波,正弦波,正弦波,正弦波,正弦波,正弦波
附件一（训练集）.xlsx|材料3|985,0,正弦波,正弦波,正弦波,正弦波,正弦波,正弦波
附件一（训练集）.xlsx|材料3|986,4,正弦波,正弦波,正弦波,正弦波,正弦波,正弦波
附件一（训练集）.xlsx|材料3|987,1,正弦波,正弦波,正弦波,正弦波,正弦波,正弦波
附件一（训练集）.xlsx|材料3|988,1,正弦波,正弦波,正弦波,正弦波,正弦波,正弦波
附件一（训练集）.xlsx|材料3|989,4,正弦波,正弦波,正弦波,正弦波,正弦波,正弦波
附件一（训练集）.xlsx|材料3|99,3,正弦波,正弦波,正弦波,正弦波,正弦波,正弦波
附件一（训练集）.xlsx|材料3|990,4,正弦波,正弦波,正弦波,正弦波,梯形波,正弦波
附件一（训练集）.xlsx|材料3|991,3,正弦波,正弦波,正弦波,正弦波,梯形波,正弦波
附件一（训练集）.xlsx|材料3|992,4,正弦波,正弦波,正弦波,正弦波,梯形波,正弦波
附件一（训练集）.xlsx|材料3|993,0,正弦波,正弦波,正弦波,正弦波,正弦波,正弦波
附件一（训练集）.xlsx|材料3|994,0,正弦波,正弦波,正弦波,正弦波,正弦波,正弦波
附件一（训练集）.xlsx|材料3|995,3,正弦波,正弦波,正弦波,正弦波,正弦波,正弦波
附件一（训练集）.xlsx|材料3|996,2,正弦波,正弦波,正弦波,正弦波,正弦波,正弦波
附件一（训练集）.xlsx|材料3|997,4,正弦波,正弦波,正弦波,正弦波,正弦波,正弦波
附件一（训练集）.xlsx|材料3|998,4,正弦波,正弦波,正弦波,正弦波,正弦波,正弦波
附件一（训练集）.xlsx|材料3|999,3,正弦波,正弦波,正弦波,正弦波,正弦波,正弦波
附件一（训练集）.xlsx|材料4|10,4,正弦波,正弦波,正弦波,正弦波,正弦波,正弦波
附件一（训练集）.xlsx|材料4|100,1,正弦波,正弦波,正弦波,正弦波,三角波,正弦波
附件一（训练集）.xlsx|材料4|1000,1,三角波,三角波,三角波,三角波,三角波,三角波
附件一（训练集）.xlsx|材料4|1001,1,三角波,三角波,三角波,三角波,三角波,三角波
附件一（训练集）.xlsx|材料4|1002,1,三角波,三角波,三角波,三角波,三角波,三角波
附件一（训练集）.xlsx|材料4|1003,1,三角波,三角波,三角波,三角波,三角波,三角波
附件一（训练集）.xlsx|材料4|1004,1,三角波,三角波,三角波,三角波,三角波,三角波
附件一（训练集）.xlsx|材料4|1005,3,三角波,三角波,三角波,三角波,三角波,三角波
附件一（训练集）.xlsx|材料4|1006,4,三角波,三角波,三角波,三角波,三角波,三角波
附件一（训练集）.xlsx|材料4|1007,4,三角波,三角波,三角波,三角波,三角波,三角波
附件一（训练集）.xlsx|材料4|1008,3,三角波,三角波,三角波,三角波,三角波,三角波
附件一（训练集）.xlsx|材料4|1009,4,三角波,三角波,三角波,三角波,三角波,三角波
附件一（训练集）.xlsx|材料4|101,0,正弦波,正弦波,正弦波,正弦波,三角波,正弦波
附件一（训练集）.xlsx|材料4|1010,1,三角波,三角波,三角波,三角波,三角波,三角波
附件一（训练集）.xlsx|材料4|1011,4,三角波,三角波,三角波,三角波,三角波,三角波
附件一（训练集）.xlsx|材料4|1012,4,三角波,三角波,三角波,三角波,三角波,三角波
附件一（训练集）.xlsx|材料4|1013,4,三角波,三角波,三角波,三角波,三角波,三角波
附件一（训练集）.xlsx|材料4|1014,3,三角波,三角波,三角波,三角波,三角波,三角波
附件一（训练集）.xlsx|材料4|1015,0,三角波,三角波,三角波,三角波,三角波,三角波
附件一（训练集）.xlsx|材料4|1016,2,三角波,三角波,三角波,三角波,三角波,三角波
附件一（训练集）.xlsx|材料4|1017,1,三角波,三角波,三角波,三角波,三角波,三角波
附件一（训练集）.xlsx|材料4|1018,2,三角波,三角波,三角波,三角波,三角波,三角波
附件一（训练集）.xlsx|材料4|1019,1,三角波,三角波,三角波,三角波,三角波,三角波
附件一（训练集）.xlsx|材料4|102,0,正弦波,正弦波,正弦波,正弦波,三角波,正弦波
附件一（训练集）.xlsx|材料4|1020,1,三角波,三角波,三角波,三角波,三角波,三角波
附件一（训练集）.xlsx|材料4|1021,3,三角波,三角波,三角波,三角波,三角波,三角波
附件一（训练集）.xlsx|材料4|1022,1,三角波,三角波,三角波,三角波,三角波,三角波
附件一（训练集）.xlsx|材料4|1023,0,三角波,三角波,三角波,三角波,三角波,三角波
附件一（训练集）.xlsx|材料4|1024,0,三角波,三角波,三角波,三角波,三角波,三角波
附件一（训练集）.xlsx|材料4|1025,1,三角波,三角波,三角波,三角波,三角波,三角波
附件一（训练集）.xlsx|材料4|1026,4,三角波,三角波,三角波,三角波,三角波,三角波
附件一（训练集）.xlsx|材料4|1027,1,三角波,三角波,三角波,三角波,三角波,三角波
附件一（训练集）.xlsx|材料4|1028,0,三角波,三角波,三角波,三角波,三角波,三角波
附件一（训练集）.xlsx|材料4|1029,1,三角波,三角波,三角波,三角波,三角波,三角波
附件一（训练集）.xlsx|材料4|103,0,正弦波,正弦波,正弦波,正弦波,三角波,正弦波
附件一（训练集）.xlsx|材料4|1030,4,三角波,三角波,三角波,三角波,三角波,三角波
附件一（训练集）.xlsx|材料4|1031,3,三角波,三角波,三角波,三角波,三角波,三角波
附件一（训练集）.xlsx|材料4|1032,0,三角波,三角波,三角波,三角波,三角波,三角波
附件一（训练集）.xlsx|材料4|1033,3,三角波,三角波,三角波,三角波,三角波,三角波
附件一（训练集）.xlsx|材料4|1034,1,三角波,三角波,三角波,三角波,三角波,三角波
附件一（训练集）.xlsx|材料4|1035,4,三角波,三角波,三角波,三角波,三角波,三角波
附件一（训练集）.xlsx|材料4|1036,2,三角波,三角波,三角波,三角波,三角波,三角波
附件一（训练集）.xlsx|材料4|1037,1,三角波,三角波,三角波,三角波,三角波,三角波
附件一（训练集）.xlsx|材料4|1038,0,三角波,三角波,三角波,三角波,三角波,三角波
附件一（训练集）.xlsx|材料4|1039,3,三角波,三角波,三角波,三角波,三角波,三角波
附件一（训练集）.xlsx|材料4|104,1,正弦波,正弦波,正弦波,正弦波,三角波,正弦波
附件一（训练集）.xlsx|材料4|1040,2,三角波,三角波,三角波,三角波,三角波,三角波
附件一（训练集）.xlsx|材料4|1041,1,三角波,三角波,三角波,三角波,三角波,三角波
附件一（训练集）.xlsx|材料4|1042,3,三角波,三角波,三角波,三角波,三角波,三角波
附件一（训练集）.xlsx|材料4|1043,0,三角波,三角波,三角波,三角波,三角波,三角波
附件一（训练集）.xlsx|材料4|1044,2,三角波,三角波,三角波,三角波,三角波,三角波
附件一（训练集）.xlsx|材料4|1045,3,三角波,三角波,三角波,三角波,三角波,三角波
附件一（训练集）.xlsx|材料4|1046,3,三角波,三角波,三角波,三角波,三角波,三角波
附件一（训练集）.xlsx|材料4|1047,1,三角波,三角波,三角波,三角波,三角波,三角波
附件一（训练集）.xlsx|材料4|1048,3,三角波,三角波,三角波,三角波,三角波,三角波
附件一（训练集）.xlsx|材料4|1049,1,三角波,三角波,三角波,三角波,三角波,三角波
附件一（训练集）.xlsx|材料4|105,1,正弦波,正弦波,正弦波,正弦波,三角波,正弦波
附件一（训练集）.xlsx|材料4|1050,1,三角波,三角波,三角波,三角波,三角波,三角波
附件一（训练集）.xlsx|材料4|1051,0,三角波,三角波,三角波,三角波,三角波,三角波
附件一（训练集）.xlsx|材料4|1052,0,三角波,三角波,三角波,三角波,三角波,三角波
附件一（训练集）.xlsx|材料4|1053,2,三角波,三角波,三角波,三角波,三角波,三角波
附件一（训练集）.xlsx|材料4|1054,4,三角波,三角波,三角波,三角波,三角波,三角波
附件一（训练集）.xlsx|材料4|1055,0,三角波,三角波,三角波,三角波,三角波,三角波
附件一（训练集）.xlsx|材料4|1056,2,三角波,三角波,三角波,三角波,三角波,三角波
附件一（训练集）.xlsx|材料4|1057,1,三角波,三角波,三角波,三角波,三角波,三角波
附件一（训练集）.xlsx|材料4|1058,0,三角波,三角波,三角波,三角波,三角波,三角波
附件一（训练集）.xlsx|材料4|1059,4,三角波,三角波,三角波,三角波,三角波,三角波
附件一（训练集）.xlsx|材料4|106,0,正弦波,正弦波,正弦波,正弦波,三角波,正弦波
附件一（训练集）.xlsx|材料4|1060,2,三角波,三角波,三角波,三角波,三角波,三角波
附件一（训练集）.xlsx|材料4|1061,2,三角波,三角波,三角波,三角波,三角波,三角波
附件一（训练集）.xlsx|材料4|1062,3,三角波,三角波,三角波,三角波,三角波,三角波
附件一（训练集）.xlsx|材料4|1063,2,三角波,三角波,三角波,三角波,三角波,三角波
附件一（训练集）.xlsx|材料4|1064,4,三角波,三角波,三角波,三角波,三角波,三角波
附件一（训练集）.xlsx|材料4|1065,3,三角波,三角波,三角波,三角波,三角波,三角波
附件一（训练集）.xlsx|材料4|1066,4,三角波,三角波,三角波,三角波,三角波,三角波
附件一（训练集）.xlsx|材料4|1067,2,三角波,三角波,三角波,三角波,三角波,三角波
附件一（训练集）.xlsx|材料4|1068,2,三角波,三角波,三角波,三角波,三角波,三角波
附件一（训练集）.xlsx|材料4|1069,4,三角波,三角波,三角波,三角波,三角波,三角波
附件一（训练集）.xlsx|材料4|107,2,正弦波,正弦波,正弦波,正弦波,正弦波,正弦波
附件一（训练集）.xlsx|材料4|1070,0,三角波,三角波,三角波,三角波,三角波,三角波
附件一（训练集）.xlsx|材料4|1071,1,三角波,三角波,三角波,三角波,三角波,三角波
附件一（训练集）.xlsx|材料4|1072,3,三角波,三角波,三角波,三角波,三角波,三角波
附件一（训练集）.xlsx|材料4|1073,3,三角波,三角波,三角波,三角波,三角波,三角波
附件一（训练集）.xlsx|材料4|1074,4,三角波,三角波,三角波,三角波,三角波,三角波
附件一（训练集）.xlsx|材料4|1075,3,三角波,三角波,三角波,三角波,三角波,三角波
附件一（训练集）.xlsx|材料4|1076,1,三角波,三角波,三角波,三角波,三角波,三角波
附件一（训练集）.xlsx|材料4|1077,0,三角波,三角波,三角波,三角波,三角波,三角波
附件一（训练集）.xlsx|材料4|1078,4,三角波,三角波,三角波,三角波,三角波,三角波
附件一（训练集）.xlsx|材料4|1079,0,三角波,三角波,三角波,三角波,三角波,三角波
附件一（训练集）.xlsx|材料4|108,2,正弦波,正弦波,正弦波,正弦波,正弦波,正弦波
附件一（训练集）.xlsx|材料4|1080,2,三角波,三角波,三角波,三角波,三角波,三角波
附件一（训练集）.xlsx|材料4|1081,3,三角波,三角波,三角波,三角波,正弦波,三角波
附件一（训练集）.xlsx|材料4|1082,3,三角波,三角波,三角波,三角波,正弦波,三角波
附件一（训练集）.xlsx|材料4|1083,2,三角波,三角波,三角波,三角波,正弦波,三角波
附件一（训练集）.xlsx|材料4|1084,2,三角波,三角波,三角波,三角波,正弦波,三角波
附件一（训练集）.xlsx|材料4|1085,2,三角波,三角波,三角波,三角波,正弦波,三角波
附件一（训练集）.xlsx|材料4|1086,2,三角波,三角波,三角波,三角波,正弦波,三角波
附件一（训练集）.xlsx|材料4|1087,2,三角波,三角波,三角波,三角波,正弦波,三角波
附件一（训练集）.xlsx|材料4|1088,2,三角波,三角波,三角波,三角波,正弦波,三角波
附件一（训练集）.xlsx|材料4|1089,4,三角波,三角波,三角波,三角波,三角波,三角波
附件一（训练集）.xlsx|材料4|109,0,正弦波,正弦波,正弦波,正弦波,三角波,正弦波
附件一（训练集）.xlsx|材料4|1090,2,三角波,三角波,三角波,三角波,三角波,三角波
附件一（训练集）.xlsx|材料4|1091,2,三角波,三角波,三角波,三角波,三角波,三角波
附件一（训练集）.xlsx|材料4|1092,2,三角波,三角波,三角波,三角波,三角波,三角波
附件一（训练集）.xlsx|材料4|1093,0,三角波,三角波,三角波,三角波,三角波,三角波
附件一（训练集）.xlsx|材料4|1094,3,三角波,三角波,三角波,三角波,正弦波,三角波
附件一（训练集）.xlsx|材料4|1095,1,三角波,三角波,三角波,三角波,正弦波,三角波
附件一（训练集）.xlsx|材料4|1096,0,三角波,三角波,三角波,三角波,正弦波,三角波
附件一（训练集）.xlsx|材料4|1097,4,三角波,三角波,三角波,三角波,正弦波,三角波
附件一（训练集）.xlsx|材料4|1098,2,三角波,三角波,三角波,三角波,正弦波,三角波
附件一（训练集）.xlsx|材料4|1099,2,三角波,三角波,三角波,三角波,三角波,三角波
附件一（训练集）.xlsx|材料4|11,1,正弦波,正弦波,正弦波,正弦波,正弦波,正弦波
附件一（训练集）.xlsx|材料4|110,2,正弦波,正弦波,正弦波,正弦波,三角波,正弦波
附件一（训练集）.xlsx|材料4|1100,2,三角波,三角波,三角波,三角波,三角波,三角波
附件一（训练集）.xlsx|材料4|1101,2,三角波,三角波,三角波,三角波,三角波,三角波
附件一（训练集）.xlsx|材料4|1102,2,三角波,三角波,三角波,三角波,三角波,三角波
附件一（训练集）.xlsx|材料4|1103,2,三角波,三角波,三角波,三角波,三角波,三角波
附件一（训练集）.xlsx|材料4|1104,2,三角波,三角波,三角波,三角波,三角波,三角波
附件一（训练集）.xlsx|材料4|1105,2,三角波,三角波,三角波,三角波,三角波,三角波
附件一（训练集）.xlsx|材料4|1106,4,三角波,三角波,三角波,三角波,三角波,三角波
附件一（训练集）.xlsx|材料4|1107,2,三角波,三角波,三角波,三角波,三角波,三角波
附件一（训练集）.xlsx|材料4|1108,0,三角波,三角波,三角波,三角波,正弦波,三角波
附件一（训练集）.xlsx|材料4|1109,0,三角波,三角波,三角波,三角波,正弦波,三角波
附件一（训练集）.xlsx|材料4|111,0,正弦波,正弦波,正弦波,正弦波,三角波,正弦波
附件一（训练集）.xlsx|材料4|1110,0,三角波,三角波,三角波,三角波,正弦波,三角波
附件一（训练集）.xlsx|材料4|1111,0,三角波,三角波,三角波,三角波,三角波,三角波
附件一（训练集）.xlsx|材料4|1112,2,三角波,三角波,三角波,三角波,正弦波,三角波
附件一（训练集）.xlsx|材料4|1113,2,三角波,三角波,三角波,三角波,三角波,三角波
附件一（训练集）.xlsx|材料4|1114,1,三角波,三角波,三角波,三角波,三角波,三角波
附件一（训练集）.xlsx|材料4|1115,1,三角波,三角波,三角波,三角波,三角波,三角波
附件一（训练集）.xlsx|材料4|1116,2,三角波,三角波,三角波,三角波,三角波,三角波
附件一（训练集）.xlsx|材料4|1117,0,三角波,三角波,三角波,三角波,三角波,三角波
附件一（训练集）.xlsx|材料4|1118,4,三角波,三角波,三角波,三角波,三角波,三角波
附件一（训练集）.xlsx|材料4|1119,4,三角波,三角波,三角波,三角波,正弦波,三角波
附件一（训练集）.xlsx|材料4|112,0,正弦波,正弦波,正弦波,正弦波,三角波,正弦波
附件一（训练集）.xlsx|材料4|1120,2,三角波,三角波,三角波,三角波,正弦波,三角波
附件一（训练集）.xlsx|材料4|1121,4,三角波,三角波,三角波,三角波,正弦波,三角波
附件一（训练集）.xlsx|材料4|1122,2,三角波,三角波,三角波,三角波,正弦波,三角波
附件一（训练集）.xlsx|材料4|1123,2,三角波,三角波,三角波,三角波,正弦波,三角波
附件一（训练集）.xlsx|材料4|1124,2,三角波,三角波,三角波,三角波,正弦波,三角波
附件一（训练集）.xlsx|材料4|1125,2,三角波,三角波,三角波,三角波,三角波,三角波
附件一（训练集）.xlsx|材料4|1126,1,三角波,三角波,三角波,三角波,三角波,三角波
附件一（训练集）.xlsx|材料4|1127,4,三角波,三角波,三角波,三角波,三角波,三角波
附件一（训练集）.xlsx|材料4|1128,1,三角波,三角波,三角波,三角波,三角波,三角波
附件一（训练集）.xlsx|材料4|1129,2,三角波,三角波,三角波,三角波,三角波,三角波
附件一（训练集）.xlsx|材料4|113,3,正弦波,正弦波,正弦波,正弦波,三角波,正弦波
附件一（训练集）.xlsx|材料4|1130,2,三角波,三角波,三角波,三角波,三角波,三角波
附件一（训练集）.xlsx|材料4|1131,3,三角波,三角波,三角波,三角波,三角波,三角波
附件一（训练集）.xlsx|材料4|1132,3,三角波,三角波,三角波,三角波,三角波,三角波
附件一（训练集）.xlsx|材料4|1133,1,三角波,三角波,三角波,三角波,三角波,三角波
附件一（训练集）.xlsx|材料4|1134,1,三角波,三角波,三角波,三角波,三角波,三角波
附件一（训练集）.xlsx|材料4|1135,1,三角波,三角波,三角波,三角波,三角波,三角波
附件一（训练集）.xlsx|材料4|1136,2,三角波,三角波,三角波,三角波,三角波,三角波
附件一（训练集）.xlsx|材料4|1137,1,三角波,三角波,三角波,三角波,三角波,三角波
附件一（训练集）.xlsx|材料4|1138,2,三角波,三角波,三角波,三角波,正弦波,三角波
附件一（训练集）.xlsx|材料4|1139,3,三角波,三角波,三角波,三角波,正弦波,三角波
附件一（训练集）.xlsx|材料4|114,4,正弦波,正弦波,正弦波,正弦波,三角波,正弦波
附件一（训练集）.xlsx|材料4|1140,1,三角波,三角波,三角波,三角波,正弦波,三角波
附件一（训练集）.xlsx|材料4|1141,2,三角波,三角波,三角波,三角波,正弦波,三角波
附件一（训练集）.xlsx|材料4|1142,2,三角波,三角波,三角波,三角波,正弦波,三角波
附件一（训练集）.xlsx|材料4|1143,0,三角波,三角波,三角波,三角波,三角波,三角波
附件一（训练集）.xlsx|材料4|1144,2,三角波,三角波,三角波,三角波,三角波,三角波
附件一（训练集）.xlsx|材料4|1145,1,三角波,三角波,三角波,三角波,三角波,三角波
附件一（训练集）.xlsx|材料4|1146,2,三角波,三角波,三角波,三角波,三角波,三角波
附件一（训练集）.xlsx|材料4|1147,1,三角波,三角波,三角波,三角波,三角波,三角波
附件一（训练集）.xlsx|材料4|1148,4,三角波,三角波,三角波,三角波,三角波,三角波
附件一（训练集）.xlsx|材料4|1149,0,三角波,三角波,三角波,三角波,三角波,三角波
附件一（训练集）.xlsx|材料4|115,1,正弦波,正弦波,正弦波,正弦波,三角波,正弦波
附件一（训练集）.xlsx|材料4|1150,4,三角波,三角波,三角波,三角波,三角波,三角波
附件一（训练集）.xlsx|材料4|1151,4,三角波,三角波,三角波,三角波,三角波,三角波
附件一（训练集）.xlsx|材料4|1152,3,三角波,三角波,三角波,三角波,三角波,三角波
附件一（训练集）.xlsx|材料4|1153,0,三角波,三角波,三角波,三角波,三角波,三角波
附件一（训练集）.xlsx|材料4|1154,1,三角波,三角波,三角波,三角波,三角波,三角波
附件一（训练集）.xlsx|材料4|1155,0,三角波,三角波,三角波,三角波,正弦波,三角波
附件一（训练集）.xlsx|材料4|1156,1,三角波,三角波,三角波,三角波,正弦波,三角波
附件一（训练集）.xlsx|材料4|1157,3,三角波,三角波,三角波,三角波,三角波,三角波
附件一（训练集）.xlsx|材料4|1158,3,三角波,三角波,三角波,三角波,三角波,三角波
附件一（训练集）.xlsx|材料4|1159,3,三角波,三角波,三角波,三角波,三角波,三角波
附件一（训练集）.xlsx|材料4|116,0,正弦波,正弦波,正弦波,正弦波,三角波,正弦波
附件一（训练集）.xlsx|材料4|1160,2,三角波,三角波,三角波,三角波,三角波,三角波
附件一（训练集）.xlsx|材料4|1161,3,三角波,三角波,三角波,三角波,正弦波,三角波
附件一（训练集）.xlsx|材料4|1162,2,三角波,三角波,三角波,三角波,正弦波,三角波
附件一（训练集）.xlsx|材料4|1163,1,三角波,三角波,三角波,三角波,正弦波,三角波
附件一（训练集）.xlsx|材料4|1164,0,三角波,三角波,三角波,三角波,正弦波,三角波
附件一（训练集）.xlsx|材料4|1165,0,三角波,三角波,三角波,三角波,正弦波,三角波
附件一（训练集）.xlsx|材料4|1166,4,三角波,三角波,三角波,三角波,正弦波,三角波
附件一（训练集）.xlsx|材料4|1167,2,三角波,三角波,三角波,三角波,正弦波,三角波
附件一（训练集）.xlsx|材料4|1168,4,三角波,三角波,三角波,三角波,正弦波,三角波
附件一（训练集）.xlsx|材料4|1169,3,三角波,三角波,三角波,三角波,正弦波,三角波
附件一（训练集）.xlsx|材料4|117,2,正弦波,正弦波,正弦波,正弦波,正弦波,正弦波
附件一（训练集）.xlsx|材料4|1170,4,三角波,三角波,三角波,三角波,三角波,三角波
附件一（训练集）.xlsx|材料4|1171,4,三角波,三角波,三角波,三角波,三角波,三角波
附件一（训练集）.xlsx|材料4|1172,1,三角波,三角波,三角波,三角波,三角波,三角波
附件一（训练集）.xlsx|材料4|1173,1,三角波,三角波,三角波,三角波,三角波,三角波
附件一（训练集）.xlsx|材料4|1174,4,三角波,三角波,三角波,三角波,三角波,三角波
附件一（训练集）.xlsx|材料4|1175,4,三角波,三角波,三角波,三角波,三角波,三角波
附件一（训练集）.xlsx|材料4|1176,1,三角波,三角波,三角波,三角波,正弦波,三角波
附件一（训练集）.xlsx|材料4|1177,3,三角波,三角波,三角波,三角波,正弦波,三角波
附件一（训练集）.xlsx|材料4|1178,1,三角波,三角波,三角波,三角波,正弦波,三角波
附件一（训练集）.xlsx|材料4|1179,3,三角波,三角波,三角波,三角波,正弦波,三角波
附件一（训练集）.xlsx|材料4|118,0,正弦波,正弦波,正弦波,正弦波,三角波,正弦波
附件一（训练集）.xlsx|材料4|1180,1,三角波,三角波,三角波,三角波,正弦波,三角波
附件一（训练集）.xlsx|材料4|1181,3,三角波,三角波,三角波,三角波,正弦波,三角波
附件一（训练集）.xlsx|材料4|1182,3,三角波,三角波,三角波,三角波,三角波,三角波
附件一（训练集）.xlsx|材料4|1183,3,三角波,三角波,三角波,三角波,三角波,三角波
附件一（训练集）.xlsx|材料4|1184,3,三角波,三角波,三角波,三角波,三角波,三角波
附件一（训练集）.xlsx|材料4|1185,1,三角波,三角波,三角波,三角波,三角波,三角波
附件一（训练集）.xlsx|材料4|1186,0,三角波,三角波,三角波,三角波,三角波,三角波
附件一（训练集）.xlsx|材料4|1187,1,三角波,三角波,三角波,三角波,三角波,三角波
附件一（训练集）.xlsx|材料4|1188,3,三角波,三角波,三角波,三角波,三角波,三角波
附件一（训练集）.xlsx|材料4|1189,1,三角波,三角波,三角波,三角波,三角波,三角波
附件一（训练集）.xlsx|材料4|119,2,正弦波,正弦波,正弦波,正弦波,三角波,正弦波
附件一（训练集）.xlsx|材料4|1190,1,三角波,三角波,三角波,三角波,三角波,三角波
附件一（训练集）.xlsx|材料4|1191,3,三角波,三角波,三角波,三角波,三角波,三角波
附件一（训练集）.xlsx|材料4|1192,3,三角波,三角波,三角波,三角波,正弦波,三角波
附件一（训练集）.xlsx|材料4|1193,1,三角波,三角波,三角波,三角波,正弦波,三角波
附件一（训练集）.xlsx|材料4|1194,3,三角波,三角波,三角波,三角波,三角波,三角波
附件一（训练集）.xlsx|材料4|1195,2,三角波,三角波,三角波,三角波,正弦波,三角波
附件一（训练集）.xlsx|材料4|1196,2,三角波,三角波,三角波,三角波,正弦波,三角波
附件一（训练集）.xlsx|材料4|1197,2,三角波,三角波,三角波,三角波,正弦波,三角波
附件一（训练集）.xlsx|材料4|1198,1,三角波,三角波,三角波,三角波,三角波,三角波
附件一（训练集）.xlsx|材料4|1199,0,三角波,三角波,三角波,三角波,三角波,三角波
附件一（训练集）.xlsx|材料4|12,0,正弦波,正弦波,正弦波,正弦波,正弦波,正弦波
附件一（训练集）.xlsx|材料4|120,3,正弦波,正弦波,正弦波,正弦波,三角波,正弦波
附件一（训练集）.xlsx|材料4|1200,3,三角波,三角波,三角波,三角波,三角波,三角波
附件一（训练集）.xlsx|材料4|1201,0,三角波,三角波,三角波,三角波,三角波,三角波
附件一（训练集）.xlsx|材料4|1202,3,三角波,三角波,三角波,三角波,三角波,三角波
附件一（训练集）.xlsx|材料4|1203,4,三角波,三角波,三角波,三角波,正弦波,三角波
附件一（训练集）.xlsx|材料4|1204,3,三角波,三角波,三角波,三角波,正弦波,三角波
附件一（训练集）.xlsx|材料4|1205,4,三角波,三角波,三角波,三角波,正弦波,三角波
附件一（训练集）.xlsx|材料4|1206,4,三角波,三角波,三角波,三角波,正弦波,三角波
附件一（训练集）.xlsx|材料4|1207,1,三角波,三角波,三角波,三角波,三角波,三角波
附件一（训练集）.xlsx|材料4|1208,1,三角波,三角波,三角波,三角波,三角波,三角波
附件一（训练集）.xlsx|材料4|1209,3,三角波,三角波,三角波,三角波,三角波,三角波
附件一（训练集）.xlsx|材料4|121,3,正弦波,正弦波,正弦波,正弦波,三角波,正弦波
附件一（训练集）.xlsx|材料4|1210,1,三角波,三角波,三角波,三角波,三角波,三角波
附件一（训练集）.xlsx|材料4|1211,1,三角波,三角波,三角波,三角波,三角波,三角波
附件一（训练集）.xlsx|材料4|1212,4,三角波,三角波,三角波,三角波,三角波,三角波
附件一（训练集）.xlsx|材料4|1213,3,三角波,三角波,三角波,三角波,三角波,三角波
附件一（训练集）.xlsx|材料4|1214,3,三角波,三角波,三角波,三角波,三角波,三角波
附件一（训练集）.xlsx|材料4|1215,4,三角波,三角波,三角波,三角波,三角波,三角波
附件一（训练集）.xlsx|材料4|1216,2,三角波,三角波,三角波,三角波,三角波,三角波
附件一（训练集）.xlsx|材料4|1217,3,三角波,三角波,三角波,三角波,三角波,三角波
附件一（训练集）.xlsx|材料4|1218,2,三角波,三角波,三角波,三角波,正弦波,三角波
附件一（训练集）.xlsx|材料4|1219,3,三角波,三角波,三角波,三角波,正弦波,三角波
附件一（训练集）.xlsx|材料4|122,3,正弦波,正弦波,正弦波,正弦波,三角波,正弦波
附件一（训练集）.xlsx|材料4|1220,1,三角波,三角波,三角波,三角波,正弦波,三角波
附件一（训练集）.xlsx|材料4|1221,3,三角波,三角波,三角波,三角波,三角波,三角波
附件一（训练集）.xlsx|材料4|1222,1,三角波,三角波,三角波,三角波,三角波,三角波
附件一（训练集）.xlsx|材料4|1223,4,三角波,三角波,三角波,三角波,三角波,三角波
附件一（训练集）.xlsx|材料4|1224,3,三角波,三角波,三角波,三角波,三角波,三角波
附件一（训练集）.xlsx|材料4|1225,1,三角波,三角波,三角波,三角波,三角波,三角波
附件一（训练集）.xlsx|材料4|1226,1,三角波,三角波,三角波,三角波,三角波,三角波
附件一（训练集）.xlsx|材料4|1227,0,三角波,三角波,三角波,三角波,三角波,三角波
附件一（训练集）.xlsx|材料4|1228,4,三角波,三角波,三角波,三角波,三角波,三角波
附件一（训练集）.xlsx|材料4|1229,3,三角波,三角波,三角波,三角波,三角波,三角波
附件一（训练集）.xlsx|材料4|123,4,正弦波,正弦波,正弦波,正弦波,三角波,正弦波
附件一（训练集）.xlsx|材料4|1230,3,三角波,三角波,三角波,三角波,正弦波,三角波
附件一（训练集）.xlsx|材料4|1231,3,三角波,三角波,三角波,三角波,三角波,三角波
附件一（训练集）.xlsx|材料4|1232,4,三角波,三角波,三角波,三角波,三角波,三角波
附件一（训练集）.xlsx|材料4|1233,4,三角波,三角波,三角波,三角波,三角波,三角波
附件一（训练集）.xlsx|材料4|1234,4,三角波,三角波,三角波,三角波,三角波,三角波
附件一（训练集）.xlsx|材料4|1235,4,三角波,三角波,三角波,三角波,三角波,三角波
附件一（训练集）.xlsx|材料4|1236,1,三角波,三角波,三角波,三角波,三角波,三角波
附件一（训练集）.xlsx|材料4|1237,2,三角波,三角波,三角波,三角波,三角波,三角波
附件一（训练集）.xlsx|材料4|1238,4,三角波,三角波,三角波,三角波,三角波,三角波
附件一（训练集）.xlsx|材料4|1239,2,三角波,三角波,三角波,三角波,三角波,三角波
附件一（训练集）.xlsx|材料4|124,1,正弦波,正弦波,正弦波,正弦波,三角波,正弦波
附件一（训练集）.xlsx|材料4|1240,3,三角波,三角波,三角波,三角波,三角波,三角波
附件一（训练集）.xlsx|材料4|1241,1,三角波,三角波,三角波,三角波,三角波,三角波
附件一（训练集）.xlsx|材料4|1242,1,三角波,三角波,三角波,三角波,三角波,三角波
附件一（训练集）.xlsx|材料4|1243,3,三角波,三角波,三角波,三角波,三角波,三角波
附件一（训练集）.xlsx|材料4|1244,4,三角波,三角波,三角波,三角波,三角波,三角波
附件一（训练集）.xlsx|材料4|1245,3,三角波,三角波,三角波,三角波,三角波,三角波
附件一（训练集）.xlsx|材料4|1246,3,三角波,三角波,三角波,三角波,三角波,三角波
附件一（训练集）.xlsx|材料4|1247,3,三角波,三角波,三角波,三角波,三角波,三角波
附件一（训练集）.xlsx|材料4|1248,3,三角波,三角波,三角波,三角波,三角波,三角波
附件一（训练集）.xlsx|材料4|1249,0,三角波,三角波,三角波,三角波,三角波,三角波
附件一（训练集）.xlsx|材料4|125,4,正弦波,正弦波,正弦波,正弦波,三角波,正弦波
附件一（训练集）.xlsx|材料4|1250,4,三角波,三角波,三角波,三角波,三角波,三角波
附件一（训练集）.xlsx|材料4|1251,0,三角波,三角波,三角波,三角波,三角波,三角波
附件一（训练集）.xlsx|材料4|1252,0,三角波,三角波,三角波,三角波,三角波,三角波
附件一（训练集）.xlsx|材料4|1253,1,三角波,三角波,三角波,三角波,三角波,三角波
附件一（训练集）.xlsx|材料4|1254,1,三角波,三角波,三角波,三角波,三角波,三角波
附件一（训练集）.xlsx|材料4|1255,3,三角波,三角波,三角波,三角波,三角波,三角波
附件一（训练集）.xlsx|材料4|1256,0,三角波,三角波,三角波,三角波,三角波,三角波
附件一（训练集）.xlsx|材料4|1257,3,三角波,三角波,三角波,三角波,三角波,三角波
附件一（训练集）.xlsx|材料4|1258,3,三角波,三角波,三角波,三角波,三角波,三角波
附件一（训练集）.xlsx|材料4|1259,4,三角波,三角波,三角波,三角波,三角波,三角波
附件一（训练集）.xlsx|材料4|126,2,正弦波,正弦波,正弦波,正弦波,三角波,正弦波
附件一（训练集）.xlsx|材料4|1260,4,三角波,三角波,三角波,三角波,三角波,三角波
附件一（训练集）.xlsx|材料4|1261,3,三角波,三角波,三角波,三角波,三角波,三角波
附件一（训练集）.xlsx|材料4|1262,4,三角波,三角波,三角波,三角波,三角波,三角波
附件一（训练集）.xlsx|材料4|1263,0,三角波,三角波,三角波,三角波,三角波,三角波
附件一（训练集）.xlsx|材料4|1264,4,三角波,三角波,三角波,三角波,三角波,三角波
附件一（训练集）.xlsx|材料4|1265,4,三角波,三角波,三角波,三角波,三角波,三角波
附件一（训练集）.xlsx|材料4|1266,1,三角波,三角波,三角波,三角波,三角波,三角波
附件一（训练集）.xlsx|材料4|1267,1,三角波,三角波,三角波,三角波,三角波,三角波
附件一（训练集）.xlsx|材料4|1268,1,三角波,三角波,三角波,三角波,三角波,三角波
附件一（训练集）.xlsx|材料4|1269,1,三角波,三角波,三角波,三角波,三角波,三角波
附件一（训练集）.xlsx|材料4|127,4,正弦波,正弦波,正弦波,正弦波,三角波,正弦波
附件一（训练集）.xlsx|材料4|1270,4,三角波,三角波,三角波,三角波,三角波,三角波
附件一（训练集）.xlsx|材料4|1271,4,三角波,三角波,三角波,三角波,三角波,三角波
附件一（训练集）.xlsx|材料4|1272,4,三角波,三角波,三角波,三角波,三角波,三角波
附件一（训练集）.xlsx|材料4|1273,1,三角波,三角波,三角波,三角波,三角波,三角波
附件一（训练集）.xlsx|材料4|1274,4,三角波,三角波,三角波,三角波,三角波,三角波
附件一（训练集）.xlsx|材料4|1275,3,三角波,三角波,三角波,三角波,三角波,三角波
附件一（训练集）.xlsx|材料4|1276,3,三角波,三角波,三角波,三角波,三角波,三角波
附件一（训练集）.xlsx|材料4|1277,4,三角波,三角波,三角波,三角波,三角波,三角波
附件一（训练集）.xlsx|材料4|1278,4,三角波,三角波,三角波,三角波,三角波,三角波
附件一（训练集）.xlsx|材料4|1279,4,三角波,三角波,三角波,三角波,三角波,三角波
附件一（训练集）.xlsx|材料4|128,0,正弦波,正弦波,正弦波,正弦波,三角波,正弦波
附件一（训练集）.xlsx|材料4|1280,4,三角波,三角波,三角波,三角波,三角波,三角波
附件一（训练集）.xlsx|材料4|1281,2,三角波,三角波,三角波,三角波,三角波,三角波
附件一（训练集）.xlsx|材料4|1282,4,三角波,三角波,三角波,三角波,三角波,三角波
附件一（训练集）.xlsx|材料4|1283,2,三角波,三角波,三角波,三角波,三角波,三角波
附件一（训练集）.xlsx|材料4|1284,0,三角波,三角波,三角波,三角波,三角波,三角波
附件一（训练集）.xlsx|材料4|1285,0,三角波,三角波,三角波,三角波,三角波,三角波
附件一（训练集）.xlsx|材料4|1286,4,三角波,三角波,三角波,三角波,三角波,三角波
附件一（训练集）.xlsx|材料4|1287,1,三角波,三角波,三角波,三角波,三角波,三角波
附件一（训练集）.xlsx|材料4|1288,0,三角波,三角波,三角波,三角波,三角波,三角波
附件一（训练集）.xlsx|材料4|1289,2,三角波,三角波,三角波,三角波,三角波,三角波
附件一（训练集）.xlsx|材料4|129,1,正弦波,正弦波,正弦波,正弦波,三角波,正弦波
附件一（训练集）.xlsx|材料4|1290,4,三角波,三角波,三角波,三角波,三角波,三角波
附件一（训练集）.xlsx|材料4|1291,0,三角波,三角波,三角波,三角波,三角波,三角波
附件一（训练集）.xlsx|材料4|1292,1,三角波,三角波,三角波,三角波,三角波,三角波
附件一（训练集）.xlsx|材料4|1293,1,三角波,三角波,三角波,三角波,三角波,三角波
附件一（训练集）.xlsx|材料4|1294,1,三角波,三角波,三角波,三角波,三角波,三角波
附件一（训练集）.xlsx|材料4|1295,1,三角波,三角波,三角波,三角波,三角波,三角波
附件一（训练集）.xlsx|材料4|1296,1,三角波,三角波,三角波,三角波,三角波,三角波
附件一（训练集）.xlsx|材料4|1297,3,三角波,三角波,三角波,三角波,三角波,三角波
附件一（训练集）.xlsx|材料4|1298,4,三角波,三角波,三角波,三角波,三角波,三角波
附件一（训练集）.xlsx|材料4|1299,4,三角波,三角波,三角波,三角波,三角波,三角波
附件一（训练集）.xlsx|材料4|13,3,正弦波,正弦波,正弦波,正弦波,正弦波,正弦波
附件一（训练集）.xlsx|材料4|130,2,正弦波,正弦波,正弦波,正弦波,三角波,正弦波
附件一（训练集）.xlsx|材料4|1300,2,三角波,三角波,三角波,三角波,三角波,三角波
附件一（训练集）.xlsx|材料4|1301,4,三角波,三角波,三角波,三角波,三角波,三角波
附件一（训练集）.xlsx|材料4|1302,3,三角波,三角波,三角波,三角波,三角波,三角波
附件一（训练集）.xlsx|材料4|1303,0,三角波,三角波,三角波,三角波,三角波,三角波
附件一（训练集）.xlsx|材料4|1304,3,三角波,三角波,三角波,三角波,三角波,三角波
附件一（训练集）.xlsx|材料4|1305,0,三角波,三角波,三角波,三角波,三角波,三角波
附件一（训练集）.xlsx|材料4|1306,3,三角波,三角波,三角波,三角波,三角波,三角波
附件一（训练集）.xlsx|材料4|1307,1,三角波,三角波,三角波,三角波,三角波,三角波
附件一（训练集）.xlsx|材料4|1308,2,三角波,三角波,三角波,三角波,三角波,三角波
附件一（训练集）.xlsx|材料4|1309,2,三角波,三角波,三角波,三角波,三角波,三角波
附件一（训练集）.xlsx|材料4|131,2,正弦波,正弦波,正弦波,正弦波,三角波,正弦波
附件一（训练集）.xlsx|材料4|1310,2,三角波,三角波,三角波,三角波,三角波,三角波
附件一（训练集）.xlsx|材料4|1311,3,三角波,三角波,三角波,三角波,三角波,三角波
附件一（训练集）.xlsx|材料4|1312,4,三角波,三角波,三角波,三角波,三角波,三角波
附件一（训练集）.xlsx|材料4|1313,2,三角波,三角波,三角波,三角波,三角波,三角波
附件一（训练集）.xlsx|材料4|1314,3,三角波,三角波,三角波,三角波,三角波,三角波
附件一（训练集）.xlsx|材料4|1315,4,三角波,三角波,三角波,三角波,三角波,三角波
附件一（训练集）.xlsx|材料4|1316,4,三角波,三角波,三角波,三角波,三角波,三角波
附件一（训练集）.xlsx|材料4|1317,0,三角波,三角波,三角波,三角波,三角波,三角波
附件一（训练集）.xlsx|材料4|1318,1,三角波,三角波,三角波,三角波,三角波,三角波
附件一（训练集）.xlsx|材料4|1319,3,三角波,三角波,三角波,三角波,三角波,三角波
附件一（训练集）.xlsx|材料4|132,2,正弦波,正弦波,正弦波,正弦波,三角波,正弦波
附件一（训练集）.xlsx|材料4|1320,2,三角波,三角波,三角波,三角波,三角波,三角波
附件一（训练集）.xlsx|材料4|1321,0,三角波,三角波,三角波,三角波,三角波,三角波
附件一（训练集）.xlsx|材料4|1322,0,三角波,三角波,三角波,三角波,三角波,三角波
附件一（训练集）.xlsx|材料4|1323,2,三角波,三角波,三角波,三角波,三角波,三角波
附件一（训练集）.xlsx|材料4|1324,3,三角波,三角波,三角波,三角波,三角波,三角波
附件一（训练集）.xlsx|材料4|1325,3,三角波,三角波,三角波,三角波,三角波,三角波
附件一（训练集）.xlsx|材料4|1326,2,三角波,三角波,三角波,三角波,三角波,三角波
附件一（训练集）.xlsx|材料4|1327,3,三角波,三角波,三角波,三角波,三角波,三角波
附件一（训练集）.xlsx|材料4|1328,2,三角波,三角波,三角波,三角波,三角波,三角波
附件一（训练集）.xlsx|材料4|1329,2,三角波,三角波,三角波,三角波,正弦波,三角波
附件一（训练集）.xlsx|材料4|133,0,正弦波,正弦波,正弦波,正弦波,三角波,正弦波
附件一（训练集）.xlsx|材料4|1330,0,三角波,三角波,三角波,三角波,正弦波,三角波
附件一（训练集）.xlsx|材料4|1331,2,三角波,三角波,三角波,三角波,正弦波,三角波
附件一（训练集）.xlsx|材料4|1332,2,三角波,三角波,三角波,三角波,正弦波,三角波
附件一（训练集）.xlsx|材料4|1333,2,三角波,三角波,三角波,三角波,正弦波,三角波
附件一（训练集）.xlsx|材料4|1334,4,三角波,三角波,三角波,三角波,正弦波,三角波
附件一（训练集）.xlsx|材料4|1335,0,三角波,三角波,三角波,三角波,三角波,三角波
附件一（训练集）.xlsx|材料4|1336,2,三角波,三角波,三角波,三角波,三角波,三角波
附件一（训练集）.xlsx|材料4|1337,2,三角波,三角波,三角波,三角波,三角波,三角波
附件一（训练集）.xlsx|材料4|1338,0,三角波,三角波,三角波,三角波,三角波,三角波
附件一（训练集）.xlsx|材料4|1339,2,三角波,三角波,三角波,三角波,三角波,三角波
附件一（训练集）.xlsx|材料4|134,2,正弦波,正弦波,正弦波,正弦波,三角波,正弦波
附件一（训练集）.xlsx|材料4|1340,0,三角波,三角波,三角波,三角波,正弦波,三角波
附件一（训练集）.xlsx|材料4|1341,1,三角波,三角波,三角波,三角波,正弦波,三角波
附件一（训练集）.xlsx|材料4|1342,2,三角波,三角波,三角波,三角波,正弦波,三角波
附件一（训练集）.xlsx|材料4|1343,2,三角波,三角波,三角波,三角波,正弦波,三角波
附件一（训练集）.xlsx|材料4|1344,2,三角波,三角波,三角波,三角波,正弦波,三角波
附件一（训练集）.xlsx|材料4|1345,2,三角波,三角波,三角波,三角波,三角波,三角波
附件一（训练集）.xlsx|材料4|1346,2,三角波,三角波,三角波,三角波,三角波,三角波
附件一（训练集）.xlsx|材料4|1347,2,三角波,三角波,三角波,三角波,三角波,三角波
附件一（训练集）.xlsx|材料4|1348,2,三角波,三角波,三角波,三角波,三角波,三角波
附件一（训练集）.xlsx|材料4|1349,2,三角波,三角波,三角波,三角波,三角波,三角波
附件一（训练集）.xlsx|材料4|135,1,正弦波,正弦波,正弦波,正弦波,三角波,正弦波
附件一（训练集）.xlsx|材料4|1350,0,三角波,三角波,三角波,三角波,三角波,三角波
附件一（训练集）.xlsx|材料4|1351,4,三角波,三角波,三角波,三角波,正弦波,三角波
附件一（训练集）.xlsx|材料4|1352,4,三角波,三角波,三角波,三角波,正弦波,三角波
附件一（训练集）.xlsx|材料4|1353,4,三角波,三角波,三角波,三角波,正弦波,三角波
附件一（训练集）.xlsx|材料4|1354,1,三角波,三角波,三角波,三角波,正弦波,三角波
附件一（训练集）.xlsx|材料4|1355,3,三角波,三角波,三角波,三角波,正弦波,三角波
附件一（训练集）.xlsx|材料4|1356,4,三角波,三角波,三角波,三角波,三角波,三角波
附件一（训练集）.xlsx|材料4|1357,4,三角波,三角波,三角波,三角波,三角波,三角波
附件一（训练集）.xlsx|材料4|1358,4,三角波,三角波,三角波,三角波,三角波,三角波
附件一（训练集）.xlsx|材料4|1359,2,三角波,三角波,三角波,三角波,三角波,三角波
附件一（训练集）.xlsx|材料4|136,4,正弦波,正弦波,正弦波,正弦波,三角波,正弦波
附件一（训练集）.xlsx|材料4|1360,4,三角波,三角波,三角波,三角波,三角波,三角波
附件一（训练集）.xlsx|材料4|1361,0,三角波,三角波,三角波,三角波,三角波,三角波
附件一（训练集）.xlsx|材料4|1362,1,三角波,三角波,三角波,三角波,三角波,三角波
附件一（训练集）.xlsx|材料4|1363,4,三角波,三角波,三角波,三角波,三角波,三角波
附件一（训练集）.xlsx|材料4|1364,4,三角波,三角波,三角波,三角波,三角波,三角波
附件一（训练集）.xlsx|材料4|1365,3,三角波,三角波,三角波,三角波,三角波,三角波
附件一（训练集）.xlsx|材料4|1366,0,三角波,三角波,三角波,三角波,三角波,三角波
附件一（训练集）.xlsx|材料4|1367,2,三角波,三角波,三角波,三角波,正弦波,三角波
附件一（训练集）.xlsx|材料4|1368,0,三角波,三角波,三角波,三角波,正弦波,三角波
附件一（训练集）.xlsx|材料4|1369,2,三角波,三角波,三角波,三角波,正弦波,三角波
附件一（训练集）.xlsx|材料4|137,1,正弦波,正弦波,正弦波,正弦波,三角波,正弦波
附件一（训练集）.xlsx|材料4|1370,1,三角波,三角波,三角波,三角波,正弦波,三角波
附件一（训练集）.xlsx|材料4|1371,2,三角波,三角波,三角波,三角波,正弦波,三角波
附件一（训练集）.xlsx|材料4|1372,2,三角波,三角波,三角波,三角波,正弦波,三角波
附件一（训练集）.xlsx|材料4|1373,2,三角波,三角波,三角波,三角波,三角波,三角波
附件一（训练集）.xlsx|材料4|1374,2,三角波,三角波,三角波,三角波,三角波,三角波
附件一（训练集）.xlsx|材料4|1375,3,三角波,三角波,三角波,三角波,三角波,三角波
附件一（训练集）.xlsx|材料4|1376,0,三角波,三角波,三角波,三角波,三角波,三角波
附件一（训练集）.xlsx|材料4|1377,3,三角波,三角波,三角波,三角波,三角波,三角波
附件一（训练集）.xlsx|材料4|1378,1,三角波,三角波,三角波,三角波,三角波,三角波
附件一（训练集）.xlsx|材料4|1379,1,三角波,三角波,三角波,三角波,三角波,三角波
附件一（训练集）.xlsx|材料4|138,0,正弦波,正弦波,正弦波,正弦波,三角波,正弦波
附件一（训练集）.xlsx|材料4|1380,1,三角波,三角波,三角波,三角波,三角波,三角波
附件一（训练集）.xlsx|材料4|1381,4,三角波,三角波,三角波,三角波,三角波,三角波
附件一（训练集）.xlsx|材料4|1382,3,三角波,三角波,三角波,三角波,三角波,三角波
附件一（训练集）.xlsx|材料4|1383,1,三角波,三角波,三角波,三角波,三角波,三角波
附件一（训练集）.xlsx|材料4|1384,0,三角波,三角波,三角波,三角波,正弦波,三角波
附件一（训练集）.xlsx|材料4|1385,2,三角波,三角波,三角波,三角波,正弦波,三角波
附件一（训练集）.xlsx|材料4|1386,2,三角波,三角波,三角波,三角波,正弦波,三角波
附件一（训练集）.xlsx|材料4|1387,1,三角波,三角波,三角波,三角波,正弦波,三角波
附件一（训练集）.xlsx|材料4|1388,2,三角波,三角波,三角波,三角波,三角波,三角波
附件一（训练集）.xlsx|材料4|1389,1,三角波,三角波,三角波,三角波,三角波,三角波
附件一（训练集）.xlsx|材料4|139,1,正弦波,正弦波,正弦波,正弦波,三角波,正弦波
附件一（训练集）.xlsx|材料4|1390,1,三角波,三角波,三角波,三角波,三角波,三角波
附件一（训练集）.xlsx|材料4|1391,0,三角波,三角波,三角波,三角波,三角波,三角波
附件一（训练集）.xlsx|材料4|1392,4,三角波,三角波,三角波,三角波,三角波,三角波
附件一（训练集）.xlsx|材料4|1393,4,三角波,三角波,三角波,三角波,三角波,三角波
附件一（训练集）.xlsx|材料4|1394,4,三角波,三角波,三角波,三角波,三角波,三角波
附件一（训练集）.xlsx|材料4|1395,0,三角波,三角波,三角波,三角波,三角波,三角波
附件一（训练集）.xlsx|材料4|1396,3,三角波,三角波,三角波,三角波,三角波,三角波
附件一（训练集）.xlsx|材料4|1397,4,三角波,三角波,三角波,三角波,三角波,三角波
附件一（训练集）.xlsx|材料4|1398,4,三角波,三角波,三角波,三角波,三角波,三角波
附件一（训练集）.xlsx|材料4|1399,4,三角波,三角波,三角波,三角波,三角波,三角波
附件一（训练集）.xlsx|材料4|14,3,正弦波,正弦波,正弦波,正弦波,正弦波,正弦波
附件一（训练集）.xlsx|材料4|140,0,正弦波,正弦波,正弦波,正弦波,三角波,正弦波
附件一（训练集）.xlsx|材料4|1400,4,三角波,三角波,三角波,三角波,三角波,三角波
附件一（训练集）.xlsx|材料4|1401,4,三角波,三角波,三角波,三角波,三角波,三角波
附件一（训练集）.xlsx|材料4|1402,0,三角波,三角波,三角波,三角波,正弦波,三角波
附件一（训练集）.xlsx|材料4|1403,1,三角波,三角波,三角波,三角波,正弦波,三角波
附件一（训练集）.xlsx|材料4|1404,0,三角波,三角波,三角波,三角波,正弦波,三角波
附件一（训练集）.xlsx|材料4|1405,2,三角波,三角波,三角波,三角波,三角波,三角波
附件一（训练集）.xlsx|材料4|1406,2,三角波,三角波,三角波,三角波,三角波,三角波
附件一（训练集）.xlsx|材料4|1407,1,三角波,三角波,三角波,三角波,三角波,三角波
附件一（训练集）.xlsx|材料4|1408,2,三角波,三角波,三角波,三角波,三角波,三角波
附件一（训练集）.xlsx|材料4|1409,0,三角波,三角波,三角波,三角波,三角波,三角波
附件一（训练集）.xlsx|材料4|141,0,正弦波,正弦波,正弦波,正弦波,三角波,正弦波
附件一（训练集）.xlsx|材料4|1410,4,三角波,三角波,三角波,三角波,正弦波,三角波
附件一（训练集）.xlsx|材料4|1411,3,三角波,三角波,三角波,三角波,正弦波,三角波
附件一（训练集）.xlsx|材料4|1412,4,三角波,三角波,三角波,三角波,正弦波,三角波
附件一（训练集）.xlsx|材料4|1413,2,三角波,三角波,三角波,三角波,正弦波,三角波
附件一（训练集）.xlsx|材料4|1414,1,三角波,三角波,三角波,三角波,正弦波,三角波
附件一（训练集）.xlsx|材料4|1415,3,三角波,三角波,三角波,三角波,正弦波,三角波
附件一（训练集）.xlsx|材料4|1416,1,三角波,三角波,三角波,三角波,三角波,三角波
附件一（训练集）.xlsx|材料4|1417,3,三角波,三角波,三角波,三角波,三角波,三角波
附件一（训练集）.xlsx|材料4|1418,4,三角波,三角波,三角波,三角波,三角波,三角波
附件一（训练集）.xlsx|材料4|1419,4,三角波,三角波,三角波,三角波,三角波,三角波
附件一（训练集）.xlsx|材料4|142,2,正弦波,正弦波,正弦波,正弦波,三角波,正弦波
附件一（训练集）.xlsx|材料4|1420,3,三角波,三角波,三角波,三角波,三角波,三角波
附件一（训练集）.xlsx|材料4|1421,3,三角波,三角波,三角波,三角波,三角波,三角波
附件一（训练集）.xlsx|材料4|1422,4,三角波,三角波,三角波,三角波,三角波,三角波
附件一（训练集）.xlsx|材料4|1423,4,三角波,三角波,三角波,三角波,三角波,三角波
附件一（训练集）.xlsx|材料4|1424,3,三角波,三角波,三角波,三角波,正弦波,三角波
附件一（训练集）.xlsx|材料4|1425,3,三角波,三角波,三角波,三角波,正弦波,三角波
附件一（训练集）.xlsx|材料4|1426,3,三角波,三角波,三角波,三角波,正弦波,三角波
附件一（训练集）.xlsx|材料4|1427,3,三角波,三角波,三角波,三角波,正弦波,三角波
附件一（训练集）.xlsx|材料4|1428,4,三角波,三角波,三角波,三角波,正弦波,三角波
附件一（训练集）.xlsx|材料4|1429,3,三角波,三角波,三角波,三角波,正弦波,三角波
附件一（训练集）.xlsx|材料4|143,4,正弦波,正弦波,正弦波,正弦波,三角波,正弦波
附件一（训练集）.xlsx|材料4|1430,4,三角波,三角波,三角波,三角波,正弦波,三角波
附件一（训练集）.xlsx|材料4|1431,0,三角波,三角波,三角波,三角波,三角波,三角波
附件一（训练集）.xlsx|材料4|1432,4,三角波,三角波,三角波,三角波,三角波,三角波
附件一（训练集）.xlsx|材料4|1433,1,三角波,三角波,三角波,三角波,三角波,三角波
附件一（训练集）.xlsx|材料4|1434,1,三角波,三角波,三角波,三角波,三角波,三角波
附件一（训练集）.xlsx|材料4|1435,2,三角波,三角波,三角波,三角波,三角波,三角波
附件一（训练集）.xlsx|材料4|1436,1,三角波,三角波,三角波,三角波,三角波,三角波
附件一（训练集）.xlsx|材料4|1437,0,三角波,三角波,三角波,三角波,三角波,三角波
附件一（训练集）.xlsx|材料4|1438,1,三角波,三角波,三角波,三角波,三角波,三角波
附件一（训练集）.xlsx|材料4|1439,2,三角波,三角波,三角波,三角波,三角波,三角波
附件一（训练集）.xlsx|材料4|144,0,正弦波,正弦波,正弦波,正弦波,三角波,正弦波
附件一（训练集）.xlsx|材料4|1440,4,三角波,三角波,三角波,三角波,正弦波,三角波
附件一（训练集）.xlsx|材料4|1441,3,三角波,三角波,三角波,三角波,三角波,三角波
附件一（训练集）.xlsx|材料4|1442,1,三角波,三角波,三角波,三角波,三角波,三角波
附件一（训练集）.xlsx|材料4|1443,4,三角波,三角波,三角波,三角波,三角波,三角波
附件一（训练集）.xlsx|材料4|1444,0,三角波,三角波,三角波,三角波,三角波,三角波
附件一（训练集）.xlsx|材料4|1445,0,三角波,三角波,三角波,三角波,三角波,三角波
附件一（训练集）.xlsx|材料4|1446,0,三角波,三角波,三角波,三角波,三角波,三角波
附件一（训练集）.xlsx|材料4|1447,0,三角波,三角波,三角波,三角波,三角波,三角波
附件一（训练集）.xlsx|材料4|1448,3,三角波,三角波,三角波,三角波,正弦波,三角波
附件一（训练集）.xlsx|材料4|1449,1,三角波,三角波,三角波,三角波,正弦波,三角波
附件一（训练集）.xlsx|材料4|145,3,正弦波,正弦波,正弦波,正弦波,三角波,正弦波
附件一（训练集）.xlsx|材料4|1450,1,三角波,三角波,三角波,三角波,正弦波,三角波
附件一（训练集）.xlsx|材料4|1451,2,三角波,三角波,三角波,三角波,正弦波,三角波
附件一（训练集）.xlsx|材料4|1452,4,三角波,三角波,三角波,三角波,三角波,三角波
附件一（训练集）.xlsx|材料4|1453,1,三角波,三角波,三角波,三角波,三角波,三角波
附件一（训练集）.xlsx|材料4|1454,1,三角波,三角波,三角波,三角波,三角波,三角波
附件一（训练集）.xlsx|材料4|1455,3,三角波,三角波,三角波,三角波,三角波,三角波
附件一（训练集）.xlsx|材料4|1456,2,三角波,三角波,三角波,三角波,三角波,三角波
附件一（训练集）.xlsx|材料4|1457,3,三角波,三角波,三角波,三角波,三角波,三角波
附件一（训练集）.xlsx|材料4|1458,3,三角波,三角波,三角波,三角波,三角波,三角波
附件一（训练集）.xlsx|材料4|1459,3,三角波,三角波,三角波,三角波,三角波,三角波
附件一（训练集）.xlsx|材料4|146,3,正弦波,正弦波,正弦波,正弦波,三角波,正弦波
附件一（训练集）.xlsx|材料4|1460,0,三角波,三角波,三角波,三角波,三角波,三角波
附件一（训练集）.xlsx|材料4|1461,4,三角波,三角波,三角波,三角波,三角波,三角波
附件一（训练集）.xlsx|材料4|1462,2,三角波,三角波,三角波,三角波,正弦波,三角波
附件一（训练集）.xlsx|材料4|1463,3,三角波,三角波,三角波,三角波,正弦波,三角波
附件一（训练集）.xlsx|材料4|1464,2,三角波,三角波,三角波,三角波,正弦波,三角波
附件一（训练集）.xlsx|材料4|1465,0,三角波,三角波,三角波,三角波,三角波,三角波
附件一（训练集）.xlsx|材料4|1466,0,三角波,三角波,三角波,三角波,三角波,三角波
附件一（训练集）.xlsx|材料4|1467,4,三角波,三角波,三角波,三角波,三角波,三角波
附件一（训练集）.xlsx|材料4|1468,4,三角波,三角波,三角波,三角波,三角波,三角波
附件一（训练集）.xlsx|材料4|1469,4,三角波,三角波,三角波,三角波,三角波,三角波
附件一（训练集）.xlsx|材料4|147,2,正弦波,正弦波,正弦波,正弦波,三角波,正弦波
附件一（训练集）.xlsx|材料4|1470,4,三角波,三角波,三角波,三角波,三角波,三角波
附件一（训练集）.xlsx|材料4|1471,4,三角波,三角波,三角波,三角波,三角波,三角波
附件一（训练集）.xlsx|材料4|1472,1,三角波,三角波,三角波,三角波,三角波,三角波
附件一（训练集）.xlsx|材料4|1473,1,三角波,三角波,三角波,三角波,三角波,三角波
附件一（训练集）.xlsx|材料4|1474,4,三角波,三角波,三角波,三角波,三角波,三角波
附件一（训练集）.xlsx|材料4|1475,2,三角波,三角波,三角波,三角波,三角波,三角波
附件一（训练集）.xlsx|材料4|1476,0,三角波,三角波,三角波,三角波,正弦波,三角波
附件一（训练集）.xlsx|材料4|1477,3,三角波,三角波,三角波,三角波,三角波,三角波
附件一（训练集）.xlsx|材料4|1478,4,三角波,三角波,三角波,三角波,三角波,三角波
附件一（训练集）.xlsx|材料4|1479,4,三角波,三角波,三角波,三角波,三角波,三角波
附件一（训练集）.xlsx|材料4|148,0,正弦波,正弦波,正弦波,正弦波,三角波,正弦波
附件一（训练集）.xlsx|材料4|1480,1,三角波,三角波,三角波,三角波,三角波,三角波
附件一（训练集）.xlsx|材料4|1481,4,三角波,三角波,三角波,三角波,三角波,三角波
附件一（训练集）.xlsx|材料4|1482,4,三角波,三角波,三角波,三角波,三角波,三角波
附件一（训练集）.xlsx|材料4|1483,3,三角波,三角波,三角波,三角波,三角波,三角波
附件一（训练集）.xlsx|材料4|1484,4,三角波,三角波,三角波,三角波,三角波,三角波
附件一（训练集）.xlsx|材料4|1485,2,三角波,三角波,三角波,三角波,三角波,三角波
附件一（训练集）.xlsx|材料4|1486,2,三角波,三角波,三角波,三角波,三角波,三角波
附件一（训练集）.xlsx|材料4|1487,2,三角波,三角波,三角波,三角波,三角波,三角波
附件一（训练集）.xlsx|材料4|1488,4,三角波,三角波,三角波,三角波,三角波,三角波
附件一（训练集）.xlsx|材料4|1489,4,三角波,三角波,三角波,三角波,三角波,三角波
附件一（训练集）.xlsx|材料4|149,4,正弦波,正弦波,正弦波,正弦波,三角波,正弦波
附件一（训练集）.xlsx|材料4|1490,2,三角波,三角波,三角波,三角波,三角波,三角波
附件一（训练集）.xlsx|材料4|1491,3,三角波,三角波,三角波,三角波,三角波,三角波
附件一（训练集）.xlsx|材料4|1492,3,三角波,三角波,三角波,三角波,三角波,三角波
附件一（训练集）.xlsx|材料4|1493,4,三角波,三角波,三角波,三角波,三角波,三角波
附件一（训练集）.xlsx|材料4|1494,1,三角波,三角波,三角波,三角波,三角波,三角波
附件一（训练集）.xlsx|材料4|1495,3,三角波,三角波,三角波,三角波,三角波,三角波
附件一（训练集）.xlsx|材料4|1496,4,三角波,三角波,三角波,三角波,三角波,三角波
附件一（训练集）.xlsx|材料4|1497,1,三角波,三角波,三角波,三角波,三角波,三角波
附件一（训练集）.xlsx|材料4|1498,2,三角波,三角波,三角波,三角波,三角波,三角波
附件一（训练集）.xlsx|材料4|1499,0,三角波,三角波,三角波,三角波,三角波,三角波
附件一（训练集）.xlsx|材料4|15,3,正弦波,正弦波,正弦波,正弦波,正弦波,正弦波
附件一（训练集）.xlsx|材料4|150,4,正弦波,正弦波,正弦波,正弦波,三角波,正弦波
附件一（训练集）.xlsx|材料4|1500,3,三角波,三角波,三角波,三角波,三角波,三角波
附件一（训练集）.xlsx|材料4|1501,3,三角波,三角波,三角波,三角波,三角波,三角波
附件一（训练集）.xlsx|材料4|1502,0,三角波,三角波,三角波,三角波,三角波,三角波
附件一（训练集）.xlsx|材料4|1503,1,三角波,三角波,三角波,三角波,三角波,三角波
附件一（训练集）.xlsx|材料4|1504,4,三角波,三角波,三角波,三角波,三角波,三角波
附件一（训练集）.xlsx|材料4|1505,3,三角波,三角波,三角波,三角波,三角波,三角波
附件一（训练集）.xlsx|材料4|1506,3,三角波,三角波,三角波,三角波,三角波,三角波
附件一（训练集）.xlsx|材料4|1507,0,三角波,三角波,三角波,三角波,三角波,三角波
附件一（训练集）.xlsx|材料4|1508,4,三角波,三角波,三角波,三角波,三角波,三角波
附件一（训练集）.xlsx|材料4|1509,3,三角波,三角波,三角波,三角波,三角波,三角波
附件一（训练集）.xlsx|材料4|151,0,正弦波,正弦波,正弦波,正弦波,三角波,正弦波
附件一（训练集）.xlsx|材料4|1510,0,三角波,三角波,三角波,三角波,三角波,三角波
附件一（训练集）.xlsx|材料4|1511,4,三角波,三角波,三角波,三角波,三角波,三角波
附件一（训练集）.xlsx|材料4|1512,4,三角波,三角波,三角波,三角波,三角波,三角波
附件一（训练集）.xlsx|材料4|1513,4,三角波,三角波,三角波,三角波,三角波,三角波
附件一（训练集）.xlsx|材料4|1514,4,三角波,三角波,三角波,三角波,三角波,三角波
附件一（训练集）.xlsx|材料4|1515,1,三角波,三角波,三角波,三角波,三角波,三角波
附件一（训练集）.xlsx|材料4|1516,4,三角波,三角波,三角波,三角波,三角波,三角波
附件一（训练集）.xlsx|材料4|1517,4,三角波,三角波,三角波,三角波,三角波,三角波
附件一（训练集）.xlsx|材料4|1518,4,三角波,三角波,三角波,三角波,三角波,三角波
附件一（训练集）.xlsx|材料4|1519,4,三角波,三角波,三角波,三角波,三角波,三角波
附件一（训练集）.xlsx|材料4|152,4,正弦波,正弦波,正弦波,正弦波,三角波,正弦波
附件一（训练集）.xlsx|材料4|1520,4,三角波,三角波,三角波,三角波,三角波,三角波
附件一（训练集）.xlsx|材料4|1521,1,三角波,三角波,三角波,三角波,三角波,三角波
附件一（训练集）.xlsx|材料4|1522,4,三角波,三角波,三角波,三角波,三角波,三角波
附件一（训练集）.xlsx|材料4|1523,1,三角波,三角波,三角波,三角波,三角波,三角波
附件一（训练集）.xlsx|材料4|1524,3,三角波,三角波,三角波,三角波,三角波,三角波
附件一（训练集）.xlsx|材料4|1525,1,三角波,三角波,三角波,三角波,三角波,三角波
附件一（训练集）.xlsx|材料4|1526,3,三角波,三角波,三角波,三角波,三角波,三角波
附件一（训练集）.xlsx|材料4|1527,1,三角波,三角波,三角波,三角波,三角波,三角波
附件一（训练集）.xlsx|材料4|1528,4,三角波,三角波,三角波,三角波,三角波,三角波
附件一（训练集）.xlsx|材料4|1529,1,三角波,三角波,三角波,三角波,三角波,三角波
附件一（训练集）.xlsx|材料4|153,3,正弦波,正弦波,正弦波,正弦波,三角波,正弦波
附件一（训练集）.xlsx|材料4|1530,4,三角波,三角波,三角波,三角波,三角波,三角波
附件一（训练集）.xlsx|材料4|1531,3,三角波,三角波,三角波,三角波,三角波,三角波
附件一（训练集）.xlsx|材料4|1532,1,三角波,三角波,三角波,三角波,三角波,三角波
附件一（训练集）.xlsx|材料4|1533,1,三角波,三角波,三角波,三角波,三角波,三角波
附件一（训练集）.xlsx|材料4|1534,2,三角波,三角波,三角波,三角波,三角波,三角波
附件一（训练集）.xlsx|材料4|1535,0,三角波,三角波,三角波,三角波,三角波,三角波
附件一（训练集）.xlsx|材料4|1536,3,三角波,三角波,三角波,三角波,三角波,三角波
附件一（训练集）.xlsx|材料4|1537,3,三角波,三角波,三角波,三角波,三角波,三角波
附件一（训练集）.xlsx|材料4|1538,3,三角波,三角波,三角波,三角波,三角波,三角波
附件一（训练集）.xlsx|材料4|1539,1,三角波,三角波,三角波,三角波,三角波,三角波
附件一（训练集）.xlsx|材料4|154,0,正弦波,正弦波,正弦波,正弦波,三角波,正弦波
附件一（训练集）.xlsx|材料4|1540,3,三角波,三角波,三角波,三角波,三角波,三角波
附件一（训练集）.xlsx|材料4|1541,4,三角波,三角波,三角波,三角波,三角波,三角波
附件一（训练集）.xlsx|材料4|1542,2,三角波,三角波,三角波,三角波,三角波,三角波
附件一（训练集）.xlsx|材料4|1543,0,三角波,三角波,三角波,三角波,三角波,三角波
附件一（训练集）.xlsx|材料4|1544,0,三角波,三角波,三角波,三角波,三角波,三角波
附件一（训练集）.xlsx|材料4|1545,1,三角波,三角波,三角波,三角波,三角波,三角波
附件一（训练集）.xlsx|材料4|1546,1,三角波,三角波,三角波,三角波,三角波,三角波
附件一（训练集）.xlsx|材料4|1547,3,三角波,三角波,三角波,三角波,三角波,三角波
附件一（训练集）.xlsx|材料4|1548,3,三角波,三角波,三角波,三角波,三角波,三角波
附件一（训练集）.xlsx|材料4|1549,1,三角波,三角波,三角波,三角波,三角波,三角波
附件一（训练集）.xlsx|材料4|155,2,正弦波,正弦波,正弦波,正弦波,三角波,正弦波
附件一（训练集）.xlsx|材料4|1550,2,三角波,三角波,三角波,三角波,三角波,三角波
附件一（训练集）.xlsx|材料4|1551,3,三角波,三角波,三角波,三角波,三角波,三角波
附件一（训练集）.xlsx|材料4|1552,4,三角波,三角波,三角波,三角波,三角波,三角波
附件一（训练集）.xlsx|材料4|1553,2,三角波,三角波,三角波,三角波,三角波,三角波
附件一（训练集）.xlsx|材料4|1554,4,三角波,三角波,三角波,三角波,三角波,三角波
附件一（训练集）.xlsx|材料4|1555,4,三角波,三角波,三角波,三角波,三角波,三角波
附件一（训练集）.xlsx|材料4|1556,2,三角波,三角波,三角波,三角波,三角波,三角波
附件一（训练集）.xlsx|材料4|1557,0,三角波,三角波,三角波,三角波,三角波,三角波
附件一（训练集）.xlsx|材料4|1558,0,三角波,三角波,三角波,三角波,三角波,三角波
附件一（训练集）.xlsx|材料4|1559,3,三角波,三角波,三角波,三角波,三角波,三角波
附件一（训练集）.xlsx|材料4|156,4,正弦波,正弦波,正弦波,正弦波,三角波,正弦波
附件一（训练集）.xlsx|材料4|1560,3,三角波,三角波,三角波,三角波,三角波,三角波
附件一（训练集）.xlsx|材料4|1561,3,三角波,三角波,三角波,三角波,三角波,三角波
附件一（训练集）.xlsx|材料4|1562,3,三角波,三角波,三角波,三角波,三角波,三角波
附件一（训练集）.xlsx|材料4|1563,2,三角波,三角波,三角波,三角波,三角波,三角波
附件一（训练集）.xlsx|材料4|1564,2,三角波,三角波,三角波,三角波,三角波,三角波
附件一（训练集）.xlsx|材料4|1565,4,三角波,三角波,三角波,三角波,三角波,三角波
附件一（训练集）.xlsx|材料4|1566,4,三角波,三角波,三角波,三角波,三角波,三角波
附件一（训练集）.xlsx|材料4|1567,4,三角波,三角波,三角波,三角波,三角波,三角波
附件一（训练集）.xlsx|材料4|1568,0,三角波,三角波,三角波,三角波,三角波,三角波
附件一（训练集）.xlsx|材料4|1569,1,三角波,三角波,三角波,三角波,三角波,三角波
附件一（训练集）.xlsx|材料4|157,0,正弦波,正弦波,正弦波,正弦波,三角波,正弦波
附件一（训练集）.xlsx|材料4|1570,0,三角波,三角波,三角波,三角波,三角波,三角波
附件一（训练集）.xlsx|材料4|1571,0,三角波,三角波,三角波,三角波,三角波,三角波
附件一（训练集）.xlsx|材料4|1572,3,三角波,三角波,三角波,三角波,三角波,三角波
附件一（训练集）.xlsx|材料4|1573,1,三角波,三角波,三角波,三角波,三角波,三角波
附件一（训练集）.xlsx|材料4|1574,2,三角波,三角波,三角波,三角波,三角波,三角波
附件一（训练集）.xlsx|材料4|1575,2,三角波,三角波,三角波,三角波,三角波,三角波
附件一（训练集）.xlsx|材料4|1576,4,三角波,三角波,三角波,三角波,三角波,三角波
附件一（训练集）.xlsx|材料4|1577,2,三角波,三角波,三角波,三角波,三角波,三角波
附件一（训练集）.xlsx|材料4|1578,0,三角波,三角波,三角波,三角波,三角波,三角波
附件一（训练集）.xlsx|材料4|1579,4,三角波,三角波,三角波,三角波,三角波,三角波
附件一（训练集）.xlsx|材料4|158,0,正弦波,正弦波,正弦波,正弦波,三角波,正弦波
附件一（训练集）.xlsx|材料4|1580,2,三角波,三角波,三角波,三角波,三角波,三角波
附件一（训练集）.xlsx|材料4|1581,4,三角波,三角波,三角波,三角波,三角波,三角波
附件一（训练集）.xlsx|材料4|1582,3,三角波,三角波,三角波,三角波,三角波,三角波
附件一（训练集）.xlsx|材料4|1583,0,三角波,三角波,三角波,三角波,三角波,三角波
附件一（训练集）.xlsx|材料4|1584,3,三角波,三角波,三角波,三角波,三角波,三角波
附件一（训练集）.xlsx|材料4|1585,2,三角波,三角波,三角波,三角波,三角波,三角波
附件一（训练集）.xlsx|材料4|1586,2,三角波,三角波,三角波,三角波,正弦波,三角波
附件一（训练集）.xlsx|材料4|1587,2,三角波,三角波,三角波,三角波,正弦波,三角波
附件一（训练集）.xlsx|材料4|1588,4,三角波,三角波,三角波,三角波,正弦波,三角波
附件一（训练集）.xlsx|材料4|1589,2,三角波,三角波,三角波,三角波,正弦波,三角波
附件一（训练集）.xlsx|材料4|159,4,正弦波,正弦波,正弦波,正弦波,三角波,正弦波
附件一（训练集）.xlsx|材料4|1590,4,三角波,三角波,三角波,三角波,正弦波,三角波
附件一（训练集）.xlsx|材料4|1591,2,三角波,三角波,三角波,三角波,正弦波,三角波
附件一（训练集）.xlsx|材料4|1592,2,三角波,三角波,三角波,三角波,正弦波,三角波
附件一（训练集）.xlsx|材料4|1593,2,三角波,三角波,三角波,三角波,三角波,三角波
附件一（训练集）.xlsx|材料4|1594,0,三角波,三角波,三角波,三角波,三角波,三角波
附件一（训练集）.xlsx|材料4|1595,2,三角波,三角波,三角波,三角波,三角波,三角波
附件一（训练集）.xlsx|材料4|1596,2,三角波,三角波,三角波,三角波,三角波,三角波
附件一（训练集）.xlsx|材料4|1597,2,三角波,三角波,三角波,三角波,三角波,三角波
附件一（训练集）.xlsx|材料4|1598,0,三角波,三角波,三角波,三角波,三角波,三角波
附件一（训练集）.xlsx|材料4|1599,2,三角波,三角波,三角波,三角波,正弦波,三角波
附件一（训练集）.xlsx|材料4|16,2,正弦波,正弦波,正弦波,正弦波,正弦波,正弦波
附件一（训练集）.xlsx|材料4|160,0,正弦波,正弦波,正弦波,正弦波,三角波,正弦波
附件一（训练集）.xlsx|材料4|1600,2,三角波,三角波,三角波,三角波,正弦波,三角波
附件一（训练集）.xlsx|材料4|1601,0,三角波,三角波,三角波,三角波,正弦波,三角波
附件一（训练集）.xlsx|材料4|1602,2,三角波,三角波,三角波,三角波,正弦波,三角波
附件一（训练集）.xlsx|材料4|1603,0,三角波,三角波,三角波,三角波,三角波,三角波
附件一（训练集）.xlsx|材料4|1604,2,三角波,三角波,三角波,三角波,正弦波,三角波
附件一（训练集）.xlsx|材料4|1605,2,三角波,三角波,三角波,三角波,三角波,三角波
附件一（训练集）.xlsx|材料4|1606,2,三角波,三角波,三角波,三角波,三角波,三角波
附件一（训练集）.xlsx|材料4|1607,2,三角波,三角波,三角波,三角波,三角波,三角波
附件一（训练集）.xlsx|材料4|1608,2,三角波,三角波,三角波,三角波,三角波,三角波
附件一（训练集）.xlsx|材料4|1609,2,三角波,三角波,三角波,三角波,三角波,三角波
附件一（训练集）.xlsx|材料4|161,1,正弦波,正弦波,正弦波,正弦波,三角波,正弦波
附件一（训练集）.xlsx|材料4|1610,2,三角波,三角波,三角波,三角波,三角波,三角波
附件一（训练集）.xlsx|材料4|1611,2,三角波,三角波,三角波,三角波,三角波,三角波
附件一（训练集）.xlsx|材料4|1612,2,三角波,三角波,三角波,三角波,三角波,三角波
附件一（训练集）.xlsx|材料4|1613,2,三角波,三角波,三角波,三角波,正弦波,三角波
附件一（训练集）.xlsx|材料4|1614,2,三角波,三角波,三角波,三角波,正弦波,三角波
附件一（训练集）.xlsx|材料4|1615,4,三角波,三角波,三角波,三角波,正弦波,三角波
附件一（训练集）.xlsx|材料4|1616,2,三角波,三角波,三角波,三角波,正弦波,三角波
附件一（训练集）.xlsx|材料4|1617,2,三角波,三角波,三角波,三角波,正弦波,三角波
附件一（训练集）.xlsx|材料4|1618,2,三角波,三角波,三角波,三角波,正弦波,三角波
附件一（训练集）.xlsx|材料4|1619,2,三角波,三角波,三角波,三角波,三角波,三角波
附件一（训练集）.xlsx|材料4|162,2,正弦波,正弦波,正弦波,正弦波,三角波,正弦波
附件一（训练集）.xlsx|材料4|1620,4,三角波,三角波,三角波,三角波,三角波,三角波
附件一（训练集）.xlsx|材料4|1621,4,三角波,三角波,三角波,三角波,三角波,三角波
附件一（训练集）.xlsx|材料4|1622,4,三角波,三角波,三角波,三角波,三角波,三角波
附件一（训练集）.xlsx|材料4|1623,1,三角波,三角波,三角波,三角波,三角波,三角波
附件一（训练集）.xlsx|材料4|1624,4,三角波,三角波,三角波,三角波,三角波,三角波
附件一（训练集）.xlsx|材料4|1625,4,三角波,三角波,三角波,三角波,三角波,三角波
附件一（训练集）.xlsx|材料4|1626,4,三角波,三角波,三角波,三角波,三角波,三角波
附件一（训练集）.xlsx|材料4|1627,4,三角波,三角波,三角波,三角波,三角波,三角波
附件一（训练集）.xlsx|材料4|1628,0,三角波,三角波,三角波,三角波,三角波,三角波
附件一（训练集）.xlsx|材料4|1629,1,三角波,三角波,三角波,三角波,正弦波,三角波
附件一（训练集）.xlsx|材料4|163,4,正弦波,正弦波,正弦波,正弦波,三角波,正弦波
附件一（训练集）.xlsx|材料4|1630,1,三角波,三角波,三角波,三角波,正弦波,三角波
附件一（训练集）.xlsx|材料4|1631,1,三角波,三角波,三角波,三角波,正弦波,三角波
附件一（训练集）.xlsx|材料4|1632,2,三角波,三角波,三角波,三角波,正弦波,三角波
附件一（训练集）.xlsx|材料4|1633,1,三角波,三角波,三角波,三角波,三角波,三角波
附件一（训练集）.xlsx|材料4|1634,2,三角波,三角波,三角波,三角波,三角波,三角波
附件一（训练集）.xlsx|材料4|1635,0,三角波,三角波,三角波,三角波,三角波,三角波
附件一（训练集）.xlsx|材料4|1636,3,三角波,三角波,三角波,三角波,三角波,三角波
附件一（训练集）.xlsx|材料4|1637,0,三角波,三角波,三角波,三角波,三角波,三角波
附件一（训练集）.xlsx|材料4|1638,1,三角波,三角波,三角波,三角波,三角波,三角波
附件一（训练集）.xlsx|材料4|1639,3,三角波,三角波,三角波,三角波,三角波,三角波
附件一（训练集）.xlsx|材料4|164,3,正弦波,正弦波,正弦波,正弦波,三角波,正弦波
附件一（训练集）.xlsx|材料4|1640,1,三角波,三角波,三角波,三角波,三角波,三角波
附件一（训练集）.xlsx|材料4|1641,1,三角波,三角波,三角波,三角波,三角波,三角波
附件一（训练集）.xlsx|材料4|1642,4,三角波,三角波,三角波,三角波,三角波,三角波
附件一（训练集）.xlsx|材料4|1643,0,三角波,三角波,三角波,三角波,三角波,三角波
附件一（训练集）.xlsx|材料4|1644,1,三角波,三角波,三角波,三角波,三角波,三角波
附件一（训练集）.xlsx|材料4|1645,1,三角波,三角波,三角波,三角波,三角波,三角波
附件一（训练集）.xlsx|材料4|1646,2,三角波,三角波,三角波,三角波,正弦波,三角波
附件一（训练集）.xlsx|材料4|1647,1,三角波,三角波,三角波,三角波,正弦波,三角波
附件一（训练集）.xlsx|材料4|1648,0,三角波,三角波,三角波,三角波,三角波,三角波
附件一（训练集）.xlsx|材料4|1649,0,三角波,三角波,三角波,三角波,三角波,三角波
附件一（训练集）.xlsx|材料4|165,2,正弦波,正弦波,正弦波,正弦波,三角波,正弦波
附件一（训练集）.xlsx|材料4|1650,1,三角波,三角波,三角波,三角波,三角波,三角波
附件一（训练集）.xlsx|材料4|1651,0,三角波,三角波,三角波,三角波,三角波,三角波
附件一（训练集）.xlsx|材料4|1652,0,三角波,三角波,三角波,三角波,三角波,三角波
附件一（训练集）.xlsx|材料4|1653,0,三角波,三角波,三角波,三角波,三角波,三角波
附件一（训练集）.xlsx|材料4|1654,0,三角波,三角波,三角波,三角波,三角波,三角波
附件一（训练集）.xlsx|材料4|1655,0,三角波,三角波,三角波,三角波,三角波,三角波
附件一（训练集）.xlsx|材料4|1656,3,三角波,三角波,三角波,三角波,三角波,三角波
附件一（训练集）.xlsx|材料4|1657,4,三角波,三角波,三角波,三角波,三角波,三角波
附件一（训练集）.xlsx|材料4|1658,4,三角波,三角波,三角波,三角波,三角波,三角波
附件一（训练集）.xlsx|材料4|1659,4,三角波,三角波,三角波,三角波,三角波,三角波
附件一（训练集）.xlsx|材料4|166,4,正弦波,正弦波,正弦波,正弦波,三角波,正弦波
附件一（训练集）.xlsx|材料4|1660,4,三角波,三角波,三角波,三角波,三角波,三角波
附件一（训练集）.xlsx|材料4|1661,4,三角波,三角波,三角波,三角波,三角波,三角波
附件一（训练集）.xlsx|材料4|1662,4,三角波,三角波,三角波,三角波,三角波,三角波
附件一（训练集）.xlsx|材料4|1663,1,三角波,三角波,三角波,三角波,三角波,三角波
附件一（训练集）.xlsx|材料4|1664,3,三角波,三角波,三角波,三角波,正弦波,三角波
附件一（训练集）.xlsx|材料4|1665,2,三角波,三角波,三角波,三角波,正弦波,三角波
附件一（训练集）.xlsx|材料4|1666,2,三角波,三角波,三角波,三角波,正弦波,三角波
附件一（训练集）.xlsx|材料4|1667,4,三角波,三角波,三角波,三角波,三角波,三角波
附件一（训练集）.xlsx|材料4|1668,4,三角波,三角波,三角波,三角波,三角波,三角波
附件一（训练集）.xlsx|材料4|1669,1,三角波,三角波,三角波,三角波,三角波,三角波
附件一（训练集）.xlsx|材料4|167,2,正弦波,正弦波,正弦波,正弦波,三角波,正弦波
附件一（训练集）.xlsx|材料4|1670,0,三角波,三角波,三角波,三角波,三角波,三角波
附件一（训练集）.xlsx|材料4|1671,3,三角波,三角波,三角波,三角波,三角波,三角波
附件一（训练集）.xlsx|材料4|1672,4,三角波,三角波,三角波,三角波,正弦波,三角波
附件一（训练集）.xlsx|材料4|1673,0,三角波,三角波,三角波,三角波,正弦波,三角波
附件一（训练集）.xlsx|材料4|1674,0,三角波,三角波,三角波,三角波,正弦波,三角波
附件一（训练集）.xlsx|材料4|1675,2,三角波,三角波,三角波,三角波,正弦波,三角波
附件一（训练集）.xlsx|材料4|1676,3,三角波,三角波,三角波,三角波,三角波,三角波
附件一（训练集）.xlsx|材料4|1677,3,三角波,三角波,三角波,三角波,三角波,三角波
附件一（训练集）.xlsx|材料4|1678,3,三角波,三角波,三角波,三角波,三角波,三角波
附件一（训练集）.xlsx|材料4|1679,3,三角波,三角波,三角波,三角波,三角波,三角波
附件一（训练集）.xlsx|材料4|168,1,正弦波,正弦波,正弦波,正弦波,三角波,正弦波
附件一（训练集）.xlsx|材料4|1680,2,三角波,三角波,三角波,三角波,三角波,三角波
附件一（训练集）.xlsx|材料4|1681,4,三角波,三角波,三角波,三角波,三角波,三角波
附件一（训练集）.xlsx|材料4|1682,4,三角波,三角波,三角波,三角波,三角波,三角波
附件一（训练集）.xlsx|材料4|1683,3,三角波,三角波,三角波,三角波,正弦波,三角波
附件一（训练集）.xlsx|材料4|1684,2,三角波,三角波,三角波,三角波,正弦波,三角波
附件一（训练集）.xlsx|材料4|1685,0,三角波,三角波,三角波,三角波,正弦波,三角波
附件一（训练集）.xlsx|材料4|1686,3,三角波,三角波,三角波,三角波,正弦波,三角波
附件一（训练集）.xlsx|材料4|1687,2,三角波,三角波,三角波,三角波,正弦波,三角波
附件一（训练集）.xlsx|材料4|1688,2,三角波,三角波,三角波,三角波,正弦波,三角波
附件一（训练集）.xlsx|材料4|1689,3,三角波,三角波,三角波,三角波,正弦波,三角波
附件一（训练集）.xlsx|材料4|169,2,正弦波,正弦波,正弦波,正弦波,三角波,正弦波
附件一（训练集）.xlsx|材料4|1690,1,三角波,三角波,三角波,三角波,正弦波,三角波
附件一（训练集）.xlsx|材料4|1691,4,三角波,三角波,三角波,三角波,正弦波,三角波
附件一（训练集）.xlsx|材料4|1692,3,三角波,三角波,三角波,三角波,正弦波,三角波
附件一（训练集）.xlsx|材料4|1693,4,三角波,三角波,三角波,三角波,正弦波,三角波
附件一（训练集）.xlsx|材料4|1694,1,三角波,三角波,三角波,三角波,三角波,三角波
附件一（训练集）.xlsx|材料4|1695,1,三角波,三角波,三角波,三角波,三角波,三角波
附件一（训练集）.xlsx|材料4|1696,4,三角波,三角波,三角波,三角波,三角波,三角波
附件一（训练集）.xlsx|材料4|1697,4,三角波,三角波,三角波,三角波,三角波,三角波
附件一（训练集）.xlsx|材料4|1698,2,三角波,三角波,三角波,三角波,三角波,三角波
附件一（训练集）.xlsx|材料4|1699,3,三角波,三角波,三角波,三角波,三角波,三角波
附件一（训练集）.xlsx|材料4|17,3,正弦波,正弦波,正弦波,正弦波,正弦波,正弦波
附件一（训练集）.xlsx|材料4|170,3,正弦波,正弦波,正弦波,正弦波,三角波,正弦波
附件一（训练集）.xlsx|材料4|1700,1,三角波,三角波,三角波,三角波,三角波,三角波
附件一（训练集）.xlsx|材料4|1701,3,三角波,三角波,三角波,三角波,三角波,三角波
附件一（训练集）.xlsx|材料4|1702,3,三角波,三角波,三角波,三角波,正弦波,三角波
附件一（训练集）.xlsx|材料4|1703,3,三角波,三角波,三角波,三角波,正弦波,三角波
附件一（训练集）.xlsx|材料4|1704,1,三角波,三角波,三角波,三角波,三角波,三角波
附件一（训练集）.xlsx|材料4|1705,0,三角波,三角波,三角波,三角波,三角波,三角波
附件一（训练集）.xlsx|材料4|1706,0,三角波,三角波,三角波,三角波,三角波,三角波
附件一（训练集）.xlsx|材料4|1707,3,三角波,三角波,三角波,三角波,三角波,三角波
附件一（训练集）.xlsx|材料4|1708,3,三角波,三角波,三角波,三角波,三角波,三角波
附件一（训练集）.xlsx|材料4|1709,2,三角波,三角波,三角波,三角波,三角波,三角波
附件一（训练集）.xlsx|材料4|171,2,正弦波,正弦波,正弦波,正弦波,三角波,正弦波
附件一（训练集）.xlsx|材料4|1710,3,三角波,三角波,三角波,三角波,三角波,三角波
附件一（训练集）.xlsx|材料4|1711,3,三角波,三角波,三角波,三角波,三角波,三角波
附件一（训练集）.xlsx|材料4|1712,4,三角波,三角波,三角波,三角波,三角波,三角波
附件一（训练集）.xlsx|材料4|1713,2,三角波,三角波,三角波,三角波,三角波,三角波
附件一（训练集）.xlsx|材料4|1714,0,三角波,三角波,三角波,三角波,三角波,三角波
附件一（训练集）.xlsx|材料4|1715,3,三角波,三角波,三角波,三角波,三角波,三角波
附件一（训练集）.xlsx|材料4|1716,2,三角波,三角波,三角波,三角波,正弦波,三角波
附件一（训练集）.xlsx|材料4|1717,4,三角波,三角波,三角波,三角波,正弦波,三角波
附件一（训练集）.xlsx|材料4|1718,4,三角波,三角波,三角波,三角波,三角波,三角波
附件一（训练集）.xlsx|材料4|1719,4,三角波,三角波,三角波,三角波,三角波,三角波
附件一（训练集）.xlsx|材料4|172,2,正弦波,正弦波,正弦波,正弦波,三角波,正弦波
附件一（训练集）.xlsx|材料4|1720,4,三角波,三角波,三角波,三角波,三角波,三角波
附件一（训练集）.xlsx|材料4|1721,2,三角波,三角波,三角波,三角波,三角波,三角波
附件一（训练集）.xlsx|材料4|1722,4,三角波,三角波,三角波,三角波,三角波,三角波
附件一（训练集）.xlsx|材料4|1723,1,三角波,三角波,三角波,三角波,三角波,三角波
附件一（训练集）.xlsx|材料4|1724,4,三角波,三角波,三角波,三角波,三角波,三角波
附件一（训练集）.xlsx|材料4|1725,4,三角波,三角波,三角波,三角波,三角波,三角波
附件一（训练集）.xlsx|材料4|1726,2,三角波,三角波,三角波,三角波,三角波,三角波
附件一（训练集）.xlsx|材料4|1727,2,三角波,三角波,三角波,三角波,三角波,三角波
附件一（训练集）.xlsx|材料4|1728,1,三角波,三角波,三角波,三角波,三角波,三角波
附件一（训练集）.xlsx|材料4|1729,1,三角波,三角波,三角波,三角波,正弦波,三角波
附件一（训练集）.xlsx|材料4|173,3,正弦波,正弦波,正弦波,正弦波,三角波,正弦波
附件一（训练集）.xlsx|材料4|1730,4,三角波,三角波,三角波,三角波,三角波,三角波
附件一（训练集）.xlsx|材料4|1731,3,三角波,三角波,三角波,三角波,三角波,三角波
附件一（训练集）.xlsx|材料4|1732,4,三角波,三角波,三角波,三角波,三角波,三角波
附件一（训练集）.xlsx|材料4|1733,4,三角波,三角波,三角波,三角波,三角波,三角波
附件一（训练集）.xlsx|材料4|1734,4,三角波,三角波,三角波,三角波,三角波,三角波
附件一（训练集）.xlsx|材料4|1735,2,三角波,三角波,三角波,三角波,三角波,三角波
附件一（训练集）.xlsx|材料4|1736,3,三角波,三角波,三角波,三角波,三角波,三角波
附件一（训练集）.xlsx|材料4|1737,2,三角波,三角波,三角波,三角波,三角波,三角波
附件一（训练集）.xlsx|材料4|1738,3,三角波,三角波,三角波,三角波,三角波,三角波
附件一（训练集）.xlsx|材料4|1739,3,三角波,三角波,三角波,三角波,三角波,三角波
附件一（训练集）.xlsx|材料4|174,3,正弦波,正弦波,正弦波,正弦波,三角波,正弦波
附件一（训练集）.xlsx|材料4|1740,3,三角波,三角波,三角波,三角波,三角波,三角波
附件一（训练集）.xlsx|材料4|1741,1,三角波,三角波,三角波,三角波,三角波,三角波
附件一（训练集）.xlsx|材料4|1742,1,三角波,三角波,三角波,三角波,三角波,三角波
附件一（训练集）.xlsx|材料4|1743,0,三角波,三角波,三角波,三角波,三角波,三角波
附件一（训练集）.xlsx|材料4|1744,3,三角波,三角波,三角波,三角波,三角波,三角波
附件一（训练集）.xlsx|材料4|1745,2,三角波,三角波,三角波,三角波,三角波,三角波
附件一（训练集）.xlsx|材料4|1746,3,三角波,三角波,三角波,三角波,三角波,三角波
附件一（训练集）.xlsx|材料4|1747,1,三角波,三角波,三角波,三角波,三角波,三角波
附件一（训练集）.xlsx|材料4|1748,1,三角波,三角波,三角波,三角波,三角波,三角波
附件一（训练集）.xlsx|材料4|1749,3,三角波,三角波,三角波,三角波,三角波,三角波
附件一（训练集）.xlsx|材料4|175,2,正弦波,正弦波,正弦波,正弦波,三角波,正弦波
附件一（训练集）.xlsx|材料4|1750,0,三角波,三角波,三角波,三角波,三角波,三角波
附件一（训练集）.xlsx|材料4|1751,3,三角波,三角波,三角波,三角波,三角波,三角波
附件一（训练集）.xlsx|材料4|1752,0,三角波,三角波,三角波,三角波,三角波,三角波
附件一（训练集）.xlsx|材料4|1753,1,三角波,三角波,三角波,三角波,三角波,三角波
附件一（训练集）.xlsx|材料4|1754,3,三角波,三角波,三角波,三角波,三角波,三角波
附件一（训练集）.xlsx|材料4|1755,4,三角波,三角波,三角波,三角波,三角波,三角波
附件一（训练集）.xlsx|材料4|1756,4,三角波,三角波,三角波,三角波,三角波,三角波
附件一（训练集）.xlsx|材料4|1757,1,三角波,三角波,三角波,三角波,三角波,三角波
附件一（训练集）.xlsx|材料4|1758,3,三角波,三角波,三角波,三角波,三角波,三角波
附件一（训练集）.xlsx|材料4|1759,3,三角波,三角波,三角波,三角波,三角波,三角波
附件一（训练集）.xlsx|材料4|176,0,正弦波,正弦波,正弦波,正弦波,三角波,正弦波
附件一（训练集）.xlsx|材料4|1760,3,三角波,三角波,三角波,三角波,三角波,三角波
附件一（训练集）.xlsx|材料4|1761,4,三角波,三角波,三角波,三角波,三角波,三角波
附件一（训练集）.xlsx|材料4|1762,4,三角波,三角波,三角波,三角波,三角波,三角波
附件一（训练集）.xlsx|材料4|1763,3,三角波,三角波,三角波,三角波,三角波,三角波
附件一（训练集）.xlsx|材料4|1764,0,三角波,三角波,三角波,三角波,三角波,三角波
附件一（训练集）.xlsx|材料4|1765,4,三角波,三角波,三角波,三角波,三角波,三角波
附件一（训练集）.xlsx|材料4|1766,3,三角波,三角波,三角波,三角波,三角波,三角波
附件一（训练集）.xlsx|材料4|1767,3,三角波,三角波,三角波,三角波,三角波,三角波
附件一（训练集）.xlsx|材料4|1768,4,三角波,三角波,三角波,三角波,三角波,三角波
附件一（训练集）.xlsx|材料4|1769,0,三角波,三角波,三角波,三角波,三角波,三角波
附件一（训练集）.xlsx|材料4|177,0,正弦波,正弦波,正弦波,正弦波,三角波,正弦波
附件一（训练集）.xlsx|材料4|1770,0,三角波,三角波,三角波,三角波,三角波,三角波
附件一（训练集）.xlsx|材料4|1771,2,三角波,三角波,三角波,三角波,三角波,三角波
附件一（训练集）.xlsx|材料4|1772,1,三角波,三角波,三角波,三角波,三角波,三角波
附件一（训练集）.xlsx|材料4|1773,1,三角波,三角波,三角波,三角波,三角波,三角波
附件一（训练集）.xlsx|材料4|1774,4,三角波,三角波,三角波,三角波,三角波,三角波
附件一（训练集）.xlsx|材料4|1775,2,三角波,三角波,三角波,三角波,三角波,三角波
附件一（训练集）.xlsx|材料4|1776,4,三角波,三角波,三角波,三角波,三角波,三角波
附件一（训练集）.xlsx|材料4|1777,1,三角波,三角波,三角波,三角波,三角波,三角波
附件一（训练集）.xlsx|材料4|1778,1,三角波,三角波,三角波,三角波,三角波,三角波
附件一（训练集）.xlsx|材料4|1779,1,三角波,三角波,三角波,三角波,三角波,三角波
附件一（训练集）.xlsx|材料4|178,1,正弦波,正弦波,正弦波,正弦波,三角波,正弦波
附件一（训练集）.xlsx|材料4|1780,3,三角波,三角波,三角波,三角波,三角波,三角波
附件一（训练集）.xlsx|材料4|1781,0,三角波,三角波,三角波,三角波,三角波,三角波
附件一（训练集）.xlsx|材料4|1782,1,三角波,三角波,三角波,三角波,三角波,三角波
附件一（训练集）.xlsx|材料4|1783,3,三角波,三角波,三角波,三角波,三角波,三角波
附件一（训练集）.xlsx|材料4|1784,4,三角波,三角波,三角波,三角波,三角波,三角波
附件一（训练集）.xlsx|材料4|1785,4,三角波,三角波,三角波,三角波,三角波,三角波
附件一（训练集）.xlsx|材料4|1786,3,三角波,三角波,三角波,三角波,三角波,三角波
附件一（训练集）.xlsx|材料4|1787,0,三角波,三角波,三角波,三角波,三角波,三角波
附件一（训练集）.xlsx|材料4|1788,4,三角波,三角波,三角波,三角波,三角波,三角波
附件一（训练集）.xlsx|材料4|1789,1,三角波,三角波,三角波,三角波,三角波,三角波
附件一（训练集）.xlsx|材料4|179,2,正弦波,正弦波,正弦波,正弦波,三角波,正弦波
附件一（训练集）.xlsx|材料4|1790,3,三角波,三角波,三角波,三角波,三角波,三角波
附件一（训练集）.xlsx|材料4|1791,3,三角波,三角波,三角波,三角波,三角波,三角波
附件一（训练集）.xlsx|材料4|1792,3,三角波,三角波,三角波,三角波,三角波,三角波
附件一（训练集）.xlsx|材料4|1793,4,三角波,三角波,三角波,三角波,三角波,三角波
附件一（训练集）.xlsx|材料4|1794,4,三角波,三角波,三角波,三角波,三角波,三角波
附件一（训练集）.xlsx|材料4|1795,0,三角波,三角波,三角波,三角波,三角波,三角波
附件一（训练集）.xlsx|材料4|1796,1,三角波,三角波,三角波,三角波,三角波,三角波
附件一（训练集）.xlsx|材料4|1797,4,三角波,三角波,三角波,三角波,三角波,三角波
附件一（训练集）.xlsx|材料4|1798,0,三角波,三角波,三角波,三角波,三角波,三角波
附件一（训练集）.xlsx|材料4|1799,0,三角波,三角波,三角波,三角波,三角波,三角波
附件一（训练集）.xlsx|材料4|18,2,正弦波,正弦波,正弦波,正弦波,正弦波,正弦波
附件一（训练集）.xlsx|材料4|180,0,正弦波,正弦波,正弦波,正弦波,三角波,正弦波
附件一（训练集）.xlsx|材料4|1800,0,三角波,三角波,三角波,三角波,三角波,三角波
附件一（训练集）.xlsx|材料4|1801,2,三角波,三角波,三角波,三角波,三角波,三角波
附件一（训练集）.xlsx|材料4|1802,2,三角波,三角波,三角波,三角波,三角波,三角波
附件一（训练集）.xlsx|材料4|1803,4,三角波,三角波,三角波,三角波,三角波,三角波
附件一（训练集）.xlsx|材料4|1804,3,三角波,三角波,三角波,三角波,三角波,三角波
附件一（训练集）.xlsx|材料4|1805,2,三角波,三角波,三角波,三角波,三角波,三角波
附件一（训练集）.xlsx|材料4|1806,1,三角波,三角波,三角波,三角波,三角波,三角波
附件一（训练集）.xlsx|材料4|1807,0,三角波,三角波,三角波,三角波,三角波,三角波
附件一（训练集）.xlsx|材料4|1808,3,三角波,三角波,三角波,三角波,三角波,三角波
附件一（训练集）.xlsx|材料4|1809,4,三角波,三角波,三角波,三角波,三角波,三角波
附件一（训练集）.xlsx|材料4|181,0,正弦波,正弦波,正弦波,正弦波,三角波,正弦波
附件一（训练集）.xlsx|材料4|1810,2,三角波,三角波,三角波,三角波,三角波,三角波
附件一（训练集）.xlsx|材料4|1811,1,三角波,三角波,三角波,三角波,三角波,三角波
附件一（训练集）.xlsx|材料4|1812,1,三角波,三角波,三角波,三角波,三角波,三角波
附件一（训练集）.xlsx|材料4|1813,3,三角波,三角波,三角波,三角波,三角波,三角波
附件一（训练集）.xlsx|材料4|1814,4,三角波,三角波,三角波,三角波,三角波,三角波
附件一（训练集）.xlsx|材料4|1815,4,三角波,三角波,三角波,三角波,三角波,三角波
附件一（训练集）.xlsx|材料4|1816,4,三角波,三角波,三角波,三角波,三角波,三角波
附件一（训练集）.xlsx|材料4|1817,2,三角波,三角波,三角波,三角波,三角波,三角波
附件一（训练集）.xlsx|材料4|1818,2,三角波,三角波,三角波,三角波,三角波,三角波
附件一（训练集）.xlsx|材料4|1819,0,三角波,三角波,三角波,三角波,三角波,三角波
附件一（训练集）.xlsx|材料4|182,3,正弦波,正弦波,正弦波,正弦波,三角波,正弦波
附件一（训练集）.xlsx|材料4|1820,0,三角波,三角波,三角波,三角波,三角波,三角波
附件一（训练集）.xlsx|材料4|1821,0,三角波,三角波,三角波,三角波,三角波,三角波
附件一（训练集）.xlsx|材料4|1822,0,三角波,三角波,三角波,三角波,三角波,三角波
附件一（训练集）.xlsx|材料4|1823,1,三角波,三角波,三角波,三角波,三角波,三角波
附件一（训练集）.xlsx|材料4|1824,4,三角波,三角波,三角波,三角波,三角波,三角波
附件一（训练集）.xlsx|材料4|1825,4,三角波,三角波,三角波,三角波,三角波,三角波
附件一（训练集）.xlsx|材料4|1826,2,三角波,三角波,三角波,三角波,三角波,三角波
附件一（训练集）.xlsx|材料4|1827,3,三角波,三角波,三角波,三角波,三角波,三角波
附件一（训练集）.xlsx|材料4|1828,1,三角波,三角波,三角波,三角波,三角波,三角波
附件一（训练集）.xlsx|材料4|1829,2,三角波,三角波,三角波,三角波,三角波,三角波
附件一（训练集）.xlsx|材料4|183,2,正弦波,正弦波,正弦波,正弦波,三角波,正弦波
附件一（训练集）.xlsx|材料4|1830,2,三角波,三角波,三角波,三角波,三角波,三角波
附件一（训练集）.xlsx|材料4|1831,3,三角波,三角波,三角波,三角波,三角波,三角波
附件一（训练集）.xlsx|材料4|1832,2,三角波,三角波,三角波,三角波,三角波,三角波
附件一（训练集）.xlsx|材料4|1833,2,三角波,三角波,三角波,三角波,三角波,三角波
附件一（训练集）.xlsx|材料4|1834,1,三角波,三角波,三角波,三角波,三角波,三角波
附件一（训练集）.xlsx|材料4|1835,4,三角波,三角波,三角波,三角波,三角波,三角波
附件一（训练集）.xlsx|材料4|1836,4,三角波,三角波,三角波,三角波,三角波,三角波
附件一（训练集）.xlsx|材料4|1837,4,三角波,三角波,三角波,三角波,三角波,三角波
附件一（训练集）.xlsx|材料4|1838,0,三角波,三角波,三角波,三角波,三角波,三角波
附件一（训练集）.xlsx|材料4|1839,4,三角波,三角波,三角波,三角波,三角波,三角波
附件一（训练集）.xlsx|材料4|184,4,正弦波,正弦波,正弦波,正弦波,三角波,正弦波
附件一（训练集）.xlsx|材料4|1840,0,三角波,三角波,三角波,三角波,三角波,三角波
附件一（训练集）.xlsx|材料4|1841,0,三角波,三角波,三角波,三角波,三角波,三角波
附件一（训练集）.xlsx|材料4|1842,4,三角波,三角波,三角波,三角波,正弦波,三角波
附件一（训练集）.xlsx|材料4|1843,2,三角波,三角波,三角波,三角波,正弦波,三角波
附件一（训练集）.xlsx|材料4|1844,2,三角波,三角波,三角波,三角波,正弦波,三角波
附件一（训练集）.xlsx|材料4|1845,4,三角波,三角波,三角波,三角波,正弦波,三角波
附件一（训练集）.xlsx|材料4|1846,2,三角波,三角波,三角波,三角波,正弦波,三角波
附件一（训练集）.xlsx|材料4|1847,4,三角波,三角波,三角波,三角波,正弦波,三角波
附件一（训练集）.xlsx|材料4|1848,2,三角波,三角波,三角波,三角波,正弦波,三角波
附件一（训练集）.xlsx|材料4|1849,3,三角波,三角波,三角波,三角波,正弦波,三角波
附件一（训练集）.xlsx|材料4|185,4,正弦波,正弦波,正弦波,正弦波,三角波,正弦波
附件一（训练集）.xlsx|材料4|1850,2,三角波,三角波,三角波,三角波,正弦波,三角波
附件一（训练集）.xlsx|材料4|1851,2,三角波,三角波,三角波,三角波,三角波,三角波
附件一（训练集）.xlsx|材料4|1852,2,三角波,三角波,三角波,三角波,三角波,三角波
附件一（训练集）.xlsx|材料4|1853,0,三角波,三角波,三角波,三角波,三角波,三角波
附件一（训练集）.xlsx|材料4|1854,0,三角波,三角波,三角波,三角波,三角波,三角波
附件一（训练集）.xlsx|材料4|1855,0,三角波,三角波,三角波,三角波,三角波,三角波
附件一（训练集）.xlsx|材料4|1856,1,三角波,三角波,三角波,三角波,正弦波,三角波
附件一（训练集）.xlsx|材料4|1857,2,三角波,三角波,三角波,三角波,正弦波,三角波
附件一（训练集）.xlsx|材料4|1858,0,三角波,三角波,三角波,三角波,正弦波,三角波
附件一（训练集）.xlsx|材料4|1859,2,三角波,三角波,三角波,三角波,正弦波,三角波
附件一（训练集）.xlsx|材料4|186,4,正弦波,正弦波,正弦波,正弦波,三角波,正弦波
附件一（训练集）.xlsx|材料4|1860,2,三角波,三角波,三角波,三角波,正弦波,三角波
附件一（训练集）.xlsx|材料4|1861,2,三角波,三角波,三角波,三角波,正弦波,三角波
附件一（训练集）.xlsx|材料4|1862,4,三角波,三角波,三角波,三角波,三角波,三角波
附件一（训练集）.xlsx|材料4|1863,2,三角波,三角波,三角波,三角波,三角波,三角波
附件一（训练集）.xlsx|材料4|1864,2,三角波,三角波,三角波,三角波,三角波,三角波
附件一（训练集）.xlsx|材料4|1865,2,三角波,三角波,三角波,三角波,三角波,三角波
附件一（训练集）.xlsx|材料4|1866,0,三角波,三角波,三角波,三角波,三角波,三角波
附件一（训练集）.xlsx|材料4|1867,0,三角波,三角波,三角波,三角波,三角波,三角波
附件一（训练集）.xlsx|材料4|1868,2,三角波,三角波,三角波,三角波,三角波,三角波
附件一（训练集）.xlsx|材料4|1869,0,三角波,三角波,三角波,三角波,正弦波,三角波
附件一（训练集）.xlsx|材料4|187,1,正弦波,正弦波,正弦波,正弦波,三角波,正弦波
附件一（训练集）.xlsx|材料4|1870,0,三角波,三角波,三角波,三角波,正弦波,三角波
附件一（训练集）.xlsx|材料4|1871,4,三角波,三角波,三角波,三角波,正弦波,三角波
附件一（训练集）.xlsx|材料4|1872,2,三角波,三角波,三角波,三角波,正弦波,三角波
附件一（训练集）.xlsx|材料4|1873,2,三角波,三角波,三角波,三角波,正弦波,三角波
附件一（训练集）.xlsx|材料4|1874,4,三角波,三角波,三角波,三角波,三角波,三角波
附件一（训练集）.xlsx|材料4|1875,4,三角波,三角波,三角波,三角波,三角波,三角波
附件一（训练集）.xlsx|材料4|1876,4,三角波,三角波,三角波,三角波,三角波,三角波
附件一（训练集）.xlsx|材料4|1877,4,三角波,三角波,三角波,三角波,三角波,三角波
附件一（训练集）.xlsx|材料4|1878,2,三角波,三角波,三角波,三角波,三角波,三角波
附件一（训练集）.xlsx|材料4|1879,4,三角波,三角波,三角波,三角波,三角波,三角波
附件一（训练集）.xlsx|材料4|188,2,正弦波,正弦波,正弦波,正弦波,三角波,正弦波
附件一（训练集）.xlsx|材料4|1880,1,三角波,三角波,三角波,三角波,三角波,三角波
附件一（训练集）.xlsx|材料4|1881,0,三角波,三角波,三角波,三角波,三角波,三角波
附件一（训练集）.xlsx|材料4|1882,4,三角波,三角波,三角波,三角波,三角波,三角波
附件一（训练集）.xlsx|材料4|1883,0,三角波,三角波,三角波,三角波,三角波,三角波
附件一（训练集）.xlsx|材料4|1884,0,三角波,三角波,三角波,三角波,三角波,三角波
附件一（训练集）.xlsx|材料4|1885,2,三角波,三角波,三角波,三角波,正弦波,三角波
附件一（训练集）.xlsx|材料4|1886,1,三角波,三角波,三角波,三角波,正弦波,三角波
附件一（训练集）.xlsx|材料4|1887,2,三角波,三角波,三角波,三角波,正弦波,三角波
附件一（训练集）.xlsx|材料4|1888,2,三角波,三角波,三角波,三角波,三角波,三角波
附件一（训练集）.xlsx|材料4|1889,0,三角波,三角波,三角波,三角波,三角波,三角波
附件一（训练集）.xlsx|材料4|189,0,正弦波,正弦波,正弦波,正弦波,三角波,正弦波
附件一（训练集）.xlsx|材料4|1890,0,三角波,三角波,三角波,三角波,三角波,三角波
附件一（训练集）.xlsx|材料4|1891,3,三角波,三角波,三角波,三角波,三角波,三角波
附件一（训练集）.xlsx|材料4|1892,3,三角波,三角波,三角波,三角波,三角波,三角波
附件一（训练集）.xlsx|材料4|1893,1,三角波,三角波,三角波,三角波,三角波,三角波
附件一（训练集）.xlsx|材料4|1894,1,三角波,三角波,三角波,三角波,三角波,三角波
附件一（训练集）.xlsx|材料4|1895,1,三角波,三角波,三角波,三角波,三角波,三角波
附件一（训练集）.xlsx|材料4|1896,2,三角波,三角波,三角波,三角波,三角波,三角波
附件一（训练集）.xlsx|材料4|1897,2,三角波,三角波,三角波,三角波,三角波,三角波
附件一（训练集）.xlsx|材料4|1898,1,三角波,三角波,三角波,三角波,正弦波,三角波
附件一（训练集）.xlsx|材料4|1899,1,三角波,三角波,三角波,三角波,三角波,三角波
附件一（训练集）.xlsx|材料4|19,1,正弦波,正弦波,正弦波,正弦波,正弦波,正弦波
附件一（训练集）.xlsx|材料4|190,4,正弦波,正弦波,正弦波,正弦波,正弦波,正弦波
附件一（训练集）.xlsx|材料4|1900,0,三角波,三角波,三角波,三角波,三角波,三角波
附件一（训练集）.xlsx|材料4|1901,0,三角波,三角波,三角波,三角波,三角波,三角波
附件一（训练集）.xlsx|材料4|1902,0,三角波,三角波,三角波,三角波,三角波,三角波
附件一（训练集）.xlsx|材料4|1903,3,三角波,三角波,三角波,三角波,三角波,三角波
附件一（训练集）.xlsx|材料4|1904,0,三角波,三角波,三角波,三角波,三角波,三角波
附件一（训练集）.xlsx|材料4|1905,0,三角波,三角波,三角波,三角波,三角波,三角波
附件一（训练集）.xlsx|材料4|1906,0,三角波,三角波,三角波,三角波,三角波,三角波
附件一（训练集）.xlsx|材料4|1907,0,三角波,三角波,三角波,三角波,三角波,三角波
附件一（训练集）.xlsx|材料4|1908,0,三角波,三角波,三角波,三角波,三角波,三角波
附件一（训练集）.xlsx|材料4|1909,3,三角波,三角波,三角波,三角波,三角波,三角波
附件一（训练集）.xlsx|材料4|191,0,正弦波,正弦波,正弦波,正弦波,正弦波,正弦波
附件一（训练集）.xlsx|材料4|1910,4,三角波,三角波,三角波,三角波,三角波,三角波
附件一（训练集）.xlsx|材料4|1911,4,三角波,三角波,三角波,三角波,三角波,三角波
附件一（训练集）.xlsx|材料4|1912,4,三角波,三角波,三角波,三角波,三角波,三角波
附件一（训练集）.xlsx|材料4|1913,0,三角波,三角波,三角波,三角波,三角波,三角波
附件一（训练集）.xlsx|材料4|1914,4,三角波,三角波,三角波,三角波,三角波,三角波
附件一（训练集）.xlsx|材料4|1915,3,三角波,三角波,三角波,三角波,正弦波,三角波
附件一（训练集）.xlsx|材料4|1916,3,三角波,三角波,三角波,三角波,正弦波,三角波
附件一（训练集）.xlsx|材料4|1917,3,三角波,三角波,三角波,三角波,正弦波,三角波
附件一（训练集）.xlsx|材料4|1918,2,三角波,三角波,三角波,三角波,正弦波,三角波
附件一（训练集）.xlsx|材料4|1919,2,三角波,三角波,三角波,三角波,正弦波,三角波
附件一（训练集）.xlsx|材料4|192,3,正弦波,正弦波,正弦波,正弦波,正弦波,正弦波
附件一（训练集）.xlsx|材料4|1920,2,三角波,三角波,三角波,三角波,三角波,三角波
附件一（训练集）.xlsx|材料4|1921,2,三角波,三角波,三角波,三角波,三角波,三角波
附件一（训练集）.xlsx|材料4|1922,4,三角波,三角波,三角波,三角波,三角波,三角波
附件一（训练集）.xlsx|材料4|1923,4,三角波,三角波,三角波,三角波,三角波,三角波
附件一（训练集）.xlsx|材料4|1924,3,三角波,三角波,三角波,三角波,三角波,三角波
附件一（训练集）.xlsx|材料4|1925,0,三角波,三角波,三角波,三角波,三角波,三角波
附件一（训练集）.xlsx|材料4|1926,0,三角波,三角波,三角波,三角波,三角波,三角波
附件一（训练集）.xlsx|材料4|1927,3,三角波,三角波,三角波,三角波,三角波,三角波
附件一（训练集）.xlsx|材料4|1928,2,三角波,三角波,三角波,三角波,三角波,三角波
附件一（训练集）.xlsx|材料4|1929,3,三角波,三角波,三角波,三角波,三角波,三角波
附件一（训练集）.xlsx|材料4|193,1,正弦波,正弦波,正弦波,正弦波,正弦波,正弦波
附件一（训练集）.xlsx|材料4|1930,0,三角波,三角波,三角波,三角波,三角波,三角波
附件一（训练集）.xlsx|材料4|1931,4,三角波,三角波,三角波,三角波,正弦波,三角波
附件一（训练集）.xlsx|材料4|1932,2,三角波,三角波,三角波,三角波,三角波,三角波
附件一（训练集）.xlsx|材料4|1933,2,三角波,三角波,三角波,三角波,正弦波,三角波
附件一（训练集）.xlsx|材料4|1934,0,三角波,三角波,三角波,三角波,正弦波,三角波
附件一（训练集）.xlsx|材料4|1935,0,三角波,三角波,三角波,三角波,正弦波,三角波
附件一（训练集）.xlsx|材料4|1936,3,三角波,三角波,三角波,三角波,正弦波,三角波
附件一（训练集）.xlsx|材料4|1937,2,三角波,三角波,三角波,三角波,正弦波,三角波
附件一（训练集）.xlsx|材料4|1938,3,三角波,三角波,三角波,三角波,三角波,三角波
附件一（训练集）.xlsx|材料4|1939,4,三角波,三角波,三角波,三角波,三角波,三角波
附件一（训练集）.xlsx|材料4|194,1,正弦波,正弦波,正弦波,正弦波,正弦波,正弦波
附件一（训练集）.xlsx|材料4|1940,2,三角波,三角波,三角波,三角波,三角波,三角波
附件一（训练集）.xlsx|材料4|1941,2,三角波,三角波,三角波,三角波,三角波,三角波
附件一（训练集）.xlsx|材料4|1942,2,三角波,三角波,三角波,三角波,三角波,三角波
附件一（训练集）.xlsx|材料4|1943,3,三角波,三角波,三角波,三角波,三角波,三角波
附件一（训练集）.xlsx|材料4|1944,3,三角波,三角波,三角波,三角波,三角波,三角波
附件一（训练集）.xlsx|材料4|1945,2,三角波,三角波,三角波,三角波,三角波,三角波
附件一（训练集）.xlsx|材料4|1946,3,三角波,三角波,三角波,三角波,三角波,三角波
附件一（训练集）.xlsx|材料4|1947,0,三角波,三角波,三角波,三角波,三角波,三角波
附件一（训练集）.xlsx|材料4|1948,1,三角波,三角波,三角波,三角波,三角波,三角波
附件一（训练集）.xlsx|材料4|1949,0,三角波,三角波,三角波,三角波,三角波,三角波
附件一（训练集）.xlsx|材料4|195,1,正弦波,正弦波,正弦波,正弦波,正弦波,正弦波
附件一（训练集）.xlsx|材料4|1950,2,三角波,三角波,三角波,三角波,三角波,三角波
附件一（训练集）.xlsx|材料4|1951,4,三角波,三角波,三角波,三角波,三角波,三角波
附件一（训练集）.xlsx|材料4|1952,1,三角波,三角波,三角波,三角波,三角波,三角波
附件一（训练集）.xlsx|材料4|1953,1,三角波,三角波,三角波,三角波,三角波,三角波
附件一（训练集）.xlsx|材料4|1954,3,三角波,三角波,三角波,三角波,三角波,三角波
附件一（训练集）.xlsx|材料4|1955,3,三角波,三角波,三角波,三角波,三角波,三角波
附件一（训练集）.xlsx|材料4|1956,4,三角波,三角波,三角波,三角波,三角波,三角波
附件一（训练集）.xlsx|材料4|1957,4,三角波,三角波,三角波,三角波,三角波,三角波
附件一（训练集）.xlsx|材料4|1958,3,三角波,三角波,三角波,三角波,三角波,三角波
附件一（训练集）.xlsx|材料4|1959,3,三角波,三角波,三角波,三角波,三角波,三角波
附件一（训练集）.xlsx|材料4|196,0,正弦波,正弦波,正弦波,正弦波,正弦波,正弦波
附件一（训练集）.xlsx|材料4|1960,4,三角波,三角波,三角波,三角波,三角波,三角波
附件一（训练集）.xlsx|材料4|1961,2,三角波,三角波,三角波,三角波,三角波,三角波
附件一（训练集）.xlsx|材料4|1962,2,三角波,三角波,三角波,三角波,三角波,三角波
附件一（训练集）.xlsx|材料4|1963,1,三角波,三角波,三角波,三角波,三角波,三角波
附件一（训练集）.xlsx|材料4|1964,2,三角波,三角波,三角波,三角波,三角波,三角波
附件一（训练集）.xlsx|材料4|1965,2,三角波,三角波,三角波,三角波,三角波,三角波
附件一（训练集）.xlsx|材料4|1966,2,三角波,三角波,三角波,三角波,三角波,三角波
附件一（训练集）.xlsx|材料4|1967,0,三角波,三角波,三角波,三角波,三角波,三角波
附件一（训练集）.xlsx|材料4|1968,2,三角波,三角波,三角波,三角波,三角波,三角波
附件一（训练集）.xlsx|材料4|1969,3,三角波,三角波,三角波,三角波,三角波,三角波
附件一（训练集）.xlsx|材料4|197,0,正弦波,正弦波,正弦波,正弦波,正弦波,正弦波
附件一（训练集）.xlsx|材料4|1970,3,三角波,三角波,三角波,三角波,三角波,三角波
附件一（训练集）.xlsx|材料4|1971,3,三角波,三角波,三角波,三角波,三角波,三角波
附件一（训练集）.xlsx|材料4|1972,3,三角波,三角波,三角波,三角波,三角波,三角波
附件一（训练集）.xlsx|材料4|1973,1,三角波,三角波,三角波,三角波,三角波,三角波
附件一（训练集）.xlsx|材料4|1974,0,三角波,三角波,三角波,三角波,三角波,三角波
附件一（训练集）.xlsx|材料4|1975,1,三角波,三角波,三角波,三角波,三角波,三角波
附件一（训练集）.xlsx|材料4|1976,3,三角波,三角波,三角波,三角波,三角波,三角波
附件一（训练集）.xlsx|材料4|1977,4,三角波,三角波,三角波,三角波,三角波,三角波
附件一（训练集）.xlsx|材料4|1978,3,三角波,三角波,三角波,三角波,三角波,三角波
附件一（训练集）.xlsx|材料4|1979,3,三角波,三角波,三角波,三角波,三角波,三角波
附件一（训练集）.xlsx|材料4|198,1,正弦波,正弦波,正弦波,正弦波,正弦波,正弦波
附件一（训练集）.xlsx|材料4|1980,1,三角波,三角波,三角波,三角波,三角波,三角波
附件一（训练集）.xlsx|材料4|1981,3,三角波,三角波,三角波,三角波,三角波,三角波
附件一（训练集）.xlsx|材料4|1982,2,三角波,三角波,三角波,三角波,三角波,三角波
附件一（训练集）.xlsx|材料4|1983,3,三角波,三角波,三角波,三角波,三角波,三角波
附件一（训练集）.xlsx|材料4|1984,4,三角波,三角波,三角波,三角波,三角波,三角波
附件一（训练集）.xlsx|材料4|1985,4,三角波,三角波,三角波,三角波,三角波,三角波
附件一（训练集）.xlsx|材料4|1986,4,三角波,三角波,三角波,三角波,三角波,三角波
附件一（训练集）.xlsx|材料4|1987,3,三角波,三角波,三角波,三角波,三角波,三角波
附件一（训练集）.xlsx|材料4|1988,2,三角波,三角波,三角波,三角波,三角波,三角波
附件一（训练集）.xlsx|材料4|1989,3,三角波,三角波,三角波,三角波,三角波,三角波
附件一（训练集）.xlsx|材料4|199,0,正弦波,正弦波,正弦波,正弦波,正弦波,正弦波
附件一（训练集）.xlsx|材料4|1990,3,三角波,三角波,三角波,三角波,三角波,三角波
附件一（训练集）.xlsx|材料4|1991,3,三角波,三角波,三角波,三角波,三角波,三角波
附件一（训练集）.xlsx|材料4|1992,4,三角波,三角波,三角波,三角波,三角波,三角波
附件一（训练集）.xlsx|材料4|1993,3,三角波,三角波,三角波,三角波,三角波,三角波
附件一（训练集）.xlsx|材料4|1994,3,三角波,三角波,三角波,三角波,三角波,三角波
附件一（训练集）.xlsx|材料4|1995,3,三角波,三角波,三角波,三角波,三角波,三角波
附件一（训练集）.xlsx|材料4|1996,3,三角波,三角波,三角波,三角波,三角波,三角波
附件一（训练集）.xlsx|材料4|1997,4,三角波,三角波,三角波,三角波,三角波,三角波
附件一（训练集）.xlsx|材料4|1998,0,三角波,三角波,三角波,三角波,三角波,三角波
附件一（训练集）.xlsx|材料4|1999,1,三角波,三角波,三角波,三角波,三角波,三角波
附件一（训练集）.xlsx|材料4|2,4,正弦波,正弦波,正弦波,正弦波,正弦波,正弦波
附件一（训练集）.xlsx|材料4|20,0,正弦波,正弦波,正弦波,正弦波,三角波,正弦波
附件一（训练集）.xlsx|材料4|200,3,正弦波,正弦波,正弦波,正弦波,正弦波,正弦波
附件一（训练集）.xlsx|材料4|2000,4,三角波,三角波,三角波,三角波,三角波,三角波
附件一（训练集）.xlsx|材料4|2001,4,三角波,三角波,三角波,三角波,三角波,三角波
附件一（训练集）.xlsx|材料4|2002,0,三角波,三角波,三角波,三角波,三角波,三角波
附件一（训练集）.xlsx|材料4|2003,1,三角波,三角波,三角波,三角波,三角波,三角波
附件一（训练集）.xlsx|材料4|2004,1,三角波,三角波,三角波,三角波,三角波,三角波
附件一（训练集）.xlsx|材料4|2005,1,三角波,三角波,三角波,三角波,三角波,三角波
附件一（训练集）.xlsx|材料4|2006,1,三角波,三角波,三角波,三角波,三角波,三角波
附件一（训练集）.xlsx|材料4|2007,3,三角波,三角波,三角波,三角波,三角波,三角波
附件一（训练集）.xlsx|材料4|2008,2,三角波,三角波,三角波,三角波,三角波,三角波
附件一（训练集）.xlsx|材料4|2009,1,三角波,三角波,三角波,三角波,三角波,三角波
附件一（训练集）.xlsx|材料4|201,2,正弦波,正弦波,正弦波,正弦波,正弦波,正弦波
附件一（训练集）.xlsx|材料4|2010,1,三角波,三角波,三角波,三角波,三角波,三角波
附件一（训练集）.xlsx|材料4|2011,2,三角波,三角波,三角波,三角波,三角波,三角波
附件一（训练集）.xlsx|材料4|2012,1,三角波,三角波,三角波,三角波,三角波,三角波
附件一（训练集）.xlsx|材料4|2013,4,三角波,三角波,三角波,三角波,三角波,三角波
附件一（训练集）.xlsx|材料4|2014,4,三角波,三角波,三角波,三角波,三角波,三角波
附件一（训练集）.xlsx|材料4|2015,1,三角波,三角波,三角波,三角波,三角波,三角波
附件一（训练集）.xlsx|材料4|2016,3,三角波,三角波,三角波,三角波,三角波,三角波
附件一（训练集）.xlsx|材料4|2017,4,三角波,三角波,三角波,三角波,三角波,三角波
附件一（训练集）.xlsx|材料4|2018,2,三角波,三角波,三角波,三角波,三角波,三角波
附件一（训练集）.xlsx|材料4|2019,1,三角波,三角波,三角波,三角波,三角波,三角波
附件一（训练集）.xlsx|材料4|202,0,正弦波,正弦波,正弦波,正弦波,正弦波,正弦波
附件一（训练集）.xlsx|材料4|2020,2,三角波,三角波,三角波,三角波,三角波,三角波
附件一（训练集）.xlsx|材料4|2021,1,三角波,三角波,三角波,三角波,三角波,三角波
附件一（训练集）.xlsx|材料4|2022,1,三角波,三角波,三角波,三角波,三角波,三角波
附件一（训练集）.xlsx|材料4|2023,1,三角波,三角波,三角波,三角波,三角波,三角波
附件一（训练集）.xlsx|材料4|2024,4,三角波,三角波,三角波,三角波,三角波,三角波
附件一（训练集）.xlsx|材料4|2025,4,三角波,三角波,三角波,三角波,正弦波,三角波
附件一（训练集）.xlsx|材料4|2026,4,三角波,三角波,三角波,三角波,正弦波,三角波
附件一（训练集）.xlsx|材料4|2027,4,三角波,三角波,三角波,三角波,正弦波,三角波
附件一（训练集）.xlsx|材料4|2028,4,三角波,三角波,三角波,三角波,正弦波,三角波
附件一（训练集）.xlsx|材料4|2029,4,三角波,三角波,三角波,三角波,正弦波,三角波
附件一（训练集）.xlsx|材料4|203,4,正弦波,正弦波,正弦波,正弦波,正弦波,正弦波
附件一（训练集）.xlsx|材料4|2030,1,三角波,三角波,三角波,三角波,正弦波,三角波
附件一（训练集）.xlsx|材料4|2031,1,三角波,三角波,三角波,三角波,正弦波,三角波
附件一（训练集）.xlsx|材料4|2032,0,三角波,三角波,三角波,三角波,三角波,三角波
附件一（训练集）.xlsx|材料4|2033,0,三角波,三角波,三角波,三角波,三角波,三角波
附件一（训练集）.xlsx|材料4|2034,4,三角波,三角波,三角波,三角波,正弦波,三角波
附件一（训练集）.xlsx|材料4|2035,4,三角波,三角波,三角波,三角波,三角波,三角波
附件一（训练集）.xlsx|材料4|2036,4,三角波,三角波,三角波,三角波,三角波,三角波
附件一（训练集）.xlsx|材料4|2037,4,三角波,三角波,三角波,三角波,三角波,三角波
附件一（训练集）.xlsx|材料4|2038,4,三角波,三角波,三角波,三角波,三角波,三角波
附件一（训练集）.xlsx|材料4|2039,0,三角波,三角波,三角波,三角波,三角波,三角波
附件一（训练集）.xlsx|材料4|204,0,正弦波,正弦波,正弦波,正弦波,正弦波,正弦波
附件一（训练集）.xlsx|材料4|2040,3,三角波,三角波,三角波,三角波,三角波,三角波
附件一（训练集）.xlsx|材料4|2041,4,三角波,三角波,三角波,三角波,三角波,三角波
附件一（训练集）.xlsx|材料4|2042,1,三角波,三角波,三角波,三角波,三角波,三角波
附件一（训练集）.xlsx|材料4|2043,0,三角波,三角波,三角波,三角波,三角波,三角波
附件一（训练集）.xlsx|材料4|2044,4,三角波,三角波,三角波,三角波,三角波,三角波
附件一（训练集）.xlsx|材料4|2045,4,三角波,三角波,三角波,三角波,三角波,三角波
附件一（训练集）.xlsx|材料4|2046,4,三角波,三角波,三角波,三角波,三角波,三角波
附件一（训练集）.xlsx|材料4|2047,4,三角波,三角波,三角波,三角波,三角波,三角波
附件一（训练集）.xlsx|材料4|2048,1,三角波,三角波,三角波,三角波,三角波,三角波
附件一（训练集）.xlsx|材料4|2049,1,三角波,三角波,三角波,三角波,三角波,三角波
附件一（训练集）.xlsx|材料4|205,4,正弦波,正弦波,正弦波,正弦波,正弦波,正弦波
附件一（训练集）.xlsx|材料4|2050,4,三角波,三角波,三角波,三角波,三角波,三角波
附件一（训练集）.xlsx|材料4|2051,1,三角波,三角波,三角波,三角波,三角波,三角波
附件一（训练集）.xlsx|材料4|2052,1,三角波,三角波,三角波,三角波,三角波,三角波
附件一（训练集）.xlsx|材料4|2053,1,三角波,三角波,三角波,三角波,三角波,三角波
附件一（训练集）.xlsx|材料4|2054,2,三角波,三角波,三角波,三角波,三角波,三角波
附件一（训练集）.xlsx|材料4|2055,1,三角波,三角波,三角波,三角波,三角波,三角波
附件一（训练集）.xlsx|材料4|2056,1,三角波,三角波,三角波,三角波,三角波,三角波
附件一（训练集）.xlsx|材料4|2057,3,三角波,三角波,三角波,三角波,三角波,三角波
附件一（训练集）.xlsx|材料4|2058,1,三角波,三角波,三角波,三角波,三角波,三角波
附件一（训练集）.xlsx|材料4|2059,3,三角波,三角波,三角波,三角波,三角波,三角波
附件一（训练集）.xlsx|材料4|206,4,正弦波,正弦波,正弦波,正弦波,正弦波,正弦波
附件一（训练集）.xlsx|材料4|2060,1,三角波,三角波,三角波,三角波,三角波,三角波
附件一（训练集）.xlsx|材料4|2061,0,三角波,三角波,三角波,三角波,三角波,三角波
附件一（训练集）.xlsx|材料4|2062,3,三角波,三角波,三角波,三角波,三角波,三角波
附件一（训练集）.xlsx|材料4|2063,1,三角波,三角波,三角波,三角波,三角波,三角波
附件一（训练集）.xlsx|材料4|2064,4,三角波,三角波,三角波,三角波,三角波,三角波
附件一（训练集）.xlsx|材料4|2065,4,三角波,三角波,三角波,三角波,三角波,三角波
附件一（训练集）.xlsx|材料4|2066,2,三角波,三角波,三角波,三角波,三角波,三角波
附件一（训练集）.xlsx|材料4|2067,4,三角波,三角波,三角波,三角波,三角波,三角波
附件一（训练集）.xlsx|材料4|2068,1,三角波,三角波,三角波,三角波,三角波,三角波
附件一（训练集）.xlsx|材料4|2069,4,三角波,三角波,三角波,三角波,三角波,三角波
附件一（训练集）.xlsx|材料4|207,0,正弦波,正弦波,正弦波,正弦波,正弦波,正弦波
附件一（训练集）.xlsx|材料4|2070,4,三角波,三角波,三角波,三角波,三角波,三角波
附件一（训练集）.xlsx|材料4|2071,1,三角波,三角波,三角波,三角波,三角波,三角波
附件一（训练集）.xlsx|材料4|2072,2,三角波,三角波,三角波,三角波,三角波,三角波
附件一（训练集）.xlsx|材料4|2073,1,三角波,三角波,三角波,三角波,三角波,三角波
附件一（训练集）.xlsx|材料4|2074,4,三角波,三角波,三角波,三角波,三角波,三角波
附件一（训练集）.xlsx|材料4|2075,4,三角波,三角波,三角波,三角波,三角波,三角波
附件一（训练集）.xlsx|材料4|2076,4,三角波,三角波,三角波,三角波,三角波,三角波
附件一（训练集）.xlsx|材料4|2077,4,三角波,三角波,三角波,三角波,三角波,三角波
附件一（训练集）.xlsx|材料4|2078,4,三角波,三角波,三角波,三角波,三角波,三角波
附件一（训练集）.xlsx|材料4|2079,4,三角波,三角波,三角波,三角波,三角波,三角波
附件一（训练集）.xlsx|材料4|208,3,正弦波,正弦波,正弦波,正弦波,正弦波,正弦波
附件一（训练集）.xlsx|材料4|2080,2,三角波,三角波,三角波,三角波,三角波,三角波
附件一（训练集）.xlsx|材料4|2081,4,三角波,三角波,三角波,三角波,三角波,三角波
附件一（训练集）.xlsx|材料4|2082,4,三角波,三角波,三角波,三角波,三角波,三角波
附件一（训练集）.xlsx|材料4|2083,2,三角波,三角波,三角波,三角波,三角波,三角波
附件一（训练集）.xlsx|材料4|2084,2,三角波,三角波,三角波,三角波,三角波,三角波
附件一（训练集）.xlsx|材料4|2085,2,三角波,三角波,三角波,三角波,三角波,三角波
附件一（训练集）.xlsx|材料4|2086,4,三角波,三角波,三角波,三角波,三角波,三角波
附件一（训练集）.xlsx|材料4|2087,4,三角波,三角波,三角波,三角波,三角波,三角波
附件一（训练集）.xlsx|材料4|2088,4,三角波,三角波,三角波,三角波,三角波,三角波
附件一（训练集）.xlsx|材料4|2089,4,三角波,三角波,三角波,三角波,三角波,三角波
附件一（训练集）.xlsx|材料4|209,1,正弦波,正弦波,正弦波,正弦波,正弦波,正弦波
附件一（训练集）.xlsx|材料4|2090,2,三角波,三角波,三角波,三角波,三角波,三角波
附件一（训练集）.xlsx|材料4|2091,4,三角波,三角波,三角波,三角波,三角波,三角波
附件一（训练集）.xlsx|材料4|2092,1,三角波,三角波,三角波,三角波,三角波,三角波
附件一（训练集）.xlsx|材料4|2093,2,三角波,三角波,三角波,三角波,三角波,三角波
附件一（训练集）.xlsx|材料4|2094,4,三角波,三角波,三角波,三角波,三角波,三角波
附件一（训练集）.xlsx|材料4|2095,4,三角波,三角波,三角波,三角波,三角波,三角波
附件一（训练集）.xlsx|材料4|2096,4,三角波,三角波,三角波,三角波,三角波,三角波
附件一（训练集）.xlsx|材料4|2097,1,三角波,三角波,三角波,三角波,三角波,三角波
附件一（训练集）.xlsx|材料4|2098,1,三角波,三角波,三角波,三角波,三角波,三角波
附件一（训练集）.xlsx|材料4|2099,4,梯形波,梯形波,梯形波,梯形波,正弦波,梯形波
附件一（训练集）.xlsx|材料4|21,2,正弦波,正弦波,正弦波,正弦波,正弦波,正弦波
附件一（训练集）.xlsx|材料4|210,3,正弦波,正弦波,正弦波,正弦波,三角波,正弦波
附件一（训练集）.xlsx|材料4|2100,4,梯形波,梯形波,梯形波,梯形波,正弦波,梯形波
附件一（训练集）.xlsx|材料4|2101,1,梯形波,梯形波,梯形波,梯形波,正弦波,梯形波
附件一（训练集）.xlsx|材料4|2102,4,梯形波,梯形波,梯形波,梯形波,正弦波,梯形波
附件一（训练集）.xlsx|材料4|2103,2,梯形波,梯形波,梯形波,梯形波,正弦波,梯形波
附件一（训练集）.xlsx|材料4|2104,2,梯形波,梯形波,梯形波,梯形波,正弦波,梯形波
附件一（训练集）.xlsx|材料4|2105,3,梯形波,梯形波,梯形波,梯形波,三角波,梯形波
附件一（训练集）.xlsx|材料4|2106,2,梯形波,梯形波,梯形波,梯形波,三角波,梯形波
附件一（训练集）.xlsx|材料4|2107,2,梯形波,梯形波,梯形波,梯形波,三角波,梯形波
附件一（训练集）.xlsx|材料4|2108,2,梯形波,梯形波,梯形波,梯形波,三角波,梯形波
附件一（训练集）.xlsx|材料4|2109,3,梯形波,梯形波,梯形波,梯形波,正弦波,梯形波
附件一（训练集）.xlsx|材料4|211,3,正弦波,正弦波,正弦波,正弦波,三角波,正弦波
附件一（训练集）.xlsx|材料4|2110,1,梯形波,梯形波,梯形波,梯形波,正弦波,梯形波
附件一（训练集）.xlsx|材料4|2111,4,梯形波,梯形波,梯形波,梯形波,正弦波,梯形波
附件一（训练集）.xlsx|材料4|2112,1,梯形波,梯形波,梯形波,梯形波,正弦波,梯形波
附件一（训练集）.xlsx|材料4|2113,1,梯形波,梯形波,梯形波,梯形波,三角波,梯形波
附件一（训练集）.xlsx|材料4|2114,3,梯形波,梯形波,梯形波,梯形波,三角波,梯形波
附件一（训练集）.xlsx|材料4|2115,1,梯形波,梯形波,梯形波,梯形波,三角波,梯形波
附件一（训练集）.xlsx|材料4|2116,2,梯形波,梯形波,梯形波,梯形波,三角波,梯形波
附件一（训练集）.xlsx|材料4|2117,2,梯形波,梯形波,梯形波,梯形波,三角波,梯形波
附件一（训练集）.xlsx|材料4|2118,2,梯形波,梯形波,梯形波,梯形波,三角波,梯形波
附件一（训练集）.xlsx|材料4|2119,0,梯形波,梯形波,梯形波,梯形波,正弦波,梯形波
附件一（训练集）.xlsx|材料4|212,4,正弦波,正弦波,正弦波,正弦波,正弦波,正弦波
附件一（训练集）.xlsx|材料4|2120,2,梯形波,梯形波,梯形波,梯形波,正弦波,梯形波
附件一（训练集）.xlsx|材料4|2121,2,梯形波,梯形波,梯形波,梯形波,正弦波,梯形波
附件一（训练集）.xlsx|材料4|2122,1,梯形波,梯形波,梯形波,梯形波,正弦波,梯形波
附件一（训练集）.xlsx|材料4|2123,1,梯形波,梯形波,梯形波,梯形波,正弦波,梯形波
附件一（训练集）.xlsx|材料4|2124,1,梯形波,梯形波,梯形波,梯形波,正弦波,梯形波
附件一（训练集）.xlsx|材料4|2125,4,梯形波,梯形波,梯形波,梯形波,三角波,梯形波
附件一（训练集）.xlsx|材料4|2126,1,梯形波,梯形波,梯形波,梯形波,三角波,梯形波
附件一（训练集）.xlsx|材料4|2127,3,梯形波,梯形波,梯形波,梯形波,三角波,梯形波
附件一（训练集）.xlsx|材料4|2128,1,梯形波,梯形波,梯形波,梯形波,三角波,梯形波
附件一（训练集）.xlsx|材料4|2129,2,梯形波,梯形波,梯形波,梯形波,三角波,梯形波
附件一（训练集）.xlsx|材料4|213,3,正弦波,正弦波,正弦波,正弦波,正弦波,正弦波
附件一（训练集）.xlsx|材料4|2130,1,梯形波,梯形波,梯形波,梯形波,三角波,梯形波
附件一（训练集）.xlsx|材料4|2131,3,梯形波,梯形波,梯形波,梯形波,三角波,梯形波
附件一（训练集）.xlsx|材料4|2132,2,梯形波,梯形波,梯形波,梯形波,三角波,梯形波
附件一（训练集）.xlsx|材料4|2133,4,梯形波,梯形波,梯形波,梯形波,正弦波,梯形波
附件一（训练集）.xlsx|材料4|2134,2,梯形波,梯形波,梯形波,梯形波,正弦波,梯形波
附件一（训练集）.xlsx|材料4|2135,3,梯形波,梯形波,梯形波,梯形波,三角波,梯形波
附件一（训练集）.xlsx|材料4|2136,4,梯形波,梯形波,梯形波,梯形波,三角波,梯形波
附件一（训练集）.xlsx|材料4|2137,4,梯形波,梯形波,梯形波,梯形波,三角波,梯形波
附件一（训练集）.xlsx|材料4|2138,4,梯形波,梯形波,梯形波,梯形波,三角波,梯形波
附件一（训练集）.xlsx|材料4|2139,2,梯形波,梯形波,梯形波,梯形波,三角波,梯形波
附件一（训练集）.xlsx|材料4|214,4,正弦波,正弦波,正弦波,正弦波,正弦波,正弦波
附件一（训练集）.xlsx|材料4|2140,2,梯形波,梯形波,梯形波,梯形波,三角波,梯形波
附件一（训练集）.xlsx|材料4|2141,2,梯形波,梯形波,梯形波,梯形波,三角波,梯形波
附件一（训练集）.xlsx|材料4|2142,4,梯形波,梯形波,梯形波,梯形波,三角波,梯形波
附件一（训练集）.xlsx|材料4|2143,0,梯形波,梯形波,梯形波,梯形波,三角波,梯形波
附件一（训练集）.xlsx|材料4|2144,0,梯形波,梯形波,梯形波,梯形波,三角波,梯形波
附件一（训练集）.xlsx|材料4|2145,4,梯形波,梯形波,梯形波,梯形波,正弦波,梯形波
附件一（训练集）.xlsx|材料4|2146,0,梯形波,梯形波,梯形波,梯形波,正弦波,梯形波
附件一（训练集）.xlsx|材料4|2147,2,梯形波,梯形波,梯形波,梯形波,正弦波,梯形波
附件一（训练集）.xlsx|材料4|2148,4,梯形波,梯形波,梯形波,梯形波,三角波,梯形波
附件一（训练集）.xlsx|材料4|2149,4,梯形波,梯形波,梯形波,梯形波,三角波,梯形波
附件一（训练集）.xlsx|材料4|215,1,正弦波,正弦波,正弦波,正弦波,正弦波,正弦波
附件一（训练集）.xlsx|材料4|2150,2,梯形波,梯形波,梯形波,梯形波,三角波,梯形波
附件一（训练集）.xlsx|材料4|2151,4,梯形波,梯形波,梯形波,梯形波,三角波,梯形波
附件一（训练集）.xlsx|材料4|2152,4,梯形波,梯形波,梯形波,梯形波,三角波,梯形波
附件一（训练集）.xlsx|材料4|2153,4,梯形波,梯形波,梯形波,梯形波,三角波,梯形波
附件一（训练集）.xlsx|材料4|2154,4,梯形波,梯形波,梯形波,梯形波,三角波,梯形波
附件一（训练集）.xlsx|材料4|2155,0,梯形波,梯形波,梯形波,梯形波,三角波,梯形波
附件一（训练集）.xlsx|材料4|2156,1,梯形波,梯形波,梯形波,梯形波,三角波,梯形波
附件一（训练集）.xlsx|材料4|2157,4,梯形波,梯形波,梯形波,梯形波,三角波,梯形波
附件一（训练集）.xlsx|材料4|2158,2,梯形波,梯形波,梯形波,梯形波,正弦波,梯形波
附件一（训练集）.xlsx|材料4|2159,1,梯形波,梯形波,梯形波,梯形波,正弦波,梯形波
附件一（训练集）.xlsx|材料4|216,3,正弦波,正弦波,正弦波,正弦波,正弦波,正弦波
附件一（训练集）.xlsx|材料4|2160,4,梯形波,梯形波,梯形波,梯形波,正弦波,梯形波
附件一（训练集）.xlsx|材料4|2161,0,梯形波,梯形波,梯形波,梯形波,正弦波,梯形波
附件一（训练集）.xlsx|材料4|2162,4,三角波,三角波,三角波,三角波,正弦波,三角波
附件一（训练集）.xlsx|材料4|2163,4,三角波,三角波,三角波,三角波,正弦波,三角波
附件一（训练集）.xlsx|材料4|2164,4,三角波,三角波,三角波,三角波,三角波,三角波
附件一（训练集）.xlsx|材料4|2165,3,三角波,三角波,三角波,三角波,三角波,三角波
附件一（训练集）.xlsx|材料4|2166,2,三角波,三角波,三角波,三角波,三角波,三角波
附件一（训练集）.xlsx|材料4|2167,0,三角波,三角波,三角波,三角波,三角波,三角波
附件一（训练集）.xlsx|材料4|2168,2,三角波,三角波,三角波,三角波,三角波,三角波
附件一（训练集）.xlsx|材料4|2169,4,三角波,三角波,三角波,三角波,三角波,三角波
附件一（训练集）.xlsx|材料4|217,3,正弦波,正弦波,正弦波,正弦波,正弦波,正弦波
附件一（训练集）.xlsx|材料4|2170,0,三角波,三角波,三角波,三角波,三角波,三角波
附件一（训练集）.xlsx|材料4|2171,2,三角波,三角波,三角波,三角波,三角波,三角波
附件一（训练集）.xlsx|材料4|2172,2,三角波,三角波,三角波,三角波,三角波,三角波
附件一（训练集）.xlsx|材料4|2173,2,三角波,三角波,三角波,三角波,三角波,三角波
附件一（训练集）.xlsx|材料4|2174,4,三角波,三角波,三角波,三角波,三角波,三角波
附件一（训练集）.xlsx|材料4|2175,3,三角波,三角波,三角波,三角波,三角波,三角波
附件一（训练集）.xlsx|材料4|2176,3,三角波,三角波,三角波,三角波,三角波,三角波
附件一（训练集）.xlsx|材料4|2177,3,三角波,三角波,三角波,三角波,三角波,三角波
附件一（训练集）.xlsx|材料4|2178,3,三角波,三角波,三角波,三角波,三角波,三角波
附件一（训练集）.xlsx|材料4|2179,1,三角波,三角波,三角波,三角波,三角波,三角波
附件一（训练集）.xlsx|材料4|218,0,正弦波,正弦波,正弦波,正弦波,正弦波,正弦波
附件一（训练集）.xlsx|材料4|2180,3,三角波,三角波,三角波,三角波,三角波,三角波
附件一（训练集）.xlsx|材料4|2181,3,三角波,三角波,三角波,三角波,三角波,三角波
附件一（训练集）.xlsx|材料4|2182,3,三角波,三角波,三角波,三角波,三角波,三角波
附件一（训练集）.xlsx|材料4|2183,0,三角波,三角波,三角波,三角波,三角波,三角波
附件一（训练集）.xlsx|材料4|2184,0,三角波,三角波,三角波,三角波,三角波,三角波
附件一（训练集）.xlsx|材料4|2185,0,三角波,三角波,三角波,三角波,三角波,三角波
附件一（训练集）.xlsx|材料4|2186,3,三角波,三角波,三角波,三角波,三角波,三角波
附件一（训练集）.xlsx|材料4|2187,1,三角波,三角波,三角波,三角波,三角波,三角波
附件一（训练集）.xlsx|材料4|2188,1,三角波,三角波,三角波,三角波,三角波,三角波
附件一（训练集）.xlsx|材料4|2189,1,三角波,三角波,三角波,三角波,三角波,三角波
附件一（训练集）.xlsx|材料4|219,2,正弦波,正弦波,正弦波,正弦波,正弦波,正弦波
附件一（训练集）.xlsx|材料4|2190,1,三角波,三角波,三角波,三角波,三角波,三角波
附件一（训练集）.xlsx|材料4|2191,2,三角波,三角波,三角波,三角波,三角波,三角波
附件一（训练集）.xlsx|材料4|2192,1,三角波,三角波,三角波,三角波,三角波,三角波
附件一（训练集）.xlsx|材料4|2193,3,三角波,三角波,三角波,三角波,三角波,三角波
附件一（训练集）.xlsx|材料4|2194,0,三角波,三角波,三角波,三角波,三角波,三角波
附件一（训练集）.xlsx|材料4|2195,4,三角波,三角波,三角波,三角波,三角波,三角波
附件一（训练集）.xlsx|材料4|2196,2,三角波,三角波,三角波,三角波,三角波,三角波
附件一（训练集）.xlsx|材料4|2197,2,三角波,三角波,三角波,三角波,三角波,三角波
附件一（训练集）.xlsx|材料4|2198,3,三角波,三角波,三角波,三角波,三角波,三角波
附件一（训练集）.xlsx|材料4|2199,3,三角波,三角波,三角波,三角波,三角波,三角波
附件一（训练集）.xlsx|材料4|22,1,正弦波,正弦波,正弦波,正弦波,正弦波,正弦波
附件一（训练集）.xlsx|材料4|220,1,正弦波,正弦波,正弦波,正弦波,正弦波,正弦波
附件一（训练集）.xlsx|材料4|2200,1,三角波,三角波,三角波,三角波,三角波,三角波
附件一（训练集）.xlsx|材料4|2201,1,三角波,三角波,三角波,三角波,三角波,三角波
附件一（训练集）.xlsx|材料4|2202,1,三角波,三角波,三角波,三角波,三角波,三角波
附件一（训练集）.xlsx|材料4|2203,1,三角波,三角波,三角波,三角波,三角波,三角波
附件一（训练集）.xlsx|材料4|2204,3,三角波,三角波,三角波,三角波,三角波,三角波
附件一（训练集）.xlsx|材料4|2205,2,三角波,三角波,三角波,三角波,三角波,三角波
附件一（训练集）.xlsx|材料4|2206,4,三角波,三角波,三角波,三角波,三角波,三角波
附件一（训练集）.xlsx|材料4|2207,1,三角波,三角波,三角波,三角波,三角波,三角波
附件一（训练集）.xlsx|材料4|2208,4,三角波,三角波,三角波,三角波,三角波,三角波
附件一（训练集）.xlsx|材料4|2209,2,三角波,三角波,三角波,三角波,三角波,三角波
附件一（训练集）.xlsx|材料4|221,1,正弦波,正弦波,正弦波,正弦波,正弦波,正弦波
附件一（训练集）.xlsx|材料4|2210,2,三角波,三角波,三角波,三角波,三角波,三角波
附件一（训练集）.xlsx|材料4|2211,3,三角波,三角波,三角波,三角波,三角波,三角波
附件一（训练集）.xlsx|材料4|2212,2,三角波,三角波,三角波,三角波,三角波,三角波
附件一（训练集）.xlsx|材料4|2213,3,三角波,三角波,三角波,三角波,三角波,三角波
附件一（训练集）.xlsx|材料4|2214,2,三角波,三角波,三角波,三角波,三角波,三角波
附件一（训练集）.xlsx|材料4|2215,1,三角波,三角波,三角波,三角波,三角波,三角波
附件一（训练集）.xlsx|材料4|2216,2,三角波,三角波,三角波,三角波,三角波,三角波
附件一（训练集）.xlsx|材料4|2217,4,三角波,三角波,三角波,三角波,正弦波,三角波
附件一（训练集）.xlsx|材料4|2218,0,三角波,三角波,三角波,三角波,正弦波,三角波
附件一（训练集）.xlsx|材料4|2219,0,三角波,三角波,三角波,三角波,正弦波,三角波
附件一（训练集）.xlsx|材料4|222,4,正弦波,正弦波,正弦波,正弦波,三角波,正弦波
附件一（训练集）.xlsx|材料4|2220,3,三角波,三角波,三角波,三角波,三角波,三角波
附件一（训练集）.xlsx|材料4|2221,4,三角波,三角波,三角波,三角波,三角波,三角波
附件一（训练集）.xlsx|材料4|2222,3,三角波,三角波,三角波,三角波,三角波,三角波
附件一（训练集）.xlsx|材料4|2223,3,三角波,三角波,三角波,三角波,三角波,三角波
附件一（训练集）.xlsx|材料4|2224,3,三角波,三角波,三角波,三角波,三角波,三角波
附件一（训练集）.xlsx|材料4|2225,3,三角波,三角波,三角波,三角波,三角波,三角波
附件一（训练集）.xlsx|材料4|2226,4,三角波,三角波,三角波,三角波,三角波,三角波
附件一（训练集）.xlsx|材料4|2227,1,三角波,三角波,三角波,三角波,三角波,三角波
附件一（训练集）.xlsx|材料4|2228,2,三角波,三角波,三角波,三角波,三角波,三角波
附件一（训练集）.xlsx|材料4|2229,2,三角波,三角波,三角波,三角波,三角波,三角波
附件一（训练集）.xlsx|材料4|223,3,正弦波,正弦波,正弦波,正弦波,三角波,正弦波
附件一（训练集）.xlsx|材料4|2230,2,三角波,三角波,三角波,三角波,三角波,三角波
附件一（训练集）.xlsx|材料4|2231,2,三角波,三角波,三角波,三角波,三角波,三角波
附件一（训练集）.xlsx|材料4|2232,4,三角波,三角波,三角波,三角波,三角波,三角波
附件一（训练集）.xlsx|材料4|2233,0,三角波,三角波,三角波,三角波,三角波,三角波
附件一（训练集）.xlsx|材料4|2234,2,三角波,三角波,三角波,三角波,三角波,三角波
附件一（训练集）.xlsx|材料4|2235,4,三角波,三角波,三角波,三角波,三角波,三角波
附件一（训练集）.xlsx|材料4|2236,4,三角波,三角波,三角波,三角波,三角波,三角波
附件一（训练集）.xlsx|材料4|2237,4,三角波,三角波,三角波,三角波,三角波,三角波
附件一（训练集）.xlsx|材料4|2238,4,三角波,三角波,三角波,三角波,三角波,三角波
附件一（训练集）.xlsx|材料4|2239,4,三角波,三角波,三角波,三角波,三角波,三角波
附件一（训练集）.xlsx|材料4|224,4,正弦波,正弦波,正弦波,正弦波,正弦波,正弦波
附件一（训练集）.xlsx|材料4|2240,0,三角波,三角波,三角波,三角波,三角波,三角波
附件一（训练集）.xlsx|材料4|2241,2,三角波,三角波,三角波,三角波,三角波,三角波
附件一（训练集）.xlsx|材料4|2242,0,三角波,三角波,三角波,三角波,三角波,三角波
附件一（训练集）.xlsx|材料4|2243,2,三角波,三角波,三角波,三角波,三角波,三角波
附件一（训练集）.xlsx|材料4|2244,2,三角波,三角波,三角波,三角波,三角波,三角波
附件一（训练集）.xlsx|材料4|2245,4,三角波,三角波,三角波,三角波,三角波,三角波
附件一（训练集）.xlsx|材料4|2246,4,三角波,三角波,三角波,三角波,三角波,三角波
附件一（训练集）.xlsx|材料4|2247,4,三角波,三角波,三角波,三角波,三角波,三角波
附件一（训练集）.xlsx|材料4|2248,4,三角波,三角波,三角波,三角波,三角波,三角波
附件一（训练集）.xlsx|材料4|2249,4,三角波,三角波,三角波,三角波,三角波,三角波
附件一（训练集）.xlsx|材料4|225,4,正弦波,正弦波,正弦波,正弦波,正弦波,正弦波
附件一（训练集）.xlsx|材料4|2250,4,三角波,三角波,三角波,三角波,三角波,三角波
附件一（训练集）.xlsx|材料4|2251,4,三角波,三角波,三角波,三角波,三角波,三角波
附件一（训练集）.xlsx|材料4|2252,1,三角波,三角波,三角波,三角波,三角波,三角波
附件一（训练集）.xlsx|材料4|2253,2,三角波,三角波,三角波,三角波,三角波,三角波
附件一（训练集）.xlsx|材料4|2254,2,三角波,三角波,三角波,三角波,三角波,三角波
附件一（训练集）.xlsx|材料4|2255,2,三角波,三角波,三角波,三角波,三角波,三角波
附件一（训练集）.xlsx|材料4|2256,1,三角波,三角波,三角波,三角波,三角波,三角波
附件一（训练集）.xlsx|材料4|2257,4,三角波,三角波,三角波,三角波,三角波,三角波
附件一（训练集）.xlsx|材料4|2258,4,梯形波,梯形波,梯形波,梯形波,正弦波,梯形波
附件一（训练集）.xlsx|材料4|2259,4,梯形波,梯形波,梯形波,梯形波,正弦波,梯形波
附件一（训练集）.xlsx|材料4|226,3,正弦波,正弦波,正弦波,正弦波,正弦波,正弦波
附件一（训练集）.xlsx|材料4|2260,4,梯形波,梯形波,梯形波,梯形波,正弦波,梯形波
附件一（训练集）.xlsx|材料4|2261,1,梯形波,梯形波,梯形波,梯形波,正弦波,梯形波
附件一（训练集）.xlsx|材料4|2262,4,梯形波,梯形波,梯形波,梯形波,正弦波,梯形波
附件一（训练集）.xlsx|材料4|2263,1,梯形波,梯形波,梯形波,梯形波,正弦波,梯形波
附件一（训练集）.xlsx|材料4|2264,2,梯形波,梯形波,梯形波,梯形波,三角波,梯形波
附件一（训练集）.xlsx|材料4|2265,0,梯形波,梯形波,梯形波,梯形波,三角波,梯形波
附件一（训练集）.xlsx|材料4|2266,2,梯形波,梯形波,梯形波,梯形波,三角波,梯形波
附件一（训练集）.xlsx|材料4|2267,3,梯形波,梯形波,梯形波,梯形波,三角波,梯形波
附件一（训练集）.xlsx|材料4|2268,1,梯形波,梯形波,梯形波,梯形波,正弦波,梯形波
附件一（训练集）.xlsx|材料4|2269,3,梯形波,梯形波,梯形波,梯形波,正弦波,梯形波
附件一（训练集）.xlsx|材料4|227,3,正弦波,正弦波,正弦波,正弦波,正弦波,正弦波
附件一（训练集）.xlsx|材料4|2270,1,梯形波,梯形波,梯形波,梯形波,正弦波,梯形波
附件一（训练集）.xlsx|材料4|2271,1,梯形波,梯形波,梯形波,梯形波,正弦波,梯形波
附件一（训练集）.xlsx|材料4|2272,4,梯形波,梯形波,梯形波,梯形波,正弦波,梯形波
附件一（训练集）.xlsx|材料4|2273,4,梯形波,梯形波,梯形波,梯形波,正弦波,梯形波
附件一（训练集）.xlsx|材料4|2274,2,梯形波,梯形波,梯形波,梯形波,正弦波,梯形波
附件一（训练集）.xlsx|材料4|2275,2,梯形波,梯形波,梯形波,梯形波,三角波,梯形波
附件一（训练集）.xlsx|材料4|2276,0,梯形波,梯形波,梯形波,梯形波,三角波,梯形波
附件一（训练集）.xlsx|材料4|2277,2,梯形波,梯形波,梯形波,梯形波,三角波,梯形波
附件一（训练集）.xlsx|材料4|2278,4,梯形波,梯形波,梯形波,梯形波,正弦波,梯形波
附件一（训练集）.xlsx|材料4|2279,3,梯形波,梯形波,梯形波,梯形波,正弦波,梯形波
附件一（训练集）.xlsx|材料4|228,2,正弦波,正弦波,正弦波,正弦波,正弦波,正弦波
附件一（训练集）.xlsx|材料4|2280,3,梯形波,梯形波,梯形波,梯形波,正弦波,梯形波
附件一（训练集）.xlsx|材料4|2281,4,梯形波,梯形波,梯形波,梯形波,正弦波,梯形波
附件一（训练集）.xlsx|材料4|2282,3,梯形波,梯形波,梯形波,梯形波,三角波,梯形波
附件一（训练集）.xlsx|材料4|2283,2,梯形波,梯形波,梯形波,梯形波,正弦波,梯形波
附件一（训练集）.xlsx|材料4|2284,2,梯形波,梯形波,梯形波,梯形波,三角波,梯形波
附件一（训练集）.xlsx|材料4|2285,4,梯形波,梯形波,梯形波,梯形波,三角波,梯形波
附件一（训练集）.xlsx|材料4|2286,4,梯形波,梯形波,梯形波,梯形波,三角波,梯形波
附件一（训练集）.xlsx|材料4|2287,4,梯形波,梯形波,梯形波,梯形波,三角波,梯形波
附件一（训练集）.xlsx|材料4|2288,1,梯形波,梯形波,梯形波,梯形波,三角波,梯形波
附件一（训练集）.xlsx|材料4|2289,1,梯形波,梯形波,梯形波,梯形波,三角波,梯形波
附件一（训练集）.xlsx|材料4|229,4,正弦波,正弦波,正弦波,正弦波,正弦波,正弦波
附件一（训练集）.xlsx|材料4|2290,2,梯形波,梯形波,梯形波,梯形波,三角波,梯形波
附件一（训练集）.xlsx|材料4|2291,1,梯形波,梯形波,梯形波,梯形波,三角波,梯形波
附件一（训练集）.xlsx|材料4|2292,1,梯形波,梯形波,梯形波,梯形波,正弦波,梯形波
附件一（训练集）.xlsx|材料4|2293,0,梯形波,梯形波,梯形波,梯形波,正弦波,梯形波
附件一（训练集）.xlsx|材料4|2294,1,梯形波,梯形波,梯形波,梯形波,正弦波,梯形波
附件一（训练集）.xlsx|材料4|2295,1,梯形波,梯形波,梯形波,梯形波,三角波,梯形波
附件一（训练集）.xlsx|材料4|2296,2,梯形波,梯形波,梯形波,梯形波,三角波,梯形波
附件一（训练集）.xlsx|材料4|2297,3,梯形波,梯形波,梯形波,梯形波,三角波,梯形波
附件一（训练集）.xlsx|材料4|2298,4,梯形波,梯形波,梯形波,梯形波,三角波,梯形波
附件一（训练集）.xlsx|材料4|2299,2,梯形波,梯形波,梯形波,梯形波,三角波,梯形波
附件一（训练集）.xlsx|材料4|23,0,正弦波,正弦波,正弦波,正弦波,正弦波,正弦波
附件一（训练集）.xlsx|材料4|230,1,正弦波,正弦波,正弦波,正弦波,正弦波,正弦波
附件一（训练集）.xlsx|材料4|2300,4,梯形波,梯形波,梯形波,梯形波,三角波,梯形波
附件一（训练集）.xlsx|材料4|2301,0,梯形波,梯形波,梯形波,梯形波,三角波,梯形波
附件一（训练集）.xlsx|材料4|2302,1,梯形波,梯形波,梯形波,梯形波,三角波,梯形波
附件一（训练集）.xlsx|材料4|2303,2,梯形波,梯形波,梯形波,梯形波,三角波,梯形波
附件一（训练集）.xlsx|材料4|2304,0,梯形波,梯形波,梯形波,梯形波,三角波,梯形波
附件一（训练集）.xlsx|材料4|2305,3,梯形波,梯形波,梯形波,梯形波,正弦波,梯形波
附件一（训练集）.xlsx|材料4|2306,2,梯形波,梯形波,梯形波,梯形波,正弦波,梯形波
附件一（训练集）.xlsx|材料4|2307,1,梯形波,梯形波,梯形波,梯形波,正弦波,梯形波
附件一（训练集）.xlsx|材料4|2308,2,梯形波,梯形波,梯形波,梯形波,正弦波,梯形波
附件一（训练集）.xlsx|材料4|2309,2,梯形波,梯形波,梯形波,梯形波,正弦波,梯形波
附件一（训练集）.xlsx|材料4|231,0,正弦波,正弦波,正弦波,正弦波,三角波,正弦波
附件一（训练集）.xlsx|材料4|2310,1,梯形波,梯形波,梯形波,梯形波,三角波,梯形波
附件一（训练集）.xlsx|材料4|2311,2,梯形波,梯形波,梯形波,梯形波,三角波,梯形波
附件一（训练集）.xlsx|材料4|2312,2,梯形波,梯形波,梯形波,梯形波,三角波,梯形波
附件一（训练集）.xlsx|材料4|2313,1,梯形波,梯形波,梯形波,梯形波,三角波,梯形波
附件一（训练集）.xlsx|材料4|2314,2,梯形波,梯形波,梯形波,梯形波,三角波,梯形波
附件一（训练集）.xlsx|材料4|2315,2,梯形波,梯形波,梯形波,梯形波,三角波,梯形波
附件一（训练集）.xlsx|材料4|2316,4,梯形波,梯形波,梯形波,梯形波,三角波,梯形波
附件一（训练集）.xlsx|材料4|2317,2,梯形波,梯形波,梯形波,梯形波,三角波,梯形波
附件一（训练集）.xlsx|材料4|2318,4,梯形波,梯形波,梯形波,梯形波,三角波,梯形波
附件一（训练集）.xlsx|材料4|2319,0,梯形波,梯形波,梯形波,梯形波,三角波,梯形波
附件一（训练集）.xlsx|材料4|232,4,正弦波,正弦波,正弦波,正弦波,三角波,正弦波
附件一（训练集）.xlsx|材料4|2320,2,梯形波,梯形波,梯形波,梯形波,正弦波,梯形波
附件一（训练集）.xlsx|材料4|2321,3,梯形波,梯形波,梯形波,梯形波,正弦波,梯形波
附件一（训练集）.xlsx|材料4|2322,2,梯形波,梯形波,梯形波,梯形波,正弦波,梯形波
附件一（训练集）.xlsx|材料4|2323,1,梯形波,梯形波,梯形波,梯形波,正弦波,梯形波
附件一（训练集）.xlsx|材料4|2324,0,梯形波,梯形波,梯形波,梯形波,三角波,梯形波
附件一（训练集）.xlsx|材料4|2325,2,梯形波,梯形波,梯形波,梯形波,三角波,梯形波
附件一（训练集）.xlsx|材料4|2326,3,梯形波,梯形波,梯形波,梯形波,三角波,梯形波
附件一（训练集）.xlsx|材料4|2327,4,梯形波,梯形波,梯形波,梯形波,三角波,梯形波
附件一（训练集）.xlsx|材料4|2328,2,梯形波,梯形波,梯形波,梯形波,三角波,梯形波
附件一（训练集）.xlsx|材料4|2329,0,梯形波,梯形波,梯形波,梯形波,三角波,梯形波
附件一（训练集）.xlsx|材料4|233,2,正弦波,正弦波,正弦波,正弦波,三角波,正弦波
附件一（训练集）.xlsx|材料4|2330,3,梯形波,梯形波,梯形波,梯形波,三角波,梯形波
附件一（训练集）.xlsx|材料4|2331,0,梯形波,梯形波,梯形波,梯形波,三角波,梯形波
附件一（训练集）.xlsx|材料4|2332,0,梯形波,梯形波,梯形波,梯形波,三角波,梯形波
附件一（训练集）.xlsx|材料4|2333,2,梯形波,梯形波,梯形波,梯形波,三角波,梯形波
附件一（训练集）.xlsx|材料4|2334,2,梯形波,梯形波,梯形波,梯形波,三角波,梯形波
附件一（训练集）.xlsx|材料4|2335,1,梯形波,梯形波,梯形波,梯形波,正弦波,梯形波
附件一（训练集）.xlsx|材料4|2336,4,梯形波,梯形波,梯形波,梯形波,正弦波,梯形波
附件一（训练集）.xlsx|材料4|2337,2,梯形波,梯形波,梯形波,梯形波,正弦波,梯形波
附件一（训练集）.xlsx|材料4|2338,1,梯形波,梯形波,梯形波,梯形波,三角波,梯形波
附件一（训练集）.xlsx|材料4|2339,0,梯形波,梯形波,梯形波,梯形波,三角波,梯形波
附件一（训练集）.xlsx|材料4|234,4,正弦波,正弦波,正弦波,正弦波,三角波,正弦波
附件一（训练集）.xlsx|材料4|2340,1,梯形波,梯形波,梯形波,梯形波,三角波,梯形波
附件一（训练集）.xlsx|材料4|2341,1,梯形波,梯形波,梯形波,梯形波,三角波,梯形波
附件一（训练集）.xlsx|材料4|2342,1,梯形波,梯形波,梯形波,梯形波,三角波,梯形波
附件一（训练集）.xlsx|材料4|2343,4,梯形波,梯形波,梯形波,梯形波,三角波,梯形波
附件一（训练集）.xlsx|材料4|2344,4,梯形波,梯形波,梯形波,梯形波,三角波,梯形波
附件一（训练集）.xlsx|材料4|2345,4,梯形波,梯形波,梯形波,梯形波,三角波,梯形波
附件一（训练集）.xlsx|材料4|2346,4,梯形波,梯形波,梯形波,梯形波,三角波,梯形波
附件一（训练集）.xlsx|材料4|2347,0,梯形波,梯形波,梯形波,梯形波,三角波,梯形波
附件一（训练集）.xlsx|材料4|2348,2,梯形波,梯形波,梯形波,梯形波,三角波,梯形波
附件一（训练集）.xlsx|材料4|2349,2,梯形波,梯形波,梯形波,梯形波,三角波,梯形波
附件一（训练集）.xlsx|材料4|235,4,正弦波,正弦波,正弦波,正弦波,三角波,正弦波
附件一（训练集）.xlsx|材料4|2350,0,梯形波,梯形波,梯形波,梯形波,三角波,梯形波
附件一（训练集）.xlsx|材料4|2351,3,梯形波,梯形波,梯形波,梯形波,三角波,梯形波
附件一（训练集）.xlsx|材料4|2352,1,梯形波,梯形波,梯形波,梯形波,正弦波,梯形波
附件一（训练集）.xlsx|材料4|2353,3,梯形波,梯形波,梯形波,梯形波,三角波,梯形波
附件一（训练集）.xlsx|材料4|2354,4,梯形波,梯形波,梯形波,梯形波,三角波,梯形波
附件一（训练集）.xlsx|材料4|2355,1,梯形波,梯形波,梯形波,梯形波,三角波,梯形波
附件一（训练集）.xlsx|材料4|2356,0,梯形波,梯形波,梯形波,梯形波,三角波,梯形波
附件一（训练集）.xlsx|材料4|2357,3,梯形波,梯形波,梯形波,梯形波,三角波,梯形波
附件一（训练集）.xlsx|材料4|2358,4,梯形波,梯形波,梯形波,梯形波,三角波,梯形波
附件一（训练集）.xlsx|材料4|2359,2,梯形波,梯形波,梯形波,梯形波,三角波,梯形波
附件一（训练集）.xlsx|材料4|236,3,正弦波,正弦波,正弦波,正弦波,正弦波,正弦波
附件一（训练集）.xlsx|材料4|2360,2,梯形波,梯形波,梯形波,梯形波,正弦波,梯形波
附件一（训练集）.xlsx|材料4|2361,2,梯形波,梯形波,梯形波,梯形波,正弦波,梯形波
附件一（训练集）.xlsx|材料4|2362,4,梯形波,梯形波,梯形波,梯形波,三角波,梯形波
附件一（训练集）.xlsx|材料4|2363,3,梯形波,梯形波,梯形波,梯形波,三角波,梯形波
附件一（训练集）.xlsx|材料4|2364,2,梯形波,梯形波,梯形波,梯形波,三角波,梯形波
附件一（训练集）.xlsx|材料4|2365,4,梯形波,梯形波,梯形波,梯形波,三角波,梯形波
附件一（训练集）.xlsx|材料4|2366,4,梯形波,梯形波,梯形波,梯形波,三角波,梯形波
附件一（训练集）.xlsx|材料4|2367,4,梯形波,梯形波,梯形波,梯形波,三角波,梯形波
附件一（训练集）.xlsx|材料4|2368,4,梯形波,梯形波,梯形波,梯形波,三角波,梯形波
附件一（训练集）.xlsx|材料4|2369,2,梯形波,梯形波,梯形波,梯形波,三角波,梯形波
附件一（训练集）.xlsx|材料4|237,3,正弦波,正弦波,正弦波,正弦波,正弦波,正弦波
附件一（训练集）.xlsx|材料4|2370,2,梯形波,梯形波,梯形波,梯形波,三角波,梯形波
附件一（训练集）.xlsx|材料4|2371,1,梯形波,梯形波,梯形波,梯形波,三角波,梯形波
附件一（训练集）.xlsx|材料4|2372,1,梯形波,梯形波,梯形波,梯形波,三角波,梯形波
附件一（训练集）.xlsx|材料4|2373,2,梯形波,梯形波,梯形波,梯形波,三角波,梯形波
附件一（训练集）.xlsx|材料4|2374,1,梯形波,梯形波,梯形波,梯形波,正弦波,梯形波
附件一（训练集）.xlsx|材料4|2375,2,梯形波,梯形波,梯形波,梯形波,正弦波,梯形波
附件一（训练集）.xlsx|材料4|2376,3,梯形波,梯形波,梯形波,梯形波,三角波,梯形波
附件一（训练集）.xlsx|材料4|2377,0,梯形波,梯形波,梯形波,梯形波,三角波,梯形波
附件一（训练集）.xlsx|材料4|2378,0,梯形波,梯形波,梯形波,梯形波,三角波,梯形波
附件一（训练集）.xlsx|材料4|2379,4,三角波,三角波,三角波,三角波,正弦波,三角波
附件一（训练集）.xlsx|材料4|238,3,正弦波,正弦波,正弦波,正弦波,正弦波,正弦波
附件一（训练集）.xlsx|材料4|2380,4,三角波,三角波,三角波,三角波,正弦波,三角波
附件一（训练集）.xlsx|材料4|2381,0,三角波,三角波,三角波,三角波,三角波,三角波
附件一（训练集）.xlsx|材料4|2382,0,三角波,三角波,三角波,三角波,三角波,三角波
附件一（训练集）.xlsx|材料4|2383,4,三角波,三角波,三角波,三角波,三角波,三角波
附件一（训练集）.xlsx|材料4|2384,4,三角波,三角波,三角波,三角波,三角波,三角波
附件一（训练集）.xlsx|材料4|2385,4,三角波,三角波,三角波,三角波,三角波,三角波
附件一（训练集）.xlsx|材料4|2386,2,三角波,三角波,三角波,三角波,三角波,三角波
附件一（训练集）.xlsx|材料4|2387,1,三角波,三角波,三角波,三角波,三角波,三角波
附件一（训练集）.xlsx|材料4|2388,1,三角波,三角波,三角波,三角波,三角波,三角波
附件一（训练集）.xlsx|材料4|2389,1,三角波,三角波,三角波,三角波,三角波,三角波
附件一（训练集）.xlsx|材料4|239,0,正弦波,正弦波,正弦波,正弦波,正弦波,正弦波
附件一（训练集）.xlsx|材料4|2390,0,三角波,三角波,三角波,三角波,三角波,三角波
附件一（训练集）.xlsx|材料4|2391,4,三角波,三角波,三角波,三角波,三角波,三角波
附件一（训练集）.xlsx|材料4|2392,1,三角波,三角波,三角波,三角波,三角波,三角波
附件一（训练集）.xlsx|材料4|2393,3,三角波,三角波,三角波,三角波,三角波,三角波
附件一（训练集）.xlsx|材料4|2394,3,三角波,三角波,三角波,三角波,三角波,三角波
附件一（训练集）.xlsx|材料4|2395,3,三角波,三角波,三角波,三角波,三角波,三角波
附件一（训练集）.xlsx|材料4|2396,1,三角波,三角波,三角波,三角波,三角波,三角波
附件一（训练集）.xlsx|材料4|2397,1,三角波,三角波,三角波,三角波,三角波,三角波
附件一（训练集）.xlsx|材料4|2398,1,三角波,三角波,三角波,三角波,三角波,三角波
附件一（训练集）.xlsx|材料4|2399,1,三角波,三角波,三角波,三角波,三角波,三角波
附件一（训练集）.xlsx|材料4|24,2,正弦波,正弦波,正弦波,正弦波,正弦波,正弦波
附件一（训练集）.xlsx|材料4|240,2,正弦波,正弦波,正弦波,正弦波,正弦波,正弦波
附件一（训练集）.xlsx|材料4|2400,1,三角波,三角波,三角波,三角波,三角波,三角波
附件一（训练集）.xlsx|材料4|2401,1,三角波,三角波,三角波,三角波,三角波,三角波
附件一（训练集）.xlsx|材料4|2402,2,三角波,三角波,三角波,三角波,三角波,三角波
附件一（训练集）.xlsx|材料4|2403,2,三角波,三角波,三角波,三角波,三角波,三角波
附件一（训练集）.xlsx|材料4|2404,4,三角波,三角波,三角波,三角波,三角波,三角波
附件一（训练集）.xlsx|材料4|2405,4,三角波,三角波,三角波,三角波,三角波,三角波
附件一（训练集）.xlsx|材料4|2406,3,三角波,三角波,三角波,三角波,三角波,三角波
附件一（训练集）.xlsx|材料4|2407,3,三角波,三角波,三角波,三角波,三角波,三角波
附件一（训练集）.xlsx|材料4|2408,3,三角波,三角波,三角波,三角波,三角波,三角波
附件一（训练集）.xlsx|材料4|2409,2,三角波,三角波,三角波,三角波,三角波,三角波
附件一（训练集）.xlsx|材料4|241,1,正弦波,正弦波,正弦波,正弦波,正弦波,正弦波
附件一（训练集）.xlsx|材料4|2410,2,三角波,三角波,三角波,三角波,三角波,三角波
附件一（训练集）.xlsx|材料4|2411,2,三角波,三角波,三角波,三角波,三角波,三角波
附件一（训练集）.xlsx|材料4|2412,2,三角波,三角波,三角波,三角波,三角波,三角波
附件一（训练集）.xlsx|材料4|2413,2,三角波,三角波,三角波,三角波,三角波,三角波
附件一（训练集）.xlsx|材料4|2414,1,三角波,三角波,三角波,三角波,三角波,三角波
附件一（训练集）.xlsx|材料4|2415,2,三角波,三角波,三角波,三角波,三角波,三角波
附件一（训练集）.xlsx|材料4|2416,2,三角波,三角波,三角波,三角波,三角波,三角波
附件一（训练集）.xlsx|材料4|2417,2,三角波,三角波,三角波,三角波,三角波,三角波
附件一（训练集）.xlsx|材料4|2418,2,三角波,三角波,三角波,三角波,三角波,三角波
附件一（训练集）.xlsx|材料4|2419,1,三角波,三角波,三角波,三角波,三角波,三角波
附件一（训练集）.xlsx|材料4|242,4,正弦波,正弦波,正弦波,正弦波,正弦波,正弦波
附件一（训练集）.xlsx|材料4|2420,4,三角波,三角波,三角波,三角波,三角波,三角波
附件一（训练集）.xlsx|材料4|2421,3,三角波,三角波,三角波,三角波,三角波,三角波
附件一（训练集）.xlsx|材料4|2422,0,三角波,三角波,三角波,三角波,三角波,三角波
附件一（训练集）.xlsx|材料4|2423,1,三角波,三角波,三角波,三角波,三角波,三角波
附件一（训练集）.xlsx|材料4|2424,4,三角波,三角波,三角波,三角波,三角波,三角波
附件一（训练集）.xlsx|材料4|2425,4,三角波,三角波,三角波,三角波,三角波,三角波
附件一（训练集）.xlsx|材料4|2426,2,三角波,三角波,三角波,三角波,三角波,三角波
附件一（训练集）.xlsx|材料4|2427,0,三角波,三角波,三角波,三角波,三角波,三角波
附件一（训练集）.xlsx|材料4|2428,0,三角波,三角波,三角波,三角波,三角波,三角波
附件一（训练集）.xlsx|材料4|2429,2,三角波,三角波,三角波,三角波,三角波,三角波
附件一（训练集）.xlsx|材料4|243,4,正弦波,正弦波,正弦波,正弦波,三角波,正弦波
附件一（训练集）.xlsx|材料4|2430,1,三角波,三角波,三角波,三角波,三角波,三角波
附件一（训练集）.xlsx|材料4|2431,2,三角波,三角波,三角波,三角波,三角波,三角波
附件一（训练集）.xlsx|材料4|2432,2,三角波,三角波,三角波,三角波,三角波,三角波
附件一（训练集）.xlsx|材料4|2433,3,三角波,三角波,三角波,三角波,三角波,三角波
附件一（训练集）.xlsx|材料4|2434,3,三角波,三角波,三角波,三角波,三角波,三角波
附件一（训练集）.xlsx|材料4|2435,3,三角波,三角波,三角波,三角波,三角波,三角波
附件一（训练集）.xlsx|材料4|2436,4,三角波,三角波,三角波,三角波,三角波,三角波
附件一（训练集）.xlsx|材料4|2437,0,三角波,三角波,三角波,三角波,三角波,三角波
附件一（训练集）.xlsx|材料4|2438,0,三角波,三角波,三角波,三角波,三角波,三角波
附件一（训练集）.xlsx|材料4|2439,0,三角波,三角波,三角波,三角波,三角波,三角波
附件一（训练集）.xlsx|材料4|244,2,正弦波,正弦波,正弦波,正弦波,三角波,正弦波
附件一（训练集）.xlsx|材料4|2440,2,三角波,三角波,三角波,三角波,三角波,三角波
附件一（训练集）.xlsx|材料4|2441,2,三角波,三角波,三角波,三角波,三角波,三角波
附件一（训练集）.xlsx|材料4|2442,4,三角波,三角波,三角波,三角波,三角波,三角波
附件一（训练集）.xlsx|材料4|2443,4,三角波,三角波,三角波,三角波,三角波,三角波
附件一（训练集）.xlsx|材料4|2444,2,三角波,三角波,三角波,三角波,三角波,三角波
附件一（训练集）.xlsx|材料4|2445,2,三角波,三角波,三角波,三角波,三角波,三角波
附件一（训练集）.xlsx|材料4|2446,2,三角波,三角波,三角波,三角波,三角波,三角波
附件一（训练集）.xlsx|材料4|2447,4,三角波,三角波,三角波,三角波,三角波,三角波
附件一（训练集）.xlsx|材料4|2448,4,三角波,三角波,三角波,三角波,三角波,三角波
附件一（训练集）.xlsx|材料4|2449,3,三角波,三角波,三角波,三角波,三角波,三角波
附件一（训练集）.xlsx|材料4|245,3,正弦波,正弦波,正弦波,正弦波,三角波,正弦波
附件一（训练集）.xlsx|材料4|2450,4,三角波,三角波,三角波,三角波,三角波,三角波
附件一（训练集）.xlsx|材料4|2451,0,三角波,三角波,三角波,三角波,三角波,三角波
附件一（训练集）.xlsx|材料4|2452,0,三角波,三角波,三角波,三角波,三角波,三角波
附件一（训练集）.xlsx|材料4|2453,4,三角波,三角波,三角波,三角波,三角波,三角波
附件一（训练集）.xlsx|材料4|2454,4,三角波,三角波,三角波,三角波,三角波,三角波
附件一（训练集）.xlsx|材料4|2455,4,三角波,三角波,三角波,三角波,三角波,三角波
附件一（训练集）.xlsx|材料4|2456,2,三角波,三角波,三角波,三角波,三角波,三角波
附件一（训练集）.xlsx|材料4|2457,2,三角波,三角波,三角波,三角波,三角波,三角波
附件一（训练集）.xlsx|材料4|2458,4,三角波,三角波,三角波,三角波,三角波,三角波
附件一（训练集）.xlsx|材料4|2459,3,梯形波,梯形波,梯形波,梯形波,正弦波,梯形波
附件一（训练集）.xlsx|材料4|246,3,正弦波,正弦波,正弦波,正弦波,三角波,正弦波
附件一（训练集）.xlsx|材料4|2460,1,梯形波,梯形波,梯形波,梯形波,正弦波,梯形波
附件一（训练集）.xlsx|材料4|2461,4,梯形波,梯形波,梯形波,梯形波,正弦波,梯形波
附件一（训练集）.xlsx|材料4|2462,1,梯形波,梯形波,梯形波,梯形波,正弦波,梯形波
附件一（训练集）.xlsx|材料4|2463,2,梯形波,梯形波,梯形波,梯形波,正弦波,梯形波
附件一（训练集）.xlsx|材料4|2464,1,梯形波,梯形波,梯形波,梯形波,三角波,梯形波
附件一（训练集）.xlsx|材料4|2465,1,梯形波,梯形波,梯形波,梯形波,正弦波,梯形波
附件一（训练集）.xlsx|材料4|2466,1,梯形波,梯形波,梯形波,梯形波,正弦波,梯形波
附件一（训练集）.xlsx|材料4|2467,4,梯形波,梯形波,梯形波,梯形波,正弦波,梯形波
附件一（训练集）.xlsx|材料4|2468,3,梯形波,梯形波,梯形波,梯形波,正弦波,梯形波
附件一（训练集）.xlsx|材料4|2469,2,梯形波,梯形波,梯形波,梯形波,正弦波,梯形波
附件一（训练集）.xlsx|材料4|247,2,正弦波,正弦波,正弦波,正弦波,正弦波,正弦波
附件一（训练集）.xlsx|材料4|2470,1,梯形波,梯形波,梯形波,梯形波,正弦波,梯形波
附件一（训练集）.xlsx|材料4|2471,1,梯形波,梯形波,梯形波,梯形波,正弦波,梯形波
附件一（训练集）.xlsx|材料4|2472,2,梯形波,梯形波,梯形波,梯形波,正弦波,梯形波
附件一（训练集）.xlsx|材料4|2473,4,梯形波,梯形波,梯形波,梯形波,正弦波,梯形波
附件一（训练集）.xlsx|材料4|2474,0,梯形波,梯形波,梯形波,梯形波,三角波,梯形波
附件一（训练集）.xlsx|材料4|2475,0,梯形波,梯形波,梯形波,梯形波,三角波,梯形波
附件一（训练集）.xlsx|材料4|2476,3,梯形波,梯形波,梯形波,梯形波,三角波,梯形波
附件一（训练集）.xlsx|材料4|2477,2,梯形波,梯形波,梯形波,梯形波,三角波,梯形波
附件一（训练集）.xlsx|材料4|2478,2,梯形波,梯形波,梯形波,梯形波,正弦波,梯形波
附件一（训练集）.xlsx|材料4|2479,2,梯形波,梯形波,梯形波,梯形波,正弦波,梯形波
附件一（训练集）.xlsx|材料4|248,0,正弦波,正弦波,正弦波,正弦波,正弦波,正弦波
附件一（训练集）.xlsx|材料4|2480,2,梯形波,梯形波,梯形波,梯形波,正弦波,梯形波
附件一（训练集）.xlsx|材料4|2481,2,梯形波,梯形波,梯形波,梯形波,正弦波,梯形波
附件一（训练集）.xlsx|材料4|2482,1,梯形波,梯形波,梯形波,梯形波,正弦波,梯形波
附件一（训练集）.xlsx|材料4|2483,2,梯形波,梯形波,梯形波,梯形波,正弦波,梯形波
附件一（训练集）.xlsx|材料4|2484,2,梯形波,梯形波,梯形波,梯形波,正弦波,梯形波
附件一（训练集）.xlsx|材料4|2485,2,梯形波,梯形波,梯形波,梯形波,正弦波,梯形波
附件一（训练集）.xlsx|材料4|2486,2,梯形波,梯形波,梯形波,梯形波,三角波,梯形波
附件一（训练集）.xlsx|材料4|2487,2,梯形波,梯形波,梯形波,梯形波,三角波,梯形波
附件一（训练集）.xlsx|材料4|2488,2,梯形波,梯形波,梯形波,梯形波,三角波,梯形波
附件一（训练集）.xlsx|材料4|2489,1,梯形波,梯形波,梯形波,梯形波,三角波,梯形波
附件一（训练集）.xlsx|材料4|249,4,正弦波,正弦波,正弦波,正弦波,正弦波,正弦波
附件一（训练集）.xlsx|材料4|2490,4,梯形波,梯形波,梯形波,梯形波,三角波,梯形波
附件一（训练集）.xlsx|材料4|2491,3,梯形波,梯形波,梯形波,梯形波,三角波,梯形波
附件一（训练集）.xlsx|材料4|2492,4,梯形波,梯形波,梯形波,梯形波,三角波,梯形波
附件一（训练集）.xlsx|材料4|2493,0,梯形波,梯形波,梯形波,梯形波,三角波,梯形波
附件一（训练集）.xlsx|材料4|2494,2,梯形波,梯形波,梯形波,梯形波,正弦波,梯形波
附件一（训练集）.xlsx|材料4|2495,2,梯形波,梯形波,梯形波,梯形波,正弦波,梯形波
附件一（训练集）.xlsx|材料4|2496,2,梯形波,梯形波,梯形波,梯形波,三角波,梯形波
附件一（训练集）.xlsx|材料4|2497,2,梯形波,梯形波,梯形波,梯形波,三角波,梯形波
附件一（训练集）.xlsx|材料4|2498,4,梯形波,梯形波,梯形波,梯形波,三角波,梯形波
附件一（训练集）.xlsx|材料4|2499,2,梯形波,梯形波,梯形波,梯形波,三角波,梯形波
附件一（训练集）.xlsx|材料4|25,4,正弦波,正弦波,正弦波,正弦波,正弦波,正弦波
附件一（训练集）.xlsx|材料4|250,0,正弦波,正弦波,正弦波,正弦波,正弦波,正弦波
附件一（训练集）.xlsx|材料4|2500,0,梯形波,梯形波,梯形波,梯形波,三角波,梯形波
附件一（训练集）.xlsx|材料4|2501,1,梯形波,梯形波,梯形波,梯形波,三角波,梯形波
附件一（训练集）.xlsx|材料4|2502,1,梯形波,梯形波,梯形波,梯形波,三角波,梯形波
附件一（训练集）.xlsx|材料4|2503,2,梯形波,梯形波,梯形波,梯形波,三角波,梯形波
附件一（训练集）.xlsx|材料4|2504,3,梯形波,梯形波,梯形波,梯形波,正弦波,梯形波
附件一（训练集）.xlsx|材料4|2505,2,梯形波,梯形波,梯形波,梯形波,正弦波,梯形波
附件一（训练集）.xlsx|材料4|2506,0,梯形波,梯形波,梯形波,梯形波,正弦波,梯形波
附件一（训练集）.xlsx|材料4|2507,0,梯形波,梯形波,梯形波,梯形波,三角波,梯形波
附件一（训练集）.xlsx|材料4|2508,2,梯形波,梯形波,梯形波,梯形波,三角波,梯形波
附件一（训练集）.xlsx|材料4|2509,2,梯形波,梯形波,梯形波,梯形波,三角波,梯形波
附件一（训练集）.xlsx|材料4|251,3,正弦波,正弦波,正弦波,正弦波,三角波,正弦波
附件一（训练集）.xlsx|材料4|2510,1,梯形波,梯形波,梯形波,梯形波,三角波,梯形波
附件一（训练集）.xlsx|材料4|2511,2,梯形波,梯形波,梯形波,梯形波,三角波,梯形波
附件一（训练集）.xlsx|材料4|2512,1,梯形波,梯形波,梯形波,梯形波,三角波,梯形波
附件一（训练集）.xlsx|材料4|2513,2,梯形波,梯形波,梯形波,梯形波,三角波,梯形波
附件一（训练集）.xlsx|材料4|2514,4,梯形波,梯形波,梯形波,梯形波,三角波,梯形波
附件一（训练集）.xlsx|材料4|2515,0,梯形波,梯形波,梯形波,梯形波,三角波,梯形波
附件一（训练集）.xlsx|材料4|2516,1,梯形波,梯形波,梯形波,梯形波,正弦波,梯形波
附件一（训练集）.xlsx|材料4|2517,3,梯形波,梯形波,梯形波,梯形波,正弦波,梯形波
附件一（训练集）.xlsx|材料4|2518,1,梯形波,梯形波,梯形波,梯形波,正弦波,梯形波
附件一（训练集）.xlsx|材料4|2519,3,梯形波,梯形波,梯形波,梯形波,正弦波,梯形波
附件一（训练集）.xlsx|材料4|252,2,正弦波,正弦波,正弦波,正弦波,三角波,正弦波
附件一（训练集）.xlsx|材料4|2520,1,梯形波,梯形波,梯形波,梯形波,三角波,梯形波
附件一（训练集）.xlsx|材料4|2521,3,梯形波,梯形波,梯形波,梯形波,三角波,梯形波
附件一（训练集）.xlsx|材料4|2522,3,梯形波,梯形波,梯形波,梯形波,三角波,梯形波
附件一（训练集）.xlsx|材料4|2523,2,梯形波,梯形波,梯形波,梯形波,三角波,梯形波
附件一（训练集）.xlsx|材料4|2524,4,梯形波,梯形波,梯形波,梯形波,三角波,梯形波
附件一（训练集）.xlsx|材料4|2525,2,梯形波,梯形波,梯形波,梯形波,三角波,梯形波
附件一（训练集）.xlsx|材料4|2526,2,梯形波,梯形波,梯形波,梯形波,三角波,梯形波
附件一（训练集）.xlsx|材料4|2527,0,梯形波,梯形波,梯形波,梯形波,三角波,梯形波
附件一（训练集）.xlsx|材料4|2528,0,梯形波,梯形波,梯形波,梯形波,三角波,梯形波
附件一（训练集）.xlsx|材料4|2529,3,梯形波,梯形波,梯形波,梯形波,正弦波,梯形波
附件一（训练集）.xlsx|材料4|253,1,正弦波,正弦波,正弦波,正弦波,三角波,正弦波
附件一（训练集）.xlsx|材料4|2530,4,梯形波,梯形波,梯形波,梯形波,正弦波,梯形波
附件一（训练集）.xlsx|材料4|2531,3,梯形波,梯形波,梯形波,梯形波,正弦波,梯形波
附件一（训练集）.xlsx|材料4|2532,3,梯形波,梯形波,梯形波,梯形波,三角波,梯形波
附件一（训练集）.xlsx|材料4|2533,4,梯形波,梯形波,梯形波,梯形波,三角波,梯形波
附件一（训练集）.xlsx|材料4|2534,2,梯形波,梯形波,梯形波,梯形波,三角波,梯形波
附件一（训练集）.xlsx|材料4|2535,1,梯形波,梯形波,梯形波,梯形波,三角波,梯形波
附件一（训练集）.xlsx|材料4|2536,3,梯形波,梯形波,梯形波,梯形波,三角波,梯形波
附件一（训练集）.xlsx|材料4|2537,0,梯形波,梯形波,梯形波,梯形波,三角波,梯形波
附件一（训练集）.xlsx|材料4|2538,3,梯形波,梯形波,梯形波,梯形波,三角波,梯形波
附件一（训练集）.xlsx|材料4|2539,0,梯形波,梯形波,梯形波,梯形波,三角波,梯形波
附件一（训练集）.xlsx|材料4|254,3,正弦波,正弦波,正弦波,正弦波,三角波,正弦波
附件一（训练集）.xlsx|材料4|2540,3,梯形波,梯形波,梯形波,梯形波,正弦波,梯形波
附件一（训练集）.xlsx|材料4|2541,3,梯形波,梯形波,梯形波,梯形波,正弦波,梯形波
附件一（训练集）.xlsx|材料4|2542,3,梯形波,梯形波,梯形波,梯形波,正弦波,梯形波
附件一（训练集）.xlsx|材料4|2543,2,梯形波,梯形波,梯形波,梯形波,正弦波,梯形波
附件一（训练集）.xlsx|材料4|2544,1,梯形波,梯形波,梯形波,梯形波,三角波,梯形波
附件一（训练集）.xlsx|材料4|2545,0,梯形波,梯形波,梯形波,梯形波,三角波,梯形波
附件一（训练集）.xlsx|材料4|2546,4,梯形波,梯形波,梯形波,梯形波,三角波,梯形波
附件一（训练集）.xlsx|材料4|2547,2,梯形波,梯形波,梯形波,梯形波,三角波,梯形波
附件一（训练集）.xlsx|材料4|2548,0,梯形波,梯形波,梯形波,梯形波,三角波,梯形波
附件一（训练集）.xlsx|材料4|2549,0,梯形波,梯形波,梯形波,梯形波,三角波,梯形波
附件一（训练集）.xlsx|材料4|255,0,正弦波,正弦波,正弦波,正弦波,三角波,正弦波
附件一（训练集）.xlsx|材料4|2550,2,梯形波,梯形波,梯形波,梯形波,三角波,梯形波
附件一（训练集）.xlsx|材料4|2551,2,梯形波,梯形波,梯形波,梯形波,三角波,梯形波
附件一（训练集）.xlsx|材料4|2552,2,梯形波,梯形波,梯形波,梯形波,三角波,梯形波
附件一（训练集）.xlsx|材料4|2553,2,梯形波,梯形波,梯形波,梯形波,正弦波,梯形波
附件一（训练集）.xlsx|材料4|2554,1,梯形波,梯形波,梯形波,梯形波,正弦波,梯形波
附件一（训练集）.xlsx|材料4|2555,2,梯形波,梯形波,梯形波,梯形波,三角波,梯形波
附件一（训练集）.xlsx|材料4|2556,3,梯形波,梯形波,梯形波,梯形波,三角波,梯形波
附件一（训练集）.xlsx|材料4|2557,4,梯形波,梯形波,梯形波,梯形波,三角波,梯形波
附件一（训练集）.xlsx|材料4|2558,0,梯形波,梯形波,梯形波,梯形波,三角波,梯形波
附件一（训练集）.xlsx|材料4|2559,2,梯形波,梯形波,梯形波,梯形波,三角波,梯形波
附件一（训练集）.xlsx|材料4|256,1,正弦波,正弦波,正弦波,正弦波,三角波,正弦波
附件一（训练集）.xlsx|材料4|2560,2,梯形波,梯形波,梯形波,梯形波,三角波,梯形波
附件一（训练集）.xlsx|材料4|2561,1,梯形波,梯形波,梯形波,梯形波,三角波,梯形波
附件一（训练集）.xlsx|材料4|2562,4,梯形波,梯形波,梯形波,梯形波,三角波,梯形波
附件一（训练集）.xlsx|材料4|2563,2,梯形波,梯形波,梯形波,梯形波,三角波,梯形波
附件一（训练集）.xlsx|材料4|2564,2,梯形波,梯形波,梯形波,梯形波,三角波,梯形波
附件一（训练集）.xlsx|材料4|2565,1,梯形波,梯形波,梯形波,梯形波,三角波,梯形波
附件一（训练集）.xlsx|材料4|2566,4,梯形波,梯形波,梯形波,梯形波,三角波,梯形波
附件一（训练集）.xlsx|材料4|2567,2,梯形波,梯形波,梯形波,梯形波,三角波,梯形波
附件一（训练集）.xlsx|材料4|2568,2,梯形波,梯形波,梯形波,梯形波,三角波,梯形波
附件一（训练集）.xlsx|材料4|2569,1,梯形波,梯形波,梯形波,梯形波,三角波,梯形波
附件一（训练集）.xlsx|材料4|257,4,正弦波,正弦波,正弦波,正弦波,正弦波,正弦波
附件一（训练集）.xlsx|材料4|2570,3,梯形波,梯形波,梯形波,梯形波,三角波,梯形波
附件一（训练集）.xlsx|材料4|2571,4,梯形波,梯形波,梯形波,梯形波,三角波,梯形波
附件一（训练集）.xlsx|材料4|2572,1,梯形波,梯形波,梯形波,梯形波,三角波,梯形波
附件一（训练集）.xlsx|材料4|2573,1,梯形波,梯形波,梯形波,梯形波,三角波,梯形波
附件一（训练集）.xlsx|材料4|2574,4,梯形波,梯形波,梯形波,梯形波,三角波,梯形波
附件一（训练集）.xlsx|材料4|2575,0,梯形波,梯形波,梯形波,梯形波,三角波,梯形波
附件一（训练集）.xlsx|材料4|2576,1,梯形波,梯形波,梯形波,梯形波,三角波,梯形波
附件一（训练集）.xlsx|材料4|2577,1,梯形波,梯形波,梯形波,梯形波,三角波,梯形波
附件一（训练集）.xlsx|材料4|2578,4,梯形波,梯形波,梯形波,梯形波,三角波,梯形波
附件一（训练集）.xlsx|材料4|2579,0,梯形波,梯形波,梯形波,梯形波,三角波,梯形波
附件一（训练集）.xlsx|材料4|258,2,正弦波,正弦波,正弦波,正弦波,正弦波,正弦波
附件一（训练集）.xlsx|材料4|2580,4,梯形波,梯形波,梯形波,梯形波,三角波,梯形波
附件一（训练集）.xlsx|材料4|2581,4,梯形波,梯形波,梯形波,梯形波,三角波,梯形波
附件一（训练集）.xlsx|材料4|2582,2,梯形波,梯形波,梯形波,梯形波,三角波,梯形波
附件一（训练集）.xlsx|材料4|2583,4,三角波,三角波,三角波,三角波,正弦波,三角波
附件一（训练集）.xlsx|材料4|2584,4,三角波,三角波,三角波,三角波,正弦波,三角波
附件一（训练集）.xlsx|材料4|2585,0,三角波,三角波,三角波,三角波,三角波,三角波
附件一（训练集）.xlsx|材料4|2586,0,三角波,三角波,三角波,三角波,三角波,三角波
附件一（训练集）.xlsx|材料4|2587,4,三角波,三角波,三角波,三角波,三角波,三角波
附件一（训练集）.xlsx|材料4|2588,4,三角波,三角波,三角波,三角波,三角波,三角波
附件一（训练集）.xlsx|材料4|2589,0,三角波,三角波,三角波,三角波,三角波,三角波
附件一（训练集）.xlsx|材料4|259,3,正弦波,正弦波,正弦波,正弦波,正弦波,正弦波
附件一（训练集）.xlsx|材料4|2590,1,三角波,三角波,三角波,三角波,三角波,三角波
附件一（训练集）.xlsx|材料4|2591,1,三角波,三角波,三角波,三角波,三角波,三角波
附件一（训练集）.xlsx|材料4|2592,1,三角波,三角波,三角波,三角波,三角波,三角波
附件一（训练集）.xlsx|材料4|2593,1,三角波,三角波,三角波,三角波,三角波,三角波
附件一（训练集）.xlsx|材料4|2594,0,三角波,三角波,三角波,三角波,三角波,三角波
附件一（训练集）.xlsx|材料4|2595,3,三角波,三角波,三角波,三角波,三角波,三角波
附件一（训练集）.xlsx|材料4|2596,3,三角波,三角波,三角波,三角波,三角波,三角波
附件一（训练集）.xlsx|材料4|2597,3,三角波,三角波,三角波,三角波,三角波,三角波
附件一（训练集）.xlsx|材料4|2598,3,三角波,三角波,三角波,三角波,三角波,三角波
附件一（训练集）.xlsx|材料4|2599,3,三角波,三角波,三角波,三角波,三角波,三角波
附件一（训练集）.xlsx|材料4|26,3,正弦波,正弦波,正弦波,正弦波,正弦波,正弦波
附件一（训练集）.xlsx|材料4|260,0,正弦波,正弦波,正弦波,正弦波,正弦波,正弦波
附件一（训练集）.xlsx|材料4|2600,3,三角波,三角波,三角波,三角波,三角波,三角波
附件一（训练集）.xlsx|材料4|2601,4,三角波,三角波,三角波,三角波,三角波,三角波
附件一（训练集）.xlsx|材料4|2602,3,三角波,三角波,三角波,三角波,三角波,三角波
附件一（训练集）.xlsx|材料4|2603,3,三角波,三角波,三角波,三角波,三角波,三角波
附件一（训练集）.xlsx|材料4|2604,2,三角波,三角波,三角波,三角波,三角波,三角波
附件一（训练集）.xlsx|材料4|2605,2,三角波,三角波,三角波,三角波,三角波,三角波
附件一（训练集）.xlsx|材料4|2606,2,三角波,三角波,三角波,三角波,三角波,三角波
附件一（训练集）.xlsx|材料4|2607,2,三角波,三角波,三角波,三角波,三角波,三角波
附件一（训练集）.xlsx|材料4|2608,1,三角波,三角波,三角波,三角波,三角波,三角波
附件一（训练集）.xlsx|材料4|2609,1,三角波,三角波,三角波,三角波,三角波,三角波
附件一（训练集）.xlsx|材料4|261,0,正弦波,正弦波,正弦波,正弦波,正弦波,正弦波
附件一（训练集）.xlsx|材料4|2610,1,三角波,三角波,三角波,三角波,三角波,三角波
附件一（训练集）.xlsx|材料4|2611,1,三角波,三角波,三角波,三角波,三角波,三角波
附件一（训练集）.xlsx|材料4|2612,2,三角波,三角波,三角波,三角波,三角波,三角波
附件一（训练集）.xlsx|材料4|2613,2,三角波,三角波,三角波,三角波,三角波,三角波
附件一（训练集）.xlsx|材料4|2614,2,三角波,三角波,三角波,三角波,三角波,三角波
附件一（训练集）.xlsx|材料4|2615,2,三角波,三角波,三角波,三角波,三角波,三角波
附件一（训练集）.xlsx|材料4|2616,3,三角波,三角波,三角波,三角波,三角波,三角波
附件一（训练集）.xlsx|材料4|2617,1,三角波,三角波,三角波,三角波,三角波,三角波
附件一（训练集）.xlsx|材料4|2618,3,三角波,三角波,三角波,三角波,三角波,三角波
附件一（训练集）.xlsx|材料4|2619,4,三角波,三角波,三角波,三角波,三角波,三角波
附件一（训练集）.xlsx|材料4|262,2,正弦波,正弦波,正弦波,正弦波,正弦波,正弦波
附件一（训练集）.xlsx|材料4|2620,0,三角波,三角波,三角波,三角波,三角波,三角波
附件一（训练集）.xlsx|材料4|2621,2,三角波,三角波,三角波,三角波,三角波,三角波
附件一（训练集）.xlsx|材料4|2622,2,三角波,三角波,三角波,三角波,三角波,三角波
附件一（训练集）.xlsx|材料4|2623,2,三角波,三角波,三角波,三角波,三角波,三角波
附件一（训练集）.xlsx|材料4|2624,1,三角波,三角波,三角波,三角波,三角波,三角波
附件一（训练集）.xlsx|材料4|2625,1,三角波,三角波,三角波,三角波,三角波,三角波
附件一（训练集）.xlsx|材料4|2626,4,三角波,三角波,三角波,三角波,三角波,三角波
附件一（训练集）.xlsx|材料4|2627,3,三角波,三角波,三角波,三角波,三角波,三角波
附件一（训练集）.xlsx|材料4|2628,4,三角波,三角波,三角波,三角波,三角波,三角波
附件一（训练集）.xlsx|材料4|2629,4,三角波,三角波,三角波,三角波,三角波,三角波
附件一（训练集）.xlsx|材料4|263,4,正弦波,正弦波,正弦波,正弦波,三角波,正弦波
附件一（训练集）.xlsx|材料4|2630,2,三角波,三角波,三角波,三角波,三角波,三角波
附件一（训练集）.xlsx|材料4|2631,2,三角波,三角波,三角波,三角波,三角波,三角波
附件一（训练集）.xlsx|材料4|2632,4,三角波,三角波,三角波,三角波,三角波,三角波
附件一（训练集）.xlsx|材料4|2633,3,三角波,三角波,三角波,三角波,三角波,三角波
附件一（训练集）.xlsx|材料4|2634,3,三角波,三角波,三角波,三角波,三角波,三角波
附件一（训练集）.xlsx|材料4|2635,4,三角波,三角波,三角波,三角波,三角波,三角波
附件一（训练集）.xlsx|材料4|2636,4,三角波,三角波,三角波,三角波,三角波,三角波
附件一（训练集）.xlsx|材料4|2637,4,三角波,三角波,三角波,三角波,三角波,三角波
附件一（训练集）.xlsx|材料4|2638,1,三角波,三角波,三角波,三角波,三角波,三角波
附件一（训练集）.xlsx|材料4|2639,1,三角波,三角波,三角波,三角波,三角波,三角波
附件一（训练集）.xlsx|材料4|264,2,正弦波,正弦波,正弦波,正弦波,三角波,正弦波
附件一（训练集）.xlsx|材料4|2640,2,三角波,三角波,三角波,三角波,三角波,三角波
附件一（训练集）.xlsx|材料4|2641,2,三角波,三角波,三角波,三角波,三角波,三角波
附件一（训练集）.xlsx|材料4|2642,2,三角波,三角波,三角波,三角波,三角波,三角波
附件一（训练集）.xlsx|材料4|2643,4,三角波,三角波,三角波,三角波,三角波,三角波
附件一（训练集）.xlsx|材料4|2644,4,三角波,三角波,三角波,三角波,三角波,三角波
附件一（训练集）.xlsx|材料4|2645,1,梯形波,梯形波,梯形波,梯形波,正弦波,梯形波
附件一（训练集）.xlsx|材料4|2646,3,梯形波,梯形波,梯形波,梯形波,正弦波,梯形波
附件一（训练集）.xlsx|材料4|2647,2,梯形波,梯形波,梯形波,梯形波,正弦波,梯形波
附件一（训练集）.xlsx|材料4|2648,1,梯形波,梯形波,梯形波,梯形波,三角波,梯形波
附件一（训练集）.xlsx|材料4|2649,0,梯形波,梯形波,梯形波,梯形波,三角波,梯形波
附件一（训练集）.xlsx|材料4|265,0,正弦波,正弦波,正弦波,正弦波,三角波,正弦波
附件一（训练集）.xlsx|材料4|2650,0,梯形波,梯形波,梯形波,梯形波,三角波,梯形波
附件一（训练集）.xlsx|材料4|2651,1,梯形波,梯形波,梯形波,梯形波,正弦波,梯形波
附件一（训练集）.xlsx|材料4|2652,1,梯形波,梯形波,梯形波,梯形波,正弦波,梯形波
附件一（训练集）.xlsx|材料4|2653,0,梯形波,梯形波,梯形波,梯形波,正弦波,梯形波
附件一（训练集）.xlsx|材料4|2654,2,梯形波,梯形波,梯形波,梯形波,正弦波,梯形波
附件一（训练集）.xlsx|材料4|2655,3,梯形波,梯形波,梯形波,梯形波,正弦波,梯形波
附件一（训练集）.xlsx|材料4|2656,1,梯形波,梯形波,梯形波,梯形波,正弦波,梯形波
附件一（训练集）.xlsx|材料4|2657,2,梯形波,梯形波,梯形波,梯形波,正弦波,梯形波
附件一（训练集）.xlsx|材料4|2658,2,梯形波,梯形波,梯形波,梯形波,三角波,梯形波
附件一（训练集）.xlsx|材料4|2659,2,梯形波,梯形波,梯形波,梯形波,三角波,梯形波
附件一（训练集）.xlsx|材料4|266,1,正弦波,正弦波,正弦波,正弦波,三角波,正弦波
附件一（训练集）.xlsx|材料4|2660,2,梯形波,梯形波,梯形波,梯形波,三角波,梯形波
附件一（训练集）.xlsx|材料4|2661,1,梯形波,梯形波,梯形波,梯形波,三角波,梯形波
附件一（训练集）.xlsx|材料4|2662,3,梯形波,梯形波,梯形波,梯形波,三角波,梯形波
附件一（训练集）.xlsx|材料4|2663,2,梯形波,梯形波,梯形波,梯形波,正弦波,梯形波
附件一（训练集）.xlsx|材料4|2664,1,梯形波,梯形波,梯形波,梯形波,正弦波,梯形波
附件一（训练集）.xlsx|材料4|2665,2,梯形波,梯形波,梯形波,梯形波,正弦波,梯形波
附件一（训练集）.xlsx|材料4|2666,3,梯形波,梯形波,梯形波,梯形波,正弦波,梯形波
附件一（训练集）.xlsx|材料4|2667,3,梯形波,梯形波,梯形波,梯形波,三角波,梯形波
附件一（训练集）.xlsx|材料4|2668,2,梯形波,梯形波,梯形波,梯形波,三角波,梯形波
附件一（训练集）.xlsx|材料4|2669,2,梯形波,梯形波,梯形波,梯形波,三角波,梯形波
附件一（训练集）.xlsx|材料4|267,4,正弦波,正弦波,正弦波,正弦波,三角波,正弦波
附件一（训练集）.xlsx|材料4|2670,4,梯形波,梯形波,梯形波,梯形波,三角波,梯形波
附件一（训练集）.xlsx|材料4|2671,4,梯形波,梯形波,梯形波,梯形波,三角波,梯形波
附件一（训练集）.xlsx|材料4|2672,4,梯形波,梯形波,梯形波,梯形波,三角波,梯形波
附件一（训练集）.xlsx|材料4|2673,2,梯形波,梯形波,梯形波,梯形波,三角波,梯形波
附件一（训练集）.xlsx|材料4|2674,4,梯形波,梯形波,梯形波,梯形波,三角波,梯形波
附件一（训练集）.xlsx|材料4|2675,4,梯形波,梯形波,梯形波,梯形波,三角波,梯形波
附件一（训练集）.xlsx|材料4|2676,4,梯形波,梯形波,梯形波,梯形波,正弦波,梯形波
附件一（训练集）.xlsx|材料4|2677,4,梯形波,梯形波,梯形波,梯形波,正弦波,梯形波
附件一（训练集）.xlsx|材料4|2678,4,梯形波,梯形波,梯形波,梯形波,正弦波,梯形波
附件一（训练集）.xlsx|材料4|2679,1,梯形波,梯形波,梯形波,梯形波,正弦波,梯形波
附件一（训练集）.xlsx|材料4|268,3,正弦波,正弦波,正弦波,正弦波,三角波,正弦波
附件一（训练集）.xlsx|材料4|2680,2,梯形波,梯形波,梯形波,梯形波,正弦波,梯形波
附件一（训练集）.xlsx|材料4|2681,2,梯形波,梯形波,梯形波,梯形波,三角波,梯形波
附件一（训练集）.xlsx|材料4|2682,2,梯形波,梯形波,梯形波,梯形波,三角波,梯形波
附件一（训练集）.xlsx|材料4|2683,4,梯形波,梯形波,梯形波,梯形波,三角波,梯形波
附件一（训练集）.xlsx|材料4|2684,2,梯形波,梯形波,梯形波,梯形波,三角波,梯形波
附件一（训练集）.xlsx|材料4|2685,2,梯形波,梯形波,梯形波,梯形波,三角波,梯形波
附件一（训练集）.xlsx|材料4|2686,2,梯形波,梯形波,梯形波,梯形波,三角波,梯形波
附件一（训练集）.xlsx|材料4|2687,1,梯形波,梯形波,梯形波,梯形波,三角波,梯形波
附件一（训练集）.xlsx|材料4|2688,2,梯形波,梯形波,梯形波,梯形波,三角波,梯形波
附件一（训练集）.xlsx|材料4|2689,1,梯形波,梯形波,梯形波,梯形波,三角波,梯形波
附件一（训练集）.xlsx|材料4|269,1,正弦波,正弦波,正弦波,正弦波,三角波,正弦波
附件一（训练集）.xlsx|材料4|2690,1,梯形波,梯形波,梯形波,梯形波,三角波,梯形波
附件一（训练集）.xlsx|材料4|2691,2,梯形波,梯形波,梯形波,梯形波,正弦波,梯形波
附件一（训练集）.xlsx|材料4|2692,3,梯形波,梯形波,梯形波,梯形波,正弦波,梯形波
附件一（训练集）.xlsx|材料4|2693,2,梯形波,梯形波,梯形波,梯形波,正弦波,梯形波
附件一（训练集）.xlsx|材料4|2694,4,梯形波,梯形波,梯形波,梯形波,正弦波,梯形波
附件一（训练集）.xlsx|材料4|2695,4,梯形波,梯形波,梯形波,梯形波,三角波,梯形波
附件一（训练集）.xlsx|材料4|2696,2,梯形波,梯形波,梯形波,梯形波,三角波,梯形波
附件一（训练集）.xlsx|材料4|2697,2,梯形波,梯形波,梯形波,梯形波,三角波,梯形波
附件一（训练集）.xlsx|材料4|2698,2,梯形波,梯形波,梯形波,梯形波,三角波,梯形波
附件一（训练集）.xlsx|材料4|2699,1,梯形波,梯形波,梯形波,梯形波,三角波,梯形波
附件一（训练集）.xlsx|材料4|27,1,正弦波,正弦波,正弦波,正弦波,正弦波,正弦波
附件一（训练集）.xlsx|材料4|270,2,正弦波,正弦波,正弦波,正弦波,三角波,正弦波
附件一（训练集）.xlsx|材料4|2700,2,梯形波,梯形波,梯形波,梯形波,三角波,梯形波
附件一（训练集）.xlsx|材料4|2701,2,梯形波,梯形波,梯形波,梯形波,三角波,梯形波
附件一（训练集）.xlsx|材料4|2702,2,梯形波,梯形波,梯形波,梯形波,三角波,梯形波
附件一（训练集）.xlsx|材料4|2703,4,梯形波,梯形波,梯形波,梯形波,三角波,梯形波
附件一（训练集）.xlsx|材料4|2704,1,梯形波,梯形波,梯形波,梯形波,正弦波,梯形波
附件一（训练集）.xlsx|材料4|2705,1,梯形波,梯形波,梯形波,梯形波,正弦波,梯形波
附件一（训练集）.xlsx|材料4|2706,0,梯形波,梯形波,梯形波,梯形波,正弦波,梯形波
附件一（训练集）.xlsx|材料4|2707,3,梯形波,梯形波,梯形波,梯形波,正弦波,梯形波
附件一（训练集）.xlsx|材料4|2708,3,梯形波,梯形波,梯形波,梯形波,三角波,梯形波
附件一（训练集）.xlsx|材料4|2709,2,梯形波,梯形波,梯形波,梯形波,正弦波,梯形波
附件一（训练集）.xlsx|材料4|271,1,正弦波,正弦波,正弦波,正弦波,三角波,正弦波
附件一（训练集）.xlsx|材料4|2710,3,梯形波,梯形波,梯形波,梯形波,三角波,梯形波
附件一（训练集）.xlsx|材料4|2711,0,梯形波,梯形波,梯形波,梯形波,三角波,梯形波
附件一（训练集）.xlsx|材料4|2712,1,梯形波,梯形波,梯形波,梯形波,三角波,梯形波
附件一（训练集）.xlsx|材料4|2713,1,梯形波,梯形波,梯形波,梯形波,三角波,梯形波
附件一（训练集）.xlsx|材料4|2714,2,梯形波,梯形波,梯形波,梯形波,三角波,梯形波
附件一（训练集）.xlsx|材料4|2715,0,梯形波,梯形波,梯形波,梯形波,三角波,梯形波
附件一（训练集）.xlsx|材料4|2716,0,梯形波,梯形波,梯形波,梯形波,三角波,梯形波
附件一（训练集）.xlsx|材料4|2717,1,梯形波,梯形波,梯形波,梯形波,三角波,梯形波
附件一（训练集）.xlsx|材料4|2718,3,梯形波,梯形波,梯形波,梯形波,正弦波,梯形波
附件一（训练集）.xlsx|材料4|2719,0,梯形波,梯形波,梯形波,梯形波,正弦波,梯形波
附件一（训练集）.xlsx|材料4|272,3,正弦波,正弦波,正弦波,正弦波,三角波,正弦波
附件一（训练集）.xlsx|材料4|2720,1,梯形波,梯形波,梯形波,梯形波,正弦波,梯形波
附件一（训练集）.xlsx|材料4|2721,2,梯形波,梯形波,梯形波,梯形波,正弦波,梯形波
附件一（训练集）.xlsx|材料4|2722,1,梯形波,梯形波,梯形波,梯形波,三角波,梯形波
附件一（训练集）.xlsx|材料4|2723,2,梯形波,梯形波,梯形波,梯形波,三角波,梯形波
附件一（训练集）.xlsx|材料4|2724,1,梯形波,梯形波,梯形波,梯形波,三角波,梯形波
附件一（训练集）.xlsx|材料4|2725,4,梯形波,梯形波,梯形波,梯形波,三角波,梯形波
附件一（训练集）.xlsx|材料4|2726,4,梯形波,梯形波,梯形波,梯形波,三角波,梯形波
附件一（训练集）.xlsx|材料4|2727,2,梯形波,梯形波,梯形波,梯形波,三角波,梯形波
附件一（训练集）.xlsx|材料4|2728,1,梯形波,梯形波,梯形波,梯形波,三角波,梯形波
附件一（训练集）.xlsx|材料4|2729,2,梯形波,梯形波,梯形波,梯形波,三角波,梯形波
附件一（训练集）.xlsx|材料4|273,2,正弦波,正弦波,正弦波,正弦波,三角波,正弦波
附件一（训练集）.xlsx|材料4|2730,3,梯形波,梯形波,梯形波,梯形波,正弦波,梯形波
附件一（训练集）.xlsx|材料4|2731,2,梯形波,梯形波,梯形波,梯形波,正弦波,梯形波
附件一（训练集）.xlsx|材料4|2732,3,梯形波,梯形波,梯形波,梯形波,三角波,梯形波
附件一（训练集）.xlsx|材料4|2733,2,梯形波,梯形波,梯形波,梯形波,正弦波,梯形波
附件一（训练集）.xlsx|材料4|2734,1,梯形波,梯形波,梯形波,梯形波,三角波,梯形波
附件一（训练集）.xlsx|材料4|2735,3,梯形波,梯形波,梯形波,梯形波,三角波,梯形波
附件一（训练集）.xlsx|材料4|2736,2,梯形波,梯形波,梯形波,梯形波,三角波,梯形波
附件一（训练集）.xlsx|材料4|2737,4,梯形波,梯形波,梯形波,梯形波,三角波,梯形波
附件一（训练集）.xlsx|材料4|2738,3,梯形波,梯形波,梯形波,梯形波,三角波,梯形波
附件一（训练集）.xlsx|材料4|2739,1,梯形波,梯形波,梯形波,梯形波,三角波,梯形波
附件一（训练集）.xlsx|材料4|274,1,正弦波,正弦波,正弦波,正弦波,正弦波,正弦波
附件一（训练集）.xlsx|材料4|2740,4,梯形波,梯形波,梯形波,梯形波,三角波,梯形波
附件一（训练集）.xlsx|材料4|2741,4,梯形波,梯形波,梯形波,梯形波,三角波,梯形波
附件一（训练集）.xlsx|材料4|2742,1,梯形波,梯形波,梯形波,梯形波,三角波,梯形波
附件一（训练集）.xlsx|材料4|2743,2,梯形波,梯形波,梯形波,梯形波,三角波,梯形波
附件一（训练集）.xlsx|材料4|2744,1,梯形波,梯形波,梯形波,梯形波,三角波,梯形波
附件一（训练集）.xlsx|材料4|2745,2,梯形波,梯形波,梯形波,梯形波,三角波,梯形波
附件一（训练集）.xlsx|材料4|2746,0,梯形波,梯形波,梯形波,梯形波,正弦波,梯形波
附件一（训练集）.xlsx|材料4|2747,1,梯形波,梯形波,梯形波,梯形波,正弦波,梯形波
附件一（训练集）.xlsx|材料4|2748,2,梯形波,梯形波,梯形波,梯形波,正弦波,梯形波
附件一（训练集）.xlsx|材料4|2749,4,梯形波,梯形波,梯形波,梯形波,三角波,梯形波
附件一（训练集）.xlsx|材料4|275,1,正弦波,正弦波,正弦波,正弦波,正弦波,正弦波
附件一（训练集）.xlsx|材料4|2750,4,梯形波,梯形波,梯形波,梯形波,三角波,梯形波
附件一（训练集）.xlsx|材料4|2751,0,梯形波,梯形波,梯形波,梯形波,三角波,梯形波
附件一（训练集）.xlsx|材料4|2752,0,梯形波,梯形波,梯形波,梯形波,三角波,梯形波
附件一（训练集）.xlsx|材料4|2753,0,梯形波,梯形波,梯形波,梯形波,三角波,梯形波
附件一（训练集）.xlsx|材料4|2754,2,梯形波,梯形波,梯形波,梯形波,三角波,梯形波
附件一（训练集）.xlsx|材料4|2755,2,梯形波,梯形波,梯形波,梯形波,三角波,梯形波
附件一（训练集）.xlsx|材料4|2756,4,梯形波,梯形波,梯形波,梯形波,三角波,梯形波
附件一（训练集）.xlsx|材料4|2757,2,梯形波,梯形波,梯形波,梯形波,三角波,梯形波
附件一（训练集）.xlsx|材料4|2758,2,梯形波,梯形波,梯形波,梯形波,三角波,梯形波
附件一（训练集）.xlsx|材料4|2759,2,梯形波,梯形波,梯形波,梯形波,三角波,梯形波
附件一（训练集）.xlsx|材料4|276,0,正弦波,正弦波,正弦波,正弦波,正弦波,正弦波
附件一（训练集）.xlsx|材料4|2760,2,梯形波,梯形波,梯形波,梯形波,三角波,梯形波
附件一（训练集）.xlsx|材料4|2761,2,梯形波,梯形波,梯形波,梯形波,三角波,梯形波
附件一（训练集）.xlsx|材料4|2762,3,梯形波,梯形波,梯形波,梯形波,正弦波,梯形波
附件一（训练集）.xlsx|材料4|2763,4,梯形波,梯形波,梯形波,梯形波,正弦波,梯形波
附件一（训练集）.xlsx|材料4|2764,3,梯形波,梯形波,梯形波,梯形波,三角波,梯形波
附件一（训练集）.xlsx|材料4|2765,2,梯形波,梯形波,梯形波,梯形波,三角波,梯形波
附件一（训练集）.xlsx|材料4|2766,4,梯形波,梯形波,梯形波,梯形波,三角波,梯形波
附件一（训练集）.xlsx|材料4|2767,2,梯形波,梯形波,梯形波,梯形波,三角波,梯形波
附件一（训练集）.xlsx|材料4|2768,0,梯形波,梯形波,梯形波,梯形波,三角波,梯形波
附件一（训练集）.xlsx|材料4|2769,4,梯形波,梯形波,梯形波,梯形波,三角波,梯形波
附件一（训练集）.xlsx|材料4|277,2,正弦波,正弦波,正弦波,正弦波,正弦波,正弦波
附件一（训练集）.xlsx|材料4|2770,4,梯形波,梯形波,梯形波,梯形波,三角波,梯形波
附件一（训练集）.xlsx|材料4|2771,2,梯形波,梯形波,梯形波,梯形波,三角波,梯形波
附件一（训练集）.xlsx|材料4|2772,0,梯形波,梯形波,梯形波,梯形波,三角波,梯形波
附件一（训练集）.xlsx|材料4|2773,1,梯形波,梯形波,梯形波,梯形波,三角波,梯形波
附件一（训练集）.xlsx|材料4|2774,2,梯形波,梯形波,梯形波,梯形波,三角波,梯形波
附件一（训练集）.xlsx|材料4|2775,4,梯形波,梯形波,梯形波,梯形波,三角波,梯形波
附件一（训练集）.xlsx|材料4|2776,3,梯形波,梯形波,梯形波,梯形波,三角波,梯形波
附件一（训练集）.xlsx|材料4|2777,2,梯形波,梯形波,梯形波,梯形波,三角波,梯形波
附件一（训练集）.xlsx|材料4|2778,3,梯形波,梯形波,梯形波,梯形波,三角波,梯形波
附件一（训练集）.xlsx|材料4|2779,2,梯形波,梯形波,梯形波,梯形波,三角波,梯形波
附件一（训练集）.xlsx|材料4|278,3,正弦波,正弦波,正弦波,正弦波,三角波,正弦波
附件一（训练集）.xlsx|材料4|2780,2,梯形波,梯形波,梯形波,梯形波,三角波,梯形波
附件一（训练集）.xlsx|材料4|2781,0,梯形波,梯形波,梯形波,梯形波,三角波,梯形波
附件一（训练集）.xlsx|材料4|2782,4,梯形波,梯形波,梯形波,梯形波,三角波,梯形波
附件一（训练集）.xlsx|材料4|2783,4,梯形波,梯形波,梯形波,梯形波,三角波,梯形波
附件一（训练集）.xlsx|材料4|2784,4,梯形波,梯形波,梯形波,梯形波,三角波,梯形波
附件一（训练集）.xlsx|材料4|2785,2,梯形波,梯形波,梯形波,梯形波,三角波,梯形波
附件一（训练集）.xlsx|材料4|2786,2,梯形波,梯形波,梯形波,梯形波,三角波,梯形波
附件一（训练集）.xlsx|材料4|2787,3,梯形波,梯形波,梯形波,梯形波,三角波,梯形波
附件一（训练集）.xlsx|材料4|2788,4,梯形波,梯形波,梯形波,梯形波,三角波,梯形波
附件一（训练集）.xlsx|材料4|2789,1,梯形波,梯形波,梯形波,梯形波,三角波,梯形波
附件一（训练集）.xlsx|材料4|279,3,正弦波,正弦波,正弦波,正弦波,三角波,正弦波
附件一（训练集）.xlsx|材料4|2790,1,梯形波,梯形波,梯形波,梯形波,三角波,梯形波
附件一（训练集）.xlsx|材料4|2791,1,梯形波,梯形波,梯形波,梯形波,三角波,梯形波
附件一（训练集）.xlsx|材料4|2792,0,梯形波,梯形波,梯形波,梯形波,三角波,梯形波
附件一（训练集）.xlsx|材料4|2793,2,梯形波,梯形波,梯形波,梯形波,三角波,梯形波
附件一（训练集）.xlsx|材料4|2794,0,梯形波,梯形波,梯形波,梯形波,三角波,梯形波
附件一（训练集）.xlsx|材料4|2795,2,梯形波,梯形波,梯形波,梯形波,三角波,梯形波
附件一（训练集）.xlsx|材料4|2796,0,梯形波,梯形波,梯形波,梯形波,三角波,梯形波
附件一（训练集）.xlsx|材料4|2797,4,梯形波,梯形波,梯形波,梯形波,三角波,梯形波
附件一（训练集）.xlsx|材料4|2798,0,梯形波,梯形波,梯形波,梯形波,三角波,梯形波
附件一（训练集）.xlsx|材料4|2799,2,梯形波,梯形波,梯形波,梯形波,三角波,梯形波
附件一（训练集）.xlsx|材料4|28,1,正弦波,正弦波,正弦波,正弦波,正弦波,正弦波
附件一（训练集）.xlsx|材料4|280,0,正弦波,正弦波,正弦波,正弦波,三角波,正弦波
附件一（训练集）.xlsx|材料4|2800,0,梯形波,梯形波,梯形波,梯形波,三角波,梯形波
附件一（训练集）.xlsx|材料4|2801,2,梯形波,梯形波,梯形波,梯形波,三角波,梯形波
附件一（训练集）.xlsx|材料4|281,2,正弦波,正弦波,正弦波,正弦波,三角波,正弦波
附件一（训练集）.xlsx|材料4|282,2,正弦波,正弦波,正弦波,正弦波,三角波,正弦波
附件一（训练集）.xlsx|材料4|283,1,正弦波,正弦波,正弦波,正弦波,三角波,正弦波
附件一（训练集）.xlsx|材料4|284,0,正弦波,正弦波,正弦波,正弦波,三角波,正弦波
附件一（训练集）.xlsx|材料4|285,3,正弦波,正弦波,正弦波,正弦波,三角波,正弦波
附件一（训练集）.xlsx|材料4|286,4,正弦波,正弦波,正弦波,正弦波,三角波,正弦波
附件一（训练集）.xlsx|材料4|287,4,正弦波,正弦波,正弦波,正弦波,三角波,正弦波
附件一（训练集）.xlsx|材料4|288,4,正弦波,正弦波,正弦波,正弦波,正弦波,正弦波
附件一（训练集）.xlsx|材料4|289,0,正弦波,正弦波,正弦波,正弦波,正弦波,正弦波
附件一（训练集）.xlsx|材料4|29,4,正弦波,正弦波,正弦波,正弦波,三角波,正弦波
附件一（训练集）.xlsx|材料4|290,0,正弦波,正弦波,正弦波,正弦波,正弦波,正弦波
附件一（训练集）.xlsx|材料4|291,0,正弦波,正弦波,正弦波,正弦波,三角波,正弦波
附件一（训练集）.xlsx|材料4|292,0,正弦波,正弦波,正弦波,正弦波,三角波,正弦波
附件一（训练集）.xlsx|材料4|293,4,正弦波,正弦波,正弦波,正弦波,三角波,正弦波
附件一（训练集）.xlsx|材料4|294,1,正弦波,正弦波,正弦波,正弦波,三角波,正弦波
附件一（训练集）.xlsx|材料4|295,4,正弦波,正弦波,正弦波,正弦波,三角波,正弦波
附件一（训练集）.xlsx|材料4|296,1,正弦波,正弦波,正弦波,正弦波,三角波,正弦波
附件一（训练集）.xlsx|材料4|297,3,正弦波,正弦波,正弦波,正弦波,三角波,正弦波
附件一（训练集）.xlsx|材料4|298,3,正弦波,正弦波,正弦波,正弦波,三角波,正弦波
附件一（训练集）.xlsx|材料4|299,3,正弦波,正弦波,正弦波,正弦波,三角波,正弦波
附件一（训练集）.xlsx|材料4|3,4,正弦波,正弦波,正弦波,正弦波,正弦波,正弦波
附件一（训练集）.xlsx|材料4|30,0,正弦波,正弦波,正弦波,正弦波,正弦波,正弦波
附件一（训练集）.xlsx|材料4|300,2,正弦波,正弦波,正弦波,正弦波,三角波,正弦波
附件一（训练集）.xlsx|材料4|301,1,正弦波,正弦波,正弦波,正弦波,三角波,正弦波
附件一（训练集）.xlsx|材料4|302,2,正弦波,正弦波,正弦波,正弦波,三角波,正弦波
附件一（训练集）.xlsx|材料4|303,0,正弦波,正弦波,正弦波,正弦波,三角波,正弦波
附件一（训练集）.xlsx|材料4|304,4,正弦波,正弦波,正弦波,正弦波,三角波,正弦波
附件一（训练集）.xlsx|材料4|305,2,正弦波,正弦波,正弦波,正弦波,三角波,正弦波
附件一（训练集）.xlsx|材料4|306,4,正弦波,正弦波,正弦波,正弦波,三角波,正弦波
附件一（训练集）.xlsx|材料4|307,1,正弦波,正弦波,正弦波,正弦波,三角波,正弦波
附件一（训练集）.xlsx|材料4|308,1,正弦波,正弦波,正弦波,正弦波,三角波,正弦波
附件一（训练集）.xlsx|材料4|309,3,正弦波,正弦波,正弦波,正弦波,三角波,正弦波
附件一（训练集）.xlsx|材料4|31,3,正弦波,正弦波,正弦波,正弦波,正弦波,正弦波
附件一（训练集）.xlsx|材料4|310,3,正弦波,正弦波,正弦波,正弦波,三角波,正弦波
附件一（训练集）.xlsx|材料4|311,1,正弦波,正弦波,正弦波,正弦波,三角波,正弦波
附件一（训练集）.xlsx|材料4|312,4,正弦波,正弦波,正弦波,正弦波,三角波,正弦波
附件一（训练集）.xlsx|材料4|313,3,正弦波,正弦波,正弦波,正弦波,三角波,正弦波
附件一（训练集）.xlsx|材料4|314,2,正弦波,正弦波,正弦波,正弦波,正弦波,正弦波
附件一（训练集）.xlsx|材料4|315,4,正弦波,正弦波,正弦波,正弦波,三角波,正弦波
附件一（训练集）.xlsx|材料4|316,3,正弦波,正弦波,正弦波,正弦波,三角波,正弦波
附件一（训练集）.xlsx|材料4|317,3,正弦波,正弦波,正弦波,正弦波,三角波,正弦波
附件一（训练集）.xlsx|材料4|318,2,正弦波,正弦波,正弦波,正弦波,三角波,正弦波
附件一（训练集）.xlsx|材料4|319,4,正弦波,正弦波,正弦波,正弦波,三角波,正弦波
附件一（训练集）.xlsx|材料4|32,3,正弦波,正弦波,正弦波,正弦波,正弦波,正弦波
附件一（训练集）.xlsx|材料4|320,4,正弦波,正弦波,正弦波,正弦波,三角波,正弦波
附件一（训练集）.xlsx|材料4|321,3,正弦波,正弦波,正弦波,正弦波,三角波,正弦波
附件一（训练集）.xlsx|材料4|322,3,正弦波,正弦波,正弦波,正弦波,三角波,正弦波
附件一（训练集）.xlsx|材料4|323,0,正弦波,正弦波,正弦波,正弦波,三角波,正弦波
附件一（训练集）.xlsx|材料4|324,4,正弦波,正弦波,正弦波,正弦波,三角波,正弦波
附件一（训练集）.xlsx|材料4|325,2,正弦波,正弦波,正弦波,正弦波,三角波,正弦波
附件一（训练集）.xlsx|材料4|326,3,正弦波,正弦波,正弦波,正弦波,三角波,正弦波
附件一（训练集）.xlsx|材料4|327,2,正弦波,正弦波,正弦波,正弦波,三角波,正弦波
附件一（训练集）.xlsx|材料4|328,3,正弦波,正弦波,正弦波,正弦波,三角波,正弦波
附件一（训练集）.xlsx|材料4|329,1,正弦波,正弦波,正弦波,正弦波,三角波,正弦波
附件一（训练集）.xlsx|材料4|33,1,正弦波,正弦波,正弦波,正弦波,正弦波,正弦波
附件一（训练集）.xlsx|材料4|330,2,正弦波,正弦波,正弦波,正弦波,三角波,正弦波
附件一（训练集）.xlsx|材料4|331,0,正弦波,正弦波,正弦波,正弦波,三角波,正弦波
附件一（训练集）.xlsx|材料4|332,0,正弦波,正弦波,正弦波,正弦波,三角波,正弦波
附件一（训练集）.xlsx|材料4|333,1,正弦波,正弦波,正弦波,正弦波,三角波,正弦波
附件一（训练集）.xlsx|材料4|334,2,正弦波,正弦波,正弦波,正弦波,三角波,正弦波
附件一（训练集）.xlsx|材料4|335,1,正弦波,正弦波,正弦波,正弦波,三角波,正弦波
附件一（训练集）.xlsx|材料4|336,3,正弦波,正弦波,正弦波,正弦波,三角波,正弦波
附件一（训练集）.xlsx|材料4|337,4,正弦波,正弦波,正弦波,正弦波,三角波,正弦波
附件一（训练集）.xlsx|材料4|338,4,正弦波,正弦波,正弦波,正弦波,三角波,正弦波
附件一（训练集）.xlsx|材料4|339,3,正弦波,正弦波,正弦波,正弦波,三角波,正弦波
附件一（训练集）.xlsx|材料4|34,1,正弦波,正弦波,正弦波,正弦波,三角波,正弦波
附件一（训练集）.xlsx|材料4|340,3,正弦波,正弦波,正弦波,正弦波,三角波,正弦波
附件一（训练集）.xlsx|材料4|341,4,正弦波,正弦波,正弦波,正弦波,三角波,正弦波
附件一（训练集）.xlsx|材料4|342,2,正弦波,正弦波,正弦波,正弦波,三角波,正弦波
附件一（训练集）.xlsx|材料4|343,3,正弦波,正弦波,正弦波,正弦波,三角波,正弦波
附件一（训练集）.xlsx|材料4|344,3,正弦波,正弦波,正弦波,正弦波,三角波,正弦波
附件一（训练集）.xlsx|材料4|345,4,正弦波,正弦波,正弦波,正弦波,三角波,正弦波
附件一（训练集）.xlsx|材料4|346,4,正弦波,正弦波,正弦波,正弦波,三角波,正弦波
附件一（训练集）.xlsx|材料4|347,4,正弦波,正弦波,正弦波,正弦波,三角波,正弦波
附件一（训练集）.xlsx|材料4|348,4,正弦波,正弦波,正弦波,正弦波,三角波,正弦波
附件一（训练集）.xlsx|材料4|349,4,正弦波,正弦波,正弦波,正弦波,三角波,正弦波
附件一（训练集）.xlsx|材料4|35,4,正弦波,正弦波,正弦波,正弦波,三角波,正弦波
附件一（训练集）.xlsx|材料4|350,4,正弦波,正弦波,正弦波,正弦波,三角波,正弦波
附件一（训练集）.xlsx|材料4|351,0,正弦波,正弦波,正弦波,正弦波,三角波,正弦波
附件一（训练集）.xlsx|材料4|352,1,正弦波,正弦波,正弦波,正弦波,三角波,正弦波
附件一（训练集）.xlsx|材料4|353,3,正弦波,正弦波,正弦波,正弦波,三角波,正弦波
附件一（训练集）.xlsx|材料4|354,4,正弦波,正弦波,正弦波,正弦波,三角波,正弦波
附件一（训练集）.xlsx|材料4|355,4,正弦波,正弦波,正弦波,正弦波,三角波,正弦波
附件一（训练集）.xlsx|材料4|356,3,正弦波,正弦波,正弦波,正弦波,三角波,正弦波
附件一（训练集）.xlsx|材料4|357,3,正弦波,正弦波,正弦波,正弦波,三角波,正弦波
附件一（训练集）.xlsx|材料4|358,3,正弦波,正弦波,正弦波,正弦波,三角波,正弦波
附件一（训练集）.xlsx|材料4|359,0,正弦波,正弦波,正弦波,正弦波,三角波,正弦波
附件一（训练集）.xlsx|材料4|36,2,正弦波,正弦波,正弦波,正弦波,三角波,正弦波
附件一（训练集）.xlsx|材料4|360,3,正弦波,正弦波,正弦波,正弦波,三角波,正弦波
附件一（训练集）.xlsx|材料4|361,0,正弦波,正弦波,正弦波,正弦波,三角波,正弦波
附件一（训练集）.xlsx|材料4|362,3,正弦波,正弦波,正弦波,正弦波,三角波,正弦波
附件一（训练集）.xlsx|材料4|363,4,正弦波,正弦波,正弦波,正弦波,三角波,正弦波
附件一（训练集）.xlsx|材料4|364,0,正弦波,正弦波,正弦波,正弦波,三角波,正弦波
附件一（训练集）.xlsx|材料4|365,3,正弦波,正弦波,正弦波,正弦波,三角波,正弦波
附件一（训练集）.xlsx|材料4|366,0,正弦波,正弦波,正弦波,正弦波,三角波,正弦波
附件一（训练集）.xlsx|材料4|367,2,正弦波,正弦波,正弦波,正弦波,三角波,正弦波
附件一（训练集）.xlsx|材料4|368,4,正弦波,正弦波,正弦波,正弦波,三角波,正弦波
附件一（训练集）.xlsx|材料4|369,1,正弦波,正弦波,正弦波,正弦波,三角波,正弦波
附件一（训练集）.xlsx|材料4|37,3,正弦波,正弦波,正弦波,正弦波,正弦波,正弦波
附件一（训练集）.xlsx|材料4|370,4,正弦波,正弦波,正弦波,正弦波,三角波,正弦波
附件一（训练集）.xlsx|材料4|371,2,正弦波,正弦波,正弦波,正弦波,三角波,正弦波
附件一（训练集）.xlsx|材料4|372,3,正弦波,正弦波,正弦波,正弦波,三角波,正弦波
附件一（训练集）.xlsx|材料4|373,3,正弦波,正弦波,正弦波,正弦波,三角波,正弦波
附件一（训练集）.xlsx|材料4|374,3,正弦波,正弦波,正弦波,正弦波,三角波,正弦波
附件一（训练集）.xlsx|材料4|375,3,正弦波,正弦波,正弦波,正弦波,三角波,正弦波
附件一（训练集）.xlsx|材料4|376,2,正弦波,正弦波,正弦波,正弦波,三角波,正弦波
附件一（训练集）.xlsx|材料4|377,0,正弦波,正弦波,正弦波,正弦波,三角波,正弦波
附件一（训练集）.xlsx|材料4|378,3,正弦波,正弦波,正弦波,正弦波,三角波,正弦波
附件一（训练集）.xlsx|材料4|379,3,正弦波,正弦波,正弦波,正弦波,三角波,正弦波
附件一（训练集）.xlsx|材料4|38,4,正弦波,正弦波,正弦波,正弦波,正弦波,正弦波
附件一（训练集）.xlsx|材料4|380,3,正弦波,正弦波,正弦波,正弦波,三角波,正弦波
附件一（训练集）.xlsx|材料4|381,4,正弦波,正弦波,正弦波,正弦波,三角波,正弦波
附件一（训练集）.xlsx|材料4|382,1,正弦波,正弦波,正弦波,正弦波,三角波,正弦波
附件一（训练集）.xlsx|材料4|383,2,正弦波,正弦波,正弦波,正弦波,三角波,正弦波
附件一（训练集）.xlsx|材料4|384,2,正弦波,正弦波,正弦波,正弦波,三角波,正弦波
附件一（训练集）.xlsx|材料4|385,3,正弦波,正弦波,正弦波,正弦波,三角波,正弦波
附件一（训练集）.xlsx|材料4|386,3,正弦波,正弦波,正弦波,正弦波,三角波,正弦波
附件一（训练集）.xlsx|材料4|387,1,正弦波,正弦波,正弦波,正弦波,三角波,正弦波
附件一（训练集）.xlsx|材料4|388,4,正弦波,正弦波,正弦波,正弦波,三角波,正弦波
附件一（训练集）.xlsx|材料4|389,2,正弦波,正弦波,正弦波,正弦波,三角波,正弦波
附件一（训练集）.xlsx|材料4|39,2,正弦波,正弦波,正弦波,正弦波,正弦波,正弦波
附件一（训练集）.xlsx|材料4|390,2,正弦波,正弦波,正弦波,正弦波,三角波,正弦波
附件一（训练集）.xlsx|材料4|391,4,正弦波,正弦波,正弦波,正弦波,三角波,正弦波
附件一（训练集）.xlsx|材料4|392,4,正弦波,正弦波,正弦波,正弦波,三角波,正弦波
附件一（训练集）.xlsx|材料4|393,3,正弦波,正弦波,正弦波,正弦波,三角波,正弦波
附件一（训练集）.xlsx|材料4|394,3,正弦波,正弦波,正弦波,正弦波,三角波,正弦波
附件一（训练集）.xlsx|材料4|395,0,正弦波,正弦波,正弦波,正弦波,三角波,正弦波
附件一（训练集）.xlsx|材料4|396,4,正弦波,正弦波,正弦波,正弦波,三角波,正弦波
附件一（训练集）.xlsx|材料4|397,1,正弦波,正弦波,正弦波,正弦波,三角波,正弦波
附件一（训练集）.xlsx|材料4|398,3,正弦波,正弦波,正弦波,正弦波,三角波,正弦波
附件一（训练集）.xlsx|材料4|399,1,正弦波,正弦波,正弦波,正弦波,三角波,正弦波
附件一（训练集）.xlsx|材料4|4,4,正弦波,正弦波,正弦波,正弦波,正弦波,正弦波
附件一（训练集）.xlsx|材料4|40,4,正弦波,正弦波,正弦波,正弦波,正弦波,正弦波
附件一（训练集）.xlsx|材料4|400,3,正弦波,正弦波,正弦波,正弦波,三角波,正弦波
附件一（训练集）.xlsx|材料4|401,1,正弦波,正弦波,正弦波,正弦波,三角波,正弦波
附件一（训练集）.xlsx|材料4|402,1,正弦波,正弦波,正弦波,正弦波,三角波,正弦波
附件一（训练集）.xlsx|材料4|403,3,正弦波,正弦波,正弦波,正弦波,三角波,正弦波
附件一（训练集）.xlsx|材料4|404,1,正弦波,正弦波,正弦波,正弦波,三角波,正弦波
附件一（训练集）.xlsx|材料4|405,4,正弦波,正弦波,正弦波,正弦波,三角波,正弦波
附件一（训练集）.xlsx|材料4|406,1,正弦波,正弦波,正弦波,正弦波,三角波,正弦波
附件一（训练集）.xlsx|材料4|407,0,正弦波,正弦波,正弦波,正弦波,三角波,正弦波
附件一（训练集）.xlsx|材料4|408,2,正弦波,正弦波,正弦波,正弦波,三角波,正弦波
附件一（训练集）.xlsx|材料4|409,0,正弦波,正弦波,正弦波,正弦波,三角波,正弦波
附件一（训练集）.xlsx|材料4|41,4,正弦波,正弦波,正弦波,正弦波,正弦波,正弦波
附件一（训练集）.xlsx|材料4|410,0,正弦波,正弦波,正弦波,正弦波,三角波,正弦波
附件一（训练集）.xlsx|材料4|411,3,正弦波,正弦波,正弦波,正弦波,三角波,正弦波
附件一（训练集）.xlsx|材料4|412,4,正弦波,正弦波,正弦波,正弦波,正弦波,正弦波
附件一（训练集）.xlsx|材料4|413,3,正弦波,正弦波,正弦波,正弦波,正弦波,正弦波
附件一（训练集）.xlsx|材料4|414,4,正弦波,正弦波,正弦波,正弦波,正弦波,正弦波
附件一（训练集）.xlsx|材料4|415,4,正弦波,正弦波,正弦波,正弦波,正弦波,正弦波
附件一（训练集）.xlsx|材料4|416,3,正弦波,正弦波,正弦波,正弦波,正弦波,正弦波
附件一（训练集）.xlsx|材料4|417,3,正弦波,正弦波,正弦波,正弦波,正弦波,正弦波
附件一（训练集）.xlsx|材料4|418,0,正弦波,正弦波,正弦波,正弦波,正弦波,正弦波
附件一（训练集）.xlsx|材料4|419,1,正弦波,正弦波,正弦波,正弦波,正弦波,正弦波
附件一（训练集）.xlsx|材料4|42,3,正弦波,正弦波,正弦波,正弦波,正弦波,正弦波
附件一（训练集）.xlsx|材料4|420,3,正弦波,正弦波,正弦波,正弦波,正弦波,正弦波
附件一（训练集）.xlsx|材料4|421,1,正弦波,正弦波,正弦波,正弦波,正弦波,正弦波
附件一（训练集）.xlsx|材料4|422,0,正弦波,正弦波,正弦波,正弦波,正弦波,正弦波
附件一（训练集）.xlsx|材料4|423,0,正弦波,正弦波,正弦波,正弦波,三角波,正弦波
附件一（训练集）.xlsx|材料4|424,4,正弦波,正弦波,正弦波,正弦波,正弦波,正弦波
附件一（训练集）.xlsx|材料4|425,3,正弦波,正弦波,正弦波,正弦波,正弦波,正弦波
附件一（训练集）.xlsx|材料4|426,3,正弦波,正弦波,正弦波,正弦波,正弦波,正弦波
附件一（训练集）.xlsx|材料4|427,3,正弦波,正弦波,正弦波,正弦波,正弦波,正弦波
附件一（训练集）.xlsx|材料4|428,3,正弦波,正弦波,正弦波,正弦波,正弦波,正弦波
附件一（训练集）.xlsx|材料4|429,3,正弦波,正弦波,正弦波,正弦波,正弦波,正弦波
附件一（训练集）.xlsx|材料4|43,1,正弦波,正弦波,正弦波,正弦波,正弦波,正弦波
附件一（训练集）.xlsx|材料4|430,1,正弦波,正弦波,正弦波,正弦波,正弦波,正弦波
附件一（训练集）.xlsx|材料4|431,0,正弦波,正弦波,正弦波,正弦波,正弦波,正弦波
附件一（训练集）.xlsx|材料4|432,1,正弦波,正弦波,正弦波,正弦波,正弦波,正弦波
附件一（训练集）.xlsx|材料4|433,4,正弦波,正弦波,正弦波,正弦波,正弦波,正弦波
附件一（训练集）.xlsx|材料4|434,0,正弦波,正弦波,正弦波,正弦波,正弦波,正弦波
附件一（训练集）.xlsx|材料4|435,0,正弦波,正弦波,正弦波,正弦波,正弦波,正弦波
附件一（训练集）.xlsx|材料4|436,4,正弦波,正弦波,正弦波,正弦波,正弦波,正弦波
附件一（训练集）.xlsx|材料4|437,2,正弦波,正弦波,正弦波,正弦波,正弦波,正弦波
附件一（训练集）.xlsx|材料4|438,0,正弦波,正弦波,正弦波,正弦波,正弦波,正弦波
附件一（训练集）.xlsx|材料4|439,1,正弦波,正弦波,正弦波,正弦波,正弦波,正弦波
附件一（训练集）.xlsx|材料4|44,1,正弦波,正弦波,正弦波,正弦波,正弦波,正弦波
附件一（训练集）.xlsx|材料4|440,1,正弦波,正弦波,正弦波,正弦波,正弦波,正弦波
附件一（训练集）.xlsx|材料4|441,1,正弦波,正弦波,正弦波,正弦波,三角波,正弦波
附件一（训练集）.xlsx|材料4|442,0,正弦波,正弦波,正弦波,正弦波,三角波,正弦波
附件一（训练集）.xlsx|材料4|443,4,正弦波,正弦波,正弦波,正弦波,正弦波,正弦波
附件一（训练集）.xlsx|材料4|444,4,正弦波,正弦波,正弦波,正弦波,正弦波,正弦波
附件一（训练集）.xlsx|材料4|445,0,正弦波,正弦波,正弦波,正弦波,正弦波,正弦波
附件一（训练集）.xlsx|材料4|446,3,正弦波,正弦波,正弦波,正弦波,正弦波,正弦波
附件一（训练集）.xlsx|材料4|447,2,正弦波,正弦波,正弦波,正弦波,正弦波,正弦波
附件一（训练集）.xlsx|材料4|448,4,正弦波,正弦波,正弦波,正弦波,正弦波,正弦波
附件一（训练集）.xlsx|材料4|449,4,正弦波,正弦波,正弦波,正弦波,正弦波,正弦波
附件一（训练集）.xlsx|材料4|45,1,正弦波,正弦波,正弦波,正弦波,三角波,正弦波
附件一（训练集）.xlsx|材料4|450,2,正弦波,正弦波,正弦波,正弦波,正弦波,正弦波
附件一（训练集）.xlsx|材料4|451,2,正弦波,正弦波,正弦波,正弦波,三角波,正弦波
附件一（训练集）.xlsx|材料4|452,0,正弦波,正弦波,正弦波,正弦波,三角波,正弦波
附件一（训练集）.xlsx|材料4|453,0,正弦波,正弦波,正弦波,正弦波,三角波,正弦波
附件一（训练集）.xlsx|材料4|454,3,正弦波,正弦波,正弦波,正弦波,三角波,正弦波
附件一（训练集）.xlsx|材料4|455,1,正弦波,正弦波,正弦波,正弦波,三角波,正弦波
附件一（训练集）.xlsx|材料4|456,4,正弦波,正弦波,正弦波,正弦波,正弦波,正弦波
附件一（训练集）.xlsx|材料4|457,3,正弦波,正弦波,正弦波,正弦波,正弦波,正弦波
附件一（训练集）.xlsx|材料4|458,1,正弦波,正弦波,正弦波,正弦波,正弦波,正弦波
附件一（训练集）.xlsx|材料4|459,0,正弦波,正弦波,正弦波,正弦波,正弦波,正弦波
附件一（训练集）.xlsx|材料4|46,3,正弦波,正弦波,正弦波,正弦波,三角波,正弦波
附件一（训练集）.xlsx|材料4|460,3,正弦波,正弦波,正弦波,正弦波,正弦波,正弦波
附件一（训练集）.xlsx|材料4|461,3,正弦波,正弦波,正弦波,正弦波,正弦波,正弦波
附件一（训练集）.xlsx|材料4|462,1,正弦波,正弦波,正弦波,正弦波,三角波,正弦波
附件一（训练集）.xlsx|材料4|463,1,正弦波,正弦波,正弦波,正弦波,三角波,正弦波
附件一（训练集）.xlsx|材料4|464,0,正弦波,正弦波,正弦波,正弦波,三角波,正弦波
附件一（训练集）.xlsx|材料4|465,0,正弦波,正弦波,正弦波,正弦波,三角波,正弦波
附件一（训练集）.xlsx|材料4|466,2,正弦波,正弦波,正弦波,正弦波,三角波,正弦波
附件一（训练集）.xlsx|材料4|467,0,正弦波,正弦波,正弦波,正弦波,正弦波,正弦波
附件一（训练集）.xlsx|材料4|468,4,正弦波,正弦波,正弦波,正弦波,正弦波,正弦波
附件一（训练集）.xlsx|材料4|469,1,正弦波,正弦波,正弦波,正弦波,正弦波,正弦波
附件一（训练集）.xlsx|材料4|47,4,正弦波,正弦波,正弦波,正弦波,三角波,正弦波
附件一（训练集）.xlsx|材料4|470,3,正弦波,正弦波,正弦波,正弦波,正弦波,正弦波
附件一（训练集）.xlsx|材料4|471,1,正弦波,正弦波,正弦波,正弦波,三角波,正弦波
附件一（训练集）.xlsx|材料4|472,3,正弦波,正弦波,正弦波,正弦波,三角波,正弦波
附件一（训练集）.xlsx|材料4|473,2,正弦波,正弦波,正弦波,正弦波,三角波,正弦波
附件一（训练集）.xlsx|材料4|474,0,正弦波,正弦波,正弦波,正弦波,三角波,正弦波
附件一（训练集）.xlsx|材料4|475,1,正弦波,正弦波,正弦波,正弦波,三角波,正弦波
附件一（训练集）.xlsx|材料4|476,0,正弦波,正弦波,正弦波,正弦波,三角波,正弦波
附件一（训练集）.xlsx|材料4|477,2,正弦波,正弦波,正弦波,正弦波,三角波,正弦波
附件一（训练集）.xlsx|材料4|478,0,正弦波,正弦波,正弦波,正弦波,正弦波,正弦波
附件一（训练集）.xlsx|材料4|479,0,正弦波,正弦波,正弦波,正弦波,正弦波,正弦波
附件一（训练集）.xlsx|材料4|48,0,正弦波,正弦波,正弦波,正弦波,三角波,正弦波
附件一（训练集）.xlsx|材料4|480,0,正弦波,正弦波,正弦波,正弦波,正弦波,正弦波
附件一（训练集）.xlsx|材料4|481,2,正弦波,正弦波,正弦波,正弦波,正弦波,正弦波
附件一（训练集）.xlsx|材料4|482,4,正弦波,正弦波,正弦波,正弦波,三角波,正弦波
附件一（训练集）.xlsx|材料4|483,0,正弦波,正弦波,正弦波,正弦波,三角波,正弦波
附件一（训练集）.xlsx|材料4|484,2,正弦波,正弦波,正弦波,正弦波,三角波,正弦波
附件一（训练集）.xlsx|材料4|485,3,正弦波,正弦波,正弦波,正弦波,三角波,正弦波
附件一（训练集）.xlsx|材料4|486,1,正弦波,正弦波,正弦波,正弦波,三角波,正弦波
附件一（训练集）.xlsx|材料4|487,2,正弦波,正弦波,正弦波,正弦波,三角波,正弦波
附件一（训练集）.xlsx|材料4|488,2,正弦波,正弦波,正弦波,正弦波,三角波,正弦波
附件一（训练集）.xlsx|材料4|489,0,正弦波,正弦波,正弦波,正弦波,正弦波,正弦波
附件一（训练集）.xlsx|材料4|49,0,正弦波,正弦波,正弦波,正弦波,三角波,正弦波
附件一（训练集）.xlsx|材料4|490,4,正弦波,正弦波,正弦波,正弦波,正弦波,正弦波
附件一（训练集）.xlsx|材料4|491,3,正弦波,正弦波,正弦波,正弦波,正弦波,正弦波
附件一（训练集）.xlsx|材料4|492,1,正弦波,正弦波,正弦波,正弦波,正弦波,正弦波
附件一（训练集）.xlsx|材料4|493,3,正弦波,正弦波,正弦波,正弦波,三角波,正弦波
附件一（训练集）.xlsx|材料4|494,4,正弦波,正弦波,正弦波,正弦波,三角波,正弦波
附件一（训练集）.xlsx|材料4|495,1,正弦波,正弦波,正弦波,正弦波,三角波,正弦波
附件一（训练集）.xlsx|材料4|496,0,正弦波,正弦波,正弦波,正弦波,三角波,正弦波
附件一（训练集）.xlsx|材料4|497,3,正弦波,正弦波,正弦波,正弦波,三角波,正弦波
附件一（训练集）.xlsx|材料4|498,4,正弦波,正弦波,正弦波,正弦波,三角波,正弦波
附件一（训练集）.xlsx|材料4|499,4,正弦波,正弦波,正弦波,正弦波,三角波,正弦波
附件一（训练集）.xlsx|材料4|5,2,正弦波,正弦波,正弦波,正弦波,正弦波,正弦波
附件一（训练集）.xlsx|材料4|50,4,正弦波,正弦波,正弦波,正弦波,三角波,正弦波
附件一（训练集）.xlsx|材料4|500,0,正弦波,正弦波,正弦波,正弦波,三角波,正弦波
附件一（训练集）.xlsx|材料4|501,2,正弦波,正弦波,正弦波,正弦波,三角波,正弦波
附件一（训练集）.xlsx|材料4|502,3,正弦波,正弦波,正弦波,正弦波,三角波,正弦波
附件一（训练集）.xlsx|材料4|503,2,正弦波,正弦波,正弦波,正弦波,正弦波,正弦波
附件一（训练集）.xlsx|材料4|504,0,正弦波,正弦波,正弦波,正弦波,三角波,正弦波
附件一（训练集）.xlsx|材料4|505,0,正弦波,正弦波,正弦波,正弦波,三角波,正弦波
附件一（训练集）.xlsx|材料4|506,4,正弦波,正弦波,正弦波,正弦波,三角波,正弦波
附件一（训练集）.xlsx|材料4|507,1,正弦波,正弦波,正弦波,正弦波,三角波,正弦波
附件一（训练集）.xlsx|材料4|508,1,正弦波,正弦波,正弦波,正弦波,三角波,正弦波
附件一（训练集）.xlsx|材料4|509,3,正弦波,正弦波,正弦波,正弦波,三角波,正弦波
附件一（训练集）.xlsx|材料4|51,1,正弦波,正弦波,正弦波,正弦波,正弦波,正弦波
附件一（训练集）.xlsx|材料4|510,3,正弦波,正弦波,正弦波,正弦波,三角波,正弦波
附件一（训练集）.xlsx|材料4|511,4,正弦波,正弦波,正弦波,正弦波,三角波,正弦波
附件一（训练集）.xlsx|材料4|512,4,正弦波,正弦波,正弦波,正弦波,三角波,正弦波
附件一（训练集）.xlsx|材料4|513,1,正弦波,正弦波,正弦波,正弦波,三角波,正弦波
附件一（训练集）.xlsx|材料4|514,0,正弦波,正弦波,正弦波,正弦波,三角波,正弦波
附件一（训练集）.xlsx|材料4|515,4,正弦波,正弦波,正弦波,正弦波,正弦波,正弦波
附件一（训练集）.xlsx|材料4|516,3,正弦波,正弦波,正弦波,正弦波,正弦波,正弦波
附件一（训练集）.xlsx|材料4|517,0,正弦波,正弦波,正弦波,正弦波,三角波,正弦波
附件一（训练集）.xlsx|材料4|518,3,正弦波,正弦波,正弦波,正弦波,三角波,正弦波
附件一（训练集）.xlsx|材料4|519,4,正弦波,正弦波,正弦波,正弦波,三角波,正弦波
附件一（训练集）.xlsx|材料4|52,1,正弦波,正弦波,正弦波,正弦波,正弦波,正弦波
附件一（训练集）.xlsx|材料4|520,0,正弦波,正弦波,正弦波,正弦波,三角波,正弦波
附件一（训练集）.xlsx|材料4|521,2,正弦波,正弦波,正弦波,正弦波,三角波,正弦波
附件一（训练集）.xlsx|材料4|522,1,正弦波,正弦波,正弦波,正弦波,三角波,正弦波
附件一（训练集）.xlsx|材料4|523,3,正弦波,正弦波,正弦波,正弦波,三角波,正弦波
附件一（训练集）.xlsx|材料4|524,3,正弦波,正弦波,正弦波,正弦波,三角波,正弦波
附件一（训练集）.xlsx|材料4|525,3,正弦波,正弦波,正弦波,正弦波,三角波,正弦波
附件一（训练集）.xlsx|材料4|526,1,正弦波,正弦波,正弦波,正弦波,三角波,正弦波
附件一（训练集）.xlsx|材料4|527,3,正弦波,正弦波,正弦波,正弦波,三角波,正弦波
附件一（训练集）.xlsx|材料4|528,2,正弦波,正弦波,正弦波,正弦波,三角波,正弦波
附件一（训练集）.xlsx|材料4|529,4,正弦波,正弦波,正弦波,正弦波,三角波,正弦波
附件一（训练集）.xlsx|材料4|53,4,正弦波,正弦波,正弦波,正弦波,正弦波,正弦波
附件一（训练集）.xlsx|材料4|530,2,正弦波,正弦波,正弦波,正弦波,三角波,正弦波
附件一（训练集）.xlsx|材料4|531,4,正弦波,正弦波,正弦波,正弦波,三角波,正弦波
附件一（训练集）.xlsx|材料4|532,4,正弦波,正弦波,正弦波,正弦波,三角波,正弦波
附件一（训练集）.xlsx|材料4|533,4,正弦波,正弦波,正弦波,正弦波,三角波,正弦波
附件一（训练集）.xlsx|材料4|534,0,正弦波,正弦波,正弦波,正弦波,三角波,正弦波
附件一（训练集）.xlsx|材料4|535,3,正弦波,正弦波,正弦波,正弦波,三角波,正弦波
附件一（训练集）.xlsx|材料4|536,4,正弦波,正弦波,正弦波,正弦波,三角波,正弦波
附件一（训练集）.xlsx|材料4|537,4,正弦波,正弦波,正弦波,正弦波,三角波,正弦波
附件一（训练集）.xlsx|材料4|538,4,正弦波,正弦波,正弦波,正弦波,三角波,正弦波
附件一（训练集）.xlsx|材料4|539,4,正弦波,正弦波,正弦波,正弦波,三角波,正弦波
附件一（训练集）.xlsx|材料4|54,0,正弦波,正弦波,正弦波,正弦波,正弦波,正弦波
附件一（训练集）.xlsx|材料4|540,2,正弦波,正弦波,正弦波,正弦波,三角波,正弦波
附件一（训练集）.xlsx|材料4|541,0,正弦波,正弦波,正弦波,正弦波,三角波,正弦波
附件一（训练集）.xlsx|材料4|542,2,正弦波,正弦波,正弦波,正弦波,三角波,正弦波
附件一（训练集）.xlsx|材料4|543,2,正弦波,正弦波,正弦波,正弦波,三角波,正弦波
附件一（训练集）.xlsx|材料4|544,2,正弦波,正弦波,正弦波,正弦波,三角波,正弦波
附件一（训练集）.xlsx|材料4|545,2,正弦波,正弦波,正弦波,正弦波,三角波,正弦波
附件一（训练集）.xlsx|材料4|546,4,正弦波,正弦波,正弦波,正弦波,三角波,正弦波
附件一（训练集）.xlsx|材料4|547,0,正弦波,正弦波,正弦波,正弦波,三角波,正弦波
附件一（训练集）.xlsx|材料4|548,1,正弦波,正弦波,正弦波,正弦波,三角波,正弦波
附件一（训练集）.xlsx|材料4|549,4,正弦波,正弦波,正弦波,正弦波,三角波,正弦波
附件一（训练集）.xlsx|材料4|55,4,正弦波,正弦波,正弦波,正弦波,正弦波,正弦波
附件一（训练集）.xlsx|材料4|550,2,正弦波,正弦波,正弦波,正弦波,三角波,正弦波
附件一（训练集）.xlsx|材料4|551,4,正弦波,正弦波,正弦波,正弦波,三角波,正弦波
附件一（训练集）.xlsx|材料4|552,2,正弦波,正弦波,正弦波,正弦波,三角波,正弦波
附件一（训练集）.xlsx|材料4|553,2,正弦波,正弦波,正弦波,正弦波,三角波,正弦波
附件一（训练集）.xlsx|材料4|554,1,正弦波,正弦波,正弦波,正弦波,三角波,正弦波
附件一（训练集）.xlsx|材料4|555,0,正弦波,正弦波,正弦波,正弦波,三角波,正弦波
附件一（训练集）.xlsx|材料4|556,0,正弦波,正弦波,正弦波,正弦波,三角波,正弦波
附件一（训练集）.xlsx|材料4|557,2,正弦波,正弦波,正弦波,正弦波,三角波,正弦波
附件一（训练集）.xlsx|材料4|558,3,正弦波,正弦波,正弦波,正弦波,三角波,正弦波
附件一（训练集）.xlsx|材料4|559,4,正弦波,正弦波,正弦波,正弦波,三角波,正弦波
附件一（训练集）.xlsx|材料4|56,3,正弦波,正弦波,正弦波,正弦波,三角波,正弦波
附件一（训练集）.xlsx|材料4|560,4,正弦波,正弦波,正弦波,正弦波,三角波,正弦波
附件一（训练集）.xlsx|材料4|561,4,正弦波,正弦波,正弦波,正弦波,三角波,正弦波
附件一（训练集）.xlsx|材料4|562,0,正弦波,正弦波,正弦波,正弦波,三角波,正弦波
附件一（训练集）.xlsx|材料4|563,0,正弦波,正弦波,正弦波,正弦波,三角波,正弦波
附件一（训练集）.xlsx|材料4|564,4,正弦波,正弦波,正弦波,正弦波,三角波,正弦波
附件一（训练集）.xlsx|材料4|565,1,正弦波,正弦波,正弦波,正弦波,三角波,正弦波
附件一（训练集）.xlsx|材料4|566,4,正弦波,正弦波,正弦波,正弦波,三角波,正弦波
附件一（训练集）.xlsx|材料4|567,2,正弦波,正弦波,正弦波,正弦波,三角波,正弦波
附件一（训练集）.xlsx|材料4|568,4,正弦波,正弦波,正弦波,正弦波,三角波,正弦波
附件一（训练集）.xlsx|材料4|569,4,正弦波,正弦波,正弦波,正弦波,三角波,正弦波
附件一（训练集）.xlsx|材料4|57,0,正弦波,正弦波,正弦波,正弦波,三角波,正弦波
附件一（训练集）.xlsx|材料4|570,4,正弦波,正弦波,正弦波,正弦波,三角波,正弦波
附件一（训练集）.xlsx|材料4|571,4,正弦波,正弦波,正弦波,正弦波,三角波,正弦波
附件一（训练集）.xlsx|材料4|572,4,正弦波,正弦波,正弦波,正弦波,三角波,正弦波
附件一（训练集）.xlsx|材料4|573,0,正弦波,正弦波,正弦波,正弦波,三角波,正弦波
附件一（训练集）.xlsx|材料4|574,4,正弦波,正弦波,正弦波,正弦波,三角波,正弦波
附件一（训练集）.xlsx|材料4|575,2,正弦波,正弦波,正弦波,正弦波,三角波,正弦波
附件一（训练集）.xlsx|材料4|576,3,正弦波,正弦波,正弦波,正弦波,三角波,正弦波
附件一（训练集）.xlsx|材料4|577,3,正弦波,正弦波,正弦波,正弦波,三角波,正弦波
附件一（训练集）.xlsx|材料4|578,1,正弦波,正弦波,正弦波,正弦波,三角波,正弦波
附件一（训练集）.xlsx|材料4|579,3,正弦波,正弦波,正弦波,正弦波,三角波,正弦波
附件一（训练集）.xlsx|材料4|58,2,正弦波,正弦波,正弦波,正弦波,三角波,正弦波
附件一（训练集）.xlsx|材料4|580,0,正弦波,正弦波,正弦波,正弦波,三角波,正弦波
附件一（训练集）.xlsx|材料4|581,1,正弦波,正弦波,正弦波,正弦波,三角波,正弦波
附件一（训练集）.xlsx|材料4|582,0,正弦波,正弦波,正弦波,正弦波,三角波,正弦波
附件一（训练集）.xlsx|材料4|583,4,正弦波,正弦波,正弦波,正弦波,三角波,正弦波
附件一（训练集）.xlsx|材料4|584,4,正弦波,正弦波,正弦波,正弦波,三角波,正弦波
附件一（训练集）.xlsx|材料4|585,0,正弦波,正弦波,正弦波,正弦波,三角波,正弦波
附件一（训练集）.xlsx|材料4|586,4,正弦波,正弦波,正弦波,正弦波,三角波,正弦波
附件一（训练集）.xlsx|材料4|587,4,正弦波,正弦波,正弦波,正弦波,三角波,正弦波
附件一（训练集）.xlsx|材料4|588,2,正弦波,正弦波,正弦波,正弦波,三角波,正弦波
附件一（训练集）.xlsx|材料4|589,2,正弦波,正弦波,正弦波,正弦波,三角波,正弦波
附件一（训练集）.xlsx|材料4|59,1,正弦波,正弦波,正弦波,正弦波,正弦波,正弦波
附件一（训练集）.xlsx|材料4|590,4,正弦波,正弦波,正弦波,正弦波,三角波,正弦波
附件一（训练集）.xlsx|材料4|591,1,正弦波,正弦波,正弦波,正弦波,三角波,正弦波
附件一（训练集）.xlsx|材料4|592,4,正弦波,正弦波,正弦波,正弦波,三角波,正弦波
附件一（训练集）.xlsx|材料4|593,0,正弦波,正弦波,正弦波,正弦波,三角波,正弦波
附件一（训练集）.xlsx|材料4|594,4,正弦波,正弦波,正弦波,正弦波,三角波,正弦波
附件一（训练集）.xlsx|材料4|595,4,正弦波,正弦波,正弦波,正弦波,三角波,正弦波
附件一（训练集）.xlsx|材料4|596,3,正弦波,正弦波,正弦波,正弦波,三角波,正弦波
附件一（训练集）.xlsx|材料4|597,4,正弦波,正弦波,正弦波,正弦波,三角波,正弦波
附件一（训练集）.xlsx|材料4|598,0,正弦波,正弦波,正弦波,正弦波,三角波,正弦波
附件一（训练集）.xlsx|材料4|599,2,正弦波,正弦波,正弦波,正弦波,三角波,正弦波
附件一（训练集）.xlsx|材料4|6,0,正弦波,正弦波,正弦波,正弦波,正弦波,正弦波
附件一（训练集）.xlsx|材料4|60,4,正弦波,正弦波,正弦波,正弦波,正弦波,正弦波
附件一（训练集）.xlsx|材料4|600,4,正弦波,正弦波,正弦波,正弦波,三角波,正弦波
附件一（训练集）.xlsx|材料4|601,4,正弦波,正弦波,正弦波,正弦波,三角波,正弦波
附件一（训练集）.xlsx|材料4|602,4,正弦波,正弦波,正弦波,正弦波,三角波,正弦波
附件一（训练集）.xlsx|材料4|603,4,正弦波,正弦波,正弦波,正弦波,三角波,正弦波
附件一（训练集）.xlsx|材料4|604,3,正弦波,正弦波,正弦波,正弦波,三角波,正弦波
附件一（训练集）.xlsx|材料4|605,1,正弦波,正弦波,正弦波,正弦波,三角波,正弦波
附件一（训练集）.xlsx|材料4|606,4,正弦波,正弦波,正弦波,正弦波,三角波,正弦波
附件一（训练集）.xlsx|材料4|607,4,正弦波,正弦波,正弦波,正弦波,三角波,正弦波
附件一（训练集）.xlsx|材料4|608,0,正弦波,正弦波,正弦波,正弦波,三角波,正弦波
附件一（训练集）.xlsx|材料4|609,0,正弦波,正弦波,正弦波,正弦波,三角波,正弦波
附件一（训练集）.xlsx|材料4|61,3,正弦波,正弦波,正弦波,正弦波,正弦波,正弦波
附件一（训练集）.xlsx|材料4|610,4,正弦波,正弦波,正弦波,正弦波,三角波,正弦波
附件一（训练集）.xlsx|材料4|611,1,正弦波,正弦波,正弦波,正弦波,三角波,正弦波
附件一（训练集）.xlsx|材料4|612,3,正弦波,正弦波,正弦波,正弦波,三角波,正弦波
附件一（训练集）.xlsx|材料4|613,1,正弦波,正弦波,正弦波,正弦波,三角波,正弦波
附件一（训练集）.xlsx|材料4|614,1,正弦波,正弦波,正弦波,正弦波,三角波,正弦波
附件一（训练集）.xlsx|材料4|615,0,正弦波,正弦波,正弦波,正弦波,三角波,正弦波
附件一（训练集）.xlsx|材料4|616,0,正弦波,正弦波,正弦波,正弦波,三角波,正弦波
附件一（训练集）.xlsx|材料4|617,4,正弦波,正弦波,正弦波,正弦波,三角波,正弦波
附件一（训练集）.xlsx|材料4|618,4,正弦波,正弦波,正弦波,正弦波,三角波,正弦波
附件一（训练集）.xlsx|材料4|619,3,正弦波,正弦波,正弦波,正弦波,三角波,正弦波
附件一（训练集）.xlsx|材料4|62,3,正弦波,正弦波,正弦波,正弦波,正弦波,正弦波
附件一（训练集）.xlsx|材料4|620,4,正弦波,正弦波,正弦波,正弦波,三角波,正弦波
附件一（训练集）.xlsx|材料4|621,2,正弦波,正弦波,正弦波,正弦波,三角波,正弦波
附件一（训练集）.xlsx|材料4|622,0,正弦波,正弦波,正弦波,正弦波,三角波,正弦波
附件一（训练集）.xlsx|材料4|623,0,正弦波,正弦波,正弦波,正弦波,三角波,正弦波
附件一（训练集）.xlsx|材料4|624,0,正弦波,正弦波,正弦波,正弦波,三角波,正弦波
附件一（训练集）.xlsx|材料4|625,1,正弦波,正弦波,正弦波,正弦波,三角波,正弦波
附件一（训练集）.xlsx|材料4|626,0,正弦波,正弦波,正弦波,正弦波,正弦波,正弦波
附件一（训练集）.xlsx|材料4|627,4,正弦波,正弦波,正弦波,正弦波,正弦波,正弦波
附件一（训练集）.xlsx|材料4|628,4,正弦波,正弦波,正弦波,正弦波,正弦波,正弦波
附件一（训练集）.xlsx|材料4|629,2,正弦波,正弦波,正弦波,正弦波,正弦波,正弦波
附件一（训练集）.xlsx|材料4|63,1,正弦波,正弦波,正弦波,正弦波,正弦波,正弦波
附件一（训练集）.xlsx|材料4|630,2,正弦波,正弦波,正弦波,正弦波,正弦波,正弦波
附件一（训练集）.xlsx|材料4|631,4,正弦波,正弦波,正弦波,正弦波,正弦波,正弦波
附件一（训练集）.xlsx|材料4|632,0,正弦波,正弦波,正弦波,正弦波,正弦波,正弦波
附件一（训练集）.xlsx|材料4|633,0,正弦波,正弦波,正弦波,正弦波,正弦波,正弦波
附件一（训练集）.xlsx|材料4|634,0,正弦波,正弦波,正弦波,正弦波,正弦波,正弦波
附件一（训练集）.xlsx|材料4|635,2,正弦波,正弦波,正弦波,正弦波,正弦波,正弦波
附件一（训练集）.xlsx|材料4|636,3,正弦波,正弦波,正弦波,正弦波,三角波,正弦波
附件一（训练集）.xlsx|材料4|637,0,正弦波,正弦波,正弦波,正弦波,三角波,正弦波
附件一（训练集）.xlsx|材料4|638,1,正弦波,正弦波,正弦波,正弦波,正弦波,正弦波
附件一（训练集）.xlsx|材料4|639,3,正弦波,正弦波,正弦波,正弦波,正弦波,正弦波
附件一（训练集）.xlsx|材料4|64,2,正弦波,正弦波,正弦波,正弦波,正弦波,正弦波
附件一（训练集）.xlsx|材料4|640,1,正弦波,正弦波,正弦波,正弦波,正弦波,正弦波
附件一（训练集）.xlsx|材料4|641,1,正弦波,正弦波,正弦波,正弦波,正弦波,正弦波
附件一（训练集）.xlsx|材料4|642,2,正弦波,正弦波,正弦波,正弦波,正弦波,正弦波
附件一（训练集）.xlsx|材料4|643,1,正弦波,正弦波,正弦波,正弦波,正弦波,正弦波
附件一（训练集）.xlsx|材料4|644,1,正弦波,正弦波,正弦波,正弦波,三角波,正弦波
附件一（训练集）.xlsx|材料4|645,3,正弦波,正弦波,正弦波,正弦波,三角波,正弦波
附件一（训练集）.xlsx|材料4|646,2,正弦波,正弦波,正弦波,正弦波,三角波,正弦波
附件一（训练集）.xlsx|材料4|647,3,正弦波,正弦波,正弦波,正弦波,三角波,正弦波
附件一（训练集）.xlsx|材料4|648,3,正弦波,正弦波,正弦波,正弦波,正弦波,正弦波
附件一（训练集）.xlsx|材料4|649,4,正弦波,正弦波,正弦波,正弦波,正弦波,正弦波
附件一（训练集）.xlsx|材料4|65,1,正弦波,正弦波,正弦波,正弦波,三角波,正弦波
附件一（训练集）.xlsx|材料4|650,4,正弦波,正弦波,正弦波,正弦波,正弦波,正弦波
附件一（训练集）.xlsx|材料4|651,0,正弦波,正弦波,正弦波,正弦波,正弦波,正弦波
附件一（训练集）.xlsx|材料4|652,3,正弦波,正弦波,正弦波,正弦波,三角波,正弦波
附件一（训练集）.xlsx|材料4|653,4,正弦波,正弦波,正弦波,正弦波,三角波,正弦波
附件一（训练集）.xlsx|材料4|654,0,正弦波,正弦波,正弦波,正弦波,三角波,正弦波
附件一（训练集）.xlsx|材料4|655,4,正弦波,正弦波,正弦波,正弦波,三角波,正弦波
附件一（训练集）.xlsx|材料4|656,2,正弦波,正弦波,正弦波,正弦波,三角波,正弦波
附件一（训练集）.xlsx|材料4|657,0,正弦波,正弦波,正弦波,正弦波,正弦波,正弦波
附件一（训练集）.xlsx|材料4|658,3,正弦波,正弦波,正弦波,正弦波,正弦波,正弦波
附件一（训练集）.xlsx|材料4|659,4,正弦波,正弦波,正弦波,正弦波,正弦波,正弦波
附件一（训练集）.xlsx|材料4|66,0,正弦波,正弦波,正弦波,正弦波,三角波,正弦波
附件一（训练集）.xlsx|材料4|660,3,正弦波,正弦波,正弦波,正弦波,正弦波,正弦波
附件一（训练集）.xlsx|材料4|661,4,正弦波,正弦波,正弦波,正弦波,正弦波,正弦波
附件一（训练集）.xlsx|材料4|662,2,正弦波,正弦波,正弦波,正弦波,正弦波,正弦波
附件一（训练集）.xlsx|材料4|663,0,正弦波,正弦波,正弦波,正弦波,三角波,正弦波
附件一（训练集）.xlsx|材料4|664,0,正弦波,正弦波,正弦波,正弦波,三角波,正弦波
附件一（训练集）.xlsx|材料4|665,3,正弦波,正弦波,正弦波,正弦波,三角波,正弦波
附件一（训练集）.xlsx|材料4|666,3,正弦波,正弦波,正弦波,正弦波,三角波,正弦波
附件一（训练集）.xlsx|材料4|667,4,正弦波,正弦波,正弦波,正弦波,三角波,正弦波
附件一（训练集）.xlsx|材料4|668,1,正弦波,正弦波,正弦波,正弦波,正弦波,正弦波
附件一（训练集）.xlsx|材料4|669,3,正弦波,正弦波,正弦波,正弦波,正弦波,正弦波
附件一（训练集）.xlsx|材料4|67,0,正弦波,正弦波,正弦波,正弦波,三角波,正弦波
附件一（训练集）.xlsx|材料4|670,3,正弦波,正弦波,正弦波,正弦波,正弦波,正弦波
附件一（训练集）.xlsx|材料4|671,2,正弦波,正弦波,正弦波,正弦波,正弦波,正弦波
附件一（训练集）.xlsx|材料4|672,1,正弦波,正弦波,正弦波,正弦波,三角波,正弦波
附件一（训练集）.xlsx|材料4|673,0,正弦波,正弦波,正弦波,正弦波,三角波,正弦波
附件一（训练集）.xlsx|材料4|674,4,正弦波,正弦波,正弦波,正弦波,三角波,正弦波
附件一（训练集）.xlsx|材料4|675,2,正弦波,正弦波,正弦波,正弦波,三角波,正弦波
附件一（训练集）.xlsx|材料4|676,1,正弦波,正弦波,正弦波,正弦波,三角波,正弦波
附件一（训练集）.xlsx|材料4|677,2,正弦波,正弦波,正弦波,正弦波,三角波,正弦波
附件一（训练集）.xlsx|材料4|678,0,正弦波,正弦波,正弦波,正弦波,三角波,正弦波
附件一（训练集）.xlsx|材料4|679,2,正弦波,正弦波,正弦波,正弦波,三角波,正弦波
附件一（训练集）.xlsx|材料4|68,1,正弦波,正弦波,正弦波,正弦波,三角波,正弦波
附件一（训练集）.xlsx|材料4|680,1,正弦波,正弦波,正弦波,正弦波,三角波,正弦波
附件一（训练集）.xlsx|材料4|681,2,正弦波,正弦波,正弦波,正弦波,正弦波,正弦波
附件一（训练集）.xlsx|材料4|682,4,正弦波,正弦波,正弦波,正弦波,正弦波,正弦波
附件一（训练集）.xlsx|材料4|683,0,正弦波,正弦波,正弦波,正弦波,正弦波,正弦波
附件一（训练集）.xlsx|材料4|684,1,正弦波,正弦波,正弦波,正弦波,正弦波,正弦波
附件一（训练集）.xlsx|材料4|685,4,正弦波,正弦波,正弦波,正弦波,正弦波,正弦波
附件一（训练集）.xlsx|材料4|686,3,正弦波,正弦波,正弦波,正弦波,三角波,正弦波
附件一（训练集）.xlsx|材料4|687,4,正弦波,正弦波,正弦波,正弦波,三角波,正弦波
附件一（训练集）.xlsx|材料4|688,3,正弦波,正弦波,正弦波,正弦波,三角波,正弦波
附件一（训练集）.xlsx|材料4|689,0,正弦波,正弦波,正弦波,正弦波,三角波,正弦波
附件一（训练集）.xlsx|材料4|69,0,正弦波,正弦波,正弦波,正弦波,三角波,正弦波
附件一（训练集）.xlsx|材料4|690,4,正弦波,正弦波,正弦波,正弦波,三角波,正弦波
附件一（训练集）.xlsx|材料4|691,1,正弦波,正弦波,正弦波,正弦波,三角波,正弦波
附件一（训练集）.xlsx|材料4|692,0,正弦波,正弦波,正弦波,正弦波,正弦波,正弦波
附件一（训练集）.xlsx|材料4|693,3,正弦波,正弦波,正弦波,正弦波,正弦波,正弦波
附件一（训练集）.xlsx|材料4|694,4,正弦波,正弦波,正弦波,正弦波,正弦波,正弦波
附件一（训练集）.xlsx|材料4|695,2,正弦波,正弦波,正弦波,正弦波,三角波,正弦波
附件一（训练集）.xlsx|材料4|696,2,正弦波,正弦波,正弦波,正弦波,三角波,正弦波
附件一（训练集）.xlsx|材料4|697,2,正弦波,正弦波,正弦波,正弦波,三角波,正弦波
附件一（训练集）.xlsx|材料4|698,1,正弦波,正弦波,正弦波,正弦波,三角波,正弦波
附件一（训练集）.xlsx|材料4|699,1,正弦波,正弦波,正弦波,正弦波,三角波,正弦波
附件一（训练集）.xlsx|材料4|7,0,正弦波,正弦波,正弦波,正弦波,正弦波,正弦波
附件一（训练集）.xlsx|材料4|70,3,正弦波,正弦波,正弦波,正弦波,三角波,正弦波
附件一（训练集）.xlsx|材料4|700,4,正弦波,正弦波,正弦波,正弦波,三角波,正弦波
附件一（训练集）.xlsx|材料4|701,2,正弦波,正弦波,正弦波,正弦波,三角波,正弦波
附件一（训练集）.xlsx|材料4|702,1,正弦波,正弦波,正弦波,正弦波,三角波,正弦波
附件一（训练集）.xlsx|材料4|703,2,正弦波,正弦波,正弦波,正弦波,正弦波,正弦波
附件一（训练集）.xlsx|材料4|704,0,正弦波,正弦波,正弦波,正弦波,正弦波,正弦波
附件一（训练集）.xlsx|材料4|705,0,正弦波,正弦波,正弦波,正弦波,三角波,正弦波
附件一（训练集）.xlsx|材料4|706,3,正弦波,正弦波,正弦波,正弦波,三角波,正弦波
附件一（训练集）.xlsx|材料4|707,1,正弦波,正弦波,正弦波,正弦波,三角波,正弦波
附件一（训练集）.xlsx|材料4|708,2,正弦波,正弦波,正弦波,正弦波,三角波,正弦波
附件一（训练集）.xlsx|材料4|709,4,正弦波,正弦波,正弦波,正弦波,三角波,正弦波
附件一（训练集）.xlsx|材料4|71,1,正弦波,正弦波,正弦波,正弦波,三角波,正弦波
附件一（训练集）.xlsx|材料4|710,4,正弦波,正弦波,正弦波,正弦波,三角波,正弦波
附件一（训练集）.xlsx|材料4|711,0,正弦波,正弦波,正弦波,正弦波,三角波,正弦波
附件一（训练集）.xlsx|材料4|712,3,正弦波,正弦波,正弦波,正弦波,三角波,正弦波
附件一（训练集）.xlsx|材料4|713,1,正弦波,正弦波,正弦波,正弦波,正弦波,正弦波
附件一（训练集）.xlsx|材料4|714,0,正弦波,正弦波,正弦波,正弦波,正弦波,正弦波
附件一（训练集）.xlsx|材料4|715,1,正弦波,正弦波,正弦波,正弦波,三角波,正弦波
附件一（训练集）.xlsx|材料4|716,1,正弦波,正弦波,正弦波,正弦波,三角波,正弦波
附件一（训练集）.xlsx|材料4|717,0,正弦波,正弦波,正弦波,正弦波,三角波,正弦波
附件一（训练集）.xlsx|材料4|718,0,正弦波,正弦波,正弦波,正弦波,三角波,正弦波
附件一（训练集）.xlsx|材料4|719,0,正弦波,正弦波,正弦波,正弦波,三角波,正弦波
附件一（训练集）.xlsx|材料4|72,1,正弦波,正弦波,正弦波,正弦波,正弦波,正弦波
附件一（训练集）.xlsx|材料4|720,4,正弦波,正弦波,正弦波,正弦波,三角波,正弦波
附件一（训练集）.xlsx|材料4|721,1,正弦波,正弦波,正弦波,正弦波,三角波,正弦波
附件一（训练集）.xlsx|材料4|722,3,正弦波,正弦波,正弦波,正弦波,三角波,正弦波
附件一（训练集）.xlsx|材料4|723,1,正弦波,正弦波,正弦波,正弦波,三角波,正弦波
附件一（训练集）.xlsx|材料4|724,3,正弦波,正弦波,正弦波,正弦波,三角波,正弦波
附件一（训练集）.xlsx|材料4|725,4,正弦波,正弦波,正弦波,正弦波,三角波,正弦波
附件一（训练集）.xlsx|材料4|726,4,正弦波,正弦波,正弦波,正弦波,三角波,正弦波
附件一（训练集）.xlsx|材料4|727,2,正弦波,正弦波,正弦波,正弦波,正弦波,正弦波
附件一（训练集）.xlsx|材料4|728,4,正弦波,正弦波,正弦波,正弦波,正弦波,正弦波
附件一（训练集）.xlsx|材料4|729,2,正弦波,正弦波,正弦波,正弦波,正弦波,正弦波
附件一（训练集）.xlsx|材料4|73,4,正弦波,正弦波,正弦波,正弦波,正弦波,正弦波
附件一（训练集）.xlsx|材料4|730,3,正弦波,正弦波,正弦波,正弦波,三角波,正弦波
附件一（训练集）.xlsx|材料4|731,4,正弦波,正弦波,正弦波,正弦波,三角波,正弦波
附件一（训练集）.xlsx|材料4|732,0,正弦波,正弦波,正弦波,正弦波,三角波,正弦波
附件一（训练集）.xlsx|材料4|733,1,正弦波,正弦波,正弦波,正弦波,三角波,正弦波
附件一（训练集）.xlsx|材料4|734,4,正弦波,正弦波,正弦波,正弦波,三角波,正弦波
附件一（训练集）.xlsx|材料4|735,4,正弦波,正弦波,正弦波,正弦波,三角波,正弦波
附件一（训练集）.xlsx|材料4|736,3,正弦波,正弦波,正弦波,正弦波,三角波,正弦波
附件一（训练集）.xlsx|材料4|737,1,正弦波,正弦波,正弦波,正弦波,三角波,正弦波
附件一（训练集）.xlsx|材料4|738,3,正弦波,正弦波,正弦波,正弦波,三角波,正弦波
附件一（训练集）.xlsx|材料4|739,2,正弦波,正弦波,正弦波,正弦波,三角波,正弦波
附件一（训练集）.xlsx|材料4|74,3,正弦波,正弦波,正弦波,正弦波,三角波,正弦波
附件一（训练集）.xlsx|材料4|740,2,正弦波,正弦波,正弦波,正弦波,三角波,正弦波
附件一（训练集）.xlsx|材料4|741,1,正弦波,正弦波,正弦波,正弦波,正弦波,正弦波
附件一（训练集）.xlsx|材料4|742,4,正弦波,正弦波,正弦波,正弦波,正弦波,正弦波
附件一（训练集）.xlsx|材料4|743,4,正弦波,正弦波,正弦波,正弦波,三角波,正弦波
附件一（训练集）.xlsx|材料4|744,1,正弦波,正弦波,正弦波,正弦波,三角波,正弦波
附件一（训练集）.xlsx|材料4|745,2,正弦波,正弦波,正弦波,正弦波,三角波,正弦波
附件一（训练集）.xlsx|材料4|746,1,正弦波,正弦波,正弦波,正弦波,三角波,正弦波
附件一（训练集）.xlsx|材料4|747,1,正弦波,正弦波,正弦波,正弦波,三角波,正弦波
附件一（训练集）.xlsx|材料4|748,1,正弦波,正弦波,正弦波,正弦波,三角波,正弦波
附件一（训练集）.xlsx|材料4|749,0,正弦波,正弦波,正弦波,正弦波,三角波,正弦波
附件一（训练集）.xlsx|材料4|75,0,正弦波,正弦波,正弦波,正弦波,三角波,正弦波
附件一（训练集）.xlsx|材料4|750,0,正弦波,正弦波,正弦波,正弦波,三角波,正弦波
附件一（训练集）.xlsx|材料4|751,0,正弦波,正弦波,正弦波,正弦波,三角波,正弦波
附件一（训练集）.xlsx|材料4|752,3,正弦波,正弦波,正弦波,正弦波,三角波,正弦波
附件一（训练集）.xlsx|材料4|753,4,正弦波,正弦波,正弦波,正弦波,三角波,正弦波
附件一（训练集）.xlsx|材料4|754,1,正弦波,正弦波,正弦波,正弦波,三角波,正弦波
附件一（训练集）.xlsx|材料4|755,3,正弦波,正弦波,正弦波,正弦波,三角波,正弦波
附件一（训练集）.xlsx|材料4|756,2,正弦波,正弦波,正弦波,正弦波,三角波,正弦波
附件一（训练集）.xlsx|材料4|757,0,正弦波,正弦波,正弦波,正弦波,三角波,正弦波
附件一（训练集）.xlsx|材料4|758,2,正弦波,正弦波,正弦波,正弦波,三角波,正弦波
附件一（训练集）.xlsx|材料4|759,1,正弦波,正弦波,正弦波,正弦波,三角波,正弦波
附件一（训练集）.xlsx|材料4|76,2,正弦波,正弦波,正弦波,正弦波,三角波,正弦波
附件一（训练集）.xlsx|材料4|760,3,正弦波,正弦波,正弦波,正弦波,三角波,正弦波
附件一（训练集）.xlsx|材料4|761,3,正弦波,正弦波,正弦波,正弦波,三角波,正弦波
附件一（训练集）.xlsx|材料4|762,1,正弦波,正弦波,正弦波,正弦波,三角波,正弦波
附件一（训练集）.xlsx|材料4|763,2,正弦波,正弦波,正弦波,正弦波,三角波,正弦波
附件一（训练集）.xlsx|材料4|764,3,正弦波,正弦波,正弦波,正弦波,三角波,正弦波
附件一（训练集）.xlsx|材料4|765,2,正弦波,正弦波,正弦波,正弦波,三角波,正弦波
附件一（训练集）.xlsx|材料4|766,1,正弦波,正弦波,正弦波,正弦波,三角波,正弦波
附件一（训练集）.xlsx|材料4|767,0,正弦波,正弦波,正弦波,正弦波,三角波,正弦波
附件一（训练集）.xlsx|材料4|768,4,正弦波,正弦波,正弦波,正弦波,三角波,正弦波
附件一（训练集）.xlsx|材料4|769,1,正弦波,正弦波,正弦波,正弦波,三角波,正弦波
附件一（训练集）.xlsx|材料4|77,2,正弦波,正弦波,正弦波,正弦波,三角波,正弦波
附件一（训练集）.xlsx|材料4|770,2,正弦波,正弦波,正弦波,正弦波,三角波,正弦波
附件一（训练集）.xlsx|材料4|771,2,正弦波,正弦波,正弦波,正弦波,三角波,正弦波
附件一（训练集）.xlsx|材料4|772,1,正弦波,正弦波,正弦波,正弦波,三角波,正弦波
附件一（训练集）.xlsx|材料4|773,2,正弦波,正弦波,正弦波,正弦波,三角波,正弦波
附件一（训练集）.xlsx|材料4|774,1,正弦波,正弦波,正弦波,正弦波,三角波,正弦波
附件一（训练集）.xlsx|材料4|775,2,正弦波,正弦波,正弦波,正弦波,三角波,正弦波
附件一（训练集）.xlsx|材料4|776,0,正弦波,正弦波,正弦波,正弦波,三角波,正弦波
附件一（训练集）.xlsx|材料4|777,0,正弦波,正弦波,正弦波,正弦波,三角波,正弦波
附件一（训练集）.xlsx|材料4|778,3,正弦波,正弦波,正弦波,正弦波,三角波,正弦波
附件一（训练集）.xlsx|材料4|779,0,正弦波,正弦波,正弦波,正弦波,三角波,正弦波
附件一（训练集）.xlsx|材料4|78,2,正弦波,正弦波,正弦波,正弦波,三角波,正弦波
附件一（训练集）.xlsx|材料4|780,1,正弦波,正弦波,正弦波,正弦波,三角波,正弦波
附件一（训练集）.xlsx|材料4|781,2,正弦波,正弦波,正弦波,正弦波,三角波,正弦波
附件一（训练集）.xlsx|材料4|782,1,正弦波,正弦波,正弦波,正弦波,三角波,正弦波
附件一（训练集）.xlsx|材料4|783,1,正弦波,正弦波,正弦波,正弦波,三角波,正弦波
附件一（训练集）.xlsx|材料4|784,4,正弦波,正弦波,正弦波,正弦波,三角波,正弦波
附件一（训练集）.xlsx|材料4|785,0,正弦波,正弦波,正弦波,正弦波,三角波,正弦波
附件一（训练集）.xlsx|材料4|786,4,正弦波,正弦波,正弦波,正弦波,三角波,正弦波
附件一（训练集）.xlsx|材料4|787,0,正弦波,正弦波,正弦波,正弦波,三角波,正弦波
附件一（训练集）.xlsx|材料4|788,4,正弦波,正弦波,正弦波,正弦波,三角波,正弦波
附件一（训练集）.xlsx|材料4|789,4,正弦波,正弦波,正弦波,正弦波,三角波,正弦波
附件一（训练集）.xlsx|材料4|79,1,正弦波,正弦波,正弦波,正弦波,三角波,正弦波
附件一（训练集）.xlsx|材料4|790,1,正弦波,正弦波,正弦波,正弦波,三角波,正弦波
附件一（训练集）.xlsx|材料4|791,2,正弦波,正弦波,正弦波,正弦波,三角波,正弦波
附件一（训练集）.xlsx|材料4|792,4,正弦波,正弦波,正弦波,正弦波,三角波,正弦波
附件一（训练集）.xlsx|材料4|793,0,正弦波,正弦波,正弦波,正弦波,三角波,正弦波
附件一（训练集）.xlsx|材料4|794,0,正弦波,正弦波,正弦波,正弦波,三角波,正弦波
附件一（训练集）.xlsx|材料4|795,2,正弦波,正弦波,正弦波,正弦波,三角波,正弦波
附件一（训练集）.xlsx|材料4|796,0,正弦波,正弦波,正弦波,正弦波,三角波,正弦波
附件一（训练集）.xlsx|材料4|797,0,正弦波,正弦波,正弦波,正弦波,三角波,正弦波
附件一（训练集）.xlsx|材料4|798,3,正弦波,正弦波,正弦波,正弦波,三角波,正弦波
附件一（训练集）.xlsx|材料4|799,0,正弦波,正弦波,正弦波,正弦波,三角波,正弦波
附件一（训练集）.xlsx|材料4|8,2,正弦波,正弦波,正弦波,正弦波,正弦波,正弦波
附件一（训练集）.xlsx|材料4|80,3,正弦波,正弦波,正弦波,正弦波,三角波,正弦波
附件一（训练集）.xlsx|材料4|800,4,正弦波,正弦波,正弦波,正弦波,三角波,正弦波
附件一（训练集）.xlsx|材料4|801,2,正弦波,正弦波,正弦波,正弦波,三角波,正弦波
附件一（训练集）.xlsx|材料4|802,2,正弦波,正弦波,正弦波,正弦波,三角波,正弦波
附件一（训练集）.xlsx|材料4|803,4,正弦波,正弦波,正弦波,正弦波,三角波,正弦波
附件一（训练集）.xlsx|材料4|804,0,正弦波,正弦波,正弦波,正弦波,三角波,正弦波
附件一（训练集）.xlsx|材料4|805,0,正弦波,正弦波,正弦波,正弦波,三角波,正弦波
附件一（训练集）.xlsx|材料4|806,3,正弦波,正弦波,正弦波,正弦波,三角波,正弦波
附件一（训练集）.xlsx|材料4|807,2,正弦波,正弦波,正弦波,正弦波,三角波,正弦波
附件一（训练集）.xlsx|材料4|808,1,正弦波,正弦波,正弦波,正弦波,三角波,正弦波
附件一（训练集）.xlsx|材料4|809,0,正弦波,正弦波,正弦波,正弦波,三角波,正弦波
附件一（训练集）.xlsx|材料4|81,2,正弦波,正弦波,正弦波,正弦波,三角波,正弦波
附件一（训练集）.xlsx|材料4|810,2,正弦波,正弦波,正弦波,正弦波,三角波,正弦波
附件一（训练集）.xlsx|材料4|811,0,正弦波,正弦波,正弦波,正弦波,三角波,正弦波
附件一（训练集）.xlsx|材料4|812,2,正弦波,正弦波,正弦波,正弦波,三角波,正弦波
附件一（训练集）.xlsx|材料4|813,2,正弦波,正弦波,正弦波,正弦波,三角波,正弦波
附件一（训练集）.xlsx|材料4|814,2,正弦波,正弦波,正弦波,正弦波,三角波,正弦波
附件一（训练集）.xlsx|材料4|815,3,正弦波,正弦波,正弦波,正弦波,三角波,正弦波
附件一（训练集）.xlsx|材料4|816,2,正弦波,正弦波,正弦波,正弦波,三角波,正弦波
附件一（训练集）.xlsx|材料4|817,4,正弦波,正弦波,正弦波,正弦波,三角波,正弦波
附件一（训练集）.xlsx|材料4|818,2,正弦波,正弦波,正弦波,正弦波,三角波,正弦波
附件一（训练集）.xlsx|材料4|819,3,正弦波,正弦波,正弦波,正弦波,三角波,正弦波
附件一（训练集）.xlsx|材料4|82,4,正弦波,正弦波,正弦波,正弦波,三角波,正弦波
附件一（训练集）.xlsx|材料4|820,3,正弦波,正弦波,正弦波,正弦波,三角波,正弦波
附件一（训练集）.xlsx|材料4|821,0,正弦波,正弦波,正弦波,正弦波,三角波,正弦波
附件一（训练集）.xlsx|材料4|822,0,正弦波,正弦波,正弦波,正弦波,三角波,正弦波
附件一（训练集）.xlsx|材料4|823,4,正弦波,正弦波,正弦波,正弦波,三角波,正弦波
附件一（训练集）.xlsx|材料4|824,4,正弦波,正弦波,正弦波,正弦波,三角波,正弦波
附件一（训练集）.xlsx|材料4|825,1,正弦波,正弦波,正弦波,正弦波,三角波,正弦波
附件一（训练集）.xlsx|材料4|826,1,正弦波,正弦波,正弦波,正弦波,三角波,正弦波
附件一（训练集）.xlsx|材料4|827,4,正弦波,正弦波,正弦波,正弦波,三角波,正弦波
附件一（训练集）.xlsx|材料4|828,2,正弦波,正弦波,正弦波,正弦波,三角波,正弦波
附件一（训练集）.xlsx|材料4|829,0,正弦波,正弦波,正弦波,正弦波,三角波,正弦波
附件一（训练集）.xlsx|材料4|83,2,正弦波,正弦波,正弦波,正弦波,三角波,正弦波
附件一（训练集）.xlsx|材料4|830,0,正弦波,正弦波,正弦波,正弦波,三角波,正弦波
附件一（训练集）.xlsx|材料4|831,1,正弦波,正弦波,正弦波,正弦波,三角波,正弦波
附件一（训练集）.xlsx|材料4|832,2,正弦波,正弦波,正弦波,正弦波,三角波,正弦波
附件一（训练集）.xlsx|材料4|833,3,正弦波,正弦波,正弦波,正弦波,三角波,正弦波
附件一（训练集）.xlsx|材料4|834,3,正弦波,正弦波,正弦波,正弦波,三角波,正弦波
附件一（训练集）.xlsx|材料4|835,0,正弦波,正弦波,正弦波,正弦波,三角波,正弦波
附件一（训练集）.xlsx|材料4|836,0,正弦波,正弦波,正弦波,正弦波,三角波,正弦波
附件一（训练集）.xlsx|材料4|837,1,正弦波,正弦波,正弦波,正弦波,三角波,正弦波
附件一（训练集）.xlsx|材料4|838,4,正弦波,正弦波,正弦波,正弦波,三角波,正弦波
附件一（训练集）.xlsx|材料4|839,2,正弦波,正弦波,正弦波,正弦波,三角波,正弦波
附件一（训练集）.xlsx|材料4|84,0,正弦波,正弦波,正弦波,正弦波,正弦波,正弦波
附件一（训练集）.xlsx|材料4|840,2,正弦波,正弦波,正弦波,正弦波,正弦波,正弦波
附件一（训练集）.xlsx|材料4|841,2,正弦波,正弦波,正弦波,正弦波,三角波,正弦波
附件一（训练集）.xlsx|材料4|842,4,正弦波,正弦波,正弦波,正弦波,三角波,正弦波
附件一（训练集）.xlsx|材料4|843,1,正弦波,正弦波,正弦波,正弦波,正弦波,正弦波
附件一（训练集）.xlsx|材料4|844,4,正弦波,正弦波,正弦波,正弦波,三角波,正弦波
附件一（训练集）.xlsx|材料4|845,2,正弦波,正弦波,正弦波,正弦波,三角波,正弦波
附件一（训练集）.xlsx|材料4|846,2,正弦波,正弦波,正弦波,正弦波,三角波,正弦波
附件一（训练集）.xlsx|材料4|847,3,正弦波,正弦波,正弦波,正弦波,正弦波,正弦波
附件一（训练集）.xlsx|材料4|848,2,正弦波,正弦波,正弦波,正弦波,三角波,正弦波
附件一（训练集）.xlsx|材料4|849,1,正弦波,正弦波,正弦波,正弦波,三角波,正弦波
附件一（训练集）.xlsx|材料4|85,3,正弦波,正弦波,正弦波,正弦波,三角波,正弦波
附件一（训练集）.xlsx|材料4|850,4,正弦波,正弦波,正弦波,正弦波,三角波,正弦波
附件一（训练集）.xlsx|材料4|851,0,正弦波,正弦波,正弦波,正弦波,正弦波,正弦波
附件一（训练集）.xlsx|材料4|852,2,正弦波,正弦波,正弦波,正弦波,正弦波,正弦波
附件一（训练集）.xlsx|材料4|853,2,正弦波,正弦波,正弦波,正弦波,三角波,正弦波
附件一（训练集）.xlsx|材料4|854,3,正弦波,正弦波,正弦波,正弦波,正弦波,正弦波
附件一（训练集）.xlsx|材料4|855,2,正弦波,正弦波,正弦波,正弦波,三角波,正弦波
附件一（训练集）.xlsx|材料4|856,0,正弦波,正弦波,正弦波,正弦波,三角波,正弦波
附件一（训练集）.xlsx|材料4|857,1,正弦波,正弦波,正弦波,正弦波,正弦波,正弦波
附件一（训练集）.xlsx|材料4|858,1,正弦波,正弦波,正弦波,正弦波,三角波,正弦波
附件一（训练集）.xlsx|材料4|859,1,正弦波,正弦波,正弦波,正弦波,正弦波,正弦波
附件一（训练集）.xlsx|材料4|86,2,正弦波,正弦波,正弦波,正弦波,正弦波,正弦波
附件一（训练集）.xlsx|材料4|860,4,正弦波,正弦波,正弦波,正弦波,三角波,正弦波
附件一（训练集）.xlsx|材料4|861,3,正弦波,正弦波,正弦波,正弦波,三角波,正弦波
附件一（训练集）.xlsx|材料4|862,1,正弦波,正弦波,正弦波,正弦波,三角波,正弦波
附件一（训练集）.xlsx|材料4|863,1,正弦波,正弦波,正弦波,正弦波,三角波,正弦波
附件一（训练集）.xlsx|材料4|864,4,正弦波,正弦波,正弦波,正弦波,三角波,正弦波
附件一（训练集）.xlsx|材料4|865,3,正弦波,正弦波,正弦波,正弦波,正弦波,正弦波
附件一（训练集）.xlsx|材料4|866,3,正弦波,正弦波,正弦波,正弦波,三角波,正弦波
附件一（训练集）.xlsx|材料4|867,3,正弦波,正弦波,正弦波,正弦波,三角波,正弦波
附件一（训练集）.xlsx|材料4|868,2,正弦波,正弦波,正弦波,正弦波,三角波,正弦波
附件一（训练集）.xlsx|材料4|869,1,正弦波,正弦波,正弦波,正弦波,三角波,正弦波
附件一（训练集）.xlsx|材料4|87,4,正弦波,正弦波,正弦波,正弦波,三角波,正弦波
附件一（训练集）.xlsx|材料4|870,0,正弦波,正弦波,正弦波,正弦波,三角波,正弦波
附件一（训练集）.xlsx|材料4|871,0,正弦波,正弦波,正弦波,正弦波,三角波,正弦波
附件一（训练集）.xlsx|材料4|872,0,正弦波,正弦波,正弦波,正弦波,正弦波,正弦波
附件一（训练集）.xlsx|材料4|873,4,正弦波,正弦波,正弦波,正弦波,三角波,正弦波
附件一（训练集）.xlsx|材料4|874,0,正弦波,正弦波,正弦波,正弦波,三角波,正弦波
附件一（训练集）.xlsx|材料4|875,4,正弦波,正弦波,正弦波,正弦波,三角波,正弦波
附件一（训练集）.xlsx|材料4|876,1,正弦波,正弦波,正弦波,正弦波,三角波,正弦波
附件一（训练集）.xlsx|材料4|877,0,正弦波,正弦波,正弦波,正弦波,三角波,正弦波
附件一（训练集）.xlsx|材料4|878,3,正弦波,正弦波,正弦波,正弦波,正弦波,正弦波
附件一（训练集）.xlsx|材料4|879,2,正弦波,正弦波,正弦波,正弦波,正弦波,正弦波
附件一（训练集）.xlsx|材料4|88,0,正弦波,正弦波,正弦波,正弦波,三角波,正弦波
附件一（训练集）.xlsx|材料4|880,0,正弦波,正弦波,正弦波,正弦波,三角波,正弦波
附件一（训练集）.xlsx|材料4|881,3,正弦波,正弦波,正弦波,正弦波,三角波,正弦波
附件一（训练集）.xlsx|材料4|882,2,三角波,三角波,三角波,三角波,正弦波,三角波
附件一（训练集）.xlsx|材料4|883,0,三角波,三角波,三角波,三角波,正弦波,三角波
附件一（训练集）.xlsx|材料4|884,3,三角波,三角波,三角波,三角波,正弦波,三角波
附件一（训练集）.xlsx|材料4|885,4,三角波,三角波,三角波,三角波,正弦波,三角波
附件一（训练集）.xlsx|材料4|886,0,三角波,三角波,三角波,三角波,正弦波,三角波
附件一（训练集）.xlsx|材料4|887,4,三角波,三角波,三角波,三角波,正弦波,三角波
附件一（训练集）.xlsx|材料4|888,0,三角波,三角波,三角波,三角波,正弦波,三角波
附件一（训练集）.xlsx|材料4|889,3,三角波,三角波,三角波,三角波,正弦波,三角波
附件一（训练集）.xlsx|材料4|89,3,正弦波,正弦波,正弦波,正弦波,三角波,正弦波
附件一（训练集）.xlsx|材料4|890,0,三角波,三角波,三角波,三角波,三角波,三角波
附件一（训练集）.xlsx|材料4|891,2,三角波,三角波,三角波,三角波,正弦波,三角波
附件一（训练集）.xlsx|材料4|892,4,三角波,三角波,三角波,三角波,三角波,三角波
附件一（训练集）.xlsx|材料4|893,2,三角波,三角波,三角波,三角波,三角波,三角波
附件一（训练集）.xlsx|材料4|894,0,三角波,三角波,三角波,三角波,三角波,三角波
附件一（训练集）.xlsx|材料4|895,0,三角波,三角波,三角波,三角波,三角波,三角波
附件一（训练集）.xlsx|材料4|896,3,三角波,三角波,三角波,三角波,三角波,三角波
附件一（训练集）.xlsx|材料4|897,4,三角波,三角波,三角波,三角波,三角波,三角波
附件一（训练集）.xlsx|材料4|898,4,三角波,三角波,三角波,三角波,正弦波,三角波
附件一（训练集）.xlsx|材料4|899,0,三角波,三角波,三角波,三角波,正弦波,三角波
附件一（训练集）.xlsx|材料4|9,4,正弦波,正弦波,正弦波,正弦波,正弦波,正弦波
附件一（训练集）.xlsx|材料4|90,0,正弦波,正弦波,正弦波,正弦波,三角波,正弦波
附件一（训练集）.xlsx|材料4|900,4,三角波,三角波,三角波,三角波,正弦波,三角波
附件一（训练集）.xlsx|材料4|901,1,三角波,三角波,三角波,三角波,正弦波,三角波
附件一（训练集）.xlsx|材料4|902,3,三角波,三角波,三角波,三角波,正弦波,三角波
附件一（训练集）.xlsx|材料4|903,3,三角波,三角波,三角波,三角波,正弦波,三角波
附件一（训练集）.xlsx|材料4|904,2,三角波,三角波,三角波,三角波,正弦波,三角波
附件一（训练集）.xlsx|材料4|905,2,三角波,三角波,三角波,三角波,正弦波,三角波
附件一（训练集）.xlsx|材料4|906,3,三角波,三角波,三角波,三角波,三角波,三角波
附件一（训练集）.xlsx|材料4|907,3,三角波,三角波,三角波,三角波,三角波,三角波
附件一（训练集）.xlsx|材料4|908,0,三角波,三角波,三角波,三角波,三角波,三角波
附件一（训练集）.xlsx|材料4|909,0,三角波,三角波,三角波,三角波,三角波,三角波
附件一（训练集）.xlsx|材料4|91,2,正弦波,正弦波,正弦波,正弦波,三角波,正弦波
附件一（训练集）.xlsx|材料4|910,2,三角波,三角波,三角波,三角波,三角波,三角波
附件一（训练集）.xlsx|材料4|911,3,三角波,三角波,三角波,三角波,三角波,三角波
附件一（训练集）.xlsx|材料4|912,0,三角波,三角波,三角波,三角波,三角波,三角波
附件一（训练集）.xlsx|材料4|913,3,三角波,三角波,三角波,三角波,三角波,三角波
附件一（训练集）.xlsx|材料4|914,1,三角波,三角波,三角波,三角波,三角波,三角波
附件一（训练集）.xlsx|材料4|915,0,三角波,三角波,三角波,三角波,正弦波,三角波
附件一（训练集）.xlsx|材料4|916,3,三角波,三角波,三角波,三角波,正弦波,三角波
附件一（训练集）.xlsx|材料4|917,4,三角波,三角波,三角波,三角波,正弦波,三角波
附件一（训练集）.xlsx|材料4|918,3,三角波,三角波,三角波,三角波,正弦波,三角波
附件一（训练集）.xlsx|材料4|919,4,三角波,三角波,三角波,三角波,三角波,三角波
附件一（训练集）.xlsx|材料4|92,0,正弦波,正弦波,正弦波,正弦波,三角波,正弦波
附件一（训练集）.xlsx|材料4|920,2,三角波,三角波,三角波,三角波,三角波,三角波
附件一（训练集）.xlsx|材料4|921,4,三角波,三角波,三角波,三角波,三角波,三角波
附件一（训练集）.xlsx|材料4|922,2,三角波,三角波,三角波,三角波,三角波,三角波
附件一（训练集）.xlsx|材料4|923,3,三角波,三角波,三角波,三角波,三角波,三角波
附件一（训练集）.xlsx|材料4|924,0,三角波,三角波,三角波,三角波,三角波,三角波
附件一（训练集）.xlsx|材料4|925,0,三角波,三角波,三角波,三角波,三角波,三角波
附件一（训练集）.xlsx|材料4|926,2,三角波,三角波,三角波,三角波,正弦波,三角波
附件一（训练集）.xlsx|材料4|927,4,三角波,三角波,三角波,三角波,正弦波,三角波
附件一（训练集）.xlsx|材料4|928,2,三角波,三角波,三角波,三角波,正弦波,三角波
附件一（训练集）.xlsx|材料4|929,3,三角波,三角波,三角波,三角波,三角波,三角波
附件一（训练集）.xlsx|材料4|93,4,正弦波,正弦波,正弦波,正弦波,三角波,正弦波
附件一（训练集）.xlsx|材料4|930,3,三角波,三角波,三角波,三角波,三角波,三角波
附件一（训练集）.xlsx|材料4|931,2,三角波,三角波,三角波,三角波,三角波,三角波
附件一（训练集）.xlsx|材料4|932,2,三角波,三角波,三角波,三角波,三角波,三角波
附件一（训练集）.xlsx|材料4|933,2,三角波,三角波,三角波,三角波,三角波,三角波
附件一（训练集）.xlsx|材料4|934,1,三角波,三角波,三角波,三角波,三角波,三角波
附件一（训练集）.xlsx|材料4|935,3,三角波,三角波,三角波,三角波,三角波,三角波
附件一（训练集）.xlsx|材料4|936,3,三角波,三角波,三角波,三角波,三角波,三角波
附件一（训练集）.xlsx|材料4|937,2,三角波,三角波,三角波,三角波,三角波,三角波
附件一（训练集）.xlsx|材料4|938,2,三角波,三角波,三角波,三角波,三角波,三角波
附件一（训练集）.xlsx|材料4|939,2,三角波,三角波,三角波,三角波,三角波,三角波
附件一（训练集）.xlsx|材料4|94,4,正弦波,正弦波,正弦波,正弦波,三角波,正弦波
附件一（训练集）.xlsx|材料4|940,2,三角波,三角波,三角波,三角波,三角波,三角波
附件一（训练集）.xlsx|材料4|941,4,三角波,三角波,三角波,三角波,三角波,三角波
附件一（训练集）.xlsx|材料4|942,3,三角波,三角波,三角波,三角波,三角波,三角波
附件一（训练集）.xlsx|材料4|943,3,三角波,三角波,三角波,三角波,正弦波,三角波
附件一（训练集）.xlsx|材料4|944,3,三角波,三角波,三角波,三角波,正弦波,三角波
附件一（训练集）.xlsx|材料4|945,2,三角波,三角波,三角波,三角波,正弦波,三角波
附件一（训练集）.xlsx|材料4|946,1,三角波,三角波,三角波,三角波,三角波,三角波
附件一（训练集）.xlsx|材料4|947,1,三角波,三角波,三角波,三角波,三角波,三角波
附件一（训练集）.xlsx|材料4|948,4,三角波,三角波,三角波,三角波,三角波,三角波
附件一（训练集）.xlsx|材料4|949,1,三角波,三角波,三角波,三角波,三角波,三角波
附件一（训练集）.xlsx|材料4|95,4,正弦波,正弦波,正弦波,正弦波,正弦波,正弦波
附件一（训练集）.xlsx|材料4|950,3,三角波,三角波,三角波,三角波,三角波,三角波
附件一（训练集）.xlsx|材料4|951,4,三角波,三角波,三角波,三角波,三角波,三角波
附件一（训练集）.xlsx|材料4|952,1,三角波,三角波,三角波,三角波,三角波,三角波
附件一（训练集）.xlsx|材料4|953,4,三角波,三角波,三角波,三角波,三角波,三角波
附件一（训练集）.xlsx|材料4|954,1,三角波,三角波,三角波,三角波,三角波,三角波
附件一（训练集）.xlsx|材料4|955,0,三角波,三角波,三角波,三角波,三角波,三角波
附件一（训练集）.xlsx|材料4|956,1,三角波,三角波,三角波,三角波,三角波,三角波
附件一（训练集）.xlsx|材料4|957,3,三角波,三角波,三角波,三角波,正弦波,三角波
附件一（训练集）.xlsx|材料4|958,4,三角波,三角波,三角波,三角波,三角波,三角波
附件一（训练集）.xlsx|材料4|959,3,三角波,三角波,三角波,三角波,三角波,三角波
附件一（训练集）.xlsx|材料4|96,3,正弦波,正弦波,正弦波,正弦波,三角波,正弦波
附件一（训练集）.xlsx|材料4|960,2,三角波,三角波,三角波,三角波,三角波,三角波
附件一（训练集）.xlsx|材料4|961,4,三角波,三角波,三角波,三角波,三角波,三角波
附件一（训练集）.xlsx|材料4|962,2,三角波,三角波,三角波,三角波,三角波,三角波
附件一（训练集）.xlsx|材料4|963,2,三角波,三角波,三角波,三角波,三角波,三角波
附件一（训练集）.xlsx|材料4|964,4,三角波,三角波,三角波,三角波,三角波,三角波
附件一（训练集）.xlsx|材料4|965,1,三角波,三角波,三角波,三角波,三角波,三角波
附件一（训练集）.xlsx|材料4|966,0,三角波,三角波,三角波,三角波,三角波,三角波
附件一（训练集）.xlsx|材料4|967,1,三角波,三角波,三角波,三角波,三角波,三角波
附件一（训练集）.xlsx|材料4|968,1,三角波,三角波,三角波,三角波,三角波,三角波
附件一（训练集）.xlsx|材料4|969,1,三角波,三角波,三角波,三角波,三角波,三角波
附件一（训练集）.xlsx|材料4|97,4,正弦波,正弦波,正弦波,正弦波,三角波,正弦波
附件一（训练集）.xlsx|材料4|970,0,三角波,三角波,三角波,三角波,三角波,三角波
附件一（训练集）.xlsx|材料4|971,3,三角波,三角波,三角波,三角波,三角波,三角波
附件一（训练集）.xlsx|材料4|972,4,三角波,三角波,三角波,三角波,三角波,三角波
附件一（训练集）.xlsx|材料4|973,1,三角波,三角波,三角波,三角波,三角波,三角波
附件一（训练集）.xlsx|材料4|974,4,三角波,三角波,三角波,三角波,三角波,三角波
附件一（训练集）.xlsx|材料4|975,1,三角波,三角波,三角波,三角波,三角波,三角波
附件一（训练集）.xlsx|材料4|976,4,三角波,三角波,三角波,三角波,三角波,三角波
附件一（训练集）.xlsx|材料4|977,1,三角波,三角波,三角波,三角波,三角波,三角波
附件一（训练集）.xlsx|材料4|978,1,三角波,三角波,三角波,三角波,三角波,三角波
附件一（训练集）.xlsx|材料4|979,4,三角波,三角波,三角波,三角波,三角波,三角波
附件一（训练集）.xlsx|材料4|98,0,正弦波,正弦波,正弦波,正弦波,三角波,正弦波
附件一（训练集）.xlsx|材料4|980,4,三角波,三角波,三角波,三角波,三角波,三角波
附件一（训练集）.xlsx|材料4|981,1,三角波,三角波,三角波,三角波,三角波,三角波
附件一（训练集）.xlsx|材料4|982,4,三角波,三角波,三角波,三角波,三角波,三角波
附件一（训练集）.xlsx|材料4|983,4,三角波,三角波,三角波,三角波,三角波,三角波
附件一（训练集）.xlsx|材料4|984,4,三角波,三角波,三角波,三角波,三角波,三角波
附件一（训练集）.xlsx|材料4|985,4,三角波,三角波,三角波,三角波,三角波,三角波
附件一（训练集）.xlsx|材料4|986,0,三角波,三角波,三角波,三角波,三角波,三角波
附件一（训练集）.xlsx|材料4|987,3,三角波,三角波,三角波,三角波,三角波,三角波
附件一（训练集）.xlsx|材料4|988,1,三角波,三角波,三角波,三角波,三角波,三角波
附件一（训练集）.xlsx|材料4|989,2,三角波,三角波,三角波,三角波,三角波,三角波
附件一（训练集）.xlsx|材料4|99,4,正弦波,正弦波,正弦波,正弦波,三角波,正弦波
附件一（训练集）.xlsx|材料4|990,4,三角波,三角波,三角波,三角波,三角波,三角波
附件一（训练集）.xlsx|材料4|991,1,三角波,三角波,三角波,三角波,三角波,三角波
附件一（训练集）.xlsx|材料4|992,4,三角波,三角波,三角波,三角波,三角波,三角波
附件一（训练集）.xlsx|材料4|993,4,三角波,三角波,三角波,三角波,三角波,三角波
附件一（训练集）.xlsx|材料4|994,1,三角波,三角波,三角波,三角波,三角波,三角波
附件一（训练集）.xlsx|材料4|995,0,三角波,三角波,三角波,三角波,三角波,三角波
附件一（训练集）.xlsx|材料4|996,4,三角波,三角波,三角波,三角波,三角波,三角波
附件一（训练集）.xlsx|材料4|997,0,三角波,三角波,三角波,三角波,三角波,三角波
附件一（训练集）.xlsx|材料4|998,4,三角波,三角波,三角波,三角波,三角波,三角波
附件一（训练集）.xlsx|材料4|999,3,三角波,三角波,三角波,三角波,三角波,三角波
