row_id,temperature_C,frequency_Hz,b_m_T,b_half_pp_T,condition_group,regression_outer_fold,core_loss_W_per_m3,y_pred_oof,baseline_y_pred_oof,absolute_log_error
附件一（训练集）.xlsx|材料1|10,25,50020,0.157896017,0.1572761085,材料1|25|正弦波|46|-9,4,125047.8122,101685.579555,68609.3368282,0.206808825443
附件一（训练集）.xlsx|材料1|100,25,89080,0.126049115,0.125352897,材料1|25|正弦波|49|-9,1,147631.7533,149815.967089,99323.2752497,0.0146865362371
附件一（训练集）.xlsx|材料1|1000,90,199500,0.030913849,0.030901936,材料1|90|正弦波|52|-16,2,8108.043319,7455.89100417,10589.7446184,0.083841326162
附件一（训练集）.xlsx|材料1|1001,90,199500,0.039204411,0.039177588,材料1|90|正弦波|52|-15,4,13719.96348,13892.322443,19850.747274,0.0124834806026
附件一（训练集）.xlsx|材料1|1002,90,199500,0.055619986,0.055564719,材料1|90|正弦波|52|-13,4,31727.36904,33427.6187201,47311.979476,0.0522011779277
附件一（训练集）.xlsx|材料1|1003,90,199500,0.069317534,0.0692186745,材料1|90|正弦波|52|-12,4,57465.73659,58094.8067712,81733.35824,0.0108872023169
附件一（训练集）.xlsx|材料1|1004,90,199510,0.077979241,0.077854621,材料1|90|正弦波|52|-12,4,75945.32592,78081.5335989,109500.735998,0.0277395374461
附件一（训练集）.xlsx|材料1|1005,90,199500,0.098941113,0.098750749,材料1|90|正弦波|52|-11,1,142631.1487,144394.440672,200350.725269,0.0122867223947
附件一（训练集）.xlsx|材料1|1006,90,199500,0.110806619,0.110570433,材料1|90|正弦波|52|-10,3,192691.119,192827.380687,264033.444177,0.000706897258629
附件一（训练集）.xlsx|材料1|1007,90,199500,0.123800984,0.123487257,材料1|90|正弦波|52|-10,3,265651.7073,255044.635679,348134.609292,0.0407473514787
附件一（训练集）.xlsx|材料1|1008,90,199500,0.13746187,0.1370807755,材料1|90|正弦波|52|-9,4,349933.416,324040.322404,447470.233896,0.0768747081245
附件一（训练集）.xlsx|材料1|1009,90,199500,0.154921993,0.154450221,材料1|90|正弦波|52|-9,4,476622.4578,437491.85363,602172.503945,0.0856664114003
附件一（训练集）.xlsx|材料1|101,25,89090,0.141132048,0.1402714895,材料1|25|正弦波|49|-9,1,193355.8322,199086.48054,131907.827884,0.0292069754823
附件一（训练集）.xlsx|材料1|1010,90,223850,0.013097049,0.0130938655,材料1|90|正弦波|53|-19,2,1754.697826,1037.19487876,1478.3251696,0.525382887948
附件一（训练集）.xlsx|材料1|1011,90,223850,0.012333005,0.0123302285,材料1|90|正弦波|53|-20,2,1561.922846,891.691498971,1271.56636615,0.560071911128
附件一（训练集）.xlsx|材料1|1012,90,223850,0.013892096,0.013887508,材料1|90|正弦波|53|-19,2,1962.661101,1202.88202505,1713.64967372,0.489259283299
附件一（训练集）.xlsx|材料1|1013,90,223850,0.024430773,0.024419526,材料1|90|正弦波|53|-17,2,6478.939528,4974.58213905,7054.04563185,0.264168801583
附件一（训练集）.xlsx|材料1|1014,90,223860,0.02754395,0.0275295885,材料1|90|正弦波|53|-16,1,8387.554956,7012.53763949,9768.7045135,0.179026041674
附件一（训练集）.xlsx|材料1|1015,90,223850,0.031022092,0.031004868,材料1|90|正弦波|53|-16,1,10845.05856,9455.40106023,13163.324653,0.137109874558
附件一（训练集）.xlsx|材料1|1016,90,223850,0.034971398,0.034952111,材料1|90|正弦波|53|-15,4,14182.30884,12599.2532627,17980.0099519,0.118348925467
附件一（训练集）.xlsx|材料1|1017,90,223850,0.039127558,0.0390992665,材料1|90|正弦波|53|-15,4,18041.45511,16702.4400846,23762.7653659,0.077112906645
附件一（训练集）.xlsx|材料1|1018,90,223850,0.044228159,0.044189563,材料1|90|正弦波|53|-14,4,24046.93982,22718.3886209,32214.0580237,0.0568306463121
附件一（训练集）.xlsx|材料1|1019,90,223860,0.055685645,0.055625933,材料1|90|正弦波|53|-13,2,43466.30167,39497.6959214,55629.9480676,0.0957413129758
附件一（训练集）.xlsx|材料1|102,25,89080,0.156591874,0.1555689885,材料1|25|正弦波|49|-9,1,245886.8962,258495.929088,171175.629897,0.0500080885803
附件一（训练集）.xlsx|材料1|1020,90,223850,0.061715135,0.061642746,材料1|90|正弦波|53|-13,2,55689.07224,51146.8299296,71976.1858485,0.0850818289022
附件一（训练集）.xlsx|材料1|1021,90,223860,0.088146066,0.0879937345,材料1|90|正弦波|53|-11,2,134332.1282,125359.687082,175895.02679,0.0691276673262
附件一（训练集）.xlsx|材料1|1022,90,223850,0.098835352,0.098643433,材料1|90|正弦波|53|-11,2,181216.4179,167159.765736,234325.194647,0.0807414958381
附件一（训练集）.xlsx|材料1|1023,90,223850,0.11070292,0.1104544355,材料1|90|正弦波|53|-10,3,249437.8193,232679.171365,317327.740402,0.0695488163683
附件一（训练集）.xlsx|材料1|1024,90,223850,0.138101993,0.137709305,材料1|90|正弦波|53|-9,1,439975.7728,403739.352327,557587.623515,0.0859499573409
附件一（训练集）.xlsx|材料1|1025,90,251170,0.01229241,0.012289567,材料1|90|正弦波|53|-20,2,2077.915827,1066.37495767,1515.30789168,0.666644197218
附件一（训练集）.xlsx|材料1|1026,90,251170,0.013885283,0.0138839275,材料1|90|正弦波|53|-19,2,2638.247268,1448.71637391,2056.54818131,0.599125817642
附件一（训练集）.xlsx|材料1|1027,90,251170,0.015650132,0.015648867,材料1|90|正弦波|53|-19,2,3386.191619,1957.29674269,2775.77729783,0.547926060478
附件一（训练集）.xlsx|材料1|1028,90,251170,0.017635008,0.017630824,材料1|90|正弦波|53|-18,3,4332.108647,2738.34570212,3917.45977106,0.458566119719
附件一（训练集）.xlsx|材料1|1029,90,251170,0.021900596,0.021890172,材料1|90|正弦波|53|-17,2,6837.211727,4556.69913062,6444.32547125,0.405708334466
附件一（训练集）.xlsx|材料1|103,25,89090,0.175945083,0.174701857,材料1|25|正弦波|49|-8,3,321281.5746,344940.179519,227163.92743,0.0710528777471
附件一（训练集）.xlsx|材料1|1030,90,251170,0.024545776,0.0245364855,材料1|90|正弦波|53|-17,2,8721.534736,6069.90094442,8576.32518599,0.362402856589
附件一（训练集）.xlsx|材料1|1031,90,251170,0.03109649,0.031079681,材料1|90|正弦波|53|-16,1,14470.24183,11501.3886994,15965.3234736,0.229608631182
附件一（训练集）.xlsx|材料1|1032,90,251170,0.034799289,0.0347759455,材料1|90|正弦波|53|-15,4,18547.17624,15035.0361016,21364.853727,0.20992174161
附件一（训练集）.xlsx|材料1|1033,90,251170,0.044351105,0.044315365,材料1|90|正弦波|53|-14,4,31919.17006,27640.3012104,39018.4339421,0.143927025394
附件一（训练集）.xlsx|材料1|1034,90,251170,0.055005891,0.0549456945,材料1|90|正弦波|53|-13,2,55098.6931,46176.6718405,64812.4995025,0.176647758503
附件一（训练集）.xlsx|材料1|1035,90,251170,0.06206848,0.061989251,材料1|90|正弦波|53|-13,2,73174.08745,62567.653418,87731.2530934,0.156590619087
附件一（训练集）.xlsx|材料1|1036,90,251170,0.069467619,0.06937309,材料1|90|正弦波|53|-12,1,96402.16713,86761.1722932,119917.67184,0.10536833152
附件一（训练集）.xlsx|材料1|1037,90,251170,0.078432795,0.0783131645,材料1|90|正弦波|53|-12,1,128133.6345,117720.801474,162603.031442,0.0847573168725
附件一（训练集）.xlsx|材料1|1038,90,251170,0.088094025,0.087932937,材料1|90|正弦波|53|-11,2,171863.9905,150930.653956,211023.384607,0.129882118091
附件一（训练集）.xlsx|材料1|1039,90,251170,0.098421891,0.098225525,材料1|90|正弦波|53|-11,2,234430.3556,199457.098104,278616.267007,0.16155863868
附件一（训练集）.xlsx|材料1|104,25,89090,0.196778266,0.1952358525,材料1|25|正弦波|49|-8,3,415631.7819,457409.229401,300281.661882,0.0957785109695
附件一（训练集）.xlsx|材料1|1040,90,281860,0.013282729,0.0132782815,材料1|90|正弦波|54|-19,1,3243.681288,1638.90117658,2278.79303108,0.682381147162
附件一（训练集）.xlsx|材料1|1041,90,281850,0.01246255,0.0124594615,材料1|90|正弦波|54|-20,4,2854.831757,1379.52379298,2007.05505377,0.726900146842
附件一（训练集）.xlsx|材料1|1042,90,281850,0.015667088,0.0156610345,材料1|90|正弦波|54|-19,1,4527.587523,2481.90849507,3447.89656349,0.60097943252
附件一（训练集）.xlsx|材料1|1043,90,281850,0.017470856,0.0174650855,材料1|90|正弦波|54|-18,3,5672.472447,3235.33864156,4611.03267033,0.561358712883
附件一（训练集）.xlsx|材料1|1044,90,281850,0.019551642,0.019544094,材料1|90|正弦波|54|-18,3,7177.279865,4296.94110971,6104.61902876,0.5129236849
附件一（训练集）.xlsx|材料1|1045,90,281850,0.021942615,0.0219343425,材料1|90|正弦波|54|-17,3,9120.733192,5747.99370204,8139.56639758,0.46163499786
附件一（训练集）.xlsx|材料1|1046,90,281850,0.027727219,0.027711907,材料1|90|正弦波|54|-16,4,15000.41993,10271.04866,14621.3494458,0.378718374535
附件一（训练集）.xlsx|材料1|1047,90,281860,0.03514157,0.0351177445,材料1|90|正弦波|54|-15,3,25046.69085,18851.2228277,26342.148846,0.28415081281
附件一（训练集）.xlsx|材料1|1048,90,281860,0.039447853,0.0394171715,材料1|90|正弦波|54|-15,3,32107.62901,25231.3907093,35142.7662437,0.240996295748
附件一（训练集）.xlsx|材料1|1049,90,281860,0.044160952,0.0441208505,材料1|90|正弦波|54|-14,4,42962.83211,33043.5888197,46446.7111829,0.262500822235
附件一（训练集）.xlsx|材料1|105,25,89090,0.221370663,0.219488703,材料1|25|正弦波|49|-7,1,542772.7158,617334.634429,408039.636708,0.12872035058
附件一（训练集）.xlsx|材料1|1050,90,281850,0.048974043,0.0489236,材料1|90|正弦波|54|-14,4,54683.97476,42840.1747425,60047.6677439,0.244089320403
附件一（训练集）.xlsx|材料1|1051,90,281860,0.055405954,0.0553441465,材料1|90|正弦波|54|-13,4,72754.56115,58400.1502592,81582.8640682,0.219769759196
附件一（训练集）.xlsx|材料1|1052,90,281860,0.069980854,0.0698861785,材料1|90|正弦波|54|-12,0,127074.9846,108616.847679,145828.415906,0.156949474221
附件一（训练集）.xlsx|材料1|1053,90,281850,0.07816334,0.0780406175,材料1|90|正弦波|54|-12,0,163416.7829,143342.333743,192125.870441,0.131067319097
附件一（训练集）.xlsx|材料1|1054,90,281850,0.087910489,0.087740699,材料1|90|正弦波|54|-11,0,224289,192503.860845,257555.195869,0.152818452831
附件一（训练集）.xlsx|材料1|1055,90,281860,0.097230133,0.097035846,材料1|90|正弦波|54|-11,0,287415.678,247895.900234,331154.12629,0.147920067715
附件一（训练集）.xlsx|材料1|1056,90,316230,0.014016864,0.014013929,材料1|90|正弦波|55|-19,1,4806.866695,2268.17605898,3143.77997321,0.750836675193
附件一（训练集）.xlsx|材料1|1057,90,316230,0.019501787,0.019491407,材料1|90|正弦波|55|-18,1,9438.850999,5202.92889554,7198.71663787,0.595526298895
附件一（训练集）.xlsx|材料1|1058,90,316230,0.021946757,0.021938719,材料1|90|正弦波|55|-17,2,12093.85559,6661.38784349,9353.9145019,0.596302248994
附件一（训练集）.xlsx|材料1|1059,90,316230,0.024720883,0.0247079855,材料1|90|正弦波|55|-17,2,15557.23073,8985.86607392,12605.59246,0.548825619622
附件一（训练集）.xlsx|材料1|106,25,89080,0.249594413,0.247224368,材料1|25|正弦波|49|-7,1,711545.3171,834561.660535,551267.293989,0.15946731457
附件一（训练集）.xlsx|材料1|1060,90,316230,0.027714279,0.0276977705,材料1|90|正弦波|55|-16,4,19778.73104,12393.740564,17566.0271593,0.467385493955
附件一（训练集）.xlsx|材料1|1061,90,316230,0.031319005,0.031299649,材料1|90|正弦波|55|-16,4,25667.99566,16846.8793327,23798.2220388,0.42105907582
附件一（训练集）.xlsx|材料1|1062,90,316230,0.035201699,0.0351784515,材料1|90|正弦波|55|-15,3,33066.84625,22895.6257845,31863.5097249,0.367571843819
附件一（训练集）.xlsx|材料1|1063,90,316230,0.039285293,0.039252512,材料1|90|正弦波|55|-15,3,43155.12273,30196.6811388,41894.302153,0.357059163603
附件一（训练集）.xlsx|材料1|1064,90,316230,0.04368982,0.0436503055,材料1|90|正弦波|55|-14,4,54682.60835,38856.5508566,54394.1757561,0.341661582813
附件一（训练集）.xlsx|材料1|1065,90,316230,0.04910664,0.0490609885,材料1|90|正弦波|55|-14,4,71443.96818,52106.9606265,72711.2538644,0.315609745321
附件一（训练集）.xlsx|材料1|1066,90,316230,0.05549355,0.055430676,材料1|90|正弦波|55|-13,0,94691.42506,73473.1566833,98382.8438117,0.253700273548
附件一（训练集）.xlsx|材料1|1067,90,316230,0.062240026,0.0621644005,材料1|90|正弦波|55|-13,0,123821.8119,97984.3416041,130974.079594,0.234033715397
附件一（训练集）.xlsx|材料1|1068,90,316230,0.070042989,0.0699402455,材料1|90|正弦波|55|-12,2,163722.3468,123302.407857,171495.675542,0.283530045101
附件一（训练集）.xlsx|材料1|107,25,89090,0.274454333,0.271545403,材料1|25|正弦波|49|-6,3,896343.4213,1058503.37023,688395.359102,0.166287481385
附件一（训练集）.xlsx|材料1|108,25,99950,0.017509065,0.017502333,材料1|25|正弦波|49|-18,4,1299.233133,1268.4197952,884.964112545,0.0239836395617
附件一（训练集）.xlsx|材料1|109,25,99950,0.019729412,0.0197247485,材料1|25|正弦波|49|-18,4,1755.831126,1711.72498776,1190.37737187,0.0254260273765
附件一（训练集）.xlsx|材料1|11,25,50020,0.176389829,0.1756022325,材料1|25|正弦波|46|-8,0,161776.6059,133573.995666,90857.0267812,0.191559503594
附件一（训练集）.xlsx|材料1|110,25,99950,0.022240136,0.022224283,材料1|25|正弦波|49|-17,1,2390.408185,2311.65771586,1542.40827184,0.0334850016475
附件一（训练集）.xlsx|材料1|111,25,99950,0.024724373,0.0247029495,材料1|25|正弦波|49|-17,1,3242.978165,3016.74336802,2011.72154473,0.0722910824042
附件一（训练集）.xlsx|材料1|112,25,99960,0.031283303,0.0312536615,材料1|25|正弦波|49|-16,4,5892.742949,5446.25634462,3740.20516449,0.0787792121368
附件一（训练集）.xlsx|材料1|113,25,99950,0.035044267,0.0349985965,材料1|25|正弦波|49|-15,2,7874.71143,7380.97972197,4816.6024858,0.0647416633005
附件一（训练集）.xlsx|材料1|114,25,99950,0.039556854,0.039503328,材料1|25|正弦波|49|-15,2,10735.42591,10009.2260824,6525.2092009,0.0700350719186
附件一（训练集）.xlsx|材料1|115,25,99950,0.044634118,0.0445624025,材料1|25|正弦波|49|-14,4,14477.24774,13290.1255612,9039.09219369,0.0855508057255
附件一（训练集）.xlsx|材料1|116,25,99950,0.049599205,0.049517116,材料1|25|正弦波|49|-14,4,18907.91771,17319.2149177,11745.6357293,0.0877593355958
附件一（训练集）.xlsx|材料1|117,25,99950,0.070297658,0.070120623,材料1|25|正弦波|49|-12,1,42837.66482,41729.6168662,27672.1695337,0.0262060016125
附件一（训练集）.xlsx|材料1|118,25,99950,0.088470282,0.088180136,材料1|25|正弦波|49|-11,2,74230.01899,75768.2022071,49068.6918231,0.0205097982446
附件一（训练集）.xlsx|材料1|119,25,99950,0.100081424,0.0997217975,材料1|25|正弦波|49|-10,0,99316.153,101749.605472,67254.2745566,0.0242064795805
附件一（训练集）.xlsx|材料1|12,25,50020,0.24759493,0.245980046,材料1|25|正弦波|46|-7,3,352985.6272,314636.301576,209408.531787,0.115009621071
附件一（训练集）.xlsx|材料1|120,25,99950,0.155529122,0.154722392,材料1|25|正弦波|49|-9,1,281919.8367,307227.545549,202867.181742,0.0859656080591
附件一（训练集）.xlsx|材料1|121,25,99950,0.175254593,0.1742349495,材料1|25|正弦波|49|-8,3,371891.5855,413001.599963,270923.355127,0.104848824329
附件一（训练集）.xlsx|材料1|122,25,99950,0.196776315,0.195530397,材料1|25|正弦波|49|-8,3,486551.2281,553106.312949,361645.90576,0.128207788018
附件一（训练集）.xlsx|材料1|123,25,99950,0.222511007,0.2209737635,材料1|25|正弦波|49|-7,1,642255.3272,755947.868767,498207.662591,0.162986252429
附件一（训练集）.xlsx|材料1|124,25,99950,0.244224891,0.2424289075,材料1|25|正弦波|49|-7,1,808495.9048,955334.073511,629299.274229,0.166885290572
附件一（训练集）.xlsx|材料1|125,25,99950,0.271881293,0.269807837,材料1|25|正弦波|49|-6,3,1026883.575,1249944.02266,809846.369808,0.196570034301
附件一（训练集）.xlsx|材料1|126,25,112170,0.015997402,0.0159862825,材料1|25|正弦波|50|-18,2,1114.703914,1239.11592491,810.948435448,0.105719344355
附件一（训练集）.xlsx|材料1|127,25,112160,0.019787374,0.019764219,材料1|25|正弦波|50|-18,2,1964.803519,2114.73228648,1381.58654636,0.0734999100533
附件一（训练集）.xlsx|材料1|128,25,112160,0.024666634,0.024637775,材料1|25|正弦波|50|-17,2,3628.229323,3681.02838171,2400.51392841,0.0144434729898
附件一（训练集）.xlsx|材料1|129,25,112160,0.027851992,0.027823195,材料1|25|正弦波|50|-16,0,4949.221631,4975.17517646,3332.66125668,0.00522920957298
附件一（训练集）.xlsx|材料1|13,25,50030,0.273150592,0.2710715185,材料1|25|正弦波|46|-6,4,441717.9624,402691.223298,267676.847218,0.0925012919082
附件一（训练集）.xlsx|材料1|130,25,112160,0.03119451,0.031160381,材料1|25|正弦波|50|-16,0,6603.373697,6611.76475066,4421.27419743,0.00126972337092
附件一（训练集）.xlsx|材料1|131,25,112170,0.035256319,0.035213722,材料1|25|正弦波|50|-15,0,9111.892514,8990.19863082,6000.45676837,0.0134440017044
附件一（训练集）.xlsx|材料1|132,25,112160,0.049532553,0.049445893,材料1|25|正弦波|50|-14,3,21305.04772,20639.7641292,13974.4801732,0.0317230012394
附件一（训练集）.xlsx|材料1|133,25,112160,0.055854697,0.0557533545,材料1|25|正弦波|50|-13,2,28708.38837,28745.5179839,18620.2084614,0.00129245612634
附件一（训练集）.xlsx|材料1|134,25,112160,0.062280996,0.0621540015,材料1|25|正弦波|50|-13,2,36731.5784,37801.2505585,24464.2214305,0.0287045833235
附件一（训练集）.xlsx|材料1|135,25,112160,0.070179562,0.0700271965,材料1|25|正弦波|50|-12,1,49122.63239,50250.1172249,33226.6121704,0.0226925496115
附件一（训练集）.xlsx|材料1|136,25,112160,0.078728397,0.0785397905,材料1|25|正弦波|50|-12,1,64903.79723,67087.153327,44332.3717007,0.0330859376517
附件一（训练集）.xlsx|材料1|137,25,112160,0.099650033,0.099347042,材料1|25|正弦波|50|-11,1,114103.3322,121322.231803,80070.7350929,0.0613450965346
附件一（训练集）.xlsx|材料1|138,25,112160,0.124162481,0.1236948425,材料1|25|正弦波|50|-10,1,194634.2954,210893.304003,139022.35382,0.0802295516691
附件一（训练集）.xlsx|材料1|139,25,112160,0.155679059,0.1550021295,材料1|25|正弦波|50|-9,3,329555.1343,370606.085822,242944.162399,0.117395732037
附件一（训练集）.xlsx|材料1|14,25,56320,0.024865563,0.024847051,材料1|25|正弦波|47|-17,1,1759.006565,1188.55459453,804.035345995,0.391738592408
附件一（训练集）.xlsx|材料1|140,25,112160,0.174656605,0.173824422,材料1|25|正弦波|50|-8,0,432205.1043,498297.255404,324547.249147,0.142296236427
附件一（训练集）.xlsx|材料1|141,25,112160,0.198281723,0.1972514825,材料1|25|正弦波|50|-8,0,579176.7738,685079.773306,445336.187799,0.167927282175
附件一（训练集）.xlsx|材料1|142,25,112160,0.218624737,0.2173333295,材料1|25|正弦波|50|-7,4,737413.5818,867057.937635,562268.355226,0.16195669307
附件一（训练集）.xlsx|材料1|143,25,112160,0.27429844,0.272334886,材料1|25|正弦波|50|-6,4,1223675.078,1532463.02884,987648.91266,0.225017409432
附件一（训练集）.xlsx|材料1|144,25,125860,0.016811902,0.0168106915,材料1|25|正弦波|50|-18,2,1472.545902,1692.95186391,1103.57841112,0.139392505796
附件一（训练集）.xlsx|材料1|145,25,125850,0.019517563,0.0195156215,材料1|25|正弦波|50|-18,2,2256.015194,2463.56848551,1603.95071987,0.0879735058247
附件一（训练集）.xlsx|材料1|146,25,125860,0.022032372,0.022027956,材料1|25|正弦波|50|-17,2,3084.707485,3341.83444571,2173.58755701,0.0800381218419
附件一（训练集）.xlsx|材料1|147,25,125860,0.024782657,0.024779816,材料1|25|正弦波|50|-17,2,4200.974078,4492.14411244,2918.94242043,0.0669982710185
附件一（训练集）.xlsx|材料1|148,25,125850,0.027639568,0.027626065,材料1|25|正弦波|50|-16,0,5525.178254,5909.40692576,3934.41573442,0.0672181995051
附件一（训练集）.xlsx|材料1|149,25,125860,0.039270257,0.039246581,材料1|25|正弦波|50|-15,0,13775.45003,14267.2447329,9448.04511392,0.0350758050863
附件一（训练集）.xlsx|材料1|15,25,56310,0.027875578,0.027844137,材料1|25|正弦波|47|-16,3,2364.873224,1551.58762606,1093.78468887,0.421224206561
附件一（训练集）.xlsx|材料1|150,25,125850,0.044002942,0.043961569,材料1|25|正弦波|50|-14,3,18310.96022,18521.4800173,12531.5957492,0.0114307201737
附件一（训练集）.xlsx|材料1|151,25,125860,0.049452093,0.0494092225,材料1|25|正弦波|50|-14,3,24421.93184,24865.4981377,16768.5532498,0.0179989207699
附件一（训练集）.xlsx|材料1|152,25,125860,0.055589928,0.0555298965,材料1|25|正弦波|50|-13,2,32684.68129,34256.2916618,22111.8602163,0.0469623363192
附件一（训练集）.xlsx|材料1|153,25,125860,0.070215091,0.0701128375,材料1|25|正弦波|50|-12,1,56884.91087,60842.7862989,40114.6767386,0.0672620008197
附件一（训练集）.xlsx|材料1|154,25,125850,0.079298277,0.079174438,材料1|25|正弦波|50|-12,1,76878.8708,82599.3595198,54423.7879014,0.0717699489373
附件一（训练集）.xlsx|材料1|155,25,125860,0.11036536,0.110100181,材料1|25|正弦波|50|-10,1,172790.731,189657.688873,124742.000106,0.0931390801783
附件一（训练集）.xlsx|材料1|156,25,125860,0.175924694,0.175248596,材料1|25|正弦波|50|-8,0,516365.5506,614480.374792,397695.112458,0.173961736346
附件一（训练集）.xlsx|材料1|157,25,125860,0.196282271,0.1954342495,材料1|25|正弦波|50|-8,0,679260.437,808784.000792,522573.703946,0.174527036667
附件一（训练集）.xlsx|材料1|158,25,141250,0.015726823,0.015724658,材料1|25|正弦波|51|-19,4,1402.690272,1709.70463069,1180.65396234,0.197800673094
附件一（训练集）.xlsx|材料1|159,25,141260,0.022051393,0.022040972,材料1|25|正弦波|51|-17,0,3564.3754,4061.9046096,2696.87485993,0.13062878904
附件一（训练集）.xlsx|材料1|16,25,56320,0.031246228,0.0312015205,材料1|25|正弦波|47|-16,3,3132.233226,2069.76193629,1454.36712568,0.414148826233
附件一（训练集）.xlsx|材料1|160,25,141270,0.024670388,0.0246616365,材料1|25|正弦波|51|-17,0,4792.365224,5383.69521301,3568.32591026,0.11632799302
附件一（训练集）.xlsx|材料1|161,25,141270,0.031407709,0.0313891005,材料1|25|正弦波|51|-16,0,8888.402923,9867.31236027,6515.97368141,0.104468967521
附件一（训练集）.xlsx|材料1|162,25,141260,0.043933158,0.043889361,材料1|25|正弦波|51|-14,3,20972.82318,22325.5609168,15045.1327369,0.0625018972671
附件一（训练集）.xlsx|材料1|163,25,141260,0.055581715,0.055511165,材料1|25|正弦波|51|-13,3,37837.05515,40399.9972001,27045.3230303,0.0655391216417
附件一（训练集）.xlsx|材料1|164,25,141260,0.062550744,0.0624649495,材料1|25|正弦波|51|-13,3,49742.16541,54419.2801508,36309.1192162,0.0898638058057
附件一（训练集）.xlsx|材料1|165,25,141260,0.070524102,0.070411753,材料1|25|正弦波|51|-12,3,67223.83993,73646.6825185,48971.7343735,0.0912498552262
附件一（训练集）.xlsx|材料1|166,25,141270,0.079299546,0.079155658,材料1|25|正弦波|51|-12,3,89782.66539,99003.1253503,65614.9160962,0.0977584605974
附件一（训练集）.xlsx|材料1|167,25,141260,0.123867232,0.1235246755,材料1|25|正弦波|51|-10,3,266704.6966,304818.598482,199493.884118,0.133574330687
附件一（训练集）.xlsx|材料1|168,25,141260,0.140249472,0.139823091,材料1|25|正弦波|51|-9,0,357572.7731,421509.728514,272051.719724,0.164503531129
附件一（训练集）.xlsx|材料1|169,25,141260,0.175731471,0.175058288,材料1|25|正弦波|51|-8,3,619011.8338,736360.924987,477190.508399,0.17359573818
附件一（训练集）.xlsx|材料1|17,25,56320,0.035525243,0.0354729705,材料1|25|正弦波|47|-15,3,4363.429973,2860.79068205,2002.93351734,0.422040048875
附件一（训练集）.xlsx|材料1|170,25,141260,0.21932474,0.218276942,材料1|25|正弦波|51|-7,1,1026071.684,1289574.10555,842627.086188,0.228574202234
附件一（训练集）.xlsx|材料1|171,25,158500,0.013951424,0.013948554,材料1|25|正弦波|52|-19,2,1187.754171,1540.79094313,998.790938526,0.260038847207
附件一（训练集）.xlsx|材料1|172,25,158500,0.013967667,0.013964946,材料1|25|正弦波|52|-19,2,1192.605834,1545.30601516,1001.70816469,0.258890032334
附件一（训练集）.xlsx|材料1|173,25,158500,0.015527166,0.015524442,材料1|25|正弦波|52|-19,2,1641.045747,2016.56471076,1306.05250434,0.205948324194
附件一（训练集）.xlsx|材料1|174,25,158500,0.019677314,0.0196700925,材料1|25|正弦波|52|-18,1,3044.949531,3634.1639005,2398.55408329,0.176841514122
附件一（训练集）.xlsx|材料1|175,25,158500,0.02201819,0.0220096895,材料1|25|正弦波|52|-17,2,4080.613099,4853.65894612,3134.50935617,0.173446573627
附件一（训练集）.xlsx|材料1|176,25,158510,0.0248211,0.024808252,材料1|25|正弦波|52|-17,2,5648.015608,6561.1289281,4233.01530818,0.149833780723
附件一（训练集）.xlsx|材料1|177,25,158500,0.034883633,0.034858277,材料1|25|正弦波|52|-15,2,13587.381,15438.7462664,9932.71517997,0.127730021584
附件一（训练集）.xlsx|材料1|178,25,158500,0.039137661,0.039103954,材料1|25|正弦波|52|-15,2,18242.28949,20619.6245823,13253.3451436,0.122494455021
附件一（训练集）.xlsx|材料1|179,25,158510,0.043979919,0.043934542,材料1|25|正弦波|52|-14,1,24635.10959,27451.860553,18040.3630699,0.108257135923
附件一（训练集）.xlsx|材料1|18,25,56320,0.039867389,0.0397930445,材料1|25|正弦波|47|-14,1,5773.018252,3894.4338765,2627.86004874,0.393563175988
附件一（训练集）.xlsx|材料1|180,25,158510,0.04956842,0.0495075985,材料1|25|正弦波|52|-14,1,33238.5309,37083.2071511,24354.1245676,0.109451338354
附件一（训练集）.xlsx|材料1|181,25,158500,0.055674484,0.055606653,材料1|25|正弦波|52|-13,4,44430.17965,49362.4638867,32789.8019176,0.105269085773
附件一（训练集）.xlsx|材料1|182,25,158500,0.062774757,0.0626846665,材料1|25|正弦波|52|-13,4,59069.01523,66721.3534665,44176.0900597,0.121816592058
附件一（训练集）.xlsx|材料1|183,25,158500,0.070569604,0.0704552175,材料1|25|正弦波|52|-12,3,79066.42767,89220.9858685,59088.146664,0.120826484321
附件一（训练集）.xlsx|材料1|184,25,158500,0.078965862,0.078823311,材料1|25|正弦波|52|-12,3,107275.1057,118464.236613,78206.4652249,0.0992136176395
附件一（训练集）.xlsx|材料1|185,25,158500,0.087994819,0.0878222295,材料1|25|正弦波|52|-11,4,139304.1316,155768.99804,102190.230805,0.111713829169
附件一（训练集）.xlsx|材料1|186,25,158500,0.098590463,0.098362729,材料1|25|正弦波|52|-11,4,183014.8648,207225.237093,135527.172024,0.124238287286
附件一（训练集）.xlsx|材料1|187,25,158510,0.109933493,0.109663516,材料1|25|正弦波|52|-10,4,237859.9575,272408.558435,177629.676633,0.135620372593
附件一（训练集）.xlsx|材料1|188,25,158500,0.124715851,0.1243688595,材料1|25|正弦波|52|-10,4,320931.3637,373876.888596,242958.665923,0.152698847077
附件一（训练集）.xlsx|材料1|189,25,158500,0.15624097,0.155684436,材料1|25|正弦波|52|-9,0,556312.9256,669182.793651,428523.34812,0.184726002018
附件一（训练集）.xlsx|材料1|19,25,56320,0.049525016,0.049408238,材料1|25|正弦波|47|-14,1,9988.187279,6718.66749579,4528.31327224,0.396464562379
附件一（训练集）.xlsx|材料1|190,25,177820,0.013818687,0.0138180935,材料1|25|正弦波|52|-19,2,1455.296582,1813.43845045,1171.4518741,0.219879400696
附件一（训练集）.xlsx|材料1|191,25,177820,0.015497364,0.0154921505,材料1|25|正弦波|52|-19,2,1947.216719,2419.43300735,1561.44083476,0.217032001736
附件一（训练集）.xlsx|材料1|192,25,177820,0.017458275,0.0174531405,材料1|25|正弦波|52|-18,1,2619.028052,3251.78195257,2141.37935144,0.216325591015
附件一（训练集）.xlsx|材料1|193,25,177830,0.019656564,0.019648801,材料1|25|正弦波|52|-18,1,3573.989819,4381.77437237,2883.67106659,0.203719613904
附件一（训练集）.xlsx|材料1|194,25,177820,0.022145534,0.022132149,材料1|25|正弦波|52|-17,2,4896.646627,5937.00095453,3820.35232994,0.192617727551
附件一（训练集）.xlsx|材料1|195,25,177820,0.02773429,0.0277168005,材料1|25|正弦波|52|-16,1,8757.571039,10410.7257352,6838.74698685,0.172899877319
附件一（训练集）.xlsx|材料1|196,25,177820,0.034703414,0.0346753805,材料1|25|正弦波|52|-15,2,15704.90259,18371.929391,11778.3870825,0.156841749702
附件一（训练集）.xlsx|材料1|197,25,177820,0.039103672,0.039066398,材料1|25|正弦波|52|-15,2,21387.24118,24804.559165,15886.7830428,0.148226494489
附件一（训练集）.xlsx|材料1|198,25,177820,0.044142152,0.04409337,材料1|25|正弦波|52|-14,1,29039.82633,33489.1347918,21944.1316191,0.142548267193
附件一（训练集）.xlsx|材料1|199,25,177820,0.049478069,0.049417409,材料1|25|正弦波|52|-14,1,38777.3922,44616.6903928,29217.7237658,0.140267236521
附件一（训练集）.xlsx|材料1|2,25,50030,0.028848625,0.028844394,材料1|25|正弦波|46|-16,3,1997.95525,1391.63617394,984.144338009,0.361426190055
附件一（训练集）.xlsx|材料1|20,25,56310,0.056190141,0.056044354,材料1|25|正弦波|47|-13,1,13463.78092,9226.01366402,6214.06276293,0.377942006331
附件一（训练集）.xlsx|材料1|200,25,177820,0.055745531,0.05567526,材料1|25|正弦波|52|-13,4,51692.85659,59817.532473,39559.3930483,0.145976574113
附件一（训练集）.xlsx|材料1|201,25,177820,0.062723768,0.062634304,材料1|25|正弦波|52|-13,4,69575.88416,80430.3808809,53020.8158616,0.14497202146
附件一（训练集）.xlsx|材料1|202,25,177820,0.070181088,0.0700570325,材料1|25|正弦波|52|-12,3,94829.7604,106397.42802,70191.2806365,0.115096969127
附件一（训练集）.xlsx|材料1|203,25,177820,0.078212829,0.07807135,材料1|25|正弦波|52|-12,3,123936.1788,139830.965262,91965.9836567,0.120666638961
附件一（训练集）.xlsx|材料1|204,25,177820,0.09842097,0.098196924,材料1|25|正弦波|52|-11,4,216240.5996,249234.340617,162295.397883,0.142001293861
附件一（训练集）.xlsx|材料1|205,25,177820,0.111126797,0.1108415995,材料1|25|正弦波|52|-10,4,290107.5928,338055.493829,219406.951439,0.152957712202
附件一（训练集）.xlsx|材料1|206,25,177820,0.124787496,0.124426791,材料1|25|正弦波|52|-10,4,381807.5464,452268.140854,292608.691506,0.169358151458
附件一（训练集）.xlsx|材料1|207,25,177820,0.139694474,0.139227434,材料1|25|正弦波|52|-9,0,508254.8668,611687.328983,389949.913561,0.185237890844
附件一（训练集）.xlsx|材料1|208,25,199500,0.012815761,0.012815212,材料1|25|正弦波|52|-19,2,1359.728946,1808.97467458,1165.14405907,0.285292307374
附件一（训练集）.xlsx|材料1|209,25,199500,0.012310655,0.0123097255,材料1|25|正弦波|52|-20,4,1295.823376,1630.03246132,1118.33782121,0.229295508961
附件一（训练集）.xlsx|材料1|21,25,56310,0.071156216,0.07094689,材料1|25|正弦波|47|-12,0,23248.3141,16667.8717597,11422.7812154,0.332732616934
附件一（训练集）.xlsx|材料1|210,25,199500,0.013819627,0.013815624,材料1|25|正弦波|52|-19,2,1713.519808,2186.72689034,1407.57708594,0.243730009092
附件一（训练集）.xlsx|材料1|211,25,199510,0.017506473,0.017499987,材料1|25|正弦波|52|-18,1,3131.491897,3958.60965029,2599.30056777,0.234316626217
附件一（训练集）.xlsx|材料1|212,25,199500,0.019724761,0.019716653,材料1|25|正弦波|52|-18,1,4293.7631,5342.76980235,3505.93058918,0.218534962643
附件一（训练集）.xlsx|材料1|213,25,199500,0.022106887,0.022100549,材料1|25|正弦波|52|-17,2,5780.063046,7126.51120686,4569.57455019,0.209374530378
附件一（训练集）.xlsx|材料1|214,25,199500,0.024645907,0.0246384215,材料1|25|正弦波|52|-17,2,7703.877937,9367.31782752,6001.02628354,0.195479926058
附件一（训练集）.xlsx|材料1|215,25,199500,0.030943922,0.030924014,材料1|25|正弦波|52|-16,1,13727.56106,16573.6923136,10849.4734651,0.188398560952
附件一（训练集）.xlsx|材料1|216,25,199500,0.034882533,0.0348577025,材料1|25|正弦波|52|-15,2,18846.99738,22438.5431961,14333.8735709,0.174418055303
附件一（训练集）.xlsx|材料1|217,25,199500,0.044123261,0.0440802045,材料1|25|正弦波|52|-14,1,34431.32807,40440.0629178,26422.6198768,0.16084978508
附件一（训练集）.xlsx|材料1|218,25,199500,0.049637415,0.049580642,材料1|25|正弦波|52|-14,1,46554.40586,54372.9920922,35503.6796919,0.155242825838
附件一（训练集）.xlsx|材料1|219,25,199500,0.05586234,0.0557953465,材料1|25|正弦波|52|-13,4,61598.99788,72639.0070692,47825.563457,0.164853995488
附件一（训练集）.xlsx|材料1|22,25,56320,0.088250718,0.0879342835,材料1|25|正弦波|47|-11,3,39002.19859,28383.6078804,19368.428104,0.317796635692
附件一（训练集）.xlsx|材料1|220,25,199510,0.062485307,0.062398487,材料1|25|正弦波|52|-13,4,84808.51689,96241.4576097,63172.2746691,0.126462843623
附件一（训练集）.xlsx|材料1|221,25,199500,0.069365104,0.069263705,材料1|25|正弦波|52|-12,3,109976.8533,124925.504109,82110.2041135,0.127446585364
附件一（训练集）.xlsx|材料1|222,25,199500,0.078271153,0.0781414615,材料1|25|正弦波|52|-12,3,147898.0434,169413.604161,110972.058421,0.135819087796
附件一（训练集）.xlsx|材料1|223,25,199500,0.08777544,0.087605485,材料1|25|正弦波|52|-11,4,195279.9663,225870.69962,146894.60354,0.145527762919
附件一（训练集）.xlsx|材料1|224,25,199500,0.09918362,0.0989592105,材料1|25|正弦波|52|-11,4,263199.8984,306960.851289,198968.283042,0.153805864146
附件一（训练集）.xlsx|材料1|225,25,199500,0.137562928,0.137121147,材料1|25|正弦波|52|-9,0,584646.126,712465.990832,451493.150358,0.1977251206
附件一（训练集）.xlsx|材料1|226,25,199500,0.1555797,0.1550460585,材料1|25|正弦波|52|-9,0,778826.1991,970255.73437,613699.577735,0.219771513827
附件一（训练集）.xlsx|材料1|227,25,223850,0.012885165,0.012880902,材料1|25|正弦波|53|-19,0,1741.014541,2266.32295984,1479.92204328,0.263557597014
附件一（训练集）.xlsx|材料1|228,25,223850,0.012339837,0.0123379605,材料1|25|正弦波|53|-20,1,1568.169639,1986.61403498,1303.13284109,0.2363883549
附件一（训练集）.xlsx|材料1|229,25,223850,0.013842517,0.0138385435,材料1|25|正弦波|53|-19,0,2071.805286,2712.82477572,1769.54982318,0.269456095783
附件一（训练集）.xlsx|材料1|23,25,56320,0.09832264,0.0979317295,材料1|25|正弦波|47|-11,3,50069.23431,37276.1122273,25359.0323098,0.295047180877
附件一（训练集）.xlsx|材料1|230,25,223850,0.01752089,0.0175145485,材料1|25|正弦波|53|-18,1,3794.890527,4795.85888702,3139.97460426,0.234042263873
附件一（训练集）.xlsx|材料1|231,25,223850,0.027619952,0.027604383,材料1|25|正弦波|53|-16,0,12211.32658,15353.5933561,9909.76001794,0.228968853646
附件一（训练集）.xlsx|材料1|232,25,223850,0.030832937,0.0308131455,材料1|25|正弦波|53|-16,0,16267.93111,20236.2962069,13039.2694478,0.218270026793
附件一（训练集）.xlsx|材料1|233,25,223850,0.03497456,0.034950774,材料1|25|正弦波|53|-15,4,22632.85134,27087.4077005,17984.0472129,0.179659243715
附件一（训练集）.xlsx|材料1|234,25,223850,0.044298559,0.044258588,材料1|25|正弦波|53|-14,2,41569.50494,49349.0232757,31350.7669176,0.171547337594
附件一（训练集）.xlsx|材料1|235,25,223850,0.049767615,0.049714867,材料1|25|正弦波|53|-14,2,56012.09577,66132.6709904,41972.9667072,0.16609249544
附件一（训练集）.xlsx|材料1|236,25,223850,0.061920136,0.061837243,材料1|25|正弦波|53|-13,2,98906.6499,114558.120014,72576.9528186,0.146904436252
附件一（训练集）.xlsx|材料1|237,25,223850,0.088159942,0.0879805725,材料1|25|正弦波|53|-11,0,237281.9938,282476.706866,179113.142404,0.174346138254
附件一（训练集）.xlsx|材料1|238,25,223850,0.09906537,0.0988434775,材料1|25|正弦波|53|-11,0,314961.8538,378509.253572,239577.884664,0.183788455102
附件一（训练集）.xlsx|材料1|239,25,223850,0.123579255,0.1232301235,材料1|25|正弦波|53|-10,3,544722.457,648265.418915,417511.972159,0.174023504624
附件一（训练集）.xlsx|材料1|24,25,56320,0.111341721,0.1108502595,材料1|25|正弦波|47|-10,3,66762.87637,51005.9406127,34577.8985859,0.269200447457
附件一（训练集）.xlsx|材料1|240,25,223850,0.138437409,0.1380034805,材料1|25|正弦波|53|-9,3,709348.3739,863175.663231,554145.217497,0.196271203278
附件一（训练集）.xlsx|材料1|241,25,251170,0.013064712,0.013060222,材料1|25|正弦波|53|-19,0,2262.910587,2841.01202904,1843.32179525,0.227418596075
附件一（训练集）.xlsx|材料1|242,25,251170,0.012355415,0.012352814,材料1|25|正弦波|53|-20,1,1948.042054,2409.60568645,1576.03410135,0.212540040592
附件一（训练集）.xlsx|材料1|243,25,251170,0.01390232,0.0138988745,材料1|25|正弦波|53|-19,0,2592.256897,3320.40248148,2152.31634046,0.247472552984
附件一（训练集）.xlsx|材料1|244,25,251170,0.017598874,0.0175922765,材料1|25|正弦波|53|-18,1,4704.915331,5863.67998888,3827.95694848,0.220127619335
附件一（训练集）.xlsx|材料1|245,25,251170,0.019603457,0.019594025,材料1|25|正弦波|53|-18,1,6166.926736,7690.36581443,5017.56330887,0.220735618795
附件一（训练集）.xlsx|材料1|246,25,251170,0.024500546,0.0244874735,材料1|25|正弦波|53|-17,2,10941.64448,13420.0058305,8536.76894056,0.204153585286
附件一（训练集）.xlsx|材料1|247,25,251170,0.027674865,0.0276563475,材料1|25|正弦波|53|-16,0,14874.62098,18682.958281,11983.633228,0.22794161265
附件一（训练集）.xlsx|材料1|248,25,251170,0.034915932,0.034885413,材料1|25|正弦波|53|-15,4,27126.64693,32589.4422822,21543.1268846,0.183465674085
附件一（训练集）.xlsx|材料1|249,25,251170,0.039381305,0.039348111,材料1|25|正弦波|53|-15,4,37101.17357,44084.9599085,29046.8456261,0.17246580765
附件一（训练集）.xlsx|材料1|25,25,56310,0.139394982,0.138671702,材料1|25|正弦波|47|-9,4,113796.1134,90338.2605875,60884.5112429,0.230845010398
附件一（训练集）.xlsx|材料1|250,25,251170,0.044373226,0.044325901,材料1|25|正弦波|53|-14,2,50336.60598,59760.4574435,37829.6446907,0.171608497242
附件一（训练集）.xlsx|材料1|251,25,251170,0.049590251,0.0495336715,材料1|25|正弦波|53|-14,2,69303.99422,79033.8244879,49984.3581168,0.131371601373
附件一（训练集）.xlsx|材料1|252,25,251170,0.055209191,0.05514121,材料1|25|正弦波|53|-13,2,90837.14978,103523.053286,65414.5904721,0.13072463547
附件一（训练集）.xlsx|材料1|253,25,251170,0.062204289,0.062117206,材料1|25|正弦波|53|-13,2,120548.5034,139740.502124,88213.1945207,0.14773381732
附件一（训练集）.xlsx|材料1|254,25,251170,0.069834708,0.069716152,材料1|25|正弦波|53|-12,4,160968.1046,185715.801739,120471.063335,0.143010492452
附件一（训练集）.xlsx|材料1|255,25,251170,0.078679059,0.078540248,材料1|25|正弦波|53|-12,4,216823.809,250530.609335,161988.591734,0.144495401859
附件一（训练集）.xlsx|材料1|256,25,251170,0.088210242,0.088026324,材料1|25|正弦波|53|-11,0,286943.8736,342511.685272,215833.756063,0.177018575046
附件一（训练集）.xlsx|材料1|257,25,251170,0.098711705,0.0984746815,材料1|25|正弦波|53|-11,0,385325.0273,454203.322218,285724.338935,0.164457345648
附件一（训练集）.xlsx|材料1|258,25,281860,0.013181627,0.013177977,材料1|25|正弦波|54|-19,0,2889.53144,3518.39243794,2268.36626228,0.196847997363
附件一（训练集）.xlsx|材料1|259,25,281850,0.012429312,0.0124242965,材料1|25|正弦波|54|-20,2,2480.678594,2937.32332183,1872.28196168,0.168903936336
附件一（训练集）.xlsx|材料1|26,25,56310,0.156058959,0.155136467,材料1|25|正弦波|47|-9,4,148257.1129,119946.954591,80591.4295127,0.211896823872
附件一（训练集）.xlsx|材料1|260,25,281850,0.013957943,0.013954087,材料1|25|正弦波|54|-19,0,3297.714089,4061.43065799,2616.18657455,0.208248756176
附件一（训练集）.xlsx|材料1|261,25,281850,0.015644295,0.015637817,材料1|25|正弦波|54|-19,0,4341.331734,5407.20230806,3477.00062082,0.219505277341
附件一（训练集）.xlsx|材料1|262,25,281850,0.017415227,0.01740898,材料1|25|正弦波|54|-18,0,5670.629505,7076.77327012,4543.13036528,0.221482881263
附件一（训练集）.xlsx|材料1|263,25,281860,0.024638591,0.024626468,材料1|25|正弦波|54|-17,3,13623.67457,16253.430376,10867.3414404,0.176483054644
附件一（训练集）.xlsx|材料1|264,25,281860,0.027736927,0.027719368,材料1|25|正弦波|54|-16,2,18325.83964,22112.51042,14001.9513985,0.187822120593
附件一（训练集）.xlsx|材料1|265,25,281850,0.031137361,0.031114646,材料1|25|正弦波|54|-16,2,24592.22803,29574.0744931,18708.9276642,0.184460806941
附件一（训练集）.xlsx|材料1|266,25,281850,0.035130795,0.035101665,材料1|25|正弦波|54|-15,0,33679.40394,41166.5884895,26145.9358532,0.200735076838
附件一（训练集）.xlsx|材料1|267,25,281860,0.039456294,0.039417137,材料1|25|正弦波|54|-15,0,45459.87546,55094.2960936,34929.6257748,0.192212266114
附件一（训练集）.xlsx|材料1|268,25,281850,0.044125441,0.044073889,材料1|25|正弦波|54|-14,2,62572.44922,71065.4804254,44828.1268578,0.127274728695
附件一（训练集）.xlsx|材料1|269,25,281850,0.049106648,0.0490508835,材料1|25|正弦波|54|-14,2,82051.91465,92997.3867226,58611.1742018,0.125217806177
附件一（训练集）.xlsx|材料1|27,25,56320,0.175767158,0.174635794,材料1|25|正弦波|47|-8,4,198685.0545,161725.813617,108310.251639,0.205817387331
附件一（训练集）.xlsx|材料1|270,25,281850,0.0553264,0.0552529975,材料1|25|正弦波|54|-13,3,110783.9294,124991.858555,81685.4889491,0.120665855291
附件一（训练集）.xlsx|材料1|271,25,281850,0.062049735,0.061963968,材料1|25|正弦波|54|-13,3,145390.1865,166912.18391,108729.013879,0.138045872701
附件一（训练集）.xlsx|材料1|272,25,281850,0.069894051,0.069778201,材料1|25|正弦波|54|-12,3,196252.4584,225355.201897,146307.233296,0.138275291007
附件一（训练集）.xlsx|材料1|273,50,50020,0.027998459,0.027987218,材料1|50|正弦波|46|-16,4,1095.616077,881.107723699,935.148213674,0.21767023937
附件一（训练集）.xlsx|材料1|274,50,50020,0.035006203,0.0349970135,材料1|50|正弦波|46|-15,0,1909.33587,1522.39375578,1609.89004725,0.226338494688
附件一（训练集）.xlsx|材料1|275,50,50020,0.039650286,0.039646443,材料1|50|正弦波|46|-15,0,2623.160983,2081.03587646,2196.45055072,0.231415017655
附件一（训练集）.xlsx|材料1|276,50,50020,0.044581841,0.0445801885,材料1|50|正弦波|46|-14,1,3549.272659,2796.0939081,2868.94608799,0.238443417655
附件一（训练集）.xlsx|材料1|277,50,50030,0.049734534,0.0497203295,材料1|50|正弦波|46|-14,1,4845.135951,3682.23464471,3775.94364188,0.274390330627
附件一（训练集）.xlsx|材料1|278,50,50020,0.05547109,0.055461479,材料1|50|正弦波|46|-13,3,6351.403688,4849.28821731,5022.94074327,0.269795145389
附件一（训练集）.xlsx|材料1|279,50,50020,0.070031481,0.069985391,材料1|50|正弦波|46|-12,0,11029.67308,8673.15153511,9074.87740233,0.240332338771
附件一（训练集）.xlsx|材料1|28,25,56320,0.195472805,0.19410156,材料1|25|正弦波|47|-8,4,255933.2678,211170.949313,141015.777055,0.192247917843
附件一（训练集）.xlsx|材料1|280,50,50020,0.079569864,0.079506478,材料1|50|正弦波|46|-11,0,15113.44827,11948.8737478,12477.9356014,0.234930412128
附件一（训练集）.xlsx|材料1|281,50,50020,0.088950564,0.0888382315,材料1|50|正弦波|46|-11,0,19940.16763,15804.249015,16475.9118752,0.232444218992
附件一（训练集）.xlsx|材料1|282,50,50030,0.098956297,0.0987537565,材料1|50|正弦波|46|-11,0,26026.23789,20657.7077792,21500.3272393,0.23100668607
附件一（训练集）.xlsx|材料1|283,50,50020,0.110767692,0.1105165625,材料1|50|正弦波|46|-10,0,34262.29336,27404.0040768,28472.9695833,0.223348989445
附件一（训练集）.xlsx|材料1|284,50,50030,0.124705863,0.1243425215,材料1|50|正弦波|46|-10,0,45874.56082,36907.7589136,38277.5874974,0.217483639449
附件一（训练集）.xlsx|材料1|285,50,50020,0.174691611,0.173944284,材料1|50|正弦波|46|-8,3,105597.3536,87512.3573092,87758.2574335,0.187851343567
附件一（训练集）.xlsx|材料1|286,50,50020,0.197460369,0.1964880245,材料1|50|正弦波|46|-8,3,144536.8874,119193.035568,119115.352019,0.19278895353
附件一（训练集）.xlsx|材料1|287,50,50020,0.220096919,0.218875574,材料1|50|正弦波|46|-7,3,189925.2011,156716.624997,156135.482001,0.192189962357
附件一（训练集）.xlsx|材料1|288,50,50030,0.271960226,0.269986469,材料1|50|正弦波|46|-6,0,323386.9029,261089.229792,267570.005524,0.213986484849
附件一（训练集）.xlsx|材料1|289,50,56320,0.024595515,0.0245586985,材料1|50|正弦波|47|-17,4,978.4264497,773.321406546,819.933135852,0.234980103597
附件一（训练集）.xlsx|材料1|29,25,56320,0.218359686,0.2166443665,材料1|25|正弦波|47|-7,2,331623.2171,289226.927032,189245.244518,0.136787399532
附件一（训练集）.xlsx|材料1|290,50,56320,0.027719913,0.0276876295,材料1|50|正弦波|47|-16,2,1322.360361,1040.28925124,1072.13757879,0.239714619697
附件一（训练集）.xlsx|材料1|291,50,56320,0.035088566,0.035026579,材料1|50|正弦波|47|-15,3,2344.433168,1858.58425286,1942.10301738,0.232117161896
附件一（训练集）.xlsx|材料1|292,50,56320,0.039600365,0.0395484715,材料1|50|正弦波|47|-15,3,3171.45816,2521.5246278,2625.85358119,0.229246495735
附件一（训练集）.xlsx|材料1|293,50,56320,0.044054976,0.043974818,材料1|50|正弦波|47|-14,0,4277.388038,3301.03343565,3456.31864583,0.259037840692
附件一（训练集）.xlsx|材料1|294,50,56320,0.055769263,0.055661208,材料1|50|正弦波|47|-13,2,7514.230322,6034.37242746,6183.44289447,0.219294107132
附件一（训练集）.xlsx|材料1|295,50,56320,0.062738723,0.062590526,材料1|50|正弦波|47|-13,2,9956.432911,8114.03832295,8306.43158788,0.204600375078
附件一（训练集）.xlsx|材料1|296,50,56320,0.087912778,0.0876355555,材料1|50|正弦波|47|-11,3,22401.88282,18841.1607135,19184.0109468,0.173092697777
附件一（训练集）.xlsx|材料1|297,50,56320,0.123875456,0.1233433625,材料1|50|正弦波|47|-10,1,51530.81264,44390.3625554,45163.9307858,0.149154424652
附件一（训练集）.xlsx|材料1|298,50,56320,0.139719801,0.1390479375,材料1|50|正弦波|47|-9,2,69788.57213,60766.2994402,61798.6565431,0.138432796058
附件一（训练集）.xlsx|材料1|299,50,56320,0.219919305,0.218375746,材料1|50|正弦波|47|-7,2,220116.1066,190141.571452,192651.452107,0.146385540627
附件一（训练集）.xlsx|材料1|3,25,50020,0.0314273,0.031423238,材料1|25|正弦波|46|-16,3,2427.74983,1726.43023597,1217.96758801,0.340741760259
附件一（训练集）.xlsx|材料1|30,25,56320,0.240403954,0.2383736835,材料1|25|正弦波|47|-7,2,416358.3168,368363.52046,240834.762509,0.122475637126
附件一（训练集）.xlsx|材料1|300,50,56310,0.272393209,0.270006115,材料1|50|正弦波|47|-6,3,374065.9706,326260.715674,321763.730544,0.136734979057
附件一（训练集）.xlsx|材料1|301,50,63020,0.021735024,0.0216835165,材料1|50|正弦波|47|-17,4,805.9127383,681.921404636,722.358029329,0.166835752235
附件一（训练集）.xlsx|材料1|302,50,63020,0.024884866,0.0248290255,材料1|50|正弦波|47|-17,4,1133.209213,957.828603004,1010.89362607,0.167978624252
附件一（训练集）.xlsx|材料1|303,50,63020,0.027942402,0.0278763545,材料1|50|正弦波|47|-16,2,1497.701442,1274.20282963,1308.57339082,0.161493779817
附件一（训练集）.xlsx|材料1|304,50,63020,0.035386175,0.03528788,材料1|50|正弦波|47|-15,3,2659.779691,2285.95136059,2378.72504964,0.151399549726
附件一（训练集）.xlsx|材料1|305,50,63030,0.039285167,0.039173857,材料1|50|正弦波|47|-15,3,3616.413798,2976.18167138,3087.82762598,0.19478224492
附件一（训练集）.xlsx|材料1|306,50,63020,0.063005505,0.062826405,材料1|50|正弦波|47|-13,2,11494.72838,9845.20793742,10043.3557905,0.154889121062
附件一（训练集）.xlsx|材料1|307,50,63020,0.078477307,0.0781868885,材料1|50|正弦波|47|-12,4,19243.53155,17121.1740106,17513.2995997,0.116852595797
附件一（训练集）.xlsx|材料1|308,50,63020,0.088415525,0.0880534465,材料1|50|正弦波|47|-11,3,25703.58543,23013.7655315,23336.7472614,0.110533407807
附件一（训练集）.xlsx|材料1|309,50,63020,0.099057728,0.0986406125,材料1|50|正弦波|47|-11,3,33873.21869,30652.4369401,30983.0740077,0.0999094232592
附件一（训练集）.xlsx|材料1|31,25,56310,0.268948476,0.266448117,材料1|25|正弦波|47|-6,0,534557.2986,468651.35515,314710.1028,0.131579549228
附件一（训练集）.xlsx|材料1|310,50,63020,0.111491301,0.1109793615,材料1|50|正弦波|47|-10,1,45187.74242,40998.7937655,41619.4595491,0.0972809577309
附件一（训练集）.xlsx|材料1|311,50,63020,0.124758829,0.1241411525,材料1|50|正弦波|47|-10,1,59602.37429,54391.6135797,55181.7868085,0.0914838232145
附件一（训练集）.xlsx|材料1|312,50,63020,0.139630586,0.13886633,材料1|50|正弦波|47|-9,2,79323.33333,72831.4336898,73812.3558125,0.0853835594411
附件一（训练集）.xlsx|材料1|313,50,63020,0.158442085,0.157511479,材料1|50|正弦波|47|-9,2,108629.5997,100081.096614,101323.598839,0.0819623176857
附件一（训练集）.xlsx|材料1|314,50,63020,0.198024795,0.196587128,材料1|50|正弦波|47|-8,4,191311.8669,174856.561122,174409.463849,0.0899384284569
附件一（训练集）.xlsx|材料1|315,50,63020,0.219842525,0.218086208,材料1|50|正弦波|47|-7,2,249461.3838,228060.129916,230270.075601,0.0896944308067
附件一（训练集）.xlsx|材料1|316,50,63030,0.273228307,0.270713868,材料1|50|正弦波|47|-6,3,427142.3839,396089.381544,389057.369809,0.0754773291054
附件一（训练集）.xlsx|材料1|317,50,70830,0.021906007,0.0218955195,材料1|50|正弦波|48|-17,4,927.258475,842.582326245,888.386714154,0.0956527251104
附件一（训练集）.xlsx|材料1|318,50,70830,0.024739738,0.0247155365,材料1|50|正弦波|48|-17,4,1243.598131,1143.52407407,1201.70077233,0.0838237967021
附件一（训练集）.xlsx|材料1|319,50,70830,0.027898511,0.0278790915,材料1|50|正弦波|48|-16,0,1716.460317,1535.15076867,1598.74889929,0.111566853156
附件一（训练集）.xlsx|材料1|32,25,63010,0.02215917,0.022109243,材料1|25|正弦波|47|-17,1,1507.127686,1070.47429536,722.569000055,0.341833392168
附件一（训练集）.xlsx|材料1|320,50,70840,0.034971173,0.034936074,材料1|50|正弦波|48|-15,4,3092.694422,2727.14321003,2838.98668357,0.125744747617
附件一（训练集）.xlsx|材料1|321,50,70840,0.039166017,0.039103001,材料1|50|正弦波|48|-15,4,4083.403273,3624.27551148,3761.29031941,0.119245351455
附件一（训练集）.xlsx|材料1|322,50,70840,0.055806217,0.055689152,材料1|50|正弦波|48|-13,4,9807.160843,8815.85692442,9061.34651808,0.106549329491
附件一（训练集）.xlsx|材料1|323,50,70840,0.069936826,0.0697803285,材料1|50|正弦波|48|-12,0,16701.43194,15408.078374,15822.3386167,0.080597493432
附件一（训练集）.xlsx|材料1|324,50,70840,0.087267597,0.086994974,材料1|50|正弦波|48|-11,0,28733.10879,26853.6627506,27482.4452588,0.0676454115692
附件一（训练集）.xlsx|材料1|325,50,70840,0.111515332,0.1111011245,材料1|50|正弦波|48|-10,1,52609.57548,49746.5607326,50351.8598903,0.0559557223848
附件一（训练集）.xlsx|材料1|326,50,70840,0.245317131,0.243470761,材料1|50|正弦波|48|-7,1,383820.4649,361035.687341,363888.802245,0.0611979291623
附件一（训练集）.xlsx|材料1|327,50,70840,0.277810676,0.2754231005,材料1|50|正弦波|48|-6,1,522759.9608,493583.567646,497152.821504,0.0574300984611
附件一（训练集）.xlsx|材料1|328,50,79460,0.019596081,0.0195815685,材料1|50|正弦波|49|-18,4,778.1715275,769.358738881,810.08658595,0.0113749099746
附件一（训练集）.xlsx|材料1|329,50,79460,0.022072663,0.0220522525,材料1|50|正弦波|49|-17,0,1057.340411,1032.37119856,1072.32890257,0.0238755652929
附件一（训练集）.xlsx|材料1|33,25,63020,0.024833427,0.0247796775,材料1|25|正弦波|47|-17,1,1987.49952,1425.90977971,961.896547656,0.331869231528
附件一（训练集）.xlsx|材料1|330,50,79470,0.024803567,0.024780935,材料1|50|正弦波|49|-17,0,1408.347747,1383.70241392,1434.68699206,0.0176417536231
附件一（训练集）.xlsx|材料1|331,50,79470,0.027988007,0.0279560025,材料1|50|正弦波|49|-16,2,1914.446848,1865.32834062,1901.93978726,0.0259778898538
附件一（训练集）.xlsx|材料1|332,50,79460,0.031124389,0.031087905,材料1|50|正弦波|49|-16,2,2619.833509,2435.94692777,2481.59793816,0.0727464036699
附件一（训练集）.xlsx|材料1|333,50,79460,0.034641168,0.0345981885,材料1|50|正弦波|49|-15,3,3358.272558,3177.24759258,3281.43874752,0.0553944765581
附件一（训练集）.xlsx|材料1|334,50,79460,0.044247429,0.044174195,材料1|50|正弦波|49|-14,1,6196.269592,5884.87774552,5968.85450833,0.0515529274536
附件一（训练集）.xlsx|材料1|335,50,79460,0.049923899,0.0498270335,材料1|50|正弦波|49|-14,1,8411.541611,7971.20631208,8079.72961943,0.0537623596848
附件一（训练集）.xlsx|材料1|336,50,79460,0.062415913,0.062270163,材料1|50|正弦波|49|-13,1,14671.43686,13975.0017233,14148.3298271,0.0486289940156
附件一（训练集）.xlsx|材料1|337,50,79460,0.078516027,0.078293662,材料1|50|正弦波|49|-12,1,25213.52305,24883.2801027,25160.9553706,0.0131838570953
附件一（训练集）.xlsx|材料1|338,50,79460,0.087456628,0.087177401,材料1|50|正弦波|49|-11,4,32922.90003,32884.4688912,33243.2348735,0.00116795355552
附件一（训练集）.xlsx|材料1|339,50,79460,0.110941956,0.110509957,材料1|50|正弦波|49|-10,0,59518.79178,59348.5450554,60142.0594556,0.00286443662477
附件一（训练集）.xlsx|材料1|34,25,63020,0.028038291,0.027974751,材料1|25|正弦波|47|-16,3,2690.828365,1896.32455288,1331.32760223,0.349775888559
附件一（训练集）.xlsx|材料1|340,50,79460,0.125548673,0.125017354,材料1|50|正弦波|49|-10,0,81770.16356,80946.2201727,81873.4935776,0.0101273182605
附件一（训练集）.xlsx|材料1|341,50,79460,0.140722129,0.1400682745,材料1|50|正弦波|49|-9,1,109005.8457,107887.997474,108751.528606,0.010307787438
附件一（训练集）.xlsx|材料1|342,50,79460,0.17522511,0.1742215755,材料1|50|正弦波|49|-8,3,191579.1859,189422.729277,186885.40491,0.0113199868306
附件一（训练集）.xlsx|材料1|343,50,79460,0.196442426,0.195179427,材料1|50|正弦波|49|-8,3,255525.1192,252704.685813,248516.696096,0.011099117818
附件一（训练集）.xlsx|材料1|344,50,79460,0.220424804,0.2188680345,材料1|50|正弦波|49|-7,3,341579.3928,337884.679417,331206.503396,0.0108754504459
附件一（训练集）.xlsx|材料1|345,50,89080,0.019592071,0.019572113,材料1|50|正弦波|49|-18,4,869.3314017,927.730673915,972.59789843,0.0649447265
附件一（训练集）.xlsx|材料1|346,50,89080,0.022148558,0.0221235625,材料1|50|正弦波|49|-17,0,1209.671781,1258.97770733,1299.60318627,0.0399186317551
附件一（训练集）.xlsx|材料1|347,50,89080,0.027709906,0.027676541,材料1|50|正弦波|49|-16,2,2211.8587,2189.98041954,2225.28454691,0.00993608524682
附件一（训练集）.xlsx|材料1|348,50,89080,0.031058478,0.0310040365,材料1|50|正弦波|49|-16,2,2968.048897,2917.64568098,2961.89865034,0.0171219640216
附件一（训练集）.xlsx|材料1|349,50,89080,0.035032741,0.0349740665,材料1|50|正弦波|49|-15,3,3953.386891,3947.6984759,4059.58507558,0.00143954311915
附件一（训练集）.xlsx|材料1|35,25,63020,0.035575387,0.035501704,材料1|25|正弦波|47|-15,3,4918.264521,3456.73063359,2410.56850296,0.352546544091
附件一（训练集）.xlsx|材料1|350,50,89080,0.044246566,0.0441547325,材料1|50|正弦波|49|-14,1,7125.09244,7104.70826678,7185.49532829,0.00286459704942
附件一（训练集）.xlsx|材料1|351,50,89080,0.04985849,0.0497455265,材料1|50|正弦波|49|-14,1,9613.206009,9592.29938282,9695.16982983,0.00217692344849
附件一（训练集）.xlsx|材料1|352,50,89080,0.055390007,0.055253222,材料1|50|正弦波|49|-13,1,12510.94661,12496.6769139,12623.5790707,0.00114113653787
附件一（训练集）.xlsx|材料1|353,50,89090,0.069895358,0.069688953,材料1|50|正弦波|49|-12,1,21709.11751,22430.2692646,22629.7716042,0.0326775381523
附件一（训练集）.xlsx|材料1|354,50,89080,0.078733433,0.0784791385,材料1|50|正弦波|49|-12,1,29302.81562,30252.1857324,30501.886,0.0318837589157
附件一（训练集）.xlsx|材料1|355,50,89080,0.099278312,0.0988845785,材料1|50|正弦波|49|-11,4,52515.80528,54542.8416421,54708.8071742,0.0378715931379
附件一（训练集）.xlsx|材料1|356,50,89080,0.111905331,0.1114241155,材料1|50|正弦波|49|-10,0,71214.73311,73328.6546375,73842.7573544,0.0292513277389
附件一（训练集）.xlsx|材料1|357,50,89090,0.125714115,0.1251162715,材料1|50|正弦波|49|-10,0,95692.06829,98209.6611486,98721.7802746,0.0259689109617
附件一（训练集）.xlsx|材料1|358,50,89090,0.154987099,0.1540881895,材料1|50|正弦波|49|-9,1,164004.0721,166075.213433,166839.202697,0.0125494452785
附件一（训练集）.xlsx|材料1|359,50,89080,0.175012928,0.173895841,材料1|50|正弦波|49|-8,3,222966.1134,228080.114847,224134.019965,0.0226770455134
附件一（训练集）.xlsx|材料1|36,25,63020,0.039632207,0.039510366,材料1|25|正弦波|47|-15,3,6538.643558,4538.74833154,3155.48678172,0.365011085213
附件一（训练集）.xlsx|材料1|360,50,89090,0.196426667,0.1950362065,材料1|50|正弦波|49|-8,3,299341.3213,305202.654764,298945.53362,0.0193914685208
附件一（训练集）.xlsx|材料1|361,50,99950,0.019626467,0.0196216655,材料1|50|正弦波|49|-18,4,993.1452072,1125.7961263,1175.01308991,0.125250318523
附件一（训练集）.xlsx|材料1|362,50,99950,0.022079873,0.022070757,材料1|50|正弦波|49|-17,0,1358.636001,1512.48519786,1551.70041615,0.107198051759
附件一（训练集）.xlsx|材料1|363,50,99960,0.024736007,0.024722269,材料1|50|正弦波|49|-17,0,1896.952399,2011.64406543,2060.20815785,0.0586736927393
附件一（训练集）.xlsx|材料1|364,50,99950,0.027697304,0.0276792085,材料1|50|正弦波|49|-16,2,2514.323963,2637.70594056,2670.7198379,0.047887015371
附件一（训练集）.xlsx|材料1|365,50,99950,0.034985059,0.034955729,材料1|50|正弦波|49|-15,3,4450.983841,4758.25121779,4873.61206733,0.066740544881
附件一（训练集）.xlsx|材料1|366,50,99950,0.03932032,0.039281267,材料1|50|正弦波|49|-15,3,6016.132491,6388.38682226,6521.73061232,0.0600274893869
附件一（训练集）.xlsx|材料1|367,50,99950,0.044374046,0.0443230425,材料1|50|正弦波|49|-14,1,8213.583988,8652.25114701,8725.30192398,0.0520239958027
附件一（训练集）.xlsx|材料1|368,50,99950,0.049289206,0.049208666,材料1|50|正弦波|49|-14,1,10691.6548,11267.4644019,11356.2038707,0.052451024935
附件一（训练集）.xlsx|材料1|369,50,99950,0.055227445,0.0551327185,材料1|50|正弦波|49|-13,1,14180.43445,14997.786011,15106.6973951,0.0560355891568
附件一（训练集）.xlsx|材料1|37,25,63020,0.050162968,0.049988672,材料1|25|正弦波|47|-13,1,11504.91656,8351.07782561,5612.33231352,0.320351037249
附件一（训练集）.xlsx|材料1|370,50,99950,0.062263833,0.0621528135,材料1|50|正弦波|49|-13,1,19258.68453,20274.9647713,20409.0849846,0.0514221564572
附件一（训练集）.xlsx|材料1|371,50,99950,0.069688289,0.069534018,材料1|50|正弦波|49|-12,1,24954.9899,26912.6455858,27074.3335961,0.0755195592995
附件一（训练集）.xlsx|材料1|372,50,99950,0.078606543,0.0784206325,材料1|50|正弦波|49|-12,1,33773.96405,36428.173172,36623.3997322,0.075650094965
附件一（训练集）.xlsx|材料1|373,50,99950,0.088058339,0.0878309375,材料1|50|正弦波|49|-11,4,45016.12152,48764.9714466,48858.2672796,0.0799898675761
附件一（训练集）.xlsx|材料1|374,50,99950,0.099492308,0.0992003775,材料1|50|正弦波|49|-11,4,61682.11388,66253.7945886,66160.2390858,0.0714976209802
附件一（训练集）.xlsx|材料1|375,50,99950,0.11147328,0.111115749,材料1|50|正弦波|49|-10,0,82409.82889,87925.7289,87999.3056332,0.0647869946678
附件一（训练集）.xlsx|材料1|376,50,99950,0.13846764,0.137886268,材料1|50|正弦波|49|-9,1,145360.8569,151220.700893,151570.784571,0.0395207793763
附件一（训练集）.xlsx|材料1|377,50,99950,0.156126109,0.1554272775,材料1|50|正弦波|49|-9,1,196926.3359,204484.651382,204826.322637,0.0376630012332
附件一（训练集）.xlsx|材料1|378,50,99950,0.174166404,0.173277967,材料1|50|正弦波|49|-8,3,259939.8297,272503.546711,266747.999519,0.0472012721047
附件一（训练集）.xlsx|材料1|379,50,99950,0.196760718,0.195669219,材料1|50|正弦波|49|-8,3,355880.6652,370649.866792,361574.430679,0.0406622852027
附件一（训练集）.xlsx|材料1|38,25,63020,0.056284632,0.0560852375,材料1|25|正弦波|47|-13,1,14827.08294,11154.7707139,7491.92901717,0.284565961908
附件一（训练集）.xlsx|材料1|380,50,99950,0.221476544,0.220080642,材料1|50|正弦波|49|-7,3,479177.7654,499527.326996,485671.580536,0.0415905739684
附件一（训练集）.xlsx|材料1|381,50,99950,0.243511331,0.241836236,材料1|50|正弦波|49|-7,3,619685.956,634508.190777,615259.143793,0.023637331268
附件一（训练集）.xlsx|材料1|382,50,99950,0.272694045,0.2707155055,材料1|50|正弦波|49|-6,4,821036.215,832744.728441,809047.433558,0.0141599103072
附件一（训练集）.xlsx|材料1|383,50,112160,0.016657636,0.0166455755,材料1|50|正弦波|50|-18,1,739.8215625,891.042345451,900.689418478,0.185753813977
附件一（训练集）.xlsx|材料1|384,50,112160,0.017544284,0.017532727,材料1|50|正弦波|50|-18,1,835.4853336,1015.12620259,1025.8317178,0.194543848354
附件一（训练集）.xlsx|材料1|385,50,112160,0.019775875,0.0197630485,材料1|50|正弦波|50|-18,1,1143.163558,1371.67036509,1385.2473324,0.182084161252
附件一（训练集）.xlsx|材料1|386,50,112160,0.024554309,0.024537799,材料1|50|正弦波|50|-17,1,2098.810441,2363.46132697,2384.08993984,0.118703152814
附件一（训练集）.xlsx|材料1|387,50,112170,0.027639801,0.027617147,材料1|50|正弦波|50|-16,3,2838.707823,3177.52781768,3263.07951431,0.112716971528
附件一（训练集）.xlsx|材料1|388,50,112170,0.035141726,0.035101465,材料1|50|正弦波|50|-15,0,5186.650045,5879.3520584,5951.93511515,0.125335824521
附件一（训练集）.xlsx|材料1|389,50,112170,0.039538136,0.039494407,材料1|50|正弦波|50|-15,0,7059.64503,7902.86684759,7986.02199892,0.112815702743
附件一（训练集）.xlsx|材料1|39,25,63020,0.063400353,0.0631830195,材料1|25|正弦波|47|-12,0,19682.18168,15042.8150125,10264.8013442,0.268797605185
附件一（训练集）.xlsx|材料1|390,50,112150,0.0491669,0.0490957155,材料1|50|正弦波|50|-14,2,12269.25192,13467.5959022,13523.7086855,0.0931829562129
附件一（训练集）.xlsx|材料1|391,50,112160,0.055386947,0.055295333,材料1|50|正弦波|50|-13,4,16543.32032,18399.3870036,18586.9060449,0.106328837355
附件一（训练集）.xlsx|材料1|392,50,112160,0.062058326,0.061944588,材料1|50|正弦波|50|-13,4,22183.00785,24479.4802484,24652.4970553,0.0985044132708
附件一（训练集）.xlsx|材料1|393,50,112160,0.069972704,0.069837034,材料1|50|正弦波|50|-12,4,29349.51758,33087.9309466,33213.0533642,0.119888633093
附件一（训练集）.xlsx|材料1|394,50,112160,0.078442345,0.078273722,材料1|50|正弦波|50|-12,4,39278.81673,44080.2505698,44109.4839739,0.115323717159
附件一（训练集）.xlsx|材料1|395,50,112160,0.088775331,0.0885591685,材料1|50|正弦波|50|-11,1,54053.59161,59812.382107,59920.5292514,0.101234925341
附件一（训练集）.xlsx|材料1|396,50,112160,0.099373274,0.0991136795,材料1|50|正弦波|50|-11,1,72281.36189,79418.4678415,79514.0213077,0.0941633829797
附件一（训练集）.xlsx|材料1|397,50,112160,0.111271014,0.110950284,材料1|50|正弦波|50|-10,0,98510.8538,105994.177577,105428.466656,0.0732167144387
附件一（训练集）.xlsx|材料1|398,50,112160,0.12385457,0.123450845,材料1|50|正弦波|50|-10,0,129520.7229,138687.203782,137721.169093,0.0683796637955
附件一（训练集）.xlsx|材料1|399,50,112160,0.175414152,0.1746478595,材料1|50|正弦波|50|-8,2,314222.2027,329963.728904,327887.940076,0.0488821966328
附件一（训练集）.xlsx|材料1|4,25,50020,0.035534728,0.0355236345,材料1|25|正弦波|46|-15,0,3332.72576,2397.44747144,1671.19343711,0.329268884262
附件一（训练集）.xlsx|材料1|40,25,63020,0.071323606,0.071045913,材料1|25|正弦波|47|-12,0,26015.31362,20214.1331338,13768.7482459,0.252292299217
附件一（训练集）.xlsx|材料1|400,50,112160,0.24358413,0.242088871,材料1|50|正弦波|50|-7,3,733865.3511,768150.979206,741841.539539,0.0456606740962
附件一（训练集）.xlsx|材料1|401,50,112160,0.273028806,0.271200752,材料1|50|正弦波|50|-6,3,968499.8293,1024300.51219,986036.911252,0.0560168686398
附件一（训练集）.xlsx|材料1|402,50,125850,0.017339621,0.017337483,材料1|50|正弦波|50|-18,1,951.481771,1191.71095545,1200.88542213,0.224913140205
附件一（训练集）.xlsx|材料1|403,50,125850,0.017517615,0.017516983,材料1|50|正弦波|50|-18,1,983.3822228,1222.70475834,1232.05043654,0.217623964035
附件一（训练集）.xlsx|材料1|404,50,125860,0.021776607,0.02177115,材料1|50|正弦波|50|-17,1,1817.624491,2113.45327866,2127.12218614,0.150715840821
附件一（训练集）.xlsx|材料1|405,50,125860,0.02770807,0.0276957345,材料1|50|正弦波|50|-16,3,3326.960389,3867.23128453,3955.09691901,0.150437749606
附件一（训练集）.xlsx|材料1|406,50,125860,0.031241119,0.0312246275,材料1|50|正弦波|50|-16,3,4543.843552,5234.06273686,5334.88244044,0.141385523335
附件一（训练集）.xlsx|材料1|407,50,125860,0.035183971,0.035165125,材料1|50|正弦波|50|-15,0,6062.379548,7140.2009247,7183.46713699,0.163613633121
附件一（训练集）.xlsx|材料1|408,50,125860,0.03893157,0.0389098155,材料1|50|正弦波|50|-15,0,7868.949799,9204.68128145,9246.13450243,0.156769140425
附件一（训练集）.xlsx|材料1|409,50,125860,0.049302367,0.0492631935,材料1|50|正弦波|50|-14,2,14409.12046,16357.5231214,16366.8761826,0.1268182839
附件一（训练集）.xlsx|材料1|41,25,63020,0.079125307,0.0787921845,材料1|25|正弦波|47|-12,0,33431.1089,26228.6813289,17837.1869435,0.242625137801
附件一（训练集）.xlsx|材料1|410,50,125860,0.055166543,0.055116566,材料1|50|正弦波|50|-13,4,19296.03239,22011.9691327,22141.1558994,0.131680463787
附件一（训练集）.xlsx|材料1|411,50,125860,0.078898923,0.0787846965,材料1|50|正弦波|50|-12,4,47211.21881,54047.3662947,53837.4289603,0.135226585631
附件一（训练集）.xlsx|材料1|412,50,125850,0.099023966,0.0988557515,材料1|50|正弦波|50|-11,1,87351.97459,95178.6094113,95020.4364497,0.0858086423079
附件一（训练集）.xlsx|材料1|413,50,125860,0.110279041,0.1100518985,材料1|50|正弦波|50|-10,0,114483.3823,125504.560792,124078.264283,0.0919116521226
附件一（训练集）.xlsx|材料1|414,50,125860,0.139115518,0.1387499845,材料1|50|正弦波|50|-9,1,207436.5315,223746.241516,222967.620294,0.0756867873259
附件一（训练集）.xlsx|材料1|415,50,125860,0.156636032,0.1561774305,材料1|50|正弦波|50|-9,1,280098.7363,301487.122674,300247.148019,0.0735848804592
附件一（训练集）.xlsx|材料1|416,50,125860,0.17565708,0.175066846,材料1|50|正弦波|50|-8,2,375312.9687,399334.833918,395407.627734,0.0620398263472
附件一（训练集）.xlsx|材料1|417,50,125850,0.218306402,0.2173602285,材料1|50|正弦波|50|-7,3,664504.626,704802.275587,680023.020847,0.0588753775187
附件一（训练集）.xlsx|材料1|418,50,125860,0.245751915,0.2444813955,材料1|50|正弦波|50|-7,3,888278.957,950218.205636,913748.912591,0.0674057405544
附件一（训练集）.xlsx|材料1|419,50,141260,0.015748651,0.015743471,材料1|50|正弦波|51|-19,0,891.0644612,1150.81844297,1164.83832978,0.255558831357
附件一（训练集）.xlsx|材料1|42,25,63020,0.088690548,0.0882656475,材料1|25|正弦波|47|-11,3,43311.21706,34605.6577945,23518.1808034,0.224388659044
附件一（训练集）.xlsx|材料1|420,50,141270,0.01560626,0.0155999855,材料1|50|正弦波|51|-19,0,861.0731092,1125.01982404,1138.87924798,0.267104333741
附件一（训练集）.xlsx|材料1|421,50,141270,0.017411505,0.017406861,材料1|50|正弦波|51|-18,4,1195.612953,1471.3052461,1520.4386281,0.20733434033
附件一（训练集）.xlsx|材料1|422,50,141260,0.024697542,0.0246891,材料1|50|正弦波|51|-17,3,2898.435212,3501.35443279,3578.06016483,0.188919473877
附件一（训练集）.xlsx|材料1|423,50,141260,0.031369959,0.031353851,材料1|50|正弦波|51|-16,1,5406.004941,6400.00477168,6410.25581928,0.168759649403
附件一（训练集）.xlsx|材料1|424,50,141270,0.034830235,0.0348069685,材料1|50|正弦波|51|-15,3,6943.519876,8333.04007626,8433.34774363,0.182395500264
附件一（训练集）.xlsx|材料1|425,50,141260,0.038864223,0.0388308385,材料1|50|正弦波|51|-15,3,9229.404894,10984.3870412,11082.306334,0.1740630241
附件一（训练集）.xlsx|材料1|426,50,141260,0.043812801,0.043773015,材料1|50|正弦波|51|-14,1,12557.26737,14822.9131082,14820.1132952,0.165862424127
附件一（训练集）.xlsx|材料1|427,50,141260,0.049231083,0.049181761,材料1|50|正弦波|51|-14,1,17064.0813,19871.9256669,19855.7680106,0.15232393965
附件一（训练集）.xlsx|材料1|428,50,141260,0.062163057,0.0620884375,材料1|50|正弦波|51|-13,4,31020.95035,35907.1165038,35842.4075245,0.146268326674
附件一（训练集）.xlsx|材料1|429,50,141260,0.123789561,0.1234755485,材料1|50|正弦波|51|-10,4,183833.8566,202391.628732,198272.68792,0.0961716813198
附件一（训练集）.xlsx|材料1|43,25,63020,0.099795155,0.099308841,材料1|25|正弦波|47|-11,3,56888.04649,46595.7200934,31561.4289666,0.199572663638
附件一（训练集）.xlsx|材料1|430,50,141260,0.139895064,0.1395095975,材料1|50|正弦波|51|-9,3,251465.9823,277684.899789,270213.353088,0.0991789202269
附件一（训练集）.xlsx|材料1|431,50,141260,0.156033065,0.155544599,材料1|50|正弦波|51|-9,3,331266.0538,365698.472018,354763.931522,0.0988870222525
附件一（训练集）.xlsx|材料1|432,50,141260,0.175110238,0.174466849,材料1|50|正弦波|51|-8,0,454595.3958,485099.714456,473252.14107,0.0649465449528
附件一（训练集）.xlsx|材料1|433,50,141260,0.194382952,0.1935754865,材料1|50|正弦波|51|-8,0,590803.9623,630399.838006,614022.359365,0.0648699179563
附件一（训练集）.xlsx|材料1|434,50,141260,0.218774259,0.2177778195,材料1|50|正弦波|51|-7,3,792323.5259,857584.540403,824044.224891,0.0791498668244
附件一（训练集）.xlsx|材料1|435,50,158500,0.014231739,0.0142288345,材料1|50|正弦波|52|-19,2,811.244311,1046.00827652,1049.85494507,0.253890945297
附件一（训练集）.xlsx|材料1|436,50,158500,0.013952586,0.013949424,材料1|50|正弦波|52|-19,2,777.0210248,995.176899375,998.999462722,0.247171303651
附件一（训练集）.xlsx|材料1|437,50,158500,0.015469223,0.015463635,材料1|50|正弦波|52|-19,2,1078.913049,1290.01460093,1293.87061257,0.178547893874
附件一（训练集）.xlsx|材料1|438,50,158500,0.017426296,0.017423209,材料1|50|正弦波|52|-18,3,1443.438183,1757.57997533,1806.5506257,0.19678620592
附件一（训练集）.xlsx|材料1|439,50,158500,0.022039824,0.022030439,材料1|50|正弦波|52|-17,0,2618.379464,3238.44066142,3240.89950251,0.212463235619
附件一（训练集）.xlsx|材料1|44,25,63020,0.111380484,0.110799353,材料1|25|正弦波|47|-10,3,73132.61212,61466.2375008,41505.0532621,0.173783761898
附件一（训练集）.xlsx|材料1|440,50,158500,0.024791279,0.0247778735,材料1|50|正弦波|52|-17,0,3531.156728,4350.452869,4345.9304199,0.208601126728
附件一（训练集）.xlsx|材料1|441,50,158500,0.030985104,0.0309665625,材料1|50|正弦波|52|-16,3,6286.854328,7503.1259066,7587.91915918,0.176833101969
附件一（训练集）.xlsx|材料1|442,50,158500,0.034631936,0.034604428,材料1|50|正弦波|52|-15,0,8263.579464,10065.1175473,10003.3849572,0.197196237516
附件一（训练集）.xlsx|材料1|443,50,158500,0.038684918,0.03865597,材料1|50|正弦波|52|-15,0,10938.67761,13286.9316103,13183.1072462,0.194459897935
附件一（训练集）.xlsx|材料1|444,50,158500,0.043799929,0.043757019,材料1|50|正弦波|52|-14,3,15114.43125,17960.7931157,17987.1889427,0.172530738211
附件一（训练集）.xlsx|材料1|445,50,158510,0.062057622,0.0619781745,材料1|50|正弦波|52|-13,0,37383.75204,43500.879655,42849.9929659,0.151541225798
附件一（训练集）.xlsx|材料1|446,50,158500,0.070310417,0.070214904,材料1|50|正弦波|52|-12,4,50514.39404,59101.2448133,58539.4643466,0.156990784691
附件一（训练集）.xlsx|材料1|447,50,158510,0.078749146,0.078613057,材料1|50|正弦波|52|-12,4,70153.48663,78563.8212245,77577.0347835,0.113224269963
附件一（训练集）.xlsx|材料1|448,50,158500,0.087161912,0.087000396,材料1|50|正弦波|52|-11,4,90902.25109,101354.135536,99805.0956529,0.108834776803
附件一（训练集）.xlsx|材料1|449,50,158500,0.098654846,0.098444883,材料1|50|正弦波|52|-11,4,124490.291,138319.685779,135747.055139,0.105339037629
附件一（训练集）.xlsx|材料1|45,25,63020,0.125782619,0.1250592855,材料1|25|正弦波|47|-10,3,96561.45489,83525.4008241,56207.2517253,0.145027240517
附件一（训练集）.xlsx|材料1|450,50,158500,0.110149823,0.1099140225,材料1|50|正弦波|52|-10,0,164612.2355,183537.104969,179212.08293,0.108823607349
附件一（训练集）.xlsx|材料1|451,50,158500,0.139208755,0.1388114305,材料1|50|正弦波|52|-9,1,299771.0466,327789.821979,324766.851608,0.0893533259129
附件一（训练集）.xlsx|材料1|452,50,158500,0.19446889,0.1936818975,材料1|50|正弦波|52|-8,2,708203.9434,750302.724108,737032.449455,0.0577445701463
附件一（训练集）.xlsx|材料1|453,50,177820,0.014421279,0.0144167705,材料1|50|正弦波|52|-19,2,1059.696965,1303.71864183,1303.7291226,0.207061211189
附件一（训练集）.xlsx|材料1|454,50,177830,0.015492995,0.0154889895,材料1|50|正弦波|52|-19,2,1306.918875,1561.38850193,1560.47764235,0.17777851238
附件一（训练集）.xlsx|材料1|455,50,177820,0.017442484,0.017435622,材料1|50|正弦波|52|-18,3,1778.998935,2130.30819588,2180.80640258,0.180123201674
附件一（训练集）.xlsx|材料1|456,50,177820,0.019541321,0.019533525,材料1|50|正弦波|52|-18,3,2370.689654,2837.16003022,2895.11465925,0.179553330219
附件一（训练集）.xlsx|材料1|457,50,177820,0.02204389,0.0220335215,材料1|50|正弦波|52|-17,0,3203.167708,3922.01806213,3900.71424777,0.202408900223
附件一（训练集）.xlsx|材料1|458,50,177820,0.024779706,0.024767736,材料1|50|正弦波|52|-17,0,4344.275323,5260.15160481,5222.22783429,0.191260816875
附件一（训练集）.xlsx|材料1|459,50,177820,0.030931391,0.030911019,材料1|50|正弦波|52|-16,3,7607.319762,9033.42482229,9099.24123295,0.171799906889
附件一（训练集）.xlsx|材料1|46,25,63020,0.14077286,0.13987997,材料1|25|正弦波|47|-9,4,124836.8907,111403.469896,74739.832127,0.113848569804
附件一（训练集）.xlsx|材料1|460,50,177820,0.043969828,0.0439317815,材料1|50|正弦波|52|-14,3,18611.75563,21931.8892194,21873.4551883,0.164140168867
附件一（训练集）.xlsx|材料1|461,50,177820,0.049270814,0.0492254275,材料1|50|正弦波|52|-14,3,24998.50716,29224.2148667,29052.8630467,0.15617574841
附件一（训练集）.xlsx|材料1|462,50,177820,0.055665182,0.05560498,材料1|50|正弦波|52|-13,0,34254.35616,40083.045603,39304.5702792,0.157135453167
附件一（训练集）.xlsx|材料1|463,50,177820,0.062550391,0.0624705415,材料1|50|正弦波|52|-13,0,46303.52633,53708.6328214,52571.6870232,0.148352650355
附件一（训练集）.xlsx|材料1|464,50,177820,0.070001957,0.0699117545,材料1|50|正弦波|52|-12,4,63079.5044,70606.4091865,69637.3895993,0.112723326719
附件一（训练集）.xlsx|材料1|465,50,177820,0.077730923,0.07760728,材料1|50|正弦波|52|-12,4,82386.03548,91839.5106186,90321.1251483,0.108625404298
附件一（训练集）.xlsx|材料1|466,50,177820,0.098288352,0.0980807225,材料1|50|正弦波|52|-11,4,149715.0746,165526.436952,161752.890283,0.100396298844
附件一（训练集）.xlsx|材料1|467,50,177820,0.124719593,0.124411185,材料1|50|正弦波|52|-10,0,275143.6946,303439.137768,293897.641004,0.0978872299285
附件一（训练集）.xlsx|材料1|468,50,177820,0.139438361,0.1390329105,材料1|50|正弦波|52|-9,1,373207.7538,397879.896921,393073.037746,0.0640147817782
附件一（训练集）.xlsx|材料1|469,50,177820,0.154848003,0.154322495,材料1|50|正弦波|52|-9,1,483004.2226,517844.115455,511300.803941,0.0696487262043
附件一（训练集）.xlsx|材料1|47,25,63020,0.158574265,0.1575239515,材料1|25|正弦波|47|-8,4,164156.6808,150218.950494,100454.614016,0.0887268775005
附件一（训练集）.xlsx|材料1|470,50,177820,0.174320311,0.1736652675,材料1|50|正弦波|52|-8,2,648264.9563,687038.936955,673098.922503,0.0580913843873
附件一（训练集）.xlsx|材料1|471,50,199500,0.012983268,0.012983182,材料1|50|正弦波|52|-19,2,1032.120321,1206.92475027,1203.69183885,0.156320144142
附件一（训练集）.xlsx|材料1|472,50,199500,0.013798741,0.0137983855,材料1|50|正弦波|52|-19,2,1236.499405,1406.72219181,1402.25105593,0.12888019666
附件一（训练集）.xlsx|材料1|473,50,199500,0.017500698,0.0174952205,材料1|50|正弦波|52|-18,3,2220.87404,2597.8863182,2648.52824603,0.156732012168
附件一（训练集）.xlsx|材料1|474,50,199500,0.019712165,0.019706999,材料1|50|正弦波|52|-18,3,3012.929607,3507.08191112,3563.45909808,0.151824679455
附件一（训练集）.xlsx|材料1|475,50,199500,0.024657397,0.024642957,材料1|50|正弦波|52|-17,0,5310.013049,6289.22229893,6205.73067664,0.169213813317
附件一（训练集）.xlsx|材料1|476,50,199500,0.027440036,0.027425,材料1|50|正弦波|52|-16,3,6952.35196,8076.22305039,8129.79804146,0.149824291866
附件一（训练集）.xlsx|材料1|477,50,199500,0.030814132,0.0307995585,材料1|50|正弦波|52|-16,3,9325.626351,10819.8478629,10856.0313071,0.148601273122
附件一（训练集）.xlsx|材料1|478,50,199500,0.034815339,0.0347926095,材料1|50|正弦波|52|-15,0,12589.23154,14946.4519127,14670.431022,0.171619606015
附件一（训练集）.xlsx|材料1|479,50,199500,0.039131676,0.0390987955,材料1|50|正弦波|52|-15,0,17054.31137,20040.1554156,19634.9419908,0.161326257504
附件一（训练集）.xlsx|材料1|48,25,63020,0.177670714,0.176409011,材料1|25|正弦波|47|-8,4,213181.9924,199847.969415,133229.420155,0.0645889877741
附件一（训练集）.xlsx|材料1|480,50,199500,0.043985874,0.043952601,材料1|50|正弦波|52|-14,3,22976.95692,26546.3103485,26368.87944,0.144393075823
附件一（训练集）.xlsx|材料1|481,50,199500,0.049487672,0.049442241,材料1|50|正弦波|52|-14,3,31236.54917,35733.9668613,35377.2536674,0.134508803098
附件一（训练集）.xlsx|材料1|482,50,199510,0.08780927,0.0876587895,材料1|50|正弦波|52|-11,4,138016.1924,150676.446333,147047.057463,0.0877631750587
附件一（训练集）.xlsx|材料1|483,50,199500,0.124045512,0.123736985,材料1|50|正弦波|52|-10,0,339754.072,362373.660236,348837.111683,0.0644536680942
附件一（训练集）.xlsx|材料1|484,50,199500,0.138057621,0.137664315,材料1|50|正弦波|52|-9,1,442298.9101,469096.186969,462120.140017,0.0588217870425
附件一（训练集）.xlsx|材料1|485,50,199500,0.155131357,0.1546566785,材料1|50|正弦波|52|-9,1,588559.4414,628883.780996,619144.698283,0.0662684362646
附件一（训练集）.xlsx|材料1|486,50,223850,0.013016862,0.013016064,材料1|50|正弦波|53|-19,1,1404.881552,1497.78276872,1489.98568082,0.0639887459814
附件一（训练集）.xlsx|材料1|487,50,223850,0.013862825,0.0138594275,材料1|50|正弦波|53|-19,1,1622.907587,1754.67258814,1744.94961373,0.078016689044
附件一（训练集）.xlsx|材料1|488,50,223860,0.015547379,0.015544495,材料1|50|正弦波|53|-19,1,2132.567199,2341.21052882,2326.80516103,0.0932998336651
附件一（训练集）.xlsx|材料1|489,50,223850,0.021973637,0.0219627365,材料1|50|正弦波|53|-17,1,5037.560801,5586.35255792,5541.70812883,0.1033850858
附件一（训练集）.xlsx|材料1|49,25,63020,0.197857004,0.196323624,材料1|25|正弦波|47|-8,4,272698.8683,261835.260299,174042.718106,0.0406524592009
附件一（训练集）.xlsx|材料1|490,50,223850,0.030967082,0.030945811,材料1|50|正弦波|53|-16,0,11919.61205,13488.6915401,13181.2105709,0.123656797347
附件一（训练集）.xlsx|材料1|491,50,223850,0.034861777,0.034842166,材料1|50|正弦波|53|-15,0,15927.82703,18157.9877747,17711.9506349,0.131035143896
附件一（训练集）.xlsx|材料1|492,50,223850,0.039197504,0.039169145,材料1|50|正弦波|53|-15,0,21477.21408,24367.4323619,23726.2938832,0.126249416222
附件一（训练集）.xlsx|材料1|493,50,223850,0.044160897,0.0441244105,材料1|50|正弦波|53|-14,1,29115.33136,32301.3920301,31923.6775686,0.103842052271
附件一（训练集）.xlsx|材料1|494,50,223850,0.061892275,0.061820089,材料1|50|正弦波|53|-13,2,71651.5642,73892.4341245,72495.1283202,0.0307950344033
附件一（训练集）.xlsx|材料1|495,50,223850,0.069568312,0.069470397,材料1|50|正弦波|53|-12,4,96084.04349,101454.836893,99204.2494365,0.0543899302903
附件一（训练集）.xlsx|材料1|496,50,223850,0.08817267,0.0880192525,材料1|50|正弦波|53|-11,4,172231.8907,183931.845834,178694.724752,0.0657231460417
附件一（训练集）.xlsx|材料1|497,50,223850,0.099118834,0.0989257035,材料1|50|正弦波|53|-11,4,231702.7744,246742.889269,238954.6539,0.0628911918057
附件一（训练集）.xlsx|材料1|498,50,223850,0.110708334,0.1104400685,材料1|50|正弦波|53|-10,0,313217.4554,329819.180268,316082.31904,0.0516467099978
附件一（训练集）.xlsx|材料1|499,50,223850,0.12343579,0.123130056,材料1|50|正弦波|53|-10,0,411101.4334,433375.168373,414634.629322,0.052763686861
附件一（训练集）.xlsx|材料1|5,25,50020,0.040025182,0.0400203025,材料1|25|正弦波|46|-14,0,4502.908007,3231.66874377,2248.60992911,0.331637433344
附件一（训练集）.xlsx|材料1|50,25,63020,0.219521122,0.2176908065,材料1|25|正弦波|47|-7,2,345321.4402,351872.986115,229427.198306,0.0187945276793
附件一（训练集）.xlsx|材料1|500,50,223860,0.138436112,0.1380319295,材料1|50|正弦波|53|-9,2,544036.5187,559515.01104,545309.724285,0.0280539313605
附件一（训练集）.xlsx|材料1|501,50,251170,0.013169673,0.013167124,材料1|50|正弦波|53|-19,1,1909.545944,1864.86191263,1849.69520407,0.0236659378893
附件一（训练集）.xlsx|材料1|502,50,251170,0.013838224,0.01383477,材料1|50|正弦波|53|-19,1,2125.681827,2112.08705339,2094.35414499,0.00641300060821
附件一（训练集）.xlsx|材料1|503,50,251170,0.015610158,0.0156069435,材料1|50|正弦波|53|-19,1,2832.109432,2859.32371595,2833.48790741,0.00955995811671
附件一（训练集）.xlsx|材料1|504,50,251170,0.017556145,0.017550547,材料1|50|正弦波|53|-18,1,3794.321716,3841.79177259,3804.68389729,0.0124299456543
附件一（训练集）.xlsx|材料1|505,50,251170,0.019540211,0.0195314875,材料1|50|正弦波|53|-18,1,4917.008595,5028.4768001,4977.05166663,0.0224122713632
附件一（训练集）.xlsx|材料1|506,50,251170,0.021753269,0.0217447545,材料1|50|正弦波|53|-17,1,6415.244137,6585.34289681,6514.25150864,0.026165325983
附件一（训练集）.xlsx|材料1|507,50,251170,0.024568624,0.0245578765,材料1|50|正弦波|53|-17,1,8651.717901,8942.53677706,8840.23396686,0.0330576437995
附件一（训练集）.xlsx|材料1|508,50,251170,0.027627481,0.0276129425,材料1|50|正弦波|53|-16,0,11540.36978,12265.5250908,11932.528114,0.0609360624573
附件一（训练集）.xlsx|材料1|509,50,251170,0.031064375,0.0310458155,材料1|50|正弦波|53|-16,0,15469.20412,16461.1209803,15985.5285336,0.0621461845209
附件一（训练集）.xlsx|材料1|51,25,63030,0.247349707,0.2451738675,材料1|25|正弦波|47|-7,2,450682.3276,475169.878456,309513.238394,0.052909546681
附件一（训练集）.xlsx|材料1|510,50,251170,0.039328964,0.0392998305,材料1|50|正弦波|53|-15,0,27632.14166,29752.9198551,28789.256162,0.0739450460086
附件一（训练集）.xlsx|材料1|511,50,251170,0.044300256,0.0442599725,材料1|50|正弦波|53|-14,1,37315.90865,39365.5495029,38792.5243311,0.0534699193668
附件一（训练集）.xlsx|材料1|512,50,251170,0.049517201,0.049471399,材料1|50|正弦波|53|-14,1,51295.24941,52079.7995872,51291.105542,0.0151787122521
附件一（训练集）.xlsx|材料1|513,50,251170,0.054877107,0.0548194615,材料1|50|正弦波|53|-13,2,66381.67197,65843.6146987,64432.8243032,0.00813841461443
附件一（训练集）.xlsx|材料1|514,50,251170,0.078571466,0.0784464995,材料1|50|正弦波|53|-12,4,160727.2771,166378.960362,161439.066521,0.0345588713144
附件一（训练集）.xlsx|材料1|515,50,251170,0.098226009,0.09802099,材料1|50|正弦波|53|-11,4,288667.7834,291419.053393,281052.712669,0.00948575614006
附件一（训练集）.xlsx|材料1|516,50,251170,0.109485901,0.109247545,材料1|50|正弦波|53|-10,0,377414.5799,388371.43574,369954.463665,0.0286178508776
附件一（训练集）.xlsx|材料1|517,50,281860,0.012444533,0.0124418285,材料1|50|正弦波|54|-20,2,2268.111524,1902.73813637,1878.1404318,0.175568962269
附件一（训练集）.xlsx|材料1|518,50,281850,0.01391529,0.0139111975,材料1|50|正弦波|54|-19,3,2923.608712,2578.9028683,2614.41692641,0.125408947779
附件一（训练集）.xlsx|材料1|519,50,281860,0.015610711,0.0156087795,材料1|50|正弦波|54|-19,3,3829.823876,3446.48738098,3482.62544034,0.105434220948
附件一（训练集）.xlsx|材料1|52,25,63030,0.27431552,0.2716515845,材料1|25|正弦波|47|-6,0,568872.0099,593897.08925,396278.299982,0.0430505097019
附件一（训练集）.xlsx|材料1|520,50,281860,0.017393385,0.0173870535,材料1|50|正弦波|54|-18,2,4979.143585,4416.04822615,4346.96750888,0.119987072092
附件一（训练集）.xlsx|材料1|521,50,281850,0.019510408,0.019501759,材料1|50|正弦波|54|-18,2,6543.554438,5894.52552552,5796.84202283,0.104439642658
附件一（训练集）.xlsx|材料1|522,50,281850,0.021801179,0.021792075,材料1|50|正弦波|54|-17,0,8543.608971,8198.23886403,7955.01016312,0.0412592258711
附件一（训练集）.xlsx|材料1|523,50,281850,0.035095132,0.035070188,材料1|50|正弦波|54|-15,1,26900.6113,26504.4596861,26075.8745114,0.0148354467792
附件一（训练集）.xlsx|材料1|524,50,281850,0.039428131,0.039396082,材料1|50|正弦波|54|-15,1,35884.76692,35516.2077024,34920.1188236,0.0103234492043
附件一（训练集）.xlsx|材料1|525,50,281850,0.044090666,0.044047684,材料1|50|正弦波|54|-14,3,49073.22009,47261.4268472,46377.8353314,0.0376182264134
附件一（训练集）.xlsx|材料1|526,50,281850,0.049091926,0.0490402805,材料1|50|正弦波|54|-14,3,64079.11164,61970.3895247,60627.6637854,0.0334612256947
附件一（训练集）.xlsx|材料1|527,50,281850,0.055445813,0.055380344,材料1|50|正弦波|54|-13,4,86189.62224,83796.5956841,81724.0331507,0.0281570650765
附件一（训练集）.xlsx|材料1|528,50,281850,0.061933319,0.0618510385,材料1|50|正弦波|54|-13,4,113588.7053,110628.910175,107568.083931,0.026402391714
附件一（训练集）.xlsx|材料1|529,70,50020,0.027606042,0.027585284,材料1|70|正弦波|46|-16,4,689.8457043,679.565995334,902.938598336,0.0149917074499
附件一（训练集）.xlsx|材料1|53,25,70840,0.024753948,0.0247207635,材料1|25|正弦波|48|-17,3,2225.097322,1680.25856617,1178.95386592,0.280707313
附件一（训练集）.xlsx|材料1|530,70,50030,0.031056944,0.0310431225,材料1|70|正弦波|46|-16,4,920.1997399,913.684757369,1210.11498929,0.00709740715105
附件一（训练集）.xlsx|材料1|531,70,50020,0.039455799,0.0394546995,材料1|70|正弦波|46|-15,3,1658.894966,1650.48523834,2147.89883117,0.00507929939983
附件一（训练集）.xlsx|材料1|532,70,50020,0.044459879,0.044456927,材料1|70|正弦波|46|-14,4,2222.131156,2248.067783,2948.49282364,0.0115991789037
附件一（训练集）.xlsx|材料1|533,70,50030,0.049440801,0.049422703,材料1|70|正弦波|46|-14,4,3046.413828,2935.81041513,3839.36618254,0.036969206066
附件一（训练集）.xlsx|材料1|534,70,50030,0.05539653,0.055373087,材料1|70|正弦波|46|-13,1,3997.646339,3873.10204072,4948.7205833,0.031641984069
附件一（训练集）.xlsx|材料1|535,70,50030,0.062362584,0.062320155,材料1|70|正弦波|46|-13,1,5435.800204,5216.56379514,6661.05454969,0.0411601029757
附件一（训练集）.xlsx|材料1|536,70,50030,0.069871371,0.069812456,材料1|70|正弦波|46|-12,4,7240.807122,6995.77024402,9063.09531796,0.0344221288688
附件一（训练集）.xlsx|材料1|537,70,50020,0.079136929,0.079078543,材料1|70|正弦波|46|-12,4,9686.04943,9560.02707732,12343.2855618,0.0130947269877
附件一（训练集）.xlsx|材料1|538,70,50030,0.088538311,0.0884334715,材料1|70|正弦波|46|-11,3,13169.05016,12675.6529474,16123.607099,0.0381833733764
附件一（训练集）.xlsx|材料1|539,70,50020,0.157156209,0.1566159895,材料1|70|正弦波|46|-9,3,61747.45772,53860.3103235,67410.9236203,0.136656583591
附件一（训练集）.xlsx|材料1|54,25,70840,0.028060009,0.0280215435,材料1|25|正弦波|48|-16,4,3024.184603,2354.62075261,1643.27364204,0.250167833451
附件一（训练集）.xlsx|材料1|540,70,50020,0.175588126,0.174899254,材料1|70|正弦波|46|-8,1,83848.17663,70384.4215424,89377.7121679,0.175033507306
附件一（训练集）.xlsx|材料1|541,70,50020,0.19793153,0.1970341655,材料1|70|正弦波|46|-8,1,117081.5997,95116.5276603,120706.331558,0.207766405805
附件一（训练集）.xlsx|材料1|542,70,50020,0.248052885,0.246564427,材料1|70|正弦波|46|-7,4,213114.1391,168293.730281,210633.94508,0.236115789569
附件一（训练集）.xlsx|材料1|543,70,56320,0.027625539,0.0275954185,材料1|70|正弦波|47|-16,0,810.7764625,820.434352586,1079.27560271,0.0118270128681
附件一（训练集）.xlsx|材料1|544,70,56320,0.034980056,0.03494897,材料1|70|正弦波|47|-15,2,1420.449995,1479.90850484,1920.78343848,0.0409782802048
附件一（训练集）.xlsx|材料1|545,70,56320,0.039387145,0.0393321735,材料1|70|正弦波|47|-15,2,1915.29465,1994.47538319,2586.11703568,0.0404888576197
附件一（训练集）.xlsx|材料1|546,70,56320,0.044051291,0.043973358,材料1|70|正弦波|47|-14,0,2650.008769,2645.65795907,3455.59768047,0.00164253854842
附件一（训练集）.xlsx|材料1|547,70,56320,0.049034783,0.048950339,材料1|70|正弦波|47|-14,0,3483.156534,3462.00180647,4514.45113722,0.00609020030323
附件一（训练集）.xlsx|材料1|548,70,56320,0.055477022,0.0553706445,材料1|70|正弦波|47|-13,2,4726.887111,4719.71384096,6102.54680505,0.0015183774726
附件一（训练集）.xlsx|材料1|549,70,56320,0.062302781,0.0621836785,材料1|70|正弦波|47|-13,2,6344.782869,6318.92831057,8162.51919644,0.00408261233446
附件一（训练集）.xlsx|材料1|55,25,70840,0.031578371,0.0315271295,材料1|25|正弦波|48|-16,4,4089.657062,3167.47370914,2203.45873595,0.255455615835
附件一（训练集）.xlsx|材料1|550,70,56310,0.07022178,0.070047465,材料1|70|正弦波|47|-12,2,8601.823602,8534.81707022,11014.1200088,0.00781939180301
附件一（训练集）.xlsx|材料1|551,70,56320,0.078890692,0.0786947725,材料1|70|正弦波|47|-12,2,11304.20021,11440.5996545,14749.7960537,0.0119929906811
附件一（训练集）.xlsx|材料1|552,70,56310,0.087689396,0.08742439,材料1|70|正弦波|47|-11,2,14758.93898,14921.1699114,19220.4976131,0.0109313356041
附件一（训练集）.xlsx|材料1|553,70,56310,0.110225684,0.109822505,材料1|70|正弦波|47|-10,0,27394.67029,26417.5160615,34024.6871221,0.0363198520169
附件一（训练集）.xlsx|材料1|554,70,56310,0.123620907,0.123135435,材料1|70|正弦波|47|-10,0,37374.39757,35226.9024795,45291.3116553,0.0591742163074
附件一（训练集）.xlsx|材料1|555,70,56320,0.139553128,0.1389177815,材料1|70|正弦波|47|-9,4,52032.4859,48256.5208102,61073.5801183,0.0753357835917
附件一（训练集）.xlsx|材料1|556,70,56320,0.176641102,0.1756410915,材料1|70|正弦波|47|-8,1,99013.81821,86885.3053799,110000.512534,0.130669088535
附件一（训练集）.xlsx|材料1|557,70,56320,0.197616897,0.1963860135,材料1|70|正弦波|47|-8,1,134923.4597,115202.215085,145763.299587,0.158017407457
附件一（训练集）.xlsx|材料1|558,70,56320,0.221427272,0.2199262135,材料1|70|正弦波|47|-7,4,182082.033,153774.559166,192186.20632,0.168968676964
附件一（训练集）.xlsx|材料1|559,70,56310,0.244048858,0.2421695055,材料1|70|正弦波|47|-7,4,234476.0557,196252.14965,244627.165331,0.177952333897
附件一（训练集）.xlsx|材料1|56,25,70840,0.035156988,0.0351047915,材料1|25|正弦波|48|-15,3,5561.224672,4070.24853745,2827.75109501,0.312048430728
附件一（训练集）.xlsx|材料1|560,70,56320,0.275673146,0.2732485385,材料1|70|正弦波|47|-6,4,322173.7612,266556.619227,331158.396833,0.189503707494
附件一（训练集）.xlsx|材料1|561,70,63020,0.024656781,0.0246272745,材料1|70|正弦波|47|-17,4,689.6302384,747.894587265,988.041425987,0.0809936659581
附件一（训练集）.xlsx|材料1|562,70,63020,0.02761564,0.0275766725,材料1|70|正弦波|47|-16,0,914.1884886,987.960580318,1291.80783344,0.0775244301767
附件一（训练集）.xlsx|材料1|563,70,63020,0.035322555,0.0352326905,材料1|70|正弦波|47|-15,2,1634.403121,1820.6641758,2354.67105048,0.107861134459
附件一（训练集）.xlsx|材料1|564,70,63020,0.039314982,0.039229373,材料1|70|正弦波|47|-15,2,2250.012466,2383.30459567,3079.62104505,0.0575274077875
附件一（训练集）.xlsx|材料1|565,70,63020,0.043996792,0.0438709175,材料1|70|正弦波|47|-14,0,3001.069963,3178.85703768,4127.01540447,0.057534200675
附件一（训练集）.xlsx|材料1|566,70,63020,0.049456604,0.0492995605,材料1|70|正弦波|47|-14,0,4015.747686,4263.32107985,5525.04999372,0.059810442327
附件一（训练集）.xlsx|材料1|567,70,63020,0.055569818,0.055419342,材料1|70|正弦波|47|-13,2,5424.1358,5689.76840988,7331.21149992,0.0478023533214
附件一（训练集）.xlsx|材料1|568,70,63020,0.062611887,0.062418068,材料1|70|正弦波|47|-13,2,7324.569887,7680.72339896,9886.82637381,0.0474729707422
附件一（训练集）.xlsx|材料1|569,70,63020,0.070576397,0.070311229,材料1|70|正弦波|47|-12,2,9964.628084,10379.4553242,13347.5466584,0.0407827616303
附件一（训练集）.xlsx|材料1|57,25,70840,0.039527811,0.0394464015,材料1|25|正弦波|48|-15,3,7428.611375,5469.65412047,3787.42248884,0.306075359965
附件一（训练集）.xlsx|材料1|570,70,63020,0.078277807,0.0779894495,材料1|70|正弦波|47|-12,2,12658.72226,13467.4314943,17303.8026301,0.0619230611854
附件一（训练集）.xlsx|材料1|571,70,63020,0.087856218,0.0875054715,材料1|70|正弦波|47|-11,2,17151.48798,18003.5274011,23110.1019333,0.048480013745
附件一（训练集）.xlsx|材料1|572,70,63020,0.110422957,0.1099013235,材料1|70|正弦波|47|-10,0,31461.70215,31993.003098,40955.1505693,0.0167456964989
附件一（训练集）.xlsx|材料1|573,70,63020,0.124819332,0.124196427,材料1|70|正弦波|47|-10,0,43991.76265,43511.3322142,55595.7995901,0.0109807380675
附件一（训练集）.xlsx|材料1|574,70,63020,0.158139075,0.1572042845,材料1|70|正弦波|47|-9,4,84883.82925,79441.9357478,99771.4097575,0.0662564131257
附件一（训练集）.xlsx|材料1|575,70,63020,0.177113975,0.175945745,材料1|70|正弦波|47|-8,1,115859.0423,105281.042746,132913.666982,0.0957400603882
附件一（训练集）.xlsx|材料1|576,70,63020,0.198318099,0.196880079,材料1|70|正弦波|47|-8,1,157296.9327,139898.479402,176510.04275,0.117217507127
附件一（训练集）.xlsx|材料1|577,70,63020,0.219328156,0.217659831,材料1|70|正弦波|47|-7,4,206612.8175,180582.422341,224782.975165,0.134658590256
附件一（训练集）.xlsx|材料1|578,70,63030,0.274347018,0.271786,材料1|70|正弦波|47|-6,4,370566.4934,316826.340718,391976.065731,0.156678637578
附件一（训练集）.xlsx|材料1|579,70,70840,0.024648679,0.02463553,材料1|70|正弦波|48|-17,1,784.7889109,897.310263184,1141.50282659,0.133827318124
附件一（训练集）.xlsx|材料1|58,25,70840,0.044335526,0.044232072,材料1|25|正弦波|48|-14,0,9781.334899,7446.09512722,5076.75219015,0.272754157236
附件一（训练集）.xlsx|材料1|580,70,70840,0.027793498,0.02776479,材料1|70|正弦波|48|-16,3,1061.171134,1212.04029999,1573.70110028,0.132814799851
附件一（训练集）.xlsx|材料1|581,70,70830,0.03128794,0.031267529,材料1|70|正弦波|48|-16,3,1411.641315,1633.5153261,2113.8729019,0.145885098717
附件一（训练集）.xlsx|材料1|582,70,70840,0.034808093,0.034747875,材料1|70|正弦波|48|-15,3,1903.454728,2137.93079179,2758.29226138,0.116110338589
附件一（训练集）.xlsx|材料1|583,70,70830,0.04409879,0.0440379185,材料1|70|正弦波|48|-14,4,3470.119381,3899.82368806,5048.56895007,0.116710602779
附件一（训练集）.xlsx|材料1|584,70,70840,0.055641048,0.0555529495,材料1|70|正弦波|48|-13,0,6251.862154,6958.73608389,8945.32999269,0.107102251082
附件一（训练集）.xlsx|材料1|585,70,70840,0.062662781,0.062539409,材料1|70|正弦波|48|-13,0,8516.618515,9376.53986167,12031.486236,0.0961806689922
附件一（训练集）.xlsx|材料1|586,70,70840,0.087743451,0.087482198,材料1|70|正弦波|48|-11,1,19870.13212,21838.9532541,27593.8755102,0.0944729792073
附件一（训练集）.xlsx|材料1|587,70,70830,0.098549712,0.098225223,材料1|70|正弦波|48|-11,1,27104.88703,29237.487103,36919.2011211,0.0757349550062
附件一（训练集）.xlsx|材料1|588,70,70840,0.140487433,0.1398485375,材料1|70|正弦波|48|-9,4,72377.73703,71522.4787634,89714.046207,0.0118867987157
附件一（训练集）.xlsx|材料1|589,70,70840,0.157144566,0.156369921,材料1|70|正弦波|48|-9,4,98356.36393,94756.0386015,118494.899146,0.0372912895303
附件一（训练集）.xlsx|材料1|59,25,70830,0.049983874,0.0498639255,材料1|25|正弦波|48|-14,0,13030.14014,10057.787748,6844.89420791,0.258895233235
附件一（训练集）.xlsx|材料1|590,70,70830,0.196436839,0.19523171,材料1|70|正弦波|48|-8,1,181651.193,165600.624078,208338.581396,0.0925087821268
附件一（训练集）.xlsx|材料1|591,70,70830,0.219684844,0.2181637355,材料1|70|正弦波|48|-7,1,244958.5314,219374.635574,275825.212285,0.110307527523
附件一（训练集）.xlsx|材料1|592,70,70840,0.277977584,0.2755489385,材料1|70|正弦波|48|-6,2,453006.1537,394362.80972,499636.812846,0.138634059017
附件一（训练集）.xlsx|材料1|593,70,79460,0.024778831,0.0247577825,材料1|70|正弦波|49|-17,0,875.1677313,1106.21496265,1430.83197155,0.234045552032
附件一（训练集）.xlsx|材料1|594,70,79460,0.027947233,0.027918675,材料1|70|正弦波|49|-16,4,1194.215092,1498.85353267,1956.01290534,0.227041295959
附件一（训练集）.xlsx|材料1|595,70,79460,0.044073866,0.0440082825,材料1|70|正弦波|49|-14,3,3909.69399,4686.62338257,5982.29121871,0.181210863269
附件一（训练集）.xlsx|材料1|596,70,79460,0.055781253,0.0556767085,材料1|70|正弦波|49|-13,4,7082.300556,8497.20579085,10882.1621161,0.182115078482
附件一（训练集）.xlsx|材料1|597,70,79470,0.069065377,0.068910546,材料1|70|正弦波|49|-12,3,12346.53801,14551.503446,18340.3446449,0.164306345174
附件一（训练集）.xlsx|材料1|598,70,79470,0.087675415,0.087415686,材料1|70|正弦波|49|-11,3,22679.30644,26559.1333086,33249.7975289,0.157914353512
附件一（训练集）.xlsx|材料1|599,70,79460,0.099092264,0.098770713,材料1|70|正弦波|49|-11,3,31833.39317,36156.7330975,45109.2649521,0.127343591109
附件一（训练集）.xlsx|材料1|6,25,50030,0.045085135,0.0450563825,材料1|25|正弦波|46|-14,0,6063.023248,4358.11124398,3026.84567883,0.330105288647
附件一（训练集）.xlsx|材料1|60,25,70840,0.056385096,0.0562300975,材料1|25|正弦波|48|-13,1,17428.60715,13588.2778748,9099.57016265,0.248889230315
附件一（训练集）.xlsx|材料1|600,70,79460,0.110967613,0.110553721,材料1|70|正弦波|49|-10,3,43428.80689,48100.9571272,59819.5142838,0.102176864929
附件一（训练集）.xlsx|材料1|601,70,79460,0.140464788,0.1398084085,材料1|70|正弦波|49|-9,2,83971.54587,85406.8386595,108430.003453,0.0169479736237
附件一（训练集）.xlsx|材料1|602,70,79460,0.157401861,0.156578924,材料1|70|正弦波|49|-9,2,116186.235,113717.328,144236.986532,0.0214784007834
附件一（训练集）.xlsx|材料1|603,70,79460,0.196969187,0.1957170235,材料1|70|正弦波|49|-8,0,214516.687,200882.407996,251722.868734,0.0656675118077
附件一（训练集）.xlsx|材料1|604,70,79460,0.278513563,0.275978631,材料1|70|正弦波|49|-6,1,532551.5835,481473.050341,602860.691023,0.100829304653
附件一（训练集）.xlsx|材料1|605,70,89080,0.024826939,0.0247968515,材料1|70|正弦波|49|-17,0,1039.644333,1343.98618508,1727.64466227,0.256543669413
附件一（训练集）.xlsx|材料1|606,70,89090,0.027684476,0.0276522155,材料1|70|正弦波|49|-16,4,1432.160788,1766.26631802,2295.54073916,0.209551553272
附件一（训练集）.xlsx|材料1|607,70,89080,0.031030007,0.030978917,材料1|70|正弦波|49|-16,4,1925.019466,2351.57534757,3046.77501181,0.200055200405
附件一（训练集）.xlsx|材料1|608,70,89080,0.039276419,0.039207749,材料1|70|正弦波|49|-15,2,3365.229503,4172.86745253,5334.72169106,0.215049776495
附件一（训练集）.xlsx|材料1|609,70,89080,0.049876108,0.049771811,材料1|70|正弦波|49|-14,3,6236.918915,7732.03274178,9795.96958466,0.214854500107
附件一（训练集）.xlsx|材料1|61,25,70840,0.07899893,0.0787509475,材料1|25|正弦波|48|-12,2,38034.45168,32568.0739177,21337.0132801,0.155155478471
附件一（训练集）.xlsx|材料1|610,70,89080,0.061497072,0.061336337,材料1|70|正弦波|49|-13,4,10644.87113,13096.3841278,16654.9454241,0.207240395703
附件一（训练集）.xlsx|材料1|611,70,89080,0.088060122,0.087757821,材料1|70|正弦波|49|-11,3,26992.30288,32426.5780907,40428.4120489,0.183420442636
附件一（训练集）.xlsx|材料1|612,70,89080,0.111606792,0.111141125,材料1|70|正弦波|49|-10,3,52190.9005,58942.2191662,72997.4105921,0.121647273486
附件一（训练集）.xlsx|材料1|613,70,89080,0.125141418,0.1245684825,材料1|70|正弦波|49|-10,3,71823.63711,78666.168309,97110.4420626,0.0909983407135
附件一（训练集）.xlsx|材料1|614,70,89080,0.155854046,0.1549864795,材料1|70|正弦波|49|-9,2,133595.5401,133571.543609,168836.260176,0.000179635236112
附件一（训练集）.xlsx|材料1|615,70,89090,0.196649815,0.195283648,材料1|70|正弦波|49|-8,0,251993.1817,241933.549945,301306.434372,0.0407387639497
附件一（训练集）.xlsx|材料1|616,70,89080,0.220787878,0.219057735,材料1|70|正弦波|49|-7,3,343065.9261,329311.712715,400060.573143,0.0409177540518
附件一（训练集）.xlsx|材料1|617,70,89090,0.273909049,0.2711625,材料1|70|正弦波|49|-6,1,614025.9364,557546.327616,696178.118346,0.0964914052273
附件一（训练集）.xlsx|材料1|618,70,99960,0.022138678,0.0221287755,材料1|70|正弦波|49|-17,0,889.111964,1220.77794709,1562.27859277,0.316715153469
附件一（训练集）.xlsx|材料1|619,70,99950,0.024621982,0.024609652,材料1|70|正弦波|49|-17,0,1232.242331,1593.74529388,2036.2775727,0.257067290544
附件一（训练集）.xlsx|材料1|62,25,70840,0.099630001,0.099234443,材料1|25|正弦波|48|-11,2,64866.78904,58371.1376779,38168.9791561,0.105512502276
附件一（训练集）.xlsx|材料1|620,70,99950,0.031002775,0.030988199,材料1|70|正弦波|49|-16,4,2184.525096,2834.83014774,3656.88414023,0.260478597176
附件一（训练集）.xlsx|材料1|621,70,99950,0.039407492,0.039375755,材料1|70|正弦波|49|-15,2,3956.657481,5074.06604091,6463.6286363,0.248687232797
附件一（训练集）.xlsx|材料1|622,70,99950,0.044143732,0.044099612,材料1|70|正弦波|49|-14,3,5307.631418,6873.41000595,8703.05568338,0.258471757242
附件一（训练集）.xlsx|材料1|623,70,99950,0.049196694,0.0491401995,材料1|70|正弦波|49|-14,3,6953.236194,9033.73006361,11403.5007573,0.261725048644
附件一（训练集）.xlsx|材料1|624,70,99950,0.061908389,0.061805877,材料1|70|正弦波|49|-13,4,12624.537,16089.5828293,20368.0777887,0.242512674513
附件一（训练集）.xlsx|材料1|625,70,99950,0.078390643,0.0782265605,材料1|70|正弦波|49|-12,3,23246.27222,29248.6343469,36438.972673,0.22967927136
附件一（训练集）.xlsx|材料1|626,70,99950,0.087893626,0.0876850345,材料1|70|正弦波|49|-11,3,31824.85785,39032.2421592,48470.9443439,0.204134546827
附件一（训练集）.xlsx|材料1|627,70,99950,0.099215197,0.0989381115,材料1|70|正弦波|49|-11,3,44519.72675,52981.5289504,65568.8079129,0.174007366364
附件一（训练集）.xlsx|材料1|628,70,99950,0.111377209,0.1110356165,材料1|70|正弦波|49|-10,3,61359.14384,70919.603447,87482.6102314,0.144800488756
附件一（训练集）.xlsx|材料1|629,70,99950,0.137905982,0.1373743265,材料1|70|正弦波|49|-9,2,113538.8022,118406.913913,149286.681834,0.0419821050756
附件一（训练集）.xlsx|材料1|63,25,70840,0.112002735,0.111533755,材料1|25|正弦波|48|-10,2,84929.72944,78350.7143948,51184.3306943,0.0806281266776
附件一（训练集）.xlsx|材料1|630,70,99950,0.243746574,0.24213571,材料1|70|正弦波|49|-7,3,540557.6199,511150.240542,616742.335987,0.0559375699842
附件一（训练集）.xlsx|材料1|631,70,99950,0.271121333,0.2692313295,材料1|70|正弦波|49|-6,1,709895.3756,656860.608995,817871.776812,0.0776456540271
附件一（训练集）.xlsx|材料1|632,70,112160,0.019719049,0.019701564,材料1|70|正弦波|50|-18,4,779.0517616,1100.00421303,1430.27694911,0.34461768476
附件一（训练集）.xlsx|材料1|633,70,112160,0.021893579,0.0218804305,材料1|70|正弦波|50|-17,4,1082.936759,1430.36578734,1854.5381182,0.27802952359
附件一（训练集）.xlsx|材料1|634,70,112160,0.024537007,0.0245113235,材料1|70|正弦波|50|-17,4,1425.887502,1904.26600169,2461.32057769,0.289126132195
附件一（训练集）.xlsx|材料1|635,70,112160,0.027739895,0.027714471,材料1|70|正弦波|50|-16,0,1940.259974,2603.13352177,3299.31036579,0.293762765278
附件一（训练集）.xlsx|材料1|636,70,112160,0.034969629,0.0349290965,材料1|70|正弦波|50|-15,0,3429.795709,4654.68446218,5878.66526009,0.305296718578
附件一（训练集）.xlsx|材料1|637,70,112160,0.04381394,0.043760598,材料1|70|正弦波|50|-14,4,6122.652855,8162.84027905,10385.4489351,0.287555890501
附件一（训练集）.xlsx|材料1|638,70,112160,0.055252364,0.0551660365,材料1|70|正弦波|50|-13,1,11109.72416,14563.8893067,18236.2570226,0.270703007986
附件一（训练集）.xlsx|材料1|639,70,112160,0.062063244,0.0619533495,材料1|70|正弦波|50|-13,1,15162.63384,19507.1885729,24410.8342252,0.251934253543
附件一（训练集）.xlsx|材料1|64,25,70840,0.125261246,0.1246781215,材料1|25|正弦波|48|-10,2,109923.077,103807.478828,67752.1232299,0.0572422667264
附件一（训练集）.xlsx|材料1|640,70,112170,0.069670233,0.069542331,材料1|70|正弦波|50|-12,3,20655.39012,26283.9621333,32722.233977,0.2409722732
附件一（训练集）.xlsx|材料1|641,70,112160,0.078107319,0.0779544485,材料1|70|正弦波|50|-12,3,27437.91214,35060.8146447,43508.5185383,0.245150479387
附件一（训练集）.xlsx|材料1|642,70,112160,0.088111814,0.0879225955,材料1|70|正弦波|50|-11,1,38275.28831,47079.218398,58803.3386483,0.207022320966
附件一（训练集）.xlsx|材料1|643,70,112160,0.099025223,0.0987885985,材料1|70|正弦波|50|-11,1,52867.36624,63142.2355759,78817.2135354,0.177600557975
附件一（训练集）.xlsx|材料1|644,70,112160,0.11099299,0.110688672,材料1|70|正弦波|50|-10,4,74679.12924,84193.1923841,104440.303822,0.119911895553
附件一（训练集）.xlsx|材料1|645,70,112160,0.122845852,0.122480325,材料1|70|正弦波|50|-10,4,98749.56836,108617.752474,134366.81256,0.095246908002
附件一（训练集）.xlsx|材料1|646,70,112160,0.138766666,0.1382900815,材料1|70|正弦波|50|-9,3,137326.7257,149367.213967,182374.031303,0.084044264579
附件一（训练集）.xlsx|材料1|647,70,112160,0.155409339,0.154836952,材料1|70|正弦波|50|-9,3,186976.6489,198750.969095,241895.934143,0.0610685757709
附件一（训练集）.xlsx|材料1|648,70,112160,0.175025479,0.1743077405,材料1|70|正弦波|50|-8,1,259966.3607,264349.81205,328969.219723,0.0167209671842
附件一（训练集）.xlsx|材料1|649,70,112160,0.271330539,0.2695452845,材料1|70|正弦波|50|-6,3,841850.3717,810303.209245,970813.947033,0.0381937363621
附件一（训练集）.xlsx|材料1|65,25,70840,0.141204606,0.1404842385,材料1|25|正弦波|48|-9,2,144795.5963,140305.639899,91483.1804412,0.0314996610381
附件一（训练集）.xlsx|材料1|650,70,125850,0.017729536,0.017728005,材料1|70|正弦波|50|-18,4,727.9912483,1017.61919387,1321.17596302,0.334541530795
附件一（训练集）.xlsx|材料1|651,70,125860,0.017568521,0.0175673705,材料1|70|正弦波|50|-18,4,720.7782272,994.706721698,1291.74564201,0.321734830932
附件一（训练集）.xlsx|材料1|652,70,125860,0.019522079,0.01951811,材料1|70|正弦波|50|-18,4,988.688982,1296.13953332,1678.3663512,0.270526025945
附件一（训练集）.xlsx|材料1|653,70,125860,0.021928781,0.0219228445,材料1|70|正弦波|50|-17,4,1318.546035,1735.40785327,2240.07056282,0.274530762594
附件一（训练集）.xlsx|材料1|654,70,125860,0.031133407,0.0311216675,材料1|70|正弦波|50|-16,0,3182.501773,4211.13963576,5294.93598245,0.279988968202
附件一（训练集）.xlsx|材料1|655,70,125860,0.035162272,0.0351489435,材料1|70|正弦波|50|-15,0,4235.971426,5714.95844664,7172.42344824,0.299413262684
附件一（训练集）.xlsx|材料1|656,70,125860,0.038975511,0.0389519925,材料1|70|正弦波|50|-15,0,5461.073831,7399.68027489,9272.18281306,0.303743384854
附件一（训练集）.xlsx|材料1|657,70,125860,0.043943602,0.043915616,材料1|70|正弦波|50|-14,4,7458.482682,9937.24312933,12586.5131646,0.286904191259
附件一（训练集）.xlsx|材料1|658,70,125850,0.048840617,0.048808033,材料1|70|正弦波|50|-14,4,9835.249573,12953.9882382,16360.4336691,0.275406408664
附件一（训练集）.xlsx|材料1|659,70,125860,0.055101202,0.055054515,材料1|70|正弦波|50|-13,1,13517.14557,17490.6361302,21838.1934825,0.257689932038
附件一（训练集）.xlsx|材料1|66,25,70840,0.219943894,0.218316009,材料1|25|正弦波|48|-7,3,398991.6659,414723.153312,273592.124829,0.0386705728939
附件一（训练集）.xlsx|材料1|660,70,125850,0.062305572,0.062247268,材料1|70|正弦波|50|-13,1,18744.33817,23818.3667602,29719.2683708,0.239553888631
附件一（训练集）.xlsx|材料1|661,70,125860,0.088395344,0.0882627355,材料1|70|正弦波|50|-11,1,46934.43446,57392.6590607,71477.2788459,0.20116090552
附件一（训练集）.xlsx|材料1|662,70,125860,0.099035279,0.0988742675,材料1|70|正弦波|50|-11,1,66263.00214,76374.8254692,95059.9352363,0.142019429949
附件一（训练集）.xlsx|材料1|663,70,125860,0.110065922,0.109848472,材料1|70|正弦波|50|-10,4,88778.25308,99617.3444478,123059.683742,0.115193342619
附件一（训练集）.xlsx|材料1|664,70,125860,0.12375159,0.123486083,材料1|70|正弦波|50|-10,4,121961.4394,133694.261933,164629.471938,0.0918499218699
附件一（训练集）.xlsx|材料1|665,70,125860,0.138654944,0.1383061745,材料1|70|正弦波|50|-9,3,166252.852,180320.912387,219286.177659,0.0812278065616
附件一（训练集）.xlsx|材料1|666,70,125850,0.15611948,0.1556775105,材料1|70|正弦波|50|-9,3,229363.5866,243174.696507,294734.240232,0.0584713942129
附件一（训练集）.xlsx|材料1|667,70,125860,0.216757192,0.2158230985,材料1|70|正弦波|50|-7,1,565501.9261,547245.286023,678277.249493,0.0328165201408
附件一（训练集）.xlsx|材料1|668,70,125860,0.244184043,0.2430069905,材料1|70|正弦波|50|-7,1,767746.9313,738358.727039,914566.918286,0.0390303239654
附件一（训练集）.xlsx|材料1|669,70,141250,0.015656917,0.01565415,材料1|70|正弦波|51|-19,1,684.4961366,894.551179736,1121.21342949,0.267296508901
附件一（训练集）.xlsx|材料1|67,25,70840,0.278163572,0.2756380105,材料1|25|正弦波|48|-6,4,677349.1971,746251.002045,489266.715377,0.0968749304966
附件一（训练集）.xlsx|材料1|670,70,141270,0.019434144,0.0194263185,材料1|70|正弦波|51|-18,3,1223.104389,1537.61348268,1968.52828229,0.228672209373
附件一（训练集）.xlsx|材料1|671,70,141260,0.021941454,0.0219318865,材料1|70|正弦波|51|-17,4,1651.460177,2100.72184827,2699.6609916,0.240491742703
附件一（训练集）.xlsx|材料1|672,70,141260,0.024607712,0.02459638,材料1|70|正弦波|51|-17,4,2196.263153,2801.59093225,3589.12946053,0.243331757706
附件一（训练集）.xlsx|材料1|673,70,141260,0.055376618,0.055321133,材料1|70|正弦波|51|-13,1,16871.50322,21424.1481748,26671.4986571,0.238880111957
附件一（训练集）.xlsx|材料1|674,70,141260,0.062144392,0.0620730785,材料1|70|正弦波|51|-13,1,22861.11287,28628.2576913,35618.0847859,0.224948110518
附件一（训练集）.xlsx|材料1|675,70,141260,0.070097078,0.0700049835,材料1|70|正弦波|51|-12,1,31500.34493,38750.1684972,48180.2586342,0.207130668999
附件一（训练集）.xlsx|材料1|676,70,141260,0.078529176,0.0784179625,材料1|70|正弦波|51|-12,1,41795.51008,51557.6997801,64065.5917391,0.209908115008
附件一（训练集）.xlsx|材料1|677,70,141260,0.088246088,0.08809922,材料1|70|正弦波|51|-11,3,59257.32724,69818.344087,85648.1781029,0.164004793015
附件一（训练集）.xlsx|材料1|678,70,141260,0.109942852,0.1097229095,材料1|70|正弦波|51|-10,3,107555.0609,121543.838816,148179.090818,0.122271030073
附件一（训练集）.xlsx|材料1|679,70,141260,0.156493331,0.1560138415,材料1|70|正弦波|51|-9,0,279113.5712,293302.7857,357560.350424,0.0495865361716
附件一（训练集）.xlsx|材料1|68,25,79470,0.019575132,0.0195517195,材料1|25|正弦波|49|-18,4,1351.668508,1151.6562921,808.100892087,0.16001021594
附件一（训练集）.xlsx|材料1|680,70,141260,0.174609324,0.173998225,材料1|70|正弦波|51|-8,0,383578.0985,386086.128393,469883.14143,0.00651721144094
附件一（训练集）.xlsx|材料1|681,70,141260,0.217572516,0.2166036185,材料1|70|正弦波|51|-7,4,681198.4228,666268.509979,804374.609129,0.0221608431379
附件一（训练集）.xlsx|材料1|682,70,158510,0.013960026,0.0139552795,材料1|70|正弦波|52|-19,3,684.0462375,807.446876589,1039.23256394,0.165628634738
附件一（训练集）.xlsx|材料1|683,70,158500,0.015527431,0.0155226385,材料1|70|正弦波|52|-19,3,922.4199793,1055.87180567,1354.89800917,0.13498455071
附件一（训练集）.xlsx|材料1|684,70,158500,0.019543862,0.019536298,材料1|70|正弦波|52|-18,3,1607.580943,1886.12135706,2404.61272999,0.159700188017
附件一（训练集）.xlsx|材料1|685,70,158500,0.024727886,0.0247154645,材料1|70|正弦波|52|-17,3,2862.749609,3413.83166799,4323.48303097,0.175996381608
附件一（训练集）.xlsx|材料1|686,70,158500,0.027863383,0.0278479865,材料1|70|正弦波|52|-16,3,3828.618031,4613.08316455,5822.63550115,0.186348116573
附件一（训练集）.xlsx|材料1|687,70,158500,0.031004766,0.0309869165,材料1|70|正弦波|52|-16,3,4951.620441,6039.35857231,7599.93161417,0.198546557934
附件一（训练集）.xlsx|材料1|688,70,158500,0.034776196,0.034746094,材料1|70|正弦波|52|-15,1,6456.609337,8042.88719926,10008.8780168,0.219653271216
附件一（训练集）.xlsx|材料1|689,70,158500,0.03896448,0.0389375845,材料1|70|正弦波|52|-15,1,8635.440552,10704.6360811,13313.1493655,0.214779814558
附件一（训练集）.xlsx|材料1|69,25,79460,0.024960458,0.0249306015,材料1|25|正弦波|49|-17,1,2547.825849,2116.61875612,1419.53331308,0.185340572613
附件一（训练集）.xlsx|材料1|690,70,158500,0.043933169,0.043895759,材料1|70|正弦波|52|-14,2,11710.85379,14112.4113324,17707.0313334,0.186524030281
附件一（训练集）.xlsx|材料1|691,70,158500,0.055299548,0.055233559,材料1|70|正弦波|52|-13,0,21146.58386,26108.4732313,32138.5666154,0.210772546861
附件一（训练集）.xlsx|材料1|692,70,158500,0.062475628,0.0624009865,材料1|70|正弦波|52|-13,0,29086.50004,35460.3577876,43569.0200236,0.198135060593
附件一（训练集）.xlsx|材料1|693,70,158500,0.070184836,0.070094228,材料1|70|正弦波|52|-12,3,39467.02966,47399.641806,58288.0548762,0.183144800332
附件一（训练集）.xlsx|材料1|694,70,158500,0.078713802,0.0785946505,材料1|70|正弦波|52|-12,3,54462.48862,63296.7745207,77585.4534927,0.150319627295
附件一（训练集）.xlsx|材料1|695,70,158500,0.087403336,0.087257401,材料1|70|正弦波|52|-11,1,71864.2914,81591.0137182,101035.032291,0.12693797226
附件一（训练集）.xlsx|材料1|696,70,158500,0.110349648,0.110116882,材料1|70|正弦波|52|-10,0,134018.8582,147799.832422,180023.99102,0.0978776560871
附件一（训练集）.xlsx|材料1|697,70,158500,0.123786673,0.123501366,材料1|70|正弦波|52|-10,0,183163.2986,197193.149122,239764.627922,0.0738052153496
附件一（训练集）.xlsx|材料1|698,70,158500,0.1389315,0.1385453495,材料1|70|正弦波|52|-9,4,248601.6049,261058.965395,317646.761629,0.048894476106
附件一（训练集）.xlsx|材料1|699,70,158500,0.155496809,0.155002233,材料1|70|正弦波|52|-9,4,343043.1415,346380.014854,420171.382302,0.00968023687582
附件一（训练集）.xlsx|材料1|7,25,50020,0.063456843,0.063383048,材料1|25|正弦波|46|-12,3,14273.85421,10156.4220944,7024.48064205,0.340294863439
附件一（训练集）.xlsx|材料1|70,25,79460,0.028169126,0.028132811,材料1|25|正弦波|49|-16,4,3427.227242,2871.17841235,1994.80546078,0.176972517954
附件一（训练集）.xlsx|材料1|700,70,158510,0.173743851,0.1731347125,材料1|70|正弦波|52|-8,1,458087.4588,459015.583185,566315.220453,0.00202403140114
附件一（训练集）.xlsx|材料1|701,70,177820,0.013847486,0.0138447555,材料1|70|正弦波|52|-19,3,972.3431556,956.564228132,1226.49029313,0.0163439001192
附件一（训练集）.xlsx|材料1|702,70,177820,0.015524787,0.0155208095,材料1|70|正弦波|52|-19,3,1240.280021,1276.24809075,1631.11138905,0.0285647122308
附件一（训练集）.xlsx|材料1|703,70,177820,0.017389879,0.017383963,材料1|70|正弦波|52|-18,3,1621.650775,1698.97966227,2164.44254876,0.046555194762
附件一（训练集）.xlsx|材料1|704,70,177820,0.019613416,0.01960547,材料1|70|正弦波|52|-18,3,2160.40164,2301.28746562,2921.8226502,0.0631462603124
附件一（训练集）.xlsx|材料1|705,70,177820,0.0220842,0.0220759695,材料1|70|正弦波|52|-17,3,2872.931727,3103.96662777,3927.76660955,0.0773219354463
附件一（训练集）.xlsx|材料1|706,70,177820,0.024869458,0.0248608775,材料1|70|正弦波|52|-17,3,3816.746169,4187.98372095,5281.74803946,0.0927979154342
附件一（训练集）.xlsx|材料1|707,70,177820,0.027575507,0.0275582275,材料1|70|正弦波|52|-16,3,4882.887341,5434.09689769,6833.35549515,0.106935859847
附件一（训练集）.xlsx|材料1|708,70,177820,0.030767858,0.0307511985,材料1|70|正弦波|52|-16,3,6331.884828,7163.09174067,8979.75357118,0.123325418546
附件一（训练集）.xlsx|材料1|709,70,177820,0.055531639,0.055470397,材料1|70|正弦波|52|-13,0,27276.82978,31938.7680909,39069.8302375,0.157777605696
附件一（训练集）.xlsx|材料1|71,25,79470,0.031296585,0.0312507965,材料1|25|正弦波|49|-16,4,4655.897506,3740.56950725,2591.37878642,0.218844277429
附件一（训练集）.xlsx|材料1|710,70,177820,0.06246257,0.062386244,材料1|70|正弦波|52|-13,0,36943.64862,42903.0281253,52387.8004825,0.14954490792
附件一（训练集）.xlsx|材料1|711,70,177820,0.069952463,0.0698619245,材料1|70|正弦波|52|-12,3,51429.63675,56839.9039934,69622.4826232,0.100022166663
附件一（训练集）.xlsx|材料1|712,70,177820,0.077712414,0.0775990645,材料1|70|正弦波|52|-12,3,66137.61872,74108.7290571,90505.7235923,0.11379399685
附件一（训练集）.xlsx|材料1|713,70,177820,0.098331822,0.098136711,材料1|70|正弦波|52|-11,1,122500.5024,132627.194071,163657.927395,0.0794263857187
附件一（训练集）.xlsx|材料1|714,70,177820,0.11081037,0.1105707455,材料1|70|正弦波|52|-10,0,168565.1232,180795.199992,218837.538112,0.0700423346277
附件一（训练集）.xlsx|材料1|715,70,177820,0.124094933,0.1237735025,材料1|70|正弦波|52|-10,0,227136.5654,240200.999517,290240.313044,0.0559243850872
附件一（训练集）.xlsx|材料1|716,70,177820,0.138650364,0.138253252,材料1|70|正弦波|52|-9,4,311926.6097,313741.051592,380097.809637,0.00580001585772
附件一（训练集）.xlsx|材料1|717,70,177820,0.154957156,0.1544642995,材料1|70|正弦波|52|-9,4,414834.4707,414766.458898,500971.051092,0.000163962300899
附件一（训练集）.xlsx|材料1|718,70,177820,0.173742672,0.173114574,材料1|70|正弦波|52|-8,1,555290.0615,554794.359353,682515.320235,0.000893087547714
附件一（训练集）.xlsx|材料1|719,70,199500,0.013124117,0.0131203925,材料1|70|正弦波|52|-19,3,1126.803697,1010.37313271,1292.23068295,0.108963165598
附件一（训练集）.xlsx|材料1|72,25,79460,0.035118279,0.0350564605,材料1|25|正弦波|49|-15,2,6205.058112,5110.4039002,3358.55914099,0.194051827491
附件一（训练集）.xlsx|材料1|720,70,199500,0.012346483,0.012343417,材料1|70|正弦波|52|-20,3,1030.126905,866.134854057,1109.66649597,0.173213059979
附件一（训练集）.xlsx|材料1|721,70,199500,0.01556105,0.015557959,材料1|70|正弦波|52|-19,3,1723.710939,1552.45444378,1976.01125474,0.104578340318
附件一（训练集）.xlsx|材料1|722,70,199500,0.019696665,0.0196908415,材料1|70|正弦波|52|-18,3,2954.399924,2812.79575853,3556.4760884,0.0490996041938
附件一（训练集）.xlsx|材料1|723,70,199500,0.022188442,0.022179683,材料1|70|正弦波|52|-17,3,3901.908918,3798.42063324,4786.5720107,0.0268735613467
附件一（训练集）.xlsx|材料1|724,70,199500,0.024647,0.0246349305,材料1|70|正弦波|52|-17,3,5014.948484,4950.99695671,6220.51189308,0.0128316121187
附件一（训练集）.xlsx|材料1|725,70,199500,0.027653017,0.0276387315,材料1|70|正弦波|52|-16,3,6523.680412,6618.05005154,8288.06046251,0.0143598899009
附件一（训练集）.xlsx|材料1|726,70,199500,0.030984381,0.0309696735,材料1|70|正弦波|52|-16,3,8532.40745,8816.76838494,11006.2154798,0.0327800720978
附件一（训练集）.xlsx|材料1|727,70,199500,0.03482336,0.0348054895,材料1|70|正弦波|52|-15,1,11297.51022,11792.9966089,14591.2294625,0.0429197619585
附件一（训练集）.xlsx|材料1|728,70,199500,0.039131616,0.03910178,材料1|70|正弦波|52|-15,1,14787.63776,15811.6676649,19551.2291521,0.0669522027412
附件一（训练集）.xlsx|材料1|729,70,199500,0.043997894,0.0439680145,材料1|70|正弦波|52|-14,2,19695.67725,20588.5661604,25649.4595033,0.0443344964115
附件一（训练集）.xlsx|材料1|73,25,79460,0.039608778,0.039542683,材料1|25|正弦波|49|-15,2,8367.055189,6916.24306966,4540.85905064,0.190404212635
附件一（训练集）.xlsx|材料1|730,70,199500,0.05576361,0.0557096395,材料1|70|正弦波|52|-13,0,35576.34905,39070.7422688,47495.5477512,0.0936903288763
附件一（训练集）.xlsx|材料1|731,70,199500,0.0781995,0.0780942555,材料1|70|正弦波|52|-12,3,85105.42578,91041.8495581,110718.908447,0.0674277286479
附件一（训练集）.xlsx|材料1|732,70,199500,0.087176749,0.08703235,材料1|70|正弦波|52|-11,1,112803.502,118451.511337,145839.023503,0.0488558824301
附件一（训练集）.xlsx|材料1|733,70,199500,0.1108422,0.110606119,材料1|70|正弦波|52|-10,0,210884.5447,219023.491306,263468.849841,0.037868011892
附件一（训练集）.xlsx|材料1|734,70,199500,0.12395661,0.12365206,材料1|70|正弦波|52|-10,0,289045.561,289968.127773,348213.942591,0.0031866754962
附件一（训练集）.xlsx|材料1|735,70,199500,0.137657706,0.1372830395,材料1|70|正弦波|52|-9,4,377745.0985,372217.39925,449054.952121,0.014741496081
附件一（训练集）.xlsx|材料1|736,70,199500,0.155124808,0.1546462125,材料1|70|正弦波|52|-9,4,510097.3827,502390.957467,604132.01787,0.0152230075702
附件一（训练集）.xlsx|材料1|737,70,223850,0.013132379,0.013129951,材料1|70|正弦波|53|-19,2,1627.797108,1187.06653856,1488.3410504,0.315514543569
附件一（训练集）.xlsx|材料1|738,70,223850,0.012346785,0.012342394,材料1|70|正弦波|53|-20,4,1429.962384,1056.47016444,1355.0952025,0.30246779547
附件一（训练集）.xlsx|材料1|739,70,223860,0.013818643,0.013816493,材料1|70|正弦波|53|-19,2,1814.406296,1349.38944212,1691.14979489,0.295916270714
附件一（训练集）.xlsx|材料1|74,25,79470,0.044509942,0.044416859,材料1|25|正弦波|49|-14,4,11089.48772,9056.07055415,6213.94869156,0.202542049378
附件一（训练集）.xlsx|材料1|740,70,223850,0.015472749,0.015469663,材料1|70|正弦波|53|-19,2,2341.428255,1793.01523978,2245.04638743,0.266731848667
附件一（训练集）.xlsx|材料1|741,70,223850,0.019705733,0.0196989485,材料1|70|正弦波|53|-18,1,4050.751571,3407.37910504,4216.57573971,0.172912431769
附件一（训练集）.xlsx|材料1|742,70,223850,0.021977674,0.0219666335,材料1|70|正弦波|53|-17,2,5180.006426,4333.74961624,5410.66980047,0.178335478221
附件一（训练集）.xlsx|材料1|743,70,223850,0.024585241,0.024573933,材料1|70|正弦波|53|-17,2,6718.09878,5745.29916476,7166.3695499,0.156398011347
附件一（训练集）.xlsx|材料1|744,70,223850,0.027551148,0.027535215,材料1|70|正弦波|53|-16,3,8650.154327,7930.53071666,9892.79861405,0.0868467146472
附件一（训练集）.xlsx|材料1|745,70,223860,0.034870385,0.034848328,材料1|70|正弦波|53|-15,2,15028.79165,13836.771837,17209.6409191,0.0826323986004
附件一（训练集）.xlsx|材料1|746,70,223850,0.039271564,0.03924406,材料1|70|正弦波|53|-15,2,19653.1025,18655.9332231,23180.8761131,0.052068263554
附件一（训练集）.xlsx|材料1|747,70,223850,0.049750994,0.049708158,材料1|70|正弦波|53|-14,2,34840.65302,33817.2618291,41937.8399738,0.0298126495121
附件一（训练集）.xlsx|材料1|748,70,223860,0.055652848,0.05560352,材料1|70|正弦波|53|-13,4,47695.16791,46298.9554111,57000.0914626,0.0297100593026
附件一（训练集）.xlsx|材料1|749,70,223850,0.061844579,0.0617695105,材料1|70|正弦波|53|-13,4,61750.05456,60332.9730839,74064.8665902,0.0232157071145
附件一（训练集）.xlsx|材料1|75,25,79470,0.049916441,0.0498052,材料1|25|正弦波|49|-14,4,14658.56285,12076.1263695,8260.37493728,0.193779595892
附件一（训练集）.xlsx|材料1|750,70,223850,0.069509384,0.0694142585,材料1|70|正弦波|53|-12,2,82271.43987,78411.7669466,96973.6525787,0.0480494197973
附件一（训练集）.xlsx|材料1|751,70,223850,0.078255174,0.078141581,材料1|70|正弦波|53|-12,2,108493.6133,105636.294196,130515.520269,0.0266890510843
附件一（训练集）.xlsx|材料1|752,70,223850,0.088108225,0.0879613955,材料1|70|正弦波|53|-11,3,147133.9964,148770.837828,179591.170724,0.011063334359
附件一（训练集）.xlsx|材料1|753,70,223850,0.098814566,0.0986273265,材料1|70|正弦波|53|-11,3,197240.3054,198662.798275,239044.099648,0.00718606041039
附件一（训练集）.xlsx|材料1|754,70,223850,0.110458326,0.1102253055,材料1|70|正弦波|53|-10,2,268764.7929,251322.102696,309633.553373,0.0671009689384
附件一（训练集）.xlsx|材料1|755,70,223850,0.122629089,0.122316308,材料1|70|正弦波|53|-10,2,350464.588,326878.769441,402374.563491,0.069670096174
附件一（训练集）.xlsx|材料1|756,70,223850,0.138081505,0.1376901765,材料1|70|正弦波|53|-9,4,470806.2125,453202.792402,544315.735091,0.0381067977637
附件一（训练集）.xlsx|材料1|757,70,251170,0.013255051,0.0132527055,材料1|70|正弦波|53|-19,2,2323.752022,1465.29672511,1830.52013207,0.460873388585
附件一（训练集）.xlsx|材料1|758,70,251170,0.012372848,0.0123688715,材料1|70|正弦波|53|-20,4,2008.202927,1283.20183778,1638.60617057,0.447600702246
附件一（训练集）.xlsx|材料1|759,70,251170,0.013878168,0.0138747135,材料1|70|正弦波|53|-19,2,2555.563955,1644.73595503,2053.90784986,0.440476478602
附件一（训练集）.xlsx|材料1|76,25,79470,0.056380916,0.056242186,材料1|25|正弦波|49|-13,4,19233.50271,16394.6749423,11177.2431253,0.159688105457
附件一（训练集）.xlsx|材料1|760,70,251170,0.015608348,0.015604813,材料1|70|正弦波|53|-19,2,3297.341904,2210.08764564,2757.23900366,0.399935347053
附件一（训练集）.xlsx|材料1|761,70,251170,0.017619434,0.0176143235,材料1|70|正弦波|53|-18,1,4304.419927,3109.51020043,3839.18571738,0.325087912818
附件一（训练集）.xlsx|材料1|762,70,251170,0.021804938,0.021797251,材料1|70|正弦波|53|-17,2,6931.464415,5123.21109469,6374.00533431,0.302238784994
附件一（训练集）.xlsx|材料1|763,70,251170,0.024653972,0.0246445615,材料1|70|正弦波|53|-17,2,9096.516792,6976.82199039,8671.39515677,0.265264663964
附件一（训练集）.xlsx|材料1|764,70,251170,0.027505493,0.027493899,材料1|70|正弦波|53|-16,3,11581.25487,9551.99922719,11868.0799426,0.192619013869
附件一（训练集）.xlsx|材料1|765,70,251170,0.044324882,0.044288945,材料1|70|正弦波|53|-14,2,34570.51095,30500.7544663,37726.4245649,0.125245754504
附件一（训练集）.xlsx|材料1|766,70,251170,0.054915231,0.0548552195,材料1|70|正弦波|53|-13,4,59800.53034,54091.7288396,66326.294768,0.100331477005
附件一（训练集）.xlsx|材料1|767,70,251170,0.061842437,0.061765353,材料1|70|正弦波|53|-13,4,79473.0787,72887.9321927,89085.1955027,0.0864941086908
附件一（训练集）.xlsx|材料1|768,70,251170,0.069408413,0.0693200155,材料1|70|正弦波|53|-12,2,105156.1819,94208.4161041,116097.31345,0.109936066061
附件一（训练集）.xlsx|材料1|769,70,251170,0.078536768,0.0784211765,材料1|70|正弦波|53|-12,2,140342.3796,128538.168216,158242.462161,0.087858462141
附件一（训练集）.xlsx|材料1|77,25,79460,0.070193214,0.0699736255,材料1|25|正弦波|49|-12,1,32688.69228,28480.6060625,18995.3391517,0.13780132982
附件一（训练集）.xlsx|材料1|770,70,251170,0.087800052,0.0876539895,材料1|70|正弦波|53|-11,3,185278.196,178356.444183,214460.772021,0.0380742048791
附件一（训练集）.xlsx|材料1|771,70,251170,0.098454637,0.0982550265,材料1|70|正弦波|53|-11,3,253345.1944,238082.998759,285353.715814,0.0621333633265
附件一（训练集）.xlsx|材料1|772,70,251170,0.109558872,0.109331417,材料1|70|正弦波|53|-10,2,330637.0618,296891.11974,364500.826735,0.107655468604
附件一（训练集）.xlsx|材料1|773,70,251170,0.123066856,0.122751346,材料1|70|正弦波|53|-10,2,440869.5115,397717.391525,487820.90988,0.103007011751
附件一（训练集）.xlsx|材料1|774,70,281850,0.01331825,0.013314664,材料1|70|正弦波|54|-19,3,3219.780591,1855.49682979,2343.60164586,0.550932462738
附件一（训练集）.xlsx|材料1|775,70,281860,0.012462293,0.0124583905,材料1|70|正弦波|54|-20,3,2799.945547,1569.39675692,1985.95788656,0.578628756681
附件一（训练集）.xlsx|材料1|776,70,281850,0.013937482,0.013934128,材料1|70|正弦波|54|-19,3,3533.266046,2080.8178131,2624.82630165,0.529264192249
附件一（训练集）.xlsx|材料1|777,70,281860,0.015658381,0.01565395,材料1|70|正弦波|54|-19,3,4525.315676,2791.06436959,3509.20498749,0.483127052373
附件一（训练集）.xlsx|材料1|778,70,281850,0.017437346,0.0174287185,材料1|70|正弦波|54|-18,2,5719.052101,3521.98220764,4374.31074675,0.484670064914
附件一（训练集）.xlsx|材料1|779,70,281850,0.019518176,0.019509426,材料1|70|正弦波|54|-18,2,7287.02014,4676.33012315,5802.6287311,0.443504462768
附件一（训练集）.xlsx|材料1|78,25,79460,0.088388302,0.088060489,材料1|25|正弦波|49|-11,2,55945.83678,52060.8931276,33955.5637018,0.0719686333621
附件一（训练集）.xlsx|材料1|780,70,281850,0.024593915,0.024579984,材料1|70|正弦波|54|-17,4,12101.52375,8699.97930603,10855.8446724,0.329978421998
附件一（训练集）.xlsx|材料1|781,70,281850,0.027769963,0.0277520975,材料1|70|正弦波|54|-16,0,15791.35772,12061.5655549,14545.9377952,0.269419233161
附件一（训练集）.xlsx|材料1|782,70,281850,0.031172499,0.0311538595,材料1|70|正弦波|54|-16,0,20371.23037,16119.7284076,19405.6468838,0.234066794495
附件一（训练集）.xlsx|材料1|783,70,281850,0.039480687,0.03944859,材料1|70|正弦波|54|-15,4,34609.2452,28547.1988366,35165.0559159,0.192555896203
附件一（训练集）.xlsx|材料1|784,70,281850,0.044115739,0.044082103,材料1|70|正弦波|54|-14,2,46219.68547,36350.1090849,44803.4256654,0.240202720538
附件一（训练集）.xlsx|材料1|785,70,281850,0.078604227,0.0784862685,材料1|70|正弦波|54|-12,2,179740.9994,155356.791003,190577.50406,0.145791700139
附件一（训练集）.xlsx|材料1|786,70,281850,0.08777414,0.0876109785,材料1|70|正弦波|54|-11,0,241162.5021,216518.129227,256560.103169,0.107796235162
附件一（训练集）.xlsx|材料1|787,70,281850,0.110134754,0.1098816925,材料1|70|正弦波|54|-10,2,420112.7655,362813.36098,443832.788782,0.14663424364
附件一（训练集）.xlsx|材料1|788,70,316230,0.013398008,0.0133965815,材料1|70|正弦波|55|-19,1,4393.820239,2283.37277106,2807.08441179,0.654335140826
附件一（训练集）.xlsx|材料1|789,70,316230,0.013982424,0.0139779435,材料1|70|正弦波|55|-19,1,4786.864817,2542.09955783,3124.43788693,0.632700918156
附件一（训练集）.xlsx|材料1|79,25,79460,0.099862041,0.099455521,材料1|25|正弦波|49|-11,2,74362.24612,70762.996015,46107.2681879,0.0496114755237
附件一（训练集）.xlsx|材料1|790,70,316230,0.015526902,0.01552241,材料1|70|正弦波|55|-19,1,5981.65421,3308.16240272,4063.70755298,0.59216921049
附件一（训练集）.xlsx|材料1|791,70,316230,0.017416724,0.01741015,材料1|70|正弦波|55|-18,2,7610.313356,4233.98384251,5240.00197684,0.586256227031
附件一（训练集）.xlsx|材料1|792,70,316230,0.019605078,0.0195965555,材料1|70|正弦波|55|-18,2,9830.333671,5701.79143161,7049.69982296,0.544618818698
附件一（训练集）.xlsx|材料1|793,70,316230,0.024663889,0.024651034,材料1|70|正弦波|55|-17,1,16134.65181,10588.8408592,12975.006721,0.421136089916
附件一（训练集）.xlsx|材料1|794,90,50020,0.039234307,0.0392170975,材料1|90|正弦波|46|-15,2,1062.695125,1432.72234132,2119.62898142,0.298525284923
附件一（训练集）.xlsx|材料1|795,90,50020,0.044288078,0.0442745515,材料1|90|正弦波|46|-14,4,1475.28012,1945.1036382,2920.28102359,0.276303748015
附件一（训练集）.xlsx|材料1|796,90,50020,0.049171785,0.049158332,材料1|90|正弦波|46|-14,4,2047.879223,2529.24764791,3786.48429294,0.211024259342
附件一（训练集）.xlsx|材料1|797,90,50030,0.054791065,0.0547625675,材料1|90|正弦波|46|-13,3,2664.462294,3323.41271525,4872.36992662,0.220915520273
附件一（训练集）.xlsx|材料1|798,90,50020,0.06246332,0.062429113,材料1|90|正弦波|46|-13,3,3775.700632,4623.51093862,6753.43176777,0.202519842573
附件一（训练集）.xlsx|材料1|799,90,50020,0.078877855,0.0788084905,材料1|90|正弦波|46|-12,3,6953.502338,8327.40025,12083.7604406,0.180282122666
附件一（训练集）.xlsx|材料1|8,25,50020,0.112063878,0.1117555585,材料1|25|正弦波|46|-10,1,56401.52952,43044.6891579,28971.0207393,0.270251916988
附件一（训练集）.xlsx|材料1|80,25,79460,0.12631209,0.1256871985,材料1|25|正弦波|49|-9,1,128576.4162,124739.357334,82934.4017233,0.0302967479033
附件一（训练集）.xlsx|材料1|800,90,50030,0.088574274,0.088436459,材料1|90|正弦波|46|-11,4,9677.926484,11086.3783262,16333.192887,0.13585637889
附件一（训练集）.xlsx|材料1|801,90,50030,0.097955248,0.097777816,材料1|90|正弦波|46|-11,4,12996.57952,14274.0699883,20971.9426633,0.0937515090298
附件一（训练集）.xlsx|材料1|802,90,50020,0.110786813,0.1105493525,材料1|90|正弦波|46|-10,3,18803.34877,19613.8646972,28189.7900909,0.0421995210752
附件一（训练集）.xlsx|材料1|803,90,50020,0.124123035,0.123814518,材料1|90|正弦波|46|-10,3,26489.10316,26124.7297976,37427.188609,0.0138505528436
附件一（训练集）.xlsx|材料1|804,90,50020,0.139007689,0.138602684,材料1|90|正弦波|46|-9,3,37235.20346,34760.9675144,49640.826791,0.0687575976798
附件一（训练集）.xlsx|材料1|805,90,50020,0.156683042,0.156141306,材料1|90|正弦波|46|-9,3,53611.4298,47009.4105358,66905.9547284,0.131411862501
附件一（训练集）.xlsx|材料1|806,90,50020,0.175926604,0.175210088,材料1|90|正弦波|46|-8,1,75783.08167,62715.8707088,89810.5647755,0.18925778448
附件一（训练集）.xlsx|材料1|807,90,50020,0.198704622,0.197787323,材料1|90|正弦波|46|-8,1,108977.8928,85174.6673156,121892.561888,0.246438421283
附件一（训练集）.xlsx|材料1|808,90,50020,0.222380489,0.221188693,材料1|90|正弦波|46|-7,1,149950.2672,113036.354229,161667.620886,0.282592023489
附件一（训练集）.xlsx|材料1|809,90,50020,0.273555637,0.2716060615,材料1|90|正弦波|46|-6,1,262700.1729,190262.241824,271816.451225,0.32260856492
附件一（训练集）.xlsx|材料1|81,25,79460,0.141385756,0.1406338175,材料1|25|正弦波|49|-9,1,166639.6736,165612.179399,110042.702347,0.00618501466663
附件一（训练集）.xlsx|材料1|810,90,56320,0.031050665,0.031022977,材料1|90|正弦波|47|-16,0,749.1535014,974.240816693,1444.52448083,0.262406577858
附件一（训练集）.xlsx|材料1|811,90,56320,0.035022666,0.0349766505,材料1|90|正弦波|47|-15,3,963.8096224,1307.36128679,1933.02039516,0.304599907628
附件一（训练集）.xlsx|材料1|812,90,56320,0.039436301,0.0393910245,材料1|90|正弦波|47|-15,3,1313.72777,1763.55310971,2598.80974463,0.294267837509
附件一（训练集）.xlsx|材料1|813,90,56310,0.043806135,0.0437517255,材料1|90|正弦波|47|-14,4,1807.253409,2298.80693509,3436.77560531,0.240463766152
附件一（训练集）.xlsx|材料1|814,90,56320,0.055465229,0.0553509835,材料1|90|正弦波|47|-13,0,3308.226246,4177.01688009,6138.63492775,0.233122303833
附件一（训练集）.xlsx|材料1|815,90,56320,0.070026234,0.0698583815,材料1|90|正弦波|47|-12,2,6173.265396,7457.6415613,10940.5022199,0.188983390067
附件一（训练集）.xlsx|材料1|816,90,56320,0.078805858,0.0786119365,材料1|90|正弦波|47|-12,2,8325.027451,10036.9362438,14710.0727493,0.186985093935
附件一（训练集）.xlsx|材料1|817,90,56320,0.087363373,0.087108045,材料1|90|正弦波|47|-11,3,11215.93985,13107.3204802,18886.4478758,0.155822057494
附件一（训练集）.xlsx|材料1|818,90,56320,0.110139323,0.109729556,材料1|90|正弦波|47|-10,3,21981.47781,23509.4931101,33654.2494521,0.0672011639859
附件一（训练集）.xlsx|材料1|819,90,56320,0.139261672,0.1386119355,材料1|90|正弦波|47|-9,4,45023.34555,41940.2614591,60757.3285086,0.0709332529672
附件一（训练集）.xlsx|材料1|82,25,79470,0.158497446,0.1575832555,材料1|25|正弦波|49|-8,3,218449.8965,219479.379466,145548.252608,0.00470158181867
附件一（训练集）.xlsx|材料1|820,90,56320,0.155892889,0.1551114035,材料1|90|正弦波|47|-9,4,63080.06911,55671.2511413,80401.5326573,0.124938871808
附件一（训练集）.xlsx|材料1|821,90,56320,0.198085418,0.1968336115,材料1|90|正弦波|47|-8,4,128856.2547,101574.781878,145742.586886,0.237900099575
附件一（训练集）.xlsx|材料1|822,90,56320,0.221175143,0.219619743,材料1|90|正弦波|47|-7,4,176787.0517,133966.708771,191643.248638,0.277352775447
附件一（训练集）.xlsx|材料1|823,90,56320,0.245073402,0.243120521,材料1|90|正弦波|47|-7,4,233607.0741,173325.793936,247255.756057,0.298466019238
附件一（训练集）.xlsx|材料1|824,90,56320,0.274036984,0.271588814,材料1|90|正弦波|47|-6,1,317136.3468,232388.1076,331011.082887,0.310921796017
附件一（训练集）.xlsx|材料1|825,90,63020,0.031279715,0.031198697,材料1|90|正弦波|47|-16,0,856.6457477,1196.08437572,1762.54000777,0.33345305964
附件一（训练集）.xlsx|材料1|826,90,63020,0.035235655,0.0351668885,材料1|90|正弦波|47|-15,3,1151.726862,1598.3453474,2353.57420493,0.32746406774
附件一（训练集）.xlsx|材料1|827,90,63020,0.039193308,0.039093166,材料1|90|正弦波|47|-15,3,1566.034169,2090.51815784,3069.06739684,0.288705425097
附件一（训练集）.xlsx|材料1|828,90,63020,0.043934736,0.0438406235,材料1|90|正弦波|47|-14,4,2097.622753,2786.12959528,4147.15197708,0.283730949666
附件一（训练集）.xlsx|材料1|829,90,63020,0.049304857,0.0491933195,材料1|90|正弦波|47|-14,4,2815.832497,3721.60263216,5522.23453163,0.278810030315
附件一（训练集）.xlsx|材料1|83,25,79460,0.174851316,0.1737466715,材料1|25|正弦波|49|-8,3,273541.545,281093.759206,185892.86552,0.0272346665112
附件一（训练集）.xlsx|材料1|830,90,63020,0.055512256,0.0553647695,材料1|90|正弦波|47|-13,0,3797.424531,5045.17377924,7369.59243656,0.284043904976
附件一（训练集）.xlsx|材料1|831,90,63020,0.06254146,0.0623345385,材料1|90|正弦波|47|-13,0,5236.695363,6804.58784224,9921.49960597,0.261862430879
附件一（训练集）.xlsx|材料1|832,90,63020,0.077930523,0.077676611,材料1|90|正弦波|47|-12,2,9192.992475,11715.3727093,17112.023197,0.242436961535
附件一（训练集）.xlsx|材料1|833,90,63020,0.087853257,0.087516734,材料1|90|正弦波|47|-11,3,12932.30217,16005.6297782,22968.4330966,0.213197449133
附件一（训练集）.xlsx|材料1|834,90,63020,0.110164719,0.109667838,材料1|90|正弦波|47|-10,3,25224.40631,28322.4235633,40384.5277462,0.115837476512
附件一（训练集）.xlsx|材料1|835,90,63020,0.124761898,0.12415585,材料1|90|正弦波|47|-10,3,36989.00907,38762.2462952,55076.7508296,0.0468246862155
附件一（训练集）.xlsx|材料1|836,90,63020,0.139304434,0.1385683695,材料1|90|正弦波|47|-9,4,52005.40581,50482.6307098,72818.7890821,0.029717760273
附件一（训练集）.xlsx|材料1|837,90,63020,0.157472186,0.1565156415,材料1|90|正弦波|47|-9,4,75280.53523,68674.7067891,98729.8602512,0.0918393649414
附件一（训练集）.xlsx|材料1|838,90,63020,0.176872258,0.1757274895,材料1|90|正弦波|47|-8,4,106641.1559,91931.611417,131747.566302,0.148423068229
附件一（训练集）.xlsx|材料1|839,90,63020,0.245929559,0.243748341,材料1|90|正弦波|47|-7,4,271619.7258,210301.102378,298690.278235,0.255861623087
附件一（训练集）.xlsx|材料1|84,25,79460,0.197245524,0.195883865,材料1|25|正弦波|49|-8,3,360199.2721,380925.113796,251057.915728,0.0559452411202
附件一（训练集）.xlsx|材料1|840,90,70840,0.031264342,0.031226671,材料1|90|正弦波|48|-16,4,1009.330003,1437.11798921,2149.44624038,0.353058293711
附件一（训练集）.xlsx|材料1|841,90,70840,0.038987891,0.0389381075,材料1|90|正弦波|48|-15,3,1810.755445,2502.71373625,3659.7327067,0.323478889734
附件一（训练集）.xlsx|材料1|842,90,70840,0.043941199,0.0438813915,材料1|90|正弦波|48|-14,2,2394.52308,3354.14905071,4904.62142055,0.336894583851
附件一（训练集）.xlsx|材料1|843,90,70830,0.049376628,0.049303788,材料1|90|正弦波|48|-14,2,3242.159658,4496.26906366,6568.41456545,0.326922280121
附件一（训练集）.xlsx|材料1|844,90,70840,0.069296414,0.0691361635,材料1|90|正弦波|48|-12,3,7977.251157,10673.7625699,15356.9813857,0.29116308299
附件一（训练集）.xlsx|材料1|845,90,70840,0.087151819,0.086898007,材料1|90|正弦波|48|-11,3,14641.55543,19028.5515734,27200.9385369,0.262061072309
附件一（训练集）.xlsx|材料1|846,90,70840,0.110279699,0.109885996,材料1|90|正弦波|48|-10,4,29914.03845,34028.3786609,49177.6458762,0.128862917628
附件一（训练集）.xlsx|材料1|847,90,70840,0.140154038,0.13952042,材料1|90|正弦波|48|-9,2,62328.07323,61991.7430561,89786.711357,0.005410651235
附件一（训练集）.xlsx|材料1|848,90,70830,0.157299134,0.1564945085,材料1|90|正弦波|48|-9,2,87883.8813,82846.4637714,119878.603308,0.0590266599262
附件一（训练集）.xlsx|材料1|849,90,70830,0.176340488,0.175349018,材料1|90|正弦波|48|-8,3,123800.4921,112506.182128,157658.703916,0.0956623519415
附件一（训练集）.xlsx|材料1|85,25,79460,0.220194991,0.2184955115,材料1|25|正弦波|49|-7,1,461810.5667,504424.466422,334375.61024,0.0882631477633
附件一（训练集）.xlsx|材料1|850,90,70840,0.22010321,0.218552175,材料1|90|正弦波|48|-7,2,234105.831,192873.274231,278315.462642,0.193739006131
附件一（训练集）.xlsx|材料1|851,90,70840,0.246267324,0.244350374,材料1|90|正弦波|48|-7,2,318078.1125,255824.041732,368812.179231,0.217806353188
附件一（训练集）.xlsx|材料1|852,90,70840,0.278771812,0.2762642245,材料1|90|正弦波|48|-6,3,443777.4452,357159.742557,494069.693759,0.217139500888
附件一（训练集）.xlsx|材料1|853,90,79460,0.027811741,0.027787576,材料1|90|正弦波|49|-16,1,838.640425,1302.5246518,1862.05336605,0.439853410489
附件一（训练集）.xlsx|材料1|854,90,79460,0.03105537,0.0310174665,材料1|90|正弦波|49|-16,1,1187.426592,1718.81622663,2455.72094002,0.369587199472
附件一（训练集）.xlsx|材料1|855,90,79460,0.034630392,0.0345884435,材料1|90|正弦波|49|-15,1,1506.42862,2260.45107389,3227.6856011,0.405601376757
附件一（训练集）.xlsx|材料1|856,90,79470,0.043808296,0.043742982,材料1|90|正弦波|49|-14,3,2707.314291,4060.21914971,5894.0079783,0.405156803209
附件一（训练集）.xlsx|材料1|857,90,79470,0.049504384,0.0494208495,材料1|90|正弦波|49|-14,3,3727.988947,5526.20324925,7994.47136609,0.393544808932
附件一（训练集）.xlsx|材料1|858,90,79460,0.055801725,0.055696141,材料1|90|正弦波|49|-13,1,5124.634185,7500.28154607,10682.2797017,0.380819617971
附件一（训练集）.xlsx|材料1|859,90,79470,0.061642927,0.0615096855,材料1|90|正弦波|49|-13,1,6610.646909,9635.25796079,13715.6622302,0.37670007793
附件一（训练集）.xlsx|材料1|86,25,79460,0.249594137,0.2474602885,材料1|25|正弦波|49|-7,1,613904.3362,691237.231943,457903.596014,0.118643787687
附件一（训练集）.xlsx|材料1|860,90,79460,0.069364777,0.0691928725,材料1|90|正弦波|49|-12,4,9094.512273,12830.6527045,18696.3048099,0.34413385089
附件一（训练集）.xlsx|材料1|861,90,79460,0.078099473,0.077882937,材料1|90|正弦波|49|-12,4,12398.28894,17280.6849099,25099.5144785,0.332008137565
附件一（训练集）.xlsx|材料1|862,90,79460,0.087612686,0.087352428,材料1|90|正弦波|49|-11,0,17211.13699,23300.7780338,33379.3585652,0.302914894198
附件一（训练集）.xlsx|材料1|863,90,79460,0.098558817,0.0982327695,材料1|90|正弦波|49|-11,0,24494.17001,31308.5882643,44770.2122752,0.245448429292
附件一（训练集）.xlsx|材料1|864,90,79460,0.110785843,0.11037424,材料1|90|正弦波|49|-10,0,35087.43237,41985.9666999,59931.2208176,0.179487739409
附件一（训练集）.xlsx|材料1|865,90,79460,0.125004885,0.1244849425,材料1|90|正弦波|49|-10,0,51065.40622,56845.3475333,80991.9582283,0.107225102203
附件一（训练集）.xlsx|材料1|866,90,79460,0.174845856,0.1738322875,材料1|90|正弦波|49|-8,3,140317.5455,133146.969583,185878.390975,0.0524540999307
附件一（训练集）.xlsx|材料1|867,90,79460,0.196666525,0.1953701,材料1|90|正弦波|49|-8,3,198336.5421,179115.937799,249224.248599,0.101931460988
附件一（训练集）.xlsx|材料1|868,90,79460,0.220428581,0.218805134,材料1|90|正弦波|49|-7,0,273221.0512,235950.341736,333273.169136,0.146659234252
附件一（训练集）.xlsx|材料1|869,90,79460,0.247649476,0.2456011585,材料1|90|正弦波|49|-7,0,376396.2086,316017.452852,445571.558541,0.174844384655
附件一（训练集）.xlsx|材料1|87,25,89080,0.017505561,0.0174854175,材料1|25|正弦波|49|-18,4,1129.391913,1049.34765461,735.346658096,0.0734431892606
附件一（训练集）.xlsx|材料1|870,90,89080,0.024853545,0.024822267,材料1|90|正弦波|49|-17,4,783.6628871,1176.84740101,1755.78769373,0.406189632721
附件一（训练集）.xlsx|材料1|871,90,89080,0.027666088,0.027632848,材料1|90|正弦波|49|-16,1,1094.733299,1551.96885252,2212.37252034,0.348744669048
附件一（训练集）.xlsx|材料1|872,90,89090,0.030793277,0.030751109,材料1|90|正弦波|49|-16,1,1378.015305,2031.82491741,2894.75099964,0.388056713258
附件一（训练集）.xlsx|材料1|873,90,89080,0.034836995,0.034783448,材料1|90|正弦波|49|-15,1,1876.108259,2770.25438846,3944.1988034,0.389567632961
附件一（训练集）.xlsx|材料1|874,90,89080,0.039156893,0.0390954775,材料1|90|正弦波|49|-15,1,2490.795483,3716.64237123,5288.32335737,0.400086168056
附件一（训练集）.xlsx|材料1|875,90,89080,0.044271941,0.0441927395,材料1|90|正弦波|49|-14,3,3376.347702,5034.6801515,7277.26527103,0.39945790385
附件一（训练集）.xlsx|材料1|876,90,89080,0.049809972,0.0497094735,材料1|90|正弦波|49|-14,3,4582.056901,6777.3337789,9763.61087678,0.391365095309
附件一（训练集）.xlsx|材料1|877,90,89080,0.055200708,0.055057993,材料1|90|正弦波|49|-13,1,5880.57273,8812.19788939,12515.6289241,0.40442616089
附件一（训练集）.xlsx|材料1|878,90,89090,0.061400394,0.0612437915,材料1|90|正弦波|49|-13,1,7815.654294,11518.0632507,16349.2968987,0.387746713552
附件一（训练集）.xlsx|材料1|879,90,89080,0.069609088,0.0694160495,材料1|90|正弦波|49|-12,4,11070.64095,15617.0237185,22655.317859,0.344038644205
附件一（训练集）.xlsx|材料1|88,25,89080,0.019750153,0.019720906,材料1|25|正弦波|49|-18,4,1532.851361,1420.54231528,992.202078671,0.0760393821851
附件一（训练集）.xlsx|材料1|880,90,89090,0.078285833,0.0780363675,材料1|90|正弦波|49|-12,4,14925.40259,20977.5951792,30334.473653,0.340371009985
附件一（训练集）.xlsx|材料1|881,90,89080,0.088038876,0.087743405,材料1|90|正弦波|49|-11,0,20932.4027,28516.7613506,40597.466171,0.309180999951
附件一（训练集）.xlsx|材料1|882,90,89080,0.098680148,0.098298248,材料1|90|正弦波|49|-11,0,29448.50397,37970.4535835,53961.8307119,0.2541575891
附件一（训练集）.xlsx|材料1|883,90,89080,0.11132581,0.1108609465,材料1|90|正弦波|49|-10,0,42602.2508,51385.9310867,72892.7438374,0.187453320896
附件一（训练集）.xlsx|材料1|884,90,89080,0.140548986,0.139803008,材料1|90|正弦波|49|-9,1,87413.41476,92360.5517654,130521.182484,0.0550505879504
附件一（训练集）.xlsx|材料1|885,90,89080,0.155526894,0.1546446665,材料1|90|正弦波|49|-9,1,118586.3564,119137.364772,168270.087497,0.00463567304245
附件一（训练集）.xlsx|材料1|886,90,89080,0.174999606,0.1738754665,材料1|90|正弦波|49|-8,3,166749.9216,161167.06183,224091.478644,0.0340535287783
附件一（训练集）.xlsx|材料1|887,90,89080,0.195863586,0.194464456,材料1|90|正弦波|49|-8,3,231445.3959,214109.496447,296759.308812,0.0778560752261
附件一（训练集）.xlsx|材料1|888,90,89080,0.220916291,0.219158639,材料1|90|正弦波|49|-7,0,325175.1277,286860.438429,402679.121681,0.125367660676
附件一（训练集）.xlsx|材料1|889,90,89090,0.274327314,0.2714668125,材料1|90|正弦波|49|-6,4,596099.9476,488566.362955,682770.165608,0.198932668362
附件一（训练集）.xlsx|材料1|89,25,89080,0.02222202,0.022185118,材料1|25|正弦波|49|-17,1,2119.668152,1908.06037202,1276.79815576,0.105120035878
附件一（训练集）.xlsx|材料1|890,90,99950,0.022088696,0.022084099,材料1|90|正弦波|49|-17,4,708.7652037,1057.45892308,1575.80467157,0.399635066768
附件一（训练集）.xlsx|材料1|891,90,99950,0.024633042,0.024623358,材料1|90|正弦波|49|-17,4,983.4575232,1390.36645429,2065.75499108,0.345950852285
附件一（训练集）.xlsx|材料1|892,90,99950,0.039458264,0.039422697,材料1|90|正弦波|49|-15,1,2992.093566,4581.03442954,6499.20936221,0.425835608096
附件一（训练集）.xlsx|材料1|893,90,99950,0.049031394,0.0489643005,材料1|90|正弦波|49|-14,3,5185.070986,7877.69964633,11308.1963083,0.418186495722
附件一（训练集）.xlsx|材料1|894,90,99950,0.062031835,0.061931591,材料1|90|正弦波|49|-13,1,9568.53606,14286.0376739,20218.8481793,0.400767944103
附件一（训练集）.xlsx|材料1|895,90,99950,0.087585584,0.087377919,材料1|90|正弦波|49|-11,0,24678.39419,34082.5922254,48224.6426642,0.322847449942
附件一（训练集）.xlsx|材料1|896,90,99950,0.098967087,0.0986952385,材料1|90|正弦波|49|-11,0,35803.84731,46309.24121,65402.2454216,0.257279845112
附件一（训练集）.xlsx|材料1|897,90,99950,0.111033534,0.110686407,材料1|90|正弦波|49|-10,0,50812.43183,61806.9333924,87136.0988213,0.195871002532
附件一（训练集）.xlsx|材料1|898,90,99950,0.124483559,0.124035324,材料1|90|正弦波|49|-10,0,73139.44533,82345.5344905,115888.826026,0.118554871611
附件一（训练集）.xlsx|材料1|899,90,99950,0.138058861,0.137524232,材料1|90|正弦波|49|-9,1,99768.37842,106760.527398,150450.74778,0.0677363244933
附件一（训练集）.xlsx|材料1|9,25,50020,0.125599949,0.1252334065,材料1|25|正弦波|46|-10,1,73651.31728,57335.5446865,38565.8500662,0.25041740727
附件一（训练集）.xlsx|材料1|90,25,89090,0.0311764,0.0311189425,材料1|25|正弦波|49|-16,4,5166.874084,4469.4000233,3083.14937276,0.144983506339
附件一（训练集）.xlsx|材料1|900,90,99950,0.155531545,0.154842114,材料1|90|正弦波|49|-9,1,141036.4806,144053.007762,202875.110455,0.0211626082536
附件一（训练集）.xlsx|材料1|901,90,99950,0.173298453,0.1724497675,材料1|90|正弦波|49|-8,3,193001.3105,190183.47299,263445.501455,0.0147076487316
附件一（训练集）.xlsx|材料1|902,90,99950,0.196506471,0.1954136,材料1|90|正弦波|49|-8,3,278568.9295,261107.873924,360410.506988,0.0647316593932
附件一（训练集）.xlsx|材料1|903,90,99950,0.221467748,0.220124565,材料1|90|正弦波|49|-7,0,389488.4452,349498.463305,487551.565474,0.108334740547
附件一（训练集）.xlsx|材料1|904,90,99950,0.243789983,0.2421593615,材料1|90|正弦波|49|-7,0,520331.0961,444727.076972,619485.387283,0.157004221668
附件一（训练集）.xlsx|材料1|905,90,99950,0.272358592,0.270476495,材料1|90|正弦波|49|-6,4,696938.0157,579583.761672,806578.254383,0.184385992535
附件一（训练集）.xlsx|材料1|906,90,112160,0.021942723,0.021924419,材料1|90|正弦波|50|-17,2,938.0406753,1234.77278939,1790.2994596,0.274592997815
附件一（训练集）.xlsx|材料1|907,90,112160,0.024636078,0.0246139695,材料1|90|正弦波|50|-17,2,1223.050584,1652.07605415,2393.06742265,0.300472317518
附件一（训练集）.xlsx|材料1|908,90,112160,0.027645919,0.027616731,材料1|90|正弦波|50|-16,4,1603.438961,2244.64859262,3309.96597055,0.336220246403
附件一（训练集）.xlsx|材料1|909,90,112160,0.0311769,0.031142748,材料1|90|正弦波|50|-16,4,2138.530562,3035.28720914,4461.21787636,0.350049014806
附件一（训练集）.xlsx|材料1|91,25,89080,0.035190538,0.0351156995,材料1|25|正弦波|49|-15,2,7061.093869,6185.57420255,4050.76380453,0.132360096675
附件一（训练集）.xlsx|材料1|910,90,112160,0.035091673,0.035052966,材料1|90|正弦波|50|-15,1,2798.160071,4125.17738698,5839.27148472,0.38803200867
附件一（训练集）.xlsx|材料1|911,90,112160,0.039533842,0.0394884105,材料1|90|正弦波|50|-15,1,3715.695872,5566.48791207,7874.44674605,0.404108881843
附件一（训练集）.xlsx|材料1|912,90,112160,0.043750357,0.0436914865,材料1|90|正弦波|50|-14,0,4755.175029,7232.16321341,10278.1555928,0.419232672843
附件一（训练集）.xlsx|材料1|913,90,112160,0.048936183,0.048867171,材料1|90|正弦波|50|-14,0,6319.838092,9579.402083,13590.6867331,0.415867753327
附件一（训练集）.xlsx|材料1|914,90,112160,0.055279,0.055188001,材料1|90|正弦波|50|-13,0,8722.460852,13006.2497727,18418.1345899,0.399490830964
附件一（训练集）.xlsx|材料1|915,90,112160,0.06976628,0.069634062,材料1|90|正弦波|50|-12,1,16384.22888,23213.1214418,32737.9209479,0.348380525411
附件一（训练集）.xlsx|材料1|916,90,112160,0.078288727,0.078139122,材料1|90|正弦波|50|-12,1,21891.83835,31014.8700871,43713.8870155,0.348339444424
附件一（训练集）.xlsx|材料1|917,90,112160,0.088199584,0.0879999135,材料1|90|正弦波|50|-11,1,31120.82442,41851.8378097,58950.3952223,0.296250280797
附件一（训练集）.xlsx|材料1|918,90,112160,0.110957168,0.1106702325,材料1|90|正弦波|50|-10,3,63187.53128,74735.7599194,104414.103254,0.167849254162
附件一（训练集）.xlsx|材料1|919,90,112160,0.12340216,0.1230250475,材料1|90|正弦波|50|-10,3,86443.75696,97713.5938759,136107.688008,0.122545360208
附件一（训练集）.xlsx|材料1|92,25,89080,0.039513148,0.0394200725,材料1|25|正弦波|49|-15,2,9430.12443,8277.70995762,5415.68115336,0.130328175159
附件一（训练集）.xlsx|材料1|920,90,112160,0.138375736,0.137916231,材料1|90|正弦波|50|-9,3,121342.6439,130431.930906,181095.559464,0.0722326026764
附件一（训练集）.xlsx|材料1|921,90,112160,0.154921463,0.1543487385,材料1|90|正弦波|50|-9,3,167770.3466,173413.958027,240006.76594,0.0330853035432
附件一（训练集）.xlsx|材料1|922,90,112160,0.175225908,0.174506104,材料1|90|正弦波|50|-8,2,240563.413,229425.955223,327006.692672,0.047403182265
附件一（训练集）.xlsx|材料1|923,90,112160,0.219163697,0.2180033875,材料1|90|正弦波|50|-7,2,464877.115,402716.177688,572945.897464,0.14354072971
附件一（训练集）.xlsx|材料1|924,90,112160,0.27289086,0.271120458,材料1|90|正弦波|50|-6,1,832598.6389,715983.108904,1002415.26138,0.150894928613
附件一（训练集）.xlsx|材料1|925,90,125860,0.019545825,0.019543829,材料1|90|正弦波|50|-18,2,941.8760287,1113.30875274,1609.98256093,0.167054729744
附件一（训练集）.xlsx|材料1|926,90,125850,0.02181431,0.021809472,材料1|90|正弦波|50|-17,2,1224.052589,1467.16982968,2119.7986507,0.181032838424
附件一（训练集）.xlsx|材料1|927,90,125860,0.02475458,0.0247504965,材料1|90|正弦波|50|-17,2,1610.815256,2016.64877646,2910.66062135,0.224571829365
附件一（训练集）.xlsx|材料1|928,90,125860,0.0276567,0.02764971,材料1|90|正弦波|50|-16,4,2095.126964,2715.04024176,3986.00022162,0.259083687087
附件一（训练集）.xlsx|材料1|929,90,125860,0.031262963,0.0312562405,材料1|90|正弦波|50|-16,4,2780.980435,3693.24539142,5404.0541874,0.283613248535
附件一（训练集）.xlsx|材料1|93,25,89080,0.044663885,0.0445558805,材料1|25|正弦波|49|-14,4,12766.46246,11018.7052201,7527.07292513,0.147214885432
附件一（训练集）.xlsx|材料1|930,90,125860,0.035217209,0.0351986795,材料1|90|正弦波|50|-15,1,3584.043542,5033.39422757,7104.19830534,0.339522587049
附件一（训练集）.xlsx|材料1|931,90,125850,0.043681638,0.0436557545,材料1|90|正弦波|50|-14,0,6074.632478,8722.35857424,12319.5275429,0.36171822595
附件一（训练集）.xlsx|材料1|932,90,125860,0.049199545,0.0491611595,材料1|90|正弦波|50|-14,0,8160.77248,11757.7291986,16576.4547155,0.365134514211
附件一（训练集）.xlsx|材料1|933,90,125860,0.055235814,0.0551892285,材料1|90|正弦波|50|-13,0,11032.88796,15719.4179307,22122.5940254,0.353989111843
附件一（训练集）.xlsx|材料1|934,90,125860,0.06205758,0.0619990315,材料1|90|正弦波|50|-13,0,15064.17596,21054.1824664,29577.7105168,0.334760875188
附件一（训练集）.xlsx|材料1|935,90,125860,0.069773129,0.069690915,材料1|90|正弦波|50|-12,1,20482.92543,28077.6095808,39484.2462189,0.315367608389
附件一（训练集）.xlsx|材料1|936,90,125860,0.088088548,0.0879639225,材料1|90|正弦波|50|-11,1,38585.35599,50449.6957655,70856.5603227,0.268097795671
附件一（训练集）.xlsx|材料1|937,90,125860,0.098838806,0.0986641365,材料1|90|正弦波|50|-11,1,56211.37027,67387.6435501,94587.5410916,0.181339666156
附件一（训练集）.xlsx|材料1|938,90,125850,0.123609148,0.1233441325,材料1|90|正弦波|50|-10,3,107437.269,118687.900197,164650.234233,0.0995893450769
附件一（训练集）.xlsx|材料1|939,90,125860,0.174737313,0.1741674605,材料1|90|正弦波|50|-8,2,288610.2916,274759.421502,390238.592862,0.0491812475884
附件一（训练集）.xlsx|材料1|94,25,89090,0.055683681,0.055524411,材料1|25|正弦波|49|-13,4,21893.48022,19170.8867197,13017.5099258,0.132789587659
附件一（训练集）.xlsx|材料1|940,90,125850,0.195566212,0.1948346795,材料1|90|正弦波|50|-8,2,409320.219,364659.113861,517443.96588,0.115534499474
附件一（训练集）.xlsx|材料1|941,90,141270,0.016028874,0.0160249385,材料1|90|正弦波|51|-18,3,763.220977,831.922514664,1217.64374584,0.0860836339721
附件一（训练集）.xlsx|材料1|942,90,141260,0.017453549,0.0174502245,材料1|90|正弦波|51|-18,3,966.768255,1031.07767611,1505.5184192,0.0643365581308
附件一（训练集）.xlsx|材料1|943,90,141260,0.024632156,0.0246207635,材料1|90|正弦波|51|-17,4,2077.609685,2453.81477643,3597.989363,0.166352061371
附件一（训练集）.xlsx|材料1|944,90,141260,0.027793873,0.0277811,材料1|90|正弦波|51|-16,0,2745.415547,3398.41524313,4803.23535497,0.213306805506
附件一（训练集）.xlsx|材料1|945,90,141260,0.043686574,0.043647793,材料1|90|正弦波|51|-14,3,7790.490007,10426.8278436,14835.4442754,0.291445873526
附件一（训练集）.xlsx|材料1|946,90,141260,0.062068362,0.0619939055,材料1|90|正弦波|51|-13,4,19124.17456,24972.6568006,35706.9759388,0.266816034339
附件一（训练集）.xlsx|材料1|947,90,141260,0.078606241,0.0784921905,材料1|90|正弦波|51|-12,2,35347.35317,44464.6773304,63342.9752518,0.229465790789
附件一（训练集）.xlsx|材料1|948,90,141260,0.088081818,0.087944415,材料1|90|正弦波|51|-11,3,50435.08141,61114.9296472,85251.1643908,0.19206572662
附件一（训练集）.xlsx|材料1|949,90,141260,0.097764649,0.097578678,材料1|90|正弦波|51|-11,3,67873.23527,79501.4878185,110573.187204,0.158131803035
附件一（训练集）.xlsx|材料1|95,25,89080,0.062499306,0.062305866,材料1|25|正弦波|49|-13,4,28291.14184,25612.7048234,17337.1395559,0.0994565396903
附件一（训练集）.xlsx|材料1|950,90,141260,0.110136466,0.109900197,材料1|90|正弦波|51|-10,1,95013.43839,107004.746826,149675.012036,0.118853678567
附件一（训练集）.xlsx|材料1|951,90,141260,0.122669,0.122388409,材料1|90|正弦波|51|-10,1,128850.956,140303.63634,196139.244946,0.0851519150378
附件一（训练集）.xlsx|材料1|952,90,141260,0.139109289,0.1387447895,材料1|90|正弦波|51|-9,4,184521.8028,189386.853726,264907.320649,0.0260240001663
附件一（训练集）.xlsx|材料1|953,90,141260,0.156151622,0.155677925,材料1|90|正弦波|51|-9,4,255555.4032,253134.517738,352962.649806,0.00951815289153
附件一（训练集）.xlsx|材料1|954,90,141260,0.17465163,0.174044782,材料1|90|正弦波|51|-8,0,359423.2255,342138.443026,470167.121769,0.0492849953668
附件一（训练集）.xlsx|材料1|955,90,141260,0.194104378,0.19331753,材料1|90|正弦波|51|-8,0,481326.9227,445945.558703,611830.125792,0.0763496684882
附件一（训练集）.xlsx|材料1|956,90,141260,0.21857393,0.2176125165,材料1|90|正弦波|51|-7,3,663872.2785,604708.178032,822163.914102,0.0933436406393
附件一（训练集）.xlsx|材料1|957,90,158500,0.014446463,0.014441913,材料1|90|正弦波|52|-19,4,824.0751503,776.605218538,1150.32621036,0.0592555092528
附件一（训练集）.xlsx|材料1|958,90,158500,0.015508669,0.015506596,材料1|90|正弦波|52|-19,4,1007.106866,928.016049513,1371.94632117,0.0817034460867
附件一（训练集）.xlsx|材料1|959,90,158500,0.019588072,0.0195796345,材料1|90|正弦波|52|-18,0,1670.793911,1710.2154088,2415.09974561,0.0233066353247
附件一（训练集）.xlsx|材料1|96,25,89090,0.079220699,0.0789289465,材料1|25|正弦波|49|-12,1,49708.07326,46618.2270616,30983.308851,0.0641744230796
附件一（训练集）.xlsx|材料1|960,90,158500,0.024839415,0.024829772,材料1|90|正弦波|52|-17,4,2832.921144,3027.71439187,4419.01945011,0.0664769204718
附件一（训练集）.xlsx|材料1|961,90,158500,0.027906071,0.027893567,材料1|90|正弦波|52|-16,2,3678.249795,3965.44518178,5677.15599445,0.0751614020194
附件一（训练集）.xlsx|材料1|962,90,158500,0.031028825,0.03100951,材料1|90|正弦波|52|-16,2,4627.454297,5177.69954386,7406.22101918,0.112331004225
附件一（训练集）.xlsx|材料1|963,90,158500,0.034810607,0.034789098,材料1|90|正弦波|52|-15,4,6022.969781,7064.40264524,10216.3356251,0.159463532003
附件一（训练集）.xlsx|材料1|964,90,158500,0.038931771,0.03889932,材料1|90|正弦波|52|-15,4,7752.760975,9355.47279181,13488.4550159,0.187890368238
附件一（训练集）.xlsx|材料1|965,90,158500,0.049450607,0.0494016875,材料1|90|正弦波|52|-14,2,13899.54076,16716.0211643,23819.2047773,0.18449968878
附件一（训练集）.xlsx|材料1|966,90,158500,0.055304534,0.0552450415,材料1|90|正弦波|52|-13,4,18359.64719,22584.1518331,32251.4065102,0.207083057253
附件一（训练集）.xlsx|材料1|967,90,158500,0.062477328,0.062404868,材料1|90|正弦波|52|-13,4,25168.44714,30673.4553869,43658.1531086,0.197799392273
附件一（训练集）.xlsx|材料1|968,90,158500,0.078583815,0.0784563115,材料1|90|正弦波|52|-12,4,46951.40713,54554.7447286,77165.4078107,0.150088543568
附件一（训练集）.xlsx|材料1|969,90,158500,0.087101047,0.0869487,材料1|90|正弦波|52|-11,1,62070.61613,71722.9050405,100160.699622,0.14453527837
附件一（训练集）.xlsx|材料1|97,25,89080,0.088949189,0.0885737725,材料1|25|正弦波|49|-11,2,65196.27638,63694.2190022,41394.5544766,0.0233081898967
附件一（训练集）.xlsx|材料1|970,90,158500,0.098128456,0.097934052,材料1|90|正弦波|52|-11,1,86257.86209,96786.1491111,135075.129871,0.11516142885
附件一（训练集）.xlsx|材料1|971,90,158500,0.110280828,0.110044259,材料1|90|正弦波|52|-10,3,119332.3062,130292.809257,179873.56444,0.0878715011868
附件一（训练集）.xlsx|材料1|972,90,158500,0.124536019,0.124220081,材料1|90|正弦波|52|-10,3,168128.8466,177035.595049,243566.408444,0.0516198855944
附件一（训练集）.xlsx|材料1|973,90,158500,0.139366908,0.138978185,材料1|90|正弦波|52|-9,4,229173.8421,229881.888122,320124.570183,0.00308478231138
附件一（训练集）.xlsx|材料1|974,90,158500,0.156000766,0.155514373,材料1|90|正弦波|52|-9,4,320988.4024,305095.09687,423561.076446,0.0507813095669
附件一（训练集）.xlsx|材料1|975,90,158500,0.173910082,0.1732660915,材料1|90|正弦波|52|-8,1,431197.2175,407966.601,567617.320632,0.0553801238364
附件一（训练集）.xlsx|材料1|976,90,177820,0.013848216,0.013841659,材料1|90|正弦波|52|-19,4,1073.433396,843.587083794,1245.50378857,0.240700878428
附件一（训练集）.xlsx|材料1|977,90,177820,0.015536288,0.015533743,材料1|90|正弦波|52|-19,4,1367.287888,1125.99547444,1657.2631682,0.194005022037
附件一（训练集）.xlsx|材料1|978,90,177820,0.017501319,0.0174959235,材料1|90|正弦波|52|-18,0,1767.916734,1560.52125879,2193.85658781,0.12470683255
附件一（训练集）.xlsx|材料1|979,90,177820,0.019628316,0.0196200405,材料1|90|正弦波|52|-18,0,2247.717152,2080.94229916,2920.36285677,0.0770586432812
附件一（训练集）.xlsx|材料1|98,25,89080,0.099711262,0.09925759,材料1|25|正弦波|49|-11,2,85243.35886,84885.9735037,55115.1486801,0.00420129410587
附件一（训练集）.xlsx|材料1|980,90,177820,0.022123259,0.022113456,材料1|90|正弦波|52|-17,4,2931.906808,2734.63139039,3986.33296317,0.06963175093
附件一（训练集）.xlsx|材料1|981,90,177820,0.024899454,0.0248891605,材料1|90|正弦波|52|-17,4,3801.00731,3679.49537227,5346.443255,0.0324818115863
附件一（训练集）.xlsx|材料1|982,90,177820,0.027606969,0.0275921375,材料1|90|正弦波|52|-16,2,4757.597689,4652.88964066,6638.29778497,0.022249669883
附件一（训练集）.xlsx|材料1|983,90,177820,0.030997304,0.030981977,材料1|90|正弦波|52|-16,2,6152.055794,6226.24859289,8874.55334903,0.0119857613795
附件一（训练集）.xlsx|材料1|984,90,177820,0.034835824,0.034813574,材料1|90|正弦波|52|-15,4,7988.024299,8548.82036325,12308.6827598,0.0678416355298
附件一（训练集）.xlsx|材料1|985,90,177830,0.043994544,0.0439554505,材料1|90|正弦波|52|-14,2,13656.58064,15020.7848095,21348.1667572,0.0952067424208
附件一（训练集）.xlsx|材料1|986,90,177820,0.049375959,0.0493307075,材料1|90|正弦波|52|-14,2,18057.87393,20076.2536267,28506.1791784,0.105950319454
附件一（训练集）.xlsx|材料1|987,90,177820,0.06241989,0.0623451905,材料1|90|正弦波|52|-13,4,32459.27015,36965.8862082,52385.2355262,0.130005659973
附件一（训练集）.xlsx|材料1|988,90,177820,0.077921182,0.077818528,材料1|90|正弦波|52|-12,4,59060.94231,64512.1175025,90871.1059991,0.0882818124172
附件一（训练集）.xlsx|材料1|989,90,177820,0.087387055,0.0872407625,材料1|90|正弦波|52|-11,1,79652.53328,87416.6900122,121723.679309,0.0930112696193
附件一（训练集）.xlsx|材料1|99,25,89090,0.112046407,0.1114912375,材料1|25|正弦波|49|-10,0,112150.6467,111588.570979,74088.5051217,0.00502434830351
附件一（训练集）.xlsx|材料1|990,90,177820,0.09804056,0.097852629,材料1|90|正弦波|52|-11,1,109199.7839,116732.553491,162444.538397,0.0667057753102
附件一（训练集）.xlsx|材料1|991,90,177820,0.124291661,0.1239824535,材料1|90|正弦波|52|-10,3,208758.6158,213019.776462,291911.908714,0.0202062766429
附件一（训练集）.xlsx|材料1|992,90,177820,0.138691567,0.1382747865,材料1|90|正弦波|52|-9,4,288196.1215,274315.193596,380378.3645,0.049363263383
附件一（训练集）.xlsx|材料1|993,90,177820,0.174236691,0.1736006385,材料1|90|正弦波|52|-8,1,529174.1341,495484.839262,687394.252154,0.0657806687411
附件一（训练集）.xlsx|材料1|994,90,199500,0.013085244,0.013082417,材料1|90|正弦波|52|-19,4,1251.981937,883.896431098,1301.30936345,0.347810927838
附件一（训练集）.xlsx|材料1|995,90,199500,0.012366007,0.012363244,材料1|90|正弦波|52|-20,4,1150.367179,766.943573384,1130.86608455,0.404989108245
附件一（训练集）.xlsx|材料1|996,90,199500,0.015555258,0.0155517215,材料1|90|正弦波|52|-19,4,1845.774952,1364.35158774,1999.21972719,0.302028879731
附件一（训练集）.xlsx|材料1|997,90,199500,0.017517843,0.0175094485,材料1|90|正弦波|52|-18,0,2374.2095,1893.6029178,2645.61565996,0.226076369602
附件一（训练集）.xlsx|材料1|998,90,199500,0.019743763,0.0197384265,材料1|90|正弦波|52|-18,0,3068.389033,2556.47519183,3565.20882523,0.182458011108
附件一（训练集）.xlsx|材料1|999,90,199510,0.024593319,0.0245854895,材料1|90|正弦波|52|-17,4,4910.844527,4309.18623354,6236.07406964,0.130668425854
