row_id,temperature_C,frequency_Hz,b_m_T,condition_group,regression_outer_fold,core_loss_W_per_m3,y_pred_oof,median_y_pred_oof,absolute_log_error
附件一（训练集）.xlsx|材料1|10,25,50020,0.157896017,材料1|25|正弦波|46|-9,4,125047.8122,68609.3368282,19688.929465,0.600260952671
附件一（训练集）.xlsx|材料1|100,25,89080,0.126049115,材料1|25|正弦波|49|-9,1,147631.7533,99323.2752497,19737.204145,0.396337788458
附件一（训练集）.xlsx|材料1|1000,90,199500,0.030913849,材料1|90|正弦波|52|-16,2,8108.043319,10589.7446184,24954.9899,0.267000572458
附件一（训练集）.xlsx|材料1|1001,90,199500,0.039204411,材料1|90|正弦波|52|-15,4,13719.96348,19850.747274,19688.929465,0.369367182816
附件一（训练集）.xlsx|材料1|1002,90,199500,0.055619986,材料1|90|正弦波|52|-13,4,31727.36904,47311.979476,19688.929465,0.399573462304
附件一（训练集）.xlsx|材料1|1003,90,199500,0.069317534,材料1|90|正弦波|52|-12,4,57465.73659,81733.35824,19688.929465,0.352268168632
附件一（训练集）.xlsx|材料1|1004,90,199510,0.077979241,材料1|90|正弦波|52|-12,4,75945.32592,109500.735998,19688.929465,0.365913550104
附件一（训练集）.xlsx|材料1|1005,90,199500,0.098941113,材料1|90|正弦波|52|-11,1,142631.1487,200350.725269,19737.204145,0.339805519044
附件一（训练集）.xlsx|材料1|1006,90,199500,0.110806619,材料1|90|正弦波|52|-10,3,192691.119,264033.444177,19251.10804,0.31498588819
附件一（训练集）.xlsx|材料1|1007,90,199500,0.123800984,材料1|90|正弦波|52|-10,3,265651.7073,348134.609292,19251.10804,0.270402241666
附件一（训练集）.xlsx|材料1|1008,90,199500,0.13746187,材料1|90|正弦波|52|-9,4,349933.416,447470.233896,19688.929465,0.245866499785
附件一（训练集）.xlsx|材料1|1009,90,199500,0.154921993,材料1|90|正弦波|52|-9,4,476622.4578,602172.503945,19688.929465,0.233818833812
附件一（训练集）.xlsx|材料1|101,25,89090,0.141132048,材料1|25|正弦波|49|-9,1,193355.8322,131907.827884,19737.204145,0.382426367253
附件一（训练集）.xlsx|材料1|1010,90,223850,0.013097049,材料1|90|正弦波|53|-19,2,1754.697826,1478.3251696,24954.9899,0.171280382232
附件一（训练集）.xlsx|材料1|1011,90,223850,0.012333005,材料1|90|正弦波|53|-20,2,1561.922846,1271.56636615,24954.9899,0.205522065233
附件一（训练集）.xlsx|材料1|1012,90,223850,0.013892096,材料1|90|正弦波|53|-19,2,1962.661101,1713.64967372,24954.9899,0.135601851677
附件一（训练集）.xlsx|材料1|1013,90,223850,0.024430773,材料1|90|正弦波|53|-17,2,6478.939528,7054.04563185,24954.9899,0.0850318750769
附件一（训练集）.xlsx|材料1|1014,90,223860,0.02754395,材料1|90|正弦波|53|-16,1,8387.554956,9768.7045135,19737.204145,0.152417949773
附件一（训练集）.xlsx|材料1|1015,90,223850,0.031022092,材料1|90|正弦波|53|-16,1,10845.05856,13163.324653,19737.204145,0.193708745328
附件一（训练集）.xlsx|材料1|1016,90,223850,0.034971398,材料1|90|正弦波|53|-15,4,14182.30884,17980.0099519,19688.929465,0.237250358874
附件一（训练集）.xlsx|材料1|1017,90,223850,0.039127558,材料1|90|正弦波|53|-15,4,18041.45511,23762.7653659,19688.929465,0.27543435899
附件一（训练集）.xlsx|材料1|1018,90,223850,0.044228159,材料1|90|正弦波|53|-14,4,24046.93982,32214.0580237,19688.929465,0.292384653216
附件一（训练集）.xlsx|材料1|1019,90,223860,0.055685645,材料1|90|正弦波|53|-13,2,43466.30167,55629.9480676,24954.9899,0.246730696632
附件一（训练集）.xlsx|材料1|102,25,89080,0.156591874,材料1|25|正弦波|49|-9,1,245886.8962,171175.629897,19737.204145,0.362179778785
附件一（训练集）.xlsx|材料1|1020,90,223850,0.061715135,材料1|90|正弦波|53|-13,2,55689.07224,71976.1858485,24954.9899,0.256547310807
附件一（训练集）.xlsx|材料1|1021,90,223860,0.088146066,材料1|90|正弦波|53|-11,2,134332.1282,175895.02679,24954.9899,0.269570317369
附件一（训练集）.xlsx|材料1|1022,90,223850,0.098835352,材料1|90|正弦波|53|-11,2,181216.4179,234325.194647,24954.9899,0.257016624603
附件一（训练集）.xlsx|材料1|1023,90,223850,0.11070292,材料1|90|正弦波|53|-10,3,249437.8193,317327.740402,19251.10804,0.240724600599
附件一（训练集）.xlsx|材料1|1024,90,223850,0.138101993,材料1|90|正弦波|53|-9,1,439975.7728,557587.623515,19737.204145,0.236899520219
附件一（训练集）.xlsx|材料1|1025,90,251170,0.01229241,材料1|90|正弦波|53|-20,2,2077.915827,1515.30789168,24954.9899,0.315568159429
附件一（训练集）.xlsx|材料1|1026,90,251170,0.013885283,材料1|90|正弦波|53|-19,2,2638.247268,2056.54818131,24954.9899,0.248978680045
附件一（训练集）.xlsx|材料1|1027,90,251170,0.015650132,材料1|90|正弦波|53|-19,2,3386.191619,2775.77729783,24954.9899,0.198710137207
附件一（训练集）.xlsx|材料1|1028,90,251170,0.017635008,材料1|90|正弦波|53|-18,3,4332.108647,3917.45977106,19251.10804,0.100586555713
附件一（训练集）.xlsx|材料1|1029,90,251170,0.021900596,材料1|90|正弦波|53|-17,2,6837.211727,6444.32547125,24954.9899,0.0591711191092
附件一（训练集）.xlsx|材料1|103,25,89090,0.175945083,材料1|25|正弦波|49|-8,3,321281.5746,227163.92743,19251.10804,0.346644724376
附件一（训练集）.xlsx|材料1|1030,90,251170,0.024545776,材料1|90|正弦波|53|-17,2,8721.534736,8576.32518599,24954.9899,0.0167877614042
附件一（训练集）.xlsx|材料1|1031,90,251170,0.03109649,材料1|90|正弦波|53|-16,1,14470.24183,15965.3234736,19737.204145,0.0983183631989
附件一（训练集）.xlsx|材料1|1032,90,251170,0.034799289,材料1|90|正弦波|53|-15,4,18547.17624,21364.853727,19688.929465,0.141422559121
附件一（训练集）.xlsx|材料1|1033,90,251170,0.044351105,材料1|90|正弦波|53|-14,4,31919.17006,39018.4339421,19688.929465,0.200821727964
附件一（训练集）.xlsx|材料1|1034,90,251170,0.055005891,材料1|90|正弦波|53|-13,2,55098.6931,64812.4995025,24954.9899,0.162369761046
附件一（训练集）.xlsx|材料1|1035,90,251170,0.06206848,材料1|90|正弦波|53|-13,2,73174.08745,87731.2530934,24954.9899,0.181434570284
附件一（训练集）.xlsx|材料1|1036,90,251170,0.069467619,材料1|90|正弦波|53|-12,1,96402.16713,119917.67184,19737.204145,0.218274723231
附件一（训练集）.xlsx|材料1|1037,90,251170,0.078432795,材料1|90|正弦波|53|-12,1,128133.6345,162603.031442,19737.204145,0.23823644726
附件一（训练集）.xlsx|材料1|1038,90,251170,0.088094025,材料1|90|正弦波|53|-11,2,171863.9905,211023.384607,24954.9899,0.205264464021
附件一（训练集）.xlsx|材料1|1039,90,251170,0.098421891,材料1|90|正弦波|53|-11,2,234430.3556,278616.267007,24954.9899,0.172676218815
附件一（训练集）.xlsx|材料1|104,25,89090,0.196778266,材料1|25|正弦波|49|-8,3,415631.7819,300281.661882,19251.10804,0.325077897272
附件一（训练集）.xlsx|材料1|1040,90,281860,0.013282729,材料1|90|正弦波|54|-19,1,3243.681288,2278.79303108,19737.204145,0.352932465997
附件一（训练集）.xlsx|材料1|1041,90,281850,0.01246255,材料1|90|正弦波|54|-20,4,2854.831757,2007.05505377,19688.929465,0.352196515461
附件一（训练集）.xlsx|材料1|1042,90,281850,0.015667088,材料1|90|正弦波|54|-19,1,4527.587523,3447.89656349,19737.204145,0.272355742582
附件一（训练集）.xlsx|材料1|1043,90,281850,0.017470856,材料1|90|正弦波|54|-18,3,5672.472447,4611.03267033,19251.10804,0.207132668651
附件一（训练集）.xlsx|材料1|1044,90,281850,0.019551642,材料1|90|正弦波|54|-18,3,7177.279865,6104.61902876,19251.10804,0.161850281804
附件一（训练集）.xlsx|材料1|1045,90,281850,0.021942615,材料1|90|正弦波|54|-17,3,9120.733192,8139.56639758,19251.10804,0.113800069407
附件一（训练集）.xlsx|材料1|1046,90,281850,0.027727219,材料1|90|正弦波|54|-16,4,15000.41993,14621.3494458,19688.929465,0.0255937164016
附件一（训练集）.xlsx|材料1|1047,90,281860,0.03514157,材料1|90|正弦波|54|-15,3,25046.69085,26342.148846,19251.10804,0.0504265936889
附件一（训练集）.xlsx|材料1|1048,90,281860,0.039447853,材料1|90|正弦波|54|-15,3,32107.62901,35142.7662437,19251.10804,0.0903224447439
附件一（训练集）.xlsx|材料1|1049,90,281860,0.044160952,材料1|90|正弦波|54|-14,4,42962.83211,46446.7111829,19688.929465,0.0779685411505
附件一（训练集）.xlsx|材料1|105,25,89090,0.221370663,材料1|25|正弦波|49|-7,1,542772.7158,408039.636708,19737.204145,0.285325734208
附件一（训练集）.xlsx|材料1|1050,90,281850,0.048974043,材料1|90|正弦波|54|-14,4,54683.97476,60047.6677439,19688.929465,0.0935663752647
附件一（训练集）.xlsx|材料1|1051,90,281860,0.055405954,材料1|90|正弦波|54|-13,4,72754.56115,81582.8640682,19688.929465,0.114526153099
附件一（训练集）.xlsx|材料1|1052,90,281860,0.069980854,材料1|90|正弦波|54|-12,0,127074.9846,145828.415906,21709.11751,0.137652342926
附件一（训练集）.xlsx|材料1|1053,90,281850,0.07816334,材料1|90|正弦波|54|-12,0,163416.7829,192125.870441,21709.11751,0.161845930369
附件一（训练集）.xlsx|材料1|1054,90,281850,0.087910489,材料1|90|正弦波|54|-11,0,224289,257555.195869,21709.11751,0.138298075295
附件一（训练集）.xlsx|材料1|1055,90,281860,0.097230133,材料1|90|正弦波|54|-11,0,287415.678,331154.12629,21709.11751,0.141653922498
附件一（训练集）.xlsx|材料1|1056,90,316230,0.014016864,材料1|90|正弦波|55|-19,1,4806.866695,3143.77997321,19737.204145,0.424509544302
附件一（训练集）.xlsx|材料1|1057,90,316230,0.019501787,材料1|90|正弦波|55|-18,1,9438.850999,7198.71663787,19737.204145,0.270898526632
附件一（训练集）.xlsx|材料1|1058,90,316230,0.021946757,材料1|90|正弦波|55|-17,2,12093.85559,9353.9145019,24954.9899,0.256878383956
附件一（训练集）.xlsx|材料1|1059,90,316230,0.024720883,材料1|90|正弦波|55|-17,2,15557.23073,12605.59246,24954.9899,0.210369917745
附件一（训练集）.xlsx|材料1|106,25,89080,0.249594413,材料1|25|正弦波|49|-7,1,711545.3171,551267.293989,19737.204145,0.255218900648
附件一（训练集）.xlsx|材料1|1060,90,316230,0.027714279,材料1|90|正弦波|55|-16,4,19778.73104,17566.0271593,19688.929465,0.118634040459
附件一（训练集）.xlsx|材料1|1061,90,316230,0.031319005,材料1|90|正弦波|55|-16,4,25667.99566,23798.2220388,19688.929465,0.0756309763694
附件一（训练集）.xlsx|材料1|1062,90,316230,0.035201699,材料1|90|正弦波|55|-15,3,33066.84625,31863.5097249,19251.10804,0.0370685552298
附件一（训练集）.xlsx|材料1|1063,90,316230,0.039285293,材料1|90|正弦波|55|-15,3,43155.12273,41894.302153,19251.10804,0.0296506013651
附件一（训练集）.xlsx|材料1|1064,90,316230,0.04368982,材料1|90|正弦波|55|-14,4,54682.60835,54394.1757561,19688.929465,0.00528853101107
附件一（训练集）.xlsx|材料1|1065,90,316230,0.04910664,材料1|90|正弦波|55|-14,4,71443.96818,72711.2538644,19688.929465,0.0175824466359
附件一（训练集）.xlsx|材料1|1066,90,316230,0.05549355,材料1|90|正弦波|55|-13,0,94691.42506,98382.8438117,21709.11751,0.0382425934865
附件一（训练集）.xlsx|材料1|1067,90,316230,0.062240026,材料1|90|正弦波|55|-13,0,123821.8119,130974.079594,21709.11751,0.0561554655884
附件一（训练集）.xlsx|材料1|1068,90,316230,0.070042989,材料1|90|正弦波|55|-12,2,163722.3468,171495.675542,24954.9899,0.0463857881881
附件一（训练集）.xlsx|材料1|107,25,89090,0.274454333,材料1|25|正弦波|49|-6,3,896343.4213,688395.359102,19251.10804,0.263959962489
附件一（训练集）.xlsx|材料1|108,25,99950,0.017509065,材料1|25|正弦波|49|-18,4,1299.233133,884.964112545,19688.929465,0.383622415691
附件一（训练集）.xlsx|材料1|109,25,99950,0.019729412,材料1|25|正弦波|49|-18,4,1755.831126,1190.37737187,19688.929465,0.388401596475
附件一（训练集）.xlsx|材料1|11,25,50020,0.176389829,材料1|25|正弦波|46|-8,0,161776.6059,90857.0267812,21709.11751,0.576924446027
附件一（训练集）.xlsx|材料1|110,25,99950,0.022240136,材料1|25|正弦波|49|-17,1,2390.408185,1542.40827184,19737.204145,0.43788925666
附件一（训练集）.xlsx|材料1|111,25,99950,0.024724373,材料1|25|正弦波|49|-17,1,3242.978165,2011.72154473,19737.204145,0.477312596752
附件一（训练集）.xlsx|材料1|112,25,99960,0.031283303,材料1|25|正弦波|49|-16,4,5892.742949,3740.20516449,19688.929465,0.454483475033
附件一（训练集）.xlsx|材料1|113,25,99950,0.035044267,材料1|25|正弦波|49|-15,2,7874.71143,4816.6024858,24954.9899,0.491507126221
附件一（训练集）.xlsx|材料1|114,25,99950,0.039556854,材料1|25|正弦波|49|-15,2,10735.42591,6525.2092009,24954.9899,0.497815996458
附件一（训练集）.xlsx|材料1|115,25,99950,0.044634118,材料1|25|正弦波|49|-14,4,14477.24774,9039.09219369,19688.929465,0.470977994434
附件一（训练集）.xlsx|材料1|116,25,99950,0.049599205,材料1|25|正弦波|49|-14,4,18907.91771,11745.6357293,19688.929465,0.476066768609
附件一（训练集）.xlsx|材料1|117,25,99950,0.070297658,材料1|25|正弦波|49|-12,1,42837.66482,27672.1695337,19737.204145,0.436977743529
附件一（训练集）.xlsx|材料1|118,25,99950,0.088470282,材料1|25|正弦波|49|-11,2,74230.01899,49068.6918231,24954.9899,0.413940538775
附件一（训练集）.xlsx|材料1|119,25,99950,0.100081424,材料1|25|正弦波|49|-10,0,99316.153,67254.2745566,21709.11751,0.389822847832
附件一（训练集）.xlsx|材料1|12,25,50020,0.24759493,材料1|25|正弦波|46|-7,3,352985.6272,209408.531787,19251.10804,0.522138356012
附件一（训练集）.xlsx|材料1|120,25,99950,0.155529122,材料1|25|正弦波|49|-9,1,281919.8367,202867.181742,19737.204145,0.329069893511
附件一（训练集）.xlsx|材料1|121,25,99950,0.175254593,材料1|25|正弦波|49|-8,3,371891.5855,270923.355127,19251.10804,0.316765414378
附件一（训练集）.xlsx|材料1|122,25,99950,0.196776315,材料1|25|正弦波|49|-8,3,486551.2281,361645.90576,19251.10804,0.29667591328
附件一（训练集）.xlsx|材料1|123,25,99950,0.222511007,材料1|25|正弦波|49|-7,1,642255.3272,498207.662591,19737.204145,0.253968497103
附件一（训练集）.xlsx|材料1|124,25,99950,0.244224891,材料1|25|正弦波|49|-7,1,808495.9048,629299.274229,19737.204145,0.250568324384
附件一（训练集）.xlsx|材料1|125,25,99950,0.271881293,材料1|25|正弦波|49|-6,3,1026883.575,809846.369808,19251.10804,0.23743901558
附件一（训练集）.xlsx|材料1|126,25,112170,0.015997402,材料1|25|正弦波|50|-18,2,1114.703914,810.948435448,24954.9899,0.317803962703
附件一（训练集）.xlsx|材料1|127,25,112160,0.019787374,材料1|25|正弦波|50|-18,2,1964.803519,1381.58654636,24954.9899,0.351945023459
附件一（训练集）.xlsx|材料1|128,25,112160,0.024666634,材料1|25|正弦波|50|-17,2,3628.229323,2400.51392841,24954.9899,0.412920976038
附件一（训练集）.xlsx|材料1|129,25,112160,0.027851992,材料1|25|正弦波|50|-16,0,4949.221631,3332.66125668,21709.11751,0.395361173025
附件一（训练集）.xlsx|材料1|13,25,50030,0.273150592,材料1|25|正弦波|46|-6,4,441717.9624,267676.847218,19688.929465,0.500889653342
附件一（训练集）.xlsx|材料1|130,25,112160,0.03119451,材料1|25|正弦波|50|-16,0,6603.373697,4421.27419743,21709.11751,0.401078022847
附件一（训练集）.xlsx|材料1|131,25,112170,0.035256319,材料1|25|正弦波|50|-15,0,9111.892514,6000.45676837,21709.11751,0.41768793616
附件一（训练集）.xlsx|材料1|132,25,112160,0.049532553,材料1|25|正弦波|50|-14,3,21305.04772,13974.4801732,19251.10804,0.421686585042
附件一（训练集）.xlsx|材料1|133,25,112160,0.055854697,材料1|25|正弦波|50|-13,2,28708.38837,18620.2084614,24954.9899,0.432923019182
附件一（训练集）.xlsx|材料1|134,25,112160,0.062280996,材料1|25|正弦波|50|-13,2,36731.5784,24464.2214305,24954.9899,0.406411480505
附件一（训练集）.xlsx|材料1|135,25,112160,0.070179562,材料1|25|正弦波|50|-12,1,49122.63239,33226.6121704,19737.204145,0.390959008276
附件一（训练集）.xlsx|材料1|136,25,112160,0.078728397,材料1|25|正弦波|50|-12,1,64903.79723,44332.3717007,19737.204145,0.381183833252
附件一（训练集）.xlsx|材料1|137,25,112160,0.099650033,材料1|25|正弦波|50|-11,1,114103.3322,80070.7350929,19737.204145,0.354190303047
附件一（训练集）.xlsx|材料1|138,25,112160,0.124162481,材料1|25|正弦波|50|-10,1,194634.2954,139022.35382,19737.204145,0.336485595298
附件一（训练集）.xlsx|材料1|139,25,112160,0.155679059,材料1|25|正弦波|50|-9,3,329555.1343,242944.162399,19251.10804,0.304910952764
附件一（训练集）.xlsx|材料1|14,25,56320,0.024865563,材料1|25|正弦波|47|-17,1,1759.006565,804.035345995,19737.204145,0.782186633615
附件一（训练集）.xlsx|材料1|140,25,112160,0.174656605,材料1|25|正弦波|50|-8,0,432205.1043,324547.249147,21709.11751,0.286468355004
附件一（训练集）.xlsx|材料1|141,25,112160,0.198281723,材料1|25|正弦波|50|-8,0,579176.7738,445336.187799,21709.11751,0.262777745743
附件一（训练集）.xlsx|材料1|142,25,112160,0.218624737,材料1|25|正弦波|50|-7,4,737413.5818,562268.355226,19688.929465,0.271169245381
附件一（训练集）.xlsx|材料1|143,25,112160,0.27429844,材料1|25|正弦波|50|-6,4,1223675.078,987648.91266,19688.929465,0.21428649035
附件一（训练集）.xlsx|材料1|144,25,125860,0.016811902,材料1|25|正弦波|50|-18,2,1472.545902,1103.57841112,24954.9899,0.288207940616
附件一（训练集）.xlsx|材料1|145,25,125850,0.019517563,材料1|25|正弦波|50|-18,2,2256.015194,1603.95071987,24954.9899,0.340950177776
附件一（训练集）.xlsx|材料1|146,25,125860,0.022032372,材料1|25|正弦波|50|-17,2,3084.707485,2173.58755701,24954.9899,0.349941944101
附件一（训练集）.xlsx|材料1|147,25,125860,0.024782657,材料1|25|正弦波|50|-17,2,4200.974078,2918.94242043,24954.9899,0.363990536383
附件一（训练集）.xlsx|材料1|148,25,125850,0.027639568,材料1|25|正弦波|50|-16,0,5525.178254,3934.41573442,21709.11751,0.339479956597
附件一（训练集）.xlsx|材料1|149,25,125860,0.039270257,材料1|25|正弦波|50|-15,0,13775.45003,9448.04511392,21709.11751,0.377046924581
附件一（训练集）.xlsx|材料1|15,25,56310,0.027875578,材料1|25|正弦波|47|-16,3,2364.873224,1093.78468887,19251.10804,0.770589468936
附件一（训练集）.xlsx|材料1|150,25,125850,0.044002942,材料1|25|正弦波|50|-14,3,18310.96022,12531.5957492,19251.10804,0.379221500105
附件一（训练集）.xlsx|材料1|151,25,125860,0.049452093,材料1|25|正弦波|50|-14,3,24421.93184,16768.5532498,19251.10804,0.375957584811
附件一（训练集）.xlsx|材料1|152,25,125860,0.055589928,材料1|25|正弦波|50|-13,2,32684.68129,22111.8602163,24954.9899,0.390777751448
附件一（训练集）.xlsx|材料1|153,25,125860,0.070215091,材料1|25|正弦波|50|-12,1,56884.91087,40114.6767386,19737.204145,0.349280499317
附件一（训练集）.xlsx|材料1|154,25,125850,0.079298277,材料1|25|正弦波|50|-12,1,76878.8708,54423.7879014,19737.204145,0.345424374086
附件一（训练集）.xlsx|材料1|155,25,125860,0.11036536,材料1|25|正弦波|50|-10,1,172790.731,124742.000106,19737.204145,0.325831380532
附件一（训练集）.xlsx|材料1|156,25,125860,0.175924694,材料1|25|正弦波|50|-8,0,516365.5506,397695.112458,21709.11751,0.261128705564
附件一（训练集）.xlsx|材料1|157,25,125860,0.196282271,材料1|25|正弦波|50|-8,0,679260.437,522573.703946,21709.11751,0.262238138175
附件一（训练集）.xlsx|材料1|158,25,141250,0.015726823,材料1|25|正弦波|51|-19,4,1402.690272,1180.65396234,19688.929465,0.172189557212
附件一（训练集）.xlsx|材料1|159,25,141260,0.022051393,材料1|25|正弦波|51|-17,0,3564.3754,2696.87485993,21709.11751,0.278804975685
附件一（训练集）.xlsx|材料1|16,25,56320,0.031246228,材料1|25|正弦波|47|-16,3,3132.233226,1454.36712568,19251.10804,0.766807262094
附件一（训练集）.xlsx|材料1|160,25,141270,0.024670388,材料1|25|正弦波|51|-17,0,4792.365224,3568.32591026,21709.11751,0.294855959426
附件一（训练集）.xlsx|材料1|161,25,141270,0.031407709,材料1|25|正弦波|51|-16,0,8888.402923,6515.97368141,21709.11751,0.310449775613
附件一（训练集）.xlsx|材料1|162,25,141260,0.043933158,材料1|25|正弦波|51|-14,3,20972.82318,15045.1327369,19251.10804,0.332154147769
附件一（训练集）.xlsx|材料1|163,25,141260,0.055581715,材料1|25|正弦波|51|-13,3,37837.05515,27045.3230303,19251.10804,0.335764282478
附件一（训练集）.xlsx|材料1|164,25,141260,0.062550744,材料1|25|正弦波|51|-13,3,49742.16541,36309.1192162,19251.10804,0.314776606765
附件一（训练集）.xlsx|材料1|165,25,141260,0.070524102,材料1|25|正弦波|51|-12,3,67223.83993,48971.7343735,19251.10804,0.316779119161
附件一（训练集）.xlsx|材料1|166,25,141270,0.079299546,材料1|25|正弦波|51|-12,3,89782.66539,65614.9160962,19251.10804,0.313584768935
附件一（训练集）.xlsx|材料1|167,25,141260,0.123867232,材料1|25|正弦波|51|-10,3,266704.6966,199493.884118,19251.10804,0.290357198055
附件一（训练集）.xlsx|材料1|168,25,141260,0.140249472,材料1|25|正弦波|51|-9,0,357572.7731,272051.719724,21709.11751,0.273345829136
附件一（训练集）.xlsx|材料1|169,25,141260,0.175731471,材料1|25|正弦波|51|-8,3,619011.8338,477190.508399,19251.10804,0.260208110159
附件一（训练集）.xlsx|材料1|17,25,56320,0.035525243,材料1|25|正弦波|47|-15,3,4363.429973,2002.93351734,19251.10804,0.778375582696
附件一（训练集）.xlsx|材料1|170,25,141260,0.21932474,材料1|25|正弦波|51|-7,1,1026071.684,842627.086188,19737.204145,0.196968183572
附件一（训练集）.xlsx|材料1|171,25,158500,0.013951424,材料1|25|正弦波|52|-19,2,1187.754171,998.790938526,24954.9899,0.17311492693
附件一（训练集）.xlsx|材料1|172,25,158500,0.013967667,材料1|25|正弦波|52|-19,2,1192.605834,1001.70816469,24954.9899,0.174274333972
附件一（训练集）.xlsx|材料1|173,25,158500,0.015527166,材料1|25|正弦波|52|-19,2,1641.045747,1306.05250434,24954.9899,0.228168265694
附件一（训练集）.xlsx|材料1|174,25,158500,0.019677314,材料1|25|正弦波|52|-18,1,3044.949531,2398.55408329,19737.204145,0.23852976393
附件一（训练集）.xlsx|材料1|175,25,158500,0.02201819,材料1|25|正弦波|52|-17,2,4080.613099,3134.50935617,24954.9899,0.263700642735
附件一（训练集）.xlsx|材料1|176,25,158510,0.0248211,材料1|25|正弦波|52|-17,2,5648.015608,4233.01530818,24954.9899,0.288330513064
附件一（训练集）.xlsx|材料1|177,25,158500,0.034883633,材料1|25|正弦波|52|-15,2,13587.381,9932.71517997,24954.9899,0.313280544311
附件一（训练集）.xlsx|材料1|178,25,158500,0.039137661,材料1|25|正弦波|52|-15,2,18242.28949,13253.3451436,24954.9899,0.319471879195
附件一（训练集）.xlsx|材料1|179,25,158510,0.043979919,材料1|25|正弦波|52|-14,1,24635.10959,18040.3630699,19737.204145,0.311546166206
附件一（训练集）.xlsx|材料1|18,25,56320,0.039867389,材料1|25|正弦波|47|-14,1,5773.018252,2627.86004874,19737.204145,0.78681793162
附件一（训练集）.xlsx|材料1|180,25,158510,0.04956842,材料1|25|正弦波|52|-14,1,33238.5309,24354.1245676,19737.204145,0.310997575463
附件一（训练集）.xlsx|材料1|181,25,158500,0.055674484,材料1|25|正弦波|52|-13,4,44430.17965,32789.8019176,19688.929465,0.303793420628
附件一（训练集）.xlsx|材料1|182,25,158500,0.062774757,材料1|25|正弦波|52|-13,4,59069.01523,44176.0900597,19688.929465,0.290517108884
附件一（训练集）.xlsx|材料1|183,25,158500,0.070569604,材料1|25|正弦波|52|-12,3,79066.42767,59088.146664,19251.10804,0.291253739279
附件一（训练集）.xlsx|材料1|184,25,158500,0.078965862,材料1|25|正弦波|52|-12,3,107275.1057,78206.4652249,19251.10804,0.31604083175
附件一（训练集）.xlsx|材料1|185,25,158500,0.087994819,材料1|25|正弦波|52|-11,4,139304.1316,102190.230805,19688.929465,0.309820848755
附件一（训练集）.xlsx|材料1|186,25,158500,0.098590463,材料1|25|正弦波|52|-11,4,183014.8648,135527.172024,19688.929465,0.300393311658
附件一（训练集）.xlsx|材料1|187,25,158510,0.109933493,材料1|25|正弦波|52|-10,4,237859.9575,177629.676633,19688.929465,0.291979746335
附件一（训练集）.xlsx|材料1|188,25,158500,0.124715851,材料1|25|正弦波|52|-10,4,320931.3637,242958.665923,19688.929465,0.278334950238
附件一（训练集）.xlsx|材料1|189,25,158500,0.15624097,材料1|25|正弦波|52|-9,0,556312.9256,428523.34812,21709.11751,0.260985191131
附件一（训练集）.xlsx|材料1|19,25,56320,0.049525016,材料1|25|正弦波|47|-14,1,9988.187279,4528.31327224,19737.204145,0.790932903426
附件一（训练集）.xlsx|材料1|190,25,177820,0.013818687,材料1|25|正弦波|52|-19,2,1455.296582,1171.4518741,24954.9899,0.216799450509
附件一（训练集）.xlsx|材料1|191,25,177820,0.015497364,材料1|25|正弦波|52|-19,2,1947.216719,1561.44083476,24954.9899,0.22066521493
附件一（训练集）.xlsx|材料1|192,25,177820,0.017458275,材料1|25|正弦波|52|-18,1,2619.028052,2141.37935144,19737.204145,0.20126796673
附件一（训练集）.xlsx|材料1|193,25,177830,0.019656564,材料1|25|正弦波|52|-18,1,3573.989819,2883.67106659,19737.204145,0.214551449896
附件一（训练集）.xlsx|材料1|194,25,177820,0.022145534,材料1|25|正弦波|52|-17,2,4896.646627,3820.35232994,24954.9899,0.248150436496
附件一（训练集）.xlsx|材料1|195,25,177820,0.02773429,材料1|25|正弦波|52|-16,1,8757.571039,6838.74698685,19737.204145,0.247282027516
附件一（训练集）.xlsx|材料1|196,25,177820,0.034703414,材料1|25|正弦波|52|-15,2,15704.90259,11778.3870825,24954.9899,0.287685456321
附件一（训练集）.xlsx|材料1|197,25,177820,0.039103672,材料1|25|正弦波|52|-15,2,21387.24118,15886.7830428,24954.9899,0.297290841641
附件一（训练集）.xlsx|材料1|198,25,177820,0.044142152,材料1|25|正弦波|52|-14,1,29039.82633,21944.1316191,19737.204145,0.28015732364
附件一（训练集）.xlsx|材料1|199,25,177820,0.049478069,材料1|25|正弦波|52|-14,1,38777.3922,29217.7237658,19737.204145,0.283053460805
附件一（训练集）.xlsx|材料1|2,25,50030,0.028848625,材料1|25|正弦波|46|-16,3,1997.95525,984.144338009,19251.10804,0.70759178157
附件一（训练集）.xlsx|材料1|20,25,56310,0.056190141,材料1|25|正弦波|47|-13,1,13463.78092,6214.06276293,19737.204145,0.773101632268
附件一（训练集）.xlsx|材料1|200,25,177820,0.055745531,材料1|25|正弦波|52|-13,4,51692.85659,39559.3930483,19688.929465,0.267510504205
附件一（训练集）.xlsx|材料1|201,25,177820,0.062723768,材料1|25|正弦波|52|-13,4,69575.88416,53020.8158616,19688.929465,0.271728939147
附件一（训练集）.xlsx|材料1|202,25,177820,0.070181088,材料1|25|正弦波|52|-12,3,94829.7604,70191.2806365,19251.10804,0.300855490881
附件一（训练集）.xlsx|材料1|203,25,177820,0.078212829,材料1|25|正弦波|52|-12,3,123936.1788,91965.9836567,19251.10804,0.298345175306
附件一（训练集）.xlsx|材料1|204,25,177820,0.09842097,材料1|25|正弦波|52|-11,4,216240.5996,162295.397883,19688.929465,0.286972019196
附件一（训练集）.xlsx|材料1|205,25,177820,0.111126797,材料1|25|正弦波|52|-10,4,290107.5928,219406.951439,19688.929465,0.279322521891
附件一（训练集）.xlsx|材料1|206,25,177820,0.124787496,材料1|25|正弦波|52|-10,4,381807.5464,292608.691506,19688.929465,0.26607968547
附件一（训练集）.xlsx|材料1|207,25,177820,0.139694474,材料1|25|正弦波|52|-9,0,508254.8668,389949.913561,21709.11751,0.264964127043
附件一（训练集）.xlsx|材料1|208,25,199500,0.012815761,材料1|25|正弦波|52|-19,2,1359.728946,1165.14405907,24954.9899,0.154317915767
附件一（训练集）.xlsx|材料1|209,25,199500,0.012310655,材料1|25|正弦波|52|-20,4,1295.823376,1118.33782121,19688.929465,0.147180437788
附件一（训练集）.xlsx|材料1|21,25,56310,0.071156216,材料1|25|正弦波|47|-12,0,23248.3141,11422.7812154,21709.11751,0.710578376426
附件一（训练集）.xlsx|材料1|210,25,199500,0.013819627,材料1|25|正弦波|52|-19,2,1713.519808,1407.57708594,24954.9899,0.196553010137
附件一（训练集）.xlsx|材料1|211,25,199510,0.017506473,材料1|25|正弦波|52|-18,1,3131.491897,2599.30056777,19737.204145,0.186201779698
附件一（训练集）.xlsx|材料1|212,25,199500,0.019724761,材料1|25|正弦波|52|-18,1,4293.7631,3505.93058918,19737.204145,0.202655217871
附件一（训练集）.xlsx|材料1|213,25,199500,0.022106887,材料1|25|正弦波|52|-17,2,5780.063046,4569.57455019,24954.9899,0.234948664621
附件一（训练集）.xlsx|材料1|214,25,199500,0.024645907,材料1|25|正弦波|52|-17,2,7703.877937,6001.02628354,24954.9899,0.249756500458
附件一（训练集）.xlsx|材料1|215,25,199500,0.030943922,材料1|25|正弦波|52|-16,1,13727.56106,10849.4734651,19737.204145,0.235269695296
附件一（训练集）.xlsx|材料1|216,25,199500,0.034882533,材料1|25|正弦波|52|-15,2,18846.99738,14333.8735709,24954.9899,0.273711388777
附件一（训练集）.xlsx|材料1|217,25,199500,0.044123261,材料1|25|正弦波|52|-14,1,34431.32807,26422.6198768,19737.204145,0.264737590094
附件一（训练集）.xlsx|材料1|218,25,199500,0.049637415,材料1|25|正弦波|52|-14,1,46554.40586,35503.6796919,19737.204145,0.270978617062
附件一（训练集）.xlsx|材料1|219,25,199500,0.05586234,材料1|25|正弦波|52|-13,4,61598.99788,47825.563457,19688.929465,0.253080630124
附件一（训练集）.xlsx|材料1|22,25,56320,0.088250718,材料1|25|正弦波|47|-11,3,39002.19859,19368.428104,19251.10804,0.699947705746
附件一（训练集）.xlsx|材料1|220,25,199510,0.062485307,材料1|25|正弦波|52|-13,4,84808.51689,63172.2746691,19688.929465,0.294526421418
附件一（训练集）.xlsx|材料1|221,25,199500,0.069365104,材料1|25|正弦波|52|-12,3,109976.8533,82110.2041135,19251.10804,0.292204535634
附件一（训练集）.xlsx|材料1|222,25,199500,0.078271153,材料1|25|正弦波|52|-12,3,147898.0434,110972.058421,19251.10804,0.287242446892
附件一（训练集）.xlsx|材料1|223,25,199500,0.08777544,材料1|25|正弦波|52|-11,4,195279.9663,146894.60354,19688.929465,0.284717219867
附件一（训练集）.xlsx|材料1|224,25,199500,0.09918362,材料1|25|正弦波|52|-11,4,263199.8984,198968.283042,19688.929465,0.279767156581
附件一（训练集）.xlsx|材料1|225,25,199500,0.137562928,材料1|25|正弦波|52|-9,0,584646.126,451493.150358,21709.11751,0.258446045056
附件一（训练集）.xlsx|材料1|226,25,199500,0.1555797,材料1|25|正弦波|52|-9,0,778826.1991,613699.577735,21709.11751,0.238282046468
附件一（训练集）.xlsx|材料1|227,25,223850,0.012885165,材料1|25|正弦波|53|-19,0,1741.014541,1479.92204328,21709.11751,0.162377329687
附件一（训练集）.xlsx|材料1|228,25,223850,0.012339837,材料1|25|正弦波|53|-20,1,1568.169639,1303.13284109,19737.204145,0.185008256772
附件一（训练集）.xlsx|材料1|229,25,223850,0.013842517,材料1|25|正弦波|53|-19,0,2071.805286,1769.54982318,21709.11751,0.157612767522
附件一（训练集）.xlsx|材料1|23,25,56320,0.09832264,材料1|25|正弦波|47|-11,3,50069.23431,25359.0323098,19251.10804,0.680252302365
附件一（训练集）.xlsx|材料1|230,25,223850,0.01752089,材料1|25|正弦波|53|-18,1,3794.890527,3139.97460426,19737.204145,0.189385906008
附件一（训练集）.xlsx|材料1|231,25,223850,0.027619952,材料1|25|正弦波|53|-16,0,12211.32658,9909.76001794,21709.11751,0.20882477964
附件一（训练集）.xlsx|材料1|232,25,223850,0.030832937,材料1|25|正弦波|53|-16,0,16267.93111,13039.2694478,21709.11751,0.221215002628
附件一（训练集）.xlsx|材料1|233,25,223850,0.03497456,材料1|25|正弦波|53|-15,4,22632.85134,17984.0472129,19688.929465,0.229905930257
附件一（训练集）.xlsx|材料1|234,25,223850,0.044298559,材料1|25|正弦波|53|-14,2,41569.50494,31350.7669176,24954.9899,0.282120273434
附件一（训练集）.xlsx|材料1|235,25,223850,0.049767615,材料1|25|正弦波|53|-14,2,56012.09577,41972.9667072,24954.9899,0.288535930633
附件一（训练集）.xlsx|材料1|236,25,223850,0.061920136,材料1|25|正弦波|53|-13,2,98906.6499,72576.9528186,24954.9899,0.309525389959
附件一（训练集）.xlsx|材料1|237,25,223850,0.088159942,材料1|25|正弦波|53|-11,0,237281.9938,179113.142404,21709.11751,0.281230225793
附件一（训练集）.xlsx|材料1|238,25,223850,0.09906537,材料1|25|正弦波|53|-11,0,314961.8538,239577.884664,21709.11751,0.273571972516
附件一（训练集）.xlsx|材料1|239,25,223850,0.123579255,材料1|25|正弦波|53|-10,3,544722.457,417511.972159,19251.10804,0.265962632686
附件一（训练集）.xlsx|材料1|24,25,56320,0.111341721,材料1|25|正弦波|47|-10,3,66762.87637,34577.8985859,19251.10804,0.65791853281
附件一（训练集）.xlsx|材料1|240,25,223850,0.138437409,材料1|25|正弦波|53|-9,3,709348.3739,554145.217497,19251.10804,0.246919592696
附件一（训练集）.xlsx|材料1|241,25,251170,0.013064712,材料1|25|正弦波|53|-19,0,2262.910587,1843.32179525,21709.11751,0.204982046924
附件一（训练集）.xlsx|材料1|242,25,251170,0.012355415,材料1|25|正弦波|53|-20,1,1948.042054,1576.03410135,19737.204145,0.211792065576
附件一（训练集）.xlsx|材料1|243,25,251170,0.01390232,材料1|25|正弦波|53|-19,0,2592.256897,2152.31634046,21709.11751,0.185905437256
附件一（训练集）.xlsx|材料1|244,25,251170,0.017598874,材料1|25|正弦波|53|-18,1,4704.915331,3827.95694848,19737.204145,0.20622786954
附件一（训练集）.xlsx|材料1|245,25,251170,0.019603457,材料1|25|正弦波|53|-18,1,6166.926736,5017.56330887,19737.204145,0.20621905882
附件一（训练集）.xlsx|材料1|246,25,251170,0.024500546,材料1|25|正弦波|53|-17,2,10941.64448,8536.76894056,24954.9899,0.248167768068
附件一（训练集）.xlsx|材料1|247,25,251170,0.027674865,材料1|25|正弦波|53|-16,0,14874.62098,11983.633228,21709.11751,0.216098432279
附件一（训练集）.xlsx|材料1|248,25,251170,0.034915932,材料1|25|正弦波|53|-15,4,27126.64693,21543.1268846,19688.929465,0.230450144723
附件一（训练集）.xlsx|材料1|249,25,251170,0.039381305,材料1|25|正弦波|53|-15,4,37101.17357,29046.8456261,19688.929465,0.244731235034
附件一（训练集）.xlsx|材料1|25,25,56310,0.139394982,材料1|25|正弦波|47|-9,4,113796.1134,60884.5112429,19688.929465,0.625421920033
附件一（训练集）.xlsx|材料1|250,25,251170,0.044373226,材料1|25|正弦波|53|-14,2,50336.60598,37829.6446907,24954.9899,0.285632951279
附件一（训练集）.xlsx|材料1|251,25,251170,0.049590251,材料1|25|正弦波|53|-14,2,69303.99422,49984.3581168,24954.9899,0.326786845386
附件一（训练集）.xlsx|材料1|252,25,251170,0.055209191,材料1|25|正弦波|53|-13,2,90837.14978,65414.5904721,24954.9899,0.328318732653
附件一（训练集）.xlsx|材料1|253,25,251170,0.062204289,材料1|25|正弦波|53|-13,2,120548.5034,88213.1945207,24954.9899,0.312292599493
附件一（训练集）.xlsx|材料1|254,25,251170,0.069834708,材料1|25|正弦波|53|-12,4,160968.1046,120471.063335,19688.929465,0.289794563165
附件一（训练集）.xlsx|材料1|255,25,251170,0.078679059,材料1|25|正弦波|53|-12,4,216823.809,161988.591734,19688.929465,0.291557611064
附件一（训练集）.xlsx|材料1|256,25,251170,0.088210242,材料1|25|正弦波|53|-11,0,286943.8736,215833.756063,21709.11751,0.284777022579
附件一（训练集）.xlsx|材料1|257,25,251170,0.098711705,材料1|25|正弦波|53|-11,0,385325.0273,285724.338935,21709.11751,0.299058804078
附件一（训练集）.xlsx|材料1|258,25,281860,0.013181627,材料1|25|正弦波|54|-19,0,2889.53144,2268.36626228,21709.11751,0.24193976159
附件一（训练集）.xlsx|材料1|259,25,281850,0.012429312,材料1|25|正弦波|54|-20,2,2480.678594,1872.28196168,24954.9899,0.281243231364
附件一（训练集）.xlsx|材料1|26,25,56310,0.156058959,材料1|25|正弦波|47|-9,4,148257.1129,80591.4295127,19688.929465,0.609550042373
附件一（训练集）.xlsx|材料1|260,25,281850,0.013957943,材料1|25|正弦波|54|-19,0,3297.714089,2616.18657455,21709.11751,0.231432808229
附件一（训练集）.xlsx|材料1|261,25,281850,0.015644295,材料1|25|正弦波|54|-19,0,4341.331734,3477.00062082,21709.11751,0.221953875305
附件一（训练集）.xlsx|材料1|262,25,281850,0.017415227,材料1|25|正弦波|54|-18,0,5670.629505,4543.13036528,21709.11751,0.221640096555
附件一（训练集）.xlsx|材料1|263,25,281860,0.024638591,材料1|25|正弦波|54|-17,3,13623.67457,10867.3414404,19251.10804,0.22602834738
附件一（训练集）.xlsx|材料1|264,25,281860,0.027736927,材料1|25|正弦波|54|-16,2,18325.83964,14001.9513985,24954.9899,0.269098510788
附件一（训练集）.xlsx|材料1|265,25,281850,0.031137361,材料1|25|正弦波|54|-16,2,24592.22803,18708.9276642,24954.9899,0.273416847587
附件一（训练集）.xlsx|材料1|266,25,281850,0.035130795,材料1|25|正弦波|54|-15,0,33679.40394,26145.9358532,21709.11751,0.253184174913
附件一（训练集）.xlsx|材料1|267,25,281860,0.039456294,材料1|25|正弦波|54|-15,0,45459.87546,34929.6257748,21709.11751,0.263488102281
附件一（训练集）.xlsx|材料1|268,25,281850,0.044125441,材料1|25|正弦波|54|-14,2,62572.44922,44828.1268578,24954.9899,0.33348297303
附件一（训练集）.xlsx|材料1|269,25,281850,0.049106648,材料1|25|正弦波|54|-14,2,82051.91465,58611.1742018,24954.9899,0.336421913868
附件一（训练集）.xlsx|材料1|27,25,56320,0.175767158,材料1|25|正弦波|47|-8,4,198685.0545,108310.251639,19688.929465,0.606716921536
附件一（训练集）.xlsx|材料1|270,25,281850,0.0553264,材料1|25|正弦波|54|-13,3,110783.9294,81685.4889491,19251.10804,0.304702134567
附件一（训练集）.xlsx|材料1|271,25,281850,0.062049735,材料1|25|正弦波|54|-13,3,145390.1865,108729.013879,19251.10804,0.290560075064
附件一（训练集）.xlsx|材料1|272,25,281850,0.069894051,材料1|25|正弦波|54|-12,3,196252.4584,146307.233296,19251.10804,0.293691395685
附件一（训练集）.xlsx|材料1|273,50,50020,0.027998459,材料1|50|正弦波|46|-16,4,1095.616077,935.148213674,19688.929465,0.158210611748
附件一（训练集）.xlsx|材料1|274,50,50020,0.035006203,材料1|50|正弦波|46|-15,0,1909.33587,1609.89004725,21709.11751,0.170492224142
附件一（训练集）.xlsx|材料1|275,50,50020,0.039650286,材料1|50|正弦波|46|-15,0,2623.160983,2196.45055072,21709.11751,0.177463371623
附件一（训练集）.xlsx|材料1|276,50,50020,0.044581841,材料1|50|正弦波|46|-14,1,3549.272659,2868.94608799,19737.204145,0.212731160968
附件一（训练集）.xlsx|材料1|277,50,50030,0.049734534,材料1|50|正弦波|46|-14,1,4845.135951,3775.94364188,19737.204145,0.249266554051
附件一（训练集）.xlsx|材料1|278,50,50020,0.05547109,材料1|50|正弦波|46|-13,3,6351.403688,5022.94074327,19251.10804,0.234618640457
附件一（训练集）.xlsx|材料1|279,50,50020,0.070031481,材料1|50|正弦波|46|-12,0,11029.67308,9074.87740233,21709.11751,0.195059795139
附件一（训练集）.xlsx|材料1|28,25,56320,0.195472805,材料1|25|正弦波|47|-8,4,255933.2678,141015.777055,19688.929465,0.596041775597
附件一（训练集）.xlsx|材料1|280,50,50020,0.079569864,材料1|50|正弦波|46|-11,0,15113.44827,12477.9356014,21709.11751,0.191609054458
附件一（训练集）.xlsx|材料1|281,50,50020,0.088950564,材料1|50|正弦波|46|-11,0,19940.16763,16475.9118752,21709.11751,0.190826199281
附件一（训练集）.xlsx|材料1|282,50,50030,0.098956297,材料1|50|正弦波|46|-11,0,26026.23789,21500.3272393,21709.11751,0.191028935526
附件一（训练集）.xlsx|材料1|283,50,50020,0.110767692,材料1|50|正弦波|46|-10,0,34262.29336,28472.9695833,21709.11751,0.185084294742
附件一（训练集）.xlsx|材料1|284,50,50030,0.124705863,材料1|50|正弦波|46|-10,0,45874.56082,38277.5874974,21709.11751,0.181041864587
附件一（训练集）.xlsx|材料1|285,50,50020,0.174691611,材料1|50|正弦波|46|-8,3,105597.3536,87758.2574335,19251.10804,0.185045425642
附件一（训练集）.xlsx|材料1|286,50,50020,0.197460369,材料1|50|正弦波|46|-8,3,144536.8874,119115.352019,19251.10804,0.193440906238
附件一（训练集）.xlsx|材料1|287,50,50020,0.220096919,材料1|50|正弦波|46|-7,3,189925.2011,156135.482001,19251.10804,0.195905072063
附件一（训练集）.xlsx|材料1|288,50,50030,0.271960226,材料1|50|正弦波|46|-6,0,323386.9029,267570.005524,21709.11751,0.189467568122
附件一（训练集）.xlsx|材料1|289,50,56320,0.024595515,材料1|50|正弦波|47|-17,4,978.4264497,819.933135852,19688.929465,0.176525481115
附件一（训练集）.xlsx|材料1|29,25,56320,0.218359686,材料1|25|正弦波|47|-7,2,331623.2171,189245.244518,24954.9899,0.560953403564
附件一（训练集）.xlsx|材料1|290,50,56320,0.027719913,材料1|50|正弦波|47|-16,2,1322.360361,1072.13757879,24954.9899,0.209587555508
附件一（训练集）.xlsx|材料1|291,50,56320,0.035088566,材料1|50|正弦波|47|-15,3,2344.433168,1942.10301738,19251.10804,0.188183915926
附件一（训练集）.xlsx|材料1|292,50,56320,0.039600365,材料1|50|正弦波|47|-15,3,3171.45816,2625.85358119,19251.10804,0.18871995916
附件一（训练集）.xlsx|材料1|293,50,56320,0.044054976,材料1|50|正弦波|47|-14,0,4277.388038,3456.31864583,21709.11751,0.213082981233
附件一（训练集）.xlsx|材料1|294,50,56320,0.055769263,材料1|50|正弦波|47|-13,2,7514.230322,6183.44289447,24954.9899,0.194894742902
附件一（训练集）.xlsx|材料1|295,50,56320,0.062738723,材料1|50|正弦波|47|-13,2,9956.432911,8306.43158788,24954.9899,0.181168812287
附件一（训练集）.xlsx|材料1|296,50,56320,0.087912778,材料1|50|正弦波|47|-11,3,22401.88282,19184.0109468,19251.10804,0.155060353613
附件一（训练集）.xlsx|材料1|297,50,56320,0.123875456,材料1|50|正弦波|47|-10,1,51530.81264,45163.9307858,19737.204145,0.131878419997
附件一（训练集）.xlsx|材料1|298,50,56320,0.139719801,材料1|50|正弦波|47|-9,2,69788.57213,61798.6565431,24954.9899,0.121586795296
附件一（训练集）.xlsx|材料1|299,50,56320,0.219919305,材料1|50|正弦波|47|-7,2,220116.1066,192651.452107,24954.9899,0.133271908167
附件一（训练集）.xlsx|材料1|3,25,50020,0.0314273,材料1|25|正弦波|46|-16,3,2427.74983,1217.96758801,19251.10804,0.689372390568
附件一（训练集）.xlsx|材料1|30,25,56320,0.240403954,材料1|25|正弦波|47|-7,2,416358.3168,240834.762509,24954.9899,0.547433411947
附件一（训练集）.xlsx|材料1|300,50,56310,0.272393209,材料1|50|正弦波|47|-6,3,374065.9706,321763.730544,19251.10804,0.150614219154
附件一（训练集）.xlsx|材料1|301,50,63020,0.021735024,材料1|50|正弦波|47|-17,4,805.9127383,722.358029329,19688.929465,0.109311232231
附件一（训练集）.xlsx|材料1|302,50,63020,0.024884866,材料1|50|正弦波|47|-17,4,1133.209213,1010.89362607,19688.929465,0.114112226705
附件一（训练集）.xlsx|材料1|303,50,63020,0.027942402,材料1|50|正弦波|47|-16,2,1497.701442,1308.57339082,24954.9899,0.13489759952
附件一（训练集）.xlsx|材料1|304,50,63020,0.035386175,材料1|50|正弦波|47|-15,3,2659.779691,2378.72504964,19251.10804,0.111634241113
附件一（训练集）.xlsx|材料1|305,50,63030,0.039285167,材料1|50|正弦波|47|-15,3,3616.413798,3087.82762598,19251.10804,0.157967740227
附件一（训练集）.xlsx|材料1|306,50,63020,0.063005505,材料1|50|正弦波|47|-13,2,11494.72838,10043.3557905,24954.9899,0.134964657291
附件一（训练集）.xlsx|材料1|307,50,63020,0.078477307,材料1|50|正弦波|47|-12,4,19243.53155,17513.2995997,19688.929465,0.0942092778015
附件一（训练集）.xlsx|材料1|308,50,63020,0.088415525,材料1|50|正弦波|47|-11,3,25703.58543,23336.7472614,19251.10804,0.0965972935519
附件一（训练集）.xlsx|材料1|309,50,63020,0.099057728,材料1|50|正弦波|47|-11,3,33873.21869,30983.0740077,19251.10804,0.0891808836444
附件一（训练集）.xlsx|材料1|31,25,56310,0.268948476,材料1|25|正弦波|47|-6,0,534557.2986,314710.1028,21709.11751,0.529785711767
附件一（训练集）.xlsx|材料1|310,50,63020,0.111491301,材料1|50|正弦波|47|-10,1,45187.74242,41619.4595491,19737.204145,0.0822561318635
附件一（训练集）.xlsx|材料1|311,50,63020,0.124758829,材料1|50|正弦波|47|-10,1,59602.37429,55181.7868085,19737.204145,0.0770611165984
附件一（训练集）.xlsx|材料1|312,50,63020,0.139630586,材料1|50|正弦波|47|-9,2,79323.33333,73812.3558125,24954.9899,0.0720052448462
附件一（训练集）.xlsx|材料1|313,50,63020,0.158442085,材料1|50|正弦波|47|-9,2,108629.5997,101323.598839,24954.9899,0.0696239196462
附件一（训练集）.xlsx|材料1|314,50,63020,0.198024795,材料1|50|正弦波|47|-8,4,191311.8669,174409.463849,19688.929465,0.0924986257007
附件一（训练集）.xlsx|材料1|315,50,63020,0.219842525,材料1|50|正弦波|47|-7,2,249461.3838,230270.075601,24954.9899,0.0800509329908
附件一（训练集）.xlsx|材料1|316,50,63030,0.273228307,材料1|50|正弦波|47|-6,3,427142.3839,389057.369809,19251.10804,0.0933903672556
附件一（训练集）.xlsx|材料1|317,50,70830,0.021906007,材料1|50|正弦波|48|-17,4,927.258475,888.386714154,19688.929465,0.0427780831217
附件一（训练集）.xlsx|材料1|318,50,70830,0.024739738,材料1|50|正弦波|48|-17,4,1243.598131,1201.70077233,19688.929465,0.0342430199642
附件一（训练集）.xlsx|材料1|319,50,70830,0.027898511,材料1|50|正弦波|48|-16,0,1716.460317,1598.74889929,21709.11751,0.0709999607644
附件一（训练集）.xlsx|材料1|32,25,63010,0.02215917,材料1|25|正弦波|47|-17,1,1507.127686,722.569000055,19737.204145,0.734428306066
附件一（训练集）.xlsx|材料1|320,50,70840,0.034971173,材料1|50|正弦波|48|-15,4,3092.694422,2838.98668357,19688.929465,0.0855666192879
附件一（训练集）.xlsx|材料1|321,50,70840,0.039166017,材料1|50|正弦波|48|-15,4,4083.403273,3761.29031941,19688.929465,0.082147740579
附件一（训练集）.xlsx|材料1|322,50,70840,0.055806217,材料1|50|正弦波|48|-13,4,9807.160843,9061.34651808,19688.929465,0.0790866941215
附件一（训练集）.xlsx|材料1|323,50,70840,0.069936826,材料1|50|正弦波|48|-12,0,16701.43194,15822.3386167,21709.11751,0.0540683561772
附件一（训练集）.xlsx|材料1|324,50,70840,0.087267597,材料1|50|正弦波|48|-11,0,28733.10879,27482.4452588,21709.11751,0.044501043874
附件一（训练集）.xlsx|材料1|325,50,70840,0.111515332,材料1|50|正弦波|48|-10,1,52609.57548,50351.8598903,19737.204145,0.0438617365326
附件一（训练集）.xlsx|材料1|326,50,70840,0.245317131,材料1|50|正弦波|48|-7,1,383820.4649,363888.802245,19737.204145,0.0533264285987
附件一（训练集）.xlsx|材料1|327,50,70840,0.277810676,材料1|50|正弦波|48|-6,1,522759.9608,497152.821504,19737.204145,0.0502248274455
附件一（训练集）.xlsx|材料1|328,50,79460,0.019596081,材料1|50|正弦波|49|-18,4,778.1715275,810.08658595,19688.929465,0.0401436018652
附件一（训练集）.xlsx|材料1|329,50,79460,0.022072663,材料1|50|正弦波|49|-17,0,1057.340411,1072.32890257,21709.11751,0.0140629116253
附件一（训练集）.xlsx|材料1|33,25,63020,0.024833427,材料1|25|正弦波|47|-17,1,1987.49952,961.896547656,19737.204145,0.72518964438
附件一（训练集）.xlsx|材料1|330,50,79470,0.024803567,材料1|50|正弦波|49|-17,0,1408.347747,1434.68699206,21709.11751,0.0185164681785
附件一（训练集）.xlsx|材料1|331,50,79470,0.027988007,材料1|50|正弦波|49|-16,2,1914.446848,1901.93978726,24954.9899,0.00655098954601
附件一（训练集）.xlsx|材料1|332,50,79460,0.031124389,材料1|50|正弦波|49|-16,2,2619.833509,2481.59793816,24954.9899,0.0541868328045
附件一（训练集）.xlsx|材料1|333,50,79460,0.034641168,材料1|50|正弦波|49|-15,3,3358.272558,3281.43874752,19251.10804,0.0231377832325
附件一（训练集）.xlsx|材料1|334,50,79460,0.044247429,材料1|50|正弦波|49|-14,1,6196.269592,5968.85450833,19737.204145,0.0373862500206
附件一（训练集）.xlsx|材料1|335,50,79460,0.049923899,材料1|50|正弦波|49|-14,1,8411.541611,8079.72961943,19737.204145,0.0402414733983
附件一（训练集）.xlsx|材料1|336,50,79460,0.062415913,材料1|50|正弦波|49|-13,1,14671.43686,14148.3298271,19737.204145,0.0363034292255
附件一（训练集）.xlsx|材料1|337,50,79460,0.078516027,材料1|50|正弦波|49|-12,1,25213.52305,25160.9553706,19737.204145,0.00208699377515
附件一（训练集）.xlsx|材料1|338,50,79460,0.087456628,材料1|50|正弦波|49|-11,4,32922.90003,33243.2348735,19688.929465,0.00968252608636
附件一（训练集）.xlsx|材料1|339,50,79460,0.110941956,材料1|50|正弦波|49|-10,0,59518.79178,60142.0594556,21709.11751,0.010417156292
附件一（训练集）.xlsx|材料1|34,25,63020,0.028038291,材料1|25|正弦波|47|-16,3,2690.828365,1331.32760223,19251.10804,0.703293162825
附件一（训练集）.xlsx|材料1|340,50,79460,0.125548673,材料1|50|正弦波|49|-10,0,81770.16356,81873.4935776,21709.11751,0.00126285088368
附件一（训练集）.xlsx|材料1|341,50,79460,0.140722129,材料1|50|正弦波|49|-9,1,109005.8457,108751.528606,19737.204145,0.00233576359456
附件一（训练集）.xlsx|材料1|342,50,79460,0.17522511,材料1|50|正弦波|49|-8,3,191579.1859,186885.40491,19251.10804,0.0248054744068
附件一（训练集）.xlsx|材料1|343,50,79460,0.196442426,材料1|50|正弦波|49|-8,3,255525.1192,248516.696096,19251.10804,0.0278105775506
附件一（训练集）.xlsx|材料1|344,50,79460,0.220424804,材料1|50|正弦波|49|-7,3,341579.3928,331206.503396,19251.10804,0.0308379847045
附件一（训练集）.xlsx|材料1|345,50,89080,0.019592071,材料1|50|正弦波|49|-18,4,869.3314017,972.59789843,19688.929465,0.112124322505
附件一（训练集）.xlsx|材料1|346,50,89080,0.022148558,材料1|50|正弦波|49|-17,0,1209.671781,1299.60318627,21709.11751,0.0716527498376
附件一（训练集）.xlsx|材料1|347,50,89080,0.027709906,材料1|50|正弦波|49|-16,2,2211.8587,2225.28454691,24954.9899,0.00604886443293
附件一（训练集）.xlsx|材料1|348,50,89080,0.031058478,材料1|50|正弦波|49|-16,2,2968.048897,2961.89865034,24954.9899,0.00207360190448
附件一（训练集）.xlsx|材料1|349,50,89080,0.035032741,材料1|50|正弦波|49|-15,3,3953.386891,4059.58507558,19251.10804,0.0265015025526
附件一（训练集）.xlsx|材料1|35,25,63020,0.035575387,材料1|25|正弦波|47|-15,3,4918.264521,2410.56850296,19251.10804,0.712881664821
附件一（训练集）.xlsx|材料1|350,50,89080,0.044246566,材料1|50|正弦波|49|-14,1,7125.09244,7185.49532829,19737.204145,0.00844057662754
附件一（训练集）.xlsx|材料1|351,50,89080,0.04985849,材料1|50|正弦波|49|-14,1,9613.206009,9695.16982983,19737.204145,0.00848914736291
附件一（训练集）.xlsx|材料1|352,50,89080,0.055390007,材料1|50|正弦波|49|-13,1,12510.94661,12623.5790707,19737.204145,0.00896171698282
附件一（训练集）.xlsx|材料1|353,50,89090,0.069895358,材料1|50|正弦波|49|-12,1,21709.11751,22629.7716042,19737.204145,0.0415321589952
附件一（训练集）.xlsx|材料1|354,50,89080,0.078733433,材料1|50|正弦波|49|-12,1,29302.81562,30501.886,19737.204145,0.0401035686033
附件一（训练集）.xlsx|材料1|355,50,89080,0.099278312,材料1|50|正弦波|49|-11,4,52515.80528,54708.8071742,19688.929465,0.0409097646145
附件一（训练集）.xlsx|材料1|356,50,89080,0.111905331,材料1|50|正弦波|49|-10,0,71214.73311,73842.7573544,21709.11751,0.036237709327
附件一（训练集）.xlsx|材料1|357,50,89090,0.125714115,材料1|50|正弦波|49|-10,0,95692.06829,98721.7802746,21709.11751,0.0311698588222
附件一（训练集）.xlsx|材料1|358,50,89090,0.154987099,材料1|50|正弦波|49|-9,1,164004.0721,166839.202697,19737.204145,0.0171391294592
附件一（训练集）.xlsx|材料1|359,50,89080,0.175012928,材料1|50|正弦波|49|-8,3,222966.1134,224134.019965,19251.10804,0.00522435092061
附件一（训练集）.xlsx|材料1|36,25,63020,0.039632207,材料1|25|正弦波|47|-15,3,6538.643558,3155.48678172,19251.10804,0.728423030971
附件一（训练集）.xlsx|材料1|360,50,89090,0.196426667,材料1|50|正弦波|49|-8,3,299341.3213,298945.53362,19251.10804,0.00132306572068
附件一（训练集）.xlsx|材料1|361,50,99950,0.019626467,材料1|50|正弦波|49|-18,4,993.1452072,1175.01308991,19688.929465,0.168001979586
附件一（训练集）.xlsx|材料1|362,50,99950,0.022079873,材料1|50|正弦波|49|-17,0,1358.636001,1551.70041615,21709.11751,0.132778601422
附件一（训练集）.xlsx|材料1|363,50,99960,0.024736007,材料1|50|正弦波|49|-17,0,1896.952399,2060.20815785,21709.11751,0.0825166749645
附件一（训练集）.xlsx|材料1|364,50,99950,0.027697304,材料1|50|正弦波|49|-16,2,2514.323963,2670.7198379,24954.9899,0.0603207915096
附件一（训练集）.xlsx|材料1|365,50,99950,0.034985059,材料1|50|正弦波|49|-15,3,4450.983841,4873.61206733,19251.10804,0.0906907215501
附件一（训练集）.xlsx|材料1|366,50,99950,0.03932032,材料1|50|正弦波|49|-15,3,6016.132491,6521.73061232,19251.10804,0.0806822783941
附件一（训练集）.xlsx|材料1|367,50,99950,0.044374046,材料1|50|正弦波|49|-14,1,8213.583988,8725.30192398,19737.204145,0.0604305649338
附件一（训练集）.xlsx|材料1|368,50,99950,0.049289206,材料1|50|正弦波|49|-14,1,10691.6548,11356.2038707,19737.204145,0.0602952064039
附件一（训练集）.xlsx|材料1|369,50,99950,0.055227445,材料1|50|正弦波|49|-13,1,14180.43445,15106.6973951,19737.204145,0.0632706991277
附件一（训练集）.xlsx|材料1|37,25,63020,0.050162968,材料1|25|正弦波|47|-13,1,11504.91656,5612.33231352,19737.204145,0.717716848077
附件一（训练集）.xlsx|材料1|370,50,99950,0.062263833,材料1|50|正弦波|49|-13,1,19258.68453,20409.0849846,19737.204145,0.0580151139934
附件一（训练集）.xlsx|材料1|371,50,99950,0.069688289,材料1|50|正弦波|49|-12,1,24954.9899,27074.3335961,19737.204145,0.0815092444591
附件一（训练集）.xlsx|材料1|372,50,99950,0.078606543,材料1|50|正弦波|49|-12,1,33773.96405,36623.3997322,19737.204145,0.0809948581883
附件一（训练集）.xlsx|材料1|373,50,99950,0.088058339,材料1|50|正弦波|49|-11,4,45016.12152,48858.2672796,19688.929465,0.0819011737629
附件一（训练集）.xlsx|材料1|374,50,99950,0.099492308,材料1|50|正弦波|49|-11,4,61682.11388,66160.2390858,19688.929465,0.0700845667477
附件一（训练集）.xlsx|材料1|375,50,99950,0.11147328,材料1|50|正弦波|49|-10,0,82409.82889,87999.3056332,21709.11751,0.0656234407278
附件一（训练集）.xlsx|材料1|376,50,99950,0.13846764,材料1|50|正弦波|49|-9,1,145360.8569,151570.784571,19737.204145,0.0418331397851
附件一（训练集）.xlsx|材料1|377,50,99950,0.156126109,材料1|50|正弦波|49|-9,1,196926.3359,204826.322637,19737.204145,0.0393324881842
附件一（训练集）.xlsx|材料1|378,50,99950,0.174166404,材料1|50|正弦波|49|-8,3,259939.8297,266747.999519,19251.10804,0.0258541125026
附件一（训练集）.xlsx|材料1|379,50,99950,0.196760718,材料1|50|正弦波|49|-8,3,355880.6652,361574.430679,19251.10804,0.0158724056065
附件一（训练集）.xlsx|材料1|38,25,63020,0.056284632,材料1|25|正弦波|47|-13,1,14827.08294,7491.92901717,19737.204145,0.682563100627
附件一（训练集）.xlsx|材料1|380,50,99950,0.221476544,材料1|50|正弦波|49|-7,3,479177.7654,485671.580536,19251.10804,0.0134609610443
附件一（训练集）.xlsx|材料1|381,50,99950,0.243511331,材料1|50|正弦波|49|-7,3,619685.956,615259.143793,19251.10804,0.00716926444584
附件一（训练集）.xlsx|材料1|382,50,99950,0.272694045,材料1|50|正弦波|49|-6,4,821036.215,809047.433558,19688.929465,0.0147096535986
附件一（训练集）.xlsx|材料1|383,50,112160,0.016657636,材料1|50|正弦波|50|-18,1,739.8215625,900.689418478,19737.204145,0.196510345402
附件一（训练集）.xlsx|材料1|384,50,112160,0.017544284,材料1|50|正弦波|50|-18,1,835.4853336,1025.8317178,19737.204145,0.205024351252
附件一（训练集）.xlsx|材料1|385,50,112160,0.019775875,材料1|50|正弦波|50|-18,1,1143.163558,1385.2473324,19737.204145,0.191926482337
附件一（训练集）.xlsx|材料1|386,50,112160,0.024554309,材料1|50|正弦波|50|-17,1,2098.810441,2384.08993984,19737.204145,0.127389759789
附件一（训练集）.xlsx|材料1|387,50,112170,0.027639801,材料1|50|正弦波|50|-16,3,2838.707823,3263.07951431,19251.10804,0.139276630152
附件一（训练集）.xlsx|材料1|388,50,112170,0.035141726,材料1|50|正弦波|50|-15,0,5186.650045,5951.93511515,21709.11751,0.137603585114
附件一（训练集）.xlsx|材料1|389,50,112170,0.039538136,材料1|50|正弦波|50|-15,0,7059.64503,7986.02199892,21709.11751,0.123281562918
附件一（训练集）.xlsx|材料1|39,25,63020,0.063400353,材料1|25|正弦波|47|-12,0,19682.18168,10264.8013442,21709.11751,0.650946436188
附件一（训练集）.xlsx|材料1|390,50,112150,0.0491669,材料1|50|正弦波|50|-14,2,12269.25192,13523.7086855,24954.9899,0.097340495648
附件一（训练集）.xlsx|材料1|391,50,112160,0.055386947,材料1|50|正弦波|50|-13,4,16543.32032,18586.9060449,19688.929465,0.116468296757
附件一（训练集）.xlsx|材料1|392,50,112160,0.062058326,材料1|50|正弦波|50|-13,4,22183.00785,24652.4970553,19688.929465,0.105547096622
附件一（训练集）.xlsx|材料1|393,50,112160,0.069972704,材料1|50|正弦波|50|-12,4,29349.51758,33213.0533642,19688.929465,0.123662899589
附件一（训练集）.xlsx|材料1|394,50,112160,0.078442345,材料1|50|正弦波|50|-12,4,39278.81673,44109.4839739,19688.929465,0.115986668292
附件一（训练集）.xlsx|材料1|395,50,112160,0.088775331,材料1|50|正弦波|50|-11,1,54053.59161,59920.5292514,19737.204145,0.103041368802
附件一（训练集）.xlsx|材料1|396,50,112160,0.099373274,材料1|50|正弦波|50|-11,1,72281.36189,79514.0213077,19737.204145,0.0953658089374
附件一（训练集）.xlsx|材料1|397,50,112160,0.111271014,材料1|50|正弦波|50|-10,0,98510.8538,105428.466656,21709.11751,0.0678652827455
附件一（训练集）.xlsx|材料1|398,50,112160,0.12385457,材料1|50|正弦波|50|-10,0,129520.7229,137721.169093,21709.11751,0.0613897768933
附件一（训练集）.xlsx|材料1|399,50,112160,0.175414152,材料1|50|正弦波|50|-8,2,314222.2027,327887.940076,24954.9899,0.0425713837108
附件一（训练集）.xlsx|材料1|4,25,50020,0.035534728,材料1|25|正弦波|46|-15,0,3332.72576,1671.19343711,21709.11751,0.689954325375
附件一（训练集）.xlsx|材料1|40,25,63020,0.071323606,材料1|25|正弦波|47|-12,0,26015.31362,13768.7482459,21709.11751,0.636249758408
附件一（训练集）.xlsx|材料1|400,50,112160,0.24358413,材料1|50|正弦波|50|-7,3,733865.3511,741841.539539,19251.10804,0.0108100807179
附件一（训练集）.xlsx|材料1|401,50,112160,0.273028806,材料1|50|正弦波|50|-6,3,968499.8293,986036.911252,19251.10804,0.0179454642898
附件一（训练集）.xlsx|材料1|402,50,125850,0.017339621,材料1|50|正弦波|50|-18,1,951.481771,1200.88542213,19737.204145,0.232575819103
附件一（训练集）.xlsx|材料1|403,50,125850,0.017517615,材料1|50|正弦波|50|-18,1,983.3822228,1232.05043654,19737.204145,0.225232148436
附件一（训练集）.xlsx|材料1|404,50,125860,0.021776607,材料1|50|正弦波|50|-17,1,1817.624491,2127.12218614,19737.204145,0.157159546959
附件一（训练集）.xlsx|材料1|405,50,125860,0.02770807,材料1|50|正弦波|50|-16,3,3326.960389,3955.09691901,19251.10804,0.17289829216
附件一（训练集）.xlsx|材料1|406,50,125860,0.031241119,材料1|50|正弦波|50|-16,3,4543.843552,5334.88244044,19251.10804,0.160460971934
附件一（训练集）.xlsx|材料1|407,50,125860,0.035183971,材料1|50|正弦波|50|-15,0,6062.379548,7183.46713699,21709.11751,0.1696540277
附件一（训练集）.xlsx|材料1|408,50,125860,0.03893157,材料1|50|正弦波|50|-15,0,7868.949799,9246.13450243,21709.11751,0.161262036382
附件一（训练集）.xlsx|材料1|409,50,125860,0.049302367,材料1|50|正弦波|50|-14,2,14409.12046,16366.8761826,24954.9899,0.127389875132
附件一（训练集）.xlsx|材料1|41,25,63020,0.079125307,材料1|25|正弦波|47|-12,0,33431.1089,17837.1869435,21709.11751,0.628175289237
附件一（训练集）.xlsx|材料1|410,50,125860,0.055166543,材料1|50|正弦波|50|-13,4,19296.03239,22141.1558994,19688.929465,0.137531976389
附件一（训练集）.xlsx|材料1|411,50,125860,0.078898923,材料1|50|正弦波|50|-12,4,47211.21881,53837.4289603,19688.929465,0.131334772941
附件一（训练集）.xlsx|材料1|412,50,125850,0.099023966,材料1|50|正弦波|50|-11,1,87351.97459,95020.4364497,19737.204145,0.0841454232931
附件一（训练集）.xlsx|材料1|413,50,125860,0.110279041,材料1|50|正弦波|50|-10,0,114483.3823,124078.264283,21709.11751,0.0804821749124
附件一（训练集）.xlsx|材料1|414,50,125860,0.139115518,材料1|50|正弦波|50|-9,1,207436.5315,222967.620294,19737.204145,0.0722008040565
附件一（训练集）.xlsx|材料1|415,50,125860,0.156636032,材料1|50|正弦波|50|-9,1,280098.7363,300247.148019,19737.204145,0.0694635519953
附件一（训练集）.xlsx|材料1|416,50,125860,0.17565708,材料1|50|正弦波|50|-8,2,375312.9687,395407.627734,24954.9899,0.0521568052283
附件一（训练集）.xlsx|材料1|417,50,125850,0.218306402,材料1|50|正弦波|50|-7,3,664504.626,680023.020847,19251.10804,0.0230847776869
附件一（训练集）.xlsx|材料1|418,50,125860,0.245751915,材料1|50|正弦波|50|-7,3,888278.957,913748.912591,19251.10804,0.0282699552067
附件一（训练集）.xlsx|材料1|419,50,141260,0.015748651,材料1|50|正弦波|51|-19,0,891.0644612,1164.83832978,21709.11751,0.267657307701
附件一（训练集）.xlsx|材料1|42,25,63020,0.088690548,材料1|25|正弦波|47|-11,3,43311.21706,23518.1808034,19251.10804,0.610618451766
附件一（训练集）.xlsx|材料1|420,50,141270,0.01560626,材料1|50|正弦波|51|-19,0,861.0731092,1138.87924798,21709.11751,0.279337532429
附件一（训练集）.xlsx|材料1|421,50,141270,0.017411505,材料1|50|正弦波|51|-18,4,1195.612953,1520.4386281,19688.929465,0.240161326343
附件一（训练集）.xlsx|材料1|422,50,141260,0.024697542,材料1|50|正弦波|51|-17,3,2898.435212,3578.06016483,19251.10804,0.210584278615
附件一（训练集）.xlsx|材料1|423,50,141260,0.031369959,材料1|50|正弦波|51|-16,1,5406.004941,6410.25581928,19737.204145,0.170359843173
附件一（训练集）.xlsx|材料1|424,50,141270,0.034830235,材料1|50|正弦波|51|-15,3,6943.519876,8433.34774363,19251.10804,0.194359544147
附件一（训练集）.xlsx|材料1|425,50,141260,0.038864223,材料1|50|正弦波|51|-15,3,9229.404894,11082.306334,19251.10804,0.182937127675
附件一（训练集）.xlsx|材料1|426,50,141260,0.043812801,材料1|50|正弦波|51|-14,1,12557.26737,14820.1132952,19737.204145,0.165673534905
附件一（训练集）.xlsx|材料1|427,50,141260,0.049231083,材料1|50|正弦波|51|-14,1,17064.0813,19855.7680106,19737.204145,0.151510560251
附件一（训练集）.xlsx|材料1|428,50,141260,0.062163057,材料1|50|正弦波|51|-13,4,31020.95035,35842.4075245,19688.929465,0.144464629883
附件一（训练集）.xlsx|材料1|429,50,141260,0.123789561,材料1|50|正弦波|51|-10,4,183833.8566,198272.68792,19688.929465,0.075610502352
附件一（训练集）.xlsx|材料1|43,25,63020,0.099795155,材料1|25|正弦波|47|-11,3,56888.04649,31561.4289666,19251.10804,0.589135361561
附件一（训练集）.xlsx|材料1|430,50,141260,0.139895064,材料1|50|正弦波|51|-9,3,251465.9823,270213.353088,19251.10804,0.0719038465317
附件一（训练集）.xlsx|材料1|431,50,141260,0.156033065,材料1|50|正弦波|51|-9,3,331266.0538,354763.931522,19251.10804,0.0685305462766
附件一（训练集）.xlsx|材料1|432,50,141260,0.175110238,材料1|50|正弦波|51|-8,0,454595.3958,473252.14107,21709.11751,0.0402204442018
附件一（训练集）.xlsx|材料1|433,50,141260,0.194382952,材料1|50|正弦波|51|-8,0,590803.9623,614022.359365,21709.11751,0.0385470220807
附件一（训练集）.xlsx|材料1|434,50,141260,0.218774259,材料1|50|正弦波|51|-7,3,792323.5259,824044.224891,19251.10804,0.0392543501679
附件一（训练集）.xlsx|材料1|435,50,158500,0.014231739,材料1|50|正弦波|52|-19,2,811.244311,1049.85494507,24954.9899,0.257558174724
附件一（训练集）.xlsx|材料1|436,50,158500,0.013952586,材料1|50|正弦波|52|-19,2,777.0210248,998.999462722,24954.9899,0.251001193726
附件一（训练集）.xlsx|材料1|437,50,158500,0.015469223,材料1|50|正弦波|52|-19,2,1078.913049,1293.87061257,24954.9899,0.181530249378
附件一（训练集）.xlsx|材料1|438,50,158500,0.017426296,材料1|50|正弦波|52|-18,3,1443.438183,1806.5506257,19251.10804,0.224252238075
附件一（训练集）.xlsx|材料1|439,50,158500,0.022039824,材料1|50|正弦波|52|-17,0,2618.379464,3240.89950251,21709.11751,0.213221980306
附件一（训练集）.xlsx|材料1|44,25,63020,0.111380484,材料1|25|正弦波|47|-10,3,73132.61212,41505.0532621,19251.10804,0.566448792861
附件一（训练集）.xlsx|材料1|440,50,158500,0.024791279,材料1|50|正弦波|52|-17,0,3531.156728,4345.9304199,21709.11751,0.207561289932
附件一（训练集）.xlsx|材料1|441,50,158500,0.030985104,材料1|50|正弦波|52|-16,3,6286.854328,7587.91915918,19251.10804,0.188069289805
附件一（训练集）.xlsx|材料1|442,50,158500,0.034631936,材料1|50|正弦波|52|-15,0,8263.579464,10003.3849572,21709.11751,0.191044644174
附件一（训练集）.xlsx|材料1|443,50,158500,0.038684918,材料1|50|正弦波|52|-15,0,10938.67761,13183.1072462,21709.11751,0.186615780068
附件一（训练集）.xlsx|材料1|444,50,158500,0.043799929,材料1|50|正弦波|52|-14,3,15114.43125,17987.1889427,19251.10804,0.17399921359
附件一（训练集）.xlsx|材料1|445,50,158510,0.062057622,材料1|50|正弦波|52|-13,0,37383.75204,42849.9929659,21709.11751,0.136465896019
附件一（训练集）.xlsx|材料1|446,50,158500,0.070310417,材料1|50|正弦波|52|-12,4,50514.39404,58539.4643466,19688.929465,0.147440091052
附件一（训练集）.xlsx|材料1|447,50,158510,0.078749146,材料1|50|正弦波|52|-12,4,70153.48663,77577.0347835,19688.929465,0.100584568042
附件一（训练集）.xlsx|材料1|448,50,158500,0.087161912,材料1|50|正弦波|52|-11,4,90902.25109,99805.0956529,19688.929465,0.0934334940281
附件一（训练集）.xlsx|材料1|449,50,158500,0.098654846,材料1|50|正弦波|52|-11,4,124490.291,135747.055139,19688.929465,0.0865648702785
附件一（训练集）.xlsx|材料1|45,25,63020,0.125782619,材料1|25|正弦波|47|-10,3,96561.45489,56207.2517253,19251.10804,0.54112642596
附件一（训练集）.xlsx|材料1|450,50,158500,0.110149823,材料1|50|正弦波|52|-10,0,164612.2355,179212.08293,21709.11751,0.084976810203
附件一（训练集）.xlsx|材料1|451,50,158500,0.139208755,材料1|50|正弦波|52|-9,1,299771.0466,324766.851608,19737.204145,0.0800882831892
附件一（训练集）.xlsx|材料1|452,50,158500,0.19446889,材料1|50|正弦波|52|-8,2,708203.9434,737032.449455,24954.9899,0.0398997572376
附件一（训练集）.xlsx|材料1|453,50,177820,0.014421279,材料1|50|正弦波|52|-19,2,1059.696965,1303.7291226,24954.9899,0.207069244133
附件一（训练集）.xlsx|材料1|454,50,177830,0.015492995,材料1|50|正弦波|52|-19,2,1306.918875,1560.47764235,24954.9899,0.177195350641
附件一（训练集）.xlsx|材料1|455,50,177820,0.017442484,材料1|50|正弦波|52|-18,3,1778.998935,2180.80640258,19251.10804,0.203540392726
附件一（训练集）.xlsx|材料1|456,50,177820,0.019541321,材料1|50|正弦波|52|-18,3,2370.689654,2895.11465925,19251.10804,0.199767430716
附件一（训练集）.xlsx|材料1|457,50,177820,0.02204389,材料1|50|正弦波|52|-17,0,3203.167708,3900.71424777,21709.11751,0.196963636115
附件一（训练集）.xlsx|材料1|458,50,177820,0.024779706,材料1|50|正弦波|52|-17,0,4344.275323,5222.22783429,21709.11751,0.18402644766
附件一（训练集）.xlsx|材料1|459,50,177820,0.030931391,材料1|50|正弦波|52|-16,3,7607.319762,9099.24123295,19251.10804,0.179058568222
附件一（训练集）.xlsx|材料1|46,25,63020,0.14077286,材料1|25|正弦波|47|-9,4,124836.8907,74739.832127,19688.929465,0.512989463615
附件一（训练集）.xlsx|材料1|460,50,177820,0.043969828,材料1|50|正弦波|52|-14,3,18611.75563,21873.4551883,19251.10804,0.161472394021
附件一（训练集）.xlsx|材料1|461,50,177820,0.049270814,材料1|50|正弦波|52|-14,3,24998.50716,29052.8630467,19251.10804,0.150295342617
附件一（训练集）.xlsx|材料1|462,50,177820,0.055665182,材料1|50|正弦波|52|-13,0,34254.35616,39304.5702792,21709.11751,0.1375233095
附件一（训练集）.xlsx|材料1|463,50,177820,0.062550391,材料1|50|正弦波|52|-13,0,46303.52633,52571.6870232,21709.11751,0.126957009547
附件一（训练集）.xlsx|材料1|464,50,177820,0.070001957,材料1|50|正弦波|52|-12,4,63079.5044,69637.3895993,19688.929465,0.0989042317232
附件一（训练集）.xlsx|材料1|465,50,177820,0.077730923,材料1|50|正弦波|52|-12,4,82386.03548,90321.1251483,19688.929465,0.0919543605353
附件一（训练集）.xlsx|材料1|466,50,177820,0.098288352,材料1|50|正弦波|52|-11,4,149715.0746,161752.890283,19688.929465,0.077335319883
附件一（训练集）.xlsx|材料1|467,50,177820,0.124719593,材料1|50|正弦波|52|-10,0,275143.6946,293897.641004,21709.11751,0.065937827934
附件一（训练集）.xlsx|材料1|468,50,177820,0.139438361,材料1|50|正弦波|52|-9,1,373207.7538,393073.037746,19737.204145,0.0518600605833
附件一（训练集）.xlsx|材料1|469,50,177820,0.154848003,材料1|50|正弦波|52|-9,1,483004.2226,511300.803941,19737.204145,0.0569325637959
附件一（训练集）.xlsx|材料1|47,25,63020,0.158574265,材料1|25|正弦波|47|-8,4,164156.6808,100454.614016,19688.929465,0.491111455845
附件一（训练集）.xlsx|材料1|470,50,177820,0.174320311,材料1|50|正弦波|52|-8,2,648264.9563,673098.922503,24954.9899,0.0375927533433
附件一（训练集）.xlsx|材料1|471,50,199500,0.012983268,材料1|50|正弦波|52|-19,2,1032.120321,1203.69183885,24954.9899,0.153640138233
附件一（训练集）.xlsx|材料1|472,50,199500,0.013798741,材料1|50|正弦波|52|-19,2,1236.499405,1402.25105593,24954.9899,0.125698992673
附件一（训练集）.xlsx|材料1|473,50,199500,0.017500698,材料1|50|正弦波|52|-18,3,2220.87404,2648.52824603,19251.10804,0.176030601843
附件一（训练集）.xlsx|材料1|474,50,199500,0.019712165,材料1|50|正弦波|52|-18,3,3012.929607,3563.45909808,19251.10804,0.167767572122
附件一（训练集）.xlsx|材料1|475,50,199500,0.024657397,材料1|50|正弦波|52|-17,0,5310.013049,6205.73067664,21709.11751,0.155851697815
附件一（训练集）.xlsx|材料1|476,50,199500,0.027440036,材料1|50|正弦波|52|-16,3,6952.35196,8129.79804146,19251.10804,0.156435239112
附件一（训练集）.xlsx|材料1|477,50,199500,0.030814132,材料1|50|正弦波|52|-16,3,9325.626351,10856.0313071,19251.10804,0.151939558892
附件一（训练集）.xlsx|材料1|478,50,199500,0.034815339,材料1|50|正弦波|52|-15,0,12589.23154,14670.431022,21709.11751,0.152980896234
附件一（训练集）.xlsx|材料1|479,50,199500,0.039131676,材料1|50|正弦波|52|-15,0,17054.31137,19634.9419908,21709.11751,0.140899989447
附件一（训练集）.xlsx|材料1|48,25,63020,0.177670714,材料1|25|正弦波|47|-8,4,213181.9924,133229.420155,19688.929465,0.470070804555
附件一（训练集）.xlsx|材料1|480,50,199500,0.043985874,材料1|50|正弦波|52|-14,3,22976.95692,26368.87944,19251.10804,0.137687066902
附件一（训练集）.xlsx|材料1|481,50,199500,0.049487672,材料1|50|正弦波|52|-14,3,31236.54917,35377.2536674,19251.10804,0.124476457968
附件一（训练集）.xlsx|材料1|482,50,199510,0.08780927,材料1|50|正弦波|52|-11,4,138016.1924,147047.057463,19688.929465,0.0633811948595
附件一（训练集）.xlsx|材料1|483,50,199500,0.124045512,材料1|50|正弦波|52|-10,0,339754.072,348837.111683,21709.11751,0.0263829696669
附件一（训练集）.xlsx|材料1|484,50,199500,0.138057621,材料1|50|正弦波|52|-9,1,442298.9101,462120.140017,19737.204145,0.0438388829216
附件一（训练集）.xlsx|材料1|485,50,199500,0.155131357,材料1|50|正弦波|52|-9,1,588559.4414,619144.698283,19737.204145,0.0506609962696
附件一（训练集）.xlsx|材料1|486,50,223850,0.013016862,材料1|50|正弦波|53|-19,1,1404.881552,1489.98568082,19737.204145,0.0587728868187
附件一（训练集）.xlsx|材料1|487,50,223850,0.013862825,材料1|50|正弦波|53|-19,1,1622.907587,1744.94961373,19737.204145,0.0724632633215
附件一（训练集）.xlsx|材料1|488,50,223860,0.015547379,材料1|50|正弦波|53|-19,1,2132.567199,2326.80516103,19737.204145,0.0871305124314
附件一（训练集）.xlsx|材料1|489,50,223850,0.021973637,材料1|50|正弦波|53|-17,1,5037.560801,5541.70812883,19737.204145,0.0953627272919
附件一（训练集）.xlsx|材料1|49,25,63020,0.197857004,材料1|25|正弦波|47|-8,4,272698.8683,174042.718106,19688.929465,0.449065285763
附件一（训练集）.xlsx|材料1|490,50,223850,0.030967082,材料1|50|正弦波|53|-16,0,11919.61205,13181.2105709,21709.11751,0.10059922983
附件一（训练集）.xlsx|材料1|491,50,223850,0.034861777,材料1|50|正弦波|53|-15,0,15927.82703,17711.9506349,21709.11751,0.106165557884
附件一（训练集）.xlsx|材料1|492,50,223850,0.039197504,材料1|50|正弦波|53|-15,0,21477.21408,23726.2938832,21709.11751,0.0995869033568
附件一（训练集）.xlsx|材料1|493,50,223850,0.044160897,材料1|50|正弦波|53|-14,1,29115.33136,31923.6775686,19737.204145,0.0920800703384
附件一（训练集）.xlsx|材料1|494,50,223850,0.061892275,材料1|50|正弦波|53|-13,2,71651.5642,72495.1283202,24954.9899,0.0117042164633
附件一（训练集）.xlsx|材料1|495,50,223850,0.069568312,材料1|50|正弦波|53|-12,4,96084.04349,99204.2494365,19688.929465,0.0319572615929
附件一（训练集）.xlsx|材料1|496,50,223850,0.08817267,材料1|50|正弦波|53|-11,4,172231.8907,178694.724752,19688.929465,0.036836921058
附件一（训练集）.xlsx|材料1|497,50,223850,0.099118834,材料1|50|正弦波|53|-11,4,231702.7744,238954.6539,19688.929465,0.0308182648424
附件一（训练集）.xlsx|材料1|498,50,223850,0.110708334,材料1|50|正弦波|53|-10,0,313217.4554,316082.31904,21709.11751,0.00910495901296
附件一（训练集）.xlsx|材料1|499,50,223850,0.12343579,材料1|50|正弦波|53|-10,0,411101.4334,414634.629322,21709.11751,0.00855771980081
附件一（训练集）.xlsx|材料1|5,25,50020,0.040025182,材料1|25|正弦波|46|-14,0,4502.908007,2248.60992911,21709.11751,0.69418862955
附件一（训练集）.xlsx|材料1|50,25,63020,0.219521122,材料1|25|正弦波|47|-7,2,345321.4402,229427.198306,24954.9899,0.408888470695
附件一（训练集）.xlsx|材料1|500,50,223860,0.138436112,材料1|50|正弦波|53|-9,2,544036.5187,545309.724285,24954.9899,0.00233755582456
附件一（训练集）.xlsx|材料1|501,50,251170,0.013169673,材料1|50|正弦波|53|-19,1,1909.545944,1849.69520407,19737.204145,0.0318276812881
附件一（训练集）.xlsx|材料1|502,50,251170,0.013838224,材料1|50|正弦波|53|-19,1,2125.681827,2094.35414499,19737.204145,0.0148403553034
附件一（训练集）.xlsx|材料1|503,50,251170,0.015610158,材料1|50|正弦波|53|-19,1,2832.109432,2833.48790741,19737.204145,0.000486440852682
附件一（训练集）.xlsx|材料1|504,50,251170,0.017556145,材料1|50|正弦波|53|-18,1,3794.321716,3804.68389729,19737.204145,0.00272653073593
附件一（训练集）.xlsx|材料1|505,50,251170,0.019540211,材料1|50|正弦波|53|-18,1,4917.008595,4977.05166663,19737.204145,0.0121348914309
附件一（训练集）.xlsx|材料1|506,50,251170,0.021753269,材料1|50|正弦波|53|-17,1,6415.244137,6514.25150864,19737.204145,0.0153128932636
附件一（训练集）.xlsx|材料1|507,50,251170,0.024568624,材料1|50|正弦波|53|-17,1,8651.717901,8840.23396686,19737.204145,0.0215529761209
附件一（训练集）.xlsx|材料1|508,50,251170,0.027627481,材料1|50|正弦波|53|-16,0,11540.36978,11932.528114,21709.11751,0.0334139745333
附件一（训练集）.xlsx|材料1|509,50,251170,0.031064375,材料1|50|正弦波|53|-16,0,15469.20412,15985.5285336,21709.11751,0.0328305418717
附件一（训练集）.xlsx|材料1|51,25,63030,0.247349707,材料1|25|正弦波|47|-7,2,450682.3276,309513.238394,24954.9899,0.375760841207
附件一（训练集）.xlsx|材料1|510,50,251170,0.039328964,材料1|50|正弦波|53|-15,0,27632.14166,28789.256162,21709.11751,0.0410211650473
附件一（训练集）.xlsx|材料1|511,50,251170,0.044300256,材料1|50|正弦波|53|-14,1,37315.90865,38792.5243311,19737.204145,0.0388067950709
附件一（训练集）.xlsx|材料1|512,50,251170,0.049517201,材料1|50|正弦波|53|-14,1,51295.24941,51291.105542,19737.204145,8.07863223802e-05
附件一（训练集）.xlsx|材料1|513,50,251170,0.054877107,材料1|50|正弦波|53|-13,2,66381.67197,64432.8243032,24954.9899,0.0297973407897
附件一（训练集）.xlsx|材料1|514,50,251170,0.078571466,材料1|50|正弦波|53|-12,4,160727.2771,161439.066521,19688.929465,0.00441874935073
附件一（训练集）.xlsx|材料1|515,50,251170,0.098226009,材料1|50|正弦波|53|-11,4,288667.7834,281052.712669,19688.929465,0.0267341533057
附件一（训练集）.xlsx|材料1|516,50,251170,0.109485901,材料1|50|正弦波|53|-10,0,377414.5799,369954.463665,21709.11751,0.0199642843551
附件一（训练集）.xlsx|材料1|517,50,281860,0.012444533,材料1|50|正弦波|54|-20,2,2268.111524,1878.1404318,24954.9899,0.188573900601
附件一（训练集）.xlsx|材料1|518,50,281850,0.01391529,材料1|50|正弦波|54|-19,3,2923.608712,2614.41692641,19251.10804,0.111737176766
附件一（训练集）.xlsx|材料1|519,50,281860,0.015610711,材料1|50|正弦波|54|-19,3,3829.823876,3482.62544034,19251.10804,0.0950063465883
附件一（训练集）.xlsx|材料1|52,25,63030,0.27431552,材料1|25|正弦波|47|-6,0,568872.0099,396278.299982,21709.11751,0.361537962392
附件一（训练集）.xlsx|材料1|520,50,281860,0.017393385,材料1|50|正弦波|54|-18,2,4979.143585,4346.96750888,24954.9899,0.135750226377
附件一（训练集）.xlsx|材料1|521,50,281850,0.019510408,材料1|50|正弦波|54|-18,2,6543.554438,5796.84202283,24954.9899,0.121147537055
附件一（训练集）.xlsx|材料1|522,50,281850,0.021801179,材料1|50|正弦波|54|-17,0,8543.608971,7955.01016312,21709.11751,0.0713729159671
附件一（训练集）.xlsx|材料1|523,50,281850,0.035095132,材料1|50|正弦波|54|-15,1,26900.6113,26075.8745114,19737.204145,0.0311372969193
附件一（训练集）.xlsx|材料1|524,50,281850,0.039428131,材料1|50|正弦波|54|-15,1,35884.76692,34920.1188236,19737.204145,0.0272489821771
附件一（训练集）.xlsx|材料1|525,50,281850,0.044090666,材料1|50|正弦波|54|-14,3,49073.22009,46377.8353314,19251.10804,0.0564906277593
附件一（训练集）.xlsx|材料1|526,50,281850,0.049091926,材料1|50|正弦波|54|-14,3,64079.11164,60627.6637854,19251.10804,0.0553662639503
附件一（训练集）.xlsx|材料1|527,50,281850,0.055445813,材料1|50|正弦波|54|-13,4,86189.62224,81724.0331507,19688.929465,0.0532010227849
附件一（训练集）.xlsx|材料1|528,50,281850,0.061933319,材料1|50|正弦波|54|-13,4,113588.7053,107568.083931,19688.929465,0.054459597439
附件一（训练集）.xlsx|材料1|529,70,50020,0.027606042,材料1|70|正弦波|46|-16,4,689.8457043,902.938598336,19688.929465,0.2688449304
附件一（训练集）.xlsx|材料1|53,25,70840,0.024753948,材料1|25|正弦波|48|-17,3,2225.097322,1178.95386592,19251.10804,0.634774631439
附件一（训练集）.xlsx|材料1|530,70,50030,0.031056944,材料1|70|正弦波|46|-16,4,920.1997399,1210.11498929,19688.929465,0.273619807443
附件一（训练集）.xlsx|材料1|531,70,50020,0.039455799,材料1|70|正弦波|46|-15,3,1658.894966,2147.89883117,19251.10804,0.258201212516
附件一（训练集）.xlsx|材料1|532,70,50020,0.044459879,材料1|70|正弦波|46|-14,4,2222.131156,2948.49282364,19688.929465,0.282716598589
附件一（训练集）.xlsx|材料1|533,70,50030,0.049440801,材料1|70|正弦波|46|-14,4,3046.413828,3839.36618254,19688.929465,0.231274416409
附件一（训练集）.xlsx|材料1|534,70,50030,0.05539653,材料1|70|正弦波|46|-13,1,3997.646339,4948.7205833,19737.204145,0.213375238575
附件一（训练集）.xlsx|材料1|535,70,50030,0.062362584,材料1|70|正弦波|46|-13,1,5435.800204,6661.05454969,19737.204145,0.203237237906
附件一（训练集）.xlsx|材料1|536,70,50030,0.069871371,材料1|70|正弦波|46|-12,4,7240.807122,9063.09531796,19688.929465,0.224450262035
附件一（训练集）.xlsx|材料1|537,70,50020,0.079136929,材料1|70|正弦波|46|-12,4,9686.04943,12343.2855618,19688.929465,0.242403365301
附件一（训练集）.xlsx|材料1|538,70,50030,0.088538311,材料1|70|正弦波|46|-11,3,13169.05016,16123.607099,19251.10804,0.202401172029
附件一（训练集）.xlsx|材料1|539,70,50020,0.157156209,材料1|70|正弦波|46|-9,3,61747.45772,67410.9236203,19251.10804,0.0877529115835
附件一（训练集）.xlsx|材料1|54,25,70840,0.028060009,材料1|25|正弦波|48|-16,4,3024.184603,1643.27364204,19688.929465,0.609673383696
附件一（训练集）.xlsx|材料1|540,70,50020,0.175588126,材料1|70|正弦波|46|-8,1,83848.17663,89377.7121679,19737.204145,0.0638628662352
附件一（训练集）.xlsx|材料1|541,70,50020,0.19793153,材料1|70|正弦波|46|-8,1,117081.5997,120706.331558,19737.204145,0.0304892021938
附件一（训练集）.xlsx|材料1|542,70,50020,0.248052885,材料1|70|正弦波|46|-7,4,213114.1391,210633.94508,19688.929465,0.0117060618273
附件一（训练集）.xlsx|材料1|543,70,56320,0.027625539,材料1|70|正弦波|47|-16,0,810.7764625,1079.27560271,21709.11751,0.285746465485
附件一（训练集）.xlsx|材料1|544,70,56320,0.034980056,材料1|70|正弦波|47|-15,2,1420.449995,1920.78343848,24954.9899,0.301576155251
附件一（训练集）.xlsx|材料1|545,70,56320,0.039387145,材料1|70|正弦波|47|-15,2,1915.29465,2586.11703568,24954.9899,0.300150690453
附件一（训练集）.xlsx|材料1|546,70,56320,0.044051291,材料1|70|正弦波|47|-14,0,2650.008769,3455.59768047,21709.11751,0.26534454083
附件一（训练集）.xlsx|材料1|547,70,56320,0.049034783,材料1|70|正弦波|47|-14,0,3483.156534,4514.45113722,21709.11751,0.259279114155
附件一（训练集）.xlsx|材料1|548,70,56320,0.055477022,材料1|70|正弦波|47|-13,2,4726.887111,6102.54680505,24954.9899,0.255391642531
附件一（训练集）.xlsx|材料1|549,70,56320,0.062302781,材料1|70|正弦波|47|-13,2,6344.782869,8162.51919644,24954.9899,0.251884872913
附件一（训练集）.xlsx|材料1|55,25,70840,0.031578371,材料1|25|正弦波|48|-16,4,4089.657062,2203.45873595,19688.929465,0.618223600467
附件一（训练集）.xlsx|材料1|550,70,56310,0.07022178,材料1|70|正弦波|47|-12,2,8601.823602,11014.1200088,24954.9899,0.247178400041
附件一（训练集）.xlsx|材料1|551,70,56320,0.078890692,材料1|70|正弦波|47|-12,2,11304.20021,14749.7960537,24954.9899,0.266034235636
附件一（训练集）.xlsx|材料1|552,70,56310,0.087689396,材料1|70|正弦波|47|-11,2,14758.93898,19220.4976131,24954.9899,0.264112635005
附件一（训练集）.xlsx|材料1|553,70,56310,0.110225684,材料1|70|正弦波|47|-10,0,27394.67029,34024.6871221,21709.11751,0.216730760663
附件一（训练集）.xlsx|材料1|554,70,56310,0.123620907,材料1|70|正弦波|47|-10,0,37374.39757,45291.3116553,21709.11751,0.192124628473
附件一（训练集）.xlsx|材料1|555,70,56320,0.139553128,材料1|70|正弦波|47|-9,4,52032.4859,61073.5801183,19688.929465,0.160208271323
附件一（训练集）.xlsx|材料1|556,70,56320,0.176641102,材料1|70|正弦波|47|-8,1,99013.81821,110000.512534,19737.204145,0.105224598183
附件一（训练集）.xlsx|材料1|557,70,56320,0.197616897,材料1|70|正弦波|47|-8,1,134923.4597,145763.299587,19737.204145,0.0772758667431
附件一（训练集）.xlsx|材料1|558,70,56320,0.221427272,材料1|70|正弦波|47|-7,4,182082.033,192186.20632,19688.929465,0.0540071215965
附件一（训练集）.xlsx|材料1|559,70,56310,0.244048858,材料1|70|正弦波|47|-7,4,234476.0557,244627.165331,19688.929465,0.0423816255537
附件一（训练集）.xlsx|材料1|56,25,70840,0.035156988,材料1|25|正弦波|48|-15,3,5561.224672,2827.75109501,19251.10804,0.676162844035
附件一（训练集）.xlsx|材料1|560,70,56320,0.275673146,材料1|70|正弦波|47|-6,4,322173.7612,331158.396833,19688.929465,0.0275056859312
附件一（训练集）.xlsx|材料1|561,70,63020,0.024656781,材料1|70|正弦波|47|-17,4,689.6302384,988.041425987,19688.929465,0.359131647796
附件一（训练集）.xlsx|材料1|562,70,63020,0.02761564,材料1|70|正弦波|47|-16,0,914.1884886,1291.80783344,21709.11751,0.345441704503
附件一（训练集）.xlsx|材料1|563,70,63020,0.035322555,材料1|70|正弦波|47|-15,2,1634.403121,2354.67105048,24954.9899,0.364936302857
附件一（训练集）.xlsx|材料1|564,70,63020,0.039314982,材料1|70|正弦波|47|-15,2,2250.012466,3079.62104505,24954.9899,0.313751114771
附件一（训练集）.xlsx|材料1|565,70,63020,0.043996792,材料1|70|正弦波|47|-14,0,3001.069963,4127.01540447,21709.11751,0.318494721473
附件一（训练集）.xlsx|材料1|566,70,63020,0.049456604,材料1|70|正弦波|47|-14,0,4015.747686,5525.04999372,21709.11751,0.319000731607
附件一（训练集）.xlsx|材料1|567,70,63020,0.055569818,材料1|70|正弦波|47|-13,2,5424.1358,7331.21149992,24954.9899,0.301234244333
附件一（训练集）.xlsx|材料1|568,70,63020,0.062611887,材料1|70|正弦波|47|-13,2,7324.569887,9886.82637381,24954.9899,0.299933389128
附件一（训练集）.xlsx|材料1|569,70,63020,0.070576397,材料1|70|正弦波|47|-12,2,9964.628084,13347.5466584,24954.9899,0.292265533703
附件一（训练集）.xlsx|材料1|57,25,70840,0.039527811,材料1|25|正弦波|48|-15,3,7428.611375,3787.42248884,19251.10804,0.673523849927
附件一（训练集）.xlsx|材料1|570,70,63020,0.078277807,材料1|70|正弦波|47|-12,2,12658.72226,17303.8026301,24954.9899,0.312558593569
附件一（训练集）.xlsx|材料1|571,70,63020,0.087856218,材料1|70|正弦波|47|-11,2,17151.48798,23110.1019333,24954.9899,0.298169870438
附件一（训练集）.xlsx|材料1|572,70,63020,0.110422957,材料1|70|正弦波|47|-10,0,31461.70215,40955.1505693,21709.11751,0.263699210523
附件一（训练集）.xlsx|材料1|573,70,63020,0.124819332,材料1|70|正弦波|47|-10,0,43991.76265,55595.7995901,21709.11751,0.23410050311
附件一（训练集）.xlsx|材料1|574,70,63020,0.158139075,材料1|70|正弦波|47|-9,4,84883.82925,99771.4097575,19688.929465,0.161596302046
附件一（训练集）.xlsx|材料1|575,70,63020,0.177113975,材料1|70|正弦波|47|-8,1,115859.0423,132913.666982,19737.204145,0.137324389905
附件一（训练集）.xlsx|材料1|576,70,63020,0.198318099,材料1|70|正弦波|47|-8,1,157296.9327,176510.04275,19737.204145,0.115241772
附件一（训练集）.xlsx|材料1|577,70,63020,0.219328156,材料1|70|正弦波|47|-7,4,206612.8175,224782.975165,19688.929465,0.0842883957321
附件一（训练集）.xlsx|材料1|578,70,63030,0.274347018,材料1|70|正弦波|47|-6,4,370566.4934,391976.065731,19688.929465,0.0561677357252
附件一（训练集）.xlsx|材料1|579,70,70840,0.024648679,材料1|70|正弦波|48|-17,1,784.7889109,1141.50282659,19737.204145,0.374288401638
附件一（训练集）.xlsx|材料1|58,25,70840,0.044335526,材料1|25|正弦波|48|-14,0,9781.334899,5076.75219015,21709.11751,0.655709516369
附件一（训练集）.xlsx|材料1|580,70,70840,0.027793498,材料1|70|正弦波|48|-16,3,1061.171134,1573.70110028,19251.10804,0.393750423703
附件一（训练集）.xlsx|材料1|581,70,70830,0.03128794,材料1|70|正弦波|48|-16,3,1411.641315,2113.8729019,19251.10804,0.403533491976
附件一（训练集）.xlsx|材料1|582,70,70840,0.034808093,材料1|70|正弦波|48|-15,3,1903.454728,2758.29226138,19251.10804,0.370778484224
附件一（训练集）.xlsx|材料1|583,70,70830,0.04409879,材料1|70|正弦波|48|-14,4,3470.119381,5048.56895007,19688.929465,0.374825753099
附件一（训练集）.xlsx|材料1|584,70,70840,0.055641048,材料1|70|正弦波|48|-13,0,6251.862154,8945.32999269,21709.11751,0.358204087944
附件一（训练集）.xlsx|材料1|585,70,70840,0.062662781,材料1|70|正弦波|48|-13,0,8516.618515,12031.486236,21709.11751,0.345473393546
附件一（训练集）.xlsx|材料1|586,70,70840,0.087743451,材料1|70|正弦波|48|-11,1,19870.13212,27593.8755102,19737.204145,0.328362054275
附件一（训练集）.xlsx|材料1|587,70,70830,0.098549712,材料1|70|正弦波|48|-11,1,27104.88703,36919.2011211,19737.204145,0.309007919232
附件一（训练集）.xlsx|材料1|588,70,70840,0.140487433,材料1|70|正弦波|48|-9,4,72377.73703,89714.046207,19688.929465,0.21472592538
附件一（训练集）.xlsx|材料1|589,70,70840,0.157144566,材料1|70|正弦波|48|-9,4,98356.36393,118494.899146,19688.929465,0.18627093685
附件一（训练集）.xlsx|材料1|59,25,70830,0.049983874,材料1|25|正弦波|48|-14,0,13030.14014,6844.89420791,21709.11751,0.643692801596
附件一（训练集）.xlsx|材料1|590,70,70830,0.196436839,材料1|70|正弦波|48|-8,1,181651.193,208338.581396,19737.204145,0.137075520057
附件一（训练集）.xlsx|材料1|591,70,70830,0.219684844,材料1|70|正弦波|48|-7,1,244958.5314,275825.212285,19737.204145,0.118677982818
附件一（训练集）.xlsx|材料1|592,70,70840,0.277977584,材料1|70|正弦波|48|-6,2,453006.1537,499636.812846,24954.9899,0.097975544437
附件一（训练集）.xlsx|材料1|593,70,79460,0.024778831,材料1|70|正弦波|49|-17,0,875.1677313,1430.83197155,21709.11751,0.49115245564
附件一（训练集）.xlsx|材料1|594,70,79460,0.027947233,材料1|70|正弦波|49|-16,4,1194.215092,1956.01290534,19688.929465,0.493093120349
附件一（训练集）.xlsx|材料1|595,70,79460,0.044073866,材料1|70|正弦波|49|-14,3,3909.69399,5982.29121871,19251.10804,0.425255938289
附件一（训练集）.xlsx|材料1|596,70,79460,0.055781253,材料1|70|正弦波|49|-13,4,7082.300556,10882.1621161,19688.929465,0.429476855566
附件一（训练集）.xlsx|材料1|597,70,79470,0.069065377,材料1|70|正弦波|49|-12,3,12346.53801,18340.3446449,19251.10804,0.395701089962
附件一（训练集）.xlsx|材料1|598,70,79470,0.087675415,材料1|70|正弦波|49|-11,3,22679.30644,33249.7975289,19251.10804,0.382581762413
附件一（训练集）.xlsx|材料1|599,70,79460,0.099092264,材料1|70|正弦波|49|-11,3,31833.39317,45109.2649521,19251.10804,0.348562573306
附件一（训练集）.xlsx|材料1|6,25,50030,0.045085135,材料1|25|正弦波|46|-14,0,6063.023248,3026.84567883,21709.11751,0.694522112547
附件一（训练集）.xlsx|材料1|60,25,70840,0.056385096,材料1|25|正弦波|48|-13,1,17428.60715,9099.57016265,19737.204145,0.649833253755
附件一（训练集）.xlsx|材料1|600,70,79460,0.110967613,材料1|70|正弦波|49|-10,3,43428.80689,59819.5142838,19251.10804,0.320202650281
附件一（训练集）.xlsx|材料1|601,70,79460,0.140464788,材料1|70|正弦波|49|-9,2,83971.54587,108430.003453,24954.9899,0.255624147283
附件一（训练集）.xlsx|材料1|602,70,79460,0.157401861,材料1|70|正弦波|49|-9,2,116186.235,144236.986532,24954.9899,0.216261634966
附件一（训练集）.xlsx|材料1|603,70,79460,0.196969187,材料1|70|正弦波|49|-8,0,214516.687,251722.868734,21709.11751,0.159940535891
附件一（训练集）.xlsx|材料1|604,70,79460,0.278513563,材料1|70|正弦波|49|-6,1,532551.5835,602860.691023,19737.204145,0.124006161232
附件一（训练集）.xlsx|材料1|605,70,89080,0.024826939,材料1|70|正弦波|49|-17,0,1039.644333,1727.64466227,21709.11751,0.507497596982
附件一（训练集）.xlsx|材料1|606,70,89090,0.027684476,材料1|70|正弦波|49|-16,4,1432.160788,2295.54073916,19688.929465,0.47152161798
附件一（训练集）.xlsx|材料1|607,70,89080,0.031030007,材料1|70|正弦波|49|-16,4,1925.019466,3046.77501181,19688.929465,0.458956399796
附件一（训练集）.xlsx|材料1|608,70,89080,0.039276419,材料1|70|正弦波|49|-15,2,3365.229503,5334.72169106,24954.9899,0.460630874252
附件一（训练集）.xlsx|材料1|609,70,89080,0.049876108,材料1|70|正弦波|49|-14,3,6236.918915,9795.96958466,19251.10804,0.451426492258
附件一（训练集）.xlsx|材料1|61,25,70840,0.07899893,材料1|25|正弦波|48|-12,2,38034.45168,21337.0132801,24954.9899,0.578028520621
附件一（训练集）.xlsx|材料1|610,70,89080,0.061497072,材料1|70|正弦波|49|-13,4,10644.87113,16654.9454241,19688.929465,0.447595105552
附件一（训练集）.xlsx|材料1|611,70,89080,0.088060122,材料1|70|正弦波|49|-11,3,26992.30288,40428.4120489,19251.10804,0.403968747346
附件一（训练集）.xlsx|材料1|612,70,89080,0.111606792,材料1|70|正弦波|49|-10,3,52190.9005,72997.4105921,19251.10804,0.335510348186
附件一（训练集）.xlsx|材料1|613,70,89080,0.125141418,材料1|70|正弦波|49|-10,3,71823.63711,97110.4420626,19251.10804,0.301631653847
附件一（训练集）.xlsx|材料1|614,70,89080,0.155854046,材料1|70|正弦波|49|-9,2,133595.5401,168836.260176,24954.9899,0.234110930129
附件一（训练集）.xlsx|材料1|615,70,89090,0.196649815,材料1|70|正弦波|49|-8,0,251993.1817,301306.434372,21709.11751,0.178725121396
附件一（训练集）.xlsx|材料1|616,70,89080,0.220787878,材料1|70|正弦波|49|-7,3,343065.9261,400060.573143,19251.10804,0.153692920162
附件一（训练集）.xlsx|材料1|617,70,89090,0.273909049,材料1|70|正弦波|49|-6,1,614025.9364,696178.118346,19737.204145,0.125568183627
附件一（训练集）.xlsx|材料1|618,70,99960,0.022138678,材料1|70|正弦波|49|-17,0,889.111964,1562.27859277,21709.11751,0.563193299814
附件一（训练集）.xlsx|材料1|619,70,99950,0.024621982,材料1|70|正弦波|49|-17,0,1232.242331,2036.2775727,21709.11751,0.501967650818
附件一（训练集）.xlsx|材料1|62,25,70840,0.099630001,材料1|25|正弦波|48|-11,2,64866.78904,38168.9791561,24954.9899,0.530301863032
附件一（训练集）.xlsx|材料1|620,70,99950,0.031002775,材料1|70|正弦波|49|-16,4,2184.525096,3656.88414023,19688.929465,0.515028758274
附件一（训练集）.xlsx|材料1|621,70,99950,0.039407492,材料1|70|正弦波|49|-15,2,3956.657481,6463.6286363,24954.9899,0.490693263361
附件一（训练集）.xlsx|材料1|622,70,99950,0.044143732,材料1|70|正弦波|49|-14,3,5307.631418,8703.05568338,19251.10804,0.494455022229
附件一（训练集）.xlsx|材料1|623,70,99950,0.049196694,材料1|70|正弦波|49|-14,3,6953.236194,11403.5007573,19251.10804,0.494657082545
附件一（训练集）.xlsx|材料1|624,70,99950,0.061908389,材料1|70|正弦波|49|-13,4,12624.537,20368.0777887,19688.929465,0.478296447289
附件一（训练集）.xlsx|材料1|625,70,99950,0.078390643,材料1|70|正弦波|49|-12,3,23246.27222,36438.972673,19251.10804,0.449478521193
附件一（训练集）.xlsx|材料1|626,70,99950,0.087893626,材料1|70|正弦波|49|-11,3,31824.85785,48470.9443439,19251.10804,0.420706064126
附件一（训练集）.xlsx|材料1|627,70,99950,0.099215197,材料1|70|正弦波|49|-11,3,44519.72675,65568.8079129,19251.10804,0.387160494376
附件一（训练集）.xlsx|材料1|628,70,99950,0.111377209,材料1|70|正弦波|49|-10,3,61359.14384,87482.6102314,19251.10804,0.354690962923
附件一（训练集）.xlsx|材料1|629,70,99950,0.137905982,材料1|70|正弦波|49|-9,2,113538.8022,149286.681834,24954.9899,0.27372173938
附件一（训练集）.xlsx|材料1|63,25,70840,0.112002735,材料1|25|正弦波|48|-10,2,84929.72944,51184.3306943,24954.9899,0.506382995358
附件一（训练集）.xlsx|材料1|630,70,99950,0.243746574,材料1|70|正弦波|49|-7,3,540557.6199,616742.335987,19251.10804,0.131849864155
附件一（训练集）.xlsx|材料1|631,70,99950,0.271121333,材料1|70|正弦波|49|-6,1,709895.3756,817871.776812,19737.204145,0.141587785413
附件一（训练集）.xlsx|材料1|632,70,112160,0.019719049,材料1|70|正弦波|50|-18,4,779.0517616,1430.27694911,19688.929465,0.606962017691
附件一（训练集）.xlsx|材料1|633,70,112160,0.021893579,材料1|70|正弦波|50|-17,4,1082.936759,1854.5381182,19688.929465,0.537575183755
附件一（训练集）.xlsx|材料1|634,70,112160,0.024537007,材料1|70|正弦波|50|-17,4,1425.887502,2461.32057769,19688.929465,0.545608729489
附件一（训练集）.xlsx|材料1|635,70,112160,0.027739895,材料1|70|正弦波|50|-16,0,1940.259974,3299.31036579,21709.11751,0.530679280896
附件一（训练集）.xlsx|材料1|636,70,112160,0.034969629,材料1|70|正弦波|50|-15,0,3429.795709,5878.66526009,21709.11751,0.538707612329
附件一（训练集）.xlsx|材料1|637,70,112160,0.04381394,材料1|70|正弦波|50|-14,4,6122.652855,10385.4489351,19688.929465,0.528343179315
附件一（训练集）.xlsx|材料1|638,70,112160,0.055252364,材料1|70|正弦波|50|-13,1,11109.72416,18236.2570226,19737.204145,0.495555808359
附件一（训练集）.xlsx|材料1|639,70,112160,0.062063244,材料1|70|正弦波|50|-13,1,15162.63384,24410.8342252,19737.204145,0.47616797325
附件一（训练集）.xlsx|材料1|64,25,70840,0.125261246,材料1|25|正弦波|48|-10,2,109923.077,67752.1232299,24954.9899,0.483919360366
附件一（训练集）.xlsx|材料1|640,70,112170,0.069670233,材料1|70|正弦波|50|-12,3,20655.39012,32722.233977,19251.10804,0.460060624332
附件一（训练集）.xlsx|材料1|641,70,112160,0.078107319,材料1|70|正弦波|50|-12,3,27437.91214,43508.5185383,19251.10804,0.461017574103
附件一（训练集）.xlsx|材料1|642,70,112160,0.088111814,材料1|70|正弦波|50|-11,1,38275.28831,58803.3386483,19737.204145,0.429385038434
附件一（训练集）.xlsx|材料1|643,70,112160,0.099025223,材料1|70|正弦波|50|-11,1,52867.36624,78817.2135354,19737.204145,0.399338938079
附件一（训练集）.xlsx|材料1|644,70,112160,0.11099299,材料1|70|正弦波|50|-10,4,74679.12924,104440.303822,19688.929465,0.335411178435
附件一（训练集）.xlsx|材料1|645,70,112160,0.122845852,材料1|70|正弦波|50|-10,4,98749.56836,134366.81256,19688.929465,0.307983750214
附件一（训练集）.xlsx|材料1|646,70,112160,0.138766666,材料1|70|正弦波|50|-9,3,137326.7257,182374.031303,19251.10804,0.283694950919
附件一（训练集）.xlsx|材料1|647,70,112160,0.155409339,材料1|70|正弦波|50|-9,3,186976.6489,241895.934143,19251.10804,0.257522658356
附件一（训练集）.xlsx|材料1|648,70,112160,0.175025479,材料1|70|正弦波|50|-8,1,259966.3607,328969.219723,19737.204145,0.235411141742
附件一（训练集）.xlsx|材料1|649,70,112160,0.271330539,材料1|70|正弦波|50|-6,3,841850.3717,970813.947033,19251.10804,0.142532389858
附件一（训练集）.xlsx|材料1|65,25,70840,0.141204606,材料1|25|正弦波|48|-9,2,144795.5963,91483.1804412,24954.9899,0.459163907479
附件一（训练集）.xlsx|材料1|650,70,125850,0.017729536,材料1|70|正弦波|50|-18,4,727.9912483,1321.17596302,19688.929465,0.595372388342
附件一（训练集）.xlsx|材料1|651,70,125860,0.017568521,材料1|70|正弦波|50|-18,4,720.7782272,1291.74564201,19688.929465,0.582805713007
附件一（训练集）.xlsx|材料1|652,70,125860,0.019522079,材料1|70|正弦波|50|-18,4,988.688982,1678.3663512,19688.929465,0.528781095174
附件一（训练集）.xlsx|材料1|653,70,125860,0.021928781,材料1|70|正弦波|50|-17,4,1318.546035,2240.07056282,19688.929465,0.529665916958
附件一（训练集）.xlsx|材料1|654,70,125860,0.031133407,材料1|70|正弦波|50|-16,0,3182.501773,5294.93598245,21709.11751,0.508957953246
附件一（训练集）.xlsx|材料1|655,70,125860,0.035162272,材料1|70|正弦波|50|-15,0,4235.971426,7172.42344824,21709.11751,0.526534281334
附件一（训练集）.xlsx|材料1|656,70,125860,0.038975511,材料1|70|正弦波|50|-15,0,5461.073831,9272.18281306,21709.11751,0.529298126008
附件一（训练集）.xlsx|材料1|657,70,125860,0.043943602,材料1|70|正弦波|50|-14,4,7458.482682,12586.5131646,19688.929465,0.52321923766
附件一（训练集）.xlsx|材料1|658,70,125850,0.048840617,材料1|70|正弦波|50|-14,4,9835.249573,16360.4336691,19688.929465,0.508852462464
附件一（训练集）.xlsx|材料1|659,70,125860,0.055101202,材料1|70|正弦波|50|-13,1,13517.14557,21838.1934825,19737.204145,0.479673322513
附件一（训练集）.xlsx|材料1|66,25,70840,0.219943894,材料1|25|正弦波|48|-7,3,398991.6659,273592.124829,19251.10804,0.377300978635
附件一（训练集）.xlsx|材料1|660,70,125850,0.062305572,材料1|70|正弦波|50|-13,1,18744.33817,29719.2683708,19737.204145,0.460884159212
附件一（训练集）.xlsx|材料1|661,70,125860,0.088395344,材料1|70|正弦波|50|-11,1,46934.43446,71477.2788459,19737.204145,0.420620688803
附件一（训练集）.xlsx|材料1|662,70,125860,0.099035279,材料1|70|正弦波|50|-11,1,66263.00214,95059.9352363,19737.204145,0.360871313925
附件一（训练集）.xlsx|材料1|663,70,125860,0.110065922,材料1|70|正弦波|50|-10,4,88778.25308,123059.683742,19688.929465,0.326524611254
附件一（训练集）.xlsx|材料1|664,70,125860,0.12375159,材料1|70|正弦波|50|-10,4,121961.4394,164629.471938,19688.929465,0.299990274754
附件一（训练集）.xlsx|材料1|665,70,125860,0.138654944,材料1|70|正弦波|50|-9,3,166252.852,219286.177659,19251.10804,0.276866335114
附件一（训练集）.xlsx|材料1|666,70,125850,0.15611948,材料1|70|正弦波|50|-9,3,229363.5866,294734.240232,19251.10804,0.250764643856
附件一（训练集）.xlsx|材料1|667,70,125860,0.216757192,材料1|70|正弦波|50|-7,1,565501.9261,678277.249493,19737.204145,0.181842131331
附件一（训练集）.xlsx|材料1|668,70,125860,0.244184043,材料1|70|正弦波|50|-7,1,767746.9313,914566.918286,19737.204145,0.174990268471
附件一（训练集）.xlsx|材料1|669,70,141250,0.015656917,材料1|70|正弦波|51|-19,1,684.4961366,1121.21342949,19737.204145,0.492915427253
附件一（训练集）.xlsx|材料1|67,25,70840,0.278163572,材料1|25|正弦波|48|-6,4,677349.1971,489266.715377,19688.929465,0.32527860214
附件一（训练集）.xlsx|材料1|670,70,141270,0.019434144,材料1|70|正弦波|51|-18,3,1223.104389,1968.52828229,19251.10804,0.47558459788
附件一（训练集）.xlsx|材料1|671,70,141260,0.021941454,材料1|70|正弦波|51|-17,4,1651.460177,2699.6609916,19688.929465,0.491231360937
附件一（训练集）.xlsx|材料1|672,70,141260,0.024607712,材料1|70|正弦波|51|-17,4,2196.263153,3589.12946053,19688.929465,0.490975698716
附件一（训练集）.xlsx|材料1|673,70,141260,0.055376618,材料1|70|正弦波|51|-13,1,16871.50322,26671.4986571,19737.204145,0.457947753256
附件一（训练集）.xlsx|材料1|674,70,141260,0.062144392,材料1|70|正弦波|51|-13,1,22861.11287,35618.0847859,19737.204145,0.443400503099
附件一（训练集）.xlsx|材料1|675,70,141260,0.070097078,材料1|70|正弦波|51|-12,1,31500.34493,48180.2586342,19737.204145,0.424939879318
附件一（训练集）.xlsx|材料1|676,70,141260,0.078529176,材料1|70|正弦波|51|-12,1,41795.51008,64065.5917391,19737.204145,0.427110193207
附件一（训练集）.xlsx|材料1|677,70,141260,0.088246088,材料1|70|正弦波|51|-11,3,59257.32724,85648.1781029,19251.10804,0.368353314452
附件一（训练集）.xlsx|材料1|678,70,141260,0.109942852,材料1|70|正弦波|51|-10,3,107555.0609,148179.090818,19251.10804,0.320416155496
附件一（训练集）.xlsx|材料1|679,70,141260,0.156493331,材料1|70|正弦波|51|-9,0,279113.5712,357560.350424,21709.11751,0.247684609997
附件一（训练集）.xlsx|材料1|68,25,79470,0.019575132,材料1|25|正弦波|49|-18,4,1351.668508,808.100892087,19688.929465,0.513910971598
附件一（训练集）.xlsx|材料1|680,70,141260,0.174609324,材料1|70|正弦波|51|-8,0,383578.0985,469883.14143,21709.11751,0.202940302944
附件一（训练集）.xlsx|材料1|681,70,141260,0.217572516,材料1|70|正弦波|51|-7,4,681198.4228,804374.609129,19688.929465,0.16621123416
附件一（训练集）.xlsx|材料1|682,70,158510,0.013960026,材料1|70|正弦波|52|-19,3,684.0462375,1039.23256394,19251.10804,0.417713250329
附件一（训练集）.xlsx|材料1|683,70,158500,0.015527431,材料1|70|正弦波|52|-19,3,922.4199793,1354.89800917,19251.10804,0.384135104689
附件一（训练集）.xlsx|材料1|684,70,158500,0.019543862,材料1|70|正弦波|52|-18,3,1607.580943,2404.61272999,19251.10804,0.402452256022
附件一（训练集）.xlsx|材料1|685,70,158500,0.024727886,材料1|70|正弦波|52|-17,3,2862.749609,4323.48303097,19251.10804,0.412160784577
附件一（训练集）.xlsx|材料1|686,70,158500,0.027863383,材料1|70|正弦波|52|-16,3,3828.618031,5822.63550115,19251.10804,0.419159655871
附件一（训练集）.xlsx|材料1|687,70,158500,0.031004766,材料1|70|正弦波|52|-16,3,4951.620441,7599.93161417,19251.10804,0.428354002064
附件一（训练集）.xlsx|材料1|688,70,158500,0.034776196,材料1|70|正弦波|52|-15,1,6456.609337,10008.8780168,19737.204145,0.43831322949
附件一（训练集）.xlsx|材料1|689,70,158500,0.03896448,材料1|70|正弦波|52|-15,1,8635.440552,13313.1493655,19737.204145,0.43283680701
附件一（训练集）.xlsx|材料1|69,25,79460,0.024960458,材料1|25|正弦波|49|-17,1,2547.825849,1419.53331308,19737.204145,0.584600428062
附件一（训练集）.xlsx|材料1|690,70,158500,0.043933169,材料1|70|正弦波|52|-14,2,11710.85379,17707.0313334,24954.9899,0.413416810953
附件一（训练集）.xlsx|材料1|691,70,158500,0.055299548,材料1|70|正弦波|52|-13,0,21146.58386,32138.5666154,21709.11751,0.418562215275
附件一（训练集）.xlsx|材料1|692,70,158500,0.062475628,材料1|70|正弦波|52|-13,0,29086.50004,43569.0200236,21709.11751,0.404060769698
附件一（训练集）.xlsx|材料1|693,70,158500,0.070184836,材料1|70|正弦波|52|-12,3,39467.02966,58288.0548762,19251.10804,0.38992336927
附件一（训练集）.xlsx|材料1|694,70,158500,0.078713802,材料1|70|正弦波|52|-12,3,54462.48862,77585.4534927,19251.10804,0.353862299972
附件一（训练集）.xlsx|材料1|695,70,158500,0.087403336,材料1|70|正弦波|52|-11,1,71864.2914,101035.032291,19737.204145,0.340683794757
附件一（训练集）.xlsx|材料1|696,70,158500,0.110349648,材料1|70|正弦波|52|-10,0,134018.8582,180023.99102,21709.11751,0.29510769576
附件一（训练集）.xlsx|材料1|697,70,158500,0.123786673,材料1|70|正弦波|52|-10,0,183163.2986,239764.627922,21709.11751,0.269278339268
附件一（训练集）.xlsx|材料1|698,70,158500,0.1389315,材料1|70|正弦波|52|-9,4,248601.6049,317646.761629,19688.929465,0.245087443728
附件一（训练集）.xlsx|材料1|699,70,158500,0.155496809,材料1|70|正弦波|52|-9,4,343043.1415,420171.382302,19688.929465,0.202805929818
附件一（训练集）.xlsx|材料1|7,25,50020,0.063456843,材料1|25|正弦波|46|-12,3,14273.85421,7024.48064205,19251.10804,0.708955910853
附件一（训练集）.xlsx|材料1|70,25,79460,0.028169126,材料1|25|正弦波|49|-16,4,3427.227242,1994.80546078,19688.929465,0.540995579903
附件一（训练集）.xlsx|材料1|700,70,158510,0.173743851,材料1|70|正弦波|52|-8,1,458087.4588,566315.220453,19737.204145,0.212090308623
附件一（训练集）.xlsx|材料1|701,70,177820,0.013847486,材料1|70|正弦波|52|-19,3,972.3431556,1226.49029313,19251.10804,0.231990253883
附件一（训练集）.xlsx|材料1|702,70,177820,0.015524787,材料1|70|正弦波|52|-19,3,1240.280021,1631.11138905,19251.10804,0.273731385121
附件一（训练集）.xlsx|材料1|703,70,177820,0.017389879,材料1|70|正弦波|52|-18,3,1621.650775,2164.44254876,19251.10804,0.288563658217
附件一（训练集）.xlsx|材料1|704,70,177820,0.019613416,材料1|70|正弦波|52|-18,3,2160.40164,2921.8226502,19251.10804,0.301792891738
附件一（训练集）.xlsx|材料1|705,70,177820,0.0220842,材料1|70|正弦波|52|-17,3,2872.931727,3927.76660955,19251.10804,0.312644504831
附件一（训练集）.xlsx|材料1|706,70,177820,0.024869458,材料1|70|正弦波|52|-17,3,3816.746169,5281.74803946,19251.10804,0.324786183964
附件一（训练集）.xlsx|材料1|707,70,177820,0.027575507,材料1|70|正弦波|52|-16,3,4882.887341,6833.35549515,19251.10804,0.336020681916
附件一（训练集）.xlsx|材料1|708,70,177820,0.030767858,材料1|70|正弦波|52|-16,3,6331.884828,8979.75357118,19251.10804,0.349327924047
附件一（训练集）.xlsx|材料1|709,70,177820,0.055531639,材料1|70|正弦波|52|-13,0,27276.82978,39069.8302375,21709.11751,0.35930188255
附件一（训练集）.xlsx|材料1|71,25,79470,0.031296585,材料1|25|正弦波|49|-16,4,4655.897506,2591.37878642,19688.929465,0.585773550618
附件一（训练集）.xlsx|材料1|710,70,177820,0.06246257,材料1|70|正弦波|52|-13,0,36943.64862,52387.8004825,21709.11751,0.349272027932
附件一（训练集）.xlsx|材料1|711,70,177820,0.069952463,材料1|70|正弦波|52|-12,3,51429.63675,69622.4826232,19251.10804,0.30286786383
附件一（训练集）.xlsx|材料1|712,70,177820,0.077712414,材料1|70|正弦波|52|-12,3,66137.61872,90505.7235923,19251.10804,0.313671318634
附件一（训练集）.xlsx|材料1|713,70,177820,0.098331822,材料1|70|正弦波|52|-11,1,122500.5024,163657.927395,19737.204145,0.289661256818
附件一（训练集）.xlsx|材料1|714,70,177820,0.11081037,材料1|70|正弦波|52|-10,0,168565.1232,218837.538112,21709.11751,0.26100609364
附件一（训练集）.xlsx|材料1|715,70,177820,0.124094933,材料1|70|正弦波|52|-10,0,227136.5654,290240.313044,21709.11751,0.245156842004
附件一（训练集）.xlsx|材料1|716,70,177820,0.138650364,材料1|70|正弦波|52|-9,4,311926.6097,380097.809637,19688.929465,0.197660103583
附件一（训练集）.xlsx|材料1|717,70,177820,0.154957156,材料1|70|正弦波|52|-9,4,414834.4707,500971.051092,19688.929465,0.188668327808
附件一（训练集）.xlsx|材料1|718,70,177820,0.173742672,材料1|70|正弦波|52|-8,1,555290.0615,682515.320235,19737.204145,0.206294027793
附件一（训练集）.xlsx|材料1|719,70,199500,0.013124117,材料1|70|正弦波|52|-19,3,1126.803697,1292.23068295,19251.10804,0.136871382512
附件一（训练集）.xlsx|材料1|72,25,79460,0.035118279,材料1|25|正弦波|49|-15,2,6205.058112,3358.55914099,24954.9899,0.613716172496
附件一（训练集）.xlsx|材料1|720,70,199500,0.012346483,材料1|70|正弦波|52|-20,3,1030.126905,1109.66649597,19251.10804,0.0743079952546
附件一（训练集）.xlsx|材料1|721,70,199500,0.01556105,材料1|70|正弦波|52|-19,3,1723.710939,1976.01125474,19251.10804,0.136526772163
附件一（训练集）.xlsx|材料1|722,70,199500,0.019696665,材料1|70|正弦波|52|-18,3,2954.399924,3556.4760884,19251.10804,0.185417349726
附件一（训练集）.xlsx|材料1|723,70,199500,0.022188442,材料1|70|正弦波|52|-17,3,3901.908918,4786.5720107,19251.10804,0.204301244275
附件一（训练集）.xlsx|材料1|724,70,199500,0.024647,材料1|70|正弦波|52|-17,3,5014.948484,6220.51189308,19251.10804,0.215390413899
附件一（训练集）.xlsx|材料1|725,70,199500,0.027653017,材料1|70|正弦波|52|-16,3,6523.680412,8288.06046251,19251.10804,0.239344655885
附件一（训练集）.xlsx|材料1|726,70,199500,0.030984381,材料1|70|正弦波|52|-16,3,8532.40745,11006.2154798,19251.10804,0.25456226214
附件一（训练集）.xlsx|材料1|727,70,199500,0.03482336,材料1|70|正弦波|52|-15,1,11297.51022,14591.2294625,19737.204145,0.255818280343
附件一（训练集）.xlsx|材料1|728,70,199500,0.039131616,材料1|70|正弦波|52|-15,1,14787.63776,19551.2291521,19737.204145,0.279230136055
附件一（训练集）.xlsx|材料1|729,70,199500,0.043997894,材料1|70|正弦波|52|-14,2,19695.67725,25649.4595033,24954.9899,0.264111531808
附件一（训练集）.xlsx|材料1|73,25,79460,0.039608778,材料1|25|正弦波|49|-15,2,8367.055189,4540.85905064,24954.9899,0.611085091787
附件一（训练集）.xlsx|材料1|730,70,199500,0.05576361,材料1|70|正弦波|52|-13,0,35576.34905,47495.5477512,21709.11751,0.28894785676
附件一（训练集）.xlsx|材料1|731,70,199500,0.0781995,材料1|70|正弦波|52|-12,3,85105.42578,110718.908447,19251.10804,0.263101123673
附件一（训练集）.xlsx|材料1|732,70,199500,0.087176749,材料1|70|正弦波|52|-11,1,112803.502,145839.023503,19737.204145,0.256854041913
附件一（训练集）.xlsx|材料1|733,70,199500,0.1108422,材料1|70|正弦波|52|-10,0,210884.5447,263468.849841,21709.11751,0.222623395456
附件一（训练集）.xlsx|材料1|734,70,199500,0.12395661,材料1|70|正弦波|52|-10,0,289045.561,348213.942591,21709.11751,0.186232154369
附件一（训练集）.xlsx|材料1|735,70,199500,0.137657706,材料1|70|正弦波|52|-9,4,377745.0985,449054.952121,19688.929465,0.172925222108
附件一（训练集）.xlsx|材料1|736,70,199500,0.155124808,材料1|70|正弦波|52|-9,4,510097.3827,604132.01787,19688.929465,0.169190787581
附件一（训练集）.xlsx|材料1|737,70,223850,0.013132379,材料1|70|正弦波|53|-19,2,1627.797108,1488.3410504,24954.9899,0.0895079977458
附件一（训练集）.xlsx|材料1|738,70,223850,0.012346785,材料1|70|正弦波|53|-20,4,1429.962384,1355.0952025,19688.929465,0.0537378183254
附件一（训练集）.xlsx|材料1|739,70,223860,0.013818643,材料1|70|正弦波|53|-19,2,1814.406296,1691.14979489,24954.9899,0.0703095086875
附件一（训练集）.xlsx|材料1|74,25,79470,0.044509942,材料1|25|正弦波|49|-14,4,11089.48772,6213.94869156,19688.929465,0.579130309407
附件一（训练集）.xlsx|材料1|740,70,223850,0.015472749,材料1|70|正弦波|53|-19,2,2341.428255,2245.04638743,24954.9899,0.0420165976718
附件一（训练集）.xlsx|材料1|741,70,223850,0.019705733,材料1|70|正弦波|53|-18,1,4050.751571,4216.57573971,19737.204145,0.0401112194241
附件一（训练集）.xlsx|材料1|742,70,223850,0.021977674,材料1|70|正弦波|53|-17,2,5180.006426,5410.66980047,24954.9899,0.0435583678363
附件一（训练集）.xlsx|材料1|743,70,223850,0.024585241,材料1|70|正弦波|53|-17,2,6718.09878,7166.3695499,24954.9899,0.064584682964
附件一（训练集）.xlsx|材料1|744,70,223850,0.027551148,材料1|70|正弦波|53|-16,3,8650.154327,9892.79861405,19251.10804,0.134215397998
附件一（训练集）.xlsx|材料1|745,70,223860,0.034870385,材料1|70|正弦波|53|-15,2,15028.79165,17209.6409191,24954.9899,0.135493509225
附件一（训练集）.xlsx|材料1|746,70,223850,0.039271564,材料1|70|正弦波|53|-15,2,19653.1025,23180.8761131,24954.9899,0.165084676203
附件一（训练集）.xlsx|材料1|747,70,223850,0.049750994,材料1|70|正弦波|53|-14,2,34840.65302,41937.8399738,24954.9899,0.185398769008
附件一（训练集）.xlsx|材料1|748,70,223860,0.055652848,材料1|70|正弦波|53|-13,4,47695.16791,57000.0914626,19688.929465,0.178219358768
附件一（训练集）.xlsx|材料1|749,70,223850,0.061844579,材料1|70|正弦波|53|-13,4,61750.05456,74064.8665902,19688.929465,0.181843733109
附件一（训练集）.xlsx|材料1|75,25,79470,0.049916441,材料1|25|正弦波|49|-14,4,14658.56285,8260.37493728,19688.929465,0.5735018458
附件一（训练集）.xlsx|材料1|750,70,223850,0.069509384,材料1|70|正弦波|53|-12,2,82271.43987,96973.6525787,24954.9899,0.164413453131
附件一（训练集）.xlsx|材料1|751,70,223850,0.078255174,材料1|70|正弦波|53|-12,2,108493.6133,130515.520269,24954.9899,0.184799286108
附件一（训练集）.xlsx|材料1|752,70,223850,0.088108225,材料1|70|正弦波|53|-11,3,147133.9964,179591.170724,19251.10804,0.19933805385
附件一（训练集）.xlsx|材料1|753,70,223850,0.098814566,材料1|70|正弦波|53|-11,3,197240.3054,239044.099648,19251.10804,0.19222435592
附件一（训练集）.xlsx|材料1|754,70,223850,0.110458326,材料1|70|正弦波|53|-10,2,268764.7929,309633.553373,24954.9899,0.141552399994
附件一（训练集）.xlsx|材料1|755,70,223850,0.122629089,材料1|70|正弦波|53|-10,2,350464.588,402374.563491,24954.9899,0.138123368119
附件一（训练集）.xlsx|材料1|756,70,223850,0.138081505,材料1|70|正弦波|53|-9,4,470806.2125,544315.735091,19688.929465,0.14508261611
附件一（训练集）.xlsx|材料1|757,70,251170,0.013255051,材料1|70|正弦波|53|-19,2,2323.752022,1830.52013207,24954.9899,0.238467080848
附件一（训练集）.xlsx|材料1|758,70,251170,0.012372848,材料1|70|正弦波|53|-20,4,2008.202927,1638.60617057,19688.929465,0.20328201659
附件一（训练集）.xlsx|材料1|759,70,251170,0.013878168,材料1|70|正弦波|53|-19,2,2555.563955,2053.90784986,24954.9899,0.218433146824
附件一（训练集）.xlsx|材料1|76,25,79470,0.056380916,材料1|25|正弦波|49|-13,4,19233.50271,11177.2431253,19688.929465,0.542736371523
附件一（训练集）.xlsx|材料1|760,70,251170,0.015608348,材料1|70|正弦波|53|-19,2,3297.341904,2757.23900366,24954.9899,0.178827454927
附件一（训练集）.xlsx|材料1|761,70,251170,0.017619434,材料1|70|正弦波|53|-18,1,4304.419927,3839.18571738,19737.204145,0.114353947809
附件一（训练集）.xlsx|材料1|762,70,251170,0.021804938,材料1|70|正弦波|53|-17,2,6931.464415,6374.00533431,24954.9899,0.0838304376267
附件一（训练集）.xlsx|材料1|763,70,251170,0.024653972,材料1|70|正弦波|53|-17,2,9096.516792,8671.39515677,24954.9899,0.0478564856547
附件一（训练集）.xlsx|材料1|764,70,251170,0.027505493,材料1|70|正弦波|53|-16,3,11581.25487,11868.0799426,19251.10804,0.0244625202036
附件一（训练集）.xlsx|材料1|765,70,251170,0.044324882,材料1|70|正弦波|53|-14,2,34570.51095,37726.4245649,24954.9899,0.0873573120868
附件一（训练集）.xlsx|材料1|766,70,251170,0.054915231,材料1|70|正弦波|53|-13,4,59800.53034,66326.294768,19688.929465,0.103570246665
附件一（训练集）.xlsx|材料1|767,70,251170,0.061842437,材料1|70|正弦波|53|-13,4,79473.0787,89085.1955027,19688.929465,0.114173475439
附件一（训练集）.xlsx|材料1|768,70,251170,0.069408413,材料1|70|正弦波|53|-12,2,105156.1819,116097.31345,24954.9899,0.0989811606111
附件一（训练集）.xlsx|材料1|769,70,251170,0.078536768,材料1|70|正弦波|53|-12,2,140342.3796,158242.462161,24954.9899,0.120042615759
附件一（训练集）.xlsx|材料1|77,25,79460,0.070193214,材料1|25|正弦波|49|-12,1,32688.69228,18995.3391517,19737.204145,0.542813523042
附件一（训练集）.xlsx|材料1|770,70,251170,0.087800052,材料1|70|正弦波|53|-11,3,185278.196,214460.772021,19251.10804,0.146267648472
附件一（训练集）.xlsx|材料1|771,70,251170,0.098454637,材料1|70|正弦波|53|-11,3,253345.1944,285353.715814,19251.10804,0.118976112574
附件一（训练集）.xlsx|材料1|772,70,251170,0.109558872,材料1|70|正弦波|53|-10,2,330637.0618,364500.826735,24954.9899,0.0975072548343
附件一（训练集）.xlsx|材料1|773,70,251170,0.123066856,材料1|70|正弦波|53|-10,2,440869.5115,487820.90988,24954.9899,0.101199192862
附件一（训练集）.xlsx|材料1|774,70,281850,0.01331825,材料1|70|正弦波|54|-19,3,3219.780591,2343.60164586,19251.10804,0.31750823611
附件一（训练集）.xlsx|材料1|775,70,281860,0.012462293,材料1|70|正弦波|54|-20,3,2799.945547,1985.95788656,19251.10804,0.34335228667
附件一（训练集）.xlsx|材料1|776,70,281850,0.013937482,材料1|70|正弦波|54|-19,3,3533.266046,2624.82630165,19251.10804,0.297110024806
附件一（训练集）.xlsx|材料1|777,70,281860,0.015658381,材料1|70|正弦波|54|-19,3,4525.315676,3509.20498749,19251.10804,0.25423385525
附件一（训练集）.xlsx|材料1|778,70,281850,0.017437346,材料1|70|正弦波|54|-18,2,5719.052101,4374.31074675,24954.9899,0.268000368801
附件一（训练集）.xlsx|材料1|779,70,281850,0.019518176,材料1|70|正弦波|54|-18,2,7287.02014,5802.6287311,24954.9899,0.227748558188
附件一（训练集）.xlsx|材料1|78,25,79460,0.088388302,材料1|25|正弦波|49|-11,2,55945.83678,33955.5637018,24954.9899,0.499319726924
附件一（训练集）.xlsx|材料1|780,70,281850,0.024593915,材料1|70|正弦波|54|-17,4,12101.52375,10855.8446724,19688.929465,0.108618278765
附件一（训练集）.xlsx|材料1|781,70,281850,0.027769963,材料1|70|正弦波|54|-16,0,15791.35772,14545.9377952,21709.11751,0.0821456237544
附件一（训练集）.xlsx|材料1|782,70,281850,0.031172499,材料1|70|正弦波|54|-16,0,20371.23037,19405.6468838,21709.11751,0.0485570868632
附件一（训练集）.xlsx|材料1|783,70,281850,0.039480687,材料1|70|正弦波|54|-15,4,34609.2452,35165.0559159,19688.929465,0.0159315544967
附件一（训练集）.xlsx|材料1|784,70,281850,0.044115739,材料1|70|正弦波|54|-14,2,46219.68547,44803.4256654,24954.9899,0.0311205136121
附件一（训练集）.xlsx|材料1|785,70,281850,0.078604227,材料1|70|正弦波|54|-12,2,179740.9994,190577.50406,24954.9899,0.0585417184659
附件一（训练集）.xlsx|材料1|786,70,281850,0.08777414,材料1|70|正弦波|54|-11,0,241162.5021,256560.103169,21709.11751,0.0618917198151
附件一（训练集）.xlsx|材料1|787,70,281850,0.110134754,材料1|70|正弦波|54|-10,2,420112.7655,443832.788782,24954.9899,0.0549245979184
附件一（训练集）.xlsx|材料1|788,70,316230,0.013398008,材料1|70|正弦波|55|-19,1,4393.820239,2807.08441179,19737.204145,0.447924082157
附件一（训练集）.xlsx|材料1|789,70,316230,0.013982424,材料1|70|正弦波|55|-19,1,4786.864817,3124.43788693,19737.204145,0.426510156397
附件一（训练集）.xlsx|材料1|79,25,79460,0.099862041,材料1|25|正弦波|49|-11,2,74362.24612,46107.2681879,24954.9899,0.477969528778
附件一（训练集）.xlsx|材料1|790,70,316230,0.015526902,材料1|70|正弦波|55|-19,1,5981.65421,4063.70755298,19737.204145,0.386522519593
附件一（训练集）.xlsx|材料1|791,70,316230,0.017416724,材料1|70|正弦波|55|-18,2,7610.313356,5240.00197684,24954.9899,0.373123042893
附件一（训练集）.xlsx|材料1|792,70,316230,0.019605078,材料1|70|正弦波|55|-18,2,9830.333671,7049.69982296,24954.9899,0.332447720941
附件一（训练集）.xlsx|材料1|793,70,316230,0.024663889,材料1|70|正弦波|55|-17,1,16134.65181,12975.006721,19737.204145,0.21792920663
附件一（训练集）.xlsx|材料1|794,90,50020,0.039234307,材料1|90|正弦波|46|-15,2,1062.695125,2119.62898142,24954.9899,0.689963920824
附件一（训练集）.xlsx|材料1|795,90,50020,0.044288078,材料1|90|正弦波|46|-14,4,1475.28012,2920.28102359,19688.929465,0.682496735416
附件一（训练集）.xlsx|材料1|796,90,50020,0.049171785,材料1|90|正弦波|46|-14,4,2047.879223,3786.48429294,19688.929465,0.614409100593
附件一（训练集）.xlsx|材料1|797,90,50030,0.054791065,材料1|90|正弦波|46|-13,3,2664.462294,4872.36992662,19251.10804,0.603408163265
附件一（训练集）.xlsx|材料1|798,90,50020,0.06246332,材料1|90|正弦波|46|-13,3,3775.700632,6753.43176777,19251.10804,0.581348067832
附件一（训练集）.xlsx|材料1|799,90,50020,0.078877855,材料1|90|正弦波|46|-12,3,6953.502338,12083.7604406,19251.10804,0.552555922836
附件一（训练集）.xlsx|材料1|8,25,50020,0.112063878,材料1|25|正弦波|46|-10,1,56401.52952,28971.0207393,19737.204145,0.666183444972
附件一（训练集）.xlsx|材料1|80,25,79460,0.12631209,材料1|25|正弦波|49|-9,1,128576.4162,82934.4017233,19737.204145,0.43846917135
附件一（训练集）.xlsx|材料1|800,90,50030,0.088574274,材料1|90|正弦波|46|-11,4,9677.926484,16333.192887,19688.929465,0.523309639068
附件一（训练集）.xlsx|材料1|801,90,50030,0.097955248,材料1|90|正弦波|46|-11,4,12996.57952,20971.9426633,19688.929465,0.478470013001
附件一（训练集）.xlsx|材料1|802,90,50020,0.110786813,材料1|90|正弦波|46|-10,3,18803.34877,28189.7900909,19251.10804,0.404907171441
附件一（训练集）.xlsx|材料1|803,90,50020,0.124123035,材料1|90|正弦波|46|-10,3,26489.10316,37427.188609,19251.10804,0.345652929073
附件一（训练集）.xlsx|材料1|804,90,50020,0.139007689,材料1|90|正弦波|46|-9,3,37235.20346,49640.826791,19251.10804,0.287552261138
附件一（训练集）.xlsx|材料1|805,90,50020,0.156683042,材料1|90|正弦波|46|-9,3,53611.4298,66905.9547284,19251.10804,0.221521978361
附件一（训练集）.xlsx|材料1|806,90,50020,0.175926604,材料1|90|正弦波|46|-8,1,75783.08167,89810.5647755,19737.204145,0.169825484467
附件一（训练集）.xlsx|材料1|807,90,50020,0.198704622,材料1|90|正弦波|46|-8,1,108977.8928,121892.561888,19737.204145,0.111994000949
附件一（训练集）.xlsx|材料1|808,90,50020,0.222380489,材料1|90|正弦波|46|-7,1,149950.2672,161667.620886,19737.204145,0.0752383341765
附件一（训练集）.xlsx|材料1|809,90,50020,0.273555637,材料1|90|正弦波|46|-6,1,262700.1729,271816.451225,19737.204145,0.034113544312
附件一（训练集）.xlsx|材料1|81,25,79460,0.141385756,材料1|25|正弦波|49|-9,1,166639.6736,110042.702347,19737.204145,0.414962258237
附件一（训练集）.xlsx|材料1|810,90,56320,0.031050665,材料1|90|正弦波|47|-16,0,749.1535014,1444.52448083,21709.11751,0.655949643078
附件一（训练集）.xlsx|材料1|811,90,56320,0.035022666,材料1|90|正弦波|47|-15,3,963.8096224,1933.02039516,19251.10804,0.695425422155
附件一（训练集）.xlsx|材料1|812,90,56320,0.039436301,材料1|90|正弦波|47|-15,3,1313.72777,2598.80974463,19251.10804,0.681808642021
附件一（训练集）.xlsx|材料1|813,90,56310,0.043806135,材料1|90|正弦波|47|-14,4,1807.253409,3436.77560531,19688.929465,0.642463223874
附件一（训练集）.xlsx|材料1|814,90,56320,0.055465229,材料1|90|正弦波|47|-13,0,3308.226246,6138.63492775,21709.11751,0.618050882846
附件一（训练集）.xlsx|材料1|815,90,56320,0.070026234,材料1|90|正弦波|47|-12,2,6173.265396,10940.5022199,24954.9899,0.572173190775
附件一（训练集）.xlsx|材料1|816,90,56320,0.078805858,材料1|90|正弦波|47|-12,2,8325.027451,14710.0727493,24954.9899,0.569214012699
附件一（训练集）.xlsx|材料1|817,90,56320,0.087363373,材料1|90|正弦波|47|-11,3,11215.93985,18886.4478758,19251.10804,0.521072445625
附件一（训练集）.xlsx|材料1|818,90,56320,0.110139323,材料1|90|正弦波|47|-10,3,21981.47781,33654.2494521,19251.10804,0.42592337264
附件一（训练集）.xlsx|材料1|819,90,56320,0.139261672,材料1|90|正弦波|47|-9,4,45023.34555,60757.3285086,19688.929465,0.299700811918
附件一（训练集）.xlsx|材料1|82,25,79470,0.158497446,材料1|25|正弦波|49|-8,3,218449.8965,145548.252608,19251.10804,0.406046724076
附件一（训练集）.xlsx|材料1|820,90,56320,0.155892889,材料1|90|正弦波|47|-9,4,63080.06911,80401.5326573,19688.929465,0.242624965972
附件一（训练集）.xlsx|材料1|821,90,56320,0.198085418,材料1|90|正弦波|47|-8,4,128856.2547,145742.586886,19688.929465,0.123143584514
附件一（训练集）.xlsx|材料1|822,90,56320,0.221175143,材料1|90|正弦波|47|-7,4,176787.0517,191643.248638,19688.929465,0.0806892146223
附件一（训练集）.xlsx|材料1|823,90,56320,0.245073402,材料1|90|正弦波|47|-7,4,233607.0741,247255.756057,19688.929465,0.0567824807905
附件一（训练集）.xlsx|材料1|824,90,56320,0.274036984,材料1|90|正弦波|47|-6,1,317136.3468,331011.082887,19737.204145,0.0428199281971
附件一（训练集）.xlsx|材料1|825,90,63020,0.031279715,材料1|90|正弦波|47|-16,0,856.6457477,1762.54000777,21709.11751,0.720887303228
附件一（训练集）.xlsx|材料1|826,90,63020,0.035235655,材料1|90|正弦波|47|-15,3,1151.726862,2353.57420493,19251.10804,0.714229586519
附件一（训练集）.xlsx|材料1|827,90,63020,0.039193308,材料1|90|正弦波|47|-15,3,1566.034169,3069.06739684,19251.10804,0.672514746231
附件一（训练集）.xlsx|材料1|828,90,63020,0.043934736,材料1|90|正弦波|47|-14,4,2097.622753,4147.15197708,19688.929465,0.681381630665
附件一（训练集）.xlsx|材料1|829,90,63020,0.049304857,材料1|90|正弦波|47|-14,4,2815.832497,5522.23453163,19688.929465,0.67335062891
附件一（训练集）.xlsx|材料1|83,25,79460,0.174851316,材料1|25|正弦波|49|-8,3,273541.545,185892.86552,19251.10804,0.386281271986
附件一（训练集）.xlsx|材料1|830,90,63020,0.055512256,材料1|90|正弦波|47|-13,0,3797.424531,7369.59243656,21709.11751,0.662911704192
附件一（训练集）.xlsx|材料1|831,90,63020,0.06254146,材料1|90|正弦波|47|-13,0,5236.695363,9921.49960597,21709.11751,0.6389232806
附件一（训练集）.xlsx|材料1|832,90,63020,0.077930523,材料1|90|正弦波|47|-12,2,9192.992475,17112.023197,24954.9899,0.621289485197
附件一（训练集）.xlsx|材料1|833,90,63020,0.087853257,材料1|90|正弦波|47|-11,3,12932.30217,22968.4330966,19251.10804,0.574358787811
附件一（训练集）.xlsx|材料1|834,90,63020,0.110164719,材料1|90|正弦波|47|-10,3,25224.40631,40384.5277462,19251.10804,0.470619823142
附件一（训练集）.xlsx|材料1|835,90,63020,0.124761898,材料1|90|正弦波|47|-10,3,36989.00907,55076.7508296,19251.10804,0.39809798737
附件一（训练集）.xlsx|材料1|836,90,63020,0.139304434,材料1|90|正弦波|47|-9,4,52005.40581,72818.7890821,19688.929465,0.336620846667
附件一（训练集）.xlsx|材料1|837,90,63020,0.157472186,材料1|90|正弦波|47|-9,4,75280.53523,98729.8602512,19688.929465,0.271162676089
附件一（训练集）.xlsx|材料1|838,90,63020,0.176872258,材料1|90|正弦波|47|-8,4,106641.1559,131747.566302,19688.929465,0.211416413122
附件一（训练集）.xlsx|材料1|839,90,63020,0.245929559,材料1|90|正弦波|47|-7,4,271619.7258,298690.278235,19688.929465,0.0950038229273
附件一（训练集）.xlsx|材料1|84,25,79460,0.197245524,材料1|25|正弦波|49|-8,3,360199.2721,251057.915728,19251.10804,0.36097255255
附件一（训练集）.xlsx|材料1|840,90,70840,0.031264342,材料1|90|正弦波|48|-16,4,1009.330003,2149.44624038,19688.929465,0.755398361136
附件一（训练集）.xlsx|材料1|841,90,70840,0.038987891,材料1|90|正弦波|48|-15,3,1810.755445,3659.7327067,19251.10804,0.703367086081
附件一（训练集）.xlsx|材料1|842,90,70840,0.043941199,材料1|90|正弦波|48|-14,2,2394.52308,4904.62142055,24954.9899,0.71678016421
附件一（训练集）.xlsx|材料1|843,90,70830,0.049376628,材料1|90|正弦波|48|-14,2,3242.159658,6568.41456545,24954.9899,0.7058766636
附件一（训练集）.xlsx|材料1|844,90,70840,0.069296414,材料1|90|正弦波|48|-12,3,7977.251157,15356.9813857,19251.10804,0.654916064698
附件一（训练集）.xlsx|材料1|845,90,70840,0.087151819,材料1|90|正弦波|48|-11,3,14641.55543,27200.9385369,19251.10804,0.619356195972
附件一（训练集）.xlsx|材料1|846,90,70840,0.110279699,材料1|90|正弦波|48|-10,4,29914.03845,49177.6458762,19688.929465,0.497098190225
附件一（训练集）.xlsx|材料1|847,90,70840,0.140154038,材料1|90|正弦波|48|-9,2,62328.07323,89786.711357,24954.9899,0.36502013942
附件一（训练集）.xlsx|材料1|848,90,70830,0.157299134,材料1|90|正弦波|48|-9,2,87883.8813,119878.603308,24954.9899,0.310460142333
附件一（训练集）.xlsx|材料1|849,90,70830,0.176340488,材料1|90|正弦波|48|-8,3,123800.4921,157658.703916,19251.10804,0.241759524959
附件一（训练集）.xlsx|材料1|85,25,79460,0.220194991,材料1|25|正弦波|49|-7,1,461810.5667,334375.61024,19737.204145,0.322889010288
附件一（训练集）.xlsx|材料1|850,90,70840,0.22010321,材料1|90|正弦波|48|-7,2,234105.831,278315.462642,24954.9899,0.172981267174
附件一（训练集）.xlsx|材料1|851,90,70840,0.246267324,材料1|90|正弦波|48|-7,2,318078.1125,368812.179231,24954.9899,0.147990093199
附件一（训练集）.xlsx|材料1|852,90,70840,0.278771812,材料1|90|正弦波|48|-6,3,443777.4452,494069.693759,19251.10804,0.107353171131
附件一（训练集）.xlsx|材料1|853,90,79460,0.027811741,材料1|90|正弦波|49|-16,1,838.640425,1862.05336605,19737.204145,0.796998280698
附件一（训练集）.xlsx|材料1|854,90,79460,0.03105537,材料1|90|正弦波|49|-16,1,1187.426592,2455.72094002,19737.204145,0.726197268904
附件一（训练集）.xlsx|材料1|855,90,79460,0.034630392,材料1|90|正弦波|49|-15,1,1506.42862,3227.6856011,19737.204145,0.761669821188
附件一（训练集）.xlsx|材料1|856,90,79470,0.043808296,材料1|90|正弦波|49|-14,3,2707.314291,5894.0079783,19251.10804,0.777779478883
附件一（训练集）.xlsx|材料1|857,90,79470,0.049504384,材料1|90|正弦波|49|-14,3,3727.988947,7994.47136609,19251.10804,0.762738165031
附件一（训练集）.xlsx|材料1|858,90,79460,0.055801725,材料1|90|正弦波|49|-13,1,5124.634185,10682.2797017,19737.204145,0.734425613778
附件一（训练集）.xlsx|材料1|859,90,79470,0.061642927,材料1|90|正弦波|49|-13,1,6610.646909,13715.6622302,19737.204145,0.729778538026
附件一（训练集）.xlsx|材料1|86,25,79460,0.249594137,材料1|25|正弦波|49|-7,1,613904.3362,457903.596014,19737.204145,0.29317988392
附件一（训练集）.xlsx|材料1|860,90,79460,0.069364777,材料1|90|正弦波|49|-12,4,9094.512273,18696.3048099,19688.929465,0.720598250594
附件一（训练集）.xlsx|材料1|861,90,79460,0.078099473,材料1|90|正弦波|49|-12,4,12398.28894,25099.5144785,19688.929465,0.705249215662
附件一（训练集）.xlsx|材料1|862,90,79460,0.087612686,材料1|90|正弦波|49|-11,0,17211.13699,33379.3585652,21709.11751,0.662352886165
附件一（训练集）.xlsx|材料1|863,90,79460,0.098558817,材料1|90|正弦波|49|-11,0,24494.17001,44770.2122752,21709.11751,0.603089394067
附件一（训练集）.xlsx|材料1|864,90,79460,0.110785843,材料1|90|正弦波|49|-10,0,35087.43237,59931.2208176,21709.11751,0.535342756598
附件一（训练集）.xlsx|材料1|865,90,79460,0.125004885,材料1|90|正弦波|49|-10,0,51065.40622,80991.9582283,21709.11751,0.461235346945
附件一（训练集）.xlsx|材料1|866,90,79460,0.174845856,材料1|90|正弦波|49|-8,3,140317.5455,185878.390975,19251.10804,0.281182864792
附件一（训练集）.xlsx|材料1|867,90,79460,0.196666525,材料1|90|正弦波|49|-8,3,198336.5421,249224.248599,19251.10804,0.228386763072
附件一（训练集）.xlsx|材料1|868,90,79460,0.220428581,材料1|90|正弦波|49|-7,0,273221.0512,333273.169136,21709.11751,0.198680643034
附件一（训练集）.xlsx|材料1|869,90,79460,0.247649476,材料1|90|正弦波|49|-7,0,376396.2086,445571.558541,21709.11751,0.168715111913
附件一（训练集）.xlsx|材料1|87,25,89080,0.017505561,材料1|25|正弦波|49|-18,4,1129.391913,735.346658096,19688.929465,0.428618666551
附件一（训练集）.xlsx|材料1|870,90,89080,0.024853545,材料1|90|正弦波|49|-17,4,783.6628871,1755.78769373,19688.929465,0.805988063993
附件一（训练集）.xlsx|材料1|871,90,89080,0.027666088,材料1|90|正弦波|49|-16,1,1094.733299,2212.37252034,19737.204145,0.70309356105
附件一（训练集）.xlsx|材料1|872,90,89090,0.030793277,材料1|90|正弦波|49|-16,1,1378.015305,2894.75099964,19737.204145,0.741874792669
附件一（训练集）.xlsx|材料1|873,90,89080,0.034836995,材料1|90|正弦波|49|-15,1,1876.108259,3944.1988034,19737.204145,0.74276691424
附件一（训练集）.xlsx|材料1|874,90,89080,0.039156893,材料1|90|正弦波|49|-15,1,2490.795483,5288.32335737,19737.204145,0.752686799794
附件一（训练集）.xlsx|材料1|875,90,89080,0.044271941,材料1|90|正弦波|49|-14,3,3376.347702,7277.26527103,19251.10804,0.767801848964
附件一（训练集）.xlsx|材料1|876,90,89080,0.049809972,材料1|90|正弦波|49|-14,3,4582.056901,9763.61087678,19251.10804,0.75639849365
附件一（训练集）.xlsx|材料1|877,90,89080,0.055200708,材料1|90|正弦波|49|-13,1,5880.57273,12515.6289241,19737.204145,0.755233876916
附件一（训练集）.xlsx|材料1|878,90,89090,0.061400394,材料1|90|正弦波|49|-13,1,7815.654294,16349.2968987,19737.204145,0.737989432753
附件一（训练集）.xlsx|材料1|879,90,89080,0.069609088,材料1|90|正弦波|49|-12,4,11070.64095,22655.317859,19688.929465,0.716051777505
附件一（训练集）.xlsx|材料1|88,25,89080,0.019750153,材料1|25|正弦波|49|-18,4,1532.851361,992.202078671,19688.929465,0.434602934348
附件一（训练集）.xlsx|材料1|880,90,89090,0.078285833,材料1|90|正弦波|49|-12,4,14925.40259,30334.473653,19688.929465,0.709186144607
附件一（训练集）.xlsx|材料1|881,90,89080,0.088038876,材料1|90|正弦波|49|-11,0,20932.4027,40597.466171,21709.11751,0.662384188359
附件一（训练集）.xlsx|材料1|882,90,89080,0.098680148,材料1|90|正弦波|49|-11,0,29448.50397,53961.8307119,21709.11751,0.605618422581
附件一（训练集）.xlsx|材料1|883,90,89080,0.11132581,材料1|90|正弦波|49|-10,0,42602.2508,72892.7438374,21709.11751,0.537072256692
附件一（训练集）.xlsx|材料1|884,90,89080,0.140548986,材料1|90|正弦波|49|-9,1,87413.41476,130521.182484,19737.204145,0.400882995373
附件一（训练集）.xlsx|材料1|885,90,89080,0.155526894,材料1|90|正弦波|49|-9,1,118586.3564,168270.087497,19737.204145,0.349926421177
附件一（训练集）.xlsx|材料1|886,90,89080,0.174999606,材料1|90|正弦波|49|-8,3,166749.9216,224091.478644,19251.10804,0.295557606129
附件一（训练集）.xlsx|材料1|887,90,89080,0.195863586,材料1|90|正弦波|49|-8,3,231445.3959,296759.308812,19251.10804,0.248576476407
附件一（训练集）.xlsx|材料1|888,90,89080,0.220916291,材料1|90|正弦波|49|-7,0,325175.1277,402679.121681,21709.11751,0.213775537118
附件一（训练集）.xlsx|材料1|889,90,89090,0.274327314,材料1|90|正弦波|49|-6,4,596099.9476,682770.165608,19688.929465,0.135749732507
附件一（训练集）.xlsx|材料1|89,25,89080,0.02222202,材料1|25|正弦波|49|-17,1,2119.668152,1276.79815576,19737.204145,0.506592799179
附件一（训练集）.xlsx|材料1|890,90,99950,0.022088696,材料1|90|正弦波|49|-17,4,708.7652037,1575.80467157,19688.929465,0.798221502193
附件一（训练集）.xlsx|材料1|891,90,99950,0.024633042,材料1|90|正弦波|49|-17,4,983.4575232,2065.75499108,19688.929465,0.741644267481
附件一（训练集）.xlsx|材料1|892,90,99950,0.039458264,材料1|90|正弦波|49|-15,1,2992.093566,6499.20936221,19737.204145,0.775526895961
附件一（训练集）.xlsx|材料1|893,90,99950,0.049031394,材料1|90|正弦波|49|-14,3,5185.070986,11308.1963083,19251.10804,0.779639852303
附件一（训练集）.xlsx|材料1|894,90,99950,0.062031835,材料1|90|正弦波|49|-13,1,9568.53606,20218.8481793,19737.204145,0.74807997941
附件一（训练集）.xlsx|材料1|895,90,99950,0.087585584,材料1|90|正弦波|49|-11,0,24678.39419,48224.6426642,21709.11751,0.669922232935
附件一（训练集）.xlsx|材料1|896,90,99950,0.098967087,材料1|90|正弦波|49|-11,0,35803.84731,65402.2454216,21709.11751,0.602488597454
附件一（训练集）.xlsx|材料1|897,90,99950,0.111033534,材料1|90|正弦波|49|-10,0,50812.43183,87136.0988213,21709.11751,0.539322001091
附件一（训练集）.xlsx|材料1|898,90,99950,0.124483559,材料1|90|正弦波|49|-10,0,73139.44533,115888.826026,21709.11751,0.460258462712
附件一（训练集）.xlsx|材料1|899,90,99950,0.138058861,材料1|90|正弦波|49|-9,1,99768.37842,150450.74778,19737.204145,0.410781113244
附件一（训练集）.xlsx|材料1|9,25,50020,0.125599949,材料1|25|正弦波|46|-10,1,73651.31728,38565.8500662,19737.204145,0.64696250491
附件一（训练集）.xlsx|材料1|90,25,89090,0.0311764,材料1|25|正弦波|49|-16,4,5166.874084,3083.14937276,19688.929465,0.516185512356
附件一（训练集）.xlsx|材料1|900,90,99950,0.155531545,材料1|90|正弦波|49|-9,1,141036.4806,202875.110455,19737.204145,0.363569824498
附件一（训练集）.xlsx|材料1|901,90,99950,0.173298453,材料1|90|正弦波|49|-8,3,193001.3105,263445.501455,19251.10804,0.311148156499
附件一（训练集）.xlsx|材料1|902,90,99950,0.196506471,材料1|90|正弦波|49|-8,3,278568.9295,360410.506988,19251.10804,0.257577332399
附件一（训练集）.xlsx|材料1|903,90,99950,0.221467748,材料1|90|正弦波|49|-7,0,389488.4452,487551.565474,21709.11751,0.224561344626
附件一（训练集）.xlsx|材料1|904,90,99950,0.243789983,材料1|90|正弦波|49|-7,0,520331.0961,619485.387283,21709.11751,0.174423473038
附件一（训练集）.xlsx|材料1|905,90,99950,0.272358592,材料1|90|正弦波|49|-6,4,696938.0157,806578.254383,19688.929465,0.146104250752
附件一（训练集）.xlsx|材料1|906,90,112160,0.021942723,材料1|90|正弦波|50|-17,2,938.0406753,1790.2994596,24954.9899,0.645837794592
附件一（训练集）.xlsx|材料1|907,90,112160,0.024636078,材料1|90|正弦波|50|-17,2,1223.050584,2393.06742265,24954.9899,0.670828259886
附件一（训练集）.xlsx|材料1|908,90,112160,0.027645919,材料1|90|正弦波|50|-16,4,1603.438961,3309.96597055,19688.929465,0.724465842353
附件一（训练集）.xlsx|材料1|909,90,112160,0.0311769,材料1|90|正弦波|50|-16,4,2138.530562,4461.21787636,19688.929465,0.735059482704
附件一（训练集）.xlsx|材料1|91,25,89080,0.035190538,材料1|25|正弦波|49|-15,2,7061.093869,4050.76380453,24954.9899,0.555589295941
附件一（训练集）.xlsx|材料1|910,90,112160,0.035091673,材料1|90|正弦波|50|-15,1,2798.160071,5839.27148472,19737.204145,0.735457885332
附件一（训练集）.xlsx|材料1|911,90,112160,0.039533842,材料1|90|正弦波|50|-15,1,3715.695872,7874.44674605,19737.204145,0.750914845616
附件一（训练集）.xlsx|材料1|912,90,112160,0.043750357,材料1|90|正弦波|50|-14,0,4755.175029,10278.1555928,21709.11751,0.770674335998
附件一（训练集）.xlsx|材料1|913,90,112160,0.048936183,材料1|90|正弦波|50|-14,0,6319.838092,13590.6867331,21709.11751,0.765606527356
附件一（训练集）.xlsx|材料1|914,90,112160,0.055279,材料1|90|正弦波|50|-13,0,8722.460852,18418.1345899,21709.11751,0.747374001752
附件一（训练集）.xlsx|材料1|915,90,112160,0.06976628,材料1|90|正弦波|50|-12,1,16384.22888,32737.9209479,19737.204145,0.692184362254
附件一（训练集）.xlsx|材料1|916,90,112160,0.078288727,材料1|90|正弦波|50|-12,1,21891.83835,43713.8870155,19737.204145,0.691529140699
附件一（训练集）.xlsx|材料1|917,90,112160,0.088199584,材料1|90|正弦波|50|-11,1,31120.82442,58950.3952223,19737.204145,0.638803971683
附件一（训练集）.xlsx|材料1|918,90,112160,0.110957168,材料1|90|正弦波|50|-10,3,63187.53128,104414.103254,19251.10804,0.50225151457
附件一（训练集）.xlsx|材料1|919,90,112160,0.12340216,材料1|90|正弦波|50|-10,3,86443.75696,136107.688008,19251.10804,0.453948181042
附件一（训练集）.xlsx|材料1|92,25,89080,0.039513148,材料1|25|正弦波|49|-15,2,9430.12443,5415.68115336,24954.9899,0.554532034628
附件一（训练集）.xlsx|材料1|920,90,112160,0.138375736,材料1|90|正弦波|50|-9,3,121342.6439,181095.559464,19251.10804,0.400403814164
附件一（训练集）.xlsx|材料1|921,90,112160,0.154921463,材料1|90|正弦波|50|-9,3,167770.3466,240006.76594,19251.10804,0.358069260687
附件一（训练集）.xlsx|材料1|922,90,112160,0.175225908,材料1|90|正弦波|50|-8,2,240563.413,327006.692672,24954.9899,0.306995812405
附件一（训练集）.xlsx|材料1|923,90,112160,0.219163697,材料1|90|正弦波|50|-7,2,464877.115,572945.897464,24954.9899,0.209017784888
附件一（训练集）.xlsx|材料1|924,90,112160,0.27289086,材料1|90|正弦波|50|-6,1,832598.6389,1002415.26138,19737.204145,0.185615724833
附件一（训练集）.xlsx|材料1|925,90,125860,0.019545825,材料1|90|正弦波|50|-18,2,941.8760287,1609.98256093,24954.9899,0.535664748924
附件一（训练集）.xlsx|材料1|926,90,125850,0.02181431,材料1|90|正弦波|50|-17,2,1224.052589,2119.7986507,24954.9899,0.548808966898
附件一（训练集）.xlsx|材料1|927,90,125860,0.02475458,材料1|90|正弦波|50|-17,2,1610.815256,2910.66062135,24954.9899,0.59136254662
附件一（训练集）.xlsx|材料1|928,90,125860,0.0276567,材料1|90|正弦波|50|-16,4,2095.126964,3986.00022162,19688.929465,0.642947784932
附件一（训练集）.xlsx|材料1|929,90,125860,0.031262963,材料1|90|正弦波|50|-16,4,2780.980435,5404.0541874,19688.929465,0.664171415695
附件一（训练集）.xlsx|材料1|93,25,89080,0.044663885,材料1|25|正弦波|49|-14,4,12766.46246,7527.07292513,19688.929465,0.528260849836
附件一（训练集）.xlsx|材料1|930,90,125860,0.035217209,材料1|90|正弦波|50|-15,1,3584.043542,7104.19830534,19737.204145,0.684056052249
附件一（训练集）.xlsx|材料1|931,90,125850,0.043681638,材料1|90|正弦波|50|-14,0,6074.632478,12319.5275429,21709.11751,0.706980681814
附件一（训练集）.xlsx|材料1|932,90,125860,0.049199545,材料1|90|正弦波|50|-14,0,8160.77248,16576.4547155,21709.11751,0.708582261501
附件一（训练集）.xlsx|材料1|933,90,125860,0.055235814,材料1|90|正弦波|50|-13,0,11032.88796,22122.5940254,21709.11751,0.695673381271
附件一（训练集）.xlsx|材料1|934,90,125860,0.06205758,材料1|90|正弦波|50|-13,0,15064.17596,29577.7105168,21709.11751,0.674669010688
附件一（训练集）.xlsx|材料1|935,90,125860,0.069773129,材料1|90|正弦波|50|-12,1,20482.92543,39484.2462189,19737.204145,0.656286635495
附件一（训练集）.xlsx|材料1|936,90,125860,0.088088548,材料1|90|正弦波|50|-11,1,38585.35599,70856.5603227,19737.204145,0.60777292708
附件一（训练集）.xlsx|材料1|937,90,125860,0.098838806,材料1|90|正弦波|50|-11,1,56211.37027,94587.5410916,19737.204145,0.520399494367
附件一（训练集）.xlsx|材料1|938,90,125850,0.123609148,材料1|90|正弦波|50|-10,3,107437.269,164650.234233,19251.10804,0.42691306413
附件一（训练集）.xlsx|材料1|939,90,125860,0.174737313,材料1|90|正弦波|50|-8,2,288610.2916,390238.592862,24954.9899,0.301680120158
附件一（训练集）.xlsx|材料1|94,25,89090,0.055683681,材料1|25|正弦波|49|-13,4,21893.48022,13017.5099258,19688.929465,0.519862375097
附件一（训练集）.xlsx|材料1|940,90,125850,0.195566212,材料1|90|正弦波|50|-8,2,409320.219,517443.96588,24954.9899,0.234402949034
附件一（训练集）.xlsx|材料1|941,90,141270,0.016028874,材料1|90|正弦波|51|-18,3,763.220977,1217.64374584,19251.10804,0.466636851358
附件一（训练集）.xlsx|材料1|942,90,141260,0.017453549,材料1|90|正弦波|51|-18,3,966.768255,1505.5184192,19251.10804,0.442563932361
附件一（训练集）.xlsx|材料1|943,90,141260,0.024632156,材料1|90|正弦波|51|-17,4,2077.609685,3597.989363,19688.929465,0.548953824003
附件一（训练集）.xlsx|材料1|944,90,141260,0.027793873,材料1|90|正弦波|51|-16,0,2745.415547,4803.23535497,21709.11751,0.559201270467
附件一（训练集）.xlsx|材料1|945,90,141260,0.043686574,材料1|90|正弦波|51|-14,3,7790.490007,14835.4442754,19251.10804,0.644054491596
附件一（训练集）.xlsx|材料1|946,90,141260,0.062068362,材料1|90|正弦波|51|-13,4,19124.17456,35706.9759388,19688.929465,0.624368572492
附件一（训练集）.xlsx|材料1|947,90,141260,0.078606241,材料1|90|正弦波|51|-12,2,35347.35317,63342.9752518,24954.9899,0.583327994832
附件一（训练集）.xlsx|材料1|948,90,141260,0.088081818,材料1|90|正弦波|51|-11,3,50435.08141,85251.1643908,19251.10804,0.524906684655
附件一（训练集）.xlsx|材料1|949,90,141260,0.097764649,材料1|90|正弦波|51|-11,3,67873.23527,110573.187204,19251.10804,0.488030161643
附件一（训练集）.xlsx|材料1|95,25,89080,0.062499306,材料1|25|正弦波|49|-13,4,28291.14184,17337.1395559,19688.929465,0.489675419046
附件一（训练集）.xlsx|材料1|950,90,141260,0.110136466,材料1|90|正弦波|51|-10,1,95013.43839,149675.012036,19737.204145,0.454444175243
附件一（训练集）.xlsx|材料1|951,90,141260,0.122669,材料1|90|正弦波|51|-10,1,128850.956,196139.244946,19737.204145,0.420165821368
附件一（训练集）.xlsx|材料1|952,90,141260,0.139109289,材料1|90|正弦波|51|-9,4,184521.8028,264907.320649,19688.929465,0.361610758057
附件一（训练集）.xlsx|材料1|953,90,141260,0.156151622,材料1|90|正弦波|51|-9,4,255555.4032,352962.649806,19688.929465,0.322921935132
附件一（训练集）.xlsx|材料1|954,90,141260,0.17465163,材料1|90|正弦波|51|-8,0,359423.2255,470167.121769,21709.11751,0.268586959158
附件一（训练集）.xlsx|材料1|955,90,141260,0.194104378,材料1|90|正弦波|51|-8,0,481326.9227,611830.125792,21709.11751,0.239907516393
附件一（训练集）.xlsx|材料1|956,90,141260,0.21857393,材料1|90|正弦波|51|-7,3,663872.2785,822163.914102,19251.10804,0.213849714731
附件一（训练集）.xlsx|材料1|957,90,158500,0.014446463,材料1|90|正弦波|52|-19,4,824.0751503,1150.32621036,19688.929465,0.333195309839
附件一（训练集）.xlsx|材料1|958,90,158500,0.015508669,材料1|90|正弦波|52|-19,4,1007.106866,1371.94632117,19688.929465,0.308884848119
附件一（训练集）.xlsx|材料1|959,90,158500,0.019588072,材料1|90|正弦波|52|-18,0,1670.793911,2415.09974561,21709.11751,0.368257316561
附件一（训练集）.xlsx|材料1|96,25,89090,0.079220699,材料1|25|正弦波|49|-12,1,49708.07326,30983.308851,19737.204145,0.47270656676
附件一（训练集）.xlsx|材料1|960,90,158500,0.024839415,材料1|90|正弦波|52|-17,4,2832.921144,4419.01945011,19688.929465,0.444482780659
附件一（训练集）.xlsx|材料1|961,90,158500,0.027906071,材料1|90|正弦波|52|-16,2,3678.249795,5677.15599445,24954.9899,0.433917659815
附件一（训练集）.xlsx|材料1|962,90,158500,0.031028825,材料1|90|正弦波|52|-16,2,4627.454297,7406.22101918,24954.9899,0.470232370597
附件一（训练集）.xlsx|材料1|963,90,158500,0.034810607,材料1|90|正弦波|52|-15,4,6022.969781,10216.3356251,19688.929465,0.52833937469
附件一（训练集）.xlsx|材料1|964,90,158500,0.038931771,材料1|90|正弦波|52|-15,4,7752.760975,13488.4550159,19688.929465,0.553730257534
附件一（训练集）.xlsx|材料1|965,90,158500,0.049450607,材料1|90|正弦波|52|-14,2,13899.54076,23819.2047773,24954.9899,0.538606417776
附件一（训练集）.xlsx|材料1|966,90,158500,0.055304534,材料1|90|正弦波|52|-13,4,18359.64719,32251.4065102,19688.929465,0.56338302636
附件一（训练集）.xlsx|材料1|967,90,158500,0.062477328,材料1|90|正弦波|52|-13,4,25168.44714,43658.1531086,19688.929465,0.550782109643
附件一（训练集）.xlsx|材料1|968,90,158500,0.078583815,材料1|90|正弦波|52|-12,4,46951.40713,77165.4078107,19688.929465,0.496829755933
附件一（训练集）.xlsx|材料1|969,90,158500,0.087101047,材料1|90|正弦波|52|-11,1,62070.61613,100160.699622,19737.204145,0.478497058973
附件一（训练集）.xlsx|材料1|97,25,89080,0.088949189,材料1|25|正弦波|49|-11,2,65196.27638,41394.5544766,24954.9899,0.454244199473
附件一（训练集）.xlsx|材料1|970,90,158500,0.098128456,材料1|90|正弦波|52|-11,1,86257.86209,135075.129871,19737.204145,0.448485744958
附件一（训练集）.xlsx|材料1|971,90,158500,0.110280828,材料1|90|正弦波|52|-10,3,119332.3062,179873.56444,19251.10804,0.410339273388
附件一（训练集）.xlsx|材料1|972,90,158500,0.124536019,材料1|90|正弦波|52|-10,3,168128.8466,243566.408444,19251.10804,0.370657158304
附件一（训练集）.xlsx|材料1|973,90,158500,0.139366908,材料1|90|正弦波|52|-9,4,229173.8421,320124.570183,19688.929465,0.334228110789
附件一（训练集）.xlsx|材料1|974,90,158500,0.156000766,材料1|90|正弦波|52|-9,4,320988.4024,423561.076446,19688.929465,0.277291974661
附件一（训练集）.xlsx|材料1|975,90,158500,0.173910082,材料1|90|正弦波|52|-8,1,431197.2175,567617.320632,19737.204145,0.274881336356
附件一（训练集）.xlsx|材料1|976,90,177820,0.013848216,材料1|90|正弦波|52|-19,4,1073.433396,1245.50378857,19688.929465,0.148549214203
附件一（训练集）.xlsx|材料1|977,90,177820,0.015536288,材料1|90|正弦波|52|-19,4,1367.287888,1657.2631682,19688.929465,0.192210528909
附件一（训练集）.xlsx|材料1|978,90,177820,0.017501319,材料1|90|正弦波|52|-18,0,1767.916734,2193.85658781,21709.11751,0.215749364005
附件一（训练集）.xlsx|材料1|979,90,177820,0.019628316,材料1|90|正弦波|52|-18,0,2247.717152,2920.36285677,21709.11751,0.261690340214
附件一（训练集）.xlsx|材料1|98,25,89080,0.099711262,材料1|25|正弦波|49|-11,2,85243.35886,55115.1486801,24954.9899,0.436079189532
附件一（训练集）.xlsx|材料1|980,90,177820,0.022123259,材料1|90|正弦波|52|-17,4,2931.906808,3986.33296317,19688.929465,0.307128561239
附件一（训练集）.xlsx|材料1|981,90,177820,0.024899454,材料1|90|正弦波|52|-17,4,3801.00731,5346.443255,19688.929465,0.341089383681
附件一（训练集）.xlsx|材料1|982,90,177820,0.027606969,材料1|90|正弦波|52|-16,2,4757.597689,6638.29778497,24954.9899,0.333053180932
附件一（训练集）.xlsx|材料1|983,90,177820,0.030997304,材料1|90|正弦波|52|-16,2,6152.055794,8874.55334903,24954.9899,0.366351847115
附件一（训练集）.xlsx|材料1|984,90,177820,0.034835824,材料1|90|正弦波|52|-15,4,7988.024299,12308.6827598,19688.929465,0.432317531879
附件一（训练集）.xlsx|材料1|985,90,177830,0.043994544,材料1|90|正弦波|52|-14,2,13656.58064,21348.1667572,24954.9899,0.446717985428
附件一（训练集）.xlsx|材料1|986,90,177820,0.049375959,材料1|90|正弦波|52|-14,2,18057.87393,28506.1791784,24954.9899,0.456518762112
附件一（训练集）.xlsx|材料1|987,90,177820,0.06241989,材料1|90|正弦波|52|-13,4,32459.27015,52385.2355262,19688.929465,0.47862699142
附件一（训练集）.xlsx|材料1|988,90,177820,0.077921182,材料1|90|正弦波|52|-12,4,59060.94231,90871.1059991,19688.929465,0.430866326556
附件一（训练集）.xlsx|材料1|989,90,177820,0.087387055,材料1|90|正弦波|52|-11,1,79652.53328,121723.679309,19737.204145,0.424075372064
附件一（训练集）.xlsx|材料1|99,25,89090,0.112046407,材料1|25|正弦波|49|-10,0,112150.6467,74088.5051217,21709.11751,0.414578052887
附件一（训练集）.xlsx|材料1|990,90,177820,0.09804056,材料1|90|正弦波|52|-11,1,109199.7839,162444.538397,19737.204145,0.397154555415
附件一（训练集）.xlsx|材料1|991,90,177820,0.124291661,材料1|90|正弦波|52|-10,3,208758.6158,291911.908714,19251.10804,0.335272073569
附件一（训练集）.xlsx|材料1|992,90,177820,0.138691567,材料1|90|正弦波|52|-9,4,288196.1215,380378.3645,19688.929465,0.277524386694
附件一（训练集）.xlsx|材料1|993,90,177820,0.174236691,材料1|90|正弦波|52|-8,1,529174.1341,687394.252154,19737.204145,0.26159001401
附件一（训练集）.xlsx|材料1|994,90,199500,0.013085244,材料1|90|正弦波|52|-19,4,1251.981937,1301.30936345,19688.929465,0.0386128618903
附件一（训练集）.xlsx|材料1|995,90,199500,0.012366007,材料1|90|正弦波|52|-20,4,1150.367179,1130.86608455,19688.929465,0.0170824146385
附件一（训练集）.xlsx|材料1|996,90,199500,0.015555258,材料1|90|正弦波|52|-19,4,1845.774952,1999.21972719,19688.929465,0.0798161894801
附件一（训练集）.xlsx|材料1|997,90,199500,0.017517843,材料1|90|正弦波|52|-18,0,2374.2095,2645.61565996,21709.11751,0.108196070229
附件一（训练集）.xlsx|材料1|998,90,199500,0.019743763,材料1|90|正弦波|52|-18,0,3068.389033,3565.20882523,21709.11751,0.150024548061
附件一（训练集）.xlsx|材料1|999,90,199510,0.024593319,材料1|90|正弦波|52|-17,4,4910.844527,6236.07406964,19688.929465,0.238861634643
