row_id,condition_group,oof_fold,oof_model_id,strict_oof_lineage_pass
附件一（训练集）.xlsx|材料3|506,材料3|25|正弦波|49|-12,0,q4-ridge-fold-0,True
附件一（训练集）.xlsx|材料3|232,材料3|70|正弦波|55|-16,0,q4-ridge-fold-0,True
附件一（训练集）.xlsx|材料1|1542,材料1|50|三角波|54|-20,4,q4-ridge-fold-4,True
附件一（训练集）.xlsx|材料4|118,材料4|25|正弦波|52|-20,1,q4-ridge-fold-1,True
附件一（训练集）.xlsx|材料4|2213,材料4|50|三角波|55|-12,4,q4-ridge-fold-4,True
附件一（训练集）.xlsx|材料3|195,材料3|70|正弦波|49|-8,1,q4-ridge-fold-1,True
附件一（训练集）.xlsx|材料4|2419,材料4|70|三角波|55|-11,3,q4-ridge-fold-3,True
附件一（训练集）.xlsx|材料1|2621,材料1|50|三角波|55|-19,1,q4-ridge-fold-1,True
附件一（训练集）.xlsx|材料4|1822,材料4|90|三角波|55|-14,4,q4-ridge-fold-4,True
附件一（训练集）.xlsx|材料1|1645,材料1|50|三角波|48|-8,4,q4-ridge-fold-4,True
附件一（训练集）.xlsx|材料1|2482,材料1|25|梯形波|51|-13,2,q4-ridge-fold-2,True
附件一（训练集）.xlsx|材料1|2117,材料1|90|三角波|52|-9,3,q4-ridge-fold-3,True
附件一（训练集）.xlsx|材料2|112,材料2|50|正弦波|49|-12,1,q4-ridge-fold-1,True
附件一（训练集）.xlsx|材料4|1396,材料4|50|三角波|49|-10,0,q4-ridge-fold-0,True
附件一（训练集）.xlsx|材料2|1134,材料2|25|三角波|55|-18,2,q4-ridge-fold-2,True
附件一（训练集）.xlsx|材料3|1292,材料3|50|三角波|54|-19,1,q4-ridge-fold-1,True
附件一（训练集）.xlsx|材料3|1441,材料3|50|三角波|56|-19,4,q4-ridge-fold-4,True
附件一（训练集）.xlsx|材料3|2684,材料3|70|梯形波|55|-15,2,q4-ridge-fold-2,True
附件一（训练集）.xlsx|材料4|1522,材料4|70|三角波|53|-20,3,q4-ridge-fold-3,True
附件一（训练集）.xlsx|材料4|302,材料4|50|正弦波|51|-17,0,q4-ridge-fold-0,True
附件一（训练集）.xlsx|材料4|803,材料4|90|正弦波|54|-16,3,q4-ridge-fold-3,True
附件一（训练集）.xlsx|材料4|1140,材料4|25|三角波|49|-16,4,q4-ridge-fold-4,True
附件一（训练集）.xlsx|材料4|168,材料4|25|正弦波|55|-14,3,q4-ridge-fold-3,True
附件一（训练集）.xlsx|材料3|1137,材料3|25|三角波|56|-12,2,q4-ridge-fold-2,True
附件一（训练集）.xlsx|材料1|967,材料1|90|正弦波|52|-13,4,q4-ridge-fold-4,True
附件一（训练集）.xlsx|材料4|2760,材料4|90|梯形波|51|-9,0,q4-ridge-fold-0,True
附件一（训练集）.xlsx|材料4|932,材料4|25|三角波|50|-16,3,q4-ridge-fold-3,True
附件一（训练集）.xlsx|材料1|884,材料1|90|正弦波|49|-9,1,q4-ridge-fold-1,True
附件一（训练集）.xlsx|材料3|1234,材料3|25|三角波|50|-9,1,q4-ridge-fold-1,True
附件一（训练集）.xlsx|材料2|1524,材料2|50|三角波|49|-10,3,q4-ridge-fold-3,True
附件一（训练集）.xlsx|材料1|2264,材料1|90|三角波|48|-7,0,q4-ridge-fold-0,True
附件一（训练集）.xlsx|材料4|1870,材料4|90|三角波|49|-16,2,q4-ridge-fold-2,True
附件一（训练集）.xlsx|材料4|130,材料4|25|正弦波|52|-20,1,q4-ridge-fold-1,True
附件一（训练集）.xlsx|材料3|2897,材料3|70|梯形波|47|-10,1,q4-ridge-fold-1,True
附件一（训练集）.xlsx|材料4|2048,材料4|25|三角波|52|-16,4,q4-ridge-fold-4,True
附件一（训练集）.xlsx|材料3|1889,材料3|90|三角波|49|-11,1,q4-ridge-fold-1,True
附件一（训练集）.xlsx|材料3|962,材料3|25|正弦波|46|-14,2,q4-ridge-fold-2,True
附件一（训练集）.xlsx|材料1|244,材料1|25|正弦波|53|-18,1,q4-ridge-fold-1,True
附件一（训练集）.xlsx|材料1|622,材料1|70|正弦波|49|-14,3,q4-ridge-fold-3,True
附件一（训练集）.xlsx|材料4|1274,材料4|50|三角波|53|-15,1,q4-ridge-fold-1,True
附件一（训练集）.xlsx|材料2|1147,材料2|25|三角波|56|-16,0,q4-ridge-fold-0,True
附件一（训练集）.xlsx|材料1|2118,材料1|90|三角波|52|-9,3,q4-ridge-fold-3,True
附件一（训练集）.xlsx|材料3|2617,材料3|70|三角波|55|-15,2,q4-ridge-fold-2,True
附件一（训练集）.xlsx|材料1|3251,材料1|90|梯形波|51|-16,0,q4-ridge-fold-0,True
附件一（训练集）.xlsx|材料4|1381,材料4|50|三角波|49|-8,4,q4-ridge-fold-4,True
附件一（训练集）.xlsx|材料4|1871,材料4|90|三角波|48|-15,1,q4-ridge-fold-1,True
附件一（训练集）.xlsx|材料3|2041,材料3|25|梯形波|49|-8,4,q4-ridge-fold-4,True
附件一（训练集）.xlsx|材料2|166,材料2|50|正弦波|55|-14,0,q4-ridge-fold-0,True
附件一（训练集）.xlsx|材料2|293,材料2|90|正弦波|49|-13,0,q4-ridge-fold-0,True
附件一（训练集）.xlsx|材料1|225,材料1|25|正弦波|52|-9,0,q4-ridge-fold-0,True
附件一（训练集）.xlsx|材料1|2439,材料1|25|梯形波|49|-10,3,q4-ridge-fold-3,True
附件一（训练集）.xlsx|材料4|1144,材料4|25|三角波|49|-14,2,q4-ridge-fold-2,True
附件一（训练集）.xlsx|材料1|3328,材料1|90|梯形波|52|-12,3,q4-ridge-fold-3,True
附件一（训练集）.xlsx|材料4|2278,材料4|50|梯形波|48|-16,3,q4-ridge-fold-3,True
附件一（训练集）.xlsx|材料3|936,材料3|25|正弦波|47|-12,4,q4-ridge-fold-4,True
附件一（训练集）.xlsx|材料1|259,材料1|25|正弦波|54|-20,2,q4-ridge-fold-2,True
附件一（训练集）.xlsx|材料1|3077,材料1|70|梯形波|53|-13,1,q4-ridge-fold-1,True
附件一（训练集）.xlsx|材料3|1996,材料3|90|三角波|56|-20,3,q4-ridge-fold-3,True
附件一（训练集）.xlsx|材料1|1449,材料1|50|三角波|52|-17,3,q4-ridge-fold-3,True
附件一（训练集）.xlsx|材料4|395,材料4|50|正弦波|55|-16,3,q4-ridge-fold-3,True
附件一（训练集）.xlsx|材料2|109,材料2|50|正弦波|49|-15,1,q4-ridge-fold-1,True
附件一（训练集）.xlsx|材料1|738,材料1|70|正弦波|53|-20,4,q4-ridge-fold-4,True
附件一（训练集）.xlsx|材料4|1838,材料4|90|三角波|56|-17,1,q4-ridge-fold-1,True
附件一（训练集）.xlsx|材料1|1306,材料1|25|三角波|56|-16,0,q4-ridge-fold-0,True
附件一（训练集）.xlsx|材料2|1406,材料2|50|三角波|52|-7,1,q4-ridge-fold-1,True
附件一（训练集）.xlsx|材料2|1117,材料2|25|三角波|52|-17,3,q4-ridge-fold-3,True
附件一（训练集）.xlsx|材料1|2777,材料1|50|梯形波|52|-16,2,q4-ridge-fold-2,True
附件一（训练集）.xlsx|材料1|1446,材料1|50|三角波|52|-18,1,q4-ridge-fold-1,True
附件一（训练集）.xlsx|材料1|3143,材料1|90|三角波|55|-15,0,q4-ridge-fold-0,True
附件一（训练集）.xlsx|材料2|1395,材料2|50|三角波|50|-14,4,q4-ridge-fold-4,True
附件一（训练集）.xlsx|材料2|2559,材料2|70|梯形波|52|-11,2,q4-ridge-fold-2,True
附件一（训练集）.xlsx|材料1|160,材料1|25|正弦波|51|-17,0,q4-ridge-fold-0,True
附件一（训练集）.xlsx|材料1|1268,材料1|25|三角波|55|-19,1,q4-ridge-fold-1,True
附件一（训练集）.xlsx|材料3|2062,材料3|25|梯形波|52|-9,1,q4-ridge-fold-1,True
附件一（训练集）.xlsx|材料3|3183,材料3|90|梯形波|55|-11,0,q4-ridge-fold-0,True
附件一（训练集）.xlsx|材料2|1864,材料2|90|三角波|51|-13,0,q4-ridge-fold-0,True
附件一（训练集）.xlsx|材料1|2667,材料1|50|梯形波|48|-15,4,q4-ridge-fold-4,True
附件一（训练集）.xlsx|材料4|960,材料4|25|三角波|52|-17,0,q4-ridge-fold-0,True
附件一（训练集）.xlsx|材料2|1515,材料2|50|三角波|49|-12,2,q4-ridge-fold-2,True
附件一（训练集）.xlsx|材料1|2579,材料1|25|梯形波|54|-10,0,q4-ridge-fold-0,True
附件一（训练集）.xlsx|材料3|2523,材料3|50|梯形波|49|-6,4,q4-ridge-fold-4,True
附件一（训练集）.xlsx|材料2|1264,材料2|25|三角波|55|-11,3,q4-ridge-fold-3,True
附件一（训练集）.xlsx|材料1|2984,材料1|70|梯形波|50|-7,3,q4-ridge-fold-3,True
附件一（训练集）.xlsx|材料1|829,材料1|90|正弦波|47|-14,4,q4-ridge-fold-4,True
附件一（训练集）.xlsx|材料1|2382,材料1|25|梯形波|46|-8,3,q4-ridge-fold-3,True
附件一（训练集）.xlsx|材料4|2181,材料4|50|三角波|55|-20,0,q4-ridge-fold-0,True
附件一（训练集）.xlsx|材料1|318,材料1|50|正弦波|48|-17,4,q4-ridge-fold-4,True
附件一（训练集）.xlsx|材料2|303,材料2|90|正弦波|49|-7,3,q4-ridge-fold-3,True
附件一（训练集）.xlsx|材料2|1435,材料2|50|三角波|56|-21,4,q4-ridge-fold-4,True
附件一（训练集）.xlsx|材料4|2651,材料4|90|梯形波|47|-15,4,q4-ridge-fold-4,True
附件一（训练集）.xlsx|材料3|2425,材料3|50|梯形波|49|-10,4,q4-ridge-fold-4,True
附件一（训练集）.xlsx|材料1|1675,材料1|50|三角波|49|-7,2,q4-ridge-fold-2,True
附件一（训练集）.xlsx|材料4|270,材料4|50|正弦波|49|-11,4,q4-ridge-fold-4,True
附件一（训练集）.xlsx|材料1|1250,材料1|25|三角波|55|-19,1,q4-ridge-fold-1,True
附件一（训练集）.xlsx|材料2|1222,材料2|25|三角波|49|-12,1,q4-ridge-fold-1,True
附件一（训练集）.xlsx|材料3|2850,材料3|70|梯形波|54|-16,1,q4-ridge-fold-1,True
附件一（训练集）.xlsx|材料4|1503,材料4|70|三角波|52|-14,1,q4-ridge-fold-1,True
附件一（训练集）.xlsx|材料2|829,材料2|90|正弦波|53|-20,4,q4-ridge-fold-4,True
附件一（训练集）.xlsx|材料1|2641,材料1|50|梯形波|47|-13,2,q4-ridge-fold-2,True
附件一（训练集）.xlsx|材料3|1637,材料3|70|三角波|49|-10,1,q4-ridge-fold-1,True
附件一（训练集）.xlsx|材料3|3059,材料3|90|梯形波|52|-18,2,q4-ridge-fold-2,True
附件一（训练集）.xlsx|材料4|2596,材料4|90|三角波|55|-20,1,q4-ridge-fold-1,True
附件一（训练集）.xlsx|材料1|1408,材料1|50|三角波|50|-19,0,q4-ridge-fold-0,True
附件一（训练集）.xlsx|材料3|2010,材料3|25|三角波|55|-9,0,q4-ridge-fold-0,True
附件一（训练集）.xlsx|材料3|1715,材料3|70|三角波|52|-8,0,q4-ridge-fold-0,True
附件一（训练集）.xlsx|材料3|1777,材料3|90|三角波|54|-13,2,q4-ridge-fold-2,True
附件一（训练集）.xlsx|材料2|2880,材料2|90|梯形波|52|-11,3,q4-ridge-fold-3,True
附件一（训练集）.xlsx|材料4|2535,材料4|70|梯形波|50|-13,4,q4-ridge-fold-4,True
附件一（训练集）.xlsx|材料3|201,材料3|70|正弦波|50|-18,2,q4-ridge-fold-2,True
附件一（训练集）.xlsx|材料4|2375,材料4|50|梯形波|52|-19,3,q4-ridge-fold-3,True
附件一（训练集）.xlsx|材料3|1898,材料3|90|三角波|50|-7,3,q4-ridge-fold-3,True
附件一（训练集）.xlsx|材料1|1371,材料1|25|三角波|49|-12,4,q4-ridge-fold-4,True
附件一（训练集）.xlsx|材料3|2610,材料3|70|三角波|56|-11,4,q4-ridge-fold-4,True
附件一（训练集）.xlsx|材料4|1507,材料4|70|三角波|52|-20,3,q4-ridge-fold-3,True
附件一（训练集）.xlsx|材料4|1390,材料4|50|三角波|49|-13,2,q4-ridge-fold-2,True
附件一（训练集）.xlsx|材料1|3214,材料1|90|梯形波|49|-9,4,q4-ridge-fold-4,True
附件一（训练集）.xlsx|材料3|871,材料3|70|正弦波|52|-19,0,q4-ridge-fold-0,True
附件一（训练集）.xlsx|材料2|1801,材料2|70|三角波|55|-16,1,q4-ridge-fold-1,True
附件一（训练集）.xlsx|材料4|1033,材料4|25|三角波|54|-17,1,q4-ridge-fold-1,True
附件一（训练集）.xlsx|材料1|1589,材料1|50|三角波|55|-14,3,q4-ridge-fold-3,True
附件一（训练集）.xlsx|材料2|1899,材料2|90|三角波|55|-19,2,q4-ridge-fold-2,True
附件一（训练集）.xlsx|材料3|1660,材料3|70|三角波|54|-16,4,q4-ridge-fold-4,True
附件一（训练集）.xlsx|材料4|2345,材料4|50|梯形波|50|-11,1,q4-ridge-fold-1,True
附件一（训练集）.xlsx|材料4|2500,材料4|70|梯形波|48|-9,2,q4-ridge-fold-2,True
附件一（训练集）.xlsx|材料4|233,材料4|50|正弦波|48|-10,2,q4-ridge-fold-2,True
附件一（训练集）.xlsx|材料2|1534,材料2|50|三角波|52|-15,0,q4-ridge-fold-0,True
附件一（训练集）.xlsx|材料1|377,材料1|50|正弦波|49|-9,1,q4-ridge-fold-1,True
附件一（训练集）.xlsx|材料3|1699,材料3|70|三角波|49|-12,2,q4-ridge-fold-2,True
附件一（训练集）.xlsx|材料4|1420,材料4|70|三角波|47|-9,2,q4-ridge-fold-2,True
附件一（训练集）.xlsx|材料3|2141,材料3|25|梯形波|52|-9,1,q4-ridge-fold-1,True
附件一（训练集）.xlsx|材料1|2650,材料1|50|梯形波|47|-7,3,q4-ridge-fold-3,True
附件一（训练集）.xlsx|材料3|2623,材料3|70|梯形波|46|-13,4,q4-ridge-fold-4,True
附件一（训练集）.xlsx|材料3|2510,材料3|50|梯形波|49|-11,1,q4-ridge-fold-1,True
附件一（训练集）.xlsx|材料2|2255,材料2|25|梯形波|55|-20,4,q4-ridge-fold-4,True
附件一（训练集）.xlsx|材料3|432,材料3|70|正弦波|47|-15,1,q4-ridge-fold-1,True
附件一（训练集）.xlsx|材料1|1158,材料1|25|三角波|52|-19,3,q4-ridge-fold-3,True
附件一（训练集）.xlsx|材料1|3153,材料1|90|三角波|55|-8,1,q4-ridge-fold-1,True
附件一（训练集）.xlsx|材料2|2940,材料2|90|梯形波|49|-6,4,q4-ridge-fold-4,True
附件一（训练集）.xlsx|材料4|2318,材料4|50|梯形波|49|-7,3,q4-ridge-fold-3,True
附件一（训练集）.xlsx|材料1|842,材料1|90|正弦波|48|-14,2,q4-ridge-fold-2,True
附件一（训练集）.xlsx|材料4|284,材料4|50|正弦波|50|-10,1,q4-ridge-fold-1,True
附件一（训练集）.xlsx|材料3|2855,材料3|70|梯形波|54|-11,4,q4-ridge-fold-4,True
附件一（训练集）.xlsx|材料3|276,材料3|90|正弦波|49|-14,4,q4-ridge-fold-4,True
附件一（训练集）.xlsx|材料4|502,材料4|70|正弦波|50|-9,0,q4-ridge-fold-0,True
附件一（训练集）.xlsx|材料3|684,材料3|70|正弦波|49|-8,1,q4-ridge-fold-1,True
附件一（训练集）.xlsx|材料3|2155,材料3|25|梯形波|54|-10,2,q4-ridge-fold-2,True
附件一（训练集）.xlsx|材料3|2139,材料3|25|梯形波|52|-11,2,q4-ridge-fold-2,True
附件一（训练集）.xlsx|材料2|2234,材料2|25|梯形波|52|-8,4,q4-ridge-fold-4,True
附件一（训练集）.xlsx|材料3|305,材料3|90|正弦波|53|-17,0,q4-ridge-fold-0,True
附件一（训练集）.xlsx|材料4|497,材料4|70|正弦波|50|-13,3,q4-ridge-fold-3,True
附件一（训练集）.xlsx|材料1|1623,材料1|50|三角波|47|-12,0,q4-ridge-fold-0,True
附件一（训练集）.xlsx|材料1|3283,材料1|90|梯形波|52|-17,1,q4-ridge-fold-1,True
附件一（训练集）.xlsx|材料3|3083,材料3|90|梯形波|55|-14,2,q4-ridge-fold-2,True
附件一（训练集）.xlsx|材料1|2127,材料1|90|三角波|52|-14,1,q4-ridge-fold-1,True
附件一（训练集）.xlsx|材料3|48,材料3|25|正弦波|52|-11,2,q4-ridge-fold-2,True
附件一（训练集）.xlsx|材料1|2320,材料1|25|三角波|55|-16,4,q4-ridge-fold-4,True
附件一（训练集）.xlsx|材料4|1024,材料4|25|三角波|54|-14,4,q4-ridge-fold-4,True
附件一（训练集）.xlsx|材料3|2649,材料3|70|梯形波|51|-13,2,q4-ridge-fold-2,True
附件一（训练集）.xlsx|材料4|389,材料4|50|正弦波|55|-19,4,q4-ridge-fold-4,True
附件一（训练集）.xlsx|材料2|1714,材料2|70|三角波|50|-8,1,q4-ridge-fold-1,True
附件一（训练集）.xlsx|材料4|642,材料4|90|正弦波|47|-12,4,q4-ridge-fold-4,True
附件一（训练集）.xlsx|材料3|255,材料3|90|正弦波|47|-15,3,q4-ridge-fold-3,True
附件一（训练集）.xlsx|材料3|1274,材料3|50|三角波|51|-16,2,q4-ridge-fold-2,True
附件一（训练集）.xlsx|材料3|1024,材料3|25|三角波|52|-17,2,q4-ridge-fold-2,True
附件一（训练集）.xlsx|材料3|2953,材料3|90|梯形波|51|-15,4,q4-ridge-fold-4,True
附件一（训练集）.xlsx|材料1|1857,材料1|70|三角波|54|-11,3,q4-ridge-fold-3,True
附件一（训练集）.xlsx|材料3|667,材料3|70|正弦波|47|-8,2,q4-ridge-fold-2,True
附件一（训练集）.xlsx|材料1|1113,材料1|25|三角波|50|-11,4,q4-ridge-fold-4,True
附件一（训练集）.xlsx|材料1|210,材料1|25|正弦波|52|-19,2,q4-ridge-fold-2,True
附件一（训练集）.xlsx|材料4|441,材料4|70|正弦波|47|-10,4,q4-ridge-fold-4,True
附件一（训练集）.xlsx|材料4|2287,材料4|50|梯形波|48|-9,4,q4-ridge-fold-4,True
附件一（训练集）.xlsx|材料3|362,材料3|70|正弦波|52|-18,2,q4-ridge-fold-2,True
附件一（训练集）.xlsx|材料2|2169,材料2|25|梯形波|54|-13,3,q4-ridge-fold-3,True
附件一（训练集）.xlsx|材料1|234,材料1|25|正弦波|53|-14,2,q4-ridge-fold-2,True
附件一（训练集）.xlsx|材料1|931,材料1|90|正弦波|50|-14,0,q4-ridge-fold-0,True
附件一（训练集）.xlsx|材料1|31,材料1|25|正弦波|47|-6,0,q4-ridge-fold-0,True
附件一（训练集）.xlsx|材料3|155,材料3|50|正弦波|55|-20,3,q4-ridge-fold-3,True
附件一（训练集）.xlsx|材料4|1665,材料4|70|三角波|50|-17,1,q4-ridge-fold-1,True
附件一（训练集）.xlsx|材料4|2592,材料4|90|三角波|52|-15,4,q4-ridge-fold-4,True
附件一（训练集）.xlsx|材料1|3368,材料1|90|梯形波|54|-11,4,q4-ridge-fold-4,True
附件一（训练集）.xlsx|材料3|1664,材料3|70|三角波|54|-12,3,q4-ridge-fold-3,True
附件一（训练集）.xlsx|材料3|75,材料3|25|正弦波|55|-13,0,q4-ridge-fold-0,True
附件一（训练集）.xlsx|材料1|3196,材料1|90|梯形波|48|-14,0,q4-ridge-fold-0,True
附件一（训练集）.xlsx|材料3|518,材料3|25|正弦波|49|-9,2,q4-ridge-fold-2,True
附件一（训练集）.xlsx|材料1|894,材料1|90|正弦波|49|-13,1,q4-ridge-fold-1,True
附件一（训练集）.xlsx|材料2|1702,材料2|70|三角波|49|-6,2,q4-ridge-fold-2,True
附件一（训练集）.xlsx|材料4|1078,材料4|25|三角波|56|-16,1,q4-ridge-fold-1,True
附件一（训练集）.xlsx|材料4|1676,材料4|90|三角波|47|-10,3,q4-ridge-fold-3,True
附件一（训练集）.xlsx|材料2|2073,材料2|25|梯形波|49|-16,3,q4-ridge-fold-3,True
附件一（训练集）.xlsx|材料2|2354,材料2|50|梯形波|46|-12,2,q4-ridge-fold-2,True
附件一（训练集）.xlsx|材料3|437,材料3|50|正弦波|52|-19,2,q4-ridge-fold-2,True
附件一（训练集）.xlsx|材料4|546,材料4|70|正弦波|52|-15,2,q4-ridge-fold-2,True
附件一（训练集）.xlsx|材料2|1775,材料2|70|三角波|50|-14,4,q4-ridge-fold-4,True
附件一（训练集）.xlsx|材料1|1096,材料1|25|三角波|48|-6,3,q4-ridge-fold-3,True
附件一（训练集）.xlsx|材料4|1003,材料4|25|三角波|53|-18,0,q4-ridge-fold-0,True
附件一（训练集）.xlsx|材料3|1768,材料3|90|三角波|52|-12,3,q4-ridge-fold-3,True
附件一（训练集）.xlsx|材料1|2065,材料1|90|三角波|51|-14,0,q4-ridge-fold-0,True
附件一（训练集）.xlsx|材料1|2017,材料1|90|三角波|47|-7,2,q4-ridge-fold-2,True
附件一（训练集）.xlsx|材料1|3080,材料1|70|梯形波|53|-11,1,q4-ridge-fold-1,True
附件一（训练集）.xlsx|材料4|75,材料4|25|正弦波|50|-15,3,q4-ridge-fold-3,True
附件一（训练集）.xlsx|材料1|277,材料1|50|正弦波|46|-14,1,q4-ridge-fold-1,True
附件一（训练集）.xlsx|材料3|3108,材料3|90|梯形波|46|-10,4,q4-ridge-fold-4,True
附件一（训练集）.xlsx|材料3|3069,材料3|90|梯形波|54|-18,3,q4-ridge-fold-3,True
附件一（训练集）.xlsx|材料4|677,材料4|90|正弦波|49|-10,0,q4-ridge-fold-0,True
附件一（训练集）.xlsx|材料3|1536,材料3|70|三角波|55|-20,4,q4-ridge-fold-4,True
附件一（训练集）.xlsx|材料3|182,材料3|70|正弦波|47|-12,1,q4-ridge-fold-1,True
附件一（训练集）.xlsx|材料4|385,材料4|50|正弦波|55|-17,4,q4-ridge-fold-4,True
附件一（训练集）.xlsx|材料3|2059,材料3|25|梯形波|52|-13,4,q4-ridge-fold-4,True
附件一（训练集）.xlsx|材料4|10,材料4|25|正弦波|47|-17,3,q4-ridge-fold-3,True
附件一（训练集）.xlsx|材料2|2200,材料2|25|梯形波|46|-10,4,q4-ridge-fold-4,True
附件一（训练集）.xlsx|材料1|63,材料1|25|正弦波|48|-10,2,q4-ridge-fold-2,True
附件一（训练集）.xlsx|材料1|2226,材料1|90|三角波|55|-13,4,q4-ridge-fold-4,True
附件一（训练集）.xlsx|材料4|2799,材料4|90|梯形波|52|-14,0,q4-ridge-fold-0,True
附件一（训练集）.xlsx|材料3|20,材料3|25|正弦波|49|-18,3,q4-ridge-fold-3,True
附件一（训练集）.xlsx|材料3|2203,材料3|25|梯形波|49|-10,1,q4-ridge-fold-1,True
附件一（训练集）.xlsx|材料2|751,材料2|70|正弦波|55|-17,0,q4-ridge-fold-0,True
附件一（训练集）.xlsx|材料3|942,材料3|70|正弦波|55|-16,0,q4-ridge-fold-0,True
附件一（训练集）.xlsx|材料2|1507,材料2|50|三角波|56|-13,3,q4-ridge-fold-3,True
附件一（训练集）.xlsx|材料1|590,材料1|70|正弦波|48|-8,1,q4-ridge-fold-1,True
附件一（训练集）.xlsx|材料2|35,材料2|25|正弦波|50|-17,4,q4-ridge-fold-4,True
附件一（训练集）.xlsx|材料4|1671,材料4|70|三角波|50|-11,1,q4-ridge-fold-1,True
附件一（训练集）.xlsx|材料1|980,材料1|90|正弦波|52|-17,4,q4-ridge-fold-4,True
附件一（训练集）.xlsx|材料3|671,材料3|70|正弦波|49|-13,4,q4-ridge-fold-4,True
附件一（训练集）.xlsx|材料1|1886,材料1|70|三角波|55|-13,3,q4-ridge-fold-3,True
附件一（训练集）.xlsx|材料2|2799,材料2|90|梯形波|51|-11,1,q4-ridge-fold-1,True
附件一（训练集）.xlsx|材料2|1652,材料2|70|三角波|52|-18,1,q4-ridge-fold-1,True
附件一（训练集）.xlsx|材料2|386,材料2|70|正弦波|47|-7,2,q4-ridge-fold-2,True
附件一（训练集）.xlsx|材料4|1939,材料4|25|三角波|49|-14,2,q4-ridge-fold-2,True
附件一（训练集）.xlsx|材料3|1299,材料3|50|三角波|54|-11,0,q4-ridge-fold-0,True
附件一（训练集）.xlsx|材料1|1184,材料1|25|三角波|52|-17,2,q4-ridge-fold-2,True
附件一（训练集）.xlsx|材料2|1651,材料2|70|三角波|52|-7,4,q4-ridge-fold-4,True
附件一（训练集）.xlsx|材料2|2579,材料2|70|梯形波|55|-19,4,q4-ridge-fold-4,True
附件一（训练集）.xlsx|材料3|3193,材料3|90|梯形波|56|-12,1,q4-ridge-fold-1,True
附件一（训练集）.xlsx|材料2|4,材料2|25|正弦波|46|-14,0,q4-ridge-fold-0,True
附件一（训练集）.xlsx|材料2|2472,材料2|50|梯形波|52|-7,4,q4-ridge-fold-4,True
附件一（训练集）.xlsx|材料4|2402,材料4|70|三角波|55|-17,4,q4-ridge-fold-4,True
附件一（训练集）.xlsx|材料2|2841,材料2|90|梯形波|55|-11,0,q4-ridge-fold-0,True
附件一（训练集）.xlsx|材料1|2909,材料1|70|梯形波|47|-11,4,q4-ridge-fold-4,True
附件一（训练集）.xlsx|材料3|2798,材料3|70|梯形波|46|-6,1,q4-ridge-fold-1,True
附件一（训练集）.xlsx|材料1|1634,材料1|50|三角波|47|-6,4,q4-ridge-fold-4,True
附件一（训练集）.xlsx|材料3|1155,材料3|25|三角波|49|-8,0,q4-ridge-fold-0,True
附件一（训练集）.xlsx|材料4|2194,材料4|50|三角波|55|-15,2,q4-ridge-fold-2,True
附件一（训练集）.xlsx|材料4|2007,材料4|25|三角波|55|-11,0,q4-ridge-fold-0,True
附件一（训练集）.xlsx|材料4|2730,材料4|90|梯形波|51|-19,1,q4-ridge-fold-1,True
附件一（训练集）.xlsx|材料2|2546,材料2|70|梯形波|51|-13,4,q4-ridge-fold-4,True
附件一（训练集）.xlsx|材料3|1964,材料3|90|三角波|49|-14,0,q4-ridge-fold-0,True
附件一（训练集）.xlsx|材料2|2415,材料2|50|梯形波|55|-18,1,q4-ridge-fold-1,True
附件一（训练集）.xlsx|材料4|393,材料4|50|正弦波|55|-18,2,q4-ridge-fold-2,True
附件一（训练集）.xlsx|材料3|2535,材料3|50|梯形波|52|-14,2,q4-ridge-fold-2,True
附件一（训练集）.xlsx|材料2|212,材料2|70|正弦波|49|-8,2,q4-ridge-fold-2,True
附件一（训练集）.xlsx|材料2|2800,材料2|90|梯形波|51|-8,4,q4-ridge-fold-4,True
附件一（训练集）.xlsx|材料4|1320,材料4|50|三角波|55|-16,0,q4-ridge-fold-0,True
附件一（训练集）.xlsx|材料1|2610,材料1|50|三角波|55|-10,4,q4-ridge-fold-4,True
附件一（训练集）.xlsx|材料2|1945,材料2|90|三角波|52|-6,1,q4-ridge-fold-1,True
附件一（训练集）.xlsx|材料3|2828,材料3|70|梯形波|52|-17,3,q4-ridge-fold-3,True
附件一（训练集）.xlsx|材料4|681,材料4|90|正弦波|49|-19,4,q4-ridge-fold-4,True
附件一（训练集）.xlsx|材料1|1240,材料1|25|三角波|54|-15,0,q4-ridge-fold-0,True
附件一（训练集）.xlsx|材料3|33,材料3|25|正弦波|49|-8,4,q4-ridge-fold-4,True
附件一（训练集）.xlsx|材料3|853,材料3|25|正弦波|47|-17,0,q4-ridge-fold-0,True
附件一（训练集）.xlsx|材料4|205,材料4|50|正弦波|47|-15,3,q4-ridge-fold-3,True
附件一（训练集）.xlsx|材料1|299,材料1|50|正弦波|47|-7,2,q4-ridge-fold-2,True
附件一（训练集）.xlsx|材料3|932,材料3|90|正弦波|47|-11,0,q4-ridge-fold-0,True
附件一（训练集）.xlsx|材料3|2032,材料3|25|梯形波|48|-9,1,q4-ridge-fold-1,True
附件一（训练集）.xlsx|材料1|1825,材料1|70|三角波|53|-17,4,q4-ridge-fold-4,True
附件一（训练集）.xlsx|材料2|1785,材料2|70|三角波|52|-8,0,q4-ridge-fold-0,True
附件一（训练集）.xlsx|材料4|2383,材料4|70|三角波|52|-18,4,q4-ridge-fold-4,True
附件一（训练集）.xlsx|材料3|2861,材料3|70|梯形波|55|-17,3,q4-ridge-fold-3,True
附件一（训练集）.xlsx|材料1|2530,材料1|25|梯形波|52|-18,1,q4-ridge-fold-1,True
附件一（训练集）.xlsx|材料2|2761,材料2|90|三角波|55|-16,1,q4-ridge-fold-1,True
附件一（训练集）.xlsx|材料3|3101,材料3|90|梯形波|56|-17,0,q4-ridge-fold-0,True
附件一（训练集）.xlsx|材料1|1047,材料1|90|正弦波|54|-15,3,q4-ridge-fold-3,True
附件一（训练集）.xlsx|材料2|723,材料2|70|正弦波|50|-13,4,q4-ridge-fold-4,True
附件一（训练集）.xlsx|材料2|2912,材料2|90|梯形波|56|-16,3,q4-ridge-fold-3,True
附件一（训练集）.xlsx|材料1|2927,材料1|70|梯形波|48|-8,0,q4-ridge-fold-0,True
附件一（训练集）.xlsx|材料4|1823,材料4|90|三角波|55|-20,1,q4-ridge-fold-1,True
附件一（训练集）.xlsx|材料1|1957,材料1|70|三角波|49|-12,2,q4-ridge-fold-2,True
附件一（训练集）.xlsx|材料2|1380,材料2|50|三角波|49|-11,1,q4-ridge-fold-1,True
附件一（训练集）.xlsx|材料3|849,材料3|50|正弦波|52|-9,4,q4-ridge-fold-4,True
附件一（训练集）.xlsx|材料4|817,材料4|90|正弦波|55|-19,1,q4-ridge-fold-1,True
附件一（训练集）.xlsx|材料2|1484,材料2|50|三角波|54|-10,4,q4-ridge-fold-4,True
附件一（训练集）.xlsx|材料2|544,材料2|25|正弦波|50|-17,4,q4-ridge-fold-4,True
附件一（训练集）.xlsx|材料1|2195,材料1|90|三角波|55|-14,0,q4-ridge-fold-0,True
附件一（训练集）.xlsx|材料4|2550,材料4|70|梯形波|51|-9,3,q4-ridge-fold-3,True
附件一（训练集）.xlsx|材料1|1554,材料1|50|三角波|54|-14,3,q4-ridge-fold-3,True
附件一（训练集）.xlsx|材料2|1480,材料2|50|三角波|54|-17,0,q4-ridge-fold-0,True
附件一（训练集）.xlsx|材料1|484,材料1|50|正弦波|52|-9,1,q4-ridge-fold-1,True
附件一（训练集）.xlsx|材料1|3258,材料1|90|梯形波|51|-13,1,q4-ridge-fold-1,True
附件一（训练集）.xlsx|材料2|2202,材料2|25|梯形波|46|-7,3,q4-ridge-fold-3,True
附件一（训练集）.xlsx|材料4|368,材料4|50|正弦波|53|-16,1,q4-ridge-fold-1,True
附件一（训练集）.xlsx|材料4|2538,材料4|70|梯形波|50|-8,2,q4-ridge-fold-2,True
附件一（训练集）.xlsx|材料1|1433,材料1|50|三角波|51|-14,2,q4-ridge-fold-2,True
附件一（训练集）.xlsx|材料2|1601,材料2|70|三角波|54|-16,1,q4-ridge-fold-1,True
附件一（训练集）.xlsx|材料3|1496,材料3|50|三角波|55|-19,1,q4-ridge-fold-1,True
附件一（训练集）.xlsx|材料4|1123,材料4|25|三角波|49|-15,0,q4-ridge-fold-0,True
附件一（训练集）.xlsx|材料1|607,材料1|70|正弦波|49|-16,4,q4-ridge-fold-4,True
附件一（训练集）.xlsx|材料2|2421,材料2|50|梯形波|55|-10,3,q4-ridge-fold-3,True
附件一（训练集）.xlsx|材料1|2422,材料1|25|梯形波|49|-12,1,q4-ridge-fold-1,True
附件一（训练集）.xlsx|材料3|2558,材料3|50|梯形波|54|-8,4,q4-ridge-fold-4,True
附件一（训练集）.xlsx|材料3|1740,材料3|70|三角波|56|-19,4,q4-ridge-fold-4,True
附件一（训练集）.xlsx|材料3|950,材料3|70|正弦波|50|-17,0,q4-ridge-fold-0,True
附件一（训练集）.xlsx|材料2|2164,材料2|25|梯形波|54|-19,0,q4-ridge-fold-0,True
附件一（训练集）.xlsx|材料4|2339,材料4|50|梯形波|50|-16,1,q4-ridge-fold-1,True
附件一（训练集）.xlsx|材料3|2402,材料3|50|梯形波|46|-11,4,q4-ridge-fold-4,True
附件一（训练集）.xlsx|材料4|1904,材料4|90|三角波|49|-12,0,q4-ridge-fold-0,True
附件一（训练集）.xlsx|材料2|2962,材料2|90|梯形波|54|-19,1,q4-ridge-fold-1,True
附件一（训练集）.xlsx|材料2|2585,材料2|70|梯形波|55|-10,2,q4-ridge-fold-2,True
附件一（训练集）.xlsx|材料2|2717,材料2|70|梯形波|52|-13,4,q4-ridge-fold-4,True
附件一（训练集）.xlsx|材料1|1120,材料1|25|三角波|51|-18,4,q4-ridge-fold-4,True
附件一（训练集）.xlsx|材料1|3216,材料1|90|梯形波|49|-8,2,q4-ridge-fold-2,True
附件一（训练集）.xlsx|材料3|947,材料3|70|正弦波|55|-19,1,q4-ridge-fold-1,True
附件一（训练集）.xlsx|材料4|2758,材料4|90|梯形波|51|-10,3,q4-ridge-fold-3,True
附件一（训练集）.xlsx|材料1|1769,材料1|70|三角波|52|-14,2,q4-ridge-fold-2,True
附件一（训练集）.xlsx|材料2|1301,材料2|25|三角波|52|-11,2,q4-ridge-fold-2,True
附件一（训练集）.xlsx|材料1|390,材料1|50|正弦波|50|-14,2,q4-ridge-fold-2,True
附件一（训练集）.xlsx|材料4|359,材料4|50|正弦波|53|-16,1,q4-ridge-fold-1,True
附件一（训练集）.xlsx|材料2|2455,材料2|50|梯形波|51|-6,1,q4-ridge-fold-1,True
附件一（训练集）.xlsx|材料3|2700,材料3|70|梯形波|46|-8,4,q4-ridge-fold-4,True
附件一（训练集）.xlsx|材料1|148,材料1|25|正弦波|50|-16,0,q4-ridge-fold-0,True
附件一（训练集）.xlsx|材料2|546,材料2|25|正弦波|50|-13,1,q4-ridge-fold-1,True
附件一（训练集）.xlsx|材料1|3249,材料1|90|梯形波|50|-7,0,q4-ridge-fold-0,True
附件一（训练集）.xlsx|材料2|1378,材料2|50|三角波|56|-15,3,q4-ridge-fold-3,True
附件一（训练集）.xlsx|材料2|2279,材料2|50|三角波|55|-11,1,q4-ridge-fold-1,True
附件一（训练集）.xlsx|材料2|531,材料2|25|正弦波|49|-9,1,q4-ridge-fold-1,True
附件一（训练集）.xlsx|材料4|1761,材料4|90|三角波|52|-17,1,q4-ridge-fold-1,True
附件一（训练集）.xlsx|材料1|3342,材料1|90|梯形波|53|-17,4,q4-ridge-fold-4,True
附件一（训练集）.xlsx|材料3|1571,材料3|70|三角波|49|-9,3,q4-ridge-fold-3,True
附件一（训练集）.xlsx|材料1|971,材料1|90|正弦波|52|-10,3,q4-ridge-fold-3,True
附件一（训练集）.xlsx|材料3|3181,材料3|90|梯形波|55|-13,0,q4-ridge-fold-0,True
附件一（训练集）.xlsx|材料4|2664,材料4|90|梯形波|48|-15,0,q4-ridge-fold-0,True
附件一（训练集）.xlsx|材料1|75,材料1|25|正弦波|49|-14,4,q4-ridge-fold-4,True
附件一（训练集）.xlsx|材料4|2643,材料4|90|三角波|55|-11,3,q4-ridge-fold-3,True
附件一（训练集）.xlsx|材料3|1470,材料3|50|三角波|50|-8,2,q4-ridge-fold-2,True
附件一（训练集）.xlsx|材料3|632,材料3|50|正弦波|53|-17,4,q4-ridge-fold-4,True
附件一（训练集）.xlsx|材料2|1692,材料2|70|三角波|48|-12,4,q4-ridge-fold-4,True
附件一（训练集）.xlsx|材料4|2544,材料4|70|梯形波|51|-16,3,q4-ridge-fold-3,True
附件一（训练集）.xlsx|材料1|966,材料1|90|正弦波|52|-13,4,q4-ridge-fold-4,True
附件一（训练集）.xlsx|材料1|799,材料1|90|正弦波|46|-12,3,q4-ridge-fold-3,True
附件一（训练集）.xlsx|材料4|52,材料4|25|正弦波|49|-18,4,q4-ridge-fold-4,True
附件一（训练集）.xlsx|材料1|2479,材料1|25|梯形波|51|-15,1,q4-ridge-fold-1,True
附件一（训练集）.xlsx|材料4|2324,材料4|50|梯形波|49|-15,2,q4-ridge-fold-2,True
附件一（训练集）.xlsx|材料1|2395,材料1|25|梯形波|48|-13,4,q4-ridge-fold-4,True
附件一（训练集）.xlsx|材料4|1810,材料4|90|三角波|55|-17,2,q4-ridge-fold-2,True
附件一（训练集）.xlsx|材料3|1069,材料3|25|三角波|49|-8,0,q4-ridge-fold-0,True
附件一（训练集）.xlsx|材料3|2112,材料3|25|梯形波|49|-11,1,q4-ridge-fold-1,True
附件一（训练集）.xlsx|材料1|2408,材料1|25|梯形波|48|-13,4,q4-ridge-fold-4,True
附件一（训练集）.xlsx|材料3|492,材料3|70|正弦波|53|-20,1,q4-ridge-fold-1,True
附件一（训练集）.xlsx|材料1|1518,材料1|50|三角波|53|-13,4,q4-ridge-fold-4,True
附件一（训练集）.xlsx|材料1|804,材料1|90|正弦波|46|-9,3,q4-ridge-fold-3,True
附件一（训练集）.xlsx|材料1|1707,材料1|70|三角波|48|-16,3,q4-ridge-fold-3,True
附件一（训练集）.xlsx|材料1|1536,材料1|50|三角波|54|-12,2,q4-ridge-fold-2,True
附件一（训练集）.xlsx|材料1|463,材料1|50|正弦波|52|-13,0,q4-ridge-fold-0,True
附件一（训练集）.xlsx|材料4|788,材料4|90|正弦波|53|-15,0,q4-ridge-fold-0,True
附件一（训练集）.xlsx|材料2|2022,材料2|90|三角波|54|-13,1,q4-ridge-fold-1,True
附件一（训练集）.xlsx|材料3|1385,材料3|50|三角波|49|-14,0,q4-ridge-fold-0,True
附件一（训练集）.xlsx|材料4|2575,材料4|70|梯形波|52|-9,0,q4-ridge-fold-0,True
附件一（训练集）.xlsx|材料3|2905,材料3|90|三角波|55|-17,0,q4-ridge-fold-0,True
附件一（训练集）.xlsx|材料1|2426,材料1|25|梯形波|49|-9,0,q4-ridge-fold-0,True
附件一（训练集）.xlsx|材料3|1067,材料3|25|三角波|48|-14,1,q4-ridge-fold-1,True
附件一（训练集）.xlsx|材料3|1001,材料3|25|正弦波|50|-9,2,q4-ridge-fold-2,True
附件一（训练集）.xlsx|材料3|709,材料3|70|正弦波|53|-17,1,q4-ridge-fold-1,True
附件一（训练集）.xlsx|材料4|2120,材料4|25|梯形波|48|-17,0,q4-ridge-fold-0,True
附件一（训练集）.xlsx|材料3|2820,材料3|70|梯形波|51|-14,2,q4-ridge-fold-2,True
附件一（训练集）.xlsx|材料3|461,材料3|25|正弦波|52|-14,0,q4-ridge-fold-0,True
附件一（训练集）.xlsx|材料2|2132,材料2|25|梯形波|48|-11,0,q4-ridge-fold-0,True
附件一（训练集）.xlsx|材料2|444,材料2|50|正弦波|49|-8,4,q4-ridge-fold-4,True
附件一（训练集）.xlsx|材料2|1461,材料2|50|三角波|51|-14,0,q4-ridge-fold-0,True
附件一（训练集）.xlsx|材料2|1780,材料2|70|三角波|52|-16,2,q4-ridge-fold-2,True
附件一（训练集）.xlsx|材料2|36,材料2|25|正弦波|50|-16,2,q4-ridge-fold-2,True
附件一（训练集）.xlsx|材料2|1256,材料2|25|三角波|55|-9,2,q4-ridge-fold-2,True
附件一（训练集）.xlsx|材料3|2678,材料3|70|梯形波|54|-10,3,q4-ridge-fold-3,True
附件一（训练集）.xlsx|材料3|1432,材料3|50|三角波|55|-21,0,q4-ridge-fold-0,True
附件一（训练集）.xlsx|材料1|3374,材料1|90|梯形波|54|-18,0,q4-ridge-fold-0,True
附件一（训练集）.xlsx|材料3|2129,材料3|25|梯形波|51|-10,0,q4-ridge-fold-0,True
附件一（训练集）.xlsx|材料1|255,材料1|25|正弦波|53|-12,4,q4-ridge-fold-4,True
附件一（训练集）.xlsx|材料1|3188,材料1|90|梯形波|48|-12,3,q4-ridge-fold-3,True
附件一（训练集）.xlsx|材料2|2430,材料2|50|梯形波|46|-11,3,q4-ridge-fold-3,True
附件一（训练集）.xlsx|材料1|877,材料1|90|正弦波|49|-13,1,q4-ridge-fold-1,True
附件一（训练集）.xlsx|材料4|1569,材料4|70|三角波|55|-17,4,q4-ridge-fold-4,True
附件一（训练集）.xlsx|材料1|582,材料1|70|正弦波|48|-15,3,q4-ridge-fold-3,True
附件一（训练集）.xlsx|材料2|1598,材料2|70|三角波|54|-19,3,q4-ridge-fold-3,True
附件一（训练集）.xlsx|材料3|2683,材料3|70|梯形波|55|-16,0,q4-ridge-fold-0,True
附件一（训练集）.xlsx|材料4|2463,材料4|70|梯形波|46|-10,1,q4-ridge-fold-1,True
附件一（训练集）.xlsx|材料3|357,材料3|70|正弦波|55|-12,4,q4-ridge-fold-4,True
附件一（训练集）.xlsx|材料4|1335,材料4|50|三角波|47|-10,1,q4-ridge-fold-1,True
附件一（训练集）.xlsx|材料4|153,材料4|25|正弦波|53|-14,1,q4-ridge-fold-1,True
附件一（训练集）.xlsx|材料1|1696,材料1|50|三角波|50|-14,2,q4-ridge-fold-2,True
附件一（训练集）.xlsx|材料3|1453,材料3|50|三角波|49|-12,0,q4-ridge-fold-0,True
附件一（训练集）.xlsx|材料1|1598,材料1|50|三角波|55|-17,2,q4-ridge-fold-2,True
附件一（训练集）.xlsx|材料3|1590,材料3|70|三角波|52|-13,2,q4-ridge-fold-2,True
附件一（训练集）.xlsx|材料2|504,材料2|90|正弦波|50|-18,2,q4-ridge-fold-2,True
附件一（训练集）.xlsx|材料1|398,材料1|50|正弦波|50|-10,0,q4-ridge-fold-0,True
附件一（训练集）.xlsx|材料3|2665,材料3|70|梯形波|52|-17,3,q4-ridge-fold-3,True
附件一（训练集）.xlsx|材料2|2720,材料2|70|梯形波|52|-10,3,q4-ridge-fold-3,True
附件一（训练集）.xlsx|材料1|173,材料1|25|正弦波|52|-19,2,q4-ridge-fold-2,True
附件一（训练集）.xlsx|材料2|59,材料2|25|正弦波|52|-16,3,q4-ridge-fold-3,True
附件一（训练集）.xlsx|材料1|625,材料1|70|正弦波|49|-12,3,q4-ridge-fold-3,True
附件一（训练集）.xlsx|材料2|505,材料2|90|正弦波|49|-8,0,q4-ridge-fold-0,True
附件一（训练集）.xlsx|材料1|2983,材料1|70|梯形波|50|-8,1,q4-ridge-fold-1,True
附件一（训练集）.xlsx|材料3|529,材料3|25|正弦波|52|-15,1,q4-ridge-fold-1,True
附件一（训练集）.xlsx|材料2|2937,材料2|90|梯形波|49|-11,1,q4-ridge-fold-1,True
附件一（训练集）.xlsx|材料2|323,材料2|90|正弦波|52|-20,4,q4-ridge-fold-4,True
附件一（训练集）.xlsx|材料1|969,材料1|90|正弦波|52|-11,1,q4-ridge-fold-1,True
附件一（训练集）.xlsx|材料3|3128,材料3|90|梯形波|49|-11,4,q4-ridge-fold-4,True
附件一（训练集）.xlsx|材料3|1437,材料3|50|三角波|55|-13,4,q4-ridge-fold-4,True
附件一（训练集）.xlsx|材料3|616,材料3|50|正弦波|52|-11,1,q4-ridge-fold-1,True
附件一（训练集）.xlsx|材料2|160,材料2|50|正弦波|53|-12,2,q4-ridge-fold-2,True
附件一（训练集）.xlsx|材料4|2599,材料4|90|三角波|55|-16,3,q4-ridge-fold-3,True
附件一（训练集）.xlsx|材料2|2351,材料2|50|梯形波|55|-13,1,q4-ridge-fold-1,True
附件一（训练集）.xlsx|材料3|2188,材料3|25|梯形波|46|-8,1,q4-ridge-fold-1,True
附件一（训练集）.xlsx|材料4|396,材料4|50|正弦波|55|-14,3,q4-ridge-fold-3,True
附件一（训练集）.xlsx|材料1|3028,材料1|70|梯形波|52|-9,0,q4-ridge-fold-0,True
附件一（训练集）.xlsx|材料1|1443,材料1|50|三角波|51|-8,0,q4-ridge-fold-0,True
附件一（训练集）.xlsx|材料2|664,材料2|50|正弦波|55|-20,3,q4-ridge-fold-3,True
附件一（训练集）.xlsx|材料2|2852,材料2|90|梯形波|49|-13,4,q4-ridge-fold-4,True
附件一（训练集）.xlsx|材料4|820,材料4|90|正弦波|55|-17,2,q4-ridge-fold-2,True
附件一（训练集）.xlsx|材料1|2554,材料1|25|梯形波|53|-11,3,q4-ridge-fold-3,True
附件一（训练集）.xlsx|材料2|502,材料2|70|正弦波|46|-14,4,q4-ridge-fold-4,True
附件一（训练集）.xlsx|材料4|1591,材料4|70|三角波|47|-11,2,q4-ridge-fold-2,True
附件一（训练集）.xlsx|材料4|2145,材料4|25|梯形波|49|-17,3,q4-ridge-fold-3,True
附件一（训练集）.xlsx|材料1|2145,材料1|90|三角波|53|-16,2,q4-ridge-fold-2,True
附件一（训练集）.xlsx|材料1|2135,材料1|90|三角波|52|-10,3,q4-ridge-fold-3,True
附件一（训练集）.xlsx|材料2|2328,材料2|50|梯形波|52|-17,0,q4-ridge-fold-0,True
附件一（训练集）.xlsx|材料2|885,材料2|70|正弦波|53|-14,1,q4-ridge-fold-1,True
附件一（训练集）.xlsx|材料1|419,材料1|50|正弦波|51|-19,0,q4-ridge-fold-0,True
附件一（训练集）.xlsx|材料1|73,材料1|25|正弦波|49|-15,2,q4-ridge-fold-2,True
附件一（训练集）.xlsx|材料4|1736,材料4|90|三角波|52|-14,4,q4-ridge-fold-4,True
附件一（训练集）.xlsx|材料2|2532,材料2|70|梯形波|48|-13,0,q4-ridge-fold-0,True
附件一（训练集）.xlsx|材料1|632,材料1|70|正弦波|50|-18,4,q4-ridge-fold-4,True
附件一（训练集）.xlsx|材料3|429,材料3|50|正弦波|49|-13,2,q4-ridge-fold-2,True
附件一（训练集）.xlsx|材料1|2680,材料1|50|梯形波|49|-12,2,q4-ridge-fold-2,True
附件一（训练集）.xlsx|材料2|756,材料2|70|正弦波|55|-20,0,q4-ridge-fold-0,True
附件一（训练集）.xlsx|材料3|1574,材料3|70|三角波|51|-11,2,q4-ridge-fold-2,True
附件一（训练集）.xlsx|材料2|404,材料2|50|正弦波|55|-20,3,q4-ridge-fold-3,True
附件一（训练集）.xlsx|材料3|2622,材料3|70|三角波|55|-9,0,q4-ridge-fold-0,True
附件一（训练集）.xlsx|材料3|1384,材料3|50|三角波|48|-8,3,q4-ridge-fold-3,True
附件一（训练集）.xlsx|材料4|136,材料4|25|正弦波|53|-18,2,q4-ridge-fold-2,True
附件一（训练集）.xlsx|材料2|1582,材料2|70|三角波|52|-19,0,q4-ridge-fold-0,True
附件一（训练集）.xlsx|材料4|898,材料4|25|三角波|48|-18,1,q4-ridge-fold-1,True
附件一（训练集）.xlsx|材料2|66,材料2|25|正弦波|53|-19,3,q4-ridge-fold-3,True
附件一（训练集）.xlsx|材料3|2114,材料3|25|梯形波|49|-8,4,q4-ridge-fold-4,True
附件一（训练集）.xlsx|材料2|2734,材料2|70|梯形波|55|-13,3,q4-ridge-fold-3,True
附件一（训练集）.xlsx|材料4|1245,材料4|50|三角波|52|-19,2,q4-ridge-fold-2,True
附件一（训练集）.xlsx|材料2|1446,材料2|50|三角波|48|-9,0,q4-ridge-fold-0,True
附件一（训练集）.xlsx|材料3|1287,材料3|50|三角波|52|-17,0,q4-ridge-fold-0,True
附件一（训练集）.xlsx|材料1|1239,材料1|25|三角波|54|-15,0,q4-ridge-fold-0,True
附件一（训练集）.xlsx|材料2|462,材料2|25|正弦波|49|-18,3,q4-ridge-fold-3,True
附件一（训练集）.xlsx|材料2|978,材料2|90|正弦波|53|-12,4,q4-ridge-fold-4,True
附件一（训练集）.xlsx|材料1|928,材料1|90|正弦波|50|-16,4,q4-ridge-fold-4,True
附件一（训练集）.xlsx|材料1|2285,材料1|90|三角波|49|-12,4,q4-ridge-fold-4,True
附件一（训练集）.xlsx|材料3|2143,材料3|25|梯形波|52|-6,3,q4-ridge-fold-3,True
附件一（训练集）.xlsx|材料1|1340,材料1|25|三角波|48|-14,2,q4-ridge-fold-2,True
附件一（训练集）.xlsx|材料1|668,材料1|70|正弦波|50|-7,1,q4-ridge-fold-1,True
附件一（训练集）.xlsx|材料3|1781,材料3|90|三角波|55|-19,2,q4-ridge-fold-2,True
附件一（训练集）.xlsx|材料4|2079,材料4|25|三角波|55|-16,3,q4-ridge-fold-3,True
附件一（训练集）.xlsx|材料1|2455,材料1|25|梯形波|50|-8,3,q4-ridge-fold-3,True
附件一（训练集）.xlsx|材料1|940,材料1|90|正弦波|50|-8,2,q4-ridge-fold-2,True
附件一（训练集）.xlsx|材料1|892,材料1|90|正弦波|49|-15,1,q4-ridge-fold-1,True
附件一（训练集）.xlsx|材料3|479,材料3|70|正弦波|49|-7,1,q4-ridge-fold-1,True
附件一（训练集）.xlsx|材料2|650,材料2|50|正弦波|52|-16,3,q4-ridge-fold-3,True
附件一（训练集）.xlsx|材料2|1577,材料2|70|三角波|50|-15,2,q4-ridge-fold-2,True
附件一（训练集）.xlsx|材料4|2687,材料4|90|梯形波|48|-8,3,q4-ridge-fold-3,True
附件一（训练集）.xlsx|材料4|1418,材料4|70|三角波|47|-10,1,q4-ridge-fold-1,True
附件一（训练集）.xlsx|材料2|2681,材料2|70|梯形波|48|-9,0,q4-ridge-fold-0,True
附件一（训练集）.xlsx|材料3|2542,材料3|50|梯形波|52|-14,2,q4-ridge-fold-2,True
附件一（训练集）.xlsx|材料1|3306,材料1|90|梯形波|52|-17,1,q4-ridge-fold-1,True
附件一（训练集）.xlsx|材料2|241,材料2|70|正弦波|52|-11,0,q4-ridge-fold-0,True
附件一（训练集）.xlsx|材料3|940,材料3|25|正弦波|52|-16,0,q4-ridge-fold-0,True
附件一（训练集）.xlsx|材料4|682,材料4|90|正弦波|49|-18,0,q4-ridge-fold-0,True
附件一（训练集）.xlsx|材料1|2558,材料1|25|梯形波|53|-9,2,q4-ridge-fold-2,True
附件一（训练集）.xlsx|材料3|2199,材料3|25|梯形波|49|-14,4,q4-ridge-fold-4,True
附件一（训练集）.xlsx|材料3|3066,材料3|90|梯形波|52|-10,0,q4-ridge-fold-0,True
附件一（训练集）.xlsx|材料3|2689,材料3|70|梯形波|55|-21,2,q4-ridge-fold-2,True
附件一（训练集）.xlsx|材料1|990,材料1|90|正弦波|52|-11,1,q4-ridge-fold-1,True
附件一（训练集）.xlsx|材料2|1145,材料2|25|三角波|56|-19,0,q4-ridge-fold-0,True
附件一（训练集）.xlsx|材料1|2029,材料1|90|三角波|48|-11,3,q4-ridge-fold-3,True
附件一（训练集）.xlsx|材料2|1681,材料2|70|三角波|55|-15,0,q4-ridge-fold-0,True
附件一（训练集）.xlsx|材料3|1782,材料3|90|三角波|55|-18,4,q4-ridge-fold-4,True
附件一（训练集）.xlsx|材料4|1650,材料4|70|三角波|49|-14,0,q4-ridge-fold-0,True
附件一（训练集）.xlsx|材料4|1105,材料4|25|三角波|48|-8,2,q4-ridge-fold-2,True
附件一（训练集）.xlsx|材料4|2337,材料4|50|梯形波|50|-18,0,q4-ridge-fold-0,True
附件一（训练集）.xlsx|材料4|1313,材料4|50|三角波|55|-16,0,q4-ridge-fold-0,True
附件一（训练集）.xlsx|材料4|2387,材料4|70|三角波|52|-7,1,q4-ridge-fold-1,True
附件一（训练集）.xlsx|材料1|1727,材料1|70|三角波|50|-18,4,q4-ridge-fold-4,True
附件一（训练集）.xlsx|材料4|590,材料4|70|正弦波|54|-18,3,q4-ridge-fold-3,True
附件一（训练集）.xlsx|材料1|2902,材料1|70|梯形波|46|-8,2,q4-ridge-fold-2,True
附件一（训练集）.xlsx|材料2|2622,材料2|70|梯形波|51|-11,2,q4-ridge-fold-2,True
附件一（训练集）.xlsx|材料2|1958,材料2|90|三角波|54|-11,1,q4-ridge-fold-1,True
附件一（训练集）.xlsx|材料3|2604,材料3|70|三角波|55|-15,2,q4-ridge-fold-2,True
附件一（训练集）.xlsx|材料4|2777,材料4|90|梯形波|52|-20,2,q4-ridge-fold-2,True
附件一（训练集）.xlsx|材料4|562,材料4|70|正弦波|52|-12,0,q4-ridge-fold-0,True
附件一（训练集）.xlsx|材料2|2268,材料2|25|梯形波|56|-13,0,q4-ridge-fold-0,True
附件一（训练集）.xlsx|材料3|3031,材料3|90|梯形波|49|-6,4,q4-ridge-fold-4,True
附件一（训练集）.xlsx|材料2|2382,材料2|50|梯形波|51|-8,3,q4-ridge-fold-3,True
附件一（训练集）.xlsx|材料2|2922,材料2|90|梯形波|48|-10,4,q4-ridge-fold-4,True
附件一（训练集）.xlsx|材料3|1917,材料3|90|三角波|52|-9,3,q4-ridge-fold-3,True
附件一（训练集）.xlsx|材料3|662,材料3|70|正弦波|47|-14,2,q4-ridge-fold-2,True
附件一（训练集）.xlsx|材料2|1990,材料2|90|三角波|49|-10,3,q4-ridge-fold-3,True
附件一（训练集）.xlsx|材料1|2472,材料1|25|梯形波|51|-8,4,q4-ridge-fold-4,True
附件一（训练集）.xlsx|材料4|1968,材料4|25|三角波|52|-7,3,q4-ridge-fold-3,True
附件一（训练集）.xlsx|材料1|3320,材料1|90|梯形波|52|-7,4,q4-ridge-fold-4,True
附件一（训练集）.xlsx|材料3|2657,材料3|70|梯形波|52|-13,4,q4-ridge-fold-4,True
附件一（训练集）.xlsx|材料3|1908,材料3|90|三角波|52|-9,3,q4-ridge-fold-3,True
附件一（训练集）.xlsx|材料2|1472,材料2|50|三角波|52|-15,0,q4-ridge-fold-0,True
附件一（训练集）.xlsx|材料2|2138,材料2|25|梯形波|49|-11,4,q4-ridge-fold-4,True
附件一（训练集）.xlsx|材料1|1451,材料1|50|三角波|52|-16,2,q4-ridge-fold-2,True
附件一（训练集）.xlsx|材料4|1681,材料4|90|三角波|47|-7,0,q4-ridge-fold-0,True
附件一（训练集）.xlsx|材料1|2612,材料1|50|三角波|55|-9,0,q4-ridge-fold-0,True
附件一（训练集）.xlsx|材料3|80,材料3|25|正弦波|55|-16,2,q4-ridge-fold-2,True
附件一（训练集）.xlsx|材料1|2895,材料1|70|三角波|55|-8,2,q4-ridge-fold-2,True
附件一（训练集）.xlsx|材料4|1984,材料4|25|三角波|55|-20,0,q4-ridge-fold-0,True
附件一（训练集）.xlsx|材料3|1948,材料3|90|三角波|56|-19,3,q4-ridge-fold-3,True
附件一（训练集）.xlsx|材料1|3020,材料1|70|梯形波|52|-15,2,q4-ridge-fold-2,True
附件一（训练集）.xlsx|材料3|1461,材料3|50|三角波|49|-9,0,q4-ridge-fold-0,True
附件一（训练集）.xlsx|材料1|2886,材料1|70|三角波|55|-17,3,q4-ridge-fold-3,True
附件一（训练集）.xlsx|材料4|1069,材料4|25|三角波|55|-15,0,q4-ridge-fold-0,True
附件一（训练集）.xlsx|材料1|1644,材料1|50|三角波|48|-8,4,q4-ridge-fold-4,True
附件一（训练集）.xlsx|材料3|2819,材料3|70|梯形波|51|-15,2,q4-ridge-fold-2,True
附件一（训练集）.xlsx|材料2|668,材料2|50|正弦波|55|-16,4,q4-ridge-fold-4,True
附件一（训练集）.xlsx|材料1|2192,材料1|90|三角波|55|-16,1,q4-ridge-fold-1,True
附件一（训练集）.xlsx|材料4|2485,材料4|70|梯形波|48|-13,2,q4-ridge-fold-2,True
附件一（训练集）.xlsx|材料2|518,材料2|25|正弦波|47|-15,4,q4-ridge-fold-4,True
附件一（训练集）.xlsx|材料3|311,材料3|90|正弦波|55|-17,0,q4-ridge-fold-0,True
附件一（训练集）.xlsx|材料1|367,材料1|50|正弦波|49|-14,1,q4-ridge-fold-1,True
附件一（训练集）.xlsx|材料2|138,材料2|50|正弦波|50|-8,2,q4-ridge-fold-2,True
附件一（训练集）.xlsx|材料1|196,材料1|25|正弦波|52|-15,2,q4-ridge-fold-2,True
附件一（训练集）.xlsx|材料1|1728,材料1|70|三角波|50|-17,3,q4-ridge-fold-3,True
附件一（训练集）.xlsx|材料2|963,材料2|25|正弦波|49|-18,3,q4-ridge-fold-3,True
附件一（训练集）.xlsx|材料4|425,材料4|70|正弦波|47|-17,4,q4-ridge-fold-4,True
附件一（训练集）.xlsx|材料2|2370,材料2|50|梯形波|49|-10,4,q4-ridge-fold-4,True
附件一（训练集）.xlsx|材料1|301,材料1|50|正弦波|47|-17,4,q4-ridge-fold-4,True
附件一（训练集）.xlsx|材料3|2433,材料3|50|梯形波|51|-7,0,q4-ridge-fold-0,True
附件一（训练集）.xlsx|材料4|663,材料4|90|正弦波|48|-12,3,q4-ridge-fold-3,True
附件一（训练集）.xlsx|材料1|912,材料1|90|正弦波|50|-14,0,q4-ridge-fold-0,True
附件一（训练集）.xlsx|材料1|2908,材料1|70|梯形波|47|-11,4,q4-ridge-fold-4,True
附件一（训练集）.xlsx|材料2|1922,材料2|90|三角波|49|-7,4,q4-ridge-fold-4,True
附件一（训练集）.xlsx|材料4|2393,材料4|70|三角波|55|-10,3,q4-ridge-fold-3,True
附件一（训练集）.xlsx|材料4|1851,材料4|90|三角波|47|-10,3,q4-ridge-fold-3,True
附件一（训练集）.xlsx|材料4|471,材料4|70|正弦波|49|-15,4,q4-ridge-fold-4,True
附件一（训练集）.xlsx|材料3|1924,材料3|90|三角波|54|-13,2,q4-ridge-fold-2,True
附件一（训练集）.xlsx|材料1|1469,材料1|50|三角波|52|-19,0,q4-ridge-fold-0,True
附件一（训练集）.xlsx|材料3|551,材料3|25|正弦波|55|-20,4,q4-ridge-fold-4,True
附件一（训练集）.xlsx|材料1|2300,材料1|90|三角波|49|-13,3,q4-ridge-fold-3,True
附件一（训练集）.xlsx|材料3|1540,材料3|70|三角波|55|-15,2,q4-ridge-fold-2,True
附件一（训练集）.xlsx|材料2|1191,材料2|25|三角波|54|-11,1,q4-ridge-fold-1,True
附件一（训练集）.xlsx|材料3|2663,材料3|70|梯形波|52|-19,2,q4-ridge-fold-2,True
附件一（训练集）.xlsx|材料2|1221,材料2|25|三角波|49|-14,2,q4-ridge-fold-2,True
附件一（训练集）.xlsx|材料1|1135,材料1|25|三角波|51|-10,0,q4-ridge-fold-0,True
附件一（训练集）.xlsx|材料4|431,材料4|70|正弦波|47|-13,0,q4-ridge-fold-0,True
附件一（训练集）.xlsx|材料1|2177,材料1|90|三角波|54|-19,2,q4-ridge-fold-2,True
附件一（训练集）.xlsx|材料4|1183,材料4|50|三角波|48|-12,0,q4-ridge-fold-0,True
附件一（训练集）.xlsx|材料4|2740,材料4|90|梯形波|51|-13,3,q4-ridge-fold-3,True
附件一（训练集）.xlsx|材料4|2548,材料4|70|梯形波|51|-11,1,q4-ridge-fold-1,True
附件一（训练集）.xlsx|材料1|1293,材料1|25|三角波|55|-14,3,q4-ridge-fold-3,True
附件一（训练集）.xlsx|材料1|1787,材料1|70|三角波|52|-17,0,q4-ridge-fold-0,True
附件一（训练集）.xlsx|材料3|72,材料3|25|正弦波|55|-16,2,q4-ridge-fold-2,True
附件一（训练集）.xlsx|材料2|2443,材料2|50|梯形波|49|-14,3,q4-ridge-fold-3,True
附件一（训练集）.xlsx|材料2|2241,材料2|25|梯形波|52|-9,0,q4-ridge-fold-0,True
附件一（训练集）.xlsx|材料4|482,材料4|70|正弦波|49|-15,4,q4-ridge-fold-4,True
附件一（训练集）.xlsx|材料3|961,材料3|25|正弦波|46|-15,1,q4-ridge-fold-1,True
附件一（训练集）.xlsx|材料3|3004,材料3|90|梯形波|55|-19,0,q4-ridge-fold-0,True
附件一（训练集）.xlsx|材料2|730,材料2|70|正弦波|52|-15,0,q4-ridge-fold-0,True
附件一（训练集）.xlsx|材料1|1901,材料1|70|三角波|55|-13,3,q4-ridge-fold-3,True
附件一（训练集）.xlsx|材料3|2576,材料3|50|梯形波|55|-10,2,q4-ridge-fold-2,True
附件一（训练集）.xlsx|材料1|2246,材料1|90|三角波|47|-10,3,q4-ridge-fold-3,True
附件一（训练集）.xlsx|材料3|744,材料3|90|正弦波|49|-15,0,q4-ridge-fold-0,True
附件一（训练集）.xlsx|材料3|3051,材料3|90|梯形波|52|-17,4,q4-ridge-fold-4,True
附件一（训练集）.xlsx|材料4|1434,材料4|70|三角波|48|-10,1,q4-ridge-fold-1,True
附件一（训练集）.xlsx|材料1|1605,材料1|50|三角波|55|-13,4,q4-ridge-fold-4,True
附件一（训练集）.xlsx|材料2|313,材料2|90|正弦波|52|-17,4,q4-ridge-fold-4,True
附件一（训练集）.xlsx|材料4|1407,材料4|50|三角波|50|-15,1,q4-ridge-fold-1,True
附件一（训练集）.xlsx|材料3|2497,材料3|50|梯形波|46|-12,4,q4-ridge-fold-4,True
附件一（训练集）.xlsx|材料2|2899,材料2|90|梯形波|55|-11,0,q4-ridge-fold-0,True
附件一（训练集）.xlsx|材料2|973,材料2|25|正弦波|47|-9,2,q4-ridge-fold-2,True
附件一（训练集）.xlsx|材料2|2226,材料2|25|梯形波|51|-6,1,q4-ridge-fold-1,True
附件一（训练集）.xlsx|材料4|1370,材料4|50|三角波|49|-16,3,q4-ridge-fold-3,True
附件一（训练集）.xlsx|材料4|219,材料4|50|正弦波|47|-13,2,q4-ridge-fold-2,True
附件一（训练集）.xlsx|材料4|2277,材料4|50|梯形波|47|-8,2,q4-ridge-fold-2,True
附件一（训练集）.xlsx|材料1|1828,材料1|70|三角波|53|-16,1,q4-ridge-fold-1,True
附件一（训练集）.xlsx|材料1|2870,材料1|70|三角波|55|-19,3,q4-ridge-fold-3,True
附件一（训练集）.xlsx|材料1|65,材料1|25|正弦波|48|-9,2,q4-ridge-fold-2,True
附件一（训练集）.xlsx|材料3|2234,材料3|25|梯形波|52|-7,4,q4-ridge-fold-4,True
附件一（训练集）.xlsx|材料2|605,材料2|50|正弦波|47|-15,1,q4-ridge-fold-1,True
附件一（训练集）.xlsx|材料1|521,材料1|50|正弦波|54|-18,2,q4-ridge-fold-2,True
附件一（训练集）.xlsx|材料1|430,材料1|50|正弦波|51|-9,3,q4-ridge-fold-3,True
附件一（训练集）.xlsx|材料2|1308,材料2|25|三角波|52|-12,2,q4-ridge-fold-2,True
附件一（训练集）.xlsx|材料4|1471,材料4|70|三角波|51|-14,1,q4-ridge-fold-1,True
附件一（训练集）.xlsx|材料2|1153,材料2|25|三角波|49|-6,3,q4-ridge-fold-3,True
附件一（训练集）.xlsx|材料3|240,材料3|70|正弦波|55|-13,0,q4-ridge-fold-0,True
附件一（训练集）.xlsx|材料4|566,材料4|70|正弦波|53|-19,3,q4-ridge-fold-3,True
附件一（训练集）.xlsx|材料2|545,材料2|25|正弦波|50|-16,2,q4-ridge-fold-2,True
附件一（训练集）.xlsx|材料4|638,材料4|90|正弦波|47|-16,4,q4-ridge-fold-4,True
附件一（训练集）.xlsx|材料2|798,材料2|90|正弦波|49|-10,4,q4-ridge-fold-4,True
附件一（训练集）.xlsx|材料3|972,材料3|25|正弦波|47|-11,4,q4-ridge-fold-4,True
附件一（训练集）.xlsx|材料3|992,材料3|25|正弦波|49|-7,0,q4-ridge-fold-0,True
附件一（训练集）.xlsx|材料3|3032,材料3|90|梯形波|49|-15,4,q4-ridge-fold-4,True
附件一（训练集）.xlsx|材料1|1830,材料1|70|三角波|53|-15,4,q4-ridge-fold-4,True
附件一（训练集）.xlsx|材料3|2153,材料3|25|梯形波|54|-16,0,q4-ridge-fold-0,True
附件一（训练集）.xlsx|材料1|90,材料1|25|正弦波|49|-16,4,q4-ridge-fold-4,True
附件一（训练集）.xlsx|材料2|1341,材料2|50|三角波|52|-16,0,q4-ridge-fold-0,True
附件一（训练集）.xlsx|材料2|1118,材料2|25|三角波|52|-15,1,q4-ridge-fold-1,True
附件一（训练集）.xlsx|材料1|2628,材料1|50|三角波|55|-11,4,q4-ridge-fold-4,True
附件一（训练集）.xlsx|材料3|591,材料3|50|正弦波|49|-10,3,q4-ridge-fold-3,True
附件一（训练集）.xlsx|材料2|1078,材料2|25|正弦波|53|-17,0,q4-ridge-fold-0,True
附件一（训练集）.xlsx|材料1|488,材料1|50|正弦波|53|-19,1,q4-ridge-fold-1,True
附件一（训练集）.xlsx|材料2|692,材料2|70|正弦波|46|-9,2,q4-ridge-fold-2,True
附件一（训练集）.xlsx|材料3|10,材料3|25|正弦波|47|-17,0,q4-ridge-fold-0,True
附件一（训练集）.xlsx|材料3|1151,材料3|25|三角波|49|-13,3,q4-ridge-fold-3,True
附件一（训练集）.xlsx|材料4|2052,材料4|25|三角波|52|-14,1,q4-ridge-fold-1,True
附件一（训练集）.xlsx|材料1|308,材料1|50|正弦波|47|-11,3,q4-ridge-fold-3,True
附件一（训练集）.xlsx|材料4|1272,材料4|50|三角波|53|-17,0,q4-ridge-fold-0,True
附件一（训练集）.xlsx|材料2|298,材料2|90|正弦波|49|-14,2,q4-ridge-fold-2,True
附件一（训练集）.xlsx|材料1|2110,材料1|90|三角波|52|-13,0,q4-ridge-fold-0,True
附件一（训练集）.xlsx|材料4|354,材料4|50|正弦波|53|-20,0,q4-ridge-fold-0,True
附件一（训练集）.xlsx|材料3|1374,材料3|50|三角波|56|-20,4,q4-ridge-fold-4,True
附件一（训练集）.xlsx|材料4|92,材料4|25|正弦波|50|-13,4,q4-ridge-fold-4,True
附件一（训练集）.xlsx|材料1|2862,材料1|50|梯形波|55|-19,2,q4-ridge-fold-2,True
附件一（训练集）.xlsx|材料2|2463,材料2|50|梯形波|52|-8,4,q4-ridge-fold-4,True
附件一（训练集）.xlsx|材料1|2829,材料1|50|梯形波|54|-19,2,q4-ridge-fold-2,True
附件一（训练集）.xlsx|材料2|661,材料2|50|正弦波|53|-12,2,q4-ridge-fold-2,True
附件一（训练集）.xlsx|材料2|1152,材料2|25|三角波|48|-8,1,q4-ridge-fold-1,True
附件一（训练集）.xlsx|材料1|617,材料1|70|正弦波|49|-6,1,q4-ridge-fold-1,True
附件一（训练集）.xlsx|材料3|2057,材料3|25|梯形波|52|-16,2,q4-ridge-fold-2,True
附件一（训练集）.xlsx|材料4|1233,材料4|50|三角波|52|-18,0,q4-ridge-fold-0,True
附件一（训练集）.xlsx|材料2|2031,材料2|90|三角波|55|-14,2,q4-ridge-fold-2,True
附件一（训练集）.xlsx|材料4|186,材料4|25|正弦波|55|-14,3,q4-ridge-fold-3,True
附件一（训练集）.xlsx|材料2|1025,材料2|25|正弦波|47|-7,4,q4-ridge-fold-4,True
附件一（训练集）.xlsx|材料4|1679,材料4|90|三角波|47|-8,4,q4-ridge-fold-4,True
附件一（训练集）.xlsx|材料2|750,材料2|70|正弦波|55|-20,0,q4-ridge-fold-0,True
附件一（训练集）.xlsx|材料2|397,材料2|25|正弦波|49|-13,0,q4-ridge-fold-0,True
附件一（训练集）.xlsx|材料3|1710,材料3|70|三角波|52|-14,2,q4-ridge-fold-2,True
附件一（训练集）.xlsx|材料2|439,材料2|50|正弦波|49|-9,4,q4-ridge-fold-4,True
附件一（训练集）.xlsx|材料3|117,材料3|50|正弦波|49|-15,1,q4-ridge-fold-1,True
附件一（训练集）.xlsx|材料3|2504,材料3|50|梯形波|48|-10,3,q4-ridge-fold-3,True
附件一（训练集）.xlsx|材料1|993,材料1|90|正弦波|52|-8,1,q4-ridge-fold-1,True
附件一（训练集）.xlsx|材料2|762,材料2|70|正弦波|55|-13,2,q4-ridge-fold-2,True
附件一（训练集）.xlsx|材料4|2459,材料4|70|梯形波|46|-15,3,q4-ridge-fold-3,True
附件一（训练集）.xlsx|材料1|121,材料1|25|正弦波|49|-8,3,q4-ridge-fold-3,True
附件一（训练集）.xlsx|材料3|2255,材料3|25|梯形波|54|-9,2,q4-ridge-fold-2,True
附件一（训练集）.xlsx|材料2|975,材料2|70|正弦波|49|-12,3,q4-ridge-fold-3,True
附件一（训练集）.xlsx|材料2|2895,材料2|90|梯形波|55|-19,0,q4-ridge-fold-0,True
附件一（训练集）.xlsx|材料3|2283,材料3|25|梯形波|56|-12,0,q4-ridge-fold-0,True
附件一（训练集）.xlsx|材料4|1928,材料4|90|三角波|50|-8,2,q4-ridge-fold-2,True
附件一（训练集）.xlsx|材料2|492,材料2|25|正弦波|53|-15,3,q4-ridge-fold-3,True
附件一（训练集）.xlsx|材料4|1338,材料4|50|三角波|47|-8,1,q4-ridge-fold-1,True
附件一（训练集）.xlsx|材料1|1859,材料1|70|三角波|54|-20,3,q4-ridge-fold-3,True
附件一（训练集）.xlsx|材料3|951,材料3|90|正弦波|49|-16,3,q4-ridge-fold-3,True
附件一（训练集）.xlsx|材料2|2175,材料2|25|梯形波|55|-18,0,q4-ridge-fold-0,True
附件一（训练集）.xlsx|材料3|2169,材料3|25|梯形波|55|-17,3,q4-ridge-fold-3,True
附件一（训练集）.xlsx|材料4|1740,材料4|90|三角波|52|-11,4,q4-ridge-fold-4,True
附件一（训练集）.xlsx|材料2|487,材料2|90|正弦波|46|-9,2,q4-ridge-fold-2,True
附件一（训练集）.xlsx|材料2|401,材料2|90|正弦波|50|-12,1,q4-ridge-fold-1,True
附件一（训练集）.xlsx|材料4|232,材料4|50|正弦波|48|-10,2,q4-ridge-fold-2,True
附件一（训练集）.xlsx|材料1|207,材料1|25|正弦波|52|-9,0,q4-ridge-fold-0,True
附件一（训练集）.xlsx|材料1|2878,材料1|70|三角波|55|-11,3,q4-ridge-fold-3,True
附件一（训练集）.xlsx|材料1|1719,材料1|70|三角波|48|-9,1,q4-ridge-fold-1,True
附件一（训练集）.xlsx|材料3|2135,材料3|25|梯形波|52|-15,2,q4-ridge-fold-2,True
附件一（训练集）.xlsx|材料1|281,材料1|50|正弦波|46|-11,0,q4-ridge-fold-0,True
附件一（训练集）.xlsx|材料1|366,材料1|50|正弦波|49|-15,3,q4-ridge-fold-3,True
附件一（训练集）.xlsx|材料1|2515,材料1|25|梯形波|52|-15,3,q4-ridge-fold-3,True
附件一（训练集）.xlsx|材料2|2004,材料2|90|三角波|50|-6,0,q4-ridge-fold-0,True
附件一（训练集）.xlsx|材料4|1920,材料4|90|三角波|50|-16,2,q4-ridge-fold-2,True
附件一（训练集）.xlsx|材料2|2840,材料2|90|梯形波|55|-12,0,q4-ridge-fold-0,True
附件一（训练集）.xlsx|材料3|2435,材料3|50|梯形波|52|-17,1,q4-ridge-fold-1,True
附件一（训练集）.xlsx|材料4|55,材料4|25|正弦波|49|-15,4,q4-ridge-fold-4,True
附件一（训练集）.xlsx|材料3|2666,材料3|70|梯形波|52|-14,2,q4-ridge-fold-2,True
附件一（训练集）.xlsx|材料3|3195,材料3|90|梯形波|46|-12,4,q4-ridge-fold-4,True
附件一（训练集）.xlsx|材料1|726,材料1|70|正弦波|52|-16,3,q4-ridge-fold-3,True
附件一（训练集）.xlsx|材料2|65,材料2|25|正弦波|53|-20,1,q4-ridge-fold-1,True
附件一（训练集）.xlsx|材料2|345,材料2|90|正弦波|55|-18,1,q4-ridge-fold-1,True
附件一（训练集）.xlsx|材料4|1565,材料4|70|三角波|55|-19,2,q4-ridge-fold-2,True
附件一（训练集）.xlsx|材料2|1083,材料2|25|正弦波|55|-20,3,q4-ridge-fold-3,True
附件一（训练集）.xlsx|材料1|2783,材料1|50|梯形波|52|-12,1,q4-ridge-fold-1,True
附件一（训练集）.xlsx|材料3|1858,材料3|90|三角波|55|-10,2,q4-ridge-fold-2,True
附件一（训练集）.xlsx|材料3|1625,材料3|70|三角波|48|-9,0,q4-ridge-fold-0,True
附件一（训练集）.xlsx|材料4|2245,材料4|50|三角波|55|-10,3,q4-ridge-fold-3,True
附件一（训练集）.xlsx|材料3|2910,材料3|90|三角波|55|-9,3,q4-ridge-fold-3,True
附件一（训练集）.xlsx|材料2|563,材料2|25|正弦波|52|-18,0,q4-ridge-fold-0,True
附件一（训练集）.xlsx|材料4|1386,材料4|50|三角波|49|-17,2,q4-ridge-fold-2,True
附件一（训练集）.xlsx|材料2|156,材料2|50|正弦波|53|-17,1,q4-ridge-fold-1,True
附件一（训练集）.xlsx|材料4|1355,材料4|50|三角波|48|-14,1,q4-ridge-fold-1,True
附件一（训练集）.xlsx|材料2|2306,材料2|50|梯形波|49|-10,4,q4-ridge-fold-4,True
附件一（训练集）.xlsx|材料4|724,材料4|90|正弦波|50|-12,3,q4-ridge-fold-3,True
附件一（训练集）.xlsx|材料3|1290,材料3|50|三角波|52|-13,0,q4-ridge-fold-0,True
附件一（训练集）.xlsx|材料1|857,材料1|90|正弦波|49|-14,3,q4-ridge-fold-3,True
附件一（训练集）.xlsx|材料1|2676,材料1|50|梯形波|49|-14,3,q4-ridge-fold-3,True
附件一（训练集）.xlsx|材料2|1523,材料2|50|三角波|49|-12,2,q4-ridge-fold-2,True
附件一（训练集）.xlsx|材料3|212,材料3|70|正弦波|52|-15,4,q4-ridge-fold-4,True
附件一（训练集）.xlsx|材料2|746,材料2|70|正弦波|53|-19,3,q4-ridge-fold-3,True
附件一（训练集）.xlsx|材料4|327,材料4|50|正弦波|52|-18,1,q4-ridge-fold-1,True
附件一（训练集）.xlsx|材料3|3099,材料3|90|梯形波|56|-20,1,q4-ridge-fold-1,True
附件一（训练集）.xlsx|材料2|1546,材料2|50|三角波|52|-8,3,q4-ridge-fold-3,True
附件一（训练集）.xlsx|材料4|2186,材料4|50|三角波|55|-9,0,q4-ridge-fold-0,True
附件一（训练集）.xlsx|材料2|1664,材料2|70|三角波|54|-14,4,q4-ridge-fold-4,True
附件一（训练集）.xlsx|材料3|657,材料3|70|正弦波|46|-13,2,q4-ridge-fold-2,True
附件一（训练集）.xlsx|材料2|341,材料2|90|正弦波|55|-13,4,q4-ridge-fold-4,True
附件一（训练集）.xlsx|材料2|838,材料2|90|正弦波|55|-17,2,q4-ridge-fold-2,True
附件一（训练集）.xlsx|材料4|2134,材料4|25|梯形波|48|-13,3,q4-ridge-fold-3,True
附件一（训练集）.xlsx|材料1|1363,材料1|25|三角波|49|-7,0,q4-ridge-fold-0,True
附件一（训练集）.xlsx|材料4|2029,材料4|25|三角波|49|-15,0,q4-ridge-fold-0,True
附件一（训练集）.xlsx|材料4|430,材料4|70|正弦波|47|-14,1,q4-ridge-fold-1,True
附件一（训练集）.xlsx|材料1|1652,材料1|50|三角波|48|-13,1,q4-ridge-fold-1,True
附件一（训练集）.xlsx|材料3|1032,材料3|25|三角波|52|-9,4,q4-ridge-fold-4,True
附件一（训练集）.xlsx|材料2|1439,材料2|50|三角波|56|-16,4,q4-ridge-fold-4,True
附件一（训练集）.xlsx|材料2|2826,材料2|90|梯形波|54|-10,2,q4-ridge-fold-2,True
附件一（训练集）.xlsx|材料1|2015,材料1|90|三角波|47|-9,0,q4-ridge-fold-0,True
附件一（训练集）.xlsx|材料1|319,材料1|50|正弦波|48|-16,0,q4-ridge-fold-0,True
附件一（训练集）.xlsx|材料2|2064,材料2|25|梯形波|46|-6,3,q4-ridge-fold-3,True
附件一（训练集）.xlsx|材料2|2243,材料2|25|梯形波|54|-18,3,q4-ridge-fold-3,True
附件一（训练集）.xlsx|材料2|2856,材料2|90|梯形波|49|-6,4,q4-ridge-fold-4,True
附件一（训练集）.xlsx|材料3|769,材料3|90|正弦波|52|-9,4,q4-ridge-fold-4,True
附件一（训练集）.xlsx|材料3|1511,材料3|70|三角波|50|-12,2,q4-ridge-fold-2,True
附件一（训练集）.xlsx|材料4|397,材料4|50|正弦波|55|-19,4,q4-ridge-fold-4,True
附件一（训练集）.xlsx|材料4|738,材料4|90|正弦波|51|-11,0,q4-ridge-fold-0,True
附件一（训练集）.xlsx|材料1|3375,材料1|90|梯形波|54|-17,2,q4-ridge-fold-2,True
附件一（训练集）.xlsx|材料3|2864,材料3|70|梯形波|55|-14,2,q4-ridge-fold-2,True
附件一（训练集）.xlsx|材料3|383,材料3|90|正弦波|53|-20,1,q4-ridge-fold-1,True
附件一（训练集）.xlsx|材料1|2420,材料1|25|梯形波|49|-13,2,q4-ridge-fold-2,True
附件一（训练集）.xlsx|材料1|2682,材料1|50|梯形波|49|-10,0,q4-ridge-fold-0,True
附件一（训练集）.xlsx|材料4|1257,材料4|50|三角波|52|-20,0,q4-ridge-fold-0,True
附件一（训练集）.xlsx|材料4|1086,材料4|25|三角波|47|-12,3,q4-ridge-fold-3,True
附件一（训练集）.xlsx|材料1|19,材料1|25|正弦波|47|-14,1,q4-ridge-fold-1,True
附件一（训练集）.xlsx|材料4|422,材料4|70|正弦波|46|-10,1,q4-ridge-fold-1,True
附件一（训练集）.xlsx|材料4|778,材料4|90|正弦波|52|-14,4,q4-ridge-fold-4,True
附件一（训练集）.xlsx|材料3|2076,材料3|25|梯形波|54|-15,2,q4-ridge-fold-2,True
附件一（训练集）.xlsx|材料1|2693,材料1|50|梯形波|49|-13,3,q4-ridge-fold-3,True
附件一（训练集）.xlsx|材料4|2539,材料4|70|梯形波|50|-7,1,q4-ridge-fold-1,True
附件一（训练集）.xlsx|材料4|919,材料4|25|三角波|50|-16,3,q4-ridge-fold-3,True
附件一（训练集）.xlsx|材料3|1464,材料3|50|三角波|49|-6,3,q4-ridge-fold-3,True
附件一（训练集）.xlsx|材料2|240,材料2|70|正弦波|52|-12,4,q4-ridge-fold-4,True
附件一（训练集）.xlsx|材料1|211,材料1|25|正弦波|52|-18,1,q4-ridge-fold-1,True
附件一（训练集）.xlsx|材料2|662,材料2|50|正弦波|53|-11,2,q4-ridge-fold-2,True
附件一（训练集）.xlsx|材料2|1329,材料2|25|三角波|56|-16,0,q4-ridge-fold-0,True
附件一（训练集）.xlsx|材料3|14,材料3|25|正弦波|47|-13,0,q4-ridge-fold-0,True
附件一（训练集）.xlsx|材料4|427,材料4|70|正弦波|47|-15,3,q4-ridge-fold-3,True
附件一（训练集）.xlsx|材料1|1278,材料1|25|三角波|55|-14,3,q4-ridge-fold-3,True
附件一（训练集）.xlsx|材料1|1367,材料1|25|三角波|49|-15,3,q4-ridge-fold-3,True
附件一（训练集）.xlsx|材料4|1813,材料4|90|三角波|55|-14,4,q4-ridge-fold-4,True
附件一（训练集）.xlsx|材料4|1917,材料4|90|三角波|50|-17,1,q4-ridge-fold-1,True
附件一（训练集）.xlsx|材料1|1345,材料1|25|三角波|49|-10,3,q4-ridge-fold-3,True
附件一（训练集）.xlsx|材料2|1120,材料2|25|三角波|52|-13,1,q4-ridge-fold-1,True
附件一（训练集）.xlsx|材料1|677,材料1|70|正弦波|51|-11,3,q4-ridge-fold-3,True
附件一（训练集）.xlsx|材料1|932,材料1|90|正弦波|50|-14,0,q4-ridge-fold-0,True
附件一（训练集）.xlsx|材料4|746,材料4|90|正弦波|52|-18,0,q4-ridge-fold-0,True
附件一（训练集）.xlsx|材料1|578,材料1|70|正弦波|47|-6,4,q4-ridge-fold-4,True
附件一（训练集）.xlsx|材料4|2390,材料4|70|三角波|52|-8,1,q4-ridge-fold-1,True
附件一（训练集）.xlsx|材料1|1618,材料1|50|三角波|56|-14,0,q4-ridge-fold-0,True
附件一（训练集）.xlsx|材料2|980,材料2|90|正弦波|47|-11,4,q4-ridge-fold-4,True
附件一（训练集）.xlsx|材料2|146,材料2|50|正弦波|52|-20,0,q4-ridge-fold-0,True
附件一（训练集）.xlsx|材料3|2200,材料3|25|梯形波|49|-13,3,q4-ridge-fold-3,True
附件一（训练集）.xlsx|材料3|1543,材料3|70|三角波|55|-18,3,q4-ridge-fold-3,True
附件一（训练集）.xlsx|材料1|1956,材料1|70|三角波|49|-13,3,q4-ridge-fold-3,True
附件一（训练集）.xlsx|材料2|694,材料2|70|正弦波|47|-15,0,q4-ridge-fold-0,True
附件一（训练集）.xlsx|材料3|1483,材料3|50|三角波|52|-16,1,q4-ridge-fold-1,True
附件一（训练集）.xlsx|材料3|637,材料3|50|正弦波|55|-16,0,q4-ridge-fold-0,True
附件一（训练集）.xlsx|材料1|2662,材料1|50|梯形波|48|-9,2,q4-ridge-fold-2,True
附件一（训练集）.xlsx|材料3|200,材料3|70|正弦波|49|-8,1,q4-ridge-fold-1,True
附件一（训练集）.xlsx|材料1|2125,材料1|90|三角波|52|-16,2,q4-ridge-fold-2,True
附件一（训练集）.xlsx|材料4|1832,材料4|90|三角波|55|-15,3,q4-ridge-fold-3,True
附件一（训练集）.xlsx|材料1|1833,材料1|70|三角波|53|-13,4,q4-ridge-fold-4,True
附件一（训练集）.xlsx|材料3|1772,材料3|90|三角波|54|-19,1,q4-ridge-fold-1,True
附件一（训练集）.xlsx|材料2|2549,材料2|70|梯形波|51|-9,1,q4-ridge-fold-1,True
附件一（训练集）.xlsx|材料4|2223,材料4|50|三角波|49|-14,2,q4-ridge-fold-2,True
附件一（训练集）.xlsx|材料1|2688,材料1|50|梯形波|49|-6,0,q4-ridge-fold-0,True
附件一（训练集）.xlsx|材料3|45,材料3|25|正弦波|52|-19,4,q4-ridge-fold-4,True
附件一（训练集）.xlsx|材料4|947,材料4|25|三角波|51|-16,4,q4-ridge-fold-4,True
附件一（训练集）.xlsx|材料1|330,材料1|50|正弦波|49|-17,0,q4-ridge-fold-0,True
附件一（训练集）.xlsx|材料3|1266,材料3|25|三角波|55|-8,0,q4-ridge-fold-0,True
附件一（训练集）.xlsx|材料4|1306,材料4|50|三角波|55|-15,2,q4-ridge-fold-2,True
附件一（训练集）.xlsx|材料4|1032,材料4|25|三角波|54|-18,1,q4-ridge-fold-1,True
附件一（训练集）.xlsx|材料4|2349,材料4|50|梯形波|50|-8,2,q4-ridge-fold-2,True
附件一（训练集）.xlsx|材料2|2030,材料2|90|三角波|55|-15,0,q4-ridge-fold-0,True
附件一（训练集）.xlsx|材料2|2093,材料2|25|梯形波|52|-13,1,q4-ridge-fold-1,True
附件一（训练集）.xlsx|材料4|254,材料4|50|正弦波|49|-11,4,q4-ridge-fold-4,True
附件一（训练集）.xlsx|材料1|1680,材料1|50|三角波|49|-13,4,q4-ridge-fold-4,True
附件一（训练集）.xlsx|材料4|2017,材料4|25|三角波|55|-14,0,q4-ridge-fold-0,True
附件一（训练集）.xlsx|材料1|438,材料1|50|正弦波|52|-18,3,q4-ridge-fold-3,True
附件一（训练集）.xlsx|材料4|21,材料4|25|正弦波|47|-17,3,q4-ridge-fold-3,True
附件一（训练集）.xlsx|材料2|616,材料2|50|正弦波|49|-11,3,q4-ridge-fold-3,True
附件一（训练集）.xlsx|材料1|1436,材料1|50|三角波|51|-12,2,q4-ridge-fold-2,True
附件一（训练集）.xlsx|材料2|2134,材料2|25|梯形波|48|-9,0,q4-ridge-fold-0,True
附件一（训练集）.xlsx|材料1|3314,材料1|90|梯形波|52|-12,3,q4-ridge-fold-3,True
附件一（训练集）.xlsx|材料3|403,材料3|90|正弦波|50|-8,3,q4-ridge-fold-3,True
附件一（训练集）.xlsx|材料1|3383,材料1|90|梯形波|54|-13,2,q4-ridge-fold-2,True
附件一（训练集）.xlsx|材料4|1060,材料4|25|三角波|55|-14,0,q4-ridge-fold-0,True
附件一（训练集）.xlsx|材料3|1900,材料3|90|三角波|52|-17,3,q4-ridge-fold-3,True
附件一（训练集）.xlsx|材料1|1993,材料1|70|三角波|49|-10,2,q4-ridge-fold-2,True
附件一（训练集）.xlsx|材料1|1821,材料1|70|三角波|53|-20,4,q4-ridge-fold-4,True
附件一（训练集）.xlsx|材料2|1999,材料2|90|三角波|50|-14,0,q4-ridge-fold-0,True
附件一（训练集）.xlsx|材料2|2742,材料2|70|梯形波|55|-10,2,q4-ridge-fold-2,True
附件一（训练集）.xlsx|材料4|2801,材料4|90|梯形波|52|-12,3,q4-ridge-fold-3,True
附件一（训练集）.xlsx|材料3|1279,材料3|50|三角波|52|-19,4,q4-ridge-fold-4,True
附件一（训练集）.xlsx|材料1|1994,材料1|70|三角波|49|-9,4,q4-ridge-fold-4,True
附件一（训练集）.xlsx|材料2|205,材料2|70|正弦波|49|-19,0,q4-ridge-fold-0,True
附件一（训练集）.xlsx|材料3|2803,材料3|70|梯形波|48|-8,3,q4-ridge-fold-3,True
附件一（训练集）.xlsx|材料2|1235,材料2|25|三角波|52|-17,3,q4-ridge-fold-3,True
附件一（训练集）.xlsx|材料2|795,材料2|90|正弦波|49|-13,0,q4-ridge-fold-0,True
附件一（训练集）.xlsx|材料2|1829,材料2|90|三角波|54|-16,0,q4-ridge-fold-0,True
附件一（训练集）.xlsx|材料2|2817,材料2|90|梯形波|52|-10,2,q4-ridge-fold-2,True
附件一（训练集）.xlsx|材料2|2811,材料2|90|梯形波|52|-18,0,q4-ridge-fold-0,True
附件一（训练集）.xlsx|材料1|140,材料1|25|正弦波|50|-8,0,q4-ridge-fold-0,True
附件一（训练集）.xlsx|材料3|1998,材料3|90|三角波|56|-17,2,q4-ridge-fold-2,True
附件一（训练集）.xlsx|材料4|312,材料4|50|正弦波|51|-11,2,q4-ridge-fold-2,True
附件一（训练集）.xlsx|材料3|2749,材料3|70|梯形波|52|-11,0,q4-ridge-fold-0,True
附件一（训练集）.xlsx|材料1|1314,材料1|25|三角波|47|-12,1,q4-ridge-fold-1,True
附件一（训练集）.xlsx|材料3|2125,材料3|25|梯形波|51|-15,2,q4-ridge-fold-2,True
附件一（训练集）.xlsx|材料3|230,材料3|70|正弦波|55|-20,2,q4-ridge-fold-2,True
附件一（训练集）.xlsx|材料4|586,材料4|70|正弦波|54|-19,3,q4-ridge-fold-3,True
附件一（训练集）.xlsx|材料1|1921,材料1|70|三角波|56|-17,4,q4-ridge-fold-4,True
附件一（训练集）.xlsx|材料4|2358,材料4|50|梯形波|51|-11,3,q4-ridge-fold-3,True
附件一（训练集）.xlsx|材料4|1595,材料4|70|三角波|47|-8,1,q4-ridge-fold-1,True
附件一（训练集）.xlsx|材料1|1662,材料1|50|三角波|49|-8,0,q4-ridge-fold-0,True
附件一（训练集）.xlsx|材料3|967,材料3|25|正弦波|47|-17,0,q4-ridge-fold-0,True
附件一（训练集）.xlsx|材料4|1282,材料4|50|三角波|54|-19,0,q4-ridge-fold-0,True
附件一（训练集）.xlsx|材料3|2982,材料3|90|梯形波|52|-9,2,q4-ridge-fold-2,True
附件一（训练集）.xlsx|材料3|2762,材料3|70|梯形波|55|-20,3,q4-ridge-fold-3,True
附件一（训练集）.xlsx|材料2|1184,材料2|25|三角波|52|-13,1,q4-ridge-fold-1,True
附件一（训练集）.xlsx|材料4|145,材料4|25|正弦波|53|-20,4,q4-ridge-fold-4,True
附件一（训练集）.xlsx|材料4|1063,材料4|25|三角波|55|-19,3,q4-ridge-fold-3,True
附件一（训练集）.xlsx|材料4|1493,材料4|70|三角波|52|-20,3,q4-ridge-fold-3,True
附件一（训练集）.xlsx|材料4|1828,材料4|90|三角波|55|-17,2,q4-ridge-fold-2,True
附件一（训练集）.xlsx|材料2|2563,材料2|70|梯形波|52|-20,2,q4-ridge-fold-2,True
附件一（训练集）.xlsx|材料3|2946,材料3|90|梯形波|49|-11,4,q4-ridge-fold-4,True
附件一（训练集）.xlsx|材料3|985,材料3|25|正弦波|49|-16,0,q4-ridge-fold-0,True
附件一（训练集）.xlsx|材料2|2653,材料2|70|梯形波|55|-10,2,q4-ridge-fold-2,True
附件一（训练集）.xlsx|材料2|2429,材料2|50|梯形波|46|-12,2,q4-ridge-fold-2,True
附件一（训练集）.xlsx|材料1|476,材料1|50|正弦波|52|-16,3,q4-ridge-fold-3,True
附件一（训练集）.xlsx|材料4|2627,材料4|90|三角波|55|-17,2,q4-ridge-fold-2,True
附件一（训练集）.xlsx|材料2|2497,材料2|50|梯形波|56|-20,0,q4-ridge-fold-0,True
附件一（训练集）.xlsx|材料4|2654,材料4|90|梯形波|47|-13,2,q4-ridge-fold-2,True
附件一（训练集）.xlsx|材料3|1963,材料3|90|三角波|49|-6,3,q4-ridge-fold-3,True
附件一（训练集）.xlsx|材料3|2887,材料3|70|梯形波|56|-14,4,q4-ridge-fold-4,True
附件一（训练集）.xlsx|材料4|1025,材料4|25|三角波|54|-13,0,q4-ridge-fold-0,True
附件一（训练集）.xlsx|材料3|2414,材料3|50|梯形波|49|-11,1,q4-ridge-fold-1,True
附件一（训练集）.xlsx|材料4|2196,材料4|50|三角波|55|-14,2,q4-ridge-fold-2,True
附件一（训练集）.xlsx|材料1|2366,材料1|25|三角波|55|-11,3,q4-ridge-fold-3,True
附件一（训练集）.xlsx|材料1|320,材料1|50|正弦波|48|-15,4,q4-ridge-fold-4,True
附件一（训练集）.xlsx|材料1|836,材料1|90|正弦波|47|-9,4,q4-ridge-fold-4,True
附件一（训练集）.xlsx|材料4|2187,材料4|50|三角波|55|-20,0,q4-ridge-fold-0,True
附件一（训练集）.xlsx|材料3|2540,材料3|50|梯形波|52|-16,4,q4-ridge-fold-4,True
附件一（训练集）.xlsx|材料2|1931,材料2|90|三角波|49|-6,3,q4-ridge-fold-3,True
附件一（训练集）.xlsx|材料4|2492,材料4|70|梯形波|48|-8,2,q4-ridge-fold-2,True
附件一（训练集）.xlsx|材料1|1296,材料1|25|三角波|55|-12,0,q4-ridge-fold-0,True
附件一（训练集）.xlsx|材料4|1545,材料4|70|三角波|54|-18,4,q4-ridge-fold-4,True
附件一（训练集）.xlsx|材料2|2475,材料2|50|梯形波|54|-17,1,q4-ridge-fold-1,True
附件一（训练集）.xlsx|材料2|2714,材料2|70|梯形波|52|-17,4,q4-ridge-fold-4,True
附件一（训练集）.xlsx|材料2|2208,材料2|25|梯形波|48|-7,3,q4-ridge-fold-3,True
附件一（训练集）.xlsx|材料3|1841,材料3|90|三角波|52|-8,4,q4-ridge-fold-4,True
附件一（训练集）.xlsx|材料2|1455,材料2|50|三角波|49|-11,1,q4-ridge-fold-1,True
附件一（训练集）.xlsx|材料2|1165,材料2|25|三角波|50|-14,1,q4-ridge-fold-1,True
附件一（训练集）.xlsx|材料3|2259,材料3|25|梯形波|55|-17,3,q4-ridge-fold-3,True
附件一（训练集）.xlsx|材料1|3265,材料1|90|梯形波|51|-17,3,q4-ridge-fold-3,True
附件一（训练集）.xlsx|材料1|376,材料1|50|正弦波|49|-9,1,q4-ridge-fold-1,True
附件一（训练集）.xlsx|材料1|391,材料1|50|正弦波|50|-13,4,q4-ridge-fold-4,True
附件一（训练集）.xlsx|材料2|2034,材料2|90|三角波|55|-11,0,q4-ridge-fold-0,True
附件一（训练集）.xlsx|材料3|1062,材料3|25|三角波|56|-17,4,q4-ridge-fold-4,True
附件一（训练集）.xlsx|材料2|46,材料2|25|正弦波|52|-17,2,q4-ridge-fold-2,True
附件一（训练集）.xlsx|材料3|1839,材料3|90|三角波|52|-10,2,q4-ridge-fold-2,True
附件一（训练集）.xlsx|材料3|79,材料3|25|正弦波|55|-17,0,q4-ridge-fold-0,True
附件一（训练集）.xlsx|材料2|189,材料2|70|正弦波|47|-17,4,q4-ridge-fold-4,True
附件一（训练集）.xlsx|材料3|359,材料3|90|正弦波|55|-13,1,q4-ridge-fold-1,True
附件一（训练集）.xlsx|材料3|2348,材料3|50|梯形波|51|-17,3,q4-ridge-fold-3,True
附件一（训练集）.xlsx|材料2|1429,材料2|50|三角波|55|-11,1,q4-ridge-fold-1,True
附件一（训练集）.xlsx|材料3|686,材料3|70|正弦波|50|-17,0,q4-ridge-fold-0,True
附件一（训练集）.xlsx|材料2|485,材料2|50|正弦波|47|-11,1,q4-ridge-fold-1,True
附件一（训练集）.xlsx|材料3|846,材料3|50|正弦波|47|-7,0,q4-ridge-fold-0,True
附件一（训练集）.xlsx|材料3|40,材料3|25|正弦波|50|-14,0,q4-ridge-fold-0,True
附件一（训练集）.xlsx|材料4|2710,材料4|90|梯形波|49|-13,2,q4-ridge-fold-2,True
附件一（训练集）.xlsx|材料3|2704,材料3|70|梯形波|48|-11,2,q4-ridge-fold-2,True
附件一（训练集）.xlsx|材料2|1804,材料2|70|三角波|56|-21,2,q4-ridge-fold-2,True
附件一（训练集）.xlsx|材料3|847,材料3|50|正弦波|55|-19,3,q4-ridge-fold-3,True
附件一（训练集）.xlsx|材料1|822,材料1|90|正弦波|47|-7,4,q4-ridge-fold-4,True
附件一（训练集）.xlsx|材料2|216,材料2|70|正弦波|50|-17,0,q4-ridge-fold-0,True
附件一（训练集）.xlsx|材料3|2180,材料3|25|梯形波|56|-15,4,q4-ridge-fold-4,True
附件一（训练集）.xlsx|材料1|2035,材料1|90|三角波|48|-6,2,q4-ridge-fold-2,True
附件一（训练集）.xlsx|材料1|3040,材料1|70|梯形波|52|-14,4,q4-ridge-fold-4,True
附件一（训练集）.xlsx|材料1|1607,材料1|50|三角波|56|-20,2,q4-ridge-fold-2,True
附件一（训练集）.xlsx|材料2|2118,材料2|25|梯形波|55|-19,3,q4-ridge-fold-3,True
附件一（训练集）.xlsx|材料3|1019,材料3|25|三角波|50|-11,3,q4-ridge-fold-3,True
附件一（训练集）.xlsx|材料2|689,材料2|70|正弦波|46|-12,2,q4-ridge-fold-2,True
附件一（训练集）.xlsx|材料2|630,材料2|50|正弦波|50|-16,1,q4-ridge-fold-1,True
附件一（训练集）.xlsx|材料4|1457,材料4|70|三角波|50|-14,3,q4-ridge-fold-3,True
附件一（训练集）.xlsx|材料1|1642,材料1|50|三角波|48|-9,2,q4-ridge-fold-2,True
附件一（训练集）.xlsx|材料4|550,材料4|70|正弦波|52|-20,4,q4-ridge-fold-4,True
附件一（训练集）.xlsx|材料3|2884,材料3|70|梯形波|56|-17,2,q4-ridge-fold-2,True
附件一（训练集）.xlsx|材料1|79,材料1|25|正弦波|49|-11,2,q4-ridge-fold-2,True
附件一（训练集）.xlsx|材料4|1260,材料4|50|三角波|52|-17,3,q4-ridge-fold-3,True
附件一（训练集）.xlsx|材料3|2676,材料3|70|梯形波|54|-12,4,q4-ridge-fold-4,True
附件一（训练集）.xlsx|材料1|2361,材料1|25|三角波|55|-15,4,q4-ridge-fold-4,True
附件一（训练集）.xlsx|材料2|1229,材料2|25|三角波|50|-6,0,q4-ridge-fold-0,True
附件一（训练集）.xlsx|材料1|324,材料1|50|正弦波|48|-11,0,q4-ridge-fold-0,True
附件一（训练集）.xlsx|材料1|2722,材料1|50|梯形波|51|-14,3,q4-ridge-fold-3,True
附件一（训练集）.xlsx|材料3|1631,材料3|70|三角波|49|-7,0,q4-ridge-fold-0,True
附件一（训练集）.xlsx|材料2|458,材料2|90|正弦波|53|-20,4,q4-ridge-fold-4,True
附件一（训练集）.xlsx|材料1|2474,材料1|25|梯形波|51|-7,4,q4-ridge-fold-4,True
附件一（训练集）.xlsx|材料3|1907,材料3|90|三角波|52|-10,2,q4-ridge-fold-2,True
附件一（训练集）.xlsx|材料4|1439,材料4|70|三角波|48|-7,1,q4-ridge-fold-1,True
附件一（训练集）.xlsx|材料4|290,材料4|50|正弦波|50|-18,1,q4-ridge-fold-1,True
附件一（训练集）.xlsx|材料4|2038,材料4|25|三角波|49|-13,4,q4-ridge-fold-4,True
附件一（训练集）.xlsx|材料4|742,材料4|90|正弦波|52|-20,4,q4-ridge-fold-4,True
附件一（训练集）.xlsx|材料3|1141,材料3|25|三角波|48|-10,3,q4-ridge-fold-3,True
附件一（训练集）.xlsx|材料2|1953,材料2|90|三角波|54|-17,1,q4-ridge-fold-1,True
附件一（训练集）.xlsx|材料1|858,材料1|90|正弦波|49|-13,1,q4-ridge-fold-1,True
附件一（训练集）.xlsx|材料2|1087,材料2|25|正弦波|55|-17,1,q4-ridge-fold-1,True
附件一（训练集）.xlsx|材料1|375,材料1|50|正弦波|49|-10,0,q4-ridge-fold-0,True
附件一（训练集）.xlsx|材料1|2800,材料1|50|梯形波|52|-16,2,q4-ridge-fold-2,True
附件一（训练集）.xlsx|材料3|2596,材料3|50|梯形波|47|-10,2,q4-ridge-fold-2,True
附件一（训练集）.xlsx|材料2|2488,材料2|50|梯形波|55|-20,0,q4-ridge-fold-0,True
附件一（训练集）.xlsx|材料3|1909,材料3|90|三角波|52|-8,4,q4-ridge-fold-4,True
附件一（训练集）.xlsx|材料2|2609,材料2|70|梯形波|49|-9,1,q4-ridge-fold-1,True
附件一（训练集）.xlsx|材料1|261,材料1|25|正弦波|54|-19,0,q4-ridge-fold-0,True
附件一（训练集）.xlsx|材料2|1669,材料2|70|三角波|55|-19,3,q4-ridge-fold-3,True
附件一（训练集）.xlsx|材料2|1213,材料2|25|三角波|48|-12,0,q4-ridge-fold-0,True
附件一（训练集）.xlsx|材料3|1204,材料3|25|三角波|56|-19,4,q4-ridge-fold-4,True
附件一（训练集）.xlsx|材料2|1055,材料2|25|正弦波|50|-11,4,q4-ridge-fold-4,True
附件一（训练集）.xlsx|材料3|3063,材料3|90|梯形波|52|-13,1,q4-ridge-fold-1,True
附件一（训练集）.xlsx|材料2|1727,材料2|70|三角波|52|-12,0,q4-ridge-fold-0,True
附件一（训练集）.xlsx|材料4|71,材料4|25|正弦波|49|-10,0,q4-ridge-fold-0,True
附件一（训练集）.xlsx|材料4|2220,材料4|50|三角波|49|-14,2,q4-ridge-fold-2,True
附件一（训练集）.xlsx|材料4|457,材料4|70|正弦波|49|-18,4,q4-ridge-fold-4,True
附件一（训练集）.xlsx|材料3|2775,材料3|70|梯形波|55|-18,4,q4-ridge-fold-4,True
附件一（训练集）.xlsx|材料1|1972,材料1|70|三角波|49|-14,0,q4-ridge-fold-0,True
附件一（训练集）.xlsx|材料1|2616,材料1|50|三角波|55|-16,1,q4-ridge-fold-1,True
附件一（训练集）.xlsx|材料1|1564,材料1|50|三角波|55|-18,3,q4-ridge-fold-3,True
附件一（训练集）.xlsx|材料1|2620,材料1|50|三角波|55|-8,3,q4-ridge-fold-3,True
附件一（训练集）.xlsx|材料2|311,材料2|90|正弦波|52|-19,4,q4-ridge-fold-4,True
附件一（训练集）.xlsx|材料2|2369,材料2|50|梯形波|49|-11,2,q4-ridge-fold-2,True
附件一（训练集）.xlsx|材料1|351,材料1|50|正弦波|49|-14,1,q4-ridge-fold-1,True
附件一（训练集）.xlsx|材料4|1103,材料4|25|三角波|48|-9,4,q4-ridge-fold-4,True
附件一（训练集）.xlsx|材料4|1918,材料4|90|三角波|50|-17,1,q4-ridge-fold-1,True
附件一（训练集）.xlsx|材料1|2124,材料1|90|三角波|52|-16,2,q4-ridge-fold-2,True
附件一（训练集）.xlsx|材料2|2492,材料2|50|梯形波|55|-15,1,q4-ridge-fold-1,True
附件一（训练集）.xlsx|材料2|1095,材料2|25|正弦波|55|-15,1,q4-ridge-fold-1,True
附件一（训练集）.xlsx|材料4|2480,材料4|70|梯形波|48|-16,0,q4-ridge-fold-0,True
附件一（训练集）.xlsx|材料1|2383,材料1|25|梯形波|46|-7,1,q4-ridge-fold-1,True
附件一（训练集）.xlsx|材料2|2100,材料2|25|梯形波|54|-20,3,q4-ridge-fold-3,True
附件一（训练集）.xlsx|材料3|2273,材料3|25|梯形波|55|-13,3,q4-ridge-fold-3,True
附件一（训练集）.xlsx|材料4|1292,材料4|50|三角波|54|-17,4,q4-ridge-fold-4,True
附件一（训练集）.xlsx|材料3|3170,材料3|90|梯形波|55|-14,2,q4-ridge-fold-2,True
附件一（训练集）.xlsx|材料2|2583,材料2|70|梯形波|55|-14,3,q4-ridge-fold-3,True
附件一（训练集）.xlsx|材料1|1777,材料1|70|三角波|52|-10,4,q4-ridge-fold-4,True
附件一（训练集）.xlsx|材料2|1384,材料2|50|三角波|49|-16,4,q4-ridge-fold-4,True
附件一（训练集）.xlsx|材料1|2009,材料1|70|三角波|50|-10,0,q4-ridge-fold-0,True
附件一（训练集）.xlsx|材料2|1908,材料2|90|三角波|56|-14,0,q4-ridge-fold-0,True
附件一（训练集）.xlsx|材料1|2571,材料1|25|梯形波|54|-14,4,q4-ridge-fold-4,True
附件一（训练集）.xlsx|材料3|1373,材料3|50|三角波|55|-11,4,q4-ridge-fold-4,True
附件一（训练集）.xlsx|材料4|1284,材料4|50|三角波|54|-18,3,q4-ridge-fold-3,True
附件一（训练集）.xlsx|材料4|499,材料4|70|正弦波|50|-11,4,q4-ridge-fold-4,True
附件一（训练集）.xlsx|材料1|2987,材料1|70|梯形波|51|-16,2,q4-ridge-fold-2,True
附件一（训练集）.xlsx|材料2|2110,材料2|25|梯形波|55|-16,1,q4-ridge-fold-1,True
附件一（训练集）.xlsx|材料3|1354,材料3|50|三角波|54|-20,3,q4-ridge-fold-3,True
附件一（训练集）.xlsx|材料1|3067,材料1|70|梯形波|52|-8,3,q4-ridge-fold-3,True
附件一（训练集）.xlsx|材料4|1784,材料4|90|三角波|53|-13,0,q4-ridge-fold-0,True
附件一（训练集）.xlsx|材料1|1005,材料1|90|正弦波|52|-11,1,q4-ridge-fold-1,True
附件一（训练集）.xlsx|材料1|1468,材料1|50|三角波|52|-19,0,q4-ridge-fold-0,True
附件一（训练集）.xlsx|材料1|3337,材料1|90|梯形波|53|-19,3,q4-ridge-fold-3,True
附件一（训练集）.xlsx|材料1|2559,材料1|25|梯形波|53|-9,2,q4-ridge-fold-2,True
附件一（训练集）.xlsx|材料4|1112,材料4|25|三角波|48|-13,0,q4-ridge-fold-0,True
附件一（训练集）.xlsx|材料2|2075,材料2|25|梯形波|49|-14,4,q4-ridge-fold-4,True
附件一（训练集）.xlsx|材料3|1037,材料3|25|三角波|54|-19,4,q4-ridge-fold-4,True
附件一（训练集）.xlsx|材料1|80,材料1|25|正弦波|49|-9,1,q4-ridge-fold-1,True
附件一（训练集）.xlsx|材料4|2446,材料4|70|三角波|55|-10,3,q4-ridge-fold-3,True
附件一（训练集）.xlsx|材料1|1736,材料1|70|三角波|50|-11,1,q4-ridge-fold-1,True
附件一（训练集）.xlsx|材料3|2831,材料3|70|梯形波|52|-14,2,q4-ridge-fold-2,True
附件一（训练集）.xlsx|材料3|2729,材料3|70|梯形波|51|-13,2,q4-ridge-fold-2,True
附件一（训练集）.xlsx|材料4|106,材料4|25|正弦波|51|-11,4,q4-ridge-fold-4,True
附件一（训练集）.xlsx|材料3|2880,材料3|70|梯形波|55|-10,2,q4-ridge-fold-2,True
附件一（训练集）.xlsx|材料3|2511,材料3|50|梯形波|49|-9,2,q4-ridge-fold-2,True
附件一（训练集）.xlsx|材料2|203,材料2|70|正弦波|49|-10,0,q4-ridge-fold-0,True
附件一（训练集）.xlsx|材料4|1646,材料4|70|三角波|49|-17,2,q4-ridge-fold-2,True
附件一（训练集）.xlsx|材料2|806,材料2|90|正弦波|50|-13,4,q4-ridge-fold-4,True
附件一（训练集）.xlsx|材料4|2204,材料4|50|三角波|55|-17,2,q4-ridge-fold-2,True
附件一（训练集）.xlsx|材料1|2193,材料1|90|三角波|55|-15,0,q4-ridge-fold-0,True
附件一（训练集）.xlsx|材料1|2196,材料1|90|三角波|55|-14,0,q4-ridge-fold-0,True
附件一（训练集）.xlsx|材料4|2735,材料4|90|梯形波|51|-16,2,q4-ridge-fold-2,True
附件一（训练集）.xlsx|材料2|1019,材料2|25|正弦波|46|-9,2,q4-ridge-fold-2,True
附件一（训练集）.xlsx|材料1|481,材料1|50|正弦波|52|-14,3,q4-ridge-fold-3,True
附件一（训练集）.xlsx|材料1|605,材料1|70|正弦波|49|-17,0,q4-ridge-fold-0,True
附件一（训练集）.xlsx|材料2|78,材料2|25|正弦波|55|-17,1,q4-ridge-fold-1,True
附件一（训练集）.xlsx|材料2|206,材料2|70|正弦波|49|-17,1,q4-ridge-fold-1,True
附件一（训练集）.xlsx|材料1|1391,材料1|50|三角波|48|-16,0,q4-ridge-fold-0,True
附件一（训练集）.xlsx|材料4|2553,材料4|70|梯形波|51|-20,0,q4-ridge-fold-0,True
附件一（训练集）.xlsx|材料2|1935,材料2|90|三角波|50|-9,3,q4-ridge-fold-3,True
附件一（训练集）.xlsx|材料2|1555,材料2|50|三角波|54|-8,2,q4-ridge-fold-2,True
附件一（训练集）.xlsx|材料3|193,材料3|70|正弦波|49|-12,0,q4-ridge-fold-0,True
附件一（训练集）.xlsx|材料2|1626,材料2|70|三角波|48|-8,2,q4-ridge-fold-2,True
附件一（训练集）.xlsx|材料1|3032,材料1|70|梯形波|52|-6,2,q4-ridge-fold-2,True
附件一（训练集）.xlsx|材料1|544,材料1|70|正弦波|47|-15,2,q4-ridge-fold-2,True
附件一（训练集）.xlsx|材料2|2679,材料2|70|梯形波|48|-11,1,q4-ridge-fold-1,True
附件一（训练集）.xlsx|材料2|354,材料2|90|正弦波|46|-15,4,q4-ridge-fold-4,True
附件一（训练集）.xlsx|材料3|2399,材料3|50|梯形波|55|-14,2,q4-ridge-fold-2,True
附件一（训练集）.xlsx|材料3|1180,材料3|25|三角波|54|-17,2,q4-ridge-fold-2,True
附件一（训练集）.xlsx|材料3|900,材料3|25|正弦波|47|-17,0,q4-ridge-fold-0,True
附件一（训练集）.xlsx|材料2|2892,材料2|90|梯形波|54|-9,2,q4-ridge-fold-2,True
附件一（训练集）.xlsx|材料1|2627,材料1|50|三角波|55|-12,1,q4-ridge-fold-1,True
附件一（训练集）.xlsx|材料1|1592,材料1|50|三角波|55|-20,1,q4-ridge-fold-1,True
附件一（训练集）.xlsx|材料3|520,材料3|25|正弦波|50|-16,3,q4-ridge-fold-3,True
附件一（训练集）.xlsx|材料4|1421,材料4|70|三角波|47|-8,1,q4-ridge-fold-1,True
附件一（训练集）.xlsx|材料3|1486,材料3|50|三角波|52|-13,0,q4-ridge-fold-0,True
附件一（训练集）.xlsx|材料2|1136,材料2|25|三角波|55|-20,2,q4-ridge-fold-2,True
附件一（训练集）.xlsx|材料1|1989,材料1|70|三角波|49|-12,2,q4-ridge-fold-2,True
附件一（训练集）.xlsx|材料4|1691,材料4|90|三角波|48|-14,0,q4-ridge-fold-0,True
附件一（训练集）.xlsx|材料4|40,材料4|25|正弦波|49|-16,0,q4-ridge-fold-0,True
附件一（训练集）.xlsx|材料4|239,材料4|50|正弦波|49|-16,2,q4-ridge-fold-2,True
附件一（训练集）.xlsx|材料3|2871,材料3|70|梯形波|55|-19,1,q4-ridge-fold-1,True
附件一（训练集）.xlsx|材料4|1749,材料4|90|三角波|52|-16,4,q4-ridge-fold-4,True
附件一（训练集）.xlsx|材料4|940,材料4|25|三角波|50|-11,1,q4-ridge-fold-1,True
附件一（训练集）.xlsx|材料1|1565,材料1|50|三角波|55|-17,2,q4-ridge-fold-2,True
附件一（训练集）.xlsx|材料2|2707,材料2|70|梯形波|52|-11,2,q4-ridge-fold-2,True
附件一（训练集）.xlsx|材料2|1970,材料2|90|三角波|55|-17,3,q4-ridge-fold-3,True
附件一（训练集）.xlsx|材料1|1516,材料1|50|三角波|53|-14,0,q4-ridge-fold-0,True
附件一（训练集）.xlsx|材料4|536,材料4|70|正弦波|52|-11,3,q4-ridge-fold-3,True
附件一（训练集）.xlsx|材料3|353,材料3|25|正弦波|49|-14,2,q4-ridge-fold-2,True
附件一（训练集）.xlsx|材料1|1603,材料1|50|三角波|55|-14,3,q4-ridge-fold-3,True
附件一（训练集）.xlsx|材料4|1619,材料4|70|三角波|49|-12,4,q4-ridge-fold-4,True
附件一（训练集）.xlsx|材料2|1251,材料2|25|三角波|55|-20,2,q4-ridge-fold-2,True
附件一（训练集）.xlsx|材料3|1096,材料3|25|三角波|52|-16,1,q4-ridge-fold-1,True
附件一（训练集）.xlsx|材料3|2260,材料3|25|梯形波|55|-16,0,q4-ridge-fold-0,True
附件一（训练集）.xlsx|材料1|69,材料1|25|正弦波|49|-17,1,q4-ridge-fold-1,True
附件一（训练集）.xlsx|材料1|1033,材料1|90|正弦波|53|-14,4,q4-ridge-fold-4,True
附件一（训练集）.xlsx|材料1|2478,材料1|25|梯形波|51|-15,1,q4-ridge-fold-1,True
附件一（训练集）.xlsx|材料3|2928,材料3|90|梯形波|46|-7,2,q4-ridge-fold-2,True
附件一（训练集）.xlsx|材料1|446,材料1|50|正弦波|52|-12,4,q4-ridge-fold-4,True
附件一（训练集）.xlsx|材料2|2486,材料2|50|梯形波|55|-12,4,q4-ridge-fold-4,True
附件一（训练集）.xlsx|材料4|2150,材料4|25|梯形波|49|-12,0,q4-ridge-fold-0,True
附件一（训练集）.xlsx|材料2|1748,材料2|70|三角波|55|-16,1,q4-ridge-fold-1,True
附件一（训练集）.xlsx|材料1|1916,材料1|70|三角波|56|-20,2,q4-ridge-fold-2,True
附件一（训练集）.xlsx|材料1|387,材料1|50|正弦波|50|-16,3,q4-ridge-fold-3,True
附件一（训练集）.xlsx|材料1|2567,材料1|25|梯形波|54|-17,0,q4-ridge-fold-0,True
附件一（训练集）.xlsx|材料4|1187,材料4|50|三角波|48|-9,1,q4-ridge-fold-1,True
附件一（训练集）.xlsx|材料1|2762,材料1|50|梯形波|52|-13,4,q4-ridge-fold-4,True
附件一（训练集）.xlsx|材料1|1499,材料1|50|三角波|52|-12,4,q4-ridge-fold-4,True
附件一（训练集）.xlsx|材料1|3126,材料1|70|梯形波|55|-19,1,q4-ridge-fold-1,True
附件一（训练集）.xlsx|材料4|2626,材料4|90|三角波|55|-18,3,q4-ridge-fold-3,True
附件一（训练集）.xlsx|材料1|718,材料1|70|正弦波|52|-8,1,q4-ridge-fold-1,True
附件一（训练集）.xlsx|材料3|2533,材料3|50|梯形波|51|-6,0,q4-ridge-fold-0,True
附件一（训练集）.xlsx|材料3|980,材料3|25|正弦波|49|-9,2,q4-ridge-fold-2,True
附件一（训练集）.xlsx|材料2|21,材料2|25|正弦波|49|-11,1,q4-ridge-fold-1,True
附件一（训练集）.xlsx|材料1|3148,材料1|90|三角波|55|-11,1,q4-ridge-fold-1,True
附件一（训练集）.xlsx|材料1|608,材料1|70|正弦波|49|-15,2,q4-ridge-fold-2,True
附件一（训练集）.xlsx|材料4|768,材料4|90|正弦波|52|-12,3,q4-ridge-fold-3,True
附件一（训练集）.xlsx|材料2|1926,材料2|90|三角波|49|-11,1,q4-ridge-fold-1,True
附件一（训练集）.xlsx|材料2|1196,材料2|25|三角波|55|-16,0,q4-ridge-fold-0,True
附件一（训练集）.xlsx|材料1|1108,材料1|25|三角波|51|-14,4,q4-ridge-fold-4,True
附件一（训练集）.xlsx|材料3|1701,材料3|70|三角波|49|-8,0,q4-ridge-fold-0,True
附件一（训练集）.xlsx|材料4|2055,材料4|25|三角波|52|-19,4,q4-ridge-fold-4,True
附件一（训练集）.xlsx|材料3|2571,材料3|50|梯形波|55|-16,1,q4-ridge-fold-1,True
附件一（训练集）.xlsx|材料1|3202,材料1|90|梯形波|48|-9,3,q4-ridge-fold-3,True
附件一（训练集）.xlsx|材料4|1428,材料4|70|三角波|48|-15,2,q4-ridge-fold-2,True
附件一（训练集）.xlsx|材料2|1580,材料2|70|三角波|50|-9,3,q4-ridge-fold-3,True
附件一（训练集）.xlsx|材料4|2269,材料4|50|梯形波|47|-14,0,q4-ridge-fold-0,True
附件一（训练集）.xlsx|材料1|2067,材料1|90|三角波|51|-13,1,q4-ridge-fold-1,True
附件一（训练集）.xlsx|材料2|445,材料2|50|正弦波|52|-12,0,q4-ridge-fold-0,True
附件一（训练集）.xlsx|材料1|835,材料1|90|正弦波|47|-10,3,q4-ridge-fold-3,True
附件一（训练集）.xlsx|材料3|1765,材料3|90|三角波|52|-16,1,q4-ridge-fold-1,True
附件一（训练集）.xlsx|材料2|2602,材料2|70|梯形波|48|-11,1,q4-ridge-fold-1,True
附件一（训练集）.xlsx|材料2|2087,材料2|25|梯形波|51|-10,3,q4-ridge-fold-3,True
附件一（训练集）.xlsx|材料1|2450,材料1|25|梯形波|50|-11,0,q4-ridge-fold-0,True
附件一（训练集）.xlsx|材料3|166,材料3|50|正弦波|55|-15,1,q4-ridge-fold-1,True
附件一（训练集）.xlsx|材料3|3077,材料3|90|梯形波|54|-10,3,q4-ridge-fold-3,True
附件一（训练集）.xlsx|材料1|658,材料1|70|正弦波|50|-14,4,q4-ridge-fold-4,True
附件一（训练集）.xlsx|材料2|2158,材料2|25|梯形波|52|-16,3,q4-ridge-fold-3,True
附件一（训练集）.xlsx|材料1|2848,材料1|50|梯形波|54|-16,3,q4-ridge-fold-3,True
附件一（训练集）.xlsx|材料2|1599,材料2|70|三角波|54|-18,0,q4-ridge-fold-0,True
附件一（训练集）.xlsx|材料1|1222,材料1|25|三角波|54|-16,2,q4-ridge-fold-2,True
附件一（训练集）.xlsx|材料2|896,材料2|90|正弦波|49|-15,0,q4-ridge-fold-0,True
附件一（训练集）.xlsx|材料3|2915,材料3|90|三角波|55|-18,4,q4-ridge-fold-4,True
附件一（训练集）.xlsx|材料2|2846,材料2|90|梯形波|48|-12,4,q4-ridge-fold-4,True
附件一（训练集）.xlsx|材料4|1645,材料4|70|三角波|49|-6,2,q4-ridge-fold-2,True
附件一（训练集）.xlsx|材料2|1743,材料2|70|三角波|55|-9,2,q4-ridge-fold-2,True
附件一（训练集）.xlsx|材料1|2298,材料1|90|三角波|49|-14,0,q4-ridge-fold-0,True
附件一（训练集）.xlsx|材料2|247,材料2|70|正弦波|53|-14,1,q4-ridge-fold-1,True
附件一（训练集）.xlsx|材料4|883,材料4|25|三角波|47|-17,3,q4-ridge-fold-3,True
附件一（训练集）.xlsx|材料4|1316,材料4|50|三角波|55|-15,2,q4-ridge-fold-2,True
附件一（训练集）.xlsx|材料3|2282,材料3|25|梯形波|56|-13,1,q4-ridge-fold-1,True
附件一（训练集）.xlsx|材料3|1389,材料3|50|三角波|49|-6,3,q4-ridge-fold-3,True
附件一（训练集）.xlsx|材料3|1796,材料3|90|三角波|56|-20,3,q4-ridge-fold-3,True
附件一（训练集）.xlsx|材料3|2644,材料3|70|梯形波|49|-7,0,q4-ridge-fold-0,True
附件一（训练集）.xlsx|材料3|2266,材料3|25|梯形波|55|-9,0,q4-ridge-fold-0,True
附件一（训练集）.xlsx|材料1|616,材料1|70|正弦波|49|-7,3,q4-ridge-fold-3,True
附件一（训练集）.xlsx|材料2|1419,材料2|50|三角波|54|-14,2,q4-ridge-fold-2,True
附件一（训练集）.xlsx|材料2|2235,材料2|25|梯形波|52|-18,1,q4-ridge-fold-1,True
附件一（训练集）.xlsx|材料1|646,材料1|70|正弦波|50|-9,3,q4-ridge-fold-3,True
附件一（训练集）.xlsx|材料1|2781,材料1|50|梯形波|52|-13,4,q4-ridge-fold-4,True
附件一（训练集）.xlsx|材料2|466,材料2|70|正弦波|52|-13,0,q4-ridge-fold-0,True
附件一（训练集）.xlsx|材料1|1432,材料1|50|三角波|51|-15,1,q4-ridge-fold-1,True
附件一（训练集）.xlsx|材料2|2377,材料2|50|梯形波|51|-15,1,q4-ridge-fold-1,True
附件一（训练集）.xlsx|材料4|2456,材料4|70|三角波|55|-13,1,q4-ridge-fold-1,True
附件一（训练集）.xlsx|材料1|39,材料1|25|正弦波|47|-12,0,q4-ridge-fold-0,True
附件一（训练集）.xlsx|材料1|2407,材料1|25|梯形波|48|-13,4,q4-ridge-fold-4,True
附件一（训练集）.xlsx|材料3|1128,材料3|25|三角波|55|-12,0,q4-ridge-fold-0,True
附件一（训练集）.xlsx|材料1|2452,材料1|25|梯形波|50|-10,1,q4-ridge-fold-1,True
附件一（训练集）.xlsx|材料2|560,材料2|25|正弦波|52|-20,4,q4-ridge-fold-4,True
附件一（训练集）.xlsx|材料3|1553,材料3|70|三角波|56|-18,4,q4-ridge-fold-4,True
附件一（训练集）.xlsx|材料2|552,材料2|25|正弦波|52|-18,0,q4-ridge-fold-0,True
附件一（训练集）.xlsx|材料1|1488,材料1|50|三角波|52|-19,0,q4-ridge-fold-0,True
附件一（训练集）.xlsx|材料2|1405,材料2|50|三角波|52|-9,0,q4-ridge-fold-0,True
附件一（训练集）.xlsx|材料3|2519,材料3|50|梯形波|49|-11,1,q4-ridge-fold-1,True
附件一（训练集）.xlsx|材料2|543,材料2|25|正弦波|50|-18,0,q4-ridge-fold-0,True
附件一（训练集）.xlsx|材料2|2752,材料2|70|梯形波|46|-11,3,q4-ridge-fold-3,True
附件一（训练集）.xlsx|材料1|2131,材料1|90|三角波|52|-12,3,q4-ridge-fold-3,True
附件一（训练集）.xlsx|材料1|1686,材料1|50|三角波|49|-10,0,q4-ridge-fold-0,True
附件一（训练集）.xlsx|材料2|1391,材料2|50|三角波|49|-7,4,q4-ridge-fold-4,True
附件一（训练集）.xlsx|材料1|1209,材料1|25|三角波|53|-14,1,q4-ridge-fold-1,True
附件一（训练集）.xlsx|材料4|720,材料4|90|正弦波|50|-15,3,q4-ridge-fold-3,True
附件一（训练集）.xlsx|材料4|755,材料4|90|正弦波|52|-12,3,q4-ridge-fold-3,True
附件一（训练集）.xlsx|材料1|1546,材料1|50|三角波|54|-17,2,q4-ridge-fold-2,True
附件一（训练集）.xlsx|材料3|2390,材料3|50|梯形波|55|-12,0,q4-ridge-fold-0,True
附件一（训练集）.xlsx|材料3|2885,材料3|70|梯形波|56|-16,3,q4-ridge-fold-3,True
附件一（训练集）.xlsx|材料2|2954,材料2|90|梯形波|52|-8,1,q4-ridge-fold-1,True
附件一（训练集）.xlsx|材料1|2173,材料1|90|三角波|54|-10,4,q4-ridge-fold-4,True
附件一（训练集）.xlsx|材料4|889,材料4|25|三角波|47|-12,3,q4-ridge-fold-3,True
附件一（训练集）.xlsx|材料4|1374,材料4|50|三角波|49|-13,2,q4-ridge-fold-2,True
附件一（训练集）.xlsx|材料4|1360,材料4|50|三角波|48|-10,1,q4-ridge-fold-1,True
附件一（训练集）.xlsx|材料3|1727,材料3|70|三角波|54|-15,1,q4-ridge-fold-1,True
附件一（训练集）.xlsx|材料2|1811,材料2|90|三角波|51|-18,4,q4-ridge-fold-4,True
附件一（训练集）.xlsx|材料4|792,材料4|90|正弦波|53|-18,3,q4-ridge-fold-3,True
附件一（训练集）.xlsx|材料2|2011,材料2|90|三角波|52|-6,1,q4-ridge-fold-1,True
附件一（训练集）.xlsx|材料4|1484,材料4|70|三角波|52|-16,4,q4-ridge-fold-4,True
附件一（训练集）.xlsx|材料2|2789,材料2|90|梯形波|49|-16,3,q4-ridge-fold-3,True
附件一（训练集）.xlsx|材料1|1992,材料1|70|三角波|49|-10,2,q4-ridge-fold-2,True
附件一（训练集）.xlsx|材料3|3129,材料3|90|梯形波|49|-10,4,q4-ridge-fold-4,True
附件一（训练集）.xlsx|材料4|794,材料4|90|正弦波|53|-15,0,q4-ridge-fold-0,True
附件一（训练集）.xlsx|材料3|206,材料3|70|正弦波|50|-11,1,q4-ridge-fold-1,True
附件一（训练集）.xlsx|材料3|180,材料3|70|正弦波|47|-14,2,q4-ridge-fold-2,True
附件一（训练集）.xlsx|材料2|1503,材料2|50|三角波|55|-10,3,q4-ridge-fold-3,True
附件一（训练集）.xlsx|材料2|2620,材料2|70|梯形波|51|-13,4,q4-ridge-fold-4,True
附件一（训练集）.xlsx|材料2|2470,材料2|50|梯形波|52|-10,0,q4-ridge-fold-0,True
附件一（训练集）.xlsx|材料1|1538,材料1|50|三角波|54|-11,3,q4-ridge-fold-3,True
附件一（训练集）.xlsx|材料1|2961,材料1|70|梯形波|49|-12,2,q4-ridge-fold-2,True
附件一（训练集）.xlsx|材料1|243,材料1|25|正弦波|53|-19,0,q4-ridge-fold-0,True
附件一（训练集）.xlsx|材料2|1638,材料2|70|三角波|50|-12,2,q4-ridge-fold-2,True
附件一（训练集）.xlsx|材料1|1622,材料1|50|三角波|47|-12,0,q4-ridge-fold-0,True
附件一（训练集）.xlsx|材料3|2294,材料3|25|梯形波|47|-9,2,q4-ridge-fold-2,True
附件一（训练集）.xlsx|材料1|1246,材料1|25|三角波|54|-12,0,q4-ridge-fold-0,True
附件一（训练集）.xlsx|材料3|2500,材料3|50|梯形波|46|-7,2,q4-ridge-fold-2,True
附件一（训练集）.xlsx|材料3|780,材料3|90|正弦波|53|-17,0,q4-ridge-fold-0,True
附件一（训练集）.xlsx|材料1|2794,材料1|50|梯形波|52|-19,2,q4-ridge-fold-2,True
附件一（训练集）.xlsx|材料3|578,材料3|50|正弦波|46|-9,4,q4-ridge-fold-4,True
附件一（训练集）.xlsx|材料2|2829,材料2|90|梯形波|55|-20,4,q4-ridge-fold-4,True
附件一（训练集）.xlsx|材料2|1237,材料2|25|三角波|52|-12,2,q4-ridge-fold-2,True
附件一（训练集）.xlsx|材料4|1943,材料4|25|三角波|49|-15,0,q4-ridge-fold-0,True
附件一（训练集）.xlsx|材料1|473,材料1|50|正弦波|52|-18,3,q4-ridge-fold-3,True
附件一（训练集）.xlsx|材料1|3124,材料1|70|梯形波|55|-20,3,q4-ridge-fold-3,True
附件一（训练集）.xlsx|材料1|1445,材料1|50|三角波|52|-19,0,q4-ridge-fold-0,True
附件一（训练集）.xlsx|材料1|1330,材料1|25|三角波|48|-10,3,q4-ridge-fold-3,True
附件一（训练集）.xlsx|材料1|771,材料1|70|正弦波|53|-11,3,q4-ridge-fold-3,True
附件一（训练集）.xlsx|材料3|2197,材料3|25|梯形波|48|-7,2,q4-ridge-fold-2,True
附件一（训练集）.xlsx|材料3|1951,材料3|90|三角波|56|-15,4,q4-ridge-fold-4,True
附件一（训练集）.xlsx|材料3|2599,材料3|50|梯形波|47|-7,1,q4-ridge-fold-1,True
附件一（训练集）.xlsx|材料3|366,材料3|90|正弦波|49|-9,4,q4-ridge-fold-4,True
附件一（训练集）.xlsx|材料2|2848,材料2|90|梯形波|48|-10,4,q4-ridge-fold-4,True
附件一（训练集）.xlsx|材料2|1009,材料2|25|正弦波|46|-16,3,q4-ridge-fold-3,True
附件一（训练集）.xlsx|材料1|595,材料1|70|正弦波|49|-14,3,q4-ridge-fold-3,True
附件一（训练集）.xlsx|材料1|2582,材料1|25|梯形波|54|-8,3,q4-ridge-fold-3,True
附件一（训练集）.xlsx|材料2|343,材料2|90|正弦波|55|-20,1,q4-ridge-fold-1,True
附件一（训练集）.xlsx|材料1|2603,材料1|50|三角波|55|-16,1,q4-ridge-fold-1,True
附件一（训练集）.xlsx|材料1|2861,材料1|50|梯形波|55|-20,4,q4-ridge-fold-4,True
附件一（训练集）.xlsx|材料3|1771,材料3|90|三角波|54|-20,4,q4-ridge-fold-4,True
附件一（训练集）.xlsx|材料2|2458,材料2|50|梯形波|52|-14,3,q4-ridge-fold-3,True
附件一（训练集）.xlsx|材料1|1018,材料1|90|正弦波|53|-14,4,q4-ridge-fold-4,True
附件一（训练集）.xlsx|材料1|1636,材料1|50|三角波|48|-13,1,q4-ridge-fold-1,True
附件一（训练集）.xlsx|材料1|3172,材料1|90|梯形波|46|-10,0,q4-ridge-fold-0,True
附件一（训练集）.xlsx|材料2|498,材料2|70|正弦波|52|-16,3,q4-ridge-fold-3,True
附件一（训练集）.xlsx|材料2|913,材料2|90|正弦波|49|-13,0,q4-ridge-fold-0,True
附件一（训练集）.xlsx|材料4|704,材料4|90|正弦波|50|-17,3,q4-ridge-fold-3,True
附件一（训练集）.xlsx|材料2|1985,材料2|90|三角波|48|-10,0,q4-ridge-fold-0,True
附件一（训练集）.xlsx|材料2|614,材料2|50|正弦波|49|-13,4,q4-ridge-fold-4,True
附件一（训练集）.xlsx|材料1|442,材料1|50|正弦波|52|-15,0,q4-ridge-fold-0,True
附件一（训练集）.xlsx|材料3|1748,材料3|90|三角波|49|-15,2,q4-ridge-fold-2,True
附件一（训练集）.xlsx|材料4|1669,材料4|70|三角波|50|-13,2,q4-ridge-fold-2,True
附件一（训练集）.xlsx|材料2|772,材料2|90|正弦波|46|-10,2,q4-ridge-fold-2,True
附件一（训练集）.xlsx|材料3|95,材料3|50|正弦波|46|-10,1,q4-ridge-fold-1,True
附件一（训练集）.xlsx|材料4|1664,材料4|70|三角波|50|-18,3,q4-ridge-fold-3,True
附件一（训练集）.xlsx|材料1|871,材料1|90|正弦波|49|-16,1,q4-ridge-fold-1,True
附件一（训练集）.xlsx|材料4|618,材料4|70|正弦波|55|-14,2,q4-ridge-fold-2,True
附件一（训练集）.xlsx|材料4|1817,材料4|90|三角波|55|-17,2,q4-ridge-fold-2,True
附件一（训练集）.xlsx|材料1|1620,材料1|50|三角波|56|-13,1,q4-ridge-fold-1,True
附件一（训练集）.xlsx|材料1|2881,材料1|70|三角波|55|-9,1,q4-ridge-fold-1,True
附件一（训练集）.xlsx|材料4|151,材料4|25|正弦波|53|-16,0,q4-ridge-fold-0,True
附件一（训练集）.xlsx|材料4|2704,材料4|90|梯形波|49|-18,0,q4-ridge-fold-0,True
附件一（训练集）.xlsx|材料1|3244,材料1|90|梯形波|50|-10,3,q4-ridge-fold-3,True
附件一（训练集）.xlsx|材料3|2370,材料3|50|梯形波|52|-13,1,q4-ridge-fold-1,True
附件一（训练集）.xlsx|材料1|2907,材料1|70|梯形波|47|-13,0,q4-ridge-fold-0,True
附件一（训练集）.xlsx|材料2|2909,材料2|90|梯形波|56|-20,3,q4-ridge-fold-3,True
附件一（训练集）.xlsx|材料2|1834,材料2|90|三角波|55|-20,3,q4-ridge-fold-3,True
附件一（训练集）.xlsx|材料3|1143,材料3|25|三角波|49|-13,3,q4-ridge-fold-3,True
附件一（训练集）.xlsx|材料3|2484,材料3|50|梯形波|55|-12,0,q4-ridge-fold-0,True
附件一（训练集）.xlsx|材料1|2085,材料1|90|三角波|52|-15,2,q4-ridge-fold-2,True
附件一（训练集）.xlsx|材料2|2821,材料2|90|梯形波|54|-18,3,q4-ridge-fold-3,True
附件一（训练集）.xlsx|材料1|818,材料1|90|正弦波|47|-10,3,q4-ridge-fold-3,True
附件一（训练集）.xlsx|材料4|1454,材料4|70|三角波|50|-16,1,q4-ridge-fold-1,True
附件一（训练集）.xlsx|材料1|2349,材料1|25|三角波|55|-16,4,q4-ridge-fold-4,True
附件一（训练集）.xlsx|材料1|2950,材料1|70|梯形波|49|-10,4,q4-ridge-fold-4,True
附件一（训练集）.xlsx|材料4|172,材料4|25|正弦波|55|-19,2,q4-ridge-fold-2,True
附件一（训练集）.xlsx|材料3|2682,材料3|70|梯形波|55|-18,4,q4-ridge-fold-4,True
附件一（训练集）.xlsx|材料3|2208,材料3|25|梯形波|49|-14,4,q4-ridge-fold-4,True
附件一（训练集）.xlsx|材料4|958,材料4|25|三角波|52|-19,4,q4-ridge-fold-4,True
附件一（训练集）.xlsx|材料4|383,材料4|50|正弦波|54|-13,4,q4-ridge-fold-4,True
附件一（训练集）.xlsx|材料1|2776,材料1|50|梯形波|52|-17,3,q4-ridge-fold-3,True
附件一（训练集）.xlsx|材料1|1232,材料1|25|三角波|54|-19,3,q4-ridge-fold-3,True
附件一（训练集）.xlsx|材料4|809,材料4|90|正弦波|55|-16,2,q4-ridge-fold-2,True
附件一（训练集）.xlsx|材料1|3389,材料1|90|梯形波|54|-9,2,q4-ridge-fold-2,True
附件一（训练集）.xlsx|材料1|1760,材料1|70|三角波|52|-20,2,q4-ridge-fold-2,True
附件一（训练集）.xlsx|材料1|297,材料1|50|正弦波|47|-10,1,q4-ridge-fold-1,True
附件一（训练集）.xlsx|材料1|1930,材料1|70|三角波|47|-12,4,q4-ridge-fold-4,True
附件一（训练集）.xlsx|材料3|354,材料3|25|正弦波|53|-12,2,q4-ridge-fold-2,True
附件一（训练集）.xlsx|材料3|1585,材料3|70|三角波|52|-7,1,q4-ridge-fold-1,True
附件一（训练集）.xlsx|材料2|2842,材料2|90|梯形波|46|-12,2,q4-ridge-fold-2,True
附件一（训练集）.xlsx|材料4|464,材料4|70|正弦波|49|-11,0,q4-ridge-fold-0,True
附件一（训练集）.xlsx|材料3|3162,材料3|90|梯形波|54|-12,0,q4-ridge-fold-0,True
附件一（训练集）.xlsx|材料2|1046,材料2|25|正弦波|49|-8,1,q4-ridge-fold-1,True
附件一（训练集）.xlsx|材料1|2258,材料1|90|三角波|48|-11,3,q4-ridge-fold-3,True
附件一（训练集）.xlsx|材料4|1425,材料4|70|三角波|48|-17,3,q4-ridge-fold-3,True
附件一（训练集）.xlsx|材料3|2740,材料3|70|梯形波|52|-14,2,q4-ridge-fold-2,True
附件一（训练集）.xlsx|材料1|429,材料1|50|正弦波|51|-10,4,q4-ridge-fold-4,True
附件一（训练集）.xlsx|材料3|2267,材料3|25|梯形波|55|-21,3,q4-ridge-fold-3,True
附件一（训练集）.xlsx|材料1|3227,材料1|90|梯形波|49|-12,3,q4-ridge-fold-3,True
附件一（训练集）.xlsx|材料2|1402,材料2|50|三角波|50|-7,1,q4-ridge-fold-1,True
附件一（训练集）.xlsx|材料2|2521,材料2|70|三角波|55|-16,1,q4-ridge-fold-1,True
附件一（训练集）.xlsx|材料4|1882,材料4|90|三角波|49|-8,1,q4-ridge-fold-1,True
附件一（训练集）.xlsx|材料1|1081,材料1|25|三角波|48|-14,2,q4-ridge-fold-2,True
附件一（训练集）.xlsx|材料2|1586,材料2|70|三角波|52|-14,0,q4-ridge-fold-0,True
附件一（训练集）.xlsx|材料2|2352,材料2|50|梯形波|55|-12,4,q4-ridge-fold-4,True
附件一（训练集）.xlsx|材料4|1841,材料4|90|三角波|56|-15,0,q4-ridge-fold-0,True
附件一（训练集）.xlsx|材料1|2631,材料1|50|三角波|55|-9,0,q4-ridge-fold-0,True
附件一（训练集）.xlsx|材料3|2744,材料3|70|梯形波|52|-6,3,q4-ridge-fold-3,True
附件一（训练集）.xlsx|材料3|3142,材料3|90|梯形波|52|-13,1,q4-ridge-fold-1,True
附件一（训练集）.xlsx|材料2|1872,材料2|90|三角波|52|-10,1,q4-ridge-fold-1,True
附件一（训练集）.xlsx|材料1|1434,材料1|50|三角波|51|-13,3,q4-ridge-fold-3,True
附件一（训练集）.xlsx|材料4|2481,材料4|70|梯形波|48|-15,4,q4-ridge-fold-4,True
附件一（训练集）.xlsx|材料1|810,材料1|90|正弦波|47|-16,0,q4-ridge-fold-0,True
附件一（训练集）.xlsx|材料1|1146,材料1|25|三角波|52|-16,2,q4-ridge-fold-2,True
附件一（训练集）.xlsx|材料3|1262,材料3|25|三角波|55|-15,4,q4-ridge-fold-4,True
附件一（训练集）.xlsx|材料1|2053,材料1|90|三角波|50|-9,3,q4-ridge-fold-3,True
附件一（训练集）.xlsx|材料4|2520,材料4|70|梯形波|49|-15,2,q4-ridge-fold-2,True
附件一（训练集）.xlsx|材料3|692,材料3|70|正弦波|50|-10,4,q4-ridge-fold-4,True
附件一（训练集）.xlsx|材料3|3116,材料3|90|梯形波|48|-9,0,q4-ridge-fold-0,True
附件一（训练集）.xlsx|材料1|2706,材料1|50|梯形波|50|-15,3,q4-ridge-fold-3,True
附件一（训练集）.xlsx|材料2|2184,材料2|25|梯形波|55|-18,0,q4-ridge-fold-0,True
附件一（训练集）.xlsx|材料3|2178,材料3|25|梯形波|56|-18,4,q4-ridge-fold-4,True
附件一（训练集）.xlsx|材料2|1544,材料2|50|三角波|52|-12,4,q4-ridge-fold-4,True
附件一（训练集）.xlsx|材料1|344,材料1|50|正弦波|49|-7,3,q4-ridge-fold-3,True
附件一（训练集）.xlsx|材料4|1520,材料4|70|三角波|52|-12,1,q4-ridge-fold-1,True
附件一（训练集）.xlsx|材料1|1699,材料1|70|三角波|47|-14,4,q4-ridge-fold-4,True
附件一（训练集）.xlsx|材料1|1595,材料1|50|三角波|55|-18,3,q4-ridge-fold-3,True
附件一（训练集）.xlsx|材料1|466,材料1|50|正弦波|52|-11,4,q4-ridge-fold-4,True
附件一（训练集）.xlsx|材料4|2067,材料4|25|三角波|53|-17,2,q4-ridge-fold-2,True
附件一（训练集）.xlsx|材料2|2726,材料2|70|梯形波|54|-14,0,q4-ridge-fold-0,True
附件一（训练集）.xlsx|材料3|15,材料3|25|正弦波|47|-12,4,q4-ridge-fold-4,True
附件一（训练集）.xlsx|材料2|1434,材料2|50|三角波|55|-13,4,q4-ridge-fold-4,True
附件一（训练集）.xlsx|材料3|1213,材料3|25|三角波|48|-9,2,q4-ridge-fold-2,True
附件一（训练集）.xlsx|材料2|670,材料2|50|正弦波|55|-12,2,q4-ridge-fold-2,True
附件一（训练集）.xlsx|材料1|2949,材料1|70|梯形波|49|-10,4,q4-ridge-fold-4,True
附件一（训练集）.xlsx|材料4|1164,材料4|50|三角波|47|-16,4,q4-ridge-fold-4,True
附件一（训练集）.xlsx|材料1|1715,材料1|70|三角波|48|-11,1,q4-ridge-fold-1,True
附件一（训练集）.xlsx|材料3|1043,材料3|25|三角波|54|-12,4,q4-ridge-fold-4,True
附件一（训练集）.xlsx|材料3|2817,材料3|70|梯形波|49|-7,0,q4-ridge-fold-0,True
附件一（训练集）.xlsx|材料1|2040,材料1|90|三角波|50|-18,0,q4-ridge-fold-0,True
附件一（训练集）.xlsx|材料4|1910,材料4|90|三角波|49|-9,0,q4-ridge-fold-0,True
附件一（训练集）.xlsx|材料2|1086,材料2|25|正弦波|55|-18,4,q4-ridge-fold-4,True
附件一（训练集）.xlsx|材料1|2384,材料1|25|梯形波|46|-6,0,q4-ridge-fold-0,True
附件一（训练集）.xlsx|材料1|3001,材料1|70|梯形波|51|-7,1,q4-ridge-fold-1,True
附件一（训练集）.xlsx|材料3|2688,材料3|70|梯形波|55|-10,2,q4-ridge-fold-2,True
附件一（训练集）.xlsx|材料3|823,材料3|50|正弦波|49|-8,0,q4-ridge-fold-0,True
附件一（训练集）.xlsx|材料1|2159,材料1|90|三角波|54|-19,2,q4-ridge-fold-2,True
附件一（训练集）.xlsx|材料1|852,材料1|90|正弦波|48|-6,3,q4-ridge-fold-3,True
附件一（训练集）.xlsx|材料4|466,材料4|70|正弦波|49|-10,1,q4-ridge-fold-1,True
附件一（训练集）.xlsx|材料2|1088,材料2|25|正弦波|55|-15,1,q4-ridge-fold-1,True
附件一（训练集）.xlsx|材料2|1740,材料2|70|三角波|55|-19,3,q4-ridge-fold-3,True
附件一（训练集）.xlsx|材料1|2679,材料1|50|梯形波|49|-12,2,q4-ridge-fold-2,True
附件一（训练集）.xlsx|材料3|2766,材料3|70|梯形波|55|-15,2,q4-ridge-fold-2,True
附件一（训练集）.xlsx|材料1|1490,材料1|50|三角波|52|-18,1,q4-ridge-fold-1,True
附件一（训练集）.xlsx|材料1|2758,材料1|50|梯形波|52|-15,1,q4-ridge-fold-1,True
附件一（训练集）.xlsx|材料3|3092,材料3|90|梯形波|55|-16,3,q4-ridge-fold-3,True
附件一（训练集）.xlsx|材料4|419,材料4|70|正弦波|46|-13,1,q4-ridge-fold-1,True
附件一（训练集）.xlsx|材料3|1110,材料3|25|三角波|54|-12,4,q4-ridge-fold-4,True
附件一（训练集）.xlsx|材料4|1041,材料4|25|三角波|55|-19,3,q4-ridge-fold-3,True
附件一（训练集）.xlsx|材料2|1274,材料2|25|三角波|48|-7,0,q4-ridge-fold-0,True
附件一（训练集）.xlsx|材料4|2396,材料4|70|三角波|55|-20,1,q4-ridge-fold-1,True
附件一（训练集）.xlsx|材料2|2168,材料2|25|梯形波|54|-14,4,q4-ridge-fold-4,True
附件一（训练集）.xlsx|材料3|1945,材料3|90|三角波|55|-11,1,q4-ridge-fold-1,True
附件一（训练集）.xlsx|材料3|1658,材料3|70|三角波|52|-10,2,q4-ridge-fold-2,True
附件一（训练集）.xlsx|材料3|890,材料3|70|正弦波|53|-16,3,q4-ridge-fold-3,True
附件一（训练集）.xlsx|材料3|3082,材料3|90|梯形波|55|-17,1,q4-ridge-fold-1,True
附件一（训练集）.xlsx|材料1|2274,材料1|90|三角波|49|-10,3,q4-ridge-fold-3,True
附件一（训练集）.xlsx|材料3|1049,材料3|25|三角波|55|-14,1,q4-ridge-fold-1,True
附件一（训练集）.xlsx|材料4|543,材料4|70|正弦波|52|-17,0,q4-ridge-fold-0,True
附件一（训练集）.xlsx|材料4|954,材料4|25|三角波|51|-12,3,q4-ridge-fold-3,True
附件一（训练集）.xlsx|材料1|2132,材料1|90|三角波|52|-11,2,q4-ridge-fold-2,True
附件一（训练集）.xlsx|材料2|2537,材料2|70|梯形波|48|-7,0,q4-ridge-fold-0,True
附件一（训练集）.xlsx|材料3|1301,材料3|50|三角波|55|-20,4,q4-ridge-fold-4,True
附件一（训练集）.xlsx|材料1|2297,材料1|90|三角波|49|-15,3,q4-ridge-fold-3,True
附件一（训练集）.xlsx|材料2|1397,材料2|50|三角波|50|-12,2,q4-ridge-fold-2,True
附件一（训练集）.xlsx|材料2|1092,材料2|25|正弦波|55|-18,4,q4-ridge-fold-4,True
附件一（训练集）.xlsx|材料4|2604,材料4|90|三角波|55|-11,3,q4-ridge-fold-3,True
附件一（训练集）.xlsx|材料1|1040,材料1|90|正弦波|54|-19,1,q4-ridge-fold-1,True
附件一（训练集）.xlsx|材料2|1288,材料2|25|三角波|49|-7,4,q4-ridge-fold-4,True
附件一（训练集）.xlsx|材料3|1119,材料3|25|三角波|55|-13,1,q4-ridge-fold-1,True
附件一（训练集）.xlsx|材料3|1207,材料3|25|三角波|56|-16,1,q4-ridge-fold-1,True
附件一（训练集）.xlsx|材料2|98,材料2|50|正弦波|46|-10,1,q4-ridge-fold-1,True
附件一（训练集）.xlsx|材料3|482,材料3|90|正弦波|52|-15,4,q4-ridge-fold-4,True
附件一（训练集）.xlsx|材料2|2871,材料2|90|梯形波|52|-13,2,q4-ridge-fold-2,True
附件一（训练集）.xlsx|材料4|2072,材料4|25|三角波|55|-19,3,q4-ridge-fold-3,True
附件一（训练集）.xlsx|材料1|813,材料1|90|正弦波|47|-14,4,q4-ridge-fold-4,True
附件一（训练集）.xlsx|材料1|2639,材料1|50|梯形波|46|-7,0,q4-ridge-fold-0,True
附件一（训练集）.xlsx|材料3|545,材料3|25|正弦波|53|-18,3,q4-ridge-fold-3,True
附件一（训练集）.xlsx|材料4|1382,材料4|50|三角波|49|-7,1,q4-ridge-fold-1,True
附件一（训练集）.xlsx|材料2|1471,材料2|50|三角波|52|-16,0,q4-ridge-fold-0,True
附件一（训练集）.xlsx|材料1|1447,材料1|50|三角波|52|-18,1,q4-ridge-fold-1,True
附件一（训练集）.xlsx|材料3|870,材料3|50|正弦波|49|-11,2,q4-ridge-fold-2,True
附件一（训练集）.xlsx|材料3|1704,材料3|70|三角波|50|-15,0,q4-ridge-fold-0,True
附件一（训练集）.xlsx|材料4|1998,材料4|25|三角波|55|-16,3,q4-ridge-fold-3,True
附件一（训练集）.xlsx|材料3|2424,材料3|50|梯形波|49|-11,1,q4-ridge-fold-1,True
附件一（训练集）.xlsx|材料1|2188,材料1|90|三角波|55|-20,2,q4-ridge-fold-2,True
附件一（训练集）.xlsx|材料1|1124,材料1|25|三角波|51|-16,3,q4-ridge-fold-3,True
附件一（训练集）.xlsx|材料1|705,材料1|70|正弦波|52|-17,3,q4-ridge-fold-3,True
附件一（训练集）.xlsx|材料1|1752,材料1|70|三角波|51|-11,0,q4-ridge-fold-0,True
附件一（训练集）.xlsx|材料4|500,材料4|70|正弦波|50|-10,1,q4-ridge-fold-1,True
附件一（训练集）.xlsx|材料1|860,材料1|90|正弦波|49|-12,4,q4-ridge-fold-4,True
附件一（训练集）.xlsx|材料1|2011,材料1|90|三角波|47|-11,3,q4-ridge-fold-3,True
附件一（训练集）.xlsx|材料1|597,材料1|70|正弦波|49|-12,3,q4-ridge-fold-3,True
附件一（训练集）.xlsx|材料1|1641,材料1|50|三角波|48|-10,0,q4-ridge-fold-0,True
附件一（训练集）.xlsx|材料1|2759,材料1|50|梯形波|52|-14,4,q4-ridge-fold-4,True
附件一（训练集）.xlsx|材料3|1167,材料3|25|三角波|52|-9,4,q4-ridge-fold-4,True
附件一（训练集）.xlsx|材料3|1885,材料3|90|三角波|49|-15,2,q4-ridge-fold-2,True
附件一（训练集）.xlsx|材料4|1460,材料4|70|三角波|50|-11,1,q4-ridge-fold-1,True
附件一（训练集）.xlsx|材料4|2379,材料4|70|三角波|48|-13,1,q4-ridge-fold-1,True
附件一（训练集）.xlsx|材料4|2378,材料4|50|梯形波|52|-17,2,q4-ridge-fold-2,True
附件一（训练集）.xlsx|材料1|1903,材料1|70|三角波|55|-12,1,q4-ridge-fold-1,True
附件一（训练集）.xlsx|材料1|2083,材料1|90|三角波|52|-17,3,q4-ridge-fold-3,True
附件一（训练集）.xlsx|材料4|1159,材料4|25|三角波|50|-16,3,q4-ridge-fold-3,True
附件一（训练集）.xlsx|材料4|1204,材料4|50|三角波|50|-18,1,q4-ridge-fold-1,True
附件一（训练集）.xlsx|材料3|1077,材料3|25|三角波|49|-9,3,q4-ridge-fold-3,True
附件一（训练集）.xlsx|材料1|3111,材料1|70|梯形波|54|-17,2,q4-ridge-fold-2,True
附件一（训练集）.xlsx|材料4|246,材料4|50|正弦波|49|-9,0,q4-ridge-fold-0,True
附件一（训练集）.xlsx|材料1|362,材料1|50|正弦波|49|-17,0,q4-ridge-fold-0,True
附件一（训练集）.xlsx|材料1|2448,材料1|25|梯形波|50|-13,0,q4-ridge-fold-0,True
附件一（训练集）.xlsx|材料1|2825,材料1|50|梯形波|53|-10,2,q4-ridge-fold-2,True
附件一（训练集）.xlsx|材料3|1344,材料3|50|三角波|52|-9,2,q4-ridge-fold-2,True
附件一（训练集）.xlsx|材料1|526,材料1|50|正弦波|54|-14,3,q4-ridge-fold-3,True
附件一（训练集）.xlsx|材料1|3290,材料1|90|梯形波|52|-14,3,q4-ridge-fold-3,True
附件一（训练集）.xlsx|材料2|1425,材料2|50|三角波|55|-16,0,q4-ridge-fold-0,True
附件一（训练集）.xlsx|材料2|432,材料2|25|正弦波|53|-19,3,q4-ridge-fold-3,True
附件一（训练集）.xlsx|材料1|2202,材料1|90|三角波|55|-20,2,q4-ridge-fold-2,True
附件一（训练集）.xlsx|材料4|2114,材料4|25|梯形波|47|-9,1,q4-ridge-fold-1,True
附件一（训练集）.xlsx|材料3|1601,材料3|70|三角波|54|-9,2,q4-ridge-fold-2,True
附件一（训练集）.xlsx|材料1|1756,材料1|70|三角波|51|-9,1,q4-ridge-fold-1,True
附件一（训练集）.xlsx|材料4|739,材料4|90|正弦波|51|-11,0,q4-ridge-fold-0,True
附件一（训练集）.xlsx|材料4|970,材料4|25|三角波|52|-12,4,q4-ridge-fold-4,True
附件一（训练集）.xlsx|材料4|1902,材料4|90|三角波|49|-13,4,q4-ridge-fold-4,True
附件一（训练集）.xlsx|材料2|165,材料2|50|正弦波|55|-15,4,q4-ridge-fold-4,True
附件一（训练集）.xlsx|材料4|400,材料4|50|正弦波|55|-16,3,q4-ridge-fold-3,True
附件一（训练集）.xlsx|材料4|1897,材料4|90|三角波|49|-7,2,q4-ridge-fold-2,True
附件一（训练集）.xlsx|材料4|455,材料4|70|正弦波|48|-8,4,q4-ridge-fold-4,True
附件一（训练集）.xlsx|材料2|2460,材料2|50|梯形波|52|-11,3,q4-ridge-fold-3,True
附件一（训练集）.xlsx|材料1|230,材料1|25|正弦波|53|-18,1,q4-ridge-fold-1,True
附件一（训练集）.xlsx|材料2|635,材料2|50|正弦波|50|-11,2,q4-ridge-fold-2,True
附件一（训练集）.xlsx|材料3|1708,材料3|70|三角波|50|-7,2,q4-ridge-fold-2,True
附件一（训练集）.xlsx|材料3|1545,材料3|70|三角波|55|-16,4,q4-ridge-fold-4,True
附件一（训练集）.xlsx|材料3|2204,材料3|25|梯形波|49|-9,0,q4-ridge-fold-0,True
附件一（训练集）.xlsx|材料3|2937,材料3|90|梯形波|48|-11,1,q4-ridge-fold-1,True
附件一（训练集）.xlsx|材料3|1370,材料3|50|三角波|55|-17,0,q4-ridge-fold-0,True
附件一（训练集）.xlsx|材料4|2014,材料4|25|三角波|55|-17,0,q4-ridge-fold-0,True
附件一（训练集）.xlsx|材料4|293,材料4|50|正弦波|50|-16,4,q4-ridge-fold-4,True
附件一（训练集）.xlsx|材料3|88,材料3|50|正弦波|46|-17,2,q4-ridge-fold-2,True
附件一（训练集）.xlsx|材料1|2877,材料1|70|三角波|55|-12,1,q4-ridge-fold-1,True
附件一（训练集）.xlsx|材料1|2775,材料1|50|梯形波|52|-17,3,q4-ridge-fold-3,True
附件一（训练集）.xlsx|材料2|2935,材料2|90|梯形波|49|-14,4,q4-ridge-fold-4,True
附件一（训练集）.xlsx|材料3|22,材料3|25|正弦波|49|-14,2,q4-ridge-fold-2,True
附件一（训练集）.xlsx|材料1|1744,材料1|70|三角波|51|-17,4,q4-ridge-fold-4,True
附件一（训练集）.xlsx|材料1|757,材料1|70|正弦波|53|-19,2,q4-ridge-fold-2,True
附件一（训练集）.xlsx|材料1|1058,材料1|90|正弦波|55|-17,2,q4-ridge-fold-2,True
附件一（训练集）.xlsx|材料4|587,材料4|70|正弦波|54|-20,1,q4-ridge-fold-1,True
附件一（训练集）.xlsx|材料1|1792,材料1|70|三角波|52|-13,4,q4-ridge-fold-4,True
附件一（训练集）.xlsx|材料4|1607,材料4|70|三角波|48|-10,1,q4-ridge-fold-1,True
附件一（训练集）.xlsx|材料2|1762,材料2|70|三角波|48|-11,0,q4-ridge-fold-0,True
附件一（训练集）.xlsx|材料2|2204,材料2|25|梯形波|48|-13,2,q4-ridge-fold-2,True
附件一（训练集）.xlsx|材料3|77,材料3|25|正弦波|55|-20,4,q4-ridge-fold-4,True
附件一（训练集）.xlsx|材料3|2253,材料3|25|梯形波|54|-11,4,q4-ridge-fold-4,True
附件一（训练集）.xlsx|材料1|2811,材料1|50|梯形波|52|-9,4,q4-ridge-fold-4,True
附件一（训练集）.xlsx|材料4|1786,材料4|90|三角波|53|-12,0,q4-ridge-fold-0,True
附件一（训练集）.xlsx|材料2|2764,材料2|90|三角波|55|-12,3,q4-ridge-fold-3,True
附件一（训练集）.xlsx|材料3|775,材料3|90|正弦波|52|-15,4,q4-ridge-fold-4,True
附件一（训练集）.xlsx|材料2|1209,材料2|25|三角波|56|-17,3,q4-ridge-fold-3,True
附件一（训练集）.xlsx|材料3|1831,材料3|90|三角波|52|-9,3,q4-ridge-fold-3,True
附件一（训练集）.xlsx|材料2|2995,材料2|90|梯形波|46|-11,4,q4-ridge-fold-4,True
附件一（训练集）.xlsx|材料1|2651,材料1|50|梯形波|47|-6,4,q4-ridge-fold-4,True
附件一（训练集）.xlsx|材料2|1334,材料2|50|三角波|50|-16,2,q4-ridge-fold-2,True
附件一（训练集）.xlsx|材料1|2238,材料1|90|三角波|56|-15,1,q4-ridge-fold-1,True
附件一（训练集）.xlsx|材料1|2654,材料1|50|梯形波|48|-13,2,q4-ridge-fold-2,True
附件一（训练集）.xlsx|材料4|1266,材料4|50|三角波|53|-20,0,q4-ridge-fold-0,True
附件一（训练集）.xlsx|材料4|622,材料4|70|正弦波|56|-18,3,q4-ridge-fold-3,True
附件一（训练集）.xlsx|材料2|2251,材料2|25|梯形波|55|-17,0,q4-ridge-fold-0,True
附件一（训练集）.xlsx|材料2|936,材料2|70|正弦波|46|-9,2,q4-ridge-fold-2,True
附件一（训练集）.xlsx|材料3|1672,材料3|70|三角波|55|-20,4,q4-ridge-fold-4,True
附件一（训练集）.xlsx|材料1|2901,材料1|70|梯形波|46|-8,2,q4-ridge-fold-2,True
附件一（训练集）.xlsx|材料2|2688,材料2|70|梯形波|49|-7,1,q4-ridge-fold-1,True
附件一（训练集）.xlsx|材料4|2203,材料4|50|三角波|55|-18,0,q4-ridge-fold-0,True
附件一（训练集）.xlsx|材料3|850,材料3|70|正弦波|50|-12,1,q4-ridge-fold-1,True
附件一（训练集）.xlsx|材料2|1849,材料2|90|三角波|56|-17,4,q4-ridge-fold-4,True
附件一（训练集）.xlsx|材料2|45,材料2|25|正弦波|52|-18,0,q4-ridge-fold-0,True
附件一（训练集）.xlsx|材料4|2104,材料4|25|梯形波|46|-9,2,q4-ridge-fold-2,True
附件一（训练集）.xlsx|材料3|1933,材料3|90|三角波|55|-16,0,q4-ridge-fold-0,True
附件一（训练集）.xlsx|材料4|1723,材料4|90|三角波|51|-14,2,q4-ridge-fold-2,True
附件一（训练集）.xlsx|材料2|2166,材料2|25|梯形波|54|-16,2,q4-ridge-fold-2,True
附件一（训练集）.xlsx|材料2|901,材料2|90|正弦波|52|-10,0,q4-ridge-fold-0,True
附件一（训练集）.xlsx|材料3|2845,材料3|70|梯形波|52|-8,4,q4-ridge-fold-4,True
附件一（训练集）.xlsx|材料4|286,材料4|50|正弦波|50|-9,4,q4-ridge-fold-4,True
附件一（训练集）.xlsx|材料4|822,材料4|90|正弦波|55|-15,3,q4-ridge-fold-3,True
附件一（训练集）.xlsx|材料4|421,材料4|70|正弦波|46|-11,3,q4-ridge-fold-3,True
附件一（训练集）.xlsx|材料3|1417,材料3|50|三角波|54|-19,1,q4-ridge-fold-1,True
附件一（训练集）.xlsx|材料2|2053,材料2|25|三角波|55|-17,4,q4-ridge-fold-4,True
附件一（训练集）.xlsx|材料3|2777,材料3|70|梯形波|55|-15,2,q4-ridge-fold-2,True
附件一（训练集）.xlsx|材料2|585,材料2|25|正弦波|55|-20,3,q4-ridge-fold-3,True
附件一（训练集）.xlsx|材料1|3378,材料1|90|梯形波|54|-16,1,q4-ridge-fold-1,True
附件一（训练集）.xlsx|材料1|659,材料1|70|正弦波|50|-13,1,q4-ridge-fold-1,True
附件一（训练集）.xlsx|材料3|694,材料3|70|正弦波|50|-8,2,q4-ridge-fold-2,True
附件一（训练集）.xlsx|材料4|547,材料4|70|正弦波|52|-14,0,q4-ridge-fold-0,True
附件一（训练集）.xlsx|材料3|698,材料3|70|正弦波|52|-15,4,q4-ridge-fold-4,True
附件一（训练集）.xlsx|材料1|256,材料1|25|正弦波|53|-11,0,q4-ridge-fold-0,True
附件一（训练集）.xlsx|材料4|892,材料4|25|三角波|47|-10,1,q4-ridge-fold-1,True
附件一（训练集）.xlsx|材料1|2850,材料1|50|梯形波|54|-14,2,q4-ridge-fold-2,True
附件一（训练集）.xlsx|材料3|1133,材料3|25|三角波|56|-17,4,q4-ridge-fold-4,True
附件一（训练集）.xlsx|材料4|732,材料4|90|正弦波|51|-15,4,q4-ridge-fold-4,True
附件一（训练集）.xlsx|材料2|187,材料2|70|正弦波|46|-7,0,q4-ridge-fold-0,True
附件一（训练集）.xlsx|材料4|796,材料4|90|正弦波|53|-14,2,q4-ridge-fold-2,True
附件一（训练集）.xlsx|材料2|608,材料2|50|正弦波|47|-8,2,q4-ridge-fold-2,True
附件一（训练集）.xlsx|材料4|2726,材料4|90|梯形波|50|-10,2,q4-ridge-fold-2,True
附件一（训练集）.xlsx|材料3|1273,材料3|50|三角波|50|-17,4,q4-ridge-fold-4,True
附件一（训练集）.xlsx|材料4|1020,材料4|25|三角波|54|-16,3,q4-ridge-fold-3,True
附件一（训练集）.xlsx|材料1|1203,材料1|25|三角波|53|-18,2,q4-ridge-fold-2,True
附件一（训练集）.xlsx|材料3|3007,材料3|90|梯形波|55|-16,3,q4-ridge-fold-3,True
附件一（训练集）.xlsx|材料1|1349,材料1|25|三角波|49|-8,2,q4-ridge-fold-2,True
附件一（训练集）.xlsx|材料1|2130,材料1|90|三角波|52|-12,3,q4-ridge-fold-3,True
附件一（训练集）.xlsx|材料3|1807,材料3|90|三角波|49|-7,3,q4-ridge-fold-3,True
附件一（训练集）.xlsx|材料2|14,材料2|25|正弦波|47|-11,0,q4-ridge-fold-0,True
附件一（训练集）.xlsx|材料2|388,材料2|70|正弦波|52|-18,2,q4-ridge-fold-2,True
附件一（训练集）.xlsx|材料2|1382,材料2|50|三角波|49|-8,2,q4-ridge-fold-2,True
附件一（训练集）.xlsx|材料4|1399,材料4|50|三角波|49|-8,4,q4-ridge-fold-4,True
附件一（训练集）.xlsx|材料1|1136,材料1|25|三角波|51|-9,4,q4-ridge-fold-4,True
附件一（训练集）.xlsx|材料4|847,材料4|90|正弦波|47|-17,0,q4-ridge-fold-0,True
附件一（训练集）.xlsx|材料1|2996,材料1|70|梯形波|51|-11,1,q4-ridge-fold-1,True
附件一（训练集）.xlsx|材料3|697,材料3|70|正弦波|52|-16,3,q4-ridge-fold-3,True
附件一（训练集）.xlsx|材料2|942,材料2|70|正弦波|52|-10,1,q4-ridge-fold-1,True
附件一（训练集）.xlsx|材料2|1655,材料2|70|三角波|52|-13,3,q4-ridge-fold-3,True
附件一（训练集）.xlsx|材料2|876,材料2|50|正弦波|52|-14,3,q4-ridge-fold-3,True
附件一（训练集）.xlsx|材料4|1929,材料4|90|三角波|50|-7,4,q4-ridge-fold-4,True
附件一（训练集）.xlsx|材料4|2224,材料4|50|三角波|49|-13,2,q4-ridge-fold-2,True
附件一（训练集）.xlsx|材料2|2439,材料2|50|梯形波|49|-12,4,q4-ridge-fold-4,True
附件一（训练集）.xlsx|材料1|265,材料1|25|正弦波|54|-16,2,q4-ridge-fold-2,True
附件一（训练集）.xlsx|材料2|1131,材料2|25|三角波|55|-20,2,q4-ridge-fold-2,True
附件一（训练集）.xlsx|材料1|2626,材料1|50|三角波|55|-15,1,q4-ridge-fold-1,True
附件一（训练集）.xlsx|材料4|1122,材料4|25|三角波|49|-15,0,q4-ridge-fold-0,True
附件一（训练集）.xlsx|材料3|188,材料3|70|正弦波|49|-17,2,q4-ridge-fold-2,True
附件一（训练集）.xlsx|材料1|1112,材料1|25|三角波|50|-12,3,q4-ridge-fold-3,True
附件一（训练集）.xlsx|材料1|1797,材料1|70|三角波|52|-10,4,q4-ridge-fold-4,True
附件一（训练集）.xlsx|材料2|231,材料2|70|正弦波|52|-9,0,q4-ridge-fold-0,True
附件一（训练集）.xlsx|材料1|538,材料1|70|正弦波|46|-11,3,q4-ridge-fold-3,True
附件一（训练集）.xlsx|材料4|184,材料4|25|正弦波|55|-16,2,q4-ridge-fold-2,True
附件一（训练集）.xlsx|材料3|2532,材料3|50|梯形波|51|-7,0,q4-ridge-fold-0,True
附件一（训练集）.xlsx|材料2|2875,材料2|90|梯形波|52|-8,1,q4-ridge-fold-1,True
附件一（训练集）.xlsx|材料2|561,材料2|25|正弦波|52|-20,4,q4-ridge-fold-4,True
附件一（训练集）.xlsx|材料3|554,材料3|25|正弦波|55|-14,3,q4-ridge-fold-3,True
附件一（训练集）.xlsx|材料4|2522,材料4|70|梯形波|49|-13,0,q4-ridge-fold-0,True
附件一（训练集）.xlsx|材料4|1732,材料4|90|三角波|52|-18,1,q4-ridge-fold-1,True
附件一（训练集）.xlsx|材料3|1269,材料3|25|三角波|56|-17,4,q4-ridge-fold-4,True
附件一（训练集）.xlsx|材料4|1532,材料4|70|三角波|54|-20,4,q4-ridge-fold-4,True
附件一（训练集）.xlsx|材料2|2989,材料2|90|梯形波|56|-16,3,q4-ridge-fold-3,True
附件一（训练集）.xlsx|材料1|2636,材料1|50|梯形波|46|-10,4,q4-ridge-fold-4,True
附件一（训练集）.xlsx|材料2|1663,材料2|70|三角波|54|-15,2,q4-ridge-fold-2,True
附件一（训练集）.xlsx|材料3|2645,材料3|70|梯形波|49|-6,4,q4-ridge-fold-4,True
附件一（训练集）.xlsx|材料2|586,材料2|25|正弦波|55|-19,4,q4-ridge-fold-4,True
附件一（训练集）.xlsx|材料1|1051,材料1|90|正弦波|54|-13,4,q4-ridge-fold-4,True
附件一（训练集）.xlsx|材料2|1874,材料2|90|三角波|52|-7,0,q4-ridge-fold-0,True
附件一（训练集）.xlsx|材料2|2973,材料2|90|梯形波|55|-17,2,q4-ridge-fold-2,True
附件一（训练集）.xlsx|材料2|1839,材料2|90|三角波|55|-20,3,q4-ridge-fold-3,True
附件一（训练集）.xlsx|材料1|704,材料1|70|正弦波|52|-18,3,q4-ridge-fold-3,True
附件一（训练集）.xlsx|材料3|439,材料3|90|正弦波|52|-18,4,q4-ridge-fold-4,True
附件一（训练集）.xlsx|材料1|339,材料1|50|正弦波|49|-10,0,q4-ridge-fold-0,True
附件一（训练集）.xlsx|材料1|2108,材料1|90|三角波|52|-14,1,q4-ridge-fold-1,True
附件一（训练集）.xlsx|材料3|2416,材料3|50|梯形波|49|-9,2,q4-ridge-fold-2,True
附件一（训练集）.xlsx|材料3|1619,材料3|70|三角波|56|-15,4,q4-ridge-fold-4,True
附件一（训练集）.xlsx|材料1|564,材料1|70|正弦波|47|-15,2,q4-ridge-fold-2,True
附件一（训练集）.xlsx|材料2|2211,材料2|25|梯形波|49|-11,4,q4-ridge-fold-4,True
附件一（训练集）.xlsx|材料4|2685,材料4|90|梯形波|48|-9,3,q4-ridge-fold-3,True
附件一（训练集）.xlsx|材料1|936,材料1|90|正弦波|50|-11,1,q4-ridge-fold-1,True
附件一（训练集）.xlsx|材料1|1182,材料1|25|三角波|52|-18,3,q4-ridge-fold-3,True
附件一（训练集）.xlsx|材料3|2658,材料3|70|梯形波|52|-12,0,q4-ridge-fold-0,True
附件一（训练集）.xlsx|材料3|237,材料3|70|正弦波|55|-18,4,q4-ridge-fold-4,True
附件一（训练集）.xlsx|材料1|388,材料1|50|正弦波|50|-15,0,q4-ridge-fold-0,True
附件一（训练集）.xlsx|材料4|273,材料4|50|正弦波|49|-8,4,q4-ridge-fold-4,True
附件一（训练集）.xlsx|材料1|1387,材料1|50|三角波|47|-8,1,q4-ridge-fold-1,True
附件一（训练集）.xlsx|材料2|451,材料2|25|正弦波|52|-14,4,q4-ridge-fold-4,True
附件一（训练集）.xlsx|材料2|1309,材料2|25|三角波|52|-11,2,q4-ridge-fold-2,True
附件一（训练集）.xlsx|材料1|74,材料1|25|正弦波|49|-14,4,q4-ridge-fold-4,True
附件一（训练集）.xlsx|材料4|1285,材料4|50|三角波|54|-18,3,q4-ridge-fold-3,True
附件一（训练集）.xlsx|材料1|2066,材料1|90|三角波|51|-14,0,q4-ridge-fold-0,True
附件一（训练集）.xlsx|材料2|951,材料2|25|正弦波|49|-9,1,q4-ridge-fold-1,True
附件一（训练集）.xlsx|材料4|1461,材料4|70|三角波|50|-11,1,q4-ridge-fold-1,True
附件一（训练集）.xlsx|材料3|3054,材料3|90|梯形波|52|-14,0,q4-ridge-fold-0,True
附件一（训练集）.xlsx|材料4|30,材料4|25|正弦波|48|-18,1,q4-ridge-fold-1,True
附件一（训练集）.xlsx|材料2|789,材料2|90|正弦波|49|-10,4,q4-ridge-fold-4,True
附件一（训练集）.xlsx|材料2|570,材料2|25|正弦波|52|-10,3,q4-ridge-fold-3,True
附件一（训练集）.xlsx|材料1|2389,材料1|25|梯形波|47|-11,1,q4-ridge-fold-1,True
附件一（训练集）.xlsx|材料2|372,材料2|90|正弦波|47|-9,1,q4-ridge-fold-1,True
附件一（训练集）.xlsx|材料4|1881,材料4|90|三角波|48|-8,2,q4-ridge-fold-2,True
附件一（训练集）.xlsx|材料1|2605,材料1|50|三角波|55|-12,1,q4-ridge-fold-1,True
附件一（训练集）.xlsx|材料4|976,材料4|25|三角波|52|-17,0,q4-ridge-fold-0,True
附件一（训练集）.xlsx|材料1|2513,材料1|25|梯形波|52|-16,3,q4-ridge-fold-3,True
附件一（训练集）.xlsx|材料3|2825,材料3|70|梯形波|51|-8,3,q4-ridge-fold-3,True
附件一（训练集）.xlsx|材料1|1724,材料1|70|三角波|48|-6,4,q4-ridge-fold-4,True
附件一（训练集）.xlsx|材料4|1151,材料4|25|三角波|49|-9,1,q4-ridge-fold-1,True
附件一（训练集）.xlsx|材料3|2417,材料3|50|梯形波|49|-8,4,q4-ridge-fold-4,True
附件一（训练集）.xlsx|材料4|1177,材料4|50|三角波|48|-17,3,q4-ridge-fold-3,True
附件一（训练集）.xlsx|材料1|3279,材料1|90|梯形波|51|-7,4,q4-ridge-fold-4,True
附件一（训练集）.xlsx|材料4|2540,材料4|70|梯形波|51|-19,0,q4-ridge-fold-0,True
附件一（训练集）.xlsx|材料4|1728,材料4|90|三角波|51|-10,2,q4-ridge-fold-2,True
附件一（训练集）.xlsx|材料4|2302,材料4|50|梯形波|48|-9,4,q4-ridge-fold-4,True
附件一（训练集）.xlsx|材料2|1648,材料2|70|三角波|52|-10,2,q4-ridge-fold-2,True
附件一（训练集）.xlsx|材料3|2624,材料3|70|梯形波|46|-12,2,q4-ridge-fold-2,True
附件一（训练集）.xlsx|材料3|1401,材料3|50|三角波|51|-9,4,q4-ridge-fold-4,True
附件一（训练集）.xlsx|材料2|1401,材料2|50|三角波|50|-8,1,q4-ridge-fold-1,True
附件一（训练集）.xlsx|材料4|116,材料4|25|正弦波|52|-10,1,q4-ridge-fold-1,True
附件一（训练集）.xlsx|材料2|1200,材料2|25|三角波|55|-21,0,q4-ridge-fold-0,True
附件一（训练集）.xlsx|材料2|1695,材料2|70|三角波|48|-8,2,q4-ridge-fold-2,True
附件一（训练集）.xlsx|材料3|131,材料3|50|正弦波|50|-9,0,q4-ridge-fold-0,True
附件一（训练集）.xlsx|材料2|2418,材料2|50|梯形波|55|-15,1,q4-ridge-fold-1,True
附件一（训练集）.xlsx|材料2|1080,材料2|25|正弦波|53|-14,3,q4-ridge-fold-3,True
附件一（训练集）.xlsx|材料4|600,材料4|70|正弦波|55|-15,0,q4-ridge-fold-0,True
附件一（训练集）.xlsx|材料3|2359,材料3|50|梯形波|52|-16,4,q4-ridge-fold-4,True
附件一（训练集）.xlsx|材料4|1720,材料4|90|三角波|51|-16,0,q4-ridge-fold-0,True
附件一（训练集）.xlsx|材料2|2834,材料2|90|梯形波|55|-12,0,q4-ridge-fold-0,True
附件一（训练集）.xlsx|材料3|1248,材料3|25|三角波|52|-12,4,q4-ridge-fold-4,True
附件一（训练集）.xlsx|材料3|3038,材料3|90|梯形波|49|-8,4,q4-ridge-fold-4,True
附件一（训练集）.xlsx|材料3|2357,材料3|50|梯形波|52|-18,4,q4-ridge-fold-4,True
附件一（训练集）.xlsx|材料3|2023,材料3|25|梯形波|46|-12,2,q4-ridge-fold-2,True
附件一（训练集）.xlsx|材料3|2448,材料3|50|梯形波|52|-15,2,q4-ridge-fold-2,True
附件一（训练集）.xlsx|材料2|2149,材料2|25|梯形波|51|-8,2,q4-ridge-fold-2,True
附件一（训练集）.xlsx|材料3|572,材料3|50|正弦波|46|-14,3,q4-ridge-fold-3,True
附件一（训练集）.xlsx|材料3|1044,材料3|25|三角波|55|-21,2,q4-ridge-fold-2,True
附件一（训练集）.xlsx|材料2|992,材料2|25|正弦波|50|-11,4,q4-ridge-fold-4,True
附件一（训练集）.xlsx|材料3|3087,材料3|90|梯形波|55|-9,0,q4-ridge-fold-0,True
附件一（训练集）.xlsx|材料2|1159,材料2|25|三角波|49|-11,0,q4-ridge-fold-0,True
附件一（训练集）.xlsx|材料4|2484,材料4|70|梯形波|48|-14,3,q4-ridge-fold-3,True
附件一（训练集）.xlsx|材料1|791,材料1|70|正弦波|55|-18,2,q4-ridge-fold-2,True
附件一（训练集）.xlsx|材料3|897,材料3|70|正弦波|55|-15,1,q4-ridge-fold-1,True
附件一（训练集）.xlsx|材料2|1035,材料2|25|正弦波|49|-8,1,q4-ridge-fold-1,True
附件一（训练集）.xlsx|材料3|369,材料3|50|正弦波|47|-11,2,q4-ridge-fold-2,True
附件一（训练集）.xlsx|材料4|2501,材料4|70|梯形波|48|-8,2,q4-ridge-fold-2,True
附件一（训练集）.xlsx|材料3|2671,材料3|70|梯形波|54|-18,2,q4-ridge-fold-2,True
附件一（训练集）.xlsx|材料4|2165,材料4|50|三角波|49|-15,1,q4-ridge-fold-1,True
附件一（训练集）.xlsx|材料3|3041,材料3|90|梯形波|51|-15,4,q4-ridge-fold-4,True
附件一（训练集）.xlsx|材料4|1476,材料4|70|三角波|52|-20,3,q4-ridge-fold-3,True
附件一（训练集）.xlsx|材料2|1138,材料2|25|三角波|55|-17,4,q4-ridge-fold-4,True
附件一（训练集）.xlsx|材料2|242,材料2|70|正弦波|53|-20,4,q4-ridge-fold-4,True
附件一（训练集）.xlsx|材料4|2437,材料4|70|三角波|55|-17,4,q4-ridge-fold-4,True
附件一（训练集）.xlsx|材料2|988,材料2|90|正弦波|46|-9,2,q4-ridge-fold-2,True
附件一（训练集）.xlsx|材料4|2593,材料4|90|三角波|52|-8,3,q4-ridge-fold-3,True
附件一（训练集）.xlsx|材料4|2782,材料4|90|梯形波|52|-16,1,q4-ridge-fold-1,True
附件一（训练集）.xlsx|材料3|2601,材料3|70|三角波|55|-20,4,q4-ridge-fold-4,True
附件一（训练集）.xlsx|材料2|861,材料2|25|正弦波|49|-17,4,q4-ridge-fold-4,True
附件一（训练集）.xlsx|材料3|300,材料3|90|正弦波|52|-14,1,q4-ridge-fold-1,True
附件一（训练集）.xlsx|材料2|157,材料2|50|正弦波|53|-16,2,q4-ridge-fold-2,True
附件一（训练集）.xlsx|材料3|929,材料3|90|正弦波|49|-17,1,q4-ridge-fold-1,True
附件一（训练集）.xlsx|材料1|2216,材料1|90|三角波|55|-18,3,q4-ridge-fold-3,True
附件一（训练集）.xlsx|材料1|3178,材料1|90|梯形波|47|-11,2,q4-ridge-fold-2,True
附件一（训练集）.xlsx|材料1|601,材料1|70|正弦波|49|-9,2,q4-ridge-fold-2,True
附件一（训练集）.xlsx|材料4|2737,材料4|90|梯形波|51|-15,1,q4-ridge-fold-1,True
附件一（训练集）.xlsx|材料3|778,材料3|90|正弦波|53|-20,1,q4-ridge-fold-1,True
附件一（训练集）.xlsx|材料1|1963,材料1|70|三角波|48|-9,1,q4-ridge-fold-1,True
附件一（训练集）.xlsx|材料4|1844,材料4|90|三角波|47|-14,1,q4-ridge-fold-1,True
附件一（训练集）.xlsx|材料3|1529,材料3|70|三角波|54|-18,2,q4-ridge-fold-2,True
附件一（训练集）.xlsx|材料1|3282,材料1|90|梯形波|52|-18,1,q4-ridge-fold-1,True
附件一（训练集）.xlsx|材料3|3200,材料3|90|梯形波|47|-13,0,q4-ridge-fold-0,True
附件一（训练集）.xlsx|材料1|2754,材料1|50|梯形波|52|-17,3,q4-ridge-fold-3,True
附件一（训练集）.xlsx|材料3|2453,材料3|50|梯形波|52|-10,3,q4-ridge-fold-3,True
附件一（训练集）.xlsx|材料1|2400,材料1|25|梯形波|48|-9,0,q4-ridge-fold-0,True
附件一（训练集）.xlsx|材料1|2373,材料1|25|梯形波|46|-12,0,q4-ridge-fold-0,True
附件一（训练集）.xlsx|材料3|2190,材料3|25|梯形波|46|-6,1,q4-ridge-fold-1,True
附件一（训练集）.xlsx|材料4|707,材料4|90|正弦波|50|-13,4,q4-ridge-fold-4,True
附件一（训练集）.xlsx|材料3|963,材料3|25|正弦波|46|-12,1,q4-ridge-fold-1,True
附件一（训练集）.xlsx|材料1|2464,材料1|25|梯形波|51|-14,3,q4-ridge-fold-3,True
附件一（训练集）.xlsx|材料2|1591,材料2|70|三角波|52|-9,3,q4-ridge-fold-3,True
附件一（训练集）.xlsx|材料2|1115,材料2|25|三角波|52|-18,3,q4-ridge-fold-3,True
附件一（训练集）.xlsx|材料2|2375,材料2|50|梯形波|49|-6,3,q4-ridge-fold-3,True
附件一（训练集）.xlsx|材料2|736,材料2|70|正弦波|52|-19,3,q4-ridge-fold-3,True
附件一（训练集）.xlsx|材料1|2312,材料1|90|三角波|49|-6,2,q4-ridge-fold-2,True
附件一（训练集）.xlsx|材料1|1078,材料1|25|三角波|48|-16,2,q4-ridge-fold-2,True
附件一（训练集）.xlsx|材料1|2010,材料1|90|三角波|47|-12,4,q4-ridge-fold-4,True
附件一（训练集）.xlsx|材料1|2181,材料1|90|三角波|54|-16,3,q4-ridge-fold-3,True
附件一（训练集）.xlsx|材料2|2562,材料2|70|梯形波|52|-7,3,q4-ridge-fold-3,True
附件一（训练集）.xlsx|材料4|1058,材料4|25|三角波|55|-16,3,q4-ridge-fold-3,True
附件一（训练集）.xlsx|材料3|3060,材料3|90|梯形波|52|-17,4,q4-ridge-fold-4,True
附件一（训练集）.xlsx|材料3|2087,材料3|25|梯形波|55|-14,4,q4-ridge-fold-4,True
附件一（训练集）.xlsx|材料2|2480,材料2|50|梯形波|54|-11,0,q4-ridge-fold-0,True
附件一（训练集）.xlsx|材料1|2286,材料1|90|三角波|49|-12,4,q4-ridge-fold-4,True
附件一（训练集）.xlsx|材料4|1993,材料4|25|三角波|55|-19,3,q4-ridge-fold-3,True
附件一（训练集）.xlsx|材料3|917,材料3|50|正弦波|55|-15,1,q4-ridge-fold-1,True
附件一（训练集）.xlsx|材料2|1723,材料2|70|三角波|52|-16,2,q4-ridge-fold-2,True
附件一（训练集）.xlsx|材料3|2782,材料3|70|梯形波|55|-10,2,q4-ridge-fold-2,True
附件一（训练集）.xlsx|材料3|1936,材料3|90|三角波|55|-13,2,q4-ridge-fold-2,True
附件一（训练集）.xlsx|材料3|1117,材料3|25|三角波|55|-16,1,q4-ridge-fold-1,True
附件一（训练集）.xlsx|材料1|3256,材料1|90|梯形波|51|-14,2,q4-ridge-fold-2,True
附件一（训练集）.xlsx|材料2|1234,材料2|25|三角波|52|-7,1,q4-ridge-fold-1,True
附件一（训练集）.xlsx|材料3|2668,材料3|70|梯形波|52|-10,2,q4-ridge-fold-2,True
附件一（训练集）.xlsx|材料4|1528,材料4|70|三角波|53|-14,4,q4-ridge-fold-4,True
附件一（训练集）.xlsx|材料4|245,材料4|50|正弦波|49|-10,4,q4-ridge-fold-4,True
附件一（训练集）.xlsx|材料4|968,材料4|25|三角波|52|-13,2,q4-ridge-fold-2,True
附件一（训练集）.xlsx|材料3|370,材料3|50|正弦波|55|-14,3,q4-ridge-fold-3,True
附件一（训练集）.xlsx|材料4|604,材料4|70|正弦波|55|-19,4,q4-ridge-fold-4,True
附件一（训练集）.xlsx|材料4|1211,材料4|50|三角波|50|-15,1,q4-ridge-fold-1,True
附件一（训练集）.xlsx|材料2|2028,材料2|90|三角波|55|-17,3,q4-ridge-fold-3,True
附件一（训练集）.xlsx|材料1|3278,材料1|90|梯形波|51|-8,1,q4-ridge-fold-1,True
附件一（训练集）.xlsx|材料2|1907,材料2|90|三角波|56|-15,0,q4-ridge-fold-0,True
附件一（训练集）.xlsx|材料3|645,材料3|50|正弦波|55|-14,3,q4-ridge-fold-3,True
附件一（训练集）.xlsx|材料4|1932,材料4|90|三角波|50|-16,2,q4-ridge-fold-2,True
附件一（训练集）.xlsx|材料3|1083,材料3|25|三角波|50|-10,2,q4-ridge-fold-2,True
附件一（训练集）.xlsx|材料2|316,材料2|90|正弦波|52|-14,1,q4-ridge-fold-1,True
附件一（训练集）.xlsx|材料3|1713,材料3|70|三角波|52|-10,2,q4-ridge-fold-2,True
附件一（训练集）.xlsx|材料1|2440,材料1|25|梯形波|49|-10,3,q4-ridge-fold-3,True
附件一（训练集）.xlsx|材料1|1023,材料1|90|正弦波|53|-10,3,q4-ridge-fold-3,True
附件一（训练集）.xlsx|材料1|740,材料1|70|正弦波|53|-19,2,q4-ridge-fold-2,True
附件一（训练集）.xlsx|材料3|2319,材料3|50|三角波|55|-11,4,q4-ridge-fold-4,True
附件一（训练集）.xlsx|材料4|2622,材料4|90|三角波|52|-15,4,q4-ridge-fold-4,True
附件一（训练集）.xlsx|材料1|400,材料1|50|正弦波|50|-7,3,q4-ridge-fold-3,True
附件一（训练集）.xlsx|材料3|1060,材料3|25|三角波|56|-19,4,q4-ridge-fold-4,True
附件一（训练集）.xlsx|材料3|486,材料3|25|正弦波|49|-8,4,q4-ridge-fold-4,True
附件一（训练集）.xlsx|材料4|1171,材料4|50|三角波|47|-9,3,q4-ridge-fold-3,True
附件一（训练集）.xlsx|材料1|2929,材料1|70|梯形波|48|-7,0,q4-ridge-fold-0,True
附件一（训练集）.xlsx|材料2|938,材料2|25|正弦波|52|-12,1,q4-ridge-fold-1,True
附件一（训练集）.xlsx|材料1|965,材料1|90|正弦波|52|-14,2,q4-ridge-fold-2,True
附件一（训练集）.xlsx|材料2|2565,材料2|70|梯形波|52|-17,4,q4-ridge-fold-4,True
附件一（训练集）.xlsx|材料4|276,材料4|50|正弦波|50|-17,2,q4-ridge-fold-2,True
附件一（训练集）.xlsx|材料3|3076,材料3|90|梯形波|54|-11,0,q4-ridge-fold-0,True
附件一（训练集）.xlsx|材料3|1756,材料3|90|三角波|52|-14,2,q4-ridge-fold-2,True
附件一（训练集）.xlsx|材料3|2815,材料3|70|梯形波|49|-9,2,q4-ridge-fold-2,True
附件一（训练集）.xlsx|材料1|1827,材料1|70|三角波|53|-16,1,q4-ridge-fold-1,True
附件一（训练集）.xlsx|材料1|1531,材料1|50|三角波|54|-15,3,q4-ridge-fold-3,True
附件一（训练集）.xlsx|材料3|1627,材料3|70|三角波|49|-14,4,q4-ridge-fold-4,True
附件一（训练集）.xlsx|材料1|2668,材料1|50|梯形波|48|-14,1,q4-ridge-fold-1,True
附件一（训练集）.xlsx|材料2|675,材料2|50|正弦波|55|-17,2,q4-ridge-fold-2,True
附件一（训练集）.xlsx|材料1|3106,材料1|70|梯形波|54|-20,2,q4-ridge-fold-2,True
附件一（训练集）.xlsx|材料3|674,材料3|70|正弦波|49|-8,1,q4-ridge-fold-1,True
附件一（训练集）.xlsx|材料2|85,材料2|25|正弦波|55|-18,4,q4-ridge-fold-4,True
附件一（训练集）.xlsx|材料2|2246,材料2|25|梯形波|54|-13,3,q4-ridge-fold-3,True
附件一（训练集）.xlsx|材料4|353,材料4|50|正弦波|53|-20,0,q4-ridge-fold-0,True
附件一（训练集）.xlsx|材料1|2191,材料1|90|三角波|55|-17,4,q4-ridge-fold-4,True
附件一（训练集）.xlsx|材料4|545,材料4|70|正弦波|52|-16,2,q4-ridge-fold-2,True
附件一（训练集）.xlsx|材料1|1504,材料1|50|三角波|52|-9,4,q4-ridge-fold-4,True
附件一（训练集）.xlsx|材料2|868,材料2|90|正弦波|55|-16,2,q4-ridge-fold-2,True
附件一（训练集）.xlsx|材料4|1226,材料4|50|三角波|51|-15,3,q4-ridge-fold-3,True
附件一（训练集）.xlsx|材料4|2244,材料4|50|三角波|55|-10,3,q4-ridge-fold-3,True
附件一（训练集）.xlsx|材料2|954,材料2|70|正弦波|49|-9,1,q4-ridge-fold-1,True
附件一（训练集）.xlsx|材料1|407,材料1|50|正弦波|50|-15,0,q4-ridge-fold-0,True
附件一（训练集）.xlsx|材料1|1154,材料1|25|三角波|52|-11,2,q4-ridge-fold-2,True
附件一（训练集）.xlsx|材料4|2028,材料4|25|三角波|48|-13,0,q4-ridge-fold-0,True
附件一（训练集）.xlsx|材料1|958,材料1|90|正弦波|52|-19,4,q4-ridge-fold-4,True
附件一（训练集）.xlsx|材料1|3087,材料1|70|梯形波|54|-20,2,q4-ridge-fold-2,True
附件一（训练集）.xlsx|材料2|820,材料2|90|正弦波|52|-9,2,q4-ridge-fold-2,True
附件一（训练集）.xlsx|材料3|3191,材料3|90|梯形波|56|-15,1,q4-ridge-fold-1,True
附件一（训练集）.xlsx|材料2|1003,材料2|70|正弦波|46|-14,4,q4-ridge-fold-4,True
附件一（训练集）.xlsx|材料3|2824,材料3|70|梯形波|51|-9,4,q4-ridge-fold-4,True
附件一（训练集）.xlsx|材料3|3000,材料3|90|梯形波|55|-11,0,q4-ridge-fold-0,True
附件一（训练集）.xlsx|材料4|504,材料4|70|正弦波|50|-16,3,q4-ridge-fold-3,True
附件一（训练集）.xlsx|材料1|2314,材料1|90|三角波|50|-15,2,q4-ridge-fold-2,True
附件一（训练集）.xlsx|材料2|2406,材料2|50|梯形波|55|-17,2,q4-ridge-fold-2,True
附件一（训练集）.xlsx|材料3|3118,材料3|90|梯形波|48|-7,3,q4-ridge-fold-3,True
附件一（训练集）.xlsx|材料1|227,材料1|25|正弦波|53|-19,0,q4-ridge-fold-0,True
附件一（训练集）.xlsx|材料4|777,材料4|90|正弦波|52|-15,3,q4-ridge-fold-3,True
附件一（训练集）.xlsx|材料4|253,材料4|50|正弦波|49|-13,0,q4-ridge-fold-0,True
附件一（训练集）.xlsx|材料2|2284,材料2|50|三角波|55|-12,2,q4-ridge-fold-2,True
附件一（训练集）.xlsx|材料3|2859,材料3|70|梯形波|55|-19,1,q4-ridge-fold-1,True
附件一（训练集）.xlsx|材料3|1509,材料3|70|三角波|50|-15,0,q4-ridge-fold-0,True
附件一（训练集）.xlsx|材料3|3026,材料3|90|梯形波|49|-11,4,q4-ridge-fold-4,True
附件一（训练集）.xlsx|材料2|534,材料2|25|正弦波|49|-16,0,q4-ridge-fold-0,True
附件一（训练集）.xlsx|材料3|1308,材料3|50|三角波|55|-19,1,q4-ridge-fold-1,True
附件一（训练集）.xlsx|材料2|1641,材料2|70|三角波|50|-8,1,q4-ridge-fold-1,True
附件一（训练集）.xlsx|材料1|1639,材料1|50|三角波|48|-12,0,q4-ridge-fold-0,True
附件一（训练集）.xlsx|材料3|2206,材料3|25|梯形波|49|-7,0,q4-ridge-fold-0,True
附件一（训练集）.xlsx|材料1|2569,材料1|25|梯形波|54|-16,4,q4-ridge-fold-4,True
附件一（训练集）.xlsx|材料2|1527,材料2|50|三角波|49|-7,4,q4-ridge-fold-4,True
附件一（训练集）.xlsx|材料1|1840,材料1|70|三角波|54|-20,3,q4-ridge-fold-3,True
附件一（训练集）.xlsx|材料3|2631,材料3|70|梯形波|48|-12,3,q4-ridge-fold-3,True
附件一（训练集）.xlsx|材料4|1478,材料4|70|三角波|52|-18,4,q4-ridge-fold-4,True
附件一（训练集）.xlsx|材料1|3092,材料1|70|梯形波|54|-17,2,q4-ridge-fold-2,True
附件一（训练集）.xlsx|材料3|2391,材料3|50|梯形波|55|-10,2,q4-ridge-fold-2,True
附件一（训练集）.xlsx|材料1|236,材料1|25|正弦波|53|-13,2,q4-ridge-fold-2,True
附件一（训练集）.xlsx|材料3|2002,材料3|25|三角波|55|-20,1,q4-ridge-fold-1,True
附件一（训练集）.xlsx|材料1|1413,材料1|50|三角波|50|-15,0,q4-ridge-fold-0,True
附件一（训练集）.xlsx|材料1|2683,材料1|50|梯形波|49|-10,0,q4-ridge-fold-0,True
附件一（训练集）.xlsx|材料2|976,材料2|25|正弦波|52|-11,1,q4-ridge-fold-1,True
附件一（训练集）.xlsx|材料2|2781,材料2|90|梯形波|48|-16,3,q4-ridge-fold-3,True
附件一（训练集）.xlsx|材料1|2428,材料1|25|梯形波|49|-7,4,q4-ridge-fold-4,True
附件一（训练集）.xlsx|材料2|2833,材料2|90|梯形波|55|-13,1,q4-ridge-fold-1,True
附件一（训练集）.xlsx|材料4|494,材料4|70|正弦波|50|-14,4,q4-ridge-fold-4,True
附件一（训练集）.xlsx|材料1|425,材料1|50|正弦波|51|-15,3,q4-ridge-fold-3,True
附件一（训练集）.xlsx|材料3|1013,材料3|25|三角波|48|-14,1,q4-ridge-fold-1,True
附件一（训练集）.xlsx|材料2|815,材料2|90|正弦波|52|-15,1,q4-ridge-fold-1,True
附件一（训练集）.xlsx|材料3|2931,材料3|90|梯形波|48|-10,1,q4-ridge-fold-1,True
附件一（训练集）.xlsx|材料3|523,材料3|25|正弦波|50|-11,3,q4-ridge-fold-3,True
附件一（训练集）.xlsx|材料1|1510,材料1|50|三角波|53|-17,3,q4-ridge-fold-3,True
附件一（训练集）.xlsx|材料2|1868,材料2|90|三角波|50|-7,1,q4-ridge-fold-1,True
附件一（训练集）.xlsx|材料1|2149,材料1|90|三角波|53|-14,2,q4-ridge-fold-2,True
附件一（训练集）.xlsx|材料1|1292,材料1|25|三角波|55|-14,3,q4-ridge-fold-3,True
附件一（训练集）.xlsx|材料1|2047,材料1|90|三角波|51|-13,1,q4-ridge-fold-1,True
附件一（训练集）.xlsx|材料3|514,材料3|25|正弦波|49|-14,2,q4-ridge-fold-2,True
附件一（训练集）.xlsx|材料1|2976,材料1|70|梯形波|50|-14,4,q4-ridge-fold-4,True
附件一（训练集）.xlsx|材料4|2559,材料4|70|梯形波|51|-13,1,q4-ridge-fold-1,True
附件一（训练集）.xlsx|材料3|2000,材料3|90|三角波|56|-15,4,q4-ridge-fold-4,True
附件一（训练集）.xlsx|材料3|681,材料3|70|正弦波|49|-12,0,q4-ridge-fold-0,True
附件一（训练集）.xlsx|材料2|2347,材料2|50|梯形波|55|-10,3,q4-ridge-fold-3,True
附件一（训练集）.xlsx|材料4|224,材料4|50|正弦波|48|-18,3,q4-ridge-fold-3,True
附件一（训练集）.xlsx|材料1|997,材料1|90|正弦波|52|-18,0,q4-ridge-fold-0,True
附件一（训练集）.xlsx|材料1|1251,材料1|25|三角波|55|-18,1,q4-ridge-fold-1,True
附件一（训练集）.xlsx|材料1|1670,材料1|50|三角波|49|-11,2,q4-ridge-fold-2,True
附件一（训练集）.xlsx|材料2|1061,材料2|25|正弦波|52|-15,3,q4-ridge-fold-3,True
附件一（训练集）.xlsx|材料2|2728,材料2|70|梯形波|54|-12,3,q4-ridge-fold-3,True
附件一（训练集）.xlsx|材料2|1498,材料2|50|三角波|55|-15,1,q4-ridge-fold-1,True
附件一（训练集）.xlsx|材料1|2305,材料1|90|三角波|49|-10,3,q4-ridge-fold-3,True
附件一（训练集）.xlsx|材料3|1357,材料3|50|三角波|54|-15,0,q4-ridge-fold-0,True
附件一（训练集）.xlsx|材料1|2120,材料1|90|三角波|52|-18,2,q4-ridge-fold-2,True
附件一（训练集）.xlsx|材料3|1136,材料3|25|三角波|56|-13,3,q4-ridge-fold-3,True
附件一（训练集）.xlsx|材料4|2445,材料4|70|三角波|55|-10,3,q4-ridge-fold-3,True
附件一（训练集）.xlsx|材料3|1600,材料3|70|三角波|54|-10,2,q4-ridge-fold-2,True
附件一（训练集）.xlsx|材料1|3316,材料1|90|梯形波|52|-10,1,q4-ridge-fold-1,True
附件一（训练集）.xlsx|材料3|328,材料3|50|正弦波|46|-11,0,q4-ridge-fold-0,True
附件一（训练集）.xlsx|材料2|75,材料2|25|正弦波|55|-20,3,q4-ridge-fold-3,True
附件一（训练集）.xlsx|材料2|724,材料2|70|正弦波|50|-12,2,q4-ridge-fold-2,True
附件一（训练集）.xlsx|材料2|1718,材料2|70|三角波|52|-13,3,q4-ridge-fold-3,True
附件一（训练集）.xlsx|材料3|1874,材料3|90|三角波|56|-12,3,q4-ridge-fold-3,True
附件一（训练集）.xlsx|材料3|448,材料3|25|正弦波|49|-14,2,q4-ridge-fold-2,True
附件一（训练集）.xlsx|材料4|2118,材料4|25|梯形波|47|-6,2,q4-ridge-fold-2,True
附件一（训练集）.xlsx|材料1|280,材料1|50|正弦波|46|-11,0,q4-ridge-fold-0,True
附件一（训练集）.xlsx|材料4|91,材料4|25|正弦波|50|-13,4,q4-ridge-fold-4,True
附件一（训练集）.xlsx|材料2|1042,材料2|25|正弦波|49|-12,1,q4-ridge-fold-1,True
附件一（训练集）.xlsx|材料4|722,材料4|90|正弦波|50|-13,4,q4-ridge-fold-4,True
附件一（训练集）.xlsx|材料4|1612,材料4|70|三角波|48|-6,2,q4-ridge-fold-2,True
附件一（训练集）.xlsx|材料4|2240,材料4|50|三角波|55|-14,2,q4-ridge-fold-2,True
附件一（训练集）.xlsx|材料3|790,材料3|90|正弦波|55|-14,0,q4-ridge-fold-0,True
附件一（训练集）.xlsx|材料2|2493,材料2|50|梯形波|55|-14,0,q4-ridge-fold-0,True
附件一（训练集）.xlsx|材料3|2733,材料3|70|梯形波|51|-9,4,q4-ridge-fold-4,True
附件一（训练集）.xlsx|材料3|2916,材料3|90|三角波|55|-17,0,q4-ridge-fold-0,True
附件一（训练集）.xlsx|材料3|1068,材料3|25|三角波|49|-11,1,q4-ridge-fold-1,True
附件一（训练集）.xlsx|材料1|2828,材料1|50|梯形波|53|-8,1,q4-ridge-fold-1,True
附件一（训练集）.xlsx|材料4|2205,材料4|50|三角波|55|-17,2,q4-ridge-fold-2,True
附件一（训练集）.xlsx|材料4|879,材料4|25|正弦波|52|-19,0,q4-ridge-fold-0,True
附件一（训练集）.xlsx|材料3|737,材料3|90|正弦波|47|-14,1,q4-ridge-fold-1,True
附件一（训练集）.xlsx|材料3|1216,材料3|25|三角波|48|-6,0,q4-ridge-fold-0,True
附件一（训练集）.xlsx|材料2|2195,材料2|25|梯形波|56|-13,0,q4-ridge-fold-0,True
附件一（训练集）.xlsx|材料1|2219,材料1|90|三角波|55|-17,4,q4-ridge-fold-4,True
附件一（训练集）.xlsx|材料1|2713,材料1|50|梯形波|50|-10,1,q4-ridge-fold-1,True
附件一（训练集）.xlsx|材料4|1099,材料4|25|三角波|48|-11,1,q4-ridge-fold-1,True
附件一（训练集）.xlsx|材料1|472,材料1|50|正弦波|52|-19,2,q4-ridge-fold-2,True
附件一（训练集）.xlsx|材料1|401,材料1|50|正弦波|50|-6,3,q4-ridge-fold-3,True
附件一（训练集）.xlsx|材料1|2803,材料1|50|梯形波|52|-14,4,q4-ridge-fold-4,True
附件一（训练集）.xlsx|材料3|1670,材料3|70|三角波|55|-10,4,q4-ridge-fold-4,True
附件一（训练集）.xlsx|材料1|1204,材料1|25|三角波|53|-17,2,q4-ridge-fold-2,True
附件一（训练集）.xlsx|材料3|1783,材料3|90|三角波|55|-17,0,q4-ridge-fold-0,True
附件一（训练集）.xlsx|材料4|2366,材料4|50|梯形波|51|-15,4,q4-ridge-fold-4,True
附件一（训练集）.xlsx|材料3|1146,材料3|25|三角波|49|-9,3,q4-ridge-fold-3,True
附件一（训练集）.xlsx|材料2|578,材料2|25|正弦波|55|-20,3,q4-ridge-fold-3,True
附件一（训练集）.xlsx|材料3|3135,材料3|90|梯形波|51|-11,4,q4-ridge-fold-4,True
附件一（训练集）.xlsx|材料4|1534,材料4|70|三角波|54|-19,2,q4-ridge-fold-2,True
附件一（训练集）.xlsx|材料4|41,材料4|25|正弦波|49|-15,4,q4-ridge-fold-4,True
附件一（训练集）.xlsx|材料2|2090,材料2|25|梯形波|51|-7,0,q4-ridge-fold-0,True
附件一（训练集）.xlsx|材料1|2473,材料1|25|梯形波|51|-7,4,q4-ridge-fold-4,True
附件一（训练集）.xlsx|材料1|493,材料1|50|正弦波|53|-14,1,q4-ridge-fold-1,True
附件一（训练集）.xlsx|材料4|206,材料4|50|正弦波|47|-14,0,q4-ridge-fold-0,True
附件一（训练集）.xlsx|材料3|3088,材料3|90|梯形波|55|-21,0,q4-ridge-fold-0,True
附件一（训练集）.xlsx|材料2|2449,材料2|50|梯形波|51|-13,0,q4-ridge-fold-0,True
附件一（训练集）.xlsx|材料2|2938,材料2|90|梯形波|49|-10,2,q4-ridge-fold-2,True
附件一（训练集）.xlsx|材料4|227,材料4|50|正弦波|48|-17,2,q4-ridge-fold-2,True
附件一（训练集）.xlsx|材料3|2396,材料3|50|梯形波|55|-17,4,q4-ridge-fold-4,True
附件一（训练集）.xlsx|材料2|2906,材料2|90|梯形波|55|-12,0,q4-ridge-fold-0,True
附件一（训练集）.xlsx|材料1|1737,材料1|70|三角波|50|-10,0,q4-ridge-fold-0,True
附件一（训练集）.xlsx|材料2|1144,材料2|25|三角波|56|-21,2,q4-ridge-fold-2,True
附件一（训练集）.xlsx|材料4|523,材料4|70|正弦波|51|-12,2,q4-ridge-fold-2,True
附件一（训练集）.xlsx|材料3|2437,材料3|50|梯形波|52|-14,2,q4-ridge-fold-2,True
附件一（训练集）.xlsx|材料3|105,材料3|50|正弦波|47|-7,0,q4-ridge-fold-0,True
附件一（训练集）.xlsx|材料3|348,材料3|50|正弦波|55|-16,0,q4-ridge-fold-0,True
附件一（训练集）.xlsx|材料1|2088,材料1|90|三角波|52|-14,1,q4-ridge-fold-1,True
附件一（训练集）.xlsx|材料3|2867,材料3|70|梯形波|55|-11,1,q4-ridge-fold-1,True
附件一（训练集）.xlsx|材料1|53,材料1|25|正弦波|48|-17,3,q4-ridge-fold-3,True
附件一（训练集）.xlsx|材料1|188,材料1|25|正弦波|52|-10,4,q4-ridge-fold-4,True
附件一（训练集）.xlsx|材料1|2880,材料1|70|三角波|55|-9,1,q4-ridge-fold-1,True
附件一（训练集）.xlsx|材料1|2390,材料1|25|梯形波|47|-8,2,q4-ridge-fold-2,True
附件一（训练集）.xlsx|材料2|2368,材料2|50|梯形波|49|-12,4,q4-ridge-fold-4,True
附件一（训练集）.xlsx|材料1|416,材料1|50|正弦波|50|-8,2,q4-ridge-fold-2,True
附件一（训练集）.xlsx|材料4|1685,材料4|90|三角波|48|-17,1,q4-ridge-fold-1,True
附件一（训练集）.xlsx|材料2|2363,材料2|50|梯形波|48|-10,4,q4-ridge-fold-4,True
附件一（训练集）.xlsx|材料2|424,材料2|25|正弦波|52|-18,0,q4-ridge-fold-0,True
附件一（训练集）.xlsx|材料3|1695,材料3|70|三角波|49|-8,0,q4-ridge-fold-0,True
附件一（训练集）.xlsx|材料1|1034,材料1|90|正弦波|53|-13,2,q4-ridge-fold-2,True
附件一（训练集）.xlsx|材料2|802,材料2|90|正弦波|50|-18,2,q4-ridge-fold-2,True
附件一（训练集）.xlsx|材料4|2749,材料4|90|梯形波|51|-16,2,q4-ridge-fold-2,True
附件一（训练集）.xlsx|材料3|275,材料3|90|正弦波|49|-15,0,q4-ridge-fold-0,True
附件一（训练集）.xlsx|材料1|2749,材料1|50|梯形波|51|-7,3,q4-ridge-fold-3,True
附件一（训练集）.xlsx|材料1|2780,材料1|50|梯形波|52|-14,4,q4-ridge-fold-4,True
附件一（训练集）.xlsx|材料1|929,材料1|90|正弦波|50|-16,4,q4-ridge-fold-4,True
附件一（训练集）.xlsx|材料3|1709,材料3|70|三角波|50|-6,4,q4-ridge-fold-4,True
附件一（训练集）.xlsx|材料3|559,材料3|25|正弦波|55|-18,1,q4-ridge-fold-1,True
附件一（训练集）.xlsx|材料1|1435,材料1|50|三角波|51|-13,3,q4-ridge-fold-3,True
附件一（训练集）.xlsx|材料3|877,材料3|50|正弦波|55|-13,0,q4-ridge-fold-0,True
附件一（训练集）.xlsx|材料1|527,材料1|50|正弦波|54|-13,4,q4-ridge-fold-4,True
附件一（训练集）.xlsx|材料3|1501,材料3|50|三角波|55|-12,3,q4-ridge-fold-3,True
附件一（训练集）.xlsx|材料1|2614,材料1|50|三角波|55|-8,3,q4-ridge-fold-3,True
附件一（训练集）.xlsx|材料1|386,材料1|50|正弦波|50|-17,1,q4-ridge-fold-1,True
附件一（训练集）.xlsx|材料2|2515,材料2|70|三角波|55|-17,4,q4-ridge-fold-4,True
附件一（训练集）.xlsx|材料1|999,材料1|90|正弦波|52|-17,4,q4-ridge-fold-4,True
附件一（训练集）.xlsx|材料2|2476,材料2|50|梯形波|54|-16,2,q4-ridge-fold-2,True
附件一（训练集）.xlsx|材料3|1135,材料3|25|三角波|56|-15,0,q4-ridge-fold-0,True
附件一（训练集）.xlsx|材料3|258,材料3|90|正弦波|47|-12,3,q4-ridge-fold-3,True
附件一（训练集）.xlsx|材料1|3116,材料1|70|梯形波|54|-14,4,q4-ridge-fold-4,True
附件一（训练集）.xlsx|材料1|1560,材料1|50|三角波|55|-20,1,q4-ridge-fold-1,True
附件一（训练集）.xlsx|材料4|2524,材料4|70|梯形波|49|-12,2,q4-ridge-fold-2,True
附件一（训练集）.xlsx|材料2|209,材料2|70|正弦波|49|-11,4,q4-ridge-fold-4,True
附件一（训练集）.xlsx|材料1|1932,材料1|70|三角波|47|-11,2,q4-ridge-fold-2,True
附件一（训练集）.xlsx|材料3|1088,材料3|25|三角波|52|-16,1,q4-ridge-fold-1,True
附件一（训练集）.xlsx|材料3|1931,材料3|90|三角波|55|-18,4,q4-ridge-fold-4,True
附件一（训练集）.xlsx|材料1|1919,材料1|70|三角波|56|-18,2,q4-ridge-fold-2,True
附件一（训练集）.xlsx|材料1|2731,材料1|50|梯形波|51|-9,2,q4-ridge-fold-2,True
附件一（训练集）.xlsx|材料1|2134,材料1|90|三角波|52|-10,3,q4-ridge-fold-3,True
附件一（训练集）.xlsx|材料2|2152,材料2|25|梯形波|52|-14,0,q4-ridge-fold-0,True
附件一（训练集）.xlsx|材料4|1651,材料4|70|三角波|49|-13,0,q4-ridge-fold-0,True
附件一（训练集）.xlsx|材料2|2172,材料2|25|梯形波|54|-8,2,q4-ridge-fold-2,True
附件一（训练集）.xlsx|材料1|1145,材料1|25|三角波|52|-17,2,q4-ridge-fold-2,True
附件一（训练集）.xlsx|材料2|147,材料2|50|正弦波|52|-19,3,q4-ridge-fold-3,True
附件一（训练集）.xlsx|材料3|1810,材料3|90|三角波|49|-14,0,q4-ridge-fold-0,True
附件一（训练集）.xlsx|材料3|1826,材料3|90|三角波|52|-17,3,q4-ridge-fold-3,True
附件一（训练集）.xlsx|材料4|1283,材料4|50|三角波|54|-19,0,q4-ridge-fold-0,True
附件一（训练集）.xlsx|材料3|2697,材料3|70|梯形波|46|-12,2,q4-ridge-fold-2,True
附件一（训练集）.xlsx|材料4|1359,材料4|50|三角波|49|-10,0,q4-ridge-fold-0,True
附件一（训练集）.xlsx|材料3|1481,材料3|50|三角波|52|-6,2,q4-ridge-fold-2,True
附件一（训练集）.xlsx|材料3|162,材料3|50|正弦波|55|-20,3,q4-ridge-fold-3,True
附件一（训练集）.xlsx|材料4|949,材料4|25|三角波|51|-15,1,q4-ridge-fold-1,True
附件一（训练集）.xlsx|材料2|2863,材料2|90|梯形波|51|-16,3,q4-ridge-fold-3,True
附件一（训练集）.xlsx|材料3|34,材料3|25|正弦波|50|-19,3,q4-ridge-fold-3,True
附件一（训练集）.xlsx|材料4|726,材料4|90|正弦波|50|-10,0,q4-ridge-fold-0,True
附件一（训练集）.xlsx|材料4|2447,材料4|70|三角波|55|-20,1,q4-ridge-fold-1,True
附件一（训练集）.xlsx|材料3|2489,材料3|50|梯形波|56|-19,2,q4-ridge-fold-2,True
附件一（训练集）.xlsx|材料1|2028,材料1|90|三角波|48|-11,3,q4-ridge-fold-3,True
附件一（训练集）.xlsx|材料1|2250,材料1|90|三角波|47|-8,1,q4-ridge-fold-1,True
附件一（训练集）.xlsx|材料3|138,材料3|50|正弦波|52|-11,1,q4-ridge-fold-1,True
附件一（训练集）.xlsx|材料2|2932,材料2|90|梯形波|49|-7,1,q4-ridge-fold-1,True
附件一（训练集）.xlsx|材料3|1439,材料3|50|三角波|55|-10,1,q4-ridge-fold-1,True
附件一（训练集）.xlsx|材料3|3124,材料3|90|梯形波|49|-6,4,q4-ridge-fold-4,True
附件一（训练集）.xlsx|材料4|1135,材料4|25|三角波|49|-8,1,q4-ridge-fold-1,True
附件一（训练集）.xlsx|材料1|3250,材料1|90|梯形波|51|-17,3,q4-ridge-fold-3,True
附件一（训练集）.xlsx|材料3|3049,材料3|90|梯形波|51|-7,1,q4-ridge-fold-1,True
附件一（训练集）.xlsx|材料2|2887,材料2|90|梯形波|54|-16,4,q4-ridge-fold-4,True
附件一（训练集）.xlsx|材料1|1266,材料1|25|三角波|55|-20,0,q4-ridge-fold-0,True
附件一（训练集）.xlsx|材料2|113,材料2|50|正弦波|49|-11,3,q4-ridge-fold-3,True
附件一（训练集）.xlsx|材料4|1288,材料4|50|三角波|54|-15,3,q4-ridge-fold-3,True
附件一（训练集）.xlsx|材料1|183,材料1|25|正弦波|52|-12,3,q4-ridge-fold-3,True
附件一（训练集）.xlsx|材料2|2763,材料2|90|三角波|55|-13,1,q4-ridge-fold-1,True
附件一（训练集）.xlsx|材料3|1333,材料3|50|三角波|51|-15,4,q4-ridge-fold-4,True
附件一（训练集）.xlsx|材料2|2198,材料2|25|梯形波|46|-12,3,q4-ridge-fold-3,True
附件一（训练集）.xlsx|材料4|1089,材料4|25|三角波|47|-10,1,q4-ridge-fold-1,True
附件一（训练集）.xlsx|材料1|431,材料1|50|正弦波|51|-9,3,q4-ridge-fold-3,True
附件一（训练集）.xlsx|材料4|1787,材料4|90|三角波|54|-20,0,q4-ridge-fold-0,True
附件一（训练集）.xlsx|材料3|2084,材料3|25|梯形波|55|-18,0,q4-ridge-fold-0,True
附件一（训练集）.xlsx|材料4|2552,材料4|70|梯形波|51|-8,4,q4-ridge-fold-4,True
附件一（训练集）.xlsx|材料1|2060,材料1|90|三角波|51|-17,1,q4-ridge-fold-1,True
附件一（训练集）.xlsx|材料2|2083,材料2|25|梯形波|51|-14,1,q4-ridge-fold-1,True
附件一（训练集）.xlsx|材料1|2254,材料1|90|三角波|48|-14,1,q4-ridge-fold-1,True
附件一（训练集）.xlsx|材料3|167,材料3|50|正弦波|55|-14,3,q4-ridge-fold-3,True
附件一（训练集）.xlsx|材料1|1419,材料1|50|三角波|50|-10,2,q4-ridge-fold-2,True
附件一（训练集）.xlsx|材料2|2915,材料2|90|梯形波|56|-13,2,q4-ridge-fold-2,True
附件一（训练集）.xlsx|材料1|2801,材料1|50|梯形波|52|-15,1,q4-ridge-fold-1,True
附件一（训练集）.xlsx|材料1|1235,材料1|25|三角波|54|-18,1,q4-ridge-fold-1,True
附件一（训练集）.xlsx|材料1|2220,材料1|90|三角波|55|-16,1,q4-ridge-fold-1,True
附件一（训练集）.xlsx|材料4|2056,材料4|25|三角波|52|-18,0,q4-ridge-fold-0,True
附件一（训练集）.xlsx|材料1|1577,材料1|50|三角波|55|-20,1,q4-ridge-fold-1,True
附件一（训练集）.xlsx|材料3|2224,材料3|25|梯形波|51|-8,4,q4-ridge-fold-4,True
附件一（训练集）.xlsx|材料1|1238,材料1|25|三角波|54|-16,2,q4-ridge-fold-2,True
附件一（训练集）.xlsx|材料2|530,材料2|25|正弦波|49|-10,0,q4-ridge-fold-0,True
附件一（训练集）.xlsx|材料1|1845,材料1|70|三角波|54|-18,0,q4-ridge-fold-0,True
附件一（训练集）.xlsx|材料3|2603,材料3|70|三角波|55|-17,2,q4-ridge-fold-2,True
附件一（训练集）.xlsx|材料1|2941,材料1|70|梯形波|49|-15,2,q4-ridge-fold-2,True
附件一（训练集）.xlsx|材料1|2156,材料1|90|三角波|53|-10,0,q4-ridge-fold-0,True
附件一（训练集）.xlsx|材料3|734,材料3|90|正弦波|46|-7,1,q4-ridge-fold-1,True
附件一（训练集）.xlsx|材料2|842,材料2|90|正弦波|55|-20,1,q4-ridge-fold-1,True
附件一（训练集）.xlsx|材料3|2042,材料3|25|梯形波|49|-7,0,q4-ridge-fold-0,True
附件一（训练集）.xlsx|材料2|2663,材料2|70|梯形波|56|-19,4,q4-ridge-fold-4,True
附件一（训练集）.xlsx|材料4|1013,材料4|25|三角波|53|-13,1,q4-ridge-fold-1,True
附件一（训练集）.xlsx|材料1|54,材料1|25|正弦波|48|-16,4,q4-ridge-fold-4,True
附件一（训练集）.xlsx|材料3|26,材料3|25|正弦波|49|-19,2,q4-ridge-fold-2,True
附件一（训练集）.xlsx|材料2|100,材料2|50|正弦波|46|-8,1,q4-ridge-fold-1,True
附件一（训练集）.xlsx|材料2|922,材料2|25|正弦波|52|-19,3,q4-ridge-fold-3,True
附件一（训练集）.xlsx|材料1|2499,材料1|25|梯形波|52|-14,1,q4-ridge-fold-1,True
附件一（训练集）.xlsx|材料1|307,材料1|50|正弦波|47|-12,4,q4-ridge-fold-4,True
附件一（训练集）.xlsx|材料2|1797,材料2|70|三角波|54|-11,1,q4-ridge-fold-1,True
附件一（训练集）.xlsx|材料3|599,材料3|50|正弦波|49|-10,3,q4-ridge-fold-3,True
附件一（训练集）.xlsx|材料4|1314,材料4|50|三角波|55|-16,0,q4-ridge-fold-0,True
附件一（训练集）.xlsx|材料3|2985,材料3|90|梯形波|54|-19,0,q4-ridge-fold-0,True
附件一（训练集）.xlsx|材料3|390,材料3|50|正弦波|49|-11,2,q4-ridge-fold-2,True
附件一（训练集）.xlsx|材料1|2655,材料1|50|梯形波|48|-12,1,q4-ridge-fold-1,True
附件一（训练集）.xlsx|材料3|3008,材料3|90|梯形波|55|-15,4,q4-ridge-fold-4,True
附件一（训练集）.xlsx|材料4|2142,材料4|25|梯形波|48|-8,1,q4-ridge-fold-1,True
附件一（训练集）.xlsx|材料2|2664,材料2|70|梯形波|56|-18,0,q4-ridge-fold-0,True
附件一（训练集）.xlsx|材料2|145,材料2|50|正弦波|52|-9,0,q4-ridge-fold-0,True
附件一（训练集）.xlsx|材料4|489,材料4|70|正弦波|50|-19,4,q4-ridge-fold-4,True
附件一（训练集）.xlsx|材料2|378,材料2|90|正弦波|55|-20,1,q4-ridge-fold-1,True
附件一（训练集）.xlsx|材料4|2160,材料4|25|梯形波|49|-17,3,q4-ridge-fold-3,True
附件一（训练集）.xlsx|材料4|2206,材料4|50|三角波|55|-16,0,q4-ridge-fold-0,True
附件一（训练集）.xlsx|材料4|2251,材料4|50|三角波|55|-16,0,q4-ridge-fold-0,True
附件一（训练集）.xlsx|材料4|2438,材料4|70|三角波|55|-16,1,q4-ridge-fold-1,True
附件一（训练集）.xlsx|材料3|2456,材料3|50|梯形波|52|-7,4,q4-ridge-fold-4,True
附件一（训练集）.xlsx|材料3|2602,材料3|70|三角波|55|-19,2,q4-ridge-fold-2,True
附件一（训练集）.xlsx|材料1|3053,材料1|70|梯形波|52|-18,3,q4-ridge-fold-3,True
附件一（训练集）.xlsx|材料4|1131,材料4|25|三角波|49|-10,2,q4-ridge-fold-2,True
附件一（训练集）.xlsx|材料4|1181,材料4|50|三角波|48|-14,1,q4-ridge-fold-1,True
附件一（训练集）.xlsx|材料2|2542,材料2|70|梯形波|49|-7,1,q4-ridge-fold-1,True
附件一（训练集）.xlsx|材料1|1192,材料1|25|三角波|52|-13,3,q4-ridge-fold-3,True
附件一（训练集）.xlsx|材料3|1507,材料3|70|三角波|50|-18,2,q4-ridge-fold-2,True
附件一（训练集）.xlsx|材料4|272,材料4|50|正弦波|49|-10,4,q4-ridge-fold-4,True
附件一（训练集）.xlsx|材料3|2485,材料3|50|梯形波|55|-11,4,q4-ridge-fold-4,True
附件一（训练集）.xlsx|材料3|3073,材料3|90|梯形波|54|-14,2,q4-ridge-fold-2,True
附件一（训练集）.xlsx|材料2|1394,材料2|50|三角波|50|-16,2,q4-ridge-fold-2,True
附件一（训练集）.xlsx|材料1|875,材料1|90|正弦波|49|-14,3,q4-ridge-fold-3,True
附件一（训练集）.xlsx|材料2|1002,材料2|70|正弦波|53|-20,4,q4-ridge-fold-4,True
附件一（训练集）.xlsx|材料4|2333,材料4|50|梯形波|49|-8,3,q4-ridge-fold-3,True
附件一（训练集）.xlsx|材料3|295,材料3|90|正弦波|52|-9,4,q4-ridge-fold-4,True
附件一（训练集）.xlsx|材料4|2133,材料4|25|梯形波|48|-15,2,q4-ridge-fold-2,True
附件一（训练集）.xlsx|材料3|641,材料3|50|正弦波|55|-20,3,q4-ridge-fold-3,True
附件一（训练集）.xlsx|材料3|2047,材料3|25|梯形波|51|-14,1,q4-ridge-fold-1,True
附件一（训练集）.xlsx|材料2|1976,材料2|90|三角波|56|-20,3,q4-ridge-fold-3,True
附件一（训练集）.xlsx|材料4|480,材料4|70|正弦波|49|-16,4,q4-ridge-fold-4,True
附件一（训练集）.xlsx|材料1|2790,材料1|50|梯形波|52|-8,1,q4-ridge-fold-1,True
附件一（训练集）.xlsx|材料2|1311,材料2|25|三角波|52|-9,2,q4-ridge-fold-2,True
附件一（训练集）.xlsx|材料3|126,材料3|50|正弦波|50|-17,1,q4-ridge-fold-1,True
附件一（训练集）.xlsx|材料2|2902,材料2|90|梯形波|55|-19,0,q4-ridge-fold-0,True
附件一（训练集）.xlsx|材料3|1359,材料3|50|三角波|54|-9,1,q4-ridge-fold-1,True
附件一（训练集）.xlsx|材料3|2031,材料3|25|梯形波|48|-11,0,q4-ridge-fold-0,True
附件一（训练集）.xlsx|材料3|3093,材料3|90|梯形波|55|-15,4,q4-ridge-fold-4,True
附件一（训练集）.xlsx|材料3|3156,材料3|90|梯形波|54|-19,0,q4-ridge-fold-0,True
附件一（训练集）.xlsx|材料4|2113,材料4|25|梯形波|47|-10,1,q4-ridge-fold-1,True
附件一（训练集）.xlsx|材料2|148,材料2|50|正弦波|52|-17,1,q4-ridge-fold-1,True
附件一（训练集）.xlsx|材料2|325,材料2|90|正弦波|52|-18,1,q4-ridge-fold-1,True
附件一（训练集）.xlsx|材料3|1856,材料3|90|三角波|55|-12,3,q4-ridge-fold-3,True
附件一（训练集）.xlsx|材料3|606,材料3|50|正弦波|50|-15,3,q4-ridge-fold-3,True
附件一（训练集）.xlsx|材料2|2290,材料2|50|梯形波|46|-11,3,q4-ridge-fold-3,True
附件一（训练集）.xlsx|材料2|525,材料2|25|正弦波|49|-16,0,q4-ridge-fold-0,True
附件一（训练集）.xlsx|材料4|2488,材料4|70|梯形波|48|-11,3,q4-ridge-fold-3,True
附件一（训练集）.xlsx|材料2|2438,材料2|50|梯形波|49|-13,1,q4-ridge-fold-1,True
附件一（训练集）.xlsx|材料2|637,材料2|50|正弦波|50|-9,4,q4-ridge-fold-4,True
附件一（训练集）.xlsx|材料2|770,材料2|90|正弦波|46|-14,2,q4-ridge-fold-2,True
附件一（训练集）.xlsx|材料2|499,材料2|90|正弦波|55|-19,2,q4-ridge-fold-2,True
附件一（训练集）.xlsx|材料2|2326,材料2|50|梯形波|52|-20,4,q4-ridge-fold-4,True
附件一（训练集）.xlsx|材料4|1572,材料4|70|三角波|55|-19,2,q4-ridge-fold-2,True
附件一（训练集）.xlsx|材料4|50,材料4|25|正弦波|49|-10,0,q4-ridge-fold-0,True
附件一（训练集）.xlsx|材料1|807,材料1|90|正弦波|46|-8,1,q4-ridge-fold-1,True
附件一（训练集）.xlsx|材料3|2968,材料3|90|梯形波|52|-11,3,q4-ridge-fold-3,True
附件一（训练集）.xlsx|材料3|1179,材料3|25|三角波|54|-18,3,q4-ridge-fold-3,True
附件一（训练集）.xlsx|材料3|1413,材料3|50|三角波|52|-15,1,q4-ridge-fold-1,True
附件一（训练集）.xlsx|材料2|1971,材料2|90|三角波|55|-16,1,q4-ridge-fold-1,True
附件一（训练集）.xlsx|材料3|1238,材料3|25|三角波|52|-15,0,q4-ridge-fold-0,True
附件一（训练集）.xlsx|材料4|1944,材料4|25|三角波|49|-14,2,q4-ridge-fold-2,True
附件一（训练集）.xlsx|材料2|2360,材料2|50|梯形波|48|-13,4,q4-ridge-fold-4,True
附件一（训练集）.xlsx|材料2|1979,材料2|90|三角波|56|-17,4,q4-ridge-fold-4,True
附件一（训练集）.xlsx|材料1|2568,材料1|25|梯形波|54|-16,4,q4-ridge-fold-4,True
附件一（训练集）.xlsx|材料2|449,材料2|25|正弦波|46|-14,0,q4-ridge-fold-0,True
附件一（训练集）.xlsx|材料3|2401,材料3|50|梯形波|55|-11,4,q4-ridge-fold-4,True
附件一（训练集）.xlsx|材料2|1219,材料2|25|三角波|49|-9,3,q4-ridge-fold-3,True
附件一（训练集）.xlsx|材料2|2629,材料2|70|梯形波|52|-15,1,q4-ridge-fold-1,True
附件一（训练集）.xlsx|材料4|401,材料4|50|正弦波|55|-16,3,q4-ridge-fold-3,True
附件一（训练集）.xlsx|材料1|72,材料1|25|正弦波|49|-15,2,q4-ridge-fold-2,True
附件一（训练集）.xlsx|材料4|1411,材料4|70|三角波|47|-16,2,q4-ridge-fold-2,True
附件一（训练集）.xlsx|材料3|2637,材料3|70|梯形波|49|-15,0,q4-ridge-fold-0,True
附件一（训练集）.xlsx|材料3|1565,材料3|70|三角波|49|-7,0,q4-ridge-fold-0,True
附件一（训练集）.xlsx|材料1|1370,材料1|25|三角波|49|-13,4,q4-ridge-fold-4,True
附件一（训练集）.xlsx|材料1|812,材料1|90|正弦波|47|-15,3,q4-ridge-fold-3,True
附件一（训练集）.xlsx|材料4|1262,材料4|50|三角波|52|-15,4,q4-ridge-fold-4,True
附件一（训练集）.xlsx|材料4|2425,材料4|70|三角波|52|-18,4,q4-ridge-fold-4,True
附件一（训练集）.xlsx|材料4|212,材料4|50|正弦波|47|-17,4,q4-ridge-fold-4,True
附件一（训练集）.xlsx|材料2|1821,材料2|90|三角波|52|-18,1,q4-ridge-fold-1,True
附件一（训练集）.xlsx|材料3|1102,材料3|25|三角波|52|-8,1,q4-ridge-fold-1,True
附件一（训练集）.xlsx|材料4|1707,材料4|90|三角波|50|-14,3,q4-ridge-fold-3,True
附件一（训练集）.xlsx|材料4|625,材料4|70|正弦波|56|-15,2,q4-ridge-fold-2,True
附件一（训练集）.xlsx|材料2|1501,材料2|50|三角波|55|-12,2,q4-ridge-fold-2,True
附件一（训练集）.xlsx|材料3|2502,材料3|50|梯形波|48|-13,4,q4-ridge-fold-4,True
附件一（训练集）.xlsx|材料2|2891,材料2|90|梯形波|54|-10,2,q4-ridge-fold-2,True
附件一（训练集）.xlsx|材料4|2068,材料4|25|三角波|53|-16,3,q4-ridge-fold-3,True
附件一（训练集）.xlsx|材料4|916,材料4|25|三角波|49|-19,1,q4-ridge-fold-1,True
附件一（训练集）.xlsx|材料4|306,材料4|50|正弦波|51|-15,1,q4-ridge-fold-1,True
附件一（训练集）.xlsx|材料3|3091,材料3|90|梯形波|55|-18,0,q4-ridge-fold-0,True
附件一（训练集）.xlsx|材料1|2358,材料1|25|三角波|55|-18,1,q4-ridge-fold-1,True
附件一（训练集）.xlsx|材料2|787,材料2|90|正弦波|49|-12,0,q4-ridge-fold-0,True
附件一（训练集）.xlsx|材料1|3128,材料1|70|梯形波|55|-18,1,q4-ridge-fold-1,True
附件一（训练集）.xlsx|材料1|108,材料1|25|正弦波|49|-18,4,q4-ridge-fold-4,True
附件一（训练集）.xlsx|材料1|1562,材料1|50|三角波|55|-19,1,q4-ridge-fold-1,True
附件一（训练集）.xlsx|材料1|3018,材料1|70|梯形波|52|-17,2,q4-ridge-fold-2,True
附件一（训练集）.xlsx|材料2|928,材料2|25|正弦波|46|-10,3,q4-ridge-fold-3,True
附件一（训练集）.xlsx|材料4|324,材料4|50|正弦波|52|-20,4,q4-ridge-fold-4,True
附件一（训练集）.xlsx|材料1|536,材料1|70|正弦波|46|-12,4,q4-ridge-fold-4,True
附件一（训练集）.xlsx|材料3|808,材料3|70|正弦波|52|-16,3,q4-ridge-fold-3,True
附件一（训练集）.xlsx|材料2|2311,材料2|50|梯形波|51|-17,1,q4-ridge-fold-1,True
附件一（训练集）.xlsx|材料4|2080,材料4|25|三角波|55|-16,3,q4-ridge-fold-3,True
附件一（训练集）.xlsx|材料1|1426,材料1|50|三角波|51|-18,4,q4-ridge-fold-4,True
附件一（训练集）.xlsx|材料4|1721,材料4|90|三角波|51|-15,1,q4-ridge-fold-1,True
附件一（训练集）.xlsx|材料4|4,材料4|25|正弦波|46|-15,2,q4-ridge-fold-2,True
附件一（训练集）.xlsx|材料1|2241,材料1|90|三角波|47|-13,1,q4-ridge-fold-1,True
附件一（训练集）.xlsx|材料1|2563,材料1|25|梯形波|54|-19,1,q4-ridge-fold-1,True
附件一（训练集）.xlsx|材料3|1125,材料3|25|三角波|55|-16,1,q4-ridge-fold-1,True
附件一（训练集）.xlsx|材料4|2696,材料4|90|梯形波|49|-13,2,q4-ridge-fold-2,True
附件一（训练集）.xlsx|材料3|915,材料3|50|正弦波|52|-19,2,q4-ridge-fold-2,True
附件一（训练集）.xlsx|材料3|1397,材料3|50|三角波|49|-7,0,q4-ridge-fold-0,True
附件一（训练集）.xlsx|材料2|1537,材料2|50|三角波|52|-11,4,q4-ridge-fold-4,True
附件一（训练集）.xlsx|材料1|2606,材料1|50|三角波|55|-12,1,q4-ridge-fold-1,True
附件一（训练集）.xlsx|材料1|2831,材料1|50|梯形波|54|-18,4,q4-ridge-fold-4,True
附件一（训练集）.xlsx|材料4|1440,材料4|70|三角波|48|-14,3,q4-ridge-fold-3,True
附件一（训练集）.xlsx|材料3|2993,材料3|90|梯形波|55|-19,0,q4-ridge-fold-0,True
附件一（训练集）.xlsx|材料3|1634,材料3|70|三角波|49|-14,4,q4-ridge-fold-4,True
附件一（训练集）.xlsx|材料4|2346,材料4|50|梯形波|50|-9,4,q4-ridge-fold-4,True
附件一（训练集）.xlsx|材料1|1790,材料1|70|三角波|52|-14,2,q4-ridge-fold-2,True
附件一（训练集）.xlsx|材料3|1039,材料3|25|三角波|54|-16,3,q4-ridge-fold-3,True
附件一（训练集）.xlsx|材料4|433,材料4|70|正弦波|47|-12,1,q4-ridge-fold-1,True
附件一（训练集）.xlsx|材料4|2533,材料4|70|梯形波|50|-14,3,q4-ridge-fold-3,True
附件一（训练集）.xlsx|材料1|507,材料1|50|正弦波|53|-17,1,q4-ridge-fold-1,True
附件一（训练集）.xlsx|材料2|1121,材料2|25|三角波|52|-12,2,q4-ridge-fold-2,True
附件一（训练集）.xlsx|材料2|1815,材料2|90|三角波|52|-14,3,q4-ridge-fold-3,True
附件一（训练集）.xlsx|材料2|68,材料2|25|正弦波|53|-17,0,q4-ridge-fold-0,True
附件一（训练集）.xlsx|材料3|852,材料3|70|正弦波|49|-8,1,q4-ridge-fold-1,True
附件一（训练集）.xlsx|材料1|1324,材料1|25|三角波|48|-13,3,q4-ridge-fold-3,True
附件一（训练集）.xlsx|材料2|1469,材料2|50|三角波|52|-6,2,q4-ridge-fold-2,True
附件一（训练集）.xlsx|材料1|533,材料1|70|正弦波|46|-14,4,q4-ridge-fold-4,True
附件一（训练集）.xlsx|材料4|679,材料4|90|正弦波|49|-9,1,q4-ridge-fold-1,True
附件一（训练集）.xlsx|材料3|1814,材料3|90|三角波|49|-10,1,q4-ridge-fold-1,True
附件一（训练集）.xlsx|材料4|2536,材料4|70|梯形波|50|-9,2,q4-ridge-fold-2,True
附件一（训练集）.xlsx|材料1|3352,材料1|90|梯形波|53|-10,2,q4-ridge-fold-2,True
附件一（训练集）.xlsx|材料4|28,材料4|25|正弦波|47|-11,2,q4-ridge-fold-2,True
附件一（训练集）.xlsx|材料1|2830,材料1|50|梯形波|54|-19,2,q4-ridge-fold-2,True
附件一（训练集）.xlsx|材料4|1367,材料4|50|三角波|49|-17,2,q4-ridge-fold-2,True
附件一（训练集）.xlsx|材料2|2882,材料2|90|梯形波|52|-8,1,q4-ridge-fold-1,True
附件一（训练集）.xlsx|材料1|3393,材料1|90|梯形波|55|-19,4,q4-ridge-fold-4,True
附件一（训练集）.xlsx|材料1|1395,材料1|50|三角波|48|-13,1,q4-ridge-fold-1,True
附件一（训练集）.xlsx|材料3|63,材料3|25|正弦波|53|-18,3,q4-ridge-fold-3,True
附件一（训练集）.xlsx|材料1|341,材料1|50|正弦波|49|-9,1,q4-ridge-fold-1,True
附件一（训练集）.xlsx|材料4|1108,材料4|25|三角波|48|-17,0,q4-ridge-fold-0,True
附件一（训练集）.xlsx|材料4|2169,材料4|50|三角波|50|-15,1,q4-ridge-fold-1,True
附件一（训练集）.xlsx|材料3|934,材料3|70|正弦波|55|-14,4,q4-ridge-fold-4,True
附件一（训练集）.xlsx|材料1|2866,材料1|70|三角波|55|-10,4,q4-ridge-fold-4,True
附件一（训练集）.xlsx|材料3|1349,材料3|50|三角波|52|-14,3,q4-ridge-fold-3,True
附件一（训练集）.xlsx|材料1|2538,材料1|25|梯形波|52|-12,2,q4-ridge-fold-2,True
附件一（训练集）.xlsx|材料2|599,材料2|50|正弦波|46|-11,1,q4-ridge-fold-1,True
附件一（训练集）.xlsx|材料4|2475,材料4|70|梯形波|47|-10,3,q4-ridge-fold-3,True
附件一（训练集）.xlsx|材料2|697,材料2|70|正弦波|47|-11,1,q4-ridge-fold-1,True
附件一（训练集）.xlsx|材料2|2881,材料2|90|梯形波|52|-10,2,q4-ridge-fold-2,True
附件一（训练集）.xlsx|材料1|2275,材料1|90|三角波|49|-9,0,q4-ridge-fold-0,True
附件一（训练集）.xlsx|材料1|2321,材料1|25|三角波|55|-16,4,q4-ridge-fold-4,True
附件一（训练集）.xlsx|材料2|1556,材料2|50|三角波|55|-19,0,q4-ridge-fold-0,True
附件一（训练集）.xlsx|材料3|250,材料3|90|正弦波|46|-11,3,q4-ridge-fold-3,True
附件一（训练集）.xlsx|材料4|445,材料4|70|正弦波|48|-17,2,q4-ridge-fold-2,True
附件一（训练集）.xlsx|材料1|2539,材料1|25|梯形波|52|-11,0,q4-ridge-fold-0,True
附件一（训练集）.xlsx|材料4|971,材料4|25|三角波|52|-20,0,q4-ridge-fold-0,True
附件一（训练集）.xlsx|材料4|2013,材料4|25|三角波|55|-17,0,q4-ridge-fold-0,True
附件一（训练集）.xlsx|材料4|1697,材料4|90|三角波|48|-10,3,q4-ridge-fold-3,True
附件一（训练集）.xlsx|材料3|1596,材料3|70|三角波|54|-16,4,q4-ridge-fold-4,True
附件一（训练集）.xlsx|材料4|1809,材料4|90|三角波|55|-18,3,q4-ridge-fold-3,True
附件一（训练集）.xlsx|材料4|1702,材料4|90|三角波|50|-20,0,q4-ridge-fold-0,True
附件一（训练集）.xlsx|材料2|1028,材料2|25|正弦波|49|-15,1,q4-ridge-fold-1,True
附件一（训练集）.xlsx|材料2|558,材料2|25|正弦波|52|-10,3,q4-ridge-fold-3,True
附件一（训练集）.xlsx|材料1|755,材料1|70|正弦波|53|-10,2,q4-ridge-fold-2,True
附件一（训练集）.xlsx|材料2|2143,材料2|25|梯形波|49|-10,2,q4-ridge-fold-2,True
附件一（训练集）.xlsx|材料4|1347,材料4|50|三角波|48|-9,1,q4-ridge-fold-1,True
附件一（训练集）.xlsx|材料2|1525,材料2|50|三角波|49|-9,2,q4-ridge-fold-2,True
附件一（训练集）.xlsx|材料2|2740,材料2|70|梯形波|55|-15,4,q4-ridge-fold-4,True
附件一（训练集）.xlsx|材料2|2116,材料2|25|梯形波|55|-10,3,q4-ridge-fold-3,True
附件一（训练集）.xlsx|材料4|1126,材料4|25|三角波|49|-13,4,q4-ridge-fold-4,True
附件一（训练集）.xlsx|材料1|2900,材料1|70|梯形波|46|-9,3,q4-ridge-fold-3,True
附件一（训练集）.xlsx|材料2|256,材料2|70|正弦波|55|-15,1,q4-ridge-fold-1,True
附件一（训练集）.xlsx|材料4|941,材料4|25|三角波|50|-10,0,q4-ridge-fold-0,True
附件一（训练集）.xlsx|材料3|2249,材料3|25|梯形波|54|-16,0,q4-ridge-fold-0,True
附件一（训练集）.xlsx|材料3|2006,材料3|25|三角波|55|-13,1,q4-ridge-fold-1,True
附件一（训练集）.xlsx|材料2|44,材料2|25|正弦波|52|-19,3,q4-ridge-fold-3,True
附件一（训练集）.xlsx|材料2|708,材料2|70|正弦波|49|-9,1,q4-ridge-fold-1,True
附件一（训练集）.xlsx|材料3|2020,材料3|25|三角波|55|-9,0,q4-ridge-fold-0,True
附件一（训练集）.xlsx|材料2|917,材料2|70|正弦波|47|-14,0,q4-ridge-fold-0,True
附件一（训练集）.xlsx|材料3|1893,材料3|90|三角波|50|-16,2,q4-ridge-fold-2,True
附件一（训练集）.xlsx|材料3|456,材料3|70|正弦波|55|-14,4,q4-ridge-fold-4,True
附件一（训练集）.xlsx|材料2|2893,材料2|90|梯形波|54|-8,0,q4-ridge-fold-0,True
附件一（训练集）.xlsx|材料4|1312,材料4|50|三角波|55|-17,2,q4-ridge-fold-2,True
附件一（训练集）.xlsx|材料4|1193,材料4|50|三角波|49|-16,3,q4-ridge-fold-3,True
附件一（训练集）.xlsx|材料4|628,材料4|90|正弦波|46|-16,3,q4-ridge-fold-3,True
附件一（训练集）.xlsx|材料3|8,材料3|25|正弦波|46|-9,1,q4-ridge-fold-1,True
附件一（训练集）.xlsx|材料2|2301,材料2|50|梯形波|48|-8,0,q4-ridge-fold-0,True
附件一（训练集）.xlsx|材料2|2046,材料2|25|三角波|55|-17,4,q4-ridge-fold-4,True
附件一（训练集）.xlsx|材料1|1806,材料1|70|三角波|52|-16,1,q4-ridge-fold-1,True
附件一（训练集）.xlsx|材料3|1705,材料3|70|三角波|50|-14,3,q4-ridge-fold-3,True
附件一（训练集）.xlsx|材料4|377,材料4|50|正弦波|54|-18,1,q4-ridge-fold-1,True
附件一（训练集）.xlsx|材料1|2392,材料1|25|梯形波|47|-7,2,q4-ridge-fold-2,True
附件一（训练集）.xlsx|材料2|1393,材料2|50|三角波|50|-17,0,q4-ridge-fold-0,True
附件一（训练集）.xlsx|材料2|1050,材料2|25|正弦波|50|-17,4,q4-ridge-fold-4,True
附件一（训练集）.xlsx|材料1|224,材料1|25|正弦波|52|-11,4,q4-ridge-fold-4,True
附件一（训练集）.xlsx|材料4|77,材料4|25|正弦波|50|-13,4,q4-ridge-fold-4,True
附件一（训练集）.xlsx|材料4|1053,材料4|25|三角波|55|-19,3,q4-ridge-fold-3,True
附件一（训练集）.xlsx|材料2|139,材料2|50|正弦波|52|-18,4,q4-ridge-fold-4,True
附件一（训练集）.xlsx|材料4|1742,材料4|90|三角波|52|-20,3,q4-ridge-fold-3,True
附件一（训练集）.xlsx|材料2|631,材料2|50|正弦波|50|-15,1,q4-ridge-fold-1,True
附件一（训练集）.xlsx|材料3|1866,材料3|90|三角波|55|-12,3,q4-ridge-fold-3,True
附件一（训练集）.xlsx|材料1|2095,材料1|90|三角波|52|-9,3,q4-ridge-fold-3,True
附件一（训练集）.xlsx|材料1|766,材料1|70|正弦波|53|-13,4,q4-ridge-fold-4,True
附件一（训练集）.xlsx|材料4|2624,材料4|90|三角波|55|-19,3,q4-ridge-fold-3,True
附件一（训练集）.xlsx|材料1|2988,材料1|70|梯形波|51|-15,3,q4-ridge-fold-3,True
附件一（训练集）.xlsx|材料1|2099,材料1|90|三角波|52|-19,3,q4-ridge-fold-3,True
附件一（训练集）.xlsx|材料2|22,材料2|25|正弦波|49|-10,0,q4-ridge-fold-0,True
附件一（训练集）.xlsx|材料4|1973,材料4|25|三角波|52|-13,2,q4-ridge-fold-2,True
附件一（训练集）.xlsx|材料1|1690,材料1|50|三角波|49|-8,0,q4-ridge-fold-0,True
附件一（训练集）.xlsx|材料4|1911,材料4|90|三角波|49|-8,1,q4-ridge-fold-1,True
附件一（训练集）.xlsx|材料1|570,材料1|70|正弦波|47|-12,2,q4-ridge-fold-2,True
附件一（训练集）.xlsx|材料4|2594,材料4|90|三角波|55|-10,0,q4-ridge-fold-0,True
附件一（训练集）.xlsx|材料4|1037,材料4|25|三角波|54|-15,1,q4-ridge-fold-1,True
附件一（训练集）.xlsx|材料4|1807,材料4|90|三角波|55|-19,3,q4-ridge-fold-3,True
附件一（训练集）.xlsx|材料1|20,材料1|25|正弦波|47|-13,1,q4-ridge-fold-1,True
附件一（训练集）.xlsx|材料1|3161,材料1|90|三角波|55|-15,0,q4-ridge-fold-0,True
附件一（训练集）.xlsx|材料2|1814,材料2|90|三角波|52|-14,3,q4-ridge-fold-3,True
附件一（训练集）.xlsx|材料1|690,材料1|70|正弦波|52|-14,2,q4-ridge-fold-2,True
附件一（训练集）.xlsx|材料2|1639,材料2|70|三角波|50|-11,1,q4-ridge-fold-1,True
附件一（训练集）.xlsx|材料1|814,材料1|90|正弦波|47|-13,0,q4-ridge-fold-0,True
附件一（训练集）.xlsx|材料1|258,材料1|25|正弦波|54|-19,0,q4-ridge-fold-0,True
附件一（训练集）.xlsx|材料3|955,材料3|70|正弦波|50|-14,4,q4-ridge-fold-4,True
附件一（训练集）.xlsx|材料2|348,材料2|90|正弦波|55|-13,4,q4-ridge-fold-4,True
附件一（训练集）.xlsx|材料3|2073,材料3|25|梯形波|54|-20,3,q4-ridge-fold-3,True
附件一（训练集）.xlsx|材料4|710,材料4|90|正弦波|50|-10,0,q4-ridge-fold-0,True
附件一（训练集）.xlsx|材料3|2118,材料3|25|梯形波|49|-14,4,q4-ridge-fold-4,True
附件一（训练集）.xlsx|材料3|2343,材料3|50|梯形波|49|-10,4,q4-ridge-fold-4,True
附件一（训练集）.xlsx|材料3|118,材料3|50|正弦波|49|-14,0,q4-ridge-fold-0,True
附件一（训练集）.xlsx|材料2|2207,材料2|25|梯形波|48|-8,3,q4-ridge-fold-3,True
附件一（训练集）.xlsx|材料2|1477,材料2|50|三角波|52|-7,1,q4-ridge-fold-1,True
附件一（训练集）.xlsx|材料4|944,材料4|25|三角波|51|-19,4,q4-ridge-fold-4,True
附件一（训练集）.xlsx|材料3|2975,材料3|90|梯形波|52|-16,3,q4-ridge-fold-3,True
附件一（训练集）.xlsx|材料2|2135,材料2|25|梯形波|48|-7,3,q4-ridge-fold-3,True
附件一（训练集）.xlsx|材料4|627,材料4|90|正弦波|46|-17,3,q4-ridge-fold-3,True
附件一（训练集）.xlsx|材料2|1411,材料2|50|三角波|52|-12,4,q4-ridge-fold-4,True
附件一（训练集）.xlsx|材料3|1252,材料3|25|三角波|54|-16,3,q4-ridge-fold-3,True
附件一（训练集）.xlsx|材料2|821,材料2|90|正弦波|52|-20,4,q4-ridge-fold-4,True
附件一（训练集）.xlsx|材料3|1177,材料3|25|三角波|52|-9,4,q4-ridge-fold-4,True
附件一（训练集）.xlsx|材料3|901,材料3|90|正弦波|55|-19,3,q4-ridge-fold-3,True
附件一（训练集）.xlsx|材料4|2667,材料4|90|梯形波|48|-13,0,q4-ridge-fold-0,True
附件一（训练集）.xlsx|材料3|2355,材料3|50|梯形波|51|-7,0,q4-ridge-fold-0,True
附件一（训练集）.xlsx|材料2|2076,材料2|25|梯形波|49|-11,4,q4-ridge-fold-4,True
附件一（训练集）.xlsx|材料1|359,材料1|50|正弦波|49|-8,3,q4-ridge-fold-3,True
附件一（训练集）.xlsx|材料2|2624,材料2|70|梯形波|51|-9,1,q4-ridge-fold-1,True
附件一（训练集）.xlsx|材料3|2237,材料3|25|梯形波|52|-16,2,q4-ridge-fold-2,True
附件一（训练集）.xlsx|材料2|1946,材料2|90|三角波|52|-18,1,q4-ridge-fold-1,True
附件一（训练集）.xlsx|材料1|596,材料1|70|正弦波|49|-13,4,q4-ridge-fold-4,True
附件一（训练集）.xlsx|材料3|1035,材料3|25|三角波|52|-11,0,q4-ridge-fold-0,True
附件一（训练集）.xlsx|材料1|42,材料1|25|正弦波|47|-11,3,q4-ridge-fold-3,True
附件一（训练集）.xlsx|材料2|74,材料2|25|正弦波|53|-11,0,q4-ridge-fold-0,True
附件一（训练集）.xlsx|材料4|1630,材料4|70|三角波|49|-17,2,q4-ridge-fold-2,True
附件一（训练集）.xlsx|材料1|1388,材料1|50|三角波|47|-8,1,q4-ridge-fold-1,True
附件一（训练集）.xlsx|材料3|1450,材料3|50|三角波|48|-7,4,q4-ridge-fold-4,True
附件一（训练集）.xlsx|材料4|2514,材料4|70|梯形波|49|-8,2,q4-ridge-fold-2,True
附件一（训练集）.xlsx|材料3|2458,材料3|50|梯形波|54|-18,2,q4-ridge-fold-2,True
附件一（训练集）.xlsx|材料3|2341,材料3|50|梯形波|49|-14,4,q4-ridge-fold-4,True
附件一（训练集）.xlsx|材料3|2799,材料3|70|梯形波|48|-13,3,q4-ridge-fold-3,True
附件一（训练集）.xlsx|材料3|2336,材料3|50|梯形波|48|-9,1,q4-ridge-fold-1,True
附件一（训练集）.xlsx|材料4|187,材料4|25|正弦波|56|-19,3,q4-ridge-fold-3,True
附件一（训练集）.xlsx|材料2|1008,材料2|25|正弦波|47|-14,1,q4-ridge-fold-1,True
附件一（训练集）.xlsx|材料3|2054,材料3|25|梯形波|51|-6,1,q4-ridge-fold-1,True
附件一（训练集）.xlsx|材料1|1519,材料1|50|三角波|53|-12,1,q4-ridge-fold-1,True
附件一（训练集）.xlsx|材料3|1100,材料3|25|三角波|52|-11,0,q4-ridge-fold-0,True
附件一（训练集）.xlsx|材料2|828,材料2|90|正弦波|53|-20,4,q4-ridge-fold-4,True
附件一（训练集）.xlsx|材料1|1104,材料1|25|三角波|50|-17,3,q4-ridge-fold-3,True
附件一（训练集）.xlsx|材料4|501,材料4|70|正弦波|50|-10,1,q4-ridge-fold-1,True
附件一（训练集）.xlsx|材料4|854,材料4|70|正弦波|50|-18,4,q4-ridge-fold-4,True
附件一（训练集）.xlsx|材料1|2242,材料1|90|三角波|47|-12,4,q4-ridge-fold-4,True
附件一（训练集）.xlsx|材料2|2282,材料2|50|三角波|55|-17,3,q4-ridge-fold-3,True
附件一（训练集）.xlsx|材料4|1663,材料4|70|三角波|49|-6,2,q4-ridge-fold-2,True
附件一（训练集）.xlsx|材料1|941,材料1|90|正弦波|51|-18,3,q4-ridge-fold-3,True
附件一（训练集）.xlsx|材料3|2498,材料3|50|梯形波|46|-10,4,q4-ridge-fold-4,True
附件一（训练集）.xlsx|材料2|356,材料2|90|正弦波|55|-20,1,q4-ridge-fold-1,True
附件一（训练集）.xlsx|材料4|1974,材料4|25|三角波|52|-12,4,q4-ridge-fold-4,True
附件一（训练集）.xlsx|材料4|1517,材料4|70|三角波|52|-14,1,q4-ridge-fold-1,True
附件一（训练集）.xlsx|材料2|2221,材料2|25|梯形波|51|-12,4,q4-ridge-fold-4,True
附件一（训练集）.xlsx|材料3|786,材料3|90|正弦波|55|-20,1,q4-ridge-fold-1,True
附件一（训练集）.xlsx|材料2|1542,材料2|50|三角波|52|-16,0,q4-ridge-fold-0,True
附件一（训练集）.xlsx|材料2|602,材料2|50|正弦波|46|-8,1,q4-ridge-fold-1,True
附件一（训练集）.xlsx|材料4|2751,材料4|90|梯形波|51|-15,1,q4-ridge-fold-1,True
附件一（训练集）.xlsx|材料4|582,材料4|70|正弦波|53|-15,4,q4-ridge-fold-4,True
附件一（训练集）.xlsx|材料4|1084,材料4|25|三角波|47|-14,0,q4-ridge-fold-0,True
附件一（训练集）.xlsx|材料3|2876,材料3|70|梯形波|55|-14,2,q4-ridge-fold-2,True
附件一（训练集）.xlsx|材料3|2161,材料3|25|梯形波|55|-14,4,q4-ridge-fold-4,True
附件一（训练集）.xlsx|材料1|3287,材料1|90|梯形波|52|-15,2,q4-ridge-fold-2,True
附件一（训练集）.xlsx|材料4|785,材料4|90|正弦波|53|-18,3,q4-ridge-fold-3,True
附件一（训练集）.xlsx|材料2|900,材料2|70|正弦波|52|-20,3,q4-ridge-fold-3,True
附件一（训练集）.xlsx|材料2|2387,材料2|50|梯形波|52|-13,0,q4-ridge-fold-0,True
附件一（训练集）.xlsx|材料3|104,材料3|50|正弦波|47|-8,4,q4-ridge-fold-4,True
附件一（训练集）.xlsx|材料3|752,材料3|90|正弦波|49|-13,2,q4-ridge-fold-2,True
附件一（训练集）.xlsx|材料2|1530,材料2|50|三角波|50|-9,2,q4-ridge-fold-2,True
附件一（训练集）.xlsx|材料2|486,材料2|90|正弦波|50|-14,0,q4-ridge-fold-0,True
附件一（训练集）.xlsx|材料1|114,材料1|25|正弦波|49|-15,2,q4-ridge-fold-2,True
附件一（训练集）.xlsx|材料4|1512,材料4|70|三角波|52|-17,0,q4-ridge-fold-0,True
附件一（训练集）.xlsx|材料4|1706,材料4|90|三角波|50|-15,3,q4-ridge-fold-3,True
附件一（训练集）.xlsx|材料1|1509,材料1|50|三角波|53|-18,3,q4-ridge-fold-3,True
附件一（训练集）.xlsx|材料2|2775,材料2|90|梯形波|46|-11,4,q4-ridge-fold-4,True
附件一（训练集）.xlsx|材料1|2309,材料1|90|三角波|49|-8,3,q4-ridge-fold-3,True
附件一（训练集）.xlsx|材料3|1573,材料3|70|三角波|50|-15,0,q4-ridge-fold-0,True
附件一（训练集）.xlsx|材料4|713,材料4|90|正弦波|50|-19,4,q4-ridge-fold-4,True
附件一（训练集）.xlsx|材料1|1809,材料1|70|三角波|52|-15,2,q4-ridge-fold-2,True
附件一（训练集）.xlsx|材料1|2064,材料1|90|三角波|51|-15,2,q4-ridge-fold-2,True
附件一（训练集）.xlsx|材料2|2391,材料2|50|梯形波|52|-6,2,q4-ridge-fold-2,True
附件一（训练集）.xlsx|材料3|1940,材料3|90|三角波|55|-19,2,q4-ridge-fold-2,True
附件一（训练集）.xlsx|材料3|278,材料3|90|正弦波|49|-12,4,q4-ridge-fold-4,True
附件一（训练集）.xlsx|材料2|1259,材料2|25|三角波|55|-18,2,q4-ridge-fold-2,True
附件一（训练集）.xlsx|材料4|1994,材料4|25|三角波|55|-18,4,q4-ridge-fold-4,True
附件一（训练集）.xlsx|材料4|1971,材料4|25|三角波|52|-16,4,q4-ridge-fold-4,True
附件一（训练集）.xlsx|材料3|2364,材料3|50|梯形波|52|-8,3,q4-ridge-fold-3,True
附件一（训练集）.xlsx|材料3|1999,材料3|90|三角波|56|-16,2,q4-ridge-fold-2,True
附件一（训练集）.xlsx|材料3|1257,材料3|25|三角波|54|-9,0,q4-ridge-fold-0,True
附件一（训练集）.xlsx|材料1|1548,材料1|50|三角波|54|-16,0,q4-ridge-fold-0,True
附件一（训练集）.xlsx|材料4|1467,材料4|70|三角波|51|-17,0,q4-ridge-fold-0,True
附件一（训练集）.xlsx|材料2|1916,材料2|90|三角波|48|-7,4,q4-ridge-fold-4,True
附件一（训练集）.xlsx|材料4|2427,材料4|70|三角波|52|-16,4,q4-ridge-fold-4,True
附件一（训练集）.xlsx|材料3|2094,材料3|25|梯形波|55|-17,3,q4-ridge-fold-3,True
附件一（训练集）.xlsx|材料2|2861,材料2|90|梯形波|49|-9,2,q4-ridge-fold-2,True
附件一（训练集）.xlsx|材料2|1696,材料2|70|三角波|48|-7,3,q4-ridge-fold-3,True
附件一（训练集）.xlsx|材料1|3009,材料1|70|梯形波|51|-12,4,q4-ridge-fold-4,True
附件一（训练集）.xlsx|材料3|1092,材料3|25|三角波|52|-10,1,q4-ridge-fold-1,True
附件一（训练集）.xlsx|材料3|2938,材料3|90|梯形波|48|-10,1,q4-ridge-fold-1,True
附件一（训练集）.xlsx|材料2|1679,材料2|70|三角波|55|-19,3,q4-ridge-fold-3,True
附件一（训练集）.xlsx|材料3|723,材料3|70|正弦波|55|-16,0,q4-ridge-fold-0,True
附件一（训练集）.xlsx|材料2|1410,材料2|50|三角波|52|-13,4,q4-ridge-fold-4,True
附件一（训练集）.xlsx|材料3|1073,材料3|25|三角波|49|-13,3,q4-ridge-fold-3,True
附件一（训练集）.xlsx|材料1|2393,材料1|25|梯形波|48|-14,0,q4-ridge-fold-0,True
附件一（训练集）.xlsx|材料1|1063,材料1|90|正弦波|55|-15,3,q4-ridge-fold-3,True
附件一（训练集）.xlsx|材料4|1616,材料4|70|三角波|49|-14,0,q4-ridge-fold-0,True
附件一（训练集）.xlsx|材料2|2946,材料2|90|梯形波|51|-6,4,q4-ridge-fold-4,True
附件一（训练集）.xlsx|材料1|2690,材料1|50|梯形波|49|-15,0,q4-ridge-fold-0,True
附件一（训练集）.xlsx|材料1|154,材料1|25|正弦波|50|-12,1,q4-ridge-fold-1,True
附件一（训练集）.xlsx|材料1|1906,材料1|70|三角波|55|-18,3,q4-ridge-fold-3,True
附件一（训练集）.xlsx|材料3|1667,材料3|70|三角波|55|-18,3,q4-ridge-fold-3,True
附件一（训练集）.xlsx|材料2|1845,材料2|90|三角波|56|-21,3,q4-ridge-fold-3,True
附件一（训练集）.xlsx|材料4|1759,材料4|90|三角波|52|-18,1,q4-ridge-fold-1,True
附件一（训练集）.xlsx|材料4|2616,材料4|90|三角波|55|-12,4,q4-ridge-fold-4,True
附件一（训练集）.xlsx|材料3|1567,材料3|70|三角波|49|-16,2,q4-ridge-fold-2,True
附件一（训练集）.xlsx|材料1|184,材料1|25|正弦波|52|-12,3,q4-ridge-fold-3,True
附件一（训练集）.xlsx|材料2|375,材料2|25|正弦波|53|-20,1,q4-ridge-fold-1,True
附件一（训练集）.xlsx|材料2|2006,材料2|90|三角波|52|-14,3,q4-ridge-fold-3,True
附件一（训练集）.xlsx|材料4|194,材料4|50|正弦波|46|-15,1,q4-ridge-fold-1,True
附件一（训练集）.xlsx|材料4|950,材料4|25|三角波|51|-15,1,q4-ridge-fold-1,True
附件一（训练集）.xlsx|材料1|370,材料1|50|正弦波|49|-13,1,q4-ridge-fold-1,True
附件一（训练集）.xlsx|材料4|2261,材料4|50|梯形波|46|-13,1,q4-ridge-fold-1,True
附件一（训练集）.xlsx|材料2|1779,材料2|70|三角波|50|-6,4,q4-ridge-fold-4,True
附件一（训练集）.xlsx|材料2|255,材料2|70|正弦波|55|-16,2,q4-ridge-fold-2,True
附件一（训练集）.xlsx|材料3|1038,材料3|25|三角波|54|-18,3,q4-ridge-fold-3,True
附件一（训练集）.xlsx|材料1|1553,材料1|50|三角波|54|-14,3,q4-ridge-fold-3,True
附件一（训练集）.xlsx|材料4|736,材料4|90|正弦波|51|-12,3,q4-ridge-fold-3,True
附件一（训练集）.xlsx|材料3|757,材料3|90|正弦波|49|-7,3,q4-ridge-fold-3,True
附件一（训练集）.xlsx|材料4|759,材料4|90|正弦波|52|-19,2,q4-ridge-fold-2,True
附件一（训练集）.xlsx|材料4|1040,材料4|25|三角波|55|-20,0,q4-ridge-fold-0,True
附件一（训练集）.xlsx|材料1|1473,材料1|50|三角波|52|-17,3,q4-ridge-fold-3,True
附件一（训练集）.xlsx|材料2|2252,材料2|25|梯形波|55|-14,0,q4-ridge-fold-0,True
附件一（训练集）.xlsx|材料2|2459,材料2|50|梯形波|52|-12,1,q4-ridge-fold-1,True
附件一（训练集）.xlsx|材料3|2281,材料3|25|梯形波|56|-14,3,q4-ridge-fold-3,True
附件一（训练集）.xlsx|材料4|263,材料4|50|正弦波|49|-15,3,q4-ridge-fold-3,True
附件一（训练集）.xlsx|材料1|1253,材料1|25|三角波|55|-17,1,q4-ridge-fold-1,True
附件一（训练集）.xlsx|材料2|899,材料2|25|正弦波|47|-15,4,q4-ridge-fold-4,True
附件一（训练集）.xlsx|材料3|2487,材料3|50|梯形波|56|-21,2,q4-ridge-fold-2,True
附件一（训练集）.xlsx|材料2|2701,材料2|70|梯形波|51|-10,4,q4-ridge-fold-4,True
附件一（训练集）.xlsx|材料2|2705,材料2|70|梯形波|52|-16,2,q4-ridge-fold-2,True
附件一（训练集）.xlsx|材料1|2930,材料1|70|梯形波|48|-6,4,q4-ridge-fold-4,True
附件一（训练集）.xlsx|材料3|331,材料3|50|正弦波|49|-13,2,q4-ridge-fold-2,True
附件一（训练集）.xlsx|材料3|1562,材料3|70|三角波|49|-10,1,q4-ridge-fold-1,True
附件一（训练集）.xlsx|材料3|2673,材料3|70|梯形波|54|-15,1,q4-ridge-fold-1,True
附件一（训练集）.xlsx|材料2|1736,材料2|70|三角波|54|-10,3,q4-ridge-fold-3,True
附件一（训练集）.xlsx|材料2|721,材料2|70|正弦波|50|-15,4,q4-ridge-fold-4,True
附件一（训练集）.xlsx|材料3|2149,材料3|25|梯形波|52|-8,1,q4-ridge-fold-1,True
附件一（训练集）.xlsx|材料2|811,材料2|90|正弦波|50|-8,0,q4-ridge-fold-0,True
附件一（训练集）.xlsx|材料4|2612,材料4|90|三角波|55|-15,3,q4-ridge-fold-3,True
附件一（训练集）.xlsx|材料2|2673,材料2|70|梯形波|46|-11,3,q4-ridge-fold-3,True
附件一（训练集）.xlsx|材料4|1914,材料4|90|三角波|49|-6,0,q4-ridge-fold-0,True
附件一（训练集）.xlsx|材料4|1948,材料4|25|三角波|50|-16,3,q4-ridge-fold-3,True
附件一（训练集）.xlsx|材料1|2595,材料1|50|三角波|55|-9,0,q4-ridge-fold-0,True
附件一（训练集）.xlsx|材料3|1324,材料3|50|三角波|49|-10,1,q4-ridge-fold-1,True
附件一（训练集）.xlsx|材料4|1348,材料4|50|三角波|48|-8,0,q4-ridge-fold-0,True
附件一（训练集）.xlsx|材料3|623,材料3|50|正弦波|52|-17,1,q4-ridge-fold-1,True
附件一（训练集）.xlsx|材料1|2527,材料1|25|梯形波|52|-7,0,q4-ridge-fold-0,True
附件一（训练集）.xlsx|材料2|342,材料2|90|正弦波|55|-12,1,q4-ridge-fold-1,True
附件一（训练集）.xlsx|材料2|1101,材料2|25|三角波|50|-13,3,q4-ridge-fold-3,True
附件一（训练集）.xlsx|材料4|2081,材料4|25|三角波|55|-15,0,q4-ridge-fold-0,True
附件一（训练集）.xlsx|材料3|1383,材料3|50|三角波|48|-9,1,q4-ridge-fold-1,True
附件一（训练集）.xlsx|材料3|1823,材料3|90|三角波|50|-9,1,q4-ridge-fold-1,True
附件一（训练集）.xlsx|材料1|650,材料1|70|正弦波|50|-18,4,q4-ridge-fold-4,True
附件一（训练集）.xlsx|材料3|1010,材料3|25|正弦波|52|-10,2,q4-ridge-fold-2,True
附件一（训练集）.xlsx|材料3|3147,材料3|90|梯形波|52|-18,2,q4-ridge-fold-2,True
附件一（训练集）.xlsx|材料1|1657,材料1|50|三角波|48|-10,0,q4-ridge-fold-0,True
附件一（训练集）.xlsx|材料3|2075,材料3|25|梯形波|54|-16,0,q4-ridge-fold-0,True
附件一（训练集）.xlsx|材料1|800,材料1|90|正弦波|46|-11,4,q4-ridge-fold-4,True
附件一（训练集）.xlsx|材料3|2732,材料3|70|梯形波|51|-10,4,q4-ridge-fold-4,True
附件一（训练集）.xlsx|材料4|1710,材料4|90|三角波|50|-13,4,q4-ridge-fold-4,True
附件一（训练集）.xlsx|材料4|1695,材料4|90|三角波|48|-11,0,q4-ridge-fold-0,True
附件一（训练集）.xlsx|材料2|1631,材料2|70|三角波|49|-11,1,q4-ridge-fold-1,True
附件一（训练集）.xlsx|材料3|1371,材料3|50|三角波|55|-14,3,q4-ridge-fold-3,True
附件一（训练集）.xlsx|材料2|1541,材料2|50|三角波|52|-17,0,q4-ridge-fold-0,True
附件一（训练集）.xlsx|材料2|1998,材料2|90|三角波|50|-15,2,q4-ridge-fold-2,True
附件一（训练集）.xlsx|材料4|1511,材料4|70|三角波|52|-17,0,q4-ridge-fold-0,True
附件一（训练集）.xlsx|材料4|835,材料4|90|正弦波|50|-10,0,q4-ridge-fold-0,True
附件一（训练集）.xlsx|材料3|1187,材料3|25|三角波|55|-20,1,q4-ridge-fold-1,True
附件一（训练集）.xlsx|材料2|2437,材料2|50|梯形波|49|-14,3,q4-ridge-fold-3,True
附件一（训练集）.xlsx|材料3|67,材料3|25|正弦波|53|-12,2,q4-ridge-fold-2,True
附件一（训练集）.xlsx|材料2|1787,材料2|70|三角波|52|-16,2,q4-ridge-fold-2,True
附件一（训练集）.xlsx|材料2|907,材料2|90|正弦波|46|-8,3,q4-ridge-fold-3,True
附件一（训练集）.xlsx|材料3|876,材料3|90|正弦波|46|-7,1,q4-ridge-fold-1,True
附件一（训练集）.xlsx|材料4|881,材料4|25|正弦波|48|-10,1,q4-ridge-fold-1,True
附件一（训练集）.xlsx|材料1|2618,材料1|50|三角波|55|-15,1,q4-ridge-fold-1,True
附件一（训练集）.xlsx|材料2|248,材料2|70|正弦波|53|-13,2,q4-ridge-fold-2,True
附件一（训练集）.xlsx|材料3|1445,材料3|50|三角波|56|-11,4,q4-ridge-fold-4,True
附件一（训练集）.xlsx|材料3|484,材料3|90|正弦波|52|-12,4,q4-ridge-fold-4,True
附件一（训练集）.xlsx|材料1|1843,材料1|70|三角波|54|-19,0,q4-ridge-fold-0,True
附件一（训练集）.xlsx|材料3|1685,材料3|70|三角波|56|-12,1,q4-ridge-fold-1,True
附件一（训练集）.xlsx|材料1|742,材料1|70|正弦波|53|-17,2,q4-ridge-fold-2,True
附件一（训练集）.xlsx|材料3|822,材料3|50|正弦波|47|-16,2,q4-ridge-fold-2,True
附件一（训练集）.xlsx|材料3|1363,材料3|50|三角波|55|-17,0,q4-ridge-fold-0,True
附件一（训练集）.xlsx|材料4|1202,材料4|50|三角波|50|-9,1,q4-ridge-fold-1,True
附件一（训练集）.xlsx|材料1|2199,材料1|90|三角波|55|-12,4,q4-ridge-fold-4,True
附件一（训练集）.xlsx|材料3|700,材料3|70|正弦波|52|-20,2,q4-ridge-fold-2,True
附件一（训练集）.xlsx|材料1|295,材料1|50|正弦波|47|-13,2,q4-ridge-fold-2,True
附件一（训练集）.xlsx|材料4|2182,材料4|50|三角波|55|-18,0,q4-ridge-fold-0,True
附件一（训练集）.xlsx|材料1|1150,材料1|25|三角波|52|-14,3,q4-ridge-fold-3,True
附件一（训练集）.xlsx|材料2|1054,材料2|25|正弦波|50|-13,1,q4-ridge-fold-1,True
附件一（训练集）.xlsx|材料2|1867,材料2|90|三角波|50|-8,2,q4-ridge-fold-2,True
附件一（训练集）.xlsx|材料1|2855,材料1|50|梯形波|54|-11,1,q4-ridge-fold-1,True
附件一（训练集）.xlsx|材料1|1655,材料1|50|三角波|48|-11,1,q4-ridge-fold-1,True
附件一（训练集）.xlsx|材料1|3134,材料1|90|三角波|55|-9,4,q4-ridge-fold-4,True
附件一（训练集）.xlsx|材料3|1591,材料3|70|三角波|52|-12,0,q4-ridge-fold-0,True
附件一（训练集）.xlsx|材料1|2635,材料1|50|梯形波|46|-12,1,q4-ridge-fold-1,True
附件一（训练集）.xlsx|材料3|1447,材料3|50|三角波|48|-11,2,q4-ridge-fold-2,True
附件一（训练集）.xlsx|材料4|2413,材料4|70|三角波|55|-17,4,q4-ridge-fold-4,True
附件一（训练集）.xlsx|材料1|1319,材料1|25|三角波|47|-8,2,q4-ridge-fold-2,True
附件一（训练集）.xlsx|材料1|3207,材料1|90|梯形波|49|-15,4,q4-ridge-fold-4,True
附件一（训练集）.xlsx|材料3|2247,材料3|25|梯形波|54|-18,3,q4-ridge-fold-3,True
附件一（训练集）.xlsx|材料3|1641,材料3|70|三角波|50|-16,4,q4-ridge-fold-4,True
附件一（训练集）.xlsx|材料4|2417,材料4|70|三角波|55|-13,1,q4-ridge-fold-1,True
附件一（训练集）.xlsx|材料4|165,材料4|25|正弦波|55|-17,2,q4-ridge-fold-2,True
附件一（训练集）.xlsx|材料2|1665,材料2|70|三角波|54|-13,4,q4-ridge-fold-4,True
附件一（训练集）.xlsx|材料2|2346,材料2|50|梯形波|55|-11,1,q4-ridge-fold-1,True
附件一（训练集）.xlsx|材料2|1612,材料2|70|三角波|55|-19,3,q4-ridge-fold-3,True
附件一（训练集）.xlsx|材料4|570,材料4|70|正弦波|53|-16,0,q4-ridge-fold-0,True
附件一（训练集）.xlsx|材料2|2094,材料2|25|梯形波|52|-7,4,q4-ridge-fold-4,True
附件一（训练集）.xlsx|材料2|2266,材料2|25|梯形波|56|-15,2,q4-ridge-fold-2,True
附件一（训练集）.xlsx|材料4|506,材料4|70|正弦波|50|-15,4,q4-ridge-fold-4,True
附件一（训练集）.xlsx|材料3|2036,材料3|25|梯形波|49|-13,3,q4-ridge-fold-3,True
附件一（训练集）.xlsx|材料1|1741,材料1|70|三角波|50|-7,0,q4-ridge-fold-0,True
附件一（训练集）.xlsx|材料3|70,材料3|25|正弦波|55|-19,4,q4-ridge-fold-4,True
附件一（训练集）.xlsx|材料3|556,材料3|25|正弦波|55|-12,0,q4-ridge-fold-0,True
附件一（训练集）.xlsx|材料4|493,材料4|70|正弦波|50|-15,4,q4-ridge-fold-4,True
附件一（训练集）.xlsx|材料4|1772,材料4|90|三角波|53|-20,2,q4-ridge-fold-2,True
附件一（训练集）.xlsx|材料2|412,材料2|70|正弦波|52|-15,0,q4-ridge-fold-0,True
附件一（训练集）.xlsx|材料1|848,材料1|90|正弦波|48|-9,2,q4-ridge-fold-2,True
附件一（训练集）.xlsx|材料4|2061,材料4|25|三角波|52|-15,0,q4-ridge-fold-0,True
附件一（训练集）.xlsx|材料4|1388,材料4|50|三角波|49|-15,1,q4-ridge-fold-1,True
附件一（训练集）.xlsx|材料1|637,材料1|70|正弦波|50|-14,4,q4-ridge-fold-4,True
附件一（训练集）.xlsx|材料1|439,材料1|50|正弦波|52|-17,0,q4-ridge-fold-0,True
附件一（训练集）.xlsx|材料2|1071,材料2|25|正弦波|52|-16,3,q4-ridge-fold-3,True
附件一（训练集）.xlsx|材料1|1074,材料1|25|三角波|47|-8,2,q4-ridge-fold-2,True
附件一（训练集）.xlsx|材料4|572,材料4|70|正弦波|53|-14,2,q4-ridge-fold-2,True
附件一（训练集）.xlsx|材料1|3270,材料1|90|梯形波|51|-14,2,q4-ridge-fold-2,True
附件一（训练集）.xlsx|材料4|2734,材料4|90|梯形波|51|-17,1,q4-ridge-fold-1,True
附件一（训练集）.xlsx|材料2|2878,材料2|90|梯形波|52|-15,3,q4-ridge-fold-3,True
附件一（训练集）.xlsx|材料4|372,材料4|50|正弦波|54|-20,3,q4-ridge-fold-3,True
附件一（训练集）.xlsx|材料2|1653,材料2|70|三角波|52|-16,2,q4-ridge-fold-2,True
附件一（训练集）.xlsx|材料4|1855,材料4|90|三角波|47|-7,0,q4-ridge-fold-0,True
附件一（训练集）.xlsx|材料2|408,材料2|90|正弦波|46|-13,0,q4-ridge-fold-0,True
附件一（训练集）.xlsx|材料4|1221,材料4|50|三角波|51|-19,1,q4-ridge-fold-1,True
附件一（训练集）.xlsx|材料2|501,材料2|70|正弦波|53|-20,4,q4-ridge-fold-4,True
附件一（训练集）.xlsx|材料1|994,材料1|90|正弦波|52|-19,4,q4-ridge-fold-4,True
附件一（训练集）.xlsx|材料3|1646,材料3|70|三角波|50|-8,0,q4-ridge-fold-0,True
附件一（训练集）.xlsx|材料1|863,材料1|90|正弦波|49|-11,0,q4-ridge-fold-0,True
附件一（训练集）.xlsx|材料3|227,材料3|70|正弦波|53|-14,1,q4-ridge-fold-1,True
附件一（训练集）.xlsx|材料3|252,材料3|90|正弦波|46|-8,4,q4-ridge-fold-4,True
附件一（训练集）.xlsx|材料4|1983,材料4|25|三角波|53|-15,2,q4-ridge-fold-2,True
附件一（训练集）.xlsx|材料1|797,材料1|90|正弦波|46|-13,3,q4-ridge-fold-3,True
附件一（训练集）.xlsx|材料1|2730,材料1|50|梯形波|51|-9,2,q4-ridge-fold-2,True
附件一（训练集）.xlsx|材料2|2431,材料2|50|梯形波|46|-6,1,q4-ridge-fold-1,True
附件一（训练集）.xlsx|材料4|1709,材料4|90|三角波|50|-13,4,q4-ridge-fold-4,True
附件一（训练集）.xlsx|材料1|1217,材料1|25|三角波|54|-20,3,q4-ridge-fold-3,True
附件一（训练集）.xlsx|材料1|1672,材料1|50|三角波|49|-9,3,q4-ridge-fold-3,True
附件一（训练集）.xlsx|材料4|1846,材料4|90|三角波|47|-13,0,q4-ridge-fold-0,True
附件一（训练集）.xlsx|材料2|2888,材料2|90|梯形波|54|-14,1,q4-ridge-fold-1,True
附件一（训练集）.xlsx|材料1|1646,材料1|50|三角波|48|-7,2,q4-ridge-fold-2,True
附件一（训练集）.xlsx|材料1|3159,材料1|90|三角波|55|-17,4,q4-ridge-fold-4,True
附件一（训练集）.xlsx|材料3|2875,材料3|70|梯形波|55|-15,2,q4-ridge-fold-2,True
附件一（训练集）.xlsx|材料1|1187,材料1|25|三角波|52|-16,2,q4-ridge-fold-2,True
附件一（训练集）.xlsx|材料3|2418,材料3|50|梯形波|49|-7,1,q4-ridge-fold-1,True
附件一（训练集）.xlsx|材料4|208,材料4|50|正弦波|47|-13,2,q4-ridge-fold-2,True
附件一（训练集）.xlsx|材料3|1011,材料3|25|正弦波|52|-20,4,q4-ridge-fold-4,True
附件一（训练集）.xlsx|材料2|1039,材料2|25|正弦波|49|-16,0,q4-ridge-fold-0,True
附件一（训练集）.xlsx|材料1|727,材料1|70|正弦波|52|-15,1,q4-ridge-fold-1,True
附件一（训练集）.xlsx|材料2|1230,材料2|25|三角波|52|-17,3,q4-ridge-fold-3,True
附件一（训练集）.xlsx|材料2|1625,材料2|70|三角波|49|-11,1,q4-ridge-fold-1,True
附件一（训练集）.xlsx|材料3|2315,材料3|50|三角波|55|-15,2,q4-ridge-fold-2,True
附件一（训练集）.xlsx|材料2|588,材料2|25|正弦波|55|-17,1,q4-ridge-fold-1,True
附件一（训练集）.xlsx|材料2|30,材料2|25|正弦波|49|-9,1,q4-ridge-fold-1,True
附件一（训练集）.xlsx|材料1|2162,材料1|90|三角波|54|-17,2,q4-ridge-fold-2,True
附件一（训练集）.xlsx|材料4|167,材料4|25|正弦波|55|-16,2,q4-ridge-fold-2,True
附件一（训练集）.xlsx|材料2|2295,材料2|50|梯形波|48|-10,4,q4-ridge-fold-4,True
附件一（训练集）.xlsx|材料1|418,材料1|50|正弦波|50|-7,3,q4-ridge-fold-3,True
附件一（训练集）.xlsx|材料1|2070,材料1|90|三角波|51|-12,1,q4-ridge-fold-1,True
附件一（训练集）.xlsx|材料2|1636,材料2|70|三角波|49|-6,2,q4-ridge-fold-2,True
附件一（训练集）.xlsx|材料1|163,材料1|25|正弦波|51|-13,3,q4-ridge-fold-3,True
附件一（训练集）.xlsx|材料2|1143,材料2|25|三角波|55|-12,4,q4-ridge-fold-4,True
附件一（训练集）.xlsx|材料1|2243,材料1|90|三角波|47|-12,4,q4-ridge-fold-4,True
附件一（训练集）.xlsx|材料2|1668,材料2|70|三角波|55|-21,3,q4-ridge-fold-3,True
附件一（训练集）.xlsx|材料1|2023,材料1|90|三角波|48|-14,1,q4-ridge-fold-1,True
附件一（训练集）.xlsx|材料2|2294,材料2|50|梯形波|46|-6,1,q4-ridge-fold-1,True
附件一（训练集）.xlsx|材料2|2008,材料2|90|三角波|52|-10,1,q4-ridge-fold-1,True
附件一（训练集）.xlsx|材料3|1124,材料3|25|三角波|55|-17,2,q4-ridge-fold-2,True
附件一（训练集）.xlsx|材料1|1404,材料1|50|三角波|50|-12,1,q4-ridge-fold-1,True
附件一（训练集）.xlsx|材料2|251,材料2|70|正弦波|55|-20,0,q4-ridge-fold-0,True
附件一（训练集）.xlsx|材料2|2224,材料2|25|梯形波|51|-9,4,q4-ridge-fold-4,True
附件一（训练集）.xlsx|材料3|2797,材料3|70|梯形波|46|-7,1,q4-ridge-fold-1,True
附件一（训练集）.xlsx|材料3|2009,材料3|25|三角波|55|-10,3,q4-ridge-fold-3,True
附件一（训练集）.xlsx|材料2|2626,材料2|70|梯形波|51|-7,0,q4-ridge-fold-0,True
附件一（训练集）.xlsx|材料3|1881,材料3|90|三角波|49|-14,0,q4-ridge-fold-0,True
附件一（训练集）.xlsx|材料4|2619,材料4|90|三角波|52|-16,4,q4-ridge-fold-4,True
附件一（训练集）.xlsx|材料1|3281,材料1|90|梯形波|51|-6,0,q4-ridge-fold-0,True
附件一（训练集）.xlsx|材料3|1760,材料3|90|三角波|52|-9,3,q4-ridge-fold-3,True
附件一（训练集）.xlsx|材料2|260,材料2|70|正弦波|55|-20,0,q4-ridge-fold-0,True
附件一（训练集）.xlsx|材料2|1456,材料2|50|三角波|49|-10,3,q4-ridge-fold-3,True
附件一（训练集）.xlsx|材料3|658,材料3|70|正弦波|46|-11,4,q4-ridge-fold-4,True
附件一（训练集）.xlsx|材料2|1185,材料2|25|三角波|52|-10,3,q4-ridge-fold-3,True
附件一（训练集）.xlsx|材料2|10,材料2|25|正弦波|47|-17,2,q4-ridge-fold-2,True
附件一（训练集）.xlsx|材料2|771,材料2|90|正弦波|46|-12,1,q4-ridge-fold-1,True
附件一（训练集）.xlsx|材料1|3141,材料1|90|三角波|55|-17,4,q4-ridge-fold-4,True
附件一（训练集）.xlsx|材料3|573,材料3|50|正弦波|46|-13,3,q4-ridge-fold-3,True
附件一（训练集）.xlsx|材料3|3030,材料3|90|梯形波|49|-7,4,q4-ridge-fold-4,True
附件一（训练集）.xlsx|材料4|2286,材料4|50|梯形波|48|-10,1,q4-ridge-fold-1,True
附件一（训练集）.xlsx|材料4|693,材料4|90|正弦波|49|-16,0,q4-ridge-fold-0,True
附件一（训练集）.xlsx|材料3|2492,材料3|50|梯形波|56|-16,0,q4-ridge-fold-0,True
附件一（训练集）.xlsx|材料4|2141,材料4|25|梯形波|48|-9,1,q4-ridge-fold-1,True
附件一（训练集）.xlsx|材料3|1387,材料3|50|三角波|49|-9,0,q4-ridge-fold-0,True
附件一（训练集）.xlsx|材料3|288,材料3|90|正弦波|50|-8,3,q4-ridge-fold-3,True
附件一（训练集）.xlsx|材料4|758,材料4|90|正弦波|52|-20,4,q4-ridge-fold-4,True
附件一（训练集）.xlsx|材料3|207,材料3|70|正弦波|50|-8,2,q4-ridge-fold-2,True
附件一（训练集）.xlsx|材料3|1042,材料3|25|三角波|54|-13,1,q4-ridge-fold-1,True
附件一（训练集）.xlsx|材料4|314,材料4|50|正弦波|52|-20,4,q4-ridge-fold-4,True
附件一（训练集）.xlsx|材料1|356,材料1|50|正弦波|49|-10,0,q4-ridge-fold-0,True
附件一（训练集）.xlsx|材料4|2542,材料4|70|梯形波|51|-18,4,q4-ridge-fold-4,True
附件一（训练集）.xlsx|材料1|1457,材料1|50|三角波|52|-13,4,q4-ridge-fold-4,True
附件一（训练集）.xlsx|材料1|1079,材料1|25|三角波|48|-15,4,q4-ridge-fold-4,True
附件一（训练集）.xlsx|材料1|457,材料1|50|正弦波|52|-17,0,q4-ridge-fold-0,True
附件一（训练集）.xlsx|材料1|1694,材料1|50|三角波|50|-15,0,q4-ridge-fold-0,True
附件一（训练集）.xlsx|材料1|565,材料1|70|正弦波|47|-14,0,q4-ridge-fold-0,True
附件一（训练集）.xlsx|材料3|294,材料3|90|正弦波|52|-10,2,q4-ridge-fold-2,True
附件一（训练集）.xlsx|材料3|2470,材料3|50|梯形波|55|-17,4,q4-ridge-fold-4,True
附件一（训练集）.xlsx|材料4|650,材料4|90|正弦波|47|-13,2,q4-ridge-fold-2,True
附件一（训练集）.xlsx|材料1|1423,材料1|50|三角波|50|-7,4,q4-ridge-fold-4,True
附件一（训练集）.xlsx|材料4|209,材料4|50|正弦波|47|-13,2,q4-ridge-fold-2,True
附件一（训练集）.xlsx|材料3|289,材料3|90|正弦波|52|-19,4,q4-ridge-fold-4,True
附件一（训练集）.xlsx|材料1|2224,材料1|90|三角波|55|-14,0,q4-ridge-fold-0,True
附件一（训练集）.xlsx|材料3|2256,材料3|25|梯形波|55|-20,2,q4-ridge-fold-2,True
附件一（训练集）.xlsx|材料1|628,材料1|70|正弦波|49|-10,3,q4-ridge-fold-3,True
附件一（训练集）.xlsx|材料4|665,材料4|90|正弦波|48|-11,2,q4-ridge-fold-2,True
附件一（训练集）.xlsx|材料1|56,材料1|25|正弦波|48|-15,3,q4-ridge-fold-3,True
附件一（训练集）.xlsx|材料3|2598,材料3|50|梯形波|47|-8,4,q4-ridge-fold-4,True
附件一（训练集）.xlsx|材料4|406,材料4|50|正弦波|56|-19,1,q4-ridge-fold-1,True
附件一（训练集）.xlsx|材料1|1718,材料1|70|三角波|48|-10,4,q4-ridge-fold-4,True
附件一（训练集）.xlsx|材料1|850,材料1|90|正弦波|48|-7,2,q4-ridge-fold-2,True
附件一（训练集）.xlsx|材料1|441,材料1|50|正弦波|52|-16,3,q4-ridge-fold-3,True
附件一（训练集）.xlsx|材料4|762,材料4|90|正弦波|52|-17,1,q4-ridge-fold-1,True
附件一（训练集）.xlsx|材料1|3242,材料1|90|梯形波|50|-12,2,q4-ridge-fold-2,True
附件一（训练集）.xlsx|材料3|2013,材料3|25|三角波|55|-18,0,q4-ridge-fold-0,True
附件一（训练集）.xlsx|材料3|714,材料3|70|正弦波|55|-20,2,q4-ridge-fold-2,True
附件一（训练集）.xlsx|材料2|2575,材料2|70|梯形波|54|-13,3,q4-ridge-fold-3,True
附件一（训练集）.xlsx|材料3|933,材料3|50|正弦波|46|-11,0,q4-ridge-fold-0,True
附件一（训练集）.xlsx|材料3|596,材料3|50|正弦波|49|-15,1,q4-ridge-fold-1,True
附件一（训练集）.xlsx|材料2|623,材料2|50|正弦波|49|-15,1,q4-ridge-fold-1,True
附件一（训练集）.xlsx|材料2|2498,材料2|50|梯形波|56|-18,0,q4-ridge-fold-0,True
附件一（训练集）.xlsx|材料3|226,材料3|70|正弦波|53|-17,1,q4-ridge-fold-1,True
附件一（训练集）.xlsx|材料4|2172,材料4|50|三角波|52|-17,3,q4-ridge-fold-3,True
附件一（训练集）.xlsx|材料1|1223,材料1|25|三角波|54|-16,2,q4-ridge-fold-2,True
附件一（训练集）.xlsx|材料1|1022,材料1|90|正弦波|53|-11,2,q4-ridge-fold-2,True
附件一（训练集）.xlsx|材料2|1854,材料2|90|三角波|48|-12,1,q4-ridge-fold-1,True
附件一（训练集）.xlsx|材料4|2400,材料4|70|三角波|55|-18,1,q4-ridge-fold-1,True
附件一（训练集）.xlsx|材料1|767,材料1|70|正弦波|53|-13,4,q4-ridge-fold-4,True
附件一（训练集）.xlsx|材料3|1541,材料3|70|三角波|55|-14,4,q4-ridge-fold-4,True
附件一（训练集）.xlsx|材料2|2929,材料2|90|梯形波|49|-11,1,q4-ridge-fold-1,True
附件一（训练集）.xlsx|材料1|1952,材料1|70|三角波|48|-8,3,q4-ridge-fold-3,True
附件一（训练集）.xlsx|材料1|2330,材料1|25|三角波|55|-7,3,q4-ridge-fold-3,True
附件一（训练集）.xlsx|材料2|747,材料2|70|正弦波|53|-17,0,q4-ridge-fold-0,True
附件一（训练集）.xlsx|材料4|1150,材料4|25|三角波|49|-10,2,q4-ridge-fold-2,True
附件一（训练集）.xlsx|材料1|3262,材料1|90|梯形波|51|-8,1,q4-ridge-fold-1,True
附件一（训练集）.xlsx|材料1|2810,材料1|50|梯形波|52|-9,4,q4-ridge-fold-4,True
附件一（训练集）.xlsx|材料4|1384,材料4|50|三角波|49|-18,0,q4-ridge-fold-0,True
附件一（训练集）.xlsx|材料4|80,材料4|25|正弦波|50|-12,0,q4-ridge-fold-0,True
附件一（训练集）.xlsx|材料1|2742,材料1|50|梯形波|51|-12,1,q4-ridge-fold-1,True
附件一（训练集）.xlsx|材料2|695,材料2|70|正弦波|47|-14,0,q4-ridge-fold-0,True
附件一（训练集）.xlsx|材料4|1110,材料4|25|三角波|48|-15,1,q4-ridge-fold-1,True
附件一（训练集）.xlsx|材料3|1444,材料3|50|三角波|56|-13,3,q4-ridge-fold-3,True
附件一（训练集）.xlsx|材料2|1468,材料2|50|三角波|52|-11,4,q4-ridge-fold-4,True
附件一（训练集）.xlsx|材料3|1377,材料3|50|三角波|56|-17,1,q4-ridge-fold-1,True
附件一（训练集）.xlsx|材料1|2757,材料1|50|梯形波|52|-15,1,q4-ridge-fold-1,True
附件一（训练集）.xlsx|材料1|1524,材料1|50|三角波|54|-20,4,q4-ridge-fold-4,True
附件一（训练集）.xlsx|材料4|973,材料4|25|三角波|52|-19,4,q4-ridge-fold-4,True
附件一（训练集）.xlsx|材料3|1006,材料3|25|正弦波|52|-14,0,q4-ridge-fold-0,True
附件一（训练集）.xlsx|材料3|341,材料3|50|正弦波|52|-13,4,q4-ridge-fold-4,True
附件一（训练集）.xlsx|材料1|2637,材料1|50|梯形波|46|-9,0,q4-ridge-fold-0,True
附件一（训练集）.xlsx|材料1|796,材料1|90|正弦波|46|-14,4,q4-ridge-fold-4,True
附件一（训练集）.xlsx|材料4|444,材料4|70|正弦波|48|-18,1,q4-ridge-fold-1,True
附件一（训练集）.xlsx|材料2|1790,材料2|70|三角波|52|-11,1,q4-ridge-fold-1,True
附件一（训练集）.xlsx|材料4|345,材料4|50|正弦波|52|-15,4,q4-ridge-fold-4,True
附件一（训练集）.xlsx|材料3|2693,材料3|70|梯形波|55|-14,2,q4-ridge-fold-2,True
附件一（训练集）.xlsx|材料4|2662,材料4|90|梯形波|47|-6,1,q4-ridge-fold-1,True
附件一（训练集）.xlsx|材料3|397,材料3|70|正弦波|46|-15,4,q4-ridge-fold-4,True
附件一（训练集）.xlsx|材料3|948,材料3|70|正弦波|53|-17,1,q4-ridge-fold-1,True
附件一（训练集）.xlsx|材料2|1836,材料2|90|三角波|55|-16,1,q4-ridge-fold-1,True
附件一（训练集）.xlsx|材料2|1262,材料2|25|三角波|55|-13,1,q4-ridge-fold-1,True
附件一（训练集）.xlsx|材料4|1023,材料4|25|三角波|54|-14,4,q4-ridge-fold-4,True
附件一（训练集）.xlsx|材料3|2736,材料3|70|梯形波|51|-6,4,q4-ridge-fold-4,True
附件一（训练集）.xlsx|材料1|2864,材料1|50|梯形波|55|-18,3,q4-ridge-fold-3,True
附件一（训练集）.xlsx|材料4|2658,材料4|90|梯形波|47|-10,0,q4-ridge-fold-0,True
附件一（训练集）.xlsx|材料4|913,材料4|25|三角波|48|-9,4,q4-ridge-fold-4,True
附件一（训练集）.xlsx|材料2|1613,材料2|70|三角波|55|-17,4,q4-ridge-fold-4,True
附件一（训练集）.xlsx|材料1|421,材料1|50|正弦波|51|-18,4,q4-ridge-fold-4,True
附件一（训练集）.xlsx|材料1|219,材料1|25|正弦波|52|-13,4,q4-ridge-fold-4,True
附件一（训练集）.xlsx|材料4|1923,材料4|90|三角波|50|-14,3,q4-ridge-fold-3,True
附件一（训练集）.xlsx|材料4|2365,材料4|50|梯形波|51|-16,0,q4-ridge-fold-0,True
附件一（训练集）.xlsx|材料4|481,材料4|70|正弦波|49|-16,4,q4-ridge-fold-4,True
附件一（训练集）.xlsx|材料2|2042,材料2|90|三角波|56|-16,1,q4-ridge-fold-1,True
附件一（训练集）.xlsx|材料1|195,材料1|25|正弦波|52|-16,1,q4-ridge-fold-1,True
附件一（训练集）.xlsx|材料4|2382,材料4|70|三角波|50|-13,2,q4-ridge-fold-2,True
附件一（训练集）.xlsx|材料4|1567,材料4|70|三角波|55|-18,1,q4-ridge-fold-1,True
附件一（训练集）.xlsx|材料3|2088,材料3|25|梯形波|55|-13,3,q4-ridge-fold-3,True
附件一（训练集）.xlsx|材料2|328,材料2|90|正弦波|52|-12,2,q4-ridge-fold-2,True
附件一（训练集）.xlsx|材料4|2241,材料4|50|三角波|55|-14,2,q4-ridge-fold-2,True
附件一（训练集）.xlsx|材料4|82,材料4|25|正弦波|50|-11,1,q4-ridge-fold-1,True
附件一（训练集）.xlsx|材料3|1537,材料3|70|三角波|55|-19,2,q4-ridge-fold-2,True
附件一（训练集）.xlsx|材料4|1111,材料4|25|三角波|48|-14,1,q4-ridge-fold-1,True
附件一（训练集）.xlsx|材料4|1737,材料4|90|三角波|52|-14,4,q4-ridge-fold-4,True
附件一（训练集）.xlsx|材料1|2057,材料1|90|三角波|51|-19,3,q4-ridge-fold-3,True
附件一（训练集）.xlsx|材料1|394,材料1|50|正弦波|50|-12,4,q4-ridge-fold-4,True
附件一（训练集）.xlsx|材料1|1852,材料1|70|三角波|54|-14,0,q4-ridge-fold-0,True
附件一（训练集）.xlsx|材料4|745,材料4|90|正弦波|52|-18,0,q4-ridge-fold-0,True
附件一（训练集）.xlsx|材料4|715,材料4|90|正弦波|50|-17,3,q4-ridge-fold-3,True
附件一（训练集）.xlsx|材料3|3113,材料3|90|梯形波|48|-12,4,q4-ridge-fold-4,True
附件一（训练集）.xlsx|材料2|2844,材料2|90|梯形波|46|-8,3,q4-ridge-fold-3,True
附件一（训练集）.xlsx|材料3|1980,材料3|90|三角波|52|-12,3,q4-ridge-fold-3,True
附件一（训练集）.xlsx|材料2|1939,材料2|90|三角波|52|-13,4,q4-ridge-fold-4,True
附件一（训练集）.xlsx|材料3|494,材料3|25|正弦波|46|-12,1,q4-ridge-fold-1,True
附件一（训练集）.xlsx|材料1|3340,材料1|90|梯形波|53|-18,3,q4-ridge-fold-3,True
附件一（训练集）.xlsx|材料2|1473,材料2|50|三角波|52|-13,4,q4-ridge-fold-4,True
附件一（训练集）.xlsx|材料4|2724,材料4|90|梯形波|50|-12,3,q4-ridge-fold-3,True
附件一（训练集）.xlsx|材料3|409,材料3|25|正弦波|46|-10,0,q4-ridge-fold-0,True
附件一（训练集）.xlsx|材料2|102,材料2|50|正弦波|47|-15,1,q4-ridge-fold-1,True
附件一（训练集）.xlsx|材料3|2115,材料3|25|梯形波|49|-7,0,q4-ridge-fold-0,True
附件一（训练集）.xlsx|材料3|154,材料3|50|正弦波|53|-12,4,q4-ridge-fold-4,True
附件一（训练集）.xlsx|材料2|2468,材料2|50|梯形波|52|-12,1,q4-ridge-fold-1,True
附件一（训练集）.xlsx|材料4|1453,材料4|70|三角波|50|-16,1,q4-ridge-fold-1,True
附件一（训练集）.xlsx|材料3|2597,材料3|50|梯形波|47|-9,1,q4-ridge-fold-1,True
附件一（训练集）.xlsx|材料1|2424,材料1|25|梯形波|49|-10,3,q4-ridge-fold-3,True
附件一（训练集）.xlsx|材料3|2844,材料3|70|梯形波|52|-11,0,q4-ridge-fold-0,True
附件一（训练集）.xlsx|材料2|974,材料2|25|正弦波|49|-12,1,q4-ridge-fold-1,True
附件一（训练集）.xlsx|材料4|2549,材料4|70|梯形波|51|-11,1,q4-ridge-fold-1,True
附件一（训练集）.xlsx|材料3|198,材料3|70|正弦波|49|-15,2,q4-ridge-fold-2,True
附件一（训练集）.xlsx|材料1|3400,材料1|90|梯形波|55|-13,2,q4-ridge-fold-2,True
附件一（训练集）.xlsx|材料4|2674,材料4|90|梯形波|48|-7,4,q4-ridge-fold-4,True
附件一（训练集）.xlsx|材料1|853,材料1|90|正弦波|49|-16,1,q4-ridge-fold-1,True
附件一（训练集）.xlsx|材料3|2521,材料3|50|梯形波|49|-9,2,q4-ridge-fold-2,True
附件一（训练集）.xlsx|材料3|2899,材料3|70|梯形波|47|-7,4,q4-ridge-fold-4,True
附件一（训练集）.xlsx|材料3|1911,材料3|90|三角波|52|-17,3,q4-ridge-fold-3,True
附件一（训练集）.xlsx|材料1|923,材料1|90|正弦波|50|-7,2,q4-ridge-fold-2,True
附件一（训练集）.xlsx|材料1|1288,材料1|25|三角波|55|-17,1,q4-ridge-fold-1,True
附件一（训练集）.xlsx|材料2|333,材料2|90|正弦波|53|-16,0,q4-ridge-fold-0,True
附件一（训练集）.xlsx|材料1|2911,材料1|70|梯形波|47|-10,3,q4-ridge-fold-3,True
附件一（训练集）.xlsx|材料3|2354,材料3|50|梯形波|51|-8,1,q4-ridge-fold-1,True
附件一（训练集）.xlsx|材料4|2671,材料4|90|梯形波|48|-9,3,q4-ridge-fold-3,True
附件一（训练集）.xlsx|材料2|2635,材料2|70|梯形波|52|-17,4,q4-ridge-fold-4,True
附件一（训练集）.xlsx|材料2|2961,材料2|90|梯形波|52|-8,1,q4-ridge-fold-1,True
附件一（训练集）.xlsx|材料1|1416,材料1|50|三角波|50|-13,2,q4-ridge-fold-2,True
附件一（训练集）.xlsx|材料2|2384,材料2|50|梯形波|51|-6,1,q4-ridge-fold-1,True
附件一（训练集）.xlsx|材料4|1756,材料4|90|三角波|52|-12,2,q4-ridge-fold-2,True
附件一（训练集）.xlsx|材料1|2673,材料1|50|梯形波|48|-9,2,q4-ridge-fold-2,True
附件一（训练集）.xlsx|材料1|589,材料1|70|正弦波|48|-9,4,q4-ridge-fold-4,True
附件一（训练集）.xlsx|材料1|1043,材料1|90|正弦波|54|-18,3,q4-ridge-fold-3,True
附件一（训练集）.xlsx|材料2|2372,材料2|50|梯形波|49|-14,3,q4-ridge-fold-3,True
附件一（训练集）.xlsx|材料4|776,材料4|90|正弦波|52|-16,1,q4-ridge-fold-1,True
附件一（训练集）.xlsx|材料2|337,材料2|90|正弦波|55|-18,1,q4-ridge-fold-1,True
附件一（训练集）.xlsx|材料1|2840,材料1|50|梯形波|54|-9,2,q4-ridge-fold-2,True
附件一（训练集）.xlsx|材料4|2682,材料4|90|梯形波|48|-12,3,q4-ridge-fold-3,True
附件一（训练集）.xlsx|材料4|559,材料4|70|正弦波|52|-14,0,q4-ridge-fold-0,True
附件一（训练集）.xlsx|材料1|1692,材料1|50|三角波|49|-7,2,q4-ridge-fold-2,True
附件一（训练集）.xlsx|材料4|221,材料4|50|正弦波|47|-11,1,q4-ridge-fold-1,True
附件一（训练集）.xlsx|材料4|1236,材料4|50|三角波|52|-16,0,q4-ridge-fold-0,True
附件一（训练集）.xlsx|材料3|332,材料3|50|正弦波|50|-15,3,q4-ridge-fold-3,True
附件一（训练集）.xlsx|材料4|1708,材料4|90|三角波|50|-14,3,q4-ridge-fold-3,True
附件一（训练集）.xlsx|材料2|2322,材料2|50|梯形波|52|-13,0,q4-ridge-fold-0,True
附件一（训练集）.xlsx|材料1|340,材料1|50|正弦波|49|-10,0,q4-ridge-fold-0,True
附件一（训练集）.xlsx|材料2|2623,材料2|70|梯形波|51|-10,4,q4-ridge-fold-4,True
附件一（训练集）.xlsx|材料1|2854,材料1|50|梯形波|54|-11,1,q4-ridge-fold-1,True
附件一（训练集）.xlsx|材料4|424,材料4|70|正弦波|47|-17,4,q4-ridge-fold-4,True
附件一（训练集）.xlsx|材料1|2239,材料1|90|三角波|56|-13,2,q4-ridge-fold-2,True
附件一（训练集）.xlsx|材料4|107,材料4|25|正弦波|52|-20,1,q4-ridge-fold-1,True
附件一（训练集）.xlsx|材料2|2361,材料2|50|梯形波|48|-12,1,q4-ridge-fold-1,True
附件一（训练集）.xlsx|材料1|448,材料1|50|正弦波|52|-11,4,q4-ridge-fold-4,True
附件一（训练集）.xlsx|材料4|2148,材料4|25|梯形波|49|-14,2,q4-ridge-fold-2,True
附件一（训练集）.xlsx|材料2|1236,材料2|25|三角波|52|-16,1,q4-ridge-fold-1,True
附件一（训练集）.xlsx|材料4|649,材料4|90|正弦波|47|-14,4,q4-ridge-fold-4,True
附件一（训练集）.xlsx|材料3|812,材料3|25|正弦波|55|-15,2,q4-ridge-fold-2,True
附件一（训练集）.xlsx|材料3|3089,材料3|90|梯形波|55|-20,4,q4-ridge-fold-4,True
附件一（训练集）.xlsx|材料1|2659,材料1|50|梯形波|48|-10,2,q4-ridge-fold-2,True
附件一（训练集）.xlsx|材料1|143,材料1|25|正弦波|50|-6,4,q4-ridge-fold-4,True
附件一（训练集）.xlsx|材料3|3048,材料3|90|梯形波|51|-8,2,q4-ridge-fold-2,True
附件一（训练集）.xlsx|材料4|1392,材料4|50|三角波|49|-12,3,q4-ridge-fold-3,True
附件一（训练集）.xlsx|材料2|1675,材料2|70|三角波|55|-12,0,q4-ridge-fold-0,True
附件一（训练集）.xlsx|材料3|2044,材料3|25|梯形波|51|-17,4,q4-ridge-fold-4,True
附件一（训练集）.xlsx|材料1|3243,材料1|90|梯形波|50|-11,1,q4-ridge-fold-1,True
附件一（训练集）.xlsx|材料4|1769,材料4|90|三角波|52|-12,2,q4-ridge-fold-2,True
附件一（训练集）.xlsx|材料3|2379,材料3|50|梯形波|54|-12,3,q4-ridge-fold-3,True
附件一（训练集）.xlsx|材料4|1773,材料4|90|三角波|53|-19,3,q4-ridge-fold-3,True
附件一（训练集）.xlsx|材料1|3003,材料1|70|梯形波|51|-17,4,q4-ridge-fold-4,True
附件一（训练集）.xlsx|材料3|2687,材料3|70|梯形波|55|-11,1,q4-ridge-fold-1,True
附件一（训练集）.xlsx|材料1|1970,材料1|70|三角波|49|-15,0,q4-ridge-fold-0,True
附件一（训练集）.xlsx|材料1|2259,材料1|90|三角波|48|-10,4,q4-ridge-fold-4,True
附件一（训练集）.xlsx|材料1|1479,材料1|50|三角波|52|-13,4,q4-ridge-fold-4,True
附件一（训练集）.xlsx|材料4|2211,材料4|50|三角波|55|-13,0,q4-ridge-fold-0,True
附件一（训练集）.xlsx|材料3|2469,材料3|50|梯形波|55|-18,1,q4-ridge-fold-1,True
附件一（训练集）.xlsx|材料1|673,材料1|70|正弦波|51|-13,1,q4-ridge-fold-1,True
附件一（训练集）.xlsx|材料1|104,材料1|25|正弦波|49|-8,3,q4-ridge-fold-3,True
附件一（训练集）.xlsx|材料1|176,材料1|25|正弦波|52|-17,2,q4-ridge-fold-2,True
附件一（训练集）.xlsx|材料1|2292,材料1|90|三角波|49|-8,3,q4-ridge-fold-3,True
附件一（训练集）.xlsx|材料3|2019,材料3|25|三角波|55|-11,4,q4-ridge-fold-4,True
附件一（训练集）.xlsx|材料4|2504,材料4|70|梯形波|49|-16,3,q4-ridge-fold-3,True
附件一（训练集）.xlsx|材料4|1474,材料4|70|三角波|51|-12,2,q4-ridge-fold-2,True
附件一（训练集）.xlsx|材料1|1647,材料1|50|三角波|48|-7,2,q4-ridge-fold-2,True
附件一（训练集）.xlsx|材料4|2454,材料4|70|三角波|55|-15,1,q4-ridge-fold-1,True
附件一（训练集）.xlsx|材料1|1321,材料1|25|三角波|47|-7,2,q4-ridge-fold-2,True
附件一（训练集）.xlsx|材料3|1647,材料3|70|三角波|52|-15,2,q4-ridge-fold-2,True
附件一（训练集）.xlsx|材料4|289,材料4|50|正弦波|50|-18,1,q4-ridge-fold-1,True
附件一（训练集）.xlsx|材料1|686,材料1|70|正弦波|52|-16,3,q4-ridge-fold-3,True
附件一（训练集）.xlsx|材料4|2744,材料4|90|梯形波|51|-9,0,q4-ridge-fold-0,True
附件一（训练集）.xlsx|材料1|786,材料1|70|正弦波|54|-11,0,q4-ridge-fold-0,True
附件一（训练集）.xlsx|材料2|2804,材料2|90|梯形波|52|-17,0,q4-ridge-fold-0,True
附件一（训练集）.xlsx|材料2|1504,材料2|50|三角波|56|-19,4,q4-ridge-fold-4,True
附件一（训练集）.xlsx|材料4|1142,材料4|25|三角波|49|-15,0,q4-ridge-fold-0,True
附件一（训练集）.xlsx|材料3|1927,材料3|90|三角波|54|-10,3,q4-ridge-fold-3,True
附件一（训练集）.xlsx|材料3|2706,材料3|70|梯形波|48|-9,1,q4-ridge-fold-1,True
附件一（训练集）.xlsx|材料1|899,材料1|90|正弦波|49|-9,1,q4-ridge-fold-1,True
附件一（训练集）.xlsx|材料4|2717,材料4|90|梯形波|49|-7,2,q4-ridge-fold-2,True
附件一（训练集）.xlsx|材料4|1194,材料4|50|三角波|48|-8,0,q4-ridge-fold-0,True
附件一（训练集）.xlsx|材料3|1557,材料3|70|三角波|49|-15,2,q4-ridge-fold-2,True
附件一（训练集）.xlsx|材料2|1216,材料2|25|三角波|48|-6,0,q4-ridge-fold-0,True
附件一（训练集）.xlsx|材料1|3336,材料1|90|梯形波|52|-7,4,q4-ridge-fold-4,True
附件一（训练集）.xlsx|材料1|1318,材料1|25|三角波|47|-8,2,q4-ridge-fold-2,True
附件一（训练集）.xlsx|材料3|2776,材料3|70|梯形波|55|-16,0,q4-ridge-fold-0,True
附件一（训练集）.xlsx|材料3|2728,材料3|70|梯形波|51|-14,2,q4-ridge-fold-2,True
附件一（训练集）.xlsx|材料4|1276,材料4|50|三角波|53|-14,0,q4-ridge-fold-0,True
附件一（训练集）.xlsx|材料2|2464,材料2|50|梯形波|52|-7,4,q4-ridge-fold-4,True
附件一（训练集）.xlsx|材料4|1880,材料4|90|三角波|48|-9,2,q4-ridge-fold-2,True
附件一（训练集）.xlsx|材料2|1568,材料2|50|三角波|56|-15,3,q4-ridge-fold-3,True
附件一（训练集）.xlsx|材料3|2438,材料3|50|梯形波|52|-13,1,q4-ridge-fold-1,True
附件一（训练集）.xlsx|材料3|2107,材料3|25|梯形波|48|-10,0,q4-ridge-fold-0,True
附件一（训练集）.xlsx|材料2|115,材料2|50|正弦波|49|-8,4,q4-ridge-fold-4,True
附件一（训练集）.xlsx|材料4|1337,材料4|50|三角波|47|-9,3,q4-ridge-fold-3,True
附件一（训练集）.xlsx|材料3|1164,材料3|25|三角波|52|-15,0,q4-ridge-fold-0,True
附件一（训练集）.xlsx|材料3|2223,材料3|25|梯形波|51|-9,3,q4-ridge-fold-3,True
附件一（训练集）.xlsx|材料1|722,材料1|70|正弦波|52|-18,3,q4-ridge-fold-3,True
附件一（训练集）.xlsx|材料2|1701,材料2|70|三角波|49|-7,1,q4-ridge-fold-1,True
附件一（训练集）.xlsx|材料4|97,材料4|25|正弦波|51|-18,2,q4-ridge-fold-2,True
附件一（训练集）.xlsx|材料2|2544,材料2|70|梯形波|51|-17,1,q4-ridge-fold-1,True
附件一（训练集）.xlsx|材料3|64,材料3|25|正弦波|53|-17,3,q4-ridge-fold-3,True
附件一（训练集）.xlsx|材料1|2815,材料1|50|梯形波|53|-18,4,q4-ridge-fold-4,True
附件一（训练集）.xlsx|材料4|5,材料4|25|正弦波|46|-14,2,q4-ridge-fold-2,True
附件一（训练集）.xlsx|材料3|753,材料3|90|正弦波|49|-12,4,q4-ridge-fold-4,True
附件一（训练集）.xlsx|材料1|954,材料1|90|正弦波|51|-8,0,q4-ridge-fold-0,True
附件一（训练集）.xlsx|材料3|2170,材料3|25|梯形波|55|-16,0,q4-ridge-fold-0,True
附件一（训练集）.xlsx|材料3|438,材料3|50|正弦波|55|-15,1,q4-ridge-fold-1,True
附件一（训练集）.xlsx|材料4|664,材料4|90|正弦波|48|-11,2,q4-ridge-fold-2,True
附件一（训练集）.xlsx|材料3|2368,材料3|50|梯形波|52|-15,2,q4-ridge-fold-2,True
附件一（训练集）.xlsx|材料3|507,材料3|25|正弦波|49|-9,2,q4-ridge-fold-2,True
附件一（训练集）.xlsx|材料3|946,材料3|25|正弦波|50|-19,3,q4-ridge-fold-3,True
附件一（训练集）.xlsx|材料4|885,材料4|25|三角波|47|-15,2,q4-ridge-fold-2,True
附件一（训练集）.xlsx|材料3|2473,材料3|50|梯形波|55|-14,2,q4-ridge-fold-2,True
附件一（训练集）.xlsx|材料3|2106,材料3|25|梯形波|48|-11,0,q4-ridge-fold-0,True
附件一（训练集）.xlsx|材料3|2404,材料3|50|梯形波|46|-8,1,q4-ridge-fold-1,True
附件一（训练集）.xlsx|材料1|602,材料1|70|正弦波|49|-9,2,q4-ridge-fold-2,True
附件一（训练集）.xlsx|材料2|2218,材料2|25|梯形波|51|-16,2,q4-ridge-fold-2,True
附件一（训练集）.xlsx|材料1|1971,材料1|70|三角波|49|-14,0,q4-ridge-fold-0,True
附件一（训练集）.xlsx|材料1|1080,材料1|25|三角波|48|-15,4,q4-ridge-fold-4,True
附件一（训练集）.xlsx|材料4|1456,材料4|70|三角波|50|-14,3,q4-ridge-fold-3,True
附件一（训练集）.xlsx|材料3|912,材料3|70|正弦波|47|-11,1,q4-ridge-fold-1,True
附件一（训练集）.xlsx|材料4|859,材料4|50|正弦波|47|-17,4,q4-ridge-fold-4,True
附件一（训练集）.xlsx|材料4|48,材料4|25|正弦波|49|-11,2,q4-ridge-fold-2,True
附件一（训练集）.xlsx|材料3|24,材料3|25|正弦波|49|-10,3,q4-ridge-fold-3,True
附件一（训练集）.xlsx|材料4|1038,材料4|25|三角波|54|-14,4,q4-ridge-fold-4,True
附件一（训练集）.xlsx|材料4|2322,材料4|50|梯形波|49|-17,1,q4-ridge-fold-1,True
附件一（训练集）.xlsx|材料2|2513,材料2|70|三角波|55|-19,3,q4-ridge-fold-3,True
附件一（训练集）.xlsx|材料3|355,材料3|50|正弦波|52|-11,1,q4-ridge-fold-1,True
附件一（训练集）.xlsx|材料4|597,材料4|70|正弦波|55|-18,1,q4-ridge-fold-1,True
附件一（训练集）.xlsx|材料4|60,材料4|25|正弦波|49|-18,4,q4-ridge-fold-4,True
附件一（训练集）.xlsx|材料4|2766,材料4|90|梯形波|52|-18,0,q4-ridge-fold-0,True
附件一（训练集）.xlsx|材料3|1887,材料3|90|三角波|49|-13,4,q4-ridge-fold-4,True
附件一（训练集）.xlsx|材料2|642,材料2|50|正弦波|52|-15,4,q4-ridge-fold-4,True
附件一（训练集）.xlsx|材料1|1714,材料1|70|三角波|48|-12,0,q4-ridge-fold-0,True
附件一（训练集）.xlsx|材料2|1772,材料2|70|三角波|49|-8,0,q4-ridge-fold-0,True
附件一（训练集）.xlsx|材料1|717,材料1|70|正弦波|52|-9,4,q4-ridge-fold-4,True
附件一（训练集）.xlsx|材料4|1654,材料4|70|三角波|49|-11,0,q4-ridge-fold-0,True
附件一（训练集）.xlsx|材料2|831,材料2|90|正弦波|53|-17,0,q4-ridge-fold-0,True
附件一（训练集）.xlsx|材料1|347,材料1|50|正弦波|49|-16,2,q4-ridge-fold-2,True
附件一（训练集）.xlsx|材料4|2641,材料4|90|三角波|55|-12,4,q4-ridge-fold-4,True
附件一（训练集）.xlsx|材料3|1762,材料3|90|三角波|52|-19,4,q4-ridge-fold-4,True
附件一（训练集）.xlsx|材料4|2178,材料4|50|三角波|52|-15,4,q4-ridge-fold-4,True
附件一（训练集）.xlsx|材料3|2760,材料3|70|梯形波|54|-10,3,q4-ridge-fold-3,True
附件一（训练集）.xlsx|材料1|1810,材料1|70|三角波|52|-14,2,q4-ridge-fold-2,True
附件一（训练集）.xlsx|材料2|1603,材料2|70|三角波|54|-13,4,q4-ridge-fold-4,True
附件一（训练集）.xlsx|材料3|1942,材料3|90|三角波|55|-15,3,q4-ridge-fold-3,True
附件一（训练集）.xlsx|材料2|1551,材料2|50|三角波|54|-12,4,q4-ridge-fold-4,True
附件一（训练集）.xlsx|材料3|274,材料3|90|正弦波|49|-16,3,q4-ridge-fold-3,True
附件一（训练集）.xlsx|材料2|2685,材料2|70|梯形波|49|-12,2,q4-ridge-fold-2,True
附件一（训练集）.xlsx|材料1|1099,材料1|25|三角波|50|-11,4,q4-ridge-fold-4,True
附件一（训练集）.xlsx|材料1|2588,材料1|25|梯形波|54|-16,4,q4-ridge-fold-4,True
附件一（训练集）.xlsx|材料1|838,材料1|90|正弦波|47|-8,4,q4-ridge-fold-4,True
附件一（训练集）.xlsx|材料1|1851,材料1|70|三角波|54|-14,0,q4-ridge-fold-0,True
附件一（训练集）.xlsx|材料4|472,材料4|70|正弦波|49|-14,4,q4-ridge-fold-4,True
附件一（训练集）.xlsx|材料1|415,材料1|50|正弦波|50|-9,1,q4-ridge-fold-1,True
附件一（训练集）.xlsx|材料1|2461,材料1|25|梯形波|51|-15,1,q4-ridge-fold-1,True
附件一（训练集）.xlsx|材料4|161,材料4|25|正弦波|54|-13,1,q4-ridge-fold-1,True
附件一（训练集）.xlsx|材料3|2978,材料3|90|梯形波|52|-13,1,q4-ridge-fold-1,True
附件一（训练集）.xlsx|材料3|2397,材料3|50|梯形波|55|-16,1,q4-ridge-fold-1,True
附件一（训练集）.xlsx|材料1|2915,材料1|70|梯形波|47|-7,3,q4-ridge-fold-3,True
附件一（训练集）.xlsx|材料2|2526,材料2|70|梯形波|46|-11,3,q4-ridge-fold-3,True
附件一（训练集）.xlsx|材料3|2989,材料3|90|梯形波|54|-14,2,q4-ridge-fold-2,True
附件一（训练集）.xlsx|材料1|1004,材料1|90|正弦波|52|-12,4,q4-ridge-fold-4,True
附件一（训练集）.xlsx|材料3|430,材料3|25|正弦波|50|-8,4,q4-ridge-fold-4,True
附件一（训练集）.xlsx|材料1|1044,材料1|90|正弦波|54|-18,3,q4-ridge-fold-3,True
附件一（训练集）.xlsx|材料4|786,材料4|90|正弦波|53|-17,2,q4-ridge-fold-2,True
附件一（训练集）.xlsx|材料4|1158,材料4|25|三角波|50|-16,3,q4-ridge-fold-3,True
附件一（训练集）.xlsx|材料2|1995,材料2|90|三角波|49|-11,1,q4-ridge-fold-1,True
附件一（训练集）.xlsx|材料3|2277,材料3|25|梯形波|56|-20,0,q4-ridge-fold-0,True
附件一（训练集）.xlsx|材料4|1477,材料4|70|三角波|52|-19,1,q4-ridge-fold-1,True
附件一（训练集）.xlsx|材料1|1131,材料1|25|三角波|51|-12,0,q4-ridge-fold-0,True
附件一（训练集）.xlsx|材料4|857,材料4|50|正弦波|46|-17,3,q4-ridge-fold-3,True
附件一（训练集）.xlsx|材料4|1447,材料4|70|三角波|50|-9,4,q4-ridge-fold-4,True
附件一（训练集）.xlsx|材料1|2770,材料1|50|梯形波|52|-8,1,q4-ridge-fold-1,True
附件一（训练集）.xlsx|材料3|789,材料3|90|正弦波|55|-15,3,q4-ridge-fold-3,True
附件一（训练集）.xlsx|材料4|2770,材料4|90|梯形波|52|-15,0,q4-ridge-fold-0,True
附件一（训练集）.xlsx|材料1|3189,材料1|90|梯形波|48|-11,4,q4-ridge-fold-4,True
附件一（训练集）.xlsx|材料1|773,材料1|70|正弦波|53|-10,2,q4-ridge-fold-2,True
附件一（训练集）.xlsx|材料1|490,材料1|50|正弦波|53|-16,0,q4-ridge-fold-0,True
附件一（训练集）.xlsx|材料3|2851,材料3|70|梯形波|54|-15,1,q4-ridge-fold-1,True
附件一（训练集）.xlsx|材料4|2010,材料4|25|三角波|55|-20,0,q4-ridge-fold-0,True
附件一（训练集）.xlsx|材料1|3183,材料1|90|梯形波|47|-7,3,q4-ridge-fold-3,True
附件一（训练集）.xlsx|材料3|214,材料3|70|正弦波|52|-13,1,q4-ridge-fold-1,True
附件一（训练集）.xlsx|材料3|1005,材料3|25|正弦波|52|-15,1,q4-ridge-fold-1,True
附件一（训练集）.xlsx|材料4|1250,材料4|50|三角波|52|-15,4,q4-ridge-fold-4,True
附件一（训练集）.xlsx|材料4|2391,材料4|70|三角波|52|-7,1,q4-ridge-fold-1,True
附件一（训练集）.xlsx|材料1|615,材料1|70|正弦波|49|-8,0,q4-ridge-fold-0,True
附件一（训练集）.xlsx|材料4|39,材料4|25|正弦波|49|-17,4,q4-ridge-fold-4,True
附件一（训练集）.xlsx|材料2|2086,材料2|25|梯形波|51|-11,2,q4-ridge-fold-2,True
附件一（训练集）.xlsx|材料3|2303,材料3|50|三角波|55|-15,2,q4-ridge-fold-2,True
附件一（训练集）.xlsx|材料3|635,材料3|50|正弦波|55|-20,3,q4-ridge-fold-3,True
附件一（训练集）.xlsx|材料4|1887,材料4|90|三角波|49|-14,1,q4-ridge-fold-1,True
附件一（训练集）.xlsx|材料4|1259,材料4|50|三角波|52|-18,0,q4-ridge-fold-0,True
附件一（训练集）.xlsx|材料3|923,材料3|50|正弦波|50|-16,1,q4-ridge-fold-1,True
附件一（训练集）.xlsx|材料1|292,材料1|50|正弦波|47|-15,3,q4-ridge-fold-3,True
附件一（训练集）.xlsx|材料2|2477,材料2|50|梯形波|54|-15,1,q4-ridge-fold-1,True
附件一（训练集）.xlsx|材料1|1600,材料1|50|三角波|55|-16,1,q4-ridge-fold-1,True
附件一（训练集）.xlsx|材料4|453,材料4|70|正弦波|48|-9,4,q4-ridge-fold-4,True
附件一（训练集）.xlsx|材料3|2219,材料3|25|梯形波|51|-13,2,q4-ridge-fold-2,True
附件一（训练集）.xlsx|材料1|897,材料1|90|正弦波|49|-10,0,q4-ridge-fold-0,True
附件一（训练集）.xlsx|材料3|2434,材料3|50|梯形波|51|-6,0,q4-ridge-fold-0,True
附件一（训练集）.xlsx|材料1|304,材料1|50|正弦波|47|-15,3,q4-ridge-fold-3,True
附件一（训练集）.xlsx|材料4|2112,材料4|25|梯形波|47|-11,2,q4-ridge-fold-2,True
附件一（训练集）.xlsx|材料3|872,材料3|25|正弦波|49|-13,0,q4-ridge-fold-0,True
附件一（训练集）.xlsx|材料4|1687,材料4|90|三角波|48|-16,4,q4-ridge-fold-4,True
附件一（训练集）.xlsx|材料1|749,材料1|70|正弦波|53|-13,4,q4-ridge-fold-4,True
附件一（训练集）.xlsx|材料1|1910,材料1|70|三角波|55|-15,0,q4-ridge-fold-0,True
附件一（训练集）.xlsx|材料1|1502,材料1|50|三角波|52|-10,3,q4-ridge-fold-3,True
附件一（训练集）.xlsx|材料1|1780,材料1|70|三角波|52|-20,2,q4-ridge-fold-2,True
附件一（训练集）.xlsx|材料4|2602,材料4|90|三角波|55|-12,4,q4-ridge-fold-4,True
附件一（训练集）.xlsx|材料4|868,材料4|25|正弦波|48|-10,1,q4-ridge-fold-1,True
附件一（训练集）.xlsx|材料3|794,材料3|90|正弦波|55|-20,1,q4-ridge-fold-1,True
附件一（训练集）.xlsx|材料2|1918,材料2|90|三角波|49|-14,1,q4-ridge-fold-1,True
附件一（训练集）.xlsx|材料1|1800,材料1|70|三角波|52|-9,0,q4-ridge-fold-0,True
附件一（训练集）.xlsx|材料1|3263,材料1|90|梯形波|51|-7,4,q4-ridge-fold-4,True
附件一（训练集）.xlsx|材料2|2388,材料2|50|梯形波|52|-12,1,q4-ridge-fold-1,True
附件一（训练集）.xlsx|材料2|2179,材料2|25|梯形波|55|-11,4,q4-ridge-fold-4,True
附件一（训练集）.xlsx|材料2|2471,材料2|50|梯形波|52|-8,4,q4-ridge-fold-4,True
附件一（训练集）.xlsx|材料3|1017,材料3|25|三角波|50|-16,4,q4-ridge-fold-4,True
附件一（训练集）.xlsx|材料2|1119,材料2|25|三角波|52|-14,2,q4-ridge-fold-2,True
附件一（训练集）.xlsx|材料4|448,材料4|70|正弦波|48|-15,4,q4-ridge-fold-4,True
附件一（训练集）.xlsx|材料1|881,材料1|90|正弦波|49|-11,0,q4-ridge-fold-0,True
附件一（训练集）.xlsx|材料4|2044,材料4|25|三角波|50|-13,3,q4-ridge-fold-3,True
附件一（训练集）.xlsx|材料3|1189,材料3|25|三角波|55|-17,2,q4-ridge-fold-2,True
附件一（训练集）.xlsx|材料4|2139,材料4|25|梯形波|48|-10,2,q4-ridge-fold-2,True
附件一（训练集）.xlsx|材料1|2979,材料1|70|梯形波|50|-10,0,q4-ridge-fold-0,True
附件一（训练集）.xlsx|材料3|3155,材料3|90|梯形波|52|-8,3,q4-ridge-fold-3,True
附件一（训练集）.xlsx|材料1|1138,材料1|25|三角波|51|-8,1,q4-ridge-fold-1,True
附件一（训练集）.xlsx|材料4|1888,材料4|90|三角波|49|-14,1,q4-ridge-fold-1,True
附件一（训练集）.xlsx|材料1|144,材料1|25|正弦波|50|-18,2,q4-ridge-fold-2,True
附件一（训练集）.xlsx|材料2|1905,材料2|90|三角波|56|-19,2,q4-ridge-fold-2,True
附件一（训练集）.xlsx|材料4|1634,材料4|70|三角波|49|-14,0,q4-ridge-fold-0,True
附件一（训练集）.xlsx|材料3|736,材料3|90|正弦波|47|-15,3,q4-ridge-fold-3,True
附件一（训练集）.xlsx|材料3|1346,材料3|50|三角波|52|-7,1,q4-ridge-fold-1,True
附件一（训练集）.xlsx|材料3|1607,材料3|70|三角波|55|-13,2,q4-ridge-fold-2,True
附件一（训练集）.xlsx|材料4|26,材料4|25|正弦波|47|-13,1,q4-ridge-fold-1,True
附件一（训练集）.xlsx|材料1|3230,材料1|90|梯形波|49|-11,0,q4-ridge-fold-0,True
附件一（训练集）.xlsx|材料3|762,材料3|90|正弦波|52|-18,4,q4-ridge-fold-4,True
附件一（训练集）.xlsx|材料3|1064,材料3|25|三角波|56|-15,0,q4-ridge-fold-0,True
附件一（训练集）.xlsx|材料1|649,材料1|70|正弦波|50|-6,3,q4-ridge-fold-3,True
附件一（训练集）.xlsx|材料1|426,材料1|50|正弦波|51|-14,1,q4-ridge-fold-1,True
附件一（训练集）.xlsx|材料3|611,材料3|50|正弦波|52|-19,2,q4-ridge-fold-2,True
附件一（训练集）.xlsx|材料1|2787,材料1|50|梯形波|52|-10,4,q4-ridge-fold-4,True
附件一（训练集）.xlsx|材料2|250,材料2|70|正弦波|53|-11,2,q4-ridge-fold-2,True
附件一（训练集）.xlsx|材料1|2884,材料1|70|三角波|55|-19,3,q4-ridge-fold-3,True
附件一（训练集）.xlsx|材料4|503,材料4|70|正弦波|50|-19,4,q4-ridge-fold-4,True
附件一（训练集）.xlsx|材料1|2689,材料1|50|梯形波|49|-16,3,q4-ridge-fold-3,True
附件一（训练集）.xlsx|材料3|337,材料3|70|正弦波|55|-20,2,q4-ridge-fold-2,True
附件一（训练集）.xlsx|材料3|1050,材料3|25|三角波|55|-13,1,q4-ridge-fold-1,True
附件一（训练集）.xlsx|材料2|1151,材料2|25|三角波|49|-9,3,q4-ridge-fold-3,True
附件一（训练集）.xlsx|材料2|993,材料2|90|正弦波|49|-11,1,q4-ridge-fold-1,True
附件一（训练集）.xlsx|材料4|2304,材料4|50|梯形波|48|-6,1,q4-ridge-fold-1,True
附件一（训练集）.xlsx|材料2|164,材料2|50|正弦波|55|-16,4,q4-ridge-fold-4,True
附件一（训练集）.xlsx|材料2|1628,材料2|70|三角波|49|-6,2,q4-ridge-fold-2,True
附件一（训练集）.xlsx|材料2|2299,材料2|50|梯形波|48|-13,4,q4-ridge-fold-4,True
附件一（训练集）.xlsx|材料2|1018,材料2|25|正弦波|46|-10,3,q4-ridge-fold-3,True
附件一（训练集）.xlsx|材料4|1376,材料4|50|三角波|49|-11,2,q4-ridge-fold-2,True
附件一（训练集）.xlsx|材料4|2455,材料4|70|三角波|55|-14,4,q4-ridge-fold-4,True
附件一（训练集）.xlsx|材料4|2657,材料4|90|梯形波|47|-10,0,q4-ridge-fold-0,True
附件一（训练集）.xlsx|材料3|857,材料3|25|正弦波|49|-16,0,q4-ridge-fold-0,True
附件一（训练集）.xlsx|材料4|1872,材料4|90|三角波|48|-14,0,q4-ridge-fold-0,True
附件一（训练集）.xlsx|材料3|271,材料3|90|正弦波|49|-8,3,q4-ridge-fold-3,True
附件一（训练集）.xlsx|材料3|829,材料3|50|正弦波|52|-11,1,q4-ridge-fold-1,True
附件一（训练集）.xlsx|材料1|1625,材料1|50|三角波|47|-11,4,q4-ridge-fold-4,True
附件一（训练集）.xlsx|材料4|871,材料4|25|正弦波|49|-14,3,q4-ridge-fold-3,True
附件一（训练集）.xlsx|材料2|2908,材料2|90|梯形波|56|-21,4,q4-ridge-fold-4,True
附件一（训练集）.xlsx|材料1|2992,材料1|70|梯形波|51|-13,0,q4-ridge-fold-0,True
附件一（训练集）.xlsx|材料1|2505,材料1|25|梯形波|52|-9,0,q4-ridge-fold-0,True
附件一（训练集）.xlsx|材料3|304,材料3|90|正弦波|53|-20,1,q4-ridge-fold-1,True
附件一（训练集）.xlsx|材料4|2321,材料4|50|梯形波|49|-17,1,q4-ridge-fold-1,True
附件一（训练集）.xlsx|材料2|1383,材料2|50|三角波|48|-7,2,q4-ridge-fold-2,True
附件一（训练集）.xlsx|材料1|1087,材料1|25|三角波|48|-11,0,q4-ridge-fold-0,True
附件一（训练集）.xlsx|材料4|579,材料4|70|正弦波|53|-18,3,q4-ridge-fold-3,True
附件一（训练集）.xlsx|材料2|2520,材料2|70|三角波|55|-18,2,q4-ridge-fold-2,True
附件一（训练集）.xlsx|材料3|1169,材料3|25|三角波|52|-6,1,q4-ridge-fold-1,True
附件一（训练集）.xlsx|材料1|2079,材料1|90|三角波|52|-19,3,q4-ridge-fold-3,True
附件一（训练集）.xlsx|材料2|2126,材料2|25|梯形波|46|-9,4,q4-ridge-fold-4,True
附件一（训练集）.xlsx|材料2|479,材料2|70|正弦波|50|-9,3,q4-ridge-fold-3,True
附件一（训练集）.xlsx|材料1|55,材料1|25|正弦波|48|-16,4,q4-ridge-fold-4,True
附件一（训练集）.xlsx|材料4|888,材料4|25|三角波|47|-13,2,q4-ridge-fold-2,True
附件一（训练集）.xlsx|材料1|2205,材料1|90|三角波|55|-18,3,q4-ridge-fold-3,True
附件一（训练集）.xlsx|材料1|3115,材料1|70|梯形波|54|-15,3,q4-ridge-fold-3,True
附件一（训练集）.xlsx|材料4|1716,材料4|90|三角波|51|-20,1,q4-ridge-fold-1,True
附件一（训练集）.xlsx|材料1|2166,材料1|90|三角波|54|-15,0,q4-ridge-fold-0,True
附件一（训练集）.xlsx|材料3|833,材料3|25|正弦波|52|-14,0,q4-ridge-fold-0,True
附件一（训练集）.xlsx|材料1|1712,材料1|70|三角波|48|-13,3,q4-ridge-fold-3,True
附件一（训练集）.xlsx|材料3|2232,材料3|25|梯形波|52|-9,1,q4-ridge-fold-1,True
附件一（训练集）.xlsx|材料1|3104,材料1|70|梯形波|54|-9,3,q4-ridge-fold-3,True
附件一（训练集）.xlsx|材料2|194,材料2|70|正弦波|47|-10,2,q4-ridge-fold-2,True
附件一（训练集）.xlsx|材料1|3237,材料1|90|梯形波|50|-15,3,q4-ridge-fold-3,True
附件一（训练集）.xlsx|材料3|1733,材料3|70|三角波|55|-14,4,q4-ridge-fold-4,True
附件一（训练集）.xlsx|材料1|1401,材料1|50|三角波|48|-8,4,q4-ridge-fold-4,True
附件一（训练集）.xlsx|材料2|2655,材料2|70|梯形波|55|-20,3,q4-ridge-fold-3,True
附件一（训练集）.xlsx|材料3|3174,材料3|90|梯形波|55|-9,0,q4-ridge-fold-0,True
附件一（训练集）.xlsx|材料2|1611,材料2|70|三角波|55|-20,0,q4-ridge-fold-0,True
附件一（训练集）.xlsx|材料4|2164,材料4|50|三角波|48|-12,0,q4-ridge-fold-0,True
附件一（训练集）.xlsx|材料4|283,材料4|50|正弦波|50|-11,1,q4-ridge-fold-1,True
附件一（训练集）.xlsx|材料3|570,材料3|50|正弦波|46|-17,2,q4-ridge-fold-2,True
附件一（训练集）.xlsx|材料3|443,材料3|90|正弦波|53|-17,0,q4-ridge-fold-0,True
附件一（训练集）.xlsx|材料3|139,材料3|50|正弦波|52|-10,1,q4-ridge-fold-1,True
附件一（训练集）.xlsx|材料3|2307,材料3|50|三角波|55|-11,4,q4-ridge-fold-4,True
附件一（训练集）.xlsx|材料3|664,材料3|70|正弦波|47|-11,1,q4-ridge-fold-1,True
附件一（训练集）.xlsx|材料4|698,材料4|90|正弦波|49|-12,0,q4-ridge-fold-0,True
附件一（训练集）.xlsx|材料2|1895,材料2|90|三角波|55|-14,2,q4-ridge-fold-2,True
附件一（训练集）.xlsx|材料3|730,材料3|90|正弦波|46|-15,0,q4-ridge-fold-0,True
附件一（训练集）.xlsx|材料1|105,材料1|25|正弦波|49|-7,1,q4-ridge-fold-1,True
附件一（训练集）.xlsx|材料1|1555,材料1|50|三角波|54|-13,1,q4-ridge-fold-1,True
附件一（训练集）.xlsx|材料2|53,材料2|25|正弦波|52|-9,1,q4-ridge-fold-1,True
附件一（训练集）.xlsx|材料3|1802,材料3|90|三角波|49|-13,4,q4-ridge-fold-4,True
附件一（训练集）.xlsx|材料2|2524,材料2|70|三角波|55|-9,2,q4-ridge-fold-2,True
附件一（训练集）.xlsx|材料3|150,材料3|50|正弦波|53|-16,3,q4-ridge-fold-3,True
附件一（训练集）.xlsx|材料4|2572,材料4|70|梯形波|52|-13,0,q4-ridge-fold-0,True
附件一（训练集）.xlsx|材料1|1547,材料1|50|三角波|54|-17,2,q4-ridge-fold-2,True
附件一（训练集）.xlsx|材料2|144,材料2|50|正弦波|52|-10,2,q4-ridge-fold-2,True
附件一（训练集）.xlsx|材料2|1326,材料2|25|三角波|55|-10,2,q4-ridge-fold-2,True
附件一（训练集）.xlsx|材料1|177,材料1|25|正弦波|52|-15,2,q4-ridge-fold-2,True
附件一（训练集）.xlsx|材料3|968,材料3|25|正弦波|47|-15,3,q4-ridge-fold-3,True
附件一（训练集）.xlsx|材料3|2856,材料3|70|梯形波|54|-10,3,q4-ridge-fold-3,True
附件一（训练集）.xlsx|材料3|759,材料3|90|正弦波|50|-15,2,q4-ridge-fold-2,True
附件一（训练集）.xlsx|材料3|712,材料3|70|正弦波|53|-12,2,q4-ridge-fold-2,True
附件一（训练集）.xlsx|材料2|2523,材料2|70|三角波|55|-10,3,q4-ridge-fold-3,True
附件一（训练集）.xlsx|材料2|2302,材料2|50|梯形波|48|-7,3,q4-ridge-fold-3,True
附件一（训练集）.xlsx|材料3|423,材料3|50|正弦波|53|-18,1,q4-ridge-fold-1,True
附件一（训练集）.xlsx|材料2|2847,材料2|90|梯形波|48|-11,3,q4-ridge-fold-3,True
附件一（训练集）.xlsx|材料1|1802,材料1|70|三角波|52|-19,2,q4-ridge-fold-2,True
附件一（训练集）.xlsx|材料1|3220,材料1|90|梯形波|49|-6,2,q4-ridge-fold-2,True
附件一（训练集）.xlsx|材料1|2813,材料1|50|梯形波|53|-19,0,q4-ridge-fold-0,True
附件一（训练集）.xlsx|材料4|357,材料4|50|正弦波|53|-18,4,q4-ridge-fold-4,True
附件一（训练集）.xlsx|材料1|1219,材料1|25|三角波|54|-19,3,q4-ridge-fold-3,True
附件一（训练集）.xlsx|材料4|126,材料4|25|正弦波|52|-13,0,q4-ridge-fold-0,True
附件一（训练集）.xlsx|材料1|620,材料1|70|正弦波|49|-16,4,q4-ridge-fold-4,True
附件一（训练集）.xlsx|材料1|197,材料1|25|正弦波|52|-15,2,q4-ridge-fold-2,True
附件一（训练集）.xlsx|材料3|3019,材料3|90|梯形波|48|-10,1,q4-ridge-fold-1,True
附件一（训练集）.xlsx|材料2|304,材料2|90|正弦波|50|-16,4,q4-ridge-fold-4,True
附件一（训练集）.xlsx|材料1|2953,材料1|70|梯形波|49|-8,4,q4-ridge-fold-4,True
附件一（训练集）.xlsx|材料1|1089,材料1|25|三角波|48|-10,3,q4-ridge-fold-3,True
附件一（训练集）.xlsx|材料2|2232,材料2|25|梯形波|52|-10,3,q4-ridge-fold-3,True
附件一（训练集）.xlsx|材料3|1608,材料3|70|三角波|55|-12,2,q4-ridge-fold-2,True
附件一（训练集）.xlsx|材料3|1896,材料3|90|三角波|51|-11,0,q4-ridge-fold-0,True
附件一（训练集）.xlsx|材料1|1326,材料1|25|三角波|48|-12,1,q4-ridge-fold-1,True
附件一（训练集）.xlsx|材料4|1401,材料4|50|三角波|49|-7,1,q4-ridge-fold-1,True
附件一（训练集）.xlsx|材料4|688,材料4|90|正弦波|49|-12,0,q4-ridge-fold-0,True
附件一（训练集）.xlsx|材料1|51,材料1|25|正弦波|47|-7,2,q4-ridge-fold-2,True
附件一（训练集）.xlsx|材料1|287,材料1|50|正弦波|46|-7,3,q4-ridge-fold-3,True
附件一（训练集）.xlsx|材料3|387,材料3|25|正弦波|46|-15,1,q4-ridge-fold-1,True
附件一（训练集）.xlsx|材料1|3120,材料1|70|梯形波|54|-11,2,q4-ridge-fold-2,True
附件一（训练集）.xlsx|材料2|29,材料2|25|正弦波|49|-13,0,q4-ridge-fold-0,True
附件一（训练集）.xlsx|材料2|1646,材料2|70|三角波|52|-15,4,q4-ridge-fold-4,True
附件一（训练集）.xlsx|材料2|2286,材料2|50|三角波|55|-10,3,q4-ridge-fold-3,True
附件一（训练集）.xlsx|材料1|1405,材料1|50|三角波|50|-9,2,q4-ridge-fold-2,True
附件一（训练集）.xlsx|材料3|1785,材料3|90|三角波|55|-14,3,q4-ridge-fold-3,True
附件一（训练集）.xlsx|材料2|1687,材料2|70|三角波|56|-18,2,q4-ridge-fold-2,True
附件一（训练集）.xlsx|材料2|1051,材料2|25|正弦波|50|-16,2,q4-ridge-fold-2,True
附件一（训练集）.xlsx|材料1|478,材料1|50|正弦波|52|-15,0,q4-ridge-fold-0,True
附件一（训练集）.xlsx|材料1|71,材料1|25|正弦波|49|-16,4,q4-ridge-fold-4,True
附件一（训练集）.xlsx|材料1|1055,材料1|90|正弦波|54|-11,0,q4-ridge-fold-0,True
附件一（训练集）.xlsx|材料1|2068,材料1|90|三角波|51|-13,1,q4-ridge-fold-1,True
附件一（训练集）.xlsx|材料2|2860,材料2|90|梯形波|49|-10,2,q4-ridge-fold-2,True
附件一（训练集）.xlsx|材料2|1607,材料2|70|三角波|55|-16,1,q4-ridge-fold-1,True
附件一（训练集）.xlsx|材料2|1988,材料2|90|三角波|48|-7,4,q4-ridge-fold-4,True
附件一（训练集）.xlsx|材料3|1944,材料3|90|三角波|55|-12,3,q4-ridge-fold-3,True
附件一（训练集）.xlsx|材料2|547,材料2|25|正弦波|50|-11,4,q4-ridge-fold-4,True
附件一（训练集）.xlsx|材料1|58,材料1|25|正弦波|48|-14,0,q4-ridge-fold-0,True
附件一（训练集）.xlsx|材料4|1437,材料4|70|三角波|48|-8,1,q4-ridge-fold-1,True
附件一（训练集）.xlsx|材料3|2440,材料3|50|梯形波|52|-11,4,q4-ridge-fold-4,True
附件一（训练集）.xlsx|材料4|2467,材料4|70|梯形波|47|-14,2,q4-ridge-fold-2,True
附件一（训练集）.xlsx|材料1|2374,材料1|25|梯形波|46|-12,0,q4-ridge-fold-0,True
附件一（训练集）.xlsx|材料1|1779,材料1|70|三角波|52|-8,0,q4-ridge-fold-0,True
附件一（训练集）.xlsx|材料4|1555,材料4|70|三角波|55|-19,2,q4-ridge-fold-2,True
附件一（训练集）.xlsx|材料4|791,材料4|90|正弦波|53|-18,3,q4-ridge-fold-3,True
附件一（训练集）.xlsx|材料3|2555,材料3|50|梯形波|54|-11,3,q4-ridge-fold-3,True
附件一（训练集）.xlsx|材料2|615,材料2|50|正弦波|49|-12,1,q4-ridge-fold-1,True
附件一（训练集）.xlsx|材料2|2020,材料2|90|三角波|54|-15,0,q4-ridge-fold-0,True
附件一（训练集）.xlsx|材料1|551,材料1|70|正弦波|47|-12,2,q4-ridge-fold-2,True
附件一（训练集）.xlsx|材料4|767,材料4|90|正弦波|52|-13,2,q4-ridge-fold-2,True
附件一（训练集）.xlsx|材料3|2858,材料3|70|梯形波|54|-8,3,q4-ridge-fold-3,True
附件一（训练集）.xlsx|材料4|1442,材料4|70|三角波|50|-16,1,q4-ridge-fold-1,True
附件一（训练集）.xlsx|材料3|711,材料3|70|正弦波|53|-14,1,q4-ridge-fold-1,True
附件一（训练集）.xlsx|材料3|2276,材料3|25|梯形波|55|-10,1,q4-ridge-fold-1,True
附件一（训练集）.xlsx|材料1|676,材料1|70|正弦波|51|-12,1,q4-ridge-fold-1,True
附件一（训练集）.xlsx|材料4|1788,材料4|90|三角波|54|-20,0,q4-ridge-fold-0,True
附件一（训练集）.xlsx|材料2|54,材料2|25|正弦波|52|-20,4,q4-ridge-fold-4,True
附件一（训练集）.xlsx|材料1|399,材料1|50|正弦波|50|-8,2,q4-ridge-fold-2,True
附件一（训练集）.xlsx|材料2|1901,材料2|90|三角波|55|-13,1,q4-ridge-fold-1,True
附件一（训练集）.xlsx|材料2|1175,材料2|25|三角波|52|-12,2,q4-ridge-fold-2,True
附件一（训练集）.xlsx|材料2|1994,材料2|90|三角波|49|-12,2,q4-ridge-fold-2,True
附件一（训练集）.xlsx|材料3|2758,材料3|70|梯形波|54|-13,1,q4-ridge-fold-1,True
附件一（训练集）.xlsx|材料2|781,材料2|90|正弦波|47|-7,4,q4-ridge-fold-4,True
附件一（训练集）.xlsx|材料4|210,材料4|50|正弦波|47|-11,1,q4-ridge-fold-1,True
附件一（训练集）.xlsx|材料4|1825,材料4|90|三角波|55|-19,3,q4-ridge-fold-3,True
附件一（训练集）.xlsx|材料1|3334,材料1|90|梯形波|52|-8,2,q4-ridge-fold-2,True
附件一（训练集）.xlsx|材料3|1929,材料3|90|三角波|55|-20,0,q4-ridge-fold-0,True
附件一（训练集）.xlsx|材料1|3226,材料1|90|梯形波|49|-13,3,q4-ridge-fold-3,True
附件一（训练集）.xlsx|材料1|157,材料1|25|正弦波|50|-8,0,q4-ridge-fold-0,True
附件一（训练集）.xlsx|材料4|558,材料4|70|正弦波|52|-15,2,q4-ridge-fold-2,True
附件一（训练集）.xlsx|材料3|3141,材料3|90|梯形波|52|-15,3,q4-ridge-fold-3,True
附件一（训练集）.xlsx|材料1|2827,材料1|50|梯形波|53|-9,4,q4-ridge-fold-4,True
附件一（训练集）.xlsx|材料3|1888,材料3|90|三角波|49|-12,3,q4-ridge-fold-3,True
附件一（训练集）.xlsx|材料2|2854,材料2|90|梯形波|49|-10,2,q4-ridge-fold-2,True
附件一（训练集）.xlsx|材料3|2428,材料3|50|梯形波|51|-15,1,q4-ridge-fold-1,True
附件一（训练集）.xlsx|材料3|2927,材料3|90|梯形波|46|-8,0,q4-ridge-fold-0,True
附件一（训练集）.xlsx|材料1|528,材料1|50|正弦波|54|-13,4,q4-ridge-fold-4,True
附件一（训练集）.xlsx|材料1|2256,材料1|90|三角波|48|-12,3,q4-ridge-fold-3,True
附件一（训练集）.xlsx|材料1|2647,材料1|50|梯形波|47|-9,2,q4-ridge-fold-2,True
附件一（训练集）.xlsx|材料1|3043,材料1|70|梯形波|52|-12,1,q4-ridge-fold-1,True
附件一（训练集）.xlsx|材料4|1573,材料4|70|三角波|55|-19,2,q4-ridge-fold-2,True
附件一（训练集）.xlsx|材料3|1837,材料3|90|三角波|52|-12,3,q4-ridge-fold-3,True
附件一（训练集）.xlsx|材料2|1921,材料2|90|三角波|49|-8,0,q4-ridge-fold-0,True
附件一（训练集）.xlsx|材料3|2619,材料3|70|三角波|55|-13,2,q4-ridge-fold-2,True
附件一（训练集）.xlsx|材料4|576,材料4|70|正弦波|53|-20,3,q4-ridge-fold-3,True
附件一（训练集）.xlsx|材料4|1289,材料4|50|三角波|54|-14,4,q4-ridge-fold-4,True
附件一（训练集）.xlsx|材料2|1310,材料2|25|三角波|52|-10,3,q4-ridge-fold-3,True
附件一（训练集）.xlsx|材料3|1283,材料3|50|三角波|52|-12,3,q4-ridge-fold-3,True
附件一（训练集）.xlsx|材料1|1052,材料1|90|正弦波|54|-12,0,q4-ridge-fold-0,True
附件一（训练集）.xlsx|材料2|1808,材料2|70|三角波|56|-16,1,q4-ridge-fold-1,True
附件一（训练集）.xlsx|材料3|1972,材料3|90|三角波|50|-8,4,q4-ridge-fold-4,True
附件一（训练集）.xlsx|材料3|2833,材料3|70|梯形波|52|-11,0,q4-ridge-fold-0,True
附件一（训练集）.xlsx|材料3|1247,材料3|25|三角波|52|-13,1,q4-ridge-fold-1,True
附件一（训练集）.xlsx|材料2|2248,材料2|25|梯形波|54|-10,2,q4-ridge-fold-2,True
附件一（训练集）.xlsx|材料3|2442,材料3|50|梯形波|52|-9,1,q4-ridge-fold-1,True
附件一（训练集）.xlsx|材料1|1640,材料1|50|三角波|48|-10,0,q4-ridge-fold-0,True
附件一（训练集）.xlsx|材料1|1484,材料1|50|三角波|52|-11,2,q4-ridge-fold-2,True
附件一（训练集）.xlsx|材料4|181,材料4|25|正弦波|55|-19,2,q4-ridge-fold-2,True
附件一（训练集）.xlsx|材料1|1923,材料1|70|三角波|56|-16,1,q4-ridge-fold-1,True
附件一（训练集）.xlsx|材料3|1805,材料3|90|三角波|49|-9,2,q4-ridge-fold-2,True
附件一（训练集）.xlsx|材料1|2345,材料1|25|三角波|55|-18,1,q4-ridge-fold-1,True
附件一（训练集）.xlsx|材料2|1269,材料2|25|三角波|56|-14,1,q4-ridge-fold-1,True
附件一（训练集）.xlsx|材料3|2868,材料3|70|梯形波|55|-10,2,q4-ridge-fold-2,True
附件一（训练集）.xlsx|材料1|2183,材料1|90|三角波|54|-14,4,q4-ridge-fold-4,True
附件一（训练集）.xlsx|材料2|2794,材料2|90|梯形波|49|-6,4,q4-ridge-fold-4,True
附件一（训练集）.xlsx|材料3|1429,材料3|50|三角波|55|-12,3,q4-ridge-fold-3,True
附件一（训练集）.xlsx|材料4|2750,材料4|90|梯形波|51|-16,2,q4-ridge-fold-2,True
附件一（训练集）.xlsx|材料3|2929,材料3|90|梯形波|46|-6,2,q4-ridge-fold-2,True
附件一（训练集）.xlsx|材料4|2140,材料4|25|梯形波|48|-10,2,q4-ridge-fold-2,True
附件一（训练集）.xlsx|材料3|2967,材料3|90|梯形波|52|-12,4,q4-ridge-fold-4,True
附件一（训练集）.xlsx|材料3|1469,材料3|50|三角波|50|-9,1,q4-ridge-fold-1,True
附件一（训练集）.xlsx|材料3|2807,材料3|70|梯形波|49|-13,0,q4-ridge-fold-0,True
附件一（训练集）.xlsx|材料3|1603,材料3|70|三角波|55|-20,4,q4-ridge-fold-4,True
附件一（训练集）.xlsx|材料4|1934,材料4|25|三角波|48|-13,0,q4-ridge-fold-0,True
附件一（训练集）.xlsx|材料4|1138,材料4|25|三角波|49|-18,4,q4-ridge-fold-4,True
附件一（训练集）.xlsx|材料1|909,材料1|90|正弦波|50|-16,4,q4-ridge-fold-4,True
附件一（训练集）.xlsx|材料1|338,材料1|50|正弦波|49|-11,4,q4-ridge-fold-4,True
附件一（训练集）.xlsx|材料4|1621,材料4|70|三角波|48|-11,0,q4-ridge-fold-0,True
附件一（训练集）.xlsx|材料1|1643,材料1|50|三角波|48|-9,2,q4-ridge-fold-2,True
附件一（训练集）.xlsx|材料2|1107,材料2|25|三角波|52|-16,1,q4-ridge-fold-1,True
附件一（训练集）.xlsx|材料2|1459,材料2|50|三角波|49|-6,3,q4-ridge-fold-3,True
附件一（训练集）.xlsx|材料4|1149,材料4|25|三角波|49|-10,2,q4-ridge-fold-2,True
附件一（训练集）.xlsx|材料1|1570,材料1|50|三角波|55|-14,3,q4-ridge-fold-3,True
附件一（训练集）.xlsx|材料1|193,材料1|25|正弦波|52|-18,1,q4-ridge-fold-1,True
附件一（训练集）.xlsx|材料3|1458,材料3|50|三角波|49|-13,3,q4-ridge-fold-3,True
附件一（训练集）.xlsx|材料4|526,材料4|70|正弦波|51|-10,4,q4-ridge-fold-4,True
附件一（训练集）.xlsx|材料1|221,材料1|25|正弦波|52|-12,3,q4-ridge-fold-3,True
附件一（训练集）.xlsx|材料4|2109,材料4|25|梯形波|47|-16,1,q4-ridge-fold-1,True
附件一（训练集）.xlsx|材料3|2081,材料3|25|梯形波|55|-21,3,q4-ridge-fold-3,True
附件一（训练集）.xlsx|材料2|1913,材料2|90|三角波|48|-10,0,q4-ridge-fold-0,True
附件一（训练集）.xlsx|材料1|3145,材料1|90|三角波|55|-13,4,q4-ridge-fold-4,True
附件一（训练集）.xlsx|材料3|3011,材料3|90|梯形波|46|-12,4,q4-ridge-fold-4,True
附件一（训练集）.xlsx|材料3|1538,材料3|70|三角波|55|-18,3,q4-ridge-fold-3,True
附件一（训练集）.xlsx|材料3|2065,材料3|25|梯形波|52|-18,3,q4-ridge-fold-3,True
附件一（训练集）.xlsx|材料3|1362,材料3|50|三角波|55|-18,4,q4-ridge-fold-4,True
附件一（训练集）.xlsx|材料3|639,材料3|50|正弦波|55|-13,0,q4-ridge-fold-0,True
附件一（训练集）.xlsx|材料1|1400,材料1|50|三角波|48|-8,4,q4-ridge-fold-4,True
附件一（训练集）.xlsx|材料2|2280,材料2|50|三角波|56|-10,1,q4-ridge-fold-1,True
附件一（训练集）.xlsx|材料3|2514,材料3|50|梯形波|49|-6,4,q4-ridge-fold-4,True
附件一（训练集）.xlsx|材料3|2702,材料3|70|梯形波|46|-6,1,q4-ridge-fold-1,True
附件一（训练集）.xlsx|材料4|718,材料4|90|正弦波|50|-16,0,q4-ridge-fold-0,True
附件一（训练集）.xlsx|材料1|1227,材料1|25|三角波|54|-13,1,q4-ridge-fold-1,True
附件一（训练集）.xlsx|材料4|298,材料4|50|正弦波|50|-10,1,q4-ridge-fold-1,True
附件一（训练集）.xlsx|材料4|1768,材料4|90|三角波|52|-13,1,q4-ridge-fold-1,True
附件一（训练集）.xlsx|材料3|519,材料3|25|正弦波|50|-18,1,q4-ridge-fold-1,True
附件一（训练集）.xlsx|材料4|218,材料4|50|正弦波|47|-14,0,q4-ridge-fold-0,True
附件一（训练集）.xlsx|材料1|3057,材料1|70|梯形波|52|-16,1,q4-ridge-fold-1,True
附件一（训练集）.xlsx|材料1|1188,材料1|25|三角波|52|-15,4,q4-ridge-fold-4,True
附件一（训练集）.xlsx|材料2|1135,材料2|25|三角波|55|-14,2,q4-ridge-fold-2,True
附件一（训练集）.xlsx|材料4|1715,材料4|90|三角波|50|-10,1,q4-ridge-fold-1,True
附件一（训练集）.xlsx|材料4|1491,材料4|70|三角波|52|-12,1,q4-ridge-fold-1,True
附件一（训练集）.xlsx|材料1|1579,材料1|50|三角波|55|-19,1,q4-ridge-fold-1,True
附件一（训练集）.xlsx|材料2|199,材料2|70|正弦波|49|-14,0,q4-ridge-fold-0,True
附件一（训练集）.xlsx|材料4|2545,材料4|70|梯形波|51|-15,1,q4-ridge-fold-1,True
附件一（训练集）.xlsx|材料3|2499,材料3|50|梯形波|46|-8,1,q4-ridge-fold-1,True
附件一（训练集）.xlsx|材料4|711,材料4|90|正弦波|50|-10,0,q4-ridge-fold-0,True
附件一（训练集）.xlsx|材料1|321,材料1|50|正弦波|48|-15,4,q4-ridge-fold-4,True
附件一（训练集）.xlsx|材料1|1312,材料1|25|三角波|47|-13,4,q4-ridge-fold-4,True
附件一（训练集）.xlsx|材料3|1751,材料3|90|三角波|51|-15,1,q4-ridge-fold-1,True
附件一（训练集）.xlsx|材料3|1078,材料3|25|三角波|49|-7,1,q4-ridge-fold-1,True
附件一（训练集）.xlsx|材料2|2344,材料2|50|梯形波|55|-14,0,q4-ridge-fold-0,True
附件一（训练集）.xlsx|材料3|3053,材料3|90|梯形波|52|-15,3,q4-ridge-fold-3,True
附件一（训练集）.xlsx|材料1|172,材料1|25|正弦波|52|-19,2,q4-ridge-fold-2,True
附件一（训练集）.xlsx|材料1|3004,材料1|70|梯形波|51|-17,4,q4-ridge-fold-4,True
附件一（训练集）.xlsx|材料2|2729,材料2|70|梯形波|54|-11,2,q4-ridge-fold-2,True
附件一（训练集）.xlsx|材料2|2309,材料2|50|梯形波|49|-6,3,q4-ridge-fold-3,True
附件一（训练集）.xlsx|材料2|1635,材料2|70|三角波|49|-7,1,q4-ridge-fold-1,True
附件一（训练集）.xlsx|材料2|2041,材料2|90|三角波|56|-17,4,q4-ridge-fold-4,True
附件一（训练集）.xlsx|材料3|1294,材料3|50|三角波|54|-16,3,q4-ridge-fold-3,True
附件一（训练集）.xlsx|材料3|1617,材料3|70|三角波|56|-17,3,q4-ridge-fold-3,True
附件一（训练集）.xlsx|材料3|1421,材料3|50|三角波|54|-10,2,q4-ridge-fold-2,True
附件一（训练集）.xlsx|材料3|1221,材料3|25|三角波|49|-6,2,q4-ridge-fold-2,True
附件一（训练集）.xlsx|材料3|1592,材料3|70|三角波|52|-11,0,q4-ridge-fold-0,True
附件一（训练集）.xlsx|材料1|2784,材料1|50|梯形波|52|-12,1,q4-ridge-fold-1,True
附件一（训练集）.xlsx|材料2|2793,材料2|90|梯形波|49|-7,1,q4-ridge-fold-1,True
附件一（训练集）.xlsx|材料2|2640,材料2|70|梯形波|54|-17,2,q4-ridge-fold-2,True
附件一（训练集）.xlsx|材料4|2621,材料4|90|三角波|52|-17,1,q4-ridge-fold-1,True
附件一（训练集）.xlsx|材料2|1276,材料2|25|三角波|49|-13,1,q4-ridge-fold-1,True
附件一（训练集）.xlsx|材料3|1968,材料3|90|三角波|50|-14,0,q4-ridge-fold-0,True
附件一（训练集）.xlsx|材料3|2951,材料3|90|梯形波|49|-6,4,q4-ridge-fold-4,True
附件一（训练集）.xlsx|材料2|64,材料2|25|正弦波|53|-20,1,q4-ridge-fold-1,True
附件一（训练集）.xlsx|材料1|1438,材料1|50|三角波|51|-11,4,q4-ridge-fold-4,True
附件一（训练集）.xlsx|材料3|1674,材料3|70|三角波|55|-17,2,q4-ridge-fold-2,True
附件一（训练集）.xlsx|材料1|1067,材料1|90|正弦波|55|-13,0,q4-ridge-fold-0,True
附件一（训练集）.xlsx|材料2|1621,材料2|70|三角波|56|-15,1,q4-ridge-fold-1,True
附件一（训练集）.xlsx|材料1|2152,材料1|90|三角波|53|-13,2,q4-ridge-fold-2,True
附件一（训练集）.xlsx|材料3|1074,材料3|25|三角波|49|-12,1,q4-ridge-fold-1,True
附件一（训练集）.xlsx|材料3|1550,材料3|70|三角波|56|-21,4,q4-ridge-fold-4,True
附件一（训练集）.xlsx|材料4|1107,材料4|25|三角波|48|-6,3,q4-ridge-fold-3,True
附件一（训练集）.xlsx|材料1|2529,材料1|25|梯形波|52|-19,0,q4-ridge-fold-0,True
附件一（训练集）.xlsx|材料3|303,材料3|90|正弦波|52|-10,2,q4-ridge-fold-2,True
附件一（训练集）.xlsx|材料2|1564,材料2|50|三角波|56|-21,4,q4-ridge-fold-4,True
附件一（训练集）.xlsx|材料3|2371,材料3|50|梯形波|52|-12,0,q4-ridge-fold-0,True
附件一（训练集）.xlsx|材料3|1095,材料3|25|三角波|52|-17,2,q4-ridge-fold-2,True
附件一（训练集）.xlsx|材料3|1575,材料3|70|三角波|50|-9,3,q4-ridge-fold-3,True
附件一（训练集）.xlsx|材料3|2906,材料3|90|三角波|55|-15,3,q4-ridge-fold-3,True
附件一（训练集）.xlsx|材料3|3148,材料3|90|梯形波|52|-17,4,q4-ridge-fold-4,True
附件一（训练集）.xlsx|材料3|1111,材料3|25|三角波|54|-11,4,q4-ridge-fold-4,True
附件一（训练集）.xlsx|材料3|3005,材料3|90|梯形波|55|-18,0,q4-ridge-fold-0,True
附件一（训练集）.xlsx|材料4|405,材料4|50|正弦波|56|-20,0,q4-ridge-fold-0,True
附件一（训练集）.xlsx|材料2|1322,材料2|25|三角波|55|-13,1,q4-ridge-fold-1,True
附件一（训练集）.xlsx|材料4|754,材料4|90|正弦波|52|-12,3,q4-ridge-fold-3,True
附件一（训练集）.xlsx|材料1|2037,材料1|90|三角波|50|-13,3,q4-ridge-fold-3,True
附件一（训练集）.xlsx|材料2|1273,材料2|25|三角波|48|-8,1,q4-ridge-fold-1,True
附件一（训练集）.xlsx|材料4|2607,材料4|90|三角波|55|-20,1,q4-ridge-fold-1,True
附件一（训练集）.xlsx|材料3|298,材料3|90|正弦波|52|-17,0,q4-ridge-fold-0,True
附件一（训练集）.xlsx|材料4|1218,材料4|50|三角波|51|-20,0,q4-ridge-fold-0,True
附件一（训练集）.xlsx|材料2|873,材料2|50|正弦波|49|-14,1,q4-ridge-fold-1,True
附件一（训练集）.xlsx|材料2|640,材料2|50|正弦波|52|-18,4,q4-ridge-fold-4,True
附件一（训练集）.xlsx|材料2|1989,材料2|90|三角波|49|-13,2,q4-ridge-fold-2,True
附件一（训练集）.xlsx|材料2|417,材料2|50|正弦波|53|-20,0,q4-ridge-fold-0,True
附件一（训练集）.xlsx|材料2|1422,材料2|50|三角波|55|-21,1,q4-ridge-fold-1,True
附件一（训练集）.xlsx|材料3|2164,材料3|25|梯形波|55|-9,0,q4-ridge-fold-0,True
附件一（训练集）.xlsx|材料2|497,材料2|70|正弦波|47|-15,0,q4-ridge-fold-0,True
附件一（训练集）.xlsx|材料3|474,材料3|70|正弦波|55|-18,4,q4-ridge-fold-4,True
附件一（训练集）.xlsx|材料1|106,材料1|25|正弦波|49|-7,1,q4-ridge-fold-1,True
附件一（训练集）.xlsx|材料3|858,材料3|25|正弦波|49|-13,0,q4-ridge-fold-0,True
附件一（训练集）.xlsx|材料3|670,材料3|70|正弦波|49|-15,2,q4-ridge-fold-2,True
附件一（训练集）.xlsx|材料3|314,材料3|90|正弦波|55|-13,1,q4-ridge-fold-1,True
附件一（训练集）.xlsx|材料2|1263,材料2|25|三角波|55|-12,4,q4-ridge-fold-4,True
附件一（训练集）.xlsx|材料2|1685,材料2|70|三角波|56|-21,2,q4-ridge-fold-2,True
附件一（训练集）.xlsx|材料2|2240,材料2|25|梯形波|52|-12,2,q4-ridge-fold-2,True
附件一（训练集）.xlsx|材料3|268,材料3|90|正弦波|49|-13,2,q4-ridge-fold-2,True
附件一（训练集）.xlsx|材料2|2677,材料2|70|梯形波|48|-13,0,q4-ridge-fold-0,True
附件一（训练集）.xlsx|材料3|1559,材料3|70|三角波|49|-13,2,q4-ridge-fold-2,True
附件一（训练集）.xlsx|材料3|2582,材料3|50|梯形波|56|-15,0,q4-ridge-fold-0,True
附件一（训练集）.xlsx|材料1|1255,材料1|25|三角波|55|-16,4,q4-ridge-fold-4,True
附件一（训练集）.xlsx|材料4|1991,材料4|25|三角波|55|-20,0,q4-ridge-fold-0,True
附件一（训练集）.xlsx|材料1|2853,材料1|50|梯形波|54|-12,4,q4-ridge-fold-4,True
附件一（训练集）.xlsx|材料2|1492,材料2|50|三角波|55|-12,2,q4-ridge-fold-2,True
附件一（训练集）.xlsx|材料1|1915,材料1|70|三角波|55|-12,1,q4-ridge-fold-1,True
附件一（训练集）.xlsx|材料4|2162,材料4|50|三角波|48|-13,3,q4-ridge-fold-3,True
附件一（训练集）.xlsx|材料2|2035,材料2|90|三角波|55|-10,0,q4-ridge-fold-0,True
附件一（训练集）.xlsx|材料1|1563,材料1|50|三角波|55|-18,3,q4-ridge-fold-3,True
附件一（训练集）.xlsx|材料3|986,材料3|25|正弦波|49|-14,2,q4-ridge-fold-2,True
附件一（训练集）.xlsx|材料2|948,材料2|25|正弦波|46|-14,0,q4-ridge-fold-0,True
附件一（训练集）.xlsx|材料1|3011,材料1|70|梯形波|51|-11,1,q4-ridge-fold-1,True
附件一（训练集）.xlsx|材料3|2072,材料3|25|梯形波|52|-9,1,q4-ridge-fold-1,True
附件一（训练集）.xlsx|材料2|833,材料2|90|正弦波|53|-15,3,q4-ridge-fold-3,True
附件一（训练集）.xlsx|材料2|2525,材料2|70|梯形波|46|-13,0,q4-ridge-fold-0,True
附件一（训练集）.xlsx|材料3|1317,材料3|50|三角波|56|-18,0,q4-ridge-fold-0,True
附件一（训练集）.xlsx|材料4|1805,材料4|90|三角波|55|-19,3,q4-ridge-fold-3,True
附件一（训练集）.xlsx|材料3|2431,材料3|50|梯形波|51|-11,1,q4-ridge-fold-1,True
附件一（训练集）.xlsx|材料4|959,材料4|25|三角波|52|-18,0,q4-ridge-fold-0,True
附件一（训练集）.xlsx|材料4|1546,材料4|70|三角波|54|-17,2,q4-ridge-fold-2,True
附件一（训练集）.xlsx|材料1|3105,材料1|70|梯形波|54|-8,2,q4-ridge-fold-2,True
附件一（训练集）.xlsx|材料3|3185,材料3|90|梯形波|56|-21,3,q4-ridge-fold-3,True
附件一（训练集）.xlsx|材料3|1315,材料3|50|三角波|56|-20,4,q4-ridge-fold-4,True
附件一（训练集）.xlsx|材料4|1327,材料4|50|三角波|56|-16,0,q4-ridge-fold-0,True
附件一（训练集）.xlsx|材料1|2723,材料1|50|梯形波|51|-14,3,q4-ridge-fold-3,True
附件一（训练集）.xlsx|材料1|1621,材料1|50|三角波|47|-13,4,q4-ridge-fold-4,True
附件一（训练集）.xlsx|材料2|132,材料2|50|正弦波|50|-15,1,q4-ridge-fold-1,True
附件一（训练集）.xlsx|材料3|89,材料3|50|正弦波|46|-16,4,q4-ridge-fold-4,True
附件一（训练集）.xlsx|材料2|1703,材料2|70|三角波|49|-14,4,q4-ridge-fold-4,True
附件一（训练集）.xlsx|材料4|631,材料4|90|正弦波|46|-14,2,q4-ridge-fold-2,True
附件一（训练集）.xlsx|材料3|2999,材料3|90|梯形波|55|-12,2,q4-ridge-fold-2,True
附件一（训练集）.xlsx|材料4|474,材料4|70|正弦波|49|-13,4,q4-ridge-fold-4,True
附件一（训练集）.xlsx|材料1|2822,材料1|50|梯形波|53|-13,1,q4-ridge-fold-1,True
附件一（训练集）.xlsx|材料3|1547,材料3|70|三角波|55|-14,4,q4-ridge-fold-4,True
附件一（训练集）.xlsx|材料3|2572,材料3|50|梯形波|55|-14,2,q4-ridge-fold-2,True
附件一（训练集）.xlsx|材料4|1043,材料4|25|三角波|55|-18,4,q4-ridge-fold-4,True
附件一（训练集）.xlsx|材料2|60,材料2|25|正弦波|52|-15,3,q4-ridge-fold-3,True
附件一（训练集）.xlsx|材料1|2225,材料1|90|三角波|55|-14,0,q4-ridge-fold-0,True
附件一（训练集）.xlsx|材料1|2772,材料1|50|梯形波|52|-6,0,q4-ridge-fold-0,True
附件一（训练集）.xlsx|材料3|861,材料3|50|正弦波|52|-12,1,q4-ridge-fold-1,True
附件一（训练集）.xlsx|材料2|2350,材料2|50|梯形波|55|-16,3,q4-ridge-fold-3,True
附件一（训练集）.xlsx|材料1|2760,材料1|50|梯形波|52|-14,4,q4-ridge-fold-4,True
附件一（训练集）.xlsx|材料3|2636,材料3|70|梯形波|48|-6,3,q4-ridge-fold-3,True
附件一（训练集）.xlsx|材料3|2672,材料3|70|梯形波|54|-16,1,q4-ridge-fold-1,True
附件一（训练集）.xlsx|材料4|901,材料4|25|三角波|48|-16,0,q4-ridge-fold-0,True
附件一（训练集）.xlsx|材料4|1009,材料4|25|三角波|53|-15,2,q4-ridge-fold-2,True
附件一（训练集）.xlsx|材料4|451,材料4|70|正弦波|48|-11,0,q4-ridge-fold-0,True
附件一（训练集）.xlsx|材料1|1664,材料1|50|三角波|49|-7,2,q4-ridge-fold-2,True
附件一（训练集）.xlsx|材料1|1396,材料1|50|三角波|48|-12,0,q4-ridge-fold-0,True
附件一（训练集）.xlsx|材料2|1575,材料2|70|三角波|50|-16,1,q4-ridge-fold-1,True
附件一（训练集）.xlsx|材料1|3238,材料1|90|梯形波|50|-14,1,q4-ridge-fold-1,True
附件一（训练集）.xlsx|材料2|801,材料2|90|正弦波|50|-18,2,q4-ridge-fold-2,True
附件一（训练集）.xlsx|材料2|1981,材料2|90|三角波|56|-13,2,q4-ridge-fold-2,True
附件一（训练集）.xlsx|材料1|3371,材料1|90|梯形波|54|-9,2,q4-ridge-fold-2,True
附件一（训练集）.xlsx|材料3|969,材料3|25|正弦波|47|-14,4,q4-ridge-fold-4,True
附件一（训练集）.xlsx|材料1|643,材料1|70|正弦波|50|-11,1,q4-ridge-fold-1,True
附件一（训练集）.xlsx|材料1|322,材料1|50|正弦波|48|-13,4,q4-ridge-fold-4,True
附件一（训练集）.xlsx|材料1|145,材料1|25|正弦波|50|-18,2,q4-ridge-fold-2,True
附件一（训练集）.xlsx|材料2|398,材料2|25|正弦波|46|-15,0,q4-ridge-fold-0,True
附件一（训练集）.xlsx|材料1|519,材料1|50|正弦波|54|-19,3,q4-ridge-fold-3,True
附件一（训练集）.xlsx|材料1|2931,材料1|70|梯形波|48|-15,2,q4-ridge-fold-2,True
附件一（训练集）.xlsx|材料1|239,材料1|25|正弦波|53|-10,3,q4-ridge-fold-3,True
附件一（训练集）.xlsx|材料1|332,材料1|50|正弦波|49|-16,2,q4-ridge-fold-2,True
附件一（训练集）.xlsx|材料1|2716,材料1|50|梯形波|50|-7,2,q4-ridge-fold-2,True
附件一（训练集）.xlsx|材料1|1772,材料1|70|三角波|52|-12,4,q4-ridge-fold-4,True
附件一（训练集）.xlsx|材料1|70,材料1|25|正弦波|49|-16,4,q4-ridge-fold-4,True
附件一（训练集）.xlsx|材料2|500,材料2|70|正弦波|47|-10,2,q4-ridge-fold-2,True
附件一（训练集）.xlsx|材料1|1148,材料1|25|三角波|52|-15,4,q4-ridge-fold-4,True
附件一（训练集）.xlsx|材料3|1288,材料3|50|三角波|52|-15,1,q4-ridge-fold-1,True
附件一（训练集）.xlsx|材料3|1270,材料3|25|三角波|56|-16,1,q4-ridge-fold-1,True
附件一（训练集）.xlsx|材料3|2325,材料3|50|梯形波|46|-10,4,q4-ridge-fold-4,True
附件一（训练集）.xlsx|材料3|2979,材料3|90|梯形波|52|-12,4,q4-ridge-fold-4,True
附件一（训练集）.xlsx|材料2|2933,材料2|90|梯形波|49|-6,4,q4-ridge-fold-4,True
附件一（训练集）.xlsx|材料4|1639,材料4|70|三角波|49|-10,1,q4-ridge-fold-1,True
附件一（训练集）.xlsx|材料1|2013,材料1|90|三角波|47|-10,3,q4-ridge-fold-3,True
附件一（训练集）.xlsx|材料2|2750,材料2|70|梯形波|56|-11,2,q4-ridge-fold-2,True
附件一（训练集）.xlsx|材料3|128,材料3|50|正弦波|50|-14,0,q4-ridge-fold-0,True
附件一（训练集）.xlsx|材料4|1062,材料4|25|三角波|55|-19,3,q4-ridge-fold-3,True
附件一（训练集）.xlsx|材料3|716,材料3|70|正弦波|55|-19,1,q4-ridge-fold-1,True
附件一（训练集）.xlsx|材料4|2398,材料4|70|三角波|55|-19,2,q4-ridge-fold-2,True
附件一（训练集）.xlsx|材料1|975,材料1|90|正弦波|52|-8,1,q4-ridge-fold-1,True
附件一（训练集）.xlsx|材料1|1978,材料1|70|三角波|49|-11,4,q4-ridge-fold-4,True
附件一（训练集）.xlsx|材料1|1955,材料1|70|三角波|48|-13,3,q4-ridge-fold-3,True
附件一（训练集）.xlsx|材料1|2354,材料1|25|三角波|55|-7,3,q4-ridge-fold-3,True
附件一（训练集）.xlsx|材料2|80,材料2|25|正弦波|55|-14,3,q4-ridge-fold-3,True
附件一（训练集）.xlsx|材料1|3174,材料1|90|梯形波|46|-9,3,q4-ridge-fold-3,True
附件一（训练集）.xlsx|材料1|991,材料1|90|正弦波|52|-10,3,q4-ridge-fold-3,True
附件一（训练集）.xlsx|材料3|2150,材料3|25|梯形波|52|-7,4,q4-ridge-fold-4,True
附件一（训练集）.xlsx|材料3|760,材料3|90|正弦波|50|-13,3,q4-ridge-fold-3,True
附件一（训练集）.xlsx|材料2|2580,材料2|70|梯形波|55|-18,3,q4-ridge-fold-3,True
附件一（训练集）.xlsx|材料3|2408,材料3|50|梯形波|48|-9,1,q4-ridge-fold-1,True
附件一（训练集）.xlsx|材料2|2357,材料2|50|梯形波|46|-9,4,q4-ridge-fold-4,True
附件一（训练集）.xlsx|材料1|268,材料1|25|正弦波|54|-14,2,q4-ridge-fold-2,True
附件一（训练集）.xlsx|材料4|2560,材料4|70|梯形波|51|-13,1,q4-ridge-fold-1,True
附件一（训练集）.xlsx|材料1|3322,材料1|90|梯形波|52|-18,1,q4-ridge-fold-1,True
附件一（训练集）.xlsx|材料1|911,材料1|90|正弦波|50|-15,1,q4-ridge-fold-1,True
附件一（训练集）.xlsx|材料3|2794,材料3|70|梯形波|46|-10,3,q4-ridge-fold-3,True
附件一（训练集）.xlsx|材料2|1562,材料2|50|三角波|55|-9,1,q4-ridge-fold-1,True
附件一（训练集）.xlsx|材料3|1040,材料3|25|三角波|54|-15,2,q4-ridge-fold-2,True
附件一（训练集）.xlsx|材料1|408,材料1|50|正弦波|50|-15,0,q4-ridge-fold-0,True
附件一（训练集）.xlsx|材料3|202,材料3|70|正弦波|50|-17,0,q4-ridge-fold-0,True
附件一（训练集）.xlsx|材料2|648,材料2|50|正弦波|52|-19,3,q4-ridge-fold-3,True
附件一（训练集）.xlsx|材料2|1265,材料2|25|三角波|55|-10,2,q4-ridge-fold-2,True
附件一（训练集）.xlsx|材料4|2690,材料4|90|梯形波|48|-6,4,q4-ridge-fold-4,True
附件一（训练集）.xlsx|材料3|12,材料3|25|正弦波|47|-15,3,q4-ridge-fold-3,True
附件一（训练集）.xlsx|材料4|335,材料4|50|正弦波|52|-11,2,q4-ridge-fold-2,True
附件一（训练集）.xlsx|材料2|2930,材料2|90|梯形波|49|-10,2,q4-ridge-fold-2,True
附件一（训练集）.xlsx|材料3|2233,材料3|25|梯形波|52|-8,1,q4-ridge-fold-1,True
附件一（训练集）.xlsx|材料2|1682,材料2|70|三角波|55|-13,3,q4-ridge-fold-3,True
附件一（训练集）.xlsx|材料4|1458,材料4|70|三角波|50|-13,2,q4-ridge-fold-2,True
附件一（训练集）.xlsx|材料1|2711,材料1|50|梯形波|50|-11,2,q4-ridge-fold-2,True
附件一（训练集）.xlsx|材料1|3095,材料1|70|梯形波|54|-15,3,q4-ridge-fold-3,True
附件一（训练集）.xlsx|材料1|1429,材料1|50|三角波|51|-17,2,q4-ridge-fold-2,True
附件一（训练集）.xlsx|材料4|518,材料4|70|正弦波|51|-18,2,q4-ridge-fold-2,True
附件一（训练集）.xlsx|材料4|1341,材料4|50|三角波|48|-15,2,q4-ridge-fold-2,True
附件一（训练集）.xlsx|材料4|115,材料4|25|正弦波|52|-13,0,q4-ridge-fold-0,True
附件一（训练集）.xlsx|材料2|20,材料2|25|正弦波|49|-12,1,q4-ridge-fold-1,True
附件一（训练集）.xlsx|材料4|2595,材料4|90|三角波|55|-9,1,q4-ridge-fold-1,True
附件一（训练集）.xlsx|材料1|2589,材料1|25|梯形波|54|-16,4,q4-ridge-fold-4,True
附件一（训练集）.xlsx|材料3|526,材料3|25|正弦波|52|-19,4,q4-ridge-fold-4,True
附件一（训练集）.xlsx|材料3|1103,材料3|25|三角波|54|-20,0,q4-ridge-fold-0,True
附件一（训练集）.xlsx|材料4|1514,材料4|70|三角波|52|-15,2,q4-ridge-fold-2,True
附件一（训练集）.xlsx|材料4|1606,材料4|70|三角波|48|-11,0,q4-ridge-fold-0,True
附件一（训练集）.xlsx|材料3|2912,材料3|90|三角波|56|-10,0,q4-ridge-fold-0,True
附件一（训练集）.xlsx|材料4|330,材料4|50|正弦波|52|-16,4,q4-ridge-fold-4,True
附件一（训练集）.xlsx|材料4|2656,材料4|90|梯形波|47|-11,3,q4-ridge-fold-3,True
附件一（训练集）.xlsx|材料3|2772,材料3|70|梯形波|55|-9,2,q4-ridge-fold-2,True
附件一（训练集）.xlsx|材料2|52,材料2|25|正弦波|52|-10,3,q4-ridge-fold-3,True
附件一（训练集）.xlsx|材料2|732,材料2|70|正弦波|52|-10,1,q4-ridge-fold-1,True
附件一（训练集）.xlsx|材料4|751,材料4|90|正弦波|52|-15,3,q4-ridge-fold-3,True
附件一（训练集）.xlsx|材料3|352,材料3|25|正弦波|52|-19,4,q4-ridge-fold-4,True
附件一（训练集）.xlsx|材料1|1943,材料1|70|三角波|48|-13,3,q4-ridge-fold-3,True
附件一（训练集）.xlsx|材料4|648,材料4|90|正弦波|47|-17,0,q4-ridge-fold-0,True
附件一（训练集）.xlsx|材料2|200,材料2|70|正弦波|49|-13,0,q4-ridge-fold-0,True
附件一（训练集）.xlsx|材料4|1435,材料4|70|三角波|48|-9,0,q4-ridge-fold-0,True
附件一（训练集）.xlsx|材料3|267,材料3|90|正弦波|49|-14,4,q4-ridge-fold-4,True
附件一（训练集）.xlsx|材料3|966,材料3|25|正弦波|46|-8,0,q4-ridge-fold-0,True
附件一（训练集）.xlsx|材料2|1847,材料2|90|三角波|56|-19,2,q4-ridge-fold-2,True
附件一（训练集）.xlsx|材料4|646,材料4|90|正弦波|47|-9,2,q4-ridge-fold-2,True
附件一（训练集）.xlsx|材料2|1171,材料2|25|三角波|50|-6,0,q4-ridge-fold-0,True
附件一（训练集）.xlsx|材料2|1186,材料2|25|三角波|52|-9,2,q4-ridge-fold-2,True
附件一（训练集）.xlsx|材料1|725,材料1|70|正弦波|52|-16,3,q4-ridge-fold-3,True
附件一（训练集）.xlsx|材料2|2457,材料2|50|梯形波|52|-16,3,q4-ridge-fold-3,True
附件一（训练集）.xlsx|材料2|2456,材料2|50|梯形波|52|-17,0,q4-ridge-fold-0,True
附件一（训练集）.xlsx|材料4|1587,材料4|70|三角波|47|-14,3,q4-ridge-fold-3,True
附件一（训练集）.xlsx|材料1|741,材料1|70|正弦波|53|-18,1,q4-ridge-fold-1,True
附件一（训练集）.xlsx|材料1|751,材料1|70|正弦波|53|-12,2,q4-ridge-fold-2,True
附件一（训练集）.xlsx|材料3|1134,材料3|25|三角波|56|-16,1,q4-ridge-fold-1,True
附件一（训练集）.xlsx|材料3|2475,材料3|50|梯形波|55|-12,0,q4-ridge-fold-0,True
附件一（训练集）.xlsx|材料2|598,材料2|50|正弦波|46|-14,2,q4-ridge-fold-2,True
附件一（训练集）.xlsx|材料4|155,材料4|25|正弦波|54|-19,2,q4-ridge-fold-2,True
附件一（训练集）.xlsx|材料1|1424,材料1|50|三角波|51|-19,2,q4-ridge-fold-2,True
附件一（训练集）.xlsx|材料1|1882,材料1|70|三角波|55|-15,0,q4-ridge-fold-0,True
附件一（训练集）.xlsx|材料2|1889,材料2|90|三角波|54|-9,1,q4-ridge-fold-1,True
附件一（训练集）.xlsx|材料3|1739,材料3|70|三角波|56|-20,2,q4-ridge-fold-2,True
附件一（训练集）.xlsx|材料3|971,材料3|25|正弦波|47|-12,4,q4-ridge-fold-4,True
附件一（训练集）.xlsx|材料3|1474,材料3|50|三角波|52|-15,1,q4-ridge-fold-1,True
附件一（训练集）.xlsx|材料3|533,材料3|25|正弦波|52|-11,2,q4-ridge-fold-2,True
附件一（训练集）.xlsx|材料1|731,材料1|70|正弦波|52|-12,3,q4-ridge-fold-3,True
附件一（训练集）.xlsx|材料3|931,材料3|25|正弦波|47|-15,3,q4-ridge-fold-3,True
附件一（训练集）.xlsx|材料3|976,材料3|25|正弦波|49|-16,0,q4-ridge-fold-0,True
附件一（训练集）.xlsx|材料3|1198,材料3|25|三角波|55|-16,1,q4-ridge-fold-1,True
附件一（训练集）.xlsx|材料2|2832,材料2|90|梯形波|55|-14,2,q4-ridge-fold-2,True
附件一（训练集）.xlsx|材料1|816,材料1|90|正弦波|47|-12,2,q4-ridge-fold-2,True
附件一（训练集）.xlsx|材料3|772,材料3|90|正弦波|52|-19,4,q4-ridge-fold-4,True
附件一（训练集）.xlsx|材料1|883,材料1|90|正弦波|49|-10,0,q4-ridge-fold-0,True
附件一（训练集）.xlsx|材料3|1157,材料3|25|三角波|49|-6,2,q4-ridge-fold-2,True
附件一（训练集）.xlsx|材料1|120,材料1|25|正弦波|49|-9,1,q4-ridge-fold-1,True
附件一（训练集）.xlsx|材料3|2806,材料3|70|梯形波|49|-14,3,q4-ridge-fold-3,True
附件一（训练集）.xlsx|材料1|479,材料1|50|正弦波|52|-15,0,q4-ridge-fold-0,True
附件一（训练集）.xlsx|材料2|2283,材料2|50|三角波|55|-16,0,q4-ridge-fold-0,True
附件一（训练集）.xlsx|材料4|2214,材料4|50|三角波|55|-11,0,q4-ridge-fold-0,True
附件一（训练集）.xlsx|材料3|3114,材料3|90|梯形波|48|-11,1,q4-ridge-fold-1,True
附件一（训练集）.xlsx|材料3|1778,材料3|90|三角波|54|-12,4,q4-ridge-fold-4,True
附件一（训练集）.xlsx|材料3|3172,材料3|90|梯形波|55|-11,0,q4-ridge-fold-0,True
附件一（训练集）.xlsx|材料4|277,材料4|50|正弦波|50|-16,4,q4-ridge-fold-4,True
附件一（训练集）.xlsx|材料3|1757,材料3|90|三角波|52|-14,2,q4-ridge-fold-2,True
附件一（训练集）.xlsx|材料3|25,材料3|25|正弦波|49|-8,4,q4-ridge-fold-4,True
附件一（训练集）.xlsx|材料2|2606,材料2|70|梯形波|48|-6,1,q4-ridge-fold-1,True
附件一（训练集）.xlsx|材料2|1688,材料2|70|三角波|56|-16,1,q4-ridge-fold-1,True
附件一（训练集）.xlsx|材料1|2039,材料1|90|三角波|50|-19,1,q4-ridge-fold-1,True
附件一（训练集）.xlsx|材料4|2556,材料4|70|梯形波|51|-16,3,q4-ridge-fold-3,True
附件一（训练集）.xlsx|材料4|1924,材料4|90|三角波|50|-13,4,q4-ridge-fold-4,True
附件一（训练集）.xlsx|材料4|1544,材料4|70|三角波|54|-19,2,q4-ridge-fold-2,True
附件一（训练集）.xlsx|材料4|584,材料4|70|正弦波|53|-13,4,q4-ridge-fold-4,True
附件一（训练集）.xlsx|材料3|593,材料3|50|正弦波|49|-7,4,q4-ridge-fold-4,True
附件一（训练集）.xlsx|材料4|2242,材料4|50|三角波|55|-13,0,q4-ridge-fold-0,True
附件一（训练集）.xlsx|材料1|2001,材料1|70|三角波|50|-15,4,q4-ridge-fold-4,True
附件一（训练集）.xlsx|材料2|2567,材料2|70|梯形波|52|-14,2,q4-ridge-fold-2,True
附件一（训练集）.xlsx|材料3|3027,材料3|90|梯形波|49|-10,4,q4-ridge-fold-4,True
附件一（训练集）.xlsx|材料4|1027,材料4|25|三角波|54|-20,3,q4-ridge-fold-3,True
附件一（训练集）.xlsx|材料2|392,材料2|25|正弦波|49|-14,0,q4-ridge-fold-0,True
附件一（训练集）.xlsx|材料4|1689,材料4|90|三角波|48|-15,1,q4-ridge-fold-1,True
附件一（训练集）.xlsx|材料3|136,材料3|50|正弦波|52|-14,2,q4-ridge-fold-2,True
附件一（训练集）.xlsx|材料4|2606,材料4|90|三角波|55|-10,0,q4-ridge-fold-0,True
附件一（训练集）.xlsx|材料4|1962,材料4|25|三角波|52|-17,0,q4-ridge-fold-0,True
附件一（训练集）.xlsx|材料1|3326,材料1|90|梯形波|52|-14,3,q4-ridge-fold-3,True
附件一（训练集）.xlsx|材料1|2468,材料1|25|梯形波|51|-11,4,q4-ridge-fold-4,True
附件一（训练集）.xlsx|材料2|2992,材料2|90|梯形波|56|-12,3,q4-ridge-fold-3,True
附件一（训练集）.xlsx|材料2|2174,材料2|25|梯形波|55|-19,3,q4-ridge-fold-3,True
附件一（训练集）.xlsx|材料1|2703,材料1|50|梯形波|50|-16,2,q4-ridge-fold-2,True
附件一（训练集）.xlsx|材料4|2005,材料4|25|三角波|55|-12,0,q4-ridge-fold-0,True
附件一（训练集）.xlsx|材料4|894,材料4|25|三角波|47|-8,3,q4-ridge-fold-3,True
附件一（训练集）.xlsx|材料3|2860,材料3|70|梯形波|55|-18,4,q4-ridge-fold-4,True
附件一（训练集）.xlsx|材料3|2723,材料3|70|梯形波|49|-8,0,q4-ridge-fold-0,True
附件一（训练集）.xlsx|材料2|137,材料2|50|正弦波|50|-9,4,q4-ridge-fold-4,True
附件一（训练集）.xlsx|材料3|290,材料3|90|正弦波|52|-19,4,q4-ridge-fold-4,True
附件一（训练集）.xlsx|材料4|723,材料4|90|正弦波|50|-12,3,q4-ridge-fold-3,True
附件一（训练集）.xlsx|材料2|1855,材料2|90|三角波|49|-11,1,q4-ridge-fold-1,True
附件一（训练集）.xlsx|材料3|54,材料3|25|正弦波|52|-18,3,q4-ridge-fold-3,True
附件一（训练集）.xlsx|材料4|244,材料4|50|正弦波|49|-11,4,q4-ridge-fold-4,True
附件一（训练集）.xlsx|材料4|1192,材料4|50|三角波|48|-17,3,q4-ridge-fold-3,True
附件一（训练集）.xlsx|材料3|994,材料3|25|正弦波|50|-18,1,q4-ridge-fold-1,True
附件一（训练集）.xlsx|材料3|2896,材料3|70|梯形波|47|-11,2,q4-ridge-fold-2,True
附件一（训练集）.xlsx|材料3|2163,材料3|25|梯形波|55|-12,0,q4-ridge-fold-0,True
附件一（训练集）.xlsx|材料3|1683,材料3|70|三角波|56|-15,4,q4-ridge-fold-4,True
附件一（训练集）.xlsx|材料1|1649,材料1|50|三角波|48|-14,2,q4-ridge-fold-2,True
附件一（训练集）.xlsx|材料1|2664,材料1|50|梯形波|48|-8,1,q4-ridge-fold-1,True
附件一（训练集）.xlsx|材料1|1012,材料1|90|正弦波|53|-19,2,q4-ridge-fold-2,True
附件一（训练集）.xlsx|材料1|1798,材料1|70|三角波|52|-10,4,q4-ridge-fold-4,True
附件一（训练集）.xlsx|材料2|2901,材料2|90|梯形波|55|-9,4,q4-ridge-fold-4,True
附件一（训练集）.xlsx|材料3|828,材料3|90|正弦波|53|-13,0,q4-ridge-fold-0,True
附件一（训练集）.xlsx|材料1|27,材料1|25|正弦波|47|-8,4,q4-ridge-fold-4,True
附件一（训练集）.xlsx|材料4|2712,材料4|90|梯形波|49|-10,4,q4-ridge-fold-4,True
附件一（训练集）.xlsx|材料2|1817,材料2|90|三角波|52|-12,2,q4-ridge-fold-2,True
附件一（训练集）.xlsx|材料4|2759,材料4|90|梯形波|51|-10,3,q4-ridge-fold-3,True
附件一（训练集）.xlsx|材料4|110,材料4|25|正弦波|52|-18,0,q4-ridge-fold-0,True
附件一（训练集）.xlsx|材料4|1562,材料4|70|三角波|55|-14,4,q4-ridge-fold-4,True
附件一（训练集）.xlsx|材料3|2366,材料3|50|梯形波|52|-19,0,q4-ridge-fold-0,True
附件一（训练集）.xlsx|材料3|1920,材料3|90|三角波|54|-18,2,q4-ridge-fold-2,True
附件一（训练集）.xlsx|材料2|1903,材料2|90|三角波|56|-21,3,q4-ridge-fold-3,True
附件一（训练集）.xlsx|材料1|553,材料1|70|正弦波|47|-10,0,q4-ridge-fold-0,True
附件一（训练集）.xlsx|材料2|2678,材料2|70|梯形波|48|-12,3,q4-ridge-fold-3,True
附件一（训练集）.xlsx|材料1|874,材料1|90|正弦波|49|-15,1,q4-ridge-fold-1,True
附件一（训练集）.xlsx|材料2|2659,材料2|70|梯形波|55|-12,4,q4-ridge-fold-4,True
附件一（训练集）.xlsx|材料3|246,材料3|90|正弦波|46|-16,3,q4-ridge-fold-3,True
附件一（训练集）.xlsx|材料2|1768,材料2|70|三角波|49|-13,1,q4-ridge-fold-1,True
附件一（训练集）.xlsx|材料2|2790,材料2|90|梯形波|49|-14,4,q4-ridge-fold-4,True
附件一（训练集）.xlsx|材料1|1617,材料1|50|三角波|56|-14,0,q4-ridge-fold-0,True
附件一（训练集）.xlsx|材料2|494,材料2|25|正弦波|53|-13,0,q4-ridge-fold-0,True
附件一（训练集）.xlsx|材料3|2952,材料3|90|梯形波|51|-16,2,q4-ridge-fold-2,True
附件一（训练集）.xlsx|材料2|321,材料2|90|正弦波|52|-9,2,q4-ridge-fold-2,True
附件一（训练集）.xlsx|材料1|2498,材料1|25|梯形波|52|-15,3,q4-ridge-fold-3,True
附件一（训练集）.xlsx|材料4|1648,材料4|70|三角波|49|-16,4,q4-ridge-fold-4,True
附件一（训练集）.xlsx|材料2|2802,材料2|90|梯形波|52|-19,1,q4-ridge-fold-1,True
附件一（训练集）.xlsx|材料3|690,材料3|70|正弦波|50|-13,2,q4-ridge-fold-2,True
附件一（训练集）.xlsx|材料2|1888,材料2|90|三角波|54|-11,1,q4-ridge-fold-1,True
附件一（训练集）.xlsx|材料3|2802,材料3|70|梯形波|48|-9,1,q4-ridge-fold-1,True
附件一（训练集）.xlsx|材料1|2489,材料1|25|梯形波|51|-9,2,q4-ridge-fold-2,True
附件一（训练集）.xlsx|材料2|396,材料2|50|正弦波|47|-7,1,q4-ridge-fold-1,True
附件一（训练集）.xlsx|材料3|2972,材料3|90|梯形波|52|-19,1,q4-ridge-fold-1,True
附件一（训练集）.xlsx|材料2|1029,材料2|25|正弦波|49|-15,1,q4-ridge-fold-1,True
附件一（训练集）.xlsx|材料1|2562,材料1|25|梯形波|54|-20,0,q4-ridge-fold-0,True
附件一（训练集）.xlsx|材料4|2774,材料4|90|梯形波|52|-12,3,q4-ridge-fold-3,True
附件一（训练集）.xlsx|材料1|889,材料1|90|正弦波|49|-6,4,q4-ridge-fold-4,True
附件一（训练集）.xlsx|材料4|1449,材料4|70|三角波|50|-18,3,q4-ridge-fold-3,True
附件一（训练集）.xlsx|材料4|2097,材料4|25|三角波|55|-11,0,q4-ridge-fold-0,True
附件一（训练集）.xlsx|材料2|622,材料2|50|正弦波|49|-17,1,q4-ridge-fold-1,True
附件一（训练集）.xlsx|材料3|841,材料3|25|正弦波|53|-19,0,q4-ridge-fold-0,True
附件一（训练集）.xlsx|材料4|2036,材料4|25|三角波|49|-14,2,q4-ridge-fold-2,True
附件一（训练集）.xlsx|材料1|1817,材料1|70|三角波|52|-10,4,q4-ridge-fold-4,True
附件一（训练集）.xlsx|材料2|315,材料2|90|正弦波|52|-15,1,q4-ridge-fold-1,True
附件一（训练集）.xlsx|材料2|390,材料2|25|正弦波|49|-10,0,q4-ridge-fold-0,True
附件一（训练集）.xlsx|材料1|1274,材料1|25|三角波|55|-16,4,q4-ridge-fold-4,True
附件一（训练集）.xlsx|材料2|2634,材料2|70|梯形波|52|-18,0,q4-ridge-fold-0,True
附件一（训练集）.xlsx|材料2|1407,材料2|50|三角波|52|-17,0,q4-ridge-fold-0,True
附件一（训练集）.xlsx|材料1|26,材料1|25|正弦波|47|-9,4,q4-ridge-fold-4,True
附件一（训练集）.xlsx|材料2|1840,材料2|90|三角波|55|-17,3,q4-ridge-fold-3,True
附件一（训练集）.xlsx|材料1|927,材料1|90|正弦波|50|-17,2,q4-ridge-fold-2,True
附件一（训练集）.xlsx|材料4|69,材料4|25|正弦波|49|-12,3,q4-ridge-fold-3,True
附件一（训练集）.xlsx|材料1|2178,材料1|90|三角波|54|-17,2,q4-ridge-fold-2,True
附件一（训练集）.xlsx|材料2|2916,材料2|90|梯形波|56|-12,3,q4-ridge-fold-3,True
附件一（训练集）.xlsx|材料2|2550,材料2|70|梯形波|51|-8,3,q4-ridge-fold-3,True
附件一（训练集）.xlsx|材料1|841,材料1|90|正弦波|48|-15,3,q4-ridge-fold-3,True
附件一（训练集）.xlsx|材料1|1393,材料1|50|三角波|48|-14,2,q4-ridge-fold-2,True
附件一（训练集）.xlsx|材料1|1568,材料1|50|三角波|55|-15,1,q4-ridge-fold-1,True
附件一（训练集）.xlsx|材料1|3035,材料1|70|梯形波|52|-17,2,q4-ridge-fold-2,True
附件一（训练集）.xlsx|材料1|2928,材料1|70|梯形波|48|-7,0,q4-ridge-fold-0,True
附件一（训练集）.xlsx|材料3|1686,材料3|70|三角波|56|-11,4,q4-ridge-fold-4,True
附件一（训练集）.xlsx|材料4|2004,材料4|25|三角波|55|-13,3,q4-ridge-fold-3,True
附件一（训练集）.xlsx|材料3|2421,材料3|50|梯形波|49|-14,4,q4-ridge-fold-4,True
附件一（训练集）.xlsx|材料4|2585,材料4|90|三角波|50|-16,2,q4-ridge-fold-2,True
附件一（训练集）.xlsx|材料1|333,材料1|50|正弦波|49|-15,3,q4-ridge-fold-3,True
附件一（训练集）.xlsx|材料1|591,材料1|70|正弦波|48|-7,1,q4-ridge-fold-1,True
附件一（训练集）.xlsx|材料3|3178,材料3|90|梯形波|55|-17,1,q4-ridge-fold-1,True
附件一（训练集）.xlsx|材料1|505,材料1|50|正弦波|53|-18,1,q4-ridge-fold-1,True
附件一（训练集）.xlsx|材料1|2622,材料1|50|三角波|55|-18,3,q4-ridge-fold-3,True
附件一（训练集）.xlsx|材料2|1079,材料2|25|正弦波|53|-16,4,q4-ridge-fold-4,True
附件一（训练集）.xlsx|材料1|242,材料1|25|正弦波|53|-20,1,q4-ridge-fold-1,True
附件一（训练集）.xlsx|材料4|1051,材料4|25|三角波|55|-20,0,q4-ridge-fold-0,True
附件一（训练集）.xlsx|材料1|2857,材料1|50|梯形波|54|-10,4,q4-ridge-fold-4,True
附件一（训练集）.xlsx|材料4|1026,材料4|25|三角波|54|-13,0,q4-ridge-fold-0,True
附件一（训练集）.xlsx|材料3|2895,材料3|70|梯形波|47|-12,0,q4-ridge-fold-0,True
附件一（训练集）.xlsx|材料4|2787,材料4|90|梯形波|52|-12,3,q4-ridge-fold-3,True
附件一（训练集）.xlsx|材料1|1545,材料1|50|三角波|54|-18,3,q4-ridge-fold-3,True
附件一（训练集）.xlsx|材料4|652,材料4|90|正弦波|47|-11,4,q4-ridge-fold-4,True
附件一（训练集）.xlsx|材料3|811,材料3|50|正弦波|53|-13,2,q4-ridge-fold-2,True
附件一（训练集）.xlsx|材料1|1733,材料1|70|三角波|51|-13,3,q4-ridge-fold-3,True
附件一（训练集）.xlsx|材料2|1929,材料2|90|三角波|49|-8,0,q4-ridge-fold-0,True
附件一（训练集）.xlsx|材料2|1451,材料2|50|三角波|49|-7,4,q4-ridge-fold-4,True
附件一（训练集）.xlsx|材料2|1951,材料2|90|三角波|52|-8,1,q4-ridge-fold-1,True
附件一（训练集）.xlsx|材料2|847,材料2|90|正弦波|55|-14,1,q4-ridge-fold-1,True
附件一（训练集）.xlsx|材料2|2843,材料2|90|梯形波|46|-11,4,q4-ridge-fold-4,True
附件一（训练集）.xlsx|材料1|2295,材料1|90|三角波|49|-7,2,q4-ridge-fold-2,True
附件一（训练集）.xlsx|材料2|2779,材料2|90|梯形波|46|-6,1,q4-ridge-fold-1,True
附件一（训练集）.xlsx|材料3|2933,材料3|90|梯形波|48|-15,3,q4-ridge-fold-3,True
附件一（训练集）.xlsx|材料1|2748,材料1|50|梯形波|51|-8,4,q4-ridge-fold-4,True
附件一（训练集）.xlsx|材料2|1403,材料2|50|三角波|52|-18,4,q4-ridge-fold-4,True
附件一（训练集）.xlsx|材料1|253,材料1|25|正弦波|53|-13,2,q4-ridge-fold-2,True
附件一（训练集）.xlsx|材料4|1402,材料4|50|三角波|50|-18,1,q4-ridge-fold-1,True
附件一（训练集）.xlsx|材料4|855,材料4|50|正弦波|51|-12,0,q4-ridge-fold-0,True
附件一（训练集）.xlsx|材料4|1168,材料4|50|三角波|47|-13,2,q4-ridge-fold-2,True
附件一（训练集）.xlsx|材料3|2809,材料3|70|梯形波|49|-8,0,q4-ridge-fold-0,True
附件一（训练集）.xlsx|材料2|2254,材料2|25|梯形波|55|-10,3,q4-ridge-fold-3,True
附件一（训练集）.xlsx|材料1|1346,材料1|25|三角波|49|-10,3,q4-ridge-fold-3,True
附件一（训练集）.xlsx|材料2|2839,材料2|90|梯形波|55|-15,4,q4-ridge-fold-4,True
附件一（训练集）.xlsx|材料2|2038,材料2|90|三角波|56|-21,3,q4-ridge-fold-3,True
附件一（训练集）.xlsx|材料1|1403,材料1|50|三角波|48|-7,2,q4-ridge-fold-2,True
附件一（训练集）.xlsx|材料4|2341,材料4|50|梯形波|50|-14,3,q4-ridge-fold-3,True
附件一（训练集）.xlsx|材料1|2741,材料1|50|梯形波|51|-13,1,q4-ridge-fold-1,True
附件一（训练集）.xlsx|材料4|2344,材料4|50|梯形波|50|-11,1,q4-ridge-fold-1,True
附件一（训练集）.xlsx|材料1|1144,材料1|25|三角波|52|-17,2,q4-ridge-fold-2,True
附件一（训练集）.xlsx|材料1|769,材料1|70|正弦波|53|-12,2,q4-ridge-fold-2,True
附件一（训练集）.xlsx|材料3|2958,材料3|90|梯形波|51|-8,2,q4-ridge-fold-2,True
附件一（训练集）.xlsx|材料2|1246,材料2|25|三角波|54|-13,2,q4-ridge-fold-2,True
附件一（训练集）.xlsx|材料4|1019,材料4|25|三角波|54|-17,1,q4-ridge-fold-1,True
附件一（训练集）.xlsx|材料1|2376,材料1|25|梯形波|46|-11,1,q4-ridge-fold-1,True
附件一（训练集）.xlsx|材料4|332,材料4|50|正弦波|52|-14,3,q4-ridge-fold-3,True
附件一（训练集）.xlsx|材料2|1637,材料2|70|三角波|50|-16,1,q4-ridge-fold-1,True
附件一（训练集）.xlsx|材料3|3105,材料3|90|梯形波|56|-12,1,q4-ridge-fold-1,True
附件一（训练集）.xlsx|材料2|1081,材料2|25|正弦波|53|-13,0,q4-ridge-fold-0,True
附件一（训练集）.xlsx|材料3|1779,材料3|90|三角波|55|-21,4,q4-ridge-fold-4,True
附件一（训练集）.xlsx|材料1|182,材料1|25|正弦波|52|-13,4,q4-ridge-fold-4,True
附件一（训练集）.xlsx|材料4|247,材料4|50|正弦波|49|-19,2,q4-ridge-fold-2,True
附件一（训练集）.xlsx|材料2|2103,材料2|25|梯形波|54|-16,2,q4-ridge-fold-2,True
附件一（训练集）.xlsx|材料3|1586,材料3|70|三角波|52|-19,4,q4-ridge-fold-4,True
附件一（训练集）.xlsx|材料3|2699,材料3|70|梯形波|46|-9,4,q4-ridge-fold-4,True
附件一（训练集）.xlsx|材料4|1174,材料4|50|三角波|47|-7,1,q4-ridge-fold-1,True
附件一（训练集）.xlsx|材料4|585,材料4|70|正弦波|53|-12,1,q4-ridge-fold-1,True
附件一（训练集）.xlsx|材料1|489,材料1|50|正弦波|53|-17,1,q4-ridge-fold-1,True
附件一（训练集）.xlsx|材料4|1269,材料4|50|三角波|53|-18,3,q4-ridge-fold-3,True
附件一（训练集）.xlsx|材料1|2727,材料1|50|梯形波|51|-11,2,q4-ridge-fold-2,True
附件一（训练集）.xlsx|材料4|27,材料4|25|正弦波|47|-12,4,q4-ridge-fold-4,True
附件一（训练集）.xlsx|材料2|691,材料2|70|正弦波|46|-10,2,q4-ridge-fold-2,True
附件一（训练集）.xlsx|材料2|210,材料2|70|正弦波|49|-10,0,q4-ridge-fold-0,True
附件一（训练集）.xlsx|材料1|753,材料1|70|正弦波|53|-11,3,q4-ridge-fold-3,True
附件一（训练集）.xlsx|材料1|549,材料1|70|正弦波|47|-13,2,q4-ridge-fold-2,True
附件一（训练集）.xlsx|材料4|2071,材料4|25|三角波|55|-20,0,q4-ridge-fold-0,True
附件一（训练集）.xlsx|材料2|830,材料2|90|正弦波|53|-18,4,q4-ridge-fold-4,True
附件一（训练集）.xlsx|材料2|1622,材料2|70|三角波|49|-15,1,q4-ridge-fold-1,True
附件一（训练集）.xlsx|材料4|1358,材料4|50|三角波|48|-11,0,q4-ridge-fold-0,True
附件一（训练集）.xlsx|材料2|1313,材料2|25|三角波|52|-7,1,q4-ridge-fold-1,True
附件一（训练集）.xlsx|材料2|1882,材料2|90|三角波|52|-9,4,q4-ridge-fold-4,True
附件一（训练集）.xlsx|材料4|1812,材料4|90|三角波|55|-15,3,q4-ridge-fold-3,True
附件一（训练集）.xlsx|材料4|2392,材料4|70|三角波|55|-18,1,q4-ridge-fold-1,True
附件一（训练集）.xlsx|材料4|2147,材料4|25|梯形波|49|-15,2,q4-ridge-fold-2,True
附件一（训练集）.xlsx|材料2|1442,材料2|50|三角波|56|-13,3,q4-ridge-fold-3,True
附件一（训练集）.xlsx|材料2|960,材料2|50|正弦波|55|-12,2,q4-ridge-fold-2,True
附件一（训练集）.xlsx|材料4|714,材料4|90|正弦波|50|-18,3,q4-ridge-fold-3,True
附件一（训练集）.xlsx|材料4|903,材料4|25|三角波|48|-15,1,q4-ridge-fold-1,True
附件一（训练集）.xlsx|材料3|1165,材料3|25|三角波|52|-14,0,q4-ridge-fold-0,True
附件一（训练集）.xlsx|材料3|2375,材料3|50|梯形波|54|-17,1,q4-ridge-fold-1,True
附件一（训练集）.xlsx|材料4|1050,材料4|25|三角波|55|-14,0,q4-ridge-fold-0,True
附件一（训练集）.xlsx|材料2|1233,材料2|25|三角波|52|-12,2,q4-ridge-fold-2,True
附件一（训练集）.xlsx|材料3|2171,材料3|25|梯形波|55|-15,3,q4-ridge-fold-3,True
附件一（训练集）.xlsx|材料4|2708,材料4|90|梯形波|49|-16,3,q4-ridge-fold-3,True
附件一（训练集）.xlsx|材料2|2454,材料2|50|梯形波|51|-7,3,q4-ridge-fold-3,True
附件一（训练集）.xlsx|材料1|779,材料1|70|正弦波|54|-18,2,q4-ridge-fold-2,True
附件一（训练集）.xlsx|材料1|2752,材料1|50|梯形波|52|-18,0,q4-ridge-fold-0,True
附件一（训练集）.xlsx|材料4|2254,材料4|50|三角波|55|-14,2,q4-ridge-fold-2,True
附件一（训练集）.xlsx|材料2|1479,材料2|50|三角波|54|-18,3,q4-ridge-fold-3,True
附件一（训练集）.xlsx|材料1|2714,材料1|50|梯形波|50|-9,4,q4-ridge-fold-4,True
附件一（训练集）.xlsx|材料1|2832,材料1|50|梯形波|54|-17,3,q4-ridge-fold-3,True
附件一（训练集）.xlsx|材料1|2432,材料1|25|梯形波|49|-15,2,q4-ridge-fold-2,True
附件一（训练集）.xlsx|材料4|2613,材料4|90|三角波|55|-14,4,q4-ridge-fold-4,True
附件一（训练集）.xlsx|材料1|511,材料1|50|正弦波|53|-14,1,q4-ridge-fold-1,True
附件一（训练集）.xlsx|材料3|6,材料3|25|正弦波|46|-10,0,q4-ridge-fold-0,True
附件一（训练集）.xlsx|材料4|1016,材料4|25|三角波|54|-19,3,q4-ridge-fold-3,True
附件一（训练集）.xlsx|材料1|288,材料1|50|正弦波|46|-6,0,q4-ridge-fold-0,True
附件一（训练集）.xlsx|材料4|601,材料4|70|正弦波|55|-14,2,q4-ridge-fold-2,True
附件一（训练集）.xlsx|材料1|2454,材料1|25|梯形波|50|-9,1,q4-ridge-fold-1,True
附件一（训练集）.xlsx|材料4|2490,材料4|70|梯形波|48|-10,2,q4-ridge-fold-2,True
附件一（训练集）.xlsx|材料2|2857,材料2|90|梯形波|49|-15,4,q4-ridge-fold-4,True
附件一（训练集）.xlsx|材料2|757,材料2|70|正弦波|55|-19,1,q4-ridge-fold-1,True
附件一（训练集）.xlsx|材料3|1522,材料3|70|三角波|52|-16,4,q4-ridge-fold-4,True
附件一（训练集）.xlsx|材料3|1747,材料3|90|三角波|48|-6,0,q4-ridge-fold-0,True
附件一（训练集）.xlsx|材料3|313,材料3|90|正弦波|55|-14,0,q4-ridge-fold-0,True
附件一（训练集）.xlsx|材料1|2553,材料1|25|梯形波|53|-12,1,q4-ridge-fold-1,True
附件一（训练集）.xlsx|材料1|492,材料1|50|正弦波|53|-15,0,q4-ridge-fold-0,True
附件一（训练集）.xlsx|材料3|1350,材料3|50|三角波|52|-13,0,q4-ridge-fold-0,True
附件一（训练集）.xlsx|材料4|2557,材料4|70|梯形波|51|-15,1,q4-ridge-fold-1,True
附件一（训练集）.xlsx|材料1|2363,材料1|25|三角波|55|-13,4,q4-ridge-fold-4,True
附件一（训练集）.xlsx|材料2|1015,材料2|25|正弦波|46|-15,0,q4-ridge-fold-0,True
附件一（训练集）.xlsx|材料2|628,材料2|50|正弦波|49|-7,1,q4-ridge-fold-1,True
附件一（训练集）.xlsx|材料2|2568,材料2|70|梯形波|52|-13,4,q4-ridge-fold-4,True
附件一（训练集）.xlsx|材料2|513,材料2|25|正弦波|46|-12,0,q4-ridge-fold-0,True
附件一（训练集）.xlsx|材料1|2112,材料1|90|三角波|52|-12,3,q4-ridge-fold-3,True
附件一（训练集）.xlsx|材料4|2646,材料4|90|梯形波|46|-11,2,q4-ridge-fold-2,True
附件一（训练集）.xlsx|材料1|2739,材料1|50|梯形波|51|-14,3,q4-ridge-fold-3,True
附件一（训练集）.xlsx|材料4|2260,材料4|50|梯形波|46|-14,3,q4-ridge-fold-3,True
附件一（训练集）.xlsx|材料1|1002,材料1|90|正弦波|52|-13,4,q4-ridge-fold-4,True
附件一（训练集）.xlsx|材料4|1188,材料4|50|三角波|48|-9,1,q4-ridge-fold-1,True
附件一（训练集）.xlsx|材料3|953,材料3|90|正弦波|52|-15,4,q4-ridge-fold-4,True
附件一（训练集）.xlsx|材料2|344,材料2|90|正弦波|55|-19,2,q4-ridge-fold-2,True
附件一（训练集）.xlsx|材料1|3291,材料1|90|梯形波|52|-13,2,q4-ridge-fold-2,True
附件一（训练集）.xlsx|材料1|3010,材料1|70|梯形波|51|-11,1,q4-ridge-fold-1,True
附件一（训练集）.xlsx|材料3|2085,材料3|25|梯形波|55|-16,0,q4-ridge-fold-0,True
附件一（训练集）.xlsx|材料1|1461,材料1|50|三角波|52|-11,2,q4-ridge-fold-2,True
附件一（训练集）.xlsx|材料3|2919,材料3|90|三角波|55|-14,3,q4-ridge-fold-3,True
附件一（训练集）.xlsx|材料4|1662,材料4|70|三角波|49|-7,0,q4-ridge-fold-0,True
附件一（训练集）.xlsx|材料2|2220,材料2|25|梯形波|51|-13,2,q4-ridge-fold-2,True
附件一（训练集）.xlsx|材料4|491,材料4|70|正弦波|50|-18,4,q4-ridge-fold-4,True
附件一（训练集）.xlsx|材料1|3180,材料1|90|梯形波|47|-9,3,q4-ridge-fold-3,True
附件一（训练集）.xlsx|材料4|613,材料4|70|正弦波|55|-19,4,q4-ridge-fold-4,True
附件一（训练集）.xlsx|材料4|268,材料4|50|正弦波|49|-12,0,q4-ridge-fold-0,True
附件一（训练集）.xlsx|材料2|2769,材料2|90|三角波|56|-10,0,q4-ridge-fold-0,True
附件一（训练集）.xlsx|材料1|630,材料1|70|正弦波|49|-7,3,q4-ridge-fold-3,True
附件一（训练集）.xlsx|材料4|1238,材料4|50|三角波|52|-16,0,q4-ridge-fold-0,True
附件一（训练集）.xlsx|材料4|544,材料4|70|正弦波|52|-16,2,q4-ridge-fold-2,True
附件一（训练集）.xlsx|材料4|1551,材料4|70|三角波|54|-13,0,q4-ridge-fold-0,True
附件一（训练集）.xlsx|材料4|1816,材料4|90|三角波|55|-20,1,q4-ridge-fold-1,True
附件一（训练集）.xlsx|材料1|2799,材料1|50|梯形波|52|-16,2,q4-ridge-fold-2,True
附件一（训练集）.xlsx|材料3|2483,材料3|50|梯形波|55|-13,3,q4-ridge-fold-3,True
附件一（训练集）.xlsx|材料2|1475,材料2|50|三角波|52|-11,4,q4-ridge-fold-4,True
附件一（训练集）.xlsx|材料3|3194,材料3|90|梯形波|56|-11,3,q4-ridge-fold-3,True
附件一（训练集）.xlsx|材料4|2773,材料4|90|梯形波|52|-13,3,q4-ridge-fold-3,True
附件一（训练集）.xlsx|材料2|130,材料2|50|正弦波|50|-17,1,q4-ridge-fold-1,True
附件一（训练集）.xlsx|材料4|394,材料4|50|正弦波|55|-17,4,q4-ridge-fold-4,True
附件一（训练集）.xlsx|材料2|609,材料2|50|正弦波|47|-7,1,q4-ridge-fold-1,True
附件一（训练集）.xlsx|材料2|2024,材料2|90|三角波|54|-9,1,q4-ridge-fold-1,True
附件一（训练集）.xlsx|材料3|199,材料3|70|正弦波|49|-12,0,q4-ridge-fold-0,True
附件一（训练集）.xlsx|材料2|1606,材料2|70|三角波|55|-19,3,q4-ridge-fold-3,True
附件一（训练集）.xlsx|材料4|2753,材料4|90|梯形波|51|-14,3,q4-ridge-fold-3,True
附件一（训练集）.xlsx|材料1|1898,材料1|70|三角波|55|-15,0,q4-ridge-fold-0,True
附件一（训练集）.xlsx|材料3|39,材料3|25|正弦波|50|-15,2,q4-ridge-fold-2,True
附件一（训练集）.xlsx|材料2|2385,材料2|50|梯形波|52|-17,0,q4-ridge-fold-0,True
附件一（训练集）.xlsx|材料1|2623,材料1|50|三角波|55|-17,2,q4-ridge-fold-2,True
附件一（训练集）.xlsx|材料3|1788,材料3|90|三角波|55|-20,0,q4-ridge-fold-0,True
附件一（训练集）.xlsx|材料2|1676,材料2|70|三角波|55|-11,0,q4-ridge-fold-0,True
附件一（训练集）.xlsx|材料2|985,材料2|25|正弦波|52|-16,3,q4-ridge-fold-3,True
附件一（训练集）.xlsx|材料2|2617,材料2|70|梯形波|49|-7,1,q4-ridge-fold-1,True
附件一（训练集）.xlsx|材料3|468,材料3|90|正弦波|52|-17,0,q4-ridge-fold-0,True
附件一（训练集）.xlsx|材料4|2363,材料4|50|梯形波|51|-18,1,q4-ridge-fold-1,True
附件一（训练集）.xlsx|材料2|2188,材料2|25|梯形波|55|-11,4,q4-ridge-fold-4,True
附件一（训练集）.xlsx|材料3|2123,材料3|25|梯形波|49|-6,0,q4-ridge-fold-0,True
附件一（训练集）.xlsx|材料4|926,材料4|25|三角波|50|-20,0,q4-ridge-fold-0,True
附件一（训练集）.xlsx|材料2|2068,材料2|25|梯形波|48|-15,2,q4-ridge-fold-2,True
附件一（训练集）.xlsx|材料2|55,材料2|25|正弦波|52|-20,4,q4-ridge-fold-4,True
附件一（训练集）.xlsx|材料4|1480,材料4|70|三角波|52|-17,0,q4-ridge-fold-0,True
附件一（训练集）.xlsx|材料4|2018,材料4|25|三角波|55|-13,3,q4-ridge-fold-3,True
附件一（训练集）.xlsx|材料3|1462,材料3|50|三角波|49|-8,2,q4-ridge-fold-2,True
附件一（训练集）.xlsx|材料3|379,材料3|50|正弦波|50|-19,3,q4-ridge-fold-3,True
附件一（训练集）.xlsx|材料3|1506,材料3|70|三角波|48|-7,2,q4-ridge-fold-2,True
附件一（训练集）.xlsx|材料3|220,材料3|70|正弦波|52|-14,2,q4-ridge-fold-2,True
附件一（训练集）.xlsx|材料3|280,材料3|90|正弦波|49|-8,3,q4-ridge-fold-3,True
附件一（训练集）.xlsx|材料3|2306,材料3|50|三角波|55|-12,3,q4-ridge-fold-3,True
附件一（训练集）.xlsx|材料1|1609,材料1|50|三角波|56|-19,0,q4-ridge-fold-0,True
附件一（训练集）.xlsx|材料3|1873,材料3|90|三角波|56|-13,2,q4-ridge-fold-2,True
附件一（训练集）.xlsx|材料4|640,材料4|90|正弦波|47|-15,2,q4-ridge-fold-2,True
附件一（训练集）.xlsx|材料4|668,材料4|90|正弦波|49|-18,0,q4-ridge-fold-0,True
附件一（训练集）.xlsx|材料1|627,材料1|70|正弦波|49|-11,3,q4-ridge-fold-3,True
附件一（训练集）.xlsx|材料2|2485,材料2|50|梯形波|55|-14,0,q4-ridge-fold-0,True
附件一（训练集）.xlsx|材料2|2849,材料2|90|梯形波|48|-9,1,q4-ridge-fold-1,True
附件一（训练集）.xlsx|材料2|295,材料2|90|正弦波|49|-9,4,q4-ridge-fold-4,True
附件一（训练集）.xlsx|材料1|855,材料1|90|正弦波|49|-15,1,q4-ridge-fold-1,True
附件一（训练集）.xlsx|材料2|2823,材料2|90|梯形波|54|-15,1,q4-ridge-fold-1,True
附件一（训练集）.xlsx|材料2|1750,材料2|70|三角波|55|-13,3,q4-ridge-fold-3,True
附件一（训练集）.xlsx|材料1|1549,材料1|50|三角波|54|-16,0,q4-ridge-fold-0,True
附件一（训练集）.xlsx|材料2|874,材料2|25|正弦波|53|-20,1,q4-ridge-fold-1,True
附件一（训练集）.xlsx|材料2|2768,材料2|90|三角波|56|-11,4,q4-ridge-fold-4,True
附件一（训练集）.xlsx|材料2|521,材料2|25|正弦波|47|-11,0,q4-ridge-fold-0,True
附件一（训练集）.xlsx|材料3|2316,材料3|50|三角波|55|-14,3,q4-ridge-fold-3,True
附件一（训练集）.xlsx|材料1|2592,材料1|50|三角波|55|-17,2,q4-ridge-fold-2,True
附件一（训练集）.xlsx|材料1|2593,材料1|50|三角波|55|-15,1,q4-ridge-fold-1,True
附件一（训练集）.xlsx|材料3|400,材料3|50|正弦波|53|-14,0,q4-ridge-fold-0,True
附件一（训练集）.xlsx|材料2|903,材料2|50|正弦波|55|-19,3,q4-ridge-fold-3,True
附件一（训练集）.xlsx|材料3|3056,材料3|90|梯形波|52|-9,2,q4-ridge-fold-2,True
附件一（训练集）.xlsx|材料3|1076,材料3|25|三角波|49|-10,3,q4-ridge-fold-3,True
附件一（训练集）.xlsx|材料4|1383,材料4|50|三角波|49|-6,0,q4-ridge-fold-0,True
附件一（训练集）.xlsx|材料3|259,材料3|90|正弦波|47|-11,0,q4-ridge-fold-0,True
附件一（训练集）.xlsx|材料4|1729,材料4|90|三角波|52|-20,3,q4-ridge-fold-3,True
附件一（训练集）.xlsx|材料2|2502,材料2|50|梯形波|56|-11,3,q4-ridge-fold-3,True
附件一（训练集）.xlsx|材料4|861,材料4|25|正弦波|51|-13,1,q4-ridge-fold-1,True
附件一（训练集）.xlsx|材料1|656,材料1|70|正弦波|50|-15,0,q4-ridge-fold-0,True
附件一（训练集）.xlsx|材料4|933,材料4|25|三角波|50|-15,4,q4-ridge-fold-4,True
附件一（训练集）.xlsx|材料2|2850,材料2|90|梯形波|48|-8,4,q4-ridge-fold-4,True
附件一（训练集）.xlsx|材料1|1267,材料1|25|三角波|55|-19,1,q4-ridge-fold-1,True
附件一（训练集）.xlsx|材料1|2406,材料1|25|梯形波|48|-14,0,q4-ridge-fold-0,True
附件一（训练集）.xlsx|材料1|1364,材料1|25|三角波|49|-7,0,q4-ridge-fold-0,True
附件一（训练集）.xlsx|材料2|2009,材料2|90|三角波|52|-8,1,q4-ridge-fold-1,True
附件一（训练集）.xlsx|材料3|454,材料3|90|正弦波|47|-11,0,q4-ridge-fold-0,True
附件一（训练集）.xlsx|材料4|747,材料4|90|正弦波|52|-17,1,q4-ridge-fold-1,True
附件一（训练集）.xlsx|材料3|103,材料3|50|正弦波|47|-8,4,q4-ridge-fold-4,True
附件一（训练集）.xlsx|材料2|685,材料2|70|正弦波|46|-16,4,q4-ridge-fold-4,True
附件一（训练集）.xlsx|材料4|2108,材料4|25|梯形波|46|-6,2,q4-ridge-fold-2,True
附件一（训练集）.xlsx|材料3|784,材料3|90|正弦波|53|-12,1,q4-ridge-fold-1,True
附件一（训练集）.xlsx|材料2|1722,材料2|70|三角波|52|-17,0,q4-ridge-fold-0,True
附件一（训练集）.xlsx|材料3|502,材料3|25|正弦波|47|-9,4,q4-ridge-fold-4,True
附件一（训练集）.xlsx|材料1|2056,材料1|90|三角波|50|-7,2,q4-ridge-fold-2,True
附件一（训练集）.xlsx|材料4|1106,材料4|25|三角波|48|-7,3,q4-ridge-fold-3,True
附件一（训练集）.xlsx|材料2|2002,材料2|90|三角波|50|-10,0,q4-ridge-fold-0,True
附件一（训练集）.xlsx|材料2|1539,材料2|50|三角波|52|-7,1,q4-ridge-fold-1,True
附件一（训练集）.xlsx|材料3|1605,材料3|70|三角波|55|-17,2,q4-ridge-fold-2,True
附件一（训练集）.xlsx|材料4|1209,材料4|50|三角波|50|-16,4,q4-ridge-fold-4,True
附件一（训练集）.xlsx|材料4|2631,材料4|90|三角波|55|-10,0,q4-ridge-fold-0,True
附件一（训练集）.xlsx|材料1|1717,材料1|70|三角波|48|-10,4,q4-ridge-fold-4,True
附件一（训练集）.xlsx|材料2|368,材料2|90|正弦波|55|-16,2,q4-ridge-fold-2,True
附件一（训练集）.xlsx|材料1|957,材料1|90|正弦波|52|-19,4,q4-ridge-fold-4,True
附件一（训练集）.xlsx|材料3|1254,材料3|25|三角波|54|-14,4,q4-ridge-fold-4,True
附件一（训练集）.xlsx|材料1|85,材料1|25|正弦波|49|-7,1,q4-ridge-fold-1,True
附件一（训练集）.xlsx|材料3|2474,材料3|50|梯形波|55|-13,3,q4-ridge-fold-3,True
附件一（训练集）.xlsx|材料3|696,材料3|70|正弦波|52|-17,1,q4-ridge-fold-1,True
附件一（训练集）.xlsx|材料4|929,材料4|25|三角波|51|-18,0,q4-ridge-fold-0,True
附件一（训练集）.xlsx|材料1|30,材料1|25|正弦波|47|-7,2,q4-ridge-fold-2,True
附件一（训练集）.xlsx|材料4|1349,材料4|50|三角波|48|-8,0,q4-ridge-fold-0,True
附件一（训练集）.xlsx|材料1|1550,材料1|50|三角波|54|-16,0,q4-ridge-fold-0,True
附件一（训练集）.xlsx|材料1|2303,材料1|90|三角波|49|-11,4,q4-ridge-fold-4,True
附件一（训练集）.xlsx|材料1|1455,材料1|50|三角波|52|-14,0,q4-ridge-fold-0,True
附件一（训练集）.xlsx|材料2|1543,材料2|50|三角波|52|-14,4,q4-ridge-fold-4,True
附件一（训练集）.xlsx|材料3|318,材料3|90|正弦波|55|-16,3,q4-ridge-fold-3,True
附件一（训练集）.xlsx|材料1|290,材料1|50|正弦波|47|-16,2,q4-ridge-fold-2,True
附件一（训练集）.xlsx|材料3|913,材料3|50|正弦波|49|-9,0,q4-ridge-fold-0,True
附件一（训练集）.xlsx|材料4|154,材料4|25|正弦波|53|-12,0,q4-ridge-fold-0,True
附件一（训练集）.xlsx|材料2|170,材料2|50|正弦波|55|-20,3,q4-ridge-fold-3,True
附件一（训练集）.xlsx|材料4|2143,材料4|25|梯形波|48|-7,3,q4-ridge-fold-3,True
附件一（训练集）.xlsx|材料3|2642,材料3|70|梯形波|49|-9,2,q4-ridge-fold-2,True
附件一（训练集）.xlsx|材料4|1366,材料4|50|三角波|48|-6,0,q4-ridge-fold-0,True
附件一（训练集）.xlsx|材料1|252,材料1|25|正弦波|53|-13,2,q4-ridge-fold-2,True
附件一（训练集）.xlsx|材料2|2980,材料2|90|梯形波|55|-16,2,q4-ridge-fold-2,True
附件一（训练集）.xlsx|材料1|3343,材料1|90|梯形波|53|-16,2,q4-ridge-fold-2,True
附件一（训练集）.xlsx|材料4|1647,材料4|70|三角波|49|-16,4,q4-ridge-fold-4,True
附件一（训练集）.xlsx|材料4|1636,材料4|70|三角波|49|-12,4,q4-ridge-fold-4,True
附件一（训练集）.xlsx|材料2|1803,材料2|70|三角波|55|-10,3,q4-ridge-fold-3,True
附件一（训练集）.xlsx|材料3|677,材料3|70|正弦波|49|-17,2,q4-ridge-fold-2,True
附件一（训练集）.xlsx|材料4|891,材料4|25|三角波|47|-10,1,q4-ridge-fold-1,True
附件一（训练集）.xlsx|材料4|2367,材料4|50|梯形波|51|-15,4,q4-ridge-fold-4,True
附件一（训练集）.xlsx|材料3|1588,材料3|70|三角波|52|-16,4,q4-ridge-fold-4,True
附件一（训练集）.xlsx|材料3|2393,材料3|50|梯形波|55|-19,4,q4-ridge-fold-4,True
附件一（训练集）.xlsx|材料1|3083,材料1|70|梯形波|53|-9,0,q4-ridge-fold-0,True
附件一（训练集）.xlsx|材料2|442,材料2|70|正弦波|52|-10,1,q4-ridge-fold-1,True
附件一（训练集）.xlsx|材料2|2690,材料2|70|梯形波|49|-15,1,q4-ridge-fold-1,True
附件一（训练集）.xlsx|材料3|795,材料3|90|正弦波|55|-18,2,q4-ridge-fold-2,True
附件一（训练集）.xlsx|材料2|1328,材料2|25|三角波|56|-19,0,q4-ridge-fold-0,True
附件一（训练集）.xlsx|材料2|51,材料2|25|正弦波|52|-11,1,q4-ridge-fold-1,True
附件一（训练集）.xlsx|材料3|2548,材料3|50|梯形波|54|-19,0,q4-ridge-fold-0,True
附件一（训练集）.xlsx|材料2|2260,材料2|25|梯形波|55|-13,4,q4-ridge-fold-4,True
附件一（训练集）.xlsx|材料2|1721,材料2|70|三角波|52|-18,1,q4-ridge-fold-1,True
附件一（训练集）.xlsx|材料4|2060,材料4|25|三角波|52|-16,4,q4-ridge-fold-4,True
附件一（训练集）.xlsx|材料4|2408,材料4|70|三角波|55|-11,3,q4-ridge-fold-3,True
附件一（训练集）.xlsx|材料3|1318,材料3|50|三角波|56|-17,1,q4-ridge-fold-1,True
附件一（训练集）.xlsx|材料4|2564,材料4|70|梯形波|51|-9,3,q4-ridge-fold-3,True
附件一（训练集）.xlsx|材料1|2267,材料1|90|三角波|48|-14,1,q4-ridge-fold-1,True
附件一（训练集）.xlsx|材料3|3100,材料3|90|梯形波|56|-19,0,q4-ridge-fold-0,True
附件一（训练集）.xlsx|材料3|3043,材料3|90|梯形波|51|-13,2,q4-ridge-fold-2,True
附件一（训练集）.xlsx|材料3|2446,材料3|50|梯形波|52|-18,4,q4-ridge-fold-4,True
附件一（训练集）.xlsx|材料3|2991,材料3|90|梯形波|54|-9,2,q4-ridge-fold-2,True
附件一（训练集）.xlsx|材料1|3062,材料1|70|梯形波|52|-12,1,q4-ridge-fold-1,True
附件一（训练集）.xlsx|材料1|1186,材料1|25|三角波|52|-16,2,q4-ridge-fold-2,True
附件一（训练集）.xlsx|材料4|1372,材料4|50|三角波|49|-15,1,q4-ridge-fold-1,True
附件一（训练集）.xlsx|材料2|389,材料2|50|正弦波|50|-8,2,q4-ridge-fold-2,True
附件一（训练集）.xlsx|材料3|707,材料3|70|正弦波|52|-11,4,q4-ridge-fold-4,True
附件一（训练集）.xlsx|材料4|8,材料4|25|正弦波|46|-12,2,q4-ridge-fold-2,True
附件一（训练集）.xlsx|材料4|2411,材料4|70|三角波|55|-19,2,q4-ridge-fold-2,True
附件一（训练集）.xlsx|材料2|2349,材料2|50|梯形波|55|-18,1,q4-ridge-fold-1,True
附件一（训练集）.xlsx|材料4|163,材料4|25|正弦波|55|-20,3,q4-ridge-fold-3,True
附件一（训练集）.xlsx|材料4|1287,材料4|50|三角波|54|-16,1,q4-ridge-fold-1,True
附件一（训练集）.xlsx|材料1|2583,材料1|25|梯形波|54|-20,0,q4-ridge-fold-0,True
附件一（训练集）.xlsx|材料4|639,材料4|90|正弦波|47|-16,4,q4-ridge-fold-4,True
附件一（训练集）.xlsx|材料1|2517,材料1|25|梯形波|52|-14,1,q4-ridge-fold-1,True
附件一（训练集）.xlsx|材料2|2227,材料2|25|梯形波|52|-17,0,q4-ridge-fold-0,True
附件一（训练集）.xlsx|材料1|1265,材料1|25|三角波|55|-20,0,q4-ridge-fold-0,True
附件一（训练集）.xlsx|材料3|2466,材料3|50|梯形波|54|-8,4,q4-ridge-fold-4,True
附件一（训练集）.xlsx|材料2|967,材料2|70|正弦波|52|-13,0,q4-ridge-fold-0,True
附件一（训练集）.xlsx|材料2|2461,材料2|50|梯形波|52|-10,0,q4-ridge-fold-0,True
附件一（训练集）.xlsx|材料1|1922,材料1|70|三角波|56|-16,1,q4-ridge-fold-1,True
附件一（训练集）.xlsx|材料2|1225,材料2|25|三角波|49|-6,3,q4-ridge-fold-3,True
附件一（训练集）.xlsx|材料4|3,材料4|25|正弦波|46|-15,2,q4-ridge-fold-2,True
附件一（训练集）.xlsx|材料4|109,材料4|25|正弦波|52|-19,0,q4-ridge-fold-0,True
附件一（训练集）.xlsx|材料4|1400,材料4|50|三角波|49|-8,4,q4-ridge-fold-4,True
附件一（训练集）.xlsx|材料2|1304,材料2|25|三角波|52|-17,3,q4-ridge-fold-3,True
附件一（训练集）.xlsx|材料3|2696,材料3|70|梯形波|55|-11,1,q4-ridge-fold-1,True
附件一（训练集）.xlsx|材料3|1325,材料3|50|三角波|49|-8,2,q4-ridge-fold-2,True
附件一（训练集）.xlsx|材料1|1369,材料1|25|三角波|49|-14,1,q4-ridge-fold-1,True
附件一（训练集）.xlsx|材料1|218,材料1|25|正弦波|52|-14,1,q4-ridge-fold-1,True
附件一（训练集）.xlsx|材料4|1199,材料4|50|三角波|50|-14,3,q4-ridge-fold-3,True
附件一（训练集）.xlsx|材料3|56,材料3|25|正弦波|52|-15,1,q4-ridge-fold-1,True
附件一（训练集）.xlsx|材料4|991,材料4|25|三角波|52|-17,0,q4-ridge-fold-0,True
附件一（训练集）.xlsx|材料2|1072,材料2|25|正弦波|52|-15,3,q4-ridge-fold-3,True
附件一（训练集）.xlsx|材料2|1974,材料2|90|三角波|55|-13,1,q4-ridge-fold-1,True
附件一（训练集）.xlsx|材料1|246,材料1|25|正弦波|53|-17,2,q4-ridge-fold-2,True
附件一（训练集）.xlsx|材料2|748,材料2|70|正弦波|53|-14,1,q4-ridge-fold-1,True
附件一（训练集）.xlsx|材料1|67,材料1|25|正弦波|48|-6,4,q4-ridge-fold-4,True
附件一（训练集）.xlsx|材料4|1091,材料4|25|三角波|47|-7,2,q4-ridge-fold-2,True
附件一（训练集）.xlsx|材料1|1398,材料1|50|三角波|48|-10,0,q4-ridge-fold-0,True
附件一（训练集）.xlsx|材料3|2886,材料3|70|梯形波|56|-15,1,q4-ridge-fold-1,True
附件一（训练集）.xlsx|材料3|1382,材料3|50|三角波|48|-11,2,q4-ridge-fold-2,True
附件一（训练集）.xlsx|材料4|2555,材料4|70|梯形波|51|-17,0,q4-ridge-fold-0,True
附件一（训练集）.xlsx|材料3|1021,材料3|25|三角波|50|-9,1,q4-ridge-fold-1,True
附件一（训练集）.xlsx|材料1|611,材料1|70|正弦波|49|-11,3,q4-ridge-fold-3,True
附件一（训练集）.xlsx|材料4|2532,材料4|70|梯形波|50|-15,2,q4-ridge-fold-2,True
附件一（训练集）.xlsx|材料2|2682,材料2|70|梯形波|48|-8,1,q4-ridge-fold-1,True
附件一（训练集）.xlsx|材料1|2261,材料1|90|三角波|48|-9,1,q4-ridge-fold-1,True
附件一（训练集）.xlsx|材料1|3268,材料1|90|梯形波|51|-15,0,q4-ridge-fold-0,True
附件一（训练集）.xlsx|材料4|452,材料4|70|正弦波|48|-10,2,q4-ridge-fold-2,True
附件一（训练集）.xlsx|材料3|1616,材料3|70|三角波|56|-18,4,q4-ridge-fold-4,True
附件一（训练集）.xlsx|材料4|2138,材料4|25|梯形波|48|-11,3,q4-ridge-fold-3,True
附件一（训练集）.xlsx|材料4|2084,材料4|25|三角波|55|-12,0,q4-ridge-fold-0,True
附件一（训练集）.xlsx|材料4|948,材料4|25|三角波|51|-16,4,q4-ridge-fold-4,True
附件一（训练集）.xlsx|材料2|1962,材料2|90|三角波|55|-16,1,q4-ridge-fold-1,True
附件一（训练集）.xlsx|材料1|2821,材料1|50|梯形波|53|-14,0,q4-ridge-fold-0,True
附件一（训练集）.xlsx|材料1|2531,材料1|25|梯形波|52|-18,1,q4-ridge-fold-1,True
附件一（训练集）.xlsx|材料2|258,材料2|70|正弦波|55|-12,0,q4-ridge-fold-0,True
附件一（训练集）.xlsx|材料2|1558,材料2|50|三角波|55|-17,3,q4-ridge-fold-3,True
附件一（训练集）.xlsx|材料3|446,材料3|50|正弦波|52|-12,1,q4-ridge-fold-1,True
附件一（训练集）.xlsx|材料1|2318,材料1|25|三角波|55|-17,1,q4-ridge-fold-1,True
附件一（训练集）.xlsx|材料3|1622,材料3|70|三角波|48|-12,4,q4-ridge-fold-4,True
附件一（训练集）.xlsx|材料3|2045,材料3|25|梯形波|51|-16,2,q4-ridge-fold-2,True
附件一（训练集）.xlsx|材料4|662,材料4|90|正弦波|48|-13,0,q4-ridge-fold-0,True
附件一（训练集）.xlsx|材料4|1502,材料4|70|三角波|52|-14,1,q4-ridge-fold-1,True
附件一（训练集）.xlsx|材料1|3348,材料1|90|梯形波|53|-13,3,q4-ridge-fold-3,True
附件一（训练集）.xlsx|材料4|1076,材料4|25|三角波|56|-17,4,q4-ridge-fold-4,True
附件一（训练集）.xlsx|材料1|2151,材料1|90|三角波|53|-13,2,q4-ridge-fold-2,True
附件一（训练集）.xlsx|材料1|2577,材料1|25|梯形波|54|-11,2,q4-ridge-fold-2,True
附件一（训练集）.xlsx|材料4|1850,材料4|90|三角波|47|-11,3,q4-ridge-fold-3,True
附件一（训练集）.xlsx|材料1|2702,材料1|50|梯形波|49|-7,4,q4-ridge-fold-4,True
附件一（训练集）.xlsx|材料3|1729,材料3|70|三角波|54|-9,2,q4-ridge-fold-2,True
附件一（训练集）.xlsx|材料2|2600,材料2|70|梯形波|48|-13,0,q4-ridge-fold-0,True
附件一（训练集）.xlsx|材料4|2234,材料4|50|三角波|55|-17,2,q4-ridge-fold-2,True
附件一（训练集）.xlsx|材料4|1747,材料4|90|三角波|52|-17,1,q4-ridge-fold-1,True
附件一（训练集）.xlsx|材料1|363,材料1|50|正弦波|49|-17,0,q4-ridge-fold-0,True
附件一（训练集）.xlsx|材料1|3088,材料1|70|梯形波|54|-19,1,q4-ridge-fold-1,True
附件一（训练集）.xlsx|材料4|2348,材料4|50|梯形波|50|-8,2,q4-ridge-fold-2,True
附件一（训练集）.xlsx|材料2|1414,材料2|50|三角波|52|-8,3,q4-ridge-fold-3,True
附件一（训练集）.xlsx|材料2|1129,材料2|25|三角波|54|-12,4,q4-ridge-fold-4,True
附件一（训练集）.xlsx|材料3|1531,材料3|70|三角波|54|-16,4,q4-ridge-fold-4,True
附件一（训练集）.xlsx|材料3|260,材料3|90|正弦波|47|-10,4,q4-ridge-fold-4,True
附件一（训练集）.xlsx|材料4|1116,材料4|25|三角波|49|-10,2,q4-ridge-fold-2,True
附件一（训练集）.xlsx|材料2|707,材料2|70|正弦波|49|-11,4,q4-ridge-fold-4,True
附件一（训练集）.xlsx|材料2|1125,材料2|25|三角波|54|-19,1,q4-ridge-fold-1,True
附件一（训练集）.xlsx|材料3|1753,材料3|90|三角波|50|-10,4,q4-ridge-fold-4,True
附件一（训练集）.xlsx|材料2|2222,材料2|25|梯形波|51|-11,2,q4-ridge-fold-2,True
附件一（训练集）.xlsx|材料4|386,材料4|50|正弦波|55|-15,2,q4-ridge-fold-2,True
附件一（训练集）.xlsx|材料1|2032,材料1|90|三角波|48|-9,1,q4-ridge-fold-1,True
附件一（训练集）.xlsx|材料3|2235,材料3|25|梯形波|52|-6,3,q4-ridge-fold-3,True
附件一（训练集）.xlsx|材料1|2402,材料1|25|梯形波|48|-8,0,q4-ridge-fold-0,True
附件一（训练集）.xlsx|材料1|2624,材料1|50|三角波|55|-16,1,q4-ridge-fold-1,True
附件一（训练集）.xlsx|材料2|1885,材料2|90|三角波|54|-18,2,q4-ridge-fold-2,True
附件一（训练集）.xlsx|材料2|2896,材料2|90|梯形波|55|-16,2,q4-ridge-fold-2,True
附件一（训练集）.xlsx|材料1|1748,材料1|70|三角波|51|-14,4,q4-ridge-fold-4,True
附件一（训练集）.xlsx|材料1|1354,材料1|25|三角波|49|-13,4,q4-ridge-fold-4,True
附件一（训练集）.xlsx|材料3|1773,材料3|90|三角波|54|-18,2,q4-ridge-fold-2,True
附件一（训练集）.xlsx|材料3|549,材料3|25|正弦波|53|-12,2,q4-ridge-fold-2,True
附件一（训练集）.xlsx|材料1|3099,材料1|70|梯形波|54|-13,1,q4-ridge-fold-1,True
附件一（训练集）.xlsx|材料1|449,材料1|50|正弦波|52|-11,4,q4-ridge-fold-4,True
附件一（训练集）.xlsx|材料1|296,材料1|50|正弦波|47|-11,3,q4-ridge-fold-3,True
附件一（训练集）.xlsx|材料1|2458,材料1|25|梯形波|50|-6,3,q4-ridge-fold-3,True
附件一（训练集）.xlsx|材料4|2790,材料4|90|梯形波|52|-19,2,q4-ridge-fold-2,True
附件一（训练集）.xlsx|材料3|2838,材料3|70|梯形波|52|-18,1,q4-ridge-fold-1,True
附件一（训练集）.xlsx|材料2|1364,材料2|50|三角波|55|-16,0,q4-ridge-fold-0,True
附件一（训练集）.xlsx|材料2|2535,材料2|70|梯形波|48|-10,3,q4-ridge-fold-3,True
附件一（训练集）.xlsx|材料2|1608,材料2|70|三角波|55|-15,0,q4-ridge-fold-0,True
附件一（训练集）.xlsx|材料4|2748,材料4|90|梯形波|51|-18,1,q4-ridge-fold-1,True
附件一（训练集）.xlsx|材料3|984,材料3|25|正弦波|49|-17,1,q4-ridge-fold-1,True
附件一（训练集）.xlsx|材料3|2593,材料3|50|梯形波|47|-13,3,q4-ridge-fold-3,True
附件一（训练集）.xlsx|材料3|2841,材料3|70|梯形波|52|-14,2,q4-ridge-fold-2,True
附件一（训练集）.xlsx|材料4|1393,材料4|50|三角波|49|-12,3,q4-ridge-fold-3,True
附件一（训练集）.xlsx|材料4|897,材料4|25|三角波|47|-6,2,q4-ridge-fold-2,True
附件一（训练集）.xlsx|材料3|2064,材料3|25|梯形波|52|-7,4,q4-ridge-fold-4,True
附件一（训练集）.xlsx|材料1|3030,材料1|70|梯形波|52|-8,3,q4-ridge-fold-3,True
附件一（训练集）.xlsx|材料4|2789,材料4|90|梯形波|52|-10,0,q4-ridge-fold-0,True
附件一（训练集）.xlsx|材料2|456,材料2|90|正弦波|49|-9,4,q4-ridge-fold-4,True
附件一（训练集）.xlsx|材料1|40,材料1|25|正弦波|47|-12,0,q4-ridge-fold-0,True
附件一（训练集）.xlsx|材料3|943,材料3|90|正弦波|52|-19,4,q4-ridge-fold-4,True
附件一（训练集）.xlsx|材料4|2673,材料4|90|梯形波|48|-8,3,q4-ridge-fold-3,True
附件一（训练集）.xlsx|材料1|1762,材料1|70|三角波|52|-18,3,q4-ridge-fold-3,True
附件一（训练集）.xlsx|材料1|950,材料1|90|正弦波|51|-10,1,q4-ridge-fold-1,True
附件一（训练集）.xlsx|材料1|1133,材料1|25|三角波|51|-11,4,q4-ridge-fold-4,True
附件一（训练集）.xlsx|材料2|2062,材料2|25|梯形波|46|-10,4,q4-ridge-fold-4,True
附件一（训练集）.xlsx|材料1|763,材料1|70|正弦波|53|-17,2,q4-ridge-fold-2,True
附件一（训练集）.xlsx|材料4|2600,材料4|90|三角波|55|-16,3,q4-ridge-fold-3,True
附件一（训练集）.xlsx|材料1|2925,材料1|70|梯形波|48|-9,2,q4-ridge-fold-2,True
附件一（训练集）.xlsx|材料2|1141,材料2|25|三角波|55|-14,2,q4-ridge-fold-2,True
附件一（训练集）.xlsx|材料1|1525,材料1|50|三角波|54|-20,4,q4-ridge-fold-4,True
附件一（训练集）.xlsx|材料4|1867,材料4|90|三角波|48|-7,4,q4-ridge-fold-4,True
附件一（训练集）.xlsx|材料1|1294,材料1|25|三角波|55|-13,4,q4-ridge-fold-4,True
附件一（训练集）.xlsx|材料3|5,材料3|25|正弦波|46|-11,0,q4-ridge-fold-0,True
附件一（训练集）.xlsx|材料3|2292,材料3|25|梯形波|47|-11,4,q4-ridge-fold-4,True
附件一（训练集）.xlsx|材料1|1428,材料1|50|三角波|51|-17,2,q4-ridge-fold-2,True
附件一（训练集）.xlsx|材料3|1053,材料3|25|三角波|55|-18,0,q4-ridge-fold-0,True
附件一（训练集）.xlsx|材料1|1237,材料1|25|三角波|54|-16,2,q4-ridge-fold-2,True
附件一（训练集）.xlsx|材料2|1941,材料2|90|三角波|52|-11,0,q4-ridge-fold-0,True
附件一（训练集）.xlsx|材料1|2524,材料1|25|梯形波|52|-9,0,q4-ridge-fold-0,True
附件一（训练集）.xlsx|材料4|53,材料4|25|正弦波|49|-16,0,q4-ridge-fold-0,True
附件一（训练集）.xlsx|材料3|1434,材料3|50|三角波|55|-17,0,q4-ridge-fold-0,True
附件一（训练集）.xlsx|材料4|1978,材料4|25|三角波|53|-19,2,q4-ridge-fold-2,True
附件一（训练集）.xlsx|材料1|721,材料1|70|正弦波|52|-19,3,q4-ridge-fold-3,True
附件一（训练集）.xlsx|材料2|601,材料2|50|正弦波|46|-9,4,q4-ridge-fold-4,True
附件一（训练集）.xlsx|材料3|2018,材料3|25|三角波|55|-12,0,q4-ridge-fold-0,True
附件一（训练集）.xlsx|材料2|2423,材料2|50|梯形波|56|-19,1,q4-ridge-fold-1,True
附件一（训练集）.xlsx|材料3|2835,材料3|70|梯形波|52|-9,1,q4-ridge-fold-1,True
附件一（训练集）.xlsx|材料3|127,材料3|50|正弦波|50|-15,3,q4-ridge-fold-3,True
附件一（训练集）.xlsx|材料2|2481,材料2|50|梯形波|54|-10,3,q4-ridge-fold-3,True
附件一（训练集）.xlsx|材料1|2735,材料1|50|梯形波|51|-17,2,q4-ridge-fold-2,True
附件一（训练集）.xlsx|材料4|2765,材料4|90|梯形波|52|-18,0,q4-ridge-fold-0,True
附件一（训练集）.xlsx|材料1|2873,材料1|70|三角波|55|-16,0,q4-ridge-fold-0,True
附件一（训练集）.xlsx|材料4|1273,材料4|50|三角波|53|-16,4,q4-ridge-fold-4,True
附件一（训练集）.xlsx|材料3|1594,材料3|70|三角波|54|-20,1,q4-ridge-fold-1,True
附件一（训练集）.xlsx|材料3|848,材料3|50|正弦波|50|-18,1,q4-ridge-fold-1,True
附件一（训练集）.xlsx|材料1|2111,材料1|90|三角波|52|-12,3,q4-ridge-fold-3,True
附件一（训练集）.xlsx|材料1|2844,材料1|50|梯形波|54|-19,2,q4-ridge-fold-2,True
附件一（训练集）.xlsx|材料1|2544,材料1|25|梯形波|53|-19,2,q4-ridge-fold-2,True
附件一（训练集）.xlsx|材料1|33,材料1|25|正弦波|47|-17,1,q4-ridge-fold-1,True
附件一（训练集）.xlsx|材料3|1707,材料3|70|三角波|50|-11,2,q4-ridge-fold-2,True
附件一（训练集）.xlsx|材料4|2292,材料4|50|梯形波|48|-16,3,q4-ridge-fold-3,True
附件一（训练集）.xlsx|材料3|3163,材料3|90|梯形波|54|-11,0,q4-ridge-fold-0,True
附件一（训练集）.xlsx|材料4|2116,材料4|25|梯形波|47|-8,2,q4-ridge-fold-2,True
附件一（训练集）.xlsx|材料1|1855,材料1|70|三角波|54|-12,1,q4-ridge-fold-1,True
附件一（训练集）.xlsx|材料1|2462,材料1|25|梯形波|51|-15,1,q4-ridge-fold-1,True
附件一（训练集）.xlsx|材料1|1323,材料1|25|三角波|48|-14,2,q4-ridge-fold-2,True
附件一（训练集）.xlsx|材料3|1081,材料3|25|三角波|51|-13,1,q4-ridge-fold-1,True
附件一（训练集）.xlsx|材料3|3017,材料3|90|梯形波|48|-12,4,q4-ridge-fold-4,True
附件一（训练集）.xlsx|材料3|239,材料3|70|正弦波|55|-14,4,q4-ridge-fold-4,True
附件一（训练集）.xlsx|材料1|593,材料1|70|正弦波|49|-17,0,q4-ridge-fold-0,True
附件一（训练集）.xlsx|材料2|1509,材料2|50|三角波|48|-12,2,q4-ridge-fold-2,True
附件一（训练集）.xlsx|材料2|1390,材料2|50|三角波|49|-8,2,q4-ridge-fold-2,True
附件一（训练集）.xlsx|材料2|2926,材料2|90|梯形波|48|-6,0,q4-ridge-fold-0,True
附件一（训练集）.xlsx|材料1|222,材料1|25|正弦波|52|-12,3,q4-ridge-fold-3,True
附件一（训练集）.xlsx|材料4|1333,材料4|50|三角波|47|-12,0,q4-ridge-fold-0,True
附件一（训练集）.xlsx|材料3|973,材料3|25|正弦波|47|-9,4,q4-ridge-fold-4,True
附件一（训练集）.xlsx|材料1|3275,材料1|90|梯形波|51|-10,3,q4-ridge-fold-3,True
附件一（训练集）.xlsx|材料1|1281,材料1|25|三角波|55|-12,0,q4-ridge-fold-0,True
附件一（训练集）.xlsx|材料4|1215,材料4|50|三角波|50|-12,3,q4-ridge-fold-3,True
附件一（训练集）.xlsx|材料1|2014,材料1|90|三角波|47|-9,0,q4-ridge-fold-0,True
附件一（训练集）.xlsx|材料2|1140,材料2|25|三角波|55|-15,1,q4-ridge-fold-1,True
附件一（训练集）.xlsx|材料2|106,材料2|50|正弦波|47|-8,2,q4-ridge-fold-2,True
附件一（训练集）.xlsx|材料4|170,材料4|25|正弦波|55|-19,2,q4-ridge-fold-2,True
附件一（训练集）.xlsx|材料3|1815,材料3|90|三角波|49|-8,2,q4-ridge-fold-2,True
附件一（训练集）.xlsx|材料2|1678,材料2|70|三角波|55|-20,0,q4-ridge-fold-0,True
附件一（训练集）.xlsx|材料4|1404,材料4|50|三角波|50|-17,4,q4-ridge-fold-4,True
附件一（训练集）.xlsx|材料1|1875,材料1|70|三角波|55|-19,3,q4-ridge-fold-3,True
附件一（训练集）.xlsx|材料3|2191,材料3|25|梯形波|48|-13,1,q4-ridge-fold-1,True
附件一（训练集）.xlsx|材料4|524,材料4|70|正弦波|51|-11,2,q4-ridge-fold-2,True
附件一（训练集）.xlsx|材料2|1345,材料2|50|三角波|52|-9,0,q4-ridge-fold-0,True
附件一（训练集）.xlsx|材料1|2933,材料1|70|梯形波|48|-13,2,q4-ridge-fold-2,True
附件一（训练集）.xlsx|材料4|1782,材料4|90|三角波|53|-14,1,q4-ridge-fold-1,True
附件一（训练集）.xlsx|材料3|622,材料3|50|正弦波|52|-18,1,q4-ridge-fold-1,True
附件一（训练集）.xlsx|材料1|1494,材料1|50|三角波|52|-15,3,q4-ridge-fold-3,True
附件一（训练集）.xlsx|材料2|1338,材料2|50|三角波|52|-19,3,q4-ridge-fold-3,True
附件一（训练集）.xlsx|材料4|1794,材料4|90|三角波|54|-16,0,q4-ridge-fold-0,True
附件一（训练集）.xlsx|材料2|1866,材料2|90|三角波|50|-9,3,q4-ridge-fold-3,True
附件一（训练集）.xlsx|材料3|2692,材料3|70|梯形波|55|-15,2,q4-ridge-fold-2,True
附件一（训练集）.xlsx|材料3|3152,材料3|90|梯形波|52|-13,1,q4-ridge-fold-1,True
附件一（训练集）.xlsx|材料2|2872,材料2|90|梯形波|52|-11,3,q4-ridge-fold-3,True
附件一（训练集）.xlsx|材料3|2337,材料3|50|梯形波|48|-8,3,q4-ridge-fold-3,True
附件一（训练集）.xlsx|材料4|412,材料4|70|正弦波|46|-17,2,q4-ridge-fold-2,True
附件一（训练集）.xlsx|材料3|2904,材料3|90|三角波|55|-19,2,q4-ridge-fold-2,True
附件一（训练集）.xlsx|材料2|19,材料2|25|正弦波|49|-13,0,q4-ridge-fold-0,True
附件一（训练集）.xlsx|材料2|400,材料2|90|正弦波|49|-13,0,q4-ridge-fold-0,True
附件一（训练集）.xlsx|材料2|1835,材料2|90|三角波|55|-17,3,q4-ridge-fold-3,True
附件一（训练集）.xlsx|材料1|240,材料1|25|正弦波|53|-9,3,q4-ridge-fold-3,True
附件一（训练集）.xlsx|材料1|1458,材料1|50|三角波|52|-12,4,q4-ridge-fold-4,True
附件一（训练集）.xlsx|材料1|1844,材料1|70|三角波|54|-18,0,q4-ridge-fold-0,True
附件一（训练集）.xlsx|材料3|925,材料3|25|正弦波|52|-17,0,q4-ridge-fold-0,True
附件一（训练集）.xlsx|材料4|2531,材料4|70|梯形波|50|-17,3,q4-ridge-fold-3,True
附件一（训练集）.xlsx|材料3|333,材料3|70|正弦波|49|-14,0,q4-ridge-fold-0,True
附件一（训练集）.xlsx|材料1|1046,材料1|90|正弦波|54|-16,4,q4-ridge-fold-4,True
附件一（训练集）.xlsx|材料1|701,材料1|70|正弦波|52|-19,3,q4-ridge-fold-3,True
附件一（训练集）.xlsx|材料1|1557,材料1|50|三角波|54|-12,2,q4-ridge-fold-2,True
附件一（训练集）.xlsx|材料2|1412,材料2|50|三角波|52|-11,4,q4-ridge-fold-4,True
附件一（训练集）.xlsx|材料3|2840,材料3|70|梯形波|52|-16,3,q4-ridge-fold-3,True
附件一（训练集）.xlsx|材料3|161,材料3|50|正弦波|55|-20,3,q4-ridge-fold-3,True
附件一（训练集）.xlsx|材料1|3070,材料1|70|梯形波|53|-19,0,q4-ridge-fold-0,True
附件一（训练集）.xlsx|材料3|1115,材料3|25|三角波|55|-19,4,q4-ridge-fold-4,True
附件一（训练集）.xlsx|材料2|641,材料2|50|正弦波|52|-16,3,q4-ridge-fold-3,True
附件一（训练集）.xlsx|材料2|2783,材料2|90|梯形波|48|-13,2,q4-ridge-fold-2,True
附件一（训练集）.xlsx|材料1|3198,材料1|90|梯形波|48|-12,3,q4-ridge-fold-3,True
附件一（训练集）.xlsx|材料2|2911,材料2|90|梯形波|56|-18,2,q4-ridge-fold-2,True
附件一（训练集）.xlsx|材料1|1552,材料1|50|三角波|54|-15,3,q4-ridge-fold-3,True
附件一（训练集）.xlsx|材料1|2158,材料1|90|三角波|54|-19,2,q4-ridge-fold-2,True
附件一（训练集）.xlsx|材料4|1279,材料4|50|三角波|53|-13,0,q4-ridge-fold-0,True
附件一（训练集）.xlsx|材料4|442,材料4|70|正弦波|47|-9,3,q4-ridge-fold-3,True
附件一（训练集）.xlsx|材料2|2027,材料2|90|三角波|55|-18,0,q4-ridge-fold-0,True
附件一（训练集）.xlsx|材料4|1553,材料4|70|三角波|55|-19,2,q4-ridge-fold-2,True
附件一（训练集）.xlsx|材料2|2639,材料2|70|梯形波|54|-19,0,q4-ridge-fold-0,True
附件一（训练集）.xlsx|材料2|2209,材料2|25|梯形波|48|-6,3,q4-ridge-fold-3,True
附件一（训练集）.xlsx|材料1|1011,材料1|90|正弦波|53|-20,2,q4-ridge-fold-2,True
附件一（训练集）.xlsx|材料1|2227,材料1|90|三角波|55|-13,4,q4-ridge-fold-4,True
附件一（训练集）.xlsx|材料3|2980,材料3|90|梯形波|52|-11,3,q4-ridge-fold-3,True
附件一（训练集）.xlsx|材料3|1696,材料3|70|三角波|49|-6,2,q4-ridge-fold-2,True
附件一（训练集）.xlsx|材料4|1290,材料4|50|三角波|54|-14,4,q4-ridge-fold-4,True
附件一（训练集）.xlsx|材料3|1330,材料3|50|三角波|49|-8,2,q4-ridge-fold-2,True
附件一（训练集）.xlsx|材料3|3037,材料3|90|梯形波|49|-9,3,q4-ridge-fold-3,True
附件一（训练集）.xlsx|材料3|2083,材料3|25|梯形波|55|-19,4,q4-ridge-fold-4,True
附件一（训练集）.xlsx|材料4|1580,材料4|70|三角波|56|-19,1,q4-ridge-fold-1,True
附件一（训练集）.xlsx|材料2|2122,材料2|25|梯形波|55|-14,0,q4-ridge-fold-0,True
附件一（训练集）.xlsx|材料2|1657,材料2|70|三角波|52|-10,2,q4-ridge-fold-2,True
附件一（训练集）.xlsx|材料1|2413,材料1|25|梯形波|48|-7,1,q4-ridge-fold-1,True
附件一（训练集）.xlsx|材料1|3007,材料1|70|梯形波|51|-13,0,q4-ridge-fold-0,True
附件一（训练集）.xlsx|材料4|2192,材料4|50|三角波|55|-17,2,q4-ridge-fold-2,True
附件一（训练集）.xlsx|材料1|550,材料1|70|正弦波|47|-12,2,q4-ridge-fold-2,True
附件一（训练集）.xlsx|材料1|2171,材料1|90|三角波|54|-11,2,q4-ridge-fold-2,True
附件一（训练集）.xlsx|材料3|675,材料3|70|正弦波|49|-7,1,q4-ridge-fold-1,True
附件一（训练集）.xlsx|材料4|271,材料4|50|正弦波|49|-10,4,q4-ridge-fold-4,True
附件一（训练集）.xlsx|材料2|1609,材料2|70|三角波|55|-14,2,q4-ridge-fold-2,True
附件一（训练集）.xlsx|材料2|2029,材料2|90|三角波|55|-16,1,q4-ridge-fold-1,True
附件一（训练集）.xlsx|材料2|61,材料2|25|正弦波|52|-14,4,q4-ridge-fold-4,True
附件一（训练集）.xlsx|材料4|2330,材料4|50|梯形波|49|-10,0,q4-ridge-fold-0,True
附件一（训练集）.xlsx|材料2|2528,材料2|70|梯形波|46|-9,4,q4-ridge-fold-4,True
附件一（训练集）.xlsx|材料1|192,材料1|25|正弦波|52|-18,1,q4-ridge-fold-1,True
附件一（训练集）.xlsx|材料3|3022,材料3|90|梯形波|48|-7,3,q4-ridge-fold-3,True
附件一（训练集）.xlsx|材料1|129,材料1|25|正弦波|50|-16,0,q4-ridge-fold-0,True
附件一（训练集）.xlsx|材料3|851,材料3|25|正弦波|49|-12,0,q4-ridge-fold-0,True
附件一（训练集）.xlsx|材料4|1075,材料4|25|三角波|56|-18,2,q4-ridge-fold-2,True
附件一（训练集）.xlsx|材料2|719,材料2|70|正弦波|50|-18,4,q4-ridge-fold-4,True
附件一（训练集）.xlsx|材料3|2074,材料3|25|梯形波|54|-18,3,q4-ridge-fold-3,True
附件一（训练集）.xlsx|材料1|1118,材料1|25|三角波|51|-19,0,q4-ridge-fold-0,True
附件一（训练集）.xlsx|材料4|1626,材料4|70|三角波|49|-7,0,q4-ridge-fold-0,True
附件一（训练集）.xlsx|材料2|2201,材料2|25|梯形波|46|-8,2,q4-ridge-fold-2,True
附件一（训练集）.xlsx|材料4|2208,材料4|50|三角波|55|-15,2,q4-ridge-fold-2,True
附件一（训练集）.xlsx|材料4|1030,材料4|25|三角波|54|-19,3,q4-ridge-fold-3,True
附件一（训练集）.xlsx|材料1|1026,材料1|90|正弦波|53|-19,2,q4-ridge-fold-2,True
附件一（训练集）.xlsx|材料2|2482,材料2|50|梯形波|54|-9,0,q4-ridge-fold-0,True
附件一（训练集）.xlsx|材料3|3070,材料3|90|梯形波|54|-17,1,q4-ridge-fold-1,True
附件一（训练集）.xlsx|材料3|2583,材料3|50|梯形波|56|-14,0,q4-ridge-fold-0,True
附件一（训练集）.xlsx|材料3|1737,材料3|70|三角波|55|-9,0,q4-ridge-fold-0,True
附件一（训练集）.xlsx|材料4|2637,材料4|90|三角波|55|-15,3,q4-ridge-fold-3,True
附件一（训练集）.xlsx|材料3|287,材料3|90|正弦波|50|-10,4,q4-ridge-fold-4,True
附件一（训练集）.xlsx|材料1|1476,材料1|50|三角波|52|-15,3,q4-ridge-fold-3,True
附件一（训练集）.xlsx|材料4|2689,材料4|90|梯形波|48|-7,4,q4-ridge-fold-4,True
附件一（训练集）.xlsx|材料4|2412,材料4|70|三角波|55|-19,2,q4-ridge-fold-2,True
附件一（训练集）.xlsx|材料1|541,材料1|70|正弦波|46|-8,1,q4-ridge-fold-1,True
附件一（训练集）.xlsx|材料2|2273,材料2|25|梯形波|47|-13,4,q4-ridge-fold-4,True
附件一（训练集）.xlsx|材料2|1253,材料2|25|三角波|55|-12,4,q4-ridge-fold-4,True
附件一（训练集）.xlsx|材料3|1153,材料3|25|三角波|49|-10,3,q4-ridge-fold-3,True
附件一（训练集）.xlsx|材料1|2024,材料1|90|三角波|48|-14,1,q4-ridge-fold-1,True
附件一（训练集）.xlsx|材料2|1278,材料2|25|三角波|49|-11,0,q4-ridge-fold-0,True
附件一（训练集）.xlsx|材料3|1233,材料3|25|三角波|50|-10,2,q4-ridge-fold-2,True
附件一（训练集）.xlsx|材料4|294,材料4|50|正弦波|50|-15,0,q4-ridge-fold-0,True
附件一（训练集）.xlsx|材料3|1698,材料3|70|三角波|49|-13,2,q4-ridge-fold-2,True
附件一（训练集）.xlsx|材料4|2443,材料4|70|三角波|55|-11,3,q4-ridge-fold-3,True
附件一（训练集）.xlsx|材料4|532,材料4|70|正弦波|52|-14,0,q4-ridge-fold-0,True
附件一（训练集）.xlsx|材料4|410,材料4|50|正弦波|56|-16,0,q4-ridge-fold-0,True
附件一（训练集）.xlsx|材料3|2531,材料3|50|梯形波|51|-8,1,q4-ridge-fold-1,True
附件一（训练集）.xlsx|材料3|2577,材料3|50|梯形波|56|-21,2,q4-ridge-fold-2,True
附件一（训练集）.xlsx|材料4|2477,材料4|70|梯形波|47|-8,2,q4-ridge-fold-2,True
附件一（训练集）.xlsx|材料3|1723,材料3|70|三角波|52|-7,1,q4-ridge-fold-1,True
附件一（训练集）.xlsx|材料1|1109,材料1|25|三角波|50|-14,2,q4-ridge-fold-2,True
附件一（训练集）.xlsx|材料3|1847,材料3|90|三角波|54|-13,2,q4-ridge-fold-2,True
附件一（训练集）.xlsx|材料1|1030,材料1|90|正弦波|53|-17,2,q4-ridge-fold-2,True
附件一（训练集）.xlsx|材料1|3026,材料1|70|梯形波|52|-10,1,q4-ridge-fold-1,True
附件一（训练集）.xlsx|材料1|1674,材料1|50|三角波|49|-8,0,q4-ridge-fold-0,True
附件一（训练集）.xlsx|材料1|1768,材料1|70|三角波|52|-14,2,q4-ridge-fold-2,True
附件一（训练集）.xlsx|材料4|384,材料4|50|正弦波|55|-19,4,q4-ridge-fold-4,True
附件一（训练集）.xlsx|材料2|2331,材料2|50|梯形波|52|-13,0,q4-ridge-fold-0,True
附件一（训练集）.xlsx|材料1|976,材料1|90|正弦波|52|-19,4,q4-ridge-fold-4,True
附件一（训练集）.xlsx|材料4|1271,材料4|50|三角波|53|-17,0,q4-ridge-fold-0,True
附件一（训练集）.xlsx|材料4|831,材料4|90|正弦波|56|-17,1,q4-ridge-fold-1,True
附件一（训练集）.xlsx|材料3|1633,材料3|70|三角波|49|-15,2,q4-ridge-fold-2,True
附件一（训练集）.xlsx|材料1|3349,材料1|90|梯形波|53|-13,3,q4-ridge-fold-3,True
附件一（训练集）.xlsx|材料3|1556,材料3|70|三角波|56|-14,4,q4-ridge-fold-4,True
附件一（训练集）.xlsx|材料2|720,材料2|70|正弦波|50|-16,1,q4-ridge-fold-1,True
附件一（训练集）.xlsx|材料1|968,材料1|90|正弦波|52|-12,4,q4-ridge-fold-4,True
附件一（训练集）.xlsx|材料2|2518,材料2|70|三角波|55|-11,0,q4-ridge-fold-0,True
附件一（训练集）.xlsx|材料4|2019,材料4|25|三角波|55|-12,0,q4-ridge-fold-0,True
附件一（训练集）.xlsx|材料2|1700,材料2|70|三角波|49|-8,0,q4-ridge-fold-0,True
附件一（训练集）.xlsx|材料3|102,材料3|50|正弦波|47|-10,3,q4-ridge-fold-3,True
附件一（训练集）.xlsx|材料3|2126,材料3|25|梯形波|51|-14,1,q4-ridge-fold-1,True
附件一（训练集）.xlsx|材料4|674,材料4|90|正弦波|49|-12,0,q4-ridge-fold-0,True
附件一（训练集）.xlsx|材料3|1436,材料3|50|三角波|55|-14,3,q4-ridge-fold-3,True
附件一（训练集）.xlsx|材料3|3001,材料3|90|梯形波|55|-10,4,q4-ridge-fold-4,True
附件一（训练集）.xlsx|材料4|25,材料4|25|正弦波|47|-14,0,q4-ridge-fold-0,True
附件一（训练集）.xlsx|材料1|1331,材料1|25|三角波|48|-10,3,q4-ridge-fold-3,True
附件一（训练集）.xlsx|材料3|112,材料3|50|正弦波|49|-9,0,q4-ridge-fold-0,True
附件一（训练集）.xlsx|材料3|691,材料3|70|正弦波|50|-11,1,q4-ridge-fold-1,True
附件一（训练集）.xlsx|材料3|1825,材料3|90|三角波|50|-6,1,q4-ridge-fold-1,True
附件一（训练集）.xlsx|材料2|2918,材料2|90|梯形波|46|-10,4,q4-ridge-fold-4,True
附件一（训练集）.xlsx|材料4|1469,材料4|70|三角波|51|-16,4,q4-ridge-fold-4,True
附件一（训练集）.xlsx|材料2|1275,材料2|25|三角波|48|-6,0,q4-ridge-fold-0,True
附件一（训练集）.xlsx|材料4|737,材料4|90|正弦波|51|-12,3,q4-ridge-fold-3,True
附件一（训练集）.xlsx|材料2|168,材料2|50|正弦波|55|-12,2,q4-ridge-fold-2,True
附件一（训练集）.xlsx|材料2|1956,材料2|90|三角波|54|-13,1,q4-ridge-fold-1,True
附件一（训练集）.xlsx|材料3|2462,材料3|50|梯形波|54|-14,0,q4-ridge-fold-0,True
附件一（训练集）.xlsx|材料2|476,材料2|50|正弦波|46|-13,4,q4-ridge-fold-4,True
附件一（训练集）.xlsx|材料1|2002,材料1|70|三角波|50|-15,4,q4-ridge-fold-4,True
附件一（训练集）.xlsx|材料1|1950,材料1|70|三角波|48|-9,1,q4-ridge-fold-1,True
附件一（训练集）.xlsx|材料3|2862,材料3|70|梯形波|55|-16,0,q4-ridge-fold-0,True
附件一（训练集）.xlsx|材料2|461,材料2|25|正弦波|55|-14,3,q4-ridge-fold-3,True
附件一（训练集）.xlsx|材料3|2142,材料3|25|梯形波|52|-7,4,q4-ridge-fold-4,True
附件一（训练集）.xlsx|材料4|575,材料4|70|正弦波|53|-12,1,q4-ridge-fold-1,True
附件一（训练集）.xlsx|材料1|1122,材料1|25|三角波|51|-17,4,q4-ridge-fold-4,True
附件一（训练集）.xlsx|材料3|1229,材料3|25|三角波|50|-14,1,q4-ridge-fold-1,True
附件一（训练集）.xlsx|材料3|2225,材料3|25|梯形波|51|-7,1,q4-ridge-fold-1,True
附件一（训练集）.xlsx|材料3|1875,材料3|90|三角波|48|-13,4,q4-ridge-fold-4,True
附件一（训练集）.xlsx|材料1|2537,材料1|25|梯形波|52|-13,1,q4-ridge-fold-1,True
附件一（训练集）.xlsx|材料4|1568,材料4|70|三角波|55|-17,4,q4-ridge-fold-4,True
附件一（训练集）.xlsx|材料2|2276,材料2|50|三角波|55|-15,1,q4-ridge-fold-1,True
附件一（训练集）.xlsx|材料3|1327,材料3|50|三角波|48|-6,2,q4-ridge-fold-2,True
附件一（训练集）.xlsx|材料3|2004,材料3|25|三角波|55|-17,2,q4-ridge-fold-2,True
附件一（训练集）.xlsx|材料2|2356,材料2|50|梯形波|46|-10,4,q4-ridge-fold-4,True
附件一（训练集）.xlsx|材料3|892,材料3|50|正弦波|52|-16,2,q4-ridge-fold-2,True
附件一（训练集）.xlsx|材料1|2350,材料1|25|三角波|55|-15,4,q4-ridge-fold-4,True
附件一（训练集）.xlsx|材料1|826,材料1|90|正弦波|47|-15,3,q4-ridge-fold-3,True
附件一（训练集）.xlsx|材料3|522,材料3|25|正弦波|50|-14,0,q4-ridge-fold-0,True
附件一（训练集）.xlsx|材料4|2107,材料4|25|梯形波|46|-7,1,q4-ridge-fold-1,True
附件一（训练集）.xlsx|材料1|355,材料1|50|正弦波|49|-11,4,q4-ridge-fold-4,True
附件一（训练集）.xlsx|材料2|2107,材料2|25|梯形波|55|-20,4,q4-ridge-fold-4,True
附件一（训练集）.xlsx|材料1|2262,材料1|90|三角波|48|-8,4,q4-ridge-fold-4,True
附件一（训练集）.xlsx|材料1|360,材料1|50|正弦波|49|-8,3,q4-ridge-fold-3,True
附件一（训练集）.xlsx|材料4|592,材料4|70|正弦波|54|-16,0,q4-ridge-fold-0,True
附件一（训练集）.xlsx|材料4|1070,材料4|25|三角波|55|-15,0,q4-ridge-fold-0,True
附件一（训练集）.xlsx|材料3|2052,材料3|25|梯形波|51|-8,4,q4-ridge-fold-4,True
附件一（训练集）.xlsx|材料1|2036,材料1|90|三角波|50|-14,3,q4-ridge-fold-3,True
附件一（训练集）.xlsx|材料2|738,材料2|70|正弦波|52|-17,1,q4-ridge-fold-1,True
附件一（训练集）.xlsx|材料3|164,材料3|50|正弦波|55|-18,0,q4-ridge-fold-0,True
附件一（训练集）.xlsx|材料1|2016,材料1|90|三角波|47|-8,1,q4-ridge-fold-1,True
附件一（训练集）.xlsx|材料3|615,材料3|50|正弦波|52|-13,4,q4-ridge-fold-4,True
附件一（训练集）.xlsx|材料2|2078,材料2|25|梯形波|49|-7,2,q4-ridge-fold-2,True
附件一（训练集）.xlsx|材料3|788,材料3|90|正弦波|55|-17,0,q4-ridge-fold-0,True
附件一（训练集）.xlsx|材料1|960,材料1|90|正弦波|52|-17,4,q4-ridge-fold-4,True
附件一（训练集）.xlsx|材料2|2225,材料2|25|梯形波|51|-8,2,q4-ridge-fold-2,True
附件一（训练集）.xlsx|材料2|835,材料2|90|正弦波|53|-12,4,q4-ridge-fold-4,True
附件一（训练集）.xlsx|材料1|2847,材料1|50|梯形波|54|-17,3,q4-ridge-fold-3,True
附件一（训练集）.xlsx|材料2|413,材料2|70|正弦波|49|-14,0,q4-ridge-fold-0,True
附件一（训练集）.xlsx|材料1|86,材料1|25|正弦波|49|-7,1,q4-ridge-fold-1,True
附件一（训练集）.xlsx|材料4|2332,材料4|50|梯形波|49|-8,3,q4-ridge-fold-3,True
附件一（训练集）.xlsx|材料3|2048,材料3|25|梯形波|51|-13,2,q4-ridge-fold-2,True
附件一（训练集）.xlsx|材料3|2804,材料3|70|梯形波|48|-7,2,q4-ridge-fold-2,True
附件一（训练集）.xlsx|材料3|1080,材料3|25|三角波|50|-14,1,q4-ridge-fold-1,True
附件一（训练集）.xlsx|材料2|2178,材料2|25|梯形波|55|-12,2,q4-ridge-fold-2,True
附件一（训练集）.xlsx|材料2|2923,材料2|90|梯形波|48|-9,1,q4-ridge-fold-1,True
附件一（训练集）.xlsx|材料3|1620,材料3|70|三角波|56|-13,3,q4-ridge-fold-3,True
附件一（训练集）.xlsx|材料3|2925,材料3|90|梯形波|46|-11,3,q4-ridge-fold-3,True
附件一（训练集）.xlsx|材料3|2346,材料3|50|梯形波|49|-7,1,q4-ridge-fold-1,True
附件一（训练集）.xlsx|材料3|2834,材料3|70|梯形波|52|-10,2,q4-ridge-fold-2,True
附件一（训练集）.xlsx|材料4|772,材料4|90|正弦波|52|-18,0,q4-ridge-fold-0,True
附件一（训练集）.xlsx|材料1|365,材料1|50|正弦波|49|-15,3,q4-ridge-fold-3,True
附件一（训练集）.xlsx|材料2|2287,材料2|50|三角波|55|-9,1,q4-ridge-fold-1,True
附件一（训练集）.xlsx|材料2|2434,材料2|50|梯形波|48|-8,0,q4-ridge-fold-0,True
附件一（训练集）.xlsx|材料1|2096,材料1|90|三角波|52|-9,3,q4-ridge-fold-3,True
附件一（训练集）.xlsx|材料4|656,材料4|90|正弦波|47|-8,1,q4-ridge-fold-1,True
附件一（训练集）.xlsx|材料1|1198,材料1|25|三角波|52|-9,1,q4-ridge-fold-1,True
附件一（训练集）.xlsx|材料2|1978,材料2|90|三角波|56|-18,2,q4-ridge-fold-2,True
附件一（训练集）.xlsx|材料4|569,材料4|70|正弦波|53|-16,0,q4-ridge-fold-0,True
附件一（训练集）.xlsx|材料4|2305,材料4|50|梯形波|49|-17,1,q4-ridge-fold-1,True
附件一（训练集）.xlsx|材料1|1088,材料1|25|三角波|48|-11,0,q4-ridge-fold-0,True
附件一（训练集）.xlsx|材料1|2590,材料1|25|梯形波|54|-15,1,q4-ridge-fold-1,True
附件一（训练集）.xlsx|材料2|1875,材料2|90|三角波|52|-19,0,q4-ridge-fold-0,True
附件一（训练集）.xlsx|材料3|1196,材料3|25|三角波|55|-18,0,q4-ridge-fold-0,True
附件一（训练集）.xlsx|材料1|1913,材料1|70|三角波|55|-13,3,q4-ridge-fold-3,True
附件一（训练集）.xlsx|材料1|2649,材料1|50|梯形波|47|-8,0,q4-ridge-fold-0,True
附件一（训练集）.xlsx|材料2|2607,材料2|70|梯形波|49|-14,0,q4-ridge-fold-0,True
附件一（训练集）.xlsx|材料4|2032,材料4|25|三角波|49|-14,2,q4-ridge-fold-2,True
附件一（训练集）.xlsx|材料2|1963,材料2|90|三角波|55|-15,0,q4-ridge-fold-0,True
附件一（训练集）.xlsx|材料2|952,材料2|25|正弦波|52|-14,4,q4-ridge-fold-4,True
附件一（训练集）.xlsx|材料1|2020,材料1|90|三角波|48|-16,0,q4-ridge-fold-0,True
附件一（训练集）.xlsx|材料1|2142,材料1|90|三角波|53|-18,2,q4-ridge-fold-2,True
附件一（训练集）.xlsx|材料3|957,材料3|25|正弦波|50|-19,3,q4-ridge-fold-3,True
附件一（训练集）.xlsx|材料4|1129,材料4|25|三角波|49|-11,4,q4-ridge-fold-4,True
附件一（训练集）.xlsx|材料1|1309,材料1|25|三角波|56|-14,4,q4-ridge-fold-4,True
附件一（训练集）.xlsx|材料1|1261,材料1|25|三角波|55|-13,4,q4-ridge-fold-4,True
附件一（训练集）.xlsx|材料4|2577,材料4|70|梯形波|52|-20,3,q4-ridge-fold-3,True
附件一（训练集）.xlsx|材料3|1475,材料3|50|三角波|52|-14,3,q4-ridge-fold-3,True
附件一（训练集）.xlsx|材料1|3076,材料1|70|梯形波|53|-14,2,q4-ridge-fold-2,True
附件一（训练集）.xlsx|材料1|3261,材料1|90|梯形波|51|-10,3,q4-ridge-fold-3,True
附件一（训练集）.xlsx|材料2|1756,材料2|70|三角波|56|-17,0,q4-ridge-fold-0,True
附件一（训练集）.xlsx|材料3|1878,材料3|90|三角波|48|-10,2,q4-ridge-fold-2,True
附件一（训练集）.xlsx|材料4|409,材料4|50|正弦波|56|-16,0,q4-ridge-fold-0,True
附件一（训练集）.xlsx|材料4|2729,材料4|90|梯形波|50|-8,4,q4-ridge-fold-4,True
附件一（训练集）.xlsx|材料4|2695,材料4|90|梯形波|49|-14,3,q4-ridge-fold-3,True
附件一（训练集）.xlsx|材料1|750,材料1|70|正弦波|53|-12,2,q4-ridge-fold-2,True
附件一（训练集）.xlsx|材料3|2403,材料3|50|梯形波|46|-10,4,q4-ridge-fold-4,True
附件一（训练集）.xlsx|材料2|1300,材料2|25|三角波|52|-12,2,q4-ridge-fold-2,True
附件一（训练集）.xlsx|材料3|401,材料3|25|正弦波|49|-10,3,q4-ridge-fold-3,True
附件一（训练集）.xlsx|材料2|1056,材料2|25|正弦波|50|-11,4,q4-ridge-fold-4,True
附件一（训练集）.xlsx|材料4|534,材料4|70|正弦波|52|-12,0,q4-ridge-fold-0,True
附件一（训练集）.xlsx|材料2|2835,材料2|90|梯形波|55|-11,0,q4-ridge-fold-0,True
附件一（训练集）.xlsx|材料2|2928,材料2|90|梯形波|49|-12,0,q4-ridge-fold-0,True
附件一（训练集）.xlsx|材料4|1180,材料4|50|三角波|48|-15,2,q4-ridge-fold-2,True
附件一（训练集）.xlsx|材料4|2732,材料4|90|梯形波|51|-18,1,q4-ridge-fold-1,True
附件一（训练集）.xlsx|材料2|1428,材料2|50|三角波|55|-13,4,q4-ridge-fold-4,True
附件一（训练集）.xlsx|材料3|3140,材料3|90|梯形波|52|-16,3,q4-ridge-fold-3,True
附件一（训练集）.xlsx|材料3|964,材料3|25|正弦波|46|-10,0,q4-ridge-fold-0,True
附件一（训练集）.xlsx|材料3|1440,材料3|50|三角波|56|-20,4,q4-ridge-fold-4,True
附件一（训练集）.xlsx|材料3|197,材料3|70|正弦波|49|-18,4,q4-ridge-fold-4,True
附件一（训练集）.xlsx|材料4|2364,材料4|50|梯形波|51|-17,2,q4-ridge-fold-2,True
附件一（训练集）.xlsx|材料3|924,材料3|70|正弦波|53|-13,4,q4-ridge-fold-4,True
附件一（训练集）.xlsx|材料4|1754,材料4|90|三角波|52|-13,1,q4-ridge-fold-1,True
附件一（训练集）.xlsx|材料2|1350,材料2|50|三角波|52|-11,4,q4-ridge-fold-4,True
附件一（训练集）.xlsx|材料2|1110,材料2|25|三角波|52|-12,2,q4-ridge-fold-2,True
附件一（训练集）.xlsx|材料1|1926,材料1|70|三角波|56|-14,2,q4-ridge-fold-2,True
附件一（训练集）.xlsx|材料3|2369,材料3|50|梯形波|52|-14,2,q4-ridge-fold-2,True
附件一（训练集）.xlsx|材料4|1090,材料4|25|三角波|47|-9,1,q4-ridge-fold-1,True
附件一（训练集）.xlsx|材料1|1893,材料1|70|三角波|55|-18,3,q4-ridge-fold-3,True
附件一（训练集）.xlsx|材料4|1519,材料4|70|三角波|52|-13,0,q4-ridge-fold-0,True
附件一（训练集）.xlsx|材料4|178,材料4|25|正弦波|55|-15,2,q4-ridge-fold-2,True
附件一（训练集）.xlsx|材料3|768,材料3|90|正弦波|52|-10,2,q4-ridge-fold-2,True
附件一（训练集）.xlsx|材料3|1343,材料3|50|三角波|52|-13,0,q4-ridge-fold-0,True
附件一（训练集）.xlsx|材料4|525,材料4|70|正弦波|51|-11,2,q4-ridge-fold-2,True
附件一（训练集）.xlsx|材料3|2137,材料3|25|梯形波|52|-13,4,q4-ridge-fold-4,True
附件一（训练集）.xlsx|材料3|3045,材料3|90|梯形波|51|-11,4,q4-ridge-fold-4,True
附件一（训练集）.xlsx|材料2|2776,材料2|90|梯形波|46|-10,4,q4-ridge-fold-4,True
附件一（训练集）.xlsx|材料4|2516,材料4|70|梯形波|49|-18,0,q4-ridge-fold-0,True
附件一（训练集）.xlsx|材料1|1258,材料1|25|三角波|55|-14,3,q4-ridge-fold-3,True
附件一（训练集）.xlsx|材料1|2598,材料1|50|三角波|55|-8,3,q4-ridge-fold-3,True
附件一（训练集）.xlsx|材料3|395,材料3|50|正弦波|49|-11,2,q4-ridge-fold-2,True
附件一（训练集）.xlsx|材料1|2726,材料1|50|梯形波|51|-12,1,q4-ridge-fold-1,True
附件一（训练集）.xlsx|材料3|2167,材料3|25|梯形波|55|-19,4,q4-ridge-fold-4,True
附件一（训练集）.xlsx|材料2|111,材料2|50|正弦波|49|-13,4,q4-ridge-fold-4,True
附件一（训练集）.xlsx|材料1|216,材料1|25|正弦波|52|-15,2,q4-ridge-fold-2,True
附件一（训练集）.xlsx|材料1|189,材料1|25|正弦波|52|-9,0,q4-ridge-fold-0,True
附件一（训练集）.xlsx|材料4|1473,材料4|70|三角波|51|-13,1,q4-ridge-fold-1,True
附件一（训练集）.xlsx|材料1|2819,材料1|50|梯形波|53|-16,3,q4-ridge-fold-3,True
附件一（训练集）.xlsx|材料3|2586,材料3|50|梯形波|56|-11,4,q4-ridge-fold-4,True
附件一（训练集）.xlsx|材料2|2541,材料2|70|梯形波|49|-9,1,q4-ridge-fold-1,True
附件一（训练集）.xlsx|材料4|2076,材料4|25|三角波|55|-18,4,q4-ridge-fold-4,True
附件一（训练集）.xlsx|材料4|1653,材料4|70|三角波|49|-11,0,q4-ridge-fold-0,True
附件一（训练集）.xlsx|材料1|675,材料1|70|正弦波|51|-12,1,q4-ridge-fold-1,True
附件一（训练集）.xlsx|材料3|2829,材料3|70|梯形波|52|-16,3,q4-ridge-fold-3,True
附件一（训练集）.xlsx|材料3|521,材料3|25|正弦波|50|-15,2,q4-ridge-fold-2,True
附件一（训练集）.xlsx|材料2|1369,材料2|50|三角波|55|-20,1,q4-ridge-fold-1,True
附件一（训练集）.xlsx|材料2|2810,材料2|90|梯形波|52|-20,2,q4-ridge-fold-2,True
附件一（训练集）.xlsx|材料3|285,材料3|90|正弦波|50|-14,3,q4-ridge-fold-3,True
附件一（训练集）.xlsx|材料2|2228,材料2|25|梯形波|52|-16,3,q4-ridge-fold-3,True
附件一（训练集）.xlsx|材料4|1937,材料4|25|三角波|49|-15,0,q4-ridge-fold-0,True
附件一（训练集）.xlsx|材料2|2089,材料2|25|梯形波|51|-8,2,q4-ridge-fold-2,True
附件一（训练集）.xlsx|材料1|474,材料1|50|正弦波|52|-18,3,q4-ridge-fold-3,True
附件一（训练集）.xlsx|材料2|338,材料2|90|正弦波|55|-16,2,q4-ridge-fold-2,True
附件一（训练集）.xlsx|材料4|749,材料4|90|正弦波|52|-16,1,q4-ridge-fold-1,True
附件一（训练集）.xlsx|材料3|2280,材料3|25|梯形波|56|-15,4,q4-ridge-fold-4,True
附件一（训练集）.xlsx|材料1|1874,材料1|70|三角波|55|-19,3,q4-ridge-fold-3,True
附件一（训练集）.xlsx|材料3|3153,材料3|90|梯形波|52|-12,4,q4-ridge-fold-4,True
附件一（训练集）.xlsx|材料1|427,材料1|50|正弦波|51|-14,1,q4-ridge-fold-1,True
附件一（训练集）.xlsx|材料1|1202,材料1|25|三角波|53|-18,2,q4-ridge-fold-2,True
附件一（训练集）.xlsx|材料3|1419,材料3|50|三角波|54|-16,3,q4-ridge-fold-3,True
附件一（训练集）.xlsx|材料2|2689,材料2|70|梯形波|49|-6,1,q4-ridge-fold-1,True
附件一（训练集）.xlsx|材料1|2564,材料1|25|梯形波|54|-19,1,q4-ridge-fold-1,True
附件一（训练集）.xlsx|材料1|2843,材料1|50|梯形波|54|-20,1,q4-ridge-fold-1,True
附件一（训练集）.xlsx|材料4|1179,材料4|50|三角波|48|-16,0,q4-ridge-fold-0,True
附件一（训练集）.xlsx|材料4|1837,材料4|90|三角波|56|-18,0,q4-ridge-fold-0,True
附件一（训练集）.xlsx|材料4|102,材料4|25|正弦波|51|-14,3,q4-ridge-fold-3,True
附件一（训练集）.xlsx|材料4|1294,材料4|50|三角波|54|-15,3,q4-ridge-fold-3,True
附件一（训练集）.xlsx|材料2|569,材料2|25|正弦波|52|-11,1,q4-ridge-fold-1,True
附件一（训练集）.xlsx|材料3|1720,材料3|70|三角波|52|-12,0,q4-ridge-fold-0,True
附件一（训练集）.xlsx|材料2|1572,材料2|70|三角波|48|-7,3,q4-ridge-fold-3,True
附件一（训练集）.xlsx|材料2|2991,材料2|90|梯形波|56|-13,2,q4-ridge-fold-2,True
附件一（训练集）.xlsx|材料3|1947,材料3|90|三角波|56|-21,0,q4-ridge-fold-0,True
附件一（训练集）.xlsx|材料2|380,材料2|25|正弦波|53|-12,0,q4-ridge-fold-0,True
附件一（训练集）.xlsx|材料2|1448,材料2|50|三角波|49|-14,4,q4-ridge-fold-4,True
附件一（训练集）.xlsx|材料3|1158,材料3|25|三角波|50|-16,4,q4-ridge-fold-4,True
附件一（训练集）.xlsx|材料4|2130,材料4|25|梯形波|48|-8,1,q4-ridge-fold-1,True
附件一（训练集）.xlsx|材料3|1599,材料3|70|三角波|54|-11,4,q4-ridge-fold-4,True
附件一（训练集）.xlsx|材料2|2278,材料2|50|三角波|55|-12,2,q4-ridge-fold-2,True
附件一（训练集）.xlsx|材料4|878,材料4|25|正弦波|49|-16,0,q4-ridge-fold-0,True
附件一（训练集）.xlsx|材料4|849,材料4|90|正弦波|54|-17,3,q4-ridge-fold-3,True
附件一（训练集）.xlsx|材料3|1510,材料3|70|三角波|50|-14,3,q4-ridge-fold-3,True
附件一（训练集）.xlsx|材料3|2575,材料3|50|梯形波|55|-11,4,q4-ridge-fold-4,True
附件一（训练集）.xlsx|材料3|1366,材料3|50|三角波|55|-13,4,q4-ridge-fold-4,True
附件一（训练集）.xlsx|材料3|2185,材料3|25|梯形波|46|-11,3,q4-ridge-fold-3,True
附件一（训练集）.xlsx|材料1|2447,材料1|25|梯形波|50|-15,0,q4-ridge-fold-0,True
附件一（训练集）.xlsx|材料2|2824,材料2|90|梯形波|54|-13,2,q4-ridge-fold-2,True
附件一（训练集）.xlsx|材料1|2691,材料1|50|梯形波|49|-15,0,q4-ridge-fold-0,True
附件一（训练集）.xlsx|材料4|1701,材料4|90|三角波|50|-10,1,q4-ridge-fold-1,True
附件一（训练集）.xlsx|材料4|2781,材料4|90|梯形波|52|-17,3,q4-ridge-fold-3,True
附件一（训练集）.xlsx|材料2|2289,材料2|50|梯形波|46|-12,2,q4-ridge-fold-2,True
附件一（训练集）.xlsx|材料4|391,材料4|50|正弦波|55|-19,4,q4-ridge-fold-4,True
附件一（训练集）.xlsx|材料2|2330,材料2|50|梯形波|52|-14,3,q4-ridge-fold-3,True
附件一（训练集）.xlsx|材料1|128,材料1|25|正弦波|50|-17,2,q4-ridge-fold-2,True
附件一（训练集）.xlsx|材料4|129,材料4|25|正弦波|52|-11,1,q4-ridge-fold-1,True
附件一（训练集）.xlsx|材料4|2057,材料4|25|三角波|52|-18,0,q4-ridge-fold-0,True
附件一（训练集）.xlsx|材料3|2635,材料3|70|梯形波|48|-7,2,q4-ridge-fold-2,True
附件一（训练集）.xlsx|材料4|1638,材料4|70|三角波|49|-11,0,q4-ridge-fold-0,True
附件一（训练集）.xlsx|材料1|1162,材料1|25|三角波|52|-17,2,q4-ridge-fold-2,True
附件一（训练集）.xlsx|材料4|2406,材料4|70|三角波|55|-14,4,q4-ridge-fold-4,True
附件一（训练集）.xlsx|材料4|2547,材料4|70|梯形波|51|-12,4,q4-ridge-fold-4,True
附件一（训练集）.xlsx|材料2|727,材料2|70|正弦波|52|-19,3,q4-ridge-fold-3,True
附件一（训练集）.xlsx|材料2|924,材料2|90|正弦波|52|-18,1,q4-ridge-fold-1,True
附件一（训练集）.xlsx|材料4|775,材料4|90|正弦波|52|-16,1,q4-ridge-fold-1,True
附件一（训练集）.xlsx|材料2|1928,材料2|90|三角波|49|-9,3,q4-ridge-fold-3,True
附件一（训练集）.xlsx|材料1|1101,材料1|25|三角波|50|-19,0,q4-ridge-fold-0,True
附件一（训练集）.xlsx|材料3|478,材料3|50|正弦波|47|-17,4,q4-ridge-fold-4,True
附件一（训练集）.xlsx|材料2|2561,材料2|70|梯形波|52|-8,2,q4-ridge-fold-2,True
附件一（训练集）.xlsx|材料1|3110,材料1|70|梯形波|54|-18,4,q4-ridge-fold-4,True
附件一（训练集）.xlsx|材料2|1680,材料2|70|三角波|55|-16,1,q4-ridge-fold-1,True
附件一（训练集）.xlsx|材料2|371,材料2|70|正弦波|46|-16,4,q4-ridge-fold-4,True
附件一（训练集）.xlsx|材料2|220,材料2|70|正弦波|50|-12,2,q4-ridge-fold-2,True
附件一（训练集）.xlsx|材料2|1463,材料2|50|三角波|50|-9,2,q4-ridge-fold-2,True
附件一（训练集）.xlsx|材料2|1662,材料2|70|三角波|54|-17,3,q4-ridge-fold-3,True
附件一（训练集）.xlsx|材料3|557,材料3|25|正弦波|55|-20,4,q4-ridge-fold-4,True
附件一（训练集）.xlsx|材料4|1762,材料4|90|三角波|52|-16,4,q4-ridge-fold-4,True
附件一（训练集）.xlsx|材料3|2426,材料3|50|梯形波|49|-7,1,q4-ridge-fold-1,True
附件一（训练集）.xlsx|材料3|1184,材料3|25|三角波|54|-11,4,q4-ridge-fold-4,True
附件一（训练集）.xlsx|材料4|1065,材料4|25|三角波|55|-18,4,q4-ridge-fold-4,True
附件一（训练集）.xlsx|材料3|2685,材料3|70|梯形波|55|-14,2,q4-ridge-fold-2,True
附件一（训练集）.xlsx|材料3|1657,材料3|70|三角波|52|-11,0,q4-ridge-fold-0,True
附件一（训练集）.xlsx|材料2|2724,材料2|70|梯形波|54|-17,2,q4-ridge-fold-2,True
附件一（训练集）.xlsx|材料3|2822,材料3|70|梯形波|51|-11,4,q4-ridge-fold-4,True
附件一（训练集）.xlsx|材料1|803,材料1|90|正弦波|46|-10,3,q4-ridge-fold-3,True
附件一（训练集）.xlsx|材料2|2136,材料2|25|梯形波|49|-14,4,q4-ridge-fold-4,True
附件一（训练集）.xlsx|材料1|1832,材料1|70|三角波|53|-13,4,q4-ridge-fold-4,True
附件一（训练集）.xlsx|材料1|1181,材料1|25|三角波|52|-19,3,q4-ridge-fold-3,True
附件一（训练集）.xlsx|材料2|1571,材料2|50|三角波|56|-12,1,q4-ridge-fold-1,True
附件一（训练集）.xlsx|材料1|3300,材料1|90|梯形波|52|-8,2,q4-ridge-fold-2,True
附件一（训练集）.xlsx|材料2|2913,材料2|90|梯形波|56|-15,0,q4-ridge-fold-0,True
附件一（训练集）.xlsx|材料4|1148,材料4|25|三角波|49|-11,4,q4-ridge-fold-4,True
附件一（训练集）.xlsx|材料1|2876,材料1|70|三角波|55|-13,3,q4-ridge-fold-3,True
附件一（训练集）.xlsx|材料3|159,材料3|50|正弦波|55|-14,3,q4-ridge-fold-3,True
附件一（训练集）.xlsx|材料3|2419,材料3|50|梯形波|49|-6,4,q4-ridge-fold-4,True
附件一（训练集）.xlsx|材料3|1843,材料3|90|三角波|54|-18,2,q4-ridge-fold-2,True
附件一（训练集）.xlsx|材料1|170,材料1|25|正弦波|51|-7,1,q4-ridge-fold-1,True
附件一（训练集）.xlsx|材料1|1105,材料1|25|三角波|50|-16,2,q4-ridge-fold-2,True
附件一（训练集）.xlsx|材料3|1326,材料3|50|三角波|49|-7,0,q4-ridge-fold-0,True
附件一（训练集）.xlsx|材料3|2950,材料3|90|梯形波|49|-7,4,q4-ridge-fold-4,True
附件一（训练集）.xlsx|材料1|1778,材料1|70|三角波|52|-9,0,q4-ridge-fold-0,True
附件一（训练集）.xlsx|材料1|3091,材料1|70|梯形波|54|-17,2,q4-ridge-fold-2,True
附件一（训练集）.xlsx|材料4|814,材料4|90|正弦波|55|-19,1,q4-ridge-fold-1,True
附件一（训练集）.xlsx|材料4|1444,材料4|70|三角波|50|-14,3,q4-ridge-fold-3,True
附件一（训练集）.xlsx|材料1|3190,材料1|90|梯形波|48|-10,1,q4-ridge-fold-1,True
附件一（训练集）.xlsx|材料3|2317,材料3|50|三角波|55|-13,4,q4-ridge-fold-4,True
附件一（训练集）.xlsx|材料2|2770,材料2|90|三角波|55|-13,1,q4-ridge-fold-1,True
附件一（训练集）.xlsx|材料2|814,材料2|90|正弦波|52|-16,3,q4-ridge-fold-3,True
附件一（训练集）.xlsx|材料4|706,材料4|90|正弦波|50|-13,4,q4-ridge-fold-4,True
附件一（训练集）.xlsx|材料1|158,材料1|25|正弦波|51|-19,4,q4-ridge-fold-4,True
附件一（训练集）.xlsx|材料2|1818,材料2|90|三角波|52|-11,0,q4-ridge-fold-0,True
附件一（训练集）.xlsx|材料3|3021,材料3|90|梯形波|48|-8,0,q4-ridge-fold-0,True
附件一（训练集）.xlsx|材料4|1981,材料4|25|三角波|53|-17,2,q4-ridge-fold-2,True
附件一（训练集）.xlsx|材料4|2727,材料4|90|梯形波|50|-9,2,q4-ridge-fold-2,True
附件一（训练集）.xlsx|材料3|1504,材料3|50|三角波|56|-19,4,q4-ridge-fold-4,True
附件一（训练集）.xlsx|材料4|1819,材料4|90|三角波|55|-16,3,q4-ridge-fold-3,True
附件一（训练集）.xlsx|材料3|1297,材料3|50|三角波|54|-13,4,q4-ridge-fold-4,True
附件一（训练集）.xlsx|材料4|2336,材料4|50|梯形波|50|-18,0,q4-ridge-fold-0,True
附件一（训练集）.xlsx|材料1|1933,材料1|70|三角波|47|-11,2,q4-ridge-fold-2,True
附件一（训练集）.xlsx|材料3|3137,材料3|90|梯形波|51|-7,1,q4-ridge-fold-1,True
附件一（训练集）.xlsx|材料4|1263,材料4|50|三角波|52|-14,0,q4-ridge-fold-0,True
附件一（训练集）.xlsx|材料1|2663,材料1|50|梯形波|48|-8,1,q4-ridge-fold-1,True
附件一（训练集）.xlsx|材料1|3273,材料1|90|梯形波|51|-12,0,q4-ridge-fold-0,True
附件一（训练集）.xlsx|材料1|1399,材料1|50|三角波|48|-10,0,q4-ridge-fold-0,True
附件一（训练集）.xlsx|材料2|1672,材料2|70|三角波|55|-15,0,q4-ridge-fold-0,True
附件一（训练集）.xlsx|材料2|667,材料2|50|正弦波|55|-17,2,q4-ridge-fold-2,True
附件一（训练集）.xlsx|材料3|679,材料3|70|正弦波|49|-15,2,q4-ridge-fold-2,True
附件一（训练集）.xlsx|材料3|1982,材料3|90|三角波|52|-10,2,q4-ridge-fold-2,True
附件一（训练集）.xlsx|材料1|311,材料1|50|正弦波|47|-10,1,q4-ridge-fold-1,True
附件一（训练集）.xlsx|材料1|523,材料1|50|正弦波|54|-15,1,q4-ridge-fold-1,True
附件一（训练集）.xlsx|材料4|2614,材料4|90|三角波|55|-14,4,q4-ridge-fold-4,True
附件一（训练集）.xlsx|材料1|2849,材料1|50|梯形波|54|-15,2,q4-ridge-fold-2,True
附件一（训练集）.xlsx|材料4|1961,材料4|25|三角波|52|-18,0,q4-ridge-fold-0,True
附件一（训练集）.xlsx|材料1|2973,材料1|70|梯形波|50|-16,0,q4-ridge-fold-0,True
附件一（训练集）.xlsx|材料3|3044,材料3|90|梯形波|51|-12,0,q4-ridge-fold-0,True
附件一（训练集）.xlsx|材料4|1249,材料4|50|三角波|52|-16,0,q4-ridge-fold-0,True
附件一（训练集）.xlsx|材料2|2538,材料2|70|梯形波|49|-14,0,q4-ridge-fold-0,True
附件一（训练集）.xlsx|材料1|989,材料1|90|正弦波|52|-11,1,q4-ridge-fold-1,True
附件一（训练集）.xlsx|材料3|2918,材料3|90|三角波|55|-15,3,q4-ridge-fold-3,True
附件一（训练集）.xlsx|材料4|1774,材料4|90|三角波|53|-19,3,q4-ridge-fold-3,True
附件一（训练集）.xlsx|材料1|759,材料1|70|正弦波|53|-19,2,q4-ridge-fold-2,True
附件一（训练集）.xlsx|材料2|871,材料2|70|正弦波|46|-16,4,q4-ridge-fold-4,True
附件一（训练集）.xlsx|材料4|1246,材料4|50|三角波|52|-18,0,q4-ridge-fold-0,True
附件一（训练集）.xlsx|材料3|3190,材料3|90|梯形波|56|-16,0,q4-ridge-fold-0,True
附件一（训练集）.xlsx|材料3|631,材料3|50|正弦波|53|-18,1,q4-ridge-fold-1,True
附件一（训练集）.xlsx|材料4|2257,材料4|50|三角波|55|-11,0,q4-ridge-fold-0,True
附件一（训练集）.xlsx|材料3|1775,材料3|90|三角波|54|-15,4,q4-ridge-fold-4,True
附件一（训练集）.xlsx|材料3|2656,材料3|70|梯形波|52|-15,4,q4-ridge-fold-4,True
附件一（训练集）.xlsx|材料1|1529,材料1|50|三角波|54|-16,0,q4-ridge-fold-0,True
附件一（训练集）.xlsx|材料3|862,材料3|70|正弦波|46|-11,4,q4-ridge-fold-4,True
附件一（训练集）.xlsx|材料4|2347,材料4|50|梯形波|50|-9,4,q4-ridge-fold-4,True
附件一（训练集）.xlsx|材料2|1589,材料2|70|三角波|52|-11,1,q4-ridge-fold-1,True
附件一（训练集）.xlsx|材料1|2008,材料1|70|三角波|50|-11,1,q4-ridge-fold-1,True
附件一（训练集）.xlsx|材料2|2545,材料2|70|梯形波|51|-14,3,q4-ridge-fold-3,True
附件一（训练集）.xlsx|材料3|424,材料3|70|正弦波|55|-20,2,q4-ridge-fold-2,True
附件一（训练集）.xlsx|材料4|2715,材料4|90|梯形波|49|-8,1,q4-ridge-fold-1,True
附件一（训练集）.xlsx|材料3|1438,材料3|50|三角波|55|-11,4,q4-ridge-fold-4,True
附件一（训练集）.xlsx|材料3|1178,材料3|25|三角波|52|-8,1,q4-ridge-fold-1,True
附件一（训练集）.xlsx|材料1|2240,材料1|90|三角波|56|-13,2,q4-ridge-fold-2,True
附件一（训练集）.xlsx|材料4|1516,材料4|70|三角波|52|-14,1,q4-ridge-fold-1,True
附件一（训练集）.xlsx|材料3|2770,材料3|70|梯形波|55|-11,1,q4-ridge-fold-1,True
附件一（训练集）.xlsx|材料2|2592,材料2|70|梯形波|55|-14,3,q4-ridge-fold-3,True
附件一（训练集）.xlsx|材料3|1993,材料3|90|三角波|55|-14,3,q4-ridge-fold-3,True
附件一（训练集）.xlsx|材料4|1417,材料4|70|三角波|47|-10,1,q4-ridge-fold-1,True
附件一（训练集）.xlsx|材料3|2695,材料3|70|梯形波|55|-12,3,q4-ridge-fold-3,True
附件一（训练集）.xlsx|材料3|1488,材料3|50|三角波|52|-11,0,q4-ridge-fold-0,True
附件一（训练集）.xlsx|材料2|2104,材料2|25|梯形波|54|-13,3,q4-ridge-fold-3,True
附件一（训练集）.xlsx|材料4|1954,材料4|25|三角波|51|-16,4,q4-ridge-fold-4,True
附件一（训练集）.xlsx|材料1|169,材料1|25|正弦波|51|-8,3,q4-ridge-fold-3,True
附件一（训练集）.xlsx|材料3|1784,材料3|90|三角波|55|-16,0,q4-ridge-fold-0,True
附件一（训练集）.xlsx|材料4|641,材料4|90|正弦波|47|-14,4,q4-ridge-fold-4,True
附件一（训练集）.xlsx|材料1|2837,材料1|50|梯形波|54|-11,1,q4-ridge-fold-1,True
附件一（训练集）.xlsx|材料4|606,材料4|70|正弦波|55|-18,1,q4-ridge-fold-1,True
附件一（训练集）.xlsx|材料1|345,材料1|50|正弦波|49|-18,4,q4-ridge-fold-4,True
附件一（训练集）.xlsx|材料4|1912,材料4|90|三角波|49|-7,2,q4-ridge-fold-2,True
附件一（训练集）.xlsx|材料2|1090,材料2|25|正弦波|55|-20,3,q4-ridge-fold-3,True
附件一（训练集）.xlsx|材料1|2475,材料1|25|梯形波|51|-6,1,q4-ridge-fold-1,True
附件一（训练集）.xlsx|材料1|603,材料1|70|正弦波|49|-8,0,q4-ridge-fold-0,True
附件一（训练集）.xlsx|材料2|2192,材料2|25|梯形波|56|-19,1,q4-ridge-fold-1,True
附件一（训练集）.xlsx|材料4|2683,材料4|90|梯形波|48|-11,3,q4-ridge-fold-3,True
附件一（训练集）.xlsx|材料3|1156,材料3|25|三角波|49|-7,1,q4-ridge-fold-1,True
附件一（训练集）.xlsx|材料2|2771,材料2|90|三角波|55|-12,3,q4-ridge-fold-3,True
附件一（训练集）.xlsx|材料1|3149,材料1|90|三角波|55|-10,3,q4-ridge-fold-3,True
附件一（训练集）.xlsx|材料4|945,材料4|25|三角波|51|-19,4,q4-ridge-fold-4,True
附件一（训练集）.xlsx|材料4|542,材料4|70|正弦波|52|-18,3,q4-ridge-fold-3,True
附件一（训练集）.xlsx|材料2|776,材料2|90|正弦波|47|-16,0,q4-ridge-fold-0,True
附件一（训练集）.xlsx|材料2|1123,材料2|25|三角波|52|-10,3,q4-ridge-fold-3,True
附件一（训练集）.xlsx|材料2|167,材料2|50|正弦波|55|-13,0,q4-ridge-fold-0,True
附件一（训练集）.xlsx|材料1|49,材料1|25|正弦波|47|-8,4,q4-ridge-fold-4,True
附件一（训练集）.xlsx|材料3|2836,材料3|70|梯形波|52|-8,4,q4-ridge-fold-4,True
附件一（训练集）.xlsx|材料4|2264,材料4|50|梯形波|46|-9,1,q4-ridge-fold-1,True
附件一（训练集）.xlsx|材料4|1990,材料4|25|三角波|55|-20,0,q4-ridge-fold-0,True
附件一（训练集）.xlsx|材料3|1415,材料3|50|三角波|52|-10,4,q4-ridge-fold-4,True
附件一（训练集）.xlsx|材料1|3305,材料1|90|梯形波|52|-18,1,q4-ridge-fold-1,True
附件一（训练集）.xlsx|材料3|579,材料3|50|正弦波|46|-8,3,q4-ridge-fold-3,True
附件一（训练集）.xlsx|材料2|1223,材料2|25|三角波|49|-10,4,q4-ridge-fold-4,True
附件一（训练集）.xlsx|材料1|2251,材料1|90|三角波|47|-7,2,q4-ridge-fold-2,True
附件一（训练集）.xlsx|材料1|2728,材料1|50|梯形波|51|-10,3,q4-ridge-fold-3,True
附件一（训练集）.xlsx|材料1|2091,材料1|90|三角波|52|-13,0,q4-ridge-fold-0,True
附件一（训练集）.xlsx|材料1|3329,材料1|90|梯形波|52|-11,3,q4-ridge-fold-3,True
附件一（训练集）.xlsx|材料3|1700,材料3|70|三角波|49|-11,2,q4-ridge-fold-2,True
附件一（训练集）.xlsx|材料2|1559,材料2|50|三角波|55|-16,0,q4-ridge-fold-0,True
附件一（训练集）.xlsx|材料2|2127,材料2|25|梯形波|46|-8,2,q4-ridge-fold-2,True
附件一（训练集）.xlsx|材料3|1340,材料3|50|三角波|52|-18,4,q4-ridge-fold-4,True
附件一（训练集）.xlsx|材料2|41,材料2|25|正弦波|50|-10,2,q4-ridge-fold-2,True
附件一（训练集）.xlsx|材料1|1528,材料1|50|三角波|54|-17,2,q4-ridge-fold-2,True
附件一（训练集）.xlsx|材料4|1952,材料4|25|三角波|51|-16,4,q4-ridge-fold-4,True
附件一（训练集）.xlsx|材料4|2315,材料4|50|梯形波|49|-9,3,q4-ridge-fold-3,True
附件一（训练集）.xlsx|材料2|1195,材料2|25|三角波|55|-20,2,q4-ridge-fold-2,True
附件一（训练集）.xlsx|材料2|526,材料2|25|正弦波|49|-15,1,q4-ridge-fold-1,True
附件一（训练集）.xlsx|材料3|3134,材料3|90|梯形波|51|-12,0,q4-ridge-fold-0,True
附件一（训练集）.xlsx|材料3|2527,材料3|50|梯形波|51|-12,2,q4-ridge-fold-2,True
附件一（训练集）.xlsx|材料2|340,材料2|90|正弦波|55|-14,1,q4-ridge-fold-1,True
附件一（训练集）.xlsx|材料4|296,材料4|50|正弦波|50|-13,1,q4-ridge-fold-1,True
附件一（训练集）.xlsx|材料1|3269,材料1|90|梯形波|51|-14,2,q4-ridge-fold-2,True
附件一（训练集）.xlsx|材料1|1307,材料1|25|三角波|56|-15,1,q4-ridge-fold-1,True
附件一（训练集）.xlsx|材料1|719,材料1|70|正弦波|52|-19,3,q4-ridge-fold-3,True
附件一（训练集）.xlsx|材料3|113,材料3|50|正弦波|49|-8,0,q4-ridge-fold-0,True
附件一（训练集）.xlsx|材料4|981,材料4|25|三角波|52|-14,1,q4-ridge-fold-1,True
附件一（训练集）.xlsx|材料3|2461,材料3|50|梯形波|54|-15,3,q4-ridge-fold-3,True
附件一（训练集）.xlsx|材料3|503,材料3|25|正弦波|47|-8,2,q4-ridge-fold-2,True
附件一（训练集）.xlsx|材料1|1849,材料1|70|三角波|54|-16,0,q4-ridge-fold-0,True
附件一（训练集）.xlsx|材料1|1172,材料1|25|三角波|52|-12,3,q4-ridge-fold-3,True
附件一（训练集）.xlsx|材料2|1602,材料2|70|三角波|54|-15,2,q4-ridge-fold-2,True
附件一（训练集）.xlsx|材料1|3155,材料1|90|三角波|55|-7,2,q4-ridge-fold-2,True
附件一（训练集）.xlsx|材料3|1398,材料3|50|三角波|49|-6,3,q4-ridge-fold-3,True
附件一（训练集）.xlsx|材料1|3210,材料1|90|梯形波|49|-12,3,q4-ridge-fold-3,True
附件一（训练集）.xlsx|材料4|122,材料4|25|正弦波|52|-16,4,q4-ridge-fold-4,True
附件一（训练集）.xlsx|材料1|2712,材料1|50|梯形波|50|-10,1,q4-ridge-fold-1,True
附件一（训练集）.xlsx|材料3|1818,材料3|90|三角波|51|-17,3,q4-ridge-fold-3,True
附件一（训练集）.xlsx|材料4|331,材料4|50|正弦波|52|-15,4,q4-ridge-fold-4,True
附件一（训练集）.xlsx|材料3|1497,材料3|50|三角波|55|-17,0,q4-ridge-fold-0,True
附件一（训练集）.xlsx|材料3|1485,材料3|50|三角波|52|-14,3,q4-ridge-fold-3,True
附件一（训练集）.xlsx|材料3|3095,材料3|90|梯形波|55|-13,0,q4-ridge-fold-0,True
附件一（训练集）.xlsx|材料4|839,材料4|25|正弦波|49|-11,2,q4-ridge-fold-2,True
附件一（训练集）.xlsx|材料4|2040,材料4|25|三角波|49|-12,3,q4-ridge-fold-3,True
附件一（训练集）.xlsx|材料4|380,材料4|50|正弦波|54|-15,2,q4-ridge-fold-2,True
附件一（训练集）.xlsx|材料1|2936,材料1|70|梯形波|48|-10,2,q4-ridge-fold-2,True
附件一（训练集）.xlsx|材料4|189,材料4|25|正弦波|56|-17,1,q4-ridge-fold-1,True
附件一（训练集）.xlsx|材料1|485,材料1|50|正弦波|52|-9,1,q4-ridge-fold-1,True
附件一（训练集）.xlsx|材料4|2423,材料4|70|三角波|50|-16,1,q4-ridge-fold-1,True
附件一（训练集）.xlsx|材料3|1130,材料3|25|三角波|56|-21,2,q4-ridge-fold-2,True
附件一（训练集）.xlsx|材料1|770,材料1|70|正弦波|53|-11,3,q4-ridge-fold-3,True
附件一（训练集）.xlsx|材料3|219,材料3|70|正弦波|52|-15,4,q4-ridge-fold-4,True
附件一（训练集）.xlsx|材料4|943,材料4|25|三角波|51|-20,4,q4-ridge-fold-4,True
附件一（训练集）.xlsx|材料1|512,材料1|50|正弦波|53|-14,1,q4-ridge-fold-1,True
附件一（训练集）.xlsx|材料2|2281,材料2|50|三角波|55|-18,0,q4-ridge-fold-0,True
附件一（训练集）.xlsx|材料3|1894,材料3|90|三角波|50|-15,3,q4-ridge-fold-3,True
附件一（训练集）.xlsx|材料1|577,材料1|70|正弦波|47|-7,4,q4-ridge-fold-4,True
附件一（训练集）.xlsx|材料1|2773,材料1|50|梯形波|52|-18,0,q4-ridge-fold-0,True
附件一（训练集）.xlsx|材料4|2058,材料4|25|三角波|52|-17,0,q4-ridge-fold-0,True
附件一（训练集）.xlsx|材料1|1341,材料1|25|三角波|49|-13,4,q4-ridge-fold-4,True
附件一（训练集）.xlsx|材料1|249,材料1|25|正弦波|53|-15,4,q4-ridge-fold-4,True
附件一（训练集）.xlsx|材料1|793,材料1|70|正弦波|55|-17,1,q4-ridge-fold-1,True
附件一（训练集）.xlsx|材料1|2692,材料1|50|梯形波|49|-14,3,q4-ridge-fold-3,True
附件一（训练集）.xlsx|材料1|3200,材料1|90|梯形波|48|-10,1,q4-ridge-fold-1,True
附件一（训练集）.xlsx|材料4|1152,材料4|25|三角波|49|-8,1,q4-ridge-fold-1,True
附件一（训练集）.xlsx|材料1|695,材料1|70|正弦波|52|-11,1,q4-ridge-fold-1,True
附件一（训练集）.xlsx|材料2|2037,材料2|90|三角波|55|-8,3,q4-ridge-fold-3,True
附件一（训练集）.xlsx|材料2|1837,材料2|90|三角波|55|-15,0,q4-ridge-fold-0,True
附件一（训练集）.xlsx|材料2|2238,材料2|25|梯形波|52|-14,0,q4-ridge-fold-0,True
附件一（训练集）.xlsx|材料3|2037,材料3|25|梯形波|49|-12,3,q4-ridge-fold-3,True
附件一（训练集）.xlsx|材料4|1963,材料4|25|三角波|52|-17,0,q4-ridge-fold-0,True
附件一（训练集）.xlsx|材料2|760,材料2|70|正弦波|55|-16,2,q4-ridge-fold-2,True
附件一（训练集）.xlsx|材料2|1605,材料2|70|三角波|55|-20,0,q4-ridge-fold-0,True
附件一（训练集）.xlsx|材料2|480,材料2|70|正弦波|55|-16,2,q4-ridge-fold-2,True
附件一（训练集）.xlsx|材料2|430,材料2|25|正弦波|46|-10,3,q4-ridge-fold-3,True
附件一（训练集）.xlsx|材料1|1021,材料1|90|正弦波|53|-11,2,q4-ridge-fold-2,True
附件一（训练集）.xlsx|材料3|618,材料3|50|正弦波|52|-9,4,q4-ridge-fold-4,True
附件一（训练集）.xlsx|材料3|708,材料3|70|正弦波|53|-19,2,q4-ridge-fold-2,True
附件一（训练集）.xlsx|材料3|1568,材料3|70|三角波|49|-14,4,q4-ridge-fold-4,True
附件一（训练集）.xlsx|材料1|3156,材料1|90|三角波|55|-19,0,q4-ridge-fold-0,True
附件一（训练集）.xlsx|材料3|1580,材料3|70|三角波|52|-14,2,q4-ridge-fold-2,True
附件一（训练集）.xlsx|材料1|1853,材料1|70|三角波|54|-13,1,q4-ridge-fold-1,True
附件一（训练集）.xlsx|材料3|2943,材料3|90|梯形波|49|-15,4,q4-ridge-fold-4,True
附件一（训练集）.xlsx|材料1|1894,材料1|70|三角波|55|-17,3,q4-ridge-fold-3,True
附件一（训练集）.xlsx|材料1|159,材料1|25|正弦波|51|-17,0,q4-ridge-fold-0,True
附件一（训练集）.xlsx|材料1|98,材料1|25|正弦波|49|-11,2,q4-ridge-fold-2,True
附件一（训练集）.xlsx|材料2|2432,材料2|50|梯形波|48|-11,0,q4-ridge-fold-0,True
附件一（训练集）.xlsx|材料1|1442,材料1|50|三角波|51|-8,0,q4-ridge-fold-0,True
附件一（训练集）.xlsx|材料3|2547,材料3|50|梯形波|52|-8,3,q4-ridge-fold-3,True
附件一（训练集）.xlsx|材料3|1914,材料3|90|三角波|52|-14,2,q4-ridge-fold-2,True
附件一（训练集）.xlsx|材料1|3096,材料1|70|梯形波|54|-14,4,q4-ridge-fold-4,True
附件一（训练集）.xlsx|材料1|2176,材料1|90|三角波|54|-19,2,q4-ridge-fold-2,True
附件一（训练集）.xlsx|材料1|794,材料1|90|正弦波|46|-15,2,q4-ridge-fold-2,True
附件一（训练集）.xlsx|材料4|2672,材料4|90|梯形波|48|-9,3,q4-ridge-fold-3,True
附件一（训练集）.xlsx|材料1|2477,材料1|25|梯形波|51|-16,3,q4-ridge-fold-3,True
附件一（训练集）.xlsx|材料2|2587,材料2|70|梯形波|55|-19,4,q4-ridge-fold-4,True
附件一（训练集）.xlsx|材料4|2023,材料4|25|三角波|55|-10,4,q4-ridge-fold-4,True
附件一（训练集）.xlsx|材料3|625,材料3|50|正弦波|52|-13,4,q4-ridge-fold-4,True
附件一（训练集）.xlsx|材料3|1555,材料3|70|三角波|56|-15,4,q4-ridge-fold-4,True
附件一（训练集）.xlsx|材料1|2833,材料1|50|梯形波|54|-16,3,q4-ridge-fold-3,True
附件一（训练集）.xlsx|材料4|1640,材料4|70|三角波|49|-9,1,q4-ridge-fold-1,True
附件一（训练集）.xlsx|材料1|48,材料1|25|正弦波|47|-8,4,q4-ridge-fold-4,True
附件一（训练集）.xlsx|材料3|1422,材料3|50|三角波|54|-9,1,q4-ridge-fold-1,True
附件一（训练集）.xlsx|材料3|2174,材料3|25|梯形波|55|-11,1,q4-ridge-fold-1,True
附件一（训练集）.xlsx|材料3|3058,材料3|90|梯形波|52|-6,0,q4-ridge-fold-0,True
附件一（训练集）.xlsx|材料1|2128,材料1|90|三角波|52|-14,1,q4-ridge-fold-1,True
附件一（训练集）.xlsx|材料1|1283,材料1|25|三角波|55|-19,1,q4-ridge-fold-1,True
附件一（训练集）.xlsx|材料3|2914,材料3|90|三角波|55|-19,2,q4-ridge-fold-2,True
附件一（训练集）.xlsx|材料2|2814,材料2|90|梯形波|52|-14,2,q4-ridge-fold-2,True
附件一（训练集）.xlsx|材料3|1112,材料3|25|三角波|54|-10,0,q4-ridge-fold-0,True
附件一（训练集）.xlsx|材料3|1869,材料3|90|三角波|56|-18,2,q4-ridge-fold-2,True
附件一（训练集）.xlsx|材料3|302,材料3|90|正弦波|52|-11,1,q4-ridge-fold-1,True
附件一（训练集）.xlsx|材料1|382,材料1|50|正弦波|49|-6,4,q4-ridge-fold-4,True
附件一（训练集）.xlsx|材料1|1847,材料1|70|三角波|54|-17,4,q4-ridge-fold-4,True
附件一（训练集）.xlsx|材料4|886,材料4|25|三角波|47|-15,2,q4-ridge-fold-2,True
附件一（训练集）.xlsx|材料1|369,材料1|50|正弦波|49|-13,1,q4-ridge-fold-1,True
附件一（训练集）.xlsx|材料2|2667,材料2|70|梯形波|56|-15,0,q4-ridge-fold-0,True
附件一（训练集）.xlsx|材料1|88,材料1|25|正弦波|49|-18,4,q4-ridge-fold-4,True
附件一（训练集）.xlsx|材料1|2435,材料1|25|梯形波|49|-13,2,q4-ridge-fold-2,True
附件一（训练集）.xlsx|材料2|1738,材料2|70|三角波|54|-8,4,q4-ridge-fold-4,True
附件一（训练集）.xlsx|材料1|1210,材料1|25|三角波|53|-13,3,q4-ridge-fold-3,True
附件一（训练集）.xlsx|材料3|2322,材料3|50|梯形波|46|-13,2,q4-ridge-fold-2,True
附件一（训练集）.xlsx|材料3|2302,材料3|50|三角波|55|-16,0,q4-ridge-fold-0,True
附件一（训练集）.xlsx|材料2|1548,材料2|50|三角波|54|-18,3,q4-ridge-fold-3,True
附件一（训练集）.xlsx|材料2|1759,材料2|70|三角波|56|-14,1,q4-ridge-fold-1,True
附件一（训练集）.xlsx|材料1|1214,材料1|25|三角波|53|-11,2,q4-ridge-fold-2,True
附件一（训练集）.xlsx|材料1|1871,材料1|70|三角波|54|-12,1,q4-ridge-fold-1,True
附件一（训练集）.xlsx|材料3|2301,材料3|50|三角波|55|-17,0,q4-ridge-fold-0,True
附件一（训练集）.xlsx|材料1|212,材料1|25|正弦波|52|-18,1,q4-ridge-fold-1,True
附件一（训练集）.xlsx|材料4|969,材料4|25|三角波|52|-12,4,q4-ridge-fold-4,True
附件一（训练集）.xlsx|材料1|3177,材料1|90|梯形波|47|-12,1,q4-ridge-fold-1,True
附件一（训练集）.xlsx|材料1|2184,材料1|90|三角波|54|-13,2,q4-ridge-fold-2,True
附件一（训练集）.xlsx|材料2|1292,材料2|25|三角波|50|-12,1,q4-ridge-fold-1,True
附件一（训练集）.xlsx|材料1|2279,材料1|90|三角波|49|-6,2,q4-ridge-fold-2,True
附件一（训练集）.xlsx|材料3|869,材料3|90|正弦波|49|-11,0,q4-ridge-fold-0,True
附件一（训练集）.xlsx|材料2|1545,材料2|50|三角波|52|-9,0,q4-ridge-fold-0,True
附件一（训练集）.xlsx|材料2|2803,材料2|90|梯形波|52|-18,0,q4-ridge-fold-0,True
附件一（训练集）.xlsx|材料4|166,材料4|25|正弦波|55|-17,2,q4-ridge-fold-2,True
附件一（训练集）.xlsx|材料1|1974,材料1|70|三角波|49|-13,3,q4-ridge-fold-3,True
附件一（训练集）.xlsx|材料4|683,材料4|90|正弦波|49|-18,0,q4-ridge-fold-0,True
附件一（训练集）.xlsx|材料1|2710,材料1|50|梯形波|50|-11,2,q4-ridge-fold-2,True
附件一（训练集）.xlsx|材料3|1209,材料3|25|三角波|56|-14,0,q4-ridge-fold-0,True
附件一（训练集）.xlsx|材料2|234,材料2|70|正弦波|52|-18,2,q4-ridge-fold-2,True
附件一（训练集）.xlsx|材料4|72,材料4|25|正弦波|50|-19,0,q4-ridge-fold-0,True
附件一（训练集）.xlsx|材料4|1028,材料4|25|三角波|54|-20,3,q4-ridge-fold-3,True
附件一（训练集）.xlsx|材料3|1754,材料3|90|三角波|50|-8,4,q4-ridge-fold-4,True
附件一（训练集）.xlsx|材料1|1868,材料1|70|三角波|54|-14,0,q4-ridge-fold-0,True
附件一（训练集）.xlsx|材料2|1754,材料2|70|三角波|56|-21,2,q4-ridge-fold-2,True
附件一（训练集）.xlsx|材料3|1193,材料3|25|三角波|55|-10,3,q4-ridge-fold-3,True
附件一（训练集）.xlsx|材料3|2365,材料3|50|梯形波|52|-7,4,q4-ridge-fold-4,True
附件一（训练集）.xlsx|材料3|2001,材料3|90|三角波|56|-13,2,q4-ridge-fold-2,True
附件一（训练集）.xlsx|材料4|2115,材料4|25|梯形波|47|-9,1,q4-ridge-fold-1,True
附件一（训练集）.xlsx|材料3|2342,材料3|50|梯形波|49|-12,4,q4-ridge-fold-4,True
附件一（训练集）.xlsx|材料1|1256,材料1|25|三角波|55|-15,4,q4-ridge-fold-4,True
附件一（训练集）.xlsx|材料4|2756,材料4|90|梯形波|51|-12,1,q4-ridge-fold-1,True
附件一（训练集）.xlsx|材料1|165,材料1|25|正弦波|51|-12,3,q4-ridge-fold-3,True
附件一（训练集）.xlsx|材料2|1226,材料2|25|三角波|50|-15,0,q4-ridge-fold-0,True
附件一（训练集）.xlsx|材料2|1973,材料2|90|三角波|55|-14,2,q4-ridge-fold-2,True
附件一（训练集）.xlsx|材料1|2290,材料1|90|三角波|49|-10,3,q4-ridge-fold-3,True
附件一（训练集）.xlsx|材料1|1540,材料1|50|三角波|54|-10,0,q4-ridge-fold-0,True
附件一（训练集）.xlsx|材料2|1420,材料2|50|三角波|54|-13,0,q4-ridge-fold-0,True
附件一（训练集）.xlsx|材料1|652,材料1|70|正弦波|50|-18,4,q4-ridge-fold-4,True
附件一（训练集）.xlsx|材料2|81,材料2|25|正弦波|55|-13,0,q4-ridge-fold-0,True
附件一（训练集）.xlsx|材料3|878,材料3|25|正弦波|49|-10,3,q4-ridge-fold-3,True
附件一（训练集）.xlsx|材料1|291,材料1|50|正弦波|47|-15,3,q4-ridge-fold-3,True
附件一（训练集）.xlsx|材料2|1691,材料2|70|三角波|56|-12,4,q4-ridge-fold-4,True
附件一（训练集）.xlsx|材料1|383,材料1|50|正弦波|50|-18,1,q4-ridge-fold-1,True
附件一（训练集）.xlsx|材料2|573,材料2|25|正弦波|53|-17,0,q4-ridge-fold-0,True
附件一（训练集）.xlsx|材料2|1352,材料2|50|三角波|54|-21,0,q4-ridge-fold-0,True
附件一（训练集）.xlsx|材料3|2305,材料3|50|三角波|55|-13,4,q4-ridge-fold-4,True
附件一（训练集）.xlsx|材料4|1896,材料4|90|三角波|49|-7,2,q4-ridge-fold-2,True
附件一（训练集）.xlsx|材料4|2299,材料4|50|梯形波|48|-11,0,q4-ridge-fold-0,True
附件一（训练集）.xlsx|材料3|2136,材料3|25|梯形波|52|-14,3,q4-ridge-fold-3,True
附件一（训练集）.xlsx|材料4|2350,材料4|50|梯形波|50|-7,0,q4-ridge-fold-0,True
附件一（训练集）.xlsx|材料2|1258,材料2|25|三角波|55|-20,2,q4-ridge-fold-2,True
附件一（训练集）.xlsx|材料3|1183,材料3|25|三角波|54|-12,4,q4-ridge-fold-4,True
附件一（训练集）.xlsx|材料2|1418,材料2|50|三角波|54|-15,0,q4-ridge-fold-0,True
附件一（训练集）.xlsx|材料4|2217,材料4|50|三角波|47|-12,0,q4-ridge-fold-0,True
附件一（训练集）.xlsx|材料1|2516,材料1|25|梯形波|52|-14,1,q4-ridge-fold-1,True
附件一（训练集）.xlsx|材料1|1705,材料1|70|三角波|47|-7,0,q4-ridge-fold-0,True
附件一（训练集）.xlsx|材料3|909,材料3|90|正弦波|52|-18,4,q4-ridge-fold-4,True
附件一（训练集）.xlsx|材料4|1098,材料4|25|三角波|48|-12,0,q4-ridge-fold-0,True
附件一（训练集）.xlsx|材料2|863,材料2|70|正弦波|52|-14,0,q4-ridge-fold-0,True
附件一（训练集）.xlsx|材料4|300,材料4|50|正弦波|50|-9,4,q4-ridge-fold-4,True
附件一（训练集）.xlsx|材料4|479,材料4|70|正弦波|49|-17,3,q4-ridge-fold-3,True
附件一（训练集）.xlsx|材料2|191,材料2|70|正弦波|47|-14,0,q4-ridge-fold-0,True
附件一（训练集）.xlsx|材料4|2051,材料4|25|三角波|52|-15,0,q4-ridge-fold-0,True
附件一（训练集）.xlsx|材料3|2677,材料3|70|梯形波|54|-11,4,q4-ridge-fold-4,True
附件一（训练集）.xlsx|材料1|1492,材料1|50|三角波|52|-17,3,q4-ridge-fold-3,True
附件一（训练集）.xlsx|材料2|1806,材料2|70|三角波|56|-19,3,q4-ridge-fold-3,True
附件一（训练集）.xlsx|材料4|1840,材料4|90|三角波|56|-16,2,q4-ridge-fold-2,True
附件一（训练集）.xlsx|材料1|3042,材料1|70|梯形波|52|-13,1,q4-ridge-fold-1,True
附件一（训练集）.xlsx|材料2|1355,材料2|50|三角波|54|-17,0,q4-ridge-fold-0,True
附件一（训练集）.xlsx|材料3|1610,材料3|70|三角波|55|-21,3,q4-ridge-fold-3,True
附件一（训练集）.xlsx|材料3|1267,材料3|25|三角波|56|-21,2,q4-ridge-fold-2,True
附件一（训练集）.xlsx|材料1|1668,材料1|50|三角波|49|-13,4,q4-ridge-fold-4,True
附件一（训练集）.xlsx|材料3|1776,材料3|90|三角波|54|-14,3,q4-ridge-fold-3,True
附件一（训练集）.xlsx|材料2|2066,材料2|25|梯形波|48|-10,3,q4-ridge-fold-3,True
附件一（训练集）.xlsx|材料3|223,材料3|70|正弦波|53|-20,1,q4-ridge-fold-1,True
附件一（训练集）.xlsx|材料2|1215,材料2|25|三角波|48|-7,0,q4-ridge-fold-0,True
附件一（训练集）.xlsx|材料4|2733,材料4|90|梯形波|51|-17,1,q4-ridge-fold-1,True
附件一（训练集）.xlsx|材料2|1505,材料2|50|三角波|56|-15,3,q4-ridge-fold-3,True
附件一（训练集）.xlsx|材料2|1497,材料2|50|三角波|55|-16,0,q4-ridge-fold-0,True
附件一（训练集）.xlsx|材料1|2347,材料1|25|三角波|55|-17,1,q4-ridge-fold-1,True
附件一（训练集）.xlsx|材料2|2447,材料2|50|梯形波|51|-16,3,q4-ridge-fold-3,True
附件一（训练集）.xlsx|材料1|1511,材料1|50|三角波|53|-17,3,q4-ridge-fold-3,True
附件一（训练集）.xlsx|材料1|2851,材料1|50|梯形波|54|-14,2,q4-ridge-fold-2,True
附件一（训练集）.xlsx|材料1|1653,材料1|50|三角波|49|-12,3,q4-ridge-fold-3,True
附件一（训练集）.xlsx|材料4|610,材料4|70|正弦波|55|-15,0,q4-ridge-fold-0,True
附件一（训练集）.xlsx|材料1|895,材料1|90|正弦波|49|-11,0,q4-ridge-fold-0,True
附件一（训练集）.xlsx|材料4|2229,材料4|50|三角波|52|-19,2,q4-ridge-fold-2,True
附件一（训练集）.xlsx|材料2|812,材料2|90|正弦波|52|-19,4,q4-ridge-fold-4,True
附件一（训练集）.xlsx|材料3|1606,材料3|70|三角波|55|-16,4,q4-ridge-fold-4,True
附件一（训练集）.xlsx|材料3|797,材料3|90|正弦波|55|-15,3,q4-ridge-fold-3,True
附件一（训练集）.xlsx|材料4|2159,材料4|25|梯形波|49|-18,2,q4-ridge-fold-2,True
附件一（训练集）.xlsx|材料1|395,材料1|50|正弦波|50|-11,1,q4-ridge-fold-1,True
附件一（训练集）.xlsx|材料1|795,材料1|90|正弦波|46|-14,4,q4-ridge-fold-4,True
附件一（训练集）.xlsx|材料4|1088,材料4|25|三角波|47|-10,1,q4-ridge-fold-1,True
附件一（训练集）.xlsx|材料3|2275,材料3|25|梯形波|55|-11,1,q4-ridge-fold-1,True
附件一（训练集）.xlsx|材料2|384,材料2|90|正弦波|49|-10,4,q4-ridge-fold-4,True
附件一（训练集）.xlsx|材料4|403,材料4|50|正弦波|55|-14,3,q4-ridge-fold-3,True
附件一（训练集）.xlsx|材料4|961,材料4|25|三角波|52|-17,0,q4-ridge-fold-0,True
附件一（训练集）.xlsx|材料4|260,材料4|50|正弦波|49|-17,3,q4-ridge-fold-3,True
附件一（训练集）.xlsx|材料1|2051,材料1|90|三角波|50|-10,1,q4-ridge-fold-1,True
附件一（训练集）.xlsx|材料3|2814,材料3|70|梯形波|49|-11,0,q4-ridge-fold-0,True
附件一（训练集）.xlsx|材料4|2035,材料4|25|三角波|49|-15,0,q4-ridge-fold-0,True
附件一（训练集）.xlsx|材料4|923,材料4|25|三角波|50|-11,1,q4-ridge-fold-1,True
附件一（训练集）.xlsx|材料3|537,材料3|25|正弦波|52|-19,4,q4-ridge-fold-4,True
附件一（训练集）.xlsx|材料4|1678,材料4|90|三角波|47|-9,4,q4-ridge-fold-4,True
附件一（训练集）.xlsx|材料3|51,材料3|25|正弦波|52|-20,4,q4-ridge-fold-4,True
附件一（训练集）.xlsx|材料3|1800,材料3|90|三角波|49|-15,2,q4-ridge-fold-2,True
附件一（训练集）.xlsx|材料1|730,材料1|70|正弦波|52|-13,0,q4-ridge-fold-0,True
附件一（训练集）.xlsx|材料4|229,材料4|50|正弦波|48|-15,0,q4-ridge-fold-0,True
附件一（训练集）.xlsx|材料2|653,材料2|50|正弦波|52|-12,0,q4-ridge-fold-0,True
附件一（训练集）.xlsx|材料2|1619,材料2|70|三角波|56|-17,0,q4-ridge-fold-0,True
附件一（训练集）.xlsx|材料1|1624,材料1|50|三角波|47|-11,4,q4-ridge-fold-4,True
附件一（训练集）.xlsx|材料1|3358,材料1|90|梯形波|54|-18,0,q4-ridge-fold-0,True
附件一（训练集）.xlsx|材料2|2725,材料2|70|梯形波|54|-15,4,q4-ridge-fold-4,True
附件一（训练集）.xlsx|材料1|2809,材料1|50|梯形波|52|-10,4,q4-ridge-fold-4,True
附件一（训练集）.xlsx|材料4|540,材料4|70|正弦波|52|-20,4,q4-ridge-fold-4,True
附件一（训练集）.xlsx|材料1|3240,材料1|90|梯形波|50|-13,4,q4-ridge-fold-4,True
附件一（训练集）.xlsx|材料1|1095,材料1|25|三角波|48|-7,2,q4-ridge-fold-2,True
附件一（训练集）.xlsx|材料2|1494,材料2|50|三角波|55|-21,1,q4-ridge-fold-1,True
附件一（训练集）.xlsx|材料3|183,材料3|70|正弦波|47|-11,1,q4-ridge-fold-1,True
附件一（训练集）.xlsx|材料3|3160,材料3|90|梯形波|54|-15,4,q4-ridge-fold-4,True
附件一（训练集）.xlsx|材料2|2199,材料2|25|梯形波|46|-11,1,q4-ridge-fold-1,True
附件一（训练集）.xlsx|材料3|2274,材料3|25|梯形波|55|-12,0,q4-ridge-fold-0,True
附件一（训练集）.xlsx|材料2|2285,材料2|50|三角波|55|-11,1,q4-ridge-fold-1,True
附件一（训练集）.xlsx|材料4|1464,材料4|70|三角波|51|-19,3,q4-ridge-fold-3,True
附件一（训练集）.xlsx|材料4|2329,材料4|50|梯形波|49|-10,0,q4-ridge-fold-0,True
附件一（训练集）.xlsx|材料1|1765,材料1|70|三角波|52|-17,0,q4-ridge-fold-0,True
附件一（训练集）.xlsx|材料3|2939,材料3|90|梯形波|48|-9,0,q4-ridge-fold-0,True
附件一（训练集）.xlsx|材料1|101,材料1|25|正弦波|49|-9,1,q4-ridge-fold-1,True
附件一（训练集）.xlsx|材料1|2946,材料1|70|梯形波|49|-13,4,q4-ridge-fold-4,True
附件一（训练集）.xlsx|材料2|2182,材料2|25|梯形波|55|-21,0,q4-ridge-fold-0,True
附件一（训练集）.xlsx|材料1|667,材料1|70|正弦波|50|-7,1,q4-ridge-fold-1,True
附件一（训练集）.xlsx|材料3|30,材料3|25|正弦波|49|-13,0,q4-ridge-fold-0,True
附件一（训练集）.xlsx|材料3|465,材料3|90|正弦波|49|-8,3,q4-ridge-fold-3,True
附件一（训练集）.xlsx|材料2|2838,材料2|90|梯形波|55|-16,2,q4-ridge-fold-2,True
附件一（训练集）.xlsx|材料1|2404,材料1|25|梯形波|48|-7,1,q4-ridge-fold-1,True
附件一（训练集）.xlsx|材料3|1113,材料3|25|三角波|54|-9,0,q4-ridge-fold-0,True
附件一（训练集）.xlsx|材料1|1478,材料1|50|三角波|52|-14,0,q4-ridge-fold-0,True
附件一（训练集）.xlsx|材料2|797,材料2|90|正弦波|49|-11,1,q4-ridge-fold-1,True
附件一（训练集）.xlsx|材料3|527,材料3|25|正弦波|52|-19,4,q4-ridge-fold-4,True
附件一（训练集）.xlsx|材料4|402,材料4|50|正弦波|55|-15,2,q4-ridge-fold-2,True
附件一（训练集）.xlsx|材料1|1316,材料1|25|三角波|47|-9,0,q4-ridge-fold-0,True
附件一（训练集）.xlsx|材料2|511,材料2|25|正弦波|46|-15,0,q4-ridge-fold-0,True
附件一（训练集）.xlsx|材料1|585,材料1|70|正弦波|48|-13,0,q4-ridge-fold-0,True
附件一（训练集）.xlsx|材料1|1453,材料1|50|三角波|52|-15,3,q4-ridge-fold-3,True
附件一（训练集）.xlsx|材料2|1741,材料2|70|三角波|55|-18,2,q4-ridge-fold-2,True
附件一（训练集）.xlsx|材料2|2649,材料2|70|梯形波|55|-19,4,q4-ridge-fold-4,True
附件一（训练集）.xlsx|材料1|3078,材料1|70|梯形波|53|-13,1,q4-ridge-fold-1,True
附件一（训练集）.xlsx|材料4|1964,材料4|25|三角波|52|-15,0,q4-ridge-fold-0,True
附件一（训练集）.xlsx|材料3|796,材料3|90|正弦波|55|-16,3,q4-ridge-fold-3,True
附件一（训练集）.xlsx|材料1|1824,材料1|70|三角波|53|-18,2,q4-ridge-fold-2,True
附件一（训练集）.xlsx|材料3|2726,材料3|70|梯形波|51|-16,4,q4-ridge-fold-4,True
附件一（训练集）.xlsx|材料1|2200,材料1|90|三角波|55|-11,1,q4-ridge-fold-1,True
附件一（训练集）.xlsx|材料3|1376,材料3|50|三角波|56|-18,0,q4-ridge-fold-0,True
附件一（训练集）.xlsx|材料3|78,材料3|25|正弦波|55|-18,1,q4-ridge-fold-1,True
附件一（训练集）.xlsx|材料2|385,材料2|70|正弦波|53|-14,1,q4-ridge-fold-1,True
附件一（训练集）.xlsx|材料4|1856,材料4|90|三角波|48|-16,4,q4-ridge-fold-4,True
附件一（训练集）.xlsx|材料4|2096,材料4|25|三角波|55|-12,0,q4-ridge-fold-0,True
附件一（训练集）.xlsx|材料3|2869,材料3|70|梯形波|55|-9,2,q4-ridge-fold-2,True
附件一（训练集）.xlsx|材料3|463,材料3|25|正弦波|49|-19,2,q4-ridge-fold-2,True
附件一（训练集）.xlsx|材料4|1594,材料4|70|三角波|47|-9,2,q4-ridge-fold-2,True
附件一（训练集）.xlsx|材料4|84,材料4|25|正弦波|50|-19,0,q4-ridge-fold-0,True
附件一（训练集）.xlsx|材料4|2800,材料4|90|梯形波|52|-13,3,q4-ridge-fold-3,True
附件一（训练集）.xlsx|材料1|3163,材料1|90|三角波|55|-12,4,q4-ridge-fold-4,True
附件一（训练集）.xlsx|材料2|214,材料2|70|正弦波|50|-18,4,q4-ridge-fold-4,True
附件一（训练集）.xlsx|材料2|3,材料2|25|正弦波|46|-15,0,q4-ridge-fold-0,True
附件一（训练集）.xlsx|材料1|1014,材料1|90|正弦波|53|-16,1,q4-ridge-fold-1,True
附件一（训练集）.xlsx|材料3|1109,材料3|25|三角波|54|-13,1,q4-ridge-fold-1,True
附件一（训练集）.xlsx|材料1|2436,材料1|25|梯形波|49|-12,1,q4-ridge-fold-1,True
附件一（训练集）.xlsx|材料1|2340,材料1|25|三角波|55|-13,4,q4-ridge-fold-4,True
附件一（训练集）.xlsx|材料3|2329,材料3|50|梯形波|46|-6,1,q4-ridge-fold-1,True
附件一（训练集）.xlsx|材料2|1359,材料2|50|三角波|54|-12,4,q4-ridge-fold-4,True
附件一（训练集）.xlsx|材料2|878,材料2|90|正弦波|55|-20,1,q4-ridge-fold-1,True
附件一（训练集）.xlsx|材料2|1915,材料2|90|三角波|48|-8,2,q4-ridge-fold-2,True
附件一（训练集）.xlsx|材料3|773,材料3|90|正弦波|52|-17,0,q4-ridge-fold-0,True
附件一（训练集）.xlsx|材料4|496,材料4|70|正弦波|50|-13,3,q4-ridge-fold-3,True
附件一（训练集）.xlsx|材料2|571,材料2|25|正弦波|53|-20,1,q4-ridge-fold-1,True
附件一（训练集）.xlsx|材料4|1543,材料4|70|三角波|54|-20,4,q4-ridge-fold-4,True
附件一（训练集）.xlsx|材料1|3019,材料1|70|梯形波|52|-16,1,q4-ridge-fold-1,True
附件一（训练集）.xlsx|材料4|1007,材料4|25|三角波|53|-16,3,q4-ridge-fold-3,True
附件一（训练集）.xlsx|材料1|671,材料1|70|正弦波|51|-17,4,q4-ridge-fold-4,True
附件一（训练集）.xlsx|材料2|1005,材料2|70|正弦波|49|-16,1,q4-ridge-fold-1,True
附件一（训练集）.xlsx|材料2|1798,材料2|70|三角波|54|-10,3,q4-ridge-fold-3,True
附件一（训练集）.xlsx|材料3|462,材料3|50|正弦波|52|-15,1,q4-ridge-fold-1,True
附件一（训练集）.xlsx|材料3|2003,材料3|25|三角波|55|-19,4,q4-ridge-fold-4,True
附件一（训练集）.xlsx|材料2|1284,材料2|25|三角波|49|-14,2,q4-ridge-fold-2,True
附件一（训练集）.xlsx|材料3|1306,材料3|50|三角波|55|-12,3,q4-ridge-fold-3,True
附件一（训练集）.xlsx|材料2|1708,材料2|70|三角波|49|-6,2,q4-ridge-fold-2,True
附件一（训练集）.xlsx|材料4|717,材料4|90|正弦波|50|-16,0,q4-ridge-fold-0,True
附件一（训练集）.xlsx|材料1|2333,材料1|25|三角波|55|-18,1,q4-ridge-fold-1,True
附件一（训练集）.xlsx|材料2|2862,材料2|90|梯形波|49|-8,3,q4-ridge-fold-3,True
附件一（训练集）.xlsx|材料1|2365,材料1|25|三角波|55|-11,3,q4-ridge-fold-3,True
附件一（训练集）.xlsx|材料2|2978,材料2|90|梯形波|55|-19,0,q4-ridge-fold-0,True
附件一（训练集）.xlsx|材料3|793,材料3|90|正弦波|55|-20,1,q4-ridge-fold-1,True
附件一（训练集）.xlsx|材料2|1396,材料2|50|三角波|50|-13,2,q4-ridge-fold-2,True
附件一（训练集）.xlsx|材料1|3280,材料1|90|梯形波|51|-7,4,q4-ridge-fold-4,True
附件一（训练集）.xlsx|材料1|233,材料1|25|正弦波|53|-15,4,q4-ridge-fold-4,True
附件一（训练集）.xlsx|材料3|2022,材料3|25|梯形波|46|-13,0,q4-ridge-fold-0,True
附件一（训练集）.xlsx|材料1|606,材料1|70|正弦波|49|-16,4,q4-ridge-fold-4,True
附件一（训练集）.xlsx|材料2|1967,材料2|90|三角波|55|-9,0,q4-ridge-fold-0,True
附件一（训练集）.xlsx|材料2|2015,材料2|90|三角波|52|-13,4,q4-ridge-fold-4,True
附件一（训练集）.xlsx|材料3|1378,材料3|50|三角波|56|-16,1,q4-ridge-fold-1,True
附件一（训练集）.xlsx|材料1|1439,材料1|50|三角波|51|-10,3,q4-ridge-fold-3,True
附件一（训练集）.xlsx|材料3|2600,材料3|50|梯形波|47|-6,1,q4-ridge-fold-1,True
附件一（训练集）.xlsx|材料4|1113,材料4|25|三角波|48|-12,0,q4-ridge-fold-0,True
附件一（训练集）.xlsx|材料1|3165,材料1|90|三角波|55|-10,3,q4-ridge-fold-3,True
附件一（训练集）.xlsx|材料3|2089,材料3|25|梯形波|55|-11,1,q4-ridge-fold-1,True
附件一（训练集）.xlsx|材料4|675,材料4|90|正弦波|49|-11,3,q4-ridge-fold-3,True
附件一（训练集）.xlsx|材料4|2153,材料4|25|梯形波|49|-9,0,q4-ridge-fold-0,True
附件一（训练集）.xlsx|材料3|1162,材料3|25|三角波|50|-9,1,q4-ridge-fold-1,True
附件一（训练集）.xlsx|材料3|2633,材料3|70|梯形波|48|-9,1,q4-ridge-fold-1,True
附件一（训练集）.xlsx|材料1|2744,材料1|50|梯形波|51|-10,3,q4-ridge-fold-3,True
附件一（训练集）.xlsx|材料2|332,材料2|90|正弦波|53|-17,0,q4-ridge-fold-0,True
附件一（训练集）.xlsx|材料1|1386,材料1|50|三角波|47|-10,4,q4-ridge-fold-4,True
附件一（训练集）.xlsx|材料4|2569,材料4|70|梯形波|52|-17,4,q4-ridge-fold-4,True
附件一（训练集）.xlsx|材料3|2429,材料3|50|梯形波|51|-14,4,q4-ridge-fold-4,True
附件一（训练集）.xlsx|材料2|870,材料2|25|正弦波|52|-17,2,q4-ridge-fold-2,True
附件一（训练集）.xlsx|材料2|1734,材料2|70|三角波|54|-12,3,q4-ridge-fold-3,True
附件一（训练集）.xlsx|材料3|376,材料3|50|正弦波|52|-9,4,q4-ridge-fold-4,True
附件一（训练集）.xlsx|材料1|2460,材料1|25|梯形波|51|-16,3,q4-ridge-fold-3,True
附件一（训练集）.xlsx|材料1|878,材料1|90|正弦波|49|-13,1,q4-ridge-fold-1,True
附件一（训练集）.xlsx|材料2|1172,材料2|25|三角波|52|-16,1,q4-ridge-fold-1,True
附件一（训练集）.xlsx|材料2|792,材料2|90|正弦波|49|-16,4,q4-ridge-fold-4,True
附件一（训练集）.xlsx|材料3|660,材料3|70|正弦波|47|-17,4,q4-ridge-fold-4,True
附件一（训练集）.xlsx|材料1|498,材料1|50|正弦波|53|-10,0,q4-ridge-fold-0,True
附件一（训练集）.xlsx|材料2|904,材料2|90|正弦波|46|-13,0,q4-ridge-fold-0,True
附件一（训练集）.xlsx|材料4|1414,材料4|70|三角波|47|-12,0,q4-ridge-fold-0,True
附件一（训练集）.xlsx|材料4|654,材料4|90|正弦波|47|-10,4,q4-ridge-fold-4,True
附件一（训练集）.xlsx|材料2|818,材料2|90|正弦波|52|-11,4,q4-ridge-fold-4,True
附件一（训练集）.xlsx|材料2|1128,材料2|25|三角波|54|-15,3,q4-ridge-fold-3,True
附件一（训练集）.xlsx|材料2|2213,材料2|25|梯形波|49|-15,3,q4-ridge-fold-3,True
附件一（训练集）.xlsx|材料2|961,材料2|50|正弦波|49|-15,1,q4-ridge-fold-1,True
附件一（训练集）.xlsx|材料3|612,材料3|50|正弦波|52|-18,1,q4-ridge-fold-1,True
附件一（训练集）.xlsx|材料4|1486,材料4|70|三角波|52|-15,2,q4-ridge-fold-2,True
附件一（训练集）.xlsx|材料2|1049,材料2|25|正弦波|50|-18,0,q4-ridge-fold-0,True
附件一（训练集）.xlsx|材料2|2903,材料2|90|梯形波|55|-18,1,q4-ridge-fold-1,True
附件一（训练集）.xlsx|材料4|712,材料4|90|正弦波|50|-9,2,q4-ridge-fold-2,True
附件一（训练集）.xlsx|材料4|764,材料4|90|正弦波|52|-16,1,q4-ridge-fold-1,True
附件一（训练集）.xlsx|材料4|812,材料4|90|正弦波|55|-14,0,q4-ridge-fold-0,True
附件一（训练集）.xlsx|材料3|3110,材料3|90|梯形波|46|-7,2,q4-ridge-fold-2,True
附件一（训练集）.xlsx|材料1|497,材料1|50|正弦波|53|-11,4,q4-ridge-fold-4,True
附件一（训练集）.xlsx|材料2|2876,材料2|90|梯形波|52|-6,4,q4-ridge-fold-4,True
附件一（训练集）.xlsx|材料4|32,材料4|25|正弦波|48|-14,0,q4-ridge-fold-0,True
附件一（训练集）.xlsx|材料2|1139,材料2|25|三角波|55|-16,0,q4-ridge-fold-0,True
附件一（训练集）.xlsx|材料1|1199,材料1|25|三角波|53|-20,3,q4-ridge-fold-3,True
附件一（训练集）.xlsx|材料2|281,材料2|90|正弦波|47|-15,0,q4-ridge-fold-0,True
附件一（训练集）.xlsx|材料4|621,材料4|70|正弦波|56|-18,3,q4-ridge-fold-3,True
附件一（训练集）.xlsx|材料2|218,材料2|70|正弦波|50|-14,3,q4-ridge-fold-3,True
附件一（训练集）.xlsx|材料1|1110,材料1|25|三角波|50|-13,0,q4-ridge-fold-0,True
附件一（训练集）.xlsx|材料3|2313,材料3|50|三角波|55|-17,0,q4-ridge-fold-0,True
附件一（训练集）.xlsx|材料3|2528,材料3|50|梯形波|51|-11,1,q4-ridge-fold-1,True
附件一（训练集）.xlsx|材料3|1454,材料3|50|三角波|49|-11,1,q4-ridge-fold-1,True
附件一（训练集）.xlsx|材料4|773,材料4|90|正弦波|52|-17,1,q4-ridge-fold-1,True
附件一（训练集）.xlsx|材料2|1325,材料2|25|三角波|55|-10,2,q4-ridge-fold-2,True
附件一（训练集）.xlsx|材料1|81,材料1|25|正弦波|49|-9,1,q4-ridge-fold-1,True
附件一（训练集）.xlsx|材料1|1008,材料1|90|正弦波|52|-9,4,q4-ridge-fold-4,True
附件一（训练集）.xlsx|材料2|702,材料2|70|正弦波|49|-16,1,q4-ridge-fold-1,True
附件一（训练集）.xlsx|材料1|1633,材料1|50|三角波|47|-7,4,q4-ridge-fold-4,True
附件一（训练集）.xlsx|材料2|448,材料2|25|正弦波|55|-13,0,q4-ridge-fold-0,True
附件一（训练集）.xlsx|材料3|2361,材料3|50|梯形波|52|-14,2,q4-ridge-fold-2,True
附件一（训练集）.xlsx|材料1|888,材料1|90|正弦波|49|-7,0,q4-ridge-fold-0,True
附件一（训练集）.xlsx|材料4|437,材料4|70|正弦波|47|-14,1,q4-ridge-fold-1,True
附件一（训练集）.xlsx|材料3|106,材料3|50|正弦波|49|-18,4,q4-ridge-fold-4,True
附件一（训练集）.xlsx|材料2|2010,材料2|90|三角波|52|-7,0,q4-ridge-fold-0,True
附件一（训练集）.xlsx|材料3|1281,材料3|50|三角波|52|-17,0,q4-ridge-fold-0,True
附件一（训练集）.xlsx|材料2|2652,材料2|70|梯形波|55|-12,4,q4-ridge-fold-4,True
附件一（训练集）.xlsx|材料3|377,材料3|25|正弦波|49|-12,0,q4-ridge-fold-0,True
附件一（训练集）.xlsx|材料1|2080,材料1|90|三角波|52|-18,2,q4-ridge-fold-2,True
附件一（训练集）.xlsx|材料4|1877,材料4|90|三角波|48|-11,0,q4-ridge-fold-0,True
附件一（训练集）.xlsx|材料3|2216,材料3|25|梯形波|49|-6,0,q4-ridge-fold-0,True
附件一（训练集）.xlsx|材料3|2981,材料3|90|梯形波|52|-10,0,q4-ridge-fold-0,True
附件一（训练集）.xlsx|材料1|2141,材料1|90|三角波|53|-18,2,q4-ridge-fold-2,True
附件一（训练集）.xlsx|材料4|2576,材料4|70|梯形波|52|-9,0,q4-ridge-fold-0,True
附件一（训练集）.xlsx|材料3|2386,材料3|50|梯形波|55|-16,1,q4-ridge-fold-1,True
附件一（训练集）.xlsx|材料4|844,材料4|25|正弦波|54|-18,3,q4-ridge-fold-3,True
附件一（训练集）.xlsx|材料2|1320,材料2|25|三角波|55|-16,0,q4-ridge-fold-0,True
附件一（训练集）.xlsx|材料3|1526,材料3|70|三角波|52|-10,2,q4-ridge-fold-2,True
附件一（训练集）.xlsx|材料4|1114,材料4|25|三角波|49|-12,3,q4-ridge-fold-3,True
附件一（训练集）.xlsx|材料2|1704,材料2|70|三角波|49|-13,1,q4-ridge-fold-1,True
附件一（训练集）.xlsx|材料1|3208,材料1|90|梯形波|49|-15,4,q4-ridge-fold-4,True
附件一（训练集）.xlsx|材料4|2705,材料4|90|梯形波|49|-17,1,q4-ridge-fold-1,True
附件一（训练集）.xlsx|材料3|315,材料3|90|正弦波|55|-12,0,q4-ridge-fold-0,True
附件一（训练集）.xlsx|材料4|2180,材料4|50|三角波|55|-20,0,q4-ridge-fold-0,True
附件一（训练集）.xlsx|材料3|1624,材料3|70|三角波|48|-10,1,q4-ridge-fold-1,True
附件一（训练集）.xlsx|材料3|628,材料3|50|正弦波|52|-10,1,q4-ridge-fold-1,True
附件一（训练集）.xlsx|材料3|2534,材料3|50|梯形波|52|-16,4,q4-ridge-fold-4,True
附件一（训练集）.xlsx|材料1|2377,材料1|25|梯形波|46|-10,1,q4-ridge-fold-1,True
附件一（训练集）.xlsx|材料1|817,材料1|90|正弦波|47|-11,3,q4-ridge-fold-3,True
附件一（训练集）.xlsx|材料3|1955,材料3|90|三角波|48|-9,0,q4-ridge-fold-0,True
附件一（训练集）.xlsx|材料4|2628,材料4|90|三角波|55|-13,0,q4-ridge-fold-0,True
附件一（训练集）.xlsx|材料4|537,材料4|70|正弦波|52|-11,3,q4-ridge-fold-3,True
附件一（训练集）.xlsx|材料1|1500,材料1|50|三角波|52|-12,4,q4-ridge-fold-4,True
附件一（训练集）.xlsx|材料4|1831,材料4|90|三角波|55|-16,3,q4-ridge-fold-3,True
附件一（训练集）.xlsx|材料2|2401,材料2|50|梯形波|54|-13,4,q4-ridge-fold-4,True
附件一（训练集）.xlsx|材料1|3059,材料1|70|梯形波|52|-14,4,q4-ridge-fold-4,True
附件一（训练集）.xlsx|材料3|208,材料3|70|正弦波|52|-19,0,q4-ridge-fold-0,True
附件一（训练集）.xlsx|材料1|2823,材料1|50|梯形波|53|-12,1,q4-ridge-fold-1,True
附件一（训练集）.xlsx|材料3|1314,材料3|50|三角波|55|-12,3,q4-ridge-fold-3,True
附件一（训练集）.xlsx|材料4|1416,材料4|70|三角波|47|-11,2,q4-ridge-fold-2,True
附件一（训练集）.xlsx|材料2|729,材料2|70|正弦波|52|-17,1,q4-ridge-fold-1,True
附件一（训练集）.xlsx|材料1|1020,材料1|90|正弦波|53|-13,2,q4-ridge-fold-2,True
附件一（训练集）.xlsx|材料3|2196,材料3|25|梯形波|48|-8,0,q4-ridge-fold-0,True
附件一（训练集）.xlsx|材料4|581,材料4|70|正弦波|53|-17,4,q4-ridge-fold-4,True
附件一（训练集）.xlsx|材料4|374,材料4|50|正弦波|54|-19,2,q4-ridge-fold-2,True
附件一（训练集）.xlsx|材料1|2403,材料1|25|梯形波|48|-8,0,q4-ridge-fold-0,True
附件一（训练集）.xlsx|材料3|1954,材料3|90|三角波|48|-10,2,q4-ridge-fold-2,True
附件一（训练集）.xlsx|材料4|486,材料4|70|正弦波|49|-12,3,q4-ridge-fold-3,True
附件一（训练集）.xlsx|材料3|546,材料3|25|正弦波|53|-17,3,q4-ridge-fold-3,True
附件一（训练集）.xlsx|材料3|1621,材料3|70|三角波|48|-13,1,q4-ridge-fold-1,True
附件一（训练集）.xlsx|材料2|1933,材料2|90|三角波|51|-12,0,q4-ridge-fold-0,True
附件一（训练集）.xlsx|材料4|2263,材料4|50|梯形波|46|-11,4,q4-ridge-fold-4,True
附件一（训练集）.xlsx|材料1|437,材料1|50|正弦波|52|-19,2,q4-ridge-fold-2,True
附件一（训练集）.xlsx|材料2|1247,材料2|25|三角波|54|-12,4,q4-ridge-fold-4,True
附件一（训练集）.xlsx|材料4|1172,材料4|50|三角波|47|-8,1,q4-ridge-fold-1,True
附件一（训练集）.xlsx|材料3|1123,材料3|25|三角波|55|-18,0,q4-ridge-fold-0,True
附件一（训练集）.xlsx|材料1|2441,材料1|25|梯形波|49|-9,0,q4-ridge-fold-0,True
附件一（训练集）.xlsx|材料1|155,材料1|25|正弦波|50|-10,1,q4-ridge-fold-1,True
附件一（训练集）.xlsx|材料2|2806,材料2|90|梯形波|52|-12,0,q4-ridge-fold-0,True
附件一（训练集）.xlsx|材料2|2905,材料2|90|梯形波|55|-15,4,q4-ridge-fold-4,True
附件一（训练集）.xlsx|材料2|236,材料2|70|正弦波|52|-16,3,q4-ridge-fold-3,True
附件一（训练集）.xlsx|材料4|1270,材料4|50|三角波|53|-18,3,q4-ridge-fold-3,True
附件一（训练集）.xlsx|材料4|190,材料4|50|正弦波|46|-17,3,q4-ridge-fold-3,True
附件一（训练集）.xlsx|材料3|1479,材料3|50|三角波|52|-9,2,q4-ridge-fold-2,True
附件一（训练集）.xlsx|材料3|530,材料3|25|正弦波|52|-14,0,q4-ridge-fold-0,True
附件一（训练集）.xlsx|材料4|251,材料4|50|正弦波|49|-15,3,q4-ridge-fold-3,True
附件一（训练集）.xlsx|材料1|2470,材料1|25|梯形波|51|-9,2,q4-ridge-fold-2,True
附件一（训练集）.xlsx|材料4|1326,材料4|50|三角波|56|-17,0,q4-ridge-fold-0,True
附件一（训练集）.xlsx|材料4|73,材料4|25|正弦波|50|-17,3,q4-ridge-fold-3,True
附件一（训练集）.xlsx|材料2|1512,材料2|50|三角波|48|-7,2,q4-ridge-fold-2,True
附件一（训练集）.xlsx|材料2|1114,材料2|25|三角波|52|-20,1,q4-ridge-fold-1,True
附件一（训练集）.xlsx|材料4|1121,材料4|25|三角波|49|-16,4,q4-ridge-fold-4,True
附件一（训练集）.xlsx|材料2|2123,材料2|25|梯形波|55|-12,2,q4-ridge-fold-2,True
附件一（训练集）.xlsx|材料4|220,材料4|50|正弦波|47|-12,1,q4-ridge-fold-1,True
附件一（训练集）.xlsx|材料3|965,材料3|25|正弦波|46|-9,1,q4-ridge-fold-1,True
附件一（训练集）.xlsx|材料3|1016,材料3|25|三角波|50|-18,3,q4-ridge-fold-3,True
附件一（训练集）.xlsx|材料4|356,材料4|50|正弦波|53|-19,4,q4-ridge-fold-4,True
附件一（训练集）.xlsx|材料3|2557,材料3|50|梯形波|54|-9,0,q4-ridge-fold-0,True
附件一（训练集）.xlsx|材料1|3401,材料1|90|梯形波|55|-13,2,q4-ridge-fold-2,True
附件一（训练集）.xlsx|材料1|1006,材料1|90|正弦波|52|-10,3,q4-ridge-fold-3,True
附件一（训练集）.xlsx|材料1|2101,材料1|90|三角波|52|-18,2,q4-ridge-fold-2,True
附件一（训练集）.xlsx|材料3|1828,材料3|90|三角波|52|-13,0,q4-ridge-fold-0,True
附件一（训练集）.xlsx|材料3|1101,材料3|25|三角波|52|-10,1,q4-ridge-fold-1,True
附件一（训练集）.xlsx|材料2|2990,材料2|90|梯形波|56|-14,2,q4-ridge-fold-2,True
附件一（训练集）.xlsx|材料2|2316,材料2|50|梯形波|51|-12,1,q4-ridge-fold-1,True
附件一（训练集）.xlsx|材料4|1767,材料4|90|三角波|52|-13,1,q4-ridge-fold-1,True
附件一（训练集）.xlsx|材料4|1996,材料4|25|三角波|55|-17,0,q4-ridge-fold-0,True
附件一（训练集）.xlsx|材料1|1041,材料1|90|正弦波|54|-20,4,q4-ridge-fold-4,True
附件一（训练集）.xlsx|材料1|1351,材料1|25|三角波|49|-15,3,q4-ridge-fold-3,True
附件一（训练集）.xlsx|材料1|1656,材料1|50|三角波|49|-11,2,q4-ridge-fold-2,True
附件一（训练集）.xlsx|材料2|807,材料2|90|正弦波|50|-12,1,q4-ridge-fold-1,True
附件一（训练集）.xlsx|材料1|837,材料1|90|正弦波|47|-9,4,q4-ridge-fold-4,True
附件一（训练集）.xlsx|材料3|3029,材料3|90|梯形波|49|-8,4,q4-ridge-fold-4,True
附件一（训练集）.xlsx|材料3|1171,材料3|25|三角波|52|-17,2,q4-ridge-fold-2,True
附件一（训练集）.xlsx|材料1|1359,材料1|25|三角波|49|-9,3,q4-ridge-fold-3,True
附件一（训练集）.xlsx|材料1|364,材料1|50|正弦波|49|-16,2,q4-ridge-fold-2,True
附件一（训练集）.xlsx|材料3|2158,材料3|25|梯形波|55|-18,0,q4-ridge-fold-0,True
附件一（训练集）.xlsx|材料4|1147,材料4|25|三角波|49|-11,4,q4-ridge-fold-4,True
附件一（训练集）.xlsx|材料1|389,材料1|50|正弦波|50|-15,0,q4-ridge-fold-0,True
附件一（训练集）.xlsx|材料2|2428,材料2|50|梯形波|56|-11,3,q4-ridge-fold-3,True
附件一（训练集）.xlsx|材料2|1458,材料2|50|三角波|49|-7,4,q4-ridge-fold-4,True
附件一（训练集）.xlsx|材料4|117,材料4|25|正弦波|52|-20,1,q4-ridge-fold-1,True
附件一（训练集）.xlsx|材料4|735,材料4|90|正弦波|51|-13,4,q4-ridge-fold-4,True
附件一（训练集）.xlsx|材料2|950,材料2|50|正弦波|49|-18,0,q4-ridge-fold-0,True
附件一（训练集）.xlsx|材料4|2270,材料4|50|梯形波|47|-13,4,q4-ridge-fold-4,True
附件一（训练集）.xlsx|材料1|443,材料1|50|正弦波|52|-15,0,q4-ridge-fold-0,True
附件一（训练集）.xlsx|材料2|1000,材料2|90|正弦波|55|-19,2,q4-ridge-fold-2,True
附件一（训练集）.xlsx|材料4|1936,材料4|25|三角波|48|-13,0,q4-ridge-fold-0,True
附件一（训练集）.xlsx|材料1|2019,材料1|90|三角波|47|-6,4,q4-ridge-fold-4,True
附件一（训练集）.xlsx|材料4|358,材料4|50|正弦波|53|-17,1,q4-ridge-fold-1,True
附件一（训练集）.xlsx|材料2|1255,材料2|25|三角波|55|-10,2,q4-ridge-fold-2,True
附件一（训练集）.xlsx|材料4|533,材料4|70|正弦波|52|-13,1,q4-ridge-fold-1,True
附件一（训练集）.xlsx|材料1|2388,材料1|25|梯形波|47|-11,1,q4-ridge-fold-1,True
附件一（训练集）.xlsx|材料1|372,材料1|50|正弦波|49|-12,1,q4-ridge-fold-1,True
附件一（训练集）.xlsx|材料2|2025,材料2|90|三角波|54|-8,1,q4-ridge-fold-1,True
附件一（训练集）.xlsx|材料1|5,材料1|25|正弦波|46|-14,0,q4-ridge-fold-0,True
附件一（训练集）.xlsx|材料4|1986,材料4|25|三角波|55|-17,0,q4-ridge-fold-0,True
附件一（训练集）.xlsx|材料2|2648,材料2|70|梯形波|55|-20,3,q4-ridge-fold-3,True
附件一（训练集）.xlsx|材料2|2619,材料2|70|梯形波|51|-14,3,q4-ridge-fold-3,True
附件一（训练集）.xlsx|材料3|215,材料3|70|正弦波|52|-12,0,q4-ridge-fold-0,True
附件一（训练集）.xlsx|材料3|1336,材料3|50|三角波|50|-12,4,q4-ridge-fold-4,True
附件一（训练集）.xlsx|材料1|3304,材料1|90|梯形波|52|-18,1,q4-ridge-fold-1,True
附件一（训练集）.xlsx|材料4|1490,材料4|70|三角波|52|-12,1,q4-ridge-fold-1,True
附件一（训练集）.xlsx|材料3|654,材料3|70|正弦波|46|-17,2,q4-ridge-fold-2,True
附件一（训练集）.xlsx|材料3|885,材料3|25|正弦波|52|-19,4,q4-ridge-fold-4,True
附件一（训练集）.xlsx|材料1|1700,材料1|70|三角波|47|-13,4,q4-ridge-fold-4,True
附件一（训练集）.xlsx|材料1|3118,材料1|70|梯形波|54|-13,1,q4-ridge-fold-1,True
附件一（训练集）.xlsx|材料4|701,材料4|90|正弦波|49|-9,1,q4-ridge-fold-1,True
附件一（训练集）.xlsx|材料1|1027,材料1|90|正弦波|53|-19,2,q4-ridge-fold-2,True
附件一（训练集）.xlsx|材料2|1023,材料2|25|正弦波|47|-11,0,q4-ridge-fold-0,True
附件一（训练集）.xlsx|材料1|1654,材料1|50|三角波|49|-12,3,q4-ridge-fold-3,True
附件一（训练集）.xlsx|材料2|152,材料2|50|正弦波|52|-11,4,q4-ridge-fold-4,True
附件一（训练集）.xlsx|材料2|482,材料2|50|正弦波|53|-19,0,q4-ridge-fold-0,True
附件一（训练集）.xlsx|材料1|2353,材料1|25|三角波|55|-8,0,q4-ridge-fold-0,True
附件一（训练集）.xlsx|材料3|3171,材料3|90|梯形波|55|-13,0,q4-ridge-fold-0,True
附件一（训练集）.xlsx|材料2|95,材料2|50|正弦波|46|-14,2,q4-ridge-fold-2,True
附件一（训练集）.xlsx|材料3|785,材料3|90|正弦波|55|-20,1,q4-ridge-fold-1,True
附件一（训练集）.xlsx|材料3|1410,材料3|50|三角波|52|-18,4,q4-ridge-fold-4,True
附件一（训练集）.xlsx|材料3|1489,材料3|50|三角波|52|-9,2,q4-ridge-fold-2,True
附件一（训练集）.xlsx|材料4|2256,材料4|50|三角波|55|-11,0,q4-ridge-fold-0,True
附件一（训练集）.xlsx|材料4|2338,材料4|50|梯形波|50|-16,1,q4-ridge-fold-1,True
附件一（训练集）.xlsx|材料1|592,材料1|70|正弦波|48|-6,2,q4-ridge-fold-2,True
附件一（训练集）.xlsx|材料1|660,材料1|70|正弦波|50|-13,1,q4-ridge-fold-1,True
附件一（训练集）.xlsx|材料3|3167,材料3|90|梯形波|55|-17,1,q4-ridge-fold-1,True
附件一（训练集）.xlsx|材料3|2823,材料3|70|梯形波|51|-10,4,q4-ridge-fold-4,True
附件一（训练集）.xlsx|材料4|1166,材料4|50|三角波|47|-14,1,q4-ridge-fold-1,True
附件一（训练集）.xlsx|材料2|1975,材料2|90|三角波|55|-11,0,q4-ridge-fold-0,True
附件一（训练集）.xlsx|材料3|2297,材料3|25|梯形波|47|-6,0,q4-ridge-fold-0,True
附件一（训练集）.xlsx|材料2|600,材料2|50|正弦波|46|-10,1,q4-ridge-fold-1,True
附件一（训练集）.xlsx|材料3|17,材料3|25|正弦波|47|-10,3,q4-ridge-fold-3,True
附件一（训练集）.xlsx|材料3|738,材料3|90|正弦波|47|-13,1,q4-ridge-fold-1,True
附件一（训练集）.xlsx|材料4|1087,材料4|25|三角波|47|-11,2,q4-ridge-fold-2,True
附件一（训练集）.xlsx|材料4|521,材料4|70|正弦波|51|-15,2,q4-ridge-fold-2,True
附件一（训练集）.xlsx|材料4|2357,材料4|50|梯形波|51|-11,3,q4-ridge-fold-3,True
附件一（训练集）.xlsx|材料3|939,材料3|25|正弦波|49|-19,2,q4-ridge-fold-2,True
附件一（训练集）.xlsx|材料1|2753,材料1|50|梯形波|52|-17,3,q4-ridge-fold-3,True
附件一（训练集）.xlsx|材料3|1630,材料3|70|三角波|49|-8,0,q4-ridge-fold-0,True
附件一（训练集）.xlsx|材料4|1081,材料4|25|三角波|47|-15,2,q4-ridge-fold-2,True
附件一（训练集）.xlsx|材料4|619,材料4|70|正弦波|56|-20,2,q4-ridge-fold-2,True
附件一（训练集）.xlsx|材料2|555,材料2|25|正弦波|52|-14,4,q4-ridge-fold-4,True
附件一（训练集）.xlsx|材料2|539,材料2|25|正弦波|49|-9,1,q4-ridge-fold-1,True
附件一（训练集）.xlsx|材料1|922,材料1|90|正弦波|50|-8,2,q4-ridge-fold-2,True
附件一（训练集）.xlsx|材料2|1725,材料2|70|三角波|52|-14,0,q4-ridge-fold-0,True
附件一（训练集）.xlsx|材料2|2873,材料2|90|梯形波|52|-10,2,q4-ridge-fold-2,True
附件一（训练集）.xlsx|材料1|1220,材料1|25|三角波|54|-17,3,q4-ridge-fold-3,True
附件一（训练集）.xlsx|材料3|1682,材料3|70|三角波|56|-18,4,q4-ridge-fold-4,True
附件一（训练集）.xlsx|材料4|1898,材料4|90|三角波|49|-18,3,q4-ridge-fold-3,True
附件一（训练集）.xlsx|材料2|82,材料2|25|正弦波|55|-12,4,q4-ridge-fold-4,True
附件一（训练集）.xlsx|材料4|1323,材料4|50|三角波|56|-19,2,q4-ridge-fold-2,True
附件一（训练集）.xlsx|材料4|999,材料4|25|三角波|52|-12,4,q4-ridge-fold-4,True
附件一（训练集）.xlsx|材料4|2168,材料4|50|三角波|50|-16,4,q4-ridge-fold-4,True
附件一（训练集）.xlsx|材料4|1047,材料4|25|三角波|55|-16,3,q4-ridge-fold-3,True
附件一（训练集）.xlsx|材料4|1658,材料4|70|三角波|49|-9,1,q4-ridge-fold-1,True
附件一（训练集）.xlsx|材料3|807,材料3|50|正弦波|49|-12,2,q4-ridge-fold-2,True
附件一（训练集）.xlsx|材料2|1040,材料2|25|正弦波|49|-14,0,q4-ridge-fold-0,True
附件一（训练集）.xlsx|材料3|147,材料3|50|正弦波|53|-20,2,q4-ridge-fold-2,True
附件一（训练集）.xlsx|材料2|1476,材料2|50|三角波|52|-8,3,q4-ridge-fold-3,True
附件一（训练集）.xlsx|材料1|1527,材料1|50|三角波|54|-18,3,q4-ridge-fold-3,True
附件一（训练集）.xlsx|材料1|1234,材料1|25|三角波|54|-19,3,q4-ridge-fold-3,True
附件一（训练集）.xlsx|材料1|3034,材料1|70|梯形波|52|-18,3,q4-ridge-fold-3,True
附件一（训练集）.xlsx|材料1|1532,材料1|50|三角波|54|-14,3,q4-ridge-fold-3,True
附件一（训练集）.xlsx|材料1|2399,材料1|25|梯形波|48|-10,3,q4-ridge-fold-3,True
附件一（训练集）.xlsx|材料4|1670,材料4|70|三角波|50|-12,1,q4-ridge-fold-1,True
附件一（训练集）.xlsx|材料1|1152,材料1|25|三角波|52|-13,3,q4-ridge-fold-3,True
附件一（训练集）.xlsx|材料4|1303,材料4|50|三角波|55|-17,2,q4-ridge-fold-2,True
附件一（训练集）.xlsx|材料3|703,材料3|70|正弦波|52|-17,1,q4-ridge-fold-1,True
附件一（训练集）.xlsx|材料2|302,材料2|90|正弦波|49|-8,0,q4-ridge-fold-0,True
附件一（训练集）.xlsx|材料3|2220,材料3|25|梯形波|51|-12,3,q4-ridge-fold-3,True
附件一（训练集）.xlsx|材料2|1514,材料2|50|三角波|49|-13,2,q4-ridge-fold-2,True
附件一（训练集）.xlsx|材料4|2791,材料4|90|梯形波|52|-19,2,q4-ridge-fold-2,True
附件一（训练集）.xlsx|材料3|1094,材料3|25|三角波|52|-18,4,q4-ridge-fold-4,True
附件一（训练集）.xlsx|材料4|2166,材料4|50|三角波|49|-13,2,q4-ridge-fold-2,True
附件一（训练集）.xlsx|材料2|1513,材料2|50|三角波|48|-6,0,q4-ridge-fold-0,True
附件一（训练集）.xlsx|材料2|987,材料2|90|正弦波|50|-14,0,q4-ridge-fold-0,True
附件一（训练集）.xlsx|材料3|2363,材料3|50|梯形波|52|-10,3,q4-ridge-fold-3,True
附件一（训练集）.xlsx|材料3|3009,材料3|90|梯形波|55|-13,0,q4-ridge-fold-0,True
附件一（训练集）.xlsx|材料3|2016,材料3|25|三角波|55|-14,1,q4-ridge-fold-1,True
附件一（训练集）.xlsx|材料1|642,材料1|70|正弦波|50|-11,1,q4-ridge-fold-1,True
附件一（训练集）.xlsx|材料3|1408,材料3|50|三角波|52|-10,4,q4-ridge-fold-4,True
附件一（训练集）.xlsx|材料2|1715,材料2|70|三角波|50|-7,2,q4-ridge-fold-2,True
附件一（训练集）.xlsx|材料1|764,材料1|70|正弦波|53|-16,3,q4-ridge-fold-3,True
附件一（训练集）.xlsx|材料2|2883,材料2|90|梯形波|52|-7,1,q4-ridge-fold-1,True
附件一（训练集）.xlsx|材料3|427,材料3|25|正弦波|47|-17,0,q4-ridge-fold-0,True
附件一（训练集）.xlsx|材料4|56,材料4|25|正弦波|49|-14,3,q4-ridge-fold-3,True
附件一（训练集）.xlsx|材料1|2144,材料1|90|三角波|53|-17,4,q4-ridge-fold-4,True
附件一（训练集）.xlsx|材料2|292,材料2|90|正弦波|49|-14,2,q4-ridge-fold-2,True
附件一（训练集）.xlsx|材料4|589,材料4|70|正弦波|54|-18,3,q4-ridge-fold-3,True
附件一（训练集）.xlsx|材料4|833,材料4|90|正弦波|56|-16,1,q4-ridge-fold-1,True
附件一（训练集）.xlsx|材料2|1045,材料2|25|正弦波|49|-9,1,q4-ridge-fold-1,True
附件一（训练集）.xlsx|材料1|1995,材料1|70|三角波|49|-8,1,q4-ridge-fold-1,True
附件一（训练集）.xlsx|材料1|1732,材料1|70|三角波|50|-13,2,q4-ridge-fold-2,True
附件一（训练集）.xlsx|材料2|1388,材料2|50|三角波|49|-11,1,q4-ridge-fold-1,True
附件一（训练集）.xlsx|材料2|2974,材料2|90|梯形波|55|-14,2,q4-ridge-fold-2,True
附件一（训练集）.xlsx|材料2|2964,材料2|90|梯形波|54|-16,4,q4-ridge-fold-4,True
附件一（训练集）.xlsx|材料1|3136,材料1|90|三角波|55|-8,1,q4-ridge-fold-1,True
附件一（训练集）.xlsx|材料1|3364,材料1|90|梯形波|54|-13,2,q4-ridge-fold-2,True
附件一（训练集）.xlsx|材料1|3129,材料1|70|梯形波|55|-17,4,q4-ridge-fold-4,True
附件一（训练集）.xlsx|材料3|3187,材料3|90|梯形波|56|-19,0,q4-ridge-fold-0,True
附件一（训练集）.xlsx|材料3|2545,材料3|50|梯形波|52|-10,3,q4-ridge-fold-3,True
附件一（训练集）.xlsx|材料2|1997,材料2|90|三角波|49|-8,0,q4-ridge-fold-0,True
附件一（训练集）.xlsx|材料2|225,材料2|70|正弦波|52|-17,1,q4-ridge-fold-1,True
附件一（训练集）.xlsx|材料4|2163,材料4|50|三角波|48|-13,3,q4-ridge-fold-3,True
附件一（训练集）.xlsx|材料1|2774,材料1|50|梯形波|52|-18,0,q4-ridge-fold-0,True
附件一（训练集）.xlsx|材料4|2093,材料4|25|三角波|55|-15,0,q4-ridge-fold-0,True
附件一（训练集）.xlsx|材料3|2184,材料3|25|梯形波|46|-12,2,q4-ridge-fold-2,True
附件一（训练集）.xlsx|材料3|306,材料3|90|正弦波|53|-16,3,q4-ridge-fold-3,True
附件一（训练集）.xlsx|材料3|997,材料3|25|正弦波|50|-14,0,q4-ridge-fold-0,True
附件一（训练集）.xlsx|材料2|503,材料2|70|正弦波|50|-10,2,q4-ridge-fold-2,True
附件一（训练集）.xlsx|材料2|2115,材料2|25|梯形波|55|-11,4,q4-ridge-fold-4,True
附件一（训练集）.xlsx|材料2|437,材料2|50|正弦波|50|-10,2,q4-ridge-fold-2,True
附件一（训练集）.xlsx|材料3|826,材料3|25|正弦波|49|-8,4,q4-ridge-fold-4,True
附件一（训练集）.xlsx|材料1|2575,材料1|25|梯形波|54|-12,2,q4-ridge-fold-2,True
附件一（训练集）.xlsx|材料1|248,材料1|25|正弦波|53|-15,4,q4-ridge-fold-4,True
附件一（训练集）.xlsx|材料3|1058,材料3|25|三角波|56|-21,2,q4-ridge-fold-2,True
附件一（训练集）.xlsx|材料1|3029,材料1|70|梯形波|52|-8,3,q4-ridge-fold-3,True
附件一（训练集）.xlsx|材料1|1073,材料1|25|三角波|47|-8,2,q4-ridge-fold-2,True
附件一（训练集）.xlsx|材料1|2446,材料1|25|梯形波|50|-15,0,q4-ridge-fold-0,True
附件一（训练集）.xlsx|材料1|572,材料1|70|正弦波|47|-10,0,q4-ridge-fold-0,True
附件一（训练集）.xlsx|材料2|2288,材料2|50|梯形波|46|-14,0,q4-ridge-fold-0,True
附件一（训练集）.xlsx|材料4|2381,材料4|70|三角波|50|-15,1,q4-ridge-fold-1,True
附件一（训练集）.xlsx|材料4|2255,材料4|50|三角波|55|-13,0,q4-ridge-fold-0,True
附件一（训练集）.xlsx|材料4|2280,材料4|50|梯形波|48|-14,2,q4-ridge-fold-2,True
附件一（训练集）.xlsx|材料1|1807,材料1|70|三角波|52|-16,1,q4-ridge-fold-1,True
附件一（训练集）.xlsx|材料3|3145,材料3|90|梯形波|52|-7,1,q4-ridge-fold-1,True
附件一（训练集）.xlsx|材料1|1761,材料1|70|三角波|52|-19,2,q4-ridge-fold-2,True
附件一（训练集）.xlsx|材料1|2509,材料1|25|梯形波|52|-18,1,q4-ridge-fold-1,True
附件一（训练集）.xlsx|材料3|2420,材料3|50|梯形波|49|-15,0,q4-ridge-fold-0,True
附件一（训练集）.xlsx|材料2|634,材料2|50|正弦波|50|-12,0,q4-ridge-fold-0,True
附件一（训练集）.xlsx|材料1|2372,材料1|25|梯形波|46|-13,4,q4-ridge-fold-4,True
附件一（训练集）.xlsx|材料3|458,材料3|25|正弦波|52|-17,0,q4-ridge-fold-0,True
附件一（训练集）.xlsx|材料4|2565,材料4|70|梯形波|51|-8,4,q4-ridge-fold-4,True
附件一（训练集）.xlsx|材料1|1380,材料1|25|三角波|49|-7,0,q4-ridge-fold-0,True
附件一（训练集）.xlsx|材料3|718,材料3|70|正弦波|55|-16,0,q4-ridge-fold-0,True
附件一（训练集）.xlsx|材料1|1241,材料1|25|三角波|54|-14,3,q4-ridge-fold-3,True
附件一（训练集）.xlsx|材料4|1000,材料4|25|三角波|53|-19,2,q4-ridge-fold-2,True
附件一（训练集）.xlsx|材料1|1418,材料1|50|三角波|50|-11,2,q4-ridge-fold-2,True
附件一（训练集）.xlsx|材料1|1302,材料1|25|三角波|56|-18,0,q4-ridge-fold-0,True
附件一（训练集）.xlsx|材料2|533,材料2|25|正弦波|49|-19,4,q4-ridge-fold-4,True
附件一（训练集）.xlsx|材料4|1608,材料4|70|三角波|48|-10,1,q4-ridge-fold-1,True
附件一（训练集）.xlsx|材料1|2672,材料1|50|梯形波|48|-11,4,q4-ridge-fold-4,True
附件一（训练集）.xlsx|材料1|2956,材料1|70|梯形波|49|-16,0,q4-ridge-fold-0,True
附件一（训练集）.xlsx|材料1|1771,材料1|70|三角波|52|-13,4,q4-ridge-fold-4,True
附件一（训练集）.xlsx|材料1|1794,材料1|70|三角波|52|-12,4,q4-ridge-fold-4,True
附件一（训练集）.xlsx|材料3|874,材料3|50|正弦波|55|-16,0,q4-ridge-fold-0,True
附件一（训练集）.xlsx|材料4|333,材料4|50|正弦波|52|-14,3,q4-ridge-fold-3,True
附件一（训练集）.xlsx|材料3|2034,材料3|25|梯形波|48|-7,2,q4-ridge-fold-2,True
附件一（训练集）.xlsx|材料4|1909,材料4|90|三角波|49|-10,4,q4-ridge-fold-4,True
附件一（训练集）.xlsx|材料3|2988,材料3|90|梯形波|54|-15,4,q4-ridge-fold-4,True
附件一（训练集）.xlsx|材料4|2568,材料4|70|梯形波|52|-17,4,q4-ridge-fold-4,True
附件一（训练集）.xlsx|材料1|513,材料1|50|正弦波|53|-13,2,q4-ridge-fold-2,True
附件一（训练集）.xlsx|材料3|3123,材料3|90|梯形波|49|-7,4,q4-ridge-fold-4,True
附件一（训练集）.xlsx|材料2|717,材料2|70|正弦波|49|-9,1,q4-ridge-fold-1,True
附件一（训练集）.xlsx|材料2|2816,材料2|90|梯形波|52|-12,0,q4-ridge-fold-0,True
附件一（训练集）.xlsx|材料2|845,材料2|90|正弦波|55|-16,2,q4-ridge-fold-2,True
附件一（训练集）.xlsx|材料2|1650,材料2|70|三角波|52|-8,0,q4-ridge-fold-0,True
附件一（训练集）.xlsx|材料2|1900,材料2|90|三角波|55|-18,0,q4-ridge-fold-0,True
附件一（训练集）.xlsx|材料3|1681,材料3|70|三角波|56|-20,2,q4-ridge-fold-2,True
附件一（训练集）.xlsx|材料3|185,材料3|70|正弦波|47|-9,2,q4-ridge-fold-2,True
附件一（训练集）.xlsx|材料1|540,材料1|70|正弦波|46|-8,1,q4-ridge-fold-1,True
附件一（训练集）.xlsx|材料4|2248,材料4|50|三角波|55|-19,0,q4-ridge-fold-0,True
附件一（训练集）.xlsx|材料1|573,材料1|70|正弦波|47|-10,0,q4-ridge-fold-0,True
附件一（训练集）.xlsx|材料3|1508,材料3|70|三角波|51|-16,1,q4-ridge-fold-1,True
附件一（训练集）.xlsx|材料4|2022,材料4|25|三角波|55|-11,0,q4-ridge-fold-0,True
附件一（训练集）.xlsx|材料1|2743,材料1|50|梯形波|51|-11,2,q4-ridge-fold-2,True
附件一（训练集）.xlsx|材料2|1950,材料2|90|三角波|52|-13,4,q4-ridge-fold-4,True
附件一（训练集）.xlsx|材料3|2443,材料3|50|梯形波|52|-8,3,q4-ridge-fold-3,True
附件一（训练集）.xlsx|材料3|881,材料3|25|正弦波|46|-9,1,q4-ridge-fold-1,True
附件一（训练集）.xlsx|材料2|1716,材料2|70|三角波|50|-6,4,q4-ridge-fold-4,True
附件一（训练集）.xlsx|材料1|702,材料1|70|正弦波|52|-19,3,q4-ridge-fold-3,True
附件一（训练集）.xlsx|材料4|1169,材料4|50|三角波|47|-12,0,q4-ridge-fold-0,True
附件一（训练集）.xlsx|材料3|627,材料3|50|正弦波|52|-11,1,q4-ridge-fold-1,True
附件一（训练集）.xlsx|材料1|2981,材料1|70|梯形波|50|-9,1,q4-ridge-fold-1,True
附件一（训练集）.xlsx|材料3|2551,材料3|50|梯形波|54|-16,4,q4-ridge-fold-4,True
附件一（训练集）.xlsx|材料2|832,材料2|90|正弦波|53|-16,0,q4-ridge-fold-0,True
附件一（训练集）.xlsx|材料1|3031,材料1|70|梯形波|52|-7,1,q4-ridge-fold-1,True
附件一（训练集）.xlsx|材料2|2599,材料2|70|梯形波|46|-6,4,q4-ridge-fold-4,True
附件一（训练集）.xlsx|材料2|2749,材料2|70|梯形波|56|-12,4,q4-ridge-fold-4,True
附件一（训练集）.xlsx|材料2|2756,材料2|70|梯形波|47|-12,1,q4-ridge-fold-1,True
附件一（训练集）.xlsx|材料2|431,材料2|50|正弦波|49|-16,2,q4-ridge-fold-2,True
附件一（训练集）.xlsx|材料4|66,材料4|25|正弦波|49|-14,3,q4-ridge-fold-3,True
附件一（训练集）.xlsx|材料3|57,材料3|25|正弦波|52|-14,0,q4-ridge-fold-0,True
附件一（训练集）.xlsx|材料3|1862,材料3|90|三角波|55|-18,4,q4-ridge-fold-4,True
附件一（训练集）.xlsx|材料2|669,材料2|50|正弦波|55|-14,0,q4-ridge-fold-0,True
附件一（训练集）.xlsx|材料1|3025,材料1|70|梯形波|52|-11,3,q4-ridge-fold-3,True
附件一（训练集）.xlsx|材料3|3096,材料3|90|梯形波|55|-12,2,q4-ridge-fold-2,True
附件一（训练集）.xlsx|材料3|2007,材料3|25|三角波|55|-12,0,q4-ridge-fold-0,True
附件一（训练集）.xlsx|材料2|1227,材料2|25|三角波|50|-8,3,q4-ridge-fold-3,True
附件一（训练集）.xlsx|材料1|518,材料1|50|正弦波|54|-19,3,q4-ridge-fold-3,True
附件一（训练集）.xlsx|材料2|1783,材料2|70|三角波|52|-10,2,q4-ridge-fold-2,True
附件一（训练集）.xlsx|材料1|1781,材料1|70|三角波|52|-20,2,q4-ridge-fold-2,True
附件一（训练集）.xlsx|材料2|512,材料2|25|正弦波|46|-14,0,q4-ridge-fold-0,True
附件一（训练集）.xlsx|材料1|1734,材料1|70|三角波|50|-12,1,q4-ridge-fold-1,True
附件一（训练集）.xlsx|材料4|57,材料4|25|正弦波|49|-12,3,q4-ridge-fold-3,True
附件一（训练集）.xlsx|材料4|2253,材料4|50|三角波|55|-14,2,q4-ridge-fold-2,True
附件一（训练集）.xlsx|材料1|3224,材料1|90|梯形波|49|-14,1,q4-ridge-fold-1,True
附件一（训练集）.xlsx|材料4|1542,材料4|70|三角波|54|-20,4,q4-ridge-fold-4,True
附件一（训练集）.xlsx|材料4|1843,材料4|90|三角波|47|-15,1,q4-ridge-fold-1,True
附件一（训练集）.xlsx|材料2|2193,材料2|25|梯形波|56|-17,0,q4-ridge-fold-0,True
附件一（训练集）.xlsx|材料1|381,材料1|50|正弦波|49|-7,3,q4-ridge-fold-3,True
附件一（训练集）.xlsx|材料4|917,材料4|25|三角波|49|-16,4,q4-ridge-fold-4,True
附件一（训练集）.xlsx|材料2|752,材料2|70|正弦波|55|-16,2,q4-ridge-fold-2,True
附件一（训练集）.xlsx|材料4|1558,材料4|70|三角波|55|-17,4,q4-ridge-fold-4,True
附件一（训练集）.xlsx|材料3|2212,材料3|25|梯形波|49|-10,1,q4-ridge-fold-1,True
附件一（训练集）.xlsx|材料2|473,材料2|70|正弦波|49|-12,3,q4-ridge-fold-3,True
附件一（训练集）.xlsx|材料2|1487,材料2|50|三角波|55|-20,1,q4-ridge-fold-1,True
附件一（训练集）.xlsx|材料4|280,材料4|50|正弦波|50|-14,1,q4-ridge-fold-1,True
附件一（训练集）.xlsx|材料4|434,材料4|70|正弦波|47|-12,1,q4-ridge-fold-1,True
附件一（训练集）.xlsx|材料1|2027,材料1|90|三角波|48|-12,3,q4-ridge-fold-3,True
附件一（训练集）.xlsx|材料1|2986,材料1|70|梯形波|51|-17,4,q4-ridge-fold-4,True
附件一（训练集）.xlsx|材料4|1584,材料4|70|三角波|56|-16,0,q4-ridge-fold-0,True
附件一（训练集）.xlsx|材料4|2191,材料4|50|三角波|55|-18,0,q4-ridge-fold-0,True
附件一（训练集）.xlsx|材料1|3259,材料1|90|梯形波|51|-12,0,q4-ridge-fold-0,True
附件一（训练集）.xlsx|材料3|1830,材料3|90|三角波|52|-11,2,q4-ridge-fold-2,True
附件一（训练集）.xlsx|材料1|1539,材料1|50|三角波|54|-11,3,q4-ridge-fold-3,True
附件一（训练集）.xlsx|材料3|2372,材料3|50|梯形波|52|-8,3,q4-ridge-fold-3,True
附件一（训练集）.xlsx|材料3|1925,材料3|90|三角波|54|-12,4,q4-ridge-fold-4,True
附件一（训练集）.xlsx|材料3|2239,材料3|25|梯形波|52|-14,3,q4-ridge-fold-3,True
附件一（训练集）.xlsx|材料4|1561,材料4|70|三角波|55|-14,4,q4-ridge-fold-4,True
附件一（训练集）.xlsx|材料4|2666,材料4|90|梯形波|48|-13,0,q4-ridge-fold-0,True
附件一（训练集）.xlsx|材料4|266,材料4|50|正弦波|49|-13,0,q4-ridge-fold-0,True
附件一（训练集）.xlsx|材料4|1849,材料4|90|三角波|47|-11,3,q4-ridge-fold-3,True
附件一（训练集）.xlsx|材料2|590,材料2|25|正弦波|55|-15,1,q4-ridge-fold-1,True
附件一（训练集）.xlsx|材料1|724,材料1|70|正弦波|52|-17,3,q4-ridge-fold-3,True
附件一（训练集）.xlsx|材料4|191,材料4|50|正弦波|46|-17,3,q4-ridge-fold-3,True
附件一（训练集）.xlsx|材料1|2218,材料1|90|三角波|55|-17,4,q4-ridge-fold-4,True
附件一（训练集）.xlsx|材料2|2400,材料2|50|梯形波|54|-15,1,q4-ridge-fold-1,True
附件一（训练集）.xlsx|材料3|2436,材料3|50|梯形波|52|-15,2,q4-ridge-fold-2,True
附件一（训练集）.xlsx|材料3|1645,材料3|70|三角波|50|-10,4,q4-ridge-fold-4,True
附件一（训练集）.xlsx|材料1|2484,材料1|25|梯形波|51|-12,2,q4-ridge-fold-2,True
附件一（训练集）.xlsx|材料3|1225,材料3|25|三角波|49|-9,3,q4-ridge-fold-3,True
附件一（训练集）.xlsx|材料1|1431,材料1|50|三角波|51|-15,1,q4-ridge-fold-1,True
附件一（训练集）.xlsx|材料2|1698,材料2|70|三角波|49|-10,2,q4-ridge-fold-2,True
附件一（训练集）.xlsx|材料1|2201,材料1|90|三角波|55|-20,2,q4-ridge-fold-2,True
附件一（训练集）.xlsx|材料1|1421,材料1|50|三角波|50|-9,2,q4-ridge-fold-2,True
附件一（训练集）.xlsx|材料2|2693,材料2|70|梯形波|49|-11,2,q4-ridge-fold-2,True
附件一（训练集）.xlsx|材料4|2703,材料4|90|梯形波|49|-7,2,q4-ridge-fold-2,True
附件一（训练集）.xlsx|材料4|1953,材料4|25|三角波|50|-15,4,q4-ridge-fold-4,True
附件一（训练集）.xlsx|材料1|2360,材料1|25|三角波|55|-16,4,q4-ridge-fold-4,True
附件一（训练集）.xlsx|材料3|1612,材料3|70|三角波|55|-17,2,q4-ridge-fold-2,True
附件一（训练集）.xlsx|材料3|2830,材料3|70|梯形波|52|-15,4,q4-ridge-fold-4,True
附件一（训练集）.xlsx|材料3|235,材料3|70|正弦波|55|-20,2,q4-ridge-fold-2,True
附件一（训练集）.xlsx|材料1|2858,材料1|50|梯形波|54|-9,2,q4-ridge-fold-2,True
附件一（训练集）.xlsx|材料2|47,材料2|25|正弦波|52|-16,3,q4-ridge-fold-3,True
附件一（训练集）.xlsx|材料1|1057,材料1|90|正弦波|55|-18,1,q4-ridge-fold-1,True
附件一（训练集）.xlsx|材料1|942,材料1|90|正弦波|51|-18,3,q4-ridge-fold-3,True
附件一（训练集）.xlsx|材料3|1282,材料3|50|三角波|52|-13,0,q4-ridge-fold-0,True
附件一（训练集）.xlsx|材料3|1653,材料3|70|三角波|52|-6,0,q4-ridge-fold-0,True
附件一（训练集）.xlsx|材料1|756,材料1|70|正弦波|53|-9,4,q4-ridge-fold-4,True
附件一（训练集）.xlsx|材料2|2889,材料2|90|梯形波|54|-13,2,q4-ridge-fold-2,True
附件一（训练集）.xlsx|材料3|510,材料3|25|正弦波|49|-7,0,q4-ridge-fold-0,True
附件一（训练集）.xlsx|材料4|2430,材料4|70|三角波|52|-17,0,q4-ridge-fold-0,True
附件一（训练集）.xlsx|材料1|647,材料1|70|正弦波|50|-9,3,q4-ridge-fold-3,True
附件一（训练集）.xlsx|材料1|988,材料1|90|正弦波|52|-12,4,q4-ridge-fold-4,True
附件一（训练集）.xlsx|材料4|449,材料4|70|正弦波|48|-14,4,q4-ridge-fold-4,True
附件一（训练集）.xlsx|材料1|2512,材料1|25|梯形波|52|-17,2,q4-ridge-fold-2,True
附件一（训练集）.xlsx|材料3|2331,材料3|50|梯形波|48|-10,3,q4-ridge-fold-3,True
附件一（训练集）.xlsx|材料4|1364,材料4|50|三角波|49|-8,4,q4-ridge-fold-4,True
附件一（训练集）.xlsx|材料1|482,材料1|50|正弦波|52|-11,4,q4-ridge-fold-4,True
附件一（训练集）.xlsx|材料2|2760,材料2|90|三角波|55|-18,0,q4-ridge-fold-0,True
附件一（训练集）.xlsx|材料2|131,材料2|50|正弦波|50|-16,1,q4-ridge-fold-1,True
附件一（训练集）.xlsx|材料3|2561,材料3|50|梯形波|55|-16,1,q4-ridge-fold-1,True
附件一（训练集）.xlsx|材料3|320,材料3|90|正弦波|55|-14,0,q4-ridge-fold-0,True
附件一（训练集）.xlsx|材料1|2480,材料1|25|梯形波|51|-14,3,q4-ridge-fold-3,True
附件一（训练集）.xlsx|材料1|745,材料1|70|正弦波|53|-15,2,q4-ridge-fold-2,True
附件一（训练集）.xlsx|材料1|2155,材料1|90|三角波|53|-10,0,q4-ridge-fold-0,True
附件一（训练集）.xlsx|材料4|1315,材料4|50|三角波|55|-15,2,q4-ridge-fold-2,True
附件一（训练集）.xlsx|材料4|1699,材料4|90|三角波|48|-8,2,q4-ridge-fold-2,True
附件一（训练集）.xlsx|材料2|1883,材料2|90|三角波|52|-8,1,q4-ridge-fold-1,True
附件一（训练集）.xlsx|材料1|1019,材料1|90|正弦波|53|-13,2,q4-ridge-fold-2,True
附件一（训练集）.xlsx|材料2|621,材料2|50|正弦波|49|-18,0,q4-ridge-fold-0,True
附件一（训练集）.xlsx|材料3|2753,材料3|70|梯形波|54|-18,2,q4-ridge-fold-2,True
附件一（训练集）.xlsx|材料1|2750,材料1|50|梯形波|51|-7,3,q4-ridge-fold-3,True
附件一（训练集）.xlsx|材料4|1252,材料4|50|三角波|52|-14,0,q4-ridge-fold-0,True
附件一（训练集）.xlsx|材料2|2519,材料2|70|三角波|55|-19,3,q4-ridge-fold-3,True
附件一（训练集）.xlsx|材料3|1992,材料3|90|三角波|55|-15,3,q4-ridge-fold-3,True
附件一（训练集）.xlsx|材料1|2586,材料1|25|梯形波|54|-18,2,q4-ridge-fold-2,True
附件一（训练集）.xlsx|材料3|452,材料3|90|正弦波|49|-17,1,q4-ridge-fold-1,True
附件一（训练集）.xlsx|材料4|301,材料4|50|正弦波|51|-18,1,q4-ridge-fold-1,True
附件一（训练集）.xlsx|材料2|1510,材料2|50|三角波|48|-10,2,q4-ridge-fold-2,True
附件一（训练集）.xlsx|材料4|2482,材料4|70|梯形波|48|-15,4,q4-ridge-fold-4,True
附件一（训练集）.xlsx|材料4|1356,材料4|50|三角波|48|-12,0,q4-ridge-fold-0,True
附件一（训练集）.xlsx|材料1|2926,材料1|70|梯形波|48|-8,0,q4-ridge-fold-0,True
附件一（训练集）.xlsx|材料1|1835,材料1|70|三角波|53|-12,3,q4-ridge-fold-3,True
附件一（训练集）.xlsx|材料2|2782,材料2|90|梯形波|48|-14,0,q4-ridge-fold-0,True
附件一（训练集）.xlsx|材料1|624,材料1|70|正弦波|49|-13,4,q4-ridge-fold-4,True
附件一（训练集）.xlsx|材料1|2343,材料1|25|三角波|55|-8,0,q4-ridge-fold-0,True
附件一（训练集）.xlsx|材料4|204,材料4|50|正弦波|47|-16,4,q4-ridge-fold-4,True
附件一（训练集）.xlsx|材料3|2182,材料3|25|梯形波|56|-13,1,q4-ridge-fold-1,True
附件一（训练集）.xlsx|材料3|426,材料3|25|正弦波|52|-16,0,q4-ridge-fold-0,True
附件一（训练集）.xlsx|材料3|330,材料3|50|正弦波|52|-19,2,q4-ridge-fold-2,True
附件一（训练集）.xlsx|材料3|2,材料3|25|正弦波|46|-15,1,q4-ridge-fold-1,True
附件一（训练集）.xlsx|材料3|1163,材料3|25|三角波|52|-17,2,q4-ridge-fold-2,True
附件一（训练集）.xlsx|材料3|1030,材料3|25|三角波|52|-11,0,q4-ridge-fold-0,True
附件一（训练集）.xlsx|材料2|1283,材料2|25|三角波|49|-6,3,q4-ridge-fold-3,True
附件一（训练集）.xlsx|材料1|147,材料1|25|正弦波|50|-17,2,q4-ridge-fold-2,True
附件一（训练集）.xlsx|材料2|733,材料2|70|正弦波|52|-9,0,q4-ridge-fold-0,True
附件一（训练集）.xlsx|材料4|2567,材料4|70|梯形波|52|-18,3,q4-ridge-fold-3,True
附件一（训练集）.xlsx|材料4|633,材料4|90|正弦波|46|-13,2,q4-ridge-fold-2,True
附件一（训练集）.xlsx|材料3|367,材料3|90|正弦波|52|-14,1,q4-ridge-fold-1,True
附件一（训练集）.xlsx|材料1|716,材料1|70|正弦波|52|-9,4,q4-ridge-fold-4,True
附件一（训练集）.xlsx|材料2|549,材料2|25|正弦波|50|-10,2,q4-ridge-fold-2,True
附件一（训练集）.xlsx|材料1|2842,材料1|50|梯形波|54|-20,1,q4-ridge-fold-1,True
附件一（训练集）.xlsx|材料1|3215,材料1|90|梯形波|49|-9,4,q4-ridge-fold-4,True
附件一（训练集）.xlsx|材料1|2077,材料1|90|三角波|51|-8,0,q4-ridge-fold-0,True
附件一（训练集）.xlsx|材料4|828,材料4|90|正弦波|55|-18,0,q4-ridge-fold-0,True
附件一（训练集）.xlsx|材料1|2875,材料1|70|三角波|55|-14,1,q4-ridge-fold-1,True
附件一（训练集）.xlsx|材料1|2964,材料1|70|梯形波|49|-11,3,q4-ridge-fold-3,True
附件一（训练集）.xlsx|材料4|1119,材料4|25|三角波|49|-17,3,q4-ridge-fold-3,True
附件一（训练集）.xlsx|材料1|1142,材料1|25|三角波|52|-18,3,q4-ridge-fold-3,True
附件一（训练集）.xlsx|材料1|3005,材料1|70|梯形波|51|-16,2,q4-ridge-fold-2,True
附件一（训练集）.xlsx|材料3|541,材料3|25|正弦波|52|-13,1,q4-ridge-fold-1,True
附件一（训练集）.xlsx|材料2|1794,材料2|70|三角波|52|-7,4,q4-ridge-fold-4,True
附件一（训练集）.xlsx|材料2|1379,材料2|50|三角波|49|-15,1,q4-ridge-fold-1,True
附件一（训练集）.xlsx|材料3|1764,材料3|90|三角波|52|-17,3,q4-ridge-fold-3,True
附件一（训练集）.xlsx|材料2|2993,材料2|90|梯形波|56|-11,1,q4-ridge-fold-1,True
附件一（训练集）.xlsx|材料3|59,材料3|25|正弦波|52|-11,2,q4-ridge-fold-2,True
附件一（训练集）.xlsx|材料2|2759,材料2|90|三角波|55|-19,2,q4-ridge-fold-2,True
附件一（训练集）.xlsx|材料4|753,材料4|90|正弦波|52|-13,2,q4-ridge-fold-2,True
附件一（训练集）.xlsx|材料3|2382,材料3|50|梯形波|54|-9,0,q4-ridge-fold-0,True
附件一（训练集）.xlsx|材料3|307,材料3|90|正弦波|53|-14,0,q4-ridge-fold-0,True
附件一（训练集）.xlsx|材料2|1481,材料2|50|三角波|54|-15,0,q4-ridge-fold-0,True
附件一（训练集）.xlsx|材料4|2215,材料4|50|三角波|55|-11,0,q4-ridge-fold-0,True
附件一（训练集）.xlsx|材料1|747,材料1|70|正弦波|53|-14,2,q4-ridge-fold-2,True
附件一（训练集）.xlsx|材料4|829,材料4|90|正弦波|55|-16,2,q4-ridge-fold-2,True
附件一（训练集）.xlsx|材料1|1593,材料1|50|三角波|55|-19,1,q4-ridge-fold-1,True
附件一（训练集）.xlsx|材料2|1296,材料2|25|三角波|50|-6,0,q4-ridge-fold-0,True
附件一（训练集）.xlsx|材料2|1934,材料2|90|三角波|50|-10,0,q4-ridge-fold-0,True
附件一（训练集）.xlsx|材料2|227,材料2|70|正弦波|52|-15,0,q4-ridge-fold-0,True
附件一（训练集）.xlsx|材料4|2293,材料4|50|梯形波|48|-14,2,q4-ridge-fold-2,True
附件一（训练集）.xlsx|材料3|248,材料3|90|正弦波|46|-13,2,q4-ridge-fold-2,True
附件一（训练集）.xlsx|材料4|703,材料4|90|正弦波|50|-18,3,q4-ridge-fold-3,True
附件一（训练集）.xlsx|材料1|2004,材料1|70|三角波|50|-13,2,q4-ridge-fold-2,True
附件一（训练集）.xlsx|材料1|2245,材料1|90|三角波|47|-11,3,q4-ridge-fold-3,True
附件一（训练集）.xlsx|材料4|2062,材料4|25|三角波|52|-14,1,q4-ridge-fold-1,True
附件一（训练集）.xlsx|材料1|3192,材料1|90|梯形波|48|-8,3,q4-ridge-fold-3,True
附件一（训练集）.xlsx|材料3|1093,材料3|25|三角波|52|-19,0,q4-ridge-fold-0,True
附件一（训练集）.xlsx|材料4|2769,材料4|90|梯形波|52|-16,1,q4-ridge-fold-1,True
附件一（训练集）.xlsx|材料3|754,材料3|90|正弦波|49|-10,3,q4-ridge-fold-3,True
附件一（训练集）.xlsx|材料3|2874,材料3|70|梯形波|55|-16,0,q4-ridge-fold-0,True
附件一（训练集）.xlsx|材料3|293,材料3|90|正弦波|52|-12,4,q4-ridge-fold-4,True
附件一（训练集）.xlsx|材料4|598,材料4|70|正弦波|55|-18,1,q4-ridge-fold-1,True
附件一（训练集）.xlsx|材料2|193,材料2|70|正弦波|47|-11,1,q4-ridge-fold-1,True
附件一（训练集）.xlsx|材料4|574,材料4|70|正弦波|53|-12,1,q4-ridge-fold-1,True
附件一（训练集）.xlsx|材料3|217,材料3|70|正弦波|52|-19,0,q4-ridge-fold-0,True
附件一（训练集）.xlsx|材料2|843,材料2|90|正弦波|55|-19,2,q4-ridge-fold-2,True
附件一（训练集）.xlsx|材料3|1650,材料3|70|三角波|52|-9,2,q4-ridge-fold-2,True
附件一（训练集）.xlsx|材料2|2959,材料2|90|梯形波|52|-12,0,q4-ridge-fold-0,True
附件一（训练集）.xlsx|材料1|424,材料1|50|正弦波|51|-15,3,q4-ridge-fold-3,True
附件一（训练集）.xlsx|材料4|1790,材料4|90|三角波|54|-18,4,q4-ridge-fold-4,True
附件一（训练集）.xlsx|材料1|2998,材料1|70|梯形波|51|-9,0,q4-ridge-fold-0,True
附件一（训练集）.xlsx|材料2|1307,材料2|25|三角波|52|-13,1,q4-ridge-fold-1,True
附件一（训练集）.xlsx|材料2|2140,材料2|25|梯形波|49|-7,2,q4-ridge-fold-2,True
附件一（训练集）.xlsx|材料2|893,材料2|50|正弦波|52|-16,3,q4-ridge-fold-3,True
附件一（训练集）.xlsx|材料1|2289,材料1|90|三角波|49|-10,3,q4-ridge-fold-3,True
附件一（训练集）.xlsx|材料4|1869,材料4|90|三角波|48|-17,1,q4-ridge-fold-1,True
附件一（训练集）.xlsx|材料1|2115,材料1|90|三角波|52|-10,3,q4-ridge-fold-3,True
附件一（训练集）.xlsx|材料4|866,材料4|25|正弦波|55|-14,3,q4-ridge-fold-3,True
附件一（训练集）.xlsx|材料2|2297,材料2|50|梯形波|48|-15,0,q4-ridge-fold-0,True
附件一（训练集）.xlsx|材料1|164,材料1|25|正弦波|51|-13,3,q4-ridge-fold-3,True
附件一（训练集）.xlsx|材料1|2052,材料1|90|三角波|50|-9,3,q4-ridge-fold-3,True
附件一（训练集）.xlsx|材料3|2560,材料3|50|梯形波|55|-18,1,q4-ridge-fold-1,True
附件一（训练集）.xlsx|材料3|371,材料3|25|正弦波|49|-9,2,q4-ridge-fold-2,True
附件一（训练集）.xlsx|材料3|834,材料3|70|正弦波|53|-19,2,q4-ridge-fold-2,True
附件一（训练集）.xlsx|材料3|2071,材料3|25|梯形波|52|-10,2,q4-ridge-fold-2,True
附件一（训练集）.xlsx|材料4|1886,材料4|90|三角波|49|-17,1,q4-ridge-fold-1,True
附件一（训练集）.xlsx|材料1|1908,材料1|70|三角波|55|-17,3,q4-ridge-fold-3,True
附件一（训练集）.xlsx|材料3|1840,材料3|90|三角波|52|-9,3,q4-ridge-fold-3,True
附件一（训练集）.xlsx|材料1|2288,材料1|90|三角波|49|-11,4,q4-ridge-fold-4,True
附件一（训练集）.xlsx|材料3|2063,材料3|25|梯形波|52|-8,1,q4-ridge-fold-1,True
附件一（训练集）.xlsx|材料2|775,材料2|90|正弦波|47|-17,1,q4-ridge-fold-1,True
附件一（训练集）.xlsx|材料2|881,材料2|50|正弦波|46|-9,4,q4-ridge-fold-4,True
附件一（训练集）.xlsx|材料2|1923,材料2|90|三角波|49|-6,3,q4-ridge-fold-3,True
附件一（训练集）.xlsx|材料4|1581,材料4|70|三角波|56|-18,4,q4-ridge-fold-4,True
附件一（训练集）.xlsx|材料2|1277,材料2|25|三角波|49|-12,1,q4-ridge-fold-1,True
附件一（训练集）.xlsx|材料1|2344,材料1|25|三角波|55|-8,0,q4-ridge-fold-0,True
附件一（训练集）.xlsx|材料3|2270,材料3|25|梯形波|55|-16,0,q4-ridge-fold-0,True
附件一（训练集）.xlsx|材料2|2365,材料2|50|梯形波|48|-6,2,q4-ridge-fold-2,True
附件一（训练集）.xlsx|材料2|88,材料2|25|正弦波|55|-14,3,q4-ridge-fold-3,True
附件一（训练集）.xlsx|材料1|455,材料1|50|正弦波|52|-18,3,q4-ridge-fold-3,True
附件一（训练集）.xlsx|材料2|1563,材料2|50|三角波|55|-8,4,q4-ridge-fold-4,True
附件一（训练集）.xlsx|材料3|1051,材料3|25|三角波|55|-20,1,q4-ridge-fold-1,True
附件一（训练集）.xlsx|材料2|2657,材料2|70|梯形波|55|-16,4,q4-ridge-fold-4,True
附件一（训练集）.xlsx|材料4|1446,材料4|70|三角波|50|-10,1,q4-ridge-fold-1,True
附件一（训练集）.xlsx|材料1|845,材料1|90|正弦波|48|-11,3,q4-ridge-fold-3,True
附件一（训练集）.xlsx|材料4|716,材料4|90|正弦波|50|-17,3,q4-ridge-fold-3,True
附件一（训练集）.xlsx|材料4|1927,材料4|90|三角波|50|-11,4,q4-ridge-fold-4,True
附件一（训练集）.xlsx|材料2|2604,材料2|70|梯形波|48|-9,0,q4-ridge-fold-0,True
附件一（训练集）.xlsx|材料1|1887,材料1|70|三角波|55|-13,3,q4-ridge-fold-3,True
附件一（训练集）.xlsx|材料2|1843,材料2|90|三角波|55|-13,1,q4-ridge-fold-1,True
附件一（训练集）.xlsx|材料1|2386,材料1|25|梯形波|47|-13,1,q4-ridge-fold-1,True
附件一（训练集）.xlsx|材料3|384,材料3|50|正弦波|52|-12,1,q4-ridge-fold-1,True
附件一（训练集）.xlsx|材料1|2700,材料1|50|梯形波|49|-8,0,q4-ridge-fold-0,True
附件一（训练集）.xlsx|材料1|1782,材料1|70|三角波|52|-19,2,q4-ridge-fold-2,True
附件一（训练集）.xlsx|材料4|78,材料4|25|正弦波|50|-13,4,q4-ridge-fold-4,True
附件一（训练集）.xlsx|材料3|2427,材料3|50|梯形波|49|-6,4,q4-ridge-fold-4,True
附件一（训练集）.xlsx|材料2|2293,材料2|50|梯形波|46|-7,4,q4-ridge-fold-4,True
附件一（训练集）.xlsx|材料3|827,材料3|50|正弦波|55|-20,3,q4-ridge-fold-3,True
附件一（训练集）.xlsx|材料3|3103,材料3|90|梯形波|56|-15,1,q4-ridge-fold-1,True
附件一（训练集）.xlsx|材料3|1275,材料3|50|三角波|51|-15,4,q4-ridge-fold-4,True
附件一（训练集）.xlsx|材料4|1137,材料4|25|三角波|49|-6,2,q4-ridge-fold-2,True
附件一（训练集）.xlsx|材料3|2100,材料3|25|梯形波|46|-12,2,q4-ridge-fold-2,True
附件一（训练集）.xlsx|材料2|2308,材料2|50|梯形波|49|-7,0,q4-ridge-fold-0,True
附件一（训练集）.xlsx|材料3|1871,材料3|90|三角波|56|-16,2,q4-ridge-fold-2,True
附件一（训练集）.xlsx|材料3|859,材料3|90|正弦波|53|-20,1,q4-ridge-fold-1,True
附件一（训练集）.xlsx|材料3|2581,材料3|50|梯形波|56|-17,2,q4-ridge-fold-2,True
附件一（训练集）.xlsx|材料1|651,材料1|70|正弦波|50|-18,4,q4-ridge-fold-4,True
附件一（训练集）.xlsx|材料3|993,材料3|25|正弦波|50|-19,3,q4-ridge-fold-3,True
附件一（训练集）.xlsx|材料1|1348,材料1|25|三角波|48|-9,1,q4-ridge-fold-1,True
附件一（训练集）.xlsx|材料1|2322,材料1|25|三角波|55|-15,4,q4-ridge-fold-4,True
附件一（训练集）.xlsx|材料1|92,材料1|25|正弦波|49|-15,2,q4-ridge-fold-2,True
附件一（训练集）.xlsx|材料4|9,材料4|25|正弦波|46|-12,2,q4-ridge-fold-2,True
附件一（训练集）.xlsx|材料1|2510,材料1|25|梯形波|52|-18,1,q4-ridge-fold-1,True
附件一（训练集）.xlsx|材料1|964,材料1|90|正弦波|52|-15,4,q4-ridge-fold-4,True
附件一（训练集）.xlsx|材料3|108,材料3|50|正弦波|49|-15,1,q4-ridge-fold-1,True
附件一（训练集）.xlsx|材料3|66,材料3|25|正弦波|53|-13,0,q4-ridge-fold-0,True
附件一（训练集）.xlsx|材料4|2407,材料4|70|三角波|55|-13,1,q4-ridge-fold-1,True
附件一（训练集）.xlsx|材料2|528,材料2|25|正弦波|49|-12,1,q4-ridge-fold-1,True
附件一（训练集）.xlsx|材料4|2281,材料4|50|梯形波|48|-14,2,q4-ridge-fold-2,True
附件一（训练集）.xlsx|材料4|756,材料4|90|正弦波|52|-11,1,q4-ridge-fold-1,True
附件一（训练集）.xlsx|材料2|1099,材料2|25|三角波|50|-18,2,q4-ridge-fold-2,True
附件一（训练集）.xlsx|材料1|765,材料1|70|正弦波|53|-14,2,q4-ridge-fold-2,True
附件一（训练集）.xlsx|材料4|647,材料4|90|正弦波|47|-9,2,q4-ridge-fold-2,True
附件一（训练集）.xlsx|材料2|1034,材料2|25|正弦波|49|-8,1,q4-ridge-fold-1,True
附件一（训练集）.xlsx|材料2|2079,材料2|25|梯形波|49|-6,3,q4-ridge-fold-3,True
附件一（训练集）.xlsx|材料4|13,材料4|25|正弦波|47|-15,2,q4-ridge-fold-2,True
附件一（训练集）.xlsx|材料4|1531,材料4|70|三角波|53|-12,0,q4-ridge-fold-0,True
附件一（训练集）.xlsx|材料2|1520,材料2|50|三角波|49|-6,3,q4-ridge-fold-3,True
附件一（训练集）.xlsx|材料4|806,材料4|90|正弦波|54|-13,2,q4-ridge-fold-2,True
附件一（训练集）.xlsx|材料3|2261,材料3|25|梯形波|55|-14,4,q4-ridge-fold-4,True
附件一（训练集）.xlsx|材料3|292,材料3|90|正弦波|52|-13,4,q4-ridge-fold-4,True
附件一（训练集）.xlsx|材料2|2088,材料2|25|梯形波|51|-9,4,q4-ridge-fold-4,True
附件一（训练集）.xlsx|材料1|787,材料1|70|正弦波|54|-10,2,q4-ridge-fold-2,True
附件一（训练集）.xlsx|材料2|2411,材料2|50|梯形波|55|-12,4,q4-ridge-fold-4,True
附件一（训练集）.xlsx|材料4|2633,材料4|90|三角波|55|-19,3,q4-ridge-fold-3,True
附件一（训练集）.xlsx|材料2|1627,材料2|70|三角波|49|-7,1,q4-ridge-fold-1,True
附件一（训练集）.xlsx|材料3|1236,材料3|25|三角波|50|-7,4,q4-ridge-fold-4,True
附件一（训练集）.xlsx|材料1|1880,材料1|70|三角波|55|-16,0,q4-ridge-fold-0,True
附件一（训练集）.xlsx|材料4|236,材料4|50|正弦波|49|-18,0,q4-ridge-fold-0,True
附件一（训练集）.xlsx|材料1|782,材料1|70|正弦波|54|-16,0,q4-ridge-fold-0,True
附件一（训练集）.xlsx|材料2|1496,材料2|50|三角波|55|-19,0,q4-ridge-fold-0,True
附件一（训练集）.xlsx|材料4|1426,材料4|70|三角波|48|-16,0,q4-ridge-fold-0,True
附件一（训练集）.xlsx|材料4|15,材料4|25|正弦波|47|-14,0,q4-ridge-fold-0,True
附件一（训练集）.xlsx|材料2|1540,材料2|50|三角波|52|-6,2,q4-ridge-fold-2,True
附件一（训练集）.xlsx|材料4|2011,材料4|25|三角波|55|-19,3,q4-ridge-fold-3,True
附件一（训练集）.xlsx|材料1|3125,材料1|70|梯形波|55|-20,3,q4-ridge-fold-3,True
附件一（训练集）.xlsx|材料3|2963,材料3|90|梯形波|52|-16,3,q4-ridge-fold-3,True
附件一（训练集）.xlsx|材料1|2487,材料1|25|梯形波|51|-10,0,q4-ridge-fold-0,True
附件一（训练集）.xlsx|材料4|730,材料4|90|正弦波|51|-17,1,q4-ridge-fold-1,True
附件一（训练集）.xlsx|材料3|2808,材料3|70|梯形波|49|-11,0,q4-ridge-fold-0,True
附件一（训练集）.xlsx|材料4|240,材料4|50|正弦波|49|-16,2,q4-ridge-fold-2,True
附件一（训练集）.xlsx|材料3|224,材料3|70|正弦波|53|-19,2,q4-ridge-fold-2,True
附件一（训练集）.xlsx|材料2|1952,材料2|90|三角波|52|-7,0,q4-ridge-fold-0,True
附件一（训练集）.xlsx|材料3|2639,材料3|70|梯形波|49|-13,0,q4-ridge-fold-0,True
附件一（训练集）.xlsx|材料2|1188,材料2|25|三角波|54|-16,0,q4-ridge-fold-0,True
附件一（训练集）.xlsx|材料1|865,材料1|90|正弦波|49|-10,0,q4-ridge-fold-0,True
附件一（训练集）.xlsx|材料2|1466,材料2|50|三角波|52|-17,0,q4-ridge-fold-0,True
附件一（训练集）.xlsx|材料1|2030,材料1|90|三角波|48|-10,4,q4-ridge-fold-4,True
附件一（训练集）.xlsx|材料4|1610,材料4|70|三角波|48|-7,1,q4-ridge-fold-1,True
附件一（训练集）.xlsx|材料3|864,材料3|25|正弦波|55|-14,3,q4-ridge-fold-3,True
附件一（训练集）.xlsx|材料3|517,材料3|25|正弦波|49|-9,2,q4-ridge-fold-2,True
附件一（训练集）.xlsx|材料3|2447,材料3|50|梯形波|52|-17,1,q4-ridge-fold-1,True
附件一（训练集）.xlsx|材料4|1617,材料4|70|三角波|48|-14,3,q4-ridge-fold-3,True
附件一（训练集）.xlsx|材料2|1904,材料2|90|三角波|56|-20,3,q4-ridge-fold-3,True
附件一（训练集）.xlsx|材料1|2371,材料1|25|三角波|55|-8,0,q4-ridge-fold-0,True
附件一（训练集）.xlsx|材料4|700,材料4|90|正弦波|49|-10,0,q4-ridge-fold-0,True
附件一（训练集）.xlsx|材料1|748,材料1|70|正弦波|53|-13,4,q4-ridge-fold-4,True
附件一（训练集）.xlsx|材料2|688,材料2|70|正弦波|46|-13,2,q4-ridge-fold-2,True
附件一（训练集）.xlsx|材料3|2751,材料3|70|梯形波|52|-8,4,q4-ridge-fold-4,True
附件一（训练集）.xlsx|材料1|687,材料1|70|正弦波|52|-16,3,q4-ridge-fold-3,True
附件一（训练集）.xlsx|材料3|755,材料3|90|正弦波|49|-9,4,q4-ridge-fold-4,True
附件一（训练集）.xlsx|材料2|2627,材料2|70|梯形波|51|-6,1,q4-ridge-fold-1,True
附件一（训练集）.xlsx|材料4|2741,材料4|90|梯形波|51|-12,1,q4-ridge-fold-1,True
附件一（训练集）.xlsx|材料2|2943,材料2|90|梯形波|51|-11,1,q4-ridge-fold-1,True
附件一（训练集）.xlsx|材料4|426,材料4|70|正弦波|47|-16,1,q4-ridge-fold-1,True
附件一（训练集）.xlsx|材料2|182,材料2|70|正弦波|46|-15,3,q4-ridge-fold-3,True
附件一（训练集）.xlsx|材料2|1746,材料2|70|三角波|55|-18,2,q4-ridge-fold-2,True
附件一（训练集）.xlsx|材料4|729,材料4|90|正弦波|51|-18,0,q4-ridge-fold-0,True
附件一（训练集）.xlsx|材料1|2186,材料1|90|三角波|54|-12,4,q4-ridge-fold-4,True
附件一（训练集）.xlsx|材料4|823,材料4|90|正弦波|55|-15,3,q4-ridge-fold-3,True
附件一（训练集）.xlsx|材料4|2780,材料4|90|梯形波|52|-17,3,q4-ridge-fold-3,True
附件一（训练集）.xlsx|材料1|1738,材料1|70|三角波|50|-9,2,q4-ridge-fold-2,True
附件一（训练集）.xlsx|材料4|1795,材料4|90|三角波|54|-15,3,q4-ridge-fold-3,True
附件一（训练集）.xlsx|材料4|769,材料4|90|正弦波|52|-12,3,q4-ridge-fold-3,True
附件一（训练集）.xlsx|材料1|2934,材料1|70|梯形波|48|-13,2,q4-ridge-fold-2,True
附件一（训练集）.xlsx|材料1|2210,材料1|90|三角波|55|-15,0,q4-ridge-fold-0,True
附件一（训练集）.xlsx|材料2|2355,材料2|50|梯形波|46|-11,3,q4-ridge-fold-3,True
附件一（训练集）.xlsx|材料3|1029,材料3|25|三角波|52|-12,4,q4-ridge-fold-4,True
附件一（训练集）.xlsx|材料4|685,材料4|90|正弦波|49|-15,2,q4-ridge-fold-2,True
附件一（训练集）.xlsx|材料3|1355,材料3|50|三角波|54|-19,1,q4-ridge-fold-1,True
附件一（训练集）.xlsx|材料3|1303,材料3|50|三角波|55|-17,0,q4-ridge-fold-0,True
附件一（训练集）.xlsx|材料3|1328,材料3|50|三角波|49|-11,1,q4-ridge-fold-1,True
附件一（训练集）.xlsx|材料1|2705,材料1|50|梯形波|50|-15,3,q4-ridge-fold-3,True
附件一（训练集）.xlsx|材料1|849,材料1|90|正弦波|48|-8,3,q4-ridge-fold-3,True
附件一（训练集）.xlsx|材料1|2957,材料1|70|梯形波|49|-15,2,q4-ridge-fold-2,True
附件一（训练集）.xlsx|材料1|1559,材料1|50|三角波|55|-20,1,q4-ridge-fold-1,True
附件一（训练集）.xlsx|材料4|2275,材料4|50|梯形波|47|-10,1,q4-ridge-fold-1,True
附件一（训练集）.xlsx|材料2|2039,材料2|90|三角波|56|-20,3,q4-ridge-fold-3,True
附件一（训练集）.xlsx|材料3|2263,材料3|25|梯形波|55|-12,0,q4-ridge-fold-0,True
附件一（训练集）.xlsx|材料1|2425,材料1|25|梯形波|49|-10,3,q4-ridge-fold-3,True
附件一（训练集）.xlsx|材料1|29,材料1|25|正弦波|47|-7,2,q4-ridge-fold-2,True
附件一（训练集）.xlsx|材料4|1483,材料4|70|三角波|52|-16,4,q4-ridge-fold-4,True
附件一（训练集）.xlsx|材料1|3372,材料1|90|梯形波|54|-19,0,q4-ridge-fold-0,True
附件一（训练集）.xlsx|材料3|1090,材料3|25|三角波|52|-13,1,q4-ridge-fold-1,True
附件一（训练集）.xlsx|材料4|721,材料4|90|正弦波|50|-14,3,q4-ridge-fold-3,True
附件一（训练集）.xlsx|材料4|367,材料4|50|正弦波|53|-16,1,q4-ridge-fold-1,True
附件一（训练集）.xlsx|材料2|2465,材料2|50|梯形波|52|-6,2,q4-ridge-fold-2,True
附件一（训练集）.xlsx|材料3|837,材料3|90|正弦波|55|-14,0,q4-ridge-fold-0,True
附件一（训练集）.xlsx|材料4|2444,材料4|70|三角波|55|-11,3,q4-ridge-fold-3,True
附件一（训练集）.xlsx|材料3|2722,材料3|70|梯形波|49|-9,2,q4-ridge-fold-2,True
附件一（训练集）.xlsx|材料1|1848,材料1|70|三角波|54|-16,0,q4-ridge-fold-0,True
附件一（训练集）.xlsx|材料1|862,材料1|90|正弦波|49|-11,0,q4-ridge-fold-0,True
附件一（训练集）.xlsx|材料1|2082,材料1|90|三角波|52|-17,3,q4-ridge-fold-3,True
附件一（训练集）.xlsx|材料3|1759,材料3|90|三角波|52|-11,2,q4-ridge-fold-2,True
附件一（训练集）.xlsx|材料2|202,材料2|70|正弦波|49|-11,4,q4-ridge-fold-4,True
附件一（训练集）.xlsx|材料1|1389,材料1|50|三角波|47|-7,4,q4-ridge-fold-4,True
附件一（训练集）.xlsx|材料3|1855,材料3|90|三角波|55|-13,2,q4-ridge-fold-2,True
附件一（训练集）.xlsx|材料2|284,材料2|90|正弦波|47|-12,4,q4-ridge-fold-4,True
附件一（训练集）.xlsx|材料1|2808,材料1|50|梯形波|52|-10,4,q4-ridge-fold-4,True
附件一（训练集）.xlsx|材料1|3075,材料1|70|梯形波|53|-15,2,q4-ridge-fold-2,True
附件一（训练集）.xlsx|材料1|2073,材料1|90|三角波|51|-10,1,q4-ridge-fold-1,True
附件一（训练集）.xlsx|材料1|83,材料1|25|正弦波|49|-8,3,q4-ridge-fold-3,True
附件一（训练集）.xlsx|材料1|3158,材料1|90|三角波|55|-18,3,q4-ridge-fold-3,True
附件一（训练集）.xlsx|材料4|2796,材料4|90|梯形波|52|-16,1,q4-ridge-fold-1,True
附件一（训练集）.xlsx|材料4|1925,材料4|90|三角波|50|-12,1,q4-ridge-fold-1,True
附件一（训练集）.xlsx|材料4|2653,材料4|90|梯形波|47|-14,2,q4-ridge-fold-2,True
附件一（训练集）.xlsx|材料2|1765,材料2|70|三角波|49|-8,0,q4-ridge-fold-0,True
附件一（训练集）.xlsx|材料1|368,材料1|50|正弦波|49|-14,1,q4-ridge-fold-1,True
附件一（训练集）.xlsx|材料4|379,材料4|50|正弦波|54|-16,4,q4-ridge-fold-4,True
附件一（训练集）.xlsx|材料3|2630,材料3|70|梯形波|48|-13,3,q4-ridge-fold-3,True
附件一（训练集）.xlsx|材料3|2541,材料3|50|梯形波|52|-15,2,q4-ridge-fold-2,True
附件一（训练集）.xlsx|材料2|1763,材料2|70|三角波|48|-6,2,q4-ridge-fold-2,True
附件一（训练集）.xlsx|材料1|1000,材料1|90|正弦波|52|-16,2,q4-ridge-fold-2,True
附件一（训练集）.xlsx|材料3|2748,材料3|70|梯形波|52|-12,0,q4-ridge-fold-0,True
附件一（训练集）.xlsx|材料1|2299,材料1|90|三角波|49|-13,3,q4-ridge-fold-3,True
附件一（训练集）.xlsx|材料2|1100,材料2|25|三角波|50|-16,3,q4-ridge-fold-3,True
附件一（训练集）.xlsx|材料4|51,材料4|25|正弦波|49|-18,4,q4-ridge-fold-4,True
附件一（训练集）.xlsx|材料2|1238,材料2|25|三角波|52|-11,2,q4-ridge-fold-2,True
附件一（训练集）.xlsx|材料1|2059,材料1|90|三角波|51|-17,1,q4-ridge-fold-1,True
附件一（训练集）.xlsx|材料4|2342,材料4|50|梯形波|50|-13,2,q4-ridge-fold-2,True
附件一（训练集）.xlsx|材料1|1357,材料1|25|三角波|49|-11,2,q4-ridge-fold-2,True
附件一（训练集）.xlsx|材料1|2899,材料1|70|梯形波|46|-11,2,q4-ridge-fold-2,True
附件一（训练集）.xlsx|材料2|941,材料2|50|正弦波|55|-18,0,q4-ridge-fold-0,True
附件一（训练集）.xlsx|材料3|1087,材料3|25|三角波|50|-6,2,q4-ridge-fold-2,True
附件一（训练集）.xlsx|材料2|1799,材料2|70|三角波|54|-7,4,q4-ridge-fold-4,True
附件一（训练集）.xlsx|材料3|2529,材料3|50|梯形波|51|-10,3,q4-ridge-fold-3,True
附件一（训练集）.xlsx|材料3|396,材料3|25|正弦波|49|-13,0,q4-ridge-fold-0,True
附件一（训练集）.xlsx|材料1|2550,材料1|25|梯形波|53|-15,0,q4-ridge-fold-0,True
附件一（训练集）.xlsx|材料1|3330,材料1|90|梯形波|52|-10,1,q4-ridge-fold-1,True
附件一（训练集）.xlsx|材料1|274,材料1|50|正弦波|46|-15,0,q4-ridge-fold-0,True
附件一（训练集）.xlsx|材料1|906,材料1|90|正弦波|50|-17,2,q4-ridge-fold-2,True
附件一（训练集）.xlsx|材料4|1368,材料4|50|三角波|49|-17,2,q4-ridge-fold-2,True
附件一（训练集）.xlsx|材料4|1554,材料4|70|三角波|55|-19,2,q4-ridge-fold-2,True
附件一（训练集）.xlsx|材料4|2779,材料4|90|梯形波|52|-18,0,q4-ridge-fold-0,True
附件一（训练集）.xlsx|材料4|1254,材料4|50|三角波|52|-12,0,q4-ridge-fold-0,True
附件一（训练集）.xlsx|材料4|316,材料4|50|正弦波|52|-19,3,q4-ridge-fold-3,True
附件一（训练集）.xlsx|材料3|2236,材料3|25|梯形波|52|-17,1,q4-ridge-fold-1,True
附件一（训练集）.xlsx|材料4|770,材料4|90|正弦波|52|-11,1,q4-ridge-fold-1,True
附件一（训练集）.xlsx|材料4|938,材料4|25|三角波|50|-12,4,q4-ridge-fold-4,True
附件一（训练集）.xlsx|材料3|1071,材料3|25|三角波|49|-16,3,q4-ridge-fold-3,True
附件一（训练集）.xlsx|材料1|2213,材料1|90|三角波|55|-12,4,q4-ridge-fold-4,True
附件一（训练集）.xlsx|材料4|1153,材料4|25|三角波|49|-7,4,q4-ridge-fold-4,True
附件一（训练集）.xlsx|材料2|2533,材料2|70|梯形波|48|-12,3,q4-ridge-fold-3,True
附件一（训练集）.xlsx|材料1|1541,材料1|50|三角波|54|-20,4,q4-ridge-fold-4,True
附件一（训练集）.xlsx|材料1|133,材料1|25|正弦波|50|-13,2,q4-ridge-fold-2,True
附件一（训练集）.xlsx|材料3|1688,材料3|70|三角波|48|-11,4,q4-ridge-fold-4,True
附件一（训练集）.xlsx|材料1|44,材料1|25|正弦波|47|-10,3,q4-ridge-fold-3,True
附件一（训练集）.xlsx|材料1|1959,材料1|70|三角波|48|-11,1,q4-ridge-fold-1,True
附件一（训练集）.xlsx|材料3|2883,材料3|70|梯形波|56|-18,1,q4-ridge-fold-1,True
附件一（训练集）.xlsx|材料2|2597,材料2|70|梯形波|46|-9,4,q4-ridge-fold-4,True
附件一（训练集）.xlsx|材料3|2008,材料3|25|三角波|55|-11,4,q4-ridge-fold-4,True
附件一（训练集）.xlsx|材料4|795,材料4|90|正弦波|53|-15,0,q4-ridge-fold-0,True
附件一（训练集）.xlsx|材料3|132,材料3|50|正弦波|52|-19,2,q4-ridge-fold-2,True
附件一（训练集）.xlsx|材料4|1336,材料4|50|三角波|47|-10,1,q4-ridge-fold-1,True
附件一（训练集）.xlsx|材料1|901,材料1|90|正弦波|49|-8,3,q4-ridge-fold-3,True
附件一（训练集）.xlsx|材料4|1345,材料4|50|三角波|48|-10,1,q4-ridge-fold-1,True
附件一（训练集）.xlsx|材料1|3396,材料1|90|梯形波|55|-17,0,q4-ridge-fold-0,True
附件一（训练集）.xlsx|材料4|1800,材料4|90|三角波|54|-19,3,q4-ridge-fold-3,True
附件一（训练集）.xlsx|材料2|16,材料2|25|正弦波|47|-8,1,q4-ridge-fold-1,True
附件一（训练集）.xlsx|材料3|1152,材料3|25|三角波|49|-11,1,q4-ridge-fold-1,True
附件一（训练集）.xlsx|材料1|1208,材料1|25|三角波|53|-15,2,q4-ridge-fold-2,True
附件一（训练集）.xlsx|材料2|2556,材料2|70|梯形波|52|-14,2,q4-ridge-fold-2,True
附件一（训练集）.xlsx|材料1|123,材料1|25|正弦波|49|-7,1,q4-ridge-fold-1,True
附件一（训练集）.xlsx|材料3|2209,材料3|25|梯形波|49|-13,3,q4-ridge-fold-3,True
附件一（训练集）.xlsx|材料4|1521,材料4|70|三角波|53|-20,3,q4-ridge-fold-3,True
附件一（训练集）.xlsx|材料4|1847,材料4|90|三角波|47|-12,3,q4-ridge-fold-3,True
附件一（训练集）.xlsx|材料1|1475,材料1|50|三角波|52|-15,3,q4-ridge-fold-3,True
附件一（训练集）.xlsx|材料4|2645,材料4|90|梯形波|46|-12,2,q4-ridge-fold-2,True
附件一（训练集）.xlsx|材料4|2678,材料4|90|梯形波|48|-15,0,q4-ridge-fold-0,True
附件一（训练集）.xlsx|材料3|835,材料3|50|正弦波|46|-16,4,q4-ridge-fold-4,True
附件一（训练集）.xlsx|材料2|887,材料2|70|正弦波|47|-7,2,q4-ridge-fold-2,True
附件一（训练集）.xlsx|材料3|1558,材料3|70|三角波|49|-14,4,q4-ridge-fold-4,True
附件一（训练集）.xlsx|材料2|1993,材料2|90|三角波|49|-14,1,q4-ridge-fold-1,True
附件一（训练集）.xlsx|材料4|603,材料4|70|正弦波|55|-20,1,q4-ridge-fold-1,True
附件一（训练集）.xlsx|材料4|1394,材料4|50|三角波|49|-11,2,q4-ridge-fold-2,True
附件一（训练集）.xlsx|材料3|413,材料3|25|正弦波|50|-10,3,q4-ridge-fold-3,True
附件一（训练集）.xlsx|材料4|531,材料4|70|正弦波|52|-15,2,q4-ridge-fold-2,True
附件一（训练集）.xlsx|材料1|374,材料1|50|正弦波|49|-11,4,q4-ridge-fold-4,True
附件一（训练集）.xlsx|材料3|1492,材料3|50|三角波|54|-17,4,q4-ridge-fold-4,True
附件一（训练集）.xlsx|材料4|909,材料4|25|三角波|48|-11,1,q4-ridge-fold-1,True
附件一（训练集）.xlsx|材料3|1903,材料3|90|三角波|52|-14,2,q4-ridge-fold-2,True
附件一（训练集）.xlsx|材料4|2111,材料4|25|梯形波|47|-13,3,q4-ridge-fold-3,True
附件一（训练集）.xlsx|材料4|787,材料4|90|正弦波|53|-17,2,q4-ridge-fold-2,True
附件一（训练集）.xlsx|材料4|1860,材料4|90|三角波|48|-13,2,q4-ridge-fold-2,True
附件一（训练集）.xlsx|材料1|580,材料1|70|正弦波|48|-16,3,q4-ridge-fold-3,True
附件一（训练集）.xlsx|材料4|658,材料4|90|正弦波|48|-15,2,q4-ridge-fold-2,True
附件一（训练集）.xlsx|材料2|1182,材料2|25|三角波|52|-16,1,q4-ridge-fold-1,True
附件一（训练集）.xlsx|材料4|2515,材料4|70|梯形波|49|-6,4,q4-ridge-fold-4,True
附件一（训练集）.xlsx|材料2|346,材料2|90|正弦波|55|-16,2,q4-ridge-fold-2,True
附件一（训练集）.xlsx|材料3|2077,材料3|25|梯形波|54|-13,0,q4-ridge-fold-0,True
附件一（训练集）.xlsx|材料1|2625,材料1|50|三角波|55|-16,1,q4-ridge-fold-1,True
附件一（训练集）.xlsx|材料2|459,材料2|50|正弦波|55|-12,2,q4-ridge-fold-2,True
附件一（训练集）.xlsx|材料1|1739,材料1|70|三角波|50|-9,2,q4-ridge-fold-2,True
附件一（训练集）.xlsx|材料2|455,材料2|50|正弦波|53|-15,0,q4-ridge-fold-0,True
附件一（训练集）.xlsx|材料3|2621,材料3|70|三角波|55|-10,4,q4-ridge-fold-4,True
附件一（训练集）.xlsx|材料4|752,材料4|90|正弦波|52|-14,4,q4-ridge-fold-4,True
附件一（训练集）.xlsx|材料1|1106,材料1|25|三角波|50|-16,2,q4-ridge-fold-2,True
附件一（训练集）.xlsx|材料3|2924,材料3|90|梯形波|46|-12,4,q4-ridge-fold-4,True
附件一（训练集）.xlsx|材料3|1877,材料3|90|三角波|48|-11,4,q4-ridge-fold-4,True
附件一（训练集）.xlsx|材料2|865,材料2|25|正弦波|55|-15,1,q4-ridge-fold-1,True
附件一（训练集）.xlsx|材料1|2231,材料1|90|三角波|56|-19,4,q4-ridge-fold-4,True
附件一（训练集）.xlsx|材料4|1031,材料4|25|三角波|54|-18,1,q4-ridge-fold-1,True
附件一（训练集）.xlsx|材料4|1951,材料4|25|三角波|50|-13,3,q4-ridge-fold-3,True
附件一（训练集）.xlsx|材料3|2271,材料3|25|梯形波|55|-15,3,q4-ridge-fold-3,True
附件一（训练集）.xlsx|材料1|1723,材料1|70|三角波|48|-7,1,q4-ridge-fold-1,True
附件一（训练集）.xlsx|材料2|490,材料2|25|正弦波|52|-12,1,q4-ridge-fold-1,True
附件一（训练集）.xlsx|材料4|1017,材料4|25|三角波|54|-18,1,q4-ridge-fold-1,True
附件一（训练集）.xlsx|材料1|784,材料1|70|正弦波|54|-14,2,q4-ridge-fold-2,True
附件一（训练集）.xlsx|材料1|985,材料1|90|正弦波|52|-14,2,q4-ridge-fold-2,True
附件一（训练集）.xlsx|材料1|1985,材料1|70|三角波|49|-15,0,q4-ridge-fold-0,True
附件一（训练集）.xlsx|材料3|1959,材料3|90|三角波|49|-12,3,q4-ridge-fold-3,True
附件一（训练集）.xlsx|材料4|2578,材料4|70|梯形波|52|-19,3,q4-ridge-fold-3,True
附件一（训练集）.xlsx|材料1|516,材料1|50|正弦波|53|-10,0,q4-ridge-fold-0,True
附件一（训练集）.xlsx|材料1|10,材料1|25|正弦波|46|-9,4,q4-ridge-fold-4,True
附件一（训练集）.xlsx|材料3|748,材料3|90|正弦波|49|-9,4,q4-ridge-fold-4,True
附件一（训练集）.xlsx|材料1|609,材料1|70|正弦波|49|-14,3,q4-ridge-fold-3,True
附件一（训练集）.xlsx|材料3|1339,材料3|50|三角波|50|-9,1,q4-ridge-fold-1,True
附件一（训练集）.xlsx|材料2|2554,材料2|70|梯形波|52|-16,2,q4-ridge-fold-2,True
附件一（训练集）.xlsx|材料1|1581,材料1|50|三角波|55|-18,3,q4-ridge-fold-3,True
附件一（训练集）.xlsx|材料2|2442,材料2|50|梯形波|49|-6,3,q4-ridge-fold-3,True
附件一（训练集）.xlsx|材料3|2250,材料3|25|梯形波|54|-15,2,q4-ridge-fold-2,True
附件一（训练集）.xlsx|材料3|1116,材料3|25|三角波|55|-17,2,q4-ridge-fold-2,True
附件一（训练集）.xlsx|材料1|2000,材料1|70|三角波|50|-16,2,q4-ridge-fold-2,True
附件一（训练集）.xlsx|材料4|2793,材料4|90|梯形波|52|-17,3,q4-ridge-fold-3,True
附件一（训练集）.xlsx|材料1|3084,材料1|70|梯形波|53|-9,0,q4-ridge-fold-0,True
附件一（训练集）.xlsx|材料3|18,材料3|25|正弦波|47|-9,4,q4-ridge-fold-4,True
附件一（训练集）.xlsx|材料3|608,材料3|50|正弦波|50|-11,2,q4-ridge-fold-2,True
附件一（训练集）.xlsx|材料2|87,材料2|25|正弦波|55|-15,1,q4-ridge-fold-1,True
附件一（训练集）.xlsx|材料3|906,材料3|90|正弦波|50|-13,3,q4-ridge-fold-3,True
附件一（训练集）.xlsx|材料1|1983,材料1|70|三角波|49|-7,0,q4-ridge-fold-0,True
附件一（训练集）.xlsx|材料4|2095,材料4|25|三角波|55|-13,3,q4-ridge-fold-3,True
附件一（训练集）.xlsx|材料4|2175,材料4|50|三角波|52|-18,0,q4-ridge-fold-0,True
附件一（训练集）.xlsx|材料2|2676,材料2|70|梯形波|46|-7,4,q4-ridge-fold-4,True
附件一（训练集）.xlsx|材料2|1312,材料2|25|三角波|52|-8,0,q4-ridge-fold-0,True
附件一（训练集）.xlsx|材料3|1926,材料3|90|三角波|54|-11,2,q4-ridge-fold-2,True
附件一（训练集）.xlsx|材料4|90,材料4|25|正弦波|50|-14,3,q4-ridge-fold-3,True
附件一（训练集）.xlsx|材料2|1585,材料2|70|三角波|52|-17,0,q4-ridge-fold-0,True
附件一（训练集）.xlsx|材料1|2253,材料1|90|三角波|47|-6,4,q4-ridge-fold-4,True
附件一（训练集）.xlsx|材料4|2618,材料4|90|三角波|49|-15,1,q4-ridge-fold-1,True
附件一（训练集）.xlsx|材料3|2066,材料3|25|梯形波|52|-17,1,q4-ridge-fold-1,True
附件一（训练集）.xlsx|材料2|2395,材料2|50|梯形波|52|-15,1,q4-ridge-fold-1,True
附件一（训练集）.xlsx|材料2|834,材料2|90|正弦波|53|-13,0,q4-ridge-fold-0,True
附件一（训练集）.xlsx|材料2|655,材料2|50|正弦波|53|-19,0,q4-ridge-fold-0,True
附件一（训练集）.xlsx|材料3|1075,材料3|25|三角波|49|-11,1,q4-ridge-fold-1,True
附件一（训练集）.xlsx|材料2|1096,材料2|25|正弦波|55|-14,3,q4-ridge-fold-3,True
附件一（训练集）.xlsx|材料4|626,材料4|90|正弦波|46|-17,3,q4-ridge-fold-3,True
附件一（训练集）.xlsx|材料3|2349,材料3|50|梯形波|51|-13,0,q4-ridge-fold-0,True
附件一（训练集）.xlsx|材料4|1950,材料4|25|三角波|50|-15,4,q4-ridge-fold-4,True
附件一（训练集）.xlsx|材料4|2478,材料4|70|梯形波|48|-13,2,q4-ridge-fold-2,True
附件一（训练集）.xlsx|材料1|3074,材料1|70|梯形波|53|-16,4,q4-ridge-fold-4,True
附件一（训练集）.xlsx|材料3|134,材料3|50|正弦波|52|-16,2,q4-ridge-fold-2,True
附件一（训练集）.xlsx|材料1|2044,材料1|90|三角波|50|-15,2,q4-ridge-fold-2,True
附件一（训练集）.xlsx|材料2|2321,材料2|50|梯形波|52|-14,3,q4-ridge-fold-3,True
附件一（训练集）.xlsx|材料3|879,材料3|90|正弦波|50|-8,3,q4-ridge-fold-3,True
附件一（训练集）.xlsx|材料1|3086,材料1|70|梯形波|53|-8,2,q4-ridge-fold-2,True
附件一（训练集）.xlsx|材料4|565,材料4|70|正弦波|53|-20,3,q4-ridge-fold-3,True
附件一（训练集）.xlsx|材料4|2617,材料4|90|三角波|55|-10,0,q4-ridge-fold-0,True
附件一（训练集）.xlsx|材料2|506,材料2|50|正弦波|52|-14,3,q4-ridge-fold-3,True
附件一（训练集）.xlsx|材料2|1600,材料2|70|三角波|54|-17,3,q4-ridge-fold-3,True
附件一（训练集）.xlsx|材料1|2182,材料1|90|三角波|54|-15,0,q4-ridge-fold-0,True
附件一（训练集）.xlsx|材料4|104,材料4|25|正弦波|51|-13,1,q4-ridge-fold-1,True
附件一（训练集）.xlsx|材料4|911,材料4|25|三角波|48|-10,3,q4-ridge-fold-3,True
附件一（训练集）.xlsx|材料2|2265,材料2|25|梯形波|56|-17,0,q4-ridge-fold-0,True
附件一（训练集）.xlsx|材料2|2530,材料2|70|梯形波|48|-7,0,q4-ridge-fold-0,True
附件一（训练集）.xlsx|材料1|1185,材料1|25|三角波|52|-17,2,q4-ridge-fold-2,True
附件一（训练集）.xlsx|材料3|1174,材料3|25|三角波|52|-12,4,q4-ridge-fold-4,True
附件一（训练集）.xlsx|材料1|247,材料1|25|正弦波|53|-16,0,q4-ridge-fold-0,True
附件一（训练集）.xlsx|材料3|1407,材料3|50|三角波|52|-12,3,q4-ridge-fold-3,True
附件一（训练集）.xlsx|材料1|3394,材料1|90|梯形波|55|-18,0,q4-ridge-fold-0,True
附件一（训练集）.xlsx|材料4|539,材料4|70|正弦波|52|-20,4,q4-ridge-fold-4,True
附件一（训练集）.xlsx|材料2|2055,材料2|25|三角波|55|-12,4,q4-ridge-fold-4,True
附件一（训练集）.xlsx|材料3|2491,材料3|50|梯形波|56|-17,2,q4-ridge-fold-2,True
附件一（训练集）.xlsx|材料2|222,材料2|70|正弦波|50|-9,3,q4-ridge-fold-3,True
附件一（训练集）.xlsx|材料3|2394,材料3|50|梯形波|55|-19,4,q4-ridge-fold-4,True
附件一（训练集）.xlsx|材料4|2334,材料4|50|梯形波|49|-7,3,q4-ridge-fold-3,True
附件一（训练集）.xlsx|材料2|2261,材料2|25|梯形波|55|-11,4,q4-ridge-fold-4,True
附件一（训练集）.xlsx|材料4|388,材料4|50|正弦波|55|-14,3,q4-ridge-fold-3,True
附件一（训练集）.xlsx|材料2|1932,材料2|90|三角波|51|-16,2,q4-ridge-fold-2,True
附件一（训练集）.xlsx|材料3|2132,材料3|25|梯形波|51|-6,1,q4-ridge-fold-1,True
附件一（训练集）.xlsx|材料4|2170,材料4|50|三角波|50|-13,3,q4-ridge-fold-3,True
附件一（训练集）.xlsx|材料1|2431,材料1|25|梯形波|49|-15,2,q4-ridge-fold-2,True
附件一（训练集）.xlsx|材料3|2755,材料3|70|梯形波|54|-16,1,q4-ridge-fold-1,True
附件一（训练集）.xlsx|材料4|470,材料4|70|正弦波|49|-15,4,q4-ridge-fold-4,True
附件一（训练集）.xlsx|材料1|1452,材料1|50|三角波|52|-15,3,q4-ridge-fold-3,True
附件一（训练集）.xlsx|材料1|2237,材料1|90|三角波|56|-16,3,q4-ridge-fold-3,True
附件一（训练集）.xlsx|材料2|855,材料2|90|正弦波|47|-17,1,q4-ridge-fold-1,True
附件一（训练集）.xlsx|材料2|2269,材料2|25|梯形波|56|-12,0,q4-ridge-fold-0,True
附件一（训练集）.xlsx|材料3|225,材料3|70|正弦波|53|-18,0,q4-ridge-fold-0,True
附件一（训练集）.xlsx|材料2|1293,材料2|25|三角波|50|-10,3,q4-ridge-fold-3,True
附件一（训练集）.xlsx|材料4|1883,材料4|90|三角波|48|-7,4,q4-ridge-fold-4,True
附件一（训练集）.xlsx|材料1|3357,材料1|90|梯形波|54|-19,0,q4-ridge-fold-0,True
附件一（训练集）.xlsx|材料2|2777,材料2|90|梯形波|46|-8,3,q4-ridge-fold-3,True
附件一（训练集）.xlsx|材料4|65,材料4|25|正弦波|49|-15,4,q4-ridge-fold-4,True
附件一（训练集）.xlsx|材料2|124,材料2|50|正弦波|49|-12,1,q4-ridge-fold-1,True
附件一（训练集）.xlsx|材料3|3036,材料3|90|梯形波|49|-11,4,q4-ridge-fold-4,True
附件一（训练集）.xlsx|材料4|2174,材料4|50|三角波|52|-14,0,q4-ridge-fold-0,True
附件一（训练集）.xlsx|材料3|2664,材料3|70|梯形波|52|-18,1,q4-ridge-fold-1,True
附件一（训练集）.xlsx|材料2|142,材料2|50|正弦波|52|-13,3,q4-ridge-fold-3,True
附件一（训练集）.xlsx|材料1|2423,材料1|25|梯形波|49|-11,0,q4-ridge-fold-0,True
附件一（训练集）.xlsx|材料3|228,材料3|70|正弦波|53|-13,4,q4-ridge-fold-4,True
附件一（训练集）.xlsx|材料2|1792,材料2|70|三角波|52|-9,3,q4-ridge-fold-3,True
附件一（训练集）.xlsx|材料2|1353,材料2|50|三角波|54|-19,0,q4-ridge-fold-0,True
附件一（训练集）.xlsx|材料2|1254,材料2|25|三角波|55|-11,3,q4-ridge-fold-3,True
附件一（训练集）.xlsx|材料2|2139,材料2|25|梯形波|49|-10,2,q4-ridge-fold-2,True
附件一（训练集）.xlsx|材料3|2761,材料3|70|梯形波|54|-9,2,q4-ridge-fold-2,True
附件一（训练集）.xlsx|材料4|429,材料4|70|正弦波|47|-14,1,q4-ridge-fold-1,True
附件一（训练集）.xlsx|材料2|355,材料2|50|正弦波|53|-18,0,q4-ridge-fold-0,True
附件一（训练集）.xlsx|材料4|2239,材料4|50|三角波|55|-16,0,q4-ridge-fold-0,True
附件一（训练集）.xlsx|材料1|1149,材料1|25|三角波|52|-14,3,q4-ridge-fold-3,True
附件一（训练集）.xlsx|材料4|983,材料4|25|三角波|52|-12,4,q4-ridge-fold-4,True
附件一（训练集）.xlsx|材料2|785,材料2|90|正弦波|49|-15,0,q4-ridge-fold-0,True
附件一（训练集）.xlsx|材料1|95,材料1|25|正弦波|49|-13,4,q4-ridge-fold-4,True
附件一（训练集）.xlsx|材料3|619,材料3|50|正弦波|52|-20,4,q4-ridge-fold-4,True
附件一（训练集）.xlsx|材料2|817,材料2|90|正弦波|52|-12,2,q4-ridge-fold-2,True
附件一（训练集）.xlsx|材料4|1201,材料4|50|三角波|50|-10,0,q4-ridge-fold-0,True
附件一（训练集）.xlsx|材料2|1831,材料2|90|三角波|54|-12,1,q4-ridge-fold-1,True
附件一（训练集）.xlsx|材料1|1180,材料1|25|三角波|52|-19,3,q4-ridge-fold-3,True
附件一（训练集）.xlsx|材料4|1631,材料4|70|三角波|49|-16,4,q4-ridge-fold-4,True
附件一（训练集）.xlsx|材料1|3218,材料1|90|梯形波|49|-7,1,q4-ridge-fold-1,True
附件一（训练集）.xlsx|材料4|552,材料4|70|正弦波|52|-18,3,q4-ridge-fold-3,True
附件一（训练集）.xlsx|材料3|2691,材料3|70|梯形波|55|-17,3,q4-ridge-fold-3,True
附件一（训练集）.xlsx|材料2|1267,材料2|25|三角波|56|-18,2,q4-ridge-fold-2,True
附件一（训练集）.xlsx|材料1|693,材料1|70|正弦波|52|-12,3,q4-ridge-fold-3,True
附件一（训练集）.xlsx|材料4|371,材料4|50|正弦波|53|-13,2,q4-ridge-fold-2,True
附件一（训练集）.xlsx|材料1|581,材料1|70|正弦波|48|-16,3,q4-ridge-fold-3,True
附件一（训练集）.xlsx|材料1|2547,材料1|25|梯形波|53|-17,0,q4-ridge-fold-0,True
附件一（训练集）.xlsx|材料3|1722,材料3|70|三角波|52|-8,0,q4-ridge-fold-0,True
附件一（训练集）.xlsx|材料2|2016,材料2|90|三角波|52|-12,2,q4-ridge-fold-2,True
附件一（训练集）.xlsx|材料2|2196,材料2|25|梯形波|56|-12,0,q4-ridge-fold-0,True
附件一（训练集）.xlsx|材料1|708,材料1|70|正弦波|52|-16,3,q4-ridge-fold-3,True
附件一（训练集）.xlsx|材料2|1373,材料2|50|三角波|55|-15,1,q4-ridge-fold-1,True
附件一（训练集）.xlsx|材料1|3327,材料1|90|梯形波|52|-13,2,q4-ridge-fold-2,True
附件一（训练集）.xlsx|材料3|165,材料3|50|正弦波|55|-17,4,q4-ridge-fold-4,True
附件一（训练集）.xlsx|材料4|149,材料4|25|正弦波|53|-17,2,q4-ridge-fold-2,True
附件一（训练集）.xlsx|材料3|447,材料3|25|正弦波|52|-17,0,q4-ridge-fold-0,True
附件一（训练集）.xlsx|材料1|433,材料1|50|正弦波|51|-8,0,q4-ridge-fold-0,True
附件一（训练集）.xlsx|材料3|1570,材料3|70|三角波|49|-11,2,q4-ridge-fold-2,True
附件一（训练集）.xlsx|材料3|2360,材料3|50|梯形波|52|-15,2,q4-ridge-fold-2,True
附件一（训练集）.xlsx|材料1|1450,材料1|50|三角波|52|-17,3,q4-ridge-fold-3,True
附件一（训练集）.xlsx|材料3|831,材料3|90|正弦波|47|-15,3,q4-ridge-fold-3,True
附件一（训练集）.xlsx|材料4|834,材料4|90|正弦波|56|-15,1,q4-ridge-fold-1,True
附件一（训练集）.xlsx|材料3|2949,材料3|90|梯形波|49|-8,4,q4-ridge-fold-4,True
附件一（训练集）.xlsx|材料3|309,材料3|90|正弦波|55|-20,1,q4-ridge-fold-1,True
附件一（训练集）.xlsx|材料2|491,材料2|25|正弦波|50|-11,4,q4-ridge-fold-4,True
附件一（训练集）.xlsx|材料4|771,材料4|90|正弦波|52|-20,4,q4-ridge-fold-4,True
附件一（训练集）.xlsx|材料2|786,材料2|90|正弦波|49|-13,0,q4-ridge-fold-0,True
附件一（训练集）.xlsx|材料1|1016,材料1|90|正弦波|53|-15,4,q4-ridge-fold-4,True
附件一（训练集）.xlsx|材料4|196,材料4|50|正弦波|46|-14,0,q4-ridge-fold-0,True
附件一（训练集）.xlsx|材料3|431,材料3|90|正弦波|50|-13,3,q4-ridge-fold-3,True
附件一（训练集）.xlsx|材料4|2422,材料4|70|三角波|49|-14,0,q4-ridge-fold-0,True
附件一（训练集）.xlsx|材料4|922,材料4|25|三角波|50|-12,4,q4-ridge-fold-4,True
附件一（训练集）.xlsx|材料2|441,材料2|50|正弦波|55|-18,0,q4-ridge-fold-0,True
附件一（训练集）.xlsx|材料2|2108,材料2|25|梯形波|55|-19,3,q4-ridge-fold-3,True
附件一（训练集）.xlsx|材料1|2619,材料1|50|三角波|55|-8,3,q4-ridge-fold-3,True
附件一（训练集）.xlsx|材料4|2308,材料4|50|梯形波|49|-15,2,q4-ridge-fold-2,True
附件一（训练集）.xlsx|材料3|1364,材料3|50|三角波|55|-15,2,q4-ridge-fold-2,True
附件一（训练集）.xlsx|材料3|3120,材料3|90|梯形波|49|-13,1,q4-ridge-fold-1,True
附件一（训练集）.xlsx|材料2|1014,材料2|25|正弦波|46|-16,3,q4-ridge-fold-3,True
附件一（训练集）.xlsx|材料1|943,材料1|90|正弦波|51|-17,4,q4-ridge-fold-4,True
附件一（训练集）.xlsx|材料2|1280,材料2|25|三角波|49|-9,3,q4-ridge-fold-3,True
附件一（训练集）.xlsx|材料3|2574,材料3|50|梯形波|55|-12,0,q4-ridge-fold-0,True
附件一（训练集）.xlsx|材料2|5,材料2|25|正弦波|46|-13,2,q4-ridge-fold-2,True
附件一（训练集）.xlsx|材料4|169,材料4|25|正弦波|55|-13,1,q4-ridge-fold-1,True
附件一（训练集）.xlsx|材料4|2037,材料4|25|三角波|49|-13,4,q4-ridge-fold-4,True
附件一（训练集）.xlsx|材料1|3205,材料1|90|梯形波|48|-7,2,q4-ridge-fold-2,True
附件一（训练集）.xlsx|材料2|393,材料2|25|正弦波|46|-9,2,q4-ridge-fold-2,True
附件一（训练集）.xlsx|材料2|2450,材料2|50|梯形波|51|-12,1,q4-ridge-fold-1,True
附件一（训练集）.xlsx|材料3|3013,材料3|90|梯形波|46|-9,0,q4-ridge-fold-0,True
附件一（训练集）.xlsx|材料3|1884,材料3|90|三角波|49|-6,3,q4-ridge-fold-3,True
附件一（训练集）.xlsx|材料4|865,材料4|25|正弦波|49|-14,3,q4-ridge-fold-3,True
附件一（训练集）.xlsx|材料1|314,材料1|50|正弦波|47|-8,4,q4-ridge-fold-4,True
附件一（训练集）.xlsx|材料2|716,材料2|70|正弦波|49|-10,0,q4-ridge-fold-0,True
附件一（训练集）.xlsx|材料4|2528,材料4|70|梯形波|49|-7,1,q4-ridge-fold-1,True
附件一（训练集）.xlsx|材料3|642,材料3|50|正弦波|55|-19,3,q4-ridge-fold-3,True
附件一（训练集）.xlsx|材料1|1284,材料1|25|三角波|55|-19,1,q4-ridge-fold-1,True
附件一（训练集）.xlsx|材料2|1717,材料2|70|三角波|52|-17,0,q4-ridge-fold-0,True
附件一（训练集）.xlsx|材料3|342,材料3|90|正弦波|47|-17,2,q4-ridge-fold-2,True
附件一（训练集）.xlsx|材料4|1889,材料4|90|三角波|49|-13,4,q4-ridge-fold-4,True
附件一（训练集）.xlsx|材料1|2369,材料1|25|三角波|55|-9,2,q4-ridge-fold-2,True
附件一（训练集）.xlsx|材料3|512,材料3|25|正弦波|49|-18,3,q4-ridge-fold-3,True
附件一（训练集）.xlsx|材料3|249,材料3|90|正弦波|46|-12,4,q4-ridge-fold-4,True
附件一（训练集）.xlsx|材料3|2385,材料3|50|梯形波|55|-18,1,q4-ridge-fold-1,True
附件一（训练集）.xlsx|材料4|1329,材料4|50|三角波|47|-15,4,q4-ridge-fold-4,True
附件一（训练集）.xlsx|材料3|218,材料3|70|正弦波|52|-17,1,q4-ridge-fold-1,True
附件一（训练集）.xlsx|材料1|3318,材料1|90|梯形波|52|-9,4,q4-ridge-fold-4,True
附件一（训练集）.xlsx|材料3|1890,材料3|90|三角波|49|-9,2,q4-ridge-fold-2,True
附件一（训练集）.xlsx|材料2|2569,材料2|70|梯形波|52|-10,3,q4-ridge-fold-3,True
附件一（训练集）.xlsx|材料2|1758,材料2|70|三角波|56|-15,1,q4-ridge-fold-1,True
附件一（训练集）.xlsx|材料1|1082,材料1|25|三角波|48|-14,2,q4-ridge-fold-2,True
附件一（训练集）.xlsx|材料3|1665,材料3|70|三角波|55|-20,4,q4-ridge-fold-4,True
附件一（训练集）.xlsx|材料3|345,材料3|70|正弦波|49|-8,1,q4-ridge-fold-1,True
附件一（训练集）.xlsx|材料2|1491,材料2|50|三角波|55|-15,1,q4-ridge-fold-1,True
附件一（训练集）.xlsx|材料4|365,材料4|50|正弦波|53|-20,0,q4-ridge-fold-0,True
附件一（训练集）.xlsx|材料4|46,材料4|25|正弦波|49|-12,3,q4-ridge-fold-3,True
附件一（训练集）.xlsx|材料2|2950,材料2|90|梯形波|52|-12,0,q4-ridge-fold-0,True
附件一（训练集）.xlsx|材料2|2320,材料2|50|梯形波|52|-16,3,q4-ridge-fold-3,True
附件一（训练集）.xlsx|材料2|1212,材料2|25|三角波|48|-13,3,q4-ridge-fold-3,True
附件一（训练集）.xlsx|材料3|663,材料3|70|正弦波|47|-13,1,q4-ridge-fold-1,True
附件一（训练集）.xlsx|材料2|326,材料2|90|正弦波|52|-17,4,q4-ridge-fold-4,True
附件一（训练集）.xlsx|材料4|2146,材料4|25|梯形波|49|-16,0,q4-ridge-fold-0,True
附件一（训练集）.xlsx|材料2|1335,材料2|50|三角波|50|-15,1,q4-ridge-fold-1,True
附件一（训练集）.xlsx|材料2|2795,材料2|90|梯形波|51|-16,3,q4-ridge-fold-3,True
附件一（训练集）.xlsx|材料3|1833,材料3|90|三角波|52|-18,1,q4-ridge-fold-1,True
附件一（训练集）.xlsx|材料2|603,材料2|50|正弦波|47|-18,4,q4-ridge-fold-4,True
附件一（训练集）.xlsx|材料1|1506,材料1|50|三角波|53|-19,0,q4-ridge-fold-0,True
附件一（训练集）.xlsx|材料1|393,材料1|50|正弦波|50|-12,4,q4-ridge-fold-4,True
附件一（训练集）.xlsx|材料1|1244,材料1|25|三角波|54|-13,1,q4-ridge-fold-1,True
附件一（训练集）.xlsx|材料3|1025,材料3|25|三角波|52|-16,1,q4-ridge-fold-1,True
附件一（训练集）.xlsx|材料2|1245,材料2|25|三角波|54|-14,3,q4-ridge-fold-3,True
附件一（训练集）.xlsx|材料1|1804,材料1|70|三角波|52|-18,3,q4-ridge-fold-3,True
附件一（训练集）.xlsx|材料1|820,材料1|90|正弦波|47|-9,4,q4-ridge-fold-4,True
附件一（训练集）.xlsx|材料1|737,材料1|70|正弦波|53|-19,2,q4-ridge-fold-2,True
附件一（训练集）.xlsx|材料2|1713,材料2|70|三角波|50|-9,3,q4-ridge-fold-3,True
附件一（训练集）.xlsx|材料3|3138,材料3|90|梯形波|51|-6,4,q4-ridge-fold-4,True
附件一（训练集）.xlsx|材料1|2308,材料1|90|三角波|49|-8,3,q4-ridge-fold-3,True
附件一（训练集）.xlsx|材料2|1644,材料2|70|三角波|52|-17,0,q4-ridge-fold-0,True
附件一（训练集）.xlsx|材料1|2561,材料1|25|梯形波|53|-8,3,q4-ridge-fold-3,True
附件一（训练集）.xlsx|材料1|16,材料1|25|正弦波|47|-16,3,q4-ridge-fold-3,True
附件一（训练集）.xlsx|材料1|3201,材料1|90|梯形波|48|-10,1,q4-ridge-fold-1,True
附件一（训练集）.xlsx|材料1|914,材料1|90|正弦波|50|-13,0,q4-ridge-fold-0,True
附件一（训练集）.xlsx|材料3|1500,材料3|50|三角波|55|-13,4,q4-ridge-fold-4,True
附件一（训练集）.xlsx|材料3|31,材料3|25|正弦波|49|-12,0,q4-ridge-fold-0,True
附件一（训练集）.xlsx|材料2|2884,材料2|90|梯形波|54|-19,1,q4-ridge-fold-1,True
附件一（训练集）.xlsx|材料4|680,材料4|90|正弦波|49|-9,1,q4-ridge-fold-1,True
附件一（训练集）.xlsx|材料2|959,材料2|90|正弦波|53|-20,4,q4-ridge-fold-4,True
附件一（训练集）.xlsx|材料3|2816,材料3|70|梯形波|49|-8,0,q4-ridge-fold-0,True
附件一（训练集）.xlsx|材料2|1735,材料2|70|三角波|54|-11,1,q4-ridge-fold-1,True
附件一（训练集）.xlsx|材料1|3239,材料1|90|梯形波|50|-14,1,q4-ridge-fold-1,True
附件一（训练集）.xlsx|材料2|508,材料2|25|正弦波|46|-16,3,q4-ridge-fold-3,True
附件一（训练集）.xlsx|材料1|3090,材料1|70|梯形波|54|-18,4,q4-ridge-fold-4,True
附件一（训练集）.xlsx|材料4|1398,材料4|50|三角波|49|-9,4,q4-ridge-fold-4,True
附件一（训练集）.xlsx|材料1|24,材料1|25|正弦波|47|-10,3,q4-ridge-fold-3,True
附件一（训练集）.xlsx|材料1|2006,材料1|70|三角波|50|-12,1,q4-ridge-fold-1,True
附件一（训练集）.xlsx|材料1|1165,材料1|25|三角波|52|-16,2,q4-ridge-fold-2,True
附件一（训练集）.xlsx|材料1|2271,材料1|90|三角波|49|-12,4,q4-ridge-fold-4,True
附件一（训练集）.xlsx|材料4|2317,材料4|50|梯形波|49|-7,3,q4-ridge-fold-3,True
附件一（训练集）.xlsx|材料4|1500,材料4|70|三角波|52|-15,2,q4-ridge-fold-2,True
附件一（训练集）.xlsx|材料2|362,材料2|70|正弦波|52|-10,1,q4-ridge-fold-1,True
附件一（训练集）.xlsx|材料4|838,材料4|70|正弦波|56|-17,4,q4-ridge-fold-4,True
附件一（训练集）.xlsx|材料1|3260,材料1|90|梯形波|51|-11,3,q4-ridge-fold-3,True
附件一（训练集）.xlsx|材料1|334,材料1|50|正弦波|49|-14,1,q4-ridge-fold-1,True
附件一（训练集）.xlsx|材料2|163,材料2|50|正弦波|55|-17,2,q4-ridge-fold-2,True
附件一（训练集）.xlsx|材料3|927,材料3|50|正弦波|50|-9,0,q4-ridge-fold-0,True
附件一（训练集）.xlsx|材料3|1515,材料3|70|三角波|52|-16,4,q4-ridge-fold-4,True
附件一（训练集）.xlsx|材料3|187,材料3|70|正弦波|49|-18,4,q4-ridge-fold-4,True
附件一（训练集）.xlsx|材料3|2853,材料3|70|梯形波|54|-13,1,q4-ridge-fold-1,True
附件一（训练集）.xlsx|材料1|1902,材料1|70|三角波|55|-12,1,q4-ridge-fold-1,True
附件一（训练集）.xlsx|材料2|2185,材料2|25|梯形波|55|-14,0,q4-ridge-fold-0,True
附件一（训练集）.xlsx|材料2|989,材料2|25|正弦波|52|-19,3,q4-ridge-fold-3,True
附件一（训练集）.xlsx|材料3|1263,材料3|25|三角波|55|-14,1,q4-ridge-fold-1,True
附件一（训练集）.xlsx|材料1|1785,材料1|70|三角波|52|-18,3,q4-ridge-fold-3,True
附件一（训练集）.xlsx|材料1|2653,材料1|50|梯形波|48|-14,1,q4-ridge-fold-1,True
附件一（训练集）.xlsx|材料4|1445,材料4|70|三角波|50|-11,1,q4-ridge-fold-1,True
附件一（训练集）.xlsx|材料3|1717,材料3|70|三角波|52|-6,0,q4-ridge-fold-0,True
附件一（训练集）.xlsx|材料3|1752,材料3|90|三角波|51|-14,1,q4-ridge-fold-1,True
附件一（训练集）.xlsx|材料4|341,材料4|50|正弦波|52|-18,1,q4-ridge-fold-1,True
附件一（训练集）.xlsx|材料4|2323,材料4|50|梯形波|49|-16,3,q4-ridge-fold-3,True
附件一（训练集）.xlsx|材料2|305,材料2|90|正弦波|50|-15,1,q4-ridge-fold-1,True
附件一（训练集）.xlsx|材料1|119,材料1|25|正弦波|49|-10,0,q4-ridge-fold-0,True
附件一（训练集）.xlsx|材料3|2201,材料3|25|梯形波|49|-12,3,q4-ridge-fold-3,True
附件一（训练集）.xlsx|材料3|2320,材料3|50|三角波|55|-10,1,q4-ridge-fold-1,True
附件一（训练集）.xlsx|材料4|248,材料4|50|正弦波|49|-17,3,q4-ridge-fold-3,True
附件一（训练集）.xlsx|材料1|181,材料1|25|正弦波|52|-13,4,q4-ridge-fold-4,True
附件一（训练集）.xlsx|材料3|1490,材料3|50|三角波|52|-8,1,q4-ridge-fold-1,True
附件一（训练集）.xlsx|材料3|3122,材料3|90|梯形波|49|-8,4,q4-ridge-fold-4,True
附件一（训练集）.xlsx|材料3|143,材料3|50|正弦波|52|-14,2,q4-ridge-fold-2,True
附件一（训练集）.xlsx|材料3|2187,材料3|25|梯形波|46|-9,3,q4-ridge-fold-3,True
附件一（训练集）.xlsx|材料4|1074,材料4|25|三角波|56|-19,0,q4-ridge-fold-0,True
附件一（训练集）.xlsx|材料4|440,材料4|70|正弦波|47|-13,0,q4-ridge-fold-0,True
附件一（训练集）.xlsx|材料4|1874,材料4|90|三角波|48|-13,2,q4-ridge-fold-2,True
附件一（训练集）.xlsx|材料2|671,材料2|50|正弦波|55|-20,3,q4-ridge-fold-3,True
附件一（训练集）.xlsx|材料2|779,材料2|90|正弦波|47|-9,1,q4-ridge-fold-1,True
附件一（训练集）.xlsx|材料2|990,材料2|25|正弦波|52|-12,1,q4-ridge-fold-1,True
附件一（训练集）.xlsx|材料4|2312,材料4|50|梯形波|49|-12,2,q4-ridge-fold-2,True
附件一（训练集）.xlsx|材料1|3257,材料1|90|梯形波|51|-13,1,q4-ridge-fold-1,True
附件一（训练集）.xlsx|材料4|2284,材料4|50|梯形波|48|-11,0,q4-ridge-fold-0,True
附件一（训练集）.xlsx|材料4|2530,材料4|70|梯形波|50|-18,0,q4-ridge-fold-0,True
附件一（训练集）.xlsx|材料4|1775,材料4|90|三角波|53|-18,3,q4-ridge-fold-3,True
附件一（训练集）.xlsx|材料1|3138,材料1|90|三角波|55|-18,3,q4-ridge-fold-3,True
附件一（训练集）.xlsx|材料1|1637,材料1|50|三角波|48|-13,1,q4-ridge-fold-1,True
附件一（训练集）.xlsx|材料2|2343,材料2|50|梯形波|55|-15,1,q4-ridge-fold-1,True
附件一（训练集）.xlsx|材料4|1258,材料4|50|三角波|52|-18,0,q4-ridge-fold-0,True
附件一（训练集）.xlsx|材料1|1729,材料1|70|三角波|50|-16,2,q4-ridge-fold-2,True
附件一（训练集）.xlsx|材料3|2380,材料3|50|梯形波|54|-11,3,q4-ridge-fold-3,True
附件一（训练集）.xlsx|材料2|2774,材料2|90|三角波|56|-10,0,q4-ridge-fold-0,True
附件一（训练集）.xlsx|材料4|852,材料4|25|正弦波|47|-15,2,q4-ridge-fold-2,True
附件一（训练集）.xlsx|材料3|412,材料3|70|正弦波|53|-20,1,q4-ridge-fold-1,True
附件一（训练集）.xlsx|材料1|552,材料1|70|正弦波|47|-11,2,q4-ridge-fold-2,True
附件一（训练集）.xlsx|材料4|2509,材料4|70|梯形波|49|-12,2,q4-ridge-fold-2,True
附件一（训练集）.xlsx|材料1|569,材料1|70|正弦波|47|-12,2,q4-ridge-fold-2,True
附件一（训练集）.xlsx|材料1|2845,材料1|50|梯形波|54|-18,4,q4-ridge-fold-4,True
附件一（训练集）.xlsx|材料1|2697,材料1|50|梯形波|49|-9,3,q4-ridge-fold-3,True
附件一（训练集）.xlsx|材料3|2811,材料3|70|梯形波|49|-15,0,q4-ridge-fold-0,True
附件一（训练集）.xlsx|材料3|471,材料3|70|正弦波|50|-16,1,q4-ridge-fold-1,True
附件一（训练集）.xlsx|材料2|2593,材料2|70|梯形波|55|-13,3,q4-ridge-fold-3,True
附件一（训练集）.xlsx|材料2|1684,材料2|70|三角波|55|-11,0,q4-ridge-fold-0,True
附件一（训练集）.xlsx|材料4|44,材料4|25|正弦波|49|-13,1,q4-ridge-fold-1,True
附件一（训练集）.xlsx|材料4|2767,材料4|90|梯形波|52|-17,3,q4-ridge-fold-3,True
附件一（训练集）.xlsx|材料4|2785,材料4|90|梯形波|52|-14,0,q4-ridge-fold-0,True
附件一（训练集）.xlsx|材料2|2586,材料2|70|梯形波|55|-19,4,q4-ridge-fold-4,True
附件一（训练集）.xlsx|材料1|14,材料1|25|正弦波|47|-17,1,q4-ridge-fold-1,True
附件一（训练集）.xlsx|材料2|1906,材料2|90|三角波|56|-16,1,q4-ridge-fold-1,True
附件一（训练集）.xlsx|材料2|2131,材料2|25|梯形波|48|-12,2,q4-ridge-fold-2,True
附件一（训练集）.xlsx|材料3|1285,材料3|50|三角波|52|-19,4,q4-ridge-fold-4,True
附件一（训练集）.xlsx|材料2|2514,材料2|70|三角波|55|-18,2,q4-ridge-fold-2,True
附件一（训练集）.xlsx|材料4|279,材料4|50|正弦波|50|-15,0,q4-ridge-fold-0,True
附件一（训练集）.xlsx|材料4|1859,材料4|90|三角波|48|-14,0,q4-ridge-fold-0,True
附件一（训练集）.xlsx|材料1|2270,材料1|90|三角波|49|-12,4,q4-ridge-fold-4,True
附件一（训练集）.xlsx|材料3|496,材料3|25|正弦波|46|-8,0,q4-ridge-fold-0,True
附件一（训练集）.xlsx|材料4|1061,材料4|25|三角波|55|-20,0,q4-ridge-fold-0,True
附件一（训练集）.xlsx|材料1|1687,材料1|50|三角波|49|-9,3,q4-ridge-fold-3,True
附件一（训练集）.xlsx|材料4|2518,材料4|70|梯形波|49|-17,2,q4-ridge-fold-2,True
附件一（训练集）.xlsx|材料2|1431,材料2|50|三角波|55|-19,0,q4-ridge-fold-0,True
附件一（训练集）.xlsx|材料2|402,材料2|25|正弦波|47|-15,4,q4-ridge-fold-4,True
附件一（训练集）.xlsx|材料4|2158,材料4|25|梯形波|49|-18,2,q4-ridge-fold-2,True
附件一（训练集）.xlsx|材料1|3049,材料1|70|梯形波|52|-8,3,q4-ridge-fold-3,True
附件一（训练集）.xlsx|材料4|348,材料4|50|正弦波|52|-14,3,q4-ridge-fold-3,True
附件一（训练集）.xlsx|材料3|489,材料3|25|正弦波|49|-8,4,q4-ridge-fold-4,True
附件一（训练集）.xlsx|材料1|2033,材料1|90|三角波|48|-8,4,q4-ridge-fold-4,True
附件一（训练集）.xlsx|材料3|2444,材料3|50|梯形波|52|-7,4,q4-ridge-fold-4,True
附件一（训练集）.xlsx|材料1|2740,材料1|50|梯形波|51|-14,3,q4-ridge-fold-3,True
附件一（训练集）.xlsx|材料1|2534,材料1|25|梯形波|52|-15,3,q4-ridge-fold-3,True
附件一（训练集）.xlsx|材料3|2021,材料3|25|三角波|56|-10,2,q4-ridge-fold-2,True
附件一（训练集）.xlsx|材料1|1635,材料1|50|三角波|48|-14,2,q4-ridge-fold-2,True
附件一（训练集）.xlsx|材料4|2216,材料4|50|三角波|55|-10,3,q4-ridge-fold-3,True
附件一（训练集）.xlsx|材料4|1451,材料4|70|三角波|50|-17,1,q4-ridge-fold-1,True
附件一（训练集）.xlsx|材料2|294,材料2|90|正弦波|49|-11,1,q4-ridge-fold-1,True
附件一（训练集）.xlsx|材料2|195,材料2|70|正弦波|47|-9,3,q4-ridge-fold-3,True
附件一（训练集）.xlsx|材料3|286,材料3|90|正弦波|50|-11,2,q4-ridge-fold-2,True
附件一（训练集）.xlsx|材料1|548,材料1|70|正弦波|47|-13,2,q4-ridge-fold-2,True
附件一（训练集）.xlsx|材料3|2488,材料3|50|梯形波|56|-20,0,q4-ridge-fold-0,True
附件一（训练集）.xlsx|材料3|2291,材料3|25|梯形波|47|-12,1,q4-ridge-fold-1,True
附件一（训练集）.xlsx|材料1|1561,材料1|50|三角波|55|-19,1,q4-ridge-fold-1,True
附件一（训练集）.xlsx|材料1|1179,材料1|25|三角波|52|-9,1,q4-ridge-fold-1,True
附件一（训练集）.xlsx|材料4|2012,材料4|25|三角波|55|-18,4,q4-ridge-fold-4,True
附件一（训练集）.xlsx|材料1|2469,材料1|25|梯形波|51|-10,0,q4-ridge-fold-0,True
附件一（训练集）.xlsx|材料3|2913,材料3|90|三角波|55|-20,0,q4-ridge-fold-0,True
附件一（训练集）.xlsx|材料3|1121,材料3|25|三角波|55|-10,3,q4-ridge-fold-3,True
附件一（训练集）.xlsx|材料1|3356,材料1|90|梯形波|54|-20,0,q4-ridge-fold-0,True
附件一（训练集）.xlsx|材料2|566,材料2|25|正弦波|52|-14,4,q4-ridge-fold-4,True
附件一（训练集）.xlsx|材料4|774,材料4|90|正弦波|52|-17,1,q4-ridge-fold-1,True
附件一（训练集）.xlsx|材料4|1344,材料4|50|三角波|48|-13,3,q4-ridge-fold-3,True
附件一（训练集）.xlsx|材料4|2457,材料4|70|三角波|55|-12,3,q4-ridge-fold-3,True
附件一（训练集）.xlsx|材料3|2464,材料3|50|梯形波|54|-12,3,q4-ridge-fold-3,True
附件一（训练集）.xlsx|材料4|1157,材料4|25|三角波|50|-17,1,q4-ridge-fold-1,True
附件一（训练集）.xlsx|材料2|2096,材料2|25|梯形波|52|-15,1,q4-ridge-fold-1,True
附件一（训练集）.xlsx|材料4|2268,材料4|50|梯形波|47|-14,0,q4-ridge-fold-0,True
附件一（训练集）.xlsx|材料1|2337,材料1|25|三角波|55|-15,4,q4-ridge-fold-4,True
附件一（训练集）.xlsx|材料3|2716,材料3|70|梯形波|49|-15,0,q4-ridge-fold-0,True
附件一（训练集）.xlsx|材料2|1349,材料2|50|三角波|52|-13,4,q4-ridge-fold-4,True
附件一（训练集）.xlsx|材料3|1291,材料3|50|三角波|52|-12,3,q4-ridge-fold-3,True
附件一（训练集）.xlsx|材料3|2813,材料3|70|梯形波|49|-13,0,q4-ridge-fold-0,True
附件一（训练集）.xlsx|材料2|998,材料2|70|正弦波|47|-15,0,q4-ridge-fold-0,True
附件一（训练集）.xlsx|材料2|2721,材料2|70|梯形波|52|-9,3,q4-ridge-fold-3,True
附件一（训练集）.xlsx|材料4|1992,材料4|25|三角波|55|-19,3,q4-ridge-fold-3,True
附件一（训练集）.xlsx|材料3|771,材料3|90|正弦波|52|-20,1,q4-ridge-fold-1,True
附件一（训练集）.xlsx|材料1|1496,材料1|50|三角波|52|-14,0,q4-ridge-fold-0,True
附件一（训练集）.xlsx|材料2|1017,材料2|25|正弦波|46|-12,0,q4-ridge-fold-0,True
附件一（训练集）.xlsx|材料4|1213,材料4|50|三角波|50|-13,3,q4-ridge-fold-3,True
附件一（训练集）.xlsx|材料3|659,材料3|70|正弦波|46|-8,4,q4-ridge-fold-4,True
附件一（训练集）.xlsx|材料3|1797,材料3|90|三角波|56|-18,2,q4-ridge-fold-2,True
附件一（训练集）.xlsx|材料3|402,材料3|90|正弦波|47|-13,1,q4-ridge-fold-1,True
附件一（训练集）.xlsx|材料2|656,材料2|50|正弦波|53|-18,0,q4-ridge-fold-0,True
附件一（训练集）.xlsx|材料1|827,材料1|90|正弦波|47|-15,3,q4-ridge-fold-3,True
附件一（训练集）.xlsx|材料4|661,材料4|90|正弦波|48|-14,3,q4-ridge-fold-3,True
附件一（训练集）.xlsx|材料4|912,材料4|25|三角波|48|-9,4,q4-ridge-fold-4,True
附件一（训练集）.xlsx|材料4|2225,材料4|50|三角波|49|-13,2,q4-ridge-fold-2,True
附件一（训练集）.xlsx|材料3|2340,材料3|50|梯形波|49|-15,0,q4-ridge-fold-0,True
附件一（训练集）.xlsx|材料2|279,材料2|90|正弦波|46|-7,2,q4-ridge-fold-2,True
附件一（训练集）.xlsx|材料3|750,材料3|90|正弦波|49|-15,0,q4-ridge-fold-0,True
附件一（训练集）.xlsx|材料2|117,材料2|50|正弦波|49|-19,0,q4-ridge-fold-0,True
附件一（训练集）.xlsx|材料3|434,材料3|70|正弦波|49|-16,0,q4-ridge-fold-0,True
附件一（训练集）.xlsx|材料1|25,材料1|25|正弦波|47|-9,4,q4-ridge-fold-4,True
附件一（训练集）.xlsx|材料3|163,材料3|50|正弦波|55|-19,3,q4-ridge-fold-3,True
附件一（训练集）.xlsx|材料4|1077,材料4|25|三角波|56|-17,4,q4-ridge-fold-4,True
附件一（训练集）.xlsx|材料2|2647,材料2|70|梯形波|54|-8,0,q4-ridge-fold-0,True
附件一（训练集）.xlsx|材料2|276,材料2|90|正弦波|46|-11,2,q4-ridge-fold-2,True
附件一（训练集）.xlsx|材料1|1876,材料1|70|三角波|55|-18,3,q4-ridge-fold-3,True
附件一（训练集）.xlsx|材料3|640,材料3|50|正弦波|55|-12,4,q4-ridge-fold-4,True
附件一（训练集）.xlsx|材料2|964,材料2|25|正弦波|49|-9,1,q4-ridge-fold-1,True
附件一（训练集）.xlsx|材料3|483,材料3|70|正弦波|49|-17,2,q4-ridge-fold-2,True
附件一（训练集）.xlsx|材料1|2971,材料1|70|梯形波|49|-7,1,q4-ridge-fold-1,True
附件一（训练集）.xlsx|材料3|451,材料3|70|正弦波|50|-9,4,q4-ridge-fold-4,True
附件一（训练集）.xlsx|材料1|2090,材料1|90|三角波|52|-13,0,q4-ridge-fold-0,True
附件一（训练集）.xlsx|材料1|657,材料1|70|正弦波|50|-14,4,q4-ridge-fold-4,True
附件一（训练集）.xlsx|材料2|2413,材料2|50|梯形波|55|-10,3,q4-ridge-fold-3,True
附件一（训练集）.xlsx|材料3|3097,材料3|90|梯形波|55|-11,0,q4-ridge-fold-0,True
附件一（训练集）.xlsx|材料4|1277,材料4|50|三角波|53|-14,0,q4-ridge-fold-0,True
附件一（训练集）.xlsx|材料4|1666,材料4|70|三角波|50|-16,1,q4-ridge-fold-1,True
附件一（训练集）.xlsx|材料2|63,材料2|25|正弦波|52|-12,1,q4-ridge-fold-1,True
附件一（训练集）.xlsx|材料3|1031,材料3|25|三角波|52|-9,4,q4-ridge-fold-4,True
附件一（训练集）.xlsx|材料2|1012,材料2|50|正弦波|49|-11,3,q4-ridge-fold-3,True
附件一（训练集）.xlsx|材料3|2454,材料3|50|梯形波|52|-9,1,q4-ridge-fold-1,True
附件一（训练集）.xlsx|材料2|2975,材料2|90|梯形波|55|-12,0,q4-ridge-fold-0,True
附件一（训练集）.xlsx|材料1|542,材料1|70|正弦波|46|-7,4,q4-ridge-fold-4,True
附件一（训练集）.xlsx|材料1|2317,材料1|25|三角波|55|-18,1,q4-ridge-fold-1,True
附件一（训练集）.xlsx|材料1|1353,材料1|25|三角波|49|-14,1,q4-ridge-fold-1,True
附件一（训练集）.xlsx|材料1|819,材料1|90|正弦波|47|-9,4,q4-ridge-fold-4,True
附件一（训练集）.xlsx|材料3|2659,材料3|70|梯形波|52|-11,0,q4-ridge-fold-0,True
附件一（训练集）.xlsx|材料2|2920,材料2|90|梯形波|46|-6,1,q4-ridge-fold-1,True
附件一（训练集）.xlsx|材料3|935,材料3|50|正弦波|50|-11,2,q4-ridge-fold-2,True
附件一（训练集）.xlsx|材料3|19,材料3|25|正弦波|47|-8,2,q4-ridge-fold-2,True
附件一（训练集）.xlsx|材料3|52,材料3|25|正弦波|52|-20,4,q4-ridge-fold-4,True
附件一（训练集）.xlsx|材料2|1694,材料2|70|三角波|48|-9,3,q4-ridge-fold-3,True
附件一（训练集）.xlsx|材料4|2296,材料4|50|梯形波|48|-12,1,q4-ridge-fold-1,True
附件一（训练集）.xlsx|材料2|1417,材料2|50|三角波|54|-16,2,q4-ridge-fold-2,True
附件一（训练集）.xlsx|材料4|934,材料4|25|三角波|51|-14,0,q4-ridge-fold-0,True
附件一（训练集）.xlsx|材料2|1594,材料2|70|三角波|52|-16,2,q4-ridge-fold-2,True
附件一（训练集）.xlsx|材料4|1722,材料4|90|三角波|51|-15,1,q4-ridge-fold-1,True
附件一（训练集）.xlsx|材料2|2684,材料2|70|梯形波|49|-13,1,q4-ridge-fold-1,True
附件一（训练集）.xlsx|材料4|875,材料4|25|正弦波|52|-18,0,q4-ridge-fold-0,True
附件一（训练集）.xlsx|材料1|1860,材料1|70|三角波|54|-19,0,q4-ridge-fold-0,True
附件一（训练集）.xlsx|材料4|416,材料4|70|正弦波|46|-15,1,q4-ridge-fold-1,True
附件一（训练集）.xlsx|材料3|1905,材料3|90|三角波|52|-12,3,q4-ridge-fold-3,True
附件一（训练集）.xlsx|材料2|1438,材料2|50|三角波|56|-18,1,q4-ridge-fold-1,True
附件一（训练集）.xlsx|材料3|2362,材料3|50|梯形波|52|-12,0,q4-ridge-fold-0,True
附件一（训练集）.xlsx|材料4|2053,材料4|25|三角波|52|-14,1,q4-ridge-fold-1,True
附件一（训练集）.xlsx|材料2|908,材料2|70|正弦波|53|-11,2,q4-ridge-fold-2,True
附件一（训练集）.xlsx|材料4|1801,材料4|90|三角波|54|-18,4,q4-ridge-fold-4,True
附件一（训练集）.xlsx|材料2|2000,材料2|90|三角波|50|-13,1,q4-ridge-fold-1,True
附件一（训练集）.xlsx|材料3|2222,材料3|25|梯形波|51|-10,0,q4-ridge-fold-0,True
附件一（训练集）.xlsx|材料3|2725,材料3|70|梯形波|49|-6,4,q4-ridge-fold-4,True
附件一（训练集）.xlsx|材料3|2778,材料3|70|梯形波|55|-14,2,q4-ridge-fold-2,True
附件一（训练集）.xlsx|材料3|1026,材料3|25|三角波|52|-14,0,q4-ridge-fold-0,True
附件一（训练集）.xlsx|材料2|2820,材料2|90|梯形波|54|-20,4,q4-ridge-fold-4,True
附件一（训练集）.xlsx|材料2|1878,材料2|90|三角波|52|-15,4,q4-ridge-fold-4,True
附件一（训练集）.xlsx|材料3|2878,材料3|70|梯形波|55|-12,3,q4-ridge-fold-3,True
附件一（训练集）.xlsx|材料1|2738,材料1|50|梯形波|51|-15,4,q4-ridge-fold-4,True
附件一（训练集）.xlsx|材料3|1309,材料3|50|三角波|55|-18,4,q4-ridge-fold-4,True
附件一（训练集）.xlsx|材料4|2267,材料4|50|梯形波|46|-7,4,q4-ridge-fold-4,True
附件一（训练集）.xlsx|材料4|821,材料4|90|正弦波|55|-16,2,q4-ridge-fold-2,True
附件一（训练集）.xlsx|材料1|420,材料1|50|正弦波|51|-19,0,q4-ridge-fold-0,True
附件一（训练集）.xlsx|材料2|1089,材料2|25|正弦波|55|-13,0,q4-ridge-fold-0,True
附件一（训练集）.xlsx|材料1|1213,材料1|25|三角波|53|-11,2,q4-ridge-fold-2,True
附件一（训练集）.xlsx|材料2|1595,材料2|70|三角波|52|-15,4,q4-ridge-fold-4,True
附件一（训练集）.xlsx|材料4|257,材料4|50|正弦波|49|-19,2,q4-ridge-fold-2,True
附件一（训练集）.xlsx|材料1|1454,材料1|50|三角波|52|-15,3,q4-ridge-fold-3,True
附件一（训练集）.xlsx|材料1|1224,材料1|25|三角波|54|-15,0,q4-ridge-fold-0,True
附件一（训练集）.xlsx|材料1|1061,材料1|90|正弦波|55|-16,4,q4-ridge-fold-4,True
附件一（训练集）.xlsx|材料3|2330,材料3|50|梯形波|48|-11,3,q4-ridge-fold-3,True
附件一（训练集）.xlsx|材料3|73,材料3|25|正弦波|55|-15,2,q4-ridge-fold-2,True
附件一（训练集）.xlsx|材料1|2119,材料1|90|三角波|52|-20,1,q4-ridge-fold-1,True
附件一（训练集）.xlsx|材料4|1536,材料4|70|三角波|54|-17,2,q4-ridge-fold-2,True
附件一（训练集）.xlsx|材料2|291,材料2|90|正弦波|49|-16,4,q4-ridge-fold-4,True
附件一（训练集）.xlsx|材料1|2906,材料1|70|梯形波|47|-13,0,q4-ridge-fold-0,True
附件一（训练集）.xlsx|材料3|699,材料3|70|正弦波|52|-13,1,q4-ridge-fold-1,True
附件一（训练集）.xlsx|材料3|2186,材料3|25|梯形波|46|-10,4,q4-ridge-fold-4,True
附件一（训练集）.xlsx|材料4|2448,材料4|70|三角波|55|-19,2,q4-ridge-fold-2,True
附件一（训练集）.xlsx|材料1|2709,材料1|50|梯形波|50|-13,0,q4-ridge-fold-0,True
附件一（训练集）.xlsx|材料1|2769,材料1|50|梯形波|52|-9,4,q4-ridge-fold-4,True
附件一（训练集）.xlsx|材料4|183,材料4|25|正弦波|55|-17,2,q4-ridge-fold-2,True
附件一（训练集）.xlsx|材料1|2820,材料1|50|梯形波|53|-15,4,q4-ridge-fold-4,True
附件一（训练集）.xlsx|材料1|2165,材料1|90|三角波|54|-16,3,q4-ridge-fold-3,True
附件一（训练集）.xlsx|材料1|477,材料1|50|正弦波|52|-16,3,q4-ridge-fold-3,True
附件一（训练集）.xlsx|材料3|2432,材料3|50|梯形波|51|-10,3,q4-ridge-fold-3,True
附件一（训练集）.xlsx|材料1|2357,材料1|25|三角波|55|-18,1,q4-ridge-fold-1,True
附件一（训练集）.xlsx|材料2|753,材料2|70|正弦波|55|-14,4,q4-ridge-fold-4,True
附件一（训练集）.xlsx|材料4|103,材料4|25|正弦波|51|-13,1,q4-ridge-fold-1,True
附件一（训练集）.xlsx|材料4|527,材料4|70|正弦波|52|-18,3,q4-ridge-fold-3,True
附件一（训练集）.xlsx|材料2|188,材料2|70|正弦波|47|-18,3,q4-ridge-fold-3,True
附件一（训练集）.xlsx|材料4|802,材料4|90|正弦波|54|-17,3,q4-ridge-fold-3,True
附件一（训练集）.xlsx|材料2|1036,材料2|25|正弦波|49|-7,2,q4-ridge-fold-2,True
附件一（训练集）.xlsx|材料3|2747,材料3|70|梯形波|52|-13,4,q4-ridge-fold-4,True
附件一（训练集）.xlsx|材料2|1730,材料2|70|三角波|52|-8,0,q4-ridge-fold-0,True
附件一（训练集）.xlsx|材料2|627,材料2|50|正弦波|49|-8,4,q4-ridge-fold-4,True
附件一（训练集）.xlsx|材料3|2356,材料3|50|梯形波|51|-6,0,q4-ridge-fold-0,True
附件一（训练集）.xlsx|材料2|387,材料2|70|正弦波|49|-10,0,q4-ridge-fold-0,True
附件一（训练集）.xlsx|材料2|2628,材料2|70|梯形波|52|-17,4,q4-ridge-fold-4,True
附件一（训练集）.xlsx|材料1|604,材料1|70|正弦波|49|-6,1,q4-ridge-fold-1,True
附件一（训练集）.xlsx|材料4|1677,材料4|90|三角波|47|-10,3,q4-ridge-fold-3,True
附件一（训练集）.xlsx|材料1|2437,材料1|25|梯形波|49|-11,0,q4-ridge-fold-0,True
附件一（训练集）.xlsx|材料1|709,材料1|70|正弦波|52|-13,0,q4-ridge-fold-0,True
附件一（训练集）.xlsx|材料2|1642,材料2|70|三角波|50|-7,2,q4-ridge-fold-2,True
附件一（训练集）.xlsx|材料2|1689,材料2|70|三角波|56|-15,1,q4-ridge-fold-1,True
附件一（训练集）.xlsx|材料3|2923,材料3|90|梯形波|46|-13,4,q4-ridge-fold-4,True
附件一（训练集）.xlsx|材料1|2707,材料1|50|梯形波|50|-14,2,q4-ridge-fold-2,True
附件一（训练集）.xlsx|材料1|2806,材料1|50|梯形波|52|-12,1,q4-ridge-fold-1,True
附件一（训练集）.xlsx|材料1|3097,材料1|70|梯形波|54|-14,4,q4-ridge-fold-4,True
附件一（训练集）.xlsx|材料2|1957,材料2|90|三角波|54|-12,1,q4-ridge-fold-1,True
附件一（训练集）.xlsx|材料3|2997,材料3|90|梯形波|55|-15,4,q4-ridge-fold-4,True
附件一（训练集）.xlsx|材料3|1918,材料3|90|三角波|52|-8,4,q4-ridge-fold-4,True
附件一（训练集）.xlsx|材料2|2890,材料2|90|梯形波|54|-12,0,q4-ridge-fold-0,True
附件一（训练集）.xlsx|材料3|899,材料3|25|正弦波|52|-16,0,q4-ridge-fold-0,True
附件一（训练集）.xlsx|材料2|2963,材料2|90|梯形波|54|-18,3,q4-ridge-fold-3,True
附件一（训练集）.xlsx|材料1|1946,材料1|70|三角波|48|-11,1,q4-ridge-fold-1,True
附件一（训练集）.xlsx|材料2|1732,材料2|70|三角波|54|-15,2,q4-ridge-fold-2,True
附件一（训练集）.xlsx|材料3|1821,材料3|90|三角波|50|-14,0,q4-ridge-fold-0,True
附件一（训练集）.xlsx|材料2|953,材料2|70|正弦波|47|-17,4,q4-ridge-fold-4,True
附件一（训练集）.xlsx|材料4|234,材料4|50|正弦波|48|-10,2,q4-ridge-fold-2,True
附件一（训练集）.xlsx|材料1|1196,材料1|25|三角波|52|-11,2,q4-ridge-fold-2,True
附件一（训练集）.xlsx|材料2|510,材料2|90|正弦波|49|-16,4,q4-ridge-fold-4,True
附件一（训练集）.xlsx|材料4|411,材料4|50|正弦波|56|-15,3,q4-ridge-fold-3,True
附件一（训练集）.xlsx|材料3|270,材料3|90|正弦波|49|-10,3,q4-ridge-fold-3,True
附件一（训练集）.xlsx|材料2|618,材料2|50|正弦波|49|-9,4,q4-ridge-fold-4,True
附件一（训练集）.xlsx|材料3|1161,材料3|25|三角波|50|-10,2,q4-ridge-fold-2,True
附件一（训练集）.xlsx|材料4|2127,材料4|25|梯形波|48|-11,3,q4-ridge-fold-3,True
附件一（训练集）.xlsx|材料2|2733,材料2|70|梯形波|55|-15,4,q4-ridge-fold-4,True
附件一（训练集）.xlsx|材料3|1977,材料3|90|三角波|52|-6,3,q4-ridge-fold-3,True
附件一（训练集）.xlsx|材料2|2489,材料2|50|梯形波|55|-19,3,q4-ridge-fold-3,True
附件一（训练集）.xlsx|材料3|1706,材料3|70|三角波|51|-13,3,q4-ridge-fold-3,True
附件一（训练集）.xlsx|材料2|826,材料2|90|正弦波|52|-11,4,q4-ridge-fold-4,True
附件一（训练集）.xlsx|材料4|595,材料4|70|正弦波|54|-14,0,q4-ridge-fold-0,True
附件一（训练集）.xlsx|材料3|2268,材料3|25|梯形波|55|-19,4,q4-ridge-fold-4,True
附件一（训练集）.xlsx|材料1|2898,材料1|70|梯形波|46|-11,2,q4-ridge-fold-2,True
附件一（训练集）.xlsx|材料2|674,材料2|50|正弦波|55|-18,0,q4-ridge-fold-0,True
附件一（训练集）.xlsx|材料4|215,材料4|50|正弦波|47|-15,3,q4-ridge-fold-3,True
附件一（训练集）.xlsx|材料1|1147,材料1|25|三角波|52|-15,4,q4-ridge-fold-4,True
附件一（训练集）.xlsx|材料1|2597,材料1|50|三角波|55|-8,3,q4-ridge-fold-3,True
附件一（训练集）.xlsx|材料3|1452,材料3|50|三角波|49|-13,3,q4-ridge-fold-3,True
附件一（训练集）.xlsx|材料4|2479,材料4|70|梯形波|48|-16,0,q4-ridge-fold-0,True
附件一（训练集）.xlsx|材料3|1561,材料3|70|三角波|49|-11,2,q4-ridge-fold-2,True
附件一（训练集）.xlsx|材料3|1210,材料3|25|三角波|56|-13,3,q4-ridge-fold-3,True
附件一（训练集）.xlsx|材料3|2580,材料3|50|梯形波|56|-18,3,q4-ridge-fold-3,True
附件一（训练集）.xlsx|材料3|2039,材料3|25|梯形波|49|-10,1,q4-ridge-fold-1,True
附件一（训练集）.xlsx|材料3|2962,材料3|90|梯形波|52|-17,4,q4-ridge-fold-4,True
附件一（训练集）.xlsx|材料2|108,材料2|50|正弦波|49|-16,2,q4-ridge-fold-2,True
附件一（训练集）.xlsx|材料1|1958,材料1|70|三角波|49|-12,2,q4-ridge-fold-2,True
附件一（训练集）.xlsx|材料2|2440,材料2|50|梯形波|49|-10,4,q4-ridge-fold-4,True
附件一（训练集）.xlsx|材料4|2670,材料4|90|梯形波|48|-10,1,q4-ridge-fold-1,True
附件一（训练集）.xlsx|材料3|1465,材料3|50|三角波|50|-15,4,q4-ridge-fold-4,True
附件一（训练集）.xlsx|材料3|1978,材料3|90|三角波|52|-17,3,q4-ridge-fold-3,True
附件一（训练集）.xlsx|材料3|386,材料3|25|正弦波|53|-15,2,q4-ridge-fold-2,True
附件一（训练集）.xlsx|材料3|1345,材料3|50|三角波|52|-8,1,q4-ridge-fold-1,True
附件一（训练集）.xlsx|材料2|2190,材料2|25|梯形波|56|-21,0,q4-ridge-fold-0,True
附件一（训练集）.xlsx|材料1|3002,材料1|70|梯形波|51|-6,2,q4-ridge-fold-2,True
附件一（训练集）.xlsx|材料1|1297,材料1|25|三角波|56|-20,2,q4-ridge-fold-2,True
附件一（训练集）.xlsx|材料4|1222,材料4|50|三角波|51|-18,1,q4-ridge-fold-1,True
附件一（训练集）.xlsx|材料1|1003,材料1|90|正弦波|52|-12,4,q4-ridge-fold-4,True
附件一（训练集）.xlsx|材料2|1841,材料2|90|三角波|55|-15,0,q4-ridge-fold-0,True
附件一（训练集）.xlsx|材料2|1654,材料2|70|三角波|52|-15,4,q4-ridge-fold-4,True
附件一（训练集）.xlsx|材料2|1440,材料2|50|三角波|56|-15,3,q4-ridge-fold-3,True
附件一（训练集）.xlsx|材料1|2670,材料1|50|梯形波|48|-12,1,q4-ridge-fold-1,True
附件一（训练集）.xlsx|材料2|962,材料2|25|正弦波|55|-14,3,q4-ridge-fold-3,True
附件一（训练集）.xlsx|材料2|2467,材料2|50|梯形波|52|-14,3,q4-ridge-fold-3,True
附件一（训练集）.xlsx|材料1|494,材料1|50|正弦波|53|-13,2,q4-ridge-fold-2,True
附件一（训练集）.xlsx|材料1|1498,材料1|50|三角波|52|-13,4,q4-ridge-fold-4,True
附件一（训练集）.xlsx|材料1|465,材料1|50|正弦波|52|-12,4,q4-ridge-fold-4,True
附件一（训练集）.xlsx|材料2|1984,材料2|90|三角波|48|-11,1,q4-ridge-fold-1,True
附件一（训练集）.xlsx|材料1|522,材料1|50|正弦波|54|-17,0,q4-ridge-fold-0,True
附件一（训练集）.xlsx|材料2|2641,材料2|70|梯形波|54|-16,4,q4-ridge-fold-4,True
附件一（训练集）.xlsx|材料1|634,材料1|70|正弦波|50|-17,4,q4-ridge-fold-4,True
附件一（训练集）.xlsx|材料4|127,材料4|25|正弦波|52|-12,2,q4-ridge-fold-2,True
附件一（训练集）.xlsx|材料2|1004,材料2|70|正弦波|46|-13,2,q4-ridge-fold-2,True
附件一（训练集）.xlsx|材料3|2262,材料3|25|梯形波|55|-13,3,q4-ridge-fold-3,True
附件一（训练集）.xlsx|材料1|45,材料1|25|正弦波|47|-10,3,q4-ridge-fold-3,True
附件一（训练集）.xlsx|材料2|1927,材料2|90|三角波|49|-10,3,q4-ridge-fold-3,True
附件一（训练集）.xlsx|材料3|1851,材料3|90|三角波|55|-20,0,q4-ridge-fold-0,True
附件一（训练集）.xlsx|材料1|1776,材料1|70|三角波|52|-10,4,q4-ridge-fold-4,True
附件一（训练集）.xlsx|材料1|3056,材料1|70|梯形波|52|-17,2,q4-ridge-fold-2,True
附件一（训练集）.xlsx|材料2|1190,材料2|25|三角波|54|-12,4,q4-ridge-fold-4,True
附件一（训练集）.xlsx|材料4|1997,材料4|25|三角波|55|-17,0,q4-ridge-fold-0,True
附件一（训练集）.xlsx|材料3|2226,材料3|25|梯形波|52|-17,1,q4-ridge-fold-1,True
附件一（训练集）.xlsx|材料2|403,材料2|70|正弦波|52|-20,3,q4-ridge-fold-3,True
附件一（训练集）.xlsx|材料1|805,材料1|90|正弦波|46|-9,3,q4-ridge-fold-3,True
附件一（训练集）.xlsx|材料3|491,材料3|90|正弦波|52|-14,1,q4-ridge-fold-1,True
附件一（训练集）.xlsx|材料4|1884,材料4|90|三角波|49|-6,0,q4-ridge-fold-0,True
附件一（训练集）.xlsx|材料4|1139,材料4|25|三角波|49|-17,3,q4-ridge-fold-3,True
附件一（训练集）.xlsx|材料4|624,材料4|70|正弦波|56|-15,2,q4-ridge-fold-2,True
附件一（训练集）.xlsx|材料1|2247,材料1|90|三角波|47|-10,3,q4-ridge-fold-3,True
附件一（训练集）.xlsx|材料4|1286,材料4|50|三角波|54|-17,4,q4-ridge-fold-4,True
附件一（训练集）.xlsx|材料1|2488,材料1|25|梯形波|51|-10,0,q4-ridge-fold-0,True
附件一（训练集）.xlsx|材料1|3013,材料1|70|梯形波|51|-9,0,q4-ridge-fold-0,True
附件一（训练集）.xlsx|材料4|390,材料4|50|正弦波|55|-20,3,q4-ridge-fold-3,True
附件一（训练集）.xlsx|材料1|2609,材料1|50|三角波|55|-10,4,q4-ridge-fold-4,True
附件一（训练集）.xlsx|材料3|2092,材料3|25|梯形波|55|-19,4,q4-ridge-fold-4,True
附件一（训练集）.xlsx|材料1|37,材料1|25|正弦波|47|-13,1,q4-ridge-fold-1,True
附件一（训练集）.xlsx|材料2|2522,材料2|70|三角波|55|-13,3,q4-ridge-fold-3,True
附件一（训练集）.xlsx|材料2|604,材料2|50|正弦波|47|-17,4,q4-ridge-fold-4,True
附件一（训练集）.xlsx|材料3|1899,材料3|90|三角波|50|-6,1,q4-ridge-fold-1,True
附件一（训练集）.xlsx|材料3|1516,材料3|70|三角波|52|-14,2,q4-ridge-fold-2,True
附件一（训练集）.xlsx|材料3|1852,材料3|90|三角波|55|-19,2,q4-ridge-fold-2,True
附件一（训练集）.xlsx|材料1|986,材料1|90|正弦波|52|-14,2,q4-ridge-fold-2,True
附件一（训练集）.xlsx|材料4|2372,材料4|50|梯形波|51|-11,3,q4-ridge-fold-3,True
附件一（训练集）.xlsx|材料2|629,材料2|50|正弦波|50|-18,4,q4-ridge-fold-4,True
附件一（训练集）.xlsx|材料3|36,材料3|25|正弦波|50|-18,1,q4-ridge-fold-1,True
附件一（训练集）.xlsx|材料2|2048,材料2|25|三角波|55|-13,1,q4-ridge-fold-1,True
附件一（训练集）.xlsx|材料3|1521,材料3|70|三角波|52|-17,0,q4-ridge-fold-0,True
附件一（训练集）.xlsx|材料1|1486,材料1|50|三角波|52|-10,3,q4-ridge-fold-3,True
附件一（训练集）.xlsx|材料3|813,材料3|70|正弦波|49|-14,0,q4-ridge-fold-0,True
附件一（训练集）.xlsx|材料4|2075,材料4|25|三角波|55|-18,4,q4-ridge-fold-4,True
附件一（训练集）.xlsx|材料2|1919,材料2|90|三角波|49|-11,1,q4-ridge-fold-1,True
附件一（训练集）.xlsx|材料1|3036,材料1|70|梯形波|52|-17,2,q4-ridge-fold-2,True
附件一（训练集）.xlsx|材料1|1183,材料1|25|三角波|52|-18,3,q4-ridge-fold-3,True
附件一（训练集）.xlsx|材料3|1950,材料3|90|三角波|56|-16,2,q4-ridge-fold-2,True
附件一（训练集）.xlsx|材料3|2641,材料3|70|梯形波|49|-10,3,q4-ridge-fold-3,True
附件一（训练集）.xlsx|材料3|975,材料3|25|正弦波|49|-17,1,q4-ridge-fold-1,True
附件一（训练集）.xlsx|材料3|2843,材料3|70|梯形波|52|-12,0,q4-ridge-fold-0,True
附件一（训练集）.xlsx|材料4|2290,材料4|50|梯形波|48|-7,4,q4-ridge-fold-4,True
附件一（训练集）.xlsx|材料4|1223,材料4|50|三角波|51|-17,4,q4-ridge-fold-4,True
附件一（训练集）.xlsx|材料4|1029,材料4|25|三角波|54|-19,3,q4-ridge-fold-3,True
附件一（训练集）.xlsx|材料4|588,材料4|70|正弦波|54|-19,3,q4-ridge-fold-3,True
附件一（训练集）.xlsx|材料1|124,材料1|25|正弦波|49|-7,1,q4-ridge-fold-1,True
附件一（训练集）.xlsx|材料4|230,材料4|50|正弦波|48|-13,4,q4-ridge-fold-4,True
附件一（训练集）.xlsx|材料2|1240,材料2|25|三角波|52|-9,2,q4-ridge-fold-2,True
附件一（训练集）.xlsx|材料3|1845,材料3|90|三角波|54|-16,2,q4-ridge-fold-2,True
附件一（训练集）.xlsx|材料3|1979,材料3|90|三角波|52|-14,2,q4-ridge-fold-2,True
附件一（训练集）.xlsx|材料1|781,材料1|70|正弦波|54|-16,0,q4-ridge-fold-0,True
附件一（训练集）.xlsx|材料2|301,材料2|90|正弦波|49|-10,4,q4-ridge-fold-4,True
附件一（训练集）.xlsx|材料2|2791,材料2|90|梯形波|49|-11,1,q4-ridge-fold-1,True
附件一（训练集）.xlsx|材料1|2409,材料1|25|梯形波|48|-12,0,q4-ridge-fold-0,True
附件一（训练集）.xlsx|材料1|1872,材料1|70|三角波|55|-20,3,q4-ridge-fold-3,True
附件一（训练集）.xlsx|材料3|740,材料3|90|正弦波|47|-11,0,q4-ridge-fold-0,True
附件一（训练集）.xlsx|材料2|211,材料2|70|正弦波|49|-9,1,q4-ridge-fold-1,True
附件一（训练集）.xlsx|材料2|427,材料2|50|正弦波|52|-18,4,q4-ridge-fold-4,True
附件一（训练集）.xlsx|材料4|1305,材料4|50|三角波|55|-16,0,q4-ridge-fold-0,True
附件一（训练集）.xlsx|材料1|1823,材料1|70|三角波|53|-18,2,q4-ridge-fold-2,True
附件一（训练集）.xlsx|材料1|1678,材料1|50|三角波|49|-14,0,q4-ridge-fold-0,True
附件一（训练集）.xlsx|材料2|2572,材料2|70|梯形波|54|-16,4,q4-ridge-fold-4,True
附件一（训练集）.xlsx|材料3|2900,材料3|90|三角波|52|-15,4,q4-ridge-fold-4,True
附件一（训练集）.xlsx|材料2|1597,材料2|70|三角波|52|-10,2,q4-ridge-fold-2,True
附件一（训练集）.xlsx|材料4|1893,材料4|90|三角波|49|-9,0,q4-ridge-fold-0,True
附件一（训练集）.xlsx|材料1|3308,材料1|90|梯形波|52|-16,3,q4-ridge-fold-3,True
附件一（训练集）.xlsx|材料3|29,材料3|25|正弦波|49|-14,2,q4-ridge-fold-2,True
附件一（训练集）.xlsx|材料2|1666,材料2|70|三角波|54|-11,1,q4-ridge-fold-1,True
附件一（训练集）.xlsx|材料2|1317,材料2|25|三角波|54|-9,2,q4-ridge-fold-2,True
附件一（训练集）.xlsx|材料4|1539,材料4|70|三角波|54|-15,1,q4-ridge-fold-1,True
附件一（训练集）.xlsx|材料1|893,材料1|90|正弦波|49|-14,3,q4-ridge-fold-3,True
附件一（训练集）.xlsx|材料3|1199,材料3|25|三角波|55|-15,4,q4-ridge-fold-4,True
附件一（训练集）.xlsx|材料4|112,材料4|25|正弦波|52|-16,4,q4-ridge-fold-4,True
附件一（训练集）.xlsx|材料1|447,材料1|50|正弦波|52|-12,4,q4-ridge-fold-4,True
附件一（训练集）.xlsx|材料4|571,材料4|70|正弦波|53|-15,4,q4-ridge-fold-4,True
附件一（训练集）.xlsx|材料4|1034,材料4|25|三角波|54|-17,1,q4-ridge-fold-1,True
附件一（训练集）.xlsx|材料4|1727,材料4|90|三角波|51|-12,1,q4-ridge-fold-1,True
附件一（训练集）.xlsx|材料1|885,材料1|90|正弦波|49|-9,1,q4-ridge-fold-1,True
附件一（训练集）.xlsx|材料2|2822,材料2|90|梯形波|54|-16,4,q4-ridge-fold-4,True
附件一（训练集）.xlsx|材料2|2165,材料2|25|梯形波|54|-17,3,q4-ridge-fold-3,True
附件一（训练集）.xlsx|材料3|110,材料3|50|正弦波|49|-11,2,q4-ridge-fold-2,True
附件一（训练集）.xlsx|材料1|1344,材料1|25|三角波|48|-11,0,q4-ridge-fold-0,True
附件一（训练集）.xlsx|材料1|2136,材料1|90|三角波|52|-9,3,q4-ridge-fold-3,True
附件一（训练集）.xlsx|材料2|592,材料2|25|正弦波|55|-13,0,q4-ridge-fold-0,True
附件一（训练集）.xlsx|材料4|147,材料4|25|正弦波|53|-18,2,q4-ridge-fold-2,True
附件一（训练集）.xlsx|材料1|847,材料1|90|正弦波|48|-9,2,q4-ridge-fold-2,True
附件一（训练集）.xlsx|材料1|3108,材料1|70|梯形波|54|-19,1,q4-ridge-fold-1,True
附件一（训练集）.xlsx|材料4|1092,材料4|25|三角波|47|-7,2,q4-ridge-fold-2,True
附件一（训练集）.xlsx|材料1|2645,材料1|50|梯形波|47|-10,2,q4-ridge-fold-2,True
附件一（训练集）.xlsx|材料1|2168,材料1|90|三角波|54|-13,2,q4-ridge-fold-2,True
附件一（训练集）.xlsx|材料4|89,材料4|25|正弦波|50|-15,3,q4-ridge-fold-3,True
附件一（训练集）.xlsx|材料1|504,材料1|50|正弦波|53|-18,1,q4-ridge-fold-1,True
附件一（训练集）.xlsx|材料4|1613,材料4|70|三角波|49|-16,4,q4-ridge-fold-4,True
附件一（训练集）.xlsx|材料4|1109,材料4|25|三角波|49|-16,4,q4-ridge-fold-4,True
附件一（训练集）.xlsx|材料1|3187,材料1|90|梯形波|48|-12,3,q4-ridge-fold-3,True
附件一（训练集）.xlsx|材料2|2473,材料2|50|梯形波|54|-19,0,q4-ridge-fold-0,True
附件一（训练集）.xlsx|材料2|2342,材料2|50|梯形波|55|-20,0,q4-ridge-fold-0,True
附件一（训练集）.xlsx|材料3|1182,材料3|25|三角波|54|-14,4,q4-ridge-fold-4,True
附件一（训练集）.xlsx|材料2|86,材料2|25|正弦波|55|-16,1,q4-ridge-fold-1,True
附件一（训练集）.xlsx|材料2|2738,材料2|70|梯形波|55|-17,2,q4-ridge-fold-2,True
附件一（训练集）.xlsx|材料1|2824,材料1|50|梯形波|53|-11,4,q4-ridge-fold-4,True
附件一（训练集）.xlsx|材料1|2041,材料1|90|三角波|50|-17,0,q4-ridge-fold-0,True
附件一（训练集）.xlsx|材料2|1467,材料2|50|三角波|52|-15,0,q4-ridge-fold-0,True
附件一（训练集）.xlsx|材料4|1224,材料4|50|三角波|51|-17,4,q4-ridge-fold-4,True
附件一（训练集）.xlsx|材料3|1118,材料3|25|三角波|55|-15,4,q4-ridge-fold-4,True
附件一（训练集）.xlsx|材料3|1320,材料3|50|三角波|56|-15,4,q4-ridge-fold-4,True
附件一（训练集）.xlsx|材料2|2390,材料2|50|梯形波|52|-9,1,q4-ridge-fold-1,True
附件一（训练集）.xlsx|材料1|1409,材料1|50|三角波|50|-18,0,q4-ridge-fold-0,True
附件一（训练集）.xlsx|材料4|2736,材料4|90|梯形波|51|-16,2,q4-ridge-fold-2,True
附件一（训练集）.xlsx|材料1|3217,材料1|90|梯形波|49|-8,2,q4-ridge-fold-2,True
附件一（训练集）.xlsx|材料1|1604,材料1|50|三角波|55|-13,4,q4-ridge-fold-4,True
附件一（训练集）.xlsx|材料3|2618,材料3|70|三角波|55|-14,4,q4-ridge-fold-4,True
附件一（训练集）.xlsx|材料4|295,材料4|50|正弦波|50|-14,1,q4-ridge-fold-1,True
附件一（训练集）.xlsx|材料3|107,材料3|50|正弦波|49|-17,1,q4-ridge-fold-1,True
附件一（训练集）.xlsx|材料2|363,材料2|25|正弦波|55|-15,1,q4-ridge-fold-1,True
附件一（训练集）.xlsx|材料1|1028,材料1|90|正弦波|53|-18,3,q4-ridge-fold-3,True
附件一（训练集）.xlsx|材料1|978,材料1|90|正弦波|52|-18,0,q4-ridge-fold-0,True
附件一（训练集）.xlsx|材料2|1339,材料2|50|三角波|52|-17,0,q4-ridge-fold-0,True
附件一（训练集）.xlsx|材料1|1854,材料1|70|三角波|54|-12,1,q4-ridge-fold-1,True
附件一（训练集）.xlsx|材料3|2961,材料3|90|梯形波|52|-18,2,q4-ridge-fold-2,True
附件一（训练集）.xlsx|材料3|3149,材料3|90|梯形波|52|-16,3,q4-ridge-fold-3,True
附件一（训练集）.xlsx|材料3|1743,材料3|70|三角波|56|-16,2,q4-ridge-fold-2,True
附件一（训练集）.xlsx|材料4|666,材料4|90|正弦波|48|-10,4,q4-ridge-fold-4,True
附件一（训练集）.xlsx|材料4|1657,材料4|70|三角波|49|-9,1,q4-ridge-fold-1,True
附件一（训练集）.xlsx|材料3|724,材料3|70|正弦波|55|-15,1,q4-ridge-fold-1,True
附件一（训练集）.xlsx|材料3|974,材料3|25|正弦波|49|-18,3,q4-ridge-fold-3,True
附件一（训练集）.xlsx|材料3|956,材料3|70|正弦波|52|-19,0,q4-ridge-fold-0,True
附件一（训练集）.xlsx|材料2|1770,材料2|70|三角波|49|-11,1,q4-ridge-fold-1,True
附件一（训练集）.xlsx|材料4|1852,材料4|90|三角波|47|-9,4,q4-ridge-fold-4,True
附件一（训练集）.xlsx|材料2|2564,材料2|70|梯形波|52|-19,0,q4-ridge-fold-0,True
附件一（训练集）.xlsx|材料1|645,材料1|70|正弦波|50|-10,4,q4-ridge-fold-4,True
附件一（训练集）.xlsx|材料1|1173,材料1|25|三角波|52|-12,3,q4-ridge-fold-3,True
附件一（训练集）.xlsx|材料3|2350,材料3|50|梯形波|51|-12,2,q4-ridge-fold-2,True
附件一（训练集）.xlsx|材料1|1069,材料1|25|三角波|47|-12,1,q4-ridge-fold-1,True
附件一（训练集）.xlsx|材料4|1593,材料4|70|三角波|47|-10,1,q4-ridge-fold-1,True
附件一（训练集）.xlsx|材料3|42,材料3|25|正弦波|50|-9,2,q4-ridge-fold-2,True
附件一（训练集）.xlsx|材料3|1457,材料3|50|三角波|49|-7,0,q4-ridge-fold-0,True
附件一（训练集）.xlsx|材料2|923,材料2|25|正弦波|50|-10,2,q4-ridge-fold-2,True
附件一（训练集）.xlsx|材料4|807,材料4|90|正弦波|54|-13,2,q4-ridge-fold-2,True
附件一（训练集）.xlsx|材料3|1277,材料3|50|三角波|50|-11,3,q4-ridge-fold-3,True
附件一（训练集）.xlsx|材料1|961,材料1|90|正弦波|52|-16,2,q4-ridge-fold-2,True
附件一（训练集）.xlsx|材料2|246,材料2|70|正弦波|53|-16,0,q4-ridge-fold-0,True
附件一（训练集）.xlsx|材料3|873,材料3|50|正弦波|55|-17,4,q4-ridge-fold-4,True
附件一（训练集）.xlsx|材料2|2314,材料2|50|梯形波|51|-14,2,q4-ridge-fold-2,True
附件一（训练集）.xlsx|材料1|2329,材料1|25|三角波|55|-8,0,q4-ridge-fold-0,True
附件一（训练集）.xlsx|材料3|1560,材料3|70|三角波|49|-12,2,q4-ridge-fold-2,True
附件一（训练集）.xlsx|材料4|805,材料4|90|正弦波|54|-15,1,q4-ridge-fold-1,True
附件一（训练集）.xlsx|材料4|138,材料4|25|正弦波|53|-17,2,q4-ridge-fold-2,True
附件一（训练集）.xlsx|材料3|1789,材料3|90|三角波|55|-19,2,q4-ridge-fold-2,True
附件一（训练集）.xlsx|材料3|1693,材料3|70|三角波|49|-10,1,q4-ridge-fold-1,True
附件一（训练集）.xlsx|材料4|2361,材料4|50|梯形波|51|-19,4,q4-ridge-fold-4,True
附件一（训练集）.xlsx|材料3|111,材料3|50|正弦波|49|-10,3,q4-ridge-fold-3,True
附件一（训练集）.xlsx|材料3|279,材料3|90|正弦波|49|-11,0,q4-ridge-fold-0,True
附件一（训练集）.xlsx|材料3|2376,材料3|50|梯形波|54|-16,4,q4-ridge-fold-4,True
附件一（训练集）.xlsx|材料1|2967,材料1|70|梯形波|49|-9,0,q4-ridge-fold-0,True
附件一（训练集）.xlsx|材料1|1584,材料1|50|三角波|55|-16,1,q4-ridge-fold-1,True
附件一（训练集）.xlsx|材料3|2195,材料3|25|梯形波|48|-9,1,q4-ridge-fold-1,True
附件一（训练集）.xlsx|材料2|735,材料2|70|正弦波|52|-20,3,q4-ridge-fold-3,True
附件一（训练集）.xlsx|材料2|551,材料2|25|正弦波|50|-8,4,q4-ridge-fold-4,True
附件一（训练集）.xlsx|材料3|1226,材料3|25|三角波|49|-8,0,q4-ridge-fold-0,True
附件一（训练集）.xlsx|材料2|2092,材料2|25|梯形波|52|-15,1,q4-ridge-fold-1,True
附件一（训练集）.xlsx|材料3|2774,材料3|70|梯形波|55|-19,1,q4-ridge-fold-1,True
附件一（训练集）.xlsx|材料3|770,材料3|90|正弦波|52|-20,1,q4-ridge-fold-1,True
附件一（训练集）.xlsx|材料4|309,材料4|50|正弦波|51|-12,0,q4-ridge-fold-0,True
附件一（训练集）.xlsx|材料4|1550,材料4|70|三角波|54|-14,3,q4-ridge-fold-3,True
附件一（训练集）.xlsx|材料2|1532,材料2|50|三角波|50|-7,1,q4-ridge-fold-1,True
附件一（训练集）.xlsx|材料2|611,材料2|50|正弦波|49|-17,1,q4-ridge-fold-1,True
附件一（训练集）.xlsx|材料4|1310,材料4|50|三角波|55|-20,0,q4-ridge-fold-0,True
附件一（训练集）.xlsx|材料2|2612,材料2|70|梯形波|49|-6,1,q4-ridge-fold-1,True
附件一（训练集）.xlsx|材料3|1589,材料3|70|三角波|52|-14,2,q4-ridge-fold-2,True
附件一（训练集）.xlsx|材料1|38,材料1|25|正弦波|47|-13,1,q4-ridge-fold-1,True
附件一（训练集）.xlsx|材料1|2326,材料1|25|三角波|55|-10,2,q4-ridge-fold-2,True
附件一（训练集）.xlsx|材料2|2065,材料2|25|梯形波|48|-15,2,q4-ridge-fold-2,True
附件一（训练集）.xlsx|材料4|637,材料4|90|正弦波|46|-9,3,q4-ridge-fold-3,True
附件一（训练集）.xlsx|材料2|1321,材料2|25|三角波|55|-14,2,q4-ridge-fold-2,True
附件一（训练集）.xlsx|材料1|562,材料1|70|正弦波|47|-16,0,q4-ridge-fold-0,True
附件一（训练集）.xlsx|材料1|2923,材料1|70|梯形波|48|-10,2,q4-ridge-fold-2,True
附件一（训练集）.xlsx|材料4|966,材料4|25|三角波|52|-15,0,q4-ridge-fold-0,True
附件一（训练集）.xlsx|材料1|2972,材料1|70|梯形波|49|-6,3,q4-ridge-fold-3,True
附件一（训练集）.xlsx|材料1|2316,材料1|90|三角波|50|-14,3,q4-ridge-fold-3,True
附件一（训练集）.xlsx|材料1|2733,材料1|50|梯形波|51|-7,3,q4-ridge-fold-3,True
附件一（训练集）.xlsx|材料1|1713,材料1|70|三角波|48|-12,0,q4-ridge-fold-0,True
附件一（训练集）.xlsx|材料4|1703,材料4|90|三角波|50|-18,0,q4-ridge-fold-0,True
附件一（训练集）.xlsx|材料3|2265,材料3|25|梯形波|55|-10,1,q4-ridge-fold-1,True
附件一（训练集）.xlsx|材料3|954,材料3|50|正弦波|49|-18,4,q4-ridge-fold-4,True
附件一（训练集）.xlsx|材料4|1863,材料4|90|三角波|48|-11,0,q4-ridge-fold-0,True
附件一（训练集）.xlsx|材料3|2179,材料3|25|梯形波|56|-16,0,q4-ridge-fold-0,True
附件一（训练集）.xlsx|材料2|1291,材料2|25|三角波|50|-13,3,q4-ridge-fold-3,True
附件一（训练集）.xlsx|材料3|2941,材料3|90|梯形波|48|-6,3,q4-ridge-fold-3,True
附件一（训练集）.xlsx|材料4|203,材料4|50|正弦波|47|-17,4,q4-ridge-fold-4,True
附件一（训练集）.xlsx|材料1|2293,材料1|90|三角波|49|-8,3,q4-ridge-fold-3,True
附件一（训练集）.xlsx|材料3|1192,材料3|25|三角波|55|-11,4,q4-ridge-fold-4,True
附件一（训练集）.xlsx|材料3|2653,材料3|70|梯形波|51|-7,4,q4-ridge-fold-4,True
附件一（训练集）.xlsx|材料2|273,材料2|90|正弦波|46|-15,4,q4-ridge-fold-4,True
附件一（训练集）.xlsx|材料2|1169,材料2|25|三角波|50|-10,3,q4-ridge-fold-3,True
附件一（训练集）.xlsx|材料2|607,材料2|50|正弦波|47|-10,4,q4-ridge-fold-4,True
附件一（训练集）.xlsx|材料2|1511,材料2|50|三角波|48|-9,0,q4-ridge-fold-0,True
附件一（训练集）.xlsx|材料3|626,材料3|50|正弦波|52|-12,1,q4-ridge-fold-1,True
附件一（训练集）.xlsx|材料2|226,材料2|70|正弦波|52|-16,3,q4-ridge-fold-3,True
附件一（训练集）.xlsx|材料3|1416,材料3|50|三角波|52|-7,1,q4-ridge-fold-1,True
附件一（训练集）.xlsx|材料2|8,材料2|25|正弦波|46|-9,2,q4-ridge-fold-2,True
附件一（训练集）.xlsx|材料1|1355,材料1|25|三角波|49|-13,4,q4-ridge-fold-4,True
附件一（训练集）.xlsx|材料1|185,材料1|25|正弦波|52|-11,4,q4-ridge-fold-4,True
附件一（训练集）.xlsx|材料4|2294,材料4|50|梯形波|48|-13,0,q4-ridge-fold-0,True
附件一（训练集）.xlsx|材料4|2700,材料4|90|梯形波|49|-10,4,q4-ridge-fold-4,True
附件一（训练集）.xlsx|材料3|467,材料3|90|正弦波|52|-19,4,q4-ridge-fold-4,True
附件一（训练集）.xlsx|材料1|1166,材料1|25|三角波|52|-15,4,q4-ridge-fold-4,True
附件一（训练集）.xlsx|材料2|2061,材料2|25|梯形波|46|-11,1,q4-ridge-fold-1,True
附件一（训练集）.xlsx|材料3|3061,材料3|90|梯形波|52|-16,3,q4-ridge-fold-3,True
附件一（训练集）.xlsx|材料1|1912,材料1|70|三角波|55|-13,3,q4-ridge-fold-3,True
附件一（训练集）.xlsx|材料2|898,材料2|90|正弦波|50|-12,1,q4-ridge-fold-1,True
附件一（训练集）.xlsx|材料4|1957,材料4|25|三角波|52|-17,0,q4-ridge-fold-0,True
附件一（训练集）.xlsx|材料1|1174,材料1|25|三角波|52|-11,2,q4-ridge-fold-2,True
附件一（训练集）.xlsx|材料2|1351,材料2|50|三角波|52|-10,4,q4-ridge-fold-4,True
附件一（训练集）.xlsx|材料3|2971,材料3|90|梯形波|52|-7,1,q4-ridge-fold-1,True
附件一（训练集）.xlsx|材料2|153,材料2|50|正弦波|52|-10,2,q4-ridge-fold-2,True
附件一（训练集）.xlsx|材料1|1841,材料1|70|三角波|54|-20,3,q4-ridge-fold-3,True
附件一（训练集）.xlsx|材料2|1604,材料2|70|三角波|54|-11,1,q4-ridge-fold-1,True
附件一（训练集）.xlsx|材料1|780,材料1|70|正弦波|54|-17,4,q4-ridge-fold-4,True
附件一（训练集）.xlsx|材料1|979,材料1|90|正弦波|52|-18,0,q4-ridge-fold-0,True
附件一（训练集）.xlsx|材料1|1918,材料1|70|三角波|56|-19,3,q4-ridge-fold-3,True
附件一（训练集）.xlsx|材料3|2544,材料3|50|梯形波|52|-11,4,q4-ridge-fold-4,True
附件一（训练集）.xlsx|材料1|587,材料1|70|正弦波|48|-11,1,q4-ridge-fold-1,True
附件一（训练集）.xlsx|材料1|102,材料1|25|正弦波|49|-9,1,q4-ridge-fold-1,True
附件一（训练集）.xlsx|材料1|3351,材料1|90|梯形波|53|-11,3,q4-ridge-fold-3,True
附件一（训练集）.xlsx|材料2|1295,材料2|25|三角波|50|-8,3,q4-ridge-fold-3,True
附件一（训练集）.xlsx|材料4|2429,材料4|70|三角波|52|-18,4,q4-ridge-fold-4,True
附件一（训练集）.xlsx|材料4|1967,材料4|25|三角波|52|-7,3,q4-ridge-fold-3,True
附件一（训练集）.xlsx|材料3|145,材料3|50|正弦波|52|-11,1,q4-ridge-fold-1,True
附件一（训练集）.xlsx|材料4|1652,材料4|70|三角波|49|-13,0,q4-ridge-fold-0,True
附件一（训练集）.xlsx|材料4|1579,材料4|70|三角波|56|-20,4,q4-ridge-fold-4,True
附件一（训练集）.xlsx|材料3|444,材料3|50|正弦波|50|-16,1,q4-ridge-fold-1,True
附件一（训练集）.xlsx|材料2|856,材料2|90|正弦波|46|-15,4,q4-ridge-fold-4,True
附件一（训练集）.xlsx|材料4|450,材料4|70|正弦波|48|-14,4,q4-ridge-fold-4,True
附件一（训练集）.xlsx|材料4|1776,材料4|90|三角波|53|-18,3,q4-ridge-fold-3,True
附件一（训练集）.xlsx|材料1|2229,材料1|90|三角波|56|-20,3,q4-ridge-fold-3,True
附件一（训练集）.xlsx|材料4|292,材料4|50|正弦波|50|-17,2,q4-ridge-fold-2,True
附件一（训练集）.xlsx|材料3|3151,材料3|90|梯形波|52|-14,0,q4-ridge-fold-0,True
附件一（训练集）.xlsx|材料3|1442,材料3|50|三角波|56|-18,0,q4-ridge-fold-0,True
附件一（训练集）.xlsx|材料2|105,材料2|50|正弦波|47|-10,4,q4-ridge-fold-4,True
附件一（训练集）.xlsx|材料2|2500,材料2|50|梯形波|56|-13,4,q4-ridge-fold-4,True
附件一（训练集）.xlsx|材料1|1749,材料1|70|三角波|51|-13,3,q4-ridge-fold-3,True
附件一（训练集）.xlsx|材料1|1102,材料1|25|三角波|50|-17,3,q4-ridge-fold-3,True
附件一（训练集）.xlsx|材料3|1755,材料3|90|三角波|52|-19,4,q4-ridge-fold-4,True
附件一（训练集）.xlsx|材料3|44,材料3|25|正弦波|52|-19,4,q4-ridge-fold-4,True
附件一（训练集）.xlsx|材料3|706,材料3|70|正弦波|52|-12,0,q4-ridge-fold-0,True
附件一（训练集）.xlsx|材料2|1819,材料2|90|三角波|52|-9,4,q4-ridge-fold-4,True
附件一（训练集）.xlsx|材料4|67,材料4|25|正弦波|49|-14,3,q4-ridge-fold-3,True
附件一（训练集）.xlsx|材料2|1852,材料2|90|三角波|49|-14,1,q4-ridge-fold-1,True
附件一（训练集）.xlsx|材料2|824,材料2|90|正弦波|52|-14,1,q4-ridge-fold-1,True
附件一（训练集）.xlsx|材料2|265,材料2|70|正弦波|55|-15,1,q4-ridge-fold-1,True
附件一（训练集）.xlsx|材料3|65,材料3|25|正弦波|53|-15,2,q4-ridge-fold-2,True
附件一（训练集）.xlsx|材料3|152,材料3|50|正弦波|53|-14,0,q4-ridge-fold-0,True
附件一（训练集）.xlsx|材料2|1305,材料2|25|三角波|52|-16,1,q4-ridge-fold-1,True
附件一（训练集）.xlsx|材料4|1770,材料4|90|三角波|52|-12,2,q4-ridge-fold-2,True
附件一（训练集）.xlsx|材料3|1791,材料3|90|三角波|55|-15,3,q4-ridge-fold-3,True
附件一（训练集）.xlsx|材料1|783,材料1|70|正弦波|54|-15,4,q4-ridge-fold-4,True
附件一（训练集）.xlsx|材料2|1424,材料2|50|三角波|55|-17,3,q4-ridge-fold-3,True
附件一（训练集）.xlsx|材料1|2280,材料1|90|三角波|49|-15,3,q4-ridge-fold-3,True
附件一（训练集）.xlsx|材料1|2591,材料1|25|梯形波|54|-15,1,q4-ridge-fold-1,True
附件一（训练集）.xlsx|材料4|217,材料4|50|正弦波|47|-14,0,q4-ridge-fold-0,True
附件一（训练集）.xlsx|材料1|2296,材料1|90|三角波|49|-15,3,q4-ridge-fold-3,True
附件一（训练集）.xlsx|材料4|361,材料4|50|正弦波|53|-15,1,q4-ridge-fold-1,True
附件一（训练集）.xlsx|材料3|2679,材料3|70|梯形波|54|-9,2,q4-ridge-fold-2,True
附件一（训练集）.xlsx|材料1|2089,材料1|90|三角波|52|-14,1,q4-ridge-fold-1,True
附件一（训练集）.xlsx|材料3|1015,材料3|25|三角波|50|-19,0,q4-ridge-fold-0,True
附件一（训练集）.xlsx|材料1|3354,材料1|90|梯形波|53|-9,2,q4-ridge-fold-2,True
附件一（训练集）.xlsx|材料4|779,材料4|90|正弦波|52|-14,4,q4-ridge-fold-4,True
附件一（训练集）.xlsx|材料4|946,材料4|25|三角波|51|-18,0,q4-ridge-fold-0,True
附件一（训练集）.xlsx|材料3|2901,材料3|90|三角波|52|-13,0,q4-ridge-fold-0,True
附件一（训练集）.xlsx|材料2|300,材料2|90|正弦波|49|-11,1,q4-ridge-fold-1,True
附件一（训练集）.xlsx|材料4|1725,材料4|90|三角波|51|-13,1,q4-ridge-fold-1,True
附件一（训练集）.xlsx|材料1|3377,材料1|90|梯形波|54|-16,1,q4-ridge-fold-1,True
附件一（训练集）.xlsx|材料2|2258,材料2|25|梯形波|55|-16,1,q4-ridge-fold-1,True
附件一（训练集）.xlsx|材料1|696,材料1|70|正弦波|52|-10,0,q4-ridge-fold-0,True
附件一（训练集）.xlsx|材料1|2943,材料1|70|梯形波|49|-14,4,q4-ridge-fold-4,True
附件一（训练集）.xlsx|材料4|2131,材料4|25|梯形波|48|-7,3,q4-ridge-fold-3,True
附件一（训练集）.xlsx|材料1|1066,材料1|90|正弦波|55|-13,0,q4-ridge-fold-0,True
附件一（训练集）.xlsx|材料3|644,材料3|50|正弦波|55|-16,0,q4-ridge-fold-0,True
附件一（训练集）.xlsx|材料1|811,材料1|90|正弦波|47|-15,3,q4-ridge-fold-3,True
附件一（训练集）.xlsx|材料1|306,材料1|50|正弦波|47|-13,2,q4-ridge-fold-2,True
附件一（训练集）.xlsx|材料1|2228,材料1|90|三角波|55|-12,4,q4-ridge-fold-4,True
附件一（训练集）.xlsx|材料3|665,材料3|70|正弦波|47|-10,4,q4-ridge-fold-4,True
附件一（训练集）.xlsx|材料1|2917,材料1|70|梯形波|47|-6,0,q4-ridge-fold-0,True
附件一（训练集）.xlsx|材料3|1766,材料3|90|三角波|52|-15,4,q4-ridge-fold-4,True
附件一（训练集）.xlsx|材料3|1332,材料3|50|三角波|50|-17,4,q4-ridge-fold-4,True
附件一（训练集）.xlsx|材料1|3355,材料1|90|梯形波|53|-8,0,q4-ridge-fold-0,True
附件一（训练集）.xlsx|材料1|2451,材料1|25|梯形波|50|-11,0,q4-ridge-fold-0,True
附件一（训练集）.xlsx|材料1|403,材料1|50|正弦波|50|-18,1,q4-ridge-fold-1,True
附件一（训练集）.xlsx|材料1|3307,材料1|90|梯形波|52|-17,1,q4-ridge-fold-1,True
附件一（训练集）.xlsx|材料4|2679,材料4|90|梯形波|48|-14,2,q4-ridge-fold-2,True
附件一（训练集）.xlsx|材料2|606,材料2|50|正弦波|47|-11,1,q4-ridge-fold-1,True
附件一（训练集）.xlsx|材料2|1519,材料2|50|三角波|49|-7,4,q4-ridge-fold-4,True
附件一（训练集）.xlsx|材料4|2786,材料4|90|梯形波|52|-12,3,q4-ridge-fold-3,True
附件一（训练集）.xlsx|材料3|1003,材料3|25|正弦波|52|-17,0,q4-ridge-fold-0,True
附件一（训练集）.xlsx|材料3|1360,材料3|50|三角波|55|-21,0,q4-ridge-fold-0,True
附件一（训练集）.xlsx|材料4|2772,材料4|90|梯形波|52|-14,0,q4-ridge-fold-0,True
附件一（训练集）.xlsx|材料1|532,材料1|70|正弦波|46|-14,4,q4-ridge-fold-4,True
附件一（训练集）.xlsx|材料3|1200,材料3|25|三角波|55|-14,1,q4-ridge-fold-1,True
附件一（训练集）.xlsx|材料4|2752,材料4|90|梯形波|51|-14,3,q4-ridge-fold-3,True
附件一（训练集）.xlsx|材料2|2054,材料2|25|三角波|55|-13,1,q4-ridge-fold-1,True
附件一（训练集）.xlsx|材料3|1418,材料3|50|三角波|54|-18,2,q4-ridge-fold-2,True
附件一（训练集）.xlsx|材料2|1358,材料2|50|三角波|54|-13,0,q4-ridge-fold-0,True
附件一（训练集）.xlsx|材料1|575,材料1|70|正弦波|47|-8,1,q4-ridge-fold-1,True
附件一（训练集）.xlsx|材料1|66,材料1|25|正弦波|48|-7,3,q4-ridge-fold-3,True
附件一（训练集）.xlsx|材料1|317,材料1|50|正弦波|48|-17,4,q4-ridge-fold-4,True
附件一（训练集）.xlsx|材料3|2345,材料3|50|梯形波|49|-8,4,q4-ridge-fold-4,True
附件一（训练集）.xlsx|材料2|2446,材料2|50|梯形波|49|-6,3,q4-ridge-fold-3,True
附件一（训练集）.xlsx|材料1|809,材料1|90|正弦波|46|-6,1,q4-ridge-fold-1,True
附件一（训练集）.xlsx|材料1|1164,材料1|25|三角波|52|-16,2,q4-ridge-fold-2,True
附件一（训练集）.xlsx|材料2|2043,材料2|90|三角波|56|-15,0,q4-ridge-fold-0,True
附件一（训练集）.xlsx|材料2|2819,材料2|90|梯形波|54|-21,0,q4-ridge-fold-0,True
附件一（训练集）.xlsx|材料3|1861,材料3|90|三角波|55|-19,2,q4-ridge-fold-2,True
附件一（训练集）.xlsx|材料4|1765,材料4|90|三角波|52|-14,4,q4-ridge-fold-4,True
附件一（训练集）.xlsx|材料1|1001,材料1|90|正弦波|52|-15,4,q4-ridge-fold-4,True
附件一（训练集）.xlsx|材料1|903,材料1|90|正弦波|49|-7,0,q4-ridge-fold-0,True
附件一（训练集）.xlsx|材料2|2900,材料2|90|梯形波|55|-10,3,q4-ridge-fold-3,True
附件一（训练集）.xlsx|材料3|2517,材料3|50|梯形波|49|-13,3,q4-ridge-fold-3,True
附件一（训练集）.xlsx|材料2|2128,材料2|25|梯形波|46|-7,3,q4-ridge-fold-3,True
附件一（训练集）.xlsx|材料2|712,材料2|70|正弦波|49|-15,2,q4-ridge-fold-2,True
附件一（训练集）.xlsx|材料1|1969,材料1|70|三角波|49|-6,1,q4-ridge-fold-1,True
附件一（训练集）.xlsx|材料3|2133,材料3|25|梯形波|52|-17,1,q4-ridge-fold-1,True
附件一（训练集）.xlsx|材料4|2436,材料4|70|三角波|55|-18,1,q4-ridge-fold-1,True
附件一（训练集）.xlsx|材料3|688,材料3|70|正弦波|50|-15,4,q4-ridge-fold-4,True
附件一（训练集）.xlsx|材料2|1983,材料2|90|三角波|56|-11,4,q4-ridge-fold-4,True
附件一（训练集）.xlsx|材料4|876,材料4|25|正弦波|52|-11,1,q4-ridge-fold-1,True
附件一（训练集）.xlsx|材料3|1774,材料3|90|三角波|54|-17,3,q4-ridge-fold-3,True
附件一（训练集）.xlsx|材料4|697,材料4|90|正弦波|49|-13,1,q4-ridge-fold-1,True
附件一（训练集）.xlsx|材料3|1181,材料3|25|三角波|54|-16,3,q4-ridge-fold-3,True
附件一（训练集）.xlsx|材料2|1421,材料2|50|三角波|54|-9,0,q4-ridge-fold-0,True
附件一（训练集）.xlsx|材料4|31,材料4|25|正弦波|48|-15,2,q4-ridge-fold-2,True
附件一（训练集）.xlsx|材料4|188,材料4|25|正弦波|56|-18,4,q4-ridge-fold-4,True
附件一（训练集）.xlsx|材料4|629,材料4|90|正弦波|46|-16,3,q4-ridge-fold-3,True
附件一（训练集）.xlsx|材料2|1705,材料2|70|三角波|49|-12,2,q4-ridge-fold-2,True
附件一（训练集）.xlsx|材料1|1681,材料1|50|三角波|49|-12,3,q4-ridge-fold-3,True
附件一（训练集）.xlsx|材料2|42,材料2|25|正弦波|50|-9,0,q4-ridge-fold-0,True
附件一（训练集）.xlsx|材料1|1139,材料1|25|三角波|51|-8,1,q4-ridge-fold-1,True
附件一（训练集）.xlsx|材料1|1745,材料1|70|三角波|51|-16,0,q4-ridge-fold-0,True
附件一（训练集）.xlsx|材料2|2745,材料2|70|梯形波|56|-18,0,q4-ridge-fold-0,True
附件一（训练集）.xlsx|材料4|1141,材料4|25|三角波|49|-16,4,q4-ridge-fold-4,True
附件一（训练集）.xlsx|材料1|2521,材料1|25|梯形波|52|-11,0,q4-ridge-fold-0,True
附件一（训练集）.xlsx|材料2|410,材料2|90|正弦波|46|-8,3,q4-ridge-fold-3,True
附件一（训练集）.xlsx|材料3|817,材料3|25|正弦波|52|-13,1,q4-ridge-fold-1,True
附件一（训练集）.xlsx|材料4|612,材料4|70|正弦波|55|-20,1,q4-ridge-fold-1,True
附件一（训练集）.xlsx|材料3|761,材料3|90|正弦波|50|-11,2,q4-ridge-fold-2,True
附件一（训练集）.xlsx|材料2|2958,材料2|90|梯形波|52|-16,1,q4-ridge-fold-1,True
附件一（训练集）.xlsx|材料3|2166,材料3|25|梯形波|55|-20,2,q4-ridge-fold-2,True
附件一（训练集）.xlsx|材料2|133,材料2|50|正弦波|50|-14,4,q4-ridge-fold-4,True
附件一（训练集）.xlsx|材料4|2464,材料4|70|梯形波|46|-9,4,q4-ridge-fold-4,True
附件一（训练集）.xlsx|材料1|1520,材料1|50|三角波|53|-12,1,q4-ridge-fold-1,True
附件一（训练集）.xlsx|材料2|407,材料2|50|正弦波|47|-15,1,q4-ridge-fold-1,True
附件一（训练集）.xlsx|材料3|2279,材料3|25|梯形波|56|-18,4,q4-ridge-fold-4,True
附件一（训练集）.xlsx|材料2|1961,材料2|90|三角波|55|-20,3,q4-ridge-fold-3,True
附件一（训练集）.xlsx|材料4|699,材料4|90|正弦波|49|-11,3,q4-ridge-fold-3,True
附件一（训练集）.xlsx|材料4|508,材料4|70|正弦波|50|-14,4,q4-ridge-fold-4,True
附件一（训练集）.xlsx|材料4|2403,材料4|70|三角波|55|-16,1,q4-ridge-fold-1,True
附件一（训练集）.xlsx|材料2|2698,材料2|70|梯形波|51|-14,3,q4-ridge-fold-3,True
附件一（训练集）.xlsx|材料2|1751,材料2|70|三角波|55|-12,0,q4-ridge-fold-0,True
附件一（训练集）.xlsx|材料1|2381,材料1|25|梯形波|46|-8,3,q4-ridge-fold-3,True
附件一（训练集）.xlsx|材料2|1764,材料2|70|三角波|49|-11,1,q4-ridge-fold-1,True
附件一（训练集）.xlsx|材料1|3267,材料1|90|梯形波|51|-16,0,q4-ridge-fold-0,True
附件一（训练集）.xlsx|材料1|2572,材料1|25|梯形波|54|-14,4,q4-ridge-fold-4,True
附件一（训练集）.xlsx|材料3|2724,材料3|70|梯形波|49|-7,0,q4-ridge-fold-0,True
附件一（训练集）.xlsx|材料3|1891,材料3|90|三角波|49|-8,2,q4-ridge-fold-2,True
附件一（训练集）.xlsx|材料3|1027,材料3|25|三角波|52|-14,0,q4-ridge-fold-0,True
附件一（训练集）.xlsx|材料4|1342,材料4|50|三角波|48|-15,2,q4-ridge-fold-2,True
附件一（训练集）.xlsx|材料4|2554,材料4|70|梯形波|51|-19,0,q4-ridge-fold-0,True
附件一（训练集）.xlsx|材料4|782,材料4|90|正弦波|53|-20,4,q4-ridge-fold-4,True
附件一（训练集）.xlsx|材料4|1237,材料4|50|三角波|52|-16,0,q4-ridge-fold-0,True
附件一（训练集）.xlsx|材料4|1332,材料4|50|三角波|47|-13,2,q4-ridge-fold-2,True
附件一（训练集）.xlsx|材料1|1698,材料1|50|三角波|50|-13,2,q4-ridge-fold-2,True
附件一（训练集）.xlsx|材料2|2080,材料2|25|梯形波|51|-18,4,q4-ridge-fold-4,True
附件一（训练集）.xlsx|材料4|2761,材料4|90|梯形波|51|-9,0,q4-ridge-fold-0,True
附件一（训练集）.xlsx|材料1|1035,材料1|90|正弦波|53|-13,2,q4-ridge-fold-2,True
附件一（训练集）.xlsx|材料3|594,材料3|50|正弦波|49|-18,4,q4-ridge-fold-4,True
附件一（训练集）.xlsx|材料2|2250,材料2|25|梯形波|55|-18,0,q4-ridge-fold-0,True
附件一（训练集）.xlsx|材料3|1719,材料3|70|三角波|52|-13,2,q4-ridge-fold-2,True
附件一（训练集）.xlsx|材料1|1583,材料1|50|三角波|55|-17,2,q4-ridge-fold-2,True
附件一（训练集）.xlsx|材料1|3085,材料1|70|梯形波|53|-8,2,q4-ridge-fold-2,True
附件一（训练集）.xlsx|材料3|2549,材料3|50|梯形波|54|-18,2,q4-ridge-fold-2,True
附件一（训练集）.xlsx|材料2|2380,材料2|50|梯形波|51|-12,1,q4-ridge-fold-1,True
附件一（训练集）.xlsx|材料4|951,材料4|25|三角波|51|-14,0,q4-ridge-fold-0,True
附件一（训练集）.xlsx|材料2|1142,材料2|25|三角波|55|-13,1,q4-ridge-fold-1,True
附件一（训练集）.xlsx|材料3|553,材料3|25|正弦波|55|-16,2,q4-ridge-fold-2,True
附件一（训练集）.xlsx|材料4|1827,材料4|90|三角波|55|-18,3,q4-ridge-fold-3,True
附件一（训练集）.xlsx|材料3|2703,材料3|70|梯形波|48|-13,3,q4-ridge-fold-3,True
附件一（训练集）.xlsx|材料4|2185,材料4|50|三角波|55|-10,3,q4-ridge-fold-3,True
附件一（训练集）.xlsx|材料3|3006,材料3|90|梯形波|55|-17,1,q4-ridge-fold-1,True
附件一（训练集）.xlsx|材料4|1452,材料4|70|三角波|50|-17,1,q4-ridge-fold-1,True
附件一（训练集）.xlsx|材料3|1749,材料3|90|三角波|50|-18,0,q4-ridge-fold-0,True
附件一（训练集）.xlsx|材料1|3384,材料1|90|梯形波|54|-13,2,q4-ridge-fold-2,True
附件一（训练集）.xlsx|材料1|267,材料1|25|正弦波|54|-15,0,q4-ridge-fold-0,True
附件一（训练集）.xlsx|材料4|2499,材料4|70|梯形波|48|-10,2,q4-ridge-fold-2,True
附件一（训练集）.xlsx|材料3|571,材料3|50|正弦波|46|-16,4,q4-ridge-fold-4,True
附件一（训练集）.xlsx|材料4|108,材料4|25|正弦波|52|-20,1,q4-ridge-fold-1,True
附件一（训练集）.xlsx|材料2|982,材料2|70|正弦波|49|-13,0,q4-ridge-fold-0,True
附件一（训练集）.xlsx|材料3|983,材料3|25|正弦波|49|-18,3,q4-ridge-fold-3,True
附件一（训练集）.xlsx|材料4|2331,材料4|50|梯形波|49|-9,3,q4-ridge-fold-3,True
附件一（训练集）.xlsx|材料3|1651,材料3|70|三角波|52|-8,0,q4-ridge-fold-0,True
附件一（训练集）.xlsx|材料1|112,材料1|25|正弦波|49|-16,4,q4-ridge-fold-4,True
附件一（训练集）.xlsx|材料1|2319,材料1|25|三角波|55|-17,1,q4-ridge-fold-1,True
附件一（训练集）.xlsx|材料2|2231,材料2|25|梯形波|52|-11,2,q4-ridge-fold-2,True
附件一（训练集）.xlsx|材料3|2837,材料3|70|梯形波|52|-6,3,q4-ridge-fold-3,True
附件一（训练集）.xlsx|材料3|299,材料3|90|正弦波|52|-15,4,q4-ridge-fold-4,True
附件一（训练集）.xlsx|材料4|2033,材料4|25|三角波|49|-13,4,q4-ridge-fold-4,True
附件一（训练集）.xlsx|材料4|1412,材料4|70|三角波|47|-15,0,q4-ridge-fold-0,True
附件一（训练集）.xlsx|材料1|1491,材料1|50|三角波|52|-18,1,q4-ridge-fold-1,True
附件一（训练集）.xlsx|材料1|3195,材料1|90|梯形波|48|-6,0,q4-ridge-fold-0,True
附件一（训练集）.xlsx|材料2|2148,材料2|25|梯形波|51|-9,4,q4-ridge-fold-4,True
附件一（训练集）.xlsx|材料1|2557,材料1|25|梯形波|53|-10,1,q4-ridge-fold-1,True
附件一（训练集）.xlsx|材料4|140,材料4|25|正弦波|53|-15,2,q4-ridge-fold-2,True
附件一（训练集）.xlsx|材料2|2812,材料2|90|梯形波|52|-17,0,q4-ridge-fold-0,True
附件一（训练集）.xlsx|材料3|2095,材料3|25|梯形波|55|-16,0,q4-ridge-fold-0,True
附件一（训练集）.xlsx|材料3|1987,材料3|90|三角波|54|-13,2,q4-ridge-fold-2,True
附件一（训练集）.xlsx|材料1|91,材料1|25|正弦波|49|-15,2,q4-ridge-fold-2,True
附件一（训练集）.xlsx|材料2|2686,材料2|70|梯形波|49|-10,1,q4-ridge-fold-1,True
附件一（训练集）.xlsx|材料3|2786,材料3|70|梯形波|56|-17,2,q4-ridge-fold-2,True
附件一（训练集）.xlsx|材料4|58,材料4|25|正弦波|49|-11,2,q4-ridge-fold-2,True
附件一（训练集）.xlsx|材料1|1378,材料1|25|三角波|49|-9,3,q4-ridge-fold-3,True
附件一（训练集）.xlsx|材料4|660,材料4|90|正弦波|48|-14,3,q4-ridge-fold-3,True
附件一（训练集）.xlsx|材料4|1693,材料4|90|三角波|48|-13,2,q4-ridge-fold-2,True
附件一（训练集）.xlsx|材料4|1005,材料4|25|三角波|53|-17,2,q4-ridge-fold-2,True
附件一（训练集）.xlsx|材料2|1343,材料2|50|三角波|52|-12,4,q4-ridge-fold-4,True
附件一（训练集）.xlsx|材料4|1443,材料4|70|三角波|50|-15,1,q4-ridge-fold-1,True
附件一（训练集）.xlsx|材料4|2401,材料4|70|三角波|55|-17,4,q4-ridge-fold-4,True
附件一（训练集）.xlsx|材料2|2809,材料2|90|梯形波|52|-9,3,q4-ridge-fold-3,True
附件一（训练集）.xlsx|材料3|28,材料3|25|正弦波|49|-14,2,q4-ridge-fold-2,True
附件一（训练集）.xlsx|材料4|936,材料4|25|三角波|50|-13,3,q4-ridge-fold-3,True
附件一（训练集）.xlsx|材料2|1272,材料2|25|三角波|48|-10,1,q4-ridge-fold-1,True
附件一（训练集）.xlsx|材料3|2207,材料3|25|梯形波|49|-15,1,q4-ridge-fold-1,True
附件一（训练集）.xlsx|材料2|2645,材料2|70|梯形波|54|-12,3,q4-ridge-fold-3,True
附件一（训练集）.xlsx|材料1|3387,材料1|90|梯形波|54|-10,2,q4-ridge-fold-2,True
附件一（训练集）.xlsx|材料4|2087,材料4|25|三角波|55|-20,0,q4-ridge-fold-0,True
附件一（训练集）.xlsx|材料2|17,材料2|25|正弦波|49|-18,3,q4-ridge-fold-3,True
附件一（训练集）.xlsx|材料3|836,材料3|70|正弦波|52|-18,2,q4-ridge-fold-2,True
附件一（训练集）.xlsx|材料2|1187,材料2|25|三角波|54|-19,1,q4-ridge-fold-1,True
附件一（训练集）.xlsx|材料2|2181,材料2|25|梯形波|55|-9,3,q4-ridge-fold-3,True
附件一（训练集）.xlsx|材料3|2759,材料3|70|梯形波|54|-11,4,q4-ridge-fold-4,True
附件一（训练集）.xlsx|材料2|1940,材料2|90|三角波|52|-12,2,q4-ridge-fold-2,True
附件一（训练集）.xlsx|材料4|1096,材料4|25|三角波|48|-14,1,q4-ridge-fold-1,True
附件一（训练集）.xlsx|材料4|2698,材料4|90|梯形波|49|-12,4,q4-ridge-fold-4,True
附件一（训练集）.xlsx|材料2|495,材料2|25|正弦波|52|-17,2,q4-ridge-fold-2,True
附件一（训练集）.xlsx|材料1|1936,材料1|70|三角波|47|-9,3,q4-ridge-fold-3,True
附件一（训练集）.xlsx|材料1|132,材料1|25|正弦波|50|-14,3,q4-ridge-fold-3,True
附件一（训练集）.xlsx|材料3|2309,材料3|50|三角波|56|-11,4,q4-ridge-fold-4,True
附件一（训练集）.xlsx|材料2|221,材料2|70|正弦波|50|-11,4,q4-ridge-fold-4,True
附件一（训练集）.xlsx|材料1|1962,材料1|70|三角波|48|-10,4,q4-ridge-fold-4,True
附件一（训练集）.xlsx|材料4|541,材料4|70|正弦波|52|-19,4,q4-ridge-fold-4,True
附件一（训练集）.xlsx|材料2|6,材料2|25|正弦波|46|-12,0,q4-ridge-fold-0,True
附件一（训练集）.xlsx|材料1|1347,材料1|25|三角波|49|-9,3,q4-ridge-fold-3,True
附件一（训练集）.xlsx|材料2|2536,材料2|70|梯形波|48|-8,1,q4-ridge-fold-1,True
附件一（训练集）.xlsx|材料2|2633,材料2|70|梯形波|52|-6,0,q4-ridge-fold-0,True
附件一（训练集）.xlsx|材料1|1394,材料1|50|三角波|48|-14,2,q4-ridge-fold-2,True
附件一（训练集）.xlsx|材料1|2025,材料1|90|三角波|48|-13,3,q4-ridge-fold-3,True
附件一（训练集）.xlsx|材料3|1581,材料3|70|三角波|52|-12,0,q4-ridge-fold-0,True
附件一（训练集）.xlsx|材料1|3039,材料1|70|梯形波|52|-15,2,q4-ridge-fold-2,True
附件一（训练集）.xlsx|材料1|743,材料1|70|正弦波|53|-17,2,q4-ridge-fold-2,True
附件一（训练集）.xlsx|材料2|232,材料2|70|正弦波|52|-20,3,q4-ridge-fold-3,True
附件一（训练集）.xlsx|材料1|3310,材料1|90|梯形波|52|-15,2,q4-ridge-fold-2,True
附件一（训练集）.xlsx|材料1|2871,材料1|70|三角波|55|-18,3,q4-ridge-fold-3,True
附件一（训练集）.xlsx|材料3|184,材料3|70|正弦波|47|-10,4,q4-ridge-fold-4,True
附件一（训练集）.xlsx|材料2|72,材料2|25|正弦波|53|-13,0,q4-ridge-fold-0,True
附件一（训练集）.xlsx|材料1|3284,材料1|90|梯形波|52|-17,1,q4-ridge-fold-1,True
附件一（训练集）.xlsx|材料1|1703,材料1|70|三角波|47|-9,3,q4-ridge-fold-3,True
附件一（训练集）.xlsx|材料4|1010,材料4|25|三角波|53|-14,4,q4-ridge-fold-4,True
附件一（训练集）.xlsx|材料4|1190,材料4|50|三角波|48|-8,0,q4-ridge-fold-0,True
附件一（训练集）.xlsx|材料2|2120,材料2|25|梯形波|55|-16,1,q4-ridge-fold-1,True
附件一（训练集）.xlsx|材料4|846,材料4|50|正弦波|55|-19,4,q4-ridge-fold-4,True
附件一（训练集）.xlsx|材料3|1425,材料3|50|三角波|55|-16,0,q4-ridge-fold-0,True
附件一（训练集）.xlsx|材料1|286,材料1|50|正弦波|46|-8,3,q4-ridge-fold-3,True
附件一（训练集）.xlsx|材料1|1895,材料1|70|三角波|55|-17,3,q4-ridge-fold-3,True
附件一（训练集）.xlsx|材料1|1311,材料1|25|三角波|56|-13,4,q4-ridge-fold-4,True
附件一（训练集）.xlsx|材料3|375,材料3|50|正弦波|50|-18,1,q4-ridge-fold-1,True
附件一（训练集）.xlsx|材料2|1133,材料2|25|三角波|55|-19,0,q4-ridge-fold-0,True
附件一（训练集）.xlsx|材料1|2072,材料1|90|三角波|51|-11,0,q4-ridge-fold-0,True
附件一（训练集）.xlsx|材料1|2879,材料1|70|三角波|55|-10,4,q4-ridge-fold-4,True
附件一（训练集）.xlsx|材料4|1509,材料4|70|三角波|52|-18,4,q4-ridge-fold-4,True
附件一（训练集）.xlsx|材料1|1631,材料1|50|三角波|47|-8,1,q4-ridge-fold-1,True
附件一（训练集）.xlsx|材料1|1846,材料1|70|三角波|54|-17,4,q4-ridge-fold-4,True
附件一（训练集）.xlsx|材料4|1577,材料4|70|三角波|55|-17,4,q4-ridge-fold-4,True
附件一（训练集）.xlsx|材料2|1179,材料2|25|三角波|52|-7,1,q4-ridge-fold-1,True
附件一（训练集）.xlsx|材料2|995,材料2|25|正弦波|53|-13,0,q4-ridge-fold-0,True
附件一（训练集）.xlsx|材料4|580,材料4|70|正弦波|53|-17,4,q4-ridge-fold-4,True
附件一（训练集）.xlsx|材料4|1429,材料4|70|三角波|48|-14,3,q4-ridge-fold-3,True
附件一（训练集）.xlsx|材料4|1931,材料4|90|三角波|50|-18,0,q4-ridge-fold-0,True
附件一（训练集）.xlsx|材料2|319,材料2|90|正弦波|52|-11,4,q4-ridge-fold-4,True
附件一（训练集）.xlsx|材料3|2374,材料3|50|梯形波|54|-18,2,q4-ridge-fold-2,True
附件一（训练集）.xlsx|材料4|202,材料4|50|正弦波|46|-10,1,q4-ridge-fold-1,True
附件一（训练集）.xlsx|材料1|913,材料1|90|正弦波|50|-14,0,q4-ridge-fold-0,True
附件一（训练集）.xlsx|材料4|2757,材料4|90|梯形波|51|-11,2,q4-ridge-fold-2,True
附件一（训练集）.xlsx|材料4|1588,材料4|70|三角波|47|-14,3,q4-ridge-fold-3,True
附件一（训练集）.xlsx|材料3|910,材料3|25|正弦波|53|-13,0,q4-ridge-fold-0,True
附件一（训练集）.xlsx|材料3|1260,材料3|25|三角波|55|-18,0,q4-ridge-fold-0,True
附件一（训练集）.xlsx|材料4|1718,材料4|90|三角波|51|-18,2,q4-ridge-fold-2,True
附件一（训练集）.xlsx|材料1|2519,材料1|25|梯形波|52|-12,2,q4-ridge-fold-2,True
附件一（训练集）.xlsx|材料4|2635,材料4|90|三角波|55|-18,3,q4-ridge-fold-3,True
附件一（训练集）.xlsx|材料4|2466,材料4|70|梯形波|47|-15,1,q4-ridge-fold-1,True
附件一（训练集）.xlsx|材料1|2511,材料1|25|梯形波|52|-17,2,q4-ridge-fold-2,True
附件一（训练集）.xlsx|材料4|337,材料4|50|正弦波|52|-20,4,q4-ridge-fold-4,True
附件一（训练集）.xlsx|材料2|3001,材料2|90|梯形波|47|-12,2,q4-ridge-fold-2,True
附件一（训练集）.xlsx|材料3|921,材料3|90|正弦波|53|-12,1,q4-ridge-fold-1,True
附件一（训练集）.xlsx|材料1|2311,材料1|90|三角波|49|-7,2,q4-ridge-fold-2,True
附件一（训练集）.xlsx|材料3|129,材料3|50|正弦波|50|-12,1,q4-ridge-fold-1,True
附件一（训练集）.xlsx|材料2|2636,材料2|70|梯形波|52|-13,4,q4-ridge-fold-4,True
附件一（训练集）.xlsx|材料1|925,材料1|90|正弦波|50|-18,2,q4-ridge-fold-2,True
附件一（训练集）.xlsx|材料1|2153,材料1|90|三角波|53|-12,3,q4-ridge-fold-3,True
附件一（训练集）.xlsx|材料3|825,材料3|25|正弦波|55|-14,3,q4-ridge-fold-3,True
附件一（训练集）.xlsx|材料4|2320,材料4|50|梯形波|49|-18,4,q4-ridge-fold-4,True
附件一（训练集）.xlsx|材料2|636,材料2|50|正弦波|50|-10,2,q4-ridge-fold-2,True
附件一（训练集）.xlsx|材料1|612,材料1|70|正弦波|49|-10,3,q4-ridge-fold-3,True
附件一（训练集）.xlsx|材料2|1893,材料2|90|三角波|55|-16,1,q4-ridge-fold-1,True
附件一（训练集）.xlsx|材料2|2223,材料2|25|梯形波|51|-10,3,q4-ridge-fold-3,True
附件一（训练集）.xlsx|材料2|2177,材料2|25|梯形波|55|-13,4,q4-ridge-fold-4,True
附件一（训练集）.xlsx|材料3|1534,材料3|70|三角波|54|-13,1,q4-ridge-fold-1,True
附件一（训练集）.xlsx|材料4|2410,材料4|70|三角波|55|-20,1,q4-ridge-fold-1,True
附件一（训练集）.xlsx|材料3|2966,材料3|90|梯形波|52|-13,1,q4-ridge-fold-1,True
附件一（训练集）.xlsx|材料4|1757,材料4|90|三角波|52|-20,3,q4-ridge-fold-3,True
附件一（训练集）.xlsx|材料4|848,材料4|50|正弦波|52|-11,2,q4-ridge-fold-2,True
附件一（训练集）.xlsx|材料3|1883,材料3|90|三角波|49|-7,3,q4-ridge-fold-3,True
附件一（训练集）.xlsx|材料1|232,材料1|25|正弦波|53|-16,0,q4-ridge-fold-0,True
附件一（训练集）.xlsx|材料3|1671,材料3|70|三角波|55|-9,0,q4-ridge-fold-0,True
附件一（训练集）.xlsx|材料3|2058,材料3|25|梯形波|52|-15,2,q4-ridge-fold-2,True
附件一（训练集）.xlsx|材料1|2594,材料1|50|三角波|55|-10,4,q4-ridge-fold-4,True
附件一（训练集）.xlsx|材料1|707,材料1|70|正弦波|52|-16,3,q4-ridge-fold-3,True
附件一（训练集）.xlsx|材料1|2615,材料1|50|三角波|55|-18,3,q4-ridge-fold-3,True
附件一（训练集）.xlsx|材料4|858,材料4|50|正弦波|52|-15,4,q4-ridge-fold-4,True
附件一（训练集）.xlsx|材料3|2217,材料3|25|梯形波|51|-16,2,q4-ridge-fold-2,True
附件一（训练集）.xlsx|材料4|1004,材料4|25|三角波|53|-17,2,q4-ridge-fold-2,True
附件一（训练集）.xlsx|材料2|253,材料2|70|正弦波|55|-19,1,q4-ridge-fold-1,True
附件一（训练集）.xlsx|材料2|1972,材料2|90|三角波|55|-15,0,q4-ridge-fold-0,True
附件一（训练集）.xlsx|材料3|2788,材料3|70|梯形波|56|-15,1,q4-ridge-fold-1,True
附件一（训练集）.xlsx|材料3|3189,材料3|90|梯形波|56|-17,0,q4-ridge-fold-0,True
附件一（训练集）.xlsx|材料1|734,材料1|70|正弦波|52|-10,0,q4-ridge-fold-0,True
附件一（训练集）.xlsx|材料2|2040,材料2|90|三角波|56|-18,2,q4-ridge-fold-2,True
附件一（训练集）.xlsx|材料4|2461,材料4|70|梯形波|46|-12,2,q4-ridge-fold-2,True
附件一（训练集）.xlsx|材料2|1340,材料2|50|三角波|52|-16,0,q4-ridge-fold-0,True
附件一（训练集）.xlsx|材料4|2523,材料4|70|梯形波|49|-13,0,q4-ridge-fold-0,True
附件一（训练集）.xlsx|材料4|2582,材料4|70|梯形波|52|-16,2,q4-ridge-fold-2,True
附件一（训练集）.xlsx|材料4|1206,材料4|50|三角波|50|-18,1,q4-ridge-fold-1,True
附件一（训练集）.xlsx|材料3|2407,材料3|50|梯形波|48|-10,3,q4-ridge-fold-3,True
附件一（训练集）.xlsx|材料3|1859,材料3|90|三角波|55|-21,4,q4-ridge-fold-4,True
附件一（训练集）.xlsx|材料3|937,材料3|25|正弦波|52|-14,0,q4-ridge-fold-0,True
附件一（训练集）.xlsx|材料3|176,材料3|70|正弦波|46|-11,4,q4-ridge-fold-4,True
附件一（训练集）.xlsx|材料1|2248,材料1|90|三角波|47|-9,0,q4-ridge-fold-0,True
附件一（训练集）.xlsx|材料4|2640,材料4|90|三角波|55|-13,0,q4-ridge-fold-0,True
附件一（训练集）.xlsx|材料4|904,材料4|25|三角波|48|-14,1,q4-ridge-fold-1,True
附件一（训练集）.xlsx|材料4|328,材料4|50|正弦波|52|-17,3,q4-ridge-fold-3,True
附件一（训练集）.xlsx|材料4|148,材料4|25|正弦波|53|-17,2,q4-ridge-fold-2,True
附件一（训练集）.xlsx|材料1|2187,材料1|90|三角波|54|-11,2,q4-ridge-fold-2,True
附件一（训练集）.xlsx|材料1|1212,材料1|25|三角波|53|-12,2,q4-ridge-fold-2,True
附件一（训练集）.xlsx|材料4|842,材料4|70|正弦波|52|-18,3,q4-ridge-fold-3,True
附件一（训练集）.xlsx|材料3|2745,材料3|70|梯形波|52|-18,1,q4-ridge-fold-1,True
附件一（训练集）.xlsx|材料2|1376,材料2|50|三角波|55|-12,2,q4-ridge-fold-2,True
附件一（训练集）.xlsx|材料4|2388,材料4|70|三角波|52|-18,4,q4-ridge-fold-4,True
附件一（训练集）.xlsx|材料2|810,材料2|90|正弦波|50|-9,2,q4-ridge-fold-2,True
附件一（训练集）.xlsx|材料4|2433,材料4|70|三角波|55|-20,1,q4-ridge-fold-1,True
附件一（训练集）.xlsx|材料1|36,材料1|25|正弦波|47|-15,3,q4-ridge-fold-3,True
附件一（训练集）.xlsx|材料1|2106,材料1|90|三角波|52|-16,2,q4-ridge-fold-2,True
附件一（训练集）.xlsx|材料1|2391,材料1|25|梯形波|47|-7,2,q4-ridge-fold-2,True
附件一（训练集）.xlsx|材料1|1899,材料1|70|三角波|55|-15,0,q4-ridge-fold-0,True
附件一（训练集）.xlsx|材料3|221,材料3|70|正弦波|52|-12,0,q4-ridge-fold-0,True
附件一（训练集）.xlsx|材料4|2431,材料4|70|三角波|52|-16,4,q4-ridge-fold-4,True
附件一（训练集）.xlsx|材料4|1322,材料4|50|三角波|56|-20,2,q4-ridge-fold-2,True
附件一（训练集）.xlsx|材料1|1706,材料1|70|三角波|47|-6,3,q4-ridge-fold-3,True
附件一（训练集）.xlsx|材料4|1980,材料4|25|三角波|53|-17,2,q4-ridge-fold-2,True
附件一（训练集）.xlsx|材料4|2099,材料4|25|梯形波|46|-14,0,q4-ridge-fold-0,True
附件一（训练集）.xlsx|材料2|1433,材料2|50|三角波|55|-14,0,q4-ridge-fold-0,True
附件一（训练集）.xlsx|材料1|790,材料1|70|正弦波|55|-19,1,q4-ridge-fold-1,True
附件一（训练集）.xlsx|材料2|159,材料2|50|正弦波|53|-13,0,q4-ridge-fold-0,True
附件一（训练集）.xlsx|材料4|2102,材料4|25|梯形波|46|-10,3,q4-ridge-fold-3,True
附件一（训练集）.xlsx|材料4|939,材料4|25|三角波|50|-11,1,q4-ridge-fold-1,True
附件一（训练集）.xlsx|材料4|473,材料4|70|正弦波|49|-14,4,q4-ridge-fold-4,True
附件一（训练集）.xlsx|材料2|2435,材料2|50|梯形波|48|-7,3,q4-ridge-fold-3,True
附件一（训练集）.xlsx|材料4|156,材料4|25|正弦波|54|-18,3,q4-ridge-fold-3,True
附件一（训练集）.xlsx|材料4|176,材料4|25|正弦波|55|-16,2,q4-ridge-fold-2,True
附件一（训练集）.xlsx|材料1|316,材料1|50|正弦波|47|-6,3,q4-ridge-fold-3,True
附件一（训练集）.xlsx|材料4|551,材料4|70|正弦波|52|-19,4,q4-ridge-fold-4,True
附件一（训练集）.xlsx|材料3|76,材料3|25|正弦波|55|-12,0,q4-ridge-fold-0,True
附件一（训练集）.xlsx|材料4|2228,材料4|50|三角波|52|-15,4,q4-ridge-fold-4,True
附件一（训练集）.xlsx|材料2|1508,材料2|50|三角波|56|-11,1,q4-ridge-fold-1,True
附件一（训练集）.xlsx|材料2|1315,材料2|25|三角波|54|-15,3,q4-ridge-fold-3,True
附件一（训练集）.xlsx|材料2|2700,材料2|70|梯形波|51|-11,2,q4-ridge-fold-2,True
附件一（训练集）.xlsx|材料3|1518,材料3|70|三角波|52|-12,0,q4-ridge-fold-0,True
附件一（训练集）.xlsx|材料4|1124,材料4|25|三角波|49|-14,2,q4-ridge-fold-2,True
附件一（训练集）.xlsx|材料3|1864,材料3|90|三角波|55|-14,3,q4-ridge-fold-3,True
附件一（训练集）.xlsx|材料4|1538,材料4|70|三角波|54|-16,4,q4-ridge-fold-4,True
附件一（训练集）.xlsx|材料2|2319,材料2|50|梯形波|52|-17,0,q4-ridge-fold-0,True
附件一（训练集）.xlsx|材料1|2494,材料1|25|梯形波|51|-6,1,q4-ridge-fold-1,True
附件一（训练集）.xlsx|材料1|949,材料1|90|正弦波|51|-11,3,q4-ridge-fold-3,True
附件一（训练集）.xlsx|材料4|278,材料4|50|正弦波|50|-16,4,q4-ridge-fold-4,True
附件一（训练集）.xlsx|材料3|1122,材料3|25|三角波|55|-21,2,q4-ridge-fold-2,True
附件一（训练集）.xlsx|材料2|366,材料2|25|正弦波|46|-12,0,q4-ridge-fold-0,True
附件一（训练集）.xlsx|材料1|670,材料1|70|正弦波|51|-18,3,q4-ridge-fold-3,True
附件一（训练集）.xlsx|材料4|1868,材料4|90|三角波|48|-7,4,q4-ridge-fold-4,True
附件一（训练集）.xlsx|材料2|1285,材料2|25|三角波|49|-13,1,q4-ridge-fold-1,True
附件一（训练集）.xlsx|材料2|277,材料2|90|正弦波|46|-10,2,q4-ridge-fold-2,True
附件一（训练集）.xlsx|材料1|1163,材料1|25|三角波|52|-17,2,q4-ridge-fold-2,True
附件一（训练集）.xlsx|材料1|1480,材料1|50|三角波|52|-13,4,q4-ridge-fold-4,True
附件一（训练集）.xlsx|材料1|1967,材料1|70|三角波|48|-7,1,q4-ridge-fold-1,True
附件一（训练集）.xlsx|材料4|673,材料4|90|正弦波|49|-12,0,q4-ridge-fold-0,True
附件一（训练集）.xlsx|材料1|2291,材料1|90|三角波|49|-9,0,q4-ridge-fold-0,True
附件一（训练集）.xlsx|材料1|1629,材料1|50|三角波|47|-9,4,q4-ridge-fold-4,True
附件一（训练集）.xlsx|材料3|1420,材料3|50|三角波|54|-14,3,q4-ridge-fold-3,True
附件一（训练集）.xlsx|材料1|1673,材料1|50|三角波|49|-8,0,q4-ridge-fold-0,True
附件一（训练集）.xlsx|材料2|1111,材料2|25|三角波|52|-11,2,q4-ridge-fold-2,True
附件一（训练集）.xlsx|材料4|2507,材料4|70|梯形波|49|-15,2,q4-ridge-fold-2,True
附件一（训练集）.xlsx|材料1|2412,材料1|25|梯形波|48|-7,1,q4-ridge-fold-1,True
附件一（训练集）.xlsx|材料3|1652,材料3|70|三角波|52|-7,1,q4-ridge-fold-1,True
附件一（训练集）.xlsx|材料3|513,材料3|25|正弦波|49|-17,1,q4-ridge-fold-1,True
附件一（训练集）.xlsx|材料2|742,材料2|70|正弦波|52|-12,4,q4-ridge-fold-4,True
附件一（训练集）.xlsx|材料3|2392,材料3|50|梯形波|55|-21,1,q4-ridge-fold-1,True
附件一（训练集）.xlsx|材料2|1085,材料2|25|正弦波|55|-19,4,q4-ridge-fold-4,True
附件一（训练集）.xlsx|材料3|2068,材料3|25|梯形波|52|-14,3,q4-ridge-fold-3,True
附件一（训练集）.xlsx|材料3|2746,材料3|70|梯形波|52|-16,3,q4-ridge-fold-3,True
附件一（训练集）.xlsx|材料3|552,材料3|25|正弦波|55|-17,0,q4-ridge-fold-0,True
附件一（训练集）.xlsx|材料4|1134,材料4|25|三角波|49|-9,1,q4-ridge-fold-1,True
附件一（训练集）.xlsx|材料2|610,材料2|50|正弦波|49|-18,0,q4-ridge-fold-0,True
附件一（训练集）.xlsx|材料1|2678,材料1|50|梯形波|49|-13,3,q4-ridge-fold-3,True
附件一（训练集）.xlsx|材料2|1249,材料2|25|三角波|54|-9,2,q4-ridge-fold-2,True
附件一（训练集）.xlsx|材料3|99,材料3|50|正弦波|47|-15,4,q4-ridge-fold-4,True
附件一（训练集）.xlsx|材料2|2512,材料2|70|三角波|55|-20,0,q4-ridge-fold-0,True
附件一（训练集）.xlsx|材料1|576,材料1|70|正弦波|47|-8,1,q4-ridge-fold-1,True
附件一（训练集）.xlsx|材料3|2743,材料3|70|梯形波|52|-7,0,q4-ridge-fold-0,True
附件一（训练集）.xlsx|材料4|2728,材料4|90|梯形波|50|-8,4,q4-ridge-fold-4,True
附件一（训练集）.xlsx|材料1|1513,材料1|50|三角波|53|-15,2,q4-ridge-fold-2,True
附件一（训练集）.xlsx|材料3|490,材料3|50|正弦波|50|-8,1,q4-ridge-fold-1,True
附件一（训练集）.xlsx|材料1|1054,材料1|90|正弦波|54|-11,0,q4-ridge-fold-0,True
附件一（训练集）.xlsx|材料2|2831,材料2|90|梯形波|55|-18,1,q4-ridge-fold-1,True
附件一（训练集）.xlsx|材料4|274,材料4|50|正弦波|50|-18,1,q4-ridge-fold-1,True
附件一（训练集）.xlsx|材料3|1379,材料3|50|三角波|56|-15,4,q4-ridge-fold-4,True
附件一（训练集）.xlsx|材料2|1217,材料2|25|三角波|49|-11,0,q4-ridge-fold-0,True
附件一（训练集）.xlsx|材料3|636,材料3|50|正弦波|55|-19,3,q4-ridge-fold-3,True
附件一（训练集）.xlsx|材料1|2313,材料1|90|三角波|50|-16,1,q4-ridge-fold-1,True
附件一（训练集）.xlsx|材料4|761,材料4|90|正弦波|52|-18,0,q4-ridge-fold-0,True
附件一（训练集）.xlsx|材料1|3299,材料1|90|梯形波|52|-9,4,q4-ridge-fold-4,True
附件一（训练集）.xlsx|材料2|1102,材料2|25|三角波|50|-11,0,q4-ridge-fold-0,True
附件一（训练集）.xlsx|材料3|2321,材料3|50|三角波|55|-9,0,q4-ridge-fold-0,True
附件一（训练集）.xlsx|材料1|328,材料1|50|正弦波|49|-18,4,q4-ridge-fold-4,True
附件一（训练集）.xlsx|材料4|1596,材料4|70|三角波|47|-8,1,q4-ridge-fold-1,True
附件一（训练集）.xlsx|材料3|774,材料3|90|正弦波|52|-16,1,q4-ridge-fold-1,True
附件一（训练集）.xlsx|材料1|2717,材料1|50|梯形波|50|-7,2,q4-ridge-fold-2,True
附件一（训练集）.xlsx|材料3|229,材料3|70|正弦波|53|-12,2,q4-ridge-fold-2,True
附件一（训练集）.xlsx|材料3|982,材料3|25|正弦波|49|-7,0,q4-ridge-fold-0,True
附件一（训练集）.xlsx|材料4|1804,材料4|90|三角波|54|-13,3,q4-ridge-fold-3,True
附件一（训练集）.xlsx|材料1|543,材料1|70|正弦波|47|-16,0,q4-ridge-fold-0,True
附件一（训练集）.xlsx|材料2|48,材料2|25|正弦波|52|-15,3,q4-ridge-fold-3,True
附件一（训练集）.xlsx|材料3|2638,材料3|70|梯形波|49|-14,3,q4-ridge-fold-3,True
附件一（训练集）.xlsx|材料3|630,材料3|50|正弦波|53|-19,0,q4-ridge-fold-0,True
附件一（训练集）.xlsx|材料3|2505,材料3|50|梯形波|48|-9,1,q4-ridge-fold-1,True
附件一（训练集）.xlsx|材料4|2002,材料4|25|三角波|55|-14,0,q4-ridge-fold-0,True
附件一（训练集）.xlsx|材料2|1506,材料2|50|三角波|56|-14,2,q4-ridge-fold-2,True
附件一（训练集）.xlsx|材料1|1909,材料1|70|三角波|55|-16,0,q4-ridge-fold-0,True
附件一（训练集）.xlsx|材料2|1037,材料2|25|正弦波|49|-18,3,q4-ridge-fold-3,True
附件一（训练集）.xlsx|材料4|643,材料4|90|正弦波|47|-11,4,q4-ridge-fold-4,True
附件一（训练集）.xlsx|材料1|59,材料1|25|正弦波|48|-14,0,q4-ridge-fold-0,True
附件一（训练集）.xlsx|材料3|1609,材料3|70|三角波|55|-11,1,q4-ridge-fold-1,True
附件一（训练集）.xlsx|材料4|1518,材料4|70|三角波|52|-13,0,q4-ridge-fold-0,True
附件一（训练集）.xlsx|材料1|2751,材料1|50|梯形波|51|-6,0,q4-ridge-fold-0,True
附件一（训练集）.xlsx|材料4|1097,材料4|25|三角波|48|-13,0,q4-ridge-fold-0,True
附件一（训练集）.xlsx|材料4|375,材料4|50|正弦波|54|-19,2,q4-ridge-fold-2,True
附件一（训练集）.xlsx|材料4|623,材料4|70|正弦波|56|-16,4,q4-ridge-fold-4,True
附件一（训练集）.xlsx|材料1|1121,材料1|25|三角波|51|-17,4,q4-ridge-fold-4,True
附件一（训练集）.xlsx|材料2|910,材料2|70|正弦波|49|-14,0,q4-ridge-fold-0,True
附件一（训练集）.xlsx|材料4|1637,材料4|70|三角波|49|-12,4,q4-ridge-fold-4,True
附件一（训练集）.xlsx|材料3|216,材料3|70|正弦波|52|-10,0,q4-ridge-fold-0,True
附件一（训练集）.xlsx|材料4|2473,材料4|70|梯形波|47|-11,1,q4-ridge-fold-1,True
附件一（训练集）.xlsx|材料1|1128,材料1|25|三角波|51|-13,4,q4-ridge-fold-4,True
附件一（训练集）.xlsx|材料3|2211,材料3|25|梯形波|49|-11,1,q4-ridge-fold-1,True
附件一（训练集）.xlsx|材料3|1636,材料3|70|三角波|49|-11,2,q4-ridge-fold-2,True
附件一（训练集）.xlsx|材料3|2812,材料3|70|梯形波|49|-14,3,q4-ridge-fold-3,True
附件一（训练集）.xlsx|材料2|2069,材料2|25|梯形波|48|-12,2,q4-ridge-fold-2,True
附件一（训练集）.xlsx|材料3|1369,材料3|50|三角波|55|-18,4,q4-ridge-fold-4,True
附件一（训练集）.xlsx|材料1|3,材料1|25|正弦波|46|-16,3,q4-ridge-fold-3,True
附件一（训练集）.xlsx|材料2|1930,材料2|90|三角波|49|-7,4,q4-ridge-fold-4,True
附件一（训练集）.xlsx|材料2|1399,材料2|50|三角波|50|-10,2,q4-ridge-fold-2,True
附件一（训练集）.xlsx|材料1|348,材料1|50|正弦波|49|-16,2,q4-ridge-fold-2,True
附件一（训练集）.xlsx|材料3|791,材料3|90|正弦波|55|-13,1,q4-ridge-fold-1,True
附件一（训练集）.xlsx|材料1|561,材料1|70|正弦波|47|-17,4,q4-ridge-fold-4,True
附件一（训练集）.xlsx|材料3|550,材料3|25|正弦波|53|-11,0,q4-ridge-fold-0,True
附件一（训练集）.xlsx|材料2|1007,材料2|50|正弦波|52|-14,3,q4-ridge-fold-3,True
附件一（训练集）.xlsx|材料3|2214,材料3|25|梯形波|49|-8,4,q4-ridge-fold-4,True
附件一（训练集）.xlsx|材料1|180,材料1|25|正弦波|52|-14,1,q4-ridge-fold-1,True
附件一（训练集）.xlsx|材料4|740,材料4|90|正弦波|51|-10,2,q4-ridge-fold-2,True
附件一（训练集）.xlsx|材料2|2114,材料2|25|梯形波|55|-12,2,q4-ridge-fold-2,True
附件一（训练集）.xlsx|材料1|1197,材料1|25|三角波|52|-10,1,q4-ridge-fold-1,True
附件一（训练集）.xlsx|材料1|2852,材料1|50|梯形波|54|-12,4,q4-ridge-fold-4,True
附件一（训练集）.xlsx|材料1|3206,材料1|90|梯形波|48|-6,0,q4-ridge-fold-0,True
附件一（训练集）.xlsx|材料1|2939,材料1|70|梯形波|48|-7,0,q4-ridge-fold-0,True
附件一（训练集）.xlsx|材料3|531,材料3|25|正弦波|52|-13,1,q4-ridge-fold-1,True
附件一（训练集）.xlsx|材料2|1166,材料2|25|三角波|51|-13,2,q4-ridge-fold-2,True
附件一（训练集）.xlsx|材料4|454,材料4|70|正弦波|48|-9,4,q4-ridge-fold-4,True
附件一（训练集）.xlsx|材料3|364,材料3|50|正弦波|47|-15,4,q4-ridge-fold-4,True
附件一（训练集）.xlsx|材料1|1676,材料1|50|三角波|49|-7,2,q4-ridge-fold-2,True
附件一（训练集）.xlsx|材料2|745,材料2|70|正弦波|53|-20,4,q4-ridge-fold-4,True
附件一（训练集）.xlsx|材料3|2269,材料3|25|梯形波|55|-18,0,q4-ridge-fold-0,True
附件一（训练集）.xlsx|材料4|1256,材料4|50|三角波|52|-20,0,q4-ridge-fold-0,True
附件一（训练集）.xlsx|材料3|415,材料3|25|正弦波|47|-8,2,q4-ridge-fold-2,True
附件一（训练集）.xlsx|材料3|3104,材料3|90|梯形波|56|-13,3,q4-ridge-fold-3,True
附件一（训练集）.xlsx|材料3|1512,材料3|70|三角波|50|-11,2,q4-ridge-fold-2,True
附件一（训练集）.xlsx|材料4|998,材料4|25|三角波|52|-12,4,q4-ridge-fold-4,True
附件一（训练集）.xlsx|材料2|285,材料2|90|正弦波|47|-10,1,q4-ridge-fold-1,True
附件一（训练集）.xlsx|材料2|761,材料2|70|正弦波|55|-15,1,q4-ridge-fold-1,True
附件一（训练集）.xlsx|材料3|1286,材料3|50|三角波|52|-18,4,q4-ridge-fold-4,True
附件一（训练集）.xlsx|材料3|898,材料3|90|正弦波|55|-20,1,q4-ridge-fold-1,True
附件一（训练集）.xlsx|材料2|1347,材料2|50|三角波|52|-18,4,q4-ridge-fold-4,True
附件一（训练集）.xlsx|材料4|760,材料4|90|正弦波|52|-19,2,q4-ridge-fold-2,True
附件一（训练集）.xlsx|材料1|715,材料1|70|正弦波|52|-10,0,q4-ridge-fold-0,True
附件一（训练集）.xlsx|材料4|2376,材料4|50|梯形波|52|-18,2,q4-ridge-fold-2,True
附件一（训练集）.xlsx|材料2|958,材料2|50|正弦波|49|-7,1,q4-ridge-fold-1,True
附件一（训练集）.xlsx|材料4|1227,材料4|50|三角波|51|-15,3,q4-ridge-fold-3,True
附件一（训练集）.xlsx|材料4|1324,材料4|50|三角波|56|-19,2,q4-ridge-fold-2,True
附件一（训练集）.xlsx|材料4|2083,材料4|25|三角波|55|-12,0,q4-ridge-fold-0,True
附件一（训练集）.xlsx|材料4|200,材料4|50|正弦波|46|-11,4,q4-ridge-fold-4,True
附件一（训练集）.xlsx|材料2|2408,材料2|50|梯形波|55|-15,1,q4-ridge-fold-1,True
附件一（训练集）.xlsx|材料1|1126,材料1|25|三角波|51|-14,4,q4-ridge-fold-4,True
附件一（训练集）.xlsx|材料4|893,材料4|25|三角波|47|-9,1,q4-ridge-fold-1,True
附件一（训练集）.xlsx|材料3|2353,材料3|50|梯形波|51|-9,0,q4-ridge-fold-0,True
附件一（训练集）.xlsx|材料3|172,材料3|70|正弦波|46|-17,2,q4-ridge-fold-2,True
附件一（训练集）.xlsx|材料1|118,材料1|25|正弦波|49|-11,2,q4-ridge-fold-2,True
附件一（训练集）.xlsx|材料3|1166,材料3|25|三角波|52|-12,4,q4-ridge-fold-4,True
附件一（训练集）.xlsx|材料4|317,材料4|50|正弦波|52|-18,1,q4-ridge-fold-1,True
附件一（训练集）.xlsx|材料4|708,材料4|90|正弦波|50|-11,1,q4-ridge-fold-1,True
附件一（训练集）.xlsx|材料4|902,材料4|25|三角波|48|-16,0,q4-ridge-fold-0,True
附件一（训练集）.xlsx|材料3|2230,材料3|25|梯形波|52|-12,4,q4-ridge-fold-4,True
附件一（训练集）.xlsx|材料4|1755,材料4|90|三角波|52|-13,1,q4-ridge-fold-1,True
附件一（训练集）.xlsx|材料2|2469,材料2|50|梯形波|52|-11,3,q4-ridge-fold-3,True
附件一（训练集）.xlsx|材料4|513,材料4|70|正弦波|50|-10,1,q4-ridge-fold-1,True
附件一（训练集）.xlsx|材料2|2242,材料2|25|梯形波|52|-7,4,q4-ridge-fold-4,True
附件一（训练集）.xlsx|材料1|125,材料1|25|正弦波|49|-6,3,q4-ridge-fold-3,True
附件一（训练集）.xlsx|材料1|23,材料1|25|正弦波|47|-11,3,q4-ridge-fold-3,True
附件一（训练集）.xlsx|材料2|2867,材料2|90|梯形波|51|-9,1,q4-ridge-fold-1,True
附件一（训练集）.xlsx|材料2|639,材料2|50|正弦波|52|-19,3,q4-ridge-fold-3,True
附件一（训练集）.xlsx|材料4|910,材料4|25|三角波|48|-10,3,q4-ridge-fold-3,True
附件一（训练集）.xlsx|材料2|2441,材料2|50|梯形波|49|-7,0,q4-ridge-fold-0,True
附件一（训练集）.xlsx|材料1|2160,材料1|90|三角波|54|-18,0,q4-ridge-fold-0,True
附件一（训练集）.xlsx|材料2|2786,材料2|90|梯形波|48|-7,2,q4-ridge-fold-2,True
附件一（训练集）.xlsx|材料4|1858,材料4|90|三角波|48|-15,1,q4-ridge-fold-1,True
附件一（训练集）.xlsx|材料1|1091,材料1|25|三角波|48|-9,1,q4-ridge-fold-1,True
附件一（训练集）.xlsx|材料2|1898,材料2|90|三角波|55|-20,3,q4-ridge-fold-3,True
附件一（训练集）.xlsx|材料1|1651,材料1|50|三角波|49|-13,4,q4-ridge-fold-4,True
附件一（训练集）.xlsx|材料4|985,材料4|25|三角波|52|-11,1,q4-ridge-fold-1,True
附件一（训练集）.xlsx|材料2|478,材料2|50|正弦波|47|-16,2,q4-ridge-fold-2,True
附件一（训练集）.xlsx|材料1|1789,材料1|70|三角波|52|-15,2,q4-ridge-fold-2,True
附件一（训练集）.xlsx|材料1|2307,材料1|90|三角波|49|-9,0,q4-ridge-fold-0,True
附件一（训练集）.xlsx|材料1|1961,材料1|70|三角波|48|-10,4,q4-ridge-fold-4,True
附件一（训练集）.xlsx|材料4|1589,材料4|70|三角波|47|-13,2,q4-ridge-fold-2,True
附件一（训练集）.xlsx|材料2|443,材料2|70|正弦波|46|-17,1,q4-ridge-fold-1,True
附件一（训练集）.xlsx|材料3|2051,材料3|25|梯形波|51|-10,0,q4-ridge-fold-0,True
附件一（训练集）.xlsx|材料4|478,材料4|70|正弦波|49|-19,4,q4-ridge-fold-4,True
附件一（训练集）.xlsx|材料1|1766,材料1|70|三角波|52|-16,1,q4-ridge-fold-1,True
附件一（训练集）.xlsx|材料3|1054,材料3|25|三角波|55|-17,2,q4-ridge-fold-2,True
附件一（训练集）.xlsx|材料3|1635,材料3|70|三角波|49|-12,2,q4-ridge-fold-2,True
附件一（训练集）.xlsx|材料4|1592,材料4|70|三角波|47|-10,1,q4-ridge-fold-1,True
附件一（训练集）.xlsx|材料4|741,材料4|90|正弦波|52|-20,4,q4-ridge-fold-4,True
附件一（训练集）.xlsx|材料4|1475,材料4|70|三角波|51|-11,4,q4-ridge-fold-4,True
附件一（训练集）.xlsx|材料1|279,材料1|50|正弦波|46|-12,0,q4-ridge-fold-0,True
附件一（训练集）.xlsx|材料3|3133,材料3|90|梯形波|51|-13,2,q4-ridge-fold-2,True
附件一（训练集）.xlsx|材料3|629,材料3|50|正弦波|53|-20,2,q4-ridge-fold-2,True
附件一（训练集）.xlsx|材料2|373,材料2|25|正弦波|52|-18,0,q4-ridge-fold-0,True
附件一（训练集）.xlsx|材料1|263,材料1|25|正弦波|54|-17,3,q4-ridge-fold-3,True
附件一（训练集）.xlsx|材料3|4,材料3|25|正弦波|46|-12,1,q4-ridge-fold-1,True
附件一（训练集）.xlsx|材料1|1819,材料1|70|三角波|52|-9,0,q4-ridge-fold-0,True
附件一（训练集）.xlsx|材料3|2165,材料3|25|梯形波|55|-21,3,q4-ridge-fold-3,True
附件一（训练集）.xlsx|材料1|3041,材料1|70|梯形波|52|-14,4,q4-ridge-fold-4,True
附件一（训练集）.xlsx|材料3|2784,材料3|70|梯形波|56|-20,0,q4-ridge-fold-0,True
附件一（训练集）.xlsx|材料4|1533,材料4|70|三角波|54|-19,2,q4-ridge-fold-2,True
附件一（训练集）.xlsx|材料2|1560,材料2|50|三角波|55|-14,0,q4-ridge-fold-0,True
附件一（训练集）.xlsx|材料1|1907,材料1|70|三角波|55|-18,3,q4-ridge-fold-3,True
附件一（训练集）.xlsx|材料2|394,材料2|25|正弦波|47|-10,3,q4-ridge-fold-3,True
附件一（训练集）.xlsx|材料2|1465,材料2|50|三角波|50|-6,4,q4-ridge-fold-4,True
附件一（训练集）.xlsx|材料4|443,材料4|70|正弦波|48|-18,1,q4-ridge-fold-1,True
附件一（训练集）.xlsx|材料3|1546,材料3|70|三角波|55|-15,2,q4-ridge-fold-2,True
附件一（训练集）.xlsx|材料4|1438,材料4|70|三角波|48|-8,1,q4-ridge-fold-1,True
附件一（训练集）.xlsx|材料1|3045,材料1|70|梯形波|52|-11,3,q4-ridge-fold-3,True
附件一（训练集）.xlsx|材料3|525,材料3|25|正弦波|50|-9,2,q4-ridge-fold-2,True
附件一（训练集）.xlsx|材料2|264,材料2|70|正弦波|55|-16,2,q4-ridge-fold-2,True
附件一（训练集）.xlsx|材料4|2694,材料4|90|梯形波|49|-15,3,q4-ridge-fold-3,True
附件一（训练集）.xlsx|材料1|2334,材料1|25|三角波|55|-17,1,q4-ridge-fold-1,True
附件一（训练集）.xlsx|材料1|1483,材料1|50|三角波|52|-11,2,q4-ridge-fold-2,True
附件一（训练集）.xlsx|材料4|2272,材料4|50|梯形波|47|-11,0,q4-ridge-fold-0,True
附件一（训练集）.xlsx|材料1|2640,材料1|50|梯形波|46|-6,0,q4-ridge-fold-0,True
附件一（训练集）.xlsx|材料4|1834,材料4|90|三角波|56|-20,0,q4-ridge-fold-0,True
附件一（训练集）.xlsx|材料1|2661,材料1|50|梯形波|48|-9,2,q4-ridge-fold-2,True
附件一（训练集）.xlsx|材料2|1180,材料2|25|三角波|52|-19,0,q4-ridge-fold-0,True
附件一（训练集）.xlsx|材料2|823,材料2|90|正弦波|52|-17,4,q4-ridge-fold-4,True
附件一（训练集）.xlsx|材料4|1743,材料4|90|三角波|52|-19,1,q4-ridge-fold-1,True
附件一（训练集）.xlsx|材料4|1875,材料4|90|三角波|48|-13,2,q4-ridge-fold-2,True
附件一（训练集）.xlsx|材料3|360,材料3|70|正弦波|53|-19,2,q4-ridge-fold-2,True
附件一（训练集）.xlsx|材料2|2660,材料2|70|梯形波|55|-11,0,q4-ridge-fold-0,True
附件一（训练集）.xlsx|材料4|2385,材料4|70|三角波|52|-16,4,q4-ridge-fold-4,True
附件一（训练集）.xlsx|材料1|500,材料1|50|正弦波|53|-9,2,q4-ridge-fold-2,True
附件一（训练集）.xlsx|材料1|2549,材料1|25|梯形波|53|-16,2,q4-ridge-fold-2,True
附件一（训练集）.xlsx|材料4|2356,材料4|50|梯形波|51|-12,3,q4-ridge-fold-3,True
附件一（训练集）.xlsx|材料1|3166,材料1|90|三角波|55|-9,4,q4-ridge-fold-4,True
附件一（训练集）.xlsx|材料1|1743,材料1|70|三角波|51|-19,0,q4-ridge-fold-0,True
附件一（训练集）.xlsx|材料1|918,材料1|90|正弦波|50|-10,3,q4-ridge-fold-3,True
附件一（训练集）.xlsx|材料1|1313,材料1|25|三角波|47|-12,1,q4-ridge-fold-1,True
附件一（训练集）.xlsx|材料3|1259,材料3|25|三角波|55|-19,4,q4-ridge-fold-4,True
附件一（训练集）.xlsx|材料1|2570,材料1|25|梯形波|54|-15,1,q4-ridge-fold-1,True
附件一（训练集）.xlsx|材料1|1226,材料1|25|三角波|54|-14,3,q4-ridge-fold-3,True
附件一（训练集）.xlsx|材料2|872,材料2|90|正弦波|47|-9,1,q4-ridge-fold-1,True
附件一（训练集）.xlsx|材料3|1834,材料3|90|三角波|52|-17,3,q4-ridge-fold-3,True
附件一（训练集）.xlsx|材料1|3253,材料1|90|梯形波|51|-15,0,q4-ridge-fold-0,True
附件一（训练集）.xlsx|材料1|902,材料1|90|正弦波|49|-8,3,q4-ridge-fold-3,True
附件一（训练集）.xlsx|材料3|787,材料3|90|正弦波|55|-18,2,q4-ridge-fold-2,True
附件一（训练集）.xlsx|材料2|1554,材料2|50|三角波|54|-9,0,q4-ridge-fold-0,True
附件一（训练集）.xlsx|材料1|503,材料1|50|正弦波|53|-19,1,q4-ridge-fold-1,True
附件一（训练集）.xlsx|材料4|1409,材料4|50|三角波|50|-13,3,q4-ridge-fold-3,True
附件一（训练集）.xlsx|材料4|2718,材料4|90|梯形波|50|-19,1,q4-ridge-fold-1,True
附件一（训练集）.xlsx|材料2|1454,材料2|50|三角波|49|-13,2,q4-ridge-fold-2,True
附件一（训练集）.xlsx|材料4|2316,材料4|50|梯形波|49|-8,3,q4-ridge-fold-3,True
附件一（训练集）.xlsx|材料4|124,材料4|25|正弦波|52|-15,0,q4-ridge-fold-0,True
附件一（训练集）.xlsx|材料3|1160,材料3|25|三角波|50|-13,3,q4-ridge-fold-3,True
附件一（训练集）.xlsx|材料3|2646,材料3|70|梯形波|51|-16,4,q4-ridge-fold-4,True
附件一（训练集）.xlsx|材料1|851,材料1|90|正弦波|48|-7,2,q4-ridge-fold-2,True
附件一（训练集）.xlsx|材料2|617,材料2|50|正弦波|49|-9,4,q4-ridge-fold-4,True
附件一（训练集）.xlsx|材料2|2552,材料2|70|梯形波|52|-18,0,q4-ridge-fold-0,True
附件一（训练集）.xlsx|材料1|61,材料1|25|正弦波|48|-12,2,q4-ridge-fold-2,True
附件一（训练集）.xlsx|材料3|1597,材料3|70|三角波|54|-13,1,q4-ridge-fold-1,True
附件一（训练集）.xlsx|材料3|739,材料3|90|正弦波|47|-12,3,q4-ridge-fold-3,True
附件一（训练集）.xlsx|材料4|1745,材料4|90|三角波|52|-18,1,q4-ridge-fold-1,True
附件一（训练集）.xlsx|材料3|2942,材料3|90|梯形波|49|-16,1,q4-ridge-fold-1,True
附件一（训练集）.xlsx|材料4|596,材料4|70|正弦波|55|-19,4,q4-ridge-fold-4,True
附件一（训练集）.xlsx|材料1|1036,材料1|90|正弦波|53|-12,1,q4-ridge-fold-1,True
附件一（训练集）.xlsx|材料2|2249,材料2|25|梯形波|54|-8,2,q4-ridge-fold-2,True
附件一（训练集）.xlsx|材料3|880,材料3|90|正弦波|50|-10,4,q4-ridge-fold-4,True
附件一（训练集）.xlsx|材料4|2573,材料4|70|梯形波|52|-11,2,q4-ridge-fold-2,True
附件一（训练集）.xlsx|材料3|3132,材料3|90|梯形波|51|-15,4,q4-ridge-fold-4,True
附件一（训练集）.xlsx|材料1|2736,材料1|50|梯形波|51|-17,2,q4-ridge-fold-2,True
附件一（训练集）.xlsx|材料3|1906,材料3|90|三角波|52|-11,2,q4-ridge-fold-2,True
附件一（训练集）.xlsx|材料4|2279,材料4|50|梯形波|48|-15,0,q4-ridge-fold-0,True
附件一（训练集）.xlsx|材料1|3100,材料1|70|梯形波|54|-12,1,q4-ridge-fold-1,True
附件一（训练集）.xlsx|材料2|2894,材料2|90|梯形波|55|-20,4,q4-ridge-fold-4,True
附件一（训练集）.xlsx|材料1|1722,材料1|70|三角波|48|-7,1,q4-ridge-fold-1,True
附件一（训练集）.xlsx|材料1|1730,材料1|70|三角波|50|-16,2,q4-ridge-fold-2,True
附件一（训练集）.xlsx|材料4|1095,材料4|25|三角波|48|-15,1,q4-ridge-fold-1,True
附件一（训练集）.xlsx|材料3|562,材料3|25|正弦波|55|-14,3,q4-ridge-fold-3,True
附件一（训练集）.xlsx|材料1|41,材料1|25|正弦波|47|-12,0,q4-ridge-fold-0,True
附件一（训练集）.xlsx|材料4|811,材料4|90|正弦波|55|-15,3,q4-ridge-fold-3,True
附件一（训练集）.xlsx|材料3|3055,材料3|90|梯形波|52|-12,4,q4-ridge-fold-4,True
附件一（训练集）.xlsx|材料2|2217,材料2|25|梯形波|49|-7,2,q4-ridge-fold-2,True
附件一（训练集）.xlsx|材料2|1857,材料2|90|三角波|49|-8,0,q4-ridge-fold-0,True
附件一（训练集）.xlsx|材料1|1614,材料1|50|三角波|56|-16,1,q4-ridge-fold-1,True
附件一（训练集）.xlsx|材料4|1057,材料4|25|三角波|55|-17,0,q4-ridge-fold-0,True
附件一（训练集）.xlsx|材料1|1032,材料1|90|正弦波|53|-15,4,q4-ridge-fold-4,True
附件一（训练集）.xlsx|材料1|1721,材料1|70|三角波|48|-8,3,q4-ridge-fold-3,True
附件一（训练集）.xlsx|材料4|1946,材料4|25|三角波|49|-12,3,q4-ridge-fold-3,True
附件一（训练集）.xlsx|材料3|2055,材料3|25|梯形波|52|-18,3,q4-ridge-fold-3,True
附件一（训练集）.xlsx|材料2|215,材料2|70|正弦波|50|-18,4,q4-ridge-fold-4,True
附件一（训练集）.xlsx|材料4|1913,材料4|90|三角波|49|-7,2,q4-ridge-fold-2,True
附件一（训练集）.xlsx|材料2|1413,材料2|50|三角波|52|-10,4,q4-ridge-fold-4,True
附件一（训练集）.xlsx|材料4|872,材料4|25|正弦波|48|-15,2,q4-ridge-fold-2,True
附件一（训练集）.xlsx|材料3|1406,材料3|50|三角波|52|-14,3,q4-ridge-fold-3,True
附件一（训练集）.xlsx|材料3|2493,材料3|50|梯形波|56|-15,0,q4-ridge-fold-0,True
附件一（训练集）.xlsx|材料1|714,材料1|70|正弦波|52|-10,0,q4-ridge-fold-0,True
附件一（训练集）.xlsx|材料4|1578,材料4|70|三角波|55|-16,1,q4-ridge-fold-1,True
附件一（训练集）.xlsx|材料1|1775,材料1|70|三角波|52|-11,3,q4-ridge-fold-3,True
附件一（训练集）.xlsx|材料3|2643,材料3|70|梯形波|49|-8,0,q4-ridge-fold-0,True
附件一（训练集）.xlsx|材料2|1747,材料2|70|三角波|55|-17,4,q4-ridge-fold-4,True
附件一（训练集）.xlsx|材料1|2838,材料1|50|梯形波|54|-10,4,q4-ridge-fold-4,True
附件一（训练集）.xlsx|材料3|365,材料3|70|正弦波|52|-13,1,q4-ridge-fold-1,True
附件一（训练集）.xlsx|材料4|336,材料4|50|正弦波|52|-11,2,q4-ridge-fold-2,True
附件一（训练集）.xlsx|材料1|1988,材料1|70|三角波|49|-13,3,q4-ridge-fold-3,True
附件一（训练集）.xlsx|材料1|3213,材料1|90|梯形波|49|-10,3,q4-ridge-fold-3,True
附件一（训练集）.xlsx|材料1|2438,材料1|25|梯形波|49|-11,0,q4-ridge-fold-0,True
附件一（训练集）.xlsx|材料4|657,材料4|90|正弦波|48|-17,4,q4-ridge-fold-4,True
附件一（训练集）.xlsx|材料4|862,材料4|70|正弦波|52|-16,2,q4-ridge-fold-2,True
附件一（训练集）.xlsx|材料1|506,材料1|50|正弦波|53|-17,1,q4-ridge-fold-1,True
附件一（训练集）.xlsx|材料2|1673,材料2|70|三角波|55|-14,2,q4-ridge-fold-2,True
附件一（训练集）.xlsx|材料1|2734,材料1|50|梯形波|51|-7,3,q4-ridge-fold-3,True
附件一（训练集）.xlsx|材料3|2293,材料3|25|梯形波|47|-10,1,q4-ridge-fold-1,True
附件一（训练集）.xlsx|材料4|2739,材料4|90|梯形波|51|-13,3,q4-ridge-fold-3,True
附件一（训练集）.xlsx|材料4|1176,材料4|50|三角波|48|-18,0,q4-ridge-fold-0,True
附件一（训练集）.xlsx|材料2|902,材料2|50|正弦波|47|-8,2,q4-ridge-fold-2,True
附件一（训练集）.xlsx|材料3|1099,材料3|25|三角波|52|-12,4,q4-ridge-fold-4,True
附件一（训练集）.xlsx|材料2|1482,材料2|50|三角波|54|-14,2,q4-ridge-fold-2,True
附件一（训练集）.xlsx|材料2|245,材料2|70|正弦波|53|-17,0,q4-ridge-fold-0,True
附件一（训练集）.xlsx|材料4|2085,材料4|25|三角波|55|-11,0,q4-ridge-fold-0,True
附件一（训练集）.xlsx|材料2|2680,材料2|70|梯形波|48|-10,3,q4-ridge-fold-3,True
附件一（训练集）.xlsx|材料4|456,材料4|70|正弦波|49|-18,4,q4-ridge-fold-4,True
附件一（训练集）.xlsx|材料1|2075,材料1|90|三角波|51|-9,1,q4-ridge-fold-1,True
附件一（训练集）.xlsx|材料4|1302,材料4|50|三角波|55|-18,0,q4-ridge-fold-0,True
附件一（训练集）.xlsx|材料1|1998,材料1|70|三角波|49|-7,0,q4-ridge-fold-0,True
附件一（训练集）.xlsx|材料2|1207,材料2|25|三角波|56|-20,0,q4-ridge-fold-0,True
附件一（训练集）.xlsx|材料2|32,材料2|25|正弦波|49|-8,1,q4-ridge-fold-1,True
附件一（训练集）.xlsx|材料1|1891,材料1|70|三角波|55|-20,3,q4-ridge-fold-3,True
附件一（训练集）.xlsx|材料4|1741,材料4|90|三角波|52|-20,3,q4-ridge-fold-3,True
附件一（训练集）.xlsx|材料3|1237,材料3|25|三角波|52|-16,1,q4-ridge-fold-1,True
附件一（训练集）.xlsx|材料1|2055,材料1|90|三角波|50|-8,4,q4-ridge-fold-4,True
附件一（训练集）.xlsx|材料4|781,材料4|90|正弦波|52|-11,1,q4-ridge-fold-1,True
附件一（训练集）.xlsx|材料3|1726,材料3|70|三角波|54|-16,4,q4-ridge-fold-4,True
附件一（训练集）.xlsx|材料1|2116,材料1|90|三角波|52|-10,3,q4-ridge-fold-3,True
附件一（训练集）.xlsx|材料2|1022,材料2|25|正弦波|47|-12,1,q4-ridge-fold-1,True
附件一（训练集）.xlsx|材料3|1098,材料3|25|三角波|52|-13,1,q4-ridge-fold-1,True
附件一（训练集）.xlsx|材料1|733,材料1|70|正弦波|52|-10,0,q4-ridge-fold-0,True
附件一（训练集）.xlsx|材料1|2444,材料1|25|梯形波|49|-7,4,q4-ridge-fold-4,True
附件一（训练集）.xlsx|材料4|2597,材料4|90|三角波|55|-19,3,q4-ridge-fold-3,True
附件一（训练集）.xlsx|材料2|1796,材料2|70|三角波|54|-14,4,q4-ridge-fold-4,True
附件一（训练集）.xlsx|材料4|563,材料4|70|正弦波|52|-11,3,q4-ridge-fold-3,True
附件一（训练集）.xlsx|材料1|1159,材料1|25|三角波|52|-19,3,q4-ridge-fold-3,True
附件一（训练集）.xlsx|材料2|2618,材料2|70|梯形波|51|-16,3,q4-ridge-fold-3,True
附件一（训练集）.xlsx|材料2|529,材料2|25|正弦波|49|-11,1,q4-ridge-fold-1,True
附件一（训练集）.xlsx|材料2|1252,材料2|25|三角波|55|-16,0,q4-ridge-fold-0,True
附件一（训练集）.xlsx|材料2|2340,材料2|50|梯形波|54|-9,0,q4-ridge-fold-0,True
附件一（训练集）.xlsx|材料3|55,材料3|25|正弦波|52|-17,0,q4-ridge-fold-0,True
附件一（训练集）.xlsx|材料1|3027,材料1|70|梯形波|52|-10,1,q4-ridge-fold-1,True
附件一（训练集）.xlsx|材料1|3132,材料1|70|梯形波|55|-15,2,q4-ridge-fold-2,True
附件一（训练集）.xlsx|材料4|417,材料4|70|正弦波|46|-13,1,q4-ridge-fold-1,True
附件一（训练集）.xlsx|材料4|150,材料4|25|正弦波|53|-16,0,q4-ridge-fold-0,True
附件一（训练集）.xlsx|材料1|1373,材料1|25|三角波|49|-11,2,q4-ridge-fold-2,True
附件一（训练集）.xlsx|材料4|2511,材料4|70|梯形波|49|-11,4,q4-ridge-fold-4,True
附件一（训练集）.xlsx|材料2|587,材料2|25|正弦波|55|-18,4,q4-ridge-fold-4,True
附件一（训练集）.xlsx|材料3|2030,材料3|25|梯形波|48|-12,1,q4-ridge-fold-1,True
附件一（训练集）.xlsx|材料1|2756,材料1|50|梯形波|52|-16,2,q4-ridge-fold-2,True
附件一（训练集）.xlsx|材料3|2686,材料3|70|梯形波|55|-12,3,q4-ridge-fold-3,True
附件一（训练集）.xlsx|材料3|3188,材料3|90|梯形波|56|-18,3,q4-ridge-fold-3,True
附件一（训练集）.xlsx|材料3|2193,材料3|25|梯形波|48|-11,0,q4-ridge-fold-0,True
附件一（训练集）.xlsx|材料4|2680,材料4|90|梯形波|48|-14,2,q4-ridge-fold-2,True
附件一（训练集）.xlsx|材料3|1036,材料3|25|三角波|54|-21,4,q4-ridge-fold-4,True
附件一（训练集）.xlsx|材料3|624,材料3|50|正弦波|52|-14,2,q4-ridge-fold-2,True
附件一（训练集）.xlsx|材料3|211,材料3|70|正弦波|52|-16,3,q4-ridge-fold-3,True
附件一（训练集）.xlsx|材料4|783,材料4|90|正弦波|53|-20,4,q4-ridge-fold-4,True
附件一（训练集）.xlsx|材料1|3397,材料1|90|梯形波|55|-16,2,q4-ridge-fold-2,True
附件一（训练集）.xlsx|材料2|937,材料2|90|正弦波|52|-19,4,q4-ridge-fold-4,True
附件一（训练集）.xlsx|材料4|2101,材料4|25|梯形波|46|-10,3,q4-ridge-fold-3,True
附件一（训练集）.xlsx|材料3|1012,材料3|25|三角波|48|-17,4,q4-ridge-fold-4,True
附件一（训练集）.xlsx|材料3|1902,材料3|90|三角波|52|-15,4,q4-ridge-fold-4,True
附件一（训练集）.xlsx|材料2|2003,材料2|90|三角波|50|-8,2,q4-ridge-fold-2,True
附件一（训练集）.xlsx|材料4|2506,材料4|70|梯形波|49|-15,2,q4-ridge-fold-2,True
附件一（训练集）.xlsx|材料3|896,材料3|50|正弦波|53|-18,1,q4-ridge-fold-1,True
附件一（训练集）.xlsx|材料3|115,材料3|50|正弦波|49|-18,4,q4-ridge-fold-4,True
附件一（训练集）.xlsx|材料1|2328,材料1|25|三角波|55|-9,2,q4-ridge-fold-2,True
附件一（训练集）.xlsx|材料2|1063,材料2|25|正弦波|52|-13,0,q4-ridge-fold-0,True
附件一（训练集）.xlsx|材料1|921,材料1|90|正弦波|50|-9,3,q4-ridge-fold-3,True
附件一（训练集）.xlsx|材料4|438,材料4|70|正弦波|47|-14,1,q4-ridge-fold-1,True
附件一（训练集）.xlsx|材料3|2767,材料3|70|梯形波|55|-14,2,q4-ridge-fold-2,True
附件一（训练集）.xlsx|材料2|581,材料2|25|正弦波|55|-17,1,q4-ridge-fold-1,True
附件一（训练集）.xlsx|材料3|1938,材料3|90|三角波|55|-21,4,q4-ridge-fold-4,True
附件一（训练集）.xlsx|材料4|1614,材料4|70|三角波|48|-16,0,q4-ridge-fold-0,True
附件一（训练集）.xlsx|材料1|2960,材料1|70|梯形波|49|-14,4,q4-ridge-fold-4,True
附件一（训练集）.xlsx|材料1|672,材料1|70|正弦波|51|-17,4,q4-ridge-fold-4,True
附件一（训练集）.xlsx|材料4|2369,材料4|50|梯形波|51|-13,2,q4-ridge-fold-2,True
附件一（训练集）.xlsx|材料4|2688,材料4|90|梯形波|48|-7,4,q4-ridge-fold-4,True
附件一（训练集）.xlsx|材料3|1388,材料3|50|三角波|49|-8,2,q4-ridge-fold-2,True
附件一（训练集）.xlsx|材料4|1935,材料4|25|三角波|48|-13,0,q4-ridge-fold-0,True
附件一（训练集）.xlsx|材料4|1301,材料4|50|三角波|55|-19,0,q4-ridge-fold-0,True
附件一（训练集）.xlsx|材料1|665,材料1|70|正弦波|50|-9,3,q4-ridge-fold-3,True
附件一（训练集）.xlsx|材料2|1318,材料2|25|三角波|54|-8,4,q4-ridge-fold-4,True
附件一（训练集）.xlsx|材料2|2275,材料2|50|三角波|55|-18,0,q4-ridge-fold-0,True
附件一（训练集）.xlsx|材料4|1891,材料4|90|三角波|49|-11,2,q4-ridge-fold-2,True
附件一（训练集）.xlsx|材料4|128,材料4|25|正弦波|52|-11,1,q4-ridge-fold-1,True
附件一（训练集）.xlsx|材料4|1857,材料4|90|三角波|48|-15,1,q4-ridge-fold-1,True
附件一（训练集）.xlsx|材料3|1047,材料3|25|三角波|55|-18,0,q4-ridge-fold-0,True
附件一（训练集）.xlsx|材料3|27,材料3|25|正弦波|49|-16,0,q4-ridge-fold-0,True
附件一（训练集）.xlsx|材料2|416,材料2|90|正弦波|49|-13,0,q4-ridge-fold-0,True
附件一（训练集）.xlsx|材料1|3060,材料1|70|梯形波|52|-14,4,q4-ridge-fold-4,True
附件一（训练集）.xlsx|材料4|2289,材料4|50|梯形波|48|-8,1,q4-ridge-fold-1,True
附件一（训练集）.xlsx|材料4|2405,材料4|70|三角波|55|-15,1,q4-ridge-fold-1,True
附件一（训练集）.xlsx|材料1|3323,材料1|90|梯形波|52|-17,1,q4-ridge-fold-1,True
附件一（训练集）.xlsx|材料3|1730,材料3|70|三角波|54|-8,3,q4-ridge-fold-3,True
附件一（训练集）.xlsx|材料2|1706,材料2|70|三角波|49|-11,1,q4-ridge-fold-1,True
附件一（训练集）.xlsx|材料1|843,材料1|90|正弦波|48|-14,2,q4-ridge-fold-2,True
附件一（训练集）.xlsx|材料1|2203,材料1|90|三角波|55|-19,0,q4-ridge-fold-0,True
附件一（训练集）.xlsx|材料3|2847,材料3|70|梯形波|54|-19,3,q4-ridge-fold-3,True
附件一（训练集）.xlsx|材料3|2503,材料3|50|梯形波|48|-11,3,q4-ridge-fold-3,True
附件一（训练集）.xlsx|材料4|2458,材料4|70|三角波|55|-11,3,q4-ridge-fold-3,True
附件一（训练集）.xlsx|材料2|309,材料2|90|正弦波|50|-9,2,q4-ridge-fold-2,True
附件一（训练集）.xlsx|材料1|2105,材料1|90|三角波|52|-16,2,q4-ridge-fold-2,True
附件一（训练集）.xlsx|材料2|2553,材料2|70|梯形波|52|-17,4,q4-ridge-fold-4,True
附件一（训练集）.xlsx|材料3|2750,材料3|70|梯形波|52|-9,1,q4-ridge-fold-1,True
附件一（训练集）.xlsx|材料2|2941,材料2|90|梯形波|51|-16,3,q4-ridge-fold-3,True
附件一（训练集）.xlsx|材料3|1352,材料3|50|三角波|52|-9,2,q4-ridge-fold-2,True
附件一（训练集）.xlsx|材料4|2470,材料4|70|梯形波|47|-12,0,q4-ridge-fold-0,True
附件一（训练集）.xlsx|材料1|2405,材料1|25|梯形波|48|-15,0,q4-ridge-fold-0,True
附件一（训练集）.xlsx|材料2|2924,材料2|90|梯形波|48|-8,4,q4-ridge-fold-4,True
附件一（训练集）.xlsx|材料2|921,材料2|70|正弦波|49|-6,4,q4-ridge-fold-4,True
附件一（训练集）.xlsx|材料3|1615,材料3|70|三角波|56|-19,4,q4-ridge-fold-4,True
附件一（训练集）.xlsx|材料4|672,材料4|90|正弦波|49|-13,1,q4-ridge-fold-1,True
附件一（训练集）.xlsx|材料2|2173,材料2|25|梯形波|55|-20,4,q4-ridge-fold-4,True
附件一（训练集）.xlsx|材料3|2381,材料3|50|梯形波|54|-10,0,q4-ridge-fold-0,True
附件一（训练集）.xlsx|材料3|2568,材料3|50|梯形波|55|-20,2,q4-ridge-fold-2,True
附件一（训练集）.xlsx|材料1|3081,材料1|70|梯形波|53|-11,1,q4-ridge-fold-1,True
附件一（训练集）.xlsx|材料4|1726,材料4|90|三角波|51|-12,1,q4-ridge-fold-1,True
附件一（训练集）.xlsx|材料1|720,材料1|70|正弦波|52|-20,3,q4-ridge-fold-3,True
附件一（训练集）.xlsx|材料1|1248,材料1|25|三角波|55|-20,0,q4-ridge-fold-0,True
附件一（训练集）.xlsx|材料3|1623,材料3|70|三角波|48|-11,4,q4-ridge-fold-4,True
附件一（训练集）.xlsx|材料1|3150,材料1|90|三角波|55|-10,3,q4-ridge-fold-3,True
附件一（训练集）.xlsx|材料2|2917,材料2|90|梯形波|46|-11,4,q4-ridge-fold-4,True
附件一（训练集）.xlsx|材料1|1171,材料1|25|三角波|52|-13,3,q4-ridge-fold-3,True
附件一（训练集）.xlsx|材料1|3382,材料1|90|梯形波|54|-14,0,q4-ridge-fold-0,True
附件一（训练集）.xlsx|材料4|850,材料4|50|正弦波|47|-9,1,q4-ridge-fold-1,True
附件一（训练集）.xlsx|材料1|3170,材料1|90|梯形波|46|-12,3,q4-ridge-fold-3,True
附件一（训练集）.xlsx|材料3|3046,材料3|90|梯形波|51|-10,3,q4-ridge-fold-3,True
附件一（训练集）.xlsx|材料2|469,材料2|50|正弦波|49|-9,4,q4-ridge-fold-4,True
附件一（训练集）.xlsx|材料4|462,材料4|70|正弦波|49|-12,3,q4-ridge-fold-3,True
附件一（训练集）.xlsx|材料4|152,材料4|25|正弦波|53|-15,2,q4-ridge-fold-2,True
附件一（训练集）.xlsx|材料4|43,材料4|25|正弦波|49|-14,3,q4-ridge-fold-3,True
附件一（训练集）.xlsx|材料4|765,材料4|90|正弦波|52|-15,3,q4-ridge-fold-3,True
附件一（训练集）.xlsx|材料4|1713,材料4|90|三角波|50|-11,4,q4-ridge-fold-4,True
附件一（训练集）.xlsx|材料1|3373,材料1|90|梯形波|54|-19,0,q4-ridge-fold-0,True
附件一（训练集）.xlsx|材料1|2301,材料1|90|三角波|49|-12,4,q4-ridge-fold-4,True
附件一（训练集）.xlsx|材料1|1925,材料1|70|三角波|56|-15,1,q4-ridge-fold-1,True
附件一（训练集）.xlsx|材料4|2609,材料4|90|三角波|55|-19,3,q4-ridge-fold-3,True
附件一（训练集）.xlsx|材料2|1323,材料2|25|三角波|55|-12,4,q4-ridge-fold-4,True
附件一（训练集）.xlsx|材料4|1377,材料4|50|三角波|49|-10,0,q4-ridge-fold-0,True
附件一（训练集）.xlsx|材料2|1674,材料2|70|三角波|55|-13,3,q4-ridge-fold-3,True
附件一（训练集）.xlsx|材料2|1306,材料2|25|三角波|52|-15,1,q4-ridge-fold-1,True
附件一（训练集）.xlsx|材料4|490,材料4|70|正弦波|50|-19,4,q4-ridge-fold-4,True
附件一（训练集）.xlsx|材料4|1431,材料4|70|三角波|48|-12,3,q4-ridge-fold-3,True
附件一（训练集）.xlsx|材料4|435,材料4|70|正弦波|47|-17,4,q4-ridge-fold-4,True
附件一（训练集）.xlsx|材料4|908,材料4|25|三角波|48|-11,1,q4-ridge-fold-1,True
附件一（训练集）.xlsx|材料1|1630,材料1|50|三角波|47|-8,1,q4-ridge-fold-1,True
附件一（训练集）.xlsx|材料3|1145,材料3|25|三角波|49|-11,1,q4-ridge-fold-1,True
附件一（训练集）.xlsx|材料1|2449,材料1|25|梯形波|50|-12,1,q4-ridge-fold-1,True
附件一（训练集）.xlsx|材料3|2870,材料3|70|梯形波|55|-21,2,q4-ridge-fold-2,True
附件一（训练集）.xlsx|材料3|1202,材料3|25|三角波|55|-10,3,q4-ridge-fold-3,True
附件一（训练集）.xlsx|材料3|2116,材料3|25|梯形波|49|-6,0,q4-ridge-fold-0,True
附件一（训练集）.xlsx|材料2|1470,材料2|50|三角波|52|-17,0,q4-ridge-fold-0,True
附件一（训练集）.xlsx|材料4|953,材料4|25|三角波|51|-12,3,q4-ridge-fold-3,True
附件一（训练集）.xlsx|材料2|207,材料2|70|正弦波|49|-16,1,q4-ridge-fold-1,True
附件一（训练集）.xlsx|材料2|472,材料2|25|正弦波|49|-12,1,q4-ridge-fold-1,True
附件一（训练集）.xlsx|材料2|2405,材料2|50|梯形波|55|-18,1,q4-ridge-fold-1,True
附件一（训练集）.xlsx|材料3|3085,材料3|90|梯形波|55|-11,0,q4-ridge-fold-0,True
附件一（训练集）.xlsx|材料2|2985,材料2|90|梯形波|55|-10,3,q4-ridge-fold-3,True
附件一（训练集）.xlsx|材料4|162,材料4|25|正弦波|55|-20,3,q4-ridge-fold-3,True
附件一（训练集）.xlsx|材料1|2789,材料1|50|梯形波|52|-9,4,q4-ridge-fold-4,True
附件一（训练集）.xlsx|材料3|1298,材料3|50|三角波|54|-12,1,q4-ridge-fold-1,True
附件一（训练集）.xlsx|材料1|1814,材料1|70|三角波|52|-12,4,q4-ridge-fold-4,True
附件一（训练集）.xlsx|材料1|1382,材料1|25|三角波|50|-15,3,q4-ridge-fold-3,True
附件一（训练集）.xlsx|材料1|2602,材料1|50|三角波|55|-17,2,q4-ridge-fold-2,True
附件一（训练集）.xlsx|材料1|2221,材料1|90|三角波|55|-16,1,q4-ridge-fold-1,True
附件一（训练集）.xlsx|材料2|1917,材料2|90|三角波|48|-6,0,q4-ridge-fold-0,True
附件一（训练集）.xlsx|材料1|1767,材料1|70|三角波|52|-15,2,q4-ridge-fold-2,True
附件一（训练集）.xlsx|材料2|1043,材料2|25|正弦波|49|-10,0,q4-ridge-fold-0,True
附件一（训练集）.xlsx|材料3|2940,材料3|90|梯形波|48|-8,0,q4-ridge-fold-0,True
附件一（训练集）.xlsx|材料2|1076,材料2|25|正弦波|53|-19,3,q4-ridge-fold-3,True
附件一（训练集）.xlsx|材料4|351,材料4|50|正弦波|52|-12,0,q4-ridge-fold-0,True
附件一（训练集）.xlsx|材料1|1567,材料1|50|三角波|55|-16,1,q4-ridge-fold-1,True
附件一（训练集）.xlsx|材料1|235,材料1|25|正弦波|53|-14,2,q4-ridge-fold-2,True
附件一（训练集）.xlsx|材料1|2018,材料1|90|三角波|47|-7,2,q4-ridge-fold-2,True
附件一（训练集）.xlsx|材料1|1178,材料1|25|三角波|52|-9,1,q4-ridge-fold-1,True
附件一（训练集）.xlsx|材料1|2885,材料1|70|三角波|55|-17,3,q4-ridge-fold-3,True
附件一（训练集）.xlsx|材料1|1660,材料1|50|三角波|49|-9,3,q4-ridge-fold-3,True
附件一（训练集）.xlsx|材料3|3040,材料3|90|梯形波|49|-6,4,q4-ridge-fold-4,True
附件一（训练集）.xlsx|材料2|2730,材料2|70|梯形波|54|-10,4,q4-ridge-fold-4,True
附件一（训练集）.xlsx|材料4|1405,材料4|50|三角波|50|-16,4,q4-ridge-fold-4,True
附件一（训练集）.xlsx|材料3|1232,材料3|25|三角波|50|-11,3,q4-ridge-fold-3,True
附件一（训练集）.xlsx|材料4|1826,材料4|90|三角波|55|-18,3,q4-ridge-fold-3,True
附件一（训练集）.xlsx|材料2|2979,材料2|90|梯形波|55|-17,2,q4-ridge-fold-2,True
附件一（训练集）.xlsx|材料2|2845,材料2|90|梯形波|48|-13,2,q4-ridge-fold-2,True
附件一（训练集）.xlsx|材料3|284,材料3|90|正弦波|50|-15,2,q4-ridge-fold-2,True
附件一（训练集）.xlsx|材料1|2543,材料1|25|梯形波|52|-7,0,q4-ridge-fold-0,True
附件一（训练集）.xlsx|材料2|62,材料2|25|正弦波|52|-13,0,q4-ridge-fold-0,True
附件一（训练集）.xlsx|材料1|963,材料1|90|正弦波|52|-15,4,q4-ridge-fold-4,True
附件一（训练集）.xlsx|材料1|220,材料1|25|正弦波|52|-13,4,q4-ridge-fold-4,True
附件一（训练集）.xlsx|材料1|567,材料1|70|正弦波|47|-13,2,q4-ridge-fold-2,True
附件一（训练集）.xlsx|材料1|1175,材料1|25|三角波|52|-11,2,q4-ridge-fold-2,True
附件一（训练集）.xlsx|材料2|739,材料2|70|正弦波|52|-16,3,q4-ridge-fold-3,True
附件一（训练集）.xlsx|材料4|2465,材料4|70|梯形波|47|-16,4,q4-ridge-fold-4,True
附件一（训练集）.xlsx|材料2|2129,材料2|25|梯形波|46|-6,3,q4-ridge-fold-3,True
附件一（训练集）.xlsx|材料3|2159,材料3|25|梯形波|55|-17,3,q4-ridge-fold-3,True
附件一（训练集）.xlsx|材料2|274,材料2|90|正弦波|46|-14,2,q4-ridge-fold-2,True
附件一（训练集）.xlsx|材料4|1563,材料4|70|三角波|55|-20,1,q4-ridge-fold-1,True
附件一（训练集）.xlsx|材料4|851,材料4|90|正弦波|48|-15,2,q4-ridge-fold-2,True
附件一（训练集）.xlsx|材料3|1901,材料3|90|三角波|52|-16,1,q4-ridge-fold-1,True
附件一（训练集）.xlsx|材料3|1147,材料3|25|三角波|49|-8,0,q4-ridge-fold-0,True
附件一（训练集）.xlsx|材料3|2168,材料3|25|梯形波|55|-18,0,q4-ridge-fold-0,True
附件一（训练集）.xlsx|材料1|1877,材料1|70|三角波|55|-18,3,q4-ridge-fold-3,True
附件一（训练集）.xlsx|材料4|303,材料4|50|正弦波|51|-16,3,q4-ridge-fold-3,True
附件一（训练集）.xlsx|材料2|825,材料2|90|正弦波|52|-12,2,q4-ridge-fold-2,True
附件一（训练集）.xlsx|材料3|1846,材料3|90|三角波|54|-15,4,q4-ridge-fold-4,True
附件一（训练集）.xlsx|材料3|1300,材料3|50|三角波|55|-21,0,q4-ridge-fold-0,True
附件一（训练集）.xlsx|材料4|2714,材料4|90|梯形波|49|-9,4,q4-ridge-fold-4,True
附件一（训练集）.xlsx|材料4|198,材料4|50|正弦波|46|-12,0,q4-ridge-fold-0,True
附件一（训练集）.xlsx|材料4|1739,材料4|90|三角波|52|-12,2,q4-ridge-fold-2,True
附件一（训练集）.xlsx|材料4|1842,材料4|90|三角波|47|-15,1,q4-ridge-fold-1,True
附件一（训练集）.xlsx|材料3|543,材料3|25|正弦波|52|-10,2,q4-ridge-fold-2,True
附件一（训练集）.xlsx|材料4|2183,材料4|50|三角波|55|-17,2,q4-ridge-fold-2,True
附件一（训练集）.xlsx|材料1|262,材料1|25|正弦波|54|-18,0,q4-ridge-fold-0,True
附件一（训练集）.xlsx|材料1|2204,材料1|90|三角波|55|-18,3,q4-ridge-fold-3,True
附件一（训练集）.xlsx|材料3|1703,材料3|70|三角波|49|-6,2,q4-ridge-fold-2,True
附件一（训练集）.xlsx|材料1|357,材料1|50|正弦波|49|-10,0,q4-ridge-fold-0,True
附件一（训练集）.xlsx|材料2|2312,材料2|50|梯形波|51|-16,3,q4-ridge-fold-3,True
附件一（训练集）.xlsx|材料3|2651,材料3|70|梯形波|51|-10,4,q4-ridge-fold-4,True
附件一（训练集）.xlsx|材料3|2522,材料3|50|梯形波|49|-8,4,q4-ridge-fold-4,True
附件一（训练集）.xlsx|材料3|3057,材料3|90|梯形波|52|-7,1,q4-ridge-fold-1,True
附件一（训练集）.xlsx|材料2|1202,材料2|25|三角波|55|-18,2,q4-ridge-fold-2,True
附件一（训练集）.xlsx|材料2|2412,材料2|50|梯形波|55|-11,1,q4-ridge-fold-1,True
附件一（训练集）.xlsx|材料4|1391,材料4|50|三角波|49|-13,2,q4-ridge-fold-2,True
附件一（训练集）.xlsx|材料1|2265,材料1|90|三角波|48|-7,0,q4-ridge-fold-0,True
附件一（训练集）.xlsx|材料1|2698,材料1|50|梯形波|49|-9,3,q4-ridge-fold-3,True
附件一（训练集）.xlsx|材料2|2353,材料2|50|梯形波|55|-11,1,q4-ridge-fold-1,True
附件一（训练集）.xlsx|材料1|1291,材料1|25|三角波|55|-15,4,q4-ridge-fold-4,True
附件一（训练集）.xlsx|材料4|818,材料4|90|正弦波|55|-18,0,q4-ridge-fold-0,True
附件一（训练集）.xlsx|材料2|104,材料2|50|正弦波|47|-11,1,q4-ridge-fold-1,True
附件一（训练集）.xlsx|材料4|144,材料4|25|正弦波|53|-12,0,q4-ridge-fold-0,True
附件一（训练集）.xlsx|材料4|1602,材料4|70|三角波|48|-13,1,q4-ridge-fold-1,True
附件一（训练集）.xlsx|材料4|935,材料4|25|三角波|50|-14,4,q4-ridge-fold-4,True
附件一（训练集）.xlsx|材料3|903,材料3|50|正弦波|49|-13,2,q4-ridge-fold-2,True
附件一（训练集）.xlsx|材料3|745,材料3|90|正弦波|49|-14,4,q4-ridge-fold-4,True
附件一（训练集）.xlsx|材料4|2701,材料4|90|梯形波|49|-9,4,q4-ridge-fold-4,True
附件一（训练集）.xlsx|材料1|1834,材料1|70|三角波|53|-12,3,q4-ridge-fold-3,True
附件一（训练集）.xlsx|材料4|1295,材料4|50|三角波|54|-15,3,q4-ridge-fold-3,True
附件一（训练集）.xlsx|材料3|472,材料3|25|正弦波|50|-19,3,q4-ridge-fold-3,True
附件一（训练集）.xlsx|材料3|2109,材料3|25|梯形波|48|-6,3,q4-ridge-fold-3,True
附件一（训练集）.xlsx|材料1|3399,材料1|90|梯形波|55|-15,1,q4-ridge-fold-1,True
附件一（训练集）.xlsx|材料4|2020,材料4|25|三角波|55|-12,0,q4-ridge-fold-0,True
附件一（训练集）.xlsx|材料4|1921,材料4|90|三角波|50|-15,3,q4-ridge-fold-3,True
附件一（训练集）.xlsx|材料1|423,材料1|50|正弦波|51|-16,1,q4-ridge-fold-1,True
附件一（训练集）.xlsx|材料3|194,材料3|70|正弦波|49|-11,3,q4-ridge-fold-3,True
附件一（训练集）.xlsx|材料1|2958,材料1|70|梯形波|49|-15,2,q4-ridge-fold-2,True
附件一（训练集）.xlsx|材料3|746,材料3|90|正弦波|49|-12,4,q4-ridge-fold-4,True
附件一（训练集）.xlsx|材料3|702,材料3|70|正弦波|52|-19,0,q4-ridge-fold-0,True
附件一（训练集）.xlsx|材料3|2326,材料3|50|梯形波|46|-9,4,q4-ridge-fold-4,True
附件一（训练集）.xlsx|材料2|314,材料2|90|正弦波|52|-16,3,q4-ridge-fold-3,True
附件一（训练集）.xlsx|材料1|1711,材料1|70|三角波|48|-14,3,q4-ridge-fold-3,True
附件一（训练集）.xlsx|材料3|2398,材料3|50|梯形波|55|-15,2,q4-ridge-fold-2,True
附件一（训练集）.xlsx|材料1|1638,材料1|50|三角波|48|-12,0,q4-ridge-fold-0,True
附件一（训练集）.xlsx|材料1|1130,材料1|25|三角波|51|-12,0,q4-ridge-fold-0,True
附件一（训练集）.xlsx|材料4|1178,材料4|50|三角波|48|-17,3,q4-ridge-fold-3,True
附件一（训练集）.xlsx|材料3|2818,材料3|70|梯形波|51|-16,4,q4-ridge-fold-4,True
附件一（训练集）.xlsx|材料1|3144,材料1|90|三角波|55|-14,0,q4-ridge-fold-0,True
附件一（训练集）.xlsx|材料3|705,材料3|70|正弦波|52|-13,1,q4-ridge-fold-1,True
附件一（训练集）.xlsx|材料3|1201,材料3|25|三角波|55|-12,0,q4-ridge-fold-0,True
附件一（训练集）.xlsx|材料3|378,材料3|90|正弦波|55|-20,1,q4-ridge-fold-1,True
附件一（训练集）.xlsx|材料3|2559,材料3|50|梯形波|55|-19,4,q4-ridge-fold-4,True
附件一（训练集）.xlsx|材料2|562,材料2|25|正弦波|52|-19,3,q4-ridge-fold-3,True
附件一（训练集）.xlsx|材料1|2887,材料1|70|三角波|55|-16,0,q4-ridge-fold-0,True
附件一（训练集）.xlsx|材料2|2026,材料2|90|三角波|54|-7,0,q4-ridge-fold-0,True
附件一（训练集）.xlsx|材料4|2154,材料4|25|梯形波|49|-8,3,q4-ridge-fold-3,True
附件一（训练集）.xlsx|材料2|26,材料2|25|正弦波|49|-18,3,q4-ridge-fold-3,True
附件一（训练集）.xlsx|材料4|1353,材料4|50|三角波|48|-15,2,q4-ridge-fold-2,True
附件一（训练集）.xlsx|材料2|2191,材料2|25|梯形波|56|-20,1,q4-ridge-fold-1,True
附件一（训练集）.xlsx|材料3|1319,材料3|50|三角波|56|-16,1,q4-ridge-fold-1,True
附件一（训练集）.xlsx|材料4|282,材料4|50|正弦波|50|-12,3,q4-ridge-fold-3,True
附件一（训练集）.xlsx|材料3|2734,材料3|70|梯形波|51|-8,3,q4-ridge-fold-3,True
附件一（训练集）.xlsx|材料2|2510,材料2|50|梯形波|47|-11,4,q4-ridge-fold-4,True
附件一（训练集）.xlsx|材料1|1867,材料1|70|三角波|54|-15,3,q4-ridge-fold-3,True
附件一（训练集）.xlsx|材料2|2051,材料2|25|三角波|52|-16,1,q4-ridge-fold-1,True
附件一（训练集）.xlsx|材料3|1033,材料3|25|三角波|52|-19,0,q4-ridge-fold-0,True
附件一（训练集）.xlsx|材料4|1797,材料4|90|三角波|54|-13,3,q4-ridge-fold-3,True
附件一（训练集）.xlsx|材料3|2257,材料3|25|梯形波|55|-19,4,q4-ridge-fold-4,True
附件一（训练集）.xlsx|材料3|977,材料3|25|正弦波|49|-14,2,q4-ridge-fold-2,True
附件一（训练集）.xlsx|材料4|2424,材料4|70|三角波|50|-15,1,q4-ridge-fold-1,True
附件一（训练集）.xlsx|材料1|2989,材料1|70|梯形波|51|-14,4,q4-ridge-fold-4,True
附件一（训练集）.xlsx|材料4|62,材料4|25|正弦波|49|-16,0,q4-ridge-fold-0,True
附件一（训练集）.xlsx|材料3|1728,材料3|70|三角波|54|-13,1,q4-ridge-fold-1,True
附件一（训练集）.xlsx|材料2|553,材料2|25|正弦波|52|-17,2,q4-ridge-fold-2,True
附件一（训练集）.xlsx|材料1|2892,材料1|70|三角波|55|-10,4,q4-ridge-fold-4,True
附件一（训练集）.xlsx|材料3|3127,材料3|90|梯形波|49|-12,2,q4-ridge-fold-2,True
附件一（训练集）.xlsx|材料4|261,材料4|50|正弦波|49|-16,2,q4-ridge-fold-2,True
附件一（训练集）.xlsx|材料1|2414,材料1|25|梯形波|48|-6,2,q4-ridge-fold-2,True
附件一（训练集）.xlsx|材料2|2737,材料2|70|梯形波|55|-19,4,q4-ridge-fold-4,True
附件一（训练集）.xlsx|材料2|184,材料2|70|正弦波|46|-12,2,q4-ridge-fold-2,True
附件一（训练集）.xlsx|材料3|2934,材料3|90|梯形波|48|-14,1,q4-ridge-fold-1,True
附件一（训练集）.xlsx|材料2|2859,材料2|90|梯形波|49|-12,0,q4-ridge-fold-0,True
附件一（训练集）.xlsx|材料1|898,材料1|90|正弦波|49|-10,0,q4-ridge-fold-0,True
附件一（训练集）.xlsx|材料1|1837,材料1|70|三角波|53|-11,3,q4-ridge-fold-3,True
附件一（训练集）.xlsx|材料3|2246,材料3|25|梯形波|54|-19,1,q4-ridge-fold-1,True
附件一（训练集）.xlsx|材料4|1686,材料4|90|三角波|48|-17,1,q4-ridge-fold-1,True
附件一（训练集）.xlsx|材料1|94,材料1|25|正弦波|49|-13,4,q4-ridge-fold-4,True
附件一（训练集）.xlsx|材料1|2658,材料1|50|梯形波|48|-11,4,q4-ridge-fold-4,True
附件一（训练集）.xlsx|材料4|1586,材料4|70|三角波|47|-15,0,q4-ridge-fold-0,True
附件一（训练集）.xlsx|材料1|1575,材料1|50|三角波|55|-11,4,q4-ridge-fold-4,True
附件一（训练集）.xlsx|材料3|2318,材料3|50|三角波|55|-12,3,q4-ridge-fold-3,True
附件一（训练集）.xlsx|材料1|260,材料1|25|正弦波|54|-19,0,q4-ridge-fold-0,True
附件一（训练集）.xlsx|材料1|2503,材料1|25|梯形波|52|-11,0,q4-ridge-fold-0,True
附件一（训练集）.xlsx|材料4|979,材料4|25|三角波|52|-15,0,q4-ridge-fold-0,True
附件一（训练集）.xlsx|材料2|1856,材料2|90|三角波|49|-10,3,q4-ridge-fold-3,True
附件一（训练集）.xlsx|材料2|2145,材料2|25|梯形波|49|-6,3,q4-ridge-fold-3,True
附件一（训练集）.xlsx|材料2|1500,材料2|50|三角波|55|-13,4,q4-ridge-fold-4,True
附件一（训练集）.xlsx|材料4|2526,材料4|70|梯形波|49|-9,2,q4-ridge-fold-2,True
附件一（训练集）.xlsx|材料4|1751,材料4|90|三角波|52|-15,4,q4-ridge-fold-4,True
附件一（训练集）.xlsx|材料2|2402,材料2|50|梯形波|54|-10,3,q4-ridge-fold-3,True
附件一（训练集）.xlsx|材料2|239,材料2|70|正弦波|52|-13,0,q4-ridge-fold-0,True
附件一（训练集）.xlsx|材料4|689,材料4|90|正弦波|49|-12,0,q4-ridge-fold-0,True
附件一（训练集）.xlsx|材料2|1596,材料2|70|三角波|52|-14,0,q4-ridge-fold-0,True
附件一（训练集）.xlsx|材料1|2555,材料1|25|梯形波|53|-11,3,q4-ridge-fold-3,True
附件一（训练集）.xlsx|材料4|1624,材料4|70|三角波|49|-8,1,q4-ridge-fold-1,True
附件一（训练集）.xlsx|材料4|2274,材料4|50|梯形波|47|-10,1,q4-ridge-fold-1,True
附件一（训练集）.xlsx|材料3|1595,材料3|70|三角波|54|-19,1,q4-ridge-fold-1,True
附件一（训练集）.xlsx|材料4|2188,材料4|50|三角波|55|-20,0,q4-ridge-fold-0,True
附件一（训练集）.xlsx|材料4|516,材料4|70|正弦波|51|-19,3,q4-ridge-fold-3,True
附件一（训练集）.xlsx|材料3|1638,材料3|70|三角波|49|-9,3,q4-ridge-fold-3,True
附件一（训练集）.xlsx|材料1|1381,材料1|25|三角波|50|-16,2,q4-ridge-fold-2,True
附件一（训练集）.xlsx|材料1|4,材料1|25|正弦波|46|-15,0,q4-ridge-fold-0,True
附件一（训练集）.xlsx|材料3|1433,材料3|50|三角波|55|-20,4,q4-ridge-fold-4,True
附件一（训练集）.xlsx|材料3|2050,材料3|25|梯形波|51|-11,0,q4-ridge-fold-0,True
附件一（训练集）.xlsx|材料1|3051,材料1|70|梯形波|52|-7,1,q4-ridge-fold-1,True
附件一（训练集）.xlsx|材料2|418,材料2|50|正弦波|49|-13,4,q4-ridge-fold-4,True
附件一（训练集）.xlsx|材料2|2885,材料2|90|梯形波|54|-18,3,q4-ridge-fold-3,True
附件一（训练集）.xlsx|材料3|582,材料3|50|正弦波|47|-16,2,q4-ridge-fold-2,True
附件一（训练集）.xlsx|材料2|1724,材料2|70|三角波|52|-15,4,q4-ridge-fold-4,True
附件一（训练集）.xlsx|材料1|380,材料1|50|正弦波|49|-7,3,q4-ridge-fold-3,True
附件一（训练集）.xlsx|材料1|191,材料1|25|正弦波|52|-19,2,q4-ridge-fold-2,True
附件一（训练集）.xlsx|材料1|1987,材料1|70|三角波|49|-14,0,q4-ridge-fold-0,True
附件一（训练集）.xlsx|材料2|780,材料2|90|正弦波|47|-8,0,q4-ridge-fold-0,True
附件一（训练集）.xlsx|材料4|467,材料4|70|正弦波|49|-19,4,q4-ridge-fold-4,True
附件一（训练集）.xlsx|材料4|2226,材料4|50|三角波|50|-15,1,q4-ridge-fold-1,True
附件一（训练集）.xlsx|材料2|2719,材料2|70|梯形波|52|-11,2,q4-ridge-fold-2,True
附件一（训练集）.xlsx|材料2|1197,材料2|25|三角波|55|-14,2,q4-ridge-fold-2,True
附件一（训练集）.xlsx|材料4|19,材料4|25|正弦波|47|-12,4,q4-ridge-fold-4,True
附件一（训练集）.xlsx|材料1|1299,材料1|25|三角波|56|-19,2,q4-ridge-fold-2,True
附件一（训练集）.xlsx|材料3|2944,材料3|90|梯形波|49|-13,1,q4-ridge-fold-1,True
附件一（训练集）.xlsx|材料2|1452,材料2|50|三角波|49|-15,1,q4-ridge-fold-1,True
附件一（训练集）.xlsx|材料3|2430,材料3|50|梯形波|51|-12,2,q4-ridge-fold-2,True
附件一（训练集）.xlsx|材料4|378,材料4|50|正弦波|54|-17,0,q4-ridge-fold-0,True
附件一（训练集）.xlsx|材料2|2716,材料2|70|梯形波|52|-14,2,q4-ridge-fold-2,True
附件一（训练集）.xlsx|材料4|1044,材料4|25|三角波|55|-18,4,q4-ridge-fold-4,True
附件一（训练集）.xlsx|材料2|2111,材料2|25|梯形波|55|-15,4,q4-ridge-fold-4,True
附件一（训练集）.xlsx|材料2|2490,材料2|50|梯形波|55|-18,1,q4-ridge-fold-1,True
附件一（训练集）.xlsx|材料4|1537,材料4|70|三角波|54|-17,2,q4-ridge-fold-2,True
附件一（训练集）.xlsx|材料4|213,材料4|50|正弦波|47|-17,4,q4-ridge-fold-4,True
附件一（训练集）.xlsx|材料4|2738,材料4|90|梯形波|51|-15,1,q4-ridge-fold-1,True
附件一（训练集）.xlsx|材料2|782,材料2|90|正弦波|49|-18,0,q4-ridge-fold-0,True
附件一（训练集）.xlsx|材料3|1009,材料3|25|正弦波|52|-11,2,q4-ridge-fold-2,True
附件一（训练集）.xlsx|材料4|1865,材料4|90|三角波|48|-10,3,q4-ridge-fold-3,True
附件一（训练集）.xlsx|材料1|1282,材料1|25|三角波|55|-12,0,q4-ridge-fold-0,True
附件一（训练集）.xlsx|材料4|14,材料4|25|正弦波|47|-15,2,q4-ridge-fold-2,True
附件一（训练集）.xlsx|材料4|484,材料4|70|正弦波|49|-13,4,q4-ridge-fold-4,True
附件一（训练集）.xlsx|材料3|595,材料3|50|正弦波|49|-17,1,q4-ridge-fold-1,True
附件一（训练集）.xlsx|材料1|3209,材料1|90|梯形波|49|-12,3,q4-ridge-fold-3,True
附件一（训练集）.xlsx|材料1|3301,材料1|90|梯形波|52|-8,2,q4-ridge-fold-2,True
附件一（训练集）.xlsx|材料1|3109,材料1|70|梯形波|54|-18,4,q4-ridge-fold-4,True
附件一（训练集）.xlsx|材料1|134,材料1|25|正弦波|50|-13,2,q4-ridge-fold-2,True
附件一（训练集）.xlsx|材料3|37,材料3|25|正弦波|50|-17,2,q4-ridge-fold-2,True
附件一（训练集）.xlsx|材料1|2883,材料1|70|三角波|55|-8,2,q4-ridge-fold-2,True
附件一（训练集）.xlsx|材料3|329,材料3|50|正弦波|52|-19,2,q4-ridge-fold-2,True
附件一（训练集）.xlsx|材料2|336,材料2|90|正弦波|53|-12,4,q4-ridge-fold-4,True
附件一（训练集）.xlsx|材料1|205,材料1|25|正弦波|52|-10,4,q4-ridge-fold-4,True
附件一（训练集）.xlsx|材料1|2681,材料1|50|梯形波|49|-11,2,q4-ridge-fold-2,True
附件一（训练集）.xlsx|材料4|987,材料4|25|三角波|52|-19,4,q4-ridge-fold-4,True
附件一（训练集）.xlsx|材料2|2389,材料2|50|梯形波|52|-11,3,q4-ridge-fold-3,True
附件一（训练集）.xlsx|材料1|2532,材料1|25|梯形波|52|-17,2,q4-ridge-fold-2,True
附件一（训练集）.xlsx|材料3|866,材料3|70|正弦波|52|-15,4,q4-ridge-fold-4,True
附件一（训练集）.xlsx|材料4|824,材料4|90|正弦波|55|-14,0,q4-ridge-fold-0,True
附件一（训练集）.xlsx|材料2|517,材料2|25|正弦波|46|-8,3,q4-ridge-fold-3,True
附件一（训练集）.xlsx|材料1|1017,材料1|90|正弦波|53|-15,4,q4-ridge-fold-4,True
附件一（训练集）.xlsx|材料4|853,材料4|90|正弦波|55|-19,1,q4-ridge-fold-1,True
附件一（训练集）.xlsx|材料2|2215,材料2|25|梯形波|49|-10,2,q4-ridge-fold-2,True
附件一（训练集）.xlsx|材料4|1197,材料4|50|三角波|50|-18,1,q4-ridge-fold-1,True
附件一（训练集）.xlsx|材料2|2858,材料2|90|梯形波|49|-14,4,q4-ridge-fold-4,True
附件一（训练集）.xlsx|材料4|1873,材料4|90|三角波|49|-14,1,q4-ridge-fold-1,True
附件一（训练集）.xlsx|材料1|1308,材料1|25|三角波|56|-15,1,q4-ridge-fold-1,True
附件一（训练集）.xlsx|材料2|2825,材料2|90|梯形波|54|-12,0,q4-ridge-fold-0,True
附件一（训练集）.xlsx|材料2|755,材料2|70|正弦波|55|-20,0,q4-ridge-fold-0,True
附件一（训练集）.xlsx|材料2|1553,材料2|50|三角波|54|-10,4,q4-ridge-fold-4,True
附件一（训练集）.xlsx|材料4|1321,材料4|50|三角波|56|-20,2,q4-ridge-fold-2,True
附件一（训练集）.xlsx|材料3|720,材料3|70|正弦波|55|-20,2,q4-ridge-fold-2,True
附件一（训练集）.xlsx|材料4|1876,材料4|90|三角波|48|-12,0,q4-ridge-fold-0,True
附件一（训练集）.xlsx|材料3|2124,材料3|25|梯形波|51|-16,2,q4-ridge-fold-2,True
附件一（训练集）.xlsx|材料1|3366,材料1|90|梯形波|54|-12,1,q4-ridge-fold-1,True
附件一（训练集）.xlsx|材料4|1529,材料4|70|三角波|53|-14,4,q4-ridge-fold-4,True
附件一（训练集）.xlsx|材料2|1201,材料2|25|三角波|55|-19,0,q4-ridge-fold-0,True
附件一（训练集）.xlsx|材料2|983,材料2|25|正弦波|55|-17,1,q4-ridge-fold-1,True
附件一（训练集）.xlsx|材料3|589,材料3|50|正弦波|49|-16,1,q4-ridge-fold-1,True
附件一（训练集）.xlsx|材料2|559,材料2|25|正弦波|52|-9,1,q4-ridge-fold-1,True
附件一（训练集）.xlsx|材料4|2371,材料4|50|梯形波|51|-12,3,q4-ridge-fold-3,True
附件一（训练集）.xlsx|材料2|2695,材料2|70|梯形波|49|-8,2,q4-ridge-fold-2,True
附件一（训练集）.xlsx|材料2|1977,材料2|90|三角波|56|-19,2,q4-ridge-fold-2,True
附件一（训练集）.xlsx|材料2|920,材料2|70|正弦波|55|-12,0,q4-ridge-fold-0,True
附件一（训练集）.xlsx|材料3|1313,材料3|50|三角波|55|-13,4,q4-ridge-fold-4,True
附件一（训练集）.xlsx|材料1|93,材料1|25|正弦波|49|-14,4,q4-ridge-fold-4,True
附件一（训练集）.xlsx|材料1|1060,材料1|90|正弦波|55|-16,4,q4-ridge-fold-4,True
附件一（训练集）.xlsx|材料1|1137,材料1|25|三角波|51|-9,4,q4-ridge-fold-4,True
附件一（训练集）.xlsx|材料1|1304,材料1|25|三角波|56|-17,3,q4-ridge-fold-3,True
附件一（训练集）.xlsx|材料2|690,材料2|70|正弦波|46|-11,2,q4-ridge-fold-2,True
附件一（训练集）.xlsx|材料2|673,材料2|50|正弦波|55|-19,3,q4-ridge-fold-3,True
附件一（训练集）.xlsx|材料3|2709,材料3|70|梯形波|48|-6,3,q4-ridge-fold-3,True
附件一（训练集）.xlsx|材料3|2756,材料3|70|梯形波|54|-15,1,q4-ridge-fold-1,True
附件一（训练集）.xlsx|材料4|83,材料4|25|正弦波|50|-10,0,q4-ridge-fold-0,True
附件一（训练集）.xlsx|材料4|607,材料4|70|正弦波|55|-17,1,q4-ridge-fold-1,True
附件一（训练集）.xlsx|材料2|2758,材料2|90|三角波|55|-20,3,q4-ridge-fold-3,True
附件一（训练集）.xlsx|材料4|1160,材料4|25|三角波|50|-15,4,q4-ridge-fold-4,True
附件一（训练集）.xlsx|材料3|2955,材料3|90|梯形波|51|-11,4,q4-ridge-fold-4,True
附件一（训练集）.xlsx|材料2|882,材料2|50|正弦波|50|-15,1,q4-ridge-fold-1,True
附件一（训练集）.xlsx|材料4|1829,材料4|90|三角波|55|-17,2,q4-ridge-fold-2,True
附件一（训练集）.xlsx|材料3|1913,材料3|90|三角波|52|-15,4,q4-ridge-fold-4,True
附件一（训练集）.xlsx|材料1|3093,材料1|70|梯形波|54|-16,1,q4-ridge-fold-1,True
附件一（训练集）.xlsx|材料4|956,材料4|25|三角波|51|-10,2,q4-ridge-fold-2,True
附件一（训练集）.xlsx|材料3|1838,材料3|90|三角波|52|-11,2,q4-ridge-fold-2,True
附件一（训练集）.xlsx|材料1|445,材料1|50|正弦波|52|-13,0,q4-ridge-fold-0,True
附件一（训练集）.xlsx|材料4|242,材料4|50|正弦波|49|-14,1,q4-ridge-fold-1,True
附件一（训练集）.xlsx|材料4|1633,材料4|70|三角波|49|-14,0,q4-ridge-fold-0,True
附件一（训练集）.xlsx|材料1|231,材料1|25|正弦波|53|-16,0,q4-ridge-fold-0,True
附件一（训练集）.xlsx|材料3|1677,材料3|70|三角波|55|-12,2,q4-ridge-fold-2,True
附件一（训练集）.xlsx|材料1|385,材料1|50|正弦波|50|-18,1,q4-ridge-fold-1,True
附件一（训练集）.xlsx|材料1|2310,材料1|90|三角波|49|-7,2,q4-ridge-fold-2,True
附件一（训练集）.xlsx|材料4|967,材料4|25|三角波|52|-13,2,q4-ridge-fold-2,True
附件一（训练集）.xlsx|材料3|1271,材料3|50|三角波|48|-9,1,q4-ridge-fold-1,True
附件一（训练集）.xlsx|材料1|1965,材料1|70|三角波|48|-8,3,q4-ridge-fold-3,True
附件一（训练集）.xlsx|材料1|736,材料1|70|正弦波|52|-9,4,q4-ridge-fold-4,True
附件一（训练集）.xlsx|材料4|630,材料4|90|正弦波|46|-15,3,q4-ridge-fold-3,True
附件一（训练集）.xlsx|材料3|2192,材料3|25|梯形波|48|-12,1,q4-ridge-fold-1,True
附件一（训练集）.xlsx|材料4|2313,材料4|50|梯形波|49|-11,2,q4-ridge-fold-2,True
附件一（训练集）.xlsx|材料3|90,材料3|50|正弦波|46|-14,3,q4-ridge-fold-3,True
附件一（训练集）.xlsx|材料1|1328,材料1|25|三角波|48|-11,0,q4-ridge-fold-0,True
附件一（训练集）.xlsx|材料2|477,材料2|50|正弦波|49|-8,4,q4-ridge-fold-4,True
附件一（训练集）.xlsx|材料2|2691,材料2|70|梯形波|49|-14,0,q4-ridge-fold-0,True
附件一（训练集）.xlsx|材料1|2771,材料1|50|梯形波|52|-7,2,q4-ridge-fold-2,True
附件一（训练集）.xlsx|材料4|2179,材料4|50|三角波|52|-8,4,q4-ridge-fold-4,True
附件一（训练集）.xlsx|材料2|1660,材料2|70|三角波|54|-20,0,q4-ridge-fold-0,True
附件一（训练集）.xlsx|材料2|2762,材料2|90|三角波|55|-14,2,q4-ridge-fold-2,True
附件一（训练集）.xlsx|材料2|2578,材料2|70|梯形波|55|-21,1,q4-ridge-fold-1,True
附件一（训练集）.xlsx|材料3|1525,材料3|70|三角波|52|-12,0,q4-ridge-fold-0,True
附件一（训练集）.xlsx|材料3|1618,材料3|70|三角波|56|-16,2,q4-ridge-fold-2,True
附件一（训练集）.xlsx|材料3|1392,材料3|50|三角波|49|-12,0,q4-ridge-fold-0,True
附件一（训练集）.xlsx|材料2|2474,材料2|50|梯形波|54|-18,4,q4-ridge-fold-4,True
附件一（训练集）.xlsx|材料2|2324,材料2|50|梯形波|52|-8,4,q4-ridge-fold-4,True
附件一（训练集）.xlsx|材料2|23,材料2|25|正弦波|49|-9,1,q4-ridge-fold-1,True
附件一（训练集）.xlsx|材料2|2099,材料2|25|梯形波|52|-8,4,q4-ridge-fold-4,True
附件一（训练集）.xlsx|材料1|2918,材料1|70|梯形波|48|-14,0,q4-ridge-fold-0,True
附件一（训练集）.xlsx|材料2|939,材料2|50|正弦波|49|-9,4,q4-ridge-fold-4,True
附件一（训练集）.xlsx|材料2|666,材料2|50|正弦波|55|-18,0,q4-ridge-fold-0,True
附件一（训练集）.xlsx|材料2|2868,材料2|90|梯形波|51|-7,0,q4-ridge-fold-0,True
附件一（训练集）.xlsx|材料1|428,材料1|50|正弦波|51|-13,4,q4-ridge-fold-4,True
附件一（训练集）.xlsx|材料3|1468,材料3|50|三角波|50|-11,3,q4-ridge-fold-3,True
附件一（训练集）.xlsx|材料1|2476,材料1|25|梯形波|51|-17,1,q4-ridge-fold-1,True
附件一（训练集）.xlsx|材料3|2110,材料3|25|梯形波|49|-14,4,q4-ridge-fold-4,True
附件一（训练集）.xlsx|材料3|2459,材料3|50|梯形波|54|-17,1,q4-ridge-fold-1,True
附件一（训练集）.xlsx|材料1|515,材料1|50|正弦波|53|-11,4,q4-ridge-fold-4,True
附件一（训练集）.xlsx|材料1|1879,材料1|70|三角波|55|-17,3,q4-ridge-fold-3,True
附件一（训练集）.xlsx|材料4|1167,材料4|50|三角波|47|-13,2,q4-ridge-fold-2,True
附件一（训练集）.xlsx|材料4|404,材料4|50|正弦波|56|-19,1,q4-ridge-fold-1,True
附件一（训练集）.xlsx|材料2|2307,材料2|50|梯形波|49|-8,4,q4-ridge-fold-4,True
附件一（训练集）.xlsx|材料3|1965,材料3|90|三角波|49|-13,4,q4-ridge-fold-4,True
附件一（训练集）.xlsx|材料1|2086,材料1|90|三角波|52|-15,2,q4-ridge-fold-2,True
附件一（训练集）.xlsx|材料3|1168,材料3|25|三角波|52|-8,1,q4-ridge-fold-1,True
附件一（训练集）.xlsx|材料1|2795,材料1|50|梯形波|52|-18,0,q4-ridge-fold-0,True
附件一（训练集）.xlsx|材料4|1146,材料4|25|三角波|49|-12,3,q4-ridge-fold-3,True
附件一（训练集）.xlsx|材料3|186,材料3|70|正弦波|47|-7,1,q4-ridge-fold-1,True
附件一（训练集）.xlsx|材料3|2145,材料3|25|梯形波|52|-17,1,q4-ridge-fold-1,True
附件一（训练集）.xlsx|材料1|2138,材料1|90|三角波|53|-20,3,q4-ridge-fold-3,True
附件一（训练集）.xlsx|材料1|626,材料1|70|正弦波|49|-11,3,q4-ridge-fold-3,True
附件一（训练集）.xlsx|材料1|1934,材料1|70|三角波|47|-10,0,q4-ridge-fold-0,True
附件一（训练集）.xlsx|材料2|1299,材料2|25|三角波|52|-13,1,q4-ridge-fold-1,True
附件一（训练集）.xlsx|材料3|2707,材料3|70|梯形波|48|-8,3,q4-ridge-fold-3,True
附件一（训练集）.xlsx|材料3|1598,材料3|70|三角波|54|-12,3,q4-ridge-fold-3,True
附件一（训练集）.xlsx|材料2|535,材料2|25|正弦波|49|-14,0,q4-ridge-fold-0,True
附件一（训练集）.xlsx|材料4|1899,材料4|90|三角波|49|-15,1,q4-ridge-fold-1,True
附件一（训练集）.xlsx|材料2|436,材料2|90|正弦波|46|-14,2,q4-ridge-fold-2,True
附件一（训练集）.xlsx|材料3|1836,材料3|90|三角波|52|-15,4,q4-ridge-fold-4,True
附件一（训练集）.xlsx|材料3|406,材料3|25|正弦波|47|-11,4,q4-ridge-fold-4,True
附件一（训练集）.xlsx|材料4|63,材料4|25|正弦波|49|-16,0,q4-ridge-fold-0,True
附件一（训练集）.xlsx|材料4|2659,材料4|90|梯形波|47|-8,3,q4-ridge-fold-3,True
附件一（训练集）.xlsx|材料2|754,材料2|70|正弦波|55|-13,2,q4-ridge-fold-2,True
附件一（训练集）.xlsx|材料1|2921,材料1|70|梯形波|48|-11,4,q4-ridge-fold-4,True
附件一（训练集）.xlsx|材料3|1820,材料3|90|三角波|50|-15,3,q4-ridge-fold-3,True
附件一（训练集）.xlsx|材料1|1379,材料1|25|三角波|49|-8,2,q4-ridge-fold-2,True
附件一（训练集）.xlsx|材料1|342,材料1|50|正弦波|49|-8,3,q4-ridge-fold-3,True
附件一（训练集）.xlsx|材料1|1177,材料1|25|三角波|52|-10,1,q4-ridge-fold-1,True
附件一（训练集）.xlsx|材料2|715,材料2|70|正弦波|49|-11,4,q4-ridge-fold-4,True
附件一（训练集）.xlsx|材料3|2411,材料3|50|梯形波|49|-14,4,q4-ridge-fold-4,True
附件一（训练集）.xlsx|材料4|1219,材料4|50|三角波|51|-20,0,q4-ridge-fold-0,True
附件一（训练集）.xlsx|材料1|2578,材料1|25|梯形波|54|-11,2,q4-ridge-fold-2,True
附件一（训练集）.xlsx|材料3|1583,材料3|70|三角波|52|-9,2,q4-ridge-fold-2,True
附件一（训练集）.xlsx|材料1|298,材料1|50|正弦波|47|-9,2,q4-ridge-fold-2,True
附件一（训练集）.xlsx|材料2|1592,材料2|70|三角波|52|-20,1,q4-ridge-fold-1,True
附件一（训练集）.xlsx|材料2|1450,材料2|50|三角波|49|-11,1,q4-ridge-fold-1,True
附件一（训练集）.xlsx|材料3|1495,材料3|50|三角波|54|-8,0,q4-ridge-fold-0,True
附件一（训练集）.xlsx|材料1|1813,材料1|70|三角波|52|-12,4,q4-ridge-fold-4,True
附件一（训练集）.xlsx|材料2|728,材料2|70|正弦波|52|-19,3,q4-ridge-fold-3,True
附件一（训练集）.xlsx|材料4|2731,材料4|90|梯形波|51|-19,1,q4-ridge-fold-1,True
附件一（训练集）.xlsx|材料2|2631,材料2|70|梯形波|52|-10,3,q4-ridge-fold-3,True
附件一（训练集）.xlsx|材料3|1532,材料3|70|三角波|54|-15,1,q4-ridge-fold-1,True
附件一（训练集）.xlsx|材料4|1548,材料4|70|三角波|54|-15,1,q4-ridge-fold-1,True
附件一（训练集）.xlsx|材料4|1694,材料4|90|三角波|48|-12,0,q4-ridge-fold-0,True
附件一（训练集）.xlsx|材料1|746,材料1|70|正弦波|53|-15,2,q4-ridge-fold-2,True
附件一（训练集）.xlsx|材料1|2874,材料1|70|三角波|55|-16,0,q4-ridge-fold-0,True
附件一（训练集）.xlsx|材料3|1544,材料3|70|三角波|55|-17,2,q4-ridge-fold-2,True
附件一（训练集）.xlsx|材料4|1022,材料4|25|三角波|54|-15,1,q4-ridge-fold-1,True
附件一（训练集）.xlsx|材料3|1961,材料3|90|三角波|49|-9,2,q4-ridge-fold-2,True
附件一（训练集）.xlsx|材料2|890,材料2|25|正弦波|49|-10,0,q4-ridge-fold-0,True
附件一（训练集）.xlsx|材料4|2681,材料4|90|梯形波|48|-13,0,q4-ridge-fold-0,True
附件一（训练集）.xlsx|材料2|1170,材料2|25|三角波|51|-7,3,q4-ridge-fold-3,True
附件一（训练集）.xlsx|材料3|1296,材料3|50|三角波|54|-14,3,q4-ridge-fold-3,True
附件一（训练集）.xlsx|材料2|827,材料2|90|正弦波|52|-10,0,q4-ridge-fold-0,True
附件一（训练集）.xlsx|材料4|1239,材料4|50|三角波|52|-15,4,q4-ridge-fold-4,True
附件一（训练集）.xlsx|材料2|1789,材料2|70|三角波|52|-13,3,q4-ridge-fold-3,True
附件一（训练集）.xlsx|材料3|1566,材料3|70|三角波|49|-6,2,q4-ridge-fold-2,True
附件一（训练集）.xlsx|材料4|1696,材料4|90|三角波|48|-11,0,q4-ridge-fold-0,True
附件一（训练集）.xlsx|材料4|1450,材料4|70|三角波|51|-18,3,q4-ridge-fold-3,True
附件一（训练集）.xlsx|材料4|2537,材料4|70|梯形波|50|-9,2,q4-ridge-fold-2,True
附件一（训练集）.xlsx|材料4|1104,材料4|25|三角波|48|-8,2,q4-ridge-fold-2,True
附件一（训练集）.xlsx|材料3|830,材料3|90|正弦波|46|-12,4,q4-ridge-fold-4,True
附件一（训练集）.xlsx|材料1|2528,材料1|25|梯形波|52|-7,0,q4-ridge-fold-0,True
附件一（训练集）.xlsx|材料1|3298,材料1|90|梯形波|52|-9,4,q4-ridge-fold-4,True
附件一（训练集）.xlsx|材料4|1785,材料4|90|三角波|53|-13,0,q4-ridge-fold-0,True
附件一（训练集）.xlsx|材料1|1938,材料1|70|三角波|47|-8,0,q4-ridge-fold-0,True
附件一（训练集）.xlsx|材料4|2603,材料4|90|三角波|55|-11,3,q4-ridge-fold-3,True
附件一（训练集）.xlsx|材料3|2388,材料3|50|梯形波|55|-14,2,q4-ridge-fold-2,True
附件一（训练集）.xlsx|材料4|1427,材料4|70|三角波|48|-16,0,q4-ridge-fold-0,True
附件一（训练集）.xlsx|材料1|1275,材料1|25|三角波|55|-15,4,q4-ridge-fold-4,True
附件一（训练集）.xlsx|材料1|1462,材料1|50|三角波|52|-10,3,q4-ridge-fold-3,True
附件一（训练集）.xlsx|材料1|972,材料1|90|正弦波|52|-10,3,q4-ridge-fold-3,True
附件一（训练集）.xlsx|材料2|532,材料2|25|正弦波|49|-8,1,q4-ridge-fold-1,True
附件一（训练集）.xlsx|材料3|1958,材料3|90|三角波|48|-6,0,q4-ridge-fold-0,True
附件一（训练集）.xlsx|材料4|608,材料4|70|正弦波|55|-17,1,q4-ridge-fold-1,True
附件一（训练集）.xlsx|材料4|2676,材料4|90|梯形波|48|-16,0,q4-ridge-fold-0,True
附件一（训练集）.xlsx|材料2|613,材料2|50|正弦波|49|-15,1,q4-ridge-fold-1,True
附件一（训练集）.xlsx|材料2|879,材料2|50|正弦波|52|-12,0,q4-ridge-fold-0,True
附件一（训练集）.xlsx|材料2|1478,材料2|50|三角波|54|-19,0,q4-ridge-fold-0,True
附件一（训练集）.xlsx|材料3|1629,材料3|70|三角波|49|-9,3,q4-ridge-fold-3,True
附件一（训练集）.xlsx|材料4|1892,材料4|90|三角波|49|-10,4,q4-ridge-fold-4,True
附件一（训练集）.xlsx|材料1|1119,材料1|25|三角波|51|-18,4,q4-ridge-fold-4,True
附件一（训练集）.xlsx|材料4|2231,材料4|50|三角波|52|-15,4,q4-ridge-fold-4,True
附件一（训练集）.xlsx|材料2|1069,材料2|25|正弦波|52|-18,0,q4-ridge-fold-0,True
附件一（训练集）.xlsx|材料4|407,材料4|50|正弦波|56|-17,2,q4-ridge-fold-2,True
附件一（训练集）.xlsx|材料3|600,材料3|50|正弦波|49|-8,0,q4-ridge-fold-0,True
附件一（训练集）.xlsx|材料2|483,材料2|70|正弦波|49|-18,4,q4-ridge-fold-4,True
附件一（训练集）.xlsx|材料2|2704,材料2|70|梯形波|51|-6,1,q4-ridge-fold-1,True
附件一（训练集）.xlsx|材料2|1614,材料2|70|三角波|55|-13,3,q4-ridge-fold-3,True
附件一（训练集）.xlsx|材料3|96,材料3|50|正弦波|46|-8,3,q4-ridge-fold-3,True
附件一（训练集）.xlsx|材料4|2489,材料4|70|梯形波|48|-10,2,q4-ridge-fold-2,True
附件一（训练集）.xlsx|材料2|2772,材料2|90|三角波|55|-11,0,q4-ridge-fold-0,True
附件一（训练集）.xlsx|材料1|1523,材料1|50|三角波|53|-10,3,q4-ridge-fold-3,True
附件一（训练集）.xlsx|材料2|2364,材料2|50|梯形波|48|-8,0,q4-ridge-fold-0,True
附件一（训练集）.xlsx|材料4|2082,材料4|25|三角波|55|-14,0,q4-ridge-fold-0,True
附件一（训练集）.xlsx|材料3|3010,材料3|90|梯形波|55|-12,2,q4-ridge-fold-2,True
附件一（训练集）.xlsx|材料3|867,材料3|25|正弦波|49|-18,3,q4-ridge-fold-3,True
附件一（训练集）.xlsx|材料2|2392,材料2|50|梯形波|52|-18,4,q4-ridge-fold-4,True
附件一（训练集）.xlsx|材料3|958,材料3|90|正弦波|52|-14,1,q4-ridge-fold-1,True
附件一（训练集）.xlsx|材料3|1356,材料3|50|三角波|54|-17,4,q4-ridge-fold-4,True
附件一（训练集）.xlsx|材料4|684,材料4|90|正弦波|49|-16,0,q4-ridge-fold-0,True
附件一（训练集）.xlsx|材料3|3139,材料3|90|梯形波|52|-17,4,q4-ridge-fold-4,True
附件一（训练集）.xlsx|材料1|1924,材料1|70|三角波|56|-15,1,q4-ridge-fold-1,True
附件一（训练集）.xlsx|材料3|160,材料3|50|正弦波|55|-13,0,q4-ridge-fold-0,True
附件一（训练集）.xlsx|材料3|2721,材料3|70|梯形波|49|-10,3,q4-ridge-fold-3,True
附件一（训练集）.xlsx|材料4|1622,材料4|70|三角波|48|-10,1,q4-ridge-fold-1,True
附件一（训练集）.xlsx|材料1|2977,材料1|70|梯形波|50|-13,3,q4-ridge-fold-3,True
附件一（训练集）.xlsx|材料4|517,材料4|70|正弦波|51|-18,2,q4-ridge-fold-2,True
附件一（训练集）.xlsx|材料2|244,材料2|70|正弦波|53|-18,3,q4-ridge-fold-3,True
附件一（训练集）.xlsx|材料1|293,材料1|50|正弦波|47|-14,0,q4-ridge-fold-0,True
附件一（训练集）.xlsx|材料4|2045,材料4|25|三角波|50|-12,4,q4-ridge-fold-4,True
附件一（训练集）.xlsx|材料1|171,材料1|25|正弦波|52|-19,2,q4-ridge-fold-2,True
附件一（训练集）.xlsx|材料3|1995,材料3|90|三角波|55|-12,3,q4-ridge-fold-3,True
附件一（训练集）.xlsx|材料4|2319,材料4|50|梯形波|49|-6,4,q4-ridge-fold-4,True
附件一（训练集）.xlsx|材料2|2656,材料2|70|梯形波|55|-19,4,q4-ridge-fold-4,True
附件一（训练集）.xlsx|材料4|2496,材料4|70|梯形波|48|-13,2,q4-ridge-fold-2,True
附件一（训练集）.xlsx|材料1|1791,材料1|70|三角波|52|-14,2,q4-ridge-fold-2,True
附件一（训练集）.xlsx|材料3|2332,材料3|50|梯形波|48|-14,3,q4-ridge-fold-3,True
附件一（训练集）.xlsx|材料2|324,材料2|90|正弦波|52|-19,4,q4-ridge-fold-4,True
附件一（训练集）.xlsx|材料3|436,材料3|50|正弦波|47|-10,3,q4-ridge-fold-3,True
附件一（训练集）.xlsx|材料3|1975,材料3|90|三角波|52|-12,3,q4-ridge-fold-3,True
附件一（训练集）.xlsx|材料4|1969,材料4|25|三角波|52|-17,0,q4-ridge-fold-0,True
附件一（训练集）.xlsx|材料2|237,材料2|70|正弦波|52|-15,0,q4-ridge-fold-0,True
附件一（训练集）.xlsx|材料3|1517,材料3|70|三角波|52|-14,2,q4-ridge-fold-2,True
附件一（训练集）.xlsx|材料4|475,材料4|70|正弦波|49|-12,3,q4-ridge-fold-3,True
附件一（训练集）.xlsx|材料2|84,材料2|25|正弦波|55|-20,3,q4-ridge-fold-3,True
附件一（训练集）.xlsx|材料4|2441,材料4|70|三角波|55|-14,4,q4-ridge-fold-4,True
附件一（训练集）.xlsx|材料2|2945,材料2|90|梯形波|51|-7,0,q4-ridge-fold-0,True
附件一（训练集）.xlsx|材料1|879,材料1|90|正弦波|49|-12,4,q4-ridge-fold-4,True
附件一（训练集）.xlsx|材料1|245,材料1|25|正弦波|53|-18,1,q4-ridge-fold-1,True
附件一（训练集）.xlsx|材料1|2076,材料1|90|三角波|51|-9,1,q4-ridge-fold-1,True
附件一（训练集）.xlsx|材料4|696,材料4|90|正弦波|49|-14,3,q4-ridge-fold-3,True
附件一（训练集）.xlsx|材料4|1161,材料4|50|三角波|47|-17,4,q4-ridge-fold-4,True
附件一（训练集）.xlsx|材料2|565,材料2|25|正弦波|52|-16,3,q4-ridge-fold-3,True
附件一（训练集）.xlsx|材料2|1485,材料2|50|三角波|54|-9,0,q4-ridge-fold-0,True
附件一（训练集）.xlsx|材料4|2629,材料4|90|三角波|55|-12,4,q4-ridge-fold-4,True
附件一（训练集）.xlsx|材料1|1206,材料1|25|三角波|53|-16,2,q4-ridge-fold-2,True
附件一（训练集）.xlsx|材料4|512,材料4|70|正弦波|50|-11,4,q4-ridge-fold-4,True
附件一（训练集）.xlsx|材料3|581,材料3|50|正弦波|47|-17,4,q4-ridge-fold-4,True
附件一（训练集）.xlsx|材料1|2257,材料1|90|三角波|48|-11,3,q4-ridge-fold-3,True
附件一（训练集）.xlsx|材料1|3341,材料1|90|梯形波|53|-17,4,q4-ridge-fold-4,True
附件一（训练集）.xlsx|材料4|651,材料4|90|正弦波|47|-12,4,q4-ridge-fold-4,True
附件一（训练集）.xlsx|材料4|2462,材料4|70|梯形波|46|-10,1,q4-ridge-fold-1,True
附件一（训练集）.xlsx|材料1|3248,材料1|90|梯形波|50|-7,0,q4-ridge-fold-0,True
附件一（训练集）.xlsx|材料2|1116,材料2|25|三角波|52|-18,3,q4-ridge-fold-3,True
附件一（训练集）.xlsx|材料2|1996,材料2|90|三角波|49|-10,3,q4-ridge-fold-3,True
附件一（训练集）.xlsx|材料2|7,材料2|25|正弦波|46|-10,3,q4-ridge-fold-3,True
附件一（训练集）.xlsx|材料4|577,材料4|70|正弦波|53|-19,3,q4-ridge-fold-3,True
附件一（训练集）.xlsx|材料2|1013,材料2|90|正弦波|49|-16,4,q4-ridge-fold-4,True
附件一（训练集）.xlsx|材料2|1550,材料2|50|三角波|54|-15,0,q4-ridge-fold-0,True
附件一（训练集）.xlsx|材料4|2105,材料4|25|梯形波|46|-8,3,q4-ridge-fold-3,True
附件一（训练集）.xlsx|材料4|691,材料4|90|正弦波|49|-10,0,q4-ridge-fold-0,True
附件一（训练集）.xlsx|材料1|203,材料1|25|正弦波|52|-12,3,q4-ridge-fold-3,True
附件一（训练集）.xlsx|材料2|1483,材料2|50|三角波|54|-13,0,q4-ridge-fold-0,True
附件一（训练集）.xlsx|材料3|524,材料3|25|正弦波|50|-10,3,q4-ridge-fold-3,True
附件一（训练集）.xlsx|材料1|2865,材料1|50|梯形波|55|-18,3,q4-ridge-fold-3,True
附件一（训练集）.xlsx|材料2|2665,材料2|70|梯形波|56|-17,1,q4-ridge-fold-1,True
附件一（训练集）.xlsx|材料3|1041,材料3|25|三角波|54|-14,4,q4-ridge-fold-4,True
附件一（训练集）.xlsx|材料4|2059,材料4|25|三角波|52|-17,0,q4-ridge-fold-0,True
附件一（训练集）.xlsx|材料2|2582,材料2|70|梯形波|55|-15,4,q4-ridge-fold-4,True
附件一（训练集）.xlsx|材料3|563,材料3|25|正弦波|55|-13,0,q4-ridge-fold-0,True
附件一（训练集）.xlsx|材料1|2043,材料1|90|三角波|50|-15,2,q4-ridge-fold-2,True
附件一（训练集）.xlsx|材料1|1556,材料1|50|三角波|54|-12,2,q4-ridge-fold-2,True
附件一（训练集）.xlsx|材料2|523,材料2|25|正弦波|47|-8,1,q4-ridge-fold-1,True
附件一（训练集）.xlsx|材料2|181,材料2|70|正弦波|46|-16,4,q4-ridge-fold-4,True
附件一（训练集）.xlsx|材料4|321,材料4|50|正弦波|52|-11,2,q4-ridge-fold-2,True
附件一（训练集）.xlsx|材料3|1895,材料3|90|三角波|50|-14,0,q4-ridge-fold-0,True
附件一（训练集）.xlsx|材料2|1583,材料2|70|三角波|52|-19,0,q4-ridge-fold-0,True
附件一（训练集）.xlsx|材料3|2926,材料3|90|梯形波|46|-10,4,q4-ridge-fold-4,True
附件一（训练集）.xlsx|材料3|2865,材料3|70|梯形波|55|-13,1,q4-ridge-fold-1,True
附件一（训练集）.xlsx|材料3|1502,材料3|50|三角波|55|-10,1,q4-ridge-fold-1,True
附件一（训练集）.xlsx|材料1|973,材料1|90|正弦波|52|-9,4,q4-ridge-fold-4,True
附件一（训练集）.xlsx|材料2|2063,材料2|25|梯形波|46|-7,3,q4-ridge-fold-3,True
附件一（训练集）.xlsx|材料3|351,材料3|90|正弦波|53|-13,0,q4-ridge-fold-0,True
附件一（训练集）.xlsx|材料3|1365,材料3|50|三角波|55|-14,3,q4-ridge-fold-3,True
附件一（训练集）.xlsx|材料3|1943,材料3|90|三角波|55|-13,2,q4-ridge-fold-2,True
附件一（训练集）.xlsx|材料4|644,材料4|90|正弦波|47|-10,4,q4-ridge-fold-4,True
附件一（训练集）.xlsx|材料3|2024,材料3|25|梯形波|46|-11,3,q4-ridge-fold-3,True
附件一（训练集）.xlsx|材料3|2452,材料3|50|梯形波|52|-11,4,q4-ridge-fold-4,True
附件一（训练集）.xlsx|材料3|2647,材料3|70|梯形波|51|-15,2,q4-ridge-fold-2,True
附件一（训练集）.xlsx|材料4|1814,材料4|90|三角波|55|-14,4,q4-ridge-fold-4,True
附件一（训练集）.xlsx|材料2|1499,材料2|50|三角波|55|-14,0,q4-ridge-fold-0,True
附件一（训练集）.xlsx|材料3|1023,材料3|25|三角波|52|-18,4,q4-ridge-fold-4,True
附件一（训练集）.xlsx|材料1|546,材料1|70|正弦波|47|-14,0,q4-ridge-fold-0,True
附件一（训练集）.xlsx|材料3|1131,材料3|25|三角波|56|-19,4,q4-ridge-fold-4,True
附件一（训练集）.xlsx|材料3|61,材料3|25|正弦波|53|-20,1,q4-ridge-fold-1,True
附件一（训练集）.xlsx|材料3|1643,材料3|70|三角波|50|-13,3,q4-ridge-fold-3,True
附件一（训练集）.xlsx|材料4|463,材料4|70|正弦波|49|-12,3,q4-ridge-fold-3,True
附件一（训练集）.xlsx|材料4|896,材料4|25|三角波|47|-7,2,q4-ridge-fold-2,True
附件一（训练集）.xlsx|材料4|180,材料4|25|正弦波|55|-19,2,q4-ridge-fold-2,True
附件一（训练集）.xlsx|材料3|2661,材料3|70|梯形波|52|-8,4,q4-ridge-fold-4,True
附件一（训练集）.xlsx|材料2|2381,材料2|50|梯形波|51|-9,3,q4-ridge-fold-3,True
附件一（训练集）.xlsx|材料3|560,材料3|25|正弦波|55|-16,2,q4-ridge-fold-2,True
附件一（训练集）.xlsx|材料3|819,材料3|70|正弦波|49|-17,2,q4-ridge-fold-2,True
附件一（训练集）.xlsx|材料1|2684,材料1|50|梯形波|49|-9,3,q4-ridge-fold-3,True
附件一（训练集）.xlsx|材料1|2045,材料1|90|三角波|50|-14,3,q4-ridge-fold-3,True
附件一（训练集）.xlsx|材料4|468,材料4|70|正弦波|49|-18,4,q4-ridge-fold-4,True
附件一（训练集）.xlsx|材料4|1216,材料4|50|三角波|50|-12,3,q4-ridge-fold-3,True
附件一（训练集）.xlsx|材料3|3146,材料3|90|梯形波|52|-6,0,q4-ridge-fold-0,True
附件一（训练集）.xlsx|材料2|516,材料2|25|正弦波|46|-9,2,q4-ridge-fold-2,True
附件一（训练集）.xlsx|材料2|643,材料2|50|正弦波|52|-11,4,q4-ridge-fold-4,True
附件一（训练集）.xlsx|材料4|1317,材料4|50|三角波|55|-14,2,q4-ridge-fold-2,True
附件一（训练集）.xlsx|材料4|974,材料4|25|三角波|52|-19,4,q4-ridge-fold-4,True
附件一（训练集）.xlsx|材料3|261,材料3|90|正弦波|47|-9,1,q4-ridge-fold-1,True
附件一（训练集）.xlsx|材料3|2536,材料3|50|梯形波|52|-11,4,q4-ridge-fold-4,True
附件一（训练集）.xlsx|材料2|1643,材料2|70|三角波|50|-6,4,q4-ridge-fold-4,True
附件一（训练集）.xlsx|材料3|2152,材料3|25|梯形波|54|-17,3,q4-ridge-fold-3,True
附件一（训练集）.xlsx|材料4|1712,材料4|90|三角波|50|-12,1,q4-ridge-fold-1,True
附件一（训练集）.xlsx|材料1|2143,材料1|90|三角波|53|-17,4,q4-ridge-fold-4,True
附件一（训练集）.xlsx|材料2|2267,材料2|25|梯形波|56|-14,1,q4-ridge-fold-1,True
附件一（训练集）.xlsx|材料1|450,材料1|50|正弦波|52|-10,0,q4-ridge-fold-0,True
附件一（训练集）.xlsx|材料1|520,材料1|50|正弦波|54|-18,2,q4-ridge-fold-2,True
附件一（训练集）.xlsx|材料1|3295,材料1|90|梯形波|52|-11,3,q4-ridge-fold-3,True
附件一（训练集）.xlsx|材料1|323,材料1|50|正弦波|48|-12,0,q4-ridge-fold-0,True
附件一（训练集）.xlsx|材料1|1100,材料1|25|三角波|50|-7,4,q4-ridge-fold-4,True
附件一（训练集）.xlsx|材料4|1995,材料4|25|三角波|55|-18,4,q4-ridge-fold-4,True
附件一（训练集）.xlsx|材料2|1460,材料2|50|三角波|50|-16,2,q4-ridge-fold-2,True
附件一（训练集）.xlsx|材料2|2156,材料2|25|梯形波|52|-10,3,q4-ridge-fold-3,True
附件一（训练集）.xlsx|材料3|1932,材料3|90|三角波|55|-17,0,q4-ridge-fold-0,True
附件一（训练集）.xlsx|材料2|934,材料2|50|正弦波|55|-20,3,q4-ridge-fold-3,True
附件一（训练集）.xlsx|材料2|1239,材料2|25|三角波|52|-10,3,q4-ridge-fold-3,True
附件一（训练集）.xlsx|材料2|997,材料2|70|正弦波|50|-11,4,q4-ridge-fold-4,True
附件一（训练集）.xlsx|材料2|1522,材料2|50|三角波|49|-13,2,q4-ridge-fold-2,True
附件一（训练集）.xlsx|材料2|2047,材料2|25|三角波|55|-16,0,q4-ridge-fold-0,True
附件一（训练集）.xlsx|材料2|808,材料2|90|正弦波|50|-11,0,q4-ridge-fold-0,True
附件一（训练集）.xlsx|材料2|568,材料2|25|正弦波|52|-12,1,q4-ridge-fold-1,True
附件一（训练集）.xlsx|材料3|1790,材料3|90|三角波|55|-17,0,q4-ridge-fold-0,True
附件一（训练集）.xlsx|材料2|864,材料2|70|正弦波|52|-10,1,q4-ridge-fold-1,True
附件一（训练集）.xlsx|材料1|681,材料1|70|正弦波|51|-7,4,q4-ridge-fold-4,True
附件一（训练集）.xlsx|材料2|2348,材料2|50|梯形波|55|-19,3,q4-ridge-fold-3,True
附件一（训练集）.xlsx|材料4|2306,材料4|50|梯形波|49|-16,3,q4-ridge-fold-3,True
附件一（训练集）.xlsx|材料1|510,材料1|50|正弦波|53|-15,0,q4-ridge-fold-0,True
附件一（训练集）.xlsx|材料4|1777,材料4|90|三角波|53|-17,3,q4-ridge-fold-3,True
附件一（训练集）.xlsx|材料1|698,材料1|70|正弦波|52|-9,4,q4-ridge-fold-4,True
附件一（训练集）.xlsx|材料3|1402,材料3|50|三角波|50|-8,2,q4-ridge-fold-2,True
附件一（训练集）.xlsx|材料1|774,材料1|70|正弦波|54|-19,3,q4-ridge-fold-3,True
附件一（训练集）.xlsx|材料2|2642,材料2|70|梯形波|54|-15,4,q4-ridge-fold-4,True
附件一（训练集）.xlsx|材料1|3370,材料1|90|梯形波|54|-10,2,q4-ridge-fold-2,True
附件一（训练集）.xlsx|材料2|11,材料2|25|正弦波|47|-15,4,q4-ridge-fold-4,True
附件一（训练集）.xlsx|材料4|1949,材料4|25|三角波|50|-15,4,q4-ridge-fold-4,True
附件一（训练集）.xlsx|材料2|435,材料2|50|正弦波|55|-20,3,q4-ridge-fold-3,True
附件一（训练集）.xlsx|材料2|2977,材料2|90|梯形波|55|-20,4,q4-ridge-fold-4,True
附件一（训练集）.xlsx|材料4|1479,材料4|70|三角波|52|-18,4,q4-ridge-fold-4,True
附件一（训练集）.xlsx|材料1|688,材料1|70|正弦波|52|-15,1,q4-ridge-fold-1,True
附件一（训练集）.xlsx|材料4|2453,材料4|70|三角波|55|-16,1,q4-ridge-fold-1,True
附件一（训练集）.xlsx|材料1|2034,材料1|90|三角波|48|-7,0,q4-ridge-fold-0,True
附件一（训练集）.xlsx|材料3|2202,材料3|25|梯形波|49|-11,1,q4-ridge-fold-1,True
附件一（训练集）.xlsx|材料3|1988,材料3|90|三角波|54|-10,3,q4-ridge-fold-3,True
附件一（训练集）.xlsx|材料4|1796,材料4|90|三角波|54|-14,4,q4-ridge-fold-4,True
附件一（训练集）.xlsx|材料3|1351,材料3|50|三角波|52|-12,3,q4-ridge-fold-3,True
附件一（训练集）.xlsx|材料3|1738,材料3|70|三角波|56|-21,4,q4-ridge-fold-4,True
附件一（训练集）.xlsx|材料4|686,材料4|90|正弦波|49|-15,2,q4-ridge-fold-2,True
附件一（训练集）.xlsx|材料4|2442,材料4|70|三角波|55|-12,3,q4-ridge-fold-3,True
附件一（训练集）.xlsx|材料1|358,材料1|50|正弦波|49|-9,1,q4-ridge-fold-1,True
附件一（训练集）.xlsx|材料1|785,材料1|70|正弦波|54|-12,2,q4-ridge-fold-2,True
附件一（训练集）.xlsx|材料1|2863,材料1|50|梯形波|55|-19,2,q4-ridge-fold-2,True
附件一（训练集）.xlsx|材料3|501,材料3|25|正弦波|47|-10,3,q4-ridge-fold-3,True
附件一（训练集）.xlsx|材料1|285,材料1|50|正弦波|46|-8,3,q4-ridge-fold-3,True
附件一（训练集）.xlsx|材料1|223,材料1|25|正弦波|52|-11,4,q4-ridge-fold-4,True
附件一（训练集）.xlsx|材料3|2480,材料3|50|梯形波|55|-16,1,q4-ridge-fold-1,True
附件一（训练集）.xlsx|材料1|470,材料1|50|正弦波|52|-8,2,q4-ridge-fold-2,True
附件一（训练集）.xlsx|材料1|905,材料1|90|正弦波|49|-6,4,q4-ridge-fold-4,True
附件一（训练集）.xlsx|材料3|860,材料3|90|正弦波|52|-10,2,q4-ridge-fold-2,True
附件一（训练集）.xlsx|材料1|229,材料1|25|正弦波|53|-19,0,q4-ridge-fold-0,True
附件一（训练集）.xlsx|材料3|979,材料3|25|正弦波|49|-10,3,q4-ridge-fold-3,True
附件一（训练集）.xlsx|材料4|1547,材料4|70|三角波|54|-16,4,q4-ridge-fold-4,True
附件一（训练集）.xlsx|材料2|884,材料2|50|正弦波|46|-14,2,q4-ridge-fold-2,True
附件一（训练集）.xlsx|材料4|1001,材料4|25|三角波|53|-19,2,q4-ridge-fold-2,True
附件一（训练集）.xlsx|材料3|1714,材料3|70|三角波|52|-9,2,q4-ridge-fold-2,True
附件一（训练集）.xlsx|材料2|859,材料2|90|正弦波|55|-17,2,q4-ridge-fold-2,True
附件一（训练集）.xlsx|材料1|1515,材料1|50|三角波|53|-14,0,q4-ridge-fold-0,True
附件一（训练集）.xlsx|材料4|528,材料4|70|正弦波|52|-18,3,q4-ridge-fold-3,True
附件一（训练集）.xlsx|材料4|2783,材料4|90|梯形波|52|-16,1,q4-ridge-fold-1,True
附件一（训练集）.xlsx|材料1|3197,材料1|90|梯形波|48|-12,3,q4-ridge-fold-3,True
附件一（训练集）.xlsx|材料3|1144,材料3|25|三角波|49|-12,1,q4-ridge-fold-1,True
附件一（训练集）.xlsx|材料3|577,材料3|50|正弦波|46|-10,1,q4-ridge-fold-1,True
附件一（训练集）.xlsx|材料3|1853,材料3|90|三角波|55|-18,4,q4-ridge-fold-4,True
附件一（训练集）.xlsx|材料4|1976,材料4|25|三角波|52|-8,2,q4-ridge-fold-2,True
附件一（训练集）.xlsx|材料4|748,材料4|90|正弦波|52|-16,1,q4-ridge-fold-1,True
附件一（训练集）.xlsx|材料2|2748,材料2|70|梯形波|56|-13,4,q4-ridge-fold-4,True
附件一（训练集）.xlsx|材料3|385,材料3|70|正弦波|46|-11,4,q4-ridge-fold-4,True
附件一（训练集）.xlsx|材料2|805,材料2|90|正弦波|50|-14,0,q4-ridge-fold-0,True
附件一（训练集）.xlsx|材料3|1022,材料3|25|三角波|52|-19,0,q4-ridge-fold-0,True
附件一（训练集）.xlsx|材料2|24,材料2|25|正弦波|49|-8,1,q4-ridge-fold-1,True
附件一（训练集）.xlsx|材料1|996,材料1|90|正弦波|52|-19,4,q4-ridge-fold-4,True
附件一（训练集）.xlsx|材料2|2511,材料2|50|梯形波|47|-10,4,q4-ridge-fold-4,True
附件一（训练集）.xlsx|材料4|2397,材料4|70|三角波|55|-20,1,q4-ridge-fold-1,True
附件一（训练集）.xlsx|材料1|3266,材料1|90|梯形波|51|-16,0,q4-ridge-fold-0,True
附件一（训练集）.xlsx|材料4|1941,材料4|25|三角波|49|-13,4,q4-ridge-fold-4,True
附件一（训练集）.xlsx|材料2|322,材料2|90|正弦波|52|-20,4,q4-ridge-fold-4,True
附件一（训练集）.xlsx|材料4|1056,材料4|25|三角波|55|-17,0,q4-ridge-fold-0,True
附件一（训练集）.xlsx|材料4|1783,材料4|90|三角波|53|-14,1,q4-ridge-fold-1,True
附件一（训练集）.xlsx|材料2|1052,材料2|25|正弦波|50|-15,2,q4-ridge-fold-2,True
附件一（训练集）.xlsx|材料2|409,材料2|25|正弦波|47|-12,1,q4-ridge-fold-1,True
附件一（训练集）.xlsx|材料1|2630,材料1|50|三角波|55|-10,4,q4-ridge-fold-4,True
附件一（训练集）.xlsx|材料1|2359,材料1|25|三角波|55|-16,4,q4-ridge-fold-4,True
附件一（训练集）.xlsx|材料2|1361,材料2|50|三角波|55|-20,1,q4-ridge-fold-1,True
附件一（训练集）.xlsx|材料3|1935,材料3|90|三角波|55|-14,3,q4-ridge-fold-3,True
附件一（训练集）.xlsx|材料3|43,材料3|25|正弦波|50|-8,4,q4-ridge-fold-4,True
附件一（训练集）.xlsx|材料1|821,材料1|90|正弦波|47|-8,4,q4-ridge-fold-4,True
附件一（训练集）.xlsx|材料3|1505,材料3|50|三角波|56|-17,1,q4-ridge-fold-1,True
附件一（训练集）.xlsx|材料2|1690,材料2|70|三角波|56|-13,0,q4-ridge-fold-0,True
附件一（训练集）.xlsx|材料2|1298,材料2|25|三角波|52|-14,2,q4-ridge-fold-2,True
附件一（训练集）.xlsx|材料4|514,材料4|70|正弦波|50|-9,0,q4-ridge-fold-0,True
附件一（训练集）.xlsx|材料1|870,材料1|90|正弦波|49|-17,4,q4-ridge-fold-4,True
附件一（训练集）.xlsx|材料3|1310,材料3|50|三角波|55|-17,0,q4-ridge-fold-0,True
附件一（训练集）.xlsx|材料4|76,材料4|25|正弦波|50|-15,3,q4-ridge-fold-3,True
附件一（训练集）.xlsx|材料1|50,材料1|25|正弦波|47|-7,2,q4-ridge-fold-2,True
附件一（训练集）.xlsx|材料4|1067,材料4|25|三角波|55|-16,3,q4-ridge-fold-3,True
附件一（训练集）.xlsx|材料2|714,材料2|70|正弦波|49|-12,3,q4-ridge-fold-3,True
附件一（训练集）.xlsx|材料4|59,材料4|25|正弦波|49|-18,4,q4-ridge-fold-4,True
附件一（训练集）.xlsx|材料3|3131,材料3|90|梯形波|49|-7,4,q4-ridge-fold-4,True
附件一（训练集）.xlsx|材料2|2072,材料2|25|梯形波|48|-7,3,q4-ridge-fold-3,True
附件一（训练集）.xlsx|材料1|110,材料1|25|正弦波|49|-17,1,q4-ridge-fold-1,True
附件一（训练集）.xlsx|材料1|1392,材料1|50|三角波|48|-16,0,q4-ridge-fold-0,True
附件一（训练集）.xlsx|材料2|652,材料2|50|正弦波|52|-13,3,q4-ridge-fold-3,True
附件一（训练集）.xlsx|材料3|2300,材料3|50|三角波|55|-18,4,q4-ridge-fold-4,True
附件一（训练集）.xlsx|材料1|1189,材料1|25|三角波|52|-15,4,q4-ridge-fold-4,True
附件一（训练集）.xlsx|材料1|926,材料1|90|正弦波|50|-17,2,q4-ridge-fold-2,True
附件一（训练集）.xlsx|材料2|1826,材料2|90|三角波|54|-19,1,q4-ridge-fold-1,True
附件一（训练集）.xlsx|材料4|342,材料4|50|正弦波|52|-18,1,q4-ridge-fold-1,True
附件一（训练集）.xlsx|材料2|2157,材料2|25|梯形波|52|-8,4,q4-ridge-fold-4,True
附件一（训练集）.xlsx|材料2|2085,材料2|25|梯形波|51|-12,4,q4-ridge-fold-4,True
附件一（训练集）.xlsx|材料3|511,材料3|25|正弦波|49|-19,2,q4-ridge-fold-2,True
附件一（训练集）.xlsx|材料1|2932,材料1|70|梯形波|48|-14,0,q4-ridge-fold-0,True
附件一（训练集）.xlsx|材料4|1885,材料4|90|三角波|49|-17,1,q4-ridge-fold-1,True
附件一（训练集）.xlsx|材料4|1385,材料4|50|三角波|49|-17,2,q4-ridge-fold-2,True
附件一（训练集）.xlsx|材料1|1751,材料1|70|三角波|51|-12,0,q4-ridge-fold-0,True
附件一（训练集）.xlsx|材料4|784,材料4|90|正弦波|53|-19,1,q4-ridge-fold-1,True
附件一（训练集）.xlsx|材料1|471,材料1|50|正弦波|52|-19,2,q4-ridge-fold-2,True
附件一（训练集）.xlsx|材料1|728,材料1|70|正弦波|52|-15,1,q4-ridge-fold-1,True
附件一（训练集）.xlsx|材料2|1683,材料2|70|三角波|55|-12,0,q4-ridge-fold-0,True
附件一（训练集）.xlsx|材料3|1721,材料3|70|三角波|52|-9,2,q4-ridge-fold-2,True
附件一（训练集）.xlsx|材料2|1769,材料2|70|三角波|49|-12,2,q4-ridge-fold-2,True
附件一（训练集）.xlsx|材料1|1303,材料1|25|三角波|56|-17,3,q4-ridge-fold-3,True
附件一（训练集）.xlsx|材料1|537,材料1|70|正弦波|46|-12,4,q4-ridge-fold-4,True
附件一（训练集）.xlsx|材料1|1362,材料1|25|三角波|49|-8,2,q4-ridge-fold-2,True
附件一（训练集）.xlsx|材料1|2947,材料1|70|梯形波|49|-11,3,q4-ridge-fold-3,True
附件一（训练集）.xlsx|材料3|1139,材料3|25|三角波|48|-12,1,q4-ridge-fold-1,True
附件一（训练集）.xlsx|材料4|556,材料4|70|正弦波|52|-16,2,q4-ridge-fold-2,True
附件一（训练集）.xlsx|材料1|186,材料1|25|正弦波|52|-11,4,q4-ridge-fold-4,True
附件一（训练集）.xlsx|材料1|440,材料1|50|正弦波|52|-17,0,q4-ridge-fold-0,True
附件一（训练集）.xlsx|材料1|1092,材料1|25|三角波|48|-8,4,q4-ridge-fold-4,True
附件一（训练集）.xlsx|材料2|1920,材料2|90|三角波|49|-10,3,q4-ridge-fold-3,True
附件一（训练集）.xlsx|材料3|2033,材料3|25|梯形波|48|-8,0,q4-ridge-fold-0,True
附件一（训练集）.xlsx|材料1|3147,材料1|90|三角波|55|-11,1,q4-ridge-fold-1,True
附件一（训练集）.xlsx|材料4|33,材料4|25|正弦波|48|-13,1,q4-ridge-fold-1,True
附件一（训练集）.xlsx|材料3|144,材料3|50|正弦波|52|-12,1,q4-ridge-fold-1,True
附件一（训练集）.xlsx|材料2|1579,材料2|70|三角波|50|-11,1,q4-ridge-fold-1,True
附件一（训练集）.xlsx|材料1|2306,材料1|90|三角波|49|-9,0,q4-ridge-fold-0,True
附件一（训练集）.xlsx|材料2|1268,材料2|25|三角波|56|-15,0,q4-ridge-fold-0,True
附件一（训练集）.xlsx|材料2|1156,材料2|25|三角波|49|-14,2,q4-ridge-fold-2,True
附件一（训练集）.xlsx|材料4|980,材料4|25|三角波|52|-14,1,q4-ridge-fold-1,True
附件一（训练集）.xlsx|材料3|542,材料3|25|正弦波|52|-11,2,q4-ridge-fold-2,True
附件一（训练集）.xlsx|材料1|2657,材料1|50|梯形波|48|-11,4,q4-ridge-fold-4,True
附件一（训练集）.xlsx|材料2|2706,材料2|70|梯形波|52|-12,2,q4-ridge-fold-2,True
附件一（训练集）.xlsx|材料2|2670,材料2|70|梯形波|56|-12,4,q4-ridge-fold-4,True
附件一（训练集）.xlsx|材料2|1257,材料2|25|三角波|55|-21,0,q4-ridge-fold-0,True
附件一（训练集）.xlsx|材料3|3166,材料3|90|梯形波|55|-18,0,q4-ridge-fold-0,True
附件一（训练集）.xlsx|材料1|126,材料1|25|正弦波|50|-18,2,q4-ridge-fold-2,True
附件一（训练集）.xlsx|材料2|1632,材料2|70|三角波|49|-10,2,q4-ridge-fold-2,True
附件一（训练集）.xlsx|材料1|823,材料1|90|正弦波|47|-7,4,q4-ridge-fold-4,True
附件一（训练集）.xlsx|材料3|605,材料3|50|正弦波|50|-16,1,q4-ridge-fold-1,True
附件一（训练集）.xlsx|材料4|2486,材料4|70|梯形波|48|-12,0,q4-ridge-fold-0,True
附件一（训练集）.xlsx|材料1|1075,材料1|25|三角波|47|-7,2,q4-ridge-fold-2,True
附件一（训练集）.xlsx|材料1|2215,材料1|90|三角波|55|-19,0,q4-ridge-fold-0,True
附件一（训练集）.xlsx|材料4|670,材料4|90|正弦波|49|-15,2,q4-ridge-fold-2,True
附件一（训练集）.xlsx|材料3|1105,材料3|25|三角波|54|-18,3,q4-ridge-fold-3,True
附件一（训练集）.xlsx|材料3|1844,材料3|90|三角波|54|-17,3,q4-ridge-fold-3,True
附件一（训练集）.xlsx|材料4|2219,材料4|50|三角波|49|-15,1,q4-ridge-fold-1,True
附件一（训练集）.xlsx|材料1|2496,材料1|25|梯形波|52|-17,2,q4-ridge-fold-2,True
附件一（训练集）.xlsx|材料4|1231,材料4|50|三角波|52|-19,2,q4-ridge-fold-2,True
附件一（训练集）.xlsx|材料3|124,材料3|50|正弦波|50|-19,3,q4-ridge-fold-3,True
附件一（训练集）.xlsx|材料4|2297,材料4|50|梯形波|48|-12,1,q4-ridge-fold-1,True
附件一（训练集）.xlsx|材料3|598,材料3|50|正弦波|49|-11,2,q4-ridge-fold-2,True
附件一（训练集）.xlsx|材料1|1927,材料1|70|三角波|56|-14,2,q4-ridge-fold-2,True
附件一（训练集）.xlsx|材料4|2691,材料4|90|梯形波|49|-18,0,q4-ridge-fold-0,True
附件一（训练集）.xlsx|材料3|2694,材料3|70|梯形波|55|-13,1,q4-ridge-fold-1,True
附件一（训练集）.xlsx|材料1|563,材料1|70|正弦波|47|-15,2,q4-ridge-fold-2,True
附件一（训练集）.xlsx|材料2|1777,材料2|70|三角波|50|-11,1,q4-ridge-fold-1,True
附件一（训练集）.xlsx|材料3|2917,材料3|90|三角波|55|-16,0,q4-ridge-fold-0,True
附件一（训练集）.xlsx|材料1|1920,材料1|70|三角波|56|-17,4,q4-ridge-fold-4,True
附件一（训练集）.xlsx|材料3|555,材料3|25|正弦波|55|-13,0,q4-ridge-fold-0,True
附件一（训练集）.xlsx|材料1|1042,材料1|90|正弦波|54|-19,1,q4-ridge-fold-1,True
附件一（训练集）.xlsx|材料3|1519,材料3|70|三角波|52|-21,2,q4-ridge-fold-2,True
附件一（训练集）.xlsx|材料3|2412,材料3|50|梯形波|49|-13,3,q4-ridge-fold-3,True
附件一（训练集）.xlsx|材料3|1523,材料3|70|三角波|52|-15,2,q4-ridge-fold-2,True
附件一（训练集）.xlsx|材料1|2916,材料1|70|梯形波|47|-7,3,q4-ridge-fold-3,True
附件一（训练集）.xlsx|材料3|2108,材料3|25|梯形波|48|-9,1,q4-ridge-fold-1,True
附件一（训练集）.xlsx|材料2|25,材料2|25|正弦波|49|-19,4,q4-ridge-fold-4,True
附件一（训练集）.xlsx|材料1|60,材料1|25|正弦波|48|-13,1,q4-ridge-fold-1,True
附件一（训练集）.xlsx|材料3|53,材料3|25|正弦波|52|-19,4,q4-ridge-fold-4,True
附件一（训练集）.xlsx|材料2|2416,材料2|50|梯形波|55|-17,2,q4-ridge-fold-2,True
附件一（训练集）.xlsx|材料4|2623,材料4|90|三角波|52|-15,4,q4-ridge-fold-4,True
附件一（训练集）.xlsx|材料1|315,材料1|50|正弦波|47|-7,2,q4-ridge-fold-2,True
附件一（训练集）.xlsx|材料3|3068,材料3|90|梯形波|54|-19,0,q4-ridge-fold-0,True
附件一（训练集）.xlsx|材料4|2519,材料4|70|梯形波|49|-16,3,q4-ridge-fold-3,True
附件一（训练集）.xlsx|材料2|1822,材料2|90|三角波|52|-16,4,q4-ridge-fold-4,True
附件一（训练集）.xlsx|材料1|2785,材料1|50|梯形波|52|-11,3,q4-ridge-fold-3,True
附件一（训练集）.xlsx|材料3|238,材料3|70|正弦波|55|-16,0,q4-ridge-fold-0,True
附件一（训练集）.xlsx|材料2|2683,材料2|70|梯形波|48|-6,1,q4-ridge-fold-1,True
附件一（训练集）.xlsx|材料3|191,材料3|70|正弦波|49|-14,0,q4-ridge-fold-0,True
附件一（训练集）.xlsx|材料1|1273,材料1|25|三角波|55|-16,4,q4-ridge-fold-4,True
附件一（训练集）.xlsx|材料3|2096,材料3|25|梯形波|55|-15,3,q4-ridge-fold-3,True
附件一（训练集）.xlsx|材料4|2069,材料4|25|三角波|53|-15,2,q4-ridge-fold-2,True
附件一（训练集）.xlsx|材料1|1591,材料1|50|三角波|55|-12,1,q4-ridge-fold-1,True
附件一（训练集）.xlsx|材料2|2050,材料2|25|三角波|56|-10,3,q4-ridge-fold-3,True
附件一（训练集）.xlsx|材料4|2235,材料4|50|三角波|55|-20,0,q4-ridge-fold-0,True
附件一（训练集）.xlsx|材料4|2634,材料4|90|三角波|55|-19,3,q4-ridge-fold-3,True
附件一（训练集）.xlsx|材料2|515,材料2|25|正弦波|46|-10,3,q4-ridge-fold-3,True
附件一（训练集）.xlsx|材料2|2229,材料2|25|梯形波|52|-15,1,q4-ridge-fold-1,True
附件一（训练集）.xlsx|材料3|1662,材料3|70|三角波|54|-14,4,q4-ridge-fold-4,True
附件一（训练集）.xlsx|材料1|3014,材料1|70|梯形波|51|-8,1,q4-ridge-fold-1,True
附件一（训练集）.xlsx|材料4|369,材料4|50|正弦波|53|-14,2,q4-ridge-fold-2,True
附件一（训练集）.xlsx|材料1|2633,材料1|50|三角波|55|-8,3,q4-ridge-fold-3,True
附件一（训练集）.xlsx|材料2|1047,材料2|25|正弦波|49|-7,2,q4-ridge-fold-2,True
附件一（训练集）.xlsx|材料4|1068,材料4|25|三角波|55|-16,3,q4-ridge-fold-3,True
附件一（训练集）.xlsx|材料2|2071,材料2|25|梯形波|48|-9,0,q4-ridge-fold-0,True
附件一（训练集）.xlsx|材料1|282,材料1|50|正弦波|46|-11,0,q4-ridge-fold-0,True
附件一（训练集）.xlsx|材料4|1552,材料4|70|三角波|55|-20,1,q4-ridge-fold-1,True
附件一（训练集）.xlsx|材料4|986,材料4|25|三角波|52|-19,4,q4-ridge-fold-4,True
附件一（训练集）.xlsx|材料4|972,材料4|25|三角波|52|-20,0,q4-ridge-fold-0,True
附件一（训练集）.xlsx|材料4|1462,材料4|70|三角波|51|-20,1,q4-ridge-fold-1,True
附件一（训练集）.xlsx|材料2|1279,材料2|25|三角波|49|-10,4,q4-ridge-fold-4,True
附件一（训练集）.xlsx|材料3|1981,材料3|90|三角波|52|-11,2,q4-ridge-fold-2,True
附件一（训练集）.xlsx|材料3|2987,材料3|90|梯形波|54|-17,1,q4-ridge-fold-1,True
附件一（训练集）.xlsx|材料1|2336,材料1|25|三角波|55|-16,4,q4-ridge-fold-4,True
附件一（训练集）.xlsx|材料4|1354,材料4|50|三角波|49|-15,1,q4-ridge-fold-1,True
附件一（训练集）.xlsx|材料2|2877,材料2|90|梯形波|52|-17,0,q4-ridge-fold-0,True
附件一（训练集）.xlsx|材料1|62,材料1|25|正弦波|48|-11,2,q4-ridge-fold-2,True
附件一（训练集）.xlsx|材料4|1408,材料4|50|三角波|50|-14,3,q4-ridge-fold-3,True
附件一（训练集）.xlsx|材料2|925,材料2|90|正弦波|50|-15,1,q4-ridge-fold-1,True
附件一（训练集）.xlsx|材料4|157,材料4|25|正弦波|54|-16,2,q4-ridge-fold-2,True
附件一（训练集）.xlsx|材料3|1241,材料3|25|三角波|52|-10,1,q4-ridge-fold-1,True
附件一（训练集）.xlsx|材料2|2971,材料2|90|梯形波|55|-19,0,q4-ridge-fold-0,True
附件一（训练集）.xlsx|材料1|2888,材料1|70|三角波|55|-16,0,q4-ridge-fold-0,True
附件一（训练集）.xlsx|材料3|2713,材料3|70|梯形波|49|-8,0,q4-ridge-fold-0,True
附件一（训练集）.xlsx|材料2|1565,材料2|50|三角波|56|-20,0,q4-ridge-fold-0,True
附件一（训练集）.xlsx|材料1|2969,材料1|70|梯形波|49|-8,4,q4-ridge-fold-4,True
附件一（训练集）.xlsx|材料3|717,材料3|70|正弦波|55|-17,4,q4-ridge-fold-4,True
附件一（训练集）.xlsx|材料1|2233,材料1|90|三角波|56|-18,0,q4-ridge-fold-0,True
附件一（训练集）.xlsx|材料1|2802,材料1|50|梯形波|52|-15,1,q4-ridge-fold-1,True
附件一（训练集）.xlsx|材料3|253,材料3|90|正弦波|46|-7,1,q4-ridge-fold-1,True
附件一（训练集）.xlsx|材料3|3154,材料3|90|梯形波|52|-11,3,q4-ridge-fold-3,True
附件一（训练集）.xlsx|材料1|3233,材料1|90|梯形波|49|-8,2,q4-ridge-fold-2,True
附件一（训练集）.xlsx|材料1|1786,材料1|70|三角波|52|-17,0,q4-ridge-fold-0,True
附件一（训练集）.xlsx|材料3|368,材料3|50|正弦波|52|-14,2,q4-ridge-fold-2,True
附件一（训练集）.xlsx|材料3|1676,材料3|70|三角波|55|-15,2,q4-ridge-fold-2,True
附件一（训练集）.xlsx|材料4|428,材料4|70|正弦波|47|-15,3,q4-ridge-fold-3,True
附件一（训练集）.xlsx|材料3|58,材料3|25|正弦波|52|-13,1,q4-ridge-fold-1,True
附件一（训练集）.xlsx|材料4|1210,材料4|50|三角波|50|-15,1,q4-ridge-fold-1,True
附件一（训练集）.xlsx|材料2|1838,材料2|90|三角波|55|-12,3,q4-ridge-fold-3,True
附件一（训练集）.xlsx|材料2|2874,材料2|90|梯形波|52|-9,3,q4-ridge-fold-3,True
附件一（训练集）.xlsx|材料3|580,材料3|50|正弦波|47|-18,3,q4-ridge-fold-3,True
附件一（训练集）.xlsx|材料4|1080,材料4|25|三角波|56|-15,0,q4-ridge-fold-0,True
附件一（训练集）.xlsx|材料4|1752,材料4|90|三角波|52|-14,4,q4-ridge-fold-4,True
附件一（训练集）.xlsx|材料4|2608,材料4|90|三角波|55|-20,1,q4-ridge-fold-1,True
附件一（训练集）.xlsx|材料1|2990,材料1|70|梯形波|51|-14,4,q4-ridge-fold-4,True
附件一（训练集）.xlsx|材料2|1877,材料2|90|三角波|52|-17,1,q4-ridge-fold-1,True
附件一（训练集）.xlsx|材料3|2093,材料3|25|梯形波|55|-18,0,q4-ridge-fold-0,True
附件一（训练集）.xlsx|材料1|2467,材料1|25|梯形波|51|-12,2,q4-ridge-fold-2,True
附件一（训练集）.xlsx|材料2|1449,材料2|50|三角波|49|-12,2,q4-ridge-fold-2,True
附件一（训练集）.xlsx|材料2|405,材料2|90|正弦波|52|-10,0,q4-ridge-fold-0,True
附件一（训练集）.xlsx|材料2|2150,材料2|25|梯形波|51|-6,1,q4-ridge-fold-1,True
附件一（训练集）.xlsx|材料1|1803,材料1|70|三角波|52|-18,3,q4-ridge-fold-3,True
附件一（训练集）.xlsx|材料3|398,材料3|50|正弦波|55|-17,4,q4-ridge-fold-4,True
附件一（训练集）.xlsx|材料1|194,材料1|25|正弦波|52|-17,2,q4-ridge-fold-2,True
附件一（训练集）.xlsx|材料4|1821,材料4|90|三角波|55|-15,3,q4-ridge-fold-3,True
附件一（训练集）.xlsx|材料4|1966,材料4|25|三角波|52|-13,2,q4-ridge-fold-2,True
附件一（训练集）.xlsx|材料2|672,材料2|50|正弦波|55|-20,3,q4-ridge-fold-3,True
附件一（训练集）.xlsx|材料2|1342,材料2|50|三角波|52|-13,4,q4-ridge-fold-4,True
附件一（训练集）.xlsx|材料1|2287,材料1|90|三角波|49|-11,4,q4-ridge-fold-4,True
附件一（训练集）.xlsx|材料4|1836,材料4|90|三角波|56|-19,1,q4-ridge-fold-1,True
附件一（训练集）.xlsx|材料1|495,材料1|50|正弦波|53|-12,4,q4-ridge-fold-4,True
附件一（训练集）.xlsx|材料3|420,材料3|50|正弦波|52|-16,2,q4-ridge-fold-2,True
附件一（训练集）.xlsx|材料4|193,材料4|50|正弦波|46|-15,1,q4-ridge-fold-1,True
附件一（训练集）.xlsx|材料3|1941,材料3|90|三角波|55|-17,0,q4-ridge-fold-0,True
附件一（训练集）.xlsx|材料4|175,材料4|25|正弦波|55|-17,2,q4-ridge-fold-2,True
附件一（训练集）.xlsx|材料3|3144,材料3|90|梯形波|52|-8,3,q4-ridge-fold-3,True
附件一（训练集）.xlsx|材料4|2328,材料4|50|梯形波|49|-11,2,q4-ridge-fold-2,True
附件一（训练集）.xlsx|材料2|376,材料2|70|正弦波|52|-14,0,q4-ridge-fold-0,True
附件一（训练集）.xlsx|材料3|1334,材料3|50|三角波|50|-14,0,q4-ridge-fold-0,True
附件一（训练集）.xlsx|材料3|2654,材料3|70|梯形波|51|-6,4,q4-ridge-fold-4,True
附件一（训练集）.xlsx|材料3|2409,材料3|50|梯形波|48|-8,3,q4-ridge-fold-3,True
附件一（训练集）.xlsx|材料4|1960,材料4|25|三角波|52|-15,0,q4-ridge-fold-0,True
附件一（训练集）.xlsx|材料2|2757,材料2|70|梯形波|47|-9,4,q4-ridge-fold-4,True
附件一（训练集）.xlsx|材料4|2303,材料4|50|梯形波|48|-8,1,q4-ridge-fold-1,True
附件一（训练集）.xlsx|材料3|1460,材料3|50|三角波|49|-11,1,q4-ridge-fold-1,True
附件一（训练集）.xlsx|材料3|945,材料3|70|正弦波|50|-16,1,q4-ridge-fold-1,True
附件一（训练集）.xlsx|材料2|254,材料2|70|正弦波|55|-18,4,q4-ridge-fold-4,True
附件一（训练集）.xlsx|材料3|603,材料3|50|正弦波|50|-19,3,q4-ridge-fold-3,True
附件一（训练集）.xlsx|材料4|2008,材料4|25|三角波|55|-10,4,q4-ridge-fold-4,True
附件一（训练集）.xlsx|材料2|541,材料2|25|正弦波|49|-8,1,q4-ridge-fold-1,True
附件一（训练集）.xlsx|材料2|2598,材料2|70|梯形波|46|-7,4,q4-ridge-fold-4,True
附件一（训练集）.xlsx|材料2|2101,材料2|25|梯形波|54|-19,0,q4-ridge-fold-0,True
附件一（训练集）.xlsx|材料1|1671,材料1|50|三角波|49|-10,0,q4-ridge-fold-0,True
附件一（训练集）.xlsx|材料1|1928,材料1|70|三角波|56|-13,2,q4-ridge-fold-2,True
附件一（训练集）.xlsx|材料1|397,材料1|50|正弦波|50|-10,0,q4-ridge-fold-0,True
附件一（训练集）.xlsx|材料2|308,材料2|90|正弦波|50|-10,2,q4-ridge-fold-2,True
附件一（训练集）.xlsx|材料3|327,材料3|50|正弦波|49|-12,2,q4-ridge-fold-2,True
附件一（训练集）.xlsx|材料1|534,材料1|70|正弦波|46|-13,1,q4-ridge-fold-1,True
附件一（训练集）.xlsx|材料2|1208,材料2|25|三角波|56|-18,2,q4-ridge-fold-2,True
附件一（训练集）.xlsx|材料4|863,材料4|25|正弦波|53|-20,4,q4-ridge-fold-4,True
附件一（训练集）.xlsx|材料3|1004,材料3|25|正弦波|52|-16,0,q4-ridge-fold-0,True
附件一（训练集）.xlsx|材料4|2649,材料4|90|梯形波|46|-7,4,q4-ridge-fold-4,True
附件一（训练集）.xlsx|材料3|1197,材料3|25|三角波|55|-17,2,q4-ridge-fold-2,True
附件一（训练集）.xlsx|材料1|1890,材料1|70|三角波|55|-11,3,q4-ridge-fold-3,True
附件一（训练集）.xlsx|材料1|1333,材料1|25|三角波|48|-9,1,q4-ridge-fold-1,True
附件一（训练集）.xlsx|材料4|6,材料4|25|正弦波|46|-13,2,q4-ridge-fold-2,True
附件一（训练集）.xlsx|材料1|1588,材料1|50|三角波|55|-14,3,q4-ridge-fold-3,True
附件一（训练集）.xlsx|材料4|1253,材料4|50|三角波|52|-13,2,q4-ridge-fold-2,True
附件一（训练集）.xlsx|材料3|1014,材料3|25|三角波|48|-6,0,q4-ridge-fold-0,True
附件一（训练集）.xlsx|材料4|1234,材料4|50|三角波|52|-17,3,q4-ridge-fold-3,True
附件一（训练集）.xlsx|材料1|458,材料1|50|正弦波|52|-17,0,q4-ridge-fold-0,True
附件一（训练集）.xlsx|材料1|2518,材料1|25|梯形波|52|-13,1,q4-ridge-fold-1,True
附件一（训练集）.xlsx|材料3|584,材料3|50|正弦波|47|-12,3,q4-ridge-fold-3,True
附件一（训练集）.xlsx|材料2|1640,材料2|70|三角波|51|-10,3,q4-ridge-fold-3,True
附件一（训练集）.xlsx|材料3|3112,材料3|90|梯形波|48|-13,2,q4-ridge-fold-2,True
附件一（训练集）.xlsx|材料2|1912,材料2|90|三角波|48|-11,1,q4-ridge-fold-1,True
附件一（训练集）.xlsx|材料1|3006,材料1|70|梯形波|51|-14,4,q4-ridge-fold-4,True
附件一（训练集）.xlsx|材料2|395,材料2|90|正弦波|46|-11,2,q4-ridge-fold-2,True
附件一（训练集）.xlsx|材料3|2328,材料3|50|梯形波|46|-7,2,q4-ridge-fold-2,True
附件一（训练集）.xlsx|材料3|3182,材料3|90|梯形波|55|-12,2,q4-ridge-fold-2,True
附件一（训练集）.xlsx|材料4|61,材料4|25|正弦波|49|-17,4,q4-ridge-fold-4,True
附件一（训练集）.xlsx|材料1|2882,材料1|70|三角波|55|-8,2,q4-ridge-fold-2,True
附件一（训练集）.xlsx|材料3|2765,材料3|70|梯形波|55|-16,0,q4-ridge-fold-0,True
附件一（训练集）.xlsx|材料2|2687,材料2|70|梯形波|49|-8,2,q4-ridge-fold-2,True
附件一（训练集）.xlsx|材料4|1564,材料4|70|三角波|55|-20,1,q4-ridge-fold-1,True
附件一（训练集）.xlsx|材料4|977,材料4|25|三角波|52|-17,0,q4-ridge-fold-0,True
附件一（训练集）.xlsx|材料3|2509,材料3|50|梯形波|49|-13,3,q4-ridge-fold-3,True
附件一（训练集）.xlsx|材料1|1773,材料1|70|三角波|52|-12,4,q4-ridge-fold-4,True
附件一（训练集）.xlsx|材料3|23,材料3|25|正弦波|49|-12,0,q4-ridge-fold-0,True
附件一（训练集）.xlsx|材料1|798,材料1|90|正弦波|46|-13,3,q4-ridge-fold-3,True
附件一（训练集）.xlsx|材料1|2042,材料1|90|三角波|50|-17,0,q4-ridge-fold-0,True
附件一（训练集）.xlsx|材料1|7,材料1|25|正弦波|46|-12,3,q4-ridge-fold-3,True
附件一（训练集）.xlsx|材料2|489,材料2|25|正弦波|52|-19,3,q4-ridge-fold-3,True
附件一（训练集）.xlsx|材料2|1884,材料2|90|三角波|54|-19,1,q4-ridge-fold-1,True
附件一（训练集）.xlsx|材料1|944,材料1|90|正弦波|51|-16,0,q4-ridge-fold-0,True
附件一（训练集）.xlsx|材料1|1376,材料1|25|三角波|49|-10,3,q4-ridge-fold-3,True
附件一（训练集）.xlsx|材料3|1949,材料3|90|三角波|56|-18,2,q4-ridge-fold-2,True
附件一（训练集）.xlsx|材料1|1155,材料1|25|三角波|52|-10,1,q4-ridge-fold-1,True
附件一（训练集）.xlsx|材料2|977,材料2|50|正弦波|49|-8,4,q4-ridge-fold-4,True
附件一（训练集）.xlsx|材料4|1582,材料4|70|三角波|56|-18,4,q4-ridge-fold-4,True
附件一（训练集）.xlsx|材料1|179,材料1|25|正弦波|52|-14,1,q4-ridge-fold-1,True
附件一（训练集）.xlsx|材料4|1357,材料4|50|三角波|48|-11,0,q4-ridge-fold-0,True
附件一（训练集）.xlsx|材料2|841,材料2|90|正弦波|55|-12,1,q4-ridge-fold-1,True
附件一（训练集）.xlsx|材料3|3143,材料3|90|梯形波|52|-10,0,q4-ridge-fold-0,True
附件一（训练集）.xlsx|材料1|2038,材料1|90|三角波|50|-13,3,q4-ridge-fold-3,True
附件一（训练集）.xlsx|材料2|676,材料2|50|正弦波|55|-15,4,q4-ridge-fold-4,True
附件一（训练集）.xlsx|材料2|2855,材料2|90|梯形波|49|-8,3,q4-ridge-fold-3,True
附件一（训练集）.xlsx|材料4|249,材料4|50|正弦波|49|-16,2,q4-ridge-fold-2,True
附件一（训练集）.xlsx|材料4|1155,材料4|25|三角波|50|-18,4,q4-ridge-fold-4,True
附件一（训练集）.xlsx|材料3|256,材料3|90|正弦波|47|-14,1,q4-ridge-fold-1,True
附件一（训练集）.xlsx|材料3|3125,材料3|90|梯形波|49|-15,4,q4-ridge-fold-4,True
附件一（训练集）.xlsx|材料2|141,材料2|50|正弦波|52|-14,3,q4-ridge-fold-3,True
附件一（训练集）.xlsx|材料1|17,材料1|25|正弦波|47|-15,3,q4-ridge-fold-3,True
附件一（训练集）.xlsx|材料1|2236,材料1|90|三角波|56|-17,0,q4-ridge-fold-0,True
附件一（训练集）.xlsx|材料3|2705,材料3|70|梯形波|48|-10,1,q4-ridge-fold-1,True
附件一（训练集）.xlsx|材料3|1427,材料3|50|三角波|55|-14,3,q4-ridge-fold-3,True
附件一（训练集）.xlsx|材料3|2842,材料3|70|梯形波|52|-13,4,q4-ridge-fold-4,True
附件一（训练集）.xlsx|材料4|2161,材料4|25|梯形波|49|-16,0,q4-ridge-fold-0,True
附件一（训练集）.xlsx|材料1|3015,材料1|70|梯形波|51|-7,1,q4-ridge-fold-1,True
附件一（训练集）.xlsx|材料2|2516,材料2|70|三角波|55|-16,1,q4-ridge-fold-1,True
附件一（训练集）.xlsx|材料3|310,材料3|90|正弦波|55|-18,2,q4-ridge-fold-2,True
附件一（训练集）.xlsx|材料4|1125,材料4|25|三角波|49|-13,4,q4-ridge-fold-4,True
附件一（训练集）.xlsx|材料4|223,材料4|50|正弦波|47|-10,4,q4-ridge-fold-4,True
附件一（训练集）.xlsx|材料3|2805,材料3|70|梯形波|48|-6,3,q4-ridge-fold-3,True
附件一（训练集）.xlsx|材料3|1138,材料3|25|三角波|48|-13,0,q4-ridge-fold-0,True
附件一（训练集）.xlsx|材料3|272,材料3|90|正弦波|49|-7,3,q4-ridge-fold-3,True
附件一（训练集）.xlsx|材料2|2274,材料2|50|三角波|55|-20,1,q4-ridge-fold-1,True
附件一（训练集）.xlsx|材料4|1510,材料4|70|三角波|52|-18,4,q4-ridge-fold-4,True
附件一（训练集）.xlsx|材料4|1489,材料4|70|三角波|52|-13,0,q4-ridge-fold-0,True
附件一（训练集）.xlsx|材料1|2338,材料1|25|三角波|55|-14,3,q4-ridge-fold-3,True
附件一（训练集）.xlsx|材料2|197,材料2|70|正弦波|49|-18,4,q4-ridge-fold-4,True
附件一（训练集）.xlsx|材料4|535,材料4|70|正弦波|52|-12,0,q4-ridge-fold-0,True
附件一（训练集）.xlsx|材料4|1495,材料4|70|三角波|52|-19,1,q4-ridge-fold-1,True
附件一（训练集）.xlsx|材料2|2866,材料2|90|梯形波|51|-12,3,q4-ridge-fold-3,True
附件一（训练集）.xlsx|材料1|788,材料1|70|正弦波|55|-19,1,q4-ridge-fold-1,True
附件一（训练集）.xlsx|材料4|1267,材料4|50|三角波|53|-20,0,q4-ridge-fold-0,True
附件一（训练集）.xlsx|材料3|1056,材料3|25|三角波|55|-14,1,q4-ridge-fold-1,True
附件一（训练集）.xlsx|材料1|886,材料1|90|正弦波|49|-8,3,q4-ridge-fold-3,True
附件一（训练集）.xlsx|材料1|3048,材料1|70|梯形波|52|-9,0,q4-ridge-fold-0,True
附件一（训练集）.xlsx|材料3|587,材料3|50|正弦波|49|-18,4,q4-ridge-fold-4,True
附件一（训练集）.xlsx|材料3|1734,材料3|70|三角波|55|-13,2,q4-ridge-fold-2,True
附件一（训练集）.xlsx|材料2|467,材料2|70|正弦波|47|-16,3,q4-ridge-fold-3,True
附件一（训练集）.xlsx|材料3|411,材料3|25|正弦波|52|-19,4,q4-ridge-fold-4,True
附件一（训练集）.xlsx|材料2|28,材料2|25|正弦波|49|-16,0,q4-ridge-fold-0,True
附件一（训练集）.xlsx|材料2|249,材料2|70|正弦波|53|-12,4,q4-ridge-fold-4,True
附件一（训练集）.xlsx|材料2|2102,材料2|25|梯形波|54|-18,3,q4-ridge-fold-3,True
附件一（训练集）.xlsx|材料2|2,材料2|25|正弦波|46|-16,3,q4-ridge-fold-3,True
附件一（训练集）.xlsx|材料1|2894,材料1|70|三角波|55|-9,1,q4-ridge-fold-1,True
附件一（训练集）.xlsx|材料1|2269,材料1|90|三角波|48|-13,3,q4-ridge-fold-3,True
附件一（训练集）.xlsx|材料1|3388,材料1|90|梯形波|54|-9,2,q4-ridge-fold-2,True
附件一（训练集）.xlsx|材料3|2564,材料3|50|梯形波|55|-12,0,q4-ridge-fold-0,True
附件一（训练集）.xlsx|材料3|2383,材料3|50|梯形波|55|-21,1,q4-ridge-fold-1,True
附件一（训练集）.xlsx|材料2|43,材料2|25|正弦波|50|-8,4,q4-ridge-fold-4,True
附件一（训练集）.xlsx|材料3|1819,材料3|90|三角波|50|-16,2,q4-ridge-fold-2,True
附件一（训练集）.xlsx|材料1|167,材料1|25|正弦波|51|-10,3,q4-ridge-fold-3,True
附件一（训练集）.xlsx|材料1|2841,材料1|50|梯形波|54|-8,1,q4-ridge-fold-1,True
附件一（训练集）.xlsx|材料3|1361,材料3|50|三角波|55|-20,4,q4-ridge-fold-4,True
附件一（训练集）.xlsx|材料4|667,材料4|90|正弦波|48|-9,4,q4-ridge-fold-4,True
附件一（训练集）.xlsx|材料2|1960,材料2|90|三角波|54|-9,1,q4-ridge-fold-1,True
附件一（训练集）.xlsx|材料4|1363,材料4|50|三角波|49|-8,4,q4-ridge-fold-4,True
附件一（训练集）.xlsx|材料4|962,材料4|25|三角波|52|-16,4,q4-ridge-fold-4,True
附件一（训练集）.xlsx|材料1|1997,材料1|70|三角波|49|-7,0,q4-ridge-fold-0,True
附件一（训练集）.xlsx|材料4|519,材料4|70|正弦波|51|-17,0,q4-ridge-fold-0,True
附件一（训练集）.xlsx|材料1|636,材料1|70|正弦波|50|-15,0,q4-ridge-fold-0,True
附件一（训练集）.xlsx|材料2|800,材料2|90|正弦波|49|-7,3,q4-ridge-fold-3,True
附件一（训练集）.xlsx|材料2|2109,材料2|25|梯形波|55|-17,0,q4-ridge-fold-0,True
附件一（训练集）.xlsx|材料4|1049,材料4|25|三角波|55|-15,0,q4-ridge-fold-0,True
附件一（训练集）.xlsx|材料1|209,材料1|25|正弦波|52|-20,4,q4-ridge-fold-4,True
附件一（训练集）.xlsx|材料2|2305,材料2|50|梯形波|49|-13,1,q4-ridge-fold-1,True
附件一（训练集）.xlsx|材料2|2966,材料2|90|梯形波|54|-13,2,q4-ridge-fold-2,True
附件一（训练集）.xlsx|材料4|605,材料4|70|正弦波|55|-19,4,q4-ridge-fold-4,True
附件一（训练集）.xlsx|材料3|3090,材料3|90|梯形波|55|-19,0,q4-ridge-fold-0,True
附件一（训练集）.xlsx|材料4|733,材料4|90|正弦波|51|-15,4,q4-ridge-fold-4,True
附件一（训练集）.xlsx|材料3|743,材料3|90|正弦波|47|-7,4,q4-ridge-fold-4,True
附件一（训练集）.xlsx|材料3|815,材料3|90|正弦波|47|-7,4,q4-ridge-fold-4,True
附件一（训练集）.xlsx|材料2|1031,材料2|25|正弦波|49|-11,1,q4-ridge-fold-1,True
附件一（训练集）.xlsx|材料2|2146,材料2|25|梯形波|51|-15,0,q4-ridge-fold-0,True
附件一（训练集）.xlsx|材料2|657,材料2|50|正弦波|53|-17,1,q4-ridge-fold-1,True
附件一（训练集）.xlsx|材料1|1990,材料1|70|三角波|49|-12,2,q4-ridge-fold-2,True
附件一（训练集）.xlsx|材料1|2761,材料1|50|梯形波|52|-13,4,q4-ridge-fold-4,True
附件一（训练集）.xlsx|材料3|281,材料3|90|正弦波|49|-7,3,q4-ridge-fold-3,True
附件一（训练集）.xlsx|材料1|2920,材料1|70|梯形波|48|-12,1,q4-ridge-fold-1,True
附件一（训练集）.xlsx|材料2|118,材料2|50|正弦波|49|-18,0,q4-ridge-fold-0,True
附件一（训练集）.xlsx|材料1|1951,材料1|70|三角波|48|-8,3,q4-ridge-fold-3,True
附件一（训练集）.xlsx|材料2|1876,材料2|90|三角波|52|-18,1,q4-ridge-fold-1,True
附件一（训练集）.xlsx|材料2|1766,材料2|70|三角波|49|-7,1,q4-ridge-fold-1,True
附件一（训练集）.xlsx|材料1|3286,材料1|90|梯形波|52|-16,3,q4-ridge-fold-3,True
附件一（训练集）.xlsx|材料2|278,材料2|90|正弦波|46|-9,2,q4-ridge-fold-2,True
附件一（训练集）.xlsx|材料1|404,材料1|50|正弦波|50|-17,1,q4-ridge-fold-1,True
附件一（训练集）.xlsx|材料4|1319,材料4|50|三角波|55|-17,2,q4-ridge-fold-2,True
附件一（训练集）.xlsx|材料4|366,材料4|50|正弦波|53|-17,1,q4-ridge-fold-1,True
附件一（训练集）.xlsx|材料4|275,材料4|50|正弦波|50|-17,2,q4-ridge-fold-2,True
附件一（训练集）.xlsx|材料3|3018,材料3|90|梯形波|48|-11,1,q4-ridge-fold-1,True
附件一（训练集）.xlsx|材料1|907,材料1|90|正弦波|50|-17,2,q4-ridge-fold-2,True
附件一（训练集）.xlsx|材料1|2465,材料1|25|梯形波|51|-13,2,q4-ridge-fold-2,True
附件一（训练集）.xlsx|材料3|1185,材料3|25|三角波|54|-9,0,q4-ridge-fold-0,True
附件一（训练集）.xlsx|材料3|2117,材料3|25|梯形波|49|-15,1,q4-ridge-fold-1,True
附件一（训练集）.xlsx|材料1|1335,材料1|25|三角波|48|-8,4,q4-ridge-fold-4,True
附件一（训练集）.xlsx|材料1|1947,材料1|70|三角波|48|-11,1,q4-ridge-fold-1,True
附件一（训练集）.xlsx|材料2|1282,材料2|25|三角波|49|-7,4,q4-ridge-fold-4,True
附件一（训练集）.xlsx|材料2|1707,材料2|70|三角波|49|-9,1,q4-ridge-fold-1,True
附件一（训练集）.xlsx|材料3|585,材料3|50|正弦波|47|-11,2,q4-ridge-fold-2,True
附件一（训练集）.xlsx|材料2|2813,材料2|90|梯形波|52|-15,3,q4-ridge-fold-3,True
附件一（训练集）.xlsx|材料2|1287,材料2|25|三角波|49|-10,4,q4-ridge-fold-4,True
附件一（训练集）.xlsx|材料3|2439,材料3|50|梯形波|52|-12,0,q4-ridge-fold-0,True
附件一（训练集）.xlsx|材料1|1501,材料1|50|三角波|52|-11,2,q4-ridge-fold-2,True
附件一（训练集）.xlsx|材料3|254,材料3|90|正弦波|47|-16,3,q4-ridge-fold-3,True
附件一（训练集）.xlsx|材料4|132,材料4|25|正弦波|52|-18,0,q4-ridge-fold-0,True
附件一（训练集）.xlsx|材料3|1347,材料3|50|三角波|52|-19,4,q4-ridge-fold-4,True
附件一（训练集）.xlsx|材料2|2359,材料2|50|梯形波|46|-6,1,q4-ridge-fold-1,True
附件一（训练集）.xlsx|材料1|1111,材料1|25|三角波|50|-13,0,q4-ridge-fold-0,True
附件一（训练集）.xlsx|材料4|880,材料4|25|正弦波|55|-16,2,q4-ridge-fold-2,True
附件一（训练集）.xlsx|材料4|267,材料4|50|正弦波|49|-13,0,q4-ridge-fold-0,True
附件一（训练集）.xlsx|材料1|257,材料1|25|正弦波|53|-11,0,q4-ridge-fold-0,True
附件一（训练集）.xlsx|材料2|1529,材料2|50|三角波|50|-10,2,q4-ridge-fold-2,True
附件一（训练集）.xlsx|材料4|1655,材料4|70|三角波|49|-10,1,q4-ridge-fold-1,True
附件一（训练集）.xlsx|材料3|987,材料3|25|正弦波|49|-14,2,q4-ridge-fold-2,True
附件一（训练集）.xlsx|材料3|1403,材料3|50|三角波|50|-7,2,q4-ridge-fold-2,True
附件一（训练集）.xlsx|材料4|171,材料4|25|正弦波|55|-20,3,q4-ridge-fold-3,True
附件一（训练集）.xlsx|材料1|1375,材料1|25|三角波|49|-10,3,q4-ridge-fold-3,True
附件一（训练集）.xlsx|材料1|2416,材料1|25|梯形波|49|-15,2,q4-ridge-fold-2,True
附件一（训练集）.xlsx|材料1|2747,材料1|50|梯形波|51|-8,4,q4-ridge-fold-4,True
附件一（训练集）.xlsx|材料1|2102,材料1|90|三角波|52|-18,2,q4-ridge-fold-2,True
附件一（训练集）.xlsx|材料4|173,材料4|25|正弦波|55|-19,2,q4-ridge-fold-2,True
附件一（训练集）.xlsx|材料4|594,材料4|70|正弦波|54|-14,0,q4-ridge-fold-0,True
附件一（训练集）.xlsx|材料4|1644,材料4|70|三角波|49|-7,0,q4-ridge-fold-0,True
附件一（训练集）.xlsx|材料1|2687,材料1|50|梯形波|49|-7,4,q4-ridge-fold-4,True
附件一（训练集）.xlsx|材料4|2063,材料4|25|三角波|53|-19,2,q4-ridge-fold-2,True
附件一（训练集）.xlsx|材料4|485,材料4|70|正弦波|49|-13,4,q4-ridge-fold-4,True
附件一（训练集）.xlsx|材料4|1585,材料4|70|三角波|56|-15,2,q4-ridge-fold-2,True
附件一（训练集）.xlsx|材料3|336,材料3|90|正弦波|47|-7,4,q4-ridge-fold-4,True
附件一（训练集）.xlsx|材料4|964,材料4|25|三角波|52|-16,4,q4-ridge-fold-4,True
附件一（训练集）.xlsx|材料4|801,材料4|90|正弦波|54|-18,4,q4-ridge-fold-4,True
附件一（训练集）.xlsx|材料1|792,材料1|70|正弦波|55|-18,2,q4-ridge-fold-2,True
附件一（训练集）.xlsx|材料3|3180,材料3|90|梯形波|55|-14,2,q4-ridge-fold-2,True
附件一（训练集）.xlsx|材料4|1513,材料4|70|三角波|52|-16,4,q4-ridge-fold-4,True
附件一（训练集）.xlsx|材料3|2652,材料3|70|梯形波|51|-8,3,q4-ridge-fold-3,True
附件一（训练集）.xlsx|材料2|699,材料2|70|正弦波|47|-9,3,q4-ridge-fold-3,True
附件一（训练集）.xlsx|材料4|1597,材料4|70|三角波|47|-7,3,q4-ridge-fold-3,True
附件一（训练集）.xlsx|材料1|162,材料1|25|正弦波|51|-14,3,q4-ridge-fold-3,True
附件一（训练集）.xlsx|材料4|1472,材料4|70|三角波|51|-14,1,q4-ridge-fold-1,True
附件一（训练集）.xlsx|材料4|307,材料4|50|正弦波|51|-14,2,q4-ridge-fold-2,True
附件一（训练集）.xlsx|材料4|2190,材料4|50|三角波|55|-19,0,q4-ridge-fold-0,True
附件一（训练集）.xlsx|材料2|1032,材料2|25|正弦波|49|-10,0,q4-ridge-fold-0,True
附件一（训练集）.xlsx|材料1|3194,材料1|90|梯形波|48|-7,2,q4-ridge-fold-2,True
附件一（训练集）.xlsx|材料2|663,材料2|50|正弦波|55|-20,3,q4-ridge-fold-3,True
附件一（训练集）.xlsx|材料1|691,材料1|70|正弦波|52|-13,0,q4-ridge-fold-0,True
附件一（训练集）.xlsx|材料4|1526,材料4|70|三角波|53|-15,1,q4-ridge-fold-1,True
附件一（训练集）.xlsx|材料3|3201,材料3|90|梯形波|47|-12,2,q4-ridge-fold-2,True
附件一（训练集）.xlsx|材料4|1603,材料4|70|三角波|48|-13,1,q4-ridge-fold-1,True
附件一（训练集）.xlsx|材料2|577,材料2|25|正弦波|53|-11,0,q4-ridge-fold-0,True
附件一（训练集）.xlsx|材料4|2026,材料4|25|三角波|47|-12,3,q4-ridge-fold-3,True
附件一（训练集）.xlsx|材料3|1048,材料3|25|三角波|55|-17,2,q4-ridge-fold-2,True
附件一（训练集）.xlsx|材料1|1543,材料1|50|三角波|54|-19,0,q4-ridge-fold-0,True
附件一（训练集）.xlsx|材料2|1162,材料2|25|三角波|49|-6,3,q4-ridge-fold-3,True
附件一（训练集）.xlsx|材料2|1793,材料2|70|三角波|52|-8,0,q4-ridge-fold-0,True
附件一（训练集）.xlsx|材料2|261,材料2|70|正弦波|55|-19,1,q4-ridge-fold-1,True
附件一（训练集）.xlsx|材料4|98,材料4|25|正弦波|51|-18,2,q4-ridge-fold-2,True
附件一（训练集）.xlsx|材料2|2613,材料2|70|梯形波|49|-15,1,q4-ridge-fold-1,True
附件一（训练集）.xlsx|材料1|1448,材料1|50|三角波|52|-17,3,q4-ridge-fold-3,True
附件一（训练集）.xlsx|材料4|676,材料4|90|正弦波|49|-11,3,q4-ridge-fold-3,True
附件一（训练集）.xlsx|材料3|2138,材料3|25|梯形波|52|-12,4,q4-ridge-fold-4,True
附件一（训练集）.xlsx|材料4|418,材料4|70|正弦波|46|-13,1,q4-ridge-fold-1,True
附件一（训练集）.xlsx|材料1|1037,材料1|90|正弦波|53|-12,1,q4-ridge-fold-1,True
附件一（训练集）.xlsx|材料1|833,材料1|90|正弦波|47|-11,3,q4-ridge-fold-3,True
附件一（训练集）.xlsx|材料1|2062,材料1|90|三角波|51|-16,1,q4-ridge-fold-1,True
附件一（训练集）.xlsx|材料1|3379,材料1|90|梯形波|54|-15,0,q4-ridge-fold-0,True
附件一（训练集）.xlsx|材料4|250,材料4|50|正弦波|49|-15,3,q4-ridge-fold-3,True
附件一（训练集）.xlsx|材料4|918,材料4|25|三角波|50|-17,1,q4-ridge-fold-1,True
附件一（训练集）.xlsx|材料3|445,材料3|90|正弦波|50|-11,2,q4-ridge-fold-2,True
附件一（训练集）.xlsx|材料3|2764,材料3|70|梯形波|55|-18,4,q4-ridge-fold-4,True
附件一（训练集）.xlsx|材料3|2903,材料3|90|三角波|55|-20,0,q4-ridge-fold-0,True
附件一（训练集）.xlsx|材料2|658,材料2|50|正弦波|53|-16,2,q4-ridge-fold-2,True
附件一（训练集）.xlsx|材料1|6,材料1|25|正弦波|46|-14,0,q4-ridge-fold-0,True
附件一（训练集）.xlsx|材料1|3082,材料1|70|梯形波|53|-10,2,q4-ridge-fold-2,True
附件一（训练集）.xlsx|材料2|2338,材料2|50|梯形波|54|-14,0,q4-ridge-fold-0,True
附件一（训练集）.xlsx|材料4|1162,材料4|50|三角波|47|-17,4,q4-ridge-fold-4,True
附件一（训练集）.xlsx|材料2|935,材料2|50|正弦波|50|-10,2,q4-ridge-fold-2,True
附件一（训练集）.xlsx|材料1|2493,材料1|25|梯形波|51|-7,4,q4-ridge-fold-4,True
附件一（训练集）.xlsx|材料1|2093,材料1|90|三角波|52|-11,2,q4-ridge-fold-2,True
附件一（训练集）.xlsx|材料1|2965,材料1|70|梯形波|49|-10,4,q4-ridge-fold-4,True
附件一（训练集）.xlsx|材料4|1945,材料4|25|三角波|49|-14,2,q4-ridge-fold-2,True
附件一（训练集）.xlsx|材料4|139,材料4|25|正弦波|53|-16,0,q4-ridge-fold-0,True
附件一（训练集）.xlsx|材料4|1102,材料4|25|三角波|48|-9,4,q4-ridge-fold-4,True
附件一（训练集）.xlsx|材料4|2006,材料4|25|三角波|55|-11,0,q4-ridge-fold-0,True
附件一（训练集）.xlsx|材料1|1885,材料1|70|三角波|55|-14,1,q4-ridge-fold-1,True
附件一（训练集）.xlsx|材料2|2837,材料2|90|梯形波|55|-17,2,q4-ridge-fold-2,True
附件一（训练集）.xlsx|材料2|1810,材料2|70|三角波|56|-13,0,q4-ridge-fold-0,True
附件一（训练集）.xlsx|材料4|1504,材料4|70|三角波|52|-13,0,q4-ridge-fold-0,True
附件一（训练集）.xlsx|材料4|780,材料4|90|正弦波|52|-13,2,q4-ridge-fold-2,True
附件一（训练集）.xlsx|材料4|1448,材料4|70|三角波|50|-20,4,q4-ridge-fold-4,True
附件一（训练集）.xlsx|材料3|2960,材料3|90|梯形波|51|-6,4,q4-ridge-fold-4,True
附件一（训练集）.xlsx|材料4|2697,材料4|90|梯形波|49|-13,2,q4-ridge-fold-2,True
附件一（训练集）.xlsx|材料2|1112,材料2|25|三角波|52|-10,3,q4-ridge-fold-3,True
附件一（训练集）.xlsx|材料2|2291,材料2|50|梯形波|46|-9,4,q4-ridge-fold-4,True
附件一（训练集）.xlsx|材料1|2818,材料1|50|梯形波|53|-17,0,q4-ridge-fold-0,True
附件一（训练集）.xlsx|材料1|1691,材料1|50|三角波|49|-7,2,q4-ridge-fold-2,True
附件一（训练集）.xlsx|材料1|1838,材料1|70|三角波|53|-10,3,q4-ridge-fold-3,True
附件一（训练集）.xlsx|材料1|2980,材料1|70|梯形波|50|-9,1,q4-ridge-fold-1,True
附件一（训练集）.xlsx|材料1|480,材料1|50|正弦波|52|-14,3,q4-ridge-fold-3,True
附件一（训练集）.xlsx|材料1|846,材料1|90|正弦波|48|-10,4,q4-ridge-fold-4,True
附件一（训练集）.xlsx|材料3|981,材料3|25|正弦波|49|-8,4,q4-ridge-fold-4,True
附件一（训练集）.xlsx|材料4|1753,材料4|90|三角波|52|-14,4,q4-ridge-fold-4,True
附件一（训练集）.xlsx|材料2|1936,材料2|90|三角波|50|-7,1,q4-ridge-fold-1,True
附件一（训练集）.xlsx|材料1|1937,材料1|70|三角波|47|-8,0,q4-ridge-fold-0,True
附件一（训练集）.xlsx|材料1|1537,材料1|50|三角波|54|-12,2,q4-ridge-fold-2,True
附件一（训练集）.xlsx|材料4|1985,材料4|25|三角波|55|-17,0,q4-ridge-fold-0,True
附件一（训练集）.xlsx|材料4|2669,材料4|90|梯形波|48|-11,3,q4-ridge-fold-3,True
附件一（训练集）.xlsx|材料1|3332,材料1|90|梯形波|52|-9,4,q4-ridge-fold-4,True
附件一（训练集）.xlsx|材料3|2338,材料3|50|梯形波|48|-6,2,q4-ridge-fold-2,True
附件一（训练集）.xlsx|材料3|868,材料3|70|正弦波|46|-14,0,q4-ridge-fold-0,True
附件一（训练集）.xlsx|材料2|2310,材料2|50|梯形波|51|-18,1,q4-ridge-fold-1,True
附件一（训练集）.xlsx|材料2|809,材料2|90|正弦波|50|-10,2,q4-ridge-fold-2,True
附件一（训练集）.xlsx|材料2|1286,材料2|25|三角波|49|-12,1,q4-ridge-fold-1,True
附件一（训练集）.xlsx|材料1|3164,材料1|90|三角波|55|-10,3,q4-ridge-fold-3,True
附件一（训练集）.xlsx|材料1|1365,材料1|25|三角波|49|-6,2,q4-ridge-fold-2,True
附件一（训练集）.xlsx|材料1|2198,材料1|90|三角波|55|-13,4,q4-ridge-fold-4,True
附件一（训练集）.xlsx|材料4|1492,材料4|70|三角波|52|-11,3,q4-ridge-fold-3,True
附件一（训练集）.xlsx|材料2|2957,材料2|90|梯形波|52|-17,0,q4-ridge-fold-0,True
附件一（训练集）.xlsx|材料3|1239,材料3|25|三角波|52|-12,4,q4-ridge-fold-4,True
附件一（训练集）.xlsx|材料3|2173,材料3|25|梯形波|55|-12,0,q4-ridge-fold-0,True
附件一（训练集）.xlsx|材料1|3353,材料1|90|梯形波|53|-9,2,q4-ridge-fold-2,True
附件一（训练集）.xlsx|材料1|2541,材料1|25|梯形波|52|-10,2,q4-ridge-fold-2,True
附件一（训练集）.xlsx|材料1|1911,材料1|70|三角波|55|-15,0,q4-ridge-fold-0,True
附件一（训练集）.xlsx|材料1|349,材料1|50|正弦波|49|-15,3,q4-ridge-fold-3,True
附件一（训练集）.xlsx|材料4|214,材料4|50|正弦波|47|-17,4,q4-ridge-fold-4,True
附件一（训练集）.xlsx|材料4|2258,材料4|50|梯形波|46|-15,1,q4-ridge-fold-1,True
附件一（训练集）.xlsx|材料2|2495,材料2|50|梯形波|55|-10,3,q4-ridge-fold-3,True
附件一（训练集）.xlsx|材料1|436,材料1|50|正弦波|52|-19,2,q4-ridge-fold-2,True
附件一（训练集）.xlsx|材料3|918,材料3|90|正弦波|52|-18,4,q4-ridge-fold-4,True
附件一（训练集）.xlsx|材料2|1427,材料2|50|三角波|55|-14,0,q4-ridge-fold-0,True
附件一（训练集）.xlsx|材料2|2699,材料2|70|梯形波|51|-13,4,q4-ridge-fold-4,True
附件一（训练集）.xlsx|材料4|1525,材料4|70|三角波|53|-16,1,q4-ridge-fold-1,True
附件一（训练集）.xlsx|材料1|2,材料1|25|正弦波|46|-16,3,q4-ridge-fold-3,True
附件一（训练集）.xlsx|材料1|945,材料1|90|正弦波|51|-14,3,q4-ridge-fold-3,True
附件一（训练集）.xlsx|材料2|687,材料2|70|正弦波|46|-14,4,q4-ridge-fold-4,True
附件一（训练集）.xlsx|材料1|2701,材料1|50|梯形波|49|-7,4,q4-ridge-fold-4,True
附件一（训练集）.xlsx|材料4|146,材料4|25|正弦波|53|-19,3,q4-ridge-fold-3,True
附件一（训练集）.xlsx|材料3|2612,材料3|70|三角波|55|-20,4,q4-ridge-fold-4,True
附件一（训练集）.xlsx|材料2|34,材料2|25|正弦波|50|-18,0,q4-ridge-fold-0,True
附件一（训练集）.xlsx|材料2|886,材料2|70|正弦波|49|-7,3,q4-ridge-fold-3,True
附件一（训练集）.xlsx|材料2|460,材料2|50|正弦波|49|-15,1,q4-ridge-fold-1,True
附件一（训练集）.xlsx|材料3|733,材料3|90|正弦波|46|-11,3,q4-ridge-fold-3,True
附件一（训练集）.xlsx|材料3|673,材料3|70|正弦波|49|-9,4,q4-ridge-fold-4,True
附件一（训练集）.xlsx|材料4|2601,材料4|90|三角波|55|-14,4,q4-ridge-fold-4,True
附件一（训练集）.xlsx|材料2|914,材料2|50|正弦波|53|-20,0,q4-ridge-fold-0,True
附件一（训练集）.xlsx|材料4|1815,材料4|90|三角波|55|-20,1,q4-ridge-fold-1,True
附件一（训练集）.xlsx|材料4|1649,材料4|70|三角波|49|-15,1,q4-ridge-fold-1,True
附件一（训练集）.xlsx|材料3|2080,材料3|25|梯形波|54|-9,2,q4-ridge-fold-2,True
附件一（训练集）.xlsx|材料1|373,材料1|50|正弦波|49|-11,4,q4-ridge-fold-4,True
附件一（训练集）.xlsx|材料4|1905,材料4|90|三角波|49|-12,0,q4-ridge-fold-0,True
附件一（训练集）.xlsx|材料4|346,材料4|50|正弦波|52|-15,4,q4-ridge-fold-4,True
附件一（训练集）.xlsx|材料1|335,材料1|50|正弦波|49|-14,1,q4-ridge-fold-1,True
附件一（训练集）.xlsx|材料4|29,材料4|25|正弦波|47|-10,4,q4-ridge-fold-4,True
附件一（训练集）.xlsx|材料4|352,材料4|50|正弦波|52|-11,2,q4-ridge-fold-2,True
附件一（训练集）.xlsx|材料3|781,材料3|90|正弦波|53|-16,3,q4-ridge-fold-3,True
附件一（训练集）.xlsx|材料4|899,材料4|25|三角波|48|-17,0,q4-ridge-fold-0,True
附件一（训练集）.xlsx|材料1|2737,材料1|50|梯形波|51|-16,4,q4-ridge-fold-4,True
附件一（训练集）.xlsx|材料1|2951,材料1|70|梯形波|49|-9,0,q4-ridge-fold-0,True
附件一（训练集）.xlsx|材料1|1976,材料1|70|三角波|49|-12,2,q4-ridge-fold-2,True
附件一（训练集）.xlsx|材料4|160,材料4|25|正弦波|54|-13,1,q4-ridge-fold-1,True
附件一（训练集）.xlsx|材料2|1776,材料2|70|三角波|50|-13,0,q4-ridge-fold-0,True
附件一（训练集）.xlsx|材料4|2049,材料4|25|三角波|52|-18,0,q4-ridge-fold-0,True
附件一（训练集）.xlsx|材料2|2113,材料2|25|梯形波|55|-13,4,q4-ridge-fold-4,True
附件一（训练集）.xlsx|材料3|297,材料3|90|正弦波|52|-18,4,q4-ridge-fold-4,True
附件一（训练集）.xlsx|材料2|290,材料2|90|正弦波|49|-17,1,q4-ridge-fold-1,True
附件一（训练集）.xlsx|材料3|347,材料3|50|正弦波|49|-8,0,q4-ridge-fold-0,True
附件一（训练集）.xlsx|材料1|987,材料1|90|正弦波|52|-13,4,q4-ridge-fold-4,True
附件一（训练集）.xlsx|材料1|251,材料1|25|正弦波|53|-14,2,q4-ridge-fold-2,True
附件一（训练集）.xlsx|材料1|2540,材料1|25|梯形波|52|-10,2,q4-ridge-fold-2,True
附件一（训练集）.xlsx|材料1|1056,材料1|90|正弦波|55|-19,1,q4-ridge-fold-1,True
附件一（训练集）.xlsx|材料1|876,材料1|90|正弦波|49|-14,3,q4-ridge-fold-3,True
附件一（训练集）.xlsx|材料2|1782,材料2|70|三角波|52|-13,3,q4-ridge-fold-3,True
附件一（训练集）.xlsx|材料2|2491,材料2|50|梯形波|55|-16,3,q4-ridge-fold-3,True
附件一（训练集）.xlsx|材料4|1189,材料4|50|三角波|48|-8,0,q4-ridge-fold-0,True
附件一（训练集）.xlsx|材料4|2409,材料4|70|三角波|55|-10,3,q4-ridge-fold-3,True
附件一（训练集）.xlsx|材料2|1167,材料2|25|三角波|50|-12,1,q4-ridge-fold-1,True
附件一（训练集）.xlsx|材料1|2492,材料1|25|梯形波|51|-7,4,q4-ridge-fold-4,True
附件一（训练集）.xlsx|材料4|1620,材料4|70|三角波|48|-12,3,q4-ridge-fold-3,True
附件一（训练集）.xlsx|材料4|101,材料4|25|正弦波|51|-14,3,q4-ridge-fold-3,True
附件一（训练集）.xlsx|材料1|1485,材料1|50|三角波|52|-10,3,q4-ridge-fold-3,True
附件一（训练集）.xlsx|材料3|2513,材料3|50|梯形波|49|-7,1,q4-ridge-fold-1,True
附件一（训练集）.xlsx|材料4|1748,材料4|90|三角波|52|-17,1,q4-ridge-fold-1,True
附件一（训练集）.xlsx|材料1|530,材料1|70|正弦波|46|-16,4,q4-ridge-fold-4,True
附件一（训练集）.xlsx|材料3|2160,材料3|25|梯形波|55|-16,0,q4-ridge-fold-0,True
附件一（训练集）.xlsx|材料2|2886,材料2|90|梯形波|54|-17,4,q4-ridge-fold-4,True
附件一（训练集）.xlsx|材料2|135,材料2|50|正弦波|50|-11,2,q4-ridge-fold-2,True
附件一（训练集）.xlsx|材料1|2768,材料1|50|梯形波|52|-10,4,q4-ridge-fold-4,True
附件一（训练集）.xlsx|材料1|82,材料1|25|正弦波|49|-8,3,q4-ridge-fold-3,True
附件一（训练集）.xlsx|材料2|722,材料2|70|正弦波|50|-14,3,q4-ridge-fold-3,True
附件一（训练集）.xlsx|材料3|130,材料3|50|正弦波|50|-10,1,q4-ridge-fold-1,True
附件一（训练集）.xlsx|材料2|1667,材料2|70|三角波|54|-9,2,q4-ridge-fold-2,True
附件一（训练集）.xlsx|材料1|710,材料1|70|正弦波|52|-13,0,q4-ridge-fold-0,True
附件一（训练集）.xlsx|材料1|3114,材料1|70|梯形波|54|-16,1,q4-ridge-fold-1,True
附件一（训练集）.xlsx|材料4|1571,材料4|70|三角波|55|-14,4,q4-ridge-fold-4,True
附件一（训练集）.xlsx|材料2|918,材料2|90|正弦波|55|-17,2,q4-ridge-fold-2,True
附件一（训练集）.xlsx|材料2|2452,材料2|50|梯形波|51|-9,3,q4-ridge-fold-3,True
附件一（训练集）.xlsx|材料1|1697,材料1|50|三角波|50|-14,2,q4-ridge-fold-2,True
附件一（训练集）.xlsx|材料3|2573,材料3|50|梯形波|55|-13,3,q4-ridge-fold-3,True
附件一（训练集）.xlsx|材料4|2563,材料4|70|梯形波|51|-10,2,q4-ridge-fold-2,True
附件一（训练集）.xlsx|材料1|1338,材料1|25|三角波|48|-6,3,q4-ridge-fold-3,True
附件一（训练集）.xlsx|材料4|2110,材料4|25|梯形波|47|-15,0,q4-ridge-fold-0,True
附件一（训练集）.xlsx|材料2|224,材料2|70|正弦波|52|-18,2,q4-ridge-fold-2,True
附件一（训练集）.xlsx|材料1|138,材料1|25|正弦波|50|-10,1,q4-ridge-fold-1,True
附件一（训练集）.xlsx|材料1|3046,材料1|70|梯形波|52|-10,1,q4-ridge-fold-1,True
附件一（训练集）.xlsx|材料4|182,材料4|25|正弦波|55|-17,2,q4-ridge-fold-2,True
附件一（训练集）.xlsx|材料1|2048,材料1|90|三角波|50|-12,2,q4-ridge-fold-2,True
附件一（训练集）.xlsx|材料4|1916,材料4|90|三角波|50|-18,0,q4-ridge-fold-0,True
附件一（训练集）.xlsx|材料4|1145,材料4|25|三角波|49|-13,4,q4-ridge-fold-4,True
附件一（训练集）.xlsx|材料4|105,材料4|25|正弦波|51|-12,4,q4-ridge-fold-4,True
附件一（训练集）.xlsx|材料1|984,材料1|90|正弦波|52|-15,4,q4-ridge-fold-4,True
附件一（训练集）.xlsx|材料4|2625,材料4|90|三角波|55|-19,3,q4-ridge-fold-3,True
附件一（训练集）.xlsx|材料2|737,材料2|70|正弦波|52|-18,2,q4-ridge-fold-2,True
附件一（训练集）.xlsx|材料2|804,材料2|90|正弦波|50|-15,1,q4-ridge-fold-1,True
附件一（训练集）.xlsx|材料1|1829,材料1|70|三角波|53|-15,4,q4-ridge-fold-4,True
附件一（训练集）.xlsx|材料2|1833,材料2|90|三角波|55|-20,3,q4-ridge-fold-3,True
附件一（训练集）.xlsx|材料3|1712,材料3|70|三角波|52|-12,0,q4-ridge-fold-0,True
附件一（训练集）.xlsx|材料1|2867,材料1|70|三角波|55|-9,1,q4-ridge-fold-1,True
附件一（训练集）.xlsx|材料1|46,材料1|25|正弦波|47|-9,4,q4-ridge-fold-4,True
附件一（训练集）.xlsx|材料3|816,材料3|25|正弦波|53|-20,1,q4-ridge-fold-1,True
附件一（训练集）.xlsx|材料4|2030,材料4|25|三角波|49|-15,0,q4-ridge-fold-0,True
附件一（训练集）.xlsx|材料1|3247,材料1|90|梯形波|50|-8,4,q4-ridge-fold-4,True
附件一（训练集）.xlsx|材料2|1367,材料2|50|三角波|55|-13,4,q4-ridge-fold-4,True
附件一（训练集）.xlsx|材料2|1290,材料2|25|三角波|50|-14,1,q4-ridge-fold-1,True
附件一（训练集）.xlsx|材料1|1508,材料1|50|三角波|53|-18,3,q4-ridge-fold-3,True
附件一（训练集）.xlsx|材料4|1242,材料4|50|三角波|52|-12,0,q4-ridge-fold-0,True
附件一（训练集）.xlsx|材料2|1760,材料2|70|三角波|56|-12,4,q4-ridge-fold-4,True
附件一（训练集）.xlsx|材料4|387,材料4|50|正弦波|55|-15,2,q4-ridge-fold-2,True
附件一（训练集）.xlsx|材料1|1094,材料1|25|三角波|48|-7,2,q4-ridge-fold-2,True
附件一（训练集）.xlsx|材料3|2888,材料3|70|梯形波|56|-13,2,q4-ridge-fold-2,True
附件一（训练集）.xlsx|材料1|190,材料1|25|正弦波|52|-19,2,q4-ridge-fold-2,True
附件一（训练集）.xlsx|材料1|547,材料1|70|正弦波|47|-14,0,q4-ridge-fold-0,True
附件一（训练集）.xlsx|材料1|461,材料1|50|正弦波|52|-14,3,q4-ridge-fold-3,True
附件一（训练集）.xlsx|材料2|1618,材料2|70|三角波|56|-18,2,q4-ridge-fold-2,True
附件一（训练集）.xlsx|材料1|35,材料1|25|正弦波|47|-15,3,q4-ridge-fold-3,True
附件一（训练集）.xlsx|材料1|1465,材料1|50|三角波|52|-8,3,q4-ridge-fold-3,True
附件一（训练集）.xlsx|材料2|2159,材料2|25|梯形波|52|-14,0,q4-ridge-fold-0,True
附件一（训练集）.xlsx|材料1|2332,材料1|25|三角波|55|-18,1,q4-ridge-fold-1,True
附件一（训练集）.xlsx|材料4|1214,材料4|50|三角波|50|-13,3,q4-ridge-fold-3,True
附件一（训练集）.xlsx|材料2|1965,材料2|90|三角波|55|-12,3,q4-ridge-fold-3,True
附件一（训练集）.xlsx|材料4|882,材料4|25|三角波|47|-17,3,q4-ridge-fold-3,True
附件一（训练集）.xlsx|材料4|867,材料4|25|正弦波|56|-19,3,q4-ridge-fold-3,True
附件一（训练集）.xlsx|材料1|706,材料1|70|正弦波|52|-17,3,q4-ridge-fold-3,True
附件一（训练集）.xlsx|材料1|2501,材料1|25|梯形波|52|-13,1,q4-ridge-fold-1,True
附件一（训练集）.xlsx|材料3|610,材料3|50|正弦波|50|-8,1,q4-ridge-fold-1,True
附件一（训练集）.xlsx|材料1|136,材料1|25|正弦波|50|-12,1,q4-ridge-fold-1,True
附件一（训练集）.xlsx|材料4|2259,材料4|50|梯形波|46|-14,3,q4-ridge-fold-3,True
附件一（训练集）.xlsx|材料1|2277,材料1|90|三角波|49|-8,3,q4-ridge-fold-3,True
附件一（训练集）.xlsx|材料1|1260,材料1|25|三角波|55|-13,4,q4-ridge-fold-4,True
附件一（训练集）.xlsx|材料4|2249,材料4|50|三角波|55|-18,0,q4-ridge-fold-0,True
附件一（训练集）.xlsx|材料4|2238,材料4|50|三角波|55|-17,2,q4-ridge-fold-2,True
附件一（训练集）.xlsx|材料2|426,材料2|50|正弦波|52|-13,3,q4-ridge-fold-3,True
附件一（训练集）.xlsx|材料4|1293,材料4|50|三角波|54|-16,1,q4-ridge-fold-1,True
附件一（训练集）.xlsx|材料3|2367,材料3|50|梯形波|52|-16,4,q4-ridge-fold-4,True
附件一（训练集）.xlsx|材料4|2300,材料4|50|梯形波|48|-10,1,q4-ridge-fold-1,True
附件一（训练集）.xlsx|材料2|2420,材料2|50|梯形波|55|-12,4,q4-ridge-fold-4,True
附件一（训练集）.xlsx|材料1|350,材料1|50|正弦波|49|-14,1,q4-ridge-fold-1,True
附件一（训练集）.xlsx|材料3|914,材料3|50|正弦波|47|-10,3,q4-ridge-fold-3,True
附件一（训练集）.xlsx|材料3|71,材料3|25|正弦波|55|-18,1,q4-ridge-fold-1,True
附件一（训练集）.xlsx|材料1|122,材料1|25|正弦波|49|-8,3,q4-ridge-fold-3,True
附件一（训练集）.xlsx|材料2|1346,材料2|50|三角波|52|-18,4,q4-ridge-fold-4,True
附件一（训练集）.xlsx|材料4|1100,材料4|25|三角波|48|-11,1,q4-ridge-fold-1,True
附件一（训练集）.xlsx|材料4|1481,材料4|70|三角波|52|-17,0,q4-ridge-fold-0,True
附件一（训练集）.xlsx|材料3|3016,材料3|90|梯形波|48|-13,2,q4-ridge-fold-2,True
附件一（训练集）.xlsx|材料3|2119,材料3|25|梯形波|49|-13,3,q4-ridge-fold-3,True
附件一（训练集）.xlsx|材料3|2711,材料3|70|梯形波|49|-11,0,q4-ridge-fold-0,True
附件一（训练集）.xlsx|材料4|94,材料4|25|正弦波|50|-10,0,q4-ridge-fold-0,True
附件一（训练集）.xlsx|材料1|1114,材料1|25|三角波|50|-11,4,q4-ridge-fold-4,True
附件一（训练集）.xlsx|材料2|2830,材料2|90|梯形波|55|-19,0,q4-ridge-fold-0,True
附件一（训练集）.xlsx|材料4|557,材料4|70|正弦波|52|-15,2,q4-ridge-fold-2,True
附件一（训练集）.xlsx|材料3|1934,材料3|90|三角波|55|-15,3,q4-ridge-fold-3,True
附件一（训练集）.xlsx|材料1|2315,材料1|90|三角波|50|-14,3,q4-ridge-fold-3,True
附件一（训练集）.xlsx|材料4|323,材料4|50|正弦波|52|-20,4,q4-ridge-fold-4,True
附件一（训练集）.xlsx|材料1|1470,材料1|50|三角波|52|-18,1,q4-ridge-fold-1,True
附件一（训练集）.xlsx|材料2|524,材料2|25|正弦波|47|-7,4,q4-ridge-fold-4,True
附件一（训练集）.xlsx|材料4|1413,材料4|70|三角波|47|-13,2,q4-ridge-fold-2,True
附件一（训练集）.xlsx|材料4|1191,材料4|50|三角波|48|-7,0,q4-ridge-fold-0,True
附件一（训练集）.xlsx|材料4|2675,材料4|90|梯形波|48|-6,4,q4-ridge-fold-4,True
附件一（训练集）.xlsx|材料4|830,材料4|90|正弦波|56|-19,0,q4-ridge-fold-0,True
附件一（训练集）.xlsx|材料4|2743,材料4|90|梯形波|51|-10,3,q4-ridge-fold-3,True
附件一（训练集）.xlsx|材料4|2632,材料4|90|三角波|55|-20,1,q4-ridge-fold-1,True
附件一（训练集）.xlsx|材料4|1362,材料4|50|三角波|48|-9,1,q4-ridge-fold-1,True
附件一（训练集）.xlsx|材料1|559,材料1|70|正弦波|47|-7,4,q4-ridge-fold-4,True
附件一（训练集）.xlsx|材料1|1758,材料1|70|三角波|51|-8,3,q4-ridge-fold-3,True
附件一（训练集）.xlsx|材料2|2898,材料2|90|梯形波|55|-12,0,q4-ridge-fold-0,True
附件一（训练集）.xlsx|材料3|416,材料3|90|正弦波|49|-10,3,q4-ridge-fold-3,True
附件一（训练集）.xlsx|材料3|2296,材料3|25|梯形波|47|-7,3,q4-ridge-fold-3,True
附件一（训练集）.xlsx|材料4|790,材料4|90|正弦波|53|-13,4,q4-ridge-fold-4,True
附件一（训练集）.xlsx|材料4|1933,材料4|25|三角波|47|-13,2,q4-ridge-fold-2,True
附件一（训练集）.xlsx|材料4|68,材料4|25|正弦波|49|-12,3,q4-ridge-fold-3,True
附件一（训练集）.xlsx|材料2|706,材料2|70|正弦波|49|-12,3,q4-ridge-fold-3,True
附件一（训练集）.xlsx|材料3|3198,材料3|90|梯形波|46|-7,2,q4-ridge-fold-2,True
附件一（训练集）.xlsx|材料3|2701,材料3|70|梯形波|46|-7,1,q4-ridge-fold-1,True
附件一（训练集）.xlsx|材料3|1808,材料3|90|三角波|48|-6,0,q4-ridge-fold-0,True
附件一（训练集）.xlsx|材料3|1983,材料3|90|三角波|52|-9,3,q4-ridge-fold-3,True
附件一（训练集）.xlsx|材料2|1862,材料2|90|三角波|49|-8,0,q4-ridge-fold-0,True
附件一（训练集）.xlsx|材料4|578,材料4|70|正弦波|53|-19,3,q4-ridge-fold-3,True
附件一（训练集）.xlsx|材料3|121,材料3|50|正弦波|49|-10,3,q4-ridge-fold-3,True
附件一（训练集）.xlsx|材料3|1321,材料3|50|三角波|56|-14,2,q4-ridge-fold-2,True
附件一（训练集）.xlsx|材料4|1926,材料4|90|三角波|50|-12,1,q4-ridge-fold-1,True
附件一（训练集）.xlsx|材料1|3303,材料1|90|梯形波|52|-6,2,q4-ridge-fold-2,True
附件一（训练集）.xlsx|材料1|1710,材料1|70|三角波|48|-14,3,q4-ridge-fold-3,True
附件一（训练集）.xlsx|材料3|1832,材料3|90|三角波|52|-7,2,q4-ridge-fold-2,True
附件一（训练集）.xlsx|材料1|631,材料1|70|正弦波|49|-6,1,q4-ridge-fold-1,True
附件一（训练集）.xlsx|材料2|2112,材料2|25|梯形波|55|-14,0,q4-ridge-fold-0,True
附件一（训练集）.xlsx|材料1|951,材料1|90|正弦波|51|-10,1,q4-ridge-fold-1,True
附件一（训练集）.xlsx|材料2|1368,材料2|50|三角波|55|-12,2,q4-ridge-fold-2,True
附件一（训练集）.xlsx|材料3|2543,材料3|50|梯形波|52|-12,0,q4-ridge-fold-0,True
附件一（训练集）.xlsx|材料1|2485,材料1|25|梯形波|51|-12,2,q4-ridge-fold-2,True
附件一（训练集）.xlsx|材料1|1264,材料1|25|三角波|55|-11,3,q4-ridge-fold-3,True
附件一（训练集）.xlsx|材料4|1609,材料4|70|三角波|48|-9,0,q4-ridge-fold-0,True
附件一（训练集）.xlsx|材料2|955,材料2|90|正弦波|55|-18,1,q4-ridge-fold-1,True
附件一（训练集）.xlsx|材料3|668,材料3|70|正弦波|49|-18,4,q4-ridge-fold-4,True
附件一（训练集）.xlsx|材料4|1101,材料4|25|三角波|48|-10,3,q4-ridge-fold-3,True
附件一（训练集）.xlsx|材料3|996,材料3|25|正弦波|50|-15,2,q4-ridge-fold-2,True
附件一（训练集）.xlsx|材料4|1879,材料4|90|三角波|48|-10,3,q4-ridge-fold-3,True
附件一（训练集）.xlsx|材料1|524,材料1|50|正弦波|54|-15,1,q4-ridge-fold-1,True
附件一（训练集）.xlsx|材料1|469,材料1|50|正弦波|52|-9,1,q4-ridge-fold-1,True
附件一（训练集）.xlsx|材料1|1878,材料1|70|三角波|55|-17,3,q4-ridge-fold-3,True
附件一（训练集）.xlsx|材料1|2012,材料1|90|三角波|47|-10,3,q4-ridge-fold-3,True
附件一（训练集）.xlsx|材料3|2377,材料3|50|梯形波|54|-15,3,q4-ridge-fold-3,True
附件一（训练集）.xlsx|材料2|2427,材料2|50|梯形波|56|-13,4,q4-ridge-fold-4,True
附件一（训练集）.xlsx|材料2|1800,材料2|70|三角波|55|-17,4,q4-ridge-fold-4,True
附件一（训练集）.xlsx|材料4|408,材料4|50|正弦波|56|-17,2,q4-ridge-fold-2,True
附件一（训练集）.xlsx|材料3|1353,材料3|50|三角波|52|-8,1,q4-ridge-fold-1,True
附件一（训练集）.xlsx|材料3|1817,材料3|90|三角波|49|-6,3,q4-ridge-fold-3,True
附件一（训练集）.xlsx|材料3|2486,材料3|50|梯形波|55|-10,2,q4-ridge-fold-2,True
附件一（训练集）.xlsx|材料1|1811,材料1|70|三角波|52|-13,4,q4-ridge-fold-4,True
附件一（训练集）.xlsx|材料3|1649,材料3|70|三角波|52|-10,2,q4-ridge-fold-2,True
附件一（训练集）.xlsx|材料1|2346,材料1|25|三角波|55|-17,1,q4-ridge-fold-1,True
附件一（训练集）.xlsx|材料4|2236,材料4|50|三角波|55|-19,0,q4-ridge-fold-0,True
附件一（训练集）.xlsx|材料3|464,材料3|25|正弦波|52|-16,0,q4-ridge-fold-0,True
附件一（训练集）.xlsx|材料2|2180,材料2|25|梯形波|55|-10,3,q4-ridge-fold-3,True
附件一（训练集）.xlsx|材料4|2611,材料4|90|三角波|55|-18,3,q4-ridge-fold-3,True
附件一（训练集）.xlsx|材料2|2921,材料2|90|梯形波|48|-12,4,q4-ridge-fold-4,True
附件一（训练集）.xlsx|材料3|586,材料3|50|正弦波|47|-7,0,q4-ridge-fold-0,True
附件一（训练集）.xlsx|材料1|529,材料1|70|正弦波|46|-16,4,q4-ridge-fold-4,True
附件一（训练集）.xlsx|材料1|208,材料1|25|正弦波|52|-19,2,q4-ridge-fold-2,True
附件一（训练集）.xlsx|材料4|2468,材料4|70|梯形波|47|-13,1,q4-ridge-fold-1,True
附件一（训练集）.xlsx|材料3|1305,材料3|50|三角波|55|-15,2,q4-ridge-fold-2,True
附件一（训练集）.xlsx|材料2|2019,材料2|90|三角波|54|-16,0,q4-ridge-fold-0,True
附件一（训练集）.xlsx|材料2|912,材料2|70|正弦波|55|-14,4,q4-ridge-fold-4,True
附件一（训练集）.xlsx|材料4|2615,材料4|90|三角波|55|-13,0,q4-ridge-fold-0,True
附件一（训练集）.xlsx|材料1|2835,材料1|50|梯形波|54|-12,4,q4-ridge-fold-4,True
附件一（训练集）.xlsx|材料2|1795,材料2|70|三角波|54|-16,1,q4-ridge-fold-1,True
附件一（训练集）.xlsx|材料1|517,材料1|50|正弦波|54|-20,2,q4-ridge-fold-2,True
附件一（训练集）.xlsx|材料4|837,材料4|70|正弦波|48|-8,4,q4-ridge-fold-4,True
附件一（训练集）.xlsx|材料3|722,材料3|70|正弦波|55|-17,4,q4-ridge-fold-4,True
附件一（训练集）.xlsx|材料4|840,材料4|50|正弦波|51|-18,1,q4-ridge-fold-1,True
附件一（训练集）.xlsx|材料1|2938,材料1|70|梯形波|48|-9,2,q4-ridge-fold-2,True
附件一（训练集）.xlsx|材料4|1072,材料4|25|三角波|56|-20,0,q4-ridge-fold-0,True
附件一（训练集）.xlsx|材料2|2259,材料2|25|梯形波|55|-15,4,q4-ridge-fold-4,True
附件一（训练集）.xlsx|材料2|79,材料2|25|正弦波|55|-16,1,q4-ridge-fold-1,True
附件一（训练集）.xlsx|材料2|548,材料2|25|正弦波|50|-11,4,q4-ridge-fold-4,True
附件一（训练集）.xlsx|材料3|2079,材料3|25|梯形波|54|-11,4,q4-ridge-fold-4,True
附件一（训练集）.xlsx|材料1|2121,材料1|90|三角波|52|-18,2,q4-ridge-fold-2,True
附件一（训练集）.xlsx|材料2|567,材料2|25|正弦波|52|-13,0,q4-ridge-fold-0,True
附件一（训练集）.xlsx|材料1|1290,材料1|25|三角波|55|-16,4,q4-ridge-fold-4,True
附件一（训练集）.xlsx|材料4|599,材料4|70|正弦波|55|-17,1,q4-ridge-fold-1,True
附件一（训练集）.xlsx|材料2|2731,材料2|70|梯形波|55|-18,3,q4-ridge-fold-3,True
附件一（训练集）.xlsx|材料3|1962,材料3|90|三角波|49|-8,2,q4-ridge-fold-2,True
附件一（训练集）.xlsx|材料1|2397,材料1|25|梯形波|48|-11,1,q4-ridge-fold-1,True
附件一（训练集）.xlsx|材料1|600,材料1|70|正弦波|49|-10,3,q4-ridge-fold-3,True
附件一（训练集）.xlsx|材料3|613,材料3|50|正弦波|52|-15,1,q4-ridge-fold-1,True
附件一（训练集）.xlsx|材料1|2078,材料1|90|三角波|51|-8,0,q4-ridge-fold-0,True
附件一（训练集）.xlsx|材料1|100,材料1|25|正弦波|49|-9,1,q4-ridge-fold-1,True
附件一（训练集）.xlsx|材料2|1385,材料2|50|三角波|49|-15,1,q4-ridge-fold-1,True
附件一（训练集）.xlsx|材料3|1253,材料3|25|三角波|54|-15,2,q4-ridge-fold-2,True
附件一（训练集）.xlsx|材料4|192,材料4|50|正弦波|46|-16,0,q4-ridge-fold-0,True
附件一（训练集）.xlsx|材料2|77,材料2|25|正弦波|55|-18,4,q4-ridge-fold-4,True
附件一（训练集）.xlsx|材料3|2866,材料3|70|梯形波|55|-12,3,q4-ridge-fold-3,True
附件一（训练集）.xlsx|材料1|920,材料1|90|正弦波|50|-9,3,q4-ridge-fold-3,True
附件一（训练集）.xlsx|材料4|2326,材料4|50|梯形波|49|-13,3,q4-ridge-fold-3,True
附件一（训练集）.xlsx|材料1|653,材料1|70|正弦波|50|-17,4,q4-ridge-fold-4,True
附件一（训练集）.xlsx|材料3|1008,材料3|25|正弦波|52|-12,2,q4-ridge-fold-2,True
附件一（训练集）.xlsx|材料2|2410,材料2|50|梯形波|55|-13,1,q4-ridge-fold-1,True
附件一（训练集）.xlsx|材料2|2949,材料2|90|梯形波|52|-13,2,q4-ridge-fold-2,True
附件一（训练集）.xlsx|材料3|2460,材料3|50|梯形波|54|-16,4,q4-ridge-fold-4,True
附件一（训练集）.xlsx|材料2|1445,材料2|50|三角波|48|-11,4,q4-ridge-fold-4,True
附件一（训练集）.xlsx|材料2|149,材料2|50|正弦波|52|-14,3,q4-ridge-fold-3,True
附件一（训练集）.xlsx|材料3|265,材料3|90|正弦波|49|-16,3,q4-ridge-fold-3,True
附件一（训练集）.xlsx|材料3|2157,材料3|25|梯形波|55|-20,2,q4-ridge-fold-2,True
附件一（训练集）.xlsx|材料3|821,材料3|70|正弦波|47|-13,1,q4-ridge-fold-1,True
附件一（训练集）.xlsx|材料2|575,材料2|25|正弦波|53|-14,3,q4-ridge-fold-3,True
附件一（训练集）.xlsx|材料3|11,材料3|25|正弦波|47|-17,0,q4-ridge-fold-0,True
附件一（训练集）.xlsx|材料2|2796,材料2|90|梯形波|51|-15,3,q4-ridge-fold-3,True
附件一（训练集）.xlsx|材料4|123,材料4|25|正弦波|52|-15,0,q4-ridge-fold-0,True
附件一（训练集）.xlsx|材料4|1064,材料4|25|三角波|55|-18,4,q4-ridge-fold-4,True
附件一（训练集）.xlsx|材料2|1360,材料2|50|三角波|55|-20,1,q4-ridge-fold-1,True
附件一（训练集）.xlsx|材料3|1628,材料3|70|三角波|49|-12,2,q4-ridge-fold-2,True
附件一（训练集）.xlsx|材料4|265,材料4|50|正弦波|49|-14,1,q4-ridge-fold-1,True
附件一（训练集）.xlsx|材料4|1604,材料4|70|三角波|48|-12,3,q4-ridge-fold-3,True
附件一（训练集）.xlsx|材料3|1018,材料3|25|三角波|50|-15,4,q4-ridge-fold-4,True
附件一（训练集）.xlsx|材料2|169,材料2|50|正弦波|55|-20,3,q4-ridge-fold-3,True
附件一（训练集）.xlsx|材料1|2890,材料1|70|三角波|55|-12,1,q4-ridge-fold-1,True
附件一（训练集）.xlsx|材料3|2969,材料3|90|梯形波|52|-9,2,q4-ridge-fold-2,True
附件一（训练集）.xlsx|材料3|516,材料3|25|正弦波|49|-13,0,q4-ridge-fold-0,True
附件一（训练集）.xlsx|材料2|1068,材料2|25|正弦波|52|-19,3,q4-ridge-fold-3,True
附件一（训练集）.xlsx|材料2|1016,材料2|25|正弦波|46|-14,0,q4-ridge-fold-0,True
附件一（训练集）.xlsx|材料2|1629,材料2|70|三角波|49|-16,4,q4-ridge-fold-4,True
附件一（训练集）.xlsx|材料1|1195,材料1|25|三角波|52|-11,2,q4-ridge-fold-2,True
附件一（训练集）.xlsx|材料3|1255,材料3|25|三角波|54|-13,1,q4-ridge-fold-1,True
附件一（训练集）.xlsx|材料2|2422,材料2|50|梯形波|56|-20,0,q4-ridge-fold-0,True
附件一（训练集）.xlsx|材料4|1230,材料4|50|三角波|52|-20,0,q4-ridge-fold-0,True
附件一（训练集）.xlsx|材料2|1578,材料2|70|三角波|50|-12,2,q4-ridge-fold-2,True
附件一（训练集）.xlsx|材料4|2620,材料4|90|三角波|52|-18,1,q4-ridge-fold-1,True
附件一（训练集）.xlsx|材料1|1218,材料1|25|三角波|54|-19,3,q4-ridge-fold-3,True
附件一（训练集）.xlsx|材料2|2630,材料2|70|梯形波|52|-12,2,q4-ridge-fold-2,True
附件一（训练集）.xlsx|材料3|326,材料3|90|正弦波|52|-13,4,q4-ridge-fold-4,True
附件一（训练集）.xlsx|材料2|1189,材料2|25|三角波|54|-15,3,q4-ridge-fold-3,True
附件一（训练集）.xlsx|材料1|3271,材料1|90|梯形波|51|-13,1,q4-ridge-fold-1,True
附件一（训练集）.xlsx|材料3|137,材料3|50|正弦波|52|-13,4,q4-ridge-fold-4,True
附件一（训练集）.xlsx|材料2|2337,材料2|50|梯形波|54|-15,1,q4-ridge-fold-1,True
附件一（训练集）.xlsx|材料2|357,材料2|25|正弦波|53|-17,0,q4-ridge-fold-0,True
附件一（训练集）.xlsx|材料3|119,材料3|50|正弦波|49|-12,2,q4-ridge-fold-2,True
附件一（训练集）.xlsx|材料3|1086,材料3|25|三角波|51|-7,2,q4-ridge-fold-2,True
附件一（训练集）.xlsx|材料1|2427,材料1|25|梯形波|49|-9,0,q4-ridge-fold-0,True
附件一（训练集）.xlsx|材料3|2846,材料3|70|梯形波|52|-7,0,q4-ridge-fold-0,True
附件一（训练集）.xlsx|材料2|1570,材料2|50|三角波|56|-13,3,q4-ridge-fold-3,True
附件一（训练集）.xlsx|材料1|2046,材料1|90|三角波|50|-14,3,q4-ridge-fold-3,True
附件一（训练集）.xlsx|材料2|536,材料2|25|正弦波|49|-13,0,q4-ridge-fold-0,True
附件一（训练集）.xlsx|材料1|2339,材料1|25|三角波|55|-13,4,q4-ridge-fold-4,True
附件一（训练集）.xlsx|材料1|152,材料1|25|正弦波|50|-13,2,q4-ridge-fold-2,True
附件一（训练集）.xlsx|材料1|662,材料1|70|正弦波|50|-11,1,q4-ridge-fold-1,True
附件一（训练集）.xlsx|材料2|1020,材料2|25|正弦波|46|-8,3,q4-ridge-fold-3,True
附件一（训练集）.xlsx|材料2|769,材料2|90|正弦波|46|-15,4,q4-ridge-fold-4,True
附件一（训练集）.xlsx|材料1|2638,材料1|50|梯形波|46|-8,0,q4-ridge-fold-0,True
附件一（训练集）.xlsx|材料1|598,材料1|70|正弦波|49|-11,3,q4-ridge-fold-3,True
附件一（训练集）.xlsx|材料1|2816,材料1|50|梯形波|53|-18,4,q4-ridge-fold-4,True
附件一（训练集）.xlsx|材料4|2722,材料4|90|梯形波|50|-16,4,q4-ridge-fold-4,True
附件一（训练集）.xlsx|材料4|2041,材料4|25|三角波|50|-16,3,q4-ridge-fold-3,True
附件一（训练集）.xlsx|材料1|3229,材料1|90|梯形波|49|-11,0,q4-ridge-fold-0,True
附件一（训练集）.xlsx|材料4|719,材料4|90|正弦波|50|-15,3,q4-ridge-fold-3,True
附件一（训练集）.xlsx|材料3|844,材料3|50|正弦波|55|-14,3,q4-ridge-fold-3,True
附件一（训练集）.xlsx|材料3|1391,材料3|50|三角波|49|-14,0,q4-ridge-fold-0,True
附件一（训练集）.xlsx|材料3|1222,材料3|25|三角波|49|-14,0,q4-ridge-fold-0,True
附件一（训练集）.xlsx|材料1|2919,材料1|70|梯形波|48|-14,0,q4-ridge-fold-0,True
附件一（训练集）.xlsx|材料1|947,材料1|90|正弦波|51|-12,2,q4-ridge-fold-2,True
附件一（训练集）.xlsx|材料1|1693,材料1|50|三角波|50|-16,4,q4-ridge-fold-4,True
附件一（训练集）.xlsx|材料4|548,材料4|70|正弦波|52|-14,0,q4-ridge-fold-0,True
附件一（训练集）.xlsx|材料2|933,材料2|70|正弦波|50|-8,1,q4-ridge-fold-1,True
附件一（训练集）.xlsx|材料2|190,材料2|70|正弦波|47|-15,0,q4-ridge-fold-0,True
附件一（训练集）.xlsx|材料2|1892,材料2|90|三角波|55|-18,0,q4-ridge-fold-0,True
附件一（训练集）.xlsx|材料1|1368,材料1|25|三角波|49|-14,1,q4-ridge-fold-1,True
附件一（训练集）.xlsx|材料2|1266,材料2|25|三角波|56|-20,0,q4-ridge-fold-0,True
附件一（训练集）.xlsx|材料1|3276,材料1|90|梯形波|51|-9,3,q4-ridge-fold-3,True
附件一（训练集）.xlsx|材料4|23,材料4|25|正弦波|47|-15,2,q4-ridge-fold-2,True
附件一（训练集）.xlsx|材料1|1917,材料1|70|三角波|56|-19,3,q4-ridge-fold-3,True
附件一（训练集）.xlsx|材料1|1954,材料1|70|三角波|49|-14,0,q4-ridge-fold-0,True
附件一（训练集）.xlsx|材料1|3052,材料1|70|梯形波|52|-19,4,q4-ridge-fold-4,True
附件一（训练集）.xlsx|材料1|2197,材料1|90|三角波|55|-13,4,q4-ridge-fold-4,True
附件一（训练集）.xlsx|材料3|3002,材料3|90|梯形波|55|-21,0,q4-ridge-fold-0,True
附件一（训练集）.xlsx|材料2|1333,材料2|50|三角波|50|-16,2,q4-ridge-fold-2,True
附件一（训练集）.xlsx|材料4|2706,材料4|90|梯形波|49|-17,1,q4-ridge-fold-1,True
附件一（训练集）.xlsx|材料3|158,材料3|50|正弦波|55|-16,0,q4-ridge-fold-0,True
附件一（训练集）.xlsx|材料2|1670,材料2|70|三角波|55|-18,2,q4-ridge-fold-2,True
附件一（训练集）.xlsx|材料3|1175,材料3|25|三角波|52|-11,0,q4-ridge-fold-0,True
附件一（训练集）.xlsx|材料1|2580,材料1|25|梯形波|54|-9,0,q4-ridge-fold-0,True
附件一（训练集）.xlsx|材料3|247,材料3|90|正弦波|46|-15,0,q4-ridge-fold-0,True
附件一（训练集）.xlsx|材料1|2718,材料1|50|梯形波|50|-6,3,q4-ridge-fold-3,True
附件一（训练集）.xlsx|材料3|820,材料3|50|正弦波|52|-13,4,q4-ridge-fold-4,True
附件一（训练集）.xlsx|材料4|2661,材料4|90|梯形波|47|-7,3,q4-ridge-fold-3,True
附件一（训练集）.xlsx|材料4|1601,材料4|70|三角波|48|-14,3,q4-ridge-fold-3,True
附件一（训练集）.xlsx|材料4|2483,材料4|70|梯形波|48|-14,3,q4-ridge-fold-3,True
附件一（训练集）.xlsx|材料1|2260,材料1|90|三角波|48|-10,4,q4-ridge-fold-4,True
附件一（训练集）.xlsx|材料2|905,材料2|25|正弦波|55|-13,0,q4-ridge-fold-0,True
附件一（训练集）.xlsx|材料2|909,材料2|70|正弦波|52|-15,0,q4-ridge-fold-0,True
附件一（训练集）.xlsx|材料2|2955,材料2|90|梯形波|52|-7,1,q4-ridge-fold-1,True
附件一（训练集）.xlsx|材料4|743,材料4|90|正弦波|52|-19,2,q4-ridge-fold-2,True
附件一（训练集）.xlsx|材料4|1714,材料4|90|三角波|50|-11,4,q4-ridge-fold-4,True
附件一（训练集）.xlsx|材料2|1453,材料2|50|三角波|49|-14,4,q4-ridge-fold-4,True
附件一（训练集）.xlsx|材料1|2791,材料1|50|梯形波|52|-8,1,q4-ridge-fold-1,True
附件一（训练集）.xlsx|材料3|1654,材料3|70|三角波|52|-18,0,q4-ridge-fold-0,True
附件一（训练集）.xlsx|材料2|2574,材料2|70|梯形波|54|-14,0,q4-ridge-fold-0,True
附件一（训练集）.xlsx|材料1|3338,材料1|90|梯形波|53|-19,3,q4-ridge-fold-3,True
附件一（训练集）.xlsx|材料1|3063,材料1|70|梯形波|52|-11,3,q4-ridge-fold-3,True
附件一（训练集）.xlsx|材料1|8,材料1|25|正弦波|46|-10,1,q4-ridge-fold-1,True
附件一（训练集）.xlsx|材料2|2616,材料2|70|梯形波|49|-10,1,q4-ridge-fold-1,True
附件一（训练集）.xlsx|材料4|744,材料4|90|正弦波|52|-19,2,q4-ridge-fold-2,True
附件一（训练集）.xlsx|材料4|436,材料4|70|正弦波|47|-16,1,q4-ridge-fold-1,True
附件一（训练集）.xlsx|材料3|1614,材料3|70|三角波|56|-20,2,q4-ridge-fold-2,True
附件一（训练集）.xlsx|材料4|2491,材料4|70|梯形波|48|-9,2,q4-ridge-fold-2,True
附件一（训练集）.xlsx|材料4|2237,材料4|50|三角波|55|-18,0,q4-ridge-fold-0,True
附件一（训练集）.xlsx|材料3|2102,材料3|25|梯形波|46|-8,1,q4-ridge-fold-1,True
附件一（训练集）.xlsx|材料4|1530,材料4|70|三角波|53|-13,3,q4-ridge-fold-3,True
附件一（训练集）.xlsx|材料1|410,材料1|50|正弦波|50|-13,4,q4-ridge-fold-4,True
附件一（训练集）.xlsx|材料3|2595,材料3|50|梯形波|47|-11,1,q4-ridge-fold-1,True
附件一（训练集）.xlsx|材料3|380,材料3|25|正弦波|47|-17,0,q4-ridge-fold-0,True
附件一（训练集）.xlsx|材料4|1704,材料4|90|三角波|50|-17,1,q4-ridge-fold-1,True
附件一（训练集）.xlsx|材料3|1763,材料3|90|三角波|52|-18,1,q4-ridge-fold-1,True
附件一（训练集）.xlsx|材料4|906,材料4|25|三角波|48|-12,0,q4-ridge-fold-0,True
附件一（训练集）.xlsx|材料2|335,材料2|90|正弦波|53|-14,1,q4-ridge-fold-1,True
附件一（训练集）.xlsx|材料2|2144,材料2|25|梯形波|49|-8,3,q4-ridge-fold-3,True
附件一（训练集）.xlsx|材料2|744,材料2|70|正弦波|52|-10,1,q4-ridge-fold-1,True
附件一（训练集）.xlsx|材料4|1318,材料4|50|三角波|55|-19,0,q4-ridge-fold-0,True
附件一（训练集）.xlsx|材料2|2298,材料2|50|梯形波|48|-14,1,q4-ridge-fold-1,True
附件一（训练集）.xlsx|材料1|276,材料1|50|正弦波|46|-14,1,q4-ridge-fold-1,True
附件一（训练集）.xlsx|材料3|749,材料3|90|正弦波|49|-16,3,q4-ridge-fold-3,True
附件一（训练集）.xlsx|材料3|2956,材料3|90|梯形波|51|-10,3,q4-ridge-fold-3,True
附件一（训练集）.xlsx|材料1|2685,材料1|50|梯形波|49|-9,3,q4-ridge-fold-3,True
附件一（训练集）.xlsx|材料1|3331,材料1|90|梯形波|52|-10,1,q4-ridge-fold-1,True
附件一（训练集）.xlsx|材料4|1494,材料4|70|三角波|52|-20,3,q4-ridge-fold-3,True
附件一（训练集）.xlsx|材料4|74,材料4|25|正弦波|50|-17,3,q4-ridge-fold-3,True
附件一（训练集）.xlsx|材料3|196,材料3|70|正弦波|49|-7,1,q4-ridge-fold-1,True
附件一（训练集）.xlsx|材料2|2095,材料2|25|梯形波|52|-18,1,q4-ridge-fold-1,True
附件一（训练集）.xlsx|材料2|425,材料2|25|正弦波|50|-10,2,q4-ridge-fold-2,True
附件一（训练集）.xlsx|材料1|2607,材料1|50|三角波|55|-11,4,q4-ridge-fold-4,True
附件一（训练集）.xlsx|材料2|143,材料2|50|正弦波|52|-11,4,q4-ridge-fold-4,True
附件一（训练集）.xlsx|材料3|1812,材料3|90|三角波|49|-12,3,q4-ridge-fold-3,True
附件一（训练集）.xlsx|材料3|1827,材料3|90|三角波|52|-14,2,q4-ridge-fold-2,True
附件一（训练集）.xlsx|材料1|801,材料1|90|正弦波|46|-11,4,q4-ridge-fold-4,True
附件一（训练集）.xlsx|材料3|388,材料3|90|正弦波|46|-14,2,q4-ridge-fold-2,True
附件一（训练集）.xlsx|材料1|3360,材料1|90|梯形波|54|-17,2,q4-ridge-fold-2,True
附件一（训练集）.xlsx|材料4|487,材料4|70|正弦波|49|-10,1,q4-ridge-fold-1,True
附件一（训练集）.xlsx|材料1|1905,材料1|70|三角波|55|-19,3,q4-ridge-fold-3,True
附件一（训练集）.xlsx|材料4|799,材料4|90|正弦波|54|-19,3,q4-ridge-fold-3,True
附件一（训练集）.xlsx|材料2|919,材料2|50|正弦波|50|-18,4,q4-ridge-fold-4,True
附件一（训练集）.xlsx|材料2|1516,材料2|50|三角波|49|-10,3,q4-ridge-fold-3,True
附件一（训练集）.xlsx|材料2|2125,材料2|25|梯形波|46|-11,1,q4-ridge-fold-1,True
附件一（训练集）.xlsx|材料1|557,材料1|70|正弦波|47|-8,1,q4-ridge-fold-1,True
附件一（训练集）.xlsx|材料1|2355,材料1|25|三角波|55|-19,1,q4-ridge-fold-1,True
附件一（训练集）.xlsx|材料3|3106,材料3|90|梯形波|46|-12,4,q4-ridge-fold-4,True
附件一（训练集）.xlsx|材料2|37,材料2|25|正弦波|50|-14,3,q4-ridge-fold-3,True
附件一（训练集）.xlsx|材料4|285,材料4|50|正弦波|50|-10,1,q4-ridge-fold-1,True
附件一（训练集）.xlsx|材料2|2643,材料2|70|梯形波|54|-14,0,q4-ridge-fold-0,True
附件一（训练集）.xlsx|材料4|1861,材料4|90|三角波|48|-12,0,q4-ridge-fold-0,True
附件一（训练集）.xlsx|材料2|488,材料2|90|正弦波|53|-15,3,q4-ridge-fold-3,True
附件一（训练集）.xlsx|材料3|2147,材料3|25|梯形波|52|-13,4,q4-ridge-fold-4,True
附件一（训练集）.xlsx|材料2|2650,材料2|70|梯形波|55|-18,3,q4-ridge-fold-3,True
附件一（训练集）.xlsx|材料3|2113,材料3|25|梯形波|49|-9,0,q4-ridge-fold-0,True
附件一（训练集）.xlsx|材料3|1912,材料3|90|三角波|52|-16,1,q4-ridge-fold-1,True
附件一（训练集）.xlsx|材料1|2729,材料1|50|梯形波|51|-10,3,q4-ridge-fold-3,True
附件一（训练集）.xlsx|材料1|873,材料1|90|正弦波|49|-15,1,q4-ridge-fold-1,True
附件一（训练集）.xlsx|材料1|1009,材料1|90|正弦波|52|-9,4,q4-ridge-fold-4,True
附件一（训练集）.xlsx|材料3|3121,材料3|90|梯形波|49|-9,3,q4-ridge-fold-3,True
附件一（训练集）.xlsx|材料3|350,材料3|25|正弦波|49|-8,4,q4-ridge-fold-4,True
附件一（训练集）.xlsx|材料4|2579,材料4|70|梯形波|52|-19,3,q4-ridge-fold-3,True
附件一（训练集）.xlsx|材料1|2282,材料1|90|三角波|49|-14,0,q4-ridge-fold-0,True
附件一（训练集）.xlsx|材料2|464,材料2|25|正弦波|49|-9,1,q4-ridge-fold-1,True
附件一（训练集）.xlsx|材料2|1173,材料2|25|三角波|52|-15,1,q4-ridge-fold-1,True
附件一（训练集）.xlsx|材料3|1251,材料3|25|三角波|54|-17,2,q4-ridge-fold-2,True
附件一（训练集）.xlsx|材料2|2404,材料2|50|梯形波|55|-20,0,q4-ridge-fold-0,True
附件一（训练集）.xlsx|材料1|2063,材料1|90|三角波|51|-15,2,q4-ridge-fold-2,True
附件一（训练集）.xlsx|材料3|1487,材料3|50|三角波|52|-12,3,q4-ridge-fold-3,True
附件一（训练集）.xlsx|材料3|999,材料3|25|正弦波|50|-11,3,q4-ridge-fold-3,True
附件一（训练集）.xlsx|材料3|3158,材料3|90|梯形波|54|-17,1,q4-ridge-fold-1,True
附件一（训练集）.xlsx|材料1|2533,材料1|25|梯形波|52|-16,3,q4-ridge-fold-3,True
附件一（训练集）.xlsx|材料4|2788,材料4|90|梯形波|52|-11,3,q4-ridge-fold-3,True
附件一（训练集）.xlsx|材料2|1426,材料2|50|三角波|55|-15,1,q4-ridge-fold-1,True
附件一（训练集）.xlsx|材料3|505,材料3|25|正弦波|49|-16,0,q4-ridge-fold-0,True
附件一（训练集）.xlsx|材料3|2490,材料3|50|梯形波|56|-18,3,q4-ridge-fold-3,True
附件一（训练集）.xlsx|材料2|741,材料2|70|正弦波|52|-13,0,q4-ridge-fold-0,True
附件一（训练集）.xlsx|材料3|2335,材料3|50|梯形波|48|-11,3,q4-ridge-fold-3,True
附件一（训练集）.xlsx|材料2|844,材料2|90|正弦波|55|-17,2,q4-ridge-fold-2,True
附件一（训练集）.xlsx|材料4|609,材料4|70|正弦波|55|-15,0,q4-ridge-fold-0,True
附件一（训练集）.xlsx|材料1|2129,材料1|90|三角波|52|-13,0,q4-ridge-fold-0,True
附件一（训练集）.xlsx|材料2|837,材料2|90|正弦波|55|-18,1,q4-ridge-fold-1,True
附件一（训练集）.xlsx|材料3|2308,材料3|50|三角波|55|-10,1,q4-ridge-fold-1,True
附件一（训练集）.xlsx|材料3|2060,材料3|25|梯形波|52|-12,4,q4-ridge-fold-4,True
附件一（训练集）.xlsx|材料4|1830,材料4|90|三角波|55|-16,3,q4-ridge-fold-3,True
附件一（训练集）.xlsx|材料1|2955,材料1|70|梯形波|49|-6,3,q4-ridge-fold-3,True
附件一（训练集）.xlsx|材料3|3,材料3|25|正弦波|46|-13,1,q4-ridge-fold-1,True
附件一（训练集）.xlsx|材料3|46,材料3|25|正弦波|52|-18,3,q4-ridge-fold-3,True
附件一（训练集）.xlsx|材料1|1356,材料1|25|三角波|49|-11,2,q4-ridge-fold-2,True
附件一（训练集）.xlsx|材料2|2206,材料2|25|梯形波|48|-9,0,q4-ridge-fold-0,True
附件一（训练集）.xlsx|材料1|2978,材料1|70|梯形波|50|-11,2,q4-ridge-fold-2,True
附件一（训练集）.xlsx|材料2|353,材料2|90|正弦波|47|-17,1,q4-ridge-fold-1,True
附件一（训练集）.xlsx|材料4|1248,材料4|50|三角波|52|-16,0,q4-ridge-fold-0,True
附件一（训练集）.xlsx|材料1|2255,材料1|90|三角波|48|-13,3,q4-ridge-fold-3,True
附件一（训练集）.xlsx|材料4|2719,材料4|90|梯形波|50|-18,1,q4-ridge-fold-1,True
附件一（训练集）.xlsx|材料1|834,材料1|90|正弦波|47|-10,3,q4-ridge-fold-3,True
附件一（训练集）.xlsx|材料3|1669,材料3|70|三角波|55|-12,2,q4-ridge-fold-2,True
附件一（训练集）.xlsx|材料1|2596,材料1|50|三角波|55|-9,0,q4-ridge-fold-0,True
附件一（训练集）.xlsx|材料3|655,材料3|70|正弦波|46|-16,3,q4-ridge-fold-3,True
附件一（训练集）.xlsx|材料2|1404,材料2|50|三角波|52|-10,4,q4-ridge-fold-4,True
附件一（训练集）.xlsx|材料3|3078,材料3|90|梯形波|54|-9,2,q4-ridge-fold-2,True
附件一（训练集）.xlsx|材料3|473,材料3|70|正弦波|53|-17,1,q4-ridge-fold-1,True
附件一（训练集）.xlsx|材料4|2778,材料4|90|梯形波|52|-18,0,q4-ridge-fold-0,True
附件一（训练集）.xlsx|材料2|2637,材料2|70|梯形波|52|-11,2,q4-ridge-fold-2,True
附件一（训练集）.xlsx|材料2|1712,材料2|70|三角波|50|-10,3,q4-ridge-fold-3,True
附件一（训练集）.xlsx|材料3|2735,材料3|70|梯形波|51|-7,4,q4-ridge-fold-4,True
附件一（训练集）.xlsx|材料1|2905,材料1|70|梯形波|46|-6,4,q4-ridge-fold-4,True
附件一（训练集）.xlsx|材料2|2666,材料2|70|梯形波|56|-16,4,q4-ridge-fold-4,True
附件一（训练集）.xlsx|材料4|1618,材料4|70|三角波|48|-13,1,q4-ridge-fold-1,True
附件一（训练集）.xlsx|材料4|2276,材料4|50|梯形波|47|-9,3,q4-ridge-fold-3,True
附件一（训练集）.xlsx|材料3|676,材料3|70|正弦波|49|-18,4,q4-ridge-fold-4,True
附件一（训练集）.xlsx|材料1|1770,材料1|70|三角波|52|-13,4,q4-ridge-fold-4,True
附件一（训练集）.xlsx|材料2|1006,材料2|90|正弦波|52|-19,4,q4-ridge-fold-4,True
附件一（训练集）.xlsx|材料3|2959,材料3|90|梯形波|51|-7,1,q4-ridge-fold-1,True
附件一（训练集）.xlsx|材料1|1193,材料1|25|三角波|52|-13,3,q4-ridge-fold-3,True
附件一（训练集）.xlsx|材料4|1243,材料4|50|三角波|52|-20,0,q4-ridge-fold-0,True
附件一（训练集）.xlsx|材料1|1839,材料1|70|三角波|53|-10,3,q4-ridge-fold-3,True
附件一（训练集）.xlsx|材料1|1325,材料1|25|三角波|48|-13,3,q4-ridge-fold-3,True
附件一（训练集）.xlsx|材料1|1850,材料1|70|三角波|54|-15,3,q4-ridge-fold-3,True
附件一（训练集）.xlsx|材料2|1409,材料2|50|三角波|52|-15,0,q4-ridge-fold-0,True
附件一（训练集）.xlsx|材料2|2244,材料2|25|梯形波|54|-17,3,q4-ridge-fold-3,True
附件一（训练集）.xlsx|材料3|181,材料3|70|正弦波|47|-13,1,q4-ridge-fold-1,True
附件一（训练集）.xlsx|材料3|407,材料3|25|正弦波|46|-9,1,q4-ridge-fold-1,True
附件一（训练集）.xlsx|材料3|283,材料3|90|正弦波|50|-16,4,q4-ridge-fold-4,True
附件一（训练集）.xlsx|材料2|204,材料2|70|正弦波|49|-8,2,q4-ridge-fold-2,True
附件一（训练集）.xlsx|材料1|934,材料1|90|正弦波|50|-13,0,q4-ridge-fold-0,True
附件一（训练集）.xlsx|材料4|1128,材料4|25|三角波|49|-12,3,q4-ridge-fold-3,True
附件一（训练集）.xlsx|材料2|696,材料2|70|正弦波|47|-13,2,q4-ridge-fold-2,True
附件一（训练集）.xlsx|材料4|2642,材料4|90|三角波|55|-12,4,q4-ridge-fold-4,True
附件一（训练集）.xlsx|材料4|1203,材料4|50|三角波|50|-20,2,q4-ridge-fold-2,True
附件一（训练集）.xlsx|材料4|1802,材料4|90|三角波|54|-16,0,q4-ridge-fold-0,True
附件一（训练集）.xlsx|材料3|592,材料3|50|正弦波|49|-8,0,q4-ridge-fold-0,True
附件一（训练集）.xlsx|材料4|2042,材料4|25|三角波|50|-16,3,q4-ridge-fold-3,True
附件一（训练集）.xlsx|材料4|2763,材料4|90|梯形波|52|-20,2,q4-ridge-fold-2,True
附件一（训练集）.xlsx|材料1|1107,材料1|25|三角波|50|-15,3,q4-ridge-fold-3,True
附件一（训练集）.xlsx|材料2|1729,材料2|70|三角波|52|-9,3,q4-ridge-fold-3,True
附件一（训练集）.xlsx|材料3|1256,材料3|25|三角波|54|-12,4,q4-ridge-fold-4,True
附件一（训练集）.xlsx|材料2|1281,材料2|25|三角波|49|-8,4,q4-ridge-fold-4,True
附件一（训练集）.xlsx|材料3|1358,材料3|50|三角波|54|-12,1,q4-ridge-fold-1,True
附件一（训练集）.xlsx|材料1|1534,材料1|50|三角波|54|-13,1,q4-ridge-fold-1,True
附件一（训练集）.xlsx|材料2|1865,材料2|90|三角波|50|-12,3,q4-ridge-fold-3,True
附件一（训练集）.xlsx|材料1|1460,材料1|50|三角波|52|-11,2,q4-ridge-fold-2,True
附件一（训练集）.xlsx|材料4|1940,材料4|25|三角波|49|-13,4,q4-ridge-fold-4,True
附件一（训练集）.xlsx|材料4|1184,材料4|50|三角波|48|-11,0,q4-ridge-fold-0,True
附件一（训练集）.xlsx|材料3|2144,材料3|25|梯形波|52|-18,3,q4-ridge-fold-3,True
附件一（训练集）.xlsx|材料1|1236,材料1|25|三角波|54|-17,3,q4-ridge-fold-3,True
附件一（训练集）.xlsx|材料1|1864,材料1|70|三角波|54|-17,4,q4-ridge-fold-4,True
附件一（训练集）.xlsx|材料2|1163,材料2|25|三角波|50|-17,3,q4-ridge-fold-3,True
附件一（训练集）.xlsx|材料1|1336,材料1|25|三角波|48|-7,2,q4-ridge-fold-2,True
附件一（训练集）.xlsx|材料1|2565,材料1|25|梯形波|54|-18,2,q4-ridge-fold-2,True
附件一（训练集）.xlsx|材料1|149,材料1|25|正弦波|50|-15,0,q4-ridge-fold-0,True
附件一（训练集）.xlsx|材料2|2674,材料2|70|梯形波|46|-10,3,q4-ridge-fold-3,True
附件一（训练集）.xlsx|材料4|887,材料4|25|三角波|47|-14,0,q4-ridge-fold-0,True
附件一（训练集）.xlsx|材料3|1863,材料3|90|三角波|55|-17,0,q4-ridge-fold-0,True
附件一（训练集）.xlsx|材料1|28,材料1|25|正弦波|47|-8,4,q4-ridge-fold-4,True
附件一（训练集）.xlsx|材料2|888,材料2|70|正弦波|49|-10,0,q4-ridge-fold-0,True
附件一（训练集）.xlsx|材料2|2378,材料2|50|梯形波|51|-14,2,q4-ridge-fold-2,True
附件一（训练集）.xlsx|材料3|1323,材料3|50|三角波|49|-13,3,q4-ridge-fold-3,True
附件一（训练集）.xlsx|材料3|1527,材料3|70|三角波|54|-21,1,q4-ridge-fold-1,True
附件一（训练集）.xlsx|材料4|2073,材料4|25|三角波|55|-17,0,q4-ridge-fold-0,True
附件一（训练集）.xlsx|材料2|1914,材料2|90|三角波|48|-9,2,q4-ridge-fold-2,True
附件一（训练集）.xlsx|材料2|122,材料2|50|正弦波|49|-14,1,q4-ridge-fold-1,True
附件一（训练集）.xlsx|材料2|1232,材料2|25|三角波|52|-14,2,q4-ridge-fold-2,True
附件一（训练集）.xlsx|材料4|1208,材料4|50|三角波|50|-17,4,q4-ridge-fold-4,True
附件一（训练集）.xlsx|材料4|2149,材料4|25|梯形波|49|-14,2,q4-ridge-fold-2,True
附件一（训练集）.xlsx|材料2|2983,材料2|90|梯形波|55|-13,1,q4-ridge-fold-1,True
附件一（训练集）.xlsx|材料2|1813,材料2|90|三角波|50|-9,3,q4-ridge-fold-3,True
附件一（训练集）.xlsx|材料3|2295,材料3|25|梯形波|47|-8,1,q4-ridge-fold-1,True
附件一（训练集）.xlsx|材料1|1939,材料1|70|三角波|47|-7,0,q4-ridge-fold-0,True
附件一（训练集）.xlsx|材料4|2246,材料4|50|三角波|55|-20,0,q4-ridge-fold-0,True
附件一（训练集）.xlsx|材料4|1334,材料4|50|三角波|47|-11,0,q4-ridge-fold-0,True
附件一（训练集）.xlsx|材料4|1938,材料4|25|三角波|49|-15,0,q4-ridge-fold-0,True
附件一（训练集）.xlsx|材料1|1517,材料1|50|三角波|53|-13,4,q4-ridge-fold-4,True
附件一（训练集）.xlsx|材料4|1378,材料4|50|三角波|49|-9,4,q4-ridge-fold-4,True
附件一（训练集）.xlsx|材料3|904,材料3|50|正弦波|52|-17,1,q4-ridge-fold-1,True
附件一（训练集）.xlsx|材料2|2403,材料2|50|梯形波|54|-8,2,q4-ridge-fold-2,True
附件一（训练集）.xlsx|材料4|2355,材料4|50|梯形波|51|-13,2,q4-ridge-fold-2,True
附件一（训练集）.xlsx|材料3|1106,材料3|25|三角波|54|-17,2,q4-ridge-fold-2,True
附件一（训练集）.xlsx|材料4|1499,材料4|70|三角波|52|-16,4,q4-ridge-fold-4,True
附件一（训练集）.xlsx|材料3|389,材料3|70|正弦波|52|-14,2,q4-ridge-fold-2,True
附件一（训练集）.xlsx|材料3|588,材料3|50|正弦波|49|-17,1,q4-ridge-fold-1,True
附件一（训练集）.xlsx|材料2|1242,材料2|25|三角波|54|-17,3,q4-ridge-fold-3,True
附件一（训练集）.xlsx|材料4|793,材料4|90|正弦波|53|-16,1,q4-ridge-fold-1,True
附件一（训练集）.xlsx|材料1|2456,材料1|25|梯形波|50|-7,1,q4-ridge-fold-1,True
附件一（训练集）.xlsx|材料1|1472,材料1|50|三角波|52|-17,3,q4-ridge-fold-3,True
附件一（训练集）.xlsx|材料4|2046,材料4|25|三角波|52|-17,0,q4-ridge-fold-0,True
附件一（训练集）.xlsx|材料1|278,材料1|50|正弦波|46|-13,3,q4-ridge-fold-3,True
附件一（训练集）.xlsx|材料1|336,材料1|50|正弦波|49|-13,1,q4-ridge-fold-1,True
附件一（训练集）.xlsx|材料3|672,材料3|70|正弦波|49|-11,3,q4-ridge-fold-3,True
附件一（训练集）.xlsx|材料4|121,材料4|25|正弦波|52|-16,4,q4-ridge-fold-4,True
附件一（训练集）.xlsx|材料2|162,材料2|50|正弦波|55|-20,3,q4-ridge-fold-3,True
附件一（训练集）.xlsx|材料1|1414,材料1|50|三角波|50|-14,2,q4-ridge-fold-2,True
附件一（训练集）.xlsx|材料3|3052,材料3|90|梯形波|52|-16,3,q4-ridge-fold-3,True
附件一（训练集）.xlsx|材料3|1097,材料3|25|三角波|52|-14,0,q4-ridge-fold-0,True
附件一（训练集）.xlsx|材料2|382,材料2|50|正弦波|50|-15,1,q4-ridge-fold-1,True
附件一（训练集）.xlsx|材料2|1474,材料2|50|三角波|52|-12,4,q4-ridge-fold-4,True
附件一（训练集）.xlsx|材料2|1753,材料2|70|三角波|55|-10,3,q4-ridge-fold-3,True
附件一（训练集）.xlsx|材料1|1191,材料1|25|三角波|52|-14,3,q4-ridge-fold-3,True
附件一（训练集）.xlsx|材料1|919,材料1|90|正弦波|50|-10,3,q4-ridge-fold-3,True
附件一（训练集）.xlsx|材料2|1218,材料2|25|三角波|49|-10,4,q4-ridge-fold-4,True
附件一（训练集）.xlsx|材料1|2804,材料1|50|梯形波|52|-13,4,q4-ridge-fold-4,True
附件一（训练集）.xlsx|材料4|2370,材料4|50|梯形波|51|-12,3,q4-ridge-fold-3,True
附件一（训练集）.xlsx|材料4|611,材料4|70|正弦波|55|-14,2,q4-ridge-fold-2,True
附件一（训练集）.xlsx|材料3|2334,材料3|50|梯形波|48|-12,1,q4-ridge-fold-1,True
附件一（训练集）.xlsx|材料1|2114,材料1|90|三角波|52|-11,2,q4-ridge-fold-2,True
附件一（训练集）.xlsx|材料4|1154,材料4|25|三角波|49|-7,4,q4-ridge-fold-4,True
附件一（训练集）.xlsx|材料1|3142,材料1|90|三角波|55|-16,1,q4-ridge-fold-1,True
附件一（训练集）.xlsx|材料2|69,材料2|25|正弦波|53|-16,4,q4-ridge-fold-4,True
附件一（训练集）.xlsx|材料4|7,材料4|25|正弦波|46|-13,2,q4-ridge-fold-2,True
附件一（训练集）.xlsx|材料2|2951,材料2|90|梯形波|52|-11,3,q4-ridge-fold-3,True
附件一（训练集）.xlsx|材料3|1293,材料3|50|三角波|54|-18,2,q4-ridge-fold-2,True
附件一（训练集）.xlsx|材料1|1471,材料1|50|三角波|52|-18,1,q4-ridge-fold-1,True
附件一（训练集）.xlsx|材料3|2056,材料3|25|梯形波|52|-17,1,q4-ridge-fold-1,True
附件一（训练集）.xlsx|材料4|921,材料4|25|三角波|50|-13,3,q4-ridge-fold-3,True
附件一（训练集）.xlsx|材料4|2541,材料4|70|梯形波|51|-18,4,q4-ridge-fold-4,True
附件一（训练集）.xlsx|材料1|3102,材料1|70|梯形波|54|-11,2,q4-ridge-fold-2,True
附件一（训练集）.xlsx|材料2|1490,材料2|50|三角波|55|-16,0,q4-ridge-fold-0,True
附件一（训练集）.xlsx|材料1|2050,材料1|90|三角波|50|-10,1,q4-ridge-fold-1,True
附件一（训练集）.xlsx|材料1|384,材料1|50|正弦波|50|-18,1,q4-ridge-fold-1,True
附件一（训练集）.xlsx|材料1|2948,材料1|70|梯形波|49|-11,3,q4-ridge-fold-3,True
附件一（训练集）.xlsx|材料1|1289,材料1|25|三角波|55|-16,4,q4-ridge-fold-4,True
附件一（训练集）.xlsx|材料4|725,材料4|90|正弦波|50|-11,1,q4-ridge-fold-1,True
附件一（训练集）.xlsx|材料4|2221,材料4|50|三角波|49|-13,2,q4-ridge-fold-2,True
附件一（训练集）.xlsx|材料2|2393,材料2|50|梯形波|52|-17,0,q4-ridge-fold-0,True
附件一（训练集）.xlsx|材料3|1626,材料3|70|三角波|48|-7,2,q4-ridge-fold-2,True
附件一（训练集）.xlsx|材料1|1493,材料1|50|三角波|52|-16,2,q4-ridge-fold-2,True
附件一（训练集）.xlsx|材料2|2292,材料2|50|梯形波|46|-8,2,q4-ridge-fold-2,True
附件一（训练集）.xlsx|材料3|991,材料3|25|正弦波|49|-8,4,q4-ridge-fold-4,True
附件一（训练集）.xlsx|材料2|1891,材料2|90|三角波|55|-19,2,q4-ridge-fold-2,True
附件一（训练集）.xlsx|材料4|2583,材料4|90|三角波|48|-14,0,q4-ridge-fold-0,True
附件一（训练集）.xlsx|材料2|262,材料2|70|正弦波|55|-18,4,q4-ridge-fold-4,True
附件一（训练集）.xlsx|材料1|1339,材料1|25|三角波|49|-14,1,q4-ridge-fold-1,True
附件一（训练集）.xlsx|材料1|1352,材料1|25|三角波|49|-14,1,q4-ridge-fold-1,True
附件一（训练集）.xlsx|材料2|2444,材料2|50|梯形波|49|-10,4,q4-ridge-fold-4,True
附件一（训练集）.xlsx|材料2|2671,材料2|70|梯形波|56|-11,2,q4-ridge-fold-2,True
附件一（训练集）.xlsx|材料2|18,材料2|25|正弦波|49|-15,1,q4-ridge-fold-1,True
附件一（训练集）.xlsx|材料2|1576,材料2|70|三角波|50|-16,1,q4-ridge-fold-1,True
附件一（训练集）.xlsx|材料2|633,材料2|50|正弦波|50|-13,3,q4-ridge-fold-3,True
附件一（训练集）.xlsx|材料1|1287,材料1|25|三角波|55|-17,1,q4-ridge-fold-1,True
附件一（训练集）.xlsx|材料4|1008,材料4|25|三角波|53|-15,2,q4-ridge-fold-2,True
附件一（训练集）.xlsx|材料4|1956,材料4|25|三角波|52|-17,0,q4-ridge-fold-0,True
附件一（训练集）.xlsx|材料1|1661,材料1|50|三角波|49|-8,0,q4-ridge-fold-0,True
附件一（训练集）.xlsx|材料1|1679,材料1|50|三角波|49|-14,0,q4-ridge-fold-0,True
附件一（训练集）.xlsx|材料1|303,材料1|50|正弦波|47|-16,2,q4-ridge-fold-2,True
附件一（训练集）.xlsx|材料2|1030,材料2|25|正弦波|49|-13,0,q4-ridge-fold-0,True
附件一（训练集）.xlsx|材料1|2896,材料1|70|梯形波|46|-13,0,q4-ridge-fold-0,True
附件一（训练集）.xlsx|材料2|1077,材料2|25|正弦波|53|-18,4,q4-ridge-fold-4,True
附件一（训练集）.xlsx|材料1|1310,材料1|25|三角波|56|-14,4,q4-ridge-fold-4,True
附件一（训练集）.xlsx|材料4|1566,材料4|70|三角波|55|-18,1,q4-ridge-fold-1,True
附件一（训练集）.xlsx|材料3|2327,材料3|50|梯形波|46|-8,1,q4-ridge-fold-1,True
附件一（训练集）.xlsx|材料2|2264,材料2|25|梯形波|56|-19,1,q4-ridge-fold-1,True
附件一（训练集）.xlsx|材料1|3130,材料1|70|梯形波|55|-16,2,q4-ridge-fold-2,True
附件一（训练集）.xlsx|材料3|2650,材料3|70|梯形波|51|-11,4,q4-ridge-fold-4,True
附件一（训练集）.xlsx|材料3|399,材料3|50|正弦波|55|-16,0,q4-ridge-fold-0,True
附件一（训练集）.xlsx|材料2|514,材料2|25|正弦波|46|-11,4,q4-ridge-fold-4,True
附件一（训练集）.xlsx|材料1|678,材料1|70|正弦波|51|-10,3,q4-ridge-fold-3,True
附件一（训练集）.xlsx|材料2|2012,材料2|90|三角波|52|-17,1,q4-ridge-fold-1,True
附件一（训练集）.xlsx|材料1|2385,材料1|25|梯形波|47|-13,1,q4-ridge-fold-1,True
附件一（训练集）.xlsx|材料2|1462,材料2|50|三角波|50|-13,2,q4-ridge-fold-2,True
附件一（训练集）.xlsx|材料3|1989,材料3|90|三角波|55|-19,2,q4-ridge-fold-2,True
附件一（训练集）.xlsx|材料3|1173,材料3|25|三角波|52|-13,1,q4-ridge-fold-1,True
附件一（训练集）.xlsx|材料3|1312,材料3|50|三角波|55|-15,2,q4-ridge-fold-2,True
附件一（训练集）.xlsx|材料1|3345,材料1|90|梯形波|53|-15,1,q4-ridge-fold-1,True
附件一（训练集）.xlsx|材料1|1659,材料1|50|三角波|48|-9,2,q4-ridge-fold-2,True
附件一（训练集）.xlsx|材料4|856,材料4|70|正弦波|50|-13,3,q4-ridge-fold-3,True
附件一（训练集）.xlsx|材料2|2910,材料2|90|梯形波|56|-19,4,q4-ridge-fold-4,True
附件一（训练集）.xlsx|材料2|317,材料2|90|正弦波|52|-13,0,q4-ridge-fold-0,True
附件一（训练集）.xlsx|材料1|1888,材料1|70|三角波|55|-12,1,q4-ridge-fold-1,True
附件一（训练集）.xlsx|材料1|1788,材料1|70|三角波|52|-16,1,q4-ridge-fold-1,True
附件一（训练集）.xlsx|材料3|69,材料3|25|正弦波|55|-20,4,q4-ridge-fold-4,True
附件一（训练集）.xlsx|材料1|1315,材料1|25|三角波|47|-10,0,q4-ridge-fold-0,True
附件一（训练集）.xlsx|材料3|2104,材料3|25|梯形波|48|-13,1,q4-ridge-fold-1,True
附件一（训练集）.xlsx|材料4|2271,材料4|50|梯形波|47|-12,2,q4-ridge-fold-2,True
附件一（训练集）.xlsx|材料3|480,材料3|25|正弦波|49|-18,3,q4-ridge-fold-3,True
附件一（训练集）.xlsx|材料1|2434,材料1|25|梯形波|49|-14,1,q4-ridge-fold-1,True
附件一（训练集）.xlsx|材料2|1896,材料2|90|三角波|55|-12,3,q4-ridge-fold-3,True
附件一（训练集）.xlsx|材料2|1739,材料2|70|三角波|55|-20,0,q4-ridge-fold-0,True
附件一（训练集）.xlsx|材料1|3235,材料1|90|梯形波|49|-7,1,q4-ridge-fold-1,True
附件一（训练集）.xlsx|材料3|902,材料3|25|正弦波|55|-19,4,q4-ridge-fold-4,True
附件一（训练集）.xlsx|材料2|107,材料2|50|正弦波|47|-7,1,q4-ridge-fold-1,True
附件一（训练集）.xlsx|材料3|2957,材料3|90|梯形波|51|-9,1,q4-ridge-fold-1,True
附件一（训练集）.xlsx|材料1|1263,材料1|25|三角波|55|-12,0,q4-ridge-fold-0,True
附件一（训练集）.xlsx|材料4|1811,材料4|90|三角波|55|-16,3,q4-ridge-fold-3,True
附件一（训练集）.xlsx|材料4|2610,材料4|90|三角波|55|-19,3,q4-ridge-fold-3,True
附件一（训练集）.xlsx|材料1|1257,材料1|25|三角波|55|-15,4,q4-ridge-fold-4,True
附件一（训练集）.xlsx|材料3|3065,材料3|90|梯形波|52|-11,3,q4-ridge-fold-3,True
附件一（训练集）.xlsx|材料2|554,材料2|25|正弦波|52|-15,3,q4-ridge-fold-3,True
附件一（训练集）.xlsx|材料4|1268,材料4|50|三角波|53|-19,2,q4-ridge-fold-2,True
附件一（训练集）.xlsx|材料4|2768,材料4|90|梯形波|52|-16,1,q4-ridge-fold-1,True
附件一（训练集）.xlsx|材料1|3333,材料1|90|梯形波|52|-9,4,q4-ridge-fold-4,True
附件一（训练集）.xlsx|材料2|1193,材料2|25|三角波|54|-9,2,q4-ridge-fold-2,True
附件一（训练集）.xlsx|材料1|3079,材料1|70|梯形波|53|-12,4,q4-ridge-fold-4,True
附件一（训练集）.xlsx|材料4|994,材料4|25|三角波|52|-15,0,q4-ridge-fold-0,True
附件一（训练集）.xlsx|材料1|3211,材料1|90|梯形波|49|-11,0,q4-ridge-fold-0,True
附件一（训练集）.xlsx|材料1|1896,材料1|70|三角波|55|-16,0,q4-ridge-fold-0,True
附件一（训练集）.xlsx|材料3|1265,材料3|25|三角波|55|-9,0,q4-ridge-fold-0,True
附件一（训练集）.xlsx|材料1|2999,材料1|70|梯形波|51|-9,0,q4-ridge-fold-0,True
附件一（训练集）.xlsx|材料3|1411,材料3|50|三角波|52|-17,0,q4-ridge-fold-0,True
附件一（训练集）.xlsx|材料2|2056,材料2|25|三角波|55|-10,2,q4-ridge-fold-2,True
附件一（训练集）.xlsx|材料2|1109,材料2|25|三角波|52|-13,1,q4-ridge-fold-1,True
附件一（训练集）.xlsx|材料2|580,材料2|25|正弦波|55|-18,4,q4-ridge-fold-4,True
附件一（训练集）.xlsx|材料3|2238,材料3|25|梯形波|52|-15,2,q4-ridge-fold-2,True
附件一（训练集）.xlsx|材料2|2608,材料2|70|梯形波|49|-13,1,q4-ridge-fold-1,True
附件一（训练集）.xlsx|材料3|687,材料3|70|正弦波|50|-16,1,q4-ridge-fold-1,True
附件一（训练集）.xlsx|材料4|315,材料4|50|正弦波|52|-19,3,q4-ridge-fold-3,True
附件一（训练集）.xlsx|材料1|187,材料1|25|正弦波|52|-10,4,q4-ridge-fold-4,True
附件一（训练集）.xlsx|材料1|1489,材料1|50|三角波|52|-19,0,q4-ridge-fold-0,True
附件一（训练集）.xlsx|材料3|2754,材料3|70|梯形波|54|-17,4,q4-ridge-fold-4,True
附件一（训练集）.xlsx|材料3|204,材料3|70|正弦波|50|-13,2,q4-ridge-fold-2,True
附件一（训练集）.xlsx|材料2|2262,材料2|25|梯形波|55|-10,3,q4-ridge-fold-3,True
附件一（训练集）.xlsx|材料2|2007,材料2|90|三角波|52|-11,0,q4-ridge-fold-0,True
附件一（训练集）.xlsx|材料4|591,材料4|70|正弦波|54|-17,4,q4-ridge-fold-4,True
附件一（训练集）.xlsx|材料4|177,材料4|25|正弦波|55|-16,2,q4-ridge-fold-2,True
附件一（训练集）.xlsx|材料1|1571,材料1|50|三角波|55|-14,3,q4-ridge-fold-3,True
附件一（训练集）.xlsx|材料4|1015,材料4|25|三角波|54|-20,3,q4-ridge-fold-3,True
附件一（训练集）.xlsx|材料1|1322,材料1|25|三角波|47|-6,2,q4-ridge-fold-2,True
附件一（训练集）.xlsx|材料2|969,材料2|70|正弦波|55|-18,4,q4-ridge-fold-4,True
附件一（训练集）.xlsx|材料3|2472,材料3|50|梯形波|55|-15,2,q4-ridge-fold-2,True
附件一（训练集）.xlsx|材料2|2644,材料2|70|梯形波|54|-13,3,q4-ridge-fold-3,True
附件一（训练集）.xlsx|材料1|1384,材料1|50|三角波|47|-13,4,q4-ridge-fold-4,True
附件一（训练集）.xlsx|材料4|1014,材料4|25|三角波|53|-12,0,q4-ridge-fold-0,True
附件一（训练集）.xlsx|材料3|1493,材料3|50|三角波|54|-16,3,q4-ridge-fold-3,True
附件一（训练集）.xlsx|材料1|1935,材料1|70|三角波|47|-9,3,q4-ridge-fold-3,True
附件一（训练集）.xlsx|材料1|1243,材料1|25|三角波|54|-13,1,q4-ridge-fold-1,True
附件一（训练集）.xlsx|材料4|1375,材料4|50|三角波|49|-12,3,q4-ridge-fold-3,True
附件一（训练集）.xlsx|材料3|1554,材料3|70|三角波|56|-16,2,q4-ridge-fold-2,True
附件一（训练集）.xlsx|材料3|1480,材料3|50|三角波|52|-8,1,q4-ridge-fold-1,True
附件一（训练集）.xlsx|材料2|1610,材料2|70|三角波|55|-13,3,q4-ridge-fold-3,True
附件一（训练集）.xlsx|材料2|2755,材料2|70|梯形波|47|-13,2,q4-ridge-fold-2,True
附件一（训练集）.xlsx|材料4|291,材料4|50|正弦波|50|-17,2,q4-ridge-fold-2,True
附件一（训练集）.xlsx|材料2|2965,材料2|90|梯形波|54|-14,1,q4-ridge-fold-1,True
附件一（训练集）.xlsx|材料1|1594,材料1|50|三角波|55|-19,1,q4-ridge-fold-1,True
附件一（训练集）.xlsx|材料4|2562,材料4|70|梯形波|51|-10,2,q4-ridge-fold-2,True
附件一（训练集）.xlsx|材料1|752,材料1|70|正弦波|53|-11,3,q4-ridge-fold-3,True
附件一（训练集）.xlsx|材料2|1897,材料2|90|三角波|55|-10,0,q4-ridge-fold-0,True
附件一（训练集）.xlsx|材料4|2721,材料4|90|梯形波|50|-17,1,q4-ridge-fold-1,True
附件一（训练集）.xlsx|材料2|945,材料2|50|正弦波|52|-9,0,q4-ridge-fold-0,True
附件一（训练集）.xlsx|材料3|2852,材料3|70|梯形波|54|-14,3,q4-ridge-fold-3,True
附件一（训练集）.xlsx|材料4|757,材料4|90|正弦波|52|-20,4,q4-ridge-fold-4,True
附件一（训练集）.xlsx|材料1|153,材料1|25|正弦波|50|-12,1,q4-ridge-fold-1,True
附件一（训练集）.xlsx|材料3|1770,材料3|90|三角波|54|-21,0,q4-ridge-fold-0,True
附件一（训练集）.xlsx|材料2|2445,材料2|50|梯形波|49|-9,2,q4-ridge-fold-2,True
附件一（训练集）.xlsx|材料2|2052,材料2|25|三角波|55|-20,2,q4-ridge-fold-2,True
附件一（训练集）.xlsx|材料2|2815,材料2|90|梯形波|52|-13,2,q4-ridge-fold-2,True
附件一（训练集）.xlsx|材料3|1694,材料3|70|三角波|49|-9,3,q4-ridge-fold-3,True
附件一（训练集）.xlsx|材料3|2183,材料3|25|梯形波|56|-12,0,q4-ridge-fold-0,True
附件一（训练集）.xlsx|材料2|2236,材料2|25|梯形波|52|-17,0,q4-ridge-fold-0,True
附件一（训练集）.xlsx|材料1|241,材料1|25|正弦波|53|-19,0,q4-ridge-fold-0,True
附件一（训练集）.xlsx|材料3|2395,材料3|50|梯形波|55|-18,1,q4-ridge-fold-1,True
附件一（训练集）.xlsx|材料4|1965,材料4|25|三角波|52|-14,1,q4-ridge-fold-1,True
附件一（训练集）.xlsx|材料3|2413,材料3|50|梯形波|49|-12,4,q4-ridge-fold-4,True
附件一（训练集）.xlsx|材料1|3176,材料1|90|梯形波|46|-7,1,q4-ridge-fold-1,True
附件一（训练集）.xlsx|材料3|604,材料3|50|正弦波|50|-17,1,q4-ridge-fold-1,True
附件一（训练集）.xlsx|材料4|18,材料4|25|正弦波|47|-12,4,q4-ridge-fold-4,True
附件一（训练集）.xlsx|材料4|125,材料4|25|正弦波|52|-14,4,q4-ridge-fold-4,True
附件一（训练集）.xlsx|材料2|2023,材料2|90|三角波|54|-11,1,q4-ridge-fold-1,True
附件一（训练集）.xlsx|材料1|396,材料1|50|正弦波|50|-11,1,q4-ridge-fold-1,True
附件一（训练集）.xlsx|材料3|231,材料3|70|正弦波|55|-17,4,q4-ridge-fold-4,True
附件一（训练集）.xlsx|材料1|2600,材料1|50|三角波|55|-19,1,q4-ridge-fold-1,True
附件一（训练集）.xlsx|材料2|2256,材料2|25|梯形波|55|-19,3,q4-ridge-fold-3,True
附件一（训练集）.xlsx|材料2|819,材料2|90|正弦波|52|-10,0,q4-ridge-fold-0,True
附件一（训练集）.xlsx|材料2|970,材料2|70|正弦波|50|-17,0,q4-ridge-fold-0,True
附件一（训练集）.xlsx|材料1|1688,材料1|50|三角波|49|-9,3,q4-ridge-fold-3,True
附件一（训练集）.xlsx|材料4|1642,材料4|70|三角波|49|-8,1,q4-ridge-fold-1,True
附件一（训练集）.xlsx|材料1|2763,材料1|50|梯形波|52|-12,1,q4-ridge-fold-1,True
附件一（训练集）.xlsx|材料1|294,材料1|50|正弦波|47|-13,2,q4-ridge-fold-2,True
附件一（训练集）.xlsx|材料2|1584,材料2|70|三角波|52|-17,0,q4-ridge-fold-0,True
附件一（训练集）.xlsx|材料3|2468,材料3|50|梯形波|55|-19,4,q4-ridge-fold-4,True
附件一（训练集）.xlsx|材料4|2746,材料4|90|梯形波|51|-20,2,q4-ridge-fold-2,True
附件一（训练集）.xlsx|材料4|36,材料4|25|正弦波|48|-10,1,q4-ridge-fold-1,True
附件一（训练集）.xlsx|材料4|2054,材料4|25|三角波|52|-13,2,q4-ridge-fold-2,True
附件一（训练集）.xlsx|材料2|287,材料2|90|正弦波|47|-8,0,q4-ridge-fold-0,True
附件一（训练集）.xlsx|材料2|2379,材料2|50|梯形波|51|-13,0,q4-ridge-fold-0,True
附件一（训练集）.xlsx|材料1|175,材料1|25|正弦波|52|-17,2,q4-ridge-fold-2,True
附件一（训练集）.xlsx|材料4|1419,材料4|70|三角波|47|-9,2,q4-ridge-fold-2,True
附件一（训练集）.xlsx|材料3|2284,材料3|25|梯形波|56|-11,3,q4-ridge-fold-3,True
附件一（训练集）.xlsx|材料1|917,材料1|90|正弦波|50|-11,1,q4-ridge-fold-1,True
附件一（训练集）.xlsx|材料1|939,材料1|90|正弦波|50|-8,2,q4-ridge-fold-2,True
附件一（训练集）.xlsx|材料4|2525,材料4|70|梯形波|49|-11,4,q4-ridge-fold-4,True
附件一（训练集）.xlsx|材料2|1573,材料2|70|三角波|50|-18,3,q4-ridge-fold-3,True
附件一（训练集）.xlsx|材料4|2144,材料4|25|梯形波|48|-7,3,q4-ridge-fold-3,True
附件一（训练集）.xlsx|材料2|1001,材料2|70|正弦波|47|-10,2,q4-ridge-fold-2,True
附件一（训练集）.xlsx|材料4|2384,材料4|70|三角波|52|-17,0,q4-ridge-fold-0,True
附件一（训练集）.xlsx|材料4|287,材料4|50|正弦波|50|-9,4,q4-ridge-fold-4,True
附件一（训练集）.xlsx|材料4|2762,材料4|90|梯形波|52|-20,2,q4-ridge-fold-2,True
附件一（训练集）.xlsx|材料2|1210,材料2|25|三角波|56|-16,0,q4-ridge-fold-0,True
附件一（训练集）.xlsx|材料4|614,材料4|70|正弦波|55|-17,1,q4-ridge-fold-1,True
附件一（训练集）.xlsx|材料1|2466,材料1|25|梯形波|51|-12,2,q4-ridge-fold-2,True
附件一（训练集）.xlsx|材料2|1633,材料2|70|三角波|49|-9,1,q4-ridge-fold-1,True
附件一（训练集）.xlsx|材料4|1118,材料4|25|三角波|49|-7,4,q4-ridge-fold-4,True
附件一（训练集）.xlsx|材料3|2154,材料3|25|梯形波|54|-13,0,q4-ridge-fold-0,True
附件一（训练集）.xlsx|材料3|2121,材料3|25|梯形波|49|-8,4,q4-ridge-fold-4,True
附件一（训练集）.xlsx|材料1|111,材料1|25|正弦波|49|-17,1,q4-ridge-fold-1,True
附件一（训练集）.xlsx|材料3|1795,材料3|90|三角波|56|-21,0,q4-ridge-fold-0,True
附件一（训练集）.xlsx|材料1|1682,材料1|50|三角波|49|-12,3,q4-ridge-fold-3,True
附件一（训练集）.xlsx|材料4|655,材料4|90|正弦波|47|-9,2,q4-ridge-fold-2,True
附件一（训练集）.xlsx|材料3|2791,材料3|70|梯形波|56|-12,3,q4-ridge-fold-3,True
附件一（训练集）.xlsx|材料1|1487,材料1|50|三角波|52|-9,4,q4-ridge-fold-4,True
附件一（训练集）.xlsx|材料3|1577,材料3|70|三角波|52|-18,0,q4-ridge-fold-0,True
附件一（训练集）.xlsx|材料4|158,材料4|25|正弦波|54|-15,3,q4-ridge-fold-3,True
附件一（训练集）.xlsx|材料4|555,材料4|70|正弦波|52|-16,2,q4-ridge-fold-2,True
附件一（训练集）.xlsx|材料1|2230,材料1|90|三角波|56|-20,3,q4-ridge-fold-3,True
附件一（训练集）.xlsx|材料1|1979,材料1|70|三角波|49|-10,2,q4-ridge-fold-2,True
附件一（训练集）.xlsx|材料2|2827,材料2|90|梯形波|54|-9,2,q4-ridge-fold-2,True
附件一（训练集）.xlsx|材料3|1393,材料3|50|三角波|49|-11,1,q4-ridge-fold-1,True
附件一（训练集）.xlsx|材料1|2211,材料1|90|三角波|55|-14,0,q4-ridge-fold-0,True
附件一（训练集）.xlsx|材料4|727,材料4|90|正弦波|51|-19,3,q4-ridge-fold-3,True
附件一（训练集）.xlsx|材料2|161,材料2|50|正弦波|53|-11,2,q4-ridge-fold-2,True
附件一（训练集）.xlsx|材料1|1190,材料1|25|三角波|52|-14,3,q4-ridge-fold-3,True
附件一（训练集）.xlsx|材料1|2805,材料1|50|梯形波|52|-12,1,q4-ridge-fold-1,True
附件一（训练集）.xlsx|材料3|346,材料3|50|正弦波|47|-16,2,q4-ridge-fold-2,True
附件一（训练集）.xlsx|材料1|938,材料1|90|正弦波|50|-10,3,q4-ridge-fold-3,True
附件一（训练集）.xlsx|材料1|1211,材料1|25|三角波|53|-13,3,q4-ridge-fold-3,True
附件一（训练集）.xlsx|材料4|476,材料4|70|正弦波|49|-11,0,q4-ridge-fold-0,True
附件一（训练集）.xlsx|材料3|1211,材料3|25|三角波|56|-12,2,q4-ridge-fold-2,True
附件一（训练集）.xlsx|材料2|1094,材料2|25|正弦波|55|-16,1,q4-ridge-fold-1,True
附件一（训练集）.xlsx|材料4|2644,材料4|90|三角波|55|-11,3,q4-ridge-fold-3,True
附件一（训练集）.xlsx|材料1|3140,材料1|90|三角波|55|-17,4,q4-ridge-fold-4,True
附件一（训练集）.xlsx|材料2|1416,材料2|50|三角波|54|-18,3,q4-ridge-fold-3,True
附件一（训练集）.xlsx|材料4|2435,材料4|70|三角波|55|-18,1,q4-ridge-fold-1,True
附件一（训练集）.xlsx|材料4|347,材料4|50|正弦波|52|-14,3,q4-ridge-fold-3,True
附件一（训练集）.xlsx|材料3|153,材料3|50|正弦波|53|-13,2,q4-ridge-fold-2,True
附件一（训练集）.xlsx|材料1|2629,材料1|50|三角波|55|-11,4,q4-ridge-fold-4,True
附件一（训练集）.xlsx|材料3|634,材料3|50|正弦波|53|-12,4,q4-ridge-fold-4,True
附件一（训练集）.xlsx|材料1|312,材料1|50|正弦波|47|-9,2,q4-ridge-fold-2,True
附件一（训练集）.xlsx|材料3|2730,材料3|70|梯形波|51|-12,3,q4-ridge-fold-3,True
附件一（训练集）.xlsx|材料2|2247,材料2|25|梯形波|54|-12,0,q4-ridge-fold-0,True
附件一（训练集）.xlsx|材料2|803,材料2|90|正弦波|50|-16,4,q4-ridge-fold-4,True
附件一（训练集）.xlsx|材料1|1007,材料1|90|正弦波|52|-10,3,q4-ridge-fold-3,True
附件一（训练集）.xlsx|材料4|988,材料4|25|三角波|52|-18,0,q4-ridge-fold-0,True
附件一（训练集）.xlsx|材料2|2571,材料2|70|梯形波|54|-17,2,q4-ridge-fold-2,True
附件一（训练集）.xlsx|材料3|1582,材料3|70|三角波|52|-11,0,q4-ridge-fold-0,True
附件一（训练集）.xlsx|材料1|1098,材料1|25|三角波|48|-8,4,q4-ridge-fold-4,True
附件一（训练集）.xlsx|材料4|645,材料4|90|正弦波|47|-10,4,q4-ridge-fold-4,True
附件一（训练集）.xlsx|材料3|2205,材料3|25|梯形波|49|-8,4,q4-ridge-fold-4,True
附件一（训练集）.xlsx|材料3|2014,材料3|25|三角波|55|-17,2,q4-ridge-fold-2,True
附件一（训练集）.xlsx|材料3|2387,材料3|50|梯形波|55|-15,2,q4-ridge-fold-2,True
附件一（训练集）.xlsx|材料2|1181,材料2|25|三角波|52|-17,3,q4-ridge-fold-3,True
附件一（训练集）.xlsx|材料4|1508,材料4|70|三角波|52|-19,1,q4-ridge-fold-1,True
附件一（训练集）.xlsx|材料2|2722,材料2|70|梯形波|52|-7,3,q4-ridge-fold-3,True
附件一（训练集）.xlsx|材料2|296,材料2|90|正弦波|49|-7,3,q4-ridge-fold-3,True
附件一（训练集）.xlsx|材料3|481,材料3|50|正弦波|47|-12,3,q4-ridge-fold-3,True
附件一（训练集）.xlsx|材料2|1781,材料2|70|三角波|52|-15,4,q4-ridge-fold-4,True
附件一（训练集）.xlsx|材料3|1514,材料3|70|三角波|52|-18,0,q4-ridge-fold-0,True
附件一（训练集）.xlsx|材料3|941,材料3|90|正弦波|49|-8,3,q4-ridge-fold-3,True
附件一（训练集）.xlsx|材料2|198,材料2|70|正弦波|49|-17,1,q4-ridge-fold-1,True
附件一（训练集）.xlsx|材料1|1358,材料1|25|三角波|49|-10,3,q4-ridge-fold-3,True
附件一（训练集）.xlsx|材料4|12,材料4|25|正弦波|47|-16,0,q4-ridge-fold-0,True
附件一（训练集）.xlsx|材料2|2577,材料2|70|梯形波|54|-10,4,q4-ridge-fold-4,True
附件一（训练集）.xlsx|材料3|2614,材料3|70|三角波|55|-18,3,q4-ridge-fold-3,True
附件一（训练集）.xlsx|材料4|42,材料4|25|正弦波|49|-14,3,q4-ridge-fold-3,True
附件一（训练集）.xlsx|材料1|2179,材料1|90|三角波|54|-16,3,q4-ridge-fold-3,True
附件一（训练集）.xlsx|材料4|2742,材料4|90|梯形波|51|-11,2,q4-ridge-fold-2,True
附件一（训练集）.xlsx|材料4|1143,材料4|25|三角波|49|-14,2,q4-ridge-fold-2,True
附件一（训练集）.xlsx|材料2|698,材料2|70|正弦波|47|-10,2,q4-ridge-fold-2,True
附件一（训练集）.xlsx|材料2|774,材料2|90|正弦波|46|-7,2,q4-ridge-fold-2,True
附件一（训练集）.xlsx|材料1|1663,材料1|50|三角波|49|-7,2,q4-ridge-fold-2,True
附件一（训练集）.xlsx|材料3|2579,材料3|50|梯形波|56|-19,2,q4-ridge-fold-2,True
附件一（训练集）.xlsx|材料1|2704,材料1|50|梯形波|50|-16,2,q4-ridge-fold-2,True
附件一（训练集）.xlsx|材料1|3309,材料1|90|梯形波|52|-15,2,q4-ridge-fold-2,True
附件一（训练集）.xlsx|材料4|2039,材料4|25|三角波|49|-12,3,q4-ridge-fold-3,True
附件一（训练集）.xlsx|材料2|2596,材料2|70|梯形波|46|-10,3,q4-ridge-fold-3,True
附件一（训练集）.xlsx|材料2|2233,材料2|25|梯形波|52|-9,0,q4-ridge-fold-0,True
附件一（训练集）.xlsx|材料1|1280,材料1|25|三角波|55|-13,4,q4-ridge-fold-4,True
附件一（训练集）.xlsx|材料4|2418,材料4|70|三角波|55|-12,3,q4-ridge-fold-3,True
附件一（训练集）.xlsx|材料3|2715,材料3|70|梯形波|49|-6,4,q4-ridge-fold-4,True
附件一（训练集）.xlsx|材料4|2283,材料4|50|梯形波|48|-12,1,q4-ridge-fold-1,True
附件一（训练集）.xlsx|材料1|3127,材料1|70|梯形波|55|-18,1,q4-ridge-fold-1,True
附件一（训练集）.xlsx|材料3|1966,材料3|90|三角波|49|-11,1,q4-ridge-fold-1,True
附件一（训练集）.xlsx|材料2|1502,材料2|50|三角波|55|-11,1,q4-ridge-fold-1,True
附件一（训练集）.xlsx|材料2|1693,材料2|70|三角波|48|-11,0,q4-ridge-fold-0,True
附件一（训练集）.xlsx|材料3|120,材料3|50|正弦波|49|-11,2,q4-ridge-fold-2,True
附件一（训练集）.xlsx|材料1|1892,材料1|70|三角波|55|-19,3,q4-ridge-fold-3,True
附件一（训练集）.xlsx|材料1|460,材料1|50|正弦波|52|-14,3,q4-ridge-fold-3,True
附件一（训练集）.xlsx|材料1|3175,材料1|90|梯形波|46|-8,3,q4-ridge-fold-3,True
附件一（训练集）.xlsx|材料3|2450,材料3|50|梯形波|52|-13,1,q4-ridge-fold-1,True
附件一（训练集）.xlsx|材料4|339,材料4|50|正弦波|52|-19,3,q4-ridge-fold-3,True
附件一（训练集）.xlsx|材料2|2117,材料2|25|梯形波|55|-20,4,q4-ridge-fold-4,True
附件一（训练集）.xlsx|材料1|887,材料1|90|正弦波|49|-8,3,q4-ridge-fold-3,True
附件一（训练集）.xlsx|材料4|93,材料4|25|正弦波|50|-12,0,q4-ridge-fold-0,True
附件一（训练集）.xlsx|材料2|1164,材料2|25|三角波|50|-15,0,q4-ridge-fold-0,True
附件一（训练集）.xlsx|材料2|1354,材料2|50|三角波|54|-18,3,q4-ridge-fold-3,True
附件一（训练集）.xlsx|材料2|2018,材料2|90|三角波|52|-9,4,q4-ridge-fold-4,True
附件一（训练集）.xlsx|材料4|952,材料4|25|三角波|51|-13,0,q4-ridge-fold-0,True
附件一（训练集）.xlsx|材料4|264,材料4|50|正弦波|49|-14,1,q4-ridge-fold-1,True
附件一（训练集）.xlsx|材料3|1478,材料3|50|三角波|52|-10,4,q4-ridge-fold-4,True
附件一（训练集）.xlsx|材料3|2240,材料3|25|梯形波|52|-13,4,q4-ridge-fold-4,True
附件一（训练集）.xlsx|材料2|2591,材料2|70|梯形波|55|-15,4,q4-ridge-fold-4,True
附件一（训练集）.xlsx|材料2|1444,材料2|50|三角波|48|-13,3,q4-ridge-fold-3,True
附件一（训练集）.xlsx|材料2|2484,材料2|50|梯形波|55|-15,1,q4-ridge-fold-1,True
附件一（训练集）.xlsx|材料3|173,材料3|70|正弦波|46|-16,3,q4-ridge-fold-3,True
附件一（训练集）.xlsx|材料1|300,材料1|50|正弦波|47|-6,3,q4-ridge-fold-3,True
附件一（训练集）.xlsx|材料2|584,材料2|25|正弦波|55|-13,0,q4-ridge-fold-0,True
附件一（训练集）.xlsx|材料1|2137,材料1|90|三角波|53|-20,3,q4-ridge-fold-3,True
附件一（训练集）.xlsx|材料3|1186,材料3|25|三角波|54|-8,4,q4-ridge-fold-4,True
附件一（训练集）.xlsx|材料3|2410,材料3|50|梯形波|48|-7,3,q4-ridge-fold-3,True
附件一（训练集）.xlsx|材料2|1362,材料2|50|三角波|55|-19,0,q4-ridge-fold-0,True
附件一（训练集）.xlsx|材料3|1061,材料3|25|三角波|56|-18,1,q4-ridge-fold-1,True
附件一（训练集）.xlsx|材料1|1966,材料1|70|三角波|49|-8,1,q4-ridge-fold-1,True
附件一（训练集）.xlsx|材料2|1132,材料2|25|三角波|55|-20,2,q4-ridge-fold-2,True
附件一（训练集）.xlsx|材料2|2323,材料2|50|梯形波|52|-12,1,q4-ridge-fold-1,True
附件一（训练集）.xlsx|材料1|3293,材料1|90|梯形波|52|-12,3,q4-ridge-fold-3,True
附件一（训练集）.xlsx|材料2|620,材料2|50|正弦波|49|-7,1,q4-ridge-fold-1,True
附件一（训练集）.xlsx|材料3|277,材料3|90|正弦波|49|-13,2,q4-ridge-fold-2,True
附件一（训练集）.xlsx|材料4|702,材料4|90|正弦波|49|-8,1,q4-ridge-fold-1,True
附件一（训练集）.xlsx|材料3|175,材料3|70|正弦波|46|-14,0,q4-ridge-fold-0,True
附件一（训练集）.xlsx|材料2|383,材料2|50|正弦波|46|-14,2,q4-ridge-fold-2,True
附件一（训练集）.xlsx|材料1|1201,材料1|25|三角波|53|-19,2,q4-ridge-fold-2,True
附件一（训练集）.xlsx|材料1|2113,材料1|90|三角波|52|-11,2,q4-ridge-fold-2,True
附件一（训练集）.xlsx|材料4|2177,材料4|50|三角波|52|-15,4,q4-ridge-fold-4,True
附件一（训练集）.xlsx|材料3|938,材料3|50|正弦波|52|-15,1,q4-ridge-fold-1,True
附件一（训练集）.xlsx|材料3|601,材料3|50|正弦波|49|-7,4,q4-ridge-fold-4,True
附件一（训练集）.xlsx|材料4|159,材料4|25|正弦波|54|-14,1,q4-ridge-fold-1,True
附件一（训练集）.xlsx|材料3|2221,材料3|25|梯形波|51|-11,0,q4-ridge-fold-0,True
附件一（训练集）.xlsx|材料3|2585,材料3|50|梯形波|56|-12,1,q4-ridge-fold-1,True
附件一（训练集）.xlsx|材料4|841,材料4|50|正弦波|55|-17,4,q4-ridge-fold-4,True
附件一（训练集）.xlsx|材料1|305,材料1|50|正弦波|47|-15,3,q4-ridge-fold-3,True
附件一（训练集）.xlsx|材料2|259,材料2|70|正弦波|55|-20,0,q4-ridge-fold-0,True
附件一（训练集）.xlsx|材料1|2368,材料1|25|三角波|55|-9,2,q4-ridge-fold-2,True
附件一（训练集）.xlsx|材料1|3274,材料1|90|梯形波|51|-11,3,q4-ridge-fold-3,True
附件一（训练集）.xlsx|材料1|1176,材料1|25|三角波|52|-10,1,q4-ridge-fold-1,True
附件一（训练集）.xlsx|材料4|1890,材料4|90|三角波|49|-13,4,q4-ridge-fold-4,True
附件一（训练集）.xlsx|材料2|13,材料2|25|正弦波|47|-12,1,q4-ridge-fold-1,True
附件一（训练集）.xlsx|材料2|217,材料2|70|正弦波|50|-15,4,q4-ridge-fold-4,True
附件一（训练集）.xlsx|材料4|2252,材料4|50|三角波|55|-16,0,q4-ridge-fold-0,True
附件一（训练集）.xlsx|材料4|2725,材料4|90|梯形波|50|-11,3,q4-ridge-fold-3,True
附件一（训练集）.xlsx|材料3|1916,材料3|90|三角波|52|-10,2,q4-ridge-fold-2,True
附件一（训练集）.xlsx|材料2|1126,材料2|25|三角波|54|-19,1,q4-ridge-fold-1,True
附件一（训练集）.xlsx|材料2|1711,材料2|70|三角波|50|-13,0,q4-ridge-fold-0,True
附件一（训练集）.xlsx|材料1|1611,材料1|50|三角波|56|-18,4,q4-ridge-fold-4,True
附件一（训练集）.xlsx|材料1|2123,材料1|90|三角波|52|-17,3,q4-ridge-fold-3,True
附件一（训练集）.xlsx|材料1|34,材料1|25|正弦波|47|-16,3,q4-ridge-fold-3,True
附件一（训练集）.xlsx|材料2|726,材料2|70|正弦波|50|-8,1,q4-ridge-fold-1,True
附件一（训练集）.xlsx|材料1|1262,材料1|25|三角波|55|-12,0,q4-ridge-fold-0,True
附件一（训练集）.xlsx|材料2|1784,材料2|70|三角波|52|-9,3,q4-ridge-fold-3,True
附件一（训练集）.xlsx|材料2|2669,材料2|70|梯形波|56|-13,4,q4-ridge-fold-4,True
附件一（训练集）.xlsx|材料3|907,材料3|70|正弦波|47|-10,4,q4-ridge-fold-4,True
附件一（训练集）.xlsx|材料3|133,材料3|50|正弦波|52|-17,1,q4-ridge-fold-1,True
附件一（训练集）.xlsx|材料2|2787,材料2|90|梯形波|48|-6,0,q4-ridge-fold-0,True
附件一（训练集）.xlsx|材料3|3062,材料3|90|梯形波|52|-14,0,q4-ridge-fold-0,True
附件一（训练集）.xlsx|材料1|916,材料1|90|正弦波|50|-12,1,q4-ridge-fold-1,True
附件一（训练集）.xlsx|材料1|2642,材料1|50|梯形波|47|-13,2,q4-ridge-fold-2,True
附件一（训练集）.xlsx|材料3|1424,材料3|50|三角波|55|-20,4,q4-ridge-fold-4,True
附件一（训练集）.xlsx|材料3|2976,材料3|90|梯形波|52|-15,3,q4-ridge-fold-3,True
附件一（训练集）.xlsx|材料3|1798,材料3|90|三角波|56|-17,2,q4-ridge-fold-2,True
附件一（训练集）.xlsx|材料1|1503,材料1|50|三角波|52|-10,3,q4-ridge-fold-3,True
附件一（训练集）.xlsx|材料3|2908,材料3|90|三角波|55|-13,2,q4-ridge-fold-2,True
附件一（训练集）.xlsx|材料3|1405,材料3|50|三角波|52|-16,1,q4-ridge-fold-1,True
附件一（训练集）.xlsx|材料2|2527,材料2|70|梯形波|46|-10,3,q4-ridge-fold-3,True
附件一（训练集）.xlsx|材料3|1767,材料3|90|三角波|52|-13,0,q4-ridge-fold-0,True
附件一（训练集）.xlsx|材料2|2077,材料2|25|梯形波|49|-9,3,q4-ridge-fold-3,True
附件一（训练集）.xlsx|材料1|568,材料1|70|正弦波|47|-13,2,q4-ridge-fold-2,True
附件一（训练集）.xlsx|材料2|632,材料2|50|正弦波|50|-14,4,q4-ridge-fold-4,True
附件一（训练集）.xlsx|材料4|694,材料4|90|正弦波|49|-16,0,q4-ridge-fold-0,True
附件一（训练集）.xlsx|材料1|2646,材料1|50|梯形波|47|-10,2,q4-ridge-fold-2,True
附件一（训练集）.xlsx|材料4|1175,材料4|50|三角波|47|-6,2,q4-ridge-fold-2,True
附件一（训练集）.xlsx|材料2|1330,材料2|25|三角波|56|-15,0,q4-ridge-fold-0,True
附件一（训练集）.xlsx|材料4|1350,材料4|50|三角波|48|-7,0,q4-ridge-fold-0,True
附件一（训练集）.xlsx|材料1|778,材料1|70|正弦波|54|-18,2,q4-ridge-fold-2,True
附件一（训练集）.xlsx|材料2|1038,材料2|25|正弦波|49|-17,4,q4-ridge-fold-4,True
附件一（训练集）.xlsx|材料3|1154,材料3|25|三角波|49|-9,3,q4-ridge-fold-3,True
附件一（训练集）.xlsx|材料3|428,材料3|90|正弦波|55|-19,3,q4-ridge-fold-3,True
附件一（训练集）.xlsx|材料4|2122,材料4|25|梯形波|48|-14,1,q4-ridge-fold-1,True
附件一（训练集）.xlsx|材料2|2836,材料2|90|梯形波|55|-21,3,q4-ridge-fold-3,True
附件一（训练集）.xlsx|材料4|2394,材料4|70|三角波|55|-10,3,q4-ridge-fold-3,True
附件一（训练集）.xlsx|材料1|1334,材料1|25|三角波|48|-8,4,q4-ridge-fold-4,True
附件一（训练集）.xlsx|材料2|1816,材料2|90|三角波|52|-13,4,q4-ridge-fold-4,True
附件一（训练集）.xlsx|材料3|1246,材料3|25|三角波|52|-14,0,q4-ridge-fold-0,True
附件一（训练集）.xlsx|材料4|1781,材料4|90|三角波|53|-15,0,q4-ridge-fold-0,True
附件一（训练集）.xlsx|材料1|64,材料1|25|正弦波|48|-10,2,q4-ridge-fold-2,True
附件一（训练集）.xlsx|材料2|1955,材料2|90|三角波|54|-14,2,q4-ridge-fold-2,True
附件一（训练集）.xlsx|材料3|1223,材料3|25|三角波|49|-12,1,q4-ridge-fold-1,True
附件一（训练集）.xlsx|材料2|452,材料2|70|正弦波|47|-17,4,q4-ridge-fold-4,True
附件一（训练集）.xlsx|材料1|1793,材料1|70|三角波|52|-13,4,q4-ridge-fold-4,True
附件一（训练集）.xlsx|材料4|1039,材料4|25|三角波|54|-13,0,q4-ridge-fold-0,True
附件一（训练集）.xlsx|材料3|1428,材料3|50|三角波|55|-13,4,q4-ridge-fold-4,True
附件一（训练集）.xlsx|材料3|1498,材料3|50|三角波|55|-15,2,q4-ridge-fold-2,True
附件一（训练集）.xlsx|材料4|2494,材料4|70|梯形波|48|-16,0,q4-ridge-fold-0,True
附件一（训练集）.xlsx|材料1|107,材料1|25|正弦波|49|-6,3,q4-ridge-fold-3,True
附件一（训练集）.xlsx|材料3|2752,材料3|70|梯形波|52|-7,0,q4-ridge-fold-0,True
附件一（训练集）.xlsx|材料1|1161,材料1|25|三角波|52|-18,3,q4-ridge-fold-3,True
附件一（训练集）.xlsx|材料2|116,材料2|50|正弦波|49|-7,1,q4-ridge-fold-1,True
附件一（训练集）.xlsx|材料4|1942,材料4|25|三角波|49|-12,3,q4-ridge-fold-3,True
附件一（训练集）.xlsx|材料1|3296,材料1|90|梯形波|52|-10,1,q4-ridge-fold-1,True
附件一（训练集）.xlsx|材料3|1108,材料3|25|三角波|54|-14,4,q4-ridge-fold-4,True
附件一（训练集）.xlsx|材料1|2185,材料1|90|三角波|54|-12,4,q4-ridge-fold-4,True
附件一（训练集）.xlsx|材料3|1231,材料3|25|三角波|50|-12,1,q4-ridge-fold-1,True
附件一（训练集）.xlsx|材料3|3169,材料3|90|梯形波|55|-15,4,q4-ridge-fold-4,True
附件一（训练集）.xlsx|材料4|1012,材料4|25|三角波|53|-13,1,q4-ridge-fold-1,True
附件一（训练集）.xlsx|材料2|2386,材料2|50|梯形波|52|-14,3,q4-ridge-fold-3,True
附件一（训练集）.xlsx|材料3|125,材料3|50|正弦波|50|-19,3,q4-ridge-fold-3,True
附件一（训练集）.xlsx|材料3|2731,材料3|70|梯形波|51|-11,4,q4-ridge-fold-4,True
附件一（训练集）.xlsx|材料1|1795,材料1|70|三角波|52|-11,3,q4-ridge-fold-3,True
附件一（训练集）.xlsx|材料3|1793,材料3|90|三角波|55|-13,2,q4-ridge-fold-2,True
附件一（训练集）.xlsx|材料3|140,材料3|50|正弦波|52|-9,4,q4-ridge-fold-4,True
附件一（训练集）.xlsx|材料3|2323,材料3|50|梯形波|46|-12,4,q4-ridge-fold-4,True
附件一（训练集）.xlsx|材料2|1495,材料2|50|三角波|55|-20,1,q4-ridge-fold-1,True
附件一（训练集）.xlsx|材料3|1289,材料3|50|三角波|52|-14,3,q4-ridge-fold-3,True
附件一（训练集）.xlsx|材料3|1278,材料3|50|三角波|50|-8,2,q4-ridge-fold-2,True
附件一（训练集）.xlsx|材料4|70,材料4|25|正弦波|49|-11,2,q4-ridge-fold-2,True
附件一（训练集）.xlsx|材料1|1295,材料1|25|三角波|55|-13,4,q4-ridge-fold-4,True
附件一（训练集）.xlsx|材料3|2863,材料3|70|梯形波|55|-15,2,q4-ridge-fold-2,True
附件一（训练集）.xlsx|材料2|1938,材料2|90|三角波|52|-17,1,q4-ridge-fold-1,True
附件一（训练集）.xlsx|材料4|1132,材料4|25|三角波|49|-10,2,q4-ridge-fold-2,True
附件一（训练集）.xlsx|材料1|1533,材料1|50|三角波|54|-14,3,q4-ridge-fold-3,True
附件一（训练集）.xlsx|材料1|2170,材料1|90|三角波|54|-12,4,q4-ridge-fold-4,True
附件一（训练集）.xlsx|材料4|2335,材料4|50|梯形波|50|-19,1,q4-ridge-fold-1,True
附件一（训练集）.xlsx|材料2|2715,材料2|70|梯形波|52|-15,1,q4-ridge-fold-1,True
附件一（训练集）.xlsx|材料3|382,材料3|90|正弦波|55|-15,3,q4-ridge-fold-3,True
附件一（训练集）.xlsx|材料4|1156,材料4|25|三角波|50|-17,1,q4-ridge-fold-1,True
附件一（训练集）.xlsx|材料3|3157,材料3|90|梯形波|54|-18,3,q4-ridge-fold-3,True
附件一（训练集）.xlsx|材料4|2586,材料4|90|三角波|50|-15,3,q4-ridge-fold-3,True
附件一（训练集）.xlsx|材料3|1367,材料3|50|三角波|55|-12,3,q4-ridge-fold-3,True
附件一（训练集）.xlsx|材料3|891,材料3|90|正弦波|46|-16,3,q4-ridge-fold-3,True
附件一（训练集）.xlsx|材料3|495,材料3|25|正弦波|46|-11,0,q4-ridge-fold-0,True
附件一（训练集）.xlsx|材料1|3221,材料1|90|梯形波|49|-16,2,q4-ridge-fold-2,True
附件一（训练集）.xlsx|材料1|1801,材料1|70|三角波|52|-19,2,q4-ridge-fold-2,True
附件一（训练集）.xlsx|材料3|1219,材料3|25|三角波|49|-8,0,q4-ridge-fold-0,True
附件一（训练集）.xlsx|材料4|568,材料4|70|正弦波|53|-17,4,q4-ridge-fold-4,True
附件一（训练集）.xlsx|材料3|1892,材料3|90|三角波|49|-7,3,q4-ridge-fold-3,True
附件一（训练集）.xlsx|材料1|2601,材料1|50|三角波|55|-18,3,q4-ridge-fold-3,True
附件一（训练集）.xlsx|材料3|832,材料3|90|正弦波|55|-13,1,q4-ridge-fold-1,True
附件一（训练集）.xlsx|材料1|178,材料1|25|正弦波|52|-15,2,q4-ridge-fold-2,True
附件一（训练集）.xlsx|材料1|952,材料1|90|正弦波|51|-9,4,q4-ridge-fold-4,True
附件一（训练集）.xlsx|材料1|2719,材料1|50|梯形波|51|-17,2,q4-ridge-fold-2,True
附件一（训练集）.xlsx|材料2|2968,材料2|90|梯形波|54|-9,2,q4-ridge-fold-2,True
附件一（训练集）.xlsx|材料3|2769,材料3|70|梯形波|55|-12,3,q4-ridge-fold-3,True
附件一（训练集）.xlsx|材料2|1041,材料2|25|正弦波|49|-13,0,q4-ridge-fold-0,True
附件一（训练集）.xlsx|材料2|2952,材料2|90|梯形波|52|-10,2,q4-ridge-fold-2,True
附件一（训练集）.xlsx|材料4|381,材料4|50|正弦波|54|-14,3,q4-ridge-fold-3,True
附件一（训练集）.xlsx|材料2|2327,材料2|50|梯形波|52|-18,4,q4-ridge-fold-4,True
附件一（训练集）.xlsx|材料2|280,材料2|90|正弦波|47|-17,1,q4-ridge-fold-1,True
附件一（训练集）.xlsx|材料3|2771,材料3|70|梯形波|55|-10,2,q4-ridge-fold-2,True
附件一（训练集）.xlsx|材料2|1943,材料2|90|三角波|52|-9,4,q4-ridge-fold-4,True
附件一（训练集）.xlsx|材料1|1093,材料1|25|三角波|48|-8,4,q4-ridge-fold-4,True
附件一（训练集）.xlsx|材料3|614,材料3|50|正弦波|52|-14,2,q4-ridge-fold-2,True
附件一（训练集）.xlsx|材料2|2081,材料2|25|梯形波|51|-16,2,q4-ridge-fold-2,True
附件一（训练集）.xlsx|材料3|1732,材料3|70|三角波|55|-15,2,q4-ridge-fold-2,True
附件一（训练集）.xlsx|材料1|3228,材料1|90|梯形波|49|-12,3,q4-ridge-fold-3,True
附件一（训练集）.xlsx|材料1|1610,材料1|50|三角波|56|-19,0,q4-ridge-fold-0,True
附件一（训练集）.xlsx|材料4|2171,材料4|50|三角波|52|-18,0,q4-ridge-fold-0,True
附件一（训练集）.xlsx|材料2|158,材料2|50|正弦波|53|-15,0,q4-ridge-fold-0,True
附件一（训练集）.xlsx|材料1|3232,材料1|90|梯形波|49|-9,4,q4-ridge-fold-4,True
附件一（训练集）.xlsx|材料4|530,材料4|70|正弦波|52|-16,2,q4-ridge-fold-2,True
附件一（训练集）.xlsx|材料3|2508,材料3|50|梯形波|49|-14,4,q4-ridge-fold-4,True
附件一（训练集）.xlsx|材料2|2788,材料2|90|梯形波|49|-17,3,q4-ridge-fold-3,True
附件一（训练集）.xlsx|材料4|687,材料4|90|正弦波|49|-13,1,q4-ridge-fold-1,True
附件一（训练集）.xlsx|材料1|2189,材料1|90|三角波|55|-20,2,q4-ridge-fold-2,True
附件一（训练集）.xlsx|材料1|402,材料1|50|正弦波|50|-18,1,q4-ridge-fold-1,True
附件一（训练集）.xlsx|材料1|1474,材料1|50|三角波|52|-16,2,q4-ridge-fold-2,True
附件一（训练集）.xlsx|材料2|2709,材料2|70|梯形波|52|-9,3,q4-ridge-fold-3,True
附件一（训练集）.xlsx|材料4|997,材料4|25|三角波|52|-13,2,q4-ridge-fold-2,True
附件一（训练集）.xlsx|材料4|2311,材料4|50|梯形波|49|-13,3,q4-ridge-fold-3,True
附件一（训练集）.xlsx|材料3|2241,材料3|25|梯形波|52|-12,4,q4-ridge-fold-4,True
附件一（训练集）.xlsx|材料2|1755,材料2|70|三角波|56|-20,0,q4-ridge-fold-0,True
附件一（训练集）.xlsx|材料3|2634,材料3|70|梯形波|48|-8,3,q4-ridge-fold-3,True
附件一（训练集）.xlsx|材料2|1057,材料2|25|正弦波|50|-10,2,q4-ridge-fold-2,True
附件一（训练集）.xlsx|材料1|113,材料1|25|正弦波|49|-15,2,q4-ridge-fold-2,True
附件一（训练集）.xlsx|材料1|2097,材料1|90|三角波|52|-20,1,q4-ridge-fold-1,True
附件一（训练集）.xlsx|材料4|800,材料4|90|正弦波|54|-19,3,q4-ridge-fold-3,True
附件一（训练集）.xlsx|材料3|1991,材料3|90|三角波|55|-17,0,q4-ridge-fold-0,True
附件一（训练集）.xlsx|材料3|1149,材料3|25|三角波|49|-6,2,q4-ridge-fold-2,True
附件一（训练集）.xlsx|材料1|2273,材料1|90|三角波|49|-11,4,q4-ridge-fold-4,True
附件一（训练集）.xlsx|材料4|216,材料4|50|正弦波|47|-15,3,q4-ridge-fold-3,True
附件一（训练集）.xlsx|材料3|1787,材料3|90|三角波|55|-12,3,q4-ridge-fold-3,True
附件一（训练集）.xlsx|材料1|1157,材料1|25|三角波|52|-20,0,q4-ridge-fold-0,True
附件一（训练集）.xlsx|材料2|701,材料2|70|正弦波|49|-17,1,q4-ridge-fold-1,True
附件一（训练集）.xlsx|材料3|2570,材料3|50|梯形波|55|-17,4,q4-ridge-fold-4,True
附件一（训练集）.xlsx|材料3|291,材料3|90|正弦波|52|-14,1,q4-ridge-fold-1,True
附件一（训练集）.xlsx|材料1|467,材料1|50|正弦波|52|-10,0,q4-ridge-fold-0,True
附件一（训练集）.xlsx|材料1|454,材料1|50|正弦波|52|-19,2,q4-ridge-fold-2,True
附件一（训练集）.xlsx|材料1|1650,材料1|50|三角波|48|-14,2,q4-ridge-fold-2,True
附件一（训练集）.xlsx|材料4|1541,材料4|70|三角波|54|-13,0,q4-ridge-fold-0,True
附件一（训练集）.xlsx|材料3|683,材料3|70|正弦波|49|-9,4,q4-ridge-fold-4,True
附件一（训练集）.xlsx|材料4|2389,材料4|70|三角波|52|-17,0,q4-ridge-fold-0,True
附件一（训练集）.xlsx|材料3|2553,材料3|50|梯形波|54|-14,0,q4-ridge-fold-0,True
附件一（训练集）.xlsx|材料1|2807,材料1|50|梯形波|52|-11,3,q4-ridge-fold-3,True
附件一（训练集）.xlsx|材料1|3131,材料1|70|梯形波|55|-15,2,q4-ridge-fold-2,True
附件一（训练集）.xlsx|材料1|3315,材料1|90|梯形波|52|-10,1,q4-ridge-fold-1,True
附件一（训练集）.xlsx|材料3|2512,材料3|50|梯形波|49|-8,4,q4-ridge-fold-4,True
附件一（训练集）.xlsx|材料3|1990,材料3|90|三角波|55|-18,4,q4-ridge-fold-4,True
附件一（训练集）.xlsx|材料2|1647,材料2|70|三角波|52|-11,1,q4-ridge-fold-1,True
附件一（训练集）.xlsx|材料2|931,材料2|50|正弦波|46|-8,1,q4-ridge-fold-1,True
附件一（训练集）.xlsx|材料1|115,材料1|25|正弦波|49|-14,4,q4-ridge-fold-4,True
附件一（训练集）.xlsx|材料3|2945,材料3|90|梯形波|49|-12,2,q4-ridge-fold-2,True
附件一（训练集）.xlsx|材料1|806,材料1|90|正弦波|46|-8,1,q4-ridge-fold-1,True
附件一（训练集）.xlsx|材料1|2535,材料1|25|梯形波|52|-14,1,q4-ridge-fold-1,True
附件一（训练集）.xlsx|材料3|1302,材料3|50|三角波|55|-19,1,q4-ridge-fold-1,True
附件一（训练集）.xlsx|材料3|888,材料3|90|正弦波|49|-10,3,q4-ridge-fold-3,True
附件一（训练集）.xlsx|材料1|2180,材料1|90|三角波|54|-16,3,q4-ridge-fold-3,True
附件一（训练集）.xlsx|材料1|808,材料1|90|正弦波|46|-7,1,q4-ridge-fold-1,True
附件一（训练集）.xlsx|材料1|2778,材料1|50|梯形波|52|-15,1,q4-ridge-fold-1,True
附件一（训练集）.xlsx|材料4|1432,材料4|70|三角波|48|-11,0,q4-ridge-fold-0,True
附件一（训练集）.xlsx|材料4|2471,材料4|70|梯形波|47|-12,0,q4-ridge-fold-0,True
附件一（训练集）.xlsx|材料1|674,材料1|70|正弦波|51|-13,1,q4-ridge-fold-1,True
附件一（训练集）.xlsx|材料1|1247,材料1|25|三角波|54|-11,4,q4-ridge-fold-4,True
附件一（训练集）.xlsx|材料3|1258,材料3|25|三角波|54|-8,4,q4-ridge-fold-4,True
附件一（训练集）.xlsx|材料2|1521,材料2|50|三角波|49|-14,4,q4-ridge-fold-4,True
附件一（训练集）.xlsx|材料2|1517,材料2|50|三角波|49|-9,2,q4-ridge-fold-2,True
附件一（训练集）.xlsx|材料4|1540,材料4|70|三角波|54|-13,0,q4-ridge-fold-0,True
附件一（训练集）.xlsx|材料3|203,材料3|70|正弦波|50|-14,4,q4-ridge-fold-4,True
附件一（训练集）.xlsx|材料1|3154,材料1|90|三角波|55|-8,1,q4-ridge-fold-1,True
附件一（训练集）.xlsx|材料2|2074,材料2|25|梯形波|49|-15,3,q4-ridge-fold-3,True
附件一（训练集）.xlsx|材料3|3176,材料3|90|梯形波|55|-19,0,q4-ridge-fold-0,True
附件一（训练集）.xlsx|材料4|423,材料4|70|正弦波|46|-10,1,q4-ridge-fold-1,True
附件一（训练集）.xlsx|材料2|1853,材料2|90|三角波|48|-13,2,q4-ridge-fold-2,True
附件一（训练集）.xlsx|材料3|2311,材料3|50|三角波|55|-20,4,q4-ridge-fold-4,True
附件一（训练集）.xlsx|材料1|2463,材料1|25|梯形波|51|-14,3,q4-ridge-fold-3,True
附件一（训练集）.xlsx|材料4|2000,材料4|25|三角波|55|-15,0,q4-ridge-fold-0,True
附件一（训练集）.xlsx|材料1|1863,材料1|70|三角波|54|-17,4,q4-ridge-fold-4,True
附件一（训练集）.xlsx|材料3|394,材料3|90|正弦波|49|-11,0,q4-ridge-fold-0,True
附件一（训练集）.xlsx|材料4|241,材料4|50|正弦波|49|-15,3,q4-ridge-fold-3,True
附件一（训练集）.xlsx|材料3|2405,材料3|50|梯形波|46|-7,2,q4-ridge-fold-2,True
附件一（训练集）.xlsx|材料3|334,材料3|50|正弦波|52|-15,1,q4-ridge-fold-1,True
附件一（训练集）.xlsx|材料2|1538,材料2|50|三角波|52|-8,3,q4-ridge-fold-3,True
附件一（训练集）.xlsx|材料2|1250,材料2|25|三角波|54|-8,4,q4-ridge-fold-4,True
附件一（训练集）.xlsx|材料4|1806,材料4|90|三角波|55|-19,3,q4-ridge-fold-3,True
附件一（训练集）.xlsx|材料1|1342,材料1|25|三角波|48|-12,1,q4-ridge-fold-1,True
附件一（训练集）.xlsx|材料4|2273,材料4|50|梯形波|47|-11,0,q4-ridge-fold-0,True
附件一（训练集）.xlsx|材料3|1750,材料3|90|三角波|50|-17,2,q4-ridge-fold-2,True
附件一（训练集）.xlsx|材料1|1242,材料1|25|三角波|54|-14,3,q4-ridge-fold-3,True
附件一（训练集）.xlsx|材料3|2698,材料3|70|梯形波|46|-11,2,q4-ridge-fold-2,True
附件一（训练集）.xlsx|材料3|1761,材料3|90|三角波|52|-20,0,q4-ridge-fold-0,True
附件一（训练集）.xlsx|材料3|257,材料3|90|正弦波|47|-13,1,q4-ridge-fold-1,True
附件一（训练集）.xlsx|材料3|2857,材料3|70|梯形波|54|-9,2,q4-ridge-fold-2,True
附件一（训练集）.xlsx|材料1|1904,材料1|70|三角波|55|-19,3,q4-ridge-fold-3,True
附件一（训练集）.xlsx|材料1|2945,材料1|70|梯形波|49|-13,4,q4-ridge-fold-4,True
附件一（训练集）.xlsx|材料3|1499,材料3|50|三角波|55|-14,3,q4-ridge-fold-3,True
附件一（训练集）.xlsx|材料3|3150,材料3|90|梯形波|52|-15,3,q4-ridge-fold-3,True
附件一（训练集）.xlsx|材料2|1728,材料2|70|三角波|52|-10,2,q4-ridge-fold-2,True
附件一（训练集）.xlsx|材料1|2163,材料1|90|三角波|54|-17,2,q4-ridge-fold-2,True
附件一（训练集）.xlsx|材料2|1381,材料2|50|三角波|49|-10,3,q4-ridge-fold-3,True
附件一（训练集）.xlsx|材料3|1455,材料3|50|三角波|49|-9,0,q4-ridge-fold-0,True
附件一（训练集）.xlsx|材料2|229,材料2|70|正弦波|52|-11,0,q4-ridge-fold-0,True
附件一（训练集）.xlsx|材料3|2227,材料3|25|梯形波|52|-16,2,q4-ridge-fold-2,True
附件一（训练集）.xlsx|材料2|434,材料2|70|正弦波|55|-14,4,q4-ridge-fold-4,True
附件一（训练集）.xlsx|材料2|252,材料2|70|正弦波|55|-20,0,q4-ridge-fold-0,True
附件一（训练集）.xlsx|材料2|944,材料2|50|正弦波|49|-8,4,q4-ridge-fold-4,True
附件一（训练集）.xlsx|材料2|542,材料2|25|正弦波|50|-18,0,q4-ridge-fold-0,True
附件一（训练集）.xlsx|材料1|238,材料1|25|正弦波|53|-11,0,q4-ridge-fold-0,True
附件一（训练集）.xlsx|材料3|2936,材料3|90|梯形波|48|-12,4,q4-ridge-fold-4,True
附件一（训练集）.xlsx|材料1|352,材料1|50|正弦波|49|-13,1,q4-ridge-fold-1,True
附件一（训练集）.xlsx|材料1|84,材料1|25|正弦波|49|-8,3,q4-ridge-fold-3,True
附件一（训练集）.xlsx|材料4|2156,材料4|25|梯形波|49|-7,2,q4-ridge-fold-2,True
附件一（训练集）.xlsx|材料3|597,材料3|50|正弦波|49|-12,2,q4-ridge-fold-2,True
附件一（训练集）.xlsx|材料4|1278,材料4|50|三角波|53|-13,0,q4-ridge-fold-0,True
附件一（训练集）.xlsx|材料2|2517,材料2|70|三角波|55|-13,3,q4-ridge-fold-3,True
附件一（训练集）.xlsx|材料2|1371,材料2|50|三角波|55|-17,3,q4-ridge-fold-3,True
附件一（训练集）.xlsx|材料4|2771,材料4|90|梯形波|52|-14,0,q4-ridge-fold-0,True
附件一（训练集）.xlsx|材料3|2795,材料3|70|梯形波|46|-9,4,q4-ridge-fold-4,True
附件一（训练集）.xlsx|材料3|1331,材料3|50|三角波|49|-7,0,q4-ridge-fold-0,True
附件一（训练集）.xlsx|材料2|49,材料2|25|正弦波|52|-14,4,q4-ridge-fold-4,True
附件一（训练集）.xlsx|材料4|360,材料4|50|正弦波|53|-16,1,q4-ridge-fold-1,True
附件一（训练集）.xlsx|材料2|686,材料2|70|正弦波|46|-15,3,q4-ridge-fold-3,True
附件一（训练集）.xlsx|材料4|1692,材料4|90|三角波|48|-14,0,q4-ridge-fold-0,True
附件一（训练集）.xlsx|材料3|1724,材料3|70|三角波|54|-18,2,q4-ridge-fold-2,True
附件一（训练集）.xlsx|材料3|1230,材料3|25|三角波|50|-13,3,q4-ridge-fold-3,True
附件一（训练集）.xlsx|材料2|2953,材料2|90|梯形波|52|-9,3,q4-ridge-fold-3,True
附件一（训练集）.xlsx|材料1|1973,材料1|70|三角波|49|-13,3,q4-ridge-fold-3,True
附件一（训练集）.xlsx|材料2|2358,材料2|50|梯形波|46|-7,4,q4-ridge-fold-4,True
附件一（训练集）.xlsx|材料1|1103,材料1|25|三角波|50|-17,3,q4-ridge-fold-3,True
附件一（训练集）.xlsx|材料1|571,材料1|70|正弦波|47|-11,2,q4-ridge-fold-2,True
附件一（训练集）.xlsx|材料3|1684,材料3|70|三角波|56|-14,4,q4-ridge-fold-4,True
附件一（训练集）.xlsx|材料2|415,材料2|70|正弦波|55|-14,4,q4-ridge-fold-4,True
附件一（训练集）.xlsx|材料3|449,材料3|50|正弦波|50|-9,0,q4-ridge-fold-0,True
附件一（训练集）.xlsx|材料2|624,材料2|50|正弦波|49|-12,1,q4-ridge-fold-1,True
附件一（训练集）.xlsx|材料4|326,材料4|50|正弦波|52|-19,3,q4-ridge-fold-3,True
附件一（训练集）.xlsx|材料3|1639,材料3|70|三角波|49|-8,0,q4-ridge-fold-0,True
附件一（训练集）.xlsx|材料1|1535,材料1|50|三角波|54|-13,1,q4-ridge-fold-1,True
附件一（训练集）.xlsx|材料3|1448,材料3|50|三角波|48|-10,0,q4-ridge-fold-0,True
附件一（训练集）.xlsx|材料3|2210,材料3|25|梯形波|49|-12,3,q4-ridge-fold-3,True
附件一（训练集）.xlsx|材料3|2569,材料3|50|梯形波|55|-19,4,q4-ridge-fold-4,True
附件一（训练集）.xlsx|材料2|230,材料2|70|正弦波|52|-10,1,q4-ridge-fold-1,True
附件一（训练集）.xlsx|材料3|2554,材料3|50|梯形波|54|-12,3,q4-ridge-fold-3,True
附件一（训练集）.xlsx|材料3|1176,材料3|25|三角波|52|-10,1,q4-ridge-fold-1,True
附件一（训练集）.xlsx|材料1|2370,材料1|25|三角波|55|-8,0,q4-ridge-fold-0,True
附件一（训练集）.xlsx|材料2|1060,材料2|25|正弦波|52|-16,3,q4-ridge-fold-3,True
附件一（训练集）.xlsx|材料1|2276,材料1|90|三角波|48|-8,4,q4-ridge-fold-4,True
附件一（训练集）.xlsx|材料2|2986,材料2|90|梯形波|56|-20,3,q4-ridge-fold-3,True
附件一（训练集）.xlsx|材料1|87,材料1|25|正弦波|49|-18,4,q4-ridge-fold-4,True
附件一（训练集）.xlsx|材料4|1989,材料4|25|三角波|55|-9,4,q4-ridge-fold-4,True
附件一（训练集）.xlsx|材料3|2324,材料3|50|梯形波|46|-11,4,q4-ridge-fold-4,True
附件一（训练集）.xlsx|材料1|3066,材料1|70|梯形波|52|-9,0,q4-ridge-fold-0,True
附件一（训练集）.xlsx|材料1|2581,材料1|25|梯形波|54|-9,0,q4-ridge-fold-0,True
附件一（训练集）.xlsx|材料1|1514,材料1|50|三角波|53|-15,2,q4-ridge-fold-2,True
附件一（训练集）.xlsx|材料4|690,材料4|90|正弦波|49|-10,0,q4-ridge-fold-0,True
附件一（训练集）.xlsx|材料1|1050,材料1|90|正弦波|54|-14,4,q4-ridge-fold-4,True
附件一（训练集）.xlsx|材料4|2034,材料4|25|三角波|49|-16,4,q4-ridge-fold-4,True
附件一（训练集）.xlsx|材料1|3289,材料1|90|梯形波|52|-14,3,q4-ridge-fold-3,True
附件一（训练集）.xlsx|材料3|1085,材料3|25|三角波|50|-8,4,q4-ridge-fold-4,True
附件一（训练集）.xlsx|材料1|1862,材料1|70|三角波|54|-18,0,q4-ridge-fold-0,True
附件一（训练集）.xlsx|材料1|1225,材料1|25|三角波|54|-15,0,q4-ridge-fold-0,True
附件一（训练集）.xlsx|材料4|2247,材料4|50|三角波|55|-20,0,q4-ridge-fold-0,True
附件一（训练集）.xlsx|材料4|2098,材料4|25|三角波|55|-10,4,q4-ridge-fold-4,True
附件一（训练集）.xlsx|材料4|311,材料4|50|正弦波|51|-11,2,q4-ridge-fold-2,True
附件一（训练集）.xlsx|材料4|1130,材料4|25|三角波|49|-11,4,q4-ridge-fold-4,True
附件一（训练集）.xlsx|材料2|228,材料2|70|正弦波|52|-13,0,q4-ridge-fold-0,True
附件一（训练集）.xlsx|材料1|661,材料1|70|正弦波|50|-11,1,q4-ridge-fold-1,True
附件一（训练集）.xlsx|材料1|1464,材料1|50|三角波|52|-9,4,q4-ridge-fold-4,True
附件一（训练集）.xlsx|材料2|1408,材料2|50|三角波|52|-16,0,q4-ridge-fold-0,True
附件一（训练集）.xlsx|材料1|2935,材料1|70|梯形波|48|-12,1,q4-ridge-fold-1,True
附件一（训练集）.xlsx|材料2|1372,材料2|50|三角波|55|-16,0,q4-ridge-fold-0,True
附件一（训练集）.xlsx|材料4|1527,材料4|70|三角波|53|-15,1,q4-ridge-fold-1,True
附件一（训练集）.xlsx|材料3|222,材料3|70|正弦波|52|-11,4,q4-ridge-fold-4,True
附件一（训练集）.xlsx|材料1|3101,材料1|70|梯形波|54|-12,1,q4-ridge-fold-1,True
附件一（训练集）.xlsx|材料2|347,材料2|90|正弦波|55|-14,1,q4-ridge-fold-1,True
附件一（训练集）.xlsx|材料4|2285,材料4|50|梯形波|48|-10,1,q4-ridge-fold-1,True
附件一（训练集）.xlsx|材料4|1733,材料4|90|三角波|52|-17,1,q4-ridge-fold-1,True
附件一（训练集）.xlsx|材料4|1117,材料4|25|三角波|48|-8,2,q4-ridge-fold-2,True
附件一（训练集）.xlsx|材料4|2031,材料4|25|三角波|49|-14,2,q4-ridge-fold-2,True
附件一（训练集）.xlsx|材料3|1484,材料3|50|三角波|52|-15,1,q4-ridge-fold-1,True
附件一（训练集）.xlsx|材料4|1778,材料4|90|三角波|53|-16,1,q4-ridge-fold-1,True
附件一（训练集）.xlsx|材料3|2787,材料3|70|梯形波|56|-16,3,q4-ridge-fold-3,True
附件一（训练集）.xlsx|材料2|1807,材料2|70|三角波|56|-18,2,q4-ridge-fold-2,True
附件一（训练集）.xlsx|材料2|1982,材料2|90|三角波|56|-12,0,q4-ridge-fold-0,True
附件一（训练集）.xlsx|材料4|225,材料4|50|正弦波|48|-18,3,q4-ridge-fold-3,True
附件一（训练集）.xlsx|材料2|1744,材料2|70|三角波|55|-21,3,q4-ridge-fold-3,True
附件一（训练集）.xlsx|材料2|891,材料2|25|正弦波|49|-14,0,q4-ridge-fold-0,True
附件一（训练集）.xlsx|材料3|2194,材料3|25|梯形波|48|-10,0,q4-ridge-fold-0,True
附件一（训练集）.xlsx|材料4|2025,材料4|25|三角波|47|-13,2,q4-ridge-fold-2,True
附件一（训练集）.xlsx|材料4|1340,材料4|50|三角波|48|-16,0,q4-ridge-fold-0,True
附件一（训练集）.xlsx|材料3|74,材料3|25|正弦波|55|-14,3,q4-ridge-fold-3,True
附件一（训练集）.xlsx|材料2|932,材料2|70|正弦波|55|-14,4,q4-ridge-fold-4,True
附件一（训练集）.xlsx|材料4|1235,材料4|50|三角波|52|-17,3,q4-ridge-fold-3,True
附件一（训练集）.xlsx|材料2|283,材料2|90|正弦波|47|-13,3,q4-ridge-fold-3,True
附件一（训练集）.xlsx|材料3|1368,材料3|50|三角波|55|-10,1,q4-ridge-fold-1,True
附件一（训练集）.xlsx|材料1|76,材料1|25|正弦波|49|-13,4,q4-ridge-fold-4,True
附件一（训练集）.xlsx|材料4|1093,材料4|25|三角波|47|-6,2,q4-ridge-fold-2,True
附件一（训练集）.xlsx|材料4|2450,材料4|70|三角波|55|-18,1,q4-ridge-fold-1,True
附件一（训练集）.xlsx|材料2|1024,材料2|25|正弦波|47|-8,1,q4-ridge-fold-1,True
附件一（训练集）.xlsx|材料3|1865,材料3|90|三角波|55|-13,2,q4-ridge-fold-2,True
附件一（训练集）.xlsx|材料4|1212,材料4|50|三角波|50|-14,3,q4-ridge-fold-3,True
附件一（训练集）.xlsx|材料3|2344,材料3|50|梯形波|49|-9,2,q4-ridge-fold-2,True
附件一（训练集）.xlsx|材料3|2449,材料3|50|梯形波|52|-14,2,q4-ridge-fold-2,True
附件一（训练集）.xlsx|材料1|2244,材料1|90|三角波|47|-11,3,q4-ridge-fold-3,True
附件一（训练集）.xlsx|材料4|2534,材料4|70|梯形波|50|-13,4,q4-ridge-fold-4,True
附件一（训练集）.xlsx|材料2|2710,材料2|70|梯形波|52|-8,2,q4-ridge-fold-2,True
附件一（训练集）.xlsx|材料1|3199,材料1|90|梯形波|48|-11,4,q4-ridge-fold-4,True
附件一（训练集）.xlsx|材料1|535,材料1|70|正弦波|46|-13,1,q4-ridge-fold-1,True
附件一（训练集）.xlsx|材料2|2646,材料2|70|梯形波|54|-9,0,q4-ridge-fold-0,True
附件一（训练集）.xlsx|材料4|1659,材料4|70|三角波|49|-8,1,q4-ridge-fold-1,True
附件一（训练集）.xlsx|材料1|1228,材料1|25|三角波|54|-12,0,q4-ridge-fold-0,True
附件一（训练集）.xlsx|材料3|1066,材料3|25|三角波|49|-15,0,q4-ridge-fold-0,True
附件一（训练集）.xlsx|材料2|1828,材料2|90|三角波|54|-17,1,q4-ridge-fold-1,True
附件一（训练集）.xlsx|材料1|1929,材料1|70|三角波|47|-13,4,q4-ridge-fold-4,True
附件一（训练集）.xlsx|材料2|2097,材料2|25|梯形波|52|-13,1,q4-ridge-fold-1,True
附件一（训练集）.xlsx|材料1|1805,材料1|70|三角波|52|-17,0,q4-ridge-fold-0,True
附件一（训练集）.xlsx|材料2|58,材料2|25|正弦波|52|-17,2,q4-ridge-fold-2,True
附件一（训练集）.xlsx|材料4|1574,材料4|70|三角波|55|-18,1,q4-ridge-fold-1,True
附件一（训练集）.xlsx|材料3|404,材料3|90|正弦波|50|-10,4,q4-ridge-fold-4,True
附件一（训练集）.xlsx|材料2|1149,材料2|25|三角波|49|-13,1,q4-ridge-fold-1,True
附件一（训练集）.xlsx|材料1|1580,材料1|50|三角波|55|-18,3,q4-ridge-fold-3,True
附件一（训练集）.xlsx|材料1|1272,材料1|25|三角波|55|-17,1,q4-ridge-fold-1,True
附件一（训练集）.xlsx|材料3|1089,材料3|25|三角波|52|-15,0,q4-ridge-fold-0,True
附件一（训练集）.xlsx|材料1|3151,材料1|90|三角波|55|-9,4,q4-ridge-fold-4,True
附件一（训练集）.xlsx|材料1|3223,材料1|90|梯形波|49|-15,4,q4-ridge-fold-4,True
附件一（训练集）.xlsx|材料1|2542,材料1|25|梯形波|52|-9,0,q4-ridge-fold-0,True
附件一（训练集）.xlsx|材料2|2792,材料2|90|梯形波|49|-10,2,q4-ridge-fold-2,True
附件一（训练集）.xlsx|材料2|926,材料2|50|正弦波|52|-18,4,q4-ridge-fold-4,True
附件一（训练集）.xlsx|材料4|199,材料4|50|正弦波|46|-12,0,q4-ridge-fold-0,True
附件一（训练集）.xlsx|材料1|2786,材料1|50|梯形波|52|-10,4,q4-ridge-fold-4,True
附件一（训练集）.xlsx|材料3|839,材料3|70|正弦波|52|-13,1,q4-ridge-fold-1,True
附件一（训练集）.xlsx|材料3|538,材料3|25|正弦波|52|-17,0,q4-ridge-fold-0,True
附件一（训练集）.xlsx|材料4|88,材料4|25|正弦波|50|-15,3,q4-ridge-fold-3,True
附件一（训练集）.xlsx|材料4|258,材料4|50|正弦波|49|-18,0,q4-ridge-fold-0,True
附件一（训练集）.xlsx|材料4|2693,材料4|90|梯形波|49|-15,3,q4-ridge-fold-3,True
附件一（训练集）.xlsx|材料1|199,材料1|25|正弦波|52|-14,1,q4-ridge-fold-1,True
附件一（训练集）.xlsx|材料4|495,材料4|70|正弦波|50|-14,4,q4-ridge-fold-4,True
附件一（训练集）.xlsx|材料4|1021,材料4|25|三角波|54|-16,3,q4-ridge-fold-3,True
附件一（训练集）.xlsx|材料3|504,材料3|25|正弦波|49|-18,3,q4-ridge-fold-3,True
附件一（训练集）.xlsx|材料4|49,材料4|25|正弦波|49|-11,2,q4-ridge-fold-2,True
附件一（训练集）.xlsx|材料4|2265,材料4|50|梯形波|46|-8,3,q4-ridge-fold-3,True
附件一（训练集）.xlsx|材料3|2627,材料3|70|梯形波|46|-6,1,q4-ridge-fold-1,True
附件一（训练集）.xlsx|材料1|3107,材料1|70|梯形波|54|-19,1,q4-ridge-fold-1,True
附件一（训练集）.xlsx|材料1|2007,材料1|70|三角波|50|-11,1,q4-ridge-fold-1,True
附件一（训练集）.xlsx|材料3|3020,材料3|90|梯形波|48|-9,0,q4-ridge-fold-0,True
附件一（训练集）.xlsx|材料2|705,材料2|70|正弦波|49|-13,0,q4-ridge-fold-0,True
附件一（训练集）.xlsx|材料4|1735,材料4|90|三角波|52|-15,4,q4-ridge-fold-4,True
附件一（训练集）.xlsx|材料1|1716,材料1|70|三角波|48|-11,1,q4-ridge-fold-1,True
附件一（训练集）.xlsx|材料4|1083,材料4|25|三角波|47|-14,0,q4-ridge-fold-0,True
附件一（训练集）.xlsx|材料1|2410,材料1|25|梯形波|48|-11,1,q4-ridge-fold-1,True
附件一（训练集）.xlsx|材料4|1864,材料4|90|三角波|48|-10,3,q4-ridge-fold-3,True
附件一（训练集）.xlsx|材料2|306,材料2|90|正弦波|50|-13,4,q4-ridge-fold-4,True
附件一（训练集）.xlsx|材料1|2573,材料1|25|梯形波|54|-13,4,q4-ridge-fold-4,True
附件一（训练集）.xlsx|材料1|1366,材料1|25|三角波|49|-15,3,q4-ridge-fold-3,True
附件一（训练集）.xlsx|材料3|499,材料3|25|正弦波|47|-13,0,q4-ridge-fold-0,True
附件一（训练集）.xlsx|材料1|1578,材料1|50|三角波|55|-19,1,q4-ridge-fold-1,True
附件一（训练集）.xlsx|材料3|842,材料3|50|正弦波|47|-11,2,q4-ridge-fold-2,True
附件一（训练集）.xlsx|材料4|373,材料4|50|正弦波|54|-20,3,q4-ridge-fold-3,True
附件一（训练集）.xlsx|材料1|831,材料1|90|正弦波|47|-13,0,q4-ridge-fold-0,True
附件一（训练集）.xlsx|材料4|2795,材料4|90|梯形波|52|-16,1,q4-ridge-fold-1,True
附件一（训练集）.xlsx|材料2|538,材料2|25|正弦波|49|-10,0,q4-ridge-fold-0,True
附件一（训练集）.xlsx|材料4|990,材料4|25|三角波|52|-17,0,q4-ridge-fold-0,True
附件一（训练集）.xlsx|材料2|2124,材料2|25|梯形波|46|-12,3,q4-ridge-fold-3,True
附件一（训练集）.xlsx|材料1|2049,材料1|90|三角波|50|-11,0,q4-ridge-fold-0,True
附件一（训练集）.xlsx|材料1|1039,材料1|90|正弦波|53|-11,2,q4-ridge-fold-2,True
附件一（训练集）.xlsx|材料4|2016,材料4|25|三角波|55|-14,0,q4-ridge-fold-0,True
附件一（训练集）.xlsx|材料1|2826,材料1|50|梯形波|53|-10,2,q4-ridge-fold-2,True
附件一（训练集）.xlsx|材料2|1745,材料2|70|三角波|55|-20,0,q4-ridge-fold-0,True
附件一（训练集）.xlsx|材料3|911,材料3|70|正弦波|49|-16,0,q4-ridge-fold-0,True
附件一（训练集）.xlsx|材料1|3390,材料1|90|梯形波|55|-20,3,q4-ridge-fold-3,True
附件一（训练集）.xlsx|材料3|2552,材料3|50|梯形波|54|-15,3,q4-ridge-fold-3,True
附件一（训练集）.xlsx|材料1|3339,材料1|90|梯形波|53|-18,3,q4-ridge-fold-3,True
附件一（训练集）.xlsx|材料2|1645,材料2|70|三角波|52|-16,2,q4-ridge-fold-2,True
附件一（训练集）.xlsx|材料2|377,材料2|50|正弦波|52|-14,3,q4-ridge-fold-3,True
附件一（训练集）.xlsx|材料4|1803,材料4|90|三角波|54|-14,4,q4-ridge-fold-4,True
附件一（训练集）.xlsx|材料1|3252,材料1|90|梯形波|51|-16,0,q4-ridge-fold-0,True
附件一（训练集）.xlsx|材料3|2099,材料3|25|梯形波|55|-12,0,q4-ridge-fold-0,True
附件一（训练集）.xlsx|材料1|2504,材料1|25|梯形波|52|-11,0,q4-ridge-fold-0,True
附件一（训练集）.xlsx|材料2|1823,材料2|90|三角波|52|-15,4,q4-ridge-fold-4,True
附件一（训练集）.xlsx|材料2|2483,材料2|50|梯形波|54|-8,2,q4-ridge-fold-2,True
附件一（训练集）.xlsx|材料2|1053,材料2|25|正弦波|50|-14,3,q4-ridge-fold-3,True
附件一（训练集）.xlsx|材料2|1805,材料2|70|三角波|56|-20,0,q4-ridge-fold-0,True
附件一（训练集）.xlsx|材料2|1858,材料2|90|三角波|49|-7,4,q4-ridge-fold-4,True
附件一（训练集）.xlsx|材料3|335,材料3|25|正弦波|50|-18,1,q4-ridge-fold-1,True
附件一（训练集）.xlsx|材料3|3072,材料3|90|梯形波|54|-15,4,q4-ridge-fold-4,True
附件一（训练集）.xlsx|材料1|2126,材料1|90|三角波|52|-15,2,q4-ridge-fold-2,True
附件一（训练集）.xlsx|材料2|3000,材料2|90|梯形波|47|-13,1,q4-ridge-fold-1,True
附件一（训练集）.xlsx|材料2|1709,材料2|70|三角波|50|-16,1,q4-ridge-fold-1,True
附件一（训练集）.xlsx|材料1|1441,材料1|50|三角波|51|-9,1,q4-ridge-fold-1,True
附件一（训练集）.xlsx|材料1|2272,材料1|90|三角波|48|-11,3,q4-ridge-fold-3,True
附件一（训练集）.xlsx|材料4|1046,材料4|25|三角波|55|-17,0,q4-ridge-fold-0,True
附件一（训练集）.xlsx|材料2|2555,材料2|70|梯形波|52|-15,1,q4-ridge-fold-1,True
附件一（训练集）.xlsx|材料4|1839,材料4|90|三角波|56|-17,1,q4-ridge-fold-1,True
附件一（训练集）.xlsx|材料3|1126,材料3|25|三角波|55|-14,1,q4-ridge-fold-1,True
附件一（训练集）.xlsx|材料3|340,材料3|70|正弦波|49|-17,2,q4-ridge-fold-2,True
附件一（训练集）.xlsx|材料3|809,材料3|50|正弦波|52|-19,2,q4-ridge-fold-2,True
附件一（训练集）.xlsx|材料2|2712,材料2|70|梯形波|52|-6,0,q4-ridge-fold-0,True
附件一（训练集）.xlsx|材料3|358,材料3|50|正弦波|49|-14,0,q4-ridge-fold-0,True
附件一（训练集）.xlsx|材料1|3361,材料1|90|梯形波|54|-16,1,q4-ridge-fold-1,True
附件一（训练集）.xlsx|材料4|1798,材料4|90|三角波|54|-20,0,q4-ridge-fold-0,True
附件一（训练集）.xlsx|材料2|1937,材料2|90|三角波|50|-6,0,q4-ridge-fold-0,True
附件一（训练集）.xlsx|材料4|329,材料4|50|正弦波|52|-17,3,q4-ridge-fold-3,True
附件一（训练集）.xlsx|材料2|1832,材料2|90|三角波|54|-11,1,q4-ridge-fold-1,True
附件一（训练集）.xlsx|材料3|392,材料3|90|正弦波|52|-11,1,q4-ridge-fold-1,True
附件一（训练集）.xlsx|材料2|1827,材料2|90|三角波|54|-18,2,q4-ridge-fold-2,True
附件一（训练集）.xlsx|材料1|962,材料1|90|正弦波|52|-16,2,q4-ridge-fold-2,True
附件一（训练集）.xlsx|材料1|1831,材料1|70|三角波|53|-14,4,q4-ridge-fold-4,True
附件一（训练集）.xlsx|材料4|2747,材料4|90|梯形波|51|-19,1,q4-ridge-fold-1,True
附件一（训练集）.xlsx|材料1|2348,材料1|25|三角波|55|-16,4,q4-ridge-fold-4,True
附件一（训练集）.xlsx|材料1|2491,材料1|25|梯形波|51|-8,4,q4-ridge-fold-4,True
附件一（训练集）.xlsx|材料3|2839,材料3|70|梯形波|52|-17,3,q4-ridge-fold-3,True
附件一（训练集）.xlsx|材料1|3112,材料1|70|梯形波|54|-17,2,q4-ridge-fold-2,True
附件一（训练集）.xlsx|材料3|2584,材料3|50|梯形波|56|-13,2,q4-ridge-fold-2,True
附件一（训练集）.xlsx|材料2|2084,材料2|25|梯形波|51|-13,2,q4-ridge-fold-2,True
附件一（训练集）.xlsx|材料4|2591,材料4|90|三角波|52|-16,4,q4-ridge-fold-4,True
附件一（训练集）.xlsx|材料3|561,材料3|25|正弦波|55|-15,2,q4-ridge-fold-2,True
附件一（训练集）.xlsx|材料3|2632,材料3|70|梯形波|48|-11,2,q4-ridge-fold-2,True
附件一（训练集）.xlsx|材料4|2551,材料4|70|梯形波|51|-9,3,q4-ridge-fold-3,True
附件一（训练集）.xlsx|材料3|1084,材料3|25|三角波|50|-9,1,q4-ridge-fold-1,True
附件一（训练集）.xlsx|材料4|1163,材料4|50|三角波|47|-16,4,q4-ridge-fold-4,True
附件一（训练集）.xlsx|材料1|1156,材料1|25|三角波|52|-8,1,q4-ridge-fold-1,True
附件一（训练集）.xlsx|材料3|156,材料3|50|正弦波|55|-20,3,q4-ridge-fold-3,True
附件一（训练集）.xlsx|材料4|461,材料4|70|正弦波|49|-14,4,q4-ridge-fold-4,True
附件一（训练集）.xlsx|材料3|3173,材料3|90|梯形波|55|-10,4,q4-ridge-fold-4,True
附件一（训练集）.xlsx|材料2|183,材料2|70|正弦波|46|-13,2,q4-ridge-fold-2,True
附件一（训练集）.xlsx|材料1|1167,材料1|25|三角波|52|-15,4,q4-ridge-fold-4,True
附件一（训练集）.xlsx|材料1|3376,材料1|90|梯形波|54|-17,2,q4-ridge-fold-2,True
附件一（训练集）.xlsx|材料4|1045,材料4|25|三角波|55|-17,0,q4-ridge-fold-0,True
附件一（训练集）.xlsx|材料1|3123,材料1|70|梯形波|54|-9,3,q4-ridge-fold-3,True
附件一（训练集）.xlsx|材料2|196,材料2|70|正弦波|47|-7,2,q4-ridge-fold-2,True
附件一（训练集）.xlsx|材料4|1403,材料4|50|三角波|50|-18,1,q4-ridge-fold-1,True
附件一（训练集）.xlsx|材料4|1380,材料4|50|三角波|49|-8,4,q4-ridge-fold-4,True
附件一（训练集）.xlsx|材料1|866,材料1|90|正弦波|49|-8,3,q4-ridge-fold-3,True
附件一（训练集）.xlsx|材料4|989,材料4|25|三角波|52|-18,0,q4-ridge-fold-0,True
附件一（训练集）.xlsx|材料1|1826,材料1|70|三角波|53|-17,4,q4-ridge-fold-4,True
附件一（训练集）.xlsx|材料3|1034,材料3|25|三角波|52|-15,0,q4-ridge-fold-0,True
附件一（训练集）.xlsx|材料1|514,材料1|50|正弦波|53|-12,4,q4-ridge-fold-4,True
附件一（训练集）.xlsx|材料4|2546,材料4|70|梯形波|51|-12,4,q4-ridge-fold-4,True
附件一（训练集）.xlsx|材料4|1371,材料4|50|三角波|49|-15,1,q4-ridge-fold-1,True
附件一（训练集）.xlsx|材料1|1648,材料1|50|三角波|48|-6,0,q4-ridge-fold-0,True
附件一（训练集）.xlsx|材料1|2356,材料1|25|三角波|55|-19,1,q4-ridge-fold-1,True
附件一（训练集）.xlsx|材料2|38,材料2|25|正弦波|50|-13,1,q4-ridge-fold-1,True
附件一（训练集）.xlsx|材料2|2210,材料2|25|梯形波|49|-12,1,q4-ridge-fold-1,True
附件一（训练集）.xlsx|材料3|2773,材料3|70|梯形波|55|-21,2,q4-ridge-fold-2,True
附件一（训练集）.xlsx|材料2|103,材料2|50|正弦波|47|-12,2,q4-ridge-fold-2,True
附件一（训练集）.xlsx|材料3|2228,材料3|25|梯形波|52|-15,2,q4-ridge-fold-2,True
附件一（训练集）.xlsx|材料2|2818,材料2|90|梯形波|52|-9,3,q4-ridge-fold-3,True
附件一（训练集）.xlsx|材料4|100,材料4|25|正弦波|51|-14,3,q4-ridge-fold-3,True
附件一（训练集）.xlsx|材料4|1365,材料4|50|三角波|48|-7,0,q4-ridge-fold-0,True
附件一（训练集）.xlsx|材料3|2525,材料3|50|梯形波|51|-14,4,q4-ridge-fold-4,True
附件一（训练集）.xlsx|材料2|1248,材料2|25|三角波|54|-10,3,q4-ridge-fold-3,True
附件一（训练集）.xlsx|材料4|813,材料4|90|正弦波|55|-13,4,q4-ridge-fold-4,True
附件一（训练集）.xlsx|材料2|1168,材料2|25|三角波|50|-11,0,q4-ridge-fold-0,True
附件一（训练集）.xlsx|材料3|1642,材料3|70|三角波|51|-15,4,q4-ridge-fold-4,True
附件一（训练集）.xlsx|材料3|47,材料3|25|正弦波|52|-14,0,q4-ridge-fold-0,True
附件一（训练集）.xlsx|材料3|116,材料3|50|正弦波|49|-18,4,q4-ridge-fold-4,True
附件一（训练集）.xlsx|材料2|2160,材料2|25|梯形波|52|-12,2,q4-ridge-fold-2,True
附件一（训练集）.xlsx|材料3|1735,材料3|70|三角波|55|-11,1,q4-ridge-fold-1,True
附件一（训练集）.xlsx|材料3|2477,材料3|50|梯形波|55|-9,0,q4-ridge-fold-0,True
附件一（训练集）.xlsx|材料1|1084,材料1|25|三角波|48|-13,3,q4-ridge-fold-3,True
附件一（训练集）.xlsx|材料3|2027,材料3|25|梯形波|48|-15,2,q4-ridge-fold-2,True
附件一（训练集）.xlsx|材料2|127,材料2|50|正弦波|49|-7,1,q4-ridge-fold-1,True
附件一（训练集）.xlsx|材料4|635,材料4|90|正弦波|46|-12,1,q4-ridge-fold-1,True
附件一（训练集）.xlsx|材料4|617,材料4|70|正弦波|55|-15,0,q4-ridge-fold-0,True
附件一（训练集）.xlsx|材料4|816,材料4|90|正弦波|55|-19,1,q4-ridge-fold-1,True
附件一（训练集）.xlsx|材料2|731,材料2|70|正弦波|52|-14,0,q4-ridge-fold-0,True
附件一（训练集）.xlsx|材料2|33,材料2|25|正弦波|49|-7,2,q4-ridge-fold-2,True
附件一（训练集）.xlsx|材料2|749,材料2|70|正弦波|53|-12,4,q4-ridge-fold-4,True
附件一（训练集）.xlsx|材料4|96,材料4|25|正弦波|51|-19,4,q4-ridge-fold-4,True
附件一（训练集）.xlsx|材料1|1361,材料1|25|三角波|49|-8,2,q4-ridge-fold-2,True
附件一（训练集）.xlsx|材料3|2134,材料3|25|梯形波|52|-16,2,q4-ridge-fold-2,True
附件一（训练集）.xlsx|材料4|520,材料4|70|正弦波|51|-16,0,q4-ridge-fold-0,True
附件一（训练集）.xlsx|材料2|1824,材料2|90|三角波|52|-13,4,q4-ridge-fold-4,True
附件一（训练集）.xlsx|材料3|2040,材料3|25|梯形波|49|-9,0,q4-ridge-fold-0,True
附件一（训练集）.xlsx|材料2|2942,材料2|90|梯形波|51|-12,3,q4-ridge-fold-3,True
附件一（训练集）.xlsx|材料1|956,材料1|90|正弦波|51|-7,3,q4-ridge-fold-3,True
附件一（训练集）.xlsx|材料1|867,材料1|90|正弦波|49|-8,3,q4-ridge-fold-3,True
附件一（训练集）.xlsx|材料3|863,材料3|70|正弦波|52|-14,2,q4-ridge-fold-2,True
附件一（训练集）.xlsx|材料4|1441,材料4|70|三角波|49|-11,0,q4-ridge-fold-0,True
附件一（训练集）.xlsx|材料3|732,材料3|90|正弦波|46|-13,2,q4-ridge-fold-2,True
附件一（训练集）.xlsx|材料1|405,材料1|50|正弦波|50|-16,3,q4-ridge-fold-3,True
附件一（训练集）.xlsx|材料3|2970,材料3|90|梯形波|52|-8,3,q4-ridge-fold-3,True
附件一（训练集）.xlsx|材料4|16,材料4|25|正弦波|47|-13,1,q4-ridge-fold-1,True
附件一（训练集）.xlsx|材料2|1720,材料2|70|三角波|52|-6,4,q4-ridge-fold-4,True
附件一（训练集）.xlsx|材料1|2695,材料1|50|梯形波|49|-12,2,q4-ridge-fold-2,True
附件一（训练集）.xlsx|材料4|1042,材料4|25|三角波|55|-19,3,q4-ridge-fold-3,True
附件一（训练集）.xlsx|材料1|1215,材料1|25|三角波|53|-10,1,q4-ridge-fold-1,True
附件一（训练集）.xlsx|材料2|862,材料2|25|正弦波|49|-16,0,q4-ridge-fold-0,True
附件一（训练集）.xlsx|材料3|151,材料3|50|正弦波|53|-15,4,q4-ridge-fold-4,True
附件一（训练集）.xlsx|材料2|129,材料2|50|正弦波|50|-18,4,q4-ridge-fold-4,True
附件一（训练集）.xlsx|材料4|2776,材料4|90|梯形波|52|-20,2,q4-ridge-fold-2,True
附件一（训练集）.xlsx|材料1|1015,材料1|90|正弦波|53|-16,1,q4-ridge-fold-1,True
附件一（训练集）.xlsx|材料1|1701,材料1|70|三角波|47|-12,4,q4-ridge-fold-4,True
附件一（训练集）.xlsx|材料2|2987,材料2|90|梯形波|56|-19,4,q4-ridge-fold-4,True
附件一（训练集）.xlsx|材料4|931,材料4|25|三角波|50|-16,3,q4-ridge-fold-3,True
附件一（训练集）.xlsx|材料1|1029,材料1|90|正弦波|53|-17,2,q4-ridge-fold-2,True
附件一（训练集）.xlsx|材料1|2720,材料1|50|梯形波|51|-16,4,q4-ridge-fold-4,True
附件一（训练集）.xlsx|材料3|2130,材料3|25|梯形波|51|-9,3,q4-ridge-fold-3,True
附件一（训练集）.xlsx|材料2|2897,材料2|90|梯形波|55|-15,4,q4-ridge-fold-4,True
附件一（训练集）.xlsx|材料2|2371,材料2|50|梯形波|49|-9,2,q4-ridge-fold-2,True
附件一（训练集）.xlsx|材料1|2952,材料1|70|梯形波|49|-9,0,q4-ridge-fold-0,True
附件一（训练集）.xlsx|材料2|1863,材料2|90|三角波|50|-14,0,q4-ridge-fold-0,True
附件一（训练集）.xlsx|材料2|2805,材料2|90|梯形波|52|-16,1,q4-ridge-fold-1,True
附件一（训练集）.xlsx|材料1|1945,材料1|70|三角波|48|-12,0,q4-ridge-fold-0,True
附件一（训练集）.xlsx|材料2|1348,材料2|50|三角波|52|-17,0,q4-ridge-fold-0,True
附件一（训练集）.xlsx|材料2|858,材料2|90|正弦波|55|-20,1,q4-ridge-fold-1,True
附件一（训练集）.xlsx|材料1|1068,材料1|90|正弦波|55|-12,2,q4-ridge-fold-2,True
附件一（训练集）.xlsx|材料4|1002,材料4|25|三角波|53|-18,0,q4-ridge-fold-0,True
附件一（训练集）.xlsx|材料2|777,材料2|90|正弦波|47|-12,4,q4-ridge-fold-4,True
附件一（训练集）.xlsx|材料2|192,材料2|70|正弦波|47|-13,2,q4-ridge-fold-2,True
附件一（训练集）.xlsx|材料4|845,材料4|90|正弦波|55|-17,2,q4-ridge-fold-2,True
附件一（训练集）.xlsx|材料1|2566,材料1|25|梯形波|54|-17,0,q4-ridge-fold-0,True
附件一（训练集）.xlsx|材料1|1170,材料1|25|三角波|52|-13,3,q4-ridge-fold-3,True
附件一（训练集）.xlsx|材料2|2662,材料2|70|梯形波|56|-20,0,q4-ridge-fold-0,True
附件一（训练集）.xlsx|材料2|2621,材料2|70|梯形波|51|-12,4,q4-ridge-fold-4,True
附件一（训练集）.xlsx|材料4|1793,材料4|90|三角波|54|-16,0,q4-ridge-fold-0,True
附件一（训练集）.xlsx|材料1|739,材料1|70|正弦波|53|-19,2,q4-ridge-fold-2,True
附件一（训练集）.xlsx|材料2|2661,材料2|70|梯形波|56|-21,0,q4-ridge-fold-0,True
附件一（训练集）.xlsx|材料2|2531,材料2|70|梯形波|48|-16,2,q4-ridge-fold-2,True
附件一（训练集）.xlsx|材料3|2347,材料3|50|梯形波|49|-6,4,q4-ridge-fold-4,True
附件一（训练集）.xlsx|材料1|2648,材料1|50|梯形波|47|-9,2,q4-ridge-fold-2,True
附件一（训练集）.xlsx|材料1|1412,材料1|50|三角波|51|-15,1,q4-ridge-fold-1,True
附件一（训练集）.xlsx|材料4|1275,材料4|50|三角波|53|-15,1,q4-ridge-fold-1,True
附件一（训练集）.xlsx|材料4|695,材料4|90|正弦波|49|-14,3,q4-ridge-fold-3,True
附件一（训练集）.xlsx|材料3|2244,材料3|25|梯形波|52|-8,1,q4-ridge-fold-1,True
附件一（训练集）.xlsx|材料2|1091,材料2|25|正弦波|55|-20,3,q4-ridge-fold-3,True
附件一（训练集）.xlsx|材料1|3017,材料1|70|梯形波|52|-18,3,q4-ridge-fold-3,True
附件一（训练集）.xlsx|材料2|2499,材料2|50|梯形波|56|-15,0,q4-ridge-fold-0,True
附件一（训练集）.xlsx|材料1|2026,材料1|90|三角波|48|-12,3,q4-ridge-fold-3,True
附件一（训练集）.xlsx|材料4|2200,材料4|50|三角波|55|-19,0,q4-ridge-fold-0,True
附件一（训练集）.xlsx|材料1|142,材料1|25|正弦波|50|-7,4,q4-ridge-fold-4,True
附件一（训练集）.xlsx|材料1|768,材料1|70|正弦波|53|-12,2,q4-ridge-fold-2,True
附件一（训练集）.xlsx|材料3|710,材料3|70|正弦波|53|-16,3,q4-ridge-fold-3,True
附件一（训练集）.xlsx|材料3|1449,材料3|50|三角波|48|-9,1,q4-ridge-fold-1,True
附件一（训练集）.xlsx|材料2|2121,材料2|25|梯形波|55|-15,4,q4-ridge-fold-4,True
附件一（训练集）.xlsx|材料3|777,材料3|90|正弦波|52|-10,2,q4-ridge-fold-2,True
附件一（训练集）.xlsx|材料1|2507,材料1|25|梯形波|52|-7,0,q4-ridge-fold-0,True
附件一（训练集）.xlsx|材料1|2872,材料1|70|三角波|55|-17,3,q4-ridge-fold-3,True
附件一（训练集）.xlsx|材料2|576,材料2|25|正弦波|53|-13,0,q4-ridge-fold-0,True
附件一（训练集）.xlsx|材料3|1725,材料3|70|三角波|54|-17,0,q4-ridge-fold-0,True
附件一（训练集）.xlsx|材料2|1567,材料2|50|三角波|56|-17,0,q4-ridge-fold-0,True
附件一（训练集）.xlsx|材料2|1224,材料2|25|三角波|49|-9,3,q4-ridge-fold-3,True
附件一（训练集）.xlsx|材料1|2481,材料1|25|梯形波|51|-14,3,q4-ridge-fold-3,True
附件一（训练集）.xlsx|材料3|1148,材料3|25|三角波|49|-7,1,q4-ridge-fold-1,True
附件一（训练集）.xlsx|材料2|263,材料2|70|正弦波|55|-17,0,q4-ridge-fold-0,True
附件一（训练集）.xlsx|材料3|2455,材料3|50|梯形波|52|-8,3,q4-ridge-fold-3,True
附件一（训练集）.xlsx|材料3|269,材料3|90|正弦波|49|-11,0,q4-ridge-fold-0,True
附件一（训练集）.xlsx|材料3|2567,材料3|50|梯形波|55|-9,0,q4-ridge-fold-0,True
附件一（训练集）.xlsx|材料1|78,材料1|25|正弦波|49|-11,2,q4-ridge-fold-2,True
附件一（训练集）.xlsx|材料2|911,材料2|70|正弦波|49|-7,3,q4-ridge-fold-3,True
附件一（训练集）.xlsx|材料3|1170,材料3|25|三角波|52|-18,4,q4-ridge-fold-4,True
附件一（训练集）.xlsx|材料4|2584,材料4|90|三角波|49|-15,1,q4-ridge-fold-1,True
附件一（训练集）.xlsx|材料4|362,材料4|50|正弦波|53|-14,2,q4-ridge-fold-2,True
附件一（训练集）.xlsx|材料3|2090,材料3|25|梯形波|55|-10,1,q4-ridge-fold-1,True
附件一（训练集）.xlsx|材料4|2202,材料4|50|三角波|55|-18,0,q4-ridge-fold-0,True
附件一（训练集）.xlsx|材料1|3317,材料1|90|梯形波|52|-9,4,q4-ridge-fold-4,True
附件一（训练集）.xlsx|材料1|1984,材料1|70|三角波|49|-6,1,q4-ridge-fold-1,True
附件一（训练集）.xlsx|材料4|498,材料4|70|正弦波|50|-12,3,q4-ridge-fold-3,True
附件一（训练集）.xlsx|材料1|1425,材料1|50|三角波|51|-19,2,q4-ridge-fold-2,True
附件一（训练集）.xlsx|材料4|529,材料4|70|正弦波|52|-16,2,q4-ridge-fold-2,True
附件一（训练集）.xlsx|材料1|2525,材料1|25|梯形波|52|-8,3,q4-ridge-fold-3,True
附件一（训练集）.xlsx|材料1|3380,材料1|90|梯形波|54|-15,0,q4-ridge-fold-0,True
附件一（训练集）.xlsx|材料2|57,材料2|25|正弦波|52|-18,0,q4-ridge-fold-0,True
附件一（训练集）.xlsx|材料4|995,材料4|25|三角波|52|-14,1,q4-ridge-fold-1,True
附件一（训练集）.xlsx|材料3|1072,材料3|25|三角波|49|-14,0,q4-ridge-fold-0,True
附件一（训练集）.xlsx|材料3|1456,材料3|50|三角波|49|-8,2,q4-ridge-fold-2,True
附件一（训练集）.xlsx|材料1|623,材料1|70|正弦波|49|-14,3,q4-ridge-fold-3,True
附件一（训练集）.xlsx|材料4|1700,材料4|90|三角波|48|-8,2,q4-ridge-fold-2,True
附件一（训练集）.xlsx|材料1|1456,材料1|50|三角波|52|-14,0,q4-ridge-fold-0,True
附件一（训练集）.xlsx|材料4|2416,材料4|70|三角波|55|-14,4,q4-ridge-fold-4,True
附件一（训练集）.xlsx|材料3|2406,材料3|50|梯形波|48|-11,3,q4-ridge-fold-3,True
附件一（训练集）.xlsx|材料1|1685,材料1|50|三角波|49|-10,0,q4-ridge-fold-0,True
附件一（训练集）.xlsx|材料1|955,材料1|90|正弦波|51|-8,0,q4-ridge-fold-0,True
附件一（训练集）.xlsx|材料1|2304,材料1|90|三角波|49|-11,4,q4-ridge-fold-4,True
附件一（训练集）.xlsx|材料1|2341,材料1|25|三角波|55|-11,3,q4-ridge-fold-3,True
附件一（训练集）.xlsx|材料2|579,材料2|25|正弦波|55|-19,4,q4-ridge-fold-4,True
附件一（训练集）.xlsx|材料4|1241,材料4|50|三角波|52|-14,0,q4-ridge-fold-0,True
附件一（训练集）.xlsx|材料2|1270,材料2|25|三角波|56|-11,1,q4-ridge-fold-1,True
附件一（训练集）.xlsx|材料2|665,材料2|50|正弦波|55|-19,3,q4-ridge-fold-3,True
附件一（训练集）.xlsx|材料1|491,材料1|50|正弦波|53|-15,0,q4-ridge-fold-0,True
附件一（训练集）.xlsx|材料4|2630,材料4|90|三角波|55|-12,4,q4-ridge-fold-4,True
附件一（训练集）.xlsx|材料3|792,材料3|90|正弦波|55|-12,0,q4-ridge-fold-0,True
附件一（训练集）.xlsx|材料1|2897,材料1|70|梯形波|46|-12,4,q4-ridge-fold-4,True
附件一（训练集）.xlsx|材料4|1746,材料4|90|三角波|52|-18,1,q4-ridge-fold-1,True
附件一（训练集）.xlsx|材料4|1744,材料4|90|三角波|52|-19,1,q4-ridge-fold-1,True
附件一（训练集）.xlsx|材料3|1539,材料3|70|三角波|55|-17,2,q4-ridge-fold-2,True
附件一（训练集）.xlsx|材料3|875,材料3|50|正弦波|53|-14,0,q4-ridge-fold-0,True
附件一（训练集）.xlsx|材料1|1858,材料1|70|三角波|54|-10,4,q4-ridge-fold-4,True
附件一（训练集）.xlsx|材料3|1520,材料3|70|三角波|52|-18,0,q4-ridge-fold-0,True
附件一（训练集）.xlsx|材料3|776,材料3|90|正弦波|52|-12,4,q4-ridge-fold-4,True
附件一（训练集）.xlsx|材料3|2562,材料3|50|梯形波|55|-15,2,q4-ridge-fold-2,True
附件一（训练集）.xlsx|材料4|965,材料4|25|三角波|52|-15,0,q4-ridge-fold-0,True
附件一（训练集）.xlsx|材料4|978,材料4|25|三角波|52|-16,4,q4-ridge-fold-4,True
附件一（训练集）.xlsx|材料4|1185,材料4|50|三角波|48|-11,0,q4-ridge-fold-0,True
附件一（训练集）.xlsx|材料2|1183,材料2|25|三角波|52|-15,1,q4-ridge-fold-1,True
附件一（训练集）.xlsx|材料1|1160,材料1|25|三角波|52|-18,3,q4-ridge-fold-3,True
附件一（训练集）.xlsx|材料4|1265,材料4|50|三角波|52|-13,2,q4-ridge-fold-2,True
附件一（训练集）.xlsx|材料4|1576,材料4|70|三角波|55|-17,4,q4-ridge-fold-4,True
附件一（训练集）.xlsx|材料2|40,材料2|25|正弦波|50|-11,4,q4-ridge-fold-4,True
附件一（训练集）.xlsx|材料3|1984,材料3|90|三角波|52|-8,4,q4-ridge-fold-4,True
附件一（训练集）.xlsx|材料4|141,材料4|25|正弦波|53|-15,2,q4-ridge-fold-2,True
附件一（训练集）.xlsx|材料4|2647,材料4|90|梯形波|46|-10,4,q4-ridge-fold-4,True
附件一（训练集）.xlsx|材料2|979,材料2|50|正弦波|47|-16,2,q4-ridge-fold-2,True
附件一（训练集）.xlsx|材料1|864,材料1|90|正弦波|49|-10,0,q4-ridge-fold-0,True
附件一（训练集）.xlsx|材料1|1300,材料1|25|三角波|56|-19,2,q4-ridge-fold-2,True
附件一（训练集）.xlsx|材料1|1746,材料1|70|三角波|51|-16,0,q4-ridge-fold-0,True
附件一（训练集）.xlsx|材料3|2832,材料3|70|梯形波|52|-13,4,q4-ridge-fold-4,True
附件一（训练集）.xlsx|材料4|2677,材料4|90|梯形波|48|-16,0,q4-ridge-fold-0,True
附件一（训练集）.xlsx|材料1|1740,材料1|70|三角波|50|-8,4,q4-ridge-fold-4,True
附件一（训练集）.xlsx|材料2|2300,材料2|50|梯形波|48|-11,0,q4-ridge-fold-0,True
附件一（训练集）.xlsx|材料1|2856,材料1|50|梯形波|54|-10,4,q4-ridge-fold-4,True
附件一（训练集）.xlsx|材料1|1151,材料1|25|三角波|52|-14,3,q4-ridge-fold-3,True
附件一（训练集）.xlsx|材料3|843,材料3|70|正弦波|49|-9,4,q4-ridge-fold-4,True
附件一（训练集）.xlsx|材料2|2529,材料2|70|梯形波|46|-6,4,q4-ridge-fold-4,True
附件一（训练集）.xlsx|材料1|2817,材料1|50|梯形波|53|-17,0,q4-ridge-fold-0,True
附件一（训练集）.xlsx|材料3|1741,材料3|70|三角波|56|-18,4,q4-ridge-fold-4,True
附件一（训练集）.xlsx|材料3|1564,材料3|70|三角波|48|-8,1,q4-ridge-fold-1,True
附件一（训练集）.xlsx|材料3|1816,材料3|90|三角波|49|-7,3,q4-ridge-fold-3,True
附件一（训练集）.xlsx|材料1|1221,材料1|25|三角波|54|-17,3,q4-ridge-fold-3,True
附件一（训练集）.xlsx|材料3|2285,材料3|25|梯形波|46|-12,2,q4-ridge-fold-2,True
附件一（训练集）.xlsx|材料1|1437,材料1|50|三角波|51|-12,2,q4-ridge-fold-2,True
附件一（训练集）.xlsx|材料1|1269,材料1|25|三角波|55|-18,1,q4-ridge-fold-1,True
附件一（训练集）.xlsx|材料2|986,材料2|50|正弦波|47|-11,1,q4-ridge-fold-1,True
附件一（训练集）.xlsx|材料2|1386,材料2|50|三角波|49|-14,4,q4-ridge-fold-4,True
附件一（训练集）.xlsx|材料2|2070,材料2|25|梯形波|48|-10,3,q4-ridge-fold-3,True
附件一（训练集）.xlsx|材料3|1228,材料3|25|三角波|50|-15,4,q4-ridge-fold-4,True
附件一（训练集）.xlsx|材料4|24,材料4|25|正弦波|47|-15,2,q4-ridge-fold-2,True
附件一（训练集）.xlsx|材料1|1870,材料1|70|三角波|54|-12,1,q4-ridge-fold-1,True
附件一（训练集）.xlsx|材料2|2263,材料2|25|梯形波|56|-21,0,q4-ridge-fold-0,True
附件一（训练集）.xlsx|材料3|2681,材料3|70|梯形波|55|-19,1,q4-ridge-fold-1,True
附件一（训练集）.xlsx|材料2|1733,材料2|70|三角波|54|-14,4,q4-ridge-fold-4,True
附件一（训练集）.xlsx|材料1|1708,材料1|70|三角波|48|-16,3,q4-ridge-fold-3,True
附件一（训练集）.xlsx|材料1|2665,材料1|50|梯形波|48|-7,2,q4-ridge-fold-2,True
附件一（训练集）.xlsx|材料1|1999,材料1|70|三角波|49|-6,1,q4-ridge-fold-1,True
附件一（训练集）.xlsx|材料1|1820,材料1|70|三角波|53|-20,4,q4-ridge-fold-4,True
附件一（训练集）.xlsx|材料1|2644,材料1|50|梯形波|47|-11,0,q4-ridge-fold-0,True
附件一（训练集）.xlsx|材料3|1467,材料3|50|三角波|50|-13,4,q4-ridge-fold-4,True
附件一（训练集）.xlsx|材料2|2058,材料2|25|梯形波|46|-14,2,q4-ridge-fold-2,True
附件一（训练集）.xlsx|材料3|590,材料3|50|正弦波|49|-13,2,q4-ridge-fold-2,True
附件一（训练集）.xlsx|材料2|155,材料2|50|正弦波|53|-19,0,q4-ridge-fold-0,True
附件一（训练集）.xlsx|材料3|1915,材料3|90|三角波|52|-13,0,q4-ridge-fold-0,True
附件一（训练集）.xlsx|材料1|1298,材料1|25|三角波|56|-20,2,q4-ridge-fold-2,True
附件一（训练集）.xlsx|材料3|3168,材料3|90|梯形波|55|-16,3,q4-ridge-fold-3,True
附件一（训练集）.xlsx|材料1|2599,材料1|50|三角波|55|-19,1,q4-ridge-fold-1,True
附件一（训练集）.xlsx|材料4|869,材料4|25|正弦波|52|-13,0,q4-ridge-fold-0,True
附件一（训练集）.xlsx|材料1|3023,材料1|70|梯形波|52|-14,4,q4-ridge-fold-4,True
附件一（训练集）.xlsx|材料1|2417,材料1|25|梯形波|49|-14,1,q4-ridge-fold-1,True
附件一（训练集）.xlsx|材料2|1881,材料2|90|三角波|52|-10,1,q4-ridge-fold-1,True
附件一（训练集）.xlsx|材料1|1763,材料1|70|三角波|52|-18,3,q4-ridge-fold-3,True
附件一（训练集）.xlsx|材料3|2592,材料3|50|梯形波|46|-6,1,q4-ridge-fold-1,True
附件一（训练集）.xlsx|材料1|1665,材料1|50|三角波|49|-6,0,q4-ridge-fold-0,True
附件一（训练集）.xlsx|材料1|644,材料1|70|正弦波|50|-10,4,q4-ridge-fold-4,True
附件一（训练集）.xlsx|材料1|2746,材料1|50|梯形波|51|-9,2,q4-ridge-fold-2,True
附件一（训练集）.xlsx|材料1|2098,材料1|90|三角波|52|-20,1,q4-ridge-fold-1,True
附件一（训练集）.xlsx|材料4|1854,材料4|90|三角波|47|-7,0,q4-ridge-fold-0,True
附件一（训练集）.xlsx|材料2|507,材料2|25|正弦波|47|-14,1,q4-ridge-fold-1,True
附件一（训练集）.xlsx|材料4|2386,材料4|70|三角波|52|-8,1,q4-ridge-fold-1,True
附件一（训练集）.xlsx|材料1|2694,材料1|50|梯形波|49|-13,3,q4-ridge-fold-3,True
附件一（训练集）.xlsx|材料2|1947,材料2|90|三角波|52|-17,1,q4-ridge-fold-1,True
附件一（训练集）.xlsx|材料2|2335,材料2|50|梯形波|54|-17,1,q4-ridge-fold-1,True
附件一（训练集）.xlsx|材料4|133,材料4|25|正弦波|52|-17,4,q4-ridge-fold-4,True
附件一（训练集）.xlsx|材料2|1437,材料2|50|三角波|56|-19,4,q4-ridge-fold-4,True
附件一（训练集）.xlsx|材料2|1070,材料2|25|正弦波|52|-17,2,q4-ridge-fold-2,True
附件一（训练集）.xlsx|材料2|1623,材料2|70|三角波|49|-14,4,q4-ridge-fold-4,True
附件一（训练集）.xlsx|材料3|1731,材料3|70|三角波|55|-16,4,q4-ridge-fold-4,True
附件一（训练集）.xlsx|材料1|1615,材料1|50|三角波|56|-15,0,q4-ridge-fold-0,True
附件一（训练集）.xlsx|材料3|2524,材料3|50|梯形波|51|-16,4,q4-ridge-fold-4,True
附件一（训练集）.xlsx|材料1|1753,材料1|70|三角波|51|-11,0,q4-ridge-fold-0,True
附件一（训练集）.xlsx|材料2|2711,材料2|70|梯形波|52|-7,3,q4-ridge-fold-3,True
附件一（训练集）.xlsx|材料3|2710,材料3|70|梯形波|49|-12,2,q4-ridge-fold-2,True
附件一（训练集）.xlsx|材料2|1105,材料2|25|三角波|52|-19,0,q4-ridge-fold-0,True
附件一（训练集）.xlsx|材料3|1872,材料3|90|三角波|56|-15,4,q4-ridge-fold-4,True
附件一（训练集）.xlsx|材料1|2005,材料1|70|三角波|50|-12,1,q4-ridge-fold-1,True
附件一（训练集）.xlsx|材料1|96,材料1|25|正弦波|49|-12,1,q4-ridge-fold-1,True
附件一（训练集）.xlsx|材料4|415,材料4|70|正弦波|46|-15,1,q4-ridge-fold-1,True
附件一（训练集）.xlsx|材料2|2638,材料2|70|梯形波|52|-9,3,q4-ridge-fold-3,True
附件一（训练集）.xlsx|材料2|2141,材料2|25|梯形波|49|-12,1,q4-ridge-fold-1,True
附件一（训练集）.xlsx|材料2|468,材料2|70|正弦波|50|-17,0,q4-ridge-fold-0,True
附件一（训练集）.xlsx|材料4|1717,材料4|90|三角波|51|-19,4,q4-ridge-fold-4,True
附件一（训练集）.xlsx|材料4|1690,材料4|90|三角波|48|-14,0,q4-ridge-fold-0,True
附件一（训练集）.xlsx|材料2|126,材料2|50|正弦波|49|-9,4,q4-ridge-fold-4,True
附件一（训练集）.xlsx|材料3|838,材料3|50|正弦波|47|-15,4,q4-ridge-fold-4,True
附件一（训练集）.xlsx|材料2|2907,材料2|90|梯形波|55|-10,3,q4-ridge-fold-3,True
附件一（训练集）.xlsx|材料2|582,材料2|25|正弦波|55|-15,1,q4-ridge-fold-1,True
附件一（训练集）.xlsx|材料2|1058,材料2|25|正弦波|50|-9,0,q4-ridge-fold-0,True
附件一（训练集）.xlsx|材料1|1233,材料1|25|三角波|54|-19,3,q4-ridge-fold-3,True
附件一（训练集）.xlsx|材料1|2889,材料1|70|三角波|55|-15,0,q4-ridge-fold-0,True
附件一（训练集）.xlsx|材料3|2245,材料3|25|梯形波|52|-7,4,q4-ridge-fold-4,True
附件一（训练集）.xlsx|材料2|1432,材料2|50|三角波|55|-15,1,q4-ridge-fold-1,True
附件一（训练集）.xlsx|材料3|2854,材料3|70|梯形波|54|-12,4,q4-ridge-fold-4,True
附件一（训练集）.xlsx|材料2|1890,材料2|90|三角波|55|-21,4,q4-ridge-fold-4,True
附件一（训练集）.xlsx|材料2|2130,材料2|25|梯形波|48|-13,2,q4-ridge-fold-2,True
附件一（训练集）.xlsx|材料3|2609,材料3|70|三角波|55|-9,0,q4-ridge-fold-0,True
附件一（训练集）.xlsx|材料4|1307,材料4|50|三角波|55|-14,2,q4-ridge-fold-2,True
附件一（训练集）.xlsx|材料1|2148,材料1|90|三角波|53|-15,0,q4-ridge-fold-0,True
附件一（训练集）.xlsx|材料1|3191,材料1|90|梯形波|48|-8,3,q4-ridge-fold-3,True
附件一（训练集）.xlsx|材料3|2231,材料3|25|梯形波|52|-10,2,q4-ridge-fold-2,True
附件一（训练集）.xlsx|材料1|3219,材料1|90|梯形波|49|-7,1,q4-ridge-fold-1,True
附件一（训练集）.xlsx|材料4|2070,材料4|25|三角波|55|-20,0,q4-ridge-fold-0,True
附件一（训练集）.xlsx|材料2|2785,材料2|90|梯形波|48|-8,4,q4-ridge-fold-4,True
附件一（训练集）.xlsx|材料1|496,材料1|50|正弦波|53|-11,4,q4-ridge-fold-4,True
附件一（训练集）.xlsx|材料3|1316,材料3|50|三角波|56|-19,4,q4-ridge-fold-4,True
附件一（训练集）.xlsx|材料3|2757,材料3|70|梯形波|54|-14,3,q4-ridge-fold-3,True
附件一（训练集）.xlsx|材料1|127,材料1|25|正弦波|50|-18,2,q4-ridge-fold-2,True
附件一（训练集）.xlsx|材料3|1215,材料3|25|三角波|48|-7,2,q4-ridge-fold-2,True
附件一（训练集）.xlsx|材料4|2250,材料4|50|三角波|55|-17,2,q4-ridge-fold-2,True
附件一（训练集）.xlsx|材料4|1465,材料4|70|三角波|51|-19,3,q4-ridge-fold-3,True
附件一（训练集）.xlsx|材料2|2610,材料2|70|梯形波|49|-8,2,q4-ridge-fold-2,True
附件一（训练集）.xlsx|材料3|547,材料3|25|正弦波|53|-15,2,q4-ridge-fold-2,True
附件一（训练集）.xlsx|材料2|527,材料2|25|正弦波|49|-13,0,q4-ridge-fold-0,True
附件一（训练集）.xlsx|材料1|3058,材料1|70|梯形波|52|-15,2,q4-ridge-fold-2,True
附件一（训练集）.xlsx|材料3|2546,材料3|50|梯形波|52|-9,1,q4-ridge-fold-1,True
附件一（训练集）.xlsx|材料1|1666,材料1|50|三角波|49|-14,0,q4-ridge-fold-0,True
附件一（训练集）.xlsx|材料4|2152,材料4|25|梯形波|49|-9,0,q4-ridge-fold-0,True
附件一（训练集）.xlsx|材料2|2996,材料2|90|梯形波|46|-10,4,q4-ridge-fold-4,True
附件一（训练集）.xlsx|材料1|629,材料1|70|正弦波|49|-9,2,q4-ridge-fold-2,True
附件一（训练集）.xlsx|材料4|47,材料4|25|正弦波|49|-11,2,q4-ridge-fold-2,True
附件一（训练集）.xlsx|材料3|893,材料3|90|正弦波|55|-17,0,q4-ridge-fold-0,True
附件一（训练集）.xlsx|材料4|201,材料4|50|正弦波|46|-11,4,q4-ridge-fold-4,True
附件一（训练集）.xlsx|材料4|2587,材料4|90|三角波|52|-16,4,q4-ridge-fold-4,True
附件一（训练集）.xlsx|材料4|2262,材料4|50|梯形波|46|-12,4,q4-ridge-fold-4,True
附件一（训练集）.xlsx|材料1|1415,材料1|50|三角波|50|-13,2,q4-ridge-fold-2,True
附件一（训练集）.xlsx|材料1|1249,材料1|25|三角波|55|-19,1,q4-ridge-fold-1,True
附件一（训练集）.xlsx|材料2|331,材料2|90|正弦波|53|-18,4,q4-ridge-fold-4,True
附件一（训练集）.xlsx|材料3|1870,材料3|90|三角波|56|-17,2,q4-ridge-fold-2,True
附件一（训练集）.xlsx|材料4|2077,材料4|25|三角波|55|-17,0,q4-ridge-fold-0,True
附件一（训练集）.xlsx|材料1|47,材料1|25|正弦波|47|-8,4,q4-ridge-fold-4,True
附件一（训练集）.xlsx|材料2|2697,材料2|70|梯形波|51|-15,4,q4-ridge-fold-4,True
附件一（训练集）.xlsx|材料1|900,材料1|90|正弦波|49|-9,1,q4-ridge-fold-1,True
附件一（训练集）.xlsx|材料3|442,材料3|90|正弦波|53|-12,1,q4-ridge-fold-1,True
附件一（训练集）.xlsx|材料4|325,材料4|50|正弦波|52|-19,3,q4-ridge-fold-3,True
附件一（训练集）.xlsx|材料4|1970,材料4|25|三角波|52|-16,4,q4-ridge-fold-4,True
附件一（训练集）.xlsx|材料3|2467,材料3|50|梯形波|55|-20,2,q4-ridge-fold-2,True
附件一（训练集）.xlsx|材料4|363,材料4|50|正弦波|53|-13,2,q4-ridge-fold-2,True
附件一（训练集）.xlsx|材料2|2336,材料2|50|梯形波|54|-16,2,q4-ridge-fold-2,True
附件一（训练集）.xlsx|材料3|35,材料3|25|正弦波|50|-19,3,q4-ridge-fold-3,True
附件一（训练集）.xlsx|材料3|7,材料3|25|正弦波|46|-9,1,q4-ridge-fold-1,True
附件一（训练集）.xlsx|材料1|1259,材料1|25|三角波|55|-14,3,q4-ridge-fold-3,True
附件一（训练集）.xlsx|材料4|924,材料4|25|三角波|50|-10,0,q4-ridge-fold-0,True
附件一（训练集）.xlsx|材料1|680,材料1|70|正弦波|51|-8,0,q4-ridge-fold-0,True
附件一（训练集）.xlsx|材料3|2254,材料3|25|梯形波|54|-10,2,q4-ridge-fold-2,True
附件一（训练集）.xlsx|材料2|1289,材料2|25|三角波|49|-6,3,q4-ridge-fold-3,True
附件一（训练集）.xlsx|材料1|2104,材料1|90|三角波|52|-17,3,q4-ridge-fold-3,True
附件一（训练集）.xlsx|材料3|476,材料3|25|正弦波|52|-11,2,q4-ridge-fold-2,True
附件一（训练集）.xlsx|材料4|1436,材料4|70|三角波|48|-9,0,q4-ridge-fold-0,True
附件一（训练集）.xlsx|材料1|689,材料1|70|正弦波|52|-15,1,q4-ridge-fold-1,True
附件一（训练集）.xlsx|材料2|2960,材料2|90|梯形波|52|-10,2,q4-ridge-fold-2,True
附件一（训练集）.xlsx|材料4|1300,材料4|50|三角波|55|-19,0,q4-ridge-fold-0,True
附件一（训练集）.xlsx|材料4|2711,材料4|90|梯形波|49|-12,4,q4-ridge-fold-4,True
附件一（训练集）.xlsx|材料1|2912,材料1|70|梯形波|47|-9,0,q4-ridge-fold-0,True
附件一（训练集）.xlsx|材料1|3160,材料1|90|三角波|55|-16,1,q4-ridge-fold-1,True
附件一（训练集）.xlsx|材料3|767,材料3|90|正弦波|52|-11,1,q4-ridge-fold-1,True
附件一（训练集）.xlsx|材料2|2479,材料2|50|梯形波|54|-13,4,q4-ridge-fold-4,True
附件一（训练集）.xlsx|材料1|1747,材料1|70|三角波|51|-15,3,q4-ridge-fold-3,True
附件一（训练集）.xlsx|材料2|2394,材料2|50|梯形波|52|-16,3,q4-ridge-fold-3,True
附件一（训练集）.xlsx|材料1|539,材料1|70|正弦波|46|-9,3,q4-ridge-fold-3,True
附件一（训练集）.xlsx|材料4|797,材料4|90|正弦波|53|-12,3,q4-ridge-fold-3,True
附件一（训练集）.xlsx|材料3|2496,材料3|50|梯形波|56|-12,1,q4-ridge-fold-1,True
附件一（训练集）.xlsx|材料3|94,材料3|50|正弦波|46|-11,0,q4-ridge-fold-0,True
附件一（训练集）.xlsx|材料2|1773,材料2|70|三角波|49|-7,1,q4-ridge-fold-1,True
附件一（训练集）.xlsx|材料2|1178,材料2|25|三角波|52|-8,0,q4-ridge-fold-0,True
附件一（训练集）.xlsx|材料4|2663,材料4|90|梯形波|48|-15,0,q4-ridge-fold-0,True
附件一（训练集）.xlsx|材料1|2924,材料1|70|梯形波|48|-9,2,q4-ridge-fold-2,True
附件一（训练集）.xlsx|材料2|2496,材料2|50|梯形波|56|-21,3,q4-ridge-fold-3,True
附件一（训练集）.xlsx|材料2|2746,材料2|70|梯形波|56|-16,4,q4-ridge-fold-4,True
附件一（训练集）.xlsx|材料1|264,材料1|25|正弦波|54|-16,2,q4-ridge-fold-2,True
附件一（训练集）.xlsx|材料4|826,材料4|90|正弦波|55|-19,1,q4-ridge-fold-1,True
附件一（训练集）.xlsx|材料2|2057,材料2|25|三角波|55|-9,2,q4-ridge-fold-2,True
附件一（训练集）.xlsx|材料4|2668,材料4|90|梯形波|48|-12,3,q4-ridge-fold-3,True
附件一（训练集）.xlsx|材料3|2476,材料3|50|梯形波|55|-10,2,q4-ridge-fold-2,True
附件一（训练集）.xlsx|材料4|2505,材料4|70|梯形波|49|-16,3,q4-ridge-fold-3,True
附件一（训练集）.xlsx|材料1|2222,材料1|90|三角波|55|-15,0,q4-ridge-fold-0,True
附件一（训练集）.xlsx|材料1|654,材料1|70|正弦波|50|-16,0,q4-ridge-fold-0,True
附件一（训练集）.xlsx|材料4|22,材料4|25|正弦波|47|-16,0,q4-ridge-fold-0,True
附件一（训练集）.xlsx|材料1|2846,材料1|50|梯形波|54|-18,4,q4-ridge-fold-4,True
附件一（训练集）.xlsx|材料4|1878,材料4|90|三角波|49|-11,2,q4-ridge-fold-2,True
附件一（训练集）.xlsx|材料2|718,材料2|70|正弦波|49|-8,2,q4-ridge-fold-2,True
附件一（训练集）.xlsx|材料3|2105,材料3|25|梯形波|48|-12,1,q4-ridge-fold-1,True
附件一（训练集）.xlsx|材料1|1459,材料1|50|三角波|52|-12,4,q4-ridge-fold-4,True
附件一（训练集）.xlsx|材料2|2163,材料2|25|梯形波|52|-7,4,q4-ridge-fold-4,True
附件一（训练集）.xlsx|材料1|1861,材料1|70|三角波|54|-19,0,q4-ridge-fold-0,True
附件一（训练集）.xlsx|材料1|2904,材料1|70|梯形波|46|-7,3,q4-ridge-fold-3,True
附件一（训练集）.xlsx|材料3|1937,材料3|90|三角波|55|-9,3,q4-ridge-fold-3,True
附件一（训练集）.xlsx|材料2|857,材料2|50|正弦波|53|-18,0,q4-ridge-fold-0,True
附件一（训练集）.xlsx|材料4|1054,材料4|25|三角波|55|-18,4,q4-ridge-fold-4,True
附件一（训练集）.xlsx|材料1|574,材料1|70|正弦波|47|-9,4,q4-ridge-fold-4,True
附件一（训练集）.xlsx|材料1|2910,材料1|70|梯形波|47|-10,3,q4-ridge-fold-3,True
附件一（训练集）.xlsx|材料3|2310,材料3|50|三角波|56|-10,1,q4-ridge-fold-1,True
附件一（训练集）.xlsx|材料3|2607,材料3|70|三角波|55|-11,1,q4-ridge-fold-1,True
附件一（训练集）.xlsx|材料1|3000,材料1|70|梯形波|51|-8,1,q4-ridge-fold-1,True
附件一（训练集）.xlsx|材料2|457,材料2|90|正弦波|50|-17,0,q4-ridge-fold-0,True
附件一（训练集）.xlsx|材料1|11,材料1|25|正弦波|46|-8,0,q4-ridge-fold-0,True
附件一（训练集）.xlsx|材料2|981,材料2|50|正弦波|49|-17,1,q4-ridge-fold-1,True
附件一（训练集）.xlsx|材料1|254,材料1|25|正弦波|53|-12,4,q4-ridge-fold-4,True
附件一（训练集）.xlsx|材料4|211,材料4|50|正弦波|47|-10,4,q4-ridge-fold-4,True
附件一（训练集）.xlsx|材料2|318,材料2|90|正弦波|52|-12,2,q4-ridge-fold-2,True
附件一（训练集）.xlsx|材料1|2266,材料1|90|三角波|48|-6,2,q4-ridge-fold-2,True
附件一（训练集）.xlsx|材料4|2566,材料4|70|梯形波|52|-20,3,q4-ridge-fold-3,True
附件一（训练集）.xlsx|材料3|2495,材料3|50|梯形波|56|-13,2,q4-ridge-fold-2,True
附件一（训练集）.xlsx|材料1|371,材料1|50|正弦波|49|-12,1,q4-ridge-fold-1,True
附件一（训练集）.xlsx|材料4|2561,材料4|70|梯形波|51|-11,1,q4-ridge-fold-1,True
附件一（训练集）.xlsx|材料1|1279,材料1|25|三角波|55|-13,4,q4-ridge-fold-4,True
附件一（训练集）.xlsx|材料4|636,材料4|90|正弦波|46|-10,1,q4-ridge-fold-1,True
附件一（训练集）.xlsx|材料3|459,材料3|50|正弦波|50|-11,2,q4-ridge-fold-2,True
附件一（训练集）.xlsx|材料4|1730,材料4|90|三角波|52|-19,1,q4-ridge-fold-1,True
附件一（训练集）.xlsx|材料3|2995,材料3|90|梯形波|55|-17,1,q4-ridge-fold-1,True
附件一（训练集）.xlsx|材料2|1778,材料2|70|三角波|50|-7,2,q4-ridge-fold-2,True
附件一（训练集）.xlsx|材料2|2082,材料2|25|梯形波|51|-15,0,q4-ridge-fold-0,True
附件一（训练集）.xlsx|材料3|1195,材料3|25|三角波|55|-20,1,q4-ridge-fold-1,True
附件一（训练集）.xlsx|材料2|2501,材料2|50|梯形波|56|-12,1,q4-ridge-fold-1,True
附件一（训练集）.xlsx|材料3|2628,材料3|70|梯形波|48|-6,3,q4-ridge-fold-3,True
附件一（训练集）.xlsx|材料3|2616,材料3|70|三角波|55|-16,4,q4-ridge-fold-4,True
附件一（训练集）.xlsx|材料2|2543,材料2|70|梯形波|49|-6,1,q4-ridge-fold-1,True
附件一（训练集）.xlsx|材料3|2012,材料3|25|三角波|55|-19,4,q4-ridge-fold-4,True
附件一（训练集）.xlsx|材料2|1948,材料2|90|三角波|52|-15,4,q4-ridge-fold-4,True
附件一（训练集）.xlsx|材料1|2634,材料1|50|梯形波|46|-13,4,q4-ridge-fold-4,True
附件一（训练集）.xlsx|材料2|916,材料2|50|正弦波|49|-13,4,q4-ridge-fold-4,True
附件一（训练集）.xlsx|材料3|146,材料3|50|正弦波|53|-20,2,q4-ridge-fold-2,True
附件一（训练集）.xlsx|材料2|334,材料2|90|正弦波|53|-15,3,q4-ridge-fold-3,True
附件一（训练集）.xlsx|材料4|1705,材料4|90|三角波|50|-16,2,q4-ridge-fold-2,True
附件一（训练集）.xlsx|材料4|1629,材料4|70|三角波|49|-17,2,q4-ridge-fold-2,True
附件一（训练集）.xlsx|材料1|3024,材料1|70|梯形波|52|-12,1,q4-ridge-fold-1,True
附件一（训练集）.xlsx|材料4|2428,材料4|70|三角波|52|-18,4,q4-ridge-fold-4,True
附件一（训练集）.xlsx|材料1|3054,材料1|70|梯形波|52|-18,3,q4-ridge-fold-3,True
附件一（训练集）.xlsx|材料3|887,材料3|25|正弦波|47|-8,2,q4-ridge-fold-2,True
附件一（训练集）.xlsx|材料1|3381,材料1|90|梯形波|54|-14,0,q4-ridge-fold-0,True
附件一（训练集）.xlsx|材料2|440,材料2|70|正弦波|49|-12,3,q4-ridge-fold-3,True
附件一（训练集）.xlsx|材料4|2529,材料4|70|梯形波|50|-19,0,q4-ridge-fold-0,True
附件一（训练集）.xlsx|材料3|2537,材料3|50|梯形波|52|-10,3,q4-ridge-fold-3,True
附件一（训练集）.xlsx|材料4|320,材料4|50|正弦波|52|-13,0,q4-ridge-fold-0,True
附件一（训练集）.xlsx|材料4|2090,材料4|25|三角波|55|-16,3,q4-ridge-fold-3,True
附件一（训练集）.xlsx|材料1|1608,材料1|50|三角波|56|-20,2,q4-ridge-fold-2,True
附件一（训练集）.xlsx|材料2|709,材料2|70|正弦波|49|-7,3,q4-ridge-fold-3,True
附件一（训练集）.xlsx|材料2|794,材料2|90|正弦波|49|-14,2,q4-ridge-fold-2,True
附件一（训练集）.xlsx|材料4|1387,材料4|50|三角波|49|-16,3,q4-ridge-fold-3,True
附件一（训练集）.xlsx|材料1|1709,材料1|70|三角波|48|-15,0,q4-ridge-fold-0,True
附件一（训练集）.xlsx|材料2|659,材料2|50|正弦波|53|-15,0,q4-ridge-fold-0,True
附件一（训练集）.xlsx|材料1|331,材料1|50|正弦波|49|-16,2,q4-ridge-fold-2,True
附件一（训练集）.xlsx|材料1|1842,材料1|70|三角波|54|-19,0,q4-ridge-fold-0,True
附件一（训练集）.xlsx|材料1|1796,材料1|70|三角波|52|-11,3,q4-ridge-fold-3,True
附件一（训练集）.xlsx|材料1|2164,材料1|90|三角波|54|-16,3,q4-ridge-fold-3,True
附件一（训练集）.xlsx|材料3|2625,材料3|70|梯形波|46|-9,4,q4-ridge-fold-4,True
附件一（训练集）.xlsx|材料4|728,材料4|90|正弦波|51|-19,3,q4-ridge-fold-3,True
附件一（训练集）.xlsx|材料1|1013,材料1|90|正弦波|53|-17,2,q4-ridge-fold-2,True
附件一（训练集）.xlsx|材料1|2394,材料1|25|梯形波|48|-14,0,q4-ridge-fold-0,True
附件一（训练集）.xlsx|材料3|1970,材料3|90|三角波|50|-10,4,q4-ridge-fold-4,True
附件一（训练集）.xlsx|材料1|2342,材料1|25|三角波|55|-10,2,q4-ridge-fold-2,True
附件一（训练集）.xlsx|材料4|1247,材料4|50|三角波|52|-18,0,q4-ridge-fold-0,True
附件一（训练集）.xlsx|材料3|1824,材料3|90|三角波|50|-7,3,q4-ridge-fold-3,True
附件一（训练集）.xlsx|材料1|1466,材料1|50|三角波|52|-20,4,q4-ridge-fold-4,True
附件一（训练集）.xlsx|材料1|435,材料1|50|正弦波|52|-19,2,q4-ridge-fold-2,True
附件一（训练集）.xlsx|材料4|2103,材料4|25|梯形波|46|-9,2,q4-ridge-fold-2,True
附件一（训练集）.xlsx|材料3|466,材料3|50|正弦波|49|-18,4,q4-ridge-fold-4,True
附件一（训练集）.xlsx|材料3|1159,材料3|25|三角波|50|-15,4,q4-ridge-fold-4,True
附件一（训练集）.xlsx|材料4|602,材料4|70|正弦波|55|-13,1,q4-ridge-fold-1,True
附件一（训练集）.xlsx|材料2|2780,材料2|90|梯形波|48|-9,1,q4-ridge-fold-1,True
附件一（训练集）.xlsx|材料1|3073,材料1|70|梯形波|53|-17,3,q4-ridge-fold-3,True
附件一（训练集）.xlsx|材料1|2608,材料1|50|三角波|55|-11,4,q4-ridge-fold-4,True
附件一（训练集）.xlsx|材料2|180,材料2|70|正弦波|46|-17,1,q4-ridge-fold-1,True
附件一（训练集）.xlsx|材料4|37,材料4|25|正弦波|49|-18,4,q4-ridge-fold-4,True
附件一（训练集）.xlsx|材料4|815,材料4|90|正弦波|55|-20,1,q4-ridge-fold-1,True
附件一（训练集）.xlsx|材料3|2620,材料3|70|三角波|55|-11,1,q4-ridge-fold-1,True
附件一（训练集）.xlsx|材料2|2296,材料2|50|梯形波|48|-16,0,q4-ridge-fold-0,True
附件一（训练集）.xlsx|材料1|2675,材料1|50|梯形波|48|-6,2,q4-ridge-fold-2,True
附件一（训练集）.xlsx|材料2|2036,材料2|90|三角波|55|-9,0,q4-ridge-fold-0,True
附件一（训练集）.xlsx|材料1|2839,材料1|50|梯形波|54|-10,4,q4-ridge-fold-4,True
附件一（训练集）.xlsx|材料3|1261,材料3|25|三角波|55|-16,1,q4-ridge-fold-1,True
附件一（训练集）.xlsx|材料3|2998,材料3|90|梯形波|55|-14,2,q4-ridge-fold-2,True
附件一（训练集）.xlsx|材料4|804,材料4|90|正弦波|54|-16,3,q4-ridge-fold-3,True
附件一（训练集）.xlsx|材料2|509,材料2|50|正弦波|49|-11,3,q4-ridge-fold-3,True
附件一（训练集）.xlsx|材料3|497,材料3|25|正弦波|47|-17,0,q4-ridge-fold-0,True
附件一（训练集）.xlsx|材料1|3119,材料1|70|梯形波|54|-13,1,q4-ridge-fold-1,True
附件一（训练集）.xlsx|材料1|3133,材料1|90|三角波|55|-10,3,q4-ridge-fold-3,True
附件一（训练集）.xlsx|材料4|957,材料4|25|三角波|52|-20,0,q4-ridge-fold-0,True
附件一（训练集）.xlsx|材料1|3311,材料1|90|梯形波|52|-14,3,q4-ridge-fold-3,True
附件一（训练集）.xlsx|材料1|1505,材料1|50|三角波|53|-20,4,q4-ridge-fold-4,True
附件一（训练集）.xlsx|材料4|238,材料4|50|正弦波|49|-17,3,q4-ridge-fold-3,True
附件一（训练集）.xlsx|材料2|1319,材料2|25|三角波|55|-17,4,q4-ridge-fold-4,True
附件一（训练集）.xlsx|材料3|393,材料3|70|正弦波|46|-14,0,q4-ridge-fold-0,True
附件一（训练集）.xlsx|材料4|2605,材料4|90|三角波|55|-10,0,q4-ridge-fold-0,True
附件一（训练集）.xlsx|材料2|1214,材料2|25|三角波|48|-8,1,q4-ridge-fold-1,True
附件一（训练集）.xlsx|材料2|2588,材料2|70|梯形波|55|-18,3,q4-ridge-fold-3,True
附件一（训练集）.xlsx|材料1|1585,材料1|50|三角波|55|-16,1,q4-ridge-fold-1,True
附件一（训练集）.xlsx|材料1|588,材料1|70|正弦波|48|-9,4,q4-ridge-fold-4,True
附件一（训练集）.xlsx|材料2|2739,材料2|70|梯形波|55|-16,4,q4-ridge-fold-4,True
附件一（训练集）.xlsx|材料3|1191,材料3|25|三角波|55|-13,1,q4-ridge-fold-1,True
附件一（训练集）.xlsx|材料1|946,材料1|90|正弦波|51|-13,4,q4-ridge-fold-4,True
附件一（训练集）.xlsx|材料4|281,材料4|50|正弦波|50|-13,1,q4-ridge-fold-1,True
附件一（训练集）.xlsx|材料1|2169,材料1|90|三角波|54|-12,4,q4-ridge-fold-4,True
附件一（训练集）.xlsx|材料4|583,材料4|70|正弦波|53|-14,2,q4-ridge-fold-2,True
附件一（训练集）.xlsx|材料4|45,材料4|25|正弦波|49|-13,1,q4-ridge-fold-1,True
附件一（训练集）.xlsx|材料1|1991,材料1|70|三角波|49|-11,4,q4-ridge-fold-4,True
附件一（训练集）.xlsx|材料1|1764,材料1|70|三角波|52|-17,0,q4-ridge-fold-0,True
附件一（训练集）.xlsx|材料2|12,材料2|25|正弦波|47|-14,1,q4-ridge-fold-1,True
附件一（训练集）.xlsx|材料4|1244,材料4|50|三角波|52|-20,0,q4-ridge-fold-0,True
附件一（训练集）.xlsx|材料3|3075,材料3|90|梯形波|54|-12,0,q4-ridge-fold-0,True
附件一（训练集）.xlsx|材料3|1190,材料3|25|三角波|55|-15,4,q4-ridge-fold-4,True
附件一（训练集）.xlsx|材料4|119,材料4|25|正弦波|52|-18,0,q4-ridge-fold-0,True
附件一（训练集）.xlsx|材料4|1557,材料4|70|三角波|55|-17,4,q4-ridge-fold-4,True
附件一（训练集）.xlsx|材料4|2432,材料4|70|三角波|52|-15,2,q4-ridge-fold-2,True
附件一（训练集）.xlsx|材料3|751,材料3|90|正弦波|49|-14,4,q4-ridge-fold-4,True
附件一（训练集）.xlsx|材料4|2074,材料4|25|三角波|55|-20,0,q4-ridge-fold-0,True
附件一（训练集）.xlsx|材料1|2232,材料1|90|三角波|56|-19,4,q4-ridge-fold-4,True
附件一（训练集）.xlsx|材料2|1830,材料2|90|三角波|54|-13,1,q4-ridge-fold-1,True
附件一（训练集）.xlsx|材料1|3012,材料1|70|梯形波|51|-10,4,q4-ridge-fold-4,True
附件一（训练集）.xlsx|材料2|1869,材料2|90|三角波|52|-16,4,q4-ridge-fold-4,True
附件一（训练集）.xlsx|材料1|273,材料1|50|正弦波|46|-16,4,q4-ridge-fold-4,True
附件一（训练集）.xlsx|材料3|1813,材料3|90|三角波|49|-11,1,q4-ridge-fold-1,True
附件一（训练集）.xlsx|材料3|2400,材料3|50|梯形波|55|-13,3,q4-ridge-fold-3,True
附件一（训练集）.xlsx|材料2|759,材料2|70|正弦波|55|-17,0,q4-ridge-fold-0,True
附件一（训练集）.xlsx|材料3|1394,材料3|50|三角波|49|-10,1,q4-ridge-fold-1,True
附件一（训练集）.xlsx|材料2|1588,材料2|70|三角波|52|-11,1,q4-ridge-fold-1,True
附件一（训练集）.xlsx|材料4|2472,材料4|70|梯形波|47|-11,1,q4-ridge-fold-1,True
附件一（训练集）.xlsx|材料2|422,材料2|70|正弦波|55|-12,0,q4-ridge-fold-0,True
附件一（训练集）.xlsx|材料1|1477,材料1|50|三角波|52|-14,0,q4-ridge-fold-0,True
附件一（训练集）.xlsx|材料2|2154,材料2|25|梯形波|52|-12,2,q4-ridge-fold-2,True
附件一（训练集）.xlsx|材料3|1552,材料3|70|三角波|56|-19,4,q4-ridge-fold-4,True
附件一（训练集）.xlsx|材料3|1337,材料3|50|三角波|50|-11,3,q4-ridge-fold-3,True
附件一（训练集）.xlsx|材料4|1988,材料4|25|三角波|55|-11,0,q4-ridge-fold-0,True
附件一（训练集）.xlsx|材料3|2146,材料3|25|梯形波|52|-14,3,q4-ridge-fold-3,True
附件一（训练集）.xlsx|材料1|1065,材料1|90|正弦波|55|-14,4,q4-ridge-fold-4,True
附件一（训练集）.xlsx|材料2|2936,材料2|90|梯形波|49|-12,0,q4-ridge-fold-0,True
附件一（训练集）.xlsx|材料1|109,材料1|25|正弦波|49|-18,4,q4-ridge-fold-4,True
附件一（训练集）.xlsx|材料3|1850,材料3|90|三角波|54|-10,3,q4-ridge-fold-3,True
附件一（训练集）.xlsx|材料3|2422,材料3|50|梯形波|49|-13,3,q4-ridge-fold-3,True
附件一（训练集）.xlsx|材料2|929,材料2|50|正弦波|49|-16,2,q4-ridge-fold-2,True
附件一（训练集）.xlsx|材料1|3203,材料1|90|梯形波|48|-9,3,q4-ridge-fold-3,True
附件一（训练集）.xlsx|材料4|1771,材料4|90|三角波|53|-20,2,q4-ridge-fold-2,True
附件一（训练集）.xlsx|材料3|487,材料3|70|正弦波|50|-14,4,q4-ridge-fold-4,True
附件一（训练集）.xlsx|材料3|758,材料3|90|正弦波|50|-17,2,q4-ridge-fold-2,True
附件一（训练集）.xlsx|材料3|1007,材料3|25|正弦波|52|-13,1,q4-ridge-fold-1,True
附件一（训练集）.xlsx|材料2|1873,材料2|90|三角波|52|-8,1,q4-ridge-fold-1,True
附件一（训练集）.xlsx|材料2|1137,材料2|25|三角波|55|-19,0,q4-ridge-fold-0,True
附件一（训练集）.xlsx|材料3|2566,材料3|50|梯形波|55|-10,2,q4-ridge-fold-2,True
附件一（训练集）.xlsx|材料3|1648,材料3|70|三角波|52|-11,0,q4-ridge-fold-0,True
附件一（训练集）.xlsx|材料4|256,材料4|50|正弦波|49|-10,4,q4-ridge-fold-4,True
附件一（训练集）.xlsx|材料1|880,材料1|90|正弦波|49|-12,4,q4-ridge-fold-4,True
附件一（训练集）.xlsx|材料4|2581,材料4|70|梯形波|52|-16,2,q4-ridge-fold-2,True
附件一（训练集）.xlsx|材料4|873,材料4|25|正弦波|55|-15,2,q4-ridge-fold-2,True
附件一（训练集）.xlsx|材料4|843,材料4|70|正弦波|48|-14,4,q4-ridge-fold-4,True
附件一（训练集）.xlsx|材料2|1969,材料2|90|三角波|55|-18,0,q4-ridge-fold-0,True
附件一（训练集）.xlsx|材料4|2343,材料4|50|梯形波|50|-12,3,q4-ridge-fold-3,True
附件一（训练集）.xlsx|材料3|1338,材料3|50|三角波|50|-10,1,q4-ridge-fold-1,True
附件一（训练集）.xlsx|材料4|1506,材料4|70|三角波|52|-20,3,q4-ridge-fold-3,True
附件一（训练集）.xlsx|材料3|1476,材料3|50|三角波|52|-13,0,q4-ridge-fold-0,True
附件一（训练集）.xlsx|材料2|2560,材料2|70|梯形波|52|-10,3,q4-ridge-fold-3,True
附件一（训练集）.xlsx|材料3|2605,材料3|70|三角波|55|-14,4,q4-ridge-fold-4,True
附件一（训练集）.xlsx|材料4|920,材料4|25|三角波|50|-14,4,q4-ridge-fold-4,True
附件一（训练集）.xlsx|材料3|2873,材料3|70|梯形波|55|-17,3,q4-ridge-fold-3,True
附件一（训练集）.xlsx|材料4|2665,材料4|90|梯形波|48|-14,2,q4-ridge-fold-2,True
附件一（训练集）.xlsx|材料3|2727,材料3|70|梯形波|51|-15,2,q4-ridge-fold-2,True
附件一（训练集）.xlsx|材料1|2551,材料1|25|梯形波|53|-13,1,q4-ridge-fold-1,True
附件一（训练集）.xlsx|材料4|1907,材料4|90|三角波|49|-11,2,q4-ridge-fold-2,True
附件一（训练集）.xlsx|材料3|1322,材料3|50|三角波|49|-14,0,q4-ridge-fold-0,True
附件一（训练集）.xlsx|材料4|1523,材料4|70|三角波|53|-17,2,q4-ridge-fold-2,True
附件一（训练集）.xlsx|材料4|1073,材料4|25|三角波|56|-20,0,q4-ridge-fold-0,True
附件一（训练集）.xlsx|材料2|1661,材料2|70|三角波|54|-18,0,q4-ridge-fold-0,True
附件一（训练集）.xlsx|材料1|202,材料1|25|正弦波|52|-12,3,q4-ridge-fold-3,True
附件一（训练集）.xlsx|材料1|3362,材料1|90|梯形波|54|-15,0,q4-ridge-fold-0,True
附件一（训练集）.xlsx|材料2|1861,材料2|90|三角波|49|-10,3,q4-ridge-fold-3,True
附件一（训练集）.xlsx|材料2|97,材料2|50|正弦波|46|-11,1,q4-ridge-fold-1,True
附件一（训练集）.xlsx|材料4|259,材料4|50|正弦波|49|-18,0,q4-ridge-fold-0,True
附件一（训练集）.xlsx|材料2|677,材料2|50|正弦波|55|-14,0,q4-ridge-fold-0,True
附件一（训练集）.xlsx|材料4|1779,材料4|90|三角波|53|-16,1,q4-ridge-fold-1,True
附件一（训练集）.xlsx|材料4|2360,材料4|50|梯形波|51|-20,4,q4-ridge-fold-4,True
附件一（训练集）.xlsx|材料3|3035,材料3|90|梯形波|49|-12,2,q4-ridge-fold-2,True
附件一（训练集）.xlsx|材料1|904,材料1|90|正弦波|49|-7,0,q4-ridge-fold-0,True
附件一（训练集）.xlsx|材料2|125,材料2|50|正弦波|49|-10,0,q4-ridge-fold-0,True
附件一（训练集）.xlsx|材料3|2478,材料3|50|梯形波|55|-19,4,q4-ridge-fold-4,True
附件一（训练集）.xlsx|材料4|2212,材料4|50|三角波|55|-13,0,q4-ridge-fold-0,True
附件一（训练集）.xlsx|材料3|695,材料3|70|正弦波|52|-18,2,q4-ridge-fold-2,True
附件一（训练集）.xlsx|材料2|734,材料2|70|正弦波|52|-20,3,q4-ridge-fold-3,True
附件一（训练集）.xlsx|材料3|1758,材料3|90|三角波|52|-13,0,q4-ridge-fold-0,True
附件一（训练集）.xlsx|材料1|1818,材料1|70|三角波|52|-10,4,q4-ridge-fold-4,True
附件一（训练集）.xlsx|材料1|3386,材料1|90|梯形波|54|-11,4,q4-ridge-fold-4,True
附件一（训练集）.xlsx|材料1|1024,材料1|90|正弦波|53|-9,1,q4-ridge-fold-1,True
附件一（训练集）.xlsx|材料4|992,材料4|25|三角波|52|-16,4,q4-ridge-fold-4,True
附件一（训练集）.xlsx|材料4|2207,材料4|50|三角波|55|-16,0,q4-ridge-fold-0,True
附件一（训练集）.xlsx|材料3|1217,材料3|25|三角波|49|-13,3,q4-ridge-fold-3,True
附件一（训练集）.xlsx|材料2|1486,材料2|50|三角波|54|-8,2,q4-ridge-fold-2,True
附件一（训练集）.xlsx|材料2|1065,材料2|25|正弦波|52|-9,1,q4-ridge-fold-1,True
附件一（训练集）.xlsx|材料2|2325,材料2|50|梯形波|52|-7,4,q4-ridge-fold-4,True
附件一（训练集）.xlsx|材料2|788,材料2|90|正弦波|49|-11,1,q4-ridge-fold-1,True
附件一（训练集）.xlsx|材料3|1477,材料3|50|三角波|52|-12,3,q4-ridge-fold-3,True
附件一（训练集）.xlsx|材料2|289,材料2|90|正弦波|49|-18,0,q4-ridge-fold-0,True
附件一（训练集）.xlsx|材料3|1430,材料3|50|三角波|55|-11,4,q4-ridge-fold-4,True
附件一（训练集）.xlsx|材料3|101,材料3|50|正弦波|47|-11,2,q4-ridge-fold-2,True
附件一（训练集）.xlsx|材料3|1632,材料3|70|三角波|49|-6,2,q4-ridge-fold-2,True
附件一（训练集）.xlsx|材料4|616,材料4|70|正弦波|55|-16,3,q4-ridge-fold-3,True
附件一（训练集）.xlsx|材料4|1667,材料4|70|三角波|50|-14,3,q4-ridge-fold-3,True
附件一（训练集）.xlsx|材料1|614,材料1|70|正弦波|49|-9,2,q4-ridge-fold-2,True
附件一（训练集）.xlsx|材料4|1133,材料4|25|三角波|49|-9,1,q4-ridge-fold-1,True
附件一（训练集）.xlsx|材料4|1328,材料4|50|三角波|56|-15,1,q4-ridge-fold-1,True
附件一（训练集）.xlsx|材料3|2920,材料3|90|三角波|55|-13,2,q4-ridge-fold-2,True
附件一（训练集）.xlsx|材料4|2128,材料4|25|梯形波|48|-10,2,q4-ridge-fold-2,True
附件一（训练集）.xlsx|材料2|1344,材料2|50|三角波|52|-9,0,q4-ridge-fold-0,True
附件一（训练集）.xlsx|材料3|2907,材料3|90|三角波|55|-14,3,q4-ridge-fold-3,True
附件一（训练集）.xlsx|材料2|374,材料2|50|正弦波|49|-14,1,q4-ridge-fold-1,True
附件一（训练集）.xlsx|材料2|556,材料2|25|正弦波|52|-13,0,q4-ridge-fold-0,True
附件一（训练集）.xlsx|材料4|2764,材料4|90|梯形波|52|-19,2,q4-ridge-fold-2,True
附件一（训练集）.xlsx|材料2|140,材料2|50|正弦波|52|-16,3,q4-ridge-fold-3,True
附件一（训练集）.xlsx|材料2|1127,材料2|25|三角波|54|-16,0,q4-ridge-fold-0,True
附件一（训练集）.xlsx|材料2|2509,材料2|50|梯形波|47|-12,2,q4-ridge-fold-2,True
附件一（训练集）.xlsx|材料1|2324,材料1|25|三角波|55|-11,3,q4-ridge-fold-3,True
附件一（训练集）.xlsx|材料2|1615,材料2|70|三角波|55|-12,0,q4-ridge-fold-0,True
附件一（训练集）.xlsx|材料4|1299,材料4|50|三角波|55|-19,0,q4-ridge-fold-0,True
附件一（训练集）.xlsx|材料3|2738,材料3|70|梯形波|52|-16,3,q4-ridge-fold-3,True
附件一（训练集）.xlsx|材料1|2471,材料1|25|梯形波|51|-9,2,q4-ridge-fold-2,True
附件一（训练集）.xlsx|材料2|894,材料2|25|正弦波|49|-13,0,q4-ridge-fold-0,True
附件一（训练集）.xlsx|材料2|2744,材料2|70|梯形波|56|-19,4,q4-ridge-fold-4,True
附件一（训练集）.xlsx|材料1|3157,材料1|90|三角波|55|-18,3,q4-ridge-fold-3,True
附件一（训练集）.xlsx|材料2|1150,材料2|25|三角波|49|-11,0,q4-ridge-fold-0,True
附件一（训练集）.xlsx|材料1|3369,材料1|90|梯形波|54|-10,2,q4-ridge-fold-2,True
附件一（训练集）.xlsx|材料3|3102,材料3|90|梯形波|56|-16,0,q4-ridge-fold-0,True
附件一（训练集）.xlsx|材料3|1549,材料3|70|三角波|55|-12,2,q4-ridge-fold-2,True
附件一（训练集）.xlsx|材料2|1130,材料2|25|三角波|54|-11,1,q4-ridge-fold-1,True
附件一（训练集）.xlsx|材料4|1036,材料4|25|三角波|54|-15,1,q4-ridge-fold-1,True
附件一（训练集）.xlsx|材料2|1244,材料2|25|三角波|54|-15,3,q4-ridge-fold-3,True
附件一（训练集）.xlsx|材料1|3185,材料1|90|梯形波|48|-13,3,q4-ridge-fold-3,True
附件一（训练集）.xlsx|材料4|2474,材料4|70|梯形波|47|-10,3,q4-ridge-fold-3,True
附件一（训练集）.xlsx|材料2|1966,材料2|90|三角波|55|-11,0,q4-ridge-fold-0,True
附件一（训练集）.xlsx|材料3|2608,材料3|70|三角波|55|-10,4,q4-ridge-fold-4,True
附件一（训练集）.xlsx|材料2|1363,材料2|50|三角波|55|-17,3,q4-ridge-fold-3,True
附件一（训练集）.xlsx|材料3|1736,材料3|70|三角波|55|-10,4,q4-ridge-fold-4,True
附件一（训练集）.xlsx|材料3|493,材料3|25|正弦波|46|-16,4,q4-ridge-fold-4,True
附件一（训练集）.xlsx|材料1|1889,材料1|70|三角波|55|-12,1,q4-ridge-fold-1,True
附件一（训练集）.xlsx|材料2|2032,材料2|90|三角波|55|-13,1,q4-ridge-fold-1,True
附件一（训练集）.xlsx|材料2|1297,材料2|25|三角波|52|-16,1,q4-ridge-fold-1,True
附件一（训练集）.xlsx|材料1|2209,材料1|90|三角波|55|-15,0,q4-ridge-fold-0,True
附件一（训练集）.xlsx|材料1|2061,材料1|90|三角波|51|-16,1,q4-ridge-fold-1,True
附件一（训练集）.xlsx|材料3|1471,材料3|50|三角波|50|-7,2,q4-ridge-fold-2,True
附件一（训练集）.xlsx|材料4|1635,材料4|70|三角波|49|-13,0,q4-ridge-fold-0,True
附件一（训练集）.xlsx|材料3|2479,材料3|50|梯形波|55|-18,1,q4-ridge-fold-1,True
附件一（训练集）.xlsx|材料4|349,材料4|50|正弦波|52|-13,0,q4-ridge-fold-0,True
附件一（训练集）.xlsx|材料4|1673,材料4|90|三角波|47|-14,1,q4-ridge-fold-1,True
附件一（训练集）.xlsx|材料1|3365,材料1|90|梯形波|54|-13,2,q4-ridge-fold-2,True
附件一（训练集）.xlsx|材料3|1702,材料3|70|三角波|49|-7,0,q4-ridge-fold-0,True
附件一（训练集）.xlsx|材料4|2502,材料4|70|梯形波|48|-7,0,q4-ridge-fold-0,True
附件一（训练集）.xlsx|材料3|1860,材料3|90|三角波|55|-20,0,q4-ridge-fold-0,True
附件一（训练集）.xlsx|材料2|266,材料2|70|正弦波|55|-14,4,q4-ridge-fold-4,True
附件一（训练集）.xlsx|材料1|908,材料1|90|正弦波|50|-16,4,q4-ridge-fold-4,True
附件一（训练集）.xlsx|材料4|2574,材料4|70|梯形波|52|-10,2,q4-ridge-fold-2,True
附件一（训练集）.xlsx|材料2|171,材料2|50|正弦波|55|-17,2,q4-ridge-fold-2,True
附件一（训练集）.xlsx|材料1|1031,材料1|90|正弦波|53|-16,1,q4-ridge-fold-1,True
附件一（训练集）.xlsx|材料2|1303,材料2|25|三角波|52|-6,0,q4-ridge-fold-0,True
附件一（训练集）.xlsx|材料1|2963,材料1|70|梯形波|49|-11,3,q4-ridge-fold-3,True
附件一（训练集）.xlsx|材料4|2368,材料4|50|梯形波|51|-14,4,q4-ridge-fold-4,True
附件一（训练集）.xlsx|材料1|432,材料1|50|正弦波|51|-8,0,q4-ridge-fold-0,True
附件一（训练集）.xlsx|材料2|391,材料2|90|正弦波|52|-20,4,q4-ridge-fold-4,True
附件一（训练集）.xlsx|材料1|1320,材料1|25|三角波|47|-7,2,q4-ridge-fold-2,True
附件一（训练集）.xlsx|材料4|2434,材料4|70|三角波|55|-19,2,q4-ridge-fold-2,True
附件一（训练集）.xlsx|材料2|1566,材料2|50|三角波|56|-19,4,q4-ridge-fold-4,True
附件一（训练集）.xlsx|材料1|1123,材料1|25|三角波|51|-16,3,q4-ridge-fold-3,True
附件一（训练集）.xlsx|材料1|2157,材料1|90|三角波|54|-20,4,q4-ridge-fold-4,True
附件一（训练集）.xlsx|材料4|1524,材料4|70|三角波|53|-17,2,q4-ridge-fold-2,True
附件一（训练集）.xlsx|材料1|2522,材料1|25|梯形波|52|-10,2,q4-ridge-fold-2,True
附件一（训练集）.xlsx|材料4|364,材料4|50|正弦波|53|-20,0,q4-ridge-fold-0,True
附件一（训练集）.xlsx|材料3|1150,材料3|25|三角波|49|-15,0,q4-ridge-fold-0,True
附件一（训练集）.xlsx|材料4|1922,材料4|90|三角波|50|-14,3,q4-ridge-fold-3,True
附件一（训练集）.xlsx|材料1|1669,材料1|50|三角波|49|-12,3,q4-ridge-fold-3,True
附件一（训练集）.xlsx|材料2|329,材料2|90|正弦波|52|-10,0,q4-ridge-fold-0,True
附件一（训练集）.xlsx|材料2|550,材料2|25|正弦波|50|-9,0,q4-ridge-fold-0,True
附件一（训练集）.xlsx|材料4|382,材料4|50|正弦波|54|-13,4,q4-ridge-fold-4,True
附件一（训练集）.xlsx|材料2|2703,材料2|70|梯形波|51|-7,0,q4-ridge-fold-0,True
附件一（训练集）.xlsx|材料2|2939,材料2|90|梯形波|49|-8,3,q4-ridge-fold-3,True
附件一（训练集）.xlsx|材料4|1674,材料4|90|三角波|47|-13,0,q4-ridge-fold-0,True
附件一（训练集）.xlsx|材料2|2967,材料2|90|梯形波|54|-11,1,q4-ridge-fold-1,True
附件一（训练集）.xlsx|材料4|810,材料4|90|正弦波|55|-15,3,q4-ridge-fold-3,True
附件一（训练集）.xlsx|材料1|2604,材料1|50|三角波|55|-16,1,q4-ridge-fold-1,True
附件一（训练集）.xlsx|材料4|864,材料4|25|正弦波|55|-16,2,q4-ridge-fold-2,True
附件一（训练集）.xlsx|材料3|2339,材料3|50|梯形波|49|-16,3,q4-ridge-fold-3,True
附件一（训练集）.xlsx|材料2|1590,材料2|70|三角波|52|-10,2,q4-ridge-fold-2,True
附件一（训练集）.xlsx|材料4|1280,材料4|50|三角波|53|-12,0,q4-ridge-fold-0,True
附件一（训练集）.xlsx|材料4|905,材料4|25|三角波|48|-13,0,q4-ridge-fold-0,True
附件一（训练集）.xlsx|材料3|2626,材料3|70|梯形波|46|-7,1,q4-ridge-fold-1,True
附件一（训练集）.xlsx|材料1|566,材料1|70|正弦波|47|-14,0,q4-ridge-fold-0,True
附件一（训练集）.xlsx|材料4|2426,材料4|70|三角波|52|-17,0,q4-ridge-fold-0,True
附件一（训练集）.xlsx|材料3|1611,材料3|70|三角波|55|-20,4,q4-ridge-fold-4,True
附件一（训练集）.xlsx|材料4|338,材料4|50|正弦波|52|-20,4,q4-ridge-fold-4,True
附件一（训练集）.xlsx|材料3|1045,材料3|25|三角波|55|-20,1,q4-ridge-fold-1,True
附件一（训练集）.xlsx|材料4|310,材料4|50|正弦波|51|-12,0,q4-ridge-fold-0,True
附件一（训练集）.xlsx|材料1|1467,材料1|50|三角波|52|-20,4,q4-ridge-fold-4,True
附件一（训练集）.xlsx|材料4|2125,材料4|25|梯形波|48|-12,0,q4-ridge-fold-0,True
附件一（训练集）.xlsx|材料3|3003,材料3|90|梯形波|55|-19,0,q4-ridge-fold-0,True
附件一（训练集）.xlsx|材料2|1825,材料2|90|三角波|52|-10,1,q4-ridge-fold-1,True
附件一（训练集）.xlsx|材料3|928,材料3|70|正弦波|50|-9,4,q4-ridge-fold-4,True
附件一（训练集）.xlsx|材料2|1377,材料2|50|三角波|56|-19,4,q4-ridge-fold-4,True
附件一（训练集）.xlsx|材料4|2660,材料4|90|梯形波|47|-7,3,q4-ridge-fold-3,True
附件一（训练集）.xlsx|材料2|2708,材料2|70|梯形波|52|-10,3,q4-ridge-fold-3,True
附件一（训练集）.xlsx|材料4|827,材料4|90|正弦波|55|-19,1,q4-ridge-fold-1,True
附件一（训练集）.xlsx|材料1|487,材料1|50|正弦波|53|-19,1,q4-ridge-fold-1,True
附件一（训练集）.xlsx|材料4|1731,材料4|90|三角波|52|-18,1,q4-ridge-fold-1,True
附件一（训练集）.xlsx|材料2|446,材料2|90|正弦波|49|-17,1,q4-ridge-fold-1,True
附件一（训练集）.xlsx|材料4|1535,材料4|70|三角波|54|-18,4,q4-ridge-fold-4,True
附件一（训练集）.xlsx|材料3|97,材料3|50|正弦波|47|-18,3,q4-ridge-fold-3,True
附件一（训练集）.xlsx|材料1|1064,材料1|90|正弦波|55|-14,4,q4-ridge-fold-4,True
附件一（训练集）.xlsx|材料1|3246,材料1|90|梯形波|50|-9,2,q4-ridge-fold-2,True
附件一（训练集）.xlsx|材料4|1261,材料4|50|三角波|52|-16,0,q4-ridge-fold-0,True
附件一（训练集）.xlsx|材料4|819,材料4|90|正弦波|55|-17,2,q4-ridge-fold-2,True
附件一（训练集）.xlsx|材料2|1677,材料2|70|三角波|55|-10,3,q4-ridge-fold-3,True
附件一（训练集）.xlsx|材料2|1067,材料2|25|正弦波|52|-20,4,q4-ridge-fold-4,True
附件一（训练集）.xlsx|材料4|305,材料4|50|正弦波|51|-15,1,q4-ridge-fold-1,True
附件一（训练集）.xlsx|材料2|2219,材料2|25|梯形波|51|-15,0,q4-ridge-fold-0,True
附件一（训练集）.xlsx|材料1|1117,材料1|25|三角波|50|-7,4,q4-ridge-fold-4,True
附件一（训练集）.xlsx|材料2|310,材料2|90|正弦波|50|-8,0,q4-ridge-fold-0,True
附件一（训练集）.xlsx|材料1|275,材料1|50|正弦波|46|-15,0,q4-ridge-fold-0,True
附件一（训练集）.xlsx|材料3|1172,材料3|25|三角波|52|-16,1,q4-ridge-fold-1,True
附件一（训练集）.xlsx|材料1|1599,材料1|50|三角波|55|-16,1,q4-ridge-fold-1,True
附件一（训练集）.xlsx|材料1|1612,材料1|50|三角波|56|-17,1,q4-ridge-fold-1,True
附件一（训练集）.xlsx|材料2|2869,材料2|90|梯形波|51|-6,4,q4-ridge-fold-4,True
附件一（训练集）.xlsx|材料4|907,材料4|25|三角波|48|-12,0,q4-ridge-fold-0,True
附件一（训练集）.xlsx|材料1|3359,材料1|90|梯形波|54|-18,0,q4-ridge-fold-0,True
附件一（训练集）.xlsx|材料2|996,材料2|25|正弦波|52|-17,2,q4-ridge-fold-2,True
附件一（训练集）.xlsx|材料1|2868,材料1|70|三角波|55|-8,2,q4-ridge-fold-2,True
附件一（训练集）.xlsx|材料4|2288,材料4|50|梯形波|48|-9,4,q4-ridge-fold-4,True
附件一（训练集）.xlsx|材料3|1002,材料3|25|正弦波|52|-18,3,q4-ridge-fold-3,True
附件一（训练集）.xlsx|材料3|1212,材料3|25|三角波|48|-11,0,q4-ridge-fold-0,True
附件一（训练集）.xlsx|材料2|1176,材料2|25|三角波|52|-11,2,q4-ridge-fold-2,True
附件一（训练集）.xlsx|材料2|470,材料2|25|正弦波|50|-18,0,q4-ridge-fold-0,True
附件一（训练集）.xlsx|材料3|680,材料3|70|正弦波|49|-14,0,q4-ridge-fold-0,True
附件一（训练集）.xlsx|材料1|3245,材料1|90|梯形波|50|-9,2,q4-ridge-fold-2,True
附件一（训练集）.xlsx|材料2|2409,材料2|50|梯形波|55|-14,0,q4-ridge-fold-0,True
附件一（训练集）.xlsx|材料3|515,材料3|25|正弦波|49|-14,2,q4-ridge-fold-2,True
附件一（训练集）.xlsx|材料1|1497,材料1|50|三角波|52|-13,4,q4-ridge-fold-4,True
附件一（训练集）.xlsx|材料4|350,材料4|50|正弦波|52|-13,0,q4-ridge-fold-0,True
附件一（训练集）.xlsx|材料4|2199,材料4|50|三角波|55|-12,4,q4-ridge-fold-4,True
附件一（训练集）.xlsx|材料2|1356,材料2|50|三角波|54|-16,2,q4-ridge-fold-2,True
附件一（训练集）.xlsx|材料2|713,材料2|70|正弦波|49|-14,0,q4-ridge-fold-0,True
附件一（训练集）.xlsx|材料4|877,材料4|25|正弦波|55|-17,2,q4-ridge-fold-2,True
附件一（训练集）.xlsx|材料1|2766,材料1|50|梯形波|52|-11,3,q4-ridge-fold-3,True
附件一（训练集）.xlsx|材料2|1157,材料2|25|三角波|49|-13,1,q4-ridge-fold-1,True
附件一（训练集）.xlsx|材料1|3344,材料1|90|梯形波|53|-16,2,q4-ridge-fold-2,True
附件一（训练集）.xlsx|材料3|765,材料3|90|正弦波|52|-13,4,q4-ridge-fold-4,True
附件一（训练集）.xlsx|材料2|201,材料2|70|正弦波|49|-12,3,q4-ridge-fold-3,True
附件一（训练集）.xlsx|材料2|27,材料2|25|正弦波|49|-17,4,q4-ridge-fold-4,True
附件一（训练集）.xlsx|材料3|450,材料3|90|正弦波|53|-18,0,q4-ridge-fold-0,True
附件一（训练集）.xlsx|材料4|343,材料4|50|正弦波|52|-16,4,q4-ridge-fold-4,True
附件一（训练集）.xlsx|材料3|1967,材料3|90|三角波|49|-7,3,q4-ridge-fold-3,True
附件一（训练集）.xlsx|材料1|915,材料1|90|正弦波|50|-12,1,q4-ridge-fold-1,True
附件一（训练集）.xlsx|材料4|2702,材料4|90|梯形波|49|-9,4,q4-ridge-fold-4,True
附件一（训练集）.xlsx|材料4|1556,材料4|70|三角波|55|-18,1,q4-ridge-fold-1,True
附件一（训练集）.xlsx|材料2|359,材料2|25|正弦波|49|-17,4,q4-ridge-fold-4,True
附件一（训练集）.xlsx|材料4|2517,材料4|70|梯形波|49|-17,2,q4-ridge-fold-2,True
附件一（训练集）.xlsx|材料4|2521,材料4|70|梯形波|49|-14,3,q4-ridge-fold-3,True
附件一（训练集）.xlsx|材料1|1783,材料1|70|三角波|52|-19,2,q4-ridge-fold-2,True
附件一（训练集）.xlsx|材料3|453,材料3|25|正弦波|47|-15,3,q4-ridge-fold-3,True
附件一（训练集）.xlsx|材料1|2903,材料1|70|梯形波|46|-7,3,q4-ridge-fold-3,True
附件一（训练集）.xlsx|材料1|1132,材料1|25|三角波|51|-11,4,q4-ridge-fold-4,True
附件一（训练集）.xlsx|材料4|469,材料4|70|正弦波|49|-16,4,q4-ridge-fold-4,True
附件一（训练集）.xlsx|材料1|2378,材料1|25|梯形波|46|-10,1,q4-ridge-fold-1,True
附件一（训练集）.xlsx|材料2|537,材料2|25|正弦波|49|-12,1,q4-ridge-fold-1,True
附件一（训练集）.xlsx|材料1|3008,材料1|70|梯形波|51|-13,0,q4-ridge-fold-0,True
附件一（训练集）.xlsx|材料2|2702,材料2|70|梯形波|51|-8,3,q4-ridge-fold-3,True
附件一（训练集）.xlsx|材料1|832,材料1|90|正弦波|47|-12,2,q4-ridge-fold-2,True
附件一（训练集）.xlsx|材料1|2497,材料1|25|梯形波|52|-16,3,q4-ridge-fold-3,True
附件一（训练集）.xlsx|材料4|174,材料4|25|正弦波|55|-18,2,q4-ridge-fold-2,True
附件一（训练集）.xlsx|材料2|2142,材料2|25|梯形波|49|-11,4,q4-ridge-fold-4,True
附件一（训练集）.xlsx|材料4|1791,材料4|90|三角波|54|-17,3,q4-ridge-fold-3,True
附件一（训练集）.xlsx|材料3|1342,材料3|50|三角波|52|-15,1,q4-ridge-fold-1,True
附件一（训练集）.xlsx|材料3|2457,材料3|50|梯形波|54|-19,0,q4-ridge-fold-0,True
附件一（训练集）.xlsx|材料3|661,材料3|70|正弦波|47|-16,1,q4-ridge-fold-1,True
附件一（训练集）.xlsx|材料1|1526,材料1|50|三角波|54|-19,0,q4-ridge-fold-0,True
附件一（训练集）.xlsx|材料4|1684,材料4|90|三角波|48|-18,1,q4-ridge-fold-1,True
附件一（训练集）.xlsx|材料2|320,材料2|90|正弦波|52|-10,0,q4-ridge-fold-0,True
附件一（训练集）.xlsx|材料4|1225,材料4|50|三角波|51|-16,2,q4-ridge-fold-2,True
附件一（训练集）.xlsx|材料4|2065,材料4|25|三角波|53|-18,0,q4-ridge-fold-0,True
附件一（训练集）.xlsx|材料3|764,材料3|90|正弦波|52|-16,1,q4-ridge-fold-1,True
附件一（训练集）.xlsx|材料1|21,材料1|25|正弦波|47|-12,0,q4-ridge-fold-0,True
附件一（训练集）.xlsx|材料3|2973,材料3|90|梯形波|52|-18,2,q4-ridge-fold-2,True
附件一（训练集）.xlsx|材料2|1389,材料2|50|三角波|49|-9,2,q4-ridge-fold-2,True
附件一（训练集）.xlsx|材料4|2015,材料4|25|三角波|55|-16,3,q4-ridge-fold-3,True
附件一（训练集）.xlsx|材料4|1955,材料4|25|三角波|52|-18,0,q4-ridge-fold-0,True
附件一（训练集）.xlsx|材料1|2486,材料1|25|梯形波|51|-11,4,q4-ridge-fold-4,True
附件一（训练集）.xlsx|材料1|2150,材料1|90|三角波|53|-14,2,q4-ridge-fold-2,True
附件一（训练集）.xlsx|材料1|313,材料1|50|正弦波|47|-9,2,q4-ridge-fold-2,True
附件一（训练集）.xlsx|材料1|3385,材料1|90|梯形波|54|-11,4,q4-ridge-fold-4,True
附件一（训练集）.xlsx|材料2|493,材料2|70|正弦波|50|-13,4,q4-ridge-fold-4,True
附件一（训练集）.xlsx|材料3|1679,材料3|70|三角波|55|-10,4,q4-ridge-fold-4,True
附件一（训练集）.xlsx|材料3|2229,材料3|25|梯形波|52|-13,4,q4-ridge-fold-4,True
附件一（训练集）.xlsx|材料1|664,材料1|70|正弦波|50|-10,4,q4-ridge-fold-4,True
附件一（训练集）.xlsx|材料4|2451,材料4|70|三角波|55|-17,4,q4-ridge-fold-4,True
附件一（训练集）.xlsx|材料2|1752,材料2|70|三角波|55|-11,0,q4-ridge-fold-0,True
附件一（训练集）.xlsx|材料2|654,材料2|50|正弦波|52|-10,2,q4-ridge-fold-2,True
附件一（训练集）.xlsx|材料3|16,材料3|25|正弦波|47|-11,4,q4-ridge-fold-4,True
附件一（训练集）.xlsx|材料2|257,材料2|70|正弦波|55|-14,4,q4-ridge-fold-4,True
附件一（训练集）.xlsx|材料2|2557,材料2|70|梯形波|52|-13,4,q4-ridge-fold-4,True
附件一（训练集）.xlsx|材料4|2460,材料4|70|梯形波|46|-15,3,q4-ridge-fold-3,True
附件一（训练集）.xlsx|材料1|1343,材料1|25|三角波|48|-12,1,q4-ridge-fold-1,True
附件一（训练集）.xlsx|材料3|391,材料3|70|正弦波|52|-15,4,q4-ridge-fold-4,True
附件一（训练集）.xlsx|材料4|1331,材料4|50|三角波|47|-14,1,q4-ridge-fold-1,True
附件一（训练集）.xlsx|材料3|1132,材料3|25|三角波|56|-18,1,q4-ridge-fold-1,True
附件一（训练集）.xlsx|材料1|2074,材料1|90|三角波|51|-10,1,q4-ridge-fold-1,True
附件一（训练集）.xlsx|材料3|1806,材料3|90|三角波|49|-8,2,q4-ridge-fold-2,True
附件一（训练集）.xlsx|材料3|1673,材料3|70|三角波|55|-19,2,q4-ridge-fold-2,True
附件一（训练集）.xlsx|材料2|1365,材料2|50|三角波|55|-15,1,q4-ridge-fold-1,True
附件一（训练集）.xlsx|材料1|1083,材料1|25|三角波|48|-13,3,q4-ridge-fold-3,True
附件一（训练集）.xlsx|材料1|1683,材料1|50|三角波|49|-11,2,q4-ridge-fold-2,True
附件一（训练集）.xlsx|材料3|1295,材料3|50|三角波|54|-15,0,q4-ridge-fold-0,True
附件一（训练集）.xlsx|材料1|2548,材料1|25|梯形波|53|-16,2,q4-ridge-fold-2,True
附件一（训练集）.xlsx|材料4|1397,材料4|50|三角波|49|-9,4,q4-ridge-fold-4,True
附件一（训练集）.xlsx|材料3|1716,材料3|70|三角波|52|-7,1,q4-ridge-fold-1,True
附件一（训练集）.xlsx|材料2|2558,材料2|70|梯形波|52|-12,2,q4-ridge-fold-2,True
附件一（训练集）.xlsx|材料4|2126,材料4|25|梯形波|48|-12,0,q4-ridge-fold-0,True
附件一（训练集）.xlsx|材料3|766,材料3|90|正弦波|52|-12,4,q4-ridge-fold-4,True
附件一（训练集）.xlsx|材料1|3236,材料1|90|梯形波|49|-6,2,q4-ridge-fold-2,True
附件一（训练集）.xlsx|材料3|1244,材料3|25|三角波|52|-17,2,q4-ridge-fold-2,True
附件一（训练集）.xlsx|材料3|1249,材料3|25|三角波|52|-7,4,q4-ridge-fold-4,True
附件一（训练集）.xlsx|材料1|1544,材料1|50|三角波|54|-19,0,q4-ridge-fold-0,True
附件一（训练集）.xlsx|材料1|1125,材料1|25|三角波|51|-15,4,q4-ridge-fold-4,True
附件一（训练集）.xlsx|材料4|1559,材料4|70|三角波|55|-15,1,q4-ridge-fold-1,True
附件一（训练集）.xlsx|材料2|2183,材料2|25|梯形波|55|-19,3,q4-ridge-fold-3,True
附件一（训练集）.xlsx|材料2|927,材料2|25|正弦波|50|-16,2,q4-ridge-fold-2,True
附件一（训练集）.xlsx|材料4|446,材料4|70|正弦波|48|-16,3,q4-ridge-fold-3,True
附件一（训练集）.xlsx|材料3|2415,材料3|50|梯形波|49|-10,4,q4-ridge-fold-4,True
附件一（训练集）.xlsx|材料3|989,材料3|25|正弦波|49|-12,0,q4-ridge-fold-0,True
附件一（训练集）.xlsx|材料4|2420,材料4|70|三角波|49|-14,0,q4-ridge-fold-0,True
附件一（训练集）.xlsx|材料4|1627,材料4|70|三角波|49|-7,0,q4-ridge-fold-0,True
附件一（训练集）.xlsx|材料2|496,材料2|70|正弦波|50|-11,4,q4-ridge-fold-4,True
附件一（训练集）.xlsx|材料2|120,材料2|50|正弦波|49|-16,2,q4-ridge-fold-2,True
附件一（训练集）.xlsx|材料2|816,材料2|90|正弦波|52|-13,0,q4-ridge-fold-0,True
附件一（训练集）.xlsx|材料1|451,材料1|50|正弦波|52|-9,1,q4-ridge-fold-1,True
附件一（训练集）.xlsx|材料1|2172,材料1|90|三角波|54|-11,2,q4-ridge-fold-2,True
附件一（训练集）.xlsx|材料2|2067,材料2|25|梯形波|48|-16,2,q4-ridge-fold-2,True
附件一（训练集）.xlsx|材料2|956,材料2|50|正弦波|53|-15,0,q4-ridge-fold-0,True
附件一（训练集）.xlsx|材料1|310,材料1|50|正弦波|47|-10,1,q4-ridge-fold-1,True
附件一（训练集）.xlsx|材料3|2243,材料3|25|梯形波|52|-9,1,q4-ridge-fold-1,True
附件一（训练集）.xlsx|材料4|120,材料4|25|正弦波|52|-17,4,q4-ridge-fold-4,True
附件一（训练集）.xlsx|材料4|1623,材料4|70|三角波|48|-9,0,q4-ridge-fold-0,True
附件一（训练集）.xlsx|材料1|828,材料1|90|正弦波|47|-14,4,q4-ridge-fold-4,True
附件一（训练集）.xlsx|材料4|2309,材料4|50|梯形波|49|-14,0,q4-ridge-fold-0,True
附件一（训练集）.xlsx|材料2|2033,材料2|90|三角波|55|-12,3,q4-ridge-fold-3,True
附件一（训练集）.xlsx|材料1|2457,材料1|25|梯形波|50|-7,1,q4-ridge-fold-1,True
附件一（训练集）.xlsx|材料3|3039,材料3|90|梯形波|49|-7,4,q4-ridge-fold-4,True
附件一（训练集）.xlsx|材料1|2937,材料1|70|梯形波|48|-10,2,q4-ridge-fold-2,True
附件一（训练集）.xlsx|材料3|633,材料3|50|正弦波|53|-15,4,q4-ridge-fold-4,True
附件一（训练集）.xlsx|材料1|97,材料1|25|正弦波|49|-11,2,q4-ridge-fold-2,True
附件一（训练集）.xlsx|材料4|2197,材料4|50|三角波|55|-13,0,q4-ridge-fold-0,True
附件一（训练集）.xlsx|材料3|1985,材料3|90|三角波|54|-15,4,q4-ridge-fold-4,True
附件一（训练集）.xlsx|材料4|1198,材料4|50|三角波|50|-14,3,q4-ridge-fold-3,True
附件一（训练集）.xlsx|材料4|567,材料4|70|正弦波|53|-18,3,q4-ridge-fold-3,True
附件一（训练集）.xlsx|材料2|1850,材料2|90|三角波|56|-15,0,q4-ridge-fold-0,True
附件一（训练集）.xlsx|材料3|2996,材料3|90|梯形波|55|-16,3,q4-ridge-fold-3,True
附件一（训练集）.xlsx|材料2|2304,材料2|50|梯形波|49|-14,3,q4-ridge-fold-3,True
附件一（训练集）.xlsx|材料3|2520,材料3|50|梯形波|49|-10,4,q4-ridge-fold-4,True
附件一（训练集）.xlsx|材料1|683,材料1|70|正弦波|52|-19,3,q4-ridge-fold-3,True
附件一（训练集）.xlsx|材料1|272,材料1|25|正弦波|54|-12,3,q4-ridge-fold-3,True
附件一（训练集）.xlsx|材料1|555,材料1|70|正弦波|47|-9,4,q4-ridge-fold-4,True
附件一（训练集）.xlsx|材料3|1792,材料3|90|三角波|55|-14,3,q4-ridge-fold-3,True
附件一（训练集）.xlsx|材料2|1791,材料2|70|三角波|52|-10,2,q4-ridge-fold-2,True
附件一（训练集）.xlsx|材料3|1028,材料3|25|三角波|52|-13,1,q4-ridge-fold-1,True
附件一（训练集）.xlsx|材料4|1422,材料4|70|三角波|47|-7,3,q4-ridge-fold-3,True
附件一（训练集）.xlsx|材料1|168,材料1|25|正弦波|51|-9,0,q4-ridge-fold-0,True
附件一（训练集）.xlsx|材料1|545,材料1|70|正弦波|47|-15,2,q4-ridge-fold-2,True
附件一（训练集）.xlsx|材料1|2217,材料1|90|三角波|55|-18,3,q4-ridge-fold-3,True
附件一（训练集）.xlsx|材料1|525,材料1|50|正弦波|54|-14,3,q4-ridge-fold-3,True
附件一（训练集）.xlsx|材料4|2243,材料4|50|三角波|55|-11,0,q4-ridge-fold-0,True
附件一（训练集）.xlsx|材料3|1250,材料3|25|三角波|54|-18,3,q4-ridge-fold-3,True
附件一（训练集）.xlsx|材料1|1507,材料1|50|三角波|53|-19,0,q4-ridge-fold-0,True
附件一（训练集）.xlsx|材料2|1324,材料2|25|三角波|55|-11,3,q4-ridge-fold-3,True
附件一（训练集）.xlsx|材料3|583,材料3|50|正弦波|47|-15,4,q4-ridge-fold-4,True
附件一（训练集）.xlsx|材料3|2827,材料3|70|梯形波|51|-6,4,q4-ridge-fold-4,True
附件一（训练集）.xlsx|材料1|1590,材料1|50|三角波|55|-13,4,q4-ridge-fold-4,True
附件一（训练集）.xlsx|材料4|2440,材料4|70|三角波|55|-14,4,q4-ridge-fold-4,True
附件一（训练集）.xlsx|材料1|1658,材料1|50|三角波|49|-10,0,q4-ridge-fold-0,True
附件一（训练集）.xlsx|材料2|1886,材料2|90|三角波|54|-15,0,q4-ridge-fold-0,True
附件一（训练集）.xlsx|材料3|922,材料3|90|正弦波|53|-17,0,q4-ridge-fold-0,True
附件一（训练集）.xlsx|材料4|1136,材料4|25|三角波|49|-7,4,q4-ridge-fold-4,True
附件一（训练集）.xlsx|材料1|1337,材料1|25|三角波|48|-7,2,q4-ridge-fold-2,True
附件一（训练集）.xlsx|材料2|1954,材料2|90|三角波|54|-16,0,q4-ridge-fold-0,True
附件一（训练集）.xlsx|材料2|1206,材料2|25|三角波|56|-21,2,q4-ridge-fold-2,True
附件一（训练集）.xlsx|材料1|2922,材料1|70|梯形波|48|-10,2,q4-ridge-fold-2,True
附件一（训练集）.xlsx|材料1|9,材料1|25|正弦波|46|-10,1,q4-ridge-fold-1,True
附件一（训练集）.xlsx|材料2|2091,材料2|25|梯形波|52|-19,2,q4-ridge-fold-2,True
附件一（训练集）.xlsx|材料3|433,材料3|25|正弦波|53|-13,0,q4-ridge-fold-0,True
附件一（训练集）.xlsx|材料3|1280,材料3|50|三角波|52|-18,4,q4-ridge-fold-4,True
附件一（训练集）.xlsx|材料4|1570,材料4|70|三角波|55|-15,1,q4-ridge-fold-1,True
附件一（训练集）.xlsx|材料3|865,材料3|50|正弦波|49|-11,2,q4-ridge-fold-2,True
附件一（训练集）.xlsx|材料3|1329,材料3|50|三角波|49|-10,1,q4-ridge-fold-1,True
附件一（训练集）.xlsx|材料2|2576,材料2|70|梯形波|54|-12,3,q4-ridge-fold-3,True
附件一（训练集）.xlsx|材料1|139,材料1|25|正弦波|50|-9,3,q4-ridge-fold-3,True
附件一（训练集）.xlsx|材料2|1880,材料2|90|三角波|52|-11,0,q4-ridge-fold-0,True
附件一（训练集）.xlsx|材料1|1194,材料1|25|三角波|52|-12,3,q4-ridge-fold-3,True
附件一（训练集）.xlsx|材料3|2675,材料3|70|梯形波|54|-13,1,q4-ridge-fold-1,True
附件一（训练集）.xlsx|材料3|2667,材料3|70|梯形波|52|-12,0,q4-ridge-fold-0,True
附件一（训练集）.xlsx|材料1|703,材料1|70|正弦波|52|-18,3,q4-ridge-fold-3,True
附件一（训练集）.xlsx|材料1|1755,材料1|70|三角波|51|-10,3,q4-ridge-fold-3,True
附件一（训练集）.xlsx|材料4|1835,材料4|90|三角波|56|-19,1,q4-ridge-fold-1,True
附件一（训练集）.xlsx|材料4|937,材料4|25|三角波|50|-12,4,q4-ridge-fold-4,True
附件一（训练集）.xlsx|材料3|886,材料3|70|正弦波|53|-20,1,q4-ridge-fold-1,True
附件一（训练集）.xlsx|材料4|1501,材料4|70|三角波|52|-15,2,q4-ridge-fold-2,True
附件一（训练集）.xlsx|材料2|286,材料2|90|正弦波|47|-9,1,q4-ridge-fold-1,True
附件一（训练集）.xlsx|材料3|3033,材料3|90|梯形波|49|-14,2,q4-ridge-fold-2,True
附件一（训练集）.xlsx|材料3|21,材料3|25|正弦波|49|-17,1,q4-ridge-fold-1,True
附件一（训练集）.xlsx|材料1|361,材料1|50|正弦波|49|-18,4,q4-ridge-fold-4,True
附件一（训练集）.xlsx|材料1|1329,材料1|25|三角波|48|-11,0,q4-ridge-fold-0,True
附件一（训练集）.xlsx|材料1|151,材料1|25|正弦波|50|-14,3,q4-ridge-fold-3,True
附件一（训练集）.xlsx|材料4|1071,材料4|25|三角波|55|-14,0,q4-ridge-fold-0,True
附件一（训练集）.xlsx|材料1|1327,材料1|25|三角波|48|-12,1,q4-ridge-fold-1,True
附件一（训练集）.xlsx|材料1|1566,材料1|50|三角波|55|-16,1,q4-ridge-fold-1,True
附件一（训练集）.xlsx|材料3|2948,材料3|90|梯形波|49|-9,3,q4-ridge-fold-3,True
附件一（训练集）.xlsx|材料4|1395,材料4|50|三角波|49|-10,0,q4-ridge-fold-0,True
附件一（训练集）.xlsx|材料2|2119,材料2|25|梯形波|55|-18,0,q4-ridge-fold-0,True
附件一（训练集）.xlsx|材料1|130,材料1|25|正弦波|50|-16,0,q4-ridge-fold-0,True
附件一（训练集）.xlsx|材料4|1903,材料4|90|三角波|49|-13,4,q4-ridge-fold-4,True
附件一（训练集）.xlsx|材料4|1641,材料4|70|三角波|49|-9,1,q4-ridge-fold-1,True
附件一（训练集）.xlsx|材料3|1046,材料3|25|三角波|55|-19,4,q4-ridge-fold-4,True
附件一（训练集）.xlsx|材料1|156,材料1|25|正弦波|50|-8,0,q4-ridge-fold-0,True
附件一（训练集）.xlsx|材料4|237,材料4|50|正弦波|49|-17,3,q4-ridge-fold-3,True
附件一（训练集）.xlsx|材料3|2964,材料3|90|梯形波|52|-15,3,q4-ridge-fold-3,True
附件一（训练集）.xlsx|材料4|2589,材料4|90|三角波|52|-8,3,q4-ridge-fold-3,True
附件一（训练集）.xlsx|材料2|1634,材料2|70|三角波|49|-8,0,q4-ridge-fold-0,True
附件一（训练集）.xlsx|材料4|808,材料4|90|正弦波|55|-18,0,q4-ridge-fold-0,True
附件一（训练集）.xlsx|材料3|1563,材料3|70|三角波|49|-9,3,q4-ridge-fold-3,True
附件一（训练集）.xlsx|材料4|549,材料4|70|正弦波|52|-12,0,q4-ridge-fold-0,True
附件一（训练集）.xlsx|材料1|2669,材料1|50|梯形波|48|-13,2,q4-ridge-fold-2,True
附件一（训练集）.xlsx|材料2|2736,材料2|70|梯形波|55|-11,0,q4-ridge-fold-0,True
附件一（训练集）.xlsx|材料3|3080,材料3|90|梯形波|55|-20,4,q4-ridge-fold-4,True
附件一（训练集）.xlsx|材料2|1447,材料2|50|三角波|48|-7,2,q4-ridge-fold-2,True
附件一（训练集）.xlsx|材料3|536,材料3|25|正弦波|52|-20,4,q4-ridge-fold-4,True
附件一（训练集）.xlsx|材料4|2353,材料4|50|梯形波|51|-17,2,q4-ridge-fold-2,True
附件一（训练集）.xlsx|材料2|1075,材料2|25|正弦波|53|-20,1,q4-ridge-fold-1,True
附件一（训练集）.xlsx|材料3|2069,材料3|25|梯形波|52|-13,4,q4-ridge-fold-4,True
附件一（训练集）.xlsx|材料1|1463,材料1|50|三角波|52|-9,4,q4-ridge-fold-4,True
附件一（训练集）.xlsx|材料1|2526,材料1|25|梯形波|52|-8,3,q4-ridge-fold-3,True
附件一（训练集）.xlsx|材料3|814,材料3|50|正弦波|52|-15,1,q4-ridge-fold-1,True
附件一（训练集）.xlsx|材料1|2212,材料1|90|三角波|55|-13,4,q4-ridge-fold-4,True
附件一（训练集）.xlsx|材料2|2801,材料2|90|梯形波|51|-7,0,q4-ridge-fold-0,True
附件一（训练集）.xlsx|材料3|2781,材料3|70|梯形波|55|-11,1,q4-ridge-fold-1,True
附件一（训练集）.xlsx|材料1|1417,材料1|50|三角波|50|-11,2,q4-ridge-fold-2,True
附件一（训练集）.xlsx|材料3|1976,材料3|90|三角波|52|-7,2,q4-ridge-fold-2,True
附件一（训练集）.xlsx|材料4|2121,材料4|25|梯形波|48|-15,2,q4-ridge-fold-2,True
附件一（训练集）.xlsx|材料2|1986,材料2|90|三角波|48|-9,2,q4-ridge-fold-2,True
附件一（训练集）.xlsx|材料4|2794,材料4|90|梯形波|52|-17,3,q4-ridge-fold-3,True
附件一（训练集）.xlsx|材料2|101,材料2|50|正弦波|47|-17,4,q4-ridge-fold-4,True
附件一（训练集）.xlsx|材料3|1946,材料3|90|三角波|55|-10,2,q4-ridge-fold-2,True
附件一（训练集）.xlsx|材料2|2611,材料2|70|梯形波|49|-7,1,q4-ridge-fold-1,True
附件一（训练集）.xlsx|材料3|1473,材料3|50|三角波|52|-16,1,q4-ridge-fold-1,True
附件一（训练集）.xlsx|材料1|2715,材料1|50|梯形波|50|-9,4,q4-ridge-fold-4,True
附件一（训练集）.xlsx|材料4|2414,材料4|70|三角波|55|-15,1,q4-ridge-fold-1,True
附件一（训练集）.xlsx|材料3|233,材料3|70|正弦波|55|-13,0,q4-ridge-fold-0,True
附件一（训练集）.xlsx|材料3|2881,材料3|70|梯形波|56|-21,4,q4-ridge-fold-4,True
附件一（训练集）.xlsx|材料4|2684,材料4|90|梯形波|48|-10,1,q4-ridge-fold-1,True
附件一（训练集）.xlsx|材料4|1455,材料4|70|三角波|50|-15,1,q4-ridge-fold-1,True
附件一（训练集）.xlsx|材料1|1799,材料1|70|三角波|52|-9,0,q4-ridge-fold-0,True
附件一（训练集）.xlsx|材料3|3184,材料3|90|梯形波|55|-10,4,q4-ridge-fold-4,True
附件一（训练集）.xlsx|材料4|492,材料4|70|正弦波|50|-17,2,q4-ridge-fold-2,True
附件一（训练集）.xlsx|材料2|711,材料2|70|正弦波|49|-16,1,q4-ridge-fold-1,True
附件一（训练集）.xlsx|材料3|621,材料3|50|正弦波|52|-19,2,q4-ridge-fold-2,True
附件一（训练集）.xlsx|材料1|406,材料1|50|正弦波|50|-16,3,q4-ridge-fold-3,True
附件一（训练集）.xlsx|材料1|613,材料1|70|正弦波|49|-10,3,q4-ridge-fold-3,True
附件一（训练集）.xlsx|材料2|2407,材料2|50|梯形波|55|-16,3,q4-ridge-fold-3,True
附件一（训练集）.xlsx|材料3|266,材料3|90|正弦波|49|-15,0,q4-ridge-fold-0,True
附件一（训练集）.xlsx|材料1|2335,材料1|25|三角波|55|-17,1,q4-ridge-fold-1,True
附件一（训练集）.xlsx|材料2|2696,材料2|70|梯形波|51|-16,3,q4-ridge-fold-3,True
附件一（训练集）.xlsx|材料2|406,材料2|50|正弦波|47|-8,2,q4-ridge-fold-2,True
附件一（训练集）.xlsx|材料2|1616,材料2|70|三角波|56|-20,0,q4-ridge-fold-0,True
附件一（训练集）.xlsx|材料1|1407,材料1|50|三角波|50|-7,4,q4-ridge-fold-4,True
附件一（训练集）.xlsx|材料2|1064,材料2|25|正弦波|52|-10,3,q4-ridge-fold-3,True
附件一（训练集）.xlsx|材料2|1617,材料2|70|三角波|56|-19,3,q4-ridge-fold-3,True
附件一（训练集）.xlsx|材料4|1668,材料4|70|三角波|50|-14,3,q4-ridge-fold-3,True
附件一（训练集）.xlsx|材料1|2982,材料1|70|梯形波|50|-8,1,q4-ridge-fold-1,True
附件一（训练集）.xlsx|材料4|573,材料4|70|正弦波|53|-14,2,q4-ridge-fold-2,True
附件一（训练集）.xlsx|材料2|2614,材料2|70|梯形波|49|-14,0,q4-ridge-fold-0,True
附件一（训练集）.xlsx|材料3|2849,材料3|70|梯形波|54|-17,4,q4-ridge-fold-4,True
附件一（训练集）.xlsx|材料1|2429,材料1|25|梯形波|49|-6,3,q4-ridge-fold-3,True
附件一（训练集）.xlsx|材料1|2514,材料1|25|梯形波|52|-15,3,q4-ridge-fold-3,True
附件一（训练集）.xlsx|材料4|2124,材料4|25|梯形波|48|-13,3,q4-ridge-fold-3,True
附件一（训练集）.xlsx|材料4|2797,材料4|90|梯形波|52|-15,0,q4-ridge-fold-0,True
附件一（训练集）.xlsx|材料3|273,材料3|90|正弦波|49|-17,1,q4-ridge-fold-1,True
附件一（训练集）.xlsx|材料1|2574,材料1|25|梯形波|54|-13,4,q4-ridge-fold-4,True
附件一（训练集）.xlsx|材料3|535,材料3|25|正弦波|52|-20,4,q4-ridge-fold-4,True
附件一（训练集）.xlsx|材料1|1812,材料1|70|三角波|52|-13,4,q4-ridge-fold-4,True
附件一（训练集）.xlsx|材料3|1224,材料3|25|三角波|49|-11,1,q4-ridge-fold-1,True
附件一（训练集）.xlsx|材料1|2380,材料1|25|梯形波|46|-9,3,q4-ridge-fold-3,True
附件一（训练集）.xlsx|材料4|1410,材料4|70|三角波|47|-16,2,q4-ridge-fold-2,True
附件一（训练集）.xlsx|材料1|3089,材料1|70|梯形波|54|-19,1,q4-ridge-fold-1,True
附件一（训练集）.xlsx|材料3|3109,材料3|90|梯形波|46|-8,0,q4-ridge-fold-0,True
附件一（训练集）.xlsx|材料1|948,材料1|90|正弦波|51|-11,3,q4-ridge-fold-3,True
附件一（训练集）.xlsx|材料3|2613,材料3|70|三角波|55|-19,2,q4-ridge-fold-2,True
附件一（训练集）.xlsx|材料3|2501,材料3|50|梯形波|46|-6,1,q4-ridge-fold-1,True
附件一（训练集）.xlsx|材料2|2237,材料2|25|梯形波|52|-15,1,q4-ridge-fold-1,True
附件一（训练集）.xlsx|材料3|1142,材料3|25|三角波|49|-14,0,q4-ridge-fold-0,True
附件一（训练集）.xlsx|材料4|1764,材料4|90|三角波|52|-15,4,q4-ridge-fold-4,True
附件一（训练集）.xlsx|材料4|2009,材料4|25|三角波|55|-10,4,q4-ridge-fold-4,True
附件一（训练集）.xlsx|材料1|2944,材料1|70|梯形波|49|-14,4,q4-ridge-fold-4,True
附件一（训练集）.xlsx|材料3|2011,材料3|25|三角波|56|-11,3,q4-ridge-fold-3,True
附件一（训练集）.xlsx|材料4|2027,材料4|25|三角波|47|-11,2,q4-ridge-fold-2,True
附件一（训练集）.xlsx|材料1|3347,材料1|90|梯形波|53|-14,2,q4-ridge-fold-2,True
附件一（训练集）.xlsx|材料1|1276,材料1|25|三角波|55|-15,4,q4-ridge-fold-4,True
附件一（训练集）.xlsx|材料1|283,材料1|50|正弦波|46|-10,0,q4-ridge-fold-0,True
附件一（训练集）.xlsx|材料1|1931,材料1|70|三角波|47|-12,4,q4-ridge-fold-4,True
附件一（训练集）.xlsx|材料1|3169,材料1|90|三角波|55|-8,1,q4-ridge-fold-1,True
附件一（训练集）.xlsx|材料2|1731,材料2|70|三角波|54|-18,0,q4-ridge-fold-0,True
附件一（训练集）.xlsx|材料2|1271,材料2|25|三角波|48|-12,0,q4-ridge-fold-0,True
附件一（训练集）.xlsx|材料4|2232,材料4|50|三角波|53|-18,3,q4-ridge-fold-3,True
附件一（训练集）.xlsx|材料1|2167,材料1|90|三角波|54|-14,4,q4-ridge-fold-4,True
附件一（训练集）.xlsx|材料4|87,材料4|25|正弦波|50|-16,3,q4-ridge-fold-3,True
附件一（训练集）.xlsx|材料3|2314,材料3|50|三角波|55|-16,0,q4-ridge-fold-0,True
附件一（训练集）.xlsx|材料1|1815,材料1|70|三角波|52|-11,3,q4-ridge-fold-3,True
附件一（训练集）.xlsx|材料1|1720,材料1|70|三角波|48|-9,1,q4-ridge-fold-1,True
附件一（训练集）.xlsx|材料3|1919,材料3|90|三角波|54|-19,1,q4-ridge-fold-1,True
附件一（训练集）.xlsx|材料2|1860,材料2|90|三角波|49|-11,1,q4-ridge-fold-1,True
附件一（训练集）.xlsx|材料3|1240,材料3|25|三角波|52|-11,0,q4-ridge-fold-0,True
附件一（训练集）.xlsx|材料3|123,材料3|50|正弦波|49|-7,4,q4-ridge-fold-4,True
附件一（训练集）.xlsx|材料4|2570,材料4|70|梯形波|52|-16,2,q4-ridge-fold-2,True
附件一（训练集）.xlsx|材料4|288,材料4|50|正弦波|50|-19,4,q4-ridge-fold-4,True
附件一（训练集）.xlsx|材料2|1374,材料2|50|三角波|55|-14,0,q4-ridge-fold-0,True
附件一（训练集）.xlsx|材料3|3050,材料3|90|梯形波|51|-6,4,q4-ridge-fold-4,True
附件一（训练集）.xlsx|材料3|978,材料3|25|正弦波|49|-12,0,q4-ridge-fold-0,True
附件一（训练集）.xlsx|材料2|31,材料2|25|正弦波|49|-9,1,q4-ridge-fold-1,True
附件一（训练集）.xlsx|材料2|2426,材料2|50|梯形波|56|-14,1,q4-ridge-fold-1,True
附件一（训练集）.xlsx|材料4|1127,材料4|25|三角波|49|-12,3,q4-ridge-fold-3,True
附件一（训练集）.xlsx|材料3|148,材料3|50|正弦波|53|-19,0,q4-ridge-fold-0,True
附件一（训练集）.xlsx|材料4|1999,材料4|25|三角波|55|-16,3,q4-ridge-fold-3,True
附件一（训练集）.xlsx|材料1|1731,材料1|70|三角波|50|-14,3,q4-ridge-fold-3,True
附件一（训练集）.xlsx|材料2|2277,材料2|50|三角波|55|-14,0,q4-ridge-fold-0,True
附件一（训练集）.xlsx|材料2|121,材料2|50|正弦波|49|-15,1,q4-ridge-fold-1,True
附件一（训练集）.xlsx|材料3|2131,材料3|25|梯形波|51|-8,4,q4-ridge-fold-4,True
附件一（训练集）.xlsx|材料4|413,材料4|70|正弦波|46|-17,2,q4-ridge-fold-2,True
附件一（训练集）.xlsx|材料3|2680,材料3|70|梯形波|55|-21,2,q4-ridge-fold-2,True
附件一（训练集）.xlsx|材料1|2767,材料1|50|梯形波|52|-10,4,q4-ridge-fold-4,True
附件一（训练集）.xlsx|材料1|2814,材料1|50|梯形波|53|-19,0,q4-ridge-fold-0,True
附件一（训练集）.xlsx|材料1|1914,材料1|70|三角波|55|-12,1,q4-ridge-fold-1,True
附件一（训练集）.xlsx|材料3|1656,材料3|70|三角波|52|-12,0,q4-ridge-fold-0,True
附件一（训练集）.xlsx|材料3|2482,材料3|50|梯形波|55|-14,2,q4-ridge-fold-2,True
附件一（训练集）.xlsx|材料1|2208,材料1|90|三角波|55|-16,1,q4-ridge-fold-1,True
附件一（训练集）.xlsx|材料3|3034,材料3|90|梯形波|49|-13,1,q4-ridge-fold-1,True
附件一（训练集）.xlsx|材料1|2054,材料1|90|三角波|50|-8,4,q4-ridge-fold-4,True
附件一（训练集）.xlsx|材料4|678,材料4|90|正弦波|49|-10,0,q4-ridge-fold-0,True
附件一（训练集）.xlsx|材料2|1749,材料2|70|三角波|55|-15,0,q4-ridge-fold-0,True
附件一（训练集）.xlsx|材料3|2965,材料3|90|梯形波|52|-14,0,q4-ridge-fold-0,True
附件一（训练集）.xlsx|材料1|52,材料1|25|正弦波|47|-6,0,q4-ridge-fold-0,True
附件一（训练集）.xlsx|材料3|685,材料3|70|正弦波|50|-19,3,q4-ridge-fold-3,True
附件一（训练集）.xlsx|材料2|1370,材料2|50|三角波|55|-19,0,q4-ridge-fold-0,True
附件一（训练集）.xlsx|材料3|2793,材料3|70|梯形波|46|-11,2,q4-ridge-fold-2,True
附件一（训练集）.xlsx|材料4|2449,材料4|70|三角波|55|-19,2,q4-ridge-fold-2,True
附件一（训练集）.xlsx|材料1|684,材料1|70|正弦波|52|-18,3,q4-ridge-fold-3,True
附件一（训练集）.xlsx|材料2|1331,材料2|50|三角波|49|-14,4,q4-ridge-fold-4,True
附件一（训练集）.xlsx|材料2|238,材料2|70|正弦波|52|-14,0,q4-ridge-fold-0,True
附件一（训练集）.xlsx|材料3|405,材料3|50|正弦波|55|-19,3,q4-ridge-fold-3,True
附件一（训练集）.xlsx|材料1|2375,材料1|25|梯形波|46|-11,1,q4-ridge-fold-1,True
附件一（训练集）.xlsx|材料4|54,材料4|25|正弦波|49|-16,0,q4-ridge-fold-0,True
附件一（训练集）.xlsx|材料1|468,材料1|50|正弦波|52|-9,1,q4-ridge-fold-1,True
附件一（训练集）.xlsx|材料1|2387,材料1|25|梯形波|47|-12,1,q4-ridge-fold-1,True
附件一（训练集）.xlsx|材料1|872,材料1|90|正弦波|49|-16,1,q4-ridge-fold-1,True
附件一（训练集）.xlsx|材料1|586,材料1|70|正弦波|48|-11,1,q4-ridge-fold-1,True
附件一（训练集）.xlsx|材料3|1404,材料3|50|三角波|52|-17,0,q4-ridge-fold-0,True
附件一（训练集）.xlsx|材料3|1799,材料3|90|三角波|56|-16,2,q4-ridge-fold-2,True
附件一（训练集）.xlsx|材料1|3179,材料1|90|梯形波|47|-10,1,q4-ridge-fold-1,True
附件一（训练集）.xlsx|材料2|1192,材料2|25|三角波|54|-10,3,q4-ridge-fold-3,True
附件一（训练集）.xlsx|材料2|1357,材料2|50|三角波|54|-15,0,q4-ridge-fold-0,True
附件一（训练集）.xlsx|材料1|3186,材料1|90|梯形波|48|-13,3,q4-ridge-fold-3,True
附件一（训练集）.xlsx|材料1|3255,材料1|90|梯形波|51|-14,2,q4-ridge-fold-2,True
附件一（训练集）.xlsx|材料1|3264,材料1|90|梯形波|51|-6,0,q4-ridge-fold-0,True
附件一（训练集）.xlsx|材料1|1964,材料1|70|三角波|48|-9,1,q4-ridge-fold-1,True
附件一（训练集）.xlsx|材料1|1677,材料1|50|三角波|49|-15,3,q4-ridge-fold-3,True
附件一（训练集）.xlsx|材料4|2066,材料4|25|三角波|53|-18,0,q4-ridge-fold-0,True
附件一（训练集）.xlsx|材料2|647,材料2|50|正弦波|52|-20,0,q4-ridge-fold-0,True
附件一（训练集）.xlsx|材料4|2571,材料4|70|梯形波|52|-15,3,q4-ridge-fold-3,True
附件一（训练集）.xlsx|材料3|1341,材料3|50|三角波|52|-16,1,q4-ridge-fold-1,True
附件一（训练集）.xlsx|材料1|2140,材料1|90|三角波|53|-19,2,q4-ridge-fold-2,True
附件一（训练集）.xlsx|材料2|1314,材料2|25|三角波|54|-18,1,q4-ridge-fold-1,True
附件一（训练集）.xlsx|材料3|1220,材料3|25|三角波|49|-7,1,q4-ridge-fold-1,True
附件一（训练集）.xlsx|材料4|1463,材料4|70|三角波|51|-20,1,q4-ridge-fold-1,True
附件一（训练集）.xlsx|材料4|111,材料4|25|正弦波|52|-17,4,q4-ridge-fold-4,True
附件一（训练集）.xlsx|材料3|317,材料3|90|正弦波|55|-17,0,q4-ridge-fold-0,True
附件一（训练集）.xlsx|材料4|1048,材料4|25|三角波|55|-16,3,q4-ridge-fold-3,True
附件一（训练集）.xlsx|材料1|1397,材料1|50|三角波|48|-11,1,q4-ridge-fold-1,True
附件一（训练集）.xlsx|材料3|508,材料3|25|正弦波|49|-8,4,q4-ridge-fold-4,True
附件一（训练集）.xlsx|材料2|1911,材料2|90|三角波|48|-12,1,q4-ridge-fold-1,True
附件一（训练集）.xlsx|材料1|1140,材料1|25|三角波|52|-20,0,q4-ridge-fold-0,True
附件一（训练集）.xlsx|材料3|1584,材料3|70|三角波|52|-8,0,q4-ridge-fold-0,True
附件一（训练集）.xlsx|材料3|81,材料3|25|正弦波|55|-15,2,q4-ridge-fold-2,True
附件一（训练集）.xlsx|材料4|825,材料4|90|正弦波|55|-19,1,q4-ridge-fold-1,True
附件一（训练集）.xlsx|材料3|2177,材料3|25|梯形波|56|-19,3,q4-ridge-fold-3,True
附件一（训练集）.xlsx|材料3|1867,材料3|90|三角波|56|-20,3,q4-ridge-fold-3,True
附件一（训练集）.xlsx|材料2|519,材料2|25|正弦波|47|-14,1,q4-ridge-fold-1,True
附件一（训练集）.xlsx|材料2|2060,材料2|25|梯形波|46|-12,3,q4-ridge-fold-3,True
附件一（训练集）.xlsx|材料3|2615,材料3|70|三角波|55|-17,2,q4-ridge-fold-2,True
附件一（训练集）.xlsx|材料4|222,材料4|50|正弦波|47|-11,1,q4-ridge-fold-1,True
附件一（训练集）.xlsx|材料1|1551,材料1|50|三角波|54|-15,3,q4-ridge-fold-3,True
附件一（训练集）.xlsx|材料1|2764,材料1|50|梯形波|52|-12,1,q4-ridge-fold-1,True
附件一（训练集）.xlsx|材料1|1982,材料1|70|三角波|49|-8,1,q4-ridge-fold-1,True
附件一（训练集）.xlsx|材料2|2573,材料2|70|梯形波|54|-15,4,q4-ridge-fold-4,True
附件一（训练集）.xlsx|材料2|2934,材料2|90|梯形波|49|-15,4,q4-ridge-fold-4,True
附件一（训练集）.xlsx|材料1|1949,材料1|70|三角波|48|-9,1,q4-ridge-fold-1,True
附件一（训练集）.xlsx|材料3|882,材料3|25|正弦波|46|-11,0,q4-ridge-fold-0,True
附件一（训练集）.xlsx|材料3|544,材料3|25|正弦波|53|-20,1,q4-ridge-fold-1,True
附件一（训练集）.xlsx|材料3|3117,材料3|90|梯形波|48|-8,0,q4-ridge-fold-0,True
附件一（训练集）.xlsx|材料2|2021,材料2|90|三角波|54|-14,2,q4-ridge-fold-2,True
附件一（训练集）.xlsx|材料3|3179,材料3|90|梯形波|55|-16,3,q4-ridge-fold-3,True
附件一（训练集）.xlsx|材料2|1859,材料2|90|三角波|49|-16,3,q4-ridge-fold-3,True
附件一（训练集）.xlsx|材料4|1906,材料4|90|三角波|49|-11,2,q4-ridge-fold-2,True
附件一（训练集）.xlsx|材料1|1632,材料1|50|三角波|47|-7,4,q4-ridge-fold-4,True
附件一（训练集）.xlsx|材料1|1071,材料1|25|三角波|47|-10,0,q4-ridge-fold-0,True
附件一（训练集）.xlsx|材料3|2872,材料3|70|梯形波|55|-18,4,q4-ridge-fold-4,True
附件一（训练集）.xlsx|材料4|1351,材料4|50|三角波|48|-17,3,q4-ridge-fold-3,True
附件一（训练集）.xlsx|材料3|2737,材料3|70|梯形波|52|-17,3,q4-ridge-fold-3,True
附件一（训练集）.xlsx|材料1|166,材料1|25|正弦波|51|-12,3,q4-ridge-fold-3,True
附件一（训练集）.xlsx|材料1|648,材料1|70|正弦波|50|-8,1,q4-ridge-fold-1,True
附件一（训练集）.xlsx|材料2|213,材料2|70|正弦波|49|-7,3,q4-ridge-fold-3,True
附件一（训练集）.xlsx|材料1|2003,材料1|70|三角波|50|-14,3,q4-ridge-fold-3,True
附件一（训练集）.xlsx|材料2|1771,材料2|70|三角波|49|-9,1,q4-ridge-fold-1,True
附件一（训练集）.xlsx|材料1|995,材料1|90|正弦波|52|-20,4,q4-ridge-fold-4,True
附件一（训练集）.xlsx|材料1|1086,材料1|25|三角波|48|-12,1,q4-ridge-fold-1,True
附件一（训练集）.xlsx|材料2|646,材料2|50|正弦波|52|-20,0,q4-ridge-fold-0,True
附件一（训练集）.xlsx|材料3|3079,材料3|90|梯形波|54|-8,4,q4-ridge-fold-4,True
附件一（训练集）.xlsx|材料2|2625,材料2|70|梯形波|51|-8,3,q4-ridge-fold-3,True
附件一（训练集）.xlsx|材料3|356,材料3|90|正弦波|47|-15,3,q4-ridge-fold-3,True
附件一（训练集）.xlsx|材料4|2210,材料4|50|三角波|55|-14,2,q4-ridge-fold-2,True
附件一（训练集）.xlsx|材料4|1120,材料4|25|三角波|49|-17,3,q4-ridge-fold-3,True
附件一（训练集）.xlsx|材料4|1972,材料4|25|三角波|52|-15,0,q4-ridge-fold-0,True
附件一（训练集）.xlsx|材料1|77,材料1|25|正弦波|49|-12,1,q4-ridge-fold-1,True
附件一（训练集）.xlsx|材料3|2801,材料3|70|梯形波|48|-11,2,q4-ridge-fold-2,True
附件一（训练集）.xlsx|材料4|1424,材料4|70|三角波|48|-17,3,q4-ridge-fold-3,True
附件一（训练集）.xlsx|材料4|993,材料4|25|三角波|52|-15,0,q4-ridge-fold-0,True
附件一（训练集）.xlsx|材料1|1390,材料1|50|三角波|47|-6,4,q4-ridge-fold-4,True
附件一（训练集）.xlsx|材料1|1754,材料1|70|三角波|51|-10,3,q4-ridge-fold-3,True
附件一（训练集）.xlsx|材料2|1944,材料2|90|三角波|52|-8,1,q4-ridge-fold-1,True
附件一（训练集）.xlsx|材料1|135,材料1|25|正弦波|50|-12,1,q4-ridge-fold-1,True
附件一（训练集）.xlsx|材料2|2773,材料2|90|三角波|55|-10,0,q4-ridge-fold-0,True
附件一（训练集）.xlsx|材料2|2969,材料2|90|梯形波|54|-8,0,q4-ridge-fold-0,True
附件一（训练集）.xlsx|材料3|532,材料3|25|正弦波|52|-12,2,q4-ridge-fold-2,True
附件一（训练集）.xlsx|材料3|2718,材料3|70|梯形波|49|-13,0,q4-ridge-fold-0,True
附件一（训练集）.xlsx|材料3|1206,材料3|25|三角波|56|-17,4,q4-ridge-fold-4,True
附件一（训练集）.xlsx|材料1|2974,材料1|70|梯形波|50|-16,0,q4-ridge-fold-0,True
附件一（训练集）.xlsx|材料3|189,材料3|70|正弦波|49|-16,0,q4-ridge-fold-0,True
附件一（训练集）.xlsx|材料4|963,材料4|25|三角波|52|-16,4,q4-ridge-fold-4,True
附件一（训练集）.xlsx|材料2|2601,材料2|70|梯形波|48|-12,3,q4-ridge-fold-3,True
附件一（训练集）.xlsx|材料3|1923,材料3|90|三角波|54|-15,4,q4-ridge-fold-4,True
附件一（训练集）.xlsx|材料3|1426,材料3|50|三角波|55|-15,2,q4-ridge-fold-2,True
附件一（训练集）.xlsx|材料1|3241,材料1|90|梯形波|50|-12,2,q4-ridge-fold-2,True
附件一（训练集）.xlsx|材料2|758,材料2|70|正弦波|55|-18,4,q4-ridge-fold-4,True
附件一（训练集）.xlsx|材料4|750,材料4|90|正弦波|52|-15,3,q4-ridge-fold-3,True
附件一（训练集）.xlsx|材料4|2580,材料4|70|梯形波|52|-17,4,q4-ridge-fold-4,True
附件一（训练集）.xlsx|材料3|2606,材料3|70|三角波|55|-12,2,q4-ridge-fold-2,True
附件一（训练集）.xlsx|材料3|91,材料3|50|正弦波|46|-13,3,q4-ridge-fold-3,True
附件一（训练集）.xlsx|材料2|83,材料2|25|正弦波|55|-20,3,q4-ridge-fold-3,True
附件一（训练集）.xlsx|材料4|564,材料4|70|正弦波|53|-20,3,q4-ridge-fold-3,True
附件一（训练集）.xlsx|材料4|1035,材料4|25|三角波|54|-16,3,q4-ridge-fold-3,True
附件一（训练集）.xlsx|材料4|928,材料4|25|三角波|50|-18,4,q4-ridge-fold-4,True
附件一（训练集）.xlsx|材料1|639,材料1|70|正弦波|50|-13,1,q4-ridge-fold-1,True
附件一（训练集）.xlsx|材料1|869,材料1|90|正弦波|49|-7,0,q4-ridge-fold-0,True
附件一（训练集）.xlsx|材料2|1174,材料2|25|三角波|52|-14,2,q4-ridge-fold-2,True
附件一（训练集）.xlsx|材料4|874,材料4|25|正弦波|52|-13,0,q4-ridge-fold-0,True
附件一（训练集）.xlsx|材料4|1632,材料4|70|三角波|49|-16,4,q4-ridge-fold-4,True
附件一（训练集）.xlsx|材料2|420,材料2|90|正弦波|55|-17,2,q4-ridge-fold-2,True
附件一（训练集）.xlsx|材料2|2605,材料2|70|梯形波|48|-8,1,q4-ridge-fold-1,True
附件一（训练集）.xlsx|材料3|1129,材料3|25|三角波|55|-11,4,q4-ridge-fold-4,True
附件一（训练集）.xlsx|材料4|1682,材料4|90|三角波|47|-6,0,q4-ridge-fold-0,True
附件一（训练集）.xlsx|材料3|1930,材料3|90|三角波|55|-19,2,q4-ridge-fold-2,True
附件一（训练集）.xlsx|材料2|110,材料2|50|正弦波|49|-14,1,q4-ridge-fold-1,True
附件一（训练集）.xlsx|材料3|2578,材料3|50|梯形波|56|-20,0,q4-ridge-fold-0,True
附件一（训练集）.xlsx|材料4|1468,材料4|70|三角波|51|-17,0,q4-ridge-fold-0,True
附件一（训练集）.xlsx|材料2|119,材料2|50|正弦波|49|-17,1,q4-ridge-fold-1,True
附件一（训练集）.xlsx|材料1|3050,材料1|70|梯形波|52|-7,1,q4-ridge-fold-1,True
附件一（训练集）.xlsx|材料4|930,材料4|25|三角波|50|-17,1,q4-ridge-fold-1,True
附件一（训练集）.xlsx|材料1|959,材料1|90|正弦波|52|-18,0,q4-ridge-fold-0,True
附件一（训练集）.xlsx|材料3|1466,材料3|50|三角波|50|-14,0,q4-ridge-fold-0,True
附件一（训练集）.xlsx|材料3|3186,材料3|90|梯形波|56|-20,1,q4-ridge-fold-1,True
附件一（训练集）.xlsx|材料4|398,材料4|50|正弦波|55|-18,2,q4-ridge-fold-2,True
附件一（训练集）.xlsx|材料4|766,材料4|90|正弦波|52|-13,2,q4-ridge-fold-2,True
附件一（训练集）.xlsx|材料2|2778,材料2|90|梯形波|46|-7,2,q4-ridge-fold-2,True
附件一（训练集）.xlsx|材料3|3014,材料3|90|梯形波|46|-8,0,q4-ridge-fold-0,True
附件一（训练集）.xlsx|材料1|1596,材料1|50|三角波|55|-18,3,q4-ridge-fold-3,True
附件一（训练集）.xlsx|材料3|1396,材料3|50|三角波|49|-8,2,q4-ridge-fold-2,True
附件一（训练集）.xlsx|材料1|2411,材料1|25|梯形波|48|-8,0,q4-ridge-fold-0,True
附件一（训练集）.xlsx|材料2|1910,材料2|90|三角波|48|-13,2,q4-ridge-fold-2,True
附件一（训练集）.xlsx|材料3|1059,材料3|25|三角波|56|-20,3,q4-ridge-fold-3,True
附件一（训练集）.xlsx|材料2|1436,材料2|50|三角波|56|-20,0,q4-ridge-fold-0,True
附件一（训练集）.xlsx|材料2|999,材料2|70|正弦波|52|-16,3,q4-ridge-fold-3,True
附件一（训练集）.xlsx|材料4|1304,材料4|50|三角波|55|-16,0,q4-ridge-fold-0,True
附件一（训练集）.xlsx|材料1|378,材料1|50|正弦波|49|-8,3,q4-ridge-fold-3,True
附件一（训练集）.xlsx|材料3|534,材料3|25|正弦波|52|-10,2,q4-ridge-fold-2,True
附件一（训练集）.xlsx|材料1|2587,材料1|25|梯形波|54|-17,0,q4-ridge-fold-0,True
附件一（训练集）.xlsx|材料4|1006,材料4|25|三角波|53|-16,3,q4-ridge-fold-3,True
附件一（训练集）.xlsx|材料2|1158,材料2|25|三角波|49|-12,1,q4-ridge-fold-1,True
附件一（训练集）.xlsx|材料1|483,材料1|50|正弦波|52|-10,0,q4-ridge-fold-0,True
附件一（训练集）.xlsx|材料4|432,材料4|70|正弦波|47|-13,0,q4-ridge-fold-0,True
附件一（训练集）.xlsx|材料1|1143,材料1|25|三角波|52|-18,3,q4-ridge-fold-3,True
附件一（训练集）.xlsx|材料4|2136,材料4|25|梯形波|48|-12,0,q4-ridge-fold-0,True
附件一（训练集）.xlsx|材料4|114,材料4|25|正弦波|52|-15,0,q4-ridge-fold-0,True
附件一（训练集）.xlsx|材料3|1542,材料3|70|三角波|55|-13,2,q4-ridge-fold-2,True
附件一（训练集）.xlsx|材料3|2507,材料3|50|梯形波|48|-7,3,q4-ridge-fold-3,True
附件一（训练集）.xlsx|材料3|1091,材料3|25|三角波|52|-12,4,q4-ridge-fold-4,True
附件一（训练集）.xlsx|材料1|618,材料1|70|正弦波|49|-17,0,q4-ridge-fold-0,True
附件一（训练集）.xlsx|材料3|2742,材料3|70|梯形波|52|-8,4,q4-ridge-fold-4,True
附件一（训练集）.xlsx|材料3|339,材料3|90|正弦波|55|-15,3,q4-ridge-fold-3,True
附件一（训练集）.xlsx|材料3|2053,材料3|25|梯形波|51|-7,1,q4-ridge-fold-1,True
附件一（训练集）.xlsx|材料4|460,材料4|70|正弦波|49|-15,4,q4-ridge-fold-4,True
附件一（训练集）.xlsx|材料1|12,材料1|25|正弦波|46|-7,3,q4-ridge-fold-3,True
附件一（训练集）.xlsx|材料3|1666,材料3|70|三角波|55|-19,2,q4-ridge-fold-2,True
附件一（训练集）.xlsx|材料2|2904,材料2|90|梯形波|55|-17,2,q4-ridge-fold-2,True
附件一（训练集）.xlsx|材料1|3065,材料1|70|梯形波|52|-9,0,q4-ridge-fold-0,True
附件一（训练集）.xlsx|材料1|1444,材料1|50|三角波|52|-20,4,q4-ridge-fold-4,True
附件一（训练集）.xlsx|材料2|1010,材料2|90|正弦波|47|-16,0,q4-ridge-fold-0,True
附件一（训练集）.xlsx|材料3|2719,材料3|70|梯形波|49|-12,2,q4-ridge-fold-2,True
附件一（训练集）.xlsx|材料1|2207,材料1|90|三角波|55|-17,4,q4-ridge-fold-4,True
附件一（训练集）.xlsx|材料1|217,材料1|25|正弦波|52|-14,1,q4-ridge-fold-1,True
附件一（训练集）.xlsx|材料2|2675,材料2|70|梯形波|46|-8,3,q4-ridge-fold-3,True
附件一（训练集）.xlsx|材料1|99,材料1|25|正弦波|49|-10,0,q4-ridge-fold-0,True
附件一（训练集）.xlsx|材料1|3395,材料1|90|梯形波|55|-17,0,q4-ridge-fold-0,True
附件一（训练集）.xlsx|材料3|2252,材料3|25|梯形波|54|-12,1,q4-ridge-fold-1,True
附件一（训练集）.xlsx|材料1|32,材料1|25|正弦波|47|-17,1,q4-ridge-fold-1,True
附件一（训练集）.xlsx|材料2|1400,材料2|50|三角波|50|-9,2,q4-ridge-fold-2,True
附件一（训练集）.xlsx|材料2|1593,材料2|70|三角波|52|-18,1,q4-ridge-fold-1,True
附件一（训练集）.xlsx|材料3|2506,材料3|50|梯形波|48|-8,3,q4-ridge-fold-3,True
附件一（训练集）.xlsx|材料4|2510,材料4|70|梯形波|49|-11,4,q4-ridge-fold-4,True
附件一（训练集）.xlsx|材料1|1704,材料1|70|三角波|47|-7,0,q4-ridge-fold-0,True
附件一（训练集）.xlsx|材料3|840,材料3|90|正弦波|49|-9,4,q4-ridge-fold-4,True
附件一（训练集）.xlsx|材料3|2078,材料3|25|梯形波|54|-12,1,q4-ridge-fold-1,True
附件一（训练集）.xlsx|材料2|2436,材料2|50|梯形波|48|-6,2,q4-ridge-fold-2,True
附件一（训练集）.xlsx|材料4|1182,材料4|50|三角波|48|-13,3,q4-ridge-fold-3,True
附件一（训练集）.xlsx|材料4|2362,材料4|50|梯形波|51|-18,1,q4-ridge-fold-1,True
附件一（训练集）.xlsx|材料2|743,材料2|70|正弦波|52|-11,0,q4-ridge-fold-0,True
附件一（训练集）.xlsx|材料3|1971,材料3|90|三角波|50|-9,1,q4-ridge-fold-1,True
附件一（训练集）.xlsx|材料1|610,材料1|70|正弦波|49|-13,4,q4-ridge-fold-4,True
附件一（训练集）.xlsx|材料1|935,材料1|90|正弦波|50|-12,1,q4-ridge-fold-1,True
附件一（训练集）.xlsx|材料3|485,材料3|50|正弦波|49|-18,4,q4-ridge-fold-4,True
附件一（训练集）.xlsx|材料1|583,材料1|70|正弦波|48|-14,4,q4-ridge-fold-4,True
附件一（训练集）.xlsx|材料2|1488,材料2|50|三角波|55|-19,0,q4-ridge-fold-0,True
附件一（训练集）.xlsx|材料1|1784,材料1|70|三角波|52|-18,3,q4-ridge-fold-3,True
附件一（训练集）.xlsx|材料4|1055,材料4|25|三角波|55|-18,4,q4-ridge-fold-4,True
附件一（训练集）.xlsx|材料1|1986,材料1|70|三角波|49|-14,0,q4-ridge-fold-0,True
附件一（训练集）.xlsx|材料2|991,材料2|50|正弦波|53|-11,2,q4-ridge-fold-2,True
附件一（训练集）.xlsx|材料3|2384,材料3|50|梯形波|55|-19,4,q4-ridge-fold-4,True
附件一（训练集）.xlsx|材料4|1228,材料4|50|三角波|51|-11,4,q4-ridge-fold-4,True
附件一（训练集）.xlsx|材料1|2975,材料1|70|梯形波|50|-15,2,q4-ridge-fold-2,True
附件一（训练集）.xlsx|材料2|2595,材料2|70|梯形波|46|-11,3,q4-ridge-fold-3,True
附件一（训练集）.xlsx|材料4|392,材料4|50|正弦波|55|-18,2,q4-ridge-fold-2,True
附件一（训练集）.xlsx|材料2|846,材料2|90|正弦波|55|-15,3,q4-ridge-fold-3,True
附件一（训练集）.xlsx|材料1|635,材料1|70|正弦波|50|-16,0,q4-ridge-fold-0,True
附件一（训练集）.xlsx|材料4|2024,材料4|25|三角波|56|-11,4,q4-ridge-fold-4,True
附件一（训练集）.xlsx|材料1|3193,材料1|90|梯形波|48|-7,2,q4-ridge-fold-2,True
附件一（训练集）.xlsx|材料2|773,材料2|90|正弦波|46|-8,3,q4-ridge-fold-3,True
附件一（训练集）.xlsx|材料3|50,材料3|25|正弦波|52|-9,1,q4-ridge-fold-1,True
附件一（训练集）.xlsx|材料3|1578,材料3|70|三角波|52|-17,0,q4-ridge-fold-0,True
附件一（训练集）.xlsx|材料1|22,材料1|25|正弦波|47|-11,3,q4-ridge-fold-3,True
附件一（训练集）.xlsx|材料4|2588,材料4|90|三角波|52|-15,4,q4-ridge-fold-4,True
附件一（训练集）.xlsx|材料2|1802,材料2|70|三角波|55|-13,3,q4-ridge-fold-3,True
附件一（训练集）.xlsx|材料3|2091,材料3|25|梯形波|55|-21,3,q4-ridge-fold-3,True
附件一（训练集）.xlsx|材料3|970,材料3|25|正弦波|47|-13,0,q4-ridge-fold-0,True
附件一（训练集）.xlsx|材料2|589,材料2|25|正弦波|55|-16,1,q4-ridge-fold-1,True
附件一（训练集）.xlsx|材料2|471,材料2|25|正弦波|47|-9,2,q4-ridge-fold-2,True
附件一（训练集）.xlsx|材料3|455,材料3|50|正弦波|46|-11,0,q4-ridge-fold-0,True
附件一（训练集）.xlsx|材料1|1129,材料1|25|三角波|51|-13,4,q4-ridge-fold-4,True
附件一（训练集）.xlsx|材料1|1689,材料1|50|三角波|49|-8,0,q4-ridge-fold-0,True
附件一（训练集）.xlsx|材料4|2415,材料4|70|三角波|55|-14,4,q4-ridge-fold-4,True
附件一（训练集）.xlsx|材料4|2639,材料4|90|三角波|55|-13,0,q4-ridge-fold-0,True
附件一（训练集）.xlsx|材料2|1842,材料2|90|三角波|55|-14,2,q4-ridge-fold-2,True
附件一（训练集）.xlsx|材料1|2174,材料1|90|三角波|54|-20,4,q4-ridge-fold-4,True
附件一（训练集）.xlsx|材料1|2798,材料1|50|梯形波|52|-17,3,q4-ridge-fold-3,True
附件一（训练集）.xlsx|材料4|231,材料4|50|正弦波|48|-12,3,q4-ridge-fold-3,True
附件一（训练集）.xlsx|材料3|509,材料3|25|正弦波|49|-8,4,q4-ridge-fold-4,True
附件一（训练集）.xlsx|材料2|2584,材料2|70|梯形波|55|-13,3,q4-ridge-fold-3,True
附件一（训练集）.xlsx|材料1|669,材料1|70|正弦波|51|-19,1,q4-ridge-fold-1,True
附件一（训练集）.xlsx|材料1|2398,材料1|25|梯形波|48|-11,1,q4-ridge-fold-1,True
附件一（训练集）.xlsx|材料1|2122,材料1|90|三角波|52|-17,3,q4-ridge-fold-3,True
附件一（训练集）.xlsx|材料1|204,材料1|25|正弦波|52|-11,4,q4-ridge-fold-4,True
附件一（训练集）.xlsx|材料2|1489,材料2|50|三角波|55|-18,0,q4-ridge-fold-0,True
附件一（训练集）.xlsx|材料1|2523,材料1|25|梯形波|52|-10,2,q4-ridge-fold-2,True
附件一（训练集）.xlsx|材料1|1856,材料1|70|三角波|54|-11,3,q4-ridge-fold-3,True
附件一（训练集）.xlsx|材料3|1414,材料3|50|三角波|52|-13,0,q4-ridge-fold-0,True
附件一（训练集）.xlsx|材料4|1894,材料4|90|三角波|49|-9,0,q4-ridge-fold-0,True
附件一（训练集）.xlsx|材料2|2045,材料2|90|三角波|56|-13,2,q4-ridge-fold-2,True
附件一（训练集）.xlsx|材料4|1833,材料4|90|三角波|56|-20,0,q4-ridge-fold-0,True
附件一（训练集）.xlsx|材料3|2708,材料3|70|梯形波|48|-7,2,q4-ridge-fold-2,True
附件一（训练集）.xlsx|材料2|1686,材料2|70|三角波|56|-19,3,q4-ridge-fold-3,True
附件一（训练集）.xlsx|材料3|2005,材料3|25|三角波|55|-14,1,q4-ridge-fold-1,True
附件一（训练集）.xlsx|材料1|2081,材料1|90|三角波|52|-17,3,q4-ridge-fold-3,True
附件一（训练集）.xlsx|材料3|205,材料3|70|正弦波|50|-12,1,q4-ridge-fold-1,True
附件一（训练集）.xlsx|材料2|1441,材料2|50|三角波|56|-14,2,q4-ridge-fold-2,True
附件一（训练集）.xlsx|材料3|719,材料3|70|正弦波|55|-15,1,q4-ridge-fold-1,True
附件一（训练集）.xlsx|材料1|2585,材料1|25|梯形波|54|-18,2,q4-ridge-fold-2,True
附件一（训练集）.xlsx|材料1|2666,材料1|50|梯形波|48|-6,2,q4-ridge-fold-2,True
附件一（训练集）.xlsx|材料3|1057,材料3|25|三角波|55|-12,0,q4-ridge-fold-0,True
附件一（训练集）.xlsx|材料3|1243,材料3|25|三角波|52|-8,1,q4-ridge-fold-1,True
附件一（训练集）.xlsx|材料3|3086,材料3|90|梯形波|55|-10,4,q4-ridge-fold-4,True
附件一（训练集）.xlsx|材料1|890,材料1|90|正弦波|49|-17,4,q4-ridge-fold-4,True
附件一（训练集）.xlsx|材料3|2714,材料3|70|梯形波|49|-7,0,q4-ridge-fold-0,True
附件一（训练集）.xlsx|材料4|2469,材料4|70|梯形波|47|-13,1,q4-ridge-fold-1,True
附件一（训练集）.xlsx|材料2|1044,材料2|25|正弦波|49|-9,1,q4-ridge-fold-1,True
附件一（训练集）.xlsx|材料4|465,材料4|70|正弦波|49|-10,1,q4-ridge-fold-1,True
附件一（训练集）.xlsx|材料3|2198,材料3|25|梯形波|48|-6,3,q4-ridge-fold-3,True
附件一（训练集）.xlsx|材料2|299,材料2|90|正弦波|49|-13,0,q4-ridge-fold-0,True
附件一（训练集）.xlsx|材料3|1533,材料3|70|三角波|54|-14,4,q4-ridge-fold-4,True
附件一（训练集）.xlsx|材料1|2611,材料1|50|三角波|55|-9,0,q4-ridge-fold-0,True
附件一（训练集）.xlsx|材料1|18,材料1|25|正弦波|47|-14,1,q4-ridge-fold-1,True
附件一（训练集）.xlsx|材料4|1600,材料4|70|三角波|48|-16,0,q4-ridge-fold-0,True
附件一（训练集）.xlsx|材料2|1587,材料2|70|三角波|52|-13,3,q4-ridge-fold-3,True
附件一（训练集）.xlsx|材料1|1975,材料1|70|三角波|49|-12,2,q4-ridge-fold-2,True
附件一（训练集）.xlsx|材料2|2654,材料2|70|梯形波|55|-9,2,q4-ridge-fold-2,True
附件一（训练集）.xlsx|材料3|930,材料3|50|正弦波|55|-14,3,q4-ridge-fold-3,True
附件一（训练集）.xlsx|材料2|1812,材料2|90|三角波|51|-13,0,q4-ridge-fold-0,True
附件一（训练集）.xlsx|材料3|721,材料3|70|正弦波|55|-19,1,q4-ridge-fold-1,True
附件一（训练集）.xlsx|材料2|1211,材料2|25|三角波|56|-12,3,q4-ridge-fold-3,True
附件一（训练集）.xlsx|材料1|556,材料1|70|正弦波|47|-8,1,q4-ridge-fold-1,True
附件一（训练集）.xlsx|材料3|2373,材料3|50|梯形波|54|-20,2,q4-ridge-fold-2,True
附件一（训练集）.xlsx|材料3|1569,材料3|70|三角波|49|-12,2,q4-ridge-fold-2,True
附件一（训练集）.xlsx|材料1|1981,材料1|70|三角波|49|-9,4,q4-ridge-fold-4,True
附件一（训练集）.xlsx|材料2|297,材料2|90|正弦波|49|-16,4,q4-ridge-fold-4,True
附件一（训练集）.xlsx|材料2|520,材料2|25|正弦波|47|-13,4,q4-ridge-fold-4,True
附件一（训练集）.xlsx|材料4|895,材料4|25|三角波|47|-8,3,q4-ridge-fold-3,True
附件一（训练集）.xlsx|材料3|1264,材料3|25|三角波|55|-12,0,q4-ridge-fold-0,True
附件一（训练集）.xlsx|材料3|1272,材料3|50|三角波|49|-15,2,q4-ridge-fold-2,True
附件一（训练集）.xlsx|材料3|715,材料3|70|正弦波|55|-20,2,q4-ridge-fold-2,True
附件一（训练集）.xlsx|材料3|2175,材料3|25|梯形波|56|-21,0,q4-ridge-fold-0,True
附件一（训练集）.xlsx|材料3|2990,材料3|90|梯形波|54|-12,0,q4-ridge-fold-0,True
附件一（训练集）.xlsx|材料1|2327,材料1|25|三角波|55|-9,2,q4-ridge-fold-2,True
附件一（训练集）.xlsx|材料4|2310,材料4|50|梯形波|49|-14,0,q4-ridge-fold-0,True
附件一（训练集）.xlsx|材料3|3071,材料3|90|梯形波|54|-16,0,q4-ridge-fold-0,True
附件一（训练集）.xlsx|材料1|1045,材料1|90|正弦波|54|-17,3,q4-ridge-fold-3,True
附件一（训练集）.xlsx|材料4|1423,材料4|70|三角波|47|-7,3,q4-ridge-fold-3,True
附件一（训练集）.xlsx|材料3|2101,材料3|25|梯形波|46|-9,3,q4-ridge-fold-3,True
附件一（训练集）.xlsx|材料4|1625,材料4|70|三角波|49|-8,1,q4-ridge-fold-1,True
附件一（训练集）.xlsx|材料4|1173,材料4|50|三角波|47|-7,1,q4-ridge-fold-1,True
附件一（训练集）.xlsx|材料4|1379,材料4|50|三角波|49|-9,4,q4-ridge-fold-4,True
附件一（训练集）.xlsx|材料3|959,材料3|70|正弦波|53|-20,1,q4-ridge-fold-1,True
附件一（训练集）.xlsx|材料1|2520,材料1|25|梯形波|52|-12,2,q4-ridge-fold-2,True
附件一（训练集）.xlsx|材料1|2674,材料1|50|梯形波|48|-7,2,q4-ridge-fold-2,True
附件一（训练集）.xlsx|材料1|974,材料1|90|正弦波|52|-9,4,q4-ridge-fold-4,True
附件一（训练集）.xlsx|材料1|346,材料1|50|正弦波|49|-17,0,q4-ridge-fold-0,True
附件一（训练集）.xlsx|材料1|2686,材料1|50|梯形波|49|-7,4,q4-ridge-fold-4,True
附件一（训练集）.xlsx|材料4|319,材料4|50|正弦波|52|-15,4,q4-ridge-fold-4,True
附件一（训练集）.xlsx|材料2|358,材料2|25|正弦波|55|-19,4,q4-ridge-fold-4,True
附件一（训练集）.xlsx|材料1|697,材料1|70|正弦波|52|-10,0,q4-ridge-fold-0,True
附件一（训练集）.xlsx|材料3|731,材料3|90|正弦波|46|-14,2,q4-ridge-fold-2,True
附件一（训练集）.xlsx|材料2|2651,材料2|70|梯形波|55|-14,3,q4-ridge-fold-3,True
附件一（训练集）.xlsx|材料1|2656,材料1|50|梯形波|48|-12,1,q4-ridge-fold-1,True
附件一（训练集）.xlsx|材料4|1734,材料4|90|三角波|52|-16,4,q4-ridge-fold-4,True
附件一（训练集）.xlsx|材料1|3254,材料1|90|梯形波|51|-15,0,q4-ridge-fold-0,True
附件一（训练集）.xlsx|材料3|470,材料3|90|正弦波|47|-16,3,q4-ridge-fold-3,True
附件一（训练集）.xlsx|材料1|456,材料1|50|正弦波|52|-18,3,q4-ridge-fold-3,True
附件一（训练集）.xlsx|材料1|43,材料1|25|正弦波|47|-11,3,q4-ridge-fold-3,True
附件一（训练集）.xlsx|材料2|2239,材料2|25|梯形波|52|-13,1,q4-ridge-fold-1,True
附件一（训练集）.xlsx|材料1|1735,材料1|70|三角波|50|-12,1,q4-ridge-fold-1,True
附件一（训练集）.xlsx|材料3|1435,材料3|50|三角波|55|-16,0,q4-ridge-fold-0,True
附件一（训练集）.xlsx|材料4|34,材料4|25|正弦波|48|-12,4,q4-ridge-fold-4,True
附件一（训练集）.xlsx|材料2|704,材料2|70|正弦波|49|-14,0,q4-ridge-fold-0,True
附件一（训练集）.xlsx|材料1|856,材料1|90|正弦波|49|-14,3,q4-ridge-fold-3,True
附件一（训练集）.xlsx|材料1|3391,材料1|90|梯形波|55|-20,3,q4-ridge-fold-3,True
附件一（训练集）.xlsx|材料2|307,材料2|90|正弦波|50|-12,1,q4-ridge-fold-1,True
附件一（训练集）.xlsx|材料3|1451,材料3|50|三角波|48|-6,2,q4-ridge-fold-2,True
附件一（训练集）.xlsx|材料4|1824,材料4|90|三角波|55|-19,3,q4-ridge-fold-3,True
附件一（训练集）.xlsx|材料4|1820,材料4|90|三角波|55|-15,3,q4-ridge-fold-3,True
附件一（训练集）.xlsx|材料4|1485,材料4|70|三角波|52|-15,2,q4-ridge-fold-2,True
附件一（训练集）.xlsx|材料4|1688,材料4|90|三角波|48|-16,4,q4-ridge-fold-4,True
附件一（训练集）.xlsx|材料3|3023,材料3|90|梯形波|48|-6,3,q4-ridge-fold-3,True
附件一（训练集）.xlsx|材料4|1615,材料4|70|三角波|48|-15,2,q4-ridge-fold-2,True
附件一（训练集）.xlsx|材料2|2956,材料2|90|梯形波|52|-18,0,q4-ridge-fold-0,True
附件一（训练集）.xlsx|材料3|363,材料3|90|正弦波|55|-14,0,q4-ridge-fold-0,True
附件一（训练集）.xlsx|材料1|2175,材料1|90|三角波|54|-20,4,q4-ridge-fold-4,True
附件一（训练集）.xlsx|材料4|832,材料4|90|正弦波|56|-17,1,q4-ridge-fold-1,True
附件一（训练集）.xlsx|材料1|2284,材料1|90|三角波|49|-13,3,q4-ridge-fold-3,True
附件一（训练集）.xlsx|材料1|1350,材料1|25|三角波|49|-6,2,q4-ridge-fold-2,True
附件一（训练集）.xlsx|材料2|1533,材料2|50|三角波|52|-16,0,q4-ridge-fold-0,True
附件一（训练集）.xlsx|材料2|1620,材料2|70|三角波|56|-16,1,q4-ridge-fold-1,True
附件一（训练集）.xlsx|材料4|1711,材料4|90|三角波|51|-12,1,q4-ridge-fold-1,True
附件一（训练集）.xlsx|材料3|2902,材料3|90|三角波|55|-8,3,q4-ridge-fold-3,True
附件一（训练集）.xlsx|材料4|1217,材料4|50|三角波|50|-10,0,q4-ridge-fold-0,True
附件一（训练集）.xlsx|材料2|2005,材料2|90|三角波|52|-15,4,q4-ridge-fold-4,True
附件一（训练集）.xlsx|材料3|1375,材料3|50|三角波|56|-19,4,q4-ridge-fold-4,True
附件一（训练集）.xlsx|材料4|1895,材料4|90|三角波|49|-8,1,q4-ridge-fold-1,True
附件一（训练集）.xlsx|材料3|693,材料3|70|正弦波|50|-9,4,q4-ridge-fold-4,True
附件一（训练集）.xlsx|材料2|2615,材料2|70|梯形波|49|-12,2,q4-ridge-fold-2,True
附件一（训练集）.xlsx|材料3|669,材料3|70|正弦波|49|-17,2,q4-ridge-fold-2,True
附件一（训练集）.xlsx|材料2|2176,材料2|25|梯形波|55|-16,1,q4-ridge-fold-1,True
附件一（训练集）.xlsx|材料1|2268,材料1|90|三角波|49|-14,0,q4-ridge-fold-0,True
附件一（训练集）.xlsx|材料4|2117,材料4|25|梯形波|47|-7,1,q4-ridge-fold-1,True
附件一（训练集）.xlsx|材料1|1254,材料1|25|三角波|55|-17,1,q4-ridge-fold-1,True
附件一（训练集）.xlsx|材料2|1199,材料2|25|三角波|55|-11,3,q4-ridge-fold-3,True
附件一（训练集）.xlsx|材料2|2767,材料2|90|三角波|55|-9,0,q4-ridge-fold-0,True
附件一（训练集）.xlsx|材料3|2800,材料3|70|梯形波|48|-12,3,q4-ridge-fold-3,True
附件一（训练集）.xlsx|材料1|3285,材料1|90|梯形波|52|-16,3,q4-ridge-fold-3,True
附件一（训练集）.xlsx|材料2|67,材料2|25|正弦波|53|-18,4,q4-ridge-fold-4,True
附件一（训练集）.xlsx|材料2|2332,材料2|50|梯形波|52|-9,1,q4-ridge-fold-1,True
附件一（训练集）.xlsx|材料3|2162,材料3|25|梯形波|55|-13,3,q4-ridge-fold-3,True
附件一（训练集）.xlsx|材料1|2084,材料1|90|三角波|52|-16,2,q4-ridge-fold-2,True
附件一（训练集）.xlsx|材料1|103,材料1|25|正弦波|49|-8,3,q4-ridge-fold-3,True
附件一（训练集）.xlsx|材料3|2655,材料3|70|梯形波|52|-16,3,q4-ridge-fold-3,True
附件一（训练集）.xlsx|材料4|955,材料4|25|三角波|51|-11,3,q4-ridge-fold-3,True
附件一（训练集）.xlsx|材料4|1724,材料4|90|三角波|51|-13,1,q4-ridge-fold-1,True
附件一（训练集）.xlsx|材料1|830,材料1|90|正弦波|47|-13,0,q4-ridge-fold-0,True
附件一（训练集）.xlsx|材料2|1658,材料2|70|三角波|52|-9,3,q4-ridge-fold-3,True
附件一（训练集）.xlsx|材料4|2495,材料4|70|梯形波|48|-14,3,q4-ridge-fold-3,True
附件一（训练集）.xlsx|材料4|731,材料4|90|正弦波|51|-16,4,q4-ridge-fold-4,True
附件一（训练集）.xlsx|材料4|1220,材料4|50|三角波|51|-19,1,q4-ridge-fold-1,True
附件一（训练集）.xlsx|材料4|1229,材料4|50|三角波|51|-10,2,q4-ridge-fold-2,True
附件一（训练集）.xlsx|材料1|2796,材料1|50|梯形波|52|-18,0,q4-ridge-fold-0,True
附件一（训练集）.xlsx|材料3|1114,材料3|25|三角波|55|-21,2,q4-ridge-fold-2,True
附件一（训练集）.xlsx|材料4|1018,材料4|25|三角波|54|-17,1,q4-ridge-fold-1,True
附件一（训练集）.xlsx|材料4|38,材料4|25|正弦波|49|-18,4,q4-ridge-fold-4,True
附件一（训练集）.xlsx|材料1|2643,材料1|50|梯形波|47|-11,0,q4-ridge-fold-0,True
附件一（训练集）.xlsx|材料3|2025,材料3|25|梯形波|46|-10,4,q4-ridge-fold-4,True
附件一（训练集）.xlsx|材料1|579,材料1|70|正弦波|48|-17,1,q4-ridge-fold-1,True
附件一（训练集）.xlsx|材料4|2173,材料4|50|三角波|52|-16,0,q4-ridge-fold-0,True
附件一（训练集）.xlsx|材料1|1667,材料1|50|三角波|49|-13,4,q4-ridge-fold-4,True
附件一（训练集）.xlsx|材料1|2443,材料1|25|梯形波|49|-7,4,q4-ridge-fold-4,True
附件一（训练集）.xlsx|材料3|2017,材料3|25|三角波|55|-13,1,q4-ridge-fold-1,True
附件一（训练集）.xlsx|材料1|1626,材料1|50|三角波|47|-10,4,q4-ridge-fold-4,True
附件一（训练集）.xlsx|材料1|2652,材料1|50|梯形波|48|-14,1,q4-ridge-fold-1,True
附件一（训练集）.xlsx|材料1|2107,材料1|90|三角波|52|-15,2,q4-ridge-fold-2,True
附件一（训练集）.xlsx|材料2|2366,材料2|50|梯形波|49|-14,3,q4-ridge-fold-3,True
附件一（训练集）.xlsx|材料3|3015,材料3|90|梯形波|46|-7,2,q4-ridge-fold-2,True
附件一（训练集）.xlsx|材料2|2329,材料2|50|梯形波|52|-15,1,q4-ridge-fold-1,True
附件一（训练集）.xlsx|材料4|2655,材料4|90|梯形波|47|-12,2,q4-ridge-fold-2,True
附件一（训练集）.xlsx|材料3|574,材料3|50|正弦波|46|-13,3,q4-ridge-fold-3,True
附件一（训练集）.xlsx|材料2|2548,材料2|70|梯形波|51|-11,2,q4-ridge-fold-2,True
附件一（训练集）.xlsx|材料3|2213,材料3|25|梯形波|49|-9,0,q4-ridge-fold-0,True
附件一（训练集）.xlsx|材料1|1558,材料1|50|三角波|54|-11,3,q4-ridge-fold-3,True
附件一（训练集）.xlsx|材料1|1207,材料1|25|三角波|53|-15,2,q4-ridge-fold-2,True
附件一（训练集）.xlsx|材料3|1668,材料3|70|三角波|55|-17,2,q4-ridge-fold-2,True
附件一（训练集）.xlsx|材料4|17,材料4|25|正弦波|47|-13,1,q4-ridge-fold-1,True
附件一（训练集）.xlsx|材料3|1276,材料3|50|三角波|51|-14,3,q4-ridge-fold-3,True
附件一（训练集）.xlsx|材料2|2718,材料2|70|梯形波|52|-12,2,q4-ridge-fold-2,True
附件一（训练集）.xlsx|材料2|591,材料2|25|正弦波|55|-14,3,q4-ridge-fold-3,True
附件一（训练集）.xlsx|材料4|1255,材料4|50|三角波|52|-11,2,q4-ridge-fold-2,True
附件一（训练集）.xlsx|材料4|2745,材料4|90|梯形波|51|-8,4,q4-ridge-fold-4,True
附件一（训练集）.xlsx|材料4|1845,材料4|90|三角波|47|-14,1,q4-ridge-fold-1,True
附件一（训练集）.xlsx|材料3|2785,材料3|70|梯形波|56|-19,0,q4-ridge-fold-0,True
附件一（训练集）.xlsx|材料2|2807,材料2|90|梯形波|52|-11,3,q4-ridge-fold-3,True
附件一（训练集）.xlsx|材料3|2070,材料3|25|梯形波|52|-12,4,q4-ridge-fold-4,True
附件一（训练集）.xlsx|材料2|429,材料2|25|正弦波|50|-16,2,q4-ridge-fold-2,True
附件一（训练集）.xlsx|材料2|2383,材料2|50|梯形波|51|-7,3,q4-ridge-fold-3,True
附件一（训练集）.xlsx|材料4|2003,材料4|25|三角波|55|-14,0,q4-ridge-fold-0,True
附件一（训练集）.xlsx|材料3|1969,材料3|90|三角波|50|-12,2,q4-ridge-fold-2,True
附件一（训练集）.xlsx|材料3|1678,材料3|70|三角波|55|-11,1,q4-ridge-fold-1,True
附件一（训练集）.xlsx|材料2|1549,材料2|50|三角波|54|-16,2,q4-ridge-fold-2,True
附件一（训练集）.xlsx|材料1|599,材料1|70|正弦波|49|-11,3,q4-ridge-fold-3,True
附件一（训练集）.xlsx|材料2|895,材料2|25|正弦波|46|-15,0,q4-ridge-fold-0,True
附件一（训练集）.xlsx|材料4|2155,材料4|25|梯形波|49|-7,2,q4-ridge-fold-2,True
附件一（训练集）.xlsx|材料3|926,材料3|70|正弦波|55|-19,1,q4-ridge-fold-1,True
附件一（训练集）.xlsx|材料2|2245,材料2|25|梯形波|54|-14,4,q4-ridge-fold-4,True
附件一（训练集）.xlsx|材料3|539,材料3|25|正弦波|52|-15,1,q4-ridge-fold-1,True
附件一（训练集）.xlsx|材料1|1481,材料1|50|三角波|52|-12,4,q4-ridge-fold-4,True
附件一（训练集）.xlsx|材料2|450,材料2|50|正弦波|49|-18,0,q4-ridge-fold-0,True
附件一（训练集）.xlsx|材料3|2465,材料3|50|梯形波|54|-9,0,q4-ridge-fold-0,True
附件一（训练集）.xlsx|材料1|3182,材料1|90|梯形波|47|-8,3,q4-ridge-fold-3,True
附件一（训练集）.xlsx|材料3|3165,材料3|90|梯形波|55|-19,0,q4-ridge-fold-0,True
附件一（训练集）.xlsx|材料3|783,材料3|90|正弦波|53|-13,0,q4-ridge-fold-0,True
附件一（训练集）.xlsx|材料2|651,材料2|50|正弦波|52|-14,3,q4-ridge-fold-3,True
附件一（训练集）.xlsx|材料1|1305,材料1|25|三角波|56|-16,0,q4-ridge-fold-0,True
附件一（训练集）.xlsx|材料3|742,材料3|90|正弦波|47|-8,3,q4-ridge-fold-3,True
附件一（训练集）.xlsx|材料4|620,材料4|70|正弦波|56|-19,3,q4-ridge-fold-3,True
附件一（训练集）.xlsx|材料2|1021,材料2|25|正弦波|47|-15,4,q4-ridge-fold-4,True
附件一（训练集）.xlsx|材料3|2049,材料3|25|梯形波|51|-12,3,q4-ridge-fold-3,True
附件一（训练集）.xlsx|材料1|1059,材料1|90|正弦波|55|-17,2,q4-ridge-fold-2,True
附件一（训练集）.xlsx|材料1|411,材料1|50|正弦波|50|-12,4,q4-ridge-fold-4,True
附件一（训练集）.xlsx|材料4|304,材料4|50|正弦波|51|-16,3,q4-ridge-fold-3,True
附件一（训练集）.xlsx|材料1|309,材料1|50|正弦波|47|-11,3,q4-ridge-fold-3,True
附件一（训练集）.xlsx|材料3|2215,材料3|25|梯形波|49|-7,0,q4-ridge-fold-0,True
附件一（训练集）.xlsx|材料3|488,材料3|70|正弦波|52|-19,0,q4-ridge-fold-0,True
附件一（训练集）.xlsx|材料4|1487,材料4|70|三角波|52|-13,0,q4-ridge-fold-0,True
附件一（训练集）.xlsx|材料3|2481,材料3|50|梯形波|55|-15,2,q4-ridge-fold-2,True
附件一（训练集）.xlsx|材料4|85,材料4|25|正弦波|50|-17,3,q4-ridge-fold-3,True
附件一（训练集）.xlsx|材料4|1291,材料4|50|三角波|54|-18,3,q4-ridge-fold-3,True
附件一（训练集）.xlsx|材料2|1093,材料2|25|正弦波|55|-17,1,q4-ridge-fold-1,True
附件一（训练集）.xlsx|材料3|609,材料3|50|正弦波|50|-10,1,q4-ridge-fold-1,True
附件一（训练集）.xlsx|材料2|453,材料2|70|正弦波|49|-9,1,q4-ridge-fold-1,True
附件一（训练集）.xlsx|材料4|505,材料4|70|正弦波|50|-15,4,q4-ridge-fold-4,True
附件一（训练集）.xlsx|材料3|2127,材料3|25|梯形波|51|-13,2,q4-ridge-fold-2,True
附件一（训练集）.xlsx|材料2|2540,材料2|70|梯形波|49|-10,1,q4-ridge-fold-1,True
附件一（训练集）.xlsx|材料1|2552,材料1|25|梯形波|53|-12,1,q4-ridge-fold-1,True
附件一（训练集）.xlsx|材料2|2214,材料2|25|梯形波|49|-12,1,q4-ridge-fold-1,True
附件一（训练集）.xlsx|材料2|1887,材料2|90|三角波|54|-14,2,q4-ridge-fold-2,True
附件一（训练集）.xlsx|材料2|840,材料2|90|正弦波|55|-13,4,q4-ridge-fold-4,True
附件一（训练集）.xlsx|材料1|1422,材料1|50|三角波|50|-8,4,q4-ridge-fold-4,True
附件一（训练集）.xlsx|材料4|195,材料4|50|正弦波|46|-14,0,q4-ridge-fold-0,True
附件一（训练集）.xlsx|材料3|2148,材料3|25|梯形波|52|-9,1,q4-ridge-fold-1,True
附件一（训练集）.xlsx|材料4|593,材料4|70|正弦波|54|-15,3,q4-ridge-fold-3,True
附件一（训练集）.xlsx|材料2|822,材料2|90|正弦波|52|-18,1,q4-ridge-fold-1,True
附件一（训练集）.xlsx|材料2|1820,材料2|90|三角波|52|-20,1,q4-ridge-fold-1,True
附件一（训练集）.xlsx|材料4|2106,材料4|25|梯形波|46|-7,1,q4-ridge-fold-1,True
附件一（训练集）.xlsx|材料3|689,材料3|70|正弦波|50|-14,4,q4-ridge-fold-4,True
附件一（训练集）.xlsx|材料1|1062,材料1|90|正弦波|55|-15,3,q4-ridge-fold-3,True
附件一（训练集）.xlsx|材料3|779,材料3|90|正弦波|53|-19,0,q4-ridge-fold-0,True
附件一（训练集）.xlsx|材料1|2893,材料1|70|三角波|55|-9,1,q4-ridge-fold-1,True
附件一（训练集）.xlsx|材料1|2252,材料1|90|三角波|47|-7,2,q4-ridge-fold-2,True
附件一（训练集）.xlsx|材料2|1294,材料2|25|三角波|50|-9,1,q4-ridge-fold-1,True
附件一（训练集）.xlsx|材料3|2176,材料3|25|梯形波|56|-20,0,q4-ridge-fold-0,True
附件一（训练集）.xlsx|材料2|1198,材料2|25|三角波|55|-13,1,q4-ridge-fold-1,True
附件一（训练集）.xlsx|材料2|2743,材料2|70|梯形波|56|-20,0,q4-ridge-fold-0,True
附件一（训练集）.xlsx|材料1|2708,材料1|50|梯形波|50|-14,2,q4-ridge-fold-2,True
附件一（训练集）.xlsx|材料3|2098,材料3|25|梯形波|55|-13,3,q4-ridge-fold-3,True
附件一（训练集）.xlsx|材料3|1786,材料3|90|三角波|55|-13,2,q4-ridge-fold-2,True
附件一（训练集）.xlsx|材料2|114,材料2|50|正弦波|49|-9,4,q4-ridge-fold-4,True
附件一（训练集）.xlsx|材料3|1494,材料3|50|三角波|54|-10,2,q4-ridge-fold-2,True
附件一（训练集）.xlsx|材料2|2808,材料2|90|梯形波|52|-10,2,q4-ridge-fold-2,True
附件一（训练集）.xlsx|材料3|3081,材料3|90|梯形波|55|-19,0,q4-ridge-fold-0,True
附件一（训练集）.xlsx|材料4|1792,材料4|90|三角波|54|-17,3,q4-ridge-fold-3,True
附件一（训练集）.xlsx|材料3|2670,材料3|70|梯形波|54|-19,3,q4-ridge-fold-3,True
附件一（训练集）.xlsx|材料3|2445,材料3|50|梯形波|52|-6,1,q4-ridge-fold-1,True
附件一（训练集）.xlsx|材料3|2930,材料3|90|梯形波|48|-11,1,q4-ridge-fold-1,True
附件一（训练集）.xlsx|材料1|685,材料1|70|正弦波|52|-17,3,q4-ridge-fold-3,True
附件一（训练集）.xlsx|材料4|297,材料4|50|正弦波|50|-13,1,q4-ridge-fold-1,True
附件一（训练集）.xlsx|材料3|1194,材料3|25|三角波|55|-21,2,q4-ridge-fold-2,True
附件一（训练集）.xlsx|材料3|656,材料3|70|正弦波|46|-14,0,q4-ridge-fold-0,True
附件一（训练集）.xlsx|材料3|1956,材料3|90|三角波|48|-8,4,q4-ridge-fold-4,True
附件一（训练集）.xlsx|材料3|2594,材料3|50|梯形波|47|-12,0,q4-ridge-fold-0,True
附件一（训练集）.xlsx|材料3|3159,材料3|90|梯形波|54|-16,0,q4-ridge-fold-0,True
附件一（训练集）.xlsx|材料2|906,材料2|25|正弦波|47|-12,1,q4-ridge-fold-1,True
附件一（训练集）.xlsx|材料3|1235,材料3|25|三角波|50|-8,4,q4-ridge-fold-4,True
附件一（训练集）.xlsx|材料2|1942,材料2|90|三角波|52|-10,1,q4-ridge-fold-1,True
附件一（训练集）.xlsx|材料1|354,材料1|50|正弦波|49|-12,1,q4-ridge-fold-1,True
附件一（训练集）.xlsx|材料2|2784,材料2|90|梯形波|48|-12,4,q4-ridge-fold-4,True
附件一（训练集）.xlsx|材料3|2717,材料3|70|梯形波|49|-14,3,q4-ridge-fold-3,True
附件一（训练集）.xlsx|材料4|1498,材料4|70|三角波|52|-16,4,q4-ridge-fold-4,True
附件一（训练集）.xlsx|材料1|2860,材料1|50|梯形波|55|-20,4,q4-ridge-fold-4,True
附件一（训练集）.xlsx|材料2|1337,材料2|50|三角波|52|-19,3,q4-ridge-fold-3,True
附件一（训练集）.xlsx|材料4|1094,材料4|25|三角波|48|-15,1,q4-ridge-fold-1,True
附件一（训练集）.xlsx|材料2|522,材料2|25|正弦波|47|-9,2,q4-ridge-fold-2,True
附件一（训练集）.xlsx|材料3|701,材料3|70|正弦波|52|-20,2,q4-ridge-fold-2,True
附件一（训练集）.xlsx|材料1|3044,材料1|70|梯形波|52|-12,1,q4-ridge-fold-1,True
附件一（训练集）.xlsx|材料2|2828,材料2|90|梯形波|55|-21,3,q4-ridge-fold-3,True
附件一（训练集）.xlsx|材料1|896,材料1|90|正弦波|49|-11,0,q4-ridge-fold-0,True
附件一（训练集）.xlsx|材料2|2433,材料2|50|梯形波|48|-10,4,q4-ridge-fold-4,True
附件一（训练集）.xlsx|材料2|2373,材料2|50|梯形波|49|-10,4,q4-ridge-fold-4,True
附件一（训练集）.xlsx|材料1|501,材料1|50|正弦波|53|-19,1,q4-ridge-fold-1,True
附件一（训练集）.xlsx|材料2|282,材料2|90|正弦波|47|-14,4,q4-ridge-fold-4,True
附件一（训练集）.xlsx|材料3|2061,材料3|25|梯形波|52|-11,2,q4-ridge-fold-2,True
附件一（训练集）.xlsx|材料3|620,材料3|50|正弦波|52|-20,4,q4-ridge-fold-4,True
附件一（训练集）.xlsx|材料4|914,材料4|25|三角波|48|-7,3,q4-ridge-fold-3,True
附件一（训练集）.xlsx|材料1|3272,材料1|90|梯形波|51|-13,1,q4-ridge-fold-1,True
附件一（训练集）.xlsx|材料4|308,材料4|50|正弦波|51|-13,3,q4-ridge-fold-3,True
附件一（训练集）.xlsx|材料1|1873,材料1|70|三角波|55|-20,3,q4-ridge-fold-3,True
附件一（训练集）.xlsx|材料3|312,材料3|90|正弦波|55|-15,3,q4-ridge-fold-3,True
附件一（训练集）.xlsx|材料4|2686,材料4|90|梯形波|48|-9,3,q4-ridge-fold-3,True
附件一（训练集）.xlsx|材料1|3234,材料1|90|梯形波|49|-8,2,q4-ridge-fold-2,True
附件一（训练集）.xlsx|材料1|68,材料1|25|正弦波|49|-18,4,q4-ridge-fold-4,True
附件一（训练集）.xlsx|材料2|1059,材料2|25|正弦波|52|-17,2,q4-ridge-fold-2,True
附件一（训练集）.xlsx|材料4|2222,材料4|50|三角波|49|-14,2,q4-ridge-fold-2,True
附件一（训练集）.xlsx|材料4|2395,材料4|70|三角波|55|-9,1,q4-ridge-fold-1,True
附件一（训练集）.xlsx|材料3|2494,材料3|50|梯形波|56|-14,0,q4-ridge-fold-0,True
附件一（训练集）.xlsx|材料3|1524,材料3|70|三角波|52|-14,2,q4-ridge-fold-2,True
附件一（训练集）.xlsx|材料3|301,材料3|90|正弦波|52|-12,4,q4-ridge-fold-4,True
附件一（训练集）.xlsx|材料2|2044,材料2|90|三角波|56|-14,0,q4-ridge-fold-0,True
附件一（训练集）.xlsx|材料2|1103,材料2|25|三角波|51|-9,4,q4-ridge-fold-4,True
附件一（训练集）.xlsx|材料1|2671,材料1|50|梯形波|48|-11,4,q4-ridge-fold-4,True
附件一（训练集）.xlsx|材料2|1124,材料2|25|三角波|54|-21,2,q4-ridge-fold-2,True
附件一（训练集）.xlsx|材料4|2493,材料4|70|梯形波|48|-7,0,q4-ridge-fold-0,True
附件一（训练集）.xlsx|材料3|2739,材料3|70|梯形波|52|-15,4,q4-ridge-fold-4,True
附件一（训练集）.xlsx|材料3|1849,材料3|90|三角波|54|-11,2,q4-ridge-fold-2,True
附件一（训练集）.xlsx|材料2|1243,材料2|25|三角波|54|-16,0,q4-ridge-fold-0,True
附件一（训练集）.xlsx|材料1|1377,材料1|25|三角波|49|-9,3,q4-ridge-fold-3,True
附件一（训练集）.xlsx|材料4|1808,材料4|90|三角波|55|-18,3,q4-ridge-fold-3,True
附件一（训练集）.xlsx|材料1|840,材料1|90|正弦波|48|-16,4,q4-ridge-fold-4,True
附件一（训练集）.xlsx|材料3|361,材料3|50|正弦波|46|-16,4,q4-ridge-fold-4,True
附件一（训练集）.xlsx|材料1|325,材料1|50|正弦波|48|-10,1,q4-ridge-fold-1,True
附件一（训练集）.xlsx|材料4|515,材料4|70|正弦波|51|-19,3,q4-ridge-fold-3,True
附件一（训练集）.xlsx|材料1|3324,材料1|90|梯形波|52|-16,3,q4-ridge-fold-3,True
附件一（训练集）.xlsx|材料2|1879,材料2|90|三角波|52|-13,4,q4-ridge-fold-4,True
附件一（训练集）.xlsx|材料2|2870,材料2|90|梯形波|52|-14,2,q4-ridge-fold-2,True
附件一（训练集）.xlsx|材料2|1027,材料2|25|正弦波|49|-16,0,q4-ridge-fold-0,True
附件一（训练集）.xlsx|材料2|2534,材料2|70|梯形波|48|-11,1,q4-ridge-fold-1,True
附件一（训练集）.xlsx|材料2|693,材料2|70|正弦波|47|-17,4,q4-ridge-fold-4,True
附件一（训练集）.xlsx|材料2|1375,材料2|50|三角波|55|-13,4,q4-ridge-fold-4,True
附件一（训练集）.xlsx|材料2|1387,材料2|50|三角波|49|-13,2,q4-ridge-fold-2,True
附件一（训练集）.xlsx|材料2|360,材料2|25|正弦波|49|-16,0,q4-ridge-fold-0,True
附件一（训练集）.xlsx|材料4|2374,材料4|50|梯形波|52|-20,4,q4-ridge-fold-4,True
附件一（训练集）.xlsx|材料1|3162,材料1|90|三角波|55|-13,4,q4-ridge-fold-4,True
附件一（训练集）.xlsx|材料1|329,材料1|50|正弦波|49|-17,0,q4-ridge-fold-0,True
附件一（训练集）.xlsx|材料2|2453,材料2|50|梯形波|51|-8,3,q4-ridge-fold-3,True
附件一（训练集）.xlsx|材料1|2495,材料1|25|梯形波|52|-17,2,q4-ridge-fold-2,True
附件一（训练集）.xlsx|材料3|2629,材料3|70|梯形波|48|-14,3,q4-ridge-fold-3,True
附件一（训练集）.xlsx|材料1|1521,材料1|50|三角波|53|-11,4,q4-ridge-fold-4,True
附件一（训练集）.xlsx|材料3|1593,材料3|70|三角波|52|-9,2,q4-ridge-fold-2,True
附件一（训练集）.xlsx|材料2|2162,材料2|25|梯形波|52|-9,0,q4-ridge-fold-0,True
附件一（训练集）.xlsx|材料3|3126,材料3|90|梯形波|49|-13,1,q4-ridge-fold-1,True
附件一（训练集）.xlsx|材料2|2317,材料2|50|梯形波|51|-9,3,q4-ridge-fold-3,True
附件一（训练集）.xlsx|材料2|1528,材料2|50|三角波|50|-12,2,q4-ridge-fold-2,True
附件一（训练集）.xlsx|材料4|334,材料4|50|正弦波|52|-12,0,q4-ridge-fold-0,True
附件一（训练集）.xlsx|材料3|422,材料3|90|正弦波|46|-9,4,q4-ridge-fold-4,True
附件一（训练集）.xlsx|材料4|798,材料4|90|正弦波|54|-20,0,q4-ridge-fold-0,True
附件一（训练集）.xlsx|材料3|2796,材料3|70|梯形波|46|-8,4,q4-ridge-fold-4,True
附件一（训练集）.xlsx|材料2|123,材料2|50|正弦波|49|-13,4,q4-ridge-fold-4,True
附件一（训练集）.xlsx|材料3|2648,材料3|70|梯形波|51|-14,2,q4-ridge-fold-2,True
附件一（训练集）.xlsx|材料2|2732,材料2|70|梯形波|55|-17,2,q4-ridge-fold-2,True
附件一（训练集）.xlsx|材料1|3277,材料1|90|梯形波|51|-8,1,q4-ridge-fold-1,True
附件一（训练集）.xlsx|材料1|2506,材料1|25|梯形波|52|-8,3,q4-ridge-fold-3,True
附件一（训练集）.xlsx|材料1|1977,材料1|70|三角波|49|-11,4,q4-ridge-fold-4,True
附件一（训练集）.xlsx|材料3|1801,材料3|90|三角波|49|-14,0,q4-ridge-fold-0,True
附件一（训练集）.xlsx|材料3|179,材料3|70|正弦波|47|-16,1,q4-ridge-fold-1,True
附件一（训练集）.xlsx|材料1|2094,材料1|90|三角波|52|-11,2,q4-ridge-fold-2,True
附件一（训练集）.xlsx|材料1|621,材料1|70|正弦波|49|-15,2,q4-ridge-fold-2,True
附件一（训练集）.xlsx|材料1|327,材料1|50|正弦波|48|-6,1,q4-ridge-fold-1,True
附件一（训练集）.xlsx|材料4|197,材料4|50|正弦波|46|-13,2,q4-ridge-fold-2,True
附件一（训练集）.xlsx|材料3|263,材料3|90|正弦波|47|-7,4,q4-ridge-fold-4,True
附件一（训练集）.xlsx|材料3|2974,材料3|90|梯形波|52|-17,4,q4-ridge-fold-4,True
附件一（训练集）.xlsx|材料4|890,材料4|25|三角波|47|-11,2,q4-ridge-fold-2,True
附件一（训练集）.xlsx|材料3|49,材料3|25|正弦波|52|-10,2,q4-ridge-fold-2,True
附件一（训练集）.xlsx|材料4|1656,材料4|70|三角波|49|-10,1,q4-ridge-fold-1,True
附件一（训练集）.xlsx|材料4|634,材料4|90|正弦波|46|-13,2,q4-ridge-fold-2,True
附件一（训练集）.xlsx|材料1|3231,材料1|90|梯形波|49|-10,3,q4-ridge-fold-3,True
附件一（训练集）.xlsx|材料1|1884,材料1|70|三角波|55|-14,1,q4-ridge-fold-1,True
附件一（训练集）.xlsx|材料2|540,材料2|25|正弦波|49|-9,1,q4-ridge-fold-1,True
附件一（训练集）.xlsx|材料3|3012,材料3|90|梯形波|46|-11,3,q4-ridge-fold-3,True
附件一（训练集）.xlsx|材料3|602,材料3|50|正弦波|50|-19,3,q4-ridge-fold-3,True
附件一（训练集）.xlsx|材料3|1052,材料3|25|三角波|55|-19,4,q4-ridge-fold-4,True
附件一（训练集）.xlsx|材料3|548,材料3|25|正弦波|53|-14,3,q4-ridge-fold-3,True
附件一（训练集）.xlsx|材料2|791,材料2|90|正弦波|49|-17,1,q4-ridge-fold-1,True
附件一（训练集）.xlsx|材料2|1964,材料2|90|三角波|55|-14,2,q4-ridge-fold-2,True
附件一（训练集）.xlsx|材料3|2712,材料3|70|梯形波|49|-10,3,q4-ridge-fold-3,True
附件一（训练集）.xlsx|材料4|1296,材料4|50|三角波|54|-14,4,q4-ridge-fold-4,True
附件一（训练集）.xlsx|材料1|663,材料1|70|正弦波|50|-10,4,q4-ridge-fold-4,True
附件一（训练集）.xlsx|材料1|3302,材料1|90|梯形波|52|-7,4,q4-ridge-fold-4,True
附件一（训练集）.xlsx|材料2|1443,材料2|50|三角波|56|-12,1,q4-ridge-fold-1,True
附件一（训练集）.xlsx|材料4|179,材料4|25|正弦波|55|-19,2,q4-ridge-fold-2,True
附件一（训练集）.xlsx|材料3|3064,材料3|90|梯形波|52|-12,4,q4-ridge-fold-4,True
附件一（训练集）.xlsx|材料1|3135,材料1|90|三角波|55|-9,4,q4-ridge-fold-4,True
附件一（训练集）.xlsx|材料3|1644,材料3|70|三角波|51|-12,4,q4-ridge-fold-4,True
附件一（训练集）.xlsx|材料1|2556,材料1|25|梯形波|53|-10,1,q4-ridge-fold-1,True
附件一（训练集）.xlsx|材料1|682,材料1|70|正弦波|52|-19,3,q4-ridge-fold-3,True
附件一（训练集）.xlsx|材料4|11,材料4|25|正弦波|47|-16,0,q4-ridge-fold-0,True
附件一（训练集）.xlsx|材料4|2307,材料4|50|梯形波|49|-16,3,q4-ridge-fold-3,True
附件一（训练集）.xlsx|材料1|1980,材料1|70|三角波|49|-10,2,q4-ridge-fold-2,True
附件一（训练集）.xlsx|材料2|2203,材料2|25|梯形波|46|-6,3,q4-ridge-fold-3,True
附件一（训练集）.xlsx|材料3|174,材料3|70|正弦波|46|-15,4,q4-ridge-fold-4,True
附件一（训练集）.xlsx|材料1|1420,材料1|50|三角波|50|-10,2,q4-ridge-fold-2,True
附件一（训练集）.xlsx|材料2|2257,材料2|25|梯形波|55|-18,0,q4-ridge-fold-0,True
附件一（训练集）.xlsx|材料3|540,材料3|25|正弦波|52|-14,0,q4-ridge-fold-0,True
附件一（训练集）.xlsx|材料3|3084,材料3|90|梯形波|55|-13,0,q4-ridge-fold-0,True
附件一（训练集）.xlsx|材料3|2358,材料3|50|梯形波|52|-17,1,q4-ridge-fold-1,True
附件一（训练集）.xlsx|材料2|1959,材料2|90|三角波|54|-10,0,q4-ridge-fold-0,True
附件一（训练集）.xlsx|材料1|2418,材料1|25|梯形波|49|-14,1,q4-ridge-fold-1,True
附件一（训练集）.xlsx|材料4|1958,材料4|25|三角波|52|-16,4,q4-ridge-fold-4,True
附件一（训练集）.xlsx|材料4|1352,材料4|50|三角波|48|-16,0,q4-ridge-fold-0,True
附件一（训练集）.xlsx|材料2|1160,材料2|25|三角波|49|-8,4,q4-ridge-fold-4,True
附件一（训练集）.xlsx|材料3|2921,材料3|90|三角波|55|-12,3,q4-ridge-fold-3,True
附件一（训练集）.xlsx|材料1|2133,材料1|90|三角波|52|-11,2,q4-ridge-fold-2,True
附件一（训练集）.xlsx|材料1|2940,材料1|70|梯形波|48|-7,0,q4-ridge-fold-0,True
附件一（训练集）.xlsx|材料2|2494,材料2|50|梯形波|55|-13,1,q4-ridge-fold-1,True
附件一（训练集）.xlsx|材料3|2086,材料3|25|梯形波|55|-15,3,q4-ridge-fold-3,True
附件一（训练集）.xlsx|材料4|269,材料4|50|正弦波|49|-12,0,q4-ridge-fold-0,True
附件一（训练集）.xlsx|材料1|1574,材料1|50|三角波|55|-12,1,q4-ridge-fold-1,True
附件一（训练集）.xlsx|材料4|1977,材料4|25|三角波|52|-7,3,q4-ridge-fold-3,True
附件一（训练集）.xlsx|材料1|3061,材料1|70|梯形波|52|-12,1,q4-ridge-fold-1,True
附件一（训练集）.xlsx|材料1|2660,材料1|50|梯形波|48|-10,2,q4-ridge-fold-2,True
附件一（训练集）.xlsx|材料4|2716,材料4|90|梯形波|49|-8,1,q4-ridge-fold-1,True
附件一（训练集）.xlsx|材料4|789,材料4|90|正弦波|53|-15,0,q4-ridge-fold-0,True
附件一（训练集）.xlsx|材料4|632,材料4|90|正弦波|46|-14,2,q4-ridge-fold-2,True
附件一（训练集）.xlsx|材料2|1902,材料2|90|三角波|55|-12,3,q4-ridge-fold-3,True
附件一（训练集）.xlsx|材料3|109,材料3|50|正弦波|49|-13,2,q4-ridge-fold-2,True
附件一（训练集）.xlsx|材料2|50,材料2|25|正弦波|52|-13,0,q4-ridge-fold-0,True
附件一（训练集）.xlsx|材料4|1165,材料4|50|三角波|47|-15,4,q4-ridge-fold-4,True
附件一（训练集）.xlsx|材料2|1671,材料2|70|三角波|55|-17,4,q4-ridge-fold-4,True
附件一（训练集）.xlsx|材料1|1953,材料1|70|三角波|49|-14,0,q4-ridge-fold-0,True
附件一（训练集）.xlsx|材料2|1742,材料2|70|三角波|55|-16,1,q4-ridge-fold-1,True
附件一（训练集）.xlsx|材料2|2970,材料2|90|梯形波|55|-20,4,q4-ridge-fold-4,True
附件一（训练集）.xlsx|材料4|2135,材料4|25|梯形波|48|-13,3,q4-ridge-fold-3,True
附件一（训练集）.xlsx|材料2|361,材料2|70|正弦波|52|-14,0,q4-ridge-fold-0,True
附件一（训练集）.xlsx|材料3|1780,材料3|90|三角波|55|-20,0,q4-ridge-fold-0,True
附件一（训练集）.xlsx|材料1|200,材料1|25|正弦波|52|-13,4,q4-ridge-fold-4,True
附件一（训练集）.xlsx|材料3|1842,材料3|90|三角波|54|-19,1,q4-ridge-fold-1,True
附件一（训练集）.xlsx|材料4|884,材料4|25|三角波|47|-16,0,q4-ridge-fold-0,True
附件一（训练集）.xlsx|材料3|477,材料3|70|正弦波|50|-17,0,q4-ridge-fold-0,True
附件一（训练集）.xlsx|材料2|1261,材料2|25|三角波|55|-16,0,q4-ridge-fold-0,True
附件一（训练集）.xlsx|材料4|2699,材料4|90|梯形波|49|-11,3,q4-ridge-fold-3,True
附件一（训练集）.xlsx|材料4|64,材料4|25|正弦波|49|-15,4,q4-ridge-fold-4,True
附件一（训练集）.xlsx|材料1|3181,材料1|90|梯形波|47|-8,3,q4-ridge-fold-3,True
附件一（训练集）.xlsx|材料2|2376,材料2|50|梯形波|51|-16,3,q4-ridge-fold-3,True
附件一（训练集）.xlsx|材料4|2439,材料4|70|三角波|55|-16,1,q4-ridge-fold-1,True
附件一（训练集）.xlsx|材料3|2674,材料3|70|梯形波|54|-14,3,q4-ridge-fold-3,True
附件一（训练集）.xlsx|材料1|2223,材料1|90|三角波|55|-15,0,q4-ridge-fold-0,True
附件一（训练集）.xlsx|材料2|2194,材料2|25|梯形波|56|-14,1,q4-ridge-fold-1,True
附件一（训练集）.xlsx|材料3|998,材料3|25|正弦波|50|-13,0,q4-ridge-fold-0,True
附件一（训练集）.xlsx|材料3|2471,材料3|50|梯形波|55|-16,1,q4-ridge-fold-1,True
附件一（训练集）.xlsx|材料1|2147,材料1|90|三角波|53|-15,0,q4-ridge-fold-0,True
附件一（训练集）.xlsx|材料4|653,材料4|90|正弦波|47|-10,4,q4-ridge-fold-4,True
附件一（训练集）.xlsx|材料1|638,材料1|70|正弦波|50|-13,1,q4-ridge-fold-1,True
附件一（训练集）.xlsx|材料4|1698,材料4|90|三角波|48|-10,3,q4-ridge-fold-3,True
附件一（训练集）.xlsx|材料4|2558,材料4|70|梯形波|51|-14,3,q4-ridge-fold-3,True
附件一（训练集）.xlsx|材料3|2538,材料3|50|梯形波|52|-6,1,q4-ridge-fold-1,True
附件一（训练集）.xlsx|材料2|2171,材料2|25|梯形波|54|-9,0,q4-ridge-fold-0,True
附件一（训练集）.xlsx|材料1|2696,材料1|50|梯形波|49|-12,2,q4-ridge-fold-2,True
附件一（训练集）.xlsx|材料1|584,材料1|70|正弦波|48|-13,0,q4-ridge-fold-0,True
附件一（训练集）.xlsx|材料4|1900,材料4|90|三角波|49|-15,1,q4-ridge-fold-1,True
附件一（训练集）.xlsx|材料2|186,材料2|70|正弦波|46|-8,3,q4-ridge-fold-3,True
附件一（训练集）.xlsx|材料1|2445,材料1|25|梯形波|50|-16,2,q4-ridge-fold-2,True
附件一（训练集）.xlsx|材料4|2650,材料4|90|梯形波|46|-6,2,q4-ridge-fold-2,True
附件一（训练集）.xlsx|材料3|2128,材料3|25|梯形波|51|-12,3,q4-ridge-fold-3,True
附件一（训练集）.xlsx|材料1|3068,材料1|70|梯形波|52|-8,3,q4-ridge-fold-3,True
附件一（训练集）.xlsx|材料3|763,材料3|90|正弦波|52|-17,0,q4-ridge-fold-0,True
附件一（训练集）.xlsx|材料4|1482,材料4|70|三角波|52|-16,4,q4-ridge-fold-4,True
附件一（训练集）.xlsx|材料3|2935,材料3|90|梯形波|48|-13,2,q4-ridge-fold-2,True
附件一（训练集）.xlsx|材料1|2323,材料1|25|三角波|55|-15,4,q4-ridge-fold-4,True
附件一（训练集）.xlsx|材料4|2266,材料4|50|梯形波|46|-8,3,q4-ridge-fold-3,True
附件一（训练集）.xlsx|材料1|2415,材料1|25|梯形波|49|-15,2,q4-ridge-fold-2,True
附件一（训练集）.xlsx|材料3|2248,材料3|25|梯形波|54|-17,3,q4-ridge-fold-3,True
附件一（训练集）.xlsx|材料2|725,材料2|70|正弦波|50|-11,4,q4-ridge-fold-4,True
附件一（训练集）.xlsx|材料3|1690,材料3|70|三角波|48|-7,2,q4-ridge-fold-2,True
附件一（训练集）.xlsx|材料3|528,材料3|25|正弦波|52|-16,0,q4-ridge-fold-0,True
附件一（训练集）.xlsx|材料1|3168,材料1|90|三角波|55|-8,1,q4-ridge-fold-1,True
附件一（训练集）.xlsx|材料3|666,材料3|70|正弦波|47|-9,2,q4-ridge-fold-2,True
附件一（训练集）.xlsx|材料2|76,材料2|25|正弦波|55|-19,4,q4-ridge-fold-4,True
附件一（训练集）.xlsx|材料1|1601,材料1|50|三角波|55|-15,1,q4-ridge-fold-1,True
附件一（训练集）.xlsx|材料1|2139,材料1|90|三角波|53|-19,2,q4-ridge-fold-2,True
附件一（训练集）.xlsx|材料2|154,材料2|50|正弦波|53|-20,0,q4-ridge-fold-0,True
附件一（训练集）.xlsx|材料2|1430,材料2|50|三角波|55|-20,1,q4-ridge-fold-1,True
附件一（训练集）.xlsx|材料4|2327,材料4|50|梯形波|49|-12,2,q4-ridge-fold-2,True
附件一（训练集）.xlsx|材料4|2233,材料4|50|三角波|55|-19,0,q4-ridge-fold-0,True
附件一（训练集）.xlsx|材料1|353,材料1|50|正弦波|49|-12,1,q4-ridge-fold-1,True
附件一（训练集）.xlsx|材料3|2954,材料3|90|梯形波|51|-13,2,q4-ridge-fold-2,True
附件一（训练集）.xlsx|材料4|1760,材料4|90|三角波|52|-17,1,q4-ridge-fold-1,True
附件一（训练集）.xlsx|材料3|1680,材料3|70|三角波|56|-21,4,q4-ridge-fold-4,True
附件一（训练集）.xlsx|材料3|2994,材料3|90|梯形波|55|-18,0,q4-ridge-fold-0,True
附件一（训练集）.xlsx|材料3|1535,材料3|70|三角波|54|-11,4,q4-ridge-fold-4,True
附件一（训练集）.xlsx|材料2|2948,材料2|90|梯形波|52|-15,3,q4-ridge-fold-3,True
附件一（训练集）.xlsx|材料1|502,材料1|50|正弦波|53|-19,1,q4-ridge-fold-1,True
附件一（训练集）.xlsx|材料4|2598,材料4|90|三角波|55|-18,3,q4-ridge-fold-3,True
附件一（训练集）.xlsx|材料3|1463,材料3|50|三角波|49|-7,0,q4-ridge-fold-0,True
附件一（训练集）.xlsx|材料3|988,材料3|25|正弦波|49|-13,0,q4-ridge-fold-0,True
附件一（训练集）.xlsx|材料4|2377,材料4|50|梯形波|52|-17,2,q4-ridge-fold-2,True
附件一（训练集）.xlsx|材料2|2570,材料2|70|梯形波|54|-19,0,q4-ridge-fold-0,True
附件一（训练集）.xlsx|材料4|2755,材料4|90|梯形波|51|-12,1,q4-ridge-fold-1,True
附件一（训练集）.xlsx|材料3|1218,材料3|25|三角波|49|-11,1,q4-ridge-fold-1,True
附件一（训练集）.xlsx|材料3|1079,材料3|25|三角波|50|-15,4,q4-ridge-fold-4,True
附件一（训练集）.xlsx|材料3|2530,材料3|50|梯形波|51|-9,0,q4-ridge-fold-0,True
附件一（训练集）.xlsx|材料2|2333,材料2|50|梯形波|52|-8,4,q4-ridge-fold-4,True
附件一（训练集）.xlsx|材料1|729,材料1|70|正弦波|52|-14,2,q4-ridge-fold-2,True
附件一（训练集）.xlsx|材料2|2692,材料2|70|梯形波|49|-12,2,q4-ridge-fold-2,True
附件一（训练集）.xlsx|材料4|1549,材料4|70|三角波|54|-14,3,q4-ridge-fold-3,True
附件一（训练集）.xlsx|材料1|2782,材料1|50|梯形波|52|-13,4,q4-ridge-fold-4,True
附件一（训练集）.xlsx|材料1|2214,材料1|90|三角波|55|-20,2,q4-ridge-fold-2,True
附件一（训练集）.xlsx|材料2|1161,材料2|25|三角波|49|-7,4,q4-ridge-fold-4,True
附件一（训练集）.xlsx|材料3|1311,材料3|50|三角波|55|-16,0,q4-ridge-fold-0,True
附件一（训练集）.xlsx|材料2|2398,材料2|50|梯形波|54|-19,0,q4-ridge-fold-0,True
附件一（训练集）.xlsx|材料3|3136,材料3|90|梯形波|51|-8,2,q4-ridge-fold-2,True
附件一（训练集）.xlsx|材料1|2367,材料1|25|三角波|55|-10,2,q4-ridge-fold-2,True
附件一（训练集）.xlsx|材料1|2325,材料1|25|三角波|55|-11,3,q4-ridge-fold-3,True
附件一（训练集）.xlsx|材料2|2147,材料2|25|梯形波|51|-11,2,q4-ridge-fold-2,True
附件一（训练集）.xlsx|材料1|1808,材料1|70|三角波|52|-15,2,q4-ridge-fold-2,True
附件一（训练集）.xlsx|材料1|910,材料1|90|正弦波|50|-15,1,q4-ridge-fold-1,True
附件一（训练集）.xlsx|材料2|1980,材料2|90|三角波|56|-14,0,q4-ridge-fold-0,True
附件一（训练集）.xlsx|材料3|1576,材料3|70|三角波|50|-6,4,q4-ridge-fold-4,True
附件一（训练集）.xlsx|材料3|419,材料3|90|正弦波|46|-16,3,q4-ridge-fold-3,True
附件一（训练集）.xlsx|材料4|1311,材料4|50|三角波|55|-19,0,q4-ridge-fold-0,True
附件一（训练集）.xlsx|材料3|1107,材料3|25|三角波|54|-16,3,q4-ridge-fold-3,True
附件一（训练集）.xlsx|材料1|1301,材料1|25|三角波|56|-18,0,q4-ridge-fold-0,True
附件一（训练集）.xlsx|材料2|2230,材料2|25|梯形波|52|-14,0,q4-ridge-fold-0,True
附件一（训练集）.xlsx|材料1|452,材料1|50|正弦波|52|-8,2,q4-ridge-fold-2,True
附件一（训练集）.xlsx|材料2|1026,材料2|25|正弦波|49|-18,3,q4-ridge-fold-3,True
附件一（训练集）.xlsx|材料3|782,材料3|90|正弦波|53|-14,0,q4-ridge-fold-0,True
附件一（训练集）.xlsx|材料3|1140,材料3|25|三角波|48|-11,0,q4-ridge-fold-0,True
附件一（训练集）.xlsx|材料1|3139,材料1|90|三角波|55|-18,3,q4-ridge-fold-3,True
附件一（训练集）.xlsx|材料1|2617,材料1|50|三角波|55|-16,1,q4-ridge-fold-1,True
附件一（训练集）.xlsx|材料3|190,材料3|70|正弦波|49|-15,2,q4-ridge-fold-2,True
附件一（训练集）.xlsx|材料1|735,材料1|70|正弦波|52|-9,4,q4-ridge-fold-4,True
附件一（训练集）.xlsx|材料2|96,材料2|50|正弦波|46|-12,1,q4-ridge-fold-1,True
附件一（训练集）.xlsx|材料3|2082,材料3|25|梯形波|55|-20,2,q4-ridge-fold-2,True
附件一（训练集）.xlsx|材料3|2662,材料3|70|梯形波|52|-7,0,q4-ridge-fold-0,True
附件一（训练集）.xlsx|材料1|1774,材料1|70|三角波|52|-11,3,q4-ridge-fold-3,True
附件一（训练集）.xlsx|材料4|2404,材料4|70|三角波|55|-16,1,q4-ridge-fold-1,True
附件一（训练集）.xlsx|材料2|1074,材料2|25|正弦波|52|-11,1,q4-ridge-fold-1,True
附件一（训练集）.xlsx|材料2|1726,材料2|70|三角波|52|-13,3,q4-ridge-fold-3,True
附件一（训练集）.xlsx|材料1|789,材料1|70|正弦波|55|-19,1,q4-ridge-fold-1,True
附件一（训练集）.xlsx|材料1|1587,材料1|50|三角波|55|-15,1,q4-ridge-fold-1,True
附件一（训练集）.xlsx|材料4|2399,材料4|70|三角波|55|-19,2,q4-ridge-fold-2,True
附件一（训练集）.xlsx|材料1|844,材料1|90|正弦波|48|-12,3,q4-ridge-fold-3,True
附件一（训练集）.xlsx|材料3|1986,材料3|90|三角波|54|-14,3,q4-ridge-fold-3,True
附件一（训练集）.xlsx|材料2|875,材料2|70|正弦波|52|-14,0,q4-ridge-fold-0,True
附件一（训练集）.xlsx|材料4|2176,材料4|50|三角波|52|-16,0,q4-ridge-fold-0,True
附件一（训练集）.xlsx|材料2|1925,材料2|90|三角波|49|-12,2,q4-ridge-fold-2,True
附件一（训练集）.xlsx|材料1|271,材料1|25|正弦波|54|-13,3,q4-ridge-fold-3,True
附件一（训练集）.xlsx|材料1|475,材料1|50|正弦波|52|-17,0,q4-ridge-fold-0,True
附件一（训练集）.xlsx|材料3|1697,材料3|70|三角波|49|-14,4,q4-ridge-fold-4,True
附件一（训练集）.xlsx|材料2|474,材料2|25|正弦波|52|-11,1,q4-ridge-fold-1,True
附件一（训练集）.xlsx|材料4|1346,材料4|50|三角波|48|-9,1,q4-ridge-fold-1,True
附件一（训练集）.xlsx|材料4|228,材料4|50|正弦波|48|-15,0,q4-ridge-fold-0,True
附件一（训练集）.xlsx|材料3|741,材料3|90|正弦波|47|-10,4,q4-ridge-fold-4,True
附件一（训练集）.xlsx|材料4|113,材料4|25|正弦波|52|-16,4,q4-ridge-fold-4,True
附件一（训练集）.xlsx|材料2|2981,材料2|90|梯形波|55|-15,4,q4-ridge-fold-4,True
附件一（训练集）.xlsx|材料4|2050,材料4|25|三角波|52|-17,0,q4-ridge-fold-0,True
附件一（训练集）.xlsx|材料2|2212,材料2|25|梯形波|49|-8,3,q4-ridge-fold-3,True
附件一（训练集）.xlsx|材料2|1871,材料2|90|三角波|52|-11,0,q4-ridge-fold-0,True
附件一（训练集）.xlsx|材料3|264,材料3|90|正弦波|49|-17,1,q4-ridge-fold-1,True
附件一（训练集）.xlsx|材料2|796,材料2|90|正弦波|49|-12,0,q4-ridge-fold-0,True
附件一（训练集）.xlsx|材料1|3335,材料1|90|梯形波|52|-8,2,q4-ridge-fold-2,True
附件一（训练集）.xlsx|材料3|3192,材料3|90|梯形波|56|-13,3,q4-ridge-fold-3,True
附件一（训练集）.xlsx|材料3|3098,材料3|90|梯形波|56|-21,3,q4-ridge-fold-3,True
附件一（训练集）.xlsx|材料2|957,材料2|90|正弦波|49|-9,4,q4-ridge-fold-4,True
附件一（训练集）.xlsx|材料2|2137,材料2|25|梯形波|49|-12,1,q4-ridge-fold-1,True
附件一（训练集）.xlsx|材料2|2216,材料2|25|梯形波|49|-8,3,q4-ridge-fold-3,True
附件一（训练集）.xlsx|材料2|288,材料2|90|正弦波|47|-7,4,q4-ridge-fold-4,True
附件一（训练集）.xlsx|材料3|2992,材料3|90|梯形波|55|-21,0,q4-ridge-fold-0,True
附件一（训练集）.xlsx|材料3|142,材料3|50|正弦波|52|-17,1,q4-ridge-fold-1,True
附件一（训练集）.xlsx|材料1|3047,材料1|70|梯形波|52|-10,1,q4-ridge-fold-1,True
附件一（训练集）.xlsx|材料4|2088,材料4|25|三角波|55|-18,4,q4-ridge-fold-4,True
附件一（训练集）.xlsx|材料1|213,材料1|25|正弦波|52|-17,2,q4-ridge-fold-2,True
附件一（训练集）.xlsx|材料4|2089,材料4|25|三角波|55|-18,4,q4-ridge-fold-4,True
附件一（训练集）.xlsx|材料3|2611,材料3|70|三角波|56|-10,1,q4-ridge-fold-1,True
附件一（训练集）.xlsx|材料1|2970,材料1|70|梯形波|49|-7,1,q4-ridge-fold-1,True
附件一（训练集）.xlsx|材料3|2299,材料3|50|三角波|55|-19,1,q4-ridge-fold-1,True
附件一（训练集）.xlsx|材料1|2103,材料1|90|三角波|52|-17,3,q4-ridge-fold-3,True
附件一（训练集）.xlsx|材料3|1604,材料3|70|三角波|55|-19,2,q4-ridge-fold-2,True
附件一（训练集）.xlsx|材料1|554,材料1|70|正弦波|47|-10,0,q4-ridge-fold-0,True
附件一（训练集）.xlsx|材料1|3038,材料1|70|梯形波|52|-16,1,q4-ridge-fold-1,True
附件一（训练集）.xlsx|材料1|2576,材料1|25|梯形波|54|-12,2,q4-ridge-fold-2,True
附件一（训练集）.xlsx|材料2|150,材料2|50|正弦波|52|-13,3,q4-ridge-fold-3,True
附件一（训练集）.xlsx|材料1|3225,材料1|90|梯形波|49|-13,3,q4-ridge-fold-3,True
附件一（训练集）.xlsx|材料1|3363,材料1|90|梯形波|54|-14,0,q4-ridge-fold-0,True
附件一（训练集）.xlsx|材料3|1953,材料3|90|三角波|48|-12,1,q4-ridge-fold-1,True
附件一（训练集）.xlsx|材料2|2341,材料2|50|梯形波|55|-21,0,q4-ridge-fold-0,True
附件一（训练集）.xlsx|材料2|2947,材料2|90|梯形波|52|-16,1,q4-ridge-fold-1,True
附件一（训练集）.xlsx|材料2|703,材料2|70|正弦波|49|-15,2,q4-ridge-fold-2,True
附件一（训练集）.xlsx|材料4|510,材料4|70|正弦波|50|-12,3,q4-ridge-fold-3,True
附件一（训练集）.xlsx|材料1|1411,材料1|50|三角波|50|-16,4,q4-ridge-fold-4,True
附件一（训练集）.xlsx|材料1|1406,材料1|50|三角波|50|-8,4,q4-ridge-fold-4,True
附件一（训练集）.xlsx|材料3|1446,材料3|50|三角波|48|-12,3,q4-ridge-fold-3,True
附件一（训练集）.xlsx|材料4|1780,材料4|90|三角波|53|-15,0,q4-ridge-fold-0,True
附件一（训练集）.xlsx|材料2|208,材料2|70|正弦波|49|-14,0,q4-ridge-fold-0,True
附件一（训练集）.xlsx|材料3|2879,材料3|70|梯形波|55|-11,1,q4-ridge-fold-1,True
附件一（训练集）.xlsx|材料3|1423,材料3|50|三角波|54|-8,0,q4-ridge-fold-0,True
附件一（训练集）.xlsx|材料3|1242,材料3|25|三角波|52|-9,4,q4-ridge-fold-4,True
附件一（训练集）.xlsx|材料1|2100,材料1|90|三角波|52|-19,3,q4-ridge-fold-3,True
附件一（训练集）.xlsx|材料3|418,材料3|50|正弦波|49|-9,0,q4-ridge-fold-0,True
附件一（训练集）.xlsx|材料2|2931,材料2|90|梯形波|49|-9,2,q4-ridge-fold-2,True
附件一（训练集）.xlsx|材料1|2962,材料1|70|梯形波|49|-12,2,q4-ridge-fold-2,True
附件一（训练集）.xlsx|材料1|982,材料1|90|正弦波|52|-16,2,q4-ridge-fold-2,True
附件一（训练集）.xlsx|材料3|1127,材料3|25|三角波|55|-13,1,q4-ridge-fold-1,True
附件一（训练集）.xlsx|材料1|215,材料1|25|正弦波|52|-16,1,q4-ridge-fold-1,True
附件一（训练集）.xlsx|材料1|2278,材料1|90|三角波|49|-7,2,q4-ridge-fold-2,True
附件一（训练集）.xlsx|材料1|1684,材料1|50|三角波|49|-11,2,q4-ridge-fold-2,True
附件一（训练集）.xlsx|材料4|982,材料4|25|三角波|52|-13,2,q4-ridge-fold-2,True
附件一（训练集）.xlsx|材料1|2235,材料1|90|三角波|56|-17,0,q4-ridge-fold-0,True
附件一（训练集）.xlsx|材料2|2741,材料2|70|梯形波|55|-11,0,q4-ridge-fold-0,True
附件一（训练集）.xlsx|材料1|3069,材料1|70|梯形波|52|-7,1,q4-ridge-fold-1,True
附件一（训练集）.xlsx|材料3|1804,材料3|90|三角波|48|-10,2,q4-ridge-fold-2,True
附件一（训练集）.xlsx|材料3|1939,材料3|90|三角波|55|-20,0,q4-ridge-fold-0,True
附件一（训练集）.xlsx|材料3|498,材料3|25|正弦波|47|-17,0,q4-ridge-fold-0,True
附件一（训练集）.xlsx|材料3|2029,材料3|25|梯形波|48|-13,1,q4-ridge-fold-1,True
附件一（训练集）.xlsx|材料1|1576,材料1|50|三角波|55|-20,1,q4-ridge-fold-1,True
附件一（训练集）.xlsx|材料1|1270,材料1|25|三角波|55|-18,1,q4-ridge-fold-1,True
附件一（训练集）.xlsx|材料3|1711,材料3|70|三角波|52|-13,2,q4-ridge-fold-2,True
附件一（训练集）.xlsx|材料3|262,材料3|90|正弦波|47|-8,3,q4-ridge-fold-3,True
附件一（训练集）.xlsx|材料3|2911,材料3|90|三角波|56|-11,2,q4-ridge-fold-2,True
附件一（训练集）.xlsx|材料4|2513,材料4|70|梯形波|49|-9,2,q4-ridge-fold-2,True
附件一（训练集）.xlsx|材料2|381,材料2|50|正弦波|46|-9,4,q4-ridge-fold-4,True
附件一（训练集）.xlsx|材料3|2690,材料3|70|梯形波|55|-18,4,q4-ridge-fold-4,True
附件一（训练集）.xlsx|材料3|3047,材料3|90|梯形波|51|-9,1,q4-ridge-fold-1,True
附件一（训练集）.xlsx|材料4|1930,材料4|90|三角波|50|-7,4,q4-ridge-fold-4,True
附件一（训练集）.xlsx|材料4|447,材料4|70|正弦波|48|-16,3,q4-ridge-fold-3,True
附件一（训练集）.xlsx|材料2|836,材料2|90|正弦波|55|-20,1,q4-ridge-fold-1,True
附件一（训练集）.xlsx|材料3|1307,材料3|50|三角波|55|-20,4,q4-ridge-fold-4,True
附件一（训练集）.xlsx|材料4|458,材料4|70|正弦波|49|-17,3,q4-ridge-fold-3,True
附件一（训练集）.xlsx|材料1|772,材料1|70|正弦波|53|-10,2,q4-ridge-fold-2,True
附件一（训练集）.xlsx|材料1|3319,材料1|90|梯形波|52|-8,2,q4-ridge-fold-2,True
附件一（训练集）.xlsx|材料2|421,材料2|50|正弦波|50|-18,4,q4-ridge-fold-4,True
附件一（训练集）.xlsx|材料2|793,材料2|90|正弦波|49|-15,0,q4-ridge-fold-0,True
附件一（训练集）.xlsx|材料4|207,材料4|50|正弦波|47|-14,0,q4-ridge-fold-0,True
附件一（训练集）.xlsx|材料1|692,材料1|70|正弦波|52|-13,0,q4-ridge-fold-0,True
附件一（训练集）.xlsx|材料1|2263,材料1|90|三角波|48|-8,4,q4-ridge-fold-4,True
附件一（训练集）.xlsx|材料3|500,材料3|25|正弦波|47|-12,4,q4-ridge-fold-4,True
附件一（训练集）.xlsx|材料1|2022,材料1|90|三角波|48|-15,2,q4-ridge-fold-2,True
附件一（训练集）.xlsx|材料4|414,材料4|70|正弦波|46|-16,3,q4-ridge-fold-3,True
附件一（训练集）.xlsx|材料4|2648,材料4|90|梯形波|46|-9,4,q4-ridge-fold-4,True
附件一（训练集）.xlsx|材料1|2092,材料1|90|三角波|52|-12,3,q4-ridge-fold-3,True
附件一（训练集）.xlsx|材料4|1947,材料4|25|三角波|50|-16,3,q4-ridge-fold-3,True
附件一（训练集）.xlsx|材料2|15,材料2|25|正弦波|47|-9,2,q4-ridge-fold-2,True
附件一（训练集）.xlsx|材料3|1835,材料3|90|三角波|52|-16,1,q4-ridge-fold-1,True
附件一（训练集）.xlsx|材料3|1409,材料3|50|三角波|52|-6,2,q4-ridge-fold-2,True
附件一（训练集）.xlsx|材料1|2891,材料1|70|三角波|55|-11,3,q4-ridge-fold-3,True
附件一（训练集）.xlsx|材料2|9,材料2|25|正弦波|46|-8,3,q4-ridge-fold-3,True
附件一（训练集）.xlsx|材料4|659,材料4|90|正弦波|48|-15,2,q4-ridge-fold-2,True
附件一（训练集）.xlsx|材料4|1901,材料4|90|三角波|49|-14,1,q4-ridge-fold-1,True
附件一（训练集）.xlsx|材料2|2566,材料2|70|梯形波|52|-16,2,q4-ridge-fold-2,True
附件一（训练集）.xlsx|材料4|1583,材料4|70|三角波|56|-17,1,q4-ridge-fold-1,True
附件一（训练集）.xlsx|材料1|2993,材料1|70|梯形波|51|-12,4,q4-ridge-fold-4,True
附件一（训练集）.xlsx|材料4|1251,材料4|50|三角波|52|-15,4,q4-ridge-fold-4,True
附件一（训练集）.xlsx|材料1|3325,材料1|90|梯形波|52|-15,2,q4-ridge-fold-2,True
附件一（训练集）.xlsx|材料3|1973,材料3|90|三角波|52|-16,1,q4-ridge-fold-1,True
附件一（训练集）.xlsx|材料4|1866,材料4|90|三角波|48|-9,2,q4-ridge-fold-2,True
附件一（训练集）.xlsx|材料1|1726,材料1|70|三角波|50|-12,1,q4-ridge-fold-1,True
附件一（训练集）.xlsx|材料1|3288,材料1|90|梯形波|52|-15,2,q4-ridge-fold-2,True
附件一（训练集）.xlsx|材料4|2476,材料4|70|梯形波|47|-9,1,q4-ridge-fold-1,True
附件一（训练集）.xlsx|材料4|509,材料4|70|正弦波|50|-13,3,q4-ridge-fold-3,True
附件一（训练集）.xlsx|材料2|1155,材料2|25|三角波|49|-15,3,q4-ridge-fold-3,True
附件一（训练集）.xlsx|材料1|412,材料1|50|正弦波|50|-11,1,q4-ridge-fold-1,True
附件一（训练集）.xlsx|材料2|1241,材料2|25|三角波|52|-7,1,q4-ridge-fold-1,True
附件一（训练集）.xlsx|材料3|3107,材料3|90|梯形波|46|-11,3,q4-ridge-fold-3,True
附件一（训练集）.xlsx|材料2|1518,材料2|50|三角波|49|-8,2,q4-ridge-fold-2,True
附件一（训练集）.xlsx|材料3|2779,材料3|70|梯形波|55|-13,1,q4-ridge-fold-1,True
附件一（训练集）.xlsx|材料4|1643,材料4|70|三角波|49|-7,0,q4-ridge-fold-0,True
附件一（训练集）.xlsx|材料2|39,材料2|25|正弦波|50|-11,4,q4-ridge-fold-4,True
附件一（训练集）.xlsx|材料1|3064,材料1|70|梯形波|52|-10,1,q4-ridge-fold-1,True
附件一（训练集）.xlsx|材料2|1066,材料2|25|正弦波|52|-20,4,q4-ridge-fold-4,True
附件一（训练集）.xlsx|材料1|2869,材料1|70|三角波|55|-7,0,q4-ridge-fold-0,True
附件一（训练集）.xlsx|材料2|1011,材料2|90|正弦波|53|-19,1,q4-ridge-fold-1,True
附件一（训练集）.xlsx|材料3|343,材料3|50|正弦波|55|-15,1,q4-ridge-fold-1,True
附件一（训练集）.xlsx|材料1|3146,材料1|90|三角波|55|-12,4,q4-ridge-fold-4,True
附件一（训练集）.xlsx|材料3|855,材料3|90|正弦波|49|-13,2,q4-ridge-fold-2,True
附件一（训练集）.xlsx|材料3|944,材料3|90|正弦波|52|-17,0,q4-ridge-fold-0,True
附件一（训练集）.xlsx|材料2|2747,材料2|70|梯形波|56|-15,0,q4-ridge-fold-0,True
附件一（训练集）.xlsx|材料2|2098,材料2|25|梯形波|52|-9,0,q4-ridge-fold-0,True
附件一（训练集）.xlsx|材料4|1415,材料4|70|三角波|47|-11,2,q4-ridge-fold-2,True
附件一（训练集）.xlsx|材料3|2848,材料3|70|梯形波|54|-18,2,q4-ridge-fold-2,True
附件一（训练集）.xlsx|材料2|128,材料2|50|正弦波|50|-18,4,q4-ridge-fold-4,True
附件一（训练集）.xlsx|材料1|711,材料1|70|正弦波|52|-12,3,q4-ridge-fold-3,True
附件一（训练集）.xlsx|材料2|1659,材料2|70|三角波|52|-8,0,q4-ridge-fold-0,True
附件一（训练集）.xlsx|材料2|1719,材料2|70|三角波|52|-12,0,q4-ridge-fold-0,True
附件一（训练集）.xlsx|材料2|2694,材料2|70|梯形波|49|-9,1,q4-ridge-fold-1,True
附件一（训练集）.xlsx|材料1|1944,材料1|70|三角波|48|-12,0,q4-ridge-fold-0,True
附件一（训练集）.xlsx|材料3|2741,材料3|70|梯形波|52|-13,4,q4-ridge-fold-4,True
附件一（训练集）.xlsx|材料2|2189,材料2|25|梯形波|55|-10,3,q4-ridge-fold-3,True
附件一（训练集）.xlsx|材料3|2810,材料3|70|梯形波|49|-6,4,q4-ridge-fold-4,True
附件一（训练集）.xlsx|材料3|1803,材料3|90|三角波|49|-11,1,q4-ridge-fold-1,True
附件一（训练集）.xlsx|材料2|1992,材料2|90|三角波|49|-6,3,q4-ridge-fold-3,True
附件一（训练集）.xlsx|材料2|2658,材料2|70|梯形波|55|-15,4,q4-ridge-fold-4,True
附件一（训练集）.xlsx|材料4|2359,材料4|50|梯形波|51|-9,4,q4-ridge-fold-4,True
附件一（训练集）.xlsx|材料1|2433,材料1|25|梯形波|49|-14,1,q4-ridge-fold-1,True
附件一（训练集）.xlsx|材料3|713,材料3|70|正弦波|53|-11,2,q4-ridge-fold-2,True
附件一（训练集）.xlsx|材料1|131,材料1|25|正弦波|50|-15,0,q4-ridge-fold-0,True
附件一（训练集）.xlsx|材料2|1761,材料2|70|三角波|56|-11,0,q4-ridge-fold-0,True
附件一（训练集）.xlsx|材料2|2170,材料2|25|梯形波|54|-12,0,q4-ridge-fold-0,True
附件一（训练集）.xlsx|材料1|744,材料1|70|正弦波|53|-16,3,q4-ridge-fold-3,True
附件一（训练集）.xlsx|材料3|952,材料3|25|正弦波|49|-18,3,q4-ridge-fold-3,True
附件一（训练集）.xlsx|材料3|2882,材料3|70|梯形波|56|-19,0,q4-ridge-fold-0,True
附件一（训练集）.xlsx|材料1|815,材料1|90|正弦波|47|-12,2,q4-ridge-fold-2,True
附件一（训练集）.xlsx|材料1|924,材料1|90|正弦波|50|-6,1,q4-ridge-fold-1,True
附件一（训练集）.xlsx|材料1|1606,材料1|50|三角波|55|-12,1,q4-ridge-fold-1,True
附件一（训练集）.xlsx|材料3|1205,材料3|25|三角波|56|-18,1,q4-ridge-fold-1,True
附件一（训练集）.xlsx|材料3|1482,材料3|50|三角波|52|-17,0,q4-ridge-fold-0,True
附件一（训练集）.xlsx|材料2|1205,材料2|25|三角波|55|-11,3,q4-ridge-fold-3,True
附件一（训练集）.xlsx|材料1|2792,材料1|50|梯形波|52|-7,2,q4-ridge-fold-2,True
附件一（训练集）.xlsx|材料2|1737,材料2|70|三角波|54|-9,2,q4-ridge-fold-2,True
附件一（训练集）.xlsx|材料1|2401,材料1|25|梯形波|48|-9,0,q4-ridge-fold-0,True
附件一（训练集）.xlsx|材料3|373,材料3|50|正弦波|47|-7,0,q4-ridge-fold-0,True
附件一（训练集）.xlsx|材料1|2500,材料1|25|梯形波|52|-14,1,q4-ridge-fold-1,True
附件一（训练集）.xlsx|材料1|3071,材料1|70|梯形波|53|-18,1,q4-ridge-fold-1,True
附件一（训练集）.xlsx|材料2|339,材料2|90|正弦波|55|-15,3,q4-ridge-fold-3,True
附件一（训练集）.xlsx|材料1|3367,材料1|90|梯形波|54|-11,4,q4-ridge-fold-4,True
附件一（训练集）.xlsx|材料2|1084,材料2|25|正弦波|55|-20,3,q4-ridge-fold-3,True
附件一（训练集）.xlsx|材料2|364,材料2|70|正弦波|49|-8,2,q4-ridge-fold-2,True
附件一（训练集）.xlsx|材料3|810,材料3|50|正弦波|49|-13,2,q4-ridge-fold-2,True
附件一（训练集）.xlsx|材料3|1120,材料3|25|三角波|55|-11,4,q4-ridge-fold-4,True
附件一（训练集）.xlsx|材料3|1687,材料3|70|三角波|48|-12,4,q4-ridge-fold-4,True
附件一（训练集）.xlsx|材料1|2560,材料1|25|梯形波|53|-8,3,q4-ridge-fold-3,True
附件一（训练集）.xlsx|材料3|1400,材料3|50|三角波|50|-11,3,q4-ridge-fold-3,True
附件一（训练集）.xlsx|材料1|1865,材料1|70|三角波|54|-16,0,q4-ridge-fold-0,True
附件一（训练集）.xlsx|材料1|434,材料1|50|正弦波|51|-7,3,q4-ridge-fold-3,True
附件一（训练集）.xlsx|材料1|1695,材料1|50|三角波|50|-15,0,q4-ridge-fold-0,True
附件一（训练集）.xlsx|材料3|2140,材料3|25|梯形波|52|-10,2,q4-ridge-fold-2,True
附件一（训练集）.xlsx|材料2|645,材料2|50|正弦波|52|-9,0,q4-ridge-fold-0,True
附件一（训练集）.xlsx|材料1|2146,材料1|90|三角波|53|-16,2,q4-ridge-fold-2,True
附件一（训练集）.xlsx|材料2|784,材料2|90|正弦波|49|-16,4,q4-ridge-fold-4,True
附件一（训练集）.xlsx|材料1|2985,材料1|70|梯形波|50|-7,3,q4-ridge-fold-3,True
附件一（训练集）.xlsx|材料2|70,材料2|25|正弦波|53|-15,3,q4-ridge-fold-3,True
附件一（训练集）.xlsx|材料3|2189,材料3|25|梯形波|46|-7,2,q4-ridge-fold-2,True
附件一（训练集）.xlsx|材料1|970,材料1|90|正弦波|52|-11,1,q4-ridge-fold-1,True
附件一（训练集）.xlsx|材料4|1059,材料4|25|三角波|55|-15,0,q4-ridge-fold-0,True
附件一（训练集）.xlsx|材料2|2425,材料2|50|梯形波|56|-16,1,q4-ridge-fold-1,True
附件一（训练集）.xlsx|材料4|2043,材料4|25|三角波|50|-14,4,q4-ridge-fold-4,True
附件一（训练集）.xlsx|材料3|135,材料3|50|正弦波|52|-15,1,q4-ridge-fold-1,True
附件一（训练集）.xlsx|材料1|1597,材料1|50|三角波|55|-17,2,q4-ridge-fold-2,True
附件一（训练集）.xlsx|材料1|343,材料1|50|正弦波|49|-8,3,q4-ridge-fold-3,True
附件一（训练集）.xlsx|材料1|854,材料1|90|正弦波|49|-16,1,q4-ridge-fold-1,True
附件一（训练集）.xlsx|材料3|1822,材料3|90|三角波|50|-12,2,q4-ridge-fold-2,True
附件一（训练集）.xlsx|材料2|2797,材料2|90|梯形波|51|-14,2,q4-ridge-fold-2,True
附件一（训练集）.xlsx|材料4|1207,材料4|50|三角波|51|-17,4,q4-ridge-fold-4,True
附件一（训练集）.xlsx|材料1|2991,材料1|70|梯形波|51|-13,0,q4-ridge-fold-0,True
附件一（训练集）.xlsx|材料3|3175,材料3|90|梯形波|55|-20,4,q4-ridge-fold-4,True
附件一（训练集）.xlsx|材料3|949,材料3|70|正弦波|55|-18,4,q4-ridge-fold-4,True
附件一（训练集）.xlsx|材料4|860,材料4|25|正弦波|52|-11,1,q4-ridge-fold-1,True
附件一（训练集）.xlsx|材料4|2754,材料4|90|梯形波|51|-13,3,q4-ridge-fold-3,True
附件一（训练集）.xlsx|材料1|3113,材料1|70|梯形波|54|-16,1,q4-ridge-fold-1,True
附件一（训练集）.xlsx|材料4|984,材料4|25|三角波|52|-12,4,q4-ridge-fold-4,True
附件一（训练集）.xlsx|材料4|2512,材料4|70|梯形波|49|-10,1,q4-ridge-fold-1,True
附件一（训练集）.xlsx|材料1|2364,材料1|25|三角波|55|-13,4,q4-ridge-fold-4,True
附件一（训练集）.xlsx|材料4|2119,材料4|25|梯形波|48|-13,3,q4-ridge-fold-3,True
附件一（训练集）.xlsx|材料2|1774,材料2|70|三角波|50|-15,2,q4-ridge-fold-2,True
附件一（训练集）.xlsx|材料3|1663,材料3|70|三角波|54|-13,1,q4-ridge-fold-1,True
附件一（训练集）.xlsx|材料1|3184,材料1|90|梯形波|47|-7,3,q4-ridge-fold-3,True
附件一（训练集）.xlsx|材料2|583,材料2|25|正弦波|55|-14,3,q4-ridge-fold-3,True
附件一（训练集）.xlsx|材料2|1082,材料2|25|正弦波|53|-11,0,q4-ridge-fold-0,True
附件一（训练集）.xlsx|材料3|2983,材料3|90|梯形波|52|-8,3,q4-ridge-fold-3,True
附件一（训练集）.xlsx|材料1|2755,材料1|50|梯形波|52|-16,2,q4-ridge-fold-2,True
附件一（训练集）.xlsx|材料1|713,材料1|70|正弦波|52|-11,1,q4-ridge-fold-1,True
附件一（训练集）.xlsx|材料2|463,材料2|50|正弦波|49|-19,0,q4-ridge-fold-0,True
附件一（训练集）.xlsx|材料3|854,材料3|25|正弦波|55|-19,4,q4-ridge-fold-4,True
附件一（训练集）.xlsx|材料4|370,材料4|50|正弦波|53|-14,2,q4-ridge-fold-2,True
附件一（训练集）.xlsx|材料2|1113,材料2|25|三角波|52|-9,2,q4-ridge-fold-2,True
附件一（训练集）.xlsx|材料1|558,材料1|70|正弦波|47|-7,4,q4-ridge-fold-4,True
附件一（训练集）.xlsx|材料4|2189,材料4|50|三角波|55|-19,0,q4-ridge-fold-0,True
附件一（训练集）.xlsx|材料2|1033,材料2|25|正弦波|49|-9,1,q4-ridge-fold-1,True
附件一（训练集）.xlsx|材料2|943,材料2|70|正弦波|46|-17,1,q4-ridge-fold-1,True
附件一（训练集）.xlsx|材料3|798,材料3|90|正弦波|55|-14,0,q4-ridge-fold-0,True
附件一（训练集）.xlsx|材料4|1848,材料4|90|三角波|47|-12,3,q4-ridge-fold-3,True
附件一（训练集）.xlsx|材料3|344,材料3|70|正弦波|47|-13,1,q4-ridge-fold-1,True
附件一（训练集）.xlsx|材料1|2362,材料1|25|三角波|55|-14,3,q4-ridge-fold-3,True
附件一（训练集）.xlsx|材料3|41,材料3|25|正弦波|50|-13,0,q4-ridge-fold-0,True
附件一（训练集）.xlsx|材料2|2396,材料2|50|梯形波|52|-13,0,q4-ridge-fold-0,True
附件一（训练集）.xlsx|材料3|1857,材料3|90|三角波|55|-11,1,q4-ridge-fold-1,True
附件一（训练集）.xlsx|材料3|1587,材料3|70|三角波|52|-17,0,q4-ridge-fold-0,True
附件一（训练集）.xlsx|材料1|1883,材料1|70|三角波|55|-15,0,q4-ridge-fold-0,True
附件一（训练集）.xlsx|材料3|1960,材料3|90|三角波|49|-11,1,q4-ridge-fold-1,True
附件一（训练集）.xlsx|材料4|1325,材料4|50|三角波|56|-18,1,q4-ridge-fold-1,True
附件一（训练集）.xlsx|材料3|1304,材料3|50|三角波|55|-16,0,q4-ridge-fold-0,True
附件一（训练集）.xlsx|材料2|2155,材料2|25|梯形波|52|-11,2,q4-ridge-fold-2,True
附件一（训练集）.xlsx|材料1|326,材料1|50|正弦波|48|-7,1,q4-ridge-fold-1,True
附件一（训练集）.xlsx|材料3|425,材料3|90|正弦波|55|-20,1,q4-ridge-fold-1,True
附件一（训练集）.xlsx|材料2|1909,材料2|90|三角波|56|-12,0,q4-ridge-fold-0,True
附件一（训练集）.xlsx|材料2|700,材料2|70|正弦波|49|-18,4,q4-ridge-fold-4,True
附件一（训练集）.xlsx|材料3|1876,材料3|90|三角波|48|-12,1,q4-ridge-fold-1,True
附件一（训练集）.xlsx|材料1|2546,材料1|25|梯形波|53|-18,4,q4-ridge-fold-4,True
附件一（训练集）.xlsx|材料1|699,材料1|70|正弦波|52|-9,4,q4-ridge-fold-4,True
附件一（训练集）.xlsx|材料2|1316,材料2|25|三角波|54|-14,3,q4-ridge-fold-3,True
附件一（训练集）.xlsx|材料2|619,材料2|50|正弦波|49|-8,4,q4-ridge-fold-4,True
附件一（训练集）.xlsx|材料2|1851,材料2|90|三角波|56|-14,0,q4-ridge-fold-0,True
附件一（训练集）.xlsx|材料3|643,材料3|50|正弦波|55|-17,4,q4-ridge-fold-4,True
附件一（训练集）.xlsx|材料1|1512,材料1|50|三角波|53|-16,3,q4-ridge-fold-3,True
附件一（训练集）.xlsx|材料4|2201,材料4|50|三角波|55|-19,0,q4-ridge-fold-0,True
附件一（训练集）.xlsx|材料1|150,材料1|25|正弦波|50|-14,3,q4-ridge-fold-3,True
附件一（训练集）.xlsx|材料3|2826,材料3|70|梯形波|51|-7,4,q4-ridge-fold-4,True
附件一（训练集）.xlsx|材料3|2720,材料3|70|梯形波|49|-11,0,q4-ridge-fold-0,True
附件一（训练集）.xlsx|材料4|1066,材料4|25|三角波|55|-17,0,q4-ridge-fold-0,True
附件一（训练集）.xlsx|材料1|141,材料1|25|正弦波|50|-8,0,q4-ridge-fold-0,True
附件一（训练集）.xlsx|材料1|633,材料1|70|正弦波|50|-17,4,q4-ridge-fold-4,True
附件一（训练集）.xlsx|材料2|370,材料2|25|正弦波|52|-17,2,q4-ridge-fold-2,True
附件一（训练集）.xlsx|材料1|1076,材料1|25|三角波|47|-7,2,q4-ridge-fold-2,True
附件一（训练集）.xlsx|材料2|2374,材料2|50|梯形波|49|-9,2,q4-ridge-fold-2,True
附件一（训练集）.xlsx|材料1|57,材料1|25|正弦波|48|-15,3,q4-ridge-fold-3,True
附件一（训练集）.xlsx|材料4|1430,材料4|70|三角波|48|-13,1,q4-ridge-fold-1,True
附件一（训练集）.xlsx|材料3|2026,材料3|25|梯形波|46|-6,1,q4-ridge-fold-1,True
附件一（训练集）.xlsx|材料1|3021,材料1|70|梯形波|52|-15,2,q4-ridge-fold-2,True
附件一（训练集）.xlsx|材料3|1380,材料3|50|三角波|56|-14,2,q4-ridge-fold-2,True
附件一（训练集）.xlsx|材料3|68,材料3|25|正弦波|53|-11,0,q4-ridge-fold-0,True
附件一（训练集）.xlsx|材料4|355,材料4|50|正弦波|53|-19,4,q4-ridge-fold-4,True
附件一（训练集）.xlsx|材料2|783,材料2|90|正弦波|49|-17,1,q4-ridge-fold-1,True
附件一（训练集）.xlsx|材料1|861,材料1|90|正弦波|49|-12,4,q4-ridge-fold-4,True
附件一（训练集）.xlsx|材料3|2518,材料3|50|梯形波|49|-12,4,q4-ridge-fold-4,True
附件一（训练集）.xlsx|材料1|1725,材料1|70|三角波|50|-14,3,q4-ridge-fold-3,True
附件一（训练集）.xlsx|材料3|2922,材料3|90|三角波|55|-9,3,q4-ridge-fold-3,True
附件一（训练集）.xlsx|材料3|1390,材料3|50|三角波|49|-15,2,q4-ridge-fold-2,True
附件一（训练集）.xlsx|材料2|2865,材料2|90|梯形波|51|-13,1,q4-ridge-fold-1,True
附件一（训练集）.xlsx|材料4|1264,材料4|50|三角波|52|-13,2,q4-ridge-fold-2,True
附件一（训练集）.xlsx|材料2|1423,材料2|50|三角波|55|-20,1,q4-ridge-fold-1,True
附件一（训练集）.xlsx|材料2|710,材料2|70|正弦波|49|-19,0,q4-ridge-fold-0,True
附件一（训练集）.xlsx|材料1|760,材料1|70|正弦波|53|-19,2,q4-ridge-fold-2,True
附件一（训练集）.xlsx|材料3|558,材料3|25|正弦波|55|-20,4,q4-ridge-fold-4,True
附件一（训练集）.xlsx|材料2|71,材料2|25|正弦波|53|-14,3,q4-ridge-fold-3,True
附件一（训练集）.xlsx|材料2|1535,材料2|50|三角波|52|-13,4,q4-ridge-fold-4,True
附件一（训练集）.xlsx|材料2|2914,材料2|90|梯形波|56|-14,2,q4-ridge-fold-2,True
附件一（训练集）.xlsx|材料1|2995,材料1|70|梯形波|51|-11,1,q4-ridge-fold-1,True
附件一（训练集）.xlsx|材料1|1127,材料1|25|三角波|51|-14,4,q4-ridge-fold-4,True
附件一（训练集）.xlsx|材料2|972,材料2|25|正弦波|50|-18,0,q4-ridge-fold-0,True
附件一（训练集）.xlsx|材料3|141,材料3|50|正弦波|52|-20,4,q4-ridge-fold-4,True
附件一（训练集）.xlsx|材料1|1866,材料1|70|三角波|54|-16,0,q4-ridge-fold-0,True
附件一（训练集）.xlsx|材料3|2151,材料3|25|梯形波|54|-18,3,q4-ridge-fold-3,True
附件一（训练集）.xlsx|材料1|409,材料1|50|正弦波|50|-14,2,q4-ridge-fold-2,True
附件一（训练集）.xlsx|材料3|1459,材料3|50|三角波|49|-12,0,q4-ridge-fold-0,True
附件一（训练集）.xlsx|材料4|344,材料4|50|正弦波|52|-16,4,q4-ridge-fold-4,True
附件一（训练集）.xlsx|材料3|2790,材料3|70|梯形波|56|-13,2,q4-ridge-fold-2,True
附件一（训练集）.xlsx|材料4|2590,材料4|90|三角波|52|-17,1,q4-ridge-fold-1,True
附件一（训练集）.xlsx|材料1|1205,材料1|25|三角波|53|-16,2,q4-ridge-fold-2,True
附件一（训练集）.xlsx|材料2|2723,材料2|70|梯形波|54|-19,0,q4-ridge-fold-0,True
附件一（训练集）.xlsx|材料1|1200,材料1|25|三角波|53|-19,2,q4-ridge-fold-2,True
附件一（训练集）.xlsx|材料1|1960,材料1|70|三角波|48|-11,1,q4-ridge-fold-1,True
附件一（训练集）.xlsx|材料1|3167,材料1|90|三角波|55|-9,4,q4-ridge-fold-4,True
附件一（训练集）.xlsx|材料4|1959,材料4|25|三角波|52|-16,4,q4-ridge-fold-4,True
附件一（训练集）.xlsx|材料1|392,材料1|50|正弦波|50|-13,4,q4-ridge-fold-4,True
附件一（训练集）.xlsx|材料3|2242,材料3|25|梯形波|52|-11,2,q4-ridge-fold-2,True
附件一（训练集）.xlsx|材料2|2925,材料2|90|梯形波|48|-7,2,q4-ridge-fold-2,True
附件一（训练集）.xlsx|材料1|1996,材料1|70|三角波|49|-8,1,q4-ridge-fold-1,True
附件一（训练集）.xlsx|材料2|2059,材料2|25|梯形波|46|-13,2,q4-ridge-fold-2,True
附件一（训练集）.xlsx|材料2|2603,材料2|70|梯形波|48|-10,3,q4-ridge-fold-3,True
附件一（训练集）.xlsx|材料1|839,材料1|90|正弦波|47|-7,4,q4-ridge-fold-4,True
附件一（训练集）.xlsx|材料3|2122,材料3|25|梯形波|49|-7,0,q4-ridge-fold-0,True
附件一（训练集）.xlsx|材料4|1339,材料4|50|三角波|47|-7,1,q4-ridge-fold-1,True
附件一（训练集）.xlsx|材料4|522,材料4|70|正弦波|51|-14,1,q4-ridge-fold-1,True
附件一（训练集）.xlsx|材料3|2768,材料3|70|梯形波|55|-13,1,q4-ridge-fold-1,True
附件一（训练集）.xlsx|材料4|81,材料4|25|正弦波|50|-11,1,q4-ridge-fold-1,True
附件一（训练集）.xlsx|材料1|868,材料1|90|正弦波|49|-7,0,q4-ridge-fold-0,True
附件一（训练集）.xlsx|材料1|1277,材料1|25|三角波|55|-14,3,q4-ridge-fold-3,True
附件一（训练集）.xlsx|材料2|2589,材料2|70|梯形波|55|-17,2,q4-ridge-fold-2,True
附件一（训练集）.xlsx|材料1|462,材料1|50|正弦波|52|-13,0,q4-ridge-fold-0,True
附件一（训练集）.xlsx|材料2|399,材料2|90|正弦波|49|-15,0,q4-ridge-fold-0,True
附件一（训练集）.xlsx|材料2|799,材料2|90|正弦波|49|-8,0,q4-ridge-fold-0,True
附件一（训练集）.xlsx|材料3|1921,材料3|90|三角波|54|-17,3,q4-ridge-fold-3,True
附件一（训练集）.xlsx|材料1|2942,材料1|70|梯形波|49|-15,2,q4-ridge-fold-2,True
附件一（训练集）.xlsx|材料1|1628,材料1|50|三角波|47|-9,4,q4-ridge-fold-4,True
附件一（训练集）.xlsx|材料3|1928,材料3|90|三角波|54|-8,2,q4-ridge-fold-2,True
附件一（训练集）.xlsx|材料3|3115,材料3|90|梯形波|48|-10,1,q4-ridge-fold-1,True
附件一（训练集）.xlsx|材料4|1205,材料4|50|三角波|50|-18,1,q4-ridge-fold-1,True
附件一（训练集）.xlsx|材料4|1560,材料4|70|三角波|55|-15,1,q4-ridge-fold-1,True
附件一（训练集）.xlsx|材料4|1919,材料4|90|三角波|50|-16,2,q4-ridge-fold-2,True
附件一（训练集）.xlsx|材料2|2153,材料2|25|梯形波|52|-13,1,q4-ridge-fold-1,True
附件一（训练集）.xlsx|材料4|1590,材料4|70|三角波|47|-12,0,q4-ridge-fold-0,True
附件一（训练集）.xlsx|材料2|889,材料2|70|正弦波|52|-18,2,q4-ridge-fold-2,True
附件一（训练集）.xlsx|材料1|3294,材料1|90|梯形波|52|-12,3,q4-ridge-fold-3,True
附件一（训练集）.xlsx|材料3|2046,材料3|25|梯形波|51|-15,2,q4-ridge-fold-2,True
附件一（训练集）.xlsx|材料2|2419,材料2|50|梯形波|55|-14,0,q4-ridge-fold-0,True
附件一（训练集）.xlsx|材料4|255,材料4|50|正弦波|49|-11,4,q4-ridge-fold-4,True
附件一（训练集）.xlsx|材料2|1177,材料2|25|三角波|52|-9,2,q4-ridge-fold-2,True
附件一（训练集）.xlsx|材料1|825,材料1|90|正弦波|47|-16,0,q4-ridge-fold-0,True
附件一（训练集）.xlsx|材料2|2253,材料2|25|梯形波|55|-11,4,q4-ridge-fold-4,True
附件一（训练集）.xlsx|材料1|1385,材料1|50|三角波|47|-12,0,q4-ridge-fold-0,True
附件一（训练集）.xlsx|材料2|1557,材料2|50|三角波|55|-18,0,q4-ridge-fold-0,True
附件一（训练集）.xlsx|材料4|1406,材料4|50|三角波|50|-15,1,q4-ridge-fold-1,True
附件一（训练集）.xlsx|材料3|1997,材料3|90|三角波|56|-19,3,q4-ridge-fold-3,True
附件一（训练集）.xlsx|材料4|1186,材料4|50|三角波|48|-10,1,q4-ridge-fold-1,True
附件一（训练集）.xlsx|材料1|1402,材料1|50|三角波|48|-7,2,q4-ridge-fold-2,True
附件一（训练集）.xlsx|材料4|79,材料4|25|正弦波|50|-13,4,q4-ridge-fold-4,True
附件一（训练集）.xlsx|材料2|1048,材料2|25|正弦波|50|-18,0,q4-ridge-fold-0,True
附件一（训练集）.xlsx|材料1|758,材料1|70|正弦波|53|-20,4,q4-ridge-fold-4,True
附件一（训练集）.xlsx|材料3|2298,材料3|25|梯形波|49|-14,4,q4-ridge-fold-4,True
附件一（训练集）.xlsx|材料1|2071,材料1|90|三角波|51|-11,0,q4-ridge-fold-0,True
附件一（训练集）.xlsx|材料1|762,材料1|70|正弦波|53|-17,2,q4-ridge-fold-2,True
附件一（训练集）.xlsx|材料2|1228,材料2|25|三角波|50|-7,0,q4-ridge-fold-0,True
附件一（训练集）.xlsx|材料1|1627,材料1|50|三角波|47|-10,4,q4-ridge-fold-4,True
附件一（训练集）.xlsx|材料3|1000,材料3|25|正弦波|50|-10,3,q4-ridge-fold-3,True
附件一（训练集）.xlsx|材料1|137,材料1|25|正弦波|50|-11,1,q4-ridge-fold-1,True
附件一（训练集）.xlsx|材料2|2594,材料2|70|梯形波|55|-11,0,q4-ridge-fold-0,True
附件一（训练集）.xlsx|材料4|243,材料4|50|正弦波|49|-12,0,q4-ridge-fold-0,True
附件一（训练集）.xlsx|材料3|1063,材料3|25|三角波|56|-16,1,q4-ridge-fold-1,True
附件一（训练集）.xlsx|材料1|594,材料1|70|正弦波|49|-16,4,q4-ridge-fold-4,True
附件一（训练集）.xlsx|材料2|1987,材料2|90|三角波|48|-8,2,q4-ridge-fold-2,True
附件一（训练集）.xlsx|材料1|1602,材料1|50|三角波|55|-15,1,q4-ridge-fold-1,True
附件一（训练集）.xlsx|材料3|995,材料3|25|正弦波|50|-17,2,q4-ridge-fold-2,True
附件一（训练集）.xlsx|材料4|1389,材料4|50|三角波|49|-14,2,q4-ridge-fold-2,True
附件一（训练集）.xlsx|材料2|1366,材料2|50|三角波|55|-14,0,q4-ridge-fold-0,True
附件一（训练集）.xlsx|材料1|2699,材料1|50|梯形波|49|-8,0,q4-ridge-fold-0,True
附件一（训练集）.xlsx|材料2|1204,材料2|25|三角波|55|-13,1,q4-ridge-fold-1,True
附件一（训练集）.xlsx|材料4|836,材料4|90|正弦波|53|-20,4,q4-ridge-fold-4,True
附件一（训练集）.xlsx|材料4|1497,材料4|70|三角波|52|-18,4,q4-ridge-fold-4,True
附件一（训练集）.xlsx|材料2|2339,材料2|50|梯形波|54|-11,0,q4-ridge-fold-0,True
附件一（训练集）.xlsx|材料2|880,材料2|90|正弦波|55|-14,1,q4-ridge-fold-1,True
附件一（训练集）.xlsx|材料1|289,材料1|50|正弦波|47|-17,4,q4-ridge-fold-4,True
附件一（训练集）.xlsx|材料1|1440,材料1|50|三角波|51|-9,1,q4-ridge-fold-1,True
附件一（训练集）.xlsx|材料1|1968,材料1|70|三角波|49|-7,0,q4-ridge-fold-0,True
附件一（训练集）.xlsx|材料3|1922,材料3|90|三角波|54|-16,2,q4-ridge-fold-2,True
附件一（训练集）.xlsx|材料3|2278,材料3|25|梯形波|56|-19,3,q4-ridge-fold-3,True
附件一（训练集）.xlsx|材料2|1104,材料2|25|三角波|50|-8,3,q4-ridge-fold-3,True
附件一（训练集）.xlsx|材料1|2954,材料1|70|梯形波|49|-7,1,q4-ridge-fold-1,True
附件一（训练集）.xlsx|材料1|531,材料1|70|正弦波|46|-15,3,q4-ridge-fold-3,True
附件一（训练集）.xlsx|材料3|617,材料3|50|正弦波|52|-10,1,q4-ridge-fold-1,True
附件一（训练集）.xlsx|材料4|2064,材料4|25|三角波|53|-19,2,q4-ridge-fold-2,True
附件一（训练集）.xlsx|材料4|2092,材料4|25|三角波|55|-15,0,q4-ridge-fold-0,True
附件一（训练集）.xlsx|材料1|930,材料1|90|正弦波|50|-15,1,q4-ridge-fold-1,True
附件一（训练集）.xlsx|材料1|237,材料1|25|正弦波|53|-11,0,q4-ridge-fold-0,True
附件一（训练集）.xlsx|材料3|157,材料3|50|正弦波|55|-17,4,q4-ridge-fold-4,True
附件一（训练集）.xlsx|材料3|1431,材料3|50|三角波|55|-9,0,q4-ridge-fold-0,True
附件一（训练集）.xlsx|材料1|2249,材料1|90|三角波|47|-9,0,q4-ridge-fold-0,True
附件一（训练集）.xlsx|材料4|2421,材料4|70|三角波|49|-15,1,q4-ridge-fold-1,True
附件一（训练集）.xlsx|材料1|1070,材料1|25|三角波|47|-11,3,q4-ridge-fold-3,True
附件一（训练集）.xlsx|材料4|483,材料4|70|正弦波|49|-14,4,q4-ridge-fold-4,True
附件一（训练集）.xlsx|材料4|2301,材料4|50|梯形波|48|-9,4,q4-ridge-fold-4,True
附件一（训练集）.xlsx|材料4|2723,材料4|90|梯形波|50|-13,2,q4-ridge-fold-2,True
附件一（训练集）.xlsx|材料1|1881,材料1|70|三角波|55|-16,0,q4-ridge-fold-0,True
附件一（训练集）.xlsx|材料3|149,材料3|50|正弦波|53|-18,1,q4-ridge-fold-1,True
附件一（训练集）.xlsx|材料2|2478,材料2|50|梯形波|54|-14,0,q4-ridge-fold-0,True
附件一（训练集）.xlsx|材料2|994,材料2|70|正弦波|50|-13,4,q4-ridge-fold-4,True
附件一（训练集）.xlsx|材料3|1904,材料3|90|三角波|52|-13,0,q4-ridge-fold-0,True
附件一（训练集）.xlsx|材料4|2047,材料4|25|三角波|52|-17,0,q4-ridge-fold-0,True
附件一（训练集）.xlsx|材料1|3392,材料1|90|梯形波|55|-19,4,q4-ridge-fold-4,True
附件一（训练集）.xlsx|材料1|1025,材料1|90|正弦波|53|-20,2,q4-ridge-fold-2,True
附件一（训练集）.xlsx|材料4|669,材料4|90|正弦波|49|-17,4,q4-ridge-fold-4,True
附件一（训练集）.xlsx|材料4|1628,材料4|70|三角波|48|-6,2,q4-ridge-fold-2,True
附件一（训练集）.xlsx|材料1|560,材料1|70|正弦波|47|-6,4,q4-ridge-fold-4,True
附件一（训练集）.xlsx|材料2|1531,材料2|50|三角波|50|-8,1,q4-ridge-fold-1,True
附件一（训练集）.xlsx|材料2|272,材料2|90|正弦波|46|-16,2,q4-ridge-fold-2,True
附件一（训练集）.xlsx|材料3|2097,材料3|25|梯形波|55|-14,4,q4-ridge-fold-4,True
附件一（训练集）.xlsx|材料4|1297,材料4|50|三角波|54|-13,1,q4-ridge-fold-1,True
附件一（训练集）.xlsx|材料1|1216,材料1|25|三角波|53|-10,1,q4-ridge-fold-1,True
附件一（训练集）.xlsx|材料4|1309,材料4|50|三角波|55|-20,0,q4-ridge-fold-0,True
附件一（训练集）.xlsx|材料1|891,材料1|90|正弦波|49|-17,4,q4-ridge-fold-4,True
附件一（训练集）.xlsx|材料3|895,材料3|90|正弦波|46|-9,4,q4-ridge-fold-4,True
附件一（训练集）.xlsx|材料4|1505,材料4|70|三角波|52|-13,0,q4-ridge-fold-0,True
附件一（训练集）.xlsx|材料4|1232,材料4|50|三角波|52|-18,0,q4-ridge-fold-0,True
附件一（训练集）.xlsx|材料4|2132,材料4|25|梯形波|48|-6,2,q4-ridge-fold-2,True
附件一（训练集）.xlsx|材料3|2304,材料3|50|三角波|55|-14,3,q4-ridge-fold-3,True
附件一（训练集）.xlsx|材料4|2340,材料4|50|梯形波|50|-15,0,q4-ridge-fold-0,True
附件一（训练集）.xlsx|材料1|3346,材料1|90|梯形波|53|-15,1,q4-ridge-fold-1,True
附件一（训练集）.xlsx|材料4|1281,材料4|50|三角波|54|-20,2,q4-ridge-fold-2,True
附件一（训练集）.xlsx|材料1|2190,材料1|90|三角波|55|-19,0,q4-ridge-fold-0,True
附件一（训练集）.xlsx|材料4|2151,材料4|25|梯形波|49|-12,0,q4-ridge-fold-0,True
附件一（训练集）.xlsx|材料1|2968,材料1|70|梯形波|49|-9,0,q4-ridge-fold-0,True
附件一（训练集）.xlsx|材料4|671,材料4|90|正弦波|49|-15,2,q4-ridge-fold-2,True
附件一（训练集）.xlsx|材料2|2466,材料2|50|梯形波|52|-16,3,q4-ridge-fold-3,True
附件一（训练集）.xlsx|材料4|2193,材料4|50|三角波|55|-16,0,q4-ridge-fold-0,True
附件一（训练集）.xlsx|材料2|1146,材料2|25|三角波|56|-18,2,q4-ridge-fold-2,True
附件一（训练集）.xlsx|材料1|1372,材料1|25|三角波|49|-12,4,q4-ridge-fold-4,True
附件一（训练集）.xlsx|材料3|1214,材料3|25|三角波|48|-8,4,q4-ridge-fold-4,True
附件一（训练集）.xlsx|材料4|2078,材料4|25|三角波|55|-17,0,q4-ridge-fold-0,True
附件一（训练集）.xlsx|材料1|2545,材料1|25|梯形波|53|-18,4,q4-ridge-fold-4,True
附件一（训练集）.xlsx|材料1|1897,材料1|70|三角波|55|-16,0,q4-ridge-fold-0,True
附件一（训练集）.xlsx|材料1|2721,材料1|50|梯形波|51|-16,4,q4-ridge-fold-4,True
附件一（训练集）.xlsx|材料1|2632,材料1|50|三角波|55|-8,3,q4-ridge-fold-3,True
附件一（训练集）.xlsx|材料1|776,材料1|70|正弦波|54|-19,3,q4-ridge-fold-3,True
附件一（训练集）.xlsx|材料4|459,材料4|70|正弦波|49|-16,4,q4-ridge-fold-4,True
附件一（训练集）.xlsx|材料2|327,材料2|90|正弦波|52|-14,1,q4-ridge-fold-1,True
附件一（训练集）.xlsx|材料3|2441,材料3|50|梯形波|52|-10,3,q4-ridge-fold-3,True
附件一（训练集）.xlsx|材料1|1049,材料1|90|正弦波|54|-14,4,q4-ridge-fold-4,True
附件一（训练集）.xlsx|材料4|2636,材料4|90|三角波|55|-18,3,q4-ridge-fold-3,True
附件一（训练集）.xlsx|材料4|1195,材料4|50|三角波|50|-19,1,q4-ridge-fold-1,True
附件一（训练集）.xlsx|材料3|1472,材料3|50|三角波|50|-6,2,q4-ridge-fold-2,True
附件一（训练集）.xlsx|材料4|1675,材料4|90|三角波|47|-11,3,q4-ridge-fold-3,True
附件一（训练集）.xlsx|材料2|915,材料2|90|正弦波|49|-16,4,q4-ridge-fold-4,True
附件一（训练集）.xlsx|材料4|318,材料4|50|正弦波|52|-17,3,q4-ridge-fold-3,True
附件一（训练集）.xlsx|材料3|1957,材料3|90|三角波|48|-7,1,q4-ridge-fold-1,True
附件一（训练集）.xlsx|材料1|1427,材料1|50|三角波|51|-18,4,q4-ridge-fold-4,True
附件一（训练集）.xlsx|材料2|638,材料2|50|正弦波|52|-19,3,q4-ridge-fold-3,True
附件一（训练集）.xlsx|材料3|2451,材料3|50|梯形波|52|-12,0,q4-ridge-fold-0,True
附件一（训练集）.xlsx|材料2|1122,材料2|25|三角波|52|-11,2,q4-ridge-fold-2,True
附件一（训练集）.xlsx|材料4|1466,材料4|70|三角波|51|-18,3,q4-ridge-fold-3,True
附件一（训练集）.xlsx|材料4|164,材料4|25|正弦波|55|-19,2,q4-ridge-fold-2,True
附件一（训练集）.xlsx|材料3|100,材料3|50|正弦波|47|-12,3,q4-ridge-fold-3,True
附件一（训练集）.xlsx|材料3|1879,材料3|90|三角波|48|-8,4,q4-ridge-fold-4,True
附件一（训练集）.xlsx|材料4|1908,材料4|90|三角波|49|-10,4,q4-ridge-fold-4,True
附件一（训练集）.xlsx|材料1|2859,材料1|50|梯形波|54|-9,2,q4-ridge-fold-2,True
附件一（训练集）.xlsx|材料1|859,材料1|90|正弦波|49|-13,1,q4-ridge-fold-1,True
附件一（训练集）.xlsx|材料4|2129,材料4|25|梯形波|48|-10,2,q4-ridge-fold-2,True
附件一（训练集）.xlsx|材料3|960,材料3|25|正弦波|46|-16,4,q4-ridge-fold-4,True
附件一（训练集）.xlsx|材料3|2389,材料3|50|梯形波|55|-13,3,q4-ridge-fold-3,True
附件一（训练集）.xlsx|材料1|1495,材料1|50|三角波|52|-14,0,q4-ridge-fold-0,True
附件一（训练集）.xlsx|材料3|92,材料3|50|正弦波|46|-13,3,q4-ridge-fold-3,True
附件一（训练集）.xlsx|材料1|146,材料1|25|正弦波|50|-17,2,q4-ridge-fold-2,True
附件一（训练集）.xlsx|材料3|2986,材料3|90|梯形波|54|-18,3,q4-ridge-fold-3,True
附件一（训练集）.xlsx|材料3|316,材料3|90|正弦波|55|-20,1,q4-ridge-fold-1,True
附件一（训练集）.xlsx|材料1|3398,材料1|90|梯形波|55|-15,1,q4-ridge-fold-1,True
附件一（训练集）.xlsx|材料3|1443,材料3|50|三角波|56|-15,4,q4-ridge-fold-4,True
附件一（训练集）.xlsx|材料3|2312,材料3|50|三角波|55|-19,1,q4-ridge-fold-1,True
附件一（训练集）.xlsx|材料4|143,材料4|25|正弦波|53|-13,0,q4-ridge-fold-0,True
附件一（训练集）.xlsx|材料2|1547,材料2|50|三角波|52|-7,1,q4-ridge-fold-1,True
附件一（训练集）.xlsx|材料4|1987,材料4|25|三角波|55|-14,0,q4-ridge-fold-0,True
附件一（训练集）.xlsx|材料3|178,材料3|70|正弦波|46|-8,4,q4-ridge-fold-4,True
附件一（训练集）.xlsx|材料1|2281,材料1|90|三角波|49|-14,0,q4-ridge-fold-0,True
附件一（训练集）.xlsx|材料4|252,材料4|50|正弦波|49|-14,1,q4-ridge-fold-1,True
附件一（训练集）.xlsx|材料1|1115,材料1|25|三角波|50|-8,3,q4-ridge-fold-3,True
附件一（训练集）.xlsx|材料1|1229,材料1|25|三角波|54|-12,0,q4-ridge-fold-0,True
附件一（训练集）.xlsx|材料4|2638,材料4|90|三角波|55|-14,4,q4-ridge-fold-4,True
附件一（训练集）.xlsx|材料4|2497,材料4|70|梯形波|48|-12,0,q4-ridge-fold-0,True
附件一（训练集）.xlsx|材料2|2984,材料2|90|梯形波|55|-12,0,q4-ridge-fold-0,True
附件一（训练集）.xlsx|材料4|2503,材料4|70|梯形波|48|-6,2,q4-ridge-fold-2,True
附件一（训练集）.xlsx|材料2|1536,材料2|50|三角波|52|-12,4,q4-ridge-fold-4,True
附件一（训练集）.xlsx|材料1|2294,材料1|90|三角波|49|-7,2,q4-ridge-fold-2,True
附件一（训练集）.xlsx|材料3|13,材料3|25|正弦波|47|-14,4,q4-ridge-fold-4,True
附件一（训练集）.xlsx|材料3|856,材料3|90|正弦波|55|-15,3,q4-ridge-fold-3,True
附件一（训练集）.xlsx|材料4|1079,材料4|25|三角波|56|-16,1,q4-ridge-fold-1,True
附件一（训练集）.xlsx|材料4|134,材料4|25|正弦波|53|-20,4,q4-ridge-fold-4,True
附件一（训练集）.xlsx|材料3|704,材料3|70|正弦波|52|-14,2,q4-ridge-fold-2,True
附件一（训练集）.xlsx|材料2|1630,材料2|70|三角波|49|-15,1,q4-ridge-fold-1,True
附件一（训练集）.xlsx|材料1|89,材料1|25|正弦波|49|-17,1,q4-ridge-fold-1,True
附件一（训练集）.xlsx|材料1|937,材料1|90|正弦波|50|-11,1,q4-ridge-fold-1,True
附件一（训练集）.xlsx|材料2|414,材料2|70|正弦波|49|-7,3,q4-ridge-fold-3,True
附件一（训练集）.xlsx|材料3|210,材料3|70|正弦波|52|-17,1,q4-ridge-fold-1,True
附件一（训练集）.xlsx|材料3|756,材料3|90|正弦波|49|-8,3,q4-ridge-fold-3,True
附件一（训练集）.xlsx|材料2|644,材料2|50|正弦波|52|-10,2,q4-ridge-fold-2,True
附件一（训练集）.xlsx|材料3|1284,材料3|50|三角波|52|-20,1,q4-ridge-fold-1,True
附件一（训练集）.xlsx|材料4|1115,材料4|25|三角波|49|-10,2,q4-ridge-fold-2,True
附件一（训练集）.xlsx|材料2|572,材料2|25|正弦波|53|-19,3,q4-ridge-fold-3,True
附件一（训练集）.xlsx|材料3|1503,材料3|50|三角波|56|-21,3,q4-ridge-fold-3,True
附件一（训练集）.xlsx|材料4|142,材料4|25|正弦波|53|-14,1,q4-ridge-fold-1,True
附件一（训练集）.xlsx|材料1|509,材料1|50|正弦波|53|-16,0,q4-ridge-fold-0,True
附件一（训练集）.xlsx|材料1|270,材料1|25|正弦波|54|-13,3,q4-ridge-fold-3,True
附件一（训练集）.xlsx|材料4|1979,材料4|25|三角波|53|-18,0,q4-ridge-fold-0,True
附件一（训练集）.xlsx|材料2|848,材料2|90|正弦波|55|-13,4,q4-ridge-fold-4,True
附件一（训练集）.xlsx|材料1|2459,材料1|25|梯形波|51|-17,1,q4-ridge-fold-1,True
附件一（训练集）.xlsx|材料4|1240,材料4|50|三角波|52|-15,4,q4-ridge-fold-4,True
附件一（训练集）.xlsx|材料4|1982,材料4|25|三角波|53|-16,3,q4-ridge-fold-3,True
附件一（训练集）.xlsx|材料3|2821,材料3|70|梯形波|51|-12,3,q4-ridge-fold-3,True
附件一（训练集）.xlsx|材料3|990,材料3|25|正弦波|49|-9,2,q4-ridge-fold-2,True
附件一（训练集）.xlsx|材料1|802,材料1|90|正弦波|46|-10,3,q4-ridge-fold-3,True
附件一（训练集）.xlsx|材料1|700,材料1|70|正弦波|52|-8,1,q4-ridge-fold-1,True
附件一（训练集）.xlsx|材料2|134,材料2|50|正弦波|50|-13,3,q4-ridge-fold-3,True
附件一（训练集）.xlsx|材料3|725,材料3|70|正弦波|55|-13,0,q4-ridge-fold-0,True
附件一（训练集）.xlsx|材料4|1470,材料4|70|三角波|51|-16,4,q4-ridge-fold-4,True
附件一（训练集）.xlsx|材料1|1360,材料1|25|三角波|49|-9,3,q4-ridge-fold-3,True
附件一（训练集）.xlsx|材料3|3067,材料3|90|梯形波|52|-9,2,q4-ridge-fold-2,True
附件一（训练集）.xlsx|材料4|2652,材料4|90|梯形波|47|-15,4,q4-ridge-fold-4,True
附件一（训练集）.xlsx|材料1|214,材料1|25|正弦波|52|-17,2,q4-ridge-fold-2,True
附件一（训练集）.xlsx|材料2|2451,材料2|50|梯形波|51|-10,1,q4-ridge-fold-1,True
附件一（训练集）.xlsx|材料3|1994,材料3|90|三角波|55|-13,2,q4-ridge-fold-2,True
附件一（训练集）.xlsx|材料4|313,材料4|50|正弦波|51|-10,3,q4-ridge-fold-3,True
附件一（训练集）.xlsx|材料4|1373,材料4|50|三角波|49|-14,2,q4-ridge-fold-2,True
附件一（训练集）.xlsx|材料3|2156,材料3|25|梯形波|54|-8,2,q4-ridge-fold-2,True
附件一（训练集）.xlsx|材料2|2735,材料2|70|梯形波|55|-12,4,q4-ridge-fold-4,True
附件一（训练集）.xlsx|材料3|1848,材料3|90|三角波|54|-12,4,q4-ridge-fold-4,True
附件一（训练集）.xlsx|材料4|1763,材料4|90|三角波|52|-16,4,q4-ridge-fold-4,True
附件一（训练集）.xlsx|材料4|2354,材料4|50|梯形波|51|-13,2,q4-ridge-fold-2,True
附件一（训练集）.xlsx|材料3|1572,材料3|70|三角波|49|-8,0,q4-ridge-fold-0,True
附件一（训练集）.xlsx|材料1|15,材料1|25|正弦波|47|-16,3,q4-ridge-fold-3,True
附件一（训练集）.xlsx|材料3|806,材料3|25|正弦波|47|-8,2,q4-ridge-fold-2,True
附件一（训练集）.xlsx|材料3|1829,材料3|90|三角波|52|-12,3,q4-ridge-fold-3,True
附件一（训练集）.xlsx|材料4|763,材料4|90|正弦波|52|-16,1,q4-ridge-fold-1,True
附件一（训练集）.xlsx|材料3|435,材料3|50|正弦波|49|-9,0,q4-ridge-fold-0,True
附件一（训练集）.xlsx|材料2|778,材料2|90|正弦波|47|-10,1,q4-ridge-fold-1,True
附件一（训练集）.xlsx|材料1|2725,材料1|50|梯形波|51|-12,1,q4-ridge-fold-1,True
附件一（训练集）.xlsx|材料1|775,材料1|70|正弦波|54|-20,3,q4-ridge-fold-3,True
附件一（训练集）.xlsx|材料4|2498,材料4|70|梯形波|48|-11,3,q4-ridge-fold-3,True
附件一（训练集）.xlsx|材料2|2315,材料2|50|梯形波|51|-13,0,q4-ridge-fold-0,True
附件一（训练集）.xlsx|材料2|2668,材料2|70|梯形波|56|-14,0,q4-ridge-fold-0,True
附件一（训练集）.xlsx|材料4|1975,材料4|25|三角波|52|-8,2,q4-ridge-fold-2,True
附件一（训练集）.xlsx|材料2|2424,材料2|50|梯形波|56|-18,0,q4-ridge-fold-0,True
附件一（训练集）.xlsx|材料3|2352,材料3|50|梯形波|51|-10,3,q4-ridge-fold-3,True
附件一（训练集）.xlsx|材料4|1330,材料4|50|三角波|47|-15,4,q4-ridge-fold-4,True
附件一（训练集）.xlsx|材料3|122,材料3|50|正弦波|49|-8,0,q4-ridge-fold-0,True
附件一（训练集）.xlsx|材料4|1085,材料4|25|三角波|47|-13,2,q4-ridge-fold-2,True
附件一（训练集）.xlsx|材料3|1513,材料3|70|三角波|52|-19,4,q4-ridge-fold-4,True
附件一（训练集）.xlsx|材料2|2632,材料2|70|梯形波|52|-9,3,q4-ridge-fold-3,True
附件一（训练集）.xlsx|材料1|1410,材料1|50|三角波|50|-16,4,q4-ridge-fold-4,True
附件一（训练集）.xlsx|材料1|723,材料1|70|正弦波|52|-17,3,q4-ridge-fold-3,True
附件一（训练集）.xlsx|材料2|1552,材料2|50|三角波|54|-11,3,q4-ridge-fold-3,True
附件一（训练集）.xlsx|材料1|2779,材料1|50|梯形波|52|-15,1,q4-ridge-fold-1,True
附件一（训练集）.xlsx|材料3|1399,材料3|50|三角波|50|-14,0,q4-ridge-fold-0,True
附件一（训练集）.xlsx|材料4|2184,材料4|50|三角波|55|-10,3,q4-ridge-fold-3,True
附件一（训练集）.xlsx|材料1|2058,材料1|90|三角波|51|-18,1,q4-ridge-fold-1,True
附件一（训练集）.xlsx|材料3|1412,材料3|50|三角波|52|-16,1,q4-ridge-fold-1,True
附件一（训练集）.xlsx|材料4|615,材料4|70|正弦波|55|-17,1,q4-ridge-fold-1,True
附件一（训练集）.xlsx|材料4|2167,材料4|50|三角波|50|-16,4,q4-ridge-fold-4,True
附件一（训练集）.xlsx|材料2|574,材料2|25|正弦波|53|-16,4,q4-ridge-fold-4,True
附件一（训练集）.xlsx|材料4|2798,材料4|90|梯形波|52|-15,0,q4-ridge-fold-0,True
附件一（训练集）.xlsx|材料2|2014,材料2|90|三角波|52|-15,4,q4-ridge-fold-4,True
附件一（训练集）.xlsx|材料1|1569,材料1|50|三角波|55|-15,1,q4-ridge-fold-1,True
附件一（训练集）.xlsx|材料1|2765,材料1|50|梯形波|52|-11,3,q4-ridge-fold-3,True
附件一（训练集）.xlsx|材料4|137,材料4|25|正弦波|53|-18,2,q4-ridge-fold-2,True
附件一（训练集）.xlsx|材料3|3042,材料3|90|梯形波|51|-14,4,q4-ridge-fold-4,True
附件一（训练集）.xlsx|材料1|2745,材料1|50|梯形波|51|-10,3,q4-ridge-fold-3,True
附件一（训练集）.xlsx|材料2|1870,材料2|90|三角波|52|-13,4,q4-ridge-fold-4,True
附件一（训练集）.xlsx|材料3|1082,材料3|25|三角波|50|-12,1,q4-ridge-fold-1,True
附件一（训练集）.xlsx|材料3|460,材料3|25|正弦波|47|-12,4,q4-ridge-fold-4,True
附件一（训练集）.xlsx|材料3|3111,材料3|90|梯形波|46|-6,2,q4-ridge-fold-2,True
附件一（训练集）.xlsx|材料3|1551,材料3|70|三角波|56|-20,2,q4-ridge-fold-2,True
附件一（训练集）.xlsx|材料1|1230,材料1|25|三角波|54|-10,1,q4-ridge-fold-1,True
附件一（训练集）.xlsx|材料3|1882,材料3|90|三角波|49|-12,3,q4-ridge-fold-3,True
附件一（训练集）.xlsx|材料3|2792,材料3|70|梯形波|46|-12,2,q4-ridge-fold-2,True
附件一（训练集）.xlsx|材料1|3173,材料1|90|梯形波|46|-9,3,q4-ridge-fold-3,True
附件一（训练集）.xlsx|材料1|422,材料1|50|正弦波|51|-17,3,q4-ridge-fold-3,True
附件一（训练集）.xlsx|材料3|2539,材料3|50|梯形波|52|-18,4,q4-ridge-fold-4,True
附件一（训练集）.xlsx|材料2|2864,材料2|90|梯形波|51|-14,2,q4-ridge-fold-2,True
附件一（训练集）.xlsx|材料1|1116,材料1|25|三角波|50|-8,3,q4-ridge-fold-3,True
附件一（训练集）.xlsx|材料4|1196,材料4|50|三角波|50|-18,1,q4-ridge-fold-1,True
附件一（训练集）.xlsx|材料3|1910,材料3|90|三角波|52|-6,3,q4-ridge-fold-3,True
附件一（训练集）.xlsx|材料4|226,材料4|50|正弦波|48|-17,2,q4-ridge-fold-2,True
附件一（训练集）.xlsx|材料1|754,材料1|70|正弦波|53|-10,2,q4-ridge-fold-2,True
附件一（训练集）.xlsx|材料3|3161,材料3|90|梯形波|54|-13,0,q4-ridge-fold-0,True
附件一（训练集）.xlsx|材料4|2137,材料4|25|梯形波|48|-12,0,q4-ridge-fold-0,True
附件一（训练集）.xlsx|材料2|2927,材料2|90|梯形波|49|-14,4,q4-ridge-fold-4,True
附件一（训练集）.xlsx|材料2|1767,材料2|70|三角波|49|-14,4,q4-ridge-fold-4,True
附件一（训练集）.xlsx|材料1|1245,材料1|25|三角波|54|-12,0,q4-ridge-fold-0,True
附件一（训练集）.xlsx|材料3|2565,材料3|50|梯形波|55|-11,4,q4-ridge-fold-4,True
附件一（训练集）.xlsx|材料3|1070,材料3|25|三角波|48|-7,2,q4-ridge-fold-2,True
附件一（训练集）.xlsx|材料3|1335,材料3|50|三角波|50|-13,4,q4-ridge-fold-4,True
附件一（训练集）.xlsx|材料1|2797,材料1|50|梯形波|52|-17,3,q4-ridge-fold-3,True
附件一（训练集）.xlsx|材料4|1789,材料4|90|三角波|54|-19,3,q4-ridge-fold-3,True
附件一（训练集）.xlsx|材料3|98,材料3|50|正弦波|47|-17,4,q4-ridge-fold-4,True
附件一（训练集）.xlsx|材料2|649,材料2|50|正弦波|52|-18,4,q4-ridge-fold-4,True
附件一（训练集）.xlsx|材料2|1574,材料2|70|三角波|50|-18,3,q4-ridge-fold-3,True
附件一（训练集）.xlsx|材料3|1746,材料3|90|三角波|48|-7,1,q4-ridge-fold-1,True
附件一（训练集）.xlsx|材料3|575,材料3|50|正弦波|46|-11,0,q4-ridge-fold-0,True
附件一（训练集）.xlsx|材料2|438,材料2|25|正弦波|52|-12,1,q4-ridge-fold-1,True
附件一（训练集）.xlsx|材料3|1245,材料3|25|三角波|52|-15,0,q4-ridge-fold-0,True
附件一（训练集）.xlsx|材料2|233,材料2|70|正弦波|52|-20,3,q4-ridge-fold-3,True
附件一（训练集）.xlsx|材料3|296,材料3|90|正弦波|52|-20,1,q4-ridge-fold-1,True
附件一（训练集）.xlsx|材料2|1699,材料2|70|三角波|49|-9,1,q4-ridge-fold-1,True
附件一（训练集）.xlsx|材料2|946,材料2|90|正弦波|49|-17,1,q4-ridge-fold-1,True
附件一（训练集）.xlsx|材料1|302,材料1|50|正弦波|47|-17,4,q4-ridge-fold-4,True
附件一（训练集）.xlsx|材料2|1302,材料2|25|三角波|52|-8,0,q4-ridge-fold-0,True
附件一（训练集）.xlsx|材料1|1141,材料1|25|三角波|52|-19,3,q4-ridge-fold-3,True
附件一（训练集）.xlsx|材料1|3122,材料1|70|梯形波|54|-9,3,q4-ridge-fold-3,True
附件一（训练集）.xlsx|材料3|2035,材料3|25|梯形波|48|-6,3,q4-ridge-fold-3,True
附件一（训练集）.xlsx|材料2|1581,材料2|70|三角波|50|-8,1,q4-ridge-fold-1,True
附件一（训练集）.xlsx|材料3|1613,材料3|70|三角波|56|-21,4,q4-ridge-fold-4,True
附件一（训练集）.xlsx|材料1|2379,材料1|25|梯形波|46|-9,3,q4-ridge-fold-3,True
附件一（训练集）.xlsx|材料4|1680,材料4|90|三角波|47|-8,4,q4-ridge-fold-4,True
附件一（训练集）.xlsx|材料1|1530,材料1|50|三角波|54|-15,3,q4-ridge-fold-3,True
附件一（训练集）.xlsx|材料2|99,材料2|50|正弦波|46|-9,4,q4-ridge-fold-4,True
附件一（训练集）.xlsx|材料1|2502,材料1|25|梯形波|52|-12,2,q4-ridge-fold-2,True
附件一（训练集）.xlsx|材料1|2724,材料1|50|梯形波|51|-13,1,q4-ridge-fold-1,True
附件一（训练集）.xlsx|材料3|2783,材料3|70|梯形波|56|-21,4,q4-ridge-fold-4,True
附件一（训练集）.xlsx|材料2|2001,材料2|90|三角波|50|-11,1,q4-ridge-fold-1,True
附件一（训练集）.xlsx|材料1|284,材料1|50|正弦波|46|-10,0,q4-ridge-fold-0,True
附件一（训练集）.xlsx|材料3|735,材料3|90|正弦波|47|-17,2,q4-ridge-fold-2,True
附件一（训练集）.xlsx|材料4|1433,材料4|70|三角波|48|-11,0,q4-ridge-fold-0,True
附件一（训练集）.xlsx|材料4|2282,材料4|50|梯形波|48|-13,0,q4-ridge-fold-0,True
附件一（训练集）.xlsx|材料4|20,材料4|25|正弦波|47|-11,2,q4-ridge-fold-2,True
附件一（训练集）.xlsx|材料4|2001,材料4|25|三角波|55|-15,0,q4-ridge-fold-0,True
附件一（训练集）.xlsx|材料4|477,材料4|70|正弦波|49|-10,1,q4-ridge-fold-1,True
附件一（训练集）.xlsx|材料1|266,材料1|25|正弦波|54|-15,0,q4-ridge-fold-0,True
附件一（训练集）.xlsx|材料2|2105,材料2|25|梯形波|54|-9,0,q4-ridge-fold-0,True
附件一（训练集）.xlsx|材料3|1689,材料3|70|三角波|48|-9,0,q4-ridge-fold-0,True
附件一（训练集）.xlsx|材料3|1104,材料3|25|三角波|54|-19,4,q4-ridge-fold-4,True
附件一（训练集）.xlsx|材料3|2984,材料3|90|梯形波|54|-20,4,q4-ridge-fold-4,True
附件一（训练集）.xlsx|材料4|2157,材料4|25|梯形波|49|-6,0,q4-ridge-fold-0,True
附件一（训练集）.xlsx|材料3|1188,材料3|25|三角波|55|-19,4,q4-ridge-fold-4,True
附件一（训练集）.xlsx|材料4|1605,材料4|70|三角波|48|-12,3,q4-ridge-fold-3,True
附件一（训练集）.xlsx|材料4|322,材料4|50|正弦波|52|-10,4,q4-ridge-fold-4,True
附件一（训练集）.xlsx|材料2|312,材料2|90|正弦波|52|-18,1,q4-ridge-fold-1,True
附件一（训练集）.xlsx|材料2|626,材料2|50|正弦波|49|-9,4,q4-ridge-fold-4,True
附件一（训练集）.xlsx|材料1|2283,材料1|90|三角波|49|-13,3,q4-ridge-fold-3,True
附件一（训练集）.xlsx|材料4|95,材料4|25|正弦波|51|-19,4,q4-ridge-fold-4,True
附件一（训练集）.xlsx|材料2|1106,材料2|25|三角波|52|-19,0,q4-ridge-fold-0,True
附件一（训练集）.xlsx|材料4|262,材料4|50|正弦波|49|-16,2,q4-ridge-fold-2,True
附件一（训练集）.xlsx|材料2|564,材料2|25|正弦波|52|-17,2,q4-ridge-fold-2,True
附件一（训练集）.xlsx|材料3|2067,材料3|25|梯形波|52|-16,2,q4-ridge-fold-2,True
附件一（训练集）.xlsx|材料1|228,材料1|25|正弦波|53|-20,1,q4-ridge-fold-1,True
附件一（训练集）.xlsx|材料2|2766,材料2|90|三角波|55|-10,0,q4-ridge-fold-0,True
附件一（训练集）.xlsx|材料2|1649,材料2|70|三角波|52|-9,3,q4-ridge-fold-3,True
附件一（训练集）.xlsx|材料1|2331,材料1|25|三角波|55|-19,1,q4-ridge-fold-1,True
附件一（训练集）.xlsx|材料2|1949,材料2|90|三角波|52|-14,3,q4-ridge-fold-3,True
附件一（训练集）.xlsx|材料3|2258,材料3|25|梯形波|55|-18,0,q4-ridge-fold-0,True
附件一（训练集）.xlsx|材料4|488,材料4|70|正弦波|49|-8,3,q4-ridge-fold-3,True
附件一（训练集）.xlsx|材料1|1941,材料1|70|三角波|47|-6,3,q4-ridge-fold-3,True
附件一（训练集）.xlsx|材料3|234,材料3|70|正弦波|55|-20,2,q4-ridge-fold-2,True
附件一（训练集）.xlsx|材料3|1886,材料3|90|三角波|49|-14,0,q4-ridge-fold-0,True
附件一（训练集）.xlsx|材料4|1915,材料4|90|三角波|50|-18,0,q4-ridge-fold-0,True
附件一（训练集）.xlsx|材料1|3222,材料1|90|梯形波|49|-15,4,q4-ridge-fold-4,True
附件一（训练集）.xlsx|材料2|2186,材料2|25|梯形波|55|-13,4,q4-ridge-fold-4,True
附件一（训练集）.xlsx|材料4|399,材料4|50|正弦波|55|-17,4,q4-ridge-fold-4,True
附件一（训练集）.xlsx|材料3|2669,材料3|70|梯形波|52|-9,1,q4-ridge-fold-1,True
附件一（训练集）.xlsx|材料1|379,材料1|50|正弦波|49|-8,3,q4-ridge-fold-3,True
附件一（训练集）.xlsx|材料3|2516,材料3|50|梯形波|49|-14,4,q4-ridge-fold-4,True
附件一（训练集）.xlsx|材料4|1683,材料4|90|三角波|48|-18,1,q4-ridge-fold-1,True
附件一（训练集）.xlsx|材料3|475,材料3|50|正弦波|53|-19,0,q4-ridge-fold-0,True
附件一（训练集）.xlsx|材料3|2550,材料3|50|梯形波|54|-17,1,q4-ridge-fold-1,True
附件一（训练集）.xlsx|材料2|2448,材料2|50|梯形波|51|-15,1,q4-ridge-fold-1,True
附件一（训练集）.xlsx|材料2|2539,材料2|70|梯形波|49|-11,2,q4-ridge-fold-2,True
附件一（训练集）.xlsx|材料2|625,材料2|50|正弦波|49|-10,0,q4-ridge-fold-0,True
附件一（训练集）.xlsx|材料2|1327,材料2|25|三角波|56|-21,2,q4-ridge-fold-2,True
附件一（训练集）.xlsx|材料2|1073,材料2|25|正弦波|52|-14,4,q4-ridge-fold-4,True
附件一（训练集）.xlsx|材料1|2508,材料1|25|梯形波|52|-6,0,q4-ridge-fold-0,True
附件一（训练集）.xlsx|材料1|2206,材料1|90|三角波|55|-17,4,q4-ridge-fold-4,True
附件一（训练集）.xlsx|材料2|1398,材料2|50|三角波|51|-11,0,q4-ridge-fold-0,True
附件一（训练集）.xlsx|材料1|1053,材料1|90|正弦波|54|-12,0,q4-ridge-fold-0,True
附件一（训练集）.xlsx|材料1|1759,材料1|70|三角波|51|-8,3,q4-ridge-fold-3,True
附件一（训练集）.xlsx|材料3|1742,材料3|70|三角波|56|-17,3,q4-ridge-fold-3,True
附件一（训练集）.xlsx|材料2|557,材料2|25|正弦波|52|-11,1,q4-ridge-fold-1,True
附件一（训练集）.xlsx|材料3|251,材料3|90|正弦波|46|-9,4,q4-ridge-fold-4,True
附件一（训练集）.xlsx|材料4|2351,材料4|50|梯形波|51|-18,1,q4-ridge-fold-1,True
附件一（训练集）.xlsx|材料2|2334,材料2|50|梯形波|54|-21,1,q4-ridge-fold-1,True
附件一（训练集）.xlsx|材料3|1854,材料3|90|三角波|55|-16,0,q4-ridge-fold-0,True
附件一（训练集）.xlsx|材料4|1799,材料4|90|三角波|54|-19,3,q4-ridge-fold-3,True
附件一（训练集）.xlsx|材料2|2197,材料2|25|梯形波|56|-11,0,q4-ridge-fold-0,True
附件一（训练集）.xlsx|材料4|2100,材料4|25|梯形波|46|-13,4,q4-ridge-fold-4,True
附件一（训练集）.xlsx|材料4|2792,材料4|90|梯形波|52|-18,0,q4-ridge-fold-0,True
附件一（训练集）.xlsx|材料3|2909,材料3|90|三角波|55|-12,3,q4-ridge-fold-3,True
附件一（训练集）.xlsx|材料1|3121,材料1|70|梯形波|54|-10,1,q4-ridge-fold-1,True
附件一（训练集）.xlsx|材料1|2442,材料1|25|梯形波|49|-8,0,q4-ridge-fold-0,True
附件一（训练集）.xlsx|材料1|3022,材料1|70|梯形波|52|-14,4,q4-ridge-fold-4,True
附件一（训练集）.xlsx|材料2|2205,材料2|25|梯形波|48|-10,3,q4-ridge-fold-3,True
附件一（训练集）.xlsx|材料1|1702,材料1|70|三角波|47|-10,0,q4-ridge-fold-0,True
附件一（训练集）.xlsx|材料3|114,材料3|50|正弦波|49|-7,4,q4-ridge-fold-4,True
附件一（训练集）.xlsx|材料1|1869,材料1|70|三角波|54|-13,1,q4-ridge-fold-1,True
附件一（训练集）.xlsx|材料1|2161,材料1|90|三角波|54|-18,0,q4-ridge-fold-0,True
附件一（训练集）.xlsx|材料1|1586,材料1|50|三角波|55|-15,1,q4-ridge-fold-1,True
附件一（训练集）.xlsx|材料4|900,材料4|25|三角波|48|-17,0,q4-ridge-fold-0,True
附件一（训练集）.xlsx|材料3|1386,材料3|50|三角波|49|-10,1,q4-ridge-fold-1,True
附件一（训练集）.xlsx|材料3|1659,材料3|70|三角波|54|-18,2,q4-ridge-fold-2,True
附件一（训练集）.xlsx|材料3|2028,材料3|25|梯形波|48|-14,4,q4-ridge-fold-4,True
附件一（训练集）.xlsx|材料1|1271,材料1|25|三角波|55|-17,1,q4-ridge-fold-1,True
附件一（训练集）.xlsx|材料1|2430,材料1|25|梯形波|49|-16,0,q4-ridge-fold-0,True
附件一（训练集）.xlsx|材料1|464,材料1|50|正弦波|52|-12,4,q4-ridge-fold-4,True
附件一（训练集）.xlsx|材料1|1072,材料1|25|三角波|47|-9,0,q4-ridge-fold-0,True
附件一（训练集）.xlsx|材料1|453,材料1|50|正弦波|52|-19,2,q4-ridge-fold-2,True
附件一（训练集）.xlsx|材料2|172,材料2|50|正弦波|55|-16,4,q4-ridge-fold-4,True
附件一（训练集）.xlsx|材料4|996,材料4|25|三角波|52|-13,2,q4-ridge-fold-2,True
附件一（训练集）.xlsx|材料3|2515,材料3|50|梯形波|49|-15,0,q4-ridge-fold-0,True
附件一（训练集）.xlsx|材料3|192,材料3|70|正弦波|49|-13,4,q4-ridge-fold-4,True
附件一（训练集）.xlsx|材料1|2421,材料1|25|梯形波|49|-12,1,q4-ridge-fold-1,True
附件一（训练集）.xlsx|材料1|655,材料1|70|正弦波|50|-15,0,q4-ridge-fold-0,True
附件一（训练集）.xlsx|材料1|1613,材料1|50|三角波|56|-17,1,q4-ridge-fold-1,True
附件一（训练集）.xlsx|材料3|3028,材料3|90|梯形波|49|-9,3,q4-ridge-fold-3,True
附件一（训练集）.xlsx|材料4|2227,材料4|50|三角波|52|-18,0,q4-ridge-fold-0,True
附件一（训练集）.xlsx|材料1|3117,材料1|70|梯形波|54|-14,4,q4-ridge-fold-4,True
附件一（训练集）.xlsx|材料2|1848,材料2|90|三角波|56|-18,2,q4-ridge-fold-2,True
附件一（训练集）.xlsx|材料3|3177,材料3|90|梯形波|55|-18,0,q4-ridge-fold-0,True
附件一（训练集）.xlsx|材料3|3164,材料3|90|梯形波|54|-9,2,q4-ridge-fold-2,True
附件一（训练集）.xlsx|材料2|219,材料2|70|正弦波|50|-13,4,q4-ridge-fold-4,True
附件一（训练集）.xlsx|材料4|340,材料4|50|正弦波|52|-19,3,q4-ridge-fold-3,True
附件一（训练集）.xlsx|材料3|2463,材料3|50|梯形波|54|-13,1,q4-ridge-fold-1,True
附件一（训练集）.xlsx|材料4|1459,材料4|70|三角波|50|-13,2,q4-ridge-fold-2,True
附件一（训练集）.xlsx|材料4|35,材料4|25|正弦波|48|-11,3,q4-ridge-fold-3,True
附件一（训练集）.xlsx|材料3|1794,材料3|90|三角波|55|-12,3,q4-ridge-fold-3,True
附件一（训练集）.xlsx|材料1|2997,材料1|70|梯形波|51|-10,4,q4-ridge-fold-4,True
附件一（训练集）.xlsx|材料1|1286,材料1|25|三角波|55|-18,1,q4-ridge-fold-1,True
附件一（训练集）.xlsx|材料1|1097,材料1|25|三角波|48|-12,1,q4-ridge-fold-1,True
附件一（训练集）.xlsx|材料3|2563,材料3|50|梯形波|55|-14,2,q4-ridge-fold-2,True
附件一（训练集）.xlsx|材料3|62,材料3|25|正弦波|53|-19,0,q4-ridge-fold-0,True
附件一（训练集）.xlsx|材料4|1766,材料4|90|三角波|52|-14,4,q4-ridge-fold-4,True
附件一（训练集）.xlsx|材料3|2351,材料3|50|梯形波|51|-11,1,q4-ridge-fold-1,True
附件一（训练集）.xlsx|材料2|428,材料2|50|正弦波|53|-16,2,q4-ridge-fold-2,True
附件一（训练集）.xlsx|材料2|1968,材料2|90|三角波|55|-21,4,q4-ridge-fold-4,True
附件一（训练集）.xlsx|材料3|2015,材料3|25|三角波|55|-15,4,q4-ridge-fold-4,True
附件一（训练集）.xlsx|材料4|1369,材料4|50|三角波|49|-16,3,q4-ridge-fold-3,True
附件一（训练集）.xlsx|材料1|2914,材料1|70|梯形波|47|-8,3,q4-ridge-fold-3,True
附件一（训练集）.xlsx|材料1|2584,材料1|25|梯形波|54|-19,1,q4-ridge-fold-1,True
附件一（训练集）.xlsx|材料2|223,材料2|70|正弦波|52|-19,3,q4-ridge-fold-3,True
附件一（训练集）.xlsx|材料3|1528,材料3|70|三角波|54|-19,1,q4-ridge-fold-1,True
附件一（训练集）.xlsx|材料3|2103,材料3|25|梯形波|46|-6,1,q4-ridge-fold-1,True
附件一（训练集）.xlsx|材料1|1522,材料1|50|三角波|53|-11,4,q4-ridge-fold-4,True
附件一（训练集）.xlsx|材料3|682,材料3|70|正弦波|49|-11,3,q4-ridge-fold-3,True
附件一（训练集）.xlsx|材料4|1200,材料4|50|三角波|50|-13,3,q4-ridge-fold-3,True
附件一（训练集）.xlsx|材料2|475,材料2|25|正弦波|55|-12,4,q4-ridge-fold-4,True
附件一（训练集）.xlsx|材料1|712,材料1|70|正弦波|52|-12,3,q4-ridge-fold-3,True
附件一（训练集）.xlsx|材料4|1660,材料4|70|三角波|49|-8,1,q4-ridge-fold-1,True
附件一（训练集）.xlsx|材料2|1710,材料2|70|三角波|50|-14,4,q4-ridge-fold-4,True
附件一（训练集）.xlsx|材料2|2462,材料2|50|梯形波|52|-9,1,q4-ridge-fold-1,True
附件一（训练集）.xlsx|材料3|1548,材料3|70|三角波|55|-13,2,q4-ridge-fold-2,True
附件一（训练集）.xlsx|材料2|897,材料2|90|正弦波|49|-13,0,q4-ridge-fold-0,True
附件一（训练集）.xlsx|材料3|1227,材料3|25|三角波|49|-7,1,q4-ridge-fold-1,True
附件一（训练集）.xlsx|材料1|3212,材料1|90|梯形波|49|-10,3,q4-ridge-fold-3,True
附件一（训练集）.xlsx|材料1|2613,材料1|50|三角波|55|-8,3,q4-ridge-fold-3,True
附件一（训练集）.xlsx|材料3|3024,材料3|90|梯形波|49|-14,2,q4-ridge-fold-2,True
附件一（训练集）.xlsx|材料4|2352,材料4|50|梯形波|51|-17,2,q4-ridge-fold-2,True
附件一（训练集）.xlsx|材料2|2367,材料2|50|梯形波|49|-13,1,q4-ridge-fold-1,True
附件一（训练集）.xlsx|材料1|486,材料1|50|正弦波|53|-19,1,q4-ridge-fold-1,True
附件一（训练集）.xlsx|材料1|1822,材料1|70|三角波|53|-19,1,q4-ridge-fold-1,True
附件一（训练集）.xlsx|材料4|2198,材料4|50|三角波|55|-13,0,q4-ridge-fold-0,True
附件一（训练集）.xlsx|材料2|423,材料2|25|正弦波|52|-19,3,q4-ridge-fold-3,True
附件一（训练集）.xlsx|材料3|1395,材料3|50|三角波|49|-9,0,q4-ridge-fold-0,True
附件一（训练集）.xlsx|材料3|38,材料3|25|正弦波|50|-16,3,q4-ridge-fold-3,True
附件一（训练集）.xlsx|材料1|269,材料1|25|正弦波|54|-14,2,q4-ridge-fold-2,True
附件一（训练集）.xlsx|材料4|2707,材料4|90|梯形波|49|-16,3,q4-ridge-fold-3,True
附件一（训练集）.xlsx|材料2|1220,材料2|25|三角波|49|-6,3,q4-ridge-fold-3,True
附件一（训练集）.xlsx|材料4|1719,材料4|90|三角波|51|-17,1,q4-ridge-fold-1,True
附件一（训练集）.xlsx|材料1|117,材料1|25|正弦波|49|-12,1,q4-ridge-fold-1,True
附件一（训练集）.xlsx|材料4|561,材料4|70|正弦波|52|-13,1,q4-ridge-fold-1,True
附件一（训练集）.xlsx|材料4|86,材料4|25|正弦波|50|-17,3,q4-ridge-fold-3,True
附件一（训练集）.xlsx|材料1|1085,材料1|25|三角波|48|-12,1,q4-ridge-fold-1,True
附件一（训练集）.xlsx|材料3|3074,材料3|90|梯形波|54|-13,0,q4-ridge-fold-0,True
附件一（训练集）.xlsx|材料2|2049,材料2|25|三角波|56|-11,1,q4-ridge-fold-1,True
附件一（训练集）.xlsx|材料1|2453,材料1|25|梯形波|50|-10,1,q4-ridge-fold-1,True
附件一（训练集）.xlsx|材料2|2151,材料2|25|梯形波|52|-17,0,q4-ridge-fold-0,True
附件一（训练集）.xlsx|材料3|905,材料3|25|正弦波|50|-8,4,q4-ridge-fold-4,True
附件一（训练集）.xlsx|材料2|419,材料2|70|正弦波|47|-14,0,q4-ridge-fold-0,True
附件一（训练集）.xlsx|材料4|2325,材料4|50|梯形波|49|-15,2,q4-ridge-fold-2,True
附件一（训练集）.xlsx|材料2|2133,材料2|25|梯形波|48|-10,3,q4-ridge-fold-3,True
附件一（训练集）.xlsx|材料1|1430,材料1|50|三角波|51|-16,1,q4-ridge-fold-1,True
附件一（训练集）.xlsx|材料3|1974,材料3|90|三角波|52|-14,2,q4-ridge-fold-2,True
附件一（训练集）.xlsx|材料4|942,材料4|25|三角波|50|-10,0,q4-ridge-fold-0,True
附件一（训练集）.xlsx|材料1|2419,材料1|25|梯形波|49|-13,2,q4-ridge-fold-2,True
附件一（训练集）.xlsx|材料1|981,材料1|90|正弦波|52|-17,4,q4-ridge-fold-4,True
附件一（训练集）.xlsx|材料4|1343,材料4|50|三角波|48|-14,1,q4-ridge-fold-1,True
附件一（训练集）.xlsx|材料2|2362,材料2|50|梯形波|48|-11,0,q4-ridge-fold-0,True
附件一（训练集）.xlsx|材料3|2111,材料3|25|梯形波|49|-13,3,q4-ridge-fold-3,True
附件一（训练集）.xlsx|材料2|2508,材料2|50|梯形波|47|-13,0,q4-ridge-fold-0,True
附件一（训练集）.xlsx|材料2|2417,材料2|50|梯形波|55|-16,3,q4-ridge-fold-3,True
附件一（训练集）.xlsx|材料4|2195,材料4|50|三角波|55|-14,2,q4-ridge-fold-2,True
附件一（训练集）.xlsx|材料2|56,材料2|25|正弦波|52|-19,3,q4-ridge-fold-3,True
附件一（训练集）.xlsx|材料3|1745,材料3|90|三角波|48|-13,4,q4-ridge-fold-4,True
附件一（训练集）.xlsx|材料4|131,材料4|25|正弦波|52|-18,0,q4-ridge-fold-0,True
附件一（训练集）.xlsx|材料3|1661,材料3|70|三角波|54|-15,1,q4-ridge-fold-1,True
附件一（训练集）.xlsx|材料4|185,材料4|25|正弦波|55|-15,2,q4-ridge-fold-2,True
附件一（训练集）.xlsx|材料3|1868,材料3|90|三角波|56|-19,3,q4-ridge-fold-3,True
附件一（训练集）.xlsx|材料3|638,材料3|50|正弦波|55|-15,1,q4-ridge-fold-1,True
附件一（训练集）.xlsx|材料1|1077,材料1|25|三角波|47|-6,2,q4-ridge-fold-2,True
附件一（训练集）.xlsx|材料1|2966,材料1|70|梯形波|49|-10,4,q4-ridge-fold-4,True
附件一（训练集）.xlsx|材料2|1062,材料2|25|正弦波|52|-14,4,q4-ridge-fold-4,True
附件一（训练集）.xlsx|材料3|678,材料3|70|正弦波|49|-16,0,q4-ridge-fold-0,True
附件一（训练集）.xlsx|材料4|734,材料4|90|正弦波|51|-14,4,q4-ridge-fold-4,True
附件一（训练集）.xlsx|材料2|411,材料2|70|正弦波|53|-11,2,q4-ridge-fold-2,True
附件一（训练集）.xlsx|材料1|2793,材料1|50|梯形波|52|-7,2,q4-ridge-fold-2,True
附件一（训练集）.xlsx|材料4|1011,材料4|25|三角波|53|-14,4,q4-ridge-fold-4,True
附件一（训练集）.xlsx|材料1|444,材料1|50|正弦波|52|-14,3,q4-ridge-fold-3,True
附件一（训练集）.xlsx|材料1|198,材料1|25|正弦波|52|-14,1,q4-ridge-fold-1,True
附件一（训练集）.xlsx|材料2|740,材料2|70|正弦波|52|-14,0,q4-ridge-fold-0,True
附件一（训练集）.xlsx|材料2|454,材料2|90|正弦波|55|-18,1,q4-ridge-fold-1,True
附件一（训练集）.xlsx|材料3|1020,材料3|25|三角波|50|-10,2,q4-ridge-fold-2,True
附件一（训练集）.xlsx|材料2|2672,材料2|70|梯形波|46|-12,0,q4-ridge-fold-0,True
附件一（训练集）.xlsx|材料3|2526,材料3|50|梯形波|51|-13,0,q4-ridge-fold-0,True
附件一（训练集）.xlsx|材料1|3152,材料1|90|三角波|55|-15,0,q4-ridge-fold-0,True
附件一（训练集）.xlsx|材料4|1818,材料4|90|三角波|55|-17,2,q4-ridge-fold-2,True
附件一（训练集）.xlsx|材料2|2487,材料2|50|梯形波|55|-20,0,q4-ridge-fold-0,True
附件一（训练集）.xlsx|材料3|1530,材料3|70|三角波|54|-17,0,q4-ridge-fold-0,True
附件一（训练集）.xlsx|材料3|2898,材料3|70|梯形波|47|-9,4,q4-ridge-fold-4,True
附件一（训练集）.xlsx|材料4|870,材料4|25|正弦波|52|-20,1,q4-ridge-fold-1,True
附件一（训练集）.xlsx|材料3|2333,材料3|50|梯形波|48|-13,4,q4-ridge-fold-4,True
附件一（训练集）.xlsx|材料1|1948,材料1|70|三角波|48|-10,4,q4-ridge-fold-4,True
附件一（训练集）.xlsx|材料1|1742,材料1|70|三角波|51|-19,0,q4-ridge-fold-0,True
附件一（训练集）.xlsx|材料2|2765,材料2|90|三角波|55|-11,0,q4-ridge-fold-0,True
附件一（训练集）.xlsx|材料4|2230,材料4|50|三角波|52|-17,3,q4-ridge-fold-3,True
附件一（训练集）.xlsx|材料2|1154,材料2|25|三角波|49|-16,4,q4-ridge-fold-4,True
附件一（训练集）.xlsx|材料2|2313,材料2|50|梯形波|51|-15,1,q4-ridge-fold-1,True
附件一（训练集）.xlsx|材料1|2959,材料1|70|梯形波|49|-14,4,q4-ridge-fold-4,True
附件一（训练集）.xlsx|材料3|1744,材料3|90|三角波|49|-14,0,q4-ridge-fold-0,True
附件一（训练集）.xlsx|材料3|209,材料3|70|正弦波|52|-18,2,q4-ridge-fold-2,True
附件一（训练集）.xlsx|材料2|1493,材料2|50|三角波|55|-10,3,q4-ridge-fold-3,True
附件一（训练集）.xlsx|材料2|1924,材料2|90|三角波|49|-13,2,q4-ridge-fold-2,True
附件一（训练集）.xlsx|材料1|1231,材料1|25|三角波|54|-20,3,q4-ridge-fold-3,True
附件一（训练集）.xlsx|材料3|1675,材料3|70|三角波|55|-16,4,q4-ridge-fold-4,True
附件一（训练集）.xlsx|材料3|1880,材料3|90|三角波|48|-7,1,q4-ridge-fold-1,True
附件一（训练集）.xlsx|材料2|2547,材料2|70|梯形波|51|-12,4,q4-ridge-fold-4,True
附件一（训练集）.xlsx|材料1|1168,材料1|25|三角波|52|-14,3,q4-ridge-fold-3,True
附件一（训练集）.xlsx|材料1|3103,材料1|70|梯形波|54|-10,1,q4-ridge-fold-1,True
附件一（训练集）.xlsx|材料2|1108,材料2|25|三角波|52|-14,2,q4-ridge-fold-2,True
附件一（训练集）.xlsx|材料2|1656,材料2|70|三角波|52|-11,1,q4-ridge-fold-1,True
附件一（训练集）.xlsx|材料1|2352,材料1|25|三角波|55|-8,0,q4-ridge-fold-0,True
附件一（训练集）.xlsx|材料3|2218,材料3|25|梯形波|51|-15,2,q4-ridge-fold-2,True
附件一（训练集）.xlsx|材料2|1697,材料2|70|三角波|49|-12,2,q4-ridge-fold-2,True
附件一（训练集）.xlsx|材料2|1148,材料2|25|三角波|49|-14,2,q4-ridge-fold-2,True
附件一（训练集）.xlsx|材料3|308,材料3|90|正弦波|55|-20,1,q4-ridge-fold-1,True
附件一（训练集）.xlsx|材料4|2452,材料4|70|三角波|55|-17,4,q4-ridge-fold-4,True
附件一（训练集）.xlsx|材料3|177,材料3|70|正弦波|46|-11,4,q4-ridge-fold-4,True
附件一（训练集）.xlsx|材料1|2836,材料1|50|梯形波|54|-12,4,q4-ridge-fold-4,True
附件一（训练集）.xlsx|材料4|2720,材料4|90|梯形波|50|-18,1,q4-ridge-fold-1,True
附件一（训练集）.xlsx|材料4|135,材料4|25|正弦波|53|-19,3,q4-ridge-fold-3,True
附件一（训练集）.xlsx|材料1|1750,材料1|70|三角波|51|-13,3,q4-ridge-fold-3,True
附件一（训练集）.xlsx|材料4|2123,材料4|25|梯形波|48|-14,1,q4-ridge-fold-1,True
附件一（训练集）.xlsx|材料1|1619,材料1|50|三角波|56|-13,1,q4-ridge-fold-1,True
附件一（训练集）.xlsx|材料3|2272,材料3|25|梯形波|55|-14,4,q4-ridge-fold-4,True
附件一（训练集）.xlsx|材料4|1758,材料4|90|三角波|52|-19,1,q4-ridge-fold-1,True
附件一（训练集）.xlsx|材料1|3094,材料1|70|梯形波|54|-15,3,q4-ridge-fold-3,True
附件一（训练集）.xlsx|材料2|2581,材料2|70|梯形波|55|-16,4,q4-ridge-fold-4,True
附件一（训练集）.xlsx|材料1|3313,材料1|90|梯形波|52|-13,2,q4-ridge-fold-2,True
附件一（训练集）.xlsx|材料2|660,材料2|50|正弦波|53|-13,0,q4-ridge-fold-0,True
附件一（训练集）.xlsx|材料3|3119,材料3|90|梯形波|49|-14,2,q4-ridge-fold-2,True
附件一（训练集）.xlsx|材料1|206,材料1|25|正弦波|52|-10,4,q4-ridge-fold-4,True
附件一（训练集）.xlsx|材料3|2660,材料3|70|梯形波|52|-9,1,q4-ridge-fold-1,True
附件一（训练集）.xlsx|材料3|1268,材料3|25|三角波|56|-18,1,q4-ridge-fold-1,True
附件一（训练集）.xlsx|材料2|73,材料2|25|正弦波|53|-12,0,q4-ridge-fold-0,True
附件一（训练集）.xlsx|材料3|1655,材料3|70|三角波|52|-16,4,q4-ridge-fold-4,True
附件一（训练集）.xlsx|材料1|2109,材料1|90|三角波|52|-13,0,q4-ridge-fold-0,True
附件一（训练集）.xlsx|材料3|1055,材料3|25|三角波|55|-16,1,q4-ridge-fold-1,True
附件一（训练集）.xlsx|材料3|1348,材料3|50|三角波|52|-15,1,q4-ridge-fold-1,True
附件一（训练集）.xlsx|材料2|860,材料2|25|正弦波|55|-19,4,q4-ridge-fold-4,True
附件一（训练集）.xlsx|材料2|1894,材料2|90|三角波|55|-15,0,q4-ridge-fold-0,True
附件一（训练集）.xlsx|材料3|2877,材料3|70|梯形波|55|-13,1,q4-ridge-fold-1,True
附件一（训练集）.xlsx|材料3|747,材料3|90|正弦波|49|-11,0,q4-ridge-fold-0,True
附件一（训练集）.xlsx|材料2|2727,材料2|70|梯形波|54|-13,3,q4-ridge-fold-3,True
附件一（训练集）.xlsx|材料2|2988,材料2|90|梯形波|56|-17,3,q4-ridge-fold-3,True
附件一（训练集）.xlsx|材料1|1252,材料1|25|三角波|55|-18,1,q4-ridge-fold-1,True
附件一（训练集）.xlsx|材料4|2298,材料4|50|梯形波|48|-11,0,q4-ridge-fold-0,True
附件一（训练集）.xlsx|材料1|3033,材料1|70|梯形波|52|-18,3,q4-ridge-fold-3,True
附件一（训练集）.xlsx|材料3|2556,材料3|50|梯形波|54|-10,0,q4-ridge-fold-0,True
附件一（训练集）.xlsx|材料2|1809,材料2|70|三角波|56|-14,1,q4-ridge-fold-1,True
附件一（训练集）.xlsx|材料3|1691,材料3|70|三角波|48|-6,2,q4-ridge-fold-2,True
附件一（训练集）.xlsx|材料2|1336,材料2|50|三角波|51|-12,4,q4-ridge-fold-4,True
附件一（训练集）.xlsx|材料4|1862,材料4|90|三角波|48|-12,0,q4-ridge-fold-0,True
附件一（训练集）.xlsx|材料3|2378,材料3|50|梯形波|54|-13,1,q4-ridge-fold-1,True
附件一（训练集）.xlsx|材料2|2976,材料2|90|梯形波|55|-11,0,q4-ridge-fold-0,True
附件一（训练集）.xlsx|材料4|2543,材料4|70|梯形波|51|-17,0,q4-ridge-fold-0,True
附件一（训练集）.xlsx|材料3|469,材料3|25|正弦波|55|-17,0,q4-ridge-fold-0,True
附件一（训练集）.xlsx|材料2|2187,材料2|25|梯形波|55|-12,2,q4-ridge-fold-2,True
附件一（训练集）.xlsx|材料1|679,材料1|70|正弦波|51|-9,0,q4-ridge-fold-0,True
附件一（训练集）.xlsx|材料1|619,材料1|70|正弦波|49|-17,0,q4-ridge-fold-0,True
附件一（训练集）.xlsx|材料4|705,材料4|90|正弦波|50|-14,3,q4-ridge-fold-3,True
附件一（训练集）.xlsx|材料2|2798,材料2|90|梯形波|51|-13,1,q4-ridge-fold-1,True
附件一（训练集）.xlsx|材料1|998,材料1|90|正弦波|52|-18,0,q4-ridge-fold-0,True
附件一（训练集）.xlsx|材料1|1942,材料1|70|三角波|48|-13,3,q4-ridge-fold-3,True
附件一（训练集）.xlsx|材料1|882,材料1|90|正弦波|49|-11,0,q4-ridge-fold-0,True
附件一（训练集）.xlsx|材料1|2913,材料1|70|梯形波|47|-8,3,q4-ridge-fold-3,True
附件一（训练集）.xlsx|材料3|1692,材料3|70|三角波|49|-13,2,q4-ridge-fold-2,True
附件一（训练集）.xlsx|材料2|2590,材料2|70|梯形波|55|-16,4,q4-ridge-fold-4,True
附件一（训练集）.xlsx|材料2|2944,材料2|90|梯形波|51|-9,1,q4-ridge-fold-1,True
附件一（训练集）.xlsx|材料1|2031,材料1|90|三角波|48|-10,4,q4-ridge-fold-4,True
附件一（训练集）.xlsx|材料1|2087,材料1|90|三角波|52|-14,1,q4-ridge-fold-1,True
附件一（训练集）.xlsx|材料2|1786,材料2|70|三角波|52|-7,4,q4-ridge-fold-4,True
附件一（训练集）.xlsx|材料4|2295,材料4|50|梯形波|48|-13,0,q4-ridge-fold-0,True
附件一（训练集）.xlsx|材料1|641,材料1|70|正弦波|50|-12,3,q4-ridge-fold-3,True
附件一（训练集）.xlsx|材料2|151,材料2|50|正弦波|52|-12,0,q4-ridge-fold-0,True
附件一（训练集）.xlsx|材料1|3292,材料1|90|梯形波|52|-13,2,q4-ridge-fold-2,True
附件一（训练集）.xlsx|材料1|3350,材料1|90|梯形波|53|-11,3,q4-ridge-fold-3,True
附件一（训练集）.xlsx|材料1|3321,材料1|90|梯形波|52|-7,4,q4-ridge-fold-4,True
附件一（训练集）.xlsx|材料2|2345,材料2|50|梯形波|55|-12,4,q4-ridge-fold-4,True
附件一（训练集）.xlsx|材料2|2879,材料2|90|梯形波|52|-12,0,q4-ridge-fold-0,True
附件一（训练集）.xlsx|材料2|965,材料2|90|正弦波|49|-7,3,q4-ridge-fold-3,True
附件一（训练集）.xlsx|材料1|1572,材料1|50|三角波|55|-13,4,q4-ridge-fold-4,True
附件一（训练集）.xlsx|材料3|1952,材料3|90|三角波|56|-13,2,q4-ridge-fold-2,True
附件一（训练集）.xlsx|材料4|1611,材料4|70|三角波|48|-7,1,q4-ridge-fold-1,True
附件一（训练集）.xlsx|材料1|201,材料1|25|正弦波|52|-13,4,q4-ridge-fold-4,True
附件一（训练集）.xlsx|材料1|732,材料1|70|正弦波|52|-11,1,q4-ridge-fold-1,True
附件一（训练集）.xlsx|材料1|3137,材料1|90|三角波|55|-7,2,q4-ridge-fold-2,True
附件一（训练集）.xlsx|材料1|1582,材料1|50|三角波|55|-17,2,q4-ridge-fold-2,True
附件一（训练集）.xlsx|材料4|2527,材料4|70|梯形波|49|-8,2,q4-ridge-fold-2,True
附件一（训练集）.xlsx|材料3|2889,材料3|70|梯形波|56|-11,2,q4-ridge-fold-2,True
附件一（训练集）.xlsx|材料3|1811,材料3|90|三角波|49|-13,4,q4-ridge-fold-4,True
附件一（训练集）.xlsx|材料1|2069,材料1|90|三角波|51|-12,1,q4-ridge-fold-1,True
附件一（训练集）.xlsx|材料2|2982,材料2|90|梯形波|55|-14,2,q4-ridge-fold-2,True
附件一（训练集）.xlsx|材料2|1757,材料2|70|三角波|56|-16,1,q4-ridge-fold-1,True
附件一（训练集）.xlsx|材料1|1616,材料1|50|三角波|56|-15,0,q4-ridge-fold-0,True
附件一（训练集）.xlsx|材料2|1260,材料2|25|三角波|55|-17,4,q4-ridge-fold-4,True
附件一（训练集）.xlsx|材料4|2784,材料4|90|梯形波|52|-15,0,q4-ridge-fold-0,True
附件一（训练集）.xlsx|材料4|915,材料4|25|三角波|48|-16,0,q4-ridge-fold-0,True
附件一（训练集）.xlsx|材料3|374,材料3|50|正弦波|55|-19,3,q4-ridge-fold-3,True
附件一（训练集）.xlsx|材料1|1010,材料1|90|正弦波|53|-19,2,q4-ridge-fold-2,True
附件一（训练集）.xlsx|材料2|2017,材料2|90|三角波|52|-11,0,q4-ridge-fold-0,True
附件一（训练集）.xlsx|材料3|1579,材料3|70|三角波|52|-15,2,q4-ridge-fold-2,True
附件一（训练集）.xlsx|材料1|337,材料1|50|正弦波|49|-12,1,q4-ridge-fold-1,True
附件一（训练集）.xlsx|材料3|1208,材料3|25|三角波|56|-15,0,q4-ridge-fold-0,True
附件一（训练集）.xlsx|材料1|2351,材料1|25|三角波|55|-15,4,q4-ridge-fold-4,True
附件一（训练集）.xlsx|材料4|2,材料4|25|正弦波|46|-16,2,q4-ridge-fold-2,True
附件一（训练集）.xlsx|材料1|174,材料1|25|正弦波|52|-18,1,q4-ridge-fold-1,True
附件一（训练集）.xlsx|材料4|2021,材料4|25|三角波|55|-11,0,q4-ridge-fold-0,True
附件一（训练集）.xlsx|材料4|927,材料4|25|三角波|50|-19,1,q4-ridge-fold-1,True
附件一（训练集）.xlsx|材料3|32,材料3|25|正弦波|49|-9,2,q4-ridge-fold-2,True
附件一（训练集）.xlsx|材料1|1757,材料1|70|三角波|51|-9,1,q4-ridge-fold-1,True
附件一（训练集）.xlsx|材料1|992,材料1|90|正弦波|52|-9,4,q4-ridge-fold-4,True
附件一（训练集）.xlsx|材料1|1048,材料1|90|正弦波|54|-15,3,q4-ridge-fold-3,True
附件一（训练集）.xlsx|材料3|2181,材料3|25|梯形波|56|-14,3,q4-ridge-fold-3,True
附件一（训练集）.xlsx|材料1|953,材料1|90|正弦波|51|-9,4,q4-ridge-fold-4,True
附件一（训练集）.xlsx|材料4|507,材料4|70|正弦波|50|-14,4,q4-ridge-fold-4,True
附件一（训练集）.xlsx|材料2|1788,材料2|70|三角波|52|-15,4,q4-ridge-fold-4,True
附件一（训练集）.xlsx|材料1|2194,材料1|90|三角波|55|-15,0,q4-ridge-fold-0,True
附件一（训练集）.xlsx|材料2|968,材料2|70|正弦波|47|-16,3,q4-ridge-fold-3,True
附件一（训练集）.xlsx|材料2|275,材料2|90|正弦波|46|-13,0,q4-ridge-fold-0,True
附件一（训练集）.xlsx|材料3|93,材料3|50|正弦波|46|-11,0,q4-ridge-fold-0,True
附件一（训练集）.xlsx|材料3|1203,材料3|25|三角波|56|-21,2,q4-ridge-fold-2,True
附件一（训练集）.xlsx|材料4|1661,材料4|70|三角波|49|-7,0,q4-ridge-fold-0,True
附件一（训练集）.xlsx|材料2|2919,材料2|90|梯形波|46|-8,3,q4-ridge-fold-3,True
附件一（训练集）.xlsx|材料4|1738,材料4|90|三角波|52|-13,1,q4-ridge-fold-1,True
附件一（训练集）.xlsx|材料1|777,材料1|70|正弦波|54|-19,3,q4-ridge-fold-3,True
附件一（训练集）.xlsx|材料4|1082,材料4|25|三角波|47|-15,2,q4-ridge-fold-2,True
附件一（训练集）.xlsx|材料1|3171,材料1|90|梯形波|46|-11,3,q4-ridge-fold-3,True
附件一（训练集）.xlsx|材料3|2977,材料3|90|梯形波|52|-14,0,q4-ridge-fold-0,True
附件一（训练集）.xlsx|材料2|2851,材料2|90|梯形波|49|-14,4,q4-ridge-fold-4,True
附件一（训练集）.xlsx|材料1|1169,材料1|25|三角波|52|-14,3,q4-ridge-fold-3,True
附件一（训练集）.xlsx|材料3|1718,材料3|70|三角波|52|-17,0,q4-ridge-fold-0,True
附件一（训练集）.xlsx|材料2|1194,材料2|25|三角波|55|-21,0,q4-ridge-fold-0,True
附件一（训练集）.xlsx|材料4|2775,材料4|90|梯形波|52|-10,0,q4-ridge-fold-0,True
附件一（训练集）.xlsx|材料2|790,材料2|90|正弦波|49|-18,0,q4-ridge-fold-0,True
附件一（训练集）.xlsx|材料3|607,材料3|50|正弦波|50|-14,0,q4-ridge-fold-0,True
附件一（训练集）.xlsx|材料4|2218,材料4|50|三角波|48|-13,3,q4-ridge-fold-3,True
附件一（训练集）.xlsx|材料2|2013,材料2|90|三角波|52|-16,4,q4-ridge-fold-4,True
附件一（训练集）.xlsx|材料1|2994,材料1|70|梯形波|51|-12,4,q4-ridge-fold-4,True
附件一（训练集）.xlsx|材料1|3072,材料1|70|梯形波|53|-18,1,q4-ridge-fold-1,True
附件一（训练集）.xlsx|材料2|612,材料2|50|正弦波|49|-16,2,q4-ridge-fold-2,True
附件一（训练集）.xlsx|材料3|3130,材料3|90|梯形波|49|-9,3,q4-ridge-fold-3,True
附件一（训练集）.xlsx|材料3|3025,材料3|90|梯形波|49|-13,1,q4-ridge-fold-1,True
附件一（训练集）.xlsx|材料3|1897,材料3|90|三角波|50|-9,1,q4-ridge-fold-1,True
附件一（训练集）.xlsx|材料1|1332,材料1|25|三角波|48|-9,1,q4-ridge-fold-1,True
附件一（训练集）.xlsx|材料2|1624,材料2|70|三角波|49|-12,2,q4-ridge-fold-2,True
附件一（训练集）.xlsx|材料4|299,材料4|50|正弦波|50|-10,1,q4-ridge-fold-1,True
附件一（训练集）.xlsx|材料4|2487,材料4|70|梯形波|48|-11,3,q4-ridge-fold-3,True
附件一（训练集）.xlsx|材料3|213,材料3|70|正弦波|52|-14,2,q4-ridge-fold-2,True
附件一（训练集）.xlsx|材料2|1561,材料2|50|三角波|55|-12,2,q4-ridge-fold-2,True
附件一（训练集）.xlsx|材料3|2172,材料3|25|梯形波|55|-14,4,q4-ridge-fold-4,True
附件一（训练集）.xlsx|材料1|3055,材料1|70|梯形波|52|-17,2,q4-ridge-fold-2,True
附件一（训练集）.xlsx|材料4|709,材料4|90|正弦波|50|-11,1,q4-ridge-fold-1,True
附件一（训练集）.xlsx|材料1|694,材料1|70|正弦波|52|-12,3,q4-ridge-fold-3,True
附件一（训练集）.xlsx|材料1|508,材料1|50|正弦波|53|-16,0,q4-ridge-fold-0,True
附件一（训练集）.xlsx|材料4|2713,材料4|90|梯形波|49|-10,4,q4-ridge-fold-4,True
附件一（训练集）.xlsx|材料4|2373,材料4|50|梯形波|51|-10,0,q4-ridge-fold-0,True
附件一（训练集）.xlsx|材料1|3297,材料1|90|梯形波|52|-10,1,q4-ridge-fold-1,True
附件一（训练集）.xlsx|材料2|940,材料2|70|正弦波|49|-12,3,q4-ridge-fold-3,True
附件一（训练集）.xlsx|材料1|2483,材料1|25|梯形波|51|-13,2,q4-ridge-fold-2,True
附件一（训练集）.xlsx|材料1|1090,材料1|25|三角波|48|-10,3,q4-ridge-fold-3,True
附件一（训练集）.xlsx|材料2|1457,材料2|50|三角波|49|-8,2,q4-ridge-fold-2,True
附件一（训练集）.xlsx|材料4|235,材料4|50|正弦波|48|-9,4,q4-ridge-fold-4,True
附件一（训练集）.xlsx|材料3|576,材料3|50|正弦波|46|-11,0,q4-ridge-fold-0,True
附件一（训练集）.xlsx|材料3|1809,材料3|90|三角波|49|-16,4,q4-ridge-fold-4,True
附件一（训练集）.xlsx|材料2|930,材料2|25|正弦波|53|-19,3,q4-ridge-fold-3,True
附件一（训练集）.xlsx|材料2|330,材料2|90|正弦波|53|-20,4,q4-ridge-fold-4,True
附件一（训练集）.xlsx|材料4|2209,材料4|50|三角波|55|-14,2,q4-ridge-fold-2,True
附件一（训练集）.xlsx|材料4|439,材料4|70|正弦波|47|-13,0,q4-ridge-fold-0,True
附件一（训练集）.xlsx|材料4|925,材料4|25|三角波|50|-9,3,q4-ridge-fold-3,True
附件一（训练集）.xlsx|材料4|1599,材料4|70|三角波|48|-16,0,q4-ridge-fold-0,True
附件一（训练集）.xlsx|材料4|2091,材料4|25|三角波|55|-16,3,q4-ridge-fold-3,True
附件一（训练集）.xlsx|材料4|1750,材料4|90|三角波|52|-16,4,q4-ridge-fold-4,True
附件一（训练集）.xlsx|材料2|2397,材料2|50|梯形波|52|-10,0,q4-ridge-fold-0,True
附件一（训练集）.xlsx|材料1|2234,材料1|90|三角波|56|-18,0,q4-ridge-fold-0,True
附件一（训练集）.xlsx|材料1|2396,材料1|25|梯形波|48|-12,0,q4-ridge-fold-0,True
附件一（训练集）.xlsx|材料1|2154,材料1|90|三角波|53|-11,2,q4-ridge-fold-2,True
附件一（训练集）.xlsx|材料4|2508,材料4|70|梯形波|49|-13,0,q4-ridge-fold-0,True
附件一（训练集）.xlsx|材料2|481,材料2|25|正弦波|55|-17,1,q4-ridge-fold-1,True
附件一（训练集）.xlsx|材料1|2788,材料1|50|梯形波|52|-9,4,q4-ridge-fold-4,True
附件一（训练集）.xlsx|材料1|13,材料1|25|正弦波|46|-6,4,q4-ridge-fold-4,True
附件一（训练集）.xlsx|材料4|975,材料4|25|三角波|52|-18,0,q4-ridge-fold-0,True
附件一（训练集）.xlsx|材料3|60,材料3|25|正弦波|53|-20,1,q4-ridge-fold-1,True
附件一（训练集）.xlsx|材料4|554,材料4|70|正弦波|52|-17,0,q4-ridge-fold-0,True
附件一（训练集）.xlsx|材料1|977,材料1|90|正弦波|52|-19,4,q4-ridge-fold-4,True
附件一（训练集）.xlsx|材料4|1496,材料4|70|三角波|52|-18,4,q4-ridge-fold-4,True
附件一（训练集）.xlsx|材料1|226,材料1|25|正弦波|52|-9,0,q4-ridge-fold-0,True
附件一（训练集）.xlsx|材料1|2302,材料1|90|三角波|49|-12,4,q4-ridge-fold-4,True
附件一（训练集）.xlsx|材料2|1526,材料2|50|三角波|49|-8,2,q4-ridge-fold-2,True
附件一（训练集）.xlsx|材料2|813,材料2|90|正弦波|52|-18,1,q4-ridge-fold-1,True
附件一（训练集）.xlsx|材料1|1153,材料1|25|三角波|52|-11,2,q4-ridge-fold-2,True
附件一（训练集）.xlsx|材料4|1575,材料4|70|三角波|55|-18,1,q4-ridge-fold-1,True
附件一（训练集）.xlsx|材料2|2414,材料2|50|梯形波|55|-20,0,q4-ridge-fold-0,True
附件一（训练集）.xlsx|材料3|2038,材料3|25|梯形波|49|-11,1,q4-ridge-fold-1,True
附件一（训练集）.xlsx|材料2|136,材料2|50|正弦波|50|-10,2,q4-ridge-fold-2,True
附件一（训练集）.xlsx|材料1|417,材料1|50|正弦波|50|-7,3,q4-ridge-fold-3,True
附件一（训练集）.xlsx|材料4|2314,材料4|50|梯形波|49|-9,3,q4-ridge-fold-3,True
附件一（训练集）.xlsx|材料2|1231,材料2|25|三角波|52|-15,1,q4-ridge-fold-1,True
附件一（训练集）.xlsx|材料1|3312,材料1|90|梯形波|52|-14,3,q4-ridge-fold-3,True
附件一（训练集）.xlsx|材料1|2021,材料1|90|三角波|48|-15,2,q4-ridge-fold-2,True
附件一（训练集）.xlsx|材料4|1170,材料4|50|三角波|47|-9,3,q4-ridge-fold-3,True
附件一（训练集）.xlsx|材料3|1372,材料3|50|三角波|55|-13,4,q4-ridge-fold-4,True
附件一（训练集）.xlsx|材料4|538,材料4|70|正弦波|52|-10,3,q4-ridge-fold-3,True
附件一（训练集）.xlsx|材料2|2303,材料2|50|梯形波|49|-15,1,q4-ridge-fold-1,True
附件一（训练集）.xlsx|材料4|553,材料4|70|正弦波|52|-17,0,q4-ridge-fold-0,True
附件一（训练集）.xlsx|材料2|2972,材料2|90|梯形波|55|-18,1,q4-ridge-fold-1,True
附件一（训练集）.xlsx|材料1|666,材料1|70|正弦波|50|-9,3,q4-ridge-fold-3,True
附件一（训练集）.xlsx|材料4|99,材料4|25|正弦波|51|-15,0,q4-ridge-fold-0,True
附件一（训练集）.xlsx|材料4|1308,材料4|50|三角波|55|-14,2,q4-ridge-fold-2,True
附件一（训练集）.xlsx|材料1|1038,材料1|90|正弦波|53|-11,2,q4-ridge-fold-2,True
附件一（训练集）.xlsx|材料2|1844,材料2|90|三角波|55|-12,3,q4-ridge-fold-3,True
附件一（训练集）.xlsx|材料4|2291,材料4|50|梯形波|48|-6,1,q4-ridge-fold-1,True
附件一（训练集）.xlsx|材料4|692,材料4|90|正弦波|49|-18,0,q4-ridge-fold-0,True
附件一（训练集）.xlsx|材料3|1640,材料3|70|三角波|49|-7,0,q4-ridge-fold-0,True
附件一（训练集）.xlsx|材料4|420,材料4|70|正弦波|46|-12,3,q4-ridge-fold-3,True
附件一（训练集）.xlsx|材料1|250,材料1|25|正弦波|53|-14,2,q4-ridge-fold-2,True
附件一（训练集）.xlsx|材料2|1569,材料2|50|三角波|56|-14,2,q4-ridge-fold-2,True
附件一（训练集）.xlsx|材料2|379,材料2|90|正弦波|55|-14,1,q4-ridge-fold-1,True
附件一（训练集）.xlsx|材料1|2732,材料1|50|梯形波|51|-8,4,q4-ridge-fold-4,True
附件一（训练集）.xlsx|材料4|1052,材料4|25|三角波|55|-20,0,q4-ridge-fold-0,True
附件一（训练集）.xlsx|材料3|1065,材料3|25|三角波|56|-14,0,q4-ridge-fold-0,True
附件一（训练集）.xlsx|材料1|2812,材料1|50|梯形波|52|-7,2,q4-ridge-fold-2,True
附件一（训练集）.xlsx|材料2|1203,材料2|25|三角波|55|-14,2,q4-ridge-fold-2,True
附件一（训练集）.xlsx|材料1|1940,材料1|70|三角波|47|-7,0,q4-ridge-fold-0,True
附件一（训练集）.xlsx|材料3|282,材料3|90|正弦波|50|-18,1,q4-ridge-fold-1,True
附件一（训练集）.xlsx|材料1|933,材料1|90|正弦波|50|-13,0,q4-ridge-fold-0,True
附件一（训练集）.xlsx|材料4|2086,材料4|25|三角波|55|-20,0,q4-ridge-fold-0,True
附件一（训练集）.xlsx|材料3|2423,材料3|50|梯形波|49|-12,4,q4-ridge-fold-4,True
附件一（训练集）.xlsx|材料1|1134,材料1|25|三角波|51|-10,0,q4-ridge-fold-0,True
附件一（训练集）.xlsx|材料4|1598,材料4|70|三角波|47|-6,0,q4-ridge-fold-0,True
附件一（训练集）.xlsx|材料1|2677,材料1|50|梯形波|49|-14,3,q4-ridge-fold-3,True
附件一（训练集）.xlsx|材料3|2780,材料3|70|梯形波|55|-12,3,q4-ridge-fold-3,True
附件一（训练集）.xlsx|材料3|2264,材料3|25|梯形波|55|-11,1,q4-ridge-fold-1,True
附件一（训练集）.xlsx|材料3|1602,材料3|70|三角波|55|-21,3,q4-ridge-fold-3,True
附件一（训练集）.xlsx|材料3|1769,材料3|90|三角波|52|-11,2,q4-ridge-fold-2,True
附件一（训练集）.xlsx|材料1|1383,材料1|25|三角波|50|-15,3,q4-ridge-fold-3,True
附件一（训练集）.xlsx|材料1|3016,材料1|70|梯形波|51|-6,2,q4-ridge-fold-2,True
附件一（训练集）.xlsx|材料1|459,材料1|50|正弦波|52|-16,3,q4-ridge-fold-3,True
附件一（训练集）.xlsx|材料3|3094,材料3|90|梯形波|55|-14,2,q4-ridge-fold-2,True
附件一（训练集）.xlsx|材料3|2120,材料3|25|梯形波|49|-10,1,q4-ridge-fold-1,True
附件一（训练集）.xlsx|材料2|243,材料2|70|正弦波|53|-19,3,q4-ridge-fold-3,True
附件一（训练集）.xlsx|材料2|2551,材料2|70|梯形波|51|-7,0,q4-ridge-fold-0,True
附件一（训练集）.xlsx|材料1|2834,材料1|50|梯形波|54|-13,0,q4-ridge-fold-0,True
附件一（训练集）.xlsx|材料2|1846,材料2|90|三角波|56|-20,3,q4-ridge-fold-3,True
附件一（训练集）.xlsx|材料4|1672,材料4|90|三角波|47|-15,1,q4-ridge-fold-1,True
附件一（训练集）.xlsx|材料1|499,材料1|50|正弦波|53|-10,0,q4-ridge-fold-0,True
附件一（训练集）.xlsx|材料4|2692,材料4|90|梯形波|49|-17,1,q4-ridge-fold-1,True
附件一（训练集）.xlsx|材料4|511,材料4|70|正弦波|50|-12,3,q4-ridge-fold-3,True
附件一（训练集）.xlsx|材料1|1900,材料1|70|三角波|55|-13,3,q4-ridge-fold-3,True
附件一（训练集）.xlsx|材料1|1317,材料1|25|三角波|47|-9,0,q4-ridge-fold-0,True
附件一（训练集）.xlsx|材料1|761,材料1|70|正弦波|53|-18,1,q4-ridge-fold-1,True
附件一（训练集）.xlsx|材料1|824,材料1|90|正弦波|47|-6,1,q4-ridge-fold-1,True
附件一（训练集）.xlsx|材料3|2251,材料3|25|梯形波|54|-13,0,q4-ridge-fold-0,True
附件一（训练集）.xlsx|材料2|2161,材料2|25|梯形波|52|-10,3,q4-ridge-fold-3,True
附件一（训练集）.xlsx|材料3|2789,材料3|70|梯形波|56|-14,4,q4-ridge-fold-4,True
附件一（训练集）.xlsx|材料2|185,材料2|70|正弦波|46|-10,2,q4-ridge-fold-2,True
附件一（训练集）.xlsx|材料1|1816,材料1|70|三角波|52|-11,3,q4-ridge-fold-3,True
附件一（训练集）.xlsx|材料4|2094,材料4|25|三角波|55|-13,3,q4-ridge-fold-3,True
附件一（训练集）.xlsx|材料3|236,材料3|70|正弦波|55|-19,1,q4-ridge-fold-1,True
附件一（训练集）.xlsx|材料1|413,材料1|50|正弦波|50|-10,0,q4-ridge-fold-0,True
附件一（训练集）.xlsx|材料1|3098,材料1|70|梯形波|54|-13,1,q4-ridge-fold-1,True
附件一（训练集）.xlsx|材料4|376,材料4|50|正弦波|54|-18,1,q4-ridge-fold-1,True
附件一（训练集）.xlsx|材料4|1488,材料4|70|三角波|52|-13,0,q4-ridge-fold-0,True
附件一（训练集）.xlsx|材料2|1415,材料2|50|三角波|54|-19,0,q4-ridge-fold-0,True
附件一（训练集）.xlsx|材料2|1464,材料2|50|三角波|50|-7,1,q4-ridge-fold-1,True
附件一（训练集）.xlsx|材料2|235,材料2|70|正弦波|52|-17,1,q4-ridge-fold-1,True
附件一（训练集）.xlsx|材料2|2853,材料2|90|梯形波|49|-12,0,q4-ridge-fold-0,True
附件一（训练集）.xlsx|材料2|892,材料2|25|正弦波|46|-9,2,q4-ridge-fold-2,True
附件一（训练集）.xlsx|材料2|2713,材料2|70|梯形波|52|-18,0,q4-ridge-fold-0,True
附件一（训练集）.xlsx|材料1|2536,材料1|25|梯形波|52|-14,1,q4-ridge-fold-1,True
附件一（训练集）.xlsx|材料3|2043,材料3|25|梯形波|49|-6,0,q4-ridge-fold-0,True
附件一（训练集）.xlsx|材料1|2490,材料1|25|梯形波|51|-8,4,q4-ridge-fold-4,True
附件一（训练集）.xlsx|材料4|2709,材料4|90|梯形波|49|-15,3,q4-ridge-fold-3,True
附件一（训练集）.xlsx|材料3|2640,材料3|70|梯形波|49|-12,2,q4-ridge-fold-2,True
附件一（训练集）.xlsx|材料3|2947,材料3|90|梯形波|49|-10,4,q4-ridge-fold-4,True
附件一（训练集）.xlsx|材料2|2167,材料2|25|梯形波|54|-15,2,q4-ridge-fold-2,True
附件一（训练集）.xlsx|材料3|2932,材料3|90|梯形波|48|-6,3,q4-ridge-fold-3,True
附件一（训练集）.xlsx|材料2|839,材料2|90|正弦波|55|-14,1,q4-ridge-fold-1,True
附件一（训练集）.xlsx|材料4|2380,材料4|70|三角波|49|-15,1,q4-ridge-fold-1,True
附件一（训练集）.xlsx|材料1|1836,材料1|70|三角波|53|-11,3,q4-ridge-fold-3,True
附件一（训练集）.xlsx|材料2|2399,材料2|50|梯形波|54|-18,4,q4-ridge-fold-4,True
附件一（训练集）.xlsx|材料2|971,材料2|50|正弦波|49|-9,4,q4-ridge-fold-4,True
附件一（训练集）.xlsx|材料1|161,材料1|25|正弦波|51|-16,0,q4-ridge-fold-0,True
附件一（训练集）.xlsx|材料2|2106,材料2|25|梯形波|55|-21,0,q4-ridge-fold-0,True
附件一（训练集）.xlsx|材料1|1285,材料1|25|三角波|55|-18,1,q4-ridge-fold-1,True
附件一（训练集）.xlsx|材料1|3204,材料1|90|梯形波|48|-8,3,q4-ridge-fold-3,True
附件一（训练集）.xlsx|材料4|1361,材料4|50|三角波|48|-9,1,q4-ridge-fold-1,True
附件一（训练集）.xlsx|材料3|9,材料3|25|正弦波|46|-8,0,q4-ridge-fold-0,True
附件一（训练集）.xlsx|材料4|560,材料4|70|正弦波|52|-14,0,q4-ridge-fold-0,True
附件一（训练集）.xlsx|材料1|1374,材料1|25|三角波|49|-11,2,q4-ridge-fold-2,True
附件一（训练集）.xlsx|材料1|414,材料1|50|正弦波|50|-9,1,q4-ridge-fold-1,True
附件一（训练集）.xlsx|材料1|1482,材料1|50|三角波|52|-12,4,q4-ridge-fold-4,True
附件一（训练集）.xlsx|材料4|1853,材料4|90|三角波|47|-8,4,q4-ridge-fold-4,True
附件一（训练集）.xlsx|材料1|640,材料1|70|正弦波|50|-12,3,q4-ridge-fold-3,True
附件一（训练集）.xlsx|材料1|1573,材料1|50|三角波|55|-13,4,q4-ridge-fold-4,True
附件一（训练集）.xlsx|材料4|1515,材料4|70|三角波|52|-15,2,q4-ridge-fold-2,True
附件一（训练集）.xlsx|材料3|2763,材料3|70|梯形波|55|-19,1,q4-ridge-fold-1,True
附件一（训练集）.xlsx|材料2|2318,材料2|50|梯形波|52|-18,4,q4-ridge-fold-4,True
附件一（训练集）.xlsx|材料4|1298,材料4|50|三角波|55|-20,0,q4-ridge-fold-0,True
附件一（训练集）.xlsx|材料2|949,材料2|70|正弦波|52|-9,0,q4-ridge-fold-0,True
附件一（训练集）.xlsx|材料3|319,材料3|90|正弦波|55|-15,3,q4-ridge-fold-3,True
附件一（训练集）.xlsx|材料3|1491,材料3|50|三角波|54|-18,2,q4-ridge-fold-2,True
附件一（训练集）.xlsx|材料1|3037,材料1|70|梯形波|52|-16,1,q4-ridge-fold-1,True
附件一（训练集）.xlsx|材料2|1332,材料2|50|三角波|51|-18,0,q4-ridge-fold-0,True
附件一（训练集）.xlsx|材料2|1991,材料2|90|三角波|49|-8,0,q4-ridge-fold-0,True
附件一（训练集）.xlsx|材料1|116,材料1|25|正弦波|49|-14,4,q4-ridge-fold-4,True
附件一（训练集）.xlsx|材料3|1381,材料3|50|三角波|56|-13,3,q4-ridge-fold-3,True
附件一（训练集）.xlsx|材料2|1392,材料2|50|三角波|49|-6,3,q4-ridge-fold-3,True
附件一（训练集）.xlsx|材料1|983,材料1|90|正弦波|52|-16,2,q4-ridge-fold-2,True
