sample_id,source_excel_row,source_file_sha256,waveform_sha256,temperature_C,frequency_Hz,material,waveform,b_m_T,b_pp_T,prediction_log,predicted_loss_W_per_m3,predicted_loss_rounded_1dp_W_per_m3,model_id
1,2,8C403B8D7717E42567EC7C6DEC204FEFF87023B83D45B87EC0C983C53A2D929A,CA81850B9822C1661EF404BBF9DD5CB1FDFDF0D1CE4A5EFD1CC36C69C0118ADC,25,56320,材料1,正弦波,0.062770702,0.125208588,9.91538423892,20264.0492413,20264,q4-hgb-amplitude-and-condition-full-g4
2,3,8C403B8D7717E42567EC7C6DEC204FEFF87023B83D45B87EC0C983C53A2D929A,F7AD26486F61B23E490509D0C4235307C0CE5D5298B494F139A3BB718D69F193,25,79460,材料1,正弦波,0.062586738,0.124828559,10.1833915599,26492.3407695,26492.3,q4-hgb-amplitude-and-condition-full-g4
3,4,8C403B8D7717E42567EC7C6DEC204FEFF87023B83D45B87EC0C983C53A2D929A,A5454DA2891C48B40C6CC47263F1178DF4CEA2C0363A1D0CF5AEDDD65244DCE7,25,89080,材料1,正弦波,0.070508669,0.140529456,10.5318157796,37535.2271751,37535.2,q4-hgb-amplitude-and-condition-full-g4
4,5,8C403B8D7717E42567EC7C6DEC204FEFF87023B83D45B87EC0C983C53A2D929A,8521F5E12C7F24F03A4D6B9C84D82978E322D538E0DC23F8FFD722815D54EAC7,25,99950,材料1,正弦波,0.062309724,0.124335425,10.4126432185,33318.317548,33318.3,q4-hgb-amplitude-and-condition-full-g4
5,6,8C403B8D7717E42567EC7C6DEC204FEFF87023B83D45B87EC0C983C53A2D929A,4ACF8641B4A8DBD8A76D5761C0C2F555BE9019BBAFC6130B39F68EFE6F58A24A,25,99950,材料1,正弦波,0.078981397,0.157531871,10.9368521705,56278.7079415,56278.7,q4-hgb-amplitude-and-condition-full-g4
6,7,8C403B8D7717E42567EC7C6DEC204FEFF87023B83D45B87EC0C983C53A2D929A,9F1739A3B75122871BD4624C3965708E24C00D119D938475E3B46E2520D343F7,25,112160,材料1,正弦波,0.044106851,0.088080103,9.71573420805,16596.6075798,16596.6,q4-hgb-amplitude-and-condition-full-g4
7,8,8C403B8D7717E42567EC7C6DEC204FEFF87023B83D45B87EC0C983C53A2D929A,8E0E5ABDA8A10173E1C96D310EF5A46B555D72F0FFD7991CE7A9D4F101FE5078,25,158500,材料1,正弦波,0.017464453,0.034914126,7.70606250499,2224.48762624,2224.5,q4-hgb-amplitude-and-condition-full-g4
8,9,8C403B8D7717E42567EC7C6DEC204FEFF87023B83D45B87EC0C983C53A2D929A,C3659ED8A9459578B652CD4BC1A8D60E612468E2B1BFC1BF99DFDE9AC369CE54,25,177820,材料1,正弦波,0.014183858,0.028359149,7.3199708801,1512.00257965,1512,q4-hgb-amplitude-and-condition-full-g4
9,10,8C403B8D7717E42567EC7C6DEC204FEFF87023B83D45B87EC0C983C53A2D929A,3CED02C0D5112212DFB0EDA612B641D54C0E173863119357F6CFB070138842C0,25,223850,材料1,正弦波,0.110722719,0.22087605,12.8557805555,383463.583971,383463.6,q4-hgb-amplitude-and-condition-full-g4
10,11,8C403B8D7717E42567EC7C6DEC204FEFF87023B83D45B87EC0C983C53A2D929A,7D537C70A5A348BAC049FE64C07292AB0EE68153597731ADB68344731D3A3256,25,281850,材料1,正弦波,0.019514062,0.039009398,9.08667556733,8847.54191827,8847.5,q4-hgb-amplitude-and-condition-full-g4
11,12,8C403B8D7717E42567EC7C6DEC204FEFF87023B83D45B87EC0C983C53A2D929A,C18A3F02253D861BC53DE00F8142DD8F0CA882A6B6D5C454CA1E0AAA0A1E32A8,50,56320,材料1,正弦波,0.079223667,0.158016907,9.83437810752,18687.263794,18687.3,q4-hgb-amplitude-and-condition-full-g4
12,13,8C403B8D7717E42567EC7C6DEC204FEFF87023B83D45B87EC0C983C53A2D929A,C0C69A8DA2B45330E80F9E74851EDA60C859E284EF749F6F59F5BDE819BFE1EB,50,70840,材料1,正弦波,0.177033983,0.352082048,12.1882206686,196700.992746,196701,q4-hgb-amplitude-and-condition-full-g4
13,14,8C403B8D7717E42567EC7C6DEC204FEFF87023B83D45B87EC0C983C53A2D929A,7784875ED062A610246AC77F9EE7BCA873D5252F7B77D37BCC2B40D9A3BA300E,50,112160,材料1,正弦波,0.031238584,0.062401459,8.26654231829,3896.21832344,3896.2,q4-hgb-amplitude-and-condition-full-g4
14,15,8C403B8D7717E42567EC7C6DEC204FEFF87023B83D45B87EC0C983C53A2D929A,D0629BF1A7C36019C93F510D5E98526DF397CC500662CE8104BF483A1BD71383,50,125850,材料1,正弦波,0.024629315,0.04924204,7.74919735228,2322.54009678,2322.5,q4-hgb-amplitude-and-condition-full-g4
15,16,8C403B8D7717E42567EC7C6DEC204FEFF87023B83D45B87EC0C983C53A2D929A,04481BE232D7EE1AACA6D3EB129C08E0A6899872B985938F430587B91821977D,50,141260,材料1,正弦波,0.055370567,0.110624795,10.0201814843,22502.931466,22502.9,q4-hgb-amplitude-and-condition-full-g4
16,17,8C403B8D7717E42567EC7C6DEC204FEFF87023B83D45B87EC0C983C53A2D929A,2F581F1E572A27EFE96CA0EC00F0BA67B63E0A188A1F45FD4E74A8F5762B63CC,50,199500,材料1,正弦波,0.012296199,0.024592169,6.96502587153,1060.2343571,1060.2,q4-hgb-amplitude-and-condition-full-g4
17,18,8C403B8D7717E42567EC7C6DEC204FEFF87023B83D45B87EC0C983C53A2D929A,A98D9FDFF5262419B5C654025F53E466C8DCACECB27EC2F35FA856E6D6823CC2,50,199500,材料1,正弦波,0.078141932,0.156025661,11.5335520652,102208.635361,102208.6,q4-hgb-amplitude-and-condition-full-g4
18,19,8C403B8D7717E42567EC7C6DEC204FEFF87023B83D45B87EC0C983C53A2D929A,FF78373FA67386D456D4FF47683EC24AA8292FF634A584EAA21D9DA77243EDB4,50,199500,材料1,正弦波,0.111302483,0.222109836,12.3932604271,241464.998997,241465,q4-hgb-amplitude-and-condition-full-g4
19,20,8C403B8D7717E42567EC7C6DEC204FEFF87023B83D45B87EC0C983C53A2D929A,244DAE93F6010553CE8803A0016835C7DBC58CA38425C2BFEEC078985C4AE052,50,251170,材料1,正弦波,0.012375465,0.024744945,7.48751592065,1787.78965,1787.8,q4-hgb-amplitude-and-condition-full-g4
20,21,8C403B8D7717E42567EC7C6DEC204FEFF87023B83D45B87EC0C983C53A2D929A,325008A35D04979DD74C864F03F6751FB70038DB48E32F24562AE308426C0FCB,50,251170,材料1,正弦波,0.123556221,0.246479685,13.2038725077,543123.433329,543123.4,q4-hgb-amplitude-and-condition-full-g4
21,22,8C403B8D7717E42567EC7C6DEC204FEFF87023B83D45B87EC0C983C53A2D929A,1350A5040F45333E3BC72ACAA676BDE8988C3A4037EEB24627744107BC828B63,70,63020,材料1,正弦波,0.031214743,0.062283069,7.20334462623,1345.55790997,1345.6,q4-hgb-amplitude-and-condition-full-g4
22,23,8C403B8D7717E42567EC7C6DEC204FEFF87023B83D45B87EC0C983C53A2D929A,FC0FBCA92FE86FF29365E56A15E32C2165A0704AF756E22ADE79A2DDCFB34603,70,70840,材料1,正弦波,0.111088988,0.221408015,10.5185328222,37039.9450415,37039.9,q4-hgb-amplitude-and-condition-full-g4
23,24,8C403B8D7717E42567EC7C6DEC204FEFF87023B83D45B87EC0C983C53A2D929A,479F1A846BC6B74895895AE48B64DC5FF16C51B1E0EA96022CB5574683422915,70,79460,材料1,正弦波,0.218706189,0.434328527,12.4850947605,264689.876759,264689.9,q4-hgb-amplitude-and-condition-full-g4
24,25,8C403B8D7717E42567EC7C6DEC204FEFF87023B83D45B87EC0C983C53A2D929A,91A44CCF585EE66552943D7B4B63294BC96A8DE3B3E083F41AC3D208144E5289,70,89080,材料1,正弦波,0.055152375,0.1100348,8.95541364375,7759.18844984,7759.2,q4-hgb-amplitude-and-condition-full-g4
25,26,8C403B8D7717E42567EC7C6DEC204FEFF87023B83D45B87EC0C983C53A2D929A,A02B5A29DA443451069A0A6B3AE9D4226D9555DB70268E0BD0B4EA5DBA1B541F,70,89080,材料1,正弦波,0.078525025,0.156554867,9.76557372019,17444.7339539,17444.7,q4-hgb-amplitude-and-condition-full-g4
26,27,8C403B8D7717E42567EC7C6DEC204FEFF87023B83D45B87EC0C983C53A2D929A,E8D0D58D04AF5D18E3ED47055483D94FFE5FB8C40A19348FAB417FE86C0C43D8,70,99950,材料1,正弦波,0.069518877,0.138775465,9.73602893719,16936.8723472,16936.9,q4-hgb-amplitude-and-condition-full-g4
27,28,8C403B8D7717E42567EC7C6DEC204FEFF87023B83D45B87EC0C983C53A2D929A,46DC611697E5106D36CC3570D74D711479E49F01031358354CCB683E0A94D962,70,281850,材料1,正弦波,0.069970603,0.139742695,11.7103913873,121979.804124,121979.8,q4-hgb-amplitude-and-condition-full-g4
28,29,8C403B8D7717E42567EC7C6DEC204FEFF87023B83D45B87EC0C983C53A2D929A,FB13444F5CF4DAB1F63215AF4C681E731FC01326F9904CF1EB310B3BC62A42A1,70,281860,材料1,正弦波,0.097251641,0.194149398,12.5997496903,296846.091511,296846.1,q4-hgb-amplitude-and-condition-full-g4
29,30,8C403B8D7717E42567EC7C6DEC204FEFF87023B83D45B87EC0C983C53A2D929A,10320B8F1DEC3F3FEBB51FC749AB01655ECDAC6183F99D9F75EFEEB9F0ADBC6B,90,56320,材料1,正弦波,0.04897426,0.097797584,7.85621903302,2584.89047283,2584.9,q4-hgb-amplitude-and-condition-full-g4
30,31,8C403B8D7717E42567EC7C6DEC204FEFF87023B83D45B87EC0C983C53A2D929A,1845EB792957DC7F0971898B6FD5519D68D2E3BB5718365C477B05AA209B3834,90,125860,材料1,正弦波,0.217773654,0.433596283,13.0973955281,488265.654559,488265.7,q4-hgb-amplitude-and-condition-full-g4
31,32,8C403B8D7717E42567EC7C6DEC204FEFF87023B83D45B87EC0C983C53A2D929A,2BC6C00A7798358F439EE2ABAF1FB20A623FCBB63CEDD686588DED0167F6FABA,90,141270,材料1,正弦波,0.034686752,0.069339514,8.60892468275,5487.03911387,5487,q4-hgb-amplitude-and-condition-full-g4
32,33,8C403B8D7717E42567EC7C6DEC204FEFF87023B83D45B87EC0C983C53A2D929A,F2C7B3AB2E297C5D3AE6A25D8E03D90D681B199A9AD2A9BBC7DC2C635A537117,90,158500,材料1,正弦波,0.021967606,0.043918273,7.45725456332,1734.49909748,1734.5,q4-hgb-amplitude-and-condition-full-g4
33,34,8C403B8D7717E42567EC7C6DEC204FEFF87023B83D45B87EC0C983C53A2D929A,9FAEA554A1241C1F78C055C06BF4ACB678CD135FEFC794567AD532FC4F2FF0A8,90,251170,材料1,正弦波,0.039265727,0.078473496,10.0728132539,23719.0223667,23719,q4-hgb-amplitude-and-condition-full-g4
34,35,8C403B8D7717E42567EC7C6DEC204FEFF87023B83D45B87EC0C983C53A2D929A,CD22A2A07E487E28C4193CB475A30A1EC8FA7E62CA9A2F5B146F452864A1E622,90,251170,材料1,正弦波,0.049489401,0.098889721,10.6766059885,43383.1055502,43383.1,q4-hgb-amplitude-and-condition-full-g4
35,36,8C403B8D7717E42567EC7C6DEC204FEFF87023B83D45B87EC0C983C53A2D929A,BFBF2AA35F1C87C326F7415C36CD844FA02010089D45F36F9EC5E27CC9ADAFEF,90,316230,材料1,正弦波,0.013359654,0.026711046,8.35464728091,4255.07072998,4255.1,q4-hgb-amplitude-and-condition-full-g4
36,37,8C403B8D7717E42567EC7C6DEC204FEFF87023B83D45B87EC0C983C53A2D929A,892312B779F5AA7FA89D36715EF690089D687C402925CCD21ACE724A8A9B3BBC,90,316230,材料1,正弦波,0.015581368,0.031150342,8.67630021793,5869.46989168,5869.5,q4-hgb-amplitude-and-condition-full-g4
37,38,8C403B8D7717E42567EC7C6DEC204FEFF87023B83D45B87EC0C983C53A2D929A,CBB91586DC0B5572EBA1E539E05E330876CB561E591DD0E0437E63C029340E5E,25,56180,材料1,三角波,0.088750148,0.174824568,10.726032755,45581.2687359,45581.3,q4-hgb-amplitude-and-condition-full-g4
38,39,8C403B8D7717E42567EC7C6DEC204FEFF87023B83D45B87EC0C983C53A2D929A,534717E12DDC66016D59E55858539B7C9246FDDE288C866E8B8AB811A15BD6B9,25,158750,材料1,三角波,0.070248137,0.138654914,11.8545583611,140896.061327,140896.1,q4-hgb-amplitude-and-condition-full-g4
39,40,8C403B8D7717E42567EC7C6DEC204FEFF87023B83D45B87EC0C983C53A2D929A,A358ABD00DAA112DCCC830754DFF06EB3BDD8A33C1B6F3AB60887EA2D48A9892,25,158750,材料1,三角波,0.078997603,0.155844891,12.22366674,203798.313155,203798.3,q4-hgb-amplitude-and-condition-full-g4
40,41,8C403B8D7717E42567EC7C6DEC204FEFF87023B83D45B87EC0C983C53A2D929A,4FB6235C696EB903A1ABFFC7B59CB3E68205D0D44F2CE43FCB74E9BE299C6EE0,25,251230,材料1,三角波,0.088098012,0.173052133,13.1515132578,515417.556531,515417.6,q4-hgb-amplitude-and-condition-full-g4
41,42,8C403B8D7717E42567EC7C6DEC204FEFF87023B83D45B87EC0C983C53A2D929A,ADAEE3470BDFFFD72AAA7ADBAC8C60E0E589390BD7940348D78E8BD798563584,25,56180,材料1,三角波,0.122984439,0.244157187,11.2942339956,80455.0062338,80455,q4-hgb-amplitude-and-condition-full-g4
42,43,8C403B8D7717E42567EC7C6DEC204FEFF87023B83D45B87EC0C983C53A2D929A,1A3E28B09065BABC3E807277DA4A661BC826593229712E2D8F86CE007858FAB5,25,99910,材料1,三角波,0.246226914,0.489664557,13.5867619655,796499.155663,796499.2,q4-hgb-amplitude-and-condition-full-g4
43,44,8C403B8D7717E42567EC7C6DEC204FEFF87023B83D45B87EC0C983C53A2D929A,3404D116A062276F29920CA85FA0AFD86E31E9DA8C396EE3D5B254F07F5A22C0,50,70790,材料1,三角波,0.278893964,0.550485146,13.5026061107,732212.091467,732212.1,q4-hgb-amplitude-and-condition-full-g4
44,45,8C403B8D7717E42567EC7C6DEC204FEFF87023B83D45B87EC0C983C53A2D929A,8233084E93A0337B3EA939CF35F1FB43FAB1B99BE257AFC8A2D2E416B1A3AEF0,50,125890,材料1,三角波,0.197714767,0.390115352,13.6437849066,843237.803657,843237.8,q4-hgb-amplitude-and-condition-full-g4
45,46,8C403B8D7717E42567EC7C6DEC204FEFF87023B83D45B87EC0C983C53A2D929A,1F8BA206F7AB9DA71332F083195FB5AF7247962AAEF7A6BD175ED0849678F8CB,50,199160,材料1,三角波,0.011027179,0.021628227,8.03014151992,3075.92486052,3075.9,q4-hgb-amplitude-and-condition-full-g4
46,47,8C403B8D7717E42567EC7C6DEC204FEFF87023B83D45B87EC0C983C53A2D929A,E6E2D2B2AA803A1226BBD4C542D915EA0534F0C2EB28BF5B08070A99128A958D,50,224180,材料1,三角波,0.030940653,0.060922896,10.5348938216,37650.9401726,37650.9,q4-hgb-amplitude-and-condition-full-g4
47,48,8C403B8D7717E42567EC7C6DEC204FEFF87023B83D45B87EC0C983C53A2D929A,BCFB36E566C76FB05E9E4E979E733EB8CCF05EA82A8A0534849CC53B4A6CC667,50,251220,材料1,三角波,0.022171447,0.043746435,10.0004205641,22062.6176632,22062.6,q4-hgb-amplitude-and-condition-full-g4
48,49,8C403B8D7717E42567EC7C6DEC204FEFF87023B83D45B87EC0C983C53A2D929A,4B25148CAAACE445FDFFE7E7247947A34CC7201AC62055087CE7452566E09B21,50,282490,材料1,三角波,0.088646278,0.174210945,13.2130493223,548130.515783,548130.5,q4-hgb-amplitude-and-condition-full-g4
49,50,8C403B8D7717E42567EC7C6DEC204FEFF87023B83D45B87EC0C983C53A2D929A,180423CABF3C6B0140AD7BFDF528BC01D660B4F4A29449C3126BC161D9DC6BA6,50,89200,材料1,三角波,0.049193022,0.097584673,9.29263070088,10870.9577274,10871,q4-hgb-amplitude-and-condition-full-g4
50,51,8C403B8D7717E42567EC7C6DEC204FEFF87023B83D45B87EC0C983C53A2D929A,9B31AC8B55578206A41C6F7A70423118A5716624703B38099DECCB1A4EFBF730,70,141290,材料1,三角波,0.076919075,0.152190987,11.2940564643,80440.7242195,80440.7,q4-hgb-amplitude-and-condition-full-g4
51,52,8C403B8D7717E42567EC7C6DEC204FEFF87023B83D45B87EC0C983C53A2D929A,668BADD4408CDD15C3F8DB8ED2B1F4313E6F62D01BFB817D06BBAD919405F10D,70,158750,材料1,三角波,0.020023913,0.039357001,8.73049502426,6196.34206252,6196.3,q4-hgb-amplitude-and-condition-full-g4
52,53,8C403B8D7717E42567EC7C6DEC204FEFF87023B83D45B87EC0C983C53A2D929A,CB296FA866B43BD395D0632267B3DA727BC69E45C9357569411C8B0E2AC83BA9,70,224170,材料1,三角波,0.043436629,0.085658543,11.1804482543,71802.0019542,71802,q4-hgb-amplitude-and-condition-full-g4
53,54,8C403B8D7717E42567EC7C6DEC204FEFF87023B83D45B87EC0C983C53A2D929A,DCBC1077EB44492DFC077C178A6A2C43B05F7EEA3624047D09F0EED26AAD1D49,70,282490,材料1,三角波,0.012633989,0.024786199,9.20998193897,10008.6132047,10008.6,q4-hgb-amplitude-and-condition-full-g4
54,55,8C403B8D7717E42567EC7C6DEC204FEFF87023B83D45B87EC0C983C53A2D929A,862C5C14F669F5415A45279A8C5CA81CEEAF84DF8D8D889974965D59F9C7E56A,70,396800,材料1,三角波,0.025375805,0.049935215,11.3091753091,81666.1351022,81666.1,q4-hgb-amplitude-and-condition-full-g4
55,56,8C403B8D7717E42567EC7C6DEC204FEFF87023B83D45B87EC0C983C53A2D929A,1E4C508FC2F901942AB0DD1CACB688617F3D5AB7F6D5824FC390B963AFCC4D3B,70,446410,材料1,三角波,0.010851369,0.021319947,9.91268198645,20209.3645834,20209.4,q4-hgb-amplitude-and-condition-full-g4
56,57,8C403B8D7717E42567EC7C6DEC204FEFF87023B83D45B87EC0C983C53A2D929A,0B6963F2C475DF52FB669DC8DD47A6642AF6CAB4B24C7CEFBCA79E045F9F20F3,70,70800,材料1,三角波,0.218374645,0.433942726,12.4643207123,259247.917973,259247.9,q4-hgb-amplitude-and-condition-full-g4
57,58,8C403B8D7717E42567EC7C6DEC204FEFF87023B83D45B87EC0C983C53A2D929A,96C860E0683A17D171B34045D1D3CFDCDAE43114539DEA7E2FD8849E725E9043,70,89200,材料1,三角波,0.155753357,0.309478122,11.8859996793,145396.396743,145396.4,q4-hgb-amplitude-and-condition-full-g4
58,59,8C403B8D7717E42567EC7C6DEC204FEFF87023B83D45B87EC0C983C53A2D929A,DE5DBE9631A5EC72D7968577E16006ACA4A706CF4D804719561A544E61B0C3F7,90,224180,材料1,三角波,0.068130449,0.134120829,12.1788162907,194859.813408,194859.8,q4-hgb-amplitude-and-condition-full-g4
59,60,8C403B8D7717E42567EC7C6DEC204FEFF87023B83D45B87EC0C983C53A2D929A,1F0671D09E695C39F392F9CC84838158BAA9246F06473F542B01C048BBEFCAA3,90,251220,材料1,三角波,0.034810426,0.06859886,10.9818853273,58871.0483686,58871,q4-hgb-amplitude-and-condition-full-g4
60,61,8C403B8D7717E42567EC7C6DEC204FEFF87023B83D45B87EC0C983C53A2D929A,0A57BF99F5B8B04E0591FF950F07AAD7BC111A5516904882FB5379DDEBCF2D38,90,282490,材料1,三角波,0.035285824,0.069535362,11.1900267528,72493.0616962,72493.1,q4-hgb-amplitude-and-condition-full-g4
61,62,8C403B8D7717E42567EC7C6DEC204FEFF87023B83D45B87EC0C983C53A2D929A,EEFEBB3786AB23FB42F01B3468B9C6EC949AD6CF36726A79280D51577FA2F0A8,90,282480,材料1,三角波,0.049867721,0.098210957,11.9549717312,155778.610371,155778.6,q4-hgb-amplitude-and-condition-full-g4
62,63,8C403B8D7717E42567EC7C6DEC204FEFF87023B83D45B87EC0C983C53A2D929A,305AA18FC31F1BB696C0E16A80E14B306338139883687F009039F56284F164D9,90,282490,材料1,三角波,0.05537269,0.108870307,12.2743304441,214389.520097,214389.5,q4-hgb-amplitude-and-condition-full-g4
63,64,8C403B8D7717E42567EC7C6DEC204FEFF87023B83D45B87EC0C983C53A2D929A,AEF522CA12B848563D943F9BE3E268338D80F6C381DE9222E75CC3FEE6279B89,90,316470,材料1,三角波,0.03138122,0.061783052,11.2179454965,74545.4942629,74545.5,q4-hgb-amplitude-and-condition-full-g4
64,65,8C403B8D7717E42567EC7C6DEC204FEFF87023B83D45B87EC0C983C53A2D929A,2B486C7FC708A2629057F4223BBF656B768C4B047EBEDFF6ED7CA4284B077F60,90,354590,材料1,三角波,0.043181324,0.084716889,12.1516412017,189635.783866,189635.8,q4-hgb-amplitude-and-condition-full-g4
65,66,8C403B8D7717E42567EC7C6DEC204FEFF87023B83D45B87EC0C983C53A2D929A,38FE8D36E48395D73961A8DBE03BE69E60DAA2DB8AEB91B97AA97D2A4D389699,90,396800,材料1,三角波,0.014354108,0.028234494,10.122280562,24921.843446,24921.8,q4-hgb-amplitude-and-condition-full-g4
66,67,8C403B8D7717E42567EC7C6DEC204FEFF87023B83D45B87EC0C983C53A2D929A,0150D2F96494EB8A95167DD31D2DC90F8E9A83748026F64EAE5F212D5D9FAEDB,90,446410,材料1,三角波,0.042864199,0.083841308,12.64758067,311389.572754,311389.6,q4-hgb-amplitude-and-condition-full-g4
67,68,8C403B8D7717E42567EC7C6DEC204FEFF87023B83D45B87EC0C983C53A2D929A,888814460B0CBB316FEBBE8B5D9038C1BA62234425C6F70E14C6AE5B8C5FD364,25,396820,材料1,三角波,0.024976949,0.049760328,10.2034957344,27030.3372794,27030.3,q4-hgb-amplitude-and-condition-full-g4
68,69,8C403B8D7717E42567EC7C6DEC204FEFF87023B83D45B87EC0C983C53A2D929A,0654EA6F3F542130CBD072DC8455CF0687101F385A9C0FE4B89023B2EC37B653,25,70770,材料1,梯形波,0.216823722,0.432291574,12.8667538576,387694.617479,387694.6,q4-hgb-amplitude-and-condition-full-g4
69,70,8C403B8D7717E42567EC7C6DEC204FEFF87023B83D45B87EC0C983C53A2D929A,9E2503A2D6BA6EDE0E5DD4C78C11EE920868A61289549BCB9943D76E737E7857,25,70760,材料1,梯形波,0.273585908,0.54564105,13.3365058004,620155.283612,620155.3,q4-hgb-amplitude-and-condition-full-g4
70,71,8C403B8D7717E42567EC7C6DEC204FEFF87023B83D45B87EC0C983C53A2D929A,9D6270E60239F7AD384C899BFCCA2485C27B09D2CCD7560480D875421F7F3F53,25,89210,材料1,梯形波,0.193059791,0.384630872,12.9243125031,410664.511255,410664.5,q4-hgb-amplitude-and-condition-full-g4
71,72,8C403B8D7717E42567EC7C6DEC204FEFF87023B83D45B87EC0C983C53A2D929A,77239A68FE96531DB6D09EC08D687461E76D806094194B4759D909527147CEF9,25,141270,材料1,梯形波,0.024338316,0.048270212,8.33158309209,4158.05408104,4158.1,q4-hgb-amplitude-and-condition-full-g4
72,73,8C403B8D7717E42567EC7C6DEC204FEFF87023B83D45B87EC0C983C53A2D929A,73BEEB73AE8038EE0D90DFC508F782B15535B27B7ECC4CB511CC2D39C138D218,25,141270,材料1,梯形波,0.027506473,0.054602718,8.72739133219,6177.14033838,6177.1,q4-hgb-amplitude-and-condition-full-g4
73,74,8C403B8D7717E42567EC7C6DEC204FEFF87023B83D45B87EC0C983C53A2D929A,EC9B32F4E693FBF4A25594F5A0F955BB6115CEA864AC1DE0727989B66C9FBE10,25,141270,材料1,梯形波,0.154119314,0.306220977,12.9832474153,435594.39298,435594.4,q4-hgb-amplitude-and-condition-full-g4
74,75,8C403B8D7717E42567EC7C6DEC204FEFF87023B83D45B87EC0C983C53A2D929A,7FE7ABF99A610221C2F5FF976A562BF1467028EA6681CC889756566A06A15909,25,158740,材料1,梯形波,0.019428543,0.038507733,8.09132781913,3270.00633724,3270,q4-hgb-amplitude-and-condition-full-g4
75,76,8C403B8D7717E42567EC7C6DEC204FEFF87023B83D45B87EC0C983C53A2D929A,3D0A51F34502D88E1AEC68D1240A7551160D32902D3859081C54D2725C01D5E5,25,158750,材料1,梯形波,0.109798202,0.218114194,12.4174941601,247388.076572,247388.1,q4-hgb-amplitude-and-condition-full-g4
76,77,8C403B8D7717E42567EC7C6DEC204FEFF87023B83D45B87EC0C983C53A2D929A,563FB6DAB7A0B6EEDD4CCAF56CAF2E9C02CE2A731779D015C94150440C1E1EB3,25,158750,材料1,梯形波,0.245193136,0.486765048,14.2731361509,1582245.39723,1582245.4,q4-hgb-amplitude-and-condition-full-g4
77,78,8C403B8D7717E42567EC7C6DEC204FEFF87023B83D45B87EC0C983C53A2D929A,1C7EDF3A5A0BEFB6DB182CF942A22BDFC9FAA09321B14CF5EBC4BF38D45B4C1A,25,199190,材料1,梯形波,0.024554215,0.048696131,9.0596548623,8611.67607917,8611.7,q4-hgb-amplitude-and-condition-full-g4
78,79,8C403B8D7717E42567EC7C6DEC204FEFF87023B83D45B87EC0C983C53A2D929A,12B3BA504F3B58ECEDE9F3620C515F43979DBA5F6E8A79194E40F91FBDB7D375,25,282480,材料1,梯形波,0.015435452,0.03059463,8.60153630325,5446.64818211,5446.6,q4-hgb-amplitude-and-condition-full-g4
79,80,8C403B8D7717E42567EC7C6DEC204FEFF87023B83D45B87EC0C983C53A2D929A,8372254F6799E8C769CBE50DD0614914DFF244C3E6812A9B05B91E9021D7CFD8,50,50060,材料1,梯形波,0.086340127,0.171931244,9.77197985024,17556.8459068,17556.8,q4-hgb-amplitude-and-condition-full-g4
80,81,8C403B8D7717E42567EC7C6DEC204FEFF87023B83D45B87EC0C983C53A2D929A,D803F4B56AEFE1B573DDB0D01C4552B5BD34200CAB8957F76F0B1DFD9AFAACE1,50,79410,材料1,梯形波,0.10909853,0.217312384,10.9395405422,56430.2095822,56430.2,q4-hgb-amplitude-and-condition-full-g4
81,82,8C403B8D7717E42567EC7C6DEC204FEFF87023B83D45B87EC0C983C53A2D929A,A481A8AB68F96675C2A66465F494A207632D89CB085A5B8C635CC89FB2A434A4,50,79410,材料1,梯形波,0.217046799,0.432560151,12.745879288,343553.686419,343553.7,q4-hgb-amplitude-and-condition-full-g4
82,83,8C403B8D7717E42567EC7C6DEC204FEFF87023B83D45B87EC0C983C53A2D929A,D06B33D595953C96168F22E95AB6C56B80D05A4D85BBC49FE1E62C03E8DA9AEA,50,89210,材料1,梯形波,0.193122709,0.384870083,12.6466216009,311091.071794,311091.1,q4-hgb-amplitude-and-condition-full-g4
83,84,8C403B8D7717E42567EC7C6DEC204FEFF87023B83D45B87EC0C983C53A2D929A,48FFD8FB0443318B9A30BA471F24757D7CB65A783A1DCDABE2EB8E868481D75F,50,125920,材料1,梯形波,0.038831864,0.077129841,9.19608607151,9870.496689,9870.5,q4-hgb-amplitude-and-condition-full-g4
84,85,8C403B8D7717E42567EC7C6DEC204FEFF87023B83D45B87EC0C983C53A2D929A,3169C6E62DA3C39F14AC1BE0209F345B85DCE5824BAA3BE1C6F9919C828B7FA5,50,141270,材料1,梯形波,0.096409906,0.191515908,11.5890279354,108038.974735,108039,q4-hgb-amplitude-and-condition-full-g4
85,86,8C403B8D7717E42567EC7C6DEC204FEFF87023B83D45B87EC0C983C53A2D929A,AE87A1046CB156FEB8DFF02E5835E76B85EB9B5D40D778F6899B03DABF0036D3,50,199190,材料1,梯形波,0.05510772,0.10943351,10.8247006267,50308.0312051,50308,q4-hgb-amplitude-and-condition-full-g4
86,87,8C403B8D7717E42567EC7C6DEC204FEFF87023B83D45B87EC0C983C53A2D929A,8571122B8C4AD1C807EDC0CE88C32B6164AAE054B121724C3FBFC69C70FBDE75,50,224200,材料1,梯形波,0.02776322,0.055035592,9.5449607263,13991.1478061,13991.1,q4-hgb-amplitude-and-condition-full-g4
87,88,8C403B8D7717E42567EC7C6DEC204FEFF87023B83D45B87EC0C983C53A2D929A,476D2519D02FEA78C870414CC338AB436A7A1B9FCECE646B60C8669E43CD5E4C,50,282480,材料1,梯形波,0.022202287,0.043999655,9.506636851,13465.0973322,13465.1,q4-hgb-amplitude-and-condition-full-g4
88,89,8C403B8D7717E42567EC7C6DEC204FEFF87023B83D45B87EC0C983C53A2D929A,5E106A7E269A895C38C1253C6C7228F4F96F703812B2D55ECB2D69AD87A093AA,70,354610,材料1,三角波,0.154972739,0.309164821,14.1041062102,1336180.31861,1336180.3,q4-hgb-amplitude-and-condition-full-g4
89,90,8C403B8D7717E42567EC7C6DEC204FEFF87023B83D45B87EC0C983C53A2D929A,D722CC1A6FFEA4BE0CC3E93EA21771CF5A47BDCB6421063ABA2960182BEA1B45,70,354610,材料1,三角波,0.194924457,0.388661775,14.6539654371,2315612.57069,2315612.6,q4-hgb-amplitude-and-condition-full-g4
90,91,8C403B8D7717E42567EC7C6DEC204FEFF87023B83D45B87EC0C983C53A2D929A,4E8A6622A7F406E1633C2CD4281963F17E11D6663482C85052D2949B6DA2D424,70,70770,材料1,梯形波,0.068848118,0.137294074,9.32463369256,11224.487733,11224.5,q4-hgb-amplitude-and-condition-full-g4
91,92,8C403B8D7717E42567EC7C6DEC204FEFF87023B83D45B87EC0C983C53A2D929A,7CC21791C51BDD50E3E9257B792C70209C686338A7DE92250ADA0A1A29E19088,70,79410,材料1,梯形波,0.086095157,0.171447505,10.0001428809,22056.4920949,22056.5,q4-hgb-amplitude-and-condition-full-g4
92,93,8C403B8D7717E42567EC7C6DEC204FEFF87023B83D45B87EC0C983C53A2D929A,2D1C1875C1C9E3E2E5EB2D34A56A2A75D5F993F31F588956CE96CEB0E23BD182,70,89210,材料1,梯形波,0.216686014,0.431823633,12.7219573402,335432.734803,335432.7,q4-hgb-amplitude-and-condition-full-g4
93,94,8C403B8D7717E42567EC7C6DEC204FEFF87023B83D45B87EC0C983C53A2D929A,DD37981A9B304A5D1AD98B717AC375D9AECF80F49006E0D5FB4D2D7606F2818E,70,112170,材料1,梯形波,0.087458146,0.174042674,10.6360250022,41657.8199959,41657.8,q4-hgb-amplitude-and-condition-full-g4
94,95,8C403B8D7717E42567EC7C6DEC204FEFF87023B83D45B87EC0C983C53A2D929A,49A224B4454399393F6B0A671D139FF48FE3EF6119D3105BC91FC6E983163ADB,70,125920,材料1,梯形波,0.108765211,0.216166902,11.481425669,97017.3445986,97017.3,q4-hgb-amplitude-and-condition-full-g4
95,96,8C403B8D7717E42567EC7C6DEC204FEFF87023B83D45B87EC0C983C53A2D929A,9E048CFE27FB91C6294F4E1122E0DA858C9D9A77458C1150DD7AD2D6D5591079,70,224200,材料1,梯形波,0.068656898,0.136193324,11.4560020876,94581.9061974,94581.9,q4-hgb-amplitude-and-condition-full-g4
96,97,8C403B8D7717E42567EC7C6DEC204FEFF87023B83D45B87EC0C983C53A2D929A,39FD03AD56D1447655EE26DF07A3FF47A91BB5D160FA8AD4776069566FAE12D1,90,396820,材料1,三角波,0.153987949,0.306931977,14.1912889546,1457901.07196,1457901.1,q4-hgb-amplitude-and-condition-full-g4
97,98,8C403B8D7717E42567EC7C6DEC204FEFF87023B83D45B87EC0C983C53A2D929A,2E5806BCDA708FBA2C4700C9A8D43FDCEEC8891097E491802FBE29B9C7BF389B,90,79410,材料1,梯形波,0.243301959,0.485059024,12.8101741611,366367.989784,366368,q4-hgb-amplitude-and-condition-full-g4
98,99,8C403B8D7717E42567EC7C6DEC204FEFF87023B83D45B87EC0C983C53A2D929A,DF409ECA1BCD768F1EADE47DA78EBBC15B90B2AE098679491F8987861B6A8FC6,90,112180,材料1,梯形波,0.055403819,0.110196003,9.39818453115,12081.1771616,12081.2,q4-hgb-amplitude-and-condition-full-g4
99,100,8C403B8D7717E42567EC7C6DEC204FEFF87023B83D45B87EC0C983C53A2D929A,18C3733552A660D6C6FE40DD76E000766A8D2C9EBE078A03A89FD77876F1A0B6,90,125920,材料1,梯形波,0.108700761,0.215933114,11.3601970674,85941.0134791,85941,q4-hgb-amplitude-and-condition-full-g4
100,101,8C403B8D7717E42567EC7C6DEC204FEFF87023B83D45B87EC0C983C53A2D929A,12AA1B12AA8E3BFD1C28471CFBDDB3FE642EF0297CF03A48BB5A066FA5A707A8,90,251240,材料1,梯形波,0.039138173,0.077698958,10.3743385022,32066.2028902,32066.2,q4-hgb-amplitude-and-condition-full-g4
101,102,8C403B8D7717E42567EC7C6DEC204FEFF87023B83D45B87EC0C983C53A2D929A,483EB69E8A877F7819C8860D00B5BED9864E6EEFEA67D2A4F29BA84C0EEAC0F4,25,63020,材料2,正弦波,0.050566415,0.100742616,9.68707943767,16127.7846853,16127.8,q4-hgb-amplitude-and-condition-full-g4
102,103,8C403B8D7717E42567EC7C6DEC204FEFF87023B83D45B87EC0C983C53A2D929A,3CCDB2D1570843D8BE398EE70A7ED0B2ACC54C037D16081B86B882C74B109BDB,25,501180,材料2,正弦波,0.015480257,0.030949683,9.70665825021,16446.6589622,16446.7,q4-hgb-amplitude-and-condition-full-g4
103,104,8C403B8D7717E42567EC7C6DEC204FEFF87023B83D45B87EC0C983C53A2D929A,CA6546B631C248B854FD3B944A30B64F9B46820879D970ACC5EE9FD90F21C86F,50,63020,材料2,正弦波,0.031596303,0.063013851,8.04229513704,3113.53656975,3113.5,q4-hgb-amplitude-and-condition-full-g4
104,105,8C403B8D7717E42567EC7C6DEC204FEFF87023B83D45B87EC0C983C53A2D929A,82E14A4BCF249CBBDF4B7144509FC10886FEE4631CA218FB22418B5A8401A0CE,50,199500,材料2,正弦波,0.011633936,0.023267238,6.92720765409,1020.88689853,1020.9,q4-hgb-amplitude-and-condition-full-g4
105,106,8C403B8D7717E42567EC7C6DEC204FEFF87023B83D45B87EC0C983C53A2D929A,F0258E07E67B616A097BC9B35F8920D9DCB07E48203E69CADDEEEF2E21DF2059,50,199500,材料2,正弦波,0.030857036,0.061667235,9.39070963626,11991.208305,11991.2,q4-hgb-amplitude-and-condition-full-g4
106,107,8C403B8D7717E42567EC7C6DEC204FEFF87023B83D45B87EC0C983C53A2D929A,43770736E83B64E5AE30484B001C8E9A1CD3D953267B6D7EF47932CBD48440CB,50,316230,材料2,正弦波,0.015521468,0.031026574,8.60903237537,5487.63005933,5487.6,q4-hgb-amplitude-and-condition-full-g4
107,108,8C403B8D7717E42567EC7C6DEC204FEFF87023B83D45B87EC0C983C53A2D929A,B063915D20DDAAD48AFE06505B86E46A6B6E5FB400587E6E4C1712D2689376DC,50,398100,材料2,正弦波,0.019483022,0.038945885,9.72641377583,16774.8020015,16774.8,q4-hgb-amplitude-and-condition-full-g4
108,109,8C403B8D7717E42567EC7C6DEC204FEFF87023B83D45B87EC0C983C53A2D929A,23EA3F460C27A46F2F067B197011714FF85F2BDACAA4AA7BCDE09644977D7430,70,99950,材料2,正弦波,0.061522861,0.122788607,9.70078612779,16350.3651684,16350.4,q4-hgb-amplitude-and-condition-full-g4
109,110,8C403B8D7717E42567EC7C6DEC204FEFF87023B83D45B87EC0C983C53A2D929A,3BE2CC592DB5F2DB87108B9C02CEBECF7EC0A5B1E2A666670CA904ACA1D60E03,70,251170,材料2,正弦波,0.012378674,0.024749052,7.55919453087,1920.64032805,1920.6,q4-hgb-amplitude-and-condition-full-g4
110,111,8C403B8D7717E42567EC7C6DEC204FEFF87023B83D45B87EC0C983C53A2D929A,660C5D52BCE4D2915D71F896ED223F1985A2899E3A49E272954F5D3F8CA56B25,70,316230,材料2,正弦波,0.024595881,0.049167676,9.75291699272,17225.3320941,17225.3,q4-hgb-amplitude-and-condition-full-g4
111,112,8C403B8D7717E42567EC7C6DEC204FEFF87023B83D45B87EC0C983C53A2D929A,5C088D0FC13BA5C5EBB893CF5621985451B212213E90959576F25CF0C0BE2002,90,79460,材料2,正弦波,0.193966886,0.38432949,12.3897043474,240607.855157,240607.9,q4-hgb-amplitude-and-condition-full-g4
112,113,8C403B8D7717E42567EC7C6DEC204FEFF87023B83D45B87EC0C983C53A2D929A,80CDAC63429B1191391E61D5FF87D45CBE111AA9D532A60B28CD38B7267155F5,90,99950,材料2,正弦波,0.039102475,0.078105526,8.25080999401,3835.40140345,3835.4,q4-hgb-amplitude-and-condition-full-g4
113,114,8C403B8D7717E42567EC7C6DEC204FEFF87023B83D45B87EC0C983C53A2D929A,C54B031C62B7F8A2FD303EF06011FC01C77EA52AD5159DC43B66352DEA436887,90,199500,材料2,正弦波,0.098036344,0.195594989,12.0781150132,176192.847037,176192.8,q4-hgb-amplitude-and-condition-full-g4
114,115,8C403B8D7717E42567EC7C6DEC204FEFF87023B83D45B87EC0C983C53A2D929A,B7C1583764C7168221347E0834B77FD5B7B6223E5F0509894735366842265ADB,50,199500,材料2,正弦波,0.03086,0.06167,9.38405984133,11911.7337664,11911.7,q4-hgb-amplitude-and-condition-full-g4
115,116,8C403B8D7717E42567EC7C6DEC204FEFF87023B83D45B87EC0C983C53A2D929A,40B981F14856426FE1188BDCF58A807B7C4055764DDA29F614EC12772CFB2656,70,158510,材料2,正弦波,0.15451,0.30782,12.9347280747,414964.169698,414964.2,q4-hgb-amplitude-and-condition-full-g4
116,117,8C403B8D7717E42567EC7C6DEC204FEFF87023B83D45B87EC0C983C53A2D929A,8B02B9A1080A53BE13ADBC43A0F9E14B67FDB6CC10546B5856A0731436A3EFBF,90,63020,材料2,正弦波,0.0981,0.19505,10.0738349161,23743.2675781,23743.3,q4-hgb-amplitude-and-condition-full-g4
117,118,8C403B8D7717E42567EC7C6DEC204FEFF87023B83D45B87EC0C983C53A2D929A,29347FB81A46C011B258CE39BBD9CFEE7AF40E3FE9E3C13FBACDDA4AB0389327,70,99950,材料2,正弦波,0.06152,0.12279,9.69416027033,16242.3880948,16242.4,q4-hgb-amplitude-and-condition-full-g4
118,119,8C403B8D7717E42567EC7C6DEC204FEFF87023B83D45B87EC0C983C53A2D929A,C15EBC7F7D490575F235394EFDBA85062D779DD4296152DE8A4CC12343366339,25,199500,材料2,正弦波,0.03108,0.0621,9.75200680562,17209.660952,17209.7,q4-hgb-amplitude-and-condition-full-g4
119,120,8C403B8D7717E42567EC7C6DEC204FEFF87023B83D45B87EC0C983C53A2D929A,09E39AD40027A4204F3E52176C0A54E23CD9529248E2F97DC8F5964B091E1247,25,63020,材料2,正弦波,0.020112759,0.040150104,7.38832536663,1618.96890854,1619,q4-hgb-amplitude-and-condition-full-g4
120,121,8C403B8D7717E42567EC7C6DEC204FEFF87023B83D45B87EC0C983C53A2D929A,3032C15154D5828B571B461BE4ED42F4EFD2412B2681E5D9515D5E1D451EC403,25,63020,材料2,正弦波,0.025110709,0.050114312,8.00518053879,3000.09706323,3000.1,q4-hgb-amplitude-and-condition-full-g4
121,122,8C403B8D7717E42567EC7C6DEC204FEFF87023B83D45B87EC0C983C53A2D929A,3364ADDA1EC703D3198DD3C8B98547404568D3E175318E1C0B55A438A693F4EA,25,125860,材料2,正弦波,0.039348813,0.078615514,9.88942436913,19744.7665791,19744.8,q4-hgb-amplitude-and-condition-full-g4
122,123,8C403B8D7717E42567EC7C6DEC204FEFF87023B83D45B87EC0C983C53A2D929A,95A18BE1B118D0A8A7FCBB457C7D2B1B2669F25007E91337EE24E08F123A7776,25,158500,材料2,正弦波,0.07929677,0.158225129,11.9312530789,152127.225814,152127.2,q4-hgb-amplitude-and-condition-full-g4
123,124,8C403B8D7717E42567EC7C6DEC204FEFF87023B83D45B87EC0C983C53A2D929A,CA3B408E7BEBCEE5FEE17324A5D7342F0E0E09E377820E0AA1E1027CAE4D33E5,25,251170,材料2,正弦波,0.039352783,0.078618059,10.7920168975,48690.3569534,48690.4,q4-hgb-amplitude-and-condition-full-g4
124,125,8C403B8D7717E42567EC7C6DEC204FEFF87023B83D45B87EC0C983C53A2D929A,330B67671BAEEEAF8C6E94AE78B257DCFAEE3710B20BA333C25BB7C2EDE8BFFC,25,316230,材料2,正弦波,0.078005928,0.155644236,12.8572869361,384041.661365,384041.7,q4-hgb-amplitude-and-condition-full-g4
125,126,8C403B8D7717E42567EC7C6DEC204FEFF87023B83D45B87EC0C983C53A2D929A,31EE4C635CB8CD35068094FE54129EFF6188A5D5F1440D2BC905A67F1052D551,50,125860,材料2,正弦波,0.024579734,0.049144612,7.96674786076,2886.98286238,2887,q4-hgb-amplitude-and-condition-full-g4
126,127,8C403B8D7717E42567EC7C6DEC204FEFF87023B83D45B87EC0C983C53A2D929A,1225F97C08FA3E27F71DBCB858AB98F32B14796BB522CB10056F2AB65E93BF00,70,158510,材料2,正弦波,0.019397537,0.038779658,7.45463194378,1729.95612609,1730,q4-hgb-amplitude-and-condition-full-g4
127,128,8C403B8D7717E42567EC7C6DEC204FEFF87023B83D45B87EC0C983C53A2D929A,22226175B8F86A55FB0DC475D52B3B681204C4DA7651046EB968258D2FCDA7E8,70,158500,材料2,正弦波,0.030969186,0.061892311,8.61100340222,5498.4569921,5498.5,q4-hgb-amplitude-and-condition-full-g4
128,129,8C403B8D7717E42567EC7C6DEC204FEFF87023B83D45B87EC0C983C53A2D929A,E22ABE35832CE7955407C29A563320E65FF6D14A182E46BDB0F6272893C5E4C9,70,251170,材料2,正弦波,0.01953083,0.039040401,8.60588691807,5470.39607192,5470.4,q4-hgb-amplitude-and-condition-full-g4
129,130,8C403B8D7717E42567EC7C6DEC204FEFF87023B83D45B87EC0C983C53A2D929A,A76823426DF7CDEAA4D2D43BD10043B9CB5F6D6B146C42400CF8B1D1B09E6F52,90,50020,材料2,正弦波,0.155251138,0.308625386,11.274337909,78870.0856019,78870.1,q4-hgb-amplitude-and-condition-full-g4
130,131,8C403B8D7717E42567EC7C6DEC204FEFF87023B83D45B87EC0C983C53A2D929A,B15F00FFC1117487772F3DA1873F49C88F975040896832DEA7F029ED002AA862,90,79460,材料2,正弦波,0.157207153,0.312044023,11.8018677613,133664.35778,133664.4,q4-hgb-amplitude-and-condition-full-g4
131,132,8C403B8D7717E42567EC7C6DEC204FEFF87023B83D45B87EC0C983C53A2D929A,26A1A59A1111F23BB5DA1FA97A3B689596847F8782195D60C9637C6A62488334,90,99950,材料2,正弦波,0.153619665,0.305471758,12.2234373683,203751.572951,203751.6,q4-hgb-amplitude-and-condition-full-g4
132,133,8C403B8D7717E42567EC7C6DEC204FEFF87023B83D45B87EC0C983C53A2D929A,4B00756C789D0231104F4952FE36CDC43E5DEE11C32290C20E673D466837BE0F,25,50020,材料2,正弦波,0.06497,0.1296,9.99350761262,21910.6258194,21910.6,q4-hgb-amplitude-and-condition-full-g4
133,134,8C403B8D7717E42567EC7C6DEC204FEFF87023B83D45B87EC0C983C53A2D929A,C4A1FA6BDE5C628612BCAC18B26C12AD79B8D1BFA188E857D0051CFE795F8016,25,79470,材料2,正弦波,0.02524,0.05038,8.17852551856,3567.94436677,3567.9,q4-hgb-amplitude-and-condition-full-g4
134,135,8C403B8D7717E42567EC7C6DEC204FEFF87023B83D45B87EC0C983C53A2D929A,46F1EC3E01DDF4A1227A7A84473C0131D18533B3BC8857F1306C236F97E7F39A,25,158500,材料2,正弦波,0.01954,0.03907,8.15556839467,3486.96767825,3487,q4-hgb-amplitude-and-condition-full-g4
135,136,8C403B8D7717E42567EC7C6DEC204FEFF87023B83D45B87EC0C983C53A2D929A,4098461494444D15DB6AC4E66224AFDE9842B9E4EE8183387345387C3A8FAE9F,50,50020,材料2,正弦波,0.0504,0.10062,8.82141057479,6786.0883013,6786.1,q4-hgb-amplitude-and-condition-full-g4
136,137,8C403B8D7717E42567EC7C6DEC204FEFF87023B83D45B87EC0C983C53A2D929A,A21C2AA2FB686F381ED9E52AC8C2718593D8ED027145716D7345B6E838B4123F,25,125900,材料2,三角波,0.039463592,0.077731171,10.2712008724,28923.8055117,28923.8,q4-hgb-amplitude-and-condition-full-g4
137,138,8C403B8D7717E42567EC7C6DEC204FEFF87023B83D45B87EC0C983C53A2D929A,88922EA0893EA18664114C0F417A84969FFCF12AC983F1DBD43737AC0D02BD62,25,158760,材料2,三角波,0.020226575,0.039620322,9.06410964818,8650.1248291,8650.1,q4-hgb-amplitude-and-condition-full-g4
138,139,8C403B8D7717E42567EC7C6DEC204FEFF87023B83D45B87EC0C983C53A2D929A,3C58B4837C3F7E5F8E50E4D4E6A10ABBF099C93FDD004F663775A308DF8DA41D,25,199170,材料2,三角波,0.19595787,0.388044144,14.3290355634,1673210.75467,1673210.8,q4-hgb-amplitude-and-condition-full-g4
139,140,8C403B8D7717E42567EC7C6DEC204FEFF87023B83D45B87EC0C983C53A2D929A,4739B154AE07607452FEEC1A45120EC41A3A51B3A0943175E458675DC1244CA1,25,396810,材料2,三角波,0.038768805,0.076680914,11.6662629994,116714.070657,116714.1,q4-hgb-amplitude-and-condition-full-g4
140,141,8C403B8D7717E42567EC7C6DEC204FEFF87023B83D45B87EC0C983C53A2D929A,BB9CBE83DA7F6D184D2535FB5A9D4A56D93E834122B5393DDA3D7E4899F6D48A,25,396810,材料2,三角波,0.07706046,0.152233191,13.5051456684,734073.949497,734073.9,q4-hgb-amplitude-and-condition-full-g4
141,142,8C403B8D7717E42567EC7C6DEC204FEFF87023B83D45B87EC0C983C53A2D929A,1920BBF9B1BA8DC46B1D20728AB8CC77C8D2F4CBB157B831DCA9F156B70A3FC5,25,79500,材料2,三角波,0.244131818,0.486768624,13.3935570911,656564.669176,656564.7,q4-hgb-amplitude-and-condition-full-g4
142,143,8C403B8D7717E42567EC7C6DEC204FEFF87023B83D45B87EC0C983C53A2D929A,78D52473D1FA30F9AC79F90BC9F02379996044E11626F5F843E504B8A535BD67,25,125890,材料2,三角波,0.030652659,0.060877813,8.98291061638,7975.50301087,7975.5,q4-hgb-amplitude-and-condition-full-g4
143,144,8C403B8D7717E42567EC7C6DEC204FEFF87023B83D45B87EC0C983C53A2D929A,1698A28F94D3145691C79D4587E27C1C042BD4C224E53D1D0385C657F12E8A2F,25,199170,材料2,三角波,0.038973959,0.077353379,10.2728311316,28970.9972676,28971,q4-hgb-amplitude-and-condition-full-g4
144,145,8C403B8D7717E42567EC7C6DEC204FEFF87023B83D45B87EC0C983C53A2D929A,1DB04FB315685C4D7D39DC2E35754129D2149C6B0A7C88D0E4225527D6FA27B0,25,499970,材料2,三角波,0.061589445,0.122359499,13.0916417213,485464.335169,485464.3,q4-hgb-amplitude-and-condition-full-g4
145,146,8C403B8D7717E42567EC7C6DEC204FEFF87023B83D45B87EC0C983C53A2D929A,A0E1986B81D6F90B76B6138F21AD0D36DC0F5CC620322A94BD79BDDB12166448,25,499970,材料2,三角波,0.077091898,0.153037855,13.6295691956,831335.379932,831335.4,q4-hgb-amplitude-and-condition-full-g4
146,147,8C403B8D7717E42567EC7C6DEC204FEFF87023B83D45B87EC0C983C53A2D929A,6CCC0963D53CFAD6DDFD23FC38887346E5C414A5EDAB62ABCCCF5B33C69BF2FD,25,99900,材料2,三角波,0.155204174,0.309837805,12.5859535159,292778.871605,292778.9,q4-hgb-amplitude-and-condition-full-g4
147,148,8C403B8D7717E42567EC7C6DEC204FEFF87023B83D45B87EC0C983C53A2D929A,20538404FB5C218D03173E6CBA0FEBCC0B4E23022F05B053254422A796D285A9,25,251230,材料2,三角波,0.098443553,0.196388693,12.8173696922,369013.709323,369013.7,q4-hgb-amplitude-and-condition-full-g4
148,149,8C403B8D7717E42567EC7C6DEC204FEFF87023B83D45B87EC0C983C53A2D929A,F29E9FA45435DFE2ED4891AE5CC8C1764296EE2EB568E0B744ECBCF90E5CC1EB,25,316450,材料2,三角波,0.039055885,0.077848036,10.9633729923,57791.2335847,57791.2,q4-hgb-amplitude-and-condition-full-g4
149,150,8C403B8D7717E42567EC7C6DEC204FEFF87023B83D45B87EC0C983C53A2D929A,9F1B8B8C45DBAB0C790FCD868F33F213A8FB25AC156F187A0FBECE98ED7470FF,25,316450,材料2,三角波,0.194717834,0.388228169,14.626229764,2252269.98269,2252270,q4-hgb-amplitude-and-condition-full-g4
150,151,8C403B8D7717E42567EC7C6DEC204FEFF87023B83D45B87EC0C983C53A2D929A,4FEA2EC1F607A2F473D9F3226126D569559F7D125F7AF1631B31F8AC01541FED,50,199170,材料2,三角波,0.049098877,0.096780971,11.5426438091,103142.127206,103142.1,q4-hgb-amplitude-and-condition-full-g4
151,152,8C403B8D7717E42567EC7C6DEC204FEFF87023B83D45B87EC0C983C53A2D929A,2A5FE29D1C5AFD1944FA00B9BD13E7ADDADE6E51AB9057C6266414EF6118019F,50,158740,材料2,三角波,0.049634333,0.098203088,10.4711112499,35324.44982,35324.4,q4-hgb-amplitude-and-condition-full-g4
152,153,8C403B8D7717E42567EC7C6DEC204FEFF87023B83D45B87EC0C983C53A2D929A,01E0DE48400D2A555E106538B47CFA17B0DE14EC251BC832488A1D52411F77DB,50,199170,材料2,三角波,0.155121949,0.306924715,13.6277147804,829795.167464,829795.2,q4-hgb-amplitude-and-condition-full-g4
153,154,8C403B8D7717E42567EC7C6DEC204FEFF87023B83D45B87EC0C983C53A2D929A,96CA5547A35B97FB7BE34FB8FA261A65106B1DADB68AA3B1AF522515F6796E75,50,63180,材料2,三角波,0.196363709,0.390869944,12.3997172494,243029.139829,243029.1,q4-hgb-amplitude-and-condition-full-g4
154,155,8C403B8D7717E42567EC7C6DEC204FEFF87023B83D45B87EC0C983C53A2D929A,E5472BF3AB4F47510BD678B068AED634D2D3F1E5B87045BDD3A78030BE42BA78,50,125890,材料2,三角波,0.098478275,0.195834196,11.6269974942,112220.041253,112220,q4-hgb-amplitude-and-condition-full-g4
155,156,8C403B8D7717E42567EC7C6DEC204FEFF87023B83D45B87EC0C983C53A2D929A,AA1F26C28199CEFD8A95C1710F1A588C5D8146DC4A93DAE31BF932C877C5A080,50,199170,材料2,三角波,0.049075715,0.09751767,10.5875650276,39687.2164209,39687.2,q4-hgb-amplitude-and-condition-full-g4
156,157,8C403B8D7717E42567EC7C6DEC204FEFF87023B83D45B87EC0C983C53A2D929A,9DBD2FB5C9456A670D89E39225450F0EF43805F9EE48EA3E634E76DF4DD78045,70,316450,材料2,三角波,0.031429557,0.062243416,10.6006772056,40211.0289237,40211,q4-hgb-amplitude-and-condition-full-g4
157,158,8C403B8D7717E42567EC7C6DEC204FEFF87023B83D45B87EC0C983C53A2D929A,97F5A312D6F31A7ABC51BACE8A62A8F62DBEFD6CBDB7441FE7CBB020B591C73E,70,125890,材料2,三角波,0.038493486,0.076466002,8.86491172406,7087.80589441,7087.8,q4-hgb-amplitude-and-condition-full-g4
158,159,8C403B8D7717E42567EC7C6DEC204FEFF87023B83D45B87EC0C983C53A2D929A,2356D7D7E092A979DFF7504F4CD6FF67534173B9E72C3F4D034AC9F402487EBB,70,499970,材料2,三角波,0.019508516,0.038770558,10.5401344738,37848.7735905,37848.8,q4-hgb-amplitude-and-condition-full-g4
159,160,8C403B8D7717E42567EC7C6DEC204FEFF87023B83D45B87EC0C983C53A2D929A,27DB199B63FB8A1DCC3EB77DDF354F820282FAD603E74E4D0D146182204F4BCA,70,251230,材料2,三角波,0.039229294,0.07818119,10.1837645904,26502.2250636,26502.2,q4-hgb-amplitude-and-condition-full-g4
160,161,8C403B8D7717E42567EC7C6DEC204FEFF87023B83D45B87EC0C983C53A2D929A,96C9AC6F30CCDDFD232DF2D7EC00AD5EDE75C0DC6BFF53F6D9CE15516FBE1436,90,396810,材料2,三角波,0.01274341,0.025036484,10.1297064817,25107.5999082,25107.6,q4-hgb-amplitude-and-condition-full-g4
161,162,8C403B8D7717E42567EC7C6DEC204FEFF87023B83D45B87EC0C983C53A2D929A,25BC9EFCDB7195E62A5F9FF58150B76D71FF352E2C95EC814EE3B2E8DE5198FC,90,316460,材料2,三角波,0.01249432,0.024687647,8.81330234046,6731.28757599,6731.3,q4-hgb-amplitude-and-condition-full-g4
162,163,8C403B8D7717E42567EC7C6DEC204FEFF87023B83D45B87EC0C983C53A2D929A,66A89275848CDAF1AEBCDC2E91A19DC67A425DF742DA820E1A9A98711A7AF1DD,90,125890,材料2,三角波,0.195582203,0.389049369,13.0553284781,468151.790434,468151.8,q4-hgb-amplitude-and-condition-full-g4
163,164,8C403B8D7717E42567EC7C6DEC204FEFF87023B83D45B87EC0C983C53A2D929A,0D87FD5F1A727870A6A67577961A8C9FCCB385631D33216321163BBC05A4AE7E,90,251230,材料2,三角波,0.039106058,0.077716309,10.3372608108,30899.0337919,30899,q4-hgb-amplitude-and-condition-full-g4
164,165,8C403B8D7717E42567EC7C6DEC204FEFF87023B83D45B87EC0C983C53A2D929A,0658EE615E778672AB671DAA8857CC679A117788236C3DD209BB223E842F5EE7,90,316450,材料2,三角波,0.061126996,0.121483669,11.8520319607,140540.550739,140540.6,q4-hgb-amplitude-and-condition-full-g4
165,166,8C403B8D7717E42567EC7C6DEC204FEFF87023B83D45B87EC0C983C53A2D929A,21CFCB448670FFE5712D3DF84DDC5C353FD1AA2C6B09603CF0291C7B9D1FADD8,90,499970,材料2,三角波,0.009731316,0.01931985,9.05210049878,8546.86545727,8546.9,q4-hgb-amplitude-and-condition-full-g4
166,167,8C403B8D7717E42567EC7C6DEC204FEFF87023B83D45B87EC0C983C53A2D929A,5D81D7410AF4305FE7BB46DFC84DCD0D0D01F61E1C0F09DBB8A6E04C13AC3371,90,499970,材料2,三角波,0.031063565,0.061723472,11.500715215,98906.9311663,98906.9,q4-hgb-amplitude-and-condition-full-g4
167,168,8C403B8D7717E42567EC7C6DEC204FEFF87023B83D45B87EC0C983C53A2D929A,53E9D033FA4187B124E9D781ADCD350E42A99ED236AB56E87BB25C648EAE20D7,90,158730,材料2,三角波,0.155894092,0.310876329,12.7706399756,352166.501488,352166.5,q4-hgb-amplitude-and-condition-full-g4
168,169,8C403B8D7717E42567EC7C6DEC204FEFF87023B83D45B87EC0C983C53A2D929A,19CDC2A4E26BBBFB45ED1EC429A17A90F89FDB93B55B3C12B15E93F48B28A38C,25,396820,材料2,三角波,0.03904362,0.077853653,11.4461892105,93658.324482,93658.3,q4-hgb-amplitude-and-condition-full-g4
169,170,8C403B8D7717E42567EC7C6DEC204FEFF87023B83D45B87EC0C983C53A2D929A,4F5DECE4C14F27DF11C462A411B9B3B9ACD885E8504F7B23B8C3D1F71EB859C6,25,396820,材料2,三角波,0.019497721,0.038834877,9.65728097613,15654.2912378,15654.3,q4-hgb-amplitude-and-condition-full-g4
170,171,8C403B8D7717E42567EC7C6DEC204FEFF87023B83D45B87EC0C983C53A2D929A,CB40E5E04AC89499EB80A0EF5196318F1C1949284133D33E03E1F005CD658CFA,25,99980,材料2,梯形波,0.061382337,0.121979945,10.6530582656,42373.4662076,42373.5,q4-hgb-amplitude-and-condition-full-g4
171,172,8C403B8D7717E42567EC7C6DEC204FEFF87023B83D45B87EC0C983C53A2D929A,F3EA532F4D864C4B7C5E9370C936146A510CC9DAA3CD49858EE9E2A5A028B92E,25,99980,材料2,梯形波,0.12149827,0.241683178,12.2833215618,216325.813193,216325.8,q4-hgb-amplitude-and-condition-full-g4
172,173,8C403B8D7717E42567EC7C6DEC204FEFF87023B83D45B87EC0C983C53A2D929A,13183C349F2EF7568D50B00026352B00D1808B1287B736074D45D9F87D920DB8,25,125920,材料2,梯形波,0.122895025,0.245146985,12.5419255212,280168.056508,280168.1,q4-hgb-amplitude-and-condition-full-g4
173,174,8C403B8D7717E42567EC7C6DEC204FEFF87023B83D45B87EC0C983C53A2D929A,D4A2985B0CAFBAC5249197C505D919870A2E505EA40940E70C964EB02C7F67E9,25,158730,材料2,梯形波,0.030617935,0.061031371,9.38562221851,11930.3589334,11930.4,q4-hgb-amplitude-and-condition-full-g4
174,175,8C403B8D7717E42567EC7C6DEC204FEFF87023B83D45B87EC0C983C53A2D929A,901AE5100D33E00565E729975162DD5D9BE594DDB61621ADEB3C893BFAF20C61,25,199180,材料2,梯形波,0.098276737,0.19644408,12.6138475793,301060.633021,301060.6,q4-hgb-amplitude-and-condition-full-g4
175,176,8C403B8D7717E42567EC7C6DEC204FEFF87023B83D45B87EC0C983C53A2D929A,E8C32247DD9D641D665D4F47C1881B883293E5D4E00376B85F2A7E4F2FB41C60,25,396820,材料2,梯形波,0.077833796,0.155622407,13.3267971415,614163.540494,614163.5,q4-hgb-amplitude-and-condition-full-g4
176,177,8C403B8D7717E42567EC7C6DEC204FEFF87023B83D45B87EC0C983C53A2D929A,A80D4638CD5C54F20C205E9748E9303383F502E8F31F36EBBCE3534900BF3467,50,79410,材料2,梯形波,0.12278863,0.24446793,11.5508886313,103996.031017,103996,q4-hgb-amplitude-and-condition-full-g4
177,178,8C403B8D7717E42567EC7C6DEC204FEFF87023B83D45B87EC0C983C53A2D929A,049CF5762B2F8FBC57FFFAD983D27E7EAE4E43D79A62F45B6A0BD9775F63045B,50,99980,材料2,梯形波,0.030508441,0.060584005,8.34483986359,4213.54344614,4213.5,q4-hgb-amplitude-and-condition-full-g4
178,179,8C403B8D7717E42567EC7C6DEC204FEFF87023B83D45B87EC0C983C53A2D929A,F2AA7445663AD199B88B1B989BA89068FB4031DD9FE69872894E27CDCE9B0D2F,50,251240,材料2,梯形波,0.019687927,0.0390059,9.01299223936,8219.06407527,8219.1,q4-hgb-amplitude-and-condition-full-g4
179,180,8C403B8D7717E42567EC7C6DEC204FEFF87023B83D45B87EC0C983C53A2D929A,78FCCAF878AD80B82C8A64EC33C07F878C4905483158EFF73C790BA4AECF0106,50,316460,材料2,梯形波,0.019472004,0.038594292,9.49156942684,13263.7338236,13263.7,q4-hgb-amplitude-and-condition-full-g4
180,181,8C403B8D7717E42567EC7C6DEC204FEFF87023B83D45B87EC0C983C53A2D929A,E9A5D800F131E583A0C17DD2CB33B70004164B3DB7BBF671334F8DA507E26523,50,50040,材料2,梯形波,0.19504526,0.389191742,12.1276641733,185142.958823,185143,q4-hgb-amplitude-and-condition-full-g4
181,182,8C403B8D7717E42567EC7C6DEC204FEFF87023B83D45B87EC0C983C53A2D929A,B03CBDAFF55AB9F113D6B5133CD7292580D05547459EBD3AA01C9013D880F6DC,50,99960,材料2,梯形波,0.077143004,0.154026769,10.6644719534,42859.8742956,42859.9,q4-hgb-amplitude-and-condition-full-g4
182,183,8C403B8D7717E42567EC7C6DEC204FEFF87023B83D45B87EC0C983C53A2D929A,ED5047DBB9E9011A6A0637FC6BABEA5DDFCD1ECB0A8A5E3330EDC00B9952BABE,50,158730,材料2,梯形波,0.039047419,0.077858973,9.66134327251,15718.012949,15718,q4-hgb-amplitude-and-condition-full-g4
183,184,8C403B8D7717E42567EC7C6DEC204FEFF87023B83D45B87EC0C983C53A2D929A,092BE7E1BC9576ABD36FBEDF2E8F130D9824FE4CC2BBC9F653A465A32A78297D,50,199190,材料2,梯形波,0.077957009,0.155361744,11.8346139381,138113.808133,138113.8,q4-hgb-amplitude-and-condition-full-g4
184,185,8C403B8D7717E42567EC7C6DEC204FEFF87023B83D45B87EC0C983C53A2D929A,EBF27918119BFAC8A31FF89EC9D3F48C83A0E0B077677A19D1ECE3EA207ED9E8,50,199180,材料2,梯形波,0.154926594,0.308800514,13.4466705883,692379.829822,692379.8,q4-hgb-amplitude-and-condition-full-g4
185,186,8C403B8D7717E42567EC7C6DEC204FEFF87023B83D45B87EC0C983C53A2D929A,0C0EF129391CEF2C44A6FFC1E9D78D46EA458D08192F3F44F0D141AACDA96ED6,50,199190,材料2,梯形波,0.193818635,0.386219639,14.0061953998,1211554.47427,1211554.5,q4-hgb-amplitude-and-condition-full-g4
186,187,8C403B8D7717E42567EC7C6DEC204FEFF87023B83D45B87EC0C983C53A2D929A,1AF635F768A428BB376B0C529D3A64F2BD81D68F978964253501F796B2A14CA7,50,251240,材料2,梯形波,0.049306751,0.098280692,11.1749843317,71410.7512286,71410.8,q4-hgb-amplitude-and-condition-full-g4
187,188,8C403B8D7717E42567EC7C6DEC204FEFF87023B83D45B87EC0C983C53A2D929A,6867E673AF1713D19DCD30AEFB4D48DBDE39D9B91A6728AA0FE3CCC20D604613,50,79500,材料2,梯形波,0.194753399,0.389040039,12.6937398274,326099.950569,326100,q4-hgb-amplitude-and-condition-full-g4
188,189,8C403B8D7717E42567EC7C6DEC204FEFF87023B83D45B87EC0C983C53A2D929A,7F8A757ABFD4A12FD2322FFBE7FFC073CBF76275BE923F3A7CEC1F0677BECD54,70,99970,材料2,梯形波,0.07793016,0.15495087,10.3494959211,31279.4091023,31279.4,q4-hgb-amplitude-and-condition-full-g4
189,190,8C403B8D7717E42567EC7C6DEC204FEFF87023B83D45B87EC0C983C53A2D929A,5FF0383E94671AC3A080D84A768874EF100D95C0983344EEFDAF0AAFD57CDCE1,70,125930,材料2,梯形波,0.308217419,0.612336626,14.3511439089,1710614.62143,1710614.6,q4-hgb-amplitude-and-condition-full-g4
190,191,8C403B8D7717E42567EC7C6DEC204FEFF87023B83D45B87EC0C983C53A2D929A,AD552AD228E9AC416CB767ED31F5596E6119857FD63DFB4D7693F8FF63BB0CB6,70,99970,材料2,梯形波,0.30828125,0.61533906,13.9647362578,1162351.47005,1162351.5,q4-hgb-amplitude-and-condition-full-g4
191,192,8C403B8D7717E42567EC7C6DEC204FEFF87023B83D45B87EC0C983C53A2D929A,E714EBCA7791B46751820DA5BFFF8BEB4D811D2049D5854497D168DE5E880E52,70,158730,材料2,梯形波,0.0391103,0.078081491,9.28189485527,10754.8730521,10754.9,q4-hgb-amplitude-and-condition-full-g4
192,193,8C403B8D7717E42567EC7C6DEC204FEFF87023B83D45B87EC0C983C53A2D929A,2E91967642E57A5393F0D2A1667FC79470D60CECA163A9732842ECD8077673FB,70,199190,材料2,梯形波,0.195460542,0.390801455,13.9583334921,1154932.98069,1154933,q4-hgb-amplitude-and-condition-full-g4
193,194,8C403B8D7717E42567EC7C6DEC204FEFF87023B83D45B87EC0C983C53A2D929A,D49D4347E86670B6C1561324126FE3B0DD1FD4959429894A8C339FA3BF344689,90,396820,材料2,三角波,0.03906835,0.077921007,11.2717857042,78669.0496457,78669,q4-hgb-amplitude-and-condition-full-g4
194,195,8C403B8D7717E42567EC7C6DEC204FEFF87023B83D45B87EC0C983C53A2D929A,7344AC218F66D1017DE832217978999DFCD220183032C526ACE14EFB87A1FBD5,90,50070,材料2,梯形波,0.155432574,0.308832091,11.1780762747,71631.8909038,71631.9,q4-hgb-amplitude-and-condition-full-g4
195,196,8C403B8D7717E42567EC7C6DEC204FEFF87023B83D45B87EC0C983C53A2D929A,9B8A01F142A4192E8B3155B1A1A276882D2188DC98D0F0B14064572EE021EB07,90,79410,材料2,梯形波,0.122897084,0.244496286,11.1013935191,66344.284993,66344.3,q4-hgb-amplitude-and-condition-full-g4
196,197,8C403B8D7717E42567EC7C6DEC204FEFF87023B83D45B87EC0C983C53A2D929A,8C8799D10858F812ED121F739E86200EC82E7624A26EB63B6715AF4A954301A7,90,50040,材料2,梯形波,0.123666883,0.246821841,10.5253715382,37294.1188242,37294.1,q4-hgb-amplitude-and-condition-full-g4
197,198,8C403B8D7717E42567EC7C6DEC204FEFF87023B83D45B87EC0C983C53A2D929A,24D4DE11D3BFC88BF3FBC127524C5F961A8EB1AB798914E549A49A01FCC8F350,90,50040,材料2,梯形波,0.246041638,0.490935123,12.3653257722,234813.099395,234813.1,q4-hgb-amplitude-and-condition-full-g4
198,199,8C403B8D7717E42567EC7C6DEC204FEFF87023B83D45B87EC0C983C53A2D929A,DE39028845DA5E50962B86F77D2739125A1995D2CB19013B1B60BB7EE26B9816,90,99960,材料2,梯形波,0.244479855,0.487927417,13.4588709352,700878.843982,700878.8,q4-hgb-amplitude-and-condition-full-g4
199,200,8C403B8D7717E42567EC7C6DEC204FEFF87023B83D45B87EC0C983C53A2D929A,12A9968518E361FB6A44AF02E6CE0CE2833FD56503AC3825A72878B2386BB167,90,50020,材料2,梯形波,0.245404915,0.490398955,12.4081253962,245081.179345,245081.2,q4-hgb-amplitude-and-condition-full-g4
200,201,8C403B8D7717E42567EC7C6DEC204FEFF87023B83D45B87EC0C983C53A2D929A,D376A420079762B812D07487D0EA4172A37836A9C2B219869ED59B0BF583D390,90,199180,材料2,梯形波,0.098369315,0.196629592,12.0567048674,172460.62873,172460.6,q4-hgb-amplitude-and-condition-full-g4
201,202,8C403B8D7717E42567EC7C6DEC204FEFF87023B83D45B87EC0C983C53A2D929A,BB8DE1913AF26B501938DC6B9A025549D6BAA05B6C5FDBE47412993DD0739AF0,25,79460,材料3,正弦波,0.196563488,0.39032193,13.1064824491,492722.705776,492722.7,q4-hgb-amplitude-and-condition-full-g4
202,203,8C403B8D7717E42567EC7C6DEC204FEFF87023B83D45B87EC0C983C53A2D929A,2B904A6666A351D7C7DD2CA1860F9D6879CA52D896376D25ABEB133C01E4D78D,25,501180,材料3,正弦波,0.02482567,0.04962254,10.9411293992,56519.9403815,56519.9,q4-hgb-amplitude-and-condition-full-g4
203,204,8C403B8D7717E42567EC7C6DEC204FEFF87023B83D45B87EC0C983C53A2D929A,891C9C0E09A8EA058D63536FC17867F8194F2189F2EEA038E1C30D3F86DD3EDF,50,199500,材料3,正弦波,0.039159454,0.078258053,10.094146485,24230.461682,24230.5,q4-hgb-amplitude-and-condition-full-g4
204,205,8C403B8D7717E42567EC7C6DEC204FEFF87023B83D45B87EC0C983C53A2D929A,C1EA875CE2B5A9023E7904071F4A32B501845C290382C88686BB69EF6AF1D477,50,199510,材料3,正弦波,0.062372088,0.124581383,11.6064062797,109932.922409,109932.9,q4-hgb-amplitude-and-condition-full-g4
205,206,8C403B8D7717E42567EC7C6DEC204FEFF87023B83D45B87EC0C983C53A2D929A,70D6BE0C030E91F062F81D14E0038241E75C00F8E2215D5F9471C41FAC6DA359,50,199500,材料3,正弦波,0.122930839,0.245216755,13.099782692,489432.61701,489432.6,q4-hgb-amplitude-and-condition-full-g4
206,207,8C403B8D7717E42567EC7C6DEC204FEFF87023B83D45B87EC0C983C53A2D929A,0D90E92EE0B1EADEFADA27254CE8DA7017E1C23A204D996A041A2C374B9FEC45,70,99950,材料3,正弦波,0.049273797,0.098412218,9.24939242855,10410.9332952,10410.9,q4-hgb-amplitude-and-condition-full-g4
207,208,8C403B8D7717E42567EC7C6DEC204FEFF87023B83D45B87EC0C983C53A2D929A,FA552E2BCAF9FAD0D96A90A2777F83A7CABC12984FA66A69A6F89829B3140D77,70,125860,材料3,正弦波,0.039100082,0.078163844,8.95860636258,7784.0009455,7784,q4-hgb-amplitude-and-condition-full-g4
208,209,8C403B8D7717E42567EC7C6DEC204FEFF87023B83D45B87EC0C983C53A2D929A,FECA4F838917EB96B81C3D4EE80F11B1DA86538C114F3FDBA496849945B91C0C,70,316230,材料3,正弦波,0.015600937,0.031187948,8.68719616296,5933.77299836,5933.8,q4-hgb-amplitude-and-condition-full-g4
209,210,8C403B8D7717E42567EC7C6DEC204FEFF87023B83D45B87EC0C983C53A2D929A,9CA16AB4BCFA51DC1AF6D9207D8A6ADD0C52C7B9B4022E304655128CA19452C4,90,125850,材料3,正弦波,0.024594979,0.049179555,7.60352742156,2007.70348748,2007.7,q4-hgb-amplitude-and-condition-full-g4
210,211,8C403B8D7717E42567EC7C6DEC204FEFF87023B83D45B87EC0C983C53A2D929A,20318D0E391FA9202A20E122269D92B2941D7E109EB24443112AEC7ACC87F178,90,125860,材料3,正弦波,0.078300249,0.15638346,10.8530931531,51756.8741378,51756.9,q4-hgb-amplitude-and-condition-full-g4
211,212,8C403B8D7717E42567EC7C6DEC204FEFF87023B83D45B87EC0C983C53A2D929A,FE5ADE1D7C1C014EBD644140E5C3326433294C9A12C4DCE6886443CBD6B94912,70,251170,材料3,正弦波,0.03105,0.06206,9.74527199213,17094.1465159,17094.1,q4-hgb-amplitude-and-condition-full-g4
212,213,8C403B8D7717E42567EC7C6DEC204FEFF87023B83D45B87EC0C983C53A2D929A,E78BF1229BBCB56E4F1A698E045B3FCA527D1EB39880D31381F704D46D4A72CD,50,398100,材料3,正弦波,0.04896,0.09782,12.0517289987,171604.618739,171604.6,q4-hgb-amplitude-and-condition-full-g4
213,214,8C403B8D7717E42567EC7C6DEC204FEFF87023B83D45B87EC0C983C53A2D929A,12BDB9BBB0D5DD56AF19EE014D3797C6DCC07FB972C036EEF91E848F404A55DB,70,398100,材料3,正弦波,0.01556,0.03111,9.36240417734,11656.5503185,11656.6,q4-hgb-amplitude-and-condition-full-g4
214,215,8C403B8D7717E42567EC7C6DEC204FEFF87023B83D45B87EC0C983C53A2D929A,BBC69BCA4EA43BFAE8BD3E0B3FD1DB7A0EC3FFF615366604F85E688B87C0049A,50,63020,材料3,正弦波,0.158785087,0.315578898,12.0603177752,173084.840011,173084.8,q4-hgb-amplitude-and-condition-full-g4
215,216,8C403B8D7717E42567EC7C6DEC204FEFF87023B83D45B87EC0C983C53A2D929A,48B6F022B83967C58A7EAC467D2365222301B9A3F31C78E64FD44DB25E65D8C9,50,63030,材料3,正弦波,0.19814265,0.393503283,12.608086052,299331.051257,299331.1,q4-hgb-amplitude-and-condition-full-g4
216,217,8C403B8D7717E42567EC7C6DEC204FEFF87023B83D45B87EC0C983C53A2D929A,40E9EB7C9A480D83612493FD79E06EA5BB3FBFE91D1C0993C5501F34F9E6BC58,70,63030,材料3,正弦波,0.241156843,0.47815048,13.0071217233,446119.042156,446119,q4-hgb-amplitude-and-condition-full-g4
217,218,8C403B8D7717E42567EC7C6DEC204FEFF87023B83D45B87EC0C983C53A2D929A,61E66DF041ABF13D2B5BC357169974A3B84A690C0150D3C747C3ED5F936BAB84,70,158500,材料3,正弦波,0.015522115,0.031032427,7.02796906947,1129.11390838,1129.1,q4-hgb-amplitude-and-condition-full-g4
218,219,8C403B8D7717E42567EC7C6DEC204FEFF87023B83D45B87EC0C983C53A2D929A,CB8F7CE22A4493DA1848398F1F830BFC9ADFD11EECD59F27236385511DDA7A8F,70,251170,材料3,正弦波,0.01210153,0.024198018,7.45198596883,1725.38475604,1725.4,q4-hgb-amplitude-and-condition-full-g4
219,220,8C403B8D7717E42567EC7C6DEC204FEFF87023B83D45B87EC0C983C53A2D929A,A481AE7A6FB22A70CCDE7B50B015823B54EB5C38DD9C5716009CA205BACA2FD4,90,50020,材料3,正弦波,0.158019567,0.3146434,11.5755392728,106591.457929,106591.5,q4-hgb-amplitude-and-condition-full-g4
220,221,8C403B8D7717E42567EC7C6DEC204FEFF87023B83D45B87EC0C983C53A2D929A,022EDF917FE25081A326D64853C994F6B5E05DE21B56429357352BC9CDDBD0B2,90,99950,材料3,正弦波,0.019524824,0.039044999,6.67484150838,793.188494309,793.2,q4-hgb-amplitude-and-condition-full-g4
221,222,8C403B8D7717E42567EC7C6DEC204FEFF87023B83D45B87EC0C983C53A2D929A,6C122C5A8E7C0415FAFF3D3F1D1FB93B136394B57A79649874928ED902342ED2,90,125860,材料3,正弦波,0.154133509,0.307280873,12.7462006022,343664.092817,343664.1,q4-hgb-amplitude-and-condition-full-g4
222,223,8C403B8D7717E42567EC7C6DEC204FEFF87023B83D45B87EC0C983C53A2D929A,4EAD3B3451AD87A2EBEEDE8CC4E3CDDFC4FAAE0E3CBCF2BA358621E70CEA473E,90,158500,材料3,正弦波,0.049073267,0.098039542,9.921070576,20379.605691,20379.6,q4-hgb-amplitude-and-condition-full-g4
223,224,8C403B8D7717E42567EC7C6DEC204FEFF87023B83D45B87EC0C983C53A2D929A,9268AD374CCFE3E4FE9D4F3226E822CD4CC5650A6A99AEF07BD80C909BF1BF00,90,199500,材料3,正弦波,0.097350411,0.194300863,12.260346203,211412.310892,211412.3,q4-hgb-amplitude-and-condition-full-g4
224,225,8C403B8D7717E42567EC7C6DEC204FEFF87023B83D45B87EC0C983C53A2D929A,C046A632F2AFF6D55DA2D4A65F78FD0FA14D3C246BEB4C479F2761E8CE7671EB,70,398100,材料3,正弦波,0.01241,0.02481,8.77776534731,6496.27834799,6496.3,q4-hgb-amplitude-and-condition-full-g4
225,226,8C403B8D7717E42567EC7C6DEC204FEFF87023B83D45B87EC0C983C53A2D929A,230CD7793D58E983C24AF20C004F1744E9D09C0E79293735943857D71255C36A,50,50020,材料3,正弦波,0.04006,0.08002,8.37797112142,4355.48175445,4355.5,q4-hgb-amplitude-and-condition-full-g4
226,227,8C403B8D7717E42567EC7C6DEC204FEFF87023B83D45B87EC0C983C53A2D929A,91AEA23AE60E35E8C038F10704CE29A465995E01DEE85C3EF696547CB0CAA4AD,90,50030,材料3,正弦波,0.04913,0.09814,8.19360486488,3622.15433374,3622.2,q4-hgb-amplitude-and-condition-full-g4
227,228,8C403B8D7717E42567EC7C6DEC204FEFF87023B83D45B87EC0C983C53A2D929A,BCAE85BBDD4DDAFA1AFD95AB4BC6A5743FD82389DF958FD0CEE796F3B559A9A6,90,158500,材料3,正弦波,0.09634,0.19228,11.7639370098,128689.31821,128689.3,q4-hgb-amplitude-and-condition-full-g4
228,229,8C403B8D7717E42567EC7C6DEC204FEFF87023B83D45B87EC0C983C53A2D929A,3E1F136C2EA74D7746C015EF39650641046FF3EF30593B319826748261811D88,90,63020,材料3,正弦波,0.06277,0.12508,9.15548097165,9477.73226805,9477.7,q4-hgb-amplitude-and-condition-full-g4
229,230,8C403B8D7717E42567EC7C6DEC204FEFF87023B83D45B87EC0C983C53A2D929A,7F4837D77E91233B5B5DF4341EE58225D0237283D8C096231A67AF12C73FBF72,25,63020,材料3,正弦波,0.07992,0.15919,10.9567631662,57410.503246,57410.5,q4-hgb-amplitude-and-condition-full-g4
230,231,8C403B8D7717E42567EC7C6DEC204FEFF87023B83D45B87EC0C983C53A2D929A,4CEA2D4BB1579C6FA9B7F2656EB8C1E1660256C694414431EEB45FD1215D16A4,25,50020,材料3,正弦波,0.10103,0.20161,11.1540229014,69929.458986,69929.5,q4-hgb-amplitude-and-condition-full-g4
231,232,8C403B8D7717E42567EC7C6DEC204FEFF87023B83D45B87EC0C983C53A2D929A,FBBD14694889DD52D3FFD07635650BA90C45B3770CA3C6A68EB32DD30CA89FC2,70,125860,材料3,正弦波,0.06195,0.12377,10.2566041508,28504.679152,28504.7,q4-hgb-amplitude-and-condition-full-g4
232,233,8C403B8D7717E42567EC7C6DEC204FEFF87023B83D45B87EC0C983C53A2D929A,154EDCDBD598E508CB2EFDA1D9F4BB7A69DAA9DB84C3ABF254E00333ADEEE3D9,50,99950,材料3,正弦波,0.1535,0.30559,12.6352296315,307567.241616,307567.2,q4-hgb-amplitude-and-condition-full-g4
233,234,8C403B8D7717E42567EC7C6DEC204FEFF87023B83D45B87EC0C983C53A2D929A,27B3AE04F7E41CB27E47518822706BA9211425D0AF66F0D647668615FA0C32AE,25,398100,材料3,正弦波,0.02492,0.04981,10.4892660225,35971.6139594,35971.6,q4-hgb-amplitude-and-condition-full-g4
234,235,8C403B8D7717E42567EC7C6DEC204FEFF87023B83D45B87EC0C983C53A2D929A,B69F3AA8DAED761A36B0B21E64ECFEB1A3510FEB5A79D1010C077BC954DC2385,25,158500,材料3,正弦波,0.09808,0.1957,12.4618502633,258608.249648,258608.2,q4-hgb-amplitude-and-condition-full-g4
235,236,8C403B8D7717E42567EC7C6DEC204FEFF87023B83D45B87EC0C983C53A2D929A,B720775453EFD5F112F523EFD39F9FED624EBAA757DCA44F752140B754FD7D4D,25,99950,材料3,正弦波,0.015612717,0.031223745,7.27034116012,1438.79400172,1438.8,q4-hgb-amplitude-and-condition-full-g4
236,237,8C403B8D7717E42567EC7C6DEC204FEFF87023B83D45B87EC0C983C53A2D929A,98C8579412E87100DDC6F0EA6D335600FF0DE25CAE7A442AB74BA5C7E5B5312E,25,79430,材料3,三角波,0.078610248,0.154958067,11.293561957,80400.9555243,80401,q4-hgb-amplitude-and-condition-full-g4
237,238,8C403B8D7717E42567EC7C6DEC204FEFF87023B83D45B87EC0C983C53A2D929A,4CA5BC74140C5286C56639021612EC577303C4B02F4B6423959DD28550C31ED9,25,125910,材料3,三角波,0.062406558,0.123076296,11.3875979491,88328.4323424,88328.4,q4-hgb-amplitude-and-condition-full-g4
238,239,8C403B8D7717E42567EC7C6DEC204FEFF87023B83D45B87EC0C983C53A2D929A,16DAF7FC3E5FB9F81DF140473B7A2815B9DB51F4D39D60CBC29089B871CC6BD0,25,158750,材料3,三角波,0.020020967,0.039221875,9.09272565078,8901.23253785,8901.2,q4-hgb-amplitude-and-condition-full-g4
239,240,8C403B8D7717E42567EC7C6DEC204FEFF87023B83D45B87EC0C983C53A2D929A,9ED79E9F2B0722FE59839A03AD38774FBCC2D5A596CBB23F18EB0F45A0B7B8C9,25,251220,材料3,三角波,0.012507181,0.02448117,8.97352324937,7900.98435127,7901,q4-hgb-amplitude-and-condition-full-g4
240,241,8C403B8D7717E42567EC7C6DEC204FEFF87023B83D45B87EC0C983C53A2D929A,43199D4701A4B343D2E7F257A7024935F264B49CA95068FF57BAD034F0BEC0BC,25,316460,材料3,三角波,0.031296387,0.061566628,11.5369739706,102558.98273,102559,q4-hgb-amplitude-and-condition-full-g4
241,242,8C403B8D7717E42567EC7C6DEC204FEFF87023B83D45B87EC0C983C53A2D929A,D5829147FE6C217B24672464F46A7AD0FAAA58BA4193A2D27706588BFC0DC619,25,316470,材料3,三角波,0.039475895,0.07757587,12.0556930396,172286.216517,172286.2,q4-hgb-amplitude-and-condition-full-g4
242,243,8C403B8D7717E42567EC7C6DEC204FEFF87023B83D45B87EC0C983C53A2D929A,C2154720EC27A7A81F182D27BED9722BD6B14B34D641DD879DA5633823D53807,25,396790,材料3,三角波,0.050564537,0.099003332,13.0613876736,470997.024866,470997,q4-hgb-amplitude-and-condition-full-g4
243,244,8C403B8D7717E42567EC7C6DEC204FEFF87023B83D45B87EC0C983C53A2D929A,563E1DAD9D6C176BEA438DC7F2424DD535E9CCD912438A9D37844AEB38AB7A3D,25,158740,材料3,三角波,0.019561106,0.038617976,8.60219421588,5450.23277975,5450.2,q4-hgb-amplitude-and-condition-full-g4
244,245,8C403B8D7717E42567EC7C6DEC204FEFF87023B83D45B87EC0C983C53A2D929A,4887376E0D600665C0636DFF0F7F3F3CADCCC580114798B1F8B7FE1B3C3AF9B3,25,396810,材料3,三角波,0.015576641,0.030755077,9.86168098408,19204.5088585,19204.5,q4-hgb-amplitude-and-condition-full-g4
245,246,8C403B8D7717E42567EC7C6DEC204FEFF87023B83D45B87EC0C983C53A2D929A,E4D6101AE423B85E165FE91B69C2168566C6E56F502EFA6E21D26A6E1E08AEAC,25,251230,材料3,三角波,0.12379069,0.24628201,13.6431060653,842665.573311,842665.6,q4-hgb-amplitude-and-condition-full-g4
246,247,8C403B8D7717E42567EC7C6DEC204FEFF87023B83D45B87EC0C983C53A2D929A,6C2E52D7D70B30C6747EF10551E8F51A9301D1DC22875479936C27ADB122BAD7,25,316450,材料3,三角波,0.019569967,0.038826128,9.40411341732,12153.017843,12153,q4-hgb-amplitude-and-condition-full-g4
247,248,8C403B8D7717E42567EC7C6DEC204FEFF87023B83D45B87EC0C983C53A2D929A,9F02730B09B254A6132869A7296A2E238464ED10C1C488EB351E015BC5638B63,25,316450,材料3,三角波,0.077436831,0.153980197,12.9483453126,420653.483982,420653.5,q4-hgb-amplitude-and-condition-full-g4
248,249,8C403B8D7717E42567EC7C6DEC204FEFF87023B83D45B87EC0C983C53A2D929A,BD489F208C2D6CBCDB43C8D8F82A388E1B76B247F88EE182463A258A794714F0,25,251230,材料3,三角波,0.098432434,0.196339266,12.9156384812,407117.802651,407117.8,q4-hgb-amplitude-and-condition-full-g4
249,250,8C403B8D7717E42567EC7C6DEC204FEFF87023B83D45B87EC0C983C53A2D929A,7572760DFFA3DC4FA01D30B7CCE98072302B07E13DE83BD2FCFEF915FBADE44E,50,79430,材料3,三角波,0.049287873,0.097097925,9.85332874934,19044.7762831,19044.8,q4-hgb-amplitude-and-condition-full-g4
250,251,8C403B8D7717E42567EC7C6DEC204FEFF87023B83D45B87EC0C983C53A2D929A,D39EDFEFE69495E4F8FAAB77BD1745EAD650E73EFD145B6CF98382FC7C61EF31,50,125890,材料3,三角波,0.01586937,0.03110485,7.92737237278,2775.5154468,2775.5,q4-hgb-amplitude-and-condition-full-g4
251,252,8C403B8D7717E42567EC7C6DEC204FEFF87023B83D45B87EC0C983C53A2D929A,2285FA380148A5DBBC94A00C0C89B36FC0CB114C04C02DC28C09465E97CDE4DF,50,316460,材料3,三角波,0.01989714,0.039121058,10.4706835936,35309.3463266,35309.3,q4-hgb-amplitude-and-condition-full-g4
252,253,8C403B8D7717E42567EC7C6DEC204FEFF87023B83D45B87EC0C983C53A2D929A,84E823D5DA7DE57D84D42CCCB37A189B753F1137CB9769A3B2419919CE53F3AA,50,125890,材料3,三角波,0.245004469,0.485532705,14.0695103478,1290744.48568,1290744.5,q4-hgb-amplitude-and-condition-full-g4
253,254,8C403B8D7717E42567EC7C6DEC204FEFF87023B83D45B87EC0C983C53A2D929A,75F45DFC8458FCCAB42048DF19B0F2C5890F517778ADBC0B7F0410F7B18FD1F7,50,396810,材料3,三角波,0.015629435,0.030871972,9.81839135713,18390.8905072,18390.9,q4-hgb-amplitude-and-condition-full-g4
254,255,8C403B8D7717E42567EC7C6DEC204FEFF87023B83D45B87EC0C983C53A2D929A,959DC1120CAAAFC8C3CF59292E4542B8435E6B772C0200D4A8F762778B6C2BFD,50,63180,材料3,三角波,0.077896506,0.154884411,10.2369123037,27948.8598843,27948.9,q4-hgb-amplitude-and-condition-full-g4
255,256,8C403B8D7717E42567EC7C6DEC204FEFF87023B83D45B87EC0C983C53A2D929A,E9CF3BAAECF5B854455D6AE8AAFC15272A46F4C6D5CA51E4F4A1797823CF4367,50,158730,材料3,三角波,0.196417608,0.390709265,13.7867243118,972809.634956,972809.6,q4-hgb-amplitude-and-condition-full-g4
256,257,8C403B8D7717E42567EC7C6DEC204FEFF87023B83D45B87EC0C983C53A2D929A,1E40F6C8D9834BA78E7D42117FA99B4869E7EACE6E6E36E9DFB80975F7F814D9,50,199170,材料3,三角波,0.07823184,0.155539909,11.8406365777,138948.127699,138948.1,q4-hgb-amplitude-and-condition-full-g4
257,258,8C403B8D7717E42567EC7C6DEC204FEFF87023B83D45B87EC0C983C53A2D929A,5AC0134C56230EA525E4B811883576B413215EE91BD66177782B129ED4B0AF33,50,316450,材料3,三角波,0.030995345,0.061755225,10.326482003,30567.7675808,30567.8,q4-hgb-amplitude-and-condition-full-g4
258,259,8C403B8D7717E42567EC7C6DEC204FEFF87023B83D45B87EC0C983C53A2D929A,2C3D1932275AE9E86AEE8E3CB7CB2FD21994B8CFBD534865BFF0328A7D24254D,50,499970,材料3,三角波,0.019580463,0.03902438,10.318476616,30324.0376506,30324,q4-hgb-amplitude-and-condition-full-g4
259,260,8C403B8D7717E42567EC7C6DEC204FEFF87023B83D45B87EC0C983C53A2D929A,2914FF78926B7B0CB896C63FFB61F9E0B53E4D21EAA0C21CBF08FDD4D31D7564,70,199170,材料3,三角波,0.196473848,0.388640064,14.1572472689,1409106.89191,1409106.9,q4-hgb-amplitude-and-condition-full-g4
260,261,8C403B8D7717E42567EC7C6DEC204FEFF87023B83D45B87EC0C983C53A2D929A,860DD629363675534BC659BCD6951C971500AA0674FBAE55CB9C986D691F9018,70,251230,材料3,三角波,0.039231667,0.077771775,10.7426390467,46344.5244614,46344.5,q4-hgb-amplitude-and-condition-full-g4
261,262,8C403B8D7717E42567EC7C6DEC204FEFF87023B83D45B87EC0C983C53A2D929A,EB2C56E4E9F7F79FF23A29CA7FF2C6ADDA4D72DD359F2FEB140B73B54EB4F6EF,70,158730,材料3,三角波,0.078263107,0.155586791,11.1855205247,72167.1263501,72167.1,q4-hgb-amplitude-and-condition-full-g4
262,263,8C403B8D7717E42567EC7C6DEC204FEFF87023B83D45B87EC0C983C53A2D929A,D54569E929ED12797D742E4B1DE841BBD066E7107412E29370E111709AB48A23,70,251230,材料3,三角波,0.098607228,0.196053487,12.6017769849,297448.496389,297448.5,q4-hgb-amplitude-and-condition-full-g4
263,264,8C403B8D7717E42567EC7C6DEC204FEFF87023B83D45B87EC0C983C53A2D929A,0B6D298F8738AB0B28D3F4E8CC972EBA802D4D83DEBE14BA251F2ACE5FF28DBA,70,316450,材料3,三角波,0.038883719,0.077311266,10.8873448234,53560.343127,53560.3,q4-hgb-amplitude-and-condition-full-g4
264,265,8C403B8D7717E42567EC7C6DEC204FEFF87023B83D45B87EC0C983C53A2D929A,1E11A83FE2412DA4A611E10BC44A58323FA9CFAA0B781CCA25367AEFBD183AF2,70,316450,材料3,三角波,0.061144562,0.121588412,11.9404469373,153532.311167,153532.3,q4-hgb-amplitude-and-condition-full-g4
265,266,8C403B8D7717E42567EC7C6DEC204FEFF87023B83D45B87EC0C983C53A2D929A,67CE4F6860020D09FCD0043FCCCD675ACC436F18B16E7B61375BD796C5B41828,90,158750,材料3,三角波,0.015898745,0.031229831,8.43326570309,4603.09915898,4603.1,q4-hgb-amplitude-and-condition-full-g4
266,267,8C403B8D7717E42567EC7C6DEC204FEFF87023B83D45B87EC0C983C53A2D929A,7B46C42898E4F4958CB80B056F50215BA2DA2BD7824BE9D7D2FD3D56F646FDA7,90,158750,材料3,三角波,0.157907521,0.310889343,13.6531260207,851151.487952,851151.5,q4-hgb-amplitude-and-condition-full-g4
267,268,8C403B8D7717E42567EC7C6DEC204FEFF87023B83D45B87EC0C983C53A2D929A,91CDBE2D647A02BF960AAD18694BE57347C36464329844BE7C414D66CFFDFC05,90,199170,材料3,三角波,0.015548907,0.030703661,8.11978108356,3364.38501573,3364.4,q4-hgb-amplitude-and-condition-full-g4
268,269,8C403B8D7717E42567EC7C6DEC204FEFF87023B83D45B87EC0C983C53A2D929A,6C6AAF143A3E1F290540FD8896C5C0FA1645C84349F85D77A38876C39A8D890C,90,251230,材料3,三角波,0.012399465,0.024486061,8.2618233235,3877.87540361,3877.9,q4-hgb-amplitude-and-condition-full-g4
269,270,8C403B8D7717E42567EC7C6DEC204FEFF87023B83D45B87EC0C983C53A2D929A,D25715DB34349BB25FB8827A95F316E2DE680182432121C8A330EC933A32B2B5,90,499970,材料3,三角波,0.012387575,0.024596539,9.61893573028,15065.3865949,15065.4,q4-hgb-amplitude-and-condition-full-g4
270,271,8C403B8D7717E42567EC7C6DEC204FEFF87023B83D45B87EC0C983C53A2D929A,63D3AA44E9ADDC27A98FFA31456C28AB434D06D30DFAA43AB860113DB4B09857,90,99910,材料3,三角波,0.309066044,0.616630169,14.076535043,1299843.49369,1299843.5,q4-hgb-amplitude-and-condition-full-g4
271,272,8C403B8D7717E42567EC7C6DEC204FEFF87023B83D45B87EC0C983C53A2D929A,FEBAEA65AD4E21E177CB4AABE08AD1219CCB6E35372FF64589C110D61B465819,90,125890,材料3,三角波,0.308565276,0.615465946,14.3939132482,1785363.56608,1785363.6,q4-hgb-amplitude-and-condition-full-g4
272,273,8C403B8D7717E42567EC7C6DEC204FEFF87023B83D45B87EC0C983C53A2D929A,4EC3515092F3149118804ADA8ACBDCECD90D7223A07406B67663E83AA9F459C2,90,316450,材料3,三角波,0.122746329,0.244777097,13.5441694315,763286.563306,763286.6,q4-hgb-amplitude-and-condition-full-g4
273,274,8C403B8D7717E42567EC7C6DEC204FEFF87023B83D45B87EC0C983C53A2D929A,6CD6E5FE680ACA61D95C20D5C4DB845EB0F352C36B8AB7B9E6378BD077746188,90,499970,材料3,三角波,0.009859792,0.019663303,9.02570272397,8324.19910584,8324.2,q4-hgb-amplitude-and-condition-full-g4
274,275,8C403B8D7717E42567EC7C6DEC204FEFF87023B83D45B87EC0C983C53A2D929A,120877DB77DB998670081407973B4F07F080E2A75FD2EE44C3921E27C48AB5DC,25,396820,材料3,三角波,0.031083212,0.061957528,10.915122264,55068.9682453,55069,q4-hgb-amplitude-and-condition-full-g4
275,276,8C403B8D7717E42567EC7C6DEC204FEFF87023B83D45B87EC0C983C53A2D929A,10B0BF6CF6B50E2321C9FADA3F75484830205D26C5FDDF1BF351D9477FF2C4F7,25,396820,材料3,三角波,0.012391846,0.024696915,8.72909918313,6187.69898704,6187.7,q4-hgb-amplitude-and-condition-full-g4
276,277,8C403B8D7717E42567EC7C6DEC204FEFF87023B83D45B87EC0C983C53A2D929A,D8A4FF20EF0BE1B56A5F03132DA41B2DCEDD2328FCF187188BBC203A49A3FD18,25,63210,材料3,梯形波,0.244381378,0.488277663,13.3509955314,629206.583978,629206.6,q4-hgb-amplitude-and-condition-full-g4
277,278,8C403B8D7717E42567EC7C6DEC204FEFF87023B83D45B87EC0C983C53A2D929A,0D044527EA36D0DAAE614D8B9A494B1BD4A3A8D86F9ED8207DBE1BDC5231104B,25,99960,材料3,梯形波,0.076916536,0.153611006,11.1232786618,67812.2437958,67812.2,q4-hgb-amplitude-and-condition-full-g4
278,279,8C403B8D7717E42567EC7C6DEC204FEFF87023B83D45B87EC0C983C53A2D929A,4785F68B1B1FE75C338C457BE3985A2E70D0A7056A181F7BF2C9F6E6BF86C3DC,25,251240,材料3,梯形波,0.049184486,0.098029298,11.44972801,93990.3496606,93990.3,q4-hgb-amplitude-and-condition-full-g4
279,280,8C403B8D7717E42567EC7C6DEC204FEFF87023B83D45B87EC0C983C53A2D929A,CA9A6BCF2756D1F5A4B7C9778DB121EAE1DC8AB2DEDF60077B4F1DF41A7C95E7,25,499980,材料3,梯形波,0.024659119,0.049057086,11.033706896,62002.2701534,62002.3,q4-hgb-amplitude-and-condition-full-g4
280,281,8C403B8D7717E42567EC7C6DEC204FEFF87023B83D45B87EC0C983C53A2D929A,E8D4D4D4BBFDB47B725A71EBB20DBB2583D7472E5328A296BECDAA1D83B99A10,25,63060,材料3,梯形波,0.061359303,0.122376081,10.2599079843,28599.0096048,28599,q4-hgb-amplitude-and-condition-full-g4
281,282,8C403B8D7717E42567EC7C6DEC204FEFF87023B83D45B87EC0C983C53A2D929A,1C3E542E4ECFB7BEBE99ACE61F6EAC177A6FDC3D58AB660727200FFEC59DC19B,50,50040,材料3,梯形波,0.154530279,0.308495008,11.6142586599,110799.555626,110799.6,q4-hgb-amplitude-and-condition-full-g4
282,283,8C403B8D7717E42567EC7C6DEC204FEFF87023B83D45B87EC0C983C53A2D929A,B8DECF764A9FFF3C902E7B79537BCF180AFCF86FB738C12039F32AE059A7C12F,50,251240,材料3,梯形波,0.123527713,0.246080656,13.4839430724,718673.517611,718673.5,q4-hgb-amplitude-and-condition-full-g4
283,284,8C403B8D7717E42567EC7C6DEC204FEFF87023B83D45B87EC0C983C53A2D929A,B138184A963D5DAD799D90B9B47DB26E5141E4C71A2DBF05AD3A4ED988D30BCD,50,316450,材料3,梯形波,0.098236831,0.195620043,13.3775245497,646122.202249,646122.2,q4-hgb-amplitude-and-condition-full-g4
284,285,8C403B8D7717E42567EC7C6DEC204FEFF87023B83D45B87EC0C983C53A2D929A,473AFBD81912A4B4C2E56B84897CCFB90A33B73AB8D1EFCDC5F224E4F7097874,50,396810,材料3,梯形波,0.024562201,0.048907872,10.4663169103,35155.4977429,35155.5,q4-hgb-amplitude-and-condition-full-g4
285,286,8C403B8D7717E42567EC7C6DEC204FEFF87023B83D45B87EC0C983C53A2D929A,44595AA2CE8574BAA34EAF4A491080E44200E5E687EAB86036CC120AB022EE7B,70,316450,材料3,三角波,0.195467057,0.38960643,14.5548187843,2097041.64097,2097041.6,q4-hgb-amplitude-and-condition-full-g4
286,287,8C403B8D7717E42567EC7C6DEC204FEFF87023B83D45B87EC0C983C53A2D929A,01BC3750DA026A97CF89D231B2ED50CD0C36211BE779D2AF62207FFDB89C9BF6,70,158740,材料3,梯形波,0.049401912,0.098048757,10.2129807814,27287.9410584,27287.9,q4-hgb-amplitude-and-condition-full-g4
287,288,8C403B8D7717E42567EC7C6DEC204FEFF87023B83D45B87EC0C983C53A2D929A,207C2C845492D1EA729741E98F1984E4B9A3E954433FB943E7C4EA8C85F57D81,70,79460,材料3,梯形波,0.155024835,0.309436736,12.0519629066,171644.763121,171644.8,q4-hgb-amplitude-and-condition-full-g4
288,289,8C403B8D7717E42567EC7C6DEC204FEFF87023B83D45B87EC0C983C53A2D929A,4B4C20D812BE314A4BF59D5E402E5B5A9976E1EB92B126B8966B7D2E042BB976,70,158730,材料3,梯形波,0.098098243,0.195607515,11.7643540967,128743.004036,128743,q4-hgb-amplitude-and-condition-full-g4
289,290,8C403B8D7717E42567EC7C6DEC204FEFF87023B83D45B87EC0C983C53A2D929A,46441935F360F7EF04753CCE15331FE8F5122317E1189E4D47A8E7786B356B1C,70,199190,材料3,梯形波,0.049058038,0.09774054,10.4353287039,34082.7982786,34082.8,q4-hgb-amplitude-and-condition-full-g4
290,291,8C403B8D7717E42567EC7C6DEC204FEFF87023B83D45B87EC0C983C53A2D929A,F54D7CBE62AEF1681F0C1C3AF7F58AAC730FD0799B64774470F4210F58590696,70,251240,材料3,梯形波,0.195172036,0.388587405,14.3777585278,1756753.23502,1756753.2,q4-hgb-amplitude-and-condition-full-g4
291,292,8C403B8D7717E42567EC7C6DEC204FEFF87023B83D45B87EC0C983C53A2D929A,0E822C8E0F83682A99F1F9748C424D029F1BBE2FF57AAC922D3D6CA72FB0ED90,70,63150,材料3,梯形波,0.123705331,0.246907948,11.1119378896,67047.5449161,67047.5,q4-hgb-amplitude-and-condition-full-g4
292,293,8C403B8D7717E42567EC7C6DEC204FEFF87023B83D45B87EC0C983C53A2D929A,7EAEB5B35DD0A2BBBFA665F2C2D9921649D5591814AAFD32AE011853037EB709,70,499980,材料3,梯形波,0.077640152,0.155189865,13.5549065471,771526.215312,771526.2,q4-hgb-amplitude-and-condition-full-g4
293,294,8C403B8D7717E42567EC7C6DEC204FEFF87023B83D45B87EC0C983C53A2D929A,42D8F4BAF660642AFB16211DC08C8D03DABE84399E84BC04870D52EA8BA54A4D,90,396820,材料3,三角波,0.123005985,0.245320639,14.0362360158,1248502.50933,1248502.5,q4-hgb-amplitude-and-condition-full-g4
294,295,8C403B8D7717E42567EC7C6DEC204FEFF87023B83D45B87EC0C983C53A2D929A,AB715BBAEDD11F6C3A75FDAD42A6D1B8CACF5514464CBC7E34A4CDF229CBB0D9,90,50080,材料3,三角波,0.155391433,0.30825385,11.4344401343,92564.3647838,92564.4,q4-hgb-amplitude-and-condition-full-g4
295,296,8C403B8D7717E42567EC7C6DEC204FEFF87023B83D45B87EC0C983C53A2D929A,0266CBA305C9BC6AB5CDEF8AFA41C7BA7DCDAF207308C974FB964B8918B929DE,90,125930,材料3,梯形波,0.048931793,0.097054822,9.61284246253,14973.8682667,14973.9,q4-hgb-amplitude-and-condition-full-g4
296,297,8C403B8D7717E42567EC7C6DEC204FEFF87023B83D45B87EC0C983C53A2D929A,490AB3CDFC2380A45C23C828E197A0ED81E0318F6D24C6CF36BC83B63EF05A70,90,199190,材料3,梯形波,0.244758515,0.487326855,14.5321949458,2050131.1579,2050131.2,q4-hgb-amplitude-and-condition-full-g4
297,298,8C403B8D7717E42567EC7C6DEC204FEFF87023B83D45B87EC0C983C53A2D929A,74BBD5B4EDE998C56AEE65887688B09F156B17D6D6905C2FB1D287554AEB1002,90,125910,材料3,梯形波,0.155066357,0.309949855,12.7655544717,350380.103597,350380.1,q4-hgb-amplitude-and-condition-full-g4
298,299,8C403B8D7717E42567EC7C6DEC204FEFF87023B83D45B87EC0C983C53A2D929A,50AA98C547605C90FDE5CD89EFB42009271A670CA807344C50F7A7039579790B,90,316450,材料3,梯形波,0.077161374,0.154262156,12.6081096921,299338.127559,299338.1,q4-hgb-amplitude-and-condition-full-g4
299,300,8C403B8D7717E42567EC7C6DEC204FEFF87023B83D45B87EC0C983C53A2D929A,3F6D154C572F0263D057934273DC5CA711012BE7AA31D9D180B3F93887D63AC1,90,499980,材料3,梯形波,0.048794321,0.097518898,12.4456642532,254456.107869,254456.1,q4-hgb-amplitude-and-condition-full-g4
300,301,8C403B8D7717E42567EC7C6DEC204FEFF87023B83D45B87EC0C983C53A2D929A,B6AE03F2C24A8F43DA0C1102512CF74ACC3BB23E90518A8276FA5F23D0A42462,90,63060,材料3,梯形波,0.098504049,0.196440444,10.3997565697,32891.7107605,32891.7,q4-hgb-amplitude-and-condition-full-g4
301,302,8C403B8D7717E42567EC7C6DEC204FEFF87023B83D45B87EC0C983C53A2D929A,3F9FFA9318438D67EA374408107D217AFD00C1CF334981C830E9B65F5B404656,25,50020,材料4,正弦波,0.028570746,0.056792305,8.08700338139,3255.89593018,3255.9,q4-hgb-amplitude-and-condition-full-g4
302,303,8C403B8D7717E42567EC7C6DEC204FEFF87023B83D45B87EC0C983C53A2D929A,9D5A037E7E2E530402B5FDDE06F48444B359CDA72E4384ADB0D09904954CD696,25,63020,材料4,正弦波,0.020804732,0.041405643,7.52879118539,1863.12519321,1863.1,q4-hgb-amplitude-and-condition-full-g4
303,304,8C403B8D7717E42567EC7C6DEC204FEFF87023B83D45B87EC0C983C53A2D929A,49F1C462212F7D3C2A75595909B9870E7813CD2D140F704B8601C25B8BE841F8,25,63020,材料4,正弦波,0.090392279,0.178304264,11.181014277,71842.6550221,71842.7,q4-hgb-amplitude-and-condition-full-g4
304,305,8C403B8D7717E42567EC7C6DEC204FEFF87023B83D45B87EC0C983C53A2D929A,CCF2B16FF313B55BF138EFA8A4494CEAB88EAA7D1D1332771F495082205409D5,25,70830,材料4,正弦波,0.022312427,0.044417782,7.78010848377,2395.45355218,2395.5,q4-hgb-amplitude-and-condition-full-g4
305,306,8C403B8D7717E42567EC7C6DEC204FEFF87023B83D45B87EC0C983C53A2D929A,8F8A49E0B871A059873478E6966C028884A8B7D108C2333FDEAB1AE01B104A55,25,70840,材料4,正弦波,0.025292006,0.050336134,8.24516830835,3813.82419748,3813.8,q4-hgb-amplitude-and-condition-full-g4
306,307,8C403B8D7717E42567EC7C6DEC204FEFF87023B83D45B87EC0C983C53A2D929A,B402AFAD1FCDA2EE049ED4D8172B3FDB7EF734CC79C12CC23ADD490E9A7AF469,25,89090,材料4,正弦波,0.071579161,0.141200249,11.0089880583,60488.4333269,60488.4,q4-hgb-amplitude-and-condition-full-g4
307,308,8C403B8D7717E42567EC7C6DEC204FEFF87023B83D45B87EC0C983C53A2D929A,588535E511790C0785D803C5FE7FF823BDA6ABAB0CF87BD51BA4EAFBF62E901A,25,125860,材料4,正弦波,0.070388853,0.14009591,11.5058171392,99412.8362789,99412.8,q4-hgb-amplitude-and-condition-full-g4
308,309,8C403B8D7717E42567EC7C6DEC204FEFF87023B83D45B87EC0C983C53A2D929A,47029F1BBBFDEC9AF70F00AEC954E13855DCEC930652C59C135F510E9AE35C3F,25,141260,材料4,正弦波,0.031396034,0.062662862,9.5989121977,14766.7244499,14766.7,q4-hgb-amplitude-and-condition-full-g4
309,310,8C403B8D7717E42567EC7C6DEC204FEFF87023B83D45B87EC0C983C53A2D929A,8A30C91799B6C69F88C3577C31601FBAEAC9B18B35EFF02FF723413735B42566,25,199500,材料4,正弦波,0.087568984,0.17416859,12.6312558149,306347.451009,306347.5,q4-hgb-amplitude-and-condition-full-g4
310,311,8C403B8D7717E42567EC7C6DEC204FEFF87023B83D45B87EC0C983C53A2D929A,789FCF6D6CE7ABB5059DD156F429CF370E73A1AD0AAA2C9D06A25694CD748976,25,251170,材料4,正弦波,0.055521518,0.110644338,11.725155284,123794.061149,123794.1,q4-hgb-amplitude-and-condition-full-g4
311,312,8C403B8D7717E42567EC7C6DEC204FEFF87023B83D45B87EC0C983C53A2D929A,8DE5453FB5136E7AD87766DE6709EBAD1AD4CF9BF25C5476DD0A86EB6C15DBCD,25,281850,材料4,正弦波,0.027709835,0.055326985,10.2097990209,27201.2553452,27201.3,q4-hgb-amplitude-and-condition-full-g4
312,313,8C403B8D7717E42567EC7C6DEC204FEFF87023B83D45B87EC0C983C53A2D929A,E72F3C1DBB1B1D1A496B214252C5E8993FEB76D6F746C7B466D61262BDA9D129,25,316230,材料4,正弦波,0.019760614,0.039477762,9.47375695412,13029.565675,13029.6,q4-hgb-amplitude-and-condition-full-g4
313,314,8C403B8D7717E42567EC7C6DEC204FEFF87023B83D45B87EC0C983C53A2D929A,B7B80BB3E38F35A5282238C9C2895C3D46BE5D6D5225CAA525FA761880F29668,50,112160,材料4,正弦波,0.087822785,0.174565045,11.3615004241,86053.0983013,86053.1,q4-hgb-amplitude-and-condition-full-g4
314,315,8C403B8D7717E42567EC7C6DEC204FEFF87023B83D45B87EC0C983C53A2D929A,0C440A6AEBDB3F5FCE58B668806C73EB2F0A8E024F4FDD2A48476E65ECA339C3,50,125860,材料4,正弦波,0.015609027,0.031196806,7.02255041654,1123.01217849,1123,q4-hgb-amplitude-and-condition-full-g4
315,316,8C403B8D7717E42567EC7C6DEC204FEFF87023B83D45B87EC0C983C53A2D929A,52D634F65BEC3775C1F180B1EAEAABD9F9734BB0A1263CD49F2ECCF04C6E2486,50,158510,材料4,正弦波,0.011206832,0.022402657,6.74197470544,848.265849298,848.3,q4-hgb-amplitude-and-condition-full-g4
316,317,8C403B8D7717E42567EC7C6DEC204FEFF87023B83D45B87EC0C983C53A2D929A,0C750A34B426ACAA0E93C9CAC9DE6876C6C243F5746856FFE6C45E419301E677,50,223850,材料4,正弦波,0.022015244,0.043982318,8.67031461339,5834.44250066,5834.4,q4-hgb-amplitude-and-condition-full-g4
317,318,8C403B8D7717E42567EC7C6DEC204FEFF87023B83D45B87EC0C983C53A2D929A,3366D175F40805973FFC2B5F4066D68D3DEF65F06B8696DA79A1BB4F3A17611A,50,316230,材料4,正弦波,0.022074703,0.044102354,9.68922539642,16162.431408,16162.4,q4-hgb-amplitude-and-condition-full-g4
318,319,8C403B8D7717E42567EC7C6DEC204FEFF87023B83D45B87EC0C983C53A2D929A,EF049F6982995869A7ED2E25A89029308FA24EAFDA66CD6BBD7F4D8B68795252,70,50020,材料4,正弦波,0.044740491,0.08899696,8.3576143466,4267.71455257,4267.7,q4-hgb-amplitude-and-condition-full-g4
319,320,8C403B8D7717E42567EC7C6DEC204FEFF87023B83D45B87EC0C983C53A2D929A,C0D81D1E83E43B7704C2D3AF119D015769A230546C4E2C381B3C2BE74434FC83,70,79460,材料4,正弦波,0.055776638,0.110758804,9.53528717317,13856.4562179,13856.5,q4-hgb-amplitude-and-condition-full-g4
320,321,8C403B8D7717E42567EC7C6DEC204FEFF87023B83D45B87EC0C983C53A2D929A,087AE5027A78F7EC4AD7FFC36426B79BDA8FF5D9D1B9F349D26F22285EEF1FE8,70,125860,材料4,正弦波,0.055505825,0.110721627,10.0510291591,23207.9121815,23207.9,q4-hgb-amplitude-and-condition-full-g4
321,322,8C403B8D7717E42567EC7C6DEC204FEFF87023B83D45B87EC0C983C53A2D929A,59CACDF70CFE08CAB9CC20FCD5CC6FB7F6DED9A59D56F6D1C2CF9F194390E943,70,177820,材料4,正弦波,0.086482725,0.172143431,11.9077779476,148597.610396,148597.6,q4-hgb-amplitude-and-condition-full-g4
322,323,8C403B8D7717E42567EC7C6DEC204FEFF87023B83D45B87EC0C983C53A2D929A,6459F383F494F2B6A80B3AD06B1ED6C4CB97FE788345EDCFA4EA3183929F0D0F,70,199500,材料4,正弦波,0.055328269,0.11036276,10.8321714443,50685.2807565,50685.3,q4-hgb-amplitude-and-condition-full-g4
323,324,8C403B8D7717E42567EC7C6DEC204FEFF87023B83D45B87EC0C983C53A2D929A,594E6A9925A019329C39DEA5E80AEC149CF308A6BAEBB60756F2B447126617C0,70,281860,材料4,正弦波,0.031070973,0.062049803,10.1525276478,25687.1727254,25687.2,q4-hgb-amplitude-and-condition-full-g4
324,325,8C403B8D7717E42567EC7C6DEC204FEFF87023B83D45B87EC0C983C53A2D929A,64FBD3B5DAA17B1E8D2BACAAC554A7850B41E6107923594A7D3C579CE7462E8D,70,316230,材料4,正弦波,0.015619816,0.031218405,8.81147319253,6718.98630912,6719,q4-hgb-amplitude-and-condition-full-g4
325,326,8C403B8D7717E42567EC7C6DEC204FEFF87023B83D45B87EC0C983C53A2D929A,93904696449B7461899BE144D963A1886577C345D3F960EB96124A8B7876D205,70,316230,材料4,正弦波,0.027442001,0.054817422,10.2106039468,27223.1591564,27223.2,q4-hgb-amplitude-and-condition-full-g4
326,327,8C403B8D7717E42567EC7C6DEC204FEFF87023B83D45B87EC0C983C53A2D929A,015382069382E9E67A372A948FCF7F1E70F18F1C33911ABF02E9978F33827B6F,70,354820,材料4,正弦波,0.031168848,0.062248291,10.7312052448,45817.6481898,45817.6,q4-hgb-amplitude-and-condition-full-g4
327,328,8C403B8D7717E42567EC7C6DEC204FEFF87023B83D45B87EC0C983C53A2D929A,ECD0BA46DC0DDBF41F59242046F3F6679A759E444DE3B497887FD56C34623266,90,63020,材料4,正弦波,0.078656468,0.155737352,9.84542409302,18894.8273002,18894.8,q4-hgb-amplitude-and-condition-full-g4
328,329,8C403B8D7717E42567EC7C6DEC204FEFF87023B83D45B87EC0C983C53A2D929A,92A7C33D77126328CE19B0652A7BE5ABD67AF693BC09F2855346D6BED466249C,90,70840,材料4,正弦波,0.017342085,0.03462176,6.2819001129,535.456415157,535.5,q4-hgb-amplitude-and-condition-full-g4
329,330,8C403B8D7717E42567EC7C6DEC204FEFF87023B83D45B87EC0C983C53A2D929A,FAB80FFEECDB44C5DA62E1EE939F47B04FFEDC721BBA2BFD1174FF6386BEF806,90,79460,材料4,正弦波,0.027871741,0.055551776,7.41424364326,1661.47829798,1661.5,q4-hgb-amplitude-and-condition-full-g4
330,331,8C403B8D7717E42567EC7C6DEC204FEFF87023B83D45B87EC0C983C53A2D929A,8F8DB9EC000DF739228D7C2EA6F91CB20BD79B7A1466B28AFF196293007C372A,90,79460,材料4,正弦波,0.049432178,0.098245282,8.91763927541,7471.556761,7471.6,q4-hgb-amplitude-and-condition-full-g4
331,332,8C403B8D7717E42567EC7C6DEC204FEFF87023B83D45B87EC0C983C53A2D929A,FE93DA55E1C199E2C4147A0C8775F05C350A03242D48F876D859F5576BCC5347,90,112160,材料4,正弦波,0.039130743,0.078050258,8.8281052522,6831.67138516,6831.7,q4-hgb-amplitude-and-condition-full-g4
332,333,8C403B8D7717E42567EC7C6DEC204FEFF87023B83D45B87EC0C983C53A2D929A,014FA93CE7DDFD9B861E074D7E56182A864353F47EF504D78CADA4047C454429,90,251170,材料4,正弦波,0.024885597,0.049714896,9.27421573234,10672.6013514,10672.6,q4-hgb-amplitude-and-condition-full-g4
333,334,8C403B8D7717E42567EC7C6DEC204FEFF87023B83D45B87EC0C983C53A2D929A,FE7193B6F16B2D2F5626ABBB388A2DE2B80C9A16785F8DFEA1EF768F62C88F52,90,251170,材料4,正弦波,0.027802089,0.055529813,9.60182084904,14809.7382286,14809.7,q4-hgb-amplitude-and-condition-full-g4
334,335,8C403B8D7717E42567EC7C6DEC204FEFF87023B83D45B87EC0C983C53A2D929A,D59D68047C3CF39E5A7A70318DE32F3E292582AFDD98F2C8A6BECD60D7F99337,90,281850,材料4,正弦波,0.019694,0.039351714,9.11595970513,9110.46551124,9110.5,q4-hgb-amplitude-and-condition-full-g4
335,336,8C403B8D7717E42567EC7C6DEC204FEFF87023B83D45B87EC0C983C53A2D929A,49EFF37D741AFB139A074DD1E4B6DF8DC626DE8B91CB17891FE3E9001B2A91E8,90,316230,材料4,正弦波,0.048866807,0.097509504,11.6448186067,114237.853669,114237.9,q4-hgb-amplitude-and-condition-full-g4
336,337,8C403B8D7717E42567EC7C6DEC204FEFF87023B83D45B87EC0C983C53A2D929A,42F2D075EF5C231377F2171B436391365EAEA58156B1D7C5DAAD7066CBC81E77,50,281860,材料4,正弦波,0.01258,0.02514,7.99481404887,2969.15723305,2969.2,q4-hgb-amplitude-and-condition-full-g4
337,338,8C403B8D7717E42567EC7C6DEC204FEFF87023B83D45B87EC0C983C53A2D929A,96E36DB474BBA36F9194A5EE2134EF97A279BF3F4B74E992A1B3DB007956AD22,25,112170,材料4,正弦波,0.03974,0.07917,9.96092608108,21208.2484713,21208.2,q4-hgb-amplitude-and-condition-full-g4
338,339,8C403B8D7717E42567EC7C6DEC204FEFF87023B83D45B87EC0C983C53A2D929A,A7B8E20C6AB47B5468F3DF858643656E8AA587B315E5A2F8591B15DFB1D4DB9E,25,70780,材料4,三角波,0.040000014,0.077860646,9.50170461748,13398.847841,13398.8,q4-hgb-amplitude-and-condition-full-g4
339,340,8C403B8D7717E42567EC7C6DEC204FEFF87023B83D45B87EC0C983C53A2D929A,D7E8439B47A4D4018B1F51C9188E0BAD3525D0D38F721A8440934D3025EDF7ED,25,112170,材料4,三角波,0.088293222,0.173005832,12.2784373602,215271.810379,215271.8,q4-hgb-amplitude-and-condition-full-g4
340,341,8C403B8D7717E42567EC7C6DEC204FEFF87023B83D45B87EC0C983C53A2D929A,838C95AA50D4E92D1CC127C850F9C6D2A93312349DBC48A904F130DD080B5841,25,125900,材料4,三角波,0.039411263,0.077104599,10.3982474902,32842.1119888,32842.1,q4-hgb-amplitude-and-condition-full-g4
341,342,8C403B8D7717E42567EC7C6DEC204FEFF87023B83D45B87EC0C983C53A2D929A,C12CA64F52173A668BA3E0DBC75E546220DDAD2015E9A92473088EED028C77B1,25,141290,材料4,三角波,0.061055677,0.119478148,11.4813230163,97007.3860108,97007.4,q4-hgb-amplitude-and-condition-full-g4
342,343,8C403B8D7717E42567EC7C6DEC204FEFF87023B83D45B87EC0C983C53A2D929A,7919427D91D12ADFA9D596B76774448BF9BCA6C9EAD0FA524DD7AEECCCFF7993,25,199170,材料4,三角波,0.031111733,0.060966602,10.7145051457,45058.8426235,45058.8,q4-hgb-amplitude-and-condition-full-g4
343,344,8C403B8D7717E42567EC7C6DEC204FEFF87023B83D45B87EC0C983C53A2D929A,A143D6C2C37589BF1D50E078988E2C8A4865EFEB833904F9008504456CABE957,25,56180,材料4,三角波,0.195672232,0.386769329,12.8490522838,380892.197,380892.2,q4-hgb-amplitude-and-condition-full-g4
344,345,8C403B8D7717E42567EC7C6DEC204FEFF87023B83D45B87EC0C983C53A2D929A,D3E200C872E536C1760A9973008ADB48FDA785B4F097C915DF7DCE5755ECC482,50,70780,材料4,三角波,0.044633157,0.087344562,9.36229273031,11655.251303,11655.3,q4-hgb-amplitude-and-condition-full-g4
345,346,8C403B8D7717E42567EC7C6DEC204FEFF87023B83D45B87EC0C983C53A2D929A,8447F70509E1D4C0E9A0B5187A07CA500EB3B3F88BDD2BEF114524522F190B56,50,354590,材料4,三角波,0.019476635,0.038073624,10.8689157773,52582.3168168,52582.3,q4-hgb-amplitude-and-condition-full-g4
346,347,8C403B8D7717E42567EC7C6DEC204FEFF87023B83D45B87EC0C983C53A2D929A,EDA453FE7B0567C2FCE97FF1995838D56E17E5A5C05AB3CC8902BBA42563D4D8,50,79430,材料4,三角波,0.027709247,0.054575394,8.08054927193,3234.94968885,3234.9,q4-hgb-amplitude-and-condition-full-g4
347,348,8C403B8D7717E42567EC7C6DEC204FEFF87023B83D45B87EC0C983C53A2D929A,AB2825346DA363DB4468CEB84DE2793BFBCBCAB78093A78A056504552ED5A31F,50,79440,材料4,三角波,0.05528341,0.10894257,9.8439165484,18866.3639652,18866.4,q4-hgb-amplitude-and-condition-full-g4
348,349,8C403B8D7717E42567EC7C6DEC204FEFF87023B83D45B87EC0C983C53A2D929A,407D9A61615221292675DDF100EF4356E4BC08D21C8DE622725EAA2028CDAA83,50,89200,材料4,三角波,0.24462064,0.484132282,13.7123915874,903120.231352,903120.2,q4-hgb-amplitude-and-condition-full-g4
349,350,8C403B8D7717E42567EC7C6DEC204FEFF87023B83D45B87EC0C983C53A2D929A,07AFE2770ECA2DF6D6ACDE5E8FFDB7A713A7A1C53211201B1955318D3371A9B5,70,56180,材料4,三角波,0.070613853,0.137939028,10.0144298639,22373.8746434,22373.9,q4-hgb-amplitude-and-condition-full-g4
350,351,8C403B8D7717E42567EC7C6DEC204FEFF87023B83D45B87EC0C983C53A2D929A,0D42616A7F887632273C6EBDE44429D99199F04435C42E6EA5FE3E91C67825E4,70,251230,材料4,三角波,0.034769067,0.068154851,11.3776443624,87453.6086725,87453.6,q4-hgb-amplitude-and-condition-full-g4
351,352,8C403B8D7717E42567EC7C6DEC204FEFF87023B83D45B87EC0C983C53A2D929A,803E611EEA5C47BB85F90DAF7C4A5BF0F5C09F875D8391D063AD713C9D5379CD,70,282480,材料4,三角波,0.035182804,0.068839334,11.5811014934,107185.995074,107186,q4-hgb-amplitude-and-condition-full-g4
352,353,8C403B8D7717E42567EC7C6DEC204FEFF87023B83D45B87EC0C983C53A2D929A,A70A329D0BD00D2A03C06D3911BB2F368928ED166EA9313FECDB3C5F87647E76,70,354590,材料4,三角波,0.02741599,0.053506215,11.6469011068,114476.001891,114476,q4-hgb-amplitude-and-condition-full-g4
353,354,8C403B8D7717E42567EC7C6DEC204FEFF87023B83D45B87EC0C983C53A2D929A,A62A7EA3E2EF556A3033E8163B1218174F816D252B8373C7734F8CD1E7E3C22C,70,396800,材料4,三角波,0.03585772,0.069969611,12.3780562689,237821.49533,237821.5,q4-hgb-amplitude-and-condition-full-g4
354,355,8C403B8D7717E42567EC7C6DEC204FEFF87023B83D45B87EC0C983C53A2D929A,BAD98786863A71118CF26E6063CE363005F2EBF76B89F42658F436140B361AB9,70,89200,材料4,三角波,0.034826134,0.068791955,8.55361363535,5191.78588486,5191.8,q4-hgb-amplitude-and-condition-full-g4
355,356,8C403B8D7717E42567EC7C6DEC204FEFF87023B83D45B87EC0C983C53A2D929A,A4A6485FF8D419BBB8D4C628E14C6D6E39EAB352EB55A6267AACCFFD6B39277F,90,141270,材料4,三角波,0.012423589,0.024274664,7.53377897727,1872.44128799,1872.4,q4-hgb-amplitude-and-condition-full-g4
356,357,8C403B8D7717E42567EC7C6DEC204FEFF87023B83D45B87EC0C983C53A2D929A,BA3AC72BB18C7D5F508F5E8DF116351432C6A03222C05376902634DF3A3D75E9,90,158750,材料4,三角波,0.025292815,0.049594751,9.52183134907,13671.2549923,13671.3,q4-hgb-amplitude-and-condition-full-g4
357,358,8C403B8D7717E42567EC7C6DEC204FEFF87023B83D45B87EC0C983C53A2D929A,9294BAFE402564C01E6B6F5A3AFD9EF58CA8BF536DB56F671F087C46C6CA5702,90,282480,材料4,三角波,0.019971837,0.03914714,10.3736998836,32045.7313517,32045.7,q4-hgb-amplitude-and-condition-full-g4
358,359,8C403B8D7717E42567EC7C6DEC204FEFF87023B83D45B87EC0C983C53A2D929A,185F9263AE23E5C8642D914C90DA861A88C75425C3850EF81753441D22E60989,90,89200,材料4,三角波,0.087494565,0.172944319,10.7527277715,46814.4480972,46814.4,q4-hgb-amplitude-and-condition-full-g4
359,360,8C403B8D7717E42567EC7C6DEC204FEFF87023B83D45B87EC0C983C53A2D929A,38B36B7347C2239642475FD81AD4E9118E8B1C5728DB89DD7C56D704FE29003C,25,70870,材料4,三角波,0.062024422,0.123507931,10.557144231,38498.0786469,38498.1,q4-hgb-amplitude-and-condition-full-g4
360,361,8C403B8D7717E42567EC7C6DEC204FEFF87023B83D45B87EC0C983C53A2D929A,EB1880B0A50BDA850218CE6EE22FE562B80839F9FF628F6854E1CFDAB76E8281,25,70870,材料4,三角波,0.068265768,0.135965043,10.7240036279,45488.872323,45488.9,q4-hgb-amplitude-and-condition-full-g4
361,362,8C403B8D7717E42567EC7C6DEC204FEFF87023B83D45B87EC0C983C53A2D929A,F0AEBDB2E6848D9D67138B9535B565855A4505766E53722D5CA4993327D9C432,25,89100,材料4,三角波,0.042836804,0.08528378,9.66885461428,15836.5208356,15836.5,q4-hgb-amplitude-and-condition-full-g4
362,363,8C403B8D7717E42567EC7C6DEC204FEFF87023B83D45B87EC0C983C53A2D929A,E0008BD2E191B8579F3ADA3EAE2E8162F4D55B69491A63CA55EA0EF0CCBD2F01,25,89100,材料4,三角波,0.086541503,0.172354129,11.3149245588,82137.0063864,82137,q4-hgb-amplitude-and-condition-full-g4
363,364,8C403B8D7717E42567EC7C6DEC204FEFF87023B83D45B87EC0C983C53A2D929A,C7132ABA3A78E84990504BF17746C4B6AAC78C79B1567355CD68806EF0317DFE,25,112090,材料4,三角波,0.034164575,0.067949127,9.29559574576,10903.2384381,10903.2,q4-hgb-amplitude-and-condition-full-g4
364,365,8C403B8D7717E42567EC7C6DEC204FEFF87023B83D45B87EC0C983C53A2D929A,80DB9FDDE830B011BF2D75C404D3155DF4CA11782610806FCB6A1CD12BEE518E,25,125890,材料4,三角波,0.027445378,0.054591509,8.70248895284,6025.21435664,6025.2,q4-hgb-amplitude-and-condition-full-g4
365,366,8C403B8D7717E42567EC7C6DEC204FEFF87023B83D45B87EC0C983C53A2D929A,416B80BAF1F6B651945FD38852B3EE5D6C851DDD17607629154C6C97FAE0D2C7,25,199170,材料4,三角波,0.038940331,0.07745351,10.4188117195,33524.4768152,33524.5,q4-hgb-amplitude-and-condition-full-g4
366,367,8C403B8D7717E42567EC7C6DEC204FEFF87023B83D45B87EC0C983C53A2D929A,80443874AA3C27D1359368D5FAD633C1D66A8DF88C083EFDF38DEFF5FB27E485,25,50070,材料4,梯形波,0.034800599,0.068561552,8.38530013344,4387.52039495,4387.5,q4-hgb-amplitude-and-condition-full-g4
367,368,8C403B8D7717E42567EC7C6DEC204FEFF87023B83D45B87EC0C983C53A2D929A,E8BFFED20238D8712DF942429812886F5616D0B306993710AF28319692874F91,25,50070,材料4,梯形波,0.097678818,0.193203955,10.9672070015,58013.2310019,58013.2,q4-hgb-amplitude-and-condition-full-g4
368,369,8C403B8D7717E42567EC7C6DEC204FEFF87023B83D45B87EC0C983C53A2D929A,D91FAFFF0B48D46977DE7165423DF514B69312105769F5CED9B59220E13FBCE6,25,56160,材料4,梯形波,0.243408305,0.483724736,13.284412692,588676.499379,588676.5,q4-hgb-amplitude-and-condition-full-g4
369,370,8C403B8D7717E42567EC7C6DEC204FEFF87023B83D45B87EC0C983C53A2D929A,5FE864D3D35A16F435429CBF06D70EE4E3F2DE33D94DC6BF49880CB10E24333E,25,89210,材料4,梯形波,0.021858539,0.043237283,7.94197280784,2816.33645695,2816.3,q4-hgb-amplitude-and-condition-full-g4
370,371,8C403B8D7717E42567EC7C6DEC204FEFF87023B83D45B87EC0C983C53A2D929A,159CB05723D4ADE3677D7A726D2A5DF8BCDB02DE17362409D6D4CCA8A0B861B2,25,89210,材料4,梯形波,0.061004188,0.121058642,10.6386688495,41768.1026292,41768.1,q4-hgb-amplitude-and-condition-full-g4
371,372,8C403B8D7717E42567EC7C6DEC204FEFF87023B83D45B87EC0C983C53A2D929A,2FAD79763CE6444F9BAC4A0D1E579002F1B54A7D2D8056106724C34E879A264A,50,89100,材料4,三角波,0.042921988,0.0854878,9.12095640154,9156.10166164,9156.1,q4-hgb-amplitude-and-condition-full-g4
372,373,8C403B8D7717E42567EC7C6DEC204FEFF87023B83D45B87EC0C983C53A2D929A,5CADB4B4DA89B41C1E7C7048133564A4261885826140A2039B6F37AE3ABC009B,50,177930,材料4,三角波,0.017477833,0.034794398,7.93503407061,2796.86227956,2796.9,q4-hgb-amplitude-and-condition-full-g4
373,374,8C403B8D7717E42567EC7C6DEC204FEFF87023B83D45B87EC0C983C53A2D929A,7E3497163A5934E9B6A4136F3D4F939B0A4975A5EAAD36CF92A5B7616CD6A40C,50,354610,材料4,三角波,0.096840191,0.192807995,13.3997093699,660616.489242,660616.5,q4-hgb-amplitude-and-condition-full-g4
374,375,8C403B8D7717E42567EC7C6DEC204FEFF87023B83D45B87EC0C983C53A2D929A,6787080730C10B7AAD645B07354BB71C68A723DC777F15EB251B9FB26E736DA3,50,199170,材料4,三角波,0.02215063,0.044096984,8.68559663072,5924.28932384,5924.3,q4-hgb-amplitude-and-condition-full-g4
375,376,8C403B8D7717E42567EC7C6DEC204FEFF87023B83D45B87EC0C983C53A2D929A,D24F4745934D82F530BD33582263C88293A0093420507567789BF75B16151102,50,354610,材料4,三角波,0.038912875,0.077525479,11.1804125133,71799.4357236,71799.4,q4-hgb-amplitude-and-condition-full-g4
376,377,8C403B8D7717E42567EC7C6DEC204FEFF87023B83D45B87EC0C983C53A2D929A,D98059620484017CD2E7DBCD240E4836A71493CF2609D1963F2D5F8C90CA78B8,50,354610,材料4,三角波,0.054626664,0.108844085,12.0604456988,173106.983061,173107,q4-hgb-amplitude-and-condition-full-g4
377,378,8C403B8D7717E42567EC7C6DEC204FEFF87023B83D45B87EC0C983C53A2D929A,27F9B67A14A589F31C88D6F2059799D71CF4A80D02CA76303789346A1E4B7347,50,50070,材料4,梯形波,0.123331291,0.244326889,11.1971497839,73011.2754638,73011.3,q4-hgb-amplitude-and-condition-full-g4
378,379,8C403B8D7717E42567EC7C6DEC204FEFF87023B83D45B87EC0C983C53A2D929A,33BD2D90566C38D7479D4A9CBFA2DF2FC1560B360AFC8C78B70403347C9DF335,50,56160,材料4,梯形波,0.216862871,0.430929745,12.7295669836,337994.994906,337995,q4-hgb-amplitude-and-condition-full-g4
379,380,8C403B8D7717E42567EC7C6DEC204FEFF87023B83D45B87EC0C983C53A2D929A,A849EA08CE065E477B90F9F6C043DDD83490A8F770EA0015F1156E5AF30571ED,50,89210,材料4,梯形波,0.019386772,0.038444153,7.24048390816,1396.47054187,1396.5,q4-hgb-amplitude-and-condition-full-g4
380,381,8C403B8D7717E42567EC7C6DEC204FEFF87023B83D45B87EC0C983C53A2D929A,43324179AD666769A7961EB1D1BB6F4E5CF292AC6EB1DD01EAE63468E78EFEB3,50,99980,材料4,梯形波,0.097357368,0.19323692,11.6470304709,114490.811935,114490.8,q4-hgb-amplitude-and-condition-full-g4
381,382,8C403B8D7717E42567EC7C6DEC204FEFF87023B83D45B87EC0C983C53A2D929A,01461C4785E02949ED83C0E585A2B8B6174F99BB01BCB7BCAC31C6580A8A7358,50,112170,材料4,梯形波,0.024283926,0.048171316,8.01548588606,3031.17395939,3031.2,q4-hgb-amplitude-and-condition-full-g4
382,383,8C403B8D7717E42567EC7C6DEC204FEFF87023B83D45B87EC0C983C53A2D929A,CEA0420827EA0FF301A9E47E3CC77ADB667EC62D9F795D89557A8DC12C1274D7,50,125920,材料4,梯形波,0.034429094,0.068214619,9.23810694141,10294.1013341,10294.1,q4-hgb-amplitude-and-condition-full-g4
383,384,8C403B8D7717E42567EC7C6DEC204FEFF87023B83D45B87EC0C983C53A2D929A,3DF74FA2C53883FBB223C5CE0C5E058BB09BF5F4AEA269AE563BF03F4D96B7C2,70,199170,材料4,三角波,0.027827795,0.055391201,9.01957935815,8273.38273196,8273.4,q4-hgb-amplitude-and-condition-full-g4
384,385,8C403B8D7717E42567EC7C6DEC204FEFF87023B83D45B87EC0C983C53A2D929A,7B2AA74DB7581176CF134CFFD690C10DD09DE59B6073631C3CB66CBE1768B419,70,354610,材料4,三角波,0.096864434,0.19286984,13.2782237338,585044.456022,585044.5,q4-hgb-amplitude-and-condition-full-g4
385,386,8C403B8D7717E42567EC7C6DEC204FEFF87023B83D45B87EC0C983C53A2D929A,50760C868AC67E0B16BBB4549F39496B5CCB39937F0FB4524D1DDD6A55328642,70,354610,材料4,三角波,0.054624779,0.108860375,11.9490510862,154859.025465,154859,q4-hgb-amplitude-and-condition-full-g4
386,387,8C403B8D7717E42567EC7C6DEC204FEFF87023B83D45B87EC0C983C53A2D929A,680FF9142F82BAC15466883A3930DD96617C483ACF2EF9F7FF07E91F3ADB8EAF,70,396820,材料4,三角波,0.054876702,0.109327003,12.2217623539,203410.571793,203410.6,q4-hgb-amplitude-and-condition-full-g4
387,388,8C403B8D7717E42567EC7C6DEC204FEFF87023B83D45B87EC0C983C53A2D929A,B50F53B2B98F1F41852C89334F70ED9D9539B5C03832B62D70B484C8DC475731,70,56160,材料4,梯形波,0.043599006,0.086451505,8.3902641589,4409.35430512,4409.4,q4-hgb-amplitude-and-condition-full-g4
388,389,8C403B8D7717E42567EC7C6DEC204FEFF87023B83D45B87EC0C983C53A2D929A,8B68662D5D4740476708ACD8F436ACF5B35BDBE1BCD1B9E43F91910A192C0063,70,56160,材料4,梯形波,0.193395932,0.384565863,12.3242270223,225358.197697,225358.2,q4-hgb-amplitude-and-condition-full-g4
389,390,8C403B8D7717E42567EC7C6DEC204FEFF87023B83D45B87EC0C983C53A2D929A,32A096D8570C5758E34D379654D7D5D4F43244BF85D657AD252760DE16E7B58D,70,125930,材料4,梯形波,0.120763842,0.239305135,12.1985845907,198750.18701,198750.2,q4-hgb-amplitude-and-condition-full-g4
390,391,8C403B8D7717E42567EC7C6DEC204FEFF87023B83D45B87EC0C983C53A2D929A,973BABD67F46E273C93ADD516B093E3143D92F341CF03C2A1B1E5B3AE1100DDE,70,177900,材料4,梯形波,0.021805377,0.04318298,8.55202911695,5183.56591864,5183.6,q4-hgb-amplitude-and-condition-full-g4
391,392,8C403B8D7717E42567EC7C6DEC204FEFF87023B83D45B87EC0C983C53A2D929A,7F9BBD93CB332CEA95420D461269C2BB4FA9D78F2365CC1E99A49B07AE667761,70,177900,材料4,梯形波,0.038976169,0.077218513,10.0465571992,23104.3590441,23104.4,q4-hgb-amplitude-and-condition-full-g4
392,393,8C403B8D7717E42567EC7C6DEC204FEFF87023B83D45B87EC0C983C53A2D929A,CD6872447B4E2A0E7F2561926F343A41150290C5386FBC3542C9C2195543AD8C,90,354610,材料4,三角波,0.048804592,0.09724961,11.7148818359,122528.779819,122528.8,q4-hgb-amplitude-and-condition-full-g4
393,394,8C403B8D7717E42567EC7C6DEC204FEFF87023B83D45B87EC0C983C53A2D929A,943E089DB6A38F9D9CED8DE4CE39E1FF0BF63D604FCA038AB66D6D3C41BD2AC9,90,354610,材料4,三角波,0.061551313,0.122630458,12.2782631983,215234.321497,215234.3,q4-hgb-amplitude-and-condition-full-g4
394,395,8C403B8D7717E42567EC7C6DEC204FEFF87023B83D45B87EC0C983C53A2D929A,88391768797B447168A0B82A2F23FB83EFA31500D5E06528C3AC94DF2A9CCBF3,90,354610,材料4,梯形波,0.122829792,0.244703444,13.7701647189,956832.952273,956833,q4-hgb-amplitude-and-condition-full-g4
395,396,8C403B8D7717E42567EC7C6DEC204FEFF87023B83D45B87EC0C983C53A2D929A,4C7B07326FC4EEEFE4022A8A2326B7CB31D5B006E4A9203DCBA1FAB89235A1AD,90,396820,材料4,三角波,0.030997022,0.06171855,10.89464646,53952.8525217,53952.9,q4-hgb-amplitude-and-condition-full-g4
396,397,8C403B8D7717E42567EC7C6DEC204FEFF87023B83D45B87EC0C983C53A2D929A,98B5C2CD87A352DE1A162942C9B197896E5CD2C7DE43320996FC394C4EC24FE0,90,141270,材料4,梯形波,0.034539317,0.068492849,9.18532330494,9764.83247679,9764.8,q4-hgb-amplitude-and-condition-full-g4
397,398,8C403B8D7717E42567EC7C6DEC204FEFF87023B83D45B87EC0C983C53A2D929A,7C52BF31EDEB76563CDD3C7E89E8895272181A6105E477781140F5E29DB44ECF,90,141270,材料4,梯形波,0.053964057,0.106947015,10.3347449653,30821.3943044,30821.4,q4-hgb-amplitude-and-condition-full-g4
398,399,8C403B8D7717E42567EC7C6DEC204FEFF87023B83D45B87EC0C983C53A2D929A,C8A57A9780156259DF4F2E0B7ACE0F10B59E48110A550861BA3002AE03038C54,90,158750,材料4,梯形波,0.137639501,0.272772397,12.9267793073,411678.790707,411678.8,q4-hgb-amplitude-and-condition-full-g4
399,400,8C403B8D7717E42567EC7C6DEC204FEFF87023B83D45B87EC0C983C53A2D929A,43976E52DBEC225BCE2722F67675BAA4E56FBD702329992A80C5C02709178C22,90,177900,材料4,梯形波,0.137186106,0.27182239,13.1125188675,495705.981268,495706,q4-hgb-amplitude-and-condition-full-g4
400,401,8C403B8D7717E42567EC7C6DEC204FEFF87023B83D45B87EC0C983C53A2D929A,08FA438FA727CA090EA31E03318BFDDBE3DED5336A35F7D5B40D8C911E484016,90,199190,材料4,梯形波,0.010962487,0.02169404,7.24330375526,1400.41393255,1400.4,q4-hgb-amplitude-and-condition-full-g4
