row_id,source_file,source_sheet,source_excel_row,source_file_sha256,material,temperature_C,temperature_label,frequency_Hz,core_loss_W_per_m3,waveform,waveform_code,waveform_sha256,exact_record_sha256,log_frequency_Hz,b_mean_T,b_m_T,b_pp_T,b_half_pp_T,b_rms_T,b_crest_factor,b_std_T,b_q05_T,b_q25_T,b_median_T,b_q75_T,b_q95_T,diff_max_abs_T,diff_mean_abs_T,diff_q50_abs_T,diff_q90_abs_T,diff_q95_abs_T,total_variation_T,shape_std,shape_q05,shape_q25,shape_median,shape_q75,shape_q95,shape_skew,shape_kurtosis_excess,shape_crest_factor,shape_diff_max_abs,shape_diff_mean_abs,shape_diff_q50_abs,shape_diff_q90_abs,shape_diff_q95_abs,shape_total_variation,shape_positive_slope_ratio,shape_negative_slope_ratio,shape_plateau_ratio,shape_slope_sign_changes,shape_fft_harmonic_to_fundamental,shape_fft_h1_energy_ratio,shape_fft_h2_energy_ratio,shape_fft_h3_energy_ratio,shape_fft_h4_energy_ratio,shape_fft_h5_energy_ratio,shape_fft_h6_energy_ratio,shape_fft_h7_energy_ratio,shape_fft_h8_energy_ratio,shape_fft_h9_energy_ratio,shape_fft_h10_energy_ratio,log_b_m_T,log_b_pp_T,condition_group,energy_proxy_Hz_T,near_shape_group,near_shape_quantization,q1_outer_fold,regression_outer_fold,y_pred_oof,oof_model_id,y_pred_full,full_model_id,strict_oof_lineage_pass,duplicate_row_ids,frequency_quartile,b_m_quartile,q5_region_id,full_oof_log_gap,oof_absolute_log_residual,full_oof_gap_p90,oof_residual_p90,full_oof_gap_pass,oof_residual_pass,is_oof_pareto,is_full_fit_pareto,is_observed_loss_pareto,dual_pareto_pass,region_fold_support_pass,bootstrap_region_stability_pass,candidate_bootstrap_valid_repetitions,candidate_bootstrap_pareto_rate,observed_region_jaccard_pass,single_point_eligible
附件一（训练集）.xlsx|材料1|1047,附件一（训练集）.xlsx,材料1,1047,C16AEE712BC0AD480B5285F17FA7FA57A5E22A1901D4A6ADB0A1EB83ECFB7FFC,材料1,90,90,281860,25046.69085,正弦波,1,8004B5C1604707E5DC91F18B810CC6FF4930A7568991A8AB2B048C41989DA43B,0630A81BCA7D50AC8B020A95315371191D5AF2AEAECE8FF7EB3DC5BB1D038CD6,12.5491657727,5.56640601668e-11,0.03514157,0.070235489,0.0351177445,0.024854812874,1.41387385124,0.024854812874,-0.0347148803,-0.02486069925,2.50345e-05,0.02485116725,0.0346705891,0.000216714,0.000137178689453,0.0001527245,0.0002127585,0.0002147159,0.140470978,0.353878263367,-0.494264094262,-0.3539620733,0.000356435823148,0.353826356848,0.493633482702,-0.00145428827323,-1.50005526834,1.41387385348,0.00308553415212,0.001953125,0.00217446339699,0.00302921646918,0.00305708557109,2,0.4990234375,0.5009765625,0.03515625,2,3.35936309314e-06,0.999996623189,3.1030111858e-06,1.41073413962e-09,4.88496479517e-10,2.27297631474e-07,3.09121255839e-10,2.56918542389e-08,1.24176420655e-10,7.0765751829e-10,3.10891874751e-10,-3.34837051879,-2.65590155438,材料1|90|正弦波|54|-15,9905.0029202,near-shape-v1:0.02:DFDB1959BA35B91E145E9C74ACE614F3E0833549F5AD0D6C8831B0BB9FD8E2D4,0.02,4,3,23135.2586496,q4-hgb-amplitude_and_condition-fold-3,23400.3896502,q4-hgb-amplitude_and_condition-full,True,附件一（训练集）.xlsx|材料1|1047,3,1,材料1|正弦波|90|fq3|bq1,0.0113943819174,0.0793806162016,0.10683759986,0.123263615773,True,True,True,True,True,True,False,True,307,1,False,False
附件一（训练集）.xlsx|材料3|492,附件一（训练集）.xlsx,材料3,492,C16AEE712BC0AD480B5285F17FA7FA57A5E22A1901D4A6ADB0A1EB83ECFB7FFC,材料3,70,70,251170,1819.36,正弦波,1,A6BC475EDF100358D8B555BB58A2B8E1F5173D7C9233BACEDED2A274DDE3B824,07910A05DB68CB88323AEAD70163BC78BACFEC6B31E1EA21987C1C274CC78BDB,12.4338852797,2.92968750006e-08,0.01241,0.02482,0.01241,0.00878944706936,1.41192044301,0.00878944706932,-0.0122685,-0.0087875,0,0.0087825,0.0122685,8e-05,4.84765625e-05,5e-05,8e-05,8e-05,0.04964,0.354127601503,-0.494300132831,-0.354050334282,-1.1803736906e-06,0.353846523091,0.494297772084,-0.000211399581265,-1.50096646836,1.41192377621,0.00322320709106,0.001953125,0.00201450443191,0.00322320709106,0.00322320709106,2,0.4775390625,0.4775390625,0.044921875,2,9.66832873558e-07,0.999998917633,3.01512844579e-07,2.39437261185e-07,1.06576923332e-08,3.84339627846e-07,1.5203856869e-09,3.71325411112e-11,2.07571691216e-10,2.88019160455e-08,3.17395181922e-10,-4.38925267977,-3.69610549921,材料3|70|正弦波|53|-20,3117.0197,near-shape-v1:0.02:CD080414ECBB0D75784E6CB7D2F444F7D7096CB64839B956F3100D643DF2B70C,0.02,1,1,2024.21316583,q4-hgb-amplitude_and_condition-fold-1,1938.8539002,q4-hgb-amplitude_and_condition-full,True,附件一（训练集）.xlsx|材料3|492,2,0,材料3|正弦波|70|fq2|bq0,0.0430623010308,0.106640678369,0.0944761622685,0.110247248982,True,True,False,True,True,False,True,True,312,0.144230769231,False,False
附件一（训练集）.xlsx|材料2|2022,附件一（训练集）.xlsx,材料2,2022,C16AEE712BC0AD480B5285F17FA7FA57A5E22A1901D4A6ADB0A1EB83ECFB7FFC,材料2,90,90,251230,79398.74641,三角波,2,AA538163A1761A59DB12C825281235A9A88B1316022F65A8CFB1788EC9FD4337,07C89810C383552AEB8ECF8A77815008A3BDBC1D548D081CEC9E9BA97BD1F9D5,12.4341241332,-4.0039061476e-11,0.062229435,0.124061732,0.062030866,0.0361215985534,1.72277633029,0.0361215985534,-0.05618404485,-0.031284428,-4.48975e-05,0.031252923,0.0564030256,0.00032412,0.000242308070312,0.0002062375,0.0003055182,0.0003063571,0.248123464,0.291158264286,-0.452871678512,-0.252168234762,-0.000361896124108,0.251914289251,0.454636774215,0.00401841233269,-1.20051920006,1.7227763314,0.0026125703291,0.001953125,0.00166237804902,0.00246263045884,0.00246939241506,2,0.4033203125,0.5966796875,0.0009765625,2,0.0330297418718,0.967873578072,0.0223899858725,0.00474472327889,0.0037048838076,1.25059047214e-06,0.000754079912771,0.000135233275213,9.96861845224e-05,0.000138436772385,3.34753872136e-07,-2.77692715966,-2.08697599855,材料2|90|三角波|54|-13,15633.900955,near-shape-v1:0.02:8C6ED22BDE8ECA0222735F2905EB60A2A6C65595CFD878C3AF94B74A3E80C387,0.02,3,1,78525.53081,q4-hgb-amplitude_and_condition-fold-1,80049.088317,q4-hgb-amplitude_and_condition-full,True,附件一（训练集）.xlsx|材料2|2022,2,2,材料2|三角波|90|fq2|bq2,0.0192160029245,0.0110586346287,0.0878343505474,0.105646065075,True,True,False,False,True,False,True,False,296,0.381756756757,False,False
附件一（训练集）.xlsx|材料1|928,附件一（训练集）.xlsx,材料1,928,C16AEE712BC0AD480B5285F17FA7FA57A5E22A1901D4A6ADB0A1EB83ECFB7FFC,材料1,90,90,125860,2095.126964,正弦波,1,3A7002069B46FCD642E610AC38BC756DD9024558EE8165AE866BA3D34FF777A5,0969AA476D3A1BCB95F2ADF44957AB1EB237810EB9AA6F9B7479A1C4C4EA8CC0,11.7429254571,5.66406244823e-11,0.0276567,0.05529942,0.02764971,0.0195904761832,1.41174210067,0.0195904761832,-0.0273327307,-0.019591481,9.45e-06,0.01960259975,0.02731842165,0.000170142,0.000108006679687,0.000120264,0.0001682462,0.0001694405,0.11059884,0.354261874414,-0.49426794633,-0.354280045914,0.00017088684401,0.354481108362,0.494009188403,-0.00062651685289,-1.50194061562,1.41174210356,0.00307674113038,0.001953125,0.00217477868665,0.00304245867317,0.00306405564471,2,0.4990234375,0.5009765625,0.03515625,2,2.17076052226e-06,0.999997813552,9.6887346045e-07,9.54943062447e-07,1.67231305065e-08,1.80834246587e-07,1.27142138614e-09,1.34194716946e-08,2.49700123938e-09,3.15728762439e-08,6.21105454265e-10,-3.58788726572,-2.89499285875,材料1|90|正弦波|50|-16,3480.872262,near-shape-v1:0.02:0772F18291C4989EAA88ED3402D818638509981F6263E65507DF2840F304ECB6,0.02,3,4,2183.56527593,q4-hgb-amplitude_and_condition-fold-4,2192.62008445,q4-hgb-amplitude_and_condition-full,True,附件一（训练集）.xlsx|材料1|928,1,1,材料1|正弦波|90|fq1|bq1,0.00413633534662,0.0413255113165,0.10683759986,0.123263615773,True,True,False,False,True,False,True,True,319,0.1065830721,False,False
附件一（训练集）.xlsx|材料1|892,附件一（训练集）.xlsx,材料1,892,C16AEE712BC0AD480B5285F17FA7FA57A5E22A1901D4A6ADB0A1EB83ECFB7FFC,材料1,90,90,99950,2992.093566,正弦波,1,D3AF982FF937041CA9058DC9C1E9AABF5A961E5BFE09CC91F1279402F2013168,098F7AAC1F04FE499EDB5589AFFD833E65B78A174BB10DC78597A76F947E17A7,11.5124253399,5.85937201536e-12,0.039458264,0.078845394,0.039422697,0.027907829613,1.41387791696,0.027907829613,-0.03899206915,-0.02790487675,3.9708e-05,0.027920159,0.03892468455,0.000243221,0.000153994910156,0.000172011,0.0002388099,0.0002409716,0.157690788,0.353956372048,-0.494538325928,-0.353918920817,0.00050361843763,0.354112746195,0.493683683591,-0.00212557705917,-1.50006224116,1.41387791717,0.00308478387463,0.001953125,0.0021816239513,0.00302883767694,0.00305625462408,2,0.498046875,0.501953125,0.03515625,2,4.68467623916e-06,0.999995289821,4.3231410611e-06,2.30222928221e-09,3.00483220894e-09,3.22239701094e-07,8.38206504968e-10,3.00844036474e-08,2.503622071e-09,4.72255346653e-10,6.78622432615e-11,-3.23251177327,-2.54026638199,材料1|90|正弦波|49|-15,3943.8534868,near-shape-v1:0.02:0EA091FB6D7385244EC4E12F989A14195AF1574B183002DD694192F87693C5AB,0.02,3,1,3425.92023961,q4-hgb-amplitude_and_condition-fold-1,3102.7112423,q4-hgb-amplitude_and_condition-full,True,附件一（训练集）.xlsx|材料1|892,1,1,材料1|正弦波|90|fq1|bq1,0.0990633981231,0.135354478515,0.10683759986,0.123263615773,True,False,True,True,True,True,True,True,313,1,False,False
附件一（训练集）.xlsx|材料1|2895,附件一（训练集）.xlsx,材料1,2895,C16AEE712BC0AD480B5285F17FA7FA57A5E22A1901D4A6ADB0A1EB83ECFB7FFC,材料1,70,70,396820,1978770.733,三角波,2,3977F1E230B7D8B9B9058BD6AAFBA20CB3CC4568DC86531402C261990F505011,0A9DF9CF94203D7B0428A632DB1A7D30C966EDED3FBA39D0A5970F25675DAD19,12.8912380563,-9.76560846078e-13,0.17390845,0.346716404,0.173358202,0.10162468526,1.71128156073,0.10162468526,-0.15859549185,-0.0879647835,5.73685e-05,0.088037887,0.1582780033,0.000910478,0.000677180476563,0.000574022,0.0008680752,0.0008713733,0.693432808,0.293106077726,-0.457421368067,-0.253708167494,0.000165462321121,0.25391901273,0.456505667096,-0.00249903244525,-1.20322054217,1.71128156072,0.00262600208555,0.001953125,0.00165559515898,0.00250370386283,0.00251321624805,2,0.6015625,0.3984375,0.0009765625,2,0.0344885015239,0.966535709251,0.0242216674925,0.00423063046063,0.0038110180513,2.9104520621e-06,0.000691803312981,0.000169372881714,6.82482722053e-05,0.000138040112409,6.77245621553e-07,-1.74922626766,-1.05924811273,材料1|70|三角波|55|-8,69010.351129,near-shape-v1:0.02:89B17ECBBD02841ACF30689F5139FB7C6C97902B7413BB83A39AFF001BA0332C,0.02,4,2,2179216.94031,q4-hgb-amplitude_and_condition-fold-2,2103459.75504,q4-hgb-amplitude_and_condition-full,True,附件一（训练集）.xlsx|材料1|2895,3,3,材料1|三角波|70|fq3|bq3,0.0353821025671,0.096489754111,0.0995572085612,0.117891287822,True,True,True,True,True,True,True,True,314,1,False,False
附件一（训练集）.xlsx|材料1|2886,附件一（训练集）.xlsx,材料1,2886,C16AEE712BC0AD480B5285F17FA7FA57A5E22A1901D4A6ADB0A1EB83ECFB7FFC,材料1,70,70,396820,25903.96896,三角波,2,6A9C77BE61B873779BA5307A0CFBE6E4A15E7F172247C5B7A7AB29FECB24AB53,0AA99E2607C998D048D2B042F03BFED66EEBA905AED75AFCD7E0A51225ADCF26,12.8912380563,-7.81249934537e-12,0.025043526,0.049906635,0.0249533175,0.0145484855179,1.72138371167,0.0145484855179,-0.02272293595,-0.012572832,1.66e-05,0.01257996775,0.022659234,0.000133631,9.74738964844e-05,8.23785e-05,0.0001245467,0.00012519905,0.09981327,0.291514054553,-0.455308917185,-0.251927063249,0.000332621259929,0.252070045552,0.454032495034,-0.00387182587648,-1.20010117665,1.72138371113,0.00267761991968,0.001953125,0.00165065226297,0.00249559402272,0.00250866543096,2,0.6015625,0.3984375,0,2,0.0350557946105,0.965987673938,0.0246368911668,0.00421198742116,0.00389704134588,4.45300397194e-06,0.000711702221396,0.000182333534552,6.90887757425e-05,0.000148932456868,1.03556743999e-06,-3.68713992797,-2.99760131913,材料1|70|三角波|55|-17,9937.77198732,near-shape-v1:0.02:97C419089A0A12FDF264D9820AC3B511683041FA5CFAB928F54FB9E91639D089,0.02,2,3,30619.2501065,q4-hgb-amplitude_and_condition-fold-3,25046.2030778,q4-hgb-amplitude_and_condition-full,True,附件一（训练集）.xlsx|材料1|2886,3,0,材料1|三角波|70|fq3|bq0,0.200899390556,0.167226756231,0.0995572085612,0.117891287822,False,False,True,True,True,True,False,True,310,1,False,False
附件一（训练集）.xlsx|材料1|2878,附件一（训练集）.xlsx,材料1,2878,C16AEE712BC0AD480B5285F17FA7FA57A5E22A1901D4A6ADB0A1EB83ECFB7FFC,材料1,70,70,396820,518693.4246,三角波,2,2FC2E3945BAFD69D0E332EE6E586D303F26790B9703727114471163BC143A131,0E0039E5B0ABFFB92CCC7C895205876E563B1696226FFFA6E3670B9BFAAEDF96,12.8912380563,7.42187526714e-11,0.097756217,0.19500233,0.097501165,0.0570782611615,1.71266985032,0.0570782611615,-0.0889407165,-0.04937796925,-3.92e-05,0.04941142025,0.08900001675,0.00051045,0.000380863925781,0.0003214,0.0004882507,0.00048941055,0.39000466,0.292705534141,-0.456100789022,-0.253217329886,-0.00020102361966,0.253388870665,0.456404888474,0.00186972844428,-1.20319809707,1.71266984902,0.00261766103,0.001953125,0.0016481854345,0.00250381982615,0.0025097677038,2,0.3984375,0.6015625,0.0009765625,2,0.0348470683428,0.966196488279,0.0246221047905,0.00411931289475,0.00384731647321,5.5102089765e-06,0.000688065809608,0.000179888304248,6.3760447858e-05,0.000141965701808,1.19042864954e-06,-2.32527848112,-1.63474377177,材料1|70|三角波|55|-11,38791.6220299,near-shape-v1:0.02:3C03F274D569F93086DDCD32B0E345ADFFA4922B7C787D9FB2AF0D3F25B2F725,0.02,1,3,546404.441744,q4-hgb-amplitude_and_condition-fold-3,536497.077908,q4-hgb-amplitude_and_condition-full,True,附件一（训练集）.xlsx|材料1|2878,3,2,材料1|三角波|70|fq3|bq2,0.0182982880611,0.0520463349704,0.0995572085612,0.117891287822,True,True,False,True,True,False,False,True,325,0,False,False
附件一（训练集）.xlsx|材料2|205,附件一（训练集）.xlsx,材料2,205,C16AEE712BC0AD480B5285F17FA7FA57A5E22A1901D4A6ADB0A1EB83ECFB7FFC,材料2,70,70,99950,466.5996296,正弦波,1,03CF3AFDE8D77B95A3ABCEF891AACC1F9A381AF6A42452288C3403352A955CCD,111EA52DE883F328E1D31D340B63713D3464EB1BB51C022605D137D2A2D20B45,11.5124253399,4.39453117992e-11,0.015647061,0.031288541,0.0156442705,0.0110777224498,1.41247996336,0.0110777224498,-0.0154657671,-0.011085931,1.1695e-05,0.011071138,0.0154590655,9.67e-05,6.11104316406e-05,6.8115e-05,9.46321e-05,9.53663e-05,0.062577082,0.354050463708,-0.494294928739,-0.35431281516,0.000373777609339,0.353840019452,0.49408073889,-0.00107034339668,-1.5002027231,1.41247996733,0.00309058834031,0.001953125,0.00217699508584,0.00302449705149,0.00304796251126,2,0.498046875,0.501953125,0.0361328125,2,1.80253157542e-06,0.999998167758,1.11772219054e-06,4.10436641439e-08,6.48931721288e-08,5.37962952414e-07,7.21085773061e-09,6.72268752688e-09,9.56330379507e-09,1.10779672007e-08,6.33147726705e-09,-4.15747217516,-3.4645033507,材料2|70|正弦波|49|-19,1563.92374695,near-shape-v1:0.02:4D7005B87275B620047B619626548FCA4C82A6333B2AB2226C1A7947CB20D068,0.02,1,0,641.939183618,q4-hgb-amplitude_and_condition-fold-0,534.978486238,q4-hgb-amplitude_and_condition-full,True,附件一（训练集）.xlsx|材料2|205,1,0,材料2|正弦波|70|fq1|bq0,0.181956114872,0.318437700054,0.104291900272,0.124780990562,False,False,True,True,True,True,True,True,329,1,False,False
附件一（训练集）.xlsx|材料1|1005,附件一（训练集）.xlsx,材料1,1005,C16AEE712BC0AD480B5285F17FA7FA57A5E22A1901D4A6ADB0A1EB83ECFB7FFC,材料1,90,90,199500,142631.1487,正弦波,1,B6A9EF36A497E0D1D011C73C92D745ACFCF21600B5160FB48A127B8ED48FB091,14B98CA5027465786A2263C72DED4A58A10BEC279047964EF9DD213CE4E4E3D0,12.2035695153,5.85936854591e-12,0.098941113,0.197501498,0.098750749,0.0698868589854,1.41573272052,0.0698868589854,-0.09775498085,-0.069832395,0.0001939455,0.0698505825,0.0974030683,0.000610609,0.000385745113281,0.000430108,0.000597781,0.00060310485,0.395002996,0.353854829928,-0.49495817422,-0.353579065035,0.000981995053732,0.353671152885,0.49317635198,-0.00401100215568,-1.49981557676,1.4157327206,0.00309166768953,0.001953125,0.00217774550753,0.00302671628344,0.00305367228151,2,0.498046875,0.501953125,0.0341796875,2,1.76256116189e-05,0.999982356874,1.72945398345e-05,1.07602614818e-08,7.29220163494e-09,2.8773489857e-07,4.02797029684e-10,2.11192101376e-08,1.48997549926e-09,1.30298117849e-09,6.58487963482e-10,-2.313230424,-1.62200910986,材料1|90|正弦波|52|-11,19738.7520435,near-shape-v1:0.02:7A7E43FA9CB50F6274FB5BC2F527C3F2B4A58248099E60724DA48243352C2A3B,0.02,0,1,153817.692249,q4-hgb-amplitude_and_condition-fold-1,144468.966157,q4-hgb-amplitude_and_condition-full,True,附件一（训练集）.xlsx|材料1|1005,2,2,材料1|正弦波|90|fq2|bq2,0.0627029464809,0.075505656491,0.10683759986,0.123263615773,True,True,False,True,True,False,True,True,306,0.356209150327,False,False
附件一（训练集）.xlsx|材料1|2627,附件一（训练集）.xlsx,材料1,2627,C16AEE712BC0AD480B5285F17FA7FA57A5E22A1901D4A6ADB0A1EB83ECFB7FFC,材料1,50,50,396820,339581.1328,三角波,2,671A36B9374FC5373208D9001DBFABEC6CBB3CC5AD11E10796A933EE265E5A62,156E9B5ACD2CCAACE5AEE3385DF8E2D0B811777DC940540B15F8DA433461558F,12.8912380563,4.78515612551e-11,0.077653813,0.154958923,0.0774794615,0.0453496116919,1.71233688896,0.0453496116919,-0.07069084515,-0.0392776455,2.175e-05,0.039252577,0.07062281435,0.000406315,0.000302654146484,0.0002555295,0.0003873556,0.0003881077,0.309917846,0.292655697484,-0.456190865484,-0.253471338,0.000140359468996,0.253309562252,0.455751840132,-0.00124426072029,-1.20309756283,1.71233689001,0.00262208198233,0.001953125,0.00164901442946,0.00249973084803,0.00250458439234,2,0.6015625,0.3984375,0.001953125,2,0.0345888818566,0.966436314665,0.0243267319255,0.00419425674067,0.00382470901502,3.79088561122e-06,0.000694440659951,0.000173676168794,6.74551729063e-05,0.00014200061816,8.90323257746e-07,-2.55549462563,-1.86459521009,材料1|50|三角波|55|-12,30814.5860747,near-shape-v1:0.02:8188412DB8D04F2BAA79712BE2708235391769123590D6C5528ABFA255EF7212,0.02,4,1,342245.894594,q4-hgb-amplitude_and_condition-fold-1,333487.872315,q4-hgb-amplitude_and_condition-full,True,附件一（训练集）.xlsx|材料1|2627,3,2,材料1|三角波|50|fq3|bq2,0.0259228921984,0.00781655005774,0.0995572085612,0.117891287822,True,True,True,True,True,True,False,True,308,1,False,False
附件一（训练集）.xlsx|材料1|1033,附件一（训练集）.xlsx,材料1,1033,C16AEE712BC0AD480B5285F17FA7FA57A5E22A1901D4A6ADB0A1EB83ECFB7FFC,材料1,90,90,251170,31919.17006,正弦波,1,BA37414FA0CEAAEE42A924A9B5E9F8A38D18CD4570D0820B99C034426EDAD216,15ED40CF3C707385478D908A2E31DC2D9003256C292A8EC4DD6472047F1742B0,12.4338852797,-6.34765642826e-11,0.044351105,0.08863073,0.044315365,0.0313581009135,1.41434282396,0.0313581009135,-0.04381920285,-0.03131451675,3.48e-05,0.0313219685,0.04375101645,0.000273271,0.000173106894531,0.000193071,0.0002686366,0.00027065705,0.17726146,0.353806190173,-0.494401916655,-0.353314439433,0.000392641056624,0.353398517235,0.493632586728,-0.0016565843876,-1.50013037521,1.41434282193,0.00308325340432,0.001953125,0.00217837537838,0.00303096454243,0.00305376081185,2,0.498046875,0.501953125,0.0341796875,2,4.40017328903e-06,0.999995591828,4.29784917302e-06,5.24273714541e-09,3.97851965567e-10,5.04566679913e-08,2.59977875092e-10,4.27205227062e-08,4.47455390118e-11,3.16691003212e-09,1.53060362937e-11,-3.11561765509,-2.42327664178,材料1|90|正弦波|53|-14,11139.6670429,near-shape-v1:0.02:FCCD107ACBACE32E7A36279D623681DE9ACE964EC2895F6941D28671223B0908,0.02,1,4,31632.1878551,q4-hgb-amplitude_and_condition-fold-4,31334.9374092,q4-hgb-amplitude_and_condition-full,True,附件一（训练集）.xlsx|材料1|1033,2,1,材料1|正弦波|90|fq2|bq1,0.00944121909398,0.00903128221487,0.10683759986,0.123263615773,True,True,True,True,True,True,True,True,317,1,False,False
附件一（训练集）.xlsx|材料1|3148,附件一（训练集）.xlsx,材料1,3148,C16AEE712BC0AD480B5285F17FA7FA57A5E22A1901D4A6ADB0A1EB83ECFB7FFC,材料1,90,90,396820,497055.7207,三角波,2,9AAA02671BFF2CCF42C941827F6FEC9861D83ADAF0E6BA0485D2F205A5BDBCC1,16620BBB00089C29748DF78877DDE5AEC132F5842B91CA9F6BEB5EA8062143F3,12.8912380563,1.2695310081e-11,0.097666222,0.194767369,0.0973836845,0.0570073519483,1.71322151726,0.0570073519483,-0.0888398886,-0.04932601,-4.61e-05,0.049345921,0.088881516,0.000510085,0.000380405017578,0.000321004,0.0004875168,0.00048876795,0.389534738,0.292694573228,-0.456133330079,-0.253256026746,-0.00023669269104,0.253358256266,0.456347058769,0.00200080628689,-1.20308584252,1.71322151704,0.00261894486032,0.001953125,0.00164814055685,0.00250307226772,0.00250949608504,2,0.3984375,0.6015625,0.0009765625,2,0.0348621134485,0.966182159775,0.0246321659658,0.00412304418267,0.00384818637443,5.42168523889e-06,0.00068676661103,0.000180008439033,6.38761752676e-05,0.000142503677049,1.17895546245e-06,-2.32619951154,-1.63594941207,材料1|90|三角波|55|-11,38755.910214,near-shape-v1:0.02:3C03F274D569F93086DDCD32B0E345ADFFA4922B7C787D9FB2AF0D3F25B2F725,0.02,1,1,498401.92157,q4-hgb-amplitude_and_condition-fold-1,513767.422958,q4-hgb-amplitude_and_condition-full,True,附件一（训练集）.xlsx|材料1|3148,3,2,材料1|三角波|90|fq3|bq2,0.0303637955856,0.00270468361246,0.0995572085612,0.117891287822,True,True,True,True,True,True,False,True,306,1,False,False
附件一（训练集）.xlsx|材料1|1018,附件一（训练集）.xlsx,材料1,1018,C16AEE712BC0AD480B5285F17FA7FA57A5E22A1901D4A6ADB0A1EB83ECFB7FFC,材料1,90,90,223850,24046.93982,正弦波,1,5D46957FB3B30E4D76A33C05A7640B81647C101E2DC4AA3B5ECD4DA9BADF8546,190265483E9BACF555C5D553E428A7021A3FD892649565430EBF6B70BAF5B222,12.3187314637,-4.00390640781e-11,0.044228159,0.088379126,0.044189563,0.0312731148741,1.41425499756,0.0312731148741,-0.0436965688,-0.03126329325,3.695e-05,0.031239502,0.0436267305,0.000272271,0.000172615480469,0.0001923415,0.0002677106,0.000270058,0.176758252,0.35385182327,-0.4944218249,-0.35374069223,0.000418085601334,0.353471497784,0.493631613194,-0.00172690734669,-1.49994792136,1.41425499628,0.00308071614105,0.001953125,0.00217632272127,0.00302911572128,0.00305567629171,2,0.4990234375,0.5009765625,0.03515625,2,3.65801328878e-06,0.999996325866,3.40609043622e-06,5.26076314217e-10,1.07470949441e-09,2.25945821937e-07,2.86256533111e-10,2.15489749518e-08,2.99649662447e-10,1.82694754113e-09,4.00976094649e-10,-3.1183936113,-2.42611946844,材料1|90|正弦波|53|-14,9900.47339215,near-shape-v1:0.02:FFF342F2475B8DA2670FCC5E1FCE59E9238907C5942EB272E1E1181B4CA5944F,0.02,2,4,23186.276844,q4-hgb-amplitude_and_condition-fold-4,24044.9036749,q4-hgb-amplitude_and_condition-full,True,附件一（训练集）.xlsx|材料1|1018,2,1,材料1|正弦波|90|fq2|bq1,0.0363609403339,0.0364456141696,0.10683759986,0.123263615773,True,True,False,False,True,False,True,True,317,0.381703470032,False,False
附件一（训练集）.xlsx|材料1|2881,附件一（训练集）.xlsx,材料1,2881,C16AEE712BC0AD480B5285F17FA7FA57A5E22A1901D4A6ADB0A1EB83ECFB7FFC,材料1,70,70,396820,1502890.835,三角波,2,B01410140B43E4B79692C968E2F32A53489F1165B98CFFD6381D833A75993738,199F0E13AA8DF2206BF49F01649E014A4A8DC092FBF78176FDA3B9FCEB69E43C,12.8912380563,-1.95312169216e-12,0.154429609,0.307803277,0.1539016385,0.0901664600867,1.71271677796,0.0901664600867,-0.1404281429,-0.07812293625,-0.000104188,0.07806235225,0.14071426645,0.000811691,0.000601178275391,0.0005087285,0.0007723438,0.0007755889,0.615606554,0.292935348075,-0.456226926064,-0.253808006885,-0.00033848891754,0.253611179883,0.457156492366,0.00248070296747,-1.20293087668,1.71271677798,0.00263704469917,0.001953125,0.00165277155253,0.00250921240192,0.00251975517467,2,0.3974609375,0.6025390625,0.0009765625,2,0.0349472321622,0.966105891627,0.0247154967463,0.00412107313922,0.00384805920471,6.14211236859e-06,0.000687922871159,0.00017885832012,6.27633407707e-05,0.000141155958993,1.25519430954e-06,-1.86801689164,-1.17829441111,材料1|70|三角波|55|-9,61280.7574434,near-shape-v1:0.02:3C03F274D569F93086DDCD32B0E345ADFFA4922B7C787D9FB2AF0D3F25B2F725,0.02,1,1,1613352.37574,q4-hgb-amplitude_and_condition-fold-1,1505713.70381,q4-hgb-amplitude_and_condition-full,True,附件一（训练集）.xlsx|材料1|2881,3,3,材料1|三角波|70|fq3|bq3,0.0690471832321,0.0709237128493,0.0995572085612,0.117891287822,True,True,False,True,True,False,True,True,308,0,False,False
附件一（训练集）.xlsx|材料1|1051,附件一（训练集）.xlsx,材料1,1051,C16AEE712BC0AD480B5285F17FA7FA57A5E22A1901D4A6ADB0A1EB83ECFB7FFC,材料1,90,90,281860,72754.56115,正弦波,1,E0914C4E4C27C2967447DFA944FC850B82EDC7E3739CD95FA942B4A9D1F01F61,1F9EC5CDCBF57701CFBFB5A55072689D6D499F91A73EC24E71A1F7AA3BCCD1B2,12.5491657727,-4.58984343588e-11,0.055405954,0.110688293,0.0553441465,0.0392105868925,1.41303557001,0.0392105868925,-0.05474729425,-0.0392171895,6.285e-05,0.039213229,0.05463142225,0.000343212,0.000216188072266,0.000240275,0.0003364981,0.00033934455,0.221376586,0.354243306404,-0.494607810097,-0.354302956448,0.000567811140591,0.354267176619,0.493560979352,-0.00231973708673,-1.50211292865,1.41303556884,0.0031007073169,0.001953125,0.00217073543631,0.00304005139911,0.00306576730748,2,0.4970703125,0.5029296875,0.03515625,2,1.0027265257e-05,0.999989949858,8.76327726741e-06,1.15258616673e-06,4.63220097332e-10,6.91543609815e-08,7.18676287589e-11,2.6867068077e-08,3.59319274044e-10,1.43565662602e-08,2.86450973733e-11,-2.89306821808,-2.20103719915,材料1|90|正弦波|54|-13,15616.7221944,near-shape-v1:0.02:4D7005B87275B620047B619626548FCA4C82A6333B2AB2226C1A7947CB20D068,0.02,1,4,77362.5702539,q4-hgb-amplitude_and_condition-fold-4,73880.6958509,q4-hgb-amplitude_and_condition-full,True,附件一（训练集）.xlsx|材料1|1051,3,2,材料1|正弦波|90|fq3|bq2,0.0460508920476,0.0614106561877,0.10683759986,0.123263615773,True,True,False,True,True,False,True,True,305,0.377049180328,False,False
附件一（训练集）.xlsx|材料1|965,附件一（训练集）.xlsx,材料1,965,C16AEE712BC0AD480B5285F17FA7FA57A5E22A1901D4A6ADB0A1EB83ECFB7FFC,材料1,90,90,158500,13899.54076,正弦波,1,8FD7812293819472646158E843E158EE1EB7AAAC0568F249D32FB0CB3E650F16,231951A41260AD016D40951147BF3EE64AE0254567D23A9F1369AB71FF45C818,11.9735098723,1.17187509696e-11,0.049450607,0.098803375,0.0494016875,0.035010390423,1.41245517124,0.035010390423,-0.0488715785,-0.035057191,4.8267e-05,0.03503372975,0.0487794774,0.000306098,0.000192975341797,0.0002147495,0.0003002444,0.00030308435,0.19760675,0.354344074006,-0.494634707688,-0.354817747994,0.0004885155824,0.354580293824,0.493702541925,-0.00209342183161,-1.50238876669,1.41245517157,0.00309805206553,0.001953125,0.00217350368851,0.00303880712577,0.00306755057709,2,0.498046875,0.501953125,0.0361328125,2,5.16500309635e-06,0.999994811356,3.54701569996e-06,1.44969629462e-06,2.8719769466e-09,1.11580854057e-07,1.41671651707e-10,3.20739823429e-08,6.75552064032e-10,2.08249433814e-08,9.53219674041e-11,-3.00678094596,-2.31462351489,材料1|90|正弦波|52|-14,7837.9212095,near-shape-v1:0.02:996AD645FCB83C71A309B1ECB8CE49B439ABE23826125FF526451F78DE70947B,0.02,2,2,13658.3029742,q4-hgb-amplitude_and_condition-fold-2,14148.890016,q4-hgb-amplitude_and_condition-full,True,附件一（训练集）.xlsx|材料1|965,1,1,材料1|正弦波|90|fq1|bq1,0.0352860252764,0.0175069169152,0.10683759986,0.123263615773,True,True,True,True,True,True,True,True,292,1,False,False
附件一（训练集）.xlsx|材料1|929,附件一（训练集）.xlsx,材料1,929,C16AEE712BC0AD480B5285F17FA7FA57A5E22A1901D4A6ADB0A1EB83ECFB7FFC,材料1,90,90,125860,2780.980435,正弦波,1,AD3DBC7710447A8A024962AE0E893D3F89856F4722C0A4A10C939A04C5345B6E,26B12198F881B148926172C4CB92DAE1DA30D0D0DB3BB534B17F6EF46794AA07,11.7429254571,-3.12500008509e-11,0.031262963,0.062512481,0.0312562405,0.0221230235568,1.41314151385,0.0221230235568,-0.03088807285,-0.022131614,7.35e-06,0.022107576,0.0308769642,0.000192733,0.000122094689453,0.000136043,0.0001892393,0.00019096245,0.125024962,0.353897704953,-0.494110493211,-0.354035124102,0.000117577020339,0.353650593891,0.493932791297,-0.000519266985275,-1.4999693503,1.41314151244,0.0030831123148,0.001953125,0.0021762534109,0.00302722427542,0.00305478917082,2,0.498046875,0.501953125,0.03515625,2,2.16969604779e-06,0.999997808487,1.83947407141e-06,1.53853628323e-10,1.83434211553e-09,2.93730109346e-07,3.50054547982e-09,2.80802895633e-08,1.96016987449e-09,7.94023086856e-10,1.63888364086e-10,-3.46532117281,-2.77238904618,材料1|90|正弦波|50|-16,3934.75652318,near-shape-v1:0.02:DFDB1959BA35B91E145E9C74ACE614F3E0833549F5AD0D6C8831B0BB9FD8E2D4,0.02,4,4,2827.0874601,q4-hgb-amplitude_and_condition-fold-4,2766.15120762,q4-hgb-amplitude_and_condition-full,True,附件一（训练集）.xlsx|材料1|929,1,1,材料1|正弦波|90|fq1|bq1,0.0217823279569,0.016437613275,0.10683759986,0.123263615773,True,True,False,False,True,False,True,True,319,0.344827586207,False,False
附件一（训练集）.xlsx|材料1|2866,附件一（训练集）.xlsx,材料1,2866,C16AEE712BC0AD480B5285F17FA7FA57A5E22A1901D4A6ADB0A1EB83ECFB7FFC,材料1,70,70,354610,707859.959,三角波,2,0A89544BE626933AF8941FC250701B91EE91E254A2CABA75F1017DF32273971C,2C161EB658CB334C6A20650D69F031DCCBF81B6F0269A83D5176D7A6A74D9B5B,12.778773873,9.76564315525e-13,0.122865157,0.245067589,0.1225337945,0.0716657052396,1.71442053894,0.0716657052396,-0.11156375265,-0.06205434175,-3.2579e-05,0.06200765525,0.11171913685,0.00064162,0.000478647634766,0.000403847,0.0006123536,0.00061392915,0.490135178,0.292432408267,-0.455236667999,-0.253213172759,-0.000132938839891,0.253022668163,0.455870714299,0.00194304989791,-1.20252627177,1.71442053892,0.00261813486891,0.001953125,0.00164790049002,0.00249871312032,0.00250514216305,2,0.3984375,0.6015625,0.001953125,2,0.0347158848048,0.966314212595,0.0244292605754,0.00418491153452,0.00384186643097,4.17130161063e-06,0.000695581596889,0.000177826199835,6.75200101345e-05,0.00014435606427,9.59176051935e-07,-2.09666780952,-1.40622123301,材料1|70|三角波|55|-10,43569.2133238,near-shape-v1:0.02:516BDE16A57D5E4FCA0A9F4456765D4F32E3A112E29E1B49B8ACADC3BE751D93,0.02,2,4,735361.884624,q4-hgb-amplitude_and_condition-fold-4,740210.411587,q4-hgb-amplitude_and_condition-full,True,附件一（训练集）.xlsx|材料1|2866,3,3,材料1|三角波|70|fq3|bq3,0.0065717387802,0.0381164091355,0.0995572085612,0.117891287822,True,True,True,True,True,True,True,True,309,1,False,False
附件一（训练集）.xlsx|材料1|690,附件一（训练集）.xlsx,材料1,690,C16AEE712BC0AD480B5285F17FA7FA57A5E22A1901D4A6ADB0A1EB83ECFB7FFC,材料1,70,70,158500,11710.85379,正弦波,1,321F1171520118D1CDCBBFC28B0C05D5932F169DCE9DE389DFE65C4C1EA10F8C,2D7F21D42C0FDC04A711663584DEA1096C75F223DC660980A80E4AE0E3F86D6C,11.9735098723,5.85937479092e-11,0.043933169,0.087791518,0.043895759,0.0311094204309,1.41221431937,0.0311094204309,-0.0434219874,-0.0311437175,3.4437e-05,0.031125484,0.0433480713,0.000271336,0.000171467808594,0.00019054,0.0002669065,0.0002693055,0.175583036,0.354355650063,-0.494603447438,-0.354746315682,0.000392258183829,0.35453862344,0.493761495745,-0.00174009609663,-1.50228501925,1.41221432126,0.00309068582229,0.001953125,0.00217036912381,0.00304023106196,0.00306755716424,2,0.498046875,0.501953125,0.0361328125,2,4.43964562258e-06,0.999995543229,2.87966567211e-06,1.32727394799e-06,2.46144988777e-09,1.61232958662e-07,2.132607824e-10,3.13224166329e-08,4.79438819941e-10,3.6492077923e-08,4.84613285452e-10,-3.1250856861,-2.43279038893,材料1|70|正弦波|52|-14,6963.4072865,near-shape-v1:0.02:22AFF715BA6FF0793192C92D28FD57DEED36CB412EBC0B9D630A4C6F51964056,0.02,4,2,11387.9197413,q4-hgb-amplitude_and_condition-fold-2,11944.5241204,q4-hgb-amplitude_and_condition-full,True,附件一（训练集）.xlsx|材料1|690,1,1,材料1|正弦波|70|fq1|bq1,0.047715727391,0.0279605431329,0.10683759986,0.123263615773,True,True,True,True,True,True,True,True,289,1,False,False
附件一（训练集）.xlsx|材料1|941,附件一（训练集）.xlsx,材料1,941,C16AEE712BC0AD480B5285F17FA7FA57A5E22A1901D4A6ADB0A1EB83ECFB7FFC,材料1,90,90,141270,763.220977,正弦波,1,6BEEF22A4E90F12F4CCBA6A387B0FC276B0870C48085D0CDAD03F593886DCB06,2EBC6DA6DBC23A04DE14E1DC88D456DFF7142752971CE397E5DE7CC01A1182A4,11.8584282319,-6.93359380327e-11,0.016028874,0.032049877,0.0160249385,0.0113418095169,1.41325544006,0.0113418095169,-0.0158367692,-0.01133044625,2.9e-06,0.01133292425,0.01582898155,9.8677e-05,6.25974160156e-05,6.9902e-05,9.71911e-05,9.819305e-05,0.064099754,0.353879970177,-0.4941288583,-0.353525418543,9.0486129976e-05,0.353602739859,0.493885877295,-0.000414099571691,-1.50047937234,1.41325543395,0.00307885736972,0.001953125,0.00218103801147,0.00303249525731,0.00306375746777,2,0.4990234375,0.5009765625,0.033203125,2,6.35314798257e-07,0.99999935656,4.52148027535e-07,8.02379658198e-08,5.67586566362e-10,5.14298729777e-08,2.01241757397e-10,4.71563187213e-08,1.48469379813e-10,3.40463859649e-09,2.02681167741e-11,-4.13336355812,-3.44046193338,材料1|90|正弦波|51|-18,2264.39902998,near-shape-v1:0.02:D0D4633164DAECCA5A4320E9F5467F8DC22F6D34B9EB0B17FC10B93B028376AE,0.02,3,3,899.608881293,q4-hgb-amplitude_and_condition-fold-3,797.338176392,q4-hgb-amplitude_and_condition-full,True,附件一（训练集）.xlsx|材料1|941,1,0,材料1|正弦波|90|fq1|bq0,0.120538781728,0.164214085091,0.10683759986,0.123263615773,False,False,False,False,True,False,True,True,316,0.145569620253,False,False
附件一（训练集）.xlsx|材料2|900,附件一（训练集）.xlsx,材料2,900,C16AEE712BC0AD480B5285F17FA7FA57A5E22A1901D4A6ADB0A1EB83ECFB7FFC,材料2,70,70,199500,860.95,正弦波,1,146D18E790604F559CAB5A6E25EB15380C49E08053C549399BFC904BC3351697,2F3BEF09F57D6DE54ADC68D1139345FDDE43A2EA5D2CA10DC871C1EF9B6564C8,12.2035695153,-3.90625e-08,0.01179,0.02357,0.011785,0.00833733303103,1.41412127309,0.00833733303094,-0.0116485,-0.0083375,1e-05,0.00834,0.01163,8e-05,4.603515625e-05,5e-05,7e-05,7e-05,0.04714,0.353726475644,-0.494207082626,-0.353731902312,0.000425925434875,0.353841283941,0.493425501167,-0.00100332797496,-1.50060677647,1.41411658785,0.0033941450997,0.001953125,0.00212134068731,0.00296987696224,0.00296987696224,2,0.4775390625,0.478515625,0.0439453125,2,6.69369056477e-07,0.999999201625,5.4002533761e-07,9.37994121075e-08,2.26491384143e-09,1.78421678093e-08,8.70749596097e-10,5.44933380331e-09,9.68214623105e-10,7.6239321382e-09,5.24460541104e-10,-4.44050356443,-3.74778056203,材料2|70|正弦波|52|-20,2352.105,near-shape-v1:0.02:59A63670DADAEA82CBFF30933DD39B3A4C472B12073DC1A969520A90EE9ABF34,0.02,3,3,1062.13066184,q4-hgb-amplitude_and_condition-fold-3,925.352947308,q4-hgb-amplitude_and_condition-full,True,附件一（训练集）.xlsx|材料2|900,2,0,材料2|正弦波|70|fq2|bq0,0.137717974167,0.209776024453,0.104291900272,0.124780990562,False,False,False,False,True,False,False,False,319,0,False,False
附件一（训练集）.xlsx|材料1|650,附件一（训练集）.xlsx,材料1,650,C16AEE712BC0AD480B5285F17FA7FA57A5E22A1901D4A6ADB0A1EB83ECFB7FFC,材料1,70,70,125850,727.9912483,正弦波,1,319B593DE50DA3760AA91539513A2F6F7D3ED0D71394DAD77FD3B88F5E6B91C3,31A4EB8211B1257AE4F9CCABB7B7BEDD9EECE22441F9D826B56049C0CC33C1B9,11.7428460006,-4.10156249242e-11,0.017729536,0.03545601,0.017728005,0.0125457415382,1.41319155555,0.0125457415382,-0.0175144631,-0.0125481055,2.6e-06,0.0125314585,0.0175166331,0.000109107,6.92500195313e-05,7.72005e-05,0.0001075359,0.0001084593,0.07091202,0.353839632216,-0.493977270962,-0.353906304149,7.33314610309e-05,0.353436795088,0.494038475875,-0.000268598465884,-1.50024295129,1.41319155228,0.00307724980899,0.001953125,0.00217736005828,0.00303293856246,0.00305898210205,2,0.5,0.5,0.0341796875,2,9.11899428089e-07,0.999999077413,7.84093500024e-07,2.08694295505e-08,2.92908688393e-09,5.40070436147e-08,8.49468588311e-10,4.61081907394e-08,2.44189389048e-11,2.97001449366e-09,4.7433948955e-11,-4.03252332957,-3.33946250582,材料1|70|正弦波|50|-18,2231.2621056,near-shape-v1:0.02:FFF342F2475B8DA2670FCC5E1FCE59E9238907C5942EB272E1E1181B4CA5944F,0.02,2,4,815.841740591,q4-hgb-amplitude_and_condition-fold-4,776.936469135,q4-hgb-amplitude_and_condition-full,True,附件一（训练集）.xlsx|材料1|650,1,0,材料1|正弦波|70|fq1|bq0,0.0488005064947,0.113783641268,0.10683759986,0.123263615773,True,True,False,False,True,False,True,True,292,0.417808219178,False,False
附件一（训练集）.xlsx|材料2|1787,附件一（训练集）.xlsx,材料2,1787,C16AEE712BC0AD480B5285F17FA7FA57A5E22A1901D4A6ADB0A1EB83ECFB7FFC,材料2,70,70,199170,9168.407971,三角波,2,420CFC6A316A7EF2F39312D9EDEE7E61906B75D282D3D6E1B826365C6CDBAD00,323AE86364F2399AF3EDF4DFCBC93591F53251CE0B02A2CB9D6A1ADC3CAC6990,12.2019140104,3.90625001963e-11,0.031426575,0.062611287,0.0313056435,0.0181855420467,1.72810768683,0.0181855420467,-0.02827503905,-0.0157440255,-5.025e-05,0.0157153685,0.0284222878,0.000167348,0.000122287669922,0.0001040425,0.0001557774,0.00015653455,0.125222574,0.290451497135,-0.451596516281,-0.251456666896,-0.000802571572479,0.250998968619,0.45394830745,0.00567661545032,-1.19807086363,1.72810768468,0.002672808818,0.001953125,0.00166172115261,0.00248800827237,0.00250010113991,2,0.3984375,0.6015625,0.001953125,2,0.0346275708484,0.966371297196,0.0240148461053,0.00442876635484,0.00387579314115,1.11021639891e-06,0.000739892769416,0.000169889827916,8.0872499687e-05,0.000151676870175,2.42774603818e-07,-3.46010140643,-2.77080971361,材料2|70|三角波|52|-16,6259.23094275,near-shape-v1:0.02:60E7B66EE759E71D266866BD34A6201B661216080C9AAEC2B2264B5D4CF998BE,0.02,3,2,9957.41358736,q4-hgb-amplitude_and_condition-fold-2,9165.50339299,q4-hgb-amplitude_and_condition-full,True,附件一（训练集）.xlsx|材料2|1787,2,1,材料2|三角波|70|fq2|bq1,0.0828618763609,0.0825450578536,0.0878343505474,0.105646065075,True,True,True,True,True,True,True,True,331,1,False,False
附件一（训练集）.xlsx|材料1|742,附件一（训练集）.xlsx,材料1,742,C16AEE712BC0AD480B5285F17FA7FA57A5E22A1901D4A6ADB0A1EB83ECFB7FFC,材料1,70,70,223850,5180.006426,正弦波,1,A2ACDCEADACD4814078917C630C8183CC88DA344F69610969CBF0AB8C01EA1F3,326C08E0EAD4671778DF4473DC00D402A80545EFA7EB06DECF456CD08B5A5E56,12.3187314637,-7.81250064641e-12,0.021977674,0.043933267,0.0219666335,0.0155799725375,1.41063624773,0.0155799725375,-0.0217328024,-0.01559573825,1.0745e-05,0.0156016175,0.0217148242,0.000135888,8.58071621094e-05,9.58685e-05,0.0001335124,0.00013473855,0.087866534,0.354628134929,-0.494677584351,-0.35498699066,0.000244575660911,0.355120813297,0.49426836861,-0.00093735325722,-1.50222196988,1.41063624722,0.00309305474596,0.001953125,0.00218213910657,0.00303898182669,0.00306689120115,2,0.4990234375,0.5009765625,0.0380859375,2,3.6464328445e-06,0.99999628823,1.29430964454e-06,1.28522320987e-06,8.47497752307e-10,9.5095757658e-07,2.18100863265e-09,1.09118950684e-07,1.04486651578e-09,2.70576716297e-09,3.07880464906e-11,-3.81772815908,-3.12508345545,材料1|70|正弦波|53|-17,4919.7023249,near-shape-v1:0.02:593A496289F4162347384FBD3DB9F6A72897781F3ECF25E762A0BB54D93AF268,0.02,1,2,4607.65064812,q4-hgb-amplitude_and_condition-fold-2,4642.86941731,q4-hgb-amplitude_and_condition-full,True,附件一（训练集）.xlsx|材料1|742,2,0,材料1|正弦波|70|fq2|bq0,0.00761283175467,0.117064215028,0.10683759986,0.123263615773,True,True,True,True,True,True,True,True,310,1,False,False
附件一（训练集）.xlsx|材料3|700,附件一（训练集）.xlsx,材料3,700,C16AEE712BC0AD480B5285F17FA7FA57A5E22A1901D4A6ADB0A1EB83ECFB7FFC,材料3,70,70,199500,877.6129882,正弦波,1,5E08259E8DF8DF1C6D44BB242436E9CAA037CCD0FA24AB02C0C1B4CA76813362,327DC1A6A0BB5900C7840710A424E42C455D1599E3432555B6D936594596DFCC,12.2035695153,2.24609367563e-11,0.011955211,0.023907216,0.011953608,0.00845872170271,1.41335906537,0.00845872170271,-0.0118072983,-0.0084520685,-2.5e-07,0.00845730625,0.01180815035,7.3565e-05,4.669378125e-05,5.1754e-05,7.24893e-05,7.314475e-05,0.047814432,0.353814584798,-0.493880103918,-0.353536293078,-1.04580332958e-05,0.353755377771,0.493915741906,0.000180018570636,-1.5006390035,1.41335906272,0.00307710441902,0.001953125,0.00216478572829,0.00303210963585,0.00305952604435,2,0.4990234375,0.5009765625,0.0341796875,2,4.16414346925e-07,0.999999579469,2.75001643645e-07,1.03097461242e-07,2.81719264821e-09,1.26109665111e-08,3.94177915584e-10,2.6222532246e-09,8.92463558494e-11,1.96707492015e-08,1.10481066574e-10,-4.42658802871,-3.73357494093,材料3|70|正弦波|52|-20,2385.0645945,near-shape-v1:0.02:D0D4633164DAECCA5A4320E9F5467F8DC22F6D34B9EB0B17FC10B93B028376AE,0.02,3,2,947.332761845,q4-hgb-amplitude_and_condition-fold-2,918.93896733,q4-hgb-amplitude_and_condition-full,True,附件一（训练集）.xlsx|材料3|700,2,0,材料3|正弦波|70|fq2|bq0,0.0303981272844,0.0763609409995,0.0944761622685,0.110247248982,True,True,False,True,True,False,True,True,322,0.142857142857,False,False
附件一（训练集）.xlsx|材料1|3134,附件一（训练集）.xlsx,材料1,3134,C16AEE712BC0AD480B5285F17FA7FA57A5E22A1901D4A6ADB0A1EB83ECFB7FFC,材料1,90,90,354610,889610.487,三角波,2,D2721DAEFEC7E8079018736886DC71AD03FB5818B5AD682B4578BE5EE290EAEA,32931376F9EB4EC679423102C1F67D3D6D23409C9B6AF30697771B9C0B460DD5,12.778773873,-1.07421866541e-11,0.137789442,0.274794093,0.1373970465,0.0803900614667,1.71401090491,0.0803900614667,-0.1252180746,-0.06965846525,-2.88505e-05,0.0695181395,0.12541466955,0.000721838,0.000536707212891,0.0004529225,0.0006867136,0.00068807865,0.549588186,0.292546541263,-0.455679644428,-0.253493313771,-0.000104989481189,0.252982656038,0.456395070911,0.00188652128756,-1.20289706059,1.71401090504,0.0026268323024,0.001953125,0.00164822502207,0.00249901150532,0.00250397904296,2,0.3984375,0.6015625,0.001953125,2,0.0346754171921,0.966353246178,0.0244119526338,0.00417928939071,0.0038314973368,4.10244232074e-06,0.00069502350804,0.00017593496298,6.7190105486e-05,0.000142777849066,9.33736976804e-07,-1.98202854163,-1.2917332145,材料1|90|三角波|55|-9,48861.5140276,near-shape-v1:0.02:DE3EF81C59AA18B2EEEA9B0C9A2B77C83C9F051DFAB46A2C7EEAB428F435C645,0.02,0,4,929412.742235,q4-hgb-amplitude_and_condition-fold-4,924261.169411,q4-hgb-amplitude_and_condition-full,True,附件一（训练集）.xlsx|材料1|3134,3,3,材料1|三角波|90|fq3|bq3,0.00555823815194,0.0437691667199,0.0995572085612,0.117891287822,True,True,False,True,True,False,True,True,310,0.374193548387,False,False
附件一（训练集）.xlsx|材料3|289,附件一（训练集）.xlsx,材料3,289,C16AEE712BC0AD480B5285F17FA7FA57A5E22A1901D4A6ADB0A1EB83ECFB7FFC,材料3,90,90,158500,820.2093934,正弦波,1,DE496C84186BFE4E2530D7B00CC4C6B045F8FC56F35E77A194B527F6BBCAD287,3552B1C5B539970080C80122347BBE9335DD2BDD9C652D46914E0E1D555A0BFD,11.9735098723,1.36718752639e-11,0.014684052,0.029357506,0.014678753,0.0103870720956,1.4136853836,0.0103870720956,-0.01450692,-0.01037888625,5.45e-06,0.01038802475,0.01449410785,9.0318e-05,5.73388789062e-05,6.35435e-05,8.90439e-05,8.98151e-05,0.058715012,0.353813164361,-0.494146880654,-0.353534331686,0.000185642006788,0.353845614008,0.49371046152,-0.000746102479734,-1.50053019279,1.41368538492,0.00307648749182,0.001953125,0.0021644720093,0.00303308802866,0.00305935729009,2,0.4990234375,0.5009765625,0.0341796875,2,5.08037673726e-07,0.999999487929,3.96906963483e-07,7.07942384628e-08,2.05414368812e-10,9.992122628e-09,7.28737236334e-11,6.36709806764e-09,3.6020415092e-10,2.32800306116e-08,5.84680774896e-11,-4.22099327208,-3.52820702435,材料3|90|正弦波|52|-19,2327.422242,near-shape-v1:0.02:1169EA07786B327B877E4F28E86F502E35A338478FE2DF5713193EAEDB85B7DB,0.02,1,4,964.63775812,q4-hgb-amplitude_and_condition-fold-4,884.879914036,q4-hgb-amplitude_and_condition-full,True,附件一（训练集）.xlsx|材料3|289,1,0,材料3|正弦波|90|fq1|bq0,0.0862073680777,0.162010648586,0.0944761622685,0.110247248982,True,False,False,True,True,False,False,False,323,0.0588235294118,False,False
附件一（训练集）.xlsx|材料1|1052,附件一（训练集）.xlsx,材料1,1052,C16AEE712BC0AD480B5285F17FA7FA57A5E22A1901D4A6ADB0A1EB83ECFB7FFC,材料1,90,90,281860,127074.9846,正弦波,1,9035AFFA6F7AA12AD8D7F995F969281AF1169B093254247982014FB8AF7B1ACC,40165F62898B0F01FF26CBB1059A4586553531131032717E9B1C68CC6EECA511,12.5491657727,-4.39453161361e-11,0.069980854,0.139772357,0.0698861785,0.0494588140498,1.41493190535,0.0494588140498,-0.0691491998,-0.0494279445,0.000101121,0.0494407805,0.0689698946,0.000431846,0.000272992884766,0.000304006,0.0004226236,0.0004261617,0.279544714,0.353852615148,-0.494727292579,-0.353631758933,0.000723469548026,0.353723594601,0.493444455859,-0.00294839115212,-1.49977870831,1.41493190447,0.00308963810348,0.001953125,0.00217500803825,0.00302365653031,0.00304896983314,2,0.4970703125,0.5029296875,0.03515625,2,1.366427739e-05,0.999986316659,1.33664692916e-05,1.01737316278e-08,9.87609049315e-10,2.62930048609e-07,1.48295586767e-09,2.09262536965e-08,5.5393193387e-10,5.0499994414e-10,6.15946982064e-11,-2.65953358863,-1.96774020121,材料1|90|正弦波|54|-12,19724.8035084,near-shape-v1:0.02:1BC99913C243173EB97359520325C696FCDBB41C19178A3FD0113B2572A971E7,0.02,0,0,107359.991539,q4-hgb-amplitude_and_condition-fold-0,116466.778068,q4-hgb-amplitude_and_condition-full,True,附件一（训练集）.xlsx|材料1|1052,3,2,材料1|正弦波|90|fq3|bq2,0.0814177428152,0.168588302656,0.10683759986,0.123263615773,True,False,True,True,True,True,True,True,315,1,False,False
附件一（训练集）.xlsx|材料1|909,附件一（训练集）.xlsx,材料1,909,C16AEE712BC0AD480B5285F17FA7FA57A5E22A1901D4A6ADB0A1EB83ECFB7FFC,材料1,90,90,112160,2138.530562,正弦波,1,FA525B8ECBBF4DDCAC44C4EC66FFC0A7E61D34D573BBF0E9185852E3DD29E8E7,4091628AA8A9E67A71C87A2EC161C715DA6D0453EE4D6CB50B70D9E675597DE3,11.6276817023,6.34765625479e-11,0.0311769,0.062285496,0.031142748,0.0220639039207,1.41302736415,0.0220639039207,-0.0308051628,-0.02208631075,2.98e-05,0.02207116525,0.03074200025,0.00019168,0.000121651359375,0.0001352855,0.0001892464,0.00019082585,0.124570992,0.354238231011,-0.494580036153,-0.354597975963,0.000478441024592,0.354354811376,0.493565952923,-0.00216006514214,-1.50184272801,1.41302736703,0.00307744197782,0.001953125,0.0021720225203,0.00303837028126,0.00306372851233,2,0.4990234375,0.5009765625,0.03515625,2,3.73370367651e-06,0.999996244276,2.58934849519e-06,8.65537228601e-07,2.86968863624e-08,2.13024139353e-07,5.14555714559e-09,3.25169504943e-09,2.4015177006e-09,2.6036680883e-08,2.47453469331e-10,-3.468077843,-2.77602668928,材料1|90|正弦波|50|-16,3496.801104,near-shape-v1:0.02:22AFF715BA6FF0793192C92D28FD57DEED36CB412EBC0B9D630A4C6F51964056,0.02,4,4,2512.27183567,q4-hgb-amplitude_and_condition-fold-4,2252.28705644,q4-hgb-amplitude_and_condition-full,True,附件一（训练集）.xlsx|材料1|909,1,1,材料1|正弦波|90|fq1|bq1,0.109195360393,0.160998983067,0.10683759986,0.123263615773,False,False,False,True,True,False,True,True,319,0.351097178683,False,False
附件一（训练集）.xlsx|材料1|1067,附件一（训练集）.xlsx,材料1,1067,C16AEE712BC0AD480B5285F17FA7FA57A5E22A1901D4A6ADB0A1EB83ECFB7FFC,材料1,90,90,316230,123821.8119,正弦波,1,02D5B524403FB11C0DC11317F8561C96AE20D74904C25BD601B46F1F362DE5A7,41FFF602CF7B33CD705EB80DAFE20E7FC88E16B875CF4241CB50AEC69041FF8A,12.6642250759,-4.39453126666e-11,0.062240026,0.124328801,0.0621644005,0.0439920741704,1.41480089706,0.0439920741704,-0.0614945519,-0.043951067,8.07845e-05,0.04399214025,0.06135430575,0.000383801,0.000242829689453,0.000270277,0.000376064,0.0003789546,0.248657602,0.353836551278,-0.494612280996,-0.353506722518,0.00064976532626,0.353837083122,0.493484255462,-0.0026661094613,-1.49964297844,1.41480089607,0.00308698384375,0.001953125,0.00217388889643,0.00302475369323,0.00304800333432,2,0.498046875,0.501953125,0.03515625,2,1.26857939042e-05,0.999987291656,1.23759416088e-05,2.5692739225e-08,3.20558399922e-10,2.57640610535e-07,8.5117258592e-10,2.28800106799e-08,1.55755465458e-09,5.36404917939e-10,2.12029017688e-10,-2.77675698137,-2.08482560175,材料1|90|正弦波|55|-13,19682.163422,near-shape-v1:0.02:781B85AE7ED6F731608CEAC43FE335B1EF03748ACD6F579688A9C9C67898C1BB,0.02,0,0,113269.546017,q4-hgb-amplitude_and_condition-fold-0,120443.16412,q4-hgb-amplitude_and_condition-full,True,附件一（训练集）.xlsx|材料1|1067,3,2,材料1|正弦波|90|fq3|bq2,0.0614071075518,0.0890724377198,0.10683759986,0.123263615773,True,True,False,False,True,False,True,True,334,0.365269461078,False,False
附件一（训练集）.xlsx|材料3|298,附件一（训练集）.xlsx,材料3,298,C16AEE712BC0AD480B5285F17FA7FA57A5E22A1901D4A6ADB0A1EB83ECFB7FFC,材料3,90,90,199500,5490.044671,正弦波,1,40975A42926A2C11E622B75FD7906F6648FCBB5DC6BB4482EAC668E8B43BCFB2,4266A5708522F87A19D85FDC907B93CB48982896CE7CEB30AA36843966640D1B,12.2035695153,7.71484386791e-11,0.024769336,0.049510551,0.0247552755,0.0175537153211,1.41105945647,0.0175537153211,-0.02448624435,-0.01756934475,1.19e-05,0.0175522745,0.02446522045,0.000153351,9.67002949219e-05,0.000107967,0.0001509701,0.00015200045,0.099021102,0.354544939746,-0.494566187057,-0.354860620055,0.000240351250616,0.354515836894,0.494141549199,-0.00106241692772,-1.50262703332,1.41105946086,0.00309733979733,0.001953125,0.00218068669848,0.00304925105762,0.0030700617733,2,0.4990234375,0.5009765625,0.0380859375,2,4.08475442868e-06,0.999995886639,1.86633882527e-06,1.75314890879e-06,2.86197803545e-10,2.78066786918e-07,1.03250705824e-09,1.63520103618e-07,2.55217503764e-09,1.95642726654e-08,2.27849455459e-10,-3.69814884246,-3.00556948061,材料3|90|正弦波|52|-17,4941.482532,near-shape-v1:0.02:593A496289F4162347384FBD3DB9F6A72897781F3ECF25E762A0BB54D93AF268,0.02,1,0,5950.39996199,q4-hgb-amplitude_and_condition-fold-0,5876.99034536,q4-hgb-amplitude_and_condition-full,True,附件一（训练集）.xlsx|材料3|298,2,0,材料3|正弦波|90|fq2|bq0,0.01241155412,0.0805079560352,0.0944761622685,0.110247248982,True,True,False,False,True,False,False,False,315,0,False,False
附件一（训练集）.xlsx|材料1|911,附件一（训练集）.xlsx,材料1,911,C16AEE712BC0AD480B5285F17FA7FA57A5E22A1901D4A6ADB0A1EB83ECFB7FFC,材料1,90,90,112160,3715.695872,正弦波,1,1BD857BEEBB7B0AD683D5E605B0783AFEE765522BFD09654652A0CA2388F3412,451BF42D05717B10DA64599CB31FCA9787FA575DFE24072D4166FB04820F5E79,11.6276817023,1.75781247197e-11,0.039533842,0.078976821,0.0394884105,0.0279485320783,1.41452302,0.0279485320783,-0.0390587809,-0.027921973,4.16605e-05,0.02794780725,0.03897656895,0.000243479,0.000154251603516,0.0001722105,0.00023957,0.0002414728,0.157953642,0.353882718049,-0.494560054748,-0.353546428737,0.000527502650707,0.353873540091,0.493519091284,-0.00228866331671,-1.50032772174,1.41452302063,0.00308291720174,0.001953125,0.0021805195223,0.00303342166685,0.00305751481185,2,0.498046875,0.501953125,0.0341796875,2,4.18346644851e-06,0.999995801693,3.99937676764e-06,4.17662975892e-08,2.2494678146e-09,7.38406578295e-08,1.12134302272e-09,6.16557054221e-08,6.45487550975e-10,2.70538359717e-09,8.77745641579e-11,-3.23059821439,-2.53860087463,材料1|90|正弦波|50|-15,4434.11571872,near-shape-v1:0.02:0EA091FB6D7385244EC4E12F989A14195AF1574B183002DD694192F87693C5AB,0.02,3,1,4148.43459798,q4-hgb-amplitude_and_condition-fold-1,3918.23128866,q4-hgb-amplitude_and_condition-full,True,附件一（训练集）.xlsx|材料1|911,1,1,材料1|正弦波|90|fq1|bq1,0.0570765487696,0.110137016366,0.10683759986,0.123263615773,True,True,True,True,True,True,True,True,312,1,False,False
附件一（训练集）.xlsx|材料1|927,附件一（训练集）.xlsx,材料1,927,C16AEE712BC0AD480B5285F17FA7FA57A5E22A1901D4A6ADB0A1EB83ECFB7FFC,材料1,90,90,125860,1610.815256,正弦波,1,3724A8120C410A9CA210D7AFBA60E3359A1BB4C3CBA8664AB902E40F05D01DC9,49219677E2A59C80E2BE1C6E32928F2EDBF022B3D3202A20C6459BB84AA263B3,11.7429254571,-8.78906322721e-12,0.02475458,0.049500993,0.0247504965,0.0175405172374,1.41127993348,0.0175405172374,-0.02446277525,-0.01756353325,4.3e-06,0.01754306275,0.0244579819,0.00015317,9.66816269531e-05,0.000107451,0.0001508672,0.0001521608,0.099001986,0.354346775173,-0.494187565918,-0.354811735619,8.68671218184e-05,0.354398198816,0.494090732862,-0.000365952598641,-1.50268821733,1.41127993298,0.00309428136118,0.001953125,0.0021706837275,0.00304776108229,0.00307389389138,2,0.4990234375,0.5009765625,0.03515625,2,2.94356420075e-06,0.9999970352,9.94413908549e-07,1.82497622426e-06,3.12422016625e-09,7.97608668094e-08,3.38085661247e-10,2.88242775775e-08,4.95964978861e-10,1.11769898098e-08,4.44935857428e-10,-3.69874475658,-3.005762549,材料1|90|正弦波|50|-17,3115.6114388,near-shape-v1:0.02:5CF824086B9BCFB22B34DB6D878D3B7E5A5C65F7390B0B2CF1844E03123A7448,0.02,2,2,1763.38158483,q4-hgb-amplitude_and_condition-fold-2,1644.69358222,q4-hgb-amplitude_and_condition-full,True,附件一（训练集）.xlsx|材料1|927,1,0,材料1|正弦波|90|fq1|bq0,0.0696383262371,0.0904392200644,0.10683759986,0.123263615773,True,True,True,True,True,True,True,True,339,1,False,False
附件一（训练集）.xlsx|材料1|489,附件一（训练集）.xlsx,材料1,489,C16AEE712BC0AD480B5285F17FA7FA57A5E22A1901D4A6ADB0A1EB83ECFB7FFC,材料1,50,50,223850,5037.560801,正弦波,1,7D78CA963EC6973401DC52B39F34A3D9889E6712198B840B961E10A4DCB27F84,4A9A8B998433DA2B33311B70C68A01B1AD05B57DB0FFDADF877DC280F427A6BD,12.3187314637,1.17187509696e-11,0.021973637,0.043925473,0.0219627365,0.0155763856337,1.41070191229,0.0155763856337,-0.02172430775,-0.01559430625,9.34e-06,0.01559360075,0.02171230605,0.000135751,8.57919394531e-05,9.601e-05,0.0001335319,0.00013479785,0.087850946,0.354609400193,-0.494571971068,-0.355017378224,0.000212632617098,0.355001316395,0.494298741832,-0.000861712351765,-1.50211542973,1.41070191304,0.00309048464885,0.001953125,0.002185747664,0.00303996498797,0.00306878539475,2,0.498046875,0.501953125,0.0380859375,2,3.55589725263e-06,0.99999638586,1.32128710725e-06,1.14295703629e-06,3.67019071676e-09,9.74282627093e-07,1.52735518015e-11,1.11786663498e-07,3.85333857899e-10,1.03952933845e-09,4.60639533907e-10,-3.81791186236,-3.12526087661,材料1|50|正弦波|53|-17,4918.79864245,near-shape-v1:0.02:593A496289F4162347384FBD3DB9F6A72897781F3ECF25E762A0BB54D93AF268,0.02,1,1,4892.08748786,q4-hgb-amplitude_and_condition-fold-1,4650.83805924,q4-hgb-amplitude_and_condition-full,True,附件一（训练集）.xlsx|材料1|489,2,0,材料1|正弦波|50|fq2|bq0,0.0505610693025,0.0292969935918,0.10683759986,0.123263615773,True,True,False,False,True,False,True,True,329,0.386018237082,False,False
附件一（训练集）.xlsx|材料1|1002,附件一（训练集）.xlsx,材料1,1002,C16AEE712BC0AD480B5285F17FA7FA57A5E22A1901D4A6ADB0A1EB83ECFB7FFC,材料1,90,90,199500,31727.36904,正弦波,1,B8100F31887D6F6DBD1D240AF14FB1357D4F5B4778346D14702799EA3254AAB4,4BD6646145673BC70EF5F0D27709A74F20E2126CF06F0BE9C14439A8F142AABB,12.2035695153,-1.66015673431e-11,0.055619986,0.111129438,0.055564719,0.0393200262298,1.41454600449,0.0393200262298,-0.05495496375,-0.03927940675,5.52e-05,0.0392684045,0.05484610405,0.000342667,0.000217049683594,0.000241908,0.0003370271,0.00033980245,0.222258876,0.353821875981,-0.49451310762,-0.353456360802,0.000496718219718,0.35335735718,0.493533532192,-0.00204150289322,-1.50011126756,1.41454600407,0.00308349440227,0.001953125,0.00217681295212,0.00303274367319,0.00305771770393,2,0.498046875,0.501953125,0.0341796875,2,4.90507901046e-06,0.999995085776,4.79357744077e-06,4.00650535856e-09,2.88508729997e-10,5.19498149762e-08,4.04261198609e-10,5.30501831267e-08,1.35593631986e-11,1.75794754629e-09,6.68473607249e-12,-2.88921268188,-2.19705964894,材料1|90|正弦波|52|-13,11096.187207,near-shape-v1:0.02:FCCD107ACBACE32E7A36279D623681DE9ACE964EC2895F6941D28671223B0908,0.02,1,4,32026.3217024,q4-hgb-amplitude_and_condition-fold-4,29442.9558832,q4-hgb-amplitude_and_condition-full,True,附件一（训练集）.xlsx|材料1|1002,2,2,材料1|正弦波|90|fq2|bq2,0.0841006858508,0.0093781386407,0.10683759986,0.123263615773,True,True,False,True,True,False,True,True,313,0.150159744409,False,False
附件一（训练集）.xlsx|材料3|468,附件一（训练集）.xlsx,材料3,468,C16AEE712BC0AD480B5285F17FA7FA57A5E22A1901D4A6ADB0A1EB83ECFB7FFC,材料3,90,90,199500,5491.93,正弦波,1,8ECE316F656C736B59C7A38962194206B754F06F9D90C43F74878068F5605283,4C8523FF9DEEAA3AE62A0975018340FC50C5E0379D72C49777FC8695C5D1C749,12.2035695153,1.07421875001e-07,0.02477,0.04951,0.024755,0.017553690064,1.41109931357,0.0175536900637,-0.0244885,-0.0175675,1.5e-05,0.017555,0.024467,0.00016,9.669921875e-05,0.00011,0.00015,0.00015,0.09902,0.354548375352,-0.494619418741,-0.354829477315,0.000300799396587,0.354572663666,0.494180823634,-0.00104760865144,-1.50262204972,1.41110543322,0.00323167036962,0.001953125,0.00222177337912,0.00302969097152,0.00302969097152,2,0.4853515625,0.48828125,0.0263671875,2,4.09498544557e-06,0.999995851368,1.87900006113e-06,1.74744369927e-06,5.14392017458e-10,2.81208951124e-07,8.15383273301e-10,1.65453527628e-07,2.75547066409e-09,1.76871487963e-08,8.9823081062e-11,-3.69812203548,-3.00558060961,材料3|90|正弦波|52|-17,4941.615,near-shape-v1:0.02:CD080414ECBB0D75784E6CB7D2F444F7D7096CB64839B956F3100D643DF2B70C,0.02,1,0,6132.36312503,q4-hgb-amplitude_and_condition-fold-0,5847.51202217,q4-hgb-amplitude_and_condition-full,True,附件一（训练集）.xlsx|材料3|468,2,0,材料3|正弦波|90|fq2|bq0,0.0475559595715,0.110281422489,0.0944761622685,0.110247248982,True,False,False,False,True,False,False,False,315,0,False,False
附件一（训练集）.xlsx|材料1|960,附件一（训练集）.xlsx,材料1,960,C16AEE712BC0AD480B5285F17FA7FA57A5E22A1901D4A6ADB0A1EB83ECFB7FFC,材料1,90,90,158500,2832.921144,正弦波,1,186CF993CBA99CB5FCB611FE7E2DEB6929B45C808AC9DB0DB1DDFDACCD241D37,55E05A6C71F2EA98E4897B6A451DC395B02F3E269F548BE97CA68FF537F2790B,11.9735098723,8.00781246868e-11,0.024839415,0.049659544,0.024829772,0.0175750914174,1.41333062856,0.0175750914174,-0.02454448925,-0.01756780125,1.07e-05,0.017566636,0.02452366875,0.000152775,9.6991296875e-05,0.0001081095,0.000150418,0.00015179855,0.099319088,0.353911655279,-0.494255229772,-0.353764853944,0.000215465529081,0.353741385944,0.493835961722,-0.000881230858938,-1.50003670194,1.41333063312,0.00307644790294,0.001953125,0.00217701354648,0.00302898472044,0.00305678501599,2,0.4990234375,0.5009765625,0.03515625,2,1.27088060629e-06,0.999998707726,9.598144169e-07,1.05157819575e-09,4.66401964556e-10,2.77263845509e-07,1.09703555486e-09,3.04295818262e-08,2.76338066318e-10,1.42697007443e-10,3.37068939519e-10,-3.69532357292,-3.00256468138,材料1|90|正弦波|52|-17,3937.0472775,near-shape-v1:0.02:305616E8A3C37EE94F93CDD1444CF75A0E93FA3BEEEA1F997EB50E1CB2488549,0.02,0,4,2720.45619525,q4-hgb-amplitude_and_condition-fold-4,2727.85713674,q4-hgb-amplitude_and_condition-full,True,附件一（训练集）.xlsx|材料1|960,1,0,材料1|正弦波|90|fq1|bq0,0.00271578736414,0.0404942129476,0.10683759986,0.123263615773,True,True,True,True,True,True,True,True,331,1,False,False
附件一（训练集）.xlsx|材料2|727,附件一（训练集）.xlsx,材料2,727,C16AEE712BC0AD480B5285F17FA7FA57A5E22A1901D4A6ADB0A1EB83ECFB7FFC,材料2,70,70,158500,819.0847142,正弦波,1,CAE558FC237716884239D21F10D47384A18FF73E54870564F8797A1F953A952E,58F89E09A3403A120BF4638F01EB11D7B7C763551378238CA0BC1B9152722C6E,11.9735098723,7.71484378118e-11,0.014495782,0.028981115,0.0144905575,0.0102544545357,1.41360829575,0.0102544545357,-0.01430803385,-0.01025404425,-5.8e-06,0.01024550475,0.01432233225,8.924e-05,5.66037402344e-05,6.2823e-05,8.78303e-05,8.869985e-05,0.05796223,0.353832298574,-0.493701982382,-0.353818144235,-0.000200132988273,0.35352348151,0.49419534662,0.000802483790987,-1.50049365056,1.41360828822,0.00307924660594,0.001953125,0.00216772198033,0.00303060458509,0.00306060860667,2,0.5009765625,0.4990234375,0.0341796875,2,6.53031864889e-07,0.999999341292,5.26176184658e-07,7.06606354914e-08,1.43629887861e-09,2.77072286128e-08,6.60391909546e-10,6.99243315416e-09,5.41675388099e-11,1.83035092108e-08,1.04058527758e-09,-4.23389756843,-3.54111086802,材料2|70|正弦波|52|-19,2297.581447,near-shape-v1:0.02:70D4852326677106706F47D058FFF83B5926D763B3A9EAB6DF4F8B9F27B14BB9,0.02,0,3,893.463021037,q4-hgb-amplitude_and_condition-fold-3,858.132926325,q4-hgb-amplitude_and_condition-full,True,附件一（训练集）.xlsx|材料2|727,1,0,材料2|正弦波|70|fq1|bq0,0.0402999062788,0.0868159167998,0.104291900272,0.124780990562,True,True,True,False,True,False,True,True,312,1,False,False
附件一（训练集）.xlsx|材料1|2876,附件一（训练集）.xlsx,材料1,2876,C16AEE712BC0AD480B5285F17FA7FA57A5E22A1901D4A6ADB0A1EB83ECFB7FFC,材料1,70,70,396820,184272.6492,三角波,2,00A2CA23555BF4C7B644B908118997B27D987B74986F693AD0302EBD9E6AD29E,598C1774B37ABB7D5ECAFDF02640190FCE80C27521B1418FA2303D8792257BD3,12.8912380563,-5.76171887978e-11,0.061958428,0.123568926,0.061784463,0.0361116363756,1.71574689542,0.0361116363756,-0.0562338496,-0.03128670975,-2.79025e-05,0.03124094275,0.0563597838,0.000326326,0.000241345558594,0.000203391,0.0003086124,0.000309431,0.247137852,0.292238813953,-0.455080831101,-0.253192373723,-0.00022580468477,0.252821998369,0.456099973367,0.00195547781151,-1.20234511788,1.71574689701,0.0026408419217,0.001953125,0.00164597206259,0.00249749196655,0.00250411660938,2,0.3984375,0.6015625,0.0009765625,2,0.034811173893,0.966223675404,0.0245222872736,0.00416322996185,0.00385602465487,4.70729102616e-06,0.000698289674971,0.000178936205983,6.61145816261e-05,0.000144741892331,1.04884777131e-06,-2.78129163496,-2.09095617333,材料1|70|三角波|55|-13,24586.343399,near-shape-v1:0.02:3C03F274D569F93086DDCD32B0E345ADFFA4922B7C787D9FB2AF0D3F25B2F725,0.02,1,3,187071.316295,q4-hgb-amplitude_and_condition-fold-3,185190.677432,q4-hgb-amplitude_and_condition-full,True,附件一（训练集）.xlsx|材料1|2876,3,2,材料1|三角波|70|fq3|bq2,0.0101038773233,0.0150733835537,0.0995572085612,0.117891287822,True,True,True,True,True,True,False,True,316,1,False,False
附件一（训练集）.xlsx|材料1|3149,附件一（训练集）.xlsx,材料1,3149,C16AEE712BC0AD480B5285F17FA7FA57A5E22A1901D4A6ADB0A1EB83ECFB7FFC,材料1,90,90,396820,651234.5924,三角波,2,A52AA39C6B0A68FB4E631914DC99933E05915DAD5B7D54E95D7ED76DAB639529,5B4281C443693AC413A4DF552BB430E486172B27305C507431DAEB101D07BBCF,12.8912380563,-5.85937548481e-12,0.109474625,0.218307042,0.109153521,0.0639071684489,1.71302574746,0.0639071684489,-0.0995257855,-0.05531459525,-3.30825e-05,0.05527827825,0.09966231315,0.00057335,0.000426380941406,0.0003598045,0.0005464031,0.0005481959,0.436614084,0.292739839556,-0.455898190834,-0.253379802765,-0.000151541122254,0.253213445381,0.456523583677,0.0016852796642,-1.20301298239,1.71302574755,0.00262634679462,0.001953125,0.0016481580104,0.00250291101466,0.00251112330128,2,0.3984375,0.6015625,0.0009765625,2,0.0348045603251,0.966236205629,0.0245604683443,0.0041403973685,0.00384763413512,4.92204047905e-06,0.000688969456076,0.000179053912801,6.47132695925e-05,0.000142108203794,1.15957638655e-06,-2.21206249174,-1.52185275759,材料1|90|三角波|55|-10,43441.7206925,near-shape-v1:0.02:AEB5429EFF641E5CF8DEFFA0326ABD14E5DA94ABEFA48F50D1B6B447573518C3,0.02,1,3,657350.171233,q4-hgb-amplitude_and_condition-fold-3,678589.161785,q4-hgb-amplitude_and_condition-full,True,附件一（训练集）.xlsx|材料1|3149,3,3,材料1|三角波|90|fq3|bq3,0.0317989715429,0.00934691306186,0.0995572085612,0.117891287822,True,True,True,True,True,True,True,True,296,1,False,False
附件一（训练集）.xlsx|材料1|719,附件一（训练集）.xlsx,材料1,719,C16AEE712BC0AD480B5285F17FA7FA57A5E22A1901D4A6ADB0A1EB83ECFB7FFC,材料1,70,70,199500,1126.803697,正弦波,1,7AF90A3182AF56A4EA86B4B4A99F8398CD23575E7D269FF7A8612CF9154CE973,5BDDC4C4EE1A69C960E62057B0C9AEDBE7141D97C7368FB2E6360A894111401A,12.2035695153,-2.53906253661e-11,0.013124117,0.026240785,0.0131203925,0.00928602525969,1.4133191148,0.00928602525969,-0.01296636725,-0.00927913225,4.5e-06,0.00927522275,0.0129596722,8.069e-05,5.12515332031e-05,5.6806e-05,7.96849e-05,8.03698e-05,0.05248157,0.353877571105,-0.494130309921,-0.353614887078,0.000171489739755,0.353465903379,0.493875172766,-0.000630409109336,-1.5009682884,1.41331911206,0.0030749842278,0.001953125,0.00216479804244,0.00303668125782,0.00306278184894,2,0.4990234375,0.5009765625,0.033203125,2,4.03650174719e-07,0.999999593627,1.2660194359e-07,2.37119068676e-07,2.84474381627e-09,4.0300023974e-09,1.57358291299e-09,1.14474555262e-08,6.07610569948e-10,1.93726047155e-08,5.29984827592e-11,-4.33330374896,-3.6404403992,材料1|70|正弦波|52|-19,2618.2613415,near-shape-v1:0.02:FB44BADA86FF61A2278A432D4D2B3526955ADC101B5AA3F74B10682A70C6E67E,0.02,3,3,1156.50068213,q4-hgb-amplitude_and_condition-fold-3,1084.2813738,q4-hgb-amplitude_and_condition-full,True,附件一（训练集）.xlsx|材料1|719,2,0,材料1|正弦波|70|fq2|bq0,0.064423812228,0.0259909858422,0.10683759986,0.123263615773,True,True,False,True,True,False,True,True,311,0.324758842444,False,False
附件一（训练集）.xlsx|材料1|1021,附件一（训练集）.xlsx,材料1,1021,C16AEE712BC0AD480B5285F17FA7FA57A5E22A1901D4A6ADB0A1EB83ECFB7FFC,材料1,90,90,223860,134332.1282,正弦波,1,64FBBBB0002C229FEF02410DACCB8168AD233C421B44D9DD01A952ED4ACEC8F8,5CB5AD122666EBB61A242701E47F0933671FC74C1968BDFB29A04E564EA5B05B,12.3187761354,7.81250064641e-12,0.088146066,0.175987469,0.0879937345,0.0622750426011,1.41543164514,0.0622750426011,-0.08709474695,-0.06228235375,0.0001529855,0.06221063625,0.08678586765,0.000543724,0.000343725525391,0.000382743,0.0005324331,0.0005373648,0.351974938,0.353860663802,-0.494891752536,-0.353902207423,0.00086929764407,0.353494692524,0.493136631462,-0.00371687302521,-1.49981915064,1.41543164526,0.00308956088231,0.001953125,0.00217483098186,0.00302540347347,0.00305342649141,2,0.4970703125,0.5029296875,0.03515625,2,1.62570548809e-05,0.999983724753,1.59678270178e-05,4.87450521157e-09,2.87776848991e-09,2.53492328557e-07,4.05587633568e-10,2.62681144471e-08,3.0878704987e-10,2.54212601453e-10,4.81971599396e-10,-2.42875999961,-1.73734248534,材料1|90|正弦波|53|-11,19732.3783348,near-shape-v1:0.02:B1DE741247AE366F9665FB1C80703DEE418A4096FCA10D5327A7B611F7F2DD72,0.02,2,2,169027.327935,q4-hgb-amplitude_and_condition-fold-2,137841.789253,q4-hgb-amplitude_and_condition-full,True,附件一（训练集）.xlsx|材料1|1021,2,2,材料1|正弦波|90|fq2|bq2,0.203952494339,0.229743575563,0.10683759986,0.123263615773,False,False,False,True,True,False,True,True,312,0.025641025641,False,False
附件一（训练集）.xlsx|材料1|3163,附件一（训练集）.xlsx,材料1,3163,C16AEE712BC0AD480B5285F17FA7FA57A5E22A1901D4A6ADB0A1EB83ECFB7FFC,材料1,90,90,396820,292612.6171,三角波,2,CAAED75009C00CAF64AE5B847C5D339A37BA447F412FFC03B4E0A4F04EA35895,617BEAC0D02C517BA56D0C86438A65F819B377D8E841385816ABFAD079F104D8,12.8912380563,-3.90624685376e-12,0.077643211,0.15491863,0.077459315,0.0453279162828,1.71292257327,0.0453279162828,-0.07064180375,-0.0392377275,1.055e-05,0.03925713575,0.07060161785,0.00040714,0.000302575449219,0.00025535,0.0003870836,0.0003878974,0.30983726,0.292591770808,-0.455992954147,-0.253279592623,6.8100291787e-05,0.253404872958,0.45573355415,-0.00146463305695,-1.20285252096,1.71292257318,0.00262808933955,0.001953125,0.00164828465111,0.00249862524604,0.00250387832632,2,0.6005859375,0.3994140625,0.001953125,2,0.034612511509,0.966413249287,0.0243363550983,0.00420058092474,0.0038294079257,3.73911929475e-06,0.000695337170233,0.000174220825121,6.76295951103e-05,0.000141872878786,8.46176152245e-07,-2.55563116399,-1.86485526765,材料1|90|三角波|55|-12,30810.378989,near-shape-v1:0.02:62D8629158483FF34D8F33004E59475DECFC6C58F7B69BB4AB661F20BBF82F6F,0.02,1,4,302359.83049,q4-hgb-amplitude_and_condition-fold-4,290620.068936,q4-hgb-amplitude_and_condition-full,True,附件一（训练集）.xlsx|材料1|3163,3,2,材料1|三角波|90|fq3|bq2,0.0396008571045,0.0327680813322,0.0995572085612,0.117891287822,True,True,True,True,True,True,False,True,332,1,False,False
附件一（训练集）.xlsx|材料3|773,附件一（训练集）.xlsx,材料3,773,C16AEE712BC0AD480B5285F17FA7FA57A5E22A1901D4A6ADB0A1EB83ECFB7FFC,材料3,90,90,199500,5490.044671,正弦波,1,79EBFA9221C81606FEBC031443D2135236447267C5B06D4BD3C4942DFAFAC7B8,61B9534A0C30CD248422A35E44F185491B9E54108599EDF6006C56F522251891,12.2035695153,-7.71484386791e-11,0.024769336,0.049510551,0.0247552755,0.0175537153211,1.41105945647,0.0175537153211,-0.02446522045,-0.0175522745,-1.19e-05,0.01756934475,0.02448624435,0.000153351,9.67002949219e-05,0.000107967,0.0001509701,0.00015200045,0.099021102,0.354544939746,-0.494141549199,-0.354515836894,-0.000240351250616,0.354860620055,0.494566187057,0.00106241692772,-1.50262703332,1.41105946086,0.00309733979733,0.001953125,0.00218068669848,0.00304925105762,0.0030700617733,2,0.5009765625,0.4990234375,0.0380859375,2,4.08475442868e-06,0.999995886639,1.86633882527e-06,1.75314890879e-06,2.86197803545e-10,2.78066786918e-07,1.03250705824e-09,1.63520103618e-07,2.55217503764e-09,1.95642726654e-08,2.27849455459e-10,-3.69814884246,-3.00556948061,材料3|90|正弦波|52|-17,4941.482532,near-shape-v1:0.02:26C1F7B73AC709FEB145BF80496540D5C4D0A03C4718985845E37471640EE4EE,0.02,4,0,5878.79138575,q4-hgb-amplitude_and_condition-fold-0,5941.88948137,q4-hgb-amplitude_and_condition-full,True,附件一（训练集）.xlsx|材料3|773,2,0,材料3|正弦波|90|fq2|bq0,0.0106741771066,0.0684027590912,0.0944761622685,0.110247248982,True,True,False,False,True,False,False,False,315,0.015873015873,False,False
附件一（训练集）.xlsx|材料2|2964,附件一（训练集）.xlsx,材料2,2964,C16AEE712BC0AD480B5285F17FA7FA57A5E22A1901D4A6ADB0A1EB83ECFB7FFC,材料2,90,90,251240,17541.25712,梯形波,3,6260CC9064FA138C033A32F3DCA8E7A2437CFD799F1A666DF667FA2635EA9F23,680715184D190FF9B29597E5383998E1120CCD2A8614B6FBB9A37A02BFE1B689,12.4341639366,-3.51562494394e-11,0.031229507,0.062374467,0.0311872335,0.0205234255346,1.52165178017,0.0205234255346,-0.02999389795,-0.01881043975,-4.59e-05,0.01879197625,0.03013031885,0.000193999,0.000121825130859,0.0001233445,0.0001837042,0.00018468795,0.124748934,0.329035685942,-0.480868203889,-0.301572752755,-0.000735877467999,0.301276743337,0.483055332323,0.00516733646021,-1.34984350054,1.52165177846,0.00311023098602,0.001953125,0.00197748383165,0.00294518268188,0.00296095435974,2,0.4990234375,0.5009765625,0.0048828125,2,0.0191777344219,0.981081868264,0.0162831479825,0.00179714649699,0.00036164650361,6.98085217345e-08,9.38750931743e-05,5.56592776768e-05,7.91156152964e-05,0.000143742385213,5.24352761376e-07,-3.46639189391,-2.77459927004,材料2|90|梯形波|54|-16,7846.10133868,near-shape-v1:0.02:396E16F4D8BE6F9749E49CAB35CA54FB298276DCC271B4D0EEF54BCE1D410813,0.02,0,4,17615.2553346,q4-hgb-amplitude_and_condition-fold-4,17861.3720403,q4-hgb-amplitude_and_condition-full,True,附件一（训练集）.xlsx|材料2|2964,3,1,材料2|梯形波|90|fq3|bq1,0.01387430529,0.00420941153076,0.0906033358119,0.0977840223182,True,True,False,False,True,False,False,False,319,0.0188087774295,False,False
附件一（训练集）.xlsx|材料1|942,附件一（训练集）.xlsx,材料1,942,C16AEE712BC0AD480B5285F17FA7FA57A5E22A1901D4A6ADB0A1EB83ECFB7FFC,材料1,90,90,141260,966.768255,正弦波,1,0C2D8E61D170BA0F0FDC8B73FFAD6C4C21195250173E0BCA701322894B940909,6B5A579BCBDE73B716D54086B752621E9B732146E1C2F61F9BD9AFABBCE4970E,11.858357443,5.07812489975e-11,0.017453549,0.034900449,0.0174502245,0.0123716741777,1.41076694627,0.0123716741777,-0.0172541657,-0.012383733,4.9e-06,0.0123718435,0.01724844915,0.000108045,6.81649394531e-05,7.5754e-05,0.0001064821,0.00010729635,0.069800898,0.354484670892,-0.494382343069,-0.354830192895,0.000140397884817,0.354489521015,0.494218544272,-0.00057229448547,-1.50275162714,1.41076695038,0.00309580544365,0.001953125,0.00217057379405,0.00305102378482,0.00307435443023,2,0.498046875,0.501953125,0.0380859375,2,2.7976744718e-06,0.999997182344,5.95772728209e-07,1.92351393277e-06,1.4119057899e-09,1.11195479498e-07,6.24443755139e-10,1.1405096986e-07,3.10171342216e-09,4.71909366111e-08,8.04479005746e-10,-4.04821226992,-3.35525558453,材料1|90|正弦波|51|-18,2465.48833174,near-shape-v1:0.02:69FA0D6FA5489284890A13694A8752DE048F80FDC97B4BC7A19853505A3290D8,0.02,3,3,976.031701109,q4-hgb-amplitude_and_condition-fold-3,927.003618073,q4-hgb-amplitude_and_condition-full,True,附件一（训练集）.xlsx|材料1|942,1,0,材料1|正弦波|90|fq1|bq0,0.0514834673514,0.00952644629291,0.10683759986,0.123263615773,True,True,True,True,True,True,True,True,316,1,False,False
附件一（训练集）.xlsx|材料1|988,附件一（训练集）.xlsx,材料1,988,C16AEE712BC0AD480B5285F17FA7FA57A5E22A1901D4A6ADB0A1EB83ECFB7FFC,材料1,90,90,177820,59060.94231,正弦波,1,F358A4D5FF7FB2EC8C73C0B740AB123F9497D4B72B24FC0B86C7550CD320FF0E,6B7990EEC7232A04E1E8F3A2DBE8EFCE4339C4DA7653D10AD4E86C4981845EDA,12.0885270817,-4.88281290401e-12,0.077921182,0.155637056,0.077818528,0.0551449430199,1.41302497986,0.0551449430199,-0.0770110084,-0.05515358325,0.0001071915,0.05516299575,0.07681187735,0.000482798,0.000303978625,0.000336756,0.0004727764,0.00047718895,0.311274112,0.354317567019,-0.494811520947,-0.354373082238,0.000688727399745,0.354433559543,0.49353206318,-0.00286784514582,-1.50216716396,1.41302497977,0.00310207615338,0.001953125,0.00216372635576,0.00303768531833,0.00306603685693,2,0.498046875,0.501953125,0.037109375,2,1.15924867107e-05,0.999988385363,1.01782224682e-05,1.21608907563e-06,2.88200301347e-09,1.20372964056e-07,2.64922421997e-09,3.05388847591e-08,8.5396543531e-10,4.04727529739e-08,2.70729948818e-10,-2.55205745036,-1.86022854649,材料1|90|正弦波|52|-12,13855.9445832,near-shape-v1:0.02:84479D838728A3B9807D7751A109327874A65A65B4BAEA1975682B32BDCF78A9,0.02,2,4,61115.3228536,q4-hgb-amplitude_and_condition-fold-4,62274.9082151,q4-hgb-amplitude_and_condition-full,True,附件一（训练集）.xlsx|材料1|988,2,2,材料1|正弦波|90|fq2|bq2,0.0187956646729,0.0341922174738,0.10683759986,0.123263615773,True,True,True,True,True,True,True,True,310,1,False,False
附件一（训练集）.xlsx|材料1|1019,附件一（训练集）.xlsx,材料1,1019,C16AEE712BC0AD480B5285F17FA7FA57A5E22A1901D4A6ADB0A1EB83ECFB7FFC,材料1,90,90,223860,43466.30167,正弦波,1,4F50A212B7657230561355DC159B5ECF5A0C3A093E9D36CAFA999571967100A4,6BD20B1F9F419B0E43A88D7753A6D88C5847D926D2AFE7FF1D34629606AD4420,12.3187761354,-5.85937201536e-12,0.055685645,0.111251866,0.055625933,0.0394309810638,1.41223077635,0.0394309810638,-0.0550413867,-0.039435709,5.81445e-05,0.03941814625,0.0549321016,0.000344961,0.000217288800781,0.0002409595,0.0003389577,0.0003415145,0.222503732,0.354429839979,-0.494745739313,-0.354472337517,0.000522638477447,0.354314472854,0.493763417917,-0.0022181449527,-1.50265320489,1.4122307762,0.00310072102521,0.001953125,0.00216589176131,0.00304675968311,0.00306974176954,2,0.498046875,0.501953125,0.037109375,2,9.03014253976e-06,0.999990953731,6.97208265841e-06,1.81899259232e-06,1.64949180393e-10,8.50254889978e-08,1.53122612961e-09,1.02668987113e-07,7.0682265828e-10,4.84150543482e-08,4.73071500056e-10,-2.88803288519,-2.19595858504,材料1|90|正弦波|53|-13,12465.7884897,near-shape-v1:0.02:AF5ADE007572822BED223DBE1F9A1AF0CA69821BED61CDB959A54B04340125C5,0.02,2,2,46439.0973257,q4-hgb-amplitude_and_condition-fold-2,44533.038905,q4-hgb-amplitude_and_condition-full,True,附件一（训练集）.xlsx|材料1|1019,2,2,材料1|正弦波|90|fq2|bq2,0.0419094365734,0.0661542828673,0.10683759986,0.123263615773,True,True,True,True,True,True,True,True,321,1,False,False
附件一（训练集）.xlsx|材料1|2875,附件一（训练集）.xlsx,材料1,2875,C16AEE712BC0AD480B5285F17FA7FA57A5E22A1901D4A6ADB0A1EB83ECFB7FFC,材料1,70,70,396820,86005.21367,三角波,2,1FC32DC6C5D5C336AE2CA480E7C54FEC8DDE66422205CFD658D861572BEA1F28,6CAA2AC7D9433A27C3C52AC7FF6B44D1ACF27ACDB3AFFF095771647C88A9D8B2,12.8912380563,-9.76562580801e-13,0.043690438,0.087154954,0.043577477,0.0254422360909,1.71724049112,0.0254422360909,-0.0395955567,-0.0220330065,-1.365e-05,0.022011698,0.0397092833,0.000230721,0.000170224519531,0.0001434045,0.0002176989,0.00021818525,0.174309908,0.291919563068,-0.454312174831,-0.25280268634,-0.000156617591967,0.252558196531,0.455617053059,0.00206065899715,-1.20170007318,1.71724049116,0.00264725055101,0.001953125,0.00164539700176,0.00249783735759,0.00250341764853,2,0.3984375,0.6015625,0.0009765625,2,0.0349764641384,0.966065827188,0.0246643957322,0.00415171803147,0.00387119103529,5.38237536816e-06,0.000699174188745,0.000182501528919,6.60885934229e-05,0.000147900579738,1.21469484165e-06,-3.13062601089,-2.44006766411,材料1|70|三角波|55|-14,17337.2396072,near-shape-v1:0.02:6A064962C986AE017B9065C45AC089668F542C9533301AED5727F018EC19184E,0.02,1,1,71389.4018181,q4-hgb-amplitude_and_condition-fold-1,76864.8880591,q4-hgb-amplitude_and_condition-full,True,附件一（训练集）.xlsx|材料1|2875,3,1,材料1|三角波|70|fq3|bq1,0.0738987577977,0.186256113629,0.0995572085612,0.117891287822,True,False,True,True,True,True,False,True,311,1,False,False
附件一（训练集）.xlsx|材料1|964,附件一（训练集）.xlsx,材料1,964,C16AEE712BC0AD480B5285F17FA7FA57A5E22A1901D4A6ADB0A1EB83ECFB7FFC,材料1,90,90,158500,7752.760975,正弦波,1,4C28000D1E62144EE5FCB49538216F37A82CE910FC17A2C3C1B78783CDD701AE,6F11C0E6FC8470319781A656036C8A63B9007EC795FA39E713854B3B0A667B3A,11.9735098723,7.1289064929e-11,0.038931771,0.07779864,0.03889932,0.0275787778359,1.41165686281,0.0275787778359,-0.03847838715,-0.0276020285,2.58e-05,0.0275742935,0.0384256489,0.000241568,0.00015195046875,0.0001687095,0.0002371692,0.0002392082,0.15559728,0.354489202329,-0.494589458393,-0.354788060193,0.000331624417997,0.354431561126,0.493911575173,-0.00154721285191,-1.50287533943,1.4116568654,0.00310504142489,0.001953125,0.00216854047834,0.00304850059076,0.00307470927512,2,0.498046875,0.501953125,0.0390625,2,4.93020734967e-06,0.999995054074,2.54804633148e-06,2.09503509403e-06,1.79197044037e-09,9.78225486484e-08,2.52991181345e-10,1.53576080227e-07,9.46474786361e-10,3.23749828482e-08,3.36491593177e-10,-3.24594462649,-2.55363132867,材料1|90|正弦波|52|-15,6170.6857035,near-shape-v1:0.02:22AFF715BA6FF0793192C92D28FD57DEED36CB412EBC0B9D630A4C6F51964056,0.02,4,4,8079.27031517,q4-hgb-amplitude_and_condition-fold-4,8215.40675854,q4-hgb-amplitude_and_condition-full,True,附件一（训练集）.xlsx|材料1|964,1,1,材料1|正弦波|90|fq1|bq1,0.0167076526784,0.0412473140728,0.10683759986,0.123263615773,True,True,False,False,True,False,True,True,300,0,False,False
附件一（训练集）.xlsx|材料1|985,附件一（训练集）.xlsx,材料1,985,C16AEE712BC0AD480B5285F17FA7FA57A5E22A1901D4A6ADB0A1EB83ECFB7FFC,材料1,90,90,177830,13656.58064,正弦波,1,99C45DC46EABDBE046CA9B32D34D57468DF2417E1CEEABADE71A2A230D2A2A7E,73A3784C256738C18C12572A573FFC963365F0290FAAD753F778E5D0CB4F0F43,12.0885833167,4.29687500858e-11,0.043994544,0.087910901,0.0439554505,0.0311452986214,1.41255810499,0.0311452986214,-0.0434724109,-0.03116368575,3.7015e-05,0.031187235,0.04340436665,0.000271902,0.000171700978516,0.000190614,0.000267595,0.0002698219,0.175821802,0.354282555031,-0.494505350855,-0.354491711932,0.00042105082089,0.35475958729,0.493731336083,-0.00174687036111,-1.50232121776,1.41255810637,0.00309292700799,0.001953125,0.002168263524,0.00304393422154,0.00306926555104,2,0.498046875,0.501953125,0.0361328125,2,4.60914050985e-06,0.999995370535,3.11852599035e-06,1.36891195019e-06,1.07769409014e-10,8.24222730203e-08,5.8812329182e-11,2.6640273558e-08,3.84492018861e-11,1.22162583878e-08,1.97395543209e-10,-3.12368965275,-2.43143146605,材料1|90|正弦波|52|-14,7823.54975952,near-shape-v1:0.02:0772F18291C4989EAA88ED3402D818638509981F6263E65507DF2840F304ECB6,0.02,3,2,14205.0413296,q4-hgb-amplitude_and_condition-fold-2,13520.8230493,q4-hgb-amplitude_and_condition-full,True,附件一（训练集）.xlsx|材料1|985,2,1,材料1|正弦波|90|fq2|bq1,0.0493624174282,0.0393725941589,0.10683759986,0.123263615773,True,True,False,True,True,False,True,True,292,0,False,False
附件一（训练集）.xlsx|材料1|943,附件一（训练集）.xlsx,材料1,943,C16AEE712BC0AD480B5285F17FA7FA57A5E22A1901D4A6ADB0A1EB83ECFB7FFC,材料1,90,90,141260,2077.609685,正弦波,1,A7A1826B4A1AC1EF9F3F8EA0A8183DE4091AC64C35A71B121C4576269E0E4598,7698039E12AC1106795F5C9A40F9D51DF7E196C34E47C853FC15EB8511E768D2,11.858357443,-1.17187509696e-11,0.024632156,0.049241527,0.0246207635,0.0174430245115,1.41214936571,0.0174430245115,-0.02433935915,-0.01746261775,1.023e-05,0.01744791075,0.0243257065,0.000151668,9.61748574219e-05,0.0001071035,0.0001496616,0.0001508324,0.098483054,0.354234029167,-0.49428522268,-0.354631929637,0.000207751715717,0.35433325944,0.494007964288,-0.000919163780114,-1.50186349836,1.41214936504,0.00308008319888,0.001953125,0.00217506455476,0.0030393371026,0.00306311378199,2,0.4990234375,0.5009765625,0.0361328125,2,1.82533160844e-06,0.999998160467,7.02807929847e-07,8.84565575516e-07,7.5482675269e-09,1.97719749608e-07,2.81549131565e-09,6.09047323859e-09,8.02542586227e-10,2.24977039761e-08,4.80517069189e-10,-3.70370253515,-3.01101796677,材料1|90|正弦波|51|-17,3479.53835656,near-shape-v1:0.02:06E785D0BC8911429983AEF05B5A5246CC0EA7518C15BD7BA4B3DEA9AEF49F1C,0.02,1,4,1925.96959222,q4-hgb-amplitude_and_condition-fold-4,1947.91873074,q4-hgb-amplitude_and_condition-full,True,附件一（训练集）.xlsx|材料1|943,1,0,材料1|正弦波|90|fq1|bq0,0.0113261122759,0.0757506400944,0.10683759986,0.123263615773,True,True,True,True,True,True,True,True,315,1,False,False
附件一（训练集）.xlsx|材料1|914,附件一（训练集）.xlsx,材料1,914,C16AEE712BC0AD480B5285F17FA7FA57A5E22A1901D4A6ADB0A1EB83ECFB7FFC,材料1,90,90,112160,8722.460852,正弦波,1,3D25735E4D197E1C3E348BD5898EDBB13FF654BFEBFB7A3B0C9F80AF7A6FBADB,77C1F4EE34FAF6AEC07087F29C44B661EC9A41047F56F734C69A473EA5C7485D,11.6276817023,-5.85937548481e-12,0.055279,0.110376002,0.055188001,0.0391328703722,1.41259763146,0.0391328703722,-0.0546399587,-0.0391735015,8.5169e-05,0.03915963875,0.0544799192,0.000343577,0.000215578128906,0.000239756,0.0003361168,0.00033891255,0.220752004,0.354541473356,-0.495034769371,-0.354909588899,0.000771626117237,0.354783993316,0.493584821145,-0.00325823451031,-1.50297335059,1.41259763131,0.00311278714371,0.001953125,0.00217217507117,0.00304519817632,0.0030705275047,2,0.4970703125,0.5029296875,0.0361328125,2,1.10594290279e-05,0.999988925092,8.46743635337e-06,2.26934611586e-06,3.19436518177e-09,1.2895707561e-07,2.68429330415e-10,1.32898362296e-07,4.35678261178e-10,5.66456708102e-08,1.2449505938e-10,-2.89536218941,-2.20386254196,材料1|90|正弦波|50|-13,6200.09264,near-shape-v1:0.02:D34B036468423E4F18902A9C05FBD29CEDED78DB33AA14F9BAE961275D06A595,0.02,1,0,10484.0109924,q4-hgb-amplitude_and_condition-fold-0,8938.49299672,q4-hgb-amplitude_and_condition-full,True,附件一（训练集）.xlsx|材料1|914,1,2,材料1|正弦波|90|fq1|bq2,0.159467836945,0.183930666867,0.10683759986,0.123263615773,False,False,False,True,True,False,True,True,308,0,False,False
附件一（训练集）.xlsx|材料1|657,附件一（训练集）.xlsx,材料1,657,C16AEE712BC0AD480B5285F17FA7FA57A5E22A1901D4A6ADB0A1EB83ECFB7FFC,材料1,70,70,125860,7458.482682,正弦波,1,9C4795CE81B0CECC9C8D34A26B0FD9DF78FD1EE49E47A862F48290C99B7FE876,7B121C87DAECA14F132F511CE31AC86A7CC85A371F74456493D86CFCD609FC07,11.7429254571,2.7343748793e-11,0.043943602,0.087831232,0.043915616,0.0311369353235,1.41130145094,0.0311369353235,-0.04343946195,-0.0311587375,3.2872e-05,0.03116635675,0.04339722395,0.000272233,0.000171545375,0.0001922175,0.0002674908,0.0002696755,0.175662464,0.354508693713,-0.494578761884,-0.354756922086,0.000374262912039,0.354843670218,0.494097861711,-0.00147975741523,-1.50221032294,1.41130145182,0.00309950109774,0.001953125,0.00218848689268,0.00304550891419,0.00307038275405,2,0.498046875,0.501953125,0.037109375,2,5.82905286008e-06,0.999994139793,3.96711881518e-06,1.25753240775e-06,6.00813013054e-09,3.53602251151e-07,9.64376789246e-10,2.30931940679e-07,4.00641600706e-10,1.08894015513e-08,1.57073579526e-09,-3.12484823996,-2.43233812405,材料1|70|正弦波|50|-14,5530.74174772,near-shape-v1:0.02:0772F18291C4989EAA88ED3402D818638509981F6263E65507DF2840F304ECB6,0.02,3,4,6780.89575024,q4-hgb-amplitude_and_condition-fold-4,7388.09334702,q4-hgb-amplitude_and_condition-full,True,附件一（训练集）.xlsx|材料1|657,1,1,材料1|正弦波|70|fq1|bq1,0.0857483689191,0.0952293941859,0.10683759986,0.123263615773,True,True,True,True,True,True,True,True,318,1,False,False
附件一（训练集）.xlsx|材料2|403,附件一（训练集）.xlsx,材料2,403,C16AEE712BC0AD480B5285F17FA7FA57A5E22A1901D4A6ADB0A1EB83ECFB7FFC,材料2,70,70,199500,860.95,正弦波,1,684FADA149102E83135B857E571D14953367D34541F120B250D9E767DA402FA8,7E268B39FD32A3129B415B26AA5594F91FD9FE329C6A53F74C2D212E6B7A84E8,12.2035695153,-3.90624999994e-08,0.01179,0.02357,0.011785,0.00833733303103,1.41412127309,0.00833733303094,-0.0116485,-0.0083375,1e-05,0.00834,0.01163,8e-05,4.603515625e-05,5e-05,7e-05,7e-05,0.04714,0.353726475644,-0.494207082626,-0.353731902312,0.000425925434875,0.353841283941,0.493425501167,-0.00100332797496,-1.50060677647,1.41411658785,0.0033941450997,0.001953125,0.00212134068731,0.00296987696224,0.00296987696224,2,0.4775390625,0.478515625,0.0439453125,2,6.69369056477e-07,0.999999201625,5.4002533761e-07,9.37994121075e-08,2.26491384143e-09,1.78421678093e-08,8.70749596097e-10,5.44933380331e-09,9.68214623105e-10,7.62393213819e-09,5.24460541104e-10,-4.44050356443,-3.74778056203,材料2|70|正弦波|52|-20,2352.105,near-shape-v1:0.02:59A63670DADAEA82CBFF30933DD39B3A4C472B12073DC1A969520A90EE9ABF34,0.02,3,3,1062.13066184,q4-hgb-amplitude_and_condition-fold-3,925.352947308,q4-hgb-amplitude_and_condition-full,True,附件一（训练集）.xlsx|材料2|403,2,0,材料2|正弦波|70|fq2|bq0,0.137717974167,0.209776024453,0.104291900272,0.124780990562,False,False,False,False,True,False,False,False,319,0,False,False
附件一（训练集）.xlsx|材料2|2522,附件一（训练集）.xlsx,材料2,2522,C16AEE712BC0AD480B5285F17FA7FA57A5E22A1901D4A6ADB0A1EB83ECFB7FFC,材料2,70,70,396820,219897.8232,三角波,2,B6098EA0BDB0F501D85E90B5D4632DD45FE816492ED98C538F65E0890B042E95,7E5530E41BD97C49B6DAB8921A3F763D0B5FFEE13970F3169C57D0B9F2D446CA,12.8912380563,-4.492187438e-11,0.061997291,0.123643594,0.061821797,0.0361725803863,1.71393056116,0.0361725803863,-0.05641643435,-0.0312854745,4.42845e-05,0.03134773725,0.056346567,0.000330071,0.000241491394531,0.000204028,0.0003089271,0.00031030035,0.247287188,0.292555232472,-0.456282711299,-0.253029481293,0.00035816287354,0.253533048343,0.455717641505,-0.00220366341711,-1.20246007349,1.71393055992,0.00266953579496,0.001953125,0.00165012996953,0.00249852895735,0.00250963547695,2,0.6015625,0.3984375,0.001953125,2,0.0346566838247,0.966371195139,0.0243554379286,0.004206484142,0.0038400116278,3.68860469915e-06,0.000699030063219,0.00017464250433,6.81034227081e-05,0.000142982207008,8.4046691833e-07,-2.78066458844,-2.09035209388,材料2|70|三角波|55|-13,24601.7650146,near-shape-v1:0.02:45CA59EF0002FB059E089015075F5624833D0625CB7B21EE06342B4D59608AAE,0.02,1,3,229955.336048,q4-hgb-amplitude_and_condition-fold-3,231306.367244,q4-hgb-amplitude_and_condition-full,True,附件一（训练集）.xlsx|材料2|2522,3,2,材料2|三角波|70|fq3|bq2,0.00585797256466,0.0447219016081,0.0878343505474,0.105646065075,True,True,False,False,True,False,False,False,320,0.034375,False,False
附件一（训练集）.xlsx|材料1|986,附件一（训练集）.xlsx,材料1,986,C16AEE712BC0AD480B5285F17FA7FA57A5E22A1901D4A6ADB0A1EB83ECFB7FFC,材料1,90,90,177820,18057.87393,正弦波,1,886882FC5F85DBA675310DA74F30AC07728365AF00496952F8AC77CF3B29A675,7E6D8D8381034F6351F78B14C49804F9FFCEE6F31C4190881A42D437C623B5CA,12.0885270817,-2.53906271008e-11,0.049375959,0.098661415,0.0493307075,0.034943903824,1.4130063787,0.034943903824,-0.04879004435,-0.03495902475,4.64425e-05,0.0349817745,0.04870708975,0.000303701,0.000192698076172,0.000214451,0.0002998217,0.00030197585,0.19732283,0.354180039117,-0.494520013975,-0.354333299645,0.000470726325896,0.354563884224,0.493679213656,-0.00191669302246,-1.50159612327,1.41300637797,0.0030782145178,0.001953125,0.00217360555796,0.00303889519525,0.00306072895873,2,0.498046875,0.501953125,0.03515625,2,4.19906499965e-06,0.999995788535,3.27128239177e-06,6.5098802456e-07,2.20342419925e-08,2.17009693292e-07,8.66397456802e-09,2.64048374907e-09,6.31606002755e-10,2.51721793947e-08,6.24720107394e-10,-3.00829163316,-2.31606134109,材料1|90|正弦波|52|-14,8780.03302938,near-shape-v1:0.02:0772F18291C4989EAA88ED3402D818638509981F6263E65507DF2840F304ECB6,0.02,3,2,18804.604289,q4-hgb-amplitude_and_condition-fold-2,19903.2031248,q4-hgb-amplitude_and_condition-full,True,附件一（训练集）.xlsx|材料1|986,2,1,材料1|正弦波|90|fq2|bq1,0.0567759958383,0.0405177314524,0.10683759986,0.123263615773,True,True,False,False,True,False,True,True,292,0.397260273973,False,False
附件一（训练集）.xlsx|材料1|1066,附件一（训练集）.xlsx,材料1,1066,C16AEE712BC0AD480B5285F17FA7FA57A5E22A1901D4A6ADB0A1EB83ECFB7FFC,材料1,90,90,316230,94691.42506,正弦波,1,69C1ECC77331877A8EC64D7A82851BB2B9B0EB15D6DCEF3D8E7D28C8918717B2,83D5F7A994C38459A14BB6AE619F053940FAD6DD5C129E1FFFF308F38B8837C2,12.6642250759,3.9062503232e-12,0.05549355,0.110861352,0.055430676,0.0392541385101,1.41369934754,0.0392541385101,-0.0548366779,-0.03927587375,6.32925e-05,0.03927207025,0.05472520675,0.000341655,0.000216526078125,0.0002412765,0.0003364386,0.0003389265,0.221722704,0.354083166063,-0.494641973191,-0.354279223962,0.00057091578762,0.354244915271,0.493636472574,-0.00239041948835,-1.5012236237,1.41369934764,0.00308182241905,0.001953125,0.00217638063804,0.00303476905099,0.00305721059581,2,0.498046875,0.501953125,0.0361328125,2,9.15535746209e-06,0.999990833105,8.52807536771e-06,3.94501359808e-07,1.71369365077e-08,1.81634563888e-07,1.31101643389e-08,1.54166822696e-09,8.44784061835e-10,1.80475797909e-08,3.81111558164e-10,-2.8914884812,-2.1994749395,材料1|90|正弦波|55|-13,17548.7253165,near-shape-v1:0.02:4EB40034E55EB0E0B6D2B3734457C3F9B5EC1113141DA2900CBF52EADFF5B96A,0.02,1,0,95667.6899684,q4-hgb-amplitude_and_condition-fold-0,96642.6307841,q4-hgb-amplitude_and_condition-full,True,附件一（训练集）.xlsx|材料1|1066,3,2,材料1|正弦波|90|fq3|bq2,0.0101392273171,0.0102570681773,0.10683759986,0.123263615773,True,True,True,True,True,True,True,True,334,1,False,False
附件一（训练集）.xlsx|材料2|232,附件一（训练集）.xlsx,材料2,232,C16AEE712BC0AD480B5285F17FA7FA57A5E22A1901D4A6ADB0A1EB83ECFB7FFC,材料2,70,70,199500,845.8285981,正弦波,1,96353F9C80DB2301C342D269DFCC509329A65A0C33EFD045C40526FB4FA9FD05,88131EAE3E7810EC88B93A1E47B262A53898571ECD5F8F0496668DE56CED500C,12.2035695153,-1.27929687243e-10,0.011786872,0.023563646,0.011781823,0.00833732806778,1.41374693477,0.00833732806778,-0.011644076,-0.008333263,6.14e-06,0.00833941975,0.0116322009,7.268e-05,4.60227460938e-05,5.10365e-05,7.1449e-05,7.21724e-05,0.047127292,0.353821648304,-0.494154252363,-0.353649128495,0.000260576310206,0.353910421075,0.493650304708,-0.00101539907006,-1.50060829831,1.41374691943,0.00308441231887,0.001953125,0.00216589996302,0.00303217082789,0.00306287066102,2,0.4990234375,0.5009765625,0.033203125,2,7.08081665707e-07,0.999999285215,5.77046550859e-07,9.35850504648e-08,1.35571419659e-09,2.10462129248e-08,3.78241922779e-11,6.5725626771e-09,2.12361567222e-11,7.65703145714e-09,7.58976651858e-10,-4.44076890922,-3.74805017835,材料2|70|正弦波|52|-20,2351.480964,near-shape-v1:0.02:1169EA07786B327B877E4F28E86F502E35A338478FE2DF5713193EAEDB85B7DB,0.02,1,3,1026.42904737,q4-hgb-amplitude_and_condition-fold-3,901.916035527,q4-hgb-amplitude_and_condition-full,True,附件一（训练集）.xlsx|材料2|232,2,0,材料2|正弦波|70|fq2|bq0,0.12918532515,0.193316579676,0.104291900272,0.124780990562,False,False,False,True,True,False,False,False,319,0,False,False
附件一（训练集）.xlsx|材料1|2879,附件一（训练集）.xlsx,材料1,2879,C16AEE712BC0AD480B5285F17FA7FA57A5E22A1901D4A6ADB0A1EB83ECFB7FFC,材料1,70,70,396820,887329.0989,三角波,2,45E864C24D6A41F42977FBD9B5DFED85B512137CE76DEC63423905388E31BF23,8888393A93DBD03369F3569501A57D1E8E582A5A513BC081D1F943E943AE7325,12.8912380563,-2.92968427296e-12,0.123037034,0.245435807,0.1227179035,0.0718708311121,1.71191889806,0.0718708311121,-0.1119224512,-0.06225703,-7.0505e-06,0.06217009625,0.112178025,0.000643632,0.000479366810547,0.0004043895,0.0006145552,0.0006158921,0.490871614,0.292829444858,-0.456015169771,-0.253659116647,-2.87264403532e-05,0.253304915093,0.457056475883,0.00141943399194,-1.20332848002,1.7119188981,0.00262240464367,0.001953125,0.00164763856156,0.00250393456241,0.00250938160788,2,0.3974609375,0.6025390625,0.001953125,2,0.0348164423122,0.966226160997,0.024597132969,0.0041241603522,0.00384068716949,5.46794076049e-06,0.000687265494106,0.000179091993292,6.3499807113e-05,0.000142026201393,1.22546753522e-06,-2.0952698795,-1.40471984455,材料1|70|三角波|55|-10,48823.5558319,near-shape-v1:0.02:DE3EF81C59AA18B2EEEA9B0C9A2B77C83C9F051DFAB46A2C7EEAB428F435C645,0.02,0,4,906761.180213,q4-hgb-amplitude_and_condition-fold-4,857276.271932,q4-hgb-amplitude_and_condition-full,True,附件一（训练集）.xlsx|材料1|2879,3,3,材料1|三角波|70|fq3|bq3,0.0561188067823,0.0216631457328,0.0995572085612,0.117891287822,True,True,False,True,True,False,True,True,309,0,False,False
附件一（训练集）.xlsx|材料1|1054,附件一（训练集）.xlsx,材料1,1054,C16AEE712BC0AD480B5285F17FA7FA57A5E22A1901D4A6ADB0A1EB83ECFB7FFC,材料1,90,90,281850,224289,正弦波,1,50790CDFCD1900507E5648FCE61641061C56BB07E226FB99B6777D550DBBB8AA,8B5C7FEE5579FCEF994484494A851D7283092025255C37FEB87373C3D10FB729,12.5491302935,-3.90624962932e-11,0.087910489,0.175481398,0.087740699,0.0621736176239,1.41395164637,0.0621736176239,-0.08687234145,-0.062122849,0.0001554365,0.06213884525,0.08655881375,0.000546182,0.000342737105469,0.0003803505,0.0005329601,0.00053854915,0.350962796,0.354303181605,-0.495051569004,-0.354013870809,0.000885772172059,0.35410502764,0.493264897451,-0.00393944158638,-1.50204531016,1.41395164574,0.00311247805309,0.001953125,0.00216746905561,0.00303713160525,0.0030689814199,2,0.49609375,0.50390625,0.0361328125,2,2.38543791696e-05,0.999976131979,2.25044152084e-05,1.12451094397e-06,4.82762000983e-09,8.3030427393e-08,2.20751192394e-09,9.29574345332e-08,6.48463009881e-10,3.95831509008e-08,1.62905269653e-09,-2.43143615263,-1.740222236,材料1|90|正弦波|54|-11,24777.5713246,near-shape-v1:0.02:7F6F24AE38E0CCE63FDF30337823792DBF3905EA77531B897A18BC6A076147A1,0.02,1,0,193090.099137,q4-hgb-amplitude_and_condition-fold-0,216442.633283,q4-hgb-amplitude_and_condition-full,True,附件一（训练集）.xlsx|材料1|1054,3,2,材料1|正弦波|90|fq3|bq2,0.114168065399,0.149777763591,0.10683759986,0.123263615773,False,False,True,True,True,True,True,True,325,1,False,False
附件一（训练集）.xlsx|材料4|741,附件一（训练集）.xlsx,材料4,741,C16AEE712BC0AD480B5285F17FA7FA57A5E22A1901D4A6ADB0A1EB83ECFB7FFC,材料4,90,90,158510,615.8035297,正弦波,1,AA51D933F3F93BD27F41BB90FAEE8CB94B83EA40FEC856A060188E6D46410272,8DDE9AFD522FD0421FEEE35E6008A34106F1791956E9B9BA52490950D690EDF4,11.9735729618,8.10546872676e-11,0.011672845,0.023332321,0.0116661605,0.00826701948941,1.41197743818,0.00826701948941,-0.01153579175,-0.008271885,4.6955e-06,0.00827086125,0.0115249936,7.2193e-05,4.55709394531e-05,5.06275e-05,7.10967e-05,7.169675e-05,0.046664642,0.354316207522,-0.494412528914,-0.354524741926,0.000201240971497,0.354480858074,0.493949724031,-0.00100621750428,-1.50255604142,1.41197744798,0.00309411995489,0.001953125,0.00216984414024,0.00304713363064,0.00307285117499,2,0.498046875,0.501953125,0.0361328125,2,3.71494465001e-06,0.999996266267,1.93620678685e-06,1.65384857075e-06,4.08635121716e-09,7.76789855289e-08,1.28283096742e-09,2.58773152308e-08,2.88264901702e-10,1.55260727322e-08,1.35601227668e-10,-4.45049007491,-3.75791571226,材料4|90|正弦波|52|-20,1850.26266095,near-shape-v1:0.02:4D7005B87275B620047B619626548FCA4C82A6333B2AB2226C1A7947CB20D068,0.02,1,4,881.017870786,q4-hgb-amplitude_and_condition-fold-4,695.615742395,q4-hgb-amplitude_and_condition-full,True,附件一（训练集）.xlsx|材料4|741,1,0,材料4|正弦波|90|fq1|bq0,0.235978360885,0.35766177263,0.108741071783,0.133030600098,False,False,False,False,True,False,False,False,338,0,False,False
附件一（训练集）.xlsx|材料1|3166,附件一（训练集）.xlsx,材料1,3166,C16AEE712BC0AD480B5285F17FA7FA57A5E22A1901D4A6ADB0A1EB83ECFB7FFC,材料1,90,90,396820,1127758.631,三角波,2,D808127DE664790A93DD836E4FEE507B7AFBB906D0DD210DC5482C623721F511,8EB7283607FCAD30FB2348AD2207B81563035A9D9F2335380A569C92909D4F61,12.8912380563,-5.85937895425e-12,0.13818574,0.275691267,0.1378456335,0.08076950924,1.71086516806,0.08076950924,-0.126062595,-0.0699238135,7.79845e-05,0.0699065545,0.1258314497,0.000721069,0.000538459505859,0.0004551505,0.0006892884,0.00069071235,0.551382534,0.292970865994,-0.457260022655,-0.253630861271,0.000282868974081,0.253568258678,0.456421601871,-0.00135329137867,-1.20345725953,1.71086516799,0.00261549452707,0.001953125,0.00165094275547,0.00250021847808,0.00250538349479,2,0.6015625,0.3984375,0.0009765625,2,0.0344527949263,0.966567027434,0.0241988907534,0.00421951106524,0.00380857108617,3.08690855474e-06,0.000692675110541,0.000170392759051,6.80906212119e-05,0.000139033610039,6.83664543788e-07,-1.97915655676,-1.28847363719,材料1|90|三角波|55|-9,54834.8653468,near-shape-v1:0.02:1B0B04C9E79E76111C5A7FF53E5D7C975365C28173E856AF43EE9D51CC68B475,0.02,4,4,1136458.20635,q4-hgb-amplitude_and_condition-fold-4,1130353.52513,q4-hgb-amplitude_and_condition-full,True,附件一（训练集）.xlsx|材料1|3166,3,3,材料1|三角波|90|fq3|bq3,0.00538614699,0.00768443227834,0.0995572085612,0.117891287822,True,True,True,True,True,True,True,True,310,1,False,False
附件一（训练集）.xlsx|材料3|1726,附件一（训练集）.xlsx,材料3,1726,C16AEE712BC0AD480B5285F17FA7FA57A5E22A1901D4A6ADB0A1EB83ECFB7FFC,材料3,70,70,251230,16452.36322,三角波,2,B7E25AEC4BF325E9DF8C1052A8283F3D2D826347B551DBA0ADD153BE1640F344,90D286C89030DA429CC4DAA411AAF67E336E6DC792350422B5647A9AF147EEA9,12.4341241332,1.85546873005e-11,0.031213338,0.06220778,0.03110389,0.0180949271366,1.72497726929,0.0180949271366,-0.0281444626,-0.01564948275,-3.495e-05,0.015630506,0.02827885695,0.000163601,0.000121499570312,0.000103925,0.0001536682,0.0001543371,0.12441556,0.290878844038,-0.452426732131,-0.251567935209,-0.000561827130862,0.251262880325,0.454587142178,0.00510478909295,-1.19897067639,1.72497726826,0.00262991220712,0.001953125,0.00167061097503,0.00247024086055,0.00248099353489,2,0.4033203125,0.5966796875,0.0009765625,2,0.0332652407483,0.967649816617,0.0225388831153,0.00476959922314,0.00374123883106,1.12845201635e-06,0.000760837851365,0.000137583694444,9.95691962702e-05,0.000139973634743,2.90111464707e-07,-3.46690977552,-2.77727520667,材料3|70|三角波|54|-16,7841.72690574,near-shape-v1:0.02:75F61AEAE45CC47AE307E272C44F57F33B9D6AEA3AEB27686998132144815472,0.02,3,4,16882.0863824,q4-hgb-amplitude_and_condition-fold-4,17232.7317886,q4-hgb-amplitude_and_condition-full,True,附件一（训练集）.xlsx|材料3|1726,2,1,材料3|三角波|70|fq2|bq1,0.020556298761,0.0257824076354,0.0899223710084,0.10470351852,True,True,False,True,True,False,False,False,318,0.135220125786,False,False
附件一（训练集）.xlsx|材料1|3150,附件一（训练集）.xlsx,材料1,3150,C16AEE712BC0AD480B5285F17FA7FA57A5E22A1901D4A6ADB0A1EB83ECFB7FFC,材料1,90,90,396820,854037.1136,三角波,2,B4FA8EEB0F5C1A6EBF9BF267A1D439BD3D091F58319EF4A624F61EC29FB6AD58,92F13FAC13A44324263710E4C0D2F0A400BB8AE2DDAFE27C9A47405B1F69F758,12.8912380563,-3.90624858848e-12,0.122977618,0.245241384,0.122620692,0.0718169294614,1.71237643996,0.0718169294614,-0.11183762965,-0.0621959425,-1.4205e-05,0.062106785,0.11206980805,0.00064508,0.000478987078125,0.0004041485,0.0006141911,0.00061592685,0.490482768,0.292841804634,-0.456030820826,-0.253611121751,-5.79225082735e-05,0.253247571804,0.456977555036,0.00159132399353,-1.20318157688,1.71237644001,0.00263038802619,0.001953125,0.00164796207479,0.00250443497742,0.00251151269804,2,0.3974609375,0.6025390625,0.001953125,2,0.0348133587961,0.966229222997,0.0245842875801,0.00413525718233,0.00384157835152,5.08046158766e-06,0.000686757069508,0.000177901970514,6.4310523454e-05,0.000141364022358,1.14745806389e-06,-2.09575290765,-1.40551231265,材料1|90|三角波|55|-10,48799.9783748,near-shape-v1:0.02:DE3EF81C59AA18B2EEEA9B0C9A2B77C83C9F051DFAB46A2C7EEAB428F435C645,0.02,0,3,898876.236618,q4-hgb-amplitude_and_condition-fold-3,872207.743291,q4-hgb-amplitude_and_condition-full,True,附件一（训练集）.xlsx|材料1|3150,3,3,材料1|三角波|90|fq3|bq3,0.0301176898919,0.0511706473601,0.0995572085612,0.117891287822,True,True,True,False,True,False,True,True,296,1,False,False
附件一（训练集）.xlsx|材料1|963,附件一（训练集）.xlsx,材料1,963,C16AEE712BC0AD480B5285F17FA7FA57A5E22A1901D4A6ADB0A1EB83ECFB7FFC,材料1,90,90,158500,6022.969781,正弦波,1,5C820F46890BEAF8B7BDE61D7871D0DBD401925609F9F8D4014CBECD00BD1CB5,943DAA984C0173CF77FDC9A59BD0A0BFFC7EB3175C799A0C14EDA9B6BDD21C6D,11.9735098723,3.32031260125e-11,0.034810607,0.069578196,0.034789098,0.0246671913811,1.41121080475,0.0246671913811,-0.0344124244,-0.024698045,2.29e-05,0.02467011225,0.0343762938,0.000215907,0.000135894914062,0.000151849,0.0002117546,0.0002138328,0.139156392,0.354524733311,-0.494586327493,-0.354968171828,0.000329125618561,0.354566712491,0.494067046044,-0.00134719748926,-1.50240607046,1.4112108061,0.00310308419034,0.001953125,0.00218242220595,0.00304340457462,0.00307327312712,2,0.4990234375,0.5009765625,0.0390625,2,4.45718221696e-06,0.999995508673,2.47549012855e-06,1.48981524977e-06,1.61974051863e-09,2.69489688794e-07,1.75220662881e-10,2.03091059304e-07,4.19618903331e-10,1.70206652621e-08,4.08265252792e-11,-3.35783313979,-2.66530403658,材料1|90|正弦波|52|-15,5517.4812095,near-shape-v1:0.02:426EDFFD2BC700B3CB86F8A10CF880E05CD68ED74B3D9E845DEBFEA10EBDB7F1,0.02,2,4,6110.53416535,q4-hgb-amplitude_and_condition-fold-4,6084.01734349,q4-hgb-amplitude_and_condition-full,True,附件一（训练集）.xlsx|材料1|963,1,1,材料1|正弦波|90|fq1|bq1,0.00434825591823,0.0144313585067,0.10683759986,0.123263615773,True,True,True,True,True,True,True,True,300,1,False,False
附件一（训练集）.xlsx|材料1|3144,附件一（训练集）.xlsx,材料1,3144,C16AEE712BC0AD480B5285F17FA7FA57A5E22A1901D4A6ADB0A1EB83ECFB7FFC,材料1,90,90,396820,106507.1312,三角波,2,46B9A559CBFB05C519CA491E1BBD4689EF5016FFF835814278E50497CBB7878B,95D6598A8076D29E84BFAE9922D1EC0DCF12276EE5A7CCF5C829E10910581265,12.8912380563,1.75781247197e-11,0.049056881,0.097860312,0.048930156,0.0285770835644,1.71665106726,0.0285770835644,-0.04449116995,-0.0247629965,-3.7857e-05,0.0247483415,0.0445842576,0.000258773,0.000191133421875,0.000160942,0.0002445086,0.00024542425,0.195720624,0.292019134012,-0.454639567955,-0.253044324216,-0.000386847505433,0.252894569582,0.455590797446,0.00212700210445,-1.20204665698,1.71665106665,0.0026443099834,0.001953125,0.00164460951238,0.00249854711275,0.00250790381702,2,0.3984375,0.6015625,0.0009765625,2,0.0349742311581,0.96606904481,0.0246859952735,0.0041329161882,0.00387031754653,5.52982556746e-06,0.000697325580215,0.000182904663026,6.50608634343e-05,0.000146251923318,1.22022405286e-06,-3.01477481739,-2.3242142049,材料1|90|三角波|55|-14,19466.7515184,near-shape-v1:0.02:A9E3A633D1CCDECE5CA0E7D47B35DEBA5EDFD3620DDE5D756C5F81AD37B38EC7,0.02,3,0,108193.804666,q4-hgb-amplitude_and_condition-fold-0,102564.772096,q4-hgb-amplitude_and_condition-full,True,附件一（训练集）.xlsx|材料1|3144,3,1,材料1|三角波|90|fq3|bq1,0.0534290774578,0.0157120177029,0.0995572085612,0.117891287822,True,True,False,True,True,False,False,True,326,0.377300613497,False,False
附件一（训练集）.xlsx|材料1|2892,附件一（训练集）.xlsx,材料1,2892,C16AEE712BC0AD480B5285F17FA7FA57A5E22A1901D4A6ADB0A1EB83ECFB7FFC,材料1,70,70,396820,888296.5947,三角波,2,02F3B180B59F95F5C2F4F886441C110F7339F5AC42AC340507F2F06E361CC683,96887DA32BC6AA56AB09F6CAC8E268E130D6D5B60DF8425B1A5C15003D290B4B,12.8912380563,-2.92968947713e-12,0.123108464,0.245597818,0.122798909,0.0719290987377,1.71152518467,0.0719290987377,-0.11209894675,-0.062257796,1.03095e-05,0.06232624175,0.1121343796,0.000643651,0.000479683238281,0.0004051065,0.0006137301,0.00061549975,0.491195636,0.292873525194,-0.456432991384,-0.253494906852,4.19771764002e-05,0.253773597259,0.456577263251,-0.0012899246934,-1.20328485981,1.71152518463,0.00262075211108,0.001953125,0.00164947108773,0.00249892325998,0.0025061287393,2,0.6005859375,0.3994140625,0.001953125,2,0.0344639087824,0.966555411343,0.0241987867475,0.00422267915432,0.00381451153767,3.06431908661e-06,0.000692945308438,0.000170409610935,6.85613472966e-05,0.000139625749554,6.93754839774e-07,-2.09468949105,-1.40405996711,材料1|70|三角波|55|-10,48851.9006845,near-shape-v1:0.02:1B0B04C9E79E76111C5A7FF53E5D7C975365C28173E856AF43EE9D51CC68B475,0.02,4,4,905817.751452,q4-hgb-amplitude_and_condition-fold-4,914940.937647,q4-hgb-amplitude_and_condition-full,True,附件一（训练集）.xlsx|材料1|2892,3,3,材料1|三角波|70|fq3|bq3,0.010021374694,0.019532416429,0.0995572085612,0.117891287822,True,True,True,True,True,True,True,True,309,1,False,False
附件一（训练集）.xlsx|材料2|782,附件一（训练集）.xlsx,材料2,782,C16AEE712BC0AD480B5285F17FA7FA57A5E22A1901D4A6ADB0A1EB83ECFB7FFC,材料2,90,90,79470,415.6131139,正弦波,1,309D25979E3684CBE1A664085B1CD651C425410744C57616C53230FBC817A011,97E5B636DFAB62A520BD1CB75835A515BC34A91D67F0695C688C82DA6644B49F,11.2831348709,-3.80859376155e-11,0.019044231,0.038042869,0.0190214345,0.0134736377598,1.4134438924,0.0134736377598,-0.0188198016,-0.0134700655,2.355e-05,0.01347796775,0.01877842955,0.000117189,7.43024785156e-05,8.27135e-05,0.0001153429,0.0001162715,0.076085738,0.354169864522,-0.494699849318,-0.354075962618,0.000619039486374,0.354283684232,0.493612340018,-0.00252373170529,-1.50119982176,1.41344388958,0.00308044590433,0.001953125,0.00217421824837,0.00303191907004,0.00305632837523,2,0.4970703125,0.5029296875,0.03515625,2,2.64379453106e-06,0.999997338774,1.82163885788e-06,3.66571383895e-07,3.17353159244e-08,3.88020231315e-07,2.68193101504e-09,1.16255401106e-09,9.98471209851e-10,2.91837359451e-08,1.79501412763e-09,-3.96099105792,-3.26904162354,材料2|90|正弦波|49|-18,1513.44503757,near-shape-v1:0.02:FCF650DB9B87AC6132AFBD0D54DDC6677E35FC9D961C2612E428B8BD93B8EBB1,0.02,3,0,551.323338125,q4-hgb-amplitude_and_condition-fold-0,445.935486697,q4-hgb-amplitude_and_condition-full,True,附件一（训练集）.xlsx|材料2|782,0,0,材料2|正弦波|90|fq0|bq0,0.211719373126,0.281975625533,0.104291900272,0.124780990562,False,False,True,True,True,True,False,True,325,1,False,False
附件一（训练集）.xlsx|材料1|2883,附件一（训练集）.xlsx,材料1,2883,C16AEE712BC0AD480B5285F17FA7FA57A5E22A1901D4A6ADB0A1EB83ECFB7FFC,材料1,70,70,354610,1587267.614,三角波,2,9275C6E46E358B604BDAA23C1AB4F193DE0DD0C1667D5B359D245D16DAC57AB4,9839352640CA1B000642A4F3319BF7CB35AB9F8BB258142BF231774C37300343,12.778773873,-6.4453123394e-11,0.173213908,0.345359938,0.172679969,0.101051766225,1.7141106432,0.101051766225,-0.15764761265,-0.087463278,0.0001315765,0.08736868475,0.15736759075,0.000908126,0.000674531128906,0.0005712,0.0008630638,0.00086526465,0.690719876,0.292598402727,-0.456473363698,-0.253252529642,0.000380983866325,0.252978632439,0.455662552309,-0.00272493162961,-1.20226735015,1.71411064256,0.00262950591565,0.001953125,0.00165392663465,0.00249902697168,0.00250539959849,2,0.6005859375,0.3994140625,0.0009765625,2,0.0344779913795,0.966538495281,0.0241431824532,0.00427064923799,0.00382112661393,2.35838411301e-06,0.000704611268904,0.000169862883275,7.08159905485e-05,0.000141167771867,5.31304376455e-07,-1.75322798585,-1.06316810726,材料1|70|三角波|55|-8,61423.3839159,near-shape-v1:0.02:8188412DB8D04F2BAA79712BE2708235391769123590D6C5528ABFA255EF7212,0.02,4,2,1802326.37462,q4-hgb-amplitude_and_condition-fold-2,1678311.11831,q4-hgb-amplitude_and_condition-full,True,附件一（训练集）.xlsx|材料1|2883,3,3,材料1|三角波|70|fq3|bq3,0.0712902187235,0.127064129415,0.0995572085612,0.117891287822,True,False,False,True,True,False,True,True,314,0.331210191083,False,False
附件一（训练集）.xlsx|材料1|1017,附件一（训练集）.xlsx,材料1,1017,C16AEE712BC0AD480B5285F17FA7FA57A5E22A1901D4A6ADB0A1EB83ECFB7FFC,材料1,90,90,223850,18041.45511,正弦波,1,8874B5D32877F8EA9BF1A2B21FF9F82AFAA59C868157E403EE8B381F75F3C262,988266DBC21CEDE59D1D5D5106FCEC00160CEECB6A812DD7F672E0E77A382B20,12.3187314637,9.76562233856e-12,0.039127558,0.078198533,0.0390992665,0.0276960766562,1.41274731745,0.0276960766562,-0.0386593051,-0.027723634,2.9746e-05,0.027697205,0.03861024245,0.000240474,0.000152731509766,0.000170094,0.0002376484,0.00023949845,0.156397066,0.354176422417,-0.49437378972,-0.354528824854,0.000380390642806,0.354190851512,0.493746378084,-0.00151561147618,-1.50167808984,1.4127473178,0.0030751727785,0.001953125,0.00217515589455,0.00303903910832,0.00306269748053,2,0.498046875,0.501953125,0.03515625,2,3.00600361851e-06,0.99999698089,2.06143970013e-06,7.19107324148e-07,9.94883729897e-09,1.850512398e-07,6.44452635623e-09,1.92322048637e-09,1.70185427397e-09,2.00095809707e-08,3.68259593892e-10,-3.24092825207,-2.5485043912,材料1|90|正弦波|53|-15,8758.7038583,near-shape-v1:0.02:22AFF715BA6FF0793192C92D28FD57DEED36CB412EBC0B9D630A4C6F51964056,0.02,4,4,18146.3231102,q4-hgb-amplitude_and_condition-fold-4,18907.7058225,q4-hgb-amplitude_and_condition-full,True,附件一（训练集）.xlsx|材料1|1017,2,1,材料1|正弦波|90|fq2|bq1,0.0410993787471,0.00579546484547,0.10683759986,0.123263615773,True,True,False,False,True,False,True,True,327,0.357798165138,False,False
附件一（训练集）.xlsx|材料1|746,附件一（训练集）.xlsx,材料1,746,C16AEE712BC0AD480B5285F17FA7FA57A5E22A1901D4A6ADB0A1EB83ECFB7FFC,材料1,70,70,223850,19653.1025,正弦波,1,CC794463D610A85AAA6DCB1AACBFA8E8793E642A996BD02FA1896213B0FA7E00,9B0B17A498360CAFA42A244D4A736BACEE4AFC557FD46BE1F187E604B919DB5C,12.3187314637,3.41796885933e-11,0.039271564,0.07848812,0.03924406,0.0277975546724,1.41277045635,0.0277975546724,-0.0388116601,-0.0277952835,2.5495e-05,0.02780874675,0.0387616134,0.000241857,0.000153297109375,0.0001704615,0.0002384726,0.00024014465,0.15697624,0.354162574826,-0.494490887719,-0.354133638749,0.000324825793003,0.354305170207,0.49385325277,-0.0014298107028,-1.50156689019,1.41277045758,0.00308144723049,0.001953125,0.00217181275332,0.00303832732903,0.00305963055301,2,0.4990234375,0.5009765625,0.037109375,2,2.96300661009e-06,0.999997023967,2.09926071937e-06,6.24035613364e-07,1.04496057519e-08,1.99256349622e-07,5.40200552388e-09,1.89156590294e-09,2.99689177392e-10,2.11624338841e-08,1.23980948797e-09,-3.23725458435,-2.54480800323,材料1|70|正弦波|53|-15,8790.9396014,near-shape-v1:0.02:AF5ADE007572822BED223DBE1F9A1AF0CA69821BED61CDB959A54B04340125C5,0.02,2,2,19854.7777673,q4-hgb-amplitude_and_condition-fold-2,19642.4508455,q4-hgb-amplitude_and_condition-full,True,附件一（训练集）.xlsx|材料1|746,2,1,材料1|正弦波|70|fq2|bq1,0.0107510437243,0.0102089410306,0.10683759986,0.123263615773,True,True,True,True,True,True,True,True,322,1,False,False
附件一（训练集）.xlsx|材料1|471,附件一（训练集）.xlsx,材料1,471,C16AEE712BC0AD480B5285F17FA7FA57A5E22A1901D4A6ADB0A1EB83ECFB7FFC,材料1,50,50,199500,1032.120321,正弦波,1,FFD40D2BEAC1B37A44A67CBE3CC755F08C39C5D312F877558CAA353414AB4B9A,A0A1FDC69167C8E2BFCB5F561B262E75C4019CA6C4359C8E3635275667374B51,12.2035695153,2.34375002045e-11,0.012983268,0.025966364,0.012983182,0.00918855938677,1.41298188905,0.00918855938677,-0.01282785625,-0.00917932125,2.5e-07,0.009179388,0.01282677635,7.995e-05,5.07155546875e-05,5.61995e-05,7.88668e-05,7.956085e-05,0.051932728,0.353863921293,-0.494018194979,-0.353508148982,9.62693746802e-06,0.35351071781,0.493976604755,-6.54971975638e-05,-1.50086430229,1.4129818916,0.00307898325696,0.001953125,0.00216431919386,0.00303726775146,0.00306399656109,2,0.4990234375,0.5,0.0341796875,2,4.54924909193e-07,0.999999540607,2.30318336278e-07,1.88021715247e-07,1.29487400757e-10,1.40010073038e-09,1.14602763894e-09,1.92494366268e-08,9.64313063747e-11,1.45425435797e-08,2.06213949726e-11,-4.34409382744,-3.65095327081,材料1|50|正弦波|52|-19,2590.161966,near-shape-v1:0.02:D0D4633164DAECCA5A4320E9F5467F8DC22F6D34B9EB0B17FC10B93B028376AE,0.02,3,2,1155.34365899,q4-hgb-amplitude_and_condition-fold-2,1112.50895826,q4-hgb-amplitude_and_condition-full,True,附件一（训练集）.xlsx|材料1|471,2,0,材料1|正弦波|50|fq2|bq0,0.0377467561138,0.112679348328,0.10683759986,0.123263615773,True,True,False,False,True,False,True,True,330,0.127272727273,False,False
附件一（训练集）.xlsx|材料1|3147,附件一（训练集）.xlsx,材料1,3147,C16AEE712BC0AD480B5285F17FA7FA57A5E22A1901D4A6ADB0A1EB83ECFB7FFC,材料1,90,90,396820,379089.2573,三角波,2,FAA05A3CE6DECA5E43E02726DDDDE902E073324C73BE3AAC85A9C10336BB1FA9,A0E9873786E6D398E3133296110BDA6F047DFD43E31829FCFD764FCA00207253,12.8912380563,3.7109374601e-11,0.08685001,0.173200798,0.086600399,0.0506711224613,1.71399419988,0.0506711224613,-0.07899494445,-0.04387292275,-5.66105e-05,0.04387736825,0.0790147996,0.000455423,0.000338282808594,0.0002853175,0.0004331684,0.0004343438,0.346401596,0.292557095847,-0.456088802126,-0.253306701203,-0.000326849170229,0.253332367515,0.456203438294,0.00202682983834,-1.20280772975,1.71399419915,0.00262945093359,0.001953125,0.00164732208682,0.00250096076347,0.00250774710634,2,0.3984375,0.6015625,0,2,0.0348231379547,0.966216408993,0.0245686884983,0.00414549062083,0.00384816048179,5.18636331122e-06,0.000691403143564,0.000179252663117,6.43160264185e-05,0.000143051397892,1.13810921344e-06,-2.44357267115,-1.75330367547,材料1|90|三角波|55|-11,34463.8209682,near-shape-v1:0.02:3C03F274D569F93086DDCD32B0E345ADFFA4922B7C787D9FB2AF0D3F25B2F725,0.02,1,1,393224.667067,q4-hgb-amplitude_and_condition-fold-1,384597.957835,q4-hgb-amplitude_and_condition-full,True,附件一（训练集）.xlsx|材料1|3147,3,2,材料1|三角波|90|fq3|bq2,0.0221825401119,0.0366093408851,0.0995572085612,0.117891287822,True,True,True,True,True,True,False,True,306,1,False,False
附件一（训练集）.xlsx|材料1|2888,附件一（训练集）.xlsx,材料1,2888,C16AEE712BC0AD480B5285F17FA7FA57A5E22A1901D4A6ADB0A1EB83ECFB7FFC,材料1,70,70,396820,41382.3238,三角波,2,E0EA94AB873801740643BF45EF85BCAFD0D9F1EF139150E6182F5077D906A098,A2F84F3E5DFB1AF25330D4067C7BFFFEE29AAF935FB603A5B236F6DC9AEC89BA,12.8912380563,2.53906257998e-11,0.031157926,0.062099417,0.0310497085,0.0181090144805,1.72057546442,0.0181090144805,-0.02828191985,-0.0156541795,1.67e-05,0.0156694525,0.02822078095,0.000165855,0.000121287923828,0.0001025045,0.0001549701,0.0001557771,0.124198834,0.291613276828,-0.45542971644,-0.252082552166,0.000268923210815,0.252328495686,0.45444518303,-0.0034359801445,-1.20035181301,1.72057546582,0.00267079802054,0.001953125,0.00165065156731,0.00249551618174,0.00250851147282,2,0.6015625,0.3984375,0,2,0.0349368932619,0.966099150004,0.02451859992,0.00422906790262,0.00389102908647,4.09035194703e-06,0.000710920209565,0.000180452892165,6.92874065452e-05,0.00014810441435,9.50700370811e-07,-3.46868661989,-2.77901867817,材料1|70|三角波|55|-16,12364.0881953,near-shape-v1:0.02:97C419089A0A12FDF264D9820AC3B511683041FA5CFAB928F54FB9E91639D089,0.02,2,0,41481.9180784,q4-hgb-amplitude_and_condition-fold-0,40872.023135,q4-hgb-amplitude_and_condition-full,True,附件一（训练集）.xlsx|材料1|2888,3,1,材料1|三角波|70|fq3|bq1,0.0148114655541,0.00240373701272,0.0995572085612,0.117891287822,True,True,True,True,True,True,False,True,298,1,False,False
附件一（训练集）.xlsx|材料1|2882,附件一（训练集）.xlsx,材料1,2882,C16AEE712BC0AD480B5285F17FA7FA57A5E22A1901D4A6ADB0A1EB83ECFB7FFC,材料1,70,70,396820,1972606.801,三角波,2,7DF1F7214450E63D04D720B6FFE0AFB70F10D05FC35B28F64EFC4BBF0A650EC9,A4E120BAB5A53BE717A7614377619296C7C6DFC10F4A19782F89306E214789A4,12.8912380563,4.10156283936e-11,0.173560854,0.345907238,0.172953619,0.101374144455,1.71208205932,0.101374144455,-0.1579441902,-0.0877555375,-9.10955e-05,0.0877249805,0.15811575595,0.000912128,0.000675600074219,0.0005713675,0.0008683408,0.00087145515,0.691814476,0.293067427676,-0.456608514914,-0.253696736872,-0.000263352514802,0.253608397923,0.457104502419,0.0024711548855,-1.20325511658,1.71208205891,0.00263691504484,0.001953125,0.00165179399918,0.00251032850605,0.00251933193141,2,0.3974609375,0.6025390625,0.0009765625,2,0.0349590459936,0.966096775987,0.0247502886399,0.00409877718657,0.00385171190351,5.94341880336e-06,0.000682388376883,0.000180635124847,6.20278447781e-05,0.000140672355378,1.37677535311e-06,-1.75122699758,-1.06158463814,材料1|70|三角波|55|-8,68872.4180843,near-shape-v1:0.02:3C03F274D569F93086DDCD32B0E345ADFFA4922B7C787D9FB2AF0D3F25B2F725,0.02,1,2,2072907.3065,q4-hgb-amplitude_and_condition-fold-2,2097060.40458,q4-hgb-amplitude_and_condition-full,True,附件一（训练集）.xlsx|材料1|2882,3,3,材料1|三角波|70|fq3|bq3,0.0115844333955,0.0495961759943,0.0995572085612,0.117891287822,True,True,True,True,True,True,True,True,314,1,False,False
附件一（训练集）.xlsx|材料1|944,附件一（训练集）.xlsx,材料1,944,C16AEE712BC0AD480B5285F17FA7FA57A5E22A1901D4A6ADB0A1EB83ECFB7FFC,材料1,90,90,141260,2745.415547,正弦波,1,0E9FACA0C5A1A7C507FA0271CD5E4835BA3637480AE8F98F33D816F6031A72B0,A5078A1A2EFE5220A11FF8EE0107D395C0762A16BBACCD8F3686C92103BB9B04,11.858357443,3.32031242778e-11,0.027793873,0.0555622,0.0277811,0.0196643515512,1.41341416357,0.0196643515512,-0.02746608735,-0.01966139875,1.3905e-05,0.01966076375,0.0274412578,0.000171169,0.000108519921875,0.000120755,0.0001683013,0.000169865,0.1111244,0.353915999568,-0.494330450976,-0.3538628561,0.000250259471311,0.353851426272,0.493883571327,-0.00102227814173,-1.50004097682,1.41341416526,0.00308067355144,0.001953125,0.00217333006972,0.00302906112429,0.00305720435836,2,0.498046875,0.5009765625,0.0341796875,2,1.54156405172e-06,0.999998437813,1.21915460135e-06,3.60554591152e-09,1.00412012585e-09,2.85421821385e-07,3.59187273356e-09,2.82767557789e-08,2.05923618014e-10,1.97176379284e-10,1.03826222222e-10,-3.58293967826,-2.89025216505,材料1|90|正弦波|51|-16,3926.16249998,near-shape-v1:0.02:5FABFA693D468A1F0AA430A5382A4CD0B6F9852E548384491840512802EC18D8,0.02,0,0,2785.91310565,q4-hgb-amplitude_and_condition-fold-0,2732.61778832,q4-hgb-amplitude_and_condition-full,True,附件一（训练集）.xlsx|材料1|944,1,1,材料1|正弦波|90|fq1|bq1,0.0193086404754,0.0146379455498,0.10683759986,0.123263615773,True,True,False,False,True,False,True,True,324,0.345679012346,False,False
附件一（训练集）.xlsx|材料1|2894,附件一（训练集）.xlsx,材料1,2894,C16AEE712BC0AD480B5285F17FA7FA57A5E22A1901D4A6ADB0A1EB83ECFB7FFC,材料1,70,70,396820,1505892.074,三角波,2,BD294F6B7F207545164C8FF735112E40AE37F7D58F220EDC230150FC244FC22E,A60AE6D4ED0C0895EDD4A667EB0FC9D2CEFCE38E7B60E3B71E157CE7C0A31745,12.8912380563,1.07421866541e-11,0.15459914,0.308278803,0.1541394015,0.0903221417815,1.71164165232,0.0903221417815,-0.1409701321,-0.07819875475,4.8212e-05,0.07822485575,0.14064931085,0.00081056,0.000602107037109,0.000510307,0.0007714581,0.00077593675,0.616557606,0.292988492568,-0.457281301014,-0.253662444514,0.000156390866932,0.25374711131,0.456240615542,-0.00213517178262,-1.20307186478,1.71164165244,0.00262930824991,0.001953125,0.00165534248555,0.00250246884474,0.00251699676542,2,0.6015625,0.3984375,0.0009765625,2,0.0344839332443,0.966538484125,0.0242039578567,0.00423507464033,0.00381647786265,2.99285683864e-06,0.00069360267814,0.000169972529961,6.7959194038e-05,0.000139342938084,6.68007897628e-07,-1.86691970559,-1.17675070091,材料1|70|三角波|55|-9,61348.0307348,near-shape-v1:0.02:8188412DB8D04F2BAA79712BE2708235391769123590D6C5528ABFA255EF7212,0.02,4,1,1595697.93538,q4-hgb-amplitude_and_condition-fold-1,1518853.65171,q4-hgb-amplitude_and_condition-full,True,附件一（训练集）.xlsx|材料1|2894,3,3,材料1|三角波|70|fq3|bq3,0.049355312045,0.0579257173964,0.0995572085612,0.117891287822,True,True,True,True,True,True,True,True,308,1,False,False
附件一（训练集）.xlsx|材料1|907,附件一（训练集）.xlsx,材料1,907,C16AEE712BC0AD480B5285F17FA7FA57A5E22A1901D4A6ADB0A1EB83ECFB7FFC,材料1,90,90,112160,1223.050584,正弦波,1,5D1430B298B251E58DC5DB12ED857F7BABDBBA209306380F583A5E8E2831B0E6,A74DA7D9EF71BC76231E1F72672286F5A7101D3705D84926FD8A062A7CE56037,11.6276817023,2.7343748793e-11,0.024636078,0.049227939,0.0246139695,0.0174479631289,1.41197444183,0.0174479631289,-0.02435388175,-0.01745390975,1.829e-05,0.01746804075,0.02431283495,0.000152507,9.61483183594e-05,0.0001067505,0.0001497564,0.0001509884,0.098455878,0.354432127026,-0.4947166644,-0.354552925268,0.000371536428861,0.354839976597,0.493882852229,-0.00167682140462,-1.50250867166,1.4119744434,0.00309797653727,0.001953125,0.00216849419595,0.00304210176258,0.00306712820132,2,0.4990234375,0.5009765625,0.0361328125,2,3.85849752934e-06,0.999996115752,1.91395317601e-06,1.61220443682e-06,9.12005136085e-09,2.38619613633e-07,9.93655047844e-10,2.55392160172e-08,4.73578136721e-10,5.63645016972e-08,1.21431325735e-09,-3.70354332506,-3.01129395081,材料1|90|正弦波|50|-17,2763.18250848,near-shape-v1:0.02:0772F18291C4989EAA88ED3402D818638509981F6263E65507DF2840F304ECB6,0.02,3,2,1284.48978405,q4-hgb-amplitude_and_condition-fold-2,1240.62592391,q4-hgb-amplitude_and_condition-full,True,附件一（训练集）.xlsx|材料1|907,1,0,材料1|正弦波|90|fq1|bq0,0.0347180509622,0.0489742905952,0.10683759986,0.123263615773,True,True,True,True,True,True,True,True,339,1,False,False
附件一（训练集）.xlsx|材料1|3164,附件一（训练集）.xlsx,材料1,3164,C16AEE712BC0AD480B5285F17FA7FA57A5E22A1901D4A6ADB0A1EB83ECFB7FFC,材料1,90,90,396820,655128.1488,三角波,2,744092736863700094E6F37C47834FD73B8536493B2AA24A3FDF1CAE3A973585,A99AD8639158F198DE4801255376BBFE33B3302E2D76EFCEF08ECD1D6ED61A44,12.8912380563,-3.9062503232e-12,0.10969664,0.218836315,0.1094181575,0.0640758964313,1.71197979442,0.0640758964313,-0.09998300155,-0.05542352725,5.0024e-05,0.05550962925,0.0998784995,0.000572599,0.000427414677734,0.000361108,0.0005467806,0.00054824395,0.43767263,0.292802848701,-0.456884870987,-0.253264762049,0.000228590962639,0.253658215977,0.456407335793,-0.00169398351602,-1.20315738199,1.71197979436,0.00261656297768,0.001953125,0.00165012831623,0.0024985825593,0.00250526952074,2,0.6015625,0.3984375,0.0009765625,2,0.034509375548,0.966512012742,0.0242404942097,0.00421399479947,0.00382103214829,3.22644124006e-06,0.000694335430175,0.000171624974209,6.79860362555e-05,0.000140284716497,7.47263557358e-07,-2.21003654116,-1.51943124871,材料1|90|三角波|55|-10,43529.8206848,near-shape-v1:0.02:1B0B04C9E79E76111C5A7FF53E5D7C975365C28173E856AF43EE9D51CC68B475,0.02,4,3,667832.822823,q4-hgb-amplitude_and_condition-fold-3,691002.00143,q4-hgb-amplitude_and_condition-full,True,附件一（训练集）.xlsx|材料1|3164,3,3,材料1|三角波|90|fq3|bq3,0.0341047930021,0.0192069844201,0.0995572085612,0.117891287822,True,True,True,True,True,True,True,True,296,1,False,False
附件一（训练集）.xlsx|材料1|945,附件一（训练集）.xlsx,材料1,945,C16AEE712BC0AD480B5285F17FA7FA57A5E22A1901D4A6ADB0A1EB83ECFB7FFC,材料1,90,90,141260,7790.490007,正弦波,1,55DCAE0C6A13598DA8EE29FCE006668593E5E6A0C2DF7418A15A45505931F13B,AA31D8A9B5436266B46495F14D70710DCEB7A1E3008EBA1D370222A5AD1C0009,11.858357443,-1.95312342688e-12,0.043686574,0.087295586,0.043647793,0.0309476608489,1.41162765785,0.0309476608489,-0.04318722175,-0.030962252,3.85e-05,0.03093575925,0.0431163375,0.000270559,0.000170499191406,0.000189315,0.000266513,0.0002685798,0.174591172,0.354515758093,-0.494724002976,-0.354682904563,0.00044103033976,0.354379421337,0.493912000338,-0.00177808226254,-1.5029625506,1.41162765778,0.00309934341927,0.001953125,0.00216866635158,0.00305299514227,0.00307667102435,2,0.4990234375,0.5009765625,0.0380859375,2,6.11908535639e-06,0.999993866641,3.59287509329e-06,2.23918280658e-06,2.2101469625e-09,1.10210630276e-07,1.71675002568e-10,1.31680860246e-07,3.30551190871e-10,4.22546225703e-08,1.31439729992e-10,-3.13071445521,-2.4384553787,材料1|90|正弦波|51|-14,6171.16544324,near-shape-v1:0.02:6BDC79F8F08735C26E26D74EA2DB065DC053925F4FA0054ADEB55B2206A3F695,0.02,4,3,7778.99220343,q4-hgb-amplitude_and_condition-fold-3,8398.49361089,q4-hgb-amplitude_and_condition-full,True,附件一（训练集）.xlsx|材料1|945,1,1,材料1|正弦波|90|fq1|bq1,0.0766160835543,0.00147677729123,0.10683759986,0.123263615773,True,True,False,False,True,False,True,True,305,0.396721311475,False,False
附件一（训练集）.xlsx|材料1|876,附件一（训练集）.xlsx,材料1,876,C16AEE712BC0AD480B5285F17FA7FA57A5E22A1901D4A6ADB0A1EB83ECFB7FFC,材料1,90,90,89080,4582.056901,正弦波,1,72045B2EC46DEB82EB9D9F71580CD96B4B821B762A3B0202C9B25795DBFEE68B,AB0B7C251468599608C3E6EEA7104DF88E3A2E0D035C3B0DF47E992DEFA1C08F,11.3972901214,-9.76562580801e-13,0.049809972,0.099418947,0.0497094735,0.0351767208371,1.41599247498,0.0351767208371,-0.0492031964,-0.0351703555,0.000100464,0.03514023925,0.0490187411,0.000306759,0.000194177630859,0.000216763,0.0003010686,0.0003039237,0.198837894,0.353823108156,-0.494907639678,-0.353759082753,0.00101051161784,0.353456160132,0.493052306227,-0.00429804666866,-1.50002221191,1.41599247496,0.0030855184978,0.001953125,0.00218029869095,0.00302828192296,0.00305699978898,2,0.498046875,0.501953125,0.03515625,2,6.66125574089e-06,0.99999332501,6.5398215159e-06,2.72033743166e-09,4.27674773031e-09,5.73089922158e-08,5.67753692957e-10,5.4184074695e-08,2.55444065473e-10,1.62164302768e-09,4.54768319833e-10,-2.99954007403,-2.3084125698,材料1|90|正弦波|49|-14,4437.07230576,near-shape-v1:0.02:E707219F742D2B8B0068541308C77AF522BB12F9E8B7F081F0277CC9BCE867EE,0.02,0,3,4950.69719517,q4-hgb-amplitude_and_condition-fold-3,4800.19365876,q4-hgb-amplitude_and_condition-full,True,附件一（训练集）.xlsx|材料1|876,0,1,材料1|正弦波|90|fq0|bq1,0.0308658196193,0.0773641644095,0.10683759986,0.123263615773,True,True,False,False,True,False,False,False,295,0.00338983050847,False,False
附件一（训练集）.xlsx|材料1|984,附件一（训练集）.xlsx,材料1,984,C16AEE712BC0AD480B5285F17FA7FA57A5E22A1901D4A6ADB0A1EB83ECFB7FFC,材料1,90,90,177820,7988.024299,正弦波,1,269BE82DFBFC9C59DA95DCBD835FF9406779E1AA67B06DD0B7DE223A7B73E268,ABE8F548C76B028F33F23F3CDB1BA2078705F02C97FC87D9DB0E275B0CC45183,12.0885270817,4.00390640781e-11,0.034835824,0.069627148,0.034813574,0.02468126413,1.41142786757,0.02468126413,-0.0344376412,-0.02468416625,2.095e-05,0.02470115175,0.03439237885,0.000216058,0.000135990523437,0.0001511385,0.0002123148,0.00021412625,0.139254296,0.354477597302,-0.494600773251,-0.354519278745,0.000300887808315,0.354763226981,0.493950704544,-0.00131471916154,-1.50272282968,1.41142786919,0.00310307123308,0.001953125,0.0021706834811,0.00304931059362,0.00307532702618,2,0.498046875,0.501953125,0.0380859375,2,4.42686540731e-06,0.999995555262,2.26340319906e-06,1.87646848593e-06,2.20842085085e-09,1.01001751403e-07,8.97147976088e-10,1.38321242793e-07,1.90586407257e-09,4.25179152436e-08,1.2170372727e-10,-3.35710899641,-2.66460073022,材料1|90|正弦波|52|-15,6194.50622368,near-shape-v1:0.02:0772F18291C4989EAA88ED3402D818638509981F6263E65507DF2840F304ECB6,0.02,3,4,7349.07308553,q4-hgb-amplitude_and_condition-fold-4,7802.18011028,q4-hgb-amplitude_and_condition-full,True,附件一（训练集）.xlsx|材料1|984,2,1,材料1|正弦波|90|fq2|bq1,0.0598211002672,0.0833583802676,0.10683759986,0.123263615773,True,True,True,True,True,True,True,True,300,1,False,False
附件一（训练集）.xlsx|材料1|2867,附件一（训练集）.xlsx,材料1,2867,C16AEE712BC0AD480B5285F17FA7FA57A5E22A1901D4A6ADB0A1EB83ECFB7FFC,材料1,70,70,354610,927703.2646,三角波,2,D1861649A29110D6CA3A843C93DB7F638934EDD1FA2C2EA899AA34C59BAEA712,AC00137738B2F1887B37F8C0E402017E2652337D1CFF58162EC9C153F42DE612,12.778773873,-2.44140610506e-11,0.137955708,0.275167556,0.137583778,0.0804927074828,1.71389076494,0.0804927074828,-0.1253365252,-0.069687255,-3.53365e-05,0.069669022,0.12545153695,0.000720955,0.000537436632813,0.000453478,0.0006877903,0.0006888139,0.550335112,0.292522522106,-0.455491653876,-0.253253893695,-0.000128418030452,0.253187632427,0.455909623933,0.00170436867681,-1.20258898179,1.71389076525,0.00262005815831,0.001953125,0.00164800678754,0.00249953268473,0.00250325260003,2,0.3984375,0.6015625,0.001953125,2,0.0346880951104,0.966341358576,0.0244026283634,0.00419271162924,0.00383939596822,3.98957173109e-06,0.000695204159157,0.000174970110825,6.73763844827e-05,0.000143352644137,9.12124159722e-07,-1.98082260186,-1.29037507231,材料1|70|三角波|55|-9,48920.4736139,near-shape-v1:0.02:AEB5429EFF641E5CF8DEFFA0326ABD14E5DA94ABEFA48F50D1B6B447573518C3,0.02,1,1,919873.77409,q4-hgb-amplitude_and_condition-fold-1,979059.991855,q4-hgb-amplitude_and_condition-full,True,附件一（训练集）.xlsx|材料1|2867,3,3,材料1|三角波|70|fq3|bq3,0.0623563950892,0.00847545594987,0.0995572085612,0.117891287822,True,True,True,True,True,True,True,True,308,1,False,False
附件一（训练集）.xlsx|材料1|517,附件一（训练集）.xlsx,材料1,517,C16AEE712BC0AD480B5285F17FA7FA57A5E22A1901D4A6ADB0A1EB83ECFB7FFC,材料1,50,50,281860,2268.111524,正弦波,1,B6CB0744337276347E7DF6119FBD7B0717ACAA6652658D851D5BBD7DF4E6326F,AE8E92862332C76DFB1BF5B979BF1AB74C7AC30B7BDE1BF1AAD49F8FBAFD2D8C,12.5491657727,6.15234373863e-11,0.012444533,0.024883657,0.0124418285,0.00881283441592,1.41209200272,0.00881283441592,-0.0122989883,-0.00881269,3.2e-06,0.0088108645,0.01229257295,7.6501e-05,4.86008925781e-05,5.40335e-05,7.56401e-05,7.619965e-05,0.049767314,0.354161545303,-0.494259680622,-0.354155744131,0.000128595988787,0.354082377782,0.494001861884,-0.000520424772306,-1.50163553528,1.4120920097,0.00307434715082,0.001953125,0.00217144529841,0.00303975014605,0.00306223679261,2,0.5,0.5,0.03515625,2,1.0981253469e-06,0.999998889183,1.95619492389e-07,6.75939790647e-07,7.66680597882e-09,1.88565673587e-07,1.5325787369e-09,2.40537582151e-09,3.21005350594e-10,2.59502336621e-08,1.23170908368e-10,-4.38647386898,-3.69354403638,材料1|50|正弦波|54|-20,3507.61607138,near-shape-v1:0.02:997BA18B39CA77444A456182ECFF60307DB8D2AFA39C3F276116472EF93CA7CE,0.02,2,2,2480.28822688,q4-hgb-amplitude_and_condition-fold-2,2331.58690565,q4-hgb-amplitude_and_condition-full,True,附件一（训练集）.xlsx|材料1|517,3,0,材料1|正弦波|50|fq3|bq0,0.0617999600034,0.0893895158762,0.10683759986,0.123263615773,True,True,True,True,True,True,False,True,323,1,False,False
附件一（训练集）.xlsx|材料1|2890,附件一（训练集）.xlsx,材料1,2890,C16AEE712BC0AD480B5285F17FA7FA57A5E22A1901D4A6ADB0A1EB83ECFB7FFC,材料1,70,70,396820,239013.6335,三角波,2,05A07C2E404B47C69DEB228A3157CF00F77169FE1685A301DE6C9C8E6528C520,AF7C39E580ED64C79ED6938AEF8BCFC3AB2F388B6BFE1CF46C1230BAF7781D6E,12.8912380563,-1.66015638736e-11,0.06969363,0.139028748,0.069514374,0.0406550718781,1.71426655471,0.0406550718781,-0.0634101221,-0.0351991595,2.55e-05,0.035181888,0.06329484355,0.000367353,0.000271540523438,0.000229079,0.000347226,0.0003484657,0.278057496,0.292422052726,-0.456093599314,-0.253179000673,0.000183415422842,0.253054771209,0.455264428955,-0.00169129300282,-1.20245409271,1.7142665543,0.00264228086122,0.001953125,0.00164770958018,0.00249751224114,0.00250642910199,2,0.6015625,0.3984375,0,2,0.0346407298886,0.966384874578,0.0243380875208,0.00420873273934,0.00384071153905,3.60768093511e-06,0.00069844939632,0.000174952652564,6.82075970143e-05,0.000142704751545,8.23531162014e-07,-2.66364635707,-1.97307454709,材料1|70|三角波|55|-12,27655.8262566,near-shape-v1:0.02:8188412DB8D04F2BAA79712BE2708235391769123590D6C5528ABFA255EF7212,0.02,4,1,269944.150257,q4-hgb-amplitude_and_condition-fold-1,246637.222667,q4-hgb-amplitude_and_condition-full,True,附件一（训练集）.xlsx|材料1|2890,3,2,材料1|三角波|70|fq3|bq2,0.0902962137961,0.121694013074,0.0995572085612,0.117891287822,True,False,True,True,True,True,False,True,300,1,False,False
附件一（训练集）.xlsx|材料1|2607,附件一（训练集）.xlsx,材料1,2607,C16AEE712BC0AD480B5285F17FA7FA57A5E22A1901D4A6ADB0A1EB83ECFB7FFC,材料1,50,50,396820,441391.7157,三角波,2,88208EA266F5A81BE4D52896337AC6F5D3199097CAE7142CA31E698D674E15CD,B1BA6F293A99A164ADCB65FBB4D49845C456B29A33AFA36F48199ABD546E7626,12.8912380563,-3.41796868586e-11,0.086850866,0.173207044,0.086603522,0.0506824361628,1.71362847913,0.0506824361628,-0.0790051983,-0.04390668625,-6.5986e-05,0.0439099105,0.0790445158,0.000452965,0.000338295007813,0.0002853455,0.0004332489,0.00043442595,0.346414088,0.292611864924,-0.456131554706,-0.253492497775,-0.000380965833123,0.253511113175,0.45635855222,0.00195512309853,-1.20302086453,1.7136284798,0.00261516500449,0.001953125,0.00164742433916,0.0025013353383,0.00250813096262,2,0.3984375,0.6015625,0,2,0.0347947494647,0.966243746791,0.0245531712957,0.00414274594612,0.00384086096559,4.97558255599e-06,0.000690568438605,0.000178363389936,6.5211809883e-05,0.000143173945542,1.13771752931e-06,-2.44356281513,-1.75326761393,材料1|50|三角波|55|-11,34464.1606461,near-shape-v1:0.02:3C03F274D569F93086DDCD32B0E345ADFFA4922B7C787D9FB2AF0D3F25B2F725,0.02,1,4,409916.145392,q4-hgb-amplitude_and_condition-fold-4,437112.889849,q4-hgb-amplitude_and_condition-full,True,附件一（训练集）.xlsx|材料1|2607,3,2,材料1|三角波|50|fq3|bq2,0.0642387237774,0.0739799361011,0.0995572085612,0.117891287822,True,True,True,True,True,True,False,True,334,1,False,False
附件一（训练集）.xlsx|材料2|2264,附件一（训练集）.xlsx,材料2,2264,C16AEE712BC0AD480B5285F17FA7FA57A5E22A1901D4A6ADB0A1EB83ECFB7FFC,材料2,25,25,499980,17771.0811,梯形波,3,5ED061028206E867E6705A88732972FA17E6FC2E1436FECFA1DD52DBA200D389,B60FF3F516A5364C032CAA25744129D2D6F8A1417AF6373311FFEE500915D451,13.1223233766,4.78515621224e-11,0.015722791,0.031413284,0.015706642,0.0103413452922,1.52038159018,0.0103413452922,-0.0151066677,-0.00949556225,-2.2915e-05,0.00947956375,0.01520160315,9.8016e-05,6.13540703125e-05,6.1865e-05,9.29234e-05,9.34067e-05,0.062826568,0.329202935045,-0.480900619873,-0.302278561447,-0.000729469986378,0.30176926749,0.483922760261,0.00465440209973,-1.35014245809,1.52038159481,0.0031202086353,0.001953125,0.00196938976517,0.00295809250634,0.00297347771726,2,0.4931640625,0.5068359375,0.0048828125,2,0.0196622885218,0.980627107499,0.0168435823885,0.00171915461214,0.00037154011348,2.08258868279e-07,8.61938489971e-05,5.96083534106e-05,6.37855795736e-05,0.000137292583675,7.38131153473e-09,-4.15264396321,-3.46052441821,材料2|25|梯形波|56|-19,7861.08104418,near-shape-v1:0.02:CDB83A966212879D03D5DCFDB1BABEF29D02A20CF2FE31C265EDC62864059592,0.02,0,1,18160.8092453,q4-hgb-amplitude_and_condition-fold-1,17521.9070166,q4-hgb-amplitude_and_condition-full,True,附件一（训练集）.xlsx|材料2|2264,3,0,材料2|梯形波|25|fq3|bq0,0.0358119989066,0.0216922478344,0.0906033358119,0.0977840223182,True,True,False,True,True,False,True,True,319,0.0282131661442,False,False
附件一（训练集）.xlsx|材料2|2256,附件一（训练集）.xlsx,材料2,2256,C16AEE712BC0AD480B5285F17FA7FA57A5E22A1901D4A6ADB0A1EB83ECFB7FFC,材料2,25,25,396810,10586.61818,梯形波,3,80E22030A1E30CA59B19C1AD6B9EBC586DEB4F98E084D7138D057E8909698E76,B890E7F9433C9B009C73CD6FB4FB8474B330B4F109DF64BB0923CFE08C2F7F4F,12.8912128557,4.9804687284e-11,0.015780769,0.031523322,0.015761661,0.0103724180808,1.52141659515,0.0103724180808,-0.0151697371,-0.009504829,-1.8315e-05,0.00949263075,0.0152469512,9.8021e-05,6.15689882812e-05,6.2117e-05,9.30009e-05,9.347065e-05,0.063046644,0.329039499099,-0.481222669039,-0.30151736704,-0.000580999991203,0.301130404346,0.483672093639,0.00505606262159,-1.34822398812,1.52141659995,0.00310947558129,0.001953125,0.0019705093264,0.00295022523324,0.00296512689874,2,0.494140625,0.505859375,0.0048828125,2,0.0197142171149,0.98057078049,0.0168177896683,0.00176953421271,0.000401357372539,1.83171348452e-07,8.15428164086e-05,5.42756397966e-05,6.82712464906e-05,0.000138113548331,1.17587156943e-07,-4.14896323218,-3.45702762614,材料2|25|梯形波|55|-19,6261.96694689,near-shape-v1:0.02:B2A773D2FD07ECF9F363FB23C0052C618B705CAED8330BAC30F204E2ABBA9D9F,0.02,2,3,10310.9524542,q4-hgb-amplitude_and_condition-fold-3,10515.1539638,q4-hgb-amplitude_and_condition-full,True,附件一（训练集）.xlsx|材料2|2256,3,0,材料2|梯形波|25|fq3|bq0,0.0196088927687,0.0263815672346,0.0906033358119,0.0977840223182,True,True,False,False,True,False,True,True,312,0.387820512821,False,False
附件一（训练集）.xlsx|材料4|727,附件一（训练集）.xlsx,材料4,727,C16AEE712BC0AD480B5285F17FA7FA57A5E22A1901D4A6ADB0A1EB83ECFB7FFC,材料4,90,90,141260,577.1195732,正弦波,1,8C893136A393182E799689C676E54C31D1A708E7A2559D99DE98D1D33DDB338C,B99B10A551105C7E2075270B2CC3C6C378E42156ECF18B825092E6A5F3C5C6E3,11.858357443,-7.51953126502e-11,0.012725956,0.025437704,0.012718852,0.00901244810077,1.41204208421,0.00901244810077,-0.0125763075,-0.00902210075,7.945e-06,0.00901166625,0.01256319845,7.886e-05,4.9683015625e-05,5.51695e-05,7.75137e-05,7.811185e-05,0.050875408,0.354294872712,-0.494396326996,-0.354674332039,0.000312334603599,0.354264139767,0.493880993552,-0.00123492115016,-1.50235965598,1.41204207586,0.00310012255823,0.001953125,0.00216880815973,0.00304719718415,0.00307071149189,2,0.498046875,0.501953125,0.0361328125,2,3.77196935556e-06,0.999996206269,2.23058982961e-06,1.40958225261e-06,1.1118765906e-09,8.23356356224e-08,2.86928942663e-10,3.43928231643e-08,3.78296742628e-10,1.32218845105e-08,5.55179297843e-11,-4.36411159167,-3.67152279616,材料4|90|正弦波|51|-19,1797.66854456,near-shape-v1:0.02:5CF824086B9BCFB22B34DB6D878D3B7E5A5C65F7390B0B2CF1844E03123A7448,0.02,2,3,762.497379771,q4-hgb-amplitude_and_condition-fold-3,672.165121764,q4-hgb-amplitude_and_condition-full,True,附件一（训练集）.xlsx|材料4|727,1,0,材料4|正弦波|90|fq1|bq0,0.125919041433,0.278128971462,0.108741071783,0.133030600098,False,False,False,True,True,False,False,False,305,0.347540983607,False,False
附件一（训练集）.xlsx|材料2|2517,附件一（训练集）.xlsx,材料2,2517,C16AEE712BC0AD480B5285F17FA7FA57A5E22A1901D4A6ADB0A1EB83ECFB7FFC,材料2,70,70,396820,220529.982,三角波,2,83EF81511B6C1C73EF44A5453437B091B08BA2E95CEFE7572819D0C5AEDD41AB,C090D863B566B826858786ABA7589E27277E06EE9E8323102CE8B2DB728A522F,12.8912380563,-6.93359371653e-11,0.062010641,0.123679817,0.0618399085,0.0361798341254,1.71395592321,0.0361798341254,-0.05639110245,-0.0313079625,-2.935e-05,0.0313231835,0.056426715,0.00033014,0.000241562142578,0.000203796,0.000309514,0.0003105478,0.247359634,0.292528199047,-0.455944257911,-0.253137198858,-0.000237305741357,0.253260267755,0.456232200516,0.00186531885489,-1.20266765616,1.71395592513,0.00266931184091,0.001953125,0.00164777087275,0.00250254251266,0.00251090119255,2,0.3984375,0.6015625,0,2,0.0348607809999,0.966180866816,0.0245999406072,0.00414120571925,0.00385455095779,5.22235127413e-06,0.000691629219347,0.000179450057578,6.48875091441e-05,0.000143792880135,1.14030257641e-06,-2.78044927963,-2.09005917377,材料2|70|三角波|55|-13,24607.0625616,near-shape-v1:0.02:3C03F274D569F93086DDCD32B0E345ADFFA4922B7C787D9FB2AF0D3F25B2F725,0.02,1,3,230658.353199,q4-hgb-amplitude_and_condition-fold-3,230805.343156,q4-hgb-amplitude_and_condition-full,True,附件一（训练集）.xlsx|材料2|2517,3,2,材料2|三角波|70|fq3|bq2,0.000637056938933,0.0449037677091,0.0878343505474,0.105646065075,True,True,False,False,True,False,False,False,320,0.034375,False,False
附件一（训练集）.xlsx|材料3|1724,附件一（训练集）.xlsx,材料3,1724,C16AEE712BC0AD480B5285F17FA7FA57A5E22A1901D4A6ADB0A1EB83ECFB7FFC,材料3,70,70,251230,5781.83745,三角波,2,5B7A4F0ED5C49A5EF80F3E9ACA0FD983E6B85B2780DACDF78855E3064CC27D38,C0B8A8147615186B2E07958191123C6F640AA4BE02B4DCBA400009B5DFD90C38,12.4341241332,5.56640627689e-11,0.019745527,0.03935778,0.01967889,0.0114499353988,1.7245099044,0.0114499353988,-0.0178209071,-0.009914999,-2.7005e-05,0.0099024065,0.017862097,0.000102884,7.68706640625e-05,6.5607e-05,9.70218e-05,9.753505e-05,0.07871556,0.290919238809,-0.452792488694,-0.251919672697,-0.000686142756631,0.25159972042,0.453839036255,0.00455712344505,-1.19959361751,1.72450989954,0.00261407020416,0.001953125,0.00166693853159,0.00246512379509,0.00247816441883,2,0.4033203125,0.5966796875,0.0009765625,2,0.0330631176447,0.967839234827,0.0223574907815,0.0047880637519,0.00371678288944,1.61832031621e-06,0.000759395958761,0.000135555101483,0.000101369327248,0.000139115280183,3.91071424066e-07,-3.9248282943,-3.23506161083,材料3|70|三角波|54|-18,4960.66874821,near-shape-v1:0.02:7C6A78AA6B414DAF364D6B9A7458CB04103925005331E17BE62C6FA12BFDD4C1,0.02,3,2,7039.99964849,q4-hgb-amplitude_and_condition-fold-2,6491.02127063,q4-hgb-amplitude_and_condition-full,True,附件一（训练集）.xlsx|材料3|1724,2,0,材料3|三角波|70|fq2|bq0,0.0811762295296,0.196855685081,0.0899223710084,0.10470351852,True,False,False,False,True,False,False,False,315,0,False,False
附件一（训练集）.xlsx|材料1|3151,附件一（训练集）.xlsx,材料1,3151,C16AEE712BC0AD480B5285F17FA7FA57A5E22A1901D4A6ADB0A1EB83ECFB7FFC,材料1,90,90,396820,1123762.213,三角波,2,A816500ECAC64CCB1EC8CBC83C4F37248649DEC7668A1062397CEFC191A39CE4,C294F7F9F811FA54EDFFE0A3749D4B63276811725EDA5B51CF25E6430B19787D,12.8912380563,3.90625379265e-12,0.138090189,0.275400702,0.137700351,0.080684086584,1.7114922514,0.080684086584,-0.12563336445,-0.069872989,-2.5906e-05,0.069766463,0.1259172902,0.00072359,0.000537891996094,0.0004540505,0.0006901733,0.0006922058,0.550801404,0.292969792735,-0.456183893293,-0.2537139103,-9.40665863163e-05,0.25332710661,0.457214848334,0.00169057735138,-1.20360690883,1.71149225135,0.00262740797226,0.001953125,0.00164869042345,0.00250606950159,0.00251344965707,2,0.3974609375,0.6025390625,0.0009765625,2,0.0348182881519,0.966226022047,0.0246205624746,0.00411572482687,0.00383224016286,5.69339044677e-06,0.00068372143498,0.000179318082611,6.27561073386e-05,0.000141076431304,1.24314452249e-06,-1.97984826381,-1.28952814367,材料1|90|三角波|55|-9,54796.948799,near-shape-v1:0.02:DE3EF81C59AA18B2EEEA9B0C9A2B77C83C9F051DFAB46A2C7EEAB428F435C645,0.02,0,4,1131949.08232,q4-hgb-amplitude_and_condition-fold-4,1091126.77275,q4-hgb-amplitude_and_condition-full,True,附件一（训练集）.xlsx|材料1|3151,3,3,材料1|三角波|90|fq3|bq3,0.0367300666635,0.00725881723039,0.0995572085612,0.117891287822,True,True,True,True,True,True,True,True,310,1,False,False
附件一（训练集）.xlsx|材料1|962,附件一（训练集）.xlsx,材料1,962,C16AEE712BC0AD480B5285F17FA7FA57A5E22A1901D4A6ADB0A1EB83ECFB7FFC,材料1,90,90,158500,4627.454297,正弦波,1,74A20B2E4FE11E088285238D67703A7CB71CBD37A9E46FA854E49C8F3F771ECF,C475A22BD3E1D81F135848AF6EA05611063506D756BB06FEDC2B6F4D4B7D1B37,11.9735098723,-3.12499991162e-11,0.031028825,0.06201902,0.03100951,0.0219939606729,1.41078841876,0.0219939606729,-0.0306903643,-0.02200955025,2.072e-05,0.02202916575,0.03065035985,0.000191929,0.000121130898438,0.000135583,0.0001884276,0.0001902156,0.12403804,0.354632509074,-0.494854066845,-0.354883876249,0.00033409156175,0.355200159262,0.494209032669,-0.00130712137855,-1.50208065414,1.41078841734,0.0030946796644,0.001953125,0.00218615192565,0.00303822279036,0.00306705265578,2,0.4990234375,0.5009765625,0.0400390625,2,3.84180353578e-06,0.999996092372,1.6011845951e-06,1.11165561896e-06,1.07567396505e-09,1.00996158283e-06,2.76956786308e-09,1.12680992496e-07,4.7208642369e-10,1.90938850502e-09,7.90172952518e-11,-3.47283866782,-2.78031416679,材料1|90|正弦波|52|-16,4918.0687625,near-shape-v1:0.02:01CB4AD90FB2D86895091A9AB9C46C674F7AE681624B81C2845F9F847152051F,0.02,1,2,4541.58774111,q4-hgb-amplitude_and_condition-fold-2,4601.59856229,q4-hgb-amplitude_and_condition-full,True,附件一（训练集）.xlsx|材料1|962,1,1,材料1|正弦波|90|fq1|bq1,0.013124212141,0.0187261305181,0.10683759986,0.123263615773,True,True,True,True,True,True,True,True,314,1,False,False
附件一（训练集）.xlsx|材料1|1015,附件一（训练集）.xlsx,材料1,1015,C16AEE712BC0AD480B5285F17FA7FA57A5E22A1901D4A6ADB0A1EB83ECFB7FFC,材料1,90,90,223850,10845.05856,正弦波,1,E8E0DA0587AFBEA1EA6E3B19D2C657298B5DFFC7097F945BFCB3F447447DA061,C620948447CE38A213C63A0CE93C8C5A80EF1737BBFBDAC0D787DC56BB581871,12.3187314637,-2.14843750429e-11,0.031022092,0.062009736,0.031004868,0.0219743859058,1.41173874588,0.0219743859058,-0.03066150925,-0.0219956695,1.9555e-05,0.02196890075,0.030633338,0.000191673,0.000121112765625,0.000134496,0.0001887653,0.0001903296,0.124019472,0.354369931615,-0.494462824814,-0.354713161148,0.00031535405157,0.354281475597,0.494008521847,-0.00121163916222,-1.50233414906,1.4117387449,0.003091014611,0.001953125,0.00216894972751,0.0030441235873,0.00306935027106,2,0.4990234375,0.5009765625,0.037109375,2,3.4938137951e-06,0.999996485692,1.87873237567e-06,1.39489422642e-06,2.32404383939e-09,1.37401997039e-07,3.49943084524e-10,3.63998334612e-08,1.74645071037e-11,4.35423266934e-08,1.39306055876e-10,-3.47305568315,-2.78046387401,材料1|90|正弦波|53|-16,6944.2952942,near-shape-v1:0.02:B8EDA4AEB20FFE22326121B75EE8DC2A04A925B2F9B9A205B4CEC5E09113D1B9,0.02,0,1,10122.7533221,q4-hgb-amplitude_and_condition-fold-1,10177.0981309,q4-hgb-amplitude_and_condition-full,True,附件一（训练集）.xlsx|材料1|1015,2,1,材料1|正弦波|90|fq2|bq1,0.0053536928618,0.0689172708997,0.10683759986,0.123263615773,True,True,True,True,True,True,True,True,310,1,False,False
附件一（训练集）.xlsx|材料1|1068,附件一（训练集）.xlsx,材料1,1068,C16AEE712BC0AD480B5285F17FA7FA57A5E22A1901D4A6ADB0A1EB83ECFB7FFC,材料1,90,90,316230,163722.3468,正弦波,1,DD19BB1B412AD9CBAFB03F6BF5090AC38D76AE1869C12D3E95DD998D2A27D860,C670E59C61D25C80DDB160F69DF8AF9AD6251D0EFF9FC2B10CEA80AC3AF743BC,12.6642250759,3.80859371818e-11,0.070042989,0.139880491,0.0699402455,0.0494776887054,1.41564795836,0.0494776887054,-0.06918759935,-0.04945564975,9.60305e-05,0.04943183775,0.0690002801,0.000432196,0.000273204083984,0.0003045055,0.000423158,0.00042665735,0.279760982,0.353714005089,-0.49461936324,-0.353556449756,0.000686517907019,0.353386218182,0.493280224917,-0.00294591091564,-1.49957533651,1.41564795913,0.00308975180821,0.001953125,0.00217689756322,0.00302513950998,0.00305015622229,2,0.498046875,0.501953125,0.0341796875,2,1.57203642449e-05,0.999984271156,1.55844686384e-05,3.74771175295e-08,6.83611933821e-10,5.13293160187e-08,3.52093290128e-10,4.17148109894e-08,2.78498047304e-10,3.80110208359e-09,1.17934535459e-11,-2.65864609686,-1.96696685664,材料1|90|正弦波|55|-12,22149.6944115,near-shape-v1:0.02:AEF372BF3788FE838BED297A16E8E8879EC3F2A22635E6DA96036D2815D07E75,0.02,3,2,155815.042961,q4-hgb-amplitude_and_condition-fold-2,165105.80505,q4-hgb-amplitude_and_condition-full,True,附件一（训练集）.xlsx|材料1|1068,3,2,材料1|正弦波|90|fq3|bq2,0.0579164681797,0.0495019939899,0.10683759986,0.123263615773,True,True,True,True,True,True,True,True,300,1,False,False
附件一（训练集）.xlsx|材料1|2889,附件一（训练集）.xlsx,材料1,2889,C16AEE712BC0AD480B5285F17FA7FA57A5E22A1901D4A6ADB0A1EB83ECFB7FFC,材料1,70,70,396820,52886.41894,三角波,2,87561E0A5B1A04F1C5398E39830446D17D40B938AD6669224A3CE987D089BB51,C9D198A861CE007D4CE676E4F552FC694757ED76115BA09A4C9D115230814F6B,12.8912380563,3.90624988952e-11,0.034902426,0.0695616,0.0347808,0.0202921872195,1.71999329705,0.0202921872195,-0.0316753919,-0.0175236655,2.345e-05,0.01756765675,0.0316039982,0.00018575,0.0001358625,0.000114815,0.0001736847,0.0001744579,0.1391232,0.291715360479,-0.455357437711,-0.251915791745,0.000337110718234,0.252548197726,0.454331098781,-0.00333368317326,-1.20051778013,1.71999329897,0.00267029510535,0.001953125,0.00165055145368,0.00249684739856,0.00250796272656,2,0.6015625,0.3984375,0,2,0.0349129150761,0.966122858716,0.0245047174512,0.00423116773535,0.00388406104676,3.95034528364e-06,0.000709622162652,0.000179194246155,6.92588856844e-05,0.000147269409721,9.24036662726e-07,-3.3551989393,-2.66554258804,材料1|70|三角波|55|-15,13849.9806853,near-shape-v1:0.02:97C419089A0A12FDF264D9820AC3B511683041FA5CFAB928F54FB9E91639D089,0.02,2,0,52909.8775936,q4-hgb-amplitude_and_condition-fold-0,50845.9460999,q4-hgb-amplitude_and_condition-full,True,附件一（训练集）.xlsx|材料1|2889,3,1,材料1|三角波|70|fq3|bq1,0.0397888796555,0.00044345995641,0.0995572085612,0.117891287822,True,True,True,True,True,True,False,True,314,1,False,False
附件一（训练集）.xlsx|材料1|1065,附件一（训练集）.xlsx,材料1,1065,C16AEE712BC0AD480B5285F17FA7FA57A5E22A1901D4A6ADB0A1EB83ECFB7FFC,材料1,90,90,316230,71443.96818,正弦波,1,76AA983753C9BEBC0CADDCF2374E0C1D59A998CEBFDB6EF1035CD0DCF3D580F0,CEA8F23DC7CDA6C481F820CE1686BCE87D8FA422BFC285BCB706C116E8845E42,12.6642250759,0,0.04910664,0.098121977,0.0490609885,0.0347589346554,1.41277747684,0.0347589346554,-0.0485315972,-0.03475740825,4.6e-05,0.034757538,0.04843539525,0.000303918,0.000191644486328,0.00021291,0.0002984284,0.0003008567,0.196243954,0.354242094565,-0.494604763212,-0.354226538363,0.000468804251671,0.354227860696,0.493624330969,-0.00197019942333,-1.50208291731,1.41277747684,0.00309734892521,0.001953125,0.00216985028746,0.00304140223347,0.00306615000226,2,0.498046875,0.501953125,0.03515625,2,8.80961269385e-06,0.999991171983,7.56147127906e-06,1.12181622238e-06,9.46541033533e-10,7.61430904364e-08,4.15887850068e-11,3.46125722535e-08,4.10270956671e-10,1.396881545e-08,1.24542081537e-10,-3.01376101911,-2.321543911,材料1|90|正弦波|55|-14,15528.9927672,near-shape-v1:0.02:4D7005B87275B620047B619626548FCA4C82A6333B2AB2226C1A7947CB20D068,0.02,1,4,75173.0025016,q4-hgb-amplitude_and_condition-fold-4,74622.3619026,q4-hgb-amplitude_and_condition-full,True,附件一（训练集）.xlsx|材料1|1065,3,1,材料1|正弦波|90|fq3|bq1,0.00735183935103,0.0508779822257,0.10683759986,0.123263615773,True,True,False,False,True,False,False,True,317,0.378548895899,False,False
附件一（训练集）.xlsx|材料2|734,附件一（训练集）.xlsx,材料2,734,C16AEE712BC0AD480B5285F17FA7FA57A5E22A1901D4A6ADB0A1EB83ECFB7FFC,材料2,70,70,199500,845.8285981,正弦波,1,CBC28F5627CF55C7CC5EEC7B8B72052BBE50B78D9C0210829BD835A4C92AB1C1,CF8C2D56CB884E67234C1877FA4B473F5AA26623CC60E4102B43AD4EF2E09D15,12.2035695153,1.27929687677e-10,0.011786872,0.023563646,0.011781823,0.00833732806778,1.41374693477,0.00833732806778,-0.0116322009,-0.00833941975,-6.14e-06,0.008333263,0.011644076,7.268e-05,4.60227460938e-05,5.10365e-05,7.1449e-05,7.21724e-05,0.047127292,0.353821648304,-0.493650304708,-0.353910421075,-0.000260576310206,0.353649128495,0.494154252363,0.00101539907006,-1.50060829831,1.41374691943,0.00308441231887,0.001953125,0.00216589996302,0.00303217082789,0.00306287066102,2,0.5009765625,0.4990234375,0.033203125,2,7.08081665707e-07,0.999999285215,5.77046550859e-07,9.35850504648e-08,1.35571419659e-09,2.10462129248e-08,3.78241922779e-11,6.5725626771e-09,2.12361567222e-11,7.65703145714e-09,7.58976651858e-10,-4.44076890922,-3.74805017835,材料2|70|正弦波|52|-20,2351.480964,near-shape-v1:0.02:70D4852326677106706F47D058FFF83B5926D763B3A9EAB6DF4F8B9F27B14BB9,0.02,0,3,1037.816206,q4-hgb-amplitude_and_condition-fold-3,914.044114818,q4-hgb-amplitude_and_condition-full,True,附件一（训练集）.xlsx|材料2|734,2,0,材料2|正弦波|70|fq2|bq0,0.126864803331,0.204338769705,0.104291900272,0.124780990562,False,False,False,False,True,False,False,False,319,0,False,False
附件一（训练集）.xlsx|材料2|289,附件一（训练集）.xlsx,材料2,289,C16AEE712BC0AD480B5285F17FA7FA57A5E22A1901D4A6ADB0A1EB83ECFB7FFC,材料2,90,90,79470,415.6131139,正弦波,1,2A2DFF84AC69590A7F20E40E6E1B2F3F9DDA0E85871E9CB944EED0CE7142F26F,CFDF14E52C082F246DB911EE62B930366678A957C9E100B513008EC2814F8F90,11.2831348709,-3.80859371818e-11,0.019044231,0.038042869,0.0190214345,0.0134736377598,1.4134438924,0.0134736377598,-0.0188198016,-0.0134700655,2.355e-05,0.01347796775,0.01877842955,0.000117189,7.43024785156e-05,8.27135e-05,0.0001153429,0.0001162715,0.076085738,0.354169864522,-0.494699849318,-0.354075962618,0.000619039486374,0.354283684232,0.493612340018,-0.00252373170529,-1.50119982176,1.41344388958,0.00308044590433,0.001953125,0.00217421824837,0.00303191907004,0.00305632837523,2,0.4970703125,0.5029296875,0.03515625,2,2.64379453106e-06,0.999997338774,1.82163885788e-06,3.66571383895e-07,3.17353159244e-08,3.88020231315e-07,2.68193101504e-09,1.16255401106e-09,9.98471209851e-10,2.91837359451e-08,1.79501412763e-09,-3.96099105792,-3.26904162354,材料2|90|正弦波|49|-18,1513.44503757,near-shape-v1:0.02:FCF650DB9B87AC6132AFBD0D54DDC6677E35FC9D961C2612E428B8BD93B8EBB1,0.02,3,0,551.323338125,q4-hgb-amplitude_and_condition-fold-0,445.935486697,q4-hgb-amplitude_and_condition-full,True,附件一（训练集）.xlsx|材料2|289,0,0,材料2|正弦波|90|fq0|bq0,0.211719373126,0.281975625533,0.104291900272,0.124780990562,False,False,True,True,True,True,False,True,325,1,False,False
附件一（训练集）.xlsx|材料1|908,附件一（训练集）.xlsx,材料1,908,C16AEE712BC0AD480B5285F17FA7FA57A5E22A1901D4A6ADB0A1EB83ECFB7FFC,材料1,90,90,112160,1603.438961,正弦波,1,5D77B15CF116AE534619E870B90388844BD39A7ECBBD3D042687A63F480ED99F,D0F53E69B18F30650F32844C5E305C9AB9B1C00B4A5996B70016F418D9D31426,11.6276817023,2.73437522624e-11,0.027645919,0.055233462,0.027616731,0.0195722328633,1.41250715711,0.0195722328633,-0.027324459,-0.01957325775,2.44e-05,0.01959439125,0.0272702519,0.000170762,0.000107877855469,0.0001199325,0.0001682261,0.00016967025,0.110466924,0.354354627695,-0.494708425616,-0.35437318373,0.000441760696736,0.354755804057,0.493727006876,-0.00198132100108,-1.50257949626,1.4125071585,0.00309164035381,0.001953125,0.00217137393995,0.00304572796831,0.00307187425623,2,0.498046875,0.501953125,0.0361328125,2,4.33453587112e-06,0.999995648463,2.44403454094e-06,1.71465547957e-06,6.07646560152e-10,1.12493961539e-07,1.17665200218e-09,4.40219939099e-08,4.03001530477e-09,1.34183074502e-08,7.84119470428e-11,-3.58827715684,-2.89618631371,材料1|90|正弦波|50|-16,3100.76627504,near-shape-v1:0.02:3A5A82C380384ABCBF1BEFD41C15BC75CBBCCDA26E636AABB6DA9DF7AEF87B04,0.02,0,4,1869.59392475,q4-hgb-amplitude_and_condition-fold-4,1633.94046755,q4-hgb-amplitude_and_condition-full,True,附件一（训练集）.xlsx|材料1|908,1,1,材料1|正弦波|90|fq1|bq1,0.134649594856,0.153481848795,0.10683759986,0.123263615773,False,False,False,False,True,False,True,True,319,0.00626959247649,False,False
附件一（训练集）.xlsx|材料1|683,附件一（训练集）.xlsx,材料1,683,C16AEE712BC0AD480B5285F17FA7FA57A5E22A1901D4A6ADB0A1EB83ECFB7FFC,材料1,70,70,158500,922.4199793,正弦波,1,5A758BC8523704FCBCDB564FEBB7C6D5AB3FA7F06392488A55BB7A3CC444AEFF,D5231760DDAF16A0E0E4B58B2F1B6BA42CBE4C6D8970559CEFDB46829FD87E57,11.9735098723,-9.57031251123e-11,0.015527431,0.031045277,0.0155226385,0.0110038286,1.41109349886,0.0110038286,-0.0153467757,-0.01101012125,2.265e-06,0.01101088625,0.0153403178,9.6165e-05,6.06353066406e-05,6.7349e-05,9.4668e-05,9.544475e-05,0.062090554,0.354444529517,-0.494335276967,-0.354647219102,7.2961040197e-05,0.354671866697,0.494127267594,-0.000467253082573,-1.50278106414,1.41109349016,0.0030975726195,0.001953125,0.00216937990278,0.00304935272441,0.00307437263324,2,0.4990234375,0.5009765625,0.0361328125,2,2.5454030858e-06,0.99999743812,3.26181188916e-07,1.96265085569e-06,2.72120572969e-09,6.58572943379e-08,1.8921821283e-09,1.39991297938e-07,8.69432922715e-10,4.52204229286e-08,1.26841953963e-11,-4.16514707727,-3.47230859167,材料1|70|正弦波|52|-19,2461.0978135,near-shape-v1:0.02:01CB4AD90FB2D86895091A9AB9C46C674F7AE681624B81C2845F9F847152051F,0.02,1,3,938.770615038,q4-hgb-amplitude_and_condition-fold-3,939.205905904,q4-hgb-amplitude_and_condition-full,True,附件一（训练集）.xlsx|材料1|683,1,0,材料1|正弦波|70|fq1|bq0,0.000463081180993,0.0175516724218,0.10683759986,0.123263615773,True,True,True,False,True,False,True,True,311,1,False,False
附件一（训练集）.xlsx|材料1|3169,附件一（训练集）.xlsx,材料1,3169,C16AEE712BC0AD480B5285F17FA7FA57A5E22A1901D4A6ADB0A1EB83ECFB7FFC,材料1,90,90,396820,2667612.198,三角波,2,581BFB2BD6BD2F296522700A4794F407902ECF2223F6C869CA7935EF2A7CE703,D7ED82AF916CD0A6F4C6C1CA4ECEF04B92AF71C32FBEADD61E32EE248480E168,12.8912380563,-2.92969294657e-12,0.194949178,0.388799176,0.194399588,0.114034119354,1.7095688475,0.114034119354,-0.1778597268,-0.098614782,6.27215e-05,0.09883360925,0.1776982995,0.001022737,0.000759373390625,0.0006438725,0.0009739826,0.0009773638,0.777598352,0.293298253683,-0.457459114566,-0.253639380134,0.000161321079882,0.254202208631,0.457043920029,-0.0020971286974,-1.20360280753,1.70956884747,0.00263050197411,0.001953125,0.00165605417847,0.00250510458901,0.0025138011095,2,0.6015625,0.3984375,0.001953125,2,0.0344642485314,0.966560783186,0.0242211538415,0.00422172696119,0.00380444752956,3.04776650297e-06,0.000688005870062,0.000168818357689,6.71225165057e-05,0.000136810670534,6.57538829218e-07,-1.63501638003,-0.94469232574,材料1|90|三角波|55|-8,77359.732814,near-shape-v1:0.02:33C45AB3924EA772A842619A609EFF5D0D1FB7F72208E928FB1F47A499855E7A,0.02,2,1,2534287.09652,q4-hgb-amplitude_and_condition-fold-1,2774236.00794,q4-hgb-amplitude_and_condition-full,True,附件一（训练集）.xlsx|材料1|3169,3,3,材料1|三角波|90|fq3|bq3,0.0904629894705,0.0512713714542,0.0995572085612,0.117891287822,True,True,True,False,True,False,True,True,315,1,False,False
附件一（训练集）.xlsx|材料3|959,附件一（训练集）.xlsx,材料3,959,C16AEE712BC0AD480B5285F17FA7FA57A5E22A1901D4A6ADB0A1EB83ECFB7FFC,材料3,70,70,251170,1819.36,正弦波,1,78E1F3005C2372F25A5F99775AAAA2655C46904CDF1963F39EF6C034A6A48991,DEEB8895BFE424E6CF412FB474178BD4A72A4DCEDE1394DBC7A60BA0B1C25BB8,12.4338852797,2.92968749993e-08,0.01241,0.02482,0.01241,0.00878944706936,1.41192044301,0.00878944706932,-0.0122685,-0.0087875,0,0.0087825,0.0122685,8e-05,4.84765625e-05,5e-05,8e-05,8e-05,0.04964,0.354127601503,-0.494300132831,-0.354050334282,-1.18037369054e-06,0.353846523091,0.494297772084,-0.000211399581265,-1.50096646836,1.41192377621,0.00322320709106,0.001953125,0.00201450443191,0.00322320709106,0.00322320709106,2,0.4775390625,0.4775390625,0.044921875,2,9.66832873558e-07,0.999998917633,3.01512844579e-07,2.39437261185e-07,1.06576923332e-08,3.84339627846e-07,1.5203856869e-09,3.7132541111e-11,2.07571691216e-10,2.88019160455e-08,3.17395181922e-10,-4.38925267977,-3.69610549921,材料3|70|正弦波|53|-20,3117.0197,near-shape-v1:0.02:CD080414ECBB0D75784E6CB7D2F444F7D7096CB64839B956F3100D643DF2B70C,0.02,1,1,2024.21316583,q4-hgb-amplitude_and_condition-fold-1,1938.8539002,q4-hgb-amplitude_and_condition-full,True,附件一（训练集）.xlsx|材料3|959,2,0,材料3|正弦波|70|fq2|bq0,0.0430623010308,0.106640678369,0.0944761622685,0.110247248982,True,True,False,True,True,False,True,True,312,0.144230769231,False,False
附件一（训练集）.xlsx|材料2|2005,附件一（训练集）.xlsx,材料2,2005,C16AEE712BC0AD480B5285F17FA7FA57A5E22A1901D4A6ADB0A1EB83ECFB7FFC,材料2,90,90,158740,8916.227358,三角波,2,823D6EF6CB7DBE49D63340297A511831528160370C1C9E905E45C57493BD009A,DF9054F67587221E4C146DD82294121A6F96CB64FA9BCE60F94ACBFC5CBB7A41,11.9750229226,-6.83593676457e-12,0.039335133,0.078378818,0.039189409,0.0227296122926,1.73056770585,0.0227296122926,-0.0353520505,-0.0196440865,-6.37965e-05,0.019618718,0.03551264625,0.000209338,0.000153083628906,0.000130657,0.0001939959,0.0001954259,0.156757636,0.289996875081,-0.451040872971,-0.250630042586,-0.000813950692189,0.250306377507,0.453089841912,0.00578059438814,-1.19713071153,1.73056770615,0.00267084915723,0.001953125,0.00166699375334,0.00247510622066,0.00249335094591,2,0.400390625,0.599609375,0,2,0.0341605760404,0.966803088355,0.0234218855962,0.00461140888373,0.00384019951357,1.18109487272e-08,0.000755782265531,0.000157485561771,9.07372911641e-05,0.00014903873442,7.5848329697e-10,-3.23563718999,-2.5462015667,材料2|90|三角波|52|-15,6244.05901242,near-shape-v1:0.02:BC273B4A7AE7F6F360B4229E8D50FB7316F97E0EEC5A80C865A9F23479B512EE,0.02,1,4,9449.45878755,q4-hgb-amplitude_and_condition-fold-4,9255.08006177,q4-hgb-amplitude_and_condition-full,True,附件一（训练集）.xlsx|材料2|2005,2,1,材料2|三角波|90|fq2|bq1,0.0207826497045,0.0580782253063,0.0878343505474,0.105646065075,True,True,False,False,True,False,False,True,326,0.177914110429,False,False
附件一（训练集）.xlsx|材料1|2893,附件一（训练集）.xlsx,材料1,2893,C16AEE712BC0AD480B5285F17FA7FA57A5E22A1901D4A6ADB0A1EB83ECFB7FFC,材料1,70,70,396820,1163294.243,三角波,2,22EC509F7C2C5BEE8B0B7E32BD11D73ECE5A9567D9BA6CD10C055FBC3EC475B2,E1E13128FC462957234B608F7170BED734494638C67403782B75A1AB744E1246,12.8912380563,4.88281463873e-12,0.138362618,0.276035752,0.138017876,0.0808733951578,1.71085457375,0.0808733951578,-0.12614330885,-0.06995625825,5.7345e-05,0.07005917475,0.1260544512,0.000720874,0.000539132328125,0.0004555925,0.000690016,0.0006915979,0.552071504,0.292981595941,-0.456981778414,-0.253431875212,0.000207744810959,0.25380471275,0.45665987207,-0.0013816960371,-1.20361926967,1.71085457381,0.00261152403186,0.001953125,0.00165048366633,0.00249973416487,0.00250546494427,2,0.6005859375,0.3994140625,0.0009765625,2,0.0344292551117,0.966588928751,0.0241845322409,0.00421506805254,0.00380558526351,2.98318632535e-06,0.000692706458623,0.000169782270251,6.82283715149e-05,0.000139369234877,6.81737523283e-07,-1.97787737344,-1.28722488542,材料1|70|三角波|55|-9,54905.0540748,near-shape-v1:0.02:1B0B04C9E79E76111C5A7FF53E5D7C975365C28173E856AF43EE9D51CC68B475,0.02,4,1,1196110.01183,q4-hgb-amplitude_and_condition-fold-1,1159908.42044,q4-hgb-amplitude_and_condition-full,True,附件一（训练集）.xlsx|材料1|2893,3,3,材料1|三角波|70|fq3|bq3,0.030733554235,0.0278187658735,0.0995572085612,0.117891287822,True,True,True,True,True,True,True,True,308,1,False,False
附件一（训练集）.xlsx|材料3|701,附件一（训练集）.xlsx,材料3,701,C16AEE712BC0AD480B5285F17FA7FA57A5E22A1901D4A6ADB0A1EB83ECFB7FFC,材料3,70,70,199500,1003.572429,正弦波,1,15817C8D4D01B362764E99E9571005109E79205FBD631C949D5B719ED4EB7B8B,E2B41B7BFFBC9326E05D404AB4347FB281AEABC33092322067A06B5EA571914B,12.2035695153,-5.66406244823e-11,0.012366738,0.024726538,0.012363269,0.00876239134903,1.41134280671,0.00876239134903,-0.0122170404,-0.00877137875,-3.338e-06,0.0087702175,0.01222321155,7.6534e-05,4.82940195312e-05,5.3468e-05,7.52782e-05,7.58941e-05,0.049453076,0.354371944387,-0.494086165373,-0.354735413965,-0.000134994367565,0.354688454835,0.494335745936,0.000573072020318,-1.50244957911,1.41134281317,0.00309521696891,0.001953125,0.00216237307463,0.00304442943044,0.00306933789114,2,0.5009765625,0.4990234375,0.0361328125,2,2.27157972038e-06,0.999997706106,5.3291238802e-07,1.51532545121e-06,1.70507234636e-09,1.62577310558e-07,6.18216566077e-10,2.04259236229e-08,1.44090567223e-10,3.72868224714e-08,5.792342525e-10,-4.39274482986,-3.69987819916,材料3|70|正弦波|52|-20,2467.164231,near-shape-v1:0.02:0AA76756FEB582B0E2A75916EA272F02561881226FC28C3741FD79A6ADBBD031,0.02,0,2,1046.28028281,q4-hgb-amplitude_and_condition-fold-2,1056.25535496,q4-hgb-amplitude_and_condition-full,True,附件一（训练集）.xlsx|材料3|701,2,0,材料3|正弦波|70|fq2|bq0,0.00947966541493,0.041634589729,0.0944761622685,0.110247248982,True,True,True,True,True,True,True,True,322,1,False,False
附件一（训练集）.xlsx|材料1|501,附件一（训练集）.xlsx,材料1,501,C16AEE712BC0AD480B5285F17FA7FA57A5E22A1901D4A6ADB0A1EB83ECFB7FFC,材料1,50,50,251170,1909.545944,正弦波,1,3A89D7CC5A9FC7D5ED6CB8F1D974FB5981B2BA78949526EA453E1887719E2850,E2C1F2689C63FA940B71EF0CABB507B8EFFD526C117E12E0A5578972BA7E8B22,12.4338852797,1.07421875215e-11,0.013169673,0.026334248,0.013167124,0.00933036913862,1.41148466951,0.00933036913862,-0.01301755085,-0.00933398125,3.2e-06,0.00934108675,0.01300910915,8.1345e-05,5.1434078125e-05,5.71245e-05,8.01722e-05,8.094405e-05,0.052668496,0.35430550888,-0.494320204653,-0.354442673311,0.000121514358709,0.354712492237,0.493999644085,-0.000476530679823,-1.50253750624,1.41148467066,0.00308894334101,0.001953125,0.00216920946442,0.00304440817904,0.00307371792048,2,0.4990234375,0.5009765625,0.0361328125,2,2.15142378481e-06,0.999997830416,4.15523753795e-07,1.63582503435e-06,1.85944399368e-09,7.09726510362e-08,6.52899021703e-10,1.5615302973e-08,3.08294527581e-10,1.041854606e-08,2.43191349081e-10,-4.32983859269,-3.63688498161,材料1|50|正弦波|53|-19,3307.82676741,near-shape-v1:0.02:0772F18291C4989EAA88ED3402D818638509981F6263E65507DF2840F304ECB6,0.02,3,1,2153.73246229,q4-hgb-amplitude_and_condition-fold-1,2134.76285236,q4-hgb-amplitude_and_condition-full,True,附件一（训练集）.xlsx|材料1|501,2,0,材料1|正弦波|50|fq2|bq0,0.00884267766127,0.120277532649,0.10683759986,0.123263615773,True,True,False,False,True,False,True,True,308,0.00649350649351,False,False
附件一（训练集）.xlsx|材料1|3162,附件一（训练集）.xlsx,材料1,3162,C16AEE712BC0AD480B5285F17FA7FA57A5E22A1901D4A6ADB0A1EB83ECFB7FFC,材料1,90,90,396820,176224.4706,三角波,2,2ACABF359038BEEAEB7D6693643BBED584977F3F638CA533522EB431A5AD8643,E3B284B8CE0296DA50AA611E197392FD95AE5CCD3164E427E3C96AA64CE0C831,12.8912380563,-3.61328128876e-11,0.061914659,0.123491939,0.0617459695,0.0360896227129,1.71558066685,0.0360896227129,-0.0562992108,-0.031242652,2.17e-05,0.0312268425,0.0561895293,0.000327082,0.000241195193359,0.000203431,0.000308225,0.0003095041,0.246983878,0.292242740742,-0.455893811529,-0.252993452179,0.00017572026408,0.252865432262,0.455005644831,-0.0018429633762,-1.20200061337,1.71558066585,0.00264861012507,0.001953125,0.00164732209768,0.00249591189916,0.00250626966024,2,0.6015625,0.3984375,0,2,0.0346713751271,0.966354388812,0.0243399240393,0.00422202989033,0.0038484180669,3.51442408747e-06,0.000702136485628,0.000175155540651,6.89736373168e-05,0.000143850785381,8.32650599653e-07,-2.78199830988,-2.0915793963,材料1|90|三角波|55|-13,24568.9749844,near-shape-v1:0.02:8188412DB8D04F2BAA79712BE2708235391769123590D6C5528ABFA255EF7212,0.02,4,4,186958.046917,q4-hgb-amplitude_and_condition-fold-4,178932.821333,q4-hgb-amplitude_and_condition-full,True,附件一（训练集）.xlsx|材料1|3162,3,2,材料1|三角波|90|fq3|bq2,0.0438735681701,0.0591253343206,0.0995572085612,0.117891287822,True,True,True,True,True,True,False,True,313,1,False,False
附件一（训练集）.xlsx|材料1|682,附件一（训练集）.xlsx,材料1,682,C16AEE712BC0AD480B5285F17FA7FA57A5E22A1901D4A6ADB0A1EB83ECFB7FFC,材料1,70,70,158510,684.0462375,正弦波,1,0A21FE950D6DBC65DC5DECEFB682E7634942CF7535AF239BEFF3C039107B6601,E4D4FD42B53648A7C8C29AF4C30FF63C866F7B66B38E58790439506DAE3A45A5,11.9735729618,-3.51562494394e-11,0.013960026,0.027910559,0.0139552795,0.00987645232084,1.41346563994,0.00987645232084,-0.0137947932,-0.009863094,4.2e-06,0.009870323,0.01378263925,8.5921e-05,5.45128105469e-05,6.07575e-05,8.45415e-05,8.53704e-05,0.055821118,0.353860785119,-0.494249977754,-0.353382172132,0.000150481943276,0.353641180571,0.493814519629,-0.000695202051934,-1.500211297,1.41346563638,0.00307844067186,0.001953125,0.00217686431863,0.00302901493302,0.00305871337081,2,0.4990234375,0.5009765625,0.03515625,2,5.17277534589e-07,0.99999947188,3.67414570594e-07,1.18564959781e-08,4.73037501452e-10,7.87180456897e-08,5.28946360549e-10,5.41695607898e-08,3.03145458163e-12,4.02745177943e-09,8.61212561286e-11,-4.27155731919,-3.57875020297,材料1|70|正弦波|52|-19,2212.80372126,near-shape-v1:0.02:305616E8A3C37EE94F93CDD1444CF75A0E93FA3BEEEA1F997EB50E1CB2488549,0.02,0,3,825.295326205,q4-hgb-amplitude_and_condition-fold-3,764.360127956,q4-hgb-amplitude_and_condition-full,True,附件一（训练集）.xlsx|材料1|682,1,0,材料1|正弦波|70|fq1|bq0,0.0766057688441,0.187465911414,0.10683759986,0.123263615773,True,False,False,True,True,False,True,True,311,0.138263665595,False,False
附件一（训练集）.xlsx|材料1|3168,附件一（训练集）.xlsx,材料1,3168,C16AEE712BC0AD480B5285F17FA7FA57A5E22A1901D4A6ADB0A1EB83ECFB7FFC,材料1,90,90,396820,1969353.105,三角波,2,09B620F893107E237CF4539698A6D614A0EE1AAFC22C6EEC1C2B12B3750AC341,E641E5F16713ED193F0B7A411948299C821B70DEFFF773BFFE79C518C62D505E,12.8912380563,-2.9296877424e-12,0.173500588,0.345994725,0.1729973625,0.101429228774,1.71055809157,0.101429228774,-0.15827751175,-0.087808061,4.7925e-05,0.08786849525,0.15798440605,0.000909389,0.000675770947266,0.0005726415,0.0008662608,0.00086990935,0.69198945,0.293152529345,-0.457456430144,-0.253784392225,0.000138513680894,0.253959060367,0.456609290945,-0.00187090744714,-1.20333940025,1.71055809154,0.00262833197818,0.001953125,0.00165505846946,0.00250368210093,0.0025142272039,2,0.6015625,0.3984375,0.0009765625,2,0.0344634990349,0.966559795824,0.0241992788872,0.00422815751272,0.00381253273041,3.00380163004e-06,0.000692910029243,0.000168466752721,6.77082276115e-05,0.000138334825502,6.39823515347e-07,-1.75157429055,-1.06133174971,材料1|90|三角波|55|-8,68848.5033302,near-shape-v1:0.02:89B17ECBBD02841ACF30689F5139FB7C6C97902B7413BB83A39AFF001BA0332C,0.02,4,1,1881456.5643,q4-hgb-amplitude_and_condition-fold-1,2066455.8389,q4-hgb-amplitude_and_condition-full,True,附件一（训练集）.xlsx|材料1|3168,3,3,材料1|三角波|90|fq3|bq3,0.0937886920524,0.0456588468965,0.0995572085612,0.117891287822,True,True,True,True,True,True,True,True,315,1,False,False
附件一（训练集）.xlsx|材料1|910,附件一（训练集）.xlsx,材料1,910,C16AEE712BC0AD480B5285F17FA7FA57A5E22A1901D4A6ADB0A1EB83ECFB7FFC,材料1,90,90,112160,2798.160071,正弦波,1,75DC755675AE9BE351DFC0A5034CA1D2D38CA36C4D45DA758134B44F3BA05FB1,E732CFF747F0DAC223FB98CA4204AB2D981C67E5DFD262DCF90AF716FC525C5B,11.6276817023,-1.56249978234e-11,0.035091673,0.070105932,0.035052966,0.0248132641053,1.41423042334,0.0248132641053,-0.0346712223,-0.0248251835,3.3496e-05,0.0248096195,0.0345970665,0.0002162,0.000136925648437,0.0001525055,0.0002124125,0.00021420725,0.140211864,0.353939579682,-0.49455475871,-0.354109599233,0.000477791460286,0.353887592788,0.493496991319,-0.00216274587641,-1.50009066971,1.41423042271,0.00308390451182,0.001953125,0.00217535799966,0.00302987912635,0.00305547967039,2,0.4990234375,0.5009765625,0.03515625,2,4.02719369958e-06,0.99999594117,3.69091685888e-06,3.76135166221e-09,4.76202321754e-09,2.97531124259e-07,1.60998424433e-09,2.77033431861e-08,7.17739174672e-11,7.20576728018e-10,1.00317798245e-10,-3.34979141312,-2.65774786655,材料1|90|正弦波|50|-15,3935.88204368,near-shape-v1:0.02:DFDB1959BA35B91E145E9C74ACE614F3E0833549F5AD0D6C8831B0BB9FD8E2D4,0.02,4,1,2927.1404111,q4-hgb-amplitude_and_condition-fold-1,2862.11837681,q4-hgb-amplitude_and_condition-full,True,附件一（训练集）.xlsx|材料1|910,1,1,材料1|正弦波|90|fq1|bq1,0.0224561771768,0.045048152023,0.10683759986,0.123263615773,True,True,False,False,True,False,True,True,312,0.323717948718,False,False
附件一（训练集）.xlsx|材料3|2611,附件一（训练集）.xlsx,材料3,2611,C16AEE712BC0AD480B5285F17FA7FA57A5E22A1901D4A6ADB0A1EB83ECFB7FFC,材料3,70,70,499970,1860727.877,三角波,2,35061E32A2E83958B58A6247B01357F82905652DF8173A4E30733171B99D0FEF,E8A6DD3E91586257913CFDFA6A68FF3A3E6BC021A5C54A30C1B07552A566BF00,13.1223033756,-4.88281116928e-12,0.123069628,0.245325557,0.1226627785,0.0722350047497,1.7037394602,0.0722350047497,-0.1125759243,-0.062568983,-4.02015e-05,0.06253087375,0.1127501947,0.000644912,0.000479151478516,0.0004092575,0.000614138,0.00061741925,0.490651114,0.294445493706,-0.458883801883,-0.255044699624,-0.000163869984069,0.254889358123,0.459594165743,0.00172195873771,-1.20582579709,1.70373946027,0.00262880071643,0.001953125,0.00166822203526,0.00250335924031,0.00251673432459,2,0.40234375,0.59765625,0.001953125,2,0.0334421883793,0.967530223162,0.0232305435713,0.00441440842724,0.00368558907657,1.79039202939e-07,0.000685569089993,0.000143140585098,7.428673065e-05,0.000122584600967,2.6864644918e-08,-2.09500500247,-1.40516914643,材料3|70|三角波|56|-10,61531.1219112,near-shape-v1:0.02:89E5C74A85D7BE34886109B752C480816714F543B884A74AD4F44DBC8B10A920,0.02,1,1,1762554.67403,q4-hgb-amplitude_and_condition-fold-1,1809020.32095,q4-hgb-amplitude_and_condition-full,True,附件一（训练集）.xlsx|材料3|2611,3,3,材料3|三角波|70|fq3|bq3,0.0260211490782,0.0542034370117,0.0899223710084,0.10470351852,True,True,True,True,True,True,False,True,330,1,False,False
附件一（训练集）.xlsx|材料1|2891,附件一（训练集）.xlsx,材料1,2891,C16AEE712BC0AD480B5285F17FA7FA57A5E22A1901D4A6ADB0A1EB83ECFB7FFC,材料1,70,70,396820,519309.1391,三角波,2,0ACC776ED237528F13A235A757430CA21C4F413930AFBCC0FC16D5CB460D1828,EA6D7A3797FD8A3CFDEFA1A1D8B37E15B28ED0F0FB112FBB21670AEBFB41A100,12.8912380563,1.95312342688e-12,0.097860711,0.195243485,0.0976217425,0.0571553047131,1.71218947202,0.0571553047131,-0.089108556,-0.049445757,2.244e-05,0.04949927625,0.08905668665,0.000511744,0.000381334931641,0.0003219225,0.0004880068,0.0004888476,0.39048697,0.292738601306,-0.456397077741,-0.253251764083,0.000114933402499,0.253525879483,0.456131412774,-0.00159365364273,-1.20292104868,1.71218947206,0.00262105544777,0.001953125,0.00164882582382,0.00249947802356,0.00250378444126,2,0.6005859375,0.3994140625,0.001953125,2,0.0346234287432,0.966404881091,0.0243552796706,0.00420074020871,0.00382519405637,3.56810105939e-06,0.000693385537712,0.000172873286081,6.7339815712e-05,0.000141026475142,8.43386174658e-07,-2.32421012767,-1.6335078583,材料1|70|三角波|55|-11,38833.087339,near-shape-v1:0.02:1B0B04C9E79E76111C5A7FF53E5D7C975365C28173E856AF43EE9D51CC68B475,0.02,4,3,542650.525478,q4-hgb-amplitude_and_condition-fold-3,536899.276774,q4-hgb-amplitude_and_condition-full,True,附件一（训练集）.xlsx|材料1|2891,3,2,材料1|三角波|70|fq3|bq2,0.0106549831196,0.0439660808399,0.0995572085612,0.117891287822,True,True,True,True,True,True,False,True,325,1,False,False
附件一（训练集）.xlsx|材料1|2869,附件一（训练集）.xlsx,材料1,2869,C16AEE712BC0AD480B5285F17FA7FA57A5E22A1901D4A6ADB0A1EB83ECFB7FFC,材料1,70,70,354610,2766294.227,三角波,2,3074F1131A978F36CF962E376C1F6C2597CCF6752583EAB19FD52EC0D00F4AE7,EAEC62EB52590EB862B17FA0E24C77CA9A8B35BF261447C942C1B1FD4996C278,12.778773873,-2.63671827427e-11,0.218857279,0.436308131,0.2181540655,0.127781991155,1.7127396202,0.127781991155,-0.19914695965,-0.1105422945,-0.0001276475,0.1106143515,0.19931901275,0.00114922,0.000852164318359,0.000721316,0.0010934381,0.00109590295,0.872616262,0.292870982859,-0.456436507766,-0.253358318627,-0.00029256267432,0.253523470381,0.456830846401,0.00261260209181,-1.20309379036,1.71273962041,0.00263396420637,0.001953125,0.00165322612335,0.00250611442307,0.00251176375624,2,0.3984375,0.6015625,0.0009765625,2,0.034795707254,0.966245544394,0.0245578311846,0.00414539227484,0.00383810627252,5.0137739973e-06,0.00068917157358,0.00017760843069,6.52545551476e-05,0.000141693885305,1.12514750819e-06,-1.51933545567,-0.829406562767,材料1|70|三角波|55|-7,77608.9797062,near-shape-v1:0.02:3C03F274D569F93086DDCD32B0E345ADFFA4922B7C787D9FB2AF0D3F25B2F725,0.02,1,0,2747961.76319,q4-hgb-amplitude_and_condition-fold-0,2711759.61216,q4-hgb-amplitude_and_condition-full,True,附件一（训练集）.xlsx|材料1|2869,3,3,材料1|三角波|70|fq3|bq3,0.0132617274256,0.006649138065,0.0995572085612,0.117891287822,True,True,True,True,True,True,True,True,295,1,False,False
附件一（训练集）.xlsx|材料1|3146,附件一（训练集）.xlsx,材料1,3146,C16AEE712BC0AD480B5285F17FA7FA57A5E22A1901D4A6ADB0A1EB83ECFB7FFC,材料1,90,90,396820,229195.7748,三角波,2,77AA0CD71C965575A3D4CED346CC833293920F1832217C2D361C22EFBE86AB12,EB00E57A628155662744F44ADB274A43055F8B45C64F2AE56008461DBB479D84,12.8912380563,7.03124997462e-11,0.069570321,0.138750585,0.0693752925,0.0405692501247,1.71485351063,0.0405692501247,-0.06324076565,-0.035117116,-4.13e-05,0.0351328005,0.063280837,0.000365976,0.000270997236328,0.0002285335,0.0003469228,0.00034825965,0.27750117,0.292389759111,-0.455787380791,-0.253095264934,-0.000297656909429,0.253208304885,0.456076181082,0.0017303613963,-1.20249714369,1.7148535089,0.00263765374395,0.001953125,0.00164708134384,0.00250033396256,0.00250996887689,2,0.3984375,0.6015625,0,2,0.0348161149704,0.966221336669,0.0245366495928,0.00415676379682,0.00385647727128,4.81717607048e-06,0.000695338888639,0.000178618436831,6.5780092658e-05,0.000144531403415,1.09648577666e-06,-2.665417225,-1.97507731015,材料1|90|三角波|55|-12,27606.8947792,near-shape-v1:0.02:3C03F274D569F93086DDCD32B0E345ADFFA4922B7C787D9FB2AF0D3F25B2F725,0.02,1,4,230905.509578,q4-hgb-amplitude_and_condition-fold-4,238547.253481,q4-hgb-amplitude_and_condition-full,True,附件一（训练集）.xlsx|材料1|3146,3,2,材料1|三角波|90|fq3|bq2,0.0325587023806,0.00743199497046,0.0995572085612,0.117891287822,True,True,True,True,True,True,False,True,332,1,False,False
附件一（训练集）.xlsx|材料3|944,附件一（训练集）.xlsx,材料3,944,C16AEE712BC0AD480B5285F17FA7FA57A5E22A1901D4A6ADB0A1EB83ECFB7FFC,材料3,90,90,199500,5491.93,正弦波,1,711F15CB286CDA8F4FB87560EA7E51405A1B3E27B60CAD0F63110A3BD6A2B280,EB05041B3B081C70C087925844D866FA2C537527BF5716293668CC0BA3634D08,12.2035695153,1.07421874999e-07,0.02477,0.04951,0.024755,0.017553690064,1.41109931357,0.0175536900637,-0.0244885,-0.0175675,1.5e-05,0.017555,0.024467,0.00016,9.669921875e-05,0.00011,0.00015,0.00015,0.09902,0.354548375352,-0.494619418741,-0.354829477315,0.000300799396587,0.354572663666,0.494180823634,-0.00104760865144,-1.50262204972,1.41110543322,0.00323167036962,0.001953125,0.00222177337912,0.00302969097152,0.00302969097152,2,0.4853515625,0.48828125,0.0263671875,2,4.09498544557e-06,0.999995851368,1.87900006113e-06,1.74744369927e-06,5.14392017458e-10,2.81208951124e-07,8.15383273301e-10,1.65453527628e-07,2.75547066409e-09,1.76871487963e-08,8.98230810619e-11,-3.69812203548,-3.00558060961,材料3|90|正弦波|52|-17,4941.615,near-shape-v1:0.02:CD080414ECBB0D75784E6CB7D2F444F7D7096CB64839B956F3100D643DF2B70C,0.02,1,0,6132.36312503,q4-hgb-amplitude_and_condition-fold-0,5847.51202217,q4-hgb-amplitude_and_condition-full,True,附件一（训练集）.xlsx|材料3|944,2,0,材料3|正弦波|90|fq2|bq0,0.0475559595715,0.110281422489,0.0944761622685,0.110247248982,True,False,False,False,True,False,False,False,315,0,False,False
附件一（训练集）.xlsx|材料2|710,附件一（训练集）.xlsx,材料2,710,C16AEE712BC0AD480B5285F17FA7FA57A5E22A1901D4A6ADB0A1EB83ECFB7FFC,材料2,70,70,99950,466.5996296,正弦波,1,FAA37E64A011287A73BB03F40FC13B6E7203EB227F2BCA7307FFF4419282B96F,EE3E7F6DB07B66B2929A48444FE97C9087FB643C6A2DA49ACBA7835B9E3CC360,11.5124253399,4.39453126666e-11,0.015647061,0.031288541,0.0156442705,0.0110777224498,1.41247996336,0.0110777224498,-0.0154657671,-0.011085931,1.1695e-05,0.011071138,0.0154590655,9.67e-05,6.11104316406e-05,6.8115e-05,9.46321e-05,9.53663e-05,0.062577082,0.354050463708,-0.494294928739,-0.35431281516,0.000373777609339,0.353840019452,0.49408073889,-0.00107034339668,-1.5002027231,1.41247996733,0.00309058834031,0.001953125,0.00217699508584,0.00302449705149,0.00304796251126,2,0.498046875,0.501953125,0.0361328125,2,1.80253157542e-06,0.999998167758,1.11772219054e-06,4.10436641439e-08,6.48931721288e-08,5.37962952414e-07,7.21085773061e-09,6.72268752688e-09,9.56330379507e-09,1.10779672007e-08,6.33147726705e-09,-4.15747217516,-3.4645033507,材料2|70|正弦波|49|-19,1563.92374695,near-shape-v1:0.02:4D7005B87275B620047B619626548FCA4C82A6333B2AB2226C1A7947CB20D068,0.02,1,0,641.939183618,q4-hgb-amplitude_and_condition-fold-0,534.978486238,q4-hgb-amplitude_and_condition-full,True,附件一（训练集）.xlsx|材料2|710,1,0,材料2|正弦波|70|fq1|bq0,0.181956114872,0.318437700054,0.104291900272,0.124780990562,False,False,True,True,True,True,True,True,329,1,False,False
附件一（训练集）.xlsx|材料2|2723,附件一（训练集）.xlsx,材料2,2723,C16AEE712BC0AD480B5285F17FA7FA57A5E22A1901D4A6ADB0A1EB83ECFB7FFC,材料2,70,70,251240,3472.289864,梯形波,3,A0D16C11687B7E30638EBD99996A3EB8862F7D11EFAD4B97665D51BB0F3D4BDD,EEAC4AA89C75E249084582AA8FFAD4F9B6230D1E294D8AFF4560403A44026174,12.4341639366,6.4453124695e-11,0.015773062,0.031505392,0.015752696,0.01035159464,1.52373257923,0.01035159464,-0.0151381173,-0.009498885,-2.619e-05,0.009490198,0.0151917136,9.6941e-05,6.153396875e-05,6.2266e-05,9.24789e-05,9.275165e-05,0.063010784,0.328565809941,-0.480492906245,-0.301500297614,-0.000831288322111,0.301224562943,0.482194080796,0.00439068471198,-1.34967030275,1.52373258546,0.00307696536517,0.001953125,0.00197636011004,0.00293533564032,0.00294399288858,2,0.4990234375,0.5009765625,0.00390625,2,0.0188997836876,0.981348754209,0.0159767558152,0.001842627259,0.000356440919347,9.49977227753e-08,9.26123988454e-05,5.68481030622e-05,7.78442538517e-05,0.000143514603791,5.40825807981e-07,-4.14945173072,-3.4575965732,材料2|70|梯形波|54|-19,3962.82409688,near-shape-v1:0.02:D8492DECE7AE035DA769542FBC59A87009138CD2280715F8FE350D70DF61030C,0.02,1,0,4265.10597675,q4-hgb-amplitude_and_condition-fold-0,3946.36716114,q4-hgb-amplitude_and_condition-full,True,附件一（训练集）.xlsx|材料2|2723,3,0,材料2|梯形波|70|fq3|bq0,0.077652646731,0.205599229507,0.0906033358119,0.0977840223182,True,False,False,False,True,False,False,False,325,0,False,False
附件一（训练集）.xlsx|材料1|3167,附件一（训练集）.xlsx,材料1,3167,C16AEE712BC0AD480B5285F17FA7FA57A5E22A1901D4A6ADB0A1EB83ECFB7FFC,材料1,90,90,396820,1469726.296,三角波,2,6A39522FE748BC693E17882E9A8629C23EE86BBA87F1505C1B323D7FFA9BFC33,EEB718232BE115628A865EC5292D01492DB32CDEB15DC3569A374B995ABFBB19,12.8912380563,-7.81250064641e-12,0.154211759,0.30746596,0.15373298,0.0900805235312,1.71193231294,0.0900805235312,-0.14057933475,-0.07794712575,5.3194e-05,0.078025195,0.14031806105,0.000813691,0.000600519453125,0.0005087525,0.0007695652,0.00077199005,0.61493192,0.292977224312,-0.457219182059,-0.253514651645,0.000173007795115,0.253768563544,0.456369417472,-0.00238831264525,-1.20287074068,1.71193231286,0.00264644255253,0.001953125,0.00165466284463,0.00250292812902,0.00251081469311,2,0.6015625,0.3984375,0.0009765625,2,0.0345353088617,0.966490249242,0.0242529076529,0.00423858586328,0.00381048092471,2.78048623984e-06,0.000695562033474,0.000169482518328,6.83368943641e-05,0.000139252769862,6.5012625289e-07,-1.86942856265,-1.17939089705,材料1|90|三角波|55|-9,61194.3102064,near-shape-v1:0.02:89B17ECBBD02841ACF30689F5139FB7C6C97902B7413BB83A39AFF001BA0332C,0.02,4,4,1524896.92616,q4-hgb-amplitude_and_condition-fold-4,1469764.64781,q4-hgb-amplitude_and_condition-full,True,附件一（训练集）.xlsx|材料1|3167,3,3,材料1|三角波|90|fq3|bq3,0.0368245093307,0.0368506034978,0.0995572085612,0.117891287822,True,True,True,True,True,True,True,True,310,1,False,False
附件一（训练集）.xlsx|材料1|930,附件一（训练集）.xlsx,材料1,930,C16AEE712BC0AD480B5285F17FA7FA57A5E22A1901D4A6ADB0A1EB83ECFB7FFC,材料1,90,90,125860,3584.043542,正弦波,1,DE4877DCCC2ECCA24929C423D9DB82F154EE59ACD248A2BD60607148FF100FE2,F01E57A170B1D2E9064D9CABEED1BC1F1159B995E3EB8432041BE3D4154D10F1,11.7429254571,-2.73437505277e-11,0.035217209,0.070397359,0.0351986795,0.0249108790707,1.41372807037,0.0249108790707,-0.03478997105,-0.02489076075,1.53e-05,0.024911546,0.03475913595,0.000217144,0.000137494841797,0.0001533685,0.000213384,0.0002152815,0.140794718,0.353860988886,-0.494194264058,-0.353575206176,0.000217338087126,0.353870463057,0.493756249824,-0.000997185664944,-1.50029916871,1.41372806928,0.00308454753253,0.001953125,0.00217861155843,0.00303113643795,0.00305809057411,2,0.4990234375,0.5009765625,0.0341796875,2,2.3826423134e-06,0.999997604987,2.23613227905e-06,2.96949810371e-08,1.84656884897e-11,5.61880039577e-08,1.47510944932e-09,5.60844459765e-08,4.81084309467e-10,2.55386698424e-09,8.3704820314e-12,-3.3462204238,-2.65359953073,材料1|90|正弦波|50|-15,4432.43792474,near-shape-v1:0.02:E0933306E6D09153300D162DB057182F3F8DD833591CF0446082D025757DD6BB,0.02,4,1,3801.35457238,q4-hgb-amplitude_and_condition-fold-1,3497.04003602,q4-hgb-amplitude_and_condition-full,True,附件一（训练集）.xlsx|材料1|930,1,1,材料1|正弦波|90|fq1|bq1,0.083417677221,0.0588498795705,0.10683759986,0.123263615773,True,True,True,True,True,True,True,True,312,1,False,False
附件一（训练集）.xlsx|材料1|1049,附件一（训练集）.xlsx,材料1,1049,C16AEE712BC0AD480B5285F17FA7FA57A5E22A1901D4A6ADB0A1EB83ECFB7FFC,材料1,90,90,281860,42962.83211,正弦波,1,7BCB34DBBE9C4EF7A7842AD660DFA4A7927543A29AFC43D5DEDCEBE31FEFC749,F141B2C763D585AB98B2D158A2C46EF997AA65C07D4C918CE445D644C75D5382,12.5491657727,-5.85937721953e-12,0.044160952,0.088241701,0.0441208505,0.0312749054625,1.41202511557,0.0312749054625,-0.0436497912,-0.031306863,4.45405e-05,0.0312959025,0.04358211785,0.000273725,0.000172347072266,0.000191231,0.000268701,0.00027084165,0.176483402,0.354423193434,-0.494661715487,-0.354785352496,0.000504755748752,0.354661142648,0.493894806673,-0.00190305951379,-1.50252925151,1.41202511538,0.00310199142693,0.001953125,0.00216712730866,0.00304505689436,0.00306931583288,2,0.498046875,0.501953125,0.0380859375,2,7.92169541077e-06,0.999992062843,6.00566117405e-06,1.64831939249e-06,2.93918341728e-09,9.57577995209e-08,8.22321921686e-10,1.19823093691e-07,6.76508362564e-10,4.70864678058e-08,5.46593774793e-10,-3.11991431927,-2.42767562725,材料1|90|正弦波|54|-14,12447.2059307,near-shape-v1:0.02:996AD645FCB83C71A309B1ECB8CE49B439ABE23826125FF526451F78DE70947B,0.02,2,4,46626.3441363,q4-hgb-amplitude_and_condition-fold-4,41317.2987817,q4-hgb-amplitude_and_condition-full,True,附件一（训练集）.xlsx|材料1|1049,3,1,材料1|正弦波|90|fq3|bq1,0.120881681467,0.0818285050439,0.10683759986,0.123263615773,False,True,False,True,True,False,False,True,312,0.128205128205,False,False
附件一（训练集）.xlsx|材料1|1053,附件一（训练集）.xlsx,材料1,1053,C16AEE712BC0AD480B5285F17FA7FA57A5E22A1901D4A6ADB0A1EB83ECFB7FFC,材料1,90,90,281850,163416.7829,正弦波,1,8223CDA2FCA0A1306E2E4B31A4FC628CCF4DF6318584E459FD606ABDABD8F37C,F609053633D7E5C8C7DAA88EFC46E9D3BB49E1466A86A1181C985E0AE529C33D,12.5491302935,-8.78906669666e-12,0.07816334,0.156081235,0.0780406175,0.0552125134256,1.41568161184,0.0552125134256,-0.0772143718,-0.05512637375,0.0001299225,0.05516214175,0.076988497,0.000482682,0.000304846162109,0.0003397455,0.00047261,0.0004762933,0.31216247,0.353742161417,-0.49470630977,-0.353190271343,0.000832403131543,0.353419434173,0.493259148089,-0.00334484457022,-1.49972279664,1.41568161168,0.00309250500228,0.001953125,0.00217672226902,0.00302797450315,0.00305157311191,2,0.4970703125,0.5029296875,0.0341796875,2,1.72854000082e-05,0.999982705042,1.71688438915e-05,1.76866243699e-08,2.79352145628e-10,5.34352211796e-08,2.57098089328e-10,4.30743455502e-08,3.04535497637e-10,1.13536274285e-09,8.46268621289e-11,-2.5489545393,-1.85737867009,材料1|90|正弦波|54|-12,22030.337379,near-shape-v1:0.02:1BC99913C243173EB97359520325C696FCDBB41C19178A3FD0113B2572A971E7,0.02,0,0,151934.51444,q4-hgb-amplitude_and_condition-fold-0,167001.64812,q4-hgb-amplitude_and_condition-full,True,附件一（训练集）.xlsx|材料1|1053,3,2,材料1|正弦波|90|fq3|bq2,0.0945534855743,0.0728538232589,0.10683759986,0.123263615773,True,True,True,False,True,False,True,True,315,1,False,False
附件一（训练集）.xlsx|材料2|223,附件一（训练集）.xlsx,材料2,223,C16AEE712BC0AD480B5285F17FA7FA57A5E22A1901D4A6ADB0A1EB83ECFB7FFC,材料2,70,70,158500,819.0847142,正弦波,1,02403F0C54DA70795695AC033682C8404721433B8A65B47D408B15CE336A6A3A,F795999B232A0623E9880E3C677EF1B987802D250284F85A1F8108DE8AA6E753,11.9735098723,-7.71484369444e-11,0.014495782,0.028981115,0.0144905575,0.0102544545357,1.41360829575,0.0102544545357,-0.01432233225,-0.01024550475,5.8e-06,0.01025404425,0.01430803385,8.924e-05,5.66037402344e-05,6.2823e-05,8.78303e-05,8.869985e-05,0.05796223,0.353832298574,-0.49419534662,-0.35352348151,0.000200132988273,0.353818144235,0.493701982382,-0.000802483790987,-1.50049365056,1.41360828822,0.00307924660594,0.001953125,0.00216772198033,0.00303060458509,0.00306060860667,2,0.4990234375,0.5009765625,0.0341796875,2,6.53031864889e-07,0.999999341292,5.26176184658e-07,7.06606354914e-08,1.43629887861e-09,2.77072286128e-08,6.60391909547e-10,6.99243315416e-09,5.41675388099e-11,1.83035092108e-08,1.04058527758e-09,-4.23389756843,-3.54111086802,材料2|70|正弦波|52|-19,2297.581447,near-shape-v1:0.02:1169EA07786B327B877E4F28E86F502E35A338478FE2DF5713193EAEDB85B7DB,0.02,1,3,893.489866973,q4-hgb-amplitude_and_condition-fold-3,847.664656343,q4-hgb-amplitude_and_condition-full,True,附件一（训练集）.xlsx|材料2|223,1,0,材料2|正弦波|70|fq1|bq0,0.0525894530942,0.086845929816,0.104291900272,0.124780990562,True,True,False,True,True,False,True,True,312,0,False,False
附件一（训练集）.xlsx|材料1|486,附件一（训练集）.xlsx,材料1,486,C16AEE712BC0AD480B5285F17FA7FA57A5E22A1901D4A6ADB0A1EB83ECFB7FFC,材料1,50,50,223850,1404.881552,正弦波,1,C8CDE74FB7AA7FA9506D349256DCB3989CE0D919714DC8A8CE502D53E8078C6C,F8002BC11D1D1CA087EB1AE51ECE95D36965301FEE2CA85F1DDB323E24845C9D,12.3187314637,-1.48437500139e-10,0.013016862,0.026032128,0.013016064,0.00922491509673,1.41105493801,0.00922491509673,-0.0128673074,-0.00923043975,2.15e-06,0.00923660425,0.01286366825,8.0602e-05,5.0844e-05,5.64505e-05,7.93309e-05,8.00042e-05,0.052064256,0.354366538791,-0.49428564778,-0.354578757509,8.25959536424e-05,0.354815572451,0.494145864619,-0.000177683728977,-1.5025216593,1.41105492192,0.00309625090965,0.001953125,0.0021684934862,0.00304742278465,0.00307328697831,2,0.4990234375,0.5009765625,0.037109375,2,2.20900463704e-06,0.999997761121,4.30104189809e-07,1.60646536336e-06,2.4947161098e-09,1.06089303631e-07,1.31315364062e-09,4.00689791452e-08,1.08541531214e-10,2.19076045412e-08,4.47839573243e-10,-4.34150968508,-3.64842381149,材料1|50|正弦波|53|-19,2913.8245587,near-shape-v1:0.02:01CB4AD90FB2D86895091A9AB9C46C674F7AE681624B81C2845F9F847152051F,0.02,1,1,1523.30156248,q4-hgb-amplitude_and_condition-fold-1,1434.02315772,q4-hgb-amplitude_and_condition-full,True,附件一（训练集）.xlsx|材料1|486,2,0,材料1|正弦波|50|fq2|bq0,0.0603553264674,0.0808717681587,0.10683759986,0.123263615773,True,True,False,True,True,False,True,True,308,0.0519480519481,False,False
附件一（训练集）.xlsx|材料1|3152,附件一（训练集）.xlsx,材料1,3152,C16AEE712BC0AD480B5285F17FA7FA57A5E22A1901D4A6ADB0A1EB83ECFB7FFC,材料1,90,90,354610,49844.89692,三角波,2,F66C0F0861B465302C473ED765E0FEA077C99262E03C0782853CD5EB1974B380,F949FAAB5E46F72582F888FBACC8501FB5D48E85B71F9DF09B9366438BD17CD6,12.778773873,3.22265638654e-11,0.038988538,0.077714526,0.038857263,0.0226476316968,1.72152826053,0.0226476316968,-0.03533451205,-0.01959539825,2.865e-05,0.01957133475,0.0352740784,0.00020775,0.000151786183594,0.000128361,0.0001938496,0.00019478315,0.155429052,0.291420830345,-0.454670624668,-0.25214588946,0.000368656533702,0.251836248963,0.453892987365,-0.00347831546622,-1.2000802963,1.72152826195,0.00267324541103,0.001953125,0.00165169893721,0.00249438052289,0.00250639307766,2,0.6015625,0.3984375,0,2,0.034829756663,0.966196712173,0.0243808743418,0.00427051982934,0.00388159005748,3.15301604419e-06,0.000716682709633,0.00017783012478,7.20145649236e-05,0.000148987624578,7.44105023613e-07,-3.24448757348,-2.55471308927,材料1|90|三角波|55|-15,13825.7254602,near-shape-v1:0.02:51678245D6BB1848FF6418A6EAF772518F024FD1C790E01346430F801E4E490F,0.02,0,0,54581.7513715,q4-hgb-amplitude_and_condition-fold-0,52399.3365733,q4-hgb-amplitude_and_condition-full,True,附件一（训练集）.xlsx|材料1|3152,3,1,材料1|三角波|90|fq3|bq1,0.0408049094333,0.0907817393995,0.0995572085612,0.117891287822,True,True,False,False,True,False,False,True,335,0.125373134328,False,False
附件一（训练集）.xlsx|材料2|1809,附件一（训练集）.xlsx,材料2,1809,C16AEE712BC0AD480B5285F17FA7FA57A5E22A1901D4A6ADB0A1EB83ECFB7FFC,材料2,70,70,499970,223035.8983,三角波,2,EF54DCF08E615D54787AB1E537ADE4E90D129A3339575CEC86157ECB0591578E,FAB3322AB1603DD7671AEADAC1E5BF60CEF83B48D98B154010C35622C536510D,13.1223033756,-2.83203122411e-11,0.049228792,0.098160632,0.049080316,0.0287872408677,1.71009066921,0.0287872408677,-0.04489619235,-0.02493687775,-3.3239e-05,0.02493557375,0.04488634395,0.000260556,0.000191719984375,0.000162971,0.0002442854,0.00024532005,0.196321264,0.293266661809,-0.457374727596,-0.254041535936,-0.000338618150703,0.254028252164,0.457274398746,0.0016256816715,-1.2035380747,1.71009067019,0.00265438388783,0.001953125,0.00166024807175,0.00248862904632,0.00249916942263,2,0.4013671875,0.5986328125,0.0009765625,2,0.0335140078313,0.967448017593,0.0231492471932,0.00449152150393,0.00371960846642,3.4152954746e-08,0.000707163068369,0.000145112366148,8.01598832011e-05,0.000130207433134,6.37066330158e-09,-3.0112766234,-2.32115004013,材料2|70|三角波|56|-14,24612.9191362,near-shape-v1:0.02:DCA164106194DCEE12E91B89A9FC6E819D4C74CE173E1C97DF3149DB01E04063,0.02,2,1,210401.22226,q4-hgb-amplitude_and_condition-fold-1,222630.630806,q4-hgb-amplitude_and_condition-full,True,附件一（训练集）.xlsx|材料2|1809,3,1,材料2|三角波|70|fq3|bq1,0.0564974829286,0.0583161781213,0.0878343505474,0.105646065075,True,True,False,False,True,False,False,False,318,0.147798742138,False,False
附件一（训练集）.xlsx|材料2|790,附件一（训练集）.xlsx,材料2,790,C16AEE712BC0AD480B5285F17FA7FA57A5E22A1901D4A6ADB0A1EB83ECFB7FFC,材料2,90,90,99950,616.5615259,正弦波,1,466C009C84BCD554136A6F0D505E978676237BB1757E14C18A016262A32956FC,FC71FA390D9857519A91C1C6C1565B89BDD104AB35FF061F34023A892416C4E3,11.5124253399,-1.56249995581e-11,0.019560078,0.039113469,0.0195567345,0.013844573836,1.41283352104,0.013844573836,-0.01933120345,-0.013829688,1.215e-05,0.01384465325,0.01931815625,0.000120973,7.63934941406e-05,8.53945e-05,0.0001187868,0.0001197782,0.078226938,0.353959241918,-0.494233928327,-0.353578660701,0.000310635081358,0.353961272666,0.493900356054,-0.000934450548921,-1.50063641835,1.41283351991,0.00309287319926,0.001953125,0.0021832504808,0.00303697940983,0.00306232617721,2,0.498046875,0.501953125,0.0341796875,2,1.8990337684e-06,0.999998090824,1.61891769307e-06,1.06953521346e-07,2.95909657042e-08,5.23600132664e-08,1.53406442957e-09,7.92076707993e-08,1.99257612342e-10,9.92763799656e-09,3.39318586649e-10,-3.93426462665,-3.24128839561,材料2|90|正弦波|49|-18,1955.0297961,near-shape-v1:0.02:0EA091FB6D7385244EC4E12F989A14195AF1574B183002DD694192F87693C5AB,0.02,3,0,800.602616731,q4-hgb-amplitude_and_condition-fold-0,712.254971852,q4-hgb-amplitude_and_condition-full,True,附件一（训练集）.xlsx|材料2|790,1,0,材料2|正弦波|90|fq1|bq0,0.116774033941,0.260834294087,0.104291900272,0.124780990562,False,False,False,False,True,False,False,True,325,0.135384615385,False,False
附件一（训练集）.xlsx|材料1|933,附件一（训练集）.xlsx,材料1,933,C16AEE712BC0AD480B5285F17FA7FA57A5E22A1901D4A6ADB0A1EB83ECFB7FFC,材料1,90,90,125860,11032.88796,正弦波,1,8FEFA7609EAB7874B54073A3AEBBF7402BC2360C0968595FB3DED9FC2D1B4405,FE1A9684284308FE3A22B618BB00055E8E9C2DDEDDACA816F9132878AB07C1BA,11.7429254571,4.29687466164e-11,0.055235814,0.110378457,0.0551892285,0.0391127955764,1.41221851279,0.0391127955764,-0.0545902056,-0.03910897725,4.685e-05,0.03910828775,0.0545098019,0.000341749,0.000215582923828,0.0002391855,0.0003357867,0.00033845595,0.220756914,0.354351715357,-0.494573009323,-0.354317122706,0.000424448377923,0.354310875237,0.493844572017,-0.00175351073663,-1.50226282649,1.41221851389,0.00309615670746,0.001953125,0.00216695817736,0.00304213982625,0.0030663225343,2,0.498046875,0.501953125,0.037109375,2,6.98172224044e-06,0.999993000528,5.43777030639e-06,1.30838358558e-06,1.73114810681e-09,1.57513180781e-07,4.8198085586e-10,2.74356495915e-08,2.4754485142e-11,4.76438221411e-08,6.88944138337e-10,-2.89614373173,-2.20384030005,材料1|90|正弦波|50|-13,6951.97955004,near-shape-v1:0.02:4D7005B87275B620047B619626548FCA4C82A6333B2AB2226C1A7947CB20D068,0.02,1,0,11839.101789,q4-hgb-amplitude_and_condition-fold-0,10934.7165604,q4-hgb-amplitude_and_condition-full,True,附件一（训练集）.xlsx|材料1|933,1,2,材料1|正弦波|90|fq1|bq2,0.0794580454092,0.0705209657334,0.10683759986,0.123263615773,True,True,False,True,True,False,True,True,308,0.441558441558,False,False
