row_id,source_file,source_sheet,source_excel_row,source_file_sha256,material,temperature_C,temperature_label,frequency_Hz,core_loss_W_per_m3,waveform,waveform_code,waveform_sha256,exact_record_sha256,log_frequency_Hz,b_mean_T,b_m_T,b_pp_T,b_half_pp_T,b_rms_T,b_crest_factor,b_std_T,b_q05_T,b_q25_T,b_median_T,b_q75_T,b_q95_T,diff_max_abs_T,diff_mean_abs_T,diff_q50_abs_T,diff_q90_abs_T,diff_q95_abs_T,total_variation_T,shape_std,shape_q05,shape_q25,shape_median,shape_q75,shape_q95,shape_skew,shape_kurtosis_excess,shape_crest_factor,shape_diff_max_abs,shape_diff_mean_abs,shape_diff_q50_abs,shape_diff_q90_abs,shape_diff_q95_abs,shape_total_variation,shape_positive_slope_ratio,shape_negative_slope_ratio,shape_plateau_ratio,shape_slope_sign_changes,shape_fft_harmonic_to_fundamental,shape_fft_h1_energy_ratio,shape_fft_h2_energy_ratio,shape_fft_h3_energy_ratio,shape_fft_h4_energy_ratio,shape_fft_h5_energy_ratio,shape_fft_h6_energy_ratio,shape_fft_h7_energy_ratio,shape_fft_h8_energy_ratio,shape_fft_h9_energy_ratio,shape_fft_h10_energy_ratio,log_b_m_T,log_b_pp_T,condition_group,energy_proxy_Hz_T,near_shape_group,near_shape_quantization,q1_outer_fold,regression_outer_fold,y_pred_oof,oof_model_id,y_pred_full,full_model_id,strict_oof_lineage_pass,duplicate_row_ids,frequency_quartile,b_m_quartile,q5_region_id,full_oof_log_gap,oof_absolute_log_residual,full_oof_gap_p90,oof_residual_p90,full_oof_gap_pass,oof_residual_pass,is_oof_pareto,is_full_fit_pareto,is_observed_loss_pareto,dual_pareto_pass,region_fold_support_pass,bootstrap_region_stability_pass,candidate_bootstrap_valid_repetitions,candidate_bootstrap_pareto_rate,observed_region_jaccard_pass,single_point_eligible
附件一（训练集）.xlsx|材料1|738,附件一（训练集）.xlsx,材料1,738,C16AEE712BC0AD480B5285F17FA7FA57A5E22A1901D4A6ADB0A1EB83ECFB7FFC,材料1,70,70,223850,1429.962384,正弦波,1,40BD15BAB264F9398A94CC2C9C81BAFABD0B122BB6D66E1EADDAF7197F4DE078,01ABEC7C35C85E809CD843F69F4DA72409F0403E20AA87EDC9FBDF1BAA4B65F6,12.3187314637,5.56640619015e-11,0.012346785,0.024684788,0.012342394,0.00874714171277,1.41152223268,0.00874714171277,-0.0122031616,-0.00874805675,2.3e-06,0.008751,0.0121939916,7.6418e-05,4.82124765625e-05,5.34315e-05,7.50678e-05,7.573735e-05,0.049369576,0.35435352788,-0.49435958922,-0.354390599006,9.31725375133e-05,0.354509827848,0.493988100863,-0.000446400126014,-1.50234260056,1.41152223905,0.00309575273646,0.001953125,0.00216455170691,0.00304105508218,0.0030681790745,2,0.4990234375,0.5009765625,0.0361328125,2,2.01614793108e-06,0.999997965626,3.52373841255e-07,1.38657047599e-06,2.5736346633e-09,2.08516866383e-07,2.90120414614e-09,2.62604715359e-08,5.7714289292e-10,3.54953350328e-08,8.74857586826e-10,-4.39435957368,-3.70156809552,材料1|70|正弦波|53|-20,2763.82782225,near-shape-v1:0.02:305616E8A3C37EE94F93CDD1444CF75A0E93FA3BEEEA1F997EB50E1CB2488549,0.02,0,4,1524.39365083,q4-hgb-amplitude_and_condition-fold-4,1416.56101776,q4-hgb-amplitude_and_condition-full,True,附件一（训练集）.xlsx|材料1|738,2,0,材料1|正弦波|70|fq2|bq0,0.0733147067088,0.063905294725,0.10683759986,0.123263615773,True,True,False,True,False,False,True,True,305,0.0131147540984,False,False
附件一（训练集）.xlsx|材料1|3143,附件一（训练集）.xlsx,材料1,3143,C16AEE712BC0AD480B5285F17FA7FA57A5E22A1901D4A6ADB0A1EB83ECFB7FFC,材料1,90,90,396820,51309.35938,三角波,2,E5859C02EA98BB06DE97BF8D38CB24A624200C1928A32931141DA75733C0439D,01DCEB04FBE374CA05E8DEAB00133A47CAF7EBF3452D0BE0FBA3A49361E34F0E,12.8912380563,-1.26953118157e-11,0.034723929,0.069228813,0.0346144065,0.0201935856354,1.71955241763,0.0201935856354,-0.03141937085,-0.01748353675,-2.765e-05,0.017473792,0.0315319037,0.000184627,0.000135212525391,0.000114227,0.0001730911,0.00017412885,0.138457626,0.291693368127,-0.453848180776,-0.252547111234,-0.000399399991225,0.252406350123,0.455473701574,0.00322791894778,-1.20073933932,1.71955241826,0.00266690980243,0.001953125,0.00164999217883,0.00250027542723,0.00251526557302,2,0.3974609375,0.6025390625,0.0009765625,2,0.0350570508089,0.965988134224,0.0246807491304,0.00417645859029,0.00389626079404,5.14747309595e-06,0.000705158040362,0.000184027610035,6.69470778085e-05,0.000148726863635,1.2195226363e-06,-3.36032623315,-2.67033813019,材料1|90|三角波|55|-15,13779.1495058,near-shape-v1:0.02:A9E3A633D1CCDECE5CA0E7D47B35DEBA5EDFD3620DDE5D756C5F81AD37B38EC7,0.02,3,0,52101.0876412,q4-hgb-amplitude_and_condition-fold-0,48230.2067999,q4-hgb-amplitude_and_condition-full,True,附件一（训练集）.xlsx|材料1|3143,3,1,材料1|三角波|90|fq3|bq1,0.0771987623088,0.0153123488231,0.0995572085612,0.117891287822,True,True,True,True,False,True,False,True,335,1,False,False
附件一（训练集）.xlsx|材料1|980,附件一（训练集）.xlsx,材料1,980,C16AEE712BC0AD480B5285F17FA7FA57A5E22A1901D4A6ADB0A1EB83ECFB7FFC,材料1,90,90,177820,2931.906808,正弦波,1,9A9412FEDA8166F80CE53E878BBF91BC8C9878694A72C83BF46E553A325F1123,04EE7DFF78AAB3994EDE052237BC4392F2D07B400C4237E4F19634ED34FCD834,12.0885270817,2.14843750429e-11,0.022123259,0.044226912,0.022113456,0.0156507370339,1.4135602018,0.0156507370339,-0.0218607138,-0.01563811375,9.3e-06,0.0156563365,0.02183876115,0.000135992,8.63806875e-05,9.61705e-05,0.0001340697,0.00013521665,0.088453824,0.353873610573,-0.494285330649,-0.353588190183,0.000210278721599,0.354000217752,0.493788965608,-0.000834861514854,-1.50001379876,1.41356020317,0.00307486988918,0.001953125,0.00217447919493,0.00303140540312,0.00305733870816,2,0.4990234375,0.5009765625,0.0341796875,2,1.21819700466e-06,0.999998763763,9.33572516927e-07,2.04478390748e-10,1.62661252851e-09,2.63973284258e-07,6.01210421747e-10,1.6017720808e-08,1.20461373512e-09,9.65640433969e-10,2.94211797746e-11,-3.81112578045,-3.11842180641,材料1|90|正弦波|52|-17,3933.95791538,near-shape-v1:0.02:1169EA07786B327B877E4F28E86F502E35A338478FE2DF5713193EAEDB85B7DB,0.02,1,4,2772.91222548,q4-hgb-amplitude_and_condition-fold-4,2644.08427537,q4-hgb-amplitude_and_condition-full,True,附件一（训练集）.xlsx|材料1|980,2,0,材料1|正弦波|90|fq2|bq0,0.0475557525856,0.055735336348,0.10683759986,0.123263615773,True,True,False,True,False,False,True,True,331,0,False,False
附件一（训练集）.xlsx|材料1|1047,附件一（训练集）.xlsx,材料1,1047,C16AEE712BC0AD480B5285F17FA7FA57A5E22A1901D4A6ADB0A1EB83ECFB7FFC,材料1,90,90,281860,25046.69085,正弦波,1,8004B5C1604707E5DC91F18B810CC6FF4930A7568991A8AB2B048C41989DA43B,0630A81BCA7D50AC8B020A95315371191D5AF2AEAECE8FF7EB3DC5BB1D038CD6,12.5491657727,5.56640601668e-11,0.03514157,0.070235489,0.0351177445,0.024854812874,1.41387385124,0.024854812874,-0.0347148803,-0.02486069925,2.50345e-05,0.02485116725,0.0346705891,0.000216714,0.000137178689453,0.0001527245,0.0002127585,0.0002147159,0.140470978,0.353878263367,-0.494264094262,-0.3539620733,0.000356435823148,0.353826356848,0.493633482702,-0.00145428827323,-1.50005526834,1.41387385348,0.00308553415212,0.001953125,0.00217446339699,0.00302921646918,0.00305708557109,2,0.4990234375,0.5009765625,0.03515625,2,3.35936309314e-06,0.999996623189,3.1030111858e-06,1.41073413962e-09,4.88496479517e-10,2.27297631474e-07,3.09121255839e-10,2.56918542389e-08,1.24176420655e-10,7.0765751829e-10,3.10891874751e-10,-3.34837051879,-2.65590155438,材料1|90|正弦波|54|-15,9905.0029202,near-shape-v1:0.02:DFDB1959BA35B91E145E9C74ACE614F3E0833549F5AD0D6C8831B0BB9FD8E2D4,0.02,4,3,23135.2586496,q4-hgb-amplitude_and_condition-fold-3,23400.3896502,q4-hgb-amplitude_and_condition-full,True,附件一（训练集）.xlsx|材料1|1047,3,1,材料1|正弦波|90|fq3|bq1,0.0113943819174,0.0793806162016,0.10683759986,0.123263615773,True,True,True,True,True,True,False,True,307,1,False,False
附件一（训练集）.xlsx|材料3|1496,附件一（训练集）.xlsx,材料3,1496,C16AEE712BC0AD480B5285F17FA7FA57A5E22A1901D4A6ADB0A1EB83ECFB7FFC,材料3,50,50,316450,5903.122022,三角波,2,28A80823B94ED26829AE946B87071DCB7938ED2A7C1F7DAC6561CC1C75A69116,06A8DECADF3BAAAC04841AC6CF793DA3C5ECA8CCAFBC8580F49AE79FDC0388FC,12.6649205302,-7.22656249078e-11,0.015626667,0.031147027,0.0155735135,0.00907362791227,1.72220716466,0.00907362791227,-0.01411381415,-0.00785907775,-1.18e-05,0.00784932775,0.0141692225,8.231e-05,6.08340371094e-05,5.16485e-05,7.74388e-05,7.77567e-05,0.062294054,0.291316019095,-0.453135192573,-0.252321920732,-0.000378846036714,0.252008893891,0.454914126227,0.00437838304996,-1.20008750698,1.72220717263,0.00264262781806,0.001953125,0.00165821604739,0.00248623407942,0.002496440511,2,0.400390625,0.599609375,0.0009765625,2,0.0342777556052,0.966708703963,0.0237643276343,0.00442068365756,0.0038284877222,7.85890626074e-07,0.000729644527122,0.000165281084589,8.00904444907e-05,0.000147116414958,1.87319947695e-07,-4.15877640105,-3.46903647972,材料3|50|三角波|55|-19,4945.05877215,near-shape-v1:0.02:0ECEB7A4FB1CEB1D36FFA8102D9B18BEE91D40D59CEB6F47FEC03BD908D29B2E,0.02,0,1,6404.78184669,q4-hgb-amplitude_and_condition-fold-1,5800.34607841,q4-hgb-amplitude_and_condition-full,True,附件一（训练集）.xlsx|材料3|1496,3,0,材料3|三角波|50|fq3|bq0,0.0991110229686,0.081550241311,0.0899223710084,0.10470351852,False,True,False,True,False,False,False,False,314,0,False,False
附件一（训练集）.xlsx|材料3|492,附件一（训练集）.xlsx,材料3,492,C16AEE712BC0AD480B5285F17FA7FA57A5E22A1901D4A6ADB0A1EB83ECFB7FFC,材料3,70,70,251170,1819.36,正弦波,1,A6BC475EDF100358D8B555BB58A2B8E1F5173D7C9233BACEDED2A274DDE3B824,07910A05DB68CB88323AEAD70163BC78BACFEC6B31E1EA21987C1C274CC78BDB,12.4338852797,2.92968750006e-08,0.01241,0.02482,0.01241,0.00878944706936,1.41192044301,0.00878944706932,-0.0122685,-0.0087875,0,0.0087825,0.0122685,8e-05,4.84765625e-05,5e-05,8e-05,8e-05,0.04964,0.354127601503,-0.494300132831,-0.354050334282,-1.1803736906e-06,0.353846523091,0.494297772084,-0.000211399581265,-1.50096646836,1.41192377621,0.00322320709106,0.001953125,0.00201450443191,0.00322320709106,0.00322320709106,2,0.4775390625,0.4775390625,0.044921875,2,9.66832873558e-07,0.999998917633,3.01512844579e-07,2.39437261185e-07,1.06576923332e-08,3.84339627846e-07,1.5203856869e-09,3.71325411112e-11,2.07571691216e-10,2.88019160455e-08,3.17395181922e-10,-4.38925267977,-3.69610549921,材料3|70|正弦波|53|-20,3117.0197,near-shape-v1:0.02:CD080414ECBB0D75784E6CB7D2F444F7D7096CB64839B956F3100D643DF2B70C,0.02,1,1,2024.21316583,q4-hgb-amplitude_and_condition-fold-1,1938.8539002,q4-hgb-amplitude_and_condition-full,True,附件一（训练集）.xlsx|材料3|492,2,0,材料3|正弦波|70|fq2|bq0,0.0430623010308,0.106640678369,0.0944761622685,0.110247248982,True,True,False,True,True,False,True,True,312,0.144230769231,False,False
附件一（训练集）.xlsx|材料3|2622,附件一（训练集）.xlsx,材料3,2622,C16AEE712BC0AD480B5285F17FA7FA57A5E22A1901D4A6ADB0A1EB83ECFB7FFC,材料3,70,70,396820,2038936.938,三角波,2,DEB0BDE55F8D4825913D2792ECEDE53792984776BD108A4E898ECEA4BE3ACF42,09098CB9E0655FDC8238D65C6E346D6700F6383AE828C909404CFFF706170DA8,12.8912380563,1.95312863105e-12,0.155380477,0.309679333,0.1548396665,0.0908979096568,1.70939549201,0.0908979096568,-0.1418683176,-0.078721846,0.0001228605,0.07868800075,0.14172124945,0.000816869,0.000604842447266,0.000513216,0.0007767655,0.0007806033,0.619358666,0.293522686116,-0.458113611353,-0.254204390197,0.00039673457333,0.254095098907,0.457638706707,-0.00251879602364,-1.20400914988,1.70939549203,0.00263778984567,0.001953125,0.00165724975906,0.00250828976049,0.00252068257974,2,0.6015625,0.3984375,0.0009765625,2,0.0344696954269,0.966557341365,0.0242547792772,0.0041977986692,0.00380097316162,3.38531817291e-06,0.000686570949078,0.00017000522961,6.61400276824e-05,0.000136599348856,6.85188043253e-07,-1.86187847957,-1.17221792655,材料3|70|三角波|55|-9,61658.0808831,near-shape-v1:0.02:33C45AB3924EA772A842619A609EFF5D0D1FB7F72208E928FB1F47A499855E7A,0.02,2,0,1901928.36861,q4-hgb-amplitude_and_condition-fold-0,2017033.37539,q4-hgb-amplitude_and_condition-full,True,附件一（训练集）.xlsx|材料3|2622,3,3,材料3|三角波|70|fq3|bq3,0.0587594735501,0.069560225552,0.0899223710084,0.10470351852,True,True,False,True,False,False,False,True,301,0.355481727575,False,False
附件一（训练集）.xlsx|材料1|892,附件一（训练集）.xlsx,材料1,892,C16AEE712BC0AD480B5285F17FA7FA57A5E22A1901D4A6ADB0A1EB83ECFB7FFC,材料1,90,90,99950,2992.093566,正弦波,1,D3AF982FF937041CA9058DC9C1E9AABF5A961E5BFE09CC91F1279402F2013168,098F7AAC1F04FE499EDB5589AFFD833E65B78A174BB10DC78597A76F947E17A7,11.5124253399,5.85937201536e-12,0.039458264,0.078845394,0.039422697,0.027907829613,1.41387791696,0.027907829613,-0.03899206915,-0.02790487675,3.9708e-05,0.027920159,0.03892468455,0.000243221,0.000153994910156,0.000172011,0.0002388099,0.0002409716,0.157690788,0.353956372048,-0.494538325928,-0.353918920817,0.00050361843763,0.354112746195,0.493683683591,-0.00212557705917,-1.50006224116,1.41387791717,0.00308478387463,0.001953125,0.0021816239513,0.00302883767694,0.00305625462408,2,0.498046875,0.501953125,0.03515625,2,4.68467623916e-06,0.999995289821,4.3231410611e-06,2.30222928221e-09,3.00483220894e-09,3.22239701094e-07,8.38206504968e-10,3.00844036474e-08,2.503622071e-09,4.72255346653e-10,6.78622432615e-11,-3.23251177327,-2.54026638199,材料1|90|正弦波|49|-15,3943.8534868,near-shape-v1:0.02:0EA091FB6D7385244EC4E12F989A14195AF1574B183002DD694192F87693C5AB,0.02,3,1,3425.92023961,q4-hgb-amplitude_and_condition-fold-1,3102.7112423,q4-hgb-amplitude_and_condition-full,True,附件一（训练集）.xlsx|材料1|892,1,1,材料1|正弦波|90|fq1|bq1,0.0990633981231,0.135354478515,0.10683759986,0.123263615773,True,False,True,True,True,True,True,True,313,1,False,False
附件一（训练集）.xlsx|材料1|2895,附件一（训练集）.xlsx,材料1,2895,C16AEE712BC0AD480B5285F17FA7FA57A5E22A1901D4A6ADB0A1EB83ECFB7FFC,材料1,70,70,396820,1978770.733,三角波,2,3977F1E230B7D8B9B9058BD6AAFBA20CB3CC4568DC86531402C261990F505011,0A9DF9CF94203D7B0428A632DB1A7D30C966EDED3FBA39D0A5970F25675DAD19,12.8912380563,-9.76560846078e-13,0.17390845,0.346716404,0.173358202,0.10162468526,1.71128156073,0.10162468526,-0.15859549185,-0.0879647835,5.73685e-05,0.088037887,0.1582780033,0.000910478,0.000677180476563,0.000574022,0.0008680752,0.0008713733,0.693432808,0.293106077726,-0.457421368067,-0.253708167494,0.000165462321121,0.25391901273,0.456505667096,-0.00249903244525,-1.20322054217,1.71128156072,0.00262600208555,0.001953125,0.00165559515898,0.00250370386283,0.00251321624805,2,0.6015625,0.3984375,0.0009765625,2,0.0344885015239,0.966535709251,0.0242216674925,0.00423063046063,0.0038110180513,2.9104520621e-06,0.000691803312981,0.000169372881714,6.82482722053e-05,0.000138040112409,6.77245621553e-07,-1.74922626766,-1.05924811273,材料1|70|三角波|55|-8,69010.351129,near-shape-v1:0.02:89B17ECBBD02841ACF30689F5139FB7C6C97902B7413BB83A39AFF001BA0332C,0.02,4,2,2179216.94031,q4-hgb-amplitude_and_condition-fold-2,2103459.75504,q4-hgb-amplitude_and_condition-full,True,附件一（训练集）.xlsx|材料1|2895,3,3,材料1|三角波|70|fq3|bq3,0.0353821025671,0.096489754111,0.0995572085612,0.117891287822,True,True,True,True,True,True,True,True,314,1,False,False
附件一（训练集）.xlsx|材料1|2886,附件一（训练集）.xlsx,材料1,2886,C16AEE712BC0AD480B5285F17FA7FA57A5E22A1901D4A6ADB0A1EB83ECFB7FFC,材料1,70,70,396820,25903.96896,三角波,2,6A9C77BE61B873779BA5307A0CFBE6E4A15E7F172247C5B7A7AB29FECB24AB53,0AA99E2607C998D048D2B042F03BFED66EEBA905AED75AFCD7E0A51225ADCF26,12.8912380563,-7.81249934537e-12,0.025043526,0.049906635,0.0249533175,0.0145484855179,1.72138371167,0.0145484855179,-0.02272293595,-0.012572832,1.66e-05,0.01257996775,0.022659234,0.000133631,9.74738964844e-05,8.23785e-05,0.0001245467,0.00012519905,0.09981327,0.291514054553,-0.455308917185,-0.251927063249,0.000332621259929,0.252070045552,0.454032495034,-0.00387182587648,-1.20010117665,1.72138371113,0.00267761991968,0.001953125,0.00165065226297,0.00249559402272,0.00250866543096,2,0.6015625,0.3984375,0,2,0.0350557946105,0.965987673938,0.0246368911668,0.00421198742116,0.00389704134588,4.45300397194e-06,0.000711702221396,0.000182333534552,6.90887757425e-05,0.000148932456868,1.03556743999e-06,-3.68713992797,-2.99760131913,材料1|70|三角波|55|-17,9937.77198732,near-shape-v1:0.02:97C419089A0A12FDF264D9820AC3B511683041FA5CFAB928F54FB9E91639D089,0.02,2,3,30619.2501065,q4-hgb-amplitude_and_condition-fold-3,25046.2030778,q4-hgb-amplitude_and_condition-full,True,附件一（训练集）.xlsx|材料1|2886,3,0,材料1|三角波|70|fq3|bq0,0.200899390556,0.167226756231,0.0995572085612,0.117891287822,False,False,True,True,True,True,False,True,310,1,False,False
附件一（训练集）.xlsx|材料1|488,附件一（训练集）.xlsx,材料1,488,C16AEE712BC0AD480B5285F17FA7FA57A5E22A1901D4A6ADB0A1EB83ECFB7FFC,材料1,50,50,223860,2132.567199,正弦波,1,AC3003D0081450509A620F601F10800E9C773E6136500CACC6EDEF9ED05B5838,0CEE2FF2951507729C7D3BC3B5D7150131AFE7ADBD37769F4DE880FD5C854FB1,12.3187761354,-7.42187509367e-11,0.015547379,0.03108899,0.015544495,0.0110124928382,1.41179469794,0.0110124928382,-0.0153681851,-0.011010194,2.85e-06,0.01101916875,0.01535718425,9.5796e-05,6.07206835938e-05,6.75505e-05,9.45276e-05,9.53452e-05,0.06217798,0.354224850604,-0.494328861304,-0.354150904413,9.16747124545e-05,0.354439588556,0.493975015728,-0.000448679695299,-1.50186443627,1.4117946912,0.0030813480914,0.001953125,0.00217281101766,0.00304054908185,0.00306684778116,2,0.4990234375,0.5009765625,0.03515625,2,1.36943865601e-06,0.999998613899,2.71319427632e-07,8.77134634377e-07,1.21805832106e-08,1.79615449505e-07,3.61815469821e-09,5.13536330891e-09,1.08861945216e-09,1.90113772882e-08,3.33148359621e-10,-4.16386320762,-3.47090154177,材料1|50|正弦波|53|-19,3480.43626294,near-shape-v1:0.02:305616E8A3C37EE94F93CDD1444CF75A0E93FA3BEEEA1F997EB50E1CB2488549,0.02,0,1,2264.54919769,q4-hgb-amplitude_and_condition-fold-1,2136.46830079,q4-hgb-amplitude_and_condition-full,True,附件一（训练集）.xlsx|材料1|488,2,0,材料1|正弦波|50|fq2|bq0,0.0581951092508,0.0600218807094,0.10683759986,0.123263615773,True,True,False,True,False,False,True,True,308,0.0227272727273,False,False
附件一（训练集）.xlsx|材料1|2878,附件一（训练集）.xlsx,材料1,2878,C16AEE712BC0AD480B5285F17FA7FA57A5E22A1901D4A6ADB0A1EB83ECFB7FFC,材料1,70,70,396820,518693.4246,三角波,2,2FC2E3945BAFD69D0E332EE6E586D303F26790B9703727114471163BC143A131,0E0039E5B0ABFFB92CCC7C895205876E563B1696226FFFA6E3670B9BFAAEDF96,12.8912380563,7.42187526714e-11,0.097756217,0.19500233,0.097501165,0.0570782611615,1.71266985032,0.0570782611615,-0.0889407165,-0.04937796925,-3.92e-05,0.04941142025,0.08900001675,0.00051045,0.000380863925781,0.0003214,0.0004882507,0.00048941055,0.39000466,0.292705534141,-0.456100789022,-0.253217329886,-0.00020102361966,0.253388870665,0.456404888474,0.00186972844428,-1.20319809707,1.71266984902,0.00261766103,0.001953125,0.0016481854345,0.00250381982615,0.0025097677038,2,0.3984375,0.6015625,0.0009765625,2,0.0348470683428,0.966196488279,0.0246221047905,0.00411931289475,0.00384731647321,5.5102089765e-06,0.000688065809608,0.000179888304248,6.3760447858e-05,0.000141965701808,1.19042864954e-06,-2.32527848112,-1.63474377177,材料1|70|三角波|55|-11,38791.6220299,near-shape-v1:0.02:3C03F274D569F93086DDCD32B0E345ADFFA4922B7C787D9FB2AF0D3F25B2F725,0.02,1,3,546404.441744,q4-hgb-amplitude_and_condition-fold-3,536497.077908,q4-hgb-amplitude_and_condition-full,True,附件一（训练集）.xlsx|材料1|2878,3,2,材料1|三角波|70|fq3|bq2,0.0182982880611,0.0520463349704,0.0995572085612,0.117891287822,True,True,False,True,True,False,False,True,325,0,False,False
附件一（训练集）.xlsx|材料2|205,附件一（训练集）.xlsx,材料2,205,C16AEE712BC0AD480B5285F17FA7FA57A5E22A1901D4A6ADB0A1EB83ECFB7FFC,材料2,70,70,99950,466.5996296,正弦波,1,03CF3AFDE8D77B95A3ABCEF891AACC1F9A381AF6A42452288C3403352A955CCD,111EA52DE883F328E1D31D340B63713D3464EB1BB51C022605D137D2A2D20B45,11.5124253399,4.39453117992e-11,0.015647061,0.031288541,0.0156442705,0.0110777224498,1.41247996336,0.0110777224498,-0.0154657671,-0.011085931,1.1695e-05,0.011071138,0.0154590655,9.67e-05,6.11104316406e-05,6.8115e-05,9.46321e-05,9.53663e-05,0.062577082,0.354050463708,-0.494294928739,-0.35431281516,0.000373777609339,0.353840019452,0.49408073889,-0.00107034339668,-1.5002027231,1.41247996733,0.00309058834031,0.001953125,0.00217699508584,0.00302449705149,0.00304796251126,2,0.498046875,0.501953125,0.0361328125,2,1.80253157542e-06,0.999998167758,1.11772219054e-06,4.10436641439e-08,6.48931721288e-08,5.37962952414e-07,7.21085773061e-09,6.72268752688e-09,9.56330379507e-09,1.10779672007e-08,6.33147726705e-09,-4.15747217516,-3.4645033507,材料2|70|正弦波|49|-19,1563.92374695,near-shape-v1:0.02:4D7005B87275B620047B619626548FCA4C82A6333B2AB2226C1A7947CB20D068,0.02,1,0,641.939183618,q4-hgb-amplitude_and_condition-fold-0,534.978486238,q4-hgb-amplitude_and_condition-full,True,附件一（训练集）.xlsx|材料2|205,1,0,材料2|正弦波|70|fq1|bq0,0.181956114872,0.318437700054,0.104291900272,0.124780990562,False,False,True,True,True,True,True,True,329,1,False,False
附件一（训练集）.xlsx|材料1|1005,附件一（训练集）.xlsx,材料1,1005,C16AEE712BC0AD480B5285F17FA7FA57A5E22A1901D4A6ADB0A1EB83ECFB7FFC,材料1,90,90,199500,142631.1487,正弦波,1,B6A9EF36A497E0D1D011C73C92D745ACFCF21600B5160FB48A127B8ED48FB091,14B98CA5027465786A2263C72DED4A58A10BEC279047964EF9DD213CE4E4E3D0,12.2035695153,5.85936854591e-12,0.098941113,0.197501498,0.098750749,0.0698868589854,1.41573272052,0.0698868589854,-0.09775498085,-0.069832395,0.0001939455,0.0698505825,0.0974030683,0.000610609,0.000385745113281,0.000430108,0.000597781,0.00060310485,0.395002996,0.353854829928,-0.49495817422,-0.353579065035,0.000981995053732,0.353671152885,0.49317635198,-0.00401100215568,-1.49981557676,1.4157327206,0.00309166768953,0.001953125,0.00217774550753,0.00302671628344,0.00305367228151,2,0.498046875,0.501953125,0.0341796875,2,1.76256116189e-05,0.999982356874,1.72945398345e-05,1.07602614818e-08,7.29220163494e-09,2.8773489857e-07,4.02797029684e-10,2.11192101376e-08,1.48997549926e-09,1.30298117849e-09,6.58487963482e-10,-2.313230424,-1.62200910986,材料1|90|正弦波|52|-11,19738.7520435,near-shape-v1:0.02:7A7E43FA9CB50F6274FB5BC2F527C3F2B4A58248099E60724DA48243352C2A3B,0.02,0,1,153817.692249,q4-hgb-amplitude_and_condition-fold-1,144468.966157,q4-hgb-amplitude_and_condition-full,True,附件一（训练集）.xlsx|材料1|1005,2,2,材料1|正弦波|90|fq2|bq2,0.0627029464809,0.075505656491,0.10683759986,0.123263615773,True,True,False,True,True,False,True,True,306,0.356209150327,False,False
附件一（训练集）.xlsx|材料1|2627,附件一（训练集）.xlsx,材料1,2627,C16AEE712BC0AD480B5285F17FA7FA57A5E22A1901D4A6ADB0A1EB83ECFB7FFC,材料1,50,50,396820,339581.1328,三角波,2,671A36B9374FC5373208D9001DBFABEC6CBB3CC5AD11E10796A933EE265E5A62,156E9B5ACD2CCAACE5AEE3385DF8E2D0B811777DC940540B15F8DA433461558F,12.8912380563,4.78515612551e-11,0.077653813,0.154958923,0.0774794615,0.0453496116919,1.71233688896,0.0453496116919,-0.07069084515,-0.0392776455,2.175e-05,0.039252577,0.07062281435,0.000406315,0.000302654146484,0.0002555295,0.0003873556,0.0003881077,0.309917846,0.292655697484,-0.456190865484,-0.253471338,0.000140359468996,0.253309562252,0.455751840132,-0.00124426072029,-1.20309756283,1.71233689001,0.00262208198233,0.001953125,0.00164901442946,0.00249973084803,0.00250458439234,2,0.6015625,0.3984375,0.001953125,2,0.0345888818566,0.966436314665,0.0243267319255,0.00419425674067,0.00382470901502,3.79088561122e-06,0.000694440659951,0.000173676168794,6.74551729063e-05,0.00014200061816,8.90323257746e-07,-2.55549462563,-1.86459521009,材料1|50|三角波|55|-12,30814.5860747,near-shape-v1:0.02:8188412DB8D04F2BAA79712BE2708235391769123590D6C5528ABFA255EF7212,0.02,4,1,342245.894594,q4-hgb-amplitude_and_condition-fold-1,333487.872315,q4-hgb-amplitude_and_condition-full,True,附件一（训练集）.xlsx|材料1|2627,3,2,材料1|三角波|50|fq3|bq2,0.0259228921984,0.00781655005774,0.0995572085612,0.117891287822,True,True,True,True,True,True,False,True,308,1,False,False
附件一（训练集）.xlsx|材料1|1033,附件一（训练集）.xlsx,材料1,1033,C16AEE712BC0AD480B5285F17FA7FA57A5E22A1901D4A6ADB0A1EB83ECFB7FFC,材料1,90,90,251170,31919.17006,正弦波,1,BA37414FA0CEAAEE42A924A9B5E9F8A38D18CD4570D0820B99C034426EDAD216,15ED40CF3C707385478D908A2E31DC2D9003256C292A8EC4DD6472047F1742B0,12.4338852797,-6.34765642826e-11,0.044351105,0.08863073,0.044315365,0.0313581009135,1.41434282396,0.0313581009135,-0.04381920285,-0.03131451675,3.48e-05,0.0313219685,0.04375101645,0.000273271,0.000173106894531,0.000193071,0.0002686366,0.00027065705,0.17726146,0.353806190173,-0.494401916655,-0.353314439433,0.000392641056624,0.353398517235,0.493632586728,-0.0016565843876,-1.50013037521,1.41434282193,0.00308325340432,0.001953125,0.00217837537838,0.00303096454243,0.00305376081185,2,0.498046875,0.501953125,0.0341796875,2,4.40017328903e-06,0.999995591828,4.29784917302e-06,5.24273714541e-09,3.97851965567e-10,5.04566679913e-08,2.59977875092e-10,4.27205227062e-08,4.47455390118e-11,3.16691003212e-09,1.53060362937e-11,-3.11561765509,-2.42327664178,材料1|90|正弦波|53|-14,11139.6670429,near-shape-v1:0.02:FCCD107ACBACE32E7A36279D623681DE9ACE964EC2895F6941D28671223B0908,0.02,1,4,31632.1878551,q4-hgb-amplitude_and_condition-fold-4,31334.9374092,q4-hgb-amplitude_and_condition-full,True,附件一（训练集）.xlsx|材料1|1033,2,1,材料1|正弦波|90|fq2|bq1,0.00944121909398,0.00903128221487,0.10683759986,0.123263615773,True,True,True,True,True,True,True,True,317,1,False,False
附件一（训练集）.xlsx|材料1|3148,附件一（训练集）.xlsx,材料1,3148,C16AEE712BC0AD480B5285F17FA7FA57A5E22A1901D4A6ADB0A1EB83ECFB7FFC,材料1,90,90,396820,497055.7207,三角波,2,9AAA02671BFF2CCF42C941827F6FEC9861D83ADAF0E6BA0485D2F205A5BDBCC1,16620BBB00089C29748DF78877DDE5AEC132F5842B91CA9F6BEB5EA8062143F3,12.8912380563,1.2695310081e-11,0.097666222,0.194767369,0.0973836845,0.0570073519483,1.71322151726,0.0570073519483,-0.0888398886,-0.04932601,-4.61e-05,0.049345921,0.088881516,0.000510085,0.000380405017578,0.000321004,0.0004875168,0.00048876795,0.389534738,0.292694573228,-0.456133330079,-0.253256026746,-0.00023669269104,0.253358256266,0.456347058769,0.00200080628689,-1.20308584252,1.71322151704,0.00261894486032,0.001953125,0.00164814055685,0.00250307226772,0.00250949608504,2,0.3984375,0.6015625,0.0009765625,2,0.0348621134485,0.966182159775,0.0246321659658,0.00412304418267,0.00384818637443,5.42168523889e-06,0.00068676661103,0.000180008439033,6.38761752676e-05,0.000142503677049,1.17895546245e-06,-2.32619951154,-1.63594941207,材料1|90|三角波|55|-11,38755.910214,near-shape-v1:0.02:3C03F274D569F93086DDCD32B0E345ADFFA4922B7C787D9FB2AF0D3F25B2F725,0.02,1,1,498401.92157,q4-hgb-amplitude_and_condition-fold-1,513767.422958,q4-hgb-amplitude_and_condition-full,True,附件一（训练集）.xlsx|材料1|3148,3,2,材料1|三角波|90|fq3|bq2,0.0303637955856,0.00270468361246,0.0995572085612,0.117891287822,True,True,True,True,True,True,False,True,306,1,False,False
附件一（训练集）.xlsx|材料1|2881,附件一（训练集）.xlsx,材料1,2881,C16AEE712BC0AD480B5285F17FA7FA57A5E22A1901D4A6ADB0A1EB83ECFB7FFC,材料1,70,70,396820,1502890.835,三角波,2,B01410140B43E4B79692C968E2F32A53489F1165B98CFFD6381D833A75993738,199F0E13AA8DF2206BF49F01649E014A4A8DC092FBF78176FDA3B9FCEB69E43C,12.8912380563,-1.95312169216e-12,0.154429609,0.307803277,0.1539016385,0.0901664600867,1.71271677796,0.0901664600867,-0.1404281429,-0.07812293625,-0.000104188,0.07806235225,0.14071426645,0.000811691,0.000601178275391,0.0005087285,0.0007723438,0.0007755889,0.615606554,0.292935348075,-0.456226926064,-0.253808006885,-0.00033848891754,0.253611179883,0.457156492366,0.00248070296747,-1.20293087668,1.71271677798,0.00263704469917,0.001953125,0.00165277155253,0.00250921240192,0.00251975517467,2,0.3974609375,0.6025390625,0.0009765625,2,0.0349472321622,0.966105891627,0.0247154967463,0.00412107313922,0.00384805920471,6.14211236859e-06,0.000687922871159,0.00017885832012,6.27633407707e-05,0.000141155958993,1.25519430954e-06,-1.86801689164,-1.17829441111,材料1|70|三角波|55|-9,61280.7574434,near-shape-v1:0.02:3C03F274D569F93086DDCD32B0E345ADFFA4922B7C787D9FB2AF0D3F25B2F725,0.02,1,1,1613352.37574,q4-hgb-amplitude_and_condition-fold-1,1505713.70381,q4-hgb-amplitude_and_condition-full,True,附件一（训练集）.xlsx|材料1|2881,3,3,材料1|三角波|70|fq3|bq3,0.0690471832321,0.0709237128493,0.0995572085612,0.117891287822,True,True,False,True,True,False,True,True,308,0,False,False
附件一（训练集）.xlsx|材料1|1051,附件一（训练集）.xlsx,材料1,1051,C16AEE712BC0AD480B5285F17FA7FA57A5E22A1901D4A6ADB0A1EB83ECFB7FFC,材料1,90,90,281860,72754.56115,正弦波,1,E0914C4E4C27C2967447DFA944FC850B82EDC7E3739CD95FA942B4A9D1F01F61,1F9EC5CDCBF57701CFBFB5A55072689D6D499F91A73EC24E71A1F7AA3BCCD1B2,12.5491657727,-4.58984343588e-11,0.055405954,0.110688293,0.0553441465,0.0392105868925,1.41303557001,0.0392105868925,-0.05474729425,-0.0392171895,6.285e-05,0.039213229,0.05463142225,0.000343212,0.000216188072266,0.000240275,0.0003364981,0.00033934455,0.221376586,0.354243306404,-0.494607810097,-0.354302956448,0.000567811140591,0.354267176619,0.493560979352,-0.00231973708673,-1.50211292865,1.41303556884,0.0031007073169,0.001953125,0.00217073543631,0.00304005139911,0.00306576730748,2,0.4970703125,0.5029296875,0.03515625,2,1.0027265257e-05,0.999989949858,8.76327726741e-06,1.15258616673e-06,4.63220097332e-10,6.91543609815e-08,7.18676287589e-11,2.6867068077e-08,3.59319274044e-10,1.43565662602e-08,2.86450973733e-11,-2.89306821808,-2.20103719915,材料1|90|正弦波|54|-13,15616.7221944,near-shape-v1:0.02:4D7005B87275B620047B619626548FCA4C82A6333B2AB2226C1A7947CB20D068,0.02,1,4,77362.5702539,q4-hgb-amplitude_and_condition-fold-4,73880.6958509,q4-hgb-amplitude_and_condition-full,True,附件一（训练集）.xlsx|材料1|1051,3,2,材料1|正弦波|90|fq3|bq2,0.0460508920476,0.0614106561877,0.10683759986,0.123263615773,True,True,False,True,True,False,True,True,305,0.377049180328,False,False
附件一（训练集）.xlsx|材料1|965,附件一（训练集）.xlsx,材料1,965,C16AEE712BC0AD480B5285F17FA7FA57A5E22A1901D4A6ADB0A1EB83ECFB7FFC,材料1,90,90,158500,13899.54076,正弦波,1,8FD7812293819472646158E843E158EE1EB7AAAC0568F249D32FB0CB3E650F16,231951A41260AD016D40951147BF3EE64AE0254567D23A9F1369AB71FF45C818,11.9735098723,1.17187509696e-11,0.049450607,0.098803375,0.0494016875,0.035010390423,1.41245517124,0.035010390423,-0.0488715785,-0.035057191,4.8267e-05,0.03503372975,0.0487794774,0.000306098,0.000192975341797,0.0002147495,0.0003002444,0.00030308435,0.19760675,0.354344074006,-0.494634707688,-0.354817747994,0.0004885155824,0.354580293824,0.493702541925,-0.00209342183161,-1.50238876669,1.41245517157,0.00309805206553,0.001953125,0.00217350368851,0.00303880712577,0.00306755057709,2,0.498046875,0.501953125,0.0361328125,2,5.16500309635e-06,0.999994811356,3.54701569996e-06,1.44969629462e-06,2.8719769466e-09,1.11580854057e-07,1.41671651707e-10,3.20739823429e-08,6.75552064032e-10,2.08249433814e-08,9.53219674041e-11,-3.00678094596,-2.31462351489,材料1|90|正弦波|52|-14,7837.9212095,near-shape-v1:0.02:996AD645FCB83C71A309B1ECB8CE49B439ABE23826125FF526451F78DE70947B,0.02,2,2,13658.3029742,q4-hgb-amplitude_and_condition-fold-2,14148.890016,q4-hgb-amplitude_and_condition-full,True,附件一（训练集）.xlsx|材料1|965,1,1,材料1|正弦波|90|fq1|bq1,0.0352860252764,0.0175069169152,0.10683759986,0.123263615773,True,True,True,True,True,True,True,True,292,1,False,False
附件一（训练集）.xlsx|材料1|2880,附件一（训练集）.xlsx,材料1,2880,C16AEE712BC0AD480B5285F17FA7FA57A5E22A1901D4A6ADB0A1EB83ECFB7FFC,材料1,70,70,396820,1164643.594,三角波,2,928969B09B281D247BB452ADA15DF063F72B1EF85396346DC4A8DFA041396DF9,2663F34253BC7F61A66411BD32FAB65E8C7D7F2582CE216A87C56BF21153A13C,12.8912380563,-4.58984343588e-11,0.138256298,0.275794941,0.1378974705,0.0807865122747,1.71137847281,0.0807865122747,-0.12588435725,-0.0698765575,-3.8175e-05,0.06990746775,0.1260282323,0.000723218,0.000538661994141,0.0004544365,0.0006909421,0.00069295855,0.551589882,0.2929223864,-0.456441864915,-0.253364174124,-0.000138417891072,0.253476251386,0.456963539247,0.00139661560328,-1.20340448533,1.71137847337,0.00262230335835,0.001953125,0.00164773327006,0.00250527474324,0.00251258615364,2,0.3984375,0.6015625,0.0009765625,2,0.0348528653831,0.96619344303,0.0246435370878,0.00411540661025,0.00384031936149,5.83071506801e-06,0.000684536699199,0.00017994342352,6.25753838789e-05,0.000141155670083,1.30505273442e-06,-1.97864608446,-1.28809765679,材料1|70|三角波|55|-9,54862.8641724,near-shape-v1:0.02:AEB5429EFF641E5CF8DEFFA0326ABD14E5DA94ABEFA48F50D1B6B447573518C3,0.02,1,1,1178658.13038,q4-hgb-amplitude_and_condition-fold-1,1137856.61448,q4-hgb-amplitude_and_condition-full,True,附件一（训练集）.xlsx|材料1|2880,3,3,材料1|三角波|70|fq3|bq3,0.0352302533885,0.0119614912319,0.0995572085612,0.117891287822,True,True,True,True,False,True,True,True,308,1,False,False
附件一（训练集）.xlsx|材料1|875,附件一（训练集）.xlsx,材料1,875,C16AEE712BC0AD480B5285F17FA7FA57A5E22A1901D4A6ADB0A1EB83ECFB7FFC,材料1,90,90,89080,3376.347702,正弦波,1,DBA97BC76E93B74E90FF6238F4BDD7DBD5EA5C5341CCC1B632C6163E57F99AE0,2953DA8A2E69DF5A3CB5CEC02E5A930C62AA78577B8F16B465962C0B76312617,11.3972901214,-5.95703122247e-11,0.044271941,0.088385479,0.0441927395,0.0312819826478,1.41525367808,0.0312819826478,-0.0437522006,-0.0312664375,8.135e-05,0.03127326925,0.04359545395,0.000272547,0.000172627888672,0.0001924145,0.0002677427,0.00027022205,0.176770958,0.353926719658,-0.495015708864,-0.353750840004,0.000920400732006,0.353828136289,0.493242266748,-0.00386878207447,-1.50010586233,1.41525367618,0.00308361738923,0.001953125,0.00217699221837,0.00302926117536,0.00305731272894,2,0.4990234375,0.5009765625,0.03515625,2,5.20029070331e-06,0.999994773056,4.90284886873e-06,2.57877346068e-08,2.81615101523e-09,2.37031449415e-07,4.40255789579e-10,2.87618962582e-08,1.36821802902e-09,9.87957433914e-10,2.20990395812e-10,-3.11740418861,-2.42604758754,材料1|90|正弦波|49|-14,3943.74450428,near-shape-v1:0.02:4BD78A6F21930A96AAD1D714E3AAB181E7FF2A1D3DCDFAF2AA54793C468BD0B1,0.02,4,3,3437.72260763,q4-hgb-amplitude_and_condition-fold-3,3082.34804421,q4-hgb-amplitude_and_condition-full,True,附件一（训练集）.xlsx|材料1|875,0,1,材料1|正弦波|90|fq0|bq1,0.109084033492,0.0180093695285,0.10683759986,0.123263615773,False,True,False,True,False,False,False,False,295,0.389830508475,False,False
附件一（训练集）.xlsx|材料1|2866,附件一（训练集）.xlsx,材料1,2866,C16AEE712BC0AD480B5285F17FA7FA57A5E22A1901D4A6ADB0A1EB83ECFB7FFC,材料1,70,70,354610,707859.959,三角波,2,0A89544BE626933AF8941FC250701B91EE91E254A2CABA75F1017DF32273971C,2C161EB658CB334C6A20650D69F031DCCBF81B6F0269A83D5176D7A6A74D9B5B,12.778773873,9.76564315525e-13,0.122865157,0.245067589,0.1225337945,0.0716657052396,1.71442053894,0.0716657052396,-0.11156375265,-0.06205434175,-3.2579e-05,0.06200765525,0.11171913685,0.00064162,0.000478647634766,0.000403847,0.0006123536,0.00061392915,0.490135178,0.292432408267,-0.455236667999,-0.253213172759,-0.000132938839891,0.253022668163,0.455870714299,0.00194304989791,-1.20252627177,1.71442053892,0.00261813486891,0.001953125,0.00164790049002,0.00249871312032,0.00250514216305,2,0.3984375,0.6015625,0.001953125,2,0.0347158848048,0.966314212595,0.0244292605754,0.00418491153452,0.00384186643097,4.17130161063e-06,0.000695581596889,0.000177826199835,6.75200101345e-05,0.00014435606427,9.59176051935e-07,-2.09666780952,-1.40622123301,材料1|70|三角波|55|-10,43569.2133238,near-shape-v1:0.02:516BDE16A57D5E4FCA0A9F4456765D4F32E3A112E29E1B49B8ACADC3BE751D93,0.02,2,4,735361.884624,q4-hgb-amplitude_and_condition-fold-4,740210.411587,q4-hgb-amplitude_and_condition-full,True,附件一（训练集）.xlsx|材料1|2866,3,3,材料1|三角波|70|fq3|bq3,0.0065717387802,0.0381164091355,0.0995572085612,0.117891287822,True,True,True,True,True,True,True,True,309,1,False,False
附件一（训练集）.xlsx|材料1|3161,附件一（训练集）.xlsx,材料1,3161,C16AEE712BC0AD480B5285F17FA7FA57A5E22A1901D4A6ADB0A1EB83ECFB7FFC,材料1,90,90,396820,51225.16818,三角波,2,8B6CC98F6E830D1C86315210D7B26AAE1D4665316358A3F9835799080E03AC5F,2D74DD2EDF4792000E3786FCE0231AC5C06FB57FD33DDF3DF12DFCE0DB7B091F,12.8912380563,-7.81249977905e-12,0.034785461,0.069337564,0.034668782,0.0202254288955,1.71988743377,0.0202254288955,-0.0315719639,-0.01747207475,1.905e-05,0.01750798675,0.031506678,0.000185313,0.000135424929687,0.0001144075,0.0001731806,0.0001739567,0.138675128,0.291695117751,-0.455337079511,-0.251985702039,0.000274742963461,0.252503632199,0.454395513633,-0.0031096229032,-1.2005271128,1.71988743338,0.00267262057259,0.001953125,0.00165000749089,0.00249764471103,0.00250883777803,2,0.6015625,0.3984375,0,2,0.0349068296102,0.966128376956,0.0244975653341,0.00423014318954,0.00388543177342,3.94778630261e-06,0.000710169388405,0.00017923422289,6.96826766734e-05,0.000147413178169,8.91086522517e-07,-3.35855576686,-2.66876847058,材料1|90|三角波|55|-15,13803.566634,near-shape-v1:0.02:97C419089A0A12FDF264D9820AC3B511683041FA5CFAB928F54FB9E91639D089,0.02,2,0,52614.7640324,q4-hgb-amplitude_and_condition-fold-0,48388.3041597,q4-hgb-amplitude_and_condition-full,True,附件一（训练集）.xlsx|材料1|3161,3,1,材料1|三角波|90|fq3|bq1,0.083736970412,0.0267652725318,0.0995572085612,0.117891287822,True,True,True,True,False,True,False,True,335,1,False,False
附件一（训练集）.xlsx|材料1|690,附件一（训练集）.xlsx,材料1,690,C16AEE712BC0AD480B5285F17FA7FA57A5E22A1901D4A6ADB0A1EB83ECFB7FFC,材料1,70,70,158500,11710.85379,正弦波,1,321F1171520118D1CDCBBFC28B0C05D5932F169DCE9DE389DFE65C4C1EA10F8C,2D7F21D42C0FDC04A711663584DEA1096C75F223DC660980A80E4AE0E3F86D6C,11.9735098723,5.85937479092e-11,0.043933169,0.087791518,0.043895759,0.0311094204309,1.41221431937,0.0311094204309,-0.0434219874,-0.0311437175,3.4437e-05,0.031125484,0.0433480713,0.000271336,0.000171467808594,0.00019054,0.0002669065,0.0002693055,0.175583036,0.354355650063,-0.494603447438,-0.354746315682,0.000392258183829,0.35453862344,0.493761495745,-0.00174009609663,-1.50228501925,1.41221432126,0.00309068582229,0.001953125,0.00217036912381,0.00304023106196,0.00306755716424,2,0.498046875,0.501953125,0.0361328125,2,4.43964562258e-06,0.999995543229,2.87966567211e-06,1.32727394799e-06,2.46144988777e-09,1.61232958662e-07,2.132607824e-10,3.13224166329e-08,4.79438819941e-10,3.6492077923e-08,4.84613285452e-10,-3.1250856861,-2.43279038893,材料1|70|正弦波|52|-14,6963.4072865,near-shape-v1:0.02:22AFF715BA6FF0793192C92D28FD57DEED36CB412EBC0B9D630A4C6F51964056,0.02,4,2,11387.9197413,q4-hgb-amplitude_and_condition-fold-2,11944.5241204,q4-hgb-amplitude_and_condition-full,True,附件一（训练集）.xlsx|材料1|690,1,1,材料1|正弦波|70|fq1|bq1,0.047715727391,0.0279605431329,0.10683759986,0.123263615773,True,True,True,True,True,True,True,True,289,1,False,False
附件一（训练集）.xlsx|材料2|1787,附件一（训练集）.xlsx,材料2,1787,C16AEE712BC0AD480B5285F17FA7FA57A5E22A1901D4A6ADB0A1EB83ECFB7FFC,材料2,70,70,199170,9168.407971,三角波,2,420CFC6A316A7EF2F39312D9EDEE7E61906B75D282D3D6E1B826365C6CDBAD00,323AE86364F2399AF3EDF4DFCBC93591F53251CE0B02A2CB9D6A1ADC3CAC6990,12.2019140104,3.90625001963e-11,0.031426575,0.062611287,0.0313056435,0.0181855420467,1.72810768683,0.0181855420467,-0.02827503905,-0.0157440255,-5.025e-05,0.0157153685,0.0284222878,0.000167348,0.000122287669922,0.0001040425,0.0001557774,0.00015653455,0.125222574,0.290451497135,-0.451596516281,-0.251456666896,-0.000802571572479,0.250998968619,0.45394830745,0.00567661545032,-1.19807086363,1.72810768468,0.002672808818,0.001953125,0.00166172115261,0.00248800827237,0.00250010113991,2,0.3984375,0.6015625,0.001953125,2,0.0346275708484,0.966371297196,0.0240148461053,0.00442876635484,0.00387579314115,1.11021639891e-06,0.000739892769416,0.000169889827916,8.0872499687e-05,0.000151676870175,2.42774603818e-07,-3.46010140643,-2.77080971361,材料2|70|三角波|52|-16,6259.23094275,near-shape-v1:0.02:60E7B66EE759E71D266866BD34A6201B661216080C9AAEC2B2264B5D4CF998BE,0.02,3,2,9957.41358736,q4-hgb-amplitude_and_condition-fold-2,9165.50339299,q4-hgb-amplitude_and_condition-full,True,附件一（训练集）.xlsx|材料2|1787,2,1,材料2|三角波|70|fq2|bq1,0.0828618763609,0.0825450578536,0.0878343505474,0.105646065075,True,True,True,True,True,True,True,True,331,1,False,False
附件一（训练集）.xlsx|材料1|742,附件一（训练集）.xlsx,材料1,742,C16AEE712BC0AD480B5285F17FA7FA57A5E22A1901D4A6ADB0A1EB83ECFB7FFC,材料1,70,70,223850,5180.006426,正弦波,1,A2ACDCEADACD4814078917C630C8183CC88DA344F69610969CBF0AB8C01EA1F3,326C08E0EAD4671778DF4473DC00D402A80545EFA7EB06DECF456CD08B5A5E56,12.3187314637,-7.81250064641e-12,0.021977674,0.043933267,0.0219666335,0.0155799725375,1.41063624773,0.0155799725375,-0.0217328024,-0.01559573825,1.0745e-05,0.0156016175,0.0217148242,0.000135888,8.58071621094e-05,9.58685e-05,0.0001335124,0.00013473855,0.087866534,0.354628134929,-0.494677584351,-0.35498699066,0.000244575660911,0.355120813297,0.49426836861,-0.00093735325722,-1.50222196988,1.41063624722,0.00309305474596,0.001953125,0.00218213910657,0.00303898182669,0.00306689120115,2,0.4990234375,0.5009765625,0.0380859375,2,3.6464328445e-06,0.99999628823,1.29430964454e-06,1.28522320987e-06,8.47497752307e-10,9.5095757658e-07,2.18100863265e-09,1.09118950684e-07,1.04486651578e-09,2.70576716297e-09,3.07880464906e-11,-3.81772815908,-3.12508345545,材料1|70|正弦波|53|-17,4919.7023249,near-shape-v1:0.02:593A496289F4162347384FBD3DB9F6A72897781F3ECF25E762A0BB54D93AF268,0.02,1,2,4607.65064812,q4-hgb-amplitude_and_condition-fold-2,4642.86941731,q4-hgb-amplitude_and_condition-full,True,附件一（训练集）.xlsx|材料1|742,2,0,材料1|正弦波|70|fq2|bq0,0.00761283175467,0.117064215028,0.10683759986,0.123263615773,True,True,True,True,True,True,True,True,310,1,False,False
附件一（训练集）.xlsx|材料3|700,附件一（训练集）.xlsx,材料3,700,C16AEE712BC0AD480B5285F17FA7FA57A5E22A1901D4A6ADB0A1EB83ECFB7FFC,材料3,70,70,199500,877.6129882,正弦波,1,5E08259E8DF8DF1C6D44BB242436E9CAA037CCD0FA24AB02C0C1B4CA76813362,327DC1A6A0BB5900C7840710A424E42C455D1599E3432555B6D936594596DFCC,12.2035695153,2.24609367563e-11,0.011955211,0.023907216,0.011953608,0.00845872170271,1.41335906537,0.00845872170271,-0.0118072983,-0.0084520685,-2.5e-07,0.00845730625,0.01180815035,7.3565e-05,4.669378125e-05,5.1754e-05,7.24893e-05,7.314475e-05,0.047814432,0.353814584798,-0.493880103918,-0.353536293078,-1.04580332958e-05,0.353755377771,0.493915741906,0.000180018570636,-1.5006390035,1.41335906272,0.00307710441902,0.001953125,0.00216478572829,0.00303210963585,0.00305952604435,2,0.4990234375,0.5009765625,0.0341796875,2,4.16414346925e-07,0.999999579469,2.75001643645e-07,1.03097461242e-07,2.81719264821e-09,1.26109665111e-08,3.94177915584e-10,2.6222532246e-09,8.92463558494e-11,1.96707492015e-08,1.10481066574e-10,-4.42658802871,-3.73357494093,材料3|70|正弦波|52|-20,2385.0645945,near-shape-v1:0.02:D0D4633164DAECCA5A4320E9F5467F8DC22F6D34B9EB0B17FC10B93B028376AE,0.02,3,2,947.332761845,q4-hgb-amplitude_and_condition-fold-2,918.93896733,q4-hgb-amplitude_and_condition-full,True,附件一（训练集）.xlsx|材料3|700,2,0,材料3|正弦波|70|fq2|bq0,0.0303981272844,0.0763609409995,0.0944761622685,0.110247248982,True,True,False,True,True,False,True,True,322,0.142857142857,False,False
附件一（训练集）.xlsx|材料1|3134,附件一（训练集）.xlsx,材料1,3134,C16AEE712BC0AD480B5285F17FA7FA57A5E22A1901D4A6ADB0A1EB83ECFB7FFC,材料1,90,90,354610,889610.487,三角波,2,D2721DAEFEC7E8079018736886DC71AD03FB5818B5AD682B4578BE5EE290EAEA,32931376F9EB4EC679423102C1F67D3D6D23409C9B6AF30697771B9C0B460DD5,12.778773873,-1.07421866541e-11,0.137789442,0.274794093,0.1373970465,0.0803900614667,1.71401090491,0.0803900614667,-0.1252180746,-0.06965846525,-2.88505e-05,0.0695181395,0.12541466955,0.000721838,0.000536707212891,0.0004529225,0.0006867136,0.00068807865,0.549588186,0.292546541263,-0.455679644428,-0.253493313771,-0.000104989481189,0.252982656038,0.456395070911,0.00188652128756,-1.20289706059,1.71401090504,0.0026268323024,0.001953125,0.00164822502207,0.00249901150532,0.00250397904296,2,0.3984375,0.6015625,0.001953125,2,0.0346754171921,0.966353246178,0.0244119526338,0.00417928939071,0.0038314973368,4.10244232074e-06,0.00069502350804,0.00017593496298,6.7190105486e-05,0.000142777849066,9.33736976804e-07,-1.98202854163,-1.2917332145,材料1|90|三角波|55|-9,48861.5140276,near-shape-v1:0.02:DE3EF81C59AA18B2EEEA9B0C9A2B77C83C9F051DFAB46A2C7EEAB428F435C645,0.02,0,4,929412.742235,q4-hgb-amplitude_and_condition-fold-4,924261.169411,q4-hgb-amplitude_and_condition-full,True,附件一（训练集）.xlsx|材料1|3134,3,3,材料1|三角波|90|fq3|bq3,0.00555823815194,0.0437691667199,0.0995572085612,0.117891287822,True,True,False,True,True,False,True,True,310,0.374193548387,False,False
附件一（训练集）.xlsx|材料3|289,附件一（训练集）.xlsx,材料3,289,C16AEE712BC0AD480B5285F17FA7FA57A5E22A1901D4A6ADB0A1EB83ECFB7FFC,材料3,90,90,158500,820.2093934,正弦波,1,DE496C84186BFE4E2530D7B00CC4C6B045F8FC56F35E77A194B527F6BBCAD287,3552B1C5B539970080C80122347BBE9335DD2BDD9C652D46914E0E1D555A0BFD,11.9735098723,1.36718752639e-11,0.014684052,0.029357506,0.014678753,0.0103870720956,1.4136853836,0.0103870720956,-0.01450692,-0.01037888625,5.45e-06,0.01038802475,0.01449410785,9.0318e-05,5.73388789062e-05,6.35435e-05,8.90439e-05,8.98151e-05,0.058715012,0.353813164361,-0.494146880654,-0.353534331686,0.000185642006788,0.353845614008,0.49371046152,-0.000746102479734,-1.50053019279,1.41368538492,0.00307648749182,0.001953125,0.0021644720093,0.00303308802866,0.00305935729009,2,0.4990234375,0.5009765625,0.0341796875,2,5.08037673726e-07,0.999999487929,3.96906963483e-07,7.07942384628e-08,2.05414368812e-10,9.992122628e-09,7.28737236334e-11,6.36709806764e-09,3.6020415092e-10,2.32800306116e-08,5.84680774896e-11,-4.22099327208,-3.52820702435,材料3|90|正弦波|52|-19,2327.422242,near-shape-v1:0.02:1169EA07786B327B877E4F28E86F502E35A338478FE2DF5713193EAEDB85B7DB,0.02,1,4,964.63775812,q4-hgb-amplitude_and_condition-fold-4,884.879914036,q4-hgb-amplitude_and_condition-full,True,附件一（训练集）.xlsx|材料3|289,1,0,材料3|正弦波|90|fq1|bq0,0.0862073680777,0.162010648586,0.0944761622685,0.110247248982,True,False,False,True,True,False,False,False,323,0.0588235294118,False,False
附件一（训练集）.xlsx|材料1|1052,附件一（训练集）.xlsx,材料1,1052,C16AEE712BC0AD480B5285F17FA7FA57A5E22A1901D4A6ADB0A1EB83ECFB7FFC,材料1,90,90,281860,127074.9846,正弦波,1,9035AFFA6F7AA12AD8D7F995F969281AF1169B093254247982014FB8AF7B1ACC,40165F62898B0F01FF26CBB1059A4586553531131032717E9B1C68CC6EECA511,12.5491657727,-4.39453161361e-11,0.069980854,0.139772357,0.0698861785,0.0494588140498,1.41493190535,0.0494588140498,-0.0691491998,-0.0494279445,0.000101121,0.0494407805,0.0689698946,0.000431846,0.000272992884766,0.000304006,0.0004226236,0.0004261617,0.279544714,0.353852615148,-0.494727292579,-0.353631758933,0.000723469548026,0.353723594601,0.493444455859,-0.00294839115212,-1.49977870831,1.41493190447,0.00308963810348,0.001953125,0.00217500803825,0.00302365653031,0.00304896983314,2,0.4970703125,0.5029296875,0.03515625,2,1.366427739e-05,0.999986316659,1.33664692916e-05,1.01737316278e-08,9.87609049315e-10,2.62930048609e-07,1.48295586767e-09,2.09262536965e-08,5.5393193387e-10,5.0499994414e-10,6.15946982064e-11,-2.65953358863,-1.96774020121,材料1|90|正弦波|54|-12,19724.8035084,near-shape-v1:0.02:1BC99913C243173EB97359520325C696FCDBB41C19178A3FD0113B2572A971E7,0.02,0,0,107359.991539,q4-hgb-amplitude_and_condition-fold-0,116466.778068,q4-hgb-amplitude_and_condition-full,True,附件一（训练集）.xlsx|材料1|1052,3,2,材料1|正弦波|90|fq3|bq2,0.0814177428152,0.168588302656,0.10683759986,0.123263615773,True,False,True,True,True,True,True,True,315,1,False,False
附件一（训练集）.xlsx|材料1|909,附件一（训练集）.xlsx,材料1,909,C16AEE712BC0AD480B5285F17FA7FA57A5E22A1901D4A6ADB0A1EB83ECFB7FFC,材料1,90,90,112160,2138.530562,正弦波,1,FA525B8ECBBF4DDCAC44C4EC66FFC0A7E61D34D573BBF0E9185852E3DD29E8E7,4091628AA8A9E67A71C87A2EC161C715DA6D0453EE4D6CB50B70D9E675597DE3,11.6276817023,6.34765625479e-11,0.0311769,0.062285496,0.031142748,0.0220639039207,1.41302736415,0.0220639039207,-0.0308051628,-0.02208631075,2.98e-05,0.02207116525,0.03074200025,0.00019168,0.000121651359375,0.0001352855,0.0001892464,0.00019082585,0.124570992,0.354238231011,-0.494580036153,-0.354597975963,0.000478441024592,0.354354811376,0.493565952923,-0.00216006514214,-1.50184272801,1.41302736703,0.00307744197782,0.001953125,0.0021720225203,0.00303837028126,0.00306372851233,2,0.4990234375,0.5009765625,0.03515625,2,3.73370367651e-06,0.999996244276,2.58934849519e-06,8.65537228601e-07,2.86968863624e-08,2.13024139353e-07,5.14555714559e-09,3.25169504943e-09,2.4015177006e-09,2.6036680883e-08,2.47453469331e-10,-3.468077843,-2.77602668928,材料1|90|正弦波|50|-16,3496.801104,near-shape-v1:0.02:22AFF715BA6FF0793192C92D28FD57DEED36CB412EBC0B9D630A4C6F51964056,0.02,4,4,2512.27183567,q4-hgb-amplitude_and_condition-fold-4,2252.28705644,q4-hgb-amplitude_and_condition-full,True,附件一（训练集）.xlsx|材料1|909,1,1,材料1|正弦波|90|fq1|bq1,0.109195360393,0.160998983067,0.10683759986,0.123263615773,False,False,False,True,True,False,True,True,319,0.351097178683,False,False
附件一（训练集）.xlsx|材料1|3145,附件一（训练集）.xlsx,材料1,3145,C16AEE712BC0AD480B5285F17FA7FA57A5E22A1901D4A6ADB0A1EB83ECFB7FFC,材料1,90,90,396820,176911.5779,三角波,2,4E7EDCD23F55613964DD967AB581907D1CF0AD0B0784D7FB458535383F20C217,40BE9772D5102280CB61D63BD7ED3D7FA3A40FC76BB73583960C16FD8D4464E7,12.8912380563,-7.81250064641e-12,0.061874918,0.123411572,0.061705786,0.0360656921282,1.71561709616,0.0360656921282,-0.05618777,-0.03124289775,-4.2997e-05,0.031241093,0.0562811328,0.000325879,0.000241038226562,0.0002031225,0.0003083335,0.00030958095,0.246823144,0.292239143735,-0.455287693703,-0.253160195887,-0.00034840324526,0.253145572182,0.456044209597,0.001735109138,-1.20228545937,1.71561709638,0.00264058705937,0.001953125,0.00164589508673,0.00249841643699,0.00250852448424,2,0.3984375,0.6015625,0.0009765625,2,0.0348367239864,0.966200080795,0.0245480377315,0.004163058116,0.00385550084142,4.65662688111e-06,0.000696448414063,0.000179532681671,6.63565583035e-05,0.000144562594962,1.09196551258e-06,-2.78264038335,-2.09223039557,材料1|90|三角波|55|-13,24553.2049608,near-shape-v1:0.02:3C03F274D569F93086DDCD32B0E345ADFFA4922B7C787D9FB2AF0D3F25B2F725,0.02,1,4,187472.637102,q4-hgb-amplitude_and_condition-fold-4,178212.786608,q4-hgb-amplitude_and_condition-full,True,附件一（训练集）.xlsx|材料1|3145,3,2,材料1|三角波|90|fq3|bq2,0.0506543554323,0.0579825330119,0.0995572085612,0.117891287822,True,True,False,True,False,False,False,True,313,0,False,False
附件一（训练集）.xlsx|材料1|911,附件一（训练集）.xlsx,材料1,911,C16AEE712BC0AD480B5285F17FA7FA57A5E22A1901D4A6ADB0A1EB83ECFB7FFC,材料1,90,90,112160,3715.695872,正弦波,1,1BD857BEEBB7B0AD683D5E605B0783AFEE765522BFD09654652A0CA2388F3412,451BF42D05717B10DA64599CB31FCA9787FA575DFE24072D4166FB04820F5E79,11.6276817023,1.75781247197e-11,0.039533842,0.078976821,0.0394884105,0.0279485320783,1.41452302,0.0279485320783,-0.0390587809,-0.027921973,4.16605e-05,0.02794780725,0.03897656895,0.000243479,0.000154251603516,0.0001722105,0.00023957,0.0002414728,0.157953642,0.353882718049,-0.494560054748,-0.353546428737,0.000527502650707,0.353873540091,0.493519091284,-0.00228866331671,-1.50032772174,1.41452302063,0.00308291720174,0.001953125,0.0021805195223,0.00303342166685,0.00305751481185,2,0.498046875,0.501953125,0.0341796875,2,4.18346644851e-06,0.999995801693,3.99937676764e-06,4.17662975892e-08,2.2494678146e-09,7.38406578295e-08,1.12134302272e-09,6.16557054221e-08,6.45487550975e-10,2.70538359717e-09,8.77745641579e-11,-3.23059821439,-2.53860087463,材料1|90|正弦波|50|-15,4434.11571872,near-shape-v1:0.02:0EA091FB6D7385244EC4E12F989A14195AF1574B183002DD694192F87693C5AB,0.02,3,1,4148.43459798,q4-hgb-amplitude_and_condition-fold-1,3918.23128866,q4-hgb-amplitude_and_condition-full,True,附件一（训练集）.xlsx|材料1|911,1,1,材料1|正弦波|90|fq1|bq1,0.0570765487696,0.110137016366,0.10683759986,0.123263615773,True,True,True,True,True,True,True,True,312,1,False,False
附件一（训练集）.xlsx|材料1|927,附件一（训练集）.xlsx,材料1,927,C16AEE712BC0AD480B5285F17FA7FA57A5E22A1901D4A6ADB0A1EB83ECFB7FFC,材料1,90,90,125860,1610.815256,正弦波,1,3724A8120C410A9CA210D7AFBA60E3359A1BB4C3CBA8664AB902E40F05D01DC9,49219677E2A59C80E2BE1C6E32928F2EDBF022B3D3202A20C6459BB84AA263B3,11.7429254571,-8.78906322721e-12,0.02475458,0.049500993,0.0247504965,0.0175405172374,1.41127993348,0.0175405172374,-0.02446277525,-0.01756353325,4.3e-06,0.01754306275,0.0244579819,0.00015317,9.66816269531e-05,0.000107451,0.0001508672,0.0001521608,0.099001986,0.354346775173,-0.494187565918,-0.354811735619,8.68671218184e-05,0.354398198816,0.494090732862,-0.000365952598641,-1.50268821733,1.41127993298,0.00309428136118,0.001953125,0.0021706837275,0.00304776108229,0.00307389389138,2,0.4990234375,0.5009765625,0.03515625,2,2.94356420075e-06,0.9999970352,9.94413908549e-07,1.82497622426e-06,3.12422016625e-09,7.97608668094e-08,3.38085661247e-10,2.88242775775e-08,4.95964978861e-10,1.11769898098e-08,4.44935857428e-10,-3.69874475658,-3.005762549,材料1|90|正弦波|50|-17,3115.6114388,near-shape-v1:0.02:5CF824086B9BCFB22B34DB6D878D3B7E5A5C65F7390B0B2CF1844E03123A7448,0.02,2,2,1763.38158483,q4-hgb-amplitude_and_condition-fold-2,1644.69358222,q4-hgb-amplitude_and_condition-full,True,附件一（训练集）.xlsx|材料1|927,1,0,材料1|正弦波|90|fq1|bq0,0.0696383262371,0.0904392200644,0.10683759986,0.123263615773,True,True,True,True,True,True,True,True,339,1,False,False
附件一（训练集）.xlsx|材料1|1002,附件一（训练集）.xlsx,材料1,1002,C16AEE712BC0AD480B5285F17FA7FA57A5E22A1901D4A6ADB0A1EB83ECFB7FFC,材料1,90,90,199500,31727.36904,正弦波,1,B8100F31887D6F6DBD1D240AF14FB1357D4F5B4778346D14702799EA3254AAB4,4BD6646145673BC70EF5F0D27709A74F20E2126CF06F0BE9C14439A8F142AABB,12.2035695153,-1.66015673431e-11,0.055619986,0.111129438,0.055564719,0.0393200262298,1.41454600449,0.0393200262298,-0.05495496375,-0.03927940675,5.52e-05,0.0392684045,0.05484610405,0.000342667,0.000217049683594,0.000241908,0.0003370271,0.00033980245,0.222258876,0.353821875981,-0.49451310762,-0.353456360802,0.000496718219718,0.35335735718,0.493533532192,-0.00204150289322,-1.50011126756,1.41454600407,0.00308349440227,0.001953125,0.00217681295212,0.00303274367319,0.00305771770393,2,0.498046875,0.501953125,0.0341796875,2,4.90507901046e-06,0.999995085776,4.79357744077e-06,4.00650535856e-09,2.88508729997e-10,5.19498149762e-08,4.04261198609e-10,5.30501831267e-08,1.35593631986e-11,1.75794754629e-09,6.68473607249e-12,-2.88921268188,-2.19705964894,材料1|90|正弦波|52|-13,11096.187207,near-shape-v1:0.02:FCCD107ACBACE32E7A36279D623681DE9ACE964EC2895F6941D28671223B0908,0.02,1,4,32026.3217024,q4-hgb-amplitude_and_condition-fold-4,29442.9558832,q4-hgb-amplitude_and_condition-full,True,附件一（训练集）.xlsx|材料1|1002,2,2,材料1|正弦波|90|fq2|bq2,0.0841006858508,0.0093781386407,0.10683759986,0.123263615773,True,True,False,True,True,False,True,True,313,0.150159744409,False,False
附件一（训练集）.xlsx|材料1|957,附件一（训练集）.xlsx,材料1,957,C16AEE712BC0AD480B5285F17FA7FA57A5E22A1901D4A6ADB0A1EB83ECFB7FFC,材料1,90,90,158500,824.0751503,正弦波,1,74E0F00A4429933A135CF35687C00935A1CE3F604DA15B9C896D6DDEBF9855EB,4DEDCDB5C09C1D4F67A75C63A8B05B53F96319BF5F4179447A74CFA72F48BB69,11.9735098723,2.24609384911e-11,0.014446463,0.028883826,0.014441913,0.0102191451201,1.41366648876,0.0102191451201,-0.0142708438,-0.01021461975,4.5e-06,0.010206701,0.01426678335,8.8925e-05,5.64137226563e-05,6.29265e-05,8.75793e-05,8.83915e-05,0.057767652,0.35380164387,-0.494077336654,-0.353644969765,0.000155795757081,0.353370809585,0.493936756423,-0.000641610260139,-1.50007648545,1.41366649096,0.00307871263315,0.001953125,0.00217860680922,0.00303212254498,0.00306024208843,2,0.4990234375,0.5,0.0341796875,2,5.28075920645e-07,0.999999463926,4.42110494915e-07,1.64655789871e-09,1.69871582526e-09,3.14735031866e-08,2.15626083535e-10,4.54818517019e-08,1.24760000304e-10,5.31956618779e-09,4.56175841588e-12,-4.23730566947,-3.54447349451,材料1|90|正弦波|52|-19,2289.7643855,near-shape-v1:0.02:8A2AA8AB65D177BE8D20515CF9EBE317535033AAD49C7485962735438CB8C1CC,0.02,3,4,790.322611411,q4-hgb-amplitude_and_condition-fold-4,774.185673384,q4-hgb-amplitude_and_condition-full,True,附件一（训练集）.xlsx|材料1|957,1,0,材料1|正弦波|90|fq1|bq0,0.020603158005,0.0417687362349,0.10683759986,0.123263615773,True,True,True,True,False,True,True,True,312,1,False,False
附件一（训练集）.xlsx|材料1|960,附件一（训练集）.xlsx,材料1,960,C16AEE712BC0AD480B5285F17FA7FA57A5E22A1901D4A6ADB0A1EB83ECFB7FFC,材料1,90,90,158500,2832.921144,正弦波,1,186CF993CBA99CB5FCB611FE7E2DEB6929B45C808AC9DB0DB1DDFDACCD241D37,55E05A6C71F2EA98E4897B6A451DC395B02F3E269F548BE97CA68FF537F2790B,11.9735098723,8.00781246868e-11,0.024839415,0.049659544,0.024829772,0.0175750914174,1.41333062856,0.0175750914174,-0.02454448925,-0.01756780125,1.07e-05,0.017566636,0.02452366875,0.000152775,9.6991296875e-05,0.0001081095,0.000150418,0.00015179855,0.099319088,0.353911655279,-0.494255229772,-0.353764853944,0.000215465529081,0.353741385944,0.493835961722,-0.000881230858938,-1.50003670194,1.41333063312,0.00307644790294,0.001953125,0.00217701354648,0.00302898472044,0.00305678501599,2,0.4990234375,0.5009765625,0.03515625,2,1.27088060629e-06,0.999998707726,9.598144169e-07,1.05157819575e-09,4.66401964556e-10,2.77263845509e-07,1.09703555486e-09,3.04295818262e-08,2.76338066318e-10,1.42697007443e-10,3.37068939519e-10,-3.69532357292,-3.00256468138,材料1|90|正弦波|52|-17,3937.0472775,near-shape-v1:0.02:305616E8A3C37EE94F93CDD1444CF75A0E93FA3BEEEA1F997EB50E1CB2488549,0.02,0,4,2720.45619525,q4-hgb-amplitude_and_condition-fold-4,2727.85713674,q4-hgb-amplitude_and_condition-full,True,附件一（训练集）.xlsx|材料1|960,1,0,材料1|正弦波|90|fq1|bq0,0.00271578736414,0.0404942129476,0.10683759986,0.123263615773,True,True,True,True,True,True,True,True,331,1,False,False
附件一（训练集）.xlsx|材料1|2876,附件一（训练集）.xlsx,材料1,2876,C16AEE712BC0AD480B5285F17FA7FA57A5E22A1901D4A6ADB0A1EB83ECFB7FFC,材料1,70,70,396820,184272.6492,三角波,2,00A2CA23555BF4C7B644B908118997B27D987B74986F693AD0302EBD9E6AD29E,598C1774B37ABB7D5ECAFDF02640190FCE80C27521B1418FA2303D8792257BD3,12.8912380563,-5.76171887978e-11,0.061958428,0.123568926,0.061784463,0.0361116363756,1.71574689542,0.0361116363756,-0.0562338496,-0.03128670975,-2.79025e-05,0.03124094275,0.0563597838,0.000326326,0.000241345558594,0.000203391,0.0003086124,0.000309431,0.247137852,0.292238813953,-0.455080831101,-0.253192373723,-0.00022580468477,0.252821998369,0.456099973367,0.00195547781151,-1.20234511788,1.71574689701,0.0026408419217,0.001953125,0.00164597206259,0.00249749196655,0.00250411660938,2,0.3984375,0.6015625,0.0009765625,2,0.034811173893,0.966223675404,0.0245222872736,0.00416322996185,0.00385602465487,4.70729102616e-06,0.000698289674971,0.000178936205983,6.61145816261e-05,0.000144741892331,1.04884777131e-06,-2.78129163496,-2.09095617333,材料1|70|三角波|55|-13,24586.343399,near-shape-v1:0.02:3C03F274D569F93086DDCD32B0E345ADFFA4922B7C787D9FB2AF0D3F25B2F725,0.02,1,3,187071.316295,q4-hgb-amplitude_and_condition-fold-3,185190.677432,q4-hgb-amplitude_and_condition-full,True,附件一（训练集）.xlsx|材料1|2876,3,2,材料1|三角波|70|fq3|bq2,0.0101038773233,0.0150733835537,0.0995572085612,0.117891287822,True,True,True,True,True,True,False,True,316,1,False,False
附件一（训练集）.xlsx|材料1|3149,附件一（训练集）.xlsx,材料1,3149,C16AEE712BC0AD480B5285F17FA7FA57A5E22A1901D4A6ADB0A1EB83ECFB7FFC,材料1,90,90,396820,651234.5924,三角波,2,A52AA39C6B0A68FB4E631914DC99933E05915DAD5B7D54E95D7ED76DAB639529,5B4281C443693AC413A4DF552BB430E486172B27305C507431DAEB101D07BBCF,12.8912380563,-5.85937548481e-12,0.109474625,0.218307042,0.109153521,0.0639071684489,1.71302574746,0.0639071684489,-0.0995257855,-0.05531459525,-3.30825e-05,0.05527827825,0.09966231315,0.00057335,0.000426380941406,0.0003598045,0.0005464031,0.0005481959,0.436614084,0.292739839556,-0.455898190834,-0.253379802765,-0.000151541122254,0.253213445381,0.456523583677,0.0016852796642,-1.20301298239,1.71302574755,0.00262634679462,0.001953125,0.0016481580104,0.00250291101466,0.00251112330128,2,0.3984375,0.6015625,0.0009765625,2,0.0348045603251,0.966236205629,0.0245604683443,0.0041403973685,0.00384763413512,4.92204047905e-06,0.000688969456076,0.000179053912801,6.47132695925e-05,0.000142108203794,1.15957638655e-06,-2.21206249174,-1.52185275759,材料1|90|三角波|55|-10,43441.7206925,near-shape-v1:0.02:AEB5429EFF641E5CF8DEFFA0326ABD14E5DA94ABEFA48F50D1B6B447573518C3,0.02,1,3,657350.171233,q4-hgb-amplitude_and_condition-fold-3,678589.161785,q4-hgb-amplitude_and_condition-full,True,附件一（训练集）.xlsx|材料1|3149,3,3,材料1|三角波|90|fq3|bq3,0.0317989715429,0.00934691306186,0.0995572085612,0.117891287822,True,True,True,True,True,True,True,True,296,1,False,False
附件一（训练集）.xlsx|材料1|719,附件一（训练集）.xlsx,材料1,719,C16AEE712BC0AD480B5285F17FA7FA57A5E22A1901D4A6ADB0A1EB83ECFB7FFC,材料1,70,70,199500,1126.803697,正弦波,1,7AF90A3182AF56A4EA86B4B4A99F8398CD23575E7D269FF7A8612CF9154CE973,5BDDC4C4EE1A69C960E62057B0C9AEDBE7141D97C7368FB2E6360A894111401A,12.2035695153,-2.53906253661e-11,0.013124117,0.026240785,0.0131203925,0.00928602525969,1.4133191148,0.00928602525969,-0.01296636725,-0.00927913225,4.5e-06,0.00927522275,0.0129596722,8.069e-05,5.12515332031e-05,5.6806e-05,7.96849e-05,8.03698e-05,0.05248157,0.353877571105,-0.494130309921,-0.353614887078,0.000171489739755,0.353465903379,0.493875172766,-0.000630409109336,-1.5009682884,1.41331911206,0.0030749842278,0.001953125,0.00216479804244,0.00303668125782,0.00306278184894,2,0.4990234375,0.5009765625,0.033203125,2,4.03650174719e-07,0.999999593627,1.2660194359e-07,2.37119068676e-07,2.84474381627e-09,4.0300023974e-09,1.57358291299e-09,1.14474555262e-08,6.07610569948e-10,1.93726047155e-08,5.29984827592e-11,-4.33330374896,-3.6404403992,材料1|70|正弦波|52|-19,2618.2613415,near-shape-v1:0.02:FB44BADA86FF61A2278A432D4D2B3526955ADC101B5AA3F74B10682A70C6E67E,0.02,3,3,1156.50068213,q4-hgb-amplitude_and_condition-fold-3,1084.2813738,q4-hgb-amplitude_and_condition-full,True,附件一（训练集）.xlsx|材料1|719,2,0,材料1|正弦波|70|fq2|bq0,0.064423812228,0.0259909858422,0.10683759986,0.123263615773,True,True,False,True,True,False,True,True,311,0.324758842444,False,False
附件一（训练集）.xlsx|材料1|3155,附件一（训练集）.xlsx,材料1,3155,C16AEE712BC0AD480B5285F17FA7FA57A5E22A1901D4A6ADB0A1EB83ECFB7FFC,材料1,90,90,354610,2887987.738,三角波,2,03BB48920D8927D72483D282AD585471BD9334BDECEC348D284E09822924F8F1,5BFBCDF280F65BE3ADCF5A07DC904E978E4499C66582BB7E49CD5182B104D099,12.778773873,4.1992187505e-11,0.21846172,0.435751209,0.2178756045,0.127655516945,1.71133786638,0.127655516945,-0.1992350867,-0.11057056775,0.000111353,0.110458721,0.1987377703,0.001144539,0.000851076580078,0.000721018,0.0010899139,0.0010920306,0.871502418,0.292955049369,-0.457222108917,-0.253747013223,0.000255542510745,0.253490337322,0.456080823537,-0.00197597130461,-1.2032268907,1.71133786671,0.00262658823742,0.001953125,0.0016546551911,0.00250122977857,0.00250608736693,2,0.6005859375,0.3994140625,0.0009765625,2,0.0343987427501,0.966616972899,0.0241217710302,0.00424669960253,0.00380425736514,2.61559858274e-06,0.000696659457494,0.000168084262322,6.9735514196e-05,0.000140002324776,5.83433419537e-07,-1.5211444743,-0.830683820059,材料1|90|三角波|55|-7,77468.7105292,near-shape-v1:0.02:8188412DB8D04F2BAA79712BE2708235391769123590D6C5528ABFA255EF7212,0.02,4,2,2615369.66979,q4-hgb-amplitude_and_condition-fold-2,2651771.51561,q4-hgb-amplitude_and_condition-full,True,附件一（训练集）.xlsx|材料1|3155,3,3,材料1|三角波|90|fq3|bq3,0.0138224552155,0.0991544864372,0.0995572085612,0.117891287822,True,True,True,True,False,True,True,True,308,1,False,False
附件一（训练集）.xlsx|材料1|1021,附件一（训练集）.xlsx,材料1,1021,C16AEE712BC0AD480B5285F17FA7FA57A5E22A1901D4A6ADB0A1EB83ECFB7FFC,材料1,90,90,223860,134332.1282,正弦波,1,64FBBBB0002C229FEF02410DACCB8168AD233C421B44D9DD01A952ED4ACEC8F8,5CB5AD122666EBB61A242701E47F0933671FC74C1968BDFB29A04E564EA5B05B,12.3187761354,7.81250064641e-12,0.088146066,0.175987469,0.0879937345,0.0622750426011,1.41543164514,0.0622750426011,-0.08709474695,-0.06228235375,0.0001529855,0.06221063625,0.08678586765,0.000543724,0.000343725525391,0.000382743,0.0005324331,0.0005373648,0.351974938,0.353860663802,-0.494891752536,-0.353902207423,0.00086929764407,0.353494692524,0.493136631462,-0.00371687302521,-1.49981915064,1.41543164526,0.00308956088231,0.001953125,0.00217483098186,0.00302540347347,0.00305342649141,2,0.4970703125,0.5029296875,0.03515625,2,1.62570548809e-05,0.999983724753,1.59678270178e-05,4.87450521157e-09,2.87776848991e-09,2.53492328557e-07,4.05587633568e-10,2.62681144471e-08,3.0878704987e-10,2.54212601453e-10,4.81971599396e-10,-2.42875999961,-1.73734248534,材料1|90|正弦波|53|-11,19732.3783348,near-shape-v1:0.02:B1DE741247AE366F9665FB1C80703DEE418A4096FCA10D5327A7B611F7F2DD72,0.02,2,2,169027.327935,q4-hgb-amplitude_and_condition-fold-2,137841.789253,q4-hgb-amplitude_and_condition-full,True,附件一（训练集）.xlsx|材料1|1021,2,2,材料1|正弦波|90|fq2|bq2,0.203952494339,0.229743575563,0.10683759986,0.123263615773,False,False,False,True,True,False,True,True,312,0.025641025641,False,False
附件一（训练集）.xlsx|材料1|3163,附件一（训练集）.xlsx,材料1,3163,C16AEE712BC0AD480B5285F17FA7FA57A5E22A1901D4A6ADB0A1EB83ECFB7FFC,材料1,90,90,396820,292612.6171,三角波,2,CAAED75009C00CAF64AE5B847C5D339A37BA447F412FFC03B4E0A4F04EA35895,617BEAC0D02C517BA56D0C86438A65F819B377D8E841385816ABFAD079F104D8,12.8912380563,-3.90624685376e-12,0.077643211,0.15491863,0.077459315,0.0453279162828,1.71292257327,0.0453279162828,-0.07064180375,-0.0392377275,1.055e-05,0.03925713575,0.07060161785,0.00040714,0.000302575449219,0.00025535,0.0003870836,0.0003878974,0.30983726,0.292591770808,-0.455992954147,-0.253279592623,6.8100291787e-05,0.253404872958,0.45573355415,-0.00146463305695,-1.20285252096,1.71292257318,0.00262808933955,0.001953125,0.00164828465111,0.00249862524604,0.00250387832632,2,0.6005859375,0.3994140625,0.001953125,2,0.034612511509,0.966413249287,0.0243363550983,0.00420058092474,0.0038294079257,3.73911929475e-06,0.000695337170233,0.000174220825121,6.76295951103e-05,0.000141872878786,8.46176152245e-07,-2.55563116399,-1.86485526765,材料1|90|三角波|55|-12,30810.378989,near-shape-v1:0.02:62D8629158483FF34D8F33004E59475DECFC6C58F7B69BB4AB661F20BBF82F6F,0.02,1,4,302359.83049,q4-hgb-amplitude_and_condition-fold-4,290620.068936,q4-hgb-amplitude_and_condition-full,True,附件一（训练集）.xlsx|材料1|3163,3,2,材料1|三角波|90|fq3|bq2,0.0396008571045,0.0327680813322,0.0995572085612,0.117891287822,True,True,True,True,True,True,False,True,332,1,False,False
附件一（训练集）.xlsx|材料1|3165,附件一（训练集）.xlsx,材料1,3165,C16AEE712BC0AD480B5285F17FA7FA57A5E22A1901D4A6ADB0A1EB83ECFB7FFC,材料1,90,90,396820,856065.9537,三角波,2,E485F079002357DD3164369CD3235D652BF457C49114446E7113DA7C7BF956F6,624E234E15D41002A6D31817F1FE0A79B12DBBD49901713F5F8DB9DEE27C3ED7,12.8912380563,8.78906496193e-12,0.122963021,0.245276396,0.122638198,0.0718356488776,1.71172701745,0.0718356488776,-0.11196125065,-0.06217036075,1.4234e-05,0.06224699825,0.1119756252,0.000643021,0.000479055460938,0.0004047105,0.000613138,0.0006146665,0.490552792,0.292876322586,-0.456469731636,-0.253470622419,5.80324541744e-05,0.253783075976,0.456528337081,-0.00145130735466,-1.20328049055,1.71172701758,0.00262161793995,0.001953125,0.00165001812894,0.00249978395801,0.0025060157032,2,0.6005859375,0.3994140625,0.0009765625,2,0.0344662435243,0.966553157288,0.0242015396672,0.00422306604855,0.00381189741573,3.11942970349e-06,0.000693928764577,0.000170720825942,6.85695353542e-05,0.00013992956972,6.85241485033e-07,-2.09587161109,-1.40536955738,材料1|90|三角波|55|-10,48794.1859932,near-shape-v1:0.02:1B0B04C9E79E76111C5A7FF53E5D7C975365C28173E856AF43EE9D51CC68B475,0.02,4,3,904195.292899,q4-hgb-amplitude_and_condition-fold-3,837280.981357,q4-hgb-amplitude_and_condition-full,True,附件一（训练集）.xlsx|材料1|3165,3,3,材料1|三角波|90|fq3|bq3,0.0768855659416,0.0546978849615,0.0995572085612,0.117891287822,True,True,False,True,False,False,True,True,296,0,False,False
附件一（训练集）.xlsx|材料3|208,附件一（训练集）.xlsx,材料3,208,C16AEE712BC0AD480B5285F17FA7FA57A5E22A1901D4A6ADB0A1EB83ECFB7FFC,材料3,70,70,158500,929.2417497,正弦波,1,FD47AC5852913C3B82FCB82BEA1807E0729C1EB0C7382FBECB9A8B346FA10167,644A958A71415D05AA0387FE8A4E4F37ACE3B627C91F03EFC4727405B021259B,11.9735098723,1.07421883888e-11,0.014784987,0.029561245,0.0147806225,0.0104579257767,1.41375902981,0.0104579257767,-0.0146045034,-0.01045338925,4.05e-06,0.01044434225,0.0145994188,9.1e-05,5.77368066406e-05,6.40175e-05,8.96424e-05,9.048895e-05,0.05912249,0.353771492938,-0.494042230317,-0.353618031336,0.000137003338588,0.353311988019,0.493870227362,-0.000581383414305,-1.50039122548,1.41375903084,0.00307835478512,0.001953125,0.00216558876326,0.0030324297911,0.00306106694762,2,0.4990234375,0.5009765625,0.033203125,2,4.8052774353e-07,0.999999515694,3.95648506577e-07,5.15607887306e-08,1.77869511479e-10,3.4704258351e-09,3.86576131306e-10,5.26968907813e-09,5.59615049652e-10,2.34319477223e-08,2.20921716126e-11,-4.21414300495,-3.52129106606,材料3|70|正弦波|52|-19,2343.4204395,near-shape-v1:0.02:FB44BADA86FF61A2278A432D4D2B3526955ADC101B5AA3F74B10682A70C6E67E,0.02,3,0,1002.10913481,q4-hgb-amplitude_and_condition-fold-0,896.983251587,q4-hgb-amplitude_and_condition-full,True,附件一（训练集）.xlsx|材料3|208,1,0,材料3|正弦波|70|fq1|bq0,0.110708173093,0.0754150921464,0.0944761622685,0.110247248982,False,True,False,True,False,False,False,False,320,0.00625,False,False
附件一（训练集）.xlsx|材料1|3136,附件一（训练集）.xlsx,材料1,3136,C16AEE712BC0AD480B5285F17FA7FA57A5E22A1901D4A6ADB0A1EB83ECFB7FFC,材料1,90,90,354610,2090589.139,三角波,2,6B7F05484CD0076193D4BC3100294DE934C95C62023131C8C6FDCF52DD7B94E7,6807AC8A876ACFB3CD2E7462E001DB89041ABD1D42B81FE140676AD0AE15D6A7,12.778773873,-4.88280943456e-12,0.19413366,0.386872665,0.1934363325,0.113253014964,1.71415886863,0.113253014964,-0.17630909,-0.09807508325,-8.7532e-05,0.0979142945,0.17665345955,0.001021963,0.000755610673828,0.000639629,0.0009684435,0.0009719248,0.77374533,0.292739769982,-0.455728992885,-0.253507399509,-0.000226255310949,0.253091787979,0.456619129591,0.00317152649723,-1.20272824171,1.71415886867,0.0026416004346,0.001953125,0.00165333211123,0.00250326163519,0.00251226020324,2,0.3984375,0.6015625,0,2,0.0347891651786,0.966250190131,0.0245211676698,0.00416025884963,0.00384959000114,4.87706231618e-06,0.00069324959015,0.000177135781927,6.52505459123e-05,0.000142393693101,1.11427429649e-06,-1.63920838808,-0.949659671103,材料1|90|三角波|55|-8,68841.7371726,near-shape-v1:0.02:00760B9433476E7BEB55097FEF5244B5DC96752F11FE2278C2A4DE884611FF3A,0.02,3,1,1999098.40872,q4-hgb-amplitude_and_condition-fold-1,2051274.17412,q4-hgb-amplitude_and_condition-full,True,附件一（训练集）.xlsx|材料1|3136,3,3,材料1|三角波|90|fq3|bq3,0.0257648524157,0.0447496057712,0.0995572085612,0.117891287822,True,True,False,True,False,False,True,True,315,0,False,False
附件一（训练集）.xlsx|材料1|942,附件一（训练集）.xlsx,材料1,942,C16AEE712BC0AD480B5285F17FA7FA57A5E22A1901D4A6ADB0A1EB83ECFB7FFC,材料1,90,90,141260,966.768255,正弦波,1,0C2D8E61D170BA0F0FDC8B73FFAD6C4C21195250173E0BCA701322894B940909,6B5A579BCBDE73B716D54086B752621E9B732146E1C2F61F9BD9AFABBCE4970E,11.858357443,5.07812489975e-11,0.017453549,0.034900449,0.0174502245,0.0123716741777,1.41076694627,0.0123716741777,-0.0172541657,-0.012383733,4.9e-06,0.0123718435,0.01724844915,0.000108045,6.81649394531e-05,7.5754e-05,0.0001064821,0.00010729635,0.069800898,0.354484670892,-0.494382343069,-0.354830192895,0.000140397884817,0.354489521015,0.494218544272,-0.00057229448547,-1.50275162714,1.41076695038,0.00309580544365,0.001953125,0.00217057379405,0.00305102378482,0.00307435443023,2,0.498046875,0.501953125,0.0380859375,2,2.7976744718e-06,0.999997182344,5.95772728209e-07,1.92351393277e-06,1.4119057899e-09,1.11195479498e-07,6.24443755139e-10,1.1405096986e-07,3.10171342216e-09,4.71909366111e-08,8.04479005746e-10,-4.04821226992,-3.35525558453,材料1|90|正弦波|51|-18,2465.48833174,near-shape-v1:0.02:69FA0D6FA5489284890A13694A8752DE048F80FDC97B4BC7A19853505A3290D8,0.02,3,3,976.031701109,q4-hgb-amplitude_and_condition-fold-3,927.003618073,q4-hgb-amplitude_and_condition-full,True,附件一（训练集）.xlsx|材料1|942,1,0,材料1|正弦波|90|fq1|bq0,0.0514834673514,0.00952644629291,0.10683759986,0.123263615773,True,True,True,True,True,True,True,True,316,1,False,False
附件一（训练集）.xlsx|材料1|988,附件一（训练集）.xlsx,材料1,988,C16AEE712BC0AD480B5285F17FA7FA57A5E22A1901D4A6ADB0A1EB83ECFB7FFC,材料1,90,90,177820,59060.94231,正弦波,1,F358A4D5FF7FB2EC8C73C0B740AB123F9497D4B72B24FC0B86C7550CD320FF0E,6B7990EEC7232A04E1E8F3A2DBE8EFCE4339C4DA7653D10AD4E86C4981845EDA,12.0885270817,-4.88281290401e-12,0.077921182,0.155637056,0.077818528,0.0551449430199,1.41302497986,0.0551449430199,-0.0770110084,-0.05515358325,0.0001071915,0.05516299575,0.07681187735,0.000482798,0.000303978625,0.000336756,0.0004727764,0.00047718895,0.311274112,0.354317567019,-0.494811520947,-0.354373082238,0.000688727399745,0.354433559543,0.49353206318,-0.00286784514582,-1.50216716396,1.41302497977,0.00310207615338,0.001953125,0.00216372635576,0.00303768531833,0.00306603685693,2,0.498046875,0.501953125,0.037109375,2,1.15924867107e-05,0.999988385363,1.01782224682e-05,1.21608907563e-06,2.88200301347e-09,1.20372964056e-07,2.64922421997e-09,3.05388847591e-08,8.5396543531e-10,4.04727529739e-08,2.70729948818e-10,-2.55205745036,-1.86022854649,材料1|90|正弦波|52|-12,13855.9445832,near-shape-v1:0.02:84479D838728A3B9807D7751A109327874A65A65B4BAEA1975682B32BDCF78A9,0.02,2,4,61115.3228536,q4-hgb-amplitude_and_condition-fold-4,62274.9082151,q4-hgb-amplitude_and_condition-full,True,附件一（训练集）.xlsx|材料1|988,2,2,材料1|正弦波|90|fq2|bq2,0.0187956646729,0.0341922174738,0.10683759986,0.123263615773,True,True,True,True,True,True,True,True,310,1,False,False
附件一（训练集）.xlsx|材料1|1019,附件一（训练集）.xlsx,材料1,1019,C16AEE712BC0AD480B5285F17FA7FA57A5E22A1901D4A6ADB0A1EB83ECFB7FFC,材料1,90,90,223860,43466.30167,正弦波,1,4F50A212B7657230561355DC159B5ECF5A0C3A093E9D36CAFA999571967100A4,6BD20B1F9F419B0E43A88D7753A6D88C5847D926D2AFE7FF1D34629606AD4420,12.3187761354,-5.85937201536e-12,0.055685645,0.111251866,0.055625933,0.0394309810638,1.41223077635,0.0394309810638,-0.0550413867,-0.039435709,5.81445e-05,0.03941814625,0.0549321016,0.000344961,0.000217288800781,0.0002409595,0.0003389577,0.0003415145,0.222503732,0.354429839979,-0.494745739313,-0.354472337517,0.000522638477447,0.354314472854,0.493763417917,-0.0022181449527,-1.50265320489,1.4122307762,0.00310072102521,0.001953125,0.00216589176131,0.00304675968311,0.00306974176954,2,0.498046875,0.501953125,0.037109375,2,9.03014253976e-06,0.999990953731,6.97208265841e-06,1.81899259232e-06,1.64949180393e-10,8.50254889978e-08,1.53122612961e-09,1.02668987113e-07,7.0682265828e-10,4.84150543482e-08,4.73071500056e-10,-2.88803288519,-2.19595858504,材料1|90|正弦波|53|-13,12465.7884897,near-shape-v1:0.02:AF5ADE007572822BED223DBE1F9A1AF0CA69821BED61CDB959A54B04340125C5,0.02,2,2,46439.0973257,q4-hgb-amplitude_and_condition-fold-2,44533.038905,q4-hgb-amplitude_and_condition-full,True,附件一（训练集）.xlsx|材料1|1019,2,2,材料1|正弦波|90|fq2|bq2,0.0419094365734,0.0661542828673,0.10683759986,0.123263615773,True,True,True,True,True,True,True,True,321,1,False,False
附件一（训练集）.xlsx|材料1|2875,附件一（训练集）.xlsx,材料1,2875,C16AEE712BC0AD480B5285F17FA7FA57A5E22A1901D4A6ADB0A1EB83ECFB7FFC,材料1,70,70,396820,86005.21367,三角波,2,1FC32DC6C5D5C336AE2CA480E7C54FEC8DDE66422205CFD658D861572BEA1F28,6CAA2AC7D9433A27C3C52AC7FF6B44D1ACF27ACDB3AFFF095771647C88A9D8B2,12.8912380563,-9.76562580801e-13,0.043690438,0.087154954,0.043577477,0.0254422360909,1.71724049112,0.0254422360909,-0.0395955567,-0.0220330065,-1.365e-05,0.022011698,0.0397092833,0.000230721,0.000170224519531,0.0001434045,0.0002176989,0.00021818525,0.174309908,0.291919563068,-0.454312174831,-0.25280268634,-0.000156617591967,0.252558196531,0.455617053059,0.00206065899715,-1.20170007318,1.71724049116,0.00264725055101,0.001953125,0.00164539700176,0.00249783735759,0.00250341764853,2,0.3984375,0.6015625,0.0009765625,2,0.0349764641384,0.966065827188,0.0246643957322,0.00415171803147,0.00387119103529,5.38237536816e-06,0.000699174188745,0.000182501528919,6.60885934229e-05,0.000147900579738,1.21469484165e-06,-3.13062601089,-2.44006766411,材料1|70|三角波|55|-14,17337.2396072,near-shape-v1:0.02:6A064962C986AE017B9065C45AC089668F542C9533301AED5727F018EC19184E,0.02,1,1,71389.4018181,q4-hgb-amplitude_and_condition-fold-1,76864.8880591,q4-hgb-amplitude_and_condition-full,True,附件一（训练集）.xlsx|材料1|2875,3,1,材料1|三角波|70|fq3|bq1,0.0738987577977,0.186256113629,0.0995572085612,0.117891287822,True,False,True,True,True,True,False,True,311,1,False,False
附件一（训练集）.xlsx|材料1|985,附件一（训练集）.xlsx,材料1,985,C16AEE712BC0AD480B5285F17FA7FA57A5E22A1901D4A6ADB0A1EB83ECFB7FFC,材料1,90,90,177830,13656.58064,正弦波,1,99C45DC46EABDBE046CA9B32D34D57468DF2417E1CEEABADE71A2A230D2A2A7E,73A3784C256738C18C12572A573FFC963365F0290FAAD753F778E5D0CB4F0F43,12.0885833167,4.29687500858e-11,0.043994544,0.087910901,0.0439554505,0.0311452986214,1.41255810499,0.0311452986214,-0.0434724109,-0.03116368575,3.7015e-05,0.031187235,0.04340436665,0.000271902,0.000171700978516,0.000190614,0.000267595,0.0002698219,0.175821802,0.354282555031,-0.494505350855,-0.354491711932,0.00042105082089,0.35475958729,0.493731336083,-0.00174687036111,-1.50232121776,1.41255810637,0.00309292700799,0.001953125,0.002168263524,0.00304393422154,0.00306926555104,2,0.498046875,0.501953125,0.0361328125,2,4.60914050985e-06,0.999995370535,3.11852599035e-06,1.36891195019e-06,1.07769409014e-10,8.24222730203e-08,5.8812329182e-11,2.6640273558e-08,3.84492018861e-11,1.22162583878e-08,1.97395543209e-10,-3.12368965275,-2.43143146605,材料1|90|正弦波|52|-14,7823.54975952,near-shape-v1:0.02:0772F18291C4989EAA88ED3402D818638509981F6263E65507DF2840F304ECB6,0.02,3,2,14205.0413296,q4-hgb-amplitude_and_condition-fold-2,13520.8230493,q4-hgb-amplitude_and_condition-full,True,附件一（训练集）.xlsx|材料1|985,2,1,材料1|正弦波|90|fq2|bq1,0.0493624174282,0.0393725941589,0.10683759986,0.123263615773,True,True,False,True,True,False,True,True,292,0,False,False
附件一（训练集）.xlsx|材料1|1016,附件一（训练集）.xlsx,材料1,1016,C16AEE712BC0AD480B5285F17FA7FA57A5E22A1901D4A6ADB0A1EB83ECFB7FFC,材料1,90,90,223850,14182.30884,正弦波,1,659F5F0DDA4A3CB7DD1980B6A94F8BB2B6678451D65D7D9C6F1071CA52D42D73,765C0BBF529DE94284ADA201AFF14B97AD40DEB0AEAEAAF620CA70106792D541,12.3187314637,1.75781247197e-11,0.034971398,0.069904222,0.034952111,0.0247659915447,1.41207340465,0.0247659915447,-0.0345628827,-0.024774242,2.1375e-05,0.0247802615,0.03452860065,0.000216403,0.000136531683594,0.0001518145,0.0002127777,0.00021478585,0.139808444,0.354284631687,-0.494431977479,-0.354402657075,0.00030577527094,0.354488767251,0.493941562391,-0.00120602109918,-1.50241662425,1.41207340536,0.00309570715199,0.001953125,0.00217175008399,0.00304384619287,0.00307257335616,2,0.4990234375,0.5009765625,0.0361328125,2,3.79766608997e-06,0.999996184489,2.18197930673e-06,1.49208418149e-06,9.21876642512e-10,8.17459868238e-08,2.59777308863e-10,2.73293734893e-08,2.18542349491e-10,1.27387811762e-08,3.73773921368e-10,-3.35322475158,-2.66062923099,材料1|90|正弦波|53|-15,7828.3474423,near-shape-v1:0.02:AF5ADE007572822BED223DBE1F9A1AF0CA69821BED61CDB959A54B04340125C5,0.02,2,4,13623.8998997,q4-hgb-amplitude_and_condition-fold-4,14138.7077897,q4-hgb-amplitude_and_condition-full,True,附件一（训练集）.xlsx|材料1|1016,2,1,材料1|正弦波|90|fq2|bq1,0.0370880010344,0.040166845729,0.10683759986,0.123263615773,True,True,True,True,False,True,True,True,327,1,False,False
附件一（训练集）.xlsx|材料1|943,附件一（训练集）.xlsx,材料1,943,C16AEE712BC0AD480B5285F17FA7FA57A5E22A1901D4A6ADB0A1EB83ECFB7FFC,材料1,90,90,141260,2077.609685,正弦波,1,A7A1826B4A1AC1EF9F3F8EA0A8183DE4091AC64C35A71B121C4576269E0E4598,7698039E12AC1106795F5C9A40F9D51DF7E196C34E47C853FC15EB8511E768D2,11.858357443,-1.17187509696e-11,0.024632156,0.049241527,0.0246207635,0.0174430245115,1.41214936571,0.0174430245115,-0.02433935915,-0.01746261775,1.023e-05,0.01744791075,0.0243257065,0.000151668,9.61748574219e-05,0.0001071035,0.0001496616,0.0001508324,0.098483054,0.354234029167,-0.49428522268,-0.354631929637,0.000207751715717,0.35433325944,0.494007964288,-0.000919163780114,-1.50186349836,1.41214936504,0.00308008319888,0.001953125,0.00217506455476,0.0030393371026,0.00306311378199,2,0.4990234375,0.5009765625,0.0361328125,2,1.82533160844e-06,0.999998160467,7.02807929847e-07,8.84565575516e-07,7.5482675269e-09,1.97719749608e-07,2.81549131565e-09,6.09047323859e-09,8.02542586227e-10,2.24977039761e-08,4.80517069189e-10,-3.70370253515,-3.01101796677,材料1|90|正弦波|51|-17,3479.53835656,near-shape-v1:0.02:06E785D0BC8911429983AEF05B5A5246CC0EA7518C15BD7BA4B3DEA9AEF49F1C,0.02,1,4,1925.96959222,q4-hgb-amplitude_and_condition-fold-4,1947.91873074,q4-hgb-amplitude_and_condition-full,True,附件一（训练集）.xlsx|材料1|943,1,0,材料1|正弦波|90|fq1|bq0,0.0113261122759,0.0757506400944,0.10683759986,0.123263615773,True,True,True,True,True,True,True,True,315,1,False,False
附件一（训练集）.xlsx|材料1|914,附件一（训练集）.xlsx,材料1,914,C16AEE712BC0AD480B5285F17FA7FA57A5E22A1901D4A6ADB0A1EB83ECFB7FFC,材料1,90,90,112160,8722.460852,正弦波,1,3D25735E4D197E1C3E348BD5898EDBB13FF654BFEBFB7A3B0C9F80AF7A6FBADB,77C1F4EE34FAF6AEC07087F29C44B661EC9A41047F56F734C69A473EA5C7485D,11.6276817023,-5.85937548481e-12,0.055279,0.110376002,0.055188001,0.0391328703722,1.41259763146,0.0391328703722,-0.0546399587,-0.0391735015,8.5169e-05,0.03915963875,0.0544799192,0.000343577,0.000215578128906,0.000239756,0.0003361168,0.00033891255,0.220752004,0.354541473356,-0.495034769371,-0.354909588899,0.000771626117237,0.354783993316,0.493584821145,-0.00325823451031,-1.50297335059,1.41259763131,0.00311278714371,0.001953125,0.00217217507117,0.00304519817632,0.0030705275047,2,0.4970703125,0.5029296875,0.0361328125,2,1.10594290279e-05,0.999988925092,8.46743635337e-06,2.26934611586e-06,3.19436518177e-09,1.2895707561e-07,2.68429330415e-10,1.32898362296e-07,4.35678261178e-10,5.66456708102e-08,1.2449505938e-10,-2.89536218941,-2.20386254196,材料1|90|正弦波|50|-13,6200.09264,near-shape-v1:0.02:D34B036468423E4F18902A9C05FBD29CEDED78DB33AA14F9BAE961275D06A595,0.02,1,0,10484.0109924,q4-hgb-amplitude_and_condition-fold-0,8938.49299672,q4-hgb-amplitude_and_condition-full,True,附件一（训练集）.xlsx|材料1|914,1,2,材料1|正弦波|90|fq1|bq2,0.159467836945,0.183930666867,0.10683759986,0.123263615773,False,False,False,True,True,False,True,True,308,0,False,False
附件一（训练集）.xlsx|材料1|657,附件一（训练集）.xlsx,材料1,657,C16AEE712BC0AD480B5285F17FA7FA57A5E22A1901D4A6ADB0A1EB83ECFB7FFC,材料1,70,70,125860,7458.482682,正弦波,1,9C4795CE81B0CECC9C8D34A26B0FD9DF78FD1EE49E47A862F48290C99B7FE876,7B121C87DAECA14F132F511CE31AC86A7CC85A371F74456493D86CFCD609FC07,11.7429254571,2.7343748793e-11,0.043943602,0.087831232,0.043915616,0.0311369353235,1.41130145094,0.0311369353235,-0.04343946195,-0.0311587375,3.2872e-05,0.03116635675,0.04339722395,0.000272233,0.000171545375,0.0001922175,0.0002674908,0.0002696755,0.175662464,0.354508693713,-0.494578761884,-0.354756922086,0.000374262912039,0.354843670218,0.494097861711,-0.00147975741523,-1.50221032294,1.41130145182,0.00309950109774,0.001953125,0.00218848689268,0.00304550891419,0.00307038275405,2,0.498046875,0.501953125,0.037109375,2,5.82905286008e-06,0.999994139793,3.96711881518e-06,1.25753240775e-06,6.00813013054e-09,3.53602251151e-07,9.64376789246e-10,2.30931940679e-07,4.00641600706e-10,1.08894015513e-08,1.57073579526e-09,-3.12484823996,-2.43233812405,材料1|70|正弦波|50|-14,5530.74174772,near-shape-v1:0.02:0772F18291C4989EAA88ED3402D818638509981F6263E65507DF2840F304ECB6,0.02,3,4,6780.89575024,q4-hgb-amplitude_and_condition-fold-4,7388.09334702,q4-hgb-amplitude_and_condition-full,True,附件一（训练集）.xlsx|材料1|657,1,1,材料1|正弦波|70|fq1|bq1,0.0857483689191,0.0952293941859,0.10683759986,0.123263615773,True,True,True,True,True,True,True,True,318,1,False,False
附件一（训练集）.xlsx|材料1|979,附件一（训练集）.xlsx,材料1,979,C16AEE712BC0AD480B5285F17FA7FA57A5E22A1901D4A6ADB0A1EB83ECFB7FFC,材料1,90,90,177820,2247.717152,正弦波,1,0D4FFB5C52E40726CECB234305CF7B25AE9A31C5AFFA3AC0B5C63CABF8519D5A,8282368291AA5A5A8B966860518D863E481DCEE1B8FBE11BAE81B5981765ABD6,12.0885270817,1.07421875215e-11,0.019628316,0.039240081,0.0196200405,0.0138981486973,1.41229716472,0.0138981486973,-0.019394814,-0.0139085425,6.77e-06,0.01390717325,0.0193826917,0.000120566,7.66407832031e-05,8.5314e-05,0.0001193341,0.0001202437,0.078480162,0.354182467087,-0.494260294996,-0.354447344559,0.000172527402729,0.354412449843,0.493951367971,-0.000821110723999,-1.50172722173,1.41229716549,0.00307252169026,0.001953125,0.00217415453347,0.00304112776933,0.00306430814962,2,0.4990234375,0.5009765625,0.03515625,2,1.48103337209e-06,0.99999850607,4.95715692066e-07,7.54488239576e-07,1.1688698451e-08,1.8795616985e-07,5.45222076161e-09,4.56413110413e-09,7.73092651328e-10,1.97383304327e-08,6.54584638185e-10,-3.93078206143,-3.23805658007,材料1|90|正弦波|52|-18,3490.30715112,near-shape-v1:0.02:F827B03E1AEF4E81BDD7373DE3A90FD0B0FE7B933BEFA8F40E05B59BA37018C4,0.02,0,0,2083.55915733,q4-hgb-amplitude_and_condition-fold-0,2144.23637785,q4-hgb-amplitude_and_condition-full,True,附件一（训练集）.xlsx|材料1|979,2,0,材料1|正弦波|90|fq2|bq0,0.0286923482105,0.0758025013879,0.10683759986,0.123263615773,True,True,True,True,False,True,True,True,325,1,False,False
附件一（训练集）.xlsx|材料1|1066,附件一（训练集）.xlsx,材料1,1066,C16AEE712BC0AD480B5285F17FA7FA57A5E22A1901D4A6ADB0A1EB83ECFB7FFC,材料1,90,90,316230,94691.42506,正弦波,1,69C1ECC77331877A8EC64D7A82851BB2B9B0EB15D6DCEF3D8E7D28C8918717B2,83D5F7A994C38459A14BB6AE619F053940FAD6DD5C129E1FFFF308F38B8837C2,12.6642250759,3.9062503232e-12,0.05549355,0.110861352,0.055430676,0.0392541385101,1.41369934754,0.0392541385101,-0.0548366779,-0.03927587375,6.32925e-05,0.03927207025,0.05472520675,0.000341655,0.000216526078125,0.0002412765,0.0003364386,0.0003389265,0.221722704,0.354083166063,-0.494641973191,-0.354279223962,0.00057091578762,0.354244915271,0.493636472574,-0.00239041948835,-1.5012236237,1.41369934764,0.00308182241905,0.001953125,0.00217638063804,0.00303476905099,0.00305721059581,2,0.498046875,0.501953125,0.0361328125,2,9.15535746209e-06,0.999990833105,8.52807536771e-06,3.94501359808e-07,1.71369365077e-08,1.81634563888e-07,1.31101643389e-08,1.54166822696e-09,8.44784061835e-10,1.80475797909e-08,3.81111558164e-10,-2.8914884812,-2.1994749395,材料1|90|正弦波|55|-13,17548.7253165,near-shape-v1:0.02:4EB40034E55EB0E0B6D2B3734457C3F9B5EC1113141DA2900CBF52EADFF5B96A,0.02,1,0,95667.6899684,q4-hgb-amplitude_and_condition-fold-0,96642.6307841,q4-hgb-amplitude_and_condition-full,True,附件一（训练集）.xlsx|材料1|1066,3,2,材料1|正弦波|90|fq3|bq2,0.0101392273171,0.0102570681773,0.10683759986,0.123263615773,True,True,True,True,True,True,True,True,334,1,False,False
附件一（训练集）.xlsx|材料1|1001,附件一（训练集）.xlsx,材料1,1001,C16AEE712BC0AD480B5285F17FA7FA57A5E22A1901D4A6ADB0A1EB83ECFB7FFC,材料1,90,90,199500,13719.96348,正弦波,1,38F5372F9EE4485F754472B2E2FF9F8378F73C5A7A6A723DAE6DF6F3CE09143D,8487C27AEFC18A80E1F39E1909EB5BD5CDDCFCEAE1B9A52330500E604A6B1C66,12.2035695153,2.63671844775e-11,0.039204411,0.078355176,0.039177588,0.0277627290421,1.41212382041,0.0277627290421,-0.0387383608,-0.0277982865,2.8124e-05,0.02777971125,0.03869187135,0.000242622,0.000153037453125,0.0001699075,0.0002384567,0.00024057115,0.156710352,0.354319018339,-0.49439440767,-0.354772817132,0.000358929365851,0.354535751711,0.493801090098,-0.00145641604395,-1.50243905871,1.41212382136,0.00309643870878,0.001953125,0.0021684272651,0.00304327948928,0.00307026494331,2,0.498046875,0.501953125,0.0361328125,2,4.20536259384e-06,0.999995771957,2.55041200916e-06,1.51450271185e-06,1.37260824156e-09,9.59541402948e-08,4.16332057092e-10,2.82134533733e-08,5.11161792563e-11,1.4408754845e-08,1.36873922365e-11,-3.23896601301,-2.54650324982,材料1|90|正弦波|52|-15,7821.2799945,near-shape-v1:0.02:996AD645FCB83C71A309B1ECB8CE49B439ABE23826125FF526451F78DE70947B,0.02,2,4,13830.2138108,q4-hgb-amplitude_and_condition-fold-4,13428.3725167,q4-hgb-amplitude_and_condition-full,True,附件一（训练集）.xlsx|材料1|1001,2,1,材料1|正弦波|90|fq2|bq1,0.0294836213987,0.00800306401109,0.10683759986,0.123263615773,True,True,False,True,False,False,True,True,300,0.156666666667,False,False
附件一（训练集）.xlsx|材料2|232,附件一（训练集）.xlsx,材料2,232,C16AEE712BC0AD480B5285F17FA7FA57A5E22A1901D4A6ADB0A1EB83ECFB7FFC,材料2,70,70,199500,845.8285981,正弦波,1,96353F9C80DB2301C342D269DFCC509329A65A0C33EFD045C40526FB4FA9FD05,88131EAE3E7810EC88B93A1E47B262A53898571ECD5F8F0496668DE56CED500C,12.2035695153,-1.27929687243e-10,0.011786872,0.023563646,0.011781823,0.00833732806778,1.41374693477,0.00833732806778,-0.011644076,-0.008333263,6.14e-06,0.00833941975,0.0116322009,7.268e-05,4.60227460938e-05,5.10365e-05,7.1449e-05,7.21724e-05,0.047127292,0.353821648304,-0.494154252363,-0.353649128495,0.000260576310206,0.353910421075,0.493650304708,-0.00101539907006,-1.50060829831,1.41374691943,0.00308441231887,0.001953125,0.00216589996302,0.00303217082789,0.00306287066102,2,0.4990234375,0.5009765625,0.033203125,2,7.08081665707e-07,0.999999285215,5.77046550859e-07,9.35850504648e-08,1.35571419659e-09,2.10462129248e-08,3.78241922779e-11,6.5725626771e-09,2.12361567222e-11,7.65703145714e-09,7.58976651858e-10,-4.44076890922,-3.74805017835,材料2|70|正弦波|52|-20,2351.480964,near-shape-v1:0.02:1169EA07786B327B877E4F28E86F502E35A338478FE2DF5713193EAEDB85B7DB,0.02,1,3,1026.42904737,q4-hgb-amplitude_and_condition-fold-3,901.916035527,q4-hgb-amplitude_and_condition-full,True,附件一（训练集）.xlsx|材料2|232,2,0,材料2|正弦波|70|fq2|bq0,0.12918532515,0.193316579676,0.104291900272,0.124780990562,False,False,False,True,True,False,False,False,319,0,False,False
附件一（训练集）.xlsx|材料1|2879,附件一（训练集）.xlsx,材料1,2879,C16AEE712BC0AD480B5285F17FA7FA57A5E22A1901D4A6ADB0A1EB83ECFB7FFC,材料1,70,70,396820,887329.0989,三角波,2,45E864C24D6A41F42977FBD9B5DFED85B512137CE76DEC63423905388E31BF23,8888393A93DBD03369F3569501A57D1E8E582A5A513BC081D1F943E943AE7325,12.8912380563,-2.92968427296e-12,0.123037034,0.245435807,0.1227179035,0.0718708311121,1.71191889806,0.0718708311121,-0.1119224512,-0.06225703,-7.0505e-06,0.06217009625,0.112178025,0.000643632,0.000479366810547,0.0004043895,0.0006145552,0.0006158921,0.490871614,0.292829444858,-0.456015169771,-0.253659116647,-2.87264403532e-05,0.253304915093,0.457056475883,0.00141943399194,-1.20332848002,1.7119188981,0.00262240464367,0.001953125,0.00164763856156,0.00250393456241,0.00250938160788,2,0.3974609375,0.6025390625,0.001953125,2,0.0348164423122,0.966226160997,0.024597132969,0.0041241603522,0.00384068716949,5.46794076049e-06,0.000687265494106,0.000179091993292,6.3499807113e-05,0.000142026201393,1.22546753522e-06,-2.0952698795,-1.40471984455,材料1|70|三角波|55|-10,48823.5558319,near-shape-v1:0.02:DE3EF81C59AA18B2EEEA9B0C9A2B77C83C9F051DFAB46A2C7EEAB428F435C645,0.02,0,4,906761.180213,q4-hgb-amplitude_and_condition-fold-4,857276.271932,q4-hgb-amplitude_and_condition-full,True,附件一（训练集）.xlsx|材料1|2879,3,3,材料1|三角波|70|fq3|bq3,0.0561188067823,0.0216631457328,0.0995572085612,0.117891287822,True,True,False,True,True,False,True,True,309,0,False,False
附件一（训练集）.xlsx|材料1|670,附件一（训练集）.xlsx,材料1,670,C16AEE712BC0AD480B5285F17FA7FA57A5E22A1901D4A6ADB0A1EB83ECFB7FFC,材料1,70,70,141270,1223.104389,正弦波,1,BABF598EABFD3637A2C0E6157245978DCBC98D70486B843F3568BF4EB72E8C34,8ACE4955B322404C740EADCF6BF4A4EFE6D4E2362099BF72E8CD87BC7B3F167E,11.8584282319,3.90624997626e-11,0.019434144,0.038852637,0.0194263185,0.013771258991,1.41121040659,0.013771258991,-0.0192137523,-0.013778593,7.75e-06,0.0137854005,0.01919766045,0.000120484,7.58840566406e-05,8.42895e-05,0.0001182482,0.00011931385,0.077705274,0.354448502196,-0.494528912904,-0.354637267969,0.000199470654656,0.35481247929,0.494114734373,-0.000794642378662,-1.50250543064,1.41121040943,0.00310105077295,0.001953125,0.00216946664392,0.00304350512939,0.00307093312611,2,0.4990234375,0.5009765625,0.0380859375,2,2.7292202069e-06,0.999997246408,8.65649579243e-07,1.5961146665e-06,3.52876250119e-10,1.66094356023e-07,9.34440308376e-10,4.64119885674e-08,8.54355038482e-10,5.25947733138e-08,2.05656497823e-10,-3.9407237599,-3.24797932802,材料1|70|正弦波|51|-18,2745.46152288,near-shape-v1:0.02:01CB4AD90FB2D86895091A9AB9C46C674F7AE681624B81C2845F9F847152051F,0.02,1,3,1233.45075713,q4-hgb-amplitude_and_condition-fold-3,1225.57173228,q4-hgb-amplitude_and_condition-full,True,附件一（训练集）.xlsx|材料1|670,1,0,材料1|正弦波|70|fq1|bq0,0.00640307173416,0.00841667450464,0.10683759986,0.123263615773,True,True,False,True,False,False,True,True,322,0.127329192547,False,False
附件一（训练集）.xlsx|材料1|1054,附件一（训练集）.xlsx,材料1,1054,C16AEE712BC0AD480B5285F17FA7FA57A5E22A1901D4A6ADB0A1EB83ECFB7FFC,材料1,90,90,281850,224289,正弦波,1,50790CDFCD1900507E5648FCE61641061C56BB07E226FB99B6777D550DBBB8AA,8B5C7FEE5579FCEF994484494A851D7283092025255C37FEB87373C3D10FB729,12.5491302935,-3.90624962932e-11,0.087910489,0.175481398,0.087740699,0.0621736176239,1.41395164637,0.0621736176239,-0.08687234145,-0.062122849,0.0001554365,0.06213884525,0.08655881375,0.000546182,0.000342737105469,0.0003803505,0.0005329601,0.00053854915,0.350962796,0.354303181605,-0.495051569004,-0.354013870809,0.000885772172059,0.35410502764,0.493264897451,-0.00393944158638,-1.50204531016,1.41395164574,0.00311247805309,0.001953125,0.00216746905561,0.00303713160525,0.0030689814199,2,0.49609375,0.50390625,0.0361328125,2,2.38543791696e-05,0.999976131979,2.25044152084e-05,1.12451094397e-06,4.82762000983e-09,8.3030427393e-08,2.20751192394e-09,9.29574345332e-08,6.48463009881e-10,3.95831509008e-08,1.62905269653e-09,-2.43143615263,-1.740222236,材料1|90|正弦波|54|-11,24777.5713246,near-shape-v1:0.02:7F6F24AE38E0CCE63FDF30337823792DBF3905EA77531B897A18BC6A076147A1,0.02,1,0,193090.099137,q4-hgb-amplitude_and_condition-fold-0,216442.633283,q4-hgb-amplitude_and_condition-full,True,附件一（训练集）.xlsx|材料1|1054,3,2,材料1|正弦波|90|fq3|bq2,0.114168065399,0.149777763591,0.10683759986,0.123263615773,False,False,True,True,True,True,True,True,325,1,False,False
附件一（训练集）.xlsx|材料3|636,附件一（训练集）.xlsx,材料3,636,C16AEE712BC0AD480B5285F17FA7FA57A5E22A1901D4A6ADB0A1EB83ECFB7FFC,材料3,50,50,316230,5674.773566,正弦波,1,A1A9F643068E5C2444632127ED76CB262C69EA76CE580978B1909646E6ECF803,8B739DB27F00866BC121B289733BF38CC64A96E711FBFEDEDFADA354B0920FCD,12.6642250759,2.14843741755e-11,0.015617724,0.031225424,0.015612712,0.0110677624313,1.41110040055,0.0110677624313,-0.0154417344,-0.01106663725,3.85e-06,0.011078758,0.01542846075,9.662e-05,6.098715625e-05,6.80725e-05,9.51044e-05,9.594875e-05,0.062450848,0.354447146381,-0.494524411309,-0.354411112928,0.000123296276637,0.354799280821,0.494099318828,-0.000636038875175,-1.50227130457,1.41110040249,0.00309427343565,0.001953125,0.00218003444885,0.0030457360643,0.00307277652979,2,0.4990234375,0.5009765625,0.037109375,2,2.70169616342e-06,0.99999727331,9.94847298786e-07,1.30505977589e-06,3.729173322e-11,2.17310533755e-07,7.73450267791e-11,1.70495089248e-07,1.34848836301e-09,1.21133030506e-08,3.9967088119e-10,-4.15934885581,-3.4665226442,材料3|50|正弦波|55|-19,4938.79286052,near-shape-v1:0.02:0772F18291C4989EAA88ED3402D818638509981F6263E65507DF2840F304ECB6,0.02,3,3,5961.56394886,q4-hgb-amplitude_and_condition-fold-3,5543.56111582,q4-hgb-amplitude_and_condition-full,True,附件一（训练集）.xlsx|材料3|636,3,0,材料3|正弦波|50|fq3|bq0,0.0726831131993,0.0492937160653,0.0944761622685,0.110247248982,True,True,False,True,False,False,False,False,335,0.00298507462687,False,False
附件一（训练集）.xlsx|材料1|3166,附件一（训练集）.xlsx,材料1,3166,C16AEE712BC0AD480B5285F17FA7FA57A5E22A1901D4A6ADB0A1EB83ECFB7FFC,材料1,90,90,396820,1127758.631,三角波,2,D808127DE664790A93DD836E4FEE507B7AFBB906D0DD210DC5482C623721F511,8EB7283607FCAD30FB2348AD2207B81563035A9D9F2335380A569C92909D4F61,12.8912380563,-5.85937895425e-12,0.13818574,0.275691267,0.1378456335,0.08076950924,1.71086516806,0.08076950924,-0.126062595,-0.0699238135,7.79845e-05,0.0699065545,0.1258314497,0.000721069,0.000538459505859,0.0004551505,0.0006892884,0.00069071235,0.551382534,0.292970865994,-0.457260022655,-0.253630861271,0.000282868974081,0.253568258678,0.456421601871,-0.00135329137867,-1.20345725953,1.71086516799,0.00261549452707,0.001953125,0.00165094275547,0.00250021847808,0.00250538349479,2,0.6015625,0.3984375,0.0009765625,2,0.0344527949263,0.966567027434,0.0241988907534,0.00421951106524,0.00380857108617,3.08690855474e-06,0.000692675110541,0.000170392759051,6.80906212119e-05,0.000139033610039,6.83664543788e-07,-1.97915655676,-1.28847363719,材料1|90|三角波|55|-9,54834.8653468,near-shape-v1:0.02:1B0B04C9E79E76111C5A7FF53E5D7C975365C28173E856AF43EE9D51CC68B475,0.02,4,4,1136458.20635,q4-hgb-amplitude_and_condition-fold-4,1130353.52513,q4-hgb-amplitude_and_condition-full,True,附件一（训练集）.xlsx|材料1|3166,3,3,材料1|三角波|90|fq3|bq3,0.00538614699,0.00768443227834,0.0995572085612,0.117891287822,True,True,True,True,True,True,True,True,310,1,False,False
附件一（训练集）.xlsx|材料3|1726,附件一（训练集）.xlsx,材料3,1726,C16AEE712BC0AD480B5285F17FA7FA57A5E22A1901D4A6ADB0A1EB83ECFB7FFC,材料3,70,70,251230,16452.36322,三角波,2,B7E25AEC4BF325E9DF8C1052A8283F3D2D826347B551DBA0ADD153BE1640F344,90D286C89030DA429CC4DAA411AAF67E336E6DC792350422B5647A9AF147EEA9,12.4341241332,1.85546873005e-11,0.031213338,0.06220778,0.03110389,0.0180949271366,1.72497726929,0.0180949271366,-0.0281444626,-0.01564948275,-3.495e-05,0.015630506,0.02827885695,0.000163601,0.000121499570312,0.000103925,0.0001536682,0.0001543371,0.12441556,0.290878844038,-0.452426732131,-0.251567935209,-0.000561827130862,0.251262880325,0.454587142178,0.00510478909295,-1.19897067639,1.72497726826,0.00262991220712,0.001953125,0.00167061097503,0.00247024086055,0.00248099353489,2,0.4033203125,0.5966796875,0.0009765625,2,0.0332652407483,0.967649816617,0.0225388831153,0.00476959922314,0.00374123883106,1.12845201635e-06,0.000760837851365,0.000137583694444,9.95691962702e-05,0.000139973634743,2.90111464707e-07,-3.46690977552,-2.77727520667,材料3|70|三角波|54|-16,7841.72690574,near-shape-v1:0.02:75F61AEAE45CC47AE307E272C44F57F33B9D6AEA3AEB27686998132144815472,0.02,3,4,16882.0863824,q4-hgb-amplitude_and_condition-fold-4,17232.7317886,q4-hgb-amplitude_and_condition-full,True,附件一（训练集）.xlsx|材料3|1726,2,1,材料3|三角波|70|fq2|bq1,0.020556298761,0.0257824076354,0.0899223710084,0.10470351852,True,True,False,True,True,False,False,False,318,0.135220125786,False,False
附件一（训练集）.xlsx|材料1|963,附件一（训练集）.xlsx,材料1,963,C16AEE712BC0AD480B5285F17FA7FA57A5E22A1901D4A6ADB0A1EB83ECFB7FFC,材料1,90,90,158500,6022.969781,正弦波,1,5C820F46890BEAF8B7BDE61D7871D0DBD401925609F9F8D4014CBECD00BD1CB5,943DAA984C0173CF77FDC9A59BD0A0BFFC7EB3175C799A0C14EDA9B6BDD21C6D,11.9735098723,3.32031260125e-11,0.034810607,0.069578196,0.034789098,0.0246671913811,1.41121080475,0.0246671913811,-0.0344124244,-0.024698045,2.29e-05,0.02467011225,0.0343762938,0.000215907,0.000135894914062,0.000151849,0.0002117546,0.0002138328,0.139156392,0.354524733311,-0.494586327493,-0.354968171828,0.000329125618561,0.354566712491,0.494067046044,-0.00134719748926,-1.50240607046,1.4112108061,0.00310308419034,0.001953125,0.00218242220595,0.00304340457462,0.00307327312712,2,0.4990234375,0.5009765625,0.0390625,2,4.45718221696e-06,0.999995508673,2.47549012855e-06,1.48981524977e-06,1.61974051863e-09,2.69489688794e-07,1.75220662881e-10,2.03091059304e-07,4.19618903331e-10,1.70206652621e-08,4.08265252792e-11,-3.35783313979,-2.66530403658,材料1|90|正弦波|52|-15,5517.4812095,near-shape-v1:0.02:426EDFFD2BC700B3CB86F8A10CF880E05CD68ED74B3D9E845DEBFEA10EBDB7F1,0.02,2,4,6110.53416535,q4-hgb-amplitude_and_condition-fold-4,6084.01734349,q4-hgb-amplitude_and_condition-full,True,附件一（训练集）.xlsx|材料1|963,1,1,材料1|正弦波|90|fq1|bq1,0.00434825591823,0.0144313585067,0.10683759986,0.123263615773,True,True,True,True,True,True,True,True,300,1,False,False
附件一（训练集）.xlsx|材料1|3144,附件一（训练集）.xlsx,材料1,3144,C16AEE712BC0AD480B5285F17FA7FA57A5E22A1901D4A6ADB0A1EB83ECFB7FFC,材料1,90,90,396820,106507.1312,三角波,2,46B9A559CBFB05C519CA491E1BBD4689EF5016FFF835814278E50497CBB7878B,95D6598A8076D29E84BFAE9922D1EC0DCF12276EE5A7CCF5C829E10910581265,12.8912380563,1.75781247197e-11,0.049056881,0.097860312,0.048930156,0.0285770835644,1.71665106726,0.0285770835644,-0.04449116995,-0.0247629965,-3.7857e-05,0.0247483415,0.0445842576,0.000258773,0.000191133421875,0.000160942,0.0002445086,0.00024542425,0.195720624,0.292019134012,-0.454639567955,-0.253044324216,-0.000386847505433,0.252894569582,0.455590797446,0.00212700210445,-1.20204665698,1.71665106665,0.0026443099834,0.001953125,0.00164460951238,0.00249854711275,0.00250790381702,2,0.3984375,0.6015625,0.0009765625,2,0.0349742311581,0.96606904481,0.0246859952735,0.0041329161882,0.00387031754653,5.52982556746e-06,0.000697325580215,0.000182904663026,6.50608634343e-05,0.000146251923318,1.22022405286e-06,-3.01477481739,-2.3242142049,材料1|90|三角波|55|-14,19466.7515184,near-shape-v1:0.02:A9E3A633D1CCDECE5CA0E7D47B35DEBA5EDFD3620DDE5D756C5F81AD37B38EC7,0.02,3,0,108193.804666,q4-hgb-amplitude_and_condition-fold-0,102564.772096,q4-hgb-amplitude_and_condition-full,True,附件一（训练集）.xlsx|材料1|3144,3,1,材料1|三角波|90|fq3|bq1,0.0534290774578,0.0157120177029,0.0995572085612,0.117891287822,True,True,False,True,True,False,False,True,326,0.377300613497,False,False
附件一（训练集）.xlsx|材料1|2892,附件一（训练集）.xlsx,材料1,2892,C16AEE712BC0AD480B5285F17FA7FA57A5E22A1901D4A6ADB0A1EB83ECFB7FFC,材料1,70,70,396820,888296.5947,三角波,2,02F3B180B59F95F5C2F4F886441C110F7339F5AC42AC340507F2F06E361CC683,96887DA32BC6AA56AB09F6CAC8E268E130D6D5B60DF8425B1A5C15003D290B4B,12.8912380563,-2.92968947713e-12,0.123108464,0.245597818,0.122798909,0.0719290987377,1.71152518467,0.0719290987377,-0.11209894675,-0.062257796,1.03095e-05,0.06232624175,0.1121343796,0.000643651,0.000479683238281,0.0004051065,0.0006137301,0.00061549975,0.491195636,0.292873525194,-0.456432991384,-0.253494906852,4.19771764002e-05,0.253773597259,0.456577263251,-0.0012899246934,-1.20328485981,1.71152518463,0.00262075211108,0.001953125,0.00164947108773,0.00249892325998,0.0025061287393,2,0.6005859375,0.3994140625,0.001953125,2,0.0344639087824,0.966555411343,0.0241987867475,0.00422267915432,0.00381451153767,3.06431908661e-06,0.000692945308438,0.000170409610935,6.85613472966e-05,0.000139625749554,6.93754839774e-07,-2.09468949105,-1.40405996711,材料1|70|三角波|55|-10,48851.9006845,near-shape-v1:0.02:1B0B04C9E79E76111C5A7FF53E5D7C975365C28173E856AF43EE9D51CC68B475,0.02,4,4,905817.751452,q4-hgb-amplitude_and_condition-fold-4,914940.937647,q4-hgb-amplitude_and_condition-full,True,附件一（训练集）.xlsx|材料1|2892,3,3,材料1|三角波|70|fq3|bq3,0.010021374694,0.019532416429,0.0995572085612,0.117891287822,True,True,True,True,True,True,True,True,309,1,False,False
附件一（训练集）.xlsx|材料2|782,附件一（训练集）.xlsx,材料2,782,C16AEE712BC0AD480B5285F17FA7FA57A5E22A1901D4A6ADB0A1EB83ECFB7FFC,材料2,90,90,79470,415.6131139,正弦波,1,309D25979E3684CBE1A664085B1CD651C425410744C57616C53230FBC817A011,97E5B636DFAB62A520BD1CB75835A515BC34A91D67F0695C688C82DA6644B49F,11.2831348709,-3.80859376155e-11,0.019044231,0.038042869,0.0190214345,0.0134736377598,1.4134438924,0.0134736377598,-0.0188198016,-0.0134700655,2.355e-05,0.01347796775,0.01877842955,0.000117189,7.43024785156e-05,8.27135e-05,0.0001153429,0.0001162715,0.076085738,0.354169864522,-0.494699849318,-0.354075962618,0.000619039486374,0.354283684232,0.493612340018,-0.00252373170529,-1.50119982176,1.41344388958,0.00308044590433,0.001953125,0.00217421824837,0.00303191907004,0.00305632837523,2,0.4970703125,0.5029296875,0.03515625,2,2.64379453106e-06,0.999997338774,1.82163885788e-06,3.66571383895e-07,3.17353159244e-08,3.88020231315e-07,2.68193101504e-09,1.16255401106e-09,9.98471209851e-10,2.91837359451e-08,1.79501412763e-09,-3.96099105792,-3.26904162354,材料2|90|正弦波|49|-18,1513.44503757,near-shape-v1:0.02:FCF650DB9B87AC6132AFBD0D54DDC6677E35FC9D961C2612E428B8BD93B8EBB1,0.02,3,0,551.323338125,q4-hgb-amplitude_and_condition-fold-0,445.935486697,q4-hgb-amplitude_and_condition-full,True,附件一（训练集）.xlsx|材料2|782,0,0,材料2|正弦波|90|fq0|bq0,0.211719373126,0.281975625533,0.104291900272,0.124780990562,False,False,True,True,True,True,False,True,325,1,False,False
附件一（训练集）.xlsx|材料1|2883,附件一（训练集）.xlsx,材料1,2883,C16AEE712BC0AD480B5285F17FA7FA57A5E22A1901D4A6ADB0A1EB83ECFB7FFC,材料1,70,70,354610,1587267.614,三角波,2,9275C6E46E358B604BDAA23C1AB4F193DE0DD0C1667D5B359D245D16DAC57AB4,9839352640CA1B000642A4F3319BF7CB35AB9F8BB258142BF231774C37300343,12.778773873,-6.4453123394e-11,0.173213908,0.345359938,0.172679969,0.101051766225,1.7141106432,0.101051766225,-0.15764761265,-0.087463278,0.0001315765,0.08736868475,0.15736759075,0.000908126,0.000674531128906,0.0005712,0.0008630638,0.00086526465,0.690719876,0.292598402727,-0.456473363698,-0.253252529642,0.000380983866325,0.252978632439,0.455662552309,-0.00272493162961,-1.20226735015,1.71411064256,0.00262950591565,0.001953125,0.00165392663465,0.00249902697168,0.00250539959849,2,0.6005859375,0.3994140625,0.0009765625,2,0.0344779913795,0.966538495281,0.0241431824532,0.00427064923799,0.00382112661393,2.35838411301e-06,0.000704611268904,0.000169862883275,7.08159905485e-05,0.000141167771867,5.31304376455e-07,-1.75322798585,-1.06316810726,材料1|70|三角波|55|-8,61423.3839159,near-shape-v1:0.02:8188412DB8D04F2BAA79712BE2708235391769123590D6C5528ABFA255EF7212,0.02,4,2,1802326.37462,q4-hgb-amplitude_and_condition-fold-2,1678311.11831,q4-hgb-amplitude_and_condition-full,True,附件一（训练集）.xlsx|材料1|2883,3,3,材料1|三角波|70|fq3|bq3,0.0712902187235,0.127064129415,0.0995572085612,0.117891287822,True,False,False,True,True,False,True,True,314,0.331210191083,False,False
附件一（训练集）.xlsx|材料1|746,附件一（训练集）.xlsx,材料1,746,C16AEE712BC0AD480B5285F17FA7FA57A5E22A1901D4A6ADB0A1EB83ECFB7FFC,材料1,70,70,223850,19653.1025,正弦波,1,CC794463D610A85AAA6DCB1AACBFA8E8793E642A996BD02FA1896213B0FA7E00,9B0B17A498360CAFA42A244D4A736BACEE4AFC557FD46BE1F187E604B919DB5C,12.3187314637,3.41796885933e-11,0.039271564,0.07848812,0.03924406,0.0277975546724,1.41277045635,0.0277975546724,-0.0388116601,-0.0277952835,2.5495e-05,0.02780874675,0.0387616134,0.000241857,0.000153297109375,0.0001704615,0.0002384726,0.00024014465,0.15697624,0.354162574826,-0.494490887719,-0.354133638749,0.000324825793003,0.354305170207,0.49385325277,-0.0014298107028,-1.50156689019,1.41277045758,0.00308144723049,0.001953125,0.00217181275332,0.00303832732903,0.00305963055301,2,0.4990234375,0.5009765625,0.037109375,2,2.96300661009e-06,0.999997023967,2.09926071937e-06,6.24035613364e-07,1.04496057519e-08,1.99256349622e-07,5.40200552388e-09,1.89156590294e-09,2.99689177392e-10,2.11624338841e-08,1.23980948797e-09,-3.23725458435,-2.54480800323,材料1|70|正弦波|53|-15,8790.9396014,near-shape-v1:0.02:AF5ADE007572822BED223DBE1F9A1AF0CA69821BED61CDB959A54B04340125C5,0.02,2,2,19854.7777673,q4-hgb-amplitude_and_condition-fold-2,19642.4508455,q4-hgb-amplitude_and_condition-full,True,附件一（训练集）.xlsx|材料1|746,2,1,材料1|正弦波|70|fq2|bq1,0.0107510437243,0.0102089410306,0.10683759986,0.123263615773,True,True,True,True,True,True,True,True,322,1,False,False
附件一（训练集）.xlsx|材料1|2874,附件一（训练集）.xlsx,材料1,2874,C16AEE712BC0AD480B5285F17FA7FA57A5E22A1901D4A6ADB0A1EB83ECFB7FFC,材料1,70,70,396820,41428.67568,三角波,2,4AE8685B28AA95419DA6E320E30DFBD32FA930ED6A433D5EBF0A326B01B52595,9B195025A2403BCBF0890E4A910B3517284C6F29744BCD6396FEC784DD12BC43,12.8912380563,5.85937461745e-12,0.031123839,0.062061482,0.031030741,0.0180977906604,1.71975903491,0.0180977906604,-0.02816239275,-0.01566930775,-2.3825e-05,0.0156625875,0.02825293495,0.000165646,0.000121213832031,0.0001022875,0.0001551471,0.0001559611,0.124122964,0.291610675046,-0.45378215035,-0.25248039929,-0.000383893601822,0.252372115351,0.455241061503,0.00286006871575,-1.20052247053,1.71975903458,0.0026690629141,0.001953125,0.00164816399325,0.00249989357328,0.00251300959909,2,0.3974609375,0.6025390625,0.0009765625,2,0.0350493088458,0.965994532565,0.0246550351098,0.00418623907001,0.00390168349201,5.01022950791e-06,0.000707396046439,0.000184257987257,6.74477417492e-05,0.00014919174859,1.1792899028e-06,-3.4697812261,-2.77962974013,材料1|70|三角波|55|-16,12350.561792,near-shape-v1:0.02:DE9556B293AD00D496E28EF7EFC13FCEBF4E27F31D6417CA6B02A99DAD201D8E,0.02,3,0,41362.533824,q4-hgb-amplitude_and_condition-fold-0,40694.5658392,q4-hgb-amplitude_and_condition-full,True,附件一（训练集）.xlsx|材料1|2874,3,1,材料1|三角波|70|fq3|bq1,0.0162805280957,0.00159776074553,0.0995572085612,0.117891287822,True,True,True,True,False,True,False,True,298,1,False,False
附件一（训练集）.xlsx|材料1|926,附件一（训练集）.xlsx,材料1,926,C16AEE712BC0AD480B5285F17FA7FA57A5E22A1901D4A6ADB0A1EB83ECFB7FFC,材料1,90,90,125850,1224.052589,正弦波,1,D9257111AC30B4AE0F2C58461CF0623FA35ADBC574D205585D9B818035C0AD63,A05FBC698C312D3C6EE1D330A67330D094D8914DBE8765FB88DE86413F7498FD,11.7428460006,-1.07421883888e-11,0.02181431,0.043618944,0.021809472,0.015460402401,1.41097944505,0.015460402401,-0.02156322845,-0.015475882,5.7145e-06,0.01547010875,0.0215579958,0.000134786,8.519325e-05,9.43525e-05,0.0001326747,0.00013400835,0.087237888,0.354442381755,-0.494354664782,-0.354797263988,0.000131009836969,0.354664907998,0.494234702489,-0.000534675027772,-1.50260374777,1.41097944435,0.00309007939303,0.001953125,0.0021631083045,0.0030416761121,0.00307225113015,2,0.4990234375,0.5009765625,0.037109375,2,2.80480766511e-06,0.999997176858,7.93538389875e-07,1.7155086777e-06,7.25940854815e-09,1.97786871227e-07,4.46729860587e-10,3.52349076989e-08,5.97048947916e-11,5.4188435454e-08,7.76621483694e-10,-3.82518910252,-3.13226372758,材料1|90|正弦波|50|-17,2745.3309135,near-shape-v1:0.02:01CB4AD90FB2D86895091A9AB9C46C674F7AE681624B81C2845F9F847152051F,0.02,1,2,1112.95633242,q4-hgb-amplitude_and_condition-fold-2,1151.19887432,q4-hgb-amplitude_and_condition-full,True,附件一（训练集）.xlsx|材料1|926,1,0,材料1|正弦波|90|fq1|bq0,0.0337542395006,0.0950658310392,0.10683759986,0.123263615773,True,True,True,True,False,True,True,True,339,1,False,False
附件一（训练集）.xlsx|材料1|3147,附件一（训练集）.xlsx,材料1,3147,C16AEE712BC0AD480B5285F17FA7FA57A5E22A1901D4A6ADB0A1EB83ECFB7FFC,材料1,90,90,396820,379089.2573,三角波,2,FAA05A3CE6DECA5E43E02726DDDDE902E073324C73BE3AAC85A9C10336BB1FA9,A0E9873786E6D398E3133296110BDA6F047DFD43E31829FCFD764FCA00207253,12.8912380563,3.7109374601e-11,0.08685001,0.173200798,0.086600399,0.0506711224613,1.71399419988,0.0506711224613,-0.07899494445,-0.04387292275,-5.66105e-05,0.04387736825,0.0790147996,0.000455423,0.000338282808594,0.0002853175,0.0004331684,0.0004343438,0.346401596,0.292557095847,-0.456088802126,-0.253306701203,-0.000326849170229,0.253332367515,0.456203438294,0.00202682983834,-1.20280772975,1.71399419915,0.00262945093359,0.001953125,0.00164732208682,0.00250096076347,0.00250774710634,2,0.3984375,0.6015625,0,2,0.0348231379547,0.966216408993,0.0245686884983,0.00414549062083,0.00384816048179,5.18636331122e-06,0.000691403143564,0.000179252663117,6.43160264185e-05,0.000143051397892,1.13810921344e-06,-2.44357267115,-1.75330367547,材料1|90|三角波|55|-11,34463.8209682,near-shape-v1:0.02:3C03F274D569F93086DDCD32B0E345ADFFA4922B7C787D9FB2AF0D3F25B2F725,0.02,1,1,393224.667067,q4-hgb-amplitude_and_condition-fold-1,384597.957835,q4-hgb-amplitude_and_condition-full,True,附件一（训练集）.xlsx|材料1|3147,3,2,材料1|三角波|90|fq3|bq2,0.0221825401119,0.0366093408851,0.0995572085612,0.117891287822,True,True,True,True,True,True,False,True,306,1,False,False
附件一（训练集）.xlsx|材料1|2888,附件一（训练集）.xlsx,材料1,2888,C16AEE712BC0AD480B5285F17FA7FA57A5E22A1901D4A6ADB0A1EB83ECFB7FFC,材料1,70,70,396820,41382.3238,三角波,2,E0EA94AB873801740643BF45EF85BCAFD0D9F1EF139150E6182F5077D906A098,A2F84F3E5DFB1AF25330D4067C7BFFFEE29AAF935FB603A5B236F6DC9AEC89BA,12.8912380563,2.53906257998e-11,0.031157926,0.062099417,0.0310497085,0.0181090144805,1.72057546442,0.0181090144805,-0.02828191985,-0.0156541795,1.67e-05,0.0156694525,0.02822078095,0.000165855,0.000121287923828,0.0001025045,0.0001549701,0.0001557771,0.124198834,0.291613276828,-0.45542971644,-0.252082552166,0.000268923210815,0.252328495686,0.45444518303,-0.0034359801445,-1.20035181301,1.72057546582,0.00267079802054,0.001953125,0.00165065156731,0.00249551618174,0.00250851147282,2,0.6015625,0.3984375,0,2,0.0349368932619,0.966099150004,0.02451859992,0.00422906790262,0.00389102908647,4.09035194703e-06,0.000710920209565,0.000180452892165,6.92874065452e-05,0.00014810441435,9.50700370811e-07,-3.46868661989,-2.77901867817,材料1|70|三角波|55|-16,12364.0881953,near-shape-v1:0.02:97C419089A0A12FDF264D9820AC3B511683041FA5CFAB928F54FB9E91639D089,0.02,2,0,41481.9180784,q4-hgb-amplitude_and_condition-fold-0,40872.023135,q4-hgb-amplitude_and_condition-full,True,附件一（训练集）.xlsx|材料1|2888,3,1,材料1|三角波|70|fq3|bq1,0.0148114655541,0.00240373701272,0.0995572085612,0.117891287822,True,True,True,True,True,True,False,True,298,1,False,False
附件一（训练集）.xlsx|材料1|2882,附件一（训练集）.xlsx,材料1,2882,C16AEE712BC0AD480B5285F17FA7FA57A5E22A1901D4A6ADB0A1EB83ECFB7FFC,材料1,70,70,396820,1972606.801,三角波,2,7DF1F7214450E63D04D720B6FFE0AFB70F10D05FC35B28F64EFC4BBF0A650EC9,A4E120BAB5A53BE717A7614377619296C7C6DFC10F4A19782F89306E214789A4,12.8912380563,4.10156283936e-11,0.173560854,0.345907238,0.172953619,0.101374144455,1.71208205932,0.101374144455,-0.1579441902,-0.0877555375,-9.10955e-05,0.0877249805,0.15811575595,0.000912128,0.000675600074219,0.0005713675,0.0008683408,0.00087145515,0.691814476,0.293067427676,-0.456608514914,-0.253696736872,-0.000263352514802,0.253608397923,0.457104502419,0.0024711548855,-1.20325511658,1.71208205891,0.00263691504484,0.001953125,0.00165179399918,0.00251032850605,0.00251933193141,2,0.3974609375,0.6025390625,0.0009765625,2,0.0349590459936,0.966096775987,0.0247502886399,0.00409877718657,0.00385171190351,5.94341880336e-06,0.000682388376883,0.000180635124847,6.20278447781e-05,0.000140672355378,1.37677535311e-06,-1.75122699758,-1.06158463814,材料1|70|三角波|55|-8,68872.4180843,near-shape-v1:0.02:3C03F274D569F93086DDCD32B0E345ADFFA4922B7C787D9FB2AF0D3F25B2F725,0.02,1,2,2072907.3065,q4-hgb-amplitude_and_condition-fold-2,2097060.40458,q4-hgb-amplitude_and_condition-full,True,附件一（训练集）.xlsx|材料1|2882,3,3,材料1|三角波|70|fq3|bq3,0.0115844333955,0.0495961759943,0.0995572085612,0.117891287822,True,True,True,True,True,True,True,True,314,1,False,False
附件一（训练集）.xlsx|材料1|2894,附件一（训练集）.xlsx,材料1,2894,C16AEE712BC0AD480B5285F17FA7FA57A5E22A1901D4A6ADB0A1EB83ECFB7FFC,材料1,70,70,396820,1505892.074,三角波,2,BD294F6B7F207545164C8FF735112E40AE37F7D58F220EDC230150FC244FC22E,A60AE6D4ED0C0895EDD4A667EB0FC9D2CEFCE38E7B60E3B71E157CE7C0A31745,12.8912380563,1.07421866541e-11,0.15459914,0.308278803,0.1541394015,0.0903221417815,1.71164165232,0.0903221417815,-0.1409701321,-0.07819875475,4.8212e-05,0.07822485575,0.14064931085,0.00081056,0.000602107037109,0.000510307,0.0007714581,0.00077593675,0.616557606,0.292988492568,-0.457281301014,-0.253662444514,0.000156390866932,0.25374711131,0.456240615542,-0.00213517178262,-1.20307186478,1.71164165244,0.00262930824991,0.001953125,0.00165534248555,0.00250246884474,0.00251699676542,2,0.6015625,0.3984375,0.0009765625,2,0.0344839332443,0.966538484125,0.0242039578567,0.00423507464033,0.00381647786265,2.99285683864e-06,0.00069360267814,0.000169972529961,6.7959194038e-05,0.000139342938084,6.68007897628e-07,-1.86691970559,-1.17675070091,材料1|70|三角波|55|-9,61348.0307348,near-shape-v1:0.02:8188412DB8D04F2BAA79712BE2708235391769123590D6C5528ABFA255EF7212,0.02,4,1,1595697.93538,q4-hgb-amplitude_and_condition-fold-1,1518853.65171,q4-hgb-amplitude_and_condition-full,True,附件一（训练集）.xlsx|材料1|2894,3,3,材料1|三角波|70|fq3|bq3,0.049355312045,0.0579257173964,0.0995572085612,0.117891287822,True,True,True,True,True,True,True,True,308,1,False,False
附件一（训练集）.xlsx|材料1|907,附件一（训练集）.xlsx,材料1,907,C16AEE712BC0AD480B5285F17FA7FA57A5E22A1901D4A6ADB0A1EB83ECFB7FFC,材料1,90,90,112160,1223.050584,正弦波,1,5D1430B298B251E58DC5DB12ED857F7BABDBBA209306380F583A5E8E2831B0E6,A74DA7D9EF71BC76231E1F72672286F5A7101D3705D84926FD8A062A7CE56037,11.6276817023,2.7343748793e-11,0.024636078,0.049227939,0.0246139695,0.0174479631289,1.41197444183,0.0174479631289,-0.02435388175,-0.01745390975,1.829e-05,0.01746804075,0.02431283495,0.000152507,9.61483183594e-05,0.0001067505,0.0001497564,0.0001509884,0.098455878,0.354432127026,-0.4947166644,-0.354552925268,0.000371536428861,0.354839976597,0.493882852229,-0.00167682140462,-1.50250867166,1.4119744434,0.00309797653727,0.001953125,0.00216849419595,0.00304210176258,0.00306712820132,2,0.4990234375,0.5009765625,0.0361328125,2,3.85849752934e-06,0.999996115752,1.91395317601e-06,1.61220443682e-06,9.12005136085e-09,2.38619613633e-07,9.93655047844e-10,2.55392160172e-08,4.73578136721e-10,5.63645016972e-08,1.21431325735e-09,-3.70354332506,-3.01129395081,材料1|90|正弦波|50|-17,2763.18250848,near-shape-v1:0.02:0772F18291C4989EAA88ED3402D818638509981F6263E65507DF2840F304ECB6,0.02,3,2,1284.48978405,q4-hgb-amplitude_and_condition-fold-2,1240.62592391,q4-hgb-amplitude_and_condition-full,True,附件一（训练集）.xlsx|材料1|907,1,0,材料1|正弦波|90|fq1|bq0,0.0347180509622,0.0489742905952,0.10683759986,0.123263615773,True,True,True,True,True,True,True,True,339,1,False,False
附件一（训练集）.xlsx|材料1|3164,附件一（训练集）.xlsx,材料1,3164,C16AEE712BC0AD480B5285F17FA7FA57A5E22A1901D4A6ADB0A1EB83ECFB7FFC,材料1,90,90,396820,655128.1488,三角波,2,744092736863700094E6F37C47834FD73B8536493B2AA24A3FDF1CAE3A973585,A99AD8639158F198DE4801255376BBFE33B3302E2D76EFCEF08ECD1D6ED61A44,12.8912380563,-3.9062503232e-12,0.10969664,0.218836315,0.1094181575,0.0640758964313,1.71197979442,0.0640758964313,-0.09998300155,-0.05542352725,5.0024e-05,0.05550962925,0.0998784995,0.000572599,0.000427414677734,0.000361108,0.0005467806,0.00054824395,0.43767263,0.292802848701,-0.456884870987,-0.253264762049,0.000228590962639,0.253658215977,0.456407335793,-0.00169398351602,-1.20315738199,1.71197979436,0.00261656297768,0.001953125,0.00165012831623,0.0024985825593,0.00250526952074,2,0.6015625,0.3984375,0.0009765625,2,0.034509375548,0.966512012742,0.0242404942097,0.00421399479947,0.00382103214829,3.22644124006e-06,0.000694335430175,0.000171624974209,6.79860362555e-05,0.000140284716497,7.47263557358e-07,-2.21003654116,-1.51943124871,材料1|90|三角波|55|-10,43529.8206848,near-shape-v1:0.02:1B0B04C9E79E76111C5A7FF53E5D7C975365C28173E856AF43EE9D51CC68B475,0.02,4,3,667832.822823,q4-hgb-amplitude_and_condition-fold-3,691002.00143,q4-hgb-amplitude_and_condition-full,True,附件一（训练集）.xlsx|材料1|3164,3,3,材料1|三角波|90|fq3|bq3,0.0341047930021,0.0192069844201,0.0995572085612,0.117891287822,True,True,True,True,True,True,True,True,296,1,False,False
附件一（训练集）.xlsx|材料1|984,附件一（训练集）.xlsx,材料1,984,C16AEE712BC0AD480B5285F17FA7FA57A5E22A1901D4A6ADB0A1EB83ECFB7FFC,材料1,90,90,177820,7988.024299,正弦波,1,269BE82DFBFC9C59DA95DCBD835FF9406779E1AA67B06DD0B7DE223A7B73E268,ABE8F548C76B028F33F23F3CDB1BA2078705F02C97FC87D9DB0E275B0CC45183,12.0885270817,4.00390640781e-11,0.034835824,0.069627148,0.034813574,0.02468126413,1.41142786757,0.02468126413,-0.0344376412,-0.02468416625,2.095e-05,0.02470115175,0.03439237885,0.000216058,0.000135990523437,0.0001511385,0.0002123148,0.00021412625,0.139254296,0.354477597302,-0.494600773251,-0.354519278745,0.000300887808315,0.354763226981,0.493950704544,-0.00131471916154,-1.50272282968,1.41142786919,0.00310307123308,0.001953125,0.0021706834811,0.00304931059362,0.00307532702618,2,0.498046875,0.501953125,0.0380859375,2,4.42686540731e-06,0.999995555262,2.26340319906e-06,1.87646848593e-06,2.20842085085e-09,1.01001751403e-07,8.97147976088e-10,1.38321242793e-07,1.90586407257e-09,4.25179152436e-08,1.2170372727e-10,-3.35710899641,-2.66460073022,材料1|90|正弦波|52|-15,6194.50622368,near-shape-v1:0.02:0772F18291C4989EAA88ED3402D818638509981F6263E65507DF2840F304ECB6,0.02,3,4,7349.07308553,q4-hgb-amplitude_and_condition-fold-4,7802.18011028,q4-hgb-amplitude_and_condition-full,True,附件一（训练集）.xlsx|材料1|984,2,1,材料1|正弦波|90|fq2|bq1,0.0598211002672,0.0833583802676,0.10683759986,0.123263615773,True,True,True,True,True,True,True,True,300,1,False,False
附件一（训练集）.xlsx|材料1|2867,附件一（训练集）.xlsx,材料1,2867,C16AEE712BC0AD480B5285F17FA7FA57A5E22A1901D4A6ADB0A1EB83ECFB7FFC,材料1,70,70,354610,927703.2646,三角波,2,D1861649A29110D6CA3A843C93DB7F638934EDD1FA2C2EA899AA34C59BAEA712,AC00137738B2F1887B37F8C0E402017E2652337D1CFF58162EC9C153F42DE612,12.778773873,-2.44140610506e-11,0.137955708,0.275167556,0.137583778,0.0804927074828,1.71389076494,0.0804927074828,-0.1253365252,-0.069687255,-3.53365e-05,0.069669022,0.12545153695,0.000720955,0.000537436632813,0.000453478,0.0006877903,0.0006888139,0.550335112,0.292522522106,-0.455491653876,-0.253253893695,-0.000128418030452,0.253187632427,0.455909623933,0.00170436867681,-1.20258898179,1.71389076525,0.00262005815831,0.001953125,0.00164800678754,0.00249953268473,0.00250325260003,2,0.3984375,0.6015625,0.001953125,2,0.0346880951104,0.966341358576,0.0244026283634,0.00419271162924,0.00383939596822,3.98957173109e-06,0.000695204159157,0.000174970110825,6.73763844827e-05,0.000143352644137,9.12124159722e-07,-1.98082260186,-1.29037507231,材料1|70|三角波|55|-9,48920.4736139,near-shape-v1:0.02:AEB5429EFF641E5CF8DEFFA0326ABD14E5DA94ABEFA48F50D1B6B447573518C3,0.02,1,1,919873.77409,q4-hgb-amplitude_and_condition-fold-1,979059.991855,q4-hgb-amplitude_and_condition-full,True,附件一（训练集）.xlsx|材料1|2867,3,3,材料1|三角波|70|fq3|bq3,0.0623563950892,0.00847545594987,0.0995572085612,0.117891287822,True,True,True,True,True,True,True,True,308,1,False,False
附件一（训练集）.xlsx|材料1|517,附件一（训练集）.xlsx,材料1,517,C16AEE712BC0AD480B5285F17FA7FA57A5E22A1901D4A6ADB0A1EB83ECFB7FFC,材料1,50,50,281860,2268.111524,正弦波,1,B6CB0744337276347E7DF6119FBD7B0717ACAA6652658D851D5BBD7DF4E6326F,AE8E92862332C76DFB1BF5B979BF1AB74C7AC30B7BDE1BF1AAD49F8FBAFD2D8C,12.5491657727,6.15234373863e-11,0.012444533,0.024883657,0.0124418285,0.00881283441592,1.41209200272,0.00881283441592,-0.0122989883,-0.00881269,3.2e-06,0.0088108645,0.01229257295,7.6501e-05,4.86008925781e-05,5.40335e-05,7.56401e-05,7.619965e-05,0.049767314,0.354161545303,-0.494259680622,-0.354155744131,0.000128595988787,0.354082377782,0.494001861884,-0.000520424772306,-1.50163553528,1.4120920097,0.00307434715082,0.001953125,0.00217144529841,0.00303975014605,0.00306223679261,2,0.5,0.5,0.03515625,2,1.0981253469e-06,0.999998889183,1.95619492389e-07,6.75939790647e-07,7.66680597882e-09,1.88565673587e-07,1.5325787369e-09,2.40537582151e-09,3.21005350594e-10,2.59502336621e-08,1.23170908368e-10,-4.38647386898,-3.69354403638,材料1|50|正弦波|54|-20,3507.61607138,near-shape-v1:0.02:997BA18B39CA77444A456182ECFF60307DB8D2AFA39C3F276116472EF93CA7CE,0.02,2,2,2480.28822688,q4-hgb-amplitude_and_condition-fold-2,2331.58690565,q4-hgb-amplitude_and_condition-full,True,附件一（训练集）.xlsx|材料1|517,3,0,材料1|正弦波|50|fq3|bq0,0.0617999600034,0.0893895158762,0.10683759986,0.123263615773,True,True,True,True,True,True,False,True,323,1,False,False
附件一（训练集）.xlsx|材料1|2890,附件一（训练集）.xlsx,材料1,2890,C16AEE712BC0AD480B5285F17FA7FA57A5E22A1901D4A6ADB0A1EB83ECFB7FFC,材料1,70,70,396820,239013.6335,三角波,2,05A07C2E404B47C69DEB228A3157CF00F77169FE1685A301DE6C9C8E6528C520,AF7C39E580ED64C79ED6938AEF8BCFC3AB2F388B6BFE1CF46C1230BAF7781D6E,12.8912380563,-1.66015638736e-11,0.06969363,0.139028748,0.069514374,0.0406550718781,1.71426655471,0.0406550718781,-0.0634101221,-0.0351991595,2.55e-05,0.035181888,0.06329484355,0.000367353,0.000271540523438,0.000229079,0.000347226,0.0003484657,0.278057496,0.292422052726,-0.456093599314,-0.253179000673,0.000183415422842,0.253054771209,0.455264428955,-0.00169129300282,-1.20245409271,1.7142665543,0.00264228086122,0.001953125,0.00164770958018,0.00249751224114,0.00250642910199,2,0.6015625,0.3984375,0,2,0.0346407298886,0.966384874578,0.0243380875208,0.00420873273934,0.00384071153905,3.60768093511e-06,0.00069844939632,0.000174952652564,6.82075970143e-05,0.000142704751545,8.23531162014e-07,-2.66364635707,-1.97307454709,材料1|70|三角波|55|-12,27655.8262566,near-shape-v1:0.02:8188412DB8D04F2BAA79712BE2708235391769123590D6C5528ABFA255EF7212,0.02,4,1,269944.150257,q4-hgb-amplitude_and_condition-fold-1,246637.222667,q4-hgb-amplitude_and_condition-full,True,附件一（训练集）.xlsx|材料1|2890,3,2,材料1|三角波|70|fq3|bq2,0.0902962137961,0.121694013074,0.0995572085612,0.117891287822,True,False,True,True,True,True,False,True,300,1,False,False
附件一（训练集）.xlsx|材料1|2607,附件一（训练集）.xlsx,材料1,2607,C16AEE712BC0AD480B5285F17FA7FA57A5E22A1901D4A6ADB0A1EB83ECFB7FFC,材料1,50,50,396820,441391.7157,三角波,2,88208EA266F5A81BE4D52896337AC6F5D3199097CAE7142CA31E698D674E15CD,B1BA6F293A99A164ADCB65FBB4D49845C456B29A33AFA36F48199ABD546E7626,12.8912380563,-3.41796868586e-11,0.086850866,0.173207044,0.086603522,0.0506824361628,1.71362847913,0.0506824361628,-0.0790051983,-0.04390668625,-6.5986e-05,0.0439099105,0.0790445158,0.000452965,0.000338295007813,0.0002853455,0.0004332489,0.00043442595,0.346414088,0.292611864924,-0.456131554706,-0.253492497775,-0.000380965833123,0.253511113175,0.45635855222,0.00195512309853,-1.20302086453,1.7136284798,0.00261516500449,0.001953125,0.00164742433916,0.0025013353383,0.00250813096262,2,0.3984375,0.6015625,0,2,0.0347947494647,0.966243746791,0.0245531712957,0.00414274594612,0.00384086096559,4.97558255599e-06,0.000690568438605,0.000178363389936,6.5211809883e-05,0.000143173945542,1.13771752931e-06,-2.44356281513,-1.75326761393,材料1|50|三角波|55|-11,34464.1606461,near-shape-v1:0.02:3C03F274D569F93086DDCD32B0E345ADFFA4922B7C787D9FB2AF0D3F25B2F725,0.02,1,4,409916.145392,q4-hgb-amplitude_and_condition-fold-4,437112.889849,q4-hgb-amplitude_and_condition-full,True,附件一（训练集）.xlsx|材料1|2607,3,2,材料1|三角波|50|fq3|bq2,0.0642387237774,0.0739799361011,0.0995572085612,0.117891287822,True,True,True,True,True,True,False,True,334,1,False,False
附件一（训练集）.xlsx|材料2|2264,附件一（训练集）.xlsx,材料2,2264,C16AEE712BC0AD480B5285F17FA7FA57A5E22A1901D4A6ADB0A1EB83ECFB7FFC,材料2,25,25,499980,17771.0811,梯形波,3,5ED061028206E867E6705A88732972FA17E6FC2E1436FECFA1DD52DBA200D389,B60FF3F516A5364C032CAA25744129D2D6F8A1417AF6373311FFEE500915D451,13.1223233766,4.78515621224e-11,0.015722791,0.031413284,0.015706642,0.0103413452922,1.52038159018,0.0103413452922,-0.0151066677,-0.00949556225,-2.2915e-05,0.00947956375,0.01520160315,9.8016e-05,6.13540703125e-05,6.1865e-05,9.29234e-05,9.34067e-05,0.062826568,0.329202935045,-0.480900619873,-0.302278561447,-0.000729469986378,0.30176926749,0.483922760261,0.00465440209973,-1.35014245809,1.52038159481,0.0031202086353,0.001953125,0.00196938976517,0.00295809250634,0.00297347771726,2,0.4931640625,0.5068359375,0.0048828125,2,0.0196622885218,0.980627107499,0.0168435823885,0.00171915461214,0.00037154011348,2.08258868279e-07,8.61938489971e-05,5.96083534106e-05,6.37855795736e-05,0.000137292583675,7.38131153473e-09,-4.15264396321,-3.46052441821,材料2|25|梯形波|56|-19,7861.08104418,near-shape-v1:0.02:CDB83A966212879D03D5DCFDB1BABEF29D02A20CF2FE31C265EDC62864059592,0.02,0,1,18160.8092453,q4-hgb-amplitude_and_condition-fold-1,17521.9070166,q4-hgb-amplitude_and_condition-full,True,附件一（训练集）.xlsx|材料2|2264,3,0,材料2|梯形波|25|fq3|bq0,0.0358119989066,0.0216922478344,0.0906033358119,0.0977840223182,True,True,False,True,True,False,True,True,319,0.0282131661442,False,False
附件一（训练集）.xlsx|材料4|727,附件一（训练集）.xlsx,材料4,727,C16AEE712BC0AD480B5285F17FA7FA57A5E22A1901D4A6ADB0A1EB83ECFB7FFC,材料4,90,90,141260,577.1195732,正弦波,1,8C893136A393182E799689C676E54C31D1A708E7A2559D99DE98D1D33DDB338C,B99B10A551105C7E2075270B2CC3C6C378E42156ECF18B825092E6A5F3C5C6E3,11.858357443,-7.51953126502e-11,0.012725956,0.025437704,0.012718852,0.00901244810077,1.41204208421,0.00901244810077,-0.0125763075,-0.00902210075,7.945e-06,0.00901166625,0.01256319845,7.886e-05,4.9683015625e-05,5.51695e-05,7.75137e-05,7.811185e-05,0.050875408,0.354294872712,-0.494396326996,-0.354674332039,0.000312334603599,0.354264139767,0.493880993552,-0.00123492115016,-1.50235965598,1.41204207586,0.00310012255823,0.001953125,0.00216880815973,0.00304719718415,0.00307071149189,2,0.498046875,0.501953125,0.0361328125,2,3.77196935556e-06,0.999996206269,2.23058982961e-06,1.40958225261e-06,1.1118765906e-09,8.23356356224e-08,2.86928942663e-10,3.43928231643e-08,3.78296742628e-10,1.32218845105e-08,5.55179297843e-11,-4.36411159167,-3.67152279616,材料4|90|正弦波|51|-19,1797.66854456,near-shape-v1:0.02:5CF824086B9BCFB22B34DB6D878D3B7E5A5C65F7390B0B2CF1844E03123A7448,0.02,2,3,762.497379771,q4-hgb-amplitude_and_condition-fold-3,672.165121764,q4-hgb-amplitude_and_condition-full,True,附件一（训练集）.xlsx|材料4|727,1,0,材料4|正弦波|90|fq1|bq0,0.125919041433,0.278128971462,0.108741071783,0.133030600098,False,False,False,True,True,False,False,False,305,0.347540983607,False,False
附件一（训练集）.xlsx|材料1|3151,附件一（训练集）.xlsx,材料1,3151,C16AEE712BC0AD480B5285F17FA7FA57A5E22A1901D4A6ADB0A1EB83ECFB7FFC,材料1,90,90,396820,1123762.213,三角波,2,A816500ECAC64CCB1EC8CBC83C4F37248649DEC7668A1062397CEFC191A39CE4,C294F7F9F811FA54EDFFE0A3749D4B63276811725EDA5B51CF25E6430B19787D,12.8912380563,3.90625379265e-12,0.138090189,0.275400702,0.137700351,0.080684086584,1.7114922514,0.080684086584,-0.12563336445,-0.069872989,-2.5906e-05,0.069766463,0.1259172902,0.00072359,0.000537891996094,0.0004540505,0.0006901733,0.0006922058,0.550801404,0.292969792735,-0.456183893293,-0.2537139103,-9.40665863163e-05,0.25332710661,0.457214848334,0.00169057735138,-1.20360690883,1.71149225135,0.00262740797226,0.001953125,0.00164869042345,0.00250606950159,0.00251344965707,2,0.3974609375,0.6025390625,0.0009765625,2,0.0348182881519,0.966226022047,0.0246205624746,0.00411572482687,0.00383224016286,5.69339044677e-06,0.00068372143498,0.000179318082611,6.27561073386e-05,0.000141076431304,1.24314452249e-06,-1.97984826381,-1.28952814367,材料1|90|三角波|55|-9,54796.948799,near-shape-v1:0.02:DE3EF81C59AA18B2EEEA9B0C9A2B77C83C9F051DFAB46A2C7EEAB428F435C645,0.02,0,4,1131949.08232,q4-hgb-amplitude_and_condition-fold-4,1091126.77275,q4-hgb-amplitude_and_condition-full,True,附件一（训练集）.xlsx|材料1|3151,3,3,材料1|三角波|90|fq3|bq3,0.0367300666635,0.00725881723039,0.0995572085612,0.117891287822,True,True,True,True,True,True,True,True,310,1,False,False
附件一（训练集）.xlsx|材料1|962,附件一（训练集）.xlsx,材料1,962,C16AEE712BC0AD480B5285F17FA7FA57A5E22A1901D4A6ADB0A1EB83ECFB7FFC,材料1,90,90,158500,4627.454297,正弦波,1,74A20B2E4FE11E088285238D67703A7CB71CBD37A9E46FA854E49C8F3F771ECF,C475A22BD3E1D81F135848AF6EA05611063506D756BB06FEDC2B6F4D4B7D1B37,11.9735098723,-3.12499991162e-11,0.031028825,0.06201902,0.03100951,0.0219939606729,1.41078841876,0.0219939606729,-0.0306903643,-0.02200955025,2.072e-05,0.02202916575,0.03065035985,0.000191929,0.000121130898438,0.000135583,0.0001884276,0.0001902156,0.12403804,0.354632509074,-0.494854066845,-0.354883876249,0.00033409156175,0.355200159262,0.494209032669,-0.00130712137855,-1.50208065414,1.41078841734,0.0030946796644,0.001953125,0.00218615192565,0.00303822279036,0.00306705265578,2,0.4990234375,0.5009765625,0.0400390625,2,3.84180353578e-06,0.999996092372,1.6011845951e-06,1.11165561896e-06,1.07567396505e-09,1.00996158283e-06,2.76956786308e-09,1.12680992496e-07,4.7208642369e-10,1.90938850502e-09,7.90172952518e-11,-3.47283866782,-2.78031416679,材料1|90|正弦波|52|-16,4918.0687625,near-shape-v1:0.02:01CB4AD90FB2D86895091A9AB9C46C674F7AE681624B81C2845F9F847152051F,0.02,1,2,4541.58774111,q4-hgb-amplitude_and_condition-fold-2,4601.59856229,q4-hgb-amplitude_and_condition-full,True,附件一（训练集）.xlsx|材料1|962,1,1,材料1|正弦波|90|fq1|bq1,0.013124212141,0.0187261305181,0.10683759986,0.123263615773,True,True,True,True,True,True,True,True,314,1,False,False
附件一（训练集）.xlsx|材料1|1015,附件一（训练集）.xlsx,材料1,1015,C16AEE712BC0AD480B5285F17FA7FA57A5E22A1901D4A6ADB0A1EB83ECFB7FFC,材料1,90,90,223850,10845.05856,正弦波,1,E8E0DA0587AFBEA1EA6E3B19D2C657298B5DFFC7097F945BFCB3F447447DA061,C620948447CE38A213C63A0CE93C8C5A80EF1737BBFBDAC0D787DC56BB581871,12.3187314637,-2.14843750429e-11,0.031022092,0.062009736,0.031004868,0.0219743859058,1.41173874588,0.0219743859058,-0.03066150925,-0.0219956695,1.9555e-05,0.02196890075,0.030633338,0.000191673,0.000121112765625,0.000134496,0.0001887653,0.0001903296,0.124019472,0.354369931615,-0.494462824814,-0.354713161148,0.00031535405157,0.354281475597,0.494008521847,-0.00121163916222,-1.50233414906,1.4117387449,0.003091014611,0.001953125,0.00216894972751,0.0030441235873,0.00306935027106,2,0.4990234375,0.5009765625,0.037109375,2,3.4938137951e-06,0.999996485692,1.87873237567e-06,1.39489422642e-06,2.32404383939e-09,1.37401997039e-07,3.49943084524e-10,3.63998334612e-08,1.74645071037e-11,4.35423266934e-08,1.39306055876e-10,-3.47305568315,-2.78046387401,材料1|90|正弦波|53|-16,6944.2952942,near-shape-v1:0.02:B8EDA4AEB20FFE22326121B75EE8DC2A04A925B2F9B9A205B4CEC5E09113D1B9,0.02,0,1,10122.7533221,q4-hgb-amplitude_and_condition-fold-1,10177.0981309,q4-hgb-amplitude_and_condition-full,True,附件一（训练集）.xlsx|材料1|1015,2,1,材料1|正弦波|90|fq2|bq1,0.0053536928618,0.0689172708997,0.10683759986,0.123263615773,True,True,True,True,True,True,True,True,310,1,False,False
附件一（训练集）.xlsx|材料1|1068,附件一（训练集）.xlsx,材料1,1068,C16AEE712BC0AD480B5285F17FA7FA57A5E22A1901D4A6ADB0A1EB83ECFB7FFC,材料1,90,90,316230,163722.3468,正弦波,1,DD19BB1B412AD9CBAFB03F6BF5090AC38D76AE1869C12D3E95DD998D2A27D860,C670E59C61D25C80DDB160F69DF8AF9AD6251D0EFF9FC2B10CEA80AC3AF743BC,12.6642250759,3.80859371818e-11,0.070042989,0.139880491,0.0699402455,0.0494776887054,1.41564795836,0.0494776887054,-0.06918759935,-0.04945564975,9.60305e-05,0.04943183775,0.0690002801,0.000432196,0.000273204083984,0.0003045055,0.000423158,0.00042665735,0.279760982,0.353714005089,-0.49461936324,-0.353556449756,0.000686517907019,0.353386218182,0.493280224917,-0.00294591091564,-1.49957533651,1.41564795913,0.00308975180821,0.001953125,0.00217689756322,0.00302513950998,0.00305015622229,2,0.498046875,0.501953125,0.0341796875,2,1.57203642449e-05,0.999984271156,1.55844686384e-05,3.74771175295e-08,6.83611933821e-10,5.13293160187e-08,3.52093290128e-10,4.17148109894e-08,2.78498047304e-10,3.80110208359e-09,1.17934535459e-11,-2.65864609686,-1.96696685664,材料1|90|正弦波|55|-12,22149.6944115,near-shape-v1:0.02:AEF372BF3788FE838BED297A16E8E8879EC3F2A22635E6DA96036D2815D07E75,0.02,3,2,155815.042961,q4-hgb-amplitude_and_condition-fold-2,165105.80505,q4-hgb-amplitude_and_condition-full,True,附件一（训练集）.xlsx|材料1|1068,3,2,材料1|正弦波|90|fq3|bq2,0.0579164681797,0.0495019939899,0.10683759986,0.123263615773,True,True,True,True,True,True,True,True,300,1,False,False
附件一（训练集）.xlsx|材料1|2889,附件一（训练集）.xlsx,材料1,2889,C16AEE712BC0AD480B5285F17FA7FA57A5E22A1901D4A6ADB0A1EB83ECFB7FFC,材料1,70,70,396820,52886.41894,三角波,2,87561E0A5B1A04F1C5398E39830446D17D40B938AD6669224A3CE987D089BB51,C9D198A861CE007D4CE676E4F552FC694757ED76115BA09A4C9D115230814F6B,12.8912380563,3.90624988952e-11,0.034902426,0.0695616,0.0347808,0.0202921872195,1.71999329705,0.0202921872195,-0.0316753919,-0.0175236655,2.345e-05,0.01756765675,0.0316039982,0.00018575,0.0001358625,0.000114815,0.0001736847,0.0001744579,0.1391232,0.291715360479,-0.455357437711,-0.251915791745,0.000337110718234,0.252548197726,0.454331098781,-0.00333368317326,-1.20051778013,1.71999329897,0.00267029510535,0.001953125,0.00165055145368,0.00249684739856,0.00250796272656,2,0.6015625,0.3984375,0,2,0.0349129150761,0.966122858716,0.0245047174512,0.00423116773535,0.00388406104676,3.95034528364e-06,0.000709622162652,0.000179194246155,6.92588856844e-05,0.000147269409721,9.24036662726e-07,-3.3551989393,-2.66554258804,材料1|70|三角波|55|-15,13849.9806853,near-shape-v1:0.02:97C419089A0A12FDF264D9820AC3B511683041FA5CFAB928F54FB9E91639D089,0.02,2,0,52909.8775936,q4-hgb-amplitude_and_condition-fold-0,50845.9460999,q4-hgb-amplitude_and_condition-full,True,附件一（训练集）.xlsx|材料1|2889,3,1,材料1|三角波|70|fq3|bq1,0.0397888796555,0.00044345995641,0.0995572085612,0.117891287822,True,True,True,True,True,True,False,True,314,1,False,False
附件一（训练集）.xlsx|材料3|2609,附件一（训练集）.xlsx,材料3,2609,C16AEE712BC0AD480B5285F17FA7FA57A5E22A1901D4A6ADB0A1EB83ECFB7FFC,材料3,70,70,396820,2035415.023,三角波,2,6C11292DD4A975AA2AC16C2966B387D497A715CD198CE088B7DA680133E93269,C9EB7C8256ACAB14C56050A93269D99EBB458E97B9C0B620B418010A769E3C81,12.8912380563,-7.81250064641e-12,0.155280948,0.309517186,0.154758593,0.0908389167205,1.70940994902,0.0908389167205,-0.1415684645,-0.0786859295,-3.88615e-05,0.0785840125,0.14178313195,0.000816718,0.000604525753906,0.0005125015,0.0007783116,0.0007814033,0.619034372,0.293485857423,-0.457384826742,-0.254221520004,-0.000125555199987,0.2538922427,0.458078382626,0.00247323831086,-1.20386983988,1.7094099491,0.00263868385001,0.001953125,0.00165580950972,0.00251459897933,0.00252458776231,2,0.3984375,0.6015625,0.0009765625,2,0.0348564541656,0.966196933182,0.0246765733164,0.00410180185328,0.0038370955589,5.89429701704e-06,0.000678284055079,0.000177220946342,6.1695019527e-05,0.000138346904464,1.28716547225e-06,-1.86251923504,-1.17274166013,材料3|70|三角波|55|-9,61618.5857854,near-shape-v1:0.02:00760B9433476E7BEB55097FEF5244B5DC96752F11FE2278C2A4DE884611FF3A,0.02,3,0,1920499.95265,q4-hgb-amplitude_and_condition-fold-0,1951594.65492,q4-hgb-amplitude_and_condition-full,True,附件一（训练集）.xlsx|材料3|2609,3,3,材料3|三角波|70|fq3|bq3,0.0160612576913,0.058114167061,0.0899223710084,0.10470351852,True,True,False,True,False,False,False,True,301,0,False,False
附件一（训练集）.xlsx|材料1|946,附件一（训练集）.xlsx,材料1,946,C16AEE712BC0AD480B5285F17FA7FA57A5E22A1901D4A6ADB0A1EB83ECFB7FFC,材料1,90,90,141260,19124.17456,正弦波,1,AC745A4F8B78073BE349474881464AF24C4E3818663098316AB36B3CDA6FD4A9,CDF1E65D78BE2A32E4C3A045C51EB081CBD8B6DAB20ADD3F723868D2B41040A3,11.858357443,-4.00390623434e-11,0.062068362,0.123987811,0.0619939055,0.0439152839137,1.41336583687,0.0439152839137,-0.06134539135,-0.043911846,7.335e-05,0.04390181475,0.0611933025,0.000381922,0.000242163693359,0.000269728,0.0003765144,0.0003795349,0.247975622,0.354190331771,-0.494769532708,-0.354162603612,0.000591590733375,0.354081699128,0.493542889793,-0.00250228923582,-1.50160521374,1.41336583596,0.00308031891941,0.001953125,0.00217543964866,0.00303670495481,0.00306106622045,2,0.4990234375,0.5009765625,0.0361328125,2,6.23405401682e-06,0.999993752902,5.27920702164e-06,6.7004595211e-07,1.26863810962e-08,2.40081109429e-07,4.1019831268e-09,2.44097304618e-09,1.76947918723e-09,2.24637217261e-08,1.21845071906e-09,-2.77951888846,-2.0875720166,材料1|90|正弦波|51|-13,8767.77681612,near-shape-v1:0.02:AF5ADE007572822BED223DBE1F9A1AF0CA69821BED61CDB959A54B04340125C5,0.02,2,4,20161.6630448,q4-hgb-amplitude_and_condition-fold-4,18021.4699914,q4-hgb-amplitude_and_condition-full,True,附件一（训练集）.xlsx|材料1|946,1,2,材料1|正弦波|90|fq1|bq2,0.112213217723,0.0528270229643,0.10683759986,0.123263615773,False,True,False,True,False,False,True,True,317,0.01261829653,False,False
附件一（训练集）.xlsx|材料2|289,附件一（训练集）.xlsx,材料2,289,C16AEE712BC0AD480B5285F17FA7FA57A5E22A1901D4A6ADB0A1EB83ECFB7FFC,材料2,90,90,79470,415.6131139,正弦波,1,2A2DFF84AC69590A7F20E40E6E1B2F3F9DDA0E85871E9CB944EED0CE7142F26F,CFDF14E52C082F246DB911EE62B930366678A957C9E100B513008EC2814F8F90,11.2831348709,-3.80859371818e-11,0.019044231,0.038042869,0.0190214345,0.0134736377598,1.4134438924,0.0134736377598,-0.0188198016,-0.0134700655,2.355e-05,0.01347796775,0.01877842955,0.000117189,7.43024785156e-05,8.27135e-05,0.0001153429,0.0001162715,0.076085738,0.354169864522,-0.494699849318,-0.354075962618,0.000619039486374,0.354283684232,0.493612340018,-0.00252373170529,-1.50119982176,1.41344388958,0.00308044590433,0.001953125,0.00217421824837,0.00303191907004,0.00305632837523,2,0.4970703125,0.5029296875,0.03515625,2,2.64379453106e-06,0.999997338774,1.82163885788e-06,3.66571383895e-07,3.17353159244e-08,3.88020231315e-07,2.68193101504e-09,1.16255401106e-09,9.98471209851e-10,2.91837359451e-08,1.79501412763e-09,-3.96099105792,-3.26904162354,材料2|90|正弦波|49|-18,1513.44503757,near-shape-v1:0.02:FCF650DB9B87AC6132AFBD0D54DDC6677E35FC9D961C2612E428B8BD93B8EBB1,0.02,3,0,551.323338125,q4-hgb-amplitude_and_condition-fold-0,445.935486697,q4-hgb-amplitude_and_condition-full,True,附件一（训练集）.xlsx|材料2|289,0,0,材料2|正弦波|90|fq0|bq0,0.211719373126,0.281975625533,0.104291900272,0.124780990562,False,False,True,True,True,True,False,True,325,1,False,False
附件一（训练集）.xlsx|材料3|405,附件一（训练集）.xlsx,材料3,405,C16AEE712BC0AD480B5285F17FA7FA57A5E22A1901D4A6ADB0A1EB83ECFB7FFC,材料3,50,50,316230,5685.88,正弦波,1,5A6A48FFF53AE0B17B45C42909D24142E94064506DC9AD74D02AF7D9A02F45E5,D8F3D131A8328FFF2D00578B7C16A89DB8DACF9C84CCB30690DA5856CF31FD06,12.6642250759,-3.90625000003e-08,0.01562,0.03123,0.015615,0.0110678793595,1.4112911329,0.0110678793594,-0.0154385,-0.011065,5e-06,0.01108,0.0154285,0.0001,6.099609375e-05,7e-05,9e-05,0.0001,0.06246,0.354398954832,-0.494347132165,-0.354305505524,0.00016135326609,0.354788314521,0.494029428834,-0.000636457035227,-1.50226956949,1.41128760355,0.00320204931156,0.001953125,0.00224143451809,0.0028818443804,0.00320204931156,2,0.48046875,0.482421875,0.037109375,2,2.69396800321e-06,0.99999721395,9.82194835933e-07,1.30305579826e-06,3.83693036974e-12,2.24287978722e-07,1.60049294218e-10,1.71714354421e-07,9.40804713521e-10,1.1325261e-08,2.77578402472e-10,-4.15920313457,-3.46637610769,材料3|50|正弦波|55|-19,4939.5126,near-shape-v1:0.02:0663241232C93A9CB5B42485755DA963183B0F21DDBAE49FC3D4B6D98D799263,0.02,3,3,5967.52595246,q4-hgb-amplitude_and_condition-fold-3,5615.14959809,q4-hgb-amplitude_and_condition-full,True,附件一（训练集）.xlsx|材料3|405,3,0,材料3|正弦波|50|fq3|bq0,0.0608536835765,0.0483382204358,0.0944761622685,0.110247248982,True,True,False,True,False,False,False,False,335,0.00298507462687,False,False
附件一（训练集）.xlsx|材料1|959,附件一（训练集）.xlsx,材料1,959,C16AEE712BC0AD480B5285F17FA7FA57A5E22A1901D4A6ADB0A1EB83ECFB7FFC,材料1,90,90,158500,1670.793911,正弦波,1,F0D4C58BA4AAE7299A5BAEEF915E6ECBBA22DEA94E48B93E8CD991C0CAC6E76D,DB897DCA124DB311D3BF3BFB641A017BF3E03B4AAC361175C26568A03FD5F957,11.9735098723,-3.32031242778e-11,0.019588072,0.039159269,0.0195796345,0.0138749580478,1.4117572055,0.0138749580478,-0.0193579896,-0.0138890705,8.345e-06,0.0138875715,0.0193455439,0.000121056,7.64829472656e-05,8.494e-05,0.0001191836,0.0001202794,0.078318538,0.354321171005,-0.494339911371,-0.354681556155,0.00021310492806,0.35464327828,0.494022090484,-0.000876782399857,-1.50244939512,1.41175720311,0.00309137537782,0.001953125,0.0021690905415,0.00304356038924,0.00307154354694,2,0.498046875,0.501953125,0.0361328125,2,2.39628684326e-06,0.999997578121,7.16444420113e-07,1.53941796669e-06,1.36351065279e-10,9.95668187486e-08,2.83618687372e-10,2.46332891794e-08,2.4566642829e-10,1.50928477499e-08,4.60061084874e-10,-3.93283446943,-3.2401181285,材料1|90|正弦波|52|-18,3104.709412,near-shape-v1:0.02:4D7005B87275B620047B619626548FCA4C82A6333B2AB2226C1A7947CB20D068,0.02,1,0,1561.86304155,q4-hgb-amplitude_and_condition-fold-0,1510.09983469,q4-hgb-amplitude_and_condition-full,True,附件一（训练集）.xlsx|材料1|959,1,0,材料1|正弦波|90|fq1|bq0,0.0336816691917,0.0673778258621,0.10683759986,0.123263615773,True,True,True,True,False,True,True,True,325,1,False,False
附件一（训练集）.xlsx|材料4|398,附件一（训练集）.xlsx,材料4,398,C16AEE712BC0AD480B5285F17FA7FA57A5E22A1901D4A6ADB0A1EB83ECFB7FFC,材料4,50,50,398100,14369.78568,正弦波,1,479427440BE84F00B4E7A9601B07218CB01156B668E0BD7CBC30E2E695F9B303,DB8ECFF0A28C8E68A043C4BD64BAFADB0F569CCD01C364C05CA6206406B587B9,12.894458509,-1.56250012928e-11,0.017495418,0.03496101,0.017480505,0.0123902477009,1.41203133484,0.0123902477009,-0.01729027025,-0.012385874,1.2255e-05,0.01238401625,0.017266292,0.000108463,6.82832226563e-05,7.5906e-05,0.0001064375,0.0001073653,0.06992202,0.354401880863,-0.494558659329,-0.35427677817,0.000350533798223,0.354223641297,0.493872803321,-0.00161189934676,-1.50250290963,1.41203133357,0.00310239892955,0.001953125,0.00217116153109,0.00304446296031,0.00307100109522,2,0.498046875,0.501953125,0.037109375,2,8.41744138697e-06,0.999991569466,6.5661275405e-06,1.60158068452e-06,5.52852210913e-09,8.41888602805e-08,8.55126640133e-10,1.24419703756e-07,4.35170511749e-11,3.44480381e-08,1.784304795e-10,-4.04581626091,-3.35352183845,材料4|50|正弦波|55|-18,6964.9259058,near-shape-v1:0.02:5A72252F902A29059057CEE7A0DC215B6CCF47A3845A134A05ED40DF79CACDE0,0.02,3,2,13090.328278,q4-hgb-amplitude_and_condition-fold-2,13035.2052282,q4-hgb-amplitude_and_condition-full,True,附件一（训练集）.xlsx|材料4|398,3,0,材料4|正弦波|50|fq3|bq0,0.00421954346159,0.0932473261126,0.108741071783,0.133030600098,True,True,True,True,False,True,False,True,317,1,False,False
附件一（训练集）.xlsx|材料1|669,附件一（训练集）.xlsx,材料1,669,C16AEE712BC0AD480B5285F17FA7FA57A5E22A1901D4A6ADB0A1EB83ECFB7FFC,材料1,70,70,141250,684.4961366,正弦波,1,06B7E6B97B366C19D9872A5CA89DD8535CCF01E077DFD348B46590B6CB20F858,DDC8D57213978B5DD42C4C65A0800CCB12ECCE1CF6BDA993A4933502FF7534C9,11.858286649,-6.83593754519e-11,0.015656917,0.0313083,0.01565415,0.0110791959429,1.41318170386,0.0110791959429,-0.01546965055,-0.01107016875,2.95e-06,0.011064767,0.0154660909,9.64e-05,6.11490234375e-05,6.8112e-05,9.50204e-05,9.577555e-05,0.0626166,0.353874082684,-0.494107009376,-0.353585748241,9.42263987305e-05,0.353413218487,0.493993317055,-0.000401526490459,-1.50028695044,1.41318169769,0.00307905571366,0.001953125,0.00217552533993,0.00303499072131,0.00305911052341,2,0.4990234375,0.5009765625,0.0341796875,2,4.42023394646e-07,0.999999548201,2.92947376879e-07,2.36806487586e-08,8.15109706054e-10,6.0091537899e-08,2.33046970372e-10,5.80104878428e-08,1.80128600805e-11,6.16576883905e-09,6.12051848573e-11,-4.15684247881,-3.46387204087,材料1|70|正弦波|51|-19,2211.53952625,near-shape-v1:0.02:D0D4633164DAECCA5A4320E9F5467F8DC22F6D34B9EB0B17FC10B93B028376AE,0.02,3,1,697.067606388,q4-hgb-amplitude_and_condition-fold-1,688.189940317,q4-hgb-amplitude_and_condition-full,True,附件一（训练集）.xlsx|材料1|669,1,0,材料1|正弦波|70|fq1|bq0,0.012799046988,0.0181730922611,0.10683759986,0.123263615773,True,True,True,True,False,True,True,True,325,1,False,False
附件一（训练集）.xlsx|材料3|959,附件一（训练集）.xlsx,材料3,959,C16AEE712BC0AD480B5285F17FA7FA57A5E22A1901D4A6ADB0A1EB83ECFB7FFC,材料3,70,70,251170,1819.36,正弦波,1,78E1F3005C2372F25A5F99775AAAA2655C46904CDF1963F39EF6C034A6A48991,DEEB8895BFE424E6CF412FB474178BD4A72A4DCEDE1394DBC7A60BA0B1C25BB8,12.4338852797,2.92968749993e-08,0.01241,0.02482,0.01241,0.00878944706936,1.41192044301,0.00878944706932,-0.0122685,-0.0087875,0,0.0087825,0.0122685,8e-05,4.84765625e-05,5e-05,8e-05,8e-05,0.04964,0.354127601503,-0.494300132831,-0.354050334282,-1.18037369054e-06,0.353846523091,0.494297772084,-0.000211399581265,-1.50096646836,1.41192377621,0.00322320709106,0.001953125,0.00201450443191,0.00322320709106,0.00322320709106,2,0.4775390625,0.4775390625,0.044921875,2,9.66832873558e-07,0.999998917633,3.01512844579e-07,2.39437261185e-07,1.06576923332e-08,3.84339627846e-07,1.5203856869e-09,3.7132541111e-11,2.07571691216e-10,2.88019160455e-08,3.17395181922e-10,-4.38925267977,-3.69610549921,材料3|70|正弦波|53|-20,3117.0197,near-shape-v1:0.02:CD080414ECBB0D75784E6CB7D2F444F7D7096CB64839B956F3100D643DF2B70C,0.02,1,1,2024.21316583,q4-hgb-amplitude_and_condition-fold-1,1938.8539002,q4-hgb-amplitude_and_condition-full,True,附件一（训练集）.xlsx|材料3|959,2,0,材料3|正弦波|70|fq2|bq0,0.0430623010308,0.106640678369,0.0944761622685,0.110247248982,True,True,False,True,True,False,True,True,312,0.144230769231,False,False
附件一（训练集）.xlsx|材料1|2893,附件一（训练集）.xlsx,材料1,2893,C16AEE712BC0AD480B5285F17FA7FA57A5E22A1901D4A6ADB0A1EB83ECFB7FFC,材料1,70,70,396820,1163294.243,三角波,2,22EC509F7C2C5BEE8B0B7E32BD11D73ECE5A9567D9BA6CD10C055FBC3EC475B2,E1E13128FC462957234B608F7170BED734494638C67403782B75A1AB744E1246,12.8912380563,4.88281463873e-12,0.138362618,0.276035752,0.138017876,0.0808733951578,1.71085457375,0.0808733951578,-0.12614330885,-0.06995625825,5.7345e-05,0.07005917475,0.1260544512,0.000720874,0.000539132328125,0.0004555925,0.000690016,0.0006915979,0.552071504,0.292981595941,-0.456981778414,-0.253431875212,0.000207744810959,0.25380471275,0.45665987207,-0.0013816960371,-1.20361926967,1.71085457381,0.00261152403186,0.001953125,0.00165048366633,0.00249973416487,0.00250546494427,2,0.6005859375,0.3994140625,0.0009765625,2,0.0344292551117,0.966588928751,0.0241845322409,0.00421506805254,0.00380558526351,2.98318632535e-06,0.000692706458623,0.000169782270251,6.82283715149e-05,0.000139369234877,6.81737523283e-07,-1.97787737344,-1.28722488542,材料1|70|三角波|55|-9,54905.0540748,near-shape-v1:0.02:1B0B04C9E79E76111C5A7FF53E5D7C975365C28173E856AF43EE9D51CC68B475,0.02,4,1,1196110.01183,q4-hgb-amplitude_and_condition-fold-1,1159908.42044,q4-hgb-amplitude_and_condition-full,True,附件一（训练集）.xlsx|材料1|2893,3,3,材料1|三角波|70|fq3|bq3,0.030733554235,0.0278187658735,0.0995572085612,0.117891287822,True,True,True,True,True,True,True,True,308,1,False,False
附件一（训练集）.xlsx|材料3|701,附件一（训练集）.xlsx,材料3,701,C16AEE712BC0AD480B5285F17FA7FA57A5E22A1901D4A6ADB0A1EB83ECFB7FFC,材料3,70,70,199500,1003.572429,正弦波,1,15817C8D4D01B362764E99E9571005109E79205FBD631C949D5B719ED4EB7B8B,E2B41B7BFFBC9326E05D404AB4347FB281AEABC33092322067A06B5EA571914B,12.2035695153,-5.66406244823e-11,0.012366738,0.024726538,0.012363269,0.00876239134903,1.41134280671,0.00876239134903,-0.0122170404,-0.00877137875,-3.338e-06,0.0087702175,0.01222321155,7.6534e-05,4.82940195312e-05,5.3468e-05,7.52782e-05,7.58941e-05,0.049453076,0.354371944387,-0.494086165373,-0.354735413965,-0.000134994367565,0.354688454835,0.494335745936,0.000573072020318,-1.50244957911,1.41134281317,0.00309521696891,0.001953125,0.00216237307463,0.00304442943044,0.00306933789114,2,0.5009765625,0.4990234375,0.0361328125,2,2.27157972038e-06,0.999997706106,5.3291238802e-07,1.51532545121e-06,1.70507234636e-09,1.62577310558e-07,6.18216566077e-10,2.04259236229e-08,1.44090567223e-10,3.72868224714e-08,5.792342525e-10,-4.39274482986,-3.69987819916,材料3|70|正弦波|52|-20,2467.164231,near-shape-v1:0.02:0AA76756FEB582B0E2A75916EA272F02561881226FC28C3741FD79A6ADBBD031,0.02,0,2,1046.28028281,q4-hgb-amplitude_and_condition-fold-2,1056.25535496,q4-hgb-amplitude_and_condition-full,True,附件一（训练集）.xlsx|材料3|701,2,0,材料3|正弦波|70|fq2|bq0,0.00947966541493,0.041634589729,0.0944761622685,0.110247248982,True,True,True,True,True,True,True,True,322,1,False,False
附件一（训练集）.xlsx|材料1|3162,附件一（训练集）.xlsx,材料1,3162,C16AEE712BC0AD480B5285F17FA7FA57A5E22A1901D4A6ADB0A1EB83ECFB7FFC,材料1,90,90,396820,176224.4706,三角波,2,2ACABF359038BEEAEB7D6693643BBED584977F3F638CA533522EB431A5AD8643,E3B284B8CE0296DA50AA611E197392FD95AE5CCD3164E427E3C96AA64CE0C831,12.8912380563,-3.61328128876e-11,0.061914659,0.123491939,0.0617459695,0.0360896227129,1.71558066685,0.0360896227129,-0.0562992108,-0.031242652,2.17e-05,0.0312268425,0.0561895293,0.000327082,0.000241195193359,0.000203431,0.000308225,0.0003095041,0.246983878,0.292242740742,-0.455893811529,-0.252993452179,0.00017572026408,0.252865432262,0.455005644831,-0.0018429633762,-1.20200061337,1.71558066585,0.00264861012507,0.001953125,0.00164732209768,0.00249591189916,0.00250626966024,2,0.6015625,0.3984375,0,2,0.0346713751271,0.966354388812,0.0243399240393,0.00422202989033,0.0038484180669,3.51442408747e-06,0.000702136485628,0.000175155540651,6.89736373168e-05,0.000143850785381,8.32650599653e-07,-2.78199830988,-2.0915793963,材料1|90|三角波|55|-13,24568.9749844,near-shape-v1:0.02:8188412DB8D04F2BAA79712BE2708235391769123590D6C5528ABFA255EF7212,0.02,4,4,186958.046917,q4-hgb-amplitude_and_condition-fold-4,178932.821333,q4-hgb-amplitude_and_condition-full,True,附件一（训练集）.xlsx|材料1|3162,3,2,材料1|三角波|90|fq3|bq2,0.0438735681701,0.0591253343206,0.0995572085612,0.117891287822,True,True,True,True,True,True,False,True,313,1,False,False
附件一（训练集）.xlsx|材料2|2732,附件一（训练集）.xlsx,材料2,2732,C16AEE712BC0AD480B5285F17FA7FA57A5E22A1901D4A6ADB0A1EB83ECFB7FFC,材料2,70,70,316450,17480.49056,梯形波,3,6F65099F30AB115E0C246BB205D36538EE90822792FDFCAFDA6DF8D72E4E9CEE,E3FF8B70367390D951B64376221FD2773653FBBCA77E4C8C18714886062D9281,12.6649205302,-7.46093751017e-11,0.024777566,0.049501296,0.024750648,0.0162798591963,1.5219766769,0.0162798591963,-0.02377917775,-0.01496259675,-3.05442e-05,0.01491914275,0.0238774853,0.000155451,9.668221875e-05,9.74e-05,0.0001469537,0.00014747455,0.099002592,0.328877433761,-0.480374850699,-0.302266766417,-0.000617036883047,0.301388933829,0.482360812828,0.00498616121929,-1.35156185869,1.52197667231,0.00314034202256,0.001953125,0.00196762525167,0.00296868389062,0.00297920583736,2,0.4951171875,0.5048828125,0.00390625,2,0.0198931041197,0.980399287955,0.0171275397399,0.00163971043352,0.000350794871828,8.20705368073e-08,9.69433898253e-05,7.04650293825e-05,6.44287248207e-05,0.000153083785308,1.37069021745e-07,-3.69781663198,-3.00575642793,材料2|70|梯形波|55|-17,7840.8607607,near-shape-v1:0.02:01B63A3BFE4A9FB97F6B29994E6FF830FDECA456E95512F02697196E58DF2193,0.02,4,2,16683.7846381,q4-hgb-amplitude_and_condition-fold-2,16905.2751843,q4-hgb-amplitude_and_condition-full,True,附件一（训练集）.xlsx|材料2|2732,3,0,材料2|梯形波|70|fq3|bq0,0.0131876610857,0.0466454342988,0.0906033358119,0.0977840223182,True,True,False,True,False,False,False,False,312,0.423076923077,False,False
附件一（训练集）.xlsx|材料1|682,附件一（训练集）.xlsx,材料1,682,C16AEE712BC0AD480B5285F17FA7FA57A5E22A1901D4A6ADB0A1EB83ECFB7FFC,材料1,70,70,158510,684.0462375,正弦波,1,0A21FE950D6DBC65DC5DECEFB682E7634942CF7535AF239BEFF3C039107B6601,E4D4FD42B53648A7C8C29AF4C30FF63C866F7B66B38E58790439506DAE3A45A5,11.9735729618,-3.51562494394e-11,0.013960026,0.027910559,0.0139552795,0.00987645232084,1.41346563994,0.00987645232084,-0.0137947932,-0.009863094,4.2e-06,0.009870323,0.01378263925,8.5921e-05,5.45128105469e-05,6.07575e-05,8.45415e-05,8.53704e-05,0.055821118,0.353860785119,-0.494249977754,-0.353382172132,0.000150481943276,0.353641180571,0.493814519629,-0.000695202051934,-1.500211297,1.41346563638,0.00307844067186,0.001953125,0.00217686431863,0.00302901493302,0.00305871337081,2,0.4990234375,0.5009765625,0.03515625,2,5.17277534589e-07,0.99999947188,3.67414570594e-07,1.18564959781e-08,4.73037501452e-10,7.87180456897e-08,5.28946360549e-10,5.41695607898e-08,3.03145458163e-12,4.02745177943e-09,8.61212561286e-11,-4.27155731919,-3.57875020297,材料1|70|正弦波|52|-19,2212.80372126,near-shape-v1:0.02:305616E8A3C37EE94F93CDD1444CF75A0E93FA3BEEEA1F997EB50E1CB2488549,0.02,0,3,825.295326205,q4-hgb-amplitude_and_condition-fold-3,764.360127956,q4-hgb-amplitude_and_condition-full,True,附件一（训练集）.xlsx|材料1|682,1,0,材料1|正弦波|70|fq1|bq0,0.0766057688441,0.187465911414,0.10683759986,0.123263615773,True,False,False,True,True,False,True,True,311,0.138263665595,False,False
附件一（训练集）.xlsx|材料1|3168,附件一（训练集）.xlsx,材料1,3168,C16AEE712BC0AD480B5285F17FA7FA57A5E22A1901D4A6ADB0A1EB83ECFB7FFC,材料1,90,90,396820,1969353.105,三角波,2,09B620F893107E237CF4539698A6D614A0EE1AAFC22C6EEC1C2B12B3750AC341,E641E5F16713ED193F0B7A411948299C821B70DEFFF773BFFE79C518C62D505E,12.8912380563,-2.9296877424e-12,0.173500588,0.345994725,0.1729973625,0.101429228774,1.71055809157,0.101429228774,-0.15827751175,-0.087808061,4.7925e-05,0.08786849525,0.15798440605,0.000909389,0.000675770947266,0.0005726415,0.0008662608,0.00086990935,0.69198945,0.293152529345,-0.457456430144,-0.253784392225,0.000138513680894,0.253959060367,0.456609290945,-0.00187090744714,-1.20333940025,1.71055809154,0.00262833197818,0.001953125,0.00165505846946,0.00250368210093,0.0025142272039,2,0.6015625,0.3984375,0.0009765625,2,0.0344634990349,0.966559795824,0.0241992788872,0.00422815751272,0.00381253273041,3.00380163004e-06,0.000692910029243,0.000168466752721,6.77082276115e-05,0.000138334825502,6.39823515347e-07,-1.75157429055,-1.06133174971,材料1|90|三角波|55|-8,68848.5033302,near-shape-v1:0.02:89B17ECBBD02841ACF30689F5139FB7C6C97902B7413BB83A39AFF001BA0332C,0.02,4,1,1881456.5643,q4-hgb-amplitude_and_condition-fold-1,2066455.8389,q4-hgb-amplitude_and_condition-full,True,附件一（训练集）.xlsx|材料1|3168,3,3,材料1|三角波|90|fq3|bq3,0.0937886920524,0.0456588468965,0.0995572085612,0.117891287822,True,True,True,True,True,True,True,True,315,1,False,False
附件一（训练集）.xlsx|材料1|729,附件一（训练集）.xlsx,材料1,729,C16AEE712BC0AD480B5285F17FA7FA57A5E22A1901D4A6ADB0A1EB83ECFB7FFC,材料1,70,70,199500,19695.67725,正弦波,1,10ECE045483C67C848C0925DDB97EBF20E55062200CC497953DD2C0310785320,E6D77823250FC82B05E4EF07B61E4CB60A873041836E38397A256912E92829E9,12.2035695153,1.9531251616e-12,0.043997894,0.087936029,0.0439680145,0.0311443462373,1.41270886423,0.0311443462373,-0.04347618475,-0.0311627395,2.8898e-05,0.0311636265,0.0434174049,0.000270593,0.000171750056641,0.000191198,0.0002672096,0.0002690846,0.175872058,0.354170487245,-0.494406959768,-0.354379653668,0.000328625233314,0.354389740502,0.493738520966,-0.0014345679459,-1.50159837672,1.41270886429,0.00307715737312,0.001953125,0.0021742851272,0.0030386816762,0.00306000399449,2,0.4990234375,0.5009765625,0.03515625,2,3.20733003201e-06,0.999996778755,2.29222125148e-06,6.50733013653e-07,1.09871281585e-08,2.21089882198e-07,8.50980991752e-09,1.30559001903e-09,1.07795356545e-10,2.14680372291e-08,8.97192394261e-10,-3.12361350985,-2.43114567204,材料1|70|正弦波|52|-14,8777.579853,near-shape-v1:0.02:22AFF715BA6FF0793192C92D28FD57DEED36CB412EBC0B9D630A4C6F51964056,0.02,4,2,18540.8410857,q4-hgb-amplitude_and_condition-fold-2,19239.8054384,q4-hgb-amplitude_and_condition-full,True,附件一（训练集）.xlsx|材料1|729,2,1,材料1|正弦波|70|fq2|bq1,0.0370034484208,0.060420095362,0.10683759986,0.123263615773,True,True,False,True,False,False,True,True,289,0.335640138408,False,False
附件一（训练集）.xlsx|材料3|2611,附件一（训练集）.xlsx,材料3,2611,C16AEE712BC0AD480B5285F17FA7FA57A5E22A1901D4A6ADB0A1EB83ECFB7FFC,材料3,70,70,499970,1860727.877,三角波,2,35061E32A2E83958B58A6247B01357F82905652DF8173A4E30733171B99D0FEF,E8A6DD3E91586257913CFDFA6A68FF3A3E6BC021A5C54A30C1B07552A566BF00,13.1223033756,-4.88281116928e-12,0.123069628,0.245325557,0.1226627785,0.0722350047497,1.7037394602,0.0722350047497,-0.1125759243,-0.062568983,-4.02015e-05,0.06253087375,0.1127501947,0.000644912,0.000479151478516,0.0004092575,0.000614138,0.00061741925,0.490651114,0.294445493706,-0.458883801883,-0.255044699624,-0.000163869984069,0.254889358123,0.459594165743,0.00172195873771,-1.20582579709,1.70373946027,0.00262880071643,0.001953125,0.00166822203526,0.00250335924031,0.00251673432459,2,0.40234375,0.59765625,0.001953125,2,0.0334421883793,0.967530223162,0.0232305435713,0.00441440842724,0.00368558907657,1.79039202939e-07,0.000685569089993,0.000143140585098,7.428673065e-05,0.000122584600967,2.6864644918e-08,-2.09500500247,-1.40516914643,材料3|70|三角波|56|-10,61531.1219112,near-shape-v1:0.02:89E5C74A85D7BE34886109B752C480816714F543B884A74AD4F44DBC8B10A920,0.02,1,1,1762554.67403,q4-hgb-amplitude_and_condition-fold-1,1809020.32095,q4-hgb-amplitude_and_condition-full,True,附件一（训练集）.xlsx|材料3|2611,3,3,材料3|三角波|70|fq3|bq3,0.0260211490782,0.0542034370117,0.0899223710084,0.10470351852,True,True,True,True,True,True,False,True,330,1,False,False
附件一（训练集）.xlsx|材料1|982,附件一（训练集）.xlsx,材料1,982,C16AEE712BC0AD480B5285F17FA7FA57A5E22A1901D4A6ADB0A1EB83ECFB7FFC,材料1,90,90,177820,4757.597689,正弦波,1,6BF59DC6AB39F836AD79FD4884F450DFB98BF861B6F154875C9AE2C3E6BB62F0,E965B45343BA16FFE4A33B6782604FA60EC6F22BA5EB65A98C921BCD2A61C3C4,12.0885270817,1.07421849194e-11,0.027606969,0.055184275,0.0275921375,0.0195688440869,1.41076135501,0.0195688440869,-0.02729709585,-0.0195765655,1.88e-05,0.01960198725,0.0272679251,0.000170939,0.000107781787109,0.0001204215,0.0001676648,0.00016926455,0.11036855,0.354609063666,-0.494653519698,-0.354748984394,0.000340676565159,0.355209654186,0.494124913107,-0.00116330813144,-1.50219230804,1.41076135556,0.00309760343866,0.001953125,0.00218217055493,0.00303827131914,0.00306726055566,2,0.4990234375,0.5009765625,0.0380859375,2,3.99562943682e-06,0.999995955747,1.7101022132e-06,1.23333513594e-06,2.47539521236e-09,9.27734580461e-07,2.59444351137e-09,1.14289552576e-07,4.68287719496e-10,4.51362151435e-09,1.00047352651e-10,-3.58968703813,-2.89707723947,材料1|90|正弦波|52|-16,4909.07122758,near-shape-v1:0.02:CC671B8300673499F519A1E524CDFC7E0865DB336BBC82E897BAB86B4A765C3C,0.02,4,2,4301.6414873,q4-hgb-amplitude_and_condition-fold-2,4215.10275812,q4-hgb-amplitude_and_condition-full,True,附件一（训练集）.xlsx|材料1|982,2,1,材料1|正弦波|90|fq2|bq1,0.0203179491568,0.100723888221,0.10683759986,0.123263615773,True,True,True,True,False,True,True,True,314,1,False,False
附件一（训练集）.xlsx|材料1|2891,附件一（训练集）.xlsx,材料1,2891,C16AEE712BC0AD480B5285F17FA7FA57A5E22A1901D4A6ADB0A1EB83ECFB7FFC,材料1,70,70,396820,519309.1391,三角波,2,0ACC776ED237528F13A235A757430CA21C4F413930AFBCC0FC16D5CB460D1828,EA6D7A3797FD8A3CFDEFA1A1D8B37E15B28ED0F0FB112FBB21670AEBFB41A100,12.8912380563,1.95312342688e-12,0.097860711,0.195243485,0.0976217425,0.0571553047131,1.71218947202,0.0571553047131,-0.089108556,-0.049445757,2.244e-05,0.04949927625,0.08905668665,0.000511744,0.000381334931641,0.0003219225,0.0004880068,0.0004888476,0.39048697,0.292738601306,-0.456397077741,-0.253251764083,0.000114933402499,0.253525879483,0.456131412774,-0.00159365364273,-1.20292104868,1.71218947206,0.00262105544777,0.001953125,0.00164882582382,0.00249947802356,0.00250378444126,2,0.6005859375,0.3994140625,0.001953125,2,0.0346234287432,0.966404881091,0.0243552796706,0.00420074020871,0.00382519405637,3.56810105939e-06,0.000693385537712,0.000172873286081,6.7339815712e-05,0.000141026475142,8.43386174658e-07,-2.32421012767,-1.6335078583,材料1|70|三角波|55|-11,38833.087339,near-shape-v1:0.02:1B0B04C9E79E76111C5A7FF53E5D7C975365C28173E856AF43EE9D51CC68B475,0.02,4,3,542650.525478,q4-hgb-amplitude_and_condition-fold-3,536899.276774,q4-hgb-amplitude_and_condition-full,True,附件一（训练集）.xlsx|材料1|2891,3,2,材料1|三角波|70|fq3|bq2,0.0106549831196,0.0439660808399,0.0995572085612,0.117891287822,True,True,True,True,True,True,False,True,325,1,False,False
附件一（训练集）.xlsx|材料1|2869,附件一（训练集）.xlsx,材料1,2869,C16AEE712BC0AD480B5285F17FA7FA57A5E22A1901D4A6ADB0A1EB83ECFB7FFC,材料1,70,70,354610,2766294.227,三角波,2,3074F1131A978F36CF962E376C1F6C2597CCF6752583EAB19FD52EC0D00F4AE7,EAEC62EB52590EB862B17FA0E24C77CA9A8B35BF261447C942C1B1FD4996C278,12.778773873,-2.63671827427e-11,0.218857279,0.436308131,0.2181540655,0.127781991155,1.7127396202,0.127781991155,-0.19914695965,-0.1105422945,-0.0001276475,0.1106143515,0.19931901275,0.00114922,0.000852164318359,0.000721316,0.0010934381,0.00109590295,0.872616262,0.292870982859,-0.456436507766,-0.253358318627,-0.00029256267432,0.253523470381,0.456830846401,0.00261260209181,-1.20309379036,1.71273962041,0.00263396420637,0.001953125,0.00165322612335,0.00250611442307,0.00251176375624,2,0.3984375,0.6015625,0.0009765625,2,0.034795707254,0.966245544394,0.0245578311846,0.00414539227484,0.00383810627252,5.0137739973e-06,0.00068917157358,0.00017760843069,6.52545551476e-05,0.000141693885305,1.12514750819e-06,-1.51933545567,-0.829406562767,材料1|70|三角波|55|-7,77608.9797062,near-shape-v1:0.02:3C03F274D569F93086DDCD32B0E345ADFFA4922B7C787D9FB2AF0D3F25B2F725,0.02,1,0,2747961.76319,q4-hgb-amplitude_and_condition-fold-0,2711759.61216,q4-hgb-amplitude_and_condition-full,True,附件一（训练集）.xlsx|材料1|2869,3,3,材料1|三角波|70|fq3|bq3,0.0132617274256,0.006649138065,0.0995572085612,0.117891287822,True,True,True,True,True,True,True,True,295,1,False,False
附件一（训练集）.xlsx|材料1|3146,附件一（训练集）.xlsx,材料1,3146,C16AEE712BC0AD480B5285F17FA7FA57A5E22A1901D4A6ADB0A1EB83ECFB7FFC,材料1,90,90,396820,229195.7748,三角波,2,77AA0CD71C965575A3D4CED346CC833293920F1832217C2D361C22EFBE86AB12,EB00E57A628155662744F44ADB274A43055F8B45C64F2AE56008461DBB479D84,12.8912380563,7.03124997462e-11,0.069570321,0.138750585,0.0693752925,0.0405692501247,1.71485351063,0.0405692501247,-0.06324076565,-0.035117116,-4.13e-05,0.0351328005,0.063280837,0.000365976,0.000270997236328,0.0002285335,0.0003469228,0.00034825965,0.27750117,0.292389759111,-0.455787380791,-0.253095264934,-0.000297656909429,0.253208304885,0.456076181082,0.0017303613963,-1.20249714369,1.7148535089,0.00263765374395,0.001953125,0.00164708134384,0.00250033396256,0.00250996887689,2,0.3984375,0.6015625,0,2,0.0348161149704,0.966221336669,0.0245366495928,0.00415676379682,0.00385647727128,4.81717607048e-06,0.000695338888639,0.000178618436831,6.5780092658e-05,0.000144531403415,1.09648577666e-06,-2.665417225,-1.97507731015,材料1|90|三角波|55|-12,27606.8947792,near-shape-v1:0.02:3C03F274D569F93086DDCD32B0E345ADFFA4922B7C787D9FB2AF0D3F25B2F725,0.02,1,4,230905.509578,q4-hgb-amplitude_and_condition-fold-4,238547.253481,q4-hgb-amplitude_and_condition-full,True,附件一（训练集）.xlsx|材料1|3146,3,2,材料1|三角波|90|fq3|bq2,0.0325587023806,0.00743199497046,0.0995572085612,0.117891287822,True,True,True,True,True,True,False,True,332,1,False,False
附件一（训练集）.xlsx|材料2|710,附件一（训练集）.xlsx,材料2,710,C16AEE712BC0AD480B5285F17FA7FA57A5E22A1901D4A6ADB0A1EB83ECFB7FFC,材料2,70,70,99950,466.5996296,正弦波,1,FAA37E64A011287A73BB03F40FC13B6E7203EB227F2BCA7307FFF4419282B96F,EE3E7F6DB07B66B2929A48444FE97C9087FB643C6A2DA49ACBA7835B9E3CC360,11.5124253399,4.39453126666e-11,0.015647061,0.031288541,0.0156442705,0.0110777224498,1.41247996336,0.0110777224498,-0.0154657671,-0.011085931,1.1695e-05,0.011071138,0.0154590655,9.67e-05,6.11104316406e-05,6.8115e-05,9.46321e-05,9.53663e-05,0.062577082,0.354050463708,-0.494294928739,-0.35431281516,0.000373777609339,0.353840019452,0.49408073889,-0.00107034339668,-1.5002027231,1.41247996733,0.00309058834031,0.001953125,0.00217699508584,0.00302449705149,0.00304796251126,2,0.498046875,0.501953125,0.0361328125,2,1.80253157542e-06,0.999998167758,1.11772219054e-06,4.10436641439e-08,6.48931721288e-08,5.37962952414e-07,7.21085773061e-09,6.72268752688e-09,9.56330379507e-09,1.10779672007e-08,6.33147726705e-09,-4.15747217516,-3.4645033507,材料2|70|正弦波|49|-19,1563.92374695,near-shape-v1:0.02:4D7005B87275B620047B619626548FCA4C82A6333B2AB2226C1A7947CB20D068,0.02,1,0,641.939183618,q4-hgb-amplitude_and_condition-fold-0,534.978486238,q4-hgb-amplitude_and_condition-full,True,附件一（训练集）.xlsx|材料2|710,1,0,材料2|正弦波|70|fq1|bq0,0.181956114872,0.318437700054,0.104291900272,0.124780990562,False,False,True,True,True,True,True,True,329,1,False,False
附件一（训练集）.xlsx|材料1|3167,附件一（训练集）.xlsx,材料1,3167,C16AEE712BC0AD480B5285F17FA7FA57A5E22A1901D4A6ADB0A1EB83ECFB7FFC,材料1,90,90,396820,1469726.296,三角波,2,6A39522FE748BC693E17882E9A8629C23EE86BBA87F1505C1B323D7FFA9BFC33,EEB718232BE115628A865EC5292D01492DB32CDEB15DC3569A374B995ABFBB19,12.8912380563,-7.81250064641e-12,0.154211759,0.30746596,0.15373298,0.0900805235312,1.71193231294,0.0900805235312,-0.14057933475,-0.07794712575,5.3194e-05,0.078025195,0.14031806105,0.000813691,0.000600519453125,0.0005087525,0.0007695652,0.00077199005,0.61493192,0.292977224312,-0.457219182059,-0.253514651645,0.000173007795115,0.253768563544,0.456369417472,-0.00238831264525,-1.20287074068,1.71193231286,0.00264644255253,0.001953125,0.00165466284463,0.00250292812902,0.00251081469311,2,0.6015625,0.3984375,0.0009765625,2,0.0345353088617,0.966490249242,0.0242529076529,0.00423858586328,0.00381048092471,2.78048623984e-06,0.000695562033474,0.000169482518328,6.83368943641e-05,0.000139252769862,6.5012625289e-07,-1.86942856265,-1.17939089705,材料1|90|三角波|55|-9,61194.3102064,near-shape-v1:0.02:89B17ECBBD02841ACF30689F5139FB7C6C97902B7413BB83A39AFF001BA0332C,0.02,4,4,1524896.92616,q4-hgb-amplitude_and_condition-fold-4,1469764.64781,q4-hgb-amplitude_and_condition-full,True,附件一（训练集）.xlsx|材料1|3167,3,3,材料1|三角波|90|fq3|bq3,0.0368245093307,0.0368506034978,0.0995572085612,0.117891287822,True,True,True,True,True,True,True,True,310,1,False,False
附件一（训练集）.xlsx|材料1|930,附件一（训练集）.xlsx,材料1,930,C16AEE712BC0AD480B5285F17FA7FA57A5E22A1901D4A6ADB0A1EB83ECFB7FFC,材料1,90,90,125860,3584.043542,正弦波,1,DE4877DCCC2ECCA24929C423D9DB82F154EE59ACD248A2BD60607148FF100FE2,F01E57A170B1D2E9064D9CABEED1BC1F1159B995E3EB8432041BE3D4154D10F1,11.7429254571,-2.73437505277e-11,0.035217209,0.070397359,0.0351986795,0.0249108790707,1.41372807037,0.0249108790707,-0.03478997105,-0.02489076075,1.53e-05,0.024911546,0.03475913595,0.000217144,0.000137494841797,0.0001533685,0.000213384,0.0002152815,0.140794718,0.353860988886,-0.494194264058,-0.353575206176,0.000217338087126,0.353870463057,0.493756249824,-0.000997185664944,-1.50029916871,1.41372806928,0.00308454753253,0.001953125,0.00217861155843,0.00303113643795,0.00305809057411,2,0.4990234375,0.5009765625,0.0341796875,2,2.3826423134e-06,0.999997604987,2.23613227905e-06,2.96949810371e-08,1.84656884897e-11,5.61880039577e-08,1.47510944932e-09,5.60844459765e-08,4.81084309467e-10,2.55386698424e-09,8.3704820314e-12,-3.3462204238,-2.65359953073,材料1|90|正弦波|50|-15,4432.43792474,near-shape-v1:0.02:E0933306E6D09153300D162DB057182F3F8DD833591CF0446082D025757DD6BB,0.02,4,1,3801.35457238,q4-hgb-amplitude_and_condition-fold-1,3497.04003602,q4-hgb-amplitude_and_condition-full,True,附件一（训练集）.xlsx|材料1|930,1,1,材料1|正弦波|90|fq1|bq1,0.083417677221,0.0588498795705,0.10683759986,0.123263615773,True,True,True,True,True,True,True,True,312,1,False,False
附件一（训练集）.xlsx|材料1|1049,附件一（训练集）.xlsx,材料1,1049,C16AEE712BC0AD480B5285F17FA7FA57A5E22A1901D4A6ADB0A1EB83ECFB7FFC,材料1,90,90,281860,42962.83211,正弦波,1,7BCB34DBBE9C4EF7A7842AD660DFA4A7927543A29AFC43D5DEDCEBE31FEFC749,F141B2C763D585AB98B2D158A2C46EF997AA65C07D4C918CE445D644C75D5382,12.5491657727,-5.85937721953e-12,0.044160952,0.088241701,0.0441208505,0.0312749054625,1.41202511557,0.0312749054625,-0.0436497912,-0.031306863,4.45405e-05,0.0312959025,0.04358211785,0.000273725,0.000172347072266,0.000191231,0.000268701,0.00027084165,0.176483402,0.354423193434,-0.494661715487,-0.354785352496,0.000504755748752,0.354661142648,0.493894806673,-0.00190305951379,-1.50252925151,1.41202511538,0.00310199142693,0.001953125,0.00216712730866,0.00304505689436,0.00306931583288,2,0.498046875,0.501953125,0.0380859375,2,7.92169541077e-06,0.999992062843,6.00566117405e-06,1.64831939249e-06,2.93918341728e-09,9.57577995209e-08,8.22321921686e-10,1.19823093691e-07,6.76508362564e-10,4.70864678058e-08,5.46593774793e-10,-3.11991431927,-2.42767562725,材料1|90|正弦波|54|-14,12447.2059307,near-shape-v1:0.02:996AD645FCB83C71A309B1ECB8CE49B439ABE23826125FF526451F78DE70947B,0.02,2,4,46626.3441363,q4-hgb-amplitude_and_condition-fold-4,41317.2987817,q4-hgb-amplitude_and_condition-full,True,附件一（训练集）.xlsx|材料1|1049,3,1,材料1|正弦波|90|fq3|bq1,0.120881681467,0.0818285050439,0.10683759986,0.123263615773,False,True,False,True,True,False,False,True,312,0.128205128205,False,False
附件一（训练集）.xlsx|材料2|223,附件一（训练集）.xlsx,材料2,223,C16AEE712BC0AD480B5285F17FA7FA57A5E22A1901D4A6ADB0A1EB83ECFB7FFC,材料2,70,70,158500,819.0847142,正弦波,1,02403F0C54DA70795695AC033682C8404721433B8A65B47D408B15CE336A6A3A,F795999B232A0623E9880E3C677EF1B987802D250284F85A1F8108DE8AA6E753,11.9735098723,-7.71484369444e-11,0.014495782,0.028981115,0.0144905575,0.0102544545357,1.41360829575,0.0102544545357,-0.01432233225,-0.01024550475,5.8e-06,0.01025404425,0.01430803385,8.924e-05,5.66037402344e-05,6.2823e-05,8.78303e-05,8.869985e-05,0.05796223,0.353832298574,-0.49419534662,-0.35352348151,0.000200132988273,0.353818144235,0.493701982382,-0.000802483790987,-1.50049365056,1.41360828822,0.00307924660594,0.001953125,0.00216772198033,0.00303060458509,0.00306060860667,2,0.4990234375,0.5009765625,0.0341796875,2,6.53031864889e-07,0.999999341292,5.26176184658e-07,7.06606354914e-08,1.43629887861e-09,2.77072286128e-08,6.60391909547e-10,6.99243315416e-09,5.41675388099e-11,1.83035092108e-08,1.04058527758e-09,-4.23389756843,-3.54111086802,材料2|70|正弦波|52|-19,2297.581447,near-shape-v1:0.02:1169EA07786B327B877E4F28E86F502E35A338478FE2DF5713193EAEDB85B7DB,0.02,1,3,893.489866973,q4-hgb-amplitude_and_condition-fold-3,847.664656343,q4-hgb-amplitude_and_condition-full,True,附件一（训练集）.xlsx|材料2|223,1,0,材料2|正弦波|70|fq1|bq0,0.0525894530942,0.086845929816,0.104291900272,0.124780990562,True,True,False,True,True,False,True,True,312,0,False,False
附件一（训练集）.xlsx|材料1|486,附件一（训练集）.xlsx,材料1,486,C16AEE712BC0AD480B5285F17FA7FA57A5E22A1901D4A6ADB0A1EB83ECFB7FFC,材料1,50,50,223850,1404.881552,正弦波,1,C8CDE74FB7AA7FA9506D349256DCB3989CE0D919714DC8A8CE502D53E8078C6C,F8002BC11D1D1CA087EB1AE51ECE95D36965301FEE2CA85F1DDB323E24845C9D,12.3187314637,-1.48437500139e-10,0.013016862,0.026032128,0.013016064,0.00922491509673,1.41105493801,0.00922491509673,-0.0128673074,-0.00923043975,2.15e-06,0.00923660425,0.01286366825,8.0602e-05,5.0844e-05,5.64505e-05,7.93309e-05,8.00042e-05,0.052064256,0.354366538791,-0.49428564778,-0.354578757509,8.25959536424e-05,0.354815572451,0.494145864619,-0.000177683728977,-1.5025216593,1.41105492192,0.00309625090965,0.001953125,0.0021684934862,0.00304742278465,0.00307328697831,2,0.4990234375,0.5009765625,0.037109375,2,2.20900463704e-06,0.999997761121,4.30104189809e-07,1.60646536336e-06,2.4947161098e-09,1.06089303631e-07,1.31315364062e-09,4.00689791452e-08,1.08541531214e-10,2.19076045412e-08,4.47839573243e-10,-4.34150968508,-3.64842381149,材料1|50|正弦波|53|-19,2913.8245587,near-shape-v1:0.02:01CB4AD90FB2D86895091A9AB9C46C674F7AE681624B81C2845F9F847152051F,0.02,1,1,1523.30156248,q4-hgb-amplitude_and_condition-fold-1,1434.02315772,q4-hgb-amplitude_and_condition-full,True,附件一（训练集）.xlsx|材料1|486,2,0,材料1|正弦波|50|fq2|bq0,0.0603553264674,0.0808717681587,0.10683759986,0.123263615773,True,True,False,True,True,False,True,True,308,0.0519480519481,False,False
附件一（训练集）.xlsx|材料3|1718,附件一（训练集）.xlsx,材料3,1718,C16AEE712BC0AD480B5285F17FA7FA57A5E22A1901D4A6ADB0A1EB83ECFB7FFC,材料3,70,70,199160,5775.340157,三角波,2,3DD18006C953CF8E8B757D44B2404734EEFD8ACF1BD04CE996CC3947F142B7AC,FC638F9EAC1D9FC15E193209F8792AE7E46680537F3ECEE27F777FCBBAF80EB1,12.2018638008,1.01562500163e-10,0.024762684,0.049385886,0.024692943,0.0143519394959,1.72538938079,0.0143519394959,-0.0223132377,-0.01242522125,-3.5805e-05,0.012401923,0.02240138695,0.000130024,9.64568085938e-05,8.19295e-05,0.0001228711,0.0001235384,0.098771772,0.290608120222,-0.451814062859,-0.251594582136,-0.000725006767369,0.251122818743,0.453598966483,0.004929161886,-1.19852888542,1.72538937371,0.00263281699553,0.001953125,0.00165896588349,0.00248798006783,0.00250149202547,2,0.3994140625,0.6005859375,0,2,0.0347006812992,0.966304806076,0.024133060973,0.00438629343003,0.0038744453358,1.51379380914e-06,0.000732498059584,0.000172925465123,7.87806853188e-05,0.000151532354077,3.85016801283e-07,-3.69841743639,-3.00809060411,材料3|70|三角波|52|-17,4931.73614544,near-shape-v1:0.02:984E5EF0883F359FB575A5C53BE5D216ED79E92B35CBFA5DDB94623EE0E271C8,0.02,4,0,5822.02869321,q4-hgb-amplitude_and_condition-fold-0,5399.75503437,q4-hgb-amplitude_and_condition-full,True,附件一（训练集）.xlsx|材料3|1718,2,0,材料3|三角波|70|fq2|bq0,0.0752817554319,0.00805022910381,0.0899223710084,0.10470351852,True,True,False,True,False,False,False,False,303,0,False,False
附件一（训练集）.xlsx|材料2|2013,附件一（训练集）.xlsx,材料2,2013,C16AEE712BC0AD480B5285F17FA7FA57A5E22A1901D4A6ADB0A1EB83ECFB7FFC,材料2,90,90,199170,9300.337035,三角波,2,2545AB40403D34126CA9C8A3597C8BC17359EF77FDA57807FA72E347CAC675D4,FC7C59EF53511377B750A2B801A7446144FB3325E48F1A349208D6E02937271B,12.2019140104,-4.3945313534e-11,0.031380002,0.062522868,0.031261434,0.0181611274612,1.72786640406,0.0181611274612,-0.02824664035,-0.01572611025,-5.06e-05,0.01569316175,0.0283836451,0.000166787,0.000122114976563,0.0001038085,0.0001555737,0.00015641995,0.125045736,0.290471759248,-0.451780943671,-0.251525733049,-0.000809303182552,0.250998751272,0.453972219316,0.00584386162594,-1.19807065461,1.72786640648,0.00266761595133,0.001953125,0.00166032850572,0.00248826877232,0.00250180382,2,0.3984375,0.6015625,0.001953125,2,0.0346742046375,0.966328271384,0.0240663249864,0.00441547981156,0.00388132715721,1.38317862765e-06,0.000738270627455,0.000171632118382,8.03270916699e-05,0.000151608792694,3.10464973085e-07,-3.46158446794,-2.77222290116,材料2|90|三角波|52|-16,6249.95499834,near-shape-v1:0.02:60E7B66EE759E71D266866BD34A6201B661216080C9AAEC2B2264B5D4CF998BE,0.02,3,4,8751.54866516,q4-hgb-amplitude_and_condition-fold-4,9051.30681413,q4-hgb-amplitude_and_condition-full,True,附件一（训练集）.xlsx|材料2|2013,2,1,材料2|三角波|90|fq2|bq1,0.033674687845,0.0608132230548,0.0878343505474,0.105646065075,True,True,True,True,False,True,False,True,304,1,False,False
附件一（训练集）.xlsx|材料1|933,附件一（训练集）.xlsx,材料1,933,C16AEE712BC0AD480B5285F17FA7FA57A5E22A1901D4A6ADB0A1EB83ECFB7FFC,材料1,90,90,125860,11032.88796,正弦波,1,8FEFA7609EAB7874B54073A3AEBBF7402BC2360C0968595FB3DED9FC2D1B4405,FE1A9684284308FE3A22B618BB00055E8E9C2DDEDDACA816F9132878AB07C1BA,11.7429254571,4.29687466164e-11,0.055235814,0.110378457,0.0551892285,0.0391127955764,1.41221851279,0.0391127955764,-0.0545902056,-0.03910897725,4.685e-05,0.03910828775,0.0545098019,0.000341749,0.000215582923828,0.0002391855,0.0003357867,0.00033845595,0.220756914,0.354351715357,-0.494573009323,-0.354317122706,0.000424448377923,0.354310875237,0.493844572017,-0.00175351073663,-1.50226282649,1.41221851389,0.00309615670746,0.001953125,0.00216695817736,0.00304213982625,0.0030663225343,2,0.498046875,0.501953125,0.037109375,2,6.98172224044e-06,0.999993000528,5.43777030639e-06,1.30838358558e-06,1.73114810681e-09,1.57513180781e-07,4.8198085586e-10,2.74356495915e-08,2.4754485142e-11,4.76438221411e-08,6.88944138337e-10,-2.89614373173,-2.20384030005,材料1|90|正弦波|50|-13,6951.97955004,near-shape-v1:0.02:4D7005B87275B620047B619626548FCA4C82A6333B2AB2226C1A7947CB20D068,0.02,1,0,11839.101789,q4-hgb-amplitude_and_condition-fold-0,10934.7165604,q4-hgb-amplitude_and_condition-full,True,附件一（训练集）.xlsx|材料1|933,1,2,材料1|正弦波|90|fq1|bq2,0.0794580454092,0.0705209657334,0.10683759986,0.123263615773,True,True,False,True,True,False,True,True,308,0.441558441558,False,False
附件一（训练集）.xlsx|材料1|983,附件一（训练集）.xlsx,材料1,983,C16AEE712BC0AD480B5285F17FA7FA57A5E22A1901D4A6ADB0A1EB83ECFB7FFC,材料1,90,90,177820,6152.055794,正弦波,1,92B01516C4ED7463B195CA35B8E1A5F91112BFA7E7B34436C2B060AC88F03E43,FFFCAE66C59CEF13AE756BBE8EFD30DC90032E1175F95A06EC10DF7EBCAEC9A3,12.0885270817,4.88280943456e-12,0.030997304,0.061963954,0.030981977,0.0219674539766,1.41105582982,0.0219674539766,-0.0306468136,-0.0219875665,1.4095e-05,0.02197183725,0.0306224825,0.000191953,0.000121023347656,0.000135223,0.0001886012,0.00019044135,0.123927908,0.354519887104,-0.494590994062,-0.354844471431,0.000227470879557,0.35459062611,0.494198328517,-0.00112346051434,-1.50239238433,1.41105583004,0.00309781715996,0.001953125,0.0021822848813,0.00304372442081,0.00307342152504,2,0.4990234375,0.5009765625,0.0390625,2,3.51631585296e-06,0.999996453428,1.54174122406e-06,1.45698830739e-06,2.09897612187e-09,3.0364890002e-07,2.5158461346e-09,1.9671604941e-07,1.19205195145e-09,1.07675706801e-08,6.34456322013e-10,-3.47385504602,-2.7812024501,材料1|90|正弦波|52|-16,5511.94059728,near-shape-v1:0.02:593A496289F4162347384FBD3DB9F6A72897781F3ECF25E762A0BB54D93AF268,0.02,1,2,5637.03472442,q4-hgb-amplitude_and_condition-fold-2,5904.23780326,q4-hgb-amplitude_and_condition-full,True,附件一（训练集）.xlsx|材料1|983,2,1,材料1|正弦波|90|fq2|bq1,0.0463041686783,0.08741328382,0.10683759986,0.123263615773,True,True,True,True,False,True,True,True,314,1,False,False
