row_id,source_file,source_sheet,source_excel_row,source_file_sha256,material,temperature_C,temperature_label,frequency_Hz,core_loss_W_per_m3,waveform,waveform_code,waveform_sha256,exact_record_sha256,log_frequency_Hz,b_mean_T,b_m_T,b_pp_T,b_half_pp_T,b_rms_T,b_crest_factor,b_std_T,b_q05_T,b_q25_T,b_median_T,b_q75_T,b_q95_T,diff_max_abs_T,diff_mean_abs_T,diff_q50_abs_T,diff_q90_abs_T,diff_q95_abs_T,total_variation_T,shape_std,shape_q05,shape_q25,shape_median,shape_q75,shape_q95,shape_skew,shape_kurtosis_excess,shape_crest_factor,shape_diff_max_abs,shape_diff_mean_abs,shape_diff_q50_abs,shape_diff_q90_abs,shape_diff_q95_abs,shape_total_variation,shape_positive_slope_ratio,shape_negative_slope_ratio,shape_plateau_ratio,shape_slope_sign_changes,shape_fft_harmonic_to_fundamental,shape_fft_h1_energy_ratio,shape_fft_h2_energy_ratio,shape_fft_h3_energy_ratio,shape_fft_h4_energy_ratio,shape_fft_h5_energy_ratio,shape_fft_h6_energy_ratio,shape_fft_h7_energy_ratio,shape_fft_h8_energy_ratio,shape_fft_h9_energy_ratio,shape_fft_h10_energy_ratio,log_b_m_T,log_b_pp_T,condition_group,energy_proxy_Hz_T,near_shape_group,near_shape_quantization,q1_outer_fold,regression_outer_fold,y_pred_oof,oof_model_id,y_pred_full,full_model_id,strict_oof_lineage_pass,duplicate_row_ids,frequency_quartile,b_m_quartile,q5_region_id,full_oof_log_gap,oof_absolute_log_residual,full_oof_gap_p90,oof_residual_p90,full_oof_gap_pass,oof_residual_pass,is_oof_pareto,is_full_fit_pareto,is_observed_loss_pareto,dual_pareto_pass,region_fold_support_pass,bootstrap_region_stability_pass,candidate_bootstrap_valid_repetitions,candidate_bootstrap_pareto_rate,observed_region_jaccard_pass,single_point_eligible
附件一（训练集）.xlsx|材料1|3143,附件一（训练集）.xlsx,材料1,3143,C16AEE712BC0AD480B5285F17FA7FA57A5E22A1901D4A6ADB0A1EB83ECFB7FFC,材料1,90,90,396820,51309.35938,三角波,2,E5859C02EA98BB06DE97BF8D38CB24A624200C1928A32931141DA75733C0439D,01DCEB04FBE374CA05E8DEAB00133A47CAF7EBF3452D0BE0FBA3A49361E34F0E,12.8912380563,-1.26953118157e-11,0.034723929,0.069228813,0.0346144065,0.0201935856354,1.71955241763,0.0201935856354,-0.03141937085,-0.01748353675,-2.765e-05,0.017473792,0.0315319037,0.000184627,0.000135212525391,0.000114227,0.0001730911,0.00017412885,0.138457626,0.291693368127,-0.453848180776,-0.252547111234,-0.000399399991225,0.252406350123,0.455473701574,0.00322791894778,-1.20073933932,1.71955241826,0.00266690980243,0.001953125,0.00164999217883,0.00250027542723,0.00251526557302,2,0.3974609375,0.6025390625,0.0009765625,2,0.0350570508089,0.965988134224,0.0246807491304,0.00417645859029,0.00389626079404,5.14747309595e-06,0.000705158040362,0.000184027610035,6.69470778085e-05,0.000148726863635,1.2195226363e-06,-3.36032623315,-2.67033813019,材料1|90|三角波|55|-15,13779.1495058,near-shape-v1:0.02:A9E3A633D1CCDECE5CA0E7D47B35DEBA5EDFD3620DDE5D756C5F81AD37B38EC7,0.02,3,0,52101.0876412,q4-hgb-amplitude_and_condition-fold-0,48230.2067999,q4-hgb-amplitude_and_condition-full,True,附件一（训练集）.xlsx|材料1|3143,3,1,材料1|三角波|90|fq3|bq1,0.0771987623088,0.0153123488231,0.0995572085612,0.117891287822,True,True,True,True,False,True,False,True,335,1,False,False
附件一（训练集）.xlsx|材料4|681,附件一（训练集）.xlsx,材料4,681,C16AEE712BC0AD480B5285F17FA7FA57A5E22A1901D4A6ADB0A1EB83ECFB7FFC,材料4,90,90,89080,452.2277116,正弦波,1,E5AC1BC48F59C5159AB1EB2EED962CBB96C7750B2042141E51AA0A0B1F915F59,05CA1CAEC9EF54DA95A602C57E47E287A7A7F2939EBE5CCB558D2D45A2EE0834,11.3972901214,-2.63671870795e-11,0.015462008,0.030856572,0.015428286,0.0109396320872,1.4133937848,0.0109396320872,-0.0152854285,-0.0109447645,3.295e-05,0.010944058,0.01522162935,9.5746e-05,6.02667421875e-05,6.70575e-05,9.41368e-05,9.48898e-05,0.061713144,0.354531672773,-0.495370272292,-0.354698003188,0.00106784468369,0.35467510864,0.493302670704,-0.00457483953982,-1.50270009734,1.41339378238,0.00310293703396,0.001953125,0.00217319992642,0.00305078606917,0.00307518929841,2,0.498046875,0.501953125,0.0400390625,2,8.89761447567e-06,0.999991071946,6.62646472731e-06,1.91128270584e-06,7.73719488378e-09,1.13743511261e-07,1.44882961287e-10,2.00681369537e-07,8.37734294748e-10,3.64921738809e-08,1.50737314245e-10,-4.16936936069,-3.47840552052,材料4|90|正弦波|49|-19,1377.35567264,near-shape-v1:0.02:996AD645FCB83C71A309B1ECB8CE49B439ABE23826125FF526451F78DE70947B,0.02,2,4,544.465538346,q4-hgb-amplitude_and_condition-fold-4,485.885651629,q4-hgb-amplitude_and_condition-full,True,附件一（训练集）.xlsx|材料4|681,0,0,材料4|正弦波|90|fq0|bq0,0.113610334914,0.185244955045,0.108741071783,0.133030600098,False,False,True,False,False,False,False,True,325,1,False,False
附件一（训练集）.xlsx|材料1|1047,附件一（训练集）.xlsx,材料1,1047,C16AEE712BC0AD480B5285F17FA7FA57A5E22A1901D4A6ADB0A1EB83ECFB7FFC,材料1,90,90,281860,25046.69085,正弦波,1,8004B5C1604707E5DC91F18B810CC6FF4930A7568991A8AB2B048C41989DA43B,0630A81BCA7D50AC8B020A95315371191D5AF2AEAECE8FF7EB3DC5BB1D038CD6,12.5491657727,5.56640601668e-11,0.03514157,0.070235489,0.0351177445,0.024854812874,1.41387385124,0.024854812874,-0.0347148803,-0.02486069925,2.50345e-05,0.02485116725,0.0346705891,0.000216714,0.000137178689453,0.0001527245,0.0002127585,0.0002147159,0.140470978,0.353878263367,-0.494264094262,-0.3539620733,0.000356435823148,0.353826356848,0.493633482702,-0.00145428827323,-1.50005526834,1.41387385348,0.00308553415212,0.001953125,0.00217446339699,0.00302921646918,0.00305708557109,2,0.4990234375,0.5009765625,0.03515625,2,3.35936309314e-06,0.999996623189,3.1030111858e-06,1.41073413962e-09,4.88496479517e-10,2.27297631474e-07,3.09121255839e-10,2.56918542389e-08,1.24176420655e-10,7.0765751829e-10,3.10891874751e-10,-3.34837051879,-2.65590155438,材料1|90|正弦波|54|-15,9905.0029202,near-shape-v1:0.02:DFDB1959BA35B91E145E9C74ACE614F3E0833549F5AD0D6C8831B0BB9FD8E2D4,0.02,4,3,23135.2586496,q4-hgb-amplitude_and_condition-fold-3,23400.3896502,q4-hgb-amplitude_and_condition-full,True,附件一（训练集）.xlsx|材料1|1047,3,1,材料1|正弦波|90|fq3|bq1,0.0113943819174,0.0793806162016,0.10683759986,0.123263615773,True,True,True,True,True,True,False,True,307,1,False,False
附件一（训练集）.xlsx|材料1|892,附件一（训练集）.xlsx,材料1,892,C16AEE712BC0AD480B5285F17FA7FA57A5E22A1901D4A6ADB0A1EB83ECFB7FFC,材料1,90,90,99950,2992.093566,正弦波,1,D3AF982FF937041CA9058DC9C1E9AABF5A961E5BFE09CC91F1279402F2013168,098F7AAC1F04FE499EDB5589AFFD833E65B78A174BB10DC78597A76F947E17A7,11.5124253399,5.85937201536e-12,0.039458264,0.078845394,0.039422697,0.027907829613,1.41387791696,0.027907829613,-0.03899206915,-0.02790487675,3.9708e-05,0.027920159,0.03892468455,0.000243221,0.000153994910156,0.000172011,0.0002388099,0.0002409716,0.157690788,0.353956372048,-0.494538325928,-0.353918920817,0.00050361843763,0.354112746195,0.493683683591,-0.00212557705917,-1.50006224116,1.41387791717,0.00308478387463,0.001953125,0.0021816239513,0.00302883767694,0.00305625462408,2,0.498046875,0.501953125,0.03515625,2,4.68467623916e-06,0.999995289821,4.3231410611e-06,2.30222928221e-09,3.00483220894e-09,3.22239701094e-07,8.38206504968e-10,3.00844036474e-08,2.503622071e-09,4.72255346653e-10,6.78622432615e-11,-3.23251177327,-2.54026638199,材料1|90|正弦波|49|-15,3943.8534868,near-shape-v1:0.02:0EA091FB6D7385244EC4E12F989A14195AF1574B183002DD694192F87693C5AB,0.02,3,1,3425.92023961,q4-hgb-amplitude_and_condition-fold-1,3102.7112423,q4-hgb-amplitude_and_condition-full,True,附件一（训练集）.xlsx|材料1|892,1,1,材料1|正弦波|90|fq1|bq1,0.0990633981231,0.135354478515,0.10683759986,0.123263615773,True,False,True,True,True,True,True,True,313,1,False,False
附件一（训练集）.xlsx|材料4|682,附件一（训练集）.xlsx,材料4,682,C16AEE712BC0AD480B5285F17FA7FA57A5E22A1901D4A6ADB0A1EB83ECFB7FFC,材料4,90,90,89080,607.2036108,正弦波,1,2F879E3400B69A1FB1460FCCE0C6F9D9167AA2AA68C176F11AB94C5D311936F1,09D86ED8318C0F36CD89FD2D9F4F0DF274CF5A258FEFCE857DEB20A2144D695C,11.3972901214,5.46875001881e-11,0.017434045,0.034775716,0.017387858,0.0123238561387,1.41465826961,0.0123238561387,-0.01722980175,-0.0123274085,4.445e-05,0.0123351755,0.01714341885,0.000107614,6.79213203125e-05,7.5396e-05,0.0001056706,0.00010670125,0.069551432,0.354381089915,-0.495454983722,-0.354483242119,0.0012781892201,0.354706584483,0.492970979959,-0.00563703234482,-1.50221648082,1.41465827404,0.00309451572471,0.001953125,0.00216806463453,0.00303863190049,0.00306826896102,2,0.498046875,0.501953125,0.0361328125,2,1.17250095593e-05,0.999988256334,1.00758659713e-05,1.35569905595e-06,3.50885390641e-09,1.87561121663e-07,4.10773904118e-09,3.77450563609e-08,2.85524484145e-12,5.99134415003e-08,4.67769738094e-10,-4.04933037523,-3.35883595188,材料4|90|正弦波|49|-18,1553.0247286,near-shape-v1:0.02:F19107B8D5FB3E10EF6286B9BE09A939C97AC21ECCA9D5C8BCB1FBC31C14401D,0.02,4,0,634.834562905,q4-hgb-amplitude_and_condition-fold-0,580.447134446,q4-hgb-amplitude_and_condition-full,True,附件一（训练集）.xlsx|材料4|682,0,0,材料4|正弦波|90|fq0|bq0,0.0894183528469,0.0444286961957,0.108741071783,0.133030600098,True,True,True,False,False,False,False,True,313,1,False,False
附件一（训练集）.xlsx|材料1|2895,附件一（训练集）.xlsx,材料1,2895,C16AEE712BC0AD480B5285F17FA7FA57A5E22A1901D4A6ADB0A1EB83ECFB7FFC,材料1,70,70,396820,1978770.733,三角波,2,3977F1E230B7D8B9B9058BD6AAFBA20CB3CC4568DC86531402C261990F505011,0A9DF9CF94203D7B0428A632DB1A7D30C966EDED3FBA39D0A5970F25675DAD19,12.8912380563,-9.76560846078e-13,0.17390845,0.346716404,0.173358202,0.10162468526,1.71128156073,0.10162468526,-0.15859549185,-0.0879647835,5.73685e-05,0.088037887,0.1582780033,0.000910478,0.000677180476563,0.000574022,0.0008680752,0.0008713733,0.693432808,0.293106077726,-0.457421368067,-0.253708167494,0.000165462321121,0.25391901273,0.456505667096,-0.00249903244525,-1.20322054217,1.71128156072,0.00262600208555,0.001953125,0.00165559515898,0.00250370386283,0.00251321624805,2,0.6015625,0.3984375,0.0009765625,2,0.0344885015239,0.966535709251,0.0242216674925,0.00423063046063,0.0038110180513,2.9104520621e-06,0.000691803312981,0.000169372881714,6.82482722053e-05,0.000138040112409,6.77245621553e-07,-1.74922626766,-1.05924811273,材料1|70|三角波|55|-8,69010.351129,near-shape-v1:0.02:89B17ECBBD02841ACF30689F5139FB7C6C97902B7413BB83A39AFF001BA0332C,0.02,4,2,2179216.94031,q4-hgb-amplitude_and_condition-fold-2,2103459.75504,q4-hgb-amplitude_and_condition-full,True,附件一（训练集）.xlsx|材料1|2895,3,3,材料1|三角波|70|fq3|bq3,0.0353821025671,0.096489754111,0.0995572085612,0.117891287822,True,True,True,True,True,True,True,True,314,1,False,False
附件一（训练集）.xlsx|材料1|2886,附件一（训练集）.xlsx,材料1,2886,C16AEE712BC0AD480B5285F17FA7FA57A5E22A1901D4A6ADB0A1EB83ECFB7FFC,材料1,70,70,396820,25903.96896,三角波,2,6A9C77BE61B873779BA5307A0CFBE6E4A15E7F172247C5B7A7AB29FECB24AB53,0AA99E2607C998D048D2B042F03BFED66EEBA905AED75AFCD7E0A51225ADCF26,12.8912380563,-7.81249934537e-12,0.025043526,0.049906635,0.0249533175,0.0145484855179,1.72138371167,0.0145484855179,-0.02272293595,-0.012572832,1.66e-05,0.01257996775,0.022659234,0.000133631,9.74738964844e-05,8.23785e-05,0.0001245467,0.00012519905,0.09981327,0.291514054553,-0.455308917185,-0.251927063249,0.000332621259929,0.252070045552,0.454032495034,-0.00387182587648,-1.20010117665,1.72138371113,0.00267761991968,0.001953125,0.00165065226297,0.00249559402272,0.00250866543096,2,0.6015625,0.3984375,0,2,0.0350557946105,0.965987673938,0.0246368911668,0.00421198742116,0.00389704134588,4.45300397194e-06,0.000711702221396,0.000182333534552,6.90887757425e-05,0.000148932456868,1.03556743999e-06,-3.68713992797,-2.99760131913,材料1|70|三角波|55|-17,9937.77198732,near-shape-v1:0.02:97C419089A0A12FDF264D9820AC3B511683041FA5CFAB928F54FB9E91639D089,0.02,2,3,30619.2501065,q4-hgb-amplitude_and_condition-fold-3,25046.2030778,q4-hgb-amplitude_and_condition-full,True,附件一（训练集）.xlsx|材料1|2886,3,0,材料1|三角波|70|fq3|bq0,0.200899390556,0.167226756231,0.0995572085612,0.117891287822,False,False,True,True,True,True,False,True,310,1,False,False
附件一（训练集）.xlsx|材料2|205,附件一（训练集）.xlsx,材料2,205,C16AEE712BC0AD480B5285F17FA7FA57A5E22A1901D4A6ADB0A1EB83ECFB7FFC,材料2,70,70,99950,466.5996296,正弦波,1,03CF3AFDE8D77B95A3ABCEF891AACC1F9A381AF6A42452288C3403352A955CCD,111EA52DE883F328E1D31D340B63713D3464EB1BB51C022605D137D2A2D20B45,11.5124253399,4.39453117992e-11,0.015647061,0.031288541,0.0156442705,0.0110777224498,1.41247996336,0.0110777224498,-0.0154657671,-0.011085931,1.1695e-05,0.011071138,0.0154590655,9.67e-05,6.11104316406e-05,6.8115e-05,9.46321e-05,9.53663e-05,0.062577082,0.354050463708,-0.494294928739,-0.35431281516,0.000373777609339,0.353840019452,0.49408073889,-0.00107034339668,-1.5002027231,1.41247996733,0.00309058834031,0.001953125,0.00217699508584,0.00302449705149,0.00304796251126,2,0.498046875,0.501953125,0.0361328125,2,1.80253157542e-06,0.999998167758,1.11772219054e-06,4.10436641439e-08,6.48931721288e-08,5.37962952414e-07,7.21085773061e-09,6.72268752688e-09,9.56330379507e-09,1.10779672007e-08,6.33147726705e-09,-4.15747217516,-3.4645033507,材料2|70|正弦波|49|-19,1563.92374695,near-shape-v1:0.02:4D7005B87275B620047B619626548FCA4C82A6333B2AB2226C1A7947CB20D068,0.02,1,0,641.939183618,q4-hgb-amplitude_and_condition-fold-0,534.978486238,q4-hgb-amplitude_and_condition-full,True,附件一（训练集）.xlsx|材料2|205,1,0,材料2|正弦波|70|fq1|bq0,0.181956114872,0.318437700054,0.104291900272,0.124780990562,False,False,True,True,True,True,True,True,329,1,False,False
附件一（训练集）.xlsx|材料1|2616,附件一（训练集）.xlsx,材料1,2616,C16AEE712BC0AD480B5285F17FA7FA57A5E22A1901D4A6ADB0A1EB83ECFB7FFC,材料1,50,50,354610,26086.27792,三角波,2,7505DF0B7A5C502EB499777AC88F6E3A00EBEEC81A61E211331D35AFA0789CF3,1409DA5A199D6C717FD61079721C879812A1CA205F32AD9CEBB30CBFD1531F4F,12.778773873,-3.4179687726e-11,0.028004854,0.055798236,0.027899118,0.0162560008006,1.72273945748,0.0162560008006,-0.02536966925,-0.01406073075,2.361e-05,0.01404978675,0.02530218685,0.00014928,0.000108980929688,9.222e-05,0.0001390668,0.0001398209,0.111596472,0.29133538918,-0.45466794355,-0.251992387641,0.000423132268549,0.251796253634,0.453458544535,-0.00426863800051,-1.19989306502,1.72273945538,0.00267535339289,0.001953125,0.00165274041997,0.00249231534846,0.00250583011262,2,0.6015625,0.3984375,0.0009765625,2,0.0349055210131,0.966124952671,0.0244541918546,0.00426023751671,0.00388772814233,3.38717283942e-06,0.000716365402328,0.000179396355073,7.15858357396e-05,0.00014938822981,8.14327355379e-07,-3.57537742669,-2.886013023,材料1|50|三角波|55|-16,9930.80127694,near-shape-v1:0.02:826E8F0B6D9C9AFB626A68A6AC2964006460CD3D925E4DAA31EF5E2AC55A0979,0.02,1,1,26036.7889497,q4-hgb-amplitude_and_condition-fold-1,25979.8644006,q4-hgb-amplitude_and_condition-full,True,附件一（训练集）.xlsx|材料1|2616,3,1,材料1|三角波|50|fq3|bq1,0.00218862151003,0.00189885550818,0.0995572085612,0.117891287822,True,True,True,False,False,False,False,True,307,1,False,False
附件一（训练集）.xlsx|材料1|2627,附件一（训练集）.xlsx,材料1,2627,C16AEE712BC0AD480B5285F17FA7FA57A5E22A1901D4A6ADB0A1EB83ECFB7FFC,材料1,50,50,396820,339581.1328,三角波,2,671A36B9374FC5373208D9001DBFABEC6CBB3CC5AD11E10796A933EE265E5A62,156E9B5ACD2CCAACE5AEE3385DF8E2D0B811777DC940540B15F8DA433461558F,12.8912380563,4.78515612551e-11,0.077653813,0.154958923,0.0774794615,0.0453496116919,1.71233688896,0.0453496116919,-0.07069084515,-0.0392776455,2.175e-05,0.039252577,0.07062281435,0.000406315,0.000302654146484,0.0002555295,0.0003873556,0.0003881077,0.309917846,0.292655697484,-0.456190865484,-0.253471338,0.000140359468996,0.253309562252,0.455751840132,-0.00124426072029,-1.20309756283,1.71233689001,0.00262208198233,0.001953125,0.00164901442946,0.00249973084803,0.00250458439234,2,0.6015625,0.3984375,0.001953125,2,0.0345888818566,0.966436314665,0.0243267319255,0.00419425674067,0.00382470901502,3.79088561122e-06,0.000694440659951,0.000173676168794,6.74551729063e-05,0.00014200061816,8.90323257746e-07,-2.55549462563,-1.86459521009,材料1|50|三角波|55|-12,30814.5860747,near-shape-v1:0.02:8188412DB8D04F2BAA79712BE2708235391769123590D6C5528ABFA255EF7212,0.02,4,1,342245.894594,q4-hgb-amplitude_and_condition-fold-1,333487.872315,q4-hgb-amplitude_and_condition-full,True,附件一（训练集）.xlsx|材料1|2627,3,2,材料1|三角波|50|fq3|bq2,0.0259228921984,0.00781655005774,0.0995572085612,0.117891287822,True,True,True,True,True,True,False,True,308,1,False,False
附件一（训练集）.xlsx|材料1|1033,附件一（训练集）.xlsx,材料1,1033,C16AEE712BC0AD480B5285F17FA7FA57A5E22A1901D4A6ADB0A1EB83ECFB7FFC,材料1,90,90,251170,31919.17006,正弦波,1,BA37414FA0CEAAEE42A924A9B5E9F8A38D18CD4570D0820B99C034426EDAD216,15ED40CF3C707385478D908A2E31DC2D9003256C292A8EC4DD6472047F1742B0,12.4338852797,-6.34765642826e-11,0.044351105,0.08863073,0.044315365,0.0313581009135,1.41434282396,0.0313581009135,-0.04381920285,-0.03131451675,3.48e-05,0.0313219685,0.04375101645,0.000273271,0.000173106894531,0.000193071,0.0002686366,0.00027065705,0.17726146,0.353806190173,-0.494401916655,-0.353314439433,0.000392641056624,0.353398517235,0.493632586728,-0.0016565843876,-1.50013037521,1.41434282193,0.00308325340432,0.001953125,0.00217837537838,0.00303096454243,0.00305376081185,2,0.498046875,0.501953125,0.0341796875,2,4.40017328903e-06,0.999995591828,4.29784917302e-06,5.24273714541e-09,3.97851965567e-10,5.04566679913e-08,2.59977875092e-10,4.27205227062e-08,4.47455390118e-11,3.16691003212e-09,1.53060362937e-11,-3.11561765509,-2.42327664178,材料1|90|正弦波|53|-14,11139.6670429,near-shape-v1:0.02:FCCD107ACBACE32E7A36279D623681DE9ACE964EC2895F6941D28671223B0908,0.02,1,4,31632.1878551,q4-hgb-amplitude_and_condition-fold-4,31334.9374092,q4-hgb-amplitude_and_condition-full,True,附件一（训练集）.xlsx|材料1|1033,2,1,材料1|正弦波|90|fq2|bq1,0.00944121909398,0.00903128221487,0.10683759986,0.123263615773,True,True,True,True,True,True,True,True,317,1,False,False
附件一（训练集）.xlsx|材料1|3148,附件一（训练集）.xlsx,材料1,3148,C16AEE712BC0AD480B5285F17FA7FA57A5E22A1901D4A6ADB0A1EB83ECFB7FFC,材料1,90,90,396820,497055.7207,三角波,2,9AAA02671BFF2CCF42C941827F6FEC9861D83ADAF0E6BA0485D2F205A5BDBCC1,16620BBB00089C29748DF78877DDE5AEC132F5842B91CA9F6BEB5EA8062143F3,12.8912380563,1.2695310081e-11,0.097666222,0.194767369,0.0973836845,0.0570073519483,1.71322151726,0.0570073519483,-0.0888398886,-0.04932601,-4.61e-05,0.049345921,0.088881516,0.000510085,0.000380405017578,0.000321004,0.0004875168,0.00048876795,0.389534738,0.292694573228,-0.456133330079,-0.253256026746,-0.00023669269104,0.253358256266,0.456347058769,0.00200080628689,-1.20308584252,1.71322151704,0.00261894486032,0.001953125,0.00164814055685,0.00250307226772,0.00250949608504,2,0.3984375,0.6015625,0.0009765625,2,0.0348621134485,0.966182159775,0.0246321659658,0.00412304418267,0.00384818637443,5.42168523889e-06,0.00068676661103,0.000180008439033,6.38761752676e-05,0.000142503677049,1.17895546245e-06,-2.32619951154,-1.63594941207,材料1|90|三角波|55|-11,38755.910214,near-shape-v1:0.02:3C03F274D569F93086DDCD32B0E345ADFFA4922B7C787D9FB2AF0D3F25B2F725,0.02,1,1,498401.92157,q4-hgb-amplitude_and_condition-fold-1,513767.422958,q4-hgb-amplitude_and_condition-full,True,附件一（训练集）.xlsx|材料1|3148,3,2,材料1|三角波|90|fq3|bq2,0.0303637955856,0.00270468361246,0.0995572085612,0.117891287822,True,True,True,True,True,True,False,True,306,1,False,False
附件一（训练集）.xlsx|材料1|473,附件一（训练集）.xlsx,材料1,473,C16AEE712BC0AD480B5285F17FA7FA57A5E22A1901D4A6ADB0A1EB83ECFB7FFC,材料1,50,50,199500,2220.87404,正弦波,1,A2050331EFD59A5CA04F7749FF8C86052D37845F411520D919C38FC6329FC5F1,18C0F22C37F06147404CCDD6E96DE08A3C325CD19FCB407B9F375ED2F62DCF44,12.2035695153,-6.83593806561e-12,0.017500698,0.034990441,0.0174952205,0.0123932362461,1.41211687186,0.0123932362461,-0.0172940153,-0.0123982465,4.8e-06,0.0124063925,0.01728287915,0.000107615,6.83407050781e-05,7.606e-05,0.0001062798,0.0001071445,0.069980882,0.354189198304,-0.494249709318,-0.354332387327,0.000137180518415,0.354565194158,0.493931447073,-0.000683535463173,-1.50172965769,1.4121168713,0.00307555426352,0.001953125,0.00217373653564,0.00303739527033,0.00306210773394,2,0.4990234375,0.5009765625,0.03515625,2,1.32469175586e-06,0.999998661334,3.51642858215e-07,7.56234940133e-07,1.07021267123e-08,1.70211411932e-07,6.52020878222e-09,3.54095873336e-09,8.02049613487e-10,2.42966442621e-08,7.38784156592e-10,-4.04551451313,-3.35268036908,材料1|50|正弦波|52|-18,3491.389251,near-shape-v1:0.02:0772F18291C4989EAA88ED3402D818638509981F6263E65507DF2840F304ECB6,0.02,3,3,2283.09497957,q4-hgb-amplitude_and_condition-fold-3,2403.14391151,q4-hgb-amplitude_and_condition-full,True,附件一（训练集）.xlsx|材料1|473,2,0,材料1|正弦波|50|fq2|bq0,0.0512240025585,0.0276188737377,0.10683759986,0.123263615773,True,True,True,False,False,False,True,True,313,1,False,False
附件一（训练集）.xlsx|材料1|965,附件一（训练集）.xlsx,材料1,965,C16AEE712BC0AD480B5285F17FA7FA57A5E22A1901D4A6ADB0A1EB83ECFB7FFC,材料1,90,90,158500,13899.54076,正弦波,1,8FD7812293819472646158E843E158EE1EB7AAAC0568F249D32FB0CB3E650F16,231951A41260AD016D40951147BF3EE64AE0254567D23A9F1369AB71FF45C818,11.9735098723,1.17187509696e-11,0.049450607,0.098803375,0.0494016875,0.035010390423,1.41245517124,0.035010390423,-0.0488715785,-0.035057191,4.8267e-05,0.03503372975,0.0487794774,0.000306098,0.000192975341797,0.0002147495,0.0003002444,0.00030308435,0.19760675,0.354344074006,-0.494634707688,-0.354817747994,0.0004885155824,0.354580293824,0.493702541925,-0.00209342183161,-1.50238876669,1.41245517157,0.00309805206553,0.001953125,0.00217350368851,0.00303880712577,0.00306755057709,2,0.498046875,0.501953125,0.0361328125,2,5.16500309635e-06,0.999994811356,3.54701569996e-06,1.44969629462e-06,2.8719769466e-09,1.11580854057e-07,1.41671651707e-10,3.20739823429e-08,6.75552064032e-10,2.08249433814e-08,9.53219674041e-11,-3.00678094596,-2.31462351489,材料1|90|正弦波|52|-14,7837.9212095,near-shape-v1:0.02:996AD645FCB83C71A309B1ECB8CE49B439ABE23826125FF526451F78DE70947B,0.02,2,2,13658.3029742,q4-hgb-amplitude_and_condition-fold-2,14148.890016,q4-hgb-amplitude_and_condition-full,True,附件一（训练集）.xlsx|材料1|965,1,1,材料1|正弦波|90|fq1|bq1,0.0352860252764,0.0175069169152,0.10683759986,0.123263615773,True,True,True,True,True,True,True,True,292,1,False,False
附件一（训练集）.xlsx|材料1|958,附件一（训练集）.xlsx,材料1,958,C16AEE712BC0AD480B5285F17FA7FA57A5E22A1901D4A6ADB0A1EB83ECFB7FFC,材料1,90,90,158500,1007.106866,正弦波,1,947190E29A7FD14729EBACE3387321C631A8ACC94FDB4A1E2F34FB68E757CFF1,239637901D133D65EF2D4783190DF0D0720B776C3520A60CE202CB6AB40FA943,11.9735098723,-7.81249977905e-12,0.015508669,0.031013192,0.015506596,0.0109942898479,1.41061125498,0.0109942898479,-0.0153315841,-0.01099082,1.5e-07,0.0109987655,0.01532523155,9.6005e-05,6.0572640625e-05,6.7274e-05,9.46445e-05,9.54138e-05,0.062026384,0.354503652765,-0.494356856018,-0.354391769547,4.83690335712e-06,0.354647967478,0.49415202272,-0.000148279310373,-1.50291167577,1.41061125427,0.00309561814856,0.001953125,0.00216920593017,0.00305174971993,0.00307655529299,2,0.498046875,0.501953125,0.037109375,2,2.89210647916e-06,0.999997092077,4.46970510468e-07,2.14337810577e-06,6.59842033847e-09,1.0665232408e-07,2.78326040338e-09,1.40109442708e-07,5.42256381239e-10,4.48539268145e-08,2.09822167664e-10,-4.16635612108,-3.47334261663,材料1|90|正弦波|52|-19,2458.1240365,near-shape-v1:0.02:0772F18291C4989EAA88ED3402D818638509981F6263E65507DF2840F304ECB6,0.02,3,4,935.976918152,q4-hgb-amplitude_and_condition-fold-4,941.267533887,q4-hgb-amplitude_and_condition-full,True,附件一（训练集）.xlsx|材料1|958,1,0,材料1|正弦波|90|fq1|bq0,0.00563059234457,0.0731708127098,0.10683759986,0.123263615773,True,True,True,False,False,False,True,True,312,1,False,False
附件一（训练集）.xlsx|材料1|997,附件一（训练集）.xlsx,材料1,997,C16AEE712BC0AD480B5285F17FA7FA57A5E22A1901D4A6ADB0A1EB83ECFB7FFC,材料1,90,90,199500,2374.2095,正弦波,1,175E7A0E8C16DF7A0CCA9906E0BD1903D689D5CBA0C66B5AB86ECED255226D20,24C97718EAA44994CCF2563EACD11823B705533F5AE930D14D42D7BC19B94D7B,12.2035695153,2.34375002045e-11,0.017517843,0.035018897,0.0175094485,0.012404149167,1.41225671863,0.012404149167,-0.01730774075,-0.01241697075,8.29e-06,0.012412186,0.0172969444,0.000107814,6.83962832031e-05,7.6138e-05,0.0001064472,0.0001073141,0.070037794,0.354213017247,-0.494240031987,-0.354579151178,0.000236728660029,0.354442516467,0.493931729962,-0.000947842694751,-1.5019709643,1.41225672052,0.00307873774551,0.001953125,0.00217419754826,0.00303970738998,0.00306446259572,2,0.4990234375,0.5009765625,0.0341796875,2,1.70632456124e-06,0.99999828335,4.8851502547e-07,9.9523663201e-07,1.02876606787e-08,1.79991245513e-07,2.55502278896e-09,4.30475773996e-09,1.7547331185e-09,2.32953435099e-08,3.81211250414e-10,-4.04453531749,-3.35186744891,材料1|90|正弦波|52|-18,3494.8096785,near-shape-v1:0.02:F827B03E1AEF4E81BDD7373DE3A90FD0B0FE7B933BEFA8F40E05B59BA37018C4,0.02,0,0,2320.18055931,q4-hgb-amplitude_and_condition-fold-0,2278.96048298,q4-hgb-amplitude_and_condition-full,True,附件一（训练集）.xlsx|材料1|997,2,0,材料1|正弦波|90|fq2|bq0,0.0179178072337,0.0230097260991,0.10683759986,0.123263615773,True,True,True,False,False,False,True,True,325,1,False,False
附件一（训练集）.xlsx|材料1|2880,附件一（训练集）.xlsx,材料1,2880,C16AEE712BC0AD480B5285F17FA7FA57A5E22A1901D4A6ADB0A1EB83ECFB7FFC,材料1,70,70,396820,1164643.594,三角波,2,928969B09B281D247BB452ADA15DF063F72B1EF85396346DC4A8DFA041396DF9,2663F34253BC7F61A66411BD32FAB65E8C7D7F2582CE216A87C56BF21153A13C,12.8912380563,-4.58984343588e-11,0.138256298,0.275794941,0.1378974705,0.0807865122747,1.71137847281,0.0807865122747,-0.12588435725,-0.0698765575,-3.8175e-05,0.06990746775,0.1260282323,0.000723218,0.000538661994141,0.0004544365,0.0006909421,0.00069295855,0.551589882,0.2929223864,-0.456441864915,-0.253364174124,-0.000138417891072,0.253476251386,0.456963539247,0.00139661560328,-1.20340448533,1.71137847337,0.00262230335835,0.001953125,0.00164773327006,0.00250527474324,0.00251258615364,2,0.3984375,0.6015625,0.0009765625,2,0.0348528653831,0.96619344303,0.0246435370878,0.00411540661025,0.00384031936149,5.83071506801e-06,0.000684536699199,0.00017994342352,6.25753838789e-05,0.000141155670083,1.30505273442e-06,-1.97864608446,-1.28809765679,材料1|70|三角波|55|-9,54862.8641724,near-shape-v1:0.02:AEB5429EFF641E5CF8DEFFA0326ABD14E5DA94ABEFA48F50D1B6B447573518C3,0.02,1,1,1178658.13038,q4-hgb-amplitude_and_condition-fold-1,1137856.61448,q4-hgb-amplitude_and_condition-full,True,附件一（训练集）.xlsx|材料1|2880,3,3,材料1|三角波|70|fq3|bq3,0.0352302533885,0.0119614912319,0.0995572085612,0.117891287822,True,True,True,True,False,True,True,True,308,1,False,False
附件一（训练集）.xlsx|材料1|2866,附件一（训练集）.xlsx,材料1,2866,C16AEE712BC0AD480B5285F17FA7FA57A5E22A1901D4A6ADB0A1EB83ECFB7FFC,材料1,70,70,354610,707859.959,三角波,2,0A89544BE626933AF8941FC250701B91EE91E254A2CABA75F1017DF32273971C,2C161EB658CB334C6A20650D69F031DCCBF81B6F0269A83D5176D7A6A74D9B5B,12.778773873,9.76564315525e-13,0.122865157,0.245067589,0.1225337945,0.0716657052396,1.71442053894,0.0716657052396,-0.11156375265,-0.06205434175,-3.2579e-05,0.06200765525,0.11171913685,0.00064162,0.000478647634766,0.000403847,0.0006123536,0.00061392915,0.490135178,0.292432408267,-0.455236667999,-0.253213172759,-0.000132938839891,0.253022668163,0.455870714299,0.00194304989791,-1.20252627177,1.71442053892,0.00261813486891,0.001953125,0.00164790049002,0.00249871312032,0.00250514216305,2,0.3984375,0.6015625,0.001953125,2,0.0347158848048,0.966314212595,0.0244292605754,0.00418491153452,0.00384186643097,4.17130161063e-06,0.000695581596889,0.000177826199835,6.75200101345e-05,0.00014435606427,9.59176051935e-07,-2.09666780952,-1.40622123301,材料1|70|三角波|55|-10,43569.2133238,near-shape-v1:0.02:516BDE16A57D5E4FCA0A9F4456765D4F32E3A112E29E1B49B8ACADC3BE751D93,0.02,2,4,735361.884624,q4-hgb-amplitude_and_condition-fold-4,740210.411587,q4-hgb-amplitude_and_condition-full,True,附件一（训练集）.xlsx|材料1|2866,3,3,材料1|三角波|70|fq3|bq3,0.0065717387802,0.0381164091355,0.0995572085612,0.117891287822,True,True,True,True,True,True,True,True,309,1,False,False
附件一（训练集）.xlsx|材料1|3161,附件一（训练集）.xlsx,材料1,3161,C16AEE712BC0AD480B5285F17FA7FA57A5E22A1901D4A6ADB0A1EB83ECFB7FFC,材料1,90,90,396820,51225.16818,三角波,2,8B6CC98F6E830D1C86315210D7B26AAE1D4665316358A3F9835799080E03AC5F,2D74DD2EDF4792000E3786FCE0231AC5C06FB57FD33DDF3DF12DFCE0DB7B091F,12.8912380563,-7.81249977905e-12,0.034785461,0.069337564,0.034668782,0.0202254288955,1.71988743377,0.0202254288955,-0.0315719639,-0.01747207475,1.905e-05,0.01750798675,0.031506678,0.000185313,0.000135424929687,0.0001144075,0.0001731806,0.0001739567,0.138675128,0.291695117751,-0.455337079511,-0.251985702039,0.000274742963461,0.252503632199,0.454395513633,-0.0031096229032,-1.2005271128,1.71988743338,0.00267262057259,0.001953125,0.00165000749089,0.00249764471103,0.00250883777803,2,0.6015625,0.3984375,0,2,0.0349068296102,0.966128376956,0.0244975653341,0.00423014318954,0.00388543177342,3.94778630261e-06,0.000710169388405,0.00017923422289,6.96826766734e-05,0.000147413178169,8.91086522517e-07,-3.35855576686,-2.66876847058,材料1|90|三角波|55|-15,13803.566634,near-shape-v1:0.02:97C419089A0A12FDF264D9820AC3B511683041FA5CFAB928F54FB9E91639D089,0.02,2,0,52614.7640324,q4-hgb-amplitude_and_condition-fold-0,48388.3041597,q4-hgb-amplitude_and_condition-full,True,附件一（训练集）.xlsx|材料1|3161,3,1,材料1|三角波|90|fq3|bq1,0.083736970412,0.0267652725318,0.0995572085612,0.117891287822,True,True,True,True,False,True,False,True,335,1,False,False
附件一（训练集）.xlsx|材料1|690,附件一（训练集）.xlsx,材料1,690,C16AEE712BC0AD480B5285F17FA7FA57A5E22A1901D4A6ADB0A1EB83ECFB7FFC,材料1,70,70,158500,11710.85379,正弦波,1,321F1171520118D1CDCBBFC28B0C05D5932F169DCE9DE389DFE65C4C1EA10F8C,2D7F21D42C0FDC04A711663584DEA1096C75F223DC660980A80E4AE0E3F86D6C,11.9735098723,5.85937479092e-11,0.043933169,0.087791518,0.043895759,0.0311094204309,1.41221431937,0.0311094204309,-0.0434219874,-0.0311437175,3.4437e-05,0.031125484,0.0433480713,0.000271336,0.000171467808594,0.00019054,0.0002669065,0.0002693055,0.175583036,0.354355650063,-0.494603447438,-0.354746315682,0.000392258183829,0.35453862344,0.493761495745,-0.00174009609663,-1.50228501925,1.41221432126,0.00309068582229,0.001953125,0.00217036912381,0.00304023106196,0.00306755716424,2,0.498046875,0.501953125,0.0361328125,2,4.43964562258e-06,0.999995543229,2.87966567211e-06,1.32727394799e-06,2.46144988777e-09,1.61232958662e-07,2.132607824e-10,3.13224166329e-08,4.79438819941e-10,3.6492077923e-08,4.84613285452e-10,-3.1250856861,-2.43279038893,材料1|70|正弦波|52|-14,6963.4072865,near-shape-v1:0.02:22AFF715BA6FF0793192C92D28FD57DEED36CB412EBC0B9D630A4C6F51964056,0.02,4,2,11387.9197413,q4-hgb-amplitude_and_condition-fold-2,11944.5241204,q4-hgb-amplitude_and_condition-full,True,附件一（训练集）.xlsx|材料1|690,1,1,材料1|正弦波|70|fq1|bq1,0.047715727391,0.0279605431329,0.10683759986,0.123263615773,True,True,True,True,True,True,True,True,289,1,False,False
附件一（训练集）.xlsx|材料1|1063,附件一（训练集）.xlsx,材料1,1063,C16AEE712BC0AD480B5285F17FA7FA57A5E22A1901D4A6ADB0A1EB83ECFB7FFC,材料1,90,90,316230,43155.12273,正弦波,1,0867414D319CF5EB1796B7AA6F689E85C592F95C57842DD420A8BF6659D99CA5,303BB44309F23B225B67D2E9396E9D4E0638C539E38434AF3644857EAA8BEF8E,12.6642250759,2.14843767776e-11,0.039285293,0.078505024,0.039252512,0.0278254661249,1.41184671709,0.0278254661249,-0.038831483,-0.02784516825,2.7914e-05,0.02784824025,0.03876645705,0.000243506,0.000153330125,0.0001702635,0.0002390786,0.0002412065,0.157010048,0.354441852344,-0.494636916759,-0.354692819042,0.000355569326565,0.354731949748,0.493808613173,-0.00164418647806,-1.50277027357,1.41184671787,0.00310178874667,0.001953125,0.00216882297877,0.00304539235604,0.00307249762767,2,0.4990234375,0.5009765625,0.037109375,2,7.3570237401e-06,0.999992629623,5.17370172397e-06,1.95987484468e-06,2.47183410913e-09,1.00060905646e-07,1.10119380262e-09,8.38267291741e-08,3.51590731313e-10,3.5316738751e-08,2.63955182867e-10,-3.23690505406,-2.54459265624,材料1|90|正弦波|55|-15,12423.1882054,near-shape-v1:0.02:426EDFFD2BC700B3CB86F8A10CF880E05CD68ED74B3D9E845DEBFEA10EBDB7F1,0.02,2,3,42823.4025601,q4-hgb-amplitude_and_condition-fold-3,41515.0461209,q4-hgb-amplitude_and_condition-full,True,附件一（训练集）.xlsx|材料1|1063,3,1,材料1|正弦波|90|fq3|bq1,0.0310280873644,0.00771620816831,0.10683759986,0.123263615773,True,True,True,False,False,False,False,True,308,1,False,False
附件一（训练集）.xlsx|材料2|1787,附件一（训练集）.xlsx,材料2,1787,C16AEE712BC0AD480B5285F17FA7FA57A5E22A1901D4A6ADB0A1EB83ECFB7FFC,材料2,70,70,199170,9168.407971,三角波,2,420CFC6A316A7EF2F39312D9EDEE7E61906B75D282D3D6E1B826365C6CDBAD00,323AE86364F2399AF3EDF4DFCBC93591F53251CE0B02A2CB9D6A1ADC3CAC6990,12.2019140104,3.90625001963e-11,0.031426575,0.062611287,0.0313056435,0.0181855420467,1.72810768683,0.0181855420467,-0.02827503905,-0.0157440255,-5.025e-05,0.0157153685,0.0284222878,0.000167348,0.000122287669922,0.0001040425,0.0001557774,0.00015653455,0.125222574,0.290451497135,-0.451596516281,-0.251456666896,-0.000802571572479,0.250998968619,0.45394830745,0.00567661545032,-1.19807086363,1.72810768468,0.002672808818,0.001953125,0.00166172115261,0.00248800827237,0.00250010113991,2,0.3984375,0.6015625,0.001953125,2,0.0346275708484,0.966371297196,0.0240148461053,0.00442876635484,0.00387579314115,1.11021639891e-06,0.000739892769416,0.000169889827916,8.0872499687e-05,0.000151676870175,2.42774603818e-07,-3.46010140643,-2.77080971361,材料2|70|三角波|52|-16,6259.23094275,near-shape-v1:0.02:60E7B66EE759E71D266866BD34A6201B661216080C9AAEC2B2264B5D4CF998BE,0.02,3,2,9957.41358736,q4-hgb-amplitude_and_condition-fold-2,9165.50339299,q4-hgb-amplitude_and_condition-full,True,附件一（训练集）.xlsx|材料2|1787,2,1,材料2|三角波|70|fq2|bq1,0.0828618763609,0.0825450578536,0.0878343505474,0.105646065075,True,True,True,True,True,True,True,True,331,1,False,False
附件一（训练集）.xlsx|材料1|742,附件一（训练集）.xlsx,材料1,742,C16AEE712BC0AD480B5285F17FA7FA57A5E22A1901D4A6ADB0A1EB83ECFB7FFC,材料1,70,70,223850,5180.006426,正弦波,1,A2ACDCEADACD4814078917C630C8183CC88DA344F69610969CBF0AB8C01EA1F3,326C08E0EAD4671778DF4473DC00D402A80545EFA7EB06DECF456CD08B5A5E56,12.3187314637,-7.81250064641e-12,0.021977674,0.043933267,0.0219666335,0.0155799725375,1.41063624773,0.0155799725375,-0.0217328024,-0.01559573825,1.0745e-05,0.0156016175,0.0217148242,0.000135888,8.58071621094e-05,9.58685e-05,0.0001335124,0.00013473855,0.087866534,0.354628134929,-0.494677584351,-0.35498699066,0.000244575660911,0.355120813297,0.49426836861,-0.00093735325722,-1.50222196988,1.41063624722,0.00309305474596,0.001953125,0.00218213910657,0.00303898182669,0.00306689120115,2,0.4990234375,0.5009765625,0.0380859375,2,3.6464328445e-06,0.99999628823,1.29430964454e-06,1.28522320987e-06,8.47497752307e-10,9.5095757658e-07,2.18100863265e-09,1.09118950684e-07,1.04486651578e-09,2.70576716297e-09,3.07880464906e-11,-3.81772815908,-3.12508345545,材料1|70|正弦波|53|-17,4919.7023249,near-shape-v1:0.02:593A496289F4162347384FBD3DB9F6A72897781F3ECF25E762A0BB54D93AF268,0.02,1,2,4607.65064812,q4-hgb-amplitude_and_condition-fold-2,4642.86941731,q4-hgb-amplitude_and_condition-full,True,附件一（训练集）.xlsx|材料1|742,2,0,材料1|正弦波|70|fq2|bq0,0.00761283175467,0.117064215028,0.10683759986,0.123263615773,True,True,True,True,True,True,True,True,310,1,False,False
附件一（训练集）.xlsx|材料1|994,附件一（训练集）.xlsx,材料1,994,C16AEE712BC0AD480B5285F17FA7FA57A5E22A1901D4A6ADB0A1EB83ECFB7FFC,材料1,90,90,199500,1251.981937,正弦波,1,11F2E7AC5AD75F67CE25798CC22D76DB1F9A724924D940F45AFB8057716F21ED,33886A4300C1D31AF72B8ADD9CF6380765BCD7AF838D56E9FDAD71F76065B3C5,12.2035695153,7.9101562106e-11,0.013085244,0.026164834,0.013082417,0.00925931921949,1.41319720055,0.00925931921949,-0.0129248161,-0.00926189125,2.34e-06,0.00925414425,0.0129230194,8.052e-05,5.11031914063e-05,5.66395e-05,7.95026e-05,8.014755e-05,0.052329668,0.353884118642,-0.493976616825,-0.353982422709,8.94299921199e-05,0.353686332231,0.493907942275,-0.000399692462975,-1.50105529847,1.41319720909,0.00307741298875,0.001953125,0.002164718492,0.0030385287367,0.00306317823381,2,0.5,0.5,0.0341796875,2,6.68687468492e-07,0.99999932799,3.3942898095e-07,2.97477767297e-07,1.35926023437e-09,2.65433201563e-09,1.52949259193e-09,1.06817758262e-08,2.40504175967e-10,1.52276906464e-08,8.7215389657e-11,-4.33627009587,-3.64333898353,材料1|90|正弦波|52|-19,2610.506178,near-shape-v1:0.02:ABAF0D94786EBC76EDA283813EEB403CB701AEDF890DB4B707131F1B7CF7897C,0.02,1,4,1063.16788219,q4-hgb-amplitude_and_condition-fold-4,1145.14915995,q4-hgb-amplitude_and_condition-full,True,附件一（训练集）.xlsx|材料1|994,2,0,材料1|正弦波|90|fq2|bq0,0.0742146043613,0.163333097522,0.10683759986,0.123263615773,True,False,True,False,False,False,True,True,312,1,False,False
附件一（训练集）.xlsx|材料1|1052,附件一（训练集）.xlsx,材料1,1052,C16AEE712BC0AD480B5285F17FA7FA57A5E22A1901D4A6ADB0A1EB83ECFB7FFC,材料1,90,90,281860,127074.9846,正弦波,1,9035AFFA6F7AA12AD8D7F995F969281AF1169B093254247982014FB8AF7B1ACC,40165F62898B0F01FF26CBB1059A4586553531131032717E9B1C68CC6EECA511,12.5491657727,-4.39453161361e-11,0.069980854,0.139772357,0.0698861785,0.0494588140498,1.41493190535,0.0494588140498,-0.0691491998,-0.0494279445,0.000101121,0.0494407805,0.0689698946,0.000431846,0.000272992884766,0.000304006,0.0004226236,0.0004261617,0.279544714,0.353852615148,-0.494727292579,-0.353631758933,0.000723469548026,0.353723594601,0.493444455859,-0.00294839115212,-1.49977870831,1.41493190447,0.00308963810348,0.001953125,0.00217500803825,0.00302365653031,0.00304896983314,2,0.4970703125,0.5029296875,0.03515625,2,1.366427739e-05,0.999986316659,1.33664692916e-05,1.01737316278e-08,9.87609049315e-10,2.62930048609e-07,1.48295586767e-09,2.09262536965e-08,5.5393193387e-10,5.0499994414e-10,6.15946982064e-11,-2.65953358863,-1.96774020121,材料1|90|正弦波|54|-12,19724.8035084,near-shape-v1:0.02:1BC99913C243173EB97359520325C696FCDBB41C19178A3FD0113B2572A971E7,0.02,0,0,107359.991539,q4-hgb-amplitude_and_condition-fold-0,116466.778068,q4-hgb-amplitude_and_condition-full,True,附件一（训练集）.xlsx|材料1|1052,3,2,材料1|正弦波|90|fq3|bq2,0.0814177428152,0.168588302656,0.10683759986,0.123263615773,True,False,True,True,True,True,True,True,315,1,False,False
附件一（训练集）.xlsx|材料1|911,附件一（训练集）.xlsx,材料1,911,C16AEE712BC0AD480B5285F17FA7FA57A5E22A1901D4A6ADB0A1EB83ECFB7FFC,材料1,90,90,112160,3715.695872,正弦波,1,1BD857BEEBB7B0AD683D5E605B0783AFEE765522BFD09654652A0CA2388F3412,451BF42D05717B10DA64599CB31FCA9787FA575DFE24072D4166FB04820F5E79,11.6276817023,1.75781247197e-11,0.039533842,0.078976821,0.0394884105,0.0279485320783,1.41452302,0.0279485320783,-0.0390587809,-0.027921973,4.16605e-05,0.02794780725,0.03897656895,0.000243479,0.000154251603516,0.0001722105,0.00023957,0.0002414728,0.157953642,0.353882718049,-0.494560054748,-0.353546428737,0.000527502650707,0.353873540091,0.493519091284,-0.00228866331671,-1.50032772174,1.41452302063,0.00308291720174,0.001953125,0.0021805195223,0.00303342166685,0.00305751481185,2,0.498046875,0.501953125,0.0341796875,2,4.18346644851e-06,0.999995801693,3.99937676764e-06,4.17662975892e-08,2.2494678146e-09,7.38406578295e-08,1.12134302272e-09,6.16557054221e-08,6.45487550975e-10,2.70538359717e-09,8.77745641579e-11,-3.23059821439,-2.53860087463,材料1|90|正弦波|50|-15,4434.11571872,near-shape-v1:0.02:0EA091FB6D7385244EC4E12F989A14195AF1574B183002DD694192F87693C5AB,0.02,3,1,4148.43459798,q4-hgb-amplitude_and_condition-fold-1,3918.23128866,q4-hgb-amplitude_and_condition-full,True,附件一（训练集）.xlsx|材料1|911,1,1,材料1|正弦波|90|fq1|bq1,0.0570765487696,0.110137016366,0.10683759986,0.123263615773,True,True,True,True,True,True,True,True,312,1,False,False
附件一（训练集）.xlsx|材料1|725,附件一（训练集）.xlsx,材料1,725,C16AEE712BC0AD480B5285F17FA7FA57A5E22A1901D4A6ADB0A1EB83ECFB7FFC,材料1,70,70,199500,6523.680412,正弦波,1,D755760A0B35586A88F489277B8D89AC39F68432FE6860BD14EDC9CCB6C915B2,461364026387EEB81A13CB7403115043B11A4AEF96BC770B9F0E7432ACA9C69A,12.2035695153,-7.81250012599e-11,0.027653017,0.055277463,0.0276387315,0.0195966593171,1.4111087279,0.0195966593171,-0.02734145235,-0.019595307,1.045e-05,0.0196135845,0.0273136931,0.00017103,0.000107963794922,0.0001208295,0.0001683838,0.00016986665,0.110554926,0.35451444863,-0.494622053691,-0.354489983049,0.000189047715974,0.354820636,0.494119876271,-0.000937060304204,-1.50242034797,1.41110872391,0.00309402766911,0.001953125,0.0021858727489,0.00304615644173,0.00307298202162,2,0.498046875,0.501953125,0.037109375,2,3.90473480627e-06,0.999996068395,1.89391823215e-06,1.4949466922e-06,2.24902692871e-09,2.90512040096e-07,1.97336043566e-10,2.09444302008e-07,3.83670372374e-10,1.28932091722e-08,1.74945418448e-10,-3.58802044304,-2.89538999421,材料1|70|正弦波|52|-16,5516.7768915,near-shape-v1:0.02:0772F18291C4989EAA88ED3402D818638509981F6263E65507DF2840F304ECB6,0.02,3,3,5889.54104088,q4-hgb-amplitude_and_condition-fold-3,6416.66302114,q4-hgb-amplitude_and_condition-full,True,附件一（训练集）.xlsx|材料1|725,2,1,材料1|正弦波|70|fq2|bq1,0.0857061850538,0.102244122026,0.10683759986,0.123263615773,True,True,True,False,False,False,True,True,304,1,False,False
附件一（训练集）.xlsx|材料1|741,附件一（训练集）.xlsx,材料1,741,C16AEE712BC0AD480B5285F17FA7FA57A5E22A1901D4A6ADB0A1EB83ECFB7FFC,材料1,70,70,223850,4050.751571,正弦波,1,FFAD5DE077FE9C95FC347E8BBB6E1DEFDE0692418DE390787BC054150733E770,462A8F3D1E4F880C978E8925C13124003B5623EC7E2D84C575FEF7B109B16252,12.3187314637,-3.51562494394e-11,0.019705733,0.039397897,0.0196989485,0.0139408893124,1.4135205121,0.0139408893124,-0.0194679895,-0.0139340055,7.125e-06,0.0139381565,0.0194554375,0.000121263,7.69490175781e-05,8.58645e-05,0.0001194247,0.0001205776,0.078795794,0.353848564872,-0.494137782655,-0.353673838602,0.000180848108625,0.353779201341,0.493819188754,-0.000691143631773,-1.50026125054,1.41352050958,0.00307790540191,0.001953125,0.00217941835829,0.003031245551,0.00306050853425,2,0.4990234375,0.5009765625,0.03515625,2,8.77039772073e-07,0.999999112643,7.46356988082e-07,1.91673930325e-08,2.19476127259e-09,6.12348854509e-08,7.81563844489e-10,4.46849520547e-08,2.03837389189e-11,2.33231002536e-09,2.65756323305e-10,-3.92684567035,-3.23404283974,材料1|70|正弦波|53|-18,4411.12833205,near-shape-v1:0.02:B8B462475F2FC2D982DAE9D5DF73D4FFAF4B1301DE6F5C02795B681E413689E0,0.02,4,1,3596.5738817,q4-hgb-amplitude_and_condition-fold-1,3632.67494404,q4-hgb-amplitude_and_condition-full,True,附件一（训练集）.xlsx|材料1|741,2,0,材料1|正弦波|70|fq2|bq0,0.00998482091795,0.118889577765,0.10683759986,0.123263615773,True,True,True,False,False,False,True,True,306,1,False,False
附件一（训练集）.xlsx|材料1|927,附件一（训练集）.xlsx,材料1,927,C16AEE712BC0AD480B5285F17FA7FA57A5E22A1901D4A6ADB0A1EB83ECFB7FFC,材料1,90,90,125860,1610.815256,正弦波,1,3724A8120C410A9CA210D7AFBA60E3359A1BB4C3CBA8664AB902E40F05D01DC9,49219677E2A59C80E2BE1C6E32928F2EDBF022B3D3202A20C6459BB84AA263B3,11.7429254571,-8.78906322721e-12,0.02475458,0.049500993,0.0247504965,0.0175405172374,1.41127993348,0.0175405172374,-0.02446277525,-0.01756353325,4.3e-06,0.01754306275,0.0244579819,0.00015317,9.66816269531e-05,0.000107451,0.0001508672,0.0001521608,0.099001986,0.354346775173,-0.494187565918,-0.354811735619,8.68671218184e-05,0.354398198816,0.494090732862,-0.000365952598641,-1.50268821733,1.41127993298,0.00309428136118,0.001953125,0.0021706837275,0.00304776108229,0.00307389389138,2,0.4990234375,0.5009765625,0.03515625,2,2.94356420075e-06,0.9999970352,9.94413908549e-07,1.82497622426e-06,3.12422016625e-09,7.97608668094e-08,3.38085661247e-10,2.88242775775e-08,4.95964978861e-10,1.11769898098e-08,4.44935857428e-10,-3.69874475658,-3.005762549,材料1|90|正弦波|50|-17,3115.6114388,near-shape-v1:0.02:5CF824086B9BCFB22B34DB6D878D3B7E5A5C65F7390B0B2CF1844E03123A7448,0.02,2,2,1763.38158483,q4-hgb-amplitude_and_condition-fold-2,1644.69358222,q4-hgb-amplitude_and_condition-full,True,附件一（训练集）.xlsx|材料1|927,1,0,材料1|正弦波|90|fq1|bq0,0.0696383262371,0.0904392200644,0.10683759986,0.123263615773,True,True,True,True,True,True,True,True,339,1,False,False
附件一（训练集）.xlsx|材料1|769,附件一（训练集）.xlsx,材料1,769,C16AEE712BC0AD480B5285F17FA7FA57A5E22A1901D4A6ADB0A1EB83ECFB7FFC,材料1,70,70,251170,140342.3796,正弦波,1,6D8D654848D02A74167D8F2E37F84633F0F2EBB331120EC784E565C41832D351,4A2F478C2CBAB9DD813981B5538E223056BC4CF47322FA64FC952E9D9D374235,12.4338852797,-1.95312169216e-12,0.078536768,0.156842353,0.0784211765,0.0554969718712,1.41515411295,0.0554969718712,-0.0775978442,-0.055501319,0.0001191505,0.05546281875,0.0773658938,0.000484778,0.000306332720703,0.0003410475,0.0004741342,0.0004782864,0.313684706,0.353839194641,-0.494750574152,-0.353866911178,0.000759683208483,0.353621440198,0.493271698123,-0.00313789422931,-1.49976849465,1.41515411292,0.00309086156084,0.001953125,0.00217446049155,0.00302299851367,0.00304947223025,2,0.4970703125,0.5029296875,0.03515625,2,1.45341312156e-05,0.999985448672,1.4246359781e-05,1.34376031319e-08,7.46893252494e-10,2.55303871112e-07,1.02626794912e-09,1.63311503103e-08,3.00539166434e-10,2.4621706999e-10,1.67401637434e-10,-2.54418838168,-1.85251409912,材料1|70|正弦波|53|-12,19726.0800186,near-shape-v1:0.02:AEF372BF3788FE838BED297A16E8E8879EC3F2A22635E6DA96036D2815D07E75,0.02,3,2,150230.510988,q4-hgb-amplitude_and_condition-fold-2,149448.797944,q4-hgb-amplitude_and_condition-full,True,附件一（训练集）.xlsx|材料1|769,2,2,材料1|正弦波|70|fq2|bq2,0.00521697412337,0.0680853798046,0.10683759986,0.123263615773,True,True,True,False,False,False,True,True,320,1,False,False
附件一（训练集）.xlsx|材料1|957,附件一（训练集）.xlsx,材料1,957,C16AEE712BC0AD480B5285F17FA7FA57A5E22A1901D4A6ADB0A1EB83ECFB7FFC,材料1,90,90,158500,824.0751503,正弦波,1,74E0F00A4429933A135CF35687C00935A1CE3F604DA15B9C896D6DDEBF9855EB,4DEDCDB5C09C1D4F67A75C63A8B05B53F96319BF5F4179447A74CFA72F48BB69,11.9735098723,2.24609384911e-11,0.014446463,0.028883826,0.014441913,0.0102191451201,1.41366648876,0.0102191451201,-0.0142708438,-0.01021461975,4.5e-06,0.010206701,0.01426678335,8.8925e-05,5.64137226563e-05,6.29265e-05,8.75793e-05,8.83915e-05,0.057767652,0.35380164387,-0.494077336654,-0.353644969765,0.000155795757081,0.353370809585,0.493936756423,-0.000641610260139,-1.50007648545,1.41366649096,0.00307871263315,0.001953125,0.00217860680922,0.00303212254498,0.00306024208843,2,0.4990234375,0.5,0.0341796875,2,5.28075920645e-07,0.999999463926,4.42110494915e-07,1.64655789871e-09,1.69871582526e-09,3.14735031866e-08,2.15626083535e-10,4.54818517019e-08,1.24760000304e-10,5.31956618779e-09,4.56175841588e-12,-4.23730566947,-3.54447349451,材料1|90|正弦波|52|-19,2289.7643855,near-shape-v1:0.02:8A2AA8AB65D177BE8D20515CF9EBE317535033AAD49C7485962735438CB8C1CC,0.02,3,4,790.322611411,q4-hgb-amplitude_and_condition-fold-4,774.185673384,q4-hgb-amplitude_and_condition-full,True,附件一（训练集）.xlsx|材料1|957,1,0,材料1|正弦波|90|fq1|bq0,0.020603158005,0.0417687362349,0.10683759986,0.123263615773,True,True,True,True,False,True,True,True,312,1,False,False
附件一（训练集）.xlsx|材料1|960,附件一（训练集）.xlsx,材料1,960,C16AEE712BC0AD480B5285F17FA7FA57A5E22A1901D4A6ADB0A1EB83ECFB7FFC,材料1,90,90,158500,2832.921144,正弦波,1,186CF993CBA99CB5FCB611FE7E2DEB6929B45C808AC9DB0DB1DDFDACCD241D37,55E05A6C71F2EA98E4897B6A451DC395B02F3E269F548BE97CA68FF537F2790B,11.9735098723,8.00781246868e-11,0.024839415,0.049659544,0.024829772,0.0175750914174,1.41333062856,0.0175750914174,-0.02454448925,-0.01756780125,1.07e-05,0.017566636,0.02452366875,0.000152775,9.6991296875e-05,0.0001081095,0.000150418,0.00015179855,0.099319088,0.353911655279,-0.494255229772,-0.353764853944,0.000215465529081,0.353741385944,0.493835961722,-0.000881230858938,-1.50003670194,1.41333063312,0.00307644790294,0.001953125,0.00217701354648,0.00302898472044,0.00305678501599,2,0.4990234375,0.5009765625,0.03515625,2,1.27088060629e-06,0.999998707726,9.598144169e-07,1.05157819575e-09,4.66401964556e-10,2.77263845509e-07,1.09703555486e-09,3.04295818262e-08,2.76338066318e-10,1.42697007443e-10,3.37068939519e-10,-3.69532357292,-3.00256468138,材料1|90|正弦波|52|-17,3937.0472775,near-shape-v1:0.02:305616E8A3C37EE94F93CDD1444CF75A0E93FA3BEEEA1F997EB50E1CB2488549,0.02,0,4,2720.45619525,q4-hgb-amplitude_and_condition-fold-4,2727.85713674,q4-hgb-amplitude_and_condition-full,True,附件一（训练集）.xlsx|材料1|960,1,0,材料1|正弦波|90|fq1|bq0,0.00271578736414,0.0404942129476,0.10683759986,0.123263615773,True,True,True,True,True,True,True,True,331,1,False,False
附件一（训练集）.xlsx|材料2|727,附件一（训练集）.xlsx,材料2,727,C16AEE712BC0AD480B5285F17FA7FA57A5E22A1901D4A6ADB0A1EB83ECFB7FFC,材料2,70,70,158500,819.0847142,正弦波,1,CAE558FC237716884239D21F10D47384A18FF73E54870564F8797A1F953A952E,58F89E09A3403A120BF4638F01EB11D7B7C763551378238CA0BC1B9152722C6E,11.9735098723,7.71484378118e-11,0.014495782,0.028981115,0.0144905575,0.0102544545357,1.41360829575,0.0102544545357,-0.01430803385,-0.01025404425,-5.8e-06,0.01024550475,0.01432233225,8.924e-05,5.66037402344e-05,6.2823e-05,8.78303e-05,8.869985e-05,0.05796223,0.353832298574,-0.493701982382,-0.353818144235,-0.000200132988273,0.35352348151,0.49419534662,0.000802483790987,-1.50049365056,1.41360828822,0.00307924660594,0.001953125,0.00216772198033,0.00303060458509,0.00306060860667,2,0.5009765625,0.4990234375,0.0341796875,2,6.53031864889e-07,0.999999341292,5.26176184658e-07,7.06606354914e-08,1.43629887861e-09,2.77072286128e-08,6.60391909546e-10,6.99243315416e-09,5.41675388099e-11,1.83035092108e-08,1.04058527758e-09,-4.23389756843,-3.54111086802,材料2|70|正弦波|52|-19,2297.581447,near-shape-v1:0.02:70D4852326677106706F47D058FFF83B5926D763B3A9EAB6DF4F8B9F27B14BB9,0.02,0,3,893.463021037,q4-hgb-amplitude_and_condition-fold-3,858.132926325,q4-hgb-amplitude_and_condition-full,True,附件一（训练集）.xlsx|材料2|727,1,0,材料2|正弦波|70|fq1|bq0,0.0402999062788,0.0868159167998,0.104291900272,0.124780990562,True,True,True,False,True,False,True,True,312,1,False,False
附件一（训练集）.xlsx|材料1|2876,附件一（训练集）.xlsx,材料1,2876,C16AEE712BC0AD480B5285F17FA7FA57A5E22A1901D4A6ADB0A1EB83ECFB7FFC,材料1,70,70,396820,184272.6492,三角波,2,00A2CA23555BF4C7B644B908118997B27D987B74986F693AD0302EBD9E6AD29E,598C1774B37ABB7D5ECAFDF02640190FCE80C27521B1418FA2303D8792257BD3,12.8912380563,-5.76171887978e-11,0.061958428,0.123568926,0.061784463,0.0361116363756,1.71574689542,0.0361116363756,-0.0562338496,-0.03128670975,-2.79025e-05,0.03124094275,0.0563597838,0.000326326,0.000241345558594,0.000203391,0.0003086124,0.000309431,0.247137852,0.292238813953,-0.455080831101,-0.253192373723,-0.00022580468477,0.252821998369,0.456099973367,0.00195547781151,-1.20234511788,1.71574689701,0.0026408419217,0.001953125,0.00164597206259,0.00249749196655,0.00250411660938,2,0.3984375,0.6015625,0.0009765625,2,0.034811173893,0.966223675404,0.0245222872736,0.00416322996185,0.00385602465487,4.70729102616e-06,0.000698289674971,0.000178936205983,6.61145816261e-05,0.000144741892331,1.04884777131e-06,-2.78129163496,-2.09095617333,材料1|70|三角波|55|-13,24586.343399,near-shape-v1:0.02:3C03F274D569F93086DDCD32B0E345ADFFA4922B7C787D9FB2AF0D3F25B2F725,0.02,1,3,187071.316295,q4-hgb-amplitude_and_condition-fold-3,185190.677432,q4-hgb-amplitude_and_condition-full,True,附件一（训练集）.xlsx|材料1|2876,3,2,材料1|三角波|70|fq3|bq2,0.0101038773233,0.0150733835537,0.0995572085612,0.117891287822,True,True,True,True,True,True,False,True,316,1,False,False
附件一（训练集）.xlsx|材料1|3149,附件一（训练集）.xlsx,材料1,3149,C16AEE712BC0AD480B5285F17FA7FA57A5E22A1901D4A6ADB0A1EB83ECFB7FFC,材料1,90,90,396820,651234.5924,三角波,2,A52AA39C6B0A68FB4E631914DC99933E05915DAD5B7D54E95D7ED76DAB639529,5B4281C443693AC413A4DF552BB430E486172B27305C507431DAEB101D07BBCF,12.8912380563,-5.85937548481e-12,0.109474625,0.218307042,0.109153521,0.0639071684489,1.71302574746,0.0639071684489,-0.0995257855,-0.05531459525,-3.30825e-05,0.05527827825,0.09966231315,0.00057335,0.000426380941406,0.0003598045,0.0005464031,0.0005481959,0.436614084,0.292739839556,-0.455898190834,-0.253379802765,-0.000151541122254,0.253213445381,0.456523583677,0.0016852796642,-1.20301298239,1.71302574755,0.00262634679462,0.001953125,0.0016481580104,0.00250291101466,0.00251112330128,2,0.3984375,0.6015625,0.0009765625,2,0.0348045603251,0.966236205629,0.0245604683443,0.0041403973685,0.00384763413512,4.92204047905e-06,0.000688969456076,0.000179053912801,6.47132695925e-05,0.000142108203794,1.15957638655e-06,-2.21206249174,-1.52185275759,材料1|90|三角波|55|-10,43441.7206925,near-shape-v1:0.02:AEB5429EFF641E5CF8DEFFA0326ABD14E5DA94ABEFA48F50D1B6B447573518C3,0.02,1,3,657350.171233,q4-hgb-amplitude_and_condition-fold-3,678589.161785,q4-hgb-amplitude_and_condition-full,True,附件一（训练集）.xlsx|材料1|3149,3,3,材料1|三角波|90|fq3|bq3,0.0317989715429,0.00934691306186,0.0995572085612,0.117891287822,True,True,True,True,True,True,True,True,296,1,False,False
附件一（训练集）.xlsx|材料1|3155,附件一（训练集）.xlsx,材料1,3155,C16AEE712BC0AD480B5285F17FA7FA57A5E22A1901D4A6ADB0A1EB83ECFB7FFC,材料1,90,90,354610,2887987.738,三角波,2,03BB48920D8927D72483D282AD585471BD9334BDECEC348D284E09822924F8F1,5BFBCDF280F65BE3ADCF5A07DC904E978E4499C66582BB7E49CD5182B104D099,12.778773873,4.1992187505e-11,0.21846172,0.435751209,0.2178756045,0.127655516945,1.71133786638,0.127655516945,-0.1992350867,-0.11057056775,0.000111353,0.110458721,0.1987377703,0.001144539,0.000851076580078,0.000721018,0.0010899139,0.0010920306,0.871502418,0.292955049369,-0.457222108917,-0.253747013223,0.000255542510745,0.253490337322,0.456080823537,-0.00197597130461,-1.2032268907,1.71133786671,0.00262658823742,0.001953125,0.0016546551911,0.00250122977857,0.00250608736693,2,0.6005859375,0.3994140625,0.0009765625,2,0.0343987427501,0.966616972899,0.0241217710302,0.00424669960253,0.00380425736514,2.61559858274e-06,0.000696659457494,0.000168084262322,6.9735514196e-05,0.000140002324776,5.83433419537e-07,-1.5211444743,-0.830683820059,材料1|90|三角波|55|-7,77468.7105292,near-shape-v1:0.02:8188412DB8D04F2BAA79712BE2708235391769123590D6C5528ABFA255EF7212,0.02,4,2,2615369.66979,q4-hgb-amplitude_and_condition-fold-2,2651771.51561,q4-hgb-amplitude_and_condition-full,True,附件一（训练集）.xlsx|材料1|3155,3,3,材料1|三角波|90|fq3|bq3,0.0138224552155,0.0991544864372,0.0995572085612,0.117891287822,True,True,True,True,False,True,True,True,308,1,False,False
附件一（训练集）.xlsx|材料1|3163,附件一（训练集）.xlsx,材料1,3163,C16AEE712BC0AD480B5285F17FA7FA57A5E22A1901D4A6ADB0A1EB83ECFB7FFC,材料1,90,90,396820,292612.6171,三角波,2,CAAED75009C00CAF64AE5B847C5D339A37BA447F412FFC03B4E0A4F04EA35895,617BEAC0D02C517BA56D0C86438A65F819B377D8E841385816ABFAD079F104D8,12.8912380563,-3.90624685376e-12,0.077643211,0.15491863,0.077459315,0.0453279162828,1.71292257327,0.0453279162828,-0.07064180375,-0.0392377275,1.055e-05,0.03925713575,0.07060161785,0.00040714,0.000302575449219,0.00025535,0.0003870836,0.0003878974,0.30983726,0.292591770808,-0.455992954147,-0.253279592623,6.8100291787e-05,0.253404872958,0.45573355415,-0.00146463305695,-1.20285252096,1.71292257318,0.00262808933955,0.001953125,0.00164828465111,0.00249862524604,0.00250387832632,2,0.6005859375,0.3994140625,0.001953125,2,0.034612511509,0.966413249287,0.0243363550983,0.00420058092474,0.0038294079257,3.73911929475e-06,0.000695337170233,0.000174220825121,6.76295951103e-05,0.000141872878786,8.46176152245e-07,-2.55563116399,-1.86485526765,材料1|90|三角波|55|-12,30810.378989,near-shape-v1:0.02:62D8629158483FF34D8F33004E59475DECFC6C58F7B69BB4AB661F20BBF82F6F,0.02,1,4,302359.83049,q4-hgb-amplitude_and_condition-fold-4,290620.068936,q4-hgb-amplitude_and_condition-full,True,附件一（训练集）.xlsx|材料1|3163,3,2,材料1|三角波|90|fq3|bq2,0.0396008571045,0.0327680813322,0.0995572085612,0.117891287822,True,True,True,True,True,True,False,True,332,1,False,False
附件一（训练集）.xlsx|材料1|702,附件一（训练集）.xlsx,材料1,702,C16AEE712BC0AD480B5285F17FA7FA57A5E22A1901D4A6ADB0A1EB83ECFB7FFC,材料1,70,70,177820,1240.280021,正弦波,1,142246976A98C8775857A251FCE2FC21B75BD3F471C6E710E9F35028C680FFC4,69E6BF1427BB0CAAAF6D6AF498C795B084112FE905EFE8F212720860869A16CE,12.0885270817,-5.56640627689e-11,0.015524787,0.031041619,0.0155208095,0.0110002373249,1.41131382365,0.0110002373249,-0.0153461868,-0.011002672,3.8e-06,0.01100348375,0.0153373093,9.5953e-05,6.06281621094e-05,6.71845e-05,9.43999e-05,9.538625e-05,0.062083238,0.354370605634,-0.494374560307,-0.354449036448,0.000122418088569,0.35447519041,0.494088576877,-0.000574464085899,-1.50246539915,1.41131381859,0.00309110810232,0.001953125,0.0021643362094,0.00304107527381,0.00307285035616,2,0.5,0.5,0.0361328125,2,2.18765918233e-06,0.999997791863,4.38389714263e-07,1.54763569519e-06,1.081719859e-09,1.36852404258e-07,1.81774914739e-09,2.53829489536e-08,5.21319466638e-11,3.57421043156e-08,6.99883741589e-10,-4.16531737106,-3.47242642652,材料1|70|正弦波|52|-19,2760.61762434,near-shape-v1:0.02:9A96DE5A2149C0F3904D0DD09B1720E962AF802A2F5A936395323B630C4D987F,0.02,3,3,1186.95162364,q4-hgb-amplitude_and_condition-fold-3,1249.40495821,q4-hgb-amplitude_and_condition-full,True,附件一（训练集）.xlsx|材料1|702,2,0,材料1|正弦波|70|fq2|bq0,0.0512369661468,0.0439126229179,0.10683759986,0.123263615773,True,True,True,False,False,False,True,True,311,1,False,False
附件一（训练集）.xlsx|材料1|942,附件一（训练集）.xlsx,材料1,942,C16AEE712BC0AD480B5285F17FA7FA57A5E22A1901D4A6ADB0A1EB83ECFB7FFC,材料1,90,90,141260,966.768255,正弦波,1,0C2D8E61D170BA0F0FDC8B73FFAD6C4C21195250173E0BCA701322894B940909,6B5A579BCBDE73B716D54086B752621E9B732146E1C2F61F9BD9AFABBCE4970E,11.858357443,5.07812489975e-11,0.017453549,0.034900449,0.0174502245,0.0123716741777,1.41076694627,0.0123716741777,-0.0172541657,-0.012383733,4.9e-06,0.0123718435,0.01724844915,0.000108045,6.81649394531e-05,7.5754e-05,0.0001064821,0.00010729635,0.069800898,0.354484670892,-0.494382343069,-0.354830192895,0.000140397884817,0.354489521015,0.494218544272,-0.00057229448547,-1.50275162714,1.41076695038,0.00309580544365,0.001953125,0.00217057379405,0.00305102378482,0.00307435443023,2,0.498046875,0.501953125,0.0380859375,2,2.7976744718e-06,0.999997182344,5.95772728209e-07,1.92351393277e-06,1.4119057899e-09,1.11195479498e-07,6.24443755139e-10,1.1405096986e-07,3.10171342216e-09,4.71909366111e-08,8.04479005746e-10,-4.04821226992,-3.35525558453,材料1|90|正弦波|51|-18,2465.48833174,near-shape-v1:0.02:69FA0D6FA5489284890A13694A8752DE048F80FDC97B4BC7A19853505A3290D8,0.02,3,3,976.031701109,q4-hgb-amplitude_and_condition-fold-3,927.003618073,q4-hgb-amplitude_and_condition-full,True,附件一（训练集）.xlsx|材料1|942,1,0,材料1|正弦波|90|fq1|bq0,0.0514834673514,0.00952644629291,0.10683759986,0.123263615773,True,True,True,True,True,True,True,True,316,1,False,False
附件一（训练集）.xlsx|材料1|988,附件一（训练集）.xlsx,材料1,988,C16AEE712BC0AD480B5285F17FA7FA57A5E22A1901D4A6ADB0A1EB83ECFB7FFC,材料1,90,90,177820,59060.94231,正弦波,1,F358A4D5FF7FB2EC8C73C0B740AB123F9497D4B72B24FC0B86C7550CD320FF0E,6B7990EEC7232A04E1E8F3A2DBE8EFCE4339C4DA7653D10AD4E86C4981845EDA,12.0885270817,-4.88281290401e-12,0.077921182,0.155637056,0.077818528,0.0551449430199,1.41302497986,0.0551449430199,-0.0770110084,-0.05515358325,0.0001071915,0.05516299575,0.07681187735,0.000482798,0.000303978625,0.000336756,0.0004727764,0.00047718895,0.311274112,0.354317567019,-0.494811520947,-0.354373082238,0.000688727399745,0.354433559543,0.49353206318,-0.00286784514582,-1.50216716396,1.41302497977,0.00310207615338,0.001953125,0.00216372635576,0.00303768531833,0.00306603685693,2,0.498046875,0.501953125,0.037109375,2,1.15924867107e-05,0.999988385363,1.01782224682e-05,1.21608907563e-06,2.88200301347e-09,1.20372964056e-07,2.64922421997e-09,3.05388847591e-08,8.5396543531e-10,4.04727529739e-08,2.70729948818e-10,-2.55205745036,-1.86022854649,材料1|90|正弦波|52|-12,13855.9445832,near-shape-v1:0.02:84479D838728A3B9807D7751A109327874A65A65B4BAEA1975682B32BDCF78A9,0.02,2,4,61115.3228536,q4-hgb-amplitude_and_condition-fold-4,62274.9082151,q4-hgb-amplitude_and_condition-full,True,附件一（训练集）.xlsx|材料1|988,2,2,材料1|正弦波|90|fq2|bq2,0.0187956646729,0.0341922174738,0.10683759986,0.123263615773,True,True,True,True,True,True,True,True,310,1,False,False
附件一（训练集）.xlsx|材料1|1019,附件一（训练集）.xlsx,材料1,1019,C16AEE712BC0AD480B5285F17FA7FA57A5E22A1901D4A6ADB0A1EB83ECFB7FFC,材料1,90,90,223860,43466.30167,正弦波,1,4F50A212B7657230561355DC159B5ECF5A0C3A093E9D36CAFA999571967100A4,6BD20B1F9F419B0E43A88D7753A6D88C5847D926D2AFE7FF1D34629606AD4420,12.3187761354,-5.85937201536e-12,0.055685645,0.111251866,0.055625933,0.0394309810638,1.41223077635,0.0394309810638,-0.0550413867,-0.039435709,5.81445e-05,0.03941814625,0.0549321016,0.000344961,0.000217288800781,0.0002409595,0.0003389577,0.0003415145,0.222503732,0.354429839979,-0.494745739313,-0.354472337517,0.000522638477447,0.354314472854,0.493763417917,-0.0022181449527,-1.50265320489,1.4122307762,0.00310072102521,0.001953125,0.00216589176131,0.00304675968311,0.00306974176954,2,0.498046875,0.501953125,0.037109375,2,9.03014253976e-06,0.999990953731,6.97208265841e-06,1.81899259232e-06,1.64949180393e-10,8.50254889978e-08,1.53122612961e-09,1.02668987113e-07,7.0682265828e-10,4.84150543482e-08,4.73071500056e-10,-2.88803288519,-2.19595858504,材料1|90|正弦波|53|-13,12465.7884897,near-shape-v1:0.02:AF5ADE007572822BED223DBE1F9A1AF0CA69821BED61CDB959A54B04340125C5,0.02,2,2,46439.0973257,q4-hgb-amplitude_and_condition-fold-2,44533.038905,q4-hgb-amplitude_and_condition-full,True,附件一（训练集）.xlsx|材料1|1019,2,2,材料1|正弦波|90|fq2|bq2,0.0419094365734,0.0661542828673,0.10683759986,0.123263615773,True,True,True,True,True,True,True,True,321,1,False,False
附件一（训练集）.xlsx|材料1|2875,附件一（训练集）.xlsx,材料1,2875,C16AEE712BC0AD480B5285F17FA7FA57A5E22A1901D4A6ADB0A1EB83ECFB7FFC,材料1,70,70,396820,86005.21367,三角波,2,1FC32DC6C5D5C336AE2CA480E7C54FEC8DDE66422205CFD658D861572BEA1F28,6CAA2AC7D9433A27C3C52AC7FF6B44D1ACF27ACDB3AFFF095771647C88A9D8B2,12.8912380563,-9.76562580801e-13,0.043690438,0.087154954,0.043577477,0.0254422360909,1.71724049112,0.0254422360909,-0.0395955567,-0.0220330065,-1.365e-05,0.022011698,0.0397092833,0.000230721,0.000170224519531,0.0001434045,0.0002176989,0.00021818525,0.174309908,0.291919563068,-0.454312174831,-0.25280268634,-0.000156617591967,0.252558196531,0.455617053059,0.00206065899715,-1.20170007318,1.71724049116,0.00264725055101,0.001953125,0.00164539700176,0.00249783735759,0.00250341764853,2,0.3984375,0.6015625,0.0009765625,2,0.0349764641384,0.966065827188,0.0246643957322,0.00415171803147,0.00387119103529,5.38237536816e-06,0.000699174188745,0.000182501528919,6.60885934229e-05,0.000147900579738,1.21469484165e-06,-3.13062601089,-2.44006766411,材料1|70|三角波|55|-14,17337.2396072,near-shape-v1:0.02:6A064962C986AE017B9065C45AC089668F542C9533301AED5727F018EC19184E,0.02,1,1,71389.4018181,q4-hgb-amplitude_and_condition-fold-1,76864.8880591,q4-hgb-amplitude_and_condition-full,True,附件一（训练集）.xlsx|材料1|2875,3,1,材料1|三角波|70|fq3|bq1,0.0738987577977,0.186256113629,0.0995572085612,0.117891287822,True,False,True,True,True,True,False,True,311,1,False,False
附件一（训练集）.xlsx|材料1|782,附件一（训练集）.xlsx,材料1,782,C16AEE712BC0AD480B5285F17FA7FA57A5E22A1901D4A6ADB0A1EB83ECFB7FFC,材料1,70,70,281850,20371.23037,正弦波,1,04473846B32A6DAA6D78A52D407DF731C15512763D961CEFC058352A73C6A930,6F8227A00A4FAE159BDB6A724C0B6A970356ADD1A3A1AB82C0A55C4FF6B4647D,12.5491302935,1.85546873005e-11,0.031172499,0.062307719,0.0311538595,0.0220663534137,1.41267106601,0.0220663534137,-0.03080845785,-0.022059311,1.85e-05,0.02208148525,0.0307696725,0.000191607,0.000121694763672,0.0001353165,0.0001893768,0.00019074895,0.124615438,0.354151199368,-0.494456519401,-0.354038173321,0.00029691315526,0.354394055598,0.493834038146,-0.00129787495474,-1.5016258599,1.41267106685,0.00307517275669,0.001953125,0.00217174536593,0.00303937943869,0.00306140158975,2,0.4990234375,0.5009765625,0.0361328125,2,2.76795579585e-06,0.999997220886,1.88017754268e-06,6.75286990608e-07,1.40645511622e-08,1.6600869357e-07,4.83724512702e-09,8.42349310318e-10,2.31577737601e-09,2.38620553476e-08,5.52898202877e-10,-3.46821901517,-2.77566996038,材料1|70|正弦波|54|-16,8785.96884315,near-shape-v1:0.02:AF5ADE007572822BED223DBE1F9A1AF0CA69821BED61CDB959A54B04340125C5,0.02,2,0,17870.614455,q4-hgb-amplitude_and_condition-fold-0,19663.3148222,q4-hgb-amplitude_and_condition-full,True,附件一（训练集）.xlsx|材料1|782,3,1,材料1|正弦波|70|fq3|bq1,0.0955918932523,0.130959047604,0.10683759986,0.123263615773,True,False,True,False,False,False,False,True,325,1,False,False
附件一（训练集）.xlsx|材料1|748,附件一（训练集）.xlsx,材料1,748,C16AEE712BC0AD480B5285F17FA7FA57A5E22A1901D4A6ADB0A1EB83ECFB7FFC,材料1,70,70,223860,47695.16791,正弦波,1,8E935ABD1B2A2C5EFE10433F292A76701633D324FA803331250DE8F523774C23,700E992E67E706DA33C3AA349473AACA0C41B23CDEE9652F9D6498526020ED5F,12.3187761354,-1.9531251616e-11,0.055652848,0.11120704,0.05560352,0.0394190208641,1.41182725446,0.0394190208641,-0.0550173163,-0.03942000925,4.5285e-05,0.03940726025,0.054917988,0.000345268,0.00021720125,0.000241386,0.000338803,0.0003416039,0.22241408,0.35446515674,-0.494728717539,-0.354474044363,0.000407213603844,0.354359402692,0.493835534329,-0.00184746198476,-1.50259646915,1.41182725396,0.00310473149901,0.001953125,0.00217059999079,0.00304659669028,0.00307178304539,2,0.4970703125,0.5029296875,0.0380859375,2,8.89830682408e-06,0.999991082214,6.87107745476e-06,1.73924297457e-06,9.74466065045e-10,1.24680588234e-07,1.7698178639e-10,1.30422765196e-07,7.05734927567e-10,3.01345467883e-08,8.11958561635e-10,-2.88862202557,-2.19636158982,材料1|70|正弦波|53|-13,12458.4465533,near-shape-v1:0.02:4D7005B87275B620047B619626548FCA4C82A6333B2AB2226C1A7947CB20D068,0.02,1,4,46251.4745609,q4-hgb-amplitude_and_condition-fold-4,48108.968217,q4-hgb-amplitude_and_condition-full,True,附件一（训练集）.xlsx|材料1|748,2,2,材料1|正弦波|70|fq2|bq2,0.0393744285327,0.0307360908039,0.10683759986,0.123263615773,True,True,True,False,False,False,True,True,326,1,False,False
附件一（训练集）.xlsx|材料1|784,附件一（训练集）.xlsx,材料1,784,C16AEE712BC0AD480B5285F17FA7FA57A5E22A1901D4A6ADB0A1EB83ECFB7FFC,材料1,70,70,281850,46219.68547,正弦波,1,6261DCB89351E440675A2920A18239E58430FFF0DF31E75EE97F23243E7C2409,739DA20938BF47B9A83BB32B8D661372B9346B2C80C570AEF7CFC2504383C85D,12.5491302935,-1.26953118157e-11,0.044115739,0.088164206,0.044082103,0.0312469572073,1.41184111808,0.0312469572073,-0.0436015446,-0.03126713125,3.58595e-05,0.03125571775,0.04355180035,0.000273467,0.000172195714844,0.0001910605,0.0002686321,0.00027092185,0.176328412,0.354417723756,-0.494549279867,-0.354646547118,0.000406735503242,0.354517090107,0.493985057413,-0.00163234094371,-1.50256352852,1.41184111767,0.00310179167269,0.001953125,0.0021670982893,0.0030469519569,0.00307292338117,2,0.498046875,0.501953125,0.037109375,2,7.98753739555e-06,0.999991996929,6.06783192105e-06,1.6781936331e-06,1.45899393296e-09,7.56091690437e-08,2.51106308501e-09,1.24373924539e-07,2.14756045524e-09,3.49590796002e-08,3.88125910076e-10,-3.12093866678,-2.428554226,材料1|70|正弦波|54|-14,12434.0210371,near-shape-v1:0.02:0772F18291C4989EAA88ED3402D818638509981F6263E65507DF2840F304ECB6,0.02,3,2,44190.4692366,q4-hgb-amplitude_and_condition-fold-2,44388.7180398,q4-hgb-amplitude_and_condition-full,True,附件一（训练集）.xlsx|材料1|784,3,1,材料1|正弦波|70|fq3|bq1,0.004476100181,0.0448956685699,0.10683759986,0.123263615773,True,True,True,False,False,False,False,True,275,1,False,False
附件一（训练集）.xlsx|材料1|1016,附件一（训练集）.xlsx,材料1,1016,C16AEE712BC0AD480B5285F17FA7FA57A5E22A1901D4A6ADB0A1EB83ECFB7FFC,材料1,90,90,223850,14182.30884,正弦波,1,659F5F0DDA4A3CB7DD1980B6A94F8BB2B6678451D65D7D9C6F1071CA52D42D73,765C0BBF529DE94284ADA201AFF14B97AD40DEB0AEAEAAF620CA70106792D541,12.3187314637,1.75781247197e-11,0.034971398,0.069904222,0.034952111,0.0247659915447,1.41207340465,0.0247659915447,-0.0345628827,-0.024774242,2.1375e-05,0.0247802615,0.03452860065,0.000216403,0.000136531683594,0.0001518145,0.0002127777,0.00021478585,0.139808444,0.354284631687,-0.494431977479,-0.354402657075,0.00030577527094,0.354488767251,0.493941562391,-0.00120602109918,-1.50241662425,1.41207340536,0.00309570715199,0.001953125,0.00217175008399,0.00304384619287,0.00307257335616,2,0.4990234375,0.5009765625,0.0361328125,2,3.79766608997e-06,0.999996184489,2.18197930673e-06,1.49208418149e-06,9.21876642512e-10,8.17459868238e-08,2.59777308863e-10,2.73293734893e-08,2.18542349491e-10,1.27387811762e-08,3.73773921368e-10,-3.35322475158,-2.66062923099,材料1|90|正弦波|53|-15,7828.3474423,near-shape-v1:0.02:AF5ADE007572822BED223DBE1F9A1AF0CA69821BED61CDB959A54B04340125C5,0.02,2,4,13623.8998997,q4-hgb-amplitude_and_condition-fold-4,14138.7077897,q4-hgb-amplitude_and_condition-full,True,附件一（训练集）.xlsx|材料1|1016,2,1,材料1|正弦波|90|fq2|bq1,0.0370880010344,0.040166845729,0.10683759986,0.123263615773,True,True,True,True,False,True,True,True,327,1,False,False
附件一（训练集）.xlsx|材料1|943,附件一（训练集）.xlsx,材料1,943,C16AEE712BC0AD480B5285F17FA7FA57A5E22A1901D4A6ADB0A1EB83ECFB7FFC,材料1,90,90,141260,2077.609685,正弦波,1,A7A1826B4A1AC1EF9F3F8EA0A8183DE4091AC64C35A71B121C4576269E0E4598,7698039E12AC1106795F5C9A40F9D51DF7E196C34E47C853FC15EB8511E768D2,11.858357443,-1.17187509696e-11,0.024632156,0.049241527,0.0246207635,0.0174430245115,1.41214936571,0.0174430245115,-0.02433935915,-0.01746261775,1.023e-05,0.01744791075,0.0243257065,0.000151668,9.61748574219e-05,0.0001071035,0.0001496616,0.0001508324,0.098483054,0.354234029167,-0.49428522268,-0.354631929637,0.000207751715717,0.35433325944,0.494007964288,-0.000919163780114,-1.50186349836,1.41214936504,0.00308008319888,0.001953125,0.00217506455476,0.0030393371026,0.00306311378199,2,0.4990234375,0.5009765625,0.0361328125,2,1.82533160844e-06,0.999998160467,7.02807929847e-07,8.84565575516e-07,7.5482675269e-09,1.97719749608e-07,2.81549131565e-09,6.09047323859e-09,8.02542586227e-10,2.24977039761e-08,4.80517069189e-10,-3.70370253515,-3.01101796677,材料1|90|正弦波|51|-17,3479.53835656,near-shape-v1:0.02:06E785D0BC8911429983AEF05B5A5246CC0EA7518C15BD7BA4B3DEA9AEF49F1C,0.02,1,4,1925.96959222,q4-hgb-amplitude_and_condition-fold-4,1947.91873074,q4-hgb-amplitude_and_condition-full,True,附件一（训练集）.xlsx|材料1|943,1,0,材料1|正弦波|90|fq1|bq0,0.0113261122759,0.0757506400944,0.10683759986,0.123263615773,True,True,True,True,True,True,True,True,315,1,False,False
附件一（训练集）.xlsx|材料2|2774,附件一（训练集）.xlsx,材料2,2774,C16AEE712BC0AD480B5285F17FA7FA57A5E22A1901D4A6ADB0A1EB83ECFB7FFC,材料2,90,90,499970,1766607.347,三角波,2,6B32C349D95BCE8C81B8659F96DF483F24F5BA6482A4CD32DB9D923009CF3FA4,7928EC57A09107E4BD17CC4B21058F7AC5EE8B9DA82A8816CDD37133E704FF4B,13.1223033756,-7.81249544224e-12,0.122817661,0.244866105,0.1224330525,0.0720504380005,1.70460672285,0.0720504380005,-0.1123934455,-0.0623902205,7.4557e-05,0.062465052,0.11231589615,0.000651574,0.000478254111328,0.000408876,0.0006107191,0.0006139871,0.48973221,0.294244227883,-0.458999605079,-0.254793208281,0.000304480719422,0.255098810053,0.458682904103,-0.0018612276575,-1.20535433054,1.70460672274,0.00266093994512,0.001953125,0.00166979419222,0.00249409406827,0.00250744013754,2,0.5966796875,0.4033203125,0.001953125,2,0.0330372135835,0.967906207985,0.0227402783985,0.00455090430379,0.00365448919636,1.20953616701e-07,0.000695056374224,0.000133722098716,8.11059408798e-05,0.000121226108472,2.07474317234e-08,-2.09705445439,-1.40704372803,材料2|90|三角波|56|-10,61405.1459702,near-shape-v1:0.02:9CB883604A3DD717E4EE6CCA0B7985D500DFFA3E780366CA08080719741C957C,0.02,1,0,1668262.3924,q4-hgb-amplitude_and_condition-fold-0,1761845.07223,q4-hgb-amplitude_and_condition-full,True,附件一（训练集）.xlsx|材料2|2774,3,3,材料2|三角波|90|fq3|bq3,0.0545789634271,0.0572783196301,0.0878343505474,0.105646065075,True,True,True,False,False,False,False,True,314,1,False,False
附件一（训练集）.xlsx|材料1|657,附件一（训练集）.xlsx,材料1,657,C16AEE712BC0AD480B5285F17FA7FA57A5E22A1901D4A6ADB0A1EB83ECFB7FFC,材料1,70,70,125860,7458.482682,正弦波,1,9C4795CE81B0CECC9C8D34A26B0FD9DF78FD1EE49E47A862F48290C99B7FE876,7B121C87DAECA14F132F511CE31AC86A7CC85A371F74456493D86CFCD609FC07,11.7429254571,2.7343748793e-11,0.043943602,0.087831232,0.043915616,0.0311369353235,1.41130145094,0.0311369353235,-0.04343946195,-0.0311587375,3.2872e-05,0.03116635675,0.04339722395,0.000272233,0.000171545375,0.0001922175,0.0002674908,0.0002696755,0.175662464,0.354508693713,-0.494578761884,-0.354756922086,0.000374262912039,0.354843670218,0.494097861711,-0.00147975741523,-1.50221032294,1.41130145182,0.00309950109774,0.001953125,0.00218848689268,0.00304550891419,0.00307038275405,2,0.498046875,0.501953125,0.037109375,2,5.82905286008e-06,0.999994139793,3.96711881518e-06,1.25753240775e-06,6.00813013054e-09,3.53602251151e-07,9.64376789246e-10,2.30931940679e-07,4.00641600706e-10,1.08894015513e-08,1.57073579526e-09,-3.12484823996,-2.43233812405,材料1|70|正弦波|50|-14,5530.74174772,near-shape-v1:0.02:0772F18291C4989EAA88ED3402D818638509981F6263E65507DF2840F304ECB6,0.02,3,4,6780.89575024,q4-hgb-amplitude_and_condition-fold-4,7388.09334702,q4-hgb-amplitude_and_condition-full,True,附件一（训练集）.xlsx|材料1|657,1,1,材料1|正弦波|70|fq1|bq1,0.0857483689191,0.0952293941859,0.10683759986,0.123263615773,True,True,True,True,True,True,True,True,318,1,False,False
附件一（训练集）.xlsx|材料3|1978,附件一（训练集）.xlsx,材料3,1978,C16AEE712BC0AD480B5285F17FA7FA57A5E22A1901D4A6ADB0A1EB83ECFB7FFC,材料3,90,90,199170,5660.936855,三角波,2,CB34F8832B6E309711F11DEF17C4FC818ECC845754862999934C28210C011F09,7D8C37985051A53D27936EEB86C69319F71290275552057C30A5C47940C4DD4D,12.2019140104,-1.75781251534e-11,0.024763005,0.049362904,0.024681452,0.014345620938,1.72617170822,0.014345620938,-0.0223242444,-0.01241707025,-3e-05,0.0124038985,0.0224186746,0.000130146,9.6411921875e-05,8.20615e-05,0.0001228172,0.0001234829,0.098725808,0.290615417157,-0.452247387682,-0.25154659119,-0.000607743467075,0.251279756912,0.45416036742,0.00526586570217,-1.19863534991,1.72617170944,0.0026365142537,0.001953125,0.00166241232485,0.00248804648932,0.00250153232476,2,0.3984375,0.6015625,0.001953125,2,0.0346233231857,0.96637679355,0.0240524193592,0.00440095742136,0.00386769436233,1.36476602814e-06,0.000734774298951,0.000171439147343,7.89720636644e-05,0.00015122192894,3.32694367068e-07,-3.69840447342,-3.00855606805,材料3|90|三角波|52|-17,4932.04770585,near-shape-v1:0.02:BC4047E876FD7C565C6E20E4401FB5AF6785B1516330813C385303BABF5F6FE9,0.02,1,3,5400.9128427,q4-hgb-amplitude_and_condition-fold-3,5572.03772827,q4-hgb-amplitude_and_condition-full,True,附件一（训练集）.xlsx|材料3|1978,2,0,材料3|三角波|90|fq2|bq0,0.0311871574206,0.0470129132327,0.0899223710084,0.10470351852,True,True,True,False,False,False,False,True,298,1,False,False
附件一（训练集）.xlsx|材料1|978,附件一（训练集）.xlsx,材料1,978,C16AEE712BC0AD480B5285F17FA7FA57A5E22A1901D4A6ADB0A1EB83ECFB7FFC,材料1,90,90,177820,1767.916734,正弦波,1,DE4D52EC671128372D7B9A24F6C9CE10FE2B2464D01F2C85B4EBDEFCB81C4A92,807D0F1DB0E2367A671513E41EEED39F0B87E1A608167418E731B5F577BF7A36,12.0885270817,1.08398437795e-10,0.017501319,0.034991847,0.0174959235,0.0123970629113,1.41173107898,0.0123970629113,-0.01729782775,-0.01240011875,6.4e-06,0.0124111915,0.0172858585,0.000108236,6.83434511719e-05,7.5853e-05,0.0001065573,0.00010743995,0.069983694,0.35428432547,-0.494338805791,-0.354371658587,0.000182896650227,0.354688090389,0.493996741344,-0.000672836104675,-1.50227469144,1.41173108772,0.0030931776765,0.001953125,0.00216773352947,0.00304520364415,0.00307042809144,2,0.4990234375,0.5009765625,0.03515625,2,2.03255608468e-06,0.999997946496,5.42435672796e-07,1.34527314592e-06,8.87276480475e-09,8.91661662323e-08,1.87608434063e-09,2.96116343423e-08,3.1181528617e-10,1.46312552934e-08,3.73371801688e-10,-4.04547902946,-3.35264018749,材料1|90|正弦波|52|-18,3112.08454458,near-shape-v1:0.02:0772F18291C4989EAA88ED3402D818638509981F6263E65507DF2840F304ECB6,0.02,3,0,1726.16089982,q4-hgb-amplitude_and_condition-fold-0,1783.81722025,q4-hgb-amplitude_and_condition-full,True,附件一（训练集）.xlsx|材料1|978,2,0,材料1|正弦波|90|fq2|bq0,0.0328370503068,0.0238883824763,0.10683759986,0.123263615773,True,True,True,False,False,False,True,True,325,1,False,False
附件一（训练集）.xlsx|材料1|979,附件一（训练集）.xlsx,材料1,979,C16AEE712BC0AD480B5285F17FA7FA57A5E22A1901D4A6ADB0A1EB83ECFB7FFC,材料1,90,90,177820,2247.717152,正弦波,1,0D4FFB5C52E40726CECB234305CF7B25AE9A31C5AFFA3AC0B5C63CABF8519D5A,8282368291AA5A5A8B966860518D863E481DCEE1B8FBE11BAE81B5981765ABD6,12.0885270817,1.07421875215e-11,0.019628316,0.039240081,0.0196200405,0.0138981486973,1.41229716472,0.0138981486973,-0.019394814,-0.0139085425,6.77e-06,0.01390717325,0.0193826917,0.000120566,7.66407832031e-05,8.5314e-05,0.0001193341,0.0001202437,0.078480162,0.354182467087,-0.494260294996,-0.354447344559,0.000172527402729,0.354412449843,0.493951367971,-0.000821110723999,-1.50172722173,1.41229716549,0.00307252169026,0.001953125,0.00217415453347,0.00304112776933,0.00306430814962,2,0.4990234375,0.5009765625,0.03515625,2,1.48103337209e-06,0.99999850607,4.95715692066e-07,7.54488239576e-07,1.1688698451e-08,1.8795616985e-07,5.45222076161e-09,4.56413110413e-09,7.73092651328e-10,1.97383304327e-08,6.54584638185e-10,-3.93078206143,-3.23805658007,材料1|90|正弦波|52|-18,3490.30715112,near-shape-v1:0.02:F827B03E1AEF4E81BDD7373DE3A90FD0B0FE7B933BEFA8F40E05B59BA37018C4,0.02,0,0,2083.55915733,q4-hgb-amplitude_and_condition-fold-0,2144.23637785,q4-hgb-amplitude_and_condition-full,True,附件一（训练集）.xlsx|材料1|979,2,0,材料1|正弦波|90|fq2|bq0,0.0286923482105,0.0758025013879,0.10683759986,0.123263615773,True,True,True,True,False,True,True,True,325,1,False,False
附件一（训练集）.xlsx|材料1|1066,附件一（训练集）.xlsx,材料1,1066,C16AEE712BC0AD480B5285F17FA7FA57A5E22A1901D4A6ADB0A1EB83ECFB7FFC,材料1,90,90,316230,94691.42506,正弦波,1,69C1ECC77331877A8EC64D7A82851BB2B9B0EB15D6DCEF3D8E7D28C8918717B2,83D5F7A994C38459A14BB6AE619F053940FAD6DD5C129E1FFFF308F38B8837C2,12.6642250759,3.9062503232e-12,0.05549355,0.110861352,0.055430676,0.0392541385101,1.41369934754,0.0392541385101,-0.0548366779,-0.03927587375,6.32925e-05,0.03927207025,0.05472520675,0.000341655,0.000216526078125,0.0002412765,0.0003364386,0.0003389265,0.221722704,0.354083166063,-0.494641973191,-0.354279223962,0.00057091578762,0.354244915271,0.493636472574,-0.00239041948835,-1.5012236237,1.41369934764,0.00308182241905,0.001953125,0.00217638063804,0.00303476905099,0.00305721059581,2,0.498046875,0.501953125,0.0361328125,2,9.15535746209e-06,0.999990833105,8.52807536771e-06,3.94501359808e-07,1.71369365077e-08,1.81634563888e-07,1.31101643389e-08,1.54166822696e-09,8.44784061835e-10,1.80475797909e-08,3.81111558164e-10,-2.8914884812,-2.1994749395,材料1|90|正弦波|55|-13,17548.7253165,near-shape-v1:0.02:4EB40034E55EB0E0B6D2B3734457C3F9B5EC1113141DA2900CBF52EADFF5B96A,0.02,1,0,95667.6899684,q4-hgb-amplitude_and_condition-fold-0,96642.6307841,q4-hgb-amplitude_and_condition-full,True,附件一（训练集）.xlsx|材料1|1066,3,2,材料1|正弦波|90|fq3|bq2,0.0101392273171,0.0102570681773,0.10683759986,0.123263615773,True,True,True,True,True,True,True,True,334,1,False,False
附件一（训练集）.xlsx|材料1|1054,附件一（训练集）.xlsx,材料1,1054,C16AEE712BC0AD480B5285F17FA7FA57A5E22A1901D4A6ADB0A1EB83ECFB7FFC,材料1,90,90,281850,224289,正弦波,1,50790CDFCD1900507E5648FCE61641061C56BB07E226FB99B6777D550DBBB8AA,8B5C7FEE5579FCEF994484494A851D7283092025255C37FEB87373C3D10FB729,12.5491302935,-3.90624962932e-11,0.087910489,0.175481398,0.087740699,0.0621736176239,1.41395164637,0.0621736176239,-0.08687234145,-0.062122849,0.0001554365,0.06213884525,0.08655881375,0.000546182,0.000342737105469,0.0003803505,0.0005329601,0.00053854915,0.350962796,0.354303181605,-0.495051569004,-0.354013870809,0.000885772172059,0.35410502764,0.493264897451,-0.00393944158638,-1.50204531016,1.41395164574,0.00311247805309,0.001953125,0.00216746905561,0.00303713160525,0.0030689814199,2,0.49609375,0.50390625,0.0361328125,2,2.38543791696e-05,0.999976131979,2.25044152084e-05,1.12451094397e-06,4.82762000983e-09,8.3030427393e-08,2.20751192394e-09,9.29574345332e-08,6.48463009881e-10,3.95831509008e-08,1.62905269653e-09,-2.43143615263,-1.740222236,材料1|90|正弦波|54|-11,24777.5713246,near-shape-v1:0.02:7F6F24AE38E0CCE63FDF30337823792DBF3905EA77531B897A18BC6A076147A1,0.02,1,0,193090.099137,q4-hgb-amplitude_and_condition-fold-0,216442.633283,q4-hgb-amplitude_and_condition-full,True,附件一（训练集）.xlsx|材料1|1054,3,2,材料1|正弦波|90|fq3|bq2,0.114168065399,0.149777763591,0.10683759986,0.123263615773,False,False,True,True,True,True,True,True,325,1,False,False
附件一（训练集）.xlsx|材料1|3166,附件一（训练集）.xlsx,材料1,3166,C16AEE712BC0AD480B5285F17FA7FA57A5E22A1901D4A6ADB0A1EB83ECFB7FFC,材料1,90,90,396820,1127758.631,三角波,2,D808127DE664790A93DD836E4FEE507B7AFBB906D0DD210DC5482C623721F511,8EB7283607FCAD30FB2348AD2207B81563035A9D9F2335380A569C92909D4F61,12.8912380563,-5.85937895425e-12,0.13818574,0.275691267,0.1378456335,0.08076950924,1.71086516806,0.08076950924,-0.126062595,-0.0699238135,7.79845e-05,0.0699065545,0.1258314497,0.000721069,0.000538459505859,0.0004551505,0.0006892884,0.00069071235,0.551382534,0.292970865994,-0.457260022655,-0.253630861271,0.000282868974081,0.253568258678,0.456421601871,-0.00135329137867,-1.20345725953,1.71086516799,0.00261549452707,0.001953125,0.00165094275547,0.00250021847808,0.00250538349479,2,0.6015625,0.3984375,0.0009765625,2,0.0344527949263,0.966567027434,0.0241988907534,0.00421951106524,0.00380857108617,3.08690855474e-06,0.000692675110541,0.000170392759051,6.80906212119e-05,0.000139033610039,6.83664543788e-07,-1.97915655676,-1.28847363719,材料1|90|三角波|55|-9,54834.8653468,near-shape-v1:0.02:1B0B04C9E79E76111C5A7FF53E5D7C975365C28173E856AF43EE9D51CC68B475,0.02,4,4,1136458.20635,q4-hgb-amplitude_and_condition-fold-4,1130353.52513,q4-hgb-amplitude_and_condition-full,True,附件一（训练集）.xlsx|材料1|3166,3,3,材料1|三角波|90|fq3|bq3,0.00538614699,0.00768443227834,0.0995572085612,0.117891287822,True,True,True,True,True,True,True,True,310,1,False,False
附件一（训练集）.xlsx|材料1|1032,附件一（训练集）.xlsx,材料1,1032,C16AEE712BC0AD480B5285F17FA7FA57A5E22A1901D4A6ADB0A1EB83ECFB7FFC,材料1,90,90,251170,18547.17624,正弦波,1,6FF35C7F8A428D2A23F94F186D6D7622D018D74A27F246C7E16F2EDF04F5D9C9,8FD54F4CA2B755C1EA3D783B74530E8D93E303F1AE3FE7C7602BCA018113DB27,12.4338852797,-1.9531251616e-12,0.034799289,0.069551891,0.0347759455,0.0246344771515,1.41262543491,0.0246344771515,-0.03438958075,-0.02464603475,2.245e-05,0.0246381235,0.0343494741,0.000213803,0.000135843537109,0.000151225,0.0002112994,0.00021302625,0.139103782,0.354188459829,-0.494444942526,-0.354354632113,0.000322780612149,0.35424088616,0.493868299022,-0.00135895352874,-1.50172396338,1.41262543483,0.00307400700292,0.001953125,0.00217427589424,0.00303801085725,0.00306283908226,2,0.498046875,0.501953125,0.0361328125,2,2.93422587726e-06,0.999997052274,1.93055319384e-06,7.57745166673e-07,2.95616647295e-08,1.89056906979e-07,3.52101444704e-09,2.52153321881e-09,1.82856922781e-09,1.83575918326e-08,1.07158701415e-09,-3.35815832344,-2.66568217191,材料1|90|正弦波|53|-15,8740.53741813,near-shape-v1:0.02:4D7005B87275B620047B619626548FCA4C82A6333B2AB2226C1A7947CB20D068,0.02,1,4,16873.0263557,q4-hgb-amplitude_and_condition-fold-4,18148.0944084,q4-hgb-amplitude_and_condition-full,True,附件一（训练集）.xlsx|材料1|1032,2,1,材料1|正弦波|90|fq2|bq1,0.072845126958,0.0945959306631,0.10683759986,0.123263615773,True,True,True,False,False,False,True,True,327,1,False,False
附件一（训练集）.xlsx|材料1|3150,附件一（训练集）.xlsx,材料1,3150,C16AEE712BC0AD480B5285F17FA7FA57A5E22A1901D4A6ADB0A1EB83ECFB7FFC,材料1,90,90,396820,854037.1136,三角波,2,B4FA8EEB0F5C1A6EBF9BF267A1D439BD3D091F58319EF4A624F61EC29FB6AD58,92F13FAC13A44324263710E4C0D2F0A400BB8AE2DDAFE27C9A47405B1F69F758,12.8912380563,-3.90624858848e-12,0.122977618,0.245241384,0.122620692,0.0718169294614,1.71237643996,0.0718169294614,-0.11183762965,-0.0621959425,-1.4205e-05,0.062106785,0.11206980805,0.00064508,0.000478987078125,0.0004041485,0.0006141911,0.00061592685,0.490482768,0.292841804634,-0.456030820826,-0.253611121751,-5.79225082735e-05,0.253247571804,0.456977555036,0.00159132399353,-1.20318157688,1.71237644001,0.00263038802619,0.001953125,0.00164796207479,0.00250443497742,0.00251151269804,2,0.3974609375,0.6025390625,0.001953125,2,0.0348133587961,0.966229222997,0.0245842875801,0.00413525718233,0.00384157835152,5.08046158766e-06,0.000686757069508,0.000177901970514,6.4310523454e-05,0.000141364022358,1.14745806389e-06,-2.09575290765,-1.40551231265,材料1|90|三角波|55|-10,48799.9783748,near-shape-v1:0.02:DE3EF81C59AA18B2EEEA9B0C9A2B77C83C9F051DFAB46A2C7EEAB428F435C645,0.02,0,3,898876.236618,q4-hgb-amplitude_and_condition-fold-3,872207.743291,q4-hgb-amplitude_and_condition-full,True,附件一（训练集）.xlsx|材料1|3150,3,3,材料1|三角波|90|fq3|bq3,0.0301176898919,0.0511706473601,0.0995572085612,0.117891287822,True,True,True,False,True,False,True,True,296,1,False,False
附件一（训练集）.xlsx|材料1|2885,附件一（训练集）.xlsx,材料1,2885,C16AEE712BC0AD480B5285F17FA7FA57A5E22A1901D4A6ADB0A1EB83ECFB7FFC,材料1,70,70,396820,19871.75699,三角波,2,6A026534398E3E19AE6723624868D33091A4877AFC85CBBFE9C444F7C95580FD,94011513163AC06826F72459329253BC2617F693999AD93CC6C431AB51A9A5E2,12.8912380563,1.23046874556e-10,0.022053764,0.043942641,0.0219713205,0.0128085558483,1.72179941761,0.0128085558483,-0.0200007555,-0.01106732825,1.34e-05,0.0110860275,0.01995471015,0.000119094,8.58254707031e-05,7.2493e-05,0.000109584,0.00011020285,0.087885282,0.291483523903,-0.455155975333,-0.251858516493,0.000304940182205,0.252284048584,0.454108118512,-0.00382730400076,-1.20026583133,1.72179942722,0.00271021489127,0.001953125,0.00164971877771,0.00249379640154,0.00250787953323,2,0.6015625,0.3984375,0,2,0.0349248322998,0.966108461931,0.0244971962269,0.00422874871082,0.00389764492712,4.08013063767e-06,0.000712320079872,0.000181152588236,6.99485074211e-05,0.000149149798147,9.3504722552e-07,-3.81427198871,-3.12487010914,材料1|70|三角波|55|-17,8751.37463048,near-shape-v1:0.02:97C419089A0A12FDF264D9820AC3B511683041FA5CFAB928F54FB9E91639D089,0.02,2,3,17528.5954079,q4-hgb-amplitude_and_condition-fold-3,21054.3768057,q4-hgb-amplitude_and_condition-full,True,附件一（训练集）.xlsx|材料1|2885,3,0,材料1|三角波|70|fq3|bq0,0.183265339027,0.125459179639,0.0995572085612,0.117891287822,False,False,True,False,False,False,False,True,310,1,False,False
附件一（训练集）.xlsx|材料1|963,附件一（训练集）.xlsx,材料1,963,C16AEE712BC0AD480B5285F17FA7FA57A5E22A1901D4A6ADB0A1EB83ECFB7FFC,材料1,90,90,158500,6022.969781,正弦波,1,5C820F46890BEAF8B7BDE61D7871D0DBD401925609F9F8D4014CBECD00BD1CB5,943DAA984C0173CF77FDC9A59BD0A0BFFC7EB3175C799A0C14EDA9B6BDD21C6D,11.9735098723,3.32031260125e-11,0.034810607,0.069578196,0.034789098,0.0246671913811,1.41121080475,0.0246671913811,-0.0344124244,-0.024698045,2.29e-05,0.02467011225,0.0343762938,0.000215907,0.000135894914062,0.000151849,0.0002117546,0.0002138328,0.139156392,0.354524733311,-0.494586327493,-0.354968171828,0.000329125618561,0.354566712491,0.494067046044,-0.00134719748926,-1.50240607046,1.4112108061,0.00310308419034,0.001953125,0.00218242220595,0.00304340457462,0.00307327312712,2,0.4990234375,0.5009765625,0.0390625,2,4.45718221696e-06,0.999995508673,2.47549012855e-06,1.48981524977e-06,1.61974051863e-09,2.69489688794e-07,1.75220662881e-10,2.03091059304e-07,4.19618903331e-10,1.70206652621e-08,4.08265252792e-11,-3.35783313979,-2.66530403658,材料1|90|正弦波|52|-15,5517.4812095,near-shape-v1:0.02:426EDFFD2BC700B3CB86F8A10CF880E05CD68ED74B3D9E845DEBFEA10EBDB7F1,0.02,2,4,6110.53416535,q4-hgb-amplitude_and_condition-fold-4,6084.01734349,q4-hgb-amplitude_and_condition-full,True,附件一（训练集）.xlsx|材料1|963,1,1,材料1|正弦波|90|fq1|bq1,0.00434825591823,0.0144313585067,0.10683759986,0.123263615773,True,True,True,True,True,True,True,True,300,1,False,False
附件一（训练集）.xlsx|材料1|2887,附件一（训练集）.xlsx,材料1,2887,C16AEE712BC0AD480B5285F17FA7FA57A5E22A1901D4A6ADB0A1EB83ECFB7FFC,材料1,70,70,396820,32611.94525,三角波,2,82E8997B2F48EDA1E4D506C932DDE9CE32B3CCEE23DBD2B51E206BC5A9298FCD,9606E4DDA426B679724E3BADBEBAE2BFD02EBBFFB1A5874D1625934CAA400274,12.8912380563,5.1757813313e-11,0.027878568,0.055548098,0.027774049,0.0161957082634,1.72135528416,0.0161957082634,-0.0252878082,-0.01398211275,2.985e-05,0.014022881,0.0252145456,0.000150347,0.000108492378906,9.1759e-05,0.0001385862,0.00013930945,0.111096196,0.291561886843,-0.455241658351,-0.251711819219,0.00053737120292,0.252445744375,0.453922752643,-0.0038275413442,-1.20012319857,1.72135528736,0.00270660932441,0.001953125,0.00165188374227,0.00249488650358,0.00250790675137,2,0.6015625,0.3984375,0,2,0.0348955671623,0.966137030237,0.0244557142042,0.00425221268928,0.00388977772457,3.5917380134e-06,0.000713657738623,0.000179299145318,7.02501940168e-05,0.000148520706385,8.75486245548e-07,-3.57989705739,-2.89050600291,材料1|70|三角波|55|-16,11062.7733538,near-shape-v1:0.02:97C419089A0A12FDF264D9820AC3B511683041FA5CFAB928F54FB9E91639D089,0.02,2,0,30805.3310313,q4-hgb-amplitude_and_condition-fold-0,31830.0177813,q4-hgb-amplitude_and_condition-full,True,附件一（训练集）.xlsx|材料1|2887,3,1,材料1|三角波|70|fq3|bq1,0.0327209944978,0.0569890812895,0.0995572085612,0.117891287822,True,True,True,False,False,False,False,True,298,1,False,False
附件一（训练集）.xlsx|材料1|2892,附件一（训练集）.xlsx,材料1,2892,C16AEE712BC0AD480B5285F17FA7FA57A5E22A1901D4A6ADB0A1EB83ECFB7FFC,材料1,70,70,396820,888296.5947,三角波,2,02F3B180B59F95F5C2F4F886441C110F7339F5AC42AC340507F2F06E361CC683,96887DA32BC6AA56AB09F6CAC8E268E130D6D5B60DF8425B1A5C15003D290B4B,12.8912380563,-2.92968947713e-12,0.123108464,0.245597818,0.122798909,0.0719290987377,1.71152518467,0.0719290987377,-0.11209894675,-0.062257796,1.03095e-05,0.06232624175,0.1121343796,0.000643651,0.000479683238281,0.0004051065,0.0006137301,0.00061549975,0.491195636,0.292873525194,-0.456432991384,-0.253494906852,4.19771764002e-05,0.253773597259,0.456577263251,-0.0012899246934,-1.20328485981,1.71152518463,0.00262075211108,0.001953125,0.00164947108773,0.00249892325998,0.0025061287393,2,0.6005859375,0.3994140625,0.001953125,2,0.0344639087824,0.966555411343,0.0241987867475,0.00422267915432,0.00381451153767,3.06431908661e-06,0.000692945308438,0.000170409610935,6.85613472966e-05,0.000139625749554,6.93754839774e-07,-2.09468949105,-1.40405996711,材料1|70|三角波|55|-10,48851.9006845,near-shape-v1:0.02:1B0B04C9E79E76111C5A7FF53E5D7C975365C28173E856AF43EE9D51CC68B475,0.02,4,4,905817.751452,q4-hgb-amplitude_and_condition-fold-4,914940.937647,q4-hgb-amplitude_and_condition-full,True,附件一（训练集）.xlsx|材料1|2892,3,3,材料1|三角波|70|fq3|bq3,0.010021374694,0.019532416429,0.0995572085612,0.117891287822,True,True,True,True,True,True,True,True,309,1,False,False
附件一（训练集）.xlsx|材料2|782,附件一（训练集）.xlsx,材料2,782,C16AEE712BC0AD480B5285F17FA7FA57A5E22A1901D4A6ADB0A1EB83ECFB7FFC,材料2,90,90,79470,415.6131139,正弦波,1,309D25979E3684CBE1A664085B1CD651C425410744C57616C53230FBC817A011,97E5B636DFAB62A520BD1CB75835A515BC34A91D67F0695C688C82DA6644B49F,11.2831348709,-3.80859376155e-11,0.019044231,0.038042869,0.0190214345,0.0134736377598,1.4134438924,0.0134736377598,-0.0188198016,-0.0134700655,2.355e-05,0.01347796775,0.01877842955,0.000117189,7.43024785156e-05,8.27135e-05,0.0001153429,0.0001162715,0.076085738,0.354169864522,-0.494699849318,-0.354075962618,0.000619039486374,0.354283684232,0.493612340018,-0.00252373170529,-1.50119982176,1.41344388958,0.00308044590433,0.001953125,0.00217421824837,0.00303191907004,0.00305632837523,2,0.4970703125,0.5029296875,0.03515625,2,2.64379453106e-06,0.999997338774,1.82163885788e-06,3.66571383895e-07,3.17353159244e-08,3.88020231315e-07,2.68193101504e-09,1.16255401106e-09,9.98471209851e-10,2.91837359451e-08,1.79501412763e-09,-3.96099105792,-3.26904162354,材料2|90|正弦波|49|-18,1513.44503757,near-shape-v1:0.02:FCF650DB9B87AC6132AFBD0D54DDC6677E35FC9D961C2612E428B8BD93B8EBB1,0.02,3,0,551.323338125,q4-hgb-amplitude_and_condition-fold-0,445.935486697,q4-hgb-amplitude_and_condition-full,True,附件一（训练集）.xlsx|材料2|782,0,0,材料2|正弦波|90|fq0|bq0,0.211719373126,0.281975625533,0.104291900272,0.124780990562,False,False,True,True,True,True,False,True,325,1,False,False
附件一（训练集）.xlsx|材料1|746,附件一（训练集）.xlsx,材料1,746,C16AEE712BC0AD480B5285F17FA7FA57A5E22A1901D4A6ADB0A1EB83ECFB7FFC,材料1,70,70,223850,19653.1025,正弦波,1,CC794463D610A85AAA6DCB1AACBFA8E8793E642A996BD02FA1896213B0FA7E00,9B0B17A498360CAFA42A244D4A736BACEE4AFC557FD46BE1F187E604B919DB5C,12.3187314637,3.41796885933e-11,0.039271564,0.07848812,0.03924406,0.0277975546724,1.41277045635,0.0277975546724,-0.0388116601,-0.0277952835,2.5495e-05,0.02780874675,0.0387616134,0.000241857,0.000153297109375,0.0001704615,0.0002384726,0.00024014465,0.15697624,0.354162574826,-0.494490887719,-0.354133638749,0.000324825793003,0.354305170207,0.49385325277,-0.0014298107028,-1.50156689019,1.41277045758,0.00308144723049,0.001953125,0.00217181275332,0.00303832732903,0.00305963055301,2,0.4990234375,0.5009765625,0.037109375,2,2.96300661009e-06,0.999997023967,2.09926071937e-06,6.24035613364e-07,1.04496057519e-08,1.99256349622e-07,5.40200552388e-09,1.89156590294e-09,2.99689177392e-10,2.11624338841e-08,1.23980948797e-09,-3.23725458435,-2.54480800323,材料1|70|正弦波|53|-15,8790.9396014,near-shape-v1:0.02:AF5ADE007572822BED223DBE1F9A1AF0CA69821BED61CDB959A54B04340125C5,0.02,2,2,19854.7777673,q4-hgb-amplitude_and_condition-fold-2,19642.4508455,q4-hgb-amplitude_and_condition-full,True,附件一（训练集）.xlsx|材料1|746,2,1,材料1|正弦波|70|fq2|bq1,0.0107510437243,0.0102089410306,0.10683759986,0.123263615773,True,True,True,True,True,True,True,True,322,1,False,False
附件一（训练集）.xlsx|材料1|2874,附件一（训练集）.xlsx,材料1,2874,C16AEE712BC0AD480B5285F17FA7FA57A5E22A1901D4A6ADB0A1EB83ECFB7FFC,材料1,70,70,396820,41428.67568,三角波,2,4AE8685B28AA95419DA6E320E30DFBD32FA930ED6A433D5EBF0A326B01B52595,9B195025A2403BCBF0890E4A910B3517284C6F29744BCD6396FEC784DD12BC43,12.8912380563,5.85937461745e-12,0.031123839,0.062061482,0.031030741,0.0180977906604,1.71975903491,0.0180977906604,-0.02816239275,-0.01566930775,-2.3825e-05,0.0156625875,0.02825293495,0.000165646,0.000121213832031,0.0001022875,0.0001551471,0.0001559611,0.124122964,0.291610675046,-0.45378215035,-0.25248039929,-0.000383893601822,0.252372115351,0.455241061503,0.00286006871575,-1.20052247053,1.71975903458,0.0026690629141,0.001953125,0.00164816399325,0.00249989357328,0.00251300959909,2,0.3974609375,0.6025390625,0.0009765625,2,0.0350493088458,0.965994532565,0.0246550351098,0.00418623907001,0.00390168349201,5.01022950791e-06,0.000707396046439,0.000184257987257,6.74477417492e-05,0.00014919174859,1.1792899028e-06,-3.4697812261,-2.77962974013,材料1|70|三角波|55|-16,12350.561792,near-shape-v1:0.02:DE9556B293AD00D496E28EF7EFC13FCEBF4E27F31D6417CA6B02A99DAD201D8E,0.02,3,0,41362.533824,q4-hgb-amplitude_and_condition-fold-0,40694.5658392,q4-hgb-amplitude_and_condition-full,True,附件一（训练集）.xlsx|材料1|2874,3,1,材料1|三角波|70|fq3|bq1,0.0162805280957,0.00159776074553,0.0995572085612,0.117891287822,True,True,True,True,False,True,False,True,298,1,False,False
附件一（训练集）.xlsx|材料2|483,附件一（训练集）.xlsx,材料2,483,C16AEE712BC0AD480B5285F17FA7FA57A5E22A1901D4A6ADB0A1EB83ECFB7FFC,材料2,70,70,79470,613.74,正弦波,1,01736DAB520B81C46BD6E418C73DB1B06ACC249A8FB6AC532D646C06B1C0ABD8,9BE2222AADEC819325A5F3C33334FB35BDD8F145A0DB0C5C1D5CEDEFC64C489D,11.2831348709,3.90625000003e-08,0.01945,0.03886,0.01943,0.0137519466662,1.4143452176,0.0137519466661,-0.01922,-0.0137475,2.5e-05,0.0137375,0.019187,0.00012,7.58984375e-05,8e-05,0.00012,0.00012,0.07772,0.353884371233,-0.4945969908,-0.353770948598,0.00064232983788,0.353511604156,0.493745778114,-0.00206432333176,-1.49967013362,1.41434805811,0.00308800823469,0.001953125,0.00205867215646,0.00308800823469,0.00308800823469,2,0.4853515625,0.486328125,0.0283203125,2,1.61023365385e-06,0.999998318015,1.13230020656e-06,8.60479353188e-08,1.16212248068e-08,3.51722596548e-07,2.80792439327e-09,2.76852390365e-10,4.45655617896e-10,2.28689958141e-08,2.1395540078e-09,-3.93990820892,-3.24778983503,材料2|70|正弦波|49|-18,1545.6915,near-shape-v1:0.02:CD080414ECBB0D75784E6CB7D2F444F7D7096CB64839B956F3100D643DF2B70C,0.02,1,4,630.471574612,q4-hgb-amplitude_and_condition-fold-4,618.585381784,q4-hgb-amplitude_and_condition-full,True,附件一（训练集）.xlsx|材料2|483,0,0,材料2|正弦波|70|fq0|bq0,0.0190024130112,0.0268535140977,0.104291900272,0.124780990562,True,True,True,False,False,False,False,True,328,1,False,False
附件一（训练集）.xlsx|材料1|926,附件一（训练集）.xlsx,材料1,926,C16AEE712BC0AD480B5285F17FA7FA57A5E22A1901D4A6ADB0A1EB83ECFB7FFC,材料1,90,90,125850,1224.052589,正弦波,1,D9257111AC30B4AE0F2C58461CF0623FA35ADBC574D205585D9B818035C0AD63,A05FBC698C312D3C6EE1D330A67330D094D8914DBE8765FB88DE86413F7498FD,11.7428460006,-1.07421883888e-11,0.02181431,0.043618944,0.021809472,0.015460402401,1.41097944505,0.015460402401,-0.02156322845,-0.015475882,5.7145e-06,0.01547010875,0.0215579958,0.000134786,8.519325e-05,9.43525e-05,0.0001326747,0.00013400835,0.087237888,0.354442381755,-0.494354664782,-0.354797263988,0.000131009836969,0.354664907998,0.494234702489,-0.000534675027772,-1.50260374777,1.41097944435,0.00309007939303,0.001953125,0.0021631083045,0.0030416761121,0.00307225113015,2,0.4990234375,0.5009765625,0.037109375,2,2.80480766511e-06,0.999997176858,7.93538389875e-07,1.7155086777e-06,7.25940854815e-09,1.97786871227e-07,4.46729860587e-10,3.52349076989e-08,5.97048947916e-11,5.4188435454e-08,7.76621483694e-10,-3.82518910252,-3.13226372758,材料1|90|正弦波|50|-17,2745.3309135,near-shape-v1:0.02:01CB4AD90FB2D86895091A9AB9C46C674F7AE681624B81C2845F9F847152051F,0.02,1,2,1112.95633242,q4-hgb-amplitude_and_condition-fold-2,1151.19887432,q4-hgb-amplitude_and_condition-full,True,附件一（训练集）.xlsx|材料1|926,1,0,材料1|正弦波|90|fq1|bq0,0.0337542395006,0.0950658310392,0.10683759986,0.123263615773,True,True,True,True,False,True,True,True,339,1,False,False
附件一（训练集）.xlsx|材料1|3147,附件一（训练集）.xlsx,材料1,3147,C16AEE712BC0AD480B5285F17FA7FA57A5E22A1901D4A6ADB0A1EB83ECFB7FFC,材料1,90,90,396820,379089.2573,三角波,2,FAA05A3CE6DECA5E43E02726DDDDE902E073324C73BE3AAC85A9C10336BB1FA9,A0E9873786E6D398E3133296110BDA6F047DFD43E31829FCFD764FCA00207253,12.8912380563,3.7109374601e-11,0.08685001,0.173200798,0.086600399,0.0506711224613,1.71399419988,0.0506711224613,-0.07899494445,-0.04387292275,-5.66105e-05,0.04387736825,0.0790147996,0.000455423,0.000338282808594,0.0002853175,0.0004331684,0.0004343438,0.346401596,0.292557095847,-0.456088802126,-0.253306701203,-0.000326849170229,0.253332367515,0.456203438294,0.00202682983834,-1.20280772975,1.71399419915,0.00262945093359,0.001953125,0.00164732208682,0.00250096076347,0.00250774710634,2,0.3984375,0.6015625,0,2,0.0348231379547,0.966216408993,0.0245686884983,0.00414549062083,0.00384816048179,5.18636331122e-06,0.000691403143564,0.000179252663117,6.43160264185e-05,0.000143051397892,1.13810921344e-06,-2.44357267115,-1.75330367547,材料1|90|三角波|55|-11,34463.8209682,near-shape-v1:0.02:3C03F274D569F93086DDCD32B0E345ADFFA4922B7C787D9FB2AF0D3F25B2F725,0.02,1,1,393224.667067,q4-hgb-amplitude_and_condition-fold-1,384597.957835,q4-hgb-amplitude_and_condition-full,True,附件一（训练集）.xlsx|材料1|3147,3,2,材料1|三角波|90|fq3|bq2,0.0221825401119,0.0366093408851,0.0995572085612,0.117891287822,True,True,True,True,True,True,False,True,306,1,False,False
附件一（训练集）.xlsx|材料1|2888,附件一（训练集）.xlsx,材料1,2888,C16AEE712BC0AD480B5285F17FA7FA57A5E22A1901D4A6ADB0A1EB83ECFB7FFC,材料1,70,70,396820,41382.3238,三角波,2,E0EA94AB873801740643BF45EF85BCAFD0D9F1EF139150E6182F5077D906A098,A2F84F3E5DFB1AF25330D4067C7BFFFEE29AAF935FB603A5B236F6DC9AEC89BA,12.8912380563,2.53906257998e-11,0.031157926,0.062099417,0.0310497085,0.0181090144805,1.72057546442,0.0181090144805,-0.02828191985,-0.0156541795,1.67e-05,0.0156694525,0.02822078095,0.000165855,0.000121287923828,0.0001025045,0.0001549701,0.0001557771,0.124198834,0.291613276828,-0.45542971644,-0.252082552166,0.000268923210815,0.252328495686,0.45444518303,-0.0034359801445,-1.20035181301,1.72057546582,0.00267079802054,0.001953125,0.00165065156731,0.00249551618174,0.00250851147282,2,0.6015625,0.3984375,0,2,0.0349368932619,0.966099150004,0.02451859992,0.00422906790262,0.00389102908647,4.09035194703e-06,0.000710920209565,0.000180452892165,6.92874065452e-05,0.00014810441435,9.50700370811e-07,-3.46868661989,-2.77901867817,材料1|70|三角波|55|-16,12364.0881953,near-shape-v1:0.02:97C419089A0A12FDF264D9820AC3B511683041FA5CFAB928F54FB9E91639D089,0.02,2,0,41481.9180784,q4-hgb-amplitude_and_condition-fold-0,40872.023135,q4-hgb-amplitude_and_condition-full,True,附件一（训练集）.xlsx|材料1|2888,3,1,材料1|三角波|70|fq3|bq1,0.0148114655541,0.00240373701272,0.0995572085612,0.117891287822,True,True,True,True,True,True,False,True,298,1,False,False
附件一（训练集）.xlsx|材料1|2882,附件一（训练集）.xlsx,材料1,2882,C16AEE712BC0AD480B5285F17FA7FA57A5E22A1901D4A6ADB0A1EB83ECFB7FFC,材料1,70,70,396820,1972606.801,三角波,2,7DF1F7214450E63D04D720B6FFE0AFB70F10D05FC35B28F64EFC4BBF0A650EC9,A4E120BAB5A53BE717A7614377619296C7C6DFC10F4A19782F89306E214789A4,12.8912380563,4.10156283936e-11,0.173560854,0.345907238,0.172953619,0.101374144455,1.71208205932,0.101374144455,-0.1579441902,-0.0877555375,-9.10955e-05,0.0877249805,0.15811575595,0.000912128,0.000675600074219,0.0005713675,0.0008683408,0.00087145515,0.691814476,0.293067427676,-0.456608514914,-0.253696736872,-0.000263352514802,0.253608397923,0.457104502419,0.0024711548855,-1.20325511658,1.71208205891,0.00263691504484,0.001953125,0.00165179399918,0.00251032850605,0.00251933193141,2,0.3974609375,0.6025390625,0.0009765625,2,0.0349590459936,0.966096775987,0.0247502886399,0.00409877718657,0.00385171190351,5.94341880336e-06,0.000682388376883,0.000180635124847,6.20278447781e-05,0.000140672355378,1.37677535311e-06,-1.75122699758,-1.06158463814,材料1|70|三角波|55|-8,68872.4180843,near-shape-v1:0.02:3C03F274D569F93086DDCD32B0E345ADFFA4922B7C787D9FB2AF0D3F25B2F725,0.02,1,2,2072907.3065,q4-hgb-amplitude_and_condition-fold-2,2097060.40458,q4-hgb-amplitude_and_condition-full,True,附件一（训练集）.xlsx|材料1|2882,3,3,材料1|三角波|70|fq3|bq3,0.0115844333955,0.0495961759943,0.0995572085612,0.117891287822,True,True,True,True,True,True,True,True,314,1,False,False
附件一（训练集）.xlsx|材料1|2894,附件一（训练集）.xlsx,材料1,2894,C16AEE712BC0AD480B5285F17FA7FA57A5E22A1901D4A6ADB0A1EB83ECFB7FFC,材料1,70,70,396820,1505892.074,三角波,2,BD294F6B7F207545164C8FF735112E40AE37F7D58F220EDC230150FC244FC22E,A60AE6D4ED0C0895EDD4A667EB0FC9D2CEFCE38E7B60E3B71E157CE7C0A31745,12.8912380563,1.07421866541e-11,0.15459914,0.308278803,0.1541394015,0.0903221417815,1.71164165232,0.0903221417815,-0.1409701321,-0.07819875475,4.8212e-05,0.07822485575,0.14064931085,0.00081056,0.000602107037109,0.000510307,0.0007714581,0.00077593675,0.616557606,0.292988492568,-0.457281301014,-0.253662444514,0.000156390866932,0.25374711131,0.456240615542,-0.00213517178262,-1.20307186478,1.71164165244,0.00262930824991,0.001953125,0.00165534248555,0.00250246884474,0.00251699676542,2,0.6015625,0.3984375,0.0009765625,2,0.0344839332443,0.966538484125,0.0242039578567,0.00423507464033,0.00381647786265,2.99285683864e-06,0.00069360267814,0.000169972529961,6.7959194038e-05,0.000139342938084,6.68007897628e-07,-1.86691970559,-1.17675070091,材料1|70|三角波|55|-9,61348.0307348,near-shape-v1:0.02:8188412DB8D04F2BAA79712BE2708235391769123590D6C5528ABFA255EF7212,0.02,4,1,1595697.93538,q4-hgb-amplitude_and_condition-fold-1,1518853.65171,q4-hgb-amplitude_and_condition-full,True,附件一（训练集）.xlsx|材料1|2894,3,3,材料1|三角波|70|fq3|bq3,0.049355312045,0.0579257173964,0.0995572085612,0.117891287822,True,True,True,True,True,True,True,True,308,1,False,False
附件一（训练集）.xlsx|材料1|907,附件一（训练集）.xlsx,材料1,907,C16AEE712BC0AD480B5285F17FA7FA57A5E22A1901D4A6ADB0A1EB83ECFB7FFC,材料1,90,90,112160,1223.050584,正弦波,1,5D1430B298B251E58DC5DB12ED857F7BABDBBA209306380F583A5E8E2831B0E6,A74DA7D9EF71BC76231E1F72672286F5A7101D3705D84926FD8A062A7CE56037,11.6276817023,2.7343748793e-11,0.024636078,0.049227939,0.0246139695,0.0174479631289,1.41197444183,0.0174479631289,-0.02435388175,-0.01745390975,1.829e-05,0.01746804075,0.02431283495,0.000152507,9.61483183594e-05,0.0001067505,0.0001497564,0.0001509884,0.098455878,0.354432127026,-0.4947166644,-0.354552925268,0.000371536428861,0.354839976597,0.493882852229,-0.00167682140462,-1.50250867166,1.4119744434,0.00309797653727,0.001953125,0.00216849419595,0.00304210176258,0.00306712820132,2,0.4990234375,0.5009765625,0.0361328125,2,3.85849752934e-06,0.999996115752,1.91395317601e-06,1.61220443682e-06,9.12005136085e-09,2.38619613633e-07,9.93655047844e-10,2.55392160172e-08,4.73578136721e-10,5.63645016972e-08,1.21431325735e-09,-3.70354332506,-3.01129395081,材料1|90|正弦波|50|-17,2763.18250848,near-shape-v1:0.02:0772F18291C4989EAA88ED3402D818638509981F6263E65507DF2840F304ECB6,0.02,3,2,1284.48978405,q4-hgb-amplitude_and_condition-fold-2,1240.62592391,q4-hgb-amplitude_and_condition-full,True,附件一（训练集）.xlsx|材料1|907,1,0,材料1|正弦波|90|fq1|bq0,0.0347180509622,0.0489742905952,0.10683759986,0.123263615773,True,True,True,True,True,True,True,True,339,1,False,False
附件一（训练集）.xlsx|材料1|3164,附件一（训练集）.xlsx,材料1,3164,C16AEE712BC0AD480B5285F17FA7FA57A5E22A1901D4A6ADB0A1EB83ECFB7FFC,材料1,90,90,396820,655128.1488,三角波,2,744092736863700094E6F37C47834FD73B8536493B2AA24A3FDF1CAE3A973585,A99AD8639158F198DE4801255376BBFE33B3302E2D76EFCEF08ECD1D6ED61A44,12.8912380563,-3.9062503232e-12,0.10969664,0.218836315,0.1094181575,0.0640758964313,1.71197979442,0.0640758964313,-0.09998300155,-0.05542352725,5.0024e-05,0.05550962925,0.0998784995,0.000572599,0.000427414677734,0.000361108,0.0005467806,0.00054824395,0.43767263,0.292802848701,-0.456884870987,-0.253264762049,0.000228590962639,0.253658215977,0.456407335793,-0.00169398351602,-1.20315738199,1.71197979436,0.00261656297768,0.001953125,0.00165012831623,0.0024985825593,0.00250526952074,2,0.6015625,0.3984375,0.0009765625,2,0.034509375548,0.966512012742,0.0242404942097,0.00421399479947,0.00382103214829,3.22644124006e-06,0.000694335430175,0.000171624974209,6.79860362555e-05,0.000140284716497,7.47263557358e-07,-2.21003654116,-1.51943124871,材料1|90|三角波|55|-10,43529.8206848,near-shape-v1:0.02:1B0B04C9E79E76111C5A7FF53E5D7C975365C28173E856AF43EE9D51CC68B475,0.02,4,3,667832.822823,q4-hgb-amplitude_and_condition-fold-3,691002.00143,q4-hgb-amplitude_and_condition-full,True,附件一（训练集）.xlsx|材料1|3164,3,3,材料1|三角波|90|fq3|bq3,0.0341047930021,0.0192069844201,0.0995572085612,0.117891287822,True,True,True,True,True,True,True,True,296,1,False,False
附件一（训练集）.xlsx|材料1|984,附件一（训练集）.xlsx,材料1,984,C16AEE712BC0AD480B5285F17FA7FA57A5E22A1901D4A6ADB0A1EB83ECFB7FFC,材料1,90,90,177820,7988.024299,正弦波,1,269BE82DFBFC9C59DA95DCBD835FF9406779E1AA67B06DD0B7DE223A7B73E268,ABE8F548C76B028F33F23F3CDB1BA2078705F02C97FC87D9DB0E275B0CC45183,12.0885270817,4.00390640781e-11,0.034835824,0.069627148,0.034813574,0.02468126413,1.41142786757,0.02468126413,-0.0344376412,-0.02468416625,2.095e-05,0.02470115175,0.03439237885,0.000216058,0.000135990523437,0.0001511385,0.0002123148,0.00021412625,0.139254296,0.354477597302,-0.494600773251,-0.354519278745,0.000300887808315,0.354763226981,0.493950704544,-0.00131471916154,-1.50272282968,1.41142786919,0.00310307123308,0.001953125,0.0021706834811,0.00304931059362,0.00307532702618,2,0.498046875,0.501953125,0.0380859375,2,4.42686540731e-06,0.999995555262,2.26340319906e-06,1.87646848593e-06,2.20842085085e-09,1.01001751403e-07,8.97147976088e-10,1.38321242793e-07,1.90586407257e-09,4.25179152436e-08,1.2170372727e-10,-3.35710899641,-2.66460073022,材料1|90|正弦波|52|-15,6194.50622368,near-shape-v1:0.02:0772F18291C4989EAA88ED3402D818638509981F6263E65507DF2840F304ECB6,0.02,3,4,7349.07308553,q4-hgb-amplitude_and_condition-fold-4,7802.18011028,q4-hgb-amplitude_and_condition-full,True,附件一（训练集）.xlsx|材料1|984,2,1,材料1|正弦波|90|fq2|bq1,0.0598211002672,0.0833583802676,0.10683759986,0.123263615773,True,True,True,True,True,True,True,True,300,1,False,False
附件一（训练集）.xlsx|材料1|2867,附件一（训练集）.xlsx,材料1,2867,C16AEE712BC0AD480B5285F17FA7FA57A5E22A1901D4A6ADB0A1EB83ECFB7FFC,材料1,70,70,354610,927703.2646,三角波,2,D1861649A29110D6CA3A843C93DB7F638934EDD1FA2C2EA899AA34C59BAEA712,AC00137738B2F1887B37F8C0E402017E2652337D1CFF58162EC9C153F42DE612,12.778773873,-2.44140610506e-11,0.137955708,0.275167556,0.137583778,0.0804927074828,1.71389076494,0.0804927074828,-0.1253365252,-0.069687255,-3.53365e-05,0.069669022,0.12545153695,0.000720955,0.000537436632813,0.000453478,0.0006877903,0.0006888139,0.550335112,0.292522522106,-0.455491653876,-0.253253893695,-0.000128418030452,0.253187632427,0.455909623933,0.00170436867681,-1.20258898179,1.71389076525,0.00262005815831,0.001953125,0.00164800678754,0.00249953268473,0.00250325260003,2,0.3984375,0.6015625,0.001953125,2,0.0346880951104,0.966341358576,0.0244026283634,0.00419271162924,0.00383939596822,3.98957173109e-06,0.000695204159157,0.000174970110825,6.73763844827e-05,0.000143352644137,9.12124159722e-07,-1.98082260186,-1.29037507231,材料1|70|三角波|55|-9,48920.4736139,near-shape-v1:0.02:AEB5429EFF641E5CF8DEFFA0326ABD14E5DA94ABEFA48F50D1B6B447573518C3,0.02,1,1,919873.77409,q4-hgb-amplitude_and_condition-fold-1,979059.991855,q4-hgb-amplitude_and_condition-full,True,附件一（训练集）.xlsx|材料1|2867,3,3,材料1|三角波|70|fq3|bq3,0.0623563950892,0.00847545594987,0.0995572085612,0.117891287822,True,True,True,True,True,True,True,True,308,1,False,False
附件一（训练集）.xlsx|材料1|517,附件一（训练集）.xlsx,材料1,517,C16AEE712BC0AD480B5285F17FA7FA57A5E22A1901D4A6ADB0A1EB83ECFB7FFC,材料1,50,50,281860,2268.111524,正弦波,1,B6CB0744337276347E7DF6119FBD7B0717ACAA6652658D851D5BBD7DF4E6326F,AE8E92862332C76DFB1BF5B979BF1AB74C7AC30B7BDE1BF1AAD49F8FBAFD2D8C,12.5491657727,6.15234373863e-11,0.012444533,0.024883657,0.0124418285,0.00881283441592,1.41209200272,0.00881283441592,-0.0122989883,-0.00881269,3.2e-06,0.0088108645,0.01229257295,7.6501e-05,4.86008925781e-05,5.40335e-05,7.56401e-05,7.619965e-05,0.049767314,0.354161545303,-0.494259680622,-0.354155744131,0.000128595988787,0.354082377782,0.494001861884,-0.000520424772306,-1.50163553528,1.4120920097,0.00307434715082,0.001953125,0.00217144529841,0.00303975014605,0.00306223679261,2,0.5,0.5,0.03515625,2,1.0981253469e-06,0.999998889183,1.95619492389e-07,6.75939790647e-07,7.66680597882e-09,1.88565673587e-07,1.5325787369e-09,2.40537582151e-09,3.21005350594e-10,2.59502336621e-08,1.23170908368e-10,-4.38647386898,-3.69354403638,材料1|50|正弦波|54|-20,3507.61607138,near-shape-v1:0.02:997BA18B39CA77444A456182ECFF60307DB8D2AFA39C3F276116472EF93CA7CE,0.02,2,2,2480.28822688,q4-hgb-amplitude_and_condition-fold-2,2331.58690565,q4-hgb-amplitude_and_condition-full,True,附件一（训练集）.xlsx|材料1|517,3,0,材料1|正弦波|50|fq3|bq0,0.0617999600034,0.0893895158762,0.10683759986,0.123263615773,True,True,True,True,True,True,False,True,323,1,False,False
附件一（训练集）.xlsx|材料1|2890,附件一（训练集）.xlsx,材料1,2890,C16AEE712BC0AD480B5285F17FA7FA57A5E22A1901D4A6ADB0A1EB83ECFB7FFC,材料1,70,70,396820,239013.6335,三角波,2,05A07C2E404B47C69DEB228A3157CF00F77169FE1685A301DE6C9C8E6528C520,AF7C39E580ED64C79ED6938AEF8BCFC3AB2F388B6BFE1CF46C1230BAF7781D6E,12.8912380563,-1.66015638736e-11,0.06969363,0.139028748,0.069514374,0.0406550718781,1.71426655471,0.0406550718781,-0.0634101221,-0.0351991595,2.55e-05,0.035181888,0.06329484355,0.000367353,0.000271540523438,0.000229079,0.000347226,0.0003484657,0.278057496,0.292422052726,-0.456093599314,-0.253179000673,0.000183415422842,0.253054771209,0.455264428955,-0.00169129300282,-1.20245409271,1.7142665543,0.00264228086122,0.001953125,0.00164770958018,0.00249751224114,0.00250642910199,2,0.6015625,0.3984375,0,2,0.0346407298886,0.966384874578,0.0243380875208,0.00420873273934,0.00384071153905,3.60768093511e-06,0.00069844939632,0.000174952652564,6.82075970143e-05,0.000142704751545,8.23531162014e-07,-2.66364635707,-1.97307454709,材料1|70|三角波|55|-12,27655.8262566,near-shape-v1:0.02:8188412DB8D04F2BAA79712BE2708235391769123590D6C5528ABFA255EF7212,0.02,4,1,269944.150257,q4-hgb-amplitude_and_condition-fold-1,246637.222667,q4-hgb-amplitude_and_condition-full,True,附件一（训练集）.xlsx|材料1|2890,3,2,材料1|三角波|70|fq3|bq2,0.0902962137961,0.121694013074,0.0995572085612,0.117891287822,True,False,True,True,True,True,False,True,300,1,False,False
附件一（训练集）.xlsx|材料1|2607,附件一（训练集）.xlsx,材料1,2607,C16AEE712BC0AD480B5285F17FA7FA57A5E22A1901D4A6ADB0A1EB83ECFB7FFC,材料1,50,50,396820,441391.7157,三角波,2,88208EA266F5A81BE4D52896337AC6F5D3199097CAE7142CA31E698D674E15CD,B1BA6F293A99A164ADCB65FBB4D49845C456B29A33AFA36F48199ABD546E7626,12.8912380563,-3.41796868586e-11,0.086850866,0.173207044,0.086603522,0.0506824361628,1.71362847913,0.0506824361628,-0.0790051983,-0.04390668625,-6.5986e-05,0.0439099105,0.0790445158,0.000452965,0.000338295007813,0.0002853455,0.0004332489,0.00043442595,0.346414088,0.292611864924,-0.456131554706,-0.253492497775,-0.000380965833123,0.253511113175,0.45635855222,0.00195512309853,-1.20302086453,1.7136284798,0.00261516500449,0.001953125,0.00164742433916,0.0025013353383,0.00250813096262,2,0.3984375,0.6015625,0,2,0.0347947494647,0.966243746791,0.0245531712957,0.00414274594612,0.00384086096559,4.97558255599e-06,0.000690568438605,0.000178363389936,6.5211809883e-05,0.000143173945542,1.13771752931e-06,-2.44356281513,-1.75326761393,材料1|50|三角波|55|-11,34464.1606461,near-shape-v1:0.02:3C03F274D569F93086DDCD32B0E345ADFFA4922B7C787D9FB2AF0D3F25B2F725,0.02,1,4,409916.145392,q4-hgb-amplitude_and_condition-fold-4,437112.889849,q4-hgb-amplitude_and_condition-full,True,附件一（训练集）.xlsx|材料1|2607,3,2,材料1|三角波|50|fq3|bq2,0.0642387237774,0.0739799361011,0.0995572085612,0.117891287822,True,True,True,True,True,True,False,True,334,1,False,False
附件一（训练集）.xlsx|材料1|3151,附件一（训练集）.xlsx,材料1,3151,C16AEE712BC0AD480B5285F17FA7FA57A5E22A1901D4A6ADB0A1EB83ECFB7FFC,材料1,90,90,396820,1123762.213,三角波,2,A816500ECAC64CCB1EC8CBC83C4F37248649DEC7668A1062397CEFC191A39CE4,C294F7F9F811FA54EDFFE0A3749D4B63276811725EDA5B51CF25E6430B19787D,12.8912380563,3.90625379265e-12,0.138090189,0.275400702,0.137700351,0.080684086584,1.7114922514,0.080684086584,-0.12563336445,-0.069872989,-2.5906e-05,0.069766463,0.1259172902,0.00072359,0.000537891996094,0.0004540505,0.0006901733,0.0006922058,0.550801404,0.292969792735,-0.456183893293,-0.2537139103,-9.40665863163e-05,0.25332710661,0.457214848334,0.00169057735138,-1.20360690883,1.71149225135,0.00262740797226,0.001953125,0.00164869042345,0.00250606950159,0.00251344965707,2,0.3974609375,0.6025390625,0.0009765625,2,0.0348182881519,0.966226022047,0.0246205624746,0.00411572482687,0.00383224016286,5.69339044677e-06,0.00068372143498,0.000179318082611,6.27561073386e-05,0.000141076431304,1.24314452249e-06,-1.97984826381,-1.28952814367,材料1|90|三角波|55|-9,54796.948799,near-shape-v1:0.02:DE3EF81C59AA18B2EEEA9B0C9A2B77C83C9F051DFAB46A2C7EEAB428F435C645,0.02,0,4,1131949.08232,q4-hgb-amplitude_and_condition-fold-4,1091126.77275,q4-hgb-amplitude_and_condition-full,True,附件一（训练集）.xlsx|材料1|3151,3,3,材料1|三角波|90|fq3|bq3,0.0367300666635,0.00725881723039,0.0995572085612,0.117891287822,True,True,True,True,True,True,True,True,310,1,False,False
附件一（训练集）.xlsx|材料1|962,附件一（训练集）.xlsx,材料1,962,C16AEE712BC0AD480B5285F17FA7FA57A5E22A1901D4A6ADB0A1EB83ECFB7FFC,材料1,90,90,158500,4627.454297,正弦波,1,74A20B2E4FE11E088285238D67703A7CB71CBD37A9E46FA854E49C8F3F771ECF,C475A22BD3E1D81F135848AF6EA05611063506D756BB06FEDC2B6F4D4B7D1B37,11.9735098723,-3.12499991162e-11,0.031028825,0.06201902,0.03100951,0.0219939606729,1.41078841876,0.0219939606729,-0.0306903643,-0.02200955025,2.072e-05,0.02202916575,0.03065035985,0.000191929,0.000121130898438,0.000135583,0.0001884276,0.0001902156,0.12403804,0.354632509074,-0.494854066845,-0.354883876249,0.00033409156175,0.355200159262,0.494209032669,-0.00130712137855,-1.50208065414,1.41078841734,0.0030946796644,0.001953125,0.00218615192565,0.00303822279036,0.00306705265578,2,0.4990234375,0.5009765625,0.0400390625,2,3.84180353578e-06,0.999996092372,1.6011845951e-06,1.11165561896e-06,1.07567396505e-09,1.00996158283e-06,2.76956786308e-09,1.12680992496e-07,4.7208642369e-10,1.90938850502e-09,7.90172952518e-11,-3.47283866782,-2.78031416679,材料1|90|正弦波|52|-16,4918.0687625,near-shape-v1:0.02:01CB4AD90FB2D86895091A9AB9C46C674F7AE681624B81C2845F9F847152051F,0.02,1,2,4541.58774111,q4-hgb-amplitude_and_condition-fold-2,4601.59856229,q4-hgb-amplitude_and_condition-full,True,附件一（训练集）.xlsx|材料1|962,1,1,材料1|正弦波|90|fq1|bq1,0.013124212141,0.0187261305181,0.10683759986,0.123263615773,True,True,True,True,True,True,True,True,314,1,False,False
附件一（训练集）.xlsx|材料1|1015,附件一（训练集）.xlsx,材料1,1015,C16AEE712BC0AD480B5285F17FA7FA57A5E22A1901D4A6ADB0A1EB83ECFB7FFC,材料1,90,90,223850,10845.05856,正弦波,1,E8E0DA0587AFBEA1EA6E3B19D2C657298B5DFFC7097F945BFCB3F447447DA061,C620948447CE38A213C63A0CE93C8C5A80EF1737BBFBDAC0D787DC56BB581871,12.3187314637,-2.14843750429e-11,0.031022092,0.062009736,0.031004868,0.0219743859058,1.41173874588,0.0219743859058,-0.03066150925,-0.0219956695,1.9555e-05,0.02196890075,0.030633338,0.000191673,0.000121112765625,0.000134496,0.0001887653,0.0001903296,0.124019472,0.354369931615,-0.494462824814,-0.354713161148,0.00031535405157,0.354281475597,0.494008521847,-0.00121163916222,-1.50233414906,1.4117387449,0.003091014611,0.001953125,0.00216894972751,0.0030441235873,0.00306935027106,2,0.4990234375,0.5009765625,0.037109375,2,3.4938137951e-06,0.999996485692,1.87873237567e-06,1.39489422642e-06,2.32404383939e-09,1.37401997039e-07,3.49943084524e-10,3.63998334612e-08,1.74645071037e-11,4.35423266934e-08,1.39306055876e-10,-3.47305568315,-2.78046387401,材料1|90|正弦波|53|-16,6944.2952942,near-shape-v1:0.02:B8EDA4AEB20FFE22326121B75EE8DC2A04A925B2F9B9A205B4CEC5E09113D1B9,0.02,0,1,10122.7533221,q4-hgb-amplitude_and_condition-fold-1,10177.0981309,q4-hgb-amplitude_and_condition-full,True,附件一（训练集）.xlsx|材料1|1015,2,1,材料1|正弦波|90|fq2|bq1,0.0053536928618,0.0689172708997,0.10683759986,0.123263615773,True,True,True,True,True,True,True,True,310,1,False,False
附件一（训练集）.xlsx|材料1|1068,附件一（训练集）.xlsx,材料1,1068,C16AEE712BC0AD480B5285F17FA7FA57A5E22A1901D4A6ADB0A1EB83ECFB7FFC,材料1,90,90,316230,163722.3468,正弦波,1,DD19BB1B412AD9CBAFB03F6BF5090AC38D76AE1869C12D3E95DD998D2A27D860,C670E59C61D25C80DDB160F69DF8AF9AD6251D0EFF9FC2B10CEA80AC3AF743BC,12.6642250759,3.80859371818e-11,0.070042989,0.139880491,0.0699402455,0.0494776887054,1.41564795836,0.0494776887054,-0.06918759935,-0.04945564975,9.60305e-05,0.04943183775,0.0690002801,0.000432196,0.000273204083984,0.0003045055,0.000423158,0.00042665735,0.279760982,0.353714005089,-0.49461936324,-0.353556449756,0.000686517907019,0.353386218182,0.493280224917,-0.00294591091564,-1.49957533651,1.41564795913,0.00308975180821,0.001953125,0.00217689756322,0.00302513950998,0.00305015622229,2,0.498046875,0.501953125,0.0341796875,2,1.57203642449e-05,0.999984271156,1.55844686384e-05,3.74771175295e-08,6.83611933821e-10,5.13293160187e-08,3.52093290128e-10,4.17148109894e-08,2.78498047304e-10,3.80110208359e-09,1.17934535459e-11,-2.65864609686,-1.96696685664,材料1|90|正弦波|55|-12,22149.6944115,near-shape-v1:0.02:AEF372BF3788FE838BED297A16E8E8879EC3F2A22635E6DA96036D2815D07E75,0.02,3,2,155815.042961,q4-hgb-amplitude_and_condition-fold-2,165105.80505,q4-hgb-amplitude_and_condition-full,True,附件一（训练集）.xlsx|材料1|1068,3,2,材料1|正弦波|90|fq3|bq2,0.0579164681797,0.0495019939899,0.10683759986,0.123263615773,True,True,True,True,True,True,True,True,300,1,False,False
附件一（训练集）.xlsx|材料1|2889,附件一（训练集）.xlsx,材料1,2889,C16AEE712BC0AD480B5285F17FA7FA57A5E22A1901D4A6ADB0A1EB83ECFB7FFC,材料1,70,70,396820,52886.41894,三角波,2,87561E0A5B1A04F1C5398E39830446D17D40B938AD6669224A3CE987D089BB51,C9D198A861CE007D4CE676E4F552FC694757ED76115BA09A4C9D115230814F6B,12.8912380563,3.90624988952e-11,0.034902426,0.0695616,0.0347808,0.0202921872195,1.71999329705,0.0202921872195,-0.0316753919,-0.0175236655,2.345e-05,0.01756765675,0.0316039982,0.00018575,0.0001358625,0.000114815,0.0001736847,0.0001744579,0.1391232,0.291715360479,-0.455357437711,-0.251915791745,0.000337110718234,0.252548197726,0.454331098781,-0.00333368317326,-1.20051778013,1.71999329897,0.00267029510535,0.001953125,0.00165055145368,0.00249684739856,0.00250796272656,2,0.6015625,0.3984375,0,2,0.0349129150761,0.966122858716,0.0245047174512,0.00423116773535,0.00388406104676,3.95034528364e-06,0.000709622162652,0.000179194246155,6.92588856844e-05,0.000147269409721,9.24036662726e-07,-3.3551989393,-2.66554258804,材料1|70|三角波|55|-15,13849.9806853,near-shape-v1:0.02:97C419089A0A12FDF264D9820AC3B511683041FA5CFAB928F54FB9E91639D089,0.02,2,0,52909.8775936,q4-hgb-amplitude_and_condition-fold-0,50845.9460999,q4-hgb-amplitude_and_condition-full,True,附件一（训练集）.xlsx|材料1|2889,3,1,材料1|三角波|70|fq3|bq1,0.0397888796555,0.00044345995641,0.0995572085612,0.117891287822,True,True,True,True,True,True,False,True,314,1,False,False
附件一（训练集）.xlsx|材料2|289,附件一（训练集）.xlsx,材料2,289,C16AEE712BC0AD480B5285F17FA7FA57A5E22A1901D4A6ADB0A1EB83ECFB7FFC,材料2,90,90,79470,415.6131139,正弦波,1,2A2DFF84AC69590A7F20E40E6E1B2F3F9DDA0E85871E9CB944EED0CE7142F26F,CFDF14E52C082F246DB911EE62B930366678A957C9E100B513008EC2814F8F90,11.2831348709,-3.80859371818e-11,0.019044231,0.038042869,0.0190214345,0.0134736377598,1.4134438924,0.0134736377598,-0.0188198016,-0.0134700655,2.355e-05,0.01347796775,0.01877842955,0.000117189,7.43024785156e-05,8.27135e-05,0.0001153429,0.0001162715,0.076085738,0.354169864522,-0.494699849318,-0.354075962618,0.000619039486374,0.354283684232,0.493612340018,-0.00252373170529,-1.50119982176,1.41344388958,0.00308044590433,0.001953125,0.00217421824837,0.00303191907004,0.00305632837523,2,0.4970703125,0.5029296875,0.03515625,2,2.64379453106e-06,0.999997338774,1.82163885788e-06,3.66571383895e-07,3.17353159244e-08,3.88020231315e-07,2.68193101504e-09,1.16255401106e-09,9.98471209851e-10,2.91837359451e-08,1.79501412763e-09,-3.96099105792,-3.26904162354,材料2|90|正弦波|49|-18,1513.44503757,near-shape-v1:0.02:FCF650DB9B87AC6132AFBD0D54DDC6677E35FC9D961C2612E428B8BD93B8EBB1,0.02,3,0,551.323338125,q4-hgb-amplitude_and_condition-fold-0,445.935486697,q4-hgb-amplitude_and_condition-full,True,附件一（训练集）.xlsx|材料2|289,0,0,材料2|正弦波|90|fq0|bq0,0.211719373126,0.281975625533,0.104291900272,0.124780990562,False,False,True,True,True,True,False,True,325,1,False,False
附件一（训练集）.xlsx|材料1|2604,附件一（训练集）.xlsx,材料1,2604,C16AEE712BC0AD480B5285F17FA7FA57A5E22A1901D4A6ADB0A1EB83ECFB7FFC,材料1,50,50,396820,43182.45211,三角波,2,70EDC96C578B929165D2206B5DD2915E6D906B1CDCC01919E8BE42A1EE09A4C9,D1788BDB0940C4B3DDC607E33CCB855BD46D247FCE10214ED5AB2E2C921F2BD5,12.8912380563,4.6874999108e-11,0.031062977,0.061931771,0.0309658855,0.018063172432,1.71968557112,0.018063172432,-0.0281173911,-0.01561780475,-1.8742e-05,0.0156226695,0.02821004255,0.000165729,0.000120960490234,0.000102169,0.0001548395,0.00015573065,0.123863542,0.291662455964,-0.454005927699,-0.252177590673,-0.000302624106696,0.252256139311,0.455501950737,0.00313541559546,-1.20054738401,1.71968556852,0.00267599323133,0.001953125,0.0016497025412,0.00250016263866,0.00251455186063,2,0.3984375,0.6015625,0.0009765625,2,0.0350493645007,0.965994876882,0.0246554654059,0.0041849855732,0.00390394992183,5.1167754506e-06,0.000706888728902,0.000183884775746,6.71565025502e-05,0.000148859093407,1.19976868469e-06,-3.47173861911,-2.78172196764,材料1|50|三角波|55|-16,12326.4105331,near-shape-v1:0.02:DE9556B293AD00D496E28EF7EFC13FCEBF4E27F31D6417CA6B02A99DAD201D8E,0.02,3,1,40164.9980705,q4-hgb-amplitude_and_condition-fold-1,41499.6105866,q4-hgb-amplitude_and_condition-full,True,附件一（训练集）.xlsx|材料1|2604,3,1,材料1|三角波|50|fq3|bq1,0.0326873214822,0.0724365502809,0.0995572085612,0.117891287822,True,True,True,False,False,False,False,True,307,1,False,False
附件一（训练集）.xlsx|材料1|683,附件一（训练集）.xlsx,材料1,683,C16AEE712BC0AD480B5285F17FA7FA57A5E22A1901D4A6ADB0A1EB83ECFB7FFC,材料1,70,70,158500,922.4199793,正弦波,1,5A758BC8523704FCBCDB564FEBB7C6D5AB3FA7F06392488A55BB7A3CC444AEFF,D5231760DDAF16A0E0E4B58B2F1B6BA42CBE4C6D8970559CEFDB46829FD87E57,11.9735098723,-9.57031251123e-11,0.015527431,0.031045277,0.0155226385,0.0110038286,1.41109349886,0.0110038286,-0.0153467757,-0.01101012125,2.265e-06,0.01101088625,0.0153403178,9.6165e-05,6.06353066406e-05,6.7349e-05,9.4668e-05,9.544475e-05,0.062090554,0.354444529517,-0.494335276967,-0.354647219102,7.2961040197e-05,0.354671866697,0.494127267594,-0.000467253082573,-1.50278106414,1.41109349016,0.0030975726195,0.001953125,0.00216937990278,0.00304935272441,0.00307437263324,2,0.4990234375,0.5009765625,0.0361328125,2,2.5454030858e-06,0.99999743812,3.26181188916e-07,1.96265085569e-06,2.72120572969e-09,6.58572943379e-08,1.8921821283e-09,1.39991297938e-07,8.69432922715e-10,4.52204229286e-08,1.26841953963e-11,-4.16514707727,-3.47230859167,材料1|70|正弦波|52|-19,2461.0978135,near-shape-v1:0.02:01CB4AD90FB2D86895091A9AB9C46C674F7AE681624B81C2845F9F847152051F,0.02,1,3,938.770615038,q4-hgb-amplitude_and_condition-fold-3,939.205905904,q4-hgb-amplitude_and_condition-full,True,附件一（训练集）.xlsx|材料1|683,1,0,材料1|正弦波|70|fq1|bq0,0.000463081180993,0.0175516724218,0.10683759986,0.123263615773,True,True,True,False,True,False,True,True,311,1,False,False
附件一（训练集）.xlsx|材料1|948,附件一（训练集）.xlsx,材料1,948,C16AEE712BC0AD480B5285F17FA7FA57A5E22A1901D4A6ADB0A1EB83ECFB7FFC,材料1,90,90,141260,50435.08141,正弦波,1,FC71A3D39E297DDFDC751EA968215F55ED93ADE5666023BEAB3E3F25982A690D,D7A33B74957733A3A6395C3630A9B5948E3659A103E15DF9DFD202DC59C7A90A,11.858357443,-7.81249717696e-12,0.088081818,0.17588883,0.087944415,0.0623420231711,1.41288032566,0.0623420231711,-0.0870566818,-0.0623384645,0.0001501925,0.06236991575,0.0867976664,0.000547699,0.000343532871094,0.000380335,0.0005361254,0.00054019105,0.35177766,0.354439921916,-0.494952873313,-0.35441968937,0.000853905889376,0.35459850269,0.493480264823,-0.00341652893508,-1.50272322165,1.41288032553,0.00311389301981,0.001953125,0.00216236016807,0.00304809236607,0.00307120725063,2,0.4970703125,0.5029296875,0.037109375,2,1.46672559021e-05,0.999985316984,1.25061689753e-05,1.91850545425e-06,2.19783286344e-09,6.76325377849e-08,9.08516572524e-10,1.31222891423e-07,3.11059106717e-09,3.66568048955e-08,6.36938422938e-10,-2.42948914645,-1.73790313124,材料1|90|正弦波|51|-11,12442.4376107,near-shape-v1:0.02:47C6E4C85BB87F2EDF5785029375A5CDC4451DFBCF383EFD217B56262878C3FD,0.02,3,3,46186.052867,q4-hgb-amplitude_and_condition-fold-3,44732.5343405,q4-hgb-amplitude_and_condition-full,True,附件一（训练集）.xlsx|材料1|948,1,2,材料1|正弦波|90|fq1|bq2,0.0319760885257,0.0880073020957,0.10683759986,0.123263615773,True,True,True,False,False,False,True,True,305,1,False,False
附件一（训练集）.xlsx|材料1|3169,附件一（训练集）.xlsx,材料1,3169,C16AEE712BC0AD480B5285F17FA7FA57A5E22A1901D4A6ADB0A1EB83ECFB7FFC,材料1,90,90,396820,2667612.198,三角波,2,581BFB2BD6BD2F296522700A4794F407902ECF2223F6C869CA7935EF2A7CE703,D7ED82AF916CD0A6F4C6C1CA4ECEF04B92AF71C32FBEADD61E32EE248480E168,12.8912380563,-2.92969294657e-12,0.194949178,0.388799176,0.194399588,0.114034119354,1.7095688475,0.114034119354,-0.1778597268,-0.098614782,6.27215e-05,0.09883360925,0.1776982995,0.001022737,0.000759373390625,0.0006438725,0.0009739826,0.0009773638,0.777598352,0.293298253683,-0.457459114566,-0.253639380134,0.000161321079882,0.254202208631,0.457043920029,-0.0020971286974,-1.20360280753,1.70956884747,0.00263050197411,0.001953125,0.00165605417847,0.00250510458901,0.0025138011095,2,0.6015625,0.3984375,0.001953125,2,0.0344642485314,0.966560783186,0.0242211538415,0.00422172696119,0.00380444752956,3.04776650297e-06,0.000688005870062,0.000168818357689,6.71225165057e-05,0.000136810670534,6.57538829218e-07,-1.63501638003,-0.94469232574,材料1|90|三角波|55|-8,77359.732814,near-shape-v1:0.02:33C45AB3924EA772A842619A609EFF5D0D1FB7F72208E928FB1F47A499855E7A,0.02,2,1,2534287.09652,q4-hgb-amplitude_and_condition-fold-1,2774236.00794,q4-hgb-amplitude_and_condition-full,True,附件一（训练集）.xlsx|材料1|3169,3,3,材料1|三角波|90|fq3|bq3,0.0904629894705,0.0512713714542,0.0995572085612,0.117891287822,True,True,True,False,True,False,True,True,315,1,False,False
附件一（训练集）.xlsx|材料1|684,附件一（训练集）.xlsx,材料1,684,C16AEE712BC0AD480B5285F17FA7FA57A5E22A1901D4A6ADB0A1EB83ECFB7FFC,材料1,70,70,158500,1607.580943,正弦波,1,A4A05F5FAE0DA775A98BF14C38A67B22C8B944731BA32CC3834B15BE31B35C4F,D8E9A0B1F2647244F57D00C81107885EFB57D0CA73AC5F3884EC92088D125638,11.9735098723,-3.61328120202e-11,0.019543862,0.039072596,0.019536298,0.0138418300979,1.41194205259,0.0138418300979,-0.01931285465,-0.0138559035,8.05e-06,0.01384161575,0.01930167565,0.000121003,7.63136640625e-05,8.4638e-05,0.0001189551,0.00012,0.078145192,0.354259289499,-0.494281327349,-0.354619474577,0.000206027675581,0.354253804537,0.493995220746,-0.000859337555233,-1.50224095157,1.41194204998,0.00309687638876,0.001953125,0.00216617293614,0.00304446369522,0.00307120622341,2,0.4990234375,0.5009765625,0.03515625,2,2.11494702601e-06,0.999997859937,7.21194397782e-07,1.28912466295e-06,6.23062509936e-11,6.43677171399e-08,1.587321635e-09,2.70455233265e-08,2.3822605699e-10,1.05402878586e-08,7.82056899372e-10,-3.93509400604,-3.24233392728,材料1|70|正弦波|52|-18,3097.702127,near-shape-v1:0.02:06E785D0BC8911429983AEF05B5A5246CC0EA7518C15BD7BA4B3DEA9AEF49F1C,0.02,1,3,1394.18551048,q4-hgb-amplitude_and_condition-fold-3,1542.55775044,q4-hgb-amplitude_and_condition-full,True,附件一（训练集）.xlsx|材料1|684,1,0,材料1|正弦波|70|fq1|bq0,0.101062590656,0.142324999615,0.10683759986,0.123263615773,True,False,True,False,False,False,True,True,321,1,False,False
附件一（训练集）.xlsx|材料1|995,附件一（训练集）.xlsx,材料1,995,C16AEE712BC0AD480B5285F17FA7FA57A5E22A1901D4A6ADB0A1EB83ECFB7FFC,材料1,90,90,199500,1150.367179,正弦波,1,FD3AB31E7ADA72EA3EE7DCAC2666130899084231658018F988774509081CA462,DA48DAD37A1FFBE04232A8881DB8E49971B3C47848C9C2DD9F0EE41510815BB4,12.2035695153,-1.36718750036e-10,0.012366007,0.024726488,0.012363244,0.008763886946,1.41101854419,0.008763886946,-0.01222476505,-0.0087649275,5.355e-06,0.00877078925,0.01221890195,7.6542e-05,4.8293921875e-05,5.36265e-05,7.52919e-05,7.60136e-05,0.049452976,0.354433146592,-0.494399565085,-0.354475223626,0.000216574902135,0.354712298274,0.494162457957,-0.000642963915566,-1.50257294991,1.41101852859,0.0030955467675,0.001953125,0.00216878757711,0.00304498964835,0.00307417697168,2,0.4990234375,0.5009765625,0.0380859375,2,2.52225355721e-06,0.999997462759,5.56889042456e-07,1.69405717812e-06,6.94514330281e-09,9.85663967672e-08,1.8986846877e-10,1.22726448012e-07,3.02447503631e-09,3.94507551078e-08,3.97850371449e-10,-4.39280394178,-3.69988022128,材料1|90|正弦波|52|-20,2467.0183965,near-shape-v1:0.02:01CB4AD90FB2D86895091A9AB9C46C674F7AE681624B81C2845F9F847152051F,0.02,1,4,1041.0303817,q4-hgb-amplitude_and_condition-fold-4,1091.19280757,q4-hgb-amplitude_and_condition-full,True,附件一（训练集）.xlsx|材料1|995,2,0,材料1|正弦波|90|fq2|bq0,0.0470163254381,0.0997789875475,0.10683759986,0.123263615773,True,True,True,False,False,False,True,True,315,1,False,False
附件一（训练集）.xlsx|材料1|959,附件一（训练集）.xlsx,材料1,959,C16AEE712BC0AD480B5285F17FA7FA57A5E22A1901D4A6ADB0A1EB83ECFB7FFC,材料1,90,90,158500,1670.793911,正弦波,1,F0D4C58BA4AAE7299A5BAEEF915E6ECBBA22DEA94E48B93E8CD991C0CAC6E76D,DB897DCA124DB311D3BF3BFB641A017BF3E03B4AAC361175C26568A03FD5F957,11.9735098723,-3.32031242778e-11,0.019588072,0.039159269,0.0195796345,0.0138749580478,1.4117572055,0.0138749580478,-0.0193579896,-0.0138890705,8.345e-06,0.0138875715,0.0193455439,0.000121056,7.64829472656e-05,8.494e-05,0.0001191836,0.0001202794,0.078318538,0.354321171005,-0.494339911371,-0.354681556155,0.00021310492806,0.35464327828,0.494022090484,-0.000876782399857,-1.50244939512,1.41175720311,0.00309137537782,0.001953125,0.0021690905415,0.00304356038924,0.00307154354694,2,0.498046875,0.501953125,0.0361328125,2,2.39628684326e-06,0.999997578121,7.16444420113e-07,1.53941796669e-06,1.36351065279e-10,9.95668187486e-08,2.83618687372e-10,2.46332891794e-08,2.4566642829e-10,1.50928477499e-08,4.60061084874e-10,-3.93283446943,-3.2401181285,材料1|90|正弦波|52|-18,3104.709412,near-shape-v1:0.02:4D7005B87275B620047B619626548FCA4C82A6333B2AB2226C1A7947CB20D068,0.02,1,0,1561.86304155,q4-hgb-amplitude_and_condition-fold-0,1510.09983469,q4-hgb-amplitude_and_condition-full,True,附件一（训练集）.xlsx|材料1|959,1,0,材料1|正弦波|90|fq1|bq0,0.0336816691917,0.0673778258621,0.10683759986,0.123263615773,True,True,True,True,False,True,True,True,325,1,False,False
附件一（训练集）.xlsx|材料4|398,附件一（训练集）.xlsx,材料4,398,C16AEE712BC0AD480B5285F17FA7FA57A5E22A1901D4A6ADB0A1EB83ECFB7FFC,材料4,50,50,398100,14369.78568,正弦波,1,479427440BE84F00B4E7A9601B07218CB01156B668E0BD7CBC30E2E695F9B303,DB8ECFF0A28C8E68A043C4BD64BAFADB0F569CCD01C364C05CA6206406B587B9,12.894458509,-1.56250012928e-11,0.017495418,0.03496101,0.017480505,0.0123902477009,1.41203133484,0.0123902477009,-0.01729027025,-0.012385874,1.2255e-05,0.01238401625,0.017266292,0.000108463,6.82832226563e-05,7.5906e-05,0.0001064375,0.0001073653,0.06992202,0.354401880863,-0.494558659329,-0.35427677817,0.000350533798223,0.354223641297,0.493872803321,-0.00161189934676,-1.50250290963,1.41203133357,0.00310239892955,0.001953125,0.00217116153109,0.00304446296031,0.00307100109522,2,0.498046875,0.501953125,0.037109375,2,8.41744138697e-06,0.999991569466,6.5661275405e-06,1.60158068452e-06,5.52852210913e-09,8.41888602805e-08,8.55126640133e-10,1.24419703756e-07,4.35170511749e-11,3.44480381e-08,1.784304795e-10,-4.04581626091,-3.35352183845,材料4|50|正弦波|55|-18,6964.9259058,near-shape-v1:0.02:5A72252F902A29059057CEE7A0DC215B6CCF47A3845A134A05ED40DF79CACDE0,0.02,3,2,13090.328278,q4-hgb-amplitude_and_condition-fold-2,13035.2052282,q4-hgb-amplitude_and_condition-full,True,附件一（训练集）.xlsx|材料4|398,3,0,材料4|正弦波|50|fq3|bq0,0.00421954346159,0.0932473261126,0.108741071783,0.133030600098,True,True,True,True,False,True,False,True,317,1,False,False
附件一（训练集）.xlsx|材料1|669,附件一（训练集）.xlsx,材料1,669,C16AEE712BC0AD480B5285F17FA7FA57A5E22A1901D4A6ADB0A1EB83ECFB7FFC,材料1,70,70,141250,684.4961366,正弦波,1,06B7E6B97B366C19D9872A5CA89DD8535CCF01E077DFD348B46590B6CB20F858,DDC8D57213978B5DD42C4C65A0800CCB12ECCE1CF6BDA993A4933502FF7534C9,11.858286649,-6.83593754519e-11,0.015656917,0.0313083,0.01565415,0.0110791959429,1.41318170386,0.0110791959429,-0.01546965055,-0.01107016875,2.95e-06,0.011064767,0.0154660909,9.64e-05,6.11490234375e-05,6.8112e-05,9.50204e-05,9.577555e-05,0.0626166,0.353874082684,-0.494107009376,-0.353585748241,9.42263987305e-05,0.353413218487,0.493993317055,-0.000401526490459,-1.50028695044,1.41318169769,0.00307905571366,0.001953125,0.00217552533993,0.00303499072131,0.00305911052341,2,0.4990234375,0.5009765625,0.0341796875,2,4.42023394646e-07,0.999999548201,2.92947376879e-07,2.36806487586e-08,8.15109706054e-10,6.0091537899e-08,2.33046970372e-10,5.80104878428e-08,1.80128600805e-11,6.16576883905e-09,6.12051848573e-11,-4.15684247881,-3.46387204087,材料1|70|正弦波|51|-19,2211.53952625,near-shape-v1:0.02:D0D4633164DAECCA5A4320E9F5467F8DC22F6D34B9EB0B17FC10B93B028376AE,0.02,3,1,697.067606388,q4-hgb-amplitude_and_condition-fold-1,688.189940317,q4-hgb-amplitude_and_condition-full,True,附件一（训练集）.xlsx|材料1|669,1,0,材料1|正弦波|70|fq1|bq0,0.012799046988,0.0181730922611,0.10683759986,0.123263615773,True,True,True,True,False,True,True,True,325,1,False,False
附件一（训练集）.xlsx|材料1|2893,附件一（训练集）.xlsx,材料1,2893,C16AEE712BC0AD480B5285F17FA7FA57A5E22A1901D4A6ADB0A1EB83ECFB7FFC,材料1,70,70,396820,1163294.243,三角波,2,22EC509F7C2C5BEE8B0B7E32BD11D73ECE5A9567D9BA6CD10C055FBC3EC475B2,E1E13128FC462957234B608F7170BED734494638C67403782B75A1AB744E1246,12.8912380563,4.88281463873e-12,0.138362618,0.276035752,0.138017876,0.0808733951578,1.71085457375,0.0808733951578,-0.12614330885,-0.06995625825,5.7345e-05,0.07005917475,0.1260544512,0.000720874,0.000539132328125,0.0004555925,0.000690016,0.0006915979,0.552071504,0.292981595941,-0.456981778414,-0.253431875212,0.000207744810959,0.25380471275,0.45665987207,-0.0013816960371,-1.20361926967,1.71085457381,0.00261152403186,0.001953125,0.00165048366633,0.00249973416487,0.00250546494427,2,0.6005859375,0.3994140625,0.0009765625,2,0.0344292551117,0.966588928751,0.0241845322409,0.00421506805254,0.00380558526351,2.98318632535e-06,0.000692706458623,0.000169782270251,6.82283715149e-05,0.000139369234877,6.81737523283e-07,-1.97787737344,-1.28722488542,材料1|70|三角波|55|-9,54905.0540748,near-shape-v1:0.02:1B0B04C9E79E76111C5A7FF53E5D7C975365C28173E856AF43EE9D51CC68B475,0.02,4,1,1196110.01183,q4-hgb-amplitude_and_condition-fold-1,1159908.42044,q4-hgb-amplitude_and_condition-full,True,附件一（训练集）.xlsx|材料1|2893,3,3,材料1|三角波|70|fq3|bq3,0.030733554235,0.0278187658735,0.0995572085612,0.117891287822,True,True,True,True,True,True,True,True,308,1,False,False
附件一（训练集）.xlsx|材料3|701,附件一（训练集）.xlsx,材料3,701,C16AEE712BC0AD480B5285F17FA7FA57A5E22A1901D4A6ADB0A1EB83ECFB7FFC,材料3,70,70,199500,1003.572429,正弦波,1,15817C8D4D01B362764E99E9571005109E79205FBD631C949D5B719ED4EB7B8B,E2B41B7BFFBC9326E05D404AB4347FB281AEABC33092322067A06B5EA571914B,12.2035695153,-5.66406244823e-11,0.012366738,0.024726538,0.012363269,0.00876239134903,1.41134280671,0.00876239134903,-0.0122170404,-0.00877137875,-3.338e-06,0.0087702175,0.01222321155,7.6534e-05,4.82940195312e-05,5.3468e-05,7.52782e-05,7.58941e-05,0.049453076,0.354371944387,-0.494086165373,-0.354735413965,-0.000134994367565,0.354688454835,0.494335745936,0.000573072020318,-1.50244957911,1.41134281317,0.00309521696891,0.001953125,0.00216237307463,0.00304442943044,0.00306933789114,2,0.5009765625,0.4990234375,0.0361328125,2,2.27157972038e-06,0.999997706106,5.3291238802e-07,1.51532545121e-06,1.70507234636e-09,1.62577310558e-07,6.18216566077e-10,2.04259236229e-08,1.44090567223e-10,3.72868224714e-08,5.792342525e-10,-4.39274482986,-3.69987819916,材料3|70|正弦波|52|-20,2467.164231,near-shape-v1:0.02:0AA76756FEB582B0E2A75916EA272F02561881226FC28C3741FD79A6ADBBD031,0.02,0,2,1046.28028281,q4-hgb-amplitude_and_condition-fold-2,1056.25535496,q4-hgb-amplitude_and_condition-full,True,附件一（训练集）.xlsx|材料3|701,2,0,材料3|正弦波|70|fq2|bq0,0.00947966541493,0.041634589729,0.0944761622685,0.110247248982,True,True,True,True,True,True,True,True,322,1,False,False
附件一（训练集）.xlsx|材料1|3162,附件一（训练集）.xlsx,材料1,3162,C16AEE712BC0AD480B5285F17FA7FA57A5E22A1901D4A6ADB0A1EB83ECFB7FFC,材料1,90,90,396820,176224.4706,三角波,2,2ACABF359038BEEAEB7D6693643BBED584977F3F638CA533522EB431A5AD8643,E3B284B8CE0296DA50AA611E197392FD95AE5CCD3164E427E3C96AA64CE0C831,12.8912380563,-3.61328128876e-11,0.061914659,0.123491939,0.0617459695,0.0360896227129,1.71558066685,0.0360896227129,-0.0562992108,-0.031242652,2.17e-05,0.0312268425,0.0561895293,0.000327082,0.000241195193359,0.000203431,0.000308225,0.0003095041,0.246983878,0.292242740742,-0.455893811529,-0.252993452179,0.00017572026408,0.252865432262,0.455005644831,-0.0018429633762,-1.20200061337,1.71558066585,0.00264861012507,0.001953125,0.00164732209768,0.00249591189916,0.00250626966024,2,0.6015625,0.3984375,0,2,0.0346713751271,0.966354388812,0.0243399240393,0.00422202989033,0.0038484180669,3.51442408747e-06,0.000702136485628,0.000175155540651,6.89736373168e-05,0.000143850785381,8.32650599653e-07,-2.78199830988,-2.0915793963,材料1|90|三角波|55|-13,24568.9749844,near-shape-v1:0.02:8188412DB8D04F2BAA79712BE2708235391769123590D6C5528ABFA255EF7212,0.02,4,4,186958.046917,q4-hgb-amplitude_and_condition-fold-4,178932.821333,q4-hgb-amplitude_and_condition-full,True,附件一（训练集）.xlsx|材料1|3162,3,2,材料1|三角波|90|fq3|bq2,0.0438735681701,0.0591253343206,0.0995572085612,0.117891287822,True,True,True,True,True,True,False,True,313,1,False,False
附件一（训练集）.xlsx|材料2|2257,附件一（训练集）.xlsx,材料2,2257,C16AEE712BC0AD480B5285F17FA7FA57A5E22A1901D4A6ADB0A1EB83ECFB7FFC,材料2,25,25,396810,18424.27786,梯形波,3,8D6AEAA2C3FAF653BBEC2B5E411504118CB6A5BCA9556B9F2F442C9175479BDC,E4F5771B4B8564323C2422D092892BD911D6EE1E6CD79E814A3D6E97054E8067,12.8912128557,-1.95312429424e-12,0.01981705,0.039592177,0.0197960885,0.0130198254102,1.52206726094,0.0130198254102,-0.01904562085,-0.01192531325,-2.1195e-05,0.011919514,0.0191397676,0.000122956,7.73284707031e-05,7.80195e-05,0.0001165671,0.0001171438,0.079184354,0.328848434128,-0.481045052108,-0.301203776899,-0.000535332978706,0.301057302354,0.483422965147,0.00493824550329,-1.34782020733,1.52206726079,0.00310556300049,0.001953125,0.00197057868275,0.00294419526362,0.00295876127246,2,0.494140625,0.505859375,0.00390625,2,0.0195503485154,0.980729209785,0.0166241297245,0.00181426354106,0.000394801718343,1.42622629369e-07,8.02516873465e-05,5.43639920954e-05,6.8264367574e-05,0.000137252591512,1.2760554015e-07,-3.92121260071,-3.22912373074,材料2|25|梯形波|55|-18,7863.6036105,near-shape-v1:0.02:B2A773D2FD07ECF9F363FB23C0052C618B705CAED8330BAC30F204E2ABBA9D9F,0.02,2,0,15927.2140655,q4-hgb-amplitude_and_condition-fold-0,19530.3890743,q4-hgb-amplitude_and_condition-full,True,附件一（训练集）.xlsx|材料2|2257,3,0,材料2|梯形波|25|fq3|bq0,0.203930861272,0.145631512315,0.0906033358119,0.0977840223182,False,False,True,False,False,False,True,True,290,1,False,False
附件一（训练集）.xlsx|材料1|3168,附件一（训练集）.xlsx,材料1,3168,C16AEE712BC0AD480B5285F17FA7FA57A5E22A1901D4A6ADB0A1EB83ECFB7FFC,材料1,90,90,396820,1969353.105,三角波,2,09B620F893107E237CF4539698A6D614A0EE1AAFC22C6EEC1C2B12B3750AC341,E641E5F16713ED193F0B7A411948299C821B70DEFFF773BFFE79C518C62D505E,12.8912380563,-2.9296877424e-12,0.173500588,0.345994725,0.1729973625,0.101429228774,1.71055809157,0.101429228774,-0.15827751175,-0.087808061,4.7925e-05,0.08786849525,0.15798440605,0.000909389,0.000675770947266,0.0005726415,0.0008662608,0.00086990935,0.69198945,0.293152529345,-0.457456430144,-0.253784392225,0.000138513680894,0.253959060367,0.456609290945,-0.00187090744714,-1.20333940025,1.71055809154,0.00262833197818,0.001953125,0.00165505846946,0.00250368210093,0.0025142272039,2,0.6015625,0.3984375,0.0009765625,2,0.0344634990349,0.966559795824,0.0241992788872,0.00422815751272,0.00381253273041,3.00380163004e-06,0.000692910029243,0.000168466752721,6.77082276115e-05,0.000138334825502,6.39823515347e-07,-1.75157429055,-1.06133174971,材料1|90|三角波|55|-8,68848.5033302,near-shape-v1:0.02:89B17ECBBD02841ACF30689F5139FB7C6C97902B7413BB83A39AFF001BA0332C,0.02,4,1,1881456.5643,q4-hgb-amplitude_and_condition-fold-1,2066455.8389,q4-hgb-amplitude_and_condition-full,True,附件一（训练集）.xlsx|材料1|3168,3,3,材料1|三角波|90|fq3|bq3,0.0937886920524,0.0456588468965,0.0995572085612,0.117891287822,True,True,True,True,True,True,True,True,315,1,False,False
附件一（训练集）.xlsx|材料3|2611,附件一（训练集）.xlsx,材料3,2611,C16AEE712BC0AD480B5285F17FA7FA57A5E22A1901D4A6ADB0A1EB83ECFB7FFC,材料3,70,70,499970,1860727.877,三角波,2,35061E32A2E83958B58A6247B01357F82905652DF8173A4E30733171B99D0FEF,E8A6DD3E91586257913CFDFA6A68FF3A3E6BC021A5C54A30C1B07552A566BF00,13.1223033756,-4.88281116928e-12,0.123069628,0.245325557,0.1226627785,0.0722350047497,1.7037394602,0.0722350047497,-0.1125759243,-0.062568983,-4.02015e-05,0.06253087375,0.1127501947,0.000644912,0.000479151478516,0.0004092575,0.000614138,0.00061741925,0.490651114,0.294445493706,-0.458883801883,-0.255044699624,-0.000163869984069,0.254889358123,0.459594165743,0.00172195873771,-1.20582579709,1.70373946027,0.00262880071643,0.001953125,0.00166822203526,0.00250335924031,0.00251673432459,2,0.40234375,0.59765625,0.001953125,2,0.0334421883793,0.967530223162,0.0232305435713,0.00441440842724,0.00368558907657,1.79039202939e-07,0.000685569089993,0.000143140585098,7.428673065e-05,0.000122584600967,2.6864644918e-08,-2.09500500247,-1.40516914643,材料3|70|三角波|56|-10,61531.1219112,near-shape-v1:0.02:89E5C74A85D7BE34886109B752C480816714F543B884A74AD4F44DBC8B10A920,0.02,1,1,1762554.67403,q4-hgb-amplitude_and_condition-fold-1,1809020.32095,q4-hgb-amplitude_and_condition-full,True,附件一（训练集）.xlsx|材料3|2611,3,3,材料3|三角波|70|fq3|bq3,0.0260211490782,0.0542034370117,0.0899223710084,0.10470351852,True,True,True,True,True,True,False,True,330,1,False,False
附件一（训练集）.xlsx|材料1|982,附件一（训练集）.xlsx,材料1,982,C16AEE712BC0AD480B5285F17FA7FA57A5E22A1901D4A6ADB0A1EB83ECFB7FFC,材料1,90,90,177820,4757.597689,正弦波,1,6BF59DC6AB39F836AD79FD4884F450DFB98BF861B6F154875C9AE2C3E6BB62F0,E965B45343BA16FFE4A33B6782604FA60EC6F22BA5EB65A98C921BCD2A61C3C4,12.0885270817,1.07421849194e-11,0.027606969,0.055184275,0.0275921375,0.0195688440869,1.41076135501,0.0195688440869,-0.02729709585,-0.0195765655,1.88e-05,0.01960198725,0.0272679251,0.000170939,0.000107781787109,0.0001204215,0.0001676648,0.00016926455,0.11036855,0.354609063666,-0.494653519698,-0.354748984394,0.000340676565159,0.355209654186,0.494124913107,-0.00116330813144,-1.50219230804,1.41076135556,0.00309760343866,0.001953125,0.00218217055493,0.00303827131914,0.00306726055566,2,0.4990234375,0.5009765625,0.0380859375,2,3.99562943682e-06,0.999995955747,1.7101022132e-06,1.23333513594e-06,2.47539521236e-09,9.27734580461e-07,2.59444351137e-09,1.14289552576e-07,4.68287719496e-10,4.51362151435e-09,1.00047352651e-10,-3.58968703813,-2.89707723947,材料1|90|正弦波|52|-16,4909.07122758,near-shape-v1:0.02:CC671B8300673499F519A1E524CDFC7E0865DB336BBC82E897BAB86B4A765C3C,0.02,4,2,4301.6414873,q4-hgb-amplitude_and_condition-fold-2,4215.10275812,q4-hgb-amplitude_and_condition-full,True,附件一（训练集）.xlsx|材料1|982,2,1,材料1|正弦波|90|fq2|bq1,0.0203179491568,0.100723888221,0.10683759986,0.123263615773,True,True,True,True,False,True,True,True,314,1,False,False
附件一（训练集）.xlsx|材料1|2891,附件一（训练集）.xlsx,材料1,2891,C16AEE712BC0AD480B5285F17FA7FA57A5E22A1901D4A6ADB0A1EB83ECFB7FFC,材料1,70,70,396820,519309.1391,三角波,2,0ACC776ED237528F13A235A757430CA21C4F413930AFBCC0FC16D5CB460D1828,EA6D7A3797FD8A3CFDEFA1A1D8B37E15B28ED0F0FB112FBB21670AEBFB41A100,12.8912380563,1.95312342688e-12,0.097860711,0.195243485,0.0976217425,0.0571553047131,1.71218947202,0.0571553047131,-0.089108556,-0.049445757,2.244e-05,0.04949927625,0.08905668665,0.000511744,0.000381334931641,0.0003219225,0.0004880068,0.0004888476,0.39048697,0.292738601306,-0.456397077741,-0.253251764083,0.000114933402499,0.253525879483,0.456131412774,-0.00159365364273,-1.20292104868,1.71218947206,0.00262105544777,0.001953125,0.00164882582382,0.00249947802356,0.00250378444126,2,0.6005859375,0.3994140625,0.001953125,2,0.0346234287432,0.966404881091,0.0243552796706,0.00420074020871,0.00382519405637,3.56810105939e-06,0.000693385537712,0.000172873286081,6.7339815712e-05,0.000141026475142,8.43386174658e-07,-2.32421012767,-1.6335078583,材料1|70|三角波|55|-11,38833.087339,near-shape-v1:0.02:1B0B04C9E79E76111C5A7FF53E5D7C975365C28173E856AF43EE9D51CC68B475,0.02,4,3,542650.525478,q4-hgb-amplitude_and_condition-fold-3,536899.276774,q4-hgb-amplitude_and_condition-full,True,附件一（训练集）.xlsx|材料1|2891,3,2,材料1|三角波|70|fq3|bq2,0.0106549831196,0.0439660808399,0.0995572085612,0.117891287822,True,True,True,True,True,True,False,True,325,1,False,False
附件一（训练集）.xlsx|材料1|2869,附件一（训练集）.xlsx,材料1,2869,C16AEE712BC0AD480B5285F17FA7FA57A5E22A1901D4A6ADB0A1EB83ECFB7FFC,材料1,70,70,354610,2766294.227,三角波,2,3074F1131A978F36CF962E376C1F6C2597CCF6752583EAB19FD52EC0D00F4AE7,EAEC62EB52590EB862B17FA0E24C77CA9A8B35BF261447C942C1B1FD4996C278,12.778773873,-2.63671827427e-11,0.218857279,0.436308131,0.2181540655,0.127781991155,1.7127396202,0.127781991155,-0.19914695965,-0.1105422945,-0.0001276475,0.1106143515,0.19931901275,0.00114922,0.000852164318359,0.000721316,0.0010934381,0.00109590295,0.872616262,0.292870982859,-0.456436507766,-0.253358318627,-0.00029256267432,0.253523470381,0.456830846401,0.00261260209181,-1.20309379036,1.71273962041,0.00263396420637,0.001953125,0.00165322612335,0.00250611442307,0.00251176375624,2,0.3984375,0.6015625,0.0009765625,2,0.034795707254,0.966245544394,0.0245578311846,0.00414539227484,0.00383810627252,5.0137739973e-06,0.00068917157358,0.00017760843069,6.52545551476e-05,0.000141693885305,1.12514750819e-06,-1.51933545567,-0.829406562767,材料1|70|三角波|55|-7,77608.9797062,near-shape-v1:0.02:3C03F274D569F93086DDCD32B0E345ADFFA4922B7C787D9FB2AF0D3F25B2F725,0.02,1,0,2747961.76319,q4-hgb-amplitude_and_condition-fold-0,2711759.61216,q4-hgb-amplitude_and_condition-full,True,附件一（训练集）.xlsx|材料1|2869,3,3,材料1|三角波|70|fq3|bq3,0.0132617274256,0.006649138065,0.0995572085612,0.117891287822,True,True,True,True,True,True,True,True,295,1,False,False
附件一（训练集）.xlsx|材料1|3146,附件一（训练集）.xlsx,材料1,3146,C16AEE712BC0AD480B5285F17FA7FA57A5E22A1901D4A6ADB0A1EB83ECFB7FFC,材料1,90,90,396820,229195.7748,三角波,2,77AA0CD71C965575A3D4CED346CC833293920F1832217C2D361C22EFBE86AB12,EB00E57A628155662744F44ADB274A43055F8B45C64F2AE56008461DBB479D84,12.8912380563,7.03124997462e-11,0.069570321,0.138750585,0.0693752925,0.0405692501247,1.71485351063,0.0405692501247,-0.06324076565,-0.035117116,-4.13e-05,0.0351328005,0.063280837,0.000365976,0.000270997236328,0.0002285335,0.0003469228,0.00034825965,0.27750117,0.292389759111,-0.455787380791,-0.253095264934,-0.000297656909429,0.253208304885,0.456076181082,0.0017303613963,-1.20249714369,1.7148535089,0.00263765374395,0.001953125,0.00164708134384,0.00250033396256,0.00250996887689,2,0.3984375,0.6015625,0,2,0.0348161149704,0.966221336669,0.0245366495928,0.00415676379682,0.00385647727128,4.81717607048e-06,0.000695338888639,0.000178618436831,6.5780092658e-05,0.000144531403415,1.09648577666e-06,-2.665417225,-1.97507731015,材料1|90|三角波|55|-12,27606.8947792,near-shape-v1:0.02:3C03F274D569F93086DDCD32B0E345ADFFA4922B7C787D9FB2AF0D3F25B2F725,0.02,1,4,230905.509578,q4-hgb-amplitude_and_condition-fold-4,238547.253481,q4-hgb-amplitude_and_condition-full,True,附件一（训练集）.xlsx|材料1|3146,3,2,材料1|三角波|90|fq3|bq2,0.0325587023806,0.00743199497046,0.0995572085612,0.117891287822,True,True,True,True,True,True,False,True,332,1,False,False
附件一（训练集）.xlsx|材料1|744,附件一（训练集）.xlsx,材料1,744,C16AEE712BC0AD480B5285F17FA7FA57A5E22A1901D4A6ADB0A1EB83ECFB7FFC,材料1,70,70,223850,8650.154327,正弦波,1,1B735E088AFFE21EF5CEA2FB7D1845BA2EF75E286C080A6DA40A84D533D0E76E,EB91454177FE23A4371BBD1428FA76E96C2ABAC3A2A8B8762E9A766AB7E6683B,12.3187314637,-1.75781264544e-11,0.027551148,0.05507043,0.027535215,0.0195218112834,1.41130080606,0.0195218112834,-0.02723508205,-0.01952789125,1.479e-05,0.01952713425,0.0272099222,0.000170541,0.000107559433594,0.000119551,0.0001679736,0.0001695935,0.11014086,0.354488085228,-0.494550015905,-0.35459848838,0.000268565500181,0.354584742984,0.494093149764,-0.00104821076317,-1.50290785202,1.41130080516,0.00309677988714,0.001953125,0.0021708746418,0.00305015958655,0.0030795746465,2,0.4990234375,0.5009765625,0.037109375,2,3.99942856658e-06,0.999995984264,1.61009533352e-06,2.13791955143e-06,2.55805557455e-09,7.81230816342e-08,2.3168097872e-09,1.29831245312e-07,1.79613675881e-09,3.67091036361e-08,6.31882732341e-11,-3.59171107456,-2.89914236749,材料1|70|正弦波|53|-16,6167.3244798,near-shape-v1:0.02:01CB4AD90FB2D86895091A9AB9C46C674F7AE681624B81C2845F9F847152051F,0.02,1,3,7336.57332132,q4-hgb-amplitude_and_condition-fold-3,7990.66392081,q4-hgb-amplitude_and_condition-full,True,附件一（训练集）.xlsx|材料1|744,2,1,材料1|正弦波|70|fq2|bq1,0.0853908107229,0.16468458246,0.10683759986,0.123263615773,True,False,True,False,False,False,True,True,311,1,False,False
附件一（训练集）.xlsx|材料2|700,附件一（训练集）.xlsx,材料2,700,C16AEE712BC0AD480B5285F17FA7FA57A5E22A1901D4A6ADB0A1EB83ECFB7FFC,材料2,70,70,79470,603.8246172,正弦波,1,5AC32A4524703010685DD47465C6D0DE66CB9749307ABC2302E7D7D04117DD72,ED866A380FBCA9D4CB9C893C61CDB48B2011A0F6B11A5116BE34A46ABC55A08E,11.2831348709,-6.64062502903e-11,0.019448192,0.03886164,0.01943082,0.0137520836602,1.41419965734,0.0137520836602,-0.01918732555,-0.0137404275,-2.18e-05,0.0137511545,0.0192160076,0.000119415,7.5901640625e-05,8.4537e-05,0.0001175001,0.0001185984,0.07772328,0.353872962134,-0.493734322164,-0.353573020428,-0.000560962779588,0.353849054399,0.494472381155,0.00205594410404,-1.49966576785,1.41419966217,0.00307282451281,0.001953125,0.00217533279604,0.00302354970094,0.00305181150358,2,0.5009765625,0.4990234375,0.03515625,2,1.60136234169e-06,0.999998371488,1.12300181527e-06,8.20838392269e-08,1.10920746926e-08,3.60163742199e-07,2.6943139114e-09,1.79212826573e-11,1.12111532061e-09,1.93052702476e-08,1.87964170817e-09,-3.94000116954,-3.24774763314,材料2|70|正弦波|49|-18,1545.54781824,near-shape-v1:0.02:B4C9FB8D4A6E9F89FAC8328EF9CF09820CF19ED17D07EA916C38F2D06791E5B4,0.02,0,4,623.935796404,q4-hgb-amplitude_and_condition-fold-4,604.207656158,q4-hgb-amplitude_and_condition-full,True,附件一（训练集）.xlsx|材料2|700,0,0,材料2|正弦波|70|fq0|bq0,0.0320772862474,0.0327103916268,0.104291900272,0.124780990562,True,True,True,False,False,False,False,True,328,1,False,False
附件一（训练集）.xlsx|材料2|710,附件一（训练集）.xlsx,材料2,710,C16AEE712BC0AD480B5285F17FA7FA57A5E22A1901D4A6ADB0A1EB83ECFB7FFC,材料2,70,70,99950,466.5996296,正弦波,1,FAA37E64A011287A73BB03F40FC13B6E7203EB227F2BCA7307FFF4419282B96F,EE3E7F6DB07B66B2929A48444FE97C9087FB643C6A2DA49ACBA7835B9E3CC360,11.5124253399,4.39453126666e-11,0.015647061,0.031288541,0.0156442705,0.0110777224498,1.41247996336,0.0110777224498,-0.0154657671,-0.011085931,1.1695e-05,0.011071138,0.0154590655,9.67e-05,6.11104316406e-05,6.8115e-05,9.46321e-05,9.53663e-05,0.062577082,0.354050463708,-0.494294928739,-0.35431281516,0.000373777609339,0.353840019452,0.49408073889,-0.00107034339668,-1.5002027231,1.41247996733,0.00309058834031,0.001953125,0.00217699508584,0.00302449705149,0.00304796251126,2,0.498046875,0.501953125,0.0361328125,2,1.80253157542e-06,0.999998167758,1.11772219054e-06,4.10436641439e-08,6.48931721288e-08,5.37962952414e-07,7.21085773061e-09,6.72268752688e-09,9.56330379507e-09,1.10779672007e-08,6.33147726705e-09,-4.15747217516,-3.4645033507,材料2|70|正弦波|49|-19,1563.92374695,near-shape-v1:0.02:4D7005B87275B620047B619626548FCA4C82A6333B2AB2226C1A7947CB20D068,0.02,1,0,641.939183618,q4-hgb-amplitude_and_condition-fold-0,534.978486238,q4-hgb-amplitude_and_condition-full,True,附件一（训练集）.xlsx|材料2|710,1,0,材料2|正弦波|70|fq1|bq0,0.181956114872,0.318437700054,0.104291900272,0.124780990562,False,False,True,True,True,True,True,True,329,1,False,False
附件一（训练集）.xlsx|材料1|3167,附件一（训练集）.xlsx,材料1,3167,C16AEE712BC0AD480B5285F17FA7FA57A5E22A1901D4A6ADB0A1EB83ECFB7FFC,材料1,90,90,396820,1469726.296,三角波,2,6A39522FE748BC693E17882E9A8629C23EE86BBA87F1505C1B323D7FFA9BFC33,EEB718232BE115628A865EC5292D01492DB32CDEB15DC3569A374B995ABFBB19,12.8912380563,-7.81250064641e-12,0.154211759,0.30746596,0.15373298,0.0900805235312,1.71193231294,0.0900805235312,-0.14057933475,-0.07794712575,5.3194e-05,0.078025195,0.14031806105,0.000813691,0.000600519453125,0.0005087525,0.0007695652,0.00077199005,0.61493192,0.292977224312,-0.457219182059,-0.253514651645,0.000173007795115,0.253768563544,0.456369417472,-0.00238831264525,-1.20287074068,1.71193231286,0.00264644255253,0.001953125,0.00165466284463,0.00250292812902,0.00251081469311,2,0.6015625,0.3984375,0.0009765625,2,0.0345353088617,0.966490249242,0.0242529076529,0.00423858586328,0.00381048092471,2.78048623984e-06,0.000695562033474,0.000169482518328,6.83368943641e-05,0.000139252769862,6.5012625289e-07,-1.86942856265,-1.17939089705,材料1|90|三角波|55|-9,61194.3102064,near-shape-v1:0.02:89B17ECBBD02841ACF30689F5139FB7C6C97902B7413BB83A39AFF001BA0332C,0.02,4,4,1524896.92616,q4-hgb-amplitude_and_condition-fold-4,1469764.64781,q4-hgb-amplitude_and_condition-full,True,附件一（训练集）.xlsx|材料1|3167,3,3,材料1|三角波|90|fq3|bq3,0.0368245093307,0.0368506034978,0.0995572085612,0.117891287822,True,True,True,True,True,True,True,True,310,1,False,False
附件一（训练集）.xlsx|材料2|1557,附件一（训练集）.xlsx,材料2,1557,C16AEE712BC0AD480B5285F17FA7FA57A5E22A1901D4A6ADB0A1EB83ECFB7FFC,材料2,50,50,316450,9894.612693,三角波,2,32552B0968FD4CDFB63DBADFECFBA31B51FE9C8F63582F0CEF550ED7B96C1410,EF8D51F5B6E86A5DA4A4B4621244389954A71C3A2EF5FD9A404A52E536D05291,12.6649205302,-4.49218761148e-11,0.019759562,0.039367143,0.0196835715,0.0114631286427,1.72374947678,0.0114631286427,-0.0178327291,-0.0099186455,-2.674e-05,0.0099131515,0.01789520375,0.000105837,7.68889511719e-05,6.52805e-05,9.79718e-05,9.840075e-05,0.078734286,0.291185180562,-0.452985096101,-0.251952382094,-0.000679245508828,0.251812826369,0.45457207283,0.00475864131309,-1.19988340365,1.7237494807,0.00268846027257,0.001953125,0.00165824835193,0.00248866929459,0.0024995654371,2,0.400390625,0.599609375,0.0009765625,2,0.0343478626895,0.966642018007,0.023826197452,0.00440793964455,0.00384023702777,9.50747888617e-07,0.000732540856739,0.000165881340807,8.05652842794e-05,0.000147587101264,1.8784906112e-07,-3.9241177529,-3.2348237446,材料2|50|三角波|55|-18,6252.9133949,near-shape-v1:0.02:EB74E1FECE83C267084E44141A9A75348D1DCAFC58DED339A4460E859A448586,0.02,1,0,8938.22496322,q4-hgb-amplitude_and_condition-fold-0,9810.6615312,q4-hgb-amplitude_and_condition-full,True,附件一（训练集）.xlsx|材料2|1557,3,0,材料2|三角波|50|fq3|bq0,0.0931227381326,0.101642604317,0.0878343505474,0.105646065075,False,True,True,False,False,False,False,True,314,1,False,False
附件一（训练集）.xlsx|材料1|762,附件一（训练集）.xlsx,材料1,762,C16AEE712BC0AD480B5285F17FA7FA57A5E22A1901D4A6ADB0A1EB83ECFB7FFC,材料1,70,70,251170,6931.464415,正弦波,1,E565146E1E3F04F2FE8B34D58C9DBF172176D059DE71CD245C019C9F0C78584D,EFBAAD001CC3C042C627228412E01D3FF30B0B906B8FFD4B30B7347AB1213AA8,12.4338852797,2.24609376237e-11,0.021804938,0.043594502,0.021797251,0.0154551713347,1.41085061614,0.0154551713347,-0.02155348225,-0.01547178325,6.7e-06,0.015456477,0.02154323625,0.000134856,8.51455117188e-05,9.5086e-05,0.0001328489,0.00013399675,0.087189004,0.354521112196,-0.494408269017,-0.354902167995,0.000153688589884,0.35455106191,0.494173238349,-0.000578006558239,-1.50241318021,1.41085061759,0.00309341760573,0.001953125,0.00218114660422,0.00304737739635,0.00307370755147,2,0.498046875,0.501953125,0.0380859375,2,3.33282640285e-06,0.999996637156,1.30851222669e-06,1.50465803849e-06,1.12464703774e-09,3.18483495198e-07,1.25952527218e-09,1.89139627975e-07,1.58286643238e-09,7.92863356063e-09,1.26134415337e-10,-3.82561882108,-3.1328242375,材料1|70|正弦波|53|-17,5476.74627746,near-shape-v1:0.02:996AD645FCB83C71A309B1ECB8CE49B439ABE23826125FF526451F78DE70947B,0.02,2,2,5559.25612724,q4-hgb-amplitude_and_condition-fold-2,6299.2880754,q4-hgb-amplitude_and_condition-full,True,附件一（训练集）.xlsx|材料1|762,2,0,材料1|正弦波|70|fq2|bq0,0.124951185354,0.220571192174,0.10683759986,0.123263615773,False,False,True,False,False,False,True,True,310,1,False,False
附件一（训练集）.xlsx|材料1|930,附件一（训练集）.xlsx,材料1,930,C16AEE712BC0AD480B5285F17FA7FA57A5E22A1901D4A6ADB0A1EB83ECFB7FFC,材料1,90,90,125860,3584.043542,正弦波,1,DE4877DCCC2ECCA24929C423D9DB82F154EE59ACD248A2BD60607148FF100FE2,F01E57A170B1D2E9064D9CABEED1BC1F1159B995E3EB8432041BE3D4154D10F1,11.7429254571,-2.73437505277e-11,0.035217209,0.070397359,0.0351986795,0.0249108790707,1.41372807037,0.0249108790707,-0.03478997105,-0.02489076075,1.53e-05,0.024911546,0.03475913595,0.000217144,0.000137494841797,0.0001533685,0.000213384,0.0002152815,0.140794718,0.353860988886,-0.494194264058,-0.353575206176,0.000217338087126,0.353870463057,0.493756249824,-0.000997185664944,-1.50029916871,1.41372806928,0.00308454753253,0.001953125,0.00217861155843,0.00303113643795,0.00305809057411,2,0.4990234375,0.5009765625,0.0341796875,2,2.3826423134e-06,0.999997604987,2.23613227905e-06,2.96949810371e-08,1.84656884897e-11,5.61880039577e-08,1.47510944932e-09,5.60844459765e-08,4.81084309467e-10,2.55386698424e-09,8.3704820314e-12,-3.3462204238,-2.65359953073,材料1|90|正弦波|50|-15,4432.43792474,near-shape-v1:0.02:E0933306E6D09153300D162DB057182F3F8DD833591CF0446082D025757DD6BB,0.02,4,1,3801.35457238,q4-hgb-amplitude_and_condition-fold-1,3497.04003602,q4-hgb-amplitude_and_condition-full,True,附件一（训练集）.xlsx|材料1|930,1,1,材料1|正弦波|90|fq1|bq1,0.083417677221,0.0588498795705,0.10683759986,0.123263615773,True,True,True,True,True,True,True,True,312,1,False,False
附件一（训练集）.xlsx|材料1|723,附件一（训练集）.xlsx,材料1,723,C16AEE712BC0AD480B5285F17FA7FA57A5E22A1901D4A6ADB0A1EB83ECFB7FFC,材料1,70,70,199500,3901.908918,正弦波,1,A2D0799EB0EBC1B803D2A0E8B64F4ED2963CC7EF55E511EF13B7E06D880A61CC,F3818E9B41C34DC6B5A982E13C871C34164B0211622EA35F0B58F9A49FEF3502,12.2035695153,-5.56640627689e-11,0.022188442,0.044359366,0.022179683,0.0156963357479,1.41360648474,0.0156963357479,-0.0219224642,-0.01568260975,1.02e-05,0.0156955835,0.0219048771,0.000136546,8.66393867187e-05,9.6659e-05,0.0001345245,0.0001357825,0.088718732,0.35384490725,-0.494201475836,-0.353535478716,0.000229941421256,0.353827950464,0.493805009649,-0.000921228408579,-1.50028800688,1.4136064812,0.00307817744735,0.001953125,0.00217899868091,0.00303260646241,0.0030609657496,2,0.4990234375,0.5009765625,0.0341796875,2,1.27168514987e-06,0.999998714865,1.1364809607e-06,2.82816600198e-08,1.1497711093e-09,5.78407893887e-08,1.89367266825e-10,4.51428764229e-08,3.83912536352e-10,1.58070932522e-09,6.33468808077e-10,-3.80818375631,-3.11543140876,材料1|70|正弦波|52|-17,4426.594179,near-shape-v1:0.02:1169EA07786B327B877E4F28E86F502E35A338478FE2DF5713193EAEDB85B7DB,0.02,1,3,3674.33786255,q4-hgb-amplitude_and_condition-fold-3,3747.6996484,q4-hgb-amplitude_and_condition-full,True,附件一（训练集）.xlsx|材料1|723,2,0,材料1|正弦波|70|fq2|bq0,0.0197639555936,0.0600770876915,0.10683759986,0.123263615773,True,True,True,False,False,False,True,True,323,1,False,False
附件一（训练集）.xlsx|材料2|312,附件一（训练集）.xlsx,材料2,312,C16AEE712BC0AD480B5285F17FA7FA57A5E22A1901D4A6ADB0A1EB83ECFB7FFC,材料2,90,90,158500,1699.527739,正弦波,1,AAA59CF46F04CA661C9C03FD4F649CA46A1C1A44E09BCBB4356745CBF85F7E3E,F5511EA8E87CD4EAAA383AFE3379358ECAEEB3101B681CCF527C3C34573D7F45,11.9735098723,-1.00585937149e-10,0.019435836,0.0388502,0.0194251,0.0137542952915,1.41307392259,0.0137542952915,-0.0192081251,-0.01374966875,7.55e-06,0.0137649615,0.01918760315,0.000119866,7.5879296875e-05,8.4547e-05,0.0001176104,0.0001185713,0.0777004,0.35403409227,-0.494415086651,-0.353915002996,0.000194338782965,0.354308641927,0.493886859027,-0.000908452976049,-1.50049945842,1.41307391528,0.00308533804202,0.001953125,0.00217623075299,0.00302727913885,0.00305201260225,2,0.498046875,0.501953125,0.0361328125,2,1.43089746293e-06,0.999998549497,8.91064094743e-07,7.15987688964e-08,2.46822765245e-09,4.42180709201e-07,7.87328262358e-10,4.46162488039e-10,9.57569422393e-10,1.74062207039e-08,3.98630603715e-09,-3.94063670042,-3.24804205418,材料2|90|正弦波|52|-18,3080.580006,near-shape-v1:0.02:5FABFA693D468A1F0AA430A5382A4CD0B6F9852E548384491840512802EC18D8,0.02,0,1,1368.66563773,q4-hgb-amplitude_and_condition-fold-1,1636.17705801,q4-hgb-amplitude_and_condition-full,True,附件一（训练集）.xlsx|材料2|312,1,0,材料2|正弦波|90|fq1|bq0,0.178406802594,0.216371987592,0.104291900272,0.124780990562,False,False,True,False,False,False,False,True,323,1,False,False
附件一（训练集）.xlsx|材料1|1053,附件一（训练集）.xlsx,材料1,1053,C16AEE712BC0AD480B5285F17FA7FA57A5E22A1901D4A6ADB0A1EB83ECFB7FFC,材料1,90,90,281850,163416.7829,正弦波,1,8223CDA2FCA0A1306E2E4B31A4FC628CCF4DF6318584E459FD606ABDABD8F37C,F609053633D7E5C8C7DAA88EFC46E9D3BB49E1466A86A1181C985E0AE529C33D,12.5491302935,-8.78906669666e-12,0.07816334,0.156081235,0.0780406175,0.0552125134256,1.41568161184,0.0552125134256,-0.0772143718,-0.05512637375,0.0001299225,0.05516214175,0.076988497,0.000482682,0.000304846162109,0.0003397455,0.00047261,0.0004762933,0.31216247,0.353742161417,-0.49470630977,-0.353190271343,0.000832403131543,0.353419434173,0.493259148089,-0.00334484457022,-1.49972279664,1.41568161168,0.00309250500228,0.001953125,0.00217672226902,0.00302797450315,0.00305157311191,2,0.4970703125,0.5029296875,0.0341796875,2,1.72854000082e-05,0.999982705042,1.71688438915e-05,1.76866243699e-08,2.79352145628e-10,5.34352211796e-08,2.57098089328e-10,4.30743455502e-08,3.04535497637e-10,1.13536274285e-09,8.46268621289e-11,-2.5489545393,-1.85737867009,材料1|90|正弦波|54|-12,22030.337379,near-shape-v1:0.02:1BC99913C243173EB97359520325C696FCDBB41C19178A3FD0113B2572A971E7,0.02,0,0,151934.51444,q4-hgb-amplitude_and_condition-fold-0,167001.64812,q4-hgb-amplitude_and_condition-full,True,附件一（训练集）.xlsx|材料1|1053,3,2,材料1|正弦波|90|fq3|bq2,0.0945534855743,0.0728538232589,0.10683759986,0.123263615773,True,True,True,False,True,False,True,True,315,1,False,False
附件一（训练集）.xlsx|材料1|998,附件一（训练集）.xlsx,材料1,998,C16AEE712BC0AD480B5285F17FA7FA57A5E22A1901D4A6ADB0A1EB83ECFB7FFC,材料1,90,90,199500,3068.389033,正弦波,1,1624FF4DEDB7785C16749E4CF79EC97794ED3B5D0ECD1021555BAF202609751A,FB054D7F49A5919A9AC98571B49FB8A3B783D1542B4ED65E4DF7BC0D7C7ED4E8,12.2035695153,-7.81250064641e-12,0.019743763,0.039476853,0.0197384265,0.0139714654086,1.41314904504,0.0139714654086,-0.0195058865,-0.01397342125,4.885e-06,0.013974306,0.01949897055,0.000121465,7.71032285156e-05,8.5773e-05,0.0001195921,0.00012075965,0.078953706,0.353915379441,-0.494109459338,-0.353964923247,0.000123743597609,0.353987335511,0.49393426973,-0.000531046863915,-1.50022367828,1.41314904448,0.00307686633481,0.001953125,0.002172741581,0.00302942334335,0.00305899890247,2,0.4990234375,0.5009765625,0.03515625,2,7.41812278148e-07,0.999999239366,4.43373432661e-07,1.29525321846e-08,2.44004747556e-10,2.60484777614e-07,1.18385312169e-09,2.22801810274e-08,3.85494247248e-10,5.72333263315e-10,3.35105034336e-10,-3.92491763498,-3.23204077884,材料1|90|正弦波|52|-18,3938.8807185,near-shape-v1:0.02:FFF342F2475B8DA2670FCC5E1FCE59E9238907C5942EB272E1E1181B4CA5944F,0.02,2,0,3095.67799111,q4-hgb-amplitude_and_condition-fold-0,3101.75685191,q4-hgb-amplitude_and_condition-full,True,附件一（训练集）.xlsx|材料1|998,2,0,材料1|正弦波|90|fq2|bq0,0.00196110223017,0.00885139138796,0.10683759986,0.123263615773,True,True,True,False,False,False,True,True,325,1,False,False
附件一（训练集）.xlsx|材料1|3137,附件一（训练集）.xlsx,材料1,3137,C16AEE712BC0AD480B5285F17FA7FA57A5E22A1901D4A6ADB0A1EB83ECFB7FFC,材料1,90,90,354610,2870960.371,三角波,2,50CA24E966008E1603F627DD89674DF74D2519A82D633A539C63D3145974D1CA,FB87B3AAF88282FAA03708C6CB1C7BF99F870005BA58504F6D8EFF780DF8DEDE,12.778773873,1.56249943539e-11,0.218300319,0.435202175,0.2176010875,0.127485978649,1.71234767394,0.127485978649,-0.19845658445,-0.11043977875,-8.57115e-05,0.11025437725,0.19892079855,0.001147193,0.000850004248047,0.0007191845,0.0010909128,0.00109551395,0.87040435,0.29293506782,-0.456010093391,-0.253766605752,-0.000196946432138,0.253340593333,0.457076756416,0.00237083047816,-1.20320329901,1.71234767382,0.00263600015326,0.001953125,0.00165252965475,0.00250668048706,0.00251725292963,2,0.3984375,0.6015625,0,2,0.0347883011702,0.966253478804,0.0245551148767,0.00414091025554,0.00383986296149,5.0924197294e-06,0.000688308045593,0.000177812011663,6.46814448316e-05,0.000141412844668,1.12216716554e-06,-1.52188355414,-0.831944585751,材料1|90|三角波|55|-7,77411.4761206,near-shape-v1:0.02:00760B9433476E7BEB55097FEF5244B5DC96752F11FE2278C2A4DE884611FF3A,0.02,3,2,2590285.93541,q4-hgb-amplitude_and_condition-fold-2,2702327.50335,q4-hgb-amplitude_and_condition-full,True,附件一（训练集）.xlsx|材料1|3137,3,3,材料1|三角波|90|fq3|bq3,0.04234515455,0.102878290707,0.0995572085612,0.117891287822,True,True,True,False,False,False,True,True,308,1,False,False
附件一（训练集）.xlsx|材料2|2013,附件一（训练集）.xlsx,材料2,2013,C16AEE712BC0AD480B5285F17FA7FA57A5E22A1901D4A6ADB0A1EB83ECFB7FFC,材料2,90,90,199170,9300.337035,三角波,2,2545AB40403D34126CA9C8A3597C8BC17359EF77FDA57807FA72E347CAC675D4,FC7C59EF53511377B750A2B801A7446144FB3325E48F1A349208D6E02937271B,12.2019140104,-4.3945313534e-11,0.031380002,0.062522868,0.031261434,0.0181611274612,1.72786640406,0.0181611274612,-0.02824664035,-0.01572611025,-5.06e-05,0.01569316175,0.0283836451,0.000166787,0.000122114976563,0.0001038085,0.0001555737,0.00015641995,0.125045736,0.290471759248,-0.451780943671,-0.251525733049,-0.000809303182552,0.250998751272,0.453972219316,0.00584386162594,-1.19807065461,1.72786640648,0.00266761595133,0.001953125,0.00166032850572,0.00248826877232,0.00250180382,2,0.3984375,0.6015625,0.001953125,2,0.0346742046375,0.966328271384,0.0240663249864,0.00441547981156,0.00388132715721,1.38317862765e-06,0.000738270627455,0.000171632118382,8.03270916699e-05,0.000151608792694,3.10464973085e-07,-3.46158446794,-2.77222290116,材料2|90|三角波|52|-16,6249.95499834,near-shape-v1:0.02:60E7B66EE759E71D266866BD34A6201B661216080C9AAEC2B2264B5D4CF998BE,0.02,3,4,8751.54866516,q4-hgb-amplitude_and_condition-fold-4,9051.30681413,q4-hgb-amplitude_and_condition-full,True,附件一（训练集）.xlsx|材料2|2013,2,1,材料2|三角波|90|fq2|bq1,0.033674687845,0.0608132230548,0.0878343505474,0.105646065075,True,True,True,True,False,True,False,True,304,1,False,False
附件一（训练集）.xlsx|材料1|977,附件一（训练集）.xlsx,材料1,977,C16AEE712BC0AD480B5285F17FA7FA57A5E22A1901D4A6ADB0A1EB83ECFB7FFC,材料1,90,90,177820,1367.287888,正弦波,1,95612275F5296FE72D35724899CFA6D93EC780CE02A6CCC741BBF0E365D3C0F7,FD60910D3099264075CD7F486AE58ECCC50E3BA2436BCE1C0A2108EBA3DE0216,12.0885270817,1.02539062311e-10,0.015536288,0.031067486,0.015533743,0.0110087680685,1.41126490297,0.0110087680685,-0.01535440805,-0.01101909425,2.175e-06,0.01101594425,0.0153521781,9.613e-05,6.06786835938e-05,6.7138e-05,9.45485e-05,9.53991e-05,0.062134972,0.354350141768,-0.494227571312,-0.35468252412,7.00055827156e-05,0.354581125343,0.494155787097,-0.000354502703835,-1.50240260913,1.41126491229,0.00309423169934,0.001953125,0.00216103742672,0.00304332638953,0.00307070549577,2,0.4990234375,0.5009765625,0.0361328125,2,2.21388024451e-06,0.999997770166,5.30974449823e-07,1.46613121768e-06,2.03212729019e-09,1.46362882693e-07,4.32138395824e-11,2.42434990557e-08,7.40369713364e-10,4.23609992952e-08,9.86548532588e-10,-4.16457683001,-3.47159347292,材料1|90|正弦波|52|-19,2762.66273216,near-shape-v1:0.02:01CB4AD90FB2D86895091A9AB9C46C674F7AE681624B81C2845F9F847152051F,0.02,1,4,1189.51208479,q4-hgb-amplitude_and_condition-fold-4,1285.78688345,q4-hgb-amplitude_and_condition-full,True,附件一（训练集）.xlsx|材料1|977,2,0,材料1|正弦波|90|fq2|bq0,0.0777647852634,0.139176703591,0.10683759986,0.123263615773,True,False,True,False,False,False,True,True,312,1,False,False
附件一（训练集）.xlsx|材料2|813,附件一（训练集）.xlsx,材料2,813,C16AEE712BC0AD480B5285F17FA7FA57A5E22A1901D4A6ADB0A1EB83ECFB7FFC,材料2,90,90,158500,1699.527739,正弦波,1,11179A2A7D68CD8F5E6FDD221123C60F3EAEFC6055742F8DB08432AF6C56DAC9,FD8A42F69235B0DD73CEF9298C25D08FED4208903E2CC88C6D53D3708271E960,11.9735098723,-1.00585937149e-10,0.019435836,0.0388502,0.0194251,0.0137542952915,1.41307392259,0.0137542952915,-0.0192081251,-0.01374966875,7.55e-06,0.0137649615,0.01918760315,0.000119866,7.5879296875e-05,8.4547e-05,0.0001176104,0.0001185713,0.0777004,0.35403409227,-0.494415086651,-0.353915002996,0.000194338782965,0.354308641927,0.493886859027,-0.000908452976049,-1.50049945842,1.41307391528,0.00308533804202,0.001953125,0.00217623075299,0.00302727913885,0.00305201260225,2,0.498046875,0.501953125,0.0361328125,2,1.43089746293e-06,0.999998549497,8.91064094743e-07,7.15987688964e-08,2.46822765245e-09,4.42180709201e-07,7.87328262358e-10,4.46162488038e-10,9.57569422393e-10,1.74062207039e-08,3.98630603715e-09,-3.94063670042,-3.24804205418,材料2|90|正弦波|52|-18,3080.580006,near-shape-v1:0.02:5FABFA693D468A1F0AA430A5382A4CD0B6F9852E548384491840512802EC18D8,0.02,0,1,1368.66563773,q4-hgb-amplitude_and_condition-fold-1,1636.17705801,q4-hgb-amplitude_and_condition-full,True,附件一（训练集）.xlsx|材料2|813,1,0,材料2|正弦波|90|fq1|bq0,0.178406802594,0.216371987592,0.104291900272,0.124780990562,False,False,True,False,False,False,False,True,323,1,False,False
附件一（训练集）.xlsx|材料1|983,附件一（训练集）.xlsx,材料1,983,C16AEE712BC0AD480B5285F17FA7FA57A5E22A1901D4A6ADB0A1EB83ECFB7FFC,材料1,90,90,177820,6152.055794,正弦波,1,92B01516C4ED7463B195CA35B8E1A5F91112BFA7E7B34436C2B060AC88F03E43,FFFCAE66C59CEF13AE756BBE8EFD30DC90032E1175F95A06EC10DF7EBCAEC9A3,12.0885270817,4.88280943456e-12,0.030997304,0.061963954,0.030981977,0.0219674539766,1.41105582982,0.0219674539766,-0.0306468136,-0.0219875665,1.4095e-05,0.02197183725,0.0306224825,0.000191953,0.000121023347656,0.000135223,0.0001886012,0.00019044135,0.123927908,0.354519887104,-0.494590994062,-0.354844471431,0.000227470879557,0.35459062611,0.494198328517,-0.00112346051434,-1.50239238433,1.41105583004,0.00309781715996,0.001953125,0.0021822848813,0.00304372442081,0.00307342152504,2,0.4990234375,0.5009765625,0.0390625,2,3.51631585296e-06,0.999996453428,1.54174122406e-06,1.45698830739e-06,2.09897612187e-09,3.0364890002e-07,2.5158461346e-09,1.9671604941e-07,1.19205195145e-09,1.07675706801e-08,6.34456322013e-10,-3.47385504602,-2.7812024501,材料1|90|正弦波|52|-16,5511.94059728,near-shape-v1:0.02:593A496289F4162347384FBD3DB9F6A72897781F3ECF25E762A0BB54D93AF268,0.02,1,2,5637.03472442,q4-hgb-amplitude_and_condition-fold-2,5904.23780326,q4-hgb-amplitude_and_condition-full,True,附件一（训练集）.xlsx|材料1|983,2,1,材料1|正弦波|90|fq2|bq1,0.0463041686783,0.08741328382,0.10683759986,0.123263615773,True,True,True,True,False,True,True,True,314,1,False,False
